accelX,accelY,accelZ,gyroX,gyroY,gyroZ,pitch,roll
0.01,0.06,1.04,-0.18,0.06,-0.03,0.33,3.31
0.03,0.05,1.04,-0.15,0.05,-0.02,1.42,2.84
0.05,0.04,1.04,-0.14,0.05,-0.02,2.56,2.36
0.06,0.03,1.04,-0.13,0.03,-0.01,3.38,1.76
0.08,0.02,1.04,-0.12,0.02,-0.03,4.31,0.94
0.1,0.0,1.03,-0.13,-0.0,-0.04,5.31,0.22
0.1,0.0,1.03,-0.16,0.02,-0.05,5.54,0.21
0.11,-0.0,1.02,-0.17,0.02,-0.07,6.28,-0.17
0.11,-0.0,1.02,-0.19,-0.0,-0.06,6.23,-0.13
0.1,0.0,1.01,-0.23,0.01,-0.07,5.72,0.01
0.09,0.01,1.02,-0.26,0.02,-0.06,5.09,0.49
0.08,0.01,1.01,-0.26,0.01,-0.05,4.65,0.58
0.06,0.01,1.01,-0.27,-0.0,-0.05,3.51,0.82
0.05,0.01,1.02,-0.29,0.01,-0.06,2.64,0.78
0.03,0.02,1.02,-0.28,-0.01,-0.05,1.61,1.14
0.01,0.03,1.03,-0.28,0.01,-0.03,0.6,1.87
-0.01,0.04,1.04,-0.24,-0.02,-0.01,-0.49,2.48
-0.02,0.05,1.04,-0.22,-0.01,-0.02,-1.13,2.52
-0.02,0.04,1.04,-0.18,-0.0,-0.0,-0.88,2.44
-0.02,0.04,1.04,-0.15,-0.02,0.01,-1.03,2.2
-0.01,0.05,1.03,-0.12,-0.03,0.02,-0.58,2.5
-0.01,0.05,1.03,-0.09,-0.02,0.03,-0.63,2.85
-0.0,0.07,1.01,-0.08,-0.01,0.04,-0.09,3.68
0.01,0.08,1.02,-0.04,-0.01,0.06,0.4,4.2
0.02,0.08,1.03,-0.02,-0.02,0.09,1.21,4.43
0.04,0.07,1.04,0.06,0.13,-0.05,2.28,3.73
0.05,0.07,1.05,0.02,0.0,0.09,2.92,3.61
0.08,0.06,1.07,0.04,-0.01,0.09,4.45,3.23
0.1,0.06,1.09,0.03,-0.04,0.06,5.09,3.31
0.12,0.06,1.09,0.07,-0.03,0.04,6.07,3.18
0.14,0.05,1.08,0.08,0.01,0.01,7.46,2.63
0.18,0.03,1.07,0.06,0.0,0.0,9.35,1.61
0.18,0.01,1.07,0.04,0.0,-0.03,9.51,0.5
0.19,-0.02,1.06,-0.0,-0.01,-0.04,10.2,-0.8
0.19,-0.03,1.06,-0.05,-0.0,-0.06,9.96,-1.48
0.18,-0.03,1.05,-0.1,0.01,-0.08,9.88,-1.45
0.17,-0.05,1.04,-0.17,0.02,-0.08,9.5,-2.54
0.15,-0.04,1.04,-0.21,0.02,-0.1,8.33,-2.14
0.12,-0.03,1.05,-0.27,0.01,-0.11,6.76,-1.77
0.1,-0.02,1.06,-0.29,0.01,-0.1,5.47,-1.25
0.06,-0.01,1.06,-0.3,-0.02,-0.09,3.45,-0.64
0.04,-0.0,1.07,-0.29,-0.03,-0.08,2.1,-0.27
0.02,-0.01,1.08,-0.28,-0.03,-0.08,1.16,-0.44
0.01,-0.01,1.08,-0.26,-0.06,-0.07,0.43,-0.61
-0.0,-0.01,1.08,-0.23,-0.07,-0.07,-0.17,-0.34
-0.01,0.0,1.1,-0.2,-0.1,-0.05,-0.66,0.04
-0.01,0.01,1.11,-0.18,-0.1,-0.06,-0.51,0.35
-0.01,0.01,1.11,-0.17,-0.09,-0.05,-0.51,0.43
-0.0,0.01,1.11,-0.15,-0.09,-0.04,-0.24,0.68
0.02,0.01,1.1,-0.13,-0.09,-0.04,0.92,0.76
0.03,0.02,1.1,-0.14,-0.06,-0.05,1.31,1.09
0.05,0.02,1.09,-0.16,-0.04,-0.04,2.39,1.01
0.06,0.02,1.1,-0.16,-0.04,-0.04,3.05,1.06
0.07,0.02,1.1,-0.16,-0.03,-0.04,3.47,0.79
0.08,0.01,1.1,-0.2,-0.02,-0.05,3.96,0.31
0.09,0.01,1.08,-0.18,0.14,-0.23,4.49,0.32
0.08,0.01,1.07,-0.27,0.02,-0.07,4.51,0.32
0.08,0.01,1.06,-0.3,0.02,-0.08,4.09,0.7
0.07,0.02,1.05,-0.33,0.04,-0.09,3.59,1.32
0.05,0.04,1.06,-0.36,0.06,-0.09,2.7,2.2
0.03,0.05,1.06,-0.35,0.06,-0.08,1.83,2.69
0.02,0.06,1.07,-0.35,0.05,-0.07,1.04,3.07
0.01,0.06,1.08,-0.31,0.07,-0.07,0.59,3.37
0.01,0.07,1.09,-0.29,0.09,-0.06,0.57,3.67
0.01,0.07,1.09,-0.26,0.07,-0.07,0.69,3.65
0.02,0.06,1.09,-0.22,0.08,-0.07,0.87,3.08
0.03,0.04,1.09,-0.19,0.07,-0.07,1.33,2.28
0.04,0.04,1.08,-0.17,0.07,-0.07,2.08,2.01
0.05,0.03,1.06,-0.17,0.08,-0.07,2.73,1.49
0.07,0.02,1.05,-0.15,0.07,-0.08,3.57,1.03
0.07,0.02,1.04,-0.16,0.06,-0.06,3.96,1.28
0.08,0.01,1.05,-0.16,0.07,-0.06,4.19,0.8
0.09,-0.0,1.06,-0.17,0.05,-0.05,5.07,-0.11
0.1,-0.02,1.05,-0.17,0.03,-0.06,5.22,-0.86
0.1,-0.01,1.04,-0.18,0.03,-0.08,5.33,-0.82
0.09,-0.01,1.03,-0.2,0.03,-0.08,4.74,-0.61
0.07,-0.0,1.03,-0.23,0.03,-0.09,4.05,-0.24
0.05,0.01,1.03,-0.23,0.01,-0.08,2.75,0.63
0.03,0.02,1.03,-0.23,-0.01,-0.07,1.48,1.14
0.0,0.04,1.03,-0.23,-0.0,-0.07,0.22,2.04
-0.02,0.06,1.04,-0.19,-0.03,-0.05,-0.91,3.21
-0.03,0.07,1.07,-0.15,-0.05,-0.04,-1.63,3.95
-0.04,0.08,1.07,-0.11,-0.07,-0.02,-2.27,4.34
-0.04,0.09,1.09,-0.08,-0.06,-0.01,-2.34,4.76
-0.05,0.1,1.1,-0.02,-0.06,0.01,-2.42,5.02
-0.03,0.09,1.11,0.02,-0.05,0.03,-1.61,4.84
-0.03,0.1,1.11,0.08,-0.05,0.05,-1.36,4.9
-0.01,0.1,1.11,0.1,-0.02,0.04,-0.67,4.94
-0.0,0.1,1.11,0.12,-0.02,0.05,-0.08,5.01
0.0,0.09,1.11,0.14,-0.02,0.05,0.18,4.88
0.02,0.07,1.11,0.16,-0.03,0.06,0.91,3.86
0.02,0.08,1.12,0.16,-0.0,0.06,0.84,4.11
0.03,0.07,1.12,0.18,0.0,0.06,1.36,3.65
0.03,0.06,1.12,0.2,-0.0,0.07,1.41,3.28
0.03,0.07,1.12,0.21,-0.01,0.07,1.45,3.33
0.02,0.07,1.13,0.22,-0.0,0.08,1.04,3.33
0.02,0.06,1.14,0.25,0.01,0.08,1.17,3.21
0.03,0.06,1.13,0.26,-0.0,0.08,1.4,2.91
0.03,0.06,1.12,0.29,-0.01,0.06,1.72,3.02
0.05,0.06,1.11,0.29,0.01,0.05,2.56,2.87
0.07,0.05,1.11,0.29,0.02,0.06,3.53,2.34
0.08,0.03,1.09,0.25,-0.02,0.09,4.38,1.58
0.1,0.02,1.08,0.25,0.0,0.06,5.27,1.16
0.11,0.01,1.08,0.23,0.03,0.02,5.74,0.4
0.1,0.02,1.08,0.19,0.03,0.01,5.5,1.01
0.11,0.02,1.06,0.17,0.02,0.0,5.74,0.83
0.1,0.01,1.07,0.12,0.02,-0.01,5.28,0.78
0.09,0.03,1.07,0.1,0.03,-0.02,5.06,1.36
0.08,0.03,1.07,0.06,0.06,-0.02,4.14,1.35
0.06,0.03,1.08,0.04,0.05,-0.02,3.42,1.69
0.04,0.05,1.08,0.04,0.05,-0.02,2.12,2.47
0.03,0.05,1.08,0.04,0.06,-0.03,1.51,2.63
0.02,0.06,1.08,0.06,0.07,-0.02,1.03,3.06
-0.01,0.07,1.07,0.06,0.05,-0.01,-0.36,3.83
-0.01,0.07,1.08,0.09,0.04,-0.01,-0.36,3.86
-0.02,0.08,1.1,0.12,0.04,-0.0,-0.99,4.4
-0.02,0.1,1.12,0.16,0.03,-0.0,-1.12,4.92
-0.02,0.1,1.13,0.21,0.02,0.01,-1.06,4.91
-0.0,0.08,1.13,0.24,0.03,0.01,-0.13,4.28
0.01,0.07,1.12,0.27,0.04,-0.0,0.74,3.48
0.04,0.05,1.11,0.28,0.06,-0.01,1.97,2.69
0.07,0.04,1.1,0.26,0.08,-0.03,3.4,2.11
0.09,0.03,1.07,0.26,0.08,-0.03,4.54,1.34
0.11,0.02,1.05,0.23,0.09,-0.03,5.83,1.08
0.12,0.0,1.02,0.18,0.1,-0.03,6.87,0.22
0.13,-0.0,1.02,0.19,0.26,-0.16,7.19,-0.14
0.13,-0.0,1.02,0.06,0.13,-0.04,7.22,-0.03
0.13,-0.0,1.01,0.01,0.12,-0.04,7.13,-0.03
0.11,0.01,1.03,-0.02,0.13,-0.04,6.26,0.6
0.11,0.01,1.04,-0.06,0.14,-0.05,6.25,0.47
0.12,0.01,1.07,-0.1,0.14,-0.04,6.44,0.36
0.11,0.0,1.05,-0.11,0.14,-0.06,6.16,0.17
0.12,-0.0,1.04,-0.14,0.16,-0.08,6.36,-0.06
0.1,0.01,1.04,-0.17,0.16,-0.09,5.37,0.39
0.07,0.02,1.04,-0.17,0.14,-0.1,3.98,1.27
0.05,0.03,1.04,-0.17,0.11,-0.09,2.89,1.73
0.03,0.04,1.05,-0.16,0.09,-0.09,1.87,2.37
0.03,0.03,1.06,-0.13,0.07,-0.08,1.4,1.83
0.01,0.04,1.07,-0.09,0.04,-0.07,0.68,2.25
-0.0,0.05,1.08,-0.04,-0.01,-0.06,-0.13,2.72
-0.02,0.06,1.1,0.02,-0.02,-0.07,-1.09,3.26
-0.03,0.08,1.11,0.08,-0.05,-0.06,-1.34,4.17
-0.02,0.08,1.11,0.15,-0.06,-0.06,-1.01,4.29
-0.01,0.08,1.11,0.22,-0.08,-0.05,-0.28,4.33
0.01,0.08,1.1,0.26,-0.08,-0.04,0.35,4.0
0.02,0.07,1.11,0.3,-0.09,-0.03,0.97,3.56
0.04,0.06,1.11,0.32,-0.07,-0.02,2.04,3.27
0.07,0.05,1.1,0.34,-0.07,-0.02,3.81,2.54
0.12,0.02,1.07,0.33,-0.03,-0.04,6.46,0.83
0.16,-0.01,1.02,0.29,-0.01,-0.05,9.04,-0.44
0.2,-0.04,0.99,0.23,-0.0,-0.06,11.19,-2.07
0.21,-0.03,0.97,0.14,-0.01,-0.06,11.93,-1.66
0.2,-0.02,0.97,0.06,0.0,-0.05,11.67,-0.94
0.19,-0.0,0.98,-0.02,0.01,-0.06,11.1,-0.18
0.19,0.01,0.98,-0.08,0.01,-0.06,10.9,0.79
0.19,0.02,0.99,-0.13,0.01,-0.07,10.99,1.29
0.19,0.03,0.98,-0.18,-0.0,-0.07,11.06,1.53
0.19,0.03,1.0,-0.24,-0.0,-0.08,10.74,1.89
0.18,0.04,1.02,-0.3,0.0,-0.09,9.96,2.11
0.17,0.04,1.04,-0.34,0.0,-0.12,9.13,2.34
0.15,0.04,1.05,-0.39,0.0,-0.13,8.16,2.28
0.13,0.05,1.06,-0.44,0.05,-0.16,7.25,2.65
0.12,0.05,1.06,-0.5,0.09,-0.17,6.53,2.55
0.09,0.06,1.07,-0.54,0.11,-0.17,5.05,3.21
0.06,0.07,1.08,-0.57,0.13,-0.18,3.33,3.63
0.03,0.07,1.07,-0.59,0.15,-0.18,1.85,3.98
0.0,0.08,1.08,-0.61,0.18,-0.18,0.15,4.23
-0.03,0.09,1.08,-0.58,0.17,-0.17,-1.71,4.96
-0.04,0.1,1.08,-0.55,0.16,-0.13,-2.33,5.13
-0.06,0.1,1.08,-0.55,0.14,-0.11,-3.19,5.17
-0.06,0.1,1.09,-0.52,0.11,-0.07,-3.4,5.2
-0.08,0.1,1.11,-0.49,0.07,-0.04,-3.93,5.12
-0.08,0.12,1.13,-0.46,0.04,-0.01,-4.15,5.91
-0.06,0.14,1.17,-0.44,0.03,0.02,-3.08,6.85
-0.04,0.14,1.21,-0.43,0.0,0.04,-1.81,6.79
-0.02,0.16,1.26,-0.41,-0.05,0.04,-0.81,7.38
0.01,0.18,1.31,-0.4,-0.1,0.03,0.58,7.79
0.04,0.21,1.36,-0.43,-0.12,-0.02,1.69,8.6
0.05,0.24,1.38,-0.45,-0.14,-0.06,2.24,9.75
0.09,0.27,1.44,-0.51,-0.14,-0.13,3.55,10.51
0.14,0.31,1.49,-0.57,-0.15,-0.15,5.37,11.57
0.17,0.34,1.56,-0.67,-0.08,-0.2,6.15,12.17
0.21,0.35,1.65,-0.81,0.02,-0.26,7.1,11.88
0.23,0.36,1.72,-0.99,0.17,-0.35,7.35,11.59
0.24,0.38,1.81,-1.17,0.36,-0.43,7.33,11.73
0.25,0.4,1.88,-1.4,0.59,-0.51,7.39,12.0
0.24,0.48,1.94,-1.64,0.85,-0.57,6.95,13.74
0.2,0.49,2.05,-1.88,1.14,-0.61,5.53,13.25
0.18,0.48,2.2,-2.12,1.66,-0.89,4.53,12.34
0.15,0.5,2.35,-2.33,1.87,-0.85,3.68,11.96
0.1,0.53,2.45,-2.56,2.28,-0.97,2.32,12.28
0.06,0.55,2.48,-2.78,2.67,-1.08,1.4,12.57
0.01,0.51,2.52,-2.95,3.05,-1.16,0.19,11.44
-0.06,0.42,2.51,-3.13,3.42,-1.27,-1.38,9.44
-0.13,0.38,2.45,-3.3,3.87,-1.35,-3.01,8.89
-0.19,0.36,2.39,-3.37,4.3,-1.36,-4.6,8.57
-0.28,0.33,2.32,-3.42,4.34,-1.33,-6.77,7.99
-0.38,0.27,2.28,-3.37,4.34,-1.28,-9.33,6.76
-0.48,0.22,2.25,-3.22,4.34,-1.21,-11.86,5.42
-0.56,0.24,2.18,-2.96,4.34,-1.13,-14.27,5.98
-0.63,0.27,2.11,-2.63,4.34,-0.98,-16.51,7.05
-0.7,0.23,2.09,-2.24,4.34,-0.79,-18.36,6.0
-0.73,0.17,2.1,-1.82,4.34,-0.57,-19.2,4.43
-0.72,0.1,2.13,-1.33,4.34,-0.33,-18.71,2.46
-0.68,0.01,2.17,-0.87,4.34,-0.13,-17.35,0.36
-0.63,-0.07,2.21,-0.39,4.34,0.05,-15.97,-1.81
-0.57,-0.17,2.25,0.03,4.34,0.23,-14.14,-4.22
-0.48,-0.29,2.3,0.4,4.34,0.37,-11.66,-7.03
-0.37,-0.41,2.35,0.72,4.34,0.47,-8.86,-9.7
-0.26,-0.55,2.41,0.98,4.34,0.52,-6.07,-12.7
-0.16,-0.69,2.45,1.18,4.34,0.52,-3.62,-15.66
-0.09,-0.8,2.48,1.36,4.34,0.49,-1.92,-17.83
-0.02,-0.86,2.47,1.53,4.34,0.38,-0.49,-19.2
0.06,-0.94,2.48,1.53,4.34,0.42,1.31,-20.73
0.13,-1.0,2.44,1.51,4.34,0.4,2.8,-22.21
0.18,-1.08,2.3,1.46,4.34,0.38,4.03,-25.16
0.2,-1.13,2.14,1.38,4.34,0.37,4.61,-27.71
0.21,-1.14,1.98,1.33,4.34,0.35,5.22,-29.74
0.23,-1.14,1.82,1.28,4.34,0.37,6.24,-31.88
0.3,-1.19,1.67,1.18,4.34,0.41,8.39,-35.11
0.36,-1.28,1.55,1.1,4.34,0.42,10.11,-38.84
0.39,-1.37,1.45,1.02,4.34,0.4,10.94,-42.52
0.42,-1.43,1.36,0.97,4.34,0.33,12.01,-45.06
0.41,-1.44,1.26,0.95,4.34,0.25,12.02,-47.41
0.37,-1.42,1.15,0.98,4.34,0.19,11.27,-49.66
0.32,-1.37,1.04,1.02,4.34,0.17,10.67,-51.47
0.3,-1.3,0.9,1.11,4.34,0.2,10.64,-53.77
0.29,-1.26,0.76,1.17,4.34,0.25,11.0,-57.05
0.3,-1.26,0.62,1.23,4.34,0.31,12.22,-61.36
0.3,-1.26,0.47,1.29,4.34,0.34,12.72,-66.07
0.32,-1.25,0.34,1.35,4.34,0.34,13.94,-69.65
0.34,-1.23,0.22,1.39,4.34,0.35,15.0,-71.87
0.36,-1.19,0.1,1.44,4.34,0.36,16.93,-72.46
0.39,-1.12,-0.06,1.66,4.34,0.12,19.28,-70.46
0.42,-1.01,-0.24,1.46,4.34,0.34,22.25,-64.31
0.45,-0.93,-0.4,1.43,4.34,0.32,23.97,-56.89
0.46,-0.86,-0.53,1.31,4.34,0.31,24.65,-50.74
0.48,-0.78,-0.62,1.21,4.34,0.27,25.69,-44.79
0.48,-0.67,-0.68,1.1,4.34,0.23,26.75,-38.76
0.47,-0.55,-0.72,0.97,4.34,0.18,27.22,-32.69
0.46,-0.44,-0.8,0.87,4.34,0.12,26.81,-25.71
0.44,-0.31,-0.83,0.78,4.34,0.05,26.43,-18.46
0.39,-0.17,-0.84,0.67,4.34,0.01,24.44,-10.64
0.32,-0.04,-0.82,0.55,4.34,-0.03,21.31,-2.53
0.27,0.09,-0.78,0.48,4.06,-0.03,18.89,5.98
0.21,0.19,-0.75,0.41,3.76,-0.02,15.52,13.4
0.15,0.26,-0.7,0.36,3.43,0.01,11.61,19.99
0.09,0.31,-0.6,0.34,3.19,0.07,7.8,26.54
0.07,0.35,-0.53,0.33,2.99,0.15,6.13,33.63
0.05,0.36,-0.48,0.36,2.8,0.24,5.07,36.64
0.05,0.39,-0.45,0.4,2.61,0.32,4.82,40.61
0.06,0.39,-0.41,0.43,2.52,0.4,5.6,42.91
0.07,0.36,-0.36,0.48,2.41,0.47,8.34,44.28
0.1,0.33,-0.3,0.56,2.31,0.51,12.72,46.62
0.13,0.31,-0.23,0.68,2.24,0.52,18.78,49.68
0.16,0.3,-0.18,0.83,2.11,0.5,24.31,50.7
0.16,0.3,-0.16,1.0,1.99,0.43,25.53,52.75
0.16,0.37,-0.17,1.18,1.84,0.36,20.91,58.34
0.15,0.47,-0.17,1.33,1.65,0.3,16.56,64.59
0.14,0.58,-0.16,1.42,1.47,0.24,12.79,69.82
0.11,0.65,-0.12,1.5,1.24,0.23,9.7,75.98
0.14,0.67,-0.1,1.54,1.06,0.22,11.97,75.32
0.21,0.7,-0.13,1.57,0.89,0.18,16.18,70.78
0.26,0.77,-0.2,1.5,0.78,0.13,18.3,66.88
0.3,0.87,-0.27,1.36,0.69,0.11,18.31,65.01
0.33,0.97,-0.3,1.12,0.61,0.08,18.1,65.15
0.34,1.0,-0.27,0.84,0.52,0.07,18.32,66.4
0.34,1.01,-0.21,0.54,0.44,0.05,18.26,68.29
0.33,0.97,-0.13,0.24,0.35,0.03,18.54,69.93
0.31,0.91,-0.07,-0.03,0.26,0.01,18.61,70.96
0.27,0.84,0.02,-0.26,0.19,-0.03,17.61,72.35
0.22,0.76,0.12,-0.45,0.13,-0.06,15.93,71.71
0.16,0.7,0.23,-0.62,0.09,-0.07,12.03,68.52
0.07,0.62,0.36,-0.73,0.05,-0.07,5.66,59.4
0.02,0.56,0.44,-0.79,0.02,-0.07,1.28,52.07
-0.04,0.47,0.54,-0.81,0.0,-0.06,-3.36,41.07
-0.09,0.41,0.64,-0.76,-0.01,-0.06,-6.92,32.2
-0.15,0.34,0.74,-0.67,-0.03,-0.05,-10.6,23.9
-0.17,0.31,0.78,-0.55,-0.02,-0.04,-11.57,21.01
-0.2,0.3,0.83,-0.43,-0.02,-0.01,-12.95,19.65
-0.21,0.28,0.87,-0.27,0.0,0.01,-12.86,17.33
-0.21,0.26,0.89,-0.1,-0.01,0.05,-12.83,16.01
-0.19,0.26,0.87,0.07,-0.03,0.05,-11.66,16.42
-0.17,0.29,0.83,0.24,-0.06,0.04,-10.91,18.94
-0.15,0.32,0.79,0.34,-0.08,0.04,-10.16,21.63
-0.11,0.36,0.75,0.43,-0.15,0.02,-7.17,25.23
-0.07,0.37,0.74,0.49,-0.2,-0.01,-4.79,26.55
-0.06,0.4,0.71,0.52,-0.21,-0.04,-4.02,29.35
-0.03,0.46,0.67,0.51,-0.22,-0.07,-1.89,34.5
-0.02,0.52,0.64,0.45,-0.27,-0.09,-1.19,38.96
-0.0,0.56,0.62,0.37,-0.33,-0.11,-0.22,41.83
0.01,0.57,0.63,0.26,-0.38,-0.15,0.4,42.48
-0.0,0.59,0.65,0.13,-0.41,-0.16,-0.04,42.04
-0.02,0.58,0.68,-0.02,-0.42,-0.15,-0.99,40.05
-0.01,0.56,0.7,-0.15,-0.41,-0.13,-0.87,38.84
-0.01,0.53,0.71,-0.29,-0.36,-0.11,-0.59,36.77
-0.02,0.48,0.72,-0.42,-0.32,-0.11,-1.11,33.41
-0.03,0.42,0.78,-0.51,-0.28,-0.11,-1.84,27.92
-0.04,0.36,0.87,-0.57,-0.22,-0.12,-2.23,22.43
-0.06,0.32,0.92,-0.57,-0.19,-0.12,-3.52,19.0
-0.08,0.28,0.94,-0.55,-0.12,-0.13,-4.49,16.51
-0.1,0.26,0.95,-0.49,-0.06,-0.14,-5.6,15.23
-0.12,0.27,0.97,-0.42,-0.03,-0.16,-6.7,15.62
-0.14,0.29,1.02,-0.33,-0.02,-0.15,-7.75,15.66
-0.15,0.31,1.05,-0.24,-0.01,-0.13,-7.95,16.39
-0.15,0.32,1.05,-0.12,-0.02,-0.09,-7.92,16.75
-0.14,0.33,1.04,-0.03,0.0,-0.07,-7.54,17.29
-0.12,0.35,1.0,0.09,-0.01,-0.05,-6.27,19.19
-0.09,0.38,0.96,0.17,-0.01,-0.03,-5.09,21.56
-0.07,0.4,0.92,0.21,-0.02,-0.02,-4.14,23.18
-0.04,0.42,0.89,0.25,-0.04,-0.01,-2.57,25.26
-0.03,0.44,0.86,0.27,-0.07,-0.02,-1.7,27.06
-0.01,0.46,0.81,0.26,-0.07,-0.02,-0.44,29.32
-0.01,0.46,0.79,0.22,-0.08,-0.03,-0.39,30.28
0.01,0.47,0.77,0.16,-0.09,-0.06,0.58,31.55
0.02,0.48,0.75,0.11,-0.1,-0.06,1.47,32.42
0.03,0.49,0.73,0.03,-0.1,-0.08,1.67,33.61
0.02,0.49,0.72,-0.07,-0.1,-0.09,1.42,33.83
0.0,0.48,0.73,-0.14,-0.09,-0.11,0.27,33.48
-0.01,0.47,0.74,-0.23,-0.09,-0.12,-0.76,32.49
-0.02,0.46,0.74,-0.32,-0.06,-0.12,-1.12,32.13
-0.03,0.43,0.78,-0.39,-0.02,-0.12,-2.23,28.88
-0.07,0.41,0.82,-0.45,0.02,-0.12,-4.17,26.62
-0.09,0.41,0.85,-0.48,0.03,-0.09,-5.62,25.59
-0.11,0.41,0.87,-0.49,0.05,-0.06,-6.72,25.15
-0.13,0.4,0.9,-0.49,0.09,-0.03,-7.34,23.7
-0.14,0.37,0.93,-0.46,0.08,-0.0,-8.0,21.73
-0.15,0.34,0.94,-0.38,0.05,0.02,-8.36,19.5
-0.15,0.31,0.97,-0.32,0.02,0.02,-8.31,17.49
-0.15,0.3,0.98,-0.22,0.0,0.01,-8.22,17.07
-0.13,0.31,0.97,-0.15,-0.04,0.02,-7.35,17.4
-0.12,0.31,0.97,-0.06,-0.1,0.02,-6.74,17.64
-0.11,0.34,0.96,-0.01,-0.12,0.03,-6.09,19.06
-0.1,0.34,0.95,0.03,-0.08,0.03,-5.49,19.91
-0.08,0.35,0.94,0.07,-0.09,0.05,-4.51,20.29
-0.06,0.35,0.94,0.08,-0.07,0.05,-3.54,20.21
-0.05,0.34,0.94,0.11,-0.07,0.04,-2.84,19.78
-0.04,0.34,0.92,0.11,-0.05,0.03,-2.15,20.55
-0.04,0.37,0.9,0.13,-0.04,0.01,-2.49,22.57
-0.04,0.39,0.89,0.14,-0.05,0.0,-2.49,23.67
-0.06,0.41,0.88,0.13,-0.05,0.0,-3.7,25.02
-0.07,0.42,0.88,0.09,-0.02,0.01,-4.3,25.56
-0.08,0.44,0.88,0.08,-0.02,0.02,-4.77,26.69
-0.09,0.44,0.88,0.07,-0.01,0.05,-4.98,26.59
-0.09,0.43,0.88,0.06,-0.0,0.07,-5.21,26.1
-0.08,0.44,0.86,0.06,0.02,0.08,-4.96,26.83
-0.09,0.43,0.87,0.04,0.05,0.1,-5.07,26.44
-0.08,0.44,0.86,0.05,0.05,0.12,-4.98,26.73
-0.09,0.43,0.86,0.06,0.04,0.13,-5.4,26.26
-0.09,0.43,0.87,0.09,0.05,0.14,-5.18,26.04
-0.07,0.43,0.85,0.1,0.04,0.13,-4.37,26.42
-0.06,0.41,0.84,0.11,0.02,0.13,-3.96,25.79
-0.06,0.4,0.84,0.13,-0.02,0.12,-3.78,25.67
-0.05,0.41,0.84,0.13,-0.02,0.1,-2.87,26.04
-0.04,0.42,0.83,0.12,-0.03,0.09,-2.46,27.05
-0.04,0.42,0.82,0.09,-0.03,0.09,-2.22,26.94
-0.03,0.42,0.81,0.07,-0.04,0.09,-1.83,27.39
-0.02,0.41,0.82,0.04,-0.01,0.07,-1.38,26.59
-0.02,0.39,0.83,0.02,-0.0,0.06,-1.16,25.44
-0.02,0.39,0.83,-0.0,0.01,0.04,-1.31,25.46
-0.03,0.4,0.82,-0.02,0.02,0.02,-1.79,25.77
-0.03,0.4,0.82,-0.05,0.03,0.01,-2.07,26.11
-0.04,0.4,0.84,-0.05,0.02,0.0,-2.67,25.4
-0.05,0.39,0.84,-0.05,0.0,-0.01,-2.89,25.05
-0.06,0.39,0.86,-0.06,-0.01,-0.02,-3.45,24.35
-0.06,0.38,0.87,-0.07,-0.01,-0.02,-3.68,23.47
-0.06,0.38,0.87,-0.05,-0.03,-0.04,-3.68,23.32
-0.06,0.37,0.87,-0.03,-0.06,-0.04,-3.79,22.76
-0.06,0.35,0.87,-0.02,-0.07,-0.06,-3.45,21.74
-0.06,0.34,0.88,0.01,-0.11,-0.07,-3.86,20.84
-0.06,0.32,0.89,0.02,-0.11,-0.1,-3.71,19.61
-0.06,0.31,0.89,0.07,-0.13,-0.12,-3.89,19.33
-0.08,0.32,0.89,0.08,-0.11,-0.16,-4.58,19.98
-0.09,0.37,0.88,0.1,-0.1,-0.15,-5.12,22.48
-0.09,0.4,0.85,0.09,-0.05,-0.14,-5.35,24.91
-0.09,0.43,0.84,0.07,-0.04,-0.13,-5.31,27.32
-0.08,0.44,0.83,0.03,-0.02,-0.1,-5.17,28.14
-0.08,0.44,0.82,-0.01,-0.0,-0.08,-4.73,28.21
-0.08,0.43,0.83,-0.07,0.03,-0.08,-5.02,27.34
-0.08,0.42,0.85,-0.09,0.02,-0.06,-4.76,26.15
-0.08,0.41,0.84,-0.12,0.01,-0.04,-5.05,26.04
-0.1,0.4,0.85,-0.12,-0.0,-0.04,-5.81,24.87
-0.11,0.38,0.87,-0.12,0.0,-0.04,-6.73,23.38
-0.11,0.36,0.88,-0.11,0.01,-0.03,-6.71,22.09
-0.11,0.36,0.9,-0.08,0.01,-0.01,-6.41,21.57
-0.1,0.35,0.89,-0.06,0.01,0.0,-6.17,21.27
-0.09,0.35,0.87,-0.02,-0.0,0.01,-5.33,21.74
-0.08,0.34,0.86,-0.02,-0.01,0.01,-4.76,21.82
-0.08,0.34,0.85,0.01,-0.01,-0.02,-4.99,21.55
-0.06,0.34,0.85,0.01,-0.03,-0.02,-4.01,21.92
-0.06,0.35,0.85,0.0,-0.01,-0.03,-4.01,22.13
-0.07,0.37,0.84,-0.0,0.0,-0.03,-4.15,23.38
-0.07,0.37,0.84,-0.02,0.01,-0.03,-4.65,23.71
-0.08,0.38,0.84,-0.02,-0.0,-0.03,-4.89,24.57
-0.09,0.39,0.85,-0.05,0.01,-0.03,-5.31,24.39
-0.09,0.39,0.85,-0.05,-0.0,-0.02,-5.51,24.35
-0.09,0.39,0.85,-0.06,-0.0,-0.01,-5.63,24.28
-0.09,0.37,0.85,-0.01,0.15,-0.15,-5.77,23.54
-0.09,0.37,0.86,-0.08,0.03,0.01,-5.77,23.43
-0.09,0.38,0.84,-0.1,0.03,0.02,-5.48,24.01
-0.09,0.38,0.85,-0.09,0.01,0.02,-5.7,24.18
-0.09,0.38,0.85,-0.08,-0.02,0.03,-5.49,23.92
-0.09,0.38,0.87,-0.08,-0.01,0.03,-5.45,23.68
-0.09,0.39,0.86,-0.07,-0.01,0.05,-5.4,24.14
-0.09,0.38,0.87,-0.08,-0.02,0.06,-5.37,23.38
-0.08,0.37,0.86,-0.07,-0.02,0.06,-4.63,23.13
-0.06,0.37,0.86,-0.07,-0.05,0.07,-3.99,23.16
-0.07,0.36,0.85,-0.07,-0.02,0.06,-4.17,22.92
-0.05,0.36,0.84,-0.07,-0.04,0.06,-3.32,23.34
-0.05,0.37,0.84,-0.05,-0.06,0.06,-2.91,23.52
-0.03,0.37,0.84,-0.07,-0.08,0.04,-2.14,23.54
-0.03,0.35,0.84,-0.07,-0.08,0.02,-1.78,22.72
-0.03,0.34,0.84,-0.09,-0.07,0.01,-1.91,22.14
-0.02,0.35,0.85,-0.08,-0.07,-0.01,-1.46,22.22
-0.03,0.35,0.84,-0.1,-0.06,-0.02,-1.58,22.46
-0.03,0.36,0.84,-0.12,-0.06,-0.03,-1.99,23.3
-0.04,0.38,0.84,-0.12,-0.06,-0.03,-2.7,24.07
-0.05,0.38,0.85,-0.14,-0.07,-0.03,-3.21,24.34
-0.06,0.38,0.86,-0.16,-0.06,-0.03,-3.85,24.0
-0.06,0.38,0.87,-0.16,-0.05,-0.01,-3.72,23.34
-0.07,0.37,0.88,-0.16,-0.05,0.01,-4.26,22.81
-0.07,0.36,0.88,-0.14,-0.06,0.01,-4.08,22.26
-0.07,0.35,0.88,-0.11,-0.07,0.02,-4.25,21.64
-0.07,0.35,0.9,-0.11,-0.06,0.02,-4.1,21.26
-0.06,0.35,0.89,-0.08,-0.1,0.04,-3.67,21.45
-0.05,0.34,0.89,-0.04,-0.09,0.04,-2.97,20.9
-0.04,0.34,0.87,-0.03,-0.1,0.03,-2.71,21.15
-0.05,0.34,0.85,-0.01,-0.08,0.03,-2.88,21.95
-0.04,0.36,0.84,0.01,-0.08,0.03,-2.4,22.88
-0.03,0.39,0.84,0.01,-0.1,0.04,-2.1,24.77
-0.03,0.4,0.82,0.01,-0.11,0.04,-1.61,25.92
-0.02,0.41,0.79,-0.02,-0.11,0.03,-1.33,27.63
-0.02,0.41,0.77,-0.04,-0.13,0.03,-1.2,28.04
-0.02,0.41,0.77,-0.08,-0.15,0.02,-1.19,28.3
-0.01,0.42,0.77,-0.11,-0.17,0.02,-0.9,28.72
-0.02,0.44,0.77,-0.14,-0.16,0.02,-1.17,29.48
-0.03,0.43,0.77,-0.19,-0.16,0.02,-2.21,29.42
-0.04,0.42,0.78,-0.21,-0.19,0.04,-2.31,28.37
-0.04,0.42,0.79,-0.21,-0.21,0.05,-2.63,27.97
-0.05,0.4,0.79,-0.22,-0.22,0.04,-3.04,26.98
-0.05,0.38,0.8,-0.22,-0.23,0.03,-3.26,25.49
-0.05,0.38,0.82,-0.21,-0.25,0.04,-3.46,24.64
-0.06,0.35,0.83,-0.18,-0.29,0.05,-3.54,23.2
-0.05,0.35,0.83,-0.13,-0.3,0.03,-2.91,22.64
-0.04,0.33,0.82,-0.1,-0.32,0.03,-2.72,22.18
-0.05,0.33,0.81,-0.05,-0.34,0.03,-2.99,22.07
-0.05,0.34,0.81,0.04,-0.2,-0.13,-3.02,22.93
-0.04,0.37,0.81,0.01,-0.35,0.01,-2.66,24.67
-0.04,0.38,0.79,0.02,-0.36,0.02,-2.6,25.79
-0.04,0.39,0.77,0.03,-0.39,0.01,-2.39,26.97
-0.03,0.4,0.76,0.04,-0.43,0.02,-2.19,27.92
-0.03,0.41,0.76,0.04,-0.44,0.02,-2.18,28.27
-0.03,0.41,0.75,0.02,-0.42,0.02,-2.04,28.82
-0.02,0.42,0.75,0.01,-0.45,0.03,-1.51,29.27
-0.02,0.42,0.74,0.0,-0.48,0.03,-1.33,29.5
-0.01,0.42,0.73,-0.03,-0.5,0.03,-0.93,30.06
-0.01,0.42,0.73,-0.05,-0.52,0.02,-0.68,29.86
-0.02,0.42,0.74,-0.07,-0.54,0.02,-1.15,29.55
-0.01,0.41,0.75,-0.09,-0.58,0.03,-0.84,28.91
-0.01,0.4,0.74,-0.1,-0.61,0.03,-0.56,28.5
-0.01,0.38,0.75,-0.13,-0.61,0.02,-0.52,27.02
-0.01,0.37,0.75,-0.15,-0.63,0.03,-0.55,26.43
-0.0,0.37,0.76,-0.15,-0.66,0.02,-0.21,26.15
0.01,0.36,0.77,-0.16,-0.68,-0.0,0.42,25.2
0.01,0.35,0.76,-0.2,-0.71,-0.02,0.53,24.69
-0.01,0.33,0.76,-0.21,-0.73,-0.03,-0.43,23.14
-0.02,0.32,0.79,-0.21,-0.72,-0.04,-1.54,21.76
-0.03,0.31,0.81,-0.22,-0.73,-0.05,-2.08,20.91
-0.05,0.31,0.83,-0.2,-0.71,-0.05,-2.94,20.45
-0.05,0.31,0.84,-0.18,-0.72,-0.04,-3.35,20.02
-0.06,0.3,0.85,-0.16,-0.73,-0.04,-3.79,19.27
-0.07,0.3,0.85,-0.1,-0.75,-0.03,-4.32,19.32
-0.07,0.29,0.87,-0.07,-0.74,-0.02,-4.5,18.62
-0.07,0.3,0.87,-0.01,-0.73,-0.0,-4.43,18.84
-0.07,0.32,0.86,0.07,-0.77,-0.0,-4.27,20.38
-0.07,0.34,0.84,0.11,-0.79,0.02,-4.45,21.69
-0.06,0.36,0.81,0.14,-0.82,0.02,-3.85,23.81
-0.05,0.37,0.79,0.14,-0.84,0.04,-3.27,25.01
-0.02,0.38,0.78,0.15,-0.87,0.04,-1.62,26.0
-0.0,0.37,0.75,0.13,-0.92,0.04,-0.22,26.32
-0.0,0.37,0.74,0.1,-0.94,0.03,-0.11,26.41
0.01,0.37,0.73,0.05,-0.95,0.02,0.38,26.99
0.0,0.36,0.73,0.02,-0.98,0.01,0.34,26.3
0.01,0.35,0.74,-0.04,-1.0,0.0,0.55,25.64
-0.01,0.34,0.76,-0.08,-0.99,-0.01,-0.94,24.31
-0.01,0.34,0.78,-0.11,-0.99,-0.0,-0.81,23.43
-0.02,0.33,0.8,-0.14,-1.0,-0.01,-1.01,22.37
-0.03,0.31,0.8,-0.15,-1.04,-0.01,-1.86,21.11
-0.04,0.28,0.82,-0.17,-1.05,-0.02,-2.56,19.15
-0.05,0.28,0.83,-0.18,-1.01,-0.03,-3.5,18.43
-0.07,0.3,0.84,-0.17,-1.01,-0.01,-4.41,19.27
-0.08,0.32,0.85,-0.16,-1.0,0.01,-4.8,20.36
-0.07,0.34,0.85,-0.14,-1.0,0.03,-4.23,21.89
-0.05,0.34,0.84,-0.16,-0.99,0.04,-3.18,22.08
-0.05,0.32,0.83,-0.14,-1.03,0.07,-2.97,21.06
-0.04,0.28,0.84,-0.14,-1.04,0.06,-2.75,18.51
-0.05,0.26,0.86,-0.13,-1.05,0.06,-2.91,17.13
-0.04,0.26,0.87,-0.1,-1.02,0.04,-2.5,16.53
-0.03,0.28,0.87,-0.08,-1.05,0.05,-2.12,17.68
-0.04,0.28,0.86,-0.05,-1.1,0.04,-2.36,18.29
-0.05,0.28,0.84,-0.02,-1.11,0.03,-2.94,18.52
-0.06,0.27,0.86,-0.03,-1.1,0.03,-3.54,17.43
-0.06,0.27,0.88,0.01,-1.08,0.05,-3.44,16.94
-0.04,0.27,0.88,0.05,-1.06,0.05,-2.47,17.12
-0.02,0.28,0.85,0.08,-1.07,0.06,-0.99,18.13
0.0,0.28,0.82,0.09,-1.09,0.05,0.18,18.53
0.01,0.28,0.81,0.08,-1.1,0.03,0.42,18.99
-0.0,0.3,0.8,0.08,-1.12,0.01,-0.07,20.29
0.0,0.33,0.8,0.2,-0.96,-0.25,0.31,22.46
0.02,0.36,0.79,0.02,-1.17,-0.0,1.58,24.2
0.05,0.35,0.76,-0.04,-1.23,0.0,3.27,24.56
0.05,0.32,0.74,-0.13,-1.3,-0.05,3.45,23.01
0.03,0.29,0.75,-0.24,-1.3,-0.01,2.37,20.87
0.02,0.28,0.78,-0.31,-1.23,-0.03,1.3,19.72
0.01,0.28,0.82,-0.38,-1.2,-0.02,0.54,19.11
-0.0,0.27,0.85,-0.43,-1.15,-0.0,-0.13,17.87
-0.02,0.25,0.87,-0.48,-1.15,0.01,-1.35,16.34
-0.03,0.23,0.9,-0.5,-1.12,0.01,-2.03,14.2
-0.06,0.2,0.94,-0.51,-1.09,0.02,-3.75,12.22
-0.09,0.2,0.97,-0.46,-1.08,0.0,-5.08,11.79
-0.11,0.21,0.99,-0.39,-1.08,0.02,-6.35,11.71
-0.12,0.23,1.01,-0.34,-1.05,0.03,-6.68,12.76
-0.13,0.23,1.01,-0.24,-1.06,0.07,-6.97,12.79
-0.12,0.21,1.01,-0.16,-1.05,0.07,-6.8,11.68
-0.13,0.2,0.99,-0.06,-1.08,0.11,-7.05,11.56
-0.13,0.21,0.98,0.01,-1.06,0.11,-7.59,11.8
-0.11,0.22,0.98,0.13,-1.06,0.12,-6.47,12.62
-0.08,0.23,0.96,0.23,-1.08,0.14,-4.77,13.48
-0.05,0.22,0.92,0.3,-1.14,0.13,-2.83,13.47
0.0,0.19,0.88,0.38,-1.16,0.1,0.26,12.01
0.04,0.14,0.86,0.42,-1.19,0.04,2.49,9.48
0.07,0.12,0.85,0.45,-1.21,-0.02,4.42,8.16
0.09,0.12,0.84,0.5,-1.18,-0.17,6.4,8.36
0.12,0.16,0.8,0.45,-1.19,-0.17,8.4,11.28
0.13,0.21,0.77,0.4,-1.19,-0.22,9.11,14.92
0.12,0.25,0.76,0.33,-1.2,-0.25,8.39,18.34
0.12,0.28,0.75,0.19,-1.19,-0.27,8.7,19.93
0.09,0.3,0.74,0.06,-1.17,-0.28,6.31,21.62
0.08,0.32,0.74,-0.09,-1.13,-0.26,5.45,23.06
0.05,0.36,0.77,-0.24,-1.11,-0.23,3.31,24.63
0.01,0.35,0.8,-0.38,-1.13,-0.2,0.83,23.77
-0.04,0.34,0.85,-0.49,-1.15,-0.16,-2.28,22.04
-0.08,0.31,0.92,-0.57,-1.15,-0.12,-4.63,18.74
-0.11,0.27,0.97,-0.63,-1.16,-0.07,-6.09,15.56
-0.14,0.26,1.07,-0.61,-1.2,-0.03,-7.38,13.61
-0.15,0.23,1.11,-0.56,-1.19,0.01,-7.46,11.58
-0.15,0.17,1.13,-0.51,-1.19,0.02,-7.74,8.54
-0.16,0.13,1.15,-0.45,-1.18,0.03,-7.83,6.2
-0.16,0.1,1.19,-0.33,-1.18,0.0,-7.66,4.84
-0.17,0.09,1.23,-0.19,-1.17,-0.0,-7.83,4.0
-0.16,0.08,1.24,-0.05,-1.13,-0.04,-7.53,3.47
-0.15,0.09,1.21,0.11,-1.11,-0.07,-7.06,4.04
-0.13,0.11,1.18,0.22,-1.09,-0.1,-6.14,5.24
-0.1,0.15,1.11,0.33,-1.08,-0.12,-5.13,7.8
-0.08,0.2,1.05,0.36,-1.06,-0.13,-4.49,10.7
-0.08,0.23,0.99,0.36,-1.07,-0.14,-4.49,13.31
-0.08,0.26,0.95,0.36,-1.04,-0.12,-4.7,15.08
-0.08,0.28,0.93,0.33,-1.03,-0.1,-4.95,16.86
-0.07,0.3,0.92,0.3,-1.0,-0.07,-3.88,18.26
-0.06,0.31,0.89,0.25,-1.0,-0.04,-3.54,19.09
-0.05,0.3,0.87,0.21,-0.99,-0.02,-3.17,19.09
-0.06,0.3,0.87,0.15,-0.99,0.01,-3.54,18.71
-0.06,0.3,0.88,0.12,-0.95,0.04,-3.75,18.96
-0.05,0.31,0.88,0.09,-0.91,0.07,-3.06,19.15
-0.04,0.31,0.88,0.08,-0.92,0.09,-2.21,19.26
-0.02,0.29,0.87,0.03,-0.92,0.11,-1.53,18.55
-0.01,0.27,0.89,0.02,-0.95,0.12,-0.68,16.69
-0.0,0.25,0.89,-0.03,-0.97,0.11,-0.17,15.41
0.02,0.22,0.91,-0.05,-1.0,0.1,0.99,13.75
0.01,0.21,0.93,-0.06,-1.03,0.07,0.77,12.61
0.01,0.2,0.92,-0.06,-1.02,0.04,0.6,12.44
0.0,0.21,0.94,-0.07,-1.01,0.01,0.22,12.35
-0.02,0.22,0.95,-0.08,-1.01,-0.0,-1.17,13.14
-0.05,0.25,0.96,-0.07,-1.03,-0.01,-2.64,14.75
-0.06,0.27,0.96,-0.04,-1.03,-0.0,-3.2,15.76
-0.05,0.29,0.95,-0.05,-1.06,0.01,-2.97,16.9
-0.05,0.3,0.93,-0.05,-1.07,0.03,-2.95,17.8
-0.06,0.3,0.92,-0.06,-1.13,0.05,-3.73,17.97
-0.08,0.3,0.93,-0.07,-1.15,0.08,-4.69,17.85
-0.09,0.31,0.94,-0.09,-1.11,0.11,-5.14,18.13
-0.09,0.31,0.94,-0.09,-1.1,0.17,-5.42,18.31
-0.11,0.31,0.92,-0.1,-1.07,0.23,-6.33,18.37
-0.11,0.34,0.9,-0.13,-1.02,0.29,-6.56,20.61
-0.12,0.36,0.9,-0.18,-0.93,0.37,-6.9,21.65
-0.1,0.36,0.89,-0.2,-0.91,0.46,-6.16,21.84
-0.1,0.33,0.88,-0.25,-0.86,0.52,-6.22,20.53
-0.09,0.32,0.87,-0.27,-0.84,0.59,-5.69,20.11
-0.11,0.31,0.86,-0.34,-0.77,0.64,-7.02,19.65
-0.1,0.3,0.84,-0.41,-0.74,0.7,-6.17,19.38
-0.09,0.27,0.87,-0.46,-0.72,0.76,-5.64,17.28
-0.07,0.22,0.91,-0.49,-0.7,0.79,-4.37,13.39
-0.05,0.12,1.02,-0.52,-0.68,0.79,-2.8,6.88
-0.02,0.01,1.13,-0.47,-0.7,0.73,-1.18,0.65
-0.03,-0.07,1.21,-0.36,-0.75,0.58,-1.19,-3.24
-0.04,-0.08,1.24,-0.24,-0.78,0.43,-1.66,-3.92
-0.05,-0.03,1.22,-0.11,-0.81,0.27,-2.46,-1.27
-0.06,0.04,1.18,0.0,-0.85,0.13,-2.93,1.82
-0.07,0.15,1.1,0.07,-0.89,0.04,-3.65,7.56
-0.09,0.24,1.08,0.11,-0.94,0.02,-4.72,12.59
-0.11,0.32,1.04,0.11,-0.9,0.06,-5.93,16.82
-0.11,0.34,0.98,0.11,-0.88,0.12,-6.27,19.03
-0.11,0.34,0.95,0.08,-0.88,0.19,-5.99,19.65
-0.1,0.33,0.95,0.03,-0.86,0.26,-5.87,18.96
-0.1,0.32,0.94,-0.01,-0.79,0.31,-5.72,18.49
-0.1,0.3,0.94,-0.03,-0.77,0.37,-6.0,17.6
-0.1,0.29,0.93,-0.05,-0.71,0.41,-6.08,17.51
-0.11,0.31,0.9,-0.05,-0.65,0.46,-6.67,18.9
-0.09,0.31,0.9,-0.07,-0.61,0.53,-5.5,19.23
-0.05,0.28,0.91,-0.11,-0.6,0.58,-3.11,17.31
-0.01,0.21,0.95,-0.17,-0.73,0.66,-0.35,12.5
0.04,0.07,1.04,-0.14,-0.73,0.56,2.25,4.03
0.04,-0.02,1.11,-0.09,-0.74,0.42,1.92,-0.84
0.03,-0.01,1.12,-0.04,-0.74,0.27,1.44,-0.61
0.03,0.06,1.08,0.02,-0.75,0.14,1.42,3.31
0.01,0.16,1.01,0.05,-0.77,0.06,0.7,8.76
-0.01,0.23,0.96,0.04,-0.8,0.04,-0.47,13.35
-0.03,0.27,0.94,-0.01,-0.8,0.04,-1.71,16.02
-0.04,0.29,0.93,-0.02,-0.82,0.09,-2.55,17.33
-0.06,0.3,0.92,-0.07,-0.81,0.12,-3.67,18.23
-0.07,0.31,0.92,-0.09,-0.79,0.16,-3.97,18.57
-0.06,0.32,0.92,-0.1,-0.79,0.2,-3.3,19.05
-0.06,0.31,0.92,-0.11,-0.81,0.24,-3.32,18.38
-0.06,0.29,0.91,-0.12,-0.82,0.26,-3.51,17.86
-0.07,0.28,0.91,-0.14,-0.82,0.3,-4.16,16.83
-0.07,0.28,0.89,-0.14,-0.81,0.33,-4.08,17.57
-0.07,0.29,0.89,-0.16,-0.78,0.37,-4.42,17.75
-0.05,0.27,0.89,-0.15,-0.79,0.41,-3.3,16.64
-0.03,0.23,0.95,-0.14,-0.82,0.42,-1.68,13.39
-0.0,0.15,1.02,-0.11,-0.87,0.4,-0.01,8.46
0.01,0.08,1.08,-0.06,-0.9,0.32,0.5,4.24
0.02,0.04,1.1,0.02,-0.93,0.21,0.86,2.16
0.01,0.07,1.08,0.09,-0.95,0.1,0.69,3.8
0.01,0.16,1.01,0.12,-0.94,0.04,0.6,9.07
0.0,0.22,0.96,0.12,-0.96,0.01,0.12,12.66
-0.0,0.27,0.94,0.08,-0.99,0.02,-0.05,15.93
-0.02,0.28,0.94,0.04,-1.01,0.04,-0.96,16.71
-0.02,0.28,0.97,-0.01,-1.0,0.06,-0.87,16.17
-0.05,0.28,0.99,-0.05,-0.98,0.1,-2.54,15.93
-0.06,0.27,1.03,-0.08,-0.96,0.12,-3.16,14.61
-0.05,0.27,1.04,-0.09,-0.95,0.15,-2.77,14.39
-0.05,0.26,1.07,-0.11,-0.92,0.16,-2.7,13.7
-0.06,0.25,1.07,-0.11,-0.91,0.19,-3.14,13.29
-0.06,0.25,1.07,-0.11,-0.88,0.19,-3.2,13.05
-0.08,0.26,1.06,-0.09,-0.87,0.19,-3.99,13.77
-0.07,0.27,1.05,-0.09,-0.83,0.21,-3.64,14.29
-0.06,0.25,1.06,-0.09,-0.83,0.22,-3.05,13.27
-0.04,0.21,1.11,-0.08,-0.82,0.22,-2.2,10.74
-0.03,0.19,1.11,-0.04,-0.81,0.2,-1.61,9.49
-0.03,0.17,1.1,-0.0,-0.77,0.15,-1.37,8.83
-0.02,0.18,1.06,0.03,-0.74,0.1,-1.06,9.79
-0.02,0.22,1.01,0.03,-0.77,0.05,-1.3,12.15
-0.02,0.25,0.98,0.04,-0.78,0.05,-1.18,14.37
-0.02,0.27,0.95,0.02,-0.79,0.05,-1.04,16.06
-0.0,0.27,0.94,-0.01,-0.79,0.06,-0.21,15.9
-0.0,0.25,0.93,-0.04,-0.8,0.06,-0.18,15.24
-0.01,0.25,0.93,-0.1,-0.8,0.06,-0.64,15.06
-0.03,0.26,0.93,-0.14,-0.8,0.07,-1.65,15.73
-0.04,0.29,0.94,-0.18,-0.78,0.1,-2.42,16.87
-0.06,0.31,0.97,-0.22,-0.78,0.14,-3.45,17.64
-0.06,0.3,0.99,-0.23,-0.79,0.18,-3.58,17.02
-0.07,0.28,1.01,-0.22,-0.79,0.2,-3.57,15.39
-0.07,0.27,1.04,-0.22,-0.76,0.21,-3.79,14.32
-0.08,0.25,1.07,-0.2,-0.75,0.23,-4.16,12.97
-0.08,0.24,1.1,-0.14,-0.74,0.23,-4.16,12.3
-0.09,0.24,1.11,-0.09,-0.72,0.21,-4.34,12.28
-0.09,0.24,1.1,-0.04,-0.73,0.19,-4.35,12.09
-0.08,0.24,1.11,-0.0,-0.72,0.17,-4.12,12.18
-0.06,0.24,1.09,0.06,-0.73,0.17,-3.3,12.26
-0.06,0.23,1.05,0.11,-0.71,0.16,-3.24,12.43
-0.05,0.23,1.0,0.13,-0.68,0.14,-2.71,13.25
-0.04,0.25,0.95,0.15,-0.69,0.14,-2.33,14.56
-0.03,0.26,0.93,0.14,-0.7,0.16,-1.7,15.53
-0.02,0.26,0.91,0.13,-0.74,0.17,-1.05,15.82
-0.01,0.25,0.9,0.1,-0.76,0.16,-0.78,15.7
-0.01,0.25,0.89,0.06,-0.79,0.17,-0.91,15.74
-0.01,0.25,0.89,0.04,-0.82,0.17,-0.73,15.65
-0.01,0.26,0.91,0.0,-0.84,0.2,-0.66,15.93
-0.01,0.26,0.92,-0.05,-0.83,0.21,-0.74,15.74
-0.03,0.26,0.95,-0.08,-0.82,0.22,-1.51,15.16
-0.04,0.26,0.98,-0.1,-0.8,0.24,-2.09,14.87
-0.05,0.27,1.01,-0.1,-0.8,0.26,-2.76,14.73
-0.05,0.26,1.04,-0.08,-0.79,0.27,-2.9,14.06
-0.05,0.25,1.08,-0.06,-0.78,0.27,-2.57,12.94
-0.04,0.22,1.11,0.0,-0.79,0.25,-2.06,11.22
-0.03,0.2,1.13,0.06,-0.8,0.22,-1.64,10.03
-0.01,0.19,1.09,0.12,-0.79,0.18,-0.64,10.09
0.02,0.19,1.03,0.15,-0.76,0.14,1.22,10.67
0.05,0.2,0.98,0.16,-0.76,0.11,2.74,11.5
0.07,0.2,0.95,0.14,-0.79,0.08,3.92,11.9
0.08,0.18,0.93,0.12,-0.8,0.06,4.77,10.79
0.09,0.17,0.92,0.06,-0.8,0.03,5.76,10.28
0.09,0.16,0.9,0.01,-0.82,-0.0,5.62,10.26
0.08,0.17,0.89,-0.05,-0.83,-0.02,4.75,10.81
0.07,0.18,0.87,-0.14,-0.82,-0.04,4.27,11.59
0.04,0.19,0.88,-0.2,-0.83,-0.05,2.7,12.37
0.02,0.2,0.91,-0.28,-0.83,-0.04,1.42,12.42
-0.01,0.21,0.92,-0.32,-0.85,-0.03,-0.65,12.95
-0.03,0.21,0.93,-0.38,-0.85,-0.02,-1.86,12.69
-0.06,0.22,0.96,-0.42,-0.82,-0.01,-3.66,13.03
-0.09,0.24,0.98,-0.42,-0.82,0.02,-5.1,13.38
-0.11,0.24,1.04,-0.42,-0.82,0.05,-5.67,12.82
-0.13,0.24,1.1,-0.38,-0.82,0.05,-6.41,12.2
-0.14,0.23,1.14,-0.32,-0.8,0.05,-6.98,11.5
-0.16,0.24,1.15,-0.26,-0.79,0.04,-7.67,11.58
-0.16,0.26,1.13,-0.18,-0.79,0.03,-7.79,12.79
-0.16,0.29,1.12,-0.11,-0.79,0.05,-7.79,14.33
-0.15,0.3,1.11,-0.07,-0.77,0.07,-7.46,14.95
-0.15,0.3,1.1,-0.02,-0.74,0.11,-7.33,15.14
-0.13,0.29,1.09,0.02,-0.73,0.14,-6.62,14.73
-0.11,0.28,1.06,0.06,-0.71,0.16,-5.93,14.52
-0.1,0.28,1.04,0.08,-0.69,0.19,-5.15,14.86
-0.09,0.28,1.02,0.09,-0.66,0.21,-4.68,15.36
-0.07,0.29,0.99,0.12,-0.67,0.25,-3.68,16.03
-0.06,0.27,0.99,0.12,-0.68,0.27,-3.43,15.51
-0.05,0.26,0.97,0.13,-0.69,0.29,-3.09,15.11
-0.05,0.25,0.99,0.21,-0.58,0.15,-3.01,14.31
-0.05,0.24,1.0,0.16,-0.71,0.29,-2.83,13.64
-0.04,0.24,1.02,0.2,-0.75,0.29,-2.43,13.04
-0.04,0.23,1.02,0.25,-0.75,0.26,-2.26,12.42
-0.03,0.22,1.02,0.27,-0.75,0.24,-1.82,12.22
-0.02,0.22,1.03,0.31,-0.78,0.22,-1.22,12.06
-0.01,0.21,1.03,0.33,-0.82,0.19,-0.39,11.53
-0.0,0.21,1.03,0.35,-0.82,0.14,-0.24,11.55
-0.0,0.21,1.02,0.34,-0.82,0.1,-0.01,11.77
-0.0,0.22,1.0,0.31,-0.84,0.09,-0.19,12.27
-0.0,0.23,0.99,0.27,-0.82,0.08,-0.18,12.79
-0.01,0.24,1.0,0.23,-0.82,0.08,-0.74,13.67
-0.02,0.25,1.02,0.19,-0.78,0.1,-1.34,14.04
-0.04,0.26,1.04,0.17,-0.77,0.13,-1.99,14.08
-0.04,0.25,1.05,0.21,-0.61,0.01,-2.14,13.63
-0.04,0.25,1.05,0.12,-0.68,0.16,-1.93,13.4
-0.03,0.24,1.04,0.12,-0.65,0.18,-1.52,13.0
-0.02,0.23,1.03,0.1,-0.63,0.19,-1.1,12.73
-0.01,0.22,1.0,0.09,-0.62,0.19,-0.68,12.33
-0.01,0.23,0.97,0.08,-0.61,0.2,-0.37,13.15
-0.01,0.24,0.95,0.06,-0.62,0.21,-0.77,14.14
-0.02,0.24,0.95,0.05,-0.62,0.23,-1.21,14.2
-0.02,0.23,0.93,0.05,-0.64,0.23,-1.38,13.81
-0.02,0.22,0.93,0.05,-0.67,0.24,-1.05,13.18
-0.01,0.21,0.92,0.06,-0.68,0.25,-0.89,12.9
-0.02,0.2,0.92,0.07,-0.71,0.26,-0.97,12.4
-0.0,0.19,0.92,0.1,-0.74,0.27,-0.23,11.9
-0.01,0.19,0.91,0.12,-0.77,0.29,-0.41,11.65
0.01,0.19,0.9,0.14,-0.77,0.28,0.5,11.63
0.02,0.17,0.91,0.14,-0.79,0.29,1.53,10.54
0.05,0.13,0.92,0.16,-0.83,0.28,3.23,7.83
0.07,0.12,0.95,0.15,-0.88,0.26,4.45,7.03
0.08,0.12,0.95,0.13,-0.89,0.23,4.97,7.02
0.08,0.12,0.95,0.07,-0.91,0.21,4.47,7.02
0.06,0.13,0.96,0.05,-0.92,0.17,3.66,7.95
0.04,0.16,0.96,0.02,-0.95,0.18,2.2,9.64
0.01,0.18,0.96,-0.04,-0.94,0.18,0.77,10.86
-0.02,0.21,0.98,-0.06,-0.94,0.2,-0.92,12.09
-0.05,0.22,1.0,-0.05,-0.9,0.14,-2.54,12.49
-0.07,0.23,1.03,-0.1,-0.95,0.26,-3.67,12.77
-0.09,0.24,1.06,-0.08,-0.93,0.29,-4.57,12.94
-0.1,0.26,1.09,-0.07,-0.9,0.3,-5.29,13.21
-0.12,0.26,1.1,-0.02,-0.89,0.32,-5.89,13.37
-0.12,0.26,1.11,0.04,-0.89,0.35,-5.83,13.03
-0.1,0.25,1.1,0.08,-0.86,0.36,-5.18,12.59
-0.08,0.24,1.08,0.12,-0.84,0.37,-4.21,12.73
-0.06,0.24,1.04,0.15,-0.84,0.39,-3.04,13.05
-0.03,0.23,1.01,0.15,-0.84,0.42,-1.67,12.62
0.0,0.21,1.0,0.15,-0.82,0.44,0.09,11.72
0.03,0.18,1.01,0.13,-0.82,0.46,1.5,9.84
0.04,0.15,1.03,0.12,-0.83,0.45,2.25,8.08
0.05,0.12,1.03,0.1,-0.82,0.42,2.79,6.83
0.06,0.12,1.03,0.08,-0.81,0.38,3.23,6.39
0.05,0.12,1.02,0.06,-0.81,0.34,2.95,6.77
0.05,0.13,1.02,0.04,-0.82,0.31,2.62,7.24
0.05,0.13,1.01,0.04,-0.85,0.28,2.63,7.22
0.04,0.14,0.99,0.05,-0.85,0.26,2.1,8.01
0.03,0.14,0.96,0.02,-0.86,0.23,1.6,8.44
0.0,0.15,0.92,0.02,-0.9,0.24,0.18,9.28
0.0,0.16,0.9,0.02,-0.94,0.25,0.22,10.32
-0.01,0.17,0.9,0.0,-0.94,0.28,-0.37,10.9
-0.02,0.18,0.89,-0.03,-0.95,0.3,-1.04,11.35
-0.03,0.18,0.91,-0.02,-0.98,0.34,-1.8,11.2
-0.04,0.18,0.93,-0.01,-1.02,0.36,-2.13,10.89
-0.05,0.19,0.96,0.01,-1.05,0.39,-2.84,10.87
-0.06,0.19,0.99,0.03,-1.05,0.39,-3.41,10.57
-0.06,0.2,1.01,0.06,-1.07,0.42,-3.41,10.99
-0.05,0.19,1.03,0.12,-1.09,0.42,-2.75,10.53
-0.05,0.18,1.04,0.16,-1.12,0.42,-2.73,9.91
-0.04,0.18,1.04,0.2,-1.12,0.41,-2.06,9.91
-0.04,0.18,1.05,0.23,-1.11,0.41,-1.91,9.9
-0.01,0.18,1.07,0.26,-1.13,0.42,-0.72,9.47
-0.0,0.18,1.07,0.27,-1.13,0.41,-0.06,9.6
-0.0,0.18,1.08,0.3,-1.11,0.38,-0.15,9.26
-0.0,0.18,1.09,0.29,-1.13,0.35,-0.02,9.27
0.03,0.19,1.07,0.3,-1.18,0.33,1.5,10.04
0.04,0.2,1.06,0.28,-1.15,0.32,2.4,10.7
0.07,0.21,1.04,0.25,-1.1,0.31,3.72,11.32
0.09,0.19,1.04,0.21,-1.07,0.31,5.02,10.39
0.09,0.18,1.04,0.15,-1.07,0.3,5.1,9.87
0.09,0.18,1.05,0.11,-1.05,0.29,4.94,9.76
0.09,0.18,1.06,0.05,-1.03,0.27,4.96,9.85
0.08,0.19,1.06,0.01,-1.03,0.27,4.4,9.96
0.07,0.18,1.06,-0.04,-1.03,0.25,3.81,9.68
0.05,0.19,1.05,-0.07,-1.02,0.23,2.6,10.06
0.03,0.2,1.04,-0.12,-1.0,0.21,1.77,10.69
0.01,0.21,1.04,-0.14,-1.0,0.21,0.39,11.26
-0.02,0.23,1.03,-0.15,-1.01,0.21,-1.2,12.5
-0.04,0.25,1.03,-0.16,-1.02,0.22,-2.04,13.48
-0.07,0.27,1.04,-0.17,-1.0,0.24,-3.67,14.65
-0.08,0.29,1.05,-0.11,-1.01,0.25,-4.27,15.54
-0.1,0.3,1.07,-0.09,-1.01,0.28,-4.99,15.82
-0.1,0.32,1.09,-0.04,-1.01,0.3,-4.79,16.36
-0.09,0.33,1.09,0.01,-1.0,0.31,-4.51,16.63
-0.07,0.31,1.09,0.06,-1.0,0.33,-3.54,15.99
-0.05,0.3,1.09,0.1,-1.02,0.32,-2.73,15.61
-0.03,0.29,1.08,0.14,-1.03,0.34,-1.51,15.13
-0.02,0.29,1.08,0.16,-1.03,0.33,-0.9,14.81
-0.02,0.29,1.09,0.16,-1.05,0.31,-0.97,14.65
-0.01,0.28,1.1,0.19,-1.06,0.28,-0.46,14.08
0.02,0.27,1.09,0.19,-1.05,0.26,1.03,13.75
0.06,0.25,1.07,0.18,-1.03,0.26,2.89,13.35
0.08,0.23,1.06,0.11,-1.0,0.25,4.29,12.33
0.1,0.23,1.06,0.03,-0.99,0.26,5.05,12.19
0.08,0.25,1.07,-0.02,-0.98,0.27,4.38,13.33
0.06,0.27,1.08,-0.09,-0.96,0.26,3.03,14.29
0.04,0.3,1.09,-0.15,-0.93,0.27,1.93,15.35
0.02,0.31,1.1,-0.17,-0.92,0.27,0.8,15.73
-0.01,0.33,1.12,-0.19,-0.93,0.27,-0.3,16.24
-0.03,0.33,1.12,-0.21,-0.9,0.29,-1.43,16.4
-0.07,0.37,1.13,-0.19,-0.89,0.3,-3.33,17.95
-0.09,0.37,1.16,-0.15,-0.87,0.31,-4.1,17.5
-0.1,0.35,1.19,-0.12,-0.88,0.29,-4.63,16.09
-0.11,0.33,1.2,-0.09,-0.86,0.24,-5.13,15.45
-0.13,0.36,1.19,-0.03,-0.83,0.21,-6.09,16.65
-0.14,0.38,1.16,0.03,-0.82,0.2,-6.54,18.26
-0.14,0.39,1.12,0.08,-0.83,0.19,-6.62,19.27
-0.12,0.38,1.1,0.13,-0.83,0.2,-5.96,19.09
-0.11,0.37,1.09,0.16,-0.8,0.2,-5.64,18.66
-0.1,0.37,1.09,0.18,-0.81,0.2,-4.94,18.61
-0.07,0.35,1.07,0.2,-0.79,0.2,-3.78,18.12
-0.06,0.34,1.06,0.21,-0.8,0.19,-2.98,17.71
-0.04,0.32,1.07,0.19,-0.76,0.18,-1.88,16.45
-0.03,0.3,1.07,0.16,-0.76,0.17,-1.29,15.53
0.0,0.29,1.07,0.14,-0.78,0.16,0.1,15.02
0.0,0.29,1.08,0.11,-0.76,0.14,0.26,14.78
0.01,0.29,1.1,0.05,-0.72,0.13,0.65,14.69
0.02,0.28,1.12,0.0,-0.71,0.13,0.8,14.19
0.03,0.28,1.16,-0.07,-0.67,0.1,1.25,13.69
0.01,0.28,1.2,-0.12,-0.6,0.09,0.43,13.34
0.0,0.29,1.21,-0.17,-0.55,0.06,0.06,13.21
-0.01,0.28,1.21,-0.21,-0.47,0.01,-0.43,13.15
-0.03,0.31,1.19,-0.24,-0.43,-0.04,-1.46,14.52
-0.06,0.34,1.16,-0.27,-0.42,-0.06,-2.72,16.23
-0.09,0.37,1.12,-0.27,-0.38,-0.08,-4.22,18.0
-0.11,0.37,1.1,-0.28,-0.38,-0.08,-5.52,18.66
-0.14,0.39,1.1,-0.25,-0.39,-0.07,-6.96,19.42
-0.16,0.39,1.09,-0.23,-0.38,-0.07,-7.93,19.43
-0.18,0.39,1.09,-0.2,-0.34,-0.05,-8.82,19.74
-0.18,0.39,1.07,-0.18,-0.33,-0.04,-9.04,19.65
-0.19,0.4,1.08,-0.11,-0.31,-0.02,-9.21,20.04
-0.18,0.4,1.08,-0.07,-0.3,0.01,-8.96,19.94
-0.18,0.39,1.08,-0.04,-0.27,0.01,-8.7,19.56
-0.17,0.39,1.08,-0.0,-0.25,0.02,-8.31,19.45
-0.15,0.37,1.08,0.04,-0.24,0.02,-7.3,18.73
-0.13,0.35,1.08,0.07,-0.24,0.04,-6.37,17.95
-0.1,0.34,1.07,0.08,-0.22,0.03,-5.29,17.5
-0.08,0.32,1.07,0.09,-0.2,0.04,-4.22,16.73
-0.05,0.31,1.07,0.08,-0.19,0.03,-2.74,16.02
-0.03,0.29,1.06,0.06,-0.18,0.05,-1.71,15.54
-0.03,0.29,1.04,0.01,-0.15,0.06,-1.42,15.32
-0.03,0.29,1.05,-0.04,-0.13,0.05,-1.33,15.23
-0.04,0.29,1.06,-0.06,-0.13,0.06,-1.91,15.58
-0.06,0.31,1.07,-0.06,-0.14,0.05,-2.86,16.28
-0.09,0.33,1.08,-0.06,-0.12,0.05,-4.51,17.06
-0.1,0.34,1.09,-0.04,-0.11,0.05,-5.18,17.47
-0.12,0.35,1.09,0.01,-0.11,0.06,-5.72,17.85
-0.12,0.36,1.09,0.05,-0.11,0.07,-6.0,17.93
-0.1,0.34,1.08,0.1,-0.09,0.08,-4.9,17.19
-0.09,0.32,1.09,0.13,-0.09,0.08,-4.58,16.47
-0.07,0.29,1.08,0.15,-0.09,0.08,-3.66,14.97
-0.06,0.27,1.08,0.17,-0.07,0.07,-2.95,14.31
-0.05,0.26,1.07,0.18,-0.07,0.06,-2.69,13.64
-0.05,0.25,1.05,0.18,-0.05,0.05,-2.39,13.31
-0.04,0.24,1.03,0.16,-0.05,0.04,-2.28,13.24
-0.04,0.24,1.0,0.16,-0.05,0.04,-2.43,13.51
-0.04,0.25,1.0,0.15,-0.05,0.06,-2.48,14.26
-0.04,0.24,1.01,0.11,-0.03,0.07,-2.42,13.27
-0.05,0.23,1.02,0.1,-0.02,0.08,-2.54,12.57
-0.05,0.22,1.02,0.08,0.01,0.08,-2.96,11.97
-0.06,0.23,1.03,0.09,0.0,0.09,-3.2,12.46
-0.06,0.25,1.04,0.09,0.02,0.09,-3.34,13.62
-0.07,0.25,1.04,0.11,0.01,0.11,-3.53,13.61
-0.06,0.25,1.03,0.12,0.02,0.11,-3.16,13.81
-0.05,0.24,1.04,0.13,0.01,0.12,-2.74,12.98
-0.04,0.22,1.04,0.12,0.02,0.13,-1.98,12.15
-0.04,0.22,1.05,0.12,0.03,0.13,-2.1,11.81
-0.02,0.22,1.04,0.13,0.0,0.13,-1.31,11.66
-0.03,0.21,1.04,0.13,-0.01,0.13,-1.56,11.47
-0.03,0.19,1.04,0.11,-0.03,0.12,-1.42,10.62
-0.03,0.19,1.04,0.12,-0.02,0.11,-1.38,10.34
-0.03,0.19,1.04,0.09,-0.03,0.11,-1.57,10.16
-0.03,0.19,1.04,0.1,-0.05,0.09,-1.74,10.3
-0.03,0.2,1.04,0.08,-0.04,0.09,-1.68,10.61
-0.04,0.2,1.03,0.07,-0.02,0.1,-2.01,10.94
-0.04,0.2,1.03,0.06,-0.01,0.12,-1.99,11.11
-0.04,0.21,1.04,0.07,-0.02,0.14,-2.12,11.65
-0.04,0.21,1.05,0.07,0.01,0.12,-1.91,11.56
-0.02,0.21,1.06,0.07,0.05,0.13,-1.22,11.28
-0.01,0.21,1.07,0.07,0.06,0.12,-0.39,10.95
0.0,0.2,1.08,0.07,0.07,0.12,0.26,10.47
0.02,0.19,1.09,0.08,0.08,0.1,1.07,9.85
0.04,0.16,1.08,0.07,0.12,0.07,1.89,8.62
0.04,0.16,1.08,0.05,0.12,0.05,2.24,8.47
0.05,0.15,1.08,0.02,0.12,0.02,2.72,8.16
0.06,0.16,1.07,0.02,0.13,-0.02,3.0,8.45
0.06,0.16,1.05,-0.01,0.14,-0.05,3.35,8.44
0.05,0.15,1.02,-0.06,0.15,-0.07,3.03,8.33
0.05,0.15,0.99,-0.07,0.13,-0.08,2.66,8.86
0.04,0.16,0.96,-0.1,0.11,-0.08,2.45,9.42
0.02,0.18,0.95,-0.12,0.11,-0.06,1.27,10.99
0.0,0.2,0.96,-0.14,0.09,-0.03,0.21,11.77
-0.01,0.2,0.97,-0.14,0.06,-0.01,-0.35,11.69
-0.02,0.21,1.0,-0.13,0.04,-0.0,-1.01,11.82
-0.02,0.21,1.02,-0.12,0.04,0.01,-1.35,11.53
-0.02,0.2,1.03,-0.11,0.04,0.02,-1.29,11.2
-0.02,0.2,1.05,-0.09,0.03,0.02,-0.96,10.92
-0.01,0.2,1.06,-0.06,0.02,0.02,-0.38,10.54
0.01,0.18,1.04,-0.08,0.06,-0.0,0.49,9.98
0.01,0.18,1.04,-0.07,0.04,-0.0,0.73,9.88
0.02,0.18,1.05,-0.09,0.05,0.0,0.84,9.73
0.01,0.18,1.06,-0.07,0.03,-0.01,0.66,9.62
0.01,0.18,1.06,-0.09,0.05,-0.03,0.68,9.72
0.02,0.17,1.06,-0.1,0.07,-0.04,0.86,9.34
0.02,0.17,1.05,-0.12,0.06,-0.04,1.03,8.96
0.01,0.17,1.05,-0.13,0.08,-0.06,0.75,9.07
-0.0,0.17,1.04,-0.15,0.11,-0.07,-0.27,9.35
-0.01,0.2,1.04,-0.15,0.1,-0.06,-0.6,10.81
-0.0,0.21,1.02,-0.15,0.1,-0.06,-0.18,11.69
-0.01,0.22,1.03,-0.16,0.11,-0.05,-0.5,12.27
-0.0,0.24,1.04,-0.14,0.1,-0.02,-0.21,13.14
-0.01,0.22,1.05,-0.15,0.12,-0.01,-0.33,11.87
-0.01,0.21,1.07,-0.13,0.1,-0.01,-0.26,11.1
-0.0,0.2,1.08,-0.11,0.09,-0.02,-0.2,10.69
0.01,0.19,1.07,-0.1,0.1,-0.04,0.38,10.19
0.0,0.18,1.06,-0.09,0.09,-0.05,0.04,9.86
0.0,0.19,1.03,-0.09,0.08,-0.06,0.15,10.38
0.0,0.18,1.01,-0.03,0.2,-0.22,0.03,9.98
0.0,0.19,0.99,-0.1,0.05,-0.06,0.01,10.76
-0.02,0.21,1.0,-0.1,0.04,-0.05,-0.9,11.65
-0.02,0.21,1.0,-0.08,0.01,-0.02,-0.99,11.88
-0.02,0.2,1.01,-0.07,-0.01,-0.01,-1.3,11.31
-0.02,0.19,1.02,-0.05,0.0,0.01,-1.21,10.78
-0.02,0.19,1.02,-0.04,0.01,0.01,-1.28,10.45
-0.02,0.19,1.03,-0.05,0.01,0.02,-1.19,10.54
-0.02,0.2,1.03,-0.03,-0.0,0.02,-0.89,10.86
-0.01,0.2,1.03,-0.03,-0.01,0.05,-0.3,10.77
-0.01,0.19,1.04,-0.04,0.02,0.05,-0.44,10.49
0.0,0.18,1.05,-0.03,0.02,0.06,0.11,10.03
0.01,0.18,1.06,-0.03,0.02,0.06,0.52,9.49
0.02,0.18,1.06,-0.04,0.01,0.05,0.84,9.44
0.02,0.18,1.07,-0.03,0.03,0.03,0.85,9.4
0.02,0.18,1.07,-0.04,0.03,0.02,1.03,9.5
0.01,0.18,1.06,-0.04,0.03,0.0,0.72,9.56
0.01,0.18,1.07,-0.04,0.03,-0.0,0.6,9.52
0.01,0.19,1.07,-0.03,0.04,-0.02,0.31,9.98
0.0,0.19,1.08,-0.03,0.04,-0.03,0.03,10.08
-0.0,0.19,1.07,-0.03,0.05,-0.05,-0.19,10.15
0.0,0.19,1.06,-0.02,0.05,-0.06,0.09,10.12
0.0,0.2,1.04,-0.01,0.05,-0.07,0.04,10.95
0.0,0.2,1.04,-0.01,0.06,-0.06,0.22,11.0
0.0,0.2,1.02,-0.0,0.06,-0.06,0.26,11.16
0.0,0.2,1.01,-0.01,0.03,-0.05,0.12,11.15
0.01,0.2,1.01,-0.01,0.04,-0.05,0.53,11.07
0.01,0.19,1.01,-0.03,0.04,-0.04,0.6,10.61
0.01,0.18,1.01,-0.04,0.03,-0.03,0.72,10.06
0.01,0.19,1.01,-0.03,0.0,-0.02,0.38,10.43
-0.0,0.18,1.02,-0.06,0.01,-0.02,-0.01,10.3
-0.0,0.19,1.01,-0.07,0.02,-0.01,-0.14,10.56
-0.01,0.19,1.02,-0.07,0.01,-0.01,-0.31,10.55
-0.01,0.19,1.03,-0.08,0.01,0.0,-0.78,10.5
-0.02,0.2,1.04,-0.08,-0.01,0.0,-1.13,10.97
-0.03,0.21,1.04,-0.07,-0.0,0.0,-1.72,11.51
-0.04,0.21,1.05,-0.07,0.01,0.01,-2.24,11.51
-0.04,0.22,1.06,-0.05,-0.0,0.01,-2.04,11.77
-0.02,0.21,1.06,-0.06,0.01,0.02,-1.2,11.34
-0.01,0.21,1.06,-0.08,0.06,0.02,-0.43,11.24
-0.02,0.21,1.06,-0.08,0.06,0.03,-0.83,11.4
-0.0,0.21,1.06,-0.08,0.07,0.03,-0.07,11.13
0.01,0.21,1.07,-0.1,0.08,0.03,0.67,11.09
0.02,0.19,1.06,-0.12,0.1,0.0,1.28,10.32
0.04,0.19,1.06,-0.17,0.12,-0.02,2.06,10.14
0.05,0.19,1.06,-0.22,0.13,-0.04,2.91,10.34
0.06,0.2,1.05,-0.28,0.13,-0.04,3.07,10.57
0.07,0.2,1.05,-0.36,0.16,-0.06,3.86,10.58
0.07,0.21,1.07,-0.47,0.17,-0.06,3.78,11.19
0.07,0.24,1.09,-0.55,0.17,-0.08,3.67,12.64
0.07,0.26,1.1,-0.64,0.19,-0.09,3.66,13.1
0.09,0.28,1.15,-0.75,0.24,-0.11,4.14,13.51
0.09,0.3,1.17,-0.86,0.28,-0.14,4.29,14.29
0.08,0.34,1.21,-0.95,0.3,-0.15,3.83,15.68
0.09,0.39,1.24,-1.04,0.33,-0.17,3.88,17.34
0.09,0.43,1.27,-1.13,0.39,-0.2,3.79,18.77
0.09,0.47,1.31,-1.22,0.42,-0.24,3.67,19.55
0.1,0.49,1.35,-1.28,0.43,-0.27,4.1,20.07
0.12,0.51,1.39,-1.36,0.47,-0.33,4.45,20.12
0.13,0.53,1.44,-1.47,0.55,-0.39,4.87,20.23
0.15,0.54,1.48,-1.59,0.65,-0.44,5.6,20.08
0.17,0.58,1.51,-1.73,0.9,-0.63,5.99,21.03
0.18,0.59,1.55,-1.88,0.9,-0.54,6.18,20.57
0.19,0.58,1.61,-2.1,1.05,-0.64,6.33,19.71
0.18,0.58,1.65,-2.23,1.13,-0.7,5.83,19.14
0.16,0.58,1.7,-2.42,1.26,-0.84,4.94,18.68
0.13,0.59,1.78,-2.6,1.38,-0.97,3.96,18.2
0.08,0.61,1.87,-2.79,1.55,-1.1,2.2,18.0
0.01,0.62,1.95,-2.94,1.75,-1.22,0.26,17.64
-0.07,0.67,2.01,-3.05,1.96,-1.35,-1.83,18.46
-0.14,0.73,2.04,-3.11,2.18,-1.42,-3.76,19.71
-0.22,0.78,2.06,-3.13,2.44,-1.49,-5.71,20.63
-0.29,0.83,2.08,-3.1,2.62,-1.52,-7.33,21.5
-0.32,0.79,2.06,-3.02,2.85,-1.52,-8.35,20.71
-0.37,0.75,2.05,-2.86,3.06,-1.5,-9.61,19.86
-0.43,0.74,2.01,-2.67,3.32,-1.49,-11.27,19.78
-0.47,0.74,1.96,-2.42,3.58,-1.43,-12.77,20.23
-0.51,0.75,1.91,-2.13,3.79,-1.35,-13.93,20.78
-0.54,0.77,1.87,-1.81,3.94,-1.21,-14.85,21.48
-0.56,0.77,1.84,-1.51,4.1,-1.07,-15.79,21.87
-0.57,0.76,1.82,-1.18,4.23,-0.89,-16.22,21.8
-0.58,0.73,1.83,-0.79,4.31,-0.69,-16.31,20.78
-0.57,0.66,1.87,-0.44,4.34,-0.53,-15.9,18.62
-0.53,0.57,1.94,-0.11,4.34,-0.39,-14.66,15.77
-0.48,0.44,2.02,0.18,4.34,-0.28,-13.09,12.09
-0.45,0.34,2.07,0.43,4.34,-0.19,-11.98,9.03
-0.38,0.18,2.05,0.63,4.34,-0.15,-10.57,5.0
-0.33,0.07,2.0,0.79,4.34,-0.13,-9.25,1.92
-0.29,-0.01,1.93,0.88,4.34,-0.09,-8.43,-0.4
-0.25,-0.11,1.87,0.93,4.34,-0.06,-7.74,-3.25
-0.22,-0.2,1.8,0.96,4.34,-0.03,-6.78,-6.16
-0.18,-0.27,1.74,0.93,4.34,0.0,-5.75,-8.65
-0.13,-0.3,1.68,0.89,4.34,0.05,-4.45,-10.22
-0.09,-0.37,1.62,0.82,4.34,0.1,-2.95,-12.76
-0.05,-0.42,1.56,0.72,4.34,0.14,-1.79,-15.21
-0.03,-0.49,1.5,0.58,4.34,0.16,-1.25,-18.01
-0.02,-0.54,1.44,0.41,4.34,0.17,-0.85,-20.55
-0.02,-0.56,1.42,0.24,4.34,0.2,-0.82,-21.48
-0.04,-0.57,1.42,0.09,4.34,0.22,-1.5,-21.95
-0.07,-0.57,1.43,-0.03,4.34,0.24,-2.69,-21.71
-0.11,-0.54,1.44,-0.12,4.34,0.28,-3.92,-20.57
-0.15,-0.49,1.46,-0.16,4.34,0.33,-5.51,-18.56
-0.18,-0.46,1.49,-0.14,4.34,0.42,-6.61,-16.93
-0.2,-0.47,1.58,-0.05,4.34,0.51,-6.8,-16.32
-0.2,-0.49,1.65,0.09,4.34,0.57,-6.64,-16.53
-0.21,-0.54,1.68,0.29,4.34,0.62,-6.69,-17.8
-0.19,-0.59,1.63,0.54,4.34,0.66,-6.22,-19.72
-0.16,-0.63,1.55,0.77,4.34,0.69,-5.56,-21.89
-0.11,-0.67,1.45,0.96,4.34,0.72,-4.06,-24.54
-0.06,-0.72,1.36,1.11,4.34,0.74,-2.23,-27.73
-0.01,-0.77,1.27,1.26,4.34,0.74,-0.41,-31.32
0.03,-0.81,1.18,1.38,4.34,0.71,1.38,-34.64
0.08,-0.82,1.05,1.45,4.34,0.68,3.52,-37.82
0.13,-0.8,0.92,1.48,4.34,0.63,6.17,-40.96
0.17,-0.79,0.8,1.47,4.34,0.58,8.48,-44.02
0.19,-0.77,0.72,1.44,4.34,0.53,10.12,-46.09
0.19,-0.75,0.66,1.39,4.34,0.46,11.0,-47.34
0.2,-0.69,0.6,1.34,4.34,0.43,12.12,-47.72
0.21,-0.62,0.52,1.31,4.34,0.4,14.34,-47.87
0.23,-0.57,0.47,1.27,4.34,0.4,17.04,-47.66
0.23,-0.54,0.41,1.2,4.34,0.39,19.09,-48.82
0.23,-0.51,0.36,1.15,4.34,0.39,20.25,-49.73
0.23,-0.47,0.31,1.13,4.34,0.39,22.79,-50.47
0.24,-0.42,0.26,1.1,4.34,0.37,25.95,-49.87
0.25,-0.38,0.22,1.1,4.34,0.36,29.73,-48.54
0.26,-0.33,0.17,1.06,4.34,0.35,34.67,-46.54
0.26,-0.3,0.13,1.05,4.34,0.33,38.82,-45.67
0.26,-0.25,0.08,1.03,4.34,0.3,44.18,-43.18
0.26,-0.23,0.04,1.01,4.3,0.29,48.97,-40.11
0.28,-0.2,0.02,0.98,4.22,0.25,54.56,-35.13
0.28,-0.18,0.01,0.96,4.11,0.22,57.6,-32.37
0.29,-0.16,-0.01,0.94,3.97,0.17,60.94,-28.92
0.28,-0.13,-0.02,0.93,3.9,0.1,63.92,-25.89
0.25,-0.12,-0.02,0.94,3.76,0.04,64.93,-24.56
0.24,-0.08,-0.02,0.94,3.66,-0.01,71.5,-17.71
0.23,-0.03,-0.01,0.97,3.55,-0.05,83.58,-6.22
0.21,0.06,-0.01,0.99,3.45,-0.09,73.62,15.9
0.2,0.13,-0.04,0.98,3.39,-0.11,56.34,32.21
0.2,0.2,-0.05,0.95,3.28,-0.1,43.77,44.79
0.17,0.28,-0.04,0.91,3.15,-0.09,31.33,57.54
0.16,0.32,-0.03,0.85,3.02,-0.06,26.67,62.98
0.18,0.32,0.02,0.78,2.9,-0.03,28.85,61.0
0.2,0.33,0.03,0.75,2.77,-0.01,30.98,58.6
0.2,0.33,0.03,0.69,2.64,-0.01,31.39,58.19
0.21,0.31,0.03,0.63,2.51,-0.01,33.65,55.9
0.22,0.31,0.05,0.58,2.44,-0.05,35.94,52.99
0.22,0.29,0.07,0.53,2.35,-0.09,36.23,51.38
0.21,0.27,0.12,0.53,2.25,-0.12,35.22,48.3
0.19,0.28,0.15,0.53,2.16,-0.16,30.91,48.71
0.18,0.3,0.19,0.54,2.09,-0.2,27.56,48.68
0.18,0.32,0.21,0.56,2.0,-0.22,25.27,49.52
0.17,0.35,0.2,0.59,1.89,-0.26,22.76,53.42
0.17,0.39,0.19,0.56,1.82,-0.28,20.94,56.91
0.17,0.44,0.2,0.56,1.73,-0.29,19.18,59.52
0.16,0.48,0.23,0.5,1.62,-0.31,16.96,59.6
0.15,0.53,0.25,0.46,1.49,-0.31,14.03,61.32
0.14,0.55,0.26,0.4,1.36,-0.32,12.59,61.83
0.12,0.54,0.29,0.32,1.28,-0.33,10.72,59.92
0.11,0.53,0.34,0.26,1.21,-0.29,10.4,55.91
0.12,0.5,0.38,0.22,1.12,-0.27,11.08,51.49
0.13,0.48,0.42,0.19,1.01,-0.27,11.79,47.72
0.14,0.45,0.44,0.17,0.92,-0.29,12.69,44.51
0.14,0.42,0.46,0.16,0.81,-0.33,13.11,41.08
0.13,0.41,0.5,0.15,0.72,-0.38,11.36,38.43
0.11,0.4,0.55,0.14,0.63,-0.41,8.85,35.82
0.09,0.39,0.59,0.15,0.55,-0.42,6.88,33.51
0.06,0.37,0.62,0.14,0.5,-0.44,4.74,30.35
0.02,0.33,0.67,0.18,0.42,-0.43,1.81,26.06
-0.01,0.29,0.72,0.22,0.36,-0.44,-1.01,22.25
-0.05,0.28,0.77,0.3,0.31,-0.44,-3.21,19.97
-0.08,0.28,0.82,0.39,0.26,-0.44,-5.51,18.52
-0.11,0.27,0.86,0.48,0.21,-0.41,-7.01,17.61
-0.11,0.29,0.87,0.57,0.21,-0.36,-6.64,18.35
-0.1,0.36,0.85,0.64,0.24,-0.29,-6.32,22.63
-0.08,0.44,0.81,0.66,0.29,-0.22,-4.88,28.25
-0.05,0.53,0.77,0.63,0.32,-0.12,-3.29,34.85
-0.02,0.6,0.72,0.53,0.37,-0.04,-1.43,39.74
-0.0,0.66,0.68,0.4,0.42,0.03,-0.22,44.2
0.01,0.68,0.66,0.26,0.43,0.08,0.35,45.93
0.02,0.69,0.65,0.12,0.41,0.14,1.17,46.75
0.02,0.66,0.66,0.01,0.37,0.16,1.24,45.02
0.02,0.64,0.66,-0.11,0.33,0.19,0.94,44.14
0.02,0.63,0.67,-0.21,0.26,0.21,1.54,43.07
0.0,0.58,0.68,-0.29,0.18,0.21,0.13,40.42
-0.01,0.53,0.7,-0.35,0.13,0.17,-0.5,37.09
-0.02,0.46,0.74,-0.37,0.06,0.15,-1.38,31.96
-0.03,0.43,0.78,-0.39,0.01,0.12,-2.25,29.22
-0.05,0.41,0.82,-0.38,-0.06,0.11,-3.27,26.49
-0.06,0.36,0.84,-0.33,-0.1,0.08,-3.65,23.52
-0.07,0.34,0.85,-0.29,-0.15,0.05,-4.65,21.59
-0.09,0.32,0.88,-0.24,-0.17,0.04,-5.29,19.89
-0.1,0.31,0.93,-0.19,-0.24,0.05,-5.78,18.23
-0.1,0.3,0.96,-0.14,-0.29,0.08,-5.66,17.25
-0.08,0.29,0.98,-0.1,-0.33,0.12,-4.63,16.27
-0.08,0.27,0.97,-0.05,-0.36,0.16,-4.6,15.62
-0.07,0.26,0.96,0.0,-0.37,0.21,-4.18,15.23
-0.04,0.27,0.96,0.04,-0.35,0.23,-2.31,15.44
-0.01,0.27,0.94,0.04,-0.36,0.3,-0.69,15.91
-0.0,0.27,0.92,0.03,-0.32,0.33,-0.05,16.04
0.02,0.25,0.91,0.01,-0.29,0.36,1.01,15.4
0.04,0.23,0.9,-0.03,-0.26,0.38,2.43,14.1
0.06,0.19,0.91,-0.05,-0.25,0.38,3.81,11.69
0.08,0.17,0.91,-0.07,-0.22,0.36,5.04,10.54
0.09,0.15,0.91,-0.08,-0.19,0.33,5.67,9.29
0.11,0.13,0.88,-0.1,-0.17,0.29,6.7,8.54
0.11,0.14,0.88,-0.1,-0.17,0.25,6.76,8.73
0.09,0.14,0.92,-0.1,-0.13,0.19,5.62,8.61
0.09,0.16,0.93,-0.1,-0.12,0.17,5.25,9.87
0.08,0.17,0.94,-0.11,-0.14,0.13,4.66,10.25
0.07,0.18,0.92,-0.12,-0.15,0.1,4.24,10.94
0.05,0.19,0.93,-0.13,-0.13,0.07,2.88,11.28
0.03,0.19,0.95,-0.15,-0.12,0.07,1.98,11.31
0.04,0.18,0.97,-0.13,-0.15,0.07,2.2,10.45
0.04,0.17,0.96,-0.14,-0.14,0.05,2.45,10.02
0.04,0.14,0.95,-0.14,-0.15,0.04,2.44,8.51
0.03,0.12,0.94,-0.12,-0.12,0.01,2.01,7.34
0.02,0.11,0.94,-0.09,-0.1,-0.02,1.13,6.74
0.0,0.13,0.94,-0.04,-0.08,-0.04,0.02,7.66
-0.01,0.15,0.95,-0.01,-0.06,-0.05,-0.42,9.16
-0.02,0.17,0.95,0.0,-0.04,-0.05,-1.21,10.26
-0.02,0.19,0.96,0.03,-0.04,-0.05,-1.43,11.02
-0.02,0.2,0.94,0.06,-0.04,-0.04,-1.0,11.86
-0.02,0.23,0.92,0.06,-0.04,-0.05,-1.12,14.16
-0.02,0.26,0.91,0.05,-0.05,-0.04,-1.23,16.16
-0.02,0.29,0.91,0.0,-0.06,-0.05,-1.25,17.56
-0.02,0.28,0.91,-0.02,-0.07,-0.04,-1.3,17.22
-0.03,0.26,0.91,-0.06,-0.08,-0.02,-1.54,16.2
-0.02,0.24,0.91,-0.1,-0.05,-0.02,-1.3,14.53
-0.03,0.21,0.93,-0.12,-0.05,-0.0,-1.5,12.56
-0.02,0.18,0.96,-0.1,-0.04,0.0,-1.28,10.49
-0.02,0.17,0.95,-0.09,-0.03,0.0,-1.27,10.12
-0.02,0.16,0.95,-0.09,0.0,-0.01,-1.13,9.79
-0.02,0.17,0.95,-0.05,-0.01,-0.01,-1.27,10.09
-0.03,0.18,0.97,-0.04,-0.01,-0.01,-1.78,10.35
-0.03,0.19,0.95,-0.03,-0.02,0.01,-1.72,11.22
-0.05,0.19,0.95,-0.03,0.02,0.01,-2.68,11.5
-0.03,0.22,0.94,-0.02,-0.0,0.03,-1.51,12.93
-0.02,0.21,0.93,-0.02,-0.03,0.04,-1.05,12.69
-0.01,0.2,0.93,-0.02,-0.04,0.03,-0.57,11.87
0.0,0.19,0.91,-0.02,-0.03,0.02,0.19,11.54
0.0,0.17,0.92,-0.05,-0.0,0.02,0.22,10.36
0.0,0.18,0.92,-0.02,-0.0,0.0,0.03,10.88
-0.01,0.18,0.94,-0.03,0.01,0.01,-0.33,11.17
0.0,0.18,0.93,-0.04,0.01,0.01,0.26,11.18
-0.0,0.19,0.93,-0.05,0.02,0.01,-0.12,11.4
-0.01,0.18,0.92,-0.05,0.01,0.0,-0.51,10.75
-0.01,0.17,0.91,-0.02,0.03,-0.02,-0.49,10.41
-0.02,0.17,0.92,-0.02,0.05,-0.03,-1.0,10.3
-0.03,0.16,0.94,0.01,0.06,-0.04,-1.51,9.91
-0.03,0.18,0.95,0.04,0.04,-0.04,-1.69,10.54
-0.03,0.19,0.95,0.06,0.02,-0.03,-1.87,11.47
-0.02,0.2,0.94,0.06,0.03,-0.02,-1.06,12.02
-0.01,0.2,0.93,0.09,0.01,-0.02,-0.73,12.25
-0.01,0.2,0.92,0.11,0.02,-0.02,-0.51,12.41
-0.01,0.2,0.92,0.13,0.04,-0.04,-0.62,12.42
-0.01,0.21,0.91,0.13,0.02,-0.04,-0.38,12.66
0.0,0.21,0.91,0.12,0.02,-0.04,0.07,12.78
0.01,0.21,0.91,0.1,0.01,-0.05,0.39,13.08
0.01,0.2,0.9,0.09,-0.0,-0.04,0.76,12.59
0.03,0.2,0.9,0.08,-0.0,-0.05,1.6,12.53
0.02,0.19,0.89,0.04,0.02,-0.06,1.49,12.03
0.02,0.2,0.88,0.01,0.03,-0.07,1.14,12.52
0.02,0.2,0.91,-0.0,0.02,-0.07,1.06,12.7
0.01,0.21,0.91,-0.02,0.03,-0.06,0.56,12.89
0.01,0.21,0.9,-0.03,0.03,-0.06,0.39,13.18
-0.01,0.21,0.89,-0.05,0.02,-0.06,-0.38,13.37
-0.02,0.23,0.89,-0.07,-0.0,-0.06,-1.18,14.26
-0.03,0.24,0.9,-0.07,-0.01,-0.05,-2.04,14.82
-0.04,0.24,0.91,-0.11,-0.0,-0.05,-2.2,14.94
-0.04,0.24,0.92,-0.11,-0.03,-0.03,-2.36,14.59
-0.05,0.22,0.91,-0.1,-0.05,-0.02,-2.81,13.73
-0.05,0.21,0.92,-0.09,-0.06,-0.01,-3.14,12.7
-0.06,0.22,0.92,-0.1,-0.04,-0.0,-3.44,13.32
-0.06,0.22,0.93,-0.08,-0.07,0.02,-3.55,13.27
-0.04,0.22,0.92,-0.09,-0.08,0.02,-2.18,13.15
-0.03,0.2,0.92,-0.06,-0.1,0.01,-1.88,12.34
-0.02,0.18,0.92,-0.06,-0.11,0.01,-1.3,11.4
-0.01,0.18,0.92,-0.06,-0.12,-0.01,-0.88,10.91
-0.02,0.18,0.91,-0.06,-0.12,-0.01,-1.08,11.09
-0.01,0.19,0.91,-0.06,-0.12,-0.02,-0.92,11.54
-0.02,0.18,0.91,-0.09,-0.1,-0.03,-1.45,11.25
-0.03,0.17,0.93,-0.12,-0.07,-0.03,-1.76,10.21
-0.04,0.17,0.93,-0.09,-0.07,-0.03,-2.21,10.08
-0.04,0.16,0.95,-0.1,-0.04,-0.03,-2.44,9.52
-0.04,0.16,0.97,-0.09,-0.03,-0.03,-2.55,9.55
-0.05,0.18,0.97,-0.08,-0.01,-0.02,-2.62,10.46
-0.05,0.19,0.95,-0.08,-0.0,-0.01,-3.05,11.29
-0.05,0.19,0.95,-0.06,-0.02,0.0,-3.13,11.14
-0.04,0.2,0.94,-0.07,0.0,0.01,-2.5,12.14
-0.04,0.19,0.94,-0.07,0.01,0.03,-2.14,11.61
-0.02,0.19,0.95,-0.07,0.01,0.02,-1.23,11.59
-0.02,0.2,0.94,-0.07,-0.01,0.04,-1.04,11.75
-0.02,0.2,0.93,-0.07,0.01,0.03,-1.23,12.12
-0.02,0.2,0.93,-0.08,0.01,0.03,-1.29,12.36
-0.01,0.21,0.92,-0.08,0.02,0.03,-0.46,13.1
-0.01,0.22,0.92,-0.08,-0.0,0.04,-0.35,13.6
-0.0,0.23,0.92,-0.09,-0.0,0.03,-0.2,13.78
-0.0,0.22,0.92,-0.14,-0.0,0.03,-0.24,13.22
-0.01,0.21,0.93,-0.14,0.0,0.03,-0.33,12.62
-0.01,0.19,0.93,-0.13,-0.01,0.02,-0.79,11.77
-0.02,0.19,0.93,-0.16,-0.01,0.01,-1.08,11.56
-0.02,0.19,0.93,-0.16,0.01,0.01,-1.29,11.76
-0.02,0.2,0.93,-0.16,-0.0,0.03,-1.39,11.92
-0.02,0.2,0.93,-0.16,0.02,0.03,-1.48,11.92
-0.03,0.19,0.93,-0.14,0.01,0.03,-1.94,11.8
-0.04,0.19,0.92,-0.15,0.03,0.03,-2.2,11.86
-0.03,0.18,0.93,-0.14,0.02,0.03,-2.07,11.22
-0.02,0.18,0.92,-0.11,0.01,0.04,-1.5,11.21
-0.02,0.17,0.92,-0.09,-0.02,0.04,-0.97,10.53
-0.02,0.17,0.9,-0.09,-0.01,0.02,-1.03,10.97
-0.02,0.17,0.9,-0.08,-0.02,0.01,-1.56,10.99
-0.04,0.19,0.9,-0.0,0.1,-0.14,-2.39,12.17
-0.03,0.21,0.91,-0.07,-0.04,0.01,-1.85,12.7
-0.02,0.2,0.92,-0.06,-0.07,0.02,-1.43,12.5
-0.03,0.2,0.91,-0.08,-0.06,0.02,-1.78,12.3
-0.03,0.2,0.91,-0.09,-0.06,0.03,-1.69,12.27
-0.03,0.19,0.92,-0.09,-0.06,0.04,-1.83,11.85
-0.02,0.19,0.94,-0.11,-0.02,0.05,-1.24,11.48
-0.01,0.2,0.93,-0.13,-0.02,0.08,-0.68,12.03
0.0,0.2,0.92,-0.15,-0.02,0.08,0.1,12.22
0.01,0.2,0.92,-0.15,-0.03,0.08,0.62,12.17
0.01,0.18,0.92,-0.18,-0.01,0.07,0.72,11.19
0.01,0.18,0.93,-0.17,-0.03,0.08,0.69,10.87
0.01,0.18,0.94,-0.17,-0.01,0.07,0.6,10.65
0.01,0.17,0.94,-0.17,-0.03,0.08,0.54,10.39
0.01,0.18,0.94,-0.16,-0.03,0.06,0.69,10.79
0.01,0.18,0.94,-0.16,-0.03,0.06,0.7,10.75
0.01,0.17,0.94,-0.15,-0.03,0.06,0.74,10.42
0.02,0.17,0.95,-0.15,-0.06,0.07,1.14,10.04
0.03,0.16,0.94,-0.15,-0.06,0.05,1.8,9.62
0.03,0.15,0.94,-0.15,-0.05,0.04,1.88,8.8
0.03,0.12,0.92,-0.13,-0.06,0.02,1.62,7.36
0.02,0.11,0.94,-0.12,-0.06,-0.0,1.04,6.79
0.01,0.11,0.95,-0.08,-0.05,-0.01,0.87,6.82
0.0,0.12,0.97,-0.07,-0.03,-0.02,0.07,6.97
-0.01,0.14,0.97,-0.04,-0.04,-0.02,-0.29,8.13
-0.01,0.14,0.96,-0.02,-0.03,-0.02,-0.4,8.14
-0.0,0.14,0.95,-0.02,-0.02,-0.0,-0.2,8.62
-0.01,0.16,0.94,-0.01,-0.0,0.01,-0.33,9.7
-0.0,0.17,0.93,-0.01,0.0,0.01,-0.22,10.27
0.0,0.19,0.93,0.05,0.15,-0.13,0.3,11.52
0.01,0.2,0.93,-0.02,0.01,0.02,0.52,11.96
0.01,0.19,0.92,-0.05,-0.0,0.03,0.77,11.97
0.0,0.2,0.9,-0.07,0.01,0.04,0.27,12.49
-0.0,0.2,0.92,-0.08,-0.01,0.03,-0.08,12.26
0.0,0.2,0.91,-0.09,0.01,0.03,0.07,12.26
0.0,0.22,0.92,-0.11,0.02,0.03,0.14,13.23
-0.0,0.22,0.92,-0.12,-0.0,0.05,-0.3,13.29
0.0,0.21,0.92,-0.13,-0.02,0.06,0.08,12.72
0.01,0.2,0.91,-0.14,-0.04,0.05,0.38,12.5
0.01,0.18,0.91,-0.13,-0.04,0.04,0.47,11.39
0.01,0.17,0.9,-0.13,-0.06,0.02,0.8,10.63
0.01,0.16,0.91,-0.14,-0.07,0.01,0.45,10.19
-0.0,0.15,0.92,-0.11,-0.07,-0.01,-0.04,9.17
-0.0,0.15,0.92,-0.09,-0.07,-0.03,-0.21,8.97
-0.01,0.16,0.93,-0.07,-0.07,-0.03,-0.52,9.63
-0.01,0.16,0.94,-0.05,-0.08,-0.03,-0.89,9.84
-0.02,0.18,0.93,-0.03,-0.09,-0.03,-1.29,10.76
-0.02,0.19,0.93,-0.03,-0.08,-0.03,-1.47,11.68
-0.02,0.21,0.92,-0.04,-0.08,-0.01,-0.93,12.61
-0.01,0.23,0.9,-0.05,-0.08,0.01,-0.9,14.06
0.0,0.24,0.9,-0.07,-0.08,0.02,0.11,15.07
0.01,0.26,0.88,-0.12,-0.05,0.01,0.72,16.56
0.02,0.27,0.87,-0.17,-0.08,0.03,1.12,17.07
0.0,0.27,0.87,-0.24,-0.07,0.03,0.15,17.06
0.0,0.24,0.89,-0.29,-0.09,0.03,0.1,15.03
0.0,0.22,0.89,-0.32,-0.07,0.04,0.02,13.92
-0.0,0.19,0.9,-0.31,-0.07,0.04,-0.05,12.19
-0.0,0.18,0.9,-0.36,-0.12,0.07,-0.1,11.14
-0.0,0.17,0.9,-0.33,-0.09,0.05,-0.12,10.81
0.0,0.17,0.9,-0.31,-0.07,0.01,0.24,10.63
0.01,0.16,0.91,-0.29,-0.1,-0.0,0.66,10.17
0.01,0.16,0.89,-0.27,-0.12,-0.03,0.86,10.06
0.0,0.15,0.89,-0.27,-0.12,-0.06,0.12,9.57
-0.0,0.15,0.9,-0.26,-0.13,-0.08,-0.26,9.68
-0.01,0.17,0.91,-0.25,-0.1,-0.08,-0.86,10.62
-0.01,0.21,0.9,-0.26,-0.08,-0.07,-0.32,12.9
0.01,0.26,0.88,-0.3,-0.06,-0.05,0.63,16.78
0.02,0.32,0.85,-0.37,-0.04,-0.05,1.29,20.73
0.03,0.35,0.82,-0.47,-0.02,-0.03,1.74,23.04
0.04,0.35,0.81,-0.6,-0.02,-0.01,2.6,23.35
0.03,0.34,0.81,-0.69,-0.03,-0.01,2.12,22.6
0.04,0.33,0.81,-0.77,-0.02,0.0,2.51,22.0
0.03,0.31,0.82,-0.86,-0.04,-0.01,1.77,20.82
0.02,0.29,0.83,-0.93,-0.04,-0.01,1.22,19.55
0.01,0.26,0.83,-0.99,-0.09,-0.02,0.84,17.44
0.0,0.23,0.86,-1.02,-0.11,-0.04,0.15,14.78
-0.02,0.2,0.9,-1.04,-0.12,-0.05,-1.04,12.22
-0.02,0.15,0.93,-1.03,-0.14,-0.04,-1.39,9.16
-0.02,0.15,0.93,-1.0,-0.15,-0.04,-1.12,8.96
-0.0,0.16,0.9,-0.97,-0.11,-0.03,-0.08,10.01
0.01,0.18,0.87,-0.99,-0.06,-0.03,0.53,11.78
0.02,0.18,0.87,-1.04,-0.07,-0.03,1.47,11.88
0.03,0.16,0.89,-1.07,-0.05,-0.05,1.6,10.44
0.02,0.14,0.92,-1.07,-0.07,-0.06,1.39,8.77
0.01,0.12,0.94,-1.06,-0.05,-0.07,0.65,7.53
0.01,0.12,0.94,-1.07,-0.04,-0.07,0.87,7.59
0.02,0.13,0.93,-1.05,-0.03,-0.08,1.47,7.98
0.02,0.13,0.93,-1.04,-0.03,-0.08,1.21,7.85
0.02,0.14,0.92,-1.05,0.01,-0.1,1.25,8.35
0.01,0.13,0.93,-1.04,-0.0,-0.1,0.64,8.07
0.01,0.12,0.95,-1.02,-0.02,-0.12,0.76,7.0
0.0,0.1,0.97,-1.02,-0.03,-0.13,0.16,6.1
-0.01,0.08,0.98,-0.96,-0.05,-0.13,-0.3,4.61
-0.02,0.08,0.99,-0.9,-0.05,-0.15,-0.96,4.38
-0.03,0.07,1.0,-0.84,-0.07,-0.16,-1.51,4.18
-0.03,0.07,1.02,-0.77,-0.09,-0.15,-1.6,4.06
-0.04,0.07,1.03,-0.73,-0.1,-0.16,-2.36,3.74
-0.05,0.06,1.03,-0.64,-0.13,-0.15,-2.59,3.17
-0.04,0.06,1.03,-0.54,-0.14,-0.14,-2.21,3.2
-0.03,0.09,1.0,-0.48,-0.13,-0.14,-1.53,4.96
-0.02,0.15,0.96,-0.46,-0.08,-0.13,-0.93,8.63
-0.0,0.2,0.92,-0.48,-0.07,-0.1,-0.16,12.1
0.01,0.21,0.9,-0.51,-0.07,-0.09,0.32,13.05
0.02,0.21,0.89,-0.57,-0.09,-0.09,1.03,13.14
0.02,0.18,0.89,-0.63,-0.08,-0.1,1.2,11.49
0.01,0.17,0.89,-0.65,-0.08,-0.11,0.75,10.83
0.01,0.16,0.9,-0.68,-0.07,-0.12,0.45,10.36
0.01,0.17,0.9,-0.7,-0.05,-0.14,0.36,10.77
-0.0,0.17,0.9,-0.76,-0.04,-0.14,-0.24,10.62
-0.01,0.16,0.91,-0.77,-0.03,-0.14,-0.79,10.12
-0.02,0.15,0.93,-0.79,-0.03,-0.15,-1.42,8.88
-0.03,0.12,0.96,-0.79,-0.04,-0.15,-1.79,6.96
-0.03,0.1,0.98,-0.76,-0.02,-0.14,-1.72,5.79
-0.04,0.09,0.99,-0.73,-0.01,-0.15,-2.11,5.42
-0.05,0.1,1.0,-0.7,0.01,-0.13,-2.6,5.76
-0.04,0.1,1.01,-0.65,-0.0,-0.11,-2.52,5.41
-0.04,0.07,1.02,-0.59,-0.03,-0.11,-1.99,4.07
-0.03,0.05,1.03,-0.53,-0.04,-0.09,-1.39,2.55
-0.02,0.04,1.02,-0.46,-0.05,-0.09,-1.09,2.1
-0.02,0.04,1.01,-0.39,-0.06,-0.1,-1.07,2.47
-0.02,0.06,1.01,-0.31,-0.06,-0.11,-1.27,3.52
-0.01,0.07,1.0,-0.29,-0.06,-0.12,-0.81,4.23
-0.02,0.08,0.99,-0.24,-0.08,-0.13,-1.18,4.61
-0.03,0.09,0.99,-0.2,-0.09,-0.13,-1.98,5.02
-0.04,0.09,1.0,-0.16,-0.12,-0.12,-2.2,5.18
-0.04,0.1,1.0,-0.15,-0.1,-0.13,-2.41,5.64
-0.04,0.12,0.99,-0.11,-0.11,-0.1,-2.39,7.12
-0.04,0.16,0.97,-0.09,-0.09,-0.09,-2.21,9.38
-0.04,0.19,0.95,-0.1,-0.09,-0.07,-2.34,11.44
-0.03,0.2,0.94,-0.14,-0.08,-0.05,-2.03,12.02
-0.03,0.21,0.92,-0.19,-0.09,-0.03,-2.09,12.74
-0.03,0.18,0.95,-0.22,-0.1,-0.02,-1.92,10.78
-0.04,0.17,0.96,-0.22,-0.11,-0.01,-2.13,10.01
-0.04,0.15,0.97,-0.24,-0.1,0.01,-2.05,8.52
-0.02,0.13,0.98,-0.26,-0.09,0.02,-1.37,7.73
-0.02,0.13,0.97,-0.25,-0.07,0.03,-1.13,7.63
-0.02,0.12,0.99,-0.24,-0.07,0.04,-0.96,6.8
-0.02,0.1,0.99,-0.21,-0.05,0.04,-0.87,5.5
-0.01,0.08,1.0,-0.2,-0.04,0.06,-0.8,4.79
-0.0,0.07,1.0,-0.13,-0.05,0.06,-0.04,3.92
0.01,0.07,1.0,-0.06,-0.05,0.06,0.5,4.15
0.01,0.1,0.97,-0.02,-0.03,0.05,0.7,5.9
0.01,0.13,0.95,0.02,-0.02,0.04,0.81,7.66
0.01,0.15,0.93,0.02,-0.02,0.04,0.78,9.13
0.02,0.17,0.92,0.05,-0.05,0.03,1.05,10.4
0.01,0.17,0.92,0.06,-0.07,0.01,0.76,10.58
0.02,0.18,0.91,0.07,-0.06,0.0,0.99,11.09
0.02,0.18,0.89,0.07,-0.09,-0.01,1.06,11.42
0.02,0.19,0.89,0.08,-0.11,-0.02,1.22,12.17
0.02,0.21,0.88,0.05,-0.1,-0.02,1.04,13.43
0.01,0.22,0.88,0.04,-0.09,-0.02,0.8,13.96
0.01,0.22,0.87,0.03,-0.11,-0.01,0.78,14.48
0.01,0.22,0.87,0.01,-0.12,-0.02,0.87,14.02
0.02,0.22,0.86,-0.01,-0.13,-0.03,1.44,14.29
0.03,0.22,0.85,-0.03,-0.13,-0.04,1.84,14.64
0.02,0.23,0.85,-0.07,-0.15,-0.04,1.46,15.27
0.01,0.23,0.85,-0.1,-0.18,-0.04,0.74,15.06
0.0,0.21,0.87,-0.15,-0.18,-0.05,0.23,13.94
0.0,0.19,0.9,-0.17,-0.17,-0.05,0.04,11.72
0.01,0.17,0.9,-0.19,-0.19,-0.05,0.5,10.51
0.01,0.16,0.9,-0.13,-0.07,-0.21,0.47,10.12
0.01,0.16,0.89,-0.19,-0.2,-0.06,0.32,9.89
-0.0,0.18,0.88,-0.23,-0.17,-0.05,-0.13,11.9
-0.01,0.2,0.87,-0.27,-0.14,-0.03,-0.87,13.05
-0.02,0.2,0.87,-0.31,-0.14,-0.02,-1.06,12.92
-0.02,0.17,0.89,-0.32,-0.14,-0.02,-1.15,11.06
-0.01,0.15,0.9,-0.33,-0.14,-0.02,-0.73,9.13
-0.01,0.12,0.92,-0.32,-0.15,-0.03,-0.73,7.26
-0.02,0.1,0.94,-0.27,-0.17,-0.04,-0.93,6.19
-0.02,0.11,0.94,-0.23,-0.18,-0.04,-1.08,6.51
-0.03,0.12,0.93,-0.19,-0.18,-0.05,-1.57,7.31
-0.02,0.12,0.93,-0.13,-0.24,-0.05,-1.25,7.44
-0.02,0.11,0.94,-0.1,-0.26,-0.07,-1.31,6.72
-0.03,0.11,0.94,-0.04,-0.34,-0.09,-1.63,6.7
-0.03,0.12,0.95,0.0,-0.36,-0.1,-1.92,6.89
-0.03,0.12,0.95,0.04,-0.39,-0.09,-1.99,7.31
-0.03,0.13,0.94,0.06,-0.41,-0.09,-1.63,7.88
-0.02,0.15,0.92,0.06,-0.41,-0.07,-1.21,9.46
-0.02,0.17,0.91,0.02,-0.36,-0.07,-1.25,10.34
-0.01,0.17,0.9,-0.01,-0.36,-0.05,-0.75,10.67
-0.01,0.16,0.9,-0.04,-0.37,-0.04,-0.44,10.08
-0.0,0.16,0.9,-0.09,-0.34,-0.05,-0.31,10.23
0.01,0.16,0.9,-0.13,-0.31,-0.03,0.53,10.17
0.01,0.17,0.9,-0.16,-0.26,-0.02,0.82,10.84
0.02,0.18,0.9,-0.21,-0.23,-0.0,1.2,11.35
0.02,0.18,0.9,-0.25,-0.24,0.01,1.24,11.38
0.01,0.16,0.91,-0.28,-0.22,0.0,0.78,10.02
0.02,0.13,0.93,-0.28,-0.22,-0.0,1.43,8.25
0.04,0.13,0.93,-0.28,-0.21,-0.01,2.13,7.93
0.04,0.13,0.93,-0.26,-0.23,-0.0,2.47,7.74
0.05,0.11,0.93,-0.24,-0.22,-0.02,2.82,6.55
0.05,0.09,0.94,-0.21,-0.23,-0.03,2.87,5.23
0.04,0.08,0.96,-0.16,-0.24,-0.06,2.48,4.72
0.03,0.08,0.97,-0.09,-0.25,-0.06,1.65,4.77
0.02,0.08,0.98,-0.03,-0.23,-0.08,1.2,4.43
0.02,0.09,0.98,0.04,-0.22,-0.08,1.22,5.08
0.02,0.11,0.97,0.12,-0.23,-0.07,0.89,6.22
0.03,0.13,0.94,0.2,-0.23,-0.07,1.68,7.72
0.03,0.16,0.92,0.25,-0.23,-0.06,1.73,9.66
0.04,0.19,0.88,0.29,-0.23,-0.06,2.3,12.4
0.05,0.24,0.84,0.3,-0.25,-0.06,3.25,15.7
0.06,0.28,0.8,0.29,-0.29,-0.05,3.94,18.97
0.06,0.3,0.77,0.28,-0.34,-0.07,4.31,21.27
0.07,0.32,0.73,0.22,-0.39,-0.08,4.74,23.59
0.07,0.33,0.72,0.14,-0.44,-0.1,5.35,24.66
0.07,0.34,0.7,0.06,-0.5,-0.11,5.46,25.55
0.08,0.32,0.71,-0.04,-0.53,-0.12,5.77,24.12
0.08,0.29,0.72,-0.13,-0.54,-0.14,5.96,21.49
0.09,0.24,0.74,-0.22,-0.56,-0.16,6.31,18.2
0.08,0.21,0.76,-0.27,-0.57,-0.16,5.91,15.63
0.07,0.19,0.77,-0.31,-0.54,-0.19,5.33,14.14
0.06,0.19,0.8,-0.34,-0.53,-0.2,4.47,13.48
0.07,0.18,0.81,-0.38,-0.54,-0.19,4.52,12.69
0.05,0.17,0.82,-0.39,-0.54,-0.2,3.68,11.31
0.04,0.14,0.83,-0.39,-0.56,-0.22,2.78,9.62
0.03,0.13,0.85,-0.4,-0.55,-0.24,2.01,8.43
0.02,0.1,0.89,-0.35,-0.56,-0.23,1.3,6.56
0.02,0.09,0.91,-0.27,-0.55,-0.24,1.32,5.75
0.01,0.08,0.93,-0.18,-0.58,-0.23,0.81,4.84
0.01,0.08,0.93,-0.06,-0.6,-0.24,0.78,4.67
0.02,0.06,0.93,0.05,-0.64,-0.25,1.18,3.99
0.02,0.06,0.94,0.19,-0.67,-0.27,1.25,3.38
0.03,0.06,0.92,0.34,-0.72,-0.29,1.97,3.9
0.05,0.12,0.87,0.48,-0.77,-0.32,3.07,7.62
0.06,0.19,0.8,0.56,-0.82,-0.36,3.96,13.1
0.06,0.27,0.7,0.59,-0.89,-0.4,4.22,21.25
0.04,0.37,0.63,0.55,-0.95,-0.42,3.41,30.36
0.04,0.44,0.59,0.44,-1.0,-0.42,3.0,36.48
0.05,0.49,0.58,0.3,-1.05,-0.4,3.49,40.01
0.06,0.52,0.54,0.13,-1.13,-0.38,4.81,43.65
0.08,0.5,0.49,-0.1,-1.22,-0.36,6.17,45.52
0.08,0.49,0.47,-0.35,-1.24,-0.37,6.7,45.87
0.07,0.46,0.48,-0.6,-1.24,-0.35,5.76,43.35
0.05,0.41,0.54,-0.85,-1.19,-0.33,4.37,36.81
0.04,0.32,0.62,-1.03,-1.17,-0.3,3.17,27.3
0.02,0.24,0.72,-1.16,-1.15,-0.28,1.41,18.72
-0.01,0.16,0.78,-1.26,-1.13,-0.27,-0.69,11.22
-0.02,0.07,0.87,-1.28,-1.14,-0.26,-1.19,4.5
-0.04,-0.02,0.97,-1.23,-1.15,-0.26,-2.14,-1.42
-0.04,-0.11,1.06,-1.08,-1.14,-0.27,-2.36,-5.93
-0.04,-0.16,1.13,-0.86,-1.13,-0.28,-2.23,-7.82
-0.04,-0.15,1.17,-0.6,-1.15,-0.28,-2.05,-7.17
-0.04,-0.13,1.16,-0.34,-1.14,-0.29,-1.81,-6.22
-0.05,-0.09,1.09,-0.1,-1.16,-0.3,-2.74,-4.49
-0.05,-0.03,1.03,0.12,-1.18,-0.3,-2.51,-1.88
-0.05,0.02,0.98,0.3,-1.23,-0.29,-2.72,1.46
-0.03,0.07,0.94,0.44,-1.29,-0.27,-2.03,4.06
-0.02,0.11,0.89,0.55,-1.33,-0.26,-1.43,7.05
0.01,0.15,0.82,0.61,-1.37,-0.25,0.8,10.27
0.04,0.21,0.72,0.64,-1.45,-0.25,3.37,15.81
0.04,0.25,0.62,0.56,-1.54,-0.26,3.62,21.6
0.05,0.29,0.56,0.44,-1.57,-0.28,4.33,27.27
0.07,0.31,0.53,0.26,-1.61,-0.26,6.5,30.16
0.09,0.28,0.53,0.03,-1.64,-0.25,8.72,27.46
0.1,0.23,0.53,-0.18,-1.67,-0.24,10.09,23.22
0.1,0.19,0.54,-0.4,-1.63,-0.26,9.52,18.5
0.08,0.17,0.57,-0.62,-1.55,-0.26,7.56,16.18
0.06,0.15,0.62,-0.79,-1.49,-0.25,5.12,13.21
0.03,0.12,0.71,-0.95,-1.46,-0.23,2.6,9.58
0.01,0.07,0.78,-1.03,-1.43,-0.21,0.93,4.8
-0.0,-0.0,0.87,-1.05,-1.4,-0.21,-0.22,-0.05
-0.02,-0.02,0.97,-1.0,-1.43,-0.2,-1.21,-1.3
-0.03,-0.04,1.03,-0.91,-1.43,-0.21,-1.93,-2.42
-0.06,-0.04,1.04,-0.75,-1.46,-0.2,-3.33,-2.36
-0.06,-0.05,1.07,-0.61,-1.46,-0.18,-3.47,-2.58
-0.04,-0.06,1.09,-0.44,-1.49,-0.16,-2.13,-3.15
0.02,-0.09,1.08,-0.26,-1.57,-0.17,1.31,-4.7
0.08,-0.13,1.0,-0.11,-1.65,-0.21,4.45,-7.53
0.08,-0.15,0.92,-0.03,-1.72,-0.3,4.86,-9.16
0.07,-0.14,0.88,0.03,-1.74,-0.39,4.31,-9.1
0.05,-0.09,0.89,0.04,-1.73,-0.45,3.27,-6.03
0.04,-0.01,0.89,0.05,-1.7,-0.47,2.64,-0.76
0.03,0.05,0.88,0.01,-1.68,-0.44,1.87,3.47
0.02,0.09,0.85,-0.05,-1.65,-0.4,1.31,6.08
0.01,0.1,0.83,-0.13,-1.64,-0.37,0.69,6.89
0.01,0.09,0.82,-0.21,-1.64,-0.32,0.45,6.43
-0.01,0.09,0.83,-0.27,-1.6,-0.29,-0.72,6.14
-0.02,0.1,0.86,-0.34,-1.55,-0.24,-1.46,6.61
-0.02,0.12,0.87,-0.38,-1.54,-0.19,-1.43,8.16
-0.0,0.11,0.85,-0.43,-1.55,-0.15,-0.06,7.33
0.04,0.05,0.81,-0.53,-1.58,-0.12,2.89,3.79
0.06,0.0,0.8,-0.6,-1.61,-0.12,4.16,0.09
0.05,-0.04,0.81,-0.67,-1.58,-0.15,3.83,-3.09
0.04,-0.06,0.85,-0.74,-1.54,-0.18,3.02,-4.02
0.05,-0.04,0.89,-0.8,-1.48,-0.22,3.1,-2.55
0.05,-0.02,0.9,-0.84,-1.48,-0.23,3.34,-1.29
0.05,-0.03,0.89,-0.92,-1.54,-0.26,3.36,-1.64
0.03,-0.04,0.9,-0.95,-1.54,-0.27,1.88,-2.56
0.01,-0.06,0.94,-0.99,-1.54,-0.32,0.4,-3.69
-0.01,-0.06,1.01,-1.0,-1.54,-0.33,-0.77,-3.17
-0.02,-0.04,1.09,-0.96,-1.54,-0.33,-1.04,-2.31
-0.02,-0.05,1.14,-0.89,-1.54,-0.33,-0.85,-2.6
0.01,-0.07,1.13,-0.8,-1.53,-0.33,0.41,-3.44
-0.01,-0.09,1.11,-0.75,-1.53,-0.38,-0.69,-4.82
-0.02,-0.08,1.11,-0.67,-1.54,-0.41,-1.15,-4.35
-0.05,-0.06,1.12,-0.62,-1.54,-0.43,-2.58,-2.91
-0.09,-0.0,1.16,-0.56,-1.52,-0.43,-4.29,-0.14
-0.11,0.05,1.17,-0.5,-1.48,-0.4,-5.32,2.67
-0.12,0.1,1.18,-0.4,-1.46,-0.33,-5.71,4.96
-0.12,0.12,1.17,-0.32,-1.46,-0.26,-5.89,6.0
-0.12,0.13,1.13,-0.21,-1.46,-0.18,-5.88,6.5
-0.11,0.13,1.1,-0.14,-1.45,-0.13,-5.83,6.83
-0.07,0.13,1.05,-0.07,-1.44,-0.06,-3.81,6.89
-0.0,0.16,0.99,-0.05,-1.44,-0.01,-0.13,9.03
-0.01,0.03,0.89,-0.07,-1.52,-0.0,-0.88,2.16
0.02,-0.01,0.86,-0.11,-1.51,-0.03,1.06,-0.92
0.06,-0.03,0.86,-0.17,-1.52,-0.05,4.3,-2.09
0.1,-0.07,0.87,-0.23,-1.51,-0.09,6.46,-4.32
0.11,-0.11,0.88,-0.3,-1.52,-0.17,7.36,-7.3
0.13,-0.16,0.92,-0.35,-1.52,-0.28,7.74,-9.52
0.11,-0.15,0.94,-0.4,-1.53,-0.39,6.62,-9.05
0.08,-0.1,0.96,-0.39,-1.45,-0.63,4.77,-5.73
0.05,-0.04,0.96,-0.52,-1.57,-0.55,2.9,-2.23
0.0,0.02,0.96,-0.56,-1.54,-0.55,0.16,1.23
-0.03,0.07,0.98,-0.59,-1.55,-0.54,-1.68,4.28
-0.05,0.09,1.0,-0.61,-1.54,-0.49,-2.73,5.37
-0.04,0.09,1.02,-0.64,-1.53,-0.45,-2.43,5.17
-0.04,0.09,1.02,-0.69,-1.51,-0.4,-2.4,4.88
-0.05,0.08,1.02,-0.72,-1.52,-0.36,-2.56,4.33
-0.07,0.06,1.02,-0.76,-1.53,-0.32,-3.74,3.47
-0.08,0.07,1.06,-0.76,-1.5,-0.28,-4.34,3.52
-0.09,0.1,1.07,-0.75,-1.45,-0.24,-4.86,5.2
-0.1,0.12,1.09,-0.73,-1.42,-0.19,-5.3,6.14
-0.11,0.09,1.09,-0.71,-1.38,-0.15,-5.56,4.78
-0.1,0.11,1.1,-0.69,-1.39,-0.13,-4.99,5.49
-0.1,0.12,1.13,-0.65,-1.4,-0.07,-5.03,5.96
-0.1,0.12,1.17,-0.57,-1.39,-0.02,-4.66,6.05
-0.07,0.1,1.2,-0.49,-1.4,0.02,-3.45,4.8
-0.04,0.05,1.23,-0.36,-1.45,0.05,-1.93,2.39
0.01,-0.02,1.27,-0.23,-1.51,0.02,0.65,-0.91
0.07,-0.12,1.3,-0.07,-1.57,-0.06,3.03,-5.26
0.09,-0.18,1.29,0.07,-1.63,-0.18,3.76,-8.03
0.08,-0.22,1.26,0.2,-1.63,-0.34,3.4,-9.69
0.04,-0.18,1.21,0.32,-1.61,-0.48,2.06,-8.52
0.01,-0.1,1.16,0.38,-1.57,-0.58,0.72,-4.72
-0.01,0.0,1.09,0.42,-1.57,-0.61,-0.41,0.03
-0.03,0.08,1.04,0.43,-1.58,-0.6,-1.66,4.43
-0.06,0.12,0.98,0.4,-1.6,-0.57,-3.32,7.18
-0.09,0.15,0.94,0.35,-1.6,-0.53,-5.42,8.96
-0.09,0.17,0.94,0.31,-1.63,-0.45,-5.36,10.15
-0.08,0.16,0.94,0.27,-1.64,-0.38,-4.57,9.86
-0.06,0.14,0.93,0.23,-1.65,-0.3,-3.86,8.35
-0.06,0.09,0.93,0.19,-1.64,-0.26,-3.61,5.21
-0.04,0.08,0.97,0.14,-1.63,-0.22,-2.22,4.98
-0.02,0.07,1.01,0.12,-1.61,-0.19,-1.27,4.19
-0.03,0.06,1.05,0.14,-1.58,-0.15,-1.5,3.53
-0.01,0.08,1.05,0.14,-1.53,-0.14,-0.31,4.36
-0.0,0.04,1.06,0.17,-1.5,-0.12,-0.01,2.38
-0.0,0.03,1.04,0.21,-1.48,-0.12,-0.06,1.57
0.01,0.04,1.03,0.25,-1.46,-0.15,0.7,2.12
0.03,0.07,1.04,0.28,-1.47,-0.16,1.55,3.74
0.04,0.08,1.07,0.35,-1.5,-0.16,2.13,4.32
0.06,0.07,1.07,0.42,-1.51,-0.17,3.14,3.67
0.07,0.04,1.07,0.51,-1.57,-0.21,3.86,2.37
0.09,0.03,1.06,0.59,-1.59,-0.24,4.75,1.76
0.1,0.01,1.04,0.66,-1.61,-0.29,5.45,0.33
0.11,-0.01,1.01,0.72,-1.64,-0.33,6.4,-0.46
0.12,-0.01,0.97,0.76,-1.64,-0.37,7.14,-0.33
0.14,-0.01,0.92,0.76,-1.61,-0.41,8.78,-0.35
0.17,-0.02,0.84,0.74,-1.6,-0.44,11.14,-1.59
0.18,-0.05,0.75,0.69,-1.59,-0.55,13.62,-3.62
0.19,-0.07,0.69,0.5,-1.63,-0.49,15.03,-5.45
0.19,-0.07,0.66,0.35,-1.65,-0.5,15.62,-5.82
0.18,-0.06,0.65,0.16,-1.64,-0.51,15.16,-4.67
0.18,-0.05,0.66,-0.02,-1.67,-0.48,15.14,-4.43
0.17,-0.06,0.7,-0.24,-1.69,-0.47,13.63,-4.86
0.15,-0.07,0.76,-0.41,-1.68,-0.46,11.03,-5.37
0.12,-0.08,0.85,-0.58,-1.69,-0.46,7.81,-5.03
0.08,-0.06,0.95,-0.7,-1.69,-0.46,4.92,-3.75
0.05,-0.04,1.04,-0.77,-1.67,-0.48,2.52,-2.18
-0.0,0.01,1.09,-0.8,-1.68,-0.49,-0.19,0.66
-0.04,0.04,1.16,-0.79,-1.67,-0.48,-2.21,2.09
-0.08,0.08,1.22,-0.74,-1.64,-0.46,-3.6,3.74
-0.12,0.11,1.28,-0.66,-1.63,-0.45,-5.21,5.12
-0.14,0.15,1.32,-0.55,-1.63,-0.44,-5.83,6.46
-0.15,0.18,1.34,-0.4,-1.6,-0.43,-6.43,7.54
-0.16,0.19,1.35,-0.25,-1.59,-0.39,-6.75,8.04
-0.16,0.2,1.34,-0.07,-1.58,-0.38,-6.87,8.33
-0.15,0.19,1.31,0.1,-1.57,-0.35,-6.52,8.39
-0.13,0.17,1.26,0.25,-1.54,-0.33,-5.66,7.68
-0.08,0.12,1.19,0.36,-1.51,-0.3,-3.99,5.86
-0.05,0.08,1.14,0.45,-1.5,-0.3,-2.44,4.03
-0.02,0.02,1.09,0.46,-1.5,-0.3,-0.99,1.11
0.01,-0.02,1.05,0.46,-1.51,-0.32,0.32,-1.01
0.02,-0.04,1.01,0.43,-1.52,-0.34,0.96,-2.15
0.02,-0.03,0.98,0.39,-1.54,-0.37,1.06,-1.85
0.03,-0.03,0.95,0.33,-1.56,-0.4,1.55,-1.61
0.03,-0.02,0.94,0.23,-1.57,-0.4,1.55,-0.96
0.01,0.0,0.95,0.17,-1.59,-0.38,0.85,0.09
0.0,0.02,0.97,0.1,-1.62,-0.37,0.19,1.11
-0.01,0.03,1.0,0.04,-1.64,-0.36,-0.76,1.88
-0.03,0.05,1.04,-0.01,-1.65,-0.35,-1.76,2.99
-0.05,0.07,1.09,-0.04,-1.66,-0.33,-2.58,3.68
-0.04,0.08,1.12,-0.06,-1.66,-0.31,-2.05,4.11
-0.05,0.09,1.14,-0.07,-1.64,-0.29,-2.59,4.28
-0.07,0.11,1.13,-0.09,-1.6,-0.28,-3.45,5.72
-0.07,0.13,1.18,-0.05,-1.57,-0.25,-3.22,6.32
-0.06,0.13,1.21,-0.03,-1.54,-0.24,-2.96,6.02
-0.07,0.12,1.23,0.03,-1.53,-0.22,-3.05,5.55
-0.07,0.1,1.22,0.07,-1.5,-0.24,-3.47,4.87
-0.08,0.12,1.19,0.12,-1.46,-0.25,-3.59,5.53
-0.08,0.14,1.16,0.17,-1.45,-0.25,-3.87,6.69
-0.08,0.15,1.14,0.22,-1.44,-0.24,-3.78,7.72
-0.08,0.17,1.12,0.27,-1.45,-0.21,-4.12,8.8
-0.08,0.16,1.08,0.29,-1.44,-0.19,-3.93,8.52
-0.07,0.13,1.03,0.32,-1.47,-0.15,-3.89,7.42
-0.07,0.13,1.0,0.31,-1.49,-0.13,-3.94,7.39
-0.05,0.12,0.99,0.28,-1.51,-0.09,-3.09,7.01
-0.05,0.11,1.0,0.25,-1.51,-0.06,-2.76,6.45
-0.04,0.1,1.02,0.24,-1.56,-0.04,-2.28,5.52
-0.04,0.1,1.06,0.23,-1.62,-0.01,-1.9,5.16
-0.03,0.07,1.09,0.22,-1.64,-0.03,-1.66,3.9
-0.02,0.03,1.11,0.21,-1.67,-0.05,-1.02,1.5
-0.01,0.02,1.15,0.2,-1.67,-0.1,-0.49,1.15
-0.01,0.05,1.19,0.2,-1.69,-0.15,-0.39,2.52
-0.02,0.07,1.21,0.21,-1.69,-0.19,-0.75,3.1
-0.03,0.07,1.19,0.19,-1.67,-0.23,-1.23,3.41
-0.03,0.08,1.17,0.2,-1.68,-0.25,-1.51,4.06
-0.04,0.11,1.15,0.19,-1.67,-0.26,-1.88,5.28
-0.05,0.14,1.13,0.17,-1.68,-0.26,-2.51,6.95
-0.05,0.18,1.12,0.14,-1.68,-0.25,-2.72,9.23
-0.07,0.2,1.11,0.15,-1.71,-0.22,-3.57,10.28
-0.08,0.22,1.11,0.14,-1.72,-0.19,-4.02,11.05
-0.08,0.22,1.13,0.14,-1.74,-0.14,-3.87,11.01
-0.07,0.2,1.15,0.14,-1.71,-0.12,-3.31,9.96
-0.06,0.19,1.16,0.1,-1.7,-0.11,-2.99,9.17
-0.06,0.18,1.17,0.07,-1.67,-0.1,-2.85,8.92
-0.05,0.19,1.19,0.04,-1.62,-0.09,-2.36,9.09
-0.04,0.19,1.2,0.01,-1.53,-0.08,-1.83,8.84
-0.03,0.16,1.22,-0.06,-1.44,-0.08,-1.25,7.36
-0.02,0.13,1.2,-0.12,-1.34,-0.09,-1.06,6.19
-0.03,0.13,1.2,-0.19,-1.23,-0.1,-1.65,6.15
-0.05,0.15,1.19,-0.26,-1.13,-0.11,-2.25,7.2
-0.05,0.18,1.17,-0.33,-1.02,-0.1,-2.58,8.81
-0.07,0.22,1.14,-0.36,-0.96,-0.09,-3.38,10.64
-0.08,0.25,1.12,-0.39,-0.94,-0.09,-4.08,12.29
-0.09,0.28,1.11,-0.4,-0.94,-0.08,-4.73,14.18
-0.11,0.3,1.11,-0.4,-0.95,-0.05,-5.5,15.18
-0.13,0.33,1.12,-0.4,-0.98,-0.02,-6.39,16.08
-0.15,0.35,1.13,-0.35,-1.0,0.01,-7.14,16.9
-0.15,0.39,1.15,-0.3,-1.01,0.03,-7.18,18.42
-0.16,0.4,1.17,-0.22,-1.04,0.07,-7.18,18.6
-0.15,0.39,1.19,-0.15,-1.03,0.08,-6.64,18.08
-0.15,0.38,1.22,-0.07,-1.03,0.09,-6.52,17.28
-0.15,0.38,1.25,0.03,-1.0,0.08,-6.43,16.65
-0.15,0.39,1.26,0.11,-0.96,0.07,-6.5,17.16
-0.14,0.4,1.25,0.22,-0.95,0.05,-6.16,17.54
-0.13,0.4,1.22,0.32,-0.96,0.04,-6.0,17.84
-0.12,0.39,1.2,0.41,-0.96,0.02,-5.38,18.2
-0.1,0.37,1.17,0.47,-0.95,0.02,-4.47,17.76
-0.07,0.34,1.14,0.52,-0.96,0.03,-3.57,16.59
-0.04,0.31,1.12,0.53,-0.95,0.06,-1.86,15.49
-0.02,0.29,1.12,0.49,-0.92,0.09,-0.86,14.58
0.01,0.27,1.13,0.47,-0.86,0.11,0.45,13.4
0.02,0.26,1.14,0.43,-0.81,0.15,1.17,12.61
0.03,0.24,1.16,0.37,-0.74,0.17,1.49,11.56
0.05,0.25,1.19,0.31,-0.65,0.16,2.15,11.72
0.04,0.25,1.2,0.27,-0.57,0.15,2.0,11.87
0.05,0.26,1.22,0.23,-0.52,0.13,2.28,11.94
0.04,0.25,1.21,0.25,-0.51,0.09,2.04,11.84
0.03,0.25,1.2,0.23,-0.48,0.06,1.38,11.97
0.02,0.26,1.2,0.21,-0.49,0.04,1.16,12.38
0.01,0.27,1.19,0.21,-0.49,0.01,0.42,12.87
-0.0,0.26,1.17,0.2,-0.44,-0.02,-0.04,12.62
-0.01,0.26,1.15,0.2,-0.43,-0.04,-0.4,12.65
-0.02,0.27,1.12,0.16,-0.39,-0.05,-1.07,13.45
-0.03,0.29,1.11,0.15,-0.35,-0.03,-1.5,14.72
-0.03,0.3,1.1,0.13,-0.33,-0.01,-1.63,15.06
-0.03,0.29,1.1,0.14,-0.31,0.02,-1.54,14.95
-0.03,0.3,1.1,0.12,-0.27,0.02,-1.71,14.96
-0.04,0.3,1.11,0.11,-0.24,0.05,-2.04,15.07
-0.04,0.3,1.12,0.14,-0.23,0.05,-1.92,14.87
-0.04,0.29,1.12,0.13,-0.19,0.06,-1.94,14.59
-0.04,0.28,1.13,0.16,-0.19,0.04,-1.89,13.99
-0.03,0.27,1.15,0.16,-0.17,0.04,-1.49,13.37
-0.02,0.25,1.15,0.18,-0.12,-0.01,-1.06,12.45
-0.02,0.24,1.14,0.17,-0.14,0.02,-0.84,11.68
-0.02,0.24,1.14,0.16,-0.08,-0.0,-1.04,11.75
-0.01,0.23,1.12,0.15,-0.05,-0.01,-0.55,11.46
-0.01,0.23,1.11,0.14,-0.01,-0.04,-0.28,11.9
0.0,0.23,1.1,0.14,-0.01,-0.03,0.0,11.54
0.01,0.21,1.1,0.14,-0.01,-0.04,0.37,10.85
0.01,0.19,1.1,0.13,-0.01,-0.05,0.6,10.03
0.01,0.17,1.1,0.09,0.01,-0.06,0.55,8.91
0.01,0.15,1.09,0.07,0.01,-0.07,0.71,7.69
0.01,0.14,1.09,0.04,0.04,-0.09,0.33,7.57
-0.0,0.15,1.07,-0.02,0.08,-0.09,-0.03,7.93
-0.01,0.16,1.06,-0.03,0.09,-0.1,-0.67,8.72
-0.02,0.17,1.05,-0.04,0.07,-0.09,-1.28,9.11
-0.04,0.18,1.05,-0.05,0.06,-0.08,-2.32,9.78
-0.05,0.18,1.05,-0.05,0.08,-0.07,-2.93,9.64
-0.07,0.18,1.06,-0.04,0.05,-0.07,-3.46,9.35
-0.07,0.16,1.06,-0.03,0.09,-0.07,-3.74,8.56
-0.08,0.15,1.05,-0.03,0.08,-0.06,-4.54,8.25
-0.09,0.16,1.04,-0.04,0.11,-0.05,-4.8,8.43
-0.09,0.17,1.05,-0.04,0.11,-0.03,-4.83,9.14
-0.09,0.18,1.06,-0.01,0.1,-0.02,-4.96,9.74
-0.09,0.18,1.05,-0.0,0.1,-0.0,-4.98,9.73
-0.09,0.17,1.05,0.02,0.12,-0.0,-5.0,9.28
-0.07,0.17,1.06,0.04,0.12,0.02,-3.9,9.27
-0.07,0.18,1.06,0.07,0.12,0.04,-3.5,9.6
-0.05,0.17,1.07,0.09,0.14,0.04,-2.69,9.04
-0.04,0.15,1.07,0.12,0.13,0.06,-1.91,7.98
-0.03,0.11,1.08,0.13,0.16,0.05,-1.37,5.92
-0.01,0.07,1.08,0.12,0.16,0.04,-0.76,3.81
-0.0,0.05,1.08,0.11,0.17,0.03,-0.26,2.84
0.0,0.04,1.07,0.06,0.2,0.01,0.2,2.13
0.0,0.03,1.05,0.03,0.19,-0.02,0.01,1.57
0.0,0.02,1.03,0.01,0.19,-0.03,0.14,1.06
-0.0,0.03,1.02,-0.01,0.17,-0.05,-0.15,1.81
-0.0,0.04,1.01,-0.05,0.17,-0.05,-0.19,2.16
-0.02,0.05,1.0,-0.08,0.16,-0.05,-0.98,2.99
-0.03,0.07,1.01,-0.12,0.16,-0.05,-1.55,3.75
-0.03,0.08,1.01,-0.13,0.14,-0.03,-1.86,4.43
-0.04,0.08,1.01,-0.15,0.17,-0.02,-2.47,4.79
-0.06,0.1,1.01,-0.14,0.16,-0.0,-3.21,5.53
-0.06,0.11,1.01,-0.13,0.15,0.03,-3.53,6.47
-0.06,0.12,1.01,-0.1,0.14,0.04,-3.54,6.62
-0.06,0.12,1.01,-0.1,0.14,0.06,-3.45,6.78
-0.05,0.12,1.02,-0.08,0.14,0.07,-2.98,6.51
-0.04,0.11,1.02,-0.05,0.11,0.08,-2.49,5.97
-0.04,0.1,1.04,-0.03,0.08,0.11,-1.92,5.49
-0.02,0.08,1.05,-0.03,0.08,0.1,-0.92,4.5
-0.0,0.07,1.06,-0.04,0.12,0.1,-0.07,3.98
0.01,0.07,1.06,-0.03,0.12,0.1,0.31,3.62
0.01,0.05,1.06,0.03,0.27,-0.06,0.66,2.9
0.02,0.05,1.06,-0.02,0.12,0.07,1.19,2.63
0.03,0.05,1.05,-0.04,0.13,0.06,1.43,2.57
0.02,0.05,1.04,-0.04,0.11,0.05,1.2,2.89
0.03,0.05,1.03,-0.05,0.09,0.05,1.56,2.99
0.02,0.06,1.03,-0.05,0.1,0.04,1.29,3.23
0.02,0.07,1.02,-0.07,0.1,0.05,1.2,3.92
0.02,0.07,1.01,-0.09,0.09,0.04,1.27,4.05
0.02,0.07,1.02,-0.08,0.06,0.05,1.29,4.0
0.03,0.08,1.03,-0.09,0.06,0.06,1.69,4.21
0.03,0.07,1.04,-0.1,0.08,0.06,1.8,3.57
0.03,0.06,1.06,-0.11,0.08,0.07,1.79,3.05
0.03,0.05,1.06,-0.09,0.1,0.04,1.57,2.45
0.02,0.06,1.05,-0.1,0.1,0.02,1.32,2.99
0.02,0.06,1.03,-0.12,0.12,0.01,0.99,3.28
0.01,0.08,1.02,-0.11,0.09,0.02,0.78,4.3
0.02,0.08,1.01,-0.11,0.08,0.02,1.08,4.57
0.02,0.08,1.01,-0.11,0.07,0.02,1.29,4.53
0.02,0.08,1.02,-0.13,0.07,0.03,1.14,4.53
0.01,0.09,1.03,-0.13,0.06,0.05,0.66,4.79
0.01,0.1,1.04,-0.1,0.05,0.05,0.66,5.32
0.01,0.11,1.06,-0.08,0.02,0.05,0.66,6.13
0.02,0.11,1.07,-0.07,0.02,0.03,0.82,6.1
0.02,0.1,1.07,-0.03,0.01,0.03,0.91,5.41
0.02,0.08,1.07,-0.05,-0.04,0.05,1.08,4.53
0.02,0.09,1.06,0.01,-0.03,0.02,1.06,4.59
0.03,0.08,1.04,0.02,-0.03,0.01,1.53,4.34
0.04,0.08,1.03,0.01,-0.02,-0.0,2.18,4.27
0.03,0.07,1.03,-0.01,-0.03,0.01,1.9,3.78
0.03,0.06,1.02,-0.01,-0.04,0.02,1.81,3.15
0.04,0.06,1.04,-0.04,-0.03,0.02,1.93,3.14
0.03,0.07,1.05,-0.08,-0.01,0.02,1.37,3.64
0.02,0.08,1.05,-0.08,-0.02,0.02,1.36,4.09
0.02,0.1,1.05,-0.07,-0.04,0.02,0.86,5.28
0.01,0.11,1.06,-0.07,-0.01,0.02,0.57,5.68
0.02,0.09,1.06,-0.06,0.0,0.02,1.12,4.81
0.02,0.06,1.06,-0.07,-0.0,0.02,1.3,3.51
0.03,0.06,1.05,-0.08,0.01,0.02,1.62,3.42
0.02,0.08,1.04,-0.11,0.01,0.01,1.33,4.3
0.02,0.11,1.04,-0.13,0.04,0.02,1.07,5.92
0.01,0.13,1.05,-0.11,0.02,0.04,0.46,7.04
0.0,0.14,1.06,-0.08,0.0,0.05,0.24,7.45
-0.0,0.13,1.06,-0.06,-0.0,0.04,-0.08,7.1
-0.0,0.13,1.08,-0.04,-0.0,0.03,-0.0,6.88
-0.0,0.11,1.09,-0.02,-0.01,0.03,-0.01,5.97
0.0,0.11,1.09,0.01,-0.04,0.0,0.18,5.73
0.0,0.11,1.08,0.03,-0.04,-0.02,0.19,5.93
0.01,0.1,1.06,0.04,-0.05,-0.03,0.52,5.63
0.01,0.11,1.05,0.05,-0.06,-0.04,0.69,6.19
0.01,0.11,1.03,0.06,-0.08,-0.03,0.37,6.32
0.0,0.12,1.02,0.07,-0.1,-0.05,0.22,6.61
0.0,0.12,1.04,0.05,-0.09,-0.04,0.17,6.87
0.0,0.13,1.04,0.05,-0.1,-0.02,0.21,6.85
0.01,0.12,1.05,0.08,-0.11,-0.02,0.43,6.72
0.01,0.12,1.04,0.08,-0.11,-0.01,0.46,6.34
0.01,0.12,1.05,0.07,-0.09,-0.02,0.56,6.43
0.01,0.13,1.06,0.07,-0.07,-0.01,0.47,6.79
0.01,0.13,1.06,0.08,-0.07,-0.01,0.43,6.88
0.01,0.11,1.06,0.09,-0.09,-0.01,0.37,5.89
0.01,0.1,1.05,0.08,-0.08,-0.01,0.4,5.4
0.0,0.1,1.05,0.06,-0.06,-0.02,0.27,5.29
0.0,0.1,1.06,0.05,-0.06,-0.02,0.26,5.67
0.0,0.12,1.06,0.06,-0.08,-0.02,0.15,6.32
0.01,0.12,1.06,0.06,-0.06,-0.03,0.48,6.48
0.01,0.12,1.06,0.05,-0.06,-0.03,0.39,6.59
0.01,0.12,1.07,0.06,-0.05,-0.03,0.73,6.34
0.02,0.12,1.07,0.07,-0.06,-0.01,0.82,6.27
0.01,0.13,1.07,0.08,-0.06,-0.02,0.41,6.86
0.01,0.14,1.08,0.06,-0.03,-0.02,0.63,7.53
0.01,0.15,1.1,0.09,-0.03,-0.02,0.47,7.62
0.01,0.14,1.1,0.11,-0.03,-0.02,0.57,7.07
0.01,0.14,1.1,0.13,-0.02,-0.05,0.4,7.12
0.0,0.15,1.09,0.14,-0.04,-0.07,0.25,7.82
0.0,0.17,1.07,0.14,-0.1,-0.06,0.23,8.94
-0.0,0.19,1.07,0.19,-0.12,-0.04,-0.15,10.0
-0.02,0.19,1.08,0.25,-0.12,-0.04,-0.92,9.71
-0.03,0.16,1.08,0.27,-0.11,-0.03,-1.52,8.48
-0.03,0.14,1.07,0.31,-0.13,-0.04,-1.74,7.29
-0.04,0.13,1.04,0.31,-0.12,-0.03,-1.92,6.93
-0.04,0.12,1.02,0.3,-0.08,-0.03,-2.23,6.5
-0.04,0.09,0.99,0.29,-0.07,-0.01,-2.47,5.41
-0.05,0.1,0.95,0.24,-0.04,0.03,-2.71,6.13
-0.03,0.11,0.98,0.21,0.01,0.06,-1.86,6.37
-0.02,0.1,0.99,0.17,0.09,0.09,-1.23,5.56
-0.03,0.1,1.0,0.13,0.19,0.13,-1.71,5.79
-0.08,0.11,0.91,0.12,0.27,0.19,-5.03,7.12
0.01,-0.04,0.9,0.07,0.12,0.28,0.84,-2.85
0.01,-0.01,0.86,-0.07,0.02,0.26,0.42,-0.74
-0.38,0.4,0.34,-0.19,0.47,0.51,-36.36,37.83
-0.08,0.39,0.76,-0.18,0.54,0.9,-5.1,27.18
0.03,0.42,0.68,-0.24,0.64,1.24,2.39,31.54
0.07,0.43,0.72,-0.3,0.65,1.45,4.5,30.74
0.07,0.37,0.85,-0.28,0.77,1.65,4.07,23.23
0.13,0.17,1.28,-0.19,0.88,1.7,5.6,7.52
0.03,0.22,1.26,-0.11,0.92,1.59,1.28,9.99
0.0,0.06,1.23,-0.02,0.89,1.49,0.18,2.84
-0.02,-0.05,1.27,0.01,0.86,1.38,-1.05,-2.12
-0.06,-0.06,1.28,0.04,0.8,1.27,-2.53,-2.68
0.06,-0.12,1.35,0.05,0.67,1.14,2.55,-4.93
0.15,-0.13,1.34,0.04,0.51,0.97,6.24,-5.45
0.17,-0.08,1.31,-0.0,0.46,0.74,7.22,-3.61
0.19,-0.08,1.28,-0.02,0.42,0.56,8.21,-3.68
0.12,-0.07,1.23,-0.05,0.39,0.38,5.6,-3.29
0.15,-0.09,1.22,-0.07,0.32,0.21,7.14,-4.42
0.08,-0.07,1.09,-0.12,0.35,0.09,4.31,-3.49
0.11,-0.03,1.07,-0.17,0.27,0.02,5.98,-1.54
0.1,-0.0,1.06,-0.22,0.21,-0.03,5.61,-0.1
0.13,0.01,1.08,-0.23,0.15,-0.09,6.65,0.61
0.08,0.01,1.06,-0.25,0.13,-0.14,4.49,0.71
0.07,0.03,1.08,-0.25,0.13,-0.18,3.68,1.56
0.05,0.02,1.08,-0.26,0.18,-0.22,2.86,0.87
0.03,0.02,1.1,-0.26,0.24,-0.27,1.7,1.26
0.01,0.04,1.11,-0.26,0.38,-0.28,0.56,2.13
0.02,0.07,1.1,-0.23,0.46,-0.32,0.97,3.52
-0.02,0.11,1.05,-0.22,0.52,-0.32,-1.35,5.79
-0.01,0.14,1.04,-0.19,0.55,-0.28,-0.29,7.85
0.0,0.17,1.01,-0.19,0.58,-0.25,0.1,9.36
0.03,0.17,1.03,-0.15,0.6,-0.17,1.54,9.31
-0.0,0.17,1.01,-0.15,0.68,-0.13,-0.03,9.4
0.0,0.15,1.04,-0.13,0.74,-0.07,0.02,8.37
-0.0,0.13,1.04,-0.12,0.78,-0.03,-0.2,6.94
-0.0,0.13,1.07,-0.11,0.89,0.01,-0.01,6.69
0.02,0.1,1.09,-0.08,0.92,0.01,1.04,5.42
0.03,0.11,1.11,-0.05,0.9,0.01,1.64,5.44
0.05,0.09,1.12,-0.01,0.85,-0.05,2.49,4.68
0.04,0.08,1.11,0.02,0.77,-0.1,2.23,4.32
0.06,0.04,1.15,0.07,0.63,-0.17,3.12,1.95
0.08,-0.06,1.15,0.09,0.36,-0.24,4.0,-2.81
0.06,-0.13,1.17,0.1,0.12,-0.38,2.99,-6.14
0.05,-0.14,1.16,0.08,-0.02,-0.53,2.34,-6.83
0.04,-0.08,1.12,0.05,-0.07,-0.67,1.93,-3.92
0.05,0.01,1.08,0.04,-0.09,-0.75,2.69,0.31
0.05,0.07,1.05,0.02,-0.12,-0.81,2.58,3.9
0.02,0.08,1.03,-0.01,-0.15,-0.83,0.86,4.3
-0.04,0.09,1.03,-0.03,-0.13,-0.82,-2.05,5.04
-0.05,0.12,0.99,-0.02,-0.08,-0.78,-2.96,6.73
-0.07,0.14,0.98,0.0,-0.04,-0.73,-3.96,8.31
-0.05,0.16,1.02,0.02,0.06,-0.66,-2.84,8.78
-0.05,0.17,1.04,0.06,0.16,-0.6,-2.46,9.06
-0.02,0.17,1.06,0.1,0.19,-0.53,-1.14,9.13
-0.01,0.16,1.07,0.12,0.21,-0.49,-0.43,8.63
0.01,0.15,1.06,0.14,0.23,-0.45,0.43,8.1
0.01,0.13,1.06,0.17,0.2,-0.42,0.66,6.84
0.02,0.11,1.06,0.19,0.15,-0.41,1.2,5.82
0.04,0.1,1.06,0.21,0.11,-0.4,1.87,5.56
0.03,0.1,1.06,0.21,0.12,-0.41,1.85,5.37
0.05,0.1,1.04,0.24,0.1,-0.39,2.58,5.41
0.04,0.11,1.02,0.23,0.13,-0.4,2.47,6.12
0.03,0.1,0.99,0.23,0.08,-0.39,1.75,5.88
0.01,0.12,0.95,0.21,0.04,-0.37,0.55,7.19
0.03,0.08,0.88,0.17,-0.05,-0.34,1.89,5.31
-0.03,0.13,0.87,0.16,-0.09,-0.29,-1.92,8.64
-0.05,0.14,0.83,0.14,-0.05,-0.21,-3.46,9.86
-0.07,0.14,0.82,0.1,-0.06,-0.13,-5.05,9.9
-0.09,0.15,0.83,0.05,-0.08,-0.04,-6.37,10.14
-0.13,0.12,0.89,0.03,-0.07,0.04,-8.22,7.7
-0.15,0.09,0.92,0.02,-0.01,0.06,-9.49,5.51
-0.15,0.07,0.95,0.03,0.11,0.06,-9.06,3.93
-0.15,0.03,1.02,0.06,0.39,0.04,-8.58,1.91
-0.12,-0.0,1.11,0.16,0.92,-0.03,-6.39,-0.16
-0.09,-0.05,1.21,0.28,1.42,-0.14,-4.28,-2.33
-0.06,-0.09,1.29,0.42,1.93,-0.31,-2.54,-4.0
-0.05,-0.04,1.36,0.57,2.22,-0.5,-1.94,-1.64
-0.03,0.01,1.4,0.72,2.22,-0.67,-1.09,0.22
-0.0,0.1,1.42,0.84,1.93,-0.84,-0.14,4.06
0.01,0.13,1.39,0.96,1.54,-1.02,0.32,5.3
0.01,0.13,1.35,1.09,1.2,-1.15,0.46,5.68
0.02,0.1,1.29,1.23,0.96,-1.28,0.81,4.23
0.03,0.07,1.22,1.36,0.76,-1.38,1.19,3.23
0.06,0.01,1.15,1.46,0.66,-1.47,3.03,0.51
0.13,0.0,1.05,1.53,0.62,-1.47,6.8,0.11
0.17,0.05,0.96,1.47,0.66,-1.33,10.33,2.96
0.18,0.07,0.91,1.48,0.73,-1.37,11.29,4.32
0.17,0.09,0.84,1.28,0.43,-1.08,11.6,6.22
0.16,0.11,0.75,1.12,0.39,-0.94,12.22,8.19
0.16,0.12,0.7,0.92,0.36,-0.79,12.96,9.66
0.16,0.1,0.67,0.75,0.26,-0.65,13.12,8.22
0.14,0.05,0.66,0.56,0.17,-0.54,12.23,3.82
0.12,0.03,0.67,0.4,0.15,-0.49,10.26,2.11
0.11,0.01,0.75,0.25,0.11,-0.41,8.14,0.89
0.1,0.01,0.81,0.15,0.12,-0.38,6.87,0.47
0.08,0.01,0.87,0.07,0.07,-0.35,5.43,0.95
0.06,0.05,0.99,0.03,0.08,-0.34,3.63,2.76
0.04,0.06,1.07,-0.01,-0.06,-0.32,2.34,3.0
0.01,0.09,1.18,-0.01,-0.11,-0.33,0.71,4.53
-0.01,0.08,1.17,-0.01,-0.23,-0.35,-0.27,3.84
-0.02,0.06,1.09,-0.05,-0.14,-0.34,-0.92,3.23
-0.01,0.03,1.06,-0.08,-0.05,-0.3,-0.74,1.8
0.01,0.0,1.0,-0.13,0.02,-0.25,0.58,0.28
0.04,0.01,1.0,-0.16,-0.01,-0.19,2.28,0.45
0.06,0.02,0.97,-0.25,-0.15,-0.14,3.69,1.42
0.08,0.05,0.97,-0.31,-0.39,-0.09,4.82,2.95
0.07,0.07,0.95,-0.38,-0.59,-0.07,4.43,3.96
0.05,0.07,0.97,-0.44,-0.74,-0.07,2.78,4.15
0.0,0.05,1.03,-0.48,-0.93,-0.07,0.13,2.73
-0.04,0.02,1.11,-0.5,-0.99,-0.07,-2.15,0.94
-0.07,-0.01,1.15,-0.48,-1.02,-0.08,-3.29,-0.59
-0.08,0.01,1.18,-0.47,-0.99,-0.09,-3.79,0.48
-0.09,0.05,1.19,-0.45,-0.84,-0.11,-4.37,2.32
-0.1,0.07,1.18,-0.43,-0.76,-0.1,-4.65,3.36
-0.11,0.05,1.17,-0.4,-0.86,-0.09,-5.46,2.63
-0.12,0.06,1.13,-0.32,-0.87,-0.07,-6.2,2.93
-0.12,0.09,1.08,-0.26,-0.91,-0.06,-6.58,4.48
-0.15,0.11,1.06,-0.22,-0.93,0.0,-7.97,5.91
-0.16,0.1,1.01,-0.15,-0.97,0.08,-9.12,5.59
-0.18,0.09,0.97,-0.15,-0.94,0.18,-10.49,5.12
-0.18,0.13,1.0,-0.16,-0.82,0.28,-9.97,7.46
-0.16,0.2,1.03,-0.11,-0.67,0.38,-8.64,10.98
-0.11,0.27,1.0,-0.05,-0.57,0.47,-5.89,15.29
-0.08,0.29,1.01,0.06,-0.55,0.59,-4.23,15.86
-0.04,0.26,1.01,0.14,-0.46,0.67,-2.31,14.48
-0.0,0.24,0.99,0.18,-0.37,0.75,-0.08,13.79
0.03,0.24,0.98,0.23,-0.38,0.83,1.77,13.48
0.05,0.21,0.99,0.29,-0.43,0.89,2.88,11.75
0.08,0.1,0.96,0.29,-0.39,0.91,4.56,6.01
0.08,0.0,0.97,0.17,-0.35,0.88,4.53,0.13
0.05,-0.03,1.01,0.07,-0.45,0.84,2.98,-1.95
0.03,-0.02,1.03,-0.01,-0.57,0.84,1.48,-0.87
-0.01,-0.01,1.02,-0.08,-0.64,0.86,-0.54,-0.4
-0.03,0.0,1.01,-0.15,-0.68,0.91,-1.8,0.17
-0.05,0.06,1.05,-0.17,-0.71,0.98,-2.55,3.46
-0.04,0.09,1.08,-0.17,-0.74,1.05,-2.36,4.58
-0.02,0.09,1.09,-0.13,-0.81,1.1,-0.8,4.52
0.05,0.09,1.06,-0.1,-0.87,1.15,2.46,5.05
0.07,0.07,1.09,-0.03,-0.95,1.16,3.77,3.92
0.12,0.05,1.09,0.04,-1.02,1.11,6.18,2.78
0.14,0.04,1.08,0.08,-1.02,1.09,7.35,2.2
0.07,-0.01,1.12,0.11,-1.11,1.05,3.33,-0.27
0.06,-0.01,1.08,0.12,-1.23,1.02,3.21,-0.38
0.06,0.01,1.12,0.13,-1.17,1.01,2.82,0.41
0.06,-0.07,1.15,0.1,-1.15,0.97,2.95,-3.57
0.06,-0.09,1.12,0.0,-1.21,0.95,2.94,-4.66
0.04,-0.09,1.11,-0.09,-1.49,0.94,1.91,-4.46
0.07,-0.07,1.13,-0.12,-1.75,0.89,3.31,-3.67
0.09,-0.06,1.24,-0.14,-1.89,0.83,4.35,-2.87
0.14,-0.05,1.32,-0.12,-1.89,0.71,6.03,-2.37
0.18,-0.02,1.32,-0.09,-1.92,0.56,7.81,-0.76
0.2,0.01,1.34,-0.06,-1.81,0.38,8.34,0.29
0.23,0.01,1.23,-0.0,-1.67,0.21,10.69,0.62
0.25,-0.02,1.12,0.02,-1.33,0.04,12.5,-0.82
0.22,0.03,1.03,0.0,-0.92,-0.05,11.91,1.73
0.13,0.05,0.94,-0.01,-0.56,-0.14,8.14,3.07
0.12,0.0,0.87,-0.06,-0.32,-0.17,7.6,0.0
0.06,-0.0,0.83,-0.17,0.11,-0.15,3.86,-0.28
0.02,-0.02,0.87,-0.33,0.4,-0.09,1.15,-1.08
0.06,-0.02,0.85,-0.51,0.39,-0.01,4.25,-1.57
0.06,-0.0,0.81,-0.67,0.38,0.11,4.19,-0.02
0.07,0.0,0.76,-0.87,0.37,0.23,5.04,0.35
0.03,0.02,0.78,-1.03,0.24,0.35,2.41,1.3
0.02,0.05,0.74,-1.18,0.15,0.47,1.26,4.0
-0.03,0.08,0.8,-1.3,0.08,0.56,-2.2,5.54
-0.02,0.09,0.78,-1.43,0.1,0.61,-1.31,6.79
-0.02,0.1,0.86,-1.49,0.17,0.68,-1.6,6.41
-0.05,0.09,0.96,-1.55,0.24,0.74,-3.15,5.58
-0.04,0.06,1.04,-1.55,0.34,0.76,-2.39,3.15
-0.03,0.08,1.08,-1.54,0.35,0.74,-1.85,4.16
-0.04,0.1,1.14,-1.51,0.36,0.69,-1.97,5.03
-0.03,0.12,1.18,-1.47,0.35,0.6,-1.29,5.69
-0.03,0.15,1.19,-1.41,0.28,0.5,-1.38,7.37
0.03,0.09,1.19,-1.29,0.2,0.39,1.36,4.28
0.06,0.07,1.2,-1.2,0.18,0.3,2.69,3.31
0.06,0.08,1.23,-1.1,0.28,0.24,2.78,3.52
0.06,0.09,1.2,-0.99,0.44,0.18,2.62,4.33
0.05,0.14,1.18,-0.88,0.55,0.14,2.54,6.67
0.09,0.17,1.18,-0.78,0.57,0.11,4.09,8.0
0.11,0.16,1.19,-0.65,0.54,0.1,5.1,7.69
0.1,0.14,1.2,-0.55,0.56,0.07,4.88,6.85
0.09,0.09,1.22,-0.45,0.6,0.04,4.3,4.09
0.04,0.07,1.21,-0.34,0.74,-0.02,2.01,3.34
0.03,0.08,1.14,-0.24,0.76,-0.07,1.45,4.06
0.02,0.12,1.07,-0.15,0.73,-0.12,1.04,6.62
0.02,0.17,1.02,-0.04,0.62,-0.15,0.9,9.42
0.01,0.2,0.99,0.02,0.49,-0.16,0.63,11.35
-0.0,0.21,0.97,0.09,0.33,-0.15,-0.07,12.13
-0.03,0.2,0.97,0.15,0.3,-0.18,-1.47,11.79
-0.05,0.17,1.0,0.2,0.19,-0.14,-2.82,9.67
-0.03,0.1,0.93,0.22,0.18,-0.14,-1.94,6.25
-0.08,0.11,0.94,0.22,0.1,-0.12,-4.68,6.39
-0.09,0.11,0.97,0.2,0.04,-0.1,-5.51,6.61
-0.1,0.1,0.98,0.2,-0.0,-0.09,-5.92,5.52
-0.08,0.08,0.96,0.2,0.15,-0.07,-4.72,4.83
-0.03,0.14,0.87,0.11,0.11,-0.02,-1.68,9.39
-0.05,0.2,0.51,-0.07,0.07,0.46,-5.26,21.42
-0.11,0.35,0.48,-0.25,0.26,1.01,-10.54,35.31
-0.24,0.35,0.49,-0.33,0.29,1.58,-21.9,32.58
-0.29,0.34,0.56,-0.38,0.42,2.08,-23.77,27.97
-0.2,0.24,0.68,-0.42,0.33,2.42,-15.16,18.83
-0.13,0.11,0.77,-0.5,0.21,2.63,-9.33,7.94
-0.13,0.08,0.94,-0.55,0.29,2.66,-7.72,4.78
-0.21,-0.08,0.98,-0.74,0.5,2.65,-11.92,-4.5
-0.26,-0.14,0.99,-0.95,0.48,2.58,-14.85,-8.03
-0.27,-0.16,0.99,-1.19,0.75,2.51,-15.03,-8.98
-0.19,-0.17,0.94,-1.48,1.05,2.43,-11.25,-10.06
-0.09,-0.18,0.85,-1.85,1.45,2.31,-5.69,-11.84
0.05,-0.25,1.01,-2.25,1.7,2.08,2.67,-13.81
0.28,-0.37,1.32,-2.56,2.07,1.64,11.65,-15.23
0.53,-0.47,1.82,-2.64,1.51,0.98,15.73,-13.86
0.68,-0.41,1.91,-2.43,0.82,0.23,19.14,-11.42
0.75,-0.23,1.96,-2.1,0.62,-0.42,20.82,-6.35
0.58,0.06,1.88,-1.71,0.49,-0.93,17.16,1.61
0.36,0.2,1.61,-1.26,0.42,-1.27,12.39,6.91
0.13,0.24,1.35,-0.89,0.33,-1.4,5.23,9.91
0.06,0.21,1.23,-0.52,0.11,-1.41,2.92,9.5
0.06,0.25,1.18,-0.24,-0.06,-1.37,2.93,11.89
0.01,0.35,1.12,0.04,-0.18,-1.28,0.58,17.43
-0.03,0.47,1.09,0.31,-0.23,-1.14,-1.51,23.46
-0.04,0.48,1.08,0.52,-0.33,-0.99,-2.01,23.82
-0.06,0.41,1.06,0.7,-0.4,-0.85,-3.06,21.14
-0.05,0.34,1.04,0.86,-0.5,-0.72,-2.61,18.01
-0.05,0.3,1.01,0.98,-0.62,-0.63,-2.77,16.6
-0.06,0.27,0.97,1.07,-0.72,-0.55,-3.59,15.45
-0.09,0.26,0.96,1.14,-0.86,-0.5,-4.92,14.91
-0.08,0.23,0.96,1.21,-0.99,-0.48,-4.41,13.35
-0.07,0.2,0.97,1.25,-1.12,-0.46,-4.32,11.47
-0.08,0.2,1.04,1.29,-1.23,-0.45,-4.45,11.02
-0.07,0.22,1.16,1.35,-1.27,-0.44,-3.42,10.6
-0.0,0.05,1.01,1.12,-1.17,-0.36,-0.12,2.67
0.11,0.0,1.0,0.65,-0.95,-0.22,6.32,0.08
0.13,-0.02,0.99,0.27,-0.44,-0.11,7.2,-1.37
0.08,-0.04,0.96,-0.08,-0.11,0.05,4.89,-2.54
0.11,-0.01,0.94,-0.42,0.04,0.21,6.7,-0.75
0.15,0.05,0.94,-0.67,0.2,0.33,8.77,3.06
0.16,0.09,0.96,-0.84,0.42,0.44,9.42,5.43
0.22,0.09,1.05,-0.99,0.61,0.49,11.74,4.84
0.24,0.12,1.07,-1.14,0.74,0.51,12.55,6.16
0.24,0.13,1.12,-1.29,0.84,0.49,12.19,6.42
0.22,0.11,1.15,-1.41,0.88,0.45,10.66,5.28
0.21,0.12,1.21,-1.49,0.95,0.4,9.64,5.53
0.18,0.13,1.3,-1.48,0.96,0.3,8.04,5.64
0.16,0.19,1.38,-1.4,1.02,0.18,6.68,7.98
0.16,0.23,1.45,-1.27,1.01,0.04,6.1,9.09
0.16,0.28,1.51,-1.1,0.97,-0.13,6.01,10.58
0.12,0.28,1.54,-0.91,0.95,-0.33,4.53,10.16
0.1,0.25,1.54,-0.75,0.9,-0.53,3.76,9.26
0.08,0.28,1.49,-0.61,0.85,-0.71,2.88,10.52
0.04,0.32,1.4,-0.49,0.83,-0.84,1.77,12.88
0.02,0.31,1.33,-0.49,0.73,-0.84,0.83,13.11
-0.0,0.29,1.27,-0.39,0.83,-0.96,-0.2,12.77
-0.03,0.29,1.24,-0.37,0.89,-0.99,-1.52,13.04
-0.04,0.27,1.21,-0.41,0.94,-0.95,-1.79,12.45
-0.04,0.26,1.17,-0.48,1.05,-0.89,-1.97,12.48
-0.05,0.23,1.12,-0.6,1.18,-0.8,-2.34,11.44
-0.05,0.19,1.08,-0.78,1.31,-0.69,-2.84,10.25
-0.05,0.19,1.09,-0.94,1.37,-0.57,-2.75,10.04
-0.06,0.21,1.08,-1.08,1.41,-0.47,-3.1,10.96
-0.04,0.22,1.1,-1.19,1.46,-0.35,-2.23,11.5
-0.05,0.28,1.16,-1.22,1.51,-0.24,-2.39,13.35
-0.05,0.35,1.25,-1.2,1.52,-0.13,-2.22,15.46
-0.03,0.34,1.34,-1.11,1.47,-0.06,-1.21,14.3
-0.05,0.36,1.38,-0.99,1.37,-0.02,-1.95,14.61
-0.09,0.39,1.46,-0.82,1.29,0.01,-3.31,14.91
-0.1,0.44,1.58,-0.61,1.14,0.01,-3.49,15.66
-0.11,0.51,1.66,-0.36,0.96,0.01,-3.69,16.97
-0.1,0.49,1.7,-0.09,0.91,-0.0,-3.3,16.23
-0.09,0.39,1.62,0.12,0.96,-0.03,-3.2,13.53
-0.06,0.29,1.51,0.25,1.08,-0.05,-2.07,11.03
-0.07,0.19,1.44,0.3,1.17,-0.05,-2.94,7.59
-0.05,0.09,1.37,0.29,1.26,-0.06,-1.9,3.82
-0.01,0.04,1.3,0.22,1.38,-0.05,-0.48,1.8
0.02,0.08,1.24,0.11,1.56,-0.01,0.97,3.69
0.09,0.08,1.23,-0.02,1.68,0.05,4.32,3.82
0.13,0.05,1.22,-0.14,1.77,0.11,6.08,2.27
0.15,0.04,1.21,-0.29,1.87,0.15,7.1,1.75
0.16,0.02,1.25,-0.44,1.95,0.17,7.33,0.85
0.17,0.02,1.31,-0.58,2.03,0.16,7.37,0.88
0.19,0.06,1.41,-0.62,2.04,0.12,7.76,2.26
0.24,0.08,1.51,-0.59,2.02,0.03,8.93,3.09
0.21,0.15,1.59,-0.49,1.9,-0.04,7.58,5.41
0.19,0.27,1.65,-0.33,1.92,-0.11,6.43,9.2
0.16,0.27,1.74,-0.13,1.93,-0.25,5.19,8.69
0.13,0.22,1.78,0.07,1.81,-0.41,4.16,7.1
0.07,0.25,1.81,0.3,1.67,-0.57,2.13,7.72
-0.01,0.33,1.81,0.5,1.7,-0.66,-0.43,10.36
-0.05,0.39,1.82,0.66,1.76,-0.69,-1.41,11.98
-0.09,0.39,1.71,0.77,1.9,-0.69,-3.0,12.81
-0.06,0.28,1.54,0.75,2.23,-0.57,-2.04,10.34
-0.02,0.15,1.38,0.6,2.5,-0.46,-1.02,6.07
-0.01,0.07,1.28,0.33,2.72,-0.31,-0.32,3.24
0.0,0.07,1.28,0.02,2.86,-0.15,0.08,2.97
-0.02,0.12,1.35,-0.26,2.98,-0.0,-0.97,4.89
-0.01,0.13,1.4,-0.48,3.14,0.14,-0.6,5.31
-0.02,0.08,1.51,-0.64,3.23,0.28,-0.59,3.04
-0.05,0.07,1.6,-0.74,3.31,0.37,-1.85,2.61
-0.07,0.1,1.7,-0.76,3.39,0.45,-2.33,3.22
-0.08,0.11,1.77,-0.71,3.45,0.49,-2.63,3.6
-0.1,0.11,1.81,-0.62,3.48,0.52,-3.28,3.32
-0.12,0.09,1.81,-0.51,3.51,0.55,-3.83,2.86
-0.14,0.07,1.81,-0.38,3.52,0.57,-4.49,2.21
-0.16,0.04,1.82,-0.24,3.5,0.6,-4.98,1.39
-0.17,0.01,1.81,-0.1,3.51,0.62,-5.26,0.32
-0.16,-0.03,1.79,0.06,3.54,0.65,-5.25,-0.81
-0.16,-0.08,1.73,0.18,3.59,0.71,-5.29,-2.61
-0.16,-0.14,1.63,0.24,3.65,0.79,-5.68,-5.03
-0.17,-0.23,1.54,0.23,3.73,0.85,-6.1,-8.59
-0.15,-0.32,1.5,0.19,3.77,0.9,-5.76,-12.14
-0.14,-0.41,1.52,0.18,3.81,0.9,-4.92,-15.04
-0.12,-0.45,1.57,0.22,3.87,0.91,-4.08,-15.84
-0.13,-0.49,1.58,0.3,3.94,0.91,-4.33,-17.18
-0.15,-0.54,1.51,0.41,3.99,0.87,-5.18,-19.45
-0.16,-0.54,1.39,0.47,4.07,0.85,-6.14,-20.89
-0.19,-0.35,1.05,0.03,-0.03,0.01,-9.65,-18.23
-0.17,-0.47,1.03,0.2,4.07,1.17,-8.44,-24.09
-0.15,-0.51,1.02,0.16,3.96,1.19,-7.66,-26.4
-0.18,-0.55,1.0,0.15,3.89,1.19,-8.9,-28.34
-0.17,-0.58,0.99,0.14,3.79,1.15,-8.2,-30.1
-0.15,-0.63,1.02,0.17,3.65,1.06,-7.06,-31.4
-0.12,-0.65,1.08,0.27,3.52,0.96,-5.63,-30.93
-0.13,-0.59,1.06,0.43,3.27,0.85,-6.06,-28.85
-0.15,-0.57,1.12,0.63,3.03,0.75,-6.87,-26.61
-0.18,-0.46,1.12,0.89,2.78,0.68,-8.46,-22.25
-0.17,-0.48,1.04,1.13,2.55,0.64,-8.25,-24.75
-0.12,-0.59,0.95,1.34,2.56,0.62,-5.87,-31.79
-0.06,-0.65,0.86,1.44,2.77,0.61,-3.38,-36.94
-0.02,-0.64,0.68,1.39,3.04,0.62,-1.41,-43.36
-0.02,-0.63,0.5,1.22,3.3,0.66,-1.64,-51.95
-0.03,-0.57,0.36,0.97,3.5,0.67,-2.79,-57.75
-0.01,-0.67,0.33,0.74,3.56,0.65,-0.39,-63.89
0.04,-0.65,0.3,0.53,3.47,0.54,3.09,-64.84
0.04,-0.55,0.33,0.42,3.36,0.42,3.56,-59.16
0.04,-0.51,0.35,0.34,3.36,0.31,3.59,-55.13
0.05,-0.49,0.24,0.28,3.4,0.21,4.81,-64.06
0.07,-0.47,0.33,0.24,3.5,0.09,6.96,-54.39
0.06,-0.44,0.35,0.22,3.5,-0.01,6.52,-50.9
0.05,-0.41,0.38,0.24,3.45,-0.1,5.26,-47.13
0.03,-0.38,0.4,0.3,3.31,-0.18,3.17,-43.15
0.04,-0.33,0.42,0.43,3.23,-0.25,4.37,-37.62
0.03,-0.29,0.52,0.58,3.18,-0.31,2.54,-28.85
0.02,-0.24,0.64,0.83,3.07,-0.34,1.53,-20.55
0.01,-0.2,0.67,1.13,2.89,-0.35,0.79,-16.4
-0.0,-0.14,0.64,1.47,2.64,-0.34,-0.3,-12.16
-0.07,-0.12,0.51,1.76,2.47,-0.33,-7.56,-12.73
-0.02,-0.2,0.29,1.93,2.14,-0.39,-2.87,-34.7
0.01,-0.23,0.16,1.99,2.1,-0.49,1.93,-55.47
0.03,-0.18,-0.01,1.89,2.18,-0.61,10.61,-78.74
0.1,-0.13,-0.15,1.68,2.28,-0.72,26.56,-36.46
0.12,-0.02,-0.16,1.39,2.43,-0.85,37.21,-6.24
0.16,0.05,-0.16,1.05,2.49,-0.95,43.67,12.21
0.23,0.13,-0.08,0.68,2.49,-1.02,56.17,28.76
0.27,0.19,-0.04,0.34,2.4,-1.03,54.31,34.68
0.27,0.26,0.01,0.03,2.26,-0.98,46.18,43.79
0.29,0.33,0.15,-0.22,2.08,-0.88,38.33,45.39
0.3,0.35,0.27,-0.41,1.91,-0.71,33.86,40.73
0.29,0.36,0.41,-0.51,1.78,-0.5,28.31,35.79
0.31,0.33,0.54,-0.54,1.68,-0.27,26.11,27.61
0.29,0.27,0.68,-0.48,1.68,0.0,21.64,19.74
0.28,0.21,0.75,-0.34,1.58,0.26,19.93,14.86
0.28,0.19,0.78,-0.16,1.54,0.48,19.01,12.57
0.26,0.17,0.74,0.05,1.47,0.68,18.75,12.35
0.24,0.19,0.66,0.23,1.33,0.82,19.23,15.24
0.22,0.21,0.59,0.33,1.2,0.93,19.2,18.48
0.21,0.24,0.53,0.41,1.06,1.01,20.06,22.89
0.14,0.3,0.53,0.41,0.93,1.07,13.27,28.41
0.18,0.3,0.47,0.32,0.78,1.13,17.41,30.97
0.2,0.33,0.46,0.23,0.57,1.17,18.96,33.54
0.14,0.37,0.48,0.09,0.38,1.2,13.22,36.64
0.15,0.36,0.46,-0.05,0.12,1.26,14.7,36.73
0.19,0.36,0.49,-0.21,0.03,1.32,17.05,34.56
0.24,0.31,0.45,-0.33,-0.06,1.35,24.08,31.03
0.32,0.19,0.45,-0.46,-0.17,1.34,33.13,18.99
0.34,0.11,0.51,-0.51,-0.29,1.28,33.5,9.96
0.32,0.02,0.6,-0.51,-0.33,1.18,28.38,1.59
0.25,0.0,0.71,-0.46,-0.16,1.07,19.54,0.07
0.15,-0.05,0.72,-0.35,0.12,0.96,11.42,-4.16
0.06,-0.14,0.74,-0.18,0.27,0.78,4.71,-10.65
-0.0,-0.14,0.76,0.0,0.33,0.57,-0.13,-10.5
-0.03,-0.1,0.83,0.22,0.37,0.36,-2.28,-6.65
-0.03,-0.05,0.88,0.43,0.37,0.2,-2.09,-3.53
-0.01,-0.01,0.87,0.67,0.36,0.06,-0.69,-0.66
0.01,0.08,0.83,0.85,0.31,-0.07,0.36,5.39
0.0,0.19,0.76,0.95,0.27,-0.16,0.21,13.7
0.01,0.27,0.73,0.98,0.25,-0.22,0.86,20.63
0.04,0.35,0.71,0.94,0.22,-0.24,2.89,26.09
0.07,0.38,0.69,0.86,0.17,-0.21,4.89,28.79
0.09,0.41,0.68,0.74,0.13,-0.15,6.65,31.29
0.11,0.46,0.66,0.56,0.15,-0.07,8.03,34.16
0.14,0.49,0.65,0.37,0.16,0.03,9.93,36.39
0.14,0.5,0.63,0.18,0.17,0.12,10.21,37.41
0.16,0.45,0.66,-0.01,0.14,0.17,11.65,33.56
0.16,0.39,0.69,-0.18,0.13,0.22,11.45,28.47
0.18,0.33,0.69,-0.3,0.12,0.23,13.06,24.68
0.15,0.29,0.7,-0.43,0.21,0.21,11.32,21.93
0.11,0.26,0.73,-0.53,0.24,0.18,7.75,19.55
0.04,0.24,0.81,-0.54,0.37,0.01,2.49,16.28
0.0,0.15,0.91,-0.57,0.16,0.11,0.22,9.39
-0.01,0.05,1.02,-0.42,0.08,0.06,-0.69,2.56
-0.02,-0.04,1.1,-0.14,-0.05,0.02,-1.05,-2.19
-0.05,-0.12,1.15,0.15,-0.12,-0.06,-2.58,-5.73
-0.08,-0.17,1.15,0.52,-0.16,-0.12,-3.89,-8.36
-0.11,-0.2,1.17,0.92,-0.15,-0.23,-5.2,-9.82
-0.12,-0.21,1.16,1.3,-0.11,-0.33,-5.66,-10.18
-0.11,-0.17,1.14,1.66,-0.06,-0.41,-5.6,-8.48
-0.11,-0.1,1.11,1.96,-0.0,-0.47,-5.52,-5.34
-0.1,-0.02,1.05,2.18,0.05,-0.48,-5.21,-1.29
-0.06,0.05,0.99,2.34,0.12,-0.48,-3.35,2.94
-0.0,0.15,0.91,2.42,0.18,-0.47,-0.25,9.4
0.03,0.26,0.82,2.39,0.21,-0.43,2.12,17.41
0.07,0.36,0.76,2.28,0.19,-0.41,5.0,24.81
0.15,0.47,0.73,2.07,0.2,-0.34,9.71,32.3
0.24,0.55,0.67,1.8,0.21,-0.26,15.58,37.45
0.3,0.64,0.61,1.43,0.19,-0.15,18.79,43.32
0.34,0.69,0.57,0.99,0.15,-0.04,20.64,46.03
0.37,0.69,0.58,0.55,0.07,0.1,22.1,44.92
0.38,0.64,0.61,0.09,-0.01,0.23,23.35,41.7
0.35,0.53,0.65,-0.34,-0.05,0.33,22.53,35.64
0.29,0.39,0.71,-0.69,-0.07,0.42,19.8,27.23
0.25,0.28,0.77,-0.98,-0.05,0.49,16.78,18.99
0.23,0.17,0.83,-1.15,-0.03,0.52,15.45,11.51
0.19,0.06,0.88,-1.25,-0.05,0.49,12.23,3.93
0.14,-0.02,0.91,-1.26,-0.07,0.43,8.93,-1.02
0.11,-0.07,0.95,-1.24,-0.09,0.35,6.34,-4.44
0.06,-0.12,1.0,-1.13,-0.12,0.25,3.47,-6.85
0.04,-0.16,1.04,-0.99,-0.15,0.16,2.23,-8.57
0.02,-0.18,1.07,-0.86,-0.15,0.08,0.81,-9.68
-0.01,-0.19,1.09,-0.69,-0.13,0.02,-0.57,-9.83
-0.02,-0.2,1.1,-0.51,-0.13,-0.03,-1.26,-10.23
-0.03,-0.21,1.09,-0.29,-0.12,-0.07,-1.79,-10.84
-0.03,-0.21,1.09,-0.11,-0.07,-0.12,-1.34,-10.87
-0.03,-0.19,1.08,0.08,-0.05,-0.16,-1.58,-9.72
-0.02,-0.16,1.06,0.24,-0.02,-0.2,-1.06,-8.69
-0.0,-0.13,1.01,0.36,0.01,-0.23,-0.18,-7.22
0.02,-0.07,0.98,0.42,0.06,-0.24,0.91,-3.81
0.02,0.0,0.95,0.43,0.12,-0.23,1.21,0.16
0.03,0.07,0.92,0.37,0.14,-0.18,1.7,4.45
0.02,0.12,0.92,0.28,0.13,-0.12,1.53,7.22
0.01,0.15,0.91,0.17,0.14,-0.07,0.79,9.2
0.01,0.14,0.92,0.06,0.16,0.0,0.56,8.63
0.01,0.13,0.92,-0.03,0.16,0.06,0.5,7.85
0.01,0.11,0.94,-0.11,0.16,0.14,0.33,6.73
-0.01,0.1,0.95,-0.1,0.13,0.19,-0.57,5.71
-0.02,0.08,0.96,-0.14,0.13,0.21,-1.22,4.83
-0.03,0.07,0.95,-0.14,0.08,0.22,-1.81,4.28
-0.04,0.05,0.96,-0.12,0.04,0.2,-2.37,2.94
-0.04,0.01,0.97,-0.09,0.02,0.19,-2.16,0.68
-0.03,-0.01,0.97,-0.04,0.02,0.16,-1.74,-0.5
-0.02,-0.01,0.97,0.01,0.02,0.13,-1.42,-0.68
-0.01,-0.0,0.95,0.08,-0.02,0.09,-0.79,-0.07
-0.02,-0.01,0.94,0.09,-0.05,0.05,-1.2,-0.74
-0.02,-0.01,0.94,0.15,-0.09,-0.0,-1.37,-0.73
-0.04,-0.01,0.96,0.18,-0.08,-0.05,-2.2,-0.67
-0.03,-0.01,0.97,0.27,-0.11,-0.08,-1.75,-0.36
0.0,0.03,0.96,0.34,-0.12,-0.09,0.22,1.79
0.03,0.09,0.93,0.36,-0.09,-0.08,1.97,5.64
0.06,0.18,0.88,0.3,-0.06,-0.03,3.63,11.42
0.07,0.24,0.85,0.2,-0.08,0.03,4.39,15.45
0.08,0.24,0.84,0.07,-0.07,0.09,5.1,16.17
0.1,0.21,0.86,-0.08,-0.06,0.15,6.66,13.94
0.1,0.19,0.88,-0.18,-0.05,0.21,6.54,11.98
0.1,0.15,0.88,-0.25,-0.07,0.25,6.35,9.72
0.09,0.11,0.89,-0.3,-0.08,0.26,6.0,6.78
0.09,0.08,0.91,-0.34,-0.06,0.27,5.73,5.02
0.08,0.06,0.93,-0.38,-0.03,0.26,4.82,3.45
0.09,0.01,0.93,-0.35,-0.07,0.25,5.27,0.78
0.09,-0.02,0.95,-0.27,0.03,0.06,5.59,-1.27
0.09,-0.03,0.94,-0.29,-0.15,0.13,5.19,-1.99
0.07,-0.06,0.96,-0.29,-0.15,0.07,4.27,-3.27
0.06,-0.06,0.96,-0.25,-0.16,0.02,3.43,-3.51
0.05,-0.07,1.0,-0.21,-0.14,-0.03,3.02,-3.96
0.05,-0.05,1.01,-0.15,-0.13,-0.06,2.91,-3.08
0.04,-0.05,1.03,-0.11,-0.12,-0.08,2.14,-2.59
0.03,-0.04,1.02,-0.05,-0.13,-0.09,1.92,-2.35
0.03,-0.03,1.01,0.01,-0.14,-0.09,1.8,-1.44
0.04,-0.02,1.01,0.05,-0.14,-0.09,2.08,-0.97
0.04,0.0,1.01,0.08,-0.13,-0.09,2.05,0.08
0.03,0.01,0.99,0.1,-0.14,-0.09,1.82,0.35
0.05,-0.0,0.98,0.1,-0.14,-0.07,2.68,-0.1
0.06,0.01,0.95,0.07,-0.12,-0.07,3.36,0.47
0.05,0.02,0.95,0.02,-0.06,-0.05,3.27,1.47
0.05,0.03,0.94,-0.01,-0.03,-0.03,2.9,2.08
0.04,0.03,0.95,-0.1,0.02,0.01,2.52,2.06
0.03,0.03,0.96,-0.14,0.03,0.03,1.71,1.59
0.01,0.01,0.98,-0.18,0.09,0.04,0.55,0.65
-0.0,-0.01,0.99,-0.19,0.13,0.07,-0.02,-0.47
0.0,-0.01,0.99,-0.17,0.12,0.09,0.25,-0.78
-0.0,0.0,1.0,-0.14,0.12,0.1,-0.24,0.19
-0.02,0.0,1.0,-0.11,0.15,0.1,-0.89,0.12
-0.03,0.01,1.0,-0.09,0.16,0.11,-1.44,0.41
-0.02,0.01,1.0,-0.05,0.15,0.12,-1.31,0.67
-0.02,0.01,1.01,0.01,0.15,0.12,-1.41,0.85
-0.02,0.02,1.0,0.08,0.13,0.11,-0.91,1.01
-0.01,0.02,0.98,0.12,0.12,0.1,-0.34,1.28
0.0,0.02,0.97,0.18,0.07,0.11,0.18,1.03
0.01,0.02,0.96,0.23,0.04,0.08,0.68,1.14
0.03,0.03,0.94,0.27,0.03,0.04,1.62,1.58
0.03,0.05,0.93,0.28,0.04,0.02,1.98,2.86
0.02,0.08,0.92,0.28,0.03,-0.0,1.33,5.04
0.03,0.1,0.92,0.33,0.09,-0.1,1.97,6.16
0.04,0.11,0.91,0.26,-0.01,0.02,2.35,6.63
0.05,0.11,0.9,0.21,-0.02,0.02,3.44,7.1
0.06,0.13,0.9,0.13,0.03,0.05,3.57,8.43
0.07,0.14,0.89,0.09,0.04,0.08,4.18,9.11
0.07,0.15,0.9,0.01,0.04,0.11,4.2,9.46
0.07,0.14,0.91,-0.08,0.06,0.14,4.23,8.78
0.07,0.12,0.92,-0.13,0.04,0.15,4.09,7.55
0.06,0.1,0.92,-0.11,0.16,-0.0,3.72,5.93
0.05,0.07,0.94,-0.2,0.0,0.14,2.96,4.39
0.04,0.04,0.96,-0.22,0.02,0.11,2.54,2.61
0.04,0.02,0.97,-0.2,0.0,0.1,2.23,1.35
0.03,0.01,0.98,-0.18,-0.01,0.08,1.65,0.66
0.02,0.01,1.0,-0.12,-0.03,0.07,1.39,0.65
0.02,0.02,1.0,-0.11,-0.03,0.06,1.3,1.29
0.01,0.03,1.01,-0.09,-0.03,0.07,0.81,1.67
0.01,0.03,1.01,-0.05,-0.02,0.07,0.59,1.88
0.01,0.03,1.0,-0.01,-0.06,0.1,0.46,1.49
0.01,0.02,0.98,0.02,-0.04,0.1,0.45,1.41
0.01,0.02,0.98,0.02,-0.04,0.09,0.59,1.14
0.02,0.01,0.97,0.07,-0.04,0.06,1.16,0.69
0.04,0.0,0.95,0.09,-0.03,0.06,2.45,0.29
0.07,0.0,0.95,0.11,-0.0,0.03,4.45,0.09
0.08,0.04,0.93,0.06,0.02,0.02,4.79,2.51
0.07,0.06,0.93,0.04,0.01,0.02,4.35,3.68
0.07,0.07,0.93,0.02,-0.01,0.03,4.35,4.58
0.07,0.09,0.93,-0.02,0.01,0.02,4.31,5.32
0.07,0.1,0.93,-0.08,0.03,0.02,4.06,5.85
0.05,0.1,0.93,-0.14,0.03,0.05,3.36,5.91
0.05,0.1,0.94,-0.17,0.02,0.07,3.32,5.9
0.05,0.08,0.95,-0.2,0.0,0.09,2.9,4.58
0.04,0.05,0.95,-0.24,0.01,0.09,2.67,2.72
0.05,0.03,0.95,-0.24,-0.01,0.08,3.0,1.51
0.05,-0.01,0.96,-0.24,-0.01,0.07,2.88,-0.45
0.04,-0.03,0.97,-0.23,-0.01,0.05,2.4,-1.67
0.03,-0.03,0.98,-0.22,0.01,0.03,1.83,-1.89
0.02,-0.03,0.99,-0.21,0.01,0.02,1.08,-1.62
-0.0,-0.03,1.0,-0.14,0.01,0.02,-0.03,-1.77
-0.01,-0.02,1.01,-0.09,0.01,0.02,-0.32,-1.4
-0.0,-0.02,1.02,-0.06,0.04,0.03,-0.25,-1.22
0.01,-0.03,1.01,0.03,0.01,0.05,0.57,-1.85
0.03,-0.04,0.97,0.09,-0.01,0.04,1.74,-2.58
0.05,-0.04,0.94,0.11,0.01,0.02,2.8,-2.47
0.05,-0.02,0.93,0.1,0.06,-0.01,3.05,-1.32
0.04,0.0,0.93,0.09,0.08,-0.01,2.58,0.25
0.03,0.02,0.93,0.11,0.1,-0.01,1.98,1.35
0.02,0.04,0.95,0.11,0.08,0.0,1.22,2.26
0.01,0.05,0.96,0.12,0.1,0.0,0.66,2.81
0.02,0.05,0.96,0.13,0.07,0.03,1.14,3.27
0.03,0.06,0.94,0.14,0.04,0.03,1.78,3.53
0.03,0.06,0.93,0.14,0.01,0.05,1.94,3.84
0.03,0.05,0.92,0.12,0.01,0.06,2.12,3.26
0.03,0.05,0.92,0.11,0.02,0.07,2.09,3.12
0.03,0.04,0.93,0.11,0.02,0.08,1.86,2.65
0.03,0.05,0.93,0.1,0.0,0.1,1.65,2.78
0.03,0.05,0.93,0.1,0.02,0.11,1.96,3.03
0.03,0.05,0.94,0.07,0.04,0.13,2.04,3.07
0.05,0.06,0.94,0.08,0.04,0.14,2.88,3.53
0.07,0.06,0.91,0.07,0.02,0.15,4.24,3.52
0.08,0.05,0.89,0.02,0.03,0.14,4.89,3.25
0.08,0.04,0.88,-0.04,0.05,0.12,5.12,2.84
0.08,0.05,0.89,-0.09,0.05,0.11,5.26,3.03
0.08,0.04,0.91,-0.13,0.07,0.08,5.04,2.57
0.07,0.04,0.92,-0.15,0.05,0.06,4.65,2.44
0.07,0.04,0.92,-0.17,0.05,0.04,4.47,2.37
0.07,0.02,0.93,-0.19,0.04,0.03,4.21,1.36
0.06,0.01,0.94,-0.17,0.03,0.0,3.58,0.65
0.05,0.01,0.96,-0.14,0.03,-0.03,3.21,0.74
0.05,0.02,0.96,-0.14,0.03,-0.04,2.89,1.37
0.04,0.02,0.98,-0.11,0.01,-0.03,2.6,1.21
0.04,0.04,0.97,-0.06,-0.01,-0.03,2.18,2.23
0.05,0.03,0.97,-0.04,-0.02,-0.03,2.66,1.77
0.04,0.03,0.97,-0.01,-0.02,-0.03,2.3,1.9
0.04,0.03,0.96,-0.01,-0.03,-0.03,2.44,1.94
0.05,0.02,0.98,0.03,-0.04,-0.02,2.67,1.22
0.06,0.03,0.96,0.05,-0.04,-0.01,3.48,2.07
0.06,0.04,0.96,0.03,-0.02,-0.01,3.76,2.2
0.06,0.06,0.94,0.02,-0.04,0.01,3.89,3.46
0.06,0.07,0.94,0.02,-0.01,-0.02,3.43,4.07
0.06,0.07,0.94,-0.02,-0.05,0.03,3.51,4.44
0.05,0.06,0.94,-0.01,-0.04,0.02,3.03,3.85
0.04,0.07,0.94,-0.01,-0.07,0.01,2.33,4.17
0.03,0.07,0.94,-0.02,-0.07,0.03,2.09,4.41
0.02,0.08,0.95,-0.01,-0.11,0.04,1.49,4.53
0.02,0.07,0.96,-0.02,-0.1,0.04,1.02,4.37
0.01,0.06,0.97,-0.0,-0.11,0.06,0.63,3.81
0.01,0.06,0.97,0.02,-0.13,0.07,0.66,3.42
0.01,0.05,0.96,0.03,-0.16,0.07,0.66,2.78
0.02,0.02,0.95,0.03,-0.14,0.07,1.44,1.27
0.03,0.01,0.95,0.05,-0.14,0.06,1.53,0.46
0.04,-0.01,0.93,0.14,-0.0,-0.1,2.36,-0.42
0.06,-0.02,0.92,0.14,0.03,-0.11,3.59,-1.0
0.07,-0.03,0.9,0.08,-0.1,0.01,4.62,-1.84
0.09,-0.04,0.9,0.05,-0.05,-0.01,5.91,-2.23
0.09,-0.01,0.9,0.05,-0.01,-0.04,5.92,-0.55
0.08,0.03,0.9,0.0,0.01,-0.05,4.88,1.91
0.06,0.07,0.92,-0.04,0.05,-0.04,3.67,4.29
0.05,0.1,0.94,-0.1,0.06,-0.01,3.15,5.99
0.03,0.12,0.95,-0.12,0.03,0.02,1.94,6.94
0.03,0.12,0.96,-0.16,-0.0,0.06,1.84,7.23
0.02,0.11,0.97,-0.18,-0.01,0.08,1.35,6.43
0.03,0.08,0.97,-0.19,-0.02,0.11,1.54,4.99
0.03,0.06,0.97,-0.17,-0.04,0.12,1.69,3.65
0.03,0.03,0.97,-0.16,-0.06,0.13,1.95,2.01
0.04,0.02,0.97,-0.14,-0.07,0.12,2.58,0.91
0.05,0.0,0.97,-0.15,-0.05,0.12,2.85,0.24
0.04,0.0,0.97,-0.11,-0.06,0.12,2.39,0.01
0.05,-0.0,0.96,-0.07,-0.08,0.1,2.72,-0.05
0.04,0.0,0.95,-0.04,-0.07,0.06,2.49,0.19
0.04,0.02,0.96,-0.03,-0.08,0.05,2.47,0.98
0.04,0.02,0.95,-0.03,-0.08,0.04,2.58,1.5
0.04,0.03,0.95,-0.01,-0.1,0.03,2.48,1.75
0.04,0.02,0.94,-0.01,-0.11,0.02,2.59,1.26
0.05,0.02,0.94,-0.03,-0.07,0.01,3.19,1.07
0.05,0.02,0.92,-0.01,-0.08,-0.01,3.37,1.11
0.06,0.02,0.92,-0.01,-0.06,-0.02,3.47,1.39
0.06,0.02,0.93,-0.01,-0.04,-0.03,3.55,1.4
0.06,0.04,0.93,-0.03,-0.0,-0.02,3.78,2.52
0.07,0.05,0.93,-0.06,0.0,0.0,4.22,3.03
0.07,0.07,0.92,-0.01,0.16,-0.15,4.45,4.3
0.06,0.08,0.93,-0.11,0.0,0.01,3.76,4.93
0.04,0.07,0.93,-0.15,0.01,0.03,2.72,4.44
0.05,0.07,0.94,-0.15,-0.02,0.05,2.88,4.57
0.03,0.07,0.94,-0.15,0.01,0.03,1.86,4.54
0.03,0.09,0.94,-0.16,-0.02,0.06,1.65,5.4
0.01,0.07,0.95,-0.17,-0.01,0.06,0.86,4.49
0.02,0.07,0.93,-0.15,-0.03,0.08,1.12,4.5
0.03,0.06,0.93,-0.11,-0.05,0.08,1.63,3.76
0.02,0.06,0.91,-0.08,-0.07,0.1,1.48,3.8
0.03,0.06,0.9,-0.05,-0.04,0.07,2.01,3.94
0.03,0.07,0.89,-0.03,-0.05,0.06,1.85,4.18
0.03,0.09,0.87,-0.01,-0.06,0.05,2.29,5.64
0.04,0.09,0.86,0.01,-0.07,0.03,2.75,5.96
0.04,0.1,0.85,0.06,-0.1,0.0,2.56,6.64
0.04,0.11,0.85,0.08,-0.12,-0.01,2.93,7.28
0.06,0.12,0.84,0.12,-0.12,-0.05,4.23,8.29
0.08,0.15,0.83,0.12,-0.17,-0.05,5.25,10.38
0.08,0.18,0.79,0.11,-0.19,-0.06,5.5,12.9
0.08,0.18,0.78,0.1,-0.24,-0.06,5.55,12.98
0.07,0.18,0.79,0.09,-0.27,-0.07,5.21,12.76
0.08,0.18,0.79,0.09,-0.3,-0.09,5.7,12.73
0.09,0.18,0.78,0.09,-0.31,-0.1,6.55,12.88
0.1,0.2,0.77,0.09,-0.36,-0.11,7.37,14.74
0.11,0.23,0.76,0.04,-0.38,-0.09,7.75,16.44
0.11,0.25,0.74,0.01,-0.43,-0.08,7.85,18.58
0.11,0.26,0.74,-0.04,-0.44,-0.08,7.82,19.16
0.11,0.25,0.73,-0.1,-0.45,-0.05,7.82,19.01
0.12,0.25,0.74,-0.13,-0.5,-0.03,8.38,18.58
0.13,0.24,0.75,-0.14,-0.55,-0.02,9.09,17.9
0.13,0.25,0.74,-0.16,-0.59,-0.01,9.25,18.36
0.12,0.24,0.72,-0.2,-0.63,-0.0,8.75,17.88
0.11,0.22,0.72,-0.23,-0.67,-0.01,8.41,17.17
0.1,0.21,0.73,-0.23,-0.7,-0.02,7.38,16.29
0.1,0.21,0.73,-0.2,-0.74,-0.03,7.66,16.21
0.1,0.23,0.73,-0.21,-0.79,-0.04,7.79,17.06
0.1,0.23,0.71,-0.18,-0.86,-0.04,7.69,17.71
0.09,0.21,0.71,-0.16,-0.93,-0.06,7.17,16.43
0.08,0.19,0.7,-0.13,-0.97,-0.09,6.3,15.03
0.07,0.17,0.7,-0.09,-0.98,-0.13,5.78,13.68
0.05,0.18,0.7,-0.02,-1.01,-0.14,4.3,14.6
0.06,0.2,0.71,0.06,-1.06,-0.16,4.34,15.73
0.06,0.21,0.71,0.15,-1.12,-0.19,4.73,16.85
0.07,0.23,0.69,0.21,-1.19,-0.21,5.23,18.45
0.06,0.25,0.66,0.24,-1.26,-0.21,4.55,20.54
0.07,0.26,0.65,0.3,-1.35,-0.22,5.5,21.78
0.1,0.28,0.65,0.32,-1.43,-0.22,8.22,22.98
0.13,0.29,0.62,0.28,-1.52,-0.22,11.12,24.99
0.15,0.3,0.58,0.18,-1.6,-0.2,13.19,26.78
0.15,0.29,0.54,0.07,-1.68,-0.18,13.67,26.85
0.14,0.25,0.54,-0.08,-1.72,-0.17,13.53,24.09
0.15,0.22,0.57,-0.22,-1.69,-0.14,13.66,20.98
0.13,0.21,0.6,-0.32,-1.69,-0.08,11.28,18.93
0.1,0.2,0.63,-0.44,-1.68,-0.03,8.78,17.69
0.1,0.18,0.65,-0.52,-1.73,0.04,8.51,15.33
0.1,0.14,0.66,-0.59,-1.76,0.09,8.51,11.77
0.08,0.1,0.69,-0.66,-1.81,0.12,6.53,8.46
0.04,0.04,0.7,-0.65,-1.84,0.12,3.27,3.66
0.03,-0.01,0.71,-0.63,-1.87,0.11,2.5,-0.78
0.04,-0.08,0.73,-0.58,-1.84,0.06,2.75,-6.21
0.02,-0.1,0.77,-0.47,-1.84,0.01,1.43,-7.46
-0.0,-0.11,0.8,-0.29,-1.85,-0.05,-0.18,-7.81
-0.02,-0.1,0.83,-0.08,-1.89,-0.1,-1.24,-6.64
-0.02,-0.06,0.83,0.12,-1.94,-0.16,-1.65,-4.32
-0.04,-0.02,0.81,0.34,-1.99,-0.21,-2.64,-1.44
-0.04,0.02,0.78,0.57,-2.08,-0.25,-2.64,1.23
-0.03,0.06,0.76,0.73,-2.2,-0.28,-2.17,4.14
-0.01,0.06,0.72,0.88,-2.25,-0.28,-0.83,5.17
0.02,0.05,0.66,0.96,-2.29,-0.26,1.74,4.06
0.04,0.04,0.64,0.99,-2.32,-0.21,3.59,4.04
0.07,0.03,0.6,1.0,-2.33,-0.16,6.63,2.74
0.1,-0.01,0.59,0.96,-2.32,-0.12,10.09,-0.81
0.14,-0.02,0.58,0.89,-2.3,-0.08,13.24,-2.07
0.17,-0.04,0.58,0.8,-2.29,-0.05,16.68,-3.63
0.2,-0.08,0.56,0.68,-2.33,-0.03,19.19,-7.93
0.21,-0.12,0.57,0.53,-2.37,-0.04,19.91,-11.2
0.19,-0.19,0.6,0.37,-2.4,-0.06,17.32,-16.56
0.16,-0.2,0.65,0.23,-2.43,-0.1,13.4,-16.51
0.15,-0.21,0.7,0.13,-2.44,-0.1,11.27,-16.38
0.13,-0.2,0.73,0.01,-2.46,-0.14,9.51,-15.48
0.08,-0.17,0.77,-0.08,-2.46,-0.14,6.1,-12.33
0.05,-0.11,0.8,-0.16,-2.44,-0.12,3.61,-8.06
0.02,-0.06,0.81,-0.24,-2.44,-0.04,1.16,-4.56
-0.01,-0.02,0.83,-0.31,-2.42,0.05,-0.47,-1.52
-0.04,-0.0,0.84,-0.38,-2.41,0.19,-2.81,-0.2
-0.06,0.0,0.86,-0.41,-2.41,0.36,-3.88,0.22
-0.08,0.01,0.87,-0.42,-2.4,0.51,-5.24,0.47
-0.1,-0.01,0.86,-0.41,-2.39,0.66,-6.51,-0.4
-0.07,-0.16,0.85,-0.42,-2.32,0.76,-4.43,-10.69
-0.03,-0.27,0.93,-0.38,-2.32,0.82,-1.87,-16.38
0.0,-0.34,0.99,-0.28,-2.33,0.8,0.13,-18.87
0.05,-0.47,1.02,-0.15,-2.32,0.75,2.31,-24.75
0.07,-0.54,1.07,0.0,-2.31,0.63,3.43,-26.79
0.13,-0.62,1.13,0.18,-2.35,0.43,5.6,-28.85
0.15,-0.63,1.14,0.42,-2.35,0.02,6.38,-28.82
0.14,-0.57,1.1,0.49,-2.5,-0.15,6.4,-27.51
0.12,-0.48,1.03,0.56,-2.54,-0.4,6.21,-24.55
0.12,-0.33,0.97,0.54,-2.57,-0.58,6.42,-18.73
0.1,-0.2,0.93,0.5,-2.58,-0.66,6.21,-11.97
0.08,-0.07,0.89,0.39,-2.6,-0.61,4.99,-4.75
0.05,0.03,0.87,0.25,-2.58,-0.46,3.37,2.21
0.03,0.1,0.89,0.11,-2.57,-0.23,2.07,6.13
0.03,0.09,0.89,-0.01,-2.6,-0.01,1.63,5.81
0.01,0.05,0.9,-0.13,-2.59,0.21,0.91,2.92
-0.0,0.02,0.89,-0.22,-2.52,0.37,-0.27,1.17
-0.02,-0.01,0.87,-0.32,-2.46,0.53,-1.2,-0.92
-0.02,-0.05,0.88,-0.41,-2.4,0.66,-1.27,-3.4
-0.0,-0.13,0.93,-0.48,-2.34,0.76,-0.1,-8.0
0.04,-0.27,1.02,-0.5,-2.27,0.8,2.15,-15.01
0.07,-0.4,1.13,-0.49,-2.24,0.77,3.11,-19.46
0.08,-0.47,1.25,-0.39,-2.23,0.65,3.4,-20.58
0.06,-0.47,1.31,-0.22,-2.22,0.47,2.33,-19.67
0.04,-0.43,1.33,-0.06,-2.22,0.27,1.47,-17.78
0.02,-0.37,1.31,0.13,-2.22,0.08,0.99,-15.69
0.03,-0.29,1.29,0.3,-2.27,-0.08,1.31,-12.84
0.05,-0.24,1.24,0.46,-2.36,-0.2,2.12,-10.77
0.08,-0.18,1.18,0.55,-2.44,-0.29,3.61,-8.72
0.08,-0.14,1.12,0.52,-2.51,-0.32,4.14,-7.31
0.08,-0.12,1.07,0.47,-2.56,-0.3,4.0,-6.34
0.06,-0.11,1.05,0.37,-2.57,-0.27,3.5,-5.86
0.07,-0.07,1.04,0.24,-2.5,-0.19,3.59,-4.07
0.06,-0.04,1.03,0.07,-2.39,-0.06,3.6,-2.38
0.05,-0.01,1.02,-0.11,-2.35,0.1,2.8,-0.49
0.03,0.03,0.99,-0.26,-2.25,0.27,1.81,1.52
0.01,0.02,0.98,-0.39,-2.21,0.44,0.56,1.23
-0.0,-0.02,1.0,-0.53,-2.14,0.6,-0.26,-1.13
-0.01,-0.06,1.03,-0.65,-2.06,0.72,-0.39,-3.6
-0.01,-0.12,1.1,-0.69,-2.02,0.8,-0.49,-6.11
0.0,-0.2,1.2,-0.7,-1.98,0.84,0.06,-9.56
0.02,-0.3,1.35,-0.65,-1.94,0.79,0.96,-12.53
0.04,-0.34,1.47,-0.5,-1.92,0.66,1.51,-12.93
0.03,-0.32,1.53,-0.26,-1.91,0.43,1.25,-11.92
0.02,-0.28,1.51,-0.1,-2.06,0.27,0.82,-10.52
0.01,-0.22,1.44,0.17,-1.98,-0.07,0.41,-8.56
-0.0,-0.14,1.34,0.34,-2.04,-0.28,-0.19,-5.79
0.0,-0.05,1.25,0.5,-2.12,-0.44,0.02,-2.1
0.02,0.0,1.16,0.57,-2.22,-0.49,1.12,0.22
0.06,0.03,1.1,0.56,-2.29,-0.49,3.22,1.57
0.07,0.04,1.05,0.49,-2.36,-0.42,4.08,2.34
0.09,0.03,1.03,0.36,-2.42,-0.34,4.8,1.56
0.08,-0.01,1.04,0.19,-2.37,-0.21,4.5,-0.57
0.07,-0.04,1.08,0.01,-2.27,-0.11,3.67,-2.2
0.05,-0.02,1.09,-0.12,-2.17,0.0,2.81,-0.94
0.04,0.01,1.1,-0.26,-2.09,0.11,1.9,0.36
0.02,0.01,1.08,-0.38,-1.99,0.25,0.99,0.67
-0.0,0.02,1.09,-0.52,-1.87,0.36,-0.13,1.02
-0.02,0.01,1.1,-0.6,-1.78,0.47,-1.21,0.31
-0.02,-0.06,1.19,-0.64,-1.73,0.54,-1.19,-2.9
-0.01,-0.12,1.34,-0.62,-1.69,0.54,-0.57,-5.01
-0.02,-0.1,1.44,-0.51,-1.65,0.47,-0.73,-4.08
-0.04,-0.07,1.48,-0.34,-1.6,0.37,-1.48,-2.56
-0.05,-0.05,1.45,-0.11,-1.62,0.22,-2.15,-2.06
-0.04,-0.03,1.41,0.17,-1.54,-0.08,-1.76,-1.21
-0.03,-0.01,1.36,0.32,-1.69,-0.09,-1.36,-0.45
-0.01,0.02,1.29,0.48,-1.77,-0.23,-0.42,0.88
0.02,0.04,1.21,0.65,-1.86,-0.32,1.06,1.96
0.05,0.04,1.15,0.73,-1.94,-0.37,2.52,1.93
0.05,0.04,1.1,0.76,-1.98,-0.4,2.68,2.22
0.06,0.06,1.07,0.72,-1.99,-0.35,3.45,3.0
0.09,0.04,1.05,0.67,-2.01,-0.26,4.97,2.33
0.11,0.03,1.03,0.58,-2.01,-0.16,5.97,1.4
0.12,-0.0,1.02,0.43,-1.95,-0.07,6.54,-0.12
0.12,-0.04,1.0,0.26,-1.88,0.03,6.98,-2.06
0.11,-0.04,0.97,0.05,-1.78,0.14,6.71,-2.45
0.09,-0.03,0.94,-0.16,-1.69,0.26,5.24,-1.93
0.06,-0.02,0.97,-0.37,-1.61,0.39,3.61,-1.08
0.03,-0.04,1.05,-0.53,-1.53,0.48,1.67,-2.15
-0.0,-0.03,1.17,-0.63,-1.53,0.54,-0.12,-1.24
-0.04,-0.0,1.25,-0.62,-1.49,0.53,-1.77,-0.17
-0.05,0.02,1.31,-0.56,-1.49,0.48,-2.3,0.82
-0.07,0.02,1.34,-0.46,-1.49,0.41,-2.81,0.71
-0.06,0.01,1.33,-0.35,-1.5,0.32,-2.79,0.59
-0.06,0.02,1.3,-0.23,-1.53,0.22,-2.73,0.78
-0.04,0.02,1.27,-0.14,-1.54,0.13,-1.6,0.74
-0.0,0.02,1.23,-0.06,-1.52,0.05,-0.17,0.83
0.02,0.02,1.17,-0.02,-1.52,0.02,1.11,0.79
0.04,0.0,1.12,0.0,-1.53,-0.01,2.18,0.16
0.06,0.0,1.07,-0.01,-1.59,-0.02,3.14,0.19
0.07,0.01,1.05,-0.05,-1.6,-0.02,3.74,0.51
0.08,0.01,1.04,-0.09,-1.63,0.0,4.26,0.32
0.08,-0.01,1.03,-0.13,-1.65,0.02,4.28,-0.56
0.08,-0.02,1.02,-0.21,-1.68,0.05,4.24,-1.01
0.05,-0.01,1.01,-0.27,-1.69,0.07,2.98,-0.56
0.03,0.02,1.03,-0.33,-1.71,0.13,1.8,1.07
0.01,0.03,1.04,-0.37,-1.71,0.17,0.48,1.65
-0.01,0.02,1.09,-0.37,-1.73,0.22,-0.43,0.88
-0.02,0.01,1.16,-0.37,-1.74,0.24,-1.17,0.65
-0.04,0.03,1.24,-0.35,-1.72,0.25,-1.74,1.43
-0.06,0.07,1.28,-0.29,-1.72,0.24,-2.64,3.03
-0.08,0.1,1.3,-0.19,-1.74,0.23,-3.36,4.57
-0.09,0.13,1.32,-0.07,-1.73,0.19,-4.02,5.82
-0.1,0.15,1.32,0.05,-1.71,0.16,-4.25,6.26
-0.09,0.16,1.33,0.19,-1.73,0.12,-3.92,6.73
-0.07,0.17,1.3,0.27,-1.71,0.1,-3.05,7.29
-0.05,0.17,1.28,0.38,-1.71,0.08,-2.12,7.59
-0.01,0.16,1.26,0.43,-1.67,0.09,-0.54,7.23
0.01,0.15,1.24,0.45,-1.67,0.11,0.53,6.71
0.04,0.13,1.21,0.46,-1.65,0.13,1.77,6.16
0.05,0.13,1.2,0.43,-1.61,0.14,2.39,6.4
0.06,0.13,1.19,0.36,-1.57,0.17,3.0,6.26
0.07,0.13,1.19,0.32,-1.54,0.18,3.59,6.29
0.09,0.12,1.17,0.28,-1.49,0.19,4.27,5.73
0.1,0.12,1.17,0.19,-1.45,0.21,4.83,5.82
0.09,0.13,1.15,0.13,-1.43,0.21,4.67,6.19
0.08,0.14,1.14,0.05,-1.4,0.23,4.21,7.04
0.09,0.15,1.15,0.0,-1.39,0.22,4.23,7.44
0.06,0.17,1.14,-0.04,-1.4,0.22,2.78,8.58
0.04,0.17,1.14,-0.08,-1.37,0.2,1.83,8.52
0.03,0.17,1.15,-0.11,-1.38,0.19,1.5,8.29
0.02,0.16,1.17,-0.14,-1.4,0.17,0.98,7.8
0.01,0.18,1.18,-0.16,-1.41,0.15,0.32,8.63
-0.01,0.2,1.19,-0.18,-1.38,0.11,-0.66,9.64
-0.03,0.21,1.2,-0.16,-1.4,0.08,-1.47,10.12
-0.04,0.23,1.21,-0.16,-1.4,0.05,-1.96,10.71
-0.05,0.25,1.21,-0.12,-1.45,0.03,-2.31,11.74
-0.06,0.27,1.23,-0.09,-1.44,0.01,-2.82,12.41
-0.07,0.29,1.23,-0.05,-1.44,0.0,-3.27,13.03
-0.08,0.29,1.24,0.01,-1.44,-0.01,-3.68,13.34
-0.1,0.3,1.24,0.07,-1.45,-0.0,-4.29,13.54
-0.11,0.32,1.25,0.11,-1.4,-0.0,-4.78,14.37
-0.12,0.34,1.26,0.18,-1.4,0.0,-5.1,15.2
-0.12,0.35,1.27,0.27,-1.37,-0.0,-5.07,15.46
-0.11,0.35,1.27,0.33,-1.33,-0.0,-4.62,15.54
-0.08,0.33,1.25,0.37,-1.28,0.01,-3.48,14.78
-0.06,0.31,1.22,0.41,-1.23,-0.0,-2.58,14.24
-0.03,0.29,1.2,0.4,-1.2,0.01,-1.61,13.4
-0.02,0.29,1.19,0.39,-1.2,0.02,-0.9,13.54
0.0,0.28,1.17,0.37,-1.17,0.01,0.13,13.22
0.01,0.28,1.17,0.34,-1.16,0.01,0.39,13.31
0.02,0.28,1.17,0.31,-1.17,-0.01,0.87,13.53
0.03,0.27,1.18,0.3,-1.18,-0.04,1.18,12.69
0.03,0.26,1.19,0.28,-1.17,-0.07,1.58,12.18
0.03,0.25,1.19,0.24,-1.17,-0.09,1.26,11.79
0.03,0.25,1.19,0.23,-1.16,-0.13,1.35,11.87
0.03,0.25,1.17,0.18,-1.14,-0.14,1.32,11.86
0.03,0.23,1.17,0.15,-1.1,-0.19,1.48,11.21
0.02,0.22,1.16,0.08,-1.06,-0.21,1.1,10.91
0.02,0.21,1.19,0.02,-1.02,-0.21,0.88,10.03
0.02,0.21,1.23,-0.05,-0.93,-0.23,0.72,9.62
0.01,0.22,1.25,-0.12,-0.81,-0.23,0.57,10.11
0.01,0.24,1.27,-0.21,-0.64,-0.23,0.5,10.64
0.0,0.25,1.28,-0.28,-0.48,-0.21,0.2,11.05
-0.0,0.26,1.29,-0.35,-0.3,-0.19,-0.11,11.38
-0.01,0.27,1.28,-0.43,-0.13,-0.17,-0.27,11.85
-0.02,0.3,1.26,-0.48,0.01,-0.15,-0.84,13.2
-0.03,0.31,1.25,-0.53,0.13,-0.1,-1.38,13.92
-0.04,0.33,1.24,-0.51,0.22,-0.08,-1.95,14.89
-0.05,0.33,1.22,-0.49,0.27,-0.05,-2.47,15.31
-0.06,0.32,1.21,-0.48,0.32,-0.04,-2.77,14.89
-0.06,0.3,1.19,-0.44,0.31,-0.01,-2.78,14.19
-0.07,0.29,1.18,-0.4,0.31,-0.03,-3.32,13.64
-0.08,0.28,1.16,-0.36,0.32,-0.06,-3.84,13.38
-0.08,0.28,1.15,-0.33,0.32,-0.08,-3.98,13.57
-0.08,0.27,1.13,-0.28,0.3,-0.09,-4.05,13.46
-0.08,0.27,1.11,-0.25,0.29,-0.09,-3.83,13.53
-0.07,0.26,1.1,-0.21,0.28,-0.07,-3.74,13.35
-0.08,0.26,1.1,-0.18,0.3,-0.04,-4.14,13.45
-0.08,0.26,1.11,-0.16,0.28,-0.01,-4.02,13.08
-0.07,0.26,1.12,-0.08,0.27,-0.0,-3.63,12.77
-0.07,0.26,1.12,-0.01,0.27,0.03,-3.53,12.93
-0.06,0.24,1.12,0.04,0.27,0.03,-3.1,12.2
-0.05,0.22,1.14,0.09,0.3,0.05,-2.58,11.13
-0.03,0.2,1.15,0.14,0.3,0.05,-1.56,9.93
-0.02,0.16,1.17,0.15,0.33,0.05,-0.91,7.88
0.01,0.14,1.21,0.19,0.36,0.03,0.39,6.67
0.02,0.12,1.22,0.17,0.43,-0.0,1.12,5.7
0.05,0.09,1.18,0.15,0.49,-0.03,2.6,4.5
0.05,0.09,1.14,0.11,0.54,-0.04,2.68,4.52
0.07,0.08,1.1,0.07,0.6,-0.03,3.5,4.36
0.07,0.09,1.08,-0.01,0.65,-0.0,3.84,4.89
0.08,0.08,1.07,-0.03,0.64,0.03,4.03,4.53
0.07,0.08,1.06,-0.07,0.63,0.07,3.56,4.54
0.06,0.08,1.06,-0.11,0.65,0.07,3.22,4.2
0.05,0.08,1.06,-0.12,0.62,0.09,2.85,4.3
0.04,0.06,1.06,-0.15,0.62,0.08,2.22,3.47
0.03,0.06,1.07,-0.15,0.58,0.07,1.85,3.32
0.03,0.07,1.08,-0.14,0.57,0.06,1.54,3.59
0.02,0.06,1.08,-0.15,0.58,0.04,0.89,3.38
0.01,0.06,1.08,-0.13,0.55,0.05,0.48,3.05
0.01,0.05,1.08,-0.1,0.53,0.04,0.3,2.89
0.0,0.05,1.07,-0.08,0.53,0.02,0.18,2.78
-0.0,0.05,1.07,-0.08,0.53,0.02,-0.08,2.56
-0.0,0.04,1.05,-0.07,0.51,0.02,-0.27,2.22
-0.01,0.03,1.03,-0.08,0.5,0.02,-0.52,1.8
-0.02,0.05,1.02,-0.06,0.46,0.04,-1.12,2.54
-0.02,0.06,1.01,-0.07,0.48,0.06,-1.23,3.23
-0.02,0.06,1.01,-0.04,0.45,0.11,-1.3,3.34
-0.01,0.05,1.03,-0.0,0.42,0.13,-0.4,2.94
-0.0,0.04,1.05,0.02,0.43,0.13,-0.1,2.24
0.01,0.02,1.07,0.03,0.45,0.14,0.4,1.0
0.02,0.01,1.08,0.04,0.47,0.14,0.89,0.45
0.03,0.0,1.09,0.07,0.47,0.12,1.6,0.11
0.04,-0.01,1.08,0.07,0.49,0.12,2.14,-0.36
0.05,-0.03,1.07,0.08,0.49,0.11,2.89,-1.42
0.07,-0.03,1.08,0.07,0.52,0.11,3.69,-1.68
0.08,-0.04,1.07,0.08,0.52,0.09,4.02,-2.12
0.08,-0.05,1.06,0.06,0.52,0.08,4.21,-2.73
0.08,-0.05,1.05,0.02,0.53,0.06,4.35,-2.89
0.08,-0.05,1.05,0.01,0.54,0.05,4.39,-2.85
0.07,-0.05,1.04,0.01,0.52,0.03,4.1,-2.73
0.07,-0.04,1.02,-0.0,0.51,0.03,4.09,-2.44
0.06,-0.03,1.0,-0.01,0.52,0.02,3.64,-1.76
0.06,-0.03,0.98,-0.02,0.5,0.03,3.61,-1.98
0.07,-0.02,0.98,-0.02,0.47,0.04,3.82,-1.02
0.06,-0.02,0.98,0.01,0.42,0.05,3.67,-1.22
0.06,-0.03,0.97,-0.01,0.42,0.05,3.75,-1.75
0.06,-0.03,0.96,0.0,0.38,0.06,3.58,-1.63
0.06,-0.04,0.95,0.04,0.34,0.06,3.77,-2.42
0.07,-0.04,0.96,0.04,0.29,0.09,3.95,-2.38
0.08,-0.05,0.95,0.02,0.3,0.09,4.66,-2.9
0.09,-0.06,0.95,0.03,0.27,0.12,5.29,-3.73
0.08,-0.07,0.95,0.02,0.24,0.13,4.8,-4.19
0.09,-0.07,0.97,0.01,0.22,0.14,5.1,-4.21
0.09,-0.07,0.97,-0.02,0.17,0.16,5.37,-4.3
0.08,-0.08,0.99,-0.03,0.18,0.14,4.53,-4.32
0.09,-0.06,1.0,-0.01,0.15,0.13,4.95,-3.58
0.07,-0.06,1.0,0.0,0.1,0.12,4.23,-3.18
0.07,-0.05,1.01,0.02,0.1,0.08,3.94,-2.8
0.07,-0.04,1.0,0.04,0.08,0.06,3.8,-2.06
0.06,-0.02,0.99,0.09,0.05,0.03,3.46,-1.3
0.07,-0.02,0.98,0.12,0.01,0.04,4.2,-1.16
0.08,-0.03,0.98,0.15,-0.01,0.03,4.67,-1.62
0.1,-0.04,0.99,0.14,-0.03,0.05,5.54,-2.22
0.11,-0.05,1.01,0.12,-0.03,0.05,6.46,-2.74
0.12,-0.06,1.02,0.14,-0.06,0.06,6.84,-3.51
0.13,-0.07,1.03,0.14,-0.06,0.03,7.32,-3.73
0.14,-0.08,1.01,0.09,-0.04,0.02,7.62,-4.74
0.13,-0.08,1.0,0.06,-0.04,0.02,7.63,-4.77
0.14,-0.08,0.99,0.03,-0.05,0.0,8.22,-4.62
0.14,-0.08,1.0,0.0,-0.07,0.02,8.06,-4.67
0.13,-0.07,1.01,-0.05,-0.05,0.01,7.34,-3.88
0.12,-0.06,1.01,-0.08,-0.06,0.03,6.84,-3.22
0.11,-0.04,1.01,-0.08,-0.08,0.03,6.23,-2.5
0.09,-0.03,1.02,-0.08,-0.1,0.01,5.16,-1.55
0.07,-0.02,1.02,-0.08,-0.1,0.0,4.17,-1.0
0.07,-0.0,1.02,-0.06,-0.13,-0.0,3.88,-0.16
0.06,0.02,1.02,-0.02,-0.15,-0.01,3.23,1.19
0.06,0.02,1.01,0.02,-0.18,-0.01,3.45,1.21
0.08,0.02,1.02,0.03,-0.18,-0.01,4.24,1.08
0.09,0.0,1.03,0.06,-0.2,0.0,4.93,0.24
0.1,-0.0,1.03,0.07,-0.22,-0.0,5.4,-0.07
0.11,-0.01,1.03,0.07,-0.23,0.0,5.98,-0.56
0.11,-0.03,1.03,0.06,-0.24,-0.0,6.19,-1.42
0.11,-0.04,1.02,0.02,-0.24,-0.02,5.93,-2.08
0.11,-0.03,1.01,-0.02,-0.26,-0.02,5.95,-1.91
0.1,-0.03,1.02,-0.03,-0.29,-0.04,5.63,-1.61
0.09,-0.02,1.02,-0.05,-0.28,-0.05,5.24,-1.03
0.08,-0.01,1.03,-0.07,-0.3,-0.04,4.47,-0.34
0.06,0.01,1.02,-0.06,-0.33,-0.05,3.3,0.44
0.04,0.01,1.01,-0.07,-0.35,-0.04,2.42,0.77
0.03,0.02,1.01,-0.05,-0.36,-0.04,1.81,1.27
0.01,0.04,1.01,-0.06,-0.36,-0.02,0.41,2.15
0.0,0.05,1.01,-0.03,-0.39,0.0,0.12,3.05
0.0,0.05,1.01,0.0,-0.4,0.01,0.08,3.06
-0.0,0.06,1.03,0.06,-0.4,0.01,-0.12,3.39
0.0,0.05,1.04,0.09,-0.42,0.02,0.03,2.74
0.0,0.05,1.04,0.1,-0.43,0.02,0.09,2.81
0.02,0.04,1.04,0.12,-0.44,0.01,1.05,2.45
0.03,0.05,1.04,0.14,-0.43,0.01,1.46,2.54
0.03,0.04,1.06,0.12,-0.4,0.02,1.87,2.3
0.04,0.05,1.08,0.14,-0.41,0.03,2.19,2.58
0.05,0.03,1.09,0.16,-0.42,0.03,2.64,1.68
0.05,0.03,1.1,0.15,-0.43,0.02,2.63,1.79
0.06,0.04,1.1,0.15,-0.4,-0.0,2.9,2.21
0.05,0.05,1.1,0.16,-0.37,-0.03,2.39,2.7
0.05,0.06,1.09,0.15,-0.36,-0.06,2.69,3.01
0.06,0.07,1.09,0.16,-0.37,-0.06,3.21,3.93
0.06,0.06,1.07,0.14,-0.34,-0.06,3.4,3.26
0.07,0.06,1.08,0.12,-0.35,-0.06,3.85,2.93
0.08,0.04,1.09,0.1,-0.34,-0.06,4.2,2.24
0.07,0.04,1.09,0.07,-0.35,-0.07,3.72,2.33
0.07,0.05,1.08,0.03,-0.33,-0.08,3.64,2.39
0.06,0.05,1.07,-0.0,-0.32,-0.08,3.05,2.69
0.04,0.07,1.06,-0.03,-0.32,-0.08,2.4,3.58
0.04,0.08,1.07,-0.06,-0.33,-0.06,1.9,4.32
0.03,0.09,1.08,-0.07,-0.31,-0.07,1.6,4.92
0.02,0.1,1.1,-0.09,-0.31,-0.05,1.01,5.33
0.01,0.12,1.09,-0.08,-0.31,-0.05,0.31,6.09
0.0,0.12,1.09,-0.07,-0.3,-0.04,0.01,6.37
-0.0,0.13,1.09,-0.06,-0.28,-0.04,-0.1,6.67
-0.0,0.13,1.08,-0.06,-0.26,-0.03,-0.23,6.83
-0.0,0.13,1.08,-0.06,-0.26,-0.03,-0.06,6.81
-0.01,0.13,1.09,-0.04,-0.26,-0.02,-0.27,6.85
0.0,0.13,1.1,-0.02,-0.26,-0.01,0.03,6.93
0.01,0.13,1.1,-0.03,-0.25,-0.01,0.43,6.9
0.01,0.12,1.11,-0.0,-0.24,-0.0,0.46,6.33
0.01,0.12,1.11,0.0,-0.23,-0.02,0.75,6.23
0.01,0.12,1.1,0.01,-0.22,-0.02,0.59,6.22
0.01,0.13,1.09,-0.0,-0.19,-0.01,0.69,6.54
0.02,0.13,1.09,-0.01,-0.2,0.01,0.91,6.73
0.02,0.13,1.09,-0.01,-0.19,0.02,1.03,6.68
0.02,0.13,1.1,-0.02,-0.19,0.02,0.86,6.74
0.03,0.13,1.11,-0.02,-0.17,0.02,1.31,6.76
0.02,0.12,1.12,-0.02,-0.17,0.02,1.2,5.95
0.03,0.13,1.12,-0.02,-0.16,-0.01,1.5,6.58
0.02,0.13,1.12,-0.02,-0.15,-0.01,1.14,6.48
0.03,0.13,1.12,-0.03,-0.13,-0.01,1.36,6.36
0.03,0.13,1.13,-0.02,-0.13,-0.03,1.46,6.34
0.03,0.13,1.14,-0.02,-0.11,-0.03,1.32,6.6
0.02,0.14,1.13,-0.03,-0.08,-0.03,1.2,6.92
0.02,0.13,1.12,-0.04,-0.06,-0.04,1.11,6.82
0.02,0.14,1.11,-0.04,-0.05,-0.02,0.9,6.96
0.01,0.14,1.1,-0.05,-0.04,-0.01,0.72,7.38
0.0,0.14,1.09,-0.06,-0.03,0.0,0.25,7.49
0.0,0.14,1.09,-0.05,-0.01,0.0,0.02,7.53
-0.01,0.14,1.09,-0.04,-0.03,0.01,-0.28,7.58
-0.01,0.15,1.09,-0.05,-0.05,0.02,-0.46,7.96
-0.02,0.15,1.1,-0.01,-0.03,0.02,-0.78,7.78
-0.01,0.15,1.1,-0.02,0.0,0.0,-0.59,7.93
-0.01,0.15,1.11,0.02,-0.01,0.01,-0.31,7.64
-0.0,0.15,1.11,0.05,0.0,-0.0,-0.12,7.55
-0.0,0.15,1.1,0.07,0.01,-0.01,-0.09,7.7
0.0,0.14,1.08,0.06,0.01,0.0,0.19,7.15
0.0,0.13,1.09,0.07,0.0,0.01,0.22,6.77
0.02,0.12,1.1,0.05,0.01,0.02,1.1,6.46
0.02,0.13,1.1,0.05,0.01,0.01,1.2,6.93
0.02,0.14,1.11,0.03,0.03,0.01,0.9,7.29
0.02,0.13,1.12,0.01,0.05,0.02,1.21,6.8
0.02,0.14,1.13,-0.01,0.07,0.0,1.02,6.91
0.02,0.14,1.13,-0.04,0.08,0.03,1.19,6.93
0.02,0.14,1.14,-0.1,0.12,0.02,1.01,7.19
0.02,0.15,1.14,-0.15,0.14,0.05,0.82,7.72
0.0,0.17,1.15,-0.2,0.16,0.07,0.11,8.36
0.0,0.19,1.17,-0.23,0.21,0.08,0.02,9.06
-0.01,0.2,1.2,-0.27,0.26,0.07,-0.24,9.27
-0.01,0.21,1.21,-0.29,0.31,0.08,-0.52,9.65
-0.01,0.22,1.22,-0.3,0.36,0.1,-0.31,10.21
-0.01,0.23,1.23,-0.32,0.39,0.11,-0.34,10.42
-0.01,0.24,1.23,-0.33,0.45,0.1,-0.37,11.08
-0.01,0.26,1.24,-0.33,0.49,0.1,-0.51,11.65
-0.01,0.27,1.25,-0.3,0.52,0.09,-0.28,11.96
-0.01,0.27,1.25,-0.25,0.52,0.06,-0.47,12.26
-0.01,0.27,1.25,-0.24,0.57,0.04,-0.35,12.27
-0.01,0.26,1.22,-0.21,0.56,0.02,-0.57,12.18
-0.01,0.27,1.2,-0.21,0.58,0.01,-0.69,12.67
-0.02,0.27,1.19,-0.18,0.56,0.02,-0.71,13.0
-0.02,0.29,1.2,-0.18,0.56,0.03,-0.7,13.45
-0.02,0.3,1.21,-0.17,0.55,0.03,-1.14,14.14
-0.03,0.33,1.23,-0.16,0.56,0.03,-1.43,14.83
-0.03,0.34,1.25,-0.12,0.54,0.03,-1.45,15.08
-0.03,0.34,1.29,-0.09,0.56,0.05,-1.38,14.88
-0.02,0.35,1.36,-0.08,0.62,0.03,-0.87,14.29
-0.01,0.34,1.44,-0.07,0.64,0.01,-0.36,13.4
0.01,0.34,1.52,-0.08,0.72,-0.05,0.21,12.62
0.01,0.36,1.58,-0.07,0.79,-0.12,0.27,12.78
0.02,0.38,1.62,-0.09,0.93,-0.18,0.52,13.21
0.02,0.38,1.65,-0.11,1.05,-0.25,0.58,13.12
0.02,0.39,1.66,-0.12,1.14,-0.3,0.65,13.2
0.01,0.39,1.66,-0.16,1.28,-0.34,0.49,13.21
0.0,0.41,1.67,-0.24,1.43,-0.36,0.08,13.62
-0.01,0.42,1.69,-0.3,1.56,-0.35,-0.19,13.85
-0.02,0.42,1.7,-0.32,1.73,-0.32,-0.5,13.83
-0.03,0.41,1.7,-0.36,1.9,-0.31,-0.92,13.42
-0.05,0.4,1.68,-0.38,2.06,-0.26,-1.57,13.35
-0.06,0.39,1.67,-0.42,2.23,-0.21,-1.94,13.26
-0.06,0.37,1.67,-0.38,2.37,-0.17,-2.09,12.45
-0.07,0.35,1.68,-0.35,2.49,-0.13,-2.33,11.58
-0.07,0.31,1.67,-0.32,2.61,-0.12,-2.34,10.61
-0.07,0.29,1.66,-0.3,2.69,-0.11,-2.32,9.85
-0.06,0.25,1.66,-0.24,2.76,-0.13,-1.91,8.49
-0.03,0.21,1.66,-0.22,2.82,-0.16,-1.18,7.32
-0.01,0.18,1.66,-0.2,2.91,-0.19,-0.44,6.35
-0.0,0.16,1.64,-0.2,2.95,-0.22,-0.06,5.41
0.0,0.13,1.62,-0.22,3.0,-0.24,0.09,4.51
0.02,0.11,1.63,-0.24,3.04,-0.24,0.66,3.68
0.03,0.07,1.69,-0.3,3.13,-0.26,1.08,2.33
0.05,0.02,1.75,-0.37,3.2,-0.28,1.77,0.6
0.06,-0.02,1.79,-0.35,3.49,-0.44,1.95,-0.5
0.06,-0.04,1.8,-0.49,3.38,-0.32,1.97,-1.14
0.06,-0.06,1.79,-0.58,3.55,-0.33,1.87,-2.06
0.06,-0.07,1.79,-0.67,3.7,-0.32,1.95,-2.39
0.05,-0.09,1.78,-0.76,3.86,-0.3,1.75,-2.83
0.05,-0.1,1.77,-0.85,4.0,-0.25,1.59,-3.18
0.02,-0.08,1.74,-0.93,4.12,-0.19,0.82,-2.72
-0.0,-0.08,1.72,-0.96,4.21,-0.11,-0.13,-2.6
-0.03,-0.09,1.69,-0.96,4.25,-0.03,-0.96,-2.89
-0.06,-0.1,1.68,-0.94,4.3,0.04,-1.9,-3.31
-0.08,-0.13,1.7,-0.92,4.34,0.1,-2.56,-4.52
-0.09,-0.16,1.71,-0.88,4.34,0.16,-3.06,-5.36
-0.1,-0.19,1.71,-0.81,4.34,0.2,-3.47,-6.48
-0.12,-0.25,1.7,-0.72,4.34,0.23,-3.98,-8.26
-0.12,-0.3,1.73,-0.62,4.34,0.24,-3.89,-9.71
-0.12,-0.34,1.74,-0.53,4.34,0.23,-3.8,-11.04
-0.12,-0.39,1.74,-0.4,4.34,0.22,-3.82,-12.73
-0.11,-0.45,1.69,-0.31,4.34,0.19,-3.74,-15.07
-0.1,-0.48,1.62,-0.23,4.34,0.18,-3.49,-16.52
-0.07,-0.51,1.56,-0.21,4.34,0.2,-2.58,-18.1
-0.06,-0.52,1.5,-0.17,4.34,0.23,-2.0,-19.08
-0.05,-0.51,1.44,-0.18,4.34,0.29,-1.91,-19.61
-0.06,-0.51,1.35,-0.21,4.34,0.35,-2.49,-20.52
-0.07,-0.48,1.28,-0.26,4.34,0.44,-3.11,-20.45
-0.09,-0.45,1.21,-0.3,4.34,0.56,-4.07,-20.13
-0.1,-0.44,1.17,-0.35,4.34,0.69,-4.54,-20.33
-0.11,-0.46,1.16,-0.38,4.34,0.81,-4.98,-21.39
-0.12,-0.47,1.15,-0.36,4.34,0.9,-5.3,-22.16
-0.1,-0.51,1.17,-0.34,4.34,0.99,-4.64,-23.62
-0.09,-0.56,1.19,-0.26,4.34,1.03,-4.03,-25.3
-0.1,-0.61,1.18,-0.19,4.34,1.03,-4.16,-27.21
-0.11,-0.64,1.17,-0.09,4.34,1.0,-4.62,-28.68
-0.09,-0.66,1.17,0.01,4.34,0.98,-4.04,-29.6
-0.07,-0.7,1.15,0.16,4.34,0.94,-2.91,-31.13
-0.06,-0.71,1.12,0.33,4.34,0.89,-2.62,-32.42
-0.06,-0.71,1.09,0.47,4.34,0.86,-2.84,-33.26
-0.05,-0.68,1.04,0.63,4.34,0.83,-2.08,-33.29
-0.03,-0.66,0.99,0.76,4.34,0.81,-1.24,-33.55
0.01,-0.67,0.93,0.89,4.33,0.79,0.36,-35.68
0.04,-0.7,0.87,0.94,4.26,0.76,2.16,-38.9
0.08,-0.74,0.8,0.98,4.24,0.72,4.33,-42.81
0.12,-0.75,0.73,0.98,4.27,0.69,6.45,-45.31
0.16,-0.75,0.68,0.97,4.32,0.68,9.19,-46.82
0.21,-0.73,0.65,0.95,4.34,0.67,12.34,-47.07
0.24,-0.66,0.59,0.89,4.34,0.66,15.07,-46.37
0.23,-0.62,0.51,0.84,4.34,0.65,16.21,-47.58
0.23,-0.56,0.46,0.75,4.34,0.67,17.68,-47.46
0.23,-0.52,0.43,0.69,4.34,0.67,19.22,-46.52
0.24,-0.47,0.4,0.62,4.34,0.7,21.42,-45.0
0.25,-0.43,0.39,0.61,4.29,0.71,23.03,-42.99
0.24,-0.4,0.38,0.59,4.2,0.73,23.42,-41.49
0.27,-0.38,0.35,0.55,4.12,0.73,27.45,-40.76
0.26,-0.37,0.31,0.49,4.05,0.72,28.37,-42.75
0.26,-0.38,0.29,0.46,4.0,0.69,28.58,-44.43
0.27,-0.39,0.29,0.44,3.92,0.66,28.71,-44.94
0.28,-0.39,0.31,0.46,3.86,0.61,29.38,-43.15
0.27,-0.37,0.32,0.51,3.77,0.54,29.02,-41.79
0.27,-0.35,0.3,0.54,3.73,0.5,29.79,-41.0
0.26,-0.32,0.29,0.59,3.62,0.43,30.92,-38.92
0.24,-0.27,0.28,0.61,3.55,0.35,31.24,-36.59
0.2,-0.23,0.27,0.64,3.48,0.3,28.74,-34.85
0.19,-0.21,0.29,0.67,3.41,0.27,28.46,-30.66
0.2,-0.16,0.3,0.72,3.33,0.24,30.15,-24.06
0.19,-0.09,0.27,0.75,3.24,0.22,33.81,-15.09
0.2,-0.05,0.23,0.72,3.18,0.21,39.85,-8.6
0.21,-0.01,0.2,0.69,3.09,0.2,45.33,-2.68
0.23,-0.02,0.19,0.63,3.04,0.19,50.42,-3.71
0.25,-0.0,0.21,0.58,2.99,0.17,49.67,-0.74
0.26,0.02,0.23,0.51,2.98,0.14,48.15,3.46
0.24,0.05,0.21,0.43,2.92,0.11,48.81,8.83
0.22,0.09,0.22,0.36,2.91,0.08,43.06,16.6
0.21,0.12,0.26,0.28,2.87,0.08,36.38,20.04
0.21,0.13,0.29,0.21,2.83,0.07,34.06,20.48
0.21,0.14,0.31,0.19,2.74,0.08,31.56,21.29
0.18,0.16,0.32,0.18,2.66,0.07,27.06,23.1
0.16,0.18,0.35,0.15,2.62,0.09,22.64,24.97
0.16,0.2,0.37,0.17,2.55,0.1,20.44,26.18
0.14,0.21,0.38,0.19,2.48,0.1,17.89,27.32
0.12,0.21,0.39,0.25,2.39,0.09,15.38,27.05
0.1,0.23,0.41,0.3,2.32,0.1,12.41,28.63
0.1,0.24,0.43,0.37,2.26,0.09,11.36,28.94
0.1,0.26,0.45,0.46,2.15,0.08,10.85,29.58
0.09,0.28,0.46,0.57,2.04,0.05,9.12,30.25
0.09,0.28,0.48,0.67,1.88,0.02,8.76,30.37
0.09,0.28,0.48,0.76,1.75,-0.04,9.23,29.67
0.09,0.27,0.48,0.87,1.62,-0.1,8.99,29.42
0.08,0.28,0.49,0.98,1.5,-0.18,7.96,29.61
0.08,0.31,0.5,1.07,1.39,-0.23,8.05,31.59
0.11,0.38,0.51,1.12,1.33,-0.27,10.2,36.43
0.14,0.48,0.48,1.1,1.25,-0.28,12.02,44.13
0.18,0.56,0.45,1.01,1.2,-0.27,13.67,49.15
0.2,0.63,0.44,0.86,1.14,-0.23,14.55,52.18
0.21,0.67,0.45,0.66,1.11,-0.19,14.93,53.55
0.23,0.71,0.45,0.4,1.08,-0.14,15.46,54.38
0.22,0.72,0.48,0.17,1.01,-0.09,14.08,53.9
0.22,0.7,0.51,-0.07,0.96,-0.05,14.0,51.79
0.2,0.68,0.54,-0.29,0.9,-0.01,12.76,50.0
0.18,0.65,0.57,-0.5,0.86,0.02,11.67,47.35
0.14,0.59,0.61,-0.65,0.8,0.05,9.48,43.25
0.1,0.51,0.68,-0.77,0.73,0.08,6.55,36.3
0.07,0.45,0.74,-0.83,0.68,0.08,4.86,31.24
0.04,0.38,0.77,-0.86,0.63,0.1,2.83,26.29
0.02,0.33,0.8,-0.83,0.55,0.09,1.08,22.76
-0.01,0.27,0.83,-0.8,0.47,0.1,-0.75,18.21
-0.02,0.23,0.87,-0.7,0.43,0.06,-1.42,15.12
-0.04,0.2,0.9,-0.6,0.35,0.03,-2.26,12.51
-0.04,0.15,0.9,-0.45,0.26,-0.01,-2.62,9.26
-0.04,0.11,0.91,-0.3,0.18,-0.05,-2.75,6.76
-0.04,0.07,0.92,-0.15,0.14,-0.09,-2.54,4.2
-0.03,0.05,0.92,-0.01,0.13,-0.13,-1.78,3.37
-0.02,0.08,0.92,0.15,0.09,-0.17,-1.04,4.79
-0.02,0.1,0.93,0.28,0.06,-0.19,-1.28,5.83
-0.01,0.11,0.94,0.37,0.03,-0.2,-0.89,6.52
-0.01,0.12,0.93,0.44,0.03,-0.2,-0.47,7.5
0.0,0.15,0.94,0.49,0.03,-0.17,0.0,9.32
0.03,0.18,0.93,0.52,0.03,-0.15,1.63,11.08
0.04,0.23,0.91,0.47,0.04,-0.1,2.27,13.96
0.06,0.27,0.89,0.4,0.05,-0.06,3.53,16.52
0.07,0.29,0.89,0.31,0.04,-0.01,4.27,18.12
0.08,0.29,0.88,0.26,0.19,-0.11,5.22,18.29
0.09,0.29,0.87,0.05,0.04,0.07,5.74,18.46
0.08,0.27,0.85,-0.11,0.07,0.1,5.37,17.74
0.08,0.24,0.85,-0.25,0.07,0.13,5.28,15.74
0.08,0.2,0.88,-0.34,0.08,0.13,5.19,12.77
0.06,0.16,0.9,-0.4,0.06,0.14,3.87,10.35
0.04,0.14,0.91,-0.45,0.05,0.13,2.44,8.68
0.02,0.12,0.92,-0.47,0.01,0.13,1.44,7.22
0.0,0.1,0.93,-0.5,0.02,0.11,0.11,6.29
-0.02,0.08,0.95,-0.47,0.01,0.11,-1.18,4.65
-0.03,0.06,0.95,-0.46,-0.01,0.11,-1.7,3.37
-0.02,0.03,0.95,-0.44,-0.04,0.12,-1.46,2.03
-0.04,0.02,0.94,-0.38,-0.06,0.12,-2.37,0.99
-0.04,-0.01,0.97,-0.31,-0.08,0.1,-2.64,-0.76
-0.04,-0.04,0.97,-0.21,-0.08,0.08,-2.13,-2.58
-0.02,-0.04,0.94,-0.15,-0.07,0.05,-1.04,-2.65
0.0,-0.06,0.95,-0.06,-0.09,0.02,0.23,-3.41
0.01,-0.06,0.95,-0.0,-0.07,0.01,0.51,-3.52
0.0,-0.05,0.94,0.08,-0.06,-0.01,0.14,-2.84
-0.0,-0.05,0.95,0.14,-0.04,-0.01,-0.14,-3.14
0.0,-0.04,0.96,0.21,-0.06,-0.02,0.22,-2.63
0.01,-0.03,0.95,0.26,-0.07,-0.02,0.34,-1.92
0.01,-0.04,0.95,0.32,-0.05,-0.04,0.32,-2.17
0.02,-0.02,0.94,0.34,-0.04,-0.03,1.1,-1.3
0.03,0.0,0.93,0.36,-0.02,-0.03,2.01,0.13
0.04,0.07,0.9,0.35,-0.0,-0.04,2.72,4.44
0.04,0.11,0.9,0.29,0.04,0.01,2.68,6.72
0.06,0.15,0.91,0.21,0.05,0.04,3.85,9.31
0.07,0.17,0.91,0.09,0.05,0.1,4.35,10.72
0.08,0.18,0.91,0.02,0.02,0.15,4.99,10.91
0.09,0.16,0.9,-0.08,0.01,0.18,5.73,10.09
0.09,0.14,0.9,-0.2,0.02,0.21,5.79,8.49
0.1,0.1,0.89,-0.24,0.02,0.22,6.13,6.06
0.09,0.06,0.89,-0.28,0.0,0.23,5.86,3.84
0.09,0.02,0.91,-0.29,0.01,0.21,5.79,1.53
0.07,0.01,0.94,-0.3,0.04,0.2,4.25,0.79
0.06,0.02,0.94,-0.28,0.0,0.19,3.78,1.2
0.05,0.0,0.95,-0.25,0.01,0.15,3.09,0.15
0.04,-0.01,0.95,-0.2,-0.01,0.12,2.47,-0.57
0.03,-0.03,0.96,-0.16,-0.0,0.09,1.82,-1.58
0.03,-0.01,0.96,-0.12,-0.02,0.07,1.7,-0.72
0.04,-0.01,0.96,-0.04,-0.06,0.04,2.12,-0.36
0.02,0.0,0.96,0.01,-0.06,0.02,1.31,0.21
0.02,0.03,0.96,0.05,-0.05,0.01,1.43,1.57
0.03,0.03,0.96,0.06,-0.05,0.01,1.77,1.95
0.04,0.04,0.95,0.12,-0.08,0.02,2.26,2.35
0.05,0.03,0.94,0.11,-0.07,0.01,2.8,1.95
0.05,0.03,0.93,0.14,-0.08,0.01,3.32,2.14
0.06,0.05,0.94,0.11,-0.05,0.01,3.79,2.87
0.07,0.05,0.94,0.11,-0.05,0.03,4.07,2.96
0.07,0.05,0.94,0.09,-0.05,0.04,4.39,3.04
0.08,0.05,0.94,0.05,-0.03,0.04,4.63,3.04
0.08,0.05,0.94,0.02,-0.03,0.06,4.86,2.81
0.08,0.04,0.93,0.0,-0.03,0.05,4.93,2.56
0.07,0.05,0.93,-0.02,-0.03,0.05,4.48,2.9
0.08,0.04,0.96,-0.04,-0.0,0.05,4.71,2.17
0.08,0.04,0.96,-0.05,-0.01,0.06,4.74,2.17
0.07,0.04,0.96,-0.05,-0.01,0.04,4.28,2.22
0.07,0.04,0.97,-0.06,-0.02,0.06,4.35,2.14
0.08,0.04,0.96,-0.08,-0.01,0.05,4.59,2.24
0.08,0.03,0.96,-0.09,-0.01,0.06,4.66,1.88
0.07,0.03,0.96,-0.07,-0.02,0.04,4.34,1.87
0.07,0.02,0.96,-0.08,-0.04,0.03,4.31,1.46
0.07,0.02,0.96,-0.08,-0.04,0.02,4.19,1.14
0.06,0.02,0.95,-0.08,-0.02,0.02,3.75,1.11
0.05,0.02,0.95,-0.06,-0.04,0.01,3.26,1.02
0.05,0.01,0.94,-0.05,-0.03,-0.03,2.98,0.86
0.04,0.01,0.95,-0.04,-0.04,-0.05,2.62,0.42
0.04,0.02,0.96,-0.02,-0.04,-0.06,2.38,1.05
0.04,0.02,0.96,-0.01,-0.05,-0.06,2.14,1.39
0.04,0.02,0.94,0.0,-0.05,-0.07,2.38,1.31
0.04,0.03,0.94,0.01,-0.04,-0.06,2.62,1.59
0.04,0.03,0.95,-0.02,-0.01,-0.04,2.56,1.91
0.05,0.03,0.95,-0.03,-0.01,-0.02,2.93,1.8
0.05,0.02,0.95,-0.02,-0.01,-0.0,2.93,1.47
0.05,0.02,0.94,-0.04,0.02,0.01,3.21,1.44
0.05,0.02,0.94,-0.07,0.03,0.01,2.92,1.47
0.05,0.02,0.94,-0.11,0.06,0.02,2.76,1.47
0.04,0.03,0.96,-0.11,0.06,0.02,2.54,1.53
0.03,0.03,0.95,-0.13,0.06,0.03,2.09,1.7
0.03,0.02,0.96,-0.14,0.09,0.04,1.89,1.35
0.02,0.02,0.96,-0.14,0.07,0.06,1.22,1.41
0.01,0.03,0.97,-0.11,0.07,0.05,0.75,1.75
0.0,0.04,0.98,-0.09,0.05,0.06,0.09,2.17
0.01,0.05,0.97,-0.08,0.05,0.06,0.69,2.88
0.02,0.05,0.96,-0.06,0.02,0.08,0.92,3.11
0.02,0.06,0.95,-0.05,0.02,0.08,1.04,3.85
0.02,0.06,0.94,-0.03,0.01,0.06,1.06,3.73
0.03,0.05,0.94,-0.04,-0.0,0.05,1.68,2.97
0.03,0.05,0.94,-0.03,-0.02,0.04,1.91,2.92
0.02,0.05,0.96,0.06,0.1,-0.12,1.33,2.86
0.03,0.07,0.96,0.01,-0.08,0.02,1.62,3.89
0.03,0.05,0.95,0.02,-0.1,0.01,2.06,2.92
0.04,0.03,0.94,-0.0,-0.09,0.01,2.26,2.05
0.05,0.03,0.93,0.01,-0.07,0.0,3.15,1.57
0.05,0.02,0.93,-0.01,-0.07,0.01,3.23,1.39
0.06,0.02,0.94,-0.04,-0.03,0.02,3.49,1.22
0.05,0.01,0.94,-0.05,-0.01,0.02,3.07,0.55
0.05,-0.0,0.94,-0.06,0.02,0.04,2.94,-0.07
0.04,0.01,0.95,-0.05,0.03,0.04,2.31,0.85
0.03,0.02,0.96,-0.05,0.06,0.04,1.58,1.19
0.02,0.03,0.97,-0.05,0.07,0.05,1.36,1.84
0.02,0.03,0.97,-0.02,0.04,0.07,1.4,1.99
0.03,0.03,0.97,-0.01,0.01,0.07,1.67,1.97
0.03,0.03,0.97,-0.0,0.02,0.07,1.86,1.92
0.04,0.04,0.96,-0.01,0.02,0.07,2.11,2.15
0.04,0.03,0.97,0.01,0.01,0.08,2.58,1.99
0.06,0.04,0.96,-0.0,0.0,0.08,3.42,2.53
0.06,0.05,0.95,0.01,-0.02,0.08,3.81,2.93
0.06,0.06,0.94,-0.01,0.02,0.08,3.85,3.51
0.07,0.05,0.94,-0.01,0.01,0.09,4.27,3.16
0.07,0.05,0.94,-0.01,-0.0,0.08,4.44,2.89
0.08,0.05,0.94,-0.01,-0.02,0.07,4.99,3.22
0.09,0.04,0.93,-0.03,-0.01,0.05,5.33,2.63
0.09,0.06,0.91,-0.06,-0.02,0.03,5.41,3.52
0.08,0.05,0.91,0.02,0.13,-0.15,4.7,2.98
0.07,0.05,0.92,-0.06,-0.0,-0.02,4.1,3.14
0.05,0.05,0.94,-0.08,-0.01,-0.03,2.92,3.13
0.04,0.05,0.95,-0.08,-0.01,-0.01,2.5,3.24
0.05,0.04,0.95,-0.05,-0.03,-0.02,2.7,2.49
0.05,0.02,0.95,-0.05,-0.05,-0.01,3.27,1.17
0.06,0.0,0.94,-0.03,-0.03,-0.02,3.83,0.18
0.07,0.01,0.93,-0.05,0.01,-0.02,4.1,0.33
0.06,0.01,0.93,-0.03,0.02,-0.03,3.77,0.84
0.05,0.03,0.94,-0.01,0.01,-0.02,2.95,1.76
0.04,0.05,0.95,-0.02,0.02,-0.03,2.14,2.9
0.04,0.04,0.94,-0.02,0.02,-0.03,2.28,2.67
0.03,0.05,0.94,-0.0,-0.0,-0.03,2.13,2.89
0.04,0.05,0.93,0.01,-0.02,-0.01,2.38,3.18
0.05,0.06,0.93,-0.0,-0.02,-0.02,3.08,3.43
0.05,0.06,0.92,-0.02,-0.0,-0.02,2.89,3.65
0.05,0.07,0.92,-0.01,-0.03,-0.02,3.07,4.49
0.05,0.08,0.91,-0.03,-0.04,-0.02,2.97,4.93
0.05,0.08,0.91,-0.05,-0.05,-0.01,3.01,5.22
0.05,0.08,0.92,-0.08,-0.05,0.0,2.8,4.71
0.05,0.08,0.93,-0.12,-0.07,0.01,2.83,4.68
0.04,0.06,0.92,-0.13,-0.1,0.01,2.63,3.51
0.04,0.05,0.92,-0.16,-0.09,0.02,2.23,3.12
0.03,0.03,0.93,-0.16,-0.07,0.02,1.83,1.66
0.03,0.03,0.94,-0.15,-0.09,0.02,1.88,1.54
0.03,0.02,0.95,-0.13,-0.1,0.03,1.74,1.37
0.02,0.02,0.93,-0.12,-0.07,0.02,1.5,1.08
0.03,0.01,0.94,-0.1,-0.07,0.03,1.76,0.88
0.05,0.01,0.93,-0.1,-0.07,0.04,2.91,0.76
0.04,0.02,0.92,-0.07,-0.05,0.03,2.75,1.32
0.03,0.04,0.92,-0.08,-0.05,0.03,1.98,2.69
0.02,0.04,0.93,-0.09,-0.02,0.05,1.24,2.74
0.01,0.06,0.94,-0.09,-0.02,0.05,0.77,3.53
0.01,0.06,0.95,-0.06,-0.04,0.06,0.45,3.82
0.01,0.07,0.95,-0.03,-0.08,0.06,0.77,4.37
0.03,0.06,0.94,-0.02,-0.11,0.05,1.88,3.53
0.03,0.05,0.93,-0.01,-0.14,0.04,1.94,3.07
0.03,0.03,0.92,0.02,-0.14,0.01,2.13,1.92
0.03,0.03,0.93,0.03,-0.14,-0.0,1.77,2.02
0.03,0.05,0.93,0.03,-0.12,0.0,2.0,3.04
0.04,0.05,0.95,0.04,-0.13,0.01,2.62,2.76
0.05,0.06,0.94,0.08,-0.15,0.01,2.75,3.39
0.05,0.07,0.93,0.09,-0.15,0.01,2.92,4.12
0.05,0.09,0.92,0.06,-0.14,-0.01,3.17,5.35
0.05,0.1,0.91,0.06,-0.17,-0.01,3.23,6.29
0.06,0.12,0.91,0.07,-0.18,-0.03,3.86,7.22
0.07,0.1,0.91,0.04,-0.22,-0.02,4.5,6.47
0.07,0.1,0.91,0.03,-0.21,-0.03,4.19,6.37
0.07,0.1,0.91,0.01,-0.24,-0.02,4.44,6.56
0.08,0.09,0.91,0.01,-0.26,-0.04,4.91,5.55
0.08,0.07,0.9,-0.02,-0.27,-0.05,5.02,4.68
0.08,0.07,0.9,-0.05,-0.25,-0.06,5.14,4.31
0.07,0.06,0.91,-0.09,-0.24,-0.06,4.66,3.88
0.06,0.06,0.92,-0.13,-0.2,-0.04,3.76,3.89
0.05,0.07,0.93,-0.13,-0.2,-0.03,2.81,4.53
0.04,0.07,0.94,-0.13,-0.19,-0.01,2.21,4.28
0.03,0.07,0.94,-0.15,-0.2,0.01,1.7,3.97
0.03,0.07,0.93,-0.13,-0.2,0.01,1.9,4.56
0.03,0.09,0.92,-0.12,-0.21,0.02,1.88,5.38
0.04,0.09,0.91,-0.14,-0.21,0.03,2.42,5.83
0.04,0.1,0.9,-0.15,-0.21,0.04,2.47,6.08
0.04,0.09,0.91,-0.13,-0.23,0.05,2.4,5.83
0.04,0.1,0.9,-0.14,-0.24,0.04,2.74,6.13
0.04,0.1,0.89,-0.11,-0.27,0.03,2.4,6.66
0.04,0.11,0.88,-0.11,-0.28,0.04,2.56,6.91
0.04,0.11,0.87,-0.11,-0.29,0.02,2.4,7.34
0.04,0.11,0.87,-0.07,-0.33,0.01,2.34,6.89
0.03,0.11,0.87,-0.04,-0.33,-0.0,1.95,7.17
0.03,0.12,0.87,-0.01,-0.34,-0.0,1.69,7.65
0.01,0.13,0.85,0.05,-0.38,-0.0,0.81,8.92
0.01,0.16,0.84,0.1,-0.41,-0.02,0.5,10.6
-0.0,0.17,0.85,0.15,-0.43,-0.04,-0.15,11.13
0.0,0.2,0.82,0.21,-0.48,-0.05,0.13,13.51
0.03,0.23,0.82,0.24,-0.54,-0.06,1.83,15.74
0.04,0.25,0.78,0.27,-0.62,-0.05,2.48,17.63
0.04,0.27,0.77,0.25,-0.68,-0.06,2.65,19.31
0.06,0.27,0.75,0.2,-0.72,-0.07,4.51,19.7
0.07,0.26,0.72,0.14,-0.78,-0.07,4.87,20.02
0.07,0.26,0.71,0.1,-0.81,-0.1,5.29,20.19
0.06,0.26,0.7,0.02,-0.82,-0.1,4.86,20.19
0.04,0.26,0.7,-0.06,-0.82,-0.09,3.42,20.45
0.03,0.26,0.71,-0.11,-0.83,-0.06,2.08,20.46
0.01,0.26,0.72,-0.16,-0.85,-0.05,0.81,19.68
-0.01,0.24,0.73,-0.18,-0.89,-0.02,-0.98,18.5
-0.04,0.23,0.73,-0.2,-0.9,-0.01,-2.63,17.24
-0.04,0.22,0.76,-0.14,-0.95,0.01,-3.18,16.11
-0.05,0.22,0.76,-0.07,-1.02,0.03,-3.63,15.86
-0.04,0.21,0.76,0.04,-1.07,0.03,-3.07,15.6
-0.02,0.22,0.77,0.11,-1.14,0.05,-1.59,16.28
0.0,0.24,0.74,0.21,-1.22,0.06,0.02,17.68
0.03,0.24,0.72,0.29,-1.33,0.04,2.18,18.59
0.06,0.25,0.68,0.31,-1.4,0.02,4.65,19.77
0.09,0.24,0.64,0.33,-1.46,0.0,7.68,20.59
0.13,0.26,0.64,0.31,-1.52,-0.02,10.44,21.86
0.15,0.27,0.63,0.28,-1.58,-0.05,12.48,22.34
0.16,0.26,0.61,0.21,-1.64,-0.07,13.36,22.83
0.16,0.25,0.61,0.11,-1.65,-0.09,13.52,21.96
0.16,0.24,0.62,0.03,-1.67,-0.08,13.65,20.49
0.17,0.24,0.63,-0.03,-1.71,-0.08,14.02,20.19
0.16,0.25,0.62,-0.1,-1.74,-0.06,13.84,21.11
0.17,0.23,0.63,-0.2,-1.75,-0.04,14.16,19.61
0.17,0.21,0.63,-0.27,-1.8,-0.02,14.35,18.17
0.17,0.18,0.63,-0.34,-1.8,0.0,14.55,15.67
0.15,0.14,0.63,-0.4,-1.83,0.01,13.26,12.5
0.14,0.13,0.64,-0.44,-1.82,0.0,11.76,11.33
0.12,0.12,0.68,-0.46,-1.84,0.01,9.87,10.03
0.13,0.13,0.7,-0.41,-1.91,0.02,10.08,10.05
0.13,0.1,0.7,-0.39,-1.99,0.03,10.08,8.31
0.12,0.07,0.68,-0.39,-2.02,-0.0,9.89,5.94
0.11,0.04,0.66,-0.36,-2.07,-0.04,9.18,3.14
0.1,0.0,0.68,-0.29,-2.08,-0.08,8.4,0.27
0.08,0.0,0.71,-0.21,-2.1,-0.11,6.8,0.25
0.08,0.02,0.73,-0.14,-2.12,-0.12,6.12,1.41
0.09,0.04,0.72,-0.05,-2.18,-0.13,7.02,2.85
0.09,0.02,0.7,0.02,-2.25,-0.14,7.63,2.02
0.1,-0.0,0.68,0.06,-2.27,-0.15,8.76,-0.38
0.12,-0.02,0.67,0.09,-2.25,-0.17,10.52,-1.72
0.15,-0.01,0.67,0.06,-2.24,-0.16,12.38,-0.46
0.17,0.03,0.66,-0.01,-2.25,-0.13,14.46,2.69
0.18,0.05,0.65,-0.1,-2.27,-0.11,15.81,4.12
0.19,0.02,0.65,-0.23,-2.29,-0.08,16.18,1.62
0.18,-0.02,0.66,-0.35,-2.31,-0.07,15.2,-1.59
0.17,-0.04,0.69,-0.45,-2.31,-0.06,13.98,-3.48
0.15,-0.08,0.74,-0.56,-2.3,-0.04,11.63,-6.22
0.13,-0.09,0.78,-0.62,-2.3,-0.03,9.68,-6.48
0.13,-0.12,0.78,-0.69,-2.32,0.0,9.04,-8.93
0.1,-0.17,0.82,-0.73,-2.35,0.01,7.1,-11.68
0.08,-0.2,0.87,-0.71,-2.35,-0.01,5.3,-12.76
0.06,-0.22,0.92,-0.68,-2.36,-0.03,3.35,-13.31
0.05,-0.2,0.93,-0.6,-2.38,-0.04,3.29,-12.27
0.05,-0.2,0.94,-0.57,-2.43,-0.05,2.91,-12.27
0.04,-0.23,0.95,-0.49,-2.49,-0.08,2.48,-13.72
0.04,-0.26,0.98,-0.44,-2.51,-0.11,2.22,-14.9
0.03,-0.26,1.0,-0.38,-2.51,-0.14,1.92,-14.7
0.04,-0.26,1.01,-0.32,-2.51,-0.17,2.25,-14.35
0.05,-0.25,1.0,-0.25,-2.51,-0.17,3.02,-13.85
0.07,-0.28,0.99,-0.24,-2.52,-0.19,3.72,-15.61
0.08,-0.32,1.01,-0.22,-2.48,-0.21,4.53,-17.53
0.09,-0.34,1.01,-0.23,-2.44,-0.23,4.65,-18.43
0.07,-0.33,1.03,-0.22,-2.38,-0.27,3.95,-17.81
0.05,-0.29,1.03,-0.21,-2.3,-0.29,2.81,-15.72
0.03,-0.25,1.04,-0.21,-2.24,-0.28,1.87,-13.4
0.02,-0.22,1.06,-0.21,-2.22,-0.27,1.13,-11.64
0.02,-0.22,1.01,-0.2,-2.18,-0.24,1.34,-12.51
0.02,-0.21,1.03,-0.19,-2.13,-0.23,1.08,-11.49
0.02,-0.19,1.07,-0.17,-2.13,-0.21,1.3,-10.31
0.04,-0.2,1.04,-0.16,-2.13,-0.2,1.9,-11.07
0.04,-0.2,1.01,-0.17,-2.13,-0.21,2.49,-10.97
0.03,-0.17,1.01,-0.19,-2.14,-0.22,1.79,-9.39
0.02,-0.14,1.04,-0.24,-2.13,-0.22,0.95,-7.84
0.01,-0.12,1.05,-0.29,-2.11,-0.19,0.49,-6.61
0.02,-0.12,1.06,-0.3,-2.13,-0.14,1.07,-6.31
0.03,-0.15,1.08,-0.34,-2.16,-0.1,1.53,-7.66
0.02,-0.19,1.1,-0.39,-2.16,-0.08,0.91,-9.66
-0.0,-0.22,1.12,-0.44,-2.12,-0.07,-0.07,-11.11
-0.02,-0.23,1.17,-0.46,-2.05,-0.07,-1.12,-11.18
-0.03,-0.22,1.21,-0.41,-1.99,-0.09,-1.36,-10.5
-0.02,-0.23,1.23,-0.36,-1.94,-0.11,-0.81,-10.41
-0.01,-0.22,1.22,-0.31,-1.91,-0.14,-0.66,-10.1
-0.03,-0.2,1.2,-0.26,-1.9,-0.16,-1.35,-9.47
-0.05,-0.16,1.18,-0.21,-1.85,-0.21,-2.28,-7.87
-0.07,-0.12,1.18,-0.17,-1.83,-0.21,-3.27,-5.74
-0.09,-0.08,1.18,-0.09,-1.8,-0.21,-4.23,-3.82
-0.08,-0.06,1.19,0.0,-1.79,-0.18,-4.06,-2.91
-0.07,-0.06,1.18,0.12,-1.8,-0.16,-3.48,-3.09
-0.05,-0.07,1.16,0.22,-1.82,-0.16,-2.51,-3.59
-0.04,-0.07,1.12,0.27,-1.82,-0.17,-1.88,-3.63
-0.02,-0.06,1.08,0.31,-1.82,-0.17,-1.29,-3.26
0.01,-0.05,1.07,0.36,-1.82,-0.25,0.33,-2.71
0.03,-0.05,1.06,0.29,-1.85,-0.17,1.7,-2.44
0.06,-0.07,1.04,0.24,-1.84,-0.15,3.15,-3.87
0.06,-0.09,1.05,0.16,-1.85,-0.13,3.39,-4.86
0.05,-0.11,1.08,0.08,-1.81,-0.12,2.73,-5.65
0.03,-0.11,1.11,0.01,-1.77,-0.1,1.73,-5.58
0.0,-0.08,1.14,-0.06,-1.69,-0.1,0.2,-4.27
-0.02,-0.05,1.15,-0.09,-1.66,-0.07,-1.06,-2.73
-0.03,-0.02,1.14,-0.08,-1.65,-0.05,-1.51,-1.11
-0.04,-0.01,1.14,-0.09,-1.66,-0.02,-2.02,-0.57
-0.03,-0.03,1.13,-0.09,-1.63,-0.0,-1.34,-1.55
-0.02,-0.04,1.12,-0.11,-1.63,0.02,-1.15,-2.07
-0.02,-0.04,1.14,-0.09,-1.6,0.02,-1.03,-2.23
-0.02,-0.04,1.15,-0.1,-1.6,0.04,-1.16,-1.89
-0.02,-0.03,1.16,-0.07,-1.58,0.03,-1.06,-1.43
-0.03,-0.02,1.16,-0.05,-1.55,0.05,-1.4,-0.95
-0.03,-0.01,1.16,-0.01,-1.54,0.06,-1.42,-0.66
-0.04,-0.01,1.18,0.05,-1.53,0.06,-1.77,-0.32
-0.02,-0.01,1.19,0.08,-1.51,0.06,-0.91,-0.48
-0.0,-0.03,1.19,0.14,-1.54,0.04,-0.12,-1.22
0.01,-0.06,1.19,0.21,-1.56,0.0,0.51,-2.95
0.02,-0.08,1.19,0.24,-1.56,-0.03,0.73,-3.76
0.02,-0.08,1.19,0.25,-1.5,-0.09,0.99,-4.08
0.03,-0.07,1.17,0.25,-1.46,-0.11,1.47,-3.24
0.03,-0.03,1.14,0.24,-1.41,-0.11,1.29,-1.53
0.02,-0.01,1.12,0.24,-1.39,-0.1,0.98,-0.27
0.01,0.01,1.09,0.24,-1.38,-0.07,0.75,0.32
0.01,0.02,1.07,0.22,-1.37,-0.05,0.28,1.07
-0.0,0.02,1.06,0.23,-1.38,-0.03,-0.13,1.31
-0.0,0.02,1.05,0.23,-1.38,-0.03,-0.21,1.15
0.0,0.01,1.05,0.22,-1.39,-0.02,0.21,0.55
0.01,0.01,1.05,0.19,-1.37,-0.01,0.55,0.37
0.03,-0.0,1.06,0.16,-1.38,-0.0,1.49,-0.12
0.04,-0.01,1.06,0.17,-1.4,0.0,1.99,-0.56
0.03,-0.01,1.05,0.14,-1.39,0.01,1.53,-0.34
0.02,-0.01,1.06,0.09,-1.36,0.01,1.16,-0.3
0.03,-0.01,1.07,0.09,-1.35,0.03,1.56,-0.54
0.04,-0.02,1.09,0.09,-1.34,0.01,1.95,-0.94
0.03,-0.02,1.1,0.09,-1.32,0.02,1.76,-1.12
0.04,-0.02,1.1,0.08,-1.3,0.0,1.96,-1.0
0.04,-0.02,1.09,0.12,-1.31,-0.0,2.02,-0.79
0.03,-0.01,1.09,0.15,-1.31,-0.04,1.7,-0.31
0.04,-0.0,1.09,0.18,-1.32,-0.05,2.0,-0.03
0.05,-0.0,1.09,0.19,-1.32,-0.06,2.49,-0.03
0.05,-0.01,1.08,0.21,-1.34,-0.07,2.54,-0.55
0.05,-0.01,1.06,0.21,-1.33,-0.07,2.44,-0.67
0.06,-0.02,1.07,0.22,-1.31,-0.08,2.95,-0.85
0.06,-0.01,1.06,0.19,-1.3,-0.08,3.16,-0.77
0.05,-0.01,1.05,0.15,-1.3,-0.07,2.98,-0.61
0.05,-0.01,1.06,0.11,-1.34,-0.06,2.8,-0.48
0.05,-0.02,1.09,0.08,-1.34,-0.07,2.39,-1.1
0.04,-0.04,1.1,0.03,-1.32,-0.06,2.1,-2.01
0.02,-0.04,1.13,-0.01,-1.28,-0.06,0.89,-2.22
0.02,-0.03,1.15,-0.03,-1.26,-0.06,1.16,-1.62
0.02,-0.02,1.17,-0.06,-1.21,-0.05,0.91,-1.01
0.02,-0.0,1.18,-0.04,-1.19,-0.05,0.85,-0.23
0.01,0.0,1.18,-0.05,-1.18,-0.05,0.36,0.07
-0.01,0.01,1.18,-0.03,-1.16,-0.06,-0.47,0.42
-0.02,0.03,1.17,-0.01,-1.15,-0.06,-1.05,1.28
-0.03,0.05,1.14,0.01,-1.12,-0.06,-1.49,2.49
-0.02,0.05,1.13,0.04,-1.12,-0.04,-1.19,2.59
-0.03,0.07,1.12,0.08,-1.14,-0.02,-1.29,3.32
-0.02,0.06,1.1,0.12,-1.16,-0.03,-1.03,2.92
-0.01,0.05,1.07,0.14,-1.15,-0.02,-0.45,2.66
0.01,0.04,1.06,0.16,-1.14,-0.01,0.38,2.31
0.03,0.03,1.06,0.15,-1.13,0.0,1.72,1.63
0.04,0.0,1.07,0.14,-1.14,0.01,1.95,0.17
0.04,0.01,1.07,0.11,-1.12,0.0,2.39,0.57
0.04,-0.01,1.08,0.08,-1.1,0.0,2.02,-0.29
0.02,-0.0,1.1,0.07,-1.09,0.0,1.19,-0.04
0.03,-0.0,1.12,0.08,-1.07,-0.02,1.29,-0.18
0.02,-0.0,1.15,0.09,-1.05,-0.04,1.22,-0.04
0.03,0.0,1.17,0.11,-1.02,-0.06,1.24,0.05
0.02,0.01,1.18,0.14,-1.01,-0.07,1.16,0.54
0.01,0.01,1.16,0.16,-1.0,-0.1,0.68,0.7
0.02,0.03,1.15,0.18,-1.01,-0.11,0.81,1.28
0.0,0.04,1.14,0.17,-0.98,-0.12,0.1,1.91
-0.0,0.06,1.12,0.2,-0.97,-0.11,-0.11,3.05
0.0,0.07,1.08,0.22,-0.97,-0.1,0.02,3.72
0.01,0.08,1.05,0.22,-0.97,-0.06,0.37,4.15
0.03,0.07,1.01,0.2,-0.95,-0.01,1.55,3.96
0.04,0.06,0.99,0.15,-0.96,0.03,2.13,3.45
0.04,0.05,0.98,0.13,-0.97,0.07,2.46,2.84
0.05,0.06,0.98,0.11,-0.99,0.1,2.68,3.33
0.04,0.05,0.96,0.08,-1.01,0.14,2.66,2.77
0.05,0.03,0.97,0.07,-1.02,0.15,2.9,1.88
0.05,0.02,1.0,0.06,-1.06,0.15,2.78,0.95
0.05,-0.01,1.04,0.06,-1.09,0.15,2.75,-0.34
0.04,-0.02,1.11,0.08,-1.08,0.12,1.95,-1.01
0.04,-0.04,1.14,0.11,-1.08,0.07,2.16,-1.84
0.05,-0.05,1.15,0.16,-1.08,0.01,2.38,-2.4
0.04,-0.04,1.14,0.19,-1.05,-0.05,2.23,-1.76
0.05,-0.01,1.11,0.19,-1.02,-0.08,2.47,-0.64
0.04,0.0,1.1,0.2,-1.01,-0.08,2.25,0.2
0.04,0.03,1.1,0.19,-1.0,-0.07,1.91,1.34
0.03,0.04,1.1,0.19,-1.0,-0.06,1.75,2.0
0.04,0.04,1.11,0.19,-0.98,-0.05,2.02,2.27
0.04,0.05,1.12,0.17,-0.98,-0.03,2.1,2.51
0.04,0.04,1.13,0.17,-0.99,-0.01,2.21,2.24
0.04,0.04,1.13,0.16,-0.99,-0.01,2.09,2.1
0.04,0.04,1.14,0.14,-0.97,-0.02,2.16,2.11
0.03,0.04,1.14,0.12,-0.95,-0.01,1.56,2.19
0.02,0.05,1.15,0.15,-0.96,-0.0,0.97,2.28
0.02,0.05,1.15,0.17,-0.96,-0.01,0.95,2.48
0.02,0.04,1.14,0.17,-0.96,-0.01,0.84,2.12
0.02,0.04,1.12,0.18,-0.95,-0.02,0.89,2.04
0.01,0.03,1.12,0.22,-0.95,-0.03,0.32,1.7
0.01,0.02,1.12,0.23,-0.95,-0.04,0.57,1.26
0.02,0.02,1.1,0.25,-0.92,-0.06,0.82,1.16
0.03,0.02,1.06,0.23,-0.9,-0.06,1.56,1.08
0.04,0.02,1.02,0.22,-0.89,-0.04,2.03,1.08
0.03,0.04,0.99,0.21,-0.89,-0.01,1.9,2.16
0.04,0.03,0.97,0.17,-0.87,-0.0,2.47,2.0
0.05,0.03,0.95,0.15,-0.9,0.03,2.79,2.02
0.05,0.03,0.94,0.13,-0.9,0.06,3.15,1.89
0.04,0.03,0.94,0.1,-0.93,0.09,2.34,1.83
0.04,0.02,0.95,0.09,-0.94,0.1,2.45,1.05
0.04,0.01,0.96,0.07,-0.95,0.12,2.18,0.67
0.04,0.01,0.98,0.09,-0.98,0.12,2.33,0.63
0.03,0.02,0.98,0.11,-1.01,0.12,1.8,1.11
0.03,0.0,1.01,0.13,-1.03,0.12,1.5,0.26
0.03,-0.01,1.03,0.17,-1.07,0.11,1.86,-0.38
0.03,-0.01,1.06,0.2,-1.1,0.09,1.73,-0.49
0.03,-0.02,1.07,0.25,-1.12,0.06,1.73,-0.95
0.04,-0.01,1.08,0.29,-1.15,0.03,2.38,-0.75
0.07,-0.03,1.07,0.31,-1.15,-0.01,3.64,-1.67
0.08,-0.05,1.06,0.32,-1.16,-0.04,4.36,-2.46
0.1,-0.04,1.04,0.31,-1.16,-0.04,5.27,-2.01
0.1,-0.04,1.01,0.27,-1.16,-0.04,5.83,-1.99
0.11,-0.03,0.98,0.21,-1.15,-0.02,6.14,-1.94
0.1,-0.03,0.98,0.16,-1.16,0.02,6.0,-1.65
0.09,-0.03,0.98,0.13,-1.19,0.04,5.5,-1.62
0.09,-0.03,0.98,0.07,-1.21,0.06,4.96,-1.66
0.06,-0.02,1.0,0.03,-1.22,0.08,3.58,-1.37
0.04,-0.01,1.03,-0.0,-1.22,0.09,1.97,-0.76
0.03,-0.01,1.04,-0.0,-1.24,0.1,1.47,-0.5
0.01,0.0,1.06,0.01,-1.24,0.09,0.75,0.14
0.0,0.02,1.06,0.01,-1.24,0.1,0.07,0.94
-0.01,0.02,1.08,0.04,-1.25,0.11,-0.29,1.09
-0.01,0.03,1.09,0.06,-1.28,0.12,-0.6,1.56
-0.02,0.04,1.11,0.1,-1.29,0.12,-1.01,2.3
-0.02,0.05,1.11,0.13,-1.28,0.11,-0.95,2.74
-0.0,0.04,1.12,0.16,-1.28,0.11,-0.22,2.06
0.01,0.03,1.13,0.19,-1.28,0.09,0.36,1.75
0.01,0.04,1.12,0.25,-1.16,-0.05,0.36,1.85
0.01,0.04,1.11,0.18,-1.27,0.07,0.7,1.95
0.02,0.05,1.1,0.17,-1.27,0.08,0.89,2.42
0.02,0.06,1.1,0.17,-1.28,0.1,1.17,2.92
0.02,0.06,1.08,0.17,-1.3,0.11,1.08,3.34
0.02,0.06,1.09,0.14,-1.29,0.13,1.31,3.25
0.02,0.05,1.09,0.09,-1.28,0.14,1.13,2.67
0.01,0.06,1.12,0.09,-1.29,0.15,0.67,3.16
0.01,0.06,1.13,0.09,-1.31,0.17,0.59,2.96
0.01,0.08,1.14,0.08,-1.31,0.19,0.68,4.2
0.01,0.09,1.16,0.09,-1.31,0.2,0.32,4.44
-0.0,0.11,1.19,0.08,-1.3,0.21,-0.13,5.33
-0.01,0.13,1.19,0.12,-1.31,0.21,-0.3,6.35
-0.01,0.14,1.19,0.15,-1.29,0.2,-0.51,6.9
-0.01,0.14,1.17,0.16,-1.28,0.18,-0.42,6.9
-0.02,0.15,1.16,0.18,-1.3,0.16,-0.76,7.39
-0.01,0.15,1.14,0.2,-1.33,0.14,-0.71,7.52
-0.02,0.15,1.13,0.23,-1.35,0.11,-0.88,7.6
-0.02,0.14,1.12,0.23,-1.37,0.09,-1.17,7.13
-0.02,0.14,1.12,0.25,-1.42,0.07,-1.04,7.12
-0.02,0.12,1.14,0.26,-1.46,0.03,-1.12,6.15
-0.03,0.08,1.17,0.27,-1.48,-0.0,-1.27,4.06
-0.02,0.08,1.19,0.27,-1.45,-0.05,-0.91,3.67
-0.01,0.07,1.2,0.22,-1.4,-0.07,-0.68,3.57
-0.02,0.08,1.2,0.22,-1.33,-0.09,-0.77,3.94
-0.03,0.08,1.19,0.18,-1.23,-0.08,-1.61,3.9
-0.02,0.09,1.2,0.12,-1.11,-0.06,-1.17,4.18
-0.03,0.1,1.16,0.07,-1.01,-0.01,-1.25,4.98
-0.01,0.11,1.13,0.04,-0.91,0.04,-0.45,5.55
-0.01,0.12,1.11,-0.03,-0.85,0.12,-0.29,6.44
-0.01,0.12,1.09,-0.03,-0.82,0.19,-0.44,6.52
-0.02,0.12,1.07,-0.08,-0.8,0.23,-0.84,6.2
-0.02,0.12,1.08,-0.05,-0.82,0.26,-0.81,6.23
-0.02,0.11,1.1,-0.05,-0.85,0.26,-1.25,5.62
-0.03,0.09,1.12,-0.05,-0.85,0.23,-1.53,4.82
-0.05,0.09,1.12,-0.02,-0.87,0.2,-2.35,4.83
-0.06,0.11,1.11,0.03,-0.89,0.13,-2.92,5.44
-0.07,0.11,1.1,0.05,-0.93,0.08,-3.4,5.71
-0.07,0.12,1.1,0.08,-0.95,0.04,-3.48,6.18
-0.07,0.14,1.09,0.14,-0.99,0.02,-3.87,7.49
-0.08,0.15,1.09,0.19,-1.0,-0.0,-4.05,7.79
-0.08,0.16,1.09,0.23,-1.03,0.0,-4.22,8.15
-0.08,0.16,1.09,0.26,-1.03,0.01,-4.15,8.42
-0.07,0.16,1.09,0.28,-1.03,0.03,-3.67,8.42
-0.07,0.17,1.1,0.28,-1.04,0.06,-3.35,8.52
-0.05,0.15,1.12,0.29,-1.01,0.07,-2.32,7.87
-0.02,0.13,1.14,0.25,-0.92,0.09,-0.9,6.42
0.01,0.1,1.14,0.17,-0.81,0.12,0.27,5.06
0.02,0.09,1.15,0.08,-0.7,0.15,1.15,4.49
0.03,0.1,1.16,-0.02,-0.63,0.19,1.62,4.74
0.03,0.13,1.18,-0.09,-0.55,0.21,1.64,6.04
0.03,0.16,1.21,-0.12,-0.51,0.21,1.24,7.42
0.01,0.19,1.22,-0.14,-0.48,0.2,0.38,8.93
0.0,0.2,1.22,-0.12,-0.47,0.16,0.14,9.39
-0.0,0.21,1.21,-0.12,-0.45,0.12,-0.17,9.64
-0.01,0.21,1.2,-0.12,-0.43,0.07,-0.61,9.88
-0.02,0.22,1.19,-0.08,-0.44,0.02,-0.83,10.48
-0.03,0.23,1.19,-0.06,-0.43,-0.01,-1.39,11.01
-0.03,0.23,1.17,-0.03,-0.4,-0.04,-1.58,10.89
-0.03,0.22,1.15,-0.03,-0.39,-0.04,-1.46,10.74
-0.03,0.2,1.13,-0.02,-0.37,-0.03,-1.6,10.12
-0.03,0.2,1.11,-0.04,-0.34,0.0,-1.64,10.25
-0.04,0.2,1.1,-0.03,-0.33,0.03,-1.96,10.44
-0.04,0.2,1.09,-0.07,-0.29,0.05,-1.96,10.42
-0.05,0.2,1.09,-0.06,-0.29,0.08,-2.5,10.46
-0.06,0.2,1.08,-0.05,-0.29,0.1,-3.01,10.61
-0.06,0.21,1.08,-0.03,-0.27,0.1,-3.22,10.75
-0.06,0.21,1.09,-0.01,-0.27,0.12,-3.31,11.13
-0.07,0.21,1.11,0.02,-0.25,0.12,-3.61,10.67
-0.07,0.21,1.12,0.06,-0.25,0.13,-3.31,10.67
-0.05,0.21,1.15,0.08,-0.21,0.13,-2.69,10.33
-0.04,0.2,1.17,0.11,-0.17,0.11,-1.8,9.83
-0.02,0.19,1.19,0.13,-0.14,0.1,-0.9,9.28
0.0,0.17,1.19,0.16,-0.1,0.07,0.21,8.29
0.04,0.14,1.17,0.16,-0.07,0.05,1.99,6.85
0.05,0.12,1.14,0.14,-0.04,0.02,2.39,6.15
0.06,0.12,1.13,0.11,-0.04,0.01,3.27,5.83
0.09,0.11,1.11,0.08,-0.05,-0.0,4.45,5.55
0.08,0.08,1.08,0.04,-0.07,0.0,4.14,4.34
0.08,0.08,1.07,0.01,-0.08,0.01,4.01,4.45
0.07,0.09,1.06,-0.04,-0.1,0.0,3.67,4.78
0.04,0.09,1.05,-0.09,-0.13,0.01,2.41,4.93
0.02,0.11,1.06,-0.11,-0.13,0.0,1.18,5.97
-0.0,0.12,1.06,-0.11,-0.12,0.0,-0.06,6.59
-0.02,0.13,1.06,-0.12,-0.1,0.02,-1.1,6.99
-0.03,0.15,1.06,-0.1,-0.1,0.03,-1.84,8.1
-0.04,0.15,1.05,-0.06,-0.11,0.05,-2.01,7.88
-0.04,0.14,1.06,-0.02,-0.09,0.06,-1.91,7.57
-0.04,0.15,1.07,0.02,-0.11,0.08,-1.91,7.93
-0.04,0.15,1.08,0.08,-0.13,0.07,-1.84,7.82
-0.03,0.13,1.09,0.13,-0.14,0.06,-1.44,6.78
-0.02,0.11,1.09,0.17,-0.15,0.04,-0.9,5.89
0.0,0.1,1.08,0.17,-0.14,0.03,0.09,5.09
0.01,0.09,1.09,0.2,-0.16,0.03,0.69,4.72
0.02,0.09,1.11,0.19,-0.16,0.02,0.78,4.86
0.02,0.09,1.11,0.21,-0.14,0.01,0.78,4.84
0.02,0.08,1.09,0.2,-0.11,0.01,0.99,4.44
0.03,0.08,1.07,0.2,-0.11,-0.0,1.35,4.29
0.03,0.09,1.06,0.21,-0.14,0.0,1.51,4.98
0.04,0.1,1.06,0.21,-0.13,0.0,2.07,5.53
0.04,0.1,1.07,0.18,-0.14,0.01,2.36,5.45
0.06,0.09,1.09,0.14,-0.13,0.03,2.98,4.82
0.06,0.09,1.1,0.14,-0.13,0.03,3.13,4.79
0.08,0.08,1.12,0.1,-0.12,0.03,4.15,3.89
0.09,0.06,1.13,0.06,-0.09,0.03,4.6,2.9
0.09,0.04,1.13,0.01,-0.05,0.03,4.69,1.88
0.09,0.02,1.12,-0.04,-0.04,0.01,4.8,1.01
0.09,0.01,1.11,-0.09,-0.01,0.01,4.54,0.58
0.07,0.01,1.1,-0.13,0.02,-0.0,3.77,0.73
0.06,0.02,1.09,-0.15,0.01,-0.01,3.13,1.3
0.04,0.04,1.08,-0.16,0.01,-0.03,1.92,2.05
0.02,0.05,1.08,-0.13,-0.01,-0.03,1.07,2.63
0.01,0.06,1.08,-0.13,0.0,-0.04,0.66,3.1
0.01,0.07,1.09,-0.13,0.0,-0.04,0.36,3.46
0.0,0.07,1.09,-0.1,0.0,-0.06,0.17,3.72
0.0,0.08,1.1,-0.09,-0.0,-0.05,0.12,4.09
-0.0,0.08,1.1,-0.1,0.04,-0.05,-0.11,4.06
0.0,0.06,1.1,-0.11,0.05,-0.04,0.15,3.3
0.01,0.04,1.08,-0.09,0.08,-0.04,0.28,2.23
-0.0,0.03,1.06,-0.1,0.1,-0.02,-0.15,1.88
0.0,0.02,1.04,-0.11,0.12,-0.0,0.22,1.13
0.01,0.01,1.02,-0.12,0.14,0.0,0.52,0.72
0.01,0.02,1.01,-0.11,0.11,0.03,0.51,0.97
0.0,0.03,0.99,-0.09,0.07,0.04,0.24,1.8
-0.01,0.03,0.97,-0.09,0.05,0.04,-0.86,2.05
-0.01,0.05,0.98,-0.06,0.01,0.05,-0.53,3.09
-0.02,0.06,1.0,-0.03,-0.07,0.06,-1.05,3.33
-0.02,0.08,1.02,0.04,-0.1,0.03,-1.13,4.38
-0.0,0.08,1.06,0.08,-0.15,0.02,-0.26,4.17
0.01,0.08,1.09,0.1,-0.17,0.02,0.55,4.14
0.02,0.05,1.11,0.1,-0.15,-0.02,1.23,2.74
0.04,0.05,1.12,0.11,-0.13,-0.04,2.08,2.6
0.06,0.04,1.11,0.09,-0.1,-0.04,2.92,2.09
0.07,0.03,1.09,0.06,-0.07,-0.04,3.51,1.49
0.08,0.0,1.08,0.03,-0.06,-0.03,4.22,0.2
0.07,0.0,1.09,-0.01,-0.04,-0.03,3.92,0.05
0.08,-0.0,1.08,-0.09,-0.0,-0.02,3.99,-0.01
0.06,0.01,1.07,-0.14,0.04,-0.01,3.36,0.75
0.05,0.03,1.07,-0.17,0.06,0.0,2.72,1.58
0.04,0.05,1.07,-0.2,0.06,0.01,1.95,2.43
0.03,0.07,1.07,-0.23,0.08,0.01,1.39,3.6
0.02,0.08,1.06,-0.23,0.07,0.01,1.12,4.48
0.01,0.1,1.08,-0.2,0.06,0.01,0.55,5.43
0.01,0.1,1.09,-0.19,0.05,-0.02,0.45,5.39
0.01,0.1,1.1,-0.19,0.04,-0.02,0.36,5.08
0.01,0.09,1.11,-0.19,0.08,-0.03,0.5,4.51
0.01,0.08,1.09,-0.19,0.08,-0.03,0.34,4.22
0.0,0.07,1.07,-0.17,0.08,-0.03,0.18,3.96
0.01,0.05,1.05,-0.18,0.1,-0.02,0.4,2.92
0.0,0.05,1.03,-0.18,0.09,-0.01,0.25,2.89
-0.01,0.06,1.01,-0.17,0.07,0.01,-0.5,3.33
-0.02,0.07,1.0,-0.14,0.04,0.02,-1.16,3.81
-0.03,0.07,0.99,-0.12,0.01,0.03,-1.72,4.16
-0.04,0.09,1.01,-0.07,-0.01,0.04,-2.06,4.88
-0.04,0.09,1.02,-0.02,-0.06,0.04,-2.33,4.98
-0.03,0.09,1.04,0.03,-0.09,0.05,-1.91,5.02
-0.03,0.09,1.07,0.05,-0.1,0.03,-1.6,4.81
-0.02,0.1,1.1,0.09,-0.08,0.03,-1.04,5.13
-0.0,0.09,1.12,0.11,-0.05,0.03,-0.02,4.84
0.01,0.08,1.14,0.13,-0.02,0.02,0.74,4.13
0.03,0.08,1.15,0.11,0.01,0.04,1.72,3.89
0.05,0.08,1.15,0.09,0.07,0.02,2.35,3.81
0.06,0.07,1.13,0.05,0.11,0.02,3.23,3.4
0.07,0.06,1.11,0.01,0.15,0.01,3.72,2.9
0.08,0.04,1.1,-0.04,0.18,0.0,4.39,2.27
0.09,0.03,1.07,-0.09,0.19,0.01,4.98,1.68
0.09,0.04,1.07,-0.17,0.19,0.02,4.88,2.12
0.09,0.05,1.07,-0.21,0.19,0.03,4.69,2.47
0.07,0.06,1.07,-0.26,0.16,0.04,3.71,3.23
0.05,0.07,1.06,-0.3,0.17,0.03,2.74,3.6
0.03,0.07,1.06,-0.33,0.16,0.03,1.51,3.92
0.0,0.09,1.06,-0.34,0.18,0.02,0.05,4.64
-0.01,0.09,1.06,-0.37,0.17,0.02,-0.58,5.11
-0.02,0.1,1.06,-0.39,0.19,0.03,-0.87,5.42
-0.03,0.11,1.05,-0.4,0.21,0.06,-1.44,5.87
-0.03,0.12,1.06,-0.42,0.22,0.09,-1.79,6.38
-0.03,0.12,1.08,-0.42,0.24,0.13,-1.81,6.39
-0.05,0.14,1.1,-0.43,0.29,0.13,-2.76,7.05
-0.05,0.15,1.1,-0.41,0.33,0.14,-2.32,7.56
-0.04,0.16,1.12,-0.37,0.36,0.14,-2.24,8.34
-0.04,0.15,1.13,-0.36,0.39,0.13,-1.95,7.46
-0.03,0.14,1.13,-0.32,0.4,0.11,-1.29,7.23
-0.01,0.14,1.13,-0.32,0.44,0.1,-0.52,6.98
0.0,0.13,1.11,-0.26,0.43,0.09,0.1,6.78
-0.0,0.13,1.1,-0.25,0.41,0.09,-0.04,6.91
0.01,0.14,1.08,-0.22,0.39,0.08,0.54,7.28
0.02,0.13,1.08,-0.23,0.35,0.08,0.87,6.97
0.02,0.14,1.09,-0.25,0.32,0.07,0.96,7.18
0.01,0.15,1.12,-0.24,0.3,0.05,0.38,7.56
0.0,0.15,1.14,-0.37,0.15,0.19,0.16,7.62
-0.01,0.17,1.15,-0.27,0.27,0.04,-0.26,8.6
-0.0,0.18,1.18,-0.3,0.31,0.02,-0.07,8.89
-0.0,0.19,1.2,-0.33,0.32,0.0,-0.19,8.99
-0.03,0.22,1.22,-0.33,0.37,-0.01,-1.17,10.22
-0.03,0.23,1.22,-0.39,0.46,-0.02,-1.2,10.76
-0.04,0.24,1.21,-0.42,0.5,0.0,-1.76,11.05
-0.04,0.24,1.21,-0.44,0.54,0.0,-1.87,11.39
-0.05,0.26,1.22,-0.48,0.59,0.03,-2.1,12.16
-0.05,0.28,1.22,-0.52,0.69,0.06,-2.49,12.81
-0.06,0.28,1.22,-0.55,0.75,0.09,-2.59,12.86
-0.06,0.27,1.2,-0.54,0.82,0.1,-2.85,12.79
-0.06,0.27,1.19,-0.52,0.83,0.11,-2.78,12.94
-0.06,0.28,1.21,-0.53,0.86,0.11,-2.89,12.85
-0.06,0.29,1.22,-0.51,0.87,0.11,-2.68,13.11
-0.07,0.3,1.24,-0.46,0.88,0.09,-3.16,13.45
-0.08,0.3,1.24,-0.4,0.88,0.07,-3.37,13.77
-0.07,0.31,1.25,-0.37,0.92,0.05,-3.11,13.82
-0.06,0.32,1.25,-0.35,0.93,0.04,-2.79,14.44
-0.06,0.33,1.28,-0.3,0.93,0.04,-2.71,14.59
-0.06,0.34,1.32,-0.29,0.95,0.02,-2.35,14.34
-0.05,0.34,1.36,-0.26,0.98,-0.01,-2.17,14.18
-0.05,0.34,1.37,-0.29,1.04,-0.03,-1.84,13.9
-0.03,0.32,1.38,-0.3,1.07,-0.04,-1.09,12.96
-0.02,0.31,1.4,-0.35,1.14,-0.05,-0.87,12.54
-0.0,0.3,1.42,-0.44,1.26,-0.06,-0.01,11.8
0.02,0.26,1.43,-0.55,1.39,-0.04,0.82,10.36
0.05,0.22,1.42,-0.69,1.51,-0.01,1.89,8.67
0.07,0.2,1.41,-0.86,1.66,0.02,2.86,7.94
0.08,0.19,1.41,-1.05,1.81,0.07,3.41,7.74
0.08,0.19,1.41,-1.23,1.94,0.12,3.14,7.55
0.06,0.19,1.42,-1.36,2.05,0.14,2.48,7.75
0.05,0.19,1.4,-1.47,2.14,0.18,2.2,7.87
0.04,0.2,1.4,-1.56,2.23,0.21,1.44,8.23
0.01,0.2,1.41,-1.61,2.29,0.21,0.55,8.2
-0.01,0.21,1.42,-1.62,2.34,0.21,-0.28,8.44
-0.03,0.22,1.42,-1.61,2.38,0.21,-1.06,8.99
-0.05,0.24,1.41,-1.58,2.41,0.22,-1.87,9.7
-0.07,0.25,1.41,-1.54,2.45,0.23,-2.66,10.17
-0.09,0.27,1.41,-1.46,2.47,0.25,-3.41,10.77
-0.1,0.27,1.42,-1.37,2.46,0.27,-4.03,10.68
-0.11,0.26,1.44,-1.28,2.48,0.28,-4.26,10.3
-0.12,0.27,1.47,-1.18,2.49,0.28,-4.42,10.21
-0.11,0.24,1.52,-1.06,2.5,0.29,-4.04,8.86
-0.1,0.23,1.56,-0.96,2.51,0.28,-3.78,8.27
-0.11,0.19,1.57,-0.85,2.56,0.26,-3.88,6.7
-0.1,0.18,1.6,-0.77,2.63,0.25,-3.56,6.35
-0.08,0.15,1.58,-0.7,2.69,0.26,-2.93,5.36
-0.08,0.14,1.59,-0.64,2.76,0.28,-2.79,5.01
-0.07,0.11,1.6,-0.6,2.85,0.3,-2.35,3.91
-0.05,0.1,1.61,-0.58,2.93,0.33,-1.69,3.64
-0.05,0.08,1.61,-0.55,2.98,0.36,-1.77,2.72
-0.04,0.06,1.62,-0.53,3.03,0.39,-1.41,2.25
-0.04,0.04,1.63,-0.51,3.08,0.41,-1.39,1.34
-0.04,0.01,1.62,-0.49,3.14,0.42,-1.27,0.34
-0.03,-0.01,1.64,-0.52,3.2,0.45,-0.88,-0.48
-0.02,-0.04,1.65,-0.49,3.24,0.47,-0.73,-1.43
-0.02,-0.06,1.65,-0.49,3.32,0.48,-0.65,-1.95
-0.02,-0.07,1.65,-0.5,3.41,0.5,-0.85,-2.41
-0.01,-0.1,1.62,-0.49,3.5,0.54,-0.49,-3.56
-0.01,-0.11,1.59,-0.49,3.58,0.59,-0.35,-4.09
-0.0,-0.15,1.58,-0.46,3.58,0.62,-0.15,-5.44
0.0,-0.18,1.57,-0.46,3.63,0.65,0.08,-6.69
0.01,-0.22,1.55,-0.47,3.68,0.68,0.33,-8.08
0.02,-0.26,1.53,-0.47,3.71,0.68,0.67,-9.68
0.02,-0.29,1.54,-0.48,3.74,0.68,0.72,-10.6
0.02,-0.3,1.55,-0.49,3.77,0.66,0.61,-10.92
0.01,-0.31,1.57,-0.51,3.82,0.66,0.4,-11.36
0.0,-0.33,1.56,-0.47,3.83,0.66,0.11,-11.78
-0.01,-0.33,1.57,-0.41,3.85,0.65,-0.3,-11.96
-0.02,-0.34,1.58,-0.36,3.91,0.65,-0.74,-12.32
-0.03,-0.35,1.57,-0.28,3.91,0.65,-1.1,-12.65
-0.04,-0.36,1.56,-0.2,3.94,0.64,-1.47,-13.1
-0.06,-0.37,1.54,-0.11,3.93,0.64,-2.13,-13.5
-0.07,-0.38,1.51,-0.02,3.98,0.65,-2.51,-14.29
-0.07,-0.39,1.48,0.07,4.03,0.68,-2.63,-14.8
-0.07,-0.4,1.43,0.18,4.06,0.72,-2.56,-15.47
-0.06,-0.4,1.38,0.27,4.07,0.77,-2.55,-16.2
-0.05,-0.42,1.33,0.33,4.11,0.83,-2.02,-17.66
-0.02,-0.45,1.29,0.41,4.12,0.9,-1.02,-19.01
-0.0,-0.47,1.26,0.47,4.11,0.95,-0.08,-20.54
0.02,-0.53,1.23,0.5,4.14,0.98,1.03,-23.22
0.06,-0.59,1.21,0.55,4.12,0.98,2.42,-25.88
0.08,-0.6,1.17,0.55,4.14,0.95,3.43,-27.08
0.08,-0.6,1.12,0.58,4.12,0.94,3.79,-28.02
0.09,-0.6,1.05,0.59,4.13,0.92,4.15,-29.48
0.1,-0.58,1.0,0.56,4.16,0.92,5.16,-29.93
0.12,-0.54,0.95,0.51,4.16,0.93,6.01,-29.35
0.14,-0.55,0.93,0.47,4.14,0.96,7.13,-30.39
0.16,-0.58,0.89,0.46,4.05,0.96,8.78,-32.61
0.17,-0.59,0.86,0.41,4.01,0.95,9.44,-33.91
0.18,-0.62,0.84,0.34,3.96,0.91,9.59,-35.51
0.16,-0.63,0.85,0.29,3.93,0.85,8.86,-36.13
0.18,-0.65,0.88,0.28,3.89,0.77,9.26,-35.95
0.16,-0.67,0.88,0.26,3.87,0.7,8.41,-36.98
0.15,-0.66,0.86,0.25,3.85,0.64,7.76,-37.37
0.12,-0.64,0.84,0.24,3.88,0.59,6.47,-37.12
0.12,-0.61,0.8,0.28,3.87,0.56,6.94,-36.75
0.1,-0.58,0.79,0.28,3.89,0.57,6.04,-36.3
0.08,-0.56,0.76,0.31,3.91,0.58,5.13,-36.17
0.08,-0.5,0.74,0.35,3.92,0.62,4.85,-34.09
0.09,-0.44,0.68,0.4,3.9,0.69,6.47,-32.36
0.12,-0.41,0.63,0.42,3.86,0.79,9.25,-32.51
0.14,-0.41,0.56,0.39,3.86,0.87,11.5,-35.51
0.2,-0.44,0.51,0.36,3.85,0.95,16.27,-38.66
0.23,-0.45,0.47,0.35,3.86,1.0,19.34,-40.64
0.26,-0.45,0.45,0.31,3.86,1.04,22.41,-40.77
0.28,-0.45,0.4,0.26,3.89,1.0,25.19,-42.42
0.29,-0.42,0.37,0.24,3.87,0.96,27.17,-41.53
0.27,-0.37,0.36,0.22,3.82,0.89,27.84,-39.29
0.26,-0.3,0.37,0.24,3.77,0.82,28.83,-33.82
0.25,-0.24,0.36,0.23,3.7,0.75,29.97,-28.54
0.25,-0.19,0.35,0.25,3.59,0.69,32.44,-24.01
0.26,-0.16,0.34,0.27,3.41,0.64,34.79,-20.83
0.26,-0.15,0.33,0.27,3.29,0.58,35.24,-19.39
0.26,-0.16,0.33,0.25,3.18,0.52,36.14,-20.97
0.28,-0.19,0.34,0.24,3.1,0.46,35.71,-23.39
0.29,-0.2,0.36,0.31,3.25,0.26,34.97,-23.61
0.29,-0.18,0.36,0.23,2.97,0.32,35.58,-21.54
0.28,-0.14,0.36,0.18,2.94,0.29,35.73,-16.81
0.26,-0.08,0.35,0.11,2.94,0.28,36.14,-9.82
0.24,-0.03,0.35,0.01,2.89,0.29,34.47,-4.66
0.22,-0.02,0.38,-0.11,2.98,0.29,29.88,-2.57
0.21,-0.02,0.42,-0.21,2.88,0.35,26.05,-1.92
0.21,-0.01,0.45,-0.28,2.85,0.4,25.02,-1.25
0.2,-0.01,0.47,-0.32,2.78,0.44,22.86,-1.43
0.16,-0.03,0.49,-0.33,2.75,0.44,18.43,-3.34
0.14,-0.02,0.53,-0.32,2.74,0.48,14.89,-2.34
0.15,-0.02,0.54,-0.3,2.71,0.5,14.97,-2.35
0.14,-0.02,0.53,-0.25,2.64,0.5,14.88,-2.54
0.12,-0.06,0.53,-0.19,2.63,0.46,13.12,-6.75
0.12,-0.07,0.55,-0.07,2.56,0.45,12.63,-7.54
0.12,-0.06,0.58,0.06,2.51,0.39,11.84,-5.83
0.11,-0.03,0.57,0.2,2.43,0.33,11.37,-3.09
0.11,-0.01,0.55,0.34,2.32,0.26,11.5,-0.84
0.11,0.03,0.54,0.46,2.21,0.19,11.75,2.92
0.1,0.06,0.53,0.52,2.15,0.1,10.76,6.61
0.08,0.09,0.53,0.62,2.06,0.04,8.13,10.04
0.08,0.12,0.54,0.69,1.95,-0.02,8.3,12.28
0.09,0.17,0.52,0.74,1.87,-0.08,9.18,18.08
0.08,0.22,0.52,0.75,1.85,-0.1,8.51,22.51
0.09,0.3,0.51,0.73,1.77,-0.11,8.94,30.42
0.11,0.38,0.48,0.61,1.74,-0.08,9.84,37.53
0.11,0.44,0.46,0.44,1.73,-0.03,9.73,42.97
0.11,0.49,0.47,0.25,1.74,0.03,9.18,45.24
0.1,0.5,0.49,0.04,1.73,0.12,8.36,45.05
0.11,0.51,0.53,-0.13,1.71,0.2,8.35,43.36
0.1,0.5,0.57,-0.27,1.68,0.27,7.18,41.09
0.08,0.5,0.58,-0.39,1.62,0.33,6.27,40.41
0.06,0.49,0.6,-0.48,1.57,0.39,4.2,39.18
0.04,0.46,0.63,-0.52,1.5,0.42,2.73,35.87
0.03,0.43,0.66,-0.53,1.43,0.43,2.07,32.87
0.02,0.38,0.69,-0.49,1.31,0.41,1.42,28.78
0.03,0.34,0.72,-0.4,1.17,0.39,1.99,25.39
0.02,0.32,0.72,-0.25,1.19,0.19,1.22,23.9
0.0,0.3,0.75,-0.16,0.88,0.26,0.08,21.79
0.0,0.29,0.76,-0.06,0.76,0.21,0.33,20.52
-0.01,0.24,0.78,0.07,0.65,0.16,-0.39,17.28
-0.0,0.2,0.8,0.21,0.55,0.11,-0.05,13.71
0.0,0.17,0.82,0.36,0.43,0.08,0.2,11.95
0.01,0.18,0.82,0.49,0.37,0.04,0.87,12.05
0.02,0.18,0.8,0.59,0.3,0.02,1.72,12.43
0.03,0.2,0.78,0.64,0.31,-0.0,2.34,14.12
0.05,0.25,0.78,0.67,0.32,-0.0,3.78,17.83
0.07,0.32,0.78,0.62,0.35,0.04,4.53,22.48
0.08,0.39,0.77,0.5,0.37,0.11,5.3,26.48
0.1,0.42,0.77,0.39,0.35,0.21,6.6,28.27
0.12,0.43,0.75,0.25,0.32,0.29,8.01,29.11
0.14,0.4,0.75,0.08,0.34,0.34,9.13,27.77
0.14,0.37,0.75,-0.08,0.33,0.38,9.2,25.98
0.14,0.33,0.76,-0.17,0.3,0.38,9.4,23.33
0.13,0.27,0.78,-0.26,0.27,0.37,9.24,18.83
0.12,0.22,0.8,-0.31,0.23,0.34,8.33,15.24
0.12,0.18,0.83,-0.33,0.2,0.32,7.95,12.3
0.11,0.14,0.85,-0.33,0.15,0.3,7.46,9.57
0.11,0.1,0.85,-0.29,0.09,0.26,7.5,6.55
0.11,0.06,0.85,-0.27,0.06,0.23,7.31,4.07
0.11,0.03,0.86,-0.22,0.04,0.17,7.15,2.25
0.09,0.01,0.86,-0.16,0.02,0.12,6.28,0.62
0.1,-0.0,0.88,-0.11,-0.0,0.06,6.27,-0.16
0.1,-0.02,0.88,-0.06,-0.03,0.02,6.58,-1.13
0.09,-0.03,0.9,0.0,-0.04,-0.03,5.82,-1.68
0.09,-0.04,0.91,0.07,-0.05,-0.05,5.74,-2.28
0.1,-0.03,0.89,0.14,-0.07,-0.08,6.19,-1.69
0.09,0.01,0.91,0.17,-0.06,-0.09,5.55,0.35
0.09,0.04,0.92,0.18,-0.05,-0.09,5.81,2.45
0.11,0.06,0.89,0.14,-0.05,-0.07,6.96,3.86
0.11,0.09,0.88,0.1,-0.04,-0.05,7.08,5.91
0.1,0.11,0.88,0.02,-0.02,-0.03,6.59,6.76
0.1,0.11,0.88,-0.07,0.03,0.0,6.48,7.19
0.09,0.11,0.89,-0.13,0.02,0.04,5.92,6.69
0.09,0.09,0.9,-0.18,0.02,0.06,5.64,5.44
0.09,0.06,0.9,-0.24,0.0,0.06,5.46,3.65
0.08,0.03,0.9,-0.27,0.0,0.05,5.12,1.94
0.07,0.01,0.92,-0.26,0.01,0.04,4.37,0.65
0.06,-0.01,0.93,-0.23,-0.02,0.02,3.91,-0.68
0.06,-0.03,0.95,-0.24,-0.03,0.0,3.45,-1.69
0.05,-0.02,0.95,-0.18,-0.03,-0.0,2.78,-1.42
0.04,-0.04,0.95,-0.11,-0.02,-0.03,2.14,-2.14
0.03,-0.02,0.94,-0.04,-0.04,-0.05,1.79,-0.96
0.03,-0.01,0.94,0.02,-0.06,-0.06,1.97,-0.71
0.03,0.01,0.95,0.06,-0.07,-0.09,1.79,0.4
0.05,0.01,0.94,0.07,-0.08,-0.11,2.87,0.75
0.06,0.01,0.92,0.08,-0.1,-0.12,3.73,0.84
0.04,0.02,0.93,0.07,-0.1,-0.12,2.65,1.19
0.04,0.02,0.94,0.04,-0.08,-0.12,2.31,1.37
0.03,0.03,0.95,0.01,-0.07,-0.09,1.9,2.05
0.03,0.03,0.97,0.0,-0.07,-0.05,1.99,1.99
0.03,0.03,0.97,-0.03,-0.07,-0.03,1.85,1.84
0.03,0.04,0.96,-0.06,-0.04,0.0,1.83,2.34
0.04,0.04,0.97,-0.11,-0.02,0.04,2.5,2.07
0.04,0.03,0.97,-0.16,0.02,0.07,2.15,1.85
0.03,0.02,0.98,-0.16,-0.0,0.1,1.84,1.41
0.04,0.02,0.99,-0.14,0.01,0.11,2.26,1.25
0.04,0.01,0.98,-0.14,-0.0,0.13,2.48,0.75
0.05,0.01,0.97,-0.13,-0.03,0.14,2.69,0.67
0.05,0.0,0.95,-0.11,-0.06,0.13,2.99,0.18
0.06,-0.01,0.95,-0.08,-0.06,0.11,3.83,-0.8
0.08,-0.02,0.94,-0.04,-0.05,0.06,4.63,-1.46
0.09,-0.04,0.93,0.0,-0.07,0.01,5.51,-2.49
0.09,-0.04,0.92,0.04,-0.1,-0.05,5.76,-2.51
0.1,-0.03,0.91,0.08,-0.12,-0.12,6.07,-2.0
0.09,-0.0,0.91,0.07,-0.11,-0.19,5.53,-0.28
0.08,0.01,0.92,0.07,-0.12,-0.21,5.13,0.79
0.08,0.01,0.92,0.07,-0.11,-0.23,4.9,0.55
0.08,-0.0,0.94,0.07,-0.1,-0.24,5.05,-0.22
0.09,-0.01,0.94,0.07,-0.07,-0.23,5.14,-0.9
0.08,-0.01,0.95,0.07,-0.07,-0.22,5.06,-0.47
0.08,-0.0,0.96,0.09,-0.07,-0.22,4.99,-0.22
0.08,0.0,0.96,0.09,-0.08,-0.22,4.76,0.28
0.08,0.01,0.96,0.07,-0.08,-0.21,4.8,0.48
0.08,0.02,0.95,0.05,-0.08,-0.21,4.61,1.16
0.08,0.03,0.95,-0.01,-0.07,-0.19,4.68,1.7
0.08,0.03,0.95,-0.04,-0.06,-0.17,5.05,1.87
0.08,0.03,0.95,-0.09,-0.04,-0.14,4.92,1.74
0.07,0.03,0.95,-0.16,-0.02,-0.12,4.24,1.64
0.06,0.01,0.96,-0.18,-0.02,-0.09,3.58,0.66
0.04,0.0,0.97,-0.19,-0.02,-0.08,2.58,0.24
0.02,-0.0,0.98,-0.2,-0.0,-0.07,1.37,-0.16
0.02,-0.01,0.99,-0.2,-0.0,-0.06,1.05,-0.86
0.02,-0.02,0.99,-0.16,-0.02,-0.04,0.93,-1.05
0.0,-0.01,0.99,-0.08,0.12,-0.18,0.29,-0.72
-0.0,-0.02,0.99,-0.1,-0.03,-0.03,-0.02,-0.88
0.01,-0.02,0.98,-0.09,-0.06,-0.03,0.38,-1.39
0.01,-0.03,0.97,-0.06,-0.08,-0.03,0.45,-1.86
0.02,-0.04,0.96,-0.02,-0.09,-0.05,0.91,-2.33
0.03,-0.04,0.96,0.01,-0.07,-0.05,1.56,-2.29
0.03,-0.03,0.96,-0.0,-0.05,-0.05,1.75,-1.83
0.03,-0.01,0.95,0.01,-0.03,-0.05,1.66,-0.83
0.02,0.0,0.95,0.04,-0.03,-0.03,1.3,0.1
0.03,0.0,0.96,0.02,-0.01,-0.03,2.05,0.29
0.05,0.01,0.95,0.01,-0.01,-0.02,2.83,0.51
0.04,0.04,0.95,-0.03,0.02,-0.01,2.52,2.28
0.02,0.05,0.94,-0.06,0.03,0.02,1.46,2.82
0.03,0.03,0.96,-0.07,0.03,0.05,1.5,2.03
0.03,0.03,0.95,-0.1,0.04,0.06,1.98,2.05
0.04,0.03,0.95,-0.08,0.02,0.08,2.15,1.7
0.02,0.01,0.95,-0.07,0.01,0.07,1.17,0.62
0.02,0.01,0.96,-0.06,0.01,0.07,1.1,0.35
0.02,0.01,0.96,-0.03,-0.01,0.06,1.3,0.59
0.03,0.01,0.97,-0.02,-0.03,0.06,1.58,0.87
0.03,0.01,0.96,-0.02,-0.04,0.05,1.58,0.86
0.02,0.01,0.95,0.0,-0.06,0.05,1.49,0.46
0.03,0.0,0.96,-0.01,-0.04,0.06,1.86,0.09
0.04,-0.0,0.95,-0.0,-0.05,0.08,2.42,-0.03
0.04,-0.01,0.94,0.02,-0.06,0.06,2.61,-0.44
0.04,0.0,0.94,0.02,-0.06,0.06,2.71,0.14
0.05,0.01,0.95,0.02,-0.04,0.05,2.86,0.35
0.04,0.02,0.94,0.01,-0.07,0.04,2.65,1.3
0.04,0.02,0.94,0.02,-0.07,0.04,2.65,1.48
0.04,0.01,0.94,0.01,-0.08,0.05,2.68,0.69
0.05,0.01,0.94,0.01,-0.08,0.05,3.1,0.76
0.05,0.02,0.94,-0.02,-0.06,0.08,3.08,1.33
0.05,0.03,0.95,-0.02,-0.06,0.09,2.99,1.71
0.05,0.02,0.96,-0.03,-0.05,0.1,3.07,1.29
0.05,0.02,0.95,-0.05,-0.04,0.11,2.85,0.96
0.04,0.01,0.95,-0.09,-0.03,0.14,2.54,0.63
0.04,0.01,0.95,-0.06,-0.02,0.15,2.31,0.52
0.04,-0.0,0.96,-0.08,-0.02,0.16,2.16,-0.15
0.04,-0.01,0.96,-0.09,0.03,0.16,2.25,-0.59
0.04,-0.02,0.96,-0.07,0.01,0.16,2.41,-0.91
0.04,-0.02,0.96,-0.06,0.02,0.16,2.53,-1.07
0.05,-0.01,0.94,-0.01,-0.01,0.15,2.74,-0.7
0.05,-0.01,0.93,0.01,-0.01,0.15,2.87,-0.54
0.05,-0.01,0.93,0.02,-0.0,0.14,3.34,-0.6
0.07,-0.01,0.92,0.05,-0.02,0.13,4.11,-0.47
0.07,0.01,0.92,0.06,-0.02,0.11,4.33,0.5
0.06,0.03,0.91,0.05,-0.02,0.09,4.06,1.6
0.06,0.05,0.92,0.04,-0.02,0.08,3.83,2.8
0.06,0.04,0.92,0.03,-0.03,0.08,3.51,2.65
0.05,0.05,0.94,-0.05,-0.19,0.21,3.33,3.14
0.07,0.05,0.93,-0.0,-0.07,0.09,4.12,3.06
0.07,0.04,0.94,-0.01,-0.07,0.07,4.21,2.59
0.07,0.04,0.93,-0.02,-0.09,0.08,4.56,2.22
0.07,0.02,0.93,-0.02,-0.09,0.06,4.41,1.03
0.07,0.0,0.93,-0.02,-0.07,0.05,4.5,0.27
0.08,-0.01,0.94,-0.02,-0.05,0.06,4.87,-0.4
0.1,-0.02,0.94,-0.01,-0.05,0.06,5.97,-0.99
0.1,-0.01,0.94,-0.03,-0.05,0.05,5.85,-0.68
0.09,-0.0,0.94,-0.06,-0.04,0.05,5.75,-0.1
0.08,-0.01,0.95,-0.1,-0.01,0.05,5.04,-0.41
0.07,-0.01,0.96,-0.12,-0.02,0.05,4.2,-0.3
0.06,-0.01,0.96,-0.13,-0.01,0.05,3.7,-0.62
0.05,-0.02,0.97,-0.14,-0.0,0.05,2.76,-1.14
0.04,-0.02,0.99,-0.14,0.0,0.05,2.4,-1.3
0.03,-0.01,0.99,-0.14,0.01,0.06,1.88,-0.84
0.03,-0.02,0.99,-0.09,-0.02,0.08,1.8,-1.19
0.03,-0.02,0.99,-0.05,-0.04,0.08,2.0,-1.27
0.04,-0.02,0.97,-0.04,-0.03,0.08,2.19,-1.46
0.04,-0.03,0.97,-0.03,-0.01,0.08,2.08,-1.75
0.04,-0.02,0.97,-0.01,-0.01,0.08,2.08,-0.93
0.04,-0.01,0.97,0.01,-0.02,0.09,2.25,-0.65
0.04,0.0,0.97,0.02,-0.02,0.09,2.09,0.05
0.05,-0.02,0.96,0.01,-0.01,0.1,2.7,-1.13
0.05,-0.03,0.95,0.11,0.14,-0.04,3.12,-1.87
0.06,-0.03,0.95,0.07,-0.0,0.1,3.33,-1.64
0.05,-0.04,0.95,0.08,0.02,0.09,2.9,-2.12
0.04,-0.03,0.96,0.12,0.03,0.09,2.67,-1.92
0.04,-0.02,0.96,0.14,0.02,0.08,2.5,-1.22
0.06,-0.01,0.95,0.19,-0.01,0.07,3.56,-0.33
0.07,0.01,0.93,0.19,-0.0,0.05,4.01,0.84
0.08,0.03,0.92,0.17,-0.01,0.04,4.97,2.09
0.1,0.04,0.92,0.13,-0.02,0.02,6.28,2.36
0.11,0.05,0.91,0.08,-0.03,0.01,7.12,3.31
0.11,0.06,0.89,-0.0,-0.0,0.0,6.69,4.06
0.09,0.06,0.9,-0.09,0.02,-0.0,5.74,3.83
0.07,0.06,0.94,-0.16,0.04,0.0,4.29,3.56
0.05,0.03,0.97,-0.19,0.05,0.01,3.24,1.56
0.05,0.01,0.99,-0.18,0.04,0.04,2.92,0.65
0.04,-0.01,0.99,-0.19,0.05,0.06,2.37,-0.34
0.03,-0.02,0.98,-0.13,0.03,0.07,1.65,-1.16
0.03,-0.04,0.98,-0.09,0.03,0.05,1.89,-2.35
0.03,-0.04,0.98,-0.02,0.01,0.03,1.49,-2.11
0.02,-0.02,0.99,0.04,0.01,0.03,1.32,-1.28
0.03,-0.01,0.98,0.08,-0.01,0.03,1.85,-0.39
0.05,0.01,0.96,0.14,-0.03,0.02,2.84,0.43
0.06,0.01,0.93,0.16,-0.05,0.03,3.62,0.86
0.06,0.03,0.92,0.15,-0.02,0.02,3.96,1.71
0.07,0.03,0.92,0.13,-0.0,0.02,4.24,1.74
0.08,0.03,0.93,0.13,-0.02,0.01,4.75,1.62
0.08,0.02,0.92,0.1,0.0,0.0,4.75,1.33
0.08,0.02,0.92,0.14,-0.02,-0.01,4.82,1.11
0.08,0.03,0.92,0.12,-0.01,-0.04,4.89,1.6
0.09,0.04,0.92,0.12,-0.02,-0.07,5.34,2.41
0.08,0.05,0.92,0.09,-0.02,-0.07,5.13,2.87
0.08,0.06,0.92,0.04,0.0,-0.07,4.9,3.68
0.08,0.07,0.92,0.01,-0.0,-0.05,5.17,4.16
0.08,0.06,0.93,-0.03,-0.01,-0.05,5.02,3.88
0.08,0.06,0.92,-0.07,-0.01,-0.04,4.68,3.69
0.06,0.05,0.93,-0.1,0.0,-0.06,3.82,3.13
0.05,0.04,0.93,-0.12,-0.01,-0.05,2.8,2.47
0.04,0.03,0.96,-0.13,-0.01,-0.06,2.16,1.82
0.04,0.02,0.95,-0.13,-0.03,-0.05,2.4,1.27
0.02,0.0,0.96,-0.15,-0.01,-0.04,1.5,0.28
0.03,-0.02,0.97,-0.1,-0.03,-0.04,1.61,-0.94
0.03,-0.02,0.97,-0.06,-0.04,-0.05,1.84,-1.25
0.03,-0.03,0.95,-0.04,-0.06,-0.06,1.69,-1.79
0.02,-0.03,0.96,-0.03,-0.05,-0.08,1.29,-1.57
0.02,-0.02,0.95,0.02,-0.06,-0.08,1.13,-1.49
0.02,-0.01,0.95,0.05,-0.05,-0.1,1.34,-0.82
0.03,-0.01,0.94,0.07,-0.05,-0.09,1.77,-0.33
0.03,0.01,0.95,0.08,-0.05,-0.08,2.07,0.31
0.03,0.03,0.94,0.07,-0.02,-0.06,1.93,1.56
0.03,0.03,0.93,0.08,-0.03,-0.04,1.98,1.74
0.05,0.04,0.93,0.08,-0.03,-0.03,2.86,2.23
0.04,0.03,0.94,0.03,-0.0,-0.02,2.4,2.03
0.04,0.05,0.93,0.01,0.01,0.01,2.27,3.24
0.05,0.05,0.93,0.04,0.15,-0.13,3.38,3.18
0.06,0.05,0.92,-0.05,-0.0,0.04,3.48,3.34
0.06,0.05,0.91,-0.09,0.02,0.04,3.6,2.92
0.05,0.05,0.92,-0.12,0.01,0.05,3.14,2.91
0.05,0.04,0.94,-0.15,0.02,0.04,2.86,2.32
0.05,0.03,0.95,-0.15,-0.01,0.04,2.83,1.88
0.05,0.02,0.94,-0.16,-0.0,0.03,2.86,1.26
0.04,0.01,0.94,-0.15,-0.02,0.01,2.58,0.47
0.05,0.0,0.95,-0.1,-0.05,-0.0,2.73,0.0
0.05,-0.0,0.95,-0.05,-0.07,-0.02,2.71,-0.26
0.04,0.0,0.96,-0.01,-0.07,-0.04,2.4,0.02
0.04,0.01,0.95,0.03,-0.09,-0.06,2.61,0.38
0.05,0.01,0.95,0.09,-0.12,-0.07,2.77,0.79
0.06,0.02,0.95,0.11,-0.13,-0.07,3.52,1.33
0.07,0.05,0.93,0.13,-0.15,-0.07,4.48,2.79
0.08,0.06,0.91,0.1,-0.13,-0.07,4.98,3.94
0.08,0.07,0.9,0.1,-0.14,-0.06,5.06,4.64
0.08,0.07,0.9,0.06,-0.13,-0.05,5.33,4.62
0.09,0.06,0.89,0.01,-0.1,-0.04,5.73,3.86
0.09,0.08,0.89,-0.03,-0.08,-0.03,5.44,4.85
0.09,0.08,0.9,-0.09,-0.07,-0.0,5.81,4.95
0.08,0.09,0.9,-0.12,-0.06,0.0,5.13,5.43
0.07,0.08,0.9,-0.17,-0.07,0.01,4.32,4.74
0.08,0.06,0.91,-0.19,-0.08,0.02,4.81,3.68
0.07,0.05,0.92,-0.2,-0.08,0.0,4.51,3.03
0.07,0.06,0.91,-0.2,-0.08,0.0,4.16,3.5
0.07,0.06,0.91,-0.21,-0.09,-0.01,4.1,3.64
0.06,0.05,0.91,-0.2,-0.1,-0.01,3.82,3.31
0.06,0.05,0.92,-0.21,-0.12,-0.01,3.54,2.87
0.06,0.05,0.92,-0.18,-0.14,-0.02,3.55,3.0
0.05,0.06,0.92,-0.16,-0.15,-0.04,3.14,3.47
0.05,0.06,0.91,-0.17,-0.16,-0.04,3.05,4.0
0.05,0.05,0.91,-0.15,-0.17,-0.06,2.87,3.28
0.04,0.05,0.9,-0.12,-0.21,-0.08,2.29,3.3
0.04,0.05,0.91,-0.09,-0.22,-0.08,2.47,3.4
0.05,0.07,0.91,-0.05,-0.24,-0.1,2.85,4.39
0.04,0.08,0.9,-0.03,-0.28,-0.09,2.49,5.26
0.03,0.08,0.89,-0.0,-0.29,-0.11,2.18,5.09
0.04,0.08,0.86,0.01,-0.3,-0.1,2.5,5.49
0.03,0.1,0.87,0.03,-0.29,-0.08,2.0,6.83
0.03,0.13,0.88,0.02,-0.3,-0.06,2.07,8.52
0.05,0.14,0.86,0.04,-0.34,-0.04,3.31,9.46
0.06,0.15,0.84,0.03,-0.38,-0.02,3.97,9.79
0.05,0.15,0.82,-0.01,-0.38,-0.02,3.55,10.23
0.05,0.15,0.81,-0.03,-0.4,-0.04,3.76,10.3
0.05,0.16,0.83,-0.01,-0.26,-0.18,3.4,10.74
0.06,0.16,0.83,-0.07,-0.43,-0.03,3.73,10.85
0.07,0.16,0.83,-0.11,-0.48,-0.03,4.59,11.07
0.06,0.15,0.81,-0.15,-0.52,-0.02,4.25,10.49
0.06,0.12,0.82,-0.19,-0.55,-0.04,4.02,8.32
0.07,0.1,0.83,-0.21,-0.59,-0.07,4.56,7.06
0.07,0.1,0.84,-0.23,-0.61,-0.08,5.05,6.7
0.06,0.09,0.84,-0.29,-0.62,-0.1,4.25,6.33
0.05,0.07,0.84,-0.33,-0.64,-0.1,3.29,5.0
0.04,0.05,0.85,-0.38,-0.63,-0.09,2.94,3.64
0.04,0.05,0.87,-0.38,-0.62,-0.08,2.42,3.05
0.03,0.04,0.9,-0.38,-0.61,-0.05,2.06,2.27
0.03,0.03,0.9,-0.41,-0.63,-0.03,2.23,2.2
0.03,0.02,0.89,-0.38,-0.66,-0.03,1.77,1.34
0.02,0.02,0.89,-0.39,-0.67,-0.03,1.33,1.02
0.01,0.0,0.88,-0.38,-0.64,-0.03,0.95,0.09
0.01,-0.01,0.89,-0.34,-0.64,-0.03,0.34,-0.79
-0.01,-0.0,0.9,-0.3,-0.63,-0.01,-0.59,-0.31
-0.02,0.01,0.91,-0.23,-0.63,-0.01,-1.29,0.51
-0.03,0.01,0.91,-0.15,-0.65,0.01,-1.69,0.81
-0.02,0.02,0.9,-0.07,-0.66,0.02,-1.49,1.13
-0.02,0.03,0.89,0.03,-0.7,0.02,-1.32,1.87
-0.01,0.04,0.87,0.09,-0.72,0.01,-0.64,2.88
0.01,0.07,0.85,0.14,-0.73,0.02,0.37,4.85
0.02,0.1,0.83,0.18,-0.76,0.02,1.43,6.78
0.03,0.12,0.8,0.2,-0.79,0.0,2.02,8.72
0.05,0.14,0.78,0.2,-0.82,0.0,3.3,9.8
0.07,0.16,0.78,0.18,-0.85,-0.01,4.98,11.29
0.08,0.18,0.77,0.15,-0.92,0.0,6.1,13.32
0.1,0.18,0.75,0.07,-0.98,-0.03,7.29,13.55
0.1,0.16,0.73,-0.02,-1.02,-0.06,7.5,12.19
0.09,0.13,0.75,-0.12,-1.02,-0.09,7.08,9.59
0.09,0.11,0.78,-0.18,-1.01,-0.1,6.21,7.91
0.08,0.1,0.81,-0.24,-1.03,-0.11,5.32,7.24
0.08,0.1,0.83,-0.28,-1.06,-0.1,5.12,6.54
0.08,0.08,0.84,-0.33,-1.08,-0.09,5.3,5.23
0.07,0.06,0.83,-0.38,-1.07,-0.08,5.15,4.38
0.06,0.04,0.84,-0.44,-1.06,-0.08,3.92,2.91
0.06,0.04,0.86,-0.49,-1.04,-0.06,3.74,2.44
0.06,0.03,0.89,-0.5,-1.04,-0.02,3.78,1.9
0.06,0.02,0.89,-0.52,-1.04,0.01,3.68,1.14
0.04,-0.01,0.9,-0.53,-1.06,0.03,2.76,-0.52
0.04,-0.04,0.91,-0.48,-1.05,0.03,2.37,-2.48
0.03,-0.06,0.93,-0.43,-1.04,0.01,2.14,-3.66
0.03,-0.06,0.95,-0.36,-1.03,0.01,1.96,-3.85
0.04,-0.07,0.95,-0.24,-1.07,-0.0,2.21,-4.34
0.04,-0.09,0.94,-0.11,-1.11,-0.03,2.44,-5.49
0.05,-0.08,0.92,0.03,-1.12,-0.07,2.96,-4.84
0.05,-0.06,0.91,0.13,-1.13,-0.12,2.95,-3.92
0.04,-0.01,0.9,0.23,-1.13,-0.15,2.85,-0.6
0.07,0.03,0.88,0.31,-1.17,-0.16,4.25,2.0
0.07,0.07,0.86,0.36,-1.2,-0.18,4.53,4.36
0.07,0.08,0.83,0.37,-1.26,-0.18,4.86,5.73
0.09,0.11,0.79,0.38,-1.29,-0.18,6.32,7.62
0.1,0.14,0.77,0.34,-1.32,-0.19,7.48,9.99
0.12,0.16,0.75,0.28,-1.32,-0.18,9.17,12.04
0.14,0.16,0.73,0.17,-1.36,-0.17,10.8,12.3
0.15,0.15,0.73,0.08,-1.4,-0.15,11.61,11.19
0.15,0.13,0.73,-0.01,-1.42,-0.15,11.75,9.75
0.15,0.1,0.74,-0.12,-1.43,-0.16,11.23,7.89
0.13,0.08,0.76,-0.21,-1.43,-0.17,9.98,5.82
0.13,0.05,0.79,-0.25,-1.45,-0.18,9.44,3.64
0.13,0.02,0.82,-0.28,-1.48,-0.2,8.94,1.36
0.12,-0.02,0.84,-0.29,-1.5,-0.22,7.83,-1.07
0.1,-0.03,0.86,-0.32,-1.51,-0.24,6.49,-2.2
0.08,-0.05,0.88,-0.31,-1.5,-0.24,5.52,-3.21
0.07,-0.05,0.9,-0.28,-1.5,-0.25,4.26,-3.19
0.07,-0.06,0.93,-0.25,-1.51,-0.24,4.14,-3.95
0.06,-0.08,0.93,-0.22,-1.52,-0.23,3.89,-4.99
0.07,-0.1,0.93,-0.2,-1.53,-0.23,3.99,-5.82
0.06,-0.1,0.93,-0.16,-1.51,-0.23,3.49,-6.17
0.04,-0.1,0.95,-0.13,-1.49,-0.25,2.18,-5.8
0.03,-0.08,0.96,-0.09,-1.47,-0.24,1.57,-4.71
0.03,-0.06,0.97,-0.05,-1.48,-0.21,1.66,-3.72
0.04,-0.05,0.96,0.01,-1.52,-0.2,2.54,-3.23
0.05,-0.06,0.93,0.04,-1.55,-0.18,3.35,-3.41
0.06,-0.07,0.91,0.04,-1.55,-0.19,3.94,-4.14
0.06,-0.07,0.89,0.04,-1.54,-0.2,4.07,-4.25
0.07,-0.05,0.9,0.06,-1.55,-0.21,4.65,-3.35
0.08,-0.03,0.89,0.07,-1.56,-0.21,4.9,-1.95
0.07,-0.02,0.87,0.04,-1.56,-0.21,4.82,-1.27
0.08,-0.04,0.86,0.03,-1.58,-0.19,5.18,-2.59
0.08,-0.07,0.86,0.05,-1.57,-0.21,5.59,-4.33
0.09,-0.07,0.89,0.05,-1.58,-0.22,5.55,-4.8
0.1,-0.06,0.89,0.07,-1.56,-0.24,6.71,-3.65
0.11,-0.05,0.88,0.08,-1.61,-0.24,6.95,-3.44
0.11,-0.05,0.84,0.05,-1.64,-0.27,7.29,-3.4
0.1,-0.05,0.84,0.01,-1.64,-0.3,7.09,-3.41
0.1,-0.05,0.85,-0.03,-1.64,-0.31,6.65,-3.02
0.1,-0.05,0.87,-0.05,-1.64,-0.31,6.48,-2.97
0.09,-0.03,0.88,-0.1,-1.64,-0.29,6.05,-2.16
0.09,-0.04,0.87,-0.11,-1.64,-0.27,5.78,-2.51
0.07,-0.04,0.89,-0.14,-1.65,-0.26,4.58,-2.35
0.05,-0.04,0.92,-0.14,-1.66,-0.24,2.93,-2.18
0.04,-0.05,0.9,-0.13,-1.68,-0.23,2.25,-3.15
0.03,-0.04,0.9,-0.1,-1.67,-0.22,1.66,-2.34
0.04,-0.03,0.91,-0.05,-1.68,-0.2,2.37,-1.91
0.06,-0.03,0.9,-0.01,-1.7,-0.19,3.68,-2.17
0.07,-0.05,0.88,0.03,-1.75,-0.17,4.52,-3.33
0.08,-0.06,0.87,0.04,-1.78,-0.18,5.53,-4.04
0.09,-0.1,0.86,0.05,-1.8,-0.2,5.89,-6.5
0.11,-0.14,0.89,0.02,-1.8,-0.23,6.95,-9.09
0.14,-0.16,0.91,0.04,-1.79,-0.27,8.37,-9.98
0.15,-0.17,0.92,0.07,-1.81,-0.32,9.33,-10.27
0.15,-0.17,0.93,0.04,-1.81,-0.36,8.85,-10.46
0.12,-0.17,0.93,-0.01,-1.8,-0.41,7.3,-10.41
0.09,-0.16,0.95,-0.06,-1.78,-0.45,5.59,-9.48
0.06,-0.12,0.97,-0.07,-1.75,-0.44,3.7,-6.78
0.04,-0.08,0.99,-0.08,-1.73,-0.41,2.06,-4.44
0.03,-0.05,0.99,-0.09,-1.73,-0.35,1.77,-2.83
0.02,-0.04,0.98,-0.12,-1.73,-0.28,1.09,-2.6
0.01,-0.05,0.99,-0.13,-1.74,-0.21,0.65,-3.08
0.01,-0.06,0.98,-0.14,-1.73,-0.16,0.44,-3.76
0.01,-0.07,0.99,-0.14,-1.69,-0.12,0.3,-3.79
0.0,-0.06,1.0,-0.11,-1.69,-0.08,0.14,-3.49
0.0,-0.05,0.99,-0.04,-1.7,-0.05,0.13,-3.17
0.0,-0.05,0.97,0.01,-1.7,-0.04,0.27,-2.71
0.01,-0.03,0.95,0.06,-1.71,-0.02,0.61,-1.92
0.03,-0.05,0.94,0.12,-1.74,0.01,1.82,-2.95
0.06,-0.08,0.92,0.17,-1.76,0.03,3.74,-4.86
0.08,-0.1,0.92,0.22,-1.78,0.02,4.93,-6.07
0.1,-0.12,0.93,0.26,-1.77,-0.01,6.01,-7.22
0.11,-0.13,0.93,0.31,-1.8,-0.04,6.83,-7.79
0.12,-0.14,0.93,0.37,-1.84,-0.1,7.47,-8.57
0.14,-0.15,0.93,0.41,-1.87,-0.16,8.5,-8.81
0.17,-0.16,0.91,0.38,-1.86,-0.21,10.48,-9.5
0.21,-0.16,0.9,0.36,-1.89,-0.26,12.68,-9.89
0.23,-0.15,0.89,0.28,-1.95,-0.32,14.26,-9.27
0.22,-0.15,0.89,0.17,-1.98,-0.35,13.89,-9.19
0.2,-0.15,0.91,0.02,-1.96,-0.39,12.48,-9.4
0.17,-0.15,0.94,-0.16,-1.92,-0.4,10.26,-8.69
0.13,-0.12,1.0,-0.26,-1.88,-0.37,7.34,-6.86
0.09,-0.09,1.05,-0.34,-1.86,-0.32,5.12,-4.86
0.07,-0.08,1.09,-0.42,-1.84,-0.26,3.68,-3.96
0.04,-0.08,1.1,-0.46,-1.84,-0.19,2.27,-4.01
0.02,-0.09,1.12,-0.46,-1.82,-0.14,0.88,-4.52
-0.01,-0.09,1.14,-0.47,-1.8,-0.09,-0.54,-4.61
-0.02,-0.08,1.16,-0.46,-1.72,-0.06,-1.13,-4.12
-0.04,-0.08,1.16,-0.37,-1.71,-0.02,-1.79,-3.84
-0.03,-0.08,1.16,-0.31,-1.69,0.01,-1.41,-4.15
-0.01,-0.11,1.16,-0.27,-1.78,0.06,-0.7,-5.6
-0.0,-0.15,1.17,-0.16,-1.67,-0.0,-0.01,-7.31
0.01,-0.16,1.17,-0.03,-1.62,-0.05,0.62,-7.94
0.03,-0.16,1.14,0.1,-1.6,-0.12,1.57,-8.05
0.05,-0.15,1.11,0.22,-1.61,-0.18,2.5,-7.68
0.07,-0.12,1.05,0.31,-1.62,-0.26,3.97,-6.69
0.09,-0.11,1.01,0.36,-1.64,-0.33,5.15,-5.98
0.1,-0.09,0.96,0.38,-1.69,-0.38,6.05,-5.34
0.1,-0.09,0.94,0.37,-1.73,-0.43,6.0,-5.56
0.1,-0.06,0.91,0.33,-1.73,-0.47,6.36,-3.99
0.1,-0.04,0.91,0.28,-1.75,-0.48,6.3,-2.78
0.1,-0.04,0.89,0.3,-1.67,-0.6,6.53,-2.5
0.1,-0.04,0.89,0.17,-1.83,-0.44,6.57,-2.47
0.09,-0.05,0.91,0.08,-1.86,-0.4,5.6,-3.05
0.07,-0.06,0.94,-0.02,-1.86,-0.37,4.48,-3.95
0.06,-0.07,0.97,-0.1,-1.86,-0.31,3.8,-3.84
0.05,-0.08,1.01,-0.13,-1.83,-0.28,2.71,-4.41
0.04,-0.07,1.03,-0.16,-1.81,-0.23,2.08,-3.93
0.02,-0.06,1.04,-0.15,-1.81,-0.2,1.11,-3.48
0.03,-0.07,1.06,-0.14,-1.8,-0.16,1.43,-3.84
0.02,-0.07,1.07,-0.12,-1.78,-0.14,0.97,-3.71
0.01,-0.07,1.08,-0.1,-1.77,-0.12,0.74,-3.57
0.02,-0.07,1.08,-0.08,-1.74,-0.12,0.85,-3.53
0.01,-0.07,1.07,-0.02,-1.77,-0.12,0.75,-3.69
0.02,-0.07,1.07,0.01,-1.78,-0.13,0.86,-3.89
0.02,-0.07,1.08,0.07,-1.82,-0.14,0.91,-3.6
0.02,-0.07,1.08,0.08,-1.84,-0.15,1.24,-3.78
0.03,-0.08,1.09,0.08,-1.87,-0.17,1.4,-4.33
0.03,-0.1,1.1,0.1,-1.92,-0.19,1.57,-5.01
0.03,-0.12,1.13,0.09,-1.89,-0.21,1.65,-5.87
0.03,-0.12,1.15,0.08,-1.87,-0.23,1.66,-6.17
0.03,-0.11,1.16,0.06,-1.82,-0.24,1.66,-5.38
0.03,-0.1,1.17,0.04,-1.81,-0.23,1.48,-4.75
0.02,-0.08,1.16,0.01,-1.77,-0.22,1.17,-4.15
0.02,-0.08,1.16,-0.05,-1.72,-0.21,0.97,-3.96
0.01,-0.08,1.16,-0.1,-1.67,-0.17,0.61,-3.97
0.01,-0.06,1.16,-0.15,-1.63,-0.14,0.44,-3.19
0.01,-0.05,1.16,-0.17,-1.58,-0.11,0.27,-2.26
-0.01,-0.04,1.15,-0.2,-1.55,-0.07,-0.49,-1.8
-0.02,-0.02,1.14,-0.2,-1.52,-0.04,-0.98,-1.19
-0.04,-0.02,1.14,-0.19,-1.48,-0.02,-1.8,-0.99
-0.03,-0.02,1.13,-0.17,-1.47,0.01,-1.56,-1.15
-0.04,-0.01,1.12,-0.14,-1.43,0.01,-1.99,-0.64
-0.04,-0.01,1.09,-0.11,-1.43,0.04,-1.96,-0.27
-0.03,-0.0,1.06,-0.05,-1.44,0.04,-1.84,-0.2
-0.03,-0.02,1.05,0.01,-1.46,0.04,-1.61,-1.11
-0.02,-0.02,1.05,0.08,-1.5,0.03,-1.05,-1.26
0.0,-0.04,1.05,0.15,-1.55,0.0,0.0,-1.96
0.01,-0.05,1.05,0.19,-1.62,-0.03,0.59,-2.58
0.02,-0.08,1.04,0.22,-1.65,-0.09,1.13,-4.4
0.04,-0.09,1.05,0.23,-1.69,-0.14,2.43,-4.9
0.05,-0.08,1.06,0.22,-1.71,-0.17,2.84,-4.47
0.05,-0.07,1.07,0.2,-1.75,-0.21,2.67,-3.67
0.05,-0.05,1.09,0.17,-1.76,-0.22,2.47,-2.6
0.04,-0.04,1.09,0.13,-1.74,-0.22,1.96,-2.23
0.03,-0.03,1.1,0.07,-1.7,-0.19,1.48,-1.46
0.02,-0.01,1.11,0.01,-1.67,-0.15,0.78,-0.53
-0.0,0.0,1.12,-0.01,-1.64,-0.1,-0.06,0.15
-0.01,0.0,1.11,-0.05,-1.63,-0.04,-0.59,0.21
-0.01,0.03,1.12,-0.07,-1.57,0.01,-0.39,1.34
-0.02,0.02,1.12,-0.11,-1.52,0.06,-1.06,1.22
-0.01,0.03,1.1,-0.13,-1.5,0.11,-0.74,1.38
-0.02,0.03,1.11,-0.14,-1.47,0.16,-0.84,1.33
-0.02,0.02,1.13,-0.14,-1.43,0.19,-0.81,1.1
-0.01,0.01,1.19,-0.1,-1.43,0.21,-0.52,0.28
-0.0,-0.01,1.21,-0.04,-1.43,0.18,-0.22,-0.24
0.0,-0.01,1.22,0.03,-1.44,0.14,0.14,-0.62
0.01,-0.01,1.19,0.08,-1.43,0.08,0.33,-0.54
0.01,-0.02,1.18,0.15,-1.47,0.02,0.66,-1.2
0.03,-0.02,1.16,0.2,-1.48,-0.05,1.32,-0.74
0.03,-0.02,1.15,0.24,-1.52,-0.1,1.69,-0.89
0.03,-0.0,1.15,0.28,-1.53,-0.15,1.32,-0.25
0.01,0.01,1.14,0.32,-1.57,-0.18,0.68,0.62
0.01,0.02,1.13,0.39,-1.59,-0.22,0.41,1.22
-0.0,0.03,1.11,0.43,-1.63,-0.22,-0.11,1.71
-0.01,0.04,1.1,0.46,-1.61,-0.23,-0.27,2.13
-0.01,0.05,1.08,0.5,-1.63,-0.21,-0.58,2.76
-0.02,0.06,1.08,0.55,-1.65,-0.18,-1.14,3.32
-0.04,0.06,1.07,0.6,-1.68,-0.15,-1.92,3.41
-0.05,0.07,1.08,0.67,-1.7,-0.11,-2.39,3.76
-0.04,0.05,1.09,0.69,-1.71,-0.08,-2.14,2.84
-0.0,0.01,1.12,0.75,-1.69,-0.06,-0.13,0.38
0.04,-0.03,1.11,0.72,-1.74,-0.01,2.13,-1.52
0.07,-0.06,1.08,0.68,-1.63,-0.03,3.91,-2.93
0.1,-0.07,1.07,0.61,-1.58,-0.0,5.35,-3.83
0.12,-0.07,1.07,0.54,-1.56,0.02,6.23,-3.72
0.14,-0.07,1.07,0.44,-1.54,0.05,7.35,-3.6
0.15,-0.06,1.07,0.33,-1.5,0.07,7.93,-3.17
0.15,-0.05,1.08,0.24,-1.51,0.1,7.71,-2.56
0.14,-0.03,1.11,0.16,-1.52,0.11,7.26,-1.78
0.13,-0.02,1.14,0.1,-1.54,0.12,6.52,-1.01
0.11,-0.0,1.18,0.07,-1.54,0.1,5.54,-0.12
0.1,0.02,1.21,0.04,-1.55,0.08,4.6,1.09
0.08,0.03,1.21,0.12,-1.45,-0.08,4.0,1.53
0.07,0.04,1.23,0.08,-1.56,0.02,3.42,1.88
0.06,0.06,1.25,0.09,-1.55,-0.01,2.55,2.61
0.05,0.07,1.27,0.12,-1.56,-0.04,2.08,3.29
0.03,0.1,1.29,0.14,-1.56,-0.06,1.17,4.22
0.02,0.1,1.28,0.12,-1.67,0.03,1.03,4.58
0.02,0.11,1.26,0.21,-1.52,-0.1,1.11,4.81
0.04,0.1,1.24,0.24,-1.46,-0.12,1.72,4.54
0.06,0.09,1.21,0.21,-1.43,-0.12,2.66,4.04
0.06,0.09,1.18,0.18,-1.39,-0.15,3.08,4.2
0.07,0.09,1.17,0.09,-1.37,-0.07,3.49,4.32
0.07,0.09,1.17,0.05,-1.33,-0.05,3.29,4.43
0.05,0.1,1.19,-0.03,-1.31,-0.02,2.62,4.64
0.05,0.1,1.19,-0.06,-1.29,-0.02,2.33,4.82
0.04,0.11,1.21,-0.09,-1.26,-0.03,1.81,5.25
0.03,0.12,1.22,-0.14,-1.24,-0.04,1.61,5.55
0.01,0.12,1.22,-0.16,-1.23,-0.07,0.61,5.68
0.0,0.14,1.24,-0.18,-1.2,-0.09,0.1,6.46
-0.0,0.16,1.25,-0.17,-1.17,-0.11,-0.04,7.45
-0.02,0.17,1.23,-0.16,-1.14,-0.13,-0.98,7.87
-0.03,0.19,1.22,-0.15,-1.11,-0.14,-1.48,8.79
-0.03,0.17,1.2,-0.15,-1.1,-0.15,-1.61,8.31
-0.03,0.19,1.18,-0.15,-1.1,-0.14,-1.67,8.93
-0.05,0.2,1.18,-0.16,-1.07,-0.14,-2.19,9.49
-0.04,0.2,1.17,-0.16,-1.05,-0.11,-2.08,9.54
-0.05,0.19,1.16,-0.17,-1.05,-0.1,-2.62,9.5
-0.07,0.2,1.18,-0.17,-1.02,-0.08,-3.29,9.76
-0.07,0.2,1.19,-0.18,-1.0,-0.08,-3.48,9.7
-0.09,0.21,1.19,-0.18,-0.98,-0.07,-4.46,9.97
-0.1,0.22,1.2,-0.16,-0.95,-0.07,-4.87,10.35
-0.12,0.23,1.21,-0.15,-0.9,-0.07,-5.69,10.76
-0.14,0.24,1.21,-0.14,-0.85,-0.07,-6.32,11.3
-0.15,0.26,1.21,-0.12,-0.82,-0.05,-6.83,11.92
-0.15,0.26,1.22,-0.08,-0.78,-0.05,-6.71,12.03
-0.14,0.27,1.22,-0.04,-0.73,-0.06,-6.58,12.53
-0.13,0.27,1.22,-0.03,-0.69,-0.06,-6.11,12.57
-0.12,0.27,1.21,0.02,-0.65,-0.08,-5.58,12.47
-0.1,0.25,1.19,-0.0,-0.62,-0.08,-4.65,11.86
-0.08,0.24,1.19,-0.01,-0.59,-0.08,-3.78,11.5
-0.06,0.23,1.18,-0.05,-0.54,-0.11,-2.8,11.12
-0.05,0.22,1.17,-0.1,-0.49,-0.11,-2.26,10.61
-0.05,0.22,1.17,-0.15,-0.47,-0.11,-2.2,10.47
-0.05,0.23,1.18,-0.2,-0.43,-0.12,-2.29,10.86
-0.06,0.24,1.18,-0.27,-0.39,-0.12,-2.86,11.29
-0.06,0.25,1.17,-0.34,-0.36,-0.11,-3.0,11.99
-0.09,0.27,1.17,-0.36,-0.34,-0.11,-4.05,12.91
-0.1,0.29,1.18,-0.39,-0.32,-0.1,-4.87,13.79
-0.12,0.31,1.18,-0.36,-0.31,-0.09,-5.57,14.56
-0.13,0.31,1.17,-0.36,-0.3,-0.09,-6.07,14.66
-0.14,0.31,1.17,-0.33,-0.3,-0.08,-6.54,14.69
-0.15,0.3,1.17,-0.3,-0.29,-0.08,-7.0,14.53
-0.15,0.3,1.17,-0.28,-0.24,-0.07,-7.03,14.33
-0.15,0.3,1.18,-0.27,-0.2,-0.06,-7.07,14.07
-0.16,0.29,1.18,-0.23,-0.16,-0.05,-7.36,13.8
-0.15,0.29,1.18,-0.21,-0.09,-0.03,-7.21,13.77
-0.15,0.3,1.18,-0.18,-0.03,-0.0,-7.14,14.1
-0.15,0.31,1.18,-0.14,0.03,0.03,-7.2,14.52
-0.15,0.3,1.18,-0.11,0.1,0.04,-7.02,14.17
-0.15,0.29,1.18,-0.07,0.14,0.07,-6.93,13.47
-0.14,0.27,1.19,-0.02,0.19,0.08,-6.4,12.79
-0.12,0.26,1.2,0.01,0.25,0.08,-5.56,12.39
-0.11,0.26,1.19,0.06,0.27,0.08,-5.22,12.29
-0.1,0.25,1.18,0.12,0.28,0.08,-4.57,11.84
-0.08,0.23,1.16,0.16,0.31,0.05,-3.86,11.14
-0.06,0.21,1.13,0.18,0.32,0.04,-3.08,10.33
-0.06,0.2,1.12,0.18,0.33,0.05,-3.05,9.89
-0.06,0.19,1.11,0.19,0.33,0.05,-2.88,9.49
-0.06,0.18,1.11,0.21,0.31,0.04,-3.21,9.15
-0.07,0.18,1.1,0.21,0.34,0.05,-3.54,9.3
-0.08,0.17,1.11,0.21,0.34,0.06,-3.94,8.6
-0.09,0.15,1.12,0.24,0.34,0.06,-4.62,7.42
-0.1,0.15,1.13,0.25,0.38,0.05,-4.81,7.34
-0.1,0.14,1.12,0.25,0.43,0.05,-5.27,6.9
-0.09,0.14,1.11,0.26,0.47,0.06,-4.71,7.03
-0.09,0.13,1.09,0.29,0.48,0.06,-4.93,6.6
-0.09,0.12,1.11,0.3,0.5,0.09,-4.59,6.34
-0.08,0.13,1.12,0.3,0.52,0.1,-3.99,6.5
-0.07,0.12,1.14,0.31,0.55,0.12,-3.28,6.05
-0.06,0.11,1.14,0.34,0.55,0.13,-2.91,5.4
-0.04,0.09,1.14,0.35,0.57,0.12,-2.15,4.56
-0.02,0.08,1.13,0.35,0.61,0.11,-1.12,3.85
-0.0,0.06,1.11,0.34,0.64,0.11,-0.22,3.32
0.02,0.06,1.09,0.33,0.63,0.11,1.01,3.0
0.04,0.04,1.07,0.32,0.63,0.12,2.03,1.93
0.05,0.03,1.07,0.26,0.65,0.12,2.94,1.68
0.06,0.03,1.07,0.23,0.65,0.12,3.06,1.42
0.07,0.01,1.06,0.2,0.64,0.12,3.92,0.61
0.08,0.01,1.05,0.17,0.61,0.11,4.44,0.43
0.09,0.0,1.04,0.13,0.62,0.11,4.81,0.04
0.09,-0.0,1.04,0.08,0.61,0.1,4.97,-0.12
0.09,-0.0,1.04,0.06,0.58,0.1,5.15,-0.27
0.09,-0.01,1.04,-0.01,0.54,0.12,4.96,-0.63
0.09,-0.02,1.03,-0.03,0.56,0.1,5.17,-1.02
0.08,-0.02,1.03,-0.06,0.57,0.09,4.53,-0.85
0.08,-0.02,1.05,-0.01,0.7,-0.03,4.38,-1.07
0.07,-0.02,1.06,-0.07,0.55,0.1,3.91,-1.06
0.07,-0.02,1.08,-0.08,0.55,0.1,3.67,-0.87
0.07,-0.02,1.07,-0.12,0.58,0.1,3.56,-1.16
0.06,-0.02,1.06,-0.1,0.57,0.12,3.39,-0.92
0.06,-0.02,1.04,-0.09,0.57,0.12,3.18,-1.14
0.06,-0.02,1.02,-0.11,0.58,0.14,3.1,-0.85
0.05,-0.02,1.03,-0.08,0.56,0.15,2.55,-0.92
0.05,-0.03,1.05,-0.08,0.57,0.17,2.64,-1.62
0.05,-0.03,1.05,-0.04,0.56,0.16,2.52,-1.54
0.05,-0.03,1.04,-0.03,0.56,0.16,2.87,-1.71
0.06,-0.03,1.02,-0.03,0.56,0.17,3.22,-1.67
0.06,-0.03,1.02,-0.0,0.56,0.18,3.44,-1.45
0.06,-0.02,1.01,0.04,0.53,0.18,3.64,-1.32
0.07,-0.03,1.03,0.07,0.51,0.17,4.16,-1.41
0.09,-0.03,1.04,0.12,0.49,0.17,4.98,-1.67
0.11,-0.04,1.04,0.15,0.47,0.15,5.8,-2.08
0.12,-0.05,1.04,0.2,0.45,0.11,6.45,-2.91
0.14,-0.08,1.04,0.22,0.41,0.09,7.56,-4.12
0.15,-0.09,1.01,0.21,0.41,0.06,8.28,-4.76
0.15,-0.09,0.98,0.21,0.35,0.05,8.9,-5.41
0.16,-0.1,0.97,0.18,0.33,0.02,9.41,-5.59
0.16,-0.09,0.95,0.17,0.28,0.01,9.35,-5.61
0.15,-0.1,0.94,0.12,0.26,0.01,9.32,-5.83
0.15,-0.1,0.94,0.09,0.21,0.02,9.1,-6.21
0.15,-0.1,0.96,0.09,0.18,0.02,8.98,-6.14
0.14,-0.11,0.96,0.05,0.16,0.02,8.49,-6.24
0.13,-0.1,0.95,0.0,0.16,0.01,7.83,-5.74
0.11,-0.08,0.94,-0.02,0.14,0.04,6.41,-5.04
0.1,-0.06,0.93,-0.02,0.11,0.05,6.06,-3.35
0.08,-0.04,0.94,-0.01,0.09,0.07,4.64,-2.13
0.07,-0.04,0.95,0.0,0.07,0.08,4.36,-2.22
0.08,-0.04,0.95,0.03,0.04,0.09,4.56,-2.66
0.07,-0.04,0.97,0.06,-0.02,0.11,4.3,-2.63
0.08,-0.05,0.99,0.1,-0.05,0.1,4.67,-3.06
0.09,-0.07,1.0,0.1,-0.05,0.08,5.01,-3.72
0.09,-0.07,1.01,0.1,-0.08,0.08,5.29,-4.2
0.11,-0.1,1.03,0.13,-0.1,0.04,6.23,-5.36
0.11,-0.09,1.04,0.15,-0.12,0.01,6.14,-5.04
0.12,-0.08,1.04,0.13,-0.11,-0.03,6.51,-4.52
0.12,-0.09,1.04,0.11,-0.12,-0.05,6.56,-4.67
0.12,-0.08,1.02,0.09,-0.12,-0.06,6.7,-4.57
0.12,-0.08,1.0,0.07,-0.13,-0.06,6.72,-4.34
0.11,-0.07,0.99,0.05,-0.14,-0.07,6.47,-4.25
0.1,-0.06,0.98,0.01,-0.14,-0.05,5.96,-3.69
0.1,-0.05,0.98,-0.01,-0.16,-0.04,5.55,-3.1
0.09,-0.05,0.99,-0.04,-0.18,-0.03,5.08,-2.65
0.08,-0.05,1.01,-0.04,-0.18,-0.02,4.63,-2.9
0.07,-0.05,1.02,-0.06,-0.16,-0.0,4.17,-2.75
0.07,-0.05,1.02,-0.08,-0.16,-0.01,4.04,-2.85
0.06,-0.04,1.02,-0.06,-0.09,-0.09,3.43,-2.16
0.05,-0.03,1.01,-0.1,-0.18,0.01,2.97,-1.75
0.04,-0.02,1.01,-0.1,-0.18,0.01,2.53,-1.1
0.04,-0.03,1.0,-0.09,-0.2,0.02,2.22,-1.46
0.03,-0.02,1.0,-0.08,-0.22,0.02,1.76,-1.05
0.02,-0.02,1.01,-0.08,-0.24,0.02,1.17,-1.1
0.02,-0.01,1.02,-0.07,-0.24,0.03,0.93,-0.29
0.0,-0.0,1.03,-0.03,-0.26,0.04,0.12,-0.25
0.0,0.0,1.04,0.0,-0.29,0.04,0.06,0.03
-0.0,0.01,1.06,0.03,-0.29,0.01,-0.01,0.6
0.0,0.02,1.06,0.06,-0.28,0.01,0.07,0.83
0.01,0.01,1.05,0.11,-0.3,0.0,0.46,0.71
0.01,0.02,1.04,0.14,-0.31,-0.01,0.75,0.98
0.02,0.01,1.04,0.16,-0.33,-0.0,1.2,0.58
0.03,0.0,1.03,0.17,-0.33,-0.01,1.83,0.23
0.04,0.0,1.03,0.15,-0.33,-0.0,2.43,0.1
0.05,-0.01,1.03,0.15,-0.35,0.01,2.82,-0.29
0.06,-0.01,1.03,0.14,-0.34,0.01,3.28,-0.6
0.06,-0.01,1.03,0.1,-0.34,0.01,3.57,-0.48
0.06,-0.01,1.04,0.05,-0.31,0.02,3.49,-0.46
0.06,-0.01,1.03,0.03,-0.32,0.04,3.11,-0.54
0.05,0.01,1.06,0.01,-0.32,0.04,2.78,0.4
0.04,0.01,1.08,0.01,-0.32,0.02,1.89,0.54
0.02,0.02,1.09,0.01,-0.3,0.02,1.3,1.09
0.01,0.03,1.12,0.03,-0.31,-0.0,0.6,1.7
0.0,0.03,1.13,0.06,-0.32,-0.05,0.23,1.62
-0.01,0.05,1.11,0.1,-0.31,-0.09,-0.29,2.8
-0.02,0.06,1.08,0.11,-0.3,-0.12,-0.93,3.02
-0.01,0.07,1.05,0.15,-0.31,-0.12,-0.59,3.65
-0.01,0.07,1.03,0.17,-0.34,-0.12,-0.31,3.96
-0.0,0.07,1.02,0.2,-0.34,-0.11,-0.19,3.96
-0.01,0.08,1.02,0.19,-0.35,-0.08,-0.3,4.29
0.01,0.06,1.01,0.18,-0.36,-0.05,0.78,3.59
0.01,0.06,1.01,0.17,-0.35,-0.02,0.81,3.63
0.01,0.06,1.02,0.15,-0.36,0.01,0.75,3.62
0.02,0.05,1.02,0.13,-0.35,0.02,0.99,2.73
0.02,0.07,1.02,0.12,-0.36,0.05,0.94,4.14
0.01,0.06,1.03,0.11,-0.35,0.06,0.71,3.51
0.02,0.06,1.04,0.09,-0.34,0.06,1.3,3.5
0.03,0.08,1.06,0.06,-0.33,0.08,1.6,4.07
0.03,0.08,1.08,0.03,-0.33,0.1,1.67,4.31
0.04,0.09,1.1,0.05,-0.33,0.11,1.99,4.91
0.04,0.1,1.11,0.05,-0.33,0.1,1.93,4.88
0.04,0.09,1.13,0.06,-0.31,0.07,1.83,4.43
0.04,0.09,1.13,0.05,-0.3,0.05,2.08,4.37
0.05,0.08,1.13,0.06,-0.31,0.02,2.53,4.11
0.05,0.09,1.13,0.03,-0.28,-0.0,2.72,4.53
0.05,0.1,1.12,0.03,-0.26,-0.03,2.53,4.96
0.05,0.1,1.1,-0.02,-0.25,-0.03,2.61,5.35
0.04,0.11,1.09,-0.01,-0.25,-0.02,2.11,5.51
0.03,0.11,1.09,-0.03,-0.26,-0.01,1.76,5.96
0.03,0.12,1.09,-0.03,-0.25,-0.01,1.36,6.46
0.02,0.14,1.1,-0.05,-0.26,0.0,0.91,7.09
0.01,0.15,1.11,-0.05,-0.25,0.01,0.73,7.5
0.01,0.16,1.12,-0.03,-0.25,0.0,0.39,7.9
0.01,0.16,1.13,-0.04,-0.24,-0.0,0.28,7.95
0.0,0.16,1.14,-0.05,-0.23,0.0,0.09,8.08
0.0,0.16,1.15,-0.05,-0.23,0.0,0.08,7.94
-0.0,0.17,1.16,-0.05,-0.22,0.01,-0.21,8.33
-0.01,0.18,1.16,-0.07,-0.19,0.01,-0.47,8.61
-0.01,0.18,1.17,-0.08,-0.18,0.01,-0.65,8.82
-0.01,0.2,1.19,-0.1,-0.17,0.01,-0.51,9.36
-0.02,0.2,1.2,-0.12,-0.14,0.01,-0.79,9.43
-0.03,0.2,1.21,-0.13,-0.12,0.01,-1.5,9.24
-0.03,0.2,1.22,-0.14,-0.06,0.02,-1.55,9.26
-0.04,0.22,1.21,-0.17,-0.02,0.01,-1.73,10.31
-0.04,0.23,1.21,-0.17,0.02,0.02,-1.88,10.8
-0.05,0.24,1.21,-0.2,0.07,0.02,-2.33,11.34
-0.05,0.25,1.22,-0.21,0.11,0.04,-2.32,11.63
-0.06,0.26,1.22,-0.21,0.14,0.05,-2.55,12.2
-0.07,0.27,1.22,-0.19,0.15,0.05,-3.16,12.57
-0.07,0.27,1.25,-0.21,0.16,0.05,-3.05,12.32
-0.07,0.28,1.26,-0.18,0.16,0.02,-3.22,12.57
-0.08,0.29,1.27,-0.17,0.18,0.01,-3.45,12.69
-0.09,0.3,1.27,-0.14,0.19,-0.03,-3.92,13.43
-0.1,0.31,1.27,-0.11,0.21,-0.06,-4.18,13.62
-0.11,0.32,1.27,-0.1,0.21,-0.08,-4.77,14.13
-0.11,0.33,1.27,-0.07,0.18,-0.1,-4.66,14.46
-0.13,0.34,1.27,-0.03,0.16,-0.12,-5.59,14.94
-0.13,0.37,1.28,-0.02,0.15,-0.13,-5.56,15.91
-0.14,0.36,1.28,0.02,0.12,-0.14,-5.85,15.83
-0.14,0.39,1.3,0.06,0.1,-0.15,-6.03,16.64
-0.14,0.39,1.34,0.1,0.1,-0.16,-5.72,16.15
-0.14,0.4,1.38,0.16,0.07,-0.18,-5.7,16.2
-0.14,0.39,1.47,0.19,0.1,-0.22,-5.19,14.97
-0.13,0.37,1.54,0.25,0.14,-0.27,-4.84,13.51
-0.13,0.37,1.58,0.31,0.24,-0.36,-4.67,13.03
-0.11,0.36,1.64,0.32,0.37,-0.38,-3.87,12.32
-0.1,0.34,1.69,0.31,0.61,-0.44,-3.27,11.45
-0.08,0.33,1.72,0.28,0.85,-0.47,-2.65,10.84
-0.05,0.32,1.72,0.25,1.26,-0.62,-1.77,10.5
-0.03,0.31,1.69,0.1,1.38,-0.48,-0.99,10.36
-0.01,0.3,1.64,-0.02,1.64,-0.45,-0.32,10.41
0.01,0.3,1.56,-0.18,1.88,-0.38,0.31,10.84
0.02,0.28,1.5,-0.29,2.16,-0.37,0.93,10.69
0.04,0.26,1.45,-0.45,2.18,-0.2,1.38,10.14
0.04,0.25,1.43,-0.59,2.31,-0.13,1.52,9.77
0.03,0.23,1.43,-0.67,2.37,-0.07,1.19,9.2
0.01,0.22,1.43,-0.74,2.4,-0.02,0.51,8.57
-0.01,0.21,1.44,-0.78,2.44,-0.02,-0.52,8.15
-0.03,0.19,1.47,-0.8,2.49,-0.03,-1.13,7.36
-0.05,0.18,1.5,-0.75,2.5,-0.06,-2.0,6.81
-0.07,0.17,1.52,-0.69,2.5,-0.11,-2.52,6.3
-0.08,0.16,1.55,-0.6,2.51,-0.15,-2.79,5.77
-0.08,0.14,1.57,-0.51,2.55,-0.21,-2.84,5.07
-0.08,0.13,1.58,-0.4,2.55,-0.26,-2.85,4.63
-0.07,0.1,1.59,-0.28,2.56,-0.32,-2.65,3.51
-0.06,0.07,1.59,-0.2,2.6,-0.39,-2.02,2.5
-0.03,0.03,1.58,-0.16,2.66,-0.45,-0.97,1.05
-0.0,-0.01,1.57,-0.13,2.7,-0.49,-0.01,-0.25
0.03,-0.05,1.58,-0.09,2.98,-0.66,0.97,-1.76
0.05,-0.08,1.58,-0.22,2.89,-0.5,1.88,-2.93
0.06,-0.11,1.58,-0.29,3.02,-0.48,2.23,-4.07
0.07,-0.14,1.62,-0.39,3.16,-0.45,2.37,-4.81
0.07,-0.13,1.63,-0.48,3.27,-0.41,2.55,-4.48
0.08,-0.15,1.63,-0.56,3.4,-0.36,2.89,-5.35
0.09,-0.18,1.62,-0.65,3.54,-0.29,3.08,-6.35
0.09,-0.2,1.59,-0.76,3.69,-0.21,3.27,-7.15
0.07,-0.22,1.57,-0.83,3.76,-0.13,2.64,-8.03
0.04,-0.23,1.55,-0.92,3.85,-0.06,1.57,-8.58
-0.01,-0.23,1.52,-0.98,3.96,-0.01,-0.44,-8.7
-0.04,-0.23,1.49,-1.02,4.04,0.04,-1.7,-8.84
-0.09,-0.22,1.46,-1.02,4.07,0.07,-3.32,-8.48
-0.13,-0.21,1.42,-0.98,4.07,0.13,-5.3,-8.41
-0.16,-0.2,1.4,-0.96,4.1,0.18,-6.58,-8.28
-0.19,-0.21,1.38,-0.9,4.1,0.25,-7.57,-8.5
-0.2,-0.23,1.38,-0.78,4.05,0.32,-8.0,-9.3
-0.2,-0.26,1.39,-0.7,4.05,0.38,-8.04,-10.45
-0.2,-0.3,1.4,-0.6,4.06,0.43,-7.82,-12.11
-0.19,-0.34,1.42,-0.49,4.07,0.47,-7.26,-13.51
-0.16,-0.39,1.42,-0.33,4.05,0.48,-6.13,-15.25
-0.15,-0.43,1.41,-0.23,4.07,0.51,-5.74,-16.99
-0.1,-0.47,1.39,-0.11,4.07,0.49,-3.92,-18.48
-0.06,-0.49,1.36,-0.03,4.1,0.48,-2.36,-19.82
-0.04,-0.5,1.32,0.05,4.11,0.47,-1.56,-20.83
-0.02,-0.5,1.25,0.09,4.11,0.46,-0.77,-21.89
-0.0,-0.49,1.19,0.08,4.15,0.46,-0.15,-22.19
0.01,-0.49,1.16,0.08,4.16,0.45,0.64,-22.82
0.04,-0.5,1.15,0.06,4.16,0.47,1.79,-23.49
0.07,-0.5,1.15,0.07,4.14,0.51,3.19,-23.69
0.08,-0.52,1.14,0.04,4.15,0.55,3.82,-24.37
0.1,-0.53,1.14,0.01,4.18,0.6,4.71,-24.94
0.13,-0.55,1.12,0.02,4.15,0.61,6.07,-26.09
0.15,-0.57,1.1,0.01,4.17,0.62,6.98,-27.13
0.17,-0.61,1.09,0.01,4.17,0.6,7.87,-28.71
0.19,-0.63,1.09,0.01,4.17,0.56,8.7,-29.71
0.2,-0.62,1.07,0.04,4.17,0.52,9.24,-29.78
0.21,-0.61,1.01,0.06,4.15,0.48,9.93,-30.55
0.21,-0.58,0.96,0.08,4.14,0.44,10.46,-30.76
0.22,-0.56,0.92,0.08,4.13,0.42,11.52,-30.78
0.23,-0.54,0.9,0.08,4.06,0.42,12.46,-30.14
0.22,-0.52,0.85,0.06,4.03,0.4,12.61,-30.67
0.21,-0.51,0.84,0.03,3.99,0.41,12.14,-30.83
0.22,-0.52,0.83,0.01,3.95,0.39,12.41,-31.0
0.21,-0.51,0.83,-0.03,3.92,0.39,12.34,-30.52
0.22,-0.54,0.84,-0.03,3.87,0.39,12.4,-31.64
0.23,-0.56,0.83,-0.04,3.85,0.38,13.01,-33.11
0.24,-0.58,0.82,-0.05,3.87,0.36,13.21,-34.07
0.22,-0.56,0.81,-0.07,3.9,0.35,12.54,-33.98
0.2,-0.53,0.78,-0.05,3.91,0.33,11.89,-33.58
0.17,-0.49,0.75,-0.04,3.92,0.32,10.91,-32.51
0.15,-0.43,0.73,-0.04,3.97,0.34,9.74,-30.26
0.12,-0.38,0.71,0.0,3.97,0.38,8.55,-27.8
0.1,-0.33,0.68,0.04,3.93,0.45,7.4,-25.78
0.1,-0.31,0.66,0.11,3.87,0.52,7.52,-25.1
0.09,-0.33,0.63,0.17,3.85,0.57,7.21,-26.97
0.09,-0.33,0.62,0.26,3.82,0.6,7.36,-28.18
0.11,-0.34,0.6,0.4,3.76,0.6,8.72,-29.24
0.12,-0.34,0.56,0.54,3.68,0.59,10.16,-30.31
0.13,-0.34,0.54,0.69,3.6,0.54,11.17,-31.66
0.12,-0.33,0.49,0.83,3.53,0.47,11.96,-33.43
0.12,-0.32,0.48,0.99,3.47,0.4,11.27,-32.4
0.12,-0.3,0.47,1.17,3.37,0.33,11.94,-31.55
0.12,-0.28,0.47,1.36,3.23,0.24,12.64,-29.68
0.12,-0.24,0.45,1.53,3.1,0.16,13.62,-27.36
0.13,-0.19,0.42,1.68,2.97,0.08,15.96,-23.44
0.13,-0.11,0.37,1.75,2.86,0.01,19.11,-16.19
0.15,-0.04,0.33,1.79,2.77,-0.04,24.46,-5.91
0.19,0.04,0.29,1.75,2.68,-0.06,33.54,6.15
0.25,0.12,0.26,1.66,2.57,-0.06,41.15,17.86
0.29,0.2,0.22,1.49,2.45,-0.04,43.48,29.02
0.3,0.24,0.21,1.29,2.42,-0.02,42.74,33.39
0.31,0.26,0.22,1.06,2.37,0.02,42.73,33.84
0.31,0.27,0.26,0.81,2.36,0.05,39.74,33.84
0.34,0.27,0.29,0.6,2.28,0.12,40.5,31.42
0.36,0.29,0.31,0.37,2.21,0.18,40.48,30.81
0.35,0.26,0.31,0.12,2.18,0.23,40.47,28.66
0.31,0.23,0.34,-0.09,2.18,0.28,37.08,26.43
0.3,0.17,0.41,-0.24,2.15,0.29,34.23,18.78
0.29,0.14,0.44,-0.37,2.12,0.3,32.38,14.62
0.26,0.09,0.47,-0.46,2.13,0.3,28.71,9.54
0.23,0.06,0.51,-0.48,2.15,0.3,23.97,5.87
0.21,0.03,0.57,-0.47,2.17,0.28,19.71,2.98
0.17,0.03,0.6,-0.39,2.14,0.27,15.95,2.89
0.15,0.05,0.64,-0.29,2.13,0.26,12.9,4.61
0.14,0.08,0.65,-0.18,2.05,0.26,12.15,7.1
0.12,0.09,0.63,-0.04,1.94,0.25,10.97,7.87
0.1,0.09,0.63,0.09,1.85,0.2,8.94,7.75
0.09,0.07,0.65,0.2,1.79,0.15,8.23,6.14
0.09,0.07,0.65,0.34,1.68,0.09,7.92,5.92
0.07,0.07,0.65,0.51,1.58,0.04,6.31,6.24
0.05,0.06,0.65,0.64,1.51,-0.0,4.77,5.55
0.06,0.08,0.65,0.79,1.44,-0.05,5.03,7.2
0.06,0.12,0.64,0.9,1.37,-0.11,5.58,10.94
0.07,0.19,0.61,0.99,1.3,-0.13,6.65,16.73
0.08,0.25,0.58,1.02,1.27,-0.19,7.33,22.9
0.09,0.3,0.57,0.98,1.24,-0.2,8.2,27.32
0.11,0.34,0.57,0.91,1.23,-0.2,9.09,29.94
0.11,0.38,0.58,0.86,1.18,-0.18,9.12,32.75
0.12,0.44,0.59,0.75,1.16,-0.17,9.51,36.16
0.12,0.48,0.59,0.61,1.12,-0.13,9.08,38.82
0.12,0.51,0.6,0.44,1.08,-0.1,8.94,40.12
0.12,0.54,0.62,0.26,1.03,-0.05,8.2,40.3
0.11,0.53,0.63,0.07,1.02,-0.03,7.39,39.52
0.1,0.52,0.65,-0.12,0.92,0.07,6.57,38.36
0.07,0.49,0.66,-0.3,0.91,0.12,5.2,36.64
0.06,0.45,0.68,-0.36,1.03,0.04,3.88,33.33
0.03,0.41,0.71,-0.5,0.83,0.22,2.21,29.96
0.01,0.37,0.74,-0.59,0.81,0.26,0.7,26.33
-0.01,0.32,0.78,-0.59,0.75,0.3,-0.57,22.52
-0.02,0.28,0.8,-0.56,0.66,0.32,-1.38,19.08
-0.03,0.24,0.81,-0.53,0.6,0.34,-1.84,16.23
-0.03,0.19,0.82,-0.46,0.54,0.31,-2.33,13.17
-0.02,0.16,0.83,-0.37,0.47,0.29,-1.65,11.04
-0.01,0.15,0.83,-0.28,0.4,0.26,-0.72,9.99
-0.01,0.12,0.82,-0.18,0.34,0.22,-0.41,8.47
0.01,0.13,0.84,-0.09,0.3,0.17,0.43,8.91
0.01,0.15,0.84,-0.03,0.25,0.14,0.6,9.95
0.01,0.16,0.85,0.03,0.21,0.11,0.51,10.69
0.01,0.17,0.85,0.08,0.15,0.1,0.71,11.39
0.01,0.19,0.86,0.12,0.1,0.1,0.96,12.24
0.01,0.18,0.86,0.13,0.08,0.11,0.41,11.86
0.01,0.17,0.86,0.15,0.03,0.1,0.84,11.52
0.03,0.18,0.86,0.14,0.0,0.09,1.72,12.05
0.04,0.19,0.84,0.1,-0.01,0.09,2.45,12.92
0.05,0.2,0.84,0.04,0.01,0.1,3.6,13.23
0.07,0.21,0.84,-0.05,0.02,0.12,4.44,13.97
0.08,0.21,0.86,-0.13,0.02,0.15,5.16,13.49
0.09,0.19,0.87,-0.23,0.02,0.19,5.45,12.56
0.09,0.16,0.88,-0.33,0.04,0.22,5.42,10.22
0.08,0.12,0.89,-0.38,0.04,0.25,5.16,7.49
0.09,0.08,0.9,-0.41,0.04,0.25,5.37,5.09
0.08,0.06,0.92,-0.44,0.05,0.24,4.65,3.74
0.07,0.04,0.94,-0.42,0.03,0.23,4.39,2.19
0.07,0.01,0.96,-0.42,0.01,0.21,4.04,0.59
0.07,-0.02,0.94,-0.37,-0.03,0.19,4.5,-1.5
0.07,-0.06,0.94,-0.31,-0.05,0.15,4.25,-3.5
0.07,-0.08,0.95,-0.27,-0.02,0.1,4.24,-4.51
0.07,-0.08,0.95,-0.2,-0.03,0.08,4.48,-4.55
0.09,-0.09,0.95,-0.13,-0.05,0.03,5.43,-5.48
0.09,-0.08,0.96,-0.04,-0.04,-0.01,5.4,-4.63
0.09,-0.05,0.96,0.01,-0.02,-0.04,5.05,-3.0
0.08,-0.01,0.97,0.05,-0.02,-0.05,4.72,-0.49
0.08,0.03,0.96,0.07,-0.03,-0.03,4.68,1.79
0.09,0.04,0.96,0.08,-0.06,-0.03,5.27,2.49
0.09,0.04,0.96,0.09,-0.07,-0.02,5.57,2.59
0.11,0.05,0.94,0.07,-0.06,-0.02,6.59,3.1
0.12,0.06,0.92,0.04,-0.07,-0.02,7.75,3.41
0.13,0.05,0.91,0.02,-0.06,-0.04,8.39,3.33
0.14,0.06,0.9,-0.05,-0.03,-0.04,8.69,4.05
0.14,0.07,0.91,-0.15,0.01,-0.03,8.43,4.59
0.12,0.07,0.91,-0.22,0.02,-0.02,7.64,4.57
0.1,0.07,0.92,-0.31,0.05,-0.01,5.97,4.29
0.07,0.07,0.94,-0.36,0.07,0.0,4.55,3.96
0.04,0.06,0.95,-0.41,0.07,0.03,2.56,3.31
0.02,0.04,0.96,-0.44,0.08,0.03,1.47,2.23
0.02,0.01,0.98,-0.42,0.05,0.02,1.03,0.71
0.02,-0.01,0.99,-0.41,0.02,0.02,1.31,-0.38
0.02,-0.04,0.99,-0.41,0.02,0.02,1.36,-2.1
0.02,-0.06,0.99,-0.34,-0.01,0.02,0.94,-3.65
0.01,-0.08,0.99,-0.28,-0.03,0.02,0.82,-4.88
0.02,-0.08,0.99,-0.23,-0.04,0.0,1.09,-4.81
0.02,-0.09,0.99,-0.16,-0.05,0.01,1.06,-5.29
0.03,-0.1,1.0,-0.1,-0.04,-0.0,1.48,-5.89
0.02,-0.1,0.99,-0.02,-0.06,-0.02,1.42,-5.62
0.03,-0.09,0.97,0.03,-0.05,-0.03,1.63,-5.1
0.02,-0.07,0.96,0.05,-0.01,-0.03,1.2,-4.4
0.03,-0.04,0.96,0.1,-0.02,-0.02,1.68,-2.65
0.03,-0.01,0.97,0.13,-0.02,-0.01,1.53,-0.49
0.03,0.01,0.95,0.15,-0.04,-0.0,1.73,0.72
0.05,0.0,0.93,0.14,-0.04,0.0,3.25,0.3
0.06,0.01,0.92,0.14,-0.03,0.01,3.77,0.69
0.08,0.02,0.91,0.12,-0.03,0.01,5.07,1.11
0.09,0.04,0.9,0.08,-0.02,-0.0,5.51,2.38
0.09,0.06,0.92,0.02,0.01,0.0,5.57,3.48
0.08,0.05,0.92,-0.03,0.01,0.03,5.1,3.24
0.08,0.05,0.93,-0.09,0.0,0.03,5.21,2.84
0.08,0.04,0.94,-0.14,0.0,0.04,4.84,2.39
0.08,0.03,0.93,-0.21,0.02,0.05,4.87,1.96
0.06,0.0,0.93,-0.27,0.02,0.06,3.88,0.17
0.08,-0.02,0.95,-0.26,0.02,0.04,4.64,-1.23
0.07,-0.02,0.96,-0.26,0.02,0.06,4.4,-1.34
0.07,-0.04,0.97,-0.27,0.02,0.06,4.08,-2.39
0.07,-0.03,0.96,-0.26,0.02,0.04,3.99,-1.55
0.07,-0.04,0.96,-0.24,0.01,0.04,3.88,-2.23
0.06,-0.04,0.97,-0.22,0.01,0.02,3.36,-2.65
0.05,-0.05,0.99,-0.19,0.01,0.0,2.64,-2.62
0.05,-0.05,0.99,-0.17,-0.01,-0.01,2.87,-2.74
0.04,-0.05,0.99,-0.13,-0.05,-0.01,2.28,-2.95
0.05,-0.07,0.97,-0.09,-0.05,-0.03,2.7,-4.04
0.05,-0.08,0.97,-0.07,-0.02,-0.03,2.92,-4.66
0.05,-0.07,0.98,-0.03,-0.01,-0.03,3.06,-4.09
0.04,-0.06,0.99,0.01,0.02,-0.03,2.59,-3.4
0.05,-0.04,0.99,0.04,0.02,-0.04,3.09,-2.41
0.07,-0.04,0.96,0.06,0.02,-0.04,3.98,-2.12
0.07,-0.03,0.95,0.06,0.05,-0.04,4.42,-2.03
0.08,-0.01,0.94,0.08,0.05,-0.05,4.96,-0.54
0.08,0.02,0.94,0.07,0.05,-0.08,4.85,1.04
0.07,0.05,0.94,0.05,0.06,-0.08,4.28,2.86
0.07,0.06,0.95,0.01,0.05,-0.08,3.94,3.71
0.06,0.06,0.93,-0.03,0.02,-0.06,3.8,3.92
0.06,0.06,0.94,-0.07,0.02,-0.05,3.55,3.53
0.06,0.06,0.94,-0.11,0.02,-0.05,3.46,3.55
0.05,0.04,0.95,-0.16,0.05,-0.02,2.76,2.6
0.04,0.03,0.94,-0.2,0.06,-0.0,2.54,1.54
0.03,-0.0,0.95,-0.22,0.06,0.01,2.06,-0.03
0.03,-0.02,0.97,-0.24,0.08,0.02,1.96,-1.17
0.03,-0.03,0.99,-0.24,0.09,0.04,1.73,-1.64
0.02,-0.03,0.98,-0.22,0.09,0.06,1.35,-1.77
0.02,-0.03,0.96,-0.2,0.07,0.06,1.47,-1.7
0.02,-0.03,0.97,-0.18,0.08,0.06,1.07,-1.89
0.01,-0.04,0.98,-0.16,0.08,0.06,0.62,-2.35
0.01,-0.04,0.99,-0.12,0.08,0.07,0.86,-2.58
0.01,-0.04,0.98,-0.1,0.07,0.08,0.4,-2.11
0.01,-0.01,0.97,-0.07,0.07,0.09,0.62,-0.67
0.01,-0.0,0.97,-0.06,0.08,0.09,0.57,-0.24
0.02,0.0,0.97,-0.03,0.08,0.09,1.1,0.07
0.02,0.03,0.96,-0.02,0.07,0.11,1.09,1.64
0.03,0.04,0.95,-0.01,0.05,0.11,1.56,2.7
0.04,0.05,0.94,-0.03,0.05,0.11,2.29,2.92
0.06,0.03,0.95,-0.0,0.04,0.1,3.53,1.71
0.06,0.01,0.93,-0.0,0.02,0.09,3.94,0.87
0.06,0.01,0.93,0.02,0.02,0.06,3.97,0.49
0.07,0.01,0.91,0.02,0.02,0.03,4.63,0.42
0.08,-0.0,0.9,-0.0,0.04,0.01,5.24,-0.18
0.08,0.01,0.92,0.01,0.06,-0.01,4.88,0.52
0.07,0.03,0.94,-0.0,0.07,-0.01,4.16,1.89
0.07,0.07,0.95,-0.02,0.06,0.01,4.45,4.09
0.07,0.08,0.94,-0.08,0.05,0.03,4.51,4.79
0.09,0.07,0.92,-0.11,0.05,0.04,5.27,4.09
0.08,0.04,0.92,-0.14,0.05,0.05,4.68,2.5
0.08,0.03,0.93,-0.2,0.07,0.06,4.7,1.68
0.09,0.03,0.94,-0.19,0.06,0.06,5.17,1.89
0.08,0.03,0.93,-0.22,0.06,0.06,4.67,1.58
0.07,0.01,0.94,-0.22,0.04,0.05,4.22,0.33
0.07,-0.01,0.95,-0.24,0.04,0.04,4.21,-0.82
0.07,-0.02,0.96,-0.23,0.04,0.02,3.96,-1.45
0.06,-0.02,0.95,-0.23,0.04,0.02,3.82,-1.21
0.04,-0.01,0.96,-0.21,0.03,0.0,2.3,-0.65
0.03,-0.02,0.96,-0.17,0.03,0.0,1.79,-1.21
0.02,-0.02,0.97,-0.16,0.03,0.0,1.24,-0.97
0.02,-0.01,0.98,-0.14,0.02,0.01,1.29,-0.81
0.02,-0.01,0.97,-0.12,0.01,0.02,1.25,-0.69
0.03,-0.01,0.97,-0.09,0.0,0.03,1.72,-0.83
0.03,-0.02,0.97,-0.07,-0.01,0.04,1.97,-1.21
0.04,-0.03,0.96,-0.04,-0.01,0.04,2.29,-2.01
0.04,-0.02,0.95,0.01,-0.01,0.02,2.41,-1.44
0.06,-0.01,0.93,0.03,-0.01,0.02,3.65,-0.49
0.08,-0.01,0.92,0.0,0.01,0.02,4.92,-0.33
0.1,0.01,0.91,-0.02,0.03,0.01,6.16,0.69
0.1,0.02,0.91,-0.02,0.05,-0.01,6.27,1.38
0.1,0.04,0.91,-0.06,0.05,-0.02,6.22,2.62
0.09,0.06,0.92,-0.1,0.05,-0.01,5.78,3.64
0.08,0.06,0.92,-0.15,0.06,-0.01,4.82,3.84
0.07,0.06,0.93,-0.16,0.06,-0.02,4.11,3.67
0.07,0.04,0.94,-0.18,0.02,-0.0,3.96,2.43
0.07,0.04,0.94,-0.18,0.02,-0.0,4.31,2.16
0.07,0.02,0.94,-0.19,0.01,0.0,3.95,1.31
0.05,0.02,0.94,-0.19,-0.01,0.01,3.01,1.24
0.05,0.02,0.96,-0.18,-0.01,-0.0,2.94,1.14
0.05,0.01,0.97,-0.18,-0.02,0.01,3.07,0.37
0.05,-0.0,0.97,-0.17,-0.02,0.02,2.76,-0.11
0.05,-0.01,0.97,-0.18,-0.03,0.04,3.03,-0.53
0.07,-0.04,0.96,-0.15,-0.05,0.05,4.05,-2.12
0.08,-0.04,0.95,-0.14,-0.02,0.03,4.74,-2.41
0.08,-0.05,0.95,-0.14,-0.01,0.02,4.57,-2.97
0.07,-0.04,0.96,-0.1,-0.01,-0.01,4.15,-2.61
0.06,-0.04,0.98,-0.06,-0.02,-0.03,3.71,-2.57
0.05,-0.02,0.97,-0.06,-0.02,-0.03,2.8,-1.36
0.04,-0.02,0.97,-0.05,-0.01,-0.03,2.47,-1.26
0.04,-0.03,0.98,-0.03,-0.02,-0.02,2.2,-1.57
0.03,-0.02,0.97,-0.02,-0.0,-0.02,1.94,-1.14
0.03,-0.01,0.97,0.02,-0.02,-0.02,1.63,-0.57
0.03,0.0,0.97,0.01,0.0,-0.02,2.0,0.2
0.03,0.01,0.98,0.04,-0.01,-0.01,1.62,0.67
0.04,0.02,0.96,0.05,-0.03,-0.0,2.38,1.24
0.04,0.02,0.95,0.05,-0.03,0.01,2.6,1.39
0.05,0.03,0.95,0.02,-0.02,0.01,3.02,1.77
0.05,0.03,0.94,0.01,-0.02,0.01,3.24,1.93
0.06,0.02,0.94,0.01,-0.04,0.01,3.68,1.11
0.05,0.02,0.94,0.01,-0.03,0.0,2.93,1.4
0.05,0.02,0.95,-0.0,-0.04,-0.01,2.92,1.41
0.06,0.03,0.94,-0.02,-0.05,-0.01,3.54,2.05
0.06,0.04,0.94,-0.03,-0.05,-0.01,3.69,2.37
0.06,0.03,0.95,-0.04,-0.05,-0.01,3.84,1.82
0.06,0.03,0.94,-0.06,-0.05,-0.01,3.63,2.1
0.05,0.03,0.95,-0.08,-0.05,-0.0,3.06,1.93
0.05,0.03,0.95,-0.08,-0.06,0.0,2.84,1.68
0.03,0.02,0.96,-0.09,-0.06,-0.0,1.9,0.99
0.02,0.01,0.97,-0.09,-0.06,0.01,1.14,0.75
0.02,0.01,0.98,-0.08,-0.07,0.01,1.25,0.44
0.01,0.01,0.97,-0.04,-0.09,0.03,0.64,0.68
0.01,0.01,0.97,-0.04,-0.1,0.06,0.66,0.45
0.01,0.01,0.97,-0.04,-0.09,0.05,0.65,0.45
0.02,0.0,0.96,-0.04,-0.09,0.06,1.03,0.24
0.02,-0.0,0.96,-0.01,-0.1,0.07,1.12,-0.07
0.03,-0.01,0.95,0.02,-0.1,0.06,1.54,-0.49
0.04,-0.01,0.94,0.03,-0.09,0.06,2.17,-0.69
0.05,-0.02,0.94,0.02,-0.06,0.06,3.05,-1.28
0.05,-0.03,0.93,0.07,-0.05,0.04,3.23,-1.78
0.05,-0.03,0.93,0.08,-0.06,0.01,3.31,-2.13
0.06,-0.02,0.93,0.09,-0.03,-0.03,3.6,-1.3
0.05,0.01,0.93,0.12,-0.02,-0.04,3.24,0.33
0.05,0.03,0.94,0.1,-0.01,-0.04,3.15,1.9
0.05,0.05,0.93,0.11,-0.01,-0.03,3.0,3.16
0.05,0.07,0.94,0.07,0.0,-0.01,2.99,4.48
0.05,0.08,0.93,0.02,0.01,0.01,3.29,4.94
0.05,0.08,0.93,0.0,-0.01,0.02,3.23,5.09
0.05,0.09,0.93,-0.04,-0.02,0.03,3.33,5.37
0.06,0.08,0.93,-0.1,-0.02,0.04,3.4,5.01
0.06,0.06,0.94,-0.14,-0.03,0.04,3.43,3.87
0.05,0.05,0.94,-0.15,-0.05,0.05,3.35,3.26
0.07,0.02,0.95,-0.2,-0.04,0.04,4.03,1.43
0.06,0.01,0.95,-0.2,-0.06,0.03,3.6,0.82
0.06,0.01,0.96,-0.22,-0.05,0.04,3.62,0.5
0.06,-0.0,0.97,-0.22,-0.05,0.04,3.52,-0.04
0.05,-0.01,0.97,-0.22,-0.07,0.03,3.03,-0.61
0.05,-0.03,0.98,-0.2,-0.08,0.05,2.82,-1.52
0.05,-0.04,0.98,-0.18,-0.07,0.04,2.85,-2.16
0.05,-0.05,0.98,-0.14,-0.07,0.03,2.99,-2.98
0.05,-0.06,0.98,-0.1,-0.07,0.02,3.03,-3.28
0.05,-0.05,0.98,-0.09,-0.06,0.02,3.04,-3.03
0.05,-0.06,0.98,-0.05,-0.06,0.01,2.82,-3.62
0.05,-0.07,0.98,-0.04,-0.04,0.0,2.94,-3.81
0.06,-0.07,0.98,-0.01,-0.04,-0.0,3.31,-3.81
0.05,-0.06,0.98,0.02,-0.03,-0.01,3.08,-3.57
0.05,-0.05,0.98,0.02,-0.01,-0.02,2.85,-2.73
0.05,-0.03,0.97,0.01,0.01,-0.01,2.8,-1.96
0.05,-0.03,0.98,0.03,0.0,0.0,2.77,-1.52
0.05,-0.02,0.97,0.04,0.01,0.01,3.06,-1.32
0.06,0.0,0.96,0.01,0.05,0.03,3.41,0.02
0.06,-0.01,0.96,-0.01,0.05,0.04,3.88,-0.36
0.08,-0.01,0.95,-0.03,0.06,0.03,4.59,-0.64
0.08,-0.02,0.95,-0.01,0.05,0.02,4.55,-1.0
0.07,-0.01,0.95,-0.02,0.06,0.01,4.13,-0.84
0.07,-0.01,0.95,-0.02,0.06,0.0,4.04,-0.86
0.07,0.0,0.94,0.02,0.05,-0.0,4.03,0.24
0.07,0.02,0.94,0.01,0.04,-0.01,4.37,1.11
0.07,0.03,0.94,-0.0,0.05,-0.01,4.53,1.65
0.07,0.04,0.94,-0.02,0.05,-0.0,4.49,2.64
0.06,0.04,0.94,-0.02,0.05,-0.01,3.67,2.63
0.05,0.05,0.93,-0.02,0.03,-0.01,3.34,3.22
0.05,0.06,0.94,-0.01,0.03,-0.0,3.21,3.39
0.05,0.05,0.94,-0.03,0.01,0.01,3.29,3.25
0.07,0.04,0.93,-0.02,-0.01,0.02,4.32,2.39
0.07,0.04,0.93,-0.02,-0.03,0.01,4.24,2.65
0.07,0.04,0.92,-0.01,-0.02,0.01,4.41,2.39
0.07,0.04,0.93,-0.04,-0.02,0.01,4.33,2.61
0.07,0.04,0.94,-0.04,-0.04,0.01,4.03,2.29
0.07,0.03,0.95,-0.04,-0.05,0.0,4.08,1.67
0.07,0.03,0.94,-0.05,-0.05,0.0,4.18,1.69
0.07,0.01,0.95,-0.05,-0.05,-0.0,4.22,0.54
0.07,-0.01,0.95,-0.07,-0.05,0.0,4.23,-0.49
0.07,-0.01,0.95,-0.05,-0.05,0.0,4.0,-0.81
0.06,-0.02,0.95,-0.05,-0.04,-0.02,3.86,-1.39
0.06,-0.01,0.95,-0.06,-0.03,-0.03,3.76,-0.83
0.05,-0.01,0.95,-0.06,-0.04,-0.04,3.16,-0.68
0.04,-0.01,0.95,-0.05,-0.02,-0.06,2.54,-0.62
0.03,-0.0,0.96,-0.05,-0.01,-0.05,1.88,-0.09
0.02,0.01,0.97,-0.04,-0.0,-0.03,1.39,0.75
0.02,0.02,0.98,-0.02,-0.02,-0.01,0.97,1.04
0.02,0.02,0.97,-0.01,-0.04,-0.0,0.95,1.34
0.03,0.02,0.97,0.01,-0.06,0.01,1.49,1.47
0.03,0.01,0.96,0.03,-0.06,0.0,1.66,0.78
0.04,0.01,0.96,0.03,-0.08,0.01,2.27,0.87
0.04,0.02,0.96,0.06,-0.08,-0.0,2.37,1.15
0.04,0.02,0.96,0.05,-0.09,0.01,2.34,1.12
0.04,0.02,0.96,0.05,-0.09,0.01,2.58,1.17
0.04,0.04,0.96,0.05,-0.1,0.0,2.5,2.12
0.05,0.03,0.96,0.06,-0.12,-0.0,2.97,1.89
0.05,0.03,0.95,0.06,-0.14,-0.01,3.14,2.04
0.06,0.02,0.94,0.03,-0.15,-0.0,3.72,1.26
0.07,0.01,0.93,0.0,-0.14,-0.01,4.45,0.72
0.08,-0.0,0.93,-0.03,-0.13,-0.01,4.8,-0.02
0.08,-0.01,0.93,-0.03,-0.1,-0.02,4.74,-0.52
0.08,-0.02,0.94,-0.06,-0.06,-0.03,4.74,-1.05
0.07,-0.01,0.95,-0.08,-0.04,-0.03,3.94,-0.77
0.07,-0.01,0.96,-0.08,-0.02,-0.02,4.0,-0.75
0.06,-0.01,0.97,-0.08,0.01,-0.03,3.61,-0.52
0.05,0.01,0.97,-0.09,0.03,-0.0,2.74,0.59
0.05,-0.0,0.98,-0.08,0.04,0.01,2.87,-0.27
0.04,-0.0,0.98,-0.07,0.03,0.02,2.44,-0.03
0.03,0.0,0.98,-0.07,0.02,0.03,1.9,0.16
0.03,0.0,0.98,-0.05,0.03,0.02,1.88,0.06
0.03,-0.0,0.98,-0.03,0.01,0.03,1.7,-0.21
0.05,-0.0,0.97,-0.01,-0.02,0.02,3.09,-0.24
0.05,-0.01,0.95,0.01,-0.02,-0.01,3.27,-0.89
0.06,-0.01,0.97,0.02,-0.02,-0.02,3.66,-0.45
0.06,0.0,0.96,0.0,-0.02,-0.03,3.69,0.02
0.07,-0.01,0.96,0.01,-0.03,-0.04,4.05,-0.72
0.07,0.0,0.95,0.0,-0.02,-0.06,4.05,0.12
0.06,0.02,0.96,-0.03,-0.0,-0.05,3.54,1.2
0.04,0.02,0.96,-0.03,-0.0,-0.04,2.63,1.37
0.05,0.01,0.96,-0.06,-0.0,-0.03,2.85,0.8
0.05,0.01,0.96,-0.08,0.0,-0.02,2.83,0.49
0.04,0.0,0.97,-0.1,0.02,-0.03,2.22,0.24
0.04,-0.0,0.97,-0.1,0.04,-0.02,2.34,-0.22
0.04,-0.0,0.96,-0.1,0.04,-0.01,2.14,-0.2
0.03,-0.01,0.96,-0.08,0.04,-0.0,1.91,-0.39
0.03,-0.0,0.96,-0.09,0.06,0.01,2.06,-0.23
0.03,-0.0,0.97,-0.09,0.07,0.02,1.77,-0.2
0.03,0.0,0.96,-0.1,0.08,0.03,1.66,0.06
0.02,0.0,0.96,-0.07,0.09,0.03,1.41,0.26
0.03,0.01,0.96,-0.06,0.07,0.04,1.59,0.66
0.03,0.01,0.96,-0.05,0.07,0.04,1.61,0.36
0.03,0.0,0.95,-0.04,0.05,0.04,1.73,0.26
0.04,0.01,0.95,-0.01,0.03,0.03,2.44,0.33
0.04,0.01,0.95,0.01,0.03,0.02,2.64,0.83
0.04,0.02,0.94,0.0,0.03,0.01,2.27,0.91
0.04,0.01,0.94,0.01,0.02,-0.0,2.7,0.9
0.04,0.02,0.94,0.03,0.0,-0.0,2.3,1.31
0.05,0.02,0.94,0.02,0.0,-0.01,2.82,1.5
0.05,0.02,0.93,0.02,-0.0,-0.02,3.17,1.52
0.05,0.02,0.93,-0.01,0.0,-0.01,3.1,1.48
0.05,0.02,0.93,-0.0,0.0,-0.02,2.97,1.34
0.05,0.03,0.94,-0.01,0.01,-0.02,2.84,1.63
0.04,0.03,0.95,-0.02,0.01,-0.02,2.13,1.85
0.04,0.03,0.94,-0.01,-0.0,-0.01,2.69,1.76
0.05,0.02,0.94,-0.02,-0.0,0.01,2.91,1.43
0.05,0.02,0.94,-0.02,0.01,0.01,3.02,1.24
0.05,0.03,0.95,-0.04,0.03,0.03,3.23,1.63
0.05,0.03,0.95,-0.03,0.02,0.03,3.0,2.09
0.05,0.03,0.95,-0.05,0.01,0.04,3.23,1.93
0.05,0.03,0.94,-0.04,-0.01,0.03,3.19,1.68
0.05,0.02,0.94,-0.06,-0.01,0.03,3.08,1.14
0.05,0.01,0.95,-0.07,-0.01,0.03,2.88,0.87
0.06,0.01,0.95,-0.07,-0.04,0.03,3.35,0.57
0.06,0.0,0.94,-0.06,-0.04,0.03,3.67,0.26
0.06,-0.01,0.94,-0.07,-0.02,0.01,3.55,-0.39
0.05,-0.01,0.95,-0.11,-0.01,0.0,3.18,-0.69
0.05,-0.02,0.96,-0.07,-0.03,-0.0,3.12,-1.28
0.05,-0.02,0.97,-0.06,-0.01,-0.02,2.68,-1.0
0.04,-0.02,0.96,-0.05,-0.03,-0.02,2.38,-1.04
0.04,-0.03,0.97,-0.06,-0.0,-0.02,2.13,-1.6
0.03,-0.02,0.98,-0.02,-0.01,-0.02,1.57,-1.26
0.02,-0.01,0.97,0.01,-0.02,-0.02,1.26,-0.31
0.03,-0.0,0.97,0.04,-0.01,-0.02,1.54,-0.2
0.04,0.0,0.96,0.05,-0.02,0.01,2.17,0.11
0.04,0.02,0.96,0.05,-0.02,0.02,2.46,0.95
0.04,0.02,0.95,0.07,-0.01,0.02,2.6,1.35
0.05,0.04,0.94,0.05,0.01,0.03,3.1,2.37
0.06,0.05,0.93,0.05,0.0,0.03,3.48,3.38
0.07,0.05,0.93,0.03,0.02,0.04,4.39,3.31
0.06,0.06,0.92,0.03,0.0,0.03,3.95,3.93
0.06,0.08,0.91,0.01,0.02,0.03,3.87,4.75
0.06,0.09,0.91,-0.03,0.02,0.03,3.75,5.67
0.06,0.09,0.91,-0.05,-0.01,0.03,3.63,5.48
0.06,0.08,0.91,-0.05,-0.02,0.03,4.03,4.8
0.06,0.07,0.91,-0.07,-0.02,0.02,3.75,4.48
0.06,0.06,0.91,-0.09,-0.01,0.01,3.52,4.03
0.05,0.05,0.91,-0.08,-0.02,0.01,3.34,3.37
0.04,0.05,0.92,-0.06,-0.04,-0.01,2.52,3.27
0.05,0.06,0.92,-0.06,-0.05,-0.02,2.87,3.7
0.04,0.07,0.92,-0.03,-0.07,-0.03,2.38,4.29
0.04,0.08,0.93,-0.0,-0.1,-0.03,2.21,4.94
0.03,0.09,0.92,0.0,-0.13,-0.05,1.64,5.67
0.03,0.09,0.91,-0.0,-0.15,-0.05,1.66,5.93
0.02,0.1,0.91,-0.01,-0.15,-0.04,1.57,6.02
0.03,0.1,0.89,-0.01,-0.17,-0.04,1.71,6.68
0.04,0.11,0.89,-0.02,-0.18,-0.03,2.81,7.07
0.04,0.12,0.9,-0.03,-0.2,-0.02,2.81,7.44
0.04,0.12,0.9,-0.06,-0.2,-0.01,2.76,7.55
0.05,0.1,0.89,-0.09,-0.22,-0.01,3.01,6.57
0.05,0.1,0.88,-0.1,-0.22,-0.02,2.97,6.6
0.05,0.09,0.88,-0.09,-0.23,-0.01,3.32,5.84
0.05,0.1,0.87,-0.12,-0.22,-0.02,3.38,6.54
0.05,0.12,0.87,-0.11,-0.24,-0.01,3.11,7.7
0.05,0.12,0.86,-0.1,-0.25,-0.01,2.98,8.16
0.04,0.13,0.86,-0.08,-0.27,-0.02,2.49,8.33
0.04,0.12,0.85,-0.06,-0.28,-0.03,2.93,8.23
0.05,0.13,0.84,-0.02,-0.3,-0.03,3.11,9.0
0.05,0.16,0.83,-0.0,-0.33,-0.03,3.32,10.81
0.05,0.18,0.82,0.0,-0.34,-0.04,3.15,12.01
0.05,0.18,0.81,0.03,-0.37,-0.03,3.36,12.79
0.05,0.19,0.79,0.05,-0.4,-0.03,3.74,13.42
0.05,0.2,0.79,0.09,-0.44,-0.05,3.68,14.35
0.05,0.21,0.78,0.11,-0.49,-0.07,3.82,15.4
0.06,0.22,0.76,0.14,-0.54,-0.09,4.22,16.22
0.06,0.25,0.75,0.15,-0.59,-0.1,4.14,18.32
0.07,0.27,0.75,0.17,-0.67,-0.11,5.11,19.55
0.07,0.29,0.73,0.16,-0.75,-0.13,5.43,21.79
0.08,0.29,0.72,0.12,-0.82,-0.15,5.76,21.72
0.08,0.28,0.71,0.07,-0.87,-0.15,6.21,21.33
0.08,0.27,0.7,0.03,-0.9,-0.15,5.84,20.7
0.08,0.26,0.72,-0.03,-0.93,-0.14,5.96,19.45
0.08,0.23,0.72,-0.07,-0.95,-0.12,6.14,17.61
0.08,0.21,0.72,-0.11,-0.97,-0.11,5.73,16.11
0.05,0.19,0.71,-0.11,-1.02,-0.11,4.25,14.73
0.05,0.17,0.71,-0.09,-1.04,-0.12,4.23,13.8
0.03,0.18,0.72,-0.08,-1.06,-0.13,2.64,13.69
0.03,0.18,0.73,-0.05,-1.11,-0.13,2.65,13.46
0.05,0.17,0.73,-0.01,-1.18,-0.15,3.54,12.92
0.05,0.15,0.72,0.04,-1.25,-0.15,4.04,11.4
0.07,0.12,0.71,0.08,-1.31,-0.18,5.51,9.59
0.08,0.11,0.71,0.11,-1.36,-0.23,6.64,9.01
0.1,0.11,0.7,0.14,-1.43,-0.27,8.32,9.19
0.11,0.11,0.69,0.14,-1.49,-0.32,8.88,8.67
0.12,0.08,0.69,0.12,-1.51,-0.36,9.84,6.18
0.14,0.06,0.69,0.1,-1.53,-0.38,11.46,4.47
0.15,0.04,0.71,0.08,-1.54,-0.39,11.71,3.52
0.13,0.04,0.71,0.04,-1.52,-0.4,10.47,3.14
0.11,0.04,0.72,-0.02,-1.51,-0.38,8.56,3.35
0.09,0.04,0.75,-0.06,-1.47,-0.38,7.05,2.66
0.08,0.05,0.77,-0.1,-1.43,-0.34,5.84,3.57
0.06,0.06,0.78,-0.14,-1.45,-0.31,4.18,4.38
0.04,0.07,0.8,-0.18,-1.44,-0.27,2.58,4.93
0.03,0.06,0.82,-0.18,-1.46,-0.23,1.75,4.36
0.03,0.06,0.83,-0.19,-1.5,-0.19,2.14,3.99
0.03,0.07,0.81,-0.17,-1.55,-0.16,2.36,4.76
0.02,0.07,0.79,-0.19,-1.58,-0.14,1.43,4.99
0.01,0.05,0.79,-0.19,-1.59,-0.12,0.62,3.92
0.01,0.04,0.8,-0.15,-1.62,-0.1,0.73,2.56
0.02,0.02,0.81,-0.09,-1.65,-0.08,1.36,1.71
0.04,0.02,0.82,-0.06,-1.82,-0.01,2.73,1.27
0.08,0.0,0.82,0.05,-1.81,-0.09,5.53,0.19
0.11,-0.02,0.8,0.13,-1.92,-0.14,8.12,-1.48
0.14,-0.05,0.77,0.15,-2.01,-0.22,9.94,-3.58
0.15,-0.07,0.77,0.16,-2.06,-0.31,10.71,-5.06
0.17,-0.07,0.77,0.14,-2.07,-0.36,12.0,-5.21
0.18,-0.07,0.79,0.09,-2.08,-0.41,12.66,-4.83
0.17,-0.06,0.79,0.03,-2.08,-0.4,11.96,-4.42
0.15,-0.07,0.81,-0.06,-2.07,-0.38,10.52,-4.69
0.13,-0.07,0.83,-0.15,-2.02,-0.35,8.56,-4.89
0.1,-0.07,0.85,-0.22,-1.96,-0.32,6.87,-4.35
0.08,-0.04,0.87,-0.26,-1.91,-0.27,5.37,-2.88
0.08,-0.03,0.88,-0.32,-1.9,-0.21,5.46,-1.96
0.08,-0.04,0.9,-0.37,-1.9,-0.16,5.24,-2.39
0.09,-0.06,0.91,-0.42,-1.93,-0.13,5.6,-3.99
0.08,-0.08,0.91,-0.46,-1.94,-0.12,4.82,-5.28
0.06,-0.1,0.92,-0.5,-1.92,-0.11,3.66,-6.25
0.04,-0.12,0.94,-0.53,-1.87,-0.08,2.57,-7.56
0.04,-0.13,0.97,-0.5,-1.87,-0.05,2.46,-7.58
0.04,-0.14,0.99,-0.46,-1.86,-0.02,2.11,-7.95
0.03,-0.14,0.99,-0.4,-1.87,-0.0,1.72,-8.23
0.02,-0.18,0.98,-0.32,-1.87,-0.02,1.44,-10.17
0.03,-0.19,0.97,-0.25,-1.86,-0.05,1.98,-11.0
0.04,-0.2,0.97,-0.13,-1.87,-0.09,2.44,-11.36
0.05,-0.19,0.98,0.0,-1.86,-0.15,3.14,-11.08
0.07,-0.15,0.95,0.11,-1.87,-0.18,4.32,-8.94
0.08,-0.11,0.92,0.21,-1.89,-0.22,5.06,-6.79
0.09,-0.08,0.89,0.28,-1.95,-0.25,5.59,-5.14
0.1,-0.04,0.85,0.3,-1.99,-0.29,6.95,-2.85
0.11,0.0,0.83,0.29,-2.03,-0.3,7.72,0.2
0.13,-0.01,0.82,0.24,-2.06,-0.28,9.31,-0.38
0.15,-0.01,0.83,0.16,-2.11,-0.26,10.16,-0.42
0.17,-0.02,0.83,0.09,-2.13,-0.24,11.31,-1.57
0.15,-0.05,0.85,-0.05,-2.13,-0.22,9.8,-3.35
0.14,-0.08,0.88,-0.18,-2.1,-0.2,8.76,-4.93
0.12,-0.1,0.91,-0.26,-2.08,-0.16,7.44,-6.45
0.1,-0.11,0.94,-0.35,-2.05,-0.13,6.3,-6.46
0.1,-0.13,0.95,-0.44,-2.01,-0.08,5.99,-7.5
0.09,-0.13,0.99,-0.52,-1.98,-0.03,5.34,-7.46
0.08,-0.15,1.01,-0.54,-1.95,0.01,4.37,-8.53
0.07,-0.19,1.01,-0.53,-1.9,0.02,3.95,-10.66
0.06,-0.2,1.03,-0.52,-1.86,0.01,3.47,-11.07
0.07,-0.21,1.05,-0.49,-1.84,-0.01,3.78,-11.47
0.08,-0.22,1.05,-0.42,-1.84,-0.06,4.06,-11.95
0.06,-0.2,1.05,-0.33,-1.84,-0.13,3.09,-10.84
0.04,-0.16,1.02,-0.23,-1.83,-0.19,1.96,-8.64
0.02,-0.11,1.0,-0.17,-1.84,-0.23,1.14,-6.35
0.01,-0.1,0.99,-0.08,-1.88,-0.23,0.74,-5.67
0.02,-0.09,0.99,0.04,-1.91,-0.25,1.0,-5.23
0.02,-0.08,0.97,0.13,-1.95,-0.25,1.08,-4.89
0.02,-0.08,0.95,0.17,-1.98,-0.26,1.41,-4.83
0.05,-0.07,0.95,0.23,-2.02,-0.27,2.86,-4.49
0.06,-0.06,0.94,0.25,-2.08,-0.28,3.85,-3.83
0.08,-0.08,0.94,0.23,-2.13,-0.29,4.86,-4.7
0.09,-0.14,0.95,0.17,-2.14,-0.29,5.46,-8.15
0.11,-0.19,0.98,0.08,-2.12,-0.29,6.46,-10.84
0.12,-0.2,1.0,-0.0,-2.07,-0.3,6.56,-11.27
0.1,-0.18,1.03,-0.11,-2.01,-0.27,5.39,-9.83
0.06,-0.16,1.05,-0.2,-1.97,-0.24,3.5,-8.65
0.03,-0.15,1.08,-0.3,-1.93,-0.21,1.72,-7.99
0.01,-0.14,1.09,-0.36,-1.89,-0.16,0.34,-7.52
-0.02,-0.14,1.12,-0.41,-1.84,-0.11,-1.03,-7.05
-0.04,-0.13,1.13,-0.4,-1.79,-0.06,-1.77,-6.4
-0.03,-0.12,1.13,-0.39,-1.75,-0.01,-1.7,-5.88
-0.04,-0.11,1.13,-0.36,-1.74,0.02,-1.78,-5.55
-0.04,-0.11,1.12,-0.31,-1.74,0.03,-1.91,-5.6
-0.04,-0.1,1.11,-0.26,-1.71,0.03,-2.08,-5.11
-0.04,-0.08,1.08,-0.2,-1.69,0.04,-2.35,-4.12
-0.04,-0.08,1.07,-0.13,-1.7,0.04,-2.02,-4.31
-0.02,-0.08,1.08,-0.05,-1.71,0.03,-1.12,-4.16
-0.0,-0.1,1.08,0.08,-1.75,0.0,-0.08,-5.18
0.02,-0.1,1.06,0.16,-1.77,-0.04,0.95,-5.53
0.04,-0.12,1.03,0.23,-1.81,-0.09,1.97,-6.81
0.07,-0.16,1.04,0.25,-1.89,-0.15,3.89,-8.96
0.09,-0.16,1.04,0.28,-1.83,-0.22,4.88,-8.87
0.1,-0.14,1.02,0.29,-1.84,-0.28,5.54,-7.71
0.1,-0.13,1.02,0.25,-1.85,-0.32,5.76,-7.25
0.1,-0.12,1.02,0.2,-1.85,-0.33,5.62,-6.7
0.09,-0.11,1.04,0.13,-1.83,-0.32,4.95,-6.05
0.06,-0.09,1.05,0.04,-1.8,-0.3,3.5,-5.12
0.03,-0.08,1.06,-0.04,-1.77,-0.25,1.65,-4.1
0.01,-0.07,1.08,-0.09,-1.74,-0.2,0.29,-3.55
-0.01,-0.06,1.09,-0.13,-1.71,-0.14,-0.33,-2.98
-0.02,-0.04,1.09,-0.16,-1.67,-0.07,-0.98,-2.29
-0.03,-0.03,1.07,-0.19,-1.66,-0.02,-1.75,-1.75
-0.04,-0.02,1.06,-0.18,-1.65,0.02,-2.1,-1.05
-0.04,-0.01,1.03,-0.19,-1.64,0.07,-2.29,-0.52
-0.05,-0.0,0.99,-0.19,-1.6,0.11,-2.62,-0.1
-0.05,0.02,0.95,-0.16,-1.61,0.16,-2.8,1.11
-0.04,0.03,0.93,-0.15,-1.61,0.22,-2.48,2.16
-0.03,0.03,0.9,-0.12,-1.64,0.28,-2.16,1.69
-0.02,-0.01,0.91,-0.06,-1.67,0.31,-1.2,-0.94
0.02,-0.08,0.95,-0.0,-1.71,0.31,0.98,-4.62
0.04,-0.12,0.97,0.11,-1.74,0.25,2.41,-7.33
0.06,-0.15,0.96,0.17,-1.78,0.17,3.41,-8.93
0.08,-0.18,0.97,0.25,-1.79,0.07,4.57,-10.27
0.1,-0.19,0.99,0.31,-1.82,-0.04,5.83,-10.91
0.13,-0.17,0.99,0.37,-1.88,-0.15,7.13,-9.92
0.13,-0.14,0.97,0.39,-1.96,-0.22,7.72,-8.1
0.14,-0.13,0.95,0.36,-2.04,-0.27,8.05,-7.77
0.12,-0.12,0.96,0.28,-2.09,-0.31,7.09,-7.02
0.1,-0.12,1.0,0.2,-2.11,-0.31,5.62,-6.68
0.08,-0.11,1.05,0.11,-2.1,-0.28,4.22,-5.81
0.05,-0.1,1.09,0.03,-2.05,-0.21,2.74,-5.01
0.03,-0.08,1.12,-0.05,-2.02,-0.14,1.48,-4.1
0.02,-0.06,1.13,-0.1,-1.96,-0.06,0.9,-3.27
0.0,-0.05,1.13,-0.16,-1.92,0.02,0.15,-2.51
-0.01,-0.04,1.14,-0.2,-1.86,0.09,-0.41,-1.98
-0.02,-0.04,1.14,-0.23,-1.82,0.16,-0.85,-1.84
-0.02,-0.03,1.12,-0.24,-1.8,0.21,-1.22,-1.5
-0.02,-0.03,1.09,-0.21,-1.8,0.25,-1.17,-1.57
-0.01,-0.05,1.07,-0.23,-1.8,0.27,-0.68,-2.61
0.0,-0.07,1.06,-0.21,-1.79,0.28,0.04,-3.53
0.01,-0.08,1.06,-0.19,-1.79,0.29,0.49,-4.18
0.01,-0.08,1.04,-0.13,-1.79,0.27,0.57,-4.29
0.02,-0.1,1.02,-0.1,-1.8,0.25,0.99,-5.48
0.03,-0.11,1.01,-0.05,-1.82,0.2,1.41,-6.2
0.03,-0.12,1.01,0.01,-1.85,0.15,1.71,-6.59
0.04,-0.13,1.0,0.07,-1.91,0.11,2.47,-7.17
0.05,-0.14,1.0,0.12,-1.94,0.05,2.89,-7.81
0.06,-0.15,1.01,0.14,-1.99,-0.02,3.56,-8.45
0.07,-0.15,1.03,0.17,-2.05,-0.07,4.08,-8.19
0.08,-0.13,1.03,0.18,-2.09,-0.12,4.18,-7.38
0.07,-0.14,1.04,0.16,-2.12,-0.16,3.9,-7.53
0.06,-0.13,1.04,0.12,-2.1,-0.17,3.46,-7.26
0.05,-0.12,1.07,0.05,-2.11,-0.16,2.93,-6.41
0.04,-0.09,1.09,0.0,-2.11,-0.14,2.07,-4.6
0.01,-0.08,1.13,-0.04,-2.11,-0.11,0.45,-3.88
-0.02,-0.07,1.17,-0.07,-2.1,-0.07,-0.74,-3.35
-0.03,-0.05,1.2,-0.09,-2.08,-0.04,-1.45,-2.28
-0.03,-0.03,1.21,-0.09,-2.04,-0.01,-1.63,-1.41
-0.05,-0.01,1.23,-0.09,-2.01,0.04,-2.3,-0.7
-0.04,0.01,1.21,-0.1,-1.95,0.08,-1.98,0.24
-0.04,0.0,1.23,-0.1,-1.93,0.13,-1.98,0.21
-0.04,0.02,1.22,-0.06,-1.91,0.16,-1.8,0.8
-0.04,0.01,1.2,-0.04,-1.88,0.18,-1.87,0.62
-0.02,0.0,1.18,-0.04,-1.86,0.2,-0.91,0.12
-0.01,0.0,1.16,-0.03,-1.84,0.22,-0.6,0.02
-0.01,-0.0,1.15,-0.03,-1.85,0.22,-0.31,-0.17
0.0,-0.02,1.13,-0.02,-1.83,0.22,0.11,-0.92
0.01,-0.02,1.12,-0.02,-1.83,0.22,0.75,-0.95
0.02,-0.02,1.11,-0.03,-1.83,0.22,0.82,-0.99
0.01,-0.02,1.1,-0.02,-1.84,0.21,0.64,-1.24
0.01,-0.03,1.09,-0.01,-1.84,0.2,0.58,-1.64
0.01,-0.04,1.09,-0.03,-1.85,0.21,0.35,-2.35
0.0,-0.04,1.1,-0.02,-1.83,0.21,0.23,-2.04
0.0,-0.03,1.13,-0.0,-1.85,0.19,0.07,-1.46
-0.01,-0.02,1.14,0.04,-1.87,0.19,-0.7,-1.02
-0.01,-0.02,1.14,0.07,-1.87,0.18,-0.55,-0.84
-0.01,0.0,1.14,0.12,-1.9,0.17,-0.5,0.07
-0.01,0.01,1.14,0.15,-1.92,0.17,-0.56,0.42
-0.0,0.01,1.15,0.2,-1.94,0.18,-0.21,0.66
-0.0,0.02,1.16,0.24,-1.93,0.18,-0.16,1.16
0.01,0.02,1.17,0.27,-1.94,0.19,0.25,1.21
0.01,0.02,1.19,0.3,-1.96,0.19,0.39,1.19
0.02,0.03,1.18,0.32,-1.96,0.2,1.06,1.44
0.03,0.04,1.18,0.31,-1.94,0.21,1.52,1.94
0.03,0.05,1.19,0.3,-1.94,0.24,1.6,2.32
0.03,0.06,1.2,0.3,-1.93,0.24,1.59,2.74
0.03,0.07,1.21,0.29,-1.93,0.26,1.43,3.29
0.03,0.09,1.24,0.3,-1.93,0.28,1.25,4.03
0.03,0.09,1.26,0.3,-1.93,0.28,1.19,4.08
0.02,0.11,1.28,0.31,-1.94,0.27,0.87,4.71
0.02,0.11,1.3,0.33,-1.93,0.24,0.68,5.03
0.01,0.14,1.31,0.36,-1.91,0.21,0.57,6.02
0.01,0.15,1.32,0.39,-1.91,0.18,0.25,6.5
0.01,0.15,1.31,0.4,-1.88,0.14,0.55,6.47
0.01,0.14,1.32,0.41,-1.85,0.09,0.55,6.17
0.02,0.15,1.3,0.38,-1.84,0.07,1.04,6.58
0.03,0.15,1.29,0.38,-1.81,0.04,1.31,6.84
0.03,0.18,1.28,0.33,-1.78,0.04,1.17,7.81
0.02,0.18,1.26,0.32,-1.78,0.03,1.03,8.25
0.02,0.19,1.24,0.27,-1.75,0.03,0.96,8.51
0.01,0.19,1.24,0.23,-1.74,0.04,0.46,8.9
0.0,0.21,1.23,0.2,-1.73,0.05,0.01,9.56
-0.01,0.22,1.22,0.17,-1.73,0.05,-0.27,10.11
-0.03,0.23,1.22,0.14,-1.71,0.08,-1.55,10.7
-0.06,0.24,1.22,0.12,-1.68,0.09,-2.65,11.23
-0.07,0.25,1.23,0.12,-1.66,0.11,-3.42,11.32
-0.09,0.26,1.27,0.1,-1.62,0.13,-4.12,11.38
-0.12,0.27,1.34,0.1,-1.53,0.14,-5.03,11.27
-0.14,0.28,1.41,0.1,-1.4,0.15,-5.41,11.34
-0.15,0.31,1.46,0.11,-1.24,0.14,-5.65,11.84
-0.16,0.34,1.5,0.2,-1.08,0.12,-6.09,12.84
-0.16,0.37,1.52,0.24,-0.9,0.09,-5.7,13.75
-0.14,0.38,1.5,0.29,-0.72,0.04,-5.34,14.02
-0.09,0.36,1.45,0.35,-0.6,-0.01,-3.57,13.84
-0.05,0.34,1.37,0.39,-0.52,-0.06,-2.17,14.0
-0.01,0.31,1.3,0.38,-0.46,-0.1,-0.37,13.43
0.02,0.27,1.25,0.32,-0.43,-0.15,1.03,12.32
0.05,0.25,1.21,0.21,-0.39,-0.17,2.38,11.84
0.07,0.24,1.18,0.14,-0.39,-0.18,3.28,11.4
0.09,0.21,1.16,-0.0,-0.38,-0.19,4.18,10.46
0.08,0.21,1.16,-0.16,-0.35,-0.19,3.78,10.47
0.07,0.21,1.16,-0.28,-0.34,-0.18,3.54,10.28
0.05,0.23,1.17,-0.4,-0.31,-0.17,2.53,10.88
0.02,0.24,1.18,-0.5,-0.27,-0.15,0.82,11.72
-0.02,0.26,1.18,-0.59,-0.23,-0.14,-0.96,12.2
-0.06,0.27,1.18,-0.65,-0.2,-0.13,-2.71,13.06
-0.1,0.3,1.19,-0.65,-0.16,-0.13,-4.47,13.93
-0.12,0.31,1.19,-0.65,-0.13,-0.13,-5.66,14.37
-0.13,0.31,1.18,-0.64,-0.1,-0.13,-6.29,14.7
-0.14,0.31,1.18,-0.65,-0.06,-0.13,-6.59,14.58
-0.14,0.31,1.17,-0.61,-0.03,-0.12,-6.84,14.9
-0.15,0.32,1.15,-0.61,0.06,-0.17,-7.31,15.26
-0.16,0.31,1.14,-0.58,0.04,-0.09,-7.8,15.15
-0.17,0.31,1.13,-0.58,0.09,-0.06,-8.35,15.34
-0.18,0.31,1.14,-0.54,0.1,-0.04,-8.48,14.94
-0.18,0.32,1.14,-0.5,0.12,-0.04,-8.85,15.31
-0.19,0.3,1.14,-0.46,0.14,-0.02,-9.12,14.68
-0.2,0.31,1.15,-0.4,0.16,-0.01,-9.42,14.64
-0.19,0.3,1.15,-0.34,0.16,-0.01,-9.26,14.37
-0.2,0.3,1.16,-0.27,0.17,-0.01,-9.36,14.32
-0.19,0.29,1.16,-0.22,0.2,-0.02,-9.23,13.92
-0.18,0.27,1.16,-0.17,0.22,-0.03,-8.81,13.17
-0.17,0.26,1.16,-0.13,0.23,-0.02,-8.21,12.36
-0.16,0.25,1.15,-0.08,0.28,-0.07,-7.55,12.26
-0.14,0.24,1.15,-0.07,0.28,-0.03,-7.04,11.64
-0.13,0.22,1.15,-0.04,0.3,-0.04,-6.51,10.98
-0.11,0.21,1.15,-0.02,0.32,-0.03,-5.62,10.46
-0.1,0.21,1.14,-0.01,0.34,-0.03,-5.12,10.59
-0.09,0.21,1.13,0.01,0.35,-0.02,-4.37,10.23
-0.08,0.2,1.13,-0.01,0.4,-0.0,-3.8,9.78
-0.06,0.17,1.14,0.02,0.4,0.0,-2.98,8.64
-0.05,0.14,1.14,0.01,0.42,-0.01,-2.57,7.2
-0.05,0.13,1.13,-0.01,0.43,-0.02,-2.69,6.41
-0.05,0.13,1.12,-0.03,0.45,-0.02,-2.36,6.57
-0.04,0.12,1.12,-0.01,0.6,-0.15,-2.18,6.04
-0.04,0.1,1.11,-0.09,0.48,-0.01,-2.2,5.23
-0.04,0.11,1.11,-0.09,0.5,-0.01,-2.25,5.53
-0.05,0.1,1.09,-0.11,0.51,-0.0,-2.61,5.38
-0.06,0.11,1.09,-0.1,0.51,0.02,-3.37,5.61
-0.07,0.11,1.09,-0.1,0.52,0.02,-3.4,5.92
-0.06,0.11,1.09,-0.11,0.54,0.02,-3.35,5.86
-0.06,0.1,1.08,-0.09,0.54,0.03,-3.1,5.34
-0.06,0.11,1.08,-0.06,0.54,0.04,-3.24,6.05
-0.07,0.11,1.09,-0.03,0.54,0.04,-3.42,5.62
-0.06,0.09,1.09,-0.0,0.55,0.04,-3.24,4.9
-0.06,0.09,1.1,-0.01,0.57,0.05,-3.29,4.88
-0.06,0.09,1.12,0.05,0.56,0.06,-2.94,4.48
-0.05,0.07,1.11,0.08,0.58,0.07,-2.49,3.73
-0.04,0.06,1.09,0.1,0.62,0.07,-2.22,3.31
-0.03,0.06,1.07,0.12,0.63,0.07,-1.84,3.29
-0.02,0.05,1.06,0.12,0.65,0.08,-1.26,2.53
-0.02,0.04,1.07,0.13,0.64,0.1,-0.94,1.96
-0.01,0.02,1.05,0.15,0.63,0.1,-0.33,1.25
0.0,0.01,1.04,0.14,0.64,0.11,0.25,0.77
0.01,0.01,1.04,0.12,0.64,0.12,0.43,0.39
0.01,-0.0,1.04,0.15,0.63,0.13,0.48,-0.03
0.01,-0.01,1.05,0.12,0.63,0.13,0.8,-0.42
0.01,-0.01,1.06,0.13,0.63,0.12,0.57,-0.46
0.02,-0.01,1.06,0.12,0.64,0.13,1.23,-0.42
0.03,-0.01,1.06,0.16,0.63,0.13,1.45,-0.4
0.03,-0.01,1.05,0.17,0.62,0.13,1.68,-0.69
0.04,-0.02,1.04,0.17,0.62,0.14,2.41,-0.88
0.06,-0.01,1.04,0.19,0.59,0.14,3.14,-0.81
0.07,-0.03,1.03,0.2,0.56,0.14,3.66,-1.47
0.07,-0.03,1.03,0.21,0.55,0.12,4.05,-1.68
0.08,-0.04,1.02,0.2,0.53,0.1,4.47,-2.35
0.09,-0.04,1.0,0.18,0.52,0.1,4.88,-2.55
0.09,-0.05,1.0,0.17,0.48,0.1,5.09,-2.82
0.1,-0.06,1.0,0.15,0.46,0.09,5.45,-3.24
0.1,-0.07,0.99,0.11,0.46,0.08,6.03,-3.94
0.1,-0.07,0.99,0.07,0.45,0.1,5.85,-4.12
0.1,-0.07,1.0,0.07,0.45,0.09,5.72,-3.82
0.1,-0.07,1.01,0.08,0.43,0.1,5.38,-3.69
0.09,-0.07,1.01,0.07,0.44,0.1,5.36,-3.76
0.1,-0.07,1.01,0.05,0.44,0.11,5.77,-3.91
0.1,-0.07,1.01,0.05,0.44,0.13,5.72,-3.75
0.11,-0.08,1.02,0.05,0.43,0.12,5.93,-4.24
0.11,-0.08,1.02,0.05,0.43,0.11,5.94,-4.33
0.11,-0.07,1.03,0.03,0.44,0.11,6.29,-3.9
0.11,-0.07,1.03,0.01,0.46,0.11,6.19,-3.99
0.11,-0.06,1.02,0.02,0.44,0.11,6.0,-3.48
0.1,-0.06,1.0,0.02,0.43,0.1,5.56,-3.39
0.1,-0.05,1.01,0.02,0.42,0.1,5.55,-2.72
0.1,-0.05,1.02,0.05,0.39,0.09,5.75,-3.0
0.09,-0.05,1.02,0.09,0.35,0.07,5.1,-2.86
0.1,-0.06,1.01,0.11,0.32,0.05,5.79,-3.48
0.1,-0.07,0.99,0.11,0.29,0.02,5.53,-3.97
0.1,-0.06,0.97,0.12,0.26,0.01,5.71,-3.77
0.09,-0.06,0.95,0.15,0.21,-0.01,5.51,-3.38
0.08,-0.05,0.94,0.18,0.15,0.01,4.9,-2.9
0.09,-0.06,0.94,0.16,0.13,0.03,5.56,-3.43
0.09,-0.06,0.95,0.19,0.08,0.04,5.4,-3.47
0.1,-0.07,0.96,0.21,0.04,0.05,5.85,-4.39
0.1,-0.08,0.99,0.19,0.02,0.05,5.99,-4.63
0.1,-0.07,0.99,0.18,0.02,0.05,5.77,-4.16
0.1,-0.07,0.99,0.19,0.0,0.05,5.99,-4.25
0.11,-0.06,0.98,0.17,-0.01,0.05,6.23,-3.61
0.1,-0.05,0.98,0.19,-0.05,0.05,5.56,-2.94
0.1,-0.06,0.98,0.17,-0.05,0.05,5.58,-3.39
0.1,-0.06,1.0,0.16,-0.08,0.06,5.82,-3.64
0.11,-0.08,1.05,0.19,-0.09,0.04,6.06,-4.34
0.12,-0.08,1.06,0.18,-0.08,0.03,6.57,-4.29
0.13,-0.08,1.05,0.15,-0.04,0.01,7.1,-4.25
0.14,-0.08,1.04,0.12,-0.03,-0.0,7.48,-4.11
0.14,-0.07,1.01,0.1,-0.04,-0.01,7.92,-3.83
0.14,-0.07,0.99,0.06,-0.06,-0.02,8.26,-3.79
0.14,-0.06,0.97,0.02,-0.08,-0.02,8.18,-3.63
0.14,-0.06,0.97,-0.03,-0.08,-0.02,8.26,-3.52
0.13,-0.05,0.98,-0.05,-0.11,-0.02,7.66,-3.08
0.12,-0.05,0.98,-0.07,-0.14,-0.02,7.01,-2.92
0.1,-0.04,0.98,-0.11,-0.16,-0.02,5.97,-2.49
0.09,-0.04,0.98,-0.13,-0.17,-0.01,5.1,-2.45
0.08,-0.04,0.98,-0.08,-0.06,-0.16,4.51,-2.3
0.07,-0.03,0.99,-0.16,-0.23,-0.02,3.87,-1.79
0.06,-0.03,0.99,-0.15,-0.25,-0.01,3.44,-1.55
0.05,-0.02,1.01,-0.12,-0.26,-0.01,2.68,-1.3
0.04,-0.02,1.01,-0.13,-0.27,-0.01,2.09,-1.03
0.03,-0.01,1.02,-0.09,-0.3,-0.01,1.79,-0.73
0.03,-0.02,1.02,-0.09,-0.29,-0.01,1.5,-0.88
0.01,-0.0,1.03,-0.07,-0.29,-0.01,0.79,-0.27
0.0,-0.0,1.04,-0.04,-0.31,-0.01,0.14,-0.2
0.0,0.01,1.05,-0.01,-0.32,-0.01,0.09,0.37
-0.0,0.01,1.05,0.03,-0.31,-0.02,-0.23,0.7
-0.0,0.02,1.05,0.05,-0.3,-0.03,-0.01,0.87
0.0,0.01,1.03,0.06,-0.32,-0.02,0.03,0.82
0.01,0.02,1.04,0.11,-0.32,-0.03,0.32,1.16
0.02,0.03,1.03,0.11,-0.31,-0.02,0.87,1.53
0.03,0.02,1.03,0.1,-0.3,-0.02,1.7,1.18
0.04,0.02,1.03,0.11,-0.32,-0.0,2.01,1.08
0.05,0.02,1.03,0.1,-0.32,0.01,2.54,1.38
0.05,0.02,1.03,0.04,-0.39,0.07,3.04,1.33
0.07,0.02,1.03,0.06,-0.33,0.04,3.68,1.13
0.07,0.02,1.04,0.04,-0.34,0.04,3.9,1.24
0.07,0.01,1.05,0.05,-0.36,0.04,4.03,0.77
0.08,0.01,1.07,0.03,-0.39,0.03,4.26,0.77
0.06,0.01,1.08,0.02,-0.4,0.01,3.36,0.64
0.07,0.03,1.1,-0.0,-0.4,-0.01,3.75,1.56
0.07,0.04,1.09,0.0,-0.41,-0.02,3.45,2.08
0.06,0.05,1.09,0.0,-0.42,-0.04,2.97,2.41
0.06,0.05,1.09,0.02,-0.42,-0.05,3.1,2.81
0.05,0.06,1.09,-0.02,-0.4,-0.05,2.53,3.02
0.04,0.07,1.09,0.01,-0.41,-0.05,2.14,3.5
0.04,0.07,1.08,0.01,-0.42,-0.05,2.02,3.62
0.02,0.07,1.08,0.01,-0.39,-0.06,1.26,3.7
0.02,0.07,1.07,-0.0,-0.38,-0.05,1.32,3.93
0.02,0.08,1.07,0.02,-0.38,-0.05,1.31,4.15
0.03,0.08,1.07,0.01,-0.37,-0.04,1.34,4.41
0.03,0.08,1.07,0.02,-0.37,-0.03,1.79,4.32
0.04,0.07,1.08,0.0,-0.36,-0.02,1.97,3.85
0.04,0.07,1.09,0.06,-0.23,-0.16,1.98,3.89
0.03,0.07,1.11,0.0,-0.37,-0.02,1.67,3.75
0.03,0.08,1.11,-0.01,-0.35,-0.04,1.71,4.02
0.03,0.08,1.1,-0.01,-0.35,-0.04,1.74,4.1
0.04,0.08,1.1,-0.03,-0.34,-0.04,1.84,4.19
0.03,0.08,1.11,-0.02,-0.33,-0.05,1.76,4.26
0.03,0.09,1.12,-0.04,-0.33,-0.05,1.34,4.4
0.02,0.09,1.12,-0.04,-0.32,-0.04,1.13,4.55
0.02,0.09,1.12,-0.06,-0.3,-0.05,1.1,4.42
0.01,0.09,1.12,-0.06,-0.29,-0.07,0.69,4.76
0.01,0.1,1.12,-0.08,-0.29,-0.06,0.47,5.23
0.0,0.11,1.13,-0.09,-0.27,-0.08,0.22,5.64
-0.0,0.11,1.12,-0.09,-0.28,-0.07,-0.23,5.77
-0.0,0.11,1.11,-0.07,-0.27,-0.08,-0.23,5.47
-0.0,0.11,1.11,-0.08,-0.26,-0.08,-0.17,5.84
-0.01,0.11,1.11,-0.1,-0.24,-0.08,-0.4,5.67
-0.01,0.11,1.11,-0.1,-0.24,-0.08,-0.74,5.76
-0.01,0.11,1.1,-0.11,-0.22,-0.08,-0.62,5.49
-0.02,0.11,1.1,-0.1,-0.21,-0.07,-1.14,5.97
-0.02,0.11,1.1,-0.11,-0.2,-0.06,-1.19,5.93
-0.03,0.11,1.1,-0.12,-0.18,-0.05,-1.7,5.76
-0.04,0.12,1.1,-0.1,-0.18,-0.04,-2.03,6.0
-0.05,0.12,1.1,-0.09,-0.18,-0.04,-2.37,6.05
-0.05,0.12,1.09,-0.08,-0.16,-0.04,-2.51,6.28
-0.06,0.12,1.09,-0.08,-0.15,-0.04,-3.03,6.17
-0.06,0.11,1.08,-0.06,-0.15,-0.03,-3.18,6.0
-0.07,0.13,1.09,-0.05,-0.14,-0.02,-3.45,6.97
-0.07,0.13,1.09,-0.02,-0.13,-0.02,-3.39,6.87
-0.07,0.12,1.11,-0.02,-0.11,-0.02,-3.37,6.22
-0.06,0.12,1.12,-0.0,-0.1,-0.02,-3.15,6.24
-0.06,0.12,1.12,0.02,-0.09,-0.02,-3.11,5.98
-0.06,0.12,1.13,0.01,-0.04,-0.02,-2.81,5.85
-0.05,0.11,1.11,0.02,-0.02,-0.02,-2.38,5.77
-0.04,0.11,1.1,0.04,-0.0,-0.01,-2.23,5.94
-0.04,0.11,1.08,0.03,0.01,-0.0,-1.85,5.72
-0.03,0.11,1.07,-0.01,0.04,0.01,-1.6,5.81
-0.04,0.11,1.07,-0.01,0.03,0.03,-2.08,5.98
-0.04,0.1,1.06,-0.01,0.02,0.03,-2.36,5.42
-0.03,0.11,1.08,-0.01,0.02,0.04,-1.81,5.73
-0.03,0.1,1.09,-0.03,0.05,0.04,-1.64,5.1
-0.03,0.1,1.09,-0.04,0.05,0.04,-1.43,5.23
-0.03,0.11,1.08,-0.03,0.03,0.04,-1.67,5.64
-0.03,0.1,1.08,-0.03,0.04,0.04,-1.84,5.46
-0.04,0.11,1.08,-0.03,0.05,0.04,-2.22,6.05
-0.03,0.1,1.08,-0.02,0.06,0.05,-1.62,5.47
-0.04,0.11,1.09,-0.03,0.04,0.06,-2.0,5.54
-0.04,0.11,1.09,-0.02,0.04,0.07,-1.98,5.74
-0.04,0.11,1.1,-0.0,0.04,0.06,-1.94,5.93
-0.04,0.13,1.09,-0.01,0.06,0.08,-2.32,6.62
-0.04,0.13,1.1,0.01,0.06,0.07,-2.3,6.79
-0.05,0.13,1.09,0.04,0.04,0.07,-2.62,7.06
-0.05,0.15,1.08,0.06,0.04,0.07,-2.52,7.71
-0.05,0.15,1.09,0.09,0.02,0.08,-2.52,7.76
-0.05,0.15,1.1,0.12,0.0,0.09,-2.5,7.8
-0.05,0.16,1.1,0.17,-0.04,0.09,-2.52,8.22
-0.05,0.16,1.09,0.19,-0.04,0.1,-2.54,8.26
-0.05,0.18,1.1,0.25,-0.08,0.11,-2.52,9.45
-0.04,0.19,1.1,0.31,-0.1,0.11,-2.2,9.59
-0.04,0.19,1.1,0.37,-0.14,0.11,-1.92,9.83
-0.02,0.19,1.1,0.41,-0.17,0.11,-1.12,9.98
-0.01,0.2,1.11,0.46,-0.19,0.11,-0.47,9.99
0.0,0.18,1.14,0.58,-0.1,-0.04,0.18,8.94
0.02,0.17,1.19,0.57,-0.25,0.06,1.0,8.04
0.04,0.16,1.25,0.59,-0.24,0.04,1.78,7.16
0.07,0.14,1.31,0.58,-0.19,0.01,3.03,6.12
0.1,0.14,1.35,0.54,-0.12,-0.01,4.11,6.03
0.12,0.15,1.37,0.48,-0.03,-0.05,4.93,6.24
0.14,0.16,1.39,0.36,0.08,-0.07,5.51,6.59
0.14,0.19,1.42,0.25,0.2,-0.11,5.5,7.61
0.14,0.22,1.43,0.11,0.28,-0.12,5.5,8.88
0.14,0.26,1.44,-0.04,0.37,-0.14,5.28,10.2
0.13,0.28,1.46,-0.21,0.47,-0.14,4.87,11.01
0.1,0.31,1.48,-0.37,0.58,-0.14,3.77,11.7
0.07,0.33,1.5,-0.47,0.85,-0.26,2.77,12.18
0.04,0.34,1.52,-0.64,0.82,-0.12,1.65,12.59
0.01,0.36,1.55,-0.79,0.94,-0.1,0.46,13.0
-0.01,0.36,1.56,-0.94,1.04,-0.05,-0.42,13.08
-0.05,0.39,1.57,-0.97,1.16,-0.06,-1.77,13.87
-0.07,0.4,1.6,-1.01,1.28,-0.06,-2.53,14.04
-0.1,0.39,1.62,-1.05,1.37,-0.08,-3.54,13.7
-0.12,0.38,1.61,-1.1,1.5,-0.09,-4.15,13.31
-0.15,0.39,1.63,-1.14,1.62,-0.11,-5.19,13.36
-0.17,0.38,1.62,-1.14,1.71,-0.13,-5.9,13.15
-0.19,0.38,1.62,-1.15,1.82,-0.13,-6.57,13.06
-0.2,0.36,1.63,-1.15,1.95,-0.13,-6.98,12.53
-0.22,0.34,1.66,-1.16,2.09,-0.12,-7.5,11.32
-0.22,0.31,1.69,-1.13,2.22,-0.11,-7.43,10.2
-0.22,0.29,1.69,-1.11,2.38,-0.1,-7.33,9.7
-0.23,0.26,1.71,-1.08,2.55,-0.09,-7.61,8.47
-0.23,0.23,1.71,-1.08,2.72,-0.08,-7.69,7.55
-0.22,0.23,1.7,-1.04,2.87,-0.06,-7.41,7.57
-0.23,0.22,1.68,-0.97,2.99,-0.04,-7.77,7.26
-0.22,0.19,1.68,-0.91,3.12,-0.02,-7.54,6.32
-0.2,0.17,1.67,-0.83,3.21,-0.0,-6.78,5.6
-0.19,0.14,1.67,-0.74,3.27,0.01,-6.51,4.7
-0.18,0.11,1.64,-0.65,3.31,-0.01,-6.16,3.77
-0.15,0.07,1.61,-0.59,3.38,-0.03,-5.38,2.55
-0.14,0.05,1.57,-0.51,3.42,-0.04,-5.19,1.66
-0.12,0.02,1.53,-0.46,3.44,-0.03,-4.64,0.91
-0.11,0.01,1.52,-0.39,3.47,-0.02,-4.33,0.27
-0.11,-0.02,1.51,-0.35,3.51,0.0,-4.05,-0.65
-0.09,-0.05,1.5,-0.31,3.55,0.03,-3.58,-2.08
-0.08,-0.08,1.49,-0.2,3.79,-0.1,-3.05,-3.18
-0.05,-0.12,1.47,-0.19,3.6,0.03,-2.12,-4.73
-0.03,-0.15,1.47,-0.17,3.63,0.06,-1.36,-5.98
-0.02,-0.18,1.47,-0.15,3.67,0.05,-0.89,-6.95
-0.01,-0.2,1.46,-0.05,3.94,-0.11,-0.51,-7.71
-0.01,-0.2,1.43,-0.11,3.73,0.03,-0.2,-8.07
-0.0,-0.21,1.38,-0.08,3.74,0.03,-0.04,-8.64
-0.0,-0.21,1.35,-0.08,3.75,0.05,-0.04,-9.01
0.01,-0.22,1.3,-0.07,3.75,0.08,0.5,-9.46
0.02,-0.24,1.27,-0.08,3.88,0.06,0.96,-10.72
0.05,-0.26,1.26,-0.15,3.67,0.17,2.16,-11.67
0.06,-0.28,1.27,-0.22,3.68,0.22,2.55,-12.52
0.06,-0.3,1.26,-0.26,3.67,0.26,2.65,-13.32
0.05,-0.32,1.25,-0.32,3.68,0.3,2.24,-14.28
0.05,-0.32,1.24,-0.39,3.71,0.34,2.05,-14.45
0.03,-0.31,1.23,-0.43,3.72,0.41,1.57,-14.3
0.03,-0.31,1.23,-0.48,3.76,0.47,1.28,-13.93
0.01,-0.32,1.26,-0.43,3.73,0.54,0.6,-14.06
0.01,-0.35,1.27,-0.42,3.74,0.6,0.54,-15.24
0.01,-0.37,1.29,-0.38,3.75,0.65,0.25,-16.01
0.01,-0.42,1.3,-0.3,3.74,0.66,0.49,-17.73
0.03,-0.46,1.34,-0.21,3.75,0.68,1.07,-19.13
0.05,-0.51,1.37,-0.11,3.8,0.66,1.8,-20.59
0.07,-0.55,1.38,0.02,3.82,0.61,2.76,-21.84
0.1,-0.58,1.36,0.12,3.87,0.56,3.76,-23.26
0.11,-0.59,1.31,0.2,3.92,0.51,4.52,-24.28
0.13,-0.58,1.25,0.29,3.94,0.46,5.25,-25.0
0.13,-0.54,1.17,0.32,3.99,0.42,5.74,-24.81
0.13,-0.5,1.1,0.36,4.01,0.43,6.07,-24.52
0.14,-0.5,1.05,0.39,4.0,0.45,6.93,-25.27
0.17,-0.5,1.0,0.4,3.99,0.47,8.49,-26.35
0.19,-0.52,0.97,0.38,4.01,0.49,10.01,-27.65
0.21,-0.53,0.94,0.36,3.98,0.49,11.0,-29.09
0.22,-0.54,0.91,0.38,3.94,0.47,11.83,-29.87
0.22,-0.52,0.88,0.37,3.94,0.45,12.25,-29.92
0.22,-0.5,0.84,0.34,3.89,0.43,12.46,-30.14
0.23,-0.51,0.83,0.34,3.84,0.39,13.06,-30.85
0.23,-0.52,0.82,0.33,3.76,0.36,13.49,-31.67
0.23,-0.52,0.79,0.33,3.75,0.3,13.74,-32.5
0.21,-0.49,0.76,0.31,3.72,0.27,13.4,-31.91
0.21,-0.44,0.72,0.27,3.73,0.26,13.83,-30.34
0.18,-0.39,0.69,0.25,3.68,0.28,12.84,-28.89
0.19,-0.36,0.67,0.22,3.63,0.31,14.23,-26.98
0.19,-0.36,0.67,0.16,3.6,0.36,14.13,-27.2
0.2,-0.39,0.66,0.1,3.56,0.39,14.61,-29.61
0.2,-0.42,0.69,0.06,3.54,0.4,13.83,-30.29
0.19,-0.41,0.68,0.04,3.54,0.4,13.22,-30.36
0.18,-0.39,0.7,0.02,3.55,0.4,12.35,-28.42
0.16,-0.36,0.69,-0.0,3.55,0.41,11.81,-27.03
0.16,-0.35,0.7,0.03,3.47,0.43,11.66,-25.78
0.16,-0.36,0.7,0.05,3.42,0.45,11.2,-26.47
0.15,-0.37,0.71,0.07,3.39,0.45,10.8,-27.34
0.15,-0.39,0.71,0.12,3.38,0.44,10.7,-28.53
0.16,-0.39,0.71,0.2,3.33,0.42,11.39,-28.16
0.16,-0.36,0.69,0.17,3.21,0.54,11.52,-27.35
0.15,-0.34,0.66,0.32,3.28,0.37,11.53,-26.31
0.16,-0.32,0.65,0.4,3.27,0.34,12.24,-25.69
0.17,-0.29,0.63,0.48,3.23,0.32,13.99,-23.97
0.19,-0.26,0.59,0.54,3.16,0.3,16.03,-22.93
0.19,-0.23,0.56,0.55,3.12,0.26,17.59,-21.36
0.2,-0.21,0.54,0.55,3.08,0.24,18.53,-20.29
0.2,-0.19,0.52,0.56,3.04,0.22,19.88,-18.41
0.2,-0.15,0.51,0.52,3.0,0.21,20.64,-15.62
0.21,-0.12,0.49,0.47,2.95,0.2,22.99,-12.98
0.22,-0.1,0.48,0.4,2.93,0.2,24.26,-10.22
0.21,-0.06,0.47,0.33,2.9,0.2,24.13,-6.65
0.21,-0.04,0.48,0.27,2.84,0.22,23.15,-4.17
0.2,-0.02,0.48,0.18,2.8,0.23,22.55,-1.9
0.19,0.0,0.49,0.1,2.76,0.25,21.32,0.12
0.18,-0.01,0.5,0.04,2.72,0.28,19.67,-0.6
0.18,-0.01,0.51,0.03,2.7,0.29,19.25,-0.96
0.17,-0.01,0.52,0.01,2.66,0.3,18.61,-0.63
0.17,0.0,0.52,0.01,2.62,0.29,18.31,0.13
0.16,-0.0,0.51,0.03,2.56,0.27,17.43,-0.16
0.17,0.02,0.51,0.07,2.5,0.23,17.83,1.84
0.15,0.05,0.53,0.07,2.45,0.2,16.19,4.8
0.14,0.08,0.52,0.1,2.34,0.16,15.36,8.02
0.14,0.08,0.51,0.1,2.26,0.11,15.64,9.03
0.14,0.08,0.52,0.16,2.37,-0.07,14.74,8.71
0.13,0.08,0.54,0.12,2.08,0.03,12.88,7.94
0.12,0.07,0.56,0.13,2.03,-0.0,12.0,6.46
0.11,0.05,0.58,0.15,1.98,-0.02,10.27,4.42
0.09,0.04,0.61,0.22,1.93,-0.03,8.59,3.52
0.08,0.04,0.64,0.31,1.89,-0.06,7.04,3.49
0.07,0.05,0.64,0.36,1.85,-0.06,6.64,4.57
0.07,0.05,0.64,0.46,1.82,-0.07,6.04,4.55
0.07,0.08,0.62,0.54,1.81,-0.06,6.07,7.37
0.07,0.13,0.61,0.62,1.8,-0.06,6.4,12.1
0.08,0.19,0.59,0.65,1.8,-0.05,7.52,17.78
0.12,0.26,0.56,0.66,1.77,-0.03,10.84,24.31
0.13,0.31,0.54,0.62,1.72,-0.0,12.14,29.04
0.16,0.33,0.51,0.56,1.69,0.01,14.75,31.68
0.16,0.38,0.52,0.46,1.66,0.02,13.58,34.94
0.16,0.42,0.54,0.34,1.61,0.03,13.43,36.69
0.16,0.43,0.54,0.23,1.54,0.02,13.02,37.12
0.15,0.45,0.55,0.08,1.45,0.03,12.3,37.75
0.15,0.43,0.56,-0.05,1.34,0.02,11.67,36.87
0.12,0.41,0.59,-0.16,1.25,0.01,9.74,33.78
0.11,0.37,0.64,-0.23,1.19,-0.0,8.07,29.52
0.09,0.34,0.69,-0.26,1.1,0.0,6.44,26.26
0.07,0.32,0.71,-0.28,1.01,0.0,4.85,24.31
0.05,0.29,0.73,-0.3,0.94,0.01,3.7,21.98
0.05,0.27,0.75,-0.27,0.86,0.01,3.28,19.5
0.03,0.25,0.76,-0.26,0.77,0.01,2.05,18.33
0.02,0.23,0.78,-0.23,0.72,0.01,1.33,16.46
0.01,0.22,0.8,-0.22,0.67,0.02,0.5,15.12
-0.01,0.21,0.81,-0.22,0.63,0.02,-0.41,14.44
-0.01,0.19,0.82,-0.18,0.58,0.03,-0.51,13.04
-0.02,0.19,0.83,-0.14,0.57,0.05,-1.55,13.07
-0.03,0.19,0.86,-0.14,0.56,0.1,-1.67,12.47
-0.01,0.18,0.86,-0.1,0.54,0.15,-0.8,11.92
-0.01,0.17,0.86,-0.07,0.51,0.2,-0.64,11.23
-0.0,0.17,0.86,-0.07,0.51,0.26,-0.23,11.4
0.0,0.16,0.85,-0.04,0.49,0.3,0.05,10.83
0.02,0.14,0.84,-0.03,0.47,0.32,1.26,9.39
0.04,0.13,0.84,-0.03,0.46,0.31,2.53,8.59
0.04,0.13,0.82,-0.0,0.44,0.3,2.99,8.98
0.05,0.14,0.82,0.01,0.43,0.27,3.47,9.53
0.05,0.15,0.83,0.03,0.41,0.24,3.12,10.22
0.04,0.15,0.86,0.07,0.35,0.23,2.95,10.0
0.05,0.17,0.87,0.11,0.27,0.19,3.3,11.19
0.05,0.17,0.88,0.15,0.21,0.18,2.88,10.87
0.06,0.16,0.87,0.17,0.16,0.15,3.8,10.7
0.07,0.16,0.85,0.2,0.09,0.13,4.57,10.41
0.09,0.15,0.87,0.21,0.06,0.1,5.66,9.76
0.09,0.15,0.87,0.22,0.03,0.08,6.03,9.5
0.1,0.15,0.87,0.19,0.02,0.08,6.55,9.83
0.09,0.16,0.87,0.18,0.01,0.09,5.93,10.28
0.09,0.16,0.88,0.14,0.0,0.11,5.97,10.56
0.1,0.18,0.88,0.09,0.0,0.13,6.39,11.19
0.1,0.17,0.88,0.03,-0.01,0.15,6.65,11.05
0.1,0.15,0.87,-0.02,-0.02,0.17,6.53,9.91
0.1,0.14,0.87,-0.06,-0.0,0.18,6.75,8.81
0.11,0.1,0.88,-0.12,0.02,0.17,7.37,6.53
0.12,0.09,0.87,-0.19,0.02,0.18,8.06,6.14
0.12,0.08,0.87,-0.24,0.04,0.17,7.61,5.4
0.1,0.06,0.89,-0.25,0.04,0.15,6.68,3.62
0.1,0.03,0.9,-0.28,0.05,0.15,6.39,2.12
0.08,0.01,0.92,-0.31,0.08,0.12,5.22,0.84
0.08,0.01,0.94,-0.29,0.07,0.11,4.59,0.36
0.08,-0.01,0.94,-0.25,0.05,0.09,4.61,-0.84
0.06,-0.03,0.94,-0.24,0.06,0.07,3.95,-1.55
0.04,-0.02,0.94,-0.19,0.07,0.05,2.54,-1.28
0.04,-0.01,0.95,-0.14,0.06,0.04,2.12,-0.66
0.04,-0.0,0.97,-0.07,0.05,0.02,2.08,-0.29
0.02,0.01,0.97,-0.04,0.02,0.0,1.35,0.35
0.03,0.03,0.98,0.02,-0.02,-0.0,1.56,1.58
0.04,0.03,0.95,0.07,-0.07,-0.01,2.48,2.02
0.03,0.04,0.94,0.08,-0.08,-0.03,1.96,2.52
0.04,0.05,0.93,0.09,-0.08,-0.02,2.68,2.97
0.05,0.05,0.92,0.07,-0.08,-0.01,3.16,2.88
0.06,0.06,0.92,0.05,-0.08,0.01,3.57,3.68
0.05,0.08,0.91,0.03,-0.08,0.02,3.32,4.94
0.05,0.08,0.92,-0.02,-0.06,0.04,3.13,4.67
0.05,0.07,0.94,-0.05,-0.06,0.07,3.29,4.26
0.06,0.05,0.94,-0.07,-0.07,0.07,3.66,2.88
0.07,0.03,0.93,-0.08,-0.08,0.08,4.41,2.12
0.09,0.02,0.92,-0.1,-0.08,0.07,5.27,0.97
0.08,-0.01,0.92,-0.13,-0.05,0.06,5.19,-0.54
0.08,-0.02,0.93,-0.16,-0.02,0.05,4.86,-1.4
0.08,-0.03,0.96,-0.14,-0.02,0.03,4.93,-1.5
0.07,-0.02,0.96,-0.15,-0.01,0.02,3.94,-1.21
0.05,-0.02,0.97,-0.14,-0.01,0.02,2.86,-1.33
0.04,-0.03,0.98,-0.12,-0.03,0.03,2.44,-1.79
0.05,-0.02,0.97,-0.1,-0.04,0.02,2.71,-1.46
0.04,-0.02,0.97,-0.09,-0.03,0.02,2.32,-1.46
0.03,-0.02,0.97,-0.08,-0.05,0.02,1.9,-1.28
0.03,-0.01,0.97,-0.06,-0.04,0.03,1.61,-0.8
0.03,-0.01,0.98,-0.01,-0.06,0.05,1.71,-0.46
0.03,-0.0,0.98,0.01,-0.07,0.05,1.56,-0.21
0.03,0.02,0.97,0.03,-0.07,0.05,2.04,1.01
0.04,0.02,0.95,0.04,-0.1,0.06,2.4,1.28
0.06,0.02,0.94,0.06,-0.13,0.05,3.5,1.25
0.08,0.01,0.92,0.07,-0.15,0.03,5.18,0.45
0.09,0.01,0.93,0.07,-0.14,0.01,5.73,0.55
0.1,0.02,0.93,0.03,-0.14,-0.01,5.85,1.21
0.1,0.01,0.93,0.0,-0.15,-0.02,6.34,0.84
0.12,-0.0,0.91,-0.04,-0.15,-0.02,7.2,-0.1
0.11,-0.03,0.91,-0.09,-0.1,-0.04,6.89,-1.77
0.1,-0.03,0.93,-0.12,-0.04,-0.03,6.23,-2.11
0.08,-0.02,0.95,-0.14,-0.01,-0.02,5.04,-1.34
0.06,-0.02,0.97,-0.15,0.01,-0.02,3.83,-1.15
0.06,-0.01,0.97,-0.15,0.02,0.01,3.56,-0.61
0.04,-0.01,0.98,-0.15,0.02,0.01,2.54,-0.54
0.04,-0.01,0.97,-0.13,0.01,0.02,2.23,-0.45
0.03,-0.01,0.96,-0.13,0.02,0.01,1.77,-0.85
0.02,-0.01,0.97,-0.07,0.01,0.01,1.42,-0.46
0.03,-0.01,0.97,-0.05,-0.01,0.02,1.75,-0.33
0.04,-0.01,0.95,-0.03,-0.03,0.01,2.37,-0.39
0.05,-0.01,0.95,-0.02,-0.05,0.01,3.02,-0.84
0.05,-0.01,0.94,-0.01,-0.03,-0.0,3.03,-0.64
0.05,0.01,0.94,-0.01,-0.01,-0.02,2.77,0.34
0.05,0.03,0.94,0.02,-0.02,-0.01,2.79,1.92
0.04,0.05,0.94,0.02,-0.04,-0.0,2.47,3.1
0.04,0.06,0.94,0.03,-0.06,-0.01,2.31,3.73
0.04,0.07,0.93,0.03,-0.1,-0.01,2.7,4.07
0.04,0.06,0.92,0.04,-0.11,-0.0,2.54,3.84
0.05,0.06,0.92,0.03,-0.13,-0.01,2.93,3.9
0.04,0.07,0.91,0.01,-0.15,-0.01,2.79,4.25
0.05,0.06,0.91,-0.02,-0.14,-0.01,3.34,3.95
0.06,0.06,0.92,-0.04,-0.16,-0.01,3.43,3.59
0.05,0.05,0.92,-0.07,-0.16,-0.01,3.3,2.87
0.05,0.03,0.92,-0.11,-0.16,0.0,3.37,1.73
0.05,0.01,0.93,-0.15,-0.13,0.01,3.08,0.35
0.05,-0.01,0.95,-0.17,-0.13,0.03,3.01,-0.67
0.04,-0.04,0.97,-0.19,-0.11,0.04,2.49,-2.08
0.05,-0.05,0.98,-0.18,-0.1,0.06,2.71,-2.7
0.04,-0.07,0.99,-0.2,-0.08,0.07,2.36,-3.79
0.05,-0.07,0.99,-0.18,-0.07,0.08,2.72,-4.09
0.04,-0.07,0.98,-0.15,-0.06,0.08,2.5,-4.35
0.04,-0.07,0.99,-0.14,-0.04,0.08,2.52,-3.88
0.05,-0.07,1.0,-0.12,-0.03,0.09,2.7,-3.94
0.05,-0.07,1.01,-0.09,-0.03,0.09,2.78,-3.85
0.06,-0.06,1.0,-0.04,-0.04,0.1,3.19,-3.64
0.06,-0.06,1.0,-0.01,-0.04,0.1,3.64,-3.49
0.08,-0.06,0.98,0.03,-0.05,0.07,4.51,-3.25
0.08,-0.05,0.97,0.02,-0.03,0.06,4.96,-2.66
0.09,-0.04,0.98,0.05,-0.03,0.04,5.09,-2.35
0.09,-0.03,0.98,0.06,-0.04,0.02,5.49,-1.65
0.1,-0.01,0.96,0.06,-0.03,0.01,5.74,-0.88
0.1,-0.0,0.95,0.05,-0.01,-0.01,5.88,-0.07
0.09,0.01,0.95,0.07,-0.02,-0.02,5.51,0.33
0.09,0.02,0.95,0.08,-0.01,-0.02,5.18,1.25
0.1,0.03,0.95,0.07,-0.01,-0.02,5.82,1.57
0.11,0.02,0.94,0.05,-0.02,-0.03,6.58,1.02
0.11,0.02,0.92,0.02,-0.0,-0.04,6.87,1.05
0.11,0.03,0.94,0.02,0.01,-0.05,6.72,1.6
0.11,0.04,0.94,-0.02,0.01,-0.05,6.8,2.37
0.11,0.04,0.94,-0.07,0.02,-0.05,6.4,2.68
0.1,0.04,0.94,-0.11,0.02,-0.05,6.14,2.36
0.1,0.02,0.95,-0.15,0.02,-0.05,6.16,1.11
0.1,-0.0,0.95,-0.18,0.05,-0.05,6.1,-0.19
0.09,-0.02,0.97,-0.2,0.07,-0.04,5.34,-1.02
0.09,-0.02,0.98,-0.21,0.07,-0.03,4.99,-0.97
0.07,-0.03,0.99,-0.2,0.08,-0.03,4.23,-1.62
0.06,-0.02,0.99,-0.21,0.09,-0.03,3.55,-1.31
0.05,-0.03,0.99,-0.23,0.1,-0.03,3.0,-1.88
0.04,-0.04,0.99,-0.19,0.1,-0.03,2.43,-2.08
0.03,-0.05,1.0,-0.16,0.11,-0.02,1.89,-2.64
0.03,-0.05,1.0,-0.14,0.1,-0.02,1.91,-2.64
0.04,-0.05,0.99,-0.11,0.1,-0.03,2.06,-2.75
0.04,-0.05,0.98,-0.07,0.08,-0.03,2.42,-3.15
0.04,-0.05,0.97,-0.03,0.08,-0.07,2.18,-3.04
0.04,-0.05,0.97,0.01,0.09,-0.08,2.33,-3.07
0.03,-0.03,0.98,0.04,0.09,-0.09,1.76,-1.86
0.02,0.0,0.98,0.06,0.08,-0.1,0.95,0.1
0.02,0.02,0.98,0.07,0.05,-0.08,1.33,0.88
0.03,0.03,0.97,0.09,0.04,-0.08,1.77,1.64
0.02,0.04,0.96,0.1,0.04,-0.06,1.32,2.41
0.02,0.04,0.96,0.08,0.04,-0.05,1.48,2.4
0.03,0.05,0.95,0.07,0.04,-0.03,1.8,3.14
0.03,0.05,0.94,0.07,0.04,0.0,1.98,3.12
0.04,0.05,0.93,0.05,0.04,0.02,2.76,3.31
0.05,0.05,0.92,-0.01,0.05,0.03,3.22,2.91
0.06,0.04,0.92,-0.02,0.05,0.03,3.84,2.5
0.07,0.02,0.92,0.02,0.2,-0.11,4.1,1.03
0.07,0.04,0.92,-0.06,0.07,0.02,4.23,2.34
0.06,0.03,0.92,-0.1,0.07,0.03,3.89,1.86
0.06,0.02,0.94,-0.11,0.06,0.02,3.44,1.19
0.05,0.01,0.94,-0.11,0.06,0.01,3.19,0.44
0.04,0.02,0.94,-0.11,0.06,0.01,2.66,0.95
0.03,0.0,0.96,-0.12,0.07,0.02,1.87,0.22
0.03,-0.01,0.96,-0.1,0.06,0.02,1.89,-0.51
0.04,-0.02,0.98,-0.06,0.04,0.02,2.24,-1.26
0.04,-0.03,0.97,-0.05,0.04,0.03,2.23,-1.62
0.04,-0.04,0.97,-0.02,0.03,0.0,2.49,-2.11
0.04,-0.03,0.97,0.02,0.01,0.0,2.63,-1.75
0.05,-0.03,0.96,0.05,0.01,-0.01,2.84,-1.57
0.05,-0.01,0.97,0.06,0.01,-0.02,3.17,-0.73
0.05,-0.0,0.96,0.05,0.01,-0.03,3.15,-0.11
0.06,0.0,0.96,0.06,-0.0,-0.03,3.48,0.29
0.06,0.01,0.96,0.05,0.01,-0.04,3.54,0.59
0.06,0.02,0.95,0.04,0.0,-0.03,3.44,1.42
0.05,0.03,0.95,0.02,0.02,-0.02,3.22,1.76
0.06,0.02,0.94,0.01,0.0,-0.02,3.69,1.12
0.06,0.01,0.94,-0.02,0.02,-0.01,3.68,0.53
0.05,0.01,0.94,-0.02,0.03,-0.02,3.27,0.51
0.04,0.02,0.95,-0.02,0.05,-0.0,2.42,0.98
0.03,0.03,0.94,-0.03,0.05,0.0,1.98,1.87
0.03,0.04,0.96,-0.02,0.04,0.01,1.6,2.28
0.03,0.03,0.96,-0.01,0.02,0.03,1.76,1.97
0.05,0.02,0.94,-0.02,0.03,0.02,2.91,1.07
0.05,0.02,0.92,-0.02,0.03,0.02,3.31,1.15
0.05,0.01,0.93,-0.03,0.04,0.02,3.21,0.87
0.04,0.03,0.94,-0.04,0.06,0.03,2.61,1.53
0.03,0.03,0.95,-0.04,0.06,0.04,1.95,1.97
0.03,0.05,0.96,-0.04,0.07,0.04,1.75,2.91
0.03,0.04,0.96,-0.02,0.01,0.06,1.8,2.58
0.04,0.04,0.95,-0.03,-0.01,0.04,2.44,2.11
0.05,0.02,0.95,-0.02,-0.01,0.04,2.86,0.93
0.05,0.02,0.94,-0.0,-0.02,0.03,2.92,1.29
0.05,0.02,0.95,-0.01,-0.04,0.02,3.09,1.36
0.06,0.02,0.94,-0.02,-0.04,0.02,3.4,1.41
0.05,0.02,0.94,-0.05,-0.03,0.02,3.1,1.32
0.05,0.02,0.95,-0.05,-0.02,0.03,2.76,1.44
0.04,0.02,0.96,-0.06,-0.02,0.04,2.55,1.27
0.04,0.02,0.95,-0.05,-0.04,0.04,2.43,1.27
0.04,-0.01,0.95,-0.04,-0.04,0.05,2.6,-0.32
0.06,-0.01,0.95,-0.05,-0.04,0.06,3.43,-0.35
0.06,-0.02,0.93,-0.02,-0.04,0.05,3.68,-1.04
0.06,-0.01,0.94,-0.01,-0.03,0.04,3.86,-0.56
0.06,-0.0,0.93,-0.02,-0.01,0.03,3.95,-0.05
0.06,-0.01,0.94,-0.04,0.01,0.03,3.71,-0.34
0.06,0.01,0.94,-0.03,0.0,0.04,3.51,0.61
0.06,0.01,0.95,-0.03,-0.0,0.04,3.35,0.62
0.07,0.01,0.95,-0.03,-0.0,0.02,4.17,0.51
0.07,0.0,0.94,-0.05,-0.01,0.04,4.13,0.29
0.08,-0.01,0.94,-0.05,-0.01,0.03,4.6,-0.6
0.07,-0.01,0.95,-0.04,-0.01,0.0,4.23,-0.54
0.07,-0.01,0.95,-0.04,0.0,-0.0,4.46,-0.36
0.07,-0.0,0.95,-0.05,0.01,-0.0,4.5,-0.02
0.07,0.0,0.95,0.0,0.15,-0.14,4.04,0.29
0.05,0.01,0.95,-0.04,0.01,-0.0,3.27,0.38
0.05,0.01,0.96,-0.05,0.02,-0.0,3.19,0.71
0.05,0.01,0.96,-0.05,0.01,0.01,2.71,0.88
0.05,0.02,0.96,-0.05,0.01,0.01,2.73,1.37
0.04,0.04,0.96,-0.03,-0.04,0.01,2.54,2.12
0.05,0.02,0.96,-0.02,-0.06,0.01,2.74,1.38
0.04,0.02,0.95,-0.04,-0.06,0.01,2.7,1.14
0.05,0.02,0.94,-0.0,-0.07,0.0,2.98,1.24
0.05,0.02,0.95,0.01,-0.08,0.01,3.15,1.01
0.06,0.02,0.95,-0.01,-0.08,0.0,3.34,0.95
0.06,0.01,0.94,-0.03,-0.07,0.01,3.67,0.86
0.06,0.01,0.93,-0.03,-0.07,0.01,3.81,0.79
0.06,0.01,0.94,-0.04,-0.05,0.01,3.78,0.7
0.06,0.01,0.95,-0.05,-0.03,0.02,3.53,0.73
0.05,0.01,0.96,-0.08,-0.0,0.03,3.01,0.76
0.05,0.01,0.97,-0.06,-0.04,0.05,2.84,0.75
0.05,0.0,0.98,-0.05,-0.05,0.04,3.21,0.02
0.07,-0.01,0.96,-0.06,-0.06,0.03,3.99,-0.47
0.07,-0.03,0.96,-0.04,-0.05,0.02,3.92,-1.66
0.07,-0.03,0.96,-0.04,-0.04,0.01,3.99,-1.92
0.06,-0.03,0.98,-0.03,-0.02,0.01,3.5,-1.59
0.06,-0.01,0.98,-0.02,-0.01,0.02,3.36,-0.84
0.05,-0.01,0.99,-0.03,-0.01,0.04,3.15,-0.68
0.05,-0.01,0.98,-0.02,-0.0,0.04,3.15,-0.77
0.06,-0.01,0.98,-0.01,-0.01,0.05,3.63,-0.61
0.06,-0.01,0.98,-0.0,-0.0,0.04,3.28,-0.83
0.05,-0.01,0.98,-0.0,0.01,0.03,3.22,-0.72
0.06,-0.01,0.97,0.02,-0.0,0.03,3.63,-0.82
0.06,-0.01,0.97,0.05,-0.01,0.02,3.81,-0.44
0.07,0.0,0.96,0.05,-0.01,0.02,3.96,0.22
0.07,0.01,0.95,0.02,0.01,0.01,3.97,0.82
0.07,0.01,0.96,0.02,0.0,0.02,3.9,0.78
0.07,0.01,0.96,0.0,0.0,0.01,4.2,0.89
0.07,0.02,0.96,-0.0,-0.01,0.01,4.13,1.24
0.07,0.0,0.95,-0.03,0.01,-0.0,3.92,0.27
0.07,-0.01,0.95,-0.03,0.03,-0.0,4.47,-0.51
0.07,-0.0,0.95,-0.03,0.03,0.01,4.45,-0.28
0.08,-0.01,0.94,-0.02,0.04,-0.0,4.77,-0.69
0.08,0.01,0.94,-0.04,0.06,-0.0,4.62,0.33
0.06,0.01,0.94,-0.05,0.07,0.01,3.56,0.82
0.05,0.02,0.95,-0.06,0.06,0.0,2.83,1.09
0.05,0.02,0.96,-0.05,0.07,-0.01,2.88,1.06
0.05,0.02,0.97,-0.06,0.07,-0.0,2.72,1.42
0.04,0.01,0.96,-0.06,0.07,-0.0,2.37,0.82
0.04,0.02,0.95,-0.05,0.05,0.01,2.34,1.08
0.04,0.01,0.96,-0.06,0.05,0.01,2.39,0.66
0.04,0.01,0.96,-0.04,0.07,0.02,2.39,0.4
0.03,0.02,0.96,-0.04,0.08,0.03,2.08,0.95
0.03,0.03,0.95,-0.02,0.06,0.04,1.83,1.69
0.03,0.03,0.94,0.0,0.04,0.03,1.65,2.1
0.04,0.03,0.94,-0.0,0.04,0.02,2.2,1.94
0.04,0.03,0.93,-0.02,0.04,0.02,2.59,2.14
0.05,0.04,0.93,0.01,0.02,0.0,3.01,2.28
0.05,0.05,0.92,-0.01,0.01,-0.02,3.04,2.94
0.05,0.05,0.91,-0.01,-0.0,-0.02,3.32,3.31
0.05,0.06,0.92,-0.02,-0.0,-0.02,2.97,3.64
0.04,0.07,0.91,-0.01,-0.02,-0.01,2.76,4.22
0.04,0.07,0.91,-0.02,-0.03,-0.01,2.8,4.19
0.04,0.06,0.91,-0.03,-0.04,-0.0,2.77,3.84
0.04,0.06,0.91,-0.05,-0.02,0.0,2.81,3.91
0.05,0.06,0.91,-0.05,-0.03,0.01,3.2,3.65
0.05,0.05,0.91,-0.03,-0.05,0.01,3.19,3.44
0.06,0.06,0.9,-0.04,-0.06,0.01,3.61,3.52
0.06,0.06,0.89,-0.02,-0.07,0.0,3.68,3.64
0.06,0.07,0.89,-0.02,-0.07,-0.01,3.65,4.23
0.06,0.07,0.88,-0.02,-0.07,-0.01,3.73,4.69
0.06,0.07,0.88,-0.02,-0.09,-0.01,4.13,4.79
0.07,0.09,0.88,-0.03,-0.09,-0.01,4.49,5.63
0.07,0.09,0.87,-0.06,-0.09,-0.02,4.32,6.19
0.07,0.1,0.86,-0.07,-0.12,-0.02,4.56,6.82
0.06,0.12,0.86,-0.09,-0.12,-0.03,3.82,7.63
0.05,0.13,0.86,-0.09,-0.15,-0.04,3.35,8.42
0.05,0.14,0.87,-0.1,-0.17,-0.03,3.08,8.87
0.04,0.13,0.87,-0.11,-0.2,-0.04,2.88,8.82
0.04,0.14,0.86,-0.14,-0.25,-0.03,2.72,9.25
0.04,0.13,0.86,-0.14,-0.26,-0.03,2.62,8.58
0.03,0.13,0.85,-0.15,-0.28,-0.03,2.12,8.57
0.02,0.12,0.85,-0.14,-0.31,-0.03,1.65,7.79
0.02,0.12,0.86,-0.12,-0.34,-0.03,1.52,8.11
0.01,0.12,0.86,-0.09,-0.37,-0.03,0.96,7.85
0.01,0.13,0.86,-0.08,-0.4,-0.01,0.87,8.43
0.02,0.13,0.83,-0.06,-0.45,-0.0,1.33,9.04
0.02,0.13,0.83,-0.05,-0.47,-0.0,1.57,8.67
0.03,0.13,0.82,-0.04,-0.49,0.0,1.81,8.93
0.03,0.12,0.82,-0.04,-0.5,0.01,2.07,8.66
0.04,0.12,0.81,-0.03,-0.52,0.02,2.53,8.64
0.03,0.13,0.81,0.01,-0.48,-0.04,2.05,9.14
0.03,0.15,0.8,-0.01,-0.55,0.04,1.91,10.93
0.02,0.17,0.79,-0.01,-0.56,0.05,1.59,12.03
0.02,0.18,0.79,0.05,-0.47,-0.09,1.59,12.58
0.01,0.18,0.78,-0.01,-0.64,0.04,0.81,12.85
0.02,0.18,0.77,-0.02,-0.69,0.05,1.61,12.9
0.02,0.17,0.76,-0.04,-0.73,0.05,1.38,12.6
0.01,0.17,0.76,-0.06,-0.77,0.05,1.01,12.71
0.01,0.17,0.76,-0.07,-0.83,0.05,1.0,12.62
0.01,0.18,0.73,-0.1,-0.86,0.05,0.95,13.45
0.01,0.17,0.73,-0.15,-0.88,0.05,1.06,13.17
0.01,0.19,0.72,-0.2,-0.91,0.06,1.06,14.54
0.01,0.2,0.72,-0.24,-0.94,0.08,0.79,15.68
0.01,0.21,0.72,-0.31,-0.94,0.1,0.59,16.39
-0.0,0.2,0.73,-0.36,-0.98,0.14,-0.09,15.43
-0.01,0.18,0.72,-0.4,-1.03,0.18,-0.7,14.27
-0.01,0.16,0.73,-0.43,-1.06,0.2,-0.83,12.14
-0.02,0.14,0.73,-0.42,-1.07,0.21,-1.39,11.0
-0.02,0.14,0.73,-0.4,-1.1,0.23,-1.74,10.83
-0.02,0.14,0.73,-0.36,-1.14,0.24,-1.4,11.05
-0.02,0.15,0.73,-0.31,-1.18,0.27,-1.28,11.41
0.0,0.14,0.73,-0.26,-1.22,0.29,0.24,10.62
0.03,0.12,0.72,-0.21,-1.28,0.28,2.68,9.64
0.05,0.12,0.71,-0.17,-1.36,0.28,4.37,9.45
0.07,0.11,0.7,-0.11,-1.41,0.24,5.51,9.2
0.08,0.12,0.69,-0.08,-1.46,0.19,6.42,9.48
0.1,0.13,0.7,-0.08,-1.51,0.16,8.26,10.35
0.12,0.14,0.7,-0.07,-1.58,0.13,9.21,10.94
0.13,0.12,0.69,-0.09,-1.63,0.1,10.24,9.85
0.13,0.1,0.7,-0.12,-1.66,0.07,10.27,8.29
0.13,0.1,0.71,-0.13,-1.67,0.04,9.98,7.63
0.13,0.1,0.73,-0.13,-1.71,0.02,10.02,7.76
0.13,0.12,0.72,-0.14,-1.75,0.01,9.91,9.03
0.12,0.12,0.72,-0.16,-1.78,0.02,9.3,9.12
0.12,0.11,0.72,-0.19,-1.79,0.02,9.0,8.9
0.11,0.12,0.71,-0.2,-1.8,0.04,8.64,9.57
0.1,0.14,0.7,-0.21,-1.81,0.07,7.76,11.13
0.1,0.16,0.7,-0.2,-1.82,0.09,8.1,12.75
0.1,0.18,0.68,-0.22,-1.86,0.13,8.28,14.57
0.11,0.17,0.67,-0.23,-1.93,0.16,9.32,14.07
0.14,0.16,0.67,-0.26,-2.01,0.17,11.2,13.27
0.17,0.12,0.65,-0.28,-2.07,0.15,14.0,10.37
0.19,0.08,0.65,-0.32,-2.11,0.11,16.56,6.99
0.22,0.03,0.65,-0.35,-2.16,0.07,18.6,2.41
0.24,-0.03,0.67,-0.37,-2.2,0.01,19.63,-2.28
0.26,-0.1,0.7,-0.39,-2.21,-0.08,20.6,-7.56
0.24,-0.11,0.73,-0.41,-2.21,-0.15,18.14,-7.89
0.22,-0.12,0.75,-0.4,-2.21,-0.22,16.02,-8.75
0.2,-0.1,0.76,-0.36,-2.11,-0.43,14.47,-7.53
0.16,-0.07,0.77,-0.41,-2.2,-0.31,11.74,-5.37
0.12,-0.05,0.78,-0.44,-2.18,-0.31,8.99,-3.43
0.1,-0.02,0.79,-0.42,-2.2,-0.27,6.95,-1.33
0.08,0.0,0.8,-0.43,-2.22,-0.22,6.01,0.11
0.08,-0.0,0.79,-0.44,-2.26,-0.18,5.97,-0.1
0.08,-0.0,0.76,-0.45,-2.27,-0.14,6.08,-0.29
0.08,-0.02,0.76,-0.46,-2.27,-0.1,5.94,-1.38
0.07,-0.02,0.78,-0.44,-2.3,-0.07,5.51,-1.16
0.09,-0.02,0.76,-0.41,-2.33,-0.04,6.49,-1.42
0.1,-0.03,0.74,-0.37,-2.39,-0.04,7.52,-2.06
0.09,-0.04,0.72,-0.38,-2.45,-0.03,7.0,-3.31
0.11,-0.07,0.73,-0.4,-2.52,-0.03,8.65,-5.77
0.15,-0.13,0.76,-0.37,-2.57,-0.04,11.11,-9.74
0.22,-0.23,0.8,-0.35,-2.62,-0.09,14.88,-15.19
0.26,-0.31,0.82,-0.33,-2.66,-0.18,16.49,-19.77
0.27,-0.35,0.83,-0.31,-2.66,-0.31,16.69,-22.03
0.25,-0.34,0.84,-0.31,-2.64,-0.43,15.14,-21.55
0.24,-0.33,0.85,-0.31,-2.6,-0.53,14.51,-20.62
0.21,-0.29,0.88,-0.31,-2.55,-0.59,12.75,-17.62
0.19,-0.23,0.86,-0.35,-2.51,-0.62,12.17,-14.64
0.15,-0.16,0.9,-0.36,-2.54,-0.63,9.53,-10.11
0.14,-0.17,0.91,-0.4,-2.57,-0.6,8.64,-10.44
0.14,-0.19,0.88,-0.46,-2.55,-0.56,8.69,-11.82
0.12,-0.2,0.9,-0.51,-2.54,-0.53,7.4,-12.47
0.1,-0.19,0.91,-0.57,-2.51,-0.49,6.01,-11.81
0.08,-0.17,0.92,-0.6,-2.45,-0.44,4.84,-10.53
0.06,-0.13,0.92,-0.61,-2.41,-0.36,3.61,-8.3
0.05,-0.1,0.9,-0.63,-2.42,-0.29,3.17,-6.27
0.05,-0.09,0.88,-0.67,-2.45,-0.21,3.38,-6.11
0.05,-0.13,0.87,-0.66,-2.49,-0.12,3.44,-8.2
0.06,-0.15,0.88,-0.68,-2.49,-0.08,3.62,-9.91
0.07,-0.19,0.91,-0.67,-2.5,-0.04,4.16,-11.43
0.1,-0.23,0.94,-0.62,-2.52,-0.03,5.67,-13.71
0.15,-0.3,0.97,-0.58,-2.56,-0.06,8.11,-16.83
0.18,-0.37,1.02,-0.56,-2.58,-0.13,9.22,-19.73
0.19,-0.41,1.04,-0.51,-2.59,-0.24,9.84,-21.18
0.18,-0.41,1.06,-0.45,-2.56,-0.37,9.05,-20.74
0.15,-0.36,1.06,-0.42,-2.56,-0.47,7.79,-18.73
0.13,-0.31,1.04,-0.39,-2.52,-0.55,6.77,-16.43
0.11,-0.27,1.04,-0.4,-2.5,-0.57,5.91,-14.68
0.1,-0.25,1.03,-0.41,-2.49,-0.56,5.36,-13.77
0.09,-0.24,1.04,-0.44,-2.49,-0.53,4.94,-12.88
0.08,-0.22,1.03,-0.48,-2.45,-0.5,4.43,-12.12
0.07,-0.2,1.02,-0.49,-2.42,-0.46,3.64,-10.89
0.05,-0.17,1.02,-0.49,-2.44,-0.42,2.62,-9.46
0.04,-0.16,1.01,-0.52,-2.47,-0.37,2.3,-9.19
0.03,-0.17,1.03,-0.56,-2.49,-0.34,1.7,-9.4
0.02,-0.18,1.04,-0.56,-2.53,-0.31,0.97,-9.92
-0.0,-0.19,1.06,-0.58,-2.51,-0.29,-0.16,-10.39
-0.01,-0.2,1.1,-0.57,-2.49,-0.26,-0.4,-10.53
0.0,-0.2,1.12,-0.55,-2.47,-0.23,0.11,-10.11
0.02,-0.21,1.13,-0.53,-2.44,-0.19,0.92,-10.38
0.05,-0.25,1.14,-0.48,-2.44,-0.18,2.38,-12.4
0.1,-0.31,1.18,-0.47,-2.41,-0.2,4.62,-14.9
0.11,-0.34,1.2,-0.46,-2.33,-0.26,5.17,-15.56
0.11,-0.3,1.18,-0.45,-2.28,-0.32,5.11,-14.22
0.08,-0.25,1.13,-0.43,-2.25,-0.38,4.02,-12.39
0.07,-0.21,1.11,-0.45,-2.28,-0.43,3.39,-10.69
0.05,-0.18,1.1,-0.47,-2.3,-0.44,2.72,-9.12
0.04,-0.15,1.1,-0.49,-2.34,-0.44,1.89,-7.55
0.01,-0.13,1.09,-0.51,-2.36,-0.41,0.68,-6.63
-0.01,-0.12,1.09,-0.54,-2.37,-0.38,-0.72,-6.24
-0.02,-0.11,1.09,-0.58,-2.36,-0.33,-1.02,-5.73
-0.03,-0.1,1.11,-0.62,-2.35,-0.27,-1.72,-5.23
-0.04,-0.11,1.13,-0.64,-2.35,-0.19,-2.04,-5.43
-0.05,-0.1,1.13,-0.66,-2.33,-0.14,-2.64,-5.16
-0.05,-0.1,1.12,-0.67,-2.29,-0.07,-2.76,-4.9
-0.06,-0.09,1.1,-0.68,-2.26,-0.0,-2.96,-4.55
-0.06,-0.08,1.09,-0.68,-2.21,0.06,-3.16,-4.0
-0.05,-0.07,1.06,-0.65,-2.17,0.13,-2.94,-4.01
-0.04,-0.08,1.03,-0.66,-2.12,0.19,-2.4,-4.36
-0.03,-0.08,1.02,-0.66,-2.12,0.26,-1.66,-4.36
-0.02,-0.09,1.03,-0.61,-2.14,0.3,-1.08,-5.01
0.01,-0.13,1.09,-0.55,-2.18,0.29,0.61,-6.91
0.03,-0.18,1.15,-0.48,-2.23,0.24,1.33,-8.78
0.05,-0.19,1.21,-0.39,-2.28,0.15,2.25,-9.1
0.06,-0.21,1.26,-0.27,-2.33,0.01,2.66,-9.69
0.07,-0.22,1.28,-0.15,-2.39,-0.11,2.89,-9.6
0.07,-0.2,1.29,-0.06,-2.43,-0.26,2.99,-8.69
0.06,-0.16,1.29,0.02,-2.47,-0.39,2.57,-7.13
0.04,-0.12,1.28,0.06,-2.51,-0.47,1.85,-5.56
0.02,-0.1,1.27,0.09,-2.54,-0.51,1.09,-4.48
0.02,-0.07,1.25,0.08,-2.53,-0.51,0.71,-3.35
0.01,-0.06,1.25,0.05,-2.51,-0.46,0.33,-2.53
0.0,-0.04,1.25,-0.01,-2.47,-0.4,0.09,-1.71
-0.01,-0.03,1.23,-0.07,-2.42,-0.32,-0.34,-1.26
-0.02,-0.04,1.23,-0.16,-2.35,-0.23,-0.85,-1.71
-0.02,-0.03,1.24,-0.25,-2.27,-0.14,-1.08,-1.53
-0.03,-0.02,1.23,-0.33,-2.18,-0.05,-1.25,-0.71
-0.03,-0.0,1.23,-0.39,-2.1,0.03,-1.51,-0.17
-0.04,0.01,1.23,-0.46,-2.03,0.1,-1.77,0.42
-0.04,0.01,1.24,-0.52,-1.96,0.16,-1.84,0.36
-0.04,0.01,1.26,-0.51,-1.9,0.2,-1.68,0.23
-0.03,-0.01,1.3,-0.5,-1.86,0.21,-1.18,-0.34
-0.01,-0.01,1.32,-0.47,-1.8,0.19,-0.48,-0.44
-0.01,-0.0,1.34,-0.43,-1.77,0.14,-0.32,-0.21
0.0,0.0,1.34,-0.35,-1.74,0.08,0.07,0.03
0.02,0.01,1.33,-0.26,-1.74,0.01,0.68,0.52
0.02,0.02,1.31,-0.19,-1.73,-0.07,0.77,0.94
0.02,0.03,1.27,-0.07,-1.76,-0.14,1.06,1.31
0.03,0.03,1.22,-0.01,-1.79,-0.2,1.52,1.4
0.04,0.03,1.18,0.05,-1.84,-0.25,2.16,1.52
0.05,0.03,1.16,0.08,-1.87,-0.29,2.64,1.49
0.06,0.03,1.13,0.09,-1.9,-0.31,3.15,1.56
0.07,0.03,1.12,0.07,-1.92,-0.32,3.48,1.71
0.07,0.02,1.11,0.06,-1.95,-0.3,3.85,1.16
0.07,0.02,1.12,0.01,-1.98,-0.29,3.7,0.81
0.07,0.02,1.14,-0.05,-2.0,-0.29,3.46,0.81
0.05,0.02,1.16,-0.09,-1.99,-0.27,2.59,0.75
0.04,0.02,1.18,-0.14,-1.96,-0.25,1.88,1.11
0.02,0.03,1.2,-0.19,-1.94,-0.25,0.91,1.52
0.0,0.05,1.22,-0.24,-1.91,-0.22,0.11,2.16
-0.01,0.06,1.26,-0.28,-1.86,-0.19,-0.6,2.74
-0.04,0.09,1.31,-0.29,-1.83,-0.17,-1.76,3.79
-0.06,0.11,1.35,-0.28,-1.82,-0.16,-2.65,4.59
-0.09,0.14,1.39,-0.24,-1.76,-0.17,-3.49,5.89
-0.1,0.18,1.4,-0.17,-1.72,-0.17,-4.07,7.2
-0.11,0.19,1.4,-0.11,-1.69,-0.2,-4.56,7.88
-0.11,0.21,1.41,-0.04,-1.64,-0.22,-4.59,8.38
-0.12,0.22,1.39,0.06,-1.62,-0.22,-4.89,9.01
-0.12,0.25,1.38,0.12,-1.58,-0.23,-5.05,10.16
-0.12,0.25,1.35,0.22,-1.54,-0.23,-4.88,10.35
-0.1,0.25,1.32,0.29,-1.5,-0.23,-4.1,10.65
-0.08,0.24,1.29,0.31,-1.47,-0.2,-3.46,10.74
-0.06,0.23,1.27,0.32,-1.43,-0.17,-2.48,10.4
-0.04,0.22,1.24,0.32,-1.4,-0.13,-1.65,9.83
-0.02,0.21,1.23,0.31,-1.36,-0.12,-1.01,9.53
-0.01,0.2,1.23,0.27,-1.34,-0.09,-0.6,9.25
-0.01,0.2,1.23,0.26,-1.28,-0.14,-0.42,9.24
-0.01,0.21,1.24,0.19,-1.28,-0.05,-0.25,9.43
-0.0,0.2,1.24,0.19,-1.24,-0.08,-0.11,9.38
0.01,0.21,1.24,0.14,-1.2,-0.03,0.37,9.61
0.01,0.2,1.24,0.12,-1.16,-0.03,0.3,9.15
0.01,0.22,1.25,0.08,-1.14,-0.02,0.37,9.8
0.0,0.22,1.24,0.08,-1.08,-0.09,0.03,9.95
0.0,0.21,1.25,0.04,-1.07,-0.02,0.13,9.75
-0.0,0.21,1.26,0.02,-1.01,-0.03,-0.16,9.53
-0.01,0.22,1.26,0.0,-1.0,-0.03,-0.43,10.07
-0.02,0.24,1.26,0.01,-0.96,-0.05,-0.77,10.61
-0.03,0.24,1.25,0.01,-0.93,-0.06,-1.39,10.99
-0.04,0.25,1.24,0.01,-0.89,-0.08,-1.83,11.49
-0.05,0.25,1.22,0.02,-0.87,-0.08,-2.38,11.48
-0.06,0.25,1.21,0.05,-0.86,-0.09,-2.57,11.63
-0.07,0.26,1.21,0.07,-0.86,-0.08,-3.08,11.95
-0.08,0.28,1.21,0.08,-0.84,-0.1,-3.62,12.8
-0.08,0.28,1.22,0.12,-0.85,-0.11,-3.55,12.73
-0.08,0.28,1.22,0.17,-0.84,-0.13,-3.61,12.72
-0.07,0.27,1.21,0.19,-0.85,-0.15,-3.06,12.47
-0.05,0.25,1.2,0.23,-0.84,-0.15,-2.57,11.89
-0.04,0.23,1.19,0.23,-0.83,-0.16,-2.01,11.07
-0.03,0.22,1.17,0.24,-0.84,-0.19,-1.57,10.55
-0.03,0.21,1.15,0.21,-0.86,-0.19,-1.6,10.17
-0.03,0.2,1.16,0.19,-0.83,-0.2,-1.37,10.0
-0.03,0.2,1.17,0.16,-0.83,-0.21,-1.32,9.65
-0.03,0.2,1.19,0.16,-0.82,-0.23,-1.51,9.38
-0.05,0.19,1.21,0.12,-0.78,-0.26,-2.13,8.7
-0.05,0.18,1.23,0.07,-0.68,-0.29,-2.11,8.37
-0.05,0.19,1.23,0.04,-0.6,-0.3,-2.49,8.58
-0.06,0.2,1.21,0.0,-0.49,-0.29,-2.88,9.42
-0.07,0.22,1.19,-0.01,-0.34,-0.33,-3.4,10.44
-0.08,0.23,1.18,-0.06,-0.28,-0.22,-3.83,11.18
-0.08,0.23,1.18,-0.1,-0.17,-0.17,-3.95,11.24
-0.08,0.24,1.17,-0.1,-0.1,-0.11,-3.84,11.49
-0.07,0.22,1.17,-0.11,0.03,-0.14,-3.54,10.71
-0.06,0.21,1.16,-0.15,0.02,-0.04,-3.05,10.05
-0.05,0.2,1.15,-0.18,0.08,-0.02,-2.43,9.6
-0.04,0.18,1.16,-0.21,0.09,-0.01,-2.08,8.95
-0.04,0.18,1.16,-0.24,0.1,-0.02,-2.09,8.83
-0.05,0.17,1.17,-0.19,0.27,-0.21,-2.44,8.46
-0.06,0.17,1.15,-0.26,0.13,-0.09,-3.11,8.5
-0.07,0.17,1.13,-0.26,0.12,-0.11,-3.72,8.5
-0.09,0.17,1.11,-0.26,0.12,-0.13,-4.76,8.75
-0.11,0.18,1.1,-0.25,0.12,-0.15,-5.51,9.43
-0.12,0.19,1.1,-0.26,0.14,-0.15,-6.19,9.83
-0.14,0.2,1.08,-0.21,0.12,-0.13,-7.47,10.27
-0.16,0.2,1.08,-0.17,0.12,-0.12,-8.12,10.39
-0.16,0.2,1.08,-0.15,0.14,-0.09,-8.03,10.51
-0.16,0.2,1.09,-0.1,0.13,-0.06,-8.11,10.41
-0.15,0.19,1.09,-0.06,0.14,-0.03,-7.83,9.98
-0.14,0.19,1.1,-0.01,0.15,-0.0,-7.37,9.75
-0.14,0.18,1.1,0.01,0.16,0.01,-6.97,9.35
-0.12,0.17,1.12,0.03,0.2,0.03,-6.06,8.39
-0.11,0.15,1.13,0.08,0.21,0.04,-5.43,7.5
-0.09,0.13,1.13,0.13,0.22,0.05,-4.33,6.73
-0.07,0.13,1.12,0.13,0.26,0.04,-3.6,6.45
-0.05,0.12,1.13,0.14,0.27,0.04,-2.77,6.05
-0.03,0.1,1.13,0.14,0.29,0.02,-1.6,5.28
-0.02,0.1,1.14,0.14,0.27,0.01,-1.01,4.78
-0.02,0.08,1.14,0.15,0.29,-0.02,-0.9,4.1
-0.01,0.08,1.13,0.15,0.29,-0.06,-0.75,4.02
-0.01,0.07,1.12,0.16,0.28,-0.08,-0.58,3.39
-0.01,0.07,1.1,0.18,0.27,-0.11,-0.41,3.6
-0.01,0.07,1.08,0.17,0.28,-0.14,-0.73,3.8
-0.01,0.07,1.06,0.15,0.28,-0.14,-0.57,3.7
-0.01,0.06,1.05,0.15,0.27,-0.13,-0.58,3.43
-0.01,0.06,1.05,0.15,0.27,-0.13,-0.73,3.03
-0.03,0.04,1.04,0.16,0.25,-0.13,-1.44,2.46
-0.03,0.03,1.03,0.13,0.24,-0.13,-1.82,1.82
-0.03,0.05,1.03,0.13,0.22,-0.12,-1.66,2.65
-0.03,0.05,1.02,0.14,0.21,-0.12,-1.69,2.71
-0.04,0.05,1.02,0.15,0.2,-0.11,-2.24,2.72
-0.04,0.04,1.02,0.17,0.18,-0.08,-2.0,2.49
-0.03,0.05,1.03,0.18,0.18,-0.06,-1.64,2.84
-0.02,0.05,1.04,0.21,0.15,-0.03,-1.31,2.62
-0.02,0.03,1.06,0.23,0.14,-0.01,-0.94,1.71
-0.0,0.02,1.07,0.24,0.18,-0.01,-0.01,0.86
0.01,0.01,1.07,0.22,0.22,0.02,0.79,0.47
0.03,0.01,1.08,0.2,0.25,0.05,1.45,0.59
0.04,0.0,1.08,0.17,0.3,0.07,1.89,0.25
0.05,-0.01,1.1,0.17,0.33,0.1,2.8,-0.33
0.07,-0.01,1.1,0.13,0.39,0.13,3.57,-0.51
0.08,-0.01,1.08,0.1,0.43,0.14,4.2,-0.68
0.09,-0.03,1.06,0.08,0.42,0.17,4.76,-1.38
0.09,-0.02,1.05,0.03,0.44,0.15,4.94,-1.14
0.09,-0.02,1.05,0.01,0.42,0.16,4.68,-1.13
0.08,-0.02,1.05,-0.0,0.41,0.12,4.35,-1.0
0.07,-0.02,1.06,0.02,0.36,0.1,3.78,-1.22
0.07,-0.01,1.06,0.03,0.36,0.07,3.61,-0.39
0.08,-0.02,1.03,0.02,0.34,0.05,4.22,-1.37
0.06,-0.02,1.03,-0.0,0.33,0.04,3.37,-1.12
0.05,-0.02,1.02,0.02,0.29,0.05,3.01,-1.11
0.05,-0.02,1.01,0.02,0.29,0.05,3.11,-1.01
0.05,-0.01,1.0,0.02,0.28,0.06,3.12,-0.68
0.05,-0.02,1.0,0.05,0.26,0.07,3.08,-1.41
0.04,-0.01,1.01,0.06,0.22,0.08,2.19,-0.84
0.04,-0.01,1.01,0.08,0.21,0.08,2.43,-0.84
0.05,-0.02,1.01,0.08,0.21,0.09,2.73,-1.08
0.05,-0.03,1.02,0.05,0.13,0.13,2.99,-1.51
0.05,-0.03,1.01,0.11,0.18,0.09,3.03,-1.82
0.06,-0.04,1.0,0.12,0.18,0.08,3.48,-2.26
0.07,-0.03,1.0,0.14,0.18,0.09,4.06,-1.67
0.07,-0.03,1.01,0.14,0.18,0.1,4.19,-1.97
0.09,-0.03,1.03,0.15,0.17,0.1,4.93,-1.68
0.11,-0.05,1.07,0.17,0.16,0.11,5.92,-2.4
0.12,-0.05,1.09,0.14,0.2,0.1,6.54,-2.41
0.14,-0.06,1.08,0.15,0.2,0.07,7.34,-3.09
0.15,-0.07,1.06,0.14,0.21,0.04,8.02,-4.01
0.16,-0.08,1.03,0.11,0.21,0.02,8.76,-4.26
0.16,-0.08,1.01,0.06,0.2,0.0,9.02,-4.46
0.16,-0.08,1.0,0.02,0.22,-0.01,9.24,-4.4
0.16,-0.07,1.0,0.04,0.34,-0.18,9.05,-3.77
0.15,-0.07,0.98,-0.05,0.16,-0.02,8.74,-3.84
0.14,-0.07,0.97,-0.09,0.13,-0.02,8.22,-3.93
0.13,-0.05,0.98,-0.12,0.09,-0.0,7.53,-2.99
0.11,-0.05,0.98,-0.12,0.05,-0.0,6.64,-3.1
0.1,-0.04,0.99,-0.13,0.03,-0.02,5.75,-2.32
0.09,-0.04,0.98,-0.13,0.0,-0.03,5.26,-2.09
0.07,-0.04,0.98,-0.13,-0.03,-0.03,4.15,-2.17
0.06,-0.03,0.98,-0.15,-0.06,-0.03,3.4,-2.01
0.04,-0.02,0.98,-0.11,-0.1,-0.03,2.33,-1.31
0.03,-0.01,0.99,-0.08,-0.11,-0.02,1.55,-0.4
0.02,-0.0,1.0,-0.08,-0.14,-0.02,0.91,-0.24
0.01,-0.0,1.01,-0.02,-0.17,-0.02,0.4,-0.02
-0.0,0.01,1.02,0.03,-0.2,-0.02,-0.05,0.49
0.0,0.01,1.03,0.06,-0.21,-0.02,0.13,0.71
0.01,0.02,1.03,0.08,-0.21,-0.02,0.42,1.07
0.02,0.02,1.03,0.15,-0.23,-0.01,1.19,1.0
0.04,0.01,1.03,0.18,-0.24,-0.01,2.16,0.7
0.06,0.0,1.04,0.21,-0.25,-0.01,3.2,0.26
0.08,-0.01,1.06,0.19,-0.24,-0.01,4.07,-0.53
0.09,-0.03,1.09,0.19,-0.24,-0.01,4.62,-1.32
0.11,-0.04,1.08,0.16,-0.22,-0.02,5.58,-1.86
0.12,-0.05,1.07,0.11,-0.19,-0.04,6.16,-2.4
0.12,-0.05,1.04,0.05,-0.16,-0.05,6.71,-2.85
0.12,-0.04,1.02,0.0,-0.16,-0.04,6.9,-2.21
0.11,-0.03,1.01,-0.06,-0.17,-0.04,6.37,-1.56
0.11,-0.01,1.0,-0.1,-0.17,-0.03,6.0,-0.75
0.09,-0.01,1.02,-0.15,-0.18,-0.01,5.28,-0.73
0.07,-0.0,1.03,-0.19,-0.18,-0.01,3.76,-0.02
0.05,0.01,1.05,-0.19,-0.2,-0.02,2.73,0.5
0.04,0.02,1.07,-0.19,-0.21,-0.04,2.13,1.01
0.03,0.02,1.08,-0.2,-0.19,-0.06,1.67,0.99
0.02,0.04,1.08,-0.16,-0.2,-0.07,1.15,2.35
0.01,0.03,1.07,-0.13,-0.21,-0.08,0.68,1.6
0.01,0.05,1.07,-0.11,-0.21,-0.09,0.3,2.55
0.01,0.04,1.04,-0.12,-0.21,-0.07,0.32,2.24
0.0,0.03,1.03,-0.1,-0.22,-0.06,0.25,1.76
-0.0,0.04,1.03,-0.09,-0.23,-0.05,-0.22,2.44
-0.01,0.05,1.02,-0.08,-0.24,-0.03,-0.48,3.05
-0.01,0.05,1.02,-0.04,-0.25,-0.03,-0.57,2.55
-0.02,0.06,1.04,-0.03,-0.27,-0.02,-0.86,3.34
-0.01,0.07,1.07,-0.01,-0.29,-0.02,-0.69,3.57
-0.01,0.06,1.09,0.03,-0.31,-0.05,-0.56,3.36
-0.02,0.08,1.11,0.08,-0.31,-0.07,-1.01,4.25
-0.02,0.1,1.12,0.12,-0.32,-0.1,-0.94,4.95
-0.01,0.1,1.14,0.2,-0.34,-0.13,-0.6,4.81
-0.01,0.1,1.15,0.28,-0.37,-0.18,-0.44,5.08
-0.01,0.11,1.17,0.36,-0.4,-0.22,-0.69,5.44
-0.02,0.12,1.18,0.46,-0.42,-0.28,-0.81,5.8
-0.01,0.11,1.16,0.52,-0.44,-0.33,-0.35,5.46
0.01,0.1,1.14,0.61,-0.47,-0.38,0.31,4.85
0.03,0.06,1.1,0.63,-0.47,-0.42,1.8,3.03
0.06,0.03,1.05,0.6,-0.46,-0.43,3.07,1.54
0.09,0.01,1.03,0.56,-0.46,-0.41,4.74,0.33
0.1,-0.01,1.0,0.48,-0.44,-0.39,5.66,-0.6
0.1,-0.01,0.99,0.35,-0.39,-0.33,5.68,-0.68
0.1,-0.02,0.98,0.22,-0.34,-0.26,5.74,-1.14
0.09,-0.01,0.99,0.11,-0.29,-0.2,5.05,-0.42
0.08,0.01,0.99,-0.03,-0.24,-0.13,4.37,0.52
0.05,0.03,0.99,-0.11,-0.22,-0.07,2.89,1.71
0.02,0.06,1.01,-0.18,-0.18,-0.01,0.87,3.65
-0.01,0.09,1.02,-0.22,-0.18,0.02,-0.41,5.19
-0.03,0.12,1.04,-0.2,-0.18,0.05,-1.57,6.75
-0.04,0.13,1.06,-0.18,-0.19,0.06,-2.08,6.85
-0.05,0.15,1.1,-0.14,-0.22,0.05,-2.47,7.52
-0.06,0.15,1.14,-0.09,-0.23,0.04,-2.95,7.65
-0.07,0.16,1.17,0.0,-0.14,-0.09,-3.17,7.87
-0.06,0.16,1.19,0.01,-0.24,-0.01,-3.0,7.64
-0.06,0.16,1.19,0.08,-0.24,-0.05,-2.92,7.43
-0.06,0.17,1.21,0.13,-0.23,-0.08,-2.91,7.82
-0.06,0.16,1.2,0.18,-0.22,-0.11,-2.72,7.66
-0.06,0.16,1.18,0.2,-0.21,-0.14,-2.82,7.66
-0.06,0.17,1.16,0.21,-0.2,-0.16,-2.86,8.23
-0.05,0.16,1.14,0.22,-0.19,-0.17,-2.59,8.13
-0.05,0.17,1.12,0.23,-0.19,-0.16,-2.46,8.71
-0.04,0.16,1.1,0.2,-0.19,-0.14,-1.84,8.44
-0.04,0.18,1.09,0.17,-0.16,-0.12,-2.27,9.35
-0.04,0.18,1.09,0.13,-0.18,-0.09,-1.83,9.17
-0.04,0.18,1.1,0.09,-0.19,-0.07,-1.85,9.5
-0.04,0.19,1.11,0.05,-0.21,-0.05,-1.97,9.61
-0.05,0.2,1.13,-0.01,-0.2,-0.03,-2.43,10.03
-0.05,0.21,1.17,-0.07,-0.19,-0.03,-2.3,10.3
-0.06,0.22,1.22,-0.1,-0.18,-0.02,-2.67,10.41
-0.07,0.25,1.26,-0.12,-0.14,-0.02,-3.1,11.05
-0.07,0.27,1.32,-0.16,-0.08,-0.05,-3.06,11.34
-0.09,0.26,1.39,-0.19,0.0,-0.06,-3.46,10.73
-0.08,0.27,1.45,-0.22,0.13,-0.09,-3.07,10.42
-0.08,0.28,1.46,-0.26,0.26,-0.13,-3.04,10.99
-0.1,0.31,1.46,-0.3,0.42,-0.14,-3.7,11.96
-0.11,0.33,1.44,-0.35,0.56,-0.16,-4.1,12.85
-0.12,0.36,1.42,-0.36,0.67,-0.16,-4.51,14.2
-0.13,0.39,1.41,-0.39,0.74,-0.15,-5.08,15.56
-0.15,0.41,1.4,-0.42,0.83,-0.14,-5.72,16.15
-0.15,0.4,1.41,-0.4,0.89,-0.12,-6.0,15.68
-0.17,0.4,1.42,-0.38,0.96,-0.12,-6.55,15.65
-0.18,0.41,1.44,-0.35,1.04,-0.13,-6.96,15.94
-0.19,0.41,1.44,-0.32,1.13,-0.12,-7.25,15.88
-0.19,0.41,1.44,-0.28,1.19,-0.12,-7.16,15.75
-0.18,0.39,1.43,-0.24,1.26,-0.11,-6.83,15.22
-0.17,0.37,1.43,-0.2,1.31,-0.1,-6.36,14.52
-0.14,0.35,1.42,-0.2,1.38,-0.09,-5.58,13.59
-0.12,0.32,1.41,-0.22,1.46,-0.07,-4.7,12.79
-0.1,0.31,1.39,-0.21,1.51,-0.04,-4.17,12.43
-0.08,0.29,1.38,-0.24,1.71,-0.1,-3.28,11.97
-0.07,0.29,1.38,-0.3,1.66,0.02,-3.0,11.73
-0.07,0.28,1.4,-0.36,1.74,0.06,-2.67,11.23
-0.06,0.27,1.42,-0.36,1.77,0.1,-2.28,10.91
-0.05,0.26,1.47,-0.4,1.84,0.1,-2.01,9.91
-0.05,0.24,1.52,-0.4,1.9,0.1,-1.78,9.02
-0.04,0.22,1.56,-0.45,2.0,0.09,-1.31,8.07
-0.03,0.22,1.59,-0.44,2.09,0.07,-1.11,7.95
-0.03,0.22,1.6,-0.47,2.19,0.04,-1.05,7.97
-0.02,0.21,1.6,-0.5,2.31,0.03,-0.7,7.39
-0.02,0.2,1.59,-0.52,2.41,0.03,-0.61,7.06
-0.02,0.19,1.58,-0.52,2.47,0.04,-0.76,6.81
-0.03,0.18,1.57,-0.55,2.7,0.0,-1.05,6.45
-0.03,0.17,1.55,-0.56,2.66,0.09,-1.25,6.14
-0.03,0.15,1.54,-0.58,2.74,0.13,-1.22,5.66
-0.04,0.13,1.55,-0.57,2.8,0.15,-1.34,4.72
-0.04,0.1,1.55,-0.55,2.83,0.18,-1.39,3.84
-0.04,0.08,1.56,-0.55,2.9,0.21,-1.31,3.06
-0.04,0.05,1.55,-0.56,2.97,0.22,-1.32,1.9
-0.03,0.01,1.54,-0.5,3.22,0.1,-1.06,0.55
-0.02,-0.0,1.54,-0.51,3.05,0.24,-0.78,-0.04
-0.02,-0.02,1.56,-0.53,3.13,0.24,-0.75,-0.79
-0.02,-0.05,1.57,-0.5,3.18,0.24,-0.59,-1.66
-0.04,-0.05,1.56,-0.48,3.24,0.23,-1.34,-1.91
-0.02,-0.07,1.54,-0.46,3.28,0.24,-0.62,-2.53
-0.02,-0.09,1.52,-0.46,3.33,0.24,-0.7,-3.23
-0.01,-0.12,1.54,-0.44,3.36,0.26,-0.36,-4.47
-0.01,-0.15,1.55,-0.42,3.38,0.26,-0.22,-5.44
-0.0,-0.18,1.57,-0.41,3.41,0.28,-0.09,-6.41
-0.0,-0.2,1.58,-0.4,3.48,0.29,-0.12,-7.21
-0.01,-0.21,1.58,-0.39,3.55,0.29,-0.27,-7.66
0.0,-0.24,1.57,-0.39,3.63,0.31,0.03,-8.71
0.01,-0.27,1.55,-0.35,3.67,0.33,0.21,-9.79
0.02,-0.3,1.52,-0.37,3.76,0.36,0.83,-10.96
0.04,-0.31,1.5,-0.41,3.85,0.39,1.43,-11.56
0.03,-0.33,1.48,-0.41,3.88,0.43,1.06,-12.42
0.03,-0.34,1.48,-0.43,3.92,0.47,1.28,-12.9
0.02,-0.36,1.47,-0.41,3.97,0.49,0.62,-13.84
0.02,-0.37,1.48,-0.43,4.03,0.52,0.64,-14.2
0.01,-0.39,1.46,-0.4,4.07,0.54,0.53,-14.96
0.01,-0.4,1.45,-0.36,4.1,0.56,0.27,-15.33
0.01,-0.42,1.45,-0.29,4.13,0.59,0.45,-16.04
0.01,-0.43,1.44,-0.22,4.18,0.6,0.43,-16.61
0.01,-0.44,1.41,-0.12,4.2,0.62,0.24,-17.37
0.02,-0.45,1.39,-0.03,4.24,0.63,0.6,-18.0
0.03,-0.46,1.36,0.07,4.23,0.64,1.22,-18.72
0.05,-0.48,1.32,0.18,4.21,0.64,2.04,-20.15
0.08,-0.52,1.29,0.26,4.19,0.63,3.1,-21.96
0.09,-0.56,1.26,0.35,4.17,0.61,3.86,-23.87
0.11,-0.58,1.21,0.39,4.19,0.58,4.7,-25.63
0.14,-0.58,1.16,0.43,4.24,0.54,6.1,-26.66
0.15,-0.57,1.09,0.43,4.25,0.54,6.78,-27.24
0.16,-0.53,1.03,0.42,4.24,0.56,7.65,-27.02
0.16,-0.51,0.99,0.39,4.21,0.56,8.24,-26.92
0.17,-0.5,0.93,0.33,4.2,0.59,9.35,-27.94
0.17,-0.5,0.89,0.27,4.16,0.64,9.41,-29.05
0.17,-0.52,0.86,0.23,4.34,0.55,9.73,-30.5
0.17,-0.52,0.87,0.08,4.17,0.71,9.62,-30.5
0.17,-0.51,0.88,0.01,4.15,0.75,9.43,-29.75
0.17,-0.52,0.88,-0.03,4.13,0.8,9.2,-30.33
0.15,-0.5,0.89,-0.05,4.14,0.83,8.36,-29.29
0.15,-0.5,0.87,-0.04,4.25,0.85,8.28,-29.49
0.15,-0.5,0.87,-0.02,4.11,0.91,8.36,-29.43
0.16,-0.52,0.86,0.02,4.12,0.93,8.88,-30.79
0.17,-0.52,0.84,0.09,4.11,0.94,9.97,-31.16
0.18,-0.51,0.81,0.13,4.06,0.91,10.77,-31.61
0.18,-0.54,0.79,0.19,4.0,0.88,10.69,-33.4
0.19,-0.6,0.81,0.26,3.95,0.81,10.72,-35.95
0.2,-0.63,0.83,0.39,3.92,0.71,10.67,-36.65
0.19,-0.65,0.83,0.53,3.91,0.6,10.41,-37.15
0.17,-0.62,0.8,0.69,3.91,0.5,9.66,-37.33
0.14,-0.56,0.75,0.82,3.9,0.43,8.45,-36.58
0.13,-0.5,0.71,0.96,3.86,0.39,8.65,-34.98
0.14,-0.46,0.66,1.08,3.77,0.38,9.66,-34.31
0.14,-0.4,0.61,1.13,3.75,0.39,10.77,-32.9
0.16,-0.36,0.55,1.17,3.69,0.4,13.26,-32.3
0.18,-0.34,0.49,1.15,3.65,0.41,16.74,-32.92
0.2,-0.31,0.46,1.09,3.64,0.42,20.07,-32.03
0.23,-0.29,0.43,1.01,3.59,0.44,24.07,-30.76
0.27,-0.27,0.41,0.91,3.55,0.45,28.65,-29.16
0.28,-0.25,0.39,0.8,3.5,0.46,30.86,-27.16
0.28,-0.24,0.4,0.69,3.44,0.46,30.87,-26.04
0.28,-0.23,0.4,0.54,3.43,0.5,31.42,-25.48
0.26,-0.21,0.4,0.45,3.38,0.43,30.46,-23.32
0.26,-0.2,0.41,0.39,3.37,0.42,29.81,-23.01
0.26,-0.2,0.42,0.29,3.37,0.4,29.32,-22.32
0.24,-0.17,0.44,0.25,3.32,0.38,27.2,-19.26
0.22,-0.15,0.45,0.18,3.32,0.37,24.69,-16.43
0.2,-0.13,0.45,0.15,3.26,0.38,23.49,-14.77
0.19,-0.12,0.46,0.14,3.21,0.38,21.6,-13.15
0.19,-0.11,0.47,0.13,3.16,0.38,21.58,-12.63
0.19,-0.13,0.47,0.1,3.15,0.38,21.57,-14.07
0.21,-0.13,0.45,0.1,3.1,0.38,24.18,-14.33
0.2,-0.11,0.44,0.12,3.07,0.36,23.85,-12.34
0.19,-0.07,0.45,0.1,3.09,0.37,23.06,-7.81
0.19,-0.02,0.45,0.08,3.08,0.36,22.39,-2.04
0.16,0.01,0.44,0.08,3.02,0.36,19.85,1.21
0.13,0.04,0.45,0.08,2.95,0.35,16.3,5.44
0.1,0.07,0.46,0.13,2.91,0.32,12.04,7.9
0.1,0.09,0.48,0.17,2.84,0.32,11.42,9.78
0.09,0.09,0.47,0.21,2.76,0.31,10.46,10.46
0.06,0.12,0.48,0.31,2.65,0.3,7.26,13.85
0.06,0.14,0.48,0.4,2.55,0.28,7.19,15.75
0.06,0.14,0.48,0.48,2.41,0.25,7.35,15.92
0.06,0.14,0.48,0.56,2.33,0.23,6.58,16.56
0.06,0.17,0.51,0.64,2.22,0.19,6.33,18.48
0.07,0.22,0.5,0.75,2.08,0.15,7.32,23.2
0.08,0.26,0.47,0.79,2.0,0.13,8.57,28.65
0.09,0.3,0.45,0.78,1.94,0.11,9.2,33.25
0.11,0.36,0.46,0.77,1.86,0.1,10.6,36.98
0.12,0.42,0.47,0.73,1.79,0.13,10.83,40.81
0.12,0.47,0.45,0.62,1.77,0.15,10.5,44.85
0.12,0.49,0.44,0.48,1.73,0.18,10.26,46.74
0.14,0.52,0.45,0.42,1.84,0.09,11.71,47.43
0.13,0.55,0.49,0.28,1.85,0.11,10.15,47.02
0.12,0.56,0.51,0.03,1.64,0.3,8.66,46.78
0.1,0.55,0.53,-0.08,1.58,0.34,7.3,45.54
0.08,0.52,0.58,-0.1,1.68,0.24,6.06,42.06
0.07,0.49,0.6,-0.22,1.41,0.39,5.52,38.97
0.07,0.43,0.61,-0.25,1.34,0.38,5.16,35.11
0.06,0.38,0.62,-0.22,1.24,0.34,4.57,31.51
0.04,0.34,0.65,-0.14,1.13,0.27,3.48,27.76
0.05,0.32,0.68,-0.01,0.98,0.19,3.56,24.81
0.05,0.3,0.71,0.12,0.83,0.12,4.05,22.91
0.05,0.3,0.73,0.23,0.7,0.04,3.35,22.39
0.04,0.31,0.73,0.33,0.55,-0.06,2.57,23.28
0.02,0.32,0.73,0.43,0.44,-0.13,1.34,23.75
0.01,0.33,0.73,0.47,0.35,-0.19,0.95,24.49
0.02,0.32,0.74,0.5,0.28,-0.22,1.41,23.62
0.02,0.33,0.76,0.53,0.21,-0.22,1.58,23.33
0.02,0.34,0.76,0.53,0.16,-0.22,1.54,24.3
0.02,0.37,0.74,0.46,0.15,-0.2,1.27,26.73
0.02,0.4,0.74,0.38,0.17,-0.15,1.41,28.25
0.03,0.4,0.77,0.27,0.17,-0.09,1.72,27.62
0.03,0.4,0.78,0.16,0.16,-0.03,1.75,27.28
0.02,0.4,0.78,0.04,0.16,0.04,1.53,27.43
0.02,0.4,0.78,-0.08,0.17,0.09,1.33,27.09
0.01,0.36,0.8,-0.18,0.16,0.15,0.98,24.3
0.02,0.31,0.83,-0.2,0.26,0.04,1.5,20.3
0.03,0.25,0.85,-0.29,0.08,0.21,1.9,16.5
0.04,0.2,0.85,-0.28,0.04,0.21,2.84,13.15
0.05,0.17,0.84,-0.29,-0.01,0.2,3.38,11.67
0.06,0.14,0.84,-0.26,-0.07,0.16,3.73,9.13
0.06,0.11,0.86,-0.24,-0.1,0.1,4.26,7.39
0.07,0.08,0.88,-0.23,-0.13,0.06,4.82,5.32
0.07,0.06,0.88,-0.2,-0.16,0.02,4.48,4.06
0.06,0.06,0.89,-0.2,-0.17,-0.01,4.05,4.06
0.05,0.06,0.91,-0.18,-0.2,-0.02,3.19,4.08
0.07,0.03,0.92,-0.17,-0.22,-0.04,4.54,2.08
0.07,0.02,0.91,-0.17,-0.26,-0.05,4.4,1.24
0.07,0.01,0.9,-0.17,-0.26,-0.06,4.27,0.72
0.05,0.0,0.91,-0.17,-0.22,-0.09,3.17,0.27
0.06,-0.01,0.93,-0.19,-0.19,-0.09,3.5,-0.68
0.05,-0.03,0.97,-0.19,-0.16,-0.08,2.87,-1.94
0.05,-0.03,0.96,-0.17,-0.15,-0.05,2.86,-1.88
0.05,-0.03,0.95,-0.19,-0.11,-0.03,2.78,-2.01
0.05,-0.02,0.94,-0.18,-0.08,-0.01,3.05,-1.2
0.06,-0.03,0.96,-0.21,-0.05,0.0,3.28,-1.53
0.05,-0.01,0.97,-0.22,-0.05,0.02,2.77,-0.31
0.05,0.0,0.96,-0.24,-0.05,0.02,2.84,0.17
0.04,0.0,0.96,-0.28,-0.04,0.03,2.33,0.07
0.03,-0.01,0.96,-0.3,-0.02,0.04,1.76,-0.73
0.03,-0.03,0.97,-0.24,0.12,-0.09,1.74,-1.81
0.03,-0.05,0.98,-0.28,-0.03,0.04,2.01,-3.03
0.04,-0.07,0.99,-0.26,-0.03,0.04,2.25,-4.15
0.03,-0.09,0.99,-0.24,-0.04,0.03,1.97,-5.13
0.03,-0.09,0.98,-0.2,-0.01,0.01,2.03,-5.21
0.02,-0.09,1.0,-0.16,-0.01,-0.01,1.05,-5.4
0.02,-0.09,1.01,-0.1,-0.01,-0.01,0.86,-4.96
0.03,-0.09,1.0,-0.05,-0.01,-0.01,1.54,-5.21
0.04,-0.08,0.99,0.02,-0.04,0.0,2.29,-4.68
0.04,-0.06,0.97,0.06,-0.02,-0.01,2.58,-3.79
0.04,-0.04,0.96,0.07,0.01,-0.02,2.32,-2.35
0.05,-0.02,0.96,0.07,0.04,-0.01,2.97,-1.07
0.05,0.01,0.95,0.08,0.03,0.01,3.25,0.53
0.05,0.03,0.95,0.05,0.05,0.04,3.2,1.51
0.05,0.04,0.95,0.02,0.06,0.05,2.77,2.35
0.05,0.04,0.95,-0.02,0.08,0.07,3.0,2.6
0.05,0.04,0.95,-0.04,0.07,0.09,3.22,2.5
0.06,0.04,0.93,-0.04,0.06,0.09,3.65,2.47
0.06,0.04,0.93,-0.06,0.06,0.1,3.4,2.18
0.06,0.04,0.93,-0.06,0.07,0.08,3.49,2.44
0.05,0.05,0.94,-0.07,0.07,0.08,2.86,2.89
0.04,0.05,0.95,-0.05,0.03,0.07,2.61,2.85
0.04,0.04,0.94,-0.04,-0.0,0.06,2.7,2.29
0.04,0.03,0.95,-0.07,-0.08,0.11,2.69,1.81
0.06,0.03,0.95,-0.03,-0.06,0.06,3.37,1.57
0.07,0.02,0.94,0.01,-0.08,0.04,4.0,1.43
0.07,0.02,0.92,0.0,-0.08,0.02,4.13,1.07
0.06,0.02,0.93,-0.02,-0.05,0.02,3.73,0.98
0.06,0.02,0.94,-0.04,-0.05,0.04,3.8,1.2
0.06,0.02,0.95,-0.03,-0.05,0.06,3.43,1.03
0.06,0.02,0.96,-0.03,-0.07,0.07,3.47,1.06
0.07,0.01,0.95,-0.05,-0.07,0.08,4.44,0.36
0.07,-0.01,0.95,-0.07,-0.08,0.08,4.47,-0.67
0.08,-0.02,0.93,-0.09,-0.05,0.08,5.09,-1.12
0.1,-0.04,0.92,-0.07,-0.04,0.06,5.92,-2.43
0.11,-0.04,0.92,-0.07,-0.02,0.05,6.92,-2.68
0.11,-0.05,0.92,-0.1,-0.01,0.04,6.8,-2.9
0.1,-0.03,0.92,-0.06,-0.03,0.01,5.97,-1.55
0.08,-0.01,0.92,-0.08,-0.03,-0.02,5.15,-0.92
0.07,-0.02,0.94,-0.08,0.0,-0.03,4.47,-0.95
0.06,-0.0,0.94,-0.08,0.0,-0.04,3.47,-0.15
0.05,0.01,0.96,-0.08,-0.0,-0.02,2.96,0.89
0.05,0.01,0.96,-0.08,-0.03,0.0,2.71,0.75
0.05,-0.0,0.97,-0.07,-0.06,0.02,2.99,-0.18
0.04,-0.02,0.96,-0.09,-0.04,0.02,2.65,-0.95
0.04,-0.02,0.96,-0.08,-0.05,0.03,2.43,-1.13
0.05,-0.03,0.97,-0.05,-0.06,0.04,3.07,-1.64
0.05,-0.04,0.96,-0.04,-0.04,0.03,2.93,-2.14
0.05,-0.03,0.96,-0.03,-0.05,0.04,2.75,-1.97
0.06,-0.04,0.94,0.0,-0.05,0.04,3.45,-2.23
0.07,-0.04,0.94,0.02,-0.05,0.03,4.34,-2.34
0.08,-0.03,0.93,0.02,-0.03,0.0,4.9,-2.01
0.08,-0.02,0.92,0.04,-0.04,-0.0,4.83,-1.22
0.08,-0.01,0.92,0.04,-0.03,-0.02,5.25,-0.72
0.08,0.0,0.92,0.03,-0.01,-0.04,5.07,0.04
0.07,0.02,0.92,0.01,0.01,-0.04,4.26,1.14
0.06,0.03,0.93,-0.03,0.01,-0.04,3.89,2.04
0.06,0.05,0.93,-0.04,-0.01,-0.02,3.73,2.79
0.05,0.03,0.94,-0.07,-0.01,-0.04,3.04,2.04
0.05,0.02,0.94,-0.07,-0.0,-0.02,2.75,1.17
0.04,-0.0,0.96,-0.07,0.01,-0.02,2.69,-0.07
0.04,0.0,0.97,-0.04,0.0,-0.01,2.36,0.21
0.04,0.0,0.96,-0.02,-0.02,-0.0,2.64,0.29
0.04,0.0,0.96,-0.02,-0.03,0.01,2.6,0.22
0.05,0.0,0.94,0.0,-0.04,-0.0,2.89,0.2
0.06,0.01,0.95,-0.0,-0.03,0.0,3.48,0.41
0.06,0.01,0.94,0.01,-0.04,-0.01,3.58,0.8
0.06,0.02,0.94,0.0,-0.06,-0.01,3.84,1.31
0.07,0.02,0.95,-0.03,-0.04,-0.02,4.02,1.22
0.07,0.01,0.94,-0.04,-0.06,-0.01,4.09,0.48
0.06,0.01,0.94,-0.04,-0.05,-0.03,3.85,0.73
0.06,0.01,0.95,-0.06,-0.04,-0.03,3.56,0.37
0.05,0.01,0.96,-0.07,-0.03,-0.02,2.91,0.53
0.05,-0.0,0.96,-0.09,-0.02,-0.01,3.09,-0.25
0.06,-0.02,0.95,-0.09,-0.03,-0.0,3.31,-1.01
0.05,-0.01,0.95,-0.1,-0.03,0.01,3.0,-0.74
0.05,-0.02,0.96,-0.11,0.02,0.0,2.74,-1.11
0.04,-0.02,0.97,-0.14,0.02,0.01,2.46,-1.04
0.04,-0.03,0.98,-0.11,0.01,0.03,2.42,-1.79
0.04,-0.03,0.98,-0.09,0.01,0.02,2.38,-2.04
0.04,-0.04,0.98,-0.08,0.02,0.03,2.48,-2.24
0.04,-0.03,0.98,-0.08,0.03,0.04,2.44,-1.91
0.04,-0.02,0.98,-0.06,0.03,0.06,2.41,-1.14
0.05,-0.01,0.98,-0.07,0.03,0.06,2.71,-0.85
0.05,-0.01,0.98,-0.05,0.02,0.05,2.99,-0.52
0.05,-0.01,0.96,-0.06,0.03,0.06,2.74,-0.35
0.04,0.0,0.98,-0.03,0.01,0.04,2.59,0.12
0.05,-0.01,0.98,-0.02,-0.01,0.04,2.71,-0.46
0.06,-0.01,0.96,-0.01,-0.01,0.03,3.82,-0.74
0.07,-0.02,0.96,-0.03,-0.0,0.01,4.04,-1.37
0.07,-0.01,0.95,-0.02,-0.0,0.0,4.33,-0.72
0.06,0.0,0.95,-0.02,0.0,-0.01,3.76,0.08
0.04,0.01,0.96,-0.04,0.02,-0.01,2.61,0.7
0.04,0.02,0.98,-0.04,0.02,0.01,2.14,1.12
0.04,0.01,0.98,-0.04,0.04,0.02,2.35,0.77
0.06,-0.01,0.96,-0.03,0.02,0.03,3.52,-0.56
0.06,-0.02,0.95,-0.03,0.03,0.04,3.86,-1.37
0.06,-0.01,0.94,-0.03,0.07,0.04,3.63,-0.82
0.06,-0.0,0.94,-0.02,0.07,0.04,3.42,-0.11
0.04,0.02,0.94,-0.01,0.06,0.04,2.63,1.01
0.04,0.03,0.95,-0.02,0.07,0.04,2.26,1.56
0.04,0.03,0.96,-0.02,0.06,0.05,2.19,2.03
0.04,0.04,0.95,-0.02,0.05,0.06,2.35,2.52
0.05,0.04,0.95,-0.05,0.03,0.08,2.81,2.37
0.06,0.03,0.94,-0.01,0.0,0.08,3.7,1.9
0.06,0.03,0.93,-0.05,0.02,0.06,3.83,1.56
0.06,0.03,0.92,-0.06,0.01,0.06,3.8,1.81
0.06,0.03,0.93,-0.06,0.0,0.06,3.7,1.9
0.05,0.03,0.94,-0.08,-0.0,0.05,3.35,1.57
0.05,0.01,0.94,-0.09,0.0,0.04,3.33,0.67
0.05,0.0,0.94,-0.1,0.01,0.06,3.04,0.1
0.06,-0.01,0.94,-0.06,-0.01,0.05,3.43,-0.43
0.06,-0.01,0.94,-0.05,-0.02,0.04,3.85,-0.89
0.06,-0.01,0.93,-0.04,-0.01,0.02,3.76,-0.89
0.06,-0.02,0.93,-0.05,0.0,0.02,3.76,-1.19
0.06,-0.01,0.94,0.0,-0.02,0.02,3.55,-0.85
0.06,0.01,0.94,0.02,-0.02,0.0,3.66,0.57
0.05,0.02,0.92,0.03,-0.02,-0.0,3.02,1.34
0.05,0.03,0.91,0.01,0.0,-0.0,3.1,2.02
0.05,0.03,0.92,0.01,-0.0,0.01,3.23,1.79
0.05,0.04,0.93,0.02,0.06,-0.04,2.91,2.6
0.06,0.05,0.93,-0.01,-0.01,0.02,3.72,2.78
0.06,0.04,0.93,-0.04,-0.01,0.02,3.85,2.6
0.06,0.03,0.93,-0.06,-0.02,0.01,3.98,1.94
0.07,0.02,0.93,-0.04,-0.05,0.0,4.06,1.15
0.06,0.01,0.93,-0.05,-0.04,-0.01,3.94,0.7
0.05,0.01,0.93,-0.07,-0.03,-0.01,3.18,0.55
0.05,0.0,0.95,-0.08,-0.04,-0.01,3.28,0.09
0.06,-0.01,0.96,-0.08,-0.05,0.01,3.61,-0.66
0.06,-0.02,0.96,-0.09,-0.02,0.01,3.45,-1.21
0.05,-0.03,0.95,-0.09,-0.01,0.02,3.2,-1.56
0.05,-0.03,0.96,-0.04,0.13,-0.13,3.21,-1.99
0.05,-0.04,0.96,-0.1,0.01,0.02,3.17,-2.22
0.05,-0.05,0.96,-0.07,-0.01,0.02,2.95,-2.83
0.05,-0.04,0.96,-0.05,0.02,0.01,3.07,-2.45
0.04,-0.03,0.96,0.01,0.01,0.0,2.56,-1.66
0.04,-0.0,0.96,0.05,-0.01,-0.0,2.44,-0.11
0.05,0.02,0.95,0.06,-0.02,-0.0,2.81,1.28
0.04,0.03,0.94,0.04,-0.02,-0.01,2.41,2.1
0.04,0.06,0.94,0.04,-0.04,-0.01,2.22,3.37
0.04,0.05,0.94,0.03,-0.05,-0.01,2.64,2.75
0.04,0.04,0.93,0.0,-0.04,-0.01,2.73,2.43
0.05,0.05,0.93,-0.02,-0.05,-0.0,3.26,3.05
0.05,0.03,0.93,-0.06,-0.04,0.01,3.31,1.97
0.04,0.02,0.93,-0.07,-0.03,0.01,2.62,1.02
0.04,0.01,0.95,-0.08,-0.01,0.0,2.41,0.72
0.03,0.02,0.95,-0.09,-0.0,0.02,1.89,0.91
0.02,0.01,0.96,-0.09,-0.01,0.03,1.28,0.89
0.02,0.0,0.97,-0.06,-0.03,0.03,1.31,0.13
0.03,-0.0,0.96,-0.05,-0.04,0.04,1.66,-0.07
0.04,-0.02,0.97,-0.05,-0.03,0.03,2.55,-1.06
0.05,-0.02,0.96,-0.03,-0.04,0.04,2.87,-1.17
0.05,-0.02,0.96,-0.04,-0.06,0.04,3.06,-1.0
0.05,-0.01,0.97,-0.0,-0.05,0.04,3.13,-0.44
0.06,0.01,0.97,-0.01,-0.03,0.03,3.28,0.38
0.06,0.01,0.96,-0.0,-0.04,0.03,3.38,0.87
0.06,0.01,0.95,0.0,-0.04,0.03,3.61,0.65
0.07,0.01,0.95,-0.01,-0.03,0.04,4.03,0.3
0.07,0.01,0.95,-0.04,0.01,0.04,4.06,0.65
0.07,0.02,0.96,-0.03,-0.01,0.06,4.13,1.48
0.07,0.02,0.95,-0.01,-0.03,0.05,4.49,1.27
0.08,0.02,0.94,-0.04,-0.04,0.04,5.14,1.23
0.08,0.02,0.93,-0.06,-0.01,0.02,5.04,1.06
0.08,0.01,0.94,-0.09,0.01,0.01,4.73,0.44
0.07,0.0,0.96,-0.09,0.0,0.01,4.3,0.26
0.06,0.01,0.96,-0.09,0.01,0.01,3.6,0.32
0.05,-0.0,0.96,-0.13,0.05,0.01,3.13,-0.06
0.04,-0.01,0.96,-0.11,0.04,0.02,2.41,-0.34
0.03,-0.01,0.97,-0.02,0.19,-0.12,2.01,-0.45
0.03,-0.0,0.97,-0.05,0.03,0.03,1.53,-0.28
0.02,0.01,0.97,-0.02,0.03,0.03,1.15,0.5
0.02,0.01,0.97,0.01,0.02,0.05,1.26,0.72
0.03,0.02,0.96,0.04,-0.0,0.04,1.89,1.07
0.04,0.02,0.94,0.07,-0.02,0.04,2.55,1.44
0.05,0.04,0.93,0.07,-0.02,0.02,2.8,2.18
0.05,0.04,0.91,0.07,-0.02,0.02,3.1,2.75
0.05,0.06,0.91,0.08,-0.02,0.0,3.22,3.97
0.05,0.08,0.92,0.08,-0.06,0.01,3.41,4.84
0.06,0.09,0.91,0.06,-0.07,0.0,3.81,5.32
0.07,0.08,0.9,0.04,-0.07,0.01,4.4,4.77
0.08,0.07,0.89,0.03,-0.1,-0.0,4.88,4.56
0.08,0.07,0.89,-0.0,-0.11,-0.01,5.01,4.63
0.08,0.07,0.89,-0.05,-0.09,-0.02,4.81,4.46
0.06,0.07,0.9,-0.08,-0.08,-0.03,3.98,4.13
0.06,0.05,0.92,-0.12,-0.08,-0.02,3.75,3.24
0.05,0.04,0.93,-0.13,-0.08,-0.01,3.15,2.68
0.05,0.03,0.94,-0.15,-0.08,0.0,2.89,1.86
0.04,0.02,0.93,-0.16,-0.07,0.02,2.59,1.12
0.04,0.0,0.94,-0.15,-0.08,0.02,2.49,0.2
0.04,-0.0,0.94,-0.13,-0.08,0.01,2.35,-0.17
0.03,-0.01,0.95,-0.11,-0.08,0.0,1.76,-0.41
0.03,-0.01,0.95,-0.05,-0.09,-0.0,1.58,-0.41
0.03,0.0,0.95,-0.01,-0.13,0.01,1.88,0.29
0.05,-0.0,0.94,-0.02,-0.11,-0.0,2.85,-0.04
0.04,0.01,0.92,0.03,-0.14,-0.01,2.45,0.68
0.03,0.03,0.93,0.04,-0.12,-0.01,1.91,1.58
0.05,0.03,0.92,0.04,-0.13,0.0,2.9,2.08
0.05,0.06,0.92,0.06,-0.15,0.01,3.0,3.43
0.05,0.06,0.91,0.04,-0.16,0.02,3.1,3.92
0.07,0.05,0.91,0.02,-0.16,0.01,4.32,3.28
0.08,0.05,0.9,0.02,-0.18,0.01,5.2,3.34
0.08,0.06,0.89,-0.0,-0.18,-0.01,5.18,3.85
0.08,0.06,0.88,-0.03,-0.18,-0.01,4.95,3.95
0.07,0.06,0.9,-0.07,-0.17,-0.03,4.55,3.63
0.06,0.05,0.91,-0.1,-0.16,-0.03,3.98,3.3
0.06,0.04,0.91,-0.09,-0.18,-0.03,3.84,2.78
0.06,0.04,0.91,-0.11,-0.17,-0.02,3.64,2.57
0.05,0.04,0.91,-0.12,-0.16,-0.02,3.27,2.26
0.04,0.04,0.92,-0.11,-0.15,-0.01,2.48,2.33
0.03,0.04,0.92,-0.05,-0.03,-0.16,2.1,2.37
0.03,0.05,0.92,-0.08,-0.19,0.0,1.72,2.84
0.01,0.06,0.91,-0.06,-0.19,0.01,0.87,3.7
0.01,0.06,0.91,-0.04,-0.22,0.01,0.57,3.93
0.01,0.07,0.91,-0.03,-0.22,0.01,0.51,4.26
0.01,0.07,0.91,0.01,-0.26,0.01,0.53,4.43
0.01,0.08,0.9,0.05,-0.27,0.02,0.7,5.15
0.02,0.1,0.9,0.08,-0.3,0.04,1.57,6.22
0.04,0.1,0.88,0.11,-0.34,0.03,2.52,6.64
0.05,0.1,0.87,0.12,-0.38,0.02,3.56,6.71
0.06,0.1,0.85,0.1,-0.37,0.0,4.31,6.91
0.08,0.1,0.84,0.1,-0.41,-0.01,5.25,6.69
0.08,0.1,0.83,0.12,-0.43,-0.05,5.65,7.0
0.08,0.12,0.83,0.09,-0.45,-0.07,5.72,8.2
0.08,0.13,0.83,0.05,-0.46,-0.08,5.46,9.07
0.07,0.14,0.84,0.02,-0.46,-0.09,4.97,9.55
0.08,0.14,0.84,0.05,-0.34,-0.25,5.06,9.34
0.07,0.14,0.85,-0.06,-0.49,-0.09,4.44,9.36
0.05,0.14,0.85,-0.1,-0.48,-0.09,3.61,9.56
0.05,0.14,0.86,-0.12,-0.51,-0.07,3.51,8.96
0.05,0.12,0.86,-0.13,-0.54,-0.06,3.51,8.11
0.05,0.11,0.85,-0.14,-0.57,-0.06,3.41,7.23
0.04,0.1,0.85,-0.14,-0.58,-0.07,2.66,6.41
0.03,0.1,0.86,-0.13,-0.59,-0.07,2.28,6.4
0.04,0.1,0.87,-0.1,-0.61,-0.07,2.31,6.21
0.03,0.11,0.88,-0.06,-0.67,-0.06,2.22,6.87
0.05,0.1,0.86,-0.05,-0.7,-0.07,3.05,6.85
0.05,0.09,0.85,-0.05,-0.74,-0.09,3.43,6.35
0.05,0.08,0.84,-0.03,-0.77,-0.11,3.61,5.57
0.06,0.07,0.85,-0.0,-0.79,-0.14,4.23,4.91
0.07,0.06,0.86,-0.0,-0.8,-0.15,4.65,4.15
0.07,0.07,0.86,-0.02,-0.81,-0.14,4.74,4.75
0.06,0.07,0.85,0.04,-0.72,-0.28,4.12,4.87
0.06,0.07,0.84,-0.04,-0.83,-0.16,4.23,4.54
0.06,0.06,0.86,-0.04,-0.83,-0.16,3.9,4.08
0.06,0.07,0.86,-0.07,-0.83,-0.16,3.8,4.53
0.06,0.08,0.87,-0.08,-0.86,-0.13,3.67,5.2
0.06,0.08,0.86,-0.08,-0.87,-0.13,3.88,5.37
0.05,0.07,0.86,-0.11,-0.88,-0.12,3.34,4.44
0.05,0.09,0.86,-0.13,-0.85,-0.11,3.01,5.72
0.05,0.08,0.85,-0.14,-0.87,-0.1,3.34,5.29
0.05,0.09,0.86,-0.12,-0.89,-0.08,3.07,6.21
0.04,0.09,0.86,-0.1,-0.91,-0.06,2.92,5.96
0.05,0.08,0.85,-0.1,-0.94,-0.07,3.1,5.42
0.05,0.08,0.84,-0.05,-0.95,-0.07,3.12,5.2
0.05,0.07,0.85,0.0,-1.0,-0.09,3.15,5.03
0.06,0.09,0.84,0.04,-1.04,-0.11,4.23,6.16
0.07,0.11,0.82,0.05,-1.09,-0.12,5.12,7.28
0.1,0.09,0.82,0.06,-1.16,-0.15,6.76,6.5
0.11,0.09,0.8,0.05,-1.2,-0.19,8.16,6.21
0.1,0.07,0.8,0.0,-1.22,-0.23,7.41,4.87
0.1,0.06,0.82,-0.05,-1.2,-0.25,7.12,4.04
0.1,0.05,0.84,-0.08,-1.21,-0.25,6.74,3.09
0.1,0.04,0.85,-0.12,-1.22,-0.24,6.66,2.77
0.09,0.03,0.85,-0.17,-1.22,-0.24,5.77,2.18
0.07,0.01,0.86,-0.18,-1.2,-0.23,4.46,0.75
0.05,0.0,0.89,-0.19,-1.2,-0.21,3.47,0.18
0.05,0.01,0.9,-0.18,-1.2,-0.2,3.36,0.46
0.05,0.01,0.9,-0.15,-1.22,-0.2,3.03,0.42
0.05,0.01,0.89,-0.16,-1.23,-0.19,3.33,0.6
0.06,-0.01,0.88,-0.17,-1.25,-0.18,3.76,-0.82
0.07,-0.03,0.88,-0.17,-1.27,-0.18,4.25,-2.08
0.07,-0.04,0.88,-0.15,-1.26,-0.2,4.24,-2.8
0.06,-0.04,0.89,-0.14,-1.24,-0.21,3.77,-2.89
0.05,-0.04,0.9,-0.12,-1.24,-0.19,3.22,-2.33
0.04,-0.02,0.91,-0.09,-1.24,-0.17,2.43,-1.05
0.04,-0.02,0.92,-0.06,-1.26,-0.17,2.34,-0.94
0.05,-0.01,0.91,-0.02,-1.28,-0.17,2.99,-0.93
0.07,-0.03,0.91,-0.02,-1.33,-0.17,4.29,-1.93
0.07,-0.05,0.89,0.03,-1.36,-0.21,4.73,-3.13
0.07,-0.06,0.88,0.04,-1.36,-0.24,4.76,-3.65
0.07,-0.05,0.89,0.02,-1.34,-0.26,4.8,-3.16
0.08,-0.04,0.91,0.01,-1.34,-0.26,4.93,-2.43
0.08,-0.03,0.91,0.01,-1.36,-0.25,5.05,-1.94
0.07,-0.02,0.9,-0.0,-1.36,-0.25,4.74,-1.35
0.07,-0.02,0.89,-0.03,-1.35,-0.23,4.61,-1.27
0.08,-0.02,0.89,-0.09,-1.33,-0.23,4.82,-1.35
0.08,-0.02,0.89,-0.1,-1.32,-0.22,4.95,-1.55
0.07,-0.03,0.91,-0.12,-1.34,-0.21,4.57,-1.7
0.06,-0.03,0.92,-0.12,-1.33,-0.2,4.02,-1.93
0.06,-0.03,0.91,-0.12,-1.33,-0.2,3.95,-1.97
0.06,-0.02,0.91,-0.12,-1.34,-0.2,3.59,-1.54
0.06,-0.02,0.91,-0.06,-1.27,-0.31,3.56,-0.97
0.06,-0.01,0.92,-0.1,-1.36,-0.16,3.5,-0.86
0.07,-0.02,0.91,-0.1,-1.37,-0.15,4.16,-1.21
0.08,-0.03,0.9,-0.1,-1.37,-0.15,5.01,-2.15
0.09,-0.05,0.9,-0.1,-1.41,-0.16,5.42,-3.44
0.08,-0.07,0.91,-0.09,-1.39,-0.19,5.14,-4.43
0.07,-0.06,0.91,-0.13,-1.37,-0.2,4.63,-3.8
0.06,-0.07,0.92,-0.13,-1.36,-0.21,3.63,-4.1
0.06,-0.06,0.94,-0.1,-1.36,-0.19,3.39,-3.43
0.07,-0.06,0.96,-0.08,-1.38,-0.18,3.95,-3.6
0.07,-0.08,0.95,-0.09,-1.39,-0.19,4.32,-4.58
0.06,-0.09,0.94,-0.07,-1.42,-0.2,3.68,-5.35
0.05,-0.1,0.94,-0.07,-1.4,-0.23,2.84,-6.03
0.05,-0.09,0.96,-0.07,-1.39,-0.24,2.91,-5.27
0.05,-0.05,0.98,-0.05,-1.38,-0.22,2.89,-2.98
0.06,-0.03,0.97,-0.06,-1.41,-0.19,3.45,-1.76
0.07,-0.06,0.96,-0.07,-1.44,-0.17,4.45,-3.43
0.06,-0.09,0.95,-0.11,-1.45,-0.16,3.9,-5.17
0.06,-0.09,0.95,-0.17,-1.4,-0.16,3.62,-5.57
0.05,-0.08,0.97,-0.19,-1.36,-0.15,2.94,-4.89
0.04,-0.08,1.0,-0.17,-1.32,-0.13,2.33,-4.63
0.05,-0.08,1.0,-0.2,-1.31,-0.1,2.94,-4.38
0.06,-0.07,0.98,-0.18,-1.32,-0.06,3.21,-3.81
0.04,-0.07,0.97,-0.21,-1.3,-0.05,2.55,-4.25
0.04,-0.08,0.98,-0.2,-1.28,-0.05,2.15,-4.53
0.04,-0.09,0.97,-0.17,-1.26,-0.04,2.23,-5.27
0.06,-0.1,0.98,-0.15,-1.24,-0.05,3.32,-5.66
0.07,-0.09,0.98,-0.12,-1.24,-0.06,4.09,-4.94
0.07,-0.07,0.96,-0.08,-1.26,-0.07,4.43,-4.41
0.07,-0.05,0.93,-0.05,-1.27,-0.1,4.03,-3.09
0.05,-0.03,0.9,-0.04,-1.25,-0.13,3.2,-2.04
0.04,0.01,0.89,-0.04,-1.25,-0.13,2.73,0.56
0.06,0.04,0.9,-0.03,-1.29,-0.13,3.54,2.27
0.07,0.04,0.92,-0.04,-1.45,-0.09,4.25,2.25
0.08,-0.01,0.89,-0.04,-1.45,-0.1,5.37,-0.35
0.09,-0.05,0.88,-0.07,-1.45,-0.13,5.61,-3.18
0.07,-0.07,0.9,-0.09,-1.46,-0.14,4.55,-4.26
0.06,-0.06,0.93,-0.1,-1.43,-0.16,3.64,-3.55
0.05,-0.06,0.95,-0.11,-1.42,-0.15,3.22,-3.48
0.05,-0.06,0.97,-0.11,-1.4,-0.12,3.19,-3.55
0.07,-0.07,0.98,-0.06,-1.42,-0.1,3.92,-4.33
0.07,-0.08,0.97,-0.05,-1.42,-0.11,4.37,-4.7
0.07,-0.08,0.95,-0.06,-1.41,-0.12,4.18,-4.97
0.06,-0.07,0.94,-0.09,-1.38,-0.13,3.82,-4.18
0.07,-0.04,0.94,-0.13,-1.39,-0.12,4.12,-2.3
0.07,-0.01,0.95,-0.15,-1.4,-0.09,4.05,-0.75
0.07,-0.02,0.95,-0.19,-1.41,-0.06,4.42,-1.14
0.08,-0.05,0.95,-0.25,-1.39,-0.04,4.66,-2.92
0.07,-0.06,0.94,-0.28,-1.37,-0.02,3.99,-3.9
0.06,-0.06,0.95,-0.32,-1.36,-0.05,3.66,-3.76
0.05,-0.05,0.97,-0.34,-1.34,-0.01,3.2,-2.94
0.05,-0.05,0.99,-0.33,-1.35,0.01,2.97,-3.11
0.05,-0.07,1.0,-0.34,-1.34,0.0,2.59,-3.91
0.04,-0.09,1.01,-0.31,-1.37,-0.02,2.1,-4.96
0.04,-0.1,1.02,-0.26,-1.39,-0.03,2.14,-5.76
0.04,-0.12,1.05,-0.21,-1.38,-0.06,2.12,-6.46
0.05,-0.12,1.04,-0.09,-1.29,-0.22,3.0,-6.35
0.06,-0.11,1.04,-0.08,-1.4,-0.12,3.37,-5.94
0.06,-0.11,1.02,-0.05,-1.41,-0.15,3.24,-5.95
0.06,-0.1,1.02,-0.05,-1.4,-0.18,3.23,-5.79
0.05,-0.11,1.02,-0.04,-1.39,-0.19,2.83,-6.03
0.07,-0.11,1.02,-0.0,-1.37,-0.21,3.74,-6.08
0.07,-0.08,1.01,0.04,-1.36,-0.22,3.83,-4.76
0.06,-0.07,1.01,0.02,-1.35,-0.21,3.53,-4.0
0.06,-0.06,0.99,-0.01,-1.37,-0.21,3.33,-3.41
0.06,-0.04,0.99,-0.0,-1.36,-0.21,3.58,-2.58
0.06,-0.04,0.98,-0.03,-1.37,-0.2,3.33,-2.49
0.04,-0.02,0.97,-0.06,-1.36,-0.18,2.62,-1.38
0.04,0.0,0.96,-0.1,-1.35,-0.14,2.35,0.14
0.04,-0.0,0.96,-0.11,-1.37,-0.09,2.29,-0.28
0.04,-0.02,0.97,-0.14,-1.39,-0.06,2.58,-1.14
0.04,-0.03,0.98,-0.16,-1.38,-0.04,2.59,-2.03
0.05,-0.05,0.99,-0.19,-1.37,-0.03,2.86,-3.08
0.05,-0.08,1.01,-0.2,-1.37,-0.03,2.99,-4.24
0.06,-0.09,1.03,-0.19,-1.36,-0.04,3.38,-4.86
0.07,-0.1,1.05,-0.17,-1.35,-0.06,3.91,-5.41
0.07,-0.12,1.07,-0.15,-1.35,-0.09,3.55,-6.52
0.07,-0.14,1.08,-0.11,-1.35,-0.13,3.94,-7.55
0.06,-0.14,1.09,-0.11,-1.35,-0.19,3.3,-7.52
0.05,-0.12,1.09,-0.08,-1.3,-0.23,2.37,-6.21
0.03,-0.09,1.08,-0.07,-1.28,-0.25,1.48,-4.61
0.01,-0.05,1.07,-0.04,-1.27,-0.24,0.7,-2.92
0.01,-0.03,1.07,-0.01,-1.27,-0.21,0.66,-1.69
0.02,-0.03,1.05,0.01,-1.28,-0.19,1.1,-1.49
0.02,-0.03,1.04,0.0,-1.27,-0.16,1.27,-1.62
0.02,-0.03,1.02,0.01,-1.27,-0.14,1.22,-1.63
0.03,-0.02,1.0,0.01,-1.27,-0.13,1.47,-0.92
0.03,-0.0,0.98,-0.01,-1.26,-0.12,1.63,-0.22
0.03,0.01,0.96,-0.06,-1.27,-0.08,1.72,0.48
0.03,0.01,0.96,-0.09,-1.29,-0.05,2.08,0.48
0.03,0.0,0.95,-0.11,-1.29,-0.02,2.08,0.28
0.03,-0.01,0.96,-0.15,-1.31,-0.02,1.84,-0.79
0.04,-0.03,0.97,-0.17,-1.3,0.04,2.11,-1.92
0.04,-0.06,1.01,-0.19,-1.28,0.04,2.53,-3.31
0.05,-0.08,1.04,-0.15,-1.3,0.02,2.52,-4.3
0.04,-0.09,1.05,-0.11,-1.29,-0.02,2.05,-4.7
0.03,-0.07,1.05,-0.07,-1.29,-0.05,1.48,-3.96
0.02,-0.05,1.03,-0.04,-1.29,-0.06,1.03,-2.6
0.01,-0.03,1.03,0.03,-1.31,-0.09,0.68,-1.85
0.02,-0.04,1.04,0.1,-1.34,-0.09,1.28,-2.25
0.04,-0.05,1.05,0.14,-1.35,-0.11,2.23,-2.68
0.06,-0.06,1.05,0.19,-1.39,-0.12,3.24,-3.11
0.06,-0.06,1.03,0.19,-1.4,-0.16,3.57,-3.51
0.07,-0.06,1.01,0.18,-1.41,-0.17,3.69,-3.48
0.06,-0.06,1.02,0.15,-1.39,-0.19,3.57,-3.14
0.06,-0.03,1.03,0.1,-1.37,-0.17,3.16,-1.76
0.05,-0.02,1.03,0.07,-1.37,-0.13,2.71,-0.96
0.05,-0.02,1.05,0.01,-1.37,-0.08,2.64,-1.26
0.04,-0.04,1.06,-0.05,-1.33,-0.04,2.33,-2.04
0.03,-0.04,1.08,-0.09,-1.3,-0.0,1.63,-2.34
0.01,-0.05,1.1,-0.11,-1.27,0.01,0.75,-2.4
0.01,-0.04,1.11,-0.11,-1.25,0.02,0.74,-1.84
0.01,-0.04,1.11,-0.12,-1.23,0.05,0.44,-1.87
0.01,-0.03,1.1,-0.14,-1.2,0.06,0.56,-1.6
0.02,-0.03,1.1,-0.1,-1.2,0.07,0.91,-1.59
0.03,-0.05,1.1,-0.08,-1.19,0.09,1.34,-2.73
0.04,-0.07,1.1,-0.06,-1.16,0.05,2.1,-3.83
0.04,-0.06,1.08,-0.06,-1.15,0.03,1.92,-3.18
0.03,-0.04,1.07,-0.03,-1.15,-0.0,1.5,-2.29
0.03,-0.03,1.05,0.02,-1.16,-0.04,1.84,-1.74
0.03,-0.02,1.03,0.04,-1.18,-0.07,1.86,-1.27
0.04,-0.02,1.02,0.07,-1.19,-0.08,2.41,-0.85
0.05,-0.01,0.99,0.09,-1.21,-0.07,2.72,-0.37
0.04,0.0,0.98,0.12,-1.23,-0.08,2.56,0.21
0.06,-0.01,0.97,0.13,-1.25,-0.08,3.58,-0.42
0.07,-0.01,0.97,0.11,-1.26,-0.07,4.36,-0.73
0.09,-0.03,0.98,0.08,-1.28,-0.07,5.03,-1.58
0.09,-0.05,1.0,0.08,-1.31,-0.08,5.3,-2.81
0.08,-0.05,1.02,0.02,-1.31,-0.1,4.6,-2.95
0.08,-0.06,1.04,-0.02,-1.28,-0.11,4.3,-3.39
0.06,-0.05,1.06,-0.06,-1.25,-0.12,3.37,-2.79
0.05,-0.03,1.06,-0.07,-1.23,-0.11,2.96,-1.72
0.04,-0.01,1.07,-0.08,-1.22,-0.08,2.3,-0.29
0.03,-0.0,1.07,-0.1,-1.21,-0.06,1.83,-0.26
0.02,-0.0,1.08,-0.1,-1.21,-0.02,0.97,-0.2
0.01,-0.0,1.07,-0.08,-1.2,-0.01,0.29,-0.1
-0.0,0.0,1.05,-0.08,-1.19,0.01,-0.13,0.02
0.0,0.0,1.03,-0.1,-1.18,0.02,0.0,0.06
0.01,0.01,1.01,-0.1,-1.18,0.05,0.74,0.4
0.03,-0.01,1.0,-0.11,-1.18,0.08,1.53,-0.47
0.05,-0.02,0.96,-0.14,-1.16,0.1,3.05,-1.06
0.07,-0.02,0.92,-0.21,-1.16,0.13,4.65,-1.42
0.09,-0.03,0.89,-0.3,-1.14,0.17,5.82,-1.91
0.1,-0.03,0.87,-0.41,-1.13,0.19,6.61,-1.67
0.1,-0.04,0.85,-0.51,-1.12,0.22,6.67,-2.45
0.1,-0.04,0.85,-0.62,-1.1,0.25,6.68,-2.36
0.1,-0.03,0.87,-0.68,-1.11,0.28,6.3,-2.14
0.08,-0.04,0.89,-0.73,-1.14,0.31,4.99,-2.34
0.07,-0.03,0.93,-0.77,-1.17,0.3,4.26,-1.9
0.06,-0.04,0.97,-0.77,-1.19,0.29,3.31,-2.4
0.06,-0.04,1.0,-0.77,-1.21,0.27,3.24,-2.1
0.05,-0.04,1.02,-0.73,-1.26,0.25,2.74,-2.43
0.06,-0.06,1.06,-0.72,-1.27,0.22,3.06,-3.03
0.07,-0.08,1.1,-0.66,-1.29,0.18,3.77,-3.89
0.08,-0.09,1.15,-0.63,-1.32,0.13,4.01,-4.39
0.08,-0.08,1.17,-0.55,-1.33,0.07,4.13,-4.13
0.08,-0.08,1.17,-0.51,-1.34,-0.02,4.01,-3.76
0.09,-0.07,1.15,-0.48,-1.33,-0.07,4.29,-3.46
0.09,-0.06,1.14,-0.47,-1.33,-0.1,4.66,-3.02
0.09,-0.05,1.13,-0.42,-1.23,-0.26,4.54,-2.33
0.08,-0.04,1.11,-0.49,-1.34,-0.13,4.16,-1.99
0.08,-0.04,1.11,-0.53,-1.34,-0.12,3.97,-1.87
0.06,-0.03,1.12,-0.56,-1.31,-0.12,2.93,-1.52
0.05,-0.02,1.12,-0.6,-1.28,-0.1,2.45,-1.18
0.03,-0.0,1.13,-0.6,-1.26,-0.08,1.28,-0.22
0.01,0.01,1.14,-0.6,-1.24,-0.05,0.75,0.5
-0.0,0.02,1.13,-0.61,-1.21,-0.02,-0.07,0.78
0.0,0.02,1.15,-0.61,-1.2,-0.0,0.01,0.79
0.0,0.01,1.17,-0.58,-1.16,-0.04,0.03,0.52
-0.0,0.01,1.15,-0.56,-1.15,0.03,-0.0,0.7
-0.0,0.01,1.15,-0.54,-1.13,0.03,-0.04,0.45
-0.0,0.02,1.17,-0.5,-1.13,0.03,-0.22,0.88
-0.0,0.0,1.16,-0.47,-1.12,0.02,-0.2,0.07
-0.0,0.0,1.16,-0.4,-1.12,-0.02,-0.25,0.08
0.0,0.0,1.14,-0.35,-1.14,-0.04,0.04,0.03
-0.0,-0.0,1.13,-0.28,-1.17,-0.06,-0.24,-0.0
-0.02,0.0,1.13,-0.21,-1.2,-0.09,-1.03,0.1
-0.02,0.01,1.12,-0.15,-1.2,-0.12,-1.02,0.44
-0.03,0.0,1.11,-0.08,-1.22,-0.14,-1.42,0.21
-0.02,0.01,1.08,-0.01,-1.23,-0.15,-1.13,0.43
-0.02,0.01,1.07,0.03,-1.24,-0.15,-0.95,0.49
-0.01,0.01,1.05,0.04,-1.24,-0.14,-0.36,0.71
-0.0,0.02,1.04,0.08,-1.25,-0.12,-0.15,0.91
0.0,0.01,1.02,0.08,-1.25,-0.09,0.13,0.59
0.01,0.01,1.02,0.12,-1.26,-0.1,0.34,0.54
0.0,0.0,1.01,0.12,-1.29,-0.02,0.24,0.13
0.02,0.0,1.02,0.12,-1.29,-0.0,0.94,0.18
0.02,-0.01,1.02,0.14,-1.32,0.02,1.27,-0.52
0.03,-0.02,1.02,0.15,-1.34,0.02,1.6,-1.0
0.03,-0.03,1.01,0.15,-1.36,0.03,1.67,-1.47
0.03,-0.03,1.02,0.14,-1.36,0.05,1.93,-1.82
0.04,-0.04,1.03,0.13,-1.38,0.06,1.98,-2.2
0.04,-0.03,1.05,0.13,-1.4,0.06,1.96,-1.83
0.03,-0.04,1.05,0.16,-1.41,0.07,1.88,-2.16
0.03,-0.04,1.06,0.14,-1.43,0.06,1.75,-2.22
0.03,-0.03,1.09,0.14,-1.43,0.06,1.39,-1.65
0.02,-0.01,1.11,0.19,-1.45,0.04,0.98,-0.65
0.02,-0.0,1.13,0.22,-1.47,0.03,0.85,-0.05
0.03,0.01,1.13,0.25,-1.45,0.02,1.75,0.42
0.05,-0.0,1.12,0.29,-1.44,0.01,2.47,-0.12
0.07,-0.01,1.1,0.29,-1.43,0.02,3.49,-0.65
0.08,-0.02,1.08,0.25,-1.49,0.04,4.45,-1.31
0.1,-0.02,1.07,0.21,-1.42,0.03,5.09,-1.32
0.09,-0.02,1.07,0.18,-1.39,0.04,5.04,-1.12
0.1,-0.02,1.06,0.16,-1.39,0.04,5.2,-1.18
0.09,-0.03,1.06,0.12,-1.41,0.06,4.69,-1.52
0.07,-0.03,1.07,0.06,-1.38,0.05,3.98,-1.56
0.07,-0.02,1.07,0.03,-1.41,0.05,3.52,-1.21
0.05,-0.03,1.07,0.03,-1.43,0.04,2.9,-1.46
0.03,-0.01,1.08,-0.05,-1.53,0.07,1.61,-0.57
0.02,-0.01,1.1,-0.03,-1.46,0.02,0.91,-0.59
0.01,0.0,1.11,-0.02,-1.49,0.01,0.41,0.23
-0.0,0.02,1.14,-0.01,-1.49,-0.0,-0.08,1.08
-0.01,0.04,1.15,-0.01,-1.53,-0.01,-0.39,1.84
-0.01,0.05,1.18,0.03,-1.48,-0.01,-0.64,2.44
-0.02,0.06,1.2,0.05,-1.46,-0.01,-0.9,3.08
-0.02,0.07,1.22,0.09,-1.45,-0.02,-0.73,3.1
-0.01,0.08,1.24,0.12,-1.45,-0.04,-0.45,3.74
-0.01,0.08,1.24,0.13,-1.4,-0.04,-0.28,3.79
0.0,0.08,1.22,0.15,-1.33,-0.05,0.04,3.72
0.0,0.09,1.21,0.17,-1.32,-0.05,0.05,4.15
-0.0,0.1,1.2,0.15,-1.31,-0.07,-0.18,4.72
-0.0,0.1,1.19,0.15,-1.25,-0.04,-0.04,4.63
-0.0,0.11,1.18,0.13,-1.23,-0.04,-0.09,5.11
-0.01,0.12,1.17,0.14,-1.21,-0.01,-0.36,5.78
-0.01,0.12,1.19,0.13,-1.18,-0.0,-0.56,5.68
-0.0,0.13,1.19,0.1,-1.15,0.01,-0.04,6.09
-0.01,0.13,1.19,0.08,-1.12,0.02,-0.52,6.32
-0.01,0.13,1.18,0.06,-1.1,0.02,-0.57,6.24
-0.03,0.14,1.17,0.06,-1.09,0.01,-1.35,6.61
-0.02,0.16,1.17,0.06,-1.07,0.01,-1.08,7.73
-0.03,0.18,1.18,0.04,-1.06,0.01,-1.26,8.57
-0.03,0.2,1.21,0.05,-1.06,0.0,-1.19,9.45
-0.02,0.22,1.23,0.08,-1.05,-0.01,-1.12,10.01
-0.02,0.22,1.25,0.11,-1.05,-0.01,-0.89,9.95
-0.02,0.22,1.27,0.14,-0.99,-0.02,-0.81,9.75
-0.01,0.22,1.27,0.16,-0.98,-0.04,-0.67,9.79
-0.01,0.22,1.26,0.18,-0.96,-0.07,-0.57,9.87
-0.01,0.22,1.24,0.21,-0.93,-0.09,-0.55,10.0
-0.01,0.23,1.23,0.2,-0.9,-0.11,-0.67,10.5
-0.02,0.23,1.23,0.2,-0.87,-0.12,-0.7,10.49
-0.02,0.23,1.21,0.22,-0.85,-0.13,-0.77,10.79
-0.01,0.23,1.21,0.2,-0.8,-0.13,-0.26,10.65
-0.0,0.23,1.2,0.16,-0.75,-0.12,-0.15,10.85
-0.0,0.23,1.21,0.14,-0.7,-0.1,-0.19,10.83
-0.01,0.24,1.21,0.15,-0.65,-0.09,-0.34,11.49
-0.01,0.25,1.21,0.13,-0.61,-0.08,-0.55,11.78
-0.02,0.26,1.22,0.13,-0.56,-0.07,-0.86,12.15
-0.02,0.27,1.22,0.14,-0.52,-0.06,-0.96,12.51
-0.02,0.28,1.23,0.15,-0.49,-0.06,-0.92,12.83
-0.02,0.28,1.23,0.15,-0.46,-0.06,-0.72,12.72
-0.01,0.28,1.23,0.17,-0.43,-0.08,-0.56,12.87
-0.01,0.27,1.22,0.18,-0.41,-0.08,-0.39,12.62
-0.0,0.26,1.2,0.18,-0.38,-0.1,-0.12,11.97
-0.0,0.25,1.18,0.18,-0.36,-0.13,-0.04,11.97
-0.01,0.25,1.16,0.17,-0.34,-0.14,-0.42,12.08
-0.01,0.24,1.14,0.13,-0.32,-0.15,-0.55,12.04
-0.02,0.24,1.13,0.12,-0.31,-0.14,-0.87,12.01
-0.03,0.24,1.12,0.09,-0.31,-0.13,-1.29,12.16
-0.04,0.25,1.12,0.06,-0.29,-0.12,-1.8,12.35
-0.05,0.25,1.12,0.05,-0.28,-0.1,-2.56,12.62
-0.06,0.26,1.12,0.05,-0.29,-0.1,-3.22,13.29
-0.07,0.27,1.13,0.06,-0.29,-0.09,-3.69,13.19
-0.09,0.27,1.15,0.09,-0.28,-0.09,-4.12,13.17
-0.09,0.26,1.17,0.1,-0.25,-0.1,-4.28,12.66
-0.1,0.27,1.19,0.22,-0.1,-0.25,-4.64,12.6
-0.09,0.25,1.19,0.18,-0.2,-0.11,-4.17,11.9
-0.08,0.25,1.2,0.2,-0.16,-0.1,-3.92,11.61
-0.08,0.23,1.21,0.21,-0.1,-0.1,-3.59,10.62
-0.06,0.21,1.22,0.21,-0.05,-0.1,-2.99,9.7
-0.05,0.19,1.22,0.21,0.05,-0.13,-2.33,8.85
-0.03,0.17,1.21,0.17,0.11,-0.12,-1.35,8.16
-0.01,0.15,1.18,0.12,0.16,-0.11,-0.71,7.38
-0.0,0.14,1.15,0.05,0.22,-0.12,-0.24,7.08
-0.0,0.14,1.11,0.01,0.24,-0.11,-0.11,7.15
-0.01,0.13,1.1,-0.06,0.28,-0.11,-0.48,6.57
-0.01,0.13,1.09,-0.12,0.3,-0.09,-0.55,6.91
-0.03,0.14,1.09,-0.17,0.31,-0.08,-1.62,7.26
-0.04,0.14,1.09,-0.19,0.32,-0.08,-1.88,7.24
-0.05,0.15,1.11,-0.22,0.32,-0.06,-2.76,7.48
-0.07,0.14,1.12,-0.23,0.35,-0.05,-3.55,7.27
-0.07,0.14,1.11,-0.23,0.34,-0.04,-3.81,7.29
-0.09,0.15,1.11,-0.22,0.37,-0.04,-4.53,7.48
-0.09,0.15,1.11,-0.18,0.38,-0.03,-4.58,7.52
-0.1,0.13,1.09,-0.18,0.39,-0.02,-4.93,6.96
-0.08,0.12,1.09,-0.15,0.39,-0.02,-4.37,6.33
-0.09,0.12,1.1,-0.12,0.37,-0.02,-4.59,6.0
-0.08,0.1,1.1,-0.12,0.37,-0.02,-3.96,5.31
-0.08,0.09,1.12,-0.11,0.42,-0.02,-3.87,4.38
-0.06,0.09,1.12,-0.09,0.43,-0.02,-3.18,4.44
-0.06,0.08,1.11,-0.07,0.46,-0.02,-3.2,4.1
-0.06,0.08,1.1,-0.09,0.5,-0.01,-2.91,4.04
-0.05,0.08,1.1,-0.1,0.53,0.01,-2.43,4.27
-0.04,0.09,1.08,-0.11,0.57,0.03,-2.3,4.53
-0.04,0.08,1.08,-0.08,0.57,0.06,-2.1,4.48
-0.03,0.07,1.08,-0.07,0.58,0.09,-1.78,3.94
-0.03,0.07,1.08,-0.08,0.61,0.09,-1.42,3.64
-0.02,0.07,1.08,-0.06,0.6,0.11,-0.97,3.49
-0.01,0.05,1.08,-0.05,0.61,0.11,-0.67,2.88
-0.0,0.04,1.07,-0.04,0.61,0.09,-0.06,2.24
0.0,0.04,1.05,-0.04,0.6,0.08,0.01,2.0
0.01,0.03,1.03,-0.04,0.59,0.09,0.44,1.49
0.01,0.02,1.03,-0.04,0.57,0.08,0.37,1.3
0.0,0.01,1.03,-0.03,0.53,0.09,0.24,0.74
0.01,0.02,1.04,-0.03,0.53,0.09,0.44,0.99
0.0,0.01,1.04,-0.02,0.52,0.1,0.19,0.5
0.01,0.01,1.05,0.03,0.49,0.09,0.56,0.5
0.02,-0.0,1.05,0.04,0.48,0.09,0.94,-0.19
0.03,-0.01,1.05,0.03,0.5,0.09,1.44,-0.54
0.03,-0.01,1.05,0.03,0.51,0.1,1.72,-0.77
0.04,-0.02,1.04,0.04,0.51,0.11,1.99,-1.03
0.04,-0.02,1.03,0.09,0.67,-0.01,2.39,-0.91
0.05,-0.02,1.01,0.03,0.51,0.15,3.01,-1.01
0.06,-0.03,1.02,0.01,0.52,0.17,3.4,-1.64
0.06,-0.03,1.04,0.02,0.51,0.18,3.27,-1.68
0.07,-0.04,1.06,0.01,0.52,0.16,3.6,-1.91
0.07,-0.04,1.06,0.0,0.55,0.15,3.68,-1.9
0.07,-0.04,1.06,-0.01,0.56,0.14,3.95,-2.01
0.08,-0.04,1.05,0.01,0.54,0.14,4.11,-2.3
0.09,-0.03,1.04,0.0,0.54,0.15,4.74,-1.71
0.09,-0.02,1.04,-0.01,0.55,0.12,5.06,-1.34
0.1,-0.03,1.03,0.01,0.52,0.12,5.38,-1.77
0.11,-0.04,1.04,-0.01,0.5,0.11,5.82,-2.21
0.11,-0.04,1.04,0.03,0.45,0.09,6.2,-2.13
0.11,-0.04,1.02,0.02,0.44,0.06,6.34,-2.14
0.12,-0.04,1.01,0.03,0.41,0.05,6.99,-2.14
0.12,-0.05,0.99,0.01,0.38,0.02,7.16,-3.14
0.12,-0.06,0.98,0.01,0.32,0.03,6.85,-3.22
0.13,-0.07,0.97,-0.03,0.31,0.02,7.33,-3.94
0.11,-0.06,0.96,-0.05,0.28,0.02,6.64,-3.33
0.1,-0.06,0.96,-0.07,0.26,0.04,5.72,-3.43
0.09,-0.05,0.96,-0.01,0.39,-0.09,5.08,-3.05
0.08,-0.05,0.98,-0.08,0.22,0.06,4.63,-2.89
0.06,-0.05,0.99,-0.08,0.22,0.07,3.3,-3.05
0.05,-0.05,1.01,-0.05,0.2,0.08,3.02,-2.84
0.05,-0.04,1.01,-0.03,0.19,0.1,2.91,-2.34
0.03,-0.03,1.0,-0.01,0.2,0.1,1.75,-1.73
0.04,-0.03,0.99,0.02,0.19,0.1,2.52,-2.02
0.05,-0.04,0.99,0.04,0.17,0.11,3.03,-2.16
0.06,-0.04,1.0,0.14,0.29,-0.03,3.73,-2.3
0.07,-0.04,1.02,0.11,0.13,0.1,3.84,-2.13
0.07,-0.05,1.01,0.12,0.11,0.1,4.11,-2.94
0.09,-0.06,0.99,0.15,0.09,0.09,5.0,-3.58
0.1,-0.06,0.99,0.15,0.06,0.08,5.58,-3.41
0.11,-0.06,0.98,0.15,0.05,0.06,6.2,-3.59
0.12,-0.06,0.99,0.13,0.03,0.05,6.69,-3.21
0.13,-0.06,0.99,0.11,0.01,0.04,7.34,-3.47
0.13,-0.07,0.99,0.09,-0.03,0.05,7.49,-3.75
0.13,-0.05,0.99,0.06,-0.05,0.04,7.27,-3.08
0.12,-0.05,1.0,0.01,-0.04,0.03,6.94,-2.86
0.11,-0.04,1.0,-0.03,-0.05,0.03,6.48,-2.15
0.11,-0.03,1.01,-0.05,-0.06,0.02,6.22,-1.53
0.11,-0.01,1.01,-0.09,-0.08,0.03,6.3,-0.59
0.11,-0.01,1.01,-0.14,-0.09,0.02,6.44,-0.46
0.11,-0.01,1.02,-0.23,-0.09,0.05,6.17,-0.28
0.09,0.01,1.03,-0.28,-0.11,0.05,5.22,0.39
0.08,0.02,1.05,-0.33,-0.12,0.06,4.61,1.2
0.07,0.04,1.1,-0.4,-0.09,0.05,3.86,1.95
0.07,0.06,1.14,-0.46,-0.08,0.06,3.68,2.84
0.06,0.08,1.19,-0.48,-0.08,0.05,2.86,3.83
0.05,0.11,1.21,-0.5,-0.05,0.02,2.3,5.1
0.03,0.13,1.22,-0.52,-0.03,-0.01,1.33,6.14
0.02,0.14,1.23,-0.52,0.02,-0.02,0.82,6.64
0.0,0.17,1.24,-0.55,0.05,-0.04,0.17,7.64
-0.0,0.19,1.25,-0.54,0.08,-0.04,-0.2,8.65
-0.01,0.21,1.25,-0.55,0.14,-0.05,-0.47,9.46
-0.02,0.22,1.26,-0.57,0.19,-0.04,-0.84,10.07
-0.02,0.24,1.26,-0.54,0.23,-0.04,-0.7,10.74
-0.02,0.25,1.27,-0.52,0.26,-0.04,-0.67,11.07
-0.02,0.26,1.28,-0.53,0.29,-0.04,-0.86,11.64
-0.01,0.28,1.3,-0.53,0.33,-0.05,-0.49,12.2
-0.02,0.29,1.3,-0.5,0.34,-0.07,-0.69,12.59
-0.01,0.32,1.31,-0.5,0.37,-0.09,-0.42,13.56
-0.01,0.34,1.33,-0.5,0.38,-0.11,-0.29,14.32
-0.01,0.36,1.35,-0.49,0.4,-0.14,-0.23,14.95
-0.01,0.38,1.38,-0.5,0.41,-0.16,-0.29,15.19
-0.0,0.39,1.42,-0.5,0.43,-0.22,-0.12,15.35
-0.01,0.42,1.44,-0.51,0.44,-0.25,-0.28,16.27
-0.01,0.43,1.46,-0.54,0.49,-0.3,-0.5,16.35
-0.02,0.45,1.5,-0.54,0.51,-0.33,-0.85,16.75
-0.03,0.45,1.54,-0.54,0.53,-0.38,-1.21,16.38
-0.04,0.45,1.58,-0.56,0.57,-0.43,-1.36,16.09
-0.06,0.45,1.62,-0.56,0.6,-0.48,-2.02,15.59
-0.05,0.43,1.67,-0.55,0.69,-0.52,-1.77,14.45
-0.06,0.39,1.72,-0.58,0.85,-0.6,-1.86,12.84
-0.07,0.38,1.74,-0.63,1.01,-0.64,-2.09,12.21
-0.06,0.35,1.77,-0.68,1.21,-0.7,-1.91,11.16
-0.06,0.35,1.78,-0.76,1.4,-0.72,-2.05,11.28
-0.08,0.35,1.82,-0.83,1.62,-0.72,-2.45,10.89
-0.07,0.31,1.86,-0.89,1.85,-0.7,-2.11,9.51
-0.07,0.31,1.92,-1.0,2.08,-0.66,-2.1,9.06
-0.09,0.3,1.98,-1.07,2.28,-0.62,-2.52,8.62
-0.1,0.31,1.99,-1.12,2.5,-0.57,-2.71,8.94
-0.13,0.3,2.0,-1.16,2.72,-0.5,-3.65,8.38
-0.16,0.28,2.0,-1.21,2.94,-0.44,-4.45,7.82
-0.18,0.25,2.0,-1.26,3.12,-0.37,-5.0,7.0
-0.21,0.24,2.02,-1.26,3.2,-0.31,-5.9,6.73
-0.25,0.22,2.05,-1.23,3.33,-0.25,-6.95,6.16
-0.28,0.18,2.09,-1.21,3.46,-0.2,-7.63,4.94
-0.3,0.13,2.14,-1.14,3.58,-0.18,-8.05,3.42
-0.32,0.1,2.19,-1.03,3.7,-0.17,-8.33,2.46
-0.34,0.06,2.21,-0.9,3.83,-0.16,-8.66,1.6
-0.35,0.04,2.22,-0.73,3.96,-0.14,-8.94,1.0
-0.35,0.0,2.2,-0.55,4.12,-0.1,-9.08,0.05
-0.34,-0.06,2.18,-0.36,4.25,-0.05,-8.92,-1.58
-0.31,-0.12,2.14,-0.19,4.34,0.0,-8.36,-3.27
-0.29,-0.17,2.06,-0.04,4.34,0.09,-8.1,-4.53
-0.27,-0.21,1.97,0.03,4.34,0.19,-7.79,-5.9
-0.25,-0.25,1.89,0.08,4.34,0.3,-7.41,-7.52
-0.22,-0.31,1.83,0.11,4.34,0.43,-6.85,-9.39
-0.18,-0.35,1.8,0.11,4.34,0.55,-5.74,-10.89
-0.16,-0.41,1.78,0.07,4.34,0.72,-5.09,-12.89
-0.14,-0.46,1.75,0.14,4.34,0.76,-4.33,-14.69
-0.12,-0.49,1.72,0.2,4.34,0.83,-3.74,-15.89
-0.11,-0.51,1.67,0.22,4.34,0.91,-3.47,-17.06
-0.08,-0.56,1.64,0.27,4.34,0.95,-2.56,-18.88
-0.04,-0.6,1.61,0.33,4.34,0.99,-1.45,-20.55
-0.01,-0.65,1.57,0.37,4.34,1.02,-0.18,-22.46
0.04,-0.7,1.53,0.43,4.34,1.01,1.2,-24.69
0.07,-0.73,1.47,0.45,4.34,1.0,2.38,-26.38
0.1,-0.71,1.35,0.45,4.34,0.98,3.8,-27.58
0.13,-0.72,1.28,0.49,4.34,0.88,4.94,-29.18
0.15,-0.72,1.2,0.34,4.34,1.01,5.96,-30.98
0.16,-0.73,1.13,0.25,4.34,1.05,6.65,-32.37
0.17,-0.73,1.09,0.17,4.34,1.1,7.45,-33.39
0.19,-0.74,1.05,0.1,4.34,1.17,8.29,-34.79
0.2,-0.76,1.03,0.05,4.34,1.21,8.91,-35.89
0.21,-0.77,1.01,0.03,4.34,1.25,9.29,-36.69
0.21,-0.77,0.99,0.04,4.34,1.27,9.72,-37.34
0.22,-0.79,0.96,0.07,4.34,1.27,10.17,-38.99
0.24,-0.84,0.91,0.11,4.34,1.23,10.81,-41.66
0.24,-0.86,0.87,0.15,4.34,1.18,10.9,-43.64
0.24,-0.87,0.86,0.19,4.34,1.12,10.89,-44.41
0.25,-0.88,0.82,0.26,4.34,1.06,11.97,-45.75
0.26,-0.83,0.74,0.32,4.34,1.0,12.9,-46.8
0.24,-0.79,0.69,0.39,4.34,0.96,12.85,-47.37
0.22,-0.75,0.59,0.43,4.34,0.93,12.73,-49.82
0.22,-0.69,0.56,0.52,4.34,0.91,13.89,-49.13
0.22,-0.62,0.5,0.61,4.34,0.92,15.6,-48.68
0.24,-0.56,0.41,0.67,4.34,0.93,18.69,-49.8
0.22,-0.52,0.33,0.7,4.34,0.94,19.61,-52.6
0.22,-0.48,0.26,0.73,4.34,0.94,22.22,-54.25
0.22,-0.43,0.21,0.74,4.34,0.95,25.31,-54.08
0.22,-0.38,0.17,0.76,4.34,0.93,27.68,-53.66
0.24,-0.36,0.12,0.76,4.34,0.92,32.33,-53.27
0.25,-0.32,0.08,0.76,4.34,0.9,37.15,-50.94
0.25,-0.28,0.04,0.77,4.34,0.86,41.23,-48.07
0.25,-0.21,0.03,0.76,4.34,0.82,49.23,-40.35
0.26,-0.15,0.0,0.74,4.34,0.8,59.63,-30.35
0.26,-0.1,-0.03,0.71,4.26,0.77,68.96,-19.83
0.24,-0.07,-0.05,0.65,4.11,0.73,70.85,-14.91
0.22,-0.03,-0.05,0.57,4.03,0.69,73.86,-8.7
0.21,-0.01,-0.02,0.54,3.91,0.65,83.07,-2.34
0.2,0.02,0.01,0.53,3.8,0.63,84.02,5.06
0.18,0.07,0.02,0.53,3.69,0.59,67.98,20.58
0.15,0.12,0.04,0.51,3.59,0.58,50.83,36.56
0.16,0.14,0.05,0.51,3.45,0.58,46.16,41.28
0.15,0.16,0.04,0.51,3.33,0.55,42.26,45.7
0.14,0.19,0.06,0.52,3.22,0.53,34.49,52.01
0.13,0.25,0.07,0.49,3.12,0.52,26.1,59.49
0.14,0.3,0.09,0.48,3.0,0.5,24.16,60.97
0.14,0.34,0.09,0.45,2.86,0.49,21.82,63.6
0.12,0.36,0.1,0.39,2.76,0.48,17.53,66.62
0.1,0.37,0.13,0.36,2.67,0.46,14.72,66.0
0.1,0.41,0.19,0.34,2.57,0.46,12.35,62.88
0.11,0.43,0.22,0.34,2.44,0.47,13.11,60.12
0.1,0.45,0.22,0.35,2.29,0.46,11.43,62.25
0.08,0.46,0.23,0.34,2.18,0.45,8.53,62.21
0.07,0.48,0.28,0.35,2.07,0.44,7.56,58.87
0.08,0.49,0.32,0.38,1.93,0.45,8.08,56.05
0.07,0.5,0.34,0.4,1.77,0.42,6.74,55.38
0.07,0.49,0.36,0.42,1.64,0.39,6.53,53.55
0.08,0.49,0.38,0.43,1.49,0.36,6.95,52.22
0.08,0.51,0.39,0.45,1.39,0.32,6.91,52.0
0.08,0.52,0.41,0.45,1.24,0.3,6.52,51.63
0.09,0.55,0.42,0.39,1.14,0.32,7.43,51.96
0.1,0.56,0.43,0.36,1.06,0.31,8.12,52.18
0.12,0.57,0.43,0.32,0.97,0.32,9.68,52.39
0.14,0.57,0.44,0.24,0.9,0.33,10.64,51.05
0.14,0.57,0.46,0.15,0.84,0.34,10.64,49.98
0.12,0.58,0.49,0.04,0.8,0.36,8.89,49.15
0.11,0.58,0.51,-0.09,0.77,0.39,7.99,47.66
0.1,0.56,0.55,-0.19,0.7,0.4,7.27,45.48
0.09,0.55,0.58,-0.25,0.61,0.42,6.55,43.1
0.09,0.48,0.62,-0.34,0.57,0.44,6.75,37.51
0.07,0.45,0.65,-0.39,0.48,0.44,4.98,34.25
0.04,0.39,0.68,-0.4,0.42,0.42,3.21,29.8
0.04,0.34,0.72,-0.41,0.36,0.39,2.77,25.42
0.04,0.3,0.76,-0.4,0.33,0.36,2.81,21.3
0.02,0.27,0.78,-0.34,0.29,0.35,1.72,18.81
0.01,0.24,0.81,-0.25,0.23,0.33,0.66,16.23
0.01,0.23,0.84,-0.17,0.21,0.3,0.41,15.37
-0.02,0.25,0.85,-0.08,0.17,0.29,-1.2,16.11
-0.04,0.27,0.87,0.0,0.12,0.28,-2.3,16.93
-0.04,0.29,0.86,0.08,0.05,0.28,-2.44,18.33
-0.03,0.28,0.87,0.16,-0.0,0.28,-2.01,18.03
-0.02,0.29,0.85,0.22,-0.05,0.28,-1.08,18.84
0.02,0.3,0.82,0.24,-0.09,0.27,1.19,19.83
0.04,0.32,0.81,0.32,0.02,0.15,2.44,21.37
0.06,0.33,0.8,0.21,-0.14,0.27,3.85,22.07
0.08,0.33,0.79,0.14,-0.14,0.28,5.06,22.85
0.09,0.33,0.78,0.05,-0.14,0.28,6.03,23.04
0.11,0.3,0.77,-0.05,-0.14,0.29,7.73,21.09
0.14,0.25,0.78,-0.13,-0.12,0.27,9.82,17.77
0.15,0.22,0.79,-0.21,-0.09,0.22,10.43,14.95
0.14,0.2,0.81,-0.32,-0.04,0.18,9.21,13.87
0.11,0.18,0.84,-0.35,-0.04,0.14,7.53,12.03
0.1,0.16,0.87,-0.37,-0.04,0.1,6.68,10.49
0.08,0.16,0.91,-0.39,-0.04,0.06,4.8,9.82
0.05,0.16,0.93,-0.4,-0.04,0.05,3.28,9.52
0.03,0.16,0.95,-0.35,0.07,-0.09,2.01,9.64
0.02,0.14,0.97,-0.4,-0.09,0.05,1.07,8.44
0.0,0.13,0.98,-0.41,-0.09,0.05,0.14,7.34
-0.0,0.11,0.99,-0.41,-0.1,0.05,-0.16,6.3
-0.01,0.09,1.01,-0.32,0.03,-0.09,-0.33,5.13
-0.01,0.07,1.02,-0.29,-0.13,0.06,-0.56,4.01
0.0,0.06,1.02,-0.26,-0.14,0.06,0.14,3.17
0.0,0.03,1.02,-0.21,-0.17,0.05,0.27,1.8
0.01,0.02,1.01,-0.16,-0.17,0.04,0.72,0.85
0.02,-0.0,1.0,-0.1,-0.17,0.01,1.38,-0.08
0.03,-0.01,0.99,-0.05,-0.14,-0.01,1.96,-0.66
0.04,-0.02,1.0,-0.05,-0.16,0.01,2.53,-1.02
0.04,-0.01,0.99,0.02,-0.05,-0.07,2.29,-0.41
0.03,0.04,0.99,0.06,0.01,-0.07,1.53,2.28
0.01,0.08,0.98,0.08,0.05,-0.08,0.74,4.36
-0.0,0.11,0.97,0.07,0.08,-0.06,-0.1,6.28
0.01,0.13,0.96,0.06,0.09,-0.04,0.31,7.7
0.01,0.15,0.95,0.05,0.09,-0.03,0.34,8.85
0.0,0.15,0.95,0.03,0.09,-0.03,0.15,9.23
0.0,0.17,0.93,0.01,0.1,-0.02,0.0,10.13
-0.01,0.16,0.94,-0.02,0.1,-0.02,-0.43,9.78
0.0,0.16,0.94,-0.04,0.09,-0.02,0.24,9.98
0.02,0.16,0.94,-0.05,0.07,-0.01,1.11,9.73
0.02,0.16,0.94,-0.05,0.06,-0.02,1.2,9.47
0.01,0.15,0.94,-0.07,0.08,-0.02,0.86,9.05
0.01,0.15,0.95,-0.01,0.21,-0.17,0.78,9.08
0.0,0.16,0.95,-0.06,0.04,-0.02,0.25,9.61
0.0,0.15,0.95,-0.09,0.03,-0.02,0.13,8.75
0.01,0.14,0.96,-0.07,0.01,-0.0,0.69,8.54
0.04,0.1,0.96,-0.06,-0.03,-0.01,2.22,5.87
0.06,0.07,0.94,-0.03,-0.03,-0.04,3.84,4.3
0.06,0.07,0.94,-0.02,-0.02,-0.06,3.88,4.05
0.05,0.07,0.94,-0.03,0.01,-0.09,3.23,4.54
0.04,0.08,0.94,-0.04,0.02,-0.1,2.43,5.1
0.03,0.09,0.95,-0.04,0.02,-0.11,1.88,5.7
0.0,0.1,0.97,-0.04,0.04,-0.1,0.25,5.91
-0.01,0.12,0.97,-0.04,0.05,-0.07,-0.31,7.09
-0.02,0.13,0.98,-0.02,0.03,-0.05,-1.05,7.52
-0.0,0.12,0.98,-0.0,0.04,-0.08,-0.25,7.21
0.01,0.09,0.97,0.0,-0.02,-0.0,0.64,5.48
0.03,0.09,0.95,0.0,0.0,0.0,1.77,5.68
0.03,0.09,0.94,-0.0,0.02,0.01,1.96,5.34
0.04,0.09,0.94,-0.03,0.06,0.01,2.32,5.77
0.03,0.1,0.95,-0.05,0.08,0.03,1.98,5.99
0.02,0.1,0.95,-0.07,0.1,0.04,1.24,6.28
0.01,0.1,0.96,-0.04,0.09,0.03,0.81,5.72
0.02,0.08,0.95,-0.03,0.08,0.02,1.01,4.83
0.04,0.07,0.95,-0.02,0.06,0.02,2.19,4.19
0.04,0.06,0.94,0.02,0.06,-0.01,2.64,3.93
0.04,0.07,0.91,0.06,0.03,-0.04,2.63,4.5
0.04,0.09,0.91,0.07,0.03,-0.07,2.52,5.68
0.03,0.11,0.91,0.08,0.02,-0.09,2.07,6.97
0.02,0.12,0.92,0.08,0.02,-0.1,1.28,7.57
0.02,0.13,0.92,0.07,0.03,-0.1,1.2,8.11
0.01,0.14,0.93,0.09,-0.0,-0.1,0.76,8.56
0.0,0.14,0.93,0.09,-0.04,-0.09,0.02,8.74
0.01,0.15,0.92,0.05,-0.04,-0.09,0.72,9.03
0.01,0.15,0.91,0.04,-0.06,-0.09,0.4,9.45
0.01,0.14,0.91,0.02,-0.06,-0.08,0.54,8.73
0.01,0.13,0.93,-0.0,-0.07,-0.07,0.56,8.13
0.01,0.13,0.92,-0.04,-0.05,-0.04,0.79,8.09
0.01,0.13,0.93,-0.06,-0.05,-0.01,0.31,7.74
0.01,0.1,0.93,-0.08,-0.05,0.0,0.38,6.15
0.01,0.08,0.94,-0.08,-0.05,0.02,0.61,4.88
0.02,0.07,0.96,-0.08,-0.03,0.01,1.16,3.92
0.02,0.06,0.95,-0.05,-0.05,0.0,1.27,3.46
0.02,0.05,0.95,-0.02,-0.07,-0.02,1.15,3.07
0.02,0.05,0.95,-0.0,-0.08,-0.06,1.36,3.14
0.01,0.06,0.95,0.0,-0.07,-0.08,0.83,3.8
0.01,0.07,0.96,0.01,-0.08,-0.09,0.6,3.99
0.01,0.06,0.97,0.1,0.06,-0.25,0.83,3.63
0.02,0.05,0.97,0.06,-0.09,-0.1,1.37,2.94
0.03,0.05,0.98,0.11,-0.11,-0.11,1.56,2.78
0.03,0.04,0.98,0.13,-0.09,-0.12,1.99,2.56
0.03,0.06,0.97,0.16,-0.1,-0.15,1.86,3.52
0.03,0.08,0.97,0.14,-0.15,-0.13,1.54,4.73
0.02,0.1,0.96,0.16,-0.08,-0.16,1.46,5.73
0.02,0.13,0.94,0.17,-0.07,-0.17,1.34,7.61
0.02,0.14,0.93,0.15,-0.06,-0.16,1.26,8.83
0.02,0.17,0.93,0.11,-0.04,-0.13,1.19,10.11
0.01,0.18,0.94,0.07,0.0,-0.1,0.69,10.56
0.01,0.19,0.94,0.01,0.01,-0.06,0.73,11.28
0.0,0.19,0.94,-0.07,0.04,-0.04,0.18,11.21
-0.01,0.17,0.94,-0.1,0.03,-0.01,-0.78,10.3
-0.02,0.16,0.96,-0.15,0.03,0.02,-0.92,9.28
-0.0,0.13,0.95,-0.17,0.04,0.04,-0.24,7.72
-0.01,0.09,0.96,-0.16,0.03,0.05,-0.62,5.42
-0.01,0.06,0.96,-0.17,0.05,0.02,-0.89,3.35
-0.01,0.04,0.97,-0.14,0.04,0.04,-0.51,2.55
0.01,0.03,0.96,-0.11,0.04,0.02,0.3,1.75
-0.0,0.03,0.96,-0.03,0.03,-0.0,-0.22,2.05
-0.01,0.05,0.96,0.0,0.03,-0.02,-0.78,2.93
-0.02,0.08,0.96,0.04,0.02,-0.05,-1.31,4.94
-0.02,0.11,0.96,0.05,0.02,-0.05,-1.37,6.58
-0.02,0.13,0.95,0.06,-0.0,-0.04,-1.26,7.93
-0.03,0.14,0.94,0.09,-0.01,-0.03,-1.79,8.53
-0.03,0.15,0.94,0.08,-0.01,-0.02,-1.57,9.07
-0.01,0.13,0.95,0.07,-0.03,-0.01,-0.38,8.07
0.0,0.13,0.93,0.06,-0.03,0.01,0.12,7.98
0.01,0.13,0.92,0.07,-0.03,0.01,0.51,8.1
0.02,0.14,0.92,0.06,-0.03,0.01,1.27,8.94
0.02,0.15,0.92,0.02,-0.02,0.02,1.34,9.0
0.02,0.15,0.92,-0.02,-0.0,0.03,1.09,9.14
0.01,0.15,0.93,-0.04,0.0,0.05,0.62,9.02
0.02,0.15,0.94,-0.06,-0.01,0.06,0.96,9.07
0.02,0.13,0.94,-0.1,-0.02,0.07,1.48,7.59
0.04,0.09,0.95,-0.1,-0.03,0.06,2.41,5.36
0.04,0.06,0.95,-0.08,0.04,-0.04,2.55,3.45
0.04,0.06,0.97,-0.08,-0.03,0.03,2.46,3.28
0.04,0.07,0.96,-0.1,-0.01,0.02,2.36,3.92
0.02,0.07,0.96,-0.09,0.01,0.03,1.38,4.06
0.01,0.06,0.97,-0.08,0.02,0.01,0.4,3.66
0.0,0.08,0.99,-0.06,0.02,0.03,0.1,4.46
0.01,0.07,0.98,-0.05,0.02,0.03,0.68,4.11
0.02,0.06,0.96,-0.05,0.02,0.04,1.07,3.86
0.01,0.06,0.96,-0.04,0.02,0.03,0.89,3.41
0.02,0.07,0.95,-0.02,0.03,0.03,1.11,3.91
0.01,0.08,0.95,-0.03,0.05,0.02,0.5,5.03
0.0,0.09,0.95,-0.04,0.06,0.03,0.23,5.71
-0.01,0.11,0.95,-0.03,0.06,0.05,-0.36,6.72
-0.01,0.11,0.97,-0.0,0.03,0.05,-0.4,6.55
-0.0,0.1,0.96,-0.02,0.03,0.06,-0.1,6.14
0.0,0.11,0.94,0.0,0.04,0.07,0.25,6.47
0.01,0.1,0.94,0.06,0.18,-0.07,0.51,6.26
0.01,0.11,0.94,0.01,0.07,0.03,0.62,6.58
0.01,0.12,0.94,0.0,0.04,0.08,0.57,7.17
0.01,0.12,0.93,-0.02,0.04,0.09,0.66,7.12
0.02,0.12,0.93,0.02,0.02,0.07,1.39,7.13
0.03,0.11,0.93,0.03,0.0,0.05,1.74,7.04
0.03,0.12,0.91,0.02,-0.01,0.05,1.95,7.56
0.03,0.12,0.91,-0.01,0.0,0.03,2.03,7.67
0.03,0.13,0.92,-0.0,-0.04,0.04,2.12,7.83
0.04,0.12,0.92,-0.0,-0.04,0.02,2.69,7.31
0.05,0.12,0.92,-0.02,-0.05,0.01,2.97,7.2
0.05,0.11,0.91,-0.06,-0.04,0.0,2.97,7.11
0.05,0.1,0.93,-0.06,-0.03,0.0,3.2,6.18
0.05,0.1,0.93,-0.08,-0.02,-0.01,3.36,6.22
0.04,0.09,0.94,-0.1,-0.03,0.02,2.3,5.51
0.04,0.08,0.95,-0.14,-0.0,0.02,2.53,5.04
0.04,0.08,0.95,-0.14,-0.0,0.04,2.19,5.09
0.04,0.08,0.96,-0.12,0.01,0.04,2.11,4.56
0.02,0.06,0.97,-0.13,0.01,0.05,1.4,3.43
0.03,0.06,0.96,-0.11,-0.01,0.05,1.84,3.49
0.03,0.05,0.96,-0.1,0.0,0.04,1.78,3.07
0.03,0.05,0.96,-0.05,-0.02,0.03,1.57,3.09
0.03,0.05,0.97,-0.04,-0.02,0.02,1.65,2.76
0.02,0.05,0.96,-0.04,0.0,0.02,1.4,2.87
0.02,0.05,0.97,-0.0,-0.01,0.01,1.23,2.84
0.03,0.06,0.97,0.02,-0.02,-0.0,1.63,3.27
0.02,0.06,0.96,0.02,-0.03,-0.0,1.46,3.52
0.02,0.06,0.95,0.02,-0.01,-0.01,1.34,3.44
0.02,0.07,0.95,0.04,-0.01,-0.01,0.92,4.33
0.01,0.08,0.97,0.01,-0.0,0.01,0.7,4.99
0.01,0.1,0.96,0.04,-0.02,0.01,0.59,5.67
0.01,0.1,0.95,0.01,0.01,0.02,0.63,5.85
0.01,0.1,0.94,0.01,-0.0,0.04,0.81,6.17
0.02,0.1,0.94,0.01,0.0,0.05,1.2,6.26
0.02,0.11,0.94,0.0,0.01,0.05,1.05,6.73
0.02,0.12,0.95,-0.01,0.02,0.06,1.04,7.03
0.02,0.12,0.94,-0.01,0.02,0.07,0.95,7.06
0.02,0.11,0.94,0.01,-0.0,0.08,0.95,6.9
0.01,0.12,0.95,0.02,0.0,0.08,0.64,7.3
0.01,0.14,0.95,0.03,-0.01,0.09,0.41,8.09
0.01,0.13,0.95,-0.01,-0.02,0.11,0.6,7.94
0.02,0.13,0.94,0.02,-0.05,0.12,1.1,7.99
0.03,0.11,0.95,0.01,-0.06,0.11,1.76,6.63
0.04,0.1,0.94,0.03,-0.06,0.1,2.33,6.21
0.04,0.09,0.93,0.01,-0.05,0.09,2.46,5.78
0.05,0.08,0.93,0.08,0.09,-0.07,3.03,5.2
0.06,0.07,0.94,0.03,-0.05,0.06,3.5,4.19
0.06,0.08,0.94,0.01,-0.03,0.04,3.72,4.86
0.05,0.08,0.94,0.02,-0.03,0.03,3.34,4.97
0.05,0.08,0.94,0.0,-0.02,0.01,3.3,4.81
0.05,0.09,0.94,0.02,0.01,-0.06,3.02,5.48
0.04,0.11,0.94,-0.0,-0.02,-0.01,2.28,6.54
0.02,0.12,0.93,0.0,-0.01,-0.01,1.49,7.54
0.02,0.13,0.94,0.0,-0.02,-0.02,1.33,8.15
0.03,0.13,0.93,-0.01,-0.01,-0.05,1.68,8.09
0.03,0.13,0.93,-0.03,-0.04,0.01,1.68,7.94
0.03,0.13,0.92,-0.05,-0.02,0.0,1.9,8.0
0.03,0.12,0.93,-0.09,-0.02,0.02,1.81,7.3
0.03,0.12,0.92,-0.11,-0.02,0.02,1.56,7.31
0.02,0.11,0.93,-0.14,-0.0,0.01,1.11,6.88
0.01,0.11,0.94,-0.14,-0.01,0.01,0.68,6.5
0.0,0.1,0.95,-0.12,-0.02,0.01,0.15,6.25
0.0,0.09,0.95,-0.12,-0.04,0.01,0.0,5.42
-0.0,0.08,0.95,-0.1,-0.03,0.01,-0.13,4.88
-0.01,0.08,0.96,-0.1,-0.03,0.02,-0.65,4.69
-0.0,0.08,0.96,-0.08,-0.03,0.01,-0.18,4.53
-0.0,0.09,0.94,-0.07,-0.05,0.02,-0.19,5.69
-0.0,0.08,0.96,-0.05,-0.06,0.03,-0.05,4.76
-0.01,0.08,0.94,-0.04,-0.06,0.03,-0.39,5.12
0.0,0.08,0.94,-0.02,-0.06,0.02,0.29,4.74
0.01,0.06,0.95,-0.01,-0.06,0.03,0.71,3.87
0.03,0.07,0.94,-0.0,-0.06,0.01,1.78,4.05
0.01,0.07,0.93,-0.01,-0.04,0.01,0.87,4.4
0.02,0.08,0.94,-0.01,-0.02,-0.0,0.97,4.73
0.01,0.1,0.94,-0.01,-0.03,0.01,0.91,5.94
0.0,0.11,0.95,-0.06,-0.05,0.03,0.06,6.51
-0.01,0.11,0.96,-0.06,-0.02,0.04,-0.33,6.8
-0.01,0.11,0.96,-0.04,-0.01,0.06,-0.43,6.62
0.0,0.1,0.96,-0.03,-0.03,0.07,0.14,6.18
0.01,0.11,0.95,-0.05,-0.04,0.08,0.34,6.38
0.02,0.09,0.94,-0.04,-0.04,0.08,1.22,5.6
0.03,0.09,0.95,-0.04,-0.03,0.08,1.82,5.48
0.03,0.09,0.95,-0.04,-0.03,0.08,1.65,5.58
0.03,0.1,0.95,-0.02,-0.02,0.04,1.58,5.95
0.03,0.1,0.94,-0.04,-0.04,0.07,1.99,6.28
0.04,0.1,0.94,-0.02,-0.05,0.07,2.2,5.99
0.05,0.09,0.94,-0.01,-0.06,0.06,2.74,5.49
0.06,0.09,0.94,0.0,-0.02,-0.02,3.46,5.6
0.07,0.09,0.93,-0.03,-0.06,0.03,4.18,5.41
0.07,0.09,0.92,-0.02,-0.05,0.01,4.54,5.65
0.07,0.09,0.92,-0.05,-0.02,-0.0,4.34,5.75
0.06,0.11,0.92,-0.04,-0.03,-0.01,3.69,7.09
0.06,0.13,0.92,-0.06,-0.02,-0.02,3.4,7.96
0.05,0.14,0.93,-0.08,-0.02,-0.02,3.15,8.29
0.05,0.14,0.92,-0.07,-0.04,-0.01,3.28,8.63
0.05,0.14,0.91,-0.06,-0.04,-0.03,3.21,8.69
0.05,0.14,0.91,-0.07,-0.05,-0.03,3.13,8.53
0.05,0.14,0.91,-0.08,-0.04,-0.04,3.0,8.7
0.04,0.15,0.9,-0.04,-0.08,-0.04,2.78,9.6
0.05,0.15,0.9,-0.05,-0.09,-0.04,2.97,9.58
0.04,0.16,0.89,-0.04,-0.1,-0.05,2.51,9.92
0.04,0.16,0.89,-0.04,-0.11,-0.05,2.36,10.26
0.03,0.17,0.88,-0.03,-0.14,-0.04,1.89,11.24
0.03,0.18,0.88,-0.02,-0.15,-0.04,2.12,11.77
0.04,0.19,0.87,-0.03,-0.17,-0.05,2.36,12.07
0.03,0.19,0.86,-0.03,-0.18,-0.04,2.21,12.4
0.03,0.19,0.85,-0.03,-0.2,-0.04,1.9,12.52
0.03,0.19,0.84,-0.02,-0.24,-0.04,2.0,12.5
0.04,0.19,0.83,-0.01,-0.25,-0.06,2.39,13.15
0.04,0.2,0.82,-0.01,-0.27,-0.07,2.61,13.62
0.04,0.21,0.82,-0.0,-0.3,-0.09,2.39,14.49
0.04,0.23,0.81,0.02,-0.35,-0.11,2.4,15.51
0.03,0.23,0.81,0.02,-0.39,-0.12,2.03,15.77
0.02,0.23,0.8,0.0,-0.41,-0.14,1.59,15.87
0.02,0.23,0.8,0.01,-0.43,-0.14,1.54,15.95
0.02,0.24,0.8,0.03,-0.46,-0.14,1.28,16.6
0.02,0.25,0.8,0.03,-0.49,-0.14,1.23,17.01
0.02,0.26,0.78,0.03,-0.52,-0.12,1.1,18.42
0.02,0.27,0.77,0.04,-0.56,-0.11,1.41,19.07
0.02,0.27,0.76,0.03,-0.58,-0.1,1.72,19.32
0.01,0.27,0.76,0.06,-0.62,-0.09,0.55,19.71
0.02,0.29,0.75,0.07,-0.66,-0.1,1.21,20.86
0.02,0.29,0.76,0.08,-0.72,-0.09,1.63,21.08
0.03,0.29,0.73,0.07,-0.8,-0.1,2.4,21.95
0.04,0.29,0.72,0.06,-0.83,-0.11,2.69,21.81
0.04,0.27,0.72,0.04,-0.87,-0.11,3.03,20.32
0.05,0.24,0.72,0.04,-0.9,-0.11,4.07,18.83
0.06,0.25,0.7,0.06,-0.94,-0.13,4.7,19.34
0.05,0.24,0.69,0.04,-0.98,-0.14,4.11,19.32
0.04,0.25,0.7,0.05,-0.99,-0.17,3.37,19.6
0.02,0.25,0.69,0.07,-1.02,-0.18,1.91,19.61
0.03,0.25,0.7,0.1,-1.06,-0.2,2.03,19.57
0.02,0.26,0.7,0.15,-1.11,-0.21,1.39,20.75
0.01,0.3,0.7,0.2,-1.16,-0.21,1.01,23.12
0.02,0.32,0.69,0.25,-1.26,-0.21,1.87,24.83
0.03,0.33,0.64,0.27,-1.35,-0.22,2.44,26.97
0.03,0.31,0.63,0.28,-1.43,-0.23,2.7,26.39
0.04,0.31,0.63,0.3,-1.48,-0.26,2.88,26.11
0.04,0.33,0.63,0.31,-1.58,-0.27,3.51,27.31
0.06,0.34,0.62,0.32,-1.67,-0.27,4.91,28.7
0.08,0.33,0.59,0.29,-1.77,-0.28,6.64,29.16
0.1,0.3,0.57,0.21,-1.83,-0.29,8.98,27.11
0.12,0.24,0.56,0.12,-1.85,-0.31,11.04,22.78
0.12,0.2,0.56,0.07,-1.87,-0.33,11.78,19.24
0.11,0.18,0.59,0.02,-1.87,-0.33,10.58,16.51
0.11,0.17,0.63,-0.03,-1.87,-0.33,9.82,14.5
0.12,0.16,0.65,-0.08,-1.92,-0.33,9.94,13.29
0.12,0.13,0.66,-0.12,-1.98,-0.34,10.05,10.82
0.12,0.09,0.65,-0.19,-2.03,-0.39,9.94,7.95
0.1,0.05,0.68,-0.26,-2.01,-0.4,8.04,4.49
0.06,0.03,0.73,-0.3,-1.98,-0.4,4.98,2.32
0.04,0.03,0.77,-0.27,-1.97,-0.37,2.96,2.15
0.01,0.05,0.81,-0.23,-1.97,-0.33,1.04,3.53
0.0,0.07,0.84,-0.19,-2.0,-0.27,0.29,4.63
0.01,0.06,0.83,-0.18,-2.06,-0.23,1.02,3.86
0.04,0.04,0.83,-0.14,-2.13,-0.2,3.01,2.56
0.07,-0.0,0.81,-0.13,-2.17,-0.22,4.67,-0.01
0.07,-0.02,0.81,-0.13,-2.18,-0.25,4.98,-1.41
0.06,-0.01,0.83,-0.15,-2.2,-0.25,4.43,-0.96
0.07,-0.01,0.85,-0.16,-2.23,-0.24,4.86,-0.44
0.1,-0.02,0.86,-0.21,-2.28,-0.28,6.54,-1.66
0.1,-0.06,0.84,-0.28,-2.3,-0.21,6.94,-4.31
0.1,-0.12,0.86,-0.37,-2.31,-0.22,6.48,-8.22
0.1,-0.2,0.89,-0.39,-2.27,-0.23,5.93,-12.45
0.09,-0.24,0.95,-0.4,-2.22,-0.33,5.17,-14.32
0.08,-0.25,1.0,-0.36,-2.13,-0.3,4.24,-14.11
0.05,-0.24,1.03,-0.36,-2.1,-0.34,2.98,-12.85
0.03,-0.23,1.04,-0.31,-2.08,-0.35,1.46,-12.39
0.01,-0.22,1.05,-0.28,-2.05,-0.39,0.35,-11.77
-0.02,-0.19,1.07,-0.23,-1.99,-0.39,-1.04,-9.88
-0.04,-0.15,1.08,-0.17,-1.95,-0.38,-2.1,-7.68
-0.05,-0.11,1.08,-0.14,-1.94,-0.33,-2.9,-5.86
-0.07,-0.08,1.07,-0.06,-1.93,-0.27,-3.83,-4.27
-0.07,-0.06,1.04,-0.01,-1.93,-0.22,-3.71,-3.18
-0.06,-0.04,1.02,0.02,-1.89,-0.17,-3.33,-2.07
-0.03,-0.02,1.01,0.06,-1.88,-0.12,-1.79,-1.41
0.01,-0.03,1.01,0.09,-1.89,-0.08,0.51,-1.64
0.07,-0.06,1.0,0.1,-1.93,-0.07,4.09,-3.52
0.12,-0.11,0.98,0.06,-1.95,-0.09,6.68,-6.16
0.13,-0.17,0.97,-0.01,-1.93,-0.16,7.75,-9.62
0.12,-0.18,0.99,-0.02,-1.78,-0.37,7.06,-10.45
0.11,-0.15,1.01,-0.14,-1.8,-0.27,6.17,-8.55
0.07,-0.1,1.05,-0.18,-1.73,-0.27,3.83,-5.71
0.04,-0.05,1.07,-0.19,-1.7,-0.25,2.17,-2.86
0.03,-0.05,1.1,-0.19,-1.72,-0.2,1.43,-2.46
0.01,-0.08,1.12,-0.2,-1.74,-0.19,0.45,-3.88
0.02,-0.13,1.1,-0.2,-1.7,-0.19,1.15,-6.73
0.01,-0.11,1.12,-0.21,-1.64,-0.21,0.46,-5.63
-0.01,-0.07,1.15,-0.17,-1.64,-0.2,-0.31,-3.4
-0.01,-0.04,1.12,-0.16,-1.62,-0.16,-0.45,-2.22
-0.01,-0.01,1.1,-0.14,-1.62,-0.14,-0.5,-0.58
-0.01,-0.01,1.11,-0.16,-1.62,-0.09,-0.26,-0.31
0.0,-0.02,1.09,-0.18,-1.6,-0.05,0.02,-1.07
0.0,-0.03,1.09,-0.19,-1.56,-0.02,0.03,-1.43
-0.0,-0.02,1.09,-0.21,-1.52,0.01,-0.25,-0.8
0.01,-0.02,1.1,-0.21,-1.49,0.05,0.36,-0.79
0.02,-0.03,1.1,-0.18,-1.5,0.07,1.06,-1.34
0.03,-0.06,1.1,-0.14,-1.5,0.07,1.55,-3.02
0.03,-0.08,1.1,-0.11,-1.48,0.02,1.77,-4.26
0.04,-0.1,1.11,-0.08,-1.47,-0.02,1.87,-4.89
0.03,-0.08,1.11,-0.06,-1.44,-0.06,1.68,-3.9
0.03,-0.03,1.1,0.01,-1.43,-0.1,1.39,-1.7
0.03,0.01,1.08,0.06,-1.44,-0.11,1.66,0.27
0.05,0.02,1.06,0.07,-1.47,-0.12,2.67,1.03
0.06,0.0,1.03,0.1,-1.38,-0.26,3.06,0.19
0.05,-0.01,1.03,-0.02,-1.48,-0.13,2.79,-0.8
0.04,-0.01,1.03,-0.08,-1.43,-0.13,2.32,-0.62
0.04,0.0,1.05,-0.15,-1.38,-0.1,2.13,0.12
0.03,0.02,1.05,-0.19,-1.36,-0.06,1.76,1.06
0.02,0.03,1.05,-0.22,-1.34,-0.03,1.26,1.65
0.01,0.03,1.05,-0.29,-1.34,0.02,0.47,1.79
-0.01,0.02,1.07,-0.35,-1.29,0.04,-0.52,1.08
-0.02,0.02,1.07,-0.37,-1.26,0.06,-1.05,1.07
-0.03,0.02,1.08,-0.35,-1.23,0.09,-1.39,1.11
-0.03,0.01,1.09,-0.31,-1.2,0.11,-1.76,0.58
-0.02,0.01,1.09,-0.29,-1.17,0.14,-1.06,0.61
-0.02,0.01,1.08,-0.22,-1.18,0.14,-0.95,0.78
-0.02,0.01,1.07,-0.13,-1.19,0.11,-1.27,0.35
-0.01,0.01,1.06,-0.11,-1.22,0.1,-0.48,0.63
-0.0,0.02,1.06,0.0,-1.25,0.05,-0.01,0.87
0.01,0.01,1.06,0.09,-1.29,0.01,0.36,0.78
0.02,0.01,1.05,0.15,-1.34,-0.05,1.24,0.31
0.05,0.0,1.03,0.21,-1.37,-0.1,2.72,0.1
0.06,0.01,1.02,0.21,-1.4,-0.13,3.38,0.57
0.07,-0.0,1.02,0.19,-1.43,-0.15,3.85,-0.05
0.06,0.0,1.02,0.16,-1.42,-0.18,3.27,0.13
0.05,-0.0,1.04,0.12,-1.4,-0.17,2.69,-0.11
0.05,0.0,1.07,0.07,-1.33,-0.15,2.92,0.04
0.05,-0.0,1.08,0.02,-1.3,-0.12,2.83,-0.12
0.03,0.01,1.09,-0.07,-1.26,-0.07,1.53,0.52
0.01,0.01,1.1,-0.16,-1.3,0.01,0.56,0.43
0.0,0.02,1.1,-0.2,-1.17,0.0,0.04,0.99
-0.02,0.03,1.11,-0.2,-1.11,0.03,-1.14,1.49
-0.03,0.05,1.09,-0.21,-1.09,0.07,-1.58,2.71
-0.02,0.06,1.11,-0.22,-1.09,0.11,-1.28,2.91
-0.01,0.02,1.12,-0.22,-1.08,0.14,-0.45,0.95
-0.01,-0.01,1.14,-0.21,-1.09,0.13,-0.32,-0.67
0.0,-0.03,1.14,-0.17,-1.07,0.08,0.15,-1.27
-0.01,-0.01,1.13,-0.27,-1.19,0.18,-0.51,-0.55
-0.02,0.02,1.12,-0.15,-1.04,0.03,-0.99,1.22
-0.03,0.05,1.1,-0.09,-1.02,-0.0,-1.36,2.64
-0.03,0.07,1.09,-0.03,-1.04,0.01,-1.79,3.62
-0.03,0.07,1.08,0.03,-1.07,-0.0,-1.55,3.59
-0.02,0.06,1.06,0.09,-1.1,-0.0,-0.84,3.34
-0.01,0.05,1.06,0.13,-1.13,-0.02,-0.33,2.56
0.01,0.04,1.04,0.17,-1.13,-0.04,0.69,1.93
0.03,0.03,1.04,0.19,-1.12,-0.07,1.52,1.6
0.03,0.03,1.03,0.18,-1.11,-0.06,1.83,1.43
0.05,0.04,1.01,0.15,-1.08,-0.05,2.76,2.25
0.05,0.05,0.99,0.11,-1.06,-0.05,2.94,2.87
0.05,0.05,0.97,0.04,-1.09,-0.01,2.67,3.15
0.04,0.05,0.97,-0.01,-1.03,0.0,2.32,3.22
0.03,0.05,0.99,-0.06,-1.02,0.01,1.8,3.05
0.02,0.03,1.01,-0.05,-0.91,-0.13,1.33,1.95
0.02,0.0,1.07,-0.12,-1.01,-0.01,1.06,0.15
0.01,-0.0,1.11,-0.12,-1.02,-0.02,0.28,-0.09
-0.01,0.01,1.11,-0.11,-0.99,-0.04,-0.4,0.5
-0.01,0.03,1.1,-0.07,-1.01,-0.06,-0.58,1.36
-0.02,0.04,1.1,-0.07,-1.01,-0.08,-1.3,1.9
-0.03,0.04,1.1,-0.04,-1.01,-0.09,-1.77,2.32
-0.05,0.06,1.12,-0.04,-1.0,-0.07,-2.42,2.99
-0.05,0.07,1.12,0.03,-0.99,-0.05,-2.59,3.43
-0.05,0.07,1.11,0.08,-0.98,-0.02,-2.55,3.85
-0.04,0.08,1.1,0.1,-0.97,0.0,-2.17,4.0
-0.03,0.08,1.07,0.12,-0.95,0.02,-1.65,4.33
-0.02,0.08,1.04,0.16,-0.95,0.04,-0.95,4.55
-0.0,0.09,1.02,0.18,-0.96,0.05,-0.21,4.82
0.02,0.08,0.99,0.21,-0.95,0.06,1.02,4.55
0.02,0.08,0.98,0.2,-0.95,0.08,1.43,4.71
0.03,0.07,0.96,0.18,-0.95,0.09,1.56,4.05
0.04,0.05,0.95,0.15,-0.96,0.11,2.52,3.23
0.05,0.05,0.96,0.14,-0.97,0.11,2.82,3.07
0.06,0.05,0.97,0.12,-0.95,0.11,3.44,2.83
0.07,0.03,0.98,0.09,-0.98,0.1,3.98,1.81
0.08,0.02,1.0,0.08,-1.03,0.07,4.49,0.87
0.08,0.0,1.02,0.07,-1.04,0.02,4.44,0.16
0.07,-0.0,1.04,0.03,-1.03,-0.02,3.7,-0.07
0.05,-0.01,1.05,0.03,-1.02,-0.05,2.92,-0.41
0.04,0.02,1.07,0.02,-1.02,-0.07,2.37,1.08
0.03,0.04,1.08,0.02,-1.02,-0.08,1.66,2.15
0.02,0.05,1.08,0.02,-1.03,-0.09,1.03,2.84
0.01,0.05,1.08,0.03,-1.02,-0.07,0.77,2.86
0.01,0.06,1.08,0.02,-1.01,-0.06,0.39,3.22
-0.01,0.07,1.08,0.03,-0.98,-0.04,-0.4,3.58
0.01,0.04,1.08,0.03,-0.97,-0.03,0.55,2.36
0.01,0.05,1.08,0.01,-0.94,-0.0,0.66,2.75
0.01,0.06,1.07,0.03,-0.95,0.02,0.65,3.21
0.01,0.06,1.07,0.04,-0.95,0.02,0.59,3.2
0.02,0.06,1.07,0.01,-0.93,0.03,0.9,3.09
0.02,0.03,1.07,0.01,-0.93,0.03,0.87,1.79
0.02,0.03,1.07,-0.01,-0.91,0.04,1.23,1.66
0.03,0.04,1.07,-0.01,-0.88,0.03,1.74,1.87
0.01,0.04,1.05,0.0,-0.86,0.03,0.74,2.34
0.01,0.06,1.03,0.02,-0.85,0.03,0.35,3.38
0.01,0.06,1.02,0.05,-0.88,0.03,0.29,3.53
0.02,0.04,1.02,0.1,-0.9,0.02,0.91,2.5
0.02,0.04,1.03,0.14,-0.9,-0.01,1.08,2.21
0.04,0.04,1.02,0.17,-0.93,-0.05,2.3,2.25
0.05,0.05,0.99,0.21,-0.98,-0.07,2.7,3.17
0.07,0.06,0.97,0.22,-1.01,-0.1,3.84,3.48
0.08,0.06,0.95,0.19,-1.05,-0.11,4.65,3.49
0.08,0.06,0.95,0.13,-1.06,-0.1,4.85,3.44
0.08,0.06,0.96,0.09,-1.08,-0.09,4.86,3.57
0.08,0.06,0.97,0.01,-1.13,-0.05,4.65,3.47
0.07,0.03,1.0,-0.04,-1.08,-0.04,4.13,1.95
0.06,0.03,1.05,-0.1,-1.05,-0.02,3.33,1.55
0.05,0.03,1.08,-0.12,-1.03,-0.02,2.54,1.48
0.03,0.03,1.11,-0.13,-1.01,-0.03,1.47,1.37
0.02,0.01,1.15,-0.12,-0.99,-0.04,0.88,0.7
0.01,0.02,1.17,-0.11,-0.95,-0.05,0.69,1.01
0.0,0.03,1.16,-0.11,-0.91,-0.05,0.15,1.64
-0.0,0.05,1.13,-0.08,-0.89,-0.1,-0.01,2.77
-0.01,0.08,1.11,-0.09,-0.9,-0.05,-0.34,3.91
-0.01,0.09,1.1,-0.08,-0.88,-0.05,-0.29,4.52
-0.01,0.09,1.09,-0.08,-0.9,-0.03,-0.31,4.52
-0.0,0.08,1.1,-0.06,-0.9,-0.02,-0.25,3.91
-0.01,0.07,1.1,-0.07,-0.88,-0.01,-0.73,3.58
-0.02,0.08,1.09,-0.08,-0.85,0.0,-0.84,4.1
-0.01,0.08,1.08,-0.06,-0.86,0.01,-0.72,4.25
-0.02,0.08,1.08,-0.05,-0.85,0.01,-1.12,4.47
-0.03,0.09,1.08,-0.03,-0.86,0.02,-1.68,4.89
-0.03,0.09,1.06,-0.01,-0.85,0.02,-1.39,4.94
-0.03,0.09,1.05,0.01,-0.85,0.03,-1.59,4.94
-0.02,0.08,1.04,0.06,-0.87,0.04,-1.11,4.39
-0.01,0.07,1.02,0.04,-0.9,0.06,-0.29,3.66
0.01,0.05,1.01,0.03,-0.87,0.07,0.76,3.05
0.03,0.05,1.01,0.03,-0.86,0.07,1.69,3.06
0.04,0.03,1.03,0.06,-0.87,0.07,2.17,1.87
0.04,0.03,1.04,0.04,-0.87,0.06,2.33,1.86
0.04,0.04,1.04,0.05,-0.87,0.02,2.12,2.32
0.04,0.05,1.03,0.03,-0.87,0.01,2.26,2.54
0.04,0.04,1.03,0.05,-0.9,0.0,2.29,2.48
0.04,0.05,1.04,0.04,-0.9,-0.01,2.15,2.63
0.04,0.05,1.05,0.03,-0.9,-0.02,2.09,2.92
0.03,0.06,1.06,0.02,-0.89,-0.02,1.81,3.22
0.02,0.06,1.07,0.01,-0.9,-0.02,1.33,3.48
0.02,0.07,1.07,0.04,-0.86,-0.1,1.06,3.87
0.01,0.08,1.07,0.0,-0.91,-0.03,0.56,4.39
-0.0,0.08,1.07,0.0,-0.9,-0.02,-0.01,4.52
0.01,0.09,1.05,0.01,-0.9,-0.01,0.45,4.62
-0.01,0.08,1.06,0.03,-0.9,0.0,-0.33,4.44
-0.0,0.08,1.06,0.01,-0.9,0.02,-0.13,4.11
-0.0,0.07,1.07,-0.01,-0.89,0.02,-0.11,3.98
0.01,0.07,1.07,0.02,-0.92,0.04,0.29,3.56
0.0,0.06,1.07,0.05,-0.91,0.01,0.26,3.27
0.01,0.06,1.06,0.03,-0.9,0.01,0.38,2.99
0.0,0.06,1.04,0.05,-0.89,0.01,0.05,3.24
0.0,0.06,1.02,0.05,-0.89,0.02,0.23,3.49
0.01,0.07,1.0,0.04,-0.9,0.05,0.38,3.92
-0.0,0.07,0.99,0.03,-0.88,0.06,-0.28,4.19
0.0,0.06,0.99,0.02,-0.89,0.09,0.06,3.74
-0.0,0.05,1.0,0.03,-0.9,0.1,-0.04,2.81
0.0,0.04,1.02,0.07,-0.92,0.08,0.04,2.14
-0.01,0.04,1.04,0.07,-0.92,0.07,-0.37,1.96
-0.0,0.03,1.04,0.09,-0.93,0.05,-0.02,1.41
-0.0,0.02,1.04,0.13,-0.95,0.03,-0.19,1.1
-0.01,0.01,1.05,0.17,-0.96,-0.01,-0.33,0.79
-0.0,0.02,1.05,0.17,-0.96,-0.04,-0.17,0.88
0.0,0.01,1.04,0.19,-0.96,-0.05,0.27,0.61
0.02,0.01,1.03,0.16,-0.94,-0.07,0.9,0.8
0.03,0.01,1.01,0.14,-0.93,-0.06,1.59,0.46
0.04,0.01,1.01,0.08,-0.93,-0.04,2.11,0.85
0.03,0.01,0.99,0.0,-0.9,-0.02,1.78,0.62
0.03,0.01,0.97,-0.08,-0.89,-0.0,1.67,0.63
0.02,0.02,0.97,-0.15,-0.9,0.03,1.12,1.34
-0.0,0.05,1.0,-0.23,-0.9,0.05,-0.1,2.94
-0.03,0.07,1.03,-0.3,-0.9,0.08,-1.42,3.76
-0.04,0.08,1.06,-0.3,-0.9,0.13,-2.08,4.56
-0.05,0.09,1.09,-0.3,-0.91,0.15,-2.63,4.61
-0.05,0.09,1.11,-0.21,-0.78,0.03,-2.65,4.63
-0.06,0.09,1.12,-0.24,-0.87,0.18,-2.99,4.63
-0.05,0.08,1.12,-0.22,-0.86,0.19,-2.56,4.3
-0.05,0.08,1.12,-0.17,-0.85,0.17,-2.37,4.18
-0.03,0.09,1.11,-0.2,-0.93,0.23,-1.62,4.66
-0.02,0.08,1.09,-0.15,-0.85,0.18,-0.99,4.02
-0.01,0.08,1.09,-0.15,-0.84,0.17,-0.69,4.01
-0.01,0.07,1.09,-0.1,-0.87,0.16,-0.42,3.94
-0.0,0.06,1.06,-0.08,-0.89,0.14,-0.14,3.38
0.01,0.06,1.05,-0.1,-0.89,0.12,0.58,3.18
0.02,0.06,1.03,-0.1,-0.88,0.08,0.94,3.55
0.01,0.07,1.01,-0.13,-0.9,0.14,0.83,3.9
0.01,0.07,1.0,-0.12,-0.91,0.13,0.54,4.25
0.01,0.08,0.99,-0.13,-0.93,0.14,0.58,4.5
0.01,0.07,1.0,-0.13,-0.94,0.16,0.65,3.9
0.01,0.07,1.0,-0.11,-0.96,0.18,0.49,3.87
0.01,0.06,0.99,-0.09,-0.98,0.19,0.46,3.4
0.01,0.05,0.97,-0.11,-0.97,0.2,0.71,3.0
0.0,0.05,0.98,-0.11,-0.99,0.22,0.22,3.11
0.01,0.05,0.97,-0.11,-1.03,0.22,0.33,2.8
0.01,0.04,0.99,-0.12,-1.03,0.26,0.4,2.28
0.01,0.03,0.99,-0.11,-1.05,0.26,0.86,1.46
0.01,0.02,1.01,-0.12,-1.04,0.26,0.71,1.01
-0.0,0.02,1.01,-0.1,-1.05,0.26,-0.16,1.32
-0.01,0.03,1.0,-0.11,-1.07,0.26,-0.39,1.68
-0.02,0.03,0.99,-0.13,-1.1,0.26,-1.02,1.96
-0.03,0.03,0.98,-0.13,-1.11,0.27,-1.65,2.02
-0.05,0.05,0.99,-0.14,-1.13,0.3,-2.64,3.07
-0.05,0.05,0.98,-0.15,-1.17,0.33,-2.83,2.65
-0.07,0.04,0.98,-0.15,-1.19,0.36,-4.05,2.59
-0.08,0.05,0.98,-0.16,-1.21,0.38,-4.75,2.69
-0.08,0.04,0.99,-0.19,-1.22,0.42,-4.87,2.31
-0.1,0.05,0.99,-0.2,-1.24,0.46,-5.52,2.74
-0.11,0.05,1.0,-0.22,-1.26,0.48,-6.43,2.92
-0.13,0.07,1.02,-0.22,-1.27,0.53,-7.39,4.09
-0.14,0.09,1.03,-0.21,-1.28,0.56,-7.71,4.78
-0.15,0.11,1.08,-0.1,-1.22,0.46,-7.89,5.95
-0.15,0.15,1.14,-0.12,-1.34,0.6,-7.32,7.32
-0.13,0.18,1.19,-0.03,-1.35,0.59,-6.2,8.71
-0.11,0.21,1.26,0.04,-1.35,0.6,-4.77,9.33
-0.07,0.22,1.33,0.15,-1.32,0.57,-2.87,9.48
-0.02,0.22,1.39,0.29,-1.31,0.53,-0.85,8.87
0.03,0.2,1.42,0.38,-1.23,0.46,1.37,7.83
0.1,0.16,1.42,0.41,-1.15,0.39,3.83,6.52
0.16,0.15,1.38,0.49,-0.95,0.19,6.44,5.98
0.22,0.11,1.33,0.35,-0.95,0.28,9.15,4.8
0.26,0.1,1.28,0.26,-0.84,0.22,11.22,4.16
0.27,0.09,1.22,0.1,-0.77,0.19,12.39,4.07
0.29,0.08,1.16,-0.06,-0.73,0.18,13.8,3.85
0.28,0.08,1.12,-0.21,-0.68,0.18,14.26,3.77
0.27,0.07,1.08,-0.39,-0.65,0.18,14.16,3.78
0.25,0.07,1.05,-0.58,-0.63,0.18,13.12,3.74
0.21,0.08,1.03,-0.74,-0.63,0.2,11.68,4.31
0.17,0.1,1.03,-0.89,-0.62,0.19,9.44,5.4
0.12,0.13,1.04,-0.99,-0.61,0.2,6.68,6.84
0.07,0.16,1.06,-1.06,-0.61,0.21,4.0,8.5
0.04,0.16,1.06,-1.08,-0.62,0.23,1.98,8.83
-0.0,0.18,1.06,-1.06,-0.66,0.23,-0.17,9.8
-0.05,0.2,1.08,-1.02,-0.69,0.23,-2.48,10.64
-0.09,0.22,1.09,-0.98,-0.71,0.23,-4.64,11.36
-0.12,0.25,1.12,-0.86,-0.75,0.2,-5.88,12.47
-0.13,0.25,1.13,-0.74,-0.81,0.18,-6.54,12.57
-0.14,0.25,1.14,-0.62,-0.83,0.14,-6.7,12.44
-0.13,0.25,1.17,-0.5,-0.85,0.11,-6.41,12.05
-0.13,0.27,1.19,-0.36,-0.87,0.08,-5.96,12.5
-0.12,0.28,1.2,-0.24,-0.85,0.05,-5.62,13.09
-0.12,0.29,1.22,-0.12,-0.81,0.06,-5.26,13.33
-0.1,0.3,1.25,-0.03,-0.74,0.06,-4.38,13.31
-0.08,0.3,1.27,0.09,-0.68,0.08,-3.43,13.19
-0.05,0.31,1.26,0.18,-0.58,0.08,-2.42,13.79
-0.04,0.31,1.25,0.24,-0.52,0.11,-1.57,14.03
-0.01,0.31,1.24,0.28,-0.46,0.13,-0.48,14.2
0.02,0.3,1.22,0.35,-0.43,0.15,0.88,13.86
0.04,0.29,1.2,0.39,-0.41,0.15,1.87,13.51
0.08,0.26,1.2,0.4,-0.4,0.14,3.6,12.22
0.09,0.23,1.19,0.38,-0.37,0.11,4.48,10.9
0.1,0.21,1.19,0.37,-0.38,0.08,4.84,10.21
0.13,0.21,1.18,0.35,-0.36,0.04,6.28,9.91
0.14,0.2,1.17,0.29,-0.34,0.03,6.51,9.49
0.14,0.19,1.18,0.25,-0.36,0.0,6.59,9.11
0.14,0.19,1.18,0.2,-0.34,-0.04,6.51,8.83
0.13,0.19,1.17,0.18,-0.33,-0.06,6.29,9.28
0.12,0.19,1.16,0.12,-0.32,-0.09,5.67,9.12
0.09,0.18,1.14,0.08,-0.3,-0.11,4.61,9.17
0.08,0.19,1.11,0.04,-0.3,-0.11,4.13,9.7
0.06,0.2,1.1,0.0,-0.3,-0.11,3.27,10.39
0.05,0.2,1.09,-0.03,-0.3,-0.11,2.82,10.43
0.04,0.2,1.09,-0.07,-0.28,-0.1,1.91,10.44
0.03,0.19,1.1,-0.11,-0.27,-0.09,1.72,9.74
0.03,0.18,1.11,-0.12,-0.28,-0.07,1.7,9.33
0.02,0.19,1.13,-0.17,-0.24,-0.07,0.79,9.35
0.0,0.19,1.14,-0.18,-0.21,-0.06,0.24,9.44
-0.0,0.2,1.14,-0.2,-0.19,-0.06,-0.15,9.91
-0.02,0.2,1.15,-0.18,-0.17,-0.06,-0.9,9.82
-0.03,0.2,1.15,-0.18,-0.14,-0.06,-1.41,9.67
-0.04,0.2,1.17,-0.18,-0.12,-0.07,-1.85,9.88
-0.04,0.2,1.17,-0.16,-0.09,-0.08,-2.1,9.91
-0.04,0.21,1.17,-0.12,-0.07,-0.08,-1.77,9.95
-0.03,0.2,1.16,-0.11,-0.06,-0.09,-1.66,9.71
-0.04,0.2,1.15,-0.09,-0.03,-0.09,-1.73,9.76
-0.03,0.19,1.16,-0.1,-0.01,-0.11,-1.49,9.24
-0.02,0.18,1.14,-0.08,0.0,-0.1,-1.15,9.17
-0.02,0.18,1.12,-0.05,0.04,-0.13,-1.11,8.93
-0.02,0.16,1.1,-0.05,0.03,-0.12,-0.91,8.03
-0.02,0.14,1.09,-0.06,0.05,-0.12,-0.8,7.41
-0.02,0.13,1.08,-0.06,0.04,-0.12,-1.08,6.95
-0.03,0.14,1.08,-0.09,0.04,-0.12,-1.62,7.29
-0.05,0.14,1.06,-0.07,0.05,-0.13,-2.47,7.48
-0.05,0.13,1.05,-0.07,0.04,-0.13,-2.45,7.21
-0.04,0.12,1.04,-0.08,0.02,-0.13,-2.35,6.84
-0.05,0.13,1.03,-0.1,0.02,-0.11,-2.54,7.0
-0.04,0.12,1.03,-0.09,-0.01,-0.11,-2.46,6.86
-0.04,0.12,1.02,-0.1,-0.03,-0.1,-2.37,6.52
-0.05,0.13,1.02,-0.09,-0.08,-0.09,-2.78,7.13
-0.05,0.13,1.02,-0.08,-0.11,-0.09,-2.89,7.11
-0.05,0.13,1.03,-0.06,-0.13,-0.08,-2.88,7.01
-0.05,0.13,1.06,-0.07,-0.14,-0.07,-2.9,6.84
-0.05,0.12,1.08,-0.04,-0.15,-0.07,-2.38,6.24
-0.04,0.12,1.1,-0.01,-0.13,-0.08,-2.09,6.34
-0.03,0.12,1.12,-0.02,-0.09,-0.08,-1.7,5.99
-0.03,0.11,1.12,-0.03,-0.06,-0.08,-1.61,5.81
-0.02,0.13,1.13,-0.03,-0.0,-0.08,-1.25,6.35
-0.02,0.12,1.13,-0.07,0.01,-0.07,-1.08,6.16
-0.02,0.11,1.13,-0.07,0.08,-0.07,-1.14,5.77
-0.01,0.11,1.12,-0.11,0.13,-0.06,-0.55,5.38
-0.0,0.1,1.11,-0.15,0.16,-0.07,-0.25,5.09
-0.0,0.12,1.11,-0.17,0.19,-0.06,-0.2,5.99
-0.0,0.12,1.1,-0.23,0.23,-0.06,-0.19,6.28
0.0,0.12,1.09,-0.29,0.28,-0.04,0.12,6.03
-0.0,0.1,1.08,-0.33,0.29,-0.01,-0.25,5.16
0.01,0.1,1.08,-0.39,0.31,0.01,0.69,5.36
-0.0,0.12,1.09,-0.44,0.32,0.02,-0.04,6.18
-0.01,0.1,1.08,-0.49,0.34,0.03,-0.38,5.52
-0.02,0.11,1.09,-0.53,0.35,0.04,-0.84,5.93
-0.02,0.11,1.08,-0.54,0.35,0.06,-1.11,5.74
-0.02,0.1,1.07,-0.61,0.35,0.08,-1.16,5.18
-0.02,0.1,1.08,-0.65,0.37,0.1,-1.28,5.53
-0.04,0.11,1.1,-0.68,0.36,0.13,-1.9,5.88
-0.05,0.13,1.11,-0.67,0.36,0.16,-2.34,6.91
-0.04,0.14,1.13,-0.68,0.37,0.2,-2.02,7.28
-0.04,0.15,1.18,-0.66,0.39,0.21,-1.96,6.99
-0.04,0.15,1.21,-0.68,0.44,0.21,-1.8,7.18
-0.04,0.17,1.25,-0.66,0.46,0.2,-1.86,7.62
-0.04,0.2,1.29,-0.62,0.52,0.18,-1.64,8.63
-0.04,0.21,1.32,-0.62,0.61,0.15,-1.77,9.21
-0.03,0.21,1.31,-0.58,0.68,0.13,-1.21,9.09
-0.03,0.21,1.3,-0.53,0.74,0.1,-1.3,9.03
-0.01,0.2,1.27,-0.53,0.8,0.08,-0.41,8.82
-0.01,0.21,1.26,-0.55,0.86,0.08,-0.58,9.56
-0.01,0.22,1.26,-0.56,0.89,0.1,-0.45,10.02
-0.01,0.25,1.27,-0.55,0.93,0.09,-0.41,11.14
-0.0,0.24,1.29,-0.54,0.96,0.08,-0.19,10.7
0.0,0.25,1.31,-0.55,1.0,0.07,0.1,10.63
0.0,0.25,1.33,-0.56,1.03,0.04,0.2,10.85
0.01,0.25,1.34,-0.55,1.06,0.02,0.38,10.59
0.02,0.26,1.36,-0.57,1.11,-0.02,0.69,10.77
0.02,0.27,1.37,-0.59,1.17,-0.04,0.7,11.2
0.02,0.25,1.36,-0.65,1.25,-0.06,0.95,10.6
0.04,0.24,1.35,-0.72,1.33,-0.05,1.49,9.98
0.04,0.24,1.34,-0.81,1.4,-0.03,1.69,10.0
0.04,0.24,1.35,-0.91,1.48,-0.0,1.75,10.21
0.04,0.25,1.35,-1.01,1.59,0.04,1.61,10.7
0.03,0.26,1.34,-1.12,1.69,0.11,1.21,10.97
0.02,0.27,1.36,-1.22,1.79,0.15,0.97,11.43
0.02,0.28,1.39,-1.29,1.87,0.22,0.61,11.41
-0.01,0.3,1.42,-1.37,1.95,0.26,-0.27,11.8
-0.03,0.31,1.45,-1.39,2.0,0.29,-1.15,12.21
-0.05,0.34,1.48,-1.4,2.09,0.31,-2.0,12.76
-0.08,0.36,1.51,-1.37,2.19,0.33,-2.85,13.25
-0.1,0.36,1.53,-1.34,2.26,0.33,-3.58,13.05
-0.12,0.35,1.54,-1.28,2.31,0.34,-4.24,12.7
-0.14,0.36,1.56,-1.18,2.34,0.35,-5.05,13.01
-0.16,0.37,1.58,-1.06,2.39,0.35,-5.76,13.14
-0.18,0.37,1.59,-0.94,2.44,0.37,-6.22,13.0
-0.2,0.35,1.58,-0.77,2.68,0.23,-6.87,12.36
-0.21,0.33,1.58,-0.66,2.5,0.38,-7.36,11.85
-0.22,0.32,1.56,-0.54,2.53,0.4,-7.74,11.55
-0.21,0.3,1.55,-0.43,2.55,0.42,-7.51,10.87
-0.21,0.27,1.53,-0.32,2.56,0.45,-7.54,10.07
-0.2,0.24,1.54,-0.23,2.57,0.48,-7.33,8.83
-0.2,0.21,1.54,-0.15,2.61,0.5,-7.29,7.59
-0.19,0.18,1.56,-0.09,2.65,0.52,-6.84,6.63
-0.18,0.15,1.58,-0.02,2.69,0.55,-6.32,5.55
-0.15,0.12,1.64,0.07,2.72,0.56,-5.33,4.09
-0.14,0.07,1.69,0.14,2.8,0.56,-4.74,2.46
-0.12,0.05,1.71,0.21,2.91,0.55,-3.96,1.75
-0.1,0.02,1.72,0.3,3.0,0.52,-3.34,0.69
-0.08,-0.01,1.7,0.38,3.08,0.51,-2.77,-0.4
-0.09,-0.04,1.64,0.41,3.15,0.49,-3.05,-1.26
-0.08,-0.06,1.61,0.41,3.22,0.5,-2.96,-1.97
-0.07,-0.07,1.59,0.46,3.29,0.49,-2.37,-2.38
-0.05,-0.08,1.58,0.51,3.36,0.51,-1.76,-2.85
-0.02,-0.09,1.55,0.56,3.43,0.51,-0.9,-3.49
0.0,-0.14,1.53,0.62,3.48,0.53,0.18,-5.1
0.02,-0.14,1.49,0.66,3.5,0.53,0.81,-5.41
0.04,-0.17,1.46,0.71,3.51,0.53,1.44,-6.65
0.05,-0.19,1.41,0.75,3.51,0.52,2.05,-7.79
0.08,-0.21,1.37,0.76,3.52,0.5,3.43,-8.78
0.1,-0.23,1.33,0.73,3.52,0.49,4.23,-9.88
0.13,-0.28,1.31,0.7,3.54,0.47,5.53,-11.83
0.15,-0.32,1.29,0.62,3.56,0.48,6.56,-13.83
0.19,-0.35,1.28,0.53,3.59,0.47,8.08,-15.24
0.2,-0.37,1.26,0.44,3.66,0.48,8.59,-16.05
0.21,-0.37,1.25,0.37,3.72,0.5,9.31,-16.09
0.22,-0.38,1.24,0.28,3.8,0.51,9.55,-16.59
0.2,-0.37,1.21,0.19,3.84,0.51,9.07,-16.77
0.19,-0.37,1.19,0.13,3.85,0.52,8.51,-16.82
0.17,-0.36,1.19,0.07,3.87,0.52,7.76,-16.46
0.16,-0.33,1.2,0.04,3.86,0.52,7.27,-15.34
0.16,-0.33,1.19,0.01,3.87,0.54,7.27,-15.43
0.16,-0.36,1.2,-0.01,3.86,0.56,7.4,-16.61
0.18,-0.38,1.2,-0.02,3.84,0.59,7.92,-17.27
0.17,-0.4,1.19,-0.02,3.83,0.6,7.8,-18.58
0.18,-0.43,1.2,-0.04,3.85,0.6,7.85,-19.68
0.19,-0.48,1.22,-0.02,3.86,0.59,8.34,-21.08
0.21,-0.52,1.24,0.0,3.85,0.54,8.66,-22.54
0.2,-0.57,1.24,0.06,3.86,0.48,8.3,-24.22
0.19,-0.57,1.23,0.11,3.89,0.41,7.85,-24.54
0.17,-0.55,1.21,0.16,3.91,0.36,7.22,-24.27
0.16,-0.53,1.18,0.21,3.93,0.35,6.91,-24.13
0.14,-0.52,1.16,0.24,3.91,0.34,6.48,-24.2
0.14,-0.54,1.13,0.26,3.9,0.35,6.29,-25.3
0.12,-0.55,1.11,0.24,3.93,0.37,5.51,-26.36
0.09,-0.54,1.07,0.23,3.99,0.41,4.44,-26.78
0.08,-0.53,1.06,0.25,4.06,0.48,3.75,-26.3
0.07,-0.51,1.06,0.26,4.13,0.57,3.23,-25.47
0.06,-0.53,1.05,0.3,4.18,0.65,3.14,-26.45
0.07,-0.55,1.03,0.41,4.2,0.71,3.57,-28.24
0.07,-0.55,0.99,0.51,4.18,0.74,3.64,-28.86
0.08,-0.53,0.92,0.59,4.18,0.77,4.02,-29.94
0.08,-0.53,0.86,0.68,4.16,0.78,4.34,-31.46
0.08,-0.52,0.81,0.76,4.16,0.78,4.88,-32.7
0.1,-0.51,0.77,0.85,4.1,0.78,6.24,-33.19
0.13,-0.5,0.71,0.92,4.03,0.76,8.54,-34.71
0.15,-0.5,0.64,0.95,3.97,0.74,10.26,-37.06
0.15,-0.46,0.57,0.97,3.94,0.69,11.43,-38.14
0.14,-0.41,0.51,0.97,3.89,0.67,11.93,-37.6
0.15,-0.35,0.47,0.95,3.85,0.68,14.04,-35.27
0.16,-0.32,0.44,0.93,3.8,0.69,16.48,-33.81
0.18,-0.28,0.42,0.92,3.76,0.7,19.27,-32.13
0.19,-0.26,0.37,0.88,3.7,0.7,22.82,-31.55
0.18,-0.21,0.33,0.83,3.62,0.7,24.71,-29.66
0.16,-0.17,0.3,0.73,3.6,0.7,25.52,-26.37
0.16,-0.14,0.3,0.67,3.54,0.72,25.92,-22.13
0.17,-0.12,0.32,0.63,3.47,0.73,26.04,-18.04
0.17,-0.11,0.33,0.6,3.38,0.74,26.49,-16.39
0.19,-0.1,0.29,0.54,3.32,0.73,31.25,-15.44
0.17,-0.09,0.29,0.5,3.26,0.72,28.67,-15.28
0.18,-0.07,0.3,0.48,3.19,0.7,30.01,-11.27
0.18,-0.05,0.3,0.45,3.15,0.68,31.24,-8.65
0.16,-0.01,0.3,0.45,3.08,0.67,28.42,-2.19
0.15,0.03,0.3,0.43,3.04,0.65,26.15,5.2
0.12,0.08,0.31,0.42,2.96,0.65,21.04,12.91
0.12,0.09,0.32,0.46,3.01,0.59,19.48,15.35
0.12,0.1,0.32,0.43,2.76,0.63,19.3,16.84
0.1,0.1,0.33,0.47,2.68,0.61,16.48,16.68
0.09,0.1,0.34,0.53,2.58,0.6,14.36,16.27
0.08,0.11,0.35,0.61,2.51,0.57,12.55,16.96
0.08,0.14,0.37,0.69,2.42,0.53,11.36,19.89
0.09,0.18,0.36,0.76,2.33,0.5,12.12,26.43
0.1,0.23,0.33,0.82,2.23,0.47,13.46,34.14
0.11,0.29,0.3,0.86,2.15,0.44,14.8,42.58
0.14,0.35,0.28,0.83,2.04,0.44,16.93,48.6
0.17,0.4,0.26,0.76,1.95,0.43,19.76,52.51
0.18,0.44,0.24,0.67,1.85,0.42,19.86,55.39
0.18,0.49,0.25,0.58,1.76,0.4,18.69,57.49
0.19,0.5,0.26,0.42,1.69,0.38,18.35,57.5
0.2,0.52,0.27,0.25,1.61,0.37,18.7,57.15
0.17,0.52,0.3,0.16,1.72,0.23,16.14,56.28
0.15,0.51,0.34,-0.03,1.49,0.35,13.86,53.46
0.12,0.51,0.4,-0.15,1.44,0.35,10.77,50.48
0.12,0.49,0.45,-0.22,1.34,0.36,10.09,46.73
0.1,0.47,0.5,-0.25,1.23,0.36,8.52,42.62
0.09,0.43,0.54,-0.26,1.1,0.35,7.64,38.3
0.08,0.39,0.56,-0.27,1.01,0.32,7.08,34.7
0.08,0.36,0.58,-0.25,0.92,0.28,6.85,31.46
0.08,0.35,0.6,-0.22,0.85,0.26,6.59,30.06
0.06,0.34,0.62,-0.21,0.77,0.25,5.18,29.07
0.05,0.33,0.65,-0.19,0.71,0.24,4.01,27.12
0.06,0.31,0.66,-0.17,0.66,0.25,4.42,25.04
0.06,0.28,0.7,-0.14,0.6,0.22,4.86,21.98
0.07,0.27,0.7,-0.07,0.53,0.2,5.53,20.84
0.08,0.26,0.71,-0.02,0.47,0.15,5.95,19.82
0.07,0.26,0.71,-0.0,0.42,0.1,5.65,19.82
0.06,0.26,0.72,0.03,0.37,0.04,4.75,19.66
0.07,0.27,0.73,0.05,0.31,0.02,5.33,20.42
0.07,0.3,0.73,0.01,0.28,0.0,5.24,21.79
0.07,0.33,0.73,-0.03,0.26,0.01,4.99,24.33
0.06,0.36,0.75,-0.1,0.25,0.03,4.15,25.81
0.04,0.37,0.75,-0.17,0.23,0.05,2.57,26.23
0.04,0.37,0.77,-0.27,0.21,0.08,2.75,25.33
0.03,0.34,0.79,-0.31,0.16,0.1,1.69,23.27
0.0,0.33,0.82,-0.36,0.12,0.11,0.29,21.68
0.0,0.31,0.85,-0.4,0.05,0.13,0.08,20.28
-0.01,0.3,0.85,-0.41,-0.02,0.14,-0.43,19.37
-0.01,0.25,0.86,-0.44,-0.06,0.15,-0.47,16.28
0.0,0.2,0.87,-0.44,-0.11,0.15,0.02,12.83
-0.0,0.17,0.89,-0.43,-0.15,0.14,-0.28,10.74
-0.0,0.14,0.91,-0.38,-0.18,0.13,-0.22,8.61
0.01,0.12,0.93,-0.32,-0.21,0.13,0.34,7.56
0.01,0.1,0.93,-0.28,-0.24,0.12,0.48,6.42
0.02,0.08,0.93,-0.24,-0.26,0.11,1.16,5.11
0.03,0.06,0.92,-0.22,-0.26,0.1,1.83,3.78
0.03,0.05,0.93,-0.2,-0.23,0.1,1.71,2.95
0.05,0.04,0.93,-0.18,-0.2,0.1,2.78,2.6
0.06,0.04,0.93,-0.18,-0.19,0.1,3.52,2.18
0.06,0.03,0.93,-0.2,-0.16,0.1,3.42,2.12
0.04,0.04,0.94,-0.22,-0.12,0.11,2.64,2.3
0.04,0.05,0.95,-0.25,-0.08,0.12,2.46,2.95
0.04,0.05,0.95,-0.26,-0.07,0.13,2.47,3.07
0.05,0.05,0.96,-0.28,-0.06,0.14,2.83,2.96
0.06,0.04,0.97,-0.28,-0.07,0.14,3.65,2.19
0.07,0.03,0.96,-0.29,-0.09,0.13,4.31,1.77
0.07,0.02,0.96,-0.31,-0.09,0.1,4.21,0.96
0.06,-0.01,0.98,-0.3,-0.09,0.07,3.77,-0.57
0.05,-0.02,1.0,-0.3,-0.09,0.06,2.95,-1.05
0.05,-0.03,1.01,-0.3,-0.09,0.05,2.69,-1.46
0.03,-0.04,1.02,-0.26,-0.09,0.03,1.96,-2.15
0.03,-0.06,1.03,-0.2,-0.1,0.05,1.72,-3.19
0.04,-0.07,1.04,-0.16,-0.09,0.06,1.96,-4.02
0.04,-0.09,1.03,-0.07,-0.1,0.05,2.23,-4.81
0.04,-0.09,1.02,-0.01,-0.09,0.02,2.31,-4.82
0.04,-0.08,1.01,0.07,-0.09,-0.0,2.47,-4.45
0.04,-0.06,1.0,0.13,-0.08,-0.0,2.26,-3.51
0.03,-0.03,0.99,0.17,-0.05,-0.01,1.76,-1.74
0.02,0.01,0.97,0.19,-0.04,-0.01,0.95,0.3
0.01,0.0,0.97,0.25,-0.03,0.01,0.65,0.25
0.03,0.01,0.97,0.29,-0.02,0.03,1.76,0.8
0.06,0.05,0.95,0.3,-0.03,0.05,3.69,2.9
0.08,0.09,0.9,0.27,-0.05,0.06,4.79,5.84
0.08,0.11,0.87,0.2,-0.04,0.05,5.07,6.93
0.08,0.11,0.86,0.12,-0.03,0.05,5.45,7.28
0.08,0.11,0.87,0.01,0.01,0.04,4.88,7.36
0.06,0.12,0.88,-0.08,0.03,0.06,4.05,7.53
0.04,0.12,0.89,-0.11,0.03,0.08,2.74,7.47
0.02,0.11,0.91,-0.15,0.04,0.11,1.28,6.64
0.0,0.09,0.93,-0.16,0.03,0.14,0.12,5.61
-0.01,0.08,0.94,-0.14,0.03,0.16,-0.65,4.77
0.01,0.06,0.97,-0.06,-0.02,0.18,0.5,3.48
0.04,0.05,0.96,-0.0,-0.09,0.18,2.19,2.8
0.07,0.03,0.92,0.04,-0.19,0.15,4.38,2.01
0.09,0.01,0.9,0.04,-0.21,0.09,5.68,0.79
0.1,0.0,0.88,0.06,-0.23,0.03,6.35,0.09
0.09,-0.0,0.9,0.07,-0.22,-0.02,5.82,-0.3
0.08,0.01,0.93,0.05,-0.2,-0.04,4.8,0.75
0.07,0.03,0.93,0.06,-0.2,-0.03,4.17,1.81
0.05,0.04,0.94,0.07,-0.21,-0.01,3.21,2.12
0.05,0.02,0.94,0.08,-0.21,-0.0,2.87,1.2
0.04,0.01,0.93,0.1,-0.19,-0.0,2.43,0.54
0.04,0.01,0.94,0.13,-0.19,0.0,2.15,0.81
0.04,0.0,0.93,0.17,-0.19,-0.0,2.25,0.13
0.04,0.01,0.94,0.25,-0.14,-0.08,2.67,0.57
0.07,0.01,0.92,0.25,-0.23,-0.01,4.22,0.67
0.09,0.03,0.9,0.24,-0.22,-0.02,5.53,1.62
0.11,0.05,0.89,0.29,-0.09,-0.19,6.77,3.29
0.1,0.07,0.88,0.16,-0.23,-0.06,6.73,4.48
0.1,0.09,0.89,0.05,-0.22,-0.05,6.44,5.49
0.1,0.08,0.91,-0.06,-0.19,-0.04,6.3,4.81
0.09,0.06,0.93,-0.14,-0.18,-0.01,5.77,3.84
0.08,0.04,0.95,-0.2,-0.16,0.02,4.96,2.43
0.07,0.01,0.97,-0.28,-0.13,0.04,4.34,0.66
0.07,-0.01,0.99,-0.33,-0.1,0.05,4.0,-0.72
0.06,-0.03,1.0,-0.33,-0.1,0.05,3.34,-1.87
0.06,-0.05,1.01,-0.3,-0.09,0.04,3.11,-3.03
0.04,-0.05,1.02,-0.31,-0.07,0.04,2.27,-3.08
0.03,-0.05,1.03,-0.27,-0.07,0.03,1.72,-2.7
0.04,-0.06,1.03,-0.24,-0.07,0.05,2.01,-3.51
0.04,-0.07,1.04,-0.18,-0.07,0.04,2.26,-4.0
0.05,-0.08,1.03,-0.11,-0.06,0.04,2.55,-4.28
0.05,-0.07,1.02,-0.06,-0.04,0.05,2.88,-4.07
0.06,-0.07,1.0,-0.0,-0.01,0.04,3.31,-4.12
0.07,-0.06,1.0,0.06,0.0,0.04,4.04,-3.15
0.07,-0.02,0.99,0.1,0.02,0.02,4.25,-1.43
0.07,0.0,0.98,0.11,0.03,0.0,4.18,0.23
0.08,0.02,0.96,0.14,0.02,0.0,4.49,1.31
0.08,0.04,0.95,0.17,0.02,-0.02,4.7,2.43
0.08,0.05,0.95,0.16,0.02,-0.04,4.78,2.87
0.09,0.06,0.94,0.16,0.03,-0.04,5.26,3.85
0.09,0.08,0.93,0.15,0.02,-0.06,5.23,4.59
0.09,0.09,0.92,0.15,0.01,-0.08,5.7,5.35
0.09,0.11,0.92,0.11,-0.0,-0.08,5.32,6.6
0.08,0.12,0.91,0.05,0.01,-0.1,4.91,7.45
0.07,0.14,0.92,-0.0,-0.02,-0.09,4.4,8.71
0.07,0.15,0.92,-0.05,-0.05,-0.08,4.12,9.0
0.06,0.13,0.93,-0.12,-0.06,-0.06,3.63,8.04
0.05,0.11,0.93,-0.2,-0.05,-0.05,2.99,6.68
0.05,0.08,0.95,-0.23,-0.05,-0.03,2.89,4.74
0.04,0.06,0.96,-0.25,-0.06,-0.02,2.44,3.31
0.02,0.03,0.97,-0.26,-0.06,-0.0,1.27,1.53
0.02,0.01,0.98,-0.25,-0.05,0.01,1.08,0.39
0.02,-0.0,0.98,-0.24,-0.03,0.01,0.88,-0.19
0.01,-0.0,0.99,-0.23,-0.02,0.04,0.44,-0.03
-0.0,0.0,1.0,-0.23,-0.01,0.06,-0.18,0.03
-0.0,-0.01,1.0,-0.2,-0.0,0.08,-0.17,-0.59
0.01,-0.02,0.99,-0.17,-0.0,0.1,0.33,-1.33
0.01,-0.02,0.98,-0.15,0.0,0.1,0.61,-1.37
0.02,-0.05,1.0,-0.1,0.01,0.1,1.24,-2.79
0.04,-0.06,0.98,-0.09,0.02,0.08,2.47,-3.38
0.05,-0.05,0.97,-0.05,0.03,0.05,2.67,-2.84
0.05,-0.04,0.97,-0.02,0.05,0.03,3.19,-2.44
0.06,-0.01,0.96,0.01,0.03,0.01,3.75,-0.86
0.06,0.0,0.96,0.03,0.04,-0.02,3.81,0.12
0.04,0.03,0.95,0.02,0.04,-0.03,2.7,2.08
0.06,0.04,0.95,0.02,0.02,-0.03,3.55,2.7
0.06,0.06,0.96,0.01,0.01,-0.04,3.41,3.52
0.05,0.06,0.95,-0.02,0.02,-0.03,3.09,3.76
0.05,0.07,0.96,-0.06,0.02,-0.02,2.98,3.95
0.06,0.06,0.96,-0.1,0.02,-0.0,3.73,3.3
0.06,0.04,0.96,-0.11,0.02,0.0,3.52,2.41
0.07,0.03,0.95,-0.12,0.02,0.0,4.25,1.72
0.07,0.02,0.97,-0.14,0.04,0.01,3.86,1.03
0.07,0.01,0.96,-0.1,0.21,-0.13,4.18,0.58
0.06,0.01,0.98,-0.13,0.07,-0.0,3.65,0.6
0.06,0.02,0.99,-0.12,0.07,0.01,3.58,1.07
0.05,0.02,0.98,-0.11,0.07,0.01,3.04,1.11
0.05,0.02,0.98,-0.1,0.05,0.01,2.79,1.1
0.05,0.02,0.97,-0.09,0.04,0.01,2.74,1.36
0.04,0.03,0.97,-0.1,0.07,0.02,2.19,1.68
0.03,0.03,0.98,-0.09,0.06,0.03,2.01,1.6
0.04,0.03,0.97,-0.06,0.05,0.04,2.07,1.99
0.03,0.03,0.98,-0.06,0.05,0.05,1.89,2.04
0.03,0.03,0.98,-0.05,0.02,0.06,1.86,1.62
0.04,0.02,0.97,-0.05,0.03,0.07,2.41,0.97
0.05,0.01,0.96,-0.0,0.0,0.06,2.94,0.35
0.06,0.0,0.96,0.01,0.01,0.05,3.85,0.0
0.07,0.0,0.95,0.02,0.02,0.04,4.34,0.3
0.07,0.02,0.95,0.06,0.03,0.03,4.37,1.03
0.07,0.04,0.93,0.04,0.03,0.03,4.26,2.19
0.07,0.05,0.93,0.06,0.01,0.02,4.12,3.02
0.07,0.05,0.95,0.03,0.0,0.02,4.21,2.81
0.07,0.05,0.94,0.03,0.0,0.01,4.5,2.77
0.09,0.05,0.93,0.02,0.0,0.01,5.58,3.31
0.09,0.05,0.93,0.02,-0.01,0.01,5.63,3.3
0.09,0.06,0.93,-0.01,-0.0,0.0,5.39,3.5
0.08,0.06,0.93,-0.04,0.01,0.02,4.87,3.42
0.07,0.05,0.94,-0.07,0.03,0.02,4.21,3.12
0.06,0.06,0.94,-0.07,0.01,0.03,3.75,3.78
0.06,0.04,0.95,-0.07,0.02,-0.0,3.71,2.33
0.07,0.03,0.95,-0.06,-0.03,0.05,4.48,1.52
0.08,0.01,0.93,-0.05,-0.03,0.04,4.6,0.6
0.07,0.01,0.93,-0.04,-0.03,0.01,4.39,0.67
0.07,0.01,0.93,-0.03,-0.03,-0.01,4.34,0.44
0.06,0.02,0.93,-0.03,-0.03,-0.01,3.61,0.94
0.05,0.02,0.94,-0.06,-0.01,-0.01,3.21,0.99
0.04,0.03,0.95,-0.02,-0.04,-0.0,2.4,1.66
0.03,0.03,0.95,-0.01,-0.05,0.0,2.03,1.59
0.03,0.03,0.95,0.0,-0.05,-0.0,1.82,1.68
0.04,0.01,0.95,-0.02,-0.06,-0.0,2.64,0.82
0.05,0.0,0.94,-0.01,-0.07,0.0,3.17,0.23
0.05,0.02,0.94,0.0,-0.07,-0.0,3.31,1.29
0.06,0.02,0.93,-0.01,-0.06,-0.01,3.44,1.05
0.05,0.01,0.94,-0.04,-0.04,-0.01,3.13,0.58
0.05,0.02,0.95,-0.06,-0.04,0.0,2.89,1.09
0.03,0.02,0.95,-0.05,-0.03,-0.0,1.97,0.98
0.02,0.02,0.96,-0.08,-0.02,0.0,1.3,1.2
0.02,0.01,0.98,-0.09,-0.02,0.01,1.45,0.61
0.04,-0.01,0.98,-0.02,0.09,-0.12,2.23,-0.78
0.04,-0.02,0.98,-0.06,-0.04,0.02,2.54,-1.15
0.05,-0.04,0.97,-0.05,-0.02,0.02,2.66,-2.23
0.05,-0.03,0.97,-0.07,0.01,0.03,2.93,-1.79
0.04,-0.0,0.97,-0.06,0.04,0.03,2.51,-0.08
0.03,0.01,0.98,-0.05,0.04,0.05,1.8,0.43
0.03,0.01,0.99,-0.06,0.06,0.07,1.78,0.76
0.04,0.02,0.99,-0.05,0.06,0.08,2.48,1.11
0.04,0.01,0.98,-0.02,0.04,0.09,2.27,0.7
0.04,0.01,0.98,-0.01,0.04,0.08,2.48,0.81
0.05,0.01,0.99,0.0,0.03,0.08,2.97,0.54
0.06,0.02,0.99,-0.0,0.05,0.08,3.19,1.05
0.06,0.02,0.98,0.02,0.03,0.07,3.46,0.99
0.06,0.02,0.97,0.06,0.01,0.06,3.53,1.28
0.07,0.03,0.96,0.08,-0.0,0.04,3.94,1.52
0.07,0.03,0.97,0.07,0.01,0.02,4.0,2.0
0.07,0.05,0.96,0.06,0.01,-0.0,3.99,3.0
0.07,0.06,0.96,0.07,-0.01,0.01,4.25,3.62
0.08,0.06,0.95,0.07,-0.01,0.0,4.59,3.4
0.08,0.06,0.95,0.06,0.01,0.0,4.93,3.35
0.09,0.06,0.94,0.04,0.0,0.0,5.26,3.39
0.09,0.05,0.93,0.0,0.0,0.0,5.62,3.17
0.09,0.06,0.93,-0.01,0.02,-0.02,5.35,3.71
0.07,0.06,0.95,-0.03,0.04,-0.01,4.41,3.9
0.07,0.07,0.95,-0.05,0.05,-0.0,4.41,4.2
0.07,0.07,0.95,-0.06,0.04,-0.0,4.19,4.1
0.07,0.06,0.95,-0.11,0.04,0.01,3.98,3.56
0.07,0.05,0.95,-0.12,0.06,0.02,4.09,3.07
0.07,0.04,0.96,-0.12,0.07,0.03,3.9,2.57
0.06,0.03,0.95,-0.06,0.22,-0.14,3.61,2.1
0.05,0.03,0.96,-0.11,0.07,0.0,2.97,1.93
0.04,0.03,0.96,-0.08,0.07,0.01,2.43,1.79
0.04,0.04,0.97,-0.09,0.07,-0.0,2.22,2.13
0.04,0.04,0.97,-0.05,0.05,-0.01,2.37,2.07
0.04,0.02,0.96,-0.01,0.03,-0.01,2.13,1.36
0.04,0.02,0.96,0.01,0.02,-0.03,2.37,1.06
0.03,0.02,0.94,0.03,0.01,-0.04,2.09,1.16
0.03,0.03,0.94,0.04,0.01,-0.06,1.89,1.67
0.02,0.05,0.94,0.08,0.0,-0.07,1.36,3.15
0.02,0.07,0.95,0.09,-0.01,-0.05,0.97,4.07
0.01,0.08,0.94,0.06,-0.02,-0.03,0.57,4.76
0.01,0.08,0.93,0.06,-0.04,-0.01,0.83,4.75
0.03,0.06,0.94,0.06,-0.04,0.0,1.88,3.9
0.03,0.07,0.93,0.04,-0.04,0.02,1.98,4.14
0.04,0.07,0.92,0.04,-0.03,0.02,2.35,4.1
0.05,0.07,0.91,0.01,-0.03,0.03,3.11,4.17
0.06,0.06,0.91,0.0,-0.02,0.03,3.78,3.53
0.07,0.07,0.9,-0.01,-0.01,0.03,4.27,4.21
0.07,0.06,0.9,-0.04,0.01,0.02,4.28,4.07
0.08,0.05,0.9,0.03,0.13,-0.13,4.85,3.36
0.09,0.04,0.9,-0.03,-0.01,-0.02,5.39,2.68
0.07,0.05,0.89,-0.05,-0.02,-0.04,4.8,3.31
0.06,0.06,0.9,-0.05,-0.01,-0.06,4.02,3.91
0.05,0.07,0.91,-0.04,-0.04,-0.06,3.39,4.33
0.05,0.07,0.91,-0.04,-0.05,-0.07,3.29,4.18
0.05,0.07,0.92,-0.04,-0.05,-0.05,3.12,4.14
0.04,0.07,0.91,-0.04,-0.05,-0.04,2.63,4.07
0.03,0.08,0.92,-0.02,-0.07,-0.04,2.03,5.19
0.04,0.08,0.92,0.0,-0.1,-0.04,2.19,4.91
0.04,0.08,0.91,0.01,-0.13,-0.05,2.21,5.09
0.03,0.07,0.91,-0.0,-0.14,-0.05,1.82,4.25
0.04,0.07,0.9,0.02,-0.14,-0.05,2.39,4.2
0.04,0.07,0.9,0.03,-0.16,-0.04,2.71,4.28
0.06,0.06,0.89,0.04,-0.17,-0.02,3.66,3.96
0.07,0.07,0.88,0.04,-0.17,-0.02,4.43,4.66
0.07,0.07,0.87,0.04,-0.16,-0.03,4.38,4.72
0.07,0.08,0.87,0.03,-0.16,-0.04,4.52,4.96
0.07,0.08,0.87,0.02,-0.16,-0.05,4.69,5.51
0.06,0.09,0.87,0.0,-0.15,-0.06,4.14,5.71
0.06,0.09,0.87,-0.01,-0.15,-0.07,4.14,6.03
0.06,0.09,0.87,0.0,-0.16,-0.07,4.11,5.77
0.05,0.09,0.87,0.02,-0.17,-0.07,3.51,5.99
0.04,0.1,0.88,0.02,-0.18,-0.08,2.63,6.38
0.03,0.11,0.88,0.02,-0.21,-0.07,2.07,7.13
0.03,0.11,0.89,0.05,-0.23,-0.07,2.17,7.02
0.04,0.12,0.88,0.07,-0.25,-0.07,2.59,7.84
0.04,0.14,0.86,0.11,-0.3,-0.07,2.79,9.02
0.05,0.14,0.85,0.1,-0.31,-0.07,3.18,9.43
0.05,0.13,0.84,0.14,-0.35,-0.08,3.44,9.05
0.05,0.13,0.85,0.17,-0.38,-0.09,3.36,8.99
0.04,0.16,0.84,0.21,-0.41,-0.11,2.97,10.68
0.05,0.17,0.83,0.24,-0.46,-0.11,3.37,11.57
0.05,0.18,0.83,0.27,-0.52,-0.12,3.65,12.28
0.06,0.18,0.82,0.3,-0.56,-0.14,4.2,12.24
0.07,0.17,0.81,0.32,-0.6,-0.14,4.85,11.82
0.07,0.18,0.8,0.32,-0.61,-0.15,4.85,12.43
0.08,0.18,0.79,0.37,-0.64,-0.16,5.26,12.99
0.08,0.19,0.79,0.42,-0.68,-0.16,5.73,13.14
0.09,0.19,0.79,0.41,-0.7,-0.17,6.5,13.29
0.1,0.19,0.78,0.44,-0.75,-0.18,7.24,13.79
0.12,0.21,0.76,0.46,-0.78,-0.19,8.59,15.15
0.13,0.22,0.74,0.45,-0.83,-0.21,9.25,16.55
0.13,0.25,0.72,0.41,-0.85,-0.24,9.58,18.57
0.13,0.25,0.71,0.35,-0.88,-0.23,10.15,19.17
0.13,0.26,0.71,0.29,-0.89,-0.25,9.89,19.6
0.13,0.27,0.72,0.23,-0.92,-0.24,9.52,20.11
0.13,0.27,0.72,0.19,-0.96,-0.23,9.59,20.51
0.12,0.27,0.71,0.13,-1.0,-0.23,9.15,20.65
0.11,0.26,0.72,0.08,-1.06,-0.22,8.16,19.75
0.12,0.23,0.73,0.06,-1.13,-0.25,8.58,16.99
0.13,0.21,0.73,0.04,-1.21,-0.26,9.36,15.88
0.13,0.17,0.72,0.0,-1.26,-0.29,10.0,12.75
0.12,0.13,0.73,-0.01,-1.31,-0.34,9.06,10.09
0.11,0.11,0.75,-0.04,-1.37,-0.37,8.26,8.09
0.09,0.09,0.76,-0.05,-1.38,-0.39,6.88,6.74
0.09,0.08,0.77,-0.08,-1.39,-0.39,6.66,6.1
0.08,0.06,0.79,-0.08,-1.41,-0.39,5.79,4.1
0.07,0.05,0.79,-0.05,-1.41,-0.39,4.92,3.67
0.05,0.05,0.8,-0.06,-1.41,-0.38,3.75,3.25
0.05,0.03,0.81,-0.04,-1.4,-0.36,3.4,2.42
0.06,0.04,0.83,-0.01,-1.44,-0.35,3.92,2.41
0.07,0.03,0.83,0.04,-1.48,-0.36,4.87,2.08
0.07,0.02,0.81,0.05,-1.52,-0.37,5.16,1.25
0.07,0.01,0.79,0.03,-1.55,-0.4,5.21,0.6
0.06,0.0,0.79,0.04,-1.54,-0.42,4.3,0.16
0.05,0.01,0.81,0.04,-1.53,-0.4,3.37,0.67
0.05,0.03,0.82,0.05,-1.53,-0.38,3.44,2.36
0.06,0.04,0.83,0.07,-1.55,-0.35,3.92,2.75
0.07,0.04,0.8,0.07,-1.59,-0.33,5.09,3.14
0.07,0.02,0.78,0.05,-1.64,-0.33,5.29,1.44
0.06,0.01,0.77,0.04,-1.64,-0.37,4.8,0.95
0.05,0.02,0.78,0.01,-1.65,-0.38,3.87,1.13
0.06,0.03,0.8,0.02,-1.68,-0.37,4.09,2.31
0.07,0.02,0.81,0.01,-1.74,-0.36,5.09,1.47
0.08,-0.0,0.79,-0.02,-1.76,-0.36,5.74,-0.12
0.07,-0.02,0.78,-0.07,-1.76,-0.37,5.33,-1.74
0.06,-0.03,0.78,-0.12,-1.74,-0.38,4.17,-1.88
0.04,-0.01,0.81,-0.14,-1.71,-0.36,3.01,-0.61
0.03,0.04,0.82,-0.17,-1.71,-0.32,2.06,2.45
0.03,0.06,0.82,-0.19,-1.73,-0.26,1.99,3.97
0.04,0.04,0.82,-0.23,-1.78,-0.2,2.59,2.9
0.06,-0.02,0.81,-0.25,-1.81,-0.18,4.24,-1.12
0.07,-0.07,0.82,-0.26,-1.81,-0.19,4.8,-4.58
0.06,-0.08,0.83,-0.26,-1.79,-0.2,4.41,-5.33
0.06,-0.08,0.85,-0.23,-1.78,-0.22,4.07,-5.39
0.07,-0.08,0.89,-0.2,-1.81,-0.22,4.32,-5.24
0.08,-0.08,0.89,-0.13,-1.86,-0.24,5.3,-5.32
0.09,-0.1,0.88,-0.1,-1.9,-0.27,5.51,-6.45
0.08,-0.12,0.87,-0.1,-1.92,-0.33,5.34,-7.56
0.07,-0.11,0.87,-0.08,-1.92,-0.37,4.74,-7.14
0.06,-0.09,0.89,-0.07,-1.92,-0.44,3.83,-5.92
0.05,-0.06,0.91,-0.08,-1.91,-0.35,3.15,-3.72
0.08,-0.07,0.93,-0.09,-1.92,-0.31,4.69,-4.17
0.1,-0.1,0.92,-0.07,-1.95,-0.28,5.85,-5.9
0.09,-0.12,0.92,-0.11,-1.96,-0.29,5.77,-7.51
0.09,-0.14,0.91,-0.15,-1.94,-0.31,5.78,-8.77
0.08,-0.15,0.91,-0.22,-1.88,-0.33,5.27,-9.15
0.06,-0.09,0.98,-0.26,-1.87,-0.31,3.45,-5.43
0.05,-0.07,0.98,-0.26,-1.86,-0.25,2.73,-4.17
0.04,-0.07,0.98,-0.3,-1.85,-0.2,2.4,-4.31
0.04,-0.1,0.99,-0.35,-1.86,-0.14,2.58,-5.59
0.05,-0.13,1.0,-0.37,-1.86,-0.12,2.88,-7.35
0.03,-0.16,1.01,-0.36,-1.81,-0.12,1.9,-9.12
0.03,-0.14,1.02,-0.36,-1.77,-0.12,1.61,-7.96
0.01,-0.11,1.02,-0.31,-1.74,-0.1,0.59,-6.08
0.01,-0.08,1.02,-0.26,-1.73,-0.08,0.46,-4.69
0.02,-0.09,1.0,-0.2,-1.77,-0.11,1.08,-5.0
0.04,-0.1,0.99,-0.14,-1.76,-0.07,2.04,-5.9
0.04,-0.12,0.97,-0.08,-1.76,-0.09,2.39,-7.05
0.06,-0.13,0.95,-0.02,-1.75,-0.14,3.31,-7.63
0.08,-0.13,0.95,0.05,-1.78,-0.19,4.85,-7.87
0.11,-0.12,0.95,0.09,-1.82,-0.23,6.31,-7.11
0.11,-0.11,0.94,0.11,-1.83,-0.3,6.65,-6.62
0.13,-0.11,0.9,0.1,-1.85,-0.34,8.06,-7.07
0.12,-0.11,0.91,0.07,-1.85,-0.39,7.59,-6.75
0.12,-0.09,0.9,0.01,-1.92,-0.38,7.27,-5.65
0.11,-0.06,0.92,-0.02,-1.84,-0.39,6.73,-4.02
0.1,-0.04,0.93,-0.05,-1.84,-0.37,5.98,-2.73
0.09,-0.05,0.96,-0.08,-1.86,-0.36,5.21,-2.96
0.08,-0.07,0.98,-0.12,-1.9,-0.32,4.5,-3.88
0.06,-0.09,1.0,-0.19,-1.9,-0.32,3.64,-5.24
0.05,-0.11,1.02,-0.25,-1.88,-0.3,2.92,-5.9
0.04,-0.1,1.05,-0.27,-1.85,-0.28,2.38,-5.36
0.04,-0.09,1.08,-0.3,-1.82,-0.21,2.25,-4.71
0.04,-0.09,1.08,-0.34,-1.82,-0.17,2.25,-4.64
0.05,-0.1,1.09,-0.4,-1.79,-0.11,2.36,-5.09
0.03,-0.11,1.1,-0.42,-1.77,-0.07,1.4,-5.65
0.01,-0.12,1.12,-0.45,-1.73,-0.04,0.7,-6.0
0.01,-0.13,1.13,-0.46,-1.66,-0.03,0.44,-6.54
0.02,-0.16,1.18,-0.43,-1.62,-0.03,1.06,-7.94
0.03,-0.19,1.21,-0.35,-1.58,-0.05,1.63,-9.05
0.04,-0.2,1.22,-0.24,-1.55,-0.1,1.66,-9.26
0.03,-0.18,1.2,-0.16,-1.52,-0.18,1.43,-8.75
0.01,-0.14,1.17,-0.06,-1.51,-0.27,0.53,-6.75
-0.01,-0.09,1.13,0.05,-1.51,-0.32,-0.55,-4.34
-0.01,-0.03,1.09,0.14,-1.51,-0.35,-0.31,-1.82
0.0,-0.01,1.05,0.22,-1.55,-0.34,0.21,-0.31
0.03,0.01,1.02,0.25,-1.59,-0.31,1.57,0.61
0.05,0.0,0.98,0.25,-1.63,-0.28,2.71,0.1
0.06,-0.02,0.95,0.23,-1.66,-0.28,3.85,-0.98
0.07,-0.03,0.95,0.17,-1.68,-0.26,4.34,-1.54
0.08,-0.02,0.96,0.11,-1.66,-0.24,4.93,-1.35
0.09,-0.03,0.98,0.06,-1.68,-0.21,5.49,-1.52
0.1,-0.06,1.0,-0.02,-1.72,-0.21,5.91,-3.16
0.09,-0.09,1.04,-0.08,-1.7,-0.19,4.94,-5.01
0.08,-0.13,1.09,-0.18,-1.66,-0.2,4.01,-6.55
0.06,-0.15,1.16,-0.22,-1.62,-0.2,3.12,-7.49
0.05,-0.14,1.19,-0.23,-1.55,-0.23,2.39,-6.87
0.02,-0.11,1.21,-0.25,-1.5,-0.22,1.12,-5.35
-0.01,-0.09,1.21,-0.25,-1.44,-0.21,-0.36,-4.12
-0.03,-0.07,1.22,-0.23,-1.42,-0.2,-1.45,-3.11
-0.04,-0.05,1.22,-0.16,-1.39,-0.18,-2.02,-2.16
-0.05,-0.02,1.2,-0.11,-1.36,-0.17,-2.26,-1.13
-0.05,-0.01,1.17,-0.08,-1.36,-0.15,-2.24,-0.27
-0.05,0.0,1.13,-0.04,-1.37,-0.12,-2.34,0.11
-0.05,0.01,1.12,0.0,-1.36,-0.11,-2.55,0.54
-0.05,0.03,1.08,0.02,-1.35,-0.09,-2.7,1.47
-0.05,0.05,1.05,0.04,-1.32,-0.06,-2.7,2.98
-0.05,0.06,1.01,0.1,-1.32,-0.01,-2.8,3.49
-0.04,0.08,0.97,0.15,-1.31,0.05,-2.56,4.98
-0.02,0.09,0.91,0.16,-1.29,0.11,-1.47,5.65
-0.01,0.09,0.87,0.18,-1.31,0.17,-0.45,5.89
0.01,0.07,0.86,0.18,-1.35,0.23,0.96,4.49
0.04,0.01,0.87,0.2,-1.39,0.24,2.85,0.8
0.08,-0.06,0.91,0.26,-1.45,0.22,4.91,-3.96
0.12,-0.15,1.0,0.3,-1.48,0.14,6.59,-8.28
0.15,-0.18,1.05,0.36,-1.55,0.01,8.06,-9.9
0.15,-0.2,1.04,0.39,-1.62,-0.14,8.22,-10.65
0.15,-0.19,1.01,0.37,-1.65,-0.3,8.48,-10.69
0.13,-0.16,1.01,0.3,-1.65,-0.42,7.47,-8.96
0.12,-0.11,1.02,0.23,-1.65,-0.47,6.83,-5.89
0.09,-0.05,1.03,0.16,-1.63,-0.47,4.98,-2.74
0.06,-0.01,1.04,0.08,-1.62,-0.41,3.26,-0.67
0.03,0.01,1.06,-0.02,-1.66,-0.31,1.45,0.57
0.0,0.01,1.09,-0.08,-1.56,-0.23,0.11,0.28
-0.03,-0.0,1.12,-0.11,-1.52,-0.15,-1.59,-0.09
-0.05,0.0,1.14,-0.14,-1.47,-0.09,-2.26,0.18
-0.05,0.01,1.14,-0.13,-1.41,-0.03,-2.39,0.35
-0.05,0.02,1.12,-0.14,-1.38,0.03,-2.69,0.79
-0.06,0.02,1.12,-0.11,-1.37,0.08,-2.83,1.19
-0.05,0.03,1.1,-0.09,-1.36,0.12,-2.83,1.33
-0.06,0.03,1.08,-0.05,-1.34,0.15,-3.14,1.45
-0.05,0.02,1.04,0.0,-1.33,0.18,-2.53,1.02
-0.02,-0.02,1.05,0.04,-1.33,0.2,-1.34,-1.08
0.01,-0.05,1.07,0.08,-1.33,0.19,0.28,-2.74
0.02,-0.05,1.06,0.16,-1.33,0.16,1.09,-2.83
0.03,-0.06,1.02,0.22,-1.33,0.12,1.56,-3.17
0.05,-0.05,0.97,0.28,-1.37,0.07,2.76,-3.17
0.06,-0.06,0.94,0.3,-1.43,0.01,3.93,-3.86
0.09,-0.08,0.94,0.3,-1.44,-0.02,5.29,-4.76
0.11,-0.08,0.94,0.32,-1.46,-0.07,6.65,-4.88
0.13,-0.08,0.93,0.33,-1.52,-0.11,7.96,-5.09
0.14,-0.08,0.92,0.27,-1.56,-0.16,8.59,-5.0
0.15,-0.09,0.93,0.21,-1.61,-0.18,9.18,-5.3
0.15,-0.09,0.96,0.11,-1.63,-0.21,8.69,-5.28
0.14,-0.08,0.99,0.03,-1.61,-0.22,7.8,-4.38
0.11,-0.05,1.02,-0.08,-1.62,-0.2,6.25,-3.03
0.08,-0.03,1.06,-0.15,-1.6,-0.16,4.45,-1.62
0.05,-0.02,1.11,-0.21,-1.58,-0.12,2.71,-0.79
0.03,0.0,1.13,-0.26,-1.54,-0.06,1.6,0.05
0.02,0.02,1.15,-0.28,-1.51,-0.01,0.91,0.8
0.01,0.02,1.16,-0.3,-1.48,0.04,0.73,0.93
-0.0,0.03,1.17,-0.33,-1.44,0.07,-0.01,1.39
-0.0,0.02,1.19,-0.33,-1.42,0.1,-0.18,0.97
0.0,0.02,1.19,-0.33,-1.4,0.11,0.05,0.76
0.01,0.01,1.21,-0.31,-1.4,0.1,0.32,0.43
0.0,0.0,1.23,-0.28,-1.39,0.08,0.13,0.2
-0.01,0.01,1.22,-0.25,-1.35,0.05,-0.28,0.36
-0.01,0.02,1.19,-0.19,-1.35,0.0,-0.5,1.16
-0.01,0.05,1.15,-0.13,-1.34,-0.01,-0.62,2.63
-0.01,0.06,1.1,-0.12,-1.35,-0.03,-0.48,3.32
-0.02,0.06,1.07,-0.1,-1.36,-0.01,-0.81,3.46
-0.01,0.06,1.05,-0.05,-1.39,0.01,-0.73,3.45
-0.0,0.06,1.04,-0.02,-1.41,0.03,-0.25,3.37
-0.0,0.04,1.04,-0.03,-1.42,0.04,-0.07,2.02
-0.0,0.03,1.05,-0.03,-1.42,0.05,-0.16,1.7
-0.0,0.02,1.07,-0.01,-1.44,0.06,-0.21,1.18
0.01,0.01,1.08,-0.03,-1.45,0.07,0.57,0.58
0.02,0.02,1.09,-0.05,-1.4,0.08,0.79,1.03
0.01,0.02,1.1,-0.05,-1.41,0.09,0.38,1.25
0.01,0.02,1.15,-0.04,-1.41,0.09,0.74,0.89
0.02,0.01,1.2,-0.08,-1.45,0.09,1.05,0.43
0.03,0.02,1.24,-0.05,-1.35,0.04,1.49,0.88
0.04,0.03,1.22,-0.04,-1.34,0.01,1.71,1.26
0.04,0.04,1.21,-0.04,-1.3,-0.03,1.84,1.66
0.04,0.06,1.2,-0.03,-1.29,-0.05,1.79,2.64
0.03,0.07,1.2,-0.03,-1.27,-0.05,1.47,3.38
0.03,0.08,1.18,-0.02,-1.26,-0.05,1.54,4.09
0.03,0.09,1.17,-0.01,-1.26,-0.04,1.5,4.37
0.03,0.09,1.16,-0.0,-1.26,-0.04,1.46,4.53
0.03,0.09,1.15,0.0,-1.24,-0.02,1.27,4.44
0.02,0.1,1.15,-0.0,-1.22,0.0,0.94,4.83
0.02,0.09,1.13,0.02,-1.22,0.02,1.23,4.39
0.03,0.08,1.11,0.03,-1.22,0.03,1.36,4.06
0.03,0.07,1.08,0.03,-1.22,0.04,1.71,3.73
0.03,0.06,1.07,0.02,-1.21,0.05,1.59,3.26
0.03,0.05,1.06,0.01,-1.22,0.06,1.71,2.46
0.04,0.04,1.06,-0.01,-1.22,0.06,2.04,2.02
0.03,0.03,1.05,-0.05,-1.21,0.07,1.79,1.72
0.03,0.02,1.05,-0.04,-1.21,0.08,1.67,1.2
0.02,0.02,1.06,0.03,-1.12,-0.06,0.94,1.3
0.01,0.01,1.07,-0.02,-1.25,0.05,0.49,0.79
-0.01,0.02,1.09,-0.01,-1.26,0.06,-0.33,0.92
-0.01,0.02,1.12,0.05,-1.28,0.03,-0.36,1.24
-0.0,0.03,1.12,0.1,-1.29,0.0,-0.18,1.74
0.01,0.03,1.13,0.16,-1.3,-0.02,0.73,1.59
0.02,0.04,1.13,0.19,-1.31,-0.03,1.05,1.99
0.03,0.05,1.12,0.24,-1.3,-0.03,1.53,2.57
0.04,0.05,1.12,0.27,-1.32,-0.02,2.27,2.35
0.06,0.03,1.12,0.28,-1.32,-0.02,2.94,1.66
0.06,0.02,1.11,0.26,-1.32,-0.02,3.32,0.91
0.07,0.03,1.1,0.23,-1.31,-0.0,3.64,1.47
0.07,0.04,1.08,0.22,-1.3,0.02,3.55,2.22
0.06,0.04,1.08,0.2,-1.3,0.06,3.16,2.33
0.04,0.05,1.07,0.14,-1.29,0.1,2.33,2.44
0.03,0.05,1.08,0.1,-1.28,0.12,1.68,2.58
0.03,0.06,1.08,0.17,-1.18,0.01,1.37,2.94
0.0,0.07,1.1,0.11,-1.3,0.15,0.12,3.77
-0.01,0.07,1.12,0.1,-1.3,0.16,-0.38,3.64
-0.01,0.07,1.14,0.09,-1.3,0.14,-0.63,3.53
-0.01,0.07,1.16,0.11,-1.3,0.14,-0.7,3.57
-0.01,0.08,1.17,0.14,-1.29,0.1,-0.67,3.87
-0.01,0.09,1.18,0.13,-1.26,0.09,-0.62,4.42
-0.0,0.08,1.19,0.12,-1.24,0.09,-0.11,4.06
0.01,0.09,1.22,0.11,-1.21,0.07,0.25,4.06
0.0,0.1,1.22,0.11,-1.17,0.05,0.06,4.57
0.02,0.13,1.23,0.1,-1.12,0.03,0.73,5.86
0.0,0.12,1.23,0.11,-1.09,0.02,0.13,5.8
0.0,0.12,1.22,0.12,-1.05,0.01,0.13,5.72
0.01,0.12,1.2,0.12,-1.04,-0.01,0.47,5.56
0.01,0.12,1.17,0.11,-1.03,-0.03,0.34,6.08
0.02,0.12,1.15,0.08,-1.02,-0.04,0.96,5.83
0.02,0.12,1.13,0.04,-0.99,-0.04,0.84,6.01
0.01,0.12,1.13,0.02,-1.0,-0.03,0.67,6.24
0.01,0.13,1.13,-0.01,-0.99,-0.01,0.49,6.4
-0.0,0.14,1.13,-0.04,-0.98,-0.0,-0.02,6.93
-0.01,0.14,1.14,-0.08,-0.95,0.01,-0.66,6.84
-0.03,0.15,1.14,-0.11,-0.93,0.03,-1.3,7.41
-0.03,0.15,1.16,-0.12,-0.91,0.04,-1.68,7.46
-0.04,0.17,1.15,-0.13,-0.86,0.05,-1.91,8.27
-0.04,0.18,1.16,-0.14,-0.84,0.06,-2.16,8.67
-0.05,0.17,1.16,-0.14,-0.82,0.06,-2.36,8.53
-0.06,0.18,1.18,-0.12,-0.79,0.05,-2.65,8.64
-0.05,0.17,1.2,-0.13,-0.77,0.04,-2.58,8.16
-0.05,0.17,1.22,-0.11,-0.72,0.02,-2.44,8.14
-0.05,0.18,1.22,-0.12,-0.7,-0.0,-2.29,8.23
-0.05,0.17,1.21,-0.13,-0.67,-0.03,-2.56,8.11
-0.05,0.18,1.19,-0.14,-0.63,-0.05,-2.61,8.63
-0.06,0.2,1.18,-0.14,-0.6,-0.07,-2.95,9.42
-0.08,0.2,1.14,-0.15,-0.58,-0.06,-3.71,10.14
-0.09,0.22,1.12,-0.15,-0.54,-0.06,-4.35,11.11
-0.1,0.22,1.11,-0.16,-0.55,-0.03,-4.8,11.28
-0.1,0.23,1.1,-0.16,-0.52,0.0,-5.32,11.8
-0.1,0.22,1.11,-0.13,-0.53,0.02,-5.01,11.26
-0.1,0.22,1.09,-0.15,-0.51,0.05,-5.15,11.15
-0.1,0.22,1.1,-0.13,-0.52,0.07,-5.22,11.4
-0.1,0.22,1.11,-0.11,-0.52,0.11,-4.96,11.25
-0.1,0.22,1.12,-0.09,-0.51,0.12,-4.81,10.99
-0.1,0.22,1.12,-0.08,-0.55,0.13,-5.14,11.05
-0.09,0.22,1.11,-0.04,-0.54,0.13,-4.8,11.14
-0.08,0.21,1.11,-0.0,-0.54,0.13,-4.14,10.87
-0.07,0.2,1.13,0.05,-0.56,0.11,-3.61,10.14
-0.07,0.19,1.18,0.11,-0.59,0.07,-3.4,9.06
-0.07,0.17,1.24,0.15,-0.55,0.02,-3.06,8.0
-0.05,0.16,1.25,0.2,-0.5,-0.03,-2.3,7.35
-0.03,0.15,1.22,0.21,-0.41,-0.07,-1.22,6.94
-0.02,0.14,1.21,0.2,-0.33,-0.09,-0.8,6.82
0.0,0.14,1.18,0.16,-0.24,-0.06,0.09,6.89
0.01,0.14,1.13,0.1,-0.17,-0.04,0.64,7.22
0.03,0.13,1.08,0.05,-0.12,0.01,1.4,7.05
0.03,0.14,1.06,0.02,-0.11,0.06,1.42,7.4
0.02,0.14,1.05,-0.02,-0.1,0.09,1.04,7.51
0.01,0.13,1.05,-0.08,-0.09,0.1,0.62,7.1
0.01,0.13,1.07,-0.07,-0.13,0.11,0.42,6.93
-0.01,0.14,1.09,-0.08,-0.13,0.09,-0.48,7.39
-0.01,0.15,1.11,-0.05,-0.16,0.08,-0.59,7.53
-0.02,0.14,1.12,-0.05,-0.14,0.06,-0.88,7.32
-0.03,0.15,1.14,-0.03,-0.15,0.05,-1.37,7.29
-0.02,0.14,1.13,-0.0,-0.14,0.04,-1.11,7.23
-0.01,0.14,1.12,-0.01,-0.13,0.03,-0.7,7.28
-0.0,0.13,1.11,-0.0,-0.11,0.04,-0.22,6.59
-0.02,0.14,1.11,-0.01,-0.11,0.06,-0.8,6.96
-0.0,0.13,1.12,-0.0,-0.12,0.05,-0.1,6.48
0.0,0.11,1.13,0.0,-0.1,0.04,0.03,5.72
-0.01,0.12,1.14,0.03,-0.11,0.04,-0.29,5.78
0.0,0.09,1.13,0.05,-0.1,0.0,0.15,4.72
0.01,0.07,1.12,0.06,-0.1,-0.02,0.36,3.62
0.01,0.07,1.12,0.07,-0.08,-0.05,0.36,3.58
0.01,0.07,1.11,0.06,-0.05,-0.05,0.56,3.43
0.01,0.08,1.09,0.05,-0.01,-0.03,0.75,3.98
0.02,0.09,1.07,0.07,-0.01,0.0,1.1,4.83
0.02,0.08,1.05,0.07,0.05,-0.02,1.09,4.61
0.03,0.08,1.05,0.02,0.01,0.07,1.49,4.4
0.03,0.08,1.06,0.02,-0.0,0.1,1.66,4.19
0.04,0.08,1.08,0.04,0.0,0.1,2.07,4.25
0.05,0.08,1.08,0.08,0.09,0.01,2.4,4.12
0.05,0.06,1.08,0.03,0.02,0.1,2.87,3.31
0.07,0.05,1.08,0.05,0.02,0.08,3.66,2.54
0.09,0.05,1.09,0.06,0.0,0.06,4.61,2.72
0.09,0.05,1.09,0.07,0.03,-0.01,4.46,2.54
0.1,0.04,1.09,0.06,-0.0,0.01,5.14,2.21
0.11,0.03,1.08,0.04,-0.0,-0.03,5.7,1.74
0.11,0.02,1.05,0.03,-0.02,-0.05,5.72,1.19
0.1,0.02,1.03,0.01,-0.03,-0.08,5.62,1.37
0.09,0.04,1.03,-0.03,-0.04,-0.08,4.85,2.09
0.07,0.06,1.03,-0.05,-0.04,-0.08,3.8,3.09
0.06,0.05,1.03,-0.06,-0.06,-0.06,3.37,2.82
0.05,0.05,1.04,-0.04,-0.07,-0.07,2.93,2.67
0.04,0.05,1.04,-0.07,-0.09,-0.05,2.0,2.93
0.02,0.06,1.07,-0.07,-0.08,-0.06,1.08,3.47
0.01,0.07,1.08,-0.04,-0.08,-0.05,0.73,3.46
0.01,0.06,1.08,-0.01,-0.09,-0.04,0.28,3.31
-0.0,0.07,1.07,0.01,-0.08,-0.04,-0.16,3.5
-0.0,0.07,1.07,0.01,-0.06,-0.03,-0.18,3.59
-0.0,0.06,1.07,0.04,-0.05,-0.02,-0.24,3.11
0.0,0.05,1.1,0.05,-0.05,-0.01,0.1,2.84
0.0,0.05,1.13,0.06,-0.01,-0.01,0.12,2.64
0.02,0.04,1.13,0.07,0.03,-0.02,1.1,1.89
0.04,0.02,1.1,0.06,0.06,-0.02,1.85,1.28
0.04,0.03,1.07,0.04,0.07,-0.02,1.99,1.44
0.04,0.02,1.04,0.02,0.08,-0.01,2.17,1.37
0.04,0.02,1.02,-0.01,0.08,-0.0,2.32,1.31
0.04,0.03,1.01,-0.02,0.08,0.02,2.49,1.48
0.04,0.02,1.02,-0.05,0.07,0.02,2.3,1.21
0.04,0.03,1.03,-0.07,0.05,0.04,2.06,1.46
0.03,0.03,1.03,-0.04,0.03,0.03,1.62,1.66
0.02,0.02,1.03,-0.03,0.0,0.02,1.38,1.31
0.03,0.02,1.02,0.03,0.13,-0.14,1.48,1.12
0.02,0.02,1.02,-0.03,-0.02,0.01,1.0,1.27
0.01,0.02,1.01,-0.04,-0.02,0.01,0.82,1.13
0.02,0.02,1.01,-0.04,-0.04,0.01,0.95,0.97
0.02,0.02,1.03,-0.03,-0.07,0.04,1.04,1.03
0.01,0.03,1.05,-0.01,-0.08,0.03,0.62,1.75
0.01,0.03,1.07,-0.0,-0.08,0.04,0.72,1.58
0.02,0.02,1.08,-0.01,-0.05,0.02,1.17,1.21
0.02,0.03,1.09,-0.01,-0.05,0.01,0.96,1.58
0.03,0.03,1.08,-0.02,-0.03,0.0,1.76,1.78
0.05,0.04,1.08,-0.03,0.0,-0.0,2.43,2.19
0.04,0.05,1.07,-0.03,0.01,0.0,2.06,2.44
0.04,0.05,1.06,-0.04,-0.0,0.01,2.06,2.74
0.04,0.04,1.06,-0.04,0.0,0.01,2.09,2.34
0.04,0.04,1.06,-0.06,0.01,0.02,2.41,1.92
0.04,0.04,1.06,-0.1,0.02,0.02,2.26,2.06
0.03,0.04,1.06,-0.09,0.01,0.03,1.7,2.03
0.03,0.04,1.06,-0.12,0.01,0.03,1.4,2.42
0.02,0.04,1.04,-0.08,0.01,0.02,1.16,2.45
0.02,0.05,1.02,-0.09,-0.01,0.02,0.88,2.9
0.01,0.05,1.01,-0.02,0.11,-0.11,0.59,3.02
0.0,0.06,1.01,-0.04,-0.06,0.03,0.26,3.36
0.0,0.07,1.02,-0.04,-0.08,0.05,0.06,3.91
-0.0,0.07,1.03,-0.02,-0.09,0.05,-0.16,4.17
0.0,0.07,1.04,0.06,0.04,-0.1,0.18,3.67
0.01,0.06,1.05,0.05,-0.12,0.03,0.53,3.48
0.01,0.06,1.05,0.06,-0.13,0.03,0.72,3.14
0.02,0.06,1.05,0.08,-0.13,0.01,1.32,3.05
0.04,0.05,1.06,0.07,-0.12,0.02,1.93,2.66
0.05,0.05,1.07,0.09,-0.13,0.01,2.54,2.42
0.05,0.04,1.09,0.06,-0.12,0.02,2.89,2.24
0.06,0.04,1.1,0.04,-0.08,0.02,3.11,1.99
0.06,0.04,1.1,0.02,-0.06,0.01,3.28,2.04
0.06,0.05,1.09,0.01,-0.05,0.01,3.23,2.36
0.06,0.05,1.08,-0.03,-0.03,0.01,3.26,2.67
0.05,0.05,1.07,-0.06,-0.01,0.02,2.85,2.57
0.05,0.05,1.06,-0.08,-0.02,0.03,2.63,2.63
0.04,0.05,1.06,-0.08,-0.01,0.02,2.28,2.92
0.04,0.05,1.08,-0.09,-0.03,0.02,1.95,2.77
0.03,0.06,1.1,-0.09,-0.02,0.0,1.49,2.94
0.02,0.06,1.09,-0.08,-0.03,-0.0,1.22,3.1
0.03,0.06,1.09,-0.07,-0.02,-0.01,1.41,2.94
0.02,0.06,1.08,-0.14,-0.08,0.05,1.1,3.05
0.02,0.06,1.05,-0.1,-0.02,0.01,1.17,3.22
0.02,0.06,1.04,-0.1,-0.01,0.01,1.17,3.16
0.02,0.05,1.04,-0.07,-0.03,0.02,1.29,2.71
0.03,0.04,1.03,-0.08,-0.04,0.03,1.51,2.46
0.03,0.04,1.03,-0.08,-0.07,0.04,1.39,2.35
0.02,0.04,1.04,-0.1,-0.08,0.04,1.25,2.45
0.02,0.05,1.05,-0.06,-0.1,0.05,0.91,2.64
0.01,0.06,1.06,-0.06,-0.11,0.04,0.55,3.24
0.01,0.06,1.06,-0.04,-0.11,0.03,0.59,3.29
0.01,0.07,1.06,-0.02,-0.12,0.03,0.52,3.57
0.01,0.08,1.07,-0.0,-0.14,0.03,0.77,4.03
0.02,0.07,1.08,0.03,-0.15,0.03,1.0,3.95
0.02,0.09,1.1,0.04,-0.15,0.02,1.27,4.47
0.03,0.08,1.11,0.05,-0.14,0.01,1.68,4.08
0.04,0.07,1.12,0.06,-0.12,0.0,1.97,3.62
0.05,0.06,1.11,0.07,-0.12,-0.04,2.81,3.07
0.07,0.06,1.09,0.06,-0.11,-0.01,3.69,2.96
0.08,0.05,1.08,0.02,-0.09,-0.02,4.3,2.68
0.07,0.06,1.09,0.01,-0.09,-0.02,3.91,2.9
0.08,0.07,1.1,-0.01,-0.07,-0.03,4.26,3.41
0.07,0.06,1.09,-0.05,-0.05,-0.03,3.45,3.18
0.05,0.08,1.09,-0.09,-0.03,-0.02,2.73,3.98
0.05,0.08,1.08,-0.14,-0.01,-0.01,2.46,4.46
0.03,0.1,1.07,-0.15,-0.0,-0.01,1.72,5.17
0.0,0.11,1.07,-0.09,0.14,-0.14,0.23,5.97
-0.01,0.12,1.07,-0.15,0.0,-0.01,-0.34,6.16
-0.02,0.12,1.07,-0.14,-0.02,0.0,-0.94,6.57
-0.02,0.13,1.07,-0.11,-0.01,0.01,-1.06,6.68
-0.02,0.12,1.07,-0.11,0.0,0.01,-0.84,6.54
-0.01,0.12,1.07,-0.1,-0.0,0.02,-0.39,6.19
-0.0,0.11,1.07,-0.13,-0.0,0.05,-0.26,5.98
-0.0,0.11,1.05,-0.13,0.0,0.05,-0.21,6.01
-0.0,0.13,1.06,-0.15,0.0,0.06,-0.06,6.86
-0.01,0.12,1.07,-0.17,-0.01,0.08,-0.35,6.25
-0.0,0.12,1.08,-0.2,-0.01,0.08,-0.08,6.25
-0.01,0.13,1.1,-0.2,-0.01,0.08,-0.6,6.75
-0.03,0.14,1.12,-0.24,0.01,0.07,-1.37,7.27
-0.03,0.16,1.11,-0.2,0.03,0.04,-1.52,8.27
-0.03,0.18,1.1,-0.19,0.04,0.04,-1.71,9.02
-0.03,0.19,1.1,-0.16,0.03,0.03,-1.48,9.8
-0.03,0.21,1.1,-0.13,0.01,0.04,-1.71,10.58
-0.02,0.22,1.12,-0.12,0.01,0.03,-1.07,11.11
-0.01,0.22,1.15,-0.02,0.12,-0.11,-0.54,10.99
0.0,0.23,1.19,-0.07,-0.03,-0.0,0.02,11.03
0.02,0.24,1.24,-0.09,-0.03,-0.02,0.83,11.21
0.02,0.26,1.28,-0.13,-0.03,-0.06,0.99,11.62
0.02,0.29,1.33,-0.12,0.13,-0.24,0.89,12.12
0.01,0.31,1.37,-0.23,0.02,-0.16,0.43,12.83
-0.0,0.35,1.41,-0.31,0.08,-0.19,-0.13,13.9
-0.03,0.4,1.45,-0.42,0.17,-0.22,-0.97,15.33
-0.05,0.44,1.49,-0.48,0.27,-0.24,-1.79,16.26
-0.07,0.46,1.53,-0.54,0.4,-0.23,-2.68,16.89
-0.1,0.49,1.56,-0.59,0.57,-0.22,-3.36,17.29
-0.11,0.51,1.57,-0.66,0.73,-0.19,-3.96,17.79
-0.13,0.52,1.58,-0.73,0.91,-0.17,-4.5,18.03
-0.15,0.53,1.6,-0.74,1.07,-0.11,-5.1,18.3
-0.15,0.52,1.6,-0.75,1.24,-0.09,-5.16,18.03
-0.15,0.52,1.6,-0.77,1.39,-0.07,-5.22,17.84
-0.16,0.5,1.62,-0.8,1.53,-0.05,-5.52,17.11
-0.17,0.49,1.62,-0.85,1.67,-0.03,-5.64,16.76
-0.18,0.5,1.61,-0.86,1.8,-0.04,-5.95,17.0
-0.19,0.49,1.6,-0.88,1.95,-0.01,-6.44,16.75
-0.19,0.47,1.6,-0.9,2.1,0.01,-6.44,16.22
-0.19,0.45,1.59,-0.91,2.22,0.04,-6.4,15.62
-0.19,0.43,1.6,-0.91,2.34,0.07,-6.61,15.02
-0.19,0.41,1.6,-0.89,2.45,0.09,-6.46,14.15
-0.18,0.38,1.62,-0.87,2.55,0.12,-6.22,13.19
-0.18,0.36,1.62,-0.84,2.66,0.13,-6.09,12.53
-0.18,0.33,1.63,-0.78,2.72,0.14,-6.07,11.55
-0.15,0.29,1.62,-0.74,2.81,0.14,-5.32,10.01
-0.13,0.23,1.62,-0.74,2.92,0.14,-4.39,8.17
-0.09,0.18,1.64,-0.72,3.0,0.13,-3.13,6.37
-0.07,0.15,1.64,-0.72,3.08,0.12,-2.37,5.37
-0.07,0.15,1.64,-0.74,3.18,0.11,-2.49,5.14
-0.07,0.13,1.63,-0.74,3.25,0.11,-2.46,4.42
-0.07,0.12,1.63,-0.75,3.34,0.12,-2.36,4.24
-0.07,0.11,1.62,-0.72,3.39,0.13,-2.34,3.82
-0.07,0.09,1.61,-0.71,3.46,0.15,-2.52,3.16
-0.08,0.06,1.61,-0.69,3.56,0.18,-2.77,2.1
-0.09,0.04,1.6,-0.64,3.64,0.2,-3.39,1.34
-0.14,0.02,1.59,-0.59,3.75,0.25,-4.94,0.84
-0.15,0.01,1.56,-0.55,3.87,0.32,-5.4,0.35
-0.16,0.0,1.54,-0.5,3.98,0.42,-5.89,0.02
-0.16,-0.01,1.54,-0.43,4.09,0.53,-5.74,-0.53
-0.16,-0.05,1.56,-0.34,4.17,0.64,-5.84,-1.94
-0.15,-0.09,1.57,-0.22,4.19,0.71,-5.36,-3.38
-0.11,-0.16,1.57,-0.11,4.23,0.77,-4.11,-5.83
-0.09,-0.23,1.59,-0.0,4.25,0.78,-3.14,-8.07
-0.05,-0.27,1.6,0.14,4.23,0.74,-1.78,-9.58
-0.02,-0.29,1.57,0.27,4.21,0.67,-0.8,-10.58
0.01,-0.33,1.51,0.37,4.16,0.59,0.36,-12.25
0.03,-0.35,1.44,0.44,4.12,0.51,1.1,-13.67
0.04,-0.36,1.38,0.49,4.04,0.44,1.45,-14.64
0.05,-0.36,1.34,0.48,4.01,0.41,1.86,-14.97
0.05,-0.38,1.34,0.49,3.95,0.39,2.17,-15.62
0.06,-0.4,1.37,0.48,3.91,0.39,2.52,-16.14
0.07,-0.41,1.39,0.52,3.83,0.38,2.6,-16.54
0.07,-0.44,1.41,0.52,3.81,0.36,2.62,-17.28
0.06,-0.46,1.38,0.53,3.84,0.36,2.38,-18.53
0.07,-0.48,1.37,0.54,3.87,0.37,2.69,-19.44
0.1,-0.5,1.36,0.52,3.9,0.39,3.79,-20.21
0.12,-0.53,1.35,0.51,3.92,0.4,4.83,-21.52
0.15,-0.56,1.32,0.48,3.96,0.43,5.93,-22.65
0.17,-0.58,1.28,0.42,4.01,0.45,6.84,-24.19
0.19,-0.59,1.25,0.36,4.08,0.47,7.75,-25.09
0.19,-0.58,1.22,0.31,4.11,0.48,8.07,-25.33
0.19,-0.58,1.19,0.25,4.14,0.49,8.06,-25.56
0.18,-0.57,1.15,0.19,4.16,0.51,8.14,-25.94
0.16,-0.55,1.15,0.18,4.15,0.52,7.29,-25.45
0.15,-0.54,1.12,0.19,4.15,0.54,6.85,-25.53
0.13,-0.52,1.09,0.21,4.14,0.57,6.11,-25.19
0.12,-0.5,1.08,0.24,4.11,0.62,5.81,-24.77
0.11,-0.5,1.05,0.34,4.03,0.64,5.33,-25.44
0.12,-0.52,1.04,0.42,3.98,0.66,6.07,-26.25
0.15,-0.55,1.01,0.52,3.9,0.65,7.28,-28.04
0.16,-0.58,0.99,0.6,3.85,0.61,7.92,-30.15
0.17,-0.58,0.93,0.68,3.8,0.55,8.92,-31.3
0.2,-0.56,0.87,0.73,3.73,0.5,10.86,-32.35
0.24,-0.56,0.8,0.7,3.7,0.46,14.06,-33.73
0.27,-0.53,0.73,0.62,3.68,0.43,16.77,-34.27
0.29,-0.53,0.72,0.54,3.64,0.42,18.12,-34.61
0.3,-0.52,0.71,0.44,3.65,0.39,18.89,-34.15
0.29,-0.51,0.7,0.3,3.64,0.38,18.77,-33.61
0.28,-0.5,0.7,0.18,3.66,0.39,17.88,-33.54
0.27,-0.5,0.72,0.05,3.66,0.37,16.99,-33.29
0.23,-0.49,0.75,-0.06,3.67,0.39,14.58,-32.27
0.19,-0.47,0.77,-0.15,3.72,0.4,11.92,-30.89
0.15,-0.45,0.79,-0.18,3.74,0.45,9.44,-29.47
0.13,-0.45,0.81,-0.16,3.7,0.47,7.99,-28.7
0.11,-0.45,0.82,-0.11,3.69,0.48,6.64,-28.7
0.09,-0.43,0.82,-0.05,3.66,0.5,5.34,-27.9
0.09,-0.42,0.8,0.01,3.62,0.52,5.99,-27.48
0.1,-0.41,0.77,0.07,3.57,0.51,6.76,-27.99
0.09,-0.39,0.73,0.12,3.54,0.52,6.46,-28.25
0.11,-0.36,0.7,0.16,3.5,0.53,7.59,-27.0
0.12,-0.34,0.68,0.22,3.47,0.54,8.94,-25.89
0.13,-0.3,0.64,0.29,3.43,0.56,10.04,-24.87
0.15,-0.27,0.61,0.32,3.36,0.59,12.96,-23.22
0.19,-0.26,0.57,0.34,3.29,0.59,17.23,-23.53
0.21,-0.25,0.52,0.33,3.24,0.57,19.71,-24.36
0.22,-0.25,0.49,0.34,3.19,0.54,21.81,-24.71
0.25,-0.25,0.48,0.32,3.13,0.47,24.5,-25.33
0.25,-0.23,0.46,0.32,3.1,0.39,26.46,-23.8
0.24,-0.18,0.44,0.3,3.07,0.34,27.07,-19.56
0.23,-0.12,0.42,0.29,3.01,0.3,27.94,-13.85
0.24,-0.08,0.41,0.23,2.93,0.29,29.14,-9.25
0.22,-0.04,0.4,0.17,2.87,0.27,29.01,-5.54
0.21,-0.03,0.42,0.11,2.84,0.27,26.93,-3.97
0.19,-0.02,0.41,0.04,2.81,0.27,24.78,-2.56
0.18,0.01,0.43,-0.02,2.76,0.29,22.12,0.81
0.17,0.02,0.45,-0.08,2.75,0.32,20.23,2.74
0.15,0.02,0.45,-0.15,2.74,0.37,18.84,2.03
0.15,0.0,0.47,-0.21,2.75,0.41,17.74,0.57
0.13,0.01,0.48,-0.21,2.74,0.45,15.65,1.71
0.11,0.03,0.49,-0.23,2.76,0.49,12.74,3.56
0.1,0.05,0.51,-0.18,2.71,0.5,10.89,4.98
0.1,0.05,0.5,-0.14,2.66,0.52,11.07,5.08
0.09,0.04,0.5,-0.05,2.57,0.51,10.57,4.92
0.09,0.08,0.49,0.03,2.51,0.48,10.27,8.58
0.09,0.1,0.49,0.1,2.43,0.47,9.68,11.43
0.09,0.1,0.47,0.17,2.34,0.42,10.62,12.09
0.1,0.12,0.46,0.24,2.26,0.38,11.94,14.3
0.1,0.16,0.45,0.32,2.15,0.32,11.93,18.81
0.11,0.22,0.45,0.37,2.06,0.29,12.32,24.92
0.11,0.26,0.44,0.36,1.94,0.26,12.07,30.05
0.11,0.29,0.43,0.4,2.05,0.1,11.68,32.87
0.12,0.3,0.44,0.27,1.8,0.21,13.07,33.32
0.15,0.31,0.44,0.2,1.74,0.21,15.94,33.99
0.16,0.35,0.43,0.12,1.72,0.22,16.29,36.87
0.16,0.37,0.43,0.04,1.89,0.11,16.02,38.99
0.16,0.38,0.44,-0.18,1.71,0.27,15.56,38.96
0.15,0.39,0.49,-0.33,1.71,0.33,13.51,37.69
0.13,0.39,0.53,-0.45,1.67,0.38,11.26,35.63
0.12,0.37,0.56,-0.54,1.63,0.4,9.78,32.48
0.09,0.35,0.6,-0.64,1.58,0.44,7.62,29.65
0.07,0.31,0.64,-0.66,1.54,0.43,5.55,25.65
0.05,0.27,0.67,-0.65,1.47,0.44,3.92,22.01
0.05,0.22,0.71,-0.56,1.36,0.44,3.51,17.44
0.02,0.16,0.74,-0.5,1.29,0.41,1.84,12.38
0.02,0.15,0.75,-0.37,1.21,0.39,1.53,11.28
0.04,0.13,0.75,-0.23,1.11,0.37,2.71,10.03
0.04,0.14,0.75,-0.06,1.01,0.34,3.0,10.79
0.03,0.16,0.74,0.08,0.93,0.28,2.02,12.49
0.02,0.2,0.74,0.1,0.75,0.37,1.31,15.07
0.03,0.21,0.72,0.29,0.75,0.24,2.14,16.55
0.04,0.22,0.73,0.39,0.67,0.2,2.91,17.04
0.05,0.25,0.73,0.46,0.61,0.16,3.68,18.79
0.05,0.29,0.72,0.46,0.58,0.14,3.42,21.92
0.06,0.33,0.71,0.46,0.5,0.15,4.64,25.11
0.09,0.37,0.68,0.51,0.66,-0.02,6.85,28.21
0.11,0.39,0.66,0.29,0.44,0.16,7.98,29.81
0.11,0.41,0.66,0.16,0.47,0.18,8.38,31.84
0.12,0.43,0.67,0.02,0.45,0.22,8.71,32.43
0.13,0.42,0.68,-0.14,0.44,0.25,9.2,31.43
0.12,0.39,0.72,-0.29,0.43,0.26,8.36,28.08
0.1,0.34,0.73,-0.41,0.43,0.26,7.17,24.74
0.08,0.3,0.76,-0.48,0.39,0.27,5.83,21.35
0.07,0.25,0.8,-0.44,0.51,0.09,4.74,17.25
0.06,0.2,0.83,-0.48,0.28,0.22,3.86,13.86
0.05,0.17,0.86,-0.47,0.24,0.2,3.11,11.19
0.04,0.12,0.87,-0.41,0.19,0.17,2.75,8.13
0.04,0.09,0.89,-0.3,0.13,0.14,2.37,5.58
0.04,0.06,0.91,-0.18,0.05,0.1,2.32,3.92
0.04,0.06,0.91,-0.09,0.0,0.07,2.27,3.75
0.04,0.06,0.91,-0.0,-0.06,0.05,2.25,3.73
0.04,0.06,0.89,0.05,-0.08,0.02,2.47,3.8
0.05,0.05,0.9,0.12,-0.11,0.0,3.06,3.31
0.06,0.05,0.9,0.16,-0.12,-0.01,3.79,3.25
0.07,0.05,0.9,0.18,-0.12,-0.01,4.61,3.26
0.08,0.07,0.89,0.2,-0.13,-0.02,4.97,4.33
0.09,0.09,0.89,0.21,-0.15,-0.03,5.52,5.57
0.09,0.1,0.88,0.19,-0.14,-0.04,5.56,6.64
0.09,0.11,0.87,0.11,-0.11,-0.03,6.02,7.25
0.1,0.11,0.9,0.08,-0.11,-0.04,6.37,6.67
0.11,0.11,0.9,-0.03,-0.1,-0.02,7.06,7.22
0.11,0.11,0.9,-0.11,-0.09,-0.0,6.76,6.67
0.09,0.08,0.91,-0.2,-0.04,0.02,5.8,5.1
0.08,0.04,0.94,-0.27,-0.01,0.04,4.8,2.58
0.08,0.01,0.96,-0.29,-0.02,0.07,4.97,0.7
0.08,-0.03,0.98,-0.32,0.01,0.06,4.58,-1.64
0.07,-0.06,0.98,-0.3,0.03,0.05,3.87,-3.3
0.05,-0.07,0.99,-0.31,0.04,0.04,2.66,-4.0
0.04,-0.08,1.01,-0.22,0.04,0.04,2.06,-4.31
0.02,-0.07,1.02,-0.18,0.05,0.05,1.33,-4.04
0.03,-0.07,1.03,-0.1,0.02,0.04,1.88,-3.9
0.04,-0.08,1.01,-0.04,-0.0,0.04,2.32,-4.45
0.05,-0.07,0.98,0.03,-0.03,0.02,2.82,-4.05
0.06,-0.05,0.97,0.11,-0.03,-0.02,3.3,-2.79
0.06,-0.02,0.96,0.13,-0.02,-0.04,3.45,-1.27
0.06,0.01,0.95,0.15,-0.04,-0.04,3.52,0.87
0.05,0.05,0.94,0.15,-0.05,-0.05,3.24,2.8
0.06,0.05,0.93,0.13,-0.06,-0.02,3.42,3.09
0.06,0.03,0.92,0.09,-0.03,-0.02,3.48,1.67
0.08,0.04,0.92,0.09,-0.05,-0.02,4.79,2.18
0.08,0.05,0.91,0.04,-0.03,-0.01,5.21,3.26
0.09,0.06,0.9,0.01,-0.04,-0.02,5.55,3.92
0.07,0.06,0.9,-0.06,-0.0,-0.02,4.65,3.87
0.08,0.04,0.91,-0.12,0.02,-0.01,4.98,2.65
0.07,0.02,0.93,-0.13,0.03,-0.0,4.49,1.24
0.07,0.03,0.94,-0.15,0.02,0.01,4.5,1.87
0.06,0.02,0.95,-0.2,0.05,0.02,3.79,1.2
0.06,0.01,0.95,-0.2,0.03,0.04,3.33,0.7
0.04,-0.0,0.96,-0.17,0.01,0.03,2.61,-0.17
0.04,0.0,0.96,-0.18,-0.01,0.04,2.3,0.16
0.04,-0.01,0.96,-0.15,-0.0,0.04,2.45,-0.34
0.03,-0.01,0.96,-0.13,-0.02,0.04,2.02,-0.68
0.04,-0.02,0.96,-0.09,-0.06,0.05,2.56,-1.04
0.05,-0.02,0.94,-0.08,-0.08,0.05,2.77,-1.18
0.05,-0.01,0.92,-0.08,-0.05,0.02,2.84,-0.67
0.04,-0.01,0.92,-0.08,-0.06,0.02,2.55,-0.32
0.04,-0.0,0.93,-0.05,-0.07,0.01,2.6,-0.11
0.03,0.0,0.95,-0.0,-0.0,-0.08,1.95,0.27
0.04,0.01,0.95,-0.02,-0.08,0.02,2.24,0.79
0.06,0.0,0.94,0.01,-0.11,0.03,3.6,0.07
0.07,0.0,0.93,0.03,-0.11,0.02,4.2,0.27
0.07,0.0,0.93,0.02,-0.12,0.0,4.41,0.11
0.08,-0.01,0.92,0.01,-0.11,-0.0,4.88,-0.48
0.09,0.01,0.93,0.02,-0.09,-0.02,5.37,0.35
0.09,0.02,0.93,-0.02,-0.1,-0.01,5.82,1.2
0.09,0.02,0.94,-0.04,-0.08,-0.02,5.73,1.31
0.09,0.01,0.93,-0.09,-0.09,-0.02,5.7,0.53
0.09,-0.0,0.94,-0.14,-0.04,-0.01,5.33,-0.07
0.08,-0.01,0.95,-0.2,-0.04,-0.0,4.83,-0.44
0.08,-0.01,0.96,-0.19,-0.02,0.01,4.86,-0.8
0.06,-0.01,0.96,-0.22,0.0,0.01,3.84,-0.51
0.06,-0.02,0.97,-0.22,0.0,0.01,3.31,-1.1
0.05,-0.01,0.99,-0.17,0.14,-0.13,2.74,-0.86
0.04,-0.01,0.99,-0.18,-0.02,0.01,2.56,-0.63
0.04,-0.02,0.99,-0.2,-0.02,0.01,2.5,-0.88
0.04,-0.03,0.98,-0.2,-0.01,0.02,2.51,-1.88
0.04,-0.05,0.98,-0.14,-0.02,0.01,2.55,-2.85
0.04,-0.06,0.99,-0.08,0.03,-0.05,2.4,-3.37
0.04,-0.05,1.0,-0.03,-0.02,0.0,2.52,-2.69
0.04,-0.03,1.0,0.04,-0.05,0.01,2.48,-1.54
0.05,-0.02,0.99,0.05,-0.03,0.0,3.1,-0.97
0.05,-0.01,0.97,0.1,-0.07,-0.01,3.12,-0.34
0.05,0.01,0.96,0.11,-0.06,-0.02,3.2,0.56
0.06,0.02,0.96,0.1,-0.04,-0.02,3.38,1.37
0.06,0.03,0.95,0.09,-0.06,-0.0,3.83,1.63
0.07,0.02,0.94,0.08,-0.06,-0.01,4.38,1.04
0.07,0.01,0.93,0.05,-0.04,-0.02,4.49,0.66
0.08,0.02,0.93,0.02,-0.01,-0.02,4.76,1.16
0.07,0.04,0.94,-0.01,0.01,-0.0,3.97,2.19
0.06,0.04,0.94,-0.04,0.01,0.01,3.42,2.19
0.04,0.04,0.95,-0.0,0.17,-0.12,2.61,2.39
0.05,0.03,0.96,-0.09,0.05,0.02,2.91,1.67
0.05,0.01,0.98,-0.09,0.03,0.04,3.04,0.48
0.03,0.01,0.98,-0.08,0.02,0.04,1.86,0.35
0.04,-0.01,0.99,-0.07,0.01,0.04,2.54,-0.31
0.05,0.0,0.99,-0.08,0.02,0.04,2.9,0.01
0.05,-0.01,0.99,-0.05,-0.01,0.05,2.87,-0.44
0.04,-0.01,0.97,-0.02,-0.02,0.04,2.42,-0.39
0.04,-0.0,0.98,-0.01,-0.03,0.03,2.55,-0.21
0.04,-0.01,0.98,0.01,-0.04,0.03,2.61,-0.31
0.04,-0.02,0.98,0.02,-0.03,0.03,2.51,-1.04
0.05,-0.02,0.98,0.07,0.12,-0.1,2.83,-0.92
0.05,-0.02,0.97,0.03,-0.02,0.04,2.76,-1.33
0.06,-0.02,0.97,0.01,0.02,0.05,3.35,-1.36
0.07,-0.01,0.95,0.02,0.02,0.06,4.19,-0.78
0.07,0.0,0.94,0.06,0.01,0.06,3.95,0.09
0.08,-0.0,0.94,0.06,-0.0,0.05,4.6,-0.04
0.08,0.0,0.93,0.04,0.02,0.02,4.94,0.29
0.07,0.01,0.91,0.03,0.05,0.02,4.5,0.83
0.06,0.03,0.92,-0.0,0.06,0.01,3.96,1.8
0.07,0.05,0.92,-0.04,0.07,0.02,4.62,3.07
0.07,0.06,0.92,-0.06,0.07,0.02,4.4,3.52
0.06,0.06,0.93,-0.09,0.08,0.04,3.71,3.75
0.06,0.06,0.94,-0.09,0.06,0.06,3.59,3.53
0.06,0.06,0.94,-0.1,0.03,0.07,3.57,3.5
0.06,0.04,0.94,-0.09,0.04,0.06,3.79,2.42
0.07,0.03,0.94,-0.08,0.02,0.06,4.32,1.71
0.07,0.02,0.93,-0.05,-0.0,0.04,4.36,1.02
0.07,0.02,0.92,-0.03,-0.02,0.02,4.21,1.46
0.07,0.02,0.93,-0.05,-0.03,0.0,4.27,1.28
0.06,0.03,0.93,-0.03,-0.05,-0.0,3.68,1.56
0.05,0.03,0.93,-0.05,-0.05,-0.0,3.16,1.62
0.05,0.02,0.93,-0.04,-0.07,-0.01,3.1,1.22
0.06,0.01,0.93,-0.04,-0.08,-0.0,3.87,0.52
0.06,-0.0,0.92,-0.05,-0.06,-0.0,3.95,-0.27
0.07,-0.02,0.93,-0.07,-0.05,0.0,4.51,-1.03
0.07,-0.03,0.94,-0.06,-0.04,-0.0,4.47,-2.0
0.07,-0.03,0.94,-0.08,-0.03,-0.0,4.31,-1.99
0.06,-0.04,0.95,-0.1,0.0,-0.0,3.77,-2.13
0.06,-0.04,0.95,-0.09,0.0,0.0,3.61,-2.46
0.06,-0.04,0.96,-0.08,0.01,0.01,3.57,-2.62
0.06,-0.04,0.97,-0.08,0.01,0.02,3.29,-2.46
0.05,-0.04,0.98,-0.1,0.05,0.03,3.07,-2.16
0.06,-0.04,0.97,-0.1,0.04,0.05,3.26,-2.22
0.05,-0.04,0.98,-0.07,0.08,-0.0,3.06,-2.3
0.05,-0.03,0.97,-0.06,0.02,0.07,3.0,-1.83
0.05,-0.02,0.97,-0.06,0.06,0.07,3.22,-1.24
0.05,-0.01,0.96,-0.04,0.04,0.09,2.99,-0.68
0.05,-0.01,0.96,-0.01,0.02,0.08,3.0,-0.54
0.06,0.0,0.95,-0.02,0.03,0.07,3.52,0.24
0.06,0.02,0.94,0.02,-0.0,0.07,3.57,1.16
0.06,0.02,0.93,0.0,0.01,0.06,3.98,1.32
0.07,0.02,0.92,0.01,0.0,0.03,4.24,1.38
0.07,0.03,0.91,0.04,-0.02,0.02,4.5,1.7
0.07,0.04,0.91,0.01,0.01,-0.0,4.62,2.55
0.08,0.05,0.91,0.03,-0.02,-0.02,5.05,3.09
0.09,0.05,0.9,0.06,-0.05,-0.04,5.45,3.08
0.08,0.07,0.88,0.03,-0.06,-0.05,5.06,4.59
0.08,0.09,0.89,0.0,-0.04,-0.07,4.98,5.81
0.08,0.1,0.91,-0.01,-0.05,-0.06,4.87,6.13
0.08,0.1,0.9,-0.04,-0.05,-0.04,5.12,6.13
0.08,0.09,0.91,-0.09,-0.06,-0.02,4.88,5.94
0.07,0.09,0.91,-0.1,-0.06,-0.01,4.23,5.53
0.07,0.09,0.91,-0.14,-0.05,0.0,4.22,5.68
0.06,0.08,0.92,-0.13,-0.09,0.01,3.97,4.77
0.05,0.07,0.92,-0.12,-0.1,0.0,3.14,4.31
0.04,0.06,0.93,-0.1,-0.11,-0.01,2.76,3.51
0.04,0.06,0.93,-0.11,-0.11,0.0,2.38,3.75
0.04,0.05,0.92,-0.08,-0.15,0.01,2.27,3.06
0.04,0.05,0.92,-0.08,-0.16,-0.01,2.23,2.88
0.04,0.04,0.91,-0.04,-0.18,-0.01,2.28,2.66
0.03,0.04,0.9,-0.03,-0.18,-0.02,2.04,2.55
0.05,0.05,0.9,-0.01,-0.21,-0.02,3.21,2.96
0.05,0.04,0.9,0.03,-0.22,-0.04,3.17,2.65
0.05,0.06,0.9,0.03,-0.22,-0.05,3.07,3.63
0.05,0.07,0.9,-0.0,-0.22,-0.05,3.05,4.37
0.05,0.07,0.89,0.0,-0.24,-0.06,3.28,4.46
0.05,0.07,0.89,-0.01,-0.24,-0.09,3.52,4.65
0.06,0.08,0.89,-0.02,-0.26,-0.06,3.77,4.96
0.06,0.07,0.89,-0.04,-0.26,-0.06,3.59,4.69
0.05,0.07,0.88,-0.04,-0.26,-0.06,3.52,4.3
0.05,0.07,0.89,-0.06,-0.25,-0.06,3.12,4.52
0.05,0.07,0.9,-0.05,-0.26,-0.04,3.22,4.72
0.05,0.09,0.89,-0.07,-0.25,-0.03,3.37,5.76
0.05,0.09,0.89,-0.06,-0.27,-0.01,3.1,5.57
0.05,0.1,0.88,-0.06,-0.29,-0.01,3.07,6.33
0.05,0.1,0.87,-0.06,-0.3,-0.02,3.08,6.22
0.05,0.09,0.88,-0.05,-0.31,-0.03,3.37,5.57
0.05,0.08,0.88,-0.03,-0.34,-0.03,3.44,5.4
0.05,0.08,0.87,0.01,-0.38,-0.04,3.51,5.52
0.06,0.08,0.87,0.03,-0.4,-0.06,3.91,5.52
0.06,0.09,0.86,0.05,-0.41,-0.08,3.93,5.84
0.07,0.09,0.84,0.05,-0.43,-0.09,4.4,6.31
0.07,0.1,0.85,0.09,-0.44,-0.11,4.59,6.56
0.07,0.11,0.83,0.1,-0.47,-0.12,5.13,7.76
0.09,0.12,0.81,0.06,-0.46,-0.14,6.2,8.22
0.09,0.12,0.8,0.03,-0.48,-0.14,6.4,8.79
0.08,0.13,0.8,0.02,-0.48,-0.17,6.0,9.41
0.07,0.16,0.83,-0.03,-0.49,-0.16,4.85,10.8
0.06,0.16,0.83,-0.08,-0.5,-0.15,4.33,11.16
0.05,0.16,0.84,-0.12,-0.53,-0.14,3.53,10.71
0.05,0.15,0.84,-0.16,-0.55,-0.11,3.1,9.98
0.04,0.11,0.85,-0.17,-0.55,-0.15,2.36,7.63
0.02,0.09,0.88,-0.19,-0.58,-0.08,1.58,6.09
0.02,0.08,0.89,-0.18,-0.59,-0.06,1.07,5.07
0.01,0.07,0.89,-0.15,-0.64,-0.05,0.82,4.58
0.01,0.06,0.89,-0.11,-0.65,-0.09,0.83,3.88
0.02,0.04,0.89,-0.1,-0.7,-0.04,1.29,2.42
0.04,-0.0,0.88,-0.08,-0.7,-0.07,2.29,-0.09
0.04,-0.01,0.88,-0.02,-0.72,-0.09,2.41,-0.36
0.04,-0.01,0.88,-0.0,-0.71,-0.1,2.59,-0.44
0.04,0.0,0.88,0.03,-0.72,-0.09,2.68,0.19
0.04,0.01,0.89,0.03,-0.69,-0.08,2.38,0.79
0.05,0.01,0.89,0.08,-0.69,-0.06,3.0,0.51
0.05,0.04,0.87,0.11,-0.66,-0.09,2.98,2.71
0.04,0.06,0.87,0.08,-0.69,-0.04,2.89,4.09
0.04,0.06,0.87,0.07,-0.69,-0.03,2.96,4.18
0.05,0.07,0.87,0.06,-0.7,-0.04,3.36,4.57
0.06,0.08,0.85,0.1,-0.64,-0.16,3.98,5.17
0.06,0.08,0.85,0.0,-0.77,-0.04,4.26,5.64
0.06,0.08,0.85,-0.01,-0.8,-0.04,4.29,5.58
0.06,0.07,0.86,-0.05,-0.82,-0.06,4.28,4.34
0.08,0.05,0.86,-0.07,-0.85,-0.08,4.98,3.06
0.08,0.03,0.87,-0.06,-0.88,-0.11,5.16,1.64
0.08,0.03,0.88,-0.09,-0.9,-0.14,5.46,2.12
0.06,0.04,0.88,-0.09,-0.92,-0.15,4.05,2.76
0.07,0.03,0.9,-0.0,-0.83,-0.31,4.18,1.66
0.07,0.03,0.9,-0.03,-0.97,-0.16,4.5,1.66
0.08,0.03,0.89,-0.04,-0.99,-0.17,5.24,1.92
0.1,0.02,0.89,-0.04,-1.02,-0.17,6.11,0.96
0.11,0.0,0.88,-0.05,-1.02,-0.18,6.96,0.02
0.11,0.0,0.88,-0.08,-1.02,-0.19,7.04,0.13
0.11,-0.0,0.89,-0.14,-0.99,-0.19,6.77,-0.22
0.09,-0.01,0.9,-0.16,-0.97,-0.19,5.98,-0.42
0.08,-0.01,0.92,-0.13,-0.85,-0.34,5.12,-0.92
0.08,-0.02,0.93,-0.24,-1.01,-0.16,4.83,-1.23
0.07,-0.02,0.94,-0.23,-0.96,-0.16,4.0,-1.38
0.06,-0.03,0.95,-0.24,-0.95,-0.15,3.43,-1.92
0.06,-0.04,0.95,-0.2,-0.97,-0.15,3.32,-2.6
0.06,-0.06,0.95,-0.19,-0.99,-0.16,3.45,-3.41
0.06,-0.06,0.96,-0.19,-0.99,-0.16,3.54,-3.33
0.05,-0.06,0.97,-0.16,-0.98,-0.17,2.95,-3.32
0.06,-0.06,0.97,-0.14,-1.01,-0.17,3.29,-3.67
0.06,-0.06,0.97,-0.14,-1.03,-0.18,3.72,-3.7
0.06,-0.07,0.97,-0.14,-1.02,-0.19,3.41,-4.24
0.06,-0.08,0.98,-0.17,-1.0,-0.19,3.42,-4.58
0.05,-0.08,0.98,-0.15,-0.98,-0.18,3.05,-4.62
0.05,-0.09,0.99,-0.12,-0.96,-0.17,2.78,-5.01
0.05,-0.08,1.0,-0.12,-0.94,-0.15,2.58,-4.66
0.04,-0.07,1.0,-0.11,-0.91,-0.12,2.0,-3.87
0.03,-0.05,1.0,-0.09,-0.89,-0.11,1.49,-3.01
0.03,-0.04,0.99,-0.04,-0.89,-0.09,1.47,-2.34
0.03,-0.03,0.99,-0.01,-0.9,-0.08,1.68,-1.73
0.05,-0.02,0.96,0.01,-0.9,-0.08,2.84,-1.23
0.06,-0.0,0.94,0.03,-0.92,-0.07,3.82,-0.19
0.07,0.01,0.92,0.05,-0.94,-0.07,4.21,0.91
0.06,0.03,0.9,0.02,-0.94,-0.09,4.04,1.95
0.06,0.04,0.91,-0.01,-0.93,-0.09,3.65,2.48
0.04,0.08,0.92,-0.01,-0.94,-0.07,2.63,4.95
0.05,0.09,0.92,-0.02,-0.98,-0.04,3.17,5.3
0.09,0.05,0.91,-0.02,-1.03,-0.01,5.41,3.21
0.12,0.01,0.89,-0.04,-1.06,-0.04,7.58,0.46
0.12,-0.03,0.88,-0.08,-1.07,-0.07,7.8,-1.87
0.12,-0.05,0.89,-0.09,-1.06,-0.13,7.36,-2.98
0.1,-0.04,0.92,-0.12,-1.03,-0.16,6.44,-2.33
0.08,-0.04,0.96,-0.1,-1.02,-0.16,5.06,-2.28
0.08,-0.03,0.97,-0.1,-1.02,-0.14,4.78,-2.01
0.07,-0.04,0.97,-0.1,-1.04,-0.12,4.32,-2.06
0.07,-0.04,0.96,-0.1,-1.03,-0.12,4.17,-2.51
0.06,-0.06,0.97,-0.11,-1.01,-0.11,3.32,-3.74
0.07,-0.07,0.97,-0.07,-0.99,-0.12,3.97,-3.91
0.06,-0.05,0.99,0.0,-0.85,-0.26,3.4,-3.1
0.07,-0.04,0.99,-0.04,-0.99,-0.1,4.06,-2.24
0.06,-0.03,0.97,-0.03,-0.99,-0.08,3.52,-1.52
0.04,-0.02,0.97,-0.02,-0.99,-0.08,2.55,-1.37
0.04,-0.01,0.96,0.02,-1.0,-0.07,2.46,-0.74
0.05,-0.0,0.96,-0.01,-1.08,0.01,2.7,-0.07
0.05,0.01,0.95,0.02,-1.0,-0.01,3.02,0.55
0.06,0.02,0.94,0.08,-1.02,-0.0,3.71,0.92
0.07,0.01,0.92,0.09,-1.04,0.0,4.64,0.63
0.1,0.01,0.9,0.1,-1.08,-0.0,6.16,0.34
0.11,-0.01,0.87,0.09,-1.08,-0.04,7.35,-0.45
0.14,-0.02,0.87,0.07,-1.08,-0.07,8.87,-1.47
0.15,-0.03,0.88,-0.01,-1.17,-0.04,9.79,-1.75
0.14,-0.02,0.88,-0.0,-1.14,-0.1,9.3,-1.13
0.14,-0.01,0.87,-0.05,-1.1,-0.15,9.31,-0.5
0.13,-0.0,0.88,-0.03,-0.97,-0.31,8.72,-0.2
0.13,-0.01,0.89,-0.12,-1.07,-0.18,8.34,-0.48
0.12,-0.02,0.91,-0.17,-1.09,-0.17,7.59,-1.13
0.1,-0.03,0.93,-0.2,-1.07,-0.17,5.92,-1.57
0.07,-0.03,0.94,-0.22,-1.06,-0.15,4.39,-1.62
0.06,-0.03,0.94,-0.24,-1.04,-0.13,3.95,-1.57
0.06,-0.01,0.97,-0.21,-1.06,-0.12,3.38,-0.54
0.05,-0.01,0.96,-0.18,-1.08,-0.1,3.24,-0.83
0.05,-0.04,0.94,-0.19,-1.09,-0.09,2.82,-2.19
0.03,-0.03,0.95,-0.16,-1.09,-0.1,2.04,-1.97
0.02,-0.02,0.95,-0.1,-1.1,-0.13,1.26,-1.06
0.01,0.01,0.94,-0.1,-1.16,-0.06,0.68,0.44
0.02,0.02,0.93,-0.04,-1.13,-0.05,1.09,1.45
0.02,0.02,0.92,0.02,-1.19,-0.03,1.46,1.34
0.05,-0.0,0.9,0.07,-1.18,-0.0,3.21,-0.01
0.08,-0.03,0.88,0.11,-1.19,-0.02,5.0,-2.0
0.11,-0.05,0.88,0.12,-1.19,-0.04,7.03,-3.43
0.13,-0.05,0.86,0.18,-1.2,-0.08,8.61,-3.32
0.14,-0.03,0.84,0.19,-1.2,-0.14,9.6,-1.87
0.15,-0.0,0.82,0.15,-1.25,-0.19,10.3,-0.33
0.15,0.0,0.82,0.09,-1.28,-0.24,10.62,0.3
0.15,0.01,0.82,0.03,-1.3,-0.26,10.12,0.53
0.14,-0.01,0.85,-0.03,-1.31,-0.28,9.39,-0.44
0.12,-0.0,0.85,-0.09,-1.31,-0.26,7.89,-0.28
0.11,-0.0,0.87,-0.13,-1.3,-0.25,7.0,-0.15
0.09,-0.0,0.91,-0.17,-1.3,-0.22,5.38,-0.01
0.08,-0.02,0.92,-0.18,-1.3,-0.2,4.75,-1.17
0.08,-0.04,0.94,-0.22,-1.38,-0.13,4.68,-2.28
0.08,-0.05,0.94,-0.2,-1.3,-0.15,4.67,-2.77
0.09,-0.05,0.95,-0.19,-1.29,-0.15,5.15,-2.87
0.09,-0.05,0.93,-0.18,-1.31,-0.15,5.64,-3.17
0.09,-0.06,0.94,-0.18,-1.32,-0.15,5.51,-3.89
0.1,-0.07,0.94,-0.17,-1.29,-0.16,5.92,-4.5
0.09,-0.08,0.95,-0.16,-1.29,-0.17,5.7,-4.55
0.1,-0.09,0.97,-0.12,-1.31,-0.19,5.77,-5.0
0.09,-0.09,0.97,-0.09,-1.32,-0.22,5.31,-5.24
0.08,-0.07,0.97,-0.06,-1.33,-0.24,4.92,-4.37
0.06,-0.06,0.96,-0.01,-1.34,-0.26,3.67,-3.53
0.05,-0.04,0.95,0.09,-1.25,-0.42,3.03,-2.2
0.04,0.0,0.93,0.08,-1.39,-0.32,2.38,0.21
0.05,0.01,0.91,0.07,-1.43,-0.23,3.04,0.6
0.08,-0.03,0.95,0.09,-1.46,-0.23,5.07,-1.9
0.1,-0.07,0.95,0.1,-1.5,-0.23,5.99,-4.29
0.11,-0.09,0.95,0.08,-1.5,-0.26,6.54,-5.18
0.12,-0.08,0.94,0.07,-1.49,-0.29,7.41,-4.67
0.12,-0.06,0.93,-0.01,-1.47,-0.3,7.29,-3.53
0.11,-0.05,0.91,0.01,-1.35,-0.45,6.72,-2.99
0.11,-0.05,0.93,-0.09,-1.43,-0.28,6.76,-3.25
0.1,-0.06,0.95,-0.13,-1.43,-0.26,6.26,-3.65
0.1,-0.06,0.96,-0.16,-1.42,-0.24,6.06,-3.59
0.1,-0.06,0.96,-0.19,-1.42,-0.23,5.76,-3.55
0.08,-0.05,0.95,-0.21,-1.37,-0.31,4.56,-3.08
0.06,-0.04,0.96,-0.27,-1.4,-0.21,3.59,-2.62
0.07,-0.06,0.98,-0.28,-1.39,-0.19,3.85,-3.42
0.07,-0.06,0.99,-0.27,-1.41,-0.19,3.9,-3.73
0.07,-0.07,1.0,-0.24,-1.43,-0.19,4.04,-4.21
0.06,-0.08,0.99,-0.24,-1.44,-0.2,3.35,-4.38
0.05,-0.07,0.98,-0.24,-1.43,-0.22,2.67,-4.05
0.03,-0.06,0.98,-0.22,-1.42,-0.21,1.71,-3.32
0.02,-0.04,0.98,-0.18,-1.42,-0.21,1.38,-2.38
0.02,-0.03,1.0,-0.15,-1.46,-0.2,1.13,-1.97
0.03,-0.05,1.0,-0.12,-1.47,-0.18,1.62,-2.57
0.04,-0.09,1.01,-0.07,-1.47,-0.19,2.29,-4.98
0.06,-0.11,1.01,-0.01,-1.48,-0.21,3.3,-6.33
0.06,-0.1,1.01,0.04,-1.47,-0.24,3.65,-5.67
0.06,-0.07,0.99,0.02,-1.46,-0.27,3.29,-3.81
0.06,-0.03,0.97,0.02,-1.48,-0.25,3.37,-1.85
0.07,-0.04,0.98,0.03,-1.49,-0.24,4.36,-2.53
0.09,-0.06,1.0,-0.01,-1.53,-0.23,5.37,-3.5
0.1,-0.09,1.02,-0.06,-1.53,-0.24,5.49,-4.87
0.08,-0.11,1.05,-0.04,-1.41,-0.39,4.36,-5.93
0.06,-0.1,1.07,-0.17,-1.49,-0.25,3.0,-5.16
0.04,-0.08,1.09,-0.23,-1.44,-0.22,2.08,-3.96
0.02,-0.05,1.1,-0.26,-1.4,-0.18,1.11,-2.68
0.01,-0.05,1.13,-0.29,-1.37,-0.12,0.6,-2.38
0.01,-0.06,1.15,-0.24,-1.25,-0.21,0.63,-3.08
0.01,-0.08,1.17,-0.27,-1.33,-0.04,0.65,-4.02
0.0,-0.08,1.17,-0.23,-1.32,-0.04,0.17,-3.91
-0.01,-0.07,1.15,-0.21,-1.28,-0.06,-0.48,-3.46
-0.02,-0.04,1.13,-0.16,-1.27,-0.07,-0.9,-2.21
-0.03,-0.02,1.11,-0.16,-1.34,-0.0,-1.45,-0.89
-0.03,0.01,1.08,-0.07,-1.26,-0.0,-1.65,0.64
-0.04,0.02,1.05,-0.04,-1.24,0.03,-1.98,1.0
-0.02,-0.01,1.04,0.03,-1.25,0.06,-0.97,-0.36
0.01,-0.04,1.05,0.06,-1.25,0.05,0.73,-2.4
0.05,-0.07,1.04,0.15,-1.23,0.01,2.61,-3.87
0.06,-0.06,0.99,0.22,-1.26,-0.03,3.69,-3.62
0.08,-0.05,0.95,0.27,-1.29,-0.1,4.61,-3.02
0.1,-0.03,0.9,0.27,-1.31,-0.15,6.06,-2.17
0.11,-0.02,0.89,0.26,-1.34,-0.18,6.82,-1.16
0.11,-0.01,0.89,0.25,-1.41,-0.19,6.86,-0.34
0.12,-0.02,0.9,0.2,-1.46,-0.2,7.48,-1.57
0.12,-0.05,0.9,0.14,-1.48,-0.2,7.79,-3.0
0.12,-0.05,0.91,0.05,-1.47,-0.19,7.71,-3.26
0.11,-0.06,0.93,-0.03,-1.45,-0.19,6.43,-3.37
0.08,-0.03,0.96,-0.09,-1.43,-0.15,4.58,-1.81
0.05,-0.02,0.99,-0.15,-1.42,-0.13,3.01,-1.15
0.04,-0.03,1.02,-0.17,-1.42,-0.08,2.04,-1.5
0.03,-0.02,1.04,-0.18,-1.39,-0.04,1.49,-1.23
0.03,-0.03,1.05,-0.15,-1.42,-0.02,1.78,-1.43
0.03,-0.04,1.06,-0.12,-1.43,-0.02,1.48,-2.09
0.02,-0.05,1.05,-0.09,-1.43,-0.03,1.35,-2.5
0.03,-0.06,1.08,-0.1,-1.43,-0.04,1.47,-3.16
0.04,-0.08,1.11,-0.06,-1.44,-0.07,2.25,-4.18
0.04,-0.08,1.13,-0.03,-1.42,-0.09,2.24,-4.05
0.04,-0.07,1.12,0.03,-1.41,-0.11,1.99,-3.61
0.04,-0.05,1.08,0.07,-1.38,-0.13,2.06,-2.75
0.04,-0.03,1.05,0.11,-1.38,-0.14,2.29,-1.79
0.05,-0.02,1.02,0.17,-1.4,-0.14,2.9,-1.34
0.06,-0.02,1.0,0.19,-1.42,-0.13,3.7,-1.08
0.08,-0.02,1.0,0.18,-1.42,-0.13,4.66,-1.22
0.1,-0.04,1.0,0.19,-1.46,-0.13,5.72,-2.42
0.12,-0.08,1.02,0.24,-1.36,-0.31,6.62,-4.34
0.14,-0.09,1.04,0.15,-1.47,-0.19,7.5,-4.93
0.13,-0.08,1.04,0.1,-1.47,-0.22,7.14,-4.58
0.12,-0.07,1.04,0.03,-1.45,-0.22,6.42,-3.63
0.1,-0.05,1.05,-0.03,-1.44,-0.22,5.56,-2.66
0.07,-0.03,1.06,-0.09,-1.43,-0.21,3.76,-1.83
0.05,-0.02,1.08,-0.14,-1.4,-0.18,2.65,-1.14
0.04,-0.01,1.09,-0.17,-1.37,-0.14,2.06,-0.53
0.03,-0.01,1.1,-0.2,-1.36,-0.08,1.36,-0.35
0.01,-0.01,1.12,-0.22,-1.34,-0.05,0.53,-0.52
0.01,-0.02,1.14,-0.2,-1.3,-0.02,0.36,-0.95
-0.0,-0.04,1.16,-0.2,-1.29,-0.02,-0.07,-1.81
0.0,-0.04,1.18,-0.16,-1.28,-0.04,0.07,-2.16
-0.0,-0.03,1.17,-0.1,-1.26,-0.06,-0.0,-1.71
-0.0,-0.03,1.15,-0.07,-1.24,-0.07,-0.25,-1.59
-0.0,-0.01,1.11,-0.06,-1.22,-0.08,-0.12,-0.72
-0.0,0.01,1.06,-0.05,-1.23,-0.06,-0.25,0.77
-0.02,0.04,1.02,-0.02,-1.24,-0.07,-0.85,2.07
-0.02,0.03,1.0,-0.03,-1.25,-0.01,-0.89,1.54
-0.01,0.01,1.0,-0.02,-1.25,0.02,-0.54,0.6
-0.0,0.0,0.99,0.01,-1.25,0.03,-0.2,0.24
0.0,-0.01,0.99,0.03,-1.29,0.05,0.0,-0.41
0.01,-0.02,0.99,0.06,-1.31,0.06,0.6,-0.93
0.01,-0.02,0.98,0.07,-1.34,0.05,0.81,-1.3
0.02,-0.03,0.98,0.17,-1.25,-0.09,1.44,-1.55
0.04,-0.04,0.97,0.09,-1.44,0.03,2.09,-2.25
0.05,-0.04,0.98,0.09,-1.42,0.04,2.66,-2.52
0.06,-0.05,1.01,0.13,-1.3,-0.11,3.15,-2.62
0.06,-0.04,1.04,0.05,-1.42,0.05,3.33,-2.26
0.05,-0.03,1.07,0.05,-1.4,-0.01,2.68,-1.43
0.05,-0.01,1.07,0.01,-1.42,0.07,2.46,-0.68
0.03,-0.0,1.09,0.01,-1.42,0.09,1.75,-0.14
0.05,-0.01,1.13,0.1,-1.31,-0.04,2.31,-0.43
0.05,-0.01,1.16,0.08,-1.43,0.04,2.33,-0.71
0.04,-0.01,1.17,0.06,-1.43,0.07,2.19,-0.43
0.05,-0.01,1.16,0.17,-1.33,-0.1,2.3,-0.65
0.05,-0.01,1.15,0.15,-1.45,0.03,2.43,-0.44
0.06,-0.01,1.12,0.23,-1.41,-0.1,2.81,-0.46
0.07,0.0,1.09,0.2,-1.47,-0.02,3.91,0.17
0.09,-0.01,1.06,0.17,-1.47,-0.03,4.94,-0.31
0.1,-0.0,1.03,0.15,-1.46,-0.07,5.73,-0.01
0.1,-0.01,1.01,0.09,-1.49,0.01,5.75,-0.5
0.09,-0.01,1.0,0.11,-1.37,-0.17,5.39,-0.66
0.09,-0.01,1.0,-0.03,-1.49,0.04,4.91,-0.34
0.07,-0.01,1.0,-0.05,-1.5,0.06,4.28,-0.33
0.06,0.0,1.0,-0.06,-1.49,-0.01,3.55,0.08
0.05,-0.01,1.0,-0.13,-1.55,0.08,3.0,-0.34
0.04,-0.02,1.03,-0.1,-1.47,-0.04,2.12,-1.17
0.02,-0.04,1.08,-0.15,-1.59,0.1,1.25,-2.09
0.02,-0.05,1.12,-0.14,-1.59,0.07,1.09,-2.74
0.0,-0.04,1.17,-0.13,-1.55,0.05,0.18,-1.83
-0.0,-0.04,1.2,-0.12,-1.53,-0.03,-0.06,-1.9
0.0,-0.05,1.28,-0.12,-1.49,0.02,0.11,-2.27
0.01,-0.04,1.34,-0.03,-1.41,-0.12,0.26,-1.51
0.01,-0.01,1.34,-0.0,-1.37,-0.09,0.22,-0.54
0.01,0.0,1.3,0.11,-1.2,-0.27,0.42,0.14
0.01,0.02,1.23,0.18,-1.17,-0.32,0.7,1.14
0.03,0.03,1.17,0.12,-1.26,-0.25,1.58,1.49
0.05,0.07,1.11,0.06,-1.28,-0.15,2.42,3.66
0.06,0.06,1.1,0.0,-1.27,-0.12,2.88,3.07
0.04,0.03,1.14,-0.02,-1.22,-0.16,2.25,1.67
0.03,0.02,1.16,-0.1,-1.26,-0.07,1.32,1.09
0.03,0.03,1.16,-0.18,-1.31,-0.0,1.26,1.5
0.02,0.04,1.15,-0.18,-1.19,-0.06,0.8,2.2
0.0,0.06,1.14,-0.11,-1.05,-0.2,0.09,2.88
-0.01,0.07,1.12,-0.16,-1.14,-0.1,-0.45,3.5
-0.02,0.08,1.1,-0.2,-1.14,-0.02,-0.97,4.27
-0.02,0.08,1.08,-0.23,-1.14,-0.0,-1.15,4.24
-0.03,0.08,1.08,-0.17,-1.16,0.03,-1.49,3.99
-0.03,0.07,1.08,-0.19,-1.2,0.04,-1.82,3.88
-0.04,0.08,1.08,-0.17,-1.18,0.04,-2.13,4.4
-0.05,0.08,1.08,-0.15,-1.2,0.06,-2.65,4.16
-0.05,0.08,1.08,-0.09,-1.22,0.06,-2.8,4.5
-0.05,0.08,1.09,-0.03,-1.23,0.07,-2.71,4.36
-0.05,0.08,1.1,0.01,-1.24,0.06,-2.39,4.14
-0.04,0.06,1.12,0.04,-1.22,0.06,-2.13,3.25
-0.04,0.06,1.13,0.08,-1.21,0.07,-1.79,3.14
-0.02,0.06,1.13,0.13,-1.2,0.08,-0.85,3.14
-0.01,0.07,1.12,0.16,-1.19,0.08,-0.3,3.55
0.01,0.06,1.11,0.16,-1.16,0.09,0.64,3.13
0.02,0.06,1.11,0.16,-1.14,0.11,0.92,3.05
0.03,0.06,1.11,0.26,-1.04,-0.02,1.78,3.0
0.04,0.06,1.12,0.18,-1.12,0.12,2.29,3.05
0.05,0.05,1.11,0.19,-1.12,0.12,2.71,2.73
0.07,0.05,1.1,0.17,-1.11,0.12,3.63,2.72
0.07,0.05,1.1,0.23,-1.0,-0.01,3.78,2.8
0.07,0.06,1.09,0.15,-1.11,0.12,3.69,3.09
0.08,0.07,1.1,0.11,-1.1,0.13,3.91,3.36
0.07,0.06,1.12,0.09,-1.13,0.13,3.7,2.94
0.07,0.06,1.15,0.1,-1.16,0.11,3.54,2.9
0.06,0.07,1.19,0.1,-1.16,0.09,3.12,3.4
0.06,0.08,1.2,0.09,-1.14,0.07,2.62,3.74
0.05,0.09,1.21,0.13,-1.13,0.04,2.46,4.14
0.05,0.09,1.23,0.19,-0.99,-0.12,2.12,3.96
0.04,0.09,1.24,0.12,-1.11,0.01,2.04,3.93
0.04,0.09,1.24,0.12,-1.0,-0.02,1.79,4.2
0.04,0.1,1.22,0.13,-0.93,-0.03,1.64,4.49
0.02,0.1,1.2,0.13,-0.89,-0.03,1.15,4.83
0.03,0.1,1.17,0.12,-0.85,-0.01,1.33,5.01
0.04,0.1,1.15,0.08,-0.81,0.01,1.8,5.09
0.03,0.11,1.13,0.01,-0.76,0.03,1.32,5.31
0.02,0.11,1.13,0.07,-0.66,-0.09,0.81,5.76
0.0,0.13,1.13,-0.04,-0.74,0.06,0.2,6.43
-0.01,0.13,1.12,-0.02,-0.74,0.07,-0.56,6.83
-0.03,0.14,1.14,-0.04,-0.74,0.08,-1.47,7.15
-0.05,0.16,1.14,0.02,-0.63,-0.06,-2.33,7.78
-0.05,0.16,1.16,0.01,-0.75,0.07,-2.5,8.06
-0.06,0.18,1.17,0.03,-0.75,0.07,-2.86,8.66
-0.05,0.17,1.17,0.03,-0.73,0.08,-2.56,8.38
-0.05,0.18,1.19,0.1,-0.73,0.07,-2.54,8.72
-0.05,0.18,1.22,0.18,-0.64,-0.04,-2.29,8.31
-0.04,0.18,1.23,0.17,-0.73,0.05,-2.03,8.1
-0.03,0.16,1.23,0.22,-0.69,0.01,-1.47,7.51
-0.02,0.16,1.23,0.26,-0.66,-0.02,-1.13,7.3
-0.01,0.16,1.21,0.28,-0.63,-0.05,-0.65,7.41
-0.0,0.15,1.19,0.27,-0.59,-0.07,-0.02,6.93
0.01,0.13,1.16,0.26,-0.53,-0.07,0.55,6.5
0.01,0.14,1.13,0.23,-0.5,-0.06,0.74,6.92
0.01,0.14,1.12,0.2,-0.48,-0.05,0.57,7.19
0.01,0.14,1.11,0.13,-0.52,0.0,0.49,7.35
0.0,0.14,1.12,0.12,-0.45,-0.02,0.09,7.22
0.0,0.14,1.12,0.11,-0.44,0.0,0.19,7.13
-0.01,0.15,1.15,0.1,-0.42,-0.0,-0.44,7.23
-0.02,0.14,1.16,0.09,-0.39,-0.0,-0.74,7.03
-0.02,0.13,1.15,0.07,-0.35,-0.0,-0.94,6.59
-0.03,0.13,1.15,0.08,-0.34,-0.02,-1.38,6.42
-0.03,0.13,1.14,0.08,-0.33,-0.03,-1.57,6.58
-0.03,0.14,1.13,0.03,-0.38,0.02,-1.64,7.25
-0.03,0.14,1.13,0.05,-0.3,-0.03,-1.7,6.97
-0.04,0.14,1.12,0.07,-0.29,-0.04,-1.84,6.89
-0.03,0.13,1.11,0.08,-0.29,-0.05,-1.73,6.55
-0.05,0.13,1.1,0.07,-0.28,-0.06,-2.43,6.65
-0.04,0.12,1.1,0.06,-0.28,-0.05,-1.82,6.38
-0.04,0.12,1.11,0.04,-0.25,-0.06,-2.24,6.35
-0.03,0.11,1.11,0.06,-0.25,-0.06,-1.61,5.48
-0.04,0.11,1.11,0.07,-0.14,-0.14,-1.98,5.5
-0.04,0.12,1.11,0.02,-0.18,-0.04,-2.19,6.04
-0.04,0.13,1.11,-0.0,-0.13,-0.02,-2.16,6.71
-0.04,0.13,1.11,0.01,-0.12,0.0,-2.07,6.8
-0.04,0.12,1.1,0.02,-0.08,0.01,-1.97,6.43
-0.04,0.11,1.09,0.02,-0.07,0.03,-1.91,6.01
-0.03,0.12,1.09,0.04,-0.07,0.04,-1.42,6.43
-0.02,0.1,1.1,0.05,-0.07,0.05,-0.85,5.37
-0.02,0.1,1.09,0.05,-0.09,0.04,-0.85,5.16
-0.01,0.09,1.09,0.04,-0.08,0.02,-0.37,4.59
-0.0,0.08,1.09,0.01,-0.07,0.01,-0.14,4.3
-0.0,0.08,1.09,0.06,0.05,-0.15,-0.06,4.35
-0.0,0.09,1.09,-0.01,-0.09,-0.02,-0.09,4.68
-0.0,0.09,1.09,-0.01,-0.08,-0.04,-0.04,4.6
-0.0,0.09,1.09,-0.02,-0.08,-0.04,-0.19,4.51
-0.01,0.09,1.08,-0.01,-0.08,-0.04,-0.57,4.66
-0.01,0.09,1.07,-0.01,-0.1,-0.04,-0.43,4.87
-0.01,0.08,1.08,-0.01,-0.09,-0.04,-0.54,4.43
-0.01,0.08,1.09,-0.0,-0.08,-0.04,-0.39,4.37
-0.0,0.08,1.1,0.02,-0.09,-0.03,-0.05,4.2
0.0,0.08,1.1,0.02,-0.07,-0.04,0.11,4.12
0.01,0.07,1.11,0.02,-0.06,-0.04,0.45,3.65
0.02,0.05,1.11,-0.01,-0.03,-0.04,0.91,2.75
0.02,0.06,1.11,-0.02,-0.01,-0.04,1.14,2.89
0.03,0.06,1.11,-0.03,0.0,-0.03,1.32,3.3
0.02,0.06,1.1,-0.04,0.03,-0.02,1.2,3.13
0.02,0.06,1.11,-0.06,0.05,-0.01,1.08,3.3
0.01,0.07,1.11,-0.07,0.06,-0.0,0.75,3.82
0.0,0.07,1.11,-0.07,0.08,0.0,0.06,3.65
0.0,0.08,1.11,-0.07,0.1,0.01,0.13,3.91
-0.01,0.08,1.11,-0.06,0.11,0.0,-0.33,4.14
-0.0,0.08,1.1,-0.03,0.11,-0.0,-0.25,4.29
0.0,0.07,1.09,-0.0,0.1,-0.01,0.18,3.62
0.01,0.07,1.08,0.02,0.09,-0.02,0.43,3.6
0.01,0.06,1.06,0.04,0.1,-0.01,0.74,3.19
0.02,0.04,1.06,0.12,0.2,-0.14,1.18,2.39
0.04,0.04,1.06,0.08,0.07,-0.02,2.14,2.34
0.05,0.03,1.07,0.07,0.07,-0.01,2.78,1.52
0.06,0.02,1.07,0.08,0.07,-0.0,3.12,1.06
0.07,0.01,1.06,0.05,0.09,-0.0,3.82,0.39
0.08,0.0,1.06,0.02,0.09,0.02,4.08,0.04
0.08,-0.0,1.05,-0.03,0.11,0.03,4.21,-0.2
0.07,0.01,1.05,-0.07,0.15,0.04,4.05,0.36
0.07,0.01,1.05,-0.09,0.15,0.05,3.67,0.54
0.05,0.01,1.05,-0.1,0.14,0.07,2.83,0.73
0.04,0.02,1.05,-0.1,0.15,0.06,1.96,0.93
0.03,0.02,1.05,-0.11,0.19,0.02,1.62,0.92
0.01,0.02,1.05,-0.11,0.12,0.05,0.41,1.0
0.02,0.04,1.06,-0.05,0.1,0.03,0.82,2.32
0.0,0.05,1.08,0.0,0.07,0.01,0.01,2.58
0.0,0.05,1.08,0.05,0.07,-0.01,0.16,2.44
0.01,0.02,1.07,0.1,0.06,-0.01,0.76,1.1
0.02,0.01,1.06,0.13,0.04,-0.02,0.84,0.79
0.02,0.02,1.04,0.16,0.04,-0.04,0.98,0.94
0.03,0.01,1.02,0.17,0.03,-0.02,1.89,0.58
0.04,0.02,1.01,0.17,0.03,-0.01,2.11,0.97
0.04,0.01,1.01,0.18,-0.0,0.01,2.4,0.52
0.06,0.01,1.01,0.18,-0.03,0.04,3.22,0.64
0.06,-0.0,1.01,0.18,-0.03,0.04,3.64,-0.06
0.07,-0.02,1.02,0.19,-0.06,0.04,3.8,-0.9
0.08,-0.03,1.03,0.15,-0.07,0.04,4.53,-1.8
0.08,-0.03,1.06,0.15,-0.07,0.03,4.27,-1.77
0.07,-0.03,1.06,0.12,-0.06,0.04,3.66,-1.5
0.07,-0.01,1.08,0.06,-0.03,0.04,3.91,-0.58
0.06,0.01,1.08,0.06,-0.03,0.05,3.3,0.27
0.05,0.01,1.09,0.05,-0.02,0.05,2.57,0.72
0.04,0.03,1.11,0.04,0.0,0.05,1.89,1.51
0.03,0.05,1.13,0.03,0.02,0.04,1.49,2.3
0.03,0.04,1.13,0.05,0.05,0.02,1.66,2.03
0.04,0.04,1.11,0.07,0.06,0.0,2.05,1.84
0.05,0.02,1.1,0.07,0.07,-0.01,2.81,1.22
0.06,0.02,1.07,0.06,0.08,-0.03,3.46,0.85
0.07,0.01,1.05,0.04,0.08,-0.04,3.73,0.38
0.07,0.01,1.05,0.02,0.07,-0.04,4.01,0.5
0.07,-0.0,1.03,-0.02,0.06,-0.04,3.9,-0.07
0.06,0.0,1.03,-0.06,0.06,-0.05,3.55,0.06
0.05,0.01,1.03,-0.09,0.06,-0.02,2.83,0.37
0.04,0.0,1.02,-0.13,0.06,-0.02,2.43,0.26
0.03,0.01,1.02,-0.13,0.04,-0.01,1.92,0.34
0.02,0.0,1.02,-0.16,0.04,0.0,1.29,0.1
0.01,0.01,1.01,-0.16,0.03,0.01,0.44,0.45
-0.0,0.01,1.02,-0.15,-0.0,0.02,-0.09,0.59
-0.01,0.02,1.03,-0.14,0.0,0.02,-0.61,1.3
-0.02,0.03,1.05,-0.14,0.02,0.03,-1.02,1.54
-0.01,0.02,1.07,-0.11,0.02,0.03,-0.53,1.2
-0.01,0.02,1.08,-0.06,0.01,0.04,-0.3,1.2
-0.0,0.03,1.09,-0.05,0.02,0.04,-0.02,1.48
0.01,0.03,1.09,-0.02,0.03,0.03,0.35,1.54
0.01,0.02,1.08,-0.01,0.03,0.03,0.72,1.19
0.03,0.02,1.07,-0.01,0.03,0.02,1.64,1.11
0.04,0.02,1.06,-0.07,-0.03,0.07,2.08,1.29
0.05,0.02,1.03,-0.05,0.03,0.02,2.55,1.12
0.04,0.03,1.04,-0.05,0.03,0.02,2.37,1.65
0.04,0.03,1.04,-0.04,0.0,0.02,2.35,1.74
0.04,0.03,1.06,-0.04,-0.02,0.02,2.05,1.77
0.04,0.04,1.07,-0.07,-0.0,0.01,1.96,2.24
0.03,0.04,1.07,-0.05,-0.02,0.0,1.55,2.27
0.03,0.04,1.07,-0.03,-0.03,-0.0,1.47,2.39
0.03,0.06,1.07,-0.01,-0.06,-0.01,1.5,3.06
0.04,0.06,1.08,-0.02,-0.05,-0.02,2.01,3.03
0.03,0.06,1.09,-0.01,-0.05,-0.01,1.82,3.02
0.03,0.05,1.09,-0.01,-0.05,-0.01,1.8,2.44
0.04,0.06,1.07,-0.01,-0.04,-0.0,2.19,3.13
0.04,0.05,1.06,-0.03,-0.02,0.0,2.22,2.73
0.04,0.06,1.05,-0.06,0.0,0.02,2.13,3.17
0.04,0.05,1.06,-0.05,-0.01,0.04,2.02,2.76
0.04,0.05,1.07,-0.05,-0.0,0.03,2.39,2.69
0.03,0.04,1.08,-0.01,0.15,-0.1,1.76,1.97
0.03,0.05,1.08,-0.09,0.02,0.02,1.44,2.43
0.03,0.05,1.08,-0.07,0.03,0.01,1.81,2.75
0.02,0.06,1.09,-0.05,0.03,0.01,1.3,2.93
0.03,0.06,1.09,-0.07,0.07,0.01,1.43,2.98
0.03,0.06,1.08,-0.05,0.06,0.02,1.65,3.37
0.04,0.06,1.07,-0.05,0.06,0.04,2.11,3.3
0.04,0.07,1.07,-0.06,0.05,0.04,2.23,3.49
0.04,0.06,1.08,-0.04,0.05,0.04,2.14,3.33
0.05,0.06,1.08,-0.05,0.06,0.05,2.48,2.93
0.05,0.04,1.07,-0.03,0.05,0.03,2.6,2.33
0.05,0.04,1.07,-0.03,0.04,0.02,2.56,2.38
0.04,0.05,1.07,-0.03,0.03,0.01,2.27,2.5
0.04,0.05,1.06,-0.04,0.03,0.01,2.2,2.69
0.04,0.05,1.07,-0.03,0.02,0.01,2.01,2.79
0.04,0.05,1.07,-0.02,-0.01,0.01,1.91,2.44
0.04,0.05,1.07,-0.02,-0.0,0.01,2.05,2.82
0.04,0.04,1.07,-0.04,0.02,0.01,2.07,2.27
0.04,0.04,1.08,-0.01,0.03,0.01,2.08,1.98
0.04,0.03,1.1,-0.01,0.02,0.01,2.04,1.76
0.04,0.04,1.11,-0.03,0.03,0.01,2.3,2.21
0.05,0.05,1.11,-0.01,0.04,-0.01,2.41,2.36
0.05,0.05,1.09,-0.01,0.06,-0.01,2.55,2.52
0.05,0.04,1.07,-0.01,0.06,-0.02,2.83,2.11
0.05,0.03,1.07,-0.02,0.06,-0.02,2.67,1.86
0.05,0.03,1.06,-0.05,0.08,-0.03,2.52,1.61
0.05,0.03,1.06,-0.04,0.08,-0.01,2.7,1.64
0.05,0.03,1.05,-0.03,0.07,-0.01,2.63,1.68
0.04,0.03,1.05,-0.04,0.08,-0.0,2.37,1.45
0.04,0.03,1.05,-0.06,0.07,0.01,2.4,1.59
0.04,0.04,1.05,-0.05,0.06,0.01,1.97,1.97
0.03,0.03,1.04,-0.06,0.06,0.02,1.54,1.55
0.02,0.03,1.05,-0.07,0.04,0.01,1.31,1.67
0.02,0.04,1.05,-0.08,0.06,0.01,0.84,1.93
0.01,0.04,1.06,-0.06,0.05,0.01,0.5,1.98
0.01,0.04,1.06,-0.04,0.03,0.02,0.75,2.07
0.01,0.04,1.07,-0.03,0.04,0.01,0.3,1.94
0.01,0.04,1.08,-0.02,0.04,0.01,0.43,2.28
0.02,0.04,1.09,0.01,0.04,0.01,1.23,2.12
0.02,0.04,1.1,0.03,0.04,-0.01,1.21,2.01
0.03,0.03,1.1,0.03,0.06,-0.03,1.56,1.77
0.04,0.02,1.08,0.04,0.06,-0.03,2.29,1.29
0.05,0.02,1.08,0.02,0.08,-0.03,2.85,0.86
0.06,0.01,1.07,0.01,0.07,-0.02,3.36,0.72
0.07,0.01,1.05,0.0,0.07,-0.03,3.71,0.5
0.07,-0.0,1.05,-0.04,0.08,-0.02,3.86,-0.12
0.07,-0.0,1.05,-0.09,0.1,-0.01,3.82,-0.02
0.06,0.01,1.03,-0.11,0.09,0.0,3.13,0.44
0.04,0.01,1.03,-0.13,0.1,-0.0,2.34,0.43
0.02,0.03,1.03,-0.15,0.09,0.0,0.97,1.41
0.01,0.02,1.03,-0.14,0.07,0.02,0.67,1.3
0.0,0.04,1.04,-0.08,0.21,-0.12,0.06,2.16
-0.01,0.04,1.05,-0.11,0.06,0.02,-0.63,1.91
-0.02,0.03,1.06,-0.09,0.05,0.03,-0.83,1.71
-0.01,0.04,1.06,-0.05,0.06,0.02,-0.73,1.93
-0.01,0.03,1.07,-0.03,0.04,0.02,-0.65,1.65
-0.0,0.04,1.07,0.01,0.03,0.03,-0.11,1.93
0.0,0.04,1.07,0.04,0.04,0.03,0.03,1.94
0.01,0.03,1.07,0.05,0.04,0.04,0.66,1.53
0.02,0.02,1.08,0.06,0.04,0.02,1.09,0.93
0.03,0.01,1.08,0.06,0.04,0.02,1.39,0.71
0.03,0.02,1.08,0.06,0.05,0.01,1.8,0.91
0.04,0.01,1.06,0.06,0.06,0.01,2.17,0.8
0.04,0.02,1.05,0.04,0.05,0.02,2.31,1.18
0.04,0.02,1.05,0.04,0.04,0.02,2.28,1.25
0.05,0.02,1.04,-0.01,0.06,0.03,2.74,1.12
0.05,0.02,1.05,-0.0,0.04,0.04,2.51,1.27
0.04,0.03,1.06,-0.01,0.04,0.03,2.17,1.51
0.03,0.02,1.07,-0.0,0.02,0.03,1.75,1.29
0.03,0.03,1.07,-0.02,0.05,0.04,1.61,1.52
0.02,0.04,1.06,-0.02,0.04,0.03,1.19,1.9
0.02,0.04,1.06,0.04,0.18,-0.1,0.9,2.03
0.01,0.04,1.06,-0.01,0.04,0.04,0.51,2.14
0.0,0.05,1.06,-0.02,0.03,0.05,0.1,2.55
-0.01,0.05,1.07,-0.03,0.02,0.06,-0.47,2.93
-0.02,0.07,1.08,-0.05,0.02,0.07,-0.88,3.47
-0.03,0.07,1.1,-0.04,-0.01,0.08,-1.44,3.77
-0.03,0.09,1.1,-0.08,-0.01,0.1,-1.74,4.72
-0.05,0.11,1.11,-0.11,0.01,0.12,-2.43,5.85
-0.06,0.14,1.12,-0.15,-0.0,0.14,-2.88,7.22
-0.06,0.17,1.17,-0.18,0.02,0.16,-3.16,8.21
-0.07,0.18,1.23,-0.2,0.03,0.18,-3.27,8.38
-0.08,0.22,1.28,-0.23,0.07,0.2,-3.53,9.5
-0.08,0.22,1.33,-0.24,0.13,0.19,-3.35,9.55
-0.09,0.24,1.37,-0.23,0.17,0.17,-3.62,10.09
-0.08,0.26,1.42,-0.24,0.25,0.16,-3.27,10.33
-0.08,0.27,1.45,-0.25,0.36,0.13,-3.17,10.64
-0.08,0.29,1.46,-0.21,0.43,0.11,-3.02,11.16
-0.07,0.3,1.45,-0.21,0.53,0.07,-2.65,11.85
-0.05,0.3,1.43,-0.21,0.62,0.07,-2.07,11.89
-0.04,0.31,1.42,-0.21,0.7,0.06,-1.56,12.29
-0.03,0.31,1.4,-0.23,0.8,0.05,-1.09,12.4
-0.0,0.29,1.37,-0.24,0.85,0.06,-0.15,11.93
0.01,0.27,1.34,-0.29,0.91,0.06,0.48,11.46
0.03,0.27,1.32,-0.36,0.99,0.06,1.2,11.51
0.04,0.25,1.28,-0.42,1.01,0.08,1.69,10.93
0.04,0.24,1.28,-0.5,1.03,0.09,1.89,10.76
0.05,0.25,1.28,-0.58,1.04,0.09,2.13,10.85
0.05,0.26,1.29,-0.65,1.07,0.09,2.12,11.5
0.04,0.28,1.3,-0.72,1.07,0.09,1.62,12.0
0.04,0.29,1.32,-0.77,1.06,0.08,1.6,12.35
0.04,0.28,1.37,-0.77,1.03,0.07,1.46,11.47
0.03,0.27,1.44,-0.81,1.08,0.03,1.36,10.51
0.03,0.25,1.51,-0.83,1.13,0.01,1.13,9.43
0.02,0.26,1.59,-0.8,1.19,-0.05,0.8,9.24
0.03,0.25,1.66,-0.82,1.3,-0.12,1.08,8.53
0.02,0.24,1.69,-0.82,1.46,-0.19,0.68,8.17
0.01,0.25,1.7,-0.84,1.62,-0.24,0.38,8.4
-0.0,0.26,1.69,-0.83,1.81,-0.27,-0.13,8.79
-0.03,0.28,1.67,-0.85,2.0,-0.28,-0.9,9.4
-0.02,0.27,1.63,-0.81,2.32,-0.42,-0.87,9.57
-0.04,0.3,1.59,-0.87,2.26,-0.23,-1.49,10.51
-0.06,0.31,1.59,-0.84,2.33,-0.17,-2.05,10.98
-0.07,0.31,1.6,-0.8,2.42,-0.13,-2.44,11.03
-0.08,0.29,1.64,-0.74,2.48,-0.08,-2.63,10.02
-0.08,0.26,1.66,-0.68,2.56,-0.05,-2.74,8.74
-0.08,0.22,1.69,-0.57,2.6,-0.04,-2.67,7.28
-0.07,0.18,1.73,-0.46,2.65,-0.07,-2.29,5.92
-0.07,0.15,1.76,-0.35,2.71,-0.11,-2.18,4.8
-0.07,0.12,1.77,-0.25,2.77,-0.16,-2.2,3.76
-0.06,0.08,1.77,-0.14,2.83,-0.23,-2.08,2.62
-0.06,0.05,1.76,-0.03,2.92,-0.29,-2.09,1.62
-0.06,0.02,1.75,0.03,3.0,-0.33,-2.03,0.57
-0.05,0.0,1.74,0.09,3.1,-0.36,-1.7,0.05
-0.04,-0.02,1.7,0.14,3.18,-0.36,-1.33,-0.69
-0.03,-0.04,1.67,0.17,3.28,-0.35,-1.03,-1.41
-0.02,-0.06,1.64,0.17,3.37,-0.31,-0.85,-2.17
-0.01,-0.09,1.62,0.16,3.45,-0.26,-0.42,-3.14
0.0,-0.12,1.62,0.21,3.69,-0.34,0.06,-4.26
0.01,-0.16,1.63,0.14,3.56,-0.17,0.42,-5.54
0.02,-0.2,1.63,0.1,3.63,-0.15,0.64,-6.92
0.02,-0.22,1.62,0.07,3.7,-0.12,0.84,-7.87
0.02,-0.24,1.61,0.04,3.76,-0.1,0.72,-8.6
0.02,-0.26,1.6,0.02,3.8,-0.06,0.79,-9.23
0.02,-0.27,1.6,0.02,3.86,-0.03,0.69,-9.7
0.02,-0.29,1.58,0.01,3.91,0.01,0.66,-10.42
0.03,-0.32,1.56,0.0,3.97,0.06,0.94,-11.52
0.04,-0.34,1.51,0.04,4.25,-0.04,1.56,-12.77
0.05,-0.36,1.46,-0.08,4.05,0.17,2.01,-14.02
0.07,-0.39,1.46,-0.13,4.13,0.24,2.55,-14.85
0.07,-0.42,1.45,-0.16,4.19,0.29,2.66,-15.99
0.09,-0.45,1.46,-0.14,4.24,0.34,3.26,-17.15
0.1,-0.47,1.44,-0.14,4.31,0.37,3.65,-17.99
0.1,-0.49,1.4,-0.14,4.34,0.38,3.99,-19.15
0.1,-0.5,1.36,-0.11,4.34,0.38,4.11,-20.21
0.1,-0.53,1.32,-0.09,4.33,0.37,4.19,-21.77
0.1,-0.54,1.28,-0.07,4.34,0.35,4.31,-22.72
0.11,-0.53,1.25,-0.07,4.34,0.36,4.73,-22.97
0.13,-0.56,1.24,-0.05,4.34,0.36,5.43,-24.19
0.15,-0.6,1.22,-0.02,4.32,0.36,6.09,-25.96
0.16,-0.62,1.19,-0.01,4.33,0.35,6.6,-27.17
0.17,-0.64,1.15,0.01,4.34,0.34,7.29,-28.97
0.18,-0.64,1.1,-0.02,4.34,0.34,7.93,-29.95
0.18,-0.62,1.05,-0.04,4.34,0.34,8.33,-29.96
0.17,-0.59,1.0,-0.04,4.34,0.32,8.42,-30.22
0.18,-0.59,0.97,-0.1,4.34,0.39,9.04,-31.12
0.17,-0.58,0.93,-0.15,4.34,0.41,8.79,-31.47
0.16,-0.56,0.9,-0.17,4.34,0.44,8.83,-31.69
0.15,-0.57,0.86,-0.2,4.34,0.46,8.47,-33.02
0.15,-0.58,0.84,-0.26,4.34,0.5,8.46,-34.33
0.15,-0.61,0.84,-0.29,4.34,0.52,8.23,-35.52
0.14,-0.62,0.85,-0.31,4.34,0.55,7.76,-35.96
0.13,-0.63,0.83,-0.34,4.34,0.58,6.95,-36.79
0.12,-0.62,0.79,-0.31,4.34,0.57,6.83,-37.87
0.1,-0.61,0.78,-0.3,4.34,0.58,5.79,-37.71
0.09,-0.6,0.78,-0.26,4.34,0.62,5.19,-37.22
0.08,-0.58,0.76,-0.19,4.34,0.55,4.6,-37.27
0.06,-0.55,0.74,-0.15,4.34,0.65,3.52,-36.86
0.04,-0.53,0.71,-0.09,4.34,0.68,2.64,-36.61
0.05,-0.51,0.69,-0.05,4.32,0.7,3.06,-36.71
0.04,-0.51,0.66,0.02,4.3,0.72,2.51,-37.41
0.04,-0.52,0.63,0.12,4.27,0.74,2.75,-39.15
0.06,-0.53,0.61,0.21,4.25,0.75,4.16,-40.68
0.08,-0.52,0.6,0.33,4.22,0.75,6.1,-40.6
0.1,-0.5,0.55,0.46,4.14,0.73,8.04,-41.3
0.11,-0.46,0.5,0.55,4.09,0.71,9.37,-42.11
0.12,-0.4,0.42,0.61,4.06,0.68,11.77,-42.44
0.14,-0.35,0.38,0.65,3.98,0.66,15.58,-41.46
0.16,-0.32,0.32,0.66,3.92,0.63,19.13,-41.29
0.16,-0.27,0.3,0.64,3.88,0.63,22.1,-38.3
0.19,-0.23,0.28,0.62,3.8,0.61,26.99,-34.36
0.19,-0.2,0.27,0.6,3.73,0.6,29.72,-30.61
0.18,-0.16,0.26,0.6,3.65,0.59,31.13,-25.8
0.19,-0.12,0.26,0.58,3.56,0.57,33.22,-21.52
0.2,-0.09,0.24,0.54,3.5,0.55,37.34,-16.8
0.19,-0.06,0.22,0.51,3.42,0.53,39.47,-11.34
0.19,-0.02,0.22,0.47,3.35,0.5,39.77,-3.78
0.2,0.01,0.24,0.45,3.27,0.49,38.89,2.21
0.19,0.07,0.25,0.42,3.2,0.48,36.84,12.04
0.17,0.07,0.25,0.41,3.12,0.48,33.75,13.84
0.16,0.1,0.25,0.39,3.03,0.45,31.34,18.4
0.16,0.13,0.26,0.39,2.91,0.45,28.79,23.21
0.16,0.15,0.27,0.35,2.81,0.42,27.18,26.46
0.16,0.16,0.27,0.31,2.71,0.41,26.29,27.17
0.14,0.15,0.27,0.32,2.6,0.38,24.61,26.4
0.15,0.13,0.29,0.33,2.56,0.33,25.53,21.81
0.16,0.15,0.31,0.34,2.51,0.31,24.53,23.67
0.14,0.18,0.33,0.36,2.43,0.29,21.36,26.17
0.14,0.21,0.36,0.47,2.52,0.13,18.61,28.24
0.16,0.24,0.37,0.42,2.24,0.26,20.01,30.81
0.16,0.25,0.37,0.43,2.14,0.23,20.06,31.95
0.14,0.29,0.36,0.39,2.06,0.21,17.1,36.91
0.14,0.31,0.39,0.37,1.97,0.17,16.09,36.61
0.15,0.34,0.39,0.35,1.88,0.17,15.8,39.25
0.15,0.37,0.4,0.28,1.83,0.18,14.95,40.82
0.16,0.39,0.41,0.2,1.75,0.18,15.34,41.62
0.14,0.41,0.41,0.2,1.86,0.04,13.38,43.25
0.13,0.41,0.43,0.04,1.61,0.19,12.34,42.58
0.13,0.41,0.46,-0.05,1.55,0.18,11.67,40.87
0.11,0.41,0.5,-0.05,1.66,0.06,10.04,38.92
0.11,0.4,0.53,-0.17,1.39,0.18,9.28,36.49
0.11,0.38,0.55,-0.17,1.26,0.17,8.99,34.24
0.09,0.37,0.57,-0.2,1.17,0.15,7.31,32.2
0.08,0.32,0.61,-0.23,1.1,0.13,6.51,27.17
0.07,0.27,0.64,-0.2,0.98,0.11,5.87,22.86
0.08,0.21,0.66,-0.16,0.9,0.07,6.35,17.79
0.08,0.16,0.7,-0.13,0.82,0.03,6.73,13.09
0.08,0.13,0.73,-0.05,0.75,-0.0,6.24,10.35
0.08,0.11,0.74,0.07,0.83,-0.15,6.02,8.62
0.08,0.11,0.74,0.07,0.65,-0.06,6.35,8.55
0.08,0.15,0.76,0.11,0.64,-0.08,5.62,11.31
0.07,0.18,0.77,0.12,0.62,-0.07,5.39,13.23
0.07,0.21,0.76,0.11,0.59,-0.04,4.99,15.52
0.07,0.23,0.77,0.08,0.58,-0.02,4.69,16.43
0.06,0.26,0.77,0.01,0.59,0.01,4.56,18.54
0.06,0.27,0.79,-0.06,0.58,0.06,4.28,18.67
0.06,0.27,0.8,-0.13,0.56,0.11,3.88,18.66
0.05,0.27,0.81,-0.19,0.52,0.14,3.36,18.23
0.04,0.24,0.82,-0.24,0.5,0.18,2.95,15.97
0.04,0.22,0.83,-0.27,0.47,0.2,2.54,14.53
0.03,0.2,0.85,-0.28,0.45,0.2,1.98,13.34
0.03,0.18,0.87,-0.27,0.41,0.21,1.71,11.79
0.03,0.16,0.88,-0.27,0.36,0.21,1.62,10.5
0.03,0.13,0.88,-0.22,0.32,0.19,1.91,8.66
0.02,0.11,0.89,-0.18,0.28,0.16,1.43,6.82
0.02,0.09,0.9,-0.12,0.22,0.14,1.29,5.96
0.02,0.09,0.9,-0.07,0.18,0.1,1.58,5.61
0.02,0.08,0.9,-0.04,0.16,0.07,1.44,5.13
0.02,0.09,0.9,-0.0,0.12,0.04,0.99,5.56
0.02,0.11,0.9,0.03,0.1,0.02,1.06,6.77
0.01,0.12,0.9,0.05,0.08,0.03,0.91,7.46
0.02,0.13,0.89,0.05,0.08,0.03,1.27,8.56
0.02,0.15,0.89,0.01,0.08,0.06,1.24,9.47
0.02,0.16,0.91,-0.03,0.08,0.1,1.26,9.98
0.01,0.16,0.91,-0.1,0.11,0.14,0.63,9.67
0.0,0.15,0.92,-0.14,0.13,0.2,0.2,9.43
0.0,0.14,0.94,-0.19,0.12,0.25,0.17,8.55
0.0,0.12,0.96,-0.18,0.09,0.3,0.06,6.99
-0.01,0.09,0.97,-0.18,0.08,0.34,-0.33,5.58
-0.0,0.08,0.98,-0.19,0.08,0.36,-0.03,4.77
0.01,0.06,0.99,-0.15,0.05,0.38,0.58,3.62
0.02,0.04,0.98,-0.13,0.01,0.41,1.44,2.62
0.03,0.01,0.97,-0.11,-0.01,0.41,1.57,0.73
0.05,-0.02,0.96,-0.08,-0.01,0.38,3.13,-1.01
0.08,-0.05,0.94,-0.05,-0.02,0.37,4.62,-3.12
0.1,-0.07,0.92,0.08,0.13,0.18,6.23,-4.06
0.11,-0.06,0.92,0.08,-0.02,0.25,6.7,-3.55
0.11,-0.02,0.92,0.12,-0.02,0.2,6.96,-1.39
0.11,-0.0,0.92,0.13,-0.03,0.14,6.86,-0.05
0.12,0.02,0.91,0.16,-0.04,0.08,7.59,1.45
0.11,0.06,0.92,0.21,0.1,-0.1,6.96,3.5
0.1,0.07,0.92,0.13,-0.04,0.02,6.3,4.49
0.1,0.08,0.93,0.06,-0.05,0.04,6.09,4.73
0.08,0.07,0.92,0.02,-0.04,0.03,5.25,4.56
0.08,0.07,0.93,-0.0,-0.04,0.05,4.82,4.52
0.09,0.07,0.95,-0.07,-0.02,0.08,5.24,3.95
0.08,0.05,0.94,-0.12,-0.0,0.11,4.99,3.2
0.08,0.04,0.93,-0.15,0.0,0.14,5.06,2.24
0.08,0.01,0.94,-0.17,0.03,0.14,4.75,0.71
0.08,-0.0,0.95,-0.17,0.03,0.16,4.88,-0.19
0.08,-0.01,0.95,-0.15,0.07,0.1,5.07,-0.53
0.08,-0.02,0.94,-0.11,0.15,0.02,4.85,-1.18
0.08,-0.03,0.94,-0.22,-0.05,0.17,4.68,-1.99
0.07,-0.03,0.93,-0.17,-0.01,0.12,4.3,-2.01
0.06,-0.03,0.93,-0.19,0.03,0.08,3.81,-1.97
0.06,-0.05,0.93,-0.14,0.02,0.06,3.61,-2.89
0.06,-0.04,0.95,-0.1,0.01,0.04,3.39,-2.58
0.07,-0.05,0.95,-0.07,0.01,0.04,4.01,-2.8
0.08,-0.05,0.95,0.0,-0.01,0.03,4.63,-3.01
0.08,-0.04,0.93,-0.04,-0.11,0.1,5.07,-2.76
0.09,-0.04,0.92,0.03,-0.04,-0.01,5.75,-2.19
0.09,-0.01,0.92,0.07,-0.04,-0.04,5.52,-0.92
0.08,0.0,0.91,0.05,-0.02,-0.06,4.82,0.07
0.06,0.01,0.91,0.03,-0.01,-0.06,3.98,0.8
0.06,0.01,0.92,0.06,-0.01,-0.06,3.88,0.8
0.07,0.02,0.92,0.07,0.01,-0.03,4.46,1.03
0.07,0.04,0.92,0.03,0.04,-0.0,4.59,2.19
0.07,0.06,0.92,0.04,0.02,0.02,4.41,3.97
0.06,0.08,0.9,0.0,0.08,-0.04,4.05,5.11
0.06,0.08,0.9,-0.06,0.0,0.06,3.93,5.33
0.07,0.08,0.9,-0.01,0.15,-0.09,4.27,4.88
0.07,0.08,0.92,-0.09,-0.0,0.07,4.1,5.03
0.06,0.08,0.92,-0.08,-0.04,0.08,3.52,5.26
0.06,0.07,0.92,-0.13,-0.13,0.14,3.64,4.33
0.07,0.05,0.91,-0.11,-0.1,0.1,4.67,3.13
0.09,0.02,0.91,-0.1,-0.13,0.08,5.41,1.53
0.09,0.0,0.9,-0.06,-0.14,0.04,5.98,0.13
0.09,-0.02,0.9,-0.07,-0.15,0.01,5.89,-1.19
0.1,-0.01,0.9,-0.07,-0.12,-0.02,6.3,-0.64
0.09,-0.02,0.92,-0.05,-0.15,-0.05,5.67,-1.07
0.08,-0.02,0.93,-0.04,-0.15,-0.08,5.07,-1.15
0.07,-0.02,0.93,-0.03,-0.17,-0.09,4.54,-1.05
0.07,-0.02,0.94,-0.05,-0.16,-0.1,4.09,-0.99
0.06,-0.02,0.95,-0.02,-0.16,-0.09,3.57,-1.21
0.06,-0.03,0.97,0.04,-0.03,-0.24,3.52,-2.02
0.08,-0.05,0.96,0.01,-0.17,-0.07,4.95,-2.69
0.08,-0.04,0.96,0.0,-0.14,-0.06,4.85,-2.52
0.09,-0.03,0.95,-0.02,-0.12,-0.04,5.16,-2.02
0.08,-0.02,0.95,-0.01,-0.12,-0.05,5.08,-0.92
0.08,-0.01,0.96,-0.04,-0.11,-0.04,4.92,-0.79
0.08,-0.02,0.96,-0.05,-0.12,-0.04,4.73,-0.94
0.06,-0.02,0.95,-0.09,-0.09,-0.05,3.72,-0.99
0.06,-0.03,0.96,-0.08,-0.09,-0.05,3.68,-1.58
0.06,-0.02,0.97,-0.09,-0.1,-0.04,3.74,-1.09
0.05,-0.02,0.97,-0.11,-0.07,-0.03,3.14,-1.3
0.05,-0.04,0.97,-0.12,-0.07,-0.01,3.18,-2.34
0.05,-0.03,0.97,-0.13,-0.07,-0.01,3.06,-1.96
0.06,-0.04,0.97,-0.15,-0.05,-0.03,3.24,-2.5
0.05,-0.06,0.98,-0.18,-0.05,0.0,2.8,-3.49
0.05,-0.09,0.99,-0.15,-0.03,-0.0,2.88,-4.98
0.05,-0.09,0.99,-0.13,-0.01,-0.01,3.1,-5.25
0.05,-0.09,1.0,-0.14,-0.06,0.01,2.62,-5.36
0.04,-0.08,1.0,-0.08,-0.01,-0.04,2.37,-4.85
0.03,-0.06,1.0,-0.03,0.0,-0.05,1.98,-3.7
0.04,-0.05,1.0,0.04,-0.02,-0.05,2.14,-3.03
0.04,-0.04,1.0,0.06,-0.01,-0.07,2.4,-2.03
0.05,-0.01,0.99,0.08,-0.03,-0.03,2.99,-0.86
0.07,-0.01,0.96,0.1,-0.03,-0.03,4.08,-0.67
0.07,0.01,0.94,0.1,-0.04,-0.03,4.47,0.37
0.08,0.03,0.94,0.07,0.0,-0.05,4.85,1.95
0.08,0.04,0.95,-0.01,0.0,-0.03,4.53,2.43
0.08,0.04,0.96,-0.04,0.01,0.0,4.9,2.19
0.08,0.03,0.96,-0.01,0.17,-0.13,4.61,1.69
0.06,0.02,0.96,-0.1,0.04,0.01,3.86,1.25
0.06,0.02,0.96,-0.15,0.06,0.02,3.3,0.94
0.05,0.01,0.97,-0.18,0.08,0.04,2.73,0.57
0.04,0.0,0.98,-0.17,0.07,0.05,2.39,0.03
0.04,-0.02,0.98,-0.16,0.05,0.05,2.29,-1.15
0.04,-0.04,0.98,-0.16,0.06,0.06,2.14,-2.25
0.04,-0.05,0.98,-0.14,0.06,0.05,2.38,-2.77
0.03,-0.04,0.98,-0.1,0.07,0.04,1.75,-2.62
0.03,-0.04,0.97,-0.04,0.04,0.03,2.0,-2.59
0.03,-0.04,0.97,-0.01,0.05,0.02,2.0,-2.14
0.03,-0.03,0.97,0.0,0.05,0.02,1.96,-1.56
0.05,-0.02,0.97,0.06,0.02,0.01,2.82,-1.07
0.05,-0.01,0.95,0.1,-0.01,0.0,3.07,-0.38
0.06,0.01,0.95,0.12,-0.01,-0.01,3.46,0.7
0.06,0.03,0.94,0.1,-0.01,-0.02,3.6,2.03
0.07,0.05,0.94,0.08,-0.02,-0.01,4.0,2.84
0.06,0.05,0.92,0.08,-0.02,-0.01,3.45,3.24
0.06,0.05,0.92,0.06,-0.02,-0.0,3.52,3.32
0.07,0.06,0.92,0.04,-0.02,0.01,4.12,3.67
0.06,0.06,0.91,-0.03,-0.0,0.04,3.97,3.71
0.06,0.06,0.91,-0.04,-0.01,0.05,3.58,3.93
0.06,0.06,0.94,-0.07,-0.02,0.06,3.53,3.9
0.06,0.04,0.93,-0.11,-0.01,0.06,3.87,2.68
0.07,0.02,0.92,-0.15,-0.01,0.06,4.2,1.48
0.07,0.02,0.92,-0.08,0.1,-0.08,4.35,1.0
0.07,0.0,0.93,-0.1,0.07,-0.05,4.14,0.3
0.07,-0.0,0.94,-0.15,-0.05,0.05,4.05,-0.1
0.07,-0.03,0.96,-0.15,-0.07,0.05,3.95,-1.66
0.09,-0.04,0.94,-0.07,0.06,-0.1,5.31,-2.55
0.08,-0.06,0.94,-0.09,-0.08,0.0,4.86,-3.92
0.08,-0.08,0.93,-0.07,-0.07,-0.02,4.64,-4.66
0.07,-0.06,0.95,-0.07,-0.03,-0.03,3.96,-3.79
0.06,-0.04,0.97,0.01,0.13,-0.17,3.46,-2.13
0.05,-0.02,0.98,-0.02,-0.02,-0.0,2.8,-0.98
0.05,-0.0,0.97,0.0,-0.03,0.02,2.91,-0.28
0.05,-0.0,0.96,-0.0,-0.04,0.04,3.13,-0.23
0.05,-0.0,0.94,0.02,-0.05,0.03,3.29,-0.11
0.06,-0.0,0.94,0.02,-0.04,0.03,3.76,-0.02
0.07,0.01,0.94,0.03,-0.04,0.02,4.33,0.84
0.07,0.03,0.93,0.01,-0.02,0.03,4.32,1.9
0.08,0.04,0.92,0.02,-0.02,0.04,5.06,2.58
0.09,0.05,0.91,0.02,-0.04,0.05,5.84,2.86
0.09,0.05,0.89,0.02,-0.04,0.04,5.97,3.07
0.1,0.05,0.89,0.0,-0.03,0.02,6.55,3.27
0.1,0.05,0.89,-0.02,-0.03,0.0,6.64,3.4
0.1,0.06,0.89,-0.0,-0.05,-0.02,6.41,4.13
0.09,0.08,0.88,-0.0,-0.07,-0.04,5.94,5.29
0.09,0.09,0.87,-0.01,-0.09,-0.07,5.86,5.58
0.08,0.09,0.87,-0.03,-0.1,-0.07,5.53,6.04
0.08,0.1,0.87,-0.04,-0.13,-0.08,5.22,6.25
0.07,0.11,0.87,-0.04,-0.13,-0.08,4.59,7.4
0.07,0.12,0.86,-0.05,-0.13,-0.08,4.36,8.06
0.06,0.13,0.86,-0.06,-0.16,-0.08,3.73,8.64
0.06,0.14,0.85,-0.04,-0.19,-0.08,3.8,9.26
0.06,0.15,0.86,-0.07,-0.21,-0.08,3.72,10.16
0.05,0.17,0.85,-0.08,-0.23,-0.08,3.37,11.02
0.05,0.17,0.85,-0.1,-0.29,-0.08,3.02,11.59
0.05,0.17,0.85,-0.12,-0.31,-0.07,3.09,11.47
0.05,0.16,0.84,-0.16,-0.43,-0.01,3.04,10.8
0.05,0.15,0.84,-0.15,-0.38,-0.07,3.04,10.17
0.06,0.13,0.84,-0.14,-0.41,-0.07,3.76,8.82
0.07,0.11,0.83,-0.12,-0.46,-0.08,4.43,7.22
0.08,0.08,0.83,-0.13,-0.49,-0.1,5.55,5.16
0.08,0.06,0.82,-0.13,-0.48,-0.13,5.45,4.39
0.07,0.05,0.84,-0.13,-0.5,-0.16,4.99,3.6
0.05,0.06,0.85,-0.12,-0.51,-0.19,3.06,3.74
0.04,0.06,0.87,-0.1,-0.53,-0.19,2.87,3.84
0.03,0.06,0.88,-0.08,-0.56,-0.19,2.14,3.87
0.03,0.06,0.88,-0.08,-0.57,-0.17,1.98,3.73
0.02,0.05,0.88,-0.04,-0.6,-0.18,1.63,2.99
0.03,0.04,0.89,-0.02,-0.62,-0.18,1.82,2.6
0.03,0.05,0.89,-0.01,-0.62,-0.17,2.1,3.45
0.03,0.07,0.89,-0.0,-0.64,-0.16,2.11,4.54
0.03,0.09,0.88,-0.01,-0.66,-0.15,2.15,5.79
0.04,0.08,0.89,-0.02,-0.68,-0.12,2.38,5.29
0.04,0.08,0.88,-0.05,-0.67,-0.1,2.59,5.27
0.05,0.06,0.88,-0.05,-0.68,-0.09,3.32,4.02
0.06,0.05,0.87,-0.05,-0.68,-0.07,3.64,3.35
0.07,0.06,0.87,-0.03,-0.68,-0.11,4.61,3.98
0.08,0.06,0.88,-0.04,-0.73,-0.07,4.88,3.57
0.09,0.03,0.88,-0.03,-0.75,-0.09,5.7,2.07
0.09,0.01,0.87,-0.03,-0.77,-0.12,6.12,0.68
0.1,0.02,0.86,-0.02,-0.78,-0.17,6.7,1.1
0.1,0.01,0.86,-0.03,-0.78,-0.21,6.72,0.69
0.09,0.0,0.87,-0.02,-0.75,-0.22,6.09,0.26
0.09,0.03,0.88,-0.04,-0.76,-0.22,5.71,1.67
0.08,0.04,0.89,-0.04,-0.78,-0.24,5.44,2.82
0.09,0.04,0.89,-0.06,-0.78,-0.23,5.54,2.73
0.09,0.04,0.88,-0.09,-0.78,-0.23,5.75,2.85
0.08,0.04,0.87,-0.09,-0.79,-0.24,5.09,2.47
0.08,0.04,0.88,-0.1,-0.78,-0.25,5.18,2.31
0.07,0.04,0.9,-0.14,-0.77,-0.26,4.63,2.55
0.07,0.06,0.91,-0.16,-0.76,-0.24,4.25,3.46
0.06,0.07,0.9,-0.16,-0.81,-0.22,4.0,4.28
0.06,0.06,0.89,-0.16,-0.8,-0.27,3.76,4.14
0.05,0.04,0.89,-0.19,-0.84,-0.2,3.36,2.82
0.05,0.03,0.9,-0.21,-0.84,-0.19,3.17,1.89
0.04,0.03,0.9,-0.26,-0.91,-0.15,2.48,1.85
0.03,0.03,0.91,-0.21,-0.85,-0.16,1.72,1.72
0.02,0.03,0.91,-0.16,-0.84,-0.16,1.32,2.0
0.02,0.04,0.92,-0.14,-0.85,-0.14,1.4,2.27
0.03,0.04,0.91,-0.08,-0.9,-0.13,1.66,2.37
0.03,0.04,0.89,-0.05,-0.93,-0.14,1.63,2.67
0.03,0.04,0.88,-0.02,-0.96,-0.15,1.72,2.52
0.03,0.04,0.88,-0.0,-0.95,-0.17,2.0,2.8
0.04,0.06,0.88,0.03,-0.97,-0.15,2.38,4.1
0.05,0.08,0.87,0.04,-1.0,-0.13,3.21,4.97
0.06,0.08,0.85,0.04,-1.02,-0.13,3.9,5.58
0.06,0.08,0.83,0.04,-1.04,-0.12,4.17,5.51
0.07,0.08,0.83,0.03,-1.07,-0.13,5.12,5.71
0.09,0.09,0.83,-0.0,-1.1,-0.15,6.38,5.95
0.1,0.08,0.82,-0.06,-1.12,-0.17,6.68,5.27
0.1,0.06,0.81,-0.13,-1.12,-0.18,6.74,4.23
0.09,0.03,0.82,-0.18,-1.12,-0.2,6.32,2.32
0.08,0.02,0.84,-0.22,-1.11,-0.21,5.4,1.26
0.06,0.02,0.86,-0.23,-1.11,-0.19,4.28,1.08
0.05,0.01,0.88,-0.2,-1.03,-0.31,3.38,0.9
0.05,0.01,0.89,-0.24,-1.15,-0.15,2.99,0.87
0.04,-0.01,0.89,-0.23,-1.18,-0.14,2.88,-0.39
0.04,-0.02,0.9,-0.21,-1.19,-0.16,2.24,-1.25
0.03,-0.04,0.91,-0.2,-1.2,-0.16,2.18,-2.33
0.04,-0.05,0.92,-0.17,-1.22,-0.17,2.45,-2.89
0.05,-0.04,0.92,-0.12,-1.25,-0.15,3.1,-2.62
0.05,-0.05,0.93,-0.11,-1.28,-0.15,3.32,-3.26
0.06,-0.05,0.92,-0.1,-1.27,-0.15,3.71,-3.22
0.06,-0.07,0.91,-0.09,-1.26,-0.14,3.92,-4.22
0.06,-0.07,0.92,-0.08,-1.25,-0.15,3.7,-4.15
0.07,-0.06,0.93,-0.09,-1.23,-0.13,4.25,-3.75
0.09,-0.06,0.94,-0.07,-1.24,-0.13,5.31,-3.79
0.09,-0.08,0.91,-0.09,-1.23,-0.12,5.34,-4.75
0.08,-0.1,0.9,-0.07,-1.23,-0.13,5.05,-6.37
0.09,-0.09,0.92,-0.08,-1.21,-0.16,5.37,-5.69
0.09,-0.09,0.92,-0.06,-1.16,-0.17,5.6,-5.62
0.09,-0.06,0.93,-0.05,-1.16,-0.17,5.55,-3.82
0.1,-0.05,0.92,-0.03,-1.19,-0.16,5.91,-3.4
0.08,-0.04,0.91,-0.03,-1.21,-0.17,5.33,-2.39
0.09,-0.04,0.89,-0.02,-1.21,-0.19,5.43,-2.51
0.08,-0.03,0.9,-0.02,-1.22,-0.21,5.12,-1.8
0.08,-0.03,0.91,-0.04,-1.24,-0.2,5.26,-1.96
0.08,-0.03,0.91,-0.04,-1.24,-0.27,5.05,-2.03
0.08,-0.05,0.91,-0.09,-1.27,-0.21,5.31,-3.23
0.07,-0.06,0.92,-0.1,-1.25,-0.21,4.53,-3.91
0.06,-0.07,0.93,-0.12,-1.24,-0.21,3.98,-4.37
0.05,-0.06,0.95,-0.09,-1.22,-0.27,3.04,-3.83
0.04,-0.05,0.96,-0.09,-1.24,-0.2,2.26,-3.19
0.03,-0.05,0.96,-0.06,-1.22,-0.21,1.76,-2.71
0.04,-0.06,0.96,-0.03,-1.26,-0.2,2.23,-3.32
0.05,-0.07,0.96,-0.01,-1.28,-0.21,2.88,-4.38
0.06,-0.1,0.95,0.03,-1.3,-0.23,3.75,-5.75
0.07,-0.1,0.93,0.02,-1.28,-0.25,4.1,-6.2
0.07,-0.09,0.92,-0.01,-1.27,-0.26,4.2,-5.53
0.06,-0.06,0.93,-0.01,-1.25,-0.26,3.69,-3.44
0.05,-0.01,0.94,-0.01,-1.23,-0.23,2.94,-0.85
0.05,-0.0,0.95,-0.09,-1.22,-0.18,2.93,-0.04
0.06,-0.01,0.93,-0.1,-1.23,-0.13,3.81,-0.48
0.07,-0.03,0.9,-0.15,-1.23,-0.14,4.2,-1.79
0.06,-0.04,0.94,-0.22,-1.24,-0.09,3.73,-2.18
0.07,-0.06,0.94,-0.23,-1.23,-0.09,4.41,-3.87
0.09,-0.09,0.95,-0.28,-1.21,-0.08,5.08,-5.14
0.08,-0.11,0.98,-0.25,-1.22,-0.08,4.71,-6.29
0.08,-0.12,1.0,-0.24,-1.21,-0.08,4.4,-6.62
0.07,-0.12,0.99,-0.26,-1.17,-0.1,3.78,-6.96
0.06,-0.11,1.0,-0.23,-1.17,-0.12,3.21,-6.2
0.06,-0.09,1.02,-0.18,-1.16,-0.12,3.11,-5.24
0.05,-0.09,1.03,-0.13,-1.17,-0.13,2.88,-5.17
0.06,-0.1,1.03,-0.08,-1.18,-0.14,3.37,-5.37
0.06,-0.09,1.03,-0.04,-1.2,-0.14,3.58,-5.04
0.06,-0.09,1.01,0.01,-1.19,-0.14,3.47,-4.93
0.06,-0.09,1.02,0.04,-1.21,-0.17,3.19,-4.81
0.07,-0.08,1.02,0.07,-1.19,-0.19,3.69,-4.24
0.08,-0.07,1.01,0.09,-1.21,-0.18,4.34,-3.75
0.08,-0.06,0.99,0.12,-1.21,-0.2,4.78,-3.18
0.08,-0.05,0.97,0.1,-1.2,-0.18,4.68,-2.89
0.08,-0.04,0.97,0.05,-1.17,-0.17,4.83,-2.29
0.08,-0.04,0.97,0.02,-1.16,-0.15,4.76,-2.17
0.09,-0.03,0.98,0.08,-1.02,-0.3,5.29,-2.03
0.08,-0.04,0.97,-0.01,-1.14,-0.14,4.95,-2.12
0.08,-0.03,0.95,-0.04,-1.15,-0.13,4.93,-1.52
0.07,-0.03,0.95,-0.09,-1.13,-0.11,4.45,-1.63
0.08,-0.05,0.97,-0.12,-1.13,-0.11,4.62,-2.73
0.09,-0.08,1.01,-0.16,-1.21,-0.08,5.18,-4.53
0.09,-0.1,1.01,-0.15,-1.14,-0.14,5.04,-5.38
0.09,-0.11,1.01,-0.13,-1.15,-0.16,5.04,-6.22
0.07,-0.09,1.02,-0.13,-1.15,-0.19,3.83,-5.05
0.05,-0.08,1.03,-0.12,-1.14,-0.19,2.97,-4.39
0.03,-0.05,1.04,-0.13,-1.1,-0.19,1.42,-2.78
0.02,-0.04,1.05,-0.1,-1.1,-0.16,0.96,-2.42
0.04,-0.03,1.05,-0.09,-1.1,-0.12,2.0,-1.83
0.05,-0.04,1.05,-0.06,-1.13,-0.09,2.65,-2.32
0.06,-0.07,1.04,-0.06,-1.12,-0.09,3.02,-3.74
0.06,-0.07,1.03,-0.08,-1.08,-0.08,3.16,-4.09
0.05,-0.06,1.01,-0.08,-1.07,-0.09,2.97,-3.51
0.05,-0.04,1.01,-0.08,-1.03,-0.08,2.57,-2.07
0.04,-0.01,1.01,-0.08,-1.02,-0.04,2.21,-0.48
0.04,-0.01,1.01,-0.08,-1.03,-0.0,2.42,-0.54
0.05,-0.02,1.0,-0.07,-1.06,0.03,2.64,-0.89
0.05,-0.03,0.99,-0.03,-1.08,0.02,2.86,-1.89
0.05,-0.05,0.98,-0.04,-1.08,-0.04,2.97,-2.69
0.06,-0.04,0.96,-0.02,-1.05,-0.02,3.39,-2.55
0.06,-0.04,0.97,-0.0,-1.06,-0.03,3.69,-2.13
0.06,-0.03,0.96,0.05,-1.05,-0.09,3.82,-1.63
0.07,-0.03,0.95,0.04,-1.09,-0.04,4.22,-1.54
0.07,-0.03,0.94,0.04,-1.08,-0.07,4.51,-1.7
0.09,-0.03,0.93,0.07,-1.11,-0.08,5.45,-1.95
0.1,-0.03,0.93,0.1,-1.12,-0.12,6.07,-1.97
0.1,-0.02,0.92,0.11,-1.15,-0.14,6.37,-1.23
0.11,-0.02,0.91,0.08,-1.18,-0.17,6.9,-1.15
0.11,-0.02,0.92,0.06,-1.21,-0.19,6.72,-1.35
0.11,-0.02,0.93,0.02,-1.24,-0.2,6.47,-1.31
0.11,-0.03,0.93,-0.02,-1.24,-0.2,6.46,-1.59
0.1,-0.04,0.94,-0.11,-1.22,-0.19,6.0,-2.16
0.08,-0.05,0.96,-0.16,-1.21,-0.16,4.97,-2.86
0.06,-0.06,0.99,-0.18,-1.19,-0.15,3.6,-3.2
0.04,-0.04,1.01,-0.21,-1.15,-0.11,2.09,-2.42
0.02,-0.04,1.02,-0.23,-1.12,-0.06,1.05,-2.27
0.0,-0.03,1.04,-0.21,-1.12,-0.02,0.08,-1.7
-0.02,-0.03,1.05,-0.19,-1.13,0.01,-0.83,-1.66
-0.01,-0.04,1.05,-0.15,-1.14,0.05,-0.4,-2.03
-0.01,-0.05,1.06,-0.09,-1.14,0.06,-0.33,-2.47
-0.0,-0.05,1.05,-0.04,-1.14,0.07,-0.27,-2.78
0.02,-0.07,1.04,0.06,-1.15,0.07,0.95,-4.05
0.04,-0.09,1.04,0.12,-1.15,0.05,2.46,-4.87
0.07,-0.09,1.02,0.18,-1.12,0.02,3.87,-4.9
0.09,-0.08,1.0,0.21,-1.14,-0.01,5.35,-4.54
0.11,-0.07,0.96,0.26,-1.16,-0.05,6.68,-3.85
0.12,-0.05,0.93,0.25,-1.19,-0.12,7.4,-2.81
0.13,-0.04,0.93,0.23,-1.22,-0.15,7.87,-2.67
0.13,-0.05,0.9,0.18,-1.24,-0.19,8.28,-2.87
0.13,-0.04,0.89,0.19,-1.12,-0.34,8.06,-2.26
0.12,-0.03,0.9,0.08,-1.23,-0.23,7.74,-1.65
0.11,-0.02,0.9,-0.03,-1.24,-0.17,7.19,-1.3
0.11,-0.03,0.92,-0.09,-1.23,-0.14,6.68,-2.05
0.09,-0.05,0.96,-0.18,-1.22,-0.12,5.32,-3.0
0.07,-0.05,1.01,-0.2,-1.17,-0.19,4.11,-3.03
0.04,-0.06,1.04,-0.24,-1.18,-0.08,2.01,-3.56
0.02,-0.07,1.05,-0.26,-1.12,-0.06,0.9,-3.67
0.0,-0.05,1.07,-0.22,-1.13,-0.04,0.18,-2.62
0.01,-0.04,1.06,-0.19,-1.1,-0.02,0.54,-2.06
0.0,-0.03,1.06,-0.16,-1.11,0.01,0.13,-1.57
0.01,-0.03,1.03,-0.13,-1.11,0.02,0.33,-1.6
0.01,-0.04,1.02,-0.1,-1.12,0.03,0.31,-2.12
0.02,-0.04,1.01,-0.05,-1.12,0.03,1.02,-1.99
0.02,-0.03,0.99,-0.03,-1.14,0.03,1.3,-2.0
0.03,-0.03,0.97,0.01,-1.11,0.03,2.05,-1.97
0.05,-0.03,0.96,0.05,-1.13,0.03,2.73,-1.99
0.06,-0.04,0.95,0.1,-1.15,0.03,3.31,-2.33
0.07,-0.05,0.93,0.11,-1.15,0.01,4.47,-2.86
0.08,-0.05,0.92,0.14,-1.18,-0.01,4.87,-3.38
0.09,-0.05,0.9,0.16,-1.19,-0.05,5.56,-3.2
0.1,-0.05,0.9,0.18,-1.24,-0.08,6.27,-3.3
0.11,-0.06,0.9,0.19,-1.29,-0.12,6.85,-3.6
0.11,-0.08,0.9,0.16,-1.31,-0.17,7.07,-4.88
0.13,-0.09,0.92,0.12,-1.34,-0.21,7.86,-5.46
0.13,-0.1,0.94,0.1,-1.36,-0.25,7.64,-6.27
0.12,-0.12,0.98,0.07,-1.37,-0.29,6.98,-6.79
0.12,-0.13,1.02,0.03,-1.36,-0.32,6.63,-6.94
0.11,-0.12,1.06,-0.03,-1.37,-0.34,5.67,-6.47
0.09,-0.12,1.08,-0.04,-1.34,-0.35,4.75,-6.12
0.07,-0.1,1.09,-0.08,-1.31,-0.34,3.6,-5.08
0.04,-0.07,1.09,-0.12,-1.27,-0.33,2.35,-3.68
0.02,-0.05,1.1,-0.17,-1.24,-0.29,0.96,-2.41
-0.01,-0.02,1.12,-0.17,-1.2,-0.24,-0.61,-1.2
-0.02,-0.0,1.1,-0.17,-1.17,-0.19,-1.25,-0.2
-0.03,0.01,1.09,-0.16,-1.16,-0.12,-1.43,0.46
-0.05,0.03,1.08,-0.16,-1.13,-0.04,-2.39,1.54
-0.04,0.03,1.07,-0.12,-1.12,0.03,-2.09,1.44
-0.03,0.03,1.04,-0.11,-1.13,0.08,-1.67,1.8
-0.01,0.04,1.0,-0.09,-1.11,0.14,-0.63,2.17
-0.0,0.05,0.96,-0.08,-1.1,0.19,-0.12,2.79
0.01,0.04,0.91,-0.08,-1.09,0.24,0.68,2.75
0.03,0.03,0.87,-0.07,-1.1,0.27,1.77,1.77
0.06,-0.01,0.87,-0.08,-1.13,0.3,3.7,-0.68
0.09,-0.04,0.9,-0.09,-1.15,0.3,5.67,-2.76
0.12,-0.08,0.94,-0.06,-1.19,0.25,7.11,-5.11
0.14,-0.12,0.96,-0.02,-1.25,0.18,8.41,-7.09
0.16,-0.16,0.99,0.01,-1.32,0.06,9.08,-8.86
0.17,-0.19,0.99,0.01,-1.38,-0.06,9.35,-10.54
0.16,-0.18,1.0,0.0,-1.39,-0.21,8.96,-10.24
0.13,-0.15,0.99,-0.0,-1.4,-0.33,7.41,-8.3
0.1,-0.09,0.99,-0.04,-1.41,-0.38,5.67,-5.39
0.07,-0.05,0.98,-0.06,-1.43,-0.39,3.92,-2.78
0.04,-0.01,0.99,-0.1,-1.44,-0.36,2.56,-0.44
0.02,0.02,1.0,-0.14,-1.47,-0.29,1.34,1.03
0.0,0.02,1.02,-0.16,-1.47,-0.21,0.19,1.26
-0.01,0.01,1.03,-0.21,-1.45,-0.12,-0.58,0.43
-0.02,-0.01,1.05,-0.24,-1.41,-0.03,-0.89,-0.4
-0.0,-0.01,1.06,-0.27,-1.36,0.04,-0.18,-0.64
-0.02,-0.0,1.04,-0.29,-1.31,0.11,-1.02,-0.27
-0.0,-0.0,1.02,-0.31,-1.26,0.17,-0.26,-0.25
-0.01,0.01,1.01,-0.31,-1.25,0.24,-0.37,0.83
-0.01,0.02,0.98,-0.31,-1.25,0.3,-0.4,0.97
0.0,0.0,0.96,-0.31,-1.25,0.34,0.01,0.1
0.0,-0.02,0.96,-0.29,-1.26,0.37,0.05,-1.0
0.0,-0.05,0.97,-0.25,-1.28,0.38,0.26,-2.79
0.02,-0.09,1.02,-0.18,-1.33,0.36,0.98,-4.78
0.03,-0.12,1.09,-0.06,-1.38,0.3,1.44,-6.1
0.03,-0.14,1.12,0.06,-1.42,0.19,1.78,-6.99
0.04,-0.15,1.11,0.2,-1.47,0.07,1.91,-7.65
0.05,-0.15,1.08,0.35,-1.51,-0.05,2.8,-8.03
0.07,-0.14,1.04,0.47,-1.53,-0.18,3.72,-7.84
0.08,-0.12,1.01,0.55,-1.59,-0.29,4.47,-6.71
0.09,-0.1,0.99,0.59,-1.63,-0.34,4.9,-5.51
0.09,-0.07,0.98,0.62,-1.7,-0.38,5.05,-4.24
0.09,-0.06,0.98,0.62,-1.75,-0.39,5.32,-3.24
0.11,-0.06,0.96,0.59,-1.76,-0.38,6.51,-3.32
0.12,-0.05,0.97,0.52,-1.76,-0.33,7.11,-2.98
0.14,-0.05,0.96,0.41,-1.74,-0.27,8.02,-3.13
0.14,-0.05,0.96,0.37,-1.61,-0.33,8.36,-3.04
0.14,-0.06,0.98,0.17,-1.69,-0.11,8.29,-3.26
0.14,-0.05,1.0,0.01,-1.63,-0.02,7.79,-2.9
0.13,-0.05,1.02,-0.01,-1.5,-0.09,7.05,-2.99
0.11,-0.05,1.05,-0.17,-1.59,0.11,5.83,-2.78
0.09,-0.05,1.07,-0.26,-1.54,0.15,4.77,-2.45
0.07,-0.05,1.08,-0.29,-1.54,0.18,3.81,-2.58
0.06,-0.04,1.08,-0.24,-1.43,0.04,3.21,-2.03
0.05,-0.03,1.07,-0.32,-1.55,0.15,2.77,-1.75
0.04,-0.03,1.05,-0.33,-1.54,0.2,2.24,-1.62
0.03,-0.03,1.04,-0.28,-1.53,0.21,1.62,-1.78
0.03,-0.04,1.06,-0.28,-1.57,0.23,1.59,-2.31
0.04,-0.07,1.09,-0.23,-1.58,0.15,2.1,-3.68
0.04,-0.07,1.11,-0.21,-1.57,0.17,2.09,-3.7
0.04,-0.08,1.11,-0.16,-1.57,0.13,2.15,-4.2
0.04,-0.07,1.08,-0.04,-1.46,-0.06,2.32,-3.79
0.05,-0.06,1.05,-0.02,-1.55,-0.04,2.82,-3.49
0.06,-0.06,1.01,-0.01,-1.61,0.02,3.16,-3.19
0.08,-0.06,1.03,0.0,-1.62,0.0,4.44,-3.55
0.09,-0.08,1.06,0.06,-1.68,-0.01,4.83,-4.25
0.11,-0.08,1.11,0.06,-1.73,-0.05,5.56,-4.07
0.12,-0.08,1.14,0.07,-1.74,-0.11,5.81,-3.98
0.11,-0.08,1.17,0.07,-1.75,-0.15,5.51,-3.92
0.11,-0.07,1.18,0.08,-1.73,-0.2,5.5,-3.39
0.1,-0.05,1.18,0.02,-1.71,-0.23,5.06,-2.58
0.09,-0.03,1.18,-0.02,-1.67,-0.24,4.6,-1.58
0.08,-0.01,1.17,-0.08,-1.67,-0.21,4.14,-0.45
0.07,0.01,1.18,-0.02,-1.53,-0.34,3.6,0.69
0.06,0.04,1.2,-0.11,-1.61,-0.15,2.66,1.67
0.04,0.04,1.2,-0.14,-1.59,-0.1,2.06,1.87
0.04,0.04,1.2,-0.14,-1.56,-0.07,1.96,1.97
0.04,0.04,1.2,-0.14,-1.53,-0.05,1.8,1.84
0.02,0.05,1.17,-0.17,-1.52,-0.05,0.85,2.46
0.0,0.07,1.15,-0.21,-1.5,-0.02,0.18,3.58
-0.01,0.07,1.12,-0.21,-1.51,0.03,-0.51,3.49
-0.01,0.07,1.12,-0.18,-1.51,0.05,-0.6,3.35
-0.01,0.08,1.11,-0.17,-1.5,0.1,-0.61,4.11
-0.04,0.08,1.09,-0.17,-1.48,0.16,-1.91,4.08
-0.03,0.07,1.09,-0.2,-1.5,0.22,-1.75,3.7
-0.04,0.05,1.12,-0.19,-1.48,0.24,-2.15,2.74
-0.03,0.05,1.15,-0.18,-1.48,0.26,-1.62,2.44
-0.02,0.05,1.18,-0.16,-1.46,0.24,-1.21,2.46
-0.03,0.07,1.19,-0.09,-1.46,0.25,-1.53,3.17
-0.03,0.07,1.23,0.07,-1.35,0.09,-1.43,3.46
-0.02,0.07,1.22,0.05,-1.47,0.19,-0.9,3.5
-0.0,0.08,1.22,0.1,-1.45,0.17,-0.15,3.58
0.02,0.06,1.22,0.21,-1.45,0.15,0.84,2.99
0.04,0.06,1.23,0.32,-1.32,-0.03,1.71,2.68
0.05,0.05,1.21,0.27,-1.41,0.1,2.55,2.28
0.07,0.04,1.18,0.26,-1.4,0.09,3.38,2.17
0.09,0.04,1.17,0.27,-1.4,0.09,4.36,2.02
0.1,0.04,1.16,0.26,-1.35,0.09,4.92,1.89
0.1,0.03,1.15,0.22,-1.37,0.1,4.87,1.72
0.1,0.04,1.14,0.19,-1.37,0.08,5.19,2.13
0.1,0.06,1.14,0.15,-1.37,0.1,4.85,2.76
0.09,0.07,1.16,0.15,-1.36,0.08,4.33,3.36
0.08,0.07,1.17,0.13,-1.39,0.06,3.83,3.35
0.07,0.07,1.17,0.08,-1.38,0.03,3.38,3.63
0.05,0.08,1.19,0.08,-1.37,0.02,2.65,3.8
0.05,0.09,1.19,0.08,-1.38,-0.01,2.38,4.38
0.04,0.11,1.19,0.04,-1.38,-0.03,1.76,5.36
0.02,0.12,1.19,0.04,-1.36,-0.04,1.14,5.5
0.02,0.12,1.2,0.03,-1.36,-0.04,0.87,5.68
0.02,0.12,1.2,0.04,-1.35,-0.06,0.77,5.83
0.01,0.13,1.2,0.04,-1.36,-0.08,0.61,6.03
0.0,0.14,1.2,0.02,-1.32,-0.08,0.24,6.45
-0.0,0.14,1.2,-0.01,-1.29,-0.08,-0.21,6.84
-0.01,0.15,1.19,-0.02,-1.29,-0.08,-0.63,7.13
-0.02,0.15,1.19,-0.02,-1.27,-0.12,-0.97,7.07
-0.03,0.15,1.18,-0.06,-1.26,-0.07,-1.26,7.34
-0.04,0.17,1.18,-0.06,-1.23,-0.09,-1.72,8.0
-0.05,0.19,1.19,-0.09,-1.2,-0.07,-2.21,8.88
-0.05,0.2,1.21,-0.06,-1.16,-0.08,-2.56,9.41
-0.06,0.21,1.23,-0.05,-1.13,-0.04,-2.66,9.8
-0.07,0.22,1.25,-0.06,-1.05,-0.04,-3.15,10.11
-0.07,0.23,1.27,-0.03,-1.0,-0.03,-3.18,10.29
-0.07,0.24,1.28,-0.01,-0.96,-0.06,-3.24,10.48
-0.07,0.24,1.26,-0.01,-0.86,-0.03,-2.92,10.72
-0.06,0.23,1.23,-0.01,-0.77,-0.02,-2.73,10.42
-0.05,0.22,1.22,-0.01,-0.72,-0.03,-2.08,10.13
-0.04,0.21,1.21,-0.01,-0.67,-0.03,-1.9,9.93
-0.04,0.22,1.19,-0.02,-0.65,-0.02,-1.82,10.27
-0.04,0.22,1.17,-0.08,-0.59,-0.03,-1.73,10.43
-0.04,0.21,1.15,-0.08,-0.57,-0.02,-1.79,10.38
-0.03,0.2,1.13,-0.0,-0.36,-0.25,-1.7,10.15
-0.03,0.2,1.13,-0.15,-0.55,-0.03,-1.57,10.08
-0.04,0.21,1.13,-0.19,-0.52,-0.03,-1.9,10.44
-0.05,0.22,1.18,-0.2,-0.5,-0.03,-2.16,10.64
-0.05,0.23,1.21,-0.15,-0.41,-0.16,-2.16,10.6
-0.05,0.23,1.21,-0.17,-0.47,-0.08,-2.46,10.68
-0.06,0.24,1.21,-0.09,-0.31,-0.29,-2.56,11.15
-0.07,0.23,1.2,-0.16,-0.41,-0.2,-3.36,11.09
-0.07,0.24,1.19,-0.04,-0.28,-0.37,-3.35,11.27
-0.08,0.25,1.18,-0.1,-0.42,-0.28,-3.82,11.78
-0.07,0.25,1.18,-0.09,-0.42,-0.31,-3.48,11.87
-0.08,0.26,1.19,-0.06,-0.42,-0.33,-3.92,12.12
-0.08,0.26,1.17,-0.02,-0.44,-0.34,-4.03,12.35
-0.08,0.25,1.19,-0.03,-0.53,-0.29,-3.64,11.77
-0.07,0.24,1.2,0.02,-0.4,-0.35,-3.4,11.07
-0.07,0.21,1.21,-0.01,-0.34,-0.36,-3.13,9.89
-0.05,0.19,1.22,-0.04,-0.27,-0.35,-2.18,8.98
-0.05,0.18,1.23,-0.1,-0.17,-0.32,-2.18,8.27
-0.05,0.18,1.23,-0.16,-0.05,-0.29,-2.33,8.3
-0.06,0.19,1.22,-0.25,0.1,-0.25,-2.77,9.02
-0.07,0.23,1.18,-0.29,0.22,-0.17,-3.47,11.04
-0.09,0.26,1.15,-0.31,0.31,-0.1,-4.17,12.5
-0.1,0.25,1.13,-0.31,0.36,-0.01,-4.7,12.66
-0.09,0.26,1.13,-0.31,0.4,0.07,-4.59,12.89
-0.1,0.26,1.14,-0.28,0.41,0.12,-4.67,12.72
-0.09,0.24,1.14,-0.24,0.4,0.13,-4.54,11.76
-0.09,0.22,1.15,-0.21,0.41,0.12,-4.54,10.57
-0.08,0.21,1.17,-0.14,0.39,0.08,-3.92,10.01
-0.07,0.19,1.17,-0.1,0.38,0.05,-3.25,9.21
-0.05,0.18,1.16,-0.05,0.34,0.03,-2.62,8.66
-0.04,0.16,1.15,-0.0,0.34,-0.01,-2.04,8.03
-0.03,0.15,1.14,0.03,0.33,-0.02,-1.65,7.71
-0.02,0.14,1.12,0.02,0.34,-0.03,-0.9,7.07
-0.02,0.12,1.1,0.05,0.32,-0.03,-1.02,6.42
-0.01,0.11,1.1,0.03,0.32,-0.04,-0.77,5.66
-0.02,0.11,1.11,0.03,0.34,-0.04,-0.95,5.57
-0.02,0.11,1.11,0.04,0.32,-0.05,-1.15,5.67
-0.03,0.12,1.1,0.04,0.33,-0.06,-1.41,6.0
-0.03,0.1,1.09,0.06,0.33,-0.05,-1.61,5.38
-0.02,0.08,1.09,0.07,0.34,-0.05,-1.13,4.21
-0.02,0.07,1.09,0.06,0.35,-0.04,-1.05,3.65
-0.01,0.06,1.09,0.09,0.35,-0.05,-0.79,3.24
-0.01,0.06,1.08,0.09,0.37,-0.03,-0.51,3.2
-0.0,0.05,1.09,0.08,0.41,-0.01,-0.17,2.39
0.01,0.03,1.08,0.07,0.45,0.02,0.44,1.67
0.01,0.03,1.06,0.05,0.46,0.04,0.64,1.79
0.02,0.03,1.05,0.03,0.47,0.07,0.98,1.67
0.02,0.02,1.05,0.04,0.46,0.09,1.32,0.95
0.03,0.01,1.05,0.0,0.47,0.1,1.49,0.64
0.03,0.01,1.05,0.04,0.44,0.1,1.52,0.47
0.02,-0.01,1.07,0.06,0.43,0.08,1.28,-0.28
0.03,-0.01,1.07,0.03,0.43,0.05,1.63,-0.64
0.03,-0.01,1.06,0.04,0.42,0.04,1.45,-0.41
0.03,-0.01,1.05,0.04,0.41,0.02,1.6,-0.5
0.02,-0.01,1.04,0.07,0.38,-0.0,1.02,-0.69
0.02,-0.01,1.03,0.07,0.37,-0.01,1.21,-0.79
0.02,-0.02,1.03,0.06,0.35,0.0,1.36,-0.97
0.02,-0.01,1.03,0.05,0.35,0.02,1.13,-0.83
0.02,-0.02,1.02,0.04,0.33,0.02,0.89,-1.11
0.01,-0.03,1.0,0.0,0.35,0.04,0.42,-1.71
0.03,-0.04,1.0,-0.02,0.35,0.05,1.46,-2.46
0.02,-0.04,1.01,-0.02,0.34,0.06,1.0,-2.29
0.01,-0.04,1.01,-0.04,0.31,0.08,0.76,-2.05
0.01,-0.03,1.03,-0.07,0.29,0.09,0.51,-1.72
0.01,-0.02,1.03,-0.06,0.29,0.09,0.55,-1.12
-0.0,-0.02,1.03,-0.03,0.29,0.1,-0.27,-1.05
-0.01,-0.03,1.04,-0.0,0.28,0.08,-0.45,-1.61
-0.0,-0.04,1.04,-0.0,0.27,0.09,-0.26,-2.22
-0.0,-0.02,1.05,-0.0,0.29,0.1,-0.11,-1.32
0.0,-0.03,1.04,0.03,0.3,0.11,0.11,-1.46
0.0,-0.04,1.06,0.07,0.3,0.11,0.23,-1.88
0.01,-0.06,1.08,0.08,0.31,0.12,0.41,-3.02
0.03,-0.06,1.08,0.07,0.36,0.09,1.6,-3.33
0.04,-0.06,1.06,0.08,0.41,0.09,2.31,-3.02
0.06,-0.05,1.03,0.1,0.42,0.1,3.39,-2.82
0.08,-0.06,1.01,0.08,0.41,0.11,4.38,-3.58
0.09,-0.07,0.99,0.06,0.4,0.12,5.13,-4.15
0.1,-0.08,0.99,0.03,0.4,0.12,5.68,-4.73
0.11,-0.09,0.99,0.03,0.37,0.12,6.18,-5.06
0.11,-0.09,0.99,-0.0,0.35,0.11,6.42,-5.14
0.11,-0.09,0.99,-0.03,0.34,0.09,6.5,-5.08
0.12,-0.09,0.98,-0.05,0.31,0.08,6.89,-5.35
0.11,-0.09,0.97,-0.05,0.26,0.07,6.52,-4.97
0.1,-0.08,0.96,-0.05,0.22,0.06,5.94,-4.48
0.1,-0.07,0.96,-0.06,0.2,0.06,5.75,-4.0
0.09,-0.07,0.96,-0.06,0.16,0.07,5.08,-3.99
0.08,-0.07,0.96,-0.06,0.14,0.08,4.65,-3.88
0.06,-0.06,0.97,-0.05,0.09,0.08,3.82,-3.3
0.06,-0.05,0.98,-0.06,0.09,0.08,3.45,-3.06
0.06,-0.05,0.98,-0.04,0.06,0.1,3.25,-2.96
0.06,-0.04,1.0,0.01,0.03,0.11,3.46,-2.37
0.06,-0.05,1.02,0.03,0.03,0.08,3.59,-2.56
0.07,-0.05,1.03,0.06,0.0,0.11,3.95,-2.71
0.07,-0.05,1.04,0.07,0.01,0.08,4.09,-2.88
0.08,-0.05,1.05,0.1,-0.01,0.07,4.43,-2.92
0.1,-0.05,1.05,0.1,-0.01,0.05,5.31,-2.58
0.12,-0.05,1.05,0.13,-0.02,0.03,6.37,-2.78
0.13,-0.06,1.05,0.1,0.0,0.03,6.95,-3.28
0.13,-0.06,1.04,0.1,-0.01,0.03,7.29,-3.44
0.13,-0.06,1.04,0.07,-0.04,0.03,7.37,-3.42
0.13,-0.06,1.03,0.06,-0.03,0.01,7.22,-3.53
0.13,-0.06,1.01,0.02,-0.02,0.0,7.07,-3.19
0.13,-0.06,1.0,0.0,-0.05,0.0,7.16,-3.27
0.12,-0.05,1.0,-0.01,-0.05,-0.0,6.77,-3.08
0.11,-0.03,0.99,-0.04,-0.07,0.0,6.53,-1.8
0.1,-0.03,0.98,-0.05,-0.09,0.02,5.67,-1.77
0.09,-0.02,0.99,-0.08,-0.1,0.04,5.19,-1.36
0.08,-0.02,1.0,-0.05,-0.15,0.04,4.69,-0.99
0.08,-0.01,1.02,-0.07,-0.17,0.04,4.25,-0.7
0.06,-0.01,1.04,-0.07,-0.16,0.04,3.56,-0.48
0.06,-0.01,1.05,0.01,-0.04,-0.11,3.22,-0.78
0.06,-0.02,1.05,-0.03,-0.18,0.03,3.47,-0.89
0.07,-0.03,1.06,-0.02,-0.19,0.02,3.54,-1.49
0.07,-0.0,1.06,-0.03,-0.18,0.01,3.59,-0.16
0.07,-0.01,1.05,-0.02,-0.18,0.01,3.76,-0.33
0.07,-0.0,1.05,-0.01,-0.21,0.02,3.57,-0.21
0.06,0.0,1.05,-0.01,-0.21,0.01,3.29,0.03
0.06,0.0,1.06,0.0,-0.21,-0.01,3.36,0.03
0.06,0.0,1.05,-0.01,-0.21,-0.01,3.15,0.21
0.06,-0.01,1.05,0.01,-0.22,-0.02,3.06,-0.45
0.05,-0.0,1.05,0.01,-0.23,-0.04,2.73,-0.02
0.05,0.01,1.06,0.01,-0.22,-0.06,2.87,0.48
0.05,-0.0,1.08,-0.01,-0.2,-0.05,2.66,-0.07
0.05,0.01,1.08,0.02,-0.18,-0.06,2.54,0.34
0.06,0.01,1.06,0.0,-0.18,-0.05,3.12,0.66
0.05,0.01,1.05,-0.01,-0.17,-0.03,2.89,0.67
0.05,0.02,1.03,-0.02,-0.17,-0.03,2.7,0.91
0.05,0.02,1.03,-0.05,-0.18,-0.01,2.6,1.25
0.05,0.02,1.03,-0.04,-0.2,-0.0,2.72,1.14
0.04,0.03,1.04,-0.05,-0.21,-0.0,2.46,1.37
0.04,0.03,1.06,-0.06,-0.21,0.01,2.15,1.75
0.04,0.02,1.06,-0.06,-0.23,0.02,2.08,1.33
0.02,0.03,1.06,-0.09,-0.27,0.01,1.12,1.49
0.02,0.03,1.06,-0.07,-0.25,0.01,1.04,1.87
0.01,0.03,1.07,-0.06,-0.24,0.0,0.72,1.66
0.0,0.04,1.09,-0.03,-0.26,-0.01,0.11,1.94
0.0,0.04,1.09,-0.04,-0.25,-0.02,0.02,2.16
-0.01,0.04,1.09,-0.01,-0.26,-0.03,-0.35,2.33
-0.01,0.05,1.08,0.0,-0.25,-0.02,-0.61,2.77
-0.02,0.05,1.07,0.08,-0.11,-0.16,-0.86,2.83
-0.02,0.06,1.07,0.05,-0.23,-0.05,-0.86,3.32
-0.02,0.06,1.06,0.03,-0.27,0.0,-0.82,3.06
-0.02,0.05,1.05,0.06,-0.26,0.01,-0.99,2.83
-0.02,0.05,1.05,0.06,-0.27,0.02,-1.13,2.69
-0.02,0.05,1.05,0.11,-0.27,0.01,-0.93,2.63
-0.01,0.05,1.06,0.07,-0.26,0.03,-0.54,2.6
-0.01,0.05,1.05,0.09,-0.25,0.04,-0.33,2.64
0.0,0.05,1.04,0.07,-0.23,0.06,0.05,2.49
-0.0,0.05,1.05,0.06,-0.22,0.06,-0.21,2.72
-0.0,0.06,1.04,0.06,-0.21,0.08,-0.19,3.19
0.0,0.07,1.05,0.04,-0.21,0.1,0.0,3.62
-0.0,0.07,1.07,0.06,-0.21,0.1,-0.0,3.83
0.02,0.07,1.09,0.09,-0.22,0.11,0.87,3.45
0.02,0.07,1.11,0.09,-0.21,0.1,1.25,3.57
0.03,0.07,1.15,0.09,-0.19,0.09,1.62,3.64
0.04,0.06,1.15,0.1,-0.19,0.07,2.21,3.19
0.06,0.05,1.15,0.1,-0.17,0.04,2.87,2.69
0.08,0.05,1.14,0.1,-0.15,-0.0,3.87,2.57
0.08,0.04,1.11,0.06,-0.14,-0.03,4.0,2.09
0.07,0.04,1.1,0.02,-0.11,-0.05,3.91,2.33
0.07,0.05,1.08,-0.0,-0.11,-0.05,3.94,2.57
0.07,0.06,1.05,-0.03,-0.11,-0.03,3.92,3.1
0.05,0.06,1.04,-0.08,-0.09,-0.02,3.01,3.48
0.04,0.08,1.04,-0.11,-0.09,0.01,1.96,4.27
0.02,0.09,1.06,-0.11,-0.08,0.02,0.89,5.09
0.0,0.09,1.07,-0.11,-0.08,0.02,0.06,5.02
0.0,0.1,1.08,-0.11,-0.07,0.04,0.15,5.51
-0.01,0.11,1.1,-0.08,-0.06,0.03,-0.27,5.56
-0.01,0.13,1.11,-0.03,-0.07,0.03,-0.74,6.47
-0.01,0.12,1.11,-0.0,-0.07,0.02,-0.31,6.11
0.0,0.11,1.1,0.03,-0.06,0.01,0.07,5.94
0.01,0.1,1.12,0.07,-0.08,-0.01,0.43,4.95
0.01,0.09,1.12,0.11,-0.09,-0.03,0.59,4.52
0.02,0.1,1.14,0.12,-0.1,-0.05,1.03,4.96
0.03,0.09,1.12,0.13,-0.08,-0.07,1.32,4.74
0.03,0.09,1.11,0.15,-0.09,-0.07,1.52,4.69
0.03,0.09,1.11,0.16,-0.09,-0.09,1.39,4.53
0.03,0.09,1.1,0.16,-0.1,-0.08,1.59,4.48
0.04,0.08,1.09,0.15,-0.09,-0.09,1.95,4.41
0.04,0.07,1.07,0.13,-0.09,-0.08,2.39,3.85
0.05,0.07,1.07,0.12,-0.09,-0.07,2.51,3.67
0.05,0.07,1.07,0.09,-0.09,-0.05,2.61,3.46
0.04,0.07,1.09,0.05,-0.06,-0.04,2.22,3.53
0.04,0.07,1.12,0.02,-0.04,-0.03,2.17,3.42
0.05,0.07,1.13,0.02,-0.01,-0.02,2.35,3.67
0.05,0.08,1.14,0.02,0.02,-0.0,2.4,3.81
0.05,0.08,1.15,0.01,0.05,-0.02,2.29,3.98
0.05,0.08,1.14,-0.04,0.1,-0.01,2.33,3.81
0.06,0.07,1.13,-0.02,0.11,-0.02,2.78,3.37
0.06,0.06,1.12,-0.03,0.13,-0.03,2.89,2.81
0.06,0.06,1.11,-0.07,0.16,-0.03,2.85,3.02
0.06,0.06,1.09,-0.1,0.15,-0.02,3.01,3.16
0.05,0.06,1.08,-0.03,0.29,-0.18,2.51,3.17
0.04,0.06,1.08,-0.1,0.13,-0.02,2.03,3.2
0.03,0.06,1.07,-0.11,0.14,-0.02,1.75,3.18
0.02,0.06,1.08,-0.12,0.13,-0.01,1.29,3.39
0.01,0.07,1.08,-0.1,0.13,-0.01,0.54,3.7
0.01,0.07,1.09,-0.08,0.11,-0.02,0.36,3.7
-0.01,0.08,1.09,-0.06,0.11,-0.03,-0.35,4.3
-0.01,0.09,1.09,-0.03,0.12,-0.03,-0.45,4.65
-0.01,0.08,1.08,0.01,0.09,-0.02,-0.6,4.48
-0.01,0.08,1.06,0.05,0.09,-0.02,-0.43,4.13
-0.01,0.06,1.05,0.06,0.09,-0.02,-0.27,3.39
0.01,0.06,1.05,0.08,0.09,-0.01,0.5,3.15
0.01,0.05,1.05,0.09,0.06,0.01,0.55,2.78
0.02,0.04,1.05,0.09,0.06,0.03,1.1,2.0
0.03,0.02,1.06,0.1,0.06,0.01,1.4,1.32
0.04,0.02,1.08,0.07,0.09,0.01,2.11,1.11
0.05,0.02,1.09,0.07,0.08,0.01,2.63,0.85
0.06,0.01,1.09,0.05,0.1,0.01,3.22,0.51
0.07,0.0,1.08,0.03,0.13,0.01,3.5,0.25
0.07,0.0,1.08,-0.0,0.15,0.01,3.69,0.01
0.06,-0.0,1.07,0.05,0.29,-0.12,3.35,-0.12
0.06,0.0,1.06,-0.05,0.16,-0.02,2.98,0.02
0.05,0.0,1.06,-0.06,0.15,0.01,2.45,0.23
0.04,0.01,1.07,-0.06,0.14,-0.01,2.02,0.62
0.02,0.02,1.07,-0.05,0.14,-0.01,1.1,1.29
-0.01,0.04,1.09,-0.04,0.13,-0.02,-0.37,2.0
-0.02,0.04,1.08,-0.02,0.12,-0.03,-0.93,2.29
-0.03,0.05,1.09,-0.01,0.11,-0.04,-1.44,2.53
-0.04,0.05,1.08,0.02,0.1,-0.04,-2.1,2.75
-0.04,0.04,1.07,0.04,0.1,-0.04,-1.9,2.38
-0.05,0.06,1.07,0.05,0.11,-0.03,-2.53,3.11
-0.05,0.06,1.07,0.07,0.13,-0.01,-2.72,3.06
-0.04,0.06,1.08,0.08,0.14,0.02,-2.34,3.12
-0.05,0.04,1.08,0.16,0.28,-0.12,-2.41,2.27
-0.04,0.05,1.09,0.08,0.17,0.05,-2.28,2.56
-0.04,0.06,1.09,0.09,0.18,0.07,-2.19,2.95
-0.03,0.07,1.09,0.09,0.21,0.08,-1.75,3.53
-0.03,0.07,1.1,0.17,0.37,-0.05,-1.32,3.8
-0.01,0.06,1.09,0.1,0.24,0.12,-0.47,3.19
0.0,0.05,1.09,0.08,0.28,0.13,0.01,2.62
0.01,0.04,1.1,0.1,0.25,0.14,0.58,1.83
0.02,0.02,1.12,0.11,0.25,0.12,1.23,1.0
0.03,0.01,1.13,0.11,0.25,0.08,1.5,0.75
0.04,0.01,1.14,0.11,0.26,0.04,1.91,0.72
0.04,0.01,1.13,0.11,0.23,-0.0,2.09,0.57
0.05,0.02,1.11,0.11,0.22,-0.03,2.6,0.92
0.06,0.02,1.1,0.06,0.21,-0.05,3.24,1.16
0.06,0.04,1.09,0.02,0.2,-0.05,3.08,2.25
0.05,0.07,1.1,-0.05,0.19,-0.04,2.82,3.5
0.04,0.09,1.12,-0.08,0.15,-0.02,2.14,4.36
0.03,0.11,1.16,-0.12,0.14,-0.03,1.46,5.36
0.02,0.12,1.19,-0.17,0.16,-0.04,0.81,5.86
0.0,0.13,1.23,-0.21,0.19,-0.04,0.23,6.17
-0.0,0.14,1.27,-0.24,0.24,-0.05,-0.12,6.42
-0.01,0.17,1.31,-0.3,0.32,-0.05,-0.49,7.54
-0.02,0.2,1.35,-0.3,0.38,-0.05,-0.71,8.61
-0.02,0.24,1.39,-0.34,0.43,-0.04,-0.81,9.88
-0.02,0.27,1.43,-0.33,0.48,-0.05,-0.96,10.68
-0.04,0.29,1.48,-0.39,0.53,-0.05,-1.41,11.1
-0.04,0.29,1.52,-0.39,0.68,-0.1,-1.46,10.99
-0.04,0.32,1.55,-0.4,0.82,-0.13,-1.48,11.73
-0.05,0.34,1.57,-0.34,1.09,-0.29,-1.64,12.22
-0.04,0.35,1.58,-0.4,1.06,-0.16,-1.53,12.62
-0.04,0.36,1.61,-0.46,1.22,-0.16,-1.54,12.6
-0.04,0.35,1.63,-0.42,1.4,-0.24,-1.42,12.11
-0.05,0.34,1.63,-0.42,1.45,-0.22,-1.62,11.92
-0.05,0.34,1.61,-0.39,1.56,-0.25,-1.82,11.98
-0.06,0.33,1.61,-0.38,1.67,-0.29,-1.96,11.56
-0.06,0.31,1.63,-0.37,1.79,-0.34,-2.11,10.71
-0.06,0.28,1.66,-0.31,1.86,-0.42,-2.1,9.65
-0.06,0.29,1.68,-0.27,2.02,-0.58,-1.87,9.73
-0.04,0.3,1.68,-0.26,1.98,-0.57,-1.47,9.99
-0.04,0.29,1.66,-0.24,2.1,-0.65,-1.34,9.81
-0.03,0.26,1.62,-0.23,2.16,-0.69,-0.98,9.17
-0.02,0.25,1.57,-0.26,2.26,-0.71,-0.57,8.86
-0.01,0.23,1.53,-0.29,2.31,-0.7,-0.35,8.56
-0.01,0.23,1.5,-0.41,2.38,-0.65,-0.56,8.88
-0.03,0.23,1.49,-0.45,2.41,-0.57,-1.03,8.62
-0.06,0.22,1.49,-0.57,2.53,-0.5,-2.22,8.29
-0.08,0.2,1.49,-0.61,2.57,-0.4,-3.08,7.59
-0.1,0.2,1.5,-0.68,2.67,-0.31,-3.94,7.4
-0.12,0.18,1.51,-0.71,2.77,-0.23,-4.64,6.88
-0.15,0.17,1.52,-0.71,2.84,-0.15,-5.6,6.24
-0.17,0.15,1.52,-0.72,2.95,-0.06,-6.22,5.48
-0.17,0.13,1.55,-0.65,3.24,-0.11,-6.41,4.87
-0.17,0.1,1.56,-0.62,3.1,0.11,-6.22,3.63
-0.16,0.08,1.57,-0.55,3.17,0.16,-5.78,2.85
-0.15,0.05,1.57,-0.48,3.23,0.21,-5.62,1.76
-0.14,0.02,1.55,-0.42,3.28,0.24,-5.07,0.62
-0.12,-0.02,1.56,-0.33,3.31,0.25,-4.46,-0.82
-0.1,-0.06,1.58,-0.23,3.29,0.23,-3.6,-2.17
-0.08,-0.11,1.61,-0.14,3.28,0.2,-2.71,-3.83
-0.07,-0.15,1.62,-0.07,3.31,0.15,-2.37,-5.27
-0.05,-0.2,1.64,-0.02,3.34,0.09,-1.58,-6.99
-0.03,-0.24,1.65,0.03,3.38,0.02,-0.94,-8.45
-0.01,-0.28,1.66,0.06,3.42,-0.04,-0.26,-9.62
0.01,-0.31,1.66,0.08,3.51,-0.09,0.27,-10.42
0.02,-0.32,1.63,0.08,3.58,-0.12,0.62,-11.04
0.02,-0.33,1.59,0.08,3.63,-0.14,0.86,-11.73
0.03,-0.34,1.54,0.04,3.7,-0.12,1.14,-12.42
0.04,-0.34,1.47,-0.06,3.82,-0.08,1.67,-12.9
0.06,-0.33,1.42,-0.16,3.88,0.01,2.29,-13.0
0.07,-0.34,1.39,-0.28,3.94,0.11,2.69,-13.67
0.07,-0.36,1.38,-0.41,4.0,0.2,2.66,-14.8
0.04,-0.39,1.4,-0.47,4.28,0.15,1.77,-15.75
0.03,-0.43,1.44,-0.61,4.1,0.37,1.14,-16.72
0.01,-0.45,1.45,-0.64,4.14,0.42,0.37,-17.36
-0.01,-0.45,1.43,-0.63,4.21,0.47,-0.2,-17.32
-0.02,-0.45,1.4,-0.64,4.3,0.54,-0.9,-17.66
-0.03,-0.46,1.39,-0.6,4.32,0.59,-1.32,-18.28
-0.04,-0.49,1.4,-0.54,4.32,0.65,-1.65,-19.22
-0.04,-0.54,1.42,-0.42,4.3,0.64,-1.57,-20.65
-0.04,-0.6,1.44,-0.3,4.28,0.63,-1.3,-22.63
-0.02,-0.65,1.45,-0.21,4.3,0.59,-0.55,-24.2
-0.0,-0.67,1.42,-0.08,4.27,0.53,-0.1,-25.17
0.0,-0.68,1.38,0.04,4.29,0.51,0.17,-26.42
0.02,-0.68,1.31,0.11,4.34,0.49,0.75,-27.34
0.04,-0.66,1.26,0.17,4.34,0.5,1.77,-27.79
0.07,-0.67,1.21,0.2,4.34,0.54,3.01,-29.12
0.11,-0.7,1.17,0.22,4.34,0.58,4.55,-30.69
0.12,-0.69,1.12,0.21,4.34,0.64,5.44,-31.58
0.13,-0.67,1.07,0.16,4.34,0.69,6.05,-32.1
0.15,-0.67,1.01,0.18,4.34,0.76,7.13,-33.07
0.17,-0.68,0.99,0.16,4.34,0.8,8.15,-34.22
0.2,-0.7,0.98,0.16,4.34,0.83,9.62,-35.05
0.22,-0.73,0.96,0.19,4.34,0.81,10.31,-36.28
0.22,-0.72,0.93,0.21,4.34,0.79,10.59,-37.14
0.22,-0.71,0.87,0.21,4.34,0.75,11.05,-38.37
0.21,-0.68,0.84,0.23,4.34,0.71,10.99,-38.14
0.2,-0.65,0.82,0.25,4.34,0.69,11.02,-37.51
0.2,-0.64,0.78,0.27,4.34,0.68,11.23,-38.28
0.19,-0.64,0.73,0.29,4.34,0.67,10.81,-40.19
0.2,-0.62,0.71,0.33,4.34,0.64,12.06,-39.78
0.21,-0.6,0.67,0.35,4.34,0.63,12.85,-40.55
0.2,-0.56,0.64,0.34,4.34,0.69,13.24,-39.73
0.21,-0.53,0.59,0.4,4.34,0.68,15.04,-40.32
0.21,-0.51,0.56,0.44,4.34,0.68,15.64,-40.08
0.24,-0.49,0.53,0.48,4.34,0.71,18.11,-39.83
0.25,-0.48,0.49,0.52,4.34,0.72,19.97,-41.24
0.27,-0.46,0.44,0.55,4.29,0.71,23.14,-41.45
0.29,-0.43,0.39,0.54,4.26,0.67,26.48,-41.39
0.3,-0.39,0.35,0.51,4.24,0.65,30.1,-40.33
0.3,-0.37,0.31,0.46,4.23,0.64,32.1,-40.07
0.32,-0.36,0.32,0.42,4.24,0.63,33.37,-38.62
0.32,-0.33,0.31,0.39,4.21,0.61,34.98,-36.61
0.31,-0.3,0.3,0.41,4.18,0.59,35.91,-34.77
0.29,-0.25,0.27,0.41,4.16,0.57,37.52,-32.43
0.29,-0.2,0.27,0.42,4.1,0.56,40.24,-27.15
0.29,-0.15,0.25,0.43,4.05,0.52,44.55,-21.23
0.28,-0.1,0.23,0.44,3.96,0.51,48.32,-15.04
0.28,-0.06,0.22,0.45,3.88,0.48,50.37,-9.8
0.28,-0.02,0.22,0.46,3.76,0.45,52.58,-2.57
0.28,0.03,0.19,0.44,3.63,0.41,55.11,5.51
0.26,0.08,0.2,0.41,3.54,0.37,51.16,14.19
0.27,0.12,0.22,0.4,3.4,0.35,47.73,18.88
0.27,0.14,0.22,0.42,3.53,0.18,46.37,22.21
0.24,0.16,0.19,0.29,3.21,0.28,43.52,28.05
0.21,0.18,0.21,0.25,3.16,0.25,37.62,30.96
0.2,0.21,0.25,0.24,3.07,0.24,31.42,33.4
0.18,0.22,0.28,0.35,3.17,0.08,26.36,33.55
0.15,0.23,0.28,0.29,2.88,0.22,22.86,35.54
0.13,0.25,0.29,0.31,2.83,0.22,18.74,37.93
0.12,0.28,0.32,0.39,2.69,0.22,16.47,39.2
0.12,0.3,0.32,0.47,2.58,0.2,15.15,40.92
0.11,0.31,0.33,0.53,2.46,0.18,14.23,42.11
0.11,0.33,0.34,0.62,2.32,0.15,13.33,42.73
0.11,0.36,0.36,0.68,2.18,0.12,12.63,43.72
0.11,0.39,0.35,0.74,2.03,0.09,12.1,46.78
0.1,0.41,0.34,0.79,2.0,0.01,10.62,49.03
0.09,0.45,0.34,0.76,1.81,0.02,9.47,51.75
0.08,0.48,0.38,0.73,1.72,0.02,7.86,51.31
0.08,0.49,0.4,0.73,1.61,-0.01,7.62,50.09
0.09,0.49,0.41,0.73,1.49,-0.0,7.79,48.95
0.1,0.49,0.43,0.71,1.4,-0.01,8.31,48.23
0.09,0.51,0.46,0.69,1.3,-0.02,7.62,47.59
0.08,0.54,0.49,0.64,1.21,-0.01,6.59,47.82
0.08,0.56,0.5,0.6,1.11,-0.01,5.9,47.43
0.09,0.57,0.52,0.54,1.02,-0.01,6.6,47.28
0.11,0.58,0.54,0.48,0.9,0.02,8.18,46.29
0.12,0.6,0.55,0.35,0.8,0.03,8.67,46.71
0.13,0.6,0.56,0.24,0.69,0.03,9.28,45.89
0.14,0.56,0.57,0.08,0.65,0.03,9.59,43.77
0.15,0.53,0.6,-0.05,0.6,0.04,10.39,40.29
0.15,0.49,0.63,-0.18,0.55,0.05,10.56,37.08
0.14,0.45,0.64,-0.3,0.51,0.05,10.48,34.45
0.13,0.4,0.67,-0.4,0.46,0.03,9.61,30.44
0.1,0.36,0.69,-0.48,0.44,0.02,7.6,27.4
0.08,0.33,0.73,-0.54,0.41,0.01,5.65,23.98
0.06,0.27,0.78,-0.53,0.36,-0.0,4.34,19.2
0.04,0.24,0.8,-0.52,0.3,0.0,2.89,16.48
0.03,0.21,0.81,-0.5,0.28,-0.01,1.97,14.37
0.02,0.17,0.83,-0.44,0.22,-0.02,1.05,11.81
-0.01,0.16,0.84,-0.34,0.15,-0.06,-0.46,10.57
-0.02,0.14,0.85,-0.28,0.11,-0.06,-1.55,9.34
-0.03,0.15,0.87,-0.2,0.05,-0.07,-1.95,9.52
-0.03,0.15,0.86,-0.16,0.0,-0.09,-1.85,10.09
-0.04,0.17,0.86,-0.04,0.1,-0.26,-2.73,11.2
-0.04,0.17,0.87,-0.08,-0.09,-0.08,-2.59,11.36
-0.03,0.17,0.89,-0.07,-0.11,-0.05,-2.1,10.96
-0.02,0.17,0.9,-0.06,-0.16,-0.02,-1.29,10.59
-0.01,0.15,0.88,-0.07,-0.19,-0.0,-0.52,9.89
0.0,0.15,0.87,-0.09,-0.2,0.01,0.22,9.54
0.01,0.13,0.88,-0.14,-0.17,0.02,0.37,8.49
0.01,0.13,0.9,-0.17,-0.17,0.04,0.57,7.93
0.02,0.11,0.93,-0.19,-0.15,0.06,1.27,6.66
0.03,0.1,0.94,-0.2,-0.19,0.09,1.89,6.17
0.04,0.07,0.94,-0.24,-0.19,0.1,2.29,4.16
0.05,0.05,0.93,-0.26,-0.18,0.1,2.81,3.04
0.05,0.03,0.94,-0.26,-0.17,0.09,2.95,2.09
0.06,0.02,0.96,-0.27,-0.17,0.08,3.47,1.15
0.06,0.01,0.96,-0.31,-0.16,0.08,3.83,0.33
0.06,-0.01,0.97,-0.32,-0.14,0.08,3.6,-0.88
0.06,-0.03,0.97,-0.32,-0.15,0.07,3.52,-1.5
0.06,-0.05,0.98,-0.32,-0.15,0.06,3.5,-2.7
0.05,-0.06,0.99,-0.33,-0.13,0.07,3.16,-3.6
0.05,-0.08,0.99,-0.29,-0.1,0.06,3.04,-4.55
0.06,-0.1,1.01,-0.23,-0.09,0.06,3.22,-5.49
0.07,-0.11,1.03,-0.17,-0.1,0.07,3.78,-6.27
0.08,-0.11,1.01,-0.13,-0.08,0.06,4.24,-6.1
0.07,-0.1,0.99,-0.12,-0.06,0.04,4.15,-5.58
0.08,-0.09,0.99,-0.05,-0.07,0.02,4.73,-5.11
0.08,-0.08,1.01,-0.01,-0.07,0.01,4.71,-4.73
0.09,-0.05,1.01,-0.0,-0.05,0.01,4.96,-3.05
0.09,-0.03,1.0,0.02,-0.05,0.02,4.98,-1.91
0.09,-0.01,0.99,-0.02,-0.04,0.03,4.95,-0.66
0.09,0.01,0.98,0.02,0.04,-0.04,5.2,0.78
0.09,0.02,0.97,-0.07,-0.04,0.06,5.05,1.24
0.1,0.02,0.96,-0.13,-0.01,0.06,5.82,1.14
0.1,0.01,0.94,-0.15,-0.01,0.07,6.17,0.41
0.09,0.0,0.95,-0.18,0.03,0.06,5.32,0.15
0.07,0.0,0.96,-0.21,0.05,0.06,4.41,0.13
0.06,-0.01,0.97,-0.22,0.05,0.06,3.71,-0.36
0.07,-0.02,0.97,-0.17,0.18,-0.07,4.43,-1.22
0.07,-0.03,0.95,-0.23,0.06,0.04,4.41,-1.79
0.07,-0.03,0.95,-0.2,0.03,0.05,4.0,-2.04
0.06,-0.04,0.95,-0.23,0.07,0.03,3.57,-2.3
0.06,-0.03,0.94,-0.19,0.07,0.02,3.52,-1.93
0.05,-0.04,0.95,-0.17,0.07,0.02,2.97,-2.45
0.04,-0.04,0.97,-0.15,0.07,0.01,2.5,-2.35
0.04,-0.03,0.97,-0.14,0.06,0.02,2.53,-2.01
0.05,-0.04,0.97,-0.1,0.03,0.02,2.68,-2.13
0.05,-0.03,0.96,-0.08,0.03,0.01,3.03,-1.51
0.05,-0.03,0.96,-0.07,0.01,-0.0,2.72,-1.7
0.04,-0.03,0.96,-0.05,0.02,0.01,2.12,-1.54
0.04,-0.02,0.95,-0.02,0.02,0.01,2.29,-1.14
0.04,-0.02,0.94,0.01,0.0,0.01,2.65,-0.92
0.03,0.01,0.95,0.01,0.0,0.02,1.94,0.38
0.03,0.01,0.95,0.01,0.01,0.03,2.02,0.72
0.05,0.02,0.95,0.03,-0.01,0.04,2.76,0.99
0.05,0.01,0.94,0.05,-0.03,0.04,2.92,0.64
0.06,0.01,0.93,0.06,-0.05,0.03,3.43,0.49
0.06,-0.0,0.93,0.04,-0.04,0.03,3.65,-0.06
0.07,-0.01,0.92,0.02,-0.05,0.02,4.11,-0.85
0.07,-0.01,0.91,0.0,-0.02,0.01,4.35,-0.93
0.06,0.01,0.92,-0.02,0.0,0.01,3.79,0.32
0.06,0.02,0.93,-0.04,0.03,0.03,3.49,1.19
0.05,0.02,0.95,-0.06,0.03,0.06,3.24,1.29
0.05,0.02,0.94,-0.04,0.01,0.06,3.25,1.23
0.06,0.01,0.93,-0.05,-0.02,0.06,3.78,0.83
0.08,-0.0,0.91,-0.08,-0.0,0.05,4.75,-0.3
0.09,-0.01,0.9,-0.08,-0.01,0.03,5.51,-0.59
0.08,-0.01,0.92,-0.07,0.0,0.01,5.3,-0.57
0.08,0.0,0.93,-0.06,-0.01,-0.01,4.8,0.04
0.07,0.02,0.94,-0.09,-0.01,-0.02,4.03,1.37
0.06,0.03,0.95,-0.07,-0.03,-0.02,3.47,1.59
0.05,0.02,0.95,-0.03,0.09,-0.15,3.08,1.3
0.05,0.01,0.95,-0.09,-0.07,-0.02,3.31,0.44
0.06,-0.01,0.95,-0.08,-0.07,-0.02,3.49,-0.63
0.05,-0.02,0.95,-0.09,-0.06,-0.02,3.28,-1.36
0.05,-0.03,0.95,-0.04,-0.07,-0.01,2.97,-1.58
0.05,-0.02,0.95,-0.03,-0.08,-0.02,3.11,-0.99
0.04,-0.01,0.94,-0.02,-0.08,-0.01,2.43,-0.69
0.05,-0.01,0.94,-0.04,-0.06,-0.01,2.88,-0.46
0.05,-0.0,0.94,-0.04,-0.07,-0.01,2.9,-0.29
0.05,0.0,0.94,-0.06,-0.05,0.0,2.85,0.02
0.04,0.01,0.94,-0.06,-0.04,0.0,2.64,0.4
0.05,-0.0,0.95,-0.09,-0.04,0.01,2.81,-0.28
0.04,-0.02,0.95,-0.1,-0.03,0.03,2.68,-0.93
0.04,-0.02,0.94,-0.07,0.05,-0.06,2.38,-1.14
0.04,-0.03,0.94,-0.1,-0.02,0.03,2.7,-1.57
0.05,-0.03,0.95,-0.11,-0.0,0.02,2.96,-1.87
0.04,-0.03,0.96,-0.09,-0.01,0.02,2.49,-1.69
0.04,-0.03,0.97,-0.07,-0.01,0.01,2.25,-1.94
0.04,-0.03,0.97,-0.07,-0.01,0.01,2.37,-1.53
0.04,-0.02,0.98,-0.05,-0.01,0.01,2.13,-1.28
0.04,-0.01,0.97,-0.05,-0.01,0.01,2.14,-0.8
0.04,-0.01,0.97,-0.03,-0.03,-0.01,2.17,-0.63
0.03,-0.0,0.96,-0.01,-0.03,0.0,2.01,-0.1
0.03,0.01,0.96,-0.02,-0.03,-0.01,2.0,0.46
0.05,0.01,0.96,-0.01,-0.04,-0.0,2.72,0.5
0.04,0.01,0.96,0.02,-0.04,-0.01,2.43,0.85
0.04,0.02,0.97,0.03,-0.04,-0.0,2.15,0.94
0.05,0.02,0.95,0.01,-0.04,0.02,2.82,1.37
0.05,0.02,0.95,-0.01,-0.03,0.03,2.91,1.48
0.05,0.04,0.95,-0.03,-0.02,0.04,2.83,2.14
0.04,0.05,0.96,-0.01,-0.04,0.06,2.47,3.1
0.04,0.06,0.96,-0.02,-0.06,0.07,2.52,3.29
0.05,0.03,0.93,-0.07,-0.06,0.07,3.36,1.86
0.05,0.01,0.93,-0.04,0.09,-0.08,3.33,0.46
0.05,-0.01,0.94,-0.09,-0.05,0.05,3.16,-0.49
0.06,-0.01,0.93,-0.11,-0.02,0.05,3.53,-0.61
0.04,-0.0,0.94,-0.15,0.0,0.06,2.67,-0.12
0.04,0.01,0.94,-0.15,-0.01,0.08,2.28,0.44
0.05,-0.01,0.94,-0.17,-0.01,0.08,2.86,-0.65
0.05,-0.02,0.95,-0.17,-0.0,0.09,2.9,-1.07
0.05,-0.01,0.96,-0.18,0.02,0.09,2.73,-0.82
0.05,-0.01,0.97,-0.19,0.02,0.09,2.66,-0.59
0.05,-0.01,0.96,-0.16,-0.01,0.1,2.9,-0.63
0.05,-0.02,0.96,-0.16,-0.0,0.1,2.9,-0.91
0.06,-0.02,0.96,-0.16,0.01,0.11,3.38,-1.25
0.05,-0.02,0.96,-0.13,0.01,0.1,3.22,-1.09
0.05,-0.01,0.96,-0.12,-0.0,0.11,3.02,-0.87
0.06,-0.01,0.96,-0.11,0.0,0.1,3.33,-0.31
0.06,-0.01,0.96,-0.11,0.0,0.09,3.56,-0.32
0.06,-0.02,0.95,-0.09,-0.0,0.08,3.63,-0.97
0.06,-0.02,0.95,-0.05,-0.02,0.07,3.86,-1.04
0.06,-0.02,0.95,-0.04,-0.02,0.07,3.73,-1.41
0.06,-0.02,0.95,-0.0,0.0,0.07,3.59,-0.94
0.07,-0.0,0.94,0.02,-0.01,0.05,3.96,-0.07
0.07,0.02,0.93,0.05,-0.03,0.06,4.23,1.44
0.07,0.04,0.92,0.02,-0.03,0.05,4.51,2.2
0.08,0.03,0.93,0.0,-0.02,0.05,4.93,2.13
0.09,0.03,0.93,-0.03,-0.01,0.05,5.57,1.88
0.09,0.03,0.93,-0.06,-0.03,0.07,5.75,1.81
0.1,0.02,0.93,-0.06,-0.03,0.06,6.2,1.26
0.1,0.01,0.92,-0.11,0.01,0.03,6.27,0.32
0.09,-0.0,0.93,-0.14,0.02,0.02,5.53,-0.27
0.08,-0.02,0.95,-0.13,-0.01,0.01,5.05,-0.91
0.07,-0.02,0.96,-0.17,-0.05,0.04,4.37,-1.27
0.06,-0.02,0.97,-0.11,-0.01,-0.01,3.43,-1.28
0.05,-0.02,0.97,-0.09,-0.01,-0.02,3.16,-1.0
0.05,-0.02,0.97,-0.01,0.11,-0.16,2.96,-1.4
0.04,-0.02,0.95,-0.04,-0.04,-0.01,2.61,-0.98
0.05,-0.01,0.97,-0.04,-0.04,-0.01,2.93,-0.81
0.04,-0.01,0.96,-0.02,-0.03,-0.02,2.49,-0.52
0.04,-0.01,0.97,-0.02,-0.04,0.0,2.55,-0.42
0.04,0.0,0.96,-0.05,-0.1,0.06,2.28,0.18
0.04,0.02,0.95,-0.04,-0.05,0.03,2.31,1.17
0.04,0.02,0.96,-0.06,-0.03,0.04,2.4,1.45
0.05,0.01,0.96,-0.05,-0.04,0.05,2.92,0.85
0.06,-0.0,0.97,-0.06,-0.04,0.06,3.62,-0.13
0.07,-0.01,0.94,-0.07,-0.04,0.06,4.01,-0.62
0.05,-0.0,0.94,-0.08,-0.03,0.06,3.33,-0.2
0.06,-0.01,0.95,-0.08,-0.02,0.05,3.85,-0.66
0.06,0.0,0.94,-0.1,0.0,0.05,3.71,0.08
0.07,-0.01,0.96,-0.11,-0.0,0.05,3.99,-0.5
0.07,-0.01,0.95,-0.1,0.01,0.05,3.99,-0.63
0.06,-0.02,0.94,-0.04,0.14,-0.11,3.61,-1.31
0.05,-0.0,0.95,-0.08,-0.0,0.02,3.11,-0.23
0.05,-0.02,0.97,-0.07,0.0,0.01,3.04,-0.97
0.06,-0.02,0.96,-0.05,-0.01,0.01,3.34,-1.49
0.06,-0.03,0.97,-0.03,-0.02,0.0,3.45,-1.49
0.06,-0.02,0.96,0.01,-0.02,-0.01,3.28,-1.15
0.06,-0.01,0.96,0.03,-0.03,-0.01,3.39,-0.6
0.05,-0.01,0.96,0.03,-0.03,-0.0,3.13,-0.53
0.05,-0.01,0.96,0.04,-0.04,0.01,3.06,-0.39
0.05,-0.0,0.95,0.07,-0.04,0.0,3.19,-0.1
0.06,0.01,0.95,0.07,-0.04,0.01,3.34,0.69
0.06,0.03,0.94,0.03,-0.04,0.03,3.38,1.77
0.06,0.03,0.94,0.03,-0.05,0.05,3.45,1.91
0.07,0.03,0.93,0.04,-0.05,0.05,4.37,1.63
0.08,0.03,0.94,0.02,-0.05,0.05,4.87,1.86
0.09,0.03,0.92,-0.01,-0.04,0.04,5.27,1.89
0.1,0.02,0.9,-0.04,-0.06,0.03,6.11,1.08
0.1,0.01,0.9,-0.05,-0.04,-0.0,6.35,0.55
0.1,-0.01,0.92,-0.07,-0.04,-0.02,5.98,-0.45
0.09,-0.01,0.93,-0.08,-0.02,-0.04,5.37,-0.67
0.07,0.0,0.94,-0.09,-0.01,-0.04,4.09,0.1
0.06,-0.0,0.95,-0.09,-0.01,-0.03,3.79,-0.14
0.05,-0.01,0.95,-0.08,-0.01,-0.02,3.05,-0.43
0.04,-0.01,0.96,-0.08,0.01,-0.03,2.54,-0.53
0.04,-0.01,0.96,-0.05,-0.0,-0.01,2.37,-0.64
0.04,-0.01,0.96,0.01,0.06,-0.11,2.41,-0.84
0.04,-0.01,0.95,-0.02,-0.04,-0.0,2.71,-0.62
0.05,0.0,0.94,-0.0,-0.04,-0.02,2.83,0.0
0.04,0.03,0.94,-0.0,-0.03,-0.01,2.31,1.53
0.04,0.04,0.94,0.02,-0.04,-0.01,2.27,2.29
0.04,0.04,0.93,0.01,-0.05,0.01,2.21,2.56
0.04,0.05,0.94,-0.0,-0.05,0.02,2.4,2.82
0.04,0.05,0.93,-0.01,-0.06,0.03,2.39,3.06
0.04,0.03,0.93,0.0,-0.08,0.03,2.77,2.1
0.06,0.03,0.92,-0.0,-0.1,0.02,3.49,1.66
0.07,-0.0,0.92,-0.02,-0.1,-0.01,4.2,-0.1
0.07,-0.0,0.92,-0.01,-0.12,-0.02,4.52,-0.25
0.07,-0.0,0.92,-0.01,-0.11,-0.05,4.16,-0.22
0.07,-0.0,0.93,-0.01,-0.13,-0.06,4.06,-0.08
0.07,-0.01,0.94,-0.03,-0.11,-0.06,4.2,-0.37
0.07,-0.02,0.94,-0.04,-0.09,-0.05,4.37,-0.95
0.07,-0.02,0.94,-0.04,-0.08,-0.06,4.54,-0.91
0.07,-0.01,0.95,-0.06,-0.05,-0.06,4.27,-0.4
0.06,0.01,0.96,-0.1,-0.03,-0.04,3.45,0.36
0.05,-0.0,0.97,-0.13,-0.01,-0.02,3.2,-0.04
0.05,-0.01,0.98,-0.15,-0.02,0.01,3.02,-0.77
0.05,-0.03,0.99,-0.16,0.01,0.01,3.02,-1.51
0.04,-0.04,0.99,-0.14,-0.01,0.03,2.49,-2.27
0.05,-0.04,1.0,-0.12,0.0,0.05,2.92,-2.51
0.05,-0.05,1.0,-0.08,-0.01,0.05,3.11,-3.09
0.05,-0.05,0.99,-0.05,-0.02,0.03,3.0,-3.18
0.05,-0.03,0.98,-0.05,-0.0,0.01,2.7,-2.02
0.05,-0.03,0.99,-0.02,-0.01,0.01,2.86,-1.87
0.05,-0.01,0.99,0.01,-0.02,0.01,2.73,-0.75
0.06,-0.0,0.98,0.04,-0.04,0.02,3.29,-0.24
0.06,0.0,0.97,0.01,-0.01,0.01,3.55,0.17
0.06,0.01,0.95,0.01,-0.02,0.02,3.59,0.87
0.06,0.01,0.95,-0.01,-0.01,0.02,3.68,0.67
0.07,0.01,0.95,0.0,-0.03,0.01,3.94,0.71
0.07,0.0,0.94,-0.02,-0.01,0.0,4.28,0.21
0.07,0.01,0.94,-0.03,0.01,0.0,4.45,0.43
0.07,0.02,0.94,-0.03,0.02,-0.01,4.51,1.36
0.07,0.03,0.94,-0.08,-0.01,0.01,4.39,2.13
0.08,0.04,0.94,-0.09,0.02,0.0,4.76,2.18
0.08,0.02,0.94,-0.11,0.03,-0.01,4.96,1.46
0.06,0.03,0.94,-0.11,0.03,-0.02,3.85,1.65
0.05,0.03,0.93,-0.13,0.04,-0.02,3.27,2.02
0.04,0.03,0.94,-0.16,0.04,-0.03,2.31,2.12
0.04,0.04,0.96,-0.19,0.07,-0.01,2.19,2.4
0.02,0.03,0.97,-0.18,0.06,0.02,1.32,1.67
0.02,0.02,0.97,-0.16,0.06,0.01,1.23,1.18
0.02,0.01,0.97,-0.17,0.03,0.06,1.39,0.86
0.02,0.01,0.97,-0.13,0.03,0.06,1.4,0.64
0.02,0.01,0.96,-0.1,0.02,0.07,1.3,0.36
0.02,0.01,0.96,-0.06,-0.02,0.07,1.02,0.89
0.02,0.01,0.96,-0.03,-0.03,0.07,1.37,0.84
0.03,0.02,0.95,0.01,-0.05,0.07,1.74,1.17
0.04,0.03,0.93,0.02,-0.06,0.05,2.35,1.65
0.05,0.03,0.92,0.05,-0.09,0.05,2.83,2.14
0.05,0.04,0.91,0.03,-0.08,0.03,3.32,2.51
0.05,0.05,0.9,0.03,-0.08,0.02,3.35,3.21
0.07,0.05,0.9,0.01,-0.08,0.02,4.22,3.21
0.07,0.06,0.9,0.06,0.05,-0.13,4.57,4.07
0.08,0.07,0.9,-0.02,-0.1,0.01,4.91,4.46
0.08,0.07,0.89,-0.07,-0.09,0.0,5.09,4.37
0.09,0.06,0.89,-0.09,-0.1,-0.0,5.68,4.14
0.08,0.06,0.9,-0.13,-0.09,-0.02,5.14,3.58
0.07,0.06,0.91,-0.18,-0.08,-0.01,4.44,3.65
0.06,0.06,0.92,-0.21,-0.08,-0.01,3.7,3.48
0.05,0.05,0.92,-0.26,-0.07,-0.0,3.04,3.28
0.06,0.06,0.93,-0.28,-0.08,0.01,3.62,3.45
0.05,0.05,0.94,-0.33,-0.08,0.04,3.21,3.1
0.06,0.03,0.95,-0.35,-0.07,0.05,3.5,1.76
0.06,0.01,0.95,-0.35,-0.09,0.08,3.67,0.37
0.07,-0.03,0.96,-0.36,-0.1,0.07,3.99,-1.94
0.06,-0.05,0.96,-0.32,-0.09,0.05,3.78,-3.27
0.06,-0.06,0.96,-0.31,-0.08,0.04,3.86,-3.44
0.07,-0.06,0.97,-0.26,-0.08,0.02,4.28,-3.56
0.06,-0.06,0.96,-0.18,0.07,-0.13,3.7,-3.4
0.06,-0.06,0.97,-0.2,-0.08,0.01,3.74,-3.44
0.06,-0.07,0.97,-0.16,-0.06,-0.01,3.45,-3.89
0.06,-0.06,0.96,-0.12,-0.07,-0.02,3.76,-3.37
0.05,-0.04,0.96,-0.04,-0.09,-0.05,3.21,-2.65
0.06,-0.04,0.96,-0.05,-0.18,-0.02,3.27,-2.28
0.06,-0.02,0.94,0.03,-0.11,-0.08,3.52,-1.49
0.05,0.01,0.94,0.08,-0.11,-0.1,3.27,0.47
0.05,0.03,0.94,0.1,-0.12,-0.1,3.15,1.82
0.05,0.06,0.92,0.12,-0.12,-0.09,3.38,3.43
0.06,0.07,0.92,0.11,-0.12,-0.09,3.67,4.27
0.06,0.08,0.91,0.11,-0.13,-0.07,3.93,5.21
0.07,0.1,0.9,0.1,-0.15,-0.06,4.19,6.08
0.08,0.1,0.88,0.09,-0.16,-0.07,5.19,6.63
0.08,0.12,0.87,0.05,-0.16,-0.07,5.03,7.81
0.07,0.13,0.87,-0.02,-0.17,-0.08,4.64,8.53
0.07,0.12,0.87,-0.03,-0.17,-0.07,4.87,7.97
0.07,0.12,0.88,-0.07,-0.19,-0.08,4.52,7.6
0.06,0.1,0.89,-0.07,-0.19,-0.08,3.59,6.71
0.04,0.11,0.88,-0.09,-0.2,-0.1,2.73,7.29
0.03,0.11,0.88,-0.1,-0.23,-0.06,2.03,7.44
0.03,0.11,0.89,-0.06,-0.26,-0.06,1.72,7.35
0.02,0.13,0.88,-0.06,-0.28,-0.06,1.52,8.2
0.03,0.14,0.87,-0.06,-0.31,-0.05,1.82,9.0
0.02,0.14,0.86,0.04,-0.22,-0.2,1.3,9.17
0.02,0.13,0.85,0.02,-0.36,-0.09,1.63,8.65
0.02,0.13,0.84,0.04,-0.41,-0.05,1.63,9.15
0.03,0.14,0.83,0.1,-0.42,-0.06,2.18,9.68
0.03,0.18,0.81,0.14,-0.46,-0.05,2.12,12.3
0.04,0.21,0.79,0.18,-0.48,-0.06,2.79,14.59
0.04,0.24,0.77,0.21,-0.52,-0.06,2.87,17.37
0.04,0.29,0.76,0.21,-0.56,-0.06,2.99,20.67
0.06,0.32,0.75,0.21,-0.64,-0.04,4.44,22.7
0.09,0.33,0.73,0.19,-0.74,-0.05,6.41,24.07
0.11,0.32,0.7,0.14,-0.81,-0.08,7.91,24.34
0.11,0.3,0.68,0.05,-0.85,-0.12,8.74,23.86
0.11,0.29,0.68,-0.03,-0.91,-0.16,8.68,23.21
0.12,0.28,0.7,-0.1,-0.97,-0.19,8.74,21.54
0.12,0.27,0.71,-0.19,-1.01,-0.2,9.11,20.42
0.11,0.22,0.72,-0.28,-1.05,-0.2,8.61,16.89
0.12,0.18,0.72,-0.38,-1.06,-0.2,8.93,13.96
0.11,0.13,0.75,-0.46,-1.06,-0.21,8.13,10.0
0.1,0.1,0.77,-0.54,-1.07,-0.2,7.51,7.34
0.11,0.06,0.8,-0.58,-1.06,-0.2,7.53,4.15
0.11,0.02,0.82,-0.59,-1.07,-0.21,7.53,1.39
0.09,-0.01,0.82,-0.59,-1.09,-0.24,6.41,-0.56
0.08,-0.03,0.83,-0.59,-1.09,-0.26,5.51,-2.33
0.06,-0.04,0.86,-0.57,-1.05,-0.29,3.92,-2.88
0.05,-0.05,0.86,-0.5,-1.06,-0.3,3.13,-3.13
0.03,-0.05,0.87,-0.45,-1.05,-0.3,1.72,-3.04
0.02,-0.04,0.89,-0.33,-1.08,-0.3,1.33,-2.65
0.01,-0.03,0.9,-0.22,-1.11,-0.3,0.94,-2.13
0.01,-0.02,0.89,-0.1,-1.16,-0.3,0.87,-1.45
0.01,-0.02,0.86,0.02,-1.2,-0.33,0.56,-1.27
0.01,-0.0,0.84,0.11,-1.26,-0.36,0.42,-0.32
0.01,0.03,0.84,0.18,-1.27,-0.38,0.64,1.92
0.05,0.05,0.82,0.25,-1.34,-0.39,3.14,3.76
0.06,0.06,0.8,0.32,-1.4,-0.41,4.61,4.61
0.09,0.05,0.77,0.33,-1.45,-0.41,6.32,4.01
0.09,0.04,0.73,0.31,-1.46,-0.44,7.4,3.39
0.09,0.07,0.73,0.26,-1.44,-0.48,7.07,5.43
0.08,0.11,0.74,0.21,-1.43,-0.49,6.04,8.72
0.07,0.16,0.74,0.16,-1.44,-0.45,5.54,12.07
0.08,0.19,0.75,0.07,-1.47,-0.42,5.62,13.97
0.08,0.18,0.75,-0.04,-1.54,-0.38,6.14,13.44
0.09,0.14,0.75,-0.14,-1.59,-0.34,6.8,10.82
0.1,0.09,0.76,-0.22,-1.58,-0.44,7.24,6.52
0.09,0.04,0.78,-0.34,-1.63,-0.34,6.77,2.65
0.1,-0.01,0.81,-0.39,-1.63,-0.32,7.12,-0.36
0.1,-0.03,0.84,-0.45,-1.62,-0.31,6.89,-2.13
0.08,-0.05,0.86,-0.51,-1.63,-0.29,5.15,-3.56
0.06,-0.07,0.88,-0.54,-1.56,-0.28,3.95,-4.64
0.04,-0.09,0.9,-0.56,-1.54,-0.25,2.55,-5.57
0.03,-0.09,0.92,-0.51,-1.52,-0.22,1.67,-5.81
0.02,-0.09,0.94,-0.47,-1.51,-0.2,1.34,-5.26
0.03,-0.1,0.95,-0.45,-1.52,-0.17,1.78,-5.85
0.04,-0.11,0.94,-0.41,-1.52,-0.16,2.51,-6.53
0.04,-0.11,0.93,-0.36,-1.54,-0.16,2.43,-6.78
0.03,-0.11,0.92,-0.31,-1.54,-0.18,2.04,-7.04
0.03,-0.11,0.93,-0.25,-1.53,-0.19,1.67,-6.6
0.03,-0.09,0.95,-0.2,-1.53,-0.2,1.64,-5.52
0.03,-0.08,0.96,-0.11,-1.57,-0.2,1.71,-4.61
0.04,-0.07,0.93,-0.04,-1.6,-0.2,2.18,-4.13
0.05,-0.08,0.91,-0.01,-1.64,-0.21,2.83,-5.1
0.07,-0.09,0.9,0.03,-1.63,-0.22,4.29,-5.65
0.08,-0.09,0.9,0.08,-1.65,-0.25,5.09,-5.89
0.09,-0.07,0.89,0.13,-1.66,-0.26,5.55,-4.77
0.09,-0.03,0.87,0.13,-1.68,-0.26,5.84,-2.22
0.1,-0.02,0.86,0.1,-1.72,-0.27,6.65,-1.17
0.12,-0.02,0.85,0.05,-1.72,-0.25,7.71,-1.01
0.11,-0.03,0.85,-0.02,-1.72,-0.23,7.65,-1.91
0.11,-0.04,0.86,-0.09,-1.69,-0.22,6.98,-2.53
0.09,-0.05,0.88,-0.18,-1.64,-0.19,5.89,-3.0
0.08,-0.05,0.92,-0.19,-1.64,-0.15,5.23,-3.03
0.09,-0.05,0.93,-0.2,-1.65,-0.12,5.49,-2.93
0.09,-0.06,0.93,-0.21,-1.65,-0.11,5.5,-3.7
0.09,-0.09,0.93,-0.26,-1.67,-0.11,5.8,-5.45
0.1,-0.12,0.94,-0.27,-1.66,-0.12,5.98,-7.45
0.09,-0.13,0.96,-0.25,-1.64,-0.15,5.21,-7.67
0.08,-0.11,0.98,-0.23,-1.62,-0.16,4.49,-6.42
0.07,-0.11,1.0,-0.19,-1.63,-0.17,4.25,-6.14
0.09,-0.11,1.0,-0.16,-1.65,-0.17,4.84,-6.35
0.08,-0.13,1.0,-0.13,-1.67,-0.18,4.8,-7.29
0.08,-0.14,0.99,-0.09,-1.65,-0.2,4.84,-7.75
0.07,-0.12,0.99,-0.07,-1.64,-0.22,4.19,-6.63
0.07,-0.09,1.0,-0.08,-1.64,-0.22,3.84,-5.01
0.07,-0.08,1.01,-0.05,-1.67,-0.19,3.89,-4.46
0.08,-0.09,1.0,-0.06,-1.7,-0.17,4.47,-5.16
0.07,-0.12,1.0,-0.07,-1.7,-0.17,3.82,-7.04
0.08,-0.13,1.0,-0.11,-1.66,-0.18,4.47,-7.5
0.06,-0.12,1.04,-0.15,-1.65,-0.15,3.18,-6.68
0.07,-0.14,1.04,-0.14,-1.61,-0.12,3.61,-7.39
0.06,-0.14,1.04,-0.16,-1.57,-0.11,3.4,-7.64
0.06,-0.14,1.04,-0.18,-1.54,-0.09,3.37,-7.42
0.06,-0.15,1.05,-0.18,-1.51,-0.07,3.3,-7.9
0.07,-0.16,1.05,-0.17,-1.49,-0.09,3.85,-8.82
0.07,-0.16,1.05,-0.16,-1.45,-0.12,3.93,-8.91
0.07,-0.16,1.05,-0.16,-1.41,-0.16,4.04,-8.49
0.08,-0.12,1.04,-0.14,-1.42,-0.2,4.16,-6.72
0.08,-0.09,1.03,-0.07,-1.32,-0.37,4.54,-5.01
0.08,-0.08,1.01,-0.14,-1.44,-0.25,4.4,-4.36
0.07,-0.08,1.01,-0.19,-1.44,-0.26,3.74,-4.64
0.05,-0.08,1.01,-0.21,-1.42,-0.25,3.01,-4.28
0.02,-0.06,1.02,-0.24,-1.41,-0.23,1.22,-3.38
0.01,-0.04,1.04,-0.26,-1.39,-0.2,0.79,-1.94
0.01,-0.03,1.05,-0.27,-1.39,-0.14,0.78,-1.85
0.02,-0.05,1.06,-0.29,-1.42,-0.11,0.86,-2.59
0.0,-0.07,1.07,-0.27,-1.42,-0.09,0.02,-3.64
-0.01,-0.07,1.06,-0.28,-1.41,-0.08,-0.64,-3.77
-0.02,-0.07,1.07,-0.3,-1.38,-0.05,-1.02,-3.77
-0.02,-0.08,1.08,-0.29,-1.32,-0.01,-0.87,-4.04
-0.01,-0.09,1.1,-0.27,-1.3,0.03,-0.49,-4.59
-0.01,-0.1,1.11,-0.24,-1.29,0.06,-0.44,-5.14
0.0,-0.12,1.12,-0.2,-1.26,0.07,0.1,-6.35
0.01,-0.16,1.12,-0.14,-1.25,0.05,0.49,-8.3
0.03,-0.2,1.16,-0.06,-1.23,-0.01,1.37,-9.7
0.04,-0.22,1.17,0.04,-1.21,-0.08,1.86,-10.59
0.04,-0.19,1.16,0.13,-1.18,-0.16,2.04,-9.14
0.04,-0.14,1.12,0.22,-1.19,-0.23,2.08,-6.92
0.04,-0.09,1.07,0.26,-1.19,-0.29,2.24,-4.8
0.03,-0.05,1.04,0.27,-1.21,-0.33,1.89,-2.98
0.02,-0.03,1.03,0.27,-1.2,-0.32,1.03,-1.64
0.02,0.0,1.01,0.27,-1.2,-0.31,0.94,0.14
0.01,0.03,1.0,0.27,-1.21,-0.27,0.58,1.81
0.02,0.06,0.97,0.24,-1.22,-0.21,1.14,3.29
0.04,0.06,0.95,0.19,-1.21,-0.15,2.18,3.66
0.06,0.05,0.93,0.14,-1.23,-0.1,3.4,2.83
0.06,0.02,0.91,0.09,-1.24,-0.08,4.03,1.4
0.07,0.01,0.9,0.01,-1.23,-0.06,4.51,0.84
0.08,0.0,0.92,-0.04,-1.24,-0.05,4.85,0.18
0.08,-0.0,0.93,-0.12,-1.22,-0.03,5.04,-0.08
0.08,-0.02,0.95,-0.14,-1.23,-0.03,4.63,-1.42
0.07,-0.07,0.99,-0.17,-1.25,-0.03,4.22,-3.97
0.08,-0.13,1.03,-0.2,-1.24,-0.06,4.28,-6.87
0.08,-0.16,1.1,-0.17,-1.24,-0.11,4.14,-8.14
0.06,-0.16,1.14,-0.13,-1.22,-0.17,3.05,-8.09
0.04,-0.14,1.15,-0.12,-1.18,-0.23,2.04,-6.96
0.01,-0.1,1.14,-0.1,-1.17,-0.27,0.51,-5.17
-0.01,-0.08,1.15,-0.07,-1.18,-0.26,-0.27,-3.82
-0.02,-0.06,1.16,-0.07,-1.17,-0.23,-0.89,-2.88
-0.04,-0.05,1.15,-0.06,-1.18,-0.2,-1.85,-2.59
-0.04,-0.04,1.15,-0.05,-1.12,-0.17,-1.94,-2.09
-0.04,-0.03,1.16,-0.05,-1.09,-0.12,-2.01,-1.47
-0.04,-0.03,1.15,-0.01,-1.05,-0.06,-1.9,-1.32
-0.03,-0.01,1.13,0.02,-1.02,-0.02,-1.51,-0.75
-0.02,-0.01,1.11,0.04,-1.0,0.0,-1.25,-0.57
-0.02,-0.0,1.09,0.05,-0.98,0.04,-1.05,-0.03
-0.0,0.0,1.05,0.09,-0.98,0.06,-0.09,0.01
0.03,-0.01,1.02,0.08,-0.97,0.07,1.5,-0.53
0.04,-0.02,1.01,0.08,-0.96,0.08,2.47,-1.32
0.07,-0.04,1.01,0.07,-0.95,0.07,3.92,-2.46
0.08,-0.05,1.0,0.06,-0.97,0.05,4.7,-3.1
0.1,-0.08,1.0,0.06,-0.97,-0.0,5.42,-4.47
0.1,-0.08,1.02,0.05,-0.97,-0.06,5.69,-4.64
0.1,-0.07,1.02,0.05,-0.95,-0.11,5.51,-3.68
0.1,-0.04,1.0,0.04,-0.97,-0.16,5.41,-2.46
0.08,-0.03,1.0,0.01,-0.98,-0.19,4.69,-1.45
0.07,-0.01,0.99,-0.02,-0.99,-0.2,3.78,-0.73
0.05,-0.0,1.01,-0.04,-1.0,-0.18,3.07,-0.19
0.04,0.01,1.02,-0.07,-0.98,-0.17,2.17,0.31
0.03,0.02,1.03,-0.06,-1.0,-0.14,1.54,0.84
0.03,0.01,1.05,-0.08,-1.0,-0.1,1.4,0.52
0.02,-0.0,1.06,-0.1,-1.0,-0.07,0.94,-0.23
0.01,-0.01,1.08,-0.08,-1.0,-0.05,0.44,-0.67
0.0,-0.02,1.09,-0.06,-0.98,-0.05,0.09,-1.03
0.0,-0.02,1.08,-0.05,-0.97,-0.05,0.08,-0.87
0.0,-0.01,1.08,-0.03,-0.96,-0.03,0.24,-0.64
0.01,-0.03,1.08,-0.02,-0.97,-0.01,0.4,-1.57
0.01,-0.03,1.07,-0.0,-0.97,-0.02,0.63,-1.61
0.01,-0.04,1.07,-0.0,-0.96,-0.01,0.72,-2.26
0.02,-0.06,1.09,0.02,-0.93,-0.02,0.86,-2.91
0.02,-0.05,1.09,0.05,-0.9,-0.03,0.93,-2.62
0.02,-0.03,1.07,0.08,-0.9,-0.04,1.1,-1.35
0.02,-0.0,1.04,0.12,-0.9,-0.05,0.98,-0.27
0.03,0.01,1.0,0.13,-0.91,-0.05,1.74,0.56
0.04,0.01,1.0,0.11,-0.93,-0.04,2.3,0.47
0.05,-0.01,1.01,0.12,-0.94,-0.04,3.03,-0.38
0.06,-0.02,1.02,0.13,-0.96,-0.06,3.59,-1.22
0.07,-0.03,1.02,0.11,-0.97,-0.07,3.81,-1.56
0.07,-0.02,1.0,0.09,-0.96,-0.08,3.93,-1.41
0.06,-0.01,1.0,0.06,-0.95,-0.07,3.73,-0.48
0.06,0.01,0.98,0.05,-0.94,-0.08,3.39,0.63
0.06,0.02,0.97,0.03,-0.94,-0.05,3.28,1.26
0.05,0.01,0.98,-0.01,-0.94,-0.02,3.13,0.53
0.06,-0.01,1.01,0.0,-0.96,-0.01,3.54,-0.79
0.06,-0.02,1.02,0.02,-0.96,-0.07,3.61,-1.28
0.07,-0.04,1.04,-0.0,-1.0,-0.03,3.62,-2.11
0.07,-0.05,1.04,-0.01,-0.97,-0.06,3.64,-2.89
0.06,-0.06,1.06,-0.01,-0.96,-0.07,3.39,-3.19
0.06,-0.06,1.09,0.01,-0.95,-0.09,3.36,-3.14
0.05,-0.03,1.09,0.01,-0.94,-0.11,2.67,-1.73
0.04,-0.03,1.07,0.02,-0.93,-0.1,2.19,-1.67
0.04,-0.01,1.05,-0.0,-0.94,-0.1,2.37,-0.48
0.03,-0.0,1.06,0.01,-0.93,-0.1,1.65,-0.24
0.03,0.0,1.07,0.0,-0.92,-0.09,1.55,0.02
0.03,-0.01,1.06,-0.02,-0.91,-0.08,1.52,-0.29
0.03,0.0,1.08,-0.01,-0.92,-0.06,1.36,0.12
0.02,-0.01,1.08,-0.02,-0.92,-0.06,1.27,-0.32
0.02,-0.02,1.08,-0.01,-0.91,-0.06,0.81,-0.81
0.01,-0.01,1.1,0.03,-0.79,-0.2,0.48,-0.32
-0.0,-0.0,1.09,-0.03,-0.88,-0.04,-0.03,-0.18
0.0,-0.01,1.09,0.0,-0.87,-0.02,0.16,-0.29
0.0,-0.01,1.1,0.01,-0.85,-0.01,0.23,-0.36
0.02,-0.01,1.09,0.03,-0.85,-0.0,0.79,-0.73
0.02,-0.02,1.08,0.04,-0.83,-0.01,1.09,-0.97
0.02,-0.02,1.06,0.08,-0.83,-0.03,1.11,-1.06
0.03,-0.01,1.04,0.08,-0.84,-0.03,1.61,-0.53
0.04,-0.01,1.03,0.09,-0.82,-0.04,2.29,-0.59
0.05,-0.0,1.02,0.12,-0.84,-0.04,2.92,-0.02
0.06,0.01,0.99,0.1,-0.83,-0.04,3.34,0.36
0.07,0.01,0.98,0.1,-0.84,-0.02,4.05,0.29
0.08,-0.0,0.98,0.08,-0.84,-0.01,4.53,-0.08
0.09,-0.01,0.99,0.08,-0.87,-0.01,4.95,-0.78
0.09,-0.02,0.99,0.07,-0.89,-0.02,5.1,-0.95
0.09,-0.02,1.0,0.05,-0.91,-0.03,4.98,-1.0
0.08,-0.01,1.01,0.01,-0.9,-0.05,4.37,-0.81
0.07,-0.01,1.04,0.0,-0.91,-0.06,3.71,-0.7
0.06,-0.0,1.04,-0.01,-0.92,-0.06,3.19,-0.21
0.05,-0.0,1.06,-0.03,-0.91,-0.05,2.49,-0.02
0.04,0.0,1.08,-0.0,-0.9,-0.07,2.2,0.01
0.04,-0.01,1.11,-0.0,-0.91,-0.02,2.11,-0.5
0.04,-0.02,1.12,0.1,-0.79,-0.19,2.08,-0.78
0.04,-0.02,1.13,0.07,-0.9,-0.07,1.92,-1.18
0.05,-0.02,1.13,0.1,-0.89,-0.09,2.3,-1.18
0.05,-0.02,1.12,0.08,-0.88,-0.11,2.45,-1.1
0.06,-0.02,1.12,0.09,-0.88,-0.11,3.07,-1.18
0.07,-0.01,1.11,0.1,-0.87,-0.12,3.71,-0.66
0.07,-0.01,1.1,0.06,-0.85,-0.13,3.7,-0.48
0.06,-0.01,1.09,0.02,-0.83,-0.11,3.34,-0.45
0.06,-0.01,1.09,-0.03,-0.81,-0.12,3.15,-0.32
0.05,0.0,1.09,-0.06,-0.79,-0.1,2.55,0.08
0.03,0.02,1.09,-0.09,-0.75,-0.09,1.77,0.96
0.02,0.04,1.08,-0.1,-0.75,-0.06,1.17,2.05
0.01,0.05,1.07,-0.08,-0.75,-0.04,0.37,2.72
-0.0,0.05,1.06,-0.09,-0.76,-0.02,-0.15,2.71
-0.01,0.05,1.06,-0.1,-0.74,0.0,-0.49,2.6
-0.01,0.05,1.05,-0.08,-0.74,0.03,-0.63,2.5
-0.01,0.04,1.05,-0.04,-0.74,0.02,-0.61,2.21
-0.01,0.04,1.05,-0.03,-0.75,0.04,-0.29,1.94
0.0,0.02,1.04,0.02,-0.76,0.04,0.04,1.03
0.01,0.02,1.02,0.05,-0.75,0.04,0.82,1.2
0.02,0.01,1.01,0.09,-0.78,0.04,1.23,0.82
0.04,-0.01,1.01,0.12,-0.82,0.01,2.44,-0.34
0.07,-0.03,1.05,0.12,-0.84,-0.02,3.62,-1.85
0.08,-0.05,1.07,0.14,-0.86,-0.07,4.42,-2.69
0.08,-0.06,1.1,0.17,-0.88,-0.13,4.12,-3.25
0.09,-0.05,1.09,0.14,-0.87,-0.2,4.51,-2.54
0.08,-0.02,1.07,0.1,-0.83,-0.21,4.16,-1.33
0.08,0.0,1.06,0.08,-0.82,-0.21,4.31,0.04
0.05,0.02,1.06,0.03,-0.79,-0.19,2.69,1.06
0.04,0.04,1.06,0.02,-0.79,-0.18,1.99,2.03
0.03,0.04,1.07,0.01,-0.78,-0.1,1.54,2.09
0.02,0.03,1.08,-0.02,-0.75,-0.08,0.92,1.61
0.01,0.03,1.11,0.0,-0.75,-0.06,0.29,1.35
0.0,0.02,1.1,0.01,-0.74,-0.07,0.05,1.2
0.0,0.02,1.08,0.03,-0.73,-0.06,0.15,0.99
0.01,0.03,1.06,-0.0,-0.72,-0.06,0.42,1.64
0.01,0.03,1.04,0.0,-0.72,-0.05,0.68,1.92
0.01,0.04,1.01,0.02,-0.73,-0.03,0.81,2.08
0.02,0.03,1.01,0.02,-0.74,0.0,1.13,1.82
0.02,0.01,1.01,-0.01,-0.73,0.0,1.38,0.76
0.02,-0.0,1.04,0.01,-0.75,0.01,1.02,-0.11
0.02,-0.02,1.06,0.04,-0.74,-0.01,1.26,-0.88
0.03,-0.03,1.05,0.07,-0.72,-0.04,1.86,-1.61
0.03,-0.02,1.06,0.08,-0.73,-0.09,1.81,-1.31
0.04,-0.02,1.05,0.1,-0.76,-0.11,2.15,-1.09
0.04,-0.02,1.04,0.1,-0.77,-0.14,2.0,-1.11
0.04,-0.01,1.03,0.1,-0.77,-0.16,2.06,-0.75
0.03,0.0,1.03,0.07,-0.76,-0.14,1.82,0.01
0.03,0.02,1.02,0.03,-0.74,-0.13,1.47,1.11
0.03,0.03,1.03,0.02,-0.74,-0.14,1.46,1.54
0.02,0.03,1.04,-0.03,-0.75,-0.05,1.19,1.7
0.02,0.03,1.05,-0.05,-0.73,-0.02,1.06,1.5
0.02,0.02,1.07,-0.08,-0.73,0.01,1.07,1.32
0.01,0.02,1.09,0.02,-0.54,-0.21,0.66,0.99
0.01,0.02,1.1,-0.12,-0.69,0.03,0.28,1.1
0.01,0.02,1.1,-0.14,-0.66,0.03,0.34,1.13
0.0,0.02,1.11,-0.06,-0.53,-0.1,0.18,1.19
0.01,0.03,1.12,-0.04,-0.51,-0.11,0.36,1.36
0.01,0.02,1.11,-0.07,-0.64,0.04,0.7,1.07
0.01,0.02,1.12,-0.1,-0.61,0.04,0.67,1.12
0.01,0.02,1.11,0.02,-0.48,-0.1,0.59,0.88
0.02,0.03,1.09,-0.0,-0.57,-0.07,0.9,1.49
0.02,0.02,1.07,-0.04,-0.62,-0.01,0.97,1.25
0.02,0.01,1.06,-0.0,-0.62,-0.01,1.22,0.59
0.03,0.01,1.05,-0.0,-0.63,-0.0,1.69,0.55
0.04,0.01,1.03,0.03,-0.59,-0.07,2.38,0.76
0.05,0.02,1.0,0.0,-0.63,-0.02,2.63,1.09
0.04,0.02,0.99,-0.02,-0.63,-0.0,2.49,1.02
0.04,0.01,0.98,-0.01,-0.65,0.0,2.46,0.72
0.04,0.0,0.99,-0.02,-0.65,0.01,2.04,0.15
0.03,0.01,0.99,-0.01,-0.67,0.03,1.99,0.37
0.03,0.0,0.99,-0.02,-0.65,0.03,1.85,0.2
0.03,0.0,1.0,-0.04,-0.69,0.04,1.46,0.28
0.02,0.0,1.0,-0.03,-0.7,0.03,1.05,0.03
0.0,-0.01,1.01,-0.02,-0.71,0.03,0.12,-0.68
0.01,-0.01,1.01,-0.05,-0.71,0.03,0.54,-0.42
0.01,-0.01,1.03,-0.04,-0.71,0.04,0.56,-0.44
0.01,-0.0,1.04,-0.02,-0.71,0.04,0.29,-0.12
0.01,-0.0,1.03,0.06,-0.59,-0.09,0.69,-0.14
0.01,-0.01,1.05,0.0,-0.71,0.06,0.77,-0.39
0.01,0.01,1.08,0.03,-0.72,0.04,0.74,0.45
0.02,0.0,1.07,0.16,-0.61,-0.11,0.92,0.11
0.03,-0.0,1.06,0.11,-0.77,0.02,1.36,-0.07
0.04,-0.0,1.05,0.11,-0.74,-0.0,2.4,-0.25
0.05,-0.01,1.03,0.14,-0.76,-0.0,2.91,-0.72
0.06,-0.01,1.02,0.25,-0.65,-0.14,3.62,-0.7
0.08,-0.02,1.01,0.16,-0.79,0.01,4.49,-0.88
0.08,-0.03,1.0,0.13,-0.78,0.02,4.73,-1.53
0.08,-0.03,1.0,0.09,-0.78,0.04,4.61,-1.47
0.08,-0.03,0.99,0.07,-0.79,0.05,4.71,-1.6
0.08,-0.03,0.98,0.02,-0.9,0.11,4.61,-1.61
0.07,-0.03,0.98,0.01,-0.84,0.06,4.0,-1.91
0.05,-0.03,0.98,0.01,-0.84,0.07,3.15,-1.77
0.05,-0.03,0.99,0.08,-0.75,-0.07,2.81,-1.75
0.04,-0.03,1.01,-0.0,-0.93,0.07,2.23,-1.98
0.02,-0.03,1.03,0.0,-0.9,0.09,1.21,-1.47
0.02,-0.01,1.04,0.02,-0.89,0.09,0.91,-0.73
0.01,-0.0,1.04,0.04,-0.91,0.09,0.77,-0.1
0.02,0.0,1.05,0.16,-0.8,-0.05,0.87,0.04
0.02,0.0,1.07,0.13,-0.94,0.09,1.24,0.14
0.02,0.01,1.1,0.16,-0.94,0.07,0.9,0.28
0.0,0.02,1.12,0.34,-0.85,-0.1,0.17,0.89
0.01,0.01,1.11,0.35,-1.05,0.02,0.45,0.42
0.02,0.0,1.1,0.4,-1.0,-0.01,1.1,0.07
0.04,-0.01,1.07,0.45,-1.01,-0.03,2.19,-0.35
0.06,-0.01,1.03,0.49,-1.02,-0.03,3.53,-0.71
0.09,-0.03,1.01,0.52,-0.96,-0.11,5.07,-1.53
0.1,-0.03,0.99,0.35,-1.19,0.15,5.94,-1.71
0.11,-0.03,0.98,0.38,-1.05,0.05,6.49,-1.92
0.12,-0.03,0.98,0.32,-1.04,0.06,6.77,-1.86
0.12,-0.04,0.98,0.29,-1.07,0.06,6.78,-2.03
0.11,-0.03,0.99,0.21,-1.08,0.11,6.43,-1.99
0.11,-0.04,1.01,0.17,-1.07,0.12,6.03,-2.08
0.09,-0.03,1.02,0.09,-1.08,0.13,5.13,-1.74
0.08,-0.03,1.04,0.05,-1.17,0.16,4.49,-1.47
0.08,-0.01,1.06,0.05,-1.12,0.13,4.12,-0.78
0.06,-0.0,1.1,0.05,-1.11,0.12,3.16,-0.22
0.05,0.0,1.14,-0.04,-1.32,0.28,2.44,0.13
0.04,-0.01,1.18,0.05,-1.12,0.1,1.8,-0.42
0.05,-0.01,1.2,0.15,-1.11,0.02,2.27,-0.65
0.05,0.0,1.19,0.12,-1.06,-0.02,2.62,0.07
0.06,0.02,1.17,0.14,-1.06,-0.04,2.99,0.85
0.07,0.02,1.13,0.24,-0.93,-0.21,3.64,1.1
0.09,0.03,1.11,0.14,-1.06,-0.05,4.47,1.66
0.09,0.03,1.1,0.09,-1.03,-0.03,4.73,1.77
0.09,0.04,1.11,0.07,-1.04,-0.01,4.68,1.92
0.09,0.03,1.13,0.05,-1.03,-0.02,4.54,1.28
0.09,0.04,1.14,-0.07,-1.16,0.12,4.38,1.95
0.09,0.03,1.14,-0.08,-1.06,0.0,4.65,1.66
0.08,0.05,1.16,-0.09,-0.99,-0.0,4.0,2.47
0.08,0.04,1.13,-0.09,-0.94,-0.09,4.28,2.11
0.06,0.06,1.14,-0.18,-0.99,-0.01,3.24,3.05
0.05,0.07,1.16,-0.2,-0.94,-0.02,2.4,3.42
0.03,0.08,1.17,-0.24,-0.94,-0.02,1.65,4.04
0.01,0.08,1.2,-0.21,-0.93,-0.04,0.61,4.02
0.01,0.08,1.24,-0.23,-0.98,-0.02,0.56,3.57
-0.0,0.09,1.25,-0.22,-0.86,-0.08,-0.14,4.3
-0.01,0.11,1.25,-0.15,-0.85,-0.11,-0.47,4.9
-0.02,0.12,1.22,-0.04,-0.83,-0.15,-0.81,5.42
-0.01,0.12,1.2,-0.13,-0.81,-0.15,-0.69,5.69
-0.02,0.13,1.17,-0.14,-0.76,-0.16,-1.13,6.29
-0.03,0.13,1.16,-0.14,-0.77,-0.14,-1.43,6.29
-0.03,0.12,1.16,-0.09,-0.66,-0.27,-1.34,6.07
-0.03,0.12,1.16,-0.14,-0.75,-0.11,-1.29,6.09
-0.03,0.13,1.17,-0.16,-0.71,-0.11,-1.65,6.44
-0.04,0.15,1.17,-0.15,-0.7,-0.09,-2.02,7.13
-0.06,0.17,1.17,-0.08,-0.55,-0.22,-2.67,8.1
-0.06,0.17,1.17,-0.14,-0.64,-0.08,-3.07,8.16
-0.07,0.16,1.17,-0.15,-0.63,-0.03,-3.45,7.96
-0.08,0.16,1.16,-0.13,-0.6,-0.03,-3.7,8.04
-0.07,0.18,1.15,-0.11,-0.59,-0.03,-3.69,8.82
-0.08,0.18,1.16,-0.06,-0.54,-0.08,-4.07,8.75
-0.09,0.19,1.16,-0.08,-0.56,-0.0,-4.42,9.29
-0.1,0.19,1.17,-0.04,-0.54,-0.01,-4.76,9.44
-0.1,0.21,1.17,0.02,-0.52,-0.02,-4.99,10.28
-0.1,0.22,1.16,0.1,-0.47,-0.06,-4.71,10.61
-0.07,0.21,1.16,0.1,-0.47,-0.01,-3.22,10.45
-0.05,0.2,1.15,0.11,-0.44,-0.0,-2.22,9.66
-0.01,0.19,1.15,0.16,-0.42,0.01,-0.66,9.38
-0.0,0.17,1.16,0.17,-0.41,0.0,-0.02,8.32
0.02,0.15,1.16,0.13,-0.36,0.0,0.99,7.42
0.04,0.12,1.16,0.08,-0.33,0.0,1.96,6.09
0.05,0.11,1.14,0.11,-0.17,-0.16,2.53,5.72
0.06,0.12,1.13,-0.03,-0.3,-0.02,2.91,5.82
0.06,0.11,1.11,-0.1,-0.24,-0.02,3.05,5.71
0.05,0.11,1.1,-0.17,-0.22,-0.04,2.36,5.69
0.03,0.11,1.1,-0.19,-0.21,-0.06,1.46,5.74
0.0,0.12,1.11,-0.22,-0.21,-0.06,0.06,6.22
-0.02,0.14,1.1,-0.23,-0.2,-0.07,-1.01,7.12
-0.03,0.15,1.09,-0.25,-0.16,-0.06,-1.79,7.62
-0.06,0.15,1.08,-0.23,-0.18,-0.07,-2.98,7.68
-0.08,0.16,1.08,-0.21,-0.16,-0.07,-3.93,8.24
-0.09,0.17,1.08,-0.19,-0.16,-0.07,-4.74,8.78
-0.09,0.17,1.08,-0.16,-0.15,-0.05,-4.76,8.64
-0.1,0.15,1.09,-0.13,-0.14,-0.04,-5.04,8.0
-0.09,0.15,1.1,-0.11,-0.12,-0.04,-4.86,7.52
-0.09,0.14,1.1,-0.1,-0.1,-0.01,-4.56,7.25
-0.08,0.12,1.09,-0.08,-0.07,0.0,-4.39,6.51
-0.08,0.11,1.08,-0.08,-0.06,0.01,-4.1,6.03
-0.08,0.12,1.07,-0.07,-0.02,0.01,-4.45,6.38
-0.08,0.11,1.07,-0.1,-0.03,0.03,-4.49,6.08
-0.1,0.12,1.07,-0.08,-0.02,0.03,-5.07,6.49
-0.1,0.13,1.08,-0.05,-0.02,0.04,-4.98,7.05
-0.1,0.12,1.1,0.1,0.15,-0.16,-5.17,6.46
-0.11,0.13,1.1,0.01,-0.03,0.03,-5.74,6.63
-0.09,0.12,1.09,0.06,0.0,0.04,-4.55,6.27
-0.07,0.11,1.09,0.1,-0.01,0.05,-3.61,5.48
-0.04,0.09,1.11,0.12,-0.0,0.05,-2.3,4.42
-0.02,0.07,1.1,0.09,0.02,0.09,-0.82,3.87
0.01,0.06,1.1,0.09,0.05,0.09,0.42,3.29
0.01,0.05,1.09,0.08,0.05,0.11,0.37,2.75
0.02,0.04,1.1,0.14,0.19,-0.03,1.17,2.2
0.04,0.04,1.1,0.04,0.08,0.11,2.33,2.07
0.05,0.03,1.1,0.01,0.12,0.12,2.78,1.3
0.05,0.03,1.1,-0.04,0.11,0.1,2.87,1.36
0.06,0.03,1.1,0.01,0.27,-0.06,2.99,1.47
0.05,0.03,1.1,-0.06,0.13,0.06,2.68,1.52
0.05,0.04,1.09,-0.1,0.15,0.05,2.75,1.88
0.04,0.04,1.09,-0.16,0.07,0.09,2.26,2.04
0.03,0.05,1.09,-0.12,0.16,0.01,1.49,2.44
0.02,0.05,1.08,-0.12,0.15,0.01,1.2,2.73
0.02,0.05,1.07,-0.14,0.2,0.02,1.04,2.65
0.01,0.06,1.05,-0.11,0.17,0.04,0.46,3.05
0.01,0.05,1.05,0.01,0.35,-0.13,0.67,2.66
0.01,0.05,1.05,-0.03,0.16,0.04,0.77,2.75
0.01,0.04,1.05,-0.05,0.18,0.04,0.81,2.44
0.01,0.04,1.05,-0.02,0.15,0.06,0.76,1.94
0.02,0.03,1.04,0.02,0.15,0.06,1.08,1.63
0.03,0.02,1.04,0.03,0.14,0.07,1.77,1.1
0.04,0.01,1.04,0.04,0.13,0.08,2.32,0.51
0.04,0.01,1.04,0.04,0.12,0.08,2.39,0.4
0.04,0.01,1.05,0.11,0.26,-0.07,2.37,0.32
0.05,-0.0,1.06,0.05,0.11,0.07,2.63,-0.14
0.05,-0.01,1.06,0.02,0.13,0.06,2.7,-0.45
0.05,-0.01,1.06,0.02,0.14,0.07,2.87,-0.34
0.06,-0.01,1.05,0.04,0.14,0.07,3.4,-0.5
0.06,-0.01,1.04,0.04,0.11,0.09,3.43,-0.59
0.07,-0.01,1.04,0.0,0.14,0.08,3.74,-0.68
0.07,-0.01,1.03,0.0,0.13,0.06,3.78,-0.5
0.06,-0.02,1.04,-0.0,0.11,0.07,3.35,-0.84
0.06,-0.02,1.03,0.0,0.09,0.05,3.26,-0.86
0.06,-0.03,1.04,-0.01,0.11,0.05,3.16,-1.44
0.05,-0.03,1.04,-0.04,0.12,0.05,2.98,-1.45
0.04,-0.02,1.04,0.01,0.11,0.04,2.28,-0.89
0.03,-0.01,1.02,-0.03,0.03,0.09,1.89,-0.49
0.03,-0.01,1.01,0.0,0.06,0.05,1.93,-0.6
0.03,-0.02,1.0,0.03,0.06,0.05,1.9,-0.92
0.03,-0.01,1.0,0.03,0.04,0.06,1.57,-0.71
0.03,-0.02,1.01,0.06,0.02,0.08,1.84,-1.05
0.03,-0.03,1.02,0.08,-0.0,0.07,1.95,-1.7
0.05,-0.04,1.02,0.04,0.02,0.08,2.85,-2.26
0.06,-0.05,1.03,0.0,0.01,0.09,3.33,-2.56
0.06,-0.04,1.03,-0.04,-0.05,0.14,3.41,-2.39
0.07,-0.04,1.03,-0.02,0.01,0.11,3.6,-2.47
0.06,-0.04,1.03,-0.04,0.02,0.11,3.45,-2.32
0.05,-0.05,1.03,-0.05,0.0,0.09,2.91,-2.53
0.04,-0.04,1.04,-0.02,0.07,-0.02,2.31,-2.31
0.04,-0.03,1.05,-0.05,-0.03,0.06,2.24,-1.82
0.02,-0.02,1.06,-0.05,-0.03,0.03,1.31,-1.25
0.03,-0.01,1.07,-0.06,-0.03,0.05,1.56,-0.77
0.04,0.0,1.08,0.03,0.11,-0.12,1.86,0.19
0.04,-0.0,1.06,-0.03,-0.06,0.03,2.32,-0.15
0.05,-0.01,1.08,-0.04,-0.04,0.02,2.52,-0.74
0.05,-0.02,1.07,-0.07,-0.04,0.03,2.69,-1.11
0.06,-0.04,1.04,-0.05,-0.05,0.02,3.48,-2.43
0.07,-0.04,1.04,-0.09,-0.07,0.04,3.77,-2.01
0.07,-0.04,1.04,-0.16,-0.03,0.03,3.79,-1.98
0.05,-0.02,1.04,-0.2,-0.03,0.05,2.9,-1.09
0.03,-0.02,1.05,-0.23,-0.04,0.06,1.89,-1.09
0.02,-0.0,1.05,-0.29,-0.13,0.14,1.11,-0.27
-0.0,0.01,1.05,-0.25,-0.04,0.08,-0.06,0.47
-0.02,0.03,1.06,-0.24,-0.04,0.1,-1.14,1.5
-0.04,0.05,1.07,-0.12,0.08,-0.05,-1.97,2.52
-0.04,0.04,1.07,-0.21,-0.13,0.15,-2.09,2.24
-0.04,0.04,1.08,-0.17,-0.06,0.1,-2.38,2.2
-0.04,0.04,1.08,-0.11,-0.06,0.08,-1.94,2.13
-0.03,0.04,1.09,0.02,0.07,-0.07,-1.81,2.11
-0.02,0.03,1.08,0.02,-0.09,0.07,-1.2,1.68
-0.01,0.02,1.07,0.03,-0.1,0.08,-0.46,1.15
0.0,0.01,1.06,0.0,-0.07,0.08,0.23,0.63
0.01,0.02,1.05,0.1,0.03,-0.05,0.66,0.84
0.01,0.01,1.05,0.04,-0.06,0.04,0.58,0.78
0.02,0.01,1.07,-0.02,-0.1,0.12,0.84,0.59
0.01,0.02,1.09,-0.02,-0.1,0.12,0.72,0.93
0.01,0.02,1.1,0.13,0.12,-0.11,0.56,0.82
0.01,0.02,1.1,0.03,-0.03,0.03,0.39,1.21
0.01,0.03,1.1,0.0,-0.08,0.11,0.39,1.62
0.0,0.05,1.1,0.09,0.07,-0.04,0.14,2.39
0.01,0.05,1.1,0.03,-0.08,0.11,0.48,2.48
0.0,0.05,1.12,0.06,-0.04,0.06,0.16,2.36
0.01,0.05,1.13,0.06,-0.07,0.12,0.44,2.33
0.01,0.03,1.13,0.09,-0.05,0.09,0.55,1.75
0.02,0.03,1.12,0.13,-0.04,0.07,1.13,1.57
0.04,0.02,1.1,0.11,-0.03,0.05,1.91,1.0
0.04,0.03,1.08,0.07,-0.01,0.06,1.88,1.55
0.04,0.04,1.07,0.07,-0.0,0.07,2.08,2.16
0.05,0.04,1.07,0.12,-0.01,0.07,2.64,1.92
0.06,0.02,1.07,0.09,-0.04,0.09,3.18,1.18
0.07,0.02,1.08,0.03,-0.02,0.09,3.48,0.89
0.07,0.01,1.08,0.0,0.01,0.08,3.79,0.57
0.08,0.01,1.08,-0.02,0.02,0.07,4.15,0.53
0.08,0.02,1.07,-0.05,-0.0,0.06,4.39,0.81
0.08,0.02,1.08,-0.05,0.0,0.07,4.3,0.95
0.09,0.02,1.09,-0.08,0.04,0.07,4.66,1.13
0.08,0.03,1.1,-0.11,0.03,0.07,4.04,1.62
0.07,0.03,1.11,-0.09,0.02,0.07,3.69,1.61
0.07,0.02,1.11,-0.12,0.04,0.05,3.5,1.05
0.07,0.04,1.11,-0.17,0.05,0.04,3.35,1.8
0.06,0.04,1.1,-0.16,0.04,0.04,3.22,1.96
0.06,0.03,1.09,-0.07,0.21,-0.13,3.16,1.81
0.05,0.04,1.09,-0.14,0.05,0.03,2.61,1.92
0.05,0.03,1.1,-0.16,0.09,0.02,2.54,1.49
0.04,0.03,1.09,-0.15,0.07,0.03,1.86,1.36
0.04,0.03,1.08,-0.13,0.08,-0.0,2.03,1.82
0.03,0.04,1.05,-0.14,0.08,-0.01,1.51,2.28
0.01,0.04,1.03,-0.14,0.09,-0.01,0.71,2.18
0.01,0.05,1.03,-0.11,0.07,0.02,0.53,2.95
0.01,0.04,1.02,-0.09,0.06,0.04,0.46,2.52
0.0,0.05,1.05,-0.05,0.05,0.05,0.09,2.54
-0.0,0.04,1.08,-0.03,0.06,0.05,-0.05,2.18
-0.0,0.06,1.09,0.02,0.05,0.06,-0.21,2.94
0.01,0.05,1.08,0.11,0.18,-0.09,0.34,2.47
0.02,0.04,1.08,0.1,0.04,0.03,0.91,2.37
0.02,0.03,1.08,0.11,0.05,0.02,1.13,1.82
0.05,0.03,1.06,0.1,0.05,0.04,2.46,1.73
0.05,0.02,1.05,0.14,0.06,0.0,2.73,0.96
0.07,0.01,1.06,0.16,0.02,0.01,3.52,0.53
0.08,-0.01,1.06,0.2,0.17,-0.11,4.29,-0.3
0.09,-0.02,1.07,0.12,0.07,-0.03,4.58,-1.3
0.1,-0.03,1.05,0.04,0.03,0.03,5.46,-1.62
0.1,-0.04,1.03,0.03,0.05,-0.01,5.58,-1.94
0.09,-0.03,1.02,-0.05,0.08,-0.02,5.02,-1.51
0.08,-0.02,1.01,-0.08,0.07,-0.0,4.71,-1.36
0.07,-0.01,1.01,-0.1,0.06,0.01,3.86,-0.58
0.05,-0.0,1.03,-0.1,0.03,0.02,2.93,-0.05
0.04,0.0,1.03,-0.15,0.05,0.03,2.42,0.17
0.04,0.01,1.05,-0.14,0.05,0.05,2.31,0.38
0.04,0.01,1.06,-0.16,0.04,0.05,2.03,0.69
0.03,0.01,1.07,-0.1,0.04,0.04,1.82,0.59
0.04,0.0,1.07,-0.1,0.03,0.02,2.11,0.18
0.03,0.01,1.07,-0.07,0.04,0.01,1.85,0.37
0.04,0.0,1.06,-0.05,0.03,0.01,2.39,0.16
0.06,0.0,1.05,-0.03,0.0,0.0,3.03,0.24
0.06,-0.02,1.03,-0.05,0.0,-0.02,3.42,-0.88
0.06,-0.02,1.03,-0.08,0.01,-0.0,3.36,-1.01
0.06,-0.02,1.04,-0.08,-0.0,-0.01,3.21,-1.26
0.06,-0.03,1.05,-0.05,0.08,-0.13,3.4,-1.78
0.06,-0.02,1.05,-0.12,0.0,-0.02,3.42,-0.97
0.06,-0.02,1.04,-0.14,0.01,-0.01,3.31,-0.95
0.05,-0.01,1.04,-0.16,0.03,0.01,2.98,-0.54
0.05,-0.01,1.03,-0.18,0.06,-0.05,2.92,-0.43
0.04,0.01,1.04,-0.19,0.01,0.02,2.04,0.32
0.03,0.02,1.03,-0.22,0.03,0.02,1.71,1.13
0.03,0.02,1.04,-0.18,0.01,0.03,1.55,1.2
0.02,0.02,1.05,-0.15,0.05,-0.03,1.19,1.3
0.02,0.02,1.06,-0.12,-0.01,0.03,1.15,1.09
0.02,0.02,1.05,-0.12,0.02,0.03,1.31,1.19
0.03,0.02,1.05,-0.11,0.02,0.04,1.59,1.18
0.04,0.01,1.04,-0.09,0.01,0.05,2.02,0.32
0.05,0.01,1.04,-0.09,-0.01,0.04,2.69,0.39
0.06,-0.0,1.05,-0.1,-0.0,0.04,3.19,-0.16
0.06,-0.01,1.06,-0.1,-0.02,0.04,3.3,-0.5
0.06,-0.01,1.07,-0.1,-0.01,-0.01,3.0,-0.29
0.05,-0.01,1.08,-0.11,-0.05,0.02,2.75,-0.33
0.06,-0.01,1.08,-0.11,-0.01,0.01,2.96,-0.63
0.05,-0.01,1.07,-0.12,-0.02,0.01,2.92,-0.55
0.06,-0.01,1.06,-0.08,-0.03,-0.0,3.11,-0.71
0.05,0.0,1.05,-0.11,-0.04,0.0,2.47,0.13
0.06,-0.01,1.05,-0.12,-0.03,0.01,3.01,-0.39
0.03,0.01,1.04,-0.13,-0.03,0.01,1.92,0.51
0.04,0.0,1.05,-0.12,-0.04,0.01,2.07,0.1
0.03,0.0,1.06,-0.16,-0.08,0.04,1.8,0.0
0.03,0.02,1.07,-0.15,-0.03,0.03,1.42,0.81
0.02,0.02,1.07,-0.15,-0.03,0.03,1.32,1.09
0.04,0.02,1.06,-0.14,-0.04,0.04,2.13,0.82
0.04,0.02,1.06,-0.14,-0.05,0.04,1.96,1.21
0.03,0.01,1.07,-0.15,-0.02,0.03,1.67,0.56
0.04,0.01,1.07,-0.13,-0.04,0.05,2.19,0.65
0.04,0.02,1.07,-0.15,-0.01,0.03,1.92,0.83
0.04,0.01,1.07,-0.11,-0.05,0.03,2.19,0.57
0.04,0.01,1.07,-0.15,-0.01,0.01,1.98,0.3
0.04,0.01,1.07,-0.13,-0.01,0.01,1.95,0.39
0.04,0.01,1.05,-0.01,0.22,-0.22,2.03,0.39
0.04,0.01,1.05,-0.11,-0.03,0.01,1.92,0.31
0.03,0.01,1.05,-0.15,-0.02,0.02,1.71,0.44
0.02,0.01,1.05,-0.17,-0.0,0.02,1.2,0.3
0.02,0.01,1.06,-0.14,-0.03,0.02,0.86,0.48
0.02,-0.0,1.05,-0.16,-0.02,0.01,1.11,-0.06
0.02,-0.0,1.04,-0.16,-0.03,0.03,1.17,-0.15
0.02,0.01,1.04,-0.17,-0.02,0.04,0.93,0.5
0.02,0.01,1.05,-0.14,-0.02,0.05,1.06,0.59
0.02,0.01,1.05,-0.15,-0.05,0.06,1.24,0.77
0.03,0.0,1.06,-0.14,-0.04,0.07,1.47,0.25
0.03,0.01,1.08,-0.15,-0.03,0.08,1.46,0.55
0.03,0.01,1.08,-0.12,-0.04,0.08,1.53,0.32
0.03,-0.0,1.1,-0.09,0.0,0.01,1.65,-0.21
0.03,-0.01,1.1,-0.11,-0.04,0.05,1.68,-0.34
0.03,-0.0,1.1,-0.1,-0.04,0.03,1.53,-0.02
0.03,0.01,1.09,-0.11,-0.03,0.0,1.69,0.62
0.03,0.01,1.08,-0.09,-0.02,-0.01,1.54,0.73
0.03,0.01,1.06,-0.1,-0.03,-0.0,1.59,0.52
0.03,0.01,1.06,-0.1,-0.01,0.01,1.39,0.71
0.02,0.02,1.06,-0.08,-0.02,0.01,1.35,1.22
0.03,0.01,1.05,-0.09,-0.03,0.02,1.36,0.79
0.02,0.02,1.06,-0.1,-0.02,0.03,1.26,0.93
0.03,0.01,1.06,-0.1,-0.01,0.03,1.78,0.68
0.04,0.01,1.07,-0.1,-0.01,0.05,1.93,0.6
0.04,0.01,1.08,-0.1,0.0,0.05,2.01,0.74
0.04,0.01,1.07,-0.12,-0.01,0.06,2.14,0.61
0.04,0.01,1.07,-0.12,0.01,0.05,2.4,0.59
0.05,0.0,1.06,-0.1,-0.0,0.04,2.69,0.04
0.05,-0.01,1.06,-0.1,0.02,-0.0,2.76,-0.31
0.05,-0.01,1.07,-0.12,-0.01,0.04,2.59,-0.78
0.04,-0.01,1.08,-0.13,-0.0,0.03,2.18,-0.46
0.03,0.0,1.08,-0.15,-0.01,0.03,1.69,0.18
0.03,0.0,1.08,-0.11,0.03,-0.05,1.5,0.23
0.02,0.01,1.08,-0.09,-0.04,0.01,0.85,0.67
0.02,0.01,1.07,-0.1,-0.01,0.01,0.82,0.71
0.01,0.02,1.07,-0.09,-0.03,0.02,0.64,1.13
0.02,0.01,1.05,0.05,0.21,-0.2,1.05,0.51
0.02,0.01,1.05,-0.06,-0.02,0.03,1.33,0.55
0.03,0.02,1.06,-0.11,-0.0,0.04,1.84,1.07
0.02,0.01,1.06,-0.09,-0.02,0.05,1.33,0.39
0.04,0.01,1.07,0.01,0.12,-0.11,2.2,0.38
0.05,-0.01,1.08,-0.04,-0.04,0.05,2.49,-0.67
0.06,-0.0,1.09,-0.07,-0.01,0.05,2.92,-0.16
0.06,-0.02,1.08,-0.07,-0.01,0.05,3.17,-0.85
0.06,-0.02,1.07,-0.14,-0.08,0.09,3.44,-0.96
0.07,-0.01,1.07,-0.13,-0.02,0.06,3.73,-0.36
0.06,-0.02,1.08,-0.13,-0.01,0.03,3.22,-1.1
0.07,-0.01,1.09,-0.12,-0.01,0.03,3.48,-0.62
0.06,-0.01,1.08,-0.05,0.11,-0.13,3.42,-0.4
0.06,-0.0,1.09,-0.1,-0.03,0.01,2.93,-0.23
0.05,-0.01,1.08,-0.17,0.01,0.02,2.68,-0.36
0.05,-0.0,1.08,-0.15,-0.01,0.01,2.52,-0.05
0.05,0.0,1.08,-0.06,0.13,-0.14,2.45,0.11
0.04,-0.0,1.07,-0.11,-0.03,-0.02,2.28,-0.09
0.04,-0.0,1.06,-0.13,-0.03,-0.01,2.28,-0.17
0.04,0.0,1.06,-0.13,-0.02,-0.04,2.24,0.01
0.04,0.01,1.06,-0.12,-0.03,0.01,2.01,0.49
0.04,0.0,1.06,-0.15,-0.08,0.05,2.0,0.16
0.04,0.01,1.06,-0.16,-0.05,0.03,2.04,0.51
0.04,0.0,1.07,-0.15,-0.05,0.03,2.14,0.19
0.04,-0.0,1.09,-0.04,0.09,-0.13,2.06,-0.1
0.04,-0.0,1.1,-0.1,-0.02,-0.04,2.07,-0.16
0.05,-0.0,1.11,-0.14,-0.04,0.01,2.35,-0.24
0.05,-0.0,1.1,-0.11,-0.02,-0.01,2.59,-0.14
0.05,0.0,1.09,-0.11,-0.02,-0.02,2.84,0.18
0.05,-0.0,1.08,-0.13,-0.01,-0.02,2.9,-0.11
0.05,0.0,1.06,-0.13,-0.01,-0.02,2.96,0.16
0.05,0.01,1.06,-0.15,-0.02,-0.01,2.83,0.32
