accelX,accelY,accelZ,gyroX,gyroY,gyroZ,pitch,roll
-0.0,-0.04,1.04,-0.13,-0.07,-0.01,-0.12,-2.07
0.01,-0.04,1.04,-0.13,-0.09,0.0,0.58,-2.48
0.01,-0.04,1.03,-0.12,-0.1,0.01,0.7,-2.29
0.01,-0.04,1.04,-0.06,0.02,-0.14,0.31,-2.0
0.01,-0.05,1.06,-0.12,-0.1,0.02,0.49,-2.78
0.01,-0.05,1.06,-0.12,-0.1,0.03,0.47,-2.95
0.01,-0.05,1.07,-0.12,-0.11,0.01,0.42,-2.82
0.02,-0.05,1.05,-0.11,-0.11,0.02,1.16,-2.59
0.03,-0.06,1.05,-0.09,-0.09,0.02,1.4,-3.09
0.02,-0.05,1.06,-0.1,-0.1,0.04,1.32,-2.69
0.02,-0.05,1.06,-0.07,-0.1,0.04,1.25,-2.86
0.03,-0.05,1.06,-0.07,-0.1,0.03,1.64,-2.83
0.02,-0.06,1.06,-0.09,-0.09,0.03,1.04,-3.02
0.03,-0.05,1.05,-0.1,-0.07,0.03,1.5,-2.71
0.03,-0.05,1.05,-0.04,0.04,-0.11,1.4,-2.69
0.04,-0.05,1.05,-0.1,-0.09,0.03,2.01,-2.53
0.04,-0.03,1.05,-0.12,-0.06,0.04,2.2,-1.89
0.04,-0.04,1.04,-0.09,-0.08,0.06,2.27,-2.02
0.05,-0.04,1.04,-0.08,-0.09,0.05,2.71,-2.02
0.05,-0.04,1.04,-0.08,-0.11,0.07,2.65,-2.17
0.05,-0.04,1.04,-0.06,-0.12,0.06,2.98,-2.18
0.06,-0.04,1.05,-0.03,-0.14,0.06,3.38,-2.11
0.06,-0.04,1.06,0.01,-0.16,0.05,3.27,-2.21
0.06,-0.04,1.06,0.01,-0.17,0.03,3.41,-2.27
0.06,-0.05,1.06,0.07,-0.18,0.01,3.31,-2.67
0.06,-0.05,1.08,0.07,-0.18,-0.01,3.43,-2.89
0.06,-0.07,1.08,0.11,-0.19,-0.01,3.42,-3.56
0.06,-0.09,1.08,0.13,-0.19,-0.04,3.22,-4.54
0.06,-0.1,1.08,0.12,-0.17,-0.05,2.95,-5.26
0.05,-0.11,1.08,0.1,-0.13,-0.06,2.86,-6.04
0.04,-0.12,1.06,0.06,-0.11,-0.05,2.4,-6.41
0.04,-0.13,1.03,0.01,-0.11,-0.04,2.41,-7.05
0.04,-0.13,1.01,-0.05,-0.1,-0.03,2.27,-7.1
0.03,-0.11,1.0,-0.11,-0.1,-0.0,1.71,-6.53
0.04,-0.1,1.0,-0.17,-0.1,0.02,2.29,-5.81
0.04,-0.08,1.03,-0.21,-0.1,0.02,2.39,-4.62
0.05,-0.07,1.06,-0.24,-0.11,0.03,2.7,-3.95
0.06,-0.06,1.08,-0.25,-0.08,0.03,2.95,-3.28
0.05,-0.05,1.09,-0.25,-0.09,0.02,2.6,-2.42
0.05,-0.04,1.09,-0.24,-0.1,0.02,2.82,-1.87
0.06,-0.03,1.09,-0.22,-0.1,-0.01,3.0,-1.75
0.07,-0.02,1.08,-0.22,-0.07,-0.0,3.74,-0.81
0.07,-0.01,1.08,-0.2,-0.09,0.0,3.82,-0.68
0.08,-0.01,1.09,-0.18,-0.08,0.01,4.28,-0.44
0.08,-0.01,1.09,-0.14,-0.11,0.02,4.35,-0.53
0.08,-0.02,1.1,-0.14,-0.09,0.02,3.95,-1.04
0.07,-0.02,1.09,-0.13,-0.1,0.03,3.44,-1.11
0.06,-0.02,1.1,-0.04,0.01,-0.11,3.25,-1.04
0.06,-0.02,1.11,-0.06,-0.14,0.03,3.17,-1.07
0.06,-0.02,1.12,-0.03,-0.13,0.01,3.21,-1.15
0.06,-0.01,1.12,-0.02,-0.13,0.01,3.29,-0.72
0.06,-0.02,1.12,0.03,-0.15,0.0,3.05,-1.07
0.06,-0.02,1.11,0.07,-0.15,-0.01,3.11,-0.85
0.04,-0.01,1.1,0.08,-0.15,-0.02,2.29,-0.53
0.04,-0.02,1.11,0.11,-0.14,-0.03,2.17,-1.28
0.05,-0.02,1.11,0.12,-0.14,-0.04,2.36,-1.24
0.04,-0.02,1.11,0.14,-0.12,-0.05,2.21,-1.21
0.04,-0.03,1.08,0.13,-0.1,-0.05,2.26,-1.58
0.06,-0.03,1.07,0.12,-0.1,-0.03,3.08,-1.37
0.04,-0.04,1.08,0.14,-0.1,-0.02,2.21,-1.98
0.03,-0.05,1.07,0.13,-0.09,-0.01,1.83,-2.57
0.04,-0.05,1.07,0.11,-0.07,-0.03,2.19,-2.63
0.04,-0.06,1.06,0.08,-0.06,-0.02,2.26,-3.11
0.04,-0.06,1.07,0.07,-0.07,-0.03,2.33,-3.43
0.04,-0.07,1.08,0.03,-0.03,-0.06,2.16,-3.64
0.05,-0.06,1.08,-0.0,-0.07,-0.04,2.38,-3.39
0.05,-0.06,1.08,-0.01,-0.04,-0.07,2.79,-3.29
0.05,-0.05,1.08,-0.03,-0.04,-0.07,2.72,-2.61
0.06,-0.05,1.09,-0.04,-0.04,-0.09,3.02,-2.52
0.05,-0.04,1.1,-0.05,-0.03,-0.1,2.54,-2.06
0.05,-0.03,1.1,-0.06,-0.03,-0.11,2.82,-1.49
0.06,-0.02,1.1,-0.09,-0.02,-0.11,3.11,-0.87
0.06,-0.01,1.1,-0.08,0.0,-0.12,2.95,-0.48
0.05,0.0,1.1,-0.08,0.01,-0.1,2.87,0.14
0.05,0.01,1.09,-0.1,0.02,-0.09,2.42,0.5
0.06,0.02,1.1,-0.08,0.02,-0.08,2.93,0.96
0.05,0.03,1.1,-0.06,0.0,-0.03,2.57,1.38
0.05,0.04,1.11,-0.04,0.03,-0.03,2.43,1.86
0.05,0.04,1.11,-0.03,0.04,-0.02,2.34,1.92
0.04,0.04,1.11,0.01,0.03,0.0,2.27,1.81
0.03,0.04,1.11,0.06,0.09,-0.06,1.72,1.84
0.04,0.03,1.11,0.08,0.06,0.02,1.82,1.61
0.04,0.02,1.1,0.12,0.05,0.04,1.95,1.19
0.04,0.01,1.1,0.14,0.05,0.04,1.86,0.47
0.04,-0.0,1.09,0.18,0.05,0.05,2.16,-0.07
0.03,-0.01,1.08,0.19,0.07,0.05,1.73,-0.74
0.03,-0.03,1.08,0.19,0.06,0.05,1.33,-1.51
0.03,-0.04,1.08,0.23,0.06,0.04,1.36,-1.97
0.02,-0.05,1.08,0.25,0.06,0.01,1.13,-2.5
0.01,-0.05,1.06,0.24,0.06,0.02,0.49,-2.7
0.01,-0.06,1.04,0.23,0.08,0.01,0.43,-3.55
0.01,-0.07,1.03,0.22,0.07,0.02,0.35,-4.04
-0.0,-0.08,1.02,0.21,0.06,0.02,-0.15,-4.72
0.0,-0.08,1.01,0.18,0.06,0.02,0.05,-4.57
0.0,-0.08,1.02,0.16,0.08,0.01,0.21,-4.4
0.0,-0.08,1.02,0.16,0.06,0.02,0.16,-4.36
0.01,-0.07,1.02,0.16,0.07,0.01,0.3,-3.94
0.0,-0.07,1.01,0.16,0.05,0.01,0.19,-3.82
0.01,-0.06,1.02,0.16,0.06,0.02,0.63,-3.23
0.01,-0.05,1.02,0.17,0.03,0.03,0.7,-2.99
0.02,-0.04,1.03,0.3,0.23,-0.18,1.06,-2.39
0.02,-0.05,1.03,0.22,0.03,0.01,1.11,-2.86
0.01,-0.04,1.03,0.21,0.0,0.02,0.65,-2.38
0.01,-0.05,1.03,0.22,0.02,0.01,0.69,-2.78
0.02,-0.05,1.03,0.23,-0.0,0.01,0.84,-2.67
0.01,-0.05,1.03,0.26,-0.04,0.01,0.6,-2.95
0.01,-0.06,1.04,0.27,-0.02,0.0,0.7,-3.42
-0.0,-0.07,1.03,0.26,-0.04,0.01,-0.07,-3.81
-0.01,-0.08,1.02,0.27,-0.06,0.01,-0.53,-4.62
-0.0,-0.09,1.02,0.26,-0.07,-0.01,-0.15,-5.07
0.0,-0.09,1.02,0.24,-0.08,-0.02,0.24,-4.84
0.0,-0.1,1.03,0.22,-0.08,-0.01,0.28,-5.36
0.01,-0.09,1.02,0.2,-0.09,-0.01,0.54,-5.07
0.01,-0.09,1.03,0.21,-0.1,-0.01,0.58,-5.13
0.01,-0.08,1.05,0.2,-0.11,-0.01,0.79,-4.57
0.01,-0.08,1.06,0.19,-0.13,-0.01,0.7,-4.06
0.02,-0.07,1.08,0.18,-0.13,-0.02,1.26,-3.6
0.02,-0.07,1.07,0.2,-0.14,-0.04,0.97,-3.81
0.02,-0.07,1.08,0.2,-0.14,-0.07,1.31,-3.73
0.02,-0.07,1.07,0.19,-0.12,-0.07,0.85,-3.83
0.01,-0.06,1.07,0.19,-0.14,-0.07,0.57,-3.36
0.01,-0.05,1.06,0.2,-0.16,-0.07,0.58,-2.82
0.02,-0.04,1.06,0.13,-0.27,0.03,0.86,-2.03
0.01,-0.03,1.05,0.18,-0.19,-0.04,0.7,-1.75
0.01,-0.02,1.05,0.19,-0.2,-0.03,0.49,-1.35
0.01,-0.02,1.06,0.21,-0.21,-0.04,0.61,-1.0
0.01,-0.02,1.08,0.24,-0.21,-0.02,0.31,-1.05
0.0,-0.01,1.1,0.26,-0.19,-0.02,0.22,-0.41
0.01,-0.01,1.11,0.29,-0.18,-0.01,0.43,-0.29
0.02,-0.01,1.11,0.35,-0.16,0.0,0.89,-0.36
0.03,-0.01,1.12,0.37,-0.14,-0.01,1.31,-0.39
0.03,-0.02,1.12,0.4,-0.11,-0.0,1.42,-0.88
0.03,-0.02,1.1,0.42,-0.11,-0.01,1.68,-1.08
0.04,-0.03,1.09,0.43,-0.1,-0.01,1.88,-1.53
0.04,-0.04,1.08,0.44,-0.12,0.0,1.87,-2.08
0.03,-0.05,1.07,0.42,-0.09,-0.0,1.66,-2.69
0.03,-0.06,1.07,0.42,-0.1,0.0,1.56,-3.06
0.03,-0.06,1.07,0.4,-0.09,-0.01,1.86,-3.45
0.03,-0.07,1.07,0.39,-0.1,-0.02,1.8,-3.58
0.03,-0.07,1.06,0.33,-0.08,-0.03,1.56,-3.96
0.04,-0.06,1.06,0.3,-0.08,-0.03,2.09,-3.47
0.05,-0.05,1.06,0.28,-0.09,-0.03,2.44,-2.89
0.05,-0.04,1.07,0.27,-0.1,-0.03,2.91,-2.27
0.06,-0.03,1.07,0.27,-0.09,-0.02,3.14,-1.59
0.06,-0.02,1.08,0.25,-0.11,-0.01,3.08,-1.14
0.06,-0.02,1.09,0.28,-0.13,-0.01,3.31,-1.08
0.06,-0.01,1.1,0.29,-0.14,-0.01,3.1,-0.5
0.06,-0.0,1.11,0.3,-0.13,-0.03,2.98,-0.05
0.07,-0.0,1.12,0.3,-0.13,-0.04,3.53,-0.17
0.08,-0.0,1.13,0.32,-0.13,-0.05,3.99,-0.01
0.09,0.0,1.14,0.31,-0.16,-0.04,4.62,0.12
0.1,-0.01,1.15,0.29,-0.15,-0.06,5.17,-0.6
0.13,-0.01,1.18,0.29,-0.13,-0.06,6.42,-0.4
0.14,-0.01,1.21,0.26,-0.1,-0.07,6.73,-0.54
0.17,0.0,1.24,0.22,-0.08,-0.09,7.96,0.09
0.18,-0.02,1.24,0.17,-0.04,-0.1,8.02,-0.82
0.19,-0.03,1.27,0.1,0.04,-0.12,8.55,-1.31
0.2,-0.01,1.31,0.05,0.1,-0.15,8.76,-0.28
0.22,-0.02,1.32,0.02,0.17,-0.14,9.28,-0.66
0.11,-0.09,1.41,-0.01,0.35,-0.16,4.64,-3.74
0.11,-0.09,1.39,-0.04,0.71,-0.16,4.32,-3.73
0.24,0.05,1.36,-0.06,0.96,-0.16,9.88,2.04
0.32,0.07,1.33,-0.11,1.05,-0.15,13.6,2.88
0.36,0.08,1.3,-0.17,1.0,-0.11,15.51,3.23
0.33,0.1,1.31,-0.28,0.9,-0.07,14.19,4.28
0.29,0.12,1.33,-0.32,0.83,-0.05,12.09,4.92
0.22,0.11,1.35,-0.35,0.85,-0.03,9.07,4.71
0.21,0.12,1.35,-0.36,0.96,-0.03,8.69,5.18
0.19,0.1,1.35,-0.34,1.06,-0.03,8.12,4.39
0.2,0.13,1.36,-0.35,1.14,-0.04,8.48,5.25
0.22,0.13,1.35,-0.32,1.18,-0.06,9.02,5.23
0.22,0.14,1.35,-0.31,1.22,-0.04,9.32,5.8
0.21,0.13,1.36,-0.27,1.24,-0.04,8.76,5.48
0.19,0.12,1.37,-0.23,1.29,-0.06,7.95,4.92
0.18,0.11,1.38,-0.2,1.31,-0.07,7.51,4.35
0.18,0.09,1.37,-0.19,1.35,-0.08,7.37,3.74
0.17,0.07,1.39,-0.19,1.39,-0.09,7.03,2.83
0.17,0.05,1.42,-0.12,1.6,-0.25,6.67,1.98
0.16,0.04,1.44,-0.19,1.48,-0.14,6.35,1.74
0.16,0.05,1.44,-0.2,1.58,-0.14,6.22,1.87
0.14,0.05,1.43,-0.21,1.67,-0.16,5.52,1.87
0.11,0.04,1.42,-0.23,1.74,-0.15,4.6,1.49
0.12,0.07,1.37,-0.25,1.83,-0.14,5.2,2.87
0.13,0.08,1.35,-0.25,1.92,-0.1,5.5,3.55
0.13,0.09,1.35,-0.28,2.01,-0.06,5.57,3.81
0.13,0.1,1.34,-0.25,2.04,-0.01,5.56,4.13
0.14,0.09,1.35,-0.22,2.06,0.02,5.8,3.83
0.13,0.08,1.36,-0.22,2.08,0.04,5.64,3.48
0.12,0.07,1.36,-0.17,2.08,0.06,4.94,3.03
0.1,0.06,1.36,-0.12,2.1,0.06,4.24,2.51
0.08,0.04,1.36,-0.07,2.11,0.07,3.26,1.8
0.07,0.04,1.35,-0.01,2.16,0.06,2.9,1.51
0.06,0.03,1.33,0.01,2.2,0.06,2.79,1.15
0.06,0.02,1.32,0.05,2.2,0.06,2.53,0.67
0.04,0.0,1.31,0.12,2.17,0.07,1.61,0.06
0.03,0.01,1.29,0.16,2.18,0.07,1.41,0.57
0.04,0.03,1.29,0.2,2.16,0.08,1.61,1.26
0.03,0.01,1.31,0.25,2.12,0.08,1.1,0.36
0.01,-0.02,1.33,0.3,2.09,0.1,0.57,-0.71
-0.0,-0.03,1.34,0.32,2.14,0.07,-0.06,-1.27
-0.01,-0.04,1.34,0.38,2.15,0.06,-0.35,-1.57
-0.02,-0.04,1.31,0.42,2.2,0.05,-0.88,-1.7
-0.03,-0.04,1.27,0.43,2.27,0.05,-1.51,-1.87
-0.03,-0.05,1.24,0.44,2.3,0.08,-1.52,-2.42
-0.03,-0.06,1.2,0.43,2.34,0.1,-1.65,-2.75
-0.03,-0.06,1.17,0.48,2.49,0.1,-1.57,-3.06
-0.04,-0.07,1.14,0.58,2.65,0.01,-2.07,-3.57
-0.05,-0.08,1.09,0.43,2.39,0.23,-2.66,-4.42
-0.06,-0.1,1.06,0.45,2.38,0.28,-3.38,-5.24
-0.07,-0.11,1.02,0.43,2.4,0.33,-4.06,-6.4
-0.08,-0.13,0.99,0.41,2.38,0.36,-4.57,-7.68
-0.09,-0.17,0.96,0.38,2.38,0.38,-5.55,-9.93
-0.09,-0.18,0.93,0.34,2.38,0.39,-5.39,-11.04
-0.1,-0.19,0.9,0.31,2.32,0.4,-6.42,-11.88
-0.09,-0.19,0.9,0.26,2.29,0.41,-5.65,-12.11
-0.1,-0.22,0.9,0.24,2.25,0.39,-6.29,-13.74
-0.1,-0.24,0.9,0.2,2.2,0.36,-5.96,-14.77
-0.1,-0.25,0.92,0.17,2.13,0.33,-6.05,-15.32
-0.11,-0.26,0.94,0.17,2.05,0.29,-6.29,-15.19
-0.12,-0.26,0.97,0.16,1.97,0.23,-6.69,-15.02
-0.12,-0.27,1.01,0.17,1.93,0.17,-6.79,-14.87
-0.14,-0.27,1.04,0.16,1.89,0.09,-7.62,-14.5
-0.15,-0.27,1.07,0.16,1.88,0.04,-7.89,-14.12
-0.14,-0.27,1.07,0.13,1.88,-0.02,-7.45,-14.16
-0.14,-0.26,1.07,0.11,1.86,-0.03,-7.47,-13.47
-0.14,-0.23,1.06,0.03,1.91,-0.04,-7.55,-12.2
-0.15,-0.21,1.06,-0.04,1.93,-0.03,-7.81,-10.87
-0.14,-0.18,1.07,-0.08,1.94,0.0,-7.39,-9.49
-0.14,-0.17,1.09,-0.14,1.99,0.03,-7.19,-8.76
-0.14,-0.16,1.12,-0.22,2.06,0.09,-7.25,-8.01
-0.16,-0.15,1.14,-0.26,2.08,0.15,-7.9,-7.41
-0.17,-0.13,1.15,-0.26,2.11,0.18,-8.2,-6.64
-0.18,-0.12,1.17,-0.29,2.16,0.23,-8.69,-5.75
-0.18,-0.1,1.18,-0.27,2.19,0.27,-8.62,-4.93
-0.18,-0.09,1.19,-0.24,2.23,0.31,-8.71,-4.42
-0.19,-0.09,1.2,-0.09,2.43,0.18,-8.79,-4.1
-0.19,-0.08,1.19,-0.08,2.21,0.34,-9.12,-3.65
-0.19,-0.07,1.18,0.01,2.2,0.34,-9.37,-3.29
-0.2,-0.08,1.17,0.1,2.2,0.35,-9.64,-3.66
-0.2,-0.07,1.17,0.21,2.17,0.34,-9.78,-3.6
-0.2,-0.08,1.14,0.36,2.13,0.33,-10.01,-3.91
-0.19,-0.08,1.11,0.47,2.1,0.3,-9.89,-4.19
-0.19,-0.09,1.08,0.56,2.06,0.28,-10.06,-4.64
-0.2,-0.1,1.03,0.66,2.0,0.27,-10.77,-5.47
-0.21,-0.12,1.01,0.73,1.95,0.24,-11.67,-6.67
-0.22,-0.15,1.0,0.79,1.91,0.2,-12.4,-8.44
-0.22,-0.17,0.98,0.8,1.9,0.17,-12.29,-9.69
-0.21,-0.18,0.94,0.81,1.9,0.13,-12.57,-10.59
-0.21,-0.18,0.9,0.78,1.9,0.11,-12.71,-10.92
-0.2,-0.17,0.87,0.72,1.94,0.1,-12.58,-10.58
-0.19,-0.15,0.86,0.64,1.98,0.12,-12.07,-9.83
-0.17,-0.14,0.85,0.56,2.02,0.15,-10.86,-8.95
-0.14,-0.11,0.86,0.48,2.06,0.2,-9.42,-7.38
-0.13,-0.08,0.85,0.5,2.26,0.13,-8.77,-5.54
-0.12,-0.07,0.84,0.38,2.07,0.34,-8.19,-4.95
-0.12,-0.06,0.85,0.34,2.06,0.42,-7.82,-4.12
-0.12,-0.06,0.86,0.4,2.23,0.33,-8.03,-4.1
-0.12,-0.07,0.87,0.35,1.98,0.48,-8.09,-4.61
-0.13,-0.09,0.87,0.37,1.94,0.49,-8.71,-5.67
-0.14,-0.11,0.88,0.38,1.91,0.48,-9.13,-7.14
-0.15,-0.14,0.88,0.49,2.03,0.33,-9.37,-8.67
-0.15,-0.15,0.89,0.45,1.81,0.41,-9.69,-9.13
-0.16,-0.13,0.89,0.46,1.79,0.38,-10.32,-8.14
-0.14,-0.12,0.88,0.48,1.79,0.35,-9.2,-7.79
-0.13,-0.1,0.88,0.5,1.75,0.33,-8.34,-6.69
-0.11,-0.09,0.89,0.51,1.69,0.37,-6.98,-5.48
-0.12,-0.09,0.9,0.55,1.66,0.33,-7.32,-5.89
-0.12,-0.1,0.9,0.62,1.61,0.32,-7.45,-6.4
-0.13,-0.12,0.9,0.68,1.57,0.3,-8.31,-7.46
-0.15,-0.14,0.91,0.73,1.53,0.27,-9.2,-8.86
-0.16,-0.18,0.91,0.75,1.55,0.24,-9.75,-11.01
-0.16,-0.2,0.88,0.74,1.6,0.21,-10.16,-12.41
-0.14,-0.21,0.85,0.74,1.66,0.19,-8.85,-13.46
-0.1,-0.19,0.83,0.66,1.73,0.21,-6.82,-12.75
-0.07,-0.16,0.78,0.58,1.76,0.23,-4.69,-11.85
-0.04,-0.14,0.76,0.45,1.79,0.29,-3.05,-10.15
-0.03,-0.13,0.75,0.37,1.79,0.35,-2.13,-9.44
-0.03,-0.11,0.75,0.26,1.77,0.41,-1.93,-8.24
-0.03,-0.1,0.75,0.16,1.82,0.45,-2.62,-7.53
-0.04,-0.1,0.78,0.1,1.81,0.5,-2.96,-7.56
-0.05,-0.1,0.8,0.02,1.81,0.5,-3.63,-7.39
-0.07,-0.11,0.83,0.02,1.75,0.51,-4.88,-7.45
-0.09,-0.11,0.85,0.03,1.75,0.51,-6.03,-7.48
-0.11,-0.13,0.89,0.12,1.91,0.37,-7.26,-8.1
-0.13,-0.13,0.9,0.15,1.69,0.46,-8.02,-8.45
-0.15,-0.18,0.92,0.25,1.65,0.41,-9.08,-10.74
-0.17,-0.21,0.93,0.35,1.6,0.33,-10.38,-12.48
-0.2,-0.23,0.94,0.44,1.58,0.23,-11.83,-13.17
-0.22,-0.23,0.94,0.53,1.58,0.12,-12.48,-13.34
-0.19,-0.22,0.91,0.73,1.76,-0.12,-11.49,-13.16
-0.16,-0.19,0.88,0.66,1.59,-0.0,-9.9,-11.8
-0.11,-0.14,0.85,0.7,1.61,-0.07,-7.28,-9.41
-0.06,-0.1,0.82,0.7,1.63,-0.05,-4.01,-6.91
-0.01,-0.06,0.8,0.65,1.63,-0.01,-0.92,-4.2
0.03,-0.03,0.77,0.57,1.66,0.04,2.25,-2.25
0.04,-0.01,0.74,0.42,1.64,0.16,3.31,-0.83
0.04,0.0,0.74,0.32,1.64,0.23,3.12,0.13
0.06,0.01,0.74,0.32,1.77,0.18,4.54,0.7
0.06,0.01,0.75,0.12,1.61,0.39,4.52,0.71
0.04,-0.02,0.78,0.03,1.57,0.46,2.75,-1.82
0.01,-0.07,0.8,0.03,1.54,0.5,0.45,-4.72
-0.02,-0.09,0.83,0.09,1.67,0.39,-1.21,-6.02
-0.05,-0.1,0.84,0.04,1.5,0.49,-3.54,-7.08
-0.07,-0.13,0.84,0.06,1.48,0.47,-4.46,-8.46
-0.07,-0.14,0.86,0.09,1.46,0.43,-4.32,-9.28
-0.06,-0.14,0.86,0.27,1.55,0.23,-4.22,-8.88
-0.07,-0.12,0.87,0.26,1.41,0.29,-4.26,-7.83
-0.06,-0.11,0.87,0.26,1.31,0.28,-4.23,-7.08
-0.05,-0.1,0.86,0.37,1.25,0.24,-3.41,-6.71
-0.05,-0.12,0.85,0.55,1.46,0.03,-3.3,-8.04
-0.05,-0.13,0.86,0.49,1.25,0.11,-3.31,-8.39
-0.04,-0.13,0.85,0.5,1.14,0.14,-2.95,-8.88
-0.02,-0.12,0.84,0.51,1.15,0.14,-1.61,-8.45
0.01,-0.12,0.83,0.51,1.15,0.11,0.44,-8.11
0.03,-0.11,0.81,0.48,1.14,0.13,2.14,-7.67
0.05,-0.11,0.79,0.4,1.13,0.13,3.56,-8.08
0.06,-0.11,0.78,0.39,1.1,0.12,4.36,-8.17
0.07,-0.1,0.78,0.39,1.25,-0.03,5.04,-7.19
0.08,-0.09,0.79,0.29,1.17,0.06,5.75,-6.5
0.09,-0.1,0.8,0.18,1.06,0.13,6.39,-7.22
0.07,-0.11,0.8,0.11,1.06,0.15,5.25,-7.94
0.04,-0.13,0.81,0.11,1.21,0.0,3.1,-8.91
0.03,-0.12,0.83,-0.03,1.09,0.15,2.04,-8.56
0.03,-0.12,0.86,-0.09,1.11,0.16,2.15,-7.72
0.03,-0.13,0.87,-0.15,1.12,0.17,1.9,-8.28
0.01,-0.14,0.89,-0.08,1.27,0.03,0.43,-9.05
-0.0,-0.14,0.92,-0.17,1.09,0.17,-0.2,-8.36
-0.0,-0.12,0.92,-0.17,1.12,0.15,-0.31,-7.49
-0.02,-0.12,0.94,-0.17,1.13,0.15,-1.22,-7.44
-0.01,-0.13,0.93,-0.05,1.29,-0.02,-0.88,-8.03
-0.0,-0.12,0.92,-0.09,1.07,0.13,-0.17,-7.69
-0.0,-0.11,0.93,-0.13,1.09,0.09,-0.03,-6.94
-0.0,-0.09,0.93,-0.1,1.06,0.09,-0.01,-5.63
-0.0,-0.09,0.92,-0.11,1.05,0.09,-0.08,-5.79
0.0,-0.08,0.93,-0.09,1.04,0.1,0.11,-4.71
0.01,-0.06,0.93,-0.07,1.06,0.12,0.85,-3.77
0.03,-0.06,0.93,-0.08,1.07,0.16,1.86,-3.65
0.04,-0.07,0.93,0.07,1.27,-0.01,2.54,-4.1
0.04,-0.07,0.92,-0.02,0.98,0.22,2.45,-4.47
0.03,-0.09,0.91,0.0,1.0,0.23,1.67,-5.82
0.01,-0.12,0.89,-0.0,0.96,0.22,0.87,-7.48
-0.01,-0.15,0.9,0.06,0.92,0.19,-0.41,-9.66
-0.02,-0.17,0.9,0.05,0.92,0.16,-1.45,-10.68
-0.02,-0.16,0.89,0.07,0.92,0.13,-1.19,-10.08
-0.01,-0.12,0.89,0.06,0.96,0.08,-0.77,-7.4
0.01,-0.08,0.92,0.1,0.95,0.07,0.38,-5.15
0.02,-0.07,0.92,0.21,1.23,-0.13,1.24,-4.15
0.02,-0.07,0.92,0.08,0.93,0.11,1.18,-4.07
0.02,-0.06,0.91,0.07,0.95,0.12,1.25,-4.02
0.03,-0.05,0.9,0.05,0.97,0.18,1.86,-3.47
0.04,-0.06,0.9,0.01,0.96,0.22,2.5,-3.83
0.06,-0.07,0.88,-0.02,0.96,0.24,3.71,-4.2
0.05,-0.08,0.87,-0.05,0.98,0.26,3.19,-5.06
0.05,-0.09,0.86,-0.11,0.97,0.27,3.0,-5.9
0.04,-0.09,0.87,-0.07,1.16,0.13,2.54,-6.02
0.03,-0.08,0.87,-0.2,1.0,0.26,1.93,-5.28
0.02,-0.07,0.89,-0.28,1.03,0.26,1.02,-4.3
0.01,-0.07,0.91,-0.29,1.0,0.27,0.4,-4.31
-0.0,-0.07,0.93,-0.25,1.0,0.23,-0.26,-4.17
-0.02,-0.07,0.95,-0.22,0.94,0.25,-1.01,-4.15
-0.04,-0.08,0.96,-0.23,0.96,0.25,-2.13,-4.85
-0.04,-0.09,0.96,-0.15,0.9,0.27,-2.57,-5.63
-0.04,-0.1,0.96,-0.1,0.9,0.23,-2.65,-5.95
-0.05,-0.11,0.95,-0.08,0.88,0.23,-2.83,-6.45
-0.05,-0.11,0.94,-0.01,0.85,0.2,-2.97,-6.62
-0.05,-0.11,0.94,0.04,0.85,0.18,-3.04,-6.41
-0.04,-0.11,0.94,0.1,0.85,0.17,-2.69,-6.72
-0.03,-0.11,0.94,0.12,0.82,0.17,-2.05,-6.83
-0.03,-0.12,0.94,0.14,0.82,0.17,-1.65,-7.29
-0.03,-0.11,0.93,0.15,0.84,0.16,-1.65,-6.72
-0.02,-0.1,0.92,0.15,0.87,0.16,-1.43,-6.35
-0.0,-0.08,0.92,0.15,0.9,0.16,-0.08,-4.86
0.0,-0.07,0.92,0.13,0.93,0.22,0.21,-4.57
0.03,-0.06,0.91,0.12,0.94,0.26,1.69,-3.68
0.03,-0.06,0.9,0.1,0.98,0.29,1.67,-3.68
0.03,-0.06,0.9,0.11,0.98,0.32,2.03,-3.68
0.05,-0.04,0.89,0.12,0.99,0.37,3.22,-2.68
0.07,-0.03,0.87,0.14,1.0,0.39,4.35,-2.06
0.09,-0.01,0.86,0.13,0.98,0.4,5.82,-0.66
0.1,0.01,0.84,0.18,0.94,0.4,7.11,0.36
0.11,-0.0,0.83,0.19,0.91,0.38,7.42,-0.31
0.12,-0.01,0.81,0.2,0.9,0.36,8.4,-0.71
0.13,-0.01,0.79,0.23,0.84,0.34,9.44,-0.49
0.15,-0.01,0.8,0.25,0.84,0.31,10.45,-0.48
0.18,0.03,0.79,0.33,0.75,0.29,12.75,2.17
0.2,0.04,0.79,0.32,0.71,0.28,14.13,2.99
0.21,0.06,0.77,0.34,0.62,0.26,15.62,4.1
0.23,0.07,0.77,0.48,0.76,0.07,16.6,4.77
0.25,0.07,0.76,0.32,0.47,0.24,17.93,5.12
0.26,0.08,0.74,0.3,0.45,0.22,18.84,6.04
0.27,0.08,0.74,0.27,0.39,0.23,19.65,5.54
0.27,0.06,0.73,0.21,0.32,0.24,20.02,4.74
0.26,0.05,0.73,0.15,0.33,0.25,19.78,3.77
0.25,0.05,0.73,0.12,0.45,0.11,19.07,3.38
0.24,0.03,0.74,-0.03,0.28,0.26,17.99,2.5
0.23,0.04,0.76,0.09,0.58,-0.05,16.56,2.76
0.21,0.02,0.77,-0.11,0.24,0.26,15.0,1.58
0.18,-0.0,0.8,-0.16,0.26,0.26,12.95,-0.22
0.17,-0.02,0.81,-0.2,0.24,0.28,11.56,-1.05
0.14,-0.02,0.83,-0.19,0.28,0.21,9.89,-1.36
0.13,-0.03,0.85,-0.27,0.14,0.31,9.02,-1.71
0.13,-0.03,0.86,-0.22,0.19,0.26,8.71,-2.03
0.11,-0.04,0.87,-0.22,0.17,0.24,7.24,-2.34
0.09,-0.05,0.88,-0.21,0.14,0.22,5.75,-3.27
0.07,-0.07,0.88,-0.2,0.09,0.23,4.67,-4.25
0.05,-0.08,0.9,-0.18,0.13,0.18,3.3,-4.87
0.04,-0.09,0.91,-0.09,0.09,0.18,2.71,-5.6
0.04,-0.1,0.92,0.09,0.27,-0.06,2.52,-6.12
0.04,-0.1,0.92,0.04,-0.0,0.1,2.37,-6.24
0.04,-0.1,0.91,0.07,0.02,0.06,2.64,-6.34
0.06,-0.1,0.92,0.12,0.0,0.03,3.43,-6.02
0.08,-0.09,0.92,0.25,0.11,-0.16,5.07,-5.4
0.1,-0.08,0.9,0.18,-0.04,-0.01,6.37,-4.97
0.11,-0.08,0.88,0.21,-0.08,-0.01,7.23,-4.95
0.12,-0.09,0.88,0.14,-0.06,-0.03,7.74,-5.63
0.13,-0.09,0.87,0.22,0.08,-0.2,8.57,-5.94
0.14,-0.09,0.87,0.08,-0.08,-0.06,9.34,-5.7
0.14,-0.09,0.87,0.0,-0.06,-0.06,9.3,-5.8
0.15,-0.08,0.86,-0.06,-0.03,-0.06,9.75,-5.13
0.14,-0.07,0.87,-0.12,-0.04,-0.08,8.89,-4.82
0.12,-0.08,0.89,-0.18,-0.06,-0.04,7.85,-5.07
0.12,-0.09,0.9,-0.23,-0.02,-0.06,7.24,-5.68
0.09,-0.08,0.92,-0.24,-0.04,-0.05,5.63,-5.22
0.07,-0.09,0.93,-0.28,-0.05,-0.06,4.03,-5.6
0.04,-0.1,0.93,-0.3,-0.09,-0.07,2.21,-5.87
0.02,-0.09,0.95,-0.32,-0.06,-0.08,1.2,-5.42
0.01,-0.08,0.96,-0.32,-0.05,-0.07,0.45,-5.03
-0.02,-0.08,0.98,-0.26,0.1,-0.24,-1.42,-4.58
-0.03,-0.09,0.99,-0.38,-0.14,0.02,-1.95,-5.41
-0.04,-0.1,0.99,-0.33,-0.05,-0.02,-2.51,-5.69
-0.07,-0.12,1.0,-0.3,-0.03,-0.02,-3.91,-6.61
-0.08,-0.12,1.0,-0.24,-0.01,-0.02,-4.68,-6.82
-0.08,-0.12,1.0,-0.21,0.03,0.0,-4.51,-7.07
-0.08,-0.14,1.02,-0.13,0.01,0.02,-4.45,-7.57
-0.07,-0.12,1.01,-0.14,0.08,0.01,-3.71,-6.53
-0.06,-0.09,1.0,-0.05,0.06,0.02,-3.68,-5.17
-0.04,-0.08,0.99,0.07,0.22,-0.16,-2.3,-4.73
-0.0,-0.07,0.97,-0.01,0.07,0.03,-0.26,-4.24
0.01,-0.07,0.97,0.04,0.07,0.03,0.77,-3.96
0.02,-0.06,0.94,0.07,0.04,0.03,1.22,-3.67
0.03,-0.05,0.93,0.19,0.27,-0.2,1.98,-3.32
0.05,-0.06,0.92,0.04,0.03,0.04,2.82,-3.93
0.06,-0.07,0.91,0.05,0.04,0.04,3.59,-4.33
0.07,-0.07,0.91,-0.01,0.04,0.03,4.32,-4.14
0.07,-0.08,0.9,0.05,0.13,-0.1,4.53,-4.79
0.06,-0.09,0.91,-0.05,-0.03,0.01,4.02,-5.66
0.05,-0.09,0.91,-0.08,-0.03,-0.03,3.33,-5.88
0.03,-0.1,0.92,-0.12,-0.04,-0.04,2.14,-6.05
0.03,-0.09,0.93,-0.12,-0.03,-0.07,2.11,-5.7
0.03,-0.1,0.96,-0.14,-0.05,-0.06,1.62,-5.73
0.01,-0.1,0.97,-0.19,-0.03,-0.05,0.59,-6.0
-0.01,-0.11,0.97,-0.21,-0.01,-0.06,-0.62,-6.26
-0.02,-0.11,0.98,-0.13,0.11,-0.15,-1.23,-6.11
-0.03,-0.1,0.99,-0.2,0.01,0.0,-1.46,-6.04
-0.04,-0.1,1.0,-0.15,0.01,0.01,-2.01,-5.67
-0.03,-0.1,1.0,-0.18,0.01,0.06,-1.66,-5.72
-0.03,-0.11,1.0,-0.06,0.15,-0.09,-1.89,-6.06
-0.03,-0.11,0.99,-0.09,-0.01,0.08,-1.85,-6.24
-0.04,-0.11,0.99,-0.1,0.03,0.07,-2.31,-6.42
-0.04,-0.12,0.99,-0.07,0.07,0.04,-2.27,-7.1
-0.03,-0.13,0.99,-0.06,0.03,0.09,-1.92,-7.3
-0.03,-0.13,0.98,-0.02,0.03,0.08,-1.66,-7.43
-0.03,-0.12,0.98,-0.06,0.03,0.12,-1.77,-7.15
-0.03,-0.11,0.98,-0.02,0.08,0.08,-1.8,-6.59
-0.01,-0.11,0.98,0.06,0.09,0.07,-0.85,-6.22
0.0,-0.11,0.98,0.06,0.07,0.07,0.07,-6.19
0.01,-0.11,0.97,0.07,0.09,0.07,0.58,-6.25
0.03,-0.1,0.95,0.14,0.24,-0.11,1.5,-6.27
0.04,-0.11,0.94,0.04,0.06,0.08,2.31,-6.4
0.04,-0.1,0.92,0.07,0.07,0.06,2.73,-6.1
0.05,-0.09,0.92,0.04,0.08,0.04,3.35,-5.56
0.06,-0.08,0.93,0.07,0.25,-0.09,3.89,-5.11
0.08,-0.07,0.92,-0.09,-0.02,0.15,4.67,-4.27
0.08,-0.07,0.93,-0.06,0.05,0.06,5.09,-4.18
0.08,-0.06,0.92,-0.04,0.04,0.04,4.86,-3.85
0.07,-0.07,0.92,-0.07,0.03,0.04,4.39,-4.05
0.06,-0.07,0.92,-0.11,0.06,-0.01,3.67,-4.43
0.05,-0.09,0.92,-0.09,0.01,0.01,3.18,-5.59
0.05,-0.1,0.92,-0.17,-0.06,0.05,2.78,-6.5
0.03,-0.1,0.92,-0.17,0.03,-0.01,2.12,-6.07
0.03,-0.09,0.93,-0.16,0.02,-0.03,1.73,-5.35
0.01,-0.09,0.94,-0.12,0.0,-0.05,0.91,-5.25
0.01,-0.08,0.95,-0.11,0.01,-0.06,0.89,-4.97
-0.0,-0.09,0.96,-0.1,0.03,-0.05,-0.17,-5.13
0.0,-0.09,0.96,-0.12,0.03,-0.04,0.22,-5.22
-0.0,-0.09,0.97,-0.09,0.02,-0.04,-0.23,-5.05
-0.01,-0.09,0.96,-0.07,0.04,-0.04,-0.42,-5.49
0.0,-0.09,0.96,-0.08,0.07,-0.02,0.01,-5.63
0.0,-0.07,0.95,-0.04,0.16,-0.09,0.23,-4.49
-0.0,-0.05,0.98,-0.05,0.09,-0.02,-0.09,-2.98
0.0,-0.06,0.98,-0.04,0.08,-0.01,0.17,-3.62
0.01,-0.06,0.99,-0.01,0.11,-0.08,0.55,-3.5
0.02,-0.06,0.97,-0.02,-0.01,-0.0,1.3,-3.52
0.03,-0.05,0.96,0.01,-0.01,0.01,1.5,-2.85
0.03,-0.05,0.95,0.0,-0.01,0.02,1.75,-3.13
0.04,-0.05,0.94,-0.04,0.01,0.03,2.59,-2.91
0.04,-0.04,0.95,-0.03,-0.0,0.04,2.12,-2.69
0.04,-0.04,0.94,-0.04,-0.0,0.05,2.36,-2.55
0.04,-0.04,0.94,-0.05,0.01,0.06,2.2,-2.47
0.03,-0.04,0.94,-0.05,-0.0,0.07,1.92,-2.68
0.04,-0.05,0.93,-0.03,-0.02,0.08,2.48,-2.92
0.05,-0.06,0.92,-0.0,-0.01,0.07,2.9,-3.42
0.06,-0.07,0.91,0.01,-0.01,0.06,3.51,-4.14
0.07,-0.08,0.89,0.04,-0.02,0.04,4.41,-5.25
0.09,-0.08,0.87,0.06,-0.04,0.01,5.58,-5.22
0.11,-0.06,0.86,0.08,-0.05,-0.02,7.1,-4.1
0.13,-0.04,0.86,0.1,-0.04,-0.05,8.82,-2.84
0.16,-0.02,0.84,0.13,-0.06,-0.06,10.79,-1.45
0.18,-0.01,0.82,0.12,-0.07,-0.09,12.47,-0.4
0.21,0.0,0.81,0.11,-0.1,-0.09,14.21,0.06
0.23,0.0,0.79,0.14,-0.13,-0.1,16.15,0.34
0.25,-0.0,0.78,0.15,-0.16,-0.12,17.74,-0.22
0.28,-0.01,0.74,0.15,-0.19,-0.15,20.68,-0.67
0.31,-0.01,0.69,0.16,-0.21,-0.17,24.28,-0.7
0.35,0.0,0.65,0.15,-0.23,-0.2,28.02,0.05
0.39,0.02,0.59,0.11,-0.24,-0.22,33.19,1.49
0.42,0.04,0.54,0.09,-0.23,-0.25,38.0,3.38
0.46,0.07,0.48,0.09,-0.25,-0.26,43.72,6.19
0.49,0.1,0.43,0.05,-0.25,-0.27,47.9,8.42
0.51,0.12,0.39,0.05,-0.27,-0.28,51.71,10.37
0.55,0.14,0.35,0.08,-0.32,-0.3,55.56,12.16
0.58,0.18,0.32,0.13,-0.42,-0.31,57.84,15.14
0.63,0.22,0.27,0.17,-0.57,-0.33,60.81,18.3
0.66,0.25,0.2,0.22,-0.75,-0.38,63.66,20.2
0.68,0.25,0.13,0.24,-0.97,-0.45,67.76,19.46
0.7,0.25,0.06,0.27,-1.23,-0.51,70.02,19.49
0.73,0.27,-0.0,0.27,-1.52,-0.59,69.5,20.49
0.76,0.28,-0.07,0.25,-1.79,-0.63,69.01,20.39
0.78,0.29,-0.15,0.2,-2.04,-0.66,67.45,19.92
0.77,0.28,-0.25,0.18,-2.18,-0.86,63.96,19.34
0.74,0.26,-0.32,-0.0,-2.5,-0.75,60.85,18.01
0.7,0.23,-0.39,-0.15,-2.72,-0.78,57.33,16.21
0.66,0.22,-0.42,-0.25,-2.92,-0.82,54.58,15.46
0.6,0.19,-0.43,-0.39,-3.11,-0.86,51.59,14.84
0.52,0.16,-0.44,-0.47,-3.33,-0.88,47.71,13.22
0.43,0.11,-0.43,-0.55,-3.5,-0.91,44.0,10.44
0.36,0.07,-0.4,-0.59,-3.68,-0.91,41.59,7.06
0.29,0.04,-0.37,-0.62,-3.87,-0.91,37.72,4.64
0.22,0.01,-0.36,-0.62,-4.06,-0.89,31.73,1.19
0.17,-0.01,-0.35,-0.6,-4.27,-0.88,25.9,-1.28
0.11,-0.05,-0.34,-0.6,-4.4,-0.84,18.37,-7.78
0.05,-0.05,-0.32,-0.6,-4.4,-0.81,9.19,-9.5
-0.0,-0.08,-0.28,-0.58,-4.4,-0.76,-0.91,-15.65
-0.05,-0.09,-0.26,-0.57,-4.4,-0.71,-9.8,-18.15
-0.06,-0.07,-0.23,-0.53,-4.4,-0.63,-14.45,-17.48
-0.09,-0.09,-0.23,-0.48,-4.4,-0.52,-20.31,-20.71
-0.15,-0.17,-0.25,-0.44,-4.4,-0.41,-27.29,-30.41
-0.24,-0.31,-0.24,-0.37,-4.4,-0.33,-31.02,-42.51
-0.31,-0.43,-0.2,-0.3,-4.4,-0.3,-33.19,-49.12
-0.38,-0.52,-0.18,-0.19,-4.4,-0.32,-34.68,-51.07
-0.45,-0.61,-0.14,-0.06,-4.4,-0.38,-35.51,-52.55
-0.48,-0.68,-0.09,0.11,-4.4,-0.49,-34.84,-54.39
-0.49,-0.75,-0.15,0.22,-4.4,-0.61,-32.49,-55.84
-0.49,-0.81,-0.2,0.26,-4.4,-0.77,-30.61,-56.77
-0.49,-0.86,-0.13,0.24,-4.4,-0.9,-29.7,-59.13
-0.51,-0.9,-0.11,0.27,-4.4,-1.16,-29.28,-59.99
-0.56,-0.94,-0.09,0.13,-4.4,-1.15,-30.51,-59.01
-0.62,-0.97,-0.07,-0.06,-4.4,-1.1,-32.58,-57.22
-0.7,-1.0,-0.01,-0.23,-4.4,-1.13,-34.92,-55.08
-0.78,-1.04,0.09,-0.42,-4.4,-1.12,-36.67,-53.05
-0.86,-1.08,0.21,-0.66,-4.4,-1.09,-38.05,-50.62
-0.94,-1.09,0.34,-0.84,-4.4,-1.03,-39.58,-47.45
-1.02,-1.09,0.48,-1.04,-4.4,-0.97,-40.82,-43.88
-1.1,-1.09,0.61,-1.21,-4.4,-0.86,-41.38,-40.96
-1.15,-1.07,0.74,-1.38,-4.4,-0.74,-41.47,-38.01
-1.2,-1.06,0.87,-1.62,-4.4,-0.54,-41.35,-35.43
-1.25,-1.05,0.98,-1.72,-4.4,-0.41,-41.03,-33.52
-1.27,-1.03,1.09,-1.84,-4.4,-0.24,-40.33,-31.66
-1.33,-1.05,1.22,-1.95,-4.4,-0.08,-39.48,-30.29
-1.4,-1.14,1.38,-1.99,-4.4,0.02,-38.03,-30.14
-1.41,-1.21,1.57,-1.98,-4.4,0.03,-35.39,-29.91
-1.34,-1.2,1.72,-1.87,-4.4,-0.07,-32.57,-28.73
-1.29,-1.17,1.82,-1.72,-4.4,-0.25,-30.76,-27.68
-1.26,-1.14,1.88,-1.54,-4.4,-0.5,-29.74,-26.65
-1.23,-1.1,1.91,-1.39,-4.4,-0.82,-29.19,-25.86
-1.22,-1.06,1.94,-1.27,-4.4,-1.14,-28.95,-24.79
-1.21,-1.0,1.96,-1.19,-4.4,-1.41,-28.86,-23.47
-1.2,-0.96,1.97,-1.18,-4.4,-1.62,-28.64,-22.66
-1.13,-0.9,1.95,-1.24,-4.4,-1.7,-27.64,-21.87
-0.99,-0.79,1.97,-1.33,-4.4,-1.67,-25.01,-19.61
-0.91,-0.72,1.96,-1.5,-4.4,-1.55,-23.66,-18.35
-0.91,-0.68,1.94,-1.72,-4.4,-1.37,-23.93,-17.69
-0.87,-0.63,2.0,-2.01,-4.4,-1.18,-22.5,-16.24
-0.8,-0.56,2.14,-2.26,-4.4,-0.99,-19.91,-13.8
-0.73,-0.48,2.3,-2.47,-4.4,-0.81,-17.19,-11.27
-0.69,-0.39,2.46,-2.59,-4.35,-0.66,-15.53,-8.6
-0.63,-0.3,2.56,-2.71,-4.12,-0.54,-13.79,-6.53
-0.51,-0.18,2.69,-2.7,-3.84,-0.42,-10.74,-3.67
-0.47,-0.11,2.69,-2.58,-3.53,-0.32,-9.85,-2.29
-0.43,-0.09,2.71,-2.34,-3.25,-0.26,-9.09,-1.89
-0.4,-0.08,2.73,-1.99,-2.96,-0.24,-8.38,-1.57
-0.36,-0.08,2.74,-1.53,-2.65,-0.27,-7.42,-1.69
-0.3,-0.06,2.72,-1.07,-2.39,-0.33,-6.24,-1.27
-0.23,-0.03,2.69,-0.52,-2.13,-0.41,-4.8,-0.68
-0.12,0.01,2.62,-0.01,-1.89,-0.49,-2.64,0.21
0.0,0.07,2.52,0.45,-1.66,-0.57,0.0,1.6
0.12,0.13,2.42,0.83,-1.46,-0.6,2.87,3.15
0.21,0.18,2.33,1.13,-1.31,-0.59,5.16,4.36
0.19,0.17,2.12,1.36,-1.16,-0.56,5.17,4.67
0.17,0.15,1.93,1.53,-1.04,-0.49,4.92,4.42
0.14,0.13,1.78,1.64,-0.95,-0.4,4.55,4.02
0.11,0.1,1.65,1.72,-0.86,-0.32,3.7,3.35
0.08,0.07,1.52,1.77,-0.81,-0.25,2.85,2.57
0.04,0.02,1.42,1.77,-0.77,-0.21,1.56,0.82
0.01,-0.02,1.32,1.74,-0.74,-0.17,0.5,-0.82
-0.01,-0.05,1.25,1.68,-0.74,-0.14,-0.3,-2.1
-0.01,-0.07,1.18,1.61,-0.75,-0.12,-0.58,-3.16
-0.02,-0.08,1.14,1.53,-0.79,-0.08,-0.94,-4.08
-0.02,-0.1,1.12,1.44,-0.83,-0.06,-0.83,-5.37
-0.02,-0.13,1.12,1.37,-0.88,-0.03,-1.0,-6.4
-0.02,-0.14,1.14,1.3,-0.94,-0.03,-1.2,-7.07
-0.03,-0.17,1.18,1.25,-1.01,-0.04,-1.21,-8.13
-0.02,-0.19,1.23,1.24,-1.07,-0.06,-1.11,-8.84
-0.03,-0.21,1.27,1.23,-1.1,-0.11,-1.37,-9.54
-0.04,-0.23,1.28,1.23,-1.12,-0.18,-1.83,-10.33
-0.06,-0.25,1.25,1.22,-1.13,-0.25,-2.75,-11.31
-0.07,-0.27,1.23,1.18,-1.12,-0.31,-3.37,-12.45
-0.08,-0.29,1.21,1.11,-1.08,-0.37,-3.84,-13.23
-0.1,-0.31,1.2,1.03,-1.01,-0.41,-4.49,-14.27
-0.11,-0.31,1.19,0.92,-0.91,-0.46,-4.94,-14.67
-0.12,-0.32,1.19,0.77,-0.78,-0.48,-5.48,-14.91
-0.11,-0.3,1.19,0.6,-0.65,-0.47,-5.11,-14.28
-0.09,-0.27,1.17,0.49,-0.53,-0.46,-4.49,-12.96
-0.08,-0.23,1.15,0.32,-0.42,-0.42,-3.86,-11.5
-0.06,-0.2,1.13,0.2,-0.33,-0.37,-3.08,-9.77
-0.05,-0.17,1.12,0.1,-0.26,-0.29,-2.53,-8.65
-0.05,-0.15,1.13,0.05,-0.21,-0.22,-2.46,-7.71
-0.06,-0.14,1.13,0.0,-0.16,-0.15,-2.8,-6.94
-0.07,-0.13,1.14,-0.05,-0.11,-0.11,-3.72,-6.54
-0.1,-0.15,1.15,-0.06,-0.09,-0.08,-4.84,-7.23
-0.11,-0.15,1.16,-0.05,-0.08,-0.1,-5.18,-7.49
-0.12,-0.15,1.16,-0.07,-0.05,-0.13,-5.91,-7.54
-0.13,-0.15,1.18,-0.07,-0.02,-0.16,-6.26,-7.39
-0.14,-0.15,1.17,-0.04,0.01,-0.21,-6.84,-7.31
-0.14,-0.15,1.18,-0.03,0.01,-0.26,-6.79,-7.04
-0.14,-0.15,1.17,-0.01,0.02,-0.3,-6.69,-7.08
-0.14,-0.14,1.15,0.03,0.03,-0.34,-7.07,-7.13
-0.14,-0.14,1.13,0.04,0.04,-0.35,-6.87,-7.09
-0.15,-0.14,1.09,0.06,0.06,-0.34,-7.72,-7.27
-0.16,-0.15,1.06,0.05,0.08,-0.31,-8.28,-8.0
-0.17,-0.16,1.04,0.03,0.1,-0.28,-9.03,-8.59
-0.16,-0.16,1.01,-0.0,0.11,-0.24,-9.09,-8.95
-0.17,-0.17,1.0,-0.02,0.11,-0.19,-9.57,-9.5
-0.19,-0.19,0.98,-0.08,0.14,-0.15,-10.62,-10.66
-0.18,-0.19,0.98,-0.11,0.14,-0.1,-10.28,-10.98
-0.2,-0.19,0.99,-0.12,0.13,-0.06,-11.01,-10.87
-0.2,-0.2,1.02,-0.12,0.12,-0.02,-10.72,-10.79
-0.21,-0.21,1.02,-0.13,0.11,-0.0,-11.15,-11.54
-0.21,-0.23,1.04,-0.11,0.11,0.0,-11.34,-11.95
-0.21,-0.24,1.07,-0.09,0.09,-0.01,-11.06,-12.27
-0.22,-0.25,1.09,-0.06,0.08,-0.01,-11.06,-12.79
-0.21,-0.25,1.1,-0.02,0.07,-0.05,-10.36,-12.54
-0.21,-0.26,1.12,0.02,0.07,-0.08,-10.22,-12.93
-0.21,-0.29,1.12,0.07,0.08,-0.11,-10.16,-14.11
-0.21,-0.3,1.12,0.12,0.08,-0.13,-10.45,-14.56
-0.23,-0.31,1.1,0.15,0.09,-0.17,-11.3,-15.28
-0.23,-0.32,1.06,0.16,0.12,-0.19,-11.79,-16.39
-0.24,-0.33,1.02,0.16,0.15,-0.19,-12.79,-17.6
-0.25,-0.34,0.98,0.12,0.15,-0.17,-13.34,-18.49
-0.25,-0.33,0.95,0.09,0.18,-0.15,-13.84,-18.67
-0.25,-0.32,0.94,0.04,0.19,-0.11,-14.04,-18.33
-0.25,-0.33,0.94,-0.02,0.21,-0.08,-14.41,-18.56
-0.26,-0.3,0.94,-0.04,0.22,-0.04,-14.63,-17.31
-0.26,-0.29,0.94,-0.07,0.2,-0.0,-14.85,-16.46
-0.26,-0.26,0.95,-0.08,0.22,0.02,-14.74,-14.96
-0.25,-0.24,0.95,-0.1,0.22,0.04,-14.55,-13.61
-0.23,-0.21,0.97,-0.06,0.19,0.07,-13.27,-11.76
-0.22,-0.18,0.98,-0.02,0.18,0.08,-12.54,-10.33
-0.21,-0.17,1.01,0.04,0.16,0.1,-11.61,-9.48
-0.21,-0.2,1.06,0.14,0.12,0.11,-10.99,-10.3
-0.2,-0.22,1.08,0.24,0.08,0.11,-10.47,-11.45
-0.22,-0.25,1.09,0.36,0.07,0.07,-11.14,-12.67
-0.24,-0.28,1.09,0.43,0.06,0.03,-12.29,-14.04
-0.25,-0.31,1.06,0.46,0.05,-0.02,-12.89,-15.69
-0.25,-0.32,1.02,0.48,0.07,-0.06,-13.08,-16.76
-0.25,-0.32,0.98,0.49,0.08,-0.08,-13.49,-17.4
-0.24,-0.33,0.94,0.46,0.07,-0.08,-13.43,-18.75
-0.24,-0.34,0.92,0.41,0.09,-0.06,-13.59,-19.47
-0.23,-0.34,0.9,0.38,0.08,-0.04,-13.35,-19.8
-0.22,-0.33,0.89,0.34,0.09,-0.02,-13.13,-19.99
-0.22,-0.34,0.88,0.26,0.1,0.01,-13.33,-20.54
-0.23,-0.35,0.87,0.19,0.11,0.04,-13.75,-21.01
-0.23,-0.35,0.87,0.12,0.12,0.07,-13.46,-21.04
-0.23,-0.35,0.89,0.06,0.14,0.09,-13.31,-20.88
-0.22,-0.35,0.91,0.01,0.13,0.11,-12.68,-20.57
-0.22,-0.34,0.94,-0.04,0.13,0.11,-12.2,-19.55
-0.21,-0.34,0.96,-0.04,0.14,0.09,-11.86,-18.99
-0.22,-0.34,0.97,-0.04,0.11,0.07,-12.06,-19.02
-0.22,-0.33,0.97,-0.05,0.11,0.05,-11.87,-18.46
-0.2,-0.32,0.97,-0.08,0.1,0.03,-11.23,-17.98
-0.21,-0.31,0.97,-0.06,0.09,0.01,-11.39,-17.54
-0.2,-0.29,0.97,-0.05,0.07,-0.01,-11.4,-16.54
-0.2,-0.29,0.96,-0.04,0.06,-0.0,-11.44,-16.58
-0.2,-0.29,0.95,-0.06,0.06,-0.0,-11.62,-16.61
-0.2,-0.28,0.94,-0.05,0.05,-0.0,-11.65,-16.29
-0.2,-0.27,0.94,-0.05,0.03,0.02,-11.64,-15.78
-0.21,-0.27,0.93,-0.07,0.04,0.03,-12.26,-15.94
-0.21,-0.27,0.93,-0.09,0.01,0.05,-11.95,-15.54
-0.2,-0.25,0.94,-0.11,0.01,0.06,-11.57,-14.29
-0.2,-0.24,0.97,-0.09,-0.01,0.08,-11.21,-13.51
-0.19,-0.24,0.98,-0.08,-0.01,0.08,-10.61,-13.45
-0.18,-0.25,1.01,-0.06,-0.02,0.1,-9.64,-13.58
-0.18,-0.26,1.03,-0.01,-0.03,0.1,-9.44,-14.14
-0.19,-0.28,1.04,0.01,-0.03,0.09,-9.83,-15.1
-0.18,-0.3,1.05,0.04,-0.03,0.06,-9.26,-15.72
-0.19,-0.31,1.06,0.07,-0.04,0.04,-9.62,-15.89
-0.19,-0.33,1.05,0.08,-0.02,0.02,-9.78,-16.93
-0.18,-0.33,1.04,0.07,-0.02,-0.02,-9.29,-17.38
-0.19,-0.34,1.03,0.08,-0.02,-0.05,-9.95,-18.3
-0.19,-0.35,1.0,0.06,-0.02,-0.07,-10.08,-19.0
-0.19,-0.35,0.98,0.01,-0.02,-0.08,-10.18,-19.51
-0.18,-0.34,0.97,-0.03,-0.02,-0.07,-10.08,-19.16
-0.18,-0.33,0.96,-0.08,-0.02,-0.07,-9.99,-18.53
-0.17,-0.31,0.96,-0.13,-0.02,-0.05,-9.75,-17.66
-0.17,-0.3,0.97,-0.2,0.01,-0.02,-9.38,-16.8
-0.16,-0.28,1.0,-0.22,-0.01,0.01,-8.93,-15.65
-0.16,-0.26,1.03,-0.22,-0.02,0.02,-8.5,-14.25
-0.16,-0.26,1.04,-0.24,0.01,0.02,-8.59,-13.69
-0.16,-0.24,1.06,-0.22,0.01,0.02,-8.54,-12.78
-0.16,-0.23,1.06,-0.19,0.01,0.02,-8.34,-12.15
-0.16,-0.22,1.05,-0.15,0.01,0.01,-8.54,-11.44
-0.16,-0.2,1.05,-0.12,0.02,0.02,-8.42,-10.82
-0.16,-0.2,1.03,-0.1,0.01,0.03,-8.58,-10.69
-0.16,-0.2,1.03,-0.06,0.0,0.04,-8.66,-10.82
-0.16,-0.2,1.03,-0.02,-0.01,0.06,-8.51,-10.95
-0.16,-0.22,1.03,0.0,-0.01,0.06,-8.57,-11.62
-0.16,-0.24,1.05,0.03,-0.02,0.08,-8.54,-12.58
-0.17,-0.26,1.05,0.04,-0.01,0.08,-8.82,-13.51
-0.17,-0.27,1.05,0.06,-0.02,0.08,-8.91,-14.2
-0.17,-0.28,1.05,0.06,-0.0,0.05,-9.0,-14.6
-0.17,-0.27,1.05,0.06,-0.0,0.04,-8.74,-14.46
-0.17,-0.28,1.04,0.08,0.0,0.02,-9.05,-14.95
-0.17,-0.29,1.03,0.07,-0.01,0.01,-8.85,-15.4
-0.16,-0.29,1.02,0.06,-0.02,0.0,-8.75,-15.51
-0.17,-0.29,1.01,0.07,-0.03,-0.01,-8.99,-15.8
-0.17,-0.29,1.01,0.05,-0.03,-0.02,-9.24,-15.92
-0.17,-0.3,1.01,0.05,-0.03,-0.03,-9.36,-16.41
-0.17,-0.29,1.01,0.06,-0.04,-0.03,-8.96,-15.82
-0.16,-0.29,1.0,0.03,-0.05,-0.04,-9.0,-15.84
-0.16,-0.28,0.99,-0.01,-0.04,-0.04,-9.08,-15.7
-0.16,-0.27,0.97,-0.02,-0.04,-0.03,-9.0,-15.33
-0.15,-0.26,0.96,-0.02,-0.06,-0.01,-8.65,-14.9
-0.17,-0.26,0.96,-0.05,-0.06,0.0,-9.41,-14.81
-0.16,-0.24,0.97,-0.08,-0.07,0.02,-9.3,-13.87
-0.16,-0.23,0.98,-0.09,-0.07,0.03,-9.3,-13.28
-0.16,-0.22,0.99,-0.07,-0.08,0.03,-8.84,-12.64
-0.15,-0.21,0.99,-0.07,-0.08,0.05,-8.36,-11.84
-0.14,-0.22,1.01,-0.07,-0.09,0.06,-7.73,-12.25
-0.15,-0.22,1.03,-0.05,-0.09,0.07,-8.23,-11.86
-0.15,-0.22,1.04,-0.02,-0.11,0.07,-7.8,-11.92
-0.15,-0.23,1.05,-0.01,-0.12,0.06,-7.91,-12.38
-0.15,-0.23,1.06,0.03,-0.11,0.04,-7.7,-12.1
-0.15,-0.23,1.06,0.05,-0.1,0.02,-7.67,-12.23
-0.14,-0.24,1.06,0.05,-0.09,-0.0,-7.45,-12.76
-0.13,-0.25,1.06,0.09,-0.1,-0.01,-7.08,-12.96
-0.14,-0.26,1.05,0.1,-0.1,-0.03,-7.15,-13.72
-0.14,-0.27,1.04,0.1,-0.1,-0.02,-7.54,-14.26
-0.13,-0.27,1.04,0.1,-0.1,-0.03,-7.07,-14.29
-0.15,-0.28,1.04,0.11,-0.1,-0.03,-7.77,-14.92
-0.14,-0.28,1.02,0.08,-0.09,-0.04,-7.72,-15.42
-0.15,-0.29,1.01,0.04,-0.07,-0.05,-7.99,-15.75
-0.15,-0.29,1.0,-0.01,-0.07,-0.03,-8.16,-16.22
-0.15,-0.29,1.0,-0.05,-0.06,-0.02,-8.29,-16.32
-0.15,-0.28,1.01,-0.1,-0.05,-0.02,-8.16,-15.37
-0.16,-0.27,1.01,-0.14,-0.04,0.0,-8.46,-14.6
-0.15,-0.24,1.02,-0.18,-0.03,0.01,-8.23,-13.28
-0.15,-0.22,1.03,-0.19,-0.03,0.0,-8.0,-12.16
-0.15,-0.21,1.04,-0.2,-0.03,0.01,-7.83,-11.07
-0.14,-0.19,1.07,-0.2,-0.01,0.01,-7.45,-10.08
-0.14,-0.18,1.07,-0.14,-0.03,0.01,-7.54,-9.7
-0.14,-0.18,1.08,-0.11,-0.02,0.0,-7.41,-9.1
-0.14,-0.17,1.09,-0.07,-0.03,0.0,-7.25,-8.84
-0.14,-0.17,1.08,-0.02,-0.01,-0.01,-7.1,-8.74
-0.13,-0.17,1.07,0.02,-0.03,-0.01,-6.96,-8.97
-0.13,-0.18,1.06,0.05,-0.02,-0.01,-7.13,-9.57
-0.14,-0.19,1.05,0.07,-0.02,-0.0,-7.4,-9.93
-0.14,-0.2,1.05,0.1,-0.03,0.01,-7.45,-10.53
-0.15,-0.2,1.03,0.1,-0.04,0.01,-7.98,-11.12
-0.15,-0.22,1.02,0.11,-0.04,0.01,-8.32,-11.82
-0.15,-0.23,1.03,0.1,-0.04,0.02,-8.34,-12.31
-0.16,-0.23,1.02,0.08,-0.02,0.02,-8.69,-12.76
-0.15,-0.24,1.03,0.08,-0.03,0.04,-8.36,-12.85
-0.15,-0.24,1.02,0.06,-0.03,0.04,-8.32,-12.91
-0.16,-0.23,1.01,0.04,-0.02,0.05,-8.64,-12.79
-0.16,-0.23,1.01,0.01,-0.0,0.05,-8.77,-12.71
-0.15,-0.23,1.01,-0.01,-0.01,0.06,-8.5,-12.42
-0.15,-0.22,1.02,0.0,-0.01,0.06,-8.2,-12.12
-0.15,-0.23,1.04,-0.02,-0.0,0.07,-8.05,-12.39
-0.15,-0.25,1.04,-0.03,0.03,0.08,-8.0,-13.25
-0.15,-0.27,1.05,-0.05,0.05,0.09,-7.97,-14.15
-0.15,-0.29,1.04,-0.06,0.08,0.09,-7.93,-15.21
-0.15,-0.31,1.04,-0.11,0.13,0.1,-7.69,-16.21
-0.15,-0.3,1.03,-0.15,0.15,0.1,-8.14,-16.17
-0.15,-0.3,1.02,-0.19,0.16,0.1,-7.99,-16.37
-0.15,-0.29,1.0,-0.23,0.17,0.1,-8.17,-16.28
-0.14,-0.28,1.0,-0.28,0.17,0.11,-7.66,-15.78
-0.14,-0.28,1.01,-0.3,0.16,0.11,-7.57,-15.26
-0.14,-0.27,1.01,-0.29,0.14,0.1,-7.69,-14.98
-0.14,-0.26,1.01,-0.29,0.12,0.08,-7.72,-14.16
-0.14,-0.24,1.01,-0.28,0.1,0.06,-7.85,-13.17
-0.14,-0.22,1.02,-0.26,0.07,0.05,-7.82,-12.07
-0.13,-0.2,1.03,-0.17,0.17,-0.11,-7.12,-10.97
-0.12,-0.17,1.03,-0.18,-0.0,0.01,-6.69,-9.2
-0.12,-0.16,1.03,-0.1,-0.05,0.02,-6.75,-8.92
-0.12,-0.16,1.05,-0.03,-0.07,0.0,-6.6,-8.47
-0.13,-0.16,1.05,0.04,-0.09,-0.01,-7.09,-8.43
-0.14,-0.17,1.05,0.09,-0.11,-0.01,-7.42,-9.04
-0.15,-0.19,1.04,0.16,-0.13,-0.02,-8.19,-10.17
-0.15,-0.2,1.03,0.18,-0.12,-0.02,-8.22,-10.86
-0.16,-0.22,1.02,0.18,-0.11,-0.02,-8.74,-12.05
-0.15,-0.23,1.0,0.18,-0.11,-0.01,-8.49,-12.99
-0.16,-0.25,1.01,0.18,-0.11,-0.0,-8.68,-13.7
-0.16,-0.25,1.03,0.15,-0.1,0.01,-8.63,-13.55
-0.16,-0.26,1.05,0.13,-0.08,0.01,-8.19,-13.9
-0.15,-0.27,1.07,0.09,-0.05,0.01,-7.79,-14.05
-0.15,-0.27,1.06,0.06,-0.01,-0.01,-7.71,-14.26
-0.14,-0.26,1.06,0.03,0.0,0.01,-7.52,-13.88
-0.14,-0.25,1.06,-0.01,0.03,-0.0,-7.19,-13.23
-0.12,-0.24,1.05,0.01,0.04,0.0,-6.44,-12.77
-0.12,-0.24,1.04,-0.01,0.05,0.01,-6.38,-12.68
-0.12,-0.24,1.04,-0.03,0.05,0.01,-6.28,-13.07
-0.13,-0.25,1.05,-0.05,0.05,0.02,-6.8,-13.43
-0.14,-0.26,1.05,-0.04,0.04,0.01,-7.37,-13.59
-0.15,-0.27,1.05,-0.06,0.06,0.0,-7.99,-14.07
-0.15,-0.25,1.04,-0.07,0.06,-0.01,-8.04,-13.52
-0.15,-0.25,1.03,-0.09,0.07,-0.02,-7.89,-13.3
-0.14,-0.23,1.02,-0.12,0.07,-0.03,-7.81,-12.61
-0.14,-0.21,1.01,-0.09,0.05,-0.03,-7.94,-11.74
-0.14,-0.2,1.01,-0.09,0.04,-0.03,-7.94,-11.12
-0.14,-0.18,1.0,-0.11,0.03,-0.02,-7.89,-10.38
-0.15,-0.17,1.0,-0.11,0.02,-0.0,-8.33,-9.79
-0.15,-0.16,1.0,-0.08,-0.01,-0.0,-8.26,-9.13
-0.15,-0.16,1.02,-0.08,-0.03,0.01,-8.02,-8.64
-0.15,-0.15,1.04,-0.04,-0.03,0.01,-7.9,-8.06
-0.14,-0.15,1.04,-0.04,-0.04,0.01,-7.63,-7.85
-0.14,-0.15,1.05,-0.02,-0.04,0.01,-7.29,-7.82
-0.13,-0.15,1.06,-0.0,-0.04,0.02,-7.05,-7.81
-0.13,-0.15,1.07,-0.01,-0.04,0.03,-6.89,-7.99
-0.13,-0.16,1.09,-0.01,-0.02,0.03,-6.59,-8.1
-0.12,-0.17,1.1,0.0,-0.02,0.04,-6.31,-8.46
-0.12,-0.16,1.12,-0.01,0.06,-0.01,-6.05,-8.32
-0.11,-0.17,1.14,-0.05,0.05,0.04,-5.7,-8.43
-0.12,-0.18,1.14,-0.06,0.08,0.05,-5.89,-9.1
-0.11,-0.18,1.14,-0.1,0.14,0.05,-5.4,-9.1
-0.1,-0.18,1.15,-0.12,0.18,0.05,-5.03,-8.87
-0.09,-0.17,1.15,-0.14,0.21,0.07,-4.3,-8.25
-0.08,-0.17,1.16,-0.15,0.24,0.07,-3.68,-8.18
-0.06,-0.16,1.18,-0.15,0.27,0.09,-3.01,-7.91
-0.06,-0.18,1.2,-0.16,0.31,0.09,-3.05,-8.48
-0.06,-0.18,1.21,-0.19,0.37,0.08,-2.78,-8.54
-0.06,-0.19,1.21,-0.19,0.4,0.08,-2.76,-8.73
-0.06,-0.19,1.2,-0.19,0.44,0.07,-2.78,-8.89
-0.05,-0.18,1.19,-0.22,0.47,0.05,-2.24,-8.64
-0.05,-0.17,1.19,-0.22,0.49,0.04,-2.26,-8.06
-0.04,-0.16,1.18,-0.22,0.52,0.03,-1.81,-7.52
-0.04,-0.15,1.17,-0.22,0.52,0.04,-1.94,-7.08
-0.04,-0.14,1.17,-0.22,0.55,0.03,-2.12,-6.96
-0.04,-0.13,1.17,-0.21,0.55,0.04,-1.78,-6.56
-0.04,-0.13,1.18,-0.22,0.57,0.05,-1.73,-6.39
-0.04,-0.13,1.19,-0.2,0.56,0.05,-1.94,-6.22
-0.04,-0.13,1.21,-0.16,0.56,0.05,-1.66,-6.15
-0.04,-0.13,1.22,-0.13,0.57,0.03,-1.69,-6.25
-0.03,-0.14,1.24,-0.09,0.58,0.03,-1.55,-6.31
-0.04,-0.13,1.25,-0.04,0.61,0.01,-1.74,-6.08
-0.04,-0.14,1.24,-0.02,0.68,-0.04,-1.99,-6.59
-0.05,-0.16,1.24,-0.01,0.68,0.0,-2.1,-7.4
-0.05,-0.18,1.21,-0.02,0.75,-0.0,-2.33,-8.49
-0.06,-0.21,1.18,-0.03,0.79,0.01,-2.83,-9.86
-0.07,-0.22,1.15,-0.1,0.85,0.02,-3.47,-10.81
-0.07,-0.23,1.13,-0.19,0.9,0.06,-3.57,-11.51
-0.06,-0.24,1.14,-0.27,0.95,0.09,-3.04,-11.63
-0.06,-0.23,1.18,-0.32,1.0,0.1,-2.87,-11.23
-0.06,-0.24,1.22,-0.37,1.06,0.11,-2.85,-11.1
-0.06,-0.24,1.24,-0.39,1.11,0.11,-2.91,-10.72
-0.05,-0.22,1.26,-0.42,1.16,0.08,-2.31,-10.05
-0.05,-0.21,1.26,-0.43,1.2,0.07,-2.15,-9.64
-0.04,-0.19,1.26,-0.39,1.25,0.04,-2.0,-8.73
-0.04,-0.18,1.25,-0.37,1.28,0.03,-1.7,-8.36
-0.04,-0.17,1.24,-0.36,1.32,0.01,-1.85,-7.86
-0.04,-0.17,1.23,-0.32,1.32,0.01,-1.82,-7.75
-0.05,-0.17,1.22,-0.28,1.33,0.01,-2.29,-7.97
-0.06,-0.18,1.21,-0.28,1.34,0.01,-2.65,-8.47
-0.06,-0.18,1.19,-0.29,1.38,0.02,-3.06,-8.77
-0.08,-0.19,1.18,-0.31,1.39,0.01,-3.64,-8.96
-0.07,-0.19,1.17,-0.29,1.4,0.02,-3.57,-9.08
-0.08,-0.19,1.17,-0.33,1.42,0.04,-3.65,-9.06
-0.08,-0.18,1.17,-0.35,1.43,0.05,-4.01,-8.87
-0.09,-0.18,1.17,-0.36,1.43,0.06,-4.41,-8.75
-0.1,-0.18,1.18,-0.36,1.44,0.07,-4.71,-8.42
-0.1,-0.17,1.18,-0.38,1.48,0.08,-4.82,-8.29
-0.11,-0.17,1.19,-0.41,1.51,0.1,-5.09,-8.08
-0.12,-0.16,1.2,-0.41,1.53,0.11,-5.44,-7.65
-0.13,-0.16,1.21,-0.41,1.57,0.13,-5.86,-7.5
-0.13,-0.15,1.22,-0.32,1.79,-0.0,-6.1,-6.9
-0.14,-0.15,1.23,-0.35,1.65,0.16,-6.27,-6.86
-0.15,-0.15,1.23,-0.33,1.69,0.17,-6.74,-6.8
-0.14,-0.15,1.22,-0.3,1.72,0.18,-6.58,-6.78
-0.15,-0.15,1.2,-0.28,1.76,0.19,-6.89,-7.11
-0.14,-0.15,1.2,-0.23,1.77,0.2,-6.8,-7.27
-0.16,-0.17,1.2,-0.2,1.79,0.21,-7.4,-8.02
-0.16,-0.18,1.19,-0.15,1.78,0.22,-7.6,-8.56
-0.16,-0.19,1.16,-0.12,1.77,0.21,-7.79,-9.2
-0.17,-0.2,1.15,-0.1,1.78,0.21,-8.3,-9.94
-0.18,-0.21,1.14,-0.09,1.77,0.2,-8.81,-10.4
-0.19,-0.22,1.12,-0.07,1.75,0.2,-9.24,-10.75
-0.19,-0.22,1.1,-0.08,1.75,0.19,-9.51,-11.2
-0.19,-0.22,1.1,-0.07,1.74,0.18,-9.43,-11.22
-0.2,-0.23,1.08,-0.02,1.91,0.05,-10.35,-11.75
-0.19,-0.22,1.08,-0.07,1.72,0.19,-9.7,-11.28
-0.19,-0.21,1.06,-0.08,1.7,0.21,-10.18,-11.29
-0.18,-0.21,1.06,-0.08,1.68,0.22,-9.64,-11.3
-0.2,-0.21,1.06,-0.09,1.66,0.23,-10.48,-10.77
-0.22,-0.22,1.07,-0.06,1.62,0.22,-11.13,-11.23
-0.21,-0.21,1.08,-0.07,1.61,0.22,-10.9,-10.73
-0.22,-0.21,1.09,-0.06,1.62,0.23,-11.06,-10.74
-0.22,-0.22,1.09,-0.04,1.64,0.24,-10.94,-11.39
-0.23,-0.24,1.09,-0.02,1.64,0.25,-11.66,-12.19
-0.24,-0.26,1.09,-0.03,1.67,0.26,-11.9,-13.13
-0.23,-0.26,1.08,-0.05,1.7,0.26,-11.87,-13.35
-0.24,-0.26,1.08,-0.07,1.74,0.28,-12.0,-13.37
-0.24,-0.27,1.08,-0.03,1.95,0.15,-12.09,-13.59
-0.24,-0.27,1.07,-0.09,1.96,0.19,-12.5,-13.89
-0.24,-0.27,1.07,-0.18,1.81,0.33,-12.42,-13.77
-0.24,-0.26,1.06,-0.17,1.83,0.33,-12.33,-13.25
-0.24,-0.25,1.07,-0.19,1.85,0.35,-12.16,-12.93
-0.24,-0.25,1.07,-0.18,1.85,0.36,-12.28,-12.76
-0.23,-0.25,1.08,-0.24,1.87,0.42,-11.82,-12.55
-0.23,-0.24,1.08,-0.18,1.87,0.39,-11.87,-12.22
-0.23,-0.23,1.06,-0.1,1.86,0.39,-11.82,-12.15
-0.22,-0.23,1.05,-0.07,1.85,0.39,-11.68,-12.14
-0.21,-0.24,1.02,-0.04,1.82,0.4,-11.35,-13.06
-0.2,-0.24,1.0,-0.03,1.8,0.41,-11.23,-13.24
-0.21,-0.25,0.96,-0.01,1.75,0.42,-11.68,-14.02
-0.2,-0.26,0.96,-0.04,1.72,0.43,-11.64,-14.67
-0.21,-0.27,0.95,-0.05,1.68,0.42,-11.97,-15.45
-0.22,-0.29,0.95,-0.05,1.64,0.42,-12.36,-16.59
-0.23,-0.3,0.97,-0.06,1.63,0.4,-12.89,-16.98
-0.24,-0.33,0.98,-0.07,1.64,0.39,-13.24,-17.98
-0.24,-0.32,0.98,-0.12,1.67,0.38,-13.25,-17.88
-0.23,-0.31,0.96,-0.17,1.7,0.38,-12.97,-17.63
-0.23,-0.3,0.95,-0.19,1.72,0.37,-12.66,-17.25
-0.22,-0.3,0.93,-0.23,1.72,0.4,-12.39,-17.24
-0.21,-0.29,0.94,-0.3,1.75,0.43,-11.94,-16.8
-0.2,-0.3,0.94,-0.33,1.75,0.45,-11.74,-17.48
-0.21,-0.32,0.95,-0.4,1.79,0.47,-12.07,-18.12
-0.22,-0.33,0.93,-0.44,1.78,0.5,-12.29,-18.92
-0.21,-0.33,0.9,-0.51,1.82,0.5,-12.46,-19.82
-0.21,-0.32,0.87,-0.6,1.86,0.52,-12.66,-19.59
-0.19,-0.31,0.89,-0.69,1.88,0.54,-11.31,-18.95
-0.18,-0.28,0.89,-0.72,1.87,0.57,-10.66,-17.43
-0.17,-0.26,0.9,-0.76,1.88,0.59,-10.28,-16.19
-0.17,-0.26,0.92,-0.8,1.86,0.62,-9.93,-15.47
-0.18,-0.25,0.94,-0.79,1.85,0.64,-10.48,-14.64
-0.18,-0.26,0.97,-0.76,1.83,0.64,-10.34,-14.67
-0.18,-0.26,0.98,-0.72,1.79,0.63,-10.35,-14.41
-0.19,-0.25,0.99,-0.67,1.76,0.63,-10.77,-14.12
-0.21,-0.25,1.0,-0.59,1.73,0.61,-11.38,-13.76
-0.21,-0.26,1.01,-0.51,1.71,0.59,-11.49,-13.97
-0.21,-0.27,1.01,-0.43,1.69,0.55,-11.06,-14.7
-0.21,-0.27,1.01,-0.39,1.67,0.54,-11.43,-14.67
-0.21,-0.27,0.99,-0.31,1.63,0.51,-11.47,-14.88
-0.21,-0.27,0.99,-0.25,1.59,0.5,-11.66,-14.98
-0.21,-0.26,0.99,-0.2,1.57,0.48,-11.57,-14.58
-0.21,-0.26,1.0,-0.13,1.53,0.44,-11.46,-14.42
-0.2,-0.25,1.0,-0.05,1.48,0.44,-10.89,-13.61
-0.2,-0.27,0.98,0.02,1.45,0.43,-11.27,-15.14
-0.21,-0.27,0.95,0.07,1.42,0.41,-11.79,-15.54
-0.2,-0.28,0.93,0.09,1.41,0.41,-11.5,-16.37
-0.2,-0.29,0.92,0.09,1.41,0.39,-11.66,-16.89
-0.19,-0.29,0.92,0.07,1.4,0.39,-11.37,-17.21
-0.18,-0.27,0.91,0.07,1.38,0.39,-10.67,-16.47
-0.18,-0.28,0.91,0.06,1.39,0.4,-10.54,-16.79
-0.18,-0.28,0.89,0.04,1.39,0.41,-11.07,-17.19
-0.18,-0.29,0.9,0.02,1.38,0.43,-10.8,-17.33
-0.18,-0.29,0.91,0.01,1.38,0.42,-10.6,-17.55
-0.18,-0.29,0.92,-0.01,1.4,0.43,-10.59,-17.22
-0.18,-0.28,0.92,0.01,1.4,0.44,-10.54,-16.79
-0.17,-0.27,0.91,0.02,1.38,0.44,-10.17,-16.53
-0.17,-0.28,0.92,0.02,1.36,0.43,-10.06,-16.47
-0.17,-0.28,0.92,0.02,1.36,0.42,-10.29,-16.37
-0.18,-0.27,0.92,0.03,1.34,0.42,-10.39,-16.21
-0.17,-0.26,0.92,0.04,1.32,0.41,-9.85,-15.74
-0.16,-0.26,0.92,0.05,1.31,0.41,-9.41,-15.48
-0.16,-0.26,0.92,0.07,1.29,0.41,-9.47,-15.73
-0.16,-0.26,0.92,0.08,1.25,0.41,-9.57,-15.79
-0.16,-0.28,0.93,0.09,1.22,0.41,-9.61,-16.31
-0.18,-0.3,0.94,0.11,1.2,0.39,-10.55,-17.35
-0.19,-0.31,0.93,0.12,1.2,0.36,-10.74,-18.07
-0.18,-0.31,0.93,0.13,1.2,0.34,-10.63,-18.06
-0.17,-0.3,0.93,0.14,1.21,0.32,-10.11,-17.46
-0.17,-0.29,0.92,0.12,1.19,0.33,-10.11,-17.36
-0.17,-0.29,0.9,0.12,1.28,0.26,-10.05,-17.61
-0.17,-0.28,0.91,0.06,1.2,0.32,-9.97,-17.01
-0.15,-0.27,0.91,-0.01,1.21,0.36,-9.22,-16.45
-0.14,-0.25,0.91,-0.01,1.24,0.35,-8.49,-15.41
-0.14,-0.23,0.91,-0.01,1.27,0.35,-8.36,-14.1
-0.14,-0.22,0.9,-0.02,1.26,0.38,-8.33,-13.67
-0.14,-0.23,0.92,-0.04,1.27,0.39,-8.42,-13.78
-0.14,-0.23,0.93,-0.03,1.24,0.41,-8.29,-13.6
-0.14,-0.22,0.93,-0.01,1.25,0.42,-8.51,-13.39
-0.15,-0.22,0.93,-0.01,1.24,0.42,-8.82,-13.33
-0.14,-0.22,0.94,0.0,1.23,0.43,-8.13,-13.22
-0.14,-0.22,0.95,0.03,1.22,0.43,-8.17,-12.83
-0.13,-0.23,0.94,0.05,1.2,0.44,-7.84,-13.31
-0.14,-0.22,0.94,0.1,1.16,0.44,-8.03,-13.23
-0.14,-0.23,0.94,0.12,1.15,0.43,-8.41,-13.83
-0.15,-0.25,0.93,0.14,1.13,0.43,-8.79,-14.75
-0.15,-0.25,0.92,0.15,1.11,0.4,-9.11,-15.06
-0.16,-0.26,0.9,0.12,1.08,0.44,-9.4,-15.55
-0.15,-0.27,0.92,0.16,1.09,0.37,-8.63,-16.13
-0.14,-0.27,0.91,0.26,1.27,0.19,-8.48,-16.19
-0.13,-0.24,0.89,0.21,1.08,0.31,-7.96,-15.19
-0.11,-0.23,0.88,0.06,0.88,0.48,-7.04,-14.64
-0.11,-0.23,0.87,0.18,1.01,0.29,-6.69,-14.71
-0.11,-0.23,0.88,0.21,1.16,0.15,-6.65,-14.25
-0.11,-0.22,0.88,0.12,0.98,0.26,-6.83,-14.11
-0.12,-0.22,0.89,0.09,0.97,0.26,-7.2,-13.65
-0.11,-0.23,0.91,0.05,0.96,0.28,-6.9,-13.82
-0.12,-0.24,0.94,0.03,0.97,0.28,-6.94,-14.26
-0.13,-0.25,0.96,0.0,0.97,0.3,-7.56,-14.44
-0.14,-0.24,0.98,-0.02,0.99,0.34,-8.09,-13.93
-0.16,-0.24,0.98,-0.04,1.03,0.37,-9.09,-13.48
-0.17,-0.24,0.99,-0.05,1.05,0.39,-9.27,-13.3
-0.16,-0.24,1.01,-0.07,1.1,0.41,-9.01,-13.07
-0.17,-0.24,1.02,-0.04,1.14,0.43,-9.5,-13.26
-0.17,-0.25,1.02,-0.02,1.16,0.45,-9.25,-13.29
-0.17,-0.24,1.02,0.09,1.34,0.34,-9.01,-12.97
-0.16,-0.24,1.01,0.09,1.16,0.48,-8.73,-13.08
-0.15,-0.23,1.0,0.12,1.15,0.48,-8.35,-13.03
-0.16,-0.25,0.98,0.15,1.16,0.46,-9.17,-14.18
-0.17,-0.26,0.97,0.2,1.13,0.44,-9.36,-14.97
-0.17,-0.27,0.96,0.25,1.21,0.34,-9.66,-15.39
-0.16,-0.27,0.96,0.25,1.14,0.37,-9.27,-15.47
-0.15,-0.26,0.97,0.31,1.13,0.32,-8.34,-14.67
-0.13,-0.25,0.96,0.45,1.26,0.17,-7.5,-14.25
-0.13,-0.24,0.95,0.41,1.12,0.25,-7.74,-13.94
-0.13,-0.24,0.94,0.42,1.02,0.25,-7.86,-14.04
-0.13,-0.25,0.91,0.42,1.03,0.23,-7.76,-15.38
-0.11,-0.25,0.88,0.42,1.03,0.19,-6.99,-15.65
-0.09,-0.24,0.86,0.37,1.03,0.2,-5.85,-15.73
-0.08,-0.24,0.84,0.29,1.08,0.21,-5.56,-15.88
-0.08,-0.24,0.84,0.23,1.09,0.23,-5.0,-15.85
-0.07,-0.23,0.85,0.16,1.12,0.24,-4.39,-14.82
-0.06,-0.21,0.86,0.04,1.08,0.35,-3.89,-13.83
-0.05,-0.21,0.87,-0.0,1.12,0.31,-3.52,-13.31
-0.05,-0.19,0.86,0.04,1.39,0.15,-3.37,-12.46
-0.06,-0.2,0.88,-0.12,1.15,0.34,-3.51,-12.83
-0.07,-0.2,0.9,-0.13,1.14,0.36,-4.27,-12.51
-0.08,-0.21,0.92,-0.15,1.13,0.38,-4.66,-12.76
-0.1,-0.22,0.93,-0.07,1.27,0.23,-5.73,-13.14
-0.11,-0.22,0.95,-0.13,1.07,0.36,-6.61,-13.21
-0.14,-0.24,0.96,-0.11,1.08,0.34,-8.23,-13.8
-0.15,-0.26,0.98,-0.07,1.07,0.33,-8.29,-14.5
-0.16,-0.26,0.97,-0.03,1.07,0.31,-8.77,-14.79
-0.15,-0.25,0.98,0.04,1.04,0.29,-8.67,-14.15
-0.15,-0.24,0.97,0.07,1.06,0.28,-8.49,-13.57
-0.15,-0.24,0.96,0.13,1.04,0.28,-8.35,-14.07
-0.14,-0.24,0.97,0.16,1.05,0.25,-7.88,-13.9
-0.13,-0.22,0.96,0.2,1.03,0.27,-7.33,-13.04
-0.11,-0.2,0.95,0.23,1.04,0.26,-6.55,-11.97
-0.12,-0.21,0.94,0.25,1.03,0.26,-6.89,-12.21
-0.13,-0.24,0.94,0.36,1.2,0.13,-7.63,-14.24
-0.12,-0.24,0.93,0.27,1.07,0.26,-7.16,-14.3
-0.11,-0.22,0.92,0.26,1.07,0.29,-6.54,-13.16
-0.09,-0.22,0.9,0.24,1.11,0.3,-5.73,-13.47
-0.08,-0.23,0.88,0.3,1.28,0.16,-5.09,-14.46
-0.09,-0.24,0.88,0.21,1.09,0.32,-5.61,-15.37
-0.08,-0.24,0.87,0.15,1.14,0.32,-5.4,-15.42
-0.08,-0.23,0.86,0.12,1.13,0.31,-5.24,-15.16
-0.08,-0.23,0.87,0.11,1.13,0.29,-4.9,-14.91
-0.07,-0.23,0.87,0.21,1.41,0.03,-4.65,-14.72
-0.06,-0.23,0.88,0.03,1.11,0.25,-4.09,-14.64
-0.07,-0.22,0.89,0.01,1.12,0.23,-4.54,-13.49
-0.07,-0.22,0.9,-0.02,1.05,0.24,-4.49,-13.45
-0.1,-0.22,0.91,0.07,1.19,0.1,-5.79,-13.28
-0.1,-0.21,0.92,0.01,1.02,0.22,-6.24,-12.88
-0.11,-0.22,0.93,0.01,1.0,0.2,-6.7,-12.99
-0.13,-0.23,0.94,0.03,0.97,0.19,-7.65,-13.59
-0.14,-0.24,0.95,0.01,0.89,0.23,-7.89,-13.97
-0.15,-0.27,0.96,0.09,0.9,0.16,-8.7,-15.57
-0.16,-0.29,0.95,0.15,0.93,0.11,-9.19,-16.46
-0.17,-0.3,0.94,0.24,0.89,0.07,-9.59,-17.27
-0.17,-0.27,0.92,0.27,0.9,0.0,-9.93,-16.25
-0.16,-0.26,0.92,0.32,0.87,-0.06,-9.3,-15.4
-0.15,-0.25,0.94,0.35,0.85,-0.12,-8.76,-14.82
-0.15,-0.25,0.94,0.42,0.82,-0.14,-8.92,-14.78
-0.15,-0.24,0.94,0.48,0.81,-0.17,-8.79,-14.28
-0.13,-0.22,0.93,0.51,0.81,-0.19,-7.6,-13.41
-0.1,-0.2,0.92,0.51,0.82,-0.2,-6.36,-11.98
-0.09,-0.18,0.9,0.51,0.82,-0.19,-5.56,-11.34
-0.08,-0.17,0.9,0.46,0.77,-0.11,-4.92,-10.52
-0.06,-0.16,0.9,0.42,0.82,-0.08,-4.02,-10.05
-0.04,-0.17,0.9,0.39,0.83,-0.05,-2.61,-10.4
-0.04,-0.17,0.9,0.38,0.82,0.02,-2.48,-10.89
-0.04,-0.18,0.89,0.42,1.0,-0.1,-2.21,-11.41
-0.05,-0.2,0.87,0.3,0.84,0.1,-2.93,-12.82
-0.06,-0.21,0.87,0.23,0.89,0.12,-3.66,-13.35
-0.06,-0.22,0.88,0.2,0.92,0.13,-3.58,-14.28
-0.06,-0.23,0.88,0.24,1.06,0.0,-3.96,-14.55
-0.09,-0.24,0.88,0.17,0.9,0.12,-5.36,-14.94
-0.1,-0.24,0.89,0.12,0.91,0.11,-6.09,-15.23
-0.1,-0.26,0.9,0.18,1.05,-0.0,-6.11,-15.79
-0.1,-0.25,0.9,0.11,0.9,0.08,-5.97,-15.49
-0.1,-0.25,0.9,0.09,0.93,0.06,-6.03,-15.3
-0.1,-0.25,0.9,0.08,0.92,0.03,-6.41,-15.28
-0.11,-0.25,0.9,0.08,0.88,0.02,-6.91,-15.43
-0.13,-0.25,0.92,0.04,0.92,-0.02,-7.67,-15.11
-0.15,-0.25,0.93,0.2,1.22,-0.27,-8.57,-14.77
-0.16,-0.25,0.95,0.06,0.98,-0.01,-9.03,-14.36
-0.16,-0.25,0.97,0.07,1.02,0.02,-9.04,-14.03
-0.16,-0.23,0.96,0.08,1.04,0.03,-8.95,-13.22
-0.17,-0.22,0.97,0.07,1.07,0.05,-9.67,-12.83
-0.18,-0.22,0.96,0.1,1.11,0.05,-10.39,-12.82
-0.18,-0.22,0.94,0.23,1.4,-0.14,-10.38,-12.88
-0.17,-0.2,0.95,0.12,1.22,0.05,-9.99,-11.98
-0.16,-0.19,0.93,0.26,1.38,-0.1,-9.34,-11.34
-0.14,-0.18,0.91,0.2,1.24,0.04,-8.82,-11.14
-0.15,-0.18,0.9,0.21,1.26,0.03,-9.42,-11.24
-0.15,-0.17,0.9,0.24,1.27,-0.0,-9.33,-10.81
-0.11,-0.17,0.89,0.34,1.41,-0.16,-7.03,-10.55
-0.06,-0.15,0.87,0.27,1.27,-0.04,-3.92,-10.11
-0.05,-0.14,0.84,0.25,1.26,-0.04,-3.62,-9.19
-0.07,-0.13,0.84,0.22,1.23,-0.04,-4.43,-8.7
-0.06,-0.15,0.83,0.24,1.2,-0.05,-4.27,-10.11
-0.04,-0.14,0.85,0.25,1.16,-0.06,-2.79,-9.58
-0.03,-0.13,0.84,0.26,1.14,-0.05,-2.32,-8.56
-0.02,-0.1,0.83,0.27,1.17,-0.08,-1.64,-6.93
-0.02,-0.08,0.84,0.32,1.24,-0.15,-1.09,-5.55
-0.0,-0.07,0.85,0.26,1.09,-0.0,-0.19,-4.6
-0.0,-0.06,0.85,0.27,1.05,0.05,-0.25,-3.99
0.01,-0.07,0.85,0.28,1.01,0.07,0.46,-4.45
0.01,-0.07,0.86,0.43,1.17,-0.08,0.71,-4.32
0.01,-0.07,0.85,0.35,0.93,0.12,0.62,-4.58
0.02,-0.07,0.83,0.45,1.02,-0.01,1.05,-5.12
0.01,-0.09,0.82,0.36,0.88,0.16,0.44,-6.54
0.01,-0.1,0.81,0.45,0.99,0.02,0.79,-7.4
0.01,-0.1,0.8,0.35,0.82,0.15,1.03,-7.11
0.01,-0.1,0.8,0.36,0.81,0.16,0.46,-6.9
0.0,-0.1,0.82,0.35,0.83,0.17,0.26,-6.9
0.0,-0.09,0.83,0.49,0.76,0.2,0.12,-6.07
0.0,-0.09,0.83,0.54,0.9,0.09,0.32,-6.07
0.01,-0.09,0.83,0.46,0.76,0.22,0.6,-5.92
0.01,-0.08,0.82,0.39,0.76,0.24,0.45,-5.85
0.01,-0.08,0.81,0.35,0.74,0.21,0.68,-5.59
0.03,-0.08,0.8,0.53,0.66,0.2,1.89,-5.4
0.07,-0.06,0.79,0.39,0.68,0.18,5.19,-4.38
0.12,-0.03,0.78,0.33,0.65,0.19,8.63,-2.5
0.15,-0.02,0.76,0.37,0.74,0.05,11.07,-1.35
0.16,-0.01,0.75,0.2,0.55,0.2,12.24,-0.89
0.16,-0.01,0.75,0.18,0.51,0.21,12.31,-0.59
0.16,-0.01,0.75,0.01,0.49,0.19,11.7,-0.67
0.14,-0.01,0.77,0.07,0.71,-0.03,10.13,-0.57
0.12,-0.01,0.79,-0.08,0.5,0.13,8.88,-0.62
0.09,-0.02,0.83,-0.0,0.34,0.2,6.48,-1.65
0.06,-0.05,0.86,0.02,0.29,0.22,4.3,-3.32
0.03,-0.08,0.87,0.02,0.41,0.06,1.99,-5.37
-0.0,-0.11,0.88,0.09,0.43,0.01,-0.14,-7.33
-0.03,-0.14,0.89,0.07,0.2,0.19,-1.73,-8.87
-0.05,-0.16,0.89,0.18,0.15,0.18,-2.98,-10.12
-0.05,-0.18,0.88,0.26,0.12,0.18,-3.31,-11.39
-0.05,-0.19,0.87,0.51,0.31,-0.05,-2.98,-12.11
-0.03,-0.19,0.87,0.44,0.16,0.11,-1.77,-12.47
-0.0,-0.17,0.86,0.58,0.27,0.01,-0.12,-11.28
0.04,-0.16,0.86,0.52,0.14,0.13,2.32,-10.36
0.06,-0.15,0.85,0.7,0.32,-0.07,4.21,-10.08
0.09,-0.14,0.83,0.58,0.11,0.11,6.0,-9.7
0.11,-0.15,0.81,0.51,0.1,0.09,7.58,-10.24
0.14,-0.14,0.8,0.49,0.14,0.01,9.77,-10.0
0.17,-0.13,0.8,0.37,0.06,0.05,11.93,-9.25
0.21,-0.13,0.82,0.26,0.05,0.05,13.99,-8.45
0.21,-0.12,0.82,0.16,0.01,0.06,14.06,-8.06
0.19,-0.13,0.81,0.07,0.09,-0.07,12.75,-8.75
0.16,-0.15,0.83,-0.09,-0.06,0.05,10.61,-9.84
0.12,-0.17,0.82,-0.22,-0.05,0.04,8.41,-11.58
0.07,-0.19,0.86,-0.3,-0.03,0.02,4.24,-12.47
0.03,-0.17,0.89,-0.37,-0.04,0.01,1.63,-11.14
-0.01,-0.2,0.9,-0.33,0.08,-0.13,-0.78,-12.55
-0.06,-0.21,0.91,-0.37,-0.07,0.0,-3.54,-12.87
-0.09,-0.2,0.95,-0.37,-0.06,-0.0,-5.48,-12.12
-0.11,-0.21,0.95,-0.32,-0.06,-0.0,-6.57,-12.23
-0.13,-0.21,0.96,-0.26,-0.07,-0.01,-7.74,-12.17
-0.13,-0.21,0.96,-0.21,-0.05,-0.03,-7.76,-12.06
-0.15,-0.21,0.96,-0.14,-0.05,-0.03,-8.61,-12.32
-0.15,-0.2,0.96,-0.07,-0.05,-0.04,-8.89,-11.88
-0.14,-0.2,0.96,-0.03,-0.04,-0.03,-8.17,-11.54
-0.14,-0.2,0.96,-0.01,-0.02,-0.02,-7.89,-11.7
-0.12,-0.2,0.96,0.01,0.01,-0.02,-6.97,-11.65
-0.11,-0.19,0.94,0.05,-0.01,-0.01,-6.37,-11.1
-0.09,-0.18,0.94,0.06,0.01,-0.0,-5.37,-10.89
-0.08,-0.17,0.95,0.05,0.03,0.01,-4.58,-10.08
-0.06,-0.17,0.94,0.03,0.04,0.03,-3.33,-10.04
-0.04,-0.16,0.92,0.02,0.08,0.01,-2.33,-9.65
-0.02,-0.15,0.92,0.01,0.03,0.06,-1.22,-9.05
-0.02,-0.14,0.93,0.04,0.09,-0.05,-0.96,-8.75
-0.01,-0.15,0.93,-0.06,0.0,0.05,-0.61,-9.11
-0.02,-0.16,0.92,-0.09,-0.03,0.07,-1.14,-9.72
-0.03,-0.16,0.91,-0.09,-0.04,0.04,-1.65,-10.09
-0.04,-0.17,0.92,-0.12,-0.07,0.07,-2.33,-10.62
-0.05,-0.18,0.92,-0.15,-0.06,0.06,-3.29,-11.01
-0.07,-0.18,0.93,-0.14,-0.07,0.05,-3.97,-11.03
-0.08,-0.18,0.94,-0.15,-0.09,0.04,-4.67,-10.67
-0.08,-0.19,0.96,-0.14,-0.1,0.05,-4.88,-10.98
-0.09,-0.19,0.95,-0.14,-0.13,0.06,-5.01,-11.34
-0.1,-0.2,0.94,-0.15,-0.13,0.05,-6.03,-11.8
-0.13,-0.21,0.93,-0.18,-0.08,0.05,-7.49,-12.67
-0.13,-0.23,0.93,-0.19,-0.05,0.07,-7.95,-13.51
-0.14,-0.24,0.94,-0.19,0.01,0.07,-7.99,-13.9
-0.14,-0.22,0.95,-0.19,0.04,0.09,-7.9,-13.15
-0.13,-0.22,0.97,-0.19,0.17,0.0,-7.55,-12.48
-0.13,-0.21,0.97,-0.21,0.07,0.11,-7.26,-11.94
-0.14,-0.2,0.99,-0.19,0.1,0.12,-7.78,-11.46
-0.14,-0.2,1.0,-0.14,0.1,0.13,-8.1,-11.21
-0.14,-0.19,0.99,-0.12,0.1,0.14,-8.1,-10.81
-0.14,-0.19,0.99,-0.08,0.12,0.13,-8.01,-10.68
-0.14,-0.18,0.99,-0.03,0.1,0.16,-7.77,-10.35
-0.12,-0.18,0.99,0.05,0.13,0.16,-6.89,-10.28
-0.11,-0.18,0.98,0.12,0.15,0.13,-6.07,-10.19
-0.09,-0.18,0.96,0.2,0.23,0.06,-5.04,-10.35
-0.06,-0.17,0.94,0.18,0.11,0.17,-3.85,-10.19
-0.04,-0.17,0.92,0.22,0.07,0.16,-2.46,-10.61
-0.01,-0.17,0.89,0.19,0.05,0.12,-0.78,-10.99
0.02,-0.18,0.88,0.17,0.02,0.1,1.4,-11.71
0.02,-0.18,0.87,0.16,0.01,0.07,1.37,-11.85
0.03,-0.19,0.86,0.1,0.01,0.04,1.75,-12.2
0.03,-0.2,0.87,0.05,0.02,0.02,1.88,-12.85
0.03,-0.21,0.87,0.13,0.2,-0.16,1.73,-13.24
0.04,-0.19,0.86,-0.05,-0.0,-0.01,2.42,-12.51
0.01,-0.2,0.88,-0.12,-0.01,-0.01,0.64,-12.48
-0.0,-0.21,0.87,-0.15,0.01,-0.02,-0.15,-13.24
-0.01,-0.21,0.9,-0.15,0.14,-0.16,-0.77,-12.88
-0.02,-0.2,0.92,-0.26,0.06,-0.01,-1.44,-12.52
-0.04,-0.19,0.93,-0.27,0.08,0.0,-2.15,-11.34
-0.04,-0.18,0.94,-0.29,0.09,0.02,-2.64,-11.13
-0.07,-0.2,0.95,-0.31,0.09,0.03,-3.89,-11.81
-0.08,-0.2,0.95,-0.26,0.06,0.03,-4.82,-11.93
-0.1,-0.2,0.95,-0.25,0.07,0.03,-5.71,-12.07
-0.1,-0.2,0.94,-0.2,0.07,0.03,-5.73,-11.96
-0.1,-0.18,0.97,-0.14,0.05,0.01,-5.82,-10.76
-0.1,-0.19,0.97,-0.1,0.01,0.02,-5.88,-10.86
-0.09,-0.18,0.96,-0.09,0.03,-0.0,-5.4,-10.56
-0.09,-0.18,0.95,-0.01,-0.02,-0.01,-5.61,-10.55
-0.08,-0.18,0.94,0.12,0.11,-0.19,-4.99,-10.65
-0.07,-0.17,0.95,0.06,-0.01,-0.06,-4.37,-10.34
-0.06,-0.18,0.94,0.09,-0.06,-0.05,-3.85,-10.61
-0.06,-0.17,0.93,0.06,-0.05,-0.05,-3.76,-10.36
-0.06,-0.18,0.93,0.1,-0.0,-0.13,-3.7,-10.64
-0.07,-0.17,0.93,0.14,0.07,-0.18,-4.13,-10.37
-0.07,-0.18,0.93,0.07,-0.04,-0.07,-3.97,-10.82
-0.07,-0.18,0.93,0.05,-0.05,-0.06,-4.03,-11.02
-0.07,-0.19,0.92,0.08,-0.01,-0.13,-4.25,-11.44
-0.06,-0.18,0.91,0.17,0.19,-0.32,-3.44,-11.27
-0.04,-0.17,0.92,0.0,0.03,-0.07,-2.54,-10.21
-0.02,-0.16,0.92,-0.01,0.03,-0.04,-1.36,-9.69
-0.01,-0.15,0.93,-0.07,0.04,-0.02,-0.74,-9.34
-0.02,-0.14,0.92,-0.04,0.18,-0.12,-1.14,-8.84
-0.03,-0.15,0.92,-0.17,0.09,0.01,-1.84,-9.01
-0.04,-0.15,0.94,-0.19,0.1,0.05,-2.63,-9.16
-0.05,-0.15,0.94,-0.16,0.1,0.03,-2.88,-9.23
-0.06,-0.15,0.94,-0.07,0.19,-0.07,-3.31,-8.87
-0.07,-0.15,0.94,-0.12,0.05,0.05,-3.96,-9.34
-0.07,-0.15,0.94,-0.1,0.05,0.06,-4.11,-9.12
-0.06,-0.16,0.95,-0.0,0.13,-0.07,-3.81,-9.26
-0.05,-0.17,0.94,-0.0,-0.01,0.05,-3.22,-10.06
-0.05,-0.17,0.92,0.02,-0.02,0.02,-3.2,-10.49
-0.05,-0.18,0.91,0.05,-0.02,-0.01,-3.25,-11.16
-0.04,-0.18,0.9,0.12,-0.04,-0.04,-2.45,-11.24
-0.01,-0.17,0.89,0.13,-0.07,-0.05,-0.66,-10.69
0.01,-0.15,0.88,0.12,-0.06,-0.06,0.84,-9.63
0.03,-0.15,0.89,0.11,-0.07,-0.06,2.12,-9.6
0.04,-0.16,0.87,0.09,-0.1,-0.07,2.79,-10.2
0.05,-0.15,0.85,0.05,-0.11,-0.08,3.05,-9.75
0.04,-0.14,0.85,-0.04,-0.11,-0.08,2.4,-9.24
0.03,-0.14,0.87,-0.06,-0.11,-0.08,2.15,-9.05
0.03,-0.14,0.9,-0.09,-0.1,-0.07,1.58,-8.65
0.02,-0.13,0.91,-0.11,-0.12,-0.05,1.55,-7.98
0.01,-0.13,0.91,-0.14,-0.13,-0.04,0.45,-7.93
-0.01,-0.14,0.92,-0.14,-0.15,-0.03,-0.83,-8.74
-0.04,-0.15,0.9,-0.13,-0.18,-0.04,-2.35,-9.31
-0.06,-0.15,0.91,-0.16,-0.2,-0.04,-3.98,-9.38
-0.07,-0.15,0.93,-0.16,-0.18,-0.04,-4.17,-9.3
-0.09,-0.14,0.95,-0.14,-0.18,-0.02,-5.39,-8.64
-0.1,-0.14,0.97,-0.12,-0.17,-0.0,-5.77,-7.98
-0.11,-0.13,0.97,-0.16,-0.3,0.13,-6.2,-7.67
-0.13,-0.14,0.97,-0.12,-0.19,0.08,-7.48,-7.87
-0.14,-0.14,0.97,-0.07,-0.15,0.07,-8.37,-8.36
-0.14,-0.15,0.96,0.02,-0.15,0.09,-8.3,-8.76
-0.14,-0.16,0.95,0.06,-0.15,0.09,-8.47,-9.2
-0.12,-0.15,0.94,0.11,-0.16,0.1,-7.45,-9.17
-0.1,-0.13,0.91,0.19,-0.11,0.08,-6.16,-8.2
-0.07,-0.12,0.89,0.26,-0.12,0.09,-4.49,-7.73
-0.03,-0.11,0.88,0.36,-0.09,0.03,-1.63,-6.94
0.03,-0.08,0.84,0.38,-0.13,0.08,2.17,-5.68
0.09,-0.05,0.82,0.4,-0.11,0.08,5.95,-3.7
0.13,-0.02,0.79,0.43,-0.11,0.08,9.11,-1.74
0.16,-0.01,0.76,0.41,-0.19,0.15,11.87,-0.84
0.19,-0.0,0.73,0.64,0.05,-0.09,14.31,-0.38
0.21,0.01,0.71,0.53,-0.17,0.1,16.42,0.51
0.24,0.03,0.69,0.58,-0.21,0.09,18.94,2.09
0.27,0.04,0.66,0.65,-0.27,0.07,21.98,3.39
0.32,0.05,0.64,0.9,-0.14,-0.17,26.23,4.31
0.37,0.07,0.62,0.83,-0.44,0.0,30.87,5.47
0.43,0.07,0.59,0.87,-0.6,-0.03,36.23,5.79
0.5,0.08,0.54,0.87,-0.79,-0.08,42.61,5.87
0.55,0.09,0.48,0.81,-0.96,-0.14,48.32,7.03
0.58,0.1,0.44,0.72,-1.1,-0.2,52.38,7.8
0.6,0.09,0.39,0.58,-1.22,-0.26,56.07,6.92
0.61,0.09,0.38,0.44,-1.35,-0.31,57.06,6.89
0.59,0.07,0.38,0.31,-1.47,-0.33,56.74,6.0
0.56,0.05,0.37,0.15,-1.57,-0.36,55.93,4.36
0.5,0.03,0.37,0.01,-1.65,-0.38,53.91,2.61
0.45,0.0,0.37,-0.11,-1.7,-0.4,50.27,0.09
0.4,-0.01,0.38,-0.09,-1.66,-0.61,46.98,-1.21
0.37,-0.01,0.38,-0.2,-1.81,-0.45,44.14,-0.86
0.35,-0.01,0.39,-0.23,-1.9,-0.46,42.02,-0.71
0.33,0.01,0.38,-0.24,-1.94,-0.47,41.46,1.09
0.32,0.01,0.38,-0.18,-2.05,-0.49,40.29,1.26
0.32,0.01,0.37,-0.14,-2.15,-0.51,40.14,1.08
0.32,0.01,0.36,-0.1,-2.27,-0.53,41.74,1.52
0.32,0.01,0.34,-0.05,-2.39,-0.54,43.15,1.05
0.31,0.01,0.31,-0.01,-2.58,-0.58,44.9,0.87
0.3,-0.0,0.29,0.02,-2.68,-0.61,45.58,-0.45
0.28,-0.01,0.28,0.02,-2.81,-0.65,45.53,-1.11
0.27,-0.03,0.26,0.05,-2.99,-0.68,45.45,-4.16
0.24,-0.04,0.25,0.04,-3.12,-0.71,43.78,-6.93
0.2,-0.07,0.23,0.05,-3.25,-0.74,39.91,-13.08
0.15,-0.1,0.23,0.06,-3.36,-0.78,30.91,-20.11
0.12,-0.11,0.24,0.11,-3.44,-0.8,23.86,-22.82
0.07,-0.13,0.23,0.15,-3.51,-0.84,15.3,-27.37
0.03,-0.14,0.22,0.19,-3.63,-0.86,6.54,-32.16
-0.02,-0.16,0.23,0.26,-3.65,-0.87,-4.38,-35.15
-0.06,-0.18,0.24,0.38,-3.71,-0.89,-11.28,-35.36
-0.1,-0.18,0.24,0.62,-3.79,-1.13,-18.76,-33.78
-0.12,-0.18,0.25,0.66,-3.83,-0.93,-21.67,-32.66
-0.14,-0.15,0.25,0.84,-3.88,-0.97,-25.87,-27.41
-0.15,-0.13,0.26,1.0,-3.96,-0.94,-27.61,-23.55
-0.2,-0.13,0.29,1.27,-4.03,-0.94,-31.85,-20.58
-0.23,-0.12,0.32,1.62,-4.09,-1.09,-34.46,-16.53
-0.25,-0.11,0.34,1.83,-4.28,-0.93,-35.4,-14.53
-0.22,-0.1,0.33,2.1,-4.4,-0.93,-32.07,-14.68
-0.17,-0.12,0.28,2.37,-4.4,-0.9,-28.5,-20.98
-0.08,-0.18,0.22,2.53,-4.4,-0.83,-16.19,-38.41
-0.03,-0.27,0.17,2.51,-4.4,-0.76,-5.5,-57.06
-0.08,-0.42,0.11,2.39,-4.4,-0.64,-10.48,-71.89
-0.17,-0.59,0.04,2.13,-4.4,-0.55,-15.72,-73.78
-0.28,-0.73,-0.0,1.78,-4.4,-0.44,-21.27,-68.73
-0.39,-0.83,0.05,1.31,-4.4,-0.34,-24.8,-64.97
-0.45,-0.87,0.19,0.8,-4.4,-0.22,-26.96,-60.69
-0.5,-0.88,0.32,0.35,-4.4,-0.08,-27.98,-56.04
-0.55,-0.85,0.46,-0.05,-4.4,0.05,-29.93,-49.72
-0.62,-0.78,0.57,-0.37,-4.4,0.17,-32.63,-42.76
-0.68,-0.69,0.7,-0.61,-4.4,0.26,-34.63,-35.31
-0.71,-0.59,0.84,-0.71,-4.4,0.28,-34.67,-28.33
-0.71,-0.49,0.93,-0.67,-4.34,0.3,-34.19,-22.75
-0.75,-0.44,1.0,-0.61,-4.31,0.49,-34.33,-19.55
-0.77,-0.43,1.06,-0.42,-4.33,0.51,-33.99,-18.21
-0.78,-0.42,1.09,-0.17,-4.39,0.52,-33.57,-17.41
-0.77,-0.41,1.1,0.1,-4.4,0.48,-33.32,-17.11
-0.74,-0.4,1.05,0.37,-4.4,0.49,-33.31,-17.28
-0.69,-0.42,0.97,0.62,-4.4,0.46,-33.3,-19.21
-0.66,-0.46,0.91,0.8,-4.4,0.48,-32.88,-22.06
-0.67,-0.53,0.9,1.05,-4.4,0.32,-32.55,-25.32
-0.71,-0.61,0.93,1.07,-4.4,0.43,-32.59,-27.33
-0.77,-0.68,0.99,1.19,-4.4,0.38,-32.64,-28.39
-0.8,-0.76,1.05,1.27,-4.4,0.26,-31.75,-29.87
-0.8,-0.83,1.09,1.33,-4.4,0.15,-30.37,-31.6
-0.81,-0.89,1.12,1.26,-4.4,0.08,-29.49,-32.8
-0.82,-0.93,1.16,1.11,-4.4,0.0,-28.93,-33.11
-0.83,-0.96,1.21,0.92,-4.4,-0.0,-28.04,-33.28
-0.81,-0.96,1.29,0.67,-4.4,0.02,-26.64,-32.33
-0.77,-0.9,1.34,0.41,-4.4,0.07,-25.39,-30.27
-0.72,-0.83,1.38,0.16,-4.4,0.16,-24.21,-27.89
-0.68,-0.73,1.42,-0.11,-4.4,0.27,-23.15,-24.93
-0.65,-0.67,1.44,-0.28,-4.32,0.4,-22.2,-23.08
-0.63,-0.61,1.48,-0.42,-4.17,0.5,-21.45,-20.77
-0.62,-0.55,1.5,-0.48,-4.1,0.59,-21.08,-18.75
-0.62,-0.51,1.51,-0.54,-4.02,0.64,-21.27,-17.32
-0.62,-0.47,1.52,-0.56,-3.97,0.67,-21.26,-16.15
-0.6,-0.44,1.54,-0.53,-3.95,0.68,-20.49,-15.03
-0.58,-0.42,1.55,-0.49,-3.94,0.68,-19.83,-14.28
-0.56,-0.4,1.55,-0.43,-3.9,0.66,-19.08,-13.58
-0.53,-0.38,1.56,-0.36,-3.89,0.67,-18.35,-13.13
-0.53,-0.4,1.6,-0.28,-3.9,0.64,-17.83,-13.18
-0.51,-0.39,1.65,-0.19,-3.89,0.6,-16.92,-12.71
-0.49,-0.39,1.69,-0.11,-3.93,0.55,-15.67,-12.39
-0.46,-0.36,1.7,-0.0,-3.84,0.47,-14.91,-11.58
-0.43,-0.34,1.71,0.24,-3.76,0.21,-13.84,-10.86
-0.37,-0.32,1.72,0.22,-3.78,0.32,-11.8,-10.28
-0.31,-0.3,1.71,0.3,-3.69,0.28,-10.08,-9.85
-0.26,-0.29,1.71,0.38,-3.65,0.28,-8.52,-9.64
-0.24,-0.29,1.7,0.41,-3.65,0.3,-7.94,-9.63
-0.21,-0.29,1.7,0.42,-3.57,0.31,-6.78,-9.7
-0.17,-0.28,1.71,0.4,-3.49,0.34,-5.72,-9.18
-0.15,-0.27,1.73,0.37,-3.45,0.36,-4.9,-8.95
-0.13,-0.24,1.76,0.33,-3.36,0.37,-4.05,-7.72
-0.09,-0.21,1.77,0.31,-3.3,0.39,-2.97,-6.86
-0.08,-0.2,1.81,0.26,-3.18,0.4,-2.59,-6.29
-0.06,-0.19,1.85,0.26,-3.11,0.39,-1.79,-5.97
-0.04,-0.18,1.88,0.23,-3.04,0.36,-1.2,-5.53
-0.02,-0.17,1.89,0.21,-2.92,0.3,-0.51,-5.1
0.01,-0.15,1.88,0.13,-2.77,0.23,0.44,-4.58
0.04,-0.13,1.84,0.09,-2.66,0.17,1.33,-4.02
0.07,-0.12,1.81,0.03,-2.52,0.12,2.26,-3.88
0.1,-0.1,1.77,-0.0,-2.3,-0.06,3.12,-3.38
0.13,-0.08,1.72,-0.14,-2.25,0.08,4.28,-2.58
0.16,-0.05,1.69,-0.25,-2.14,0.09,5.32,-1.6
0.16,-0.02,1.65,-0.29,-2.02,0.09,5.7,-0.55
0.17,0.01,1.62,-0.38,-1.96,0.1,5.9,0.53
0.17,0.04,1.58,-0.44,-1.84,0.1,6.06,1.37
0.17,0.07,1.55,-0.51,-1.73,0.1,6.26,2.41
0.17,0.09,1.52,-0.55,-1.66,0.08,6.3,3.33
0.18,0.12,1.5,-0.6,-1.61,0.1,6.69,4.49
0.16,0.14,1.48,-0.66,-1.51,0.08,6.26,5.41
0.16,0.17,1.45,-0.67,-1.46,0.07,6.31,6.67
0.16,0.19,1.42,-0.69,-1.38,0.08,6.53,7.67
0.17,0.22,1.39,-0.7,-1.32,0.09,6.98,8.91
0.18,0.24,1.39,-0.71,-1.24,0.1,7.14,9.82
0.17,0.26,1.4,-0.7,-1.19,0.12,6.88,10.4
0.17,0.27,1.41,-0.69,-1.18,0.12,6.94,10.72
0.18,0.28,1.41,-0.64,-1.13,0.12,7.05,11.04
0.18,0.28,1.4,-0.6,-1.05,0.06,7.15,11.42
0.18,0.29,1.4,-0.57,-1.01,0.03,7.13,11.48
0.18,0.29,1.4,-0.52,-0.96,-0.01,7.02,11.65
0.18,0.31,1.41,-0.46,-0.93,-0.01,7.24,12.28
0.19,0.31,1.41,-0.43,-0.88,-0.04,7.52,12.13
0.2,0.32,1.41,-0.37,-0.8,-0.07,7.88,12.65
0.2,0.32,1.4,-0.31,-0.75,-0.09,8.1,12.65
0.19,0.31,1.39,-0.28,-0.69,-0.11,7.78,12.5
0.19,0.3,1.36,-0.23,-0.6,-0.13,7.84,12.26
0.18,0.28,1.34,-0.22,-0.52,-0.14,7.68,11.58
0.19,0.27,1.33,-0.22,-0.45,-0.13,8.0,11.23
0.19,0.25,1.32,-0.24,-0.38,-0.12,8.0,10.69
0.18,0.23,1.3,-0.28,-0.28,-0.1,7.71,9.97
0.18,0.23,1.29,-0.31,-0.2,-0.08,7.79,9.9
0.17,0.21,1.27,-0.36,-0.13,-0.05,7.43,9.51
0.16,0.2,1.24,-0.4,-0.05,-0.02,7.38,9.18
0.16,0.19,1.24,-0.45,0.03,0.0,7.1,8.7
0.15,0.19,1.24,-0.52,0.09,0.02,6.77,8.83
0.14,0.19,1.25,-0.55,0.14,0.05,6.17,8.47
0.14,0.19,1.25,-0.55,0.18,0.06,6.25,8.58
0.13,0.2,1.24,-0.55,0.23,0.07,5.8,8.98
0.12,0.21,1.23,-0.55,0.28,0.08,5.6,9.59
0.11,0.21,1.23,-0.53,0.29,0.08,5.03,9.56
0.11,0.2,1.22,-0.53,0.33,0.08,4.97,9.44
0.11,0.2,1.21,-0.52,0.35,0.09,5.0,9.24
0.11,0.19,1.2,-0.49,0.38,0.09,5.3,8.96
0.09,0.17,1.2,-0.47,0.39,0.13,4.28,8.07
0.07,0.15,1.19,-0.44,0.43,0.13,3.29,7.15
0.06,0.14,1.19,-0.42,0.43,0.17,3.09,6.55
0.06,0.12,1.18,-0.43,0.5,0.19,3.0,5.91
0.06,0.12,1.2,-0.41,0.53,0.22,2.93,5.58
0.06,0.11,1.21,-0.4,0.6,0.22,2.7,5.06
0.05,0.1,1.23,-0.36,0.61,0.24,2.12,4.55
0.03,0.08,1.24,-0.35,0.69,0.24,1.38,3.7
0.02,0.05,1.25,-0.31,0.73,0.24,1.02,2.37
0.02,0.02,1.23,-0.33,0.79,0.27,0.85,0.79
0.0,-0.02,1.21,-0.27,0.84,0.25,0.17,-0.9
0.01,-0.03,1.19,-0.28,0.92,0.24,0.46,-1.46
0.0,-0.05,1.17,-0.25,0.93,0.27,0.17,-2.55
-0.01,-0.06,1.16,-0.23,1.01,0.24,-0.64,-3.19
-0.03,-0.09,1.16,-0.23,0.94,0.27,-1.35,-4.35
-0.04,-0.11,1.15,-0.24,0.96,0.26,-1.97,-5.33
-0.04,-0.12,1.12,-0.24,0.96,0.26,-2.09,-6.3
-0.05,-0.14,1.1,-0.23,0.98,0.25,-2.51,-7.16
-0.06,-0.15,1.08,-0.24,0.99,0.26,-3.11,-7.96
-0.08,-0.17,1.05,-0.27,0.99,0.26,-4.24,-9.36
-0.1,-0.2,1.03,-0.31,0.97,0.28,-5.48,-10.96
-0.11,-0.2,1.0,-0.36,0.96,0.28,-6.2,-11.43
-0.12,-0.21,1.0,-0.41,0.92,0.29,-6.57,-11.68
-0.11,-0.2,0.99,-0.49,0.92,0.3,-6.26,-11.3
-0.11,-0.2,1.01,-0.55,0.91,0.32,-6.2,-10.87
-0.12,-0.19,1.02,-0.6,0.9,0.33,-6.57,-10.46
-0.1,-0.17,1.03,-0.61,0.87,0.36,-5.61,-9.41
-0.08,-0.14,1.03,-0.66,0.91,0.37,-4.4,-7.57
-0.1,-0.14,1.04,-0.61,0.9,0.4,-5.19,-7.75
-0.11,-0.15,1.03,-0.63,0.91,0.45,-5.76,-8.36
-0.1,-0.14,1.06,-0.57,0.9,0.47,-5.36,-7.46
-0.1,-0.14,1.09,-0.51,0.92,0.48,-5.3,-7.18
-0.12,-0.14,1.08,-0.47,0.95,0.49,-6.28,-7.5
-0.14,-0.16,1.05,-0.43,0.94,0.5,-7.23,-8.53
-0.14,-0.17,1.04,-0.37,0.94,0.51,-7.51,-9.18
-0.13,-0.17,1.04,-0.3,0.96,0.5,-6.87,-9.06
-0.14,-0.19,1.06,-0.26,0.97,0.5,-7.25,-9.87
-0.14,-0.2,1.06,-0.22,0.97,0.49,-7.38,-10.67
-0.14,-0.21,1.06,-0.16,0.95,0.49,-7.32,-11.11
-0.14,-0.22,1.06,-0.07,0.9,0.47,-7.32,-11.83
-0.15,-0.24,1.06,-0.01,0.91,0.42,-7.72,-12.5
-0.15,-0.25,1.05,0.06,0.88,0.39,-7.96,-13.47
-0.15,-0.28,1.02,0.18,1.01,0.21,-7.97,-15.02
-0.18,-0.3,0.99,0.13,0.79,0.32,-9.69,-16.72
-0.18,-0.32,0.97,0.12,0.79,0.29,-9.85,-18.15
-0.17,-0.33,0.95,0.12,0.74,0.28,-9.55,-18.84
-0.18,-0.32,0.94,0.13,0.69,0.26,-10.23,-18.69
-0.17,-0.31,0.94,0.12,0.62,0.25,-9.98,-18.12
-0.19,-0.32,0.93,0.12,0.58,0.24,-10.83,-18.94
-0.2,-0.31,0.92,0.09,0.57,0.22,-11.65,-18.01
-0.21,-0.3,0.92,0.11,0.52,0.19,-12.27,-17.62
-0.21,-0.29,0.91,0.09,0.45,0.19,-12.25,-17.36
-0.2,-0.28,0.91,0.07,0.44,0.17,-11.9,-16.63
-0.2,-0.28,0.91,0.06,0.42,0.18,-11.69,-16.48
-0.19,-0.27,0.93,0.07,0.36,0.19,-11.3,-15.97
-0.18,-0.27,0.95,0.08,0.33,0.22,-10.45,-15.41
-0.18,-0.27,0.96,0.08,0.34,0.2,-10.07,-15.64
-0.18,-0.28,0.95,0.09,0.33,0.22,-10.58,-16.25
-0.19,-0.3,0.94,0.1,0.32,0.22,-11.03,-17.19
-0.19,-0.3,0.94,0.14,0.45,0.08,-10.73,-17.32
-0.2,-0.3,0.93,0.06,0.3,0.21,-11.29,-17.54
-0.2,-0.31,0.92,0.01,0.31,0.22,-11.35,-18.06
-0.19,-0.31,0.92,-0.01,0.29,0.24,-10.98,-18.53
-0.2,-0.32,0.93,-0.07,0.28,0.25,-11.6,-18.4
-0.2,-0.32,0.95,-0.13,0.29,0.22,-11.25,-18.2
-0.18,-0.3,0.96,-0.18,0.32,0.22,-10.31,-17.01
-0.18,-0.28,0.96,-0.16,0.29,0.21,-9.98,-16.07
-0.17,-0.27,0.95,-0.17,0.28,0.2,-9.73,-15.52
-0.17,-0.26,0.94,-0.17,0.26,0.19,-9.73,-15.44
-0.16,-0.26,0.94,-0.18,0.25,0.17,-9.55,-15.05
-0.16,-0.25,0.95,-0.16,0.2,0.18,-9.36,-14.48
-0.15,-0.25,0.96,-0.14,0.18,0.14,-8.81,-14.34
-0.15,-0.25,0.96,-0.12,0.13,0.14,-8.74,-14.46
-0.15,-0.25,0.98,-0.11,0.13,0.12,-8.45,-14.08
-0.16,-0.25,0.98,-0.09,0.11,0.12,-8.77,-14.32
-0.15,-0.25,0.98,-0.06,0.1,0.08,-8.56,-14.3
-0.16,-0.26,0.97,-0.05,0.06,0.09,-8.93,-14.64
-0.15,-0.25,0.96,-0.06,0.04,0.09,-8.8,-14.49
-0.15,-0.25,0.95,-0.07,0.06,0.06,-8.71,-14.44
-0.15,-0.24,0.95,-0.05,0.03,0.05,-8.71,-14.25
-0.16,-0.24,0.94,-0.06,-0.01,0.06,-9.27,-14.34
-0.16,-0.24,0.95,-0.11,-0.0,0.05,-9.32,-13.9
-0.16,-0.24,0.95,-0.12,-0.02,0.06,-9.5,-13.85
-0.16,-0.23,0.95,-0.12,-0.03,0.05,-9.08,-13.46
-0.15,-0.23,0.97,-0.14,-0.06,0.07,-8.4,-13.05
-0.15,-0.23,0.98,-0.16,-0.03,0.06,-8.26,-13.07
-0.14,-0.22,0.99,-0.18,-0.05,0.08,-8.14,-12.45
-0.14,-0.21,0.99,-0.18,-0.03,0.07,-7.73,-12.13
-0.13,-0.2,0.99,-0.17,-0.04,0.06,-7.23,-11.41
-0.12,-0.19,1.0,-0.19,-0.03,0.05,-6.66,-10.84
-0.12,-0.19,1.01,-0.2,-0.07,0.06,-6.47,-10.66
-0.11,-0.18,1.02,-0.15,-0.1,0.05,-6.1,-10.16
-0.11,-0.18,1.03,-0.1,-0.1,0.02,-5.91,-10.06
-0.11,-0.18,1.03,-0.09,-0.1,0.01,-5.74,-9.9
-0.11,-0.18,1.03,-0.05,-0.12,-0.01,-6.05,-10.08
-0.11,-0.19,1.02,-0.02,-0.14,-0.02,-5.97,-10.59
-0.12,-0.21,1.03,-0.02,-0.14,-0.04,-6.6,-11.43
-0.11,-0.22,1.04,-0.0,-0.15,-0.07,-5.78,-11.67
-0.11,-0.22,1.05,-0.01,-0.13,-0.11,-5.63,-12.0
-0.11,-0.23,1.05,-0.02,-0.17,-0.15,-5.58,-12.35
-0.11,-0.23,1.03,-0.01,-0.17,-0.19,-6.1,-12.27
-0.1,-0.22,1.02,-0.04,-0.17,-0.23,-5.65,-12.07
-0.09,-0.27,1.01,-0.06,-0.2,-0.24,-4.67,-14.67
-0.09,-0.24,1.02,-0.08,-0.2,-0.25,-5.18,-13.0
-0.11,-0.21,1.03,-0.1,-0.21,-0.28,-5.88,-11.33
-0.08,-0.19,1.03,-0.14,-0.23,-0.31,-4.58,-10.37
-0.05,-0.19,1.03,-0.16,-0.24,-0.3,-2.99,-10.22
-0.06,-0.19,1.01,-0.18,-0.23,-0.27,-3.15,-10.51
-0.06,-0.19,0.99,-0.22,-0.21,-0.21,-3.28,-10.84
-0.06,-0.18,0.99,-0.25,-0.19,-0.16,-3.2,-10.46
-0.04,-0.16,1.0,-0.28,-0.17,-0.09,-2.14,-9.13
-0.03,-0.15,1.02,-0.31,-0.2,-0.01,-1.56,-8.16
-0.03,-0.16,1.02,-0.21,0.02,-0.16,-1.94,-8.72
-0.04,-0.17,1.03,-0.32,-0.12,0.06,-2.46,-9.41
-0.05,-0.17,1.04,-0.34,-0.09,0.09,-2.74,-9.51
-0.05,-0.18,1.04,-0.37,-0.07,0.1,-2.79,-9.86
-0.04,-0.17,1.04,-0.4,-0.05,0.11,-2.4,-9.4
-0.04,-0.18,1.02,-0.43,-0.05,0.1,-2.39,-9.82
-0.05,-0.18,1.01,-0.47,-0.05,0.08,-2.65,-10.06
-0.06,-0.17,1.0,-0.52,-0.03,0.07,-3.12,-9.87
-0.05,-0.16,1.0,-0.56,-0.05,0.06,-2.91,-9.13
-0.04,-0.14,1.02,-0.58,-0.06,0.05,-2.12,-7.66
-0.03,-0.13,1.03,-0.59,-0.06,0.04,-1.6,-6.98
-0.02,-0.11,1.05,-0.57,-0.11,0.05,-1.13,-6.17
-0.01,-0.11,1.08,-0.54,-0.15,0.05,-0.28,-5.71
-0.01,-0.1,1.09,-0.53,-0.18,0.03,-0.44,-5.37
-0.0,-0.1,1.1,-0.49,-0.21,0.02,-0.24,-5.06
-0.0,-0.09,1.12,-0.48,-0.21,0.01,-0.13,-4.66
-0.02,-0.1,1.13,-0.45,-0.2,0.01,-0.77,-4.94
-0.03,-0.11,1.12,-0.42,-0.17,0.01,-1.58,-5.53
-0.05,-0.12,1.1,-0.41,-0.06,0.01,-2.48,-6.32
-0.04,-0.12,1.09,-0.44,0.03,0.04,-2.08,-6.39
-0.01,-0.1,1.1,-0.43,0.12,0.05,-0.73,-5.35
-0.02,-0.09,1.11,-0.45,0.16,0.07,-0.83,-4.55
-0.02,-0.09,1.1,-0.47,0.23,0.08,-1.08,-4.5
-0.04,-0.07,1.08,-0.47,0.32,0.12,-1.9,-3.94
-0.05,-0.11,1.09,-0.48,0.52,0.03,-2.71,-5.56
-0.09,-0.12,1.06,-0.55,0.51,0.17,-4.55,-6.32
-0.08,-0.08,1.07,-0.59,0.72,0.15,-4.52,-4.09
-0.11,-0.11,1.05,-0.65,0.86,0.21,-5.78,-5.88
-0.07,-0.17,1.2,-0.69,0.93,0.14,-3.24,-8.05
-0.03,-0.1,1.2,-0.65,0.99,0.05,-1.63,-4.66
0.0,-0.03,1.22,-0.58,1.04,-0.04,0.0,-1.59
-0.01,-0.04,1.2,-0.47,1.05,-0.11,-0.39,-2.03
-0.02,-0.04,1.17,-0.38,0.99,-0.18,-0.8,-1.78
-0.03,-0.03,1.14,-0.32,0.95,-0.24,-1.55,-1.33
-0.04,-0.03,1.13,-0.27,0.87,-0.31,-2.03,-1.28
-0.04,-0.02,1.12,-0.22,0.81,-0.35,-2.05,-0.83
-0.04,-0.01,1.09,-0.14,0.74,-0.36,-1.95,-0.64
-0.04,-0.03,1.07,-0.09,0.67,-0.34,-2.26,-1.51
-0.05,-0.08,1.07,-0.06,0.56,-0.32,-2.73,-4.03
-0.03,-0.07,1.03,-0.08,0.48,-0.25,-1.53,-4.15
-0.01,-0.07,1.03,-0.09,0.46,-0.21,-0.54,-4.09
-0.03,-0.09,1.03,-0.13,0.32,-0.06,-1.44,-4.71
-0.05,-0.1,1.04,-0.14,0.38,-0.0,-2.96,-5.49
-0.07,-0.07,1.03,-0.19,0.42,0.06,-3.71,-4.07
-0.06,-0.05,1.03,-0.19,0.42,0.13,-3.56,-2.79
-0.03,-0.04,1.02,-0.14,0.57,0.05,-1.73,-2.02
-0.02,-0.02,1.02,-0.2,0.36,0.28,-1.24,-1.05
0.0,-0.01,1.03,-0.16,0.33,0.33,0.13,-0.37
-0.01,-0.01,1.05,-0.1,0.24,0.41,-0.54,-0.48
-0.02,-0.02,1.08,-0.04,0.18,0.45,-1.2,-0.97
-0.03,-0.02,1.1,0.0,0.18,0.46,-1.66,-1.14
-0.04,-0.02,1.1,0.04,0.16,0.46,-1.94,-1.14
-0.02,-0.03,1.1,0.1,0.1,0.44,-1.06,-1.32
-0.05,-0.07,1.1,0.2,0.13,0.26,-2.75,-3.42
-0.12,-0.11,1.1,0.17,0.07,0.35,-6.35,-5.73
-0.12,-0.1,1.09,0.18,0.2,0.35,-6.06,-5.08
-0.06,-0.06,1.08,0.23,0.25,0.32,-3.4,-3.17
-0.03,-0.05,1.05,0.25,0.24,0.34,-1.66,-2.49
-0.03,-0.06,1.04,0.27,0.19,0.35,-1.45,-3.27
-0.04,-0.09,1.03,0.28,0.14,0.35,-1.99,-4.76
-0.04,-0.09,1.04,0.26,0.09,0.36,-2.12,-5.1
-0.05,-0.11,1.05,0.28,-0.03,0.36,-2.69,-5.83
-0.1,-0.14,1.06,0.27,0.03,0.35,-5.11,-7.57
-0.1,-0.16,1.08,0.26,0.09,0.32,-5.04,-8.41
-0.07,-0.15,1.1,0.25,0.09,0.29,-3.38,-7.56
-0.05,-0.14,1.11,0.22,0.09,0.26,-2.82,-7.36
-0.09,-0.16,1.11,0.19,0.12,0.21,-4.46,-8.02
-0.07,-0.16,1.1,0.15,0.14,0.15,-3.5,-8.1
-0.06,-0.17,1.09,0.13,0.15,0.11,-3.17,-8.67
-0.04,-0.16,1.08,0.15,0.14,0.09,-2.35,-8.43
-0.05,-0.15,1.07,0.15,0.12,0.09,-2.56,-8.15
-0.06,-0.16,1.06,0.12,0.15,0.1,-3.42,-8.75
-0.06,-0.15,1.04,0.13,0.12,0.12,-3.31,-8.35
-0.06,-0.15,1.02,0.11,0.1,0.14,-3.11,-8.53
-0.05,-0.16,1.02,0.12,0.11,0.19,-2.7,-8.76
-0.05,-0.15,1.03,0.11,0.08,0.22,-2.59,-8.19
-0.05,-0.15,1.04,0.1,0.07,0.26,-3.0,-8.18
-0.06,-0.15,1.04,0.12,0.11,0.27,-3.19,-8.22
-0.06,-0.15,1.06,0.14,0.12,0.3,-3.22,-7.97
-0.05,-0.15,1.07,0.15,0.13,0.31,-2.8,-7.87
-0.04,-0.15,1.06,0.19,0.11,0.34,-2.06,-8.28
-0.04,-0.17,1.06,0.2,0.11,0.35,-1.89,-9.04
-0.04,-0.17,1.06,0.21,0.09,0.37,-2.33,-9.39
-0.05,-0.19,1.05,0.22,0.11,0.38,-2.7,-10.12
-0.07,-0.21,1.05,0.18,0.14,0.4,-3.55,-11.26
-0.06,-0.21,1.04,0.15,0.17,0.4,-3.36,-11.2
-0.05,-0.22,1.04,0.14,0.16,0.4,-2.74,-11.78
-0.05,-0.21,1.04,0.12,0.17,0.41,-2.95,-11.61
-0.06,-0.24,1.06,0.1,0.17,0.42,-3.11,-12.48
-0.08,-0.25,1.09,0.05,0.19,0.42,-3.87,-12.85
-0.07,-0.25,1.11,0.05,0.25,0.35,-3.71,-12.79
-0.06,-0.26,1.11,0.03,0.33,0.28,-3.24,-13.45
-0.06,-0.25,1.11,0.02,0.37,0.23,-2.9,-12.92
-0.04,-0.25,1.09,0.02,0.39,0.18,-2.28,-13.0
-0.06,-0.24,1.08,0.02,0.39,0.13,-2.94,-12.43
-0.06,-0.23,1.07,0.01,0.41,0.08,-3.1,-12.25
-0.05,-0.22,1.05,0.0,0.39,0.05,-2.79,-11.73
-0.05,-0.22,1.04,-0.01,0.37,0.02,-2.71,-11.7
-0.05,-0.2,1.04,0.0,0.34,-0.0,-2.59,-11.04
-0.05,-0.2,1.02,-0.02,0.34,-0.02,-2.78,-11.19
-0.04,-0.19,1.03,-0.02,0.31,-0.02,-2.43,-10.64
-0.05,-0.2,1.01,-0.05,0.28,-0.02,-2.6,-11.28
-0.05,-0.19,1.01,-0.06,0.22,-0.0,-2.99,-10.83
-0.06,-0.19,1.0,-0.08,0.21,0.01,-3.11,-10.74
-0.06,-0.18,1.0,-0.12,0.2,0.05,-3.43,-10.03
-0.05,-0.16,1.0,-0.12,0.14,0.08,-2.62,-9.06
-0.05,-0.17,0.99,-0.14,0.13,0.12,-2.78,-9.63
-0.06,-0.16,0.99,-0.14,0.08,0.16,-3.29,-9.3
-0.06,-0.17,0.98,-0.18,0.06,0.18,-3.62,-9.52
-0.06,-0.17,0.98,-0.19,0.01,0.22,-3.51,-10.02
-0.07,-0.18,0.98,-0.22,-0.04,0.26,-3.84,-10.32
-0.07,-0.18,0.97,-0.25,-0.04,0.28,-4.23,-10.61
-0.08,-0.17,0.97,-0.29,-0.05,0.32,-4.37,-10.05
-0.07,-0.18,0.96,-0.32,-0.07,0.35,-4.38,-10.73
-0.07,-0.18,0.97,-0.34,-0.09,0.38,-4.01,-10.66
-0.05,-0.17,0.98,-0.34,-0.12,0.42,-2.98,-9.88
-0.04,-0.17,0.99,-0.37,-0.17,0.45,-2.34,-9.82
-0.04,-0.17,0.99,-0.39,-0.21,0.48,-2.23,-10.02
-0.04,-0.19,0.99,-0.4,-0.26,0.51,-2.12,-10.83
-0.03,-0.2,0.98,-0.41,-0.29,0.53,-1.91,-11.3
-0.04,-0.21,1.0,-0.45,-0.31,0.55,-2.4,-11.89
-0.06,-0.23,1.01,-0.46,-0.35,0.57,-3.15,-12.86
-0.08,-0.23,1.04,-0.47,-0.38,0.55,-4.35,-12.67
-0.09,-0.23,1.06,-0.48,-0.34,0.51,-4.97,-12.11
-0.08,-0.2,1.08,-0.5,-0.14,0.43,-4.39,-10.43
-0.11,-0.17,1.16,-0.46,-0.05,0.32,-5.56,-8.35
-0.13,-0.17,1.17,-0.42,0.02,0.19,-6.37,-8.44
-0.11,-0.18,1.14,-0.38,0.05,0.08,-5.64,-8.85
-0.08,-0.16,1.11,-0.37,0.11,0.01,-4.15,-7.96
-0.05,-0.13,1.08,-0.32,0.13,-0.01,-2.71,-6.7
-0.05,-0.11,1.05,-0.26,0.11,-0.01,-2.59,-5.8
-0.06,-0.12,1.04,-0.2,0.1,-0.01,-3.53,-6.53
-0.07,-0.13,1.04,-0.18,0.09,-0.03,-3.93,-6.93
-0.08,-0.14,1.05,-0.16,0.06,-0.03,-4.38,-7.38
-0.07,-0.13,1.05,-0.14,0.03,-0.03,-3.56,-7.23
-0.04,-0.19,1.05,-0.1,0.03,-0.05,-2.37,-10.17
-0.04,-0.17,1.05,-0.08,0.08,-0.04,-2.11,-9.07
-0.04,-0.22,1.13,-0.04,0.09,-0.09,-1.94,-10.87
-0.08,-0.13,1.07,-0.01,0.12,-0.14,-4.27,-6.83
-0.04,-0.07,0.94,0.03,0.11,-0.1,-2.22,-4.17
-0.07,-0.01,1.01,0.04,0.09,-0.03,-3.81,-0.36
-0.09,-0.03,1.02,0.07,0.02,0.03,-4.8,-1.46
-0.11,-0.08,1.0,0.08,-0.03,0.07,-6.01,-4.48
-0.09,-0.11,0.99,0.16,0.04,-0.06,-5.3,-6.59
-0.05,-0.12,1.01,0.07,-0.15,0.12,-2.96,-6.71
-0.05,-0.13,1.02,0.08,-0.17,0.15,-3.02,-7.47
-0.08,-0.14,1.02,0.07,-0.12,0.15,-4.18,-7.96
-0.09,-0.16,1.02,0.06,-0.12,0.16,-5.16,-8.84
-0.08,-0.15,1.02,0.04,-0.11,0.14,-4.24,-8.41
-0.1,-0.16,1.02,0.01,-0.13,0.14,-5.68,-8.99
-0.08,-0.15,1.05,-0.02,-0.13,0.16,-4.47,-8.19
-0.07,-0.16,1.03,0.02,0.03,0.03,-3.97,-8.7
-0.07,-0.16,1.04,-0.08,-0.1,0.17,-3.91,-9.02
-0.06,-0.16,1.04,-0.1,-0.1,0.18,-3.37,-8.88
-0.06,-0.17,1.03,-0.13,-0.11,0.18,-3.07,-9.1
-0.04,-0.16,1.03,-0.15,-0.11,0.18,-2.38,-8.58
-0.04,-0.17,1.02,-0.14,-0.12,0.17,-2.34,-9.18
-0.04,-0.17,1.02,-0.15,-0.11,0.14,-2.27,-9.2
-0.05,-0.16,1.04,-0.16,-0.12,0.13,-2.75,-8.91
-0.05,-0.15,1.05,-0.16,-0.12,0.09,-2.58,-8.25
-0.01,-0.14,1.03,-0.15,-0.14,0.09,-0.38,-7.67
-0.01,-0.12,1.04,-0.13,-0.12,0.09,-0.47,-6.65
-0.05,-0.12,1.05,-0.12,-0.15,0.1,-2.65,-6.42
-0.06,-0.12,1.07,-0.11,-0.16,0.08,-3.06,-6.49
-0.06,-0.14,1.05,-0.1,-0.18,0.05,-3.32,-7.52
-0.06,-0.15,1.06,-0.11,-0.22,0.03,-3.08,-7.96
-0.05,-0.15,1.07,-0.09,-0.23,0.01,-2.76,-7.91
-0.05,-0.14,1.06,-0.09,-0.22,-0.0,-2.72,-7.51
-0.05,-0.13,1.06,-0.06,-0.21,-0.01,-2.57,-6.95
-0.04,-0.12,1.07,-0.07,-0.18,-0.02,-2.31,-6.22
-0.04,-0.11,1.08,-0.04,-0.14,-0.01,-2.34,-5.96
-0.05,-0.11,1.08,-0.05,-0.14,-0.0,-2.58,-5.74
-0.05,-0.1,1.08,-0.02,-0.12,0.0,-2.61,-5.39
-0.04,-0.1,1.07,0.02,-0.09,0.01,-2.29,-5.2
-0.04,-0.1,1.07,0.02,-0.07,0.02,-2.06,-5.14
-0.04,-0.1,1.05,0.03,-0.08,0.05,-2.29,-5.48
-0.04,-0.1,1.04,0.02,-0.05,0.06,-2.01,-5.54
-0.02,-0.1,1.03,0.02,-0.06,0.08,-1.15,-5.48
-0.02,-0.11,1.02,0.01,-0.05,0.11,-1.34,-5.99
-0.03,-0.12,1.04,-0.01,-0.08,0.13,-1.45,-6.56
-0.04,-0.15,1.05,0.03,-0.1,0.14,-2.08,-8.01
-0.05,-0.14,1.05,0.0,-0.12,0.13,-2.66,-7.66
-0.04,-0.13,1.07,-0.01,-0.09,0.12,-2.23,-7.04
-0.04,-0.13,1.07,-0.01,-0.08,0.11,-1.96,-6.68
-0.03,-0.13,1.08,0.06,0.06,-0.03,-1.49,-6.85
-0.02,-0.14,1.08,0.01,-0.08,0.09,-1.27,-7.47
-0.02,-0.14,1.08,0.02,-0.1,0.06,-1.04,-7.31
-0.02,-0.14,1.07,0.03,-0.09,0.04,-1.19,-7.5
-0.03,-0.14,1.08,0.05,-0.09,0.02,-1.34,-7.22
-0.02,-0.13,1.07,0.06,-0.07,0.01,-1.25,-7.12
-0.0,-0.12,1.03,0.08,-0.03,0.02,-0.12,-6.47
-0.02,-0.08,1.06,0.07,-0.03,0.03,-1.09,-4.42
-0.06,-0.09,1.05,0.09,-0.06,0.04,-3.22,-5.12
-0.06,-0.11,1.05,0.07,-0.08,0.04,-3.05,-5.71
-0.06,-0.11,1.05,0.07,-0.11,0.04,-3.01,-5.83
-0.05,-0.11,1.06,0.07,-0.14,0.06,-2.45,-5.87
-0.03,-0.11,1.08,0.07,-0.13,0.05,-1.51,-5.57
-0.03,-0.11,1.08,0.07,-0.12,0.06,-1.48,-5.73
-0.02,-0.11,1.08,0.07,-0.08,0.06,-1.27,-5.99
-0.03,-0.12,1.07,0.06,-0.07,0.07,-1.68,-6.14
-0.03,-0.12,1.06,0.08,-0.07,0.06,-1.43,-6.3
-0.03,-0.12,1.06,0.06,-0.08,0.06,-1.75,-6.38
-0.03,-0.12,1.07,0.05,-0.05,0.05,-1.75,-6.56
-0.02,-0.11,1.07,0.05,-0.06,0.05,-1.3,-6.06
-0.03,-0.11,1.09,0.08,0.01,-0.05,-1.5,-6.02
-0.02,-0.11,1.09,0.03,-0.07,0.03,-1.0,-5.94
-0.02,-0.11,1.09,0.0,-0.11,0.06,-1.27,-5.74
-0.03,-0.11,1.09,0.04,-0.04,0.03,-1.35,-5.82
-0.02,-0.11,1.11,0.06,-0.02,0.01,-1.24,-5.53
-0.03,-0.1,1.12,0.05,-0.02,-0.01,-1.41,-5.01
-0.02,-0.09,1.15,0.06,0.02,-0.03,-1.02,-4.38
-0.02,-0.08,1.17,0.08,0.04,-0.06,-0.91,-3.9
-0.0,-0.07,1.17,0.1,0.04,-0.08,-0.19,-3.31
0.01,-0.06,1.18,0.14,0.08,-0.09,0.37,-2.66
0.01,-0.05,1.2,0.17,0.15,-0.12,0.6,-2.48
0.02,-0.04,1.19,0.21,0.16,-0.14,0.95,-2.03
0.03,-0.03,1.2,0.28,0.19,-0.13,1.43,-1.48
0.03,-0.03,1.19,0.33,0.21,-0.12,1.33,-1.33
0.04,-0.02,1.16,0.38,0.26,-0.12,2.18,-1.14
0.05,-0.01,1.15,0.41,0.31,-0.1,2.55,-0.62
0.02,-0.01,1.16,0.42,0.24,-0.01,1.19,-0.54
0.0,-0.02,1.15,0.48,0.28,-0.05,0.2,-1.15
-0.0,-0.04,1.13,0.48,0.31,-0.07,-0.03,-2.11
-0.01,-0.07,1.11,0.45,0.31,-0.07,-0.64,-3.87
-0.01,-0.09,1.08,0.4,0.3,-0.06,-0.36,-4.67
0.01,-0.09,1.08,0.33,0.32,-0.06,0.44,-5.03
0.03,-0.08,1.08,0.25,0.34,-0.03,1.71,-4.46
0.05,-0.09,1.09,0.22,0.35,-0.0,2.55,-4.49
0.06,-0.09,1.1,0.2,0.35,0.03,3.26,-4.82
0.05,-0.11,1.09,0.16,0.35,0.06,2.8,-5.7
0.06,-0.1,1.1,0.11,0.38,0.07,2.88,-5.43
0.05,-0.1,1.12,0.08,0.4,0.1,2.56,-5.28
0.04,-0.1,1.15,0.07,0.4,0.11,2.12,-5.08
0.04,-0.09,1.19,0.08,0.41,0.1,2.1,-4.34
0.05,-0.07,1.24,0.1,0.47,0.08,2.51,-3.25
0.06,-0.07,1.25,0.1,0.5,0.11,2.67,-3.29
0.06,-0.06,1.29,0.2,0.6,0.07,2.59,-2.61
0.06,-0.03,1.31,0.29,0.67,0.02,2.68,-1.4
0.06,-0.01,1.31,0.37,0.72,0.0,2.75,-0.62
0.06,-0.01,1.33,0.48,0.77,-0.02,2.55,-0.51
0.06,-0.01,1.34,0.57,0.85,-0.06,2.75,-0.57
0.07,-0.03,1.35,0.69,0.94,-0.1,2.87,-1.16
0.05,-0.02,1.35,0.78,1.03,-0.16,1.98,-0.79
0.03,-0.03,1.35,0.81,1.1,-0.23,1.2,-1.44
0.01,-0.07,1.33,0.8,1.11,-0.3,0.58,-2.94
0.03,-0.09,1.29,0.74,1.13,-0.35,1.47,-4.09
0.05,-0.11,1.26,0.64,1.18,-0.38,2.36,-4.93
0.06,-0.12,1.22,0.54,1.27,-0.37,2.86,-5.69
0.05,-0.13,1.19,0.41,1.34,-0.33,2.62,-6.45
0.07,-0.13,1.17,0.29,1.35,-0.27,3.23,-6.28
0.08,-0.12,1.15,0.18,1.35,-0.2,3.78,-5.75
0.1,-0.11,1.15,0.05,1.39,-0.11,4.9,-5.49
0.1,-0.11,1.15,-0.04,1.38,-0.03,4.78,-5.53
0.09,-0.1,1.15,-0.13,1.36,0.04,4.23,-5.18
0.07,-0.11,1.16,-0.2,1.34,0.09,3.22,-5.19
0.04,-0.12,1.18,-0.25,1.34,0.12,2.12,-6.02
0.05,-0.16,1.21,-0.27,1.39,0.13,2.57,-7.34
0.07,-0.17,1.23,-0.25,1.52,0.13,3.37,-7.76
0.05,-0.16,1.22,-0.25,1.65,0.14,2.12,-7.3
0.01,-0.16,1.22,-0.3,1.79,0.11,0.64,-7.44
0.02,-0.15,1.22,-0.38,1.78,0.08,0.79,-6.89
0.04,-0.13,1.2,-0.46,1.72,0.06,1.79,-6.27
0.06,-0.13,1.22,-0.51,1.67,0.04,2.59,-6.11
0.07,-0.14,1.23,-0.55,1.65,0.03,3.16,-6.53
0.07,-0.14,1.23,-0.62,1.65,0.03,3.06,-6.63
0.06,-0.15,1.22,-0.63,1.62,0.04,3.01,-6.89
0.06,-0.15,1.26,-0.68,1.64,0.05,2.73,-6.58
0.03,-0.17,1.27,-0.72,1.65,0.04,1.18,-7.79
0.02,-0.18,1.3,-0.76,1.67,0.03,1.06,-7.88
0.01,-0.15,1.32,-0.79,1.66,-0.01,0.24,-6.41
-0.02,-0.12,1.35,-0.79,1.62,-0.03,-1.04,-4.93
-0.03,-0.07,1.36,-0.73,1.59,-0.05,-1.43,-3.11
-0.03,-0.04,1.36,-0.66,1.61,-0.08,-1.47,-1.66
-0.03,-0.03,1.34,-0.53,1.65,-0.08,-1.31,-1.19
-0.04,-0.01,1.32,-0.36,1.66,-0.07,-1.6,-0.6
-0.04,-0.02,1.29,-0.22,1.69,-0.06,-1.82,-1.0
-0.05,-0.03,1.25,-0.1,1.72,-0.05,-2.34,-1.43
-0.07,-0.03,1.23,0.01,1.71,-0.04,-3.36,-1.41
-0.09,-0.02,1.19,0.18,1.87,-0.18,-4.38,-0.98
-0.1,-0.01,1.16,0.19,1.63,-0.01,-5.02,-0.38
-0.12,0.01,1.13,0.26,1.61,0.01,-6.29,0.5
-0.13,0.03,1.1,0.29,1.59,0.04,-6.7,1.51
-0.13,0.04,1.09,0.4,1.76,-0.09,-6.8,2.18
-0.13,0.04,1.1,0.35,1.56,0.1,-6.64,1.96
-0.15,-0.02,1.13,0.36,1.6,0.12,-7.69,-0.91
-0.18,-0.07,1.12,0.33,1.69,0.12,-9.11,-3.39
-0.21,-0.11,1.09,0.24,1.79,0.1,-10.95,-5.56
-0.22,-0.13,1.06,0.12,1.87,0.11,-11.89,-6.97
-0.2,-0.14,1.04,-0.04,1.98,0.11,-10.95,-7.46
-0.17,-0.14,1.05,-0.19,2.04,0.16,-9.0,-7.5
-0.13,-0.13,1.09,-0.32,2.06,0.19,-6.96,-6.53
-0.11,-0.1,1.15,-0.4,2.03,0.25,-5.67,-4.75
-0.12,-0.09,1.22,-0.42,1.99,0.3,-5.55,-3.98
-0.15,-0.09,1.27,-0.41,1.93,0.34,-6.6,-3.97
-0.18,-0.12,1.31,-0.35,1.87,0.36,-7.77,-5.34
-0.2,-0.16,1.34,-0.27,1.88,0.34,-8.51,-6.54
-0.24,-0.2,1.37,-0.18,1.9,0.32,-9.65,-8.26
-0.24,-0.23,1.37,-0.07,1.99,0.28,-9.91,-9.32
-0.27,-0.25,1.33,0.03,2.1,0.23,-11.31,-10.37
-0.26,-0.25,1.28,0.12,2.23,0.18,-11.26,-10.94
-0.24,-0.24,1.21,0.19,2.36,0.13,-10.95,-10.86
-0.21,-0.21,1.15,0.2,2.45,0.11,-10.06,-10.29
-0.17,-0.2,1.1,0.23,2.46,0.13,-8.66,-9.99
-0.16,-0.19,1.07,0.2,2.45,0.15,-8.27,-9.78
-0.14,-0.18,1.05,0.17,2.42,0.16,-7.75,-9.54
-0.14,-0.17,1.04,0.14,2.37,0.21,-7.73,-9.31
-0.14,-0.18,1.03,0.11,2.32,0.25,-7.66,-10.06
-0.15,-0.2,1.02,0.15,2.48,0.15,-8.4,-10.98
-0.17,-0.21,1.02,0.05,2.25,0.31,-9.07,-11.7
-0.18,-0.25,1.04,0.03,2.24,0.33,-9.81,-13.24
-0.2,-0.27,1.06,0.02,2.21,0.34,-10.39,-13.99
-0.21,-0.3,1.08,0.02,2.21,0.32,-10.8,-14.98
-0.22,-0.31,1.1,0.02,2.25,0.3,-11.06,-15.56
-0.22,-0.3,1.08,0.01,2.27,0.27,-11.24,-15.18
-0.21,-0.28,1.05,0.02,2.28,0.24,-11.12,-14.88
-0.2,-0.28,1.03,-0.02,2.31,0.21,-10.6,-14.97
-0.19,-0.28,1.02,-0.05,2.28,0.2,-10.35,-15.19
-0.18,-0.27,1.02,-0.09,2.29,0.19,-9.92,-14.71
-0.17,-0.26,1.03,-0.12,2.27,0.2,-9.08,-14.14
-0.17,-0.25,1.03,-0.12,2.27,0.21,-8.95,-13.34
-0.17,-0.23,1.01,-0.12,2.25,0.22,-9.16,-12.51
-0.18,-0.21,1.01,-0.14,2.21,0.22,-9.86,-11.64
-0.19,-0.21,1.03,-0.15,2.16,0.22,-10.2,-11.13
-0.19,-0.21,1.04,-0.14,2.11,0.23,-10.25,-11.51
-0.2,-0.22,1.07,-0.11,2.11,0.24,-10.37,-11.63
-0.21,-0.23,1.07,-0.09,2.14,0.25,-10.67,-12.01
-0.22,-0.23,1.07,-0.05,2.16,0.27,-11.44,-12.17
-0.22,-0.22,1.04,-0.03,2.19,0.3,-11.76,-11.92
-0.21,-0.22,1.02,-0.02,2.23,0.35,-11.43,-11.93
-0.2,-0.23,1.01,-0.01,2.26,0.4,-10.79,-12.83
-0.19,-0.24,1.0,-0.0,2.27,0.45,-10.55,-13.45
-0.2,-0.26,1.0,0.04,2.24,0.47,-10.76,-14.15
-0.21,-0.26,0.99,0.1,2.22,0.48,-11.51,-14.3
-0.2,-0.25,0.97,0.12,2.23,0.48,-11.32,-14.03
-0.18,-0.23,0.93,0.15,2.19,0.47,-10.7,-13.45
-0.17,-0.21,0.9,0.17,2.16,0.48,-10.13,-12.9
-0.16,-0.2,0.87,0.18,2.12,0.48,-10.0,-12.67
-0.15,-0.2,0.86,0.19,2.08,0.48,-9.63,-12.93
-0.14,-0.19,0.84,0.17,2.03,0.48,-9.49,-12.64
-0.15,-0.19,0.85,0.16,1.99,0.5,-9.73,-12.56
-0.15,-0.19,0.85,0.15,1.95,0.52,-10.06,-12.75
-0.16,-0.2,0.85,0.15,1.94,0.52,-10.38,-13.04
-0.16,-0.2,0.86,0.16,1.93,0.53,-10.58,-13.14
-0.17,-0.22,0.85,0.18,1.9,0.53,-10.77,-14.26
-0.16,-0.22,0.84,0.18,1.87,0.52,-10.56,-14.46
-0.16,-0.22,0.83,0.18,1.88,0.52,-10.37,-14.89
-0.16,-0.22,0.82,0.17,1.85,0.51,-10.54,-14.88
-0.16,-0.22,0.83,0.16,1.88,0.51,-10.74,-14.58
-0.16,-0.23,0.84,0.15,1.88,0.53,-10.27,-14.78
-0.13,-0.22,0.84,0.15,1.91,0.53,-8.79,-14.62
-0.12,-0.2,0.82,0.13,1.92,0.56,-7.81,-13.62
-0.12,-0.22,0.81,0.14,1.9,0.58,-8.23,-14.83
-0.13,-0.23,0.82,0.15,1.86,0.59,-8.34,-15.37
-0.12,-0.23,0.83,0.17,1.84,0.58,-8.14,-15.35
-0.11,-0.22,0.81,0.19,1.81,0.56,-7.68,-15.2
-0.11,-0.2,0.79,0.21,1.77,0.55,-7.41,-14.47
-0.1,-0.2,0.78,0.21,1.75,0.52,-6.9,-13.88
-0.1,-0.2,0.8,0.23,1.68,0.5,-7.03,-14.27
-0.11,-0.22,0.81,0.25,1.61,0.47,-7.5,-14.98
-0.12,-0.21,0.83,0.28,1.55,0.43,-7.76,-14.19
-0.11,-0.2,0.83,0.33,1.49,0.4,-7.46,-13.49
-0.12,-0.19,0.83,0.38,1.47,0.37,-8.01,-12.81
-0.11,-0.19,0.81,0.41,1.46,0.35,-7.52,-12.88
-0.11,-0.19,0.8,0.43,1.43,0.34,-7.45,-12.99
-0.11,-0.19,0.8,0.55,1.64,0.15,-7.37,-13.43
-0.11,-0.21,0.79,0.41,1.39,0.32,-7.74,-14.49
-0.1,-0.21,0.78,0.39,1.39,0.31,-6.92,-15.03
-0.09,-0.21,0.77,0.34,1.42,0.31,-6.33,-14.83
-0.09,-0.21,0.77,0.31,1.43,0.3,-6.28,-15.14
-0.07,-0.21,0.75,0.25,1.43,0.32,-5.27,-15.34
-0.06,-0.2,0.75,0.14,1.47,0.31,-4.13,-14.71
-0.05,-0.18,0.75,0.09,1.44,0.34,-3.7,-13.42
-0.05,-0.17,0.75,0.07,1.63,0.2,-3.85,-12.57
-0.05,-0.16,0.77,-0.04,1.42,0.34,-4.0,-11.86
-0.05,-0.14,0.77,-0.11,1.45,0.36,-3.38,-10.51
-0.04,-0.12,0.78,-0.16,1.46,0.38,-2.58,-8.62
-0.02,-0.1,0.79,-0.17,1.42,0.39,-1.6,-7.13
-0.01,-0.1,0.8,-0.17,1.36,0.43,-1.06,-6.85
-0.02,-0.1,0.8,-0.18,1.33,0.44,-1.23,-7.07
-0.04,-0.12,0.81,-0.16,1.26,0.45,-2.79,-8.53
-0.06,-0.15,0.82,-0.14,1.2,0.43,-4.38,-10.55
-0.08,-0.17,0.83,-0.11,1.14,0.39,-5.33,-11.56
-0.09,-0.18,0.84,-0.08,1.13,0.34,-5.98,-12.26
-0.09,-0.19,0.85,-0.02,1.1,0.29,-5.8,-12.28
-0.09,-0.18,0.87,0.07,1.04,0.24,-5.76,-11.75
-0.09,-0.17,0.89,0.12,1.0,0.2,-5.4,-10.71
-0.08,-0.17,0.9,0.17,0.95,0.17,-5.18,-10.41
-0.08,-0.17,0.91,0.22,0.93,0.14,-5.17,-10.66
-0.09,-0.18,0.91,0.25,0.91,0.11,-5.33,-10.92
-0.11,-0.18,0.91,0.26,0.9,0.08,-6.57,-11.36
-0.13,-0.21,0.91,0.26,0.93,0.05,-7.79,-13.01
-0.14,-0.24,0.95,0.28,0.98,0.04,-8.22,-13.92
-0.15,-0.25,0.96,0.3,1.02,0.04,-8.42,-14.31
-0.14,-0.25,0.98,0.31,1.09,0.05,-8.15,-14.35
-0.12,-0.22,0.96,0.31,1.2,0.05,-6.72,-13.05
-0.08,-0.19,0.95,0.27,1.28,0.09,-4.8,-11.07
-0.04,-0.16,0.93,0.21,1.33,0.15,-2.39,-9.52
-0.0,-0.14,0.92,0.15,1.36,0.21,-0.17,-8.41
0.0,-0.13,0.91,0.07,1.37,0.28,0.28,-7.94
0.01,-0.12,0.91,-0.01,1.38,0.33,0.54,-7.68
0.0,-0.11,0.91,-0.08,1.36,0.39,0.04,-6.7
0.0,-0.11,0.92,-0.07,1.55,0.28,0.22,-6.99
0.0,-0.12,0.93,-0.15,1.36,0.43,0.28,-7.42
-0.0,-0.13,0.93,-0.15,1.32,0.46,-0.25,-7.68
-0.03,-0.15,0.92,-0.14,1.29,0.46,-1.74,-9.12
-0.06,-0.17,0.93,-0.12,1.29,0.46,-3.68,-10.22
-0.08,-0.19,0.94,-0.06,1.27,0.43,-4.88,-11.52
-0.09,-0.19,0.94,-0.01,1.27,0.39,-5.1,-11.46
-0.1,-0.18,0.93,0.07,1.24,0.36,-6.02,-10.87
-0.09,-0.17,0.94,0.16,1.22,0.31,-5.23,-10.09
-0.08,-0.15,0.94,0.24,1.19,0.27,-4.62,-9.08
-0.06,-0.14,0.94,0.32,1.16,0.25,-3.51,-8.24
-0.05,-0.15,0.94,0.36,1.11,0.25,-3.13,-8.97
-0.07,-0.19,0.92,0.42,1.05,0.22,-4.53,-11.73
-0.09,-0.21,0.91,0.45,1.01,0.18,-5.59,-13.11
-0.11,-0.22,0.91,0.45,1.05,0.14,-6.87,-13.78
-0.12,-0.22,0.9,0.43,1.08,0.12,-7.28,-13.71
-0.08,-0.21,0.91,0.39,1.12,0.09,-4.86,-13.09
-0.06,-0.19,0.92,0.32,1.15,0.1,-3.64,-11.81
-0.07,-0.16,0.92,0.22,1.2,0.12,-3.99,-10.04
-0.06,-0.15,0.95,0.12,1.25,0.18,-3.79,-8.67
-0.05,-0.13,0.98,0.06,1.27,0.24,-3.08,-7.58
-0.07,-0.12,0.99,0.0,1.31,0.31,-3.81,-6.97
-0.08,-0.12,0.99,-0.05,1.38,0.38,-4.46,-6.83
-0.08,-0.13,1.0,-0.08,1.41,0.45,-4.8,-7.36
-0.08,-0.14,0.99,-0.08,1.43,0.5,-4.83,-8.01
-0.08,-0.14,0.97,-0.06,1.43,0.54,-4.72,-8.05
-0.1,-0.14,0.95,-0.06,1.45,0.54,-5.69,-8.63
-0.1,-0.14,0.94,-0.01,1.46,0.54,-6.26,-8.7
-0.1,-0.15,0.93,0.08,1.44,0.53,-5.76,-9.05
-0.08,-0.14,0.92,0.16,1.4,0.51,-5.05,-8.89
-0.08,-0.14,0.9,0.25,1.39,0.47,-4.85,-8.85
-0.08,-0.13,0.88,0.35,1.34,0.42,-5.06,-8.2
-0.07,-0.13,0.87,0.44,1.3,0.39,-4.61,-8.16
-0.06,-0.12,0.87,0.56,1.23,0.35,-3.96,-7.79
-0.05,-0.11,0.86,0.65,1.19,0.32,-3.05,-6.98
-0.03,-0.09,0.85,0.73,1.15,0.28,-2.18,-6.11
-0.03,-0.07,0.83,0.78,1.13,0.27,-2.13,-4.85
-0.01,-0.06,0.81,0.84,1.1,0.25,-0.79,-4.15
0.03,-0.04,0.79,0.88,1.1,0.25,1.89,-3.26
0.06,-0.05,0.76,0.87,1.12,0.26,4.4,-3.37
0.1,-0.04,0.73,0.84,1.12,0.26,7.95,-2.94
0.15,-0.02,0.69,0.78,1.12,0.28,11.89,-1.68
0.19,-0.01,0.69,0.67,1.15,0.3,15.49,-0.41
0.24,0.03,0.7,0.55,1.15,0.35,18.91,2.15
0.27,0.04,0.7,0.42,1.11,0.39,21.22,3.03
0.28,0.05,0.7,0.26,1.09,0.43,21.93,3.66
0.28,0.05,0.7,0.13,1.01,0.47,21.74,3.49
0.25,0.02,0.71,0.02,0.97,0.49,19.6,1.26
0.22,-0.01,0.71,-0.1,0.93,0.51,17.42,-0.84
0.2,-0.03,0.73,-0.11,1.05,0.37,15.22,-2.43
0.17,-0.06,0.74,-0.24,0.83,0.5,12.61,-4.51
0.14,-0.08,0.76,-0.27,0.82,0.46,10.09,-6.27
0.11,-0.1,0.78,-0.26,0.76,0.44,7.71,-7.36
0.07,-0.12,0.81,-0.21,0.72,0.39,4.95,-8.23
0.07,-0.13,0.82,-0.24,0.61,0.43,4.57,-9.15
0.05,-0.14,0.83,-0.13,0.63,0.32,3.24,-9.72
0.04,-0.16,0.85,-0.06,0.62,0.26,2.49,-10.46
0.03,-0.14,0.85,0.03,0.56,0.19,1.66,-9.41
0.01,-0.14,0.85,0.09,0.52,0.16,0.38,-9.46
0.01,-0.13,0.85,0.16,0.54,0.11,0.79,-8.8
0.01,-0.11,0.86,0.23,0.5,0.09,0.93,-7.41
0.02,-0.11,0.88,0.29,0.46,0.07,1.13,-7.16
0.02,-0.11,0.87,0.36,0.42,0.05,1.41,-6.98
0.01,-0.11,0.86,0.38,0.45,0.05,0.67,-7.41
0.03,-0.1,0.84,0.42,0.46,0.06,2.29,-6.91
0.07,-0.09,0.84,0.45,0.48,0.05,5.07,-5.81
0.13,-0.06,0.83,0.39,0.48,0.07,9.03,-3.82
0.16,-0.04,0.83,0.32,0.51,0.09,11.07,-2.64
0.17,-0.02,0.82,0.25,0.5,0.12,11.73,-1.61
0.17,-0.02,0.83,0.17,0.48,0.16,11.82,-1.68
0.18,-0.03,0.81,0.11,0.45,0.17,12.57,-1.75
0.19,-0.04,0.82,0.04,0.46,0.19,12.83,-2.51
0.19,-0.03,0.81,-0.05,0.46,0.2,13.16,-1.84
0.2,-0.02,0.81,-0.08,0.41,0.21,13.6,-1.62
0.18,-0.03,0.82,-0.11,0.38,0.19,12.32,-2.12
0.15,-0.05,0.82,-0.15,0.35,0.19,10.42,-3.27
0.14,-0.05,0.84,-0.16,0.32,0.16,9.53,-3.41
0.12,-0.06,0.85,-0.14,0.25,0.14,8.28,-3.81
0.11,-0.06,0.85,-0.11,0.19,0.1,7.15,-4.33
0.08,-0.09,0.84,-0.07,0.15,0.06,5.51,-6.21
0.07,-0.09,0.84,-0.06,0.14,0.02,4.55,-6.32
0.07,-0.1,0.85,-0.0,0.07,-0.02,4.32,-6.68
0.07,-0.1,0.85,0.02,0.04,-0.06,4.85,-6.43
0.08,-0.07,0.86,0.04,0.04,-0.09,5.07,-4.95
0.08,-0.07,0.87,0.04,-0.0,-0.11,5.05,-4.45
0.06,-0.09,0.87,0.03,-0.01,-0.11,3.82,-5.64
0.04,-0.1,0.87,0.01,-0.0,-0.12,2.52,-6.69
0.04,-0.1,0.89,-0.01,0.02,-0.12,2.3,-6.3
0.04,-0.09,0.91,-0.03,0.05,-0.1,2.56,-5.5
0.04,-0.08,0.92,-0.06,0.05,-0.07,2.59,-4.89
0.04,-0.07,0.92,-0.12,0.07,-0.05,2.29,-4.63
0.03,-0.07,0.93,-0.16,0.09,-0.03,1.95,-4.26
0.02,-0.06,0.95,-0.2,0.12,0.0,1.23,-3.86
0.01,-0.07,0.97,-0.24,0.13,0.05,0.61,-3.87
0.01,-0.07,0.96,-0.25,0.11,0.07,0.89,-4.34
0.0,-0.09,0.95,-0.27,0.1,0.08,0.24,-5.24
-0.02,-0.09,0.94,-0.28,0.1,0.07,-1.31,-5.39
-0.04,-0.09,0.93,-0.26,0.09,0.06,-2.31,-5.47
-0.05,-0.11,0.95,-0.23,0.08,0.04,-2.89,-6.44
-0.04,-0.11,0.95,-0.2,0.06,0.03,-2.68,-6.52
-0.06,-0.1,0.95,-0.16,0.06,0.01,-3.51,-6.22
-0.07,-0.1,0.94,-0.14,0.08,0.0,-4.15,-5.82
-0.07,-0.1,0.95,-0.07,0.07,-0.02,-4.45,-5.97
-0.07,-0.09,0.95,-0.01,0.06,-0.02,-3.94,-5.71
-0.06,-0.08,0.95,0.05,0.05,-0.02,-3.47,-4.53
-0.03,-0.06,0.96,0.11,0.05,-0.01,-1.72,-3.49
-0.0,-0.04,0.95,0.16,0.02,0.0,-0.12,-2.44
0.01,-0.04,0.93,0.2,-0.01,0.0,0.86,-2.29
0.05,-0.04,0.91,0.21,-0.03,0.01,3.15,-2.31
0.07,-0.05,0.89,0.18,-0.06,0.01,4.66,-3.29
0.09,-0.06,0.88,0.14,-0.09,0.01,5.9,-3.64
0.09,-0.06,0.86,0.09,-0.12,-0.01,6.09,-3.8
0.09,-0.06,0.85,0.01,-0.12,-0.02,5.92,-4.14
0.08,-0.09,0.85,-0.08,-0.12,-0.02,5.53,-5.98
0.08,-0.1,0.86,-0.15,-0.13,-0.03,5.21,-6.3
0.09,-0.1,0.85,-0.23,-0.12,-0.05,5.92,-6.54
0.09,-0.09,0.86,-0.32,-0.11,-0.06,5.81,-6.05
0.08,-0.08,0.86,-0.42,-0.07,-0.05,5.36,-5.44
0.07,-0.08,0.89,-0.52,-0.04,-0.04,4.41,-5.11
0.06,-0.08,0.91,-0.59,-0.04,-0.01,3.58,-4.89
0.03,-0.09,0.92,-0.63,-0.02,0.01,2.07,-5.44
0.01,-0.09,0.93,-0.71,0.01,0.02,0.38,-5.46
-0.02,-0.1,0.94,-0.73,0.02,0.05,-1.13,-5.79
-0.04,-0.11,0.97,-0.7,0.01,0.07,-2.31,-6.29
-0.07,-0.12,0.98,-0.68,0.01,0.08,-4.01,-6.79
-0.08,-0.11,0.99,-0.62,0.01,0.1,-4.74,-6.3
-0.1,-0.11,1.0,-0.54,0.01,0.11,-5.6,-6.39
-0.12,-0.13,1.01,-0.44,-0.03,0.11,-6.71,-7.15
-0.14,-0.14,1.01,-0.34,-0.03,0.08,-7.88,-7.98
-0.15,-0.15,1.0,-0.23,-0.03,0.06,-8.5,-8.44
-0.16,-0.17,1.0,-0.1,-0.05,0.04,-8.72,-9.71
-0.14,-0.19,0.99,0.03,-0.09,0.01,-7.92,-10.52
-0.12,-0.18,0.98,0.15,-0.1,-0.02,-7.07,-10.58
-0.1,-0.17,0.96,0.22,-0.08,-0.07,-5.82,-9.99
-0.07,-0.15,0.94,0.28,-0.08,-0.11,-3.96,-8.82
-0.03,-0.13,0.94,0.31,-0.08,-0.13,-2.06,-7.9
0.0,-0.13,0.94,0.32,-0.1,-0.14,0.21,-7.55
0.03,-0.11,0.93,0.27,-0.1,-0.15,1.67,-6.74
0.04,-0.11,0.91,0.19,-0.09,-0.14,2.69,-6.64
0.05,-0.09,0.91,0.13,-0.08,-0.13,3.11,-5.89
0.05,-0.1,0.92,0.04,-0.06,-0.1,2.82,-6.35
0.04,-0.1,0.93,-0.04,-0.01,-0.07,2.33,-6.17
0.03,-0.11,0.93,-0.12,0.03,-0.04,1.55,-6.46
0.01,-0.11,0.94,-0.17,0.05,-0.01,0.43,-6.47
-0.01,-0.09,0.96,-0.28,-0.01,0.12,-0.36,-5.58
-0.02,-0.08,0.96,-0.23,0.09,0.07,-0.99,-4.98
-0.03,-0.09,0.98,-0.22,0.12,0.08,-1.8,-5.21
-0.04,-0.08,0.97,-0.17,0.11,0.08,-2.2,-4.94
-0.05,-0.1,0.97,-0.11,0.06,0.09,-2.67,-5.62
-0.04,-0.09,0.96,-0.04,0.08,0.08,-2.52,-5.46
-0.04,-0.09,0.93,0.02,0.05,0.07,-2.16,-5.56
-0.03,-0.1,0.91,0.09,0.03,0.04,-1.66,-6.01
-0.02,-0.1,0.89,0.16,0.01,0.0,-1.03,-6.33
0.02,-0.11,0.87,0.22,0.03,-0.02,1.17,-7.3
0.07,-0.09,0.87,0.28,0.0,-0.04,4.33,-5.93
0.12,-0.07,0.86,0.32,-0.04,-0.07,7.68,-4.49
0.15,-0.05,0.82,0.32,-0.09,-0.09,10.08,-3.57
0.18,-0.04,0.8,0.28,-0.12,-0.13,12.87,-2.66
0.2,-0.03,0.79,0.25,-0.15,-0.15,14.37,-1.92
0.23,-0.01,0.77,0.18,-0.19,-0.17,16.97,-0.8
0.27,0.01,0.77,0.19,-0.08,-0.31,19.54,0.72
0.31,0.02,0.75,0.07,-0.23,-0.17,22.41,1.56
0.34,0.03,0.73,-0.04,-0.25,-0.14,25.26,2.35
0.36,0.04,0.71,-0.17,-0.3,-0.12,27.06,2.84
0.36,0.02,0.67,-0.28,-0.34,-0.12,28.14,1.71
0.36,0.0,0.67,-0.36,-0.36,-0.1,28.35,0.33
0.35,0.0,0.64,-0.45,-0.37,-0.12,28.24,0.33
0.35,0.01,0.63,-0.49,-0.39,-0.13,29.12,0.69
0.34,0.01,0.61,-0.53,-0.43,-0.15,29.29,0.91
0.32,0.01,0.6,-0.51,-0.47,-0.19,28.09,1.03
0.3,0.01,0.59,-0.46,-0.49,-0.23,27.33,1.27
0.3,0.03,0.58,-0.37,-0.56,-0.26,27.44,2.43
0.31,0.05,0.56,-0.24,-0.63,-0.3,28.77,4.41
0.33,0.08,0.54,-0.09,-0.72,-0.36,31.41,7.1
0.36,0.11,0.52,0.07,-0.82,-0.4,34.47,9.74
0.41,0.14,0.48,0.22,-0.94,-0.43,39.29,12.24
0.46,0.17,0.44,0.34,-1.1,-0.44,44.32,15.27
0.51,0.21,0.38,0.5,-1.23,-0.46,49.69,17.84
0.57,0.23,0.33,0.6,-1.38,-0.49,54.93,18.98
0.61,0.23,0.27,0.66,-1.56,-0.5,59.98,19.29
0.65,0.23,0.21,0.71,-1.75,-0.53,64.67,18.66
0.69,0.22,0.14,0.73,-1.97,-0.56,69.15,17.27
0.7,0.21,0.08,0.7,-2.17,-0.61,72.31,16.37
0.71,0.19,0.02,0.66,-2.39,-0.65,75.18,14.7
0.71,0.17,-0.03,0.61,-2.6,-0.71,76.51,13.27
0.68,0.14,-0.08,0.54,-2.79,-0.78,76.66,11.55
0.66,0.1,-0.13,0.45,-3.0,-0.84,76.0,8.83
0.61,0.05,-0.15,0.39,-3.19,-0.9,75.13,4.86
0.57,0.01,-0.16,0.3,-3.36,-0.98,73.88,0.8
0.54,-0.02,-0.17,0.22,-3.55,-1.03,72.12,-1.59
0.5,-0.03,-0.18,0.12,-3.71,-1.08,69.33,-3.73
0.45,-0.05,-0.19,0.03,-3.84,-1.1,66.13,-6.24
0.4,-0.07,-0.2,-0.07,-3.99,-1.14,62.21,-9.13
0.34,-0.09,-0.19,-0.14,-4.13,-1.14,57.74,-13.45
0.28,-0.12,-0.18,-0.2,-4.26,-1.15,52.32,-19.31
0.21,-0.14,-0.15,-0.23,-4.37,-1.12,45.69,-27.7
0.16,-0.15,-0.14,-0.26,-4.4,-1.12,37.78,-35.78
0.12,-0.16,-0.12,-0.24,-4.4,-1.1,30.22,-44.56
0.07,-0.17,-0.11,-0.23,-4.4,-1.06,19.44,-52.81
0.02,-0.18,-0.12,-0.25,-4.4,-1.03,4.47,-55.46
-0.06,-0.24,-0.13,-0.23,-4.4,-0.98,-12.37,-59.34
-0.15,-0.35,-0.1,-0.22,-4.4,-0.96,-22.38,-62.85
-0.23,-0.44,-0.04,-0.18,-4.4,-0.96,-28.04,-61.44
-0.33,-0.51,-0.0,-0.12,-4.4,-0.98,-32.51,-57.49
-0.39,-0.54,-0.01,-0.11,-4.4,-1.02,-35.67,-54.31
-0.49,-0.6,-0.03,-0.1,-4.4,-1.07,-39.18,-50.74
-0.57,-0.62,0.06,-0.13,-4.4,-1.13,-42.24,-47.5
-0.65,-0.64,0.13,-0.18,-4.4,-1.16,-44.94,-43.96
-0.73,-0.64,0.19,-0.17,-4.4,-1.16,-47.54,-40.42
-0.8,-0.66,0.26,-0.11,-4.4,-1.15,-48.41,-38.2
-0.85,-0.71,0.37,-0.05,-4.4,-1.13,-46.47,-37.55
-0.88,-0.77,0.49,0.05,-4.4,-1.13,-43.99,-37.43
-0.92,-0.78,0.54,0.14,-4.4,-1.13,-44.0,-36.22
-0.97,-0.77,0.56,0.2,-4.4,-1.14,-45.56,-34.44
-1.01,-0.74,0.59,0.22,-4.4,-1.17,-46.99,-32.28
-1.05,-0.72,0.66,0.21,-4.4,-1.18,-47.16,-30.16
-1.05,-0.67,0.75,0.19,-4.4,-1.16,-46.27,-27.59
-1.03,-0.63,0.83,0.21,-4.4,-1.08,-44.5,-25.51
-1.0,-0.6,0.91,0.24,-4.4,-0.96,-42.61,-23.91
-0.97,-0.59,0.98,0.27,-4.4,-0.82,-40.29,-23.07
-0.96,-0.58,1.04,0.31,-4.4,-0.66,-38.84,-22.49
-1.0,-0.6,1.09,0.34,-4.4,-0.53,-38.84,-22.16
-1.07,-0.62,1.17,0.37,-4.4,-0.44,-38.98,-21.44
-1.1,-0.66,1.27,0.37,-4.4,-0.41,-37.61,-21.33
-1.13,-0.69,1.39,0.39,-4.4,-0.38,-35.88,-21.02
-1.11,-0.72,1.47,0.37,-4.4,-0.37,-34.25,-21.32
-1.11,-0.75,1.55,0.29,-4.4,-0.35,-32.85,-21.48
-1.13,-0.78,1.64,0.17,-4.4,-0.34,-31.88,-21.38
-1.15,-0.78,1.73,0.0,-4.4,-0.32,-31.25,-20.57
-1.16,-0.78,1.83,-0.17,-4.4,-0.31,-30.19,-19.83
-1.16,-0.78,1.95,-0.32,-4.4,-0.29,-28.94,-18.85
-1.16,-0.76,2.06,-0.46,-4.4,-0.28,-27.71,-17.77
-1.17,-0.75,2.17,-0.56,-4.4,-0.27,-27.01,-16.94
-1.18,-0.75,2.25,-0.66,-4.4,-0.25,-26.39,-16.44
-1.08,-0.67,2.26,-0.8,-4.4,-0.22,-24.58,-15.04
-0.93,-0.54,2.2,-0.95,-3.97,-0.15,-22.23,-12.69
-0.79,-0.39,2.13,-1.08,-3.36,-0.02,-20.09,-9.8
-0.67,-0.26,2.03,-1.17,-2.87,0.13,-18.21,-6.84
-0.58,-0.14,1.94,-1.18,-2.51,0.29,-16.61,-3.97
-0.5,-0.06,1.86,-1.12,-2.28,0.43,-15.08,-1.83
-0.45,-0.0,1.79,-1.02,-2.11,0.55,-13.96,-0.08
-0.44,0.01,1.7,-0.85,-2.05,0.64,-14.36,0.35
-0.42,0.01,1.62,-0.66,-2.04,0.68,-14.57,0.22
-0.41,-0.0,1.57,-0.45,-2.09,0.69,-14.47,-0.09
-0.39,-0.02,1.54,-0.26,-2.17,0.68,-14.28,-0.57
-0.38,-0.05,1.52,-0.03,-2.25,0.63,-14.07,-1.68
-0.37,-0.08,1.5,0.2,-2.32,0.57,-13.96,-2.91
-0.37,-0.12,1.47,0.42,-2.39,0.51,-14.1,-4.44
-0.37,-0.16,1.45,0.65,-2.48,0.44,-14.17,-6.24
-0.37,-0.22,1.46,0.84,-2.56,0.38,-14.07,-8.28
-0.37,-0.28,1.47,1.04,-2.64,0.28,-13.93,-10.62
-0.38,-0.34,1.48,1.23,-2.68,0.16,-14.01,-12.46
-0.38,-0.36,1.46,1.35,-2.7,0.02,-14.26,-13.45
-0.36,-0.36,1.42,1.5,-2.74,-0.11,-13.93,-13.99
-0.33,-0.35,1.38,1.6,-2.77,-0.23,-13.16,-13.86
-0.29,-0.34,1.33,1.64,-2.75,-0.32,-11.88,-14.15
-0.25,-0.33,1.26,1.66,-2.75,-0.37,-10.76,-14.57
-0.22,-0.33,1.22,1.63,-2.74,-0.38,-9.98,-14.88
-0.2,-0.33,1.21,1.59,-2.73,-0.35,-8.98,-14.97
-0.18,-0.34,1.19,1.52,-2.7,-0.3,-8.06,-15.94
-0.15,-0.36,1.18,1.4,-2.65,-0.23,-7.01,-17.12
-0.13,-0.39,1.18,1.23,-2.58,-0.14,-6.2,-18.17
-0.12,-0.41,1.2,1.09,-2.5,-0.04,-5.25,-18.82
-0.1,-0.43,1.24,0.92,-2.42,0.07,-4.37,-19.02
-0.1,-0.45,1.27,0.77,-2.36,0.15,-4.38,-19.23
-0.11,-0.47,1.37,0.62,-2.32,0.23,-4.48,-19.0
-0.11,-0.46,1.43,0.49,-2.29,0.25,-4.22,-17.87
-0.11,-0.46,1.5,0.4,-2.28,0.25,-3.89,-17.05
-0.11,-0.45,1.54,0.35,-2.22,0.19,-3.87,-16.06
-0.12,-0.44,1.56,0.27,-2.2,0.1,-4.17,-15.68
-0.13,-0.41,1.54,0.23,-2.16,-0.04,-4.56,-14.85
-0.12,-0.39,1.52,0.14,-2.17,-0.17,-4.19,-14.15
-0.1,-0.33,1.5,0.08,-2.13,-0.3,-3.71,-12.34
-0.08,-0.27,1.47,-0.01,-2.09,-0.41,-3.18,-10.59
-0.06,-0.22,1.44,-0.09,-2.06,-0.47,-2.53,-8.7
-0.06,-0.17,1.43,-0.21,-2.01,-0.51,-2.57,-6.79
-0.05,-0.12,1.4,-0.28,-1.99,-0.5,-2.09,-4.89
-0.04,-0.07,1.39,-0.39,-1.95,-0.46,-1.64,-3.01
-0.03,-0.02,1.4,-0.47,-1.91,-0.4,-1.17,-0.86
-0.02,0.03,1.42,-0.51,-1.86,-0.34,-0.67,1.33
0.0,0.08,1.43,-0.54,-1.78,-0.28,0.02,3.11
0.01,0.11,1.45,-0.58,-1.68,-0.23,0.2,4.34
0.01,0.14,1.47,-0.57,-1.6,-0.18,0.39,5.32
0.01,0.16,1.5,-0.52,-1.5,-0.14,0.48,5.97
0.03,0.18,1.54,-0.45,-1.41,-0.11,1.14,6.59
0.03,0.18,1.56,-0.36,-1.31,-0.08,1.2,6.52
0.03,0.17,1.58,-0.28,-1.19,-0.08,1.0,5.97
0.02,0.14,1.61,-0.18,-1.09,-0.1,0.73,4.94
0.01,0.1,1.64,-0.09,-0.96,-0.13,0.48,3.53
0.01,0.06,1.65,-0.02,-0.78,-0.17,0.29,2.26
0.0,0.04,1.61,0.03,-0.62,-0.22,0.1,1.29
-0.01,-0.0,1.55,0.06,-0.47,-0.27,-0.22,-0.04
-0.01,-0.03,1.46,0.05,-0.32,-0.32,-0.25,-1.09
-0.02,-0.05,1.39,-0.01,-0.17,-0.34,-0.85,-2.24
-0.02,-0.07,1.31,-0.1,-0.07,-0.33,-1.07,-3.04
-0.03,-0.08,1.25,-0.22,0.01,-0.32,-1.53,-3.56
-0.04,-0.08,1.2,-0.31,0.05,-0.26,-1.92,-3.75
-0.04,-0.07,1.18,-0.43,0.13,-0.22,-2.08,-3.33
-0.04,-0.06,1.16,-0.52,0.16,-0.17,-2.16,-3.1
-0.06,-0.04,1.16,-0.62,0.18,-0.14,-2.78,-2.03
-0.06,-0.03,1.17,-0.65,0.19,-0.09,-3.07,-1.64
-0.07,-0.01,1.18,-0.69,0.24,-0.1,-3.2,-0.39
-0.07,0.01,1.19,-0.71,0.27,-0.09,-3.42,0.58
-0.08,0.03,1.18,-0.68,0.28,-0.09,-3.78,1.38
-0.08,0.04,1.17,-0.62,0.44,-0.23,-3.97,2.15
-0.07,0.06,1.17,-0.63,0.29,-0.06,-3.55,2.74
-0.07,0.07,1.17,-0.62,0.32,-0.03,-3.32,3.35
-0.07,0.07,1.17,-0.55,0.32,-0.02,-3.51,3.4
-0.09,0.07,1.17,-0.51,0.32,-0.0,-4.34,3.21
-0.1,0.06,1.18,-0.45,0.34,0.0,-4.68,2.75
-0.1,0.05,1.19,-0.39,0.35,-0.0,-4.9,2.21
-0.1,0.04,1.18,-0.34,0.37,-0.01,-4.97,1.73
-0.11,0.03,1.17,-0.29,0.39,0.0,-5.58,1.33
-0.13,0.01,1.15,-0.25,0.43,-0.02,-6.37,0.64
-0.12,0.01,1.16,-0.23,0.45,-0.02,-5.9,0.31
-0.12,-0.01,1.16,-0.18,0.46,-0.02,-6.1,-0.4
-0.13,-0.03,1.15,-0.15,0.48,-0.01,-6.25,-1.27
-0.12,-0.04,1.14,-0.14,0.53,-0.01,-6.13,-1.81
-0.14,-0.05,1.14,-0.12,0.57,0.0,-6.95,-2.54
-0.15,-0.06,1.13,-0.1,0.59,0.02,-7.62,-3.12
-0.15,-0.08,1.12,-0.05,0.8,-0.15,-7.57,-3.96
-0.15,-0.08,1.09,-0.11,0.66,0.02,-7.84,-4.23
-0.16,-0.09,1.07,-0.15,0.7,0.03,-8.3,-4.64
-0.16,-0.1,1.06,-0.15,0.71,0.06,-8.77,-5.17
-0.17,-0.11,1.06,-0.16,0.71,0.08,-9.07,-5.76
-0.17,-0.1,1.05,-0.18,0.73,0.08,-9.27,-5.3
-0.17,-0.1,1.04,-0.2,0.75,0.09,-8.99,-5.62
-0.18,-0.12,1.03,-0.19,0.72,0.12,-9.93,-6.55
-0.18,-0.11,1.04,-0.16,0.7,0.12,-9.58,-6.1
-0.18,-0.11,1.05,-0.16,0.67,0.14,-9.56,-5.95
-0.18,-0.12,1.06,-0.16,0.67,0.15,-9.51,-6.55
-0.18,-0.14,1.08,-0.12,0.65,0.15,-9.46,-7.36
-0.19,-0.15,1.08,-0.08,0.64,0.15,-9.87,-7.57
-0.2,-0.15,1.07,-0.04,0.64,0.14,-10.53,-8.08
-0.2,-0.16,1.05,-0.02,0.65,0.15,-10.54,-8.5
-0.2,-0.17,1.05,0.01,0.64,0.13,-10.81,-8.9
-0.21,-0.18,1.03,0.04,0.64,0.15,-11.37,-9.53
-0.21,-0.19,1.03,0.06,0.62,0.15,-11.41,-10.13
-0.22,-0.2,1.01,0.05,0.64,0.15,-11.85,-10.8
-0.22,-0.2,1.0,0.08,0.61,0.17,-12.3,-11.01
-0.23,-0.21,0.99,0.1,0.64,0.15,-12.76,-11.86
-0.24,-0.23,0.99,0.1,0.58,0.19,-13.33,-12.63
-0.24,-0.23,0.99,0.09,0.62,0.18,-13.19,-12.65
-0.23,-0.24,0.99,0.1,0.59,0.2,-12.69,-13.3
-0.22,-0.25,0.99,0.13,0.58,0.2,-12.19,-14.03
-0.22,-0.27,1.0,0.15,0.57,0.22,-11.92,-14.81
-0.23,-0.29,1.0,0.18,0.56,0.22,-12.26,-15.87
-0.23,-0.31,1.01,0.18,0.57,0.24,-12.18,-16.81
-0.24,-0.34,1.0,0.19,0.58,0.24,-12.7,-18.16
-0.24,-0.35,1.0,0.18,0.57,0.23,-12.93,-18.82
-0.25,-0.36,0.97,0.19,0.58,0.2,-13.77,-19.57
-0.26,-0.37,0.95,0.14,0.57,0.19,-14.04,-20.67
-0.26,-0.38,0.94,0.13,0.55,0.16,-14.28,-21.26
-0.25,-0.38,0.94,0.11,0.5,0.14,-13.98,-21.11
-0.25,-0.37,0.93,0.1,0.47,0.12,-14.22,-20.71
-0.25,-0.35,0.93,0.07,0.46,0.1,-14.4,-20.11
-0.25,-0.34,0.92,0.05,0.42,0.09,-14.44,-19.5
-0.25,-0.32,0.91,0.04,0.38,0.08,-14.71,-18.79
-0.24,-0.3,0.91,0.03,0.37,0.07,-14.08,-17.71
-0.23,-0.29,0.91,0.02,0.35,0.09,-13.49,-17.05
-0.23,-0.29,0.93,0.01,0.33,0.1,-13.15,-16.67
-0.22,-0.29,0.95,0.04,0.29,0.12,-12.7,-16.61
-0.24,-0.29,0.97,0.06,0.28,0.12,-13.13,-16.14
-0.25,-0.29,0.98,0.06,0.3,0.12,-13.75,-15.84
-0.26,-0.29,0.97,0.09,0.29,0.11,-14.41,-16.28
-0.26,-0.3,0.97,0.09,0.32,0.1,-14.3,-16.48
-0.26,-0.3,0.95,0.12,0.28,0.08,-14.49,-16.68
-0.24,-0.29,0.95,0.09,0.29,0.08,-13.85,-16.31
-0.24,-0.29,0.94,0.09,0.27,0.09,-13.95,-16.44
-0.24,-0.29,0.94,0.13,0.23,0.09,-13.79,-16.72
-0.25,-0.3,0.94,0.14,0.21,0.09,-14.17,-17.28
-0.25,-0.31,0.95,0.12,0.22,0.08,-13.86,-17.58
-0.24,-0.32,0.95,0.12,0.2,0.07,-13.61,-18.23
-0.25,-0.33,0.94,0.13,0.18,0.04,-14.31,-18.88
-0.25,-0.32,0.93,0.11,0.19,0.0,-14.45,-18.49
-0.25,-0.32,0.93,0.1,0.16,0.01,-14.11,-18.55
-0.24,-0.31,0.91,0.05,0.17,-0.01,-13.85,-18.15
-0.24,-0.3,0.9,0.05,0.15,-0.01,-14.12,-17.63
-0.23,-0.29,0.9,0.03,0.13,0.01,-13.92,-17.62
-0.23,-0.29,0.89,-0.0,0.15,0.01,-13.72,-17.52
-0.23,-0.28,0.9,-0.02,0.13,0.03,-13.45,-16.92
-0.22,-0.29,0.9,-0.03,0.11,0.02,-13.19,-17.04
-0.23,-0.3,0.91,-0.05,0.06,0.03,-13.72,-17.69
-0.24,-0.31,0.93,-0.06,0.08,0.02,-13.8,-17.76
-0.25,-0.32,0.93,-0.09,0.08,0.01,-14.14,-18.23
-0.25,-0.32,0.94,-0.12,0.08,-0.01,-13.91,-18.17
-0.25,-0.32,0.93,-0.13,0.06,0.0,-14.1,-18.32
-0.24,-0.3,0.93,-0.18,0.08,-0.02,-13.81,-17.38
-0.23,-0.29,0.93,-0.19,0.07,-0.01,-13.58,-16.89
-0.23,-0.27,0.93,-0.21,0.09,-0.05,-13.18,-15.88
-0.22,-0.26,0.92,-0.22,0.02,-0.0,-13.19,-15.35
-0.22,-0.24,0.93,-0.22,0.02,-0.01,-12.66,-14.41
-0.21,-0.24,0.95,-0.22,-0.0,0.01,-12.33,-13.72
-0.2,-0.23,0.97,-0.18,-0.04,0.01,-11.57,-12.98
-0.21,-0.22,0.98,-0.16,-0.06,0.01,-11.87,-12.51
-0.21,-0.22,0.99,-0.14,-0.08,0.02,-11.58,-12.3
-0.22,-0.21,0.99,-0.1,-0.09,-0.01,-12.04,-11.82
-0.21,-0.22,0.99,-0.06,-0.12,-0.02,-11.85,-11.99
-0.21,-0.21,0.99,-0.02,-0.15,-0.03,-11.65,-11.49
-0.21,-0.21,0.98,0.01,-0.16,-0.05,-11.86,-11.76
-0.22,-0.22,0.98,0.02,-0.15,-0.03,-12.27,-12.3
-0.21,-0.22,0.96,0.03,-0.18,-0.03,-12.2,-12.44
-0.22,-0.22,0.97,0.02,-0.18,-0.02,-12.26,-12.8
-0.21,-0.22,0.97,0.01,-0.18,-0.01,-12.11,-12.65
-0.21,-0.22,0.97,-0.0,-0.19,0.0,-11.88,-12.63
-0.21,-0.22,0.97,-0.03,-0.18,0.01,-11.67,-12.31
-0.2,-0.21,0.97,-0.03,-0.2,0.02,-11.63,-11.73
-0.2,-0.2,0.98,-0.02,-0.22,0.03,-11.31,-11.26
-0.19,-0.2,1.01,-0.01,-0.21,0.04,-10.74,-10.83
-0.19,-0.2,1.03,0.02,-0.24,0.05,-10.27,-10.62
-0.18,-0.2,1.05,0.05,-0.24,0.05,-9.81,-10.58
-0.18,-0.21,1.05,0.08,-0.23,0.05,-9.76,-11.1
-0.18,-0.21,1.05,0.08,-0.22,0.05,-9.36,-11.33
-0.17,-0.22,1.04,0.09,-0.23,0.06,-9.33,-11.6
-0.18,-0.23,1.04,0.12,-0.23,0.04,-9.59,-12.17
-0.18,-0.23,1.02,0.12,-0.24,0.04,-9.77,-12.57
-0.19,-0.24,1.01,0.11,-0.23,0.03,-10.4,-13.25
-0.19,-0.24,1.0,0.1,-0.25,0.03,-10.69,-13.15
-0.19,-0.23,0.99,0.09,-0.26,0.02,-10.67,-12.9
-0.19,-0.22,1.0,0.08,-0.29,0.02,-10.6,-12.01
-0.18,-0.19,1.0,0.06,-0.29,0.01,-10.14,-10.77
-0.18,-0.17,1.02,0.05,-0.31,0.02,-9.69,-9.42
-0.17,-0.16,1.03,0.09,-0.33,0.01,-9.36,-8.49
-0.17,-0.15,1.03,0.13,-0.34,0.01,-9.02,-7.95
-0.15,-0.15,1.04,0.15,-0.34,0.02,-8.08,-7.97
-0.12,-0.16,1.04,0.18,-0.34,0.03,-6.69,-8.76
-0.11,-0.18,1.05,0.18,-0.32,0.05,-6.15,-9.45
-0.12,-0.2,1.07,0.2,-0.34,0.06,-6.12,-10.55
-0.12,-0.22,1.06,0.22,-0.32,0.04,-6.38,-11.66
-0.14,-0.24,1.06,0.19,-0.29,0.03,-7.1,-12.6
-0.14,-0.26,1.05,0.18,-0.3,0.02,-7.22,-13.73
-0.14,-0.27,1.04,0.15,-0.3,-0.01,-7.25,-14.32
-0.13,-0.27,1.03,0.11,-0.28,-0.05,-7.18,-14.6
-0.14,-0.28,1.01,0.03,-0.26,-0.07,-7.44,-15.41
-0.12,-0.26,1.02,-0.02,-0.28,-0.06,-6.77,-14.18
-0.12,-0.24,1.02,-0.08,-0.27,-0.07,-6.77,-13.28
-0.12,-0.23,1.02,-0.12,-0.27,-0.07,-6.58,-12.46
-0.11,-0.2,1.02,-0.15,-0.25,-0.05,-6.0,-10.83
-0.1,-0.18,1.05,-0.18,-0.25,-0.03,-5.61,-9.54
-0.09,-0.15,1.06,-0.18,-0.21,-0.09,-4.97,-8.0
-0.09,-0.14,1.09,-0.18,-0.25,-0.03,-4.85,-7.49
-0.09,-0.13,1.1,-0.16,-0.23,-0.04,-4.55,-6.83
-0.09,-0.13,1.11,-0.12,-0.22,-0.03,-4.8,-6.58
-0.09,-0.12,1.11,-0.07,-0.21,-0.05,-4.58,-6.25
-0.09,-0.13,1.11,-0.05,-0.21,-0.04,-4.51,-6.5
-0.09,-0.13,1.09,-0.02,-0.2,-0.04,-4.74,-6.77
-0.1,-0.14,1.08,-0.01,-0.19,-0.03,-5.44,-7.17
-0.11,-0.14,1.08,0.01,-0.19,-0.04,-5.56,-7.52
-0.11,-0.15,1.07,0.02,-0.2,-0.03,-5.72,-7.66
-0.11,-0.15,1.08,0.01,-0.19,-0.03,-5.99,-7.81
-0.12,-0.15,1.08,0.01,-0.18,-0.03,-6.02,-8.01
-0.12,-0.15,1.09,0.01,-0.19,-0.03,-6.05,-7.64
-0.12,-0.14,1.09,0.01,-0.19,-0.04,-6.12,-7.29
-0.11,-0.13,1.09,0.01,-0.17,-0.05,-5.89,-6.72
-0.1,-0.12,1.09,0.01,-0.17,-0.04,-5.41,-6.18
-0.1,-0.11,1.1,0.04,-0.16,-0.03,-5.15,-5.57
-0.09,-0.1,1.1,0.06,-0.17,-0.02,-4.85,-5.05
-0.09,-0.11,1.11,0.07,-0.15,-0.01,-4.78,-5.6
-0.09,-0.12,1.11,0.09,-0.14,0.0,-4.77,-6.07
-0.09,-0.13,1.11,0.1,-0.14,0.01,-4.73,-6.68
-0.11,-0.15,1.12,0.11,-0.12,0.02,-5.39,-7.85
-0.11,-0.16,1.11,0.09,-0.07,0.0,-5.63,-8.25
-0.11,-0.17,1.11,0.08,-0.08,0.01,-5.67,-8.71
-0.12,-0.18,1.08,0.1,0.08,-0.14,-6.49,-9.36
-0.12,-0.17,1.08,0.01,-0.03,-0.01,-6.28,-9.08
-0.12,-0.17,1.07,-0.01,-0.03,-0.0,-6.25,-9.0
-0.12,-0.16,1.08,-0.03,-0.03,-0.01,-6.28,-8.54
-0.12,-0.16,1.09,-0.04,-0.02,-0.01,-6.13,-8.28
-0.12,-0.15,1.1,-0.06,-0.03,-0.0,-6.38,-7.8
-0.12,-0.14,1.09,-0.06,0.02,-0.03,-6.26,-7.18
-0.12,-0.13,1.09,-0.06,0.03,-0.03,-6.5,-6.65
-0.12,-0.12,1.08,-0.04,0.04,-0.04,-6.15,-6.53
-0.11,-0.12,1.08,-0.04,0.02,-0.02,-5.95,-6.16
-0.12,-0.11,1.07,-0.05,0.06,-0.02,-6.39,-5.71
-0.12,-0.12,1.07,-0.02,0.05,-0.01,-6.35,-6.34
-0.13,-0.13,1.07,-0.02,0.05,0.0,-6.76,-6.67
-0.13,-0.13,1.07,-0.02,0.04,0.03,-7.04,-7.0
-0.13,-0.13,1.07,-0.04,0.07,0.03,-6.67,-7.03
-0.14,-0.14,1.07,-0.02,0.07,0.03,-7.32,-7.37
-0.14,-0.13,1.06,-0.04,0.08,0.02,-7.42,-7.09
-0.14,-0.14,1.06,-0.05,0.06,0.03,-7.21,-7.21
-0.14,-0.15,1.06,-0.04,0.09,0.03,-7.26,-7.77
-0.13,-0.13,1.06,-0.04,0.09,0.03,-7.05,-7.0
-0.13,-0.13,1.06,-0.02,0.09,0.03,-7.17,-6.89
-0.13,-0.12,1.07,-0.01,0.09,0.04,-7.04,-6.48
-0.13,-0.12,1.08,0.01,0.08,0.05,-7.08,-6.47
-0.13,-0.13,1.07,0.01,0.11,0.02,-6.94,-6.64
-0.14,-0.13,1.07,0.03,0.09,0.03,-7.25,-6.74
-0.13,-0.15,1.06,0.08,0.09,0.0,-7.03,-7.79
-0.13,-0.16,1.06,0.09,0.09,0.01,-6.82,-8.41
-0.13,-0.16,1.05,0.07,0.12,0.02,-7.09,-8.87
-0.13,-0.19,1.05,0.07,0.1,0.03,-7.14,-9.96
-0.13,-0.2,1.04,0.07,0.11,0.02,-7.21,-10.63
-0.14,-0.21,1.04,0.04,0.11,0.02,-7.62,-11.2
-0.15,-0.21,1.04,-0.01,0.14,0.02,-8.0,-11.49
-0.15,-0.21,1.02,-0.01,0.13,0.01,-8.27,-11.72
-0.15,-0.21,1.01,-0.05,0.13,0.01,-8.37,-11.54
-0.15,-0.2,1.0,-0.07,0.13,0.03,-8.39,-10.97
-0.15,-0.19,1.0,-0.11,0.15,0.03,-8.3,-10.43
-0.14,-0.16,1.01,-0.12,0.13,0.06,-7.89,-9.11
-0.14,-0.16,1.02,-0.11,0.12,0.05,-7.66,-8.8
-0.14,-0.15,1.02,-0.12,0.1,0.06,-7.84,-8.29
-0.15,-0.13,1.03,-0.11,0.11,0.06,-8.02,-7.32
-0.15,-0.12,1.04,-0.1,0.1,0.06,-8.16,-6.64
-0.15,-0.12,1.05,-0.04,0.09,0.06,-7.83,-6.42
-0.14,-0.12,1.05,-0.03,0.06,0.06,-7.53,-6.64
-0.13,-0.11,1.06,0.01,0.08,0.06,-7.22,-6.1
-0.13,-0.12,1.05,0.06,0.07,0.06,-7.0,-6.2
-0.13,-0.12,1.05,0.12,0.06,0.05,-6.95,-6.5
-0.12,-0.14,1.05,0.15,0.04,0.06,-6.64,-7.43
-0.13,-0.16,1.06,0.15,0.05,0.05,-6.81,-8.69
-0.13,-0.19,1.06,0.17,0.05,0.05,-7.03,-10.18
-0.14,-0.21,1.07,0.17,0.04,0.04,-7.23,-11.04
-0.14,-0.22,1.07,0.17,0.02,0.03,-7.48,-11.76
-0.14,-0.23,1.06,0.15,0.02,0.01,-7.14,-12.31
-0.13,-0.24,1.06,0.12,0.04,-0.01,-7.04,-12.62
-0.13,-0.23,1.05,0.07,0.06,-0.02,-7.03,-12.42
-0.12,-0.22,1.05,0.05,0.04,-0.01,-6.26,-11.86
-0.12,-0.22,1.05,0.01,0.05,-0.02,-6.57,-11.64
-0.12,-0.21,1.07,-0.05,0.07,-0.0,-6.21,-11.06
-0.12,-0.2,1.09,-0.07,0.06,0.0,-6.11,-10.34
-0.12,-0.19,1.1,-0.1,0.06,0.01,-6.16,-9.59
-0.12,-0.17,1.13,-0.12,0.11,-0.01,-5.77,-8.76
-0.12,-0.15,1.15,-0.15,0.15,-0.01,-5.75,-7.66
-0.1,-0.14,1.15,-0.21,0.05,0.1,-5.05,-6.95
-0.1,-0.13,1.14,-0.15,0.19,0.01,-5.11,-6.41
-0.09,-0.11,1.15,-0.11,0.2,0.01,-4.7,-5.62
-0.1,-0.11,1.14,-0.11,0.24,0.02,-5.05,-5.42
-0.1,-0.11,1.14,-0.08,0.23,0.04,-4.78,-5.25
-0.09,-0.1,1.15,-0.05,0.23,0.05,-4.61,-5.07
-0.08,-0.09,1.16,-0.01,0.24,0.04,-3.98,-4.44
-0.08,-0.09,1.17,0.01,0.24,0.04,-3.66,-4.61
-0.08,-0.1,1.2,0.03,0.25,0.02,-3.73,-4.56
-0.08,-0.1,1.19,0.07,0.24,0.01,-4.01,-4.8
-0.07,-0.11,1.21,0.07,0.27,0.0,-3.41,-5.39
-0.07,-0.11,1.2,0.08,0.3,-0.01,-3.41,-5.3
-0.06,-0.12,1.21,0.05,0.33,-0.01,-2.68,-5.67
-0.06,-0.13,1.22,0.04,0.35,-0.02,-2.77,-6.14
-0.06,-0.13,1.22,0.01,0.4,-0.03,-2.57,-6.08
-0.06,-0.12,1.24,-0.03,0.47,-0.03,-2.99,-5.72
-0.05,-0.11,1.25,-0.08,0.53,-0.03,-2.1,-5.26
-0.04,-0.11,1.26,-0.1,0.57,-0.02,-1.94,-4.81
-0.03,-0.11,1.27,-0.1,0.63,-0.01,-1.46,-5.05
-0.04,-0.12,1.27,-0.14,0.73,-0.03,-1.62,-5.16
-0.04,-0.12,1.27,-0.15,0.77,-0.03,-1.85,-5.56
-0.05,-0.13,1.25,-0.17,0.84,-0.04,-2.41,-6.09
-0.05,-0.13,1.25,-0.19,0.87,-0.05,-2.22,-6.06
-0.05,-0.14,1.24,-0.25,0.97,-0.06,-2.36,-6.27
-0.05,-0.14,1.21,-0.29,1.02,-0.06,-2.49,-6.74
-0.06,-0.15,1.19,-0.33,1.12,-0.09,-2.7,-6.95
-0.06,-0.14,1.17,-0.4,1.09,-0.03,-2.86,-6.66
-0.06,-0.13,1.16,-0.45,1.16,-0.04,-2.76,-6.44
-0.05,-0.12,1.16,-0.49,1.19,-0.02,-2.65,-5.7
-0.06,-0.1,1.16,-0.51,1.21,-0.01,-2.73,-5.15
-0.06,-0.1,1.18,-0.54,1.22,0.01,-2.82,-4.69
-0.07,-0.08,1.18,-0.54,1.25,0.0,-3.2,-3.99
-0.07,-0.09,1.2,-0.53,1.27,-0.0,-3.43,-4.11
-0.07,-0.08,1.21,-0.49,1.28,-0.01,-3.47,-3.62
-0.08,-0.08,1.21,-0.47,1.29,-0.01,-3.64,-3.58
-0.07,-0.06,1.2,-0.45,1.34,-0.03,-3.52,-2.9
-0.08,-0.05,1.18,-0.43,1.35,-0.03,-3.9,-2.6
-0.08,-0.05,1.18,-0.39,1.39,-0.04,-3.99,-2.6
-0.08,-0.05,1.18,-0.35,1.34,-0.01,-4.09,-2.37
-0.09,-0.06,1.18,-0.31,1.36,-0.02,-4.43,-2.7
-0.1,-0.06,1.18,-0.28,1.38,-0.01,-4.73,-3.12
-0.1,-0.06,1.19,-0.22,1.38,0.0,-4.83,-3.08
-0.11,-0.07,1.19,-0.19,1.4,0.02,-5.13,-3.23
-0.11,-0.07,1.18,-0.15,1.43,0.01,-5.24,-3.45
-0.11,-0.07,1.18,-0.12,1.46,0.0,-5.37,-3.53
-0.11,-0.07,1.18,-0.09,1.46,0.02,-5.47,-3.35
-0.11,-0.07,1.17,-0.05,1.46,0.03,-5.38,-3.63
-0.11,-0.08,1.18,-0.0,1.49,0.02,-5.19,-3.73
-0.11,-0.09,1.17,0.02,1.54,0.03,-5.53,-4.49
-0.11,-0.11,1.14,0.06,1.53,0.06,-5.55,-5.41
-0.12,-0.13,1.13,0.09,1.55,0.07,-6.29,-6.4
-0.13,-0.14,1.1,0.1,1.56,0.08,-6.55,-7.24
-0.13,-0.15,1.08,0.08,1.58,0.09,-6.79,-7.92
-0.13,-0.17,1.05,0.06,1.58,0.11,-7.02,-9.19
-0.13,-0.19,1.03,0.04,1.58,0.11,-6.98,-10.3
-0.13,-0.21,1.0,-0.0,1.55,0.14,-7.18,-11.7
-0.13,-0.23,0.98,-0.05,1.54,0.17,-7.56,-12.78
-0.14,-0.23,0.98,-0.1,1.5,0.2,-7.78,-13.17
-0.15,-0.24,1.0,-0.15,1.48,0.2,-8.1,-13.69
-0.16,-0.24,1.01,-0.2,1.45,0.21,-8.67,-13.32
-0.17,-0.24,1.06,-0.24,1.42,0.2,-8.96,-12.74
-0.18,-0.25,1.1,-0.27,1.42,0.17,-9.04,-12.58
-0.19,-0.24,1.13,-0.25,1.39,0.15,-9.14,-11.99
-0.19,-0.24,1.14,-0.26,1.4,0.11,-9.13,-11.46
-0.2,-0.21,1.15,-0.27,1.44,0.08,-9.48,-10.35
-0.2,-0.2,1.16,-0.27,1.46,0.07,-9.43,-9.85
-0.19,-0.19,1.18,-0.23,1.47,0.05,-9.02,-9.24
-0.19,-0.18,1.18,-0.21,1.49,0.05,-9.0,-8.48
-0.19,-0.17,1.19,-0.18,1.51,0.05,-8.85,-8.13
-0.19,-0.18,1.18,-0.17,1.56,0.07,-9.14,-8.54
-0.19,-0.18,1.16,-0.13,1.59,0.07,-9.29,-8.76
-0.19,-0.18,1.15,-0.12,1.62,0.08,-9.37,-8.95
-0.2,-0.19,1.14,-0.12,1.65,0.11,-9.72,-9.27
-0.2,-0.19,1.13,-0.13,1.67,0.14,-9.68,-9.55
-0.2,-0.2,1.12,-0.14,1.69,0.15,-10.08,-9.93
-0.2,-0.21,1.12,-0.13,1.69,0.16,-10.06,-10.33
-0.2,-0.21,1.12,-0.15,1.72,0.16,-10.17,-10.37
-0.2,-0.21,1.12,-0.16,1.75,0.19,-9.9,-10.68
-0.2,-0.22,1.12,-0.17,1.74,0.22,-10.18,-10.98
-0.22,-0.22,1.12,-0.16,1.75,0.24,-10.65,-11.11
-0.22,-0.24,1.13,-0.17,1.79,0.23,-10.82,-11.78
-0.22,-0.24,1.13,-0.15,1.79,0.25,-10.96,-11.91
-0.23,-0.24,1.13,-0.15,1.84,0.24,-11.2,-12.0
-0.22,-0.25,1.12,-0.13,1.84,0.23,-10.84,-12.29
-0.22,-0.25,1.12,-0.13,1.85,0.22,-11.04,-12.38
-0.23,-0.25,1.11,-0.15,1.89,0.21,-11.3,-12.46
-0.22,-0.25,1.09,-0.12,1.88,0.21,-11.11,-12.62
-0.22,-0.24,1.08,-0.11,1.88,0.22,-11.12,-12.2
-0.22,-0.25,1.07,-0.09,1.87,0.2,-11.24,-12.73
-0.22,-0.25,1.07,-0.11,1.87,0.2,-11.17,-12.99
-0.22,-0.25,1.06,-0.1,1.86,0.19,-11.36,-13.2
-0.22,-0.25,1.05,-0.12,1.89,0.17,-11.33,-12.97
-0.22,-0.25,1.04,-0.08,1.85,0.17,-11.47,-13.05
-0.21,-0.23,1.03,-0.1,1.87,0.16,-11.26,-12.61
-0.21,-0.23,1.01,-0.11,1.86,0.18,-11.34,-12.76
-0.21,-0.23,1.01,-0.12,1.83,0.19,-11.38,-12.57
-0.22,-0.24,1.0,-0.13,1.87,0.18,-12.04,-12.98
-0.21,-0.24,1.0,-0.16,1.88,0.19,-11.65,-13.25
-0.21,-0.24,0.98,-0.21,1.89,0.22,-11.75,-13.75
-0.21,-0.24,0.99,-0.21,1.87,0.22,-11.53,-13.42
-0.21,-0.24,0.99,-0.24,1.89,0.23,-11.7,-13.26
-0.21,-0.22,1.0,-0.25,1.85,0.23,-11.78,-12.33
-0.21,-0.21,0.99,-0.28,1.86,0.25,-11.51,-11.51
-0.19,-0.2,1.0,-0.27,1.81,0.26,-10.72,-11.0
-0.2,-0.2,1.03,-0.25,1.79,0.27,-10.92,-10.81
-0.21,-0.21,1.04,-0.24,1.81,0.28,-11.27,-11.04
-0.21,-0.21,1.06,-0.21,1.8,0.29,-11.08,-11.03
-0.22,-0.21,1.05,-0.15,1.77,0.29,-11.4,-10.95
-0.21,-0.2,1.05,-0.1,1.75,0.3,-11.15,-10.55
-0.21,-0.2,1.04,-0.07,1.77,0.29,-11.24,-10.66
-0.22,-0.2,1.04,0.0,1.74,0.29,-11.91,-10.64
-0.21,-0.2,1.02,0.06,1.72,0.28,-11.17,-10.87
-0.2,-0.19,1.0,0.12,1.67,0.27,-11.29,-10.73
-0.19,-0.2,0.98,0.17,1.66,0.25,-10.57,-11.31
-0.2,-0.19,0.96,0.2,1.62,0.25,-11.38,-11.21
-0.2,-0.2,0.93,0.26,1.57,0.23,-11.69,-11.87
-0.2,-0.2,0.91,0.26,1.53,0.24,-12.19,-11.86
-0.19,-0.2,0.91,0.28,1.54,0.23,-11.41,-12.11
-0.18,-0.21,0.9,0.27,1.53,0.24,-11.21,-12.88
-0.18,-0.22,0.88,0.27,1.5,0.25,-11.02,-13.77
-0.17,-0.22,0.89,0.23,1.47,0.28,-10.76,-13.71
-0.17,-0.23,0.87,0.19,1.45,0.3,-10.64,-14.58
-0.17,-0.24,0.87,0.15,1.49,0.31,-10.92,-14.96
-0.16,-0.24,0.86,0.11,1.48,0.34,-10.24,-15.05
-0.16,-0.25,0.85,0.05,1.46,0.37,-9.98,-15.85
-0.16,-0.24,0.85,-0.03,1.5,0.38,-10.22,-15.66
-0.16,-0.24,0.84,-0.09,1.49,0.4,-10.08,-15.44
-0.16,-0.22,0.85,-0.14,1.47,0.42,-10.28,-14.34
-0.15,-0.21,0.86,-0.17,1.44,0.44,-9.73,-13.33
-0.15,-0.19,0.86,-0.17,1.44,0.44,-9.72,-12.62
-0.15,-0.18,0.87,-0.19,1.43,0.46,-9.55,-11.79
-0.15,-0.17,0.88,-0.17,1.38,0.47,-9.69,-11.02
-0.16,-0.18,0.9,-0.08,1.5,0.36,-9.8,-10.97
-0.16,-0.18,0.9,-0.09,1.31,0.47,-10.01,-11.12
-0.17,-0.19,0.9,-0.04,1.28,0.46,-10.38,-11.77
-0.18,-0.21,0.91,0.01,1.24,0.45,-10.84,-13.08
-0.19,-0.23,0.92,0.07,1.18,0.41,-11.29,-14.0
-0.21,-0.26,0.93,0.14,1.15,0.37,-12.2,-15.16
-0.22,-0.27,0.93,0.19,1.16,0.33,-12.66,-15.66
-0.21,-0.27,0.93,0.24,1.12,0.28,-12.05,-15.95
-0.2,-0.28,0.92,0.28,1.1,0.23,-11.53,-16.54
-0.18,-0.28,0.91,0.26,1.1,0.19,-10.83,-16.79
-0.17,-0.28,0.9,0.24,1.1,0.16,-10.53,-16.98
-0.17,-0.28,0.9,0.19,1.1,0.16,-10.01,-17.15
-0.16,-0.28,0.9,0.17,1.12,0.14,-9.47,-17.13
-0.15,-0.29,0.91,0.12,1.12,0.17,-9.08,-17.27
-0.15,-0.28,0.9,0.04,1.16,0.19,-8.83,-17.32
-0.15,-0.27,0.9,-0.04,1.17,0.21,-8.79,-16.73
-0.15,-0.27,0.91,-0.1,1.2,0.21,-9.11,-16.35
-0.16,-0.26,0.93,-0.17,1.22,0.22,-9.58,-15.31
-0.16,-0.24,0.94,-0.23,1.28,0.23,-9.3,-14.09
-0.14,-0.22,0.95,-0.23,1.28,0.24,-8.42,-12.98
-0.15,-0.2,0.96,-0.23,1.31,0.27,-8.42,-11.61
-0.14,-0.19,0.96,-0.21,1.29,0.3,-8.32,-11.0
-0.14,-0.18,0.96,-0.2,1.31,0.31,-8.16,-10.77
-0.14,-0.18,0.97,-0.17,1.28,0.33,-8.01,-10.47
-0.13,-0.18,0.96,-0.14,1.26,0.33,-7.41,-10.4
-0.13,-0.18,0.96,-0.09,1.21,0.33,-7.4,-10.57
-0.14,-0.19,0.95,-0.04,1.18,0.32,-8.12,-11.11
-0.14,-0.2,0.94,-0.04,1.15,0.31,-8.3,-11.71
-0.15,-0.2,0.93,0.01,1.12,0.29,-8.8,-11.69
-0.15,-0.2,0.94,0.01,1.12,0.28,-9.05,-11.61
-0.15,-0.19,0.93,0.02,1.12,0.28,-8.66,-11.57
-0.15,-0.2,0.95,0.04,1.11,0.3,-8.74,-11.7
-0.14,-0.21,0.95,0.06,1.1,0.3,-8.31,-12.32
-0.15,-0.22,0.95,0.07,1.09,0.3,-8.78,-12.88
-0.16,-0.22,0.92,0.06,1.12,0.28,-9.35,-13.32
-0.14,-0.23,0.92,0.03,1.16,0.28,-8.62,-13.69
-0.12,-0.23,0.91,0.01,1.15,0.3,-7.44,-14.05
-0.12,-0.22,0.91,-0.02,1.15,0.31,-7.06,-13.68
-0.12,-0.22,0.92,-0.06,1.16,0.31,-7.32,-13.64
-0.14,-0.23,0.92,-0.08,1.18,0.32,-8.31,-13.83
-0.14,-0.22,0.94,-0.12,1.21,0.32,-8.03,-13.1
-0.12,-0.22,0.95,-0.1,1.2,0.33,-6.87,-12.79
-0.11,-0.22,0.97,-0.09,1.18,0.33,-6.58,-12.83
-0.12,-0.22,0.97,-0.08,1.2,0.33,-6.75,-12.77
-0.13,-0.22,0.98,-0.06,1.17,0.33,-7.26,-12.52
-0.12,-0.22,0.98,-0.03,1.14,0.33,-7.01,-12.31
-0.12,-0.22,0.98,0.0,1.12,0.3,-6.7,-12.64
-0.12,-0.23,0.98,0.03,1.11,0.28,-6.77,-13.08
-0.13,-0.23,0.98,0.06,1.08,0.26,-7.13,-13.1
-0.13,-0.23,0.98,0.07,1.07,0.27,-7.26,-13.05
-0.12,-0.22,0.97,0.11,1.04,0.25,-7.15,-12.76
-0.12,-0.22,0.96,0.08,1.08,0.23,-6.86,-12.79
-0.1,-0.21,0.95,0.11,1.05,0.24,-6.09,-12.55
-0.09,-0.2,0.93,0.1,1.03,0.25,-5.35,-12.26
-0.09,-0.21,0.93,0.07,1.02,0.24,-5.38,-12.45
-0.11,-0.22,0.93,0.04,1.05,0.24,-6.4,-13.44
-0.13,-0.25,0.94,0.01,1.09,0.24,-7.9,-14.78
-0.13,-0.25,0.94,0.01,1.11,0.24,-7.7,-14.98
-0.12,-0.24,0.94,-0.03,1.15,0.24,-6.78,-14.22
-0.11,-0.22,0.94,-0.04,1.14,0.23,-6.45,-13.37
-0.11,-0.21,0.94,-0.07,1.17,0.24,-6.72,-12.45
-0.11,-0.19,0.95,-0.08,1.18,0.23,-6.75,-11.41
-0.12,-0.18,0.95,-0.1,1.16,0.25,-6.84,-10.56
-0.11,-0.18,0.97,-0.11,1.18,0.26,-6.42,-10.17
-0.12,-0.17,0.98,-0.1,1.18,0.28,-6.66,-10.02
-0.12,-0.19,0.98,-0.04,1.17,0.29,-7.09,-10.61
-0.13,-0.19,0.98,0.01,1.13,0.32,-7.17,-10.68
-0.12,-0.18,0.98,0.04,1.13,0.29,-6.78,-10.4
-0.11,-0.19,0.98,0.08,1.09,0.29,-6.52,-10.78
-0.12,-0.2,0.97,0.13,1.06,0.27,-7.11,-11.7
-0.14,-0.21,0.96,0.18,1.01,0.25,-7.94,-12.16
-0.14,-0.22,0.95,0.21,1.03,0.2,-8.11,-12.66
-0.13,-0.21,0.95,0.23,1.05,0.19,-7.34,-12.61
-0.11,-0.2,0.95,0.25,1.04,0.18,-6.74,-11.96
-0.1,-0.2,0.93,0.25,1.02,0.2,-5.89,-12.19
-0.09,-0.21,0.91,0.25,1.04,0.19,-5.56,-12.65
-0.07,-0.2,0.9,0.2,1.04,0.19,-4.6,-12.67
-0.07,-0.2,0.9,0.19,1.04,0.19,-4.49,-12.75
-0.07,-0.21,0.89,0.16,1.04,0.2,-4.39,-13.12
-0.08,-0.2,0.89,0.12,1.04,0.2,-4.91,-12.73
-0.09,-0.2,0.89,0.08,1.09,0.19,-5.48,-12.78
-0.08,-0.21,0.9,0.06,1.11,0.21,-5.07,-13.26
-0.07,-0.2,0.9,0.01,1.12,0.22,-4.25,-12.43
-0.06,-0.2,0.89,-0.01,1.15,0.22,-3.89,-12.45
-0.06,-0.19,0.88,-0.05,1.17,0.24,-3.95,-11.86
-0.06,-0.17,0.89,-0.06,1.17,0.24,-4.07,-10.95
-0.07,-0.17,0.9,-0.05,1.14,0.24,-4.07,-10.39
-0.06,-0.18,0.9,-0.05,1.11,0.23,-3.58,-11.17
-0.08,-0.18,0.9,-0.06,1.1,0.22,-4.77,-11.38
-0.09,-0.18,0.9,-0.03,1.07,0.2,-5.41,-11.08
-0.09,-0.16,0.9,-0.02,1.06,0.19,-5.39,-10.26
-0.08,-0.16,0.91,0.01,1.06,0.18,-4.66,-9.72
-0.06,-0.15,0.93,0.03,1.04,0.18,-3.82,-9.02
-0.07,-0.16,0.91,0.07,0.99,0.19,-4.27,-9.86
-0.09,-0.18,0.9,0.11,0.94,0.16,-5.37,-11.21
-0.1,-0.19,0.91,0.14,0.9,0.15,-5.96,-11.62
-0.1,-0.19,0.91,0.15,0.93,0.12,-6.11,-11.62
-0.09,-0.19,0.93,0.18,0.88,0.1,-5.27,-11.47
-0.08,-0.18,0.92,0.18,0.85,0.08,-4.88,-10.88
-0.09,-0.17,0.91,0.16,0.84,0.06,-5.36,-10.46
-0.1,-0.18,0.9,0.15,0.84,0.03,-6.04,-11.28
-0.11,-0.19,0.92,0.1,0.86,0.05,-6.62,-11.59
-0.1,-0.19,0.94,0.08,0.88,0.05,-5.93,-11.13
-0.09,-0.18,0.93,0.05,0.89,0.07,-5.43,-10.96
-0.09,-0.17,0.93,0.0,0.94,0.1,-5.67,-10.18
-0.1,-0.16,0.94,-0.04,0.96,0.13,-6.17,-9.54
-0.11,-0.16,0.95,-0.05,1.01,0.15,-6.62,-9.55
-0.11,-0.16,0.97,-0.06,1.02,0.19,-6.19,-9.44
-0.11,-0.17,0.96,-0.09,1.05,0.21,-6.52,-9.97
-0.12,-0.17,0.95,-0.07,1.03,0.23,-6.87,-10.35
-0.13,-0.18,0.95,-0.05,1.06,0.22,-7.69,-10.68
-0.13,-0.19,0.95,-0.03,1.07,0.23,-7.82,-10.98
-0.11,-0.17,0.95,-0.02,1.1,0.21,-6.57,-9.96
-0.1,-0.16,0.95,0.04,1.07,0.21,-5.67,-9.3
-0.09,-0.15,0.94,0.07,1.05,0.19,-5.16,-9.3
-0.09,-0.14,0.92,0.1,1.01,0.18,-5.66,-8.73
-0.09,-0.15,0.92,0.13,1.0,0.15,-5.61,-9.11
-0.09,-0.16,0.93,0.15,0.97,0.15,-5.48,-9.8
-0.09,-0.15,0.93,0.21,0.92,0.13,-5.24,-9.17
-0.08,-0.14,0.92,0.22,0.93,0.12,-5.05,-8.87
-0.08,-0.15,0.92,0.25,0.9,0.1,-5.19,-9.04
-0.07,-0.15,0.92,0.27,0.88,0.1,-4.32,-9.52
-0.05,-0.16,0.91,0.28,0.85,0.09,-3.39,-9.83
-0.06,-0.16,0.89,0.27,0.82,0.09,-3.52,-10.4
-0.06,-0.17,0.88,0.23,0.83,0.07,-3.73,-11.02
-0.06,-0.18,0.88,0.17,0.87,0.07,-4.07,-11.51
-0.06,-0.19,0.89,0.11,0.88,0.09,-3.89,-11.99
-0.05,-0.18,0.89,0.06,0.89,0.11,-2.95,-11.59
-0.06,-0.18,0.89,-0.02,0.92,0.11,-3.72,-11.66
-0.06,-0.17,0.9,-0.09,0.96,0.12,-3.83,-10.91
-0.07,-0.16,0.92,-0.17,0.99,0.13,-4.43,-9.53
-0.06,-0.13,0.94,-0.17,0.99,0.15,-3.84,-8.15
-0.07,-0.12,0.95,-0.19,1.0,0.18,-4.2,-7.33
-0.08,-0.1,0.96,-0.19,1.02,0.2,-4.5,-6.17
-0.08,-0.12,0.97,-0.15,0.99,0.24,-4.55,-6.8
-0.09,-0.12,0.98,-0.12,0.94,0.27,-5.27,-7.09
-0.08,-0.13,0.96,-0.06,0.91,0.27,-4.9,-7.55
-0.09,-0.14,0.96,-0.0,0.91,0.26,-5.51,-8.51
-0.1,-0.17,0.95,0.05,0.88,0.24,-6.02,-9.86
-0.11,-0.18,0.94,0.09,0.86,0.21,-6.36,-10.83
-0.09,-0.19,0.93,0.16,0.82,0.18,-5.52,-11.44
-0.08,-0.19,0.92,0.16,0.84,0.15,-4.77,-11.77
-0.08,-0.2,0.92,0.19,0.8,0.13,-5.11,-12.07
-0.09,-0.21,0.92,0.22,0.77,0.1,-5.59,-13.03
-0.08,-0.22,0.91,0.24,0.76,0.05,-5.0,-13.38
-0.07,-0.22,0.9,0.23,0.79,-0.0,-4.41,-13.54
-0.05,-0.21,0.89,0.22,0.78,-0.04,-3.42,-13.51
-0.05,-0.2,0.88,0.2,0.79,-0.07,-2.9,-13.02
-0.04,-0.2,0.88,0.15,0.83,-0.08,-2.29,-12.9
-0.02,-0.19,0.88,0.09,0.86,-0.08,-1.38,-12.2
-0.01,-0.18,0.89,0.01,0.89,-0.06,-0.91,-11.71
-0.02,-0.17,0.89,-0.04,0.92,-0.06,-1.24,-10.63
-0.03,-0.16,0.91,-0.11,0.94,-0.03,-1.69,-9.88
-0.04,-0.16,0.91,-0.17,0.98,-0.02,-2.52,-9.93
-0.06,-0.16,0.93,-0.22,1.01,0.01,-3.4,-9.86
-0.07,-0.15,0.93,-0.23,1.05,0.03,-4.38,-9.25
-0.09,-0.14,0.95,-0.21,1.05,0.08,-5.15,-8.48
-0.09,-0.13,0.96,-0.2,1.09,0.1,-5.21,-7.92
-0.09,-0.13,0.97,-0.16,1.07,0.12,-5.13,-7.51
-0.08,-0.13,0.96,-0.11,1.03,0.13,-4.97,-7.48
-0.09,-0.12,0.95,-0.04,1.0,0.13,-5.41,-7.34
-0.09,-0.12,0.94,-0.01,1.01,0.12,-5.55,-7.17
-0.08,-0.13,0.93,0.04,0.98,0.13,-4.73,-7.69
-0.06,-0.12,0.92,0.11,0.94,0.12,-3.88,-7.61
-0.06,-0.12,0.9,0.16,0.88,0.13,-3.51,-7.26
-0.05,-0.12,0.89,0.18,0.9,0.1,-3.49,-7.48
-0.06,-0.12,0.89,0.22,0.85,0.08,-3.57,-7.65
-0.05,-0.13,0.88,0.28,0.8,0.05,-3.47,-8.67
-0.05,-0.12,0.88,0.3,0.77,0.03,-2.9,-7.92
-0.03,-0.12,0.87,0.31,0.75,0.01,-1.86,-7.6
-0.01,-0.1,0.86,0.29,0.74,-0.01,-0.46,-6.86
0.0,-0.09,0.87,0.29,0.71,-0.0,0.13,-5.83
0.02,-0.08,0.86,0.27,0.69,0.01,1.22,-5.57
0.03,-0.09,0.86,0.22,0.68,0.02,1.9,-5.64
0.02,-0.08,0.87,0.15,0.69,0.04,1.55,-5.52
0.02,-0.09,0.87,0.09,0.69,0.09,1.3,-5.93
0.02,-0.09,0.87,0.08,0.79,0.02,1.38,-6.17
-0.0,-0.1,0.88,0.02,0.68,0.14,-0.08,-6.16
-0.01,-0.1,0.89,-0.01,0.7,0.17,-0.72,-6.57
-0.01,-0.1,0.9,0.0,0.71,0.2,-0.94,-6.18
-0.01,-0.1,0.92,0.01,0.72,0.23,-0.75,-5.99
-0.01,-0.08,0.92,0.04,0.71,0.26,-0.59,-4.82
-0.01,-0.07,0.91,0.08,0.7,0.27,-0.82,-4.63
-0.02,-0.08,0.92,0.11,0.65,0.31,-1.06,-4.77
-0.01,-0.07,0.9,0.19,0.68,0.25,-0.37,-4.3
-0.01,-0.07,0.9,0.21,0.56,0.32,-0.8,-4.23
-0.02,-0.07,0.88,0.24,0.56,0.31,-1.19,-4.66
-0.02,-0.08,0.86,0.31,0.51,0.31,-1.19,-5.62
-0.01,-0.08,0.85,0.35,0.47,0.29,-0.82,-5.54
-0.02,-0.09,0.84,0.39,0.44,0.27,-1.62,-6.39
-0.02,-0.1,0.83,0.46,0.42,0.22,-1.27,-6.83
-0.01,-0.09,0.82,0.49,0.4,0.2,-0.92,-6.42
0.01,-0.08,0.82,0.54,0.39,0.17,0.89,-5.56
0.04,-0.06,0.82,0.56,0.35,0.15,2.63,-4.05
0.06,-0.04,0.82,0.56,0.35,0.12,4.41,-2.83
0.08,-0.03,0.81,0.53,0.32,0.13,5.78,-2.38
0.1,-0.03,0.8,0.52,0.3,0.12,6.99,-2.18
0.11,-0.04,0.77,0.47,0.26,0.11,8.34,-2.85
0.13,-0.04,0.77,0.37,0.29,0.12,9.95,-2.97
0.15,-0.04,0.78,0.28,0.28,0.13,10.83,-2.88
0.16,-0.03,0.78,0.18,0.32,0.15,11.56,-2.3
0.14,-0.04,0.8,0.05,0.3,0.18,10.18,-2.52
0.14,-0.03,0.81,-0.05,0.33,0.2,9.68,-2.42
0.13,-0.04,0.83,-0.15,0.33,0.23,8.6,-2.88
0.11,-0.05,0.85,-0.21,0.3,0.24,7.22,-3.45
0.08,-0.07,0.86,-0.25,0.26,0.25,5.31,-4.4
0.04,-0.09,0.87,-0.29,0.24,0.25,2.89,-5.71
0.01,-0.11,0.87,-0.3,0.21,0.23,0.82,-6.97
-0.02,-0.13,0.88,-0.27,0.19,0.2,-1.3,-8.27
-0.04,-0.14,0.89,-0.24,0.17,0.17,-2.76,-8.97
-0.06,-0.15,0.9,-0.14,0.11,0.12,-3.72,-9.52
-0.06,-0.16,0.9,-0.11,0.1,0.09,-3.84,-10.09
-0.07,-0.16,0.91,-0.03,0.07,0.05,-4.33,-9.7
-0.06,-0.15,0.91,0.05,0.04,0.01,-3.45,-9.29
-0.04,-0.14,0.91,0.11,0.02,-0.02,-2.51,-8.49
-0.02,-0.12,0.9,0.14,0.03,-0.03,-1.51,-7.61
-0.02,-0.11,0.91,0.18,0.0,-0.02,-1.33,-7.09
-0.01,-0.11,0.92,0.21,-0.03,-0.02,-0.69,-6.66
-0.01,-0.1,0.92,0.24,-0.05,-0.03,-0.33,-6.44
0.0,-0.11,0.91,0.26,-0.07,-0.02,0.02,-6.59
0.01,-0.11,0.89,0.26,-0.07,-0.03,0.81,-7.06
0.01,-0.11,0.89,0.25,-0.08,-0.04,0.86,-7.23
0.02,-0.11,0.88,0.21,-0.07,-0.04,1.56,-6.9
0.03,-0.11,0.87,0.17,-0.03,-0.04,1.78,-7.27
0.04,-0.12,0.88,0.12,-0.03,-0.02,2.46,-7.51
0.04,-0.13,0.88,0.05,-0.03,-0.02,2.71,-8.13
0.05,-0.12,0.87,-0.01,-0.01,-0.02,3.52,-8.08
0.05,-0.12,0.88,-0.11,0.02,-0.01,3.28,-7.52
0.03,-0.12,0.9,-0.15,0.01,-0.0,1.7,-7.89
0.01,-0.12,0.92,-0.22,0.02,-0.02,0.87,-7.57
-0.01,-0.14,0.94,-0.24,0.01,0.01,-0.84,-8.25
-0.03,-0.14,0.95,-0.28,0.05,-0.01,-1.69,-8.13
-0.06,-0.12,0.96,-0.27,0.03,0.01,-3.49,-7.19
-0.06,-0.13,0.96,-0.22,0.03,0.0,-3.68,-7.78
-0.08,-0.12,0.98,-0.19,0.0,0.02,-4.6,-7.04
-0.09,-0.12,0.98,-0.16,0.01,0.01,-5.04,-7.18
-0.09,-0.12,0.98,-0.12,0.01,0.03,-5.48,-7.13
-0.08,-0.12,0.98,-0.03,-0.02,0.02,-4.65,-6.79
-0.07,-0.12,0.98,-0.03,-0.03,0.04,-4.12,-6.83
-0.06,-0.12,0.96,0.04,-0.08,0.04,-3.62,-6.98
-0.05,-0.12,0.95,0.07,-0.07,0.04,-2.97,-7.32
-0.05,-0.13,0.93,0.09,-0.07,0.04,-2.91,-7.85
-0.04,-0.15,0.92,0.11,-0.08,0.02,-2.48,-8.95
-0.03,-0.15,0.91,0.1,-0.06,-0.0,-1.77,-9.22
-0.02,-0.15,0.91,0.08,-0.05,0.0,-1.28,-9.35
-0.01,-0.15,0.9,0.08,-0.04,-0.02,-0.68,-9.15
-0.01,-0.15,0.9,0.06,-0.05,-0.02,-0.53,-9.25
0.0,-0.14,0.9,0.02,-0.02,-0.04,0.11,-8.81
0.01,-0.13,0.91,-0.01,-0.02,-0.05,0.41,-8.03
0.01,-0.12,0.91,-0.05,-0.01,-0.05,0.4,-7.44
-0.0,-0.11,0.92,-0.09,-0.02,-0.05,-0.13,-6.92
-0.01,-0.12,0.94,-0.13,-0.01,-0.04,-0.65,-7.3
-0.02,-0.12,0.94,-0.18,0.0,-0.02,-1.34,-7.34
-0.05,-0.13,0.94,-0.2,-0.01,-0.0,-2.87,-7.69
-0.07,-0.13,0.95,-0.22,-0.0,0.01,-4.41,-7.91
-0.09,-0.13,0.96,-0.22,0.04,0.01,-5.05,-7.86
-0.09,-0.13,0.97,-0.21,0.04,0.02,-5.2,-7.3
-0.09,-0.12,0.97,-0.17,0.02,0.05,-5.21,-6.9
-0.1,-0.12,0.98,-0.15,0.02,0.05,-5.62,-6.81
-0.1,-0.12,0.98,-0.12,0.02,0.06,-5.72,-6.68
-0.1,-0.11,0.98,-0.08,0.03,0.07,-5.76,-6.37
-0.09,-0.12,0.98,-0.01,-0.01,0.08,-5.41,-6.73
-0.08,-0.13,0.97,0.0,-0.06,0.09,-4.64,-7.4
-0.06,-0.13,0.95,0.03,-0.06,0.07,-3.75,-8.06
-0.05,-0.14,0.92,0.05,-0.04,0.04,-3.32,-8.56
-0.05,-0.14,0.92,0.04,-0.04,0.04,-2.87,-8.55
-0.03,-0.14,0.92,0.05,-0.02,0.02,-1.93,-8.72
-0.02,-0.14,0.92,0.04,-0.02,0.02,-1.25,-8.51
-0.02,-0.13,0.93,-0.01,-0.01,0.03,-0.96,-7.86
-0.01,-0.14,0.93,-0.01,-0.01,0.01,-0.79,-8.87
-0.02,-0.16,0.93,-0.02,-0.01,-0.0,-0.97,-9.55
-0.02,-0.15,0.92,-0.04,-0.01,-0.01,-1.22,-9.44
-0.03,-0.15,0.92,-0.07,0.03,-0.03,-1.61,-9.45
-0.02,-0.15,0.93,-0.08,0.04,-0.03,-1.32,-8.98
-0.01,-0.13,0.95,-0.08,0.05,-0.02,-0.6,-7.81
-0.0,-0.12,0.96,-0.1,0.02,0.01,-0.19,-7.09
-0.02,-0.12,0.95,-0.12,0.04,0.02,-1.02,-7.43
-0.03,-0.13,0.96,-0.15,0.04,0.03,-1.67,-7.56
-0.04,-0.13,0.95,-0.12,0.05,0.03,-2.1,-7.73
-0.05,-0.15,0.97,-0.13,0.06,0.05,-2.81,-8.61
-0.04,-0.14,0.95,-0.12,0.05,0.04,-2.16,-8.24
-0.05,-0.15,0.96,-0.1,0.04,0.06,-2.89,-8.59
-0.04,-0.15,0.95,-0.05,0.03,0.03,-2.44,-8.87
-0.04,-0.15,0.94,-0.03,-0.01,0.02,-2.59,-8.89
-0.05,-0.13,0.94,-0.02,0.01,-0.01,-2.89,-7.74
-0.03,-0.12,0.95,-0.01,-0.01,-0.02,-1.67,-7.05
-0.02,-0.11,0.94,0.0,-0.03,-0.03,-0.96,-6.59
-0.01,-0.11,0.95,-0.0,-0.05,-0.03,-0.86,-6.87
-0.02,-0.11,0.94,-0.02,-0.04,-0.03,-1.16,-6.8
-0.03,-0.12,0.96,-0.03,-0.02,-0.02,-1.83,-6.96
-0.03,-0.12,0.96,-0.03,-0.02,-0.0,-1.92,-6.88
-0.03,-0.11,0.97,-0.02,-0.04,0.02,-1.8,-6.73
-0.04,-0.13,0.97,-0.03,-0.02,0.02,-2.46,-7.4
-0.05,-0.13,0.96,-0.03,-0.02,0.04,-2.76,-7.75
-0.05,-0.14,0.95,0.0,-0.02,0.04,-3.19,-8.49
-0.06,-0.15,0.94,0.04,-0.02,0.02,-3.47,-9.21
-0.05,-0.15,0.95,0.03,0.02,0.01,-2.91,-8.9
-0.03,-0.14,0.95,0.04,0.03,0.02,-1.88,-8.64
-0.02,-0.15,0.96,0.05,0.03,0.02,-1.32,-8.7
-0.01,-0.15,0.94,0.06,0.01,0.02,-0.57,-8.81
-0.02,-0.14,0.93,0.03,0.01,0.01,-0.98,-8.61
-0.02,-0.15,0.93,-0.0,0.02,-0.01,-1.36,-9.12
-0.02,-0.14,0.94,-0.01,0.03,-0.02,-1.19,-8.67
-0.02,-0.15,0.95,-0.03,0.02,-0.01,-1.4,-8.99
-0.02,-0.15,0.96,-0.04,0.03,-0.02,-1.02,-8.67
-0.03,-0.15,0.95,-0.09,0.06,-0.01,-1.54,-9.07
-0.04,-0.16,0.96,-0.09,0.05,-0.0,-2.61,-9.54
-0.06,-0.16,0.96,-0.1,0.05,-0.03,-3.33,-9.7
-0.07,-0.17,0.97,-0.08,0.05,-0.03,-3.83,-9.69
-0.07,-0.17,0.97,-0.06,0.05,-0.05,-3.98,-9.67
-0.08,-0.16,0.97,-0.07,0.07,-0.07,-4.41,-9.34
-0.08,-0.16,0.97,-0.02,0.09,-0.09,-4.81,-9.11
-0.07,-0.14,0.97,-0.0,0.08,-0.08,-4.18,-8.01
-0.06,-0.12,0.97,0.02,0.12,-0.08,-3.43,-7.32
-0.05,-0.11,0.96,0.06,0.12,-0.05,-2.69,-6.47
-0.02,-0.1,0.94,0.11,0.18,-0.11,-1.5,-5.86
-0.01,-0.08,0.93,0.11,0.1,-0.02,-0.69,-5.07
0.01,-0.07,0.91,0.15,0.12,-0.03,0.68,-4.71
0.03,-0.08,0.88,0.18,0.09,-0.02,2.1,-4.97
0.06,-0.07,0.86,0.21,0.08,-0.03,3.73,-4.77
0.09,-0.06,0.83,0.28,0.04,-0.05,6.3,-3.85
0.13,-0.04,0.81,0.29,0.04,-0.08,9.19,-2.97
0.17,-0.03,0.78,0.3,0.01,-0.09,12.24,-2.4
0.2,-0.03,0.75,0.32,-0.03,-0.12,14.83,-2.07
0.24,-0.02,0.72,0.31,-0.07,-0.14,18.23,-1.19
0.27,-0.01,0.69,0.29,-0.09,-0.18,21.39,-0.41
0.3,0.01,0.67,0.26,-0.12,-0.2,24.25,0.89
0.35,0.04,0.64,0.27,-0.17,-0.24,28.54,2.78
0.36,0.05,0.61,0.23,-0.24,-0.25,30.53,3.92
0.39,0.06,0.61,0.18,-0.3,-0.25,32.91,4.44
0.39,0.07,0.59,0.16,-0.35,-0.27,33.75,5.66
0.4,0.08,0.58,0.14,-0.43,-0.29,34.44,6.21
0.4,0.09,0.56,0.13,-0.51,-0.3,35.44,7.03
0.4,0.09,0.55,0.15,-0.57,-0.32,36.02,7.32
0.42,0.11,0.52,0.17,-0.65,-0.33,38.29,8.89
0.42,0.1,0.5,0.18,-0.75,-0.34,39.26,8.96
0.45,0.12,0.47,0.21,-0.86,-0.35,42.7,10.54
0.47,0.13,0.45,0.23,-0.93,-0.37,45.17,11.45
0.5,0.14,0.42,0.25,-1.04,-0.37,48.64,12.05
0.52,0.15,0.38,0.26,-1.15,-0.38,51.39,13.24
0.55,0.17,0.34,0.24,-1.27,-0.38,55.28,14.62
0.57,0.18,0.3,0.23,-1.38,-0.4,58.62,15.89
0.59,0.19,0.26,0.18,-1.5,-0.4,61.34,16.33
0.6,0.2,0.24,0.15,-1.67,-0.41,62.82,17.05
0.6,0.19,0.21,0.11,-1.87,-0.42,64.69,16.59
0.59,0.17,0.2,0.08,-2.04,-0.44,66.01,15.56
0.57,0.16,0.17,0.04,-2.24,-0.46,68.2,14.8
0.54,0.13,0.13,0.01,-2.45,-0.5,71.31,13.35
0.51,0.11,0.1,0.01,-2.63,-0.57,74.4,11.6
0.49,0.09,0.07,-0.02,-2.79,-0.62,77.33,9.89
0.47,0.07,0.04,-0.03,-2.95,-0.68,80.42,8.11
0.45,0.05,0.02,-0.06,-3.13,-0.73,83.16,6.21
0.41,0.02,0.0,-0.09,-3.29,-0.79,86.64,3.35
0.37,-0.0,-0.01,-0.1,-3.45,-0.83,88.0,-0.71
0.32,-0.03,-0.01,-0.15,-3.58,-0.88,83.7,-5.75
0.28,-0.05,-0.01,-0.15,-3.74,-0.92,80.2,-9.37
0.24,-0.05,-0.02,-0.15,-3.87,-0.96,76.52,-12.27
0.2,-0.06,-0.03,-0.15,-4.02,-0.97,70.96,-17.36
0.16,-0.08,-0.01,-0.14,-4.16,-0.98,63.7,-26.08
0.14,-0.09,0.01,-0.13,-4.33,-0.99,56.95,-32.82
0.11,-0.09,0.02,-0.15,-4.4,-1.03,49.03,-39.24
0.05,-0.1,0.02,-0.14,-4.4,-0.99,27.64,-59.8
0.0,-0.1,0.01,-0.13,-4.4,-1.0,1.34,-82.33
-0.06,-0.1,0.03,-0.13,-4.4,-0.97,-28.34,-57.5
-0.1,-0.11,0.06,-0.12,-4.4,-0.95,-39.41,-41.63
-0.14,-0.11,0.09,-0.1,-4.4,-0.87,-43.79,-34.12
-0.2,-0.14,0.1,-0.08,-4.4,-0.8,-49.19,-31.28
-0.29,-0.21,0.12,-0.03,-4.4,-0.69,-49.79,-34.25
-0.33,-0.27,0.14,0.01,-4.4,-0.62,-47.8,-36.46
-0.41,-0.34,0.14,0.04,-4.4,-0.56,-47.94,-38.08
-0.47,-0.41,0.12,0.09,-4.4,-0.52,-48.08,-39.75
-0.51,-0.43,0.16,0.12,-4.4,-0.48,-47.71,-39.3
-0.53,-0.46,0.19,0.16,-4.4,-0.42,-46.68,-39.34
-0.56,-0.51,0.19,0.2,-4.4,-0.37,-45.68,-40.95
-0.6,-0.56,0.19,0.21,-4.4,-0.36,-45.12,-41.91
-0.62,-0.59,0.19,0.2,-4.4,-0.32,-44.83,-42.58
-0.62,-0.62,0.2,0.19,-4.4,-0.3,-43.84,-43.39
-0.63,-0.68,0.21,0.13,-4.4,-0.27,-41.64,-45.45
-0.69,-0.75,0.23,0.04,-4.4,-0.25,-41.28,-46.01
-0.78,-0.83,0.28,-0.09,-4.4,-0.26,-41.69,-45.03
-0.88,-0.89,0.37,-0.26,-4.4,-0.28,-42.52,-42.91
-0.98,-0.93,0.49,-0.41,-4.4,-0.32,-43.17,-40.26
-0.98,-0.89,0.7,-0.58,-4.4,-0.38,-40.98,-36.29
-1.1,-0.92,0.8,-0.73,-4.4,-0.39,-42.04,-33.99
-1.22,-0.9,0.89,-0.82,-4.4,-0.4,-43.9,-30.76
-1.12,-0.78,1.08,-0.89,-4.4,-0.33,-40.04,-26.74
-1.03,-0.73,1.15,-0.89,-4.4,-0.17,-37.28,-25.12
-1.02,-0.67,1.24,-0.9,-4.4,0.05,-35.92,-22.61
-1.09,-0.7,1.23,-0.89,-4.4,0.22,-37.56,-23.16
-1.12,-0.72,1.24,-0.91,-4.4,0.32,-37.82,-23.46
-1.09,-0.72,1.28,-0.88,-4.4,0.37,-36.46,-23.32
-1.03,-0.72,1.32,-0.87,-4.4,0.44,-34.28,-23.29
-1.0,-0.71,1.35,-0.84,-4.4,0.51,-33.25,-22.81
-1.02,-0.74,1.39,-0.79,-4.4,0.58,-33.02,-23.12
-1.01,-0.75,1.45,-0.7,-4.4,0.59,-31.89,-23.1
-0.99,-0.78,1.49,-0.58,-4.4,0.55,-30.54,-23.61
-0.94,-0.78,1.51,-0.47,-4.4,0.48,-28.99,-23.64
-0.94,-0.81,1.51,-0.35,-4.4,0.38,-28.87,-24.3
-0.95,-0.88,1.52,-0.22,-4.4,0.26,-28.39,-26.32
-0.88,-0.83,1.68,-0.12,-4.4,0.12,-25.15,-23.65
-0.91,-0.9,1.71,-0.08,-4.4,-0.02,-25.17,-25.07
-0.85,-0.84,1.84,-0.04,-4.4,-0.18,-22.85,-22.54
-0.81,-0.82,1.95,-0.04,-4.4,-0.31,-21.0,-21.18
-0.77,-0.78,2.04,-0.08,-4.4,-0.42,-19.33,-19.75
-0.72,-0.72,2.12,-0.17,-4.4,-0.51,-17.71,-17.79
-0.62,-0.61,2.19,-0.31,-4.4,-0.57,-15.16,-15.14
-0.54,-0.51,2.22,-0.44,-4.25,-0.57,-13.43,-12.57
-0.47,-0.4,2.25,-0.58,-3.93,-0.51,-11.58,-9.98
-0.41,-0.3,2.28,-0.64,-3.67,-0.4,-10.14,-7.41
-0.37,-0.21,2.3,-0.69,-3.36,-0.27,-9.08,-5.17
-0.34,-0.16,2.28,-0.68,-3.09,-0.13,-8.57,-3.86
-0.34,-0.11,2.23,-0.69,-2.8,-0.03,-8.55,-2.78
-0.32,-0.07,2.17,-0.69,-2.6,0.05,-8.37,-1.78
-0.28,-0.01,2.13,-0.65,-2.42,0.11,-7.48,-0.23
-0.25,0.03,2.1,-0.59,-2.26,0.16,-6.73,0.7
-0.23,0.04,2.09,-0.51,-2.1,0.17,-6.34,1.04
-0.22,0.04,2.06,-0.39,-1.98,0.16,-6.01,1.19
-0.19,0.06,1.99,-0.23,-1.86,0.12,-5.47,1.8
-0.18,0.08,1.92,-0.1,-1.79,0.08,-5.39,2.23
-0.17,0.09,1.82,0.01,-1.71,0.03,-5.32,2.85
-0.15,0.11,1.73,0.11,-1.64,-0.01,-4.88,3.55
-0.12,0.11,1.62,0.21,-1.59,-0.02,-4.06,4.03
-0.07,0.12,1.52,0.26,-1.57,-0.0,-2.64,4.54
-0.04,0.11,1.43,0.3,-1.52,0.03,-1.75,4.31
-0.03,0.08,1.37,0.3,-1.47,0.11,-1.29,3.26
-0.04,0.03,1.31,0.3,-1.46,0.19,-1.59,1.32
-0.04,0.0,1.28,0.26,-1.44,0.27,-1.7,0.15
-0.05,-0.04,1.23,0.2,-1.39,0.31,-2.51,-1.68
-0.06,-0.08,1.19,0.14,-1.39,0.34,-3.04,-3.59
-0.09,-0.09,1.17,0.05,-1.38,0.37,-4.16,-4.49
-0.09,-0.1,1.15,-0.04,-1.39,0.38,-4.5,-5.0
-0.09,-0.1,1.15,-0.12,-1.38,0.38,-4.46,-5.13
-0.1,-0.11,1.18,-0.21,-1.39,0.39,-4.83,-5.22
-0.09,-0.11,1.24,-0.25,-1.44,0.39,-4.27,-4.85
-0.08,-0.08,1.3,-0.25,-1.47,0.37,-3.32,-3.59
-0.06,-0.06,1.35,-0.22,-1.47,0.31,-2.7,-2.49
-0.06,-0.04,1.38,-0.17,-1.46,0.23,-2.46,-1.59
-0.05,-0.02,1.38,-0.08,-1.46,0.16,-2.2,-0.92
-0.06,-0.01,1.37,-0.01,-1.46,0.08,-2.58,-0.38
-0.04,0.0,1.36,0.05,-1.45,0.03,-1.79,0.2
-0.03,0.0,1.34,0.13,-1.44,-0.03,-1.32,0.1
-0.04,-0.01,1.32,0.18,-1.44,-0.06,-1.71,-0.37
-0.04,-0.01,1.31,0.21,-1.42,-0.08,-1.74,-0.34
-0.04,-0.02,1.28,0.23,-1.36,-0.08,-1.88,-1.05
-0.05,-0.03,1.26,0.22,-1.3,-0.07,-2.23,-1.28
-0.06,-0.05,1.24,0.19,-1.23,-0.04,-2.82,-2.48
-0.07,-0.07,1.22,0.12,-1.15,-0.01,-3.09,-3.23
-0.06,-0.07,1.2,0.02,-1.06,0.04,-2.91,-3.38
-0.05,-0.08,1.2,-0.07,-0.97,0.08,-2.59,-3.6
-0.05,-0.07,1.2,-0.16,-0.88,0.13,-2.33,-3.25
-0.04,-0.06,1.23,-0.23,-0.79,0.16,-1.99,-2.76
-0.03,-0.05,1.27,-0.27,-0.73,0.19,-1.13,-2.24
-0.01,-0.05,1.32,-0.28,-0.65,0.19,-0.55,-2.14
0.0,-0.03,1.34,-0.29,-0.59,0.18,0.11,-1.41
0.0,-0.03,1.37,-0.23,-0.53,0.16,0.17,-1.06
0.01,-0.02,1.38,-0.17,-0.48,0.12,0.23,-0.82
-0.0,-0.02,1.38,-0.11,-0.41,0.07,-0.11,-0.69
-0.0,-0.02,1.36,-0.04,-0.37,0.05,-0.04,-0.78
-0.0,-0.02,1.33,0.02,-0.34,0.02,-0.01,-0.85
-0.01,-0.02,1.3,0.08,-0.27,-0.0,-0.52,-1.01
-0.02,-0.03,1.27,0.11,-0.24,-0.02,-0.99,-1.33
-0.03,-0.03,1.23,0.14,-0.21,-0.01,-1.33,-1.29
-0.04,-0.03,1.2,0.17,-0.18,-0.0,-1.79,-1.6
-0.04,-0.04,1.18,0.2,-0.16,0.02,-2.02,-1.7
-0.04,-0.03,1.15,0.2,-0.12,0.05,-2.0,-1.67
-0.04,-0.04,1.12,0.19,-0.08,0.09,-2.2,-2.11
-0.05,-0.05,1.12,0.2,-0.06,0.14,-2.68,-2.73
-0.06,-0.07,1.12,0.22,-0.05,0.17,-3.25,-3.36
-0.07,-0.08,1.13,0.23,-0.02,0.2,-3.5,-4.26
-0.07,-0.11,1.15,0.25,-0.03,0.22,-3.49,-5.3
-0.07,-0.14,1.15,0.27,-0.01,0.23,-3.66,-6.8
-0.08,-0.16,1.16,0.3,-0.02,0.23,-3.87,-7.99
-0.09,-0.2,1.17,0.32,0.01,0.2,-4.16,-9.4
-0.1,-0.22,1.19,0.32,0.03,0.17,-4.49,-10.58
-0.11,-0.25,1.19,0.32,0.04,0.12,-5.01,-11.7
-0.11,-0.26,1.17,0.3,0.05,0.06,-5.47,-12.25
-0.12,-0.27,1.15,0.29,0.09,0.0,-5.94,-13.2
-0.13,-0.26,1.12,0.22,0.13,-0.05,-6.36,-13.15
-0.13,-0.25,1.09,0.2,0.14,-0.07,-6.53,-12.98
-0.13,-0.24,1.05,0.13,0.18,-0.07,-6.69,-12.94
-0.12,-0.23,1.03,0.09,0.17,-0.06,-6.6,-12.62
-0.13,-0.21,1.02,0.04,0.18,-0.03,-7.16,-11.74
-0.13,-0.21,1.01,-0.0,0.18,-0.0,-7.23,-11.8
-0.13,-0.18,1.03,-0.03,0.18,0.02,-6.88,-10.06
-0.13,-0.2,1.04,-0.04,0.17,0.04,-6.87,-10.81
-0.14,-0.19,1.04,-0.06,0.19,0.06,-7.32,-10.43
-0.14,-0.21,1.05,-0.06,0.17,0.09,-7.7,-10.97
-0.14,-0.2,1.05,-0.04,0.14,0.1,-7.6,-10.92
-0.15,-0.21,1.05,-0.05,0.16,0.09,-8.1,-10.95
-0.16,-0.21,1.05,-0.04,0.15,0.08,-8.22,-11.24
-0.17,-0.21,1.06,-0.07,0.16,0.06,-8.81,-11.25
-0.17,-0.21,1.05,-0.05,0.14,0.05,-9.18,-11.4
-0.17,-0.21,1.05,-0.06,0.14,0.04,-9.01,-10.96
-0.16,-0.19,1.04,-0.07,0.18,0.03,-8.77,-10.44
-0.15,-0.18,1.05,-0.06,0.18,0.03,-8.28,-9.8
-0.17,-0.18,1.03,-0.03,0.18,0.03,-9.14,-9.92
-0.16,-0.18,1.03,-0.01,0.18,0.03,-8.85,-9.98
-0.16,-0.18,1.02,0.0,0.19,0.03,-9.02,-10.02
-0.16,-0.19,1.02,0.03,0.17,0.05,-8.61,-10.22
-0.15,-0.19,1.03,0.06,0.17,0.06,-8.17,-10.26
-0.15,-0.2,1.03,0.1,0.14,0.06,-8.22,-10.96
-0.16,-0.21,1.02,0.11,0.16,0.06,-8.56,-11.45
-0.16,-0.23,1.02,0.12,0.15,0.07,-8.93,-12.49
-0.17,-0.24,1.01,0.13,0.12,0.06,-9.23,-12.95
-0.17,-0.25,1.01,0.13,0.13,0.04,-9.57,-13.76
-0.18,-0.26,1.0,0.11,0.15,0.03,-9.76,-14.5
-0.18,-0.28,0.99,0.07,0.16,0.04,-9.98,-15.38
-0.18,-0.28,0.99,0.05,0.14,0.03,-9.83,-15.31
-0.18,-0.27,0.99,0.02,0.15,0.02,-10.16,-15.06
-0.18,-0.27,0.98,-0.0,0.15,0.01,-9.88,-14.86
-0.18,-0.26,0.98,-0.04,0.17,0.01,-10.25,-14.59
-0.18,-0.25,0.98,-0.04,0.15,0.01,-10.14,-13.94
-0.18,-0.24,0.98,-0.03,0.12,0.01,-9.85,-13.62
-0.17,-0.23,0.99,-0.04,0.12,0.0,-9.68,-13.04
-0.18,-0.23,0.99,-0.04,0.09,0.0,-9.94,-13.02
-0.18,-0.22,1.0,-0.02,0.06,0.0,-9.75,-12.2
-0.18,-0.22,0.99,-0.01,0.02,0.0,-10.02,-12.08
-0.18,-0.2,1.0,-0.01,0.03,-0.02,-9.95,-11.42
-0.18,-0.21,1.01,0.0,0.01,-0.02,-10.15,-11.62
-0.19,-0.21,1.03,-0.02,0.0,-0.02,-10.01,-11.33
-0.18,-0.21,1.05,0.01,-0.02,-0.02,-9.52,-10.89
-0.17,-0.2,1.06,0.02,0.02,-0.03,-9.1,-10.4
-0.18,-0.2,1.05,0.02,0.05,-0.02,-9.62,-10.7
-0.18,-0.21,1.04,0.03,0.05,-0.02,-9.41,-11.03
-0.19,-0.22,1.01,0.02,0.04,-0.01,-10.19,-12.17
-0.19,-0.23,1.0,-0.0,0.06,-0.01,-10.59,-12.58
-0.19,-0.23,0.99,-0.02,0.07,-0.01,-10.5,-12.75
-0.19,-0.22,1.0,-0.06,0.06,0.0,-10.69,-12.32
-0.2,-0.22,1.01,-0.06,0.04,0.01,-10.8,-12.21
-0.19,-0.21,1.02,-0.08,0.05,-0.0,-10.57,-11.69
-0.18,-0.22,1.03,-0.1,0.07,-0.02,-9.8,-11.65
-0.17,-0.2,1.04,-0.11,0.06,-0.02,-9.28,-10.74
-0.17,-0.2,1.03,-0.1,0.05,-0.02,-9.17,-10.82
-0.17,-0.19,1.03,-0.1,0.07,-0.03,-9.11,-10.23
-0.17,-0.19,1.02,-0.11,0.09,-0.03,-9.29,-10.62
-0.17,-0.21,1.0,-0.12,0.09,-0.01,-9.49,-11.5
-0.16,-0.22,1.0,-0.12,0.07,0.0,-9.09,-12.25
-0.16,-0.24,1.01,-0.13,0.07,0.02,-8.81,-13.0
-0.17,-0.25,1.0,-0.15,0.07,0.02,-9.17,-13.71
-0.16,-0.25,1.0,-0.17,0.08,0.0,-8.99,-13.95
-0.17,-0.25,1.0,-0.19,0.05,-0.0,-9.38,-14.01
-0.17,-0.24,1.0,-0.22,0.04,-0.02,-9.2,-13.34
-0.17,-0.23,1.01,-0.24,0.04,-0.04,-9.35,-12.77
-0.17,-0.2,1.02,-0.26,0.01,-0.04,-9.01,-11.04
-0.16,-0.18,1.03,-0.25,0.0,-0.06,-8.69,-9.76
-0.15,-0.15,1.04,-0.23,-0.01,-0.06,-8.23,-8.33
-0.15,-0.13,1.05,-0.2,0.01,-0.06,-8.04,-6.77
-0.14,-0.11,1.04,-0.16,0.0,-0.04,-7.74,-5.85
-0.13,-0.1,1.04,-0.12,-0.0,-0.03,-6.88,-5.21
-0.13,-0.11,1.06,-0.05,-0.02,0.01,-6.86,-5.77
-0.13,-0.11,1.06,0.0,-0.04,0.01,-6.93,-6.09
-0.14,-0.12,1.07,0.04,-0.03,0.02,-7.27,-6.56
-0.14,-0.14,1.07,0.09,-0.04,0.03,-7.33,-7.45
-0.14,-0.16,1.06,0.12,-0.06,0.03,-7.64,-8.5
-0.14,-0.18,1.05,0.14,-0.05,0.0,-7.73,-9.44
-0.16,-0.2,1.03,0.12,-0.05,0.0,-8.53,-10.83
-0.15,-0.21,1.02,0.11,-0.07,0.0,-7.98,-11.64
-0.14,-0.22,1.02,0.07,-0.09,0.01,-7.82,-12.08
-0.14,-0.23,1.03,0.05,-0.07,0.01,-7.43,-12.51
-0.15,-0.23,1.04,0.02,-0.07,0.01,-7.75,-12.39
-0.14,-0.24,1.06,-0.03,-0.05,0.03,-7.48,-12.53
-0.14,-0.24,1.07,-0.06,-0.06,0.02,-7.42,-12.58
-0.14,-0.23,1.07,-0.09,-0.03,-0.01,-7.32,-12.18
-0.14,-0.22,1.07,-0.13,0.01,-0.02,-7.39,-11.57
-0.13,-0.21,1.07,-0.16,0.03,-0.01,-7.03,-10.88
-0.13,-0.19,1.06,-0.16,0.03,-0.02,-6.68,-10.21
-0.12,-0.18,1.05,-0.16,0.04,-0.02,-6.54,-9.74
-0.11,-0.17,1.04,-0.16,0.06,-0.01,-6.11,-9.24
-0.12,-0.16,1.05,-0.14,0.05,-0.01,-6.48,-8.87
-0.12,-0.17,1.05,-0.12,0.03,-0.02,-6.56,-9.05
-0.12,-0.16,1.05,-0.08,-0.0,-0.02,-6.37,-8.69
-0.12,-0.16,1.05,-0.06,-0.01,-0.04,-6.28,-8.49
-0.12,-0.16,1.04,-0.04,-0.03,-0.05,-6.53,-8.63
-0.12,-0.15,1.04,-0.01,-0.04,-0.06,-6.38,-7.89
-0.11,-0.14,1.03,0.02,-0.07,-0.05,-6.24,-7.56
-0.11,-0.13,1.02,0.03,-0.06,-0.06,-6.21,-7.17
-0.11,-0.13,1.03,0.04,-0.07,-0.04,-5.8,-7.02
-0.12,-0.13,1.02,0.05,-0.08,-0.02,-6.37,-7.29
-0.12,-0.13,1.03,0.07,-0.09,-0.0,-6.65,-7.11
-0.11,-0.13,1.02,0.08,-0.09,0.03,-6.18,-7.36
-0.11,-0.14,1.04,0.07,-0.06,0.03,-6.0,-7.68
-0.11,-0.15,1.04,0.09,-0.06,0.04,-6.0,-8.06
-0.11,-0.16,1.05,0.1,-0.07,0.06,-5.95,-8.51
-0.1,-0.16,1.06,0.11,-0.06,0.05,-5.28,-8.46
-0.11,-0.17,1.06,0.1,-0.06,0.04,-5.67,-8.92
-0.1,-0.17,1.07,0.11,-0.06,0.03,-5.46,-8.8
-0.09,-0.18,1.07,0.12,-0.06,0.01,-4.98,-9.47
-0.1,-0.2,1.07,0.12,-0.05,-0.0,-5.05,-10.31
-0.1,-0.21,1.08,0.11,-0.04,-0.0,-4.95,-11.25
-0.09,-0.23,1.07,0.09,-0.02,-0.02,-4.85,-12.18
-0.1,-0.24,1.07,0.07,-0.03,-0.01,-5.06,-12.62
-0.11,-0.25,1.06,0.04,0.01,-0.04,-5.75,-13.12
-0.12,-0.25,1.06,-0.01,0.03,-0.05,-6.1,-13.28
-0.12,-0.24,1.04,-0.07,0.04,-0.06,-6.37,-13.02
-0.12,-0.22,1.04,-0.11,0.04,-0.06,-6.36,-11.96
-0.11,-0.21,1.03,-0.16,0.07,-0.06,-6.15,-11.38
-0.12,-0.19,1.03,-0.18,0.09,-0.05,-6.33,-10.26
-0.12,-0.16,1.04,-0.19,0.07,-0.03,-6.25,-8.83
-0.12,-0.15,1.04,-0.17,0.07,-0.03,-6.27,-8.24
-0.11,-0.13,1.05,-0.16,0.06,-0.03,-6.17,-6.89
-0.12,-0.11,1.05,-0.13,0.06,-0.05,-6.31,-6.15
-0.12,-0.1,1.05,-0.09,0.03,-0.04,-6.27,-5.39
-0.12,-0.1,1.05,-0.02,0.01,-0.03,-6.49,-5.41
-0.12,-0.1,1.05,0.03,-0.0,-0.03,-6.44,-5.4
-0.13,-0.11,1.05,0.07,-0.0,-0.02,-6.91,-5.67
-0.13,-0.12,1.05,0.11,-0.02,-0.01,-7.09,-6.64
-0.14,-0.13,1.04,0.12,-0.03,-0.01,-7.54,-6.89
-0.14,-0.14,1.04,0.15,-0.04,-0.02,-7.83,-7.46
-0.14,-0.14,1.04,0.15,-0.03,-0.01,-7.83,-7.47
-0.14,-0.15,1.04,0.15,-0.02,-0.01,-7.66,-8.12
-0.14,-0.17,1.05,0.15,-0.01,0.01,-7.42,-9.22
-0.14,-0.19,1.04,0.14,-0.01,0.03,-7.67,-10.22
-0.15,-0.21,1.04,0.1,0.02,0.03,-8.03,-11.25
-0.15,-0.22,1.03,0.08,0.02,0.03,-8.1,-11.66
-0.15,-0.22,1.04,0.04,0.02,0.02,-8.11,-11.67
-0.14,-0.21,1.04,0.01,0.02,0.0,-7.6,-11.18
-0.14,-0.2,1.04,-0.02,0.03,-0.01,-7.57,-10.72
-0.13,-0.2,1.04,-0.07,0.04,-0.0,-6.99,-10.81
-0.13,-0.18,1.06,-0.08,0.02,0.01,-6.84,-9.75
-0.13,-0.19,1.08,-0.09,0.05,0.0,-6.68,-9.78
-0.13,-0.19,1.09,-0.1,0.08,0.0,-6.95,-9.68
-0.14,-0.17,1.08,-0.11,0.1,-0.0,-7.33,-9.01
-0.15,-0.19,1.09,-0.1,0.12,-0.01,-7.71,-9.6
-0.16,-0.19,1.08,-0.12,0.14,-0.02,-8.42,-9.89
-0.17,-0.19,1.07,-0.14,0.18,-0.04,-8.66,-10.06
-0.17,-0.2,1.05,-0.17,0.21,-0.02,-8.84,-10.42
-0.18,-0.18,1.02,-0.17,0.23,-0.01,-9.58,-9.96
-0.16,-0.16,1.01,-0.18,0.23,0.01,-8.82,-9.11
-0.16,-0.16,1.0,-0.19,0.24,0.02,-8.81,-9.12
-0.15,-0.15,1.01,-0.18,0.21,0.06,-8.43,-8.32
-0.15,-0.14,1.0,-0.17,0.2,0.05,-8.16,-7.98
-0.15,-0.14,1.01,-0.14,0.15,0.06,-8.32,-7.66
-0.14,-0.15,1.02,-0.12,0.14,0.04,-7.93,-8.22
-0.14,-0.14,1.03,-0.09,0.13,0.03,-7.52,-7.77
-0.13,-0.14,1.03,-0.05,0.09,0.03,-7.29,-7.86
-0.13,-0.15,1.03,-0.03,0.06,0.02,-7.2,-8.03
-0.12,-0.14,1.02,0.0,0.06,0.01,-6.65,-7.64
-0.12,-0.15,1.01,0.03,0.05,-0.0,-6.63,-8.43
-0.12,-0.16,1.01,0.06,0.02,0.0,-6.53,-8.68
-0.12,-0.16,1.0,0.06,0.0,0.01,-6.52,-8.9
-0.11,-0.17,1.0,0.06,-0.03,0.01,-6.42,-9.27
-0.11,-0.16,1.01,0.06,-0.03,0.0,-6.01,-9.02
-0.1,-0.16,1.02,0.09,-0.06,0.01,-5.73,-8.99
-0.1,-0.16,1.03,0.08,-0.08,0.01,-5.7,-9.03
-0.11,-0.17,1.04,0.08,-0.08,-0.02,-5.69,-9.14
-0.11,-0.17,1.04,0.07,-0.07,-0.02,-5.96,-9.37
-0.11,-0.18,1.04,0.05,-0.08,-0.02,-5.71,-9.48
-0.11,-0.18,1.04,0.04,-0.07,-0.02,-5.69,-9.81
-0.09,-0.18,1.05,0.02,-0.05,-0.0,-5.07,-9.49
-0.09,-0.17,1.05,0.0,-0.03,0.01,-4.62,-9.22
-0.09,-0.17,1.05,-0.03,-0.01,0.03,-4.57,-9.11
-0.09,-0.18,1.05,-0.05,0.0,0.03,-4.76,-9.41
-0.08,-0.17,1.07,-0.06,0.0,0.04,-4.37,-9.17
-0.09,-0.17,1.08,-0.09,0.02,0.04,-4.48,-8.71
-0.08,-0.16,1.09,-0.09,0.02,0.03,-4.35,-8.33
-0.09,-0.16,1.09,-0.1,0.02,0.03,-4.56,-8.22
-0.09,-0.15,1.09,-0.1,0.03,0.01,-4.55,-7.91
-0.08,-0.14,1.09,-0.11,0.05,-0.0,-4.41,-7.34
-0.08,-0.12,1.09,-0.08,0.04,-0.0,-4.08,-6.31
-0.08,-0.11,1.09,-0.06,0.04,-0.01,-4.38,-5.89
-0.09,-0.11,1.09,-0.03,0.02,-0.01,-4.49,-5.71
-0.08,-0.1,1.08,-0.02,0.03,-0.02,-4.27,-5.37
-0.08,-0.1,1.08,-0.01,0.03,-0.01,-4.21,-5.28
-0.08,-0.11,1.08,0.01,0.02,-0.0,-4.2,-5.62
-0.07,-0.11,1.08,0.04,0.02,0.01,-3.7,-5.85
-0.08,-0.12,1.08,0.02,0.07,0.0,-4.06,-6.47
-0.08,-0.13,1.08,0.03,0.06,0.03,-4.05,-6.87
-0.08,-0.14,1.08,0.03,0.07,0.03,-4.44,-7.18
-0.08,-0.14,1.07,0.02,0.07,0.04,-4.37,-7.6
-0.08,-0.14,1.07,-0.0,0.08,0.04,-4.19,-7.34
-0.08,-0.14,1.07,-0.02,0.11,0.03,-4.03,-7.63
-0.08,-0.15,1.08,-0.02,0.09,0.04,-4.07,-7.65
-0.08,-0.14,1.09,-0.02,0.09,0.04,-3.99,-7.11
-0.07,-0.14,1.09,-0.04,0.11,0.02,-3.69,-7.12
-0.07,-0.13,1.1,-0.05,0.12,0.02,-3.36,-6.73
-0.05,-0.13,1.11,-0.05,0.11,0.02,-2.59,-6.57
-0.05,-0.14,1.13,-0.03,0.1,0.0,-2.53,-7.02
-0.06,-0.14,1.13,-0.02,0.13,-0.01,-2.81,-7.01
-0.05,-0.15,1.14,-0.03,0.13,-0.02,-2.68,-7.31
-0.05,-0.15,1.14,-0.03,0.15,-0.03,-2.71,-7.56
-0.06,-0.15,1.14,-0.03,0.15,-0.03,-3.18,-7.55
-0.06,-0.16,1.13,-0.06,0.18,-0.04,-2.85,-7.83
-0.05,-0.14,1.14,-0.08,0.19,-0.06,-2.73,-7.21
-0.06,-0.15,1.14,-0.1,0.2,-0.06,-3.23,-7.29
-0.06,-0.13,1.15,-0.11,0.22,-0.07,-3.13,-6.62
-0.06,-0.12,1.15,-0.13,0.25,-0.07,-2.88,-5.95
-0.07,-0.11,1.15,-0.16,0.29,-0.06,-3.26,-5.54
-0.07,-0.11,1.14,-0.17,0.33,-0.06,-3.33,-5.27
-0.06,-0.1,1.14,-0.18,0.35,-0.03,-3.17,-4.78
-0.06,-0.1,1.13,-0.19,0.39,-0.02,-3.23,-4.89
-0.06,-0.1,1.13,-0.19,0.43,-0.01,-2.94,-4.87
-0.07,-0.1,1.13,-0.21,0.45,0.01,-3.56,-5.27
-0.07,-0.11,1.14,-0.21,0.46,0.02,-3.39,-5.5
-0.07,-0.11,1.15,-0.23,0.51,0.01,-3.4,-5.44
-0.07,-0.12,1.16,-0.24,0.54,0.01,-3.53,-5.81
-0.07,-0.13,1.16,-0.25,0.55,0.01,-3.59,-6.15
-0.08,-0.13,1.16,-0.24,0.56,-0.0,-4.08,-6.23
-0.09,-0.13,1.17,-0.25,0.6,-0.03,-4.14,-6.28
-0.08,-0.13,1.16,-0.27,0.63,-0.04,-3.69,-6.14
-0.08,-0.12,1.15,-0.27,0.64,-0.05,-3.97,-5.84
-0.08,-0.12,1.14,-0.27,0.65,-0.05,-3.86,-5.97
-0.08,-0.11,1.14,-0.27,0.66,-0.05,-3.8,-5.55
-0.08,-0.11,1.13,-0.29,0.69,-0.04,-4.24,-5.7
-0.09,-0.11,1.13,-0.3,0.68,-0.02,-4.59,-5.46
-0.09,-0.1,1.13,-0.31,0.69,-0.01,-4.44,-5.21
-0.08,-0.1,1.13,-0.3,0.72,0.0,-4.23,-5.13
-0.08,-0.1,1.13,-0.31,0.73,0.02,-3.81,-4.81
-0.06,-0.09,1.13,-0.31,0.74,0.05,-3.03,-4.76
-0.06,-0.1,1.12,-0.29,0.75,0.07,-3.24,-4.96
-0.07,-0.11,1.12,-0.27,0.76,0.08,-3.61,-5.39
-0.07,-0.12,1.12,-0.27,0.79,0.09,-3.67,-5.92
-0.07,-0.13,1.13,-0.26,0.78,0.1,-3.31,-6.64
-0.06,-0.14,1.14,-0.23,0.79,0.08,-3.18,-7.06
-0.06,-0.16,1.15,-0.21,0.8,0.06,-3.15,-7.68
-0.06,-0.16,1.17,-0.22,0.84,0.02,-2.85,-7.93
-0.07,-0.17,1.17,-0.19,0.85,-0.01,-3.25,-8.5
-0.07,-0.18,1.17,-0.18,0.86,-0.04,-3.4,-8.67
-0.08,-0.18,1.16,-0.18,0.89,-0.07,-3.73,-8.99
-0.08,-0.18,1.15,-0.2,0.91,-0.09,-3.73,-8.88
-0.07,-0.17,1.13,-0.22,0.93,-0.1,-3.37,-8.55
-0.06,-0.17,1.14,-0.24,0.97,-0.11,-3.09,-8.51
-0.07,-0.17,1.14,-0.25,0.99,-0.12,-3.43,-8.42
-0.07,-0.18,1.13,-0.28,1.03,-0.12,-3.26,-8.91
-0.07,-0.17,1.12,-0.32,1.06,-0.1,-3.44,-8.79
-0.07,-0.18,1.12,-0.34,1.09,-0.09,-3.63,-8.92
-0.07,-0.17,1.11,-0.36,1.1,-0.08,-3.45,-8.84
-0.07,-0.18,1.12,-0.39,1.14,-0.08,-3.38,-8.9
-0.07,-0.17,1.11,-0.41,1.15,-0.07,-3.8,-8.74
-0.08,-0.17,1.11,-0.45,1.17,-0.07,-4.32,-8.89
-0.09,-0.17,1.12,-0.48,1.19,-0.08,-4.3,-8.73
-0.08,-0.17,1.14,-0.49,1.19,-0.08,-3.98,-8.51
-0.08,-0.16,1.15,-0.51,1.23,-0.08,-4.17,-7.99
-0.09,-0.15,1.15,-0.53,1.25,-0.07,-4.19,-7.6
-0.09,-0.15,1.16,-0.53,1.28,-0.06,-4.24,-7.38
-0.09,-0.14,1.17,-0.54,1.33,-0.07,-4.23,-6.99
-0.08,-0.13,1.18,-0.54,1.37,-0.06,-3.96,-6.38
-0.08,-0.13,1.2,-0.54,1.41,-0.04,-3.95,-6.16
-0.09,-0.13,1.19,-0.49,1.43,-0.05,-4.29,-6.25
-0.09,-0.13,1.2,-0.47,1.48,-0.05,-4.19,-6.17
-0.1,-0.13,1.2,-0.44,1.5,-0.05,-4.65,-5.94
-0.1,-0.12,1.19,-0.4,1.53,-0.05,-4.61,-5.84
-0.1,-0.12,1.18,-0.35,1.54,-0.06,-4.7,-5.65
-0.1,-0.12,1.16,-0.32,1.55,-0.07,-4.72,-5.82
-0.1,-0.12,1.14,-0.29,1.55,-0.07,-5.02,-5.79
-0.1,-0.11,1.13,-0.28,1.54,-0.06,-5.18,-5.38
-0.11,-0.1,1.11,-0.24,1.51,-0.04,-5.42,-4.96
-0.11,-0.1,1.11,-0.21,1.5,-0.03,-5.53,-5.22
-0.11,-0.1,1.1,-0.2,1.51,-0.01,-5.78,-5.17
-0.12,-0.1,1.1,-0.18,1.49,-0.0,-6.04,-5.19
-0.13,-0.11,1.1,-0.16,1.49,0.01,-6.48,-5.41
-0.13,-0.11,1.12,-0.14,1.48,0.02,-6.57,-5.58
-0.13,-0.12,1.13,-0.15,1.51,0.02,-6.72,-5.86
-0.14,-0.13,1.14,-0.12,1.51,0.03,-7.12,-6.24
-0.14,-0.13,1.12,-0.1,1.53,0.04,-7.28,-6.62
-0.15,-0.14,1.11,-0.11,1.56,0.07,-7.48,-7.4
-0.15,-0.15,1.07,-0.16,1.63,0.07,-7.66,-7.81
-0.14,-0.15,1.05,-0.19,1.65,0.11,-7.73,-8.04
-0.14,-0.14,1.03,-0.24,1.67,0.15,-7.44,-7.88
-0.13,-0.15,1.04,-0.28,1.67,0.19,-7.17,-8.11
-0.13,-0.15,1.05,-0.32,1.68,0.22,-7.23,-7.89
-0.13,-0.15,1.07,-0.33,1.68,0.24,-6.91,-8.02
-0.14,-0.15,1.08,-0.32,1.66,0.25,-7.08,-7.73
-0.14,-0.15,1.09,-0.3,1.63,0.25,-7.35,-7.89
-0.15,-0.15,1.1,-0.28,1.63,0.23,-7.53,-7.85
-0.15,-0.15,1.1,-0.24,1.6,0.22,-7.7,-7.52
-0.15,-0.15,1.09,-0.19,1.57,0.19,-7.74,-7.64
-0.15,-0.15,1.08,-0.16,1.52,0.17,-7.73,-7.63
-0.15,-0.15,1.05,-0.12,1.51,0.16,-8.0,-7.82
-0.14,-0.15,1.03,-0.13,1.47,0.18,-7.7,-8.24
-0.14,-0.15,1.05,-0.1,1.44,0.17,-7.78,-8.08
-0.16,-0.16,1.04,-0.08,1.4,0.18,-8.46,-8.66
-0.17,-0.17,1.05,-0.08,1.41,0.17,-9.07,-9.26
-0.17,-0.17,1.06,-0.07,1.38,0.16,-9.11,-8.97
-0.17,-0.17,1.06,-0.07,1.37,0.14,-9.03,-8.78
-0.19,-0.17,1.07,-0.05,1.36,0.13,-9.73,-8.75
-0.17,-0.16,1.06,-0.04,1.38,0.11,-9.23,-8.52
-0.17,-0.15,1.06,-0.04,1.4,0.11,-9.21,-8.02
-0.16,-0.14,1.06,-0.03,1.4,0.13,-8.77,-7.47
-0.17,-0.14,1.06,-0.01,1.41,0.14,-8.83,-7.19
-0.15,-0.14,1.07,0.0,1.4,0.18,-8.0,-7.33
-0.16,-0.14,1.06,0.01,1.43,0.19,-8.37,-7.27
-0.17,-0.14,1.07,0.02,1.42,0.21,-8.83,-7.17
-0.16,-0.14,1.06,0.06,1.42,0.23,-8.69,-7.29
-0.16,-0.14,1.05,0.07,1.43,0.24,-8.74,-7.41
-0.16,-0.14,1.03,0.08,1.43,0.25,-8.96,-7.45
-0.17,-0.14,1.02,0.1,1.41,0.28,-9.42,-7.8
-0.18,-0.14,1.01,0.12,1.38,0.29,-9.76,-7.85
-0.17,-0.14,1.0,0.13,1.37,0.29,-9.68,-8.04
-0.17,-0.15,0.99,0.14,1.34,0.3,-9.44,-8.23
-0.17,-0.15,0.99,0.14,1.32,0.29,-9.48,-8.46
-0.17,-0.16,0.99,0.15,1.27,0.3,-9.81,-8.9
-0.18,-0.17,1.0,0.17,1.24,0.29,-9.93,-9.39
-0.18,-0.17,1.0,0.17,1.25,0.28,-10.2,-9.63
-0.18,-0.18,1.02,0.17,1.22,0.29,-9.82,-9.9
-0.18,-0.19,1.03,0.21,1.21,0.29,-9.96,-10.35
-0.19,-0.2,1.03,0.23,1.22,0.27,-10.01,-10.65
-0.19,-0.2,1.03,0.26,1.23,0.26,-10.17,-10.88
-0.19,-0.2,1.02,0.26,1.23,0.25,-10.07,-10.93
-0.19,-0.2,1.0,0.27,1.24,0.25,-10.41,-11.19
-0.18,-0.2,0.97,0.25,1.23,0.25,-10.13,-11.41
-0.17,-0.2,0.95,0.22,1.26,0.25,-9.7,-11.89
-0.16,-0.21,0.95,0.17,1.25,0.28,-9.52,-12.39
-0.17,-0.2,0.95,0.12,1.27,0.3,-9.86,-11.89
-0.17,-0.21,0.95,0.1,1.27,0.32,-10.0,-12.32
-0.17,-0.21,0.95,0.04,1.3,0.34,-10.05,-12.46
-0.17,-0.21,0.95,-0.0,1.31,0.36,-9.71,-12.58
-0.17,-0.21,0.96,-0.03,1.31,0.38,-9.73,-12.43
-0.17,-0.22,0.98,-0.03,1.3,0.38,-9.73,-12.57
-0.17,-0.22,0.99,-0.03,1.3,0.38,-9.73,-12.28
-0.17,-0.21,1.0,-0.0,1.3,0.35,-9.57,-11.94
-0.17,-0.21,1.0,0.02,1.3,0.34,-9.3,-11.99
-0.16,-0.2,0.99,0.05,1.27,0.32,-9.14,-11.24
-0.16,-0.21,0.98,0.09,1.26,0.32,-8.89,-11.76
-0.16,-0.21,0.96,0.09,1.26,0.31,-9.02,-12.01
-0.15,-0.23,0.95,0.11,1.22,0.31,-8.94,-13.35
-0.15,-0.24,0.95,0.12,1.2,0.31,-8.56,-13.88
-0.15,-0.25,0.94,0.11,1.2,0.28,-9.06,-14.77
-0.15,-0.25,0.93,0.07,1.2,0.26,-9.04,-14.56
-0.15,-0.25,0.93,0.05,1.18,0.23,-9.04,-14.92
-0.15,-0.26,0.94,0.02,1.16,0.23,-8.54,-15.19
-0.14,-0.24,0.93,-0.01,1.15,0.2,-8.34,-14.45
-0.14,-0.24,0.94,-0.06,1.17,0.2,-8.17,-14.08
-0.14,-0.22,0.95,-0.1,1.15,0.23,-8.22,-13.11
-0.13,-0.21,0.96,-0.12,1.13,0.25,-7.73,-12.26
-0.15,-0.2,0.98,-0.15,1.14,0.25,-8.39,-11.26
-0.15,-0.2,1.02,-0.16,1.15,0.27,-8.14,-10.84
-0.16,-0.21,1.04,-0.14,1.14,0.26,-8.53,-11.09
-0.16,-0.2,1.06,-0.11,1.11,0.27,-8.53,-10.68
-0.17,-0.19,1.07,-0.07,1.11,0.25,-8.73,-10.0
-0.17,-0.19,1.08,-0.04,1.11,0.25,-8.93,-9.64
-0.17,-0.17,1.08,0.0,1.13,0.25,-8.72,-8.68
-0.16,-0.16,1.08,0.06,1.12,0.27,-8.51,-8.37
-0.16,-0.16,1.08,0.11,1.13,0.27,-8.39,-8.27
-0.16,-0.16,1.08,0.18,1.13,0.27,-8.3,-8.47
-0.17,-0.17,1.08,0.23,1.13,0.28,-8.83,-8.63
-0.16,-0.16,1.08,0.3,1.12,0.29,-8.48,-8.56
-0.16,-0.16,1.06,0.35,1.12,0.31,-8.28,-8.56
-0.14,-0.17,1.04,0.39,1.15,0.3,-7.77,-9.32
-0.14,-0.19,1.01,0.41,1.14,0.31,-7.98,-10.31
-0.14,-0.2,0.99,0.42,1.13,0.3,-7.84,-11.53
-0.13,-0.21,0.96,0.41,1.11,0.3,-7.72,-12.39
-0.13,-0.23,0.95,0.38,1.13,0.3,-7.44,-13.29
-0.12,-0.23,0.95,0.33,1.14,0.3,-7.26,-13.3
-0.12,-0.23,0.93,0.28,1.13,0.31,-6.88,-13.5
-0.12,-0.22,0.94,0.23,1.12,0.32,-6.87,-13.31
-0.12,-0.22,0.96,0.18,1.15,0.31,-6.97,-12.85
-0.13,-0.22,0.98,0.15,1.14,0.31,-7.37,-12.54
-0.13,-0.22,0.99,0.14,1.13,0.31,-7.54,-12.14
-0.14,-0.2,1.01,0.12,1.14,0.29,-7.81,-11.28
-0.14,-0.2,1.02,0.13,1.12,0.3,-7.58,-11.16
-0.14,-0.2,1.01,0.13,1.15,0.29,-7.63,-11.09
-0.13,-0.19,1.01,0.12,1.15,0.31,-7.01,-10.8
-0.12,-0.2,1.01,0.12,1.15,0.33,-6.55,-11.04
-0.12,-0.2,1.0,0.11,1.17,0.32,-6.75,-11.19
-0.13,-0.2,1.01,0.08,1.19,0.33,-7.08,-11.38
-0.12,-0.2,1.01,0.07,1.18,0.34,-6.85,-11.41
-0.12,-0.2,1.0,0.06,1.17,0.34,-6.62,-11.52
-0.12,-0.2,1.0,0.05,1.19,0.34,-6.71,-11.46
-0.12,-0.21,1.01,0.03,1.2,0.34,-6.63,-11.63
-0.12,-0.21,1.02,0.03,1.19,0.33,-6.83,-11.37
-0.14,-0.22,1.03,0.01,1.18,0.35,-7.65,-11.76
-0.15,-0.22,1.03,0.03,1.21,0.32,-8.17,-12.09
-0.16,-0.22,1.03,0.03,1.24,0.3,-8.49,-11.99
-0.15,-0.21,1.04,0.03,1.25,0.29,-7.93,-11.33
-0.14,-0.19,1.04,0.06,1.26,0.28,-7.79,-10.46
-0.12,-0.18,1.02,0.09,1.26,0.31,-6.86,-10.04
-0.1,-0.17,1.0,0.08,1.28,0.31,-5.89,-9.71
-0.09,-0.17,0.98,0.07,1.26,0.34,-5.24,-9.84
-0.1,-0.18,0.98,0.04,1.25,0.35,-5.69,-10.25
-0.12,-0.19,0.98,0.03,1.25,0.36,-6.61,-10.72
-0.11,-0.19,0.98,0.04,1.27,0.34,-6.51,-11.04
-0.11,-0.19,0.98,0.01,1.29,0.36,-6.13,-10.71
-0.1,-0.19,0.98,0.01,1.27,0.36,-5.72,-10.98
-0.11,-0.19,0.97,0.01,1.24,0.37,-6.37,-10.85
-0.12,-0.19,0.97,-0.02,1.27,0.35,-6.74,-10.89
-0.12,-0.19,0.98,-0.03,1.27,0.35,-6.67,-10.89
-0.12,-0.16,0.98,-0.01,1.27,0.36,-6.89,-9.27
-0.1,-0.15,0.98,0.01,1.26,0.36,-5.86,-8.45
-0.1,-0.14,0.97,0.02,1.26,0.37,-5.57,-8.4
-0.1,-0.14,0.96,0.04,1.24,0.4,-5.67,-8.23
-0.11,-0.13,0.95,0.05,1.22,0.4,-6.23,-7.74
-0.11,-0.15,0.96,0.08,1.18,0.41,-6.66,-8.66
-0.12,-0.17,0.96,0.1,1.18,0.39,-7.16,-9.78
-0.13,-0.17,0.96,0.12,1.17,0.37,-7.31,-10.15
-0.13,-0.17,0.95,0.15,1.15,0.36,-7.57,-10.31
-0.13,-0.18,0.94,0.17,1.12,0.34,-7.72,-10.51
-0.13,-0.17,0.95,0.2,1.12,0.32,-7.43,-10.05
-0.12,-0.17,0.95,0.21,1.11,0.31,-7.11,-10.23
-0.12,-0.17,0.95,0.23,1.09,0.31,-7.26,-10.08
-0.13,-0.17,0.95,0.24,1.09,0.3,-7.49,-9.86
-0.12,-0.16,0.95,0.25,1.09,0.3,-7.13,-9.63
-0.11,-0.15,0.95,0.24,1.08,0.3,-6.73,-9.06
-0.11,-0.14,0.96,0.25,1.07,0.31,-6.5,-8.41
-0.11,-0.14,0.96,0.26,1.05,0.33,-6.53,-8.52
-0.12,-0.15,0.96,0.27,1.04,0.35,-6.84,-8.81
-0.12,-0.15,0.97,0.27,1.05,0.35,-7.02,-9.02
-0.12,-0.16,0.96,0.29,1.02,0.37,-7.29,-9.59
-0.13,-0.16,0.95,0.33,1.01,0.37,-7.72,-9.71
-0.13,-0.18,0.95,0.34,1.01,0.37,-7.87,-10.56
-0.13,-0.19,0.95,0.34,1.01,0.36,-7.69,-11.24
-0.12,-0.19,0.93,0.31,1.04,0.35,-7.42,-11.29
-0.12,-0.18,0.92,0.3,1.04,0.34,-7.14,-11.19
-0.11,-0.18,0.91,0.29,1.08,0.34,-6.61,-10.78
-0.08,-0.17,0.9,0.25,1.13,0.37,-5.22,-10.81
-0.07,-0.17,0.9,0.22,1.13,0.4,-4.62,-10.64
-0.07,-0.18,0.89,0.18,1.12,0.43,-4.3,-11.17
-0.07,-0.18,0.88,0.16,1.13,0.42,-4.59,-11.47
-0.08,-0.19,0.89,0.12,1.15,0.42,-5.21,-11.76
-0.08,-0.19,0.89,0.11,1.15,0.42,-5.17,-12.32
-0.07,-0.19,0.89,0.1,1.13,0.39,-4.49,-12.25
-0.07,-0.19,0.89,0.1,1.1,0.38,-4.69,-12.22
-0.08,-0.2,0.89,0.09,1.12,0.34,-5.26,-12.52
-0.09,-0.2,0.89,0.09,1.09,0.33,-5.5,-12.47
-0.09,-0.19,0.9,0.11,1.07,0.29,-5.4,-12.12
-0.08,-0.19,0.9,0.13,1.03,0.26,-5.17,-11.97
-0.08,-0.18,0.89,0.11,1.05,0.24,-4.86,-11.16
-0.07,-0.17,0.89,0.11,1.04,0.24,-4.46,-10.56
-0.07,-0.16,0.9,0.1,1.02,0.25,-4.53,-9.94
-0.07,-0.16,0.91,0.1,1.03,0.26,-4.29,-10.07
-0.07,-0.17,0.91,0.11,0.99,0.28,-4.35,-10.38
-0.08,-0.18,0.91,0.09,1.0,0.28,-5.14,-11.25
-0.09,-0.18,0.9,0.09,1.02,0.27,-5.75,-11.18
-0.09,-0.19,0.9,0.09,1.02,0.27,-5.75,-11.68
-0.08,-0.18,0.91,0.08,1.04,0.26,-5.1,-10.79
-0.08,-0.19,0.91,0.08,1.04,0.27,-5.14,-11.57
-0.08,-0.18,0.92,0.08,1.02,0.27,-4.69,-10.96
-0.09,-0.17,0.92,0.08,1.0,0.28,-5.37,-10.42
-0.09,-0.17,0.92,0.06,1.02,0.25,-5.48,-10.59
-0.1,-0.17,0.93,0.04,1.03,0.24,-5.82,-10.5
-0.09,-0.16,0.94,0.04,1.03,0.25,-5.33,-9.55
-0.08,-0.15,0.95,0.04,1.01,0.26,-4.93,-9.13
-0.08,-0.14,0.94,0.02,1.02,0.27,-4.56,-8.33
-0.09,-0.14,0.94,0.02,1.03,0.29,-5.38,-8.55
-0.1,-0.13,0.94,0.05,1.02,0.31,-5.83,-8.08
-0.08,-0.14,0.94,0.07,1.01,0.34,-5.02,-8.53
-0.06,-0.14,0.93,0.07,1.02,0.33,-3.65,-8.45
-0.06,-0.15,0.91,0.06,1.02,0.35,-3.84,-9.37
-0.06,-0.16,0.9,0.09,1.01,0.34,-3.95,-9.78
-0.06,-0.16,0.89,0.1,1.0,0.33,-3.66,-10.01
-0.05,-0.16,0.89,0.11,0.98,0.31,-3.39,-10.27
-0.05,-0.17,0.88,0.13,0.96,0.27,-3.14,-10.89
-0.05,-0.16,0.87,0.13,0.93,0.25,-3.29,-10.29
-0.04,-0.15,0.86,0.12,0.9,0.24,-2.92,-10.0
-0.05,-0.15,0.89,0.12,0.91,0.21,-3.03,-9.75
-0.05,-0.15,0.9,0.12,0.88,0.2,-3.34,-9.31
-0.05,-0.14,0.91,0.11,0.88,0.2,-3.42,-8.57
-0.06,-0.13,0.91,0.11,0.85,0.21,-3.77,-8.36
-0.07,-0.14,0.93,0.12,0.86,0.21,-4.27,-8.33
-0.08,-0.14,0.93,0.11,0.87,0.24,-4.96,-8.26
-0.08,-0.14,0.93,0.12,0.87,0.25,-4.63,-8.44
-0.06,-0.15,0.93,0.11,0.86,0.27,-3.71,-9.02
-0.06,-0.16,0.92,0.09,0.89,0.28,-3.66,-9.75
-0.06,-0.16,0.91,0.06,0.9,0.28,-3.8,-10.18
-0.06,-0.17,0.91,0.03,0.92,0.29,-3.72,-10.27
-0.05,-0.16,0.91,0.04,0.93,0.3,-2.99,-10.09
-0.04,-0.16,0.92,0.03,0.93,0.31,-2.27,-9.69
-0.04,-0.15,0.92,0.02,0.95,0.31,-2.24,-9.03
-0.04,-0.14,0.91,0.03,0.93,0.33,-2.38,-8.83
-0.04,-0.14,0.91,0.03,0.92,0.32,-2.37,-8.87
-0.04,-0.14,0.91,0.06,0.91,0.32,-2.22,-8.97
-0.03,-0.14,0.9,0.08,0.89,0.3,-1.63,-8.62
-0.02,-0.14,0.91,0.08,0.85,0.29,-1.44,-8.55
-0.02,-0.12,0.9,0.11,0.8,0.27,-1.57,-7.86
-0.03,-0.13,0.91,0.12,0.77,0.26,-2.14,-8.4
-0.04,-0.14,0.91,0.13,0.77,0.25,-2.49,-8.47
-0.05,-0.13,0.92,0.15,0.75,0.25,-2.92,-7.92
-0.05,-0.13,0.93,0.16,0.74,0.24,-3.13,-8.07
-0.05,-0.15,0.92,0.2,0.72,0.23,-2.89,-9.2
-0.04,-0.15,0.92,0.2,0.71,0.24,-2.51,-9.43
-0.04,-0.16,0.9,0.22,0.7,0.22,-2.73,-10.29
-0.05,-0.17,0.89,0.2,0.72,0.2,-3.17,-11.11
-0.05,-0.17,0.89,0.18,0.73,0.19,-3.36,-10.98
-0.03,-0.16,0.88,0.15,0.76,0.16,-2.18,-10.19
-0.02,-0.15,0.88,0.09,0.78,0.18,-1.47,-9.97
-0.01,-0.15,0.88,0.05,0.79,0.18,-0.64,-9.61
-0.01,-0.14,0.89,-0.01,0.79,0.2,-0.87,-8.95
-0.03,-0.13,0.9,-0.05,0.82,0.2,-1.61,-8.23
-0.02,-0.12,0.92,-0.1,0.84,0.23,-1.45,-7.74
-0.02,-0.13,0.94,-0.13,0.8,0.25,-1.1,-7.75
-0.04,-0.12,0.93,-0.16,0.82,0.25,-2.53,-7.46
-0.07,-0.12,0.95,-0.15,0.8,0.26,-4.17,-7.5
-0.09,-0.12,0.97,-0.14,0.8,0.26,-5.27,-6.93
-0.1,-0.13,0.98,-0.1,0.79,0.26,-5.66,-7.38
-0.1,-0.11,0.98,-0.05,0.77,0.27,-5.62,-6.28
-0.09,-0.1,0.98,0.01,0.77,0.27,-4.97,-5.86
-0.08,-0.11,0.97,0.03,0.78,0.3,-4.81,-6.33
-0.07,-0.11,0.95,0.09,0.75,0.3,-4.13,-6.72
-0.06,-0.11,0.94,0.15,0.73,0.31,-3.72,-6.55
-0.05,-0.1,0.93,0.19,0.73,0.29,-3.15,-6.26
-0.03,-0.11,0.92,0.23,0.7,0.29,-2.06,-6.76
-0.04,-0.12,0.92,0.23,0.66,0.3,-2.23,-7.75
-0.04,-0.13,0.91,0.29,0.61,0.28,-2.45,-7.95
-0.05,-0.15,0.9,0.33,0.6,0.25,-3.24,-9.38
-0.05,-0.15,0.89,0.34,0.61,0.22,-3.19,-9.6
-0.04,-0.15,0.89,0.35,0.59,0.19,-2.33,-9.65
-0.03,-0.15,0.89,0.37,0.57,0.17,-1.62,-9.26
-0.01,-0.14,0.88,0.36,0.57,0.14,-0.82,-8.75
0.0,-0.14,0.87,0.32,0.59,0.14,0.08,-9.35
0.0,-0.13,0.87,0.24,0.61,0.13,0.32,-8.52
0.01,-0.12,0.87,0.18,0.64,0.12,0.91,-7.58
0.01,-0.11,0.89,0.11,0.64,0.16,0.93,-7.02
0.02,-0.11,0.89,0.02,0.7,0.19,1.05,-6.83
0.01,-0.09,0.9,-0.04,0.69,0.22,0.91,-5.94
0.0,-0.1,0.91,-0.07,0.69,0.24,0.02,-5.97
-0.01,-0.1,0.92,-0.1,0.68,0.26,-0.62,-6.26
-0.03,-0.11,0.93,-0.11,0.68,0.27,-1.59,-6.46
-0.04,-0.11,0.95,-0.11,0.66,0.28,-2.34,-6.66
-0.05,-0.11,0.95,-0.07,0.64,0.27,-2.76,-6.72
-0.05,-0.11,0.95,-0.06,0.62,0.27,-3.06,-6.59
-0.05,-0.12,0.95,-0.03,0.61,0.26,-3.2,-7.33
-0.06,-0.13,0.95,0.01,0.58,0.27,-3.3,-7.94
-0.06,-0.14,0.94,0.04,0.55,0.26,-3.75,-8.15
-0.06,-0.13,0.94,0.06,0.54,0.24,-3.83,-8.06
-0.06,-0.12,0.94,0.08,0.57,0.23,-3.64,-7.49
-0.05,-0.12,0.94,0.1,0.56,0.24,-3.2,-7.44
-0.04,-0.13,0.94,0.12,0.54,0.25,-2.68,-7.81
-0.05,-0.13,0.93,0.14,0.52,0.26,-3.05,-8.13
-0.07,-0.15,0.93,0.14,0.55,0.23,-4.43,-9.04
-0.08,-0.16,0.91,0.16,0.54,0.21,-4.77,-9.95
-0.06,-0.16,0.91,0.17,0.58,0.19,-4.0,-10.01
-0.04,-0.15,0.91,0.18,0.56,0.17,-2.4,-9.66
-0.01,-0.14,0.9,0.14,0.59,0.15,-0.76,-8.65
-0.01,-0.14,0.89,0.07,0.63,0.16,-0.6,-9.2
-0.01,-0.14,0.89,0.04,0.64,0.16,-0.49,-8.93
-0.01,-0.14,0.91,-0.01,0.65,0.19,-0.33,-8.46
0.01,-0.13,0.92,-0.06,0.7,0.19,0.33,-7.84
0.0,-0.12,0.92,-0.12,0.7,0.22,0.2,-7.23
-0.01,-0.12,0.93,-0.12,0.7,0.22,-0.48,-7.41
-0.02,-0.12,0.94,-0.14,0.69,0.24,-1.16,-7.26
-0.04,-0.11,0.94,-0.12,0.7,0.25,-2.24,-6.99
-0.03,-0.13,0.94,-0.1,0.71,0.24,-2.01,-7.74
-0.04,-0.13,0.93,-0.06,0.68,0.25,-2.47,-7.63
-0.05,-0.12,0.93,-0.01,0.65,0.24,-2.95,-7.26
-0.03,-0.1,0.93,0.03,0.66,0.22,-1.87,-5.87
-0.03,-0.1,0.92,0.04,0.64,0.2,-1.56,-6.18
-0.01,-0.09,0.91,0.08,0.61,0.21,-0.88,-5.62
-0.01,-0.09,0.92,0.11,0.57,0.19,-0.47,-5.53
-0.0,-0.09,0.9,0.14,0.54,0.17,-0.13,-5.78
-0.01,-0.09,0.88,0.14,0.53,0.17,-0.46,-6.15
-0.02,-0.09,0.89,0.16,0.5,0.15,-0.97,-6.06
-0.02,-0.09,0.9,0.18,0.5,0.14,-1.43,-5.98
-0.02,-0.1,0.9,0.19,0.49,0.12,-1.13,-6.33
-0.01,-0.09,0.9,0.2,0.49,0.12,-0.5,-5.63
0.01,-0.09,0.9,0.2,0.46,0.14,0.44,-5.39
0.0,-0.08,0.89,0.21,0.44,0.13,0.23,-5.37
0.01,-0.09,0.89,0.21,0.44,0.12,0.54,-5.74
0.01,-0.09,0.88,0.16,0.47,0.12,0.8,-5.87
0.02,-0.09,0.88,0.14,0.45,0.13,1.49,-5.58
0.02,-0.1,0.88,0.1,0.47,0.13,1.62,-6.3
0.02,-0.1,0.88,0.07,0.47,0.14,1.61,-6.47
0.02,-0.1,0.88,0.03,0.49,0.14,1.19,-6.58
0.02,-0.11,0.89,-0.02,0.5,0.15,1.03,-6.86
0.01,-0.11,0.9,-0.04,0.51,0.16,0.66,-7.05
0.0,-0.11,0.9,-0.07,0.49,0.16,0.1,-6.89
-0.01,-0.11,0.9,-0.08,0.53,0.15,-0.68,-7.11
-0.02,-0.11,0.91,-0.08,0.53,0.15,-1.18,-7.15
-0.02,-0.11,0.93,-0.05,0.51,0.14,-1.21,-6.95
-0.01,-0.11,0.92,-0.02,0.49,0.14,-0.67,-6.51
-0.01,-0.09,0.92,-0.01,0.49,0.15,-0.78,-5.78
-0.0,-0.1,0.92,0.03,0.45,0.16,-0.19,-5.96
-0.0,-0.09,0.92,0.06,0.45,0.16,-0.08,-5.7
0.01,-0.08,0.93,0.11,0.41,0.16,0.58,-5.19
0.02,-0.08,0.92,0.13,0.4,0.16,1.18,-4.97
0.03,-0.08,0.9,0.14,0.36,0.16,1.77,-4.76
0.02,-0.08,0.9,0.17,0.32,0.15,1.43,-4.95
0.03,-0.09,0.89,0.2,0.27,0.13,1.64,-5.59
0.03,-0.09,0.89,0.22,0.25,0.1,1.63,-5.53
0.03,-0.09,0.88,0.23,0.24,0.08,1.84,-6.06
0.03,-0.1,0.87,0.25,0.2,0.06,2.22,-6.34
0.05,-0.1,0.86,0.22,0.21,0.03,3.12,-6.68
0.05,-0.1,0.86,0.21,0.19,0.01,3.28,-6.97
0.05,-0.1,0.86,0.14,0.22,0.0,3.57,-6.34
0.05,-0.1,0.86,0.11,0.22,-0.01,3.44,-6.73
0.05,-0.11,0.86,0.06,0.23,-0.0,3.6,-6.97
0.06,-0.09,0.87,-0.0,0.26,0.0,3.86,-5.91
0.07,-0.08,0.88,-0.06,0.3,0.02,4.22,-5.43
0.06,-0.07,0.89,-0.13,0.29,0.05,4.03,-4.53
0.05,-0.08,0.9,-0.18,0.27,0.07,2.89,-4.75
0.03,-0.07,0.92,-0.21,0.27,0.07,1.7,-4.61
-0.01,-0.09,0.94,-0.22,0.27,0.08,-0.65,-5.44
-0.02,-0.08,0.95,-0.21,0.28,0.08,-0.97,-4.78
-0.04,-0.09,0.96,-0.17,0.25,0.08,-2.15,-5.17
-0.04,-0.1,0.95,-0.13,0.22,0.08,-2.32,-5.77
-0.03,-0.09,0.95,-0.11,0.22,0.08,-2.02,-5.42
-0.04,-0.11,0.96,-0.04,0.17,0.07,-2.25,-6.65
-0.04,-0.11,0.94,0.01,0.12,0.06,-2.41,-6.55
-0.03,-0.11,0.94,0.07,0.11,0.02,-1.88,-6.64
-0.03,-0.11,0.94,0.1,0.1,0.01,-1.56,-6.93
-0.01,-0.1,0.93,0.11,0.07,0.02,-0.78,-6.04
-0.01,-0.1,0.91,0.1,0.09,0.0,-0.78,-5.94
-0.01,-0.1,0.92,0.12,0.09,-0.01,-0.5,-6.16
0.0,-0.1,0.93,0.08,0.12,-0.0,0.05,-6.04
0.02,-0.09,0.93,0.07,0.11,0.02,1.04,-5.52
0.02,-0.09,0.91,0.02,0.11,0.03,0.95,-5.55
0.01,-0.09,0.9,-0.01,0.13,0.02,0.53,-5.46
0.01,-0.09,0.92,-0.05,0.17,0.02,0.54,-5.31
0.01,-0.09,0.92,-0.07,0.17,0.04,0.61,-5.59
0.01,-0.1,0.92,-0.09,0.16,0.06,0.52,-6.23
-0.0,-0.11,0.91,-0.11,0.18,0.05,-0.1,-6.66
-0.01,-0.11,0.91,-0.11,0.18,0.05,-0.49,-6.63
-0.01,-0.1,0.92,-0.12,0.2,0.04,-0.77,-6.03
-0.01,-0.09,0.93,-0.11,0.19,0.01,-0.85,-5.58
-0.02,-0.09,0.95,-0.09,0.16,0.02,-0.91,-5.37
-0.02,-0.09,0.96,-0.06,0.15,0.01,-1.34,-5.5
-0.02,-0.1,0.96,-0.02,0.13,0.01,-1.39,-5.84
-0.03,-0.11,0.96,0.03,0.11,0.01,-1.51,-6.55
-0.02,-0.11,0.97,0.07,0.09,0.02,-1.46,-6.23
-0.01,-0.1,0.97,0.08,0.09,-0.01,-0.55,-5.98
0.0,-0.1,0.95,0.11,0.04,0.0,0.23,-5.89
0.0,-0.1,0.94,0.12,0.05,-0.01,0.15,-6.27
-0.0,-0.11,0.92,0.14,0.01,-0.02,-0.06,-6.76
-0.0,-0.11,0.92,0.15,0.04,-0.04,-0.17,-6.55
0.0,-0.1,0.92,0.15,0.06,-0.04,0.17,-6.03
0.01,-0.09,0.92,0.17,0.05,-0.05,0.46,-5.46
0.03,-0.08,0.91,0.17,0.03,-0.03,1.6,-4.96
0.03,-0.08,0.9,0.18,0.05,-0.04,2.07,-4.92
0.05,-0.07,0.9,0.18,0.05,-0.04,3.26,-4.41
0.07,-0.06,0.88,0.17,0.03,-0.03,4.73,-3.94
0.09,-0.06,0.87,0.18,0.01,-0.03,6.15,-4.13
0.11,-0.06,0.86,0.14,0.01,-0.05,7.15,-3.81
0.12,-0.06,0.85,0.12,-0.01,-0.07,7.91,-3.86
0.13,-0.06,0.85,0.06,-0.06,-0.09,8.46,-3.87
0.12,-0.06,0.86,0.03,-0.1,-0.1,7.84,-4.24
0.11,-0.06,0.86,-0.04,-0.11,-0.13,7.11,-4.09
0.08,-0.07,0.86,-0.1,-0.12,-0.15,5.25,-4.31
0.05,-0.08,0.88,-0.18,-0.12,-0.15,3.39,-4.87
0.03,-0.08,0.92,-0.2,-0.14,-0.14,1.58,-5.2
-0.01,-0.1,0.94,-0.22,-0.16,-0.13,-0.66,-6.21
-0.03,-0.11,0.94,-0.25,-0.17,-0.12,-1.54,-6.88
-0.06,-0.12,0.94,-0.25,-0.18,-0.12,-3.82,-7.43
-0.1,-0.13,0.95,-0.24,-0.16,-0.14,-5.78,-7.68
-0.1,-0.12,0.97,-0.23,-0.16,-0.14,-5.9,-7.0
-0.12,-0.11,0.99,-0.2,-0.13,-0.14,-6.72,-6.13
-0.12,-0.1,1.0,-0.17,-0.13,-0.1,-6.99,-5.53
-0.14,-0.1,1.01,-0.11,-0.13,-0.06,-7.66,-5.52
-0.13,-0.1,1.0,-0.05,-0.13,-0.03,-7.58,-5.48
-0.14,-0.12,0.99,-0.01,-0.11,-0.01,-7.73,-6.78
-0.12,-0.13,0.99,0.06,-0.12,0.01,-7.12,-7.44
-0.11,-0.13,0.97,0.11,-0.12,-0.0,-6.64,-7.41
-0.1,-0.12,0.96,0.15,-0.11,-0.0,-5.59,-7.19
-0.08,-0.12,0.96,0.18,-0.12,-0.02,-4.45,-7.25
-0.05,-0.11,0.95,0.18,-0.12,-0.03,-3.23,-6.76
-0.04,-0.11,0.94,0.17,-0.13,-0.04,-2.37,-6.96
-0.04,-0.12,0.93,0.15,-0.14,-0.05,-2.57,-7.38
-0.03,-0.12,0.93,0.11,-0.1,-0.08,-2.04,-7.42
-0.04,-0.12,0.94,0.07,-0.08,-0.08,-2.62,-7.38
-0.04,-0.11,0.94,0.03,-0.06,-0.08,-2.28,-6.7
-0.03,-0.1,0.95,-0.01,-0.04,-0.07,-1.52,-6.11
-0.03,-0.1,0.95,-0.05,-0.01,-0.06,-1.59,-5.86
-0.04,-0.1,0.96,-0.09,0.04,-0.03,-2.17,-5.68
-0.04,-0.1,0.95,-0.11,0.08,0.0,-2.37,-5.8
-0.03,-0.09,0.96,-0.1,0.11,0.04,-1.98,-5.18
-0.02,-0.07,0.96,-0.08,0.14,0.06,-1.37,-4.37
-0.01,-0.06,0.96,-0.07,0.15,0.09,-0.39,-3.73
0.0,-0.06,0.95,-0.05,0.14,0.11,0.18,-3.75
0.02,-0.06,0.93,0.02,0.11,0.1,0.95,-3.82
0.03,-0.06,0.91,0.09,0.1,0.08,1.78,-3.92
0.04,-0.06,0.88,0.15,0.11,0.07,2.63,-3.72
0.07,-0.06,0.86,0.21,0.09,0.05,4.41,-4.02
0.1,-0.06,0.84,0.28,0.08,0.03,6.48,-3.93
0.13,-0.05,0.81,0.37,0.07,-0.0,8.83,-3.61
0.16,-0.04,0.8,0.44,0.05,-0.03,11.34,-2.76
0.2,-0.03,0.76,0.48,0.02,-0.06,14.36,-2.14
0.24,-0.02,0.73,0.53,-0.04,-0.1,18.32,-1.82
0.28,-0.0,0.7,0.57,-0.08,-0.15,21.95,-0.35
0.32,0.0,0.67,0.58,-0.1,-0.2,25.75,0.05
0.37,0.02,0.63,0.6,-0.16,-0.25,30.29,1.51
0.41,0.04,0.58,0.59,-0.21,-0.29,35.34,3.07
0.46,0.06,0.53,0.55,-0.24,-0.34,40.82,4.78
0.51,0.08,0.48,0.49,-0.26,-0.36,46.14,6.2
0.55,0.08,0.45,0.41,-0.27,-0.39,50.24,6.83
0.57,0.1,0.4,0.36,-0.31,-0.42,54.25,8.25
0.6,0.13,0.36,0.3,-0.35,-0.45,57.54,10.13
0.62,0.12,0.3,0.23,-0.41,-0.48,62.26,10.17
0.64,0.13,0.26,0.18,-0.49,-0.52,65.61,10.97
0.64,0.14,0.2,0.15,-0.6,-0.58,69.07,11.71
0.64,0.14,0.14,0.15,-0.73,-0.68,72.85,11.66
0.64,0.14,0.1,0.14,-0.9,-0.8,75.19,11.75
0.65,0.16,0.08,0.18,-1.08,-0.9,74.91,13.62
0.69,0.19,0.05,0.2,-1.3,-1.01,73.78,15.76
0.73,0.24,0.01,0.21,-1.59,-1.1,71.67,18.32
0.78,0.31,-0.04,0.19,-1.87,-1.17,68.34,21.44
0.81,0.34,-0.09,0.14,-2.21,-1.21,66.78,22.38
0.83,0.35,-0.15,0.07,-2.54,-1.25,65.42,22.52
0.82,0.34,-0.2,-0.04,-2.88,-1.27,64.24,21.86
0.8,0.33,-0.26,-0.19,-3.17,-1.28,62.33,21.32
0.76,0.3,-0.31,-0.34,-3.43,-1.27,60.31,20.11
0.68,0.25,-0.36,-0.5,-3.68,-1.27,57.33,18.09
0.6,0.19,-0.36,-0.63,-3.9,-1.24,55.55,15.49
0.53,0.14,-0.36,-0.73,-4.06,-1.2,54.07,12.18
0.44,0.08,-0.36,-0.81,-4.22,-1.15,49.93,8.09
0.37,0.02,-0.39,-0.86,-4.37,-1.12,43.99,2.51
0.29,-0.05,-0.39,-0.89,-4.4,-1.09,36.76,-5.42
0.2,-0.13,-0.37,-0.89,-4.4,-1.09,27.12,-16.62
0.13,-0.19,-0.35,-0.83,-4.4,-1.11,17.82,-27.26
0.06,-0.25,-0.33,-0.73,-4.4,-1.15,8.02,-37.53
0.01,-0.31,-0.32,-0.63,-4.4,-1.21,1.27,-43.65
-0.02,-0.36,-0.3,-0.52,-4.4,-1.32,-2.96,-49.46
-0.06,-0.39,-0.3,-0.45,-4.4,-1.41,-7.24,-51.52
-0.1,-0.42,-0.29,-0.39,-4.4,-1.49,-11.17,-53.96
-0.16,-0.45,-0.28,-0.36,-4.4,-1.55,-16.98,-54.49
-0.24,-0.5,-0.25,-0.35,-4.4,-1.6,-23.08,-55.06
-0.32,-0.55,-0.23,-0.36,-4.4,-1.63,-28.42,-54.4
-0.4,-0.59,-0.16,-0.36,-4.4,-1.64,-33.26,-53.84
-0.46,-0.64,-0.11,-0.36,-4.4,-1.63,-35.58,-53.33
-0.52,-0.67,-0.07,-0.37,-4.4,-1.6,-37.48,-52.12
-0.53,-0.66,-0.0,-0.4,-4.4,-1.54,-38.61,-51.39
-0.55,-0.64,0.05,-0.46,-4.4,-1.42,-40.47,-49.35
-0.6,-0.63,0.06,-0.53,-4.4,-1.32,-43.69,-46.04
-0.65,-0.61,0.06,-0.64,-4.4,-1.17,-46.59,-43.13
-0.7,-0.6,0.09,-0.76,-4.4,-1.03,-49.07,-40.33
-0.78,-0.63,0.14,-0.89,-4.4,-0.85,-50.71,-38.23
-0.9,-0.7,0.2,-1.0,-4.4,-0.7,-51.11,-37.08
-1.08,-0.85,0.32,-1.06,-4.4,-0.59,-50.06,-36.91
-1.27,-1.04,0.48,-1.06,-4.4,-0.56,-47.91,-37.44
-1.43,-1.19,0.67,-0.98,-4.4,-0.6,-46.38,-37.01
-1.57,-1.31,0.84,-0.82,-4.4,-0.75,-45.3,-36.34
-1.66,-1.38,0.97,-0.62,-4.4,-0.98,-44.65,-35.56
-1.67,-1.37,1.06,-0.43,-4.4,-1.21,-44.0,-34.64
-1.65,-1.35,1.11,-0.27,-4.4,-1.45,-43.44,-34.12
-1.57,-1.25,1.11,-0.14,-4.4,-1.64,-43.19,-33.03
-1.43,-1.09,1.07,-0.05,-4.4,-1.72,-43.06,-31.43
-1.27,-0.95,0.97,-0.03,-4.4,-1.68,-43.0,-30.75
-1.13,-0.85,0.86,-0.07,-4.4,-1.52,-43.2,-30.79
-1.06,-0.79,0.72,-0.2,-4.4,-1.29,-44.61,-31.71
-1.05,-0.77,0.59,-0.42,-4.4,-1.04,-47.19,-32.82
-1.09,-0.79,0.47,-0.75,-4.4,-0.81,-49.97,-33.64
-1.19,-0.82,0.37,-1.16,-4.4,-0.56,-52.84,-33.43
-1.28,-0.87,0.35,-1.6,-4.4,-0.36,-53.78,-33.24
-1.39,-0.9,0.35,-2.14,-4.4,-0.16,-55.25,-32.01
-1.52,-0.93,0.38,-2.7,-4.4,0.01,-56.46,-30.74
-1.7,-0.98,0.48,-3.35,-4.4,0.19,-57.21,-29.17
-1.76,-0.95,0.71,-3.93,-4.4,0.31,-56.06,-26.63
-1.73,-0.84,1.03,-4.34,-4.4,0.38,-52.48,-22.55
-1.65,-0.7,1.5,-4.34,-4.4,0.33,-44.91,-17.49
-1.5,-0.55,2.08,-4.34,-4.4,0.22,-34.85,-12.14
-1.29,-0.43,2.64,-4.34,-4.4,0.02,-25.72,-8.33
-1.22,-0.39,2.72,-4.15,-4.4,-0.24,-23.92,-7.52
-1.18,-0.33,2.77,-3.48,-4.4,-0.51,-22.99,-6.25
-1.13,-0.28,2.81,-2.57,-4.4,-0.82,-21.89,-5.31
-1.07,-0.25,2.83,-1.55,-4.4,-1.1,-20.6,-4.77
-0.99,-0.25,2.85,-0.49,-4.4,-1.37,-19.05,-4.77
-0.9,-0.26,2.85,0.51,-4.4,-1.59,-17.39,-5.03
-0.81,-0.26,2.85,1.37,-4.4,-1.74,-15.91,-5.08
-0.73,-0.29,2.84,2.09,-3.91,-1.78,-14.31,-5.59
-0.54,-0.23,2.74,2.56,-3.42,-1.73,-11.17,-4.69
-0.34,-0.14,2.62,2.82,-2.99,-1.59,-7.4,-2.95
-0.32,-0.11,2.27,2.86,-2.57,-1.37,-8.0,-2.75
-0.35,-0.12,1.88,2.77,-2.25,-1.14,-10.56,-3.66
-0.37,-0.16,1.56,2.49,-1.95,-0.88,-13.33,-5.67
-0.37,-0.19,1.26,2.12,-1.73,-0.61,-16.23,-8.21
-0.38,-0.22,1.05,1.61,-1.54,-0.33,-19.49,-11.11
-0.31,-0.19,0.92,1.11,-1.44,-0.04,-18.44,-11.15
-0.29,-0.2,0.87,0.64,-1.4,0.25,-17.9,-12.04
-0.27,-0.17,0.88,0.22,-1.36,0.52,-16.96,-10.43
-0.27,-0.12,0.96,-0.12,-1.32,0.71,-15.48,-6.71
-0.25,-0.05,1.05,-0.33,-1.35,0.85,-13.35,-2.45
-0.2,0.03,1.16,-0.41,-1.4,0.93,-9.96,1.28
-0.15,0.07,1.28,-0.37,-1.47,0.97,-6.54,3.31
-0.09,0.1,1.39,-0.15,-1.46,0.82,-3.84,4.28
-0.07,0.1,1.5,0.03,-1.66,0.9,-2.64,3.71
-0.06,0.07,1.59,0.33,-1.79,0.83,-2.16,2.63
-0.05,0.03,1.65,0.67,-1.9,0.72,-1.9,1.06
-0.05,-0.01,1.67,1.0,-1.96,0.58,-1.84,-0.28
-0.06,-0.04,1.66,1.33,-2.04,0.44,-2.14,-1.47
-0.08,-0.08,1.61,1.6,-2.09,0.29,-2.99,-2.88
-0.11,-0.12,1.55,1.8,-2.11,0.13,-3.93,-4.48
-0.12,-0.16,1.48,1.92,-2.08,-0.01,-4.69,-6.28
-0.13,-0.18,1.41,1.99,-2.08,-0.12,-5.05,-7.34
-0.13,-0.2,1.35,2.01,-2.04,-0.21,-5.26,-8.18
-0.12,-0.19,1.3,1.97,-2.02,-0.26,-5.35,-8.44
-0.13,-0.2,1.24,1.88,-1.94,-0.31,-5.77,-9.07
-0.12,-0.2,1.18,1.75,-1.9,-0.32,-5.78,-9.38
-0.11,-0.19,1.14,1.58,-1.85,-0.3,-5.63,-9.57
-0.1,-0.19,1.11,1.38,-1.82,-0.26,-5.31,-9.44
-0.09,-0.17,1.13,1.16,-1.73,-0.2,-4.28,-8.37
-0.07,-0.16,1.16,0.98,-1.64,-0.1,-3.5,-7.65
-0.06,-0.15,1.22,0.81,-1.56,-0.01,-2.7,-7.17
-0.06,-0.15,1.26,0.65,-1.46,0.07,-2.86,-6.8
-0.06,-0.15,1.3,0.51,-1.35,0.16,-2.63,-6.68
-0.06,-0.15,1.33,0.37,-1.2,0.21,-2.45,-6.47
-0.06,-0.16,1.39,0.27,-1.08,0.24,-2.47,-6.42
-0.06,-0.16,1.45,0.19,-0.97,0.29,-2.43,-6.19
-0.04,-0.16,1.52,0.12,-0.82,0.27,-1.65,-5.83
-0.03,-0.15,1.58,0.09,-0.67,0.24,-1.07,-5.46
-0.03,-0.15,1.6,0.11,-0.52,0.16,-1.05,-5.39
-0.03,-0.15,1.59,0.11,-0.38,0.1,-1.0,-5.4
-0.03,-0.14,1.57,0.1,-0.19,-0.0,-1.25,-5.17
-0.04,-0.14,1.52,0.1,-0.07,-0.06,-1.32,-5.09
-0.02,-0.12,1.46,0.1,0.03,-0.1,-0.84,-4.69
-0.05,-0.13,1.4,0.09,0.14,-0.1,-1.89,-5.36
-0.05,-0.12,1.37,0.04,0.24,-0.08,-2.28,-5.15
-0.08,-0.13,1.31,-0.02,0.36,-0.02,-3.44,-5.62
-0.1,-0.13,1.27,-0.08,0.44,0.03,-4.47,-5.98
-0.11,-0.14,1.25,-0.03,0.76,-0.11,-4.94,-6.37
-0.12,-0.15,1.22,-0.18,0.63,0.13,-5.56,-6.8
-0.13,-0.15,1.2,-0.23,0.73,0.2,-6.11,-6.89
-0.15,-0.15,1.19,-0.26,0.81,0.28,-6.9,-7.1
-0.16,-0.16,1.19,-0.26,0.87,0.32,-7.4,-7.74
-0.15,-0.19,1.21,-0.27,0.9,0.38,-7.04,-8.66
-0.15,-0.21,1.22,-0.23,0.93,0.4,-6.94,-9.65
-0.17,-0.25,1.25,-0.17,0.93,0.42,-7.58,-11.3
-0.18,-0.29,1.25,-0.12,0.94,0.39,-8.01,-12.74
-0.19,-0.32,1.24,-0.08,0.97,0.37,-8.59,-14.2
-0.22,-0.36,1.23,-0.03,1.0,0.32,-9.53,-15.83
-0.24,-0.39,1.21,-0.02,1.02,0.29,-10.66,-17.45
-0.26,-0.41,1.18,0.02,1.04,0.22,-11.6,-18.67
-0.28,-0.43,1.14,0.04,1.06,0.17,-12.83,-19.95
-0.29,-0.44,1.1,0.08,1.29,-0.02,-14.0,-21.04
-0.29,-0.43,1.04,-0.01,1.13,0.11,-14.41,-21.57
-0.29,-0.43,0.99,-0.02,1.18,0.1,-14.89,-22.47
-0.29,-0.42,0.96,-0.04,1.17,0.13,-15.27,-22.8
-0.3,-0.43,0.94,-0.07,1.18,0.14,-16.0,-23.38
-0.3,-0.43,0.92,-0.11,1.17,0.18,-16.38,-23.79
-0.31,-0.43,0.9,-0.1,1.15,0.19,-17.05,-24.11
-0.31,-0.43,0.9,-0.1,1.1,0.21,-17.55,-24.19
-0.32,-0.42,0.89,-0.1,1.08,0.2,-18.17,-24.12
-0.33,-0.42,0.88,-0.11,1.03,0.2,-18.89,-23.8
-0.33,-0.42,0.89,-0.08,0.96,0.17,-18.73,-23.86
-0.34,-0.42,0.89,-0.05,0.92,0.13,-18.9,-23.96
-0.34,-0.42,0.87,-0.04,0.86,0.09,-19.4,-24.24
-0.35,-0.42,0.86,-0.04,0.81,0.05,-19.9,-24.18
-0.34,-0.41,0.86,-0.01,0.75,0.02,-19.86,-23.95
-0.34,-0.4,0.86,0.01,0.68,-0.0,-19.55,-23.56
-0.34,-0.39,0.84,0.03,0.64,-0.05,-19.97,-23.28
-0.34,-0.38,0.83,0.05,0.58,-0.07,-20.16,-22.95
-0.33,-0.37,0.81,0.07,0.52,-0.07,-20.16,-23.2
-0.33,-0.36,0.81,0.1,0.46,-0.05,-20.23,-22.67
-0.32,-0.35,0.81,0.1,0.42,-0.04,-19.97,-21.71
-0.33,-0.34,0.82,0.13,0.39,-0.02,-20.44,-21.27
-0.34,-0.35,0.83,0.14,0.39,-0.01,-20.53,-21.49
-0.33,-0.36,0.84,0.17,0.34,0.01,-19.9,-21.58
-0.33,-0.36,0.84,0.2,0.34,0.01,-20.06,-21.86
-0.34,-0.37,0.84,0.21,0.34,0.02,-20.34,-22.15
-0.35,-0.39,0.83,0.21,0.34,0.02,-20.66,-23.63
-0.35,-0.4,0.82,0.21,0.32,0.02,-20.93,-24.33
-0.36,-0.42,0.81,0.18,0.31,0.01,-21.31,-25.54
-0.35,-0.43,0.83,0.13,0.31,0.01,-20.64,-25.61
-0.35,-0.43,0.85,0.13,0.25,0.0,-20.27,-25.3
-0.36,-0.45,0.85,0.11,0.25,-0.04,-20.33,-25.73
-0.36,-0.45,0.87,0.11,0.21,-0.08,-19.91,-25.42
-0.36,-0.45,0.87,0.09,0.22,-0.12,-20.29,-25.55
-0.36,-0.44,0.86,0.05,0.22,-0.16,-20.39,-25.17
-0.36,-0.43,0.84,0.03,0.19,-0.2,-20.8,-25.31
-0.37,-0.42,0.83,-0.02,0.19,-0.2,-21.45,-24.74
-0.37,-0.4,0.84,-0.08,0.22,-0.21,-21.66,-23.69
-0.36,-0.38,0.83,-0.1,0.19,-0.2,-21.61,-22.82
-0.37,-0.37,0.83,-0.08,0.31,-0.32,-22.22,-22.15
-0.37,-0.35,0.84,-0.16,0.17,-0.17,-22.22,-21.0
-0.37,-0.34,0.85,-0.18,0.16,-0.15,-21.98,-19.86
-0.37,-0.32,0.86,-0.19,0.16,-0.14,-21.93,-18.59
-0.38,-0.3,0.88,-0.19,0.13,-0.12,-22.19,-17.5
-0.37,-0.29,0.91,-0.17,0.12,-0.11,-21.06,-16.48
-0.36,-0.28,0.92,-0.16,0.14,-0.11,-20.87,-15.61
-0.37,-0.26,0.92,-0.14,0.12,-0.1,-21.08,-14.83
-0.37,-0.25,0.92,-0.07,0.1,-0.12,-21.38,-13.98
-0.37,-0.25,0.91,-0.03,0.06,-0.11,-21.31,-14.26
-0.37,-0.25,0.89,0.01,0.05,-0.12,-21.61,-14.59
-0.36,-0.26,0.89,0.02,0.02,-0.1,-21.2,-14.89
-0.36,-0.27,0.9,0.05,-0.0,-0.09,-20.86,-15.44
-0.35,-0.27,0.9,0.06,-0.03,-0.07,-20.47,-15.75
-0.34,-0.28,0.89,0.08,-0.03,-0.07,-20.19,-16.56
-0.34,-0.3,0.88,0.07,-0.04,-0.06,-20.08,-17.61
-0.34,-0.32,0.88,0.06,-0.05,-0.06,-19.94,-18.67
-0.33,-0.34,0.87,0.03,-0.08,-0.04,-19.52,-20.05
-0.33,-0.36,0.88,-0.02,-0.07,-0.05,-19.03,-20.96
-0.32,-0.37,0.9,-0.09,-0.06,-0.04,-18.32,-21.37
-0.32,-0.38,0.92,-0.12,-0.05,-0.05,-18.07,-21.28
-0.32,-0.37,0.92,-0.2,-0.04,-0.04,-17.81,-20.98
-0.32,-0.36,0.93,-0.24,-0.03,-0.05,-17.62,-20.35
-0.31,-0.34,0.93,-0.3,-0.0,-0.06,-17.31,-19.15
-0.3,-0.32,0.94,-0.3,-0.01,-0.06,-16.99,-17.86
-0.29,-0.3,0.95,-0.31,-0.03,-0.05,-16.18,-16.6
-0.28,-0.27,0.96,-0.29,-0.03,-0.05,-15.8,-15.23
-0.28,-0.26,0.98,-0.29,-0.05,-0.05,-15.44,-14.55
-0.28,-0.25,0.99,-0.27,-0.06,-0.04,-15.09,-13.57
-0.27,-0.24,1.01,-0.21,-0.09,-0.03,-14.52,-12.85
-0.26,-0.23,1.02,-0.17,-0.09,-0.04,-14.01,-12.11
-0.25,-0.23,1.03,-0.06,0.05,-0.19,-13.48,-11.98
-0.25,-0.24,1.03,-0.09,-0.09,-0.05,-13.23,-12.63
-0.25,-0.25,1.03,-0.04,-0.13,-0.04,-13.24,-13.47
-0.25,-0.26,1.03,-0.0,-0.13,-0.04,-13.07,-14.0
-0.25,-0.28,1.03,0.02,-0.12,-0.04,-13.02,-14.61
-0.25,-0.28,1.02,0.05,-0.13,-0.04,-13.59,-14.87
-0.25,-0.28,1.0,0.07,-0.14,-0.04,-13.49,-15.01
-0.25,-0.28,0.99,0.08,-0.14,-0.06,-13.69,-15.16
-0.25,-0.28,0.99,0.07,-0.15,-0.07,-13.48,-15.17
-0.25,-0.27,0.99,0.07,-0.17,-0.06,-13.88,-15.09
-0.25,-0.27,0.98,0.06,-0.18,-0.06,-13.96,-15.19
-0.24,-0.27,0.98,0.06,-0.19,-0.05,-13.4,-14.79
-0.24,-0.26,0.98,0.04,-0.17,-0.05,-13.54,-14.32
-0.23,-0.26,0.99,0.04,-0.2,-0.03,-12.95,-14.2
-0.23,-0.25,1.01,0.05,-0.2,-0.02,-12.51,-13.38
-0.21,-0.23,1.03,0.07,-0.2,-0.01,-11.05,-12.39
-0.2,-0.22,1.05,0.08,-0.19,-0.0,-10.5,-11.8
-0.19,-0.22,1.06,0.11,-0.2,0.02,-10.18,-11.73
-0.19,-0.24,1.08,0.14,-0.19,-0.01,-9.86,-12.34
-0.19,-0.24,1.08,0.17,-0.21,0.01,-9.81,-12.52
-0.2,-0.26,1.09,0.19,-0.18,-0.01,-9.95,-13.32
-0.2,-0.27,1.1,0.21,-0.16,-0.02,-10.06,-13.7
-0.21,-0.28,1.08,0.22,-0.14,-0.03,-10.78,-14.41
-0.22,-0.3,1.08,0.21,-0.13,-0.06,-11.13,-15.08
-0.23,-0.3,1.05,0.19,-0.1,-0.08,-11.69,-15.63
-0.23,-0.3,1.04,0.15,-0.09,-0.09,-11.84,-15.8
-0.22,-0.29,1.02,0.11,-0.07,-0.1,-11.47,-15.55
-0.22,-0.29,1.01,0.06,-0.07,-0.1,-11.66,-15.55
-0.22,-0.27,1.01,0.04,-0.05,-0.08,-11.88,-14.82
-0.22,-0.27,1.01,-0.02,-0.03,-0.06,-11.66,-14.34
-0.23,-0.26,1.01,-0.03,-0.03,-0.05,-12.15,-13.9
-0.23,-0.25,1.03,-0.06,-0.02,-0.04,-12.18,-13.21
-0.24,-0.25,1.04,-0.07,0.0,-0.04,-12.39,-12.91
-0.24,-0.24,1.05,-0.08,0.03,-0.03,-12.45,-12.53
-0.24,-0.23,1.06,-0.07,0.03,-0.02,-12.55,-11.88
-0.24,-0.22,1.05,-0.08,0.03,-0.03,-12.55,-11.64
-0.25,-0.22,1.04,-0.07,0.06,-0.03,-13.05,-11.46
-0.25,-0.22,1.04,-0.09,0.06,-0.01,-13.13,-11.47
-0.25,-0.22,1.04,-0.08,0.06,-0.0,-13.0,-11.46
-0.24,-0.21,1.06,-0.07,0.06,0.01,-12.56,-10.89
-0.24,-0.21,1.06,-0.06,0.06,0.01,-12.75,-10.84
-0.25,-0.21,1.06,-0.03,0.07,0.01,-13.06,-10.89
-0.25,-0.21,1.05,-0.04,0.08,0.03,-13.33,-10.72
-0.26,-0.21,1.05,-0.01,0.07,0.02,-13.37,-10.88
-0.25,-0.2,1.05,0.01,0.09,0.01,-13.16,-10.48
-0.25,-0.19,1.06,0.03,0.11,0.01,-13.01,-10.09
-0.25,-0.19,1.04,0.03,0.12,0.02,-13.13,-10.28
-0.25,-0.2,1.03,0.07,0.1,0.03,-13.61,-10.93
-0.25,-0.21,1.03,0.09,0.1,0.05,-13.55,-11.16
-0.25,-0.21,1.02,0.1,0.12,0.05,-13.34,-11.38
-0.25,-0.23,1.02,0.09,0.12,0.05,-13.74,-12.38
-0.26,-0.25,1.02,0.08,0.12,0.06,-13.97,-13.23
-0.26,-0.26,1.03,0.09,0.11,0.04,-13.94,-13.63
-0.26,-0.26,1.02,0.08,0.13,0.03,-13.95,-13.79
-0.26,-0.26,1.02,0.06,0.13,0.03,-13.68,-13.77
-0.25,-0.26,1.02,0.07,0.13,0.03,-13.12,-13.64
-0.25,-0.26,1.03,0.06,0.13,0.03,-13.11,-13.67
-0.25,-0.26,1.02,0.02,0.16,0.02,-13.28,-13.77
-0.24,-0.25,1.04,0.01,0.15,0.02,-12.73,-13.04
-0.24,-0.25,1.05,0.09,0.29,-0.12,-12.51,-13.1
-0.24,-0.25,1.05,0.02,0.17,0.01,-12.28,-13.23
-0.23,-0.26,1.06,0.02,0.17,0.0,-12.01,-13.23
-0.24,-0.27,1.07,-0.01,0.2,-0.01,-12.07,-13.63
-0.23,-0.27,1.07,-0.04,0.2,-0.01,-11.76,-13.68
-0.23,-0.27,1.07,-0.06,0.19,-0.02,-11.73,-13.84
-0.22,-0.26,1.09,-0.1,0.23,-0.03,-10.86,-13.28
-0.21,-0.26,1.11,-0.13,0.25,-0.04,-10.42,-13.05
-0.2,-0.25,1.14,-0.15,0.27,-0.04,-9.57,-12.3
-0.2,-0.25,1.16,-0.15,0.3,-0.06,-9.54,-12.18
-0.2,-0.25,1.17,-0.17,0.34,-0.07,-9.54,-11.9
-0.19,-0.24,1.19,-0.19,0.39,-0.09,-9.01,-11.34
-0.19,-0.23,1.19,-0.21,0.42,-0.1,-8.73,-10.68
-0.18,-0.21,1.2,-0.22,0.46,-0.11,-8.22,-9.82
-0.17,-0.19,1.19,-0.2,0.52,-0.12,-7.82,-9.08
-0.16,-0.19,1.19,-0.23,0.59,-0.12,-7.65,-8.8
-0.16,-0.18,1.18,-0.23,0.63,-0.1,-7.53,-8.59
-0.16,-0.18,1.17,-0.21,0.67,-0.09,-7.49,-8.77
-0.15,-0.17,1.18,-0.21,0.69,-0.06,-7.21,-8.16
-0.14,-0.18,1.2,-0.2,0.74,-0.05,-6.73,-8.28
-0.15,-0.18,1.2,-0.19,0.75,-0.03,-7.19,-8.5
-0.15,-0.18,1.21,-0.14,0.78,-0.04,-7.15,-8.56
-0.16,-0.19,1.21,-0.12,0.8,-0.04,-7.25,-8.72
-0.16,-0.19,1.19,-0.08,0.83,-0.07,-7.57,-9.09
-0.17,-0.2,1.17,-0.08,0.86,-0.08,-8.05,-9.34
-0.17,-0.2,1.17,-0.1,0.84,-0.04,-8.21,-9.7
-0.18,-0.21,1.16,-0.05,0.88,-0.07,-8.45,-10.36
-0.18,-0.22,1.16,-0.03,0.93,-0.09,-8.84,-10.74
-0.17,-0.22,1.16,-0.05,0.96,-0.09,-8.33,-10.54
-0.18,-0.21,1.16,0.01,1.05,-0.18,-8.44,-10.36
-0.18,-0.21,1.16,0.02,0.96,-0.13,-8.47,-10.34
-0.18,-0.21,1.15,0.05,0.99,-0.15,-8.63,-10.46
-0.17,-0.21,1.15,0.08,0.97,-0.16,-8.45,-10.27
-0.17,-0.21,1.15,0.13,0.97,-0.18,-8.32,-10.22
-0.17,-0.2,1.14,0.17,0.95,-0.18,-8.53,-10.01
-0.19,-0.21,1.12,0.21,0.97,-0.2,-9.32,-10.51
-0.21,-0.24,1.1,0.24,0.97,-0.19,-10.6,-11.9
-0.22,-0.27,1.07,0.21,0.99,-0.19,-11.22,-13.89
-0.23,-0.29,1.04,0.17,1.0,-0.17,-11.97,-15.49
-0.24,-0.31,1.0,0.11,1.04,-0.16,-12.69,-16.56
-0.24,-0.31,0.99,0.0,1.07,-0.12,-13.13,-16.98
-0.25,-0.31,0.97,-0.09,1.08,-0.08,-13.79,-17.39
-0.25,-0.31,0.99,-0.19,1.1,-0.06,-13.42,-17.2
-0.25,-0.31,0.99,-0.26,1.12,-0.05,-13.47,-16.72
-0.25,-0.29,1.02,-0.33,1.11,-0.03,-13.41,-15.58
-0.25,-0.28,1.06,-0.39,1.12,-0.02,-12.99,-14.17
-0.25,-0.25,1.09,-0.35,1.1,-0.03,-12.66,-12.68
-0.25,-0.23,1.11,-0.32,1.13,-0.07,-12.32,-11.44
-0.25,-0.21,1.13,-0.28,1.12,-0.07,-12.05,-10.36
-0.24,-0.2,1.14,-0.21,1.1,-0.08,-11.68,-9.57
-0.23,-0.19,1.16,-0.13,1.08,-0.09,-11.09,-9.21
-0.24,-0.19,1.16,-0.05,1.08,-0.1,-11.67,-9.1
-0.25,-0.21,1.13,0.03,1.09,-0.12,-12.39,-10.07
-0.26,-0.21,1.11,0.07,1.11,-0.11,-12.94,-10.65
-0.26,-0.22,1.07,0.11,1.11,-0.1,-13.3,-11.45
-0.26,-0.22,1.05,0.11,1.12,-0.1,-13.86,-11.75
-0.27,-0.25,1.02,0.12,1.14,-0.08,-14.42,-13.25
-0.27,-0.24,1.01,0.11,1.14,-0.04,-14.74,-12.71
-0.28,-0.26,0.98,0.09,1.15,-0.03,-15.53,-14.02
-0.28,-0.26,0.97,0.08,1.18,-0.01,-15.4,-14.37
-0.27,-0.25,0.95,0.02,1.19,0.01,-15.61,-14.1
-0.28,-0.25,0.95,0.0,1.19,0.04,-15.83,-14.08
-0.27,-0.26,0.95,-0.04,1.2,0.06,-15.33,-14.57
-0.28,-0.27,0.96,-0.06,1.17,0.08,-15.65,-15.03
-0.27,-0.27,0.99,-0.08,1.19,0.1,-14.86,-14.8
-0.27,-0.28,1.02,-0.05,1.15,0.11,-14.29,-14.75
-0.28,-0.29,1.04,-0.04,1.12,0.09,-14.36,-15.02
-0.28,-0.29,1.04,-0.02,1.11,0.04,-14.65,-14.85
-0.28,-0.29,1.04,-0.01,1.12,0.02,-14.77,-15.21
-0.27,-0.29,1.03,-0.01,1.11,0.0,-14.36,-15.35
-0.27,-0.29,1.02,0.01,1.11,-0.0,-14.4,-15.56
-0.28,-0.3,1.02,-0.02,1.12,-0.0,-14.48,-15.78
-0.28,-0.3,1.02,-0.01,1.13,-0.0,-14.83,-15.84
-0.29,-0.29,1.01,-0.05,1.16,0.01,-15.2,-15.47
-0.29,-0.28,1.0,-0.08,1.16,0.03,-15.51,-15.27
-0.28,-0.27,0.98,-0.09,1.2,0.03,-15.4,-15.04
-0.28,-0.27,0.97,-0.12,1.22,0.05,-15.57,-14.91
-0.27,-0.26,0.97,-0.16,1.23,0.08,-15.12,-14.52
-0.27,-0.25,0.98,-0.17,1.22,0.1,-14.71,-13.72
-0.28,-0.25,1.0,-0.15,1.2,0.11,-14.98,-13.33
-0.28,-0.24,1.02,-0.14,1.22,0.11,-15.01,-12.65
-0.28,-0.24,1.03,-0.11,1.21,0.09,-14.6,-12.54
-0.27,-0.24,1.03,-0.08,1.18,0.09,-14.35,-12.78
-0.27,-0.25,1.04,-0.02,1.14,0.08,-14.02,-13.01
-0.27,-0.25,1.05,-0.0,1.14,0.07,-14.14,-13.14
-0.28,-0.26,1.07,0.03,1.12,0.07,-14.3,-13.08
-0.29,-0.27,1.09,0.07,1.1,0.04,-14.66,-13.28
-0.3,-0.27,1.09,0.11,1.09,0.02,-14.98,-13.38
-0.3,-0.27,1.09,0.12,1.15,-0.01,-14.78,-13.65
-0.29,-0.27,1.07,0.12,1.18,-0.01,-14.86,-13.87
-0.29,-0.28,1.05,0.13,1.2,-0.02,-15.03,-14.32
-0.28,-0.28,1.04,0.12,1.23,-0.01,-14.74,-14.37
-0.27,-0.27,1.03,0.11,1.24,0.01,-14.43,-13.97
-0.26,-0.26,1.01,0.07,1.29,0.02,-14.22,-14.2
-0.26,-0.27,0.99,0.08,1.3,0.04,-14.24,-14.51
-0.26,-0.27,0.98,0.06,1.28,0.07,-14.33,-15.15
-0.26,-0.27,0.96,0.02,1.31,0.07,-14.4,-15.48
-0.26,-0.28,0.95,0.0,1.29,0.08,-14.62,-15.96
-0.25,-0.29,0.94,-0.02,1.28,0.08,-14.55,-16.36
-0.25,-0.28,0.93,-0.06,1.25,0.1,-14.4,-16.31
-0.24,-0.29,0.92,-0.12,1.26,0.1,-13.85,-17.11
-0.25,-0.29,0.93,-0.14,1.25,0.11,-14.08,-16.85
-0.25,-0.29,0.94,-0.19,1.25,0.13,-14.38,-16.42
-0.25,-0.28,0.96,-0.19,1.22,0.16,-14.13,-15.89
-0.25,-0.27,0.97,-0.21,1.24,0.16,-13.94,-15.3
-0.25,-0.26,0.99,-0.25,1.26,0.16,-13.59,-14.42
-0.24,-0.25,1.0,-0.2,1.23,0.18,-13.22,-13.86
-0.24,-0.24,1.01,-0.16,1.31,0.11,-13.2,-13.19
-0.25,-0.23,1.05,-0.14,1.18,0.18,-13.33,-12.27
-0.27,-0.23,1.07,-0.06,1.18,0.17,-13.71,-12.01
-0.26,-0.23,1.08,0.02,1.15,0.16,-13.25,-11.8
-0.27,-0.23,1.08,0.11,1.12,0.12,-13.7,-11.66
-0.27,-0.22,1.09,0.2,1.09,0.09,-13.86,-11.05
-0.28,-0.21,1.09,0.28,1.08,0.06,-14.18,-10.83
-0.27,-0.21,1.07,0.36,1.06,0.05,-13.82,-10.87
-0.26,-0.21,1.04,0.42,1.06,0.04,-13.81,-11.31
-0.26,-0.22,1.01,0.47,1.03,0.04,-13.91,-12.0
-0.25,-0.24,0.98,0.45,1.06,0.07,-13.94,-13.55
-0.25,-0.26,0.95,0.45,1.04,0.1,-14.04,-14.58
-0.24,-0.28,0.93,0.42,1.06,0.1,-14.03,-16.01
-0.23,-0.28,0.91,0.36,1.06,0.14,-13.67,-16.74
-0.24,-0.3,0.89,0.28,1.08,0.16,-14.18,-18.08
-0.24,-0.31,0.88,0.2,1.1,0.19,-14.22,-18.51
-0.24,-0.31,0.89,0.11,1.13,0.2,-14.21,-18.64
-0.24,-0.31,0.9,0.06,1.13,0.21,-13.92,-18.72
-0.24,-0.32,0.91,-0.02,1.16,0.21,-13.92,-19.06
-0.23,-0.32,0.92,-0.06,1.16,0.22,-13.45,-18.8
-0.24,-0.32,0.93,-0.11,1.17,0.21,-13.51,-18.36
-0.24,-0.31,0.93,-0.14,1.14,0.2,-13.83,-17.71
-0.24,-0.29,0.94,-0.15,1.14,0.19,-13.48,-16.58
-0.23,-0.27,0.97,-0.16,1.15,0.18,-12.84,-15.14
-0.22,-0.26,0.99,-0.13,1.12,0.18,-12.27,-14.47
-0.22,-0.25,1.0,-0.12,1.11,0.19,-11.86,-13.8
-0.22,-0.25,1.0,-0.07,1.08,0.19,-11.99,-13.44
-0.22,-0.25,1.01,-0.05,1.06,0.2,-12.12,-13.56
-0.24,-0.26,1.02,-0.01,1.03,0.2,-12.63,-13.71
-0.24,-0.27,1.02,0.1,1.17,0.04,-12.78,-14.25
-0.24,-0.27,1.01,0.08,1.03,0.17,-12.88,-14.49
-0.23,-0.27,1.0,0.08,1.05,0.17,-12.66,-14.66
-0.23,-0.27,0.99,0.1,1.03,0.19,-12.79,-14.7
-0.24,-0.27,0.98,0.17,1.18,0.06,-13.08,-14.99
-0.23,-0.27,0.97,0.1,1.03,0.2,-12.85,-15.33
-0.23,-0.27,0.95,0.1,1.04,0.19,-13.19,-15.32
-0.23,-0.27,0.93,0.04,1.07,0.2,-13.18,-15.44
-0.22,-0.26,0.9,0.09,1.24,0.06,-13.18,-15.75
-0.21,-0.26,0.91,0.0,1.05,0.23,-12.82,-15.55
-0.22,-0.26,0.91,-0.05,1.07,0.25,-13.0,-15.48
-0.23,-0.26,0.93,-0.06,1.04,0.26,-13.46,-15.36
-0.25,-0.28,0.95,-0.07,1.02,0.26,-14.04,-15.79
-0.26,-0.28,0.97,-0.05,1.01,0.23,-14.3,-15.82
-0.27,-0.28,0.98,-0.05,1.04,0.2,-14.63,-15.6
-0.26,-0.27,0.98,-0.04,1.04,0.19,-14.3,-15.17
-0.25,-0.27,0.98,-0.03,1.05,0.17,-13.82,-14.65
-0.24,-0.26,0.98,0.01,1.03,0.17,-13.57,-14.74
-0.23,-0.26,0.98,0.02,1.04,0.18,-12.96,-14.58
-0.22,-0.25,0.96,0.03,1.04,0.19,-12.5,-14.43
-0.23,-0.26,0.96,-0.01,1.06,0.19,-13.1,-14.66
-0.22,-0.25,0.94,0.01,1.02,0.21,-12.77,-14.69
-0.21,-0.24,0.94,-0.0,1.03,0.2,-12.42,-14.07
-0.21,-0.25,0.94,-0.0,1.01,0.21,-12.25,-14.45
-0.22,-0.25,0.93,-0.0,1.0,0.21,-12.78,-14.89
-0.24,-0.26,0.94,-0.01,1.03,0.2,-13.57,-14.8
-0.23,-0.26,0.94,-0.02,0.96,0.23,-13.51,-14.86
-0.23,-0.24,0.95,-0.03,0.98,0.24,-13.05,-13.8
-0.22,-0.24,0.95,-0.01,0.97,0.25,-12.73,-13.57
-0.22,-0.22,0.95,-0.0,0.95,0.27,-12.57,-12.93
-0.23,-0.24,0.96,0.03,0.95,0.27,-13.16,-13.55
-0.23,-0.25,0.96,0.04,0.95,0.28,-13.16,-14.37
-0.23,-0.27,0.95,0.05,0.94,0.28,-13.14,-15.23
-0.23,-0.27,0.95,0.06,0.93,0.27,-13.27,-15.59
-0.24,-0.29,0.94,0.07,0.94,0.25,-13.53,-16.67
-0.23,-0.29,0.93,0.04,0.93,0.23,-13.28,-17.05
-0.23,-0.29,0.92,0.03,0.92,0.2,-13.13,-17.11
-0.22,-0.29,0.93,0.01,0.9,0.19,-13.03,-16.72
-0.23,-0.28,0.94,-0.01,0.91,0.17,-13.22,-16.35
-0.23,-0.29,0.94,-0.01,0.92,0.17,-13.02,-16.41
-0.24,-0.29,0.96,-0.02,0.91,0.18,-13.28,-16.3
-0.24,-0.29,0.95,-0.04,0.91,0.18,-13.42,-16.29
-0.23,-0.28,0.95,-0.06,0.93,0.17,-13.33,-15.83
-0.23,-0.27,0.95,-0.08,0.95,0.17,-13.12,-15.32
-0.22,-0.26,0.95,-0.08,0.94,0.18,-12.43,-14.74
-0.22,-0.25,0.96,-0.1,0.96,0.19,-12.29,-14.12
-0.22,-0.24,0.96,-0.05,1.13,0.06,-12.24,-13.68
-0.22,-0.23,0.97,-0.11,0.96,0.25,-12.29,-13.25
-0.23,-0.23,0.97,-0.09,0.94,0.27,-12.91,-13.14
-0.24,-0.24,0.98,-0.07,0.93,0.27,-13.19,-13.45
-0.24,-0.24,0.98,-0.04,0.93,0.26,-13.18,-13.5
-0.24,-0.24,0.98,-0.03,0.94,0.25,-13.24,-13.37
-0.24,-0.25,0.98,-0.01,0.93,0.24,-13.23,-13.79
-0.23,-0.25,0.98,0.03,0.91,0.23,-13.0,-14.13
-0.23,-0.25,0.98,0.06,0.91,0.22,-12.98,-14.18
-0.24,-0.26,0.98,0.07,0.9,0.21,-13.2,-14.67
-0.25,-0.29,0.98,0.09,0.9,0.19,-13.56,-15.85
-0.24,-0.29,0.98,0.11,0.9,0.17,-13.24,-16.08
-0.23,-0.29,0.96,0.1,0.88,0.16,-13.21,-16.26
-0.22,-0.28,0.94,0.07,0.91,0.14,-12.79,-15.93
-0.21,-0.27,0.93,0.03,0.92,0.16,-12.26,-15.48
-0.2,-0.26,0.94,-0.01,0.93,0.16,-11.37,-15.1
-0.19,-0.26,0.95,-0.04,0.93,0.2,-11.14,-14.92
-0.2,-0.25,0.95,-0.07,0.96,0.22,-11.28,-14.41
-0.2,-0.25,0.95,-0.11,0.96,0.25,-11.32,-14.47
-0.2,-0.25,0.96,-0.1,0.95,0.25,-11.56,-14.36
-0.21,-0.24,0.96,-0.1,0.94,0.26,-11.86,-13.79
-0.22,-0.24,0.98,-0.1,0.96,0.24,-12.14,-13.41
-0.21,-0.23,0.98,-0.1,0.97,0.26,-11.73,-13.01
-0.21,-0.23,1.0,-0.06,0.95,0.25,-11.69,-12.57
-0.21,-0.24,0.98,-0.02,0.91,0.28,-11.53,-13.26
-0.21,-0.24,0.99,0.01,0.93,0.27,-11.88,-13.45
-0.22,-0.25,0.99,0.01,0.93,0.26,-12.03,-13.91
-0.22,-0.25,0.99,0.05,0.92,0.26,-11.99,-13.77
-0.22,-0.26,0.99,0.07,0.9,0.24,-12.33,-14.16
-0.22,-0.26,1.0,0.11,0.91,0.23,-11.99,-14.14
-0.24,-0.26,1.0,0.15,0.91,0.21,-12.81,-14.28
-0.22,-0.26,0.99,0.18,0.91,0.2,-12.22,-14.63
-0.21,-0.25,0.99,0.21,0.9,0.19,-11.52,-14.17
-0.2,-0.24,0.96,0.22,0.92,0.17,-11.49,-13.53
-0.18,-0.23,0.96,0.21,0.93,0.18,-10.61,-13.32
-0.18,-0.22,0.96,0.2,0.91,0.2,-10.34,-12.85
-0.17,-0.21,0.94,0.2,0.91,0.21,-9.87,-12.64
-0.16,-0.21,0.93,0.18,0.93,0.23,-9.55,-12.58
-0.16,-0.21,0.91,0.14,0.94,0.25,-9.58,-12.93
-0.15,-0.21,0.91,0.1,0.93,0.29,-9.41,-13.01
-0.16,-0.22,0.9,0.06,0.94,0.31,-9.57,-13.54
-0.16,-0.23,0.91,0.06,0.93,0.32,-9.6,-13.92
-0.17,-0.24,0.92,0.04,0.94,0.32,-9.97,-14.43
-0.18,-0.25,0.92,0.02,0.92,0.33,-10.38,-15.0
-0.18,-0.26,0.92,0.04,0.9,0.3,-10.79,-15.54
-0.19,-0.26,0.93,0.04,0.89,0.28,-11.15,-15.45
-0.19,-0.26,0.93,0.03,0.91,0.25,-11.04,-15.3
-0.18,-0.25,0.93,0.04,0.89,0.24,-10.57,-14.6
-0.17,-0.22,0.92,0.06,0.87,0.23,-10.16,-13.29
-0.15,-0.21,0.93,0.05,0.88,0.23,-8.75,-12.59
-0.14,-0.21,0.92,0.06,0.87,0.24,-8.47,-12.45
-0.14,-0.21,0.93,0.06,0.84,0.26,-8.56,-12.6
-0.15,-0.21,0.92,0.08,0.83,0.25,-9.11,-12.55
-0.16,-0.22,0.92,0.08,0.78,0.27,-9.78,-13.37
-0.17,-0.24,0.92,0.1,0.79,0.26,-10.02,-14.16
-0.16,-0.25,0.91,0.07,0.78,0.24,-9.65,-14.9
-0.16,-0.24,0.9,0.06,0.78,0.23,-9.77,-14.71
-0.16,-0.23,0.9,0.03,0.76,0.23,-9.6,-14.0
-0.15,-0.23,0.9,-0.0,0.77,0.22,-9.41,-14.14
-0.15,-0.22,0.91,-0.04,0.77,0.25,-9.31,-13.36
-0.15,-0.22,0.93,-0.05,0.74,0.26,-9.18,-13.08
-0.17,-0.23,0.95,-0.07,0.71,0.3,-9.66,-13.5
-0.19,-0.24,0.96,-0.11,0.73,0.29,-10.59,-13.53
-0.21,-0.25,0.97,-0.13,0.71,0.3,-11.79,-14.4
-0.22,-0.26,0.98,-0.11,0.72,0.28,-12.36,-14.35
-0.23,-0.26,1.01,-0.11,0.72,0.27,-12.31,-14.09
-0.23,-0.26,1.02,-0.1,0.76,0.27,-12.34,-13.81
-0.24,-0.25,1.02,-0.09,0.78,0.27,-12.92,-13.52
-0.24,-0.25,1.02,-0.06,0.81,0.28,-12.82,-13.32
-0.23,-0.24,1.03,-0.04,0.85,0.28,-12.32,-12.75
-0.21,-0.24,1.02,0.0,0.85,0.29,-11.47,-12.82
-0.2,-0.23,1.0,0.02,0.88,0.31,-11.26,-12.83
-0.2,-0.22,0.98,0.05,0.87,0.31,-11.03,-12.66
-0.19,-0.24,0.96,0.08,0.86,0.3,-10.9,-13.79
-0.17,-0.22,0.94,0.1,0.86,0.28,-10.04,-12.96
-0.17,-0.23,0.92,0.08,0.87,0.28,-10.06,-13.71
-0.16,-0.24,0.92,0.13,0.82,0.27,-9.83,-14.43
-0.16,-0.25,0.9,0.16,0.78,0.26,-9.8,-15.45
-0.17,-0.26,0.91,0.18,0.77,0.2,-10.03,-15.62
-0.17,-0.26,0.91,0.2,0.75,0.15,-10.15,-15.91
-0.17,-0.26,0.92,0.23,0.72,0.11,-10.09,-15.37
-0.16,-0.25,0.92,0.27,0.66,0.07,-9.56,-15.07
-0.15,-0.22,0.92,0.31,0.64,0.03,-8.94,-13.58
-0.14,-0.21,0.91,0.3,0.63,0.01,-8.5,-12.55
-0.13,-0.2,0.92,0.31,0.58,0.02,-8.14,-12.43
-0.13,-0.22,0.91,0.33,0.55,0.02,-8.1,-13.35
-0.13,-0.24,0.9,0.32,0.56,0.01,-7.82,-14.6
-0.13,-0.25,0.88,0.28,0.6,0.01,-7.81,-15.52
-0.11,-0.24,0.87,0.23,0.63,0.03,-7.18,-15.52
-0.11,-0.25,0.86,0.17,0.67,0.05,-6.67,-15.74
-0.11,-0.25,0.86,0.09,0.72,0.07,-6.98,-16.37
-0.12,-0.26,0.87,0.01,0.75,0.08,-7.54,-16.8
-0.13,-0.27,0.88,-0.07,0.78,0.1,-8.03,-16.83
-0.13,-0.26,0.9,-0.13,0.81,0.09,-8.14,-15.91
-0.14,-0.26,0.92,-0.17,0.81,0.11,-8.3,-15.42
-0.15,-0.25,0.93,-0.22,0.85,0.1,-8.86,-14.93
-0.16,-0.25,0.95,-0.24,0.85,0.12,-9.43,-14.42
-0.17,-0.24,0.96,-0.22,0.86,0.12,-9.69,-13.83
-0.18,-0.23,0.99,-0.22,0.84,0.14,-9.86,-13.0
-0.18,-0.23,0.99,-0.19,0.86,0.14,-9.83,-12.84
-0.18,-0.22,0.99,-0.16,0.85,0.14,-10.08,-12.28
-0.18,-0.21,1.0,-0.11,0.84,0.16,-10.0,-11.79
-0.17,-0.2,0.99,-0.08,0.82,0.14,-9.55,-11.46
-0.17,-0.2,0.98,-0.06,0.81,0.14,-9.43,-11.25
-0.17,-0.2,0.97,-0.05,0.79,0.16,-9.57,-11.65
-0.17,-0.21,0.96,-0.01,0.77,0.16,-9.76,-11.96
-0.17,-0.21,0.96,0.01,0.77,0.16,-9.69,-11.95
-0.17,-0.21,0.95,-0.0,0.8,0.18,-9.68,-12.14
-0.16,-0.21,0.94,-0.01,0.8,0.21,-9.44,-12.54
-0.17,-0.22,0.94,-0.01,0.82,0.2,-9.72,-13.06
-0.17,-0.23,0.94,-0.02,0.83,0.2,-10.16,-13.76
-0.16,-0.23,0.94,-0.01,0.87,0.19,-9.64,-13.54
-0.15,-0.22,0.93,-0.03,0.88,0.21,-8.96,-12.92
-0.14,-0.21,0.93,-0.02,0.88,0.21,-8.18,-12.57
-0.14,-0.21,0.92,-0.04,0.87,0.22,-8.68,-12.98
-0.15,-0.22,0.92,-0.08,0.9,0.22,-9.2,-13.38
-0.15,-0.22,0.93,-0.08,0.9,0.22,-9.12,-13.37
-0.14,-0.21,0.93,-0.09,0.91,0.22,-8.29,-12.65
-0.13,-0.19,0.92,-0.09,0.87,0.22,-7.67,-11.54
-0.12,-0.19,0.92,-0.14,0.86,0.23,-7.28,-11.62
-0.13,-0.2,0.92,-0.17,0.84,0.24,-7.82,-11.99
-0.15,-0.21,0.94,-0.19,0.84,0.26,-8.74,-12.48
-0.17,-0.21,0.96,-0.19,0.83,0.26,-9.66,-12.14
-0.16,-0.22,0.97,-0.2,0.84,0.25,-9.22,-12.6
-0.18,-0.22,0.98,-0.23,0.86,0.27,-10.05,-12.38
-0.19,-0.21,0.98,-0.22,0.86,0.27,-10.8,-11.69
-0.18,-0.21,0.99,-0.19,0.87,0.28,-10.31,-11.63
-0.18,-0.2,1.0,-0.17,0.88,0.29,-10.14,-11.06
-0.18,-0.2,0.98,-0.16,0.89,0.31,-10.27,-11.47
-0.19,-0.21,0.98,-0.12,0.87,0.32,-10.54,-11.85
-0.18,-0.2,0.98,-0.12,0.9,0.34,-10.18,-11.18
-0.17,-0.19,0.97,-0.09,0.9,0.33,-9.48,-10.95
-0.16,-0.17,0.96,-0.07,0.9,0.35,-9.05,-10.22
-0.14,-0.17,0.94,-0.08,0.89,0.36,-8.18,-10.04
-0.14,-0.18,0.93,-0.09,0.87,0.37,-8.13,-10.76
-0.14,-0.19,0.93,-0.1,0.88,0.38,-8.57,-11.34
-0.14,-0.2,0.94,-0.11,0.91,0.39,-8.43,-11.64
-0.14,-0.2,0.94,-0.12,0.91,0.42,-8.21,-11.74
-0.13,-0.2,0.92,-0.12,0.88,0.43,-7.65,-12.18
-0.13,-0.19,0.91,-0.14,0.88,0.43,-7.91,-11.8
-0.13,-0.2,0.92,-0.14,0.89,0.43,-8.18,-12.27
-0.14,-0.22,0.93,-0.16,0.93,0.43,-8.32,-13.19
-0.13,-0.22,0.93,-0.15,0.9,0.43,-7.77,-13.27
-0.12,-0.22,0.92,-0.14,0.91,0.41,-7.39,-13.28
-0.12,-0.21,0.9,-0.14,0.93,0.4,-7.35,-12.9
-0.11,-0.2,0.9,-0.17,0.91,0.4,-7.09,-12.46
-0.1,-0.18,0.89,-0.18,0.91,0.41,-6.21,-11.2
-0.08,-0.17,0.9,-0.21,0.91,0.4,-5.22,-10.4
-0.07,-0.15,0.9,-0.25,0.92,0.43,-4.15,-9.66
-0.07,-0.15,0.89,-0.31,0.92,0.46,-4.26,-9.53
-0.08,-0.16,0.89,-0.35,0.9,0.48,-4.73,-9.89
-0.08,-0.17,0.9,-0.37,0.87,0.51,-5.3,-10.64
-0.09,-0.17,0.91,-0.41,0.9,0.52,-5.56,-10.67
-0.1,-0.18,0.91,-0.45,0.9,0.55,-6.22,-10.89
-0.11,-0.18,0.93,-0.44,0.88,0.56,-6.43,-11.05
-0.12,-0.19,0.94,-0.44,0.86,0.57,-7.02,-11.52
-0.13,-0.21,0.94,-0.46,0.85,0.57,-7.83,-12.29
-0.15,-0.23,0.95,-0.44,0.85,0.57,-8.96,-13.29
-0.19,-0.25,0.95,-0.37,0.91,0.49,-10.7,-14.27
-0.21,-0.27,0.96,-0.33,0.82,0.53,-11.65,-15.53
-0.22,-0.3,0.97,-0.24,0.84,0.48,-12.17,-16.62
-0.22,-0.3,0.97,-0.17,0.85,0.43,-12.39,-16.87
-0.22,-0.29,0.98,-0.06,0.87,0.38,-12.35,-16.31
-0.21,-0.27,0.97,0.05,0.86,0.34,-11.69,-15.27
-0.18,-0.25,0.96,0.11,0.89,0.3,-10.12,-14.22
-0.15,-0.22,0.95,0.15,0.89,0.29,-8.89,-12.86
-0.14,-0.2,0.93,0.2,0.85,0.28,-8.41,-11.88
-0.13,-0.19,0.92,0.22,0.84,0.29,-7.96,-11.61
-0.13,-0.18,0.93,0.22,0.87,0.28,-7.54,-11.07
-0.11,-0.18,0.92,0.24,0.86,0.3,-6.68,-10.89
-0.1,-0.16,0.92,0.21,0.87,0.31,-6.16,-10.1
-0.09,-0.15,0.91,0.21,0.82,0.33,-5.43,-9.52
-0.08,-0.16,0.91,0.17,0.85,0.34,-4.8,-9.73
-0.08,-0.17,0.9,0.14,0.86,0.36,-5.27,-10.38
-0.08,-0.16,0.9,0.12,0.85,0.39,-4.88,-9.84
-0.08,-0.17,0.89,0.09,0.83,0.41,-5.24,-10.76
-0.09,-0.18,0.89,0.06,0.86,0.41,-5.63,-11.12
-0.09,-0.17,0.9,0.01,0.87,0.43,-5.55,-10.72
-0.09,-0.18,0.9,-0.02,0.87,0.46,-5.48,-11.43
-0.1,-0.19,0.9,-0.03,0.88,0.46,-6.18,-12.03
-0.11,-0.22,0.9,-0.04,0.87,0.47,-6.71,-13.47
-0.12,-0.25,0.9,-0.06,0.88,0.46,-7.28,-15.15
-0.14,-0.25,0.88,-0.04,0.87,0.43,-8.37,-15.89
-0.14,-0.25,0.9,-0.01,0.86,0.41,-8.58,-15.53
-0.14,-0.25,0.91,0.04,0.89,0.35,-8.38,-15.27
-0.14,-0.24,0.92,0.05,0.9,0.31,-8.38,-14.75
-0.14,-0.23,0.92,0.08,0.87,0.29,-8.44,-13.67
-0.13,-0.22,0.92,0.14,0.86,0.25,-8.08,-13.2
-0.13,-0.2,0.93,0.18,0.84,0.24,-7.96,-12.27
-0.12,-0.2,0.94,0.22,0.82,0.24,-7.19,-11.8
-0.12,-0.19,0.94,0.26,0.8,0.25,-7.13,-11.2
-0.11,-0.18,0.93,0.29,0.83,0.23,-6.54,-10.65
-0.09,-0.18,0.92,0.3,0.8,0.26,-5.48,-11.04
-0.05,-0.18,0.9,0.26,0.8,0.26,-3.44,-11.14
-0.03,-0.15,0.88,0.2,0.79,0.29,-2.03,-9.67
-0.04,-0.16,0.87,0.14,0.81,0.3,-2.62,-10.22
-0.05,-0.18,0.86,0.09,0.82,0.32,-3.15,-11.77
-0.06,-0.2,0.87,0.02,0.88,0.33,-3.74,-12.61
-0.06,-0.2,0.89,-0.02,0.89,0.35,-3.97,-12.75
-0.06,-0.2,0.88,-0.04,0.9,0.34,-4.07,-12.58
-0.07,-0.19,0.88,-0.07,0.91,0.34,-4.45,-12.17
-0.08,-0.19,0.89,-0.1,0.92,0.31,-5.24,-11.9
-0.09,-0.19,0.91,-0.1,0.91,0.31,-5.43,-12.01
-0.1,-0.19,0.92,-0.08,0.9,0.3,-5.91,-11.94
-0.1,-0.18,0.92,-0.06,0.89,0.3,-6.18,-10.85
-0.1,-0.18,0.92,-0.04,0.9,0.29,-6.29,-11.03
-0.11,-0.18,0.93,-0.02,0.87,0.29,-6.57,-11.03
-0.12,-0.18,0.93,0.03,0.86,0.27,-6.92,-11.1
-0.12,-0.18,0.92,0.08,0.82,0.27,-7.22,-11.04
-0.13,-0.18,0.92,0.13,0.82,0.25,-7.64,-11.07
-0.13,-0.19,0.91,0.18,0.79,0.23,-7.8,-11.59
-0.12,-0.19,0.91,0.21,0.8,0.22,-7.46,-11.65
-0.1,-0.16,0.9,0.25,0.79,0.2,-6.35,-10.35
-0.08,-0.14,0.89,0.27,0.81,0.2,-4.81,-8.98
-0.05,-0.12,0.88,0.25,0.82,0.23,-3.45,-8.02
-0.03,-0.11,0.87,0.2,0.83,0.25,-1.91,-7.08
-0.01,-0.11,0.87,0.16,0.83,0.29,-0.74,-7.08
-0.01,-0.1,0.86,0.11,0.85,0.31,-0.42,-6.94
-0.0,-0.11,0.84,0.04,0.85,0.33,-0.29,-7.68
-0.0,-0.12,0.84,-0.03,0.84,0.34,-0.29,-7.92
-0.02,-0.14,0.85,-0.07,0.84,0.33,-1.45,-9.61
-0.03,-0.15,0.85,-0.1,0.81,0.3,-2.07,-10.1
-0.05,-0.17,0.85,-0.13,0.79,0.28,-3.57,-10.97
-0.06,-0.18,0.86,-0.14,0.78,0.24,-4.08,-11.75
-0.08,-0.18,0.87,-0.09,0.75,0.19,-5.24,-11.7
-0.09,-0.2,0.9,-0.07,0.72,0.15,-5.54,-12.64
-0.09,-0.18,0.89,-0.05,0.71,0.12,-5.5,-11.51
-0.09,-0.18,0.9,0.01,0.66,0.09,-5.44,-11.2
-0.09,-0.17,0.9,0.06,0.61,0.06,-5.91,-10.41
-0.1,-0.15,0.91,0.1,0.61,0.03,-6.21,-9.5
-0.09,-0.16,0.9,0.17,0.57,0.02,-5.85,-9.95
-0.09,-0.16,0.91,0.2,0.56,-0.0,-5.42,-9.77
-0.07,-0.13,0.9,0.28,0.52,-0.0,-4.56,-8.28
-0.05,-0.11,0.91,0.32,0.5,0.0,-3.27,-7.04
-0.03,-0.09,0.9,0.33,0.5,0.0,-1.84,-6.02
-0.02,-0.08,0.91,0.37,0.45,0.03,-1.01,-5.13
-0.01,-0.09,0.89,0.38,0.45,0.01,-0.33,-5.52
0.01,-0.09,0.87,0.34,0.36,0.07,0.75,-5.78
0.03,-0.08,0.85,0.34,0.37,0.07,1.99,-5.55
0.03,-0.08,0.84,0.33,0.35,0.07,2.11,-5.76
0.04,-0.07,0.83,0.29,0.36,0.07,2.8,-5.06
0.06,-0.06,0.83,0.26,0.34,0.09,3.8,-4.31
0.06,-0.06,0.82,0.19,0.37,0.09,4.41,-4.19
0.08,-0.05,0.81,0.12,0.36,0.12,5.88,-3.52
0.1,-0.03,0.8,0.04,0.37,0.14,6.97,-2.33
0.11,-0.02,0.81,-0.06,0.38,0.17,7.44,-1.28
0.1,-0.02,0.82,-0.17,0.41,0.2,6.78,-1.71
0.08,-0.04,0.83,-0.24,0.4,0.23,5.42,-2.55
0.06,-0.07,0.84,-0.27,0.36,0.24,3.8,-4.62
0.03,-0.09,0.83,-0.3,0.32,0.24,2.25,-6.39
-0.01,-0.12,0.84,-0.3,0.3,0.23,-0.39,-8.39
-0.04,-0.15,0.85,-0.29,0.28,0.18,-2.44,-9.79
-0.05,-0.17,0.86,-0.21,0.25,0.11,-3.48,-11.36
-0.07,-0.18,0.89,-0.14,0.19,0.07,-4.38,-11.59
-0.07,-0.17,0.89,-0.06,0.18,0.01,-4.58,-10.79
-0.06,-0.15,0.9,-0.0,0.16,-0.02,-3.91,-9.6
-0.05,-0.14,0.9,0.07,0.11,-0.03,-3.11,-8.57
-0.04,-0.12,0.91,0.12,0.06,-0.03,-2.56,-7.54
-0.04,-0.11,0.92,0.16,0.06,-0.04,-2.54,-6.78
-0.03,-0.1,0.91,0.19,0.03,-0.03,-1.99,-6.49
-0.03,-0.11,0.91,0.23,-0.01,-0.01,-2.1,-6.71
-0.02,-0.09,0.91,0.23,-0.05,-0.02,-1.31,-5.79
-0.02,-0.09,0.9,0.22,-0.06,-0.01,-1.05,-5.63
-0.01,-0.1,0.91,0.19,-0.07,0.01,-0.85,-6.14
-0.01,-0.12,0.89,0.18,-0.09,0.01,-0.51,-7.51
-0.0,-0.13,0.87,0.13,-0.08,0.03,-0.19,-8.55
0.0,-0.12,0.87,0.06,-0.03,0.01,0.09,-7.96
-0.0,-0.11,0.87,-0.03,0.01,0.02,-0.04,-7.36
0.01,-0.12,0.88,-0.1,0.01,0.04,0.43,-7.87
-0.01,-0.14,0.89,-0.16,0.05,0.05,-0.65,-8.82
-0.04,-0.16,0.91,-0.22,0.05,0.05,-2.48,-9.93
-0.06,-0.16,0.91,-0.25,0.08,0.04,-3.74,-10.11
-0.08,-0.17,0.93,-0.24,0.07,0.04,-4.6,-10.52
-0.08,-0.16,0.95,-0.26,0.05,0.03,-4.98,-9.63
-0.09,-0.16,0.97,-0.22,0.04,0.03,-5.21,-9.19
-0.1,-0.15,0.96,-0.19,0.04,0.0,-5.75,-8.77
-0.11,-0.16,0.96,-0.17,0.01,0.02,-6.59,-9.25
-0.12,-0.15,0.97,-0.14,0.02,-0.01,-6.89,-8.83
-0.12,-0.15,0.99,-0.09,-0.01,0.01,-6.72,-8.44
-0.11,-0.14,0.99,-0.05,-0.01,0.02,-6.09,-7.87
-0.1,-0.14,0.98,-0.03,-0.03,0.04,-5.97,-8.01
-0.1,-0.14,0.97,-0.0,-0.02,0.05,-6.1,-8.4
-0.11,-0.15,0.98,0.03,-0.03,0.07,-6.08,-8.48
-0.09,-0.16,0.96,0.05,-0.04,0.08,-5.45,-9.28
-0.07,-0.16,0.95,0.08,-0.07,0.09,-4.04,-9.39
-0.06,-0.16,0.92,0.07,-0.08,0.07,-3.88,-9.65
-0.06,-0.16,0.91,0.07,-0.09,0.05,-3.89,-10.23
-0.06,-0.17,0.91,0.01,-0.05,0.02,-3.65,-10.27
-0.06,-0.16,0.91,-0.01,-0.06,0.02,-3.79,-9.67
-0.06,-0.15,0.92,-0.05,-0.03,0.01,-3.52,-9.23
-0.06,-0.14,0.92,-0.06,-0.03,0.01,-3.59,-8.86
-0.07,-0.15,0.92,-0.08,0.0,0.01,-4.05,-9.42
-0.07,-0.15,0.93,-0.13,0.03,0.04,-3.97,-9.24
-0.06,-0.14,0.94,-0.14,0.06,0.06,-3.86,-8.65
-0.07,-0.15,0.95,-0.16,0.06,0.08,-3.98,-8.77
-0.08,-0.15,0.95,-0.17,0.08,0.1,-4.44,-8.89
-0.08,-0.16,0.95,-0.18,0.08,0.12,-4.89,-9.24
-0.1,-0.15,0.94,-0.15,0.07,0.1,-6.12,-9.25
-0.1,-0.15,0.94,-0.12,0.05,0.08,-6.15,-9.09
-0.1,-0.15,0.95,-0.1,0.03,0.08,-5.93,-9.08
-0.1,-0.16,0.96,-0.06,0.01,0.07,-5.9,-9.7
-0.1,-0.17,0.96,-0.04,0.02,0.07,-6.1,-10.1
-0.1,-0.17,0.95,0.0,-0.01,0.07,-5.94,-10.29
-0.1,-0.17,0.94,0.03,0.01,0.05,-5.89,-10.36
-0.09,-0.16,0.95,0.01,0.03,0.05,-5.56,-9.78
-0.07,-0.15,0.94,0.04,0.01,0.05,-4.47,-9.2
-0.06,-0.16,0.94,0.05,-0.02,0.05,-3.66,-9.36
-0.06,-0.15,0.93,0.04,-0.01,0.05,-3.39,-9.04
-0.05,-0.15,0.92,-0.02,0.03,0.05,-3.36,-9.09
-0.05,-0.15,0.92,0.0,-0.0,0.05,-3.04,-9.07
-0.05,-0.15,0.92,-0.03,0.02,0.05,-2.9,-9.1
-0.05,-0.15,0.92,-0.03,0.02,0.04,-2.84,-9.46
-0.05,-0.17,0.91,-0.07,0.05,0.05,-2.87,-10.69
-0.05,-0.19,0.91,-0.1,0.06,0.04,-3.33,-11.53
-0.06,-0.18,0.91,-0.11,0.08,0.04,-3.58,-11.43
-0.06,-0.17,0.93,-0.13,0.11,0.04,-3.4,-10.36
-0.06,-0.17,0.94,-0.17,0.14,0.04,-3.47,-10.04
-0.06,-0.16,0.96,-0.17,0.12,0.05,-3.73,-9.72
-0.08,-0.17,0.96,-0.16,0.09,0.06,-4.68,-9.87
-0.09,-0.18,0.96,-0.14,0.11,0.04,-5.5,-10.62
-0.1,-0.17,0.97,-0.12,0.09,0.04,-5.74,-9.91
-0.1,-0.18,0.97,-0.1,0.1,0.02,-5.88,-10.24
-0.1,-0.17,0.97,-0.05,0.07,0.02,-5.92,-9.84
-0.09,-0.16,0.97,-0.03,0.07,0.02,-5.41,-9.4
-0.1,-0.17,0.96,-0.01,0.1,0.02,-5.69,-10.23
-0.09,-0.16,0.96,0.04,0.09,0.03,-5.03,-9.55
-0.06,-0.16,0.96,0.1,0.08,0.04,-3.41,-9.27
-0.04,-0.14,0.94,0.13,0.07,0.04,-2.2,-8.31
-0.01,-0.14,0.91,0.15,0.09,0.04,-0.76,-8.71
0.0,-0.13,0.88,0.18,0.05,0.05,0.06,-8.69
0.02,-0.14,0.86,0.18,0.08,0.02,1.13,-9.2
0.03,-0.13,0.83,0.22,0.06,-0.01,2.15,-9.02
0.06,-0.11,0.82,0.24,0.09,-0.05,4.2,-7.26
0.09,-0.09,0.81,0.25,0.07,-0.07,6.17,-6.27
0.12,-0.06,0.8,0.27,0.05,-0.09,8.53,-4.22
0.15,-0.04,0.77,0.26,0.0,-0.1,11.25,-2.98
0.18,-0.03,0.74,0.26,-0.01,-0.12,13.6,-2.08
0.21,-0.02,0.72,0.23,-0.04,-0.13,16.27,-1.52
0.24,-0.01,0.7,0.21,-0.07,-0.17,18.93,-0.9
0.27,0.0,0.67,0.17,-0.1,-0.17,21.6,0.13
0.3,0.02,0.65,0.12,-0.12,-0.19,25.27,1.96
0.33,0.05,0.61,0.04,-0.14,-0.22,28.5,4.22
0.36,0.06,0.58,-0.02,-0.18,-0.23,31.17,5.42
0.36,0.07,0.56,-0.11,-0.22,-0.23,33.0,6.4
0.36,0.08,0.53,-0.16,-0.22,-0.26,34.11,6.79
0.36,0.08,0.51,-0.18,-0.23,-0.27,34.76,7.08
0.35,0.09,0.49,-0.17,-0.27,-0.29,35.17,8.13
0.35,0.1,0.47,-0.12,-0.31,-0.31,35.9,10.03
0.35,0.12,0.46,-0.07,-0.34,-0.34,36.63,12.11
0.36,0.15,0.45,0.01,-0.42,-0.37,37.04,14.49
0.36,0.16,0.44,0.12,-0.52,-0.4,37.97,15.95
0.36,0.18,0.42,0.25,-0.65,-0.42,38.72,17.61
0.37,0.19,0.4,0.41,-0.8,-0.46,40.19,19.08
0.4,0.19,0.37,0.56,-0.96,-0.5,43.53,19.52
0.43,0.2,0.34,0.7,-1.18,-0.54,47.69,20.24
0.48,0.21,0.29,0.83,-1.4,-0.61,53.01,20.58
0.53,0.21,0.25,0.91,-1.64,-0.69,57.93,20.14
0.58,0.22,0.2,0.94,-1.9,-0.78,63.04,19.86
0.64,0.22,0.12,0.91,-2.2,-0.88,68.63,18.5
0.65,0.21,0.07,0.83,-2.45,-0.99,71.36,17.74
0.65,0.19,0.0,0.66,-2.71,-1.12,73.76,16.24
0.62,0.15,-0.05,0.48,-2.9,-1.25,75.4,13.98
0.57,0.13,-0.05,0.29,-3.06,-1.35,76.48,12.4
0.51,0.07,-0.04,0.11,-3.19,-1.43,80.77,8.35
0.44,0.05,-0.01,-0.05,-3.31,-1.48,82.99,6.79
0.38,0.04,0.03,-0.17,-3.38,-1.5,83.29,5.52
0.3,0.02,0.06,-0.29,-3.47,-1.48,78.54,4.05
0.24,0.01,0.09,-0.33,-3.53,-1.46,68.23,3.05
0.17,0.01,0.13,-0.35,-3.61,-1.4,52.12,3.26
0.13,0.02,0.16,-0.33,-3.69,-1.35,38.45,4.8
0.11,0.06,0.16,-0.28,-3.77,-1.26,32.06,17.14
0.1,0.09,0.15,-0.24,-3.85,-1.2,28.85,27.82
0.11,0.12,0.14,-0.19,-3.96,-1.08,30.44,34.23
0.11,0.11,0.11,-0.15,-4.1,-0.96,35.4,35.08
0.1,0.02,0.08,-0.1,-4.32,-0.83,50.29,7.54
0.03,-0.15,0.05,-0.0,-4.4,-0.76,10.04,-70.71
-0.09,-0.4,0.01,0.11,-4.4,-0.77,-12.18,-77.75
-0.22,-0.64,-0.0,0.22,-4.4,-0.94,-19.05,-70.95
-0.32,-0.81,-0.02,0.33,-4.4,-1.24,-21.35,-68.61
-0.38,-0.89,-0.03,0.43,-4.4,-1.57,-23.35,-66.57
-0.43,-0.85,0.04,0.46,-4.4,-1.96,-26.7,-63.19
-0.44,-0.8,0.09,0.45,-4.4,-2.27,-28.45,-60.87
-0.41,-0.73,0.13,0.38,-4.4,-2.48,-29.01,-59.48
-0.4,-0.67,0.18,0.24,-4.4,-2.6,-29.84,-56.98
-0.41,-0.61,0.26,0.1,-4.4,-2.59,-31.77,-51.57
-0.44,-0.56,0.34,-0.06,-4.4,-2.49,-34.26,-44.99
-0.5,-0.52,0.42,-0.24,-4.4,-2.31,-37.05,-38.41
-0.56,-0.48,0.49,-0.36,-4.4,-2.09,-39.21,-32.52
-0.59,-0.43,0.59,-0.43,-4.4,-1.81,-38.87,-27.58
-0.61,-0.4,0.65,-0.48,-4.4,-1.54,-38.66,-24.15
-0.6,-0.36,0.7,-0.49,-4.4,-1.2,-37.11,-21.65
-0.58,-0.33,0.7,-0.46,-4.4,-0.86,-36.63,-19.95
-0.56,-0.32,0.68,-0.44,-4.4,-0.52,-36.94,-19.73
-0.57,-0.33,0.63,-0.43,-4.4,-0.19,-38.62,-21.38
-0.63,-0.45,0.61,-0.44,-4.4,0.08,-40.12,-26.95
-0.75,-0.64,0.65,-0.42,-4.4,0.26,-39.4,-32.84
-0.89,-0.85,0.72,-0.31,-4.4,0.3,-38.63,-36.53
-1.06,-1.12,0.84,-0.15,-4.4,0.19,-37.15,-39.62
-1.17,-1.36,0.95,0.01,-4.4,-0.1,-35.3,-42.02
-1.25,-1.53,1.06,0.15,-4.4,-0.48,-33.98,-43.08
-1.31,-1.54,1.12,0.22,-4.4,-0.94,-34.55,-41.74
-1.3,-1.42,1.14,0.24,-4.4,-1.38,-35.5,-39.34
-1.21,-1.25,1.15,0.15,-4.4,-1.74,-35.59,-36.75
-1.1,-1.05,1.2,0.02,-4.4,-1.94,-34.53,-33.01
-0.97,-0.86,1.24,-0.11,-4.4,-1.95,-32.76,-28.72
-0.86,-0.7,1.27,-0.26,-4.4,-1.78,-30.72,-24.62
-0.79,-0.58,1.28,-0.42,-4.4,-1.49,-29.14,-21.12
-0.75,-0.49,1.3,-0.56,-4.4,-1.14,-28.2,-18.26
-0.74,-0.44,1.33,-0.67,-4.4,-0.74,-28.0,-15.99
-0.76,-0.4,1.36,-0.74,-4.4,-0.42,-28.14,-14.57
-0.78,-0.38,1.38,-0.79,-4.4,-0.1,-28.54,-13.59
-0.78,-0.37,1.37,-0.81,-4.4,0.17,-28.65,-13.06
-0.78,-0.36,1.34,-0.79,-4.3,0.39,-29.14,-13.03
-0.81,-0.43,1.36,-0.76,-4.18,0.58,-29.53,-15.22
-0.85,-0.55,1.44,-0.7,-4.08,0.69,-28.73,-18.13
-0.86,-0.63,1.55,-0.53,-3.97,0.72,-27.33,-19.69
-0.88,-0.71,1.63,-0.32,-3.87,0.64,-26.45,-20.93
-0.9,-0.77,1.68,-0.07,-3.79,0.48,-25.92,-22.08
-0.91,-0.86,1.71,0.19,-3.71,0.22,-25.46,-23.95
-0.88,-0.88,1.72,0.42,-3.67,-0.05,-24.52,-24.55
-0.81,-0.86,1.68,0.62,-3.67,-0.35,-23.28,-24.79
-0.75,-0.8,1.57,0.77,-3.7,-0.62,-23.06,-24.52
-0.66,-0.72,1.48,0.86,-3.73,-0.85,-21.95,-23.9
-0.58,-0.63,1.36,0.87,-3.8,-0.98,-21.3,-23.04
-0.51,-0.55,1.28,0.82,-3.91,-1.03,-20.02,-21.67
-0.46,-0.49,1.25,0.74,-4.01,-0.99,-18.82,-20.33
-0.44,-0.46,1.25,0.6,-4.06,-0.9,-18.13,-18.95
-0.42,-0.43,1.29,0.44,-4.07,-0.76,-17.22,-17.41
-0.4,-0.41,1.34,0.31,-4.03,-0.57,-16.07,-16.22
-0.39,-0.38,1.39,0.16,-4.0,-0.39,-15.08,-14.89
-0.37,-0.36,1.43,0.02,-3.89,-0.2,-14.15,-13.79
-0.37,-0.34,1.47,-0.12,-3.78,-0.03,-13.72,-12.54
-0.37,-0.31,1.5,-0.24,-3.65,0.14,-13.61,-11.48
-0.37,-0.31,1.52,-0.36,-3.52,0.29,-13.54,-11.14
-0.37,-0.31,1.57,-0.48,-3.39,0.41,-13.02,-10.89
-0.36,-0.32,1.67,-0.56,-3.26,0.51,-11.82,-10.76
-0.33,-0.32,1.79,-0.59,-3.16,0.56,-10.4,-10.12
-0.31,-0.33,1.9,-0.58,-3.05,0.55,-9.09,-9.65
-0.27,-0.32,2.0,-0.49,-2.88,0.45,-7.67,-8.97
-0.24,-0.3,2.05,-0.39,-2.79,0.32,-6.5,-8.27
-0.2,-0.27,2.04,-0.25,-2.66,0.12,-5.61,-7.6
-0.16,-0.24,2.0,-0.12,-2.55,-0.08,-4.65,-6.84
-0.12,-0.2,1.92,-0.02,-2.45,-0.28,-3.67,-5.81
-0.09,-0.17,1.83,0.07,-2.35,-0.42,-2.79,-5.17
-0.07,-0.14,1.71,0.11,-2.29,-0.52,-2.22,-4.73
-0.04,-0.11,1.64,0.12,-2.22,-0.59,-1.57,-3.95
-0.04,-0.09,1.57,0.11,-2.17,-0.59,-1.29,-3.24
-0.04,-0.08,1.51,0.05,-2.09,-0.57,-1.4,-3.11
-0.03,-0.06,1.47,-0.0,-2.03,-0.51,-1.17,-2.18
-0.03,-0.03,1.45,-0.06,-1.98,-0.45,-1.21,-1.31
-0.03,-0.01,1.43,-0.14,-1.9,-0.4,-1.13,-0.43
-0.03,0.02,1.43,-0.18,-1.81,-0.37,-1.14,0.97
-0.02,0.05,1.42,-0.21,-1.77,-0.32,-0.67,2.03
-0.0,0.08,1.4,-0.24,-1.69,-0.28,-0.18,3.21
0.01,0.11,1.38,-0.27,-1.64,-0.25,0.26,4.43
0.02,0.12,1.37,-0.3,-1.58,-0.2,1.0,4.85
0.04,0.12,1.38,-0.32,-1.54,-0.14,1.61,5.12
0.06,0.13,1.4,-0.33,-1.5,-0.08,2.34,5.33
0.08,0.13,1.44,-0.34,-1.45,-0.04,3.05,5.05
0.08,0.12,1.47,-0.33,-1.38,-0.03,3.14,4.67
0.08,0.12,1.5,-0.31,-1.33,-0.02,3.05,4.47
0.1,0.12,1.52,-0.3,-1.24,-0.06,3.61,4.45
0.1,0.13,1.54,-0.27,-1.18,-0.11,3.75,4.68
0.11,0.14,1.53,-0.23,-1.07,-0.16,3.98,5.38
0.12,0.16,1.53,-0.18,-1.0,-0.2,4.42,5.77
0.12,0.17,1.51,-0.13,-0.93,-0.24,4.46,6.33
0.13,0.18,1.5,-0.08,-0.85,-0.26,4.91,6.73
0.13,0.18,1.47,-0.06,-0.76,-0.28,4.94,7.15
0.11,0.18,1.43,-0.03,-0.66,-0.28,4.54,7.17
0.1,0.18,1.41,-0.02,-0.59,-0.27,4.21,7.31
0.1,0.18,1.39,0.0,-0.51,-0.26,4.03,7.43
0.09,0.18,1.37,-0.0,-0.44,-0.24,3.83,7.33
0.08,0.17,1.35,-0.03,-0.35,-0.21,3.45,7.22
0.07,0.17,1.35,-0.04,-0.3,-0.17,2.89,7.32
0.07,0.16,1.34,-0.05,-0.22,-0.13,2.93,6.78
0.06,0.17,1.34,-0.06,-0.13,-0.1,2.33,7.2
0.06,0.17,1.33,-0.1,-0.06,-0.07,2.69,7.21
0.06,0.16,1.32,-0.1,0.02,-0.04,2.46,7.07
0.05,0.15,1.32,-0.1,0.09,-0.03,1.98,6.68
0.05,0.16,1.33,-0.11,0.15,-0.01,1.98,6.73
0.05,0.15,1.33,-0.1,0.21,0.0,2.21,6.35
0.04,0.14,1.32,-0.11,0.29,0.02,1.93,6.06
0.03,0.14,1.3,-0.09,0.35,0.03,1.52,5.99
0.04,0.12,1.29,-0.07,0.44,0.03,1.67,5.45
0.03,0.11,1.28,-0.07,0.5,0.06,1.43,4.71
0.03,0.1,1.28,-0.06,0.56,0.09,1.13,4.4
0.01,0.08,1.28,-0.05,0.61,0.11,0.56,3.48
0.0,0.06,1.28,-0.02,0.66,0.12,0.14,2.51
-0.02,0.03,1.27,-0.01,0.74,0.12,-0.7,1.52
-0.03,0.02,1.27,0.0,0.79,0.14,-1.19,1.01
-0.05,-0.0,1.27,0.02,0.84,0.13,-2.09,-0.16
-0.06,-0.01,1.25,0.04,0.87,0.13,-2.88,-0.68
-0.08,-0.03,1.24,0.03,0.92,0.12,-3.61,-1.32
-0.08,-0.03,1.22,0.05,0.96,0.12,-3.73,-1.43
-0.09,-0.03,1.2,0.09,0.98,0.12,-4.21,-1.58
-0.09,-0.05,1.2,0.12,1.02,0.13,-4.42,-2.33
-0.1,-0.06,1.19,0.13,1.08,0.14,-4.62,-3.06
-0.11,-0.08,1.17,0.17,1.09,0.16,-5.16,-3.89
-0.12,-0.1,1.15,0.21,1.12,0.16,-5.74,-4.95
-0.14,-0.12,1.13,0.2,1.15,0.17,-7.11,-6.08
-0.15,-0.15,1.11,0.21,1.17,0.18,-7.86,-7.5
-0.16,-0.17,1.1,0.2,1.2,0.19,-8.22,-8.88
-0.17,-0.2,1.07,0.21,1.22,0.2,-8.84,-10.3
-0.19,-0.22,1.06,0.2,1.22,0.23,-9.81,-11.67
-0.2,-0.25,1.04,0.16,1.27,0.24,-10.81,-13.21
-0.22,-0.27,1.03,0.15,1.27,0.25,-11.5,-14.57
-0.22,-0.29,1.02,0.12,1.28,0.25,-11.81,-15.39
-0.23,-0.3,0.99,0.09,1.26,0.25,-12.61,-16.58
-0.24,-0.32,0.99,0.04,1.27,0.26,-13.13,-17.31
-0.25,-0.33,0.99,0.0,1.26,0.26,-13.63,-18.14
-0.24,-0.35,0.99,0.0,1.24,0.25,-12.99,-18.89
-0.24,-0.36,0.98,-0.02,1.22,0.27,-12.75,-19.44
-0.24,-0.38,0.99,-0.02,1.24,0.25,-12.67,-20.33
-0.25,-0.39,0.99,-0.05,1.21,0.25,-13.07,-21.08
-0.25,-0.41,0.98,-0.04,1.19,0.22,-13.39,-22.14
-0.25,-0.42,0.98,-0.04,1.16,0.2,-13.34,-22.62
-0.27,-0.45,0.96,-0.05,1.16,0.17,-14.06,-24.17
-0.27,-0.43,0.95,-0.06,1.12,0.17,-14.37,-23.68
-0.26,-0.45,0.93,-0.07,1.07,0.15,-14.27,-24.89
-0.29,-0.47,0.95,-0.1,1.05,0.13,-15.32,-25.18
-0.3,-0.47,0.98,-0.1,1.0,0.1,-15.3,-24.81
-0.3,-0.49,1.01,-0.13,1.01,0.05,-14.91,-24.85
-0.29,-0.5,1.05,-0.17,1.03,0.01,-13.93,-24.95
-0.3,-0.52,1.07,-0.13,1.24,-0.18,-14.07,-25.06
-0.3,-0.51,1.09,-0.22,1.13,-0.09,-13.78,-24.35
-0.29,-0.5,1.08,-0.26,1.21,-0.13,-13.5,-24.29
-0.28,-0.5,1.06,-0.31,1.26,-0.15,-13.46,-24.61
-0.28,-0.47,1.03,-0.35,1.3,-0.17,-13.71,-23.93
-0.27,-0.44,1.0,-0.38,1.37,-0.18,-13.95,-23.22
-0.26,-0.43,0.96,-0.42,1.42,-0.17,-14.09,-23.48
-0.27,-0.4,0.92,-0.43,1.44,-0.14,-14.78,-22.4
-0.27,-0.4,0.88,-0.41,1.42,-0.12,-15.36,-23.25
-0.28,-0.38,0.85,-0.42,1.39,-0.07,-16.46,-22.91
-0.29,-0.37,0.81,-0.44,1.37,-0.03,-18.1,-23.42
-0.3,-0.37,0.79,-0.42,1.27,0.01,-18.83,-23.9
-0.3,-0.37,0.77,-0.39,1.21,0.0,-19.5,-23.85
-0.31,-0.35,0.76,-0.38,1.11,0.02,-20.64,-22.82
-0.32,-0.33,0.75,-0.37,1.01,0.01,-21.15,-22.19
-0.32,-0.31,0.74,-0.34,0.87,0.01,-21.71,-20.99
-0.32,-0.29,0.75,-0.31,0.73,0.0,-21.51,-19.59
-0.31,-0.29,0.77,-0.23,0.62,-0.03,-20.81,-19.06
-0.3,-0.27,0.8,-0.16,0.5,-0.06,-19.66,-17.46
-0.3,-0.26,0.83,-0.07,0.38,-0.09,-19.16,-16.6
-0.3,-0.26,0.83,0.03,0.28,-0.14,-19.31,-16.65
-0.3,-0.26,0.81,0.11,0.18,-0.18,-19.39,-16.99
-0.3,-0.27,0.79,0.17,0.12,-0.21,-19.41,-17.93
-0.29,-0.28,0.78,0.2,0.06,-0.21,-19.36,-18.77
-0.29,-0.3,0.78,0.24,-0.02,-0.19,-19.23,-19.96
-0.29,-0.32,0.79,0.27,-0.1,-0.17,-18.72,-21.01
-0.3,-0.34,0.79,0.21,-0.26,-0.07,-19.11,-22.16
-0.31,-0.36,0.79,0.25,-0.21,-0.15,-19.53,-23.12
-0.32,-0.38,0.8,0.22,-0.22,-0.18,-19.56,-23.59
-0.32,-0.39,0.8,0.2,-0.27,-0.19,-19.64,-24.01
-0.31,-0.38,0.82,0.12,-0.29,-0.22,-18.94,-23.64
-0.31,-0.38,0.83,0.07,-0.3,-0.23,-18.74,-23.27
-0.31,-0.38,0.85,0.01,-0.32,-0.24,-18.57,-23.08
-0.31,-0.37,0.86,-0.03,-0.34,-0.25,-18.49,-21.97
-0.3,-0.34,0.89,-0.1,-0.33,-0.27,-17.67,-20.16
-0.29,-0.32,0.9,-0.15,-0.32,-0.27,-16.97,-18.5
-0.28,-0.28,0.92,-0.15,-0.34,-0.27,-16.08,-16.37
-0.27,-0.25,0.93,-0.19,-0.33,-0.28,-15.83,-14.79
-0.26,-0.24,0.94,-0.18,-0.34,-0.27,-15.07,-13.89
-0.25,-0.22,0.95,-0.2,-0.32,-0.26,-14.43,-12.78
-0.24,-0.22,0.96,-0.19,-0.33,-0.23,-13.46,-12.27
-0.23,-0.21,0.97,-0.16,-0.34,-0.2,-13.28,-12.21
-0.23,-0.21,0.97,-0.14,-0.3,-0.19,-13.08,-12.17
-0.24,-0.22,0.96,-0.15,-0.27,-0.17,-13.98,-12.7
-0.25,-0.22,0.95,-0.17,-0.26,-0.15,-14.31,-12.58
-0.25,-0.22,0.94,-0.17,-0.26,-0.13,-14.65,-13.0
-0.23,-0.21,0.93,-0.21,-0.24,-0.13,-13.78,-12.42
-0.23,-0.2,0.94,-0.21,-0.25,-0.11,-13.48,-11.99
-0.22,-0.2,0.95,-0.22,-0.25,-0.1,-12.87,-11.54
-0.22,-0.2,0.97,-0.22,-0.26,-0.1,-12.49,-11.12
-0.2,-0.19,0.98,-0.21,-0.27,-0.1,-11.45,-10.49
-0.19,-0.18,0.99,-0.22,-0.25,-0.11,-10.6,-10.05
-0.18,-0.18,1.01,-0.2,-0.25,-0.1,-9.88,-10.02
-0.19,-0.17,1.01,-0.16,-0.25,-0.1,-10.6,-9.45
-0.17,-0.17,1.03,-0.14,-0.26,-0.08,-9.19,-9.05
-0.15,-0.17,1.02,-0.12,-0.22,-0.08,-8.22,-9.47
-0.15,-0.18,1.04,-0.09,-0.24,-0.06,-7.95,-9.71
-0.15,-0.2,1.04,-0.09,-0.24,-0.05,-7.86,-10.68
-0.13,-0.2,1.05,-0.04,-0.25,-0.03,-7.16,-10.71
-0.13,-0.23,1.05,-0.01,-0.24,-0.04,-7.14,-12.11
-0.14,-0.25,1.06,-0.03,-0.24,-0.03,-7.07,-12.92
-0.14,-0.27,1.06,-0.02,-0.25,-0.05,-7.24,-14.02
-0.15,-0.28,1.06,-0.05,-0.26,-0.06,-7.58,-14.7
-0.15,-0.29,1.05,-0.09,-0.22,-0.1,-8.0,-15.24
-0.15,-0.29,1.03,-0.14,-0.22,-0.12,-8.01,-15.7
-0.16,-0.29,1.02,-0.18,-0.21,-0.14,-8.32,-15.71
-0.15,-0.27,1.02,-0.23,-0.22,-0.15,-8.06,-14.44
-0.14,-0.25,1.02,-0.27,-0.22,-0.17,-7.58,-13.5
-0.12,-0.22,1.03,-0.31,-0.2,-0.18,-6.76,-12.03
-0.11,-0.2,1.03,-0.3,-0.22,-0.18,-5.91,-10.88
-0.1,-0.19,1.05,-0.3,-0.25,-0.15,-5.3,-10.45
-0.09,-0.18,1.06,-0.29,-0.24,-0.14,-4.88,-9.84
-0.09,-0.18,1.08,-0.28,-0.25,-0.13,-4.79,-9.48
-0.09,-0.18,1.11,-0.25,-0.25,-0.12,-4.43,-9.24
-0.09,-0.18,1.12,-0.22,-0.25,-0.13,-4.33,-9.15
-0.09,-0.18,1.12,-0.18,-0.22,-0.14,-4.46,-9.0
-0.09,-0.17,1.11,-0.16,-0.21,-0.15,-4.48,-8.72
-0.09,-0.17,1.09,-0.18,-0.19,-0.15,-4.61,-8.85
-0.09,-0.17,1.07,-0.16,-0.2,-0.12,-4.77,-8.86
-0.1,-0.16,1.06,-0.15,-0.19,-0.12,-5.3,-8.56
-0.09,-0.15,1.06,-0.18,-0.18,-0.11,-4.85,-8.13
-0.09,-0.14,1.07,-0.15,-0.21,-0.1,-4.69,-7.3
-0.08,-0.12,1.08,-0.12,-0.21,-0.08,-4.28,-6.58
-0.07,-0.11,1.09,-0.1,-0.21,-0.08,-3.83,-5.98
-0.06,-0.1,1.11,-0.05,-0.21,-0.06,-3.33,-5.32
-0.05,-0.11,1.12,0.02,-0.24,-0.05,-2.7,-5.4
-0.05,-0.12,1.14,0.06,-0.24,-0.06,-2.46,-6.25
-0.05,-0.14,1.17,0.12,-0.24,-0.05,-2.39,-6.9
-0.05,-0.15,1.18,0.15,-0.22,-0.05,-2.33,-7.4
-0.05,-0.18,1.19,0.2,-0.22,-0.06,-2.59,-8.59
-0.07,-0.2,1.2,0.31,-0.06,-0.23,-3.22,-9.47
-0.09,-0.23,1.2,0.24,-0.18,-0.12,-4.12,-10.85
-0.09,-0.25,1.2,0.22,-0.12,-0.15,-4.42,-11.74
-0.1,-0.26,1.17,0.19,-0.09,-0.18,-4.8,-12.63
-0.1,-0.27,1.14,0.15,-0.06,-0.21,-5.11,-13.3
-0.1,-0.27,1.09,0.09,-0.01,-0.24,-5.31,-13.8
-0.11,-0.26,1.07,-0.01,0.04,-0.23,-5.77,-13.63
-0.11,-0.24,1.06,-0.1,0.06,-0.22,-5.99,-12.93
-0.11,-0.22,1.05,-0.21,0.13,-0.2,-5.83,-11.89
-0.1,-0.18,1.05,-0.28,0.14,-0.17,-5.19,-9.81
-0.1,-0.15,1.06,-0.32,0.19,-0.14,-5.36,-8.16
-0.1,-0.13,1.07,-0.35,0.2,-0.11,-5.1,-6.72
-0.1,-0.1,1.08,-0.34,0.21,-0.11,-5.28,-5.33
-0.1,-0.08,1.09,-0.32,0.2,-0.1,-5.44,-4.33
-0.12,-0.07,1.09,-0.29,0.21,-0.1,-6.03,-3.7
-0.12,-0.07,1.09,-0.25,0.2,-0.08,-6.33,-3.82
-0.13,-0.07,1.09,-0.21,0.2,-0.07,-7.04,-3.65
-0.14,-0.08,1.07,-0.17,0.19,-0.07,-7.62,-4.26
-0.16,-0.08,1.05,-0.14,0.19,-0.06,-8.38,-4.35
-0.17,-0.08,1.04,-0.13,0.17,-0.04,-9.38,-4.42
-0.17,-0.1,1.04,-0.12,0.17,-0.04,-9.02,-5.28
-0.17,-0.1,1.03,-0.13,0.15,-0.03,-9.57,-5.18
-0.16,-0.09,1.04,-0.12,0.15,-0.02,-8.87,-4.86
-0.17,-0.09,1.05,-0.13,0.14,-0.01,-9.03,-4.95
-0.16,-0.09,1.06,-0.1,0.12,-0.0,-8.75,-4.8
-0.15,-0.09,1.06,-0.06,0.1,-0.01,-8.24,-4.86
-0.15,-0.09,1.07,-0.04,0.11,-0.03,-8.22,-4.89
-0.15,-0.1,1.07,0.0,0.1,-0.03,-7.89,-5.08
-0.16,-0.13,1.06,0.01,0.11,-0.03,-8.4,-6.69
-0.17,-0.14,1.06,0.01,0.11,-0.01,-8.91,-7.65
-0.17,-0.16,1.05,0.01,0.14,-0.01,-9.31,-8.45
-0.19,-0.17,1.03,-0.04,0.18,0.0,-10.17,-9.42
-0.18,-0.17,1.03,-0.05,0.19,0.02,-9.82,-9.2
-0.19,-0.17,1.02,-0.06,0.18,0.03,-10.31,-9.34
-0.19,-0.16,1.01,-0.08,0.2,0.01,-10.48,-9.04
-0.19,-0.15,1.01,-0.08,0.22,0.02,-10.73,-8.28
-0.2,-0.14,0.99,-0.1,0.21,0.02,-11.23,-7.99
-0.19,-0.12,0.99,-0.08,0.19,0.02,-10.94,-6.98
-0.18,-0.12,0.99,-0.05,0.14,0.01,-10.41,-6.94
-0.18,-0.11,0.99,-0.04,0.15,0.02,-10.36,-6.32
-0.18,-0.11,1.0,-0.02,0.11,0.05,-9.95,-6.19
-0.18,-0.12,1.0,0.03,0.06,0.06,-10.15,-6.47
-0.18,-0.13,1.0,0.08,0.04,0.05,-10.29,-7.44
-0.19,-0.15,1.0,0.06,0.05,0.06,-10.61,-8.27
-0.19,-0.16,1.0,0.07,0.04,0.08,-10.36,-8.69
-0.19,-0.17,1.0,0.08,0.02,0.09,-10.56,-9.33
-0.2,-0.18,0.99,0.07,0.01,0.1,-10.97,-9.9
-0.2,-0.18,1.0,0.05,0.01,0.1,-10.95,-10.21
-0.19,-0.18,1.01,0.02,0.03,0.14,-10.31,-10.14
-0.17,-0.18,1.03,0.02,0.02,0.13,-9.38,-9.79
-0.17,-0.18,1.05,0.02,0.0,0.12,-9.22,-9.49
-0.18,-0.18,1.07,0.01,0.02,0.11,-9.35,-9.59
-0.18,-0.18,1.07,-0.0,0.05,0.11,-9.2,-9.31
-0.18,-0.17,1.08,0.01,0.04,0.1,-9.15,-8.99
-0.17,-0.16,1.08,0.02,0.04,0.11,-8.63,-8.34
-0.16,-0.16,1.09,0.03,0.06,0.1,-8.2,-8.49
-0.15,-0.17,1.1,0.03,0.09,0.09,-7.84,-8.49
-0.15,-0.17,1.12,0.03,0.1,0.1,-7.59,-8.35
-0.15,-0.17,1.13,0.05,0.09,0.09,-7.49,-8.69
-0.15,-0.18,1.13,0.04,0.13,0.09,-7.33,-8.81
-0.14,-0.18,1.13,0.02,0.18,0.08,-7.17,-8.87
-0.14,-0.18,1.13,0.01,0.2,0.1,-7.01,-8.84
-0.13,-0.18,1.14,-0.0,0.23,0.11,-6.55,-8.74
-0.12,-0.18,1.15,-0.04,0.27,0.11,-5.7,-8.64
-0.11,-0.17,1.15,-0.09,0.32,0.12,-5.61,-8.4
-0.11,-0.17,1.16,-0.13,0.35,0.14,-5.18,-8.27
-0.1,-0.16,1.18,-0.15,0.4,0.15,-4.74,-7.67
-0.09,-0.16,1.2,-0.19,0.44,0.16,-4.48,-7.39
-0.08,-0.16,1.24,-0.21,0.49,0.15,-3.5,-7.38
-0.07,-0.13,1.25,-0.21,0.51,0.14,-3.33,-6.14
-0.05,-0.13,1.26,-0.19,0.53,0.14,-2.44,-6.06
-0.06,-0.13,1.25,-0.19,0.61,0.11,-2.92,-6.01
-0.06,-0.13,1.24,-0.19,0.65,0.1,-2.69,-5.77
-0.05,-0.12,1.24,-0.18,0.69,0.09,-2.11,-5.32
-0.04,-0.11,1.24,-0.17,0.71,0.11,-1.7,-4.9
-0.02,-0.11,1.21,-0.14,0.77,0.12,-1.12,-5.12
-0.03,-0.1,1.2,-0.14,0.81,0.15,-1.24,-4.95
-0.04,-0.11,1.21,-0.12,0.84,0.16,-1.68,-5.37
-0.04,-0.11,1.22,-0.1,0.86,0.19,-1.76,-4.99
-0.03,-0.09,1.24,-0.07,0.9,0.17,-1.38,-4.21
-0.03,-0.08,1.24,-0.02,0.93,0.16,-1.28,-3.74
-0.04,-0.09,1.22,0.03,0.96,0.16,-1.99,-4.25
-0.05,-0.11,1.17,0.06,0.98,0.14,-2.34,-5.59
-0.05,-0.14,1.15,0.07,0.99,0.15,-2.63,-6.95
-0.05,-0.16,1.14,0.01,1.01,0.18,-2.58,-8.15
-0.04,-0.18,1.17,-0.01,0.99,0.21,-2.0,-8.58
-0.03,-0.18,1.2,-0.0,0.98,0.2,-1.53,-8.55
-0.03,-0.19,1.23,0.01,0.99,0.19,-1.42,-8.59
-0.04,-0.19,1.25,0.01,0.99,0.15,-1.67,-8.77
-0.04,-0.2,1.27,-0.02,1.01,0.12,-1.81,-8.87
-0.05,-0.2,1.29,-0.0,1.03,0.06,-2.04,-8.83
-0.05,-0.2,1.3,-0.01,1.04,0.02,-2.17,-8.81
-0.04,-0.19,1.3,-0.03,1.09,-0.01,-1.65,-8.28
-0.04,-0.18,1.3,-0.03,1.11,-0.02,-1.56,-7.68
-0.03,-0.17,1.31,-0.04,1.17,-0.04,-1.31,-7.62
-0.04,-0.18,1.29,-0.07,1.23,-0.03,-1.78,-8.14
-0.05,-0.18,1.28,-0.12,1.31,-0.01,-2.15,-8.0
-0.06,-0.17,1.27,-0.16,1.37,0.0,-2.49,-7.66
-0.06,-0.17,1.26,-0.21,1.45,0.02,-2.78,-7.45
-0.06,-0.16,1.27,-0.25,1.5,0.05,-2.63,-7.15
-0.07,-0.15,1.27,-0.27,1.58,0.08,-2.92,-6.87
-0.08,-0.15,1.27,-0.29,1.62,0.09,-3.68,-6.92
-0.1,-0.16,1.27,-0.28,1.66,0.09,-4.52,-6.97
-0.11,-0.15,1.25,-0.28,1.69,0.08,-4.94,-6.97
-0.11,-0.15,1.24,-0.29,1.74,0.07,-5.2,-6.76
-0.11,-0.13,1.22,-0.29,1.79,0.09,-5.2,-6.23
-0.12,-0.13,1.21,-0.27,1.81,0.09,-5.5,-6.24
-0.12,-0.13,1.21,-0.27,1.85,0.1,-5.76,-5.91
-0.13,-0.12,1.18,-0.23,1.83,0.11,-6.11,-5.98
-0.13,-0.12,1.18,-0.21,1.83,0.12,-6.29,-5.81
-0.14,-0.12,1.18,-0.19,1.83,0.12,-6.59,-5.92
-0.14,-0.13,1.17,-0.16,1.83,0.13,-6.96,-6.45
-0.15,-0.14,1.17,-0.13,1.84,0.12,-7.17,-6.97
-0.16,-0.17,1.16,-0.15,1.88,0.14,-7.68,-8.09
-0.17,-0.18,1.16,-0.14,1.88,0.16,-8.09,-8.85
-0.18,-0.2,1.17,-0.13,1.88,0.18,-8.5,-9.46
-0.19,-0.21,1.18,-0.14,1.92,0.17,-8.89,-10.1
-0.2,-0.23,1.2,-0.15,1.94,0.17,-9.41,-10.85
-0.21,-0.24,1.2,-0.14,1.99,0.15,-9.6,-11.33
-0.21,-0.25,1.18,-0.16,2.02,0.14,-10.05,-11.9
-0.21,-0.25,1.16,-0.17,2.05,0.13,-9.97,-11.91
-0.21,-0.23,1.14,-0.23,2.09,0.13,-10.02,-11.38
-0.2,-0.23,1.14,-0.26,2.1,0.16,-9.76,-11.14
-0.19,-0.21,1.12,-0.28,2.09,0.18,-9.64,-10.61
-0.2,-0.21,1.13,-0.29,2.09,0.19,-9.67,-10.34
-0.21,-0.2,1.14,-0.32,2.11,0.22,-10.2,-9.63
-0.21,-0.2,1.15,-0.3,2.1,0.25,-10.15,-9.57
-0.22,-0.2,1.16,-0.31,2.13,0.26,-10.49,-9.47
-0.23,-0.19,1.16,-0.27,2.1,0.29,-10.95,-8.97
-0.24,-0.2,1.16,-0.25,2.14,0.3,-11.42,-9.38
-0.24,-0.19,1.16,-0.2,2.13,0.31,-11.75,-9.3
-0.25,-0.19,1.15,-0.16,2.11,0.32,-12.13,-9.33
-0.26,-0.19,1.11,-0.12,2.1,0.31,-12.73,-9.42
-0.26,-0.19,1.09,-0.1,2.11,0.31,-12.95,-9.45
-0.24,-0.18,1.07,-0.09,2.1,0.32,-12.64,-9.5
-0.24,-0.19,1.05,-0.06,2.07,0.32,-12.57,-10.14
-0.23,-0.2,1.04,-0.08,2.05,0.35,-12.38,-10.5
-0.24,-0.21,1.03,-0.06,2.05,0.37,-12.85,-11.34
-0.25,-0.22,1.04,-0.08,2.04,0.41,-13.15,-11.8
-0.25,-0.24,1.03,-0.07,2.03,0.42,-13.33,-12.59
-0.26,-0.25,1.03,-0.07,2.02,0.42,-13.7,-13.14
-0.26,-0.26,1.02,-0.09,2.04,0.41,-14.0,-14.03
-0.27,-0.28,1.03,-0.08,2.03,0.4,-14.18,-14.77
-0.28,-0.29,1.02,-0.08,2.0,0.38,-14.57,-15.32
-0.27,-0.27,1.01,-0.08,1.98,0.38,-14.55,-14.69
-0.26,-0.26,0.99,-0.1,1.99,0.35,-14.34,-14.21
-0.25,-0.23,0.97,-0.11,1.95,0.35,-13.99,-13.19
-0.23,-0.21,0.95,-0.13,1.94,0.36,-13.44,-12.31
-0.22,-0.2,0.94,-0.11,1.88,0.38,-13.01,-11.85
-0.22,-0.19,0.95,-0.13,1.86,0.41,-13.1,-11.1
-0.23,-0.2,0.97,-0.13,1.85,0.45,-13.02,-11.28
-0.24,-0.21,1.0,-0.1,1.81,0.47,-13.31,-11.63
-0.26,-0.23,1.03,-0.07,1.78,0.49,-13.86,-12.44
-0.27,-0.25,1.05,-0.06,1.8,0.49,-14.2,-13.03
-0.28,-0.27,1.04,-0.03,1.8,0.49,-14.34,-13.85
-0.27,-0.29,1.04,0.02,1.8,0.48,-14.26,-14.89
-0.26,-0.3,1.02,0.04,1.81,0.49,-13.95,-15.98
-0.27,-0.32,1.01,0.04,1.82,0.48,-14.43,-16.82
-0.28,-0.33,0.99,0.02,1.86,0.46,-15.1,-18.06
-0.28,-0.34,0.99,0.01,1.86,0.45,-14.9,-18.37
-0.27,-0.35,0.99,0.01,1.86,0.45,-14.59,-18.74
-0.27,-0.34,0.98,0.0,1.89,0.41,-14.57,-18.67
-0.27,-0.33,0.97,-0.02,1.91,0.39,-14.56,-18.29
-0.25,-0.31,0.95,-0.02,1.91,0.39,-13.99,-17.67
-0.24,-0.29,0.94,-0.03,1.9,0.39,-13.44,-16.72
-0.21,-0.29,0.95,-0.03,1.92,0.41,-11.79,-16.48
-0.21,-0.28,0.96,-0.03,1.91,0.44,-11.92,-15.9
-0.22,-0.28,0.95,-0.0,1.89,0.46,-12.3,-16.12
-0.22,-0.28,0.95,0.02,1.87,0.48,-12.39,-16.0
-0.21,-0.27,0.93,0.04,1.86,0.48,-12.02,-16.12
-0.2,-0.27,0.91,0.06,1.85,0.47,-12.0,-16.35
-0.2,-0.28,0.89,0.08,1.81,0.48,-11.95,-16.91
-0.19,-0.29,0.86,0.09,1.77,0.47,-11.84,-18.23
-0.19,-0.29,0.85,0.08,1.75,0.46,-11.93,-18.69
-0.2,-0.3,0.84,0.03,1.75,0.45,-12.77,-19.45
-0.2,-0.32,0.84,0.02,1.69,0.45,-12.39,-20.41
-0.2,-0.33,0.85,-0.01,1.68,0.42,-12.48,-20.74
-0.21,-0.33,0.86,-0.05,1.65,0.4,-12.98,-20.59
-0.23,-0.32,0.87,-0.07,1.63,0.35,-14.06,-19.59
-0.23,-0.3,0.89,-0.1,1.62,0.33,-13.82,-17.97
-0.22,-0.28,0.91,-0.1,1.61,0.31,-12.94,-16.79
-0.21,-0.28,0.92,-0.09,1.57,0.32,-12.27,-16.28
-0.22,-0.28,0.94,-0.09,1.58,0.31,-12.38,-16.03
-0.23,-0.27,0.95,-0.06,1.56,0.33,-12.95,-15.4
-0.24,-0.28,0.96,-0.04,1.56,0.32,-13.51,-15.72
-0.24,-0.28,0.97,0.0,1.56,0.3,-13.4,-15.45
-0.23,-0.27,0.97,0.01,1.57,0.31,-12.74,-14.95
-0.22,-0.26,0.96,0.03,1.56,0.3,-12.68,-15.03
-0.23,-0.25,0.96,0.04,1.57,0.31,-12.86,-14.4
-0.22,-0.24,0.95,0.05,1.57,0.32,-12.72,-13.91
-0.21,-0.23,0.95,0.07,1.59,0.33,-12.32,-13.13
-0.2,-0.22,0.95,0.06,1.6,0.35,-11.52,-12.97
-0.19,-0.21,0.94,0.1,1.59,0.37,-10.99,-12.43
-0.19,-0.22,0.92,0.11,1.58,0.38,-11.25,-12.89
-0.19,-0.23,0.9,0.11,1.59,0.39,-11.63,-13.84
-0.18,-0.23,0.9,0.09,1.59,0.42,-11.26,-14.12
-0.18,-0.24,0.9,0.1,1.58,0.42,-10.81,-14.44
-0.17,-0.24,0.89,0.08,1.57,0.44,-10.2,-15.08
-0.17,-0.26,0.88,0.07,1.56,0.43,-10.31,-16.38
-0.17,-0.26,0.87,0.03,1.55,0.44,-10.62,-16.17
-0.18,-0.27,0.87,-0.01,1.53,0.42,-10.96,-16.74
-0.18,-0.27,0.88,-0.02,1.5,0.38,-11.03,-16.99
-0.18,-0.28,0.9,-0.05,1.5,0.37,-11.03,-17.09
-0.19,-0.29,0.91,-0.07,1.5,0.35,-11.48,-17.12
-0.19,-0.28,0.92,-0.08,1.49,0.34,-11.29,-16.71
-0.2,-0.27,0.93,-0.1,1.47,0.33,-11.43,-16.1
-0.2,-0.25,0.93,-0.12,1.49,0.31,-11.54,-15.05
-0.19,-0.23,0.94,-0.11,1.52,0.31,-10.91,-13.55
-0.17,-0.22,0.96,-0.13,1.54,0.33,-9.72,-12.7
-0.16,-0.21,0.96,-0.12,1.52,0.36,-9.33,-12.27
-0.16,-0.21,0.96,-0.13,1.53,0.4,-9.33,-12.19
-0.17,-0.21,0.96,-0.14,1.56,0.43,-10.12,-12.22
-0.18,-0.21,0.97,-0.14,1.58,0.46,-10.17,-12.13
-0.17,-0.21,0.96,-0.12,1.57,0.49,-9.73,-12.09
-0.17,-0.22,0.96,-0.09,1.58,0.51,-9.61,-12.48
-0.16,-0.23,0.95,-0.06,1.59,0.52,-9.32,-13.44
-0.16,-0.24,0.94,-0.03,1.58,0.52,-9.47,-14.2
-0.15,-0.25,0.92,-0.02,1.56,0.53,-9.14,-15.02
-0.15,-0.25,0.9,0.0,1.52,0.51,-9.02,-15.44
-0.14,-0.25,0.88,-0.01,1.55,0.48,-8.92,-15.58
-0.14,-0.25,0.88,-0.02,1.52,0.46,-8.52,-15.56
-0.13,-0.25,0.87,-0.02,1.49,0.45,-8.35,-15.56
-0.13,-0.24,0.87,-0.02,1.47,0.43,-8.32,-15.4
-0.13,-0.24,0.87,-0.03,1.49,0.41,-8.3,-15.33
-0.12,-0.23,0.89,-0.04,1.48,0.4,-7.32,-14.42
-0.11,-0.22,0.88,-0.0,1.44,0.38,-6.73,-13.9
-0.1,-0.22,0.87,-0.03,1.41,0.39,-6.58,-13.86
-0.1,-0.22,0.86,-0.04,1.4,0.37,-6.19,-14.33
-0.12,-0.21,0.87,-0.05,1.38,0.38,-7.58,-13.67
-0.13,-0.23,0.88,-0.07,1.37,0.37,-8.02,-14.35
-0.12,-0.23,0.89,-0.07,1.37,0.37,-7.54,-14.25
-0.12,-0.24,0.91,-0.07,1.4,0.37,-7.32,-14.5
-0.12,-0.23,0.9,-0.08,1.41,0.37,-7.38,-14.34
-0.12,-0.23,0.89,-0.07,1.42,0.36,-7.31,-14.41
-0.11,-0.22,0.88,-0.08,1.41,0.39,-7.15,-13.75
-0.11,-0.22,0.88,-0.1,1.44,0.39,-6.83,-13.98
-0.11,-0.21,0.88,-0.13,1.46,0.4,-6.69,-13.52
-0.1,-0.21,0.88,-0.11,1.47,0.41,-6.34,-13.05
-0.09,-0.19,0.87,-0.11,1.46,0.42,-5.81,-12.05
-0.08,-0.19,0.89,-0.13,1.46,0.43,-4.92,-11.99
-0.07,-0.2,0.88,-0.16,1.45,0.46,-4.66,-12.52
-0.09,-0.21,0.87,-0.14,1.4,0.45,-5.62,-13.46
-0.11,-0.22,0.86,-0.14,1.36,0.45,-7.17,-14.05
-0.12,-0.22,0.86,-0.13,1.38,0.41,-7.93,-14.17
-0.12,-0.23,0.86,-0.13,1.39,0.38,-7.94,-14.87
-0.12,-0.23,0.86,-0.1,1.37,0.36,-7.39,-14.65
-0.11,-0.22,0.87,-0.09,1.37,0.33,-6.75,-14.35
-0.09,-0.2,0.85,-0.09,1.34,0.32,-6.11,-13.48
-0.09,-0.2,0.84,-0.11,1.35,0.3,-6.22,-13.5
-0.09,-0.2,0.85,-0.11,1.3,0.28,-6.14,-13.31
-0.1,-0.2,0.85,-0.14,1.27,0.27,-6.23,-13.06
-0.11,-0.19,0.86,-0.15,1.28,0.24,-6.84,-12.29
-0.11,-0.18,0.86,-0.18,1.29,0.24,-7.26,-11.84
-0.11,-0.18,0.87,-0.21,1.28,0.25,-7.3,-11.41
-0.12,-0.18,0.88,-0.16,1.46,0.12,-7.33,-11.65
-0.11,-0.18,0.87,-0.24,1.3,0.29,-7.32,-11.47
-0.11,-0.17,0.87,-0.3,1.35,0.32,-7.27,-11.24
-0.12,-0.17,0.88,-0.31,1.35,0.35,-7.37,-10.58
-0.12,-0.18,0.89,-0.34,1.39,0.37,-7.27,-11.15
-0.12,-0.18,0.9,-0.36,1.4,0.4,-7.21,-11.09
-0.12,-0.17,0.89,-0.4,1.42,0.42,-7.26,-10.47
-0.12,-0.15,0.9,-0.41,1.42,0.45,-7.51,-9.63
-0.12,-0.15,0.92,-0.4,1.42,0.46,-7.37,-9.42
-0.13,-0.17,0.92,-0.37,1.39,0.48,-7.62,-10.34
-0.13,-0.17,0.91,-0.35,1.4,0.48,-7.7,-10.74
-0.13,-0.17,0.91,-0.32,1.39,0.49,-8.27,-10.33
-0.13,-0.16,0.9,-0.26,1.39,0.47,-8.24,-10.23
-0.12,-0.16,0.9,-0.22,1.36,0.47,-7.51,-10.12
-0.1,-0.16,0.9,-0.17,1.33,0.45,-6.48,-10.23
-0.11,-0.16,0.87,-0.13,1.29,0.44,-6.89,-10.66
-0.1,-0.17,0.86,-0.09,1.26,0.42,-6.61,-10.79
-0.1,-0.16,0.87,-0.07,1.23,0.4,-6.66,-10.64
-0.1,-0.17,0.86,-0.05,1.22,0.37,-6.24,-11.13
-0.09,-0.16,0.86,-0.04,1.19,0.37,-5.71,-10.73
-0.07,-0.17,0.86,-0.03,1.17,0.35,-4.33,-11.0
-0.05,-0.16,0.84,-0.05,1.13,0.35,-3.27,-10.83
-0.04,-0.16,0.8,-0.11,1.16,0.36,-2.62,-11.45
-0.04,-0.19,0.81,-0.17,1.15,0.36,-2.73,-13.16
-0.05,-0.19,0.81,-0.24,1.19,0.38,-3.29,-13.09
-0.03,-0.19,0.83,-0.3,1.19,0.4,-2.27,-13.25
-0.03,-0.2,0.84,-0.37,1.21,0.41,-2.17,-13.31
-0.04,-0.2,0.83,-0.44,1.23,0.43,-3.0,-13.25
-0.05,-0.2,0.84,-0.53,1.24,0.43,-3.28,-13.06
-0.05,-0.2,0.86,-0.58,1.23,0.43,-3.51,-13.09
-0.07,-0.2,0.89,-0.62,1.25,0.43,-4.22,-12.52
-0.09,-0.2,0.9,-0.67,1.29,0.44,-5.46,-12.31
-0.12,-0.21,0.93,-0.67,1.31,0.47,-6.99,-12.5
-0.12,-0.22,0.94,-0.62,1.31,0.47,-7.27,-13.09
-0.14,-0.23,0.96,-0.55,1.29,0.49,-7.91,-13.44
-0.16,-0.23,0.97,-0.51,1.31,0.49,-8.95,-13.31
-0.16,-0.21,0.97,-0.42,1.3,0.49,-9.05,-12.28
-0.14,-0.22,0.96,-0.31,1.27,0.47,-8.21,-12.66
-0.13,-0.22,0.95,-0.22,1.23,0.47,-7.33,-12.66
-0.12,-0.22,0.93,-0.15,1.22,0.47,-7.32,-13.21
-0.12,-0.22,0.92,-0.06,1.18,0.45,-7.34,-13.48
-0.11,-0.23,0.92,0.04,1.14,0.42,-6.62,-13.83
-0.08,-0.21,0.9,0.08,1.13,0.37,-4.99,-12.89
-0.06,-0.18,0.88,0.15,1.07,0.34,-3.54,-11.61
-0.03,-0.16,0.86,0.14,1.05,0.31,-2.23,-10.47
-0.01,-0.14,0.84,0.14,1.0,0.28,-0.83,-9.37
-0.0,-0.12,0.83,0.1,0.99,0.27,-0.27,-8.09
-0.01,-0.11,0.84,0.03,1.04,0.27,-0.44,-7.55
-0.01,-0.1,0.84,-0.0,1.05,0.31,-0.45,-6.7
0.01,-0.1,0.84,-0.05,1.01,0.34,0.36,-6.55
0.01,-0.1,0.84,-0.1,1.03,0.35,0.51,-6.74
-0.02,-0.1,0.85,-0.17,1.07,0.37,-1.14,-6.9
-0.04,-0.11,0.85,-0.16,1.08,0.39,-2.59,-7.23
-0.04,-0.11,0.86,-0.18,1.1,0.39,-2.65,-7.24
-0.03,-0.1,0.87,-0.16,1.07,0.42,-1.71,-6.85
-0.02,-0.1,0.87,-0.17,1.11,0.42,-1.54,-6.28
-0.03,-0.09,0.86,-0.13,1.1,0.44,-2.28,-6.06
-0.04,-0.09,0.87,-0.09,1.07,0.46,-2.55,-6.15
-0.02,-0.09,0.87,-0.05,1.06,0.47,-1.3,-5.99
-0.0,-0.08,0.88,-0.02,1.05,0.48,-0.06,-5.23
0.01,-0.06,0.86,0.0,1.01,0.49,0.47,-3.81
0.01,-0.05,0.84,0.04,0.97,0.47,0.76,-3.22
0.02,-0.05,0.83,0.04,0.91,0.49,1.39,-3.24
0.02,-0.05,0.83,0.06,0.87,0.46,1.69,-3.7
0.03,-0.05,0.83,0.09,0.82,0.46,1.94,-3.69
0.04,-0.05,0.82,0.11,0.79,0.42,2.66,-3.57
0.04,-0.06,0.81,0.11,0.73,0.41,2.68,-3.99
0.04,-0.05,0.81,0.11,0.71,0.38,3.01,-3.69
0.06,-0.05,0.81,0.11,0.68,0.37,4.14,-3.66
0.07,-0.05,0.8,0.12,0.62,0.35,4.97,-3.79
0.07,-0.05,0.8,0.11,0.55,0.34,5.07,-3.89
0.07,-0.06,0.79,0.07,0.54,0.29,4.91,-3.98
0.06,-0.07,0.79,0.05,0.5,0.26,4.44,-4.95
0.05,-0.07,0.8,0.05,0.46,0.23,3.74,-4.92
0.05,-0.07,0.82,0.03,0.45,0.22,3.72,-4.98
0.05,-0.08,0.82,0.04,0.44,0.23,3.4,-5.87
0.05,-0.1,0.82,0.03,0.45,0.24,3.62,-7.14
0.04,-0.1,0.81,0.04,0.43,0.25,3.08,-6.73
0.06,-0.1,0.82,0.04,0.41,0.26,3.91,-7.11
0.07,-0.11,0.82,0.03,0.43,0.24,4.72,-7.52
0.06,-0.11,0.82,0.01,0.43,0.23,4.4,-7.52
0.06,-0.1,0.82,0.05,0.39,0.22,3.97,-6.82
0.05,-0.11,0.82,0.06,0.35,0.21,3.39,-7.38
0.06,-0.11,0.82,0.09,0.33,0.19,4.14,-7.52
0.06,-0.11,0.83,0.11,0.32,0.17,3.95,-7.74
0.07,-0.11,0.82,0.14,0.26,0.15,4.54,-7.63
0.07,-0.11,0.82,0.16,0.2,0.14,5.04,-7.53
0.07,-0.11,0.82,0.19,0.18,0.1,5.1,-7.72
0.08,-0.12,0.82,0.18,0.15,0.07,5.31,-8.31
0.09,-0.12,0.81,0.18,0.1,0.06,6.3,-8.48
0.09,-0.13,0.79,0.17,0.06,0.02,6.59,-9.06
0.09,-0.12,0.78,0.15,0.04,-0.03,6.41,-8.65
0.08,-0.12,0.78,0.12,0.04,-0.06,5.41,-9.01
0.08,-0.12,0.8,0.08,0.03,-0.09,5.35,-8.44
0.09,-0.11,0.82,0.04,0.03,-0.12,6.15,-7.83
0.08,-0.1,0.82,-0.02,0.0,-0.13,5.28,-7.2
0.06,-0.11,0.83,-0.09,0.01,-0.15,4.0,-7.55
0.03,-0.13,0.85,-0.14,-0.0,-0.15,2.14,-8.96
0.0,-0.14,0.86,-0.16,-0.01,-0.15,0.06,-9.4
-0.03,-0.15,0.88,-0.19,0.01,-0.16,-1.68,-9.66
-0.05,-0.15,0.9,-0.22,0.04,-0.16,-3.09,-9.39
-0.06,-0.15,0.92,-0.21,0.04,-0.13,-3.78,-8.96
-0.07,-0.15,0.93,-0.2,0.04,-0.13,-4.51,-8.86
-0.09,-0.15,0.95,-0.19,0.05,-0.11,-5.3,-8.88
-0.1,-0.15,0.95,-0.16,0.05,-0.1,-6.01,-8.96
-0.11,-0.15,0.96,-0.15,0.05,-0.08,-6.28,-8.62
-0.11,-0.15,0.97,-0.1,0.06,-0.06,-6.38,-8.54
-0.12,-0.15,0.97,-0.05,0.04,-0.03,-6.83,-8.55
-0.11,-0.15,0.98,0.01,0.06,-0.0,-6.57,-8.71
-0.1,-0.15,0.97,0.05,0.04,0.02,-5.94,-8.74
-0.09,-0.14,0.96,0.1,0.03,0.04,-5.18,-8.3
-0.08,-0.14,0.94,0.16,0.01,0.04,-4.73,-8.62
-0.07,-0.15,0.92,0.19,0.0,0.02,-4.25,-9.26
-0.05,-0.16,0.92,0.22,0.0,0.01,-3.09,-9.91
-0.02,-0.16,0.9,0.25,-0.02,-0.01,-1.5,-9.91
-0.01,-0.15,0.89,0.27,-0.04,-0.03,-0.48,-9.55
0.01,-0.14,0.88,0.24,-0.04,-0.07,0.76,-8.72
0.02,-0.12,0.88,0.2,-0.04,-0.09,1.31,-8.07
0.03,-0.11,0.88,0.16,-0.04,-0.1,1.88,-7.29
0.03,-0.1,0.89,0.12,-0.04,-0.12,2.22,-6.59
0.04,-0.09,0.89,0.05,-0.02,-0.11,2.82,-5.77
0.03,-0.08,0.91,-0.03,0.01,-0.09,2.15,-5.05
0.02,-0.09,0.92,-0.1,0.01,-0.07,1.15,-5.29
-0.01,-0.09,0.95,-0.16,0.02,-0.06,-0.58,-5.71
-0.04,-0.14,0.96,-0.16,-0.01,-0.05,-2.27,-8.07
-0.07,-0.15,0.95,-0.17,-0.0,-0.05,-4.16,-8.93
-0.09,-0.16,0.94,-0.16,-0.0,-0.05,-5.53,-9.68
-0.11,-0.18,0.95,-0.11,-0.01,-0.07,-6.28,-10.63
-0.11,-0.17,0.95,-0.1,-0.0,-0.08,-6.7,-10.34
-0.13,-0.16,0.97,-0.1,0.04,-0.09,-7.28,-9.33
-0.13,-0.15,0.97,-0.08,0.04,-0.08,-7.71,-8.77
-0.12,-0.14,0.99,-0.03,0.02,-0.06,-7.01,-8.19
-0.12,-0.14,0.99,-0.01,0.04,-0.06,-6.64,-7.87
-0.11,-0.12,0.98,0.03,0.01,-0.04,-6.17,-6.87
-0.11,-0.12,0.97,0.03,0.02,-0.04,-6.53,-6.75
-0.11,-0.11,0.97,0.04,0.04,-0.08,-6.56,-6.43
-0.1,-0.12,0.97,0.05,-0.02,-0.02,-5.89,-6.72
-0.1,-0.11,0.96,0.06,0.01,-0.02,-6.01,-6.67
-0.1,-0.13,0.95,0.06,-0.01,-0.0,-6.12,-7.49
-0.1,-0.13,0.94,0.08,-0.02,-0.02,-5.84,-7.93
-0.1,-0.13,0.94,0.09,-0.02,-0.02,-5.74,-8.02
-0.09,-0.14,0.93,0.08,0.01,-0.02,-5.48,-8.43
-0.07,-0.13,0.93,0.08,0.02,-0.02,-4.47,-8.12
-0.06,-0.13,0.92,0.07,0.03,0.0,-3.67,-7.76
-0.04,-0.11,0.92,0.06,0.01,0.02,-2.62,-7.1
-0.03,-0.11,0.91,0.02,0.03,0.02,-1.98,-6.98
-0.04,-0.12,0.9,0.0,0.02,0.02,-2.41,-7.43
-0.04,-0.12,0.89,-0.02,0.04,0.0,-2.78,-7.44
-0.05,-0.11,0.9,-0.07,0.03,0.01,-3.05,-6.89
-0.05,-0.1,0.91,-0.1,0.07,0.0,-3.07,-6.42
-0.05,-0.1,0.92,-0.14,0.08,0.02,-2.94,-5.95
-0.06,-0.09,0.94,-0.14,0.08,0.03,-3.41,-5.49
-0.06,-0.1,0.95,-0.15,0.07,0.04,-3.88,-5.86
-0.07,-0.1,0.96,-0.15,0.06,0.06,-4.36,-5.89
-0.08,-0.1,0.96,-0.12,0.05,0.06,-4.8,-6.0
-0.09,-0.11,0.96,-0.04,0.17,-0.11,-5.38,-6.73
-0.1,-0.11,0.96,-0.09,-0.0,0.04,-5.71,-6.46
-0.1,-0.11,0.97,-0.06,-0.0,0.03,-5.72,-6.6
-0.09,-0.12,0.97,-0.03,-0.01,0.04,-5.46,-6.91
-0.1,-0.12,0.97,-0.01,-0.02,0.05,-5.64,-7.28
-0.1,-0.13,0.96,0.0,-0.04,0.07,-5.62,-7.39
-0.09,-0.13,0.97,0.03,-0.01,0.06,-5.41,-7.56
-0.08,-0.13,0.96,0.04,-0.01,0.07,-4.93,-7.45
-0.07,-0.12,0.96,0.03,0.0,0.07,-4.18,-7.08
-0.07,-0.11,0.96,0.04,-0.03,0.09,-3.85,-6.81
-0.05,-0.12,0.96,0.04,-0.01,0.08,-3.11,-7.39
-0.04,-0.13,0.94,0.03,-0.01,0.09,-2.66,-7.55
-0.05,-0.14,0.93,0.03,-0.02,0.09,-2.84,-8.21
-0.04,-0.14,0.93,0.02,-0.02,0.1,-2.65,-8.59
-0.04,-0.14,0.94,0.01,0.02,0.08,-2.59,-8.47
-0.04,-0.15,0.94,-0.01,0.03,0.08,-2.29,-8.93
-0.02,-0.16,0.93,-0.01,0.03,0.1,-1.51,-9.53
-0.02,-0.15,0.93,-0.02,0.03,0.1,-1.4,-9.28
-0.02,-0.15,0.93,-0.03,0.03,0.11,-1.09,-9.44
-0.01,-0.16,0.92,-0.05,0.06,0.09,-0.87,-9.62
-0.02,-0.17,0.92,-0.05,0.05,0.1,-1.39,-10.32
-0.02,-0.17,0.92,-0.05,0.05,0.09,-1.29,-10.4
-0.02,-0.17,0.93,-0.05,0.05,0.06,-1.2,-10.32
-0.02,-0.16,0.91,-0.06,0.05,0.04,-1.5,-9.8
-0.02,-0.16,0.91,-0.05,0.03,0.04,-1.33,-10.06
-0.03,-0.16,0.92,-0.03,0.03,0.01,-1.97,-9.82
-0.03,-0.16,0.93,-0.02,0.01,-0.0,-1.83,-9.78
-0.03,-0.15,0.93,-0.02,0.02,-0.01,-1.76,-9.12
-0.03,-0.14,0.92,-0.0,0.0,0.0,-1.94,-8.64
-0.03,-0.15,0.93,0.01,0.01,-0.01,-1.78,-9.0
-0.03,-0.14,0.92,-0.0,-0.01,-0.01,-1.86,-8.72
-0.05,-0.15,0.92,0.0,-0.02,-0.02,-2.76,-9.21
-0.05,-0.15,0.92,-0.01,-0.01,-0.02,-3.12,-9.03
-0.06,-0.15,0.91,0.02,-0.02,-0.02,-3.9,-9.46
-0.05,-0.16,0.92,0.02,-0.03,-0.03,-3.1,-9.87
-0.06,-0.14,0.92,0.02,-0.01,-0.03,-3.4,-8.96
-0.06,-0.14,0.91,0.01,-0.0,-0.03,-3.47,-8.75
-0.06,-0.13,0.91,0.01,0.0,-0.03,-3.88,-7.85
-0.06,-0.13,0.92,0.0,0.01,-0.02,-3.68,-7.84
-0.06,-0.12,0.92,0.0,0.02,-0.03,-3.52,-7.16
-0.05,-0.12,0.92,-0.02,0.02,-0.02,-3.31,-7.31
-0.05,-0.11,0.92,-0.01,0.02,-0.01,-3.24,-7.06
-0.05,-0.11,0.91,-0.01,-0.0,-0.01,-3.41,-7.11
-0.06,-0.1,0.91,-0.03,0.02,-0.02,-3.75,-6.47
-0.06,-0.1,0.92,-0.05,0.02,-0.02,-3.85,-6.06
-0.06,-0.09,0.93,-0.06,0.01,-0.02,-3.66,-5.23
-0.05,-0.07,0.94,-0.06,-0.02,-0.02,-3.17,-4.55
-0.06,-0.08,0.95,-0.08,-0.02,-0.02,-3.5,-4.74
-0.07,-0.09,0.95,-0.09,-0.04,-0.0,-4.44,-5.66
-0.08,-0.11,0.96,-0.08,-0.03,0.02,-5.01,-6.39
-0.09,-0.13,0.96,-0.07,-0.03,0.03,-5.52,-7.38
-0.1,-0.13,0.98,-0.04,-0.02,0.03,-5.78,-7.34
-0.09,-0.13,0.97,-0.02,-0.0,0.04,-5.25,-7.29
-0.09,-0.13,0.97,0.01,-0.01,0.05,-5.53,-7.43
-0.08,-0.12,0.97,0.05,-0.02,0.05,-4.5,-7.29
-0.07,-0.12,0.96,0.07,-0.03,0.05,-4.04,-7.25
-0.05,-0.11,0.95,0.07,-0.01,0.05,-3.09,-6.62
-0.04,-0.09,0.94,0.08,-0.04,0.05,-2.69,-5.7
-0.03,-0.09,0.94,0.06,-0.03,0.06,-2.08,-5.75
-0.02,-0.09,0.94,0.07,-0.04,0.05,-1.28,-5.71
-0.01,-0.1,0.94,0.04,-0.02,0.05,-0.84,-5.99
-0.01,-0.1,0.92,0.01,-0.02,0.07,-0.57,-6.38
-0.01,-0.11,0.91,0.0,-0.02,0.05,-0.71,-6.61
-0.01,-0.1,0.92,-0.02,-0.02,0.05,-0.63,-6.37
-0.01,-0.1,0.92,-0.09,0.03,0.03,-0.87,-6.07
-0.02,-0.1,0.94,-0.11,0.01,0.05,-1.14,-5.74
-0.03,-0.1,0.96,-0.12,-0.0,0.05,-1.84,-5.8
-0.04,-0.1,0.97,-0.13,0.01,0.05,-2.51,-5.99
-0.05,-0.12,0.98,-0.13,0.04,0.04,-3.1,-6.8
-0.07,-0.13,0.98,-0.14,0.03,0.07,-3.92,-7.76
-0.08,-0.14,0.99,-0.1,0.01,0.07,-4.35,-8.0
-0.08,-0.14,0.98,-0.09,0.01,0.08,-4.36,-8.18
-0.07,-0.14,0.98,-0.08,0.04,0.08,-4.27,-8.11
-0.07,-0.14,0.98,-0.06,0.04,0.09,-3.8,-7.95
-0.07,-0.13,0.99,-0.02,0.1,0.02,-3.81,-7.72
-0.07,-0.13,0.98,-0.04,0.03,0.1,-3.77,-7.38
-0.05,-0.13,0.97,-0.01,0.05,0.1,-2.81,-7.8
-0.04,-0.13,0.98,-0.0,0.05,0.11,-2.44,-7.55
-0.04,-0.13,0.96,-0.01,0.05,0.14,-2.25,-7.96
-0.03,-0.13,0.96,0.01,0.02,0.14,-1.63,-7.55
-0.03,-0.12,0.94,0.0,0.04,0.12,-2.09,-7.0
-0.03,-0.12,0.94,-0.0,0.02,0.11,-1.79,-7.32
-0.03,-0.12,0.93,-0.01,0.02,0.09,-1.99,-7.53
-0.02,-0.13,0.93,-0.02,-0.0,0.09,-1.48,-8.0
-0.03,-0.14,0.93,-0.04,0.02,0.07,-2.0,-8.38
-0.04,-0.15,0.93,-0.03,0.01,0.07,-2.55,-8.91
-0.05,-0.15,0.93,-0.01,-0.01,0.06,-2.81,-9.34
-0.05,-0.14,0.92,-0.02,-0.0,0.06,-2.8,-8.56
-0.04,-0.14,0.92,-0.05,-0.0,0.04,-2.74,-8.34
-0.05,-0.13,0.93,-0.07,0.04,0.05,-2.93,-7.86
-0.05,-0.12,0.94,-0.07,0.06,0.04,-3.17,-7.18
-0.05,-0.1,0.95,-0.08,0.04,0.06,-2.97,-6.27
-0.05,-0.09,0.96,-0.09,0.07,0.08,-2.89,-5.5
-0.06,-0.09,0.97,-0.1,0.09,0.1,-3.43,-5.41
-0.06,-0.09,0.97,-0.07,0.08,0.14,-3.8,-5.35
-0.06,-0.09,0.97,-0.04,0.05,0.18,-3.34,-5.32
-0.05,-0.08,0.97,-0.03,0.08,0.18,-2.98,-4.84
-0.04,-0.08,0.97,0.02,0.05,0.2,-2.15,-4.67
-0.03,-0.07,0.96,0.03,0.04,0.21,-1.74,-4.3
-0.02,-0.08,0.96,0.08,-0.01,0.22,-1.43,-4.55
-0.01,-0.08,0.95,0.12,-0.03,0.21,-0.55,-4.87
0.01,-0.08,0.93,0.14,-0.04,0.22,0.39,-4.62
0.01,-0.08,0.93,0.17,-0.09,0.23,0.56,-4.82
0.01,-0.1,0.92,0.22,-0.12,0.23,0.91,-5.9
0.02,-0.11,0.91,0.26,-0.13,0.2,1.19,-6.78
0.04,-0.11,0.9,0.27,-0.16,0.17,2.43,-6.91
0.06,-0.1,0.89,0.29,-0.21,0.14,4.09,-6.19
0.08,-0.09,0.86,0.24,-0.35,0.19,5.4,-5.66
0.09,-0.08,0.85,0.25,-0.28,0.08,6.05,-5.37
0.09,-0.07,0.85,0.22,-0.29,0.04,6.11,-4.71
0.1,-0.06,0.85,0.18,-0.32,0.03,6.7,-4.19
0.1,-0.04,0.85,0.15,-0.32,0.02,6.89,-2.9
0.11,-0.04,0.85,0.12,-0.32,0.03,7.06,-2.43
0.11,-0.03,0.84,0.04,-0.31,0.04,7.44,-1.76
0.11,-0.02,0.84,0.01,-0.31,0.07,7.29,-1.27
0.11,-0.03,0.83,-0.02,-0.31,0.09,7.32,-1.77
0.1,-0.04,0.82,-0.04,-0.32,0.11,7.09,-2.84
0.1,-0.04,0.81,-0.05,-0.32,0.12,6.86,-2.87
0.1,-0.04,0.8,-0.06,-0.31,0.12,7.5,-2.55
0.12,-0.03,0.77,-0.06,-0.28,0.12,9.15,-2.06
0.14,-0.01,0.75,-0.07,-0.3,0.13,10.8,-1.04
0.15,-0.0,0.72,-0.09,-0.28,0.12,12.18,-0.19
0.16,0.0,0.69,-0.1,-0.29,0.13,13.06,0.3
0.18,0.01,0.66,-0.06,-0.28,0.11,15.15,0.89
0.19,0.02,0.62,-0.01,-0.28,0.11,17.08,1.98
0.21,0.03,0.59,0.03,-0.25,0.1,19.37,2.91
0.23,0.03,0.54,0.09,-0.25,0.11,22.91,3.08
0.27,0.05,0.49,0.19,-0.25,0.07,28.16,5.28
0.3,0.07,0.45,0.26,-0.25,0.05,33.68,7.61
0.36,0.09,0.38,0.35,-0.27,0.02,42.33,10.22
0.42,0.13,0.33,0.38,-0.28,-0.01,49.58,13.96
0.48,0.17,0.29,0.43,-0.33,-0.04,55.13,16.49
0.56,0.22,0.23,0.46,-0.44,-0.08,60.43,19.75
0.63,0.25,0.19,0.44,-0.57,-0.14,63.57,20.92
0.68,0.3,0.15,0.35,-0.74,-0.19,63.95,23.21
0.72,0.32,0.09,0.26,-0.95,-0.25,65.43,23.51
0.76,0.34,0.03,0.15,-1.19,-0.32,65.78,24.1
0.77,0.34,-0.01,0.02,-1.42,-0.41,65.99,23.99
0.75,0.33,-0.04,-0.12,-1.69,-0.51,66.01,23.76
0.71,0.31,-0.06,-0.26,-1.93,-0.62,65.98,23.52
0.68,0.28,-0.07,-0.38,-2.18,-0.72,66.58,22.69
0.62,0.25,-0.07,-0.45,-2.4,-0.83,66.98,22.18
0.57,0.23,-0.07,-0.53,-2.63,-0.93,67.16,21.72
0.52,0.21,-0.08,-0.58,-2.85,-1.02,66.98,21.52
0.47,0.19,-0.07,-0.6,-3.07,-1.09,67.35,21.14
0.42,0.16,-0.06,-0.62,-3.27,-1.15,68.02,20.48
0.36,0.14,-0.06,-0.65,-3.45,-1.19,67.46,20.72
0.31,0.11,-0.06,-0.65,-3.63,-1.2,68.22,19.28
0.26,0.09,-0.05,-0.66,-3.79,-1.23,68.2,18.69
0.23,0.09,-0.04,-0.62,-3.96,-1.22,67.03,20.71
0.19,0.07,-0.03,-0.61,-4.11,-1.2,67.11,21.26
0.16,0.05,-0.03,-0.59,-4.26,-1.15,69.35,18.25
0.13,0.03,-0.03,-0.55,-4.4,-1.1,72.46,11.54
0.09,-0.01,-0.04,-0.51,-4.4,-1.04,66.44,-8.83
0.04,-0.07,-0.04,-0.49,-4.4,-1.02,22.55,-53.92
-0.02,-0.13,-0.05,-0.43,-4.4,-1.0,-7.72,-65.96
-0.08,-0.21,-0.07,-0.36,-4.4,-1.02,-20.13,-62.35
-0.14,-0.32,-0.06,-0.28,-4.4,-1.05,-23.73,-63.77
-0.18,-0.43,-0.02,-0.16,-4.4,-1.12,-22.69,-67.08
-0.21,-0.49,-0.04,-0.06,-4.4,-1.21,-23.42,-66.18
-0.23,-0.51,-0.04,0.02,-4.4,-1.35,-24.0,-65.64
-0.27,-0.55,-0.13,0.01,-4.4,-1.48,-25.52,-61.62
-0.29,-0.53,-0.1,-0.06,-4.4,-1.61,-28.61,-59.7
-0.31,-0.52,-0.03,-0.13,-4.4,-1.67,-31.13,-58.69
-0.35,-0.53,-0.0,-0.19,-4.4,-1.67,-33.6,-56.4
-0.4,-0.55,0.03,-0.26,-4.4,-1.66,-35.72,-54.13
-0.44,-0.58,0.07,-0.34,-4.4,-1.64,-37.45,-51.98
-0.49,-0.6,0.11,-0.39,-4.4,-1.59,-39.15,-49.76
-0.57,-0.63,0.13,-0.48,-4.4,-1.57,-41.46,-47.14
-0.65,-0.66,0.17,-0.57,-4.4,-1.52,-43.79,-44.4
-0.71,-0.68,0.23,-0.65,-4.4,-1.49,-44.85,-42.25
-0.74,-0.71,0.3,-0.72,-4.4,-1.42,-44.14,-41.39
-0.76,-0.76,0.35,-0.76,-4.4,-1.34,-42.2,-42.38
-0.8,-0.83,0.4,-0.86,-4.4,-1.28,-40.82,-43.14
-0.87,-0.9,0.45,-0.97,-4.4,-1.23,-40.96,-42.42
-0.99,-0.97,0.52,-1.1,-4.4,-1.23,-42.06,-40.72
-1.15,-1.1,0.66,-1.21,-4.4,-1.29,-41.96,-39.54
-1.22,-1.17,0.8,-1.29,-4.4,-1.36,-40.72,-38.63
-1.29,-1.22,0.98,-1.37,-4.4,-1.45,-39.3,-37.13
-1.33,-1.23,1.14,-1.41,-4.4,-1.53,-38.42,-34.98
-1.36,-1.2,1.3,-1.42,-4.4,-1.59,-37.49,-32.63
-1.37,-1.17,1.46,-1.41,-4.4,-1.62,-36.31,-30.36
-1.35,-1.11,1.61,-1.34,-4.4,-1.63,-34.53,-27.89
-1.29,-1.03,1.74,-1.22,-4.4,-1.6,-32.53,-25.39
-1.21,-0.92,1.82,-1.01,-4.4,-1.52,-30.55,-22.8
-1.12,-0.85,1.85,-0.78,-4.4,-1.41,-28.94,-21.33
-1.06,-0.79,1.83,-0.51,-4.4,-1.29,-27.92,-20.47
-1.01,-0.74,1.79,-0.28,-4.4,-1.2,-27.47,-19.95
-0.96,-0.72,1.72,-0.03,-4.4,-1.12,-27.28,-20.02
-0.94,-0.71,1.64,0.16,-4.4,-1.07,-27.79,-20.51
-0.93,-0.71,1.56,0.34,-4.4,-1.05,-28.4,-21.32
-0.92,-0.72,1.49,0.44,-4.4,-1.04,-29.2,-22.34
-0.92,-0.74,1.41,0.51,-4.4,-1.03,-30.09,-23.62
-0.92,-0.77,1.35,0.53,-4.4,-1.06,-30.71,-25.04
-0.93,-0.79,1.33,0.49,-4.4,-1.09,-31.06,-26.03
-0.93,-0.78,1.36,0.39,-4.4,-1.12,-30.79,-25.38
-0.93,-0.75,1.4,0.29,-4.4,-1.11,-30.38,-24.0
-0.92,-0.71,1.45,0.18,-4.4,-1.11,-29.56,-22.35
-0.87,-0.65,1.52,0.08,-4.4,-1.07,-27.78,-20.3
-0.84,-0.59,1.61,0.0,-4.4,-1.0,-25.99,-17.86
-0.79,-0.53,1.7,-0.07,-4.4,-0.9,-23.99,-15.89
-0.73,-0.46,1.82,-0.06,-4.4,-0.79,-21.28,-13.34
-0.66,-0.4,1.92,-0.03,-4.4,-0.69,-18.6,-11.11
-0.58,-0.34,2.0,0.07,-4.4,-0.57,-15.86,-9.16
-0.49,-0.29,2.07,0.2,-4.36,-0.44,-13.21,-7.81
-0.42,-0.26,2.12,0.38,-4.15,-0.31,-11.17,-6.88
-0.37,-0.24,2.14,0.6,-3.94,-0.18,-9.89,-6.38
-0.34,-0.25,2.12,0.79,-3.76,-0.07,-9.14,-6.72
-0.32,-0.27,2.08,0.99,-3.56,0.01,-8.78,-7.25
-0.31,-0.29,2.02,1.15,-3.36,0.06,-8.72,-8.05
-0.29,-0.3,1.93,1.31,-3.19,0.09,-8.41,-8.75
-0.27,-0.33,1.86,1.4,-3.02,0.11,-8.09,-9.85
-0.27,-0.37,1.8,1.48,-2.92,0.1,-8.39,-11.36
-0.26,-0.39,1.73,1.52,-2.84,0.06,-8.25,-12.6
-0.23,-0.4,1.67,1.54,-2.78,0.02,-7.57,-13.27
-0.2,-0.39,1.6,1.52,-2.71,-0.05,-6.76,-13.41
-0.15,-0.38,1.55,1.48,-2.67,-0.09,-5.41,-13.62
-0.11,-0.37,1.51,1.44,-2.67,-0.13,-4.17,-13.64
-0.08,-0.36,1.49,1.38,-2.63,-0.14,-2.94,-13.76
-0.07,-0.37,1.47,1.32,-2.62,-0.16,-2.56,-14.1
-0.06,-0.38,1.46,1.22,-2.57,-0.16,-2.35,-14.72
-0.07,-0.39,1.45,1.13,-2.51,-0.17,-2.76,-15.2
-0.08,-0.41,1.44,0.99,-2.45,-0.2,-2.92,-15.9
-0.08,-0.41,1.42,0.81,-2.36,-0.24,-3.21,-16.18
-0.08,-0.4,1.39,0.61,-2.26,-0.26,-3.01,-16.09
-0.07,-0.38,1.36,0.4,-2.15,-0.27,-2.97,-15.69
-0.07,-0.36,1.34,0.17,-2.06,-0.27,-2.95,-14.89
-0.06,-0.32,1.33,-0.04,-1.96,-0.25,-2.34,-13.54
-0.04,-0.28,1.33,-0.24,-1.88,-0.22,-1.49,-11.69
-0.02,-0.24,1.35,-0.44,-1.81,-0.16,-0.9,-9.93
-0.01,-0.19,1.37,-0.6,-1.76,-0.11,-0.56,-7.86
-0.0,-0.14,1.41,-0.72,-1.69,-0.09,-0.2,-5.59
0.01,-0.1,1.46,-0.83,-1.62,-0.07,0.23,-3.77
0.03,-0.04,1.5,-0.85,-1.58,-0.07,1.02,-1.65
0.04,0.01,1.54,-0.86,-1.53,-0.09,1.4,0.48
0.05,0.06,1.56,-0.82,-1.48,-0.12,1.91,2.24
0.06,0.11,1.58,-0.77,-1.39,-0.18,2.02,3.87
0.05,0.13,1.58,-0.71,-1.35,-0.23,1.67,4.83
0.08,0.18,1.58,-0.63,-1.27,-0.29,2.74,6.45
0.09,0.2,1.58,-0.54,-1.22,-0.34,3.36,7.34
0.1,0.23,1.57,-0.46,-1.14,-0.38,3.43,8.42
0.11,0.27,1.55,-0.34,-1.08,-0.41,3.92,9.72
0.1,0.28,1.53,-0.23,-1.03,-0.41,3.69,10.44
0.1,0.29,1.5,-0.13,-0.96,-0.41,3.72,11.09
0.1,0.29,1.48,-0.06,-0.86,-0.4,3.66,11.16
0.08,0.29,1.46,0.01,-0.79,-0.36,3.07,11.41
0.07,0.28,1.44,0.07,-0.7,-0.33,2.84,10.9
0.06,0.26,1.42,0.11,-0.61,-0.3,2.55,10.47
0.06,0.26,1.42,0.16,-0.53,-0.24,2.33,10.25
0.06,0.25,1.4,0.18,-0.44,-0.19,2.37,10.27
0.05,0.24,1.39,0.24,-0.34,-0.13,2.23,9.76
0.05,0.23,1.39,0.26,-0.25,-0.05,2.16,9.55
0.04,0.21,1.39,0.28,-0.13,-0.01,1.69,8.69
0.02,0.19,1.39,0.3,-0.03,0.03,0.94,7.99
0.01,0.17,1.39,0.33,0.09,0.04,0.55,7.13
0.01,0.15,1.37,0.35,0.18,0.08,0.51,6.42
0.01,0.12,1.35,0.36,0.31,0.1,0.31,5.23
-0.0,0.1,1.34,0.41,0.39,0.13,-0.06,4.13
-0.03,0.07,1.33,0.43,0.48,0.14,-1.15,2.91
-0.04,0.04,1.32,0.47,0.56,0.17,-1.77,1.87
-0.06,0.02,1.3,0.5,0.68,0.16,-2.64,0.71
-0.09,-0.02,1.28,0.53,0.76,0.16,-4.04,-0.99
-0.12,-0.07,1.25,0.57,0.84,0.15,-5.35,-3.09
-0.14,-0.11,1.2,0.56,0.88,0.16,-6.39,-5.23
-0.16,-0.15,1.16,0.55,0.96,0.16,-7.66,-7.17
-0.17,-0.18,1.12,0.51,1.0,0.18,-8.69,-8.92
-0.19,-0.21,1.08,0.48,1.01,0.2,-9.59,-10.81
-0.19,-0.23,1.05,0.43,1.01,0.22,-10.21,-12.04
-0.2,-0.25,1.02,0.37,0.99,0.25,-10.66,-13.38
-0.21,-0.26,1.0,0.3,1.0,0.25,-11.45,-14.12
-0.22,-0.26,1.0,0.24,0.96,0.27,-12.2,-14.36
-0.23,-0.27,1.0,0.2,0.92,0.28,-12.31,-14.96
-0.22,-0.27,1.01,0.15,0.92,0.28,-12.03,-14.51
-0.22,-0.27,1.01,0.11,0.92,0.29,-11.66,-14.42
-0.21,-0.27,1.02,0.12,0.89,0.29,-11.41,-14.52
-0.22,-0.28,1.02,0.13,0.86,0.31,-11.71,-14.98
-0.23,-0.29,1.0,0.15,0.85,0.28,-12.19,-15.77
-0.24,-0.3,0.99,0.13,0.83,0.28,-13.07,-16.11
-0.24,-0.3,1.0,0.12,0.84,0.27,-12.86,-16.46
-0.23,-0.3,1.0,0.15,0.8,0.27,-12.63,-16.49
-0.24,-0.3,0.99,0.18,0.79,0.26,-13.03,-16.41
-0.24,-0.29,0.97,0.18,0.79,0.25,-13.41,-16.43
-0.24,-0.29,0.95,0.21,0.74,0.27,-13.74,-16.72
-0.24,-0.29,0.93,0.26,0.7,0.25,-13.9,-16.91
-0.23,-0.28,0.94,0.28,0.63,0.26,-13.34,-16.24
-0.22,-0.27,0.94,0.31,0.58,0.26,-12.47,-15.83
-0.21,-0.26,0.95,0.4,0.49,0.27,-12.03,-15.06
-0.2,-0.27,0.97,0.48,0.41,0.27,-11.45,-15.03
-0.2,-0.27,0.98,0.56,0.34,0.24,-11.3,-15.25
-0.21,-0.29,1.0,0.62,0.28,0.21,-11.25,-15.95
-0.19,-0.28,1.02,0.67,0.22,0.19,-10.38,-14.83
-0.21,-0.32,1.03,0.73,0.2,0.15,-11.21,-16.81
-0.24,-0.36,1.03,0.77,0.19,0.11,-12.64,-18.68
-0.23,-0.37,1.04,0.77,0.22,0.05,-11.97,-19.11
-0.23,-0.37,1.03,0.76,0.24,0.03,-11.96,-19.29
-0.22,-0.35,1.0,0.78,0.26,0.0,-11.84,-19.14
-0.23,-0.36,0.97,0.78,0.26,-0.02,-12.38,-20.01
-0.23,-0.36,0.94,0.77,0.28,-0.02,-12.8,-20.3
-0.22,-0.35,0.93,0.75,0.29,-0.02,-12.35,-20.28
-0.22,-0.35,0.92,0.72,0.28,-0.0,-12.51,-20.53
-0.22,-0.36,0.92,0.72,0.25,0.01,-12.43,-20.78
-0.22,-0.36,0.92,0.69,0.25,0.01,-12.7,-20.82
-0.22,-0.36,0.93,0.65,0.24,0.02,-12.24,-20.95
-0.22,-0.38,0.94,0.65,0.19,0.02,-12.11,-21.29
-0.23,-0.39,0.94,0.61,0.16,0.01,-12.53,-21.94
-0.23,-0.4,0.95,0.57,0.17,-0.01,-12.7,-22.25
-0.24,-0.4,0.95,0.5,0.19,-0.04,-13.11,-22.29
-0.25,-0.4,0.94,0.44,0.2,-0.05,-13.6,-22.17
-0.26,-0.39,0.94,0.37,0.24,-0.06,-14.1,-22.09
-0.26,-0.38,0.93,0.31,0.24,-0.08,-14.36,-21.46
-0.25,-0.37,0.93,0.24,0.27,-0.07,-14.29,-20.84
-0.24,-0.35,0.92,0.19,0.26,-0.05,-13.97,-20.09
-0.24,-0.34,0.92,0.15,0.25,-0.03,-13.63,-19.42
-0.24,-0.33,0.92,0.11,0.26,-0.03,-13.65,-19.22
-0.23,-0.32,0.94,0.07,0.26,-0.0,-12.92,-18.26
-0.23,-0.31,0.95,0.06,0.26,-0.0,-12.95,-17.7
-0.23,-0.3,0.95,0.05,0.25,0.0,-12.82,-17.23
-0.23,-0.3,0.96,0.03,0.26,0.01,-12.82,-16.95
-0.23,-0.3,0.96,0.03,0.24,-0.0,-12.7,-16.87
-0.23,-0.3,0.97,0.04,0.24,-0.0,-12.97,-16.62
-0.23,-0.29,0.96,0.03,0.23,-0.01,-12.95,-16.4
-0.23,-0.29,0.95,0.01,0.24,-0.02,-12.83,-16.35
-0.24,-0.3,0.94,-0.01,0.26,-0.03,-13.6,-16.91
-0.24,-0.29,0.93,-0.03,0.26,-0.02,-13.75,-16.95
-0.24,-0.29,0.93,-0.04,0.26,-0.02,-13.84,-16.87
-0.24,-0.28,0.93,-0.05,0.24,-0.0,-13.74,-16.53
-0.23,-0.29,0.92,-0.05,0.25,0.0,-13.52,-16.68
-0.23,-0.28,0.93,-0.05,0.22,0.0,-13.36,-16.08
-0.23,-0.26,0.94,-0.05,0.2,-0.0,-13.35,-15.33
-0.23,-0.26,0.94,-0.03,0.16,-0.01,-13.23,-15.23
-0.22,-0.26,0.96,-0.01,0.16,-0.02,-12.47,-14.74
-0.22,-0.26,0.97,0.04,0.12,-0.02,-12.05,-14.67
-0.21,-0.27,0.98,0.08,0.08,-0.03,-11.49,-14.89
-0.2,-0.28,0.99,0.13,0.05,-0.03,-11.18,-15.26
-0.21,-0.29,1.0,0.14,0.06,-0.04,-11.37,-15.87
-0.22,-0.3,0.98,0.16,0.05,-0.05,-12.12,-16.64
-0.22,-0.3,0.98,0.17,0.04,-0.07,-12.01,-16.39
-0.23,-0.31,0.96,0.16,0.04,-0.09,-12.63,-17.52
-0.22,-0.32,0.94,0.13,0.03,-0.09,-12.67,-18.32
-0.22,-0.32,0.92,0.07,0.05,-0.1,-12.9,-18.71
-0.22,-0.33,0.91,0.02,0.05,-0.09,-13.1,-19.29
-0.21,-0.32,0.9,-0.04,0.02,-0.05,-12.46,-18.81
-0.22,-0.31,0.92,-0.09,0.04,-0.04,-12.6,-18.14
-0.22,-0.28,0.95,-0.14,0.02,-0.02,-12.44,-15.87
-0.21,-0.27,0.97,-0.15,0.01,-0.01,-12.07,-15.22
-0.21,-0.24,0.98,-0.15,-0.01,0.0,-11.81,-13.36
-0.21,-0.23,1.0,-0.12,0.01,-0.01,-11.34,-12.61
-0.21,-0.22,1.0,-0.1,0.01,0.0,-11.29,-12.09
-0.2,-0.22,1.01,-0.07,0.01,0.01,-11.16,-11.87
-0.21,-0.23,1.01,-0.03,-0.03,0.03,-11.53,-12.68
-0.21,-0.24,1.01,0.01,-0.02,0.02,-11.26,-13.04
-0.21,-0.24,1.01,0.04,-0.03,0.01,-11.5,-13.03
-0.22,-0.25,0.98,0.08,-0.06,0.0,-12.33,-13.82
-0.22,-0.25,0.99,0.09,-0.09,0.0,-12.09,-14.07
-0.23,-0.26,0.97,0.11,-0.09,-0.03,-12.63,-14.37
-0.22,-0.26,0.96,0.08,-0.08,-0.03,-12.21,-14.51
-0.21,-0.26,0.96,0.08,-0.1,-0.02,-12.16,-15.05
-0.2,-0.26,0.95,0.07,-0.12,-0.01,-11.73,-15.24
-0.2,-0.27,0.97,0.06,-0.13,-0.0,-11.45,-15.33
-0.19,-0.27,0.97,0.05,-0.15,-0.0,-10.72,-15.03
-0.18,-0.26,0.99,0.05,-0.16,0.01,-10.12,-14.62
-0.18,-0.27,1.01,0.05,-0.17,0.01,-9.87,-14.54
-0.18,-0.27,1.02,0.04,-0.19,0.01,-9.72,-14.35
-0.17,-0.27,1.04,0.03,-0.16,-0.01,-9.22,-14.24
-0.17,-0.27,1.05,0.04,-0.17,-0.01,-8.88,-14.42
-0.17,-0.28,1.05,0.05,-0.18,-0.03,-9.09,-14.67
-0.17,-0.28,1.05,0.05,-0.19,-0.04,-8.86,-14.62
-0.17,-0.28,1.05,0.04,-0.18,-0.06,-8.95,-14.66
-0.18,-0.27,1.05,0.03,-0.17,-0.07,-9.34,-14.53
-0.17,-0.27,1.04,0.0,-0.16,-0.07,-9.15,-14.15
-0.17,-0.27,1.03,-0.02,-0.16,-0.08,-9.28,-14.5
-0.17,-0.27,1.02,-0.06,-0.13,-0.08,-9.42,-14.42
-0.16,-0.25,1.02,-0.08,-0.12,-0.07,-8.86,-13.61
-0.16,-0.24,1.02,-0.1,-0.13,-0.06,-8.84,-13.15
-0.16,-0.23,1.03,-0.11,-0.14,-0.03,-8.55,-12.33
-0.15,-0.22,1.04,-0.12,-0.13,-0.03,-8.1,-11.81
-0.14,-0.21,1.07,-0.12,-0.12,-0.01,-7.52,-11.22
-0.14,-0.21,1.09,-0.09,-0.13,-0.01,-7.16,-10.74
-0.14,-0.21,1.1,-0.07,-0.13,-0.0,-7.34,-10.91
-0.15,-0.22,1.11,-0.05,-0.11,-0.01,-7.34,-10.98
-0.15,-0.22,1.11,-0.03,-0.09,-0.03,-7.35,-11.1
-0.15,-0.23,1.1,-0.03,-0.08,-0.04,-7.61,-11.48
-0.15,-0.23,1.09,-0.01,-0.07,-0.05,-7.69,-11.72
-0.15,-0.22,1.08,-0.01,-0.05,-0.06,-7.82,-11.55
-0.15,-0.22,1.07,-0.02,-0.03,-0.04,-7.92,-11.67
-0.14,-0.22,1.06,-0.02,-0.04,-0.03,-7.58,-11.47
-0.15,-0.22,1.06,0.0,-0.05,-0.03,-7.8,-11.53
-0.15,-0.22,1.06,-0.01,-0.04,-0.05,-8.12,-11.82
-0.16,-0.23,1.06,-0.01,-0.05,-0.05,-8.17,-11.94
-0.15,-0.22,1.06,-0.01,-0.04,-0.05,-8.18,-11.41
-0.15,-0.2,1.06,0.0,-0.05,-0.06,-7.85,-10.81
-0.15,-0.19,1.05,0.03,-0.05,-0.07,-7.97,-10.27
-0.15,-0.18,1.04,0.01,-0.04,-0.07,-7.93,-9.9
-0.15,-0.18,1.04,0.03,-0.06,-0.05,-7.98,-9.83
-0.15,-0.18,1.04,0.06,-0.08,-0.04,-7.88,-9.9
-0.14,-0.18,1.05,0.08,-0.08,-0.05,-7.73,-9.54
-0.14,-0.18,1.05,0.07,-0.07,-0.04,-7.62,-9.86
-0.14,-0.18,1.07,0.1,-0.09,-0.03,-7.28,-9.28
-0.14,-0.19,1.06,0.1,-0.06,-0.03,-7.37,-9.92
-0.15,-0.2,1.07,0.11,-0.06,-0.03,-8.07,-10.71
-0.15,-0.22,1.05,0.08,-0.01,-0.02,-8.07,-11.66
-0.15,-0.22,1.04,0.05,-0.0,-0.01,-7.9,-12.06
-0.15,-0.23,1.02,0.04,0.01,-0.01,-7.93,-12.65
-0.15,-0.23,1.02,0.01,0.01,0.0,-8.21,-12.49
-0.15,-0.23,1.02,-0.02,0.03,-0.0,-8.03,-12.45
-0.14,-0.22,1.02,-0.05,0.03,0.0,-7.75,-11.95
-0.14,-0.22,1.04,-0.05,0.02,-0.01,-7.72,-11.9
-0.16,-0.22,1.05,-0.05,0.0,-0.02,-8.25,-11.67
-0.14,-0.2,1.07,-0.05,-0.0,-0.04,-7.22,-10.76
-0.14,-0.19,1.08,-0.04,0.0,-0.06,-7.08,-10.12
-0.15,-0.18,1.06,-0.04,-0.01,-0.07,-7.89,-9.5
-0.15,-0.18,1.05,-0.03,-0.02,-0.1,-8.1,-9.76
-0.15,-0.18,1.04,-0.05,-0.0,-0.12,-8.2,-9.82
-0.14,-0.18,1.04,-0.06,0.01,-0.1,-7.69,-9.59
-0.14,-0.17,1.04,-0.05,0.02,-0.11,-7.38,-9.0
-0.14,-0.17,1.04,-0.07,0.01,-0.06,-7.7,-9.35
-0.15,-0.17,1.03,-0.09,0.04,-0.04,-8.07,-9.39
-0.16,-0.17,1.03,-0.13,0.04,-0.02,-8.47,-9.26
-0.15,-0.16,1.04,-0.17,0.06,-0.01,-8.27,-8.51
-0.15,-0.15,1.05,-0.14,0.04,0.0,-7.86,-8.14
-0.14,-0.14,1.06,-0.16,0.07,0.02,-7.48,-7.66
-0.14,-0.14,1.08,-0.16,0.08,0.03,-7.2,-7.58
-0.14,-0.14,1.09,-0.13,0.08,0.03,-7.13,-7.04
-0.13,-0.14,1.11,-0.1,0.05,0.04,-6.66,-7.21
-0.13,-0.14,1.12,-0.09,0.09,0.03,-6.46,-6.9
-0.13,-0.14,1.12,-0.05,0.1,0.01,-6.71,-7.21
-0.13,-0.15,1.12,-0.03,0.12,-0.02,-6.74,-7.68
-0.13,-0.16,1.12,-0.02,0.12,-0.01,-6.52,-8.02
-0.13,-0.16,1.1,-0.03,0.15,-0.01,-6.57,-8.37
-0.13,-0.18,1.09,-0.02,0.19,-0.01,-6.56,-9.24
-0.13,-0.19,1.08,-0.02,0.19,0.02,-6.71,-9.74
-0.13,-0.2,1.07,-0.06,0.18,0.03,-6.85,-10.35
-0.13,-0.21,1.07,-0.04,0.19,0.03,-6.87,-10.96
-0.13,-0.22,1.08,-0.07,0.22,0.01,-6.94,-11.25
-0.14,-0.23,1.07,-0.07,0.22,0.02,-7.29,-11.78
-0.14,-0.22,1.07,-0.09,0.21,0.0,-7.27,-11.54
-0.14,-0.22,1.07,-0.09,0.22,-0.02,-7.3,-11.7
-0.14,-0.22,1.07,-0.11,0.23,-0.02,-7.31,-11.68
-0.14,-0.22,1.06,-0.12,0.22,-0.03,-7.21,-11.63
-0.14,-0.21,1.08,-0.14,0.22,-0.03,-7.18,-11.13
-0.14,-0.21,1.07,-0.14,0.24,-0.05,-7.25,-11.02
-0.14,-0.21,1.07,-0.17,0.27,-0.06,-7.52,-10.8
-0.14,-0.2,1.06,-0.19,0.27,-0.05,-7.4,-10.42
-0.13,-0.19,1.06,-0.19,0.27,-0.06,-6.99,-10.03
-0.13,-0.19,1.05,-0.18,0.26,-0.03,-7.16,-10.04
-0.13,-0.18,1.05,-0.2,0.28,-0.03,-7.08,-9.46
-0.13,-0.18,1.05,-0.21,0.26,-0.01,-6.81,-9.47
-0.13,-0.17,1.07,-0.2,0.26,0.01,-6.64,-8.98
-0.12,-0.17,1.09,-0.2,0.28,0.02,-6.01,-8.81
-0.11,-0.17,1.11,-0.23,0.3,0.01,-5.42,-8.73
-0.11,-0.17,1.13,-0.22,0.3,0.02,-5.61,-8.69
-0.12,-0.18,1.14,-0.2,0.32,-0.01,-6.15,-8.74
-0.12,-0.17,1.15,-0.2,0.35,-0.02,-5.75,-8.58
-0.12,-0.19,1.17,-0.22,0.4,-0.04,-5.69,-9.09
-0.11,-0.19,1.17,-0.21,0.41,-0.05,-5.54,-9.06
-0.11,-0.18,1.18,-0.21,0.45,-0.08,-5.1,-8.52
-0.11,-0.18,1.17,-0.21,0.49,-0.09,-5.18,-8.74
-0.11,-0.18,1.17,-0.24,0.53,-0.1,-5.06,-8.66
-0.1,-0.19,1.18,-0.24,0.56,-0.11,-4.73,-8.93
-0.1,-0.19,1.18,-0.25,0.62,-0.13,-4.83,-9.1
-0.1,-0.2,1.17,-0.26,0.65,-0.12,-4.91,-9.71
-0.09,-0.2,1.16,-0.31,0.73,-0.14,-4.5,-9.91
-0.1,-0.2,1.15,-0.33,0.75,-0.12,-4.86,-9.9
-0.09,-0.21,1.13,-0.35,0.79,-0.14,-4.71,-10.28
-0.1,-0.2,1.12,-0.36,0.81,-0.13,-5.02,-10.19
-0.1,-0.19,1.12,-0.41,0.85,-0.13,-4.88,-9.82
-0.1,-0.19,1.1,-0.43,0.85,-0.12,-4.94,-9.93
-0.1,-0.19,1.11,-0.45,0.85,-0.11,-5.03,-9.72
-0.1,-0.19,1.12,-0.47,0.86,-0.12,-4.91,-9.51
-0.1,-0.19,1.13,-0.48,0.87,-0.12,-5.19,-9.4
-0.1,-0.18,1.13,-0.52,0.87,-0.11,-5.22,-9.04
-0.11,-0.19,1.14,-0.53,0.87,-0.12,-5.32,-9.21
-0.11,-0.18,1.15,-0.53,0.88,-0.12,-5.39,-8.89
-0.11,-0.17,1.16,-0.55,0.92,-0.13,-5.22,-8.43
-0.11,-0.17,1.16,-0.59,0.96,-0.12,-5.3,-8.3
-0.11,-0.17,1.16,-0.6,0.99,-0.1,-5.12,-8.08
-0.11,-0.17,1.17,-0.62,1.03,-0.1,-5.1,-8.21
-0.1,-0.16,1.18,-0.64,1.08,-0.09,-4.98,-7.86
-0.11,-0.16,1.2,-0.66,1.12,-0.08,-5.18,-7.72
-0.11,-0.16,1.21,-0.68,1.2,-0.08,-5.2,-7.43
-0.11,-0.16,1.2,-0.67,1.24,-0.08,-5.28,-7.5
-0.11,-0.16,1.21,-0.68,1.3,-0.08,-4.98,-7.32
-0.1,-0.16,1.21,-0.7,1.36,-0.07,-4.58,-7.35
-0.1,-0.15,1.22,-0.7,1.39,-0.05,-4.52,-7.18
-0.1,-0.15,1.21,-0.67,1.41,-0.06,-4.51,-7.13
-0.1,-0.15,1.21,-0.67,1.46,-0.07,-4.49,-7.1
-0.1,-0.16,1.21,-0.69,1.5,-0.05,-4.7,-7.34
-0.1,-0.16,1.21,-0.68,1.53,-0.06,-4.77,-7.6
-0.1,-0.18,1.22,-0.69,1.57,-0.06,-4.82,-8.18
-0.11,-0.18,1.23,-0.67,1.57,-0.06,-4.95,-8.35
-0.11,-0.18,1.23,-0.67,1.63,-0.06,-5.09,-8.23
-0.12,-0.18,1.21,-0.66,1.65,-0.07,-5.45,-8.49
-0.12,-0.19,1.19,-0.64,1.67,-0.07,-5.9,-8.83
-0.13,-0.19,1.18,-0.63,1.7,-0.09,-6.15,-8.97
-0.13,-0.18,1.17,-0.63,1.74,-0.09,-6.33,-8.93
-0.13,-0.18,1.15,-0.64,1.77,-0.08,-6.51,-8.84
-0.12,-0.16,1.13,-0.63,1.84,-0.11,-6.24,-8.18
-0.13,-0.16,1.12,-0.62,1.77,-0.03,-6.66,-8.18
-0.13,-0.16,1.12,-0.58,1.78,-0.04,-6.75,-8.0
-0.14,-0.16,1.11,-0.57,1.77,-0.02,-7.09,-8.05
-0.14,-0.15,1.11,-0.54,1.75,-0.0,-6.92,-7.86
-0.14,-0.15,1.09,-0.51,1.74,-0.02,-7.17,-7.98
-0.16,-0.16,1.1,-0.5,1.76,-0.01,-7.99,-8.05
-0.15,-0.17,1.1,-0.49,1.76,-0.0,-7.82,-8.83
-0.15,-0.18,1.11,-0.46,1.74,-0.0,-7.68,-8.94
-0.15,-0.18,1.1,-0.45,1.74,0.02,-7.86,-9.1
-0.15,-0.18,1.09,-0.46,1.76,0.03,-7.6,-9.25
-0.14,-0.19,1.09,-0.45,1.76,0.04,-7.43,-9.86
-0.15,-0.18,1.07,-0.44,1.77,0.07,-7.73,-9.5
-0.16,-0.18,1.07,-0.46,1.74,0.09,-8.51,-9.43
-0.17,-0.18,1.07,-0.47,1.76,0.1,-8.71,-9.38
-0.17,-0.17,1.09,-0.45,1.74,0.12,-8.76,-8.92
-0.17,-0.17,1.08,-0.42,1.72,0.14,-8.79,-8.97
-0.17,-0.17,1.09,-0.39,1.69,0.16,-8.83,-8.47
-0.18,-0.16,1.11,-0.39,1.71,0.15,-9.16,-8.38
-0.18,-0.16,1.1,-0.32,1.67,0.15,-9.47,-8.28
-0.19,-0.15,1.1,-0.26,1.64,0.14,-9.46,-7.54
-0.19,-0.15,1.1,-0.22,1.6,0.15,-9.7,-7.49
-0.19,-0.14,1.1,-0.17,1.59,0.14,-9.71,-7.36
-0.19,-0.15,1.07,-0.14,1.58,0.14,-9.99,-7.85
-0.19,-0.15,1.07,-0.09,1.55,0.14,-9.75,-7.66
-0.19,-0.15,1.07,-0.06,1.51,0.18,-9.82,-8.03
-0.18,-0.16,1.06,-0.05,1.52,0.18,-9.71,-8.49
-0.2,-0.17,1.05,-0.02,1.5,0.21,-10.47,-9.05
-0.2,-0.18,1.05,0.01,1.48,0.21,-10.64,-9.37
-0.21,-0.19,1.05,0.02,1.43,0.23,-11.08,-10.07
-0.22,-0.21,1.05,0.03,1.45,0.22,-11.52,-11.15
-0.24,-0.23,1.04,0.02,1.46,0.21,-12.58,-12.18
-0.24,-0.24,1.04,0.02,1.47,0.22,-12.6,-12.67
-0.24,-0.24,1.03,0.01,1.48,0.22,-12.57,-12.98
-0.23,-0.24,1.02,-0.03,1.52,0.21,-12.22,-13.09
-0.22,-0.25,1.01,-0.07,1.54,0.22,-12.06,-13.47
-0.22,-0.24,1.0,-0.11,1.52,0.23,-12.2,-13.04
-0.23,-0.24,1.0,-0.06,1.7,0.08,-12.63,-12.98
-0.23,-0.24,1.01,-0.13,1.52,0.22,-12.42,-12.81
-0.23,-0.24,1.0,-0.16,1.54,0.23,-12.62,-13.01
-0.23,-0.23,1.0,-0.17,1.51,0.24,-12.48,-12.42
-0.22,-0.23,0.99,-0.17,1.5,0.24,-12.18,-12.5
-0.22,-0.22,1.0,-0.17,1.47,0.25,-11.96,-12.21
-0.22,-0.22,1.01,-0.18,1.46,0.25,-12.02,-11.9
-0.22,-0.22,1.02,-0.18,1.42,0.27,-11.89,-11.6
-0.22,-0.21,1.03,-0.14,1.38,0.27,-11.81,-11.42
-0.22,-0.21,1.04,-0.12,1.37,0.26,-11.65,-11.2
-0.23,-0.22,1.04,-0.13,1.38,0.27,-12.03,-11.68
-0.23,-0.22,1.04,-0.11,1.35,0.29,-11.93,-11.74
-0.23,-0.22,1.04,-0.04,1.54,0.13,-12.16,-11.73
-0.24,-0.23,1.05,-0.08,1.35,0.29,-12.58,-12.21
-0.24,-0.23,1.03,-0.07,1.36,0.29,-12.51,-12.46
-0.23,-0.23,1.03,-0.05,1.39,0.29,-12.36,-12.49
-0.24,-0.23,1.01,-0.03,1.39,0.3,-12.89,-12.46
-0.22,-0.22,0.99,-0.03,1.39,0.32,-12.37,-12.22
-0.22,-0.22,0.98,-0.05,1.42,0.32,-12.4,-12.26
-0.22,-0.23,0.97,-0.04,1.42,0.36,-12.18,-12.89
-0.23,-0.25,0.97,-0.03,1.43,0.36,-12.64,-13.89
-0.22,-0.25,0.98,-0.03,1.4,0.38,-12.43,-14.12
-0.23,-0.26,0.98,-0.03,1.42,0.37,-12.91,-14.62
-0.22,-0.25,0.99,-0.04,1.43,0.37,-12.42,-14.03
-0.21,-0.25,0.98,-0.03,1.43,0.37,-11.97,-14.11
-0.19,-0.25,0.97,-0.02,1.4,0.37,-10.98,-14.1
-0.21,-0.26,0.97,-0.02,1.39,0.38,-11.51,-14.47
-0.2,-0.25,0.98,-0.02,1.37,0.39,-11.4,-14.07
-0.2,-0.25,0.96,0.01,1.35,0.38,-11.58,-14.11
-0.2,-0.25,0.98,0.03,1.32,0.38,-11.07,-13.86
-0.19,-0.24,0.97,0.05,1.31,0.38,-10.82,-13.9
-0.19,-0.25,0.96,0.05,1.29,0.38,-10.93,-14.36
-0.2,-0.25,0.96,0.07,1.24,0.39,-11.38,-14.35
-0.21,-0.26,0.97,0.07,1.19,0.38,-12.0,-14.44
-0.22,-0.26,0.98,0.09,1.18,0.37,-12.41,-14.47
-0.22,-0.26,0.99,0.11,1.19,0.34,-12.12,-14.62
-0.21,-0.26,0.99,0.11,1.2,0.34,-11.68,-14.46
-0.2,-0.26,0.99,0.14,1.19,0.34,-11.08,-14.43
-0.19,-0.25,0.97,0.15,1.19,0.34,-10.91,-14.27
-0.19,-0.26,0.96,0.14,1.22,0.35,-10.98,-14.76
-0.2,-0.27,0.97,0.14,1.22,0.36,-11.4,-15.22
-0.2,-0.28,0.97,0.14,1.22,0.37,-11.21,-15.77
-0.19,-0.28,0.96,0.14,1.25,0.37,-10.88,-16.23
-0.18,-0.28,0.94,0.11,1.28,0.38,-10.61,-16.16
-0.18,-0.28,0.94,0.08,1.3,0.39,-10.43,-16.13
-0.18,-0.27,0.93,0.05,1.31,0.41,-10.28,-16.12
-0.17,-0.27,0.92,0.06,1.3,0.41,-9.88,-15.95
-0.16,-0.27,0.91,0.04,1.32,0.42,-9.77,-16.21
-0.16,-0.27,0.9,0.02,1.3,0.44,-9.61,-16.59
-0.16,-0.28,0.9,0.02,1.26,0.44,-9.67,-16.89
-0.17,-0.28,0.9,0.01,1.25,0.42,-10.23,-16.99
-0.17,-0.29,0.9,-0.01,1.24,0.4,-10.45,-17.56
-0.17,-0.29,0.92,-0.01,1.21,0.37,-9.92,-17.01
-0.17,-0.28,0.93,0.02,1.16,0.34,-9.72,-16.66
-0.18,-0.29,0.95,0.04,1.14,0.32,-10.26,-16.5
-0.18,-0.28,0.96,0.05,1.13,0.28,-10.21,-16.18
-0.18,-0.28,0.96,0.05,1.12,0.28,-10.1,-15.94
-0.18,-0.28,0.96,0.09,1.11,0.27,-9.99,-16.14
-0.17,-0.28,0.94,0.09,1.11,0.25,-10.08,-16.05
-0.16,-0.27,0.92,0.05,1.14,0.26,-9.68,-15.96
-0.15,-0.26,0.92,0.03,1.15,0.29,-9.14,-15.59
-0.14,-0.26,0.91,0.01,1.15,0.31,-8.7,-15.87
-0.14,-0.26,0.91,-0.02,1.15,0.35,-8.66,-15.6
-0.15,-0.26,0.91,-0.06,1.18,0.35,-9.06,-15.62
-0.14,-0.26,0.91,-0.09,1.19,0.37,-8.68,-15.48
-0.14,-0.24,0.91,-0.11,1.18,0.38,-8.37,-14.86
-0.14,-0.23,0.91,-0.13,1.14,0.38,-8.17,-14.24
-0.14,-0.23,0.92,-0.12,1.14,0.38,-8.41,-13.97
-0.15,-0.23,0.94,-0.14,1.13,0.39,-8.57,-13.89
-0.15,-0.23,0.96,-0.1,1.1,0.38,-8.54,-13.31
-0.16,-0.25,0.97,-0.07,1.05,0.4,-9.16,-13.99
-0.17,-0.25,0.99,-0.03,1.06,0.37,-9.58,-14.02
-0.18,-0.26,1.01,0.02,1.03,0.35,-9.73,-14.0
-0.18,-0.25,1.02,0.08,1.01,0.3,-9.8,-13.65
-0.18,-0.25,1.01,0.11,1.0,0.28,-9.97,-13.68
-0.18,-0.23,1.0,0.14,0.98,0.27,-10.11,-12.53
-0.17,-0.23,0.98,0.17,1.01,0.26,-9.35,-12.95
-0.14,-0.21,0.97,0.17,1.03,0.27,-7.9,-11.84
-0.12,-0.19,0.94,0.17,1.01,0.31,-7.31,-11.37
-0.11,-0.19,0.93,0.15,1.03,0.34,-6.45,-11.38
-0.11,-0.2,0.91,0.12,1.03,0.37,-6.82,-12.05
-0.11,-0.2,0.91,0.1,1.0,0.4,-6.56,-12.15
-0.11,-0.2,0.91,0.1,0.98,0.41,-6.72,-12.24
-0.11,-0.21,0.92,0.1,0.97,0.4,-6.76,-12.96
-0.12,-0.23,0.94,0.07,0.98,0.41,-7.2,-13.54
-0.13,-0.24,0.96,0.11,0.95,0.38,-7.77,-14.08
-0.14,-0.25,0.96,0.15,0.94,0.37,-8.28,-14.49
-0.15,-0.26,0.96,0.17,0.92,0.35,-8.52,-15.23
-0.14,-0.27,0.96,0.18,0.93,0.3,-8.27,-15.52
-0.14,-0.28,0.95,0.19,0.93,0.28,-8.1,-16.1
-0.14,-0.28,0.93,0.21,0.92,0.26,-7.91,-16.29
-0.12,-0.26,0.93,0.21,0.92,0.25,-7.18,-15.38
-0.11,-0.26,0.92,0.17,0.95,0.24,-6.63,-15.76
-0.1,-0.25,0.9,0.13,0.96,0.25,-6.34,-15.37
-0.1,-0.24,0.88,0.05,0.96,0.27,-6.31,-15.15
-0.09,-0.23,0.88,-0.02,0.97,0.28,-5.69,-14.69
-0.09,-0.23,0.9,-0.09,0.99,0.28,-5.64,-14.07
-0.1,-0.22,0.91,-0.15,1.0,0.32,-5.98,-13.34
-0.1,-0.21,0.93,-0.18,0.99,0.34,-5.91,-12.7
-0.11,-0.21,0.94,-0.18,0.97,0.37,-6.73,-12.34
-0.13,-0.21,0.95,-0.19,0.98,0.36,-7.45,-12.58
-0.14,-0.22,0.96,-0.17,0.98,0.36,-8.1,-12.59
-0.14,-0.22,0.97,-0.15,0.97,0.35,-8.25,-12.57
-0.14,-0.21,0.97,-0.09,0.94,0.35,-7.84,-12.12
-0.13,-0.21,0.97,-0.05,0.93,0.32,-7.75,-12.02
-0.13,-0.21,0.96,-0.0,0.88,0.31,-7.53,-12.05
-0.13,-0.21,0.95,0.04,0.86,0.3,-7.62,-12.53
-0.13,-0.22,0.95,0.08,0.82,0.28,-7.89,-13.09
-0.14,-0.23,0.94,0.11,0.83,0.25,-8.3,-13.35
-0.13,-0.22,0.93,0.1,0.84,0.24,-7.62,-13.42
-0.12,-0.21,0.93,0.13,0.83,0.24,-7.15,-12.82
-0.11,-0.21,0.92,0.14,0.81,0.24,-6.75,-12.83
-0.11,-0.22,0.92,0.14,0.82,0.24,-6.36,-13.34
-0.11,-0.22,0.9,0.11,0.85,0.25,-6.47,-13.73
-0.1,-0.22,0.89,0.08,0.86,0.25,-6.31,-13.69
-0.09,-0.22,0.88,0.04,0.85,0.26,-5.46,-13.91
-0.09,-0.22,0.89,0.02,0.84,0.26,-5.35,-14.03
-0.1,-0.23,0.89,-0.04,0.85,0.27,-6.02,-14.41
-0.11,-0.23,0.9,-0.08,0.85,0.25,-6.85,-14.22
-0.11,-0.22,0.91,-0.1,0.84,0.25,-6.66,-13.61
-0.11,-0.21,0.93,-0.12,0.85,0.25,-6.58,-12.95
-0.1,-0.2,0.94,-0.15,0.88,0.26,-6.21,-12.04
-0.11,-0.19,0.95,-0.14,0.85,0.29,-6.24,-11.46
-0.12,-0.19,0.96,-0.1,0.82,0.3,-6.84,-11.1
-0.12,-0.19,0.96,-0.09,0.8,0.29,-6.87,-10.88
-0.12,-0.19,0.97,-0.09,0.78,0.3,-7.12,-11.03
-0.13,-0.18,0.99,-0.06,0.78,0.29,-7.49,-10.49
-0.13,-0.2,0.98,-0.01,0.74,0.27,-7.46,-11.23
-0.13,-0.2,0.99,0.02,0.73,0.25,-7.45,-11.43
-0.14,-0.21,0.98,0.02,0.74,0.24,-7.92,-12.04
-0.14,-0.21,0.98,0.05,0.7,0.25,-7.91,-11.72
-0.14,-0.21,0.97,0.06,0.69,0.23,-7.75,-12.06
-0.13,-0.21,0.98,0.08,0.71,0.22,-7.58,-11.84
-0.13,-0.21,0.98,0.07,0.73,0.23,-7.5,-11.99
-0.12,-0.22,0.98,0.07,0.73,0.25,-6.86,-12.46
-0.13,-0.22,0.98,0.04,0.76,0.27,-7.35,-12.63
-0.14,-0.22,0.97,0.05,0.77,0.27,-7.97,-12.66
-0.14,-0.23,0.97,0.02,0.83,0.27,-7.85,-13.29
-0.14,-0.23,0.97,0.02,0.84,0.28,-7.78,-13.43
-0.12,-0.22,0.96,0.02,0.85,0.29,-7.06,-12.59
-0.1,-0.2,0.96,0.01,0.85,0.28,-6.09,-11.73
-0.1,-0.19,0.94,-0.02,0.87,0.29,-6.09,-11.15
-0.1,-0.18,0.94,-0.02,0.87,0.29,-5.92,-10.76
-0.09,-0.17,0.94,0.05,1.02,0.16,-5.53,-10.44
-0.08,-0.17,0.94,0.01,0.83,0.31,-5.08,-10.1
-0.08,-0.17,0.93,0.01,0.8,0.32,-5.0,-10.33
-0.08,-0.18,0.93,-0.0,0.8,0.32,-5.03,-10.65
-0.09,-0.18,0.93,0.01,0.76,0.32,-5.6,-10.82
-0.09,-0.18,0.93,0.02,0.74,0.31,-5.48,-11.07
-0.09,-0.18,0.93,0.03,0.75,0.31,-5.27,-11.1
-0.08,-0.19,0.93,0.05,0.73,0.31,-4.82,-11.64
-0.08,-0.19,0.92,0.06,0.7,0.29,-5.1,-11.79
-0.09,-0.2,0.91,0.06,0.69,0.31,-5.64,-12.36
-0.1,-0.22,0.91,0.05,0.73,0.28,-6.1,-13.33
-0.1,-0.23,0.91,0.04,0.75,0.27,-5.98,-13.99
-0.09,-0.23,0.9,0.05,0.76,0.25,-5.58,-14.51
-0.08,-0.23,0.9,0.02,0.76,0.25,-5.21,-14.48
-0.08,-0.21,0.89,0.0,0.79,0.23,-4.8,-13.52
-0.06,-0.2,0.89,-0.04,0.8,0.23,-3.65,-12.9
-0.05,-0.19,0.89,-0.05,0.81,0.23,-3.27,-12.27
-0.05,-0.18,0.89,-0.09,0.77,0.27,-3.18,-11.26
-0.06,-0.18,0.9,-0.13,0.79,0.26,-3.45,-11.42
-0.07,-0.19,0.91,-0.16,0.78,0.28,-4.19,-11.78
-0.06,-0.19,0.92,-0.14,0.77,0.28,-3.84,-11.77
-0.06,-0.19,0.92,-0.18,0.76,0.3,-3.52,-11.65
-0.06,-0.19,0.91,-0.18,0.73,0.3,-3.59,-11.95
-0.06,-0.19,0.91,-0.2,0.73,0.3,-3.98,-12.03
-0.08,-0.2,0.91,-0.23,0.71,0.3,-5.07,-12.22
-0.09,-0.21,0.93,-0.25,0.69,0.3,-5.34,-12.76
-0.09,-0.22,0.94,-0.25,0.72,0.28,-5.54,-12.83
-0.11,-0.22,0.96,-0.25,0.72,0.27,-6.16,-12.8
-0.11,-0.22,0.97,-0.22,0.7,0.25,-6.44,-12.54
-0.12,-0.21,0.97,-0.17,0.78,0.15,-7.01,-12.31
-0.12,-0.2,0.99,-0.13,0.67,0.2,-6.87,-11.52
-0.13,-0.21,1.0,-0.11,0.66,0.19,-6.98,-11.51
-0.14,-0.2,1.01,-0.04,0.62,0.17,-7.51,-11.31
-0.15,-0.21,1.01,-0.01,0.61,0.17,-8.37,-11.51
-0.16,-0.21,1.01,0.04,0.63,0.15,-8.89,-11.49
-0.16,-0.21,1.01,0.04,0.66,0.16,-8.92,-11.36
-0.16,-0.2,1.02,0.07,0.66,0.17,-8.63,-10.87
-0.15,-0.21,1.02,0.11,0.67,0.19,-8.41,-11.34
-0.15,-0.19,1.01,0.12,0.71,0.2,-8.4,-10.56
-0.15,-0.19,1.0,0.12,0.74,0.23,-8.24,-10.47
-0.14,-0.19,1.0,0.13,0.74,0.25,-7.65,-10.62
-0.13,-0.17,0.99,0.13,0.77,0.25,-7.56,-9.83
-0.12,-0.18,0.98,0.22,0.92,0.13,-6.78,-10.5
-0.12,-0.18,0.98,0.16,0.77,0.27,-6.67,-10.38
-0.11,-0.19,0.96,0.17,0.76,0.29,-6.17,-10.9
-0.11,-0.2,0.95,0.19,0.76,0.26,-6.51,-11.8
-0.12,-0.22,0.94,0.2,0.72,0.25,-6.91,-13.41
-0.12,-0.24,0.94,0.21,0.74,0.21,-7.14,-14.41
-0.12,-0.25,0.93,0.24,0.73,0.18,-7.06,-14.76
-0.11,-0.24,0.92,0.28,0.73,0.11,-6.62,-14.3
-0.09,-0.23,0.92,0.31,0.69,0.07,-5.63,-13.79
-0.1,-0.21,0.92,0.33,0.68,0.03,-5.82,-12.47
-0.1,-0.2,0.93,0.38,0.68,-0.0,-5.77,-11.81
-0.09,-0.17,0.95,0.43,0.62,-0.05,-5.56,-10.11
-0.1,-0.15,0.97,0.48,0.56,-0.06,-5.63,-8.74
-0.11,-0.16,0.98,0.51,0.56,-0.08,-6.28,-8.97
-0.13,-0.18,0.98,0.57,0.53,-0.07,-7.38,-10.28
-0.14,-0.2,0.99,0.65,0.55,-0.08,-8.08,-11.28
-0.13,-0.19,0.99,0.7,0.55,-0.07,-7.6,-10.9
-0.13,-0.19,0.99,0.73,0.59,-0.07,-7.3,-10.6
-0.12,-0.17,0.98,0.77,0.6,-0.05,-6.67,-10.01
-0.1,-0.18,0.98,0.81,0.6,-0.04,-5.94,-10.06
-0.1,-0.19,0.97,0.84,0.57,-0.03,-5.77,-11.18
-0.1,-0.21,0.96,0.85,0.55,-0.03,-5.54,-12.15
-0.09,-0.21,0.93,0.83,0.55,-0.04,-5.41,-12.75
-0.07,-0.2,0.9,0.82,0.57,-0.07,-4.42,-12.63
-0.04,-0.18,0.88,0.76,0.6,-0.07,-2.45,-11.41
-0.0,-0.15,0.86,0.67,0.64,-0.07,-0.05,-9.95
0.03,-0.15,0.85,0.54,0.67,-0.03,1.88,-10.15
0.03,-0.16,0.85,0.41,0.68,0.02,2.17,-10.64
0.04,-0.16,0.85,0.3,0.71,0.05,2.37,-10.87
0.03,-0.16,0.84,0.18,0.76,0.07,2.27,-10.84
0.03,-0.16,0.84,0.06,0.76,0.1,2.09,-10.8
0.02,-0.17,0.86,-0.05,0.79,0.11,1.24,-11.42
-0.0,-0.19,0.88,-0.13,0.77,0.11,-0.19,-11.95
-0.02,-0.18,0.89,-0.17,0.78,0.11,-1.53,-11.67
-0.05,-0.18,0.92,-0.21,0.81,0.1,-3.33,-11.29
-0.07,-0.19,0.94,-0.2,0.79,0.1,-4.1,-11.23
-0.09,-0.2,0.97,-0.19,0.73,0.09,-5.01,-11.83
-0.12,-0.22,0.98,-0.15,0.72,0.06,-6.61,-12.7
-0.14,-0.23,0.98,-0.11,0.73,0.03,-8.05,-12.88
-0.16,-0.22,0.99,-0.05,0.74,0.01,-8.84,-12.28
-0.15,-0.21,1.01,0.03,0.76,-0.02,-8.43,-11.43
-0.14,-0.19,1.02,0.11,0.72,-0.03,-7.52,-10.33
-0.13,-0.18,1.01,0.15,0.7,-0.03,-7.09,-9.96
-0.14,-0.17,1.01,0.21,0.66,-0.03,-7.59,-9.77
-0.15,-0.17,1.0,0.25,0.64,-0.03,-8.46,-9.55
-0.16,-0.16,0.98,0.29,0.66,-0.04,-9.03,-9.09
-0.15,-0.16,1.0,0.31,0.7,-0.04,-8.34,-8.89
-0.14,-0.16,1.0,0.34,0.69,-0.01,-7.76,-9.03
-0.13,-0.17,1.0,0.39,0.66,0.01,-7.13,-9.34
-0.13,-0.16,0.98,0.39,0.69,0.03,-7.38,-9.47
-0.14,-0.17,0.96,0.42,0.72,0.03,-8.11,-10.07
-0.12,-0.17,0.95,0.41,0.78,0.06,-7.13,-10.16
-0.08,-0.15,0.94,0.42,0.77,0.09,-4.67,-9.19
-0.04,-0.13,0.93,0.39,0.78,0.1,-2.41,-7.88
-0.03,-0.13,0.91,0.34,0.8,0.12,-2.09,-7.96
-0.03,-0.13,0.89,0.27,0.82,0.14,-2.0,-8.09
-0.03,-0.12,0.89,0.25,0.81,0.16,-2.12,-7.92
-0.03,-0.13,0.9,0.2,0.79,0.19,-2.02,-8.34
-0.02,-0.14,0.89,0.12,0.83,0.18,-1.45,-8.66
-0.02,-0.15,0.87,0.09,0.81,0.2,-1.39,-9.5
-0.03,-0.15,0.87,0.06,0.82,0.19,-1.94,-9.52
-0.03,-0.15,0.89,0.03,0.79,0.18,-2.04,-9.35
-0.03,-0.15,0.9,-0.0,0.79,0.16,-1.79,-9.23
-0.04,-0.15,0.9,-0.03,0.77,0.16,-2.57,-9.54
-0.06,-0.15,0.91,-0.03,0.76,0.15,-3.51,-9.34
-0.07,-0.14,0.92,-0.03,0.73,0.16,-3.99,-8.84
-0.07,-0.16,0.93,-0.04,0.76,0.14,-4.22,-9.83
-0.07,-0.16,0.93,-0.01,0.75,0.16,-4.11,-9.92
-0.07,-0.16,0.93,0.01,0.74,0.16,-4.09,-9.81
-0.07,-0.16,0.94,0.01,0.73,0.17,-4.27,-9.76
-0.07,-0.15,0.94,0.03,0.71,0.17,-4.25,-9.33
-0.07,-0.16,0.93,0.05,0.71,0.16,-4.5,-9.9
-0.09,-0.17,0.93,0.07,0.69,0.15,-5.57,-10.29
-0.09,-0.17,0.94,0.08,0.67,0.15,-5.7,-10.0
-0.1,-0.17,0.94,0.1,0.7,0.12,-5.83,-10.0
-0.09,-0.16,0.94,0.12,0.69,0.12,-5.63,-9.67
-0.09,-0.15,0.94,0.15,0.69,0.12,-5.58,-9.01
-0.09,-0.15,0.94,0.18,0.66,0.12,-5.64,-8.71
-0.09,-0.14,0.94,0.21,0.65,0.11,-5.64,-8.27
-0.1,-0.14,0.94,0.22,0.65,0.12,-5.98,-8.35
-0.11,-0.14,0.94,0.26,0.63,0.11,-6.63,-8.2
-0.11,-0.14,0.95,0.3,0.63,0.12,-6.65,-8.18
-0.1,-0.14,0.95,0.33,0.62,0.12,-6.06,-8.05
-0.1,-0.13,0.94,0.35,0.62,0.12,-6.24,-8.01
-0.11,-0.14,0.94,0.38,0.59,0.13,-6.52,-8.56
-0.11,-0.15,0.93,0.44,0.57,0.11,-6.88,-9.13
-0.12,-0.16,0.93,0.47,0.56,0.11,-6.97,-9.52
-0.11,-0.17,0.92,0.5,0.58,0.09,-7.01,-10.17
-0.1,-0.17,0.9,0.5,0.6,0.08,-6.21,-10.56
-0.07,-0.15,0.89,0.52,0.61,0.06,-4.54,-9.71
-0.04,-0.14,0.88,0.49,0.62,0.07,-2.36,-8.8
-0.01,-0.12,0.87,0.43,0.64,0.06,-0.74,-7.82
0.01,-0.12,0.88,0.34,0.63,0.1,0.41,-7.78
0.01,-0.12,0.88,0.28,0.68,0.08,0.59,-7.95
0.0,-0.13,0.88,0.2,0.64,0.14,0.27,-8.62
-0.0,-0.15,0.87,0.14,0.7,0.16,-0.2,-9.47
-0.0,-0.15,0.88,0.07,0.72,0.19,-0.12,-9.83
-0.01,-0.16,0.88,0.02,0.75,0.18,-0.48,-10.14
-0.02,-0.16,0.89,-0.0,0.75,0.19,-1.21,-9.96
-0.02,-0.17,0.9,-0.05,0.77,0.18,-1.32,-10.85
-0.03,-0.18,0.91,-0.05,0.75,0.18,-1.78,-11.3
-0.03,-0.17,0.9,-0.05,0.75,0.17,-2.05,-10.83
-0.04,-0.18,0.91,-0.02,0.73,0.15,-2.24,-11.1
-0.05,-0.17,0.91,-0.01,0.75,0.12,-3.25,-10.68
-0.05,-0.17,0.92,0.01,0.73,0.11,-3.32,-10.65
-0.04,-0.16,0.92,0.07,0.7,0.07,-2.17,-9.54
-0.05,-0.15,0.92,0.11,0.67,0.06,-2.89,-9.09
-0.04,-0.13,0.92,0.13,0.66,0.04,-2.66,-8.2
-0.03,-0.11,0.92,0.17,0.64,0.04,-1.99,-6.96
-0.02,-0.11,0.92,0.22,0.59,0.04,-0.95,-6.59
-0.0,-0.09,0.91,0.21,0.57,0.05,-0.24,-5.81
0.01,-0.08,0.9,0.23,0.55,0.05,0.51,-5.17
0.01,-0.08,0.89,0.21,0.53,0.07,0.65,-5.17
0.02,-0.08,0.88,0.19,0.51,0.09,1.61,-5.05
0.03,-0.09,0.87,0.15,0.5,0.1,2.02,-5.6
0.05,-0.08,0.85,0.1,0.51,0.11,3.32,-5.56
0.06,-0.08,0.85,0.02,0.54,0.14,3.97,-5.68
0.06,-0.07,0.84,-0.05,0.55,0.17,3.99,-4.93
0.05,-0.08,0.85,-0.13,0.55,0.19,3.24,-5.12
0.04,-0.08,0.85,-0.19,0.56,0.19,2.38,-5.49
0.01,-0.09,0.86,-0.23,0.55,0.2,0.93,-5.67
-0.0,-0.09,0.86,-0.26,0.57,0.19,-0.05,-5.91
-0.01,-0.09,0.86,-0.24,0.55,0.17,-0.37,-6.11
-0.01,-0.08,0.86,-0.25,0.54,0.17,-0.67,-5.4
-0.01,-0.07,0.86,-0.27,0.55,0.16,-0.59,-4.45
-0.01,-0.05,0.86,-0.29,0.53,0.17,-0.98,-3.36
-0.02,-0.04,0.86,-0.27,0.5,0.18,-1.48,-2.9
-0.02,-0.04,0.86,-0.26,0.49,0.17,-1.18,-2.74
-0.02,-0.02,0.86,-0.26,0.49,0.18,-1.2,-1.64
-0.02,-0.01,0.85,-0.27,0.47,0.19,-1.13,-0.81
-0.02,-0.0,0.85,-0.25,0.44,0.19,-1.35,-0.2
-0.01,-0.0,0.85,-0.21,0.38,0.19,-0.79,-0.08
-0.02,0.0,0.85,-0.19,0.35,0.19,-1.04,0.18
-0.02,-0.02,0.86,-0.17,0.29,0.2,-1.16,-1.23
-0.02,-0.03,0.86,-0.11,0.21,0.21,-1.36,-2.1
-0.02,-0.05,0.86,-0.07,0.17,0.17,-1.35,-3.26
-0.02,-0.06,0.86,-0.04,0.16,0.16,-1.24,-3.83
-0.01,-0.07,0.87,-0.01,0.12,0.15,-0.39,-4.46
0.0,-0.08,0.88,0.05,0.06,0.15,0.31,-5.34
0.01,-0.1,0.88,0.05,0.06,0.16,0.57,-6.43
0.02,-0.12,0.88,0.06,0.04,0.16,1.12,-7.47
0.02,-0.13,0.88,0.05,0.04,0.17,1.27,-8.67
0.03,-0.15,0.88,0.06,0.05,0.16,2.0,-9.5
0.04,-0.15,0.88,0.04,0.03,0.18,2.77,-9.78
0.05,-0.17,0.88,0.02,0.04,0.17,2.91,-11.25
0.05,-0.19,0.87,-0.03,0.05,0.16,2.98,-12.61
0.03,-0.22,0.87,-0.03,0.05,0.13,2.2,-14.34
0.04,-0.23,0.88,-0.06,0.05,0.12,2.53,-14.48
0.03,-0.22,0.89,-0.1,0.1,0.07,1.77,-13.87
0.04,-0.21,0.9,-0.12,0.1,0.05,2.64,-13.46
0.04,-0.2,0.91,-0.13,0.09,0.03,2.75,-12.63
0.04,-0.19,0.92,-0.13,0.06,0.01,2.45,-11.82
0.03,-0.19,0.95,-0.15,0.07,-0.02,1.91,-11.37
0.02,-0.19,0.94,-0.16,0.06,-0.03,1.21,-11.35
0.01,-0.18,0.95,-0.15,0.04,-0.04,0.54,-11.03
-0.01,-0.18,0.95,-0.14,0.03,-0.03,-0.43,-10.87
-0.0,-0.17,0.96,-0.13,0.06,-0.04,-0.24,-9.86
-0.01,-0.17,0.97,-0.13,0.06,-0.04,-0.49,-9.68
-0.01,-0.16,0.96,-0.11,0.06,-0.03,-0.62,-9.25
-0.01,-0.16,0.95,-0.1,0.06,-0.04,-0.89,-9.31
-0.02,-0.14,0.94,-0.08,0.06,-0.03,-1.06,-8.53
-0.01,-0.13,0.95,-0.04,0.07,-0.04,-0.8,-8.06
0.01,-0.13,0.95,-0.02,0.03,-0.03,0.43,-7.54
0.0,-0.12,0.92,-0.01,0.01,-0.05,0.24,-7.58
-0.0,-0.12,0.9,-0.02,0.02,-0.07,-0.1,-7.81
-0.0,-0.12,0.9,-0.03,0.03,-0.09,-0.05,-7.39
-0.01,-0.11,0.91,-0.05,0.03,-0.09,-0.49,-7.01
0.0,-0.1,0.9,-0.06,0.02,-0.1,0.2,-6.03
-0.01,-0.09,0.91,-0.08,0.03,-0.09,-0.53,-5.93
-0.01,-0.08,0.92,-0.11,0.05,-0.08,-0.61,-5.14
-0.01,-0.08,0.93,-0.12,0.03,-0.07,-0.66,-4.67
-0.01,-0.07,0.94,-0.12,0.02,-0.04,-0.75,-4.15
-0.01,-0.06,0.95,-0.11,0.01,-0.04,-0.73,-3.84
-0.02,-0.06,0.94,-0.14,-0.01,-0.02,-1.07,-3.86
-0.03,-0.07,0.94,-0.16,-0.03,-0.01,-1.94,-4.55
-0.04,-0.09,0.94,-0.14,-0.05,-0.01,-2.41,-5.43
-0.04,-0.09,0.95,-0.13,-0.07,-0.01,-2.52,-5.55
-0.04,-0.09,0.95,-0.15,-0.06,-0.0,-2.53,-5.33
-0.05,-0.1,0.94,-0.14,-0.09,0.01,-2.93,-6.06
-0.06,-0.12,0.95,-0.16,-0.11,0.02,-3.5,-6.95
-0.07,-0.13,0.95,-0.15,-0.11,0.02,-4.32,-7.89
-0.08,-0.14,0.96,-0.13,-0.1,-0.01,-4.89,-8.18
-0.09,-0.15,0.96,-0.12,-0.1,-0.0,-5.52,-8.72
-0.1,-0.15,0.97,-0.08,-0.1,-0.0,-5.66,-8.67
-0.1,-0.16,0.98,-0.05,-0.12,-0.0,-5.52,-9.0
-0.1,-0.16,0.97,-0.02,-0.1,-0.01,-5.71,-9.49
-0.1,-0.17,0.97,0.01,-0.09,-0.01,-5.96,-10.07
-0.1,-0.17,0.97,0.03,-0.09,-0.02,-5.64,-10.11
-0.08,-0.17,0.96,0.05,-0.08,-0.03,-4.94,-9.89
-0.09,-0.17,0.96,0.05,-0.05,-0.03,-5.13,-10.21
-0.08,-0.17,0.95,0.05,-0.01,-0.03,-4.56,-10.06
-0.07,-0.16,0.96,0.05,0.02,-0.01,-4.16,-9.54
-0.05,-0.15,0.96,0.04,0.03,0.01,-3.12,-8.63
-0.04,-0.13,0.97,0.02,0.07,0.02,-2.27,-7.91
-0.03,-0.13,0.96,0.01,0.08,0.05,-1.86,-7.89
-0.02,-0.13,0.95,-0.02,0.07,0.05,-1.42,-7.85
-0.01,-0.13,0.95,-0.03,0.04,0.05,-0.61,-7.79
-0.01,-0.13,0.94,-0.06,0.04,0.04,-0.67,-8.04
-0.01,-0.14,0.93,-0.08,0.05,0.02,-0.81,-8.7
-0.03,-0.14,0.93,-0.11,0.05,0.01,-1.65,-8.57
-0.04,-0.14,0.94,-0.12,0.04,0.01,-2.34,-8.73
-0.05,-0.15,0.94,-0.13,0.06,-0.0,-2.97,-8.93
-0.05,-0.15,0.95,-0.16,0.07,0.0,-3.11,-8.95
-0.06,-0.16,0.94,-0.18,0.09,0.01,-3.48,-9.42
-0.08,-0.16,0.95,-0.19,0.11,0.0,-4.47,-9.47
-0.08,-0.17,0.96,-0.22,0.15,0.02,-4.95,-10.13
-0.07,-0.16,0.97,-0.24,0.21,0.03,-4.26,-9.1
-0.05,-0.13,0.96,-0.25,0.21,0.06,-2.9,-7.76
-0.05,-0.12,0.95,-0.25,0.22,0.06,-2.95,-7.4
-0.04,-0.11,0.95,-0.32,0.18,0.14,-2.15,-6.41
-0.03,-0.11,0.96,-0.29,0.23,0.09,-1.8,-6.63
-0.03,-0.1,0.96,-0.29,0.26,0.11,-1.59,-6.13
-0.02,-0.1,0.96,-0.26,0.22,0.12,-1.27,-5.73
-0.02,-0.09,0.96,-0.26,0.21,0.12,-1.3,-5.56
-0.03,-0.11,0.96,-0.25,0.21,0.12,-1.68,-6.34
-0.03,-0.11,0.95,-0.21,0.17,0.12,-1.59,-6.45
-0.03,-0.11,0.94,-0.18,0.13,0.09,-1.68,-6.64
-0.04,-0.12,0.94,-0.15,0.1,0.06,-2.27,-7.02
-0.05,-0.12,0.94,-0.13,0.09,0.02,-2.76,-7.17
-0.05,-0.12,0.95,-0.1,0.06,0.01,-2.69,-7.36
-0.06,-0.13,0.96,-0.05,0.04,0.0,-3.28,-7.9
-0.06,-0.15,0.96,0.01,0.01,-0.0,-3.56,-8.77
-0.07,-0.14,0.95,0.04,0.03,-0.02,-4.03,-8.42
-0.06,-0.15,0.95,0.08,0.02,-0.02,-3.78,-9.11
-0.06,-0.14,0.95,0.11,0.04,-0.04,-3.49,-8.58
-0.04,-0.13,0.95,0.13,0.02,-0.03,-2.64,-7.93
-0.04,-0.13,0.94,0.13,0.04,-0.04,-2.22,-7.62
-0.02,-0.12,0.93,0.11,0.05,-0.02,-1.43,-7.49
-0.01,-0.12,0.92,0.09,0.07,-0.03,-0.87,-7.52
-0.01,-0.11,0.93,0.07,0.07,-0.01,-0.71,-6.94
-0.0,-0.11,0.93,0.04,0.06,0.01,-0.28,-6.86
-0.01,-0.12,0.93,0.0,0.09,0.03,-0.34,-7.22
-0.01,-0.11,0.93,-0.02,0.1,0.03,-0.49,-6.99
-0.01,-0.11,0.94,-0.03,0.09,0.03,-0.72,-6.83
-0.02,-0.11,0.94,-0.04,0.1,0.02,-1.02,-6.78
-0.02,-0.1,0.94,-0.06,0.11,0.03,-1.1,-6.27
-0.02,-0.1,0.94,-0.04,0.09,0.04,-1.49,-6.29
-0.02,-0.11,0.95,-0.02,0.06,0.05,-1.41,-6.48
-0.03,-0.1,0.94,-0.01,0.05,0.03,-1.52,-6.22
-0.02,-0.1,0.93,-0.01,0.03,0.03,-1.12,-6.25
-0.01,-0.11,0.93,0.01,0.01,0.02,-0.79,-6.73
-0.01,-0.1,0.92,0.02,-0.02,-0.0,-0.91,-6.3
-0.01,-0.1,0.93,0.02,-0.02,-0.02,-0.7,-6.25
-0.01,-0.1,0.92,0.01,-0.02,-0.03,-0.79,-6.05
-0.01,-0.1,0.92,-0.0,-0.04,-0.02,-0.74,-5.94
-0.01,-0.1,0.92,-0.01,-0.05,-0.02,-0.75,-6.19
-0.02,-0.12,0.92,-0.03,-0.03,-0.03,-1.14,-7.12
-0.04,-0.12,0.93,-0.04,-0.01,-0.03,-2.18,-7.47
-0.04,-0.12,0.94,-0.05,-0.0,-0.02,-2.18,-6.99
-0.03,-0.11,0.95,-0.05,0.01,-0.01,-2.1,-6.54
-0.04,-0.11,0.95,-0.05,0.01,0.0,-2.37,-6.5
-0.04,-0.12,0.95,-0.05,0.03,0.01,-2.44,-7.06
-0.04,-0.11,0.94,-0.05,0.02,0.02,-2.27,-6.76
-0.04,-0.11,0.95,-0.03,0.02,0.02,-2.31,-6.78
-0.03,-0.1,0.95,-0.03,0.03,0.01,-2.0,-6.22
-0.03,-0.1,0.96,-0.04,0.03,0.02,-1.6,-5.88
-0.03,-0.1,0.96,-0.03,0.01,0.03,-1.53,-5.97
-0.04,-0.11,0.95,-0.01,-0.02,0.03,-2.2,-6.85
-0.04,-0.11,0.96,0.01,-0.02,0.03,-2.41,-6.51
-0.03,-0.12,0.95,0.02,-0.03,0.03,-1.94,-6.97
-0.02,-0.11,0.95,0.04,-0.02,0.02,-1.01,-6.84
-0.02,-0.11,0.94,0.04,-0.03,0.02,-1.19,-6.44
-0.02,-0.11,0.94,0.04,-0.04,0.02,-0.99,-6.5
-0.0,-0.1,0.94,0.03,-0.04,0.01,-0.17,-6.1
-0.02,-0.11,0.93,0.0,-0.05,0.01,-1.24,-6.46
-0.01,-0.11,0.93,0.01,-0.05,0.0,-0.9,-6.71
-0.02,-0.11,0.93,0.01,-0.05,0.01,-1.16,-6.67
-0.02,-0.11,0.93,-0.01,-0.02,0.0,-1.52,-7.07
-0.02,-0.11,0.94,-0.02,-0.01,0.01,-1.26,-6.81
-0.02,-0.11,0.94,-0.02,-0.0,0.01,-1.3,-6.66
-0.01,-0.1,0.93,-0.02,0.01,0.02,-0.85,-6.26
-0.02,-0.11,0.93,-0.03,0.02,0.01,-0.96,-6.44
-0.01,-0.1,0.93,-0.04,0.02,0.02,-0.52,-6.39
-0.01,-0.1,0.93,-0.02,0.02,0.01,-0.71,-6.01
-0.01,-0.09,0.92,-0.01,0.0,0.02,-0.8,-5.29
-0.01,-0.09,0.93,-0.01,0.02,0.02,-0.48,-5.6
0.0,-0.09,0.93,-0.01,-0.01,0.02,0.09,-5.82
0.01,-0.1,0.93,0.02,-0.03,0.0,0.38,-6.13
-0.0,-0.1,0.91,0.05,-0.05,-0.01,-0.06,-6.11
0.0,-0.1,0.9,0.05,-0.06,-0.03,0.29,-6.52
0.01,-0.1,0.9,0.07,-0.07,-0.04,0.74,-6.19
0.02,-0.09,0.9,0.08,-0.06,-0.04,1.29,-5.54
0.04,-0.08,0.89,0.1,-0.08,-0.04,2.65,-4.87
0.06,-0.07,0.89,0.11,-0.09,-0.05,4.03,-4.38
0.08,-0.07,0.87,0.09,-0.11,-0.04,5.15,-4.3
0.09,-0.07,0.85,0.1,-0.15,-0.05,6.11,-4.35
0.09,-0.07,0.84,0.09,-0.18,-0.07,6.17,-4.4
0.11,-0.06,0.83,0.06,-0.19,-0.08,7.32,-4.21
0.12,-0.05,0.82,0.02,-0.19,-0.09,8.31,-3.41
0.14,-0.04,0.82,0.01,-0.22,-0.08,9.44,-2.65
0.14,-0.03,0.81,-0.02,-0.23,-0.09,9.82,-1.95
0.14,-0.03,0.81,-0.03,-0.27,-0.09,9.53,-2.1
0.13,-0.02,0.8,-0.05,-0.29,-0.08,9.25,-1.54
0.13,-0.02,0.79,-0.03,-0.32,-0.08,9.29,-1.13
0.13,-0.01,0.79,0.02,-0.35,-0.09,9.38,-0.75
0.14,-0.0,0.78,0.06,-0.39,-0.1,10.14,-0.17
0.14,0.0,0.78,0.13,-0.4,-0.09,10.15,0.08
0.13,0.01,0.76,0.23,-0.45,-0.09,9.88,0.59
0.16,0.01,0.71,0.36,-0.5,-0.12,12.48,1.12
0.18,0.02,0.68,0.47,-0.52,-0.16,14.57,1.32
0.21,0.03,0.66,0.6,-0.54,-0.21,17.52,2.32
0.25,0.05,0.65,0.73,-0.61,-0.23,20.86,4.08
0.3,0.09,0.63,0.86,-0.71,-0.24,25.54,7.2
0.35,0.11,0.59,0.99,-0.79,-0.24,30.28,9.45
0.4,0.13,0.56,1.08,-0.87,-0.25,34.49,10.77
0.43,0.14,0.53,1.18,-1.0,-0.24,38.25,11.77
0.47,0.15,0.5,1.26,-1.15,-0.26,42.48,12.59
0.52,0.18,0.45,1.31,-1.32,-0.29,47.21,14.39
0.56,0.19,0.4,1.32,-1.45,-0.32,51.95,15.08
0.59,0.2,0.35,1.34,-1.62,-0.35,55.77,15.77
0.61,0.2,0.31,1.29,-1.76,-0.39,58.76,16.26
0.65,0.21,0.28,1.25,-1.94,-0.41,61.66,16.66
0.66,0.21,0.24,1.16,-2.08,-0.43,64.16,16.61
0.69,0.21,0.2,1.05,-2.23,-0.45,67.13,16.58
0.71,0.2,0.15,0.91,-2.39,-0.46,70.91,15.13
0.7,0.19,0.13,0.76,-2.56,-0.45,72.03,14.94
0.69,0.17,0.11,0.59,-2.7,-0.44,73.51,13.93
0.67,0.16,0.09,0.42,-2.87,-0.42,74.91,13.1
0.64,0.14,0.08,0.27,-3.05,-0.49,75.81,12.22
0.6,0.13,0.07,0.07,-3.2,-0.37,76.37,11.72
0.55,0.1,0.05,-0.08,-3.36,-0.35,78.45,10.12
0.47,0.07,0.04,-0.23,-3.52,-0.33,80.49,7.96
0.4,0.01,0.04,-0.33,-3.7,-0.32,83.46,0.98
0.31,-0.07,0.06,-0.39,-3.88,-0.32,74.4,-11.62
0.24,-0.13,0.09,-0.43,-4.06,-0.34,56.15,-27.18
0.16,-0.18,0.11,-0.45,-4.23,-0.37,37.43,-42.84
0.1,-0.22,0.1,-0.43,-4.39,-0.42,22.45,-57.53
0.03,-0.26,0.08,-0.42,-4.4,-0.48,7.11,-70.76
-0.03,-0.29,0.09,-0.39,-4.4,-0.56,-5.95,-72.33
-0.09,-0.32,0.1,-0.37,-4.4,-0.64,-15.86,-66.81
-0.14,-0.34,0.11,-0.34,-4.4,-0.7,-21.65,-62.06
-0.18,-0.34,0.14,-0.3,-4.4,-0.74,-25.7,-56.5
-0.18,-0.34,0.14,-0.26,-4.4,-0.77,-26.03,-55.92
-0.18,-0.34,0.11,-0.26,-4.4,-0.75,-26.82,-58.14
-0.17,-0.31,0.11,-0.25,-4.4,-0.73,-27.51,-56.76
-0.17,-0.31,0.07,-0.29,-4.4,-0.68,-27.98,-59.38
-0.18,-0.31,0.07,-0.36,-4.4,-0.64,-29.45,-58.32
-0.2,-0.34,0.1,-0.46,-4.4,-0.57,-29.64,-56.75
-0.24,-0.4,0.09,-0.54,-4.4,-0.49,-30.49,-57.15
-0.29,-0.47,0.08,-0.64,-4.4,-0.43,-31.85,-56.91
-0.36,-0.53,0.09,-0.76,-4.4,-0.39,-33.87,-54.83
-0.43,-0.57,0.13,-0.88,-4.4,-0.37,-36.19,-51.95
-0.49,-0.6,0.17,-1.01,-4.4,-0.35,-37.85,-49.51
-0.54,-0.64,0.21,-1.12,-4.4,-0.35,-39.02,-47.47
-0.61,-0.66,0.26,-1.26,-4.4,-0.35,-40.76,-44.89
-0.69,-0.69,0.33,-1.4,-4.4,-0.34,-42.29,-41.85
-0.79,-0.73,0.41,-1.5,-4.4,-0.33,-43.14,-39.53
-0.88,-0.79,0.53,-1.55,-4.4,-0.51,-42.89,-37.51
-0.97,-0.83,0.64,-1.63,-4.4,-0.4,-42.86,-35.42
-1.02,-0.85,0.72,-1.67,-4.4,-0.47,-42.3,-34.28
-1.1,-0.91,0.79,-1.57,-4.4,-0.58,-42.3,-33.96
-1.33,-1.44,0.18,-1.71,-4.34,-0.61,-42.59,-46.95
-1.03,-0.79,1.04,-1.76,-3.99,-0.72,-38.3,-28.49
-0.99,-0.77,0.91,-1.89,-4.4,-0.82,-39.58,-29.87
-0.92,-0.65,0.71,-2.02,-4.4,-0.84,-43.64,-29.41
-0.73,-0.46,0.81,-2.32,-4.4,-0.65,-38.01,-22.86
-0.72,-0.42,0.75,-2.58,-4.4,-0.49,-39.79,-22.01
-0.8,-0.48,0.67,-2.9,-4.4,-0.32,-44.34,-24.74
-0.83,-0.49,0.75,-3.24,-4.4,-0.2,-43.02,-23.5
-0.77,-0.43,0.88,-3.44,-4.4,-0.08,-38.13,-19.94
-0.77,-0.38,1.02,-3.6,-4.4,0.07,-35.38,-16.61
-0.81,-0.37,1.15,-3.66,-4.4,0.22,-33.95,-14.56
-0.88,-0.39,1.3,-3.63,-4.4,0.36,-32.86,-14.14
-0.93,-0.46,1.48,-3.52,-4.4,0.41,-30.96,-14.62
-0.92,-0.52,1.73,-3.32,-4.4,0.37,-26.98,-14.83
-0.9,-0.6,1.98,-2.98,-4.4,0.23,-23.52,-15.5
-0.89,-0.72,2.22,-2.53,-4.4,0.02,-20.97,-16.67
-0.77,-0.75,2.62,-2.02,-4.4,-0.31,-15.72,-15.35
-0.73,-0.8,2.66,-1.27,-4.22,-0.75,-14.77,-16.16
-0.74,-0.71,2.7,-0.64,-4.16,-1.28,-14.77,-14.33
-0.72,-0.64,2.72,-0.0,-4.36,-1.81,-14.35,-12.88
-0.62,-0.54,2.7,0.52,-4.4,-2.23,-12.66,-11.06
-0.47,-0.33,2.5,0.96,-4.28,-2.48,-10.47,-7.43
-0.45,-0.26,2.32,1.29,-4.13,-2.59,-11.02,-6.28
-0.39,-0.19,2.15,1.45,-4.02,-2.58,-10.15,-4.87
-0.3,-0.1,1.99,1.45,-3.85,-2.49,-8.48,-2.89
-0.17,-0.05,1.83,1.41,-3.68,-2.24,-5.28,-1.52
-0.15,-0.04,1.71,1.29,-3.46,-1.9,-4.97,-1.27
-0.21,-0.06,1.63,1.1,-3.23,-1.52,-7.22,-1.93
-0.28,-0.08,1.61,0.87,-3.03,-1.22,-9.79,-2.98
-0.28,-0.08,1.56,0.61,-2.84,-0.98,-9.97,-2.87
-0.22,-0.04,1.52,0.33,-2.69,-0.75,-8.19,-1.62
-0.18,-0.01,1.46,0.11,-2.55,-0.52,-7.01,-0.27
-0.15,0.03,1.46,-0.07,-2.45,-0.3,-6.01,1.36
-0.12,0.1,1.48,-0.19,-2.42,-0.11,-4.74,3.76
-0.09,0.13,1.52,-0.22,-2.41,0.05,-3.26,4.84
-0.05,0.14,1.58,-0.21,-2.39,0.17,-1.8,5.21
-0.03,0.16,1.65,-0.12,-2.4,0.27,-1.02,5.48
-0.01,0.17,1.69,0.03,-2.41,0.31,-0.19,5.87
0.01,0.18,1.71,0.19,-2.43,0.33,0.35,6.14
0.03,0.18,1.71,0.39,-2.45,0.32,0.85,6.13
0.05,0.17,1.7,0.56,-2.46,0.32,1.52,5.67
0.07,0.14,1.67,0.76,-2.48,0.31,2.32,4.8
0.08,0.1,1.63,0.91,-2.49,0.29,2.85,3.67
0.09,0.06,1.59,1.03,-2.46,0.26,3.09,2.13
0.09,0.01,1.55,1.14,-2.44,0.24,3.34,0.47
0.07,-0.04,1.52,1.21,-2.44,0.22,2.7,-1.4
0.07,-0.08,1.49,1.24,-2.41,0.17,2.53,-3.12
0.08,-0.1,1.44,1.22,-2.36,0.13,3.26,-3.91
0.07,-0.12,1.4,1.19,-2.35,0.1,2.91,-4.78
0.08,-0.13,1.35,1.13,-2.32,0.06,3.25,-5.29
0.08,-0.12,1.33,1.06,-2.31,0.06,3.28,-5.16
0.08,-0.12,1.33,0.97,-2.24,0.04,3.36,-4.97
0.08,-0.11,1.35,0.88,-2.23,0.03,3.47,-4.81
0.09,-0.12,1.36,0.82,-2.21,0.02,3.73,-5.05
0.1,-0.13,1.38,0.75,-2.16,-0.01,4.23,-5.21
0.09,-0.13,1.37,0.66,-2.08,-0.05,3.84,-5.47
0.09,-0.13,1.38,0.54,-1.99,-0.08,3.61,-5.37
0.1,-0.11,1.39,0.44,-1.92,-0.12,3.93,-4.64
0.11,-0.09,1.39,0.34,-1.84,-0.15,4.54,-3.74
0.11,-0.06,1.38,0.23,-1.75,-0.17,4.6,-2.58
0.12,-0.04,1.38,0.14,-1.65,-0.2,4.81,-1.45
0.12,-0.03,1.36,0.04,-1.56,-0.23,4.98,-1.15
0.12,0.02,1.34,-0.05,-1.49,-0.23,5.24,0.79
0.15,0.05,1.33,-0.13,-1.37,-0.23,6.36,2.23
0.13,0.08,1.31,-0.2,-1.28,-0.21,5.74,3.45
0.13,0.11,1.32,-0.22,-1.2,-0.18,5.69,4.63
0.12,0.13,1.32,-0.26,-1.13,-0.15,5.26,5.44
0.11,0.15,1.31,-0.29,-1.03,-0.15,4.94,6.67
0.11,0.19,1.31,-0.32,-0.98,-0.12,4.62,8.06
0.11,0.21,1.32,-0.33,-0.91,-0.11,4.89,9.12
0.11,0.24,1.32,-0.3,-0.84,-0.09,4.79,10.33
0.11,0.26,1.31,-0.28,-0.75,-0.09,4.86,11.29
0.11,0.28,1.32,-0.24,-0.68,-0.08,4.69,12.03
0.12,0.29,1.31,-0.18,-0.62,-0.08,4.92,12.53
0.11,0.3,1.3,-0.12,-0.56,-0.07,4.68,12.76
0.11,0.3,1.29,-0.06,-0.49,-0.05,4.78,12.9
0.11,0.29,1.28,-0.02,-0.41,-0.04,4.65,12.58
0.1,0.26,1.26,0.04,-0.35,0.0,4.47,11.69
0.09,0.24,1.25,0.07,-0.29,0.03,4.17,10.73
0.09,0.21,1.26,0.09,-0.22,0.05,3.83,9.5
0.07,0.17,1.25,0.11,-0.15,0.07,3.05,7.9
0.06,0.15,1.25,0.13,-0.11,0.09,2.6,6.96
0.06,0.13,1.24,0.12,-0.05,0.09,2.56,5.97
0.06,0.11,1.23,0.12,0.02,0.08,2.61,5.12
0.04,0.07,1.2,0.08,0.1,0.09,1.83,3.54
0.03,0.05,1.2,0.07,0.12,0.11,1.63,2.54
0.03,0.03,1.18,0.05,0.17,0.11,1.54,1.58
0.03,0.02,1.18,0.04,0.22,0.12,1.46,0.8
0.02,-0.0,1.17,-0.02,0.26,0.13,0.96,-0.17
0.01,-0.02,1.17,-0.05,0.29,0.14,0.34,-1.04
0.0,-0.03,1.15,-0.08,0.32,0.14,0.13,-1.53
0.0,-0.04,1.15,-0.1,0.35,0.14,0.17,-1.82
0.01,-0.04,1.15,-0.13,0.37,0.13,0.38,-1.83
0.0,-0.05,1.16,-0.15,0.39,0.13,0.16,-2.48
0.0,-0.05,1.16,-0.15,0.42,0.12,0.0,-2.35
-0.01,-0.06,1.15,-0.16,0.43,0.09,-0.63,-2.84
-0.02,-0.06,1.13,-0.17,0.47,0.07,-1.13,-3.2
-0.02,-0.06,1.11,-0.15,0.47,0.07,-1.25,-3.31
-0.02,-0.07,1.08,-0.16,0.46,0.07,-1.03,-3.58
-0.02,-0.07,1.07,-0.18,0.46,0.08,-1.21,-3.86
-0.03,-0.07,1.07,-0.17,0.45,0.09,-1.82,-3.99
-0.04,-0.08,1.07,-0.2,0.43,0.12,-1.96,-4.06
-0.04,-0.08,1.07,-0.18,0.41,0.13,-2.37,-4.16
-0.04,-0.07,1.07,-0.15,0.39,0.14,-2.22,-3.91
-0.04,-0.06,1.07,-0.15,0.4,0.14,-2.22,-3.36
-0.05,-0.07,1.07,-0.12,0.39,0.15,-2.48,-3.55
-0.05,-0.06,1.07,-0.08,0.38,0.14,-2.72,-3.41
-0.04,-0.05,1.07,-0.03,0.35,0.15,-2.39,-2.9
-0.04,-0.06,1.06,0.0,0.34,0.17,-2.4,-2.97
-0.05,-0.06,1.07,0.06,0.33,0.17,-2.66,-3.19
-0.05,-0.07,1.08,0.11,0.31,0.19,-2.64,-3.64
-0.05,-0.09,1.1,0.19,0.28,0.2,-2.39,-4.64
-0.03,-0.09,1.11,0.25,0.27,0.17,-1.79,-4.81
-0.04,-0.1,1.11,0.31,0.26,0.16,-1.95,-5.35
-0.04,-0.13,1.11,0.36,0.23,0.13,-2.27,-6.52
-0.06,-0.14,1.09,0.43,0.19,0.1,-3.08,-7.43
-0.05,-0.16,1.08,0.46,0.16,0.07,-2.55,-8.39
-0.05,-0.17,1.07,0.47,0.17,0.05,-2.9,-8.9
-0.06,-0.17,1.06,0.51,0.12,0.03,-3.23,-9.25
-0.08,-0.19,1.04,0.5,0.12,0.01,-4.14,-10.08
-0.08,-0.2,1.03,0.51,0.08,-0.0,-4.14,-10.78
-0.07,-0.2,1.02,0.47,0.08,-0.0,-3.65,-10.81
-0.07,-0.21,1.02,0.46,0.06,0.01,-3.98,-11.52
-0.08,-0.22,1.01,0.42,0.02,0.03,-4.37,-12.07
-0.08,-0.23,1.01,0.4,0.03,0.03,-4.23,-12.56
-0.08,-0.23,1.02,0.35,0.07,0.03,-4.53,-12.53
-0.08,-0.23,1.03,0.29,0.07,0.04,-4.16,-12.71
-0.08,-0.24,1.05,0.26,0.05,0.06,-3.99,-12.87
-0.07,-0.24,1.06,0.2,0.1,0.04,-3.91,-12.94
-0.08,-0.25,1.06,0.18,0.1,0.03,-4.3,-13.07
-0.08,-0.25,1.08,0.11,0.14,0.01,-4.27,-13.16
-0.08,-0.26,1.08,0.14,0.3,-0.17,-4.33,-13.31
-0.09,-0.25,1.07,0.04,0.17,-0.02,-4.74,-13.28
-0.09,-0.24,1.06,-0.01,0.22,-0.05,-4.83,-12.74
-0.09,-0.22,1.05,-0.05,0.22,-0.05,-5.03,-11.88
-0.1,-0.2,1.04,-0.08,0.21,-0.06,-5.26,-10.98
-0.1,-0.19,1.03,-0.1,0.23,-0.08,-5.31,-10.26
-0.1,-0.17,1.02,-0.12,0.25,-0.08,-5.55,-9.49
-0.1,-0.16,1.01,-0.14,0.24,-0.08,-5.53,-8.82
-0.09,-0.15,1.01,-0.12,0.22,-0.06,-5.2,-8.29
-0.1,-0.14,1.01,-0.1,0.18,-0.05,-5.4,-7.72
-0.1,-0.13,1.01,-0.11,0.21,-0.07,-5.78,-7.19
-0.11,-0.13,1.01,-0.08,0.17,-0.06,-5.96,-7.05
-0.11,-0.12,1.02,-0.06,0.15,-0.08,-5.91,-6.84
-0.1,-0.12,1.02,-0.05,0.11,-0.06,-5.76,-6.57
-0.12,-0.12,1.01,-0.05,0.12,-0.06,-6.48,-6.92
-0.12,-0.13,1.01,-0.04,0.11,-0.05,-6.5,-7.27
-0.12,-0.13,1.01,-0.04,0.1,-0.06,-6.65,-7.41
-0.12,-0.13,1.02,-0.04,0.08,-0.04,-6.67,-7.32
-0.11,-0.13,1.03,-0.03,0.08,-0.04,-6.11,-6.95
-0.11,-0.13,1.04,-0.06,0.11,-0.04,-6.07,-7.21
-0.11,-0.14,1.06,-0.04,0.12,-0.05,-5.9,-7.27
-0.11,-0.14,1.05,-0.04,0.11,-0.05,-6.07,-7.58
-0.1,-0.13,1.05,-0.05,0.13,-0.06,-5.39,-7.05
-0.1,-0.13,1.03,-0.05,0.14,-0.06,-5.34,-7.13
-0.09,-0.12,1.03,-0.03,0.13,-0.05,-5.06,-6.77
-0.09,-0.12,1.02,-0.04,0.1,-0.04,-4.83,-6.86
-0.1,-0.13,1.03,-0.04,0.11,-0.05,-5.66,-7.07
-0.09,-0.13,1.01,-0.05,0.11,-0.03,-4.92,-7.06
-0.09,-0.13,1.01,-0.07,0.11,-0.02,-4.87,-7.07
-0.08,-0.13,1.01,-0.07,0.07,0.0,-4.65,-7.17
-0.08,-0.13,1.02,-0.06,0.07,-0.01,-4.67,-7.07
-0.09,-0.12,1.02,-0.09,0.09,0.01,-5.0,-6.92
-0.09,-0.12,1.02,-0.1,0.06,0.02,-5.07,-6.46
-0.09,-0.11,1.02,-0.11,0.06,0.02,-4.95,-5.89
-0.08,-0.1,1.05,-0.11,0.07,0.02,-4.53,-5.46
-0.08,-0.09,1.06,-0.12,0.07,0.02,-4.49,-4.58
-0.07,-0.08,1.06,-0.09,0.05,0.02,-3.86,-4.37
-0.07,-0.08,1.08,-0.06,0.03,0.01,-3.61,-4.07
-0.07,-0.06,1.08,-0.02,0.01,-0.0,-3.95,-3.35
-0.07,-0.07,1.08,-0.01,0.03,-0.02,-3.68,-3.66
-0.07,-0.07,1.08,0.02,0.02,-0.02,-3.44,-3.79
-0.06,-0.09,1.07,0.05,0.03,-0.04,-3.37,-4.99
-0.06,-0.1,1.07,0.06,0.02,-0.02,-2.99,-5.42
-0.06,-0.11,1.07,0.04,0.05,-0.02,-3.17,-5.8
-0.06,-0.12,1.07,0.02,0.04,0.01,-3.03,-6.65
-0.07,-0.13,1.07,0.04,0.06,0.0,-3.54,-6.71
-0.07,-0.13,1.06,0.0,0.06,0.01,-3.93,-7.21
-0.08,-0.14,1.05,-0.05,0.08,0.02,-4.2,-7.3
-0.08,-0.12,1.05,-0.08,0.08,0.03,-4.13,-6.7
-0.07,-0.12,1.05,-0.1,0.11,0.02,-3.74,-6.52
-0.07,-0.11,1.04,-0.12,0.11,0.04,-3.61,-5.82
-0.06,-0.1,1.04,-0.13,0.11,0.04,-3.07,-5.57
-0.05,-0.09,1.05,-0.14,0.1,0.05,-2.58,-4.98
-0.05,-0.09,1.07,-0.12,0.09,0.05,-2.65,-4.58
-0.04,-0.08,1.09,-0.09,0.07,0.04,-2.15,-4.28
-0.04,-0.08,1.09,-0.06,0.08,0.02,-2.1,-4.09
-0.04,-0.08,1.08,-0.05,0.09,0.01,-2.08,-4.43
-0.04,-0.08,1.07,0.02,0.05,-0.01,-1.91,-4.25
-0.03,-0.09,1.07,0.04,0.06,-0.02,-1.72,-4.71
-0.03,-0.09,1.05,0.08,0.05,-0.03,-1.61,-5.14
-0.04,-0.1,1.05,0.07,0.05,-0.02,-1.93,-5.67
-0.03,-0.11,1.05,0.1,0.04,-0.0,-1.78,-5.82
-0.04,-0.12,1.04,0.12,0.02,0.01,-2.23,-6.46
-0.05,-0.13,1.04,0.12,0.02,-0.0,-2.62,-7.33
-0.05,-0.14,1.03,0.08,0.04,-0.0,-2.72,-7.57
-0.05,-0.15,1.02,0.07,0.01,-0.0,-2.68,-8.12
-0.05,-0.14,1.03,0.07,-0.0,0.0,-2.83,-7.87
-0.05,-0.14,1.02,0.06,-0.01,0.01,-2.68,-7.66
-0.04,-0.13,1.04,0.03,-0.01,0.01,-2.23,-6.88
-0.04,-0.13,1.04,0.02,0.0,0.03,-2.41,-6.94
-0.04,-0.12,1.05,0.03,-0.0,0.02,-2.19,-6.36
-0.04,-0.1,1.05,0.04,-0.01,0.01,-1.98,-5.62
-0.03,-0.1,1.06,0.04,0.01,0.01,-1.72,-5.47
-0.03,-0.1,1.07,0.06,0.01,0.0,-1.41,-5.58
-0.03,-0.11,1.07,0.08,0.0,0.0,-1.46,-5.97
-0.03,-0.12,1.06,0.09,-0.01,0.02,-1.53,-6.56
-0.03,-0.14,1.07,0.07,0.02,0.01,-1.66,-7.32
-0.04,-0.15,1.06,0.04,0.02,0.02,-2.24,-7.93
-0.05,-0.15,1.06,0.01,0.03,0.01,-2.74,-7.82
-0.05,-0.15,1.05,0.04,0.01,-0.0,-2.79,-8.35
-0.06,-0.15,1.05,-0.0,0.03,-0.01,-3.39,-8.27
-0.06,-0.15,1.05,-0.01,0.03,-0.01,-3.15,-8.09
-0.05,-0.14,1.05,-0.03,0.01,-0.01,-2.96,-7.74
-0.05,-0.13,1.05,-0.03,-0.01,-0.01,-2.71,-7.26
-0.06,-0.12,1.04,-0.05,0.01,-0.02,-3.25,-6.59
-0.05,-0.11,1.04,-0.07,0.01,-0.03,-3.02,-5.94
-0.06,-0.1,1.04,-0.05,-0.01,-0.02,-3.3,-5.44
-0.05,-0.09,1.05,-0.02,-0.02,-0.01,-2.97,-4.64
-0.06,-0.07,1.06,-0.0,-0.03,-0.01,-2.98,-3.99
-0.06,-0.09,1.06,0.0,-0.02,-0.01,-3.03,-4.99
-0.06,-0.1,1.08,0.02,-0.03,-0.01,-3.33,-5.12
-0.06,-0.1,1.08,0.02,-0.04,0.0,-3.25,-5.27
-0.07,-0.11,1.08,0.02,-0.02,-0.02,-3.54,-5.9
-0.06,-0.1,1.07,0.01,0.0,-0.01,-3.3,-5.53
-0.07,-0.12,1.06,-0.01,0.0,-0.01,-3.97,-6.33
-0.08,-0.1,1.05,0.0,0.01,-0.01,-4.2,-5.36
-0.07,-0.11,1.04,-0.02,0.02,0.0,-4.07,-5.89
-0.07,-0.11,1.03,-0.05,0.04,0.02,-4.11,-5.82
-0.07,-0.1,1.03,-0.05,0.02,0.03,-4.08,-5.38
-0.07,-0.09,1.03,-0.06,0.0,0.06,-3.74,-4.82
-0.07,-0.08,1.04,-0.06,0.01,0.05,-3.87,-4.55
-0.06,-0.07,1.05,-0.07,0.03,0.06,-3.41,-3.84
-0.06,-0.07,1.06,-0.05,0.0,0.07,-3.36,-3.83
-0.06,-0.07,1.07,-0.01,-0.01,0.05,-3.32,-3.74
-0.06,-0.07,1.08,0.02,-0.01,0.05,-3.14,-3.96
-0.05,-0.09,1.09,0.02,0.02,0.04,-2.75,-4.65
-0.06,-0.11,1.09,0.05,-0.0,0.03,-2.9,-5.59
-0.06,-0.12,1.09,0.08,-0.01,0.02,-2.94,-6.35
-0.06,-0.14,1.08,0.08,-0.01,-0.0,-3.2,-7.42
-0.06,-0.14,1.07,0.06,0.01,-0.02,-3.3,-7.66
-0.06,-0.15,1.05,0.03,0.02,-0.02,-3.44,-7.96
-0.07,-0.15,1.05,0.0,0.04,-0.06,-3.78,-8.16
-0.07,-0.15,1.04,-0.03,0.0,-0.01,-3.8,-8.45
-0.07,-0.14,1.04,-0.06,0.03,-0.02,-3.75,-7.91
-0.07,-0.13,1.04,-0.09,0.04,-0.0,-3.69,-7.31
-0.07,-0.12,1.04,-0.09,0.03,-0.02,-3.73,-6.67
-0.06,-0.11,1.04,-0.11,0.02,-0.01,-3.39,-5.93
-0.06,-0.09,1.05,-0.11,0.02,-0.0,-3.42,-4.97
-0.05,-0.09,1.05,-0.1,0.03,0.01,-2.99,-4.67
-0.05,-0.07,1.05,-0.09,0.02,0.01,-2.77,-4.05
-0.05,-0.08,1.05,-0.08,-0.0,0.03,-2.5,-4.11
-0.05,-0.08,1.06,-0.07,0.03,0.03,-2.47,-4.16
-0.05,-0.09,1.07,-0.05,0.01,0.05,-2.54,-4.6
-0.05,-0.09,1.08,-0.02,0.02,0.04,-2.41,-4.8
-0.04,-0.1,1.08,-0.01,-0.0,0.03,-2.31,-5.45
-0.05,-0.11,1.09,-0.01,0.02,0.01,-2.47,-5.99
-0.04,-0.12,1.09,-0.02,0.03,0.02,-2.07,-6.51
-0.04,-0.13,1.08,-0.0,0.03,0.01,-2.11,-6.95
-0.04,-0.13,1.09,-0.01,0.03,0.0,-2.0,-6.8
-0.04,-0.14,1.08,-0.01,0.03,-0.0,-2.27,-7.13
-0.04,-0.13,1.07,-0.02,0.03,-0.01,-2.24,-6.91
-0.04,-0.13,1.06,-0.02,0.03,-0.01,-2.08,-6.98
-0.04,-0.13,1.05,-0.03,0.02,-0.01,-2.12,-6.83
-0.04,-0.13,1.04,-0.03,0.02,-0.01,-2.29,-6.84
-0.04,-0.12,1.04,-0.06,0.04,-0.01,-2.42,-6.75
-0.04,-0.12,1.04,-0.05,0.01,0.01,-2.33,-6.61
-0.05,-0.12,1.05,-0.05,-0.02,0.02,-2.66,-6.26
-0.04,-0.11,1.05,-0.06,0.0,0.0,-2.19,-5.98
-0.05,-0.1,1.06,-0.03,-0.02,0.01,-2.68,-5.49
-0.04,-0.1,1.07,-0.04,-0.0,-0.0,-2.17,-5.12
-0.03,-0.1,1.07,-0.02,-0.02,-0.0,-1.73,-5.17
-0.04,-0.1,1.07,-0.02,-0.01,-0.01,-1.97,-5.57
-0.04,-0.12,1.08,-0.01,-0.01,-0.0,-2.04,-6.12
-0.04,-0.11,1.09,0.0,-0.02,0.0,-2.08,-5.55
-0.04,-0.11,1.08,0.0,-0.02,-0.01,-2.23,-5.87
-0.05,-0.1,1.08,0.01,-0.01,-0.02,-2.38,-5.31
-0.04,-0.11,1.09,0.0,-0.01,-0.02,-2.28,-5.78
-0.05,-0.11,1.08,-0.0,-0.01,-0.03,-2.62,-6.09
-0.04,-0.11,1.09,-0.01,-0.02,-0.03,-1.88,-5.9
-0.03,-0.11,1.09,-0.01,-0.02,-0.05,-1.81,-5.66
-0.03,-0.1,1.08,-0.05,-0.0,-0.04,-1.69,-5.3
-0.03,-0.1,1.08,-0.03,-0.01,-0.03,-1.77,-5.06
-0.03,-0.08,1.09,-0.03,-0.02,-0.03,-1.73,-4.36
-0.03,-0.08,1.08,-0.05,0.0,-0.04,-1.42,-4.32
-0.03,-0.08,1.08,-0.08,0.03,-0.03,-1.61,-4.44
-0.02,-0.08,1.08,-0.08,0.03,-0.02,-1.05,-4.24
-0.02,-0.06,1.08,-0.07,0.02,-0.01,-1.2,-3.42
-0.02,-0.06,1.09,-0.07,0.02,0.0,-0.9,-3.12
-0.02,-0.06,1.09,-0.06,0.03,0.0,-1.24,-3.24
-0.02,-0.07,1.09,-0.07,0.05,0.02,-1.11,-3.7
-0.02,-0.08,1.1,-0.07,0.04,0.02,-1.19,-4.03
-0.02,-0.08,1.09,-0.06,0.06,0.0,-1.15,-4.26
-0.02,-0.08,1.1,-0.07,0.08,0.01,-0.99,-4.27
-0.02,-0.08,1.09,-0.08,0.09,0.0,-0.86,-4.35
-0.02,-0.09,1.09,-0.08,0.08,-0.0,-1.02,-4.55
-0.02,-0.1,1.09,-0.06,0.09,-0.0,-1.21,-5.01
-0.02,-0.09,1.09,-0.09,0.11,-0.01,-1.21,-4.71
-0.02,-0.08,1.09,-0.09,0.12,-0.03,-0.96,-4.34
-0.02,-0.08,1.09,-0.11,0.13,-0.03,-1.27,-4.0
-0.02,-0.07,1.1,-0.09,0.11,-0.03,-1.03,-3.42
-0.02,-0.07,1.09,-0.09,0.14,-0.04,-1.04,-3.53
-0.02,-0.06,1.08,-0.09,0.14,-0.03,-1.3,-3.33
-0.03,-0.07,1.07,-0.08,0.14,-0.04,-1.55,-3.5
-0.03,-0.07,1.07,-0.09,0.13,-0.02,-1.39,-3.81
-0.03,-0.08,1.07,-0.09,0.16,-0.02,-1.38,-4.06
-0.01,-0.08,1.08,-0.1,0.16,-0.01,-0.77,-4.26
-0.02,-0.09,1.09,-0.09,0.17,-0.0,-0.84,-4.76
-0.02,-0.1,1.09,-0.11,0.17,0.0,-1.0,-5.26
-0.03,-0.11,1.08,-0.11,0.2,-0.01,-1.34,-5.77
-0.03,-0.11,1.08,-0.16,0.21,-0.02,-1.36,-5.99
-0.03,-0.12,1.08,-0.16,0.2,-0.03,-1.44,-6.47
-0.02,-0.12,1.08,-0.17,0.19,-0.03,-1.27,-6.26
-0.02,-0.11,1.08,-0.2,0.22,-0.04,-1.27,-5.93
-0.02,-0.11,1.08,-0.22,0.22,-0.03,-1.27,-5.59
-0.02,-0.09,1.09,-0.22,0.22,-0.05,-1.29,-4.91
-0.03,-0.09,1.09,-0.23,0.22,-0.04,-1.47,-4.48
-0.03,-0.08,1.09,-0.24,0.25,-0.06,-1.34,-4.08
-0.03,-0.07,1.1,-0.24,0.25,-0.06,-1.31,-3.88
-0.03,-0.07,1.1,-0.22,0.26,-0.06,-1.54,-3.67
-0.03,-0.06,1.09,-0.23,0.25,-0.05,-1.5,-3.29
-0.02,-0.05,1.1,-0.21,0.29,-0.06,-1.23,-2.86
-0.03,-0.06,1.1,-0.21,0.3,-0.05,-1.41,-2.98
-0.02,-0.06,1.1,-0.18,0.3,-0.05,-0.99,-3.12
-0.02,-0.06,1.11,-0.16,0.3,-0.05,-1.04,-2.89
-0.03,-0.06,1.1,-0.14,0.32,-0.06,-1.8,-2.96
-0.03,-0.06,1.09,-0.14,0.35,-0.07,-1.62,-3.21
-0.03,-0.07,1.08,-0.14,0.34,-0.05,-1.83,-3.72
-0.04,-0.08,1.07,-0.13,0.35,-0.06,-2.21,-4.46
-0.04,-0.09,1.07,-0.14,0.35,-0.03,-2.13,-4.9
-0.04,-0.1,1.06,-0.13,0.35,-0.03,-2.4,-5.53
-0.05,-0.11,1.05,-0.14,0.34,-0.03,-2.44,-6.1
-0.05,-0.12,1.06,-0.14,0.33,-0.04,-2.88,-6.35
-0.05,-0.11,1.07,-0.16,0.33,-0.04,-2.63,-6.04
-0.06,-0.11,1.06,-0.2,0.35,-0.03,-3.09,-6.14
-0.06,-0.12,1.06,-0.2,0.34,-0.03,-2.98,-6.36
-0.06,-0.11,1.07,-0.21,0.34,-0.05,-2.99,-6.05
-0.05,-0.1,1.07,-0.23,0.33,-0.04,-2.41,-5.53
-0.05,-0.09,1.09,-0.24,0.34,-0.05,-2.43,-4.9
-0.04,-0.08,1.09,-0.23,0.33,-0.05,-2.01,-4.28
-0.03,-0.08,1.1,-0.24,0.36,-0.06,-1.47,-4.09
-0.03,-0.08,1.11,-0.24,0.35,-0.04,-1.4,-4.37
-0.02,-0.08,1.12,-0.22,0.38,-0.04,-1.23,-4.25
-0.02,-0.08,1.13,-0.23,0.4,-0.02,-1.24,-4.21
-0.03,-0.09,1.13,-0.2,0.42,-0.04,-1.4,-4.54
-0.04,-0.1,1.13,-0.2,0.42,-0.04,-1.79,-4.85
-0.03,-0.1,1.12,-0.2,0.45,-0.06,-1.71,-4.87
-0.04,-0.09,1.1,-0.22,0.47,-0.06,-1.98,-4.83
-0.03,-0.09,1.11,-0.21,0.48,-0.06,-1.78,-4.7
-0.03,-0.09,1.1,-0.22,0.48,-0.06,-1.7,-4.56
-0.03,-0.08,1.09,-0.21,0.5,-0.05,-1.41,-4.43
-0.03,-0.08,1.1,-0.24,0.49,-0.04,-1.33,-4.29
-0.03,-0.08,1.1,-0.22,0.49,-0.04,-1.37,-4.35
-0.02,-0.08,1.11,-0.21,0.48,-0.04,-1.28,-4.07
-0.03,-0.07,1.12,-0.22,0.49,-0.04,-1.31,-3.64
-0.02,-0.07,1.12,-0.22,0.51,-0.02,-0.86,-3.77
-0.02,-0.07,1.12,-0.2,0.52,-0.03,-0.83,-3.6
-0.01,-0.06,1.13,-0.19,0.51,-0.02,-0.65,-3.24
-0.01,-0.07,1.14,-0.19,0.53,-0.02,-0.67,-3.57
-0.02,-0.08,1.15,-0.18,0.54,-0.01,-0.98,-3.77
-0.02,-0.08,1.15,-0.18,0.57,-0.03,-0.9,-3.77
-0.02,-0.08,1.15,-0.16,0.59,-0.04,-0.94,-4.12
-0.03,-0.09,1.14,-0.15,0.63,-0.05,-1.26,-4.61
-0.02,-0.1,1.13,-0.18,0.66,-0.04,-1.16,-4.88
-0.02,-0.1,1.11,-0.19,0.68,-0.02,-1.26,-5.25
-0.02,-0.1,1.1,-0.2,0.69,-0.0,-0.93,-4.97
-0.03,-0.1,1.09,-0.22,0.72,-0.0,-1.39,-5.47
-0.03,-0.1,1.1,-0.24,0.75,0.02,-1.31,-5.37
-0.02,-0.1,1.1,-0.27,0.77,0.03,-1.21,-5.45
-0.02,-0.1,1.09,-0.3,0.79,0.03,-0.92,-5.37
-0.02,-0.1,1.1,-0.28,0.77,0.03,-1.05,-5.05
-0.02,-0.1,1.1,-0.3,0.79,0.03,-0.8,-5.01
-0.01,-0.09,1.1,-0.3,0.77,0.05,-0.73,-4.66
-0.01,-0.09,1.11,-0.28,0.75,0.04,-0.77,-4.64
-0.02,-0.09,1.11,-0.27,0.76,0.04,-0.84,-4.81
-0.02,-0.09,1.11,-0.29,0.78,0.04,-1.0,-4.84
-0.02,-0.09,1.1,-0.3,0.77,0.03,-0.79,-4.69
-0.02,-0.09,1.1,-0.28,0.74,0.04,-0.8,-4.73
-0.01,-0.07,1.12,-0.27,0.75,0.03,-0.5,-3.81
-0.03,-0.08,1.13,-0.27,0.75,0.02,-1.56,-3.87
-0.02,-0.1,1.14,-0.29,0.77,0.02,-0.9,-4.93
-0.03,-0.09,1.15,-0.33,0.76,0.03,-1.49,-4.54
-0.02,-0.1,1.16,-0.32,0.8,0.01,-1.13,-5.06
-0.03,-0.09,1.16,-0.33,0.86,-0.01,-1.63,-4.6
-0.02,-0.09,1.16,-0.35,0.9,-0.0,-1.18,-4.66
-0.02,-0.09,1.15,-0.36,0.93,-0.01,-1.05,-4.65
-0.02,-0.09,1.14,-0.38,0.94,0.01,-1.12,-4.42
-0.02,-0.09,1.14,-0.43,1.0,0.02,-1.07,-4.42
-0.03,-0.08,1.14,-0.46,0.99,0.05,-1.46,-4.05
-0.04,-0.09,1.15,-0.49,1.04,0.05,-2.1,-4.32
-0.03,-0.08,1.15,-0.51,1.05,0.07,-1.57,-4.17
-0.03,-0.08,1.15,-0.55,1.11,0.09,-1.36,-3.91
-0.03,-0.07,1.15,-0.61,1.16,0.11,-1.35,-3.25
-0.02,-0.07,1.15,-0.63,1.21,0.11,-1.08,-3.38
-0.01,-0.05,1.16,-0.61,1.19,0.17,-0.6,-2.66
-0.02,-0.05,1.17,-0.59,1.25,0.16,-0.87,-2.3
-0.02,-0.05,1.17,-0.57,1.27,0.17,-1.1,-2.61
-0.03,-0.05,1.17,-0.49,1.45,0.02,-1.45,-2.63
-0.04,-0.06,1.17,-0.53,1.29,0.17,-1.91,-2.95
-0.04,-0.06,1.15,-0.5,1.31,0.16,-2.2,-2.86
-0.05,-0.06,1.14,-0.47,1.32,0.15,-2.63,-3.2
-0.06,-0.06,1.12,-0.44,1.3,0.14,-3.09,-3.12
-0.06,-0.06,1.1,-0.43,1.28,0.15,-3.23,-2.93
-0.06,-0.06,1.08,-0.42,1.3,0.13,-3.15,-3.01
-0.06,-0.05,1.07,-0.42,1.3,0.15,-3.35,-2.89
-0.06,-0.06,1.07,-0.4,1.29,0.16,-3.21,-3.21
-0.05,-0.06,1.09,-0.37,1.27,0.18,-2.76,-3.13
-0.06,-0.06,1.09,-0.35,1.26,0.18,-3.2,-3.38
-0.07,-0.06,1.11,-0.33,1.25,0.18,-3.49,-3.24
-0.07,-0.07,1.13,-0.27,1.24,0.16,-3.43,-3.32
-0.08,-0.07,1.14,-0.24,1.23,0.15,-3.82,-3.63
-0.07,-0.08,1.14,-0.21,1.25,0.11,-3.64,-4.05
-0.07,-0.08,1.13,-0.19,1.25,0.09,-3.74,-3.85
-0.07,-0.07,1.12,-0.13,1.25,0.08,-3.63,-3.75
-0.07,-0.07,1.11,-0.12,1.22,0.08,-3.53,-3.74
-0.06,-0.07,1.11,-0.1,1.24,0.08,-3.18,-3.69
-0.07,-0.08,1.09,-0.11,1.26,0.1,-3.58,-4.23
-0.06,-0.09,1.1,-0.08,1.24,0.11,-2.95,-4.51
-0.07,-0.1,1.1,-0.1,1.25,0.11,-3.62,-5.03
-0.08,-0.1,1.11,-0.11,1.26,0.13,-3.95,-5.35
-0.08,-0.11,1.12,-0.1,1.26,0.12,-3.92,-5.67
-0.09,-0.13,1.13,-0.13,1.27,0.12,-4.32,-6.36
-0.08,-0.12,1.14,-0.12,1.29,0.11,-4.14,-6.2
-0.08,-0.12,1.13,-0.12,1.31,0.1,-4.17,-6.29
-0.08,-0.13,1.12,-0.12,1.36,0.1,-4.16,-6.39
-0.08,-0.12,1.11,-0.13,1.37,0.11,-4.1,-6.34
-0.07,-0.12,1.09,-0.14,1.38,0.12,-3.85,-6.23
-0.07,-0.11,1.08,-0.15,1.39,0.12,-3.87,-6.08
-0.08,-0.11,1.07,-0.16,1.42,0.14,-4.01,-6.07
-0.08,-0.12,1.06,-0.17,1.4,0.15,-4.37,-6.6
-0.08,-0.13,1.07,-0.18,1.41,0.15,-4.35,-7.03
-0.09,-0.14,1.07,-0.18,1.4,0.16,-4.58,-7.36
-0.09,-0.14,1.06,-0.19,1.42,0.16,-4.55,-7.56
-0.09,-0.15,1.07,-0.22,1.41,0.16,-4.53,-7.75
-0.09,-0.15,1.06,-0.2,1.4,0.13,-4.56,-7.76
-0.09,-0.16,1.07,-0.19,1.39,0.12,-4.8,-8.43
-0.09,-0.17,1.09,-0.2,1.4,0.1,-4.68,-9.05
-0.09,-0.17,1.11,-0.16,1.38,0.09,-4.36,-8.69
-0.09,-0.18,1.11,-0.14,1.39,0.07,-4.47,-8.99
-0.09,-0.17,1.1,-0.12,1.39,0.03,-4.7,-8.8
-0.1,-0.17,1.07,-0.09,1.38,0.01,-5.04,-9.09
-0.09,-0.16,1.06,-0.09,1.39,0.0,-4.88,-8.67
-0.08,-0.15,1.04,-0.11,1.39,-0.01,-4.38,-8.14
-0.09,-0.14,1.03,-0.11,1.37,-0.0,-4.7,-8.0
-0.08,-0.14,1.01,-0.12,1.38,0.01,-4.25,-7.9
-0.08,-0.14,1.0,-0.16,1.38,0.03,-4.66,-7.93
-0.09,-0.14,1.01,-0.17,1.36,0.06,-5.11,-7.69
-0.09,-0.13,1.02,-0.19,1.34,0.08,-5.12,-7.16
-0.1,-0.13,1.02,-0.22,1.34,0.1,-5.44,-7.25
-0.1,-0.13,1.05,-0.23,1.36,0.1,-5.52,-7.14
-0.09,-0.13,1.06,-0.26,1.38,0.12,-5.03,-7.15
-0.09,-0.13,1.08,-0.25,1.37,0.14,-4.74,-7.04
-0.09,-0.12,1.09,-0.24,1.38,0.14,-4.7,-6.4
-0.09,-0.12,1.09,-0.25,1.41,0.16,-4.85,-6.09
-0.09,-0.11,1.08,-0.23,1.4,0.18,-4.74,-5.63
-0.09,-0.1,1.07,-0.19,1.38,0.2,-4.64,-5.36
-0.08,-0.09,1.07,-0.15,1.38,0.21,-4.41,-4.75
-0.08,-0.09,1.08,-0.13,1.37,0.23,-4.4,-4.85
-0.09,-0.11,1.1,-0.08,1.35,0.24,-4.76,-5.59
-0.1,-0.12,1.1,-0.03,1.34,0.23,-5.11,-6.03
-0.11,-0.13,1.11,0.04,1.31,0.22,-5.62,-6.78
-0.12,-0.14,1.09,0.08,1.32,0.2,-6.29,-7.24
-0.12,-0.15,1.09,0.13,1.29,0.18,-6.37,-7.66
-0.12,-0.15,1.07,0.17,1.26,0.15,-6.43,-7.89
-0.12,-0.14,1.06,0.19,1.25,0.12,-6.42,-7.58
-0.12,-0.13,1.04,0.19,1.26,0.1,-6.72,-7.13
-0.12,-0.12,1.03,0.2,1.23,0.09,-6.46,-6.74
-0.11,-0.12,1.03,0.21,1.21,0.1,-5.98,-6.59
-0.1,-0.12,1.04,0.22,1.21,0.12,-5.68,-6.4
-0.11,-0.11,1.04,0.23,1.22,0.13,-5.76,-6.08
-0.11,-0.11,1.03,0.25,1.23,0.16,-5.95,-5.8
-0.1,-0.1,1.01,0.27,1.22,0.17,-5.83,-5.76
-0.1,-0.11,1.0,0.27,1.21,0.19,-5.47,-6.0
-0.09,-0.11,0.96,0.23,1.24,0.21,-5.54,-6.63
-0.09,-0.12,0.93,0.21,1.22,0.25,-5.64,-7.46
-0.09,-0.13,0.91,0.16,1.21,0.29,-5.41,-8.04
-0.09,-0.15,0.91,0.1,1.18,0.33,-5.72,-9.09
-0.1,-0.16,0.91,0.02,1.21,0.34,-6.05,-10.03
-0.1,-0.17,0.93,-0.02,1.2,0.35,-6.14,-10.51
-0.11,-0.18,0.94,-0.08,1.19,0.35,-6.65,-10.86
-0.11,-0.18,0.97,-0.1,1.18,0.33,-6.33,-10.44
-0.1,-0.17,0.99,-0.14,1.2,0.33,-5.88,-9.94
-0.11,-0.17,1.01,-0.17,1.21,0.33,-5.95,-9.36
-0.11,-0.17,1.03,-0.15,1.2,0.31,-6.24,-9.29
-0.11,-0.16,1.06,-0.12,1.17,0.31,-5.7,-8.73
-0.11,-0.16,1.07,-0.11,1.17,0.27,-5.78,-8.59
-0.12,-0.16,1.08,-0.09,1.14,0.25,-6.04,-8.51
-0.13,-0.16,1.08,-0.06,1.13,0.21,-6.66,-8.26
-0.12,-0.14,1.07,-0.05,1.12,0.2,-6.14,-7.6
-0.11,-0.13,1.07,-0.03,1.11,0.22,-5.89,-6.92
-0.09,-0.1,1.08,-0.04,1.15,0.22,-4.87,-5.45
-0.09,-0.12,1.08,0.0,1.14,0.24,-4.48,-6.12
-0.09,-0.11,1.08,0.03,1.14,0.29,-4.77,-5.96
-0.09,-0.12,1.07,0.04,1.19,0.3,-4.98,-6.19
-0.09,-0.13,1.06,0.06,1.22,0.33,-4.93,-6.77
-0.08,-0.14,1.04,0.09,1.22,0.36,-4.59,-7.42
-0.08,-0.15,1.01,0.09,1.22,0.37,-4.74,-8.64
-0.09,-0.16,0.98,0.09,1.22,0.36,-4.98,-9.29
-0.09,-0.17,0.97,0.05,1.25,0.37,-5.38,-9.64
-0.09,-0.17,0.98,0.04,1.23,0.37,-5.44,-9.99
-0.09,-0.17,0.97,0.01,1.23,0.38,-5.1,-10.03
-0.09,-0.17,0.97,-0.02,1.24,0.36,-5.25,-10.07
-0.1,-0.17,0.97,-0.05,1.24,0.35,-5.81,-10.11
-0.1,-0.16,0.97,-0.06,1.24,0.34,-5.94,-9.53
-0.09,-0.15,0.97,-0.11,1.23,0.35,-5.34,-8.72
-0.08,-0.14,0.98,-0.1,1.23,0.33,-4.85,-8.26
-0.07,-0.14,1.0,-0.13,1.24,0.35,-4.12,-7.91
-0.08,-0.13,1.01,-0.14,1.21,0.37,-4.56,-7.11
-0.09,-0.12,1.02,-0.15,1.21,0.38,-5.12,-6.54
-0.09,-0.11,1.03,-0.13,1.18,0.38,-5.09,-6.27
-0.09,-0.11,1.05,-0.12,1.18,0.37,-5.12,-6.22
-0.1,-0.12,1.06,-0.08,1.17,0.39,-5.29,-6.49
-0.1,-0.13,1.07,-0.04,1.16,0.38,-5.22,-6.72
-0.1,-0.13,1.07,-0.01,1.15,0.39,-5.33,-7.08
-0.1,-0.14,1.06,0.01,1.16,0.39,-5.47,-7.65
-0.11,-0.15,1.06,0.05,1.13,0.39,-5.92,-8.02
-0.12,-0.15,1.05,0.07,1.13,0.36,-6.29,-7.93
-0.11,-0.14,1.06,0.09,1.14,0.36,-5.74,-7.25
-0.09,-0.14,1.06,0.1,1.15,0.37,-4.74,-7.32
-0.08,-0.13,1.04,0.1,1.16,0.38,-4.29,-7.35
-0.09,-0.14,1.03,0.12,1.14,0.39,-4.75,-7.6
-0.1,-0.15,1.02,0.11,1.13,0.4,-5.36,-8.35
-0.11,-0.15,1.02,0.09,1.18,0.41,-5.83,-8.27
-0.1,-0.15,1.02,0.09,1.18,0.42,-5.29,-8.54
-0.09,-0.15,1.01,0.09,1.22,0.42,-4.8,-8.5
-0.08,-0.14,0.99,0.07,1.23,0.43,-4.38,-8.33
-0.07,-0.14,0.96,0.05,1.25,0.43,-4.13,-8.22
-0.06,-0.15,0.96,0.01,1.24,0.46,-3.61,-8.61
-0.06,-0.14,0.96,-0.01,1.24,0.46,-3.82,-8.12
-0.07,-0.14,0.96,-0.03,1.23,0.47,-4.12,-8.28
-0.07,-0.14,0.97,-0.03,1.22,0.45,-4.19,-8.08
-0.07,-0.13,0.97,-0.04,1.22,0.47,-4.04,-7.81
-0.07,-0.13,0.97,-0.03,1.2,0.46,-3.94,-7.57
-0.06,-0.13,0.98,-0.02,1.17,0.46,-3.63,-7.75
-0.06,-0.14,0.99,-0.01,1.16,0.46,-3.67,-8.12
-0.08,-0.15,1.01,0.0,1.15,0.46,-4.5,-8.34
-0.08,-0.15,1.01,0.03,1.12,0.45,-4.75,-8.51
-0.08,-0.15,1.02,0.07,1.09,0.43,-4.64,-8.13
-0.08,-0.15,1.02,0.09,1.1,0.41,-4.34,-8.39
-0.08,-0.15,1.02,0.13,1.08,0.4,-4.4,-8.17
-0.09,-0.14,1.02,0.14,1.08,0.39,-4.77,-7.66
-0.09,-0.13,1.02,0.2,1.07,0.37,-4.95,-7.24
-0.08,-0.14,1.0,0.21,1.08,0.38,-4.32,-7.76
-0.08,-0.15,0.99,0.22,1.1,0.38,-4.29,-8.61
-0.07,-0.16,0.97,0.21,1.07,0.39,-4.23,-9.34
-0.09,-0.19,0.97,0.2,1.11,0.36,-5.14,-10.85
-0.09,-0.19,0.96,0.16,1.11,0.36,-5.15,-10.9
-0.08,-0.19,0.96,0.11,1.16,0.35,-4.94,-11.02
-0.08,-0.18,0.95,0.08,1.18,0.36,-4.52,-10.57
-0.07,-0.16,0.95,0.02,1.22,0.37,-4.17,-9.52
-0.07,-0.15,0.97,-0.01,1.24,0.38,-4.16,-8.97
-0.07,-0.15,0.98,-0.03,1.29,0.41,-4.23,-8.53
-0.07,-0.14,0.99,-0.04,1.29,0.43,-4.1,-7.94
-0.07,-0.13,0.99,-0.03,1.29,0.45,-4.18,-7.7
-0.08,-0.13,1.0,-0.02,1.29,0.45,-4.52,-7.19
-0.08,-0.12,1.0,0.0,1.31,0.45,-4.27,-6.99
-0.07,-0.13,1.0,0.01,1.3,0.45,-4.18,-7.25
-0.07,-0.12,0.98,0.06,1.29,0.46,-4.06,-7.14
-0.07,-0.13,0.99,0.08,1.28,0.45,-4.02,-7.39
-0.07,-0.14,0.99,0.11,1.26,0.46,-4.24,-8.03
-0.06,-0.14,0.98,0.14,1.27,0.46,-3.7,-8.29
-0.07,-0.15,0.97,0.19,1.25,0.46,-3.85,-8.55
-0.07,-0.15,0.96,0.21,1.2,0.44,-4.22,-8.98
-0.08,-0.15,0.95,0.24,1.2,0.41,-4.94,-9.2
-0.08,-0.15,0.94,0.24,1.2,0.39,-4.7,-9.2
-0.08,-0.15,0.95,0.25,1.18,0.38,-4.65,-9.02
-0.07,-0.14,0.95,0.28,1.16,0.38,-4.09,-8.44
-0.07,-0.14,0.94,0.28,1.17,0.36,-4.09,-8.33
-0.07,-0.13,0.94,0.28,1.17,0.38,-4.1,-7.84
-0.06,-0.13,0.93,0.28,1.19,0.37,-3.55,-8.14
-0.05,-0.14,0.92,0.28,1.16,0.38,-3.14,-8.5
-0.04,-0.15,0.9,0.25,1.15,0.39,-2.75,-9.13
-0.05,-0.15,0.89,0.18,1.18,0.39,-3.34,-9.67
-0.06,-0.16,0.89,0.15,1.16,0.4,-3.75,-10.24
-0.06,-0.18,0.9,0.11,1.16,0.4,-3.78,-11.15
-0.06,-0.18,0.91,0.06,1.2,0.38,-3.81,-11.42
-0.07,-0.18,0.91,-0.01,1.25,0.38,-4.21,-11.25
-0.06,-0.17,0.93,-0.06,1.27,0.39,-3.71,-10.47
-0.06,-0.14,0.95,-0.09,1.27,0.41,-3.46,-8.65
-0.06,-0.13,0.96,-0.1,1.3,0.43,-3.57,-7.59
-0.06,-0.13,0.97,-0.11,1.31,0.44,-3.79,-7.32
-0.07,-0.12,0.98,-0.09,1.28,0.47,-4.17,-7.18
-0.08,-0.12,0.99,-0.07,1.27,0.5,-4.69,-6.9
-0.1,-0.13,0.99,-0.04,1.27,0.48,-5.53,-7.18
-0.1,-0.13,0.99,-0.01,1.27,0.48,-5.51,-7.53
-0.1,-0.14,1.0,0.03,1.27,0.48,-5.54,-7.87
-0.09,-0.13,0.99,0.14,1.44,0.35,-5.04,-7.69
-0.07,-0.13,0.99,0.14,1.25,0.48,-3.95,-7.55
-0.06,-0.13,0.98,0.17,1.25,0.48,-3.75,-7.43
-0.08,-0.16,0.96,0.21,1.23,0.47,-4.56,-9.54
-0.09,-0.18,0.95,0.24,1.22,0.46,-5.4,-10.8
-0.1,-0.18,0.94,0.26,1.21,0.42,-5.79,-10.74
-0.09,-0.18,0.93,0.26,1.27,0.38,-5.7,-10.63
-0.07,-0.17,0.93,0.29,1.26,0.36,-4.42,-10.3
-0.06,-0.15,0.92,0.3,1.27,0.35,-3.86,-9.45
-0.04,-0.14,0.91,0.3,1.26,0.35,-2.65,-8.46
-0.03,-0.12,0.9,0.28,1.29,0.35,-1.65,-7.53
-0.01,-0.11,0.9,0.26,1.3,0.37,-0.64,-6.99
0.01,-0.1,0.88,0.23,1.31,0.38,0.49,-6.67
0.02,-0.09,0.86,0.18,1.29,0.41,1.15,-6.04
0.02,-0.09,0.86,0.13,1.3,0.42,1.41,-6.17
0.02,-0.1,0.87,0.07,1.3,0.45,1.23,-6.35
0.01,-0.11,0.87,0.04,1.3,0.48,0.53,-6.9
-0.01,-0.11,0.86,0.02,1.29,0.49,-0.42,-7.23
-0.01,-0.11,0.87,-0.02,1.31,0.48,-0.89,-7.12
-0.02,-0.12,0.89,-0.04,1.31,0.48,-1.24,-7.48
-0.02,-0.12,0.89,-0.02,1.3,0.47,-1.2,-7.91
-0.02,-0.13,0.9,-0.01,1.26,0.46,-1.23,-8.03
-0.03,-0.13,0.9,0.0,1.27,0.45,-1.61,-7.97
-0.02,-0.13,0.91,0.04,1.23,0.43,-1.43,-8.0
-0.02,-0.13,0.91,0.05,1.2,0.42,-1.49,-7.97
-0.02,-0.13,0.91,0.08,1.14,0.4,-1.46,-7.86
-0.04,-0.11,0.9,0.1,1.14,0.37,-2.25,-7.19
-0.05,-0.12,0.91,0.12,1.12,0.35,-3.08,-7.29
-0.05,-0.13,0.92,0.16,1.09,0.33,-2.86,-7.87
-0.05,-0.13,0.92,0.2,1.06,0.31,-2.77,-8.08
-0.05,-0.12,0.92,0.23,1.06,0.3,-3.15,-7.3
-0.05,-0.11,0.92,0.24,1.06,0.29,-3.01,-6.63
-0.04,-0.11,0.91,0.26,1.05,0.28,-2.64,-6.61
-0.03,-0.1,0.9,0.26,1.05,0.28,-2.1,-6.39
-0.03,-0.1,0.88,0.27,1.05,0.28,-2.23,-6.52
-0.02,-0.09,0.87,0.25,1.09,0.29,-1.61,-6.06
0.0,-0.09,0.87,0.21,1.11,0.32,0.17,-5.64
0.03,-0.08,0.86,0.2,1.12,0.35,1.75,-5.07
0.04,-0.07,0.84,0.18,1.11,0.38,2.73,-4.78
0.04,-0.08,0.82,0.13,1.14,0.39,2.88,-5.28
0.04,-0.08,0.81,0.08,1.11,0.41,2.75,-5.43
0.03,-0.08,0.81,0.11,1.25,0.27,2.31,-5.58
0.03,-0.09,0.81,0.01,1.1,0.38,2.39,-6.52
0.03,-0.09,0.83,0.01,1.06,0.38,2.38,-6.01
0.03,-0.08,0.85,-0.01,1.05,0.36,2.05,-5.59
0.03,-0.07,0.85,-0.0,1.0,0.35,2.15,-4.62
0.03,-0.08,0.86,0.0,0.98,0.34,1.9,-5.14
0.02,-0.09,0.87,-0.01,0.95,0.32,1.44,-5.86
0.0,-0.1,0.87,-0.01,0.89,0.31,0.09,-6.36
-0.02,-0.1,0.88,-0.0,0.84,0.29,-1.16,-6.7
-0.03,-0.11,0.9,0.02,0.84,0.25,-2.01,-6.81
-0.04,-0.11,0.92,0.01,0.84,0.23,-2.72,-6.63
-0.06,-0.13,0.93,0.05,0.82,0.23,-3.58,-7.67
-0.07,-0.13,0.94,0.09,0.82,0.21,-4.04,-8.01
-0.08,-0.15,0.93,0.14,0.82,0.22,-4.88,-8.96
-0.06,-0.14,0.91,0.16,0.87,0.21,-3.5,-8.54
-0.04,-0.14,0.91,0.19,0.87,0.22,-2.69,-8.44
-0.03,-0.11,0.9,0.22,0.85,0.23,-1.67,-7.23
-0.02,-0.11,0.91,0.21,0.87,0.22,-1.33,-7.11
-0.01,-0.12,0.89,0.2,0.9,0.22,-0.35,-7.47
0.01,-0.11,0.88,0.19,0.9,0.23,0.44,-7.19
0.01,-0.09,0.88,0.2,0.89,0.22,0.53,-6.05
0.0,-0.08,0.88,0.17,0.92,0.24,0.21,-5.4
0.01,-0.06,0.88,0.17,0.91,0.23,0.38,-3.84
0.01,-0.05,0.89,0.16,0.92,0.26,0.59,-2.96
0.03,-0.04,0.89,0.18,0.9,0.3,1.7,-2.48
0.04,-0.03,0.89,0.19,0.88,0.31,2.44,-1.62
0.05,-0.01,0.88,0.19,0.88,0.32,2.99,-0.87
0.04,-0.03,0.87,0.21,0.84,0.34,2.83,-1.97
0.05,-0.03,0.86,0.25,0.79,0.33,3.23,-2.13
0.05,-0.03,0.85,0.25,0.74,0.34,3.43,-1.92
0.07,-0.02,0.84,0.26,0.74,0.32,4.66,-1.47
0.08,-0.02,0.83,0.26,0.7,0.32,5.24,-1.48
0.09,-0.03,0.82,0.26,0.67,0.31,6.08,-1.91
0.09,-0.04,0.82,0.26,0.63,0.31,6.26,-2.45
0.1,-0.04,0.82,0.23,0.62,0.31,6.78,-2.9
0.11,-0.04,0.8,0.2,0.61,0.31,7.48,-3.09
0.12,-0.04,0.79,0.18,0.58,0.31,8.51,-2.88
0.11,-0.04,0.79,0.14,0.56,0.3,8.22,-3.01
0.13,-0.03,0.8,0.08,0.57,0.28,8.96,-2.37
0.12,-0.03,0.8,0.02,0.55,0.26,8.63,-2.44
0.11,-0.03,0.81,-0.01,0.53,0.25,8.04,-2.01
0.1,-0.03,0.84,-0.04,0.51,0.24,6.83,-2.23
0.09,-0.03,0.84,-0.07,0.49,0.24,6.19,-2.02
0.08,-0.03,0.85,-0.07,0.49,0.22,5.61,-2.04
0.07,-0.04,0.86,-0.06,0.46,0.23,4.9,-2.85
0.06,-0.05,0.86,-0.05,0.41,0.24,4.25,-3.23
0.06,-0.05,0.86,-0.02,0.42,0.23,3.68,-3.52
0.04,-0.05,0.87,0.01,0.41,0.21,2.86,-3.53
0.04,-0.05,0.88,0.05,0.38,0.19,2.46,-3.45
0.04,-0.06,0.9,0.18,0.5,0.03,2.25,-3.57
0.04,-0.05,0.9,0.18,0.31,0.16,2.44,-2.97
0.05,-0.04,0.9,0.25,0.27,0.17,3.07,-2.68
0.05,-0.04,0.9,0.32,0.21,0.16,3.21,-2.3
0.06,-0.04,0.9,0.37,0.17,0.16,3.69,-2.65
0.06,-0.04,0.88,0.41,0.15,0.13,4.14,-2.48
0.08,-0.04,0.87,0.44,0.12,0.12,5.1,-2.94
0.1,-0.04,0.84,0.43,0.1,0.11,6.8,-2.84
0.12,-0.04,0.83,0.42,0.07,0.1,8.5,-2.7
0.14,-0.03,0.82,0.39,0.06,0.09,9.45,-2.17
0.14,-0.04,0.82,0.3,0.1,0.09,9.65,-2.46
0.15,-0.04,0.83,0.25,0.07,0.1,10.05,-2.74
0.15,-0.05,0.82,0.19,0.07,0.07,10.05,-3.58
0.14,-0.06,0.82,0.13,0.08,0.08,9.92,-4.45
0.14,-0.06,0.82,0.04,0.09,0.04,9.78,-4.22
0.14,-0.07,0.82,-0.05,0.09,0.04,9.33,-4.6
0.12,-0.06,0.83,-0.07,0.08,0.0,8.01,-4.32
0.11,-0.06,0.85,-0.13,0.07,0.01,7.07,-4.06
0.09,-0.05,0.87,-0.19,0.08,-0.01,5.95,-3.19
0.07,-0.04,0.9,-0.24,0.05,0.0,4.25,-2.69
0.04,-0.05,0.91,-0.24,0.05,-0.0,2.47,-3.04
0.03,-0.05,0.94,-0.24,0.02,0.01,1.66,-3.12
0.01,-0.05,0.95,-0.27,0.02,0.03,0.64,-2.81
0.01,-0.05,0.95,-0.22,-0.01,0.05,0.35,-2.85
-0.02,-0.06,0.95,-0.19,-0.01,0.08,-1.25,-3.53
-0.04,-0.08,0.95,-0.15,-0.03,0.09,-2.15,-4.98
-0.05,-0.11,0.95,-0.11,-0.0,0.06,-2.86,-6.39
-0.04,-0.12,0.93,-0.06,-0.02,0.05,-2.57,-7.33
-0.04,-0.13,0.92,-0.0,-0.01,0.02,-2.48,-8.01
-0.02,-0.12,0.92,0.04,-0.05,-0.02,-1.27,-7.4
-0.0,-0.1,0.89,0.05,-0.03,-0.05,-0.23,-6.21
0.01,-0.1,0.89,0.05,-0.01,-0.07,0.4,-6.1
0.02,-0.08,0.91,0.04,-0.01,-0.07,1.37,-5.05
0.05,-0.07,0.92,0.02,-0.0,-0.07,2.93,-4.5
0.06,-0.05,0.92,0.01,-0.02,-0.05,3.8,-3.41
0.06,-0.06,0.9,-0.05,-0.03,-0.03,4.02,-3.56
0.05,-0.06,0.9,-0.09,-0.05,-0.03,3.1,-3.59
0.03,-0.06,0.91,-0.12,-0.04,-0.03,2.02,-4.09
0.03,-0.07,0.92,-0.15,-0.05,-0.04,1.67,-4.33
0.02,-0.08,0.92,-0.17,-0.05,-0.03,1.34,-4.75
-0.0,-0.08,0.94,-0.19,-0.07,-0.02,-0.08,-4.94
-0.03,-0.08,0.94,-0.2,-0.08,-0.02,-1.74,-5.16
-0.04,-0.09,0.96,-0.2,-0.06,-0.03,-2.37,-5.11
-0.05,-0.09,0.97,-0.19,-0.05,-0.03,-2.85,-5.52
-0.05,-0.09,0.98,-0.19,-0.06,-0.02,-3.11,-5.32
-0.06,-0.09,0.98,-0.16,-0.07,0.0,-3.31,-5.16
-0.06,-0.1,0.99,-0.13,-0.06,0.02,-3.74,-5.81
-0.07,-0.1,0.99,-0.13,-0.03,0.03,-4.14,-5.96
-0.07,-0.11,0.99,-0.09,-0.04,0.04,-4.05,-6.23
-0.06,-0.1,0.98,-0.05,-0.05,0.06,-3.46,-5.92
-0.05,-0.1,0.98,-0.02,-0.04,0.06,-2.96,-5.67
-0.04,-0.09,0.97,-0.03,-0.01,0.07,-2.18,-5.26
-0.03,-0.09,0.97,0.02,-0.04,0.08,-1.48,-5.4
-0.02,-0.1,0.95,0.01,-0.03,0.08,-1.16,-5.89
-0.01,-0.09,0.93,0.03,-0.05,0.07,-0.83,-5.58
-0.01,-0.1,0.94,0.02,-0.02,0.06,-0.39,-5.89
0.0,-0.09,0.93,0.02,-0.02,0.06,0.22,-5.46
0.02,-0.09,0.93,0.05,-0.05,0.06,0.92,-5.55
0.02,-0.1,0.93,0.04,-0.07,0.04,1.36,-5.84
0.02,-0.11,0.93,0.02,-0.07,0.02,1.44,-6.5
0.02,-0.11,0.93,-0.0,-0.06,0.02,1.32,-6.6
0.03,-0.11,0.93,-0.0,-0.05,0.0,1.79,-7.04
0.03,-0.12,0.93,0.02,0.08,-0.13,2.06,-7.3
0.03,-0.14,0.93,-0.06,-0.06,0.01,1.67,-8.35
0.02,-0.14,0.92,-0.11,-0.03,0.01,1.08,-8.65
-0.0,-0.14,0.92,-0.15,0.0,-0.0,-0.04,-8.8
-0.01,-0.14,0.94,-0.17,0.02,-0.02,-0.7,-8.76
-0.01,-0.13,0.96,-0.17,0.07,-0.03,-0.61,-7.6
-0.01,-0.11,0.97,-0.18,0.07,-0.02,-0.44,-6.71
-0.01,-0.1,0.97,-0.17,0.07,-0.01,-0.81,-5.87
-0.02,-0.08,0.98,-0.17,0.06,0.01,-1.05,-4.93
-0.03,-0.09,0.99,-0.16,0.08,0.0,-1.61,-5.46
-0.03,-0.09,0.99,-0.13,0.07,0.01,-1.75,-5.31
-0.02,-0.07,0.99,-0.09,0.06,0.02,-1.16,-4.2
-0.02,-0.07,0.97,-0.04,0.01,0.02,-1.23,-4.36
-0.01,-0.07,0.97,-0.01,0.01,0.01,-0.54,-4.14
-0.01,-0.07,0.96,0.0,0.01,0.01,-0.36,-4.26
-0.01,-0.08,0.97,0.06,-0.02,0.01,-0.34,-4.63
0.01,-0.09,0.95,0.08,-0.07,0.02,0.43,-5.19
0.01,-0.09,0.95,0.1,-0.06,0.01,0.68,-5.18
0.02,-0.09,0.93,0.08,-0.07,-0.0,1.38,-5.72
0.02,-0.1,0.92,0.08,-0.08,-0.01,1.36,-5.91
0.03,-0.1,0.92,0.04,-0.08,-0.02,1.74,-6.27
0.03,-0.11,0.91,0.02,-0.09,-0.03,1.92,-6.69
0.02,-0.11,0.91,-0.03,-0.06,-0.04,1.52,-7.19
0.02,-0.11,0.91,-0.09,-0.04,-0.05,1.09,-6.87
0.01,-0.11,0.93,-0.13,-0.01,-0.04,0.52,-6.48
0.01,-0.1,0.94,-0.19,0.02,-0.04,0.35,-6.05
-0.02,-0.1,0.96,-0.22,0.05,-0.03,-0.92,-5.79
-0.03,-0.09,0.98,-0.24,0.07,-0.02,-2.0,-5.42
-0.04,-0.09,1.0,-0.23,0.07,0.0,-2.55,-5.13
-0.05,-0.09,1.0,-0.22,0.08,0.02,-2.78,-4.87
-0.05,-0.08,1.0,-0.2,0.09,0.04,-2.82,-4.48
-0.05,-0.08,1.0,-0.15,0.07,0.06,-2.87,-4.65
-0.06,-0.09,1.0,-0.11,0.05,0.07,-3.35,-5.35
-0.07,-0.11,1.0,-0.07,0.04,0.06,-3.83,-6.3
-0.07,-0.11,0.99,-0.03,0.05,0.03,-3.93,-6.59
-0.06,-0.11,0.98,0.04,0.03,0.03,-3.36,-6.6
-0.04,-0.11,0.97,0.1,0.02,-0.0,-2.33,-6.44
-0.03,-0.11,0.96,0.13,0.01,-0.01,-1.74,-6.33
-0.01,-0.09,0.95,0.14,0.03,-0.01,-0.38,-5.69
0.01,-0.09,0.94,0.15,0.02,0.0,0.38,-5.3
0.04,-0.08,0.93,0.15,0.01,0.0,2.28,-4.71
0.05,-0.06,0.91,0.14,0.0,-0.01,3.23,-3.89
0.06,-0.07,0.9,0.09,0.0,-0.01,3.54,-4.14
0.05,-0.07,0.89,0.04,-0.0,-0.01,2.95,-4.38
0.06,-0.07,0.89,0.01,0.0,-0.03,3.67,-4.57
0.06,-0.07,0.9,-0.02,0.0,-0.03,3.71,-4.28
0.06,-0.06,0.91,-0.09,0.03,-0.03,3.69,-3.68
0.04,-0.06,0.92,-0.13,0.02,-0.0,2.79,-4.01
0.02,-0.08,0.93,-0.15,0.02,-0.01,1.48,-4.78
0.0,-0.09,0.93,-0.18,0.02,-0.01,0.02,-5.62
-0.02,-0.1,0.95,-0.2,0.03,-0.01,-0.93,-6.02
-0.03,-0.11,0.96,-0.17,0.04,-0.01,-1.78,-6.24
-0.04,-0.1,0.98,-0.16,0.06,0.0,-2.5,-6.08
-0.05,-0.1,0.98,-0.12,0.05,0.01,-2.94,-5.88
-0.05,-0.1,0.99,-0.1,0.06,0.01,-3.13,-5.7
-0.05,-0.09,0.99,-0.04,0.06,0.02,-3.01,-5.28
-0.05,-0.09,0.99,-0.01,0.07,0.02,-2.64,-5.47
-0.04,-0.08,0.98,0.05,0.05,0.02,-2.4,-4.92
-0.02,-0.08,0.96,0.09,0.04,0.01,-1.14,-4.82
0.0,-0.08,0.95,0.12,0.04,0.01,0.27,-4.88
0.01,-0.07,0.93,0.16,0.0,0.0,0.89,-4.45
0.04,-0.06,0.93,0.14,0.0,-0.0,2.27,-3.88
0.05,-0.06,0.91,0.17,-0.02,-0.02,3.2,-4.0
0.07,-0.07,0.9,0.13,-0.02,-0.03,4.43,-4.26
0.08,-0.06,0.89,0.11,-0.04,-0.04,5.21,-3.62
0.08,-0.06,0.88,0.1,-0.05,-0.05,5.18,-3.71
0.09,-0.05,0.87,0.06,-0.06,-0.05,5.82,-3.43
0.09,-0.04,0.88,0.01,-0.03,-0.05,5.91,-2.83
0.09,-0.05,0.88,-0.03,-0.04,-0.04,5.82,-3.11
0.09,-0.05,0.88,-0.04,-0.05,-0.02,5.8,-3.06
0.08,-0.04,0.87,-0.07,-0.04,-0.03,5.26,-2.93
0.09,-0.04,0.88,-0.06,-0.05,-0.02,5.55,-2.33
0.08,-0.04,0.87,-0.06,-0.05,-0.03,5.08,-2.32
0.07,-0.04,0.87,-0.05,-0.08,-0.05,4.81,-2.51
0.08,-0.04,0.86,-0.01,-0.09,-0.06,5.15,-2.7
0.09,-0.03,0.85,0.02,-0.1,-0.07,5.83,-1.84
0.1,-0.03,0.84,0.07,-0.13,-0.07,6.89,-1.79
0.11,-0.01,0.83,0.1,-0.16,-0.08,7.9,-0.71
0.13,0.01,0.81,0.13,-0.18,-0.1,8.92,0.49
0.13,0.01,0.8,0.15,-0.2,-0.11,9.58,0.57
0.14,0.02,0.78,0.2,-0.22,-0.13,10.0,1.14
0.15,0.03,0.77,0.23,-0.24,-0.14,10.77,2.1
0.16,0.05,0.75,0.3,-0.27,-0.13,12.17,3.8
0.17,0.07,0.73,0.36,-0.27,-0.14,13.17,5.1
0.2,0.09,0.72,0.41,-0.29,-0.13,15.25,6.77
0.23,0.1,0.71,0.5,-0.33,-0.14,17.56,7.94
0.26,0.11,0.69,0.56,-0.41,-0.12,20.71,8.83
0.29,0.13,0.65,0.6,-0.48,-0.14,23.95,10.07
0.3,0.13,0.62,0.62,-0.56,-0.17,25.75,10.95
0.32,0.14,0.59,0.71,-0.53,-0.33,28.06,11.32
0.34,0.14,0.59,0.65,-0.73,-0.2,28.99,11.68
0.36,0.15,0.57,0.65,-0.81,-0.22,31.57,12.65
0.37,0.15,0.55,0.64,-0.88,-0.2,32.99,13.16
0.38,0.16,0.53,0.63,-0.96,-0.23,34.71,14.03
0.41,0.17,0.49,0.6,-1.05,-0.22,38.31,15.26
0.44,0.19,0.47,0.54,-1.12,-0.22,40.69,16.89
0.46,0.2,0.43,0.48,-1.21,-0.2,43.83,17.57
0.47,0.19,0.42,0.42,-1.28,-0.2,45.28,16.49
0.47,0.18,0.4,0.36,-1.38,-0.16,46.54,16.58
0.47,0.17,0.38,0.32,-1.44,-0.15,47.97,16.13
0.46,0.17,0.36,0.28,-1.54,-0.13,49.21,15.92
0.46,0.16,0.34,0.27,-1.62,-0.12,51.13,15.72
0.47,0.15,0.3,0.25,-1.72,-0.11,54.51,14.79
0.47,0.13,0.28,0.25,-1.81,-0.11,57.14,13.26
0.48,0.13,0.24,0.24,-1.93,-0.12,60.08,13.32
0.48,0.11,0.22,0.23,-2.06,-0.14,63.17,11.58
0.49,0.09,0.18,0.23,-2.22,-0.17,67.49,9.87
0.48,0.07,0.15,0.22,-2.39,-0.22,71.5,7.58
0.48,0.04,0.12,0.18,-2.58,-0.28,75.44,4.83
0.46,-0.01,0.07,0.12,-2.81,-0.37,81.76,-1.26
0.43,-0.05,0.03,0.07,-3.0,-0.47,81.98,-7.09
0.4,-0.1,0.01,-0.0,-3.19,-0.59,75.61,-14.37
0.35,-0.16,-0.0,-0.1,-3.35,-0.72,65.89,-24.11
0.3,-0.22,-0.0,-0.19,-3.52,-0.84,53.1,-36.9
0.21,-0.31,0.01,-0.27,-3.64,-0.96,34.73,-55.19
0.14,-0.4,0.06,-0.38,-3.76,-1.1,18.64,-69.76
0.07,-0.46,0.09,-0.52,-3.88,-1.23,8.2,-75.97
0.0,-0.49,0.13,-0.66,-3.97,-1.36,0.3,-74.82
-0.11,-0.52,0.17,-0.81,-4.01,-1.48,-10.99,-69.38
-0.19,-0.52,0.22,-0.99,-3.99,-1.58,-18.52,-60.77
-0.27,-0.5,0.3,-1.15,-3.92,-1.64,-24.93,-50.66
-0.33,-0.47,0.4,-1.27,-3.81,-1.66,-28.16,-41.91
-0.36,-0.42,0.49,-1.36,-3.68,-1.64,-29.4,-34.43
-0.39,-0.36,0.58,-1.36,-3.55,-1.55,-29.44,-27.38
-0.39,-0.31,0.63,-1.34,-3.43,-1.43,-29.19,-22.86
-0.39,-0.26,0.65,-1.28,-3.36,-1.28,-28.92,-18.67
-0.36,-0.2,0.63,-1.17,-3.3,-1.13,-28.58,-15.45
-0.34,-0.15,0.63,-1.06,-3.3,-0.98,-27.58,-12.15
-0.32,-0.15,0.63,-0.91,-3.29,-0.85,-26.37,-11.71
-0.35,-0.16,0.58,-0.75,-3.28,-0.71,-29.94,-13.41
-0.34,-0.17,0.49,-0.62,-3.27,-0.59,-33.32,-16.07
-0.32,-0.19,0.42,-0.52,-3.26,-0.49,-34.82,-19.85
-0.34,-0.33,0.4,-0.43,-3.37,-0.42,-33.38,-31.65
-0.36,-0.52,0.45,-0.32,-3.6,-0.41,-27.94,-41.76
-0.42,-0.67,0.48,-0.19,-3.89,-0.54,-26.8,-46.41
-0.51,-0.76,0.47,-0.14,-4.21,-0.78,-29.93,-47.48
-0.62,-0.84,0.48,-0.17,-4.4,-1.09,-32.71,-47.05
-0.75,-0.91,0.57,-0.22,-4.4,-1.43,-34.88,-43.95
-0.85,-0.94,0.73,-0.29,-4.4,-1.78,-35.36,-40.18
-0.89,-0.91,0.91,-0.38,-4.4,-2.07,-34.78,-35.58
-0.91,-0.83,1.07,-0.47,-4.4,-2.25,-33.82,-30.43
-0.89,-0.7,1.24,-0.56,-4.4,-2.32,-32.19,-24.5
-0.84,-0.52,1.38,-0.6,-4.4,-2.26,-29.65,-17.81
-0.75,-0.33,1.47,-0.62,-4.32,-2.11,-26.52,-11.19
-0.66,-0.15,1.51,-0.62,-4.04,-1.86,-23.43,-5.33
-0.57,-0.01,1.51,-0.6,-3.79,-1.52,-20.62,-0.48
-0.5,0.09,1.48,-0.51,-3.59,-1.13,-18.77,3.18
-0.46,0.14,1.45,-0.37,-3.48,-0.76,-17.61,5.22
-0.45,0.15,1.36,-0.21,-3.4,-0.46,-18.08,5.92
-0.45,0.13,1.25,-0.04,-3.35,-0.22,-19.82,5.7
-0.45,0.1,1.11,0.1,-3.4,-0.05,-21.88,4.81
-0.43,0.06,0.98,0.23,-3.46,0.06,-23.74,3.04
-0.42,0.01,0.85,0.33,-3.59,0.16,-26.03,0.82
-0.43,-0.05,0.74,0.39,-3.73,0.24,-29.96,-3.43
-0.47,-0.15,0.69,0.43,-3.92,0.3,-33.5,-9.86
-0.51,-0.25,0.7,0.48,-4.13,0.3,-34.61,-15.98
-0.55,-0.33,0.71,0.53,-4.34,0.27,-34.95,-20.4
-0.57,-0.38,0.72,0.56,-4.4,0.18,-34.73,-22.68
-0.58,-0.43,0.73,0.58,-4.4,0.09,-34.38,-24.89
-0.58,-0.49,0.74,0.59,-4.4,-0.05,-33.28,-27.43
-0.57,-0.48,0.77,0.57,-4.4,-0.17,-32.11,-26.79
-0.56,-0.49,0.83,0.51,-4.4,-0.3,-30.34,-25.87
-0.57,-0.46,0.91,0.41,-4.4,-0.41,-29.19,-23.44
-0.57,-0.44,1.03,0.33,-4.4,-0.48,-27.05,-20.72
-0.57,-0.43,1.17,0.25,-4.4,-0.5,-24.47,-18.21
-0.58,-0.42,1.32,0.16,-4.4,-0.49,-22.72,-16.12
-0.61,-0.43,1.49,0.09,-4.4,-0.45,-21.39,-15.09
-0.66,-0.47,1.73,0.07,-4.4,-0.41,-20.22,-14.4
-0.66,-0.48,1.91,0.07,-4.4,-0.38,-18.57,-13.44
-0.65,-0.45,2.07,0.13,-4.4,-0.37,-16.92,-11.71
-0.62,-0.42,2.17,0.22,-4.4,-0.36,-15.68,-10.48
-0.58,-0.36,2.24,0.32,-4.4,-0.37,-14.38,-8.83
-0.54,-0.32,2.27,0.43,-4.4,-0.35,-13.22,-7.86
-0.49,-0.26,2.3,0.52,-4.4,-0.34,-11.87,-6.41
-0.42,-0.21,2.33,0.6,-4.4,-0.3,-10.09,-5.17
-0.35,-0.17,2.31,0.67,-4.4,-0.25,-8.61,-4.05
-0.28,-0.14,2.26,0.74,-4.4,-0.18,-6.96,-3.41
-0.23,-0.1,2.19,0.77,-4.39,-0.11,-5.9,-2.62
-0.18,-0.09,2.13,0.8,-3.96,-0.03,-4.87,-2.49
-0.15,-0.09,2.05,0.82,-3.57,0.03,-4.15,-2.44
-0.13,-0.1,1.97,0.82,-3.28,0.1,-3.64,-2.79
-0.09,-0.09,1.88,0.81,-3.04,0.13,-2.68,-2.75
-0.06,-0.09,1.81,0.82,-2.84,0.16,-1.75,-2.87
-0.04,-0.1,1.73,0.8,-2.69,0.19,-1.19,-3.18
-0.0,-0.09,1.67,0.8,-2.61,0.21,-0.15,-3.17
0.02,-0.08,1.62,0.8,-2.54,0.22,0.6,-3.0
0.04,-0.08,1.58,0.78,-2.5,0.25,1.56,-2.87
0.06,-0.07,1.56,0.8,-2.52,0.26,2.34,-2.58
0.08,-0.06,1.54,0.83,-2.56,0.23,3.14,-2.36
0.1,-0.05,1.53,0.81,-2.51,0.26,3.64,-2.04
0.12,-0.05,1.53,0.79,-2.54,0.27,4.47,-2.0
0.15,-0.05,1.55,0.8,-2.53,0.26,5.47,-1.96
0.18,-0.05,1.58,0.79,-2.53,0.25,6.5,-1.75
0.21,-0.05,1.6,0.8,-2.51,0.24,7.58,-1.66
0.23,-0.04,1.62,0.81,-2.46,0.22,8.02,-1.38
0.24,-0.04,1.61,0.81,-2.45,0.2,8.54,-1.54
0.26,-0.05,1.6,0.8,-2.4,0.17,9.14,-1.72
0.27,-0.05,1.58,0.78,-2.32,0.12,9.7,-1.68
0.28,-0.06,1.56,0.72,-2.24,0.1,10.19,-1.99
0.28,-0.06,1.55,0.66,-2.15,0.09,10.32,-2.15
0.28,-0.07,1.54,0.61,-2.08,0.07,10.28,-2.41
0.27,-0.07,1.53,0.52,-1.95,0.05,10.11,-2.73
0.26,-0.07,1.52,0.41,-1.82,0.05,9.63,-2.78
0.25,-0.07,1.5,0.3,-1.71,0.04,9.29,-2.78
0.23,-0.06,1.48,0.19,-1.57,0.03,8.78,-2.44
0.22,-0.05,1.47,0.08,-1.45,0.01,8.44,-2.03
0.21,-0.03,1.44,-0.06,-1.3,-0.01,8.25,-1.15
0.2,0.0,1.43,-0.16,-1.18,-0.01,8.04,0.14
0.2,0.03,1.42,-0.25,-1.07,-0.02,8.08,1.13
0.19,0.07,1.41,-0.33,-0.96,-0.03,7.81,2.72
0.2,0.09,1.41,-0.39,-0.86,-0.04,7.99,3.59
0.2,0.11,1.41,-0.44,-0.77,-0.06,7.91,4.41
0.19,0.13,1.41,-0.46,-0.67,-0.1,7.67,5.4
0.19,0.15,1.41,-0.48,-0.6,-0.13,7.73,5.95
0.18,0.16,1.41,-0.49,-0.49,-0.18,7.34,6.22
0.17,0.17,1.4,-0.5,-0.42,-0.21,6.96,6.76
0.17,0.18,1.39,-0.5,-0.34,-0.26,6.8,7.18
0.15,0.19,1.36,-0.5,-0.27,-0.29,6.3,7.8
0.14,0.19,1.35,-0.51,-0.16,-0.34,5.91,8.12
0.12,0.2,1.33,-0.52,-0.08,-0.35,5.16,8.37
0.11,0.21,1.31,-0.53,-0.01,-0.38,4.62,9.14
0.1,0.22,1.29,-0.53,0.06,-0.38,4.39,9.8
0.09,0.23,1.26,-0.51,0.11,-0.37,4.09,10.24
0.09,0.25,1.24,-0.52,0.19,-0.33,3.91,11.26
0.08,0.25,1.23,-0.51,0.25,-0.3,3.61,11.32
0.07,0.25,1.23,-0.48,0.3,-0.24,3.04,11.34
0.06,0.24,1.24,-0.45,0.37,-0.21,2.57,11.0
0.04,0.24,1.25,-0.44,0.43,-0.17,1.9,10.61
0.03,0.22,1.25,-0.4,0.5,-0.16,1.57,9.77
0.01,0.21,1.25,-0.35,0.56,-0.15,0.32,9.3
-0.01,0.18,1.24,-0.32,0.62,-0.15,-0.57,8.37
-0.02,0.17,1.23,-0.3,0.67,-0.15,-0.99,7.81
-0.03,0.15,1.2,-0.31,0.72,-0.14,-1.5,6.86
-0.03,0.14,1.2,-0.27,0.76,-0.14,-1.63,6.46
-0.05,0.12,1.18,-0.26,0.81,-0.14,-2.28,5.85
-0.05,0.11,1.16,-0.24,0.84,-0.13,-2.52,5.35
-0.07,0.1,1.15,-0.24,0.87,-0.13,-3.68,4.87
-0.09,0.09,1.15,-0.22,0.88,-0.12,-4.24,4.28
-0.09,0.08,1.13,-0.21,0.9,-0.12,-4.74,3.97
-0.1,0.07,1.11,-0.21,0.92,-0.1,-5.18,3.52
-0.11,0.06,1.1,-0.2,0.92,-0.09,-5.66,3.07
-0.11,0.05,1.08,-0.2,0.92,-0.06,-5.86,2.8
-0.11,0.06,1.08,-0.17,0.91,-0.04,-5.93,3.14
-0.12,0.06,1.06,-0.16,0.93,-0.0,-6.46,3.03
-0.12,0.05,1.05,-0.15,0.93,0.03,-6.64,2.52
-0.13,0.04,1.05,-0.1,0.91,0.05,-7.14,2.16
-0.13,0.03,1.04,-0.08,0.91,0.09,-7.3,1.64
-0.13,0.01,1.05,-0.06,0.93,0.11,-7.2,0.78
-0.14,-0.01,1.05,-0.02,0.93,0.14,-7.37,-0.34
-0.13,-0.02,1.05,0.03,0.91,0.16,-7.25,-1.12
-0.13,-0.04,1.05,0.06,0.91,0.17,-7.06,-2.3
-0.13,-0.07,1.05,0.1,0.9,0.18,-7.13,-3.89
-0.14,-0.1,1.04,0.11,0.92,0.19,-7.38,-5.52
-0.13,-0.13,1.04,0.15,0.89,0.19,-7.09,-6.86
-0.16,-0.16,1.05,0.18,0.89,0.2,-8.32,-8.72
-0.16,-0.19,1.05,0.16,0.93,0.17,-8.76,-10.0
-0.16,-0.2,1.04,0.17,0.91,0.15,-8.76,-10.97
-0.16,-0.23,1.03,0.17,0.91,0.1,-8.6,-12.33
-0.17,-0.24,1.01,0.17,0.84,0.1,-9.51,-13.16
-0.17,-0.24,0.99,0.14,0.84,0.07,-9.39,-13.51
-0.16,-0.25,0.98,0.12,0.79,0.08,-8.95,-13.87
-0.16,-0.24,0.97,0.1,0.75,0.08,-9.3,-13.93
-0.16,-0.25,0.97,0.11,0.7,0.07,-9.23,-14.11
-0.16,-0.24,0.96,0.09,0.68,0.06,-9.02,-14.1
-0.14,-0.24,0.97,0.09,0.62,0.09,-8.29,-13.63
-0.14,-0.24,0.98,0.1,0.59,0.07,-7.94,-13.58
-0.14,-0.24,1.0,0.1,0.53,0.09,-8.03,-13.4
-0.15,-0.24,1.02,0.1,0.53,0.08,-8.01,-13.05
-0.15,-0.24,1.03,0.12,0.51,0.07,-8.21,-13.1
-0.17,-0.24,1.04,0.15,0.47,0.05,-8.87,-13.05
-0.16,-0.24,1.04,0.13,0.46,0.04,-8.59,-12.83
-0.16,-0.24,1.05,0.17,0.42,0.02,-8.66,-12.5
-0.16,-0.21,1.05,0.17,0.45,0.01,-8.24,-11.25
-0.17,-0.22,1.04,0.2,0.44,-0.01,-9.21,-11.66
-0.17,-0.22,1.01,0.22,0.41,-0.01,-9.4,-12.3
-0.17,-0.22,0.99,0.22,0.41,-0.01,-9.41,-12.28
-0.15,-0.21,0.98,0.22,0.41,0.01,-8.76,-11.81
-0.16,-0.21,0.98,0.22,0.39,0.05,-8.89,-11.78
-0.15,-0.21,0.99,0.23,0.36,0.08,-8.56,-11.86
-0.15,-0.22,1.02,0.24,0.37,0.09,-8.02,-12.17
-0.16,-0.24,1.03,0.25,0.36,0.1,-8.39,-12.66
-0.15,-0.25,1.03,0.26,0.36,0.09,-8.29,-13.65
-0.16,-0.26,1.03,0.28,0.33,0.08,-8.64,-14.11
-0.17,-0.28,1.02,0.28,0.34,0.04,-8.91,-15.4
-0.16,-0.3,1.01,0.24,0.36,0.04,-8.76,-16.2
-0.17,-0.3,0.99,0.21,0.33,0.04,-9.07,-16.47
-0.17,-0.29,0.97,0.2,0.3,0.04,-9.27,-16.53
-0.17,-0.29,0.96,0.16,0.32,0.03,-9.81,-16.74
-0.18,-0.29,0.97,0.12,0.3,0.03,-10.03,-16.46
-0.18,-0.29,0.97,0.08,0.28,0.04,-9.86,-16.44
-0.18,-0.29,0.97,0.04,0.27,0.02,-10.3,-16.35
-0.18,-0.27,0.97,0.02,0.26,0.02,-10.2,-15.52
-0.18,-0.27,0.97,-0.02,0.26,0.0,-9.98,-15.12
-0.17,-0.25,0.97,-0.04,0.25,-0.0,-9.58,-14.25
-0.17,-0.24,0.96,-0.05,0.24,-0.02,-9.64,-13.84
-0.17,-0.23,0.95,-0.07,0.23,-0.02,-9.94,-13.17
-0.17,-0.21,0.95,-0.08,0.22,-0.01,-9.8,-12.29
-0.17,-0.2,0.93,-0.08,0.2,0.0,-9.92,-11.96
-0.16,-0.19,0.93,-0.06,0.17,0.0,-9.72,-11.37
-0.16,-0.19,0.94,-0.05,0.13,0.02,-9.71,-11.07
-0.16,-0.19,0.95,-0.04,0.1,0.03,-9.49,-10.95
-0.16,-0.19,0.96,-0.04,0.1,0.01,-9.39,-10.92
-0.16,-0.19,0.96,-0.0,0.08,0.0,-9.19,-10.75
-0.17,-0.19,0.97,0.02,0.05,-0.01,-9.59,-10.81
-0.17,-0.19,0.96,0.02,0.03,-0.02,-9.66,-11.12
-0.17,-0.19,0.95,0.01,0.01,-0.02,-9.89,-11.43
-0.16,-0.19,0.93,0.03,-0.01,-0.03,-9.59,-11.15
-0.16,-0.19,0.92,0.03,-0.05,-0.01,-9.74,-11.25
-0.15,-0.19,0.92,0.02,-0.06,0.0,-9.31,-11.29
-0.15,-0.18,0.92,0.01,-0.09,0.04,-9.15,-11.01
-0.14,-0.17,0.93,0.02,-0.11,0.06,-8.35,-10.37
-0.14,-0.17,0.96,0.01,-0.13,0.08,-8.29,-10.17
-0.15,-0.18,0.97,0.02,-0.14,0.07,-8.63,-10.5
-0.15,-0.19,0.97,0.02,-0.16,0.07,-8.55,-10.69
-0.14,-0.19,0.98,0.01,-0.18,0.08,-8.07,-11.0
-0.14,-0.19,0.99,0.02,-0.2,0.08,-8.03,-10.95
-0.14,-0.19,0.99,0.01,-0.2,0.08,-7.91,-10.99
-0.14,-0.2,0.99,-0.02,-0.2,0.07,-7.97,-11.5
-0.15,-0.2,1.0,-0.04,-0.21,0.08,-8.26,-11.39
-0.14,-0.2,1.0,-0.05,-0.22,0.07,-7.72,-11.38
-0.14,-0.19,1.01,-0.05,-0.22,0.06,-7.65,-10.58
-0.13,-0.18,1.02,-0.07,-0.23,0.05,-7.32,-9.94
-0.14,-0.17,1.03,-0.07,-0.21,0.04,-7.35,-9.41
-0.13,-0.16,1.04,-0.06,-0.23,0.03,-6.94,-8.66
-0.13,-0.14,1.03,-0.03,-0.24,0.01,-6.86,-7.7
-0.11,-0.14,1.03,-0.01,-0.23,0.0,-6.25,-7.4
-0.1,-0.14,1.02,0.02,-0.25,0.01,-5.74,-7.67
-0.09,-0.15,1.04,0.03,-0.26,0.01,-5.17,-7.96
-0.11,-0.15,1.03,0.05,-0.28,0.03,-6.09,-8.04
-0.1,-0.15,1.03,0.06,-0.26,0.04,-5.33,-8.23
-0.11,-0.17,1.03,0.07,-0.26,0.04,-5.95,-9.08
-0.11,-0.18,1.03,0.05,-0.25,0.04,-6.1,-9.75
-0.12,-0.19,1.02,0.07,-0.27,0.04,-6.48,-10.2
-0.11,-0.19,1.02,0.05,-0.26,0.03,-6.07,-10.37
-0.1,-0.19,1.01,0.0,-0.26,0.05,-5.69,-10.41
-0.11,-0.17,1.02,-0.01,-0.27,0.03,-5.86,-9.54
-0.11,-0.17,1.03,-0.01,-0.29,0.05,-5.96,-9.45
-0.1,-0.16,1.04,-0.02,-0.28,0.04,-5.54,-8.44
-0.1,-0.14,1.05,-0.02,-0.3,0.03,-5.52,-7.77
-0.09,-0.13,1.06,0.01,-0.3,0.01,-4.92,-6.98
-0.1,-0.13,1.06,0.03,-0.33,0.0,-5.12,-6.9
-0.09,-0.12,1.06,0.03,-0.34,-0.0,-4.56,-6.47
-0.07,-0.12,1.07,0.06,-0.32,-0.03,-3.66,-6.5
-0.07,-0.13,1.07,0.08,-0.33,-0.01,-3.6,-6.79
-0.07,-0.12,1.07,0.12,-0.35,-0.01,-3.53,-6.67
-0.07,-0.13,1.06,0.13,-0.33,-0.02,-3.83,-6.86
-0.08,-0.14,1.05,0.12,-0.34,-0.02,-4.33,-7.75
-0.07,-0.15,1.05,0.12,-0.34,-0.02,-3.97,-8.22
-0.07,-0.15,1.05,0.09,-0.35,-0.02,-3.98,-8.09
-0.07,-0.15,1.05,0.09,-0.34,-0.02,-3.61,-7.99
-0.07,-0.15,1.04,0.07,-0.34,-0.02,-3.95,-8.01
-0.07,-0.14,1.05,0.05,-0.34,-0.01,-3.74,-7.8
-0.07,-0.13,1.04,0.03,-0.36,0.01,-3.86,-7.26
-0.07,-0.12,1.05,0.02,-0.36,-0.0,-3.8,-6.45
-0.06,-0.1,1.05,-0.01,-0.36,0.0,-3.33,-5.59
-0.06,-0.09,1.05,-0.01,-0.37,0.01,-3.26,-5.13
-0.05,-0.08,1.07,-0.0,-0.39,0.02,-2.77,-4.12
-0.05,-0.07,1.08,0.02,-0.38,0.02,-2.45,-3.7
-0.04,-0.07,1.09,0.03,-0.36,0.03,-1.98,-3.74
-0.04,-0.08,1.09,0.05,-0.38,0.05,-2.08,-4.17
-0.04,-0.08,1.1,0.06,-0.38,0.04,-2.07,-4.34
-0.05,-0.09,1.1,0.07,-0.38,0.03,-2.51,-4.6
-0.05,-0.09,1.09,0.06,-0.36,0.03,-2.63,-4.78
-0.05,-0.1,1.09,0.03,-0.36,0.03,-2.73,-5.09
-0.06,-0.1,1.09,0.03,-0.36,0.02,-3.05,-5.5
-0.06,-0.1,1.09,-0.01,-0.36,0.04,-3.24,-5.09
-0.06,-0.08,1.09,-0.05,-0.33,0.05,-3.21,-4.41
-0.06,-0.07,1.1,-0.08,-0.32,0.07,-3.16,-3.46
-0.06,-0.05,1.1,-0.09,-0.31,0.07,-3.11,-2.8
-0.06,-0.04,1.1,-0.11,-0.31,0.07,-3.17,-1.98
-0.04,-0.03,1.1,-0.15,-0.29,0.09,-2.22,-1.38
-0.04,-0.02,1.11,-0.17,-0.29,0.1,-2.05,-1.03
-0.02,0.0,1.13,-0.18,-0.27,0.11,-1.24,0.14
-0.02,0.02,1.15,-0.18,-0.28,0.12,-1.01,0.88
-0.01,0.03,1.17,-0.17,-0.25,0.11,-0.49,1.7
0.0,0.05,1.18,-0.16,-0.23,0.11,0.05,2.6
0.01,0.06,1.2,-0.11,-0.2,0.09,0.25,2.93
0.02,0.07,1.21,-0.08,-0.19,0.07,0.77,3.27
0.03,0.08,1.23,-0.04,-0.15,0.05,1.21,3.6
0.03,0.08,1.23,-0.01,-0.09,0.04,1.39,3.54
0.03,0.07,1.23,0.05,-0.07,0.03,1.57,3.06
0.02,0.05,1.23,0.08,-0.03,0.02,0.96,2.46
0.04,0.03,1.23,0.11,0.0,0.02,1.85,1.48
0.04,0.02,1.22,0.11,0.05,0.03,1.94,1.07
0.04,0.01,1.2,0.13,0.09,0.03,1.84,0.31
0.04,-0.01,1.2,0.13,0.13,0.02,1.98,-0.62
0.03,-0.04,1.19,0.1,0.18,0.02,1.67,-1.73
0.03,-0.06,1.18,0.03,0.24,0.04,1.45,-2.93
0.02,-0.07,1.16,-0.01,0.26,0.05,1.23,-3.44
0.03,-0.07,1.17,-0.08,0.29,0.07,1.47,-3.25
0.03,-0.07,1.16,-0.14,0.34,0.07,1.63,-3.5
0.03,-0.06,1.16,-0.19,0.39,0.08,1.42,-2.75
0.03,-0.06,1.16,-0.25,0.43,0.09,1.26,-2.74
0.03,-0.04,1.17,-0.28,0.45,0.1,1.6,-1.94
0.03,-0.03,1.17,-0.32,0.5,0.1,1.66,-1.71
0.04,-0.02,1.18,-0.34,0.56,0.11,2.04,-1.09
0.05,-0.03,1.19,-0.35,0.58,0.14,2.17,-1.28
0.05,-0.03,1.2,-0.33,0.6,0.14,2.5,-1.21
0.05,-0.03,1.22,-0.33,0.62,0.14,2.52,-1.4
0.05,-0.04,1.23,-0.33,0.68,0.13,2.45,-1.96
0.05,-0.05,1.24,-0.27,0.69,0.13,2.14,-2.41
0.04,-0.06,1.25,-0.26,0.72,0.11,1.87,-2.96
0.03,-0.08,1.24,-0.23,0.73,0.06,1.16,-3.75
0.03,-0.09,1.25,-0.24,0.77,0.04,1.48,-3.98
0.03,-0.1,1.26,-0.23,0.78,0.04,1.18,-4.51
0.02,-0.11,1.26,-0.2,0.8,-0.01,1.07,-4.96
0.01,-0.11,1.26,-0.22,0.85,-0.06,0.67,-4.97
0.01,-0.11,1.25,-0.21,0.89,-0.08,0.52,-4.82
0.02,-0.11,1.25,-0.22,0.92,-0.1,0.73,-4.83
0.01,-0.11,1.24,-0.21,0.95,-0.13,0.57,-4.92
0.01,-0.11,1.23,-0.23,1.0,-0.13,0.47,-5.03
0.01,-0.1,1.23,-0.25,1.05,-0.13,0.61,-4.87
0.01,-0.11,1.22,-0.28,1.1,-0.1,0.57,-5.11
0.01,-0.12,1.21,-0.29,1.14,-0.08,0.47,-5.44
0.01,-0.12,1.2,-0.31,1.2,-0.08,0.39,-5.57
-0.01,-0.12,1.19,-0.34,1.24,-0.06,-0.25,-5.89
-0.02,-0.12,1.19,-0.37,1.28,-0.04,-0.77,-5.98
-0.03,-0.13,1.18,-0.38,1.3,-0.04,-1.47,-6.14
-0.04,-0.12,1.16,-0.4,1.31,-0.01,-1.88,-6.0
-0.05,-0.11,1.14,-0.42,1.35,-0.02,-2.26,-5.74
-0.05,-0.1,1.13,-0.43,1.34,-0.0,-2.3,-5.28
-0.05,-0.09,1.12,-0.44,1.34,0.01,-2.74,-4.81
-0.06,-0.09,1.1,-0.43,1.3,0.02,-3.27,-4.61
-0.07,-0.08,1.09,-0.44,1.3,0.03,-3.65,-4.16
-0.06,-0.07,1.08,-0.43,1.28,0.05,-3.26,-3.53
-0.05,-0.06,1.08,-0.38,1.23,0.06,-2.77,-2.91
-0.05,-0.06,1.08,-0.35,1.19,0.09,-2.66,-2.93
-0.05,-0.05,1.09,-0.33,1.18,0.09,-2.51,-2.88
-0.05,-0.06,1.1,-0.29,1.13,0.12,-2.83,-3.3
-0.06,-0.08,1.1,-0.26,1.07,0.13,-3.33,-4.1
-0.06,-0.08,1.1,-0.23,1.09,0.12,-3.09,-3.98
-0.07,-0.09,1.1,-0.19,1.07,0.11,-3.55,-4.72
-0.08,-0.11,1.1,-0.2,1.06,0.12,-4.23,-5.61
-0.08,-0.12,1.11,-0.17,1.03,0.13,-4.16,-6.25
-0.09,-0.14,1.15,-0.18,1.02,0.14,-4.23,-6.89
-0.08,-0.16,1.19,-0.17,1.06,0.12,-3.95,-7.61
-0.1,-0.17,1.25,-0.17,1.09,0.09,-4.49,-7.83
-0.09,-0.19,1.29,-0.17,1.14,0.03,-4.15,-8.23
-0.1,-0.2,1.3,-0.16,1.19,-0.02,-4.34,-8.94
-0.09,-0.21,1.28,-0.16,1.28,-0.1,-3.9,-9.3
-0.09,-0.2,1.25,-0.17,1.33,-0.13,-4.07,-9.16
-0.09,-0.19,1.22,-0.18,1.37,-0.16,-4.29,-9.03
-0.08,-0.19,1.19,-0.2,1.41,-0.16,-3.58,-9.28
-0.09,-0.17,1.17,-0.25,1.46,-0.16,-4.13,-8.44
-0.09,-0.17,1.14,-0.3,1.48,-0.13,-4.34,-8.21
-0.1,-0.15,1.12,-0.32,1.5,-0.11,-4.84,-7.82
-0.1,-0.15,1.11,-0.36,1.5,-0.07,-4.9,-7.61
-0.09,-0.13,1.11,-0.39,1.54,-0.04,-4.64,-6.73
-0.1,-0.13,1.11,-0.42,1.55,0.0,-5.17,-6.71
-0.11,-0.13,1.11,-0.43,1.54,0.04,-5.43,-6.72
-0.11,-0.12,1.12,-0.43,1.55,0.05,-5.44,-6.2
-0.12,-0.12,1.14,-0.43,1.56,0.08,-5.9,-5.74
-0.12,-0.12,1.15,-0.41,1.57,0.07,-5.84,-5.82
-0.11,-0.12,1.17,-0.37,1.56,0.06,-5.44,-5.66
-0.13,-0.12,1.18,-0.32,1.56,0.05,-6.11,-5.91
-0.13,-0.13,1.18,-0.27,1.56,0.02,-6.18,-6.36
-0.13,-0.13,1.18,-0.24,1.58,0.01,-6.01,-6.28
-0.13,-0.14,1.18,-0.18,1.57,-0.01,-6.4,-6.95
-0.14,-0.16,1.18,-0.11,1.58,-0.03,-6.65,-7.79
-0.15,-0.18,1.17,-0.07,1.57,-0.06,-7.13,-8.56
-0.15,-0.19,1.15,-0.06,1.61,-0.08,-7.38,-9.11
-0.16,-0.2,1.13,-0.06,1.62,-0.1,-7.76,-9.73
-0.16,-0.2,1.13,-0.08,1.67,-0.12,-7.83,-9.93
-0.15,-0.2,1.12,-0.1,1.69,-0.11,-7.37,-10.16
-0.15,-0.2,1.1,-0.14,1.74,-0.1,-7.76,-10.4
-0.15,-0.2,1.08,-0.16,1.74,-0.08,-7.92,-10.24
-0.16,-0.19,1.06,-0.21,1.77,-0.08,-8.3,-9.89
-0.15,-0.17,1.06,-0.24,1.77,-0.06,-8.13,-9.1
-0.16,-0.17,1.06,-0.3,1.8,-0.04,-8.26,-9.05
-0.15,-0.16,1.07,-0.32,1.81,-0.02,-7.69,-8.6
-0.15,-0.15,1.07,-0.32,1.81,0.01,-7.87,-8.07
-0.15,-0.15,1.07,-0.34,1.83,0.02,-7.88,-7.69
-0.15,-0.14,1.08,-0.32,1.82,0.05,-7.81,-7.48
-0.15,-0.13,1.08,-0.3,1.8,0.07,-8.08,-7.05
-0.16,-0.13,1.08,-0.27,1.78,0.07,-8.24,-6.94
-0.15,-0.14,1.08,-0.24,1.75,0.08,-8.0,-7.19
-0.16,-0.14,1.08,-0.22,1.75,0.07,-8.55,-7.1
-0.15,-0.14,1.09,-0.2,1.73,0.08,-8.02,-7.04
-0.15,-0.14,1.08,-0.15,1.72,0.08,-8.07,-7.17
-0.16,-0.14,1.09,-0.11,1.7,0.09,-8.17,-7.14
-0.17,-0.15,1.08,-0.07,1.71,0.08,-8.74,-7.79
-0.17,-0.15,1.08,-0.04,1.7,0.08,-8.71,-7.91
-0.17,-0.16,1.07,-0.0,1.71,0.07,-8.88,-8.2
-0.17,-0.16,1.08,0.03,1.69,0.05,-8.75,-8.33
-0.17,-0.18,1.07,0.06,1.68,0.02,-9.08,-9.21
-0.17,-0.18,1.07,0.07,1.68,0.01,-9.15,-9.3
-0.17,-0.17,1.05,0.08,1.67,-0.0,-9.24,-8.96
-0.17,-0.17,1.02,0.1,1.65,-0.0,-9.51,-9.22
-0.17,-0.15,1.01,0.1,1.67,-0.02,-9.26,-8.49
-0.16,-0.15,0.99,0.08,1.68,0.01,-9.06,-8.72
-0.16,-0.16,0.99,0.06,1.69,0.02,-9.04,-9.08
-0.15,-0.16,0.98,0.03,1.68,0.05,-8.83,-9.05
-0.15,-0.17,0.97,0.01,1.66,0.08,-8.78,-9.82
-0.15,-0.16,0.96,-0.06,1.69,0.11,-8.44,-9.18
-0.15,-0.16,0.96,-0.08,1.66,0.16,-8.53,-9.27
-0.15,-0.17,0.97,-0.07,1.62,0.18,-8.63,-9.86
-0.15,-0.17,0.98,-0.1,1.61,0.18,-8.71,-9.96
-0.16,-0.17,1.0,-0.14,1.61,0.19,-9.24,-9.51
-0.17,-0.18,1.01,-0.15,1.58,0.19,-9.29,-9.7
-0.18,-0.18,1.01,-0.13,1.55,0.19,-9.71,-9.76
-0.18,-0.17,1.03,-0.16,1.58,0.18,-9.81,-9.34
-0.19,-0.17,1.05,-0.13,1.56,0.18,-9.98,-9.22
-0.17,-0.17,1.05,-0.13,1.58,0.19,-9.3,-9.23
-0.17,-0.16,1.06,-0.1,1.56,0.19,-9.23,-8.52
-0.17,-0.16,1.06,-0.08,1.56,0.19,-9.23,-8.37
-0.17,-0.15,1.05,-0.07,1.59,0.19,-8.93,-7.89
-0.17,-0.14,1.05,-0.06,1.58,0.21,-9.09,-7.49
-0.16,-0.14,1.05,-0.03,1.58,0.21,-8.6,-7.57
-0.16,-0.15,1.05,-0.0,1.56,0.23,-8.59,-7.79
-0.16,-0.15,1.05,0.02,1.56,0.23,-8.41,-8.04
-0.16,-0.15,1.05,0.04,1.54,0.25,-8.72,-7.85
-0.17,-0.15,1.04,0.04,1.53,0.25,-9.47,-8.14
-0.19,-0.15,1.04,0.07,1.5,0.24,-10.06,-8.24
-0.18,-0.16,1.05,0.09,1.51,0.24,-9.7,-8.34
-0.17,-0.17,1.06,0.09,1.53,0.25,-9.14,-8.78
-0.17,-0.18,1.06,0.12,1.52,0.25,-8.8,-9.27
-0.17,-0.19,1.05,0.13,1.5,0.26,-9.04,-9.91
-0.18,-0.2,1.04,0.12,1.54,0.25,-9.39,-10.55
-0.17,-0.2,1.04,0.13,1.57,0.25,-9.32,-10.8
-0.17,-0.2,1.03,0.13,1.58,0.25,-9.13,-10.99
-0.16,-0.2,1.02,0.11,1.56,0.26,-8.79,-11.26
-0.16,-0.21,0.99,0.09,1.56,0.25,-8.81,-11.58
-0.16,-0.2,0.99,0.05,1.6,0.24,-9.04,-11.34
-0.16,-0.18,1.0,0.02,1.61,0.25,-9.11,-10.32
-0.14,-0.17,1.0,-0.01,1.63,0.29,-8.08,-9.7
-0.13,-0.16,0.99,-0.03,1.68,0.3,-7.63,-8.92
-0.12,-0.16,0.99,-0.06,1.69,0.35,-6.97,-8.95
-0.12,-0.15,1.0,-0.06,1.7,0.37,-7.05,-8.52
-0.13,-0.15,1.01,-0.04,1.67,0.4,-7.07,-8.62
-0.13,-0.17,1.03,-0.02,1.67,0.41,-7.1,-9.07
-0.13,-0.17,1.03,0.01,1.65,0.41,-7.3,-9.21
-0.14,-0.18,1.03,0.04,1.62,0.41,-7.5,-9.63
-0.14,-0.18,1.03,0.08,1.59,0.41,-7.47,-9.6
-0.13,-0.19,1.02,0.13,1.58,0.4,-7.26,-10.42
-0.12,-0.19,1.02,0.14,1.56,0.38,-6.77,-10.29
-0.12,-0.19,1.0,0.17,1.53,0.37,-6.81,-10.82
-0.12,-0.2,0.99,0.2,1.51,0.35,-6.98,-11.38
-0.13,-0.22,0.99,0.22,1.5,0.34,-7.08,-12.32
-0.12,-0.21,0.97,0.21,1.52,0.32,-6.84,-12.3
-0.12,-0.22,0.96,0.21,1.5,0.32,-6.92,-12.93
-0.12,-0.23,0.96,0.2,1.49,0.31,-6.61,-13.46
-0.13,-0.23,0.95,0.18,1.49,0.29,-7.68,-13.7
-0.13,-0.22,0.96,0.13,1.52,0.26,-7.71,-12.85
-0.11,-0.2,0.96,0.08,1.52,0.27,-6.69,-11.95
-0.11,-0.21,0.96,0.07,1.5,0.26,-6.09,-12.05
-0.12,-0.21,0.98,0.04,1.5,0.27,-6.94,-11.97
-0.13,-0.21,0.99,0.0,1.53,0.29,-7.5,-11.89
-0.13,-0.2,1.01,-0.01,1.53,0.32,-7.31,-10.87
-0.14,-0.19,1.01,-0.01,1.55,0.33,-7.89,-10.67
-0.15,-0.2,1.02,0.0,1.56,0.34,-8.0,-10.78
-0.15,-0.2,1.02,-0.0,1.58,0.35,-8.08,-10.93
-0.16,-0.2,1.03,-0.02,1.6,0.34,-8.5,-10.91
-0.16,-0.2,1.04,0.01,1.58,0.34,-8.84,-10.53
-0.16,-0.19,1.02,0.04,1.58,0.35,-8.5,-10.37
-0.15,-0.18,1.02,0.04,1.6,0.34,-8.37,-9.98
-0.15,-0.17,1.02,0.06,1.6,0.36,-8.16,-9.63
-0.14,-0.17,1.01,0.09,1.61,0.36,-7.72,-9.28
-0.13,-0.16,1.0,0.12,1.6,0.37,-7.37,-9.15
-0.12,-0.16,0.99,0.16,1.6,0.38,-6.59,-9.02
-0.11,-0.15,0.96,0.17,1.59,0.4,-6.56,-9.04
-0.12,-0.15,0.95,0.18,1.59,0.41,-6.86,-8.88
-0.12,-0.16,0.95,0.2,1.57,0.42,-7.05,-9.44
-0.13,-0.18,0.94,0.24,1.56,0.42,-7.62,-10.64
-0.14,-0.2,0.94,0.25,1.54,0.4,-8.04,-11.75
-0.13,-0.21,0.93,0.26,1.53,0.4,-8.03,-12.73
-0.13,-0.22,0.91,0.27,1.53,0.37,-7.9,-13.66
-0.13,-0.22,0.9,0.25,1.53,0.34,-7.81,-13.66
-0.11,-0.22,0.89,0.21,1.56,0.33,-7.15,-13.72
-0.1,-0.21,0.89,0.19,1.55,0.33,-6.26,-12.95
-0.09,-0.19,0.87,0.18,1.55,0.32,-5.48,-12.34
-0.08,-0.18,0.86,0.12,1.57,0.33,-5.01,-11.62
-0.07,-0.16,0.85,0.11,1.55,0.32,-4.45,-10.84
-0.06,-0.16,0.86,0.06,1.52,0.35,-3.95,-10.45
-0.07,-0.15,0.85,0.04,1.49,0.35,-4.54,-9.77
-0.07,-0.14,0.86,0.01,1.49,0.37,-4.76,-9.35
-0.08,-0.15,0.86,-0.02,1.5,0.39,-5.06,-9.59
-0.07,-0.15,0.87,-0.03,1.48,0.4,-4.7,-9.56
-0.08,-0.15,0.89,-0.01,1.45,0.39,-5.0,-9.57
-0.09,-0.15,0.9,-0.01,1.4,0.4,-5.65,-9.32
-0.1,-0.15,0.91,-0.01,1.39,0.4,-6.42,-9.39
-0.11,-0.15,0.92,0.03,1.38,0.4,-6.68,-9.5
-0.1,-0.16,0.91,0.06,1.38,0.4,-6.26,-9.64
-0.09,-0.16,0.92,0.11,1.33,0.42,-5.78,-9.97
-0.1,-0.17,0.91,0.15,1.34,0.41,-5.9,-10.55
-0.11,-0.18,0.89,0.18,1.32,0.4,-6.65,-11.52
-0.11,-0.19,0.88,0.21,1.33,0.37,-6.68,-12.1
-0.1,-0.18,0.86,0.23,1.32,0.35,-6.33,-11.87
-0.08,-0.17,0.85,0.26,1.34,0.32,-5.52,-10.93
-0.06,-0.16,0.84,0.25,1.34,0.32,-3.96,-10.5
-0.05,-0.15,0.81,0.26,1.29,0.31,-3.6,-10.71
-0.04,-0.16,0.8,0.25,1.27,0.29,-3.11,-11.08
-0.05,-0.16,0.8,0.22,1.25,0.28,-3.59,-11.12
-0.04,-0.16,0.82,0.21,1.25,0.26,-2.91,-10.84
-0.02,-0.15,0.82,0.2,1.22,0.24,-1.58,-10.4
-0.02,-0.14,0.82,0.17,1.18,0.23,-1.2,-9.84
-0.03,-0.13,0.81,0.13,1.16,0.21,-1.87,-9.34
-0.03,-0.12,0.82,0.08,1.16,0.22,-1.74,-8.31
-0.02,-0.12,0.83,0.06,1.13,0.23,-1.68,-7.88
-0.03,-0.12,0.85,0.05,1.1,0.26,-2.23,-8.19
-0.03,-0.12,0.86,0.04,1.09,0.24,-2.3,-8.24
-0.04,-0.13,0.86,0.02,1.06,0.26,-2.64,-8.35
-0.04,-0.13,0.86,0.01,1.06,0.26,-2.89,-8.45
-0.05,-0.12,0.87,0.01,1.04,0.26,-3.52,-7.93
-0.04,-0.12,0.88,-0.01,1.06,0.25,-2.84,-7.87
-0.04,-0.14,0.88,-0.03,1.03,0.28,-2.79,-8.82
-0.07,-0.16,0.89,0.03,1.18,0.12,-4.14,-10.06
-0.09,-0.19,0.89,-0.05,1.0,0.27,-5.77,-11.84
-0.1,-0.19,0.9,-0.06,1.05,0.24,-6.37,-11.93
-0.11,-0.18,0.92,-0.07,1.08,0.21,-6.42,-10.95
-0.1,-0.17,0.93,-0.05,1.11,0.21,-5.85,-10.19
-0.08,-0.16,0.94,-0.04,1.13,0.23,-5.02,-9.49
-0.07,-0.14,0.93,-0.03,1.15,0.26,-4.09,-8.73
-0.07,-0.15,0.93,-0.02,1.18,0.26,-4.36,-8.91
-0.07,-0.15,0.92,0.02,1.17,0.27,-4.17,-9.47
-0.07,-0.15,0.92,0.06,1.16,0.28,-4.21,-9.57
-0.06,-0.15,0.91,0.08,1.18,0.24,-3.89,-9.51
-0.06,-0.15,0.89,0.1,1.16,0.22,-3.7,-9.66
-0.05,-0.15,0.89,0.12,1.14,0.2,-3.31,-9.34
-0.04,-0.15,0.89,0.15,1.1,0.17,-2.72,-9.28
-0.03,-0.14,0.89,0.16,1.09,0.16,-1.92,-9.14
-0.02,-0.13,0.9,0.17,1.06,0.15,-1.23,-8.42
-0.02,-0.14,0.89,0.17,1.02,0.14,-1.43,-8.9
-0.02,-0.14,0.89,0.16,1.0,0.14,-1.21,-8.9
-0.02,-0.12,0.89,0.14,0.98,0.11,-1.16,-7.97
-0.01,-0.14,0.9,0.12,0.98,0.11,-0.9,-8.56
-0.01,-0.13,0.9,0.1,0.93,0.11,-0.81,-8.36
-0.02,-0.13,0.91,0.14,1.07,-0.03,-1.21,-8.29
-0.04,-0.13,0.92,0.04,0.9,0.11,-2.39,-8.14
-0.05,-0.13,0.93,-0.0,0.94,0.12,-3.23,-8.0
-0.05,-0.12,0.93,-0.02,0.94,0.16,-3.27,-7.34
-0.06,-0.12,0.94,-0.06,0.96,0.17,-3.52,-7.44
-0.07,-0.12,0.95,-0.08,0.97,0.22,-3.95,-7.0
-0.09,-0.13,0.96,-0.09,1.0,0.23,-5.05,-7.9
-0.09,-0.14,0.97,-0.1,1.02,0.27,-4.98,-8.51
-0.09,-0.15,0.96,-0.07,1.02,0.27,-5.33,-9.07
-0.1,-0.16,0.96,-0.06,1.03,0.27,-5.59,-9.31
-0.1,-0.16,0.96,-0.06,1.07,0.28,-5.75,-9.59
-0.1,-0.16,0.96,-0.04,1.07,0.27,-5.96,-9.33
-0.1,-0.16,0.96,-0.02,1.09,0.26,-5.61,-9.18
-0.08,-0.15,0.95,0.02,1.08,0.26,-4.64,-8.81
-0.07,-0.14,0.96,0.04,1.08,0.24,-4.28,-8.49
-0.08,-0.14,0.95,0.06,1.11,0.24,-4.99,-8.6
-0.08,-0.14,0.95,0.12,1.09,0.23,-4.9,-8.32
-0.07,-0.14,0.94,0.17,1.07,0.2,-4.3,-8.73
-0.06,-0.16,0.95,0.2,1.06,0.19,-3.62,-9.44
-0.05,-0.17,0.93,0.24,1.01,0.16,-3.27,-10.28
-0.04,-0.17,0.9,0.27,0.99,0.12,-2.63,-10.61
-0.04,-0.16,0.9,0.29,0.95,0.07,-2.62,-10.06
-0.03,-0.15,0.89,0.29,0.95,0.02,-1.86,-9.6
-0.01,-0.14,0.89,0.26,0.94,0.01,-0.6,-9.16
0.01,-0.13,0.9,0.23,0.92,0.0,0.53,-8.15
0.01,-0.12,0.91,0.23,0.89,0.0,0.84,-7.24
0.01,-0.11,0.9,0.19,0.87,0.02,0.8,-6.92
0.01,-0.12,0.9,0.11,0.88,0.05,0.32,-7.56
-0.01,-0.12,0.89,0.07,0.87,0.06,-0.44,-7.8
-0.02,-0.13,0.89,0.01,0.87,0.08,-1.04,-8.46
-0.03,-0.15,0.9,-0.03,0.92,0.1,-1.59,-9.32
-0.03,-0.15,0.9,-0.1,0.98,0.12,-2.1,-9.47
-0.05,-0.15,0.9,-0.14,1.01,0.14,-3.03,-9.52
-0.06,-0.15,0.91,-0.14,1.03,0.15,-3.8,-9.4
-0.07,-0.16,0.92,-0.15,1.08,0.16,-4.14,-9.95
-0.06,-0.16,0.93,-0.14,1.07,0.18,-3.59,-9.5
-0.06,-0.15,0.93,-0.13,1.1,0.17,-3.78,-9.09
-0.07,-0.13,0.93,-0.09,1.09,0.16,-3.97,-8.19
-0.07,-0.13,0.94,-0.05,1.08,0.15,-3.96,-7.89
-0.06,-0.13,0.95,-0.03,1.09,0.14,-3.86,-7.53
-0.06,-0.12,0.94,0.01,1.05,0.14,-3.8,-6.99
-0.06,-0.1,0.94,0.07,1.01,0.15,-3.37,-6.26
-0.05,-0.11,0.95,0.12,1.0,0.14,-2.97,-6.49
-0.06,-0.11,0.94,0.15,0.98,0.14,-3.6,-6.91
-0.06,-0.11,0.93,0.2,0.94,0.14,-3.84,-6.94
-0.06,-0.1,0.92,0.23,0.93,0.12,-3.78,-6.29
-0.06,-0.11,0.91,0.27,0.89,0.12,-3.52,-6.71
-0.05,-0.11,0.9,0.26,0.91,0.11,-3.3,-6.77
-0.04,-0.1,0.89,0.29,0.89,0.11,-2.45,-6.26
-0.04,-0.08,0.89,0.3,0.88,0.11,-2.48,-5.23
-0.03,-0.08,0.88,0.29,0.88,0.11,-1.68,-5.29
-0.03,-0.09,0.87,0.27,0.9,0.12,-1.96,-5.8
-0.02,-0.09,0.87,0.24,0.92,0.14,-1.53,-5.96
-0.01,-0.06,0.86,0.25,1.01,0.07,-0.69,-4.27
0.0,-0.06,0.86,0.18,0.91,0.16,0.07,-4.11
0.01,-0.06,0.86,0.16,0.92,0.15,0.51,-3.7
0.01,-0.05,0.87,0.1,0.91,0.19,0.36,-2.99
0.0,-0.04,0.87,0.08,0.95,0.16,0.27,-2.53
-0.01,-0.04,0.9,0.02,0.86,0.22,-0.52,-2.69
-0.02,-0.05,0.91,0.01,0.85,0.23,-1.23,-2.83
-0.03,-0.05,0.93,0.01,0.83,0.25,-1.89,-3.2
-0.04,-0.05,0.93,0.04,0.81,0.25,-2.33,-3.23
-0.04,-0.05,0.95,0.06,0.77,0.3,-2.34,-3.09
-0.04,-0.06,0.96,0.08,0.76,0.31,-2.34,-3.48
-0.05,-0.07,0.96,0.12,0.71,0.33,-2.88,-4.14
-0.04,-0.08,0.94,0.18,0.67,0.34,-2.46,-4.78
-0.07,-0.09,0.92,0.22,0.63,0.33,-4.58,-5.44
-0.07,-0.11,0.92,0.26,0.65,0.3,-4.49,-6.52
-0.06,-0.1,0.91,0.3,0.64,0.29,-3.58,-5.99
-0.05,-0.11,0.9,0.36,0.62,0.28,-2.93,-6.88
-0.01,-0.1,0.88,0.39,0.6,0.28,-0.55,-6.31
0.0,-0.09,0.86,0.4,0.63,0.26,0.01,-5.98
0.01,-0.08,0.86,0.39,0.64,0.25,0.99,-5.42
0.04,-0.07,0.85,0.41,0.62,0.25,2.65,-4.97
0.06,-0.07,0.84,0.39,0.63,0.24,4.1,-4.93
0.09,-0.06,0.82,0.38,0.63,0.25,6.03,-3.86
0.11,-0.04,0.81,0.33,0.64,0.24,7.69,-3.12
0.13,-0.03,0.8,0.3,0.62,0.24,9.13,-1.87
0.15,-0.02,0.8,0.25,0.6,0.25,10.3,-1.11
0.17,-0.01,0.81,0.18,0.6,0.25,11.55,-0.36
0.17,0.01,0.81,0.11,0.57,0.26,11.57,0.62
0.16,0.01,0.82,0.09,0.51,0.27,11.2,0.77
0.16,0.01,0.82,0.06,0.54,0.2,10.94,0.97
0.15,0.01,0.83,0.01,0.39,0.27,10.42,0.43
0.13,-0.0,0.84,-0.02,0.36,0.29,9.02,-0.09
0.12,-0.03,0.85,-0.0,0.3,0.29,7.9,-1.68
0.09,-0.04,0.86,0.03,0.25,0.29,6.19,-2.35
0.09,-0.05,0.87,0.05,0.21,0.27,5.59,-3.01
0.07,-0.07,0.86,0.08,0.18,0.24,4.58,-4.4
0.06,-0.08,0.87,0.11,0.12,0.23,3.94,-5.14
0.05,-0.09,0.88,0.23,0.23,0.05,3.53,-5.83
0.05,-0.1,0.88,0.21,0.05,0.17,3.4,-6.23
0.06,-0.08,0.88,0.23,0.04,0.16,3.87,-5.36
0.06,-0.08,0.88,0.27,-0.02,0.15,3.61,-5.13
0.06,-0.09,0.88,0.26,-0.03,0.11,3.82,-5.65
0.07,-0.09,0.87,0.26,-0.05,0.11,4.25,-5.96
0.07,-0.09,0.87,0.24,-0.05,0.09,4.53,-6.08
0.08,-0.1,0.86,0.21,-0.06,0.1,5.25,-6.48
0.08,-0.1,0.87,0.2,-0.05,0.07,4.91,-6.66
0.07,-0.11,0.87,0.16,-0.05,0.09,4.79,-7.35
0.08,-0.12,0.86,0.11,-0.0,0.07,5.02,-8.02
0.08,-0.13,0.86,0.07,0.01,0.09,5.08,-8.59
0.08,-0.13,0.87,0.01,0.05,0.06,5.28,-8.51
0.07,-0.12,0.87,-0.03,0.06,0.06,4.56,-8.02
0.08,-0.12,0.88,-0.08,0.1,0.06,4.89,-7.78
0.07,-0.11,0.88,-0.1,0.1,0.06,4.5,-7.23
0.07,-0.11,0.89,-0.13,0.11,0.06,4.47,-6.94
0.06,-0.1,0.9,-0.12,0.08,0.06,3.88,-6.04
0.05,-0.09,0.91,-0.11,0.08,0.05,3.29,-5.82
0.06,-0.08,0.91,-0.11,0.05,0.04,3.48,-5.03
0.05,-0.08,0.92,-0.09,0.0,0.03,3.03,-5.2
0.04,-0.08,0.92,-0.07,-0.04,0.01,2.41,-4.79
0.03,-0.09,0.92,-0.05,-0.06,0.0,1.78,-5.3
0.03,-0.09,0.92,-0.05,-0.08,-0.01,2.04,-5.64
0.02,-0.1,0.91,-0.05,-0.11,-0.01,1.24,-6.26
0.02,-0.11,0.91,-0.04,-0.11,-0.04,1.19,-6.84
0.0,-0.11,0.91,-0.04,-0.12,-0.04,0.3,-7.03
0.0,-0.11,0.91,-0.05,-0.11,-0.04,0.3,-6.98
0.0,-0.12,0.91,-0.08,-0.11,-0.05,0.13,-7.27
-0.01,-0.12,0.9,-0.08,-0.1,-0.07,-0.51,-7.87
-0.01,-0.13,0.9,-0.09,-0.07,-0.08,-0.52,-7.89
-0.01,-0.11,0.91,-0.12,-0.03,-0.08,-0.32,-6.94
-0.0,-0.11,0.93,-0.15,-0.03,-0.06,-0.31,-6.85
-0.01,-0.1,0.94,-0.16,-0.03,-0.05,-0.86,-6.17
-0.03,-0.1,0.94,-0.18,0.0,-0.05,-1.72,-6.16
-0.03,-0.1,0.96,-0.19,0.01,-0.05,-1.99,-6.03
-0.04,-0.1,0.97,-0.2,0.01,-0.03,-2.21,-5.68
-0.04,-0.1,0.97,-0.17,-0.01,-0.01,-2.62,-5.75
-0.05,-0.09,0.98,-0.17,-0.01,-0.01,-3.18,-5.4
-0.06,-0.1,0.98,-0.15,0.01,-0.0,-3.45,-5.71
-0.06,-0.09,0.98,-0.13,-0.02,0.01,-3.42,-5.47
-0.06,-0.1,0.98,-0.1,-0.04,0.01,-3.71,-5.73
-0.06,-0.11,0.98,-0.08,-0.06,0.0,-3.69,-6.27
-0.06,-0.1,0.97,-0.06,-0.05,-0.0,-3.56,-6.03
-0.06,-0.1,0.98,-0.03,-0.06,-0.01,-3.23,-5.93
-0.05,-0.1,0.97,-0.03,-0.06,0.0,-2.95,-5.84
-0.04,-0.1,0.97,-0.02,-0.08,0.01,-2.63,-6.05
-0.04,-0.11,0.97,-0.03,-0.06,0.01,-2.29,-6.41
-0.04,-0.11,0.97,-0.01,-0.07,0.02,-2.19,-6.58
-0.02,-0.11,0.97,0.0,-0.07,0.01,-1.46,-6.41
-0.02,-0.12,0.96,-0.0,-0.09,0.02,-1.41,-6.91
-0.03,-0.13,0.95,-0.03,-0.07,0.01,-2.08,-8.02
-0.04,-0.15,0.93,-0.04,-0.06,0.0,-2.62,-8.99
-0.05,-0.15,0.93,-0.02,-0.04,-0.02,-2.84,-9.16
-0.05,-0.15,0.95,-0.03,-0.0,-0.02,-2.85,-8.88
-0.03,-0.13,0.95,-0.04,0.01,-0.02,-1.95,-7.98
-0.03,-0.12,0.95,-0.08,0.05,-0.0,-1.53,-7.01
-0.03,-0.11,0.96,-0.09,0.06,0.0,-1.54,-6.31
-0.04,-0.1,0.97,-0.09,0.06,0.0,-2.14,-6.1
-0.03,-0.1,0.97,-0.1,0.07,0.0,-2.04,-5.79
-0.04,-0.1,0.98,-0.12,0.07,0.03,-2.07,-5.64
-0.03,-0.1,0.98,-0.08,0.04,0.05,-1.88,-5.64
-0.04,-0.1,0.97,-0.08,0.01,0.06,-2.52,-6.08
-0.05,-0.11,0.97,-0.07,0.03,0.05,-3.18,-6.49
-0.07,-0.12,0.97,-0.07,0.04,0.04,-3.9,-6.98
-0.07,-0.12,0.97,-0.04,0.05,0.04,-3.9,-7.09
-0.06,-0.12,0.98,-0.01,0.02,0.03,-3.31,-6.79
-0.05,-0.11,0.97,0.01,0.03,0.04,-2.99,-6.52
-0.05,-0.1,0.97,0.01,0.04,0.04,-2.67,-6.12
-0.05,-0.1,0.96,0.03,0.03,0.05,-2.7,-6.09
-0.03,-0.1,0.95,0.05,0.02,0.06,-1.88,-5.74
-0.02,-0.09,0.95,0.07,0.04,0.04,-1.16,-5.49
-0.01,-0.09,0.95,0.06,0.04,0.04,-0.83,-5.63
-0.01,-0.1,0.93,0.08,0.02,0.04,-0.42,-5.91
-0.0,-0.1,0.92,0.08,0.01,0.03,-0.02,-6.02
-0.0,-0.11,0.92,0.06,0.01,0.03,-0.12,-6.57
0.01,-0.1,0.91,0.04,0.05,0.01,0.82,-5.96
0.02,-0.1,0.91,0.02,0.05,0.03,1.32,-6.18
0.03,-0.09,0.91,0.01,0.05,0.03,1.97,-5.64
0.04,-0.09,0.92,-0.01,0.06,0.04,2.29,-5.34
0.04,-0.09,0.91,-0.04,0.07,0.04,2.37,-5.68
0.04,-0.08,0.91,-0.06,0.07,0.05,2.33,-5.28
0.04,-0.08,0.92,-0.06,0.05,0.04,2.76,-5.16
0.04,-0.09,0.92,-0.06,0.02,0.03,2.53,-5.31
0.03,-0.09,0.91,-0.08,0.01,0.02,2.01,-5.56
0.02,-0.08,0.91,-0.09,-0.01,-0.01,1.34,-4.8
0.01,-0.08,0.92,-0.08,-0.02,-0.02,0.72,-4.82
0.0,-0.07,0.94,-0.07,-0.03,-0.03,0.18,-4.04
0.01,-0.06,0.95,-0.07,-0.04,-0.04,0.57,-3.83
-0.0,-0.07,0.96,-0.06,-0.08,-0.02,-0.05,-4.11
-0.01,-0.07,0.95,-0.06,-0.1,-0.03,-0.54,-4.3
-0.03,-0.08,0.95,-0.04,-0.12,-0.02,-1.84,-4.65
-0.03,-0.09,0.96,-0.04,-0.09,-0.02,-2.02,-5.55
-0.04,-0.09,0.96,-0.01,-0.11,0.0,-2.29,-5.62
-0.03,-0.11,0.96,0.03,-0.12,-0.0,-2.01,-6.28
-0.03,-0.11,0.95,0.02,-0.11,0.01,-1.8,-6.81
-0.02,-0.12,0.94,0.03,-0.12,-0.01,-1.18,-6.96
-0.02,-0.12,0.94,-0.0,-0.11,-0.01,-1.2,-7.36
-0.02,-0.12,0.93,-0.0,-0.1,-0.02,-1.28,-7.29
-0.02,-0.12,0.93,-0.02,-0.09,-0.03,-1.46,-7.22
-0.02,-0.12,0.94,-0.04,-0.05,-0.04,-1.14,-7.04
-0.0,-0.09,0.94,-0.07,-0.03,-0.02,-0.2,-5.66
0.0,-0.09,0.95,-0.08,-0.01,-0.03,0.01,-5.21
0.0,-0.08,0.95,-0.09,-0.03,0.01,0.3,-5.11
0.0,-0.09,0.94,-0.11,-0.02,0.02,0.0,-5.39
-0.0,-0.09,0.94,-0.13,0.0,0.03,-0.19,-5.44
-0.0,-0.09,0.93,-0.11,0.01,0.04,-0.21,-5.73
0.0,-0.1,0.92,-0.09,0.01,0.05,0.04,-6.47
0.02,-0.1,0.91,-0.08,0.04,0.04,1.46,-6.16
0.06,-0.09,0.9,-0.05,0.03,0.05,3.5,-5.77
0.07,-0.08,0.88,-0.06,0.02,0.04,4.66,-5.38
0.09,-0.08,0.85,-0.03,-0.01,0.01,5.79,-5.42
0.1,-0.08,0.84,-0.04,-0.02,-0.02,6.81,-5.36
0.1,-0.08,0.83,-0.02,-0.02,-0.03,7.16,-5.25
0.13,-0.07,0.82,-0.01,-0.04,-0.06,8.99,-5.0
0.16,-0.06,0.8,-0.01,-0.05,-0.08,10.99,-4.0
0.18,-0.04,0.78,-0.01,-0.08,-0.08,12.91,-2.98
0.19,-0.04,0.76,-0.02,-0.1,-0.09,14.06,-2.76
0.21,-0.03,0.74,-0.03,-0.13,-0.11,15.64,-2.08
0.22,-0.02,0.72,-0.03,-0.15,-0.14,16.82,-1.19
0.24,0.0,0.69,-0.01,-0.16,-0.16,18.92,0.04
0.25,0.02,0.66,-0.03,-0.16,-0.17,20.96,1.41
0.26,0.03,0.63,-0.0,-0.17,-0.17,22.62,2.76
0.29,0.05,0.6,0.03,-0.18,-0.17,25.64,4.73
0.31,0.07,0.56,0.06,-0.17,-0.18,28.67,6.38
0.35,0.1,0.52,0.09,-0.16,-0.18,33.01,9.03
0.39,0.13,0.49,0.09,-0.17,-0.18,37.21,11.98
0.43,0.16,0.44,0.14,-0.2,-0.17,42.55,14.24
0.45,0.17,0.41,0.18,-0.24,-0.15,45.79,15.69
0.49,0.15,0.37,0.2,-0.28,-0.16,51.27,13.94
0.53,0.14,0.32,0.26,-0.37,-0.18,56.82,12.93
0.56,0.14,0.28,0.32,-0.49,-0.24,60.75,12.59
0.6,0.16,0.25,0.36,-0.67,-0.31,63.75,13.9
0.65,0.19,0.22,0.41,-0.89,-0.38,65.61,15.47
0.7,0.2,0.21,0.44,-1.15,-0.46,67.19,15.4
0.74,0.19,0.19,0.44,-1.46,-0.57,70.29,14.0
0.77,0.19,0.14,0.43,-1.84,-0.69,72.91,13.49
0.77,0.18,0.08,0.38,-2.17,-0.84,75.78,12.88
0.77,0.16,0.03,0.29,-2.53,-1.02,78.03,11.75
0.74,0.14,0.0,0.21,-2.85,-1.18,79.32,10.67
0.69,0.12,-0.01,0.09,-3.14,-1.3,79.91,10.05
0.64,0.08,-0.0,-0.02,-3.4,-1.41,83.13,6.87
0.59,0.04,-0.0,-0.14,-3.62,-1.46,85.83,4.15
0.53,0.01,-0.0,-0.24,-3.83,-1.49,89.02,0.95
0.45,-0.02,0.0,-0.34,-3.99,-1.47,87.9,-2.09
0.37,-0.04,-0.01,-0.42,-4.1,-1.47,84.08,-5.85
0.3,-0.06,-0.0,-0.46,-4.21,-1.44,78.71,-11.28
0.22,-0.09,0.01,-0.5,-4.28,-1.4,69.06,-20.76
0.16,-0.11,0.02,-0.47,-4.33,-1.35,56.41,-33.01
0.11,-0.12,0.03,-0.45,-4.38,-1.29,42.31,-46.35
0.06,-0.15,0.03,-0.4,-4.4,-1.24,23.64,-63.96
0.03,-0.16,0.03,-0.33,-4.4,-1.2,11.06,-75.31
0.01,-0.19,0.02,-0.24,-4.4,-1.15,2.73,-84.48
-0.0,-0.21,-0.0,-0.16,-4.4,-1.14,-0.78,-89.21
-0.01,-0.23,-0.03,-0.1,-4.4,-1.13,-1.78,-81.15
0.01,-0.28,-0.06,-0.07,-4.4,-1.12,1.58,-78.33
0.02,-0.35,-0.09,-0.06,-4.4,-1.14,3.89,-75.5
0.01,-0.43,-0.12,-0.15,-4.4,-1.2,1.36,-74.21
-0.07,-0.5,-0.15,-0.29,-4.4,-1.29,-7.68,-71.59
-0.19,-0.57,-0.14,-0.43,-4.4,-1.38,-17.68,-67.59
-0.33,-0.64,-0.1,-0.6,-4.4,-1.5,-27.07,-61.53
-0.47,-0.7,-0.03,-0.78,-4.4,-1.65,-33.88,-56.01
-0.59,-0.71,0.07,-0.91,-4.4,-1.75,-39.65,-50.0
-0.72,-0.73,0.16,-1.02,-4.4,-1.82,-44.2,-44.36
-0.79,-0.69,0.35,-1.1,-4.4,-1.84,-45.67,-38.59
-0.82,-0.63,0.49,-1.08,-4.4,-1.79,-45.85,-33.2
-0.84,-0.57,0.59,-1.04,-4.4,-1.66,-45.81,-29.01
-0.83,-0.49,0.66,-0.97,-4.4,-1.46,-45.29,-24.78
-0.77,-0.39,0.72,-0.87,-4.4,-1.23,-43.11,-20.39
-0.69,-0.3,0.77,-0.78,-4.4,-0.96,-39.63,-16.34
-0.62,-0.23,0.77,-0.65,-4.4,-0.64,-37.75,-13.26
-0.57,-0.2,0.72,-0.58,-4.4,-0.31,-37.26,-12.39
-0.57,-0.25,0.65,-0.51,-4.4,-0.03,-39.6,-15.93
-0.75,-0.49,0.61,-0.51,-4.4,0.2,-43.81,-26.8
-0.89,-0.68,0.68,-0.55,-4.4,0.28,-42.68,-31.14
-1.07,-0.87,0.81,-0.55,-4.4,0.22,-41.88,-33.06
-1.24,-1.01,0.92,-0.58,-4.4,0.03,-42.35,-33.09
-1.36,-1.11,1.05,-0.6,-4.4,-0.22,-41.71,-32.86
-1.41,-1.16,1.25,-0.61,-4.4,-0.48,-39.44,-31.63
-1.37,-1.14,1.4,-0.57,-4.4,-0.71,-37.19,-30.25
-1.3,-1.05,1.51,-0.5,-4.4,-0.92,-35.25,-27.84
-1.21,-0.93,1.53,-0.42,-4.4,-1.07,-34.11,-25.39
-1.12,-0.8,1.51,-0.36,-4.4,-1.16,-33.12,-23.18
-1.01,-0.7,1.47,-0.29,-4.4,-1.14,-31.89,-21.33
-0.93,-0.61,1.41,-0.26,-4.4,-1.09,-31.06,-19.98
-0.87,-0.54,1.36,-0.27,-4.4,-0.99,-30.82,-18.63
-0.84,-0.5,1.3,-0.3,-4.4,-0.89,-31.11,-17.91
-0.84,-0.46,1.26,-0.38,-4.4,-0.77,-32.11,-17.08
-0.83,-0.43,1.23,-0.45,-4.4,-0.65,-32.31,-16.31
-0.82,-0.44,1.24,-0.5,-4.4,-0.51,-31.7,-16.52
-0.82,-0.45,1.28,-0.55,-4.4,-0.38,-31.05,-16.52
-0.83,-0.45,1.32,-0.57,-4.4,-0.27,-30.62,-16.22
-0.84,-0.47,1.37,-0.54,-4.4,-0.18,-30.02,-16.18
-0.86,-0.48,1.4,-0.48,-4.4,-0.14,-30.02,-16.38
-0.87,-0.51,1.42,-0.42,-4.4,-0.12,-29.83,-17.01
-0.86,-0.51,1.45,-0.34,-4.4,-0.14,-29.24,-16.79
-0.83,-0.5,1.48,-0.29,-4.4,-0.18,-27.93,-16.57
-0.82,-0.51,1.52,-0.23,-4.4,-0.22,-27.13,-16.49
-0.83,-0.53,1.61,-0.17,-4.4,-0.28,-26.04,-16.22
-0.8,-0.52,1.72,-0.12,-4.4,-0.34,-23.96,-15.26
-0.76,-0.49,1.82,-0.05,-4.4,-0.41,-21.87,-13.95
-0.71,-0.45,1.86,0.03,-4.4,-0.49,-20.44,-12.62
-0.65,-0.39,1.91,0.1,-4.4,-0.53,-18.56,-10.96
-0.59,-0.32,1.96,0.18,-4.4,-0.55,-16.44,-8.81
-0.52,-0.24,2.02,0.31,-4.4,-0.55,-14.26,-6.65
-0.45,-0.18,2.04,0.45,-4.4,-0.55,-12.55,-4.89
-0.39,-0.11,2.04,0.62,-4.29,-0.52,-10.73,-3.01
-0.32,-0.06,2.02,0.78,-4.17,-0.47,-8.97,-1.65
-0.25,-0.03,2.02,0.95,-4.08,-0.4,-7.1,-0.75
-0.19,-0.01,2.02,1.15,-3.99,-0.33,-5.42,-0.35
-0.15,-0.0,2.01,1.35,-3.9,-0.29,-4.33,-0.13
-0.12,-0.03,1.99,1.51,-3.79,-0.24,-3.58,-0.83
-0.1,-0.07,1.95,1.64,-3.7,-0.19,-2.95,-1.91
-0.07,-0.1,1.9,1.73,-3.61,-0.15,-2.07,-3.1
-0.04,-0.14,1.84,1.77,-3.5,-0.12,-1.24,-4.38
-0.05,-0.19,1.77,1.73,-3.33,-0.09,-1.52,-6.17
-0.05,-0.24,1.7,1.62,-3.22,-0.06,-1.83,-7.97
-0.06,-0.27,1.63,1.55,-3.13,-0.12,-1.91,-9.47
-0.04,-0.28,1.58,1.27,-3.02,-0.0,-1.48,-10.17
-0.01,-0.28,1.56,1.07,-2.87,0.03,-0.48,-10.29
0.0,-0.26,1.54,0.85,-2.78,0.07,0.1,-9.55
0.02,-0.22,1.53,0.65,-2.69,0.11,0.85,-8.34
0.04,-0.18,1.54,0.46,-2.6,0.13,1.56,-6.6
0.07,-0.12,1.58,0.28,-2.48,0.14,2.41,-4.18
0.09,-0.09,1.61,0.16,-2.4,0.16,3.29,-3.01
0.11,-0.05,1.68,0.08,-2.26,0.13,3.7,-1.84
0.12,-0.03,1.73,0.01,-2.15,0.1,3.85,-1.02
0.14,-0.01,1.77,-0.03,-1.96,0.02,4.48,-0.32
0.14,0.01,1.78,-0.08,-1.79,-0.07,4.58,0.46
0.15,0.03,1.76,-0.1,-1.61,-0.18,4.75,0.99
0.13,0.07,1.7,-0.14,-1.43,-0.28,4.42,2.23
0.12,0.08,1.63,-0.21,-1.24,-0.36,4.27,2.78
0.12,0.1,1.56,-0.3,-1.08,-0.4,4.45,3.52
0.11,0.11,1.49,-0.37,-0.93,-0.41,4.34,4.25
0.09,0.13,1.42,-0.47,-0.83,-0.4,3.79,5.31
0.09,0.16,1.36,-0.59,-0.72,-0.37,3.82,6.59
0.1,0.2,1.33,-0.69,-0.61,-0.33,4.32,8.64
0.11,0.24,1.31,-0.76,-0.51,-0.28,4.57,10.23
0.09,0.26,1.29,-0.82,-0.44,-0.23,3.94,11.38
0.08,0.29,1.29,-0.86,-0.36,-0.18,3.39,12.56
0.09,0.32,1.29,-0.89,-0.29,-0.13,3.75,13.95
0.09,0.36,1.3,-0.88,-0.25,-0.08,4.02,15.37
0.09,0.37,1.31,-0.82,-0.2,-0.03,3.84,15.77
0.08,0.38,1.34,-0.76,-0.12,-0.03,3.3,15.9
0.08,0.4,1.35,-0.68,-0.07,-0.02,3.09,16.25
0.08,0.4,1.35,-0.58,-0.02,-0.02,3.27,16.38
0.07,0.4,1.35,-0.49,0.05,-0.01,3.05,16.49
0.06,0.39,1.33,-0.38,0.13,-0.02,2.5,16.48
0.05,0.38,1.3,-0.28,0.2,-0.02,2.29,16.41
0.05,0.36,1.27,-0.16,0.23,-0.0,2.17,15.76
0.04,0.33,1.23,-0.06,0.28,0.02,1.89,14.99
0.02,0.29,1.21,0.01,0.33,0.05,1.02,13.52
0.01,0.26,1.21,0.06,0.38,0.07,0.57,12.24
-0.0,0.23,1.21,0.13,0.42,0.11,-0.2,10.97
-0.02,0.2,1.2,0.17,0.47,0.13,-0.76,9.61
-0.03,0.17,1.19,0.23,0.51,0.16,-1.5,8.17
-0.05,0.13,1.18,0.27,0.56,0.16,-2.21,6.36
-0.07,0.09,1.16,0.31,0.56,0.19,-3.22,4.38
-0.07,0.05,1.14,0.31,0.62,0.17,-3.75,2.74
-0.09,0.02,1.13,0.33,0.62,0.2,-4.38,1.2
-0.09,-0.0,1.13,0.31,0.65,0.19,-4.66,-0.17
-0.1,-0.03,1.11,0.28,0.66,0.22,-4.95,-1.37
-0.11,-0.06,1.1,0.29,0.67,0.19,-5.45,-3.15
-0.11,-0.08,1.09,0.27,0.64,0.22,-5.82,-4.27
-0.12,-0.1,1.09,0.21,0.65,0.24,-6.31,-5.24
-0.12,-0.11,1.09,0.21,0.62,0.25,-6.19,-5.66
-0.12,-0.12,1.09,0.18,0.66,0.24,-6.23,-6.26
-0.14,-0.13,1.09,0.15,0.68,0.25,-7.11,-6.79
-0.14,-0.14,1.08,0.14,0.72,0.25,-7.37,-7.46
-0.14,-0.15,1.08,0.1,0.78,0.29,-7.55,-7.62
-0.15,-0.15,1.08,0.14,0.8,0.32,-7.93,-8.01
-0.16,-0.17,1.08,0.15,0.81,0.34,-8.48,-8.61
-0.17,-0.18,1.08,0.17,0.85,0.35,-8.85,-9.42
-0.17,-0.19,1.08,0.18,0.85,0.37,-8.78,-9.97
-0.17,-0.19,1.06,0.21,0.84,0.37,-8.89,-10.15
-0.17,-0.2,1.05,0.24,0.82,0.37,-9.02,-10.75
-0.17,-0.21,1.04,0.31,0.78,0.35,-8.86,-11.04
-0.16,-0.22,1.03,0.35,0.74,0.35,-8.66,-11.88
-0.15,-0.22,1.03,0.41,0.69,0.34,-8.29,-12.03
-0.15,-0.23,1.03,0.48,0.62,0.33,-8.1,-12.56
-0.15,-0.24,1.04,0.53,0.58,0.3,-7.93,-12.92
-0.15,-0.26,1.03,0.6,0.51,0.29,-7.85,-14.06
-0.14,-0.27,1.02,0.68,0.44,0.26,-7.7,-14.44
-0.15,-0.29,1.01,0.73,0.36,0.23,-7.93,-15.72
-0.16,-0.32,1.01,0.76,0.28,0.21,-8.89,-17.18
-0.16,-0.34,0.99,0.77,0.22,0.18,-8.61,-18.52
-0.16,-0.37,0.99,0.73,0.15,0.17,-8.41,-20.18
-0.16,-0.37,0.97,0.7,0.09,0.15,-8.89,-20.41
-0.17,-0.37,0.97,0.64,0.06,0.12,-9.11,-20.8
-0.18,-0.37,0.99,0.57,0.05,0.11,-9.44,-20.24
-0.16,-0.35,1.0,0.5,0.03,0.09,-8.44,-19.19
-0.16,-0.34,1.03,0.46,0.03,0.07,-8.41,-18.28
-0.15,-0.32,1.05,0.4,0.04,0.06,-7.74,-16.79
-0.15,-0.32,1.06,0.35,0.09,0.06,-7.5,-16.46
-0.12,-0.28,1.07,0.33,0.12,0.06,-6.38,-14.33
-0.15,-0.29,1.09,0.3,0.13,0.05,-7.39,-14.95
-0.15,-0.29,1.09,0.33,0.16,0.04,-7.61,-14.82
-0.15,-0.29,1.1,0.31,0.2,0.01,-7.63,-14.59
-0.17,-0.29,1.08,0.3,0.21,-0.01,-8.46,-14.96
-0.16,-0.3,1.05,0.3,0.2,-0.05,-8.43,-15.72
-0.18,-0.3,1.02,0.28,0.22,-0.07,-9.49,-16.44
-0.19,-0.3,0.99,0.21,0.24,-0.1,-10.21,-16.65
-0.2,-0.3,0.97,0.17,0.23,-0.09,-11.1,-16.73
-0.21,-0.29,0.95,0.11,0.21,-0.1,-12.02,-16.62
-0.22,-0.28,0.94,0.05,0.22,-0.11,-12.42,-16.32
-0.22,-0.26,0.94,-0.02,0.22,-0.1,-12.83,-15.14
-0.22,-0.23,0.94,-0.09,0.24,-0.09,-13.08,-13.47
-0.22,-0.21,0.93,-0.13,0.23,-0.07,-13.09,-12.14
-0.21,-0.19,0.94,-0.14,0.23,-0.03,-12.65,-10.97
-0.2,-0.17,0.95,-0.16,0.23,-0.01,-11.86,-9.76
-0.19,-0.16,0.97,-0.15,0.2,0.02,-11.04,-9.04
-0.18,-0.16,1.0,-0.12,0.18,0.04,-10.33,-8.86
-0.19,-0.16,1.02,-0.08,0.17,0.04,-10.26,-9.02
-0.2,-0.18,1.05,-0.05,0.18,0.02,-10.69,-9.65
-0.21,-0.2,1.04,-0.04,0.17,0.01,-11.48,-10.52
-0.22,-0.21,1.04,-0.02,0.17,-0.01,-11.82,-11.11
-0.23,-0.23,1.02,-0.01,0.15,-0.04,-12.46,-12.3
-0.23,-0.23,1.01,-0.04,0.16,-0.07,-12.75,-12.4
-0.23,-0.23,0.99,-0.07,0.16,-0.08,-12.74,-12.72
-0.24,-0.22,0.98,-0.09,0.17,-0.1,-13.43,-12.18
-0.23,-0.2,0.97,-0.11,0.15,-0.09,-13.33,-11.44
-0.23,-0.19,0.96,-0.14,0.17,-0.09,-13.05,-10.68
-0.22,-0.17,0.97,-0.16,0.17,-0.06,-12.29,-9.82
-0.21,-0.16,0.97,-0.14,0.15,-0.05,-12.02,-9.33
-0.2,-0.16,0.98,-0.13,0.14,-0.04,-11.63,-8.92
-0.2,-0.16,0.98,-0.1,0.09,-0.01,-11.21,-9.15
-0.19,-0.17,0.99,-0.09,0.09,0.01,-10.99,-9.46
-0.19,-0.17,1.01,-0.07,0.07,0.02,-10.75,-9.48
-0.19,-0.19,1.01,-0.05,0.05,0.02,-10.55,-10.45
-0.2,-0.2,1.01,-0.05,0.06,0.01,-10.98,-10.88
-0.2,-0.2,1.01,-0.05,0.06,0.01,-11.0,-10.9
-0.2,-0.21,1.01,-0.04,0.04,0.02,-10.98,-11.38
-0.2,-0.22,1.0,-0.04,0.02,0.02,-11.03,-11.96
-0.19,-0.2,1.0,-0.06,0.03,-0.01,-10.67,-11.13
-0.19,-0.19,0.99,-0.06,0.02,-0.01,-10.67,-10.77
-0.19,-0.17,1.01,-0.07,0.01,-0.01,-10.56,-9.55
-0.19,-0.16,1.01,-0.04,-0.03,-0.01,-10.3,-9.0
-0.18,-0.15,1.03,-0.01,-0.03,-0.02,-9.63,-8.21
-0.16,-0.15,1.03,-0.01,-0.03,-0.01,-9.0,-8.21
-0.16,-0.15,1.03,0.04,-0.05,0.01,-8.64,-8.09
-0.15,-0.16,1.04,0.08,-0.06,0.02,-8.02,-8.53
-0.15,-0.17,1.04,0.1,-0.05,0.01,-8.17,-9.1
-0.17,-0.18,1.04,0.1,-0.03,0.01,-8.9,-9.92
-0.15,-0.19,1.05,0.11,-0.05,0.01,-8.15,-10.1
-0.16,-0.19,1.05,0.14,-0.07,0.01,-8.4,-10.22
-0.16,-0.19,1.04,0.14,-0.06,0.01,-8.69,-10.16
-0.16,-0.2,1.04,0.15,-0.04,-0.01,-8.8,-10.96
-0.17,-0.23,1.04,0.13,-0.03,-0.01,-9.19,-12.1
-0.17,-0.24,1.02,0.11,-0.02,-0.02,-9.19,-12.96
-0.17,-0.24,1.0,0.08,-0.04,-0.01,-9.39,-13.46
-0.16,-0.25,1.0,0.05,-0.04,-0.0,-8.96,-13.65
-0.15,-0.24,1.0,0.0,-0.04,0.0,-8.43,-13.35
-0.14,-0.22,1.01,-0.02,-0.07,0.02,-7.96,-12.42
-0.15,-0.21,1.03,-0.03,-0.1,0.02,-8.03,-11.48
-0.14,-0.19,1.04,-0.03,-0.1,0.01,-7.58,-10.45
-0.14,-0.18,1.05,-0.03,-0.11,-0.0,-7.32,-9.54
-0.13,-0.16,1.05,-0.02,-0.1,0.0,-7.17,-8.76
-0.13,-0.16,1.06,-0.0,-0.1,-0.01,-6.71,-8.45
-0.13,-0.17,1.06,0.02,-0.1,-0.01,-6.77,-9.0
-0.12,-0.19,1.04,0.01,-0.09,0.0,-6.66,-10.05
-0.12,-0.19,1.03,0.01,-0.12,0.01,-6.8,-10.65
-0.13,-0.21,1.01,0.01,-0.17,0.01,-7.01,-11.53
-0.13,-0.21,1.01,-0.0,-0.2,-0.01,-7.34,-11.9
-0.14,-0.22,1.01,-0.04,-0.21,-0.02,-7.48,-12.17
-0.13,-0.21,1.02,-0.03,-0.24,-0.02,-7.28,-11.31
-0.13,-0.2,1.04,-0.03,-0.25,-0.05,-7.07,-10.8
-0.14,-0.19,1.06,-0.01,-0.26,-0.07,-7.27,-10.15
-0.13,-0.19,1.09,-0.04,-0.22,-0.08,-6.9,-9.77
-0.13,-0.2,1.12,-0.04,-0.19,-0.08,-6.64,-10.04
-0.13,-0.2,1.13,-0.06,-0.13,-0.09,-6.52,-9.77
-0.12,-0.19,1.13,-0.09,-0.06,-0.09,-6.19,-9.49
-0.12,-0.17,1.12,-0.13,0.02,-0.09,-5.88,-8.72
-0.11,-0.16,1.1,-0.16,0.08,-0.06,-5.5,-8.45
-0.09,-0.14,1.09,-0.16,0.12,-0.06,-4.49,-7.3
-0.09,-0.15,1.08,-0.21,0.15,-0.03,-4.54,-7.99
-0.08,-0.15,1.07,-0.2,0.16,0.0,-4.38,-7.95
-0.09,-0.16,1.07,-0.21,0.16,0.03,-4.98,-8.21
-0.1,-0.16,1.08,-0.21,0.16,0.02,-5.26,-8.16
-0.11,-0.16,1.08,-0.22,0.13,0.01,-5.82,-8.43
-0.12,-0.15,1.09,-0.22,0.15,-0.02,-6.22,-7.81
-0.12,-0.15,1.08,-0.23,0.15,-0.03,-6.43,-7.61
-0.13,-0.13,1.07,-0.19,0.14,-0.06,-6.69,-7.04
-0.12,-0.13,1.06,-0.19,0.1,-0.05,-6.42,-6.96
-0.11,-0.12,1.06,-0.17,0.1,-0.07,-5.84,-6.25
-0.11,-0.1,1.05,-0.15,0.08,-0.06,-6.08,-5.42
-0.11,-0.09,1.04,-0.12,0.05,-0.05,-5.95,-4.8
-0.1,-0.07,1.04,-0.1,0.01,-0.03,-5.42,-3.98
-0.1,-0.05,1.05,-0.07,0.01,-0.02,-5.44,-2.59
-0.11,-0.07,1.05,-0.06,0.0,-0.01,-5.83,-3.57
-0.11,-0.07,1.05,-0.0,-0.02,0.02,-6.01,-3.86
-0.11,-0.08,1.06,0.03,-0.05,0.04,-5.88,-4.09
-0.1,-0.09,1.06,0.06,-0.03,0.03,-5.54,-4.86
-0.11,-0.11,1.05,0.07,-0.05,0.04,-5.95,-5.87
-0.11,-0.12,1.05,0.09,-0.07,0.04,-6.17,-6.48
-0.12,-0.13,1.05,0.09,-0.08,0.04,-6.42,-7.24
-0.12,-0.14,1.06,0.09,-0.1,0.05,-6.17,-7.63
-0.12,-0.16,1.07,0.09,-0.08,0.02,-6.29,-8.38
-0.12,-0.16,1.07,0.09,-0.1,0.01,-6.51,-8.33
-0.12,-0.17,1.07,0.09,-0.12,0.0,-6.45,-8.81
-0.13,-0.16,1.07,0.08,-0.1,-0.03,-6.71,-8.59
-0.13,-0.15,1.07,0.05,-0.08,-0.05,-6.65,-8.1
-0.13,-0.15,1.07,0.03,-0.08,-0.05,-6.98,-7.86
-0.12,-0.13,1.06,0.04,-0.08,-0.06,-6.5,-6.78
-0.12,-0.12,1.05,0.04,-0.05,-0.07,-6.65,-6.57
-0.13,-0.11,1.05,0.04,-0.03,-0.05,-6.81,-6.11
-0.13,-0.1,1.04,0.03,-0.02,-0.01,-6.81,-5.69
-0.13,-0.11,1.04,0.03,-0.01,0.01,-6.86,-5.92
-0.13,-0.11,1.03,0.04,0.01,0.02,-7.04,-6.08
-0.13,-0.12,1.03,0.04,0.04,0.03,-7.16,-6.43
-0.14,-0.13,1.03,0.04,0.03,0.05,-7.62,-7.09
-0.13,-0.13,1.03,0.07,0.02,0.05,-7.12,-7.43
-0.13,-0.14,1.02,0.08,0.01,0.05,-7.47,-8.03
-0.14,-0.15,1.01,0.08,0.03,0.05,-7.82,-8.59
-0.14,-0.16,1.01,0.08,0.0,0.05,-7.97,-8.9
-0.15,-0.17,1.02,0.09,-0.04,0.05,-8.21,-9.4
-0.14,-0.17,1.03,0.12,-0.06,0.05,-7.76,-9.14
-0.14,-0.17,1.04,0.11,-0.05,0.02,-7.6,-9.15
-0.14,-0.17,1.03,0.13,-0.08,0.01,-7.6,-9.05
-0.14,-0.16,1.02,0.16,-0.1,-0.01,-7.51,-8.75
-0.13,-0.17,1.02,0.18,-0.12,-0.01,-7.37,-9.1
-0.12,-0.16,1.02,0.17,-0.13,-0.03,-6.67,-8.69
-0.11,-0.16,1.03,0.18,-0.15,-0.01,-6.16,-8.75
-0.11,-0.17,1.03,0.19,-0.17,-0.01,-6.3,-9.5
-0.11,-0.18,1.05,0.19,-0.19,-0.01,-6.15,-9.55
-0.11,-0.17,1.07,0.19,-0.2,-0.0,-5.82,-9.18
-0.11,-0.18,1.08,0.18,-0.18,-0.0,-5.46,-9.57
-0.11,-0.18,1.1,0.17,-0.17,-0.0,-5.63,-9.35
-0.11,-0.19,1.1,0.16,-0.16,-0.01,-5.52,-9.51
-0.12,-0.19,1.09,0.13,-0.13,-0.03,-6.12,-9.97
-0.12,-0.2,1.08,0.1,-0.1,-0.03,-6.18,-10.38
-0.12,-0.19,1.08,0.06,-0.08,-0.02,-6.26,-10.05
-0.12,-0.19,1.08,0.03,-0.06,-0.02,-6.35,-9.8
-0.13,-0.18,1.08,-0.01,-0.03,-0.02,-6.54,-9.15
-0.12,-0.16,1.07,-0.05,-0.0,-0.02,-6.2,-8.31
-0.13,-0.15,1.08,-0.04,-0.01,-0.02,-6.56,-7.66
-0.13,-0.13,1.07,-0.06,0.02,-0.03,-6.79,-7.08
-0.13,-0.12,1.07,-0.06,0.04,-0.03,-6.72,-6.59
-0.13,-0.12,1.06,-0.04,0.03,-0.02,-7.02,-6.4
-0.13,-0.12,1.05,-0.03,0.03,-0.02,-7.0,-6.47
-0.13,-0.12,1.06,-0.01,0.0,-0.02,-7.13,-6.56
-0.12,-0.12,1.06,-0.0,0.01,-0.01,-6.39,-6.4
-0.13,-0.14,1.06,-0.01,0.01,0.0,-6.98,-7.38
-0.15,-0.15,1.06,0.01,0.0,0.0,-7.92,-8.11
-0.14,-0.15,1.05,-0.0,0.0,0.0,-7.68,-8.08
-0.14,-0.16,1.04,-0.01,0.02,0.0,-7.8,-8.63
-0.14,-0.16,1.03,-0.02,0.01,0.02,-7.56,-8.81
-0.15,-0.16,1.02,-0.06,0.02,0.01,-8.19,-9.05
-0.14,-0.15,1.01,-0.05,0.0,0.01,-8.01,-8.24
-0.14,-0.14,1.0,-0.06,0.0,0.02,-7.93,-7.99
-0.13,-0.13,1.01,-0.09,0.0,0.03,-7.46,-7.22
-0.14,-0.12,1.03,-0.07,-0.02,0.05,-7.51,-6.65
-0.13,-0.11,1.04,-0.06,-0.05,0.05,-6.94,-6.2
-0.12,-0.11,1.06,-0.03,-0.05,0.03,-6.2,-6.1
-0.12,-0.13,1.06,-0.0,-0.06,0.03,-6.35,-6.79
-0.11,-0.13,1.07,0.01,-0.08,0.03,-5.88,-6.94
-0.1,-0.14,1.07,0.03,-0.08,0.01,-5.49,-7.39
-0.1,-0.14,1.07,0.04,-0.08,-0.0,-5.34,-7.44
-0.11,-0.15,1.06,0.03,-0.06,-0.0,-5.73,-7.98
-0.11,-0.16,1.06,0.02,-0.06,0.01,-5.8,-8.26
-0.1,-0.15,1.07,0.01,-0.06,0.0,-5.48,-7.96
-0.1,-0.15,1.07,-0.01,-0.04,-0.01,-5.45,-7.87
-0.1,-0.14,1.06,-0.02,-0.02,0.0,-5.16,-7.66
-0.1,-0.13,1.05,-0.05,-0.02,0.0,-5.36,-7.17
-0.1,-0.13,1.06,-0.02,-0.03,-0.0,-5.42,-6.76
-0.1,-0.11,1.06,-0.02,-0.02,0.01,-5.22,-6.11
-0.1,-0.11,1.06,-0.02,-0.02,0.0,-5.27,-5.69
-0.1,-0.1,1.06,-0.03,-0.02,0.02,-5.24,-5.58
-0.09,-0.1,1.06,-0.01,-0.05,0.03,-4.95,-5.13
-0.09,-0.1,1.07,0.01,-0.04,0.01,-4.62,-5.17
-0.09,-0.1,1.07,0.03,-0.02,0.02,-4.6,-5.28
-0.08,-0.11,1.08,0.02,0.0,0.02,-4.27,-5.59
-0.09,-0.12,1.08,0.05,-0.0,0.03,-4.53,-6.44
-0.09,-0.13,1.07,0.06,0.01,0.04,-4.76,-6.99
-0.09,-0.15,1.06,0.03,0.05,0.03,-4.83,-8.04
-0.09,-0.16,1.06,0.02,0.04,0.04,-4.94,-8.63
-0.1,-0.17,1.06,0.0,0.05,0.03,-5.31,-9.31
-0.11,-0.18,1.05,-0.01,0.02,0.03,-5.69,-9.76
-0.1,-0.18,1.05,-0.04,0.04,0.01,-5.25,-9.56
-0.1,-0.17,1.05,-0.08,0.04,0.02,-5.3,-9.31
-0.1,-0.17,1.05,-0.09,0.03,0.0,-5.47,-9.01
-0.1,-0.16,1.05,-0.08,0.01,0.02,-5.34,-8.82
-0.1,-0.15,1.05,-0.1,0.03,-0.0,-5.29,-8.18
-0.09,-0.13,1.07,-0.11,0.01,-0.0,-4.8,-7.15
-0.09,-0.11,1.09,-0.09,0.01,-0.01,-4.89,-5.78
-0.08,-0.1,1.08,-0.1,0.02,-0.02,-4.38,-5.46
-0.08,-0.1,1.09,-0.07,0.0,-0.01,-4.44,-5.22
-0.08,-0.1,1.08,-0.05,0.03,-0.01,-4.2,-5.08
-0.08,-0.1,1.08,-0.05,0.02,0.0,-4.29,-5.26
-0.08,-0.09,1.09,-0.02,0.01,0.02,-3.97,-4.8
-0.08,-0.09,1.09,-0.03,0.04,0.0,-3.93,-4.73
-0.08,-0.09,1.1,-0.01,0.05,0.0,-4.09,-4.9
-0.08,-0.1,1.11,0.01,0.05,0.01,-3.92,-5.15
-0.07,-0.11,1.11,-0.0,0.07,-0.0,-3.77,-5.63
-0.08,-0.1,1.1,0.02,0.08,-0.01,-3.99,-5.39
-0.08,-0.11,1.1,0.01,0.1,-0.0,-4.0,-5.45
-0.08,-0.12,1.1,0.01,0.1,-0.0,-4.05,-5.95
-0.08,-0.12,1.09,-0.0,0.11,0.02,-4.1,-6.14
-0.07,-0.13,1.08,-0.02,0.14,0.0,-3.9,-6.68
-0.08,-0.13,1.08,-0.06,0.16,0.0,-4.41,-6.71
-0.08,-0.13,1.08,-0.06,0.15,0.0,-4.2,-6.64
-0.08,-0.11,1.08,-0.08,0.14,0.01,-4.3,-5.84
-0.08,-0.11,1.09,-0.09,0.15,-0.01,-4.27,-5.53
-0.08,-0.1,1.11,-0.12,0.17,-0.01,-4.19,-5.21
-0.08,-0.09,1.11,-0.1,0.15,-0.01,-3.84,-4.36
-0.07,-0.07,1.13,-0.1,0.15,-0.02,-3.48,-3.77
-0.06,-0.07,1.14,-0.09,0.17,-0.03,-2.89,-3.28
-0.05,-0.05,1.16,-0.05,0.18,-0.05,-2.48,-2.44
-0.04,-0.05,1.17,-0.05,0.19,-0.04,-1.88,-2.28
-0.02,-0.04,1.17,0.02,0.21,-0.04,-1.09,-2.02
-0.02,-0.05,1.17,0.04,0.24,-0.04,-1.0,-2.46
-0.02,-0.06,1.17,0.07,0.31,-0.04,-1.16,-2.89
-0.03,-0.08,1.15,0.08,0.34,-0.04,-1.65,-3.8
-0.04,-0.09,1.14,0.1,0.37,-0.05,-1.93,-4.69
-0.04,-0.11,1.12,0.1,0.37,-0.04,-2.18,-5.69
-0.04,-0.12,1.11,0.08,0.39,-0.03,-1.92,-5.93
-0.04,-0.12,1.11,0.06,0.4,-0.04,-2.21,-6.23
-0.05,-0.13,1.11,0.04,0.42,-0.05,-2.49,-6.69
-0.05,-0.13,1.12,0.01,0.41,-0.05,-2.35,-6.47
-0.05,-0.12,1.14,-0.01,0.45,-0.07,-2.33,-6.19
-0.04,-0.12,1.15,-0.03,0.44,-0.07,-2.05,-5.8
-0.04,-0.11,1.16,-0.04,0.46,-0.1,-1.91,-5.19
-0.03,-0.11,1.18,-0.05,0.47,-0.11,-1.67,-5.21
-0.04,-0.12,1.17,-0.09,0.52,-0.13,-1.97,-5.76
-0.04,-0.12,1.18,-0.12,0.55,-0.11,-1.78,-5.79
-0.04,-0.12,1.19,-0.14,0.58,-0.12,-1.74,-5.69
-0.04,-0.12,1.2,-0.2,0.63,-0.12,-1.81,-5.62
-0.05,-0.11,1.2,-0.24,0.67,-0.12,-2.29,-5.46
-0.06,-0.11,1.19,-0.3,0.73,-0.13,-2.87,-5.49
-0.06,-0.11,1.19,-0.36,0.77,-0.13,-2.69,-5.3
-0.05,-0.1,1.18,-0.4,0.81,-0.13,-2.53,-5.07
-0.05,-0.09,1.18,-0.44,0.85,-0.11,-2.43,-4.38
-0.04,-0.07,1.18,-0.5,0.91,-0.1,-2.04,-3.53
-0.04,-0.06,1.17,-0.54,0.95,-0.07,-1.89,-2.8
-0.05,-0.05,1.18,-0.54,0.97,-0.05,-2.35,-2.2
-0.05,-0.03,1.18,-0.58,1.02,-0.05,-2.31,-1.47
-0.05,-0.02,1.18,-0.58,1.03,-0.03,-2.4,-0.86
-0.05,-0.01,1.19,-0.56,1.06,-0.02,-2.32,-0.47
-0.06,-0.01,1.19,-0.52,1.08,-0.02,-2.75,-0.39
-0.06,-0.01,1.19,-0.49,1.11,-0.02,-2.69,-0.49
-0.06,-0.01,1.19,-0.46,1.14,-0.02,-2.92,-0.72
-0.07,-0.03,1.19,-0.42,1.15,-0.01,-3.34,-1.44
-0.07,-0.04,1.18,-0.38,1.15,-0.01,-3.37,-1.89
-0.07,-0.05,1.18,-0.34,1.16,-0.04,-3.54,-2.53
-0.08,-0.06,1.17,-0.31,1.18,-0.05,-3.83,-3.12
-0.08,-0.06,1.17,-0.3,1.19,-0.08,-4.07,-3.1
-0.08,-0.07,1.17,-0.28,1.19,-0.1,-4.06,-3.66
-0.08,-0.08,1.18,-0.27,1.18,-0.11,-3.75,-3.98
-0.08,-0.08,1.18,-0.27,1.21,-0.13,-3.78,-3.93
-0.07,-0.09,1.2,-0.28,1.22,-0.12,-3.27,-4.17
-0.07,-0.08,1.2,-0.28,1.25,-0.13,-3.11,-3.9
-0.07,-0.09,1.2,-0.29,1.27,-0.14,-3.2,-4.45
-0.08,-0.09,1.21,-0.31,1.32,-0.13,-3.55,-4.41
-0.07,-0.08,1.21,-0.34,1.35,-0.12,-3.49,-3.68
-0.06,-0.08,1.2,-0.34,1.39,-0.11,-2.79,-3.65
-0.06,-0.08,1.2,-0.36,1.44,-0.07,-3.06,-3.63
-0.06,-0.07,1.2,-0.35,1.46,-0.06,-2.98,-3.47
-0.07,-0.07,1.2,-0.38,1.51,-0.01,-3.26,-3.55
-0.07,-0.08,1.22,-0.35,1.52,0.01,-3.24,-3.91
-0.08,-0.09,1.23,-0.35,1.56,0.01,-3.57,-4.14
-0.09,-0.11,1.23,-0.32,1.61,0.02,-4.2,-5.08
-0.1,-0.12,1.22,-0.32,1.66,0.01,-4.58,-5.37
-0.1,-0.12,1.21,-0.3,1.67,0.0,-4.73,-5.55
-0.1,-0.13,1.2,-0.28,1.69,-0.0,-4.95,-6.15
-0.11,-0.13,1.18,-0.28,1.74,-0.03,-5.23,-6.18
-0.1,-0.13,1.17,-0.27,1.75,-0.02,-4.86,-6.4
-0.1,-0.13,1.15,-0.26,1.75,-0.03,-5.1,-6.22
-0.1,-0.13,1.14,-0.23,1.74,-0.01,-5.17,-6.44
-0.11,-0.13,1.13,-0.23,1.76,-0.01,-5.55,-6.58
-0.11,-0.13,1.13,-0.23,1.75,0.01,-5.38,-6.37
-0.11,-0.13,1.13,-0.21,1.72,0.01,-5.42,-6.37
-0.11,-0.12,1.14,-0.18,1.69,0.01,-5.36,-6.21
-0.12,-0.13,1.16,-0.18,1.7,-0.0,-5.8,-6.55
-0.12,-0.14,1.19,-0.14,1.68,-0.01,-5.8,-6.54
-0.13,-0.14,1.21,-0.12,1.67,-0.03,-6.07,-6.75
-0.14,-0.15,1.23,-0.09,1.7,-0.05,-6.26,-6.83
-0.14,-0.16,1.23,-0.08,1.72,-0.06,-6.51,-7.47
-0.15,-0.18,1.24,-0.09,1.77,-0.08,-6.86,-8.11
-0.15,-0.18,1.25,-0.07,1.8,-0.09,-6.67,-8.3
-0.15,-0.18,1.24,-0.08,1.85,-0.09,-6.66,-8.25
-0.15,-0.19,1.23,-0.11,1.92,-0.09,-6.81,-8.55
-0.15,-0.18,1.22,-0.15,1.99,-0.08,-6.74,-8.56
-0.15,-0.18,1.21,-0.18,2.03,-0.06,-6.96,-8.52
-0.15,-0.18,1.19,-0.11,2.39,-0.28,-7.17,-8.38
-0.15,-0.18,1.19,-0.22,2.1,-0.03,-7.01,-8.4
-0.16,-0.17,1.18,-0.24,2.15,0.0,-7.42,-8.22
-0.16,-0.17,1.17,-0.24,2.16,0.02,-7.59,-8.03
-0.16,-0.16,1.16,-0.27,2.17,0.05,-7.67,-7.75
-0.16,-0.15,1.15,-0.26,2.18,0.06,-7.68,-7.43
-0.16,-0.15,1.15,-0.28,2.2,0.07,-7.8,-7.37
-0.16,-0.15,1.16,-0.24,2.16,0.1,-7.9,-7.27
-0.17,-0.16,1.17,-0.21,2.12,0.09,-8.16,-7.52
-0.18,-0.16,1.17,-0.18,2.11,0.07,-8.78,-7.94
-0.19,-0.16,1.16,-0.17,2.12,0.07,-9.21,-7.7
-0.18,-0.16,1.16,-0.16,2.11,0.07,-8.94,-7.67
-0.19,-0.17,1.15,-0.13,2.12,0.06,-9.44,-8.43
-0.2,-0.18,1.14,-0.14,2.13,0.08,-9.86,-8.94
-0.2,-0.19,1.15,-0.14,2.14,0.06,-9.95,-9.23
-0.21,-0.19,1.15,-0.15,2.14,0.07,-10.43,-9.44
-0.21,-0.19,1.14,-0.12,2.15,0.08,-10.37,-9.28
-0.2,-0.19,1.12,-0.14,2.17,0.09,-10.1,-9.56
-0.2,-0.19,1.11,-0.15,2.22,0.09,-9.89,-9.65
-0.2,-0.19,1.1,-0.17,2.23,0.12,-10.2,-9.5
-0.2,-0.17,1.07,-0.15,2.25,0.12,-10.21,-9.03
-0.19,-0.17,1.06,-0.15,2.22,0.15,-10.2,-9.08
-0.2,-0.18,1.04,-0.17,2.23,0.17,-10.51,-9.77
-0.19,-0.18,1.04,-0.17,2.19,0.2,-10.18,-9.7
-0.19,-0.18,1.04,-0.17,2.17,0.22,-9.99,-9.76
-0.18,-0.18,1.05,-0.16,2.11,0.23,-9.78,-9.75
-0.2,-0.18,1.05,-0.16,2.09,0.22,-10.66,-9.33
-0.2,-0.18,1.05,-0.16,2.04,0.23,-10.83,-9.75
-0.2,-0.17,1.06,-0.14,2.0,0.22,-10.76,-9.0
-0.2,-0.16,1.06,-0.09,1.95,0.21,-10.42,-8.64
-0.2,-0.15,1.08,-0.06,1.92,0.21,-10.31,-7.97
-0.21,-0.15,1.08,-0.06,1.9,0.23,-10.75,-7.87
-0.22,-0.16,1.1,0.01,1.86,0.24,-11.13,-7.94
-0.23,-0.16,1.11,0.08,1.82,0.24,-11.57,-8.26
-0.23,-0.18,1.11,0.14,1.81,0.24,-11.48,-9.01
-0.22,-0.18,1.1,0.21,1.8,0.24,-11.32,-9.26
-0.22,-0.2,1.05,0.24,1.78,0.24,-11.73,-10.41
-0.23,-0.21,1.04,0.3,1.73,0.21,-12.29,-11.29
-0.23,-0.23,1.03,0.33,1.71,0.19,-12.52,-12.24
-0.23,-0.25,1.02,0.31,1.71,0.16,-12.59,-13.27
-0.22,-0.26,1.0,0.32,1.67,0.16,-12.17,-14.08
-0.21,-0.27,0.98,0.3,1.62,0.15,-11.85,-14.87
-0.21,-0.27,0.98,0.25,1.62,0.12,-11.8,-15.0
-0.23,-0.28,1.0,0.21,1.59,0.12,-12.37,-15.12
-0.23,-0.29,1.03,0.14,1.59,0.11,-12.11,-15.14
-0.25,-0.3,1.06,0.13,1.58,0.09,-12.89,-15.57
-0.27,-0.32,1.08,0.09,1.63,0.08,-13.55,-16.25
-0.28,-0.33,1.09,0.02,1.74,0.06,-13.59,-16.25
-0.27,-0.33,1.1,-0.03,1.81,0.06,-13.29,-16.28
-0.26,-0.31,1.08,-0.08,1.88,0.07,-12.96,-15.57
-0.24,-0.29,1.07,-0.13,1.96,0.07,-12.12,-14.98
-0.23,-0.28,1.07,-0.22,2.05,0.11,-11.58,-14.33
-0.22,-0.27,1.06,-0.26,2.08,0.17,-11.25,-14.11
-0.22,-0.26,1.06,-0.3,2.15,0.22,-11.3,-13.44
-0.23,-0.24,1.06,-0.31,2.17,0.25,-11.76,-12.47
-0.22,-0.23,1.06,-0.32,2.23,0.29,-11.36,-11.95
-0.22,-0.22,1.06,-0.32,2.21,0.33,-11.47,-11.55
-0.23,-0.23,1.04,-0.29,2.18,0.34,-12.09,-11.94
-0.25,-0.23,1.05,-0.27,2.16,0.33,-12.89,-11.95
-0.26,-0.23,1.05,-0.25,2.18,0.32,-13.38,-11.87
-0.26,-0.23,1.07,-0.2,2.18,0.33,-13.3,-11.94
-0.27,-0.25,1.07,-0.12,2.15,0.3,-13.7,-12.83
-0.27,-0.25,1.06,-0.07,2.14,0.3,-13.88,-13.03
-0.28,-0.26,1.05,-0.02,2.14,0.28,-14.49,-13.33
-0.26,-0.25,1.03,0.01,2.16,0.27,-13.98,-13.32
-0.24,-0.24,1.0,0.11,2.35,0.1,-13.29,-13.28
-0.23,-0.25,0.96,0.05,2.11,0.25,-12.97,-13.98
-0.23,-0.23,0.94,0.02,2.12,0.24,-13.64,-13.45
-0.24,-0.24,0.93,-0.01,2.11,0.25,-13.78,-14.24
-0.24,-0.25,0.93,-0.01,2.09,0.26,-14.11,-14.69
-0.24,-0.25,0.93,-0.04,2.07,0.27,-13.89,-14.35
-0.23,-0.24,0.94,-0.07,2.1,0.27,-13.5,-14.09
-0.25,-0.25,0.94,-0.1,2.08,0.28,-14.13,-14.4
-0.26,-0.25,0.96,-0.14,2.09,0.27,-14.54,-13.87
-0.28,-0.26,0.99,-0.14,2.08,0.28,-15.47,-14.01
-0.29,-0.27,1.03,-0.15,2.15,0.27,-15.09,-14.19
-0.3,-0.29,1.04,-0.13,2.17,0.29,-15.4,-14.93
-0.3,-0.29,1.05,-0.12,2.19,0.31,-15.19,-14.82
-0.31,-0.28,1.06,-0.09,2.21,0.31,-15.66,-14.07
-0.31,-0.29,1.06,-0.05,2.27,0.3,-15.9,-14.61
-0.31,-0.29,1.06,-0.04,2.3,0.3,-15.83,-14.63
-0.3,-0.28,1.04,0.0,2.32,0.29,-15.6,-14.35
-0.28,-0.26,1.01,0.04,2.35,0.29,-15.24,-14.06
-0.27,-0.24,0.98,0.06,2.36,0.32,-14.77,-13.53
-0.24,-0.23,0.98,0.07,2.42,0.32,-13.48,-13.13
-0.22,-0.23,0.95,0.07,2.39,0.37,-12.45,-13.02
-0.2,-0.22,0.93,0.07,2.38,0.41,-12.02,-12.83
-0.21,-0.23,0.92,0.08,2.37,0.42,-12.73,-13.42
-0.23,-0.24,0.92,0.06,2.37,0.42,-13.55,-14.45
-0.24,-0.25,0.92,0.07,2.35,0.44,-14.33,-14.84
-0.25,-0.26,0.91,0.11,2.37,0.4,-15.07,-15.66
-0.26,-0.28,0.9,0.13,2.36,0.39,-15.17,-16.85
-0.25,-0.31,0.89,0.12,2.39,0.37,-15.12,-18.38
-0.24,-0.3,0.86,0.13,2.38,0.34,-14.75,-18.76
-0.23,-0.3,0.84,0.13,2.39,0.32,-14.45,-18.69
-0.22,-0.29,0.82,0.1,2.42,0.3,-14.23,-18.86
-0.2,-0.27,0.81,0.05,2.46,0.28,-13.29,-18.28
-0.18,-0.26,0.79,-0.03,2.48,0.29,-12.0,-17.88
-0.16,-0.24,0.78,-0.09,2.51,0.3,-10.82,-17.02
-0.14,-0.23,0.79,-0.17,2.51,0.33,-9.93,-15.76
-0.15,-0.22,0.8,-0.24,2.55,0.36,-10.35,-15.05
-0.17,-0.22,0.8,-0.31,2.56,0.4,-11.53,-15.18
-0.19,-0.24,0.83,-0.32,2.57,0.41,-12.56,-15.98
-0.2,-0.24,0.84,-0.31,2.57,0.42,-12.84,-15.9
-0.2,-0.22,0.85,-0.29,2.57,0.4,-12.96,-14.31
-0.19,-0.19,0.85,-0.26,2.57,0.42,-12.63,-12.3
-0.17,-0.17,0.85,-0.2,2.54,0.43,-11.28,-11.17
-0.17,-0.18,0.85,-0.14,2.48,0.44,-11.11,-11.41
-0.17,-0.18,0.84,-0.06,2.46,0.45,-11.35,-11.77
-0.16,-0.17,0.83,0.0,2.45,0.47,-10.92,-11.36
-0.14,-0.16,0.83,0.08,2.41,0.46,-9.59,-10.89
-0.11,-0.16,0.79,0.16,2.35,0.45,-7.88,-11.39
-0.09,-0.17,0.76,0.18,2.31,0.45,-6.68,-12.28
-0.08,-0.17,0.72,0.19,2.25,0.44,-6.2,-13.59
-0.07,-0.18,0.69,0.15,2.23,0.42,-5.7,-14.4
-0.06,-0.18,0.67,0.12,2.21,0.4,-5.1,-14.69
-0.04,-0.15,0.68,0.09,2.22,0.38,-3.17,-12.52
-0.01,-0.15,0.69,0.06,2.21,0.39,-0.92,-12.53
0.01,-0.15,0.69,0.02,2.17,0.39,0.84,-11.92
0.0,-0.12,0.67,-0.01,2.14,0.4,0.22,-9.85
0.01,-0.12,0.68,-0.05,2.12,0.41,0.46,-9.89
-0.0,-0.15,0.69,-0.1,2.09,0.41,-0.35,-12.11
-0.0,-0.15,0.7,-0.11,2.03,0.42,-0.17,-12.39
-0.03,-0.13,0.69,-0.15,2.04,0.4,-2.41,-10.6
-0.05,-0.13,0.69,-0.13,1.99,0.38,-3.76,-10.21
-0.03,-0.11,0.73,-0.13,1.98,0.37,-2.43,-8.67
-0.02,-0.09,0.76,-0.1,1.95,0.38,-1.57,-7.13
0.0,-0.08,0.75,-0.05,1.89,0.4,0.04,-6.02
0.02,-0.06,0.76,-0.02,1.86,0.43,1.58,-4.56
0.02,-0.06,0.76,-0.02,1.84,0.46,1.77,-4.52
0.02,-0.06,0.75,0.03,1.79,0.5,1.76,-4.83
0.03,-0.07,0.75,0.11,1.72,0.53,2.45,-5.54
0.05,-0.08,0.74,0.06,1.56,0.65,3.61,-6.35
0.07,-0.08,0.72,0.18,1.61,0.52,5.46,-6.28
0.09,-0.09,0.71,0.2,1.52,0.5,7.16,-7.22
0.1,-0.09,0.69,0.25,1.41,0.45,8.25,-6.99
0.1,-0.08,0.69,0.26,1.32,0.41,8.02,-6.75
0.1,-0.09,0.69,0.26,1.27,0.37,7.76,-7.17
0.09,-0.1,0.7,0.25,1.2,0.34,7.2,-7.81
0.08,-0.1,0.69,0.24,1.14,0.32,6.91,-7.81
0.08,-0.1,0.7,0.22,1.12,0.28,6.51,-7.94
0.07,-0.11,0.72,0.21,1.11,0.27,5.6,-8.82
0.09,-0.11,0.7,0.19,1.09,0.26,7.57,-8.61
0.11,-0.09,0.71,0.14,1.1,0.24,8.99,-6.82
0.13,-0.07,0.71,0.09,1.07,0.26,10.64,-5.79
0.14,-0.07,0.71,0.01,1.1,0.26,10.98,-5.19
0.14,-0.07,0.73,-0.06,1.07,0.27,10.46,-5.03
0.14,-0.07,0.75,-0.11,1.04,0.28,10.23,-4.95
0.13,-0.05,0.75,-0.16,1.0,0.3,9.77,-3.96
0.11,-0.04,0.76,-0.23,1.01,0.29,8.43,-3.29
0.1,-0.05,0.78,-0.25,0.96,0.3,7.09,-3.59
0.09,-0.05,0.8,-0.22,0.9,0.29,6.3,-3.31
0.08,-0.04,0.81,-0.22,0.86,0.29,5.63,-3.1
0.07,-0.04,0.82,-0.19,0.81,0.29,5.2,-2.94
0.08,-0.03,0.84,-0.16,0.75,0.3,5.31,-2.32
0.08,-0.03,0.85,-0.11,0.68,0.29,5.07,-2.31
0.08,-0.04,0.84,-0.06,0.59,0.29,5.11,-2.94
0.06,-0.06,0.84,-0.06,0.55,0.27,4.29,-3.77
0.05,-0.06,0.84,-0.02,0.5,0.26,3.34,-4.3
0.05,-0.07,0.83,0.03,0.45,0.24,3.24,-4.5
0.03,-0.08,0.83,0.06,0.39,0.24,2.11,-5.26
0.02,-0.1,0.81,0.09,0.38,0.19,1.27,-7.29
0.01,-0.11,0.81,0.12,0.37,0.16,0.73,-7.89
0.01,-0.11,0.81,0.15,0.36,0.13,0.91,-7.81
0.02,-0.1,0.81,0.17,0.35,0.11,1.21,-7.1
0.02,-0.11,0.83,0.17,0.36,0.08,1.63,-7.27
0.04,-0.09,0.82,0.14,0.37,0.08,2.84,-6.56
0.06,-0.08,0.82,0.11,0.36,0.09,4.06,-5.76
0.08,-0.06,0.83,0.06,0.35,0.09,5.46,-3.99
0.09,-0.06,0.84,0.01,0.35,0.1,6.1,-4.21
0.08,-0.06,0.85,-0.05,0.35,0.11,5.56,-4.12
0.07,-0.07,0.86,-0.1,0.33,0.14,4.74,-4.38
0.05,-0.07,0.87,-0.15,0.32,0.15,2.99,-4.89
0.03,-0.09,0.87,-0.17,0.3,0.13,1.78,-5.6
0.01,-0.08,0.88,-0.18,0.32,0.13,0.62,-5.31
-0.0,-0.08,0.9,-0.15,0.27,0.14,-0.31,-5.09
-0.0,-0.08,0.91,-0.16,0.22,0.15,-0.04,-5.11
-0.01,-0.08,0.91,-0.11,0.19,0.13,-0.49,-4.94
-0.02,-0.07,0.92,-0.05,0.17,0.1,-1.03,-4.45
-0.02,-0.07,0.92,-0.03,0.14,0.12,-1.06,-4.39
-0.01,-0.07,0.92,0.02,0.11,0.11,-0.61,-4.14
0.01,-0.06,0.91,0.05,0.07,0.12,0.5,-4.02
0.01,-0.07,0.89,0.05,0.05,0.14,0.81,-4.6
0.01,-0.07,0.87,0.07,0.02,0.14,0.51,-4.8
-0.0,-0.09,0.86,0.07,0.03,0.12,-0.11,-6.26
-0.01,-0.12,0.85,0.09,0.01,0.11,-0.34,-7.92
-0.01,-0.14,0.84,0.06,0.03,0.08,-0.76,-9.3
-0.01,-0.13,0.84,0.05,0.05,0.06,-0.62,-9.1
0.02,-0.11,0.83,0.03,0.07,0.03,1.68,-7.52
0.04,-0.09,0.84,-0.01,0.06,0.02,2.44,-6.12
0.03,-0.09,0.86,-0.06,0.1,0.02,2.26,-5.94
0.02,-0.1,0.87,-0.09,0.08,0.03,1.22,-6.7
0.01,-0.1,0.89,-0.1,0.07,0.03,0.65,-6.47
-0.0,-0.09,0.9,-0.13,0.06,0.04,-0.3,-6.02
-0.01,-0.1,0.91,-0.13,0.04,0.02,-0.78,-6.02
-0.03,-0.09,0.92,-0.15,0.04,0.05,-1.65,-5.79
-0.04,-0.09,0.94,-0.13,0.01,0.06,-2.21,-5.52
-0.04,-0.09,0.94,-0.12,-0.02,0.08,-2.26,-5.43
-0.04,-0.09,0.94,-0.12,-0.01,0.09,-2.32,-5.27
-0.05,-0.09,0.94,-0.11,-0.04,0.11,-2.75,-5.55
-0.05,-0.09,0.93,-0.07,-0.06,0.11,-2.91,-5.66
-0.05,-0.08,0.93,-0.04,-0.08,0.11,-3.17,-5.06
-0.05,-0.08,0.93,-0.03,-0.07,0.13,-2.97,-4.67
-0.04,-0.08,0.93,-0.0,-0.09,0.14,-2.6,-4.72
-0.03,-0.07,0.93,0.02,-0.1,0.16,-1.78,-4.19
-0.02,-0.07,0.92,0.05,-0.13,0.17,-1.11,-4.36
-0.02,-0.07,0.91,0.06,-0.15,0.16,-1.1,-4.7
-0.01,-0.08,0.89,0.03,-0.17,0.16,-0.87,-5.3
-0.02,-0.1,0.87,0.0,-0.18,0.15,-1.02,-6.77
-0.02,-0.12,0.87,0.01,-0.18,0.12,-1.19,-7.8
-0.02,-0.12,0.86,-0.02,-0.16,0.11,-1.11,-7.75
-0.01,-0.13,0.87,-0.08,-0.11,0.1,-0.71,-8.26
-0.02,-0.13,0.87,-0.1,-0.11,0.11,-1.44,-8.24
-0.02,-0.12,0.89,-0.17,-0.07,0.1,-1.31,-7.91
-0.03,-0.12,0.9,-0.18,-0.09,0.1,-1.6,-7.67
-0.03,-0.12,0.91,-0.22,-0.09,0.1,-1.81,-7.33
-0.04,-0.13,0.93,-0.26,-0.11,0.1,-2.5,-8.2
-0.05,-0.14,0.95,-0.27,-0.15,0.08,-3.06,-8.47
-0.08,-0.15,0.94,-0.28,-0.15,0.05,-4.74,-8.79
-0.1,-0.15,0.95,-0.31,-0.13,0.03,-5.73,-8.72
-0.12,-0.16,0.96,-0.32,-0.15,0.03,-6.73,-9.51
-0.14,-0.17,0.98,-0.31,-0.16,0.02,-7.74,-9.82
-0.17,-0.19,0.99,-0.29,-0.15,0.01,-9.29,-10.87
-0.18,-0.2,1.0,-0.25,-0.12,-0.01,-10.01,-11.13
-0.2,-0.2,1.0,-0.21,-0.1,-0.02,-10.9,-11.07
-0.19,-0.19,1.02,-0.14,-0.09,-0.03,-10.29,-10.29
-0.18,-0.17,1.03,-0.08,-0.07,-0.03,-10.05,-9.48
-0.17,-0.16,1.03,-0.02,-0.03,-0.03,-9.15,-8.69
-0.14,-0.13,1.03,0.03,-0.02,-0.0,-7.88,-6.92
-0.12,-0.11,1.02,0.09,-0.0,0.02,-6.4,-6.27
-0.09,-0.1,1.02,0.12,-0.02,0.05,-5.11,-5.65
-0.07,-0.1,1.0,0.12,0.01,0.08,-3.84,-5.47
-0.06,-0.11,0.99,0.16,-0.01,0.11,-3.22,-6.29
-0.04,-0.12,0.96,0.16,-0.0,0.12,-2.58,-6.9
-0.03,-0.13,0.93,0.18,-0.03,0.12,-1.89,-8.24
-0.03,-0.14,0.92,0.16,0.01,0.08,-1.71,-8.75
-0.03,-0.14,0.91,0.16,0.01,0.07,-1.63,-8.7
-0.01,-0.14,0.91,0.17,0.01,0.04,-0.61,-8.54
-0.0,-0.13,0.92,0.15,-0.04,0.02,-0.26,-8.3
0.01,-0.14,0.92,0.13,-0.03,-0.01,0.55,-8.52
0.01,-0.14,0.92,0.08,-0.04,-0.02,0.77,-8.44
0.01,-0.13,0.91,0.03,-0.04,-0.03,0.7,-7.94
0.0,-0.12,0.91,-0.01,-0.04,-0.03,0.14,-7.75
-0.01,-0.14,0.94,-0.06,-0.03,-0.02,-0.52,-8.3
-0.02,-0.15,0.95,-0.09,-0.01,-0.02,-1.23,-8.75
-0.04,-0.16,0.95,-0.1,-0.02,-0.01,-2.25,-9.56
-0.05,-0.17,0.95,-0.14,-0.02,-0.01,-3.16,-9.84
-0.06,-0.16,0.95,-0.16,0.02,-0.03,-3.72,-9.35
-0.08,-0.16,0.97,-0.2,0.06,-0.01,-4.59,-9.13
-0.09,-0.15,0.99,-0.18,0.07,-0.01,-5.29,-8.69
-0.09,-0.15,1.0,-0.16,0.06,0.02,-5.35,-8.39
-0.1,-0.13,0.99,-0.14,0.08,0.01,-5.83,-7.67
-0.11,-0.13,0.99,-0.12,0.07,0.02,-6.39,-7.24
-0.12,-0.12,0.99,-0.11,0.1,0.03,-6.62,-7.09
-0.12,-0.12,0.99,-0.03,0.07,0.04,-6.77,-7.04
-0.1,-0.12,0.99,0.03,0.07,0.04,-5.94,-6.81
-0.1,-0.12,0.98,0.07,0.08,0.04,-5.71,-7.13
-0.08,-0.12,0.96,0.1,0.06,0.06,-4.72,-6.86
-0.06,-0.11,0.94,0.15,0.03,0.05,-3.86,-6.91
-0.04,-0.1,0.93,0.17,0.05,0.03,-2.48,-6.42
-0.02,-0.11,0.93,0.17,0.04,0.02,-1.31,-6.49
0.0,-0.11,0.9,0.15,0.02,0.03,0.1,-6.67
0.01,-0.1,0.89,0.12,0.01,0.02,0.32,-6.56
0.02,-0.1,0.88,0.09,0.03,-0.01,1.02,-6.6
0.01,-0.11,0.89,0.04,0.03,-0.0,0.47,-6.93
0.02,-0.1,0.89,-0.01,0.02,0.01,1.16,-6.57
0.02,-0.1,0.89,-0.04,0.03,0.01,1.22,-6.39
0.01,-0.1,0.89,-0.1,0.01,0.02,0.72,-6.67
0.0,-0.1,0.89,-0.15,0.05,0.01,0.06,-6.56
-0.03,-0.11,0.9,-0.16,0.03,0.01,-1.82,-7.24
-0.04,-0.11,0.91,-0.16,0.04,-0.01,-2.42,-7.16
-0.05,-0.11,0.93,-0.16,0.01,-0.01,-2.96,-6.78
-0.06,-0.12,0.94,-0.16,0.01,-0.01,-3.5,-7.0
-0.08,-0.12,0.94,-0.13,-0.02,-0.02,-4.82,-7.44
-0.09,-0.12,0.95,-0.09,-0.01,-0.04,-5.44,-7.29
-0.1,-0.13,0.95,-0.05,-0.01,-0.05,-5.86,-7.56
-0.08,-0.12,0.96,-0.03,-0.01,-0.05,-4.64,-7.37
-0.08,-0.11,0.96,-0.02,-0.0,-0.04,-4.98,-6.79
-0.08,-0.12,0.95,0.01,-0.01,-0.02,-4.52,-6.92
-0.07,-0.12,0.95,0.01,-0.02,-0.02,-4.06,-6.94
-0.07,-0.11,0.95,0.01,0.01,-0.01,-3.98,-6.41
-0.05,-0.09,0.96,0.01,0.02,0.01,-3.25,-5.48
-0.04,-0.1,0.97,0.02,-0.0,0.03,-2.64,-5.8
-0.04,-0.1,0.95,0.01,-0.01,0.05,-2.12,-6.12
-0.03,-0.1,0.93,-0.01,-0.01,0.03,-2.13,-5.98
-0.04,-0.1,0.92,-0.05,0.01,0.04,-2.56,-6.43
-0.04,-0.1,0.92,-0.06,0.02,0.03,-2.54,-6.11
-0.04,-0.09,0.94,-0.05,0.01,0.03,-2.4,-5.74
-0.03,-0.08,0.94,-0.06,0.02,0.03,-1.89,-5.04
-0.03,-0.08,0.94,-0.09,0.01,0.04,-1.89,-5.13
-0.04,-0.09,0.94,-0.1,-0.01,0.05,-2.29,-5.66
-0.05,-0.11,0.95,-0.09,-0.03,0.04,-3.0,-6.57
-0.06,-0.11,0.94,-0.1,-0.01,0.04,-3.42,-6.82
-0.07,-0.12,0.95,-0.1,0.01,0.04,-4.04,-7.46
-0.07,-0.11,0.95,-0.12,0.04,0.05,-3.92,-6.76
-0.06,-0.11,0.96,-0.09,0.03,0.06,-3.84,-6.63
-0.06,-0.11,0.97,-0.07,0.03,0.07,-3.82,-6.74
-0.06,-0.13,0.95,-0.06,0.04,0.06,-3.82,-7.65
-0.06,-0.13,0.94,-0.04,0.03,0.05,-3.77,-7.64
-0.06,-0.12,0.93,0.01,0.02,0.03,-3.68,-7.48
-0.05,-0.11,0.93,0.03,0.02,0.02,-2.79,-6.54
-0.02,-0.09,0.94,0.02,0.04,0.01,-1.41,-5.49
-0.0,-0.08,0.93,0.03,0.01,0.02,-0.23,-5.14
0.01,-0.08,0.92,0.02,-0.01,0.04,0.59,-5.09
0.01,-0.08,0.91,0.03,-0.04,0.03,0.49,-4.92
0.01,-0.08,0.91,0.01,-0.03,0.02,0.89,-5.18
0.02,-0.09,0.91,-0.02,-0.04,0.03,1.22,-5.97
0.02,-0.1,0.91,-0.01,-0.07,0.02,1.0,-6.04
0.02,-0.09,0.9,-0.04,-0.07,0.03,0.96,-5.9
0.01,-0.09,0.9,-0.06,-0.05,0.02,0.5,-5.96
-0.0,-0.1,0.9,-0.06,-0.06,0.01,-0.19,-6.4
0.01,-0.1,0.89,-0.05,-0.07,0.0,0.91,-6.32
0.03,-0.09,0.88,-0.03,-0.06,-0.01,1.76,-6.12
0.07,-0.08,0.86,-0.03,-0.06,-0.01,4.45,-5.35
0.1,-0.06,0.83,-0.06,-0.06,-0.02,6.81,-4.19
0.13,-0.05,0.82,-0.07,-0.07,-0.02,8.71,-3.66
0.14,-0.05,0.8,-0.11,-0.1,-0.01,10.18,-3.51
0.16,-0.05,0.77,-0.15,-0.1,-0.02,11.63,-3.79
0.18,-0.06,0.75,-0.15,-0.13,-0.03,13.15,-4.08
0.18,-0.07,0.73,-0.16,-0.16,-0.07,14.17,-5.04
0.2,-0.07,0.69,-0.16,-0.21,-0.1,16.31,-5.3
0.22,-0.06,0.67,-0.17,-0.23,-0.15,18.08,-4.99
0.24,-0.04,0.65,-0.18,-0.27,-0.19,20.45,-3.43
0.25,-0.04,0.62,-0.16,-0.31,-0.24,22.02,-3.19
0.26,-0.03,0.6,-0.14,-0.36,-0.27,23.64,-3.02
0.28,-0.01,0.58,-0.11,-0.38,-0.32,25.91,-0.95
0.3,0.02,0.55,-0.07,-0.41,-0.35,28.95,2.04
0.33,0.05,0.53,-0.02,-0.47,-0.37,31.67,4.15
0.36,0.09,0.5,0.04,-0.52,-0.4,35.07,8.14
0.39,0.11,0.46,0.11,-0.6,-0.41,38.91,10.36
0.43,0.15,0.43,0.16,-0.68,-0.4,43.42,13.75
0.47,0.17,0.4,0.23,-0.82,-0.39,47.41,15.62
0.52,0.21,0.34,0.29,-0.94,-0.41,51.96,18.93
0.55,0.22,0.3,0.31,-1.1,-0.41,55.86,19.23
0.57,0.23,0.25,0.31,-1.24,-0.45,59.62,20.01
0.6,0.25,0.21,0.29,-1.44,-0.47,61.25,21.5
0.63,0.25,0.18,0.27,-1.68,-0.47,63.82,20.82
0.66,0.23,0.13,0.23,-1.9,-0.47,68.49,18.64
0.64,0.18,0.08,0.15,-2.1,-0.47,72.92,15.68
0.6,0.14,0.03,0.09,-2.31,-0.51,76.93,12.78
0.54,0.06,-0.03,0.01,-2.51,-0.59,82.64,6.73
0.49,-0.02,-0.05,-0.05,-2.69,-0.74,83.88,-2.12
0.46,-0.07,-0.06,-0.1,-2.84,-0.86,77.87,-9.21
0.41,-0.09,-0.06,-0.16,-2.96,-0.99,75.1,-12.03
0.37,-0.09,-0.06,-0.24,-3.08,-1.11,73.98,-13.0
0.33,-0.08,-0.04,-0.3,-3.21,-1.2,75.17,-13.21
0.3,-0.07,-0.0,-0.36,-3.34,-1.26,76.44,-13.55
0.26,-0.06,0.02,-0.41,-3.48,-1.28,76.22,-12.97
0.21,-0.06,0.05,-0.41,-3.61,-1.28,70.31,-14.86
0.17,-0.05,0.06,-0.43,-3.75,-1.27,64.68,-16.04
0.13,-0.05,0.08,-0.42,-3.87,-1.25,52.28,-17.29
0.09,-0.04,0.1,-0.4,-4.0,-1.18,37.92,-17.76
0.06,-0.03,0.11,-0.37,-4.13,-1.13,28.72,-15.75
0.06,-0.02,0.1,-0.33,-4.24,-1.06,28.11,-8.43
0.07,0.01,0.08,-0.32,-4.38,-0.96,42.03,6.53
0.08,0.03,0.05,-0.37,-4.4,-0.85,55.72,18.33
0.06,0.02,-0.01,-0.41,-4.4,-0.73,67.93,21.31
-0.0,-0.03,-0.06,-0.48,-4.4,-0.6,-2.12,-24.59
-0.1,-0.1,-0.07,-0.55,-4.4,-0.5,-38.46,-40.0
-0.26,-0.28,-0.1,-0.59,-4.4,-0.44,-41.12,-45.03
-0.41,-0.49,-0.04,-0.54,-4.4,-0.5,-39.92,-49.86
-0.56,-0.67,0.02,-0.46,-4.4,-0.61,-39.76,-50.22
-0.63,-0.76,0.01,-0.39,-4.4,-0.79,-39.33,-50.66
-0.67,-0.81,-0.04,-0.38,-4.4,-1.03,-39.7,-50.2
-0.69,-0.79,-0.08,-0.46,-4.4,-1.27,-41.03,-48.65
-0.7,-0.75,-0.13,-0.6,-4.4,-1.48,-42.52,-46.64
-0.73,-0.71,-0.12,-0.81,-4.4,-1.63,-45.09,-44.12
-0.75,-0.66,-0.07,-1.04,-4.4,-1.72,-48.67,-41.03
-0.76,-0.57,0.02,-1.26,-4.4,-1.72,-53.12,-36.84
-0.78,-0.51,0.1,-1.48,-4.4,-1.66,-56.21,-33.15
-0.84,-0.46,0.16,-1.69,-4.4,-1.57,-59.92,-28.2
-0.91,-0.4,0.28,-1.9,-4.4,-1.43,-61.68,-22.89
-0.97,-0.36,0.43,-2.03,-4.4,-1.28,-60.09,-18.59
-1.02,-0.31,0.58,-2.13,-4.4,-1.09,-57.03,-14.88
-1.02,-0.26,0.72,-2.13,-4.4,-0.85,-53.02,-11.75
-1.02,-0.24,0.85,-2.1,-4.4,-0.58,-49.04,-10.29
-1.04,-0.3,0.98,-2.01,-4.4,-0.28,-45.55,-11.99
-1.14,-0.44,1.14,-1.87,-4.4,-0.04,-42.99,-15.24
-1.24,-0.6,1.34,-1.64,-4.4,0.11,-40.21,-18.09
-1.38,-0.81,1.56,-1.34,-4.4,0.15,-38.16,-21.18
-1.47,-0.99,1.76,-0.92,-4.4,0.04,-36.09,-23.36
-1.48,-1.1,1.9,-0.43,-4.4,-0.18,-33.94,-24.54
-1.42,-1.12,1.96,0.04,-4.4,-0.46,-32.2,-24.85
-1.33,-1.1,1.92,0.5,-4.4,-0.75,-30.95,-25.15
-1.2,-1.02,1.81,0.86,-4.4,-1.0,-30.0,-25.11
-1.06,-0.91,1.68,1.14,-4.4,-1.2,-28.95,-24.69
-0.92,-0.8,1.56,1.33,-4.4,-1.32,-27.7,-23.94
-0.8,-0.7,1.45,1.44,-4.4,-1.35,-26.27,-23.04
-0.71,-0.66,1.35,1.48,-4.4,-1.32,-25.19,-23.4
-0.66,-0.63,1.28,1.47,-4.4,-1.28,-24.73,-23.83
-0.62,-0.64,1.24,1.34,-4.4,-1.09,-24.0,-24.93
-0.62,-0.66,1.23,1.16,-4.4,-0.97,-24.11,-25.74
-0.64,-0.71,1.23,0.95,-4.4,-0.85,-24.41,-27.12
-0.65,-0.76,1.26,0.64,-4.4,-0.73,-23.89,-28.11
-0.64,-0.79,1.28,0.29,-4.4,-0.61,-23.19,-28.94
-0.66,-0.8,1.32,-0.1,-4.4,-0.5,-23.07,-28.49
-0.7,-0.79,1.4,-0.53,-4.4,-0.4,-23.62,-26.6
-0.75,-0.77,1.52,-0.92,-4.4,-0.33,-23.7,-24.35
-0.76,-0.74,1.68,-1.29,-4.4,-0.26,-22.6,-21.74
-0.75,-0.69,1.87,-1.61,-4.4,-0.25,-20.58,-18.82
-0.71,-0.61,2.05,-1.8,-4.28,-0.26,-18.31,-15.62
-0.66,-0.5,2.16,-1.88,-4.04,-0.29,-16.5,-12.55
-0.62,-0.4,2.25,-1.9,-3.81,-0.37,-15.09,-9.82
-0.56,-0.3,2.3,-1.85,-3.51,-0.45,-13.58,-7.29
-0.48,-0.19,2.3,-1.79,-3.23,-0.55,-11.77,-4.53
-0.39,-0.07,2.27,-1.67,-2.98,-0.61,-9.81,-1.82
-0.3,0.04,2.23,-1.5,-2.75,-0.62,-7.65,0.98
-0.21,0.13,2.16,-1.34,-2.54,-0.62,-5.5,3.35
-0.13,0.19,2.09,-1.11,-2.4,-0.55,-3.45,5.24
-0.06,0.22,2.04,-0.87,-2.29,-0.46,-1.76,6.12
-0.03,0.22,1.99,-0.61,-2.21,-0.39,-0.79,6.3
-0.02,0.21,1.94,-0.34,-2.11,-0.31,-0.66,6.04
-0.02,0.18,1.91,-0.11,-2.07,-0.26,-0.69,5.3
-0.04,0.14,1.86,0.12,-2.01,-0.23,-1.37,4.24
-0.06,0.12,1.78,0.33,-1.95,-0.22,-1.83,3.74
-0.06,0.1,1.7,0.5,-1.92,-0.23,-2.1,3.41
-0.07,0.08,1.62,0.62,-1.89,-0.22,-2.44,2.74
-0.07,0.04,1.56,0.71,-1.9,-0.18,-2.39,1.6
-0.05,0.03,1.5,0.8,-1.91,-0.15,-1.87,1.03
-0.04,0.02,1.46,0.86,-1.95,-0.11,-1.49,0.95
-0.02,0.02,1.44,0.9,-1.95,-0.06,-0.77,0.7
0.0,0.01,1.44,0.94,-1.99,-0.01,0.08,0.22
0.04,-0.01,1.47,0.99,-2.03,0.03,1.42,-0.51
0.07,-0.04,1.49,1.02,-2.02,0.07,2.69,-1.47
0.1,-0.05,1.52,1.08,-2.01,0.09,3.81,-2.02
0.11,-0.09,1.54,1.11,-1.98,0.11,4.11,-3.38
0.1,-0.13,1.55,1.15,-1.94,0.11,3.85,-4.92
0.1,-0.17,1.57,1.16,-1.88,0.1,3.48,-6.26
0.08,-0.21,1.57,1.15,-1.78,0.09,2.93,-7.51
0.08,-0.24,1.57,1.11,-1.71,0.08,2.85,-8.54
0.08,-0.26,1.57,1.08,-1.6,0.02,2.88,-9.3
0.07,-0.27,1.55,1.02,-1.49,-0.03,2.63,-10.0
0.06,-0.27,1.51,0.94,-1.38,-0.08,2.08,-10.11
0.05,-0.27,1.46,0.83,-1.28,-0.13,1.95,-10.43
0.05,-0.25,1.42,0.71,-1.17,-0.17,1.95,-10.05
0.07,-0.22,1.39,0.59,-1.08,-0.19,2.7,-8.95
0.08,-0.2,1.36,0.45,-0.97,-0.21,3.17,-8.45
0.09,-0.18,1.34,0.33,-0.89,-0.2,3.7,-7.51
0.09,-0.14,1.33,0.23,-0.81,-0.19,3.84,-6.2
0.08,-0.12,1.33,0.13,-0.74,-0.17,3.44,-5.22
0.08,-0.1,1.33,0.06,-0.65,-0.16,3.32,-4.21
0.06,-0.08,1.33,-0.02,-0.56,-0.15,2.78,-3.29
0.05,-0.05,1.33,-0.06,-0.5,-0.14,2.34,-2.35
0.05,-0.04,1.33,-0.11,-0.43,-0.13,1.97,-1.69
0.04,-0.02,1.32,-0.13,-0.38,-0.12,1.8,-0.94
0.03,-0.01,1.32,-0.15,-0.32,-0.09,1.39,-0.27
0.03,0.01,1.32,-0.15,-0.26,-0.08,1.1,0.42
0.01,0.02,1.32,-0.13,-0.21,-0.08,0.65,0.69
0.01,0.02,1.32,-0.12,-0.14,-0.09,0.46,0.79
0.01,0.02,1.32,-0.11,-0.07,-0.1,0.25,0.77
-0.01,0.01,1.31,-0.07,-0.02,-0.1,-0.54,0.46
-0.01,-0.0,1.31,-0.06,0.03,-0.11,-0.65,-0.07
-0.03,-0.02,1.31,-0.05,0.09,-0.14,-1.22,-0.67
-0.03,-0.02,1.3,-0.02,0.14,-0.14,-1.24,-0.79
-0.04,-0.02,1.27,0.01,0.21,-0.16,-1.81,-0.87
-0.05,-0.02,1.25,0.02,0.26,-0.17,-2.28,-0.94
-0.07,-0.02,1.22,0.04,0.31,-0.18,-3.07,-1.09
-0.09,-0.03,1.19,0.04,0.38,-0.18,-4.12,-1.49
-0.09,-0.04,1.18,0.06,0.4,-0.16,-4.52,-1.76
-0.1,-0.04,1.17,0.08,0.42,-0.14,-5.13,-1.76
-0.12,-0.04,1.16,0.12,0.45,-0.14,-5.9,-2.01
-0.15,-0.05,1.14,0.13,0.49,-0.12,-7.28,-2.75
-0.16,-0.07,1.11,0.13,0.51,-0.11,-8.09,-3.58
-0.17,-0.08,1.09,0.14,0.53,-0.1,-8.93,-4.01
-0.18,-0.09,1.07,0.13,0.54,-0.07,-9.58,-4.85
-0.19,-0.1,1.06,0.11,0.58,-0.05,-10.37,-5.48
-0.2,-0.11,1.04,0.1,0.59,-0.02,-11.03,-6.03
-0.22,-0.12,1.03,0.1,0.57,0.0,-11.86,-6.56
-0.23,-0.12,1.02,0.1,0.58,0.01,-12.45,-6.64
-0.23,-0.12,1.01,0.08,0.58,0.04,-12.64,-6.56
-0.22,-0.13,1.03,0.08,0.57,0.06,-12.08,-7.04
-0.23,-0.14,1.04,0.15,0.67,-0.05,-12.45,-7.35
-0.23,-0.14,1.04,0.12,0.53,0.09,-12.59,-7.73
-0.26,-0.16,1.04,0.14,0.53,0.08,-13.89,-8.56
-0.26,-0.17,1.03,0.16,0.53,0.08,-14.2,-9.11
-0.27,-0.17,1.03,0.19,0.51,0.06,-14.36,-9.28
-0.27,-0.18,1.01,0.21,0.5,0.03,-14.84,-9.66
-0.28,-0.18,1.0,0.21,0.49,0.0,-15.27,-9.65
-0.28,-0.18,0.99,0.22,0.47,0.0,-15.55,-9.83
-0.28,-0.17,0.98,0.24,0.43,-0.0,-15.55,-9.53
-0.27,-0.16,0.98,0.26,0.39,0.0,-15.23,-9.08
-0.26,-0.15,0.98,0.28,0.4,-0.0,-14.46,-8.56
-0.25,-0.15,0.98,0.32,0.38,0.01,-14.26,-8.43
-0.26,-0.15,0.98,0.34,0.36,0.02,-14.53,-8.48
-0.26,-0.16,0.99,0.39,0.31,0.04,-14.61,-9.13
-0.26,-0.18,0.98,0.44,0.3,0.04,-14.63,-10.28
-0.26,-0.18,0.98,0.46,0.3,0.06,-14.79,-10.14
-0.25,-0.19,0.98,0.5,0.27,0.08,-14.19,-10.56
-0.27,-0.21,0.99,0.54,0.26,0.08,-15.22,-11.64
-0.29,-0.23,0.99,0.54,0.27,0.05,-15.76,-12.46
-0.28,-0.24,0.98,0.55,0.25,0.03,-15.68,-13.38
-0.29,-0.25,0.95,0.54,0.22,0.02,-16.19,-14.08
-0.28,-0.26,0.94,0.52,0.21,0.01,-16.04,-14.73
-0.28,-0.26,0.93,0.51,0.17,0.03,-16.23,-14.98
-0.28,-0.26,0.93,0.47,0.18,0.02,-16.28,-15.11
-0.28,-0.27,0.93,0.43,0.16,0.03,-16.17,-15.35
-0.27,-0.26,0.95,0.42,0.15,0.04,-15.47,-14.87
-0.27,-0.26,0.95,0.37,0.17,0.04,-15.3,-14.62
-0.26,-0.26,0.96,0.35,0.18,0.05,-14.68,-14.65
-0.26,-0.27,0.95,0.31,0.2,0.05,-14.79,-15.24
-0.26,-0.28,0.95,0.31,0.19,0.05,-14.83,-15.56
-0.26,-0.29,0.94,0.29,0.19,0.06,-14.88,-16.21
-0.27,-0.29,0.94,0.26,0.2,0.08,-15.1,-16.54
-0.27,-0.3,0.95,0.23,0.21,0.06,-14.95,-16.87
-0.27,-0.3,0.95,0.18,0.2,0.08,-15.0,-17.08
-0.27,-0.31,0.95,0.15,0.19,0.06,-14.98,-17.44
-0.27,-0.31,0.94,0.11,0.22,0.04,-15.56,-17.55
-0.27,-0.29,0.93,0.07,0.19,0.03,-15.39,-16.91
-0.26,-0.29,0.92,0.06,0.17,0.02,-15.31,-16.62
-0.26,-0.27,0.93,0.02,0.16,0.02,-14.98,-15.59
-0.26,-0.26,0.93,-0.02,0.18,0.01,-15.27,-14.86
-0.26,-0.25,0.94,-0.05,0.16,0.02,-15.15,-14.55
-0.25,-0.23,0.94,-0.03,0.15,0.01,-14.52,-13.29
-0.24,-0.22,0.94,-0.07,0.16,0.03,-14.12,-12.73
-0.23,-0.21,0.95,-0.06,0.15,0.03,-13.48,-12.01
-0.23,-0.2,0.95,-0.05,0.13,0.05,-13.28,-11.51
-0.23,-0.19,0.96,-0.02,0.11,0.05,-13.03,-11.17
-0.23,-0.19,0.96,0.02,0.07,0.08,-13.23,-10.9
-0.23,-0.19,0.97,0.03,0.08,0.08,-13.05,-10.54
-0.23,-0.19,0.98,0.04,0.05,0.08,-13.08,-10.69
-0.23,-0.19,1.0,0.09,0.05,0.04,-12.71,-10.4
-0.23,-0.19,1.01,0.12,0.01,0.04,-12.42,-10.65
-0.23,-0.2,1.01,0.15,-0.0,0.04,-12.51,-10.98
-0.22,-0.19,1.01,0.17,-0.0,0.01,-12.36,-10.29
-0.22,-0.18,1.0,0.21,-0.03,-0.0,-12.21,-10.22
-0.2,-0.19,1.01,0.23,-0.07,0.0,-11.25,-10.67
-0.2,-0.19,1.02,0.25,-0.07,0.01,-11.12,-10.49
-0.2,-0.2,1.01,0.27,-0.07,0.03,-11.15,-11.17
-0.21,-0.23,1.01,0.27,-0.05,0.04,-11.29,-12.42
-0.22,-0.26,0.99,0.24,-0.05,0.04,-11.89,-14.14
-0.22,-0.28,0.98,0.19,-0.01,0.05,-12.21,-15.64
-0.22,-0.3,0.98,0.11,0.01,0.07,-12.35,-16.58
-0.22,-0.3,0.98,0.06,0.03,0.08,-11.84,-16.7
-0.21,-0.31,0.99,0.0,0.02,0.11,-11.61,-16.83
-0.2,-0.3,0.99,-0.02,0.03,0.1,-11.06,-16.38
-0.2,-0.29,1.0,-0.07,0.03,0.1,-11.04,-16.07
-0.2,-0.29,1.01,-0.11,0.01,0.09,-10.79,-15.91
-0.19,-0.28,1.03,-0.12,-0.01,0.07,-10.21,-14.77
-0.18,-0.25,1.04,-0.12,-0.02,0.06,-9.67,-13.18
-0.18,-0.23,1.05,-0.14,0.0,0.05,-9.58,-12.2
-0.17,-0.21,1.05,-0.12,-0.01,0.04,-9.25,-11.25
-0.17,-0.19,1.04,-0.06,-0.03,0.04,-9.21,-10.43
-0.16,-0.18,1.04,-0.03,-0.04,0.04,-8.59,-9.88
-0.15,-0.18,1.04,0.03,-0.05,0.04,-8.32,-9.54
-0.16,-0.17,1.04,0.07,-0.06,0.04,-8.45,-9.29
-0.16,-0.19,1.05,0.12,-0.09,0.03,-8.34,-9.98
-0.16,-0.2,1.05,0.17,-0.11,0.03,-8.39,-10.79
-0.16,-0.22,1.03,0.17,-0.1,0.03,-8.65,-12.09
-0.16,-0.23,1.04,0.19,-0.12,0.03,-8.51,-12.55
-0.16,-0.24,1.03,0.21,-0.14,0.03,-8.44,-13.09
-0.16,-0.25,1.02,0.2,-0.13,0.01,-8.75,-13.45
-0.16,-0.26,1.01,0.19,-0.12,-0.0,-8.81,-14.04
-0.17,-0.26,1.01,0.17,-0.12,-0.01,-9.14,-14.31
-0.16,-0.26,1.01,0.13,-0.12,-0.02,-8.92,-14.36
-0.16,-0.26,1.02,0.13,-0.15,-0.01,-8.77,-13.99
-0.16,-0.24,1.01,0.1,-0.14,-0.02,-8.61,-13.43
-0.15,-0.23,1.01,0.07,-0.14,-0.0,-8.47,-12.65
-0.14,-0.21,0.99,0.06,-0.16,0.01,-8.09,-11.74
-0.14,-0.19,0.99,0.06,-0.18,0.05,-7.62,-10.85
-0.12,-0.17,1.01,0.06,-0.16,0.07,-6.87,-9.66
-0.11,-0.18,1.04,0.06,-0.15,0.11,-6.08,-9.73
-0.11,-0.19,1.05,0.09,-0.16,0.14,-5.91,-10.11
-0.12,-0.21,1.06,0.12,-0.16,0.14,-6.12,-11.06
-0.13,-0.22,1.06,0.11,-0.14,0.13,-6.7,-11.76
-0.13,-0.24,1.06,0.08,-0.13,0.12,-6.92,-12.44
-0.14,-0.24,1.07,0.09,-0.13,0.09,-7.29,-12.81
-0.13,-0.25,1.06,0.09,-0.13,0.05,-7.02,-13.02
-0.13,-0.24,1.05,0.07,-0.12,0.02,-7.02,-13.01
-0.14,-0.24,1.04,0.03,-0.1,0.01,-7.47,-13.04
-0.14,-0.24,1.03,0.01,-0.12,0.0,-7.81,-12.89
-0.15,-0.23,1.03,0.01,-0.13,-0.01,-7.9,-12.27
-0.14,-0.21,1.04,-0.0,-0.13,-0.05,-7.56,-11.38
-0.14,-0.19,1.04,-0.02,-0.12,-0.07,-7.52,-10.23
-0.13,-0.18,1.05,-0.02,-0.12,-0.07,-7.08,-9.53
-0.13,-0.17,1.05,-0.0,-0.15,-0.08,-6.76,-8.99
-0.13,-0.16,1.06,0.02,-0.15,-0.09,-6.9,-8.63
-0.14,-0.15,1.07,0.02,-0.14,-0.09,-7.36,-8.05
-0.13,-0.17,1.07,0.04,-0.14,-0.08,-6.99,-8.74
-0.13,-0.17,1.06,0.07,-0.13,-0.09,-6.91,-8.81
-0.13,-0.17,1.05,0.07,-0.13,-0.09,-7.16,-9.25
-0.14,-0.18,1.04,0.04,-0.1,-0.09,-7.35,-9.87
-0.15,-0.19,1.04,0.03,-0.11,-0.08,-8.27,-10.15
-0.15,-0.19,1.04,0.03,-0.1,-0.08,-8.2,-10.52
-0.15,-0.2,1.04,-0.01,-0.1,-0.08,-8.07,-10.59
-0.16,-0.19,1.04,-0.04,-0.08,-0.09,-8.78,-10.41
-0.17,-0.18,1.04,-0.06,-0.1,-0.08,-8.9,-9.91
-0.16,-0.17,1.05,-0.07,-0.09,-0.1,-8.47,-9.23
-0.16,-0.16,1.06,-0.08,-0.1,-0.11,-8.28,-8.65
-0.15,-0.16,1.07,-0.09,-0.09,-0.12,-7.91,-8.38
-0.15,-0.15,1.08,-0.11,-0.08,-0.1,-7.76,-8.08
-0.14,-0.15,1.09,-0.1,-0.08,-0.1,-7.28,-7.76
-0.14,-0.15,1.1,-0.1,-0.07,-0.09,-7.18,-7.74
-0.14,-0.16,1.1,-0.11,-0.04,-0.09,-7.13,-8.37
-0.15,-0.17,1.1,-0.1,-0.01,-0.09,-7.71,-8.64
-0.16,-0.17,1.08,-0.12,0.03,-0.09,-8.16,-8.89
-0.16,-0.17,1.07,-0.13,0.03,-0.08,-8.41,-8.84
-0.17,-0.17,1.05,-0.15,0.06,-0.08,-8.97,-8.91
-0.17,-0.16,1.03,-0.17,0.07,-0.07,-9.09,-8.87
-0.18,-0.16,1.02,-0.18,0.07,-0.06,-9.63,-8.72
-0.17,-0.15,1.02,-0.18,0.04,-0.04,-9.47,-8.48
-0.17,-0.14,1.02,-0.18,0.06,-0.04,-9.45,-7.91
-0.16,-0.13,1.03,-0.19,0.04,-0.03,-9.01,-6.99
-0.17,-0.12,1.04,-0.17,0.01,-0.03,-9.25,-6.26
-0.17,-0.11,1.04,-0.16,0.01,-0.03,-9.05,-5.8
-0.17,-0.1,1.04,-0.12,-0.0,-0.05,-9.15,-5.47
-0.16,-0.1,1.05,-0.11,0.0,-0.04,-8.81,-5.31
-0.15,-0.1,1.05,-0.05,-0.01,-0.02,-8.06,-5.13
-0.15,-0.11,1.06,-0.01,-0.02,-0.01,-8.02,-5.75
-0.15,-0.12,1.06,0.01,0.0,0.0,-8.14,-6.26
-0.16,-0.14,1.06,0.02,0.02,0.01,-8.47,-7.19
-0.16,-0.16,1.06,0.03,0.03,0.01,-8.59,-8.33
-0.18,-0.18,1.05,0.04,0.01,-0.0,-9.32,-9.41
-0.19,-0.19,1.04,0.04,0.01,-0.01,-9.91,-10.35
-0.18,-0.2,1.03,0.01,0.02,-0.01,-9.91,-10.93
-0.19,-0.21,1.02,-0.02,0.02,-0.02,-10.09,-11.23
-0.18,-0.2,1.01,-0.06,0.01,-0.01,-10.02,-11.0
-0.18,-0.18,1.01,-0.08,0.01,-0.03,-9.79,-10.2
-0.17,-0.17,1.01,-0.09,0.02,-0.02,-9.51,-9.39
-0.17,-0.16,1.02,-0.12,0.01,0.0,-9.42,-8.77
-0.16,-0.15,1.03,-0.1,-0.0,0.0,-9.01,-8.08
-0.16,-0.14,1.03,-0.08,0.01,0.01,-8.73,-7.71
-0.16,-0.13,1.03,-0.08,0.02,0.01,-8.62,-7.07
-0.15,-0.12,1.03,-0.07,0.02,0.02,-8.35,-6.73
-0.15,-0.13,1.03,-0.05,0.02,0.04,-8.23,-7.17
-0.16,-0.14,1.03,-0.01,-0.01,0.04,-8.68,-7.55
-0.16,-0.16,1.02,-0.0,0.0,0.04,-8.77,-8.99
-0.16,-0.17,1.02,-0.0,-0.01,0.06,-8.54,-9.47
-0.16,-0.19,1.02,0.02,-0.01,0.05,-8.63,-10.36
-0.16,-0.2,1.03,0.01,-0.03,0.06,-8.92,-10.94
-0.17,-0.22,1.04,-0.03,-0.01,0.04,-8.92,-11.56
-0.16,-0.21,1.06,-0.04,-0.03,0.03,-8.35,-11.29
-0.15,-0.21,1.06,-0.03,-0.03,-0.01,-8.01,-11.1
-0.15,-0.2,1.07,-0.04,-0.05,-0.02,-7.94,-10.52
-0.15,-0.19,1.05,-0.05,-0.05,-0.03,-7.97,-10.04
-0.14,-0.17,1.05,-0.06,-0.03,-0.04,-7.33,-9.31
-0.13,-0.16,1.05,-0.05,-0.02,-0.04,-6.83,-8.74
-0.13,-0.15,1.05,-0.06,-0.03,-0.0,-6.86,-8.15
-0.13,-0.15,1.05,-0.05,0.0,0.01,-6.83,-8.02
-0.13,-0.15,1.06,-0.05,0.01,0.03,-6.91,-8.26
-0.14,-0.15,1.06,-0.05,0.02,0.04,-7.32,-8.25
-0.14,-0.16,1.05,-0.04,0.01,0.05,-7.6,-8.68
-0.14,-0.17,1.05,-0.04,0.03,0.04,-7.43,-9.02
-0.14,-0.17,1.05,-0.04,0.03,0.06,-7.3,-8.93
-0.14,-0.17,1.05,-0.03,0.03,0.06,-7.28,-8.92
-0.14,-0.17,1.04,-0.01,0.01,0.09,-7.45,-9.37
-0.14,-0.18,1.04,-0.02,0.03,0.08,-7.43,-9.55
-0.14,-0.18,1.05,-0.02,0.01,0.08,-7.64,-9.85
-0.14,-0.19,1.06,0.0,0.0,0.07,-7.26,-10.19
-0.14,-0.21,1.07,0.03,-0.03,0.05,-7.24,-10.94
-0.14,-0.21,1.08,0.03,-0.03,0.02,-7.16,-10.87
-0.14,-0.21,1.08,0.02,-0.02,-0.01,-7.31,-10.88
-0.13,-0.2,1.08,0.04,-0.04,-0.02,-6.78,-10.28
-0.13,-0.19,1.07,0.06,-0.04,-0.05,-6.77,-10.2
-0.12,-0.19,1.06,0.06,-0.03,-0.08,-6.48,-9.91
-0.12,-0.19,1.05,0.04,-0.02,-0.06,-6.57,-10.39
-0.13,-0.2,1.04,0.02,-0.03,-0.04,-6.79,-10.61
-0.12,-0.2,1.03,0.03,-0.04,-0.03,-6.72,-10.81
-0.14,-0.2,1.02,-0.0,-0.02,-0.02,-7.42,-11.09
-0.14,-0.2,1.02,-0.07,0.01,-0.01,-7.54,-11.16
-0.14,-0.19,1.03,-0.07,-0.01,0.02,-7.4,-10.55
-0.14,-0.18,1.03,-0.08,-0.01,0.01,-7.36,-10.03
-0.14,-0.18,1.03,-0.1,-0.01,0.01,-7.41,-9.76
-0.14,-0.16,1.04,-0.13,0.0,0.01,-7.38,-8.91
-0.13,-0.15,1.05,-0.1,-0.01,0.01,-7.05,-8.17
-0.13,-0.15,1.06,-0.08,-0.03,0.0,-6.85,-7.85
-0.12,-0.14,1.07,-0.05,-0.05,0.01,-6.21,-7.43
-0.12,-0.13,1.08,-0.05,-0.03,-0.01,-6.51,-7.04
-0.12,-0.14,1.08,-0.02,-0.04,-0.01,-6.37,-7.29
-0.12,-0.14,1.09,-0.0,-0.04,-0.02,-6.04,-7.11
-0.12,-0.14,1.08,0.01,-0.05,-0.03,-6.15,-7.41
-0.12,-0.14,1.08,0.01,-0.02,-0.03,-6.2,-7.14
-0.12,-0.13,1.07,0.0,-0.0,-0.03,-6.39,-7.02
-0.11,-0.14,1.06,0.0,-0.01,-0.02,-6.03,-7.32
-0.12,-0.13,1.05,-0.02,0.03,-0.01,-6.53,-7.29
-0.12,-0.12,1.05,-0.0,0.03,0.0,-6.34,-6.5
-0.1,-0.13,1.05,-0.02,0.03,0.02,-5.61,-7.05
-0.11,-0.13,1.04,-0.01,0.03,0.02,-6.02,-6.84
-0.12,-0.12,1.06,0.0,0.01,0.03,-6.56,-6.59
-0.12,-0.12,1.07,0.01,0.02,0.02,-6.4,-6.31
-0.13,-0.12,1.06,-0.01,0.02,0.02,-6.67,-6.5
-0.12,-0.11,1.07,0.03,0.0,0.02,-6.54,-6.01
-0.13,-0.12,1.07,0.06,-0.01,0.02,-6.8,-6.17
-0.12,-0.11,1.07,0.06,-0.0,-0.0,-6.51,-6.02
-0.12,-0.1,1.09,0.09,-0.02,-0.0,-6.0,-5.32
-0.12,-0.11,1.09,0.08,-0.02,-0.0,-6.46,-5.84
-0.12,-0.1,1.1,0.11,-0.03,-0.01,-6.33,-5.3
-0.13,-0.1,1.1,0.1,-0.01,-0.01,-6.49,-5.35
-0.12,-0.11,1.1,0.07,0.02,-0.01,-6.4,-5.42
-0.12,-0.1,1.1,0.06,0.02,0.01,-5.97,-5.33
-0.12,-0.1,1.11,0.06,0.01,0.01,-6.06,-5.18
-0.11,-0.09,1.12,0.04,0.03,-0.0,-5.47,-4.77
-0.11,-0.09,1.13,0.02,0.04,0.0,-5.32,-4.52
-0.1,-0.09,1.15,-0.0,0.05,0.01,-4.94,-4.24
-0.09,-0.08,1.16,-0.04,0.1,0.01,-4.65,-3.89
-0.09,-0.07,1.18,-0.03,0.12,0.01,-4.19,-3.41
-0.08,-0.06,1.19,-0.09,0.19,0.02,-3.75,-3.09
-0.06,-0.05,1.19,-0.08,0.22,0.04,-2.82,-2.63
-0.04,-0.05,1.2,-0.07,0.25,0.06,-1.95,-2.57
-0.03,-0.06,1.21,-0.07,0.3,0.06,-1.64,-3.03
-0.03,-0.07,1.22,-0.1,0.36,0.07,-1.51,-3.48
-0.03,-0.08,1.22,-0.09,0.4,0.09,-1.31,-3.9
-0.04,-0.1,1.22,-0.09,0.43,0.07,-1.79,-4.69
-0.04,-0.11,1.21,-0.1,0.47,0.07,-1.72,-5.19
-0.05,-0.12,1.2,-0.12,0.5,0.06,-2.13,-5.48
-0.04,-0.12,1.19,-0.15,0.54,0.04,-2.08,-5.61
-0.05,-0.12,1.18,-0.17,0.56,0.02,-2.22,-5.57
-0.04,-0.11,1.18,-0.18,0.56,0.01,-1.95,-5.15
-0.04,-0.1,1.17,-0.2,0.6,0.0,-1.8,-4.64
-0.03,-0.09,1.18,-0.22,0.62,0.01,-1.31,-4.35
-0.03,-0.09,1.19,-0.22,0.62,0.0,-1.46,-4.39
-0.03,-0.08,1.2,-0.2,0.62,0.0,-1.56,-3.99
-0.03,-0.08,1.22,-0.2,0.66,-0.02,-1.37,-3.92
-0.03,-0.08,1.23,-0.23,0.68,-0.04,-1.35,-3.67
-0.02,-0.08,1.25,-0.2,0.71,-0.06,-0.81,-3.6
-0.02,-0.08,1.27,-0.2,0.72,-0.08,-0.68,-3.5
-0.01,-0.07,1.27,-0.2,0.77,-0.09,-0.54,-3.17
-0.01,-0.07,1.28,-0.2,0.81,-0.09,-0.55,-3.04
-0.01,-0.07,1.29,-0.18,0.83,-0.1,-0.37,-3.13
-0.0,-0.07,1.3,-0.19,0.9,-0.1,-0.13,-3.2
-0.01,-0.08,1.31,-0.19,1.0,-0.09,-0.4,-3.46
-0.02,-0.08,1.31,-0.21,1.07,-0.07,-0.92,-3.63
-0.03,-0.1,1.29,-0.22,1.16,-0.07,-1.39,-4.23
-0.04,-0.1,1.26,-0.26,1.23,-0.04,-1.87,-4.48
-0.05,-0.11,1.24,-0.28,1.3,-0.02,-2.14,-5.0
-0.05,-0.11,1.23,-0.33,1.37,0.02,-2.21,-5.08
-0.05,-0.12,1.21,-0.34,1.4,0.03,-2.35,-5.64
-0.05,-0.11,1.21,-0.34,1.42,0.06,-2.41,-5.35
-0.06,-0.11,1.19,-0.37,1.47,0.05,-2.96,-5.46
-0.07,-0.12,1.18,-0.39,1.48,0.06,-3.38,-5.69
-0.08,-0.13,1.17,-0.36,1.46,0.05,-3.89,-6.31
-0.08,-0.12,1.17,-0.34,1.44,0.04,-3.87,-6.06
-0.08,-0.12,1.16,-0.31,1.45,0.02,-4.05,-5.84
-0.09,-0.12,1.16,-0.3,1.45,0.02,-4.51,-5.81
-0.1,-0.13,1.16,-0.27,1.44,0.0,-5.1,-6.17
-0.1,-0.13,1.17,-0.22,1.42,0.01,-4.82,-6.54
-0.11,-0.15,1.18,-0.2,1.45,-0.03,-5.42,-7.06
-0.11,-0.14,1.19,-0.15,1.43,-0.04,-5.45,-6.5
-0.12,-0.14,1.18,-0.11,1.44,-0.09,-5.84,-6.82
-0.13,-0.14,1.19,-0.09,1.42,-0.11,-6.19,-6.61
-0.13,-0.14,1.18,-0.07,1.45,-0.14,-6.38,-6.86
-0.13,-0.14,1.17,-0.05,1.45,-0.14,-6.46,-6.72
-0.13,-0.15,1.18,-0.02,1.46,-0.14,-6.44,-7.08
-0.14,-0.16,1.17,-0.01,1.47,-0.13,-6.92,-7.78
-0.16,-0.18,1.15,-0.04,1.51,-0.11,-8.0,-8.88
-0.17,-0.19,1.15,-0.07,1.56,-0.1,-8.12,-9.41
-0.17,-0.19,1.14,-0.08,1.59,-0.08,-8.52,-9.18
-0.17,-0.18,1.12,-0.12,1.65,-0.07,-8.43,-9.27
-0.17,-0.18,1.11,-0.15,1.68,-0.04,-8.69,-9.1
-0.17,-0.17,1.09,-0.18,1.72,-0.01,-8.75,-8.67
-0.16,-0.16,1.09,-0.2,1.72,0.04,-8.38,-8.33
-0.16,-0.15,1.08,-0.21,1.72,0.07,-8.11,-8.01
-0.16,-0.16,1.09,-0.19,1.71,0.1,-8.22,-8.14
-0.16,-0.16,1.09,-0.17,1.71,0.11,-8.31,-8.29
-0.17,-0.17,1.11,-0.15,1.67,0.12,-8.76,-8.82
-0.18,-0.18,1.11,-0.11,1.65,0.11,-8.98,-9.03
-0.19,-0.19,1.1,-0.08,1.63,0.09,-9.43,-9.5
-0.19,-0.19,1.1,-0.06,1.63,0.08,-9.75,-9.82
-0.19,-0.2,1.1,-0.05,1.59,0.08,-9.92,-10.12
-0.2,-0.21,1.08,-0.01,1.58,0.07,-10.19,-10.88
-0.21,-0.22,1.07,-0.01,1.58,0.05,-10.81,-11.59
-0.21,-0.23,1.06,-0.05,1.61,0.03,-11.1,-12.01
-0.21,-0.23,1.04,-0.06,1.6,0.04,-11.22,-12.4
-0.21,-0.23,1.03,-0.07,1.62,0.04,-11.44,-12.17
-0.21,-0.22,1.03,-0.11,1.65,0.05,-11.3,-12.09
-0.22,-0.22,1.02,-0.13,1.68,0.05,-11.95,-12.02
-0.21,-0.22,1.01,-0.14,1.68,0.08,-11.78,-11.83
-0.22,-0.21,0.99,-0.16,1.7,0.09,-12.06,-11.92
-0.21,-0.21,0.97,-0.19,1.72,0.11,-11.98,-12.15
-0.21,-0.22,0.97,-0.24,1.77,0.13,-12.13,-12.41
-0.21,-0.22,0.97,-0.27,1.81,0.17,-11.83,-12.56
-0.21,-0.22,0.98,-0.28,1.83,0.21,-11.59,-12.72
-0.21,-0.23,0.95,-0.3,1.86,0.24,-11.96,-13.12
-0.2,-0.23,0.95,-0.31,1.91,0.26,-11.66,-13.06
-0.2,-0.23,0.94,-0.32,1.9,0.27,-11.42,-13.26
-0.2,-0.23,0.95,-0.32,1.88,0.28,-11.53,-13.52
-0.21,-0.24,0.96,-0.29,1.83,0.26,-12.12,-13.93
-0.21,-0.25,0.96,-0.26,1.81,0.23,-12.04,-14.11
-0.2,-0.24,0.93,-0.28,1.77,0.21,-11.88,-13.97
-0.19,-0.24,0.93,-0.23,1.68,0.17,-11.49,-13.93
-0.19,-0.22,0.92,-0.22,1.59,0.15,-11.46,-13.45
-0.19,-0.22,0.92,-0.21,1.54,0.13,-11.37,-13.28
-0.2,-0.21,0.94,-0.21,1.46,0.11,-11.56,-12.48
-0.2,-0.2,0.94,-0.2,1.39,0.1,-11.59,-11.84
-0.2,-0.21,0.96,-0.19,1.32,0.1,-11.28,-11.82
-0.2,-0.2,0.99,-0.17,1.28,0.07,-11.19,-11.14
-0.2,-0.2,1.02,-0.18,1.27,0.08,-11.1,-10.99
-0.21,-0.19,1.05,-0.14,1.24,0.09,-11.36,-9.93
-0.21,-0.19,1.06,-0.11,1.23,0.1,-10.97,-10.09
-0.2,-0.19,1.06,-0.08,1.26,0.1,-10.65,-9.84
-0.21,-0.19,1.06,-0.06,1.27,0.12,-10.97,-9.92
-0.22,-0.21,1.07,-0.07,1.3,0.14,-11.31,-10.83
-0.22,-0.23,1.07,-0.04,1.33,0.14,-11.64,-11.81
-0.22,-0.24,1.07,-0.05,1.37,0.17,-11.28,-12.59
-0.22,-0.25,1.06,-0.07,1.42,0.18,-11.38,-13.14
-0.22,-0.26,1.05,-0.1,1.46,0.19,-11.71,-13.41
-0.23,-0.27,1.05,-0.12,1.48,0.19,-12.18,-13.93
-0.23,-0.27,1.07,-0.15,1.52,0.15,-11.92,-13.75
-0.23,-0.27,1.06,-0.18,1.57,0.14,-11.75,-13.73
-0.21,-0.25,1.06,-0.19,1.6,0.13,-11.01,-13.14
-0.21,-0.25,1.06,-0.17,1.6,0.12,-10.84,-12.93
-0.21,-0.24,1.05,-0.17,1.59,0.13,-10.93,-12.84
-0.2,-0.22,1.05,-0.18,1.62,0.11,-10.71,-11.81
-0.2,-0.21,1.04,-0.15,1.6,0.11,-10.53,-11.08
-0.18,-0.19,1.03,-0.11,1.58,0.12,-9.88,-10.3
-0.17,-0.17,1.03,-0.09,1.54,0.12,-9.2,-9.52
-0.16,-0.17,1.01,-0.09,1.53,0.14,-8.82,-9.51
-0.16,-0.17,1.01,-0.06,1.49,0.16,-9.17,-9.47
-0.17,-0.18,1.01,-0.05,1.43,0.18,-9.4,-10.16
-0.18,-0.19,1.01,-0.02,1.41,0.19,-9.78,-10.26
-0.18,-0.18,1.03,-0.02,1.41,0.19,-9.66,-9.88
-0.19,-0.19,1.03,0.0,1.38,0.2,-10.14,-10.29
-0.19,-0.19,1.04,0.04,1.35,0.2,-10.34,-10.27
-0.19,-0.2,1.04,0.06,1.36,0.19,-10.34,-10.57
-0.2,-0.2,1.05,0.07,1.36,0.19,-10.5,-10.85
-0.19,-0.21,1.05,0.07,1.39,0.19,-10.21,-11.25
-0.19,-0.21,1.05,0.11,1.38,0.18,-10.18,-11.33
-0.21,-0.22,1.06,0.12,1.38,0.19,-10.81,-11.58
-0.21,-0.22,1.05,0.11,1.44,0.17,-11.15,-11.75
-0.2,-0.21,1.04,0.11,1.46,0.19,-10.56,-11.35
-0.18,-0.2,1.02,0.12,1.47,0.19,-9.77,-10.77
-0.16,-0.19,1.01,0.12,1.47,0.21,-8.82,-10.63
-0.15,-0.19,1.0,0.1,1.49,0.22,-8.37,-10.79
-0.15,-0.2,0.97,0.07,1.5,0.25,-8.51,-11.3
-0.15,-0.2,0.97,0.01,1.52,0.29,-8.63,-11.32
-0.15,-0.2,0.97,-0.01,1.51,0.32,-8.92,-11.45
-0.15,-0.21,0.97,-0.04,1.52,0.33,-8.84,-11.98
-0.15,-0.2,0.98,-0.09,1.54,0.36,-8.56,-11.62
-0.16,-0.19,0.98,-0.1,1.53,0.37,-9.02,-11.07
-0.16,-0.18,0.98,-0.09,1.52,0.37,-9.04,-10.47
-0.14,-0.17,0.98,-0.08,1.54,0.36,-7.79,-9.57
-0.13,-0.16,0.97,-0.08,1.53,0.39,-7.72,-9.4
-0.13,-0.16,0.97,-0.06,1.49,0.4,-7.48,-9.14
-0.14,-0.16,0.97,-0.03,1.45,0.4,-7.81,-9.35
-0.16,-0.18,0.98,0.0,1.4,0.4,-9.03,-10.22
-0.16,-0.19,0.99,0.02,1.4,0.37,-8.78,-10.94
-0.17,-0.22,0.99,0.06,1.36,0.36,-9.58,-12.13
-0.18,-0.22,1.0,0.11,1.31,0.31,-10.08,-12.38
-0.19,-0.23,1.01,0.15,1.3,0.26,-10.34,-12.65
-0.18,-0.22,0.99,0.17,1.31,0.22,-10.22,-12.01
-0.16,-0.2,0.99,0.2,1.28,0.21,-8.91,-11.48
-0.16,-0.2,1.0,0.24,1.26,0.18,-8.87,-10.97
-0.16,-0.2,0.99,0.26,1.25,0.18,-9.21,-11.4
-0.18,-0.22,1.01,0.27,1.26,0.16,-9.92,-11.86
-0.2,-0.23,1.02,0.31,1.26,0.15,-10.95,-12.28
-0.21,-0.24,1.02,0.33,1.27,0.13,-11.41,-12.77
-0.21,-0.25,1.03,0.35,1.29,0.12,-11.35,-13.12
-0.21,-0.25,1.02,0.36,1.35,0.08,-11.38,-13.54
-0.2,-0.24,1.01,0.36,1.38,0.08,-10.81,-13.17
-0.18,-0.23,0.99,0.33,1.41,0.06,-10.17,-12.72
-0.18,-0.22,0.98,0.32,1.42,0.06,-10.05,-12.21
-0.17,-0.21,0.97,0.27,1.46,0.06,-9.89,-11.78
-0.16,-0.2,0.97,0.22,1.49,0.08,-9.26,-11.57
-0.15,-0.19,0.96,0.18,1.5,0.1,-8.46,-11.12
-0.14,-0.17,0.96,0.14,1.5,0.13,-8.16,-10.2
-0.14,-0.17,0.95,0.1,1.51,0.15,-8.0,-10.25
-0.13,-0.17,0.95,0.05,1.53,0.19,-7.45,-9.97
-0.13,-0.17,0.95,0.03,1.53,0.23,-7.47,-9.8
-0.12,-0.16,0.95,0.01,1.52,0.26,-7.14,-9.72
-0.13,-0.17,0.95,-0.0,1.53,0.28,-7.65,-9.94
-0.14,-0.17,0.95,-0.03,1.54,0.3,-8.03,-10.21
-0.14,-0.18,0.94,-0.03,1.51,0.32,-8.23,-10.9
-0.14,-0.2,0.94,-0.0,1.48,0.32,-8.57,-11.73
-0.14,-0.2,0.94,-0.01,1.46,0.3,-8.31,-11.8
-0.14,-0.19,0.92,-0.01,1.43,0.29,-8.4,-11.54
-0.14,-0.2,0.92,-0.02,1.41,0.26,-8.54,-11.79
-0.15,-0.21,0.94,0.04,1.56,0.1,-9.05,-12.27
-0.17,-0.22,0.95,-0.03,1.36,0.21,-9.66,-12.76
-0.18,-0.23,0.97,-0.03,1.36,0.2,-10.15,-13.38
-0.19,-0.23,0.98,-0.04,1.35,0.19,-10.65,-13.06
-0.19,-0.24,0.99,-0.02,1.35,0.17,-10.77,-13.18
-0.21,-0.24,1.0,-0.01,1.39,0.14,-11.34,-13.03
-0.21,-0.23,1.01,0.02,1.42,0.12,-11.32,-12.78
-0.2,-0.24,1.01,0.02,1.43,0.13,-11.09,-12.98
-0.19,-0.22,1.01,0.01,1.46,0.13,-10.45,-12.34
-0.18,-0.2,1.0,0.03,1.46,0.12,-9.97,-11.13
-0.16,-0.18,0.99,0.01,1.52,0.14,-9.28,-10.02
-0.14,-0.16,0.98,0.02,1.53,0.18,-8.2,-9.0
-0.12,-0.15,0.98,0.04,1.52,0.23,-6.7,-8.62
-0.1,-0.15,0.96,0.03,1.51,0.28,-5.71,-8.77
-0.1,-0.15,0.94,0.03,1.5,0.3,-5.87,-8.86
-0.11,-0.16,0.95,0.03,1.47,0.34,-6.73,-9.48
-0.11,-0.18,0.94,0.06,1.43,0.35,-6.76,-10.84
-0.11,-0.17,0.94,0.08,1.39,0.35,-6.77,-10.29
-0.11,-0.18,0.93,0.09,1.35,0.36,-6.44,-10.65
-0.11,-0.19,0.94,0.1,1.33,0.36,-6.84,-11.36
-0.13,-0.21,0.95,0.15,1.28,0.34,-7.46,-12.11
-0.15,-0.21,0.96,0.18,1.23,0.32,-8.58,-12.39
-0.15,-0.22,0.96,0.23,1.22,0.28,-8.64,-12.59
-0.15,-0.22,0.98,0.29,1.19,0.27,-8.41,-12.55
-0.14,-0.23,0.97,0.38,1.17,0.25,-8.13,-13.16
-0.15,-0.25,0.95,0.43,1.15,0.24,-8.4,-14.73
-0.13,-0.26,0.91,0.48,1.18,0.21,-7.86,-15.76
-0.1,-0.25,0.87,0.48,1.18,0.18,-6.2,-15.83
-0.07,-0.24,0.85,0.44,1.19,0.17,-4.31,-15.95
-0.04,-0.24,0.82,0.42,1.17,0.16,-2.79,-16.08
-0.02,-0.23,0.79,0.34,1.17,0.16,-1.66,-16.34
-0.01,-0.24,0.78,0.23,1.18,0.16,-0.84,-17.04
-0.01,-0.25,0.78,0.14,1.16,0.18,-0.76,-17.53
-0.01,-0.24,0.79,0.04,1.13,0.18,-0.41,-16.76
-0.02,-0.24,0.81,-0.08,1.14,0.17,-1.64,-16.52
-0.05,-0.23,0.83,-0.2,1.15,0.17,-3.24,-15.52
-0.08,-0.22,0.87,-0.27,1.15,0.17,-4.93,-14.05
-0.1,-0.2,0.92,-0.31,1.16,0.17,-6.15,-12.11
-0.12,-0.2,0.97,-0.32,1.18,0.18,-6.66,-11.36
-0.13,-0.18,0.99,-0.29,1.19,0.21,-7.4,-10.39
-0.15,-0.18,1.0,-0.23,1.17,0.22,-8.54,-10.03
-0.16,-0.17,1.0,-0.16,1.15,0.21,-9.0,-9.47
-0.17,-0.18,1.0,-0.07,1.12,0.2,-9.43,-9.84
-0.18,-0.18,1.0,-0.02,1.12,0.17,-9.97,-10.22
-0.19,-0.18,1.0,0.05,1.09,0.14,-10.5,-10.15
-0.18,-0.18,0.99,0.16,1.06,0.11,-10.37,-9.98
-0.17,-0.15,0.97,0.21,1.04,0.1,-9.59,-8.49
-0.15,-0.12,0.97,0.24,1.04,0.1,-8.53,-7.06
-0.13,-0.11,0.97,0.27,1.03,0.1,-7.82,-6.38
-0.13,-0.11,0.97,0.3,0.96,0.13,-7.62,-6.64
-0.15,-0.13,0.95,0.32,0.94,0.13,-8.83,-7.42
-0.17,-0.15,0.94,0.31,0.97,0.13,-9.95,-8.72
-0.17,-0.15,0.94,0.3,0.97,0.13,-10.08,-8.96
-0.16,-0.16,0.93,0.3,0.99,0.13,-9.64,-9.62
-0.17,-0.16,0.93,0.28,1.02,0.14,-10.11,-9.84
-0.17,-0.16,0.93,0.24,1.09,0.14,-10.53,-9.55
-0.16,-0.16,0.93,0.2,1.12,0.16,-9.82,-9.55
-0.15,-0.14,0.94,0.16,1.15,0.18,-9.14,-8.62
-0.13,-0.13,0.94,0.15,1.17,0.2,-8.11,-7.55
-0.11,-0.11,0.94,0.11,1.17,0.21,-6.9,-6.82
-0.1,-0.1,0.93,0.04,1.16,0.24,-6.27,-6.15
-0.11,-0.09,0.93,0.01,1.14,0.26,-6.65,-5.53
-0.12,-0.09,0.95,-0.05,1.13,0.3,-7.3,-5.19
-0.13,-0.09,0.97,-0.08,1.15,0.32,-7.84,-5.3
-0.15,-0.1,0.99,-0.1,1.15,0.37,-8.3,-5.81
-0.16,-0.11,1.02,-0.09,1.16,0.4,-9.05,-5.92
-0.19,-0.13,1.03,-0.04,1.16,0.43,-10.1,-7.23
-0.2,-0.15,1.03,0.0,1.2,0.46,-10.8,-8.32
-0.2,-0.19,1.02,0.08,1.2,0.47,-11.04,-10.58
-0.2,-0.21,1.0,0.15,1.21,0.46,-11.36,-11.51
-0.2,-0.22,0.97,0.22,1.2,0.42,-11.55,-12.75
-0.17,-0.21,0.94,0.27,1.23,0.37,-9.91,-12.42
-0.14,-0.19,0.93,0.3,1.24,0.32,-8.44,-11.17
-0.11,-0.16,0.91,0.34,1.23,0.3,-6.73,-10.23
-0.08,-0.14,0.89,0.37,1.19,0.29,-5.09,-8.87
-0.06,-0.14,0.87,0.38,1.18,0.27,-3.63,-8.89
-0.04,-0.13,0.84,0.34,1.19,0.28,-2.79,-8.9
-0.02,-0.12,0.83,0.31,1.18,0.29,-1.38,-8.48
-0.0,-0.12,0.8,0.26,1.18,0.3,-0.3,-8.78
0.01,-0.12,0.8,0.23,1.19,0.3,0.38,-8.85
0.01,-0.13,0.8,0.16,1.19,0.32,0.81,-9.05
0.02,-0.13,0.78,0.1,1.19,0.32,1.6,-9.27
0.02,-0.12,0.78,0.06,1.17,0.32,1.31,-8.73
0.02,-0.12,0.79,0.02,1.16,0.31,1.36,-8.53
0.02,-0.11,0.8,-0.04,1.17,0.29,1.2,-7.93
0.02,-0.11,0.8,-0.07,1.1,0.3,1.31,-7.66
0.0,-0.1,0.8,-0.08,1.16,0.19,0.18,-6.86
-0.01,-0.09,0.8,-0.14,1.04,0.26,-0.71,-6.26
-0.02,-0.1,0.83,-0.12,1.01,0.24,-1.62,-6.59
-0.03,-0.1,0.85,-0.13,0.98,0.24,-1.96,-6.7
-0.04,-0.09,0.86,-0.11,0.94,0.23,-2.77,-6.31
-0.07,-0.1,0.85,-0.1,0.92,0.23,-4.37,-6.86
-0.08,-0.11,0.86,-0.09,0.93,0.22,-5.29,-7.0
-0.08,-0.11,0.89,-0.07,0.91,0.24,-4.98,-6.97
-0.08,-0.11,0.9,0.03,1.05,0.1,-4.95,-6.85
-0.08,-0.12,0.89,0.01,0.86,0.24,-5.04,-7.46
-0.08,-0.12,0.89,0.01,0.87,0.24,-5.35,-7.62
-0.09,-0.12,0.89,0.03,0.84,0.26,-5.5,-7.36
-0.08,-0.12,0.9,0.05,0.85,0.25,-5.17,-7.35
-0.07,-0.12,0.91,0.06,0.83,0.28,-4.53,-7.72
-0.07,-0.13,0.9,0.07,0.85,0.29,-4.16,-8.42
-0.07,-0.14,0.9,0.05,0.85,0.31,-4.22,-8.63
-0.07,-0.13,0.89,0.06,0.84,0.32,-4.41,-8.3
-0.07,-0.14,0.9,0.06,0.81,0.32,-4.13,-8.84
-0.06,-0.15,0.9,0.05,0.81,0.32,-3.82,-9.66
-0.06,-0.16,0.89,0.02,0.82,0.33,-4.07,-9.94
-0.07,-0.16,0.88,0.02,0.81,0.32,-4.7,-10.27
-0.07,-0.17,0.88,-0.0,0.82,0.32,-4.49,-11.07
-0.07,-0.18,0.89,-0.01,0.82,0.29,-4.28,-11.59
-0.06,-0.18,0.89,-0.03,0.82,0.31,-3.91,-11.4
-0.07,-0.17,0.89,-0.02,0.82,0.31,-4.4,-10.97
-0.06,-0.16,0.9,-0.03,0.84,0.29,-3.75,-10.09
-0.05,-0.16,0.91,-0.05,0.86,0.3,-3.06,-9.72
-0.04,-0.16,0.91,-0.02,0.82,0.31,-2.55,-9.78
-0.04,-0.17,0.9,-0.0,0.79,0.31,-2.54,-10.49
-0.06,-0.18,0.89,0.01,0.78,0.32,-3.76,-11.12
-0.06,-0.18,0.88,-0.01,0.83,0.29,-4.0,-11.84
-0.05,-0.18,0.89,0.0,0.81,0.28,-3.32,-11.55
-0.04,-0.17,0.89,0.04,0.8,0.29,-2.65,-11.02
-0.03,-0.16,0.88,0.01,0.78,0.28,-1.65,-10.25
-0.04,-0.17,0.89,0.0,0.8,0.28,-2.5,-10.77
-0.04,-0.18,0.89,0.0,0.79,0.27,-2.34,-11.74
-0.04,-0.17,0.89,0.01,0.78,0.25,-2.84,-11.09
-0.04,-0.16,0.88,-0.0,0.76,0.27,-2.34,-10.04
-0.04,-0.15,0.88,-0.02,0.78,0.25,-2.34,-9.49
-0.02,-0.14,0.9,-0.04,0.77,0.26,-1.42,-8.73
-0.03,-0.14,0.9,0.01,0.89,0.14,-1.71,-8.82
-0.05,-0.14,0.89,-0.05,0.75,0.27,-2.85,-8.82
-0.06,-0.15,0.9,-0.04,0.74,0.27,-3.51,-9.44
-0.06,-0.16,0.91,-0.01,0.75,0.26,-3.79,-9.91
-0.06,-0.15,0.9,0.03,0.71,0.26,-3.67,-9.64
-0.05,-0.15,0.9,0.06,0.67,0.25,-3.24,-9.67
-0.05,-0.15,0.89,0.09,0.66,0.21,-2.97,-9.39
-0.05,-0.15,0.89,0.12,0.63,0.18,-3.47,-9.31
-0.05,-0.13,0.89,0.13,0.61,0.17,-3.08,-8.49
-0.04,-0.13,0.89,0.17,0.58,0.14,-2.58,-8.24
-0.02,-0.11,0.89,0.19,0.56,0.13,-1.56,-6.79
-0.01,-0.1,0.89,0.19,0.55,0.15,-0.65,-6.39
-0.01,-0.09,0.89,0.19,0.52,0.16,-0.42,-5.69
-0.01,-0.08,0.9,0.17,0.49,0.18,-0.39,-5.32
0.0,-0.09,0.9,0.17,0.47,0.19,0.09,-5.55
-0.0,-0.1,0.89,0.14,0.46,0.2,-0.24,-6.24
-0.01,-0.1,0.88,0.11,0.45,0.2,-0.8,-6.29
-0.01,-0.09,0.86,0.09,0.45,0.2,-0.81,-6.01
-0.01,-0.1,0.87,0.07,0.46,0.21,-0.87,-6.49
-0.01,-0.11,0.87,0.03,0.49,0.23,-0.37,-7.03
-0.01,-0.12,0.87,0.0,0.48,0.26,-0.41,-7.86
-0.01,-0.13,0.87,-0.01,0.47,0.27,-0.54,-8.26
-0.01,-0.13,0.87,-0.04,0.49,0.28,-0.4,-8.28
-0.01,-0.13,0.88,-0.06,0.51,0.26,-0.55,-8.33
-0.01,-0.14,0.89,-0.06,0.49,0.25,-0.6,-8.88
-0.01,-0.15,0.89,-0.04,0.48,0.24,-0.88,-9.45
-0.03,-0.16,0.89,-0.02,0.45,0.22,-1.59,-10.43
-0.02,-0.17,0.89,-0.01,0.47,0.2,-1.56,-10.92
-0.02,-0.16,0.88,0.02,0.46,0.18,-1.48,-10.29
-0.02,-0.16,0.87,0.04,0.48,0.13,-1.37,-10.32
-0.0,-0.14,0.88,0.07,0.45,0.12,-0.05,-9.1
0.01,-0.13,0.88,0.06,0.46,0.11,0.63,-8.65
0.02,-0.11,0.88,0.1,0.42,0.08,1.0,-7.33
0.01,-0.11,0.88,0.1,0.39,0.07,0.66,-7.15
0.01,-0.09,0.86,0.11,0.36,0.05,0.84,-6.24
0.02,-0.09,0.86,0.12,0.36,0.01,1.06,-5.87
0.03,-0.07,0.87,0.09,0.34,0.01,1.7,-4.78
0.03,-0.06,0.88,0.08,0.32,-0.0,1.76,-3.75
0.02,-0.04,0.87,0.05,0.29,0.0,1.41,-2.59
0.01,-0.03,0.88,0.03,0.3,0.01,0.83,-1.8
-0.0,-0.02,0.92,0.01,0.3,0.05,-0.15,-1.43
-0.0,-0.03,0.92,0.02,0.28,0.07,-0.09,-1.65
-0.01,-0.04,0.91,0.02,0.26,0.11,-0.34,-2.29
-0.02,-0.05,0.91,0.04,0.23,0.12,-1.29,-3.28
-0.02,-0.05,0.89,0.04,0.23,0.13,-1.25,-3.25
-0.02,-0.06,0.89,0.07,0.2,0.13,-0.98,-3.76
-0.0,-0.04,0.9,0.09,0.17,0.13,-0.17,-2.65
0.0,-0.05,0.9,0.11,0.15,0.13,0.25,-3.02
0.0,-0.07,0.9,0.1,0.14,0.15,0.22,-4.6
-0.01,-0.08,0.88,0.11,0.12,0.16,-0.81,-5.12
-0.01,-0.1,0.88,0.15,0.1,0.16,-0.39,-6.56
0.01,-0.11,0.89,0.16,0.11,0.14,0.93,-7.39
0.02,-0.12,0.88,0.14,0.11,0.14,1.34,-7.81
0.02,-0.13,0.87,0.13,0.11,0.14,1.42,-8.22
0.03,-0.13,0.87,0.12,0.1,0.11,2.12,-8.35
0.03,-0.13,0.89,0.12,0.1,0.09,1.88,-8.33
0.05,-0.14,0.88,0.05,0.12,0.07,3.02,-8.75
0.05,-0.13,0.87,0.02,0.11,0.06,3.2,-8.24
0.04,-0.13,0.87,0.0,0.09,0.04,2.9,-8.32
0.04,-0.12,0.88,-0.02,0.08,0.01,2.31,-7.69
0.02,-0.12,0.89,-0.07,0.11,-0.01,1.38,-7.83
0.01,-0.13,0.89,-0.07,0.1,-0.03,0.82,-8.1
-0.0,-0.13,0.9,-0.1,0.09,-0.04,-0.07,-8.37
-0.01,-0.13,0.9,-0.09,0.08,-0.04,-0.33,-7.89
-0.01,-0.12,0.92,-0.13,0.1,-0.05,-0.91,-7.47
-0.02,-0.12,0.93,-0.12,0.09,-0.04,-0.92,-7.06
-0.01,-0.11,0.95,-0.11,0.06,-0.03,-0.86,-6.89
-0.02,-0.1,0.95,-0.1,0.05,-0.03,-1.29,-6.24
-0.04,-0.11,0.94,-0.11,0.06,-0.03,-2.21,-6.38
-0.05,-0.11,0.95,-0.1,0.03,-0.02,-2.74,-6.42
-0.05,-0.11,0.97,-0.06,0.01,-0.03,-2.8,-6.54
-0.05,-0.11,0.97,-0.06,-0.0,0.01,-2.99,-6.63
-0.05,-0.12,0.97,-0.05,0.0,0.02,-3.2,-7.04
-0.06,-0.13,0.96,-0.05,0.02,0.03,-3.72,-7.85
-0.06,-0.13,0.95,-0.03,0.0,0.03,-3.29,-7.81
-0.05,-0.13,0.94,0.0,0.01,0.03,-3.1,-7.59
-0.05,-0.14,0.93,-0.0,0.02,0.02,-3.06,-8.45
-0.04,-0.15,0.93,-0.01,0.03,0.02,-2.55,-9.07
-0.03,-0.14,0.92,0.0,0.01,0.01,-1.97,-8.7
-0.02,-0.14,0.9,-0.01,-0.0,-0.01,-1.55,-8.92
-0.02,-0.14,0.9,-0.03,0.03,-0.04,-1.46,-8.71
-0.02,-0.13,0.9,0.0,0.16,-0.21,-1.47,-7.98
-0.03,-0.12,0.91,-0.11,0.05,-0.08,-1.76,-7.29
-0.03,-0.11,0.92,-0.11,0.03,-0.07,-2.08,-7.13
-0.04,-0.1,0.93,-0.13,0.05,-0.08,-2.5,-6.13
-0.04,-0.09,0.94,-0.16,0.06,-0.06,-2.68,-5.69
-0.06,-0.09,0.95,-0.16,0.05,-0.04,-3.36,-5.22
-0.06,-0.08,0.97,-0.14,0.03,-0.0,-3.82,-4.89
-0.07,-0.08,0.97,-0.13,0.04,0.02,-4.21,-4.7
-0.08,-0.08,0.97,-0.13,0.05,0.04,-4.52,-4.81
-0.08,-0.08,0.97,-0.08,0.03,0.07,-4.78,-4.63
-0.08,-0.09,0.97,-0.04,0.01,0.08,-4.95,-5.45
-0.08,-0.11,0.96,-0.02,-0.01,0.09,-4.99,-6.67
-0.07,-0.12,0.95,0.02,-0.02,0.07,-4.44,-7.2
-0.06,-0.12,0.94,0.07,-0.05,0.06,-3.74,-7.49
-0.04,-0.12,0.93,0.09,-0.09,0.05,-2.35,-7.57
-0.03,-0.12,0.91,0.05,-0.09,0.01,-1.6,-7.34
-0.03,-0.11,0.91,0.01,-0.08,0.01,-2.02,-7.13
-0.04,-0.13,0.92,-0.02,-0.07,0.0,-2.75,-8.24
-0.04,-0.13,0.93,-0.03,-0.07,0.0,-2.53,-8.07
-0.05,-0.15,0.94,-0.06,-0.05,0.01,-3.13,-8.87
-0.05,-0.15,0.93,-0.08,-0.03,0.02,-3.17,-9.16
-0.07,-0.17,0.93,-0.09,-0.0,0.03,-4.32,-10.01
-0.07,-0.17,0.94,-0.1,0.05,0.03,-4.43,-10.29
-0.07,-0.16,0.95,-0.11,0.08,0.03,-3.94,-9.79
-0.06,-0.15,0.96,-0.1,0.11,0.04,-3.75,-8.69
-0.05,-0.14,0.96,-0.11,0.12,0.06,-2.81,-8.28
-0.05,-0.13,0.95,-0.08,0.1,0.05,-2.91,-8.02
-0.05,-0.13,0.94,-0.07,0.1,0.06,-3.22,-8.0
-0.04,-0.13,0.95,-0.07,0.12,0.04,-2.55,-7.82
-0.03,-0.12,0.96,-0.05,0.09,0.04,-1.83,-7.26
-0.02,-0.11,0.96,-0.05,0.05,0.01,-1.29,-6.81
-0.02,-0.11,0.95,-0.05,0.03,0.0,-1.12,-6.8
-0.03,-0.12,0.94,-0.06,0.01,-0.01,-1.74,-7.55
-0.05,-0.13,0.94,-0.08,0.01,-0.02,-2.83,-8.08
-0.05,-0.14,0.95,-0.1,0.02,-0.03,-3.17,-8.26
-0.05,-0.13,0.96,-0.11,0.01,-0.02,-3.07,-7.79
-0.06,-0.12,0.96,-0.12,0.05,-0.01,-3.4,-7.09
-0.07,-0.11,0.96,-0.16,0.07,0.0,-4.34,-6.68
-0.07,-0.11,0.97,-0.14,0.07,0.02,-4.36,-6.38
-0.07,-0.1,0.98,-0.12,0.06,0.03,-4.22,-6.05
-0.07,-0.11,0.98,-0.11,0.06,0.05,-4.21,-6.58
-0.07,-0.12,0.97,-0.09,0.05,0.04,-4.19,-6.9
-0.09,-0.11,0.96,-0.09,0.06,0.03,-5.04,-6.72
-0.09,-0.12,0.95,-0.07,0.04,0.04,-5.37,-6.89
-0.09,-0.11,0.96,-0.05,0.07,0.03,-5.12,-6.41
-0.07,-0.11,0.97,-0.04,0.07,0.04,-4.07,-6.5
-0.06,-0.11,0.97,-0.02,0.06,0.05,-3.58,-6.26
-0.06,-0.11,0.96,0.0,0.04,0.05,-3.53,-6.49
-0.05,-0.1,0.95,0.01,0.06,0.05,-3.08,-6.19
-0.05,-0.11,0.95,-0.01,0.09,0.05,-2.87,-6.38
-0.05,-0.1,0.95,-0.01,0.08,0.06,-2.84,-6.17
-0.03,-0.1,0.94,-0.01,0.09,0.07,-1.69,-6.09
-0.02,-0.1,0.95,0.02,0.08,0.08,-1.17,-5.82
-0.01,-0.09,0.94,-0.02,0.09,0.09,-0.48,-5.42
-0.0,-0.08,0.92,-0.04,0.08,0.09,-0.15,-5.29
-0.01,-0.08,0.91,-0.05,0.07,0.09,-0.33,-5.24
0.0,-0.08,0.92,-0.07,0.08,0.08,0.11,-5.26
-0.0,-0.09,0.94,-0.1,0.09,0.09,-0.09,-5.28
-0.0,-0.09,0.93,-0.09,0.06,0.11,-0.02,-5.46
-0.01,-0.09,0.93,-0.09,0.05,0.1,-0.72,-5.83
-0.02,-0.11,0.92,-0.09,0.04,0.09,-1.27,-6.52
-0.03,-0.11,0.93,-0.09,0.03,0.09,-2.09,-6.88
-0.04,-0.11,0.94,-0.1,0.04,0.08,-2.66,-6.98
-0.04,-0.11,0.95,-0.07,0.03,0.07,-2.27,-6.66
-0.04,-0.11,0.94,-0.06,0.02,0.07,-2.5,-6.79
-0.05,-0.12,0.96,-0.08,0.05,0.07,-2.93,-7.18
-0.06,-0.13,0.96,-0.07,0.03,0.09,-3.46,-7.42
-0.06,-0.12,0.96,-0.03,0.02,0.09,-3.67,-7.22
-0.06,-0.13,0.97,-0.02,0.05,0.08,-3.76,-7.5
-0.05,-0.11,0.97,-0.03,0.08,0.08,-3.08,-6.65
-0.04,-0.12,0.96,-0.01,0.07,0.09,-2.5,-7.15
-0.04,-0.12,0.95,0.0,0.06,0.11,-2.13,-7.44
-0.04,-0.12,0.94,0.03,0.05,0.1,-2.13,-7.56
-0.02,-0.11,0.93,0.02,0.08,0.08,-1.09,-6.65
-0.01,-0.12,0.92,-0.01,0.07,0.08,-0.68,-7.3
0.0,-0.1,0.92,0.0,0.06,0.07,0.19,-6.25
0.01,-0.1,0.93,-0.01,0.05,0.06,0.53,-6.2
-0.0,-0.1,0.92,-0.06,0.07,0.05,-0.18,-6.43
-0.0,-0.09,0.92,-0.08,0.06,0.05,-0.12,-5.79
-0.01,-0.09,0.93,-0.07,0.06,0.03,-0.76,-5.28
-0.02,-0.09,0.95,-0.08,0.05,0.07,-1.33,-5.53
-0.02,-0.1,0.95,-0.07,0.04,0.07,-1.1,-6.19
-0.03,-0.11,0.95,-0.09,0.04,0.08,-1.72,-6.64
-0.04,-0.12,0.95,-0.04,0.02,0.06,-2.16,-7.08
-0.04,-0.12,0.93,-0.03,-0.01,0.06,-2.48,-7.05
-0.04,-0.12,0.94,-0.02,0.0,0.04,-2.5,-7.02
-0.04,-0.11,0.93,-0.02,0.01,0.04,-2.39,-6.63
-0.03,-0.09,0.94,0.01,0.01,0.04,-1.92,-5.76
-0.01,-0.08,0.93,0.04,-0.01,0.08,-0.78,-4.96
-0.0,-0.08,0.93,0.05,0.01,0.08,-0.12,-4.84
0.02,-0.07,0.92,0.06,0.01,0.1,1.12,-4.68
0.03,-0.08,0.89,0.1,-0.0,0.13,2.06,-4.98
0.05,-0.08,0.87,0.13,-0.02,0.13,2.99,-5.37
0.06,-0.08,0.85,0.17,-0.0,0.13,4.0,-5.64
0.08,-0.08,0.81,0.2,0.01,0.12,5.53,-5.91
0.11,-0.09,0.78,0.26,-0.01,0.12,7.68,-6.31
0.14,-0.08,0.73,0.33,-0.02,0.12,10.39,-6.21
0.17,-0.07,0.67,0.37,-0.01,0.08,14.59,-6.14
0.23,-0.06,0.6,0.41,-0.02,0.05,21.28,-5.03
0.28,-0.03,0.53,0.42,-0.03,0.01,27.46,-2.87
0.33,-0.0,0.45,0.44,-0.03,-0.04,36.54,-0.24
0.38,0.03,0.39,0.43,-0.01,-0.08,44.18,3.34
0.43,0.07,0.34,0.4,-0.0,-0.1,51.61,6.87
0.49,0.11,0.27,0.39,-0.02,-0.11,59.23,11.65
0.55,0.15,0.21,0.38,-0.05,-0.12,64.52,14.68
0.62,0.2,0.16,0.35,-0.11,-0.12,67.97,17.07
0.7,0.25,0.1,0.29,-0.2,-0.1,68.94,19.38
0.77,0.3,0.06,0.25,-0.38,-0.06,68.65,20.91
0.85,0.33,-0.0,0.2,-0.56,-0.05,68.96,21.04
0.89,0.35,-0.06,0.12,-0.81,-0.04,68.01,21.67
0.93,0.38,-0.1,0.04,-1.13,-0.03,67.36,21.86
0.97,0.39,-0.14,-0.01,-1.45,-0.02,66.98,21.63
0.98,0.37,-0.17,-0.09,-1.8,-0.02,67.65,20.05
0.98,0.32,-0.24,-0.15,-2.18,-0.06,67.68,17.91
0.95,0.26,-0.3,-0.21,-2.53,-0.14,67.23,14.91
0.91,0.19,-0.35,-0.25,-2.9,-0.25,66.14,11.17
0.87,0.12,-0.41,-0.25,-3.25,-0.4,63.76,7.34
0.82,0.06,-0.45,-0.29,-3.58,-0.58,61.38,3.57
0.77,0.01,-0.48,-0.33,-3.86,-0.76,58.25,0.65
0.7,-0.04,-0.49,-0.36,-4.15,-0.92,54.9,-2.99
0.62,-0.08,-0.49,-0.4,-4.39,-1.08,51.51,-5.89
0.56,-0.12,-0.49,-0.44,-4.4,-1.22,47.97,-9.46
0.5,-0.14,-0.47,-0.47,-4.4,-1.32,45.29,-11.47
0.44,-0.16,-0.44,-0.51,-4.4,-1.4,43.41,-14.73
0.4,-0.18,-0.42,-0.51,-4.4,-1.44,41.53,-17.43
0.34,-0.2,-0.42,-0.54,-4.4,-1.45,36.79,-19.95
0.27,-0.21,-0.41,-0.59,-4.4,-1.48,30.73,-22.68
0.2,-0.21,-0.42,-0.64,-4.4,-1.44,23.27,-24.5
0.13,-0.23,-0.42,-0.71,-4.4,-1.42,15.85,-27.19
0.07,-0.24,-0.41,-0.79,-4.4,-1.35,8.52,-30.48
-0.01,-0.26,-0.41,-0.86,-4.4,-1.27,-0.6,-32.29
-0.1,-0.3,-0.4,-0.92,-4.4,-1.18,-11.74,-36.17
-0.22,-0.38,-0.38,-0.98,-4.4,-1.06,-22.15,-40.8
-0.33,-0.47,-0.33,-0.98,-4.4,-0.98,-29.77,-45.13
-0.46,-0.57,-0.29,-0.99,-4.4,-0.92,-35.29,-46.77
-0.6,-0.73,-0.28,-1.0,-4.4,-0.9,-37.55,-47.92
-0.77,-0.94,-0.26,-0.96,-4.4,-0.97,-38.59,-48.93
-0.97,-1.14,-0.19,-0.92,-4.4,-1.13,-40.02,-49.11
-1.12,-1.27,-0.01,-0.83,-4.4,-1.36,-41.41,-48.58
-1.26,-1.35,0.11,-0.73,-4.4,-1.64,-42.81,-46.99
-1.38,-1.41,0.14,-0.67,-4.4,-1.91,-44.31,-45.4
-1.5,-1.43,0.18,-0.68,-4.4,-2.18,-46.04,-43.53
-1.58,-1.42,0.27,-0.75,-4.4,-2.4,-47.49,-41.58
-1.62,-1.35,0.4,-0.88,-4.4,-2.53,-48.86,-39.13
-1.61,-1.25,0.55,-1.01,-4.4,-2.53,-49.59,-36.35
-1.55,-1.12,0.7,-1.11,-4.4,-2.4,-49.58,-33.26
-1.48,-0.98,0.82,-1.21,-4.4,-2.16,-49.07,-30.08
-1.43,-0.86,0.9,-1.31,-4.4,-1.84,-48.94,-27.04
-1.4,-0.75,0.93,-1.38,-4.4,-1.48,-49.4,-24.17
-1.4,-0.68,0.97,-1.42,-4.4,-1.09,-49.63,-21.79
-1.4,-0.62,0.99,-1.46,-4.4,-0.75,-50.04,-19.91
-1.41,-0.59,1.02,-1.48,-4.4,-0.44,-50.19,-18.79
-1.43,-0.6,1.04,-1.48,-4.4,-0.18,-50.03,-18.71
-1.46,-0.63,1.07,-1.38,-4.4,-0.15,-49.64,-19.19
-1.49,-0.71,1.12,-1.29,-4.4,0.14,-48.51,-20.73
-1.54,-0.82,1.17,-1.16,-4.4,0.18,-47.15,-22.9
-1.58,-0.93,1.25,-0.95,-4.4,0.16,-45.48,-24.81
-1.62,-1.02,1.31,-0.69,-4.4,0.04,-44.18,-26.14
-1.59,-1.07,1.37,-0.4,-4.4,-0.15,-42.44,-27.03
-1.54,-1.1,1.37,-0.13,-4.4,-0.41,-41.24,-28.03
-1.51,-1.09,1.39,0.1,-4.4,-0.65,-40.39,-27.94
-1.49,-1.07,1.4,0.28,-4.4,-0.92,-40.24,-27.64
-1.47,-1.06,1.38,0.36,-4.4,-1.12,-40.2,-27.81
-1.43,-1.06,1.39,0.35,-4.4,-1.27,-39.34,-27.85
-1.35,-1.02,1.4,0.26,-4.4,-1.31,-38.03,-27.7
-1.28,-0.98,1.42,0.09,-4.4,-1.25,-36.51,-27.2
-1.27,-0.95,1.5,-0.13,-4.4,-1.13,-35.62,-25.81
-1.24,-0.94,1.49,-0.4,-4.4,-0.97,-35.24,-25.79
-1.21,-0.88,1.61,-0.69,-4.4,-0.75,-33.38,-23.6
-1.16,-0.81,1.73,-0.99,-4.4,-0.5,-31.31,-21.32
-1.08,-0.72,1.85,-1.22,-4.4,-0.25,-28.5,-18.68
-1.01,-0.64,1.96,-1.38,-4.4,0.04,-26.17,-16.2
-0.94,-0.58,2.1,-1.46,-4.4,0.3,-23.34,-14.21
-0.87,-0.55,2.23,-1.45,-4.2,0.51,-20.8,-12.89
-0.77,-0.52,2.35,-1.36,-3.94,0.68,-17.87,-11.79
-0.7,-0.52,2.45,-1.18,-3.68,0.77,-15.6,-11.49
-0.64,-0.55,2.55,-0.93,-3.45,0.78,-13.86,-11.92
-0.57,-0.57,2.6,-0.61,-3.27,0.71,-12.0,-12.06
-0.49,-0.57,2.59,-0.26,-3.1,0.56,-10.51,-12.13
-0.42,-0.55,2.53,0.11,-2.9,0.34,-9.26,-12.13
-0.37,-0.53,2.42,0.42,-2.75,0.14,-8.53,-12.32
-0.34,-0.52,2.29,0.7,-2.59,-0.09,-8.25,-12.69
-0.32,-0.49,2.13,0.89,-2.45,-0.3,-8.42,-12.92
-0.32,-0.46,1.95,1.0,-2.33,-0.47,-8.97,-13.13
-0.28,-0.4,1.77,1.01,-2.2,-0.59,-8.86,-12.69
-0.24,-0.35,1.61,0.99,-2.11,-0.61,-8.17,-12.27
-0.21,-0.31,1.48,0.92,-2.02,-0.58,-7.74,-11.63
-0.18,-0.27,1.39,0.8,-1.94,-0.51,-7.33,-10.94
-0.16,-0.25,1.33,0.67,-1.88,-0.4,-6.94,-10.6
-0.15,-0.24,1.31,0.49,-1.81,-0.25,-6.56,-10.18
-0.14,-0.24,1.31,0.37,-1.76,-0.11,-5.92,-10.2
-0.11,-0.24,1.34,0.23,-1.68,0.02,-4.76,-9.91
-0.11,-0.25,1.37,0.12,-1.6,0.13,-4.39,-10.19
-0.1,-0.25,1.4,0.04,-1.54,0.23,-3.92,-9.93
-0.08,-0.25,1.43,0.04,-1.33,0.13,-3.32,-10.01
-0.09,-0.27,1.45,-0.08,-1.36,0.31,-3.54,-10.49
-0.09,-0.27,1.47,-0.14,-1.27,0.31,-3.49,-10.42
-0.1,-0.27,1.48,-0.2,-1.2,0.31,-3.77,-10.44
-0.1,-0.26,1.49,-0.17,-1.02,0.14,-3.6,-10.0
-0.09,-0.25,1.51,-0.26,-1.08,0.25,-3.44,-9.45
-0.08,-0.26,1.55,-0.3,-1.03,0.22,-2.93,-9.35
-0.07,-0.26,1.59,-0.26,-0.99,0.17,-2.42,-9.29
-0.06,-0.25,1.62,-0.22,-0.89,0.08,-2.08,-8.61
-0.05,-0.22,1.64,-0.16,-0.83,-0.01,-1.8,-7.47
-0.06,-0.19,1.64,-0.09,-0.74,-0.11,-2.05,-6.67
-0.07,-0.18,1.62,-0.01,-0.64,-0.18,-2.29,-6.22
-0.06,-0.16,1.59,0.04,-0.55,-0.25,-2.27,-5.57
-0.06,-0.13,1.55,0.1,-0.48,-0.28,-2.15,-4.84
-0.06,-0.12,1.51,0.15,-0.38,-0.3,-2.34,-4.4
-0.08,-0.11,1.47,0.17,-0.27,-0.27,-3.01,-4.15
-0.09,-0.1,1.43,0.19,-0.18,-0.25,-3.75,-3.94
-0.11,-0.1,1.4,0.19,-0.08,-0.2,-4.67,-4.06
-0.12,-0.1,1.38,0.2,0.01,-0.16,-5.02,-3.96
-0.14,-0.1,1.37,0.17,0.12,-0.09,-5.85,-4.35
-0.15,-0.12,1.35,0.17,0.22,-0.02,-6.32,-4.91
-0.17,-0.13,1.34,0.18,0.31,0.05,-7.19,-5.58
-0.2,-0.15,1.33,0.16,0.44,0.09,-8.31,-6.42
-0.22,-0.17,1.31,0.16,0.55,0.15,-9.48,-7.24
-0.24,-0.18,1.29,0.15,0.64,0.18,-10.24,-7.91
-0.26,-0.21,1.27,0.16,0.71,0.2,-11.4,-9.03
-0.27,-0.21,1.27,0.17,0.81,0.22,-11.77,-9.36
-0.29,-0.24,1.26,0.17,0.89,0.23,-12.86,-10.7
-0.32,-0.27,1.25,0.16,0.99,0.21,-14.01,-11.85
-0.33,-0.28,1.23,0.2,1.05,0.2,-14.68,-12.55
-0.35,-0.3,1.19,0.23,1.13,0.18,-15.94,-13.66
-0.35,-0.3,1.16,0.24,1.21,0.17,-16.15,-14.12
-0.37,-0.31,1.12,0.27,1.26,0.16,-17.64,-14.97
-0.39,-0.32,1.08,0.3,1.35,0.14,-18.98,-15.77
-0.42,-0.34,1.04,0.32,1.35,0.16,-21.18,-16.89
-0.43,-0.35,1.0,0.34,1.42,0.16,-22.2,-17.58
-0.44,-0.34,0.96,0.35,1.44,0.16,-23.62,-18.03
-0.44,-0.34,0.92,0.38,1.44,0.16,-23.96,-18.5
-0.44,-0.33,0.89,0.42,1.4,0.18,-24.8,-18.71
-0.43,-0.34,0.84,0.45,1.39,0.21,-25.56,-19.78
-0.43,-0.34,0.81,0.46,1.34,0.23,-26.31,-20.56
-0.43,-0.36,0.77,0.49,1.28,0.27,-27.1,-22.23
-0.43,-0.38,0.76,0.52,1.2,0.3,-26.55,-23.49
-0.41,-0.4,0.74,0.52,1.14,0.33,-26.22,-25.43
-0.42,-0.43,0.73,0.54,1.03,0.37,-26.3,-27.02
-0.42,-0.45,0.72,0.6,1.01,0.33,-26.39,-28.4
-0.42,-0.48,0.73,0.55,0.82,0.39,-25.86,-29.41
-0.43,-0.5,0.74,0.57,0.74,0.37,-25.69,-30.43
-0.44,-0.52,0.74,0.57,0.66,0.34,-25.83,-30.99
-0.44,-0.53,0.74,0.59,0.55,0.3,-25.75,-31.79
-0.44,-0.55,0.75,0.6,0.47,0.26,-25.31,-32.28
-0.44,-0.55,0.75,0.6,0.43,0.2,-25.19,-32.46
-0.43,-0.56,0.77,0.61,0.35,0.15,-24.43,-32.42
-0.42,-0.56,0.76,0.65,0.27,0.1,-23.87,-32.67
-0.41,-0.56,0.77,0.67,0.21,0.05,-23.18,-32.75
-0.4,-0.56,0.76,0.68,0.15,0.01,-22.87,-32.99
-0.39,-0.56,0.76,0.66,0.1,-0.0,-22.3,-33.48
-0.38,-0.57,0.76,0.68,0.04,-0.04,-22.09,-33.87
-0.39,-0.59,0.75,0.67,-0.0,-0.03,-22.29,-34.78
-0.4,-0.59,0.74,0.62,0.01,-0.04,-22.8,-35.24
-0.4,-0.61,0.73,0.55,0.0,-0.04,-22.92,-35.88
-0.41,-0.61,0.73,0.49,0.0,-0.05,-23.2,-35.96
-0.4,-0.61,0.71,0.42,-0.01,-0.04,-23.12,-36.48
-0.4,-0.59,0.72,0.33,0.03,-0.02,-23.04,-35.84
-0.4,-0.58,0.72,0.24,0.04,0.01,-23.16,-35.34
-0.39,-0.57,0.73,0.16,0.04,0.04,-22.86,-34.19
-0.39,-0.55,0.76,0.1,0.02,0.07,-22.62,-33.04
-0.39,-0.55,0.79,0.06,0.02,0.08,-22.05,-31.95
-0.37,-0.5,0.83,0.05,0.01,0.05,-21.07,-28.71
-0.39,-0.5,0.85,0.06,-0.0,0.03,-21.38,-28.25
-0.38,-0.5,0.86,0.12,-0.03,-0.0,-20.85,-27.91
-0.38,-0.49,0.88,0.16,-0.04,-0.05,-20.76,-26.92
-0.39,-0.5,0.86,0.17,-0.04,-0.09,-21.11,-27.75
-0.38,-0.49,0.86,0.2,-0.07,-0.12,-21.1,-27.54
-0.38,-0.49,0.84,0.23,-0.08,-0.14,-21.21,-27.85
-0.38,-0.49,0.82,0.23,-0.11,-0.16,-21.99,-28.26
-0.39,-0.48,0.8,0.21,-0.13,-0.18,-22.79,-28.3
-0.4,-0.47,0.8,0.2,-0.15,-0.18,-23.16,-27.96
-0.4,-0.46,0.8,0.15,-0.16,-0.19,-23.34,-27.37
-0.4,-0.46,0.8,0.12,-0.19,-0.19,-23.32,-27.17
-0.39,-0.44,0.81,0.06,-0.18,-0.18,-22.77,-26.4
-0.39,-0.43,0.81,0.02,-0.2,-0.17,-22.99,-25.78
-0.38,-0.42,0.84,-0.02,-0.21,-0.16,-22.16,-24.48
-0.37,-0.41,0.86,-0.05,-0.22,-0.15,-21.13,-23.62
-0.37,-0.41,0.87,-0.12,-0.2,-0.14,-20.9,-23.2
-0.36,-0.4,0.9,-0.13,-0.2,-0.13,-20.36,-22.4
-0.37,-0.38,0.91,-0.12,-0.21,-0.12,-20.51,-21.37
-0.36,-0.38,0.93,-0.17,-0.18,-0.12,-19.85,-20.96
-0.37,-0.38,0.93,-0.16,-0.16,-0.12,-20.38,-20.92
-0.38,-0.36,0.95,-0.18,-0.15,-0.12,-20.38,-19.56
-0.38,-0.36,0.95,-0.18,-0.13,-0.12,-20.26,-19.12
-0.37,-0.35,0.95,-0.16,-0.12,-0.13,-20.21,-19.14
-0.37,-0.34,0.94,-0.15,-0.09,-0.13,-20.37,-18.62
-0.38,-0.33,0.94,-0.15,-0.07,-0.13,-20.82,-18.06
-0.36,-0.32,0.95,-0.14,-0.07,-0.12,-19.91,-17.33
-0.36,-0.32,0.93,-0.11,-0.08,-0.13,-19.99,-17.5
-0.36,-0.32,0.93,-0.09,-0.09,-0.11,-19.92,-18.1
-0.35,-0.32,0.93,-0.08,-0.1,-0.1,-19.45,-18.05
-0.35,-0.34,0.93,-0.06,-0.1,-0.1,-19.4,-18.79
-0.35,-0.35,0.94,-0.06,-0.12,-0.09,-19.24,-19.21
-0.35,-0.35,0.94,-0.05,-0.12,-0.1,-19.13,-19.33
-0.35,-0.35,0.93,-0.05,-0.12,-0.1,-19.23,-19.6
-0.35,-0.36,0.93,-0.05,-0.12,-0.09,-19.16,-19.95
-0.34,-0.36,0.93,-0.07,-0.12,-0.08,-19.1,-19.89
-0.34,-0.35,0.93,-0.08,-0.1,-0.09,-19.0,-19.35
-0.34,-0.34,0.92,-0.1,-0.08,-0.07,-18.9,-18.89
-0.33,-0.33,0.92,-0.08,-0.09,-0.06,-18.63,-18.78
-0.33,-0.33,0.93,-0.08,-0.08,-0.05,-18.61,-18.55
-0.32,-0.33,0.94,-0.05,-0.1,-0.03,-17.98,-18.38
-0.31,-0.33,0.95,-0.05,-0.09,-0.02,-17.29,-18.39
-0.31,-0.34,0.96,-0.02,-0.11,0.01,-17.04,-18.49
-0.32,-0.36,0.97,0.01,-0.11,0.0,-17.34,-19.21
-0.32,-0.37,0.97,0.02,-0.12,-0.0,-17.36,-20.15
-0.33,-0.39,0.96,0.03,-0.09,-0.01,-17.74,-20.93
-0.33,-0.4,0.96,0.03,-0.08,-0.01,-17.81,-21.47
-0.33,-0.41,0.96,0.08,0.02,-0.13,-17.75,-21.94
-0.33,-0.41,0.95,0.05,-0.07,-0.02,-17.77,-22.14
-0.33,-0.41,0.93,0.04,-0.06,-0.04,-18.1,-22.68
-0.33,-0.41,0.93,0.05,-0.05,-0.04,-17.89,-22.6
-0.32,-0.4,0.92,0.04,-0.06,-0.06,-17.47,-22.54
-0.31,-0.39,0.91,0.05,-0.09,-0.06,-17.39,-22.28
-0.3,-0.39,0.91,0.03,-0.1,-0.07,-16.65,-22.33
-0.29,-0.39,0.92,0.04,-0.13,-0.05,-16.32,-22.11
-0.29,-0.39,0.93,0.05,-0.18,-0.05,-15.79,-21.96
-0.29,-0.4,0.94,0.06,-0.21,-0.05,-15.82,-22.1
-0.29,-0.41,0.96,0.05,-0.22,-0.07,-15.61,-22.1
-0.29,-0.41,0.97,0.04,-0.25,-0.08,-15.61,-21.9
-0.3,-0.41,0.99,0.05,-0.25,-0.1,-15.67,-21.53
-0.3,-0.4,0.99,0.05,-0.26,-0.12,-15.83,-20.98
-0.3,-0.38,1.0,0.03,-0.24,-0.13,-15.71,-20.15
-0.3,-0.38,0.99,0.03,-0.23,-0.13,-16.05,-20.03
-0.3,-0.36,0.98,0.01,-0.22,-0.13,-16.01,-19.18
-0.3,-0.34,0.98,0.01,-0.22,-0.1,-15.99,-18.59
-0.29,-0.33,0.98,-0.0,-0.19,-0.09,-15.85,-17.93
-0.29,-0.33,0.99,-0.03,-0.18,-0.07,-15.55,-17.72
-0.29,-0.34,0.99,-0.0,-0.17,-0.07,-15.46,-17.96
-0.29,-0.33,0.99,-0.03,-0.14,-0.06,-15.5,-17.49
-0.31,-0.33,0.99,-0.04,-0.14,-0.05,-16.43,-17.64
-0.3,-0.32,0.98,-0.06,-0.11,-0.06,-15.95,-17.24
-0.3,-0.32,0.98,-0.01,0.04,-0.21,-16.36,-17.31
-0.31,-0.3,0.98,-0.07,-0.12,-0.04,-16.64,-16.45
-0.3,-0.3,0.98,-0.09,-0.09,-0.04,-16.28,-16.13
-0.29,-0.29,1.0,-0.09,-0.1,-0.03,-15.49,-15.59
-0.29,-0.29,0.99,-0.05,-0.1,-0.03,-15.68,-15.4
-0.3,-0.29,1.0,-0.04,-0.11,-0.03,-16.22,-15.32
-0.3,-0.29,0.99,-0.03,-0.11,-0.04,-16.34,-15.42
-0.31,-0.28,1.0,-0.03,-0.1,-0.03,-16.35,-15.23
-0.3,-0.28,1.01,-0.02,-0.1,-0.03,-16.1,-14.79
-0.31,-0.28,1.0,0.0,-0.1,-0.02,-16.5,-14.79
-0.3,-0.27,1.0,-0.0,-0.08,-0.02,-16.36,-14.62
-0.3,-0.27,0.99,-0.02,-0.07,-0.01,-16.56,-14.7
-0.3,-0.27,1.0,-0.01,-0.07,0.0,-15.97,-14.48
-0.3,-0.27,1.0,-0.0,-0.07,0.01,-15.99,-14.51
-0.29,-0.27,1.02,0.0,-0.06,0.01,-15.15,-14.4
-0.27,-0.26,1.04,0.02,-0.05,0.02,-14.31,-13.75
-0.28,-0.28,1.04,0.03,-0.05,0.01,-14.4,-14.38
-0.28,-0.27,1.04,0.06,-0.04,0.01,-14.35,-14.27
-0.28,-0.28,1.04,0.08,-0.03,-0.01,-14.32,-14.63
-0.28,-0.28,1.04,0.07,-0.0,-0.03,-14.35,-14.69
-0.29,-0.28,1.04,0.08,0.0,-0.02,-14.83,-14.36
-0.28,-0.28,1.03,0.14,0.17,-0.19,-14.72,-14.89
-0.28,-0.28,1.02,0.09,0.03,-0.02,-14.97,-14.98
-0.28,-0.28,1.0,0.06,0.06,-0.01,-15.04,-15.03
-0.28,-0.29,0.99,0.05,0.06,0.03,-15.13,-15.49
-0.29,-0.28,0.99,0.12,0.21,-0.11,-15.53,-15.16
-0.28,-0.28,1.0,0.06,0.06,0.06,-15.36,-15.0
-0.27,-0.27,1.01,0.04,0.06,0.08,-14.64,-14.75
-0.28,-0.28,1.02,0.03,0.08,0.09,-14.71,-14.82
-0.28,-0.29,1.03,0.05,0.05,0.1,-14.51,-15.04
-0.28,-0.29,1.05,0.06,0.05,0.09,-14.18,-15.21
-0.27,-0.3,1.05,0.06,0.09,0.08,-14.06,-15.19
-0.27,-0.3,1.06,0.06,0.08,0.08,-13.65,-15.2
-0.26,-0.29,1.06,0.09,0.1,0.05,-13.33,-14.92
-0.25,-0.29,1.07,0.1,0.08,0.05,-12.99,-14.79
-0.25,-0.29,1.07,0.09,0.11,0.03,-12.7,-14.58
-0.25,-0.29,1.08,0.11,0.11,0.03,-12.51,-14.47
-0.25,-0.29,1.08,0.13,0.12,0.01,-12.8,-14.55
-0.25,-0.29,1.07,0.14,0.13,0.01,-12.82,-14.54
-0.26,-0.28,1.06,0.15,0.15,0.0,-13.07,-14.56
-0.25,-0.28,1.06,0.14,0.16,0.01,-12.81,-14.27
-0.25,-0.27,1.06,0.15,0.16,0.01,-12.94,-13.9
-0.25,-0.26,1.06,0.16,0.15,0.02,-12.81,-13.43
-0.25,-0.25,1.06,0.15,0.17,0.02,-12.81,-13.19
-0.25,-0.25,1.07,0.15,0.18,0.03,-12.86,-13.1
-0.25,-0.25,1.07,0.14,0.17,0.04,-12.76,-12.69
-0.24,-0.24,1.09,0.16,0.15,0.05,-12.0,-12.34
-0.24,-0.23,1.11,0.16,0.17,0.04,-11.85,-11.4
-0.24,-0.24,1.13,0.18,0.18,0.03,-11.54,-11.9
-0.24,-0.24,1.15,0.17,0.2,0.02,-11.39,-11.52
-0.24,-0.23,1.14,0.2,0.27,-0.07,-11.43,-11.36
-0.23,-0.24,1.15,0.18,0.22,0.0,-11.28,-11.71
-0.23,-0.24,1.15,0.15,0.28,-0.01,-11.23,-11.74
-0.24,-0.25,1.16,0.12,0.32,-0.0,-11.39,-11.81
-0.25,-0.25,1.15,0.11,0.37,-0.02,-12.05,-12.08
-0.26,-0.26,1.15,0.07,0.42,-0.01,-12.49,-12.38
-0.26,-0.26,1.15,0.03,0.5,-0.02,-12.3,-12.44
-0.26,-0.26,1.15,-0.0,0.56,-0.0,-12.31,-12.27
-0.26,-0.25,1.14,-0.04,0.64,-0.01,-12.58,-12.16
-0.26,-0.25,1.13,-0.03,0.68,0.01,-12.82,-12.07
-0.25,-0.25,1.12,-0.06,0.76,0.03,-12.3,-12.07
-0.25,-0.24,1.13,-0.07,0.8,0.06,-12.2,-11.84
-0.25,-0.26,1.12,-0.04,0.9,0.03,-12.26,-12.69
-0.25,-0.26,1.13,-0.06,0.86,0.08,-12.12,-12.69
-0.26,-0.28,1.12,-0.05,0.91,0.08,-12.48,-13.52
-0.25,-0.29,1.1,-0.04,0.92,0.07,-12.52,-14.31
-0.24,-0.3,1.08,-0.0,0.91,0.06,-12.22,-15.03
-0.24,-0.31,1.08,-0.03,0.93,0.06,-12.28,-15.82
-0.24,-0.32,1.08,0.05,1.09,-0.1,-12.0,-16.31
-0.25,-0.34,1.09,-0.03,0.92,0.05,-12.19,-16.95
-0.25,-0.34,1.1,-0.04,0.9,0.05,-12.11,-16.94
-0.25,-0.35,1.11,-0.05,0.91,0.04,-11.97,-17.03
-0.24,-0.35,1.12,-0.06,0.94,0.01,-11.79,-17.24
-0.24,-0.36,1.13,-0.1,0.95,0.02,-11.58,-17.04
-0.25,-0.36,1.15,-0.1,0.95,0.0,-11.74,-16.92
-0.25,-0.35,1.16,-0.1,0.97,0.01,-11.57,-16.58
-0.25,-0.35,1.18,-0.14,1.03,-0.01,-11.25,-16.11
-0.25,-0.34,1.2,-0.15,1.07,-0.01,-11.56,-15.61
-0.25,-0.34,1.22,-0.13,1.13,-0.01,-11.37,-15.19
-0.25,-0.34,1.23,-0.12,1.17,-0.01,-11.25,-15.14
-0.25,-0.34,1.23,-0.13,1.26,-0.02,-11.23,-15.17
-0.25,-0.35,1.23,-0.13,1.33,-0.01,-11.16,-15.62
-0.26,-0.36,1.22,-0.09,1.39,-0.01,-11.57,-16.25
-0.27,-0.38,1.21,-0.09,1.44,0.02,-11.94,-16.93
-0.27,-0.4,1.2,-0.11,1.54,0.0,-12.08,-17.87
-0.28,-0.41,1.19,-0.11,1.59,-0.01,-12.52,-18.62
-0.28,-0.43,1.17,-0.11,1.64,-0.03,-12.84,-19.51
-0.28,-0.43,1.14,-0.13,1.68,-0.04,-13.16,-20.12
-0.28,-0.44,1.12,-0.16,1.72,-0.07,-13.25,-20.7
-0.29,-0.43,1.09,-0.19,1.76,-0.1,-13.88,-20.88
-0.29,-0.43,1.07,-0.21,1.76,-0.11,-13.95,-21.18
-0.28,-0.42,1.04,-0.23,1.83,-0.16,-14.09,-21.21
-0.28,-0.41,1.03,-0.28,1.75,-0.13,-14.21,-21.11
-0.28,-0.4,1.02,-0.31,1.75,-0.13,-14.28,-20.9
-0.28,-0.4,1.02,-0.32,1.73,-0.12,-14.49,-20.48
-0.3,-0.39,1.03,-0.34,1.71,-0.12,-15.11,-20.08
-0.31,-0.38,1.04,-0.34,1.7,-0.14,-15.4,-19.27
-0.31,-0.37,1.05,-0.35,1.71,-0.15,-15.56,-18.86
-0.32,-0.36,1.06,-0.34,1.7,-0.16,-15.93,-18.28
-0.33,-0.36,1.06,-0.34,1.81,-0.23,-16.23,-18.07
-0.32,-0.35,1.08,-0.33,1.71,-0.17,-15.8,-17.3
-0.33,-0.34,1.09,-0.32,1.74,-0.19,-16.15,-16.47
-0.33,-0.34,1.11,-0.3,1.74,-0.18,-15.61,-16.36
-0.34,-0.35,1.11,-0.26,1.76,-0.2,-16.04,-16.89
-0.35,-0.35,1.12,-0.24,1.8,-0.21,-16.52,-16.6
-0.34,-0.34,1.11,-0.25,1.88,-0.21,-16.08,-16.17
-0.33,-0.34,1.08,-0.23,1.9,-0.18,-16.05,-16.7
-0.31,-0.33,1.07,-0.22,1.94,-0.17,-15.6,-16.54
-0.32,-0.33,1.06,-0.22,1.97,-0.14,-16.29,-16.43
-0.32,-0.33,1.05,-0.21,2.0,-0.13,-16.02,-16.86
-0.32,-0.32,1.03,-0.2,2.01,-0.1,-16.47,-16.59
-0.32,-0.32,1.01,-0.17,2.01,-0.07,-16.85,-16.71
-0.33,-0.33,0.99,-0.15,2.02,-0.04,-17.65,-17.33
-0.34,-0.33,0.99,-0.14,2.03,-0.02,-17.9,-17.63
-0.33,-0.32,0.96,-0.14,2.03,0.0,-18.22,-17.41
-0.34,-0.31,0.95,-0.1,2.0,0.0,-18.6,-17.32
-0.33,-0.31,0.94,-0.05,1.97,0.02,-18.44,-17.36
-0.33,-0.31,0.94,-0.03,1.95,0.03,-18.39,-17.37
-0.34,-0.32,0.93,0.02,1.91,0.02,-18.89,-18.07
-0.34,-0.33,0.94,0.07,1.86,0.02,-19.03,-18.1
-0.36,-0.34,0.97,0.15,1.78,0.01,-19.06,-18.4
-0.37,-0.37,0.98,0.23,1.76,-0.03,-19.44,-19.45
-0.38,-0.38,0.98,0.29,1.71,-0.07,-19.77,-20.06
-0.39,-0.4,0.98,0.35,1.68,-0.13,-20.22,-20.78
-0.4,-0.41,0.97,0.39,1.62,-0.18,-20.82,-21.29
-0.4,-0.42,0.96,0.41,1.61,-0.24,-20.97,-21.87
-0.39,-0.42,0.94,0.38,1.61,-0.28,-20.88,-22.15
-0.39,-0.41,0.93,0.35,1.6,-0.29,-21.01,-22.44
-0.39,-0.42,0.92,0.3,1.61,-0.29,-20.77,-22.94
-0.39,-0.42,0.94,0.26,1.61,-0.28,-20.58,-22.54
-0.39,-0.41,0.95,0.19,1.65,-0.26,-20.44,-21.86
-0.38,-0.39,0.95,0.13,1.68,-0.24,-20.44,-20.87
-0.38,-0.37,0.95,0.09,1.69,-0.2,-20.32,-19.85
-0.37,-0.34,0.95,0.04,1.72,-0.16,-19.95,-18.66
-0.35,-0.33,0.95,-0.01,1.76,-0.1,-19.32,-18.05
-0.35,-0.32,0.95,-0.02,1.75,-0.04,-19.27,-17.34
-0.36,-0.32,0.94,-0.02,1.73,0.02,-19.7,-17.45
-0.36,-0.32,0.94,-0.02,1.74,0.05,-19.85,-17.49
-0.36,-0.32,0.94,-0.02,1.71,0.07,-19.98,-17.83
-0.36,-0.32,0.94,-0.04,1.7,0.1,-20.17,-17.74
-0.37,-0.33,0.94,-0.02,1.67,0.11,-20.31,-17.95
-0.37,-0.33,0.94,-0.01,1.65,0.1,-20.58,-18.31
-0.38,-0.34,0.94,-0.02,1.65,0.1,-20.73,-18.5
-0.38,-0.35,0.93,0.01,1.6,0.1,-20.9,-19.3
-0.38,-0.36,0.94,0.04,1.57,0.08,-20.41,-19.53
-0.38,-0.36,0.95,0.04,1.54,0.04,-20.5,-19.48
-0.39,-0.37,0.96,0.04,1.54,0.01,-20.68,-19.52
-0.39,-0.36,0.97,0.04,1.54,-0.0,-20.49,-19.05
-0.39,-0.37,0.98,0.06,1.54,-0.03,-20.6,-19.33
-0.39,-0.38,1.0,0.09,1.53,-0.04,-20.18,-19.43
-0.39,-0.38,1.01,0.09,1.57,-0.06,-19.99,-19.48
-0.4,-0.39,1.01,0.09,1.58,-0.07,-20.19,-19.5
-0.39,-0.38,1.0,0.09,1.61,-0.1,-19.99,-19.57
-0.36,-0.36,0.97,0.07,1.63,-0.09,-19.31,-19.37
-0.35,-0.36,0.97,0.02,1.69,-0.07,-18.82,-18.99
-0.34,-0.35,0.95,-0.0,1.72,-0.03,-18.48,-18.97
-0.32,-0.35,0.93,-0.04,1.73,0.02,-18.18,-19.49
-0.31,-0.34,0.91,-0.09,1.76,0.06,-17.91,-19.29
-0.31,-0.34,0.88,-0.15,1.74,0.11,-18.2,-19.83
-0.31,-0.32,0.87,-0.21,1.76,0.16,-18.2,-19.29
-0.3,-0.33,0.89,-0.23,1.77,0.17,-17.7,-19.38
-0.31,-0.33,0.91,-0.26,1.74,0.21,-17.68,-19.13
-0.31,-0.33,0.92,-0.26,1.74,0.21,-17.75,-18.8
-0.32,-0.33,0.91,-0.26,1.72,0.23,-18.2,-18.63
-0.32,-0.32,0.92,-0.22,1.68,0.24,-18.09,-18.0
-0.33,-0.33,0.93,-0.19,1.63,0.25,-18.34,-18.45
-0.35,-0.35,0.95,-0.17,1.62,0.2,-18.97,-18.93
-0.36,-0.35,0.95,-0.12,1.59,0.16,-19.51,-19.01
-0.36,-0.36,0.98,-0.06,1.55,0.13,-19.25,-18.85
-0.38,-0.36,0.98,-0.06,1.47,0.14,-19.87,-18.86
-0.39,-0.37,0.98,0.06,1.52,0.05,-20.21,-19.17
-0.38,-0.36,0.97,0.13,1.54,-0.01,-20.03,-19.07
-0.36,-0.35,0.93,0.2,1.53,-0.03,-19.65,-19.06
-0.33,-0.32,0.91,0.22,1.53,-0.03,-18.67,-18.44
-0.29,-0.3,0.86,0.21,1.56,-0.03,-17.46,-18.36
-0.26,-0.28,0.83,0.19,1.53,0.0,-16.28,-17.7
-0.24,-0.27,0.83,0.13,1.51,0.07,-15.3,-17.51
-0.24,-0.28,0.83,0.08,1.49,0.14,-15.28,-17.88
-0.25,-0.3,0.84,0.04,1.49,0.21,-15.55,-18.63
-0.26,-0.31,0.85,-0.02,1.51,0.25,-15.83,-19.29
-0.27,-0.32,0.84,-0.04,1.5,0.3,-16.73,-19.96
-0.28,-0.32,0.83,-0.08,1.49,0.34,-17.19,-20.33
-0.29,-0.33,0.85,-0.11,1.52,0.34,-17.57,-19.96
-0.3,-0.32,0.86,-0.13,1.51,0.35,-17.8,-19.56
-0.3,-0.33,0.88,-0.13,1.51,0.35,-17.65,-19.4
-0.3,-0.33,0.89,-0.13,1.49,0.34,-17.66,-19.02
-0.31,-0.33,0.9,-0.07,1.48,0.32,-17.94,-19.28
-0.32,-0.34,0.9,-0.08,1.47,0.33,-18.28,-19.48
-0.32,-0.33,0.9,-0.01,1.42,0.31,-18.21,-19.2
-0.32,-0.34,0.91,0.1,1.59,0.14,-18.23,-19.44
-0.32,-0.34,0.92,0.09,1.38,0.26,-18.14,-19.23
-0.31,-0.33,0.92,0.12,1.37,0.23,-17.67,-18.92
-0.3,-0.33,0.92,0.17,1.34,0.23,-17.12,-18.85
-0.29,-0.32,0.89,0.31,1.49,0.07,-17.08,-18.74
-0.28,-0.32,0.88,0.27,1.27,0.2,-16.48,-18.92
-0.28,-0.34,0.87,0.29,1.26,0.21,-16.52,-20.29
-0.29,-0.35,0.85,0.31,1.22,0.2,-17.42,-21.5
-0.29,-0.36,0.85,0.29,1.23,0.19,-17.29,-21.86
-0.29,-0.36,0.84,0.29,1.23,0.18,-17.81,-22.08
-0.29,-0.37,0.84,0.26,1.24,0.15,-17.37,-22.65
-0.28,-0.37,0.83,0.24,1.24,0.15,-17.18,-23.06
-0.27,-0.36,0.8,0.2,1.27,0.12,-17.01,-23.17
-0.25,-0.35,0.79,0.15,1.26,0.14,-16.21,-23.04
-0.24,-0.34,0.79,0.04,1.31,0.16,-15.68,-22.24
-0.25,-0.32,0.8,-0.02,1.32,0.2,-15.79,-20.99
-0.24,-0.32,0.81,-0.06,1.34,0.22,-15.61,-20.99
-0.24,-0.31,0.82,-0.13,1.3,0.25,-15.62,-20.04
-0.26,-0.29,0.84,-0.21,1.34,0.28,-16.67,-18.13
-0.27,-0.28,0.85,-0.21,1.3,0.29,-16.87,-17.54
-0.29,-0.29,0.86,-0.23,1.3,0.31,-17.59,-17.84
-0.29,-0.27,0.87,-0.21,1.26,0.32,-17.81,-16.62
-0.31,-0.25,0.89,-0.19,1.26,0.32,-18.23,-15.02
-0.31,-0.27,0.91,-0.15,1.24,0.33,-18.02,-15.66
-0.32,-0.27,0.91,-0.1,1.22,0.33,-18.48,-15.49
-0.33,-0.27,0.92,-0.03,1.18,0.32,-18.74,-15.45
-0.33,-0.27,0.92,0.03,1.16,0.31,-18.79,-15.36
-0.32,-0.26,0.9,0.09,1.15,0.3,-18.73,-15.39
-0.31,-0.26,0.89,0.14,1.11,0.3,-18.23,-15.43
-0.3,-0.26,0.88,0.15,1.09,0.31,-17.76,-15.57
-0.29,-0.26,0.88,0.19,1.07,0.31,-17.74,-15.74
-0.29,-0.27,0.86,0.19,1.07,0.33,-17.94,-16.77
-0.29,-0.27,0.84,0.18,1.05,0.33,-17.82,-17.11
-0.27,-0.27,0.85,0.19,1.03,0.33,-17.08,-17.02
-0.27,-0.27,0.85,0.17,1.03,0.35,-16.82,-17.16
-0.26,-0.28,0.86,0.11,1.06,0.37,-16.19,-17.15
-0.26,-0.29,0.88,0.14,1.04,0.41,-15.89,-17.47
-0.27,-0.3,0.89,0.14,1.02,0.43,-15.96,-17.99
-0.28,-0.33,0.92,0.15,1.04,0.43,-15.8,-19.15
-0.27,-0.36,0.92,0.18,1.04,0.45,-15.43,-20.34
-0.27,-0.37,0.92,0.18,1.05,0.44,-15.08,-21.3
-0.27,-0.39,0.91,0.23,1.05,0.41,-15.23,-22.32
-0.26,-0.4,0.9,0.23,1.06,0.4,-14.74,-22.95
-0.24,-0.41,0.88,0.21,1.11,0.36,-13.91,-24.0
-0.22,-0.41,0.87,0.2,1.1,0.35,-12.76,-24.41
-0.2,-0.41,0.86,0.2,1.1,0.32,-12.0,-24.77
-0.19,-0.41,0.85,0.17,1.11,0.3,-11.51,-25.22
-0.19,-0.41,0.85,0.12,1.14,0.27,-11.59,-25.05
-0.18,-0.4,0.85,0.1,1.15,0.26,-10.78,-24.61
-0.16,-0.38,0.85,0.06,1.14,0.22,-9.82,-23.61
-0.14,-0.35,0.84,0.03,1.09,0.23,-8.61,-22.52
-0.14,-0.35,0.85,-0.03,1.1,0.21,-8.98,-22.06
-0.16,-0.36,0.86,-0.07,1.07,0.22,-9.72,-22.16
-0.18,-0.36,0.88,-0.1,1.08,0.18,-10.49,-21.96
-0.19,-0.35,0.88,-0.11,1.02,0.19,-11.29,-21.35
-0.2,-0.34,0.89,-0.11,1.05,0.15,-11.85,-20.61
-0.2,-0.33,0.9,-0.12,1.06,0.15,-11.87,-19.74
-0.21,-0.32,0.92,-0.09,1.03,0.12,-12.11,-18.87
-0.22,-0.33,0.92,-0.11,1.04,0.12,-12.47,-19.24
-0.22,-0.33,0.93,-0.09,1.02,0.12,-12.81,-19.11
-0.23,-0.33,0.93,-0.07,1.03,0.11,-13.08,-18.79
-0.23,-0.31,0.93,-0.04,1.02,0.11,-13.39,-18.06
-0.23,-0.3,0.93,-0.02,1.01,0.11,-12.93,-17.48
-0.22,-0.3,0.93,-0.02,1.03,0.1,-12.8,-17.1
-0.22,-0.29,0.92,-0.03,1.05,0.12,-12.94,-17.19
-0.23,-0.28,0.92,-0.02,1.05,0.14,-13.37,-16.74
-0.23,-0.28,0.91,0.0,1.05,0.17,-13.7,-16.79
-0.23,-0.29,0.92,0.02,1.09,0.17,-13.19,-16.82
-0.22,-0.29,0.92,0.03,1.09,0.17,-12.83,-16.82
-0.22,-0.29,0.91,0.05,1.07,0.19,-13.01,-17.33
-0.22,-0.28,0.91,0.04,1.05,0.18,-12.82,-16.79
-0.21,-0.29,0.92,0.06,1.07,0.17,-12.53,-17.04
-0.22,-0.29,0.92,0.05,1.09,0.18,-12.92,-16.85
-0.21,-0.28,0.92,0.07,1.06,0.2,-12.24,-16.63
-0.2,-0.29,0.91,0.09,1.05,0.21,-11.95,-17.03
-0.2,-0.29,0.9,0.12,1.05,0.21,-12.15,-17.29
-0.2,-0.29,0.89,0.11,1.06,0.2,-12.02,-17.66
-0.2,-0.28,0.89,0.13,1.04,0.2,-12.2,-17.04
-0.2,-0.27,0.9,0.13,1.05,0.2,-11.83,-16.63
-0.18,-0.27,0.88,0.13,1.04,0.2,-10.94,-16.65
-0.17,-0.26,0.88,0.14,1.04,0.19,-10.51,-16.01
-0.17,-0.27,0.87,0.12,0.99,0.2,-10.65,-17.21
-0.18,-0.29,0.87,0.14,0.96,0.19,-10.89,-18.05
-0.18,-0.29,0.87,0.13,0.94,0.17,-10.97,-18.2
-0.16,-0.29,0.86,0.12,0.93,0.14,-10.25,-18.2
-0.16,-0.28,0.87,0.08,0.91,0.14,-9.76,-17.65
-0.16,-0.28,0.87,0.06,0.89,0.13,-9.98,-17.58
-0.17,-0.29,0.88,0.04,0.88,0.13,-10.42,-17.71
-0.19,-0.3,0.9,0.02,0.89,0.15,-11.18,-18.23
-0.21,-0.31,0.91,0.02,0.87,0.16,-12.13,-18.52
-0.22,-0.32,0.92,0.02,0.9,0.15,-12.68,-18.58
-0.23,-0.31,0.91,0.02,0.91,0.14,-13.22,-18.47
-0.23,-0.31,0.92,0.02,0.93,0.12,-13.18,-18.25
-0.22,-0.31,0.92,0.02,0.92,0.13,-12.87,-18.29
-0.22,-0.3,0.92,0.04,0.92,0.12,-12.96,-17.79
-0.23,-0.3,0.91,0.03,0.93,0.13,-13.38,-17.85
-0.23,-0.3,0.91,0.01,0.97,0.12,-13.49,-17.6
-0.22,-0.29,0.91,0.02,0.98,0.14,-13.12,-17.25
-0.21,-0.27,0.91,0.02,0.99,0.14,-12.47,-16.2
-0.2,-0.26,0.91,0.01,1.0,0.17,-12.08,-15.73
-0.19,-0.26,0.91,0.02,0.98,0.18,-11.64,-15.64
-0.19,-0.26,0.9,-0.01,0.98,0.2,-11.65,-15.95
-0.2,-0.27,0.89,-0.02,0.96,0.21,-12.27,-16.27
-0.2,-0.27,0.9,0.01,0.93,0.21,-12.29,-16.41
-0.2,-0.28,0.92,-0.01,0.94,0.2,-11.92,-16.72
-0.2,-0.29,0.91,0.0,0.9,0.21,-12.08,-17.44
-0.22,-0.31,0.9,-0.02,0.89,0.2,-13.23,-18.37
-0.25,-0.32,0.88,-0.01,0.9,0.16,-14.82,-19.42
-0.25,-0.32,0.88,-0.01,0.94,0.13,-14.95,-19.46
-0.24,-0.32,0.89,0.0,0.95,0.1,-14.22,-19.1
-0.22,-0.3,0.9,-0.02,0.98,0.11,-13.22,-18.13
-0.21,-0.28,0.9,-0.01,0.98,0.1,-12.47,-16.79
-0.21,-0.26,0.9,-0.01,1.01,0.09,-12.45,-15.99
-0.2,-0.26,0.91,-0.03,1.02,0.11,-11.9,-15.49
-0.19,-0.25,0.91,-0.04,1.01,0.12,-11.36,-14.95
-0.19,-0.24,0.9,-0.03,0.99,0.12,-11.26,-14.8
-0.19,-0.25,0.9,-0.02,0.98,0.12,-11.77,-14.98
-0.2,-0.25,0.9,-0.03,1.0,0.13,-12.27,-15.03
-0.2,-0.26,0.89,-0.03,1.0,0.14,-12.35,-15.86
-0.21,-0.26,0.89,-0.02,1.04,0.14,-12.51,-15.93
-0.2,-0.26,0.9,0.0,1.03,0.14,-12.01,-16.03
-0.2,-0.26,0.9,0.01,1.05,0.14,-11.79,-15.56
-0.18,-0.26,0.9,0.01,1.04,0.15,-11.11,-15.77
-0.19,-0.26,0.91,0.04,1.0,0.15,-11.36,-15.96
-0.19,-0.26,0.9,0.06,0.98,0.14,-11.56,-15.54
-0.18,-0.25,0.89,0.05,1.01,0.12,-11.1,-15.39
-0.18,-0.25,0.9,0.07,0.98,0.12,-11.19,-15.09
-0.18,-0.25,0.89,0.08,0.96,0.11,-10.83,-15.56
-0.16,-0.24,0.88,0.06,0.94,0.12,-10.18,-14.86
-0.17,-0.24,0.88,0.05,0.97,0.11,-10.58,-14.92
-0.18,-0.25,0.88,0.02,0.97,0.12,-10.9,-15.31
-0.17,-0.25,0.89,0.02,0.95,0.12,-10.33,-15.24
-0.16,-0.24,0.89,0.01,0.94,0.13,-10.12,-15.0
-0.17,-0.23,0.89,-0.01,0.96,0.14,-10.78,-14.51
-0.18,-0.23,0.89,-0.05,0.95,0.14,-11.25,-14.23
-0.19,-0.23,0.91,-0.03,0.94,0.14,-11.77,-13.79
-0.19,-0.23,0.92,-0.04,0.93,0.15,-11.55,-13.62
-0.2,-0.24,0.93,-0.04,0.95,0.16,-11.71,-14.19
-0.2,-0.24,0.93,-0.01,0.93,0.18,-11.86,-14.34
-0.22,-0.26,0.93,0.02,0.92,0.18,-12.65,-15.09
-0.22,-0.26,0.92,0.04,0.91,0.2,-12.71,-15.2
-0.21,-0.26,0.92,0.06,0.93,0.19,-12.69,-15.35
-0.21,-0.28,0.91,0.06,0.92,0.18,-12.55,-16.73
-0.21,-0.29,0.9,0.08,0.92,0.18,-12.53,-17.32
-0.2,-0.28,0.89,0.08,0.94,0.17,-12.42,-17.1
-0.2,-0.28,0.89,0.05,0.98,0.16,-11.88,-16.98
-0.19,-0.28,0.9,0.02,1.01,0.18,-11.24,-16.7
-0.18,-0.27,0.9,0.03,1.0,0.19,-10.81,-16.39
-0.19,-0.26,0.9,-0.01,1.01,0.19,-11.39,-15.92
-0.2,-0.26,0.89,-0.02,1.03,0.21,-12.07,-15.64
-0.2,-0.26,0.89,-0.01,1.04,0.2,-11.96,-15.98
-0.2,-0.27,0.9,0.0,1.04,0.19,-11.87,-16.01
-0.2,-0.26,0.9,-0.0,1.03,0.2,-12.08,-15.98
-0.2,-0.25,0.9,0.02,1.06,0.18,-12.27,-15.18
-0.2,-0.25,0.91,0.03,1.08,0.18,-11.82,-14.97
-0.19,-0.24,0.92,0.06,1.05,0.19,-11.29,-14.58
-0.18,-0.25,0.92,0.09,1.0,0.21,-10.69,-14.94
-0.18,-0.25,0.9,0.1,1.01,0.19,-11.15,-15.48
-0.18,-0.24,0.89,0.09,1.01,0.18,-11.17,-14.9
-0.19,-0.25,0.89,0.11,0.98,0.17,-11.36,-15.24
-0.19,-0.25,0.9,0.11,0.97,0.16,-11.42,-15.41
-0.19,-0.25,0.89,0.11,0.97,0.16,-11.56,-15.34
-0.2,-0.24,0.89,0.1,1.0,0.17,-11.98,-14.68
-0.19,-0.22,0.89,0.11,0.99,0.18,-11.91,-13.78
-0.19,-0.23,0.89,0.14,0.99,0.19,-11.62,-14.43
-0.17,-0.23,0.87,0.15,0.98,0.19,-10.87,-14.2
-0.17,-0.23,0.86,0.14,1.01,0.19,-10.73,-14.36
-0.14,-0.21,0.83,0.11,1.01,0.21,-9.28,-14.08
-0.13,-0.2,0.83,0.07,1.02,0.22,-8.83,-13.69
-0.12,-0.19,0.82,0.01,1.05,0.23,-8.1,-12.91
-0.11,-0.18,0.82,-0.03,1.06,0.24,-7.29,-12.48
-0.1,-0.18,0.81,-0.09,1.05,0.27,-6.68,-12.11
-0.11,-0.17,0.82,-0.14,1.05,0.27,-7.77,-11.47
-0.13,-0.18,0.83,-0.19,1.04,0.28,-8.66,-12.05
-0.14,-0.19,0.84,-0.25,1.07,0.28,-9.03,-12.27
-0.17,-0.2,0.86,-0.26,1.06,0.3,-11.13,-12.87
-0.18,-0.2,0.88,-0.22,1.05,0.29,-11.26,-12.79
-0.18,-0.2,0.9,-0.18,1.03,0.31,-11.24,-12.28
-0.18,-0.21,0.91,-0.14,1.02,0.32,-11.12,-12.46
-0.19,-0.22,0.92,-0.08,0.97,0.35,-11.24,-12.94
-0.19,-0.22,0.92,-0.01,0.98,0.36,-11.42,-13.3
-0.19,-0.25,0.91,0.08,0.96,0.37,-11.28,-15.17
-0.17,-0.25,0.91,0.15,0.95,0.37,-10.17,-15.03
-0.14,-0.25,0.89,0.21,0.95,0.39,-8.4,-15.62
-0.11,-0.24,0.87,0.26,0.93,0.39,-6.94,-15.5
-0.08,-0.25,0.85,0.31,0.9,0.39,-5.21,-16.06
-0.05,-0.24,0.84,0.32,0.91,0.36,-3.25,-16.04
-0.03,-0.24,0.82,0.32,0.88,0.34,-2.19,-16.43
-0.02,-0.23,0.8,0.32,0.86,0.3,-1.17,-16.17
-0.01,-0.23,0.79,0.31,0.85,0.26,-0.56,-15.94
0.01,-0.21,0.8,0.29,0.83,0.21,0.57,-14.36
0.03,-0.19,0.81,0.26,0.81,0.18,1.78,-13.34
0.04,-0.17,0.81,0.24,0.77,0.18,2.82,-11.88
0.04,-0.16,0.82,0.19,0.75,0.17,2.65,-10.73
0.04,-0.15,0.83,0.16,0.74,0.16,2.8,-9.94
0.04,-0.14,0.83,0.1,0.72,0.17,2.89,-9.36
0.03,-0.14,0.83,0.06,0.68,0.16,2.07,-9.79
0.02,-0.14,0.83,0.05,0.64,0.16,1.54,-9.36
0.01,-0.14,0.82,0.02,0.65,0.17,1.02,-9.4
0.01,-0.13,0.82,0.02,0.62,0.16,0.56,-9.32
0.0,-0.13,0.82,-0.02,0.61,0.17,0.18,-8.96
0.0,-0.13,0.82,-0.01,0.66,0.11,0.29,-9.07
-0.01,-0.13,0.83,-0.03,0.56,0.16,-0.35,-8.69
-0.01,-0.12,0.83,-0.07,0.58,0.16,-0.8,-7.94
-0.01,-0.11,0.83,-0.05,0.54,0.17,-0.41,-7.52
-0.01,-0.11,0.83,-0.03,0.51,0.16,-0.66,-7.82
-0.02,-0.11,0.83,-0.04,0.48,0.17,-1.09,-7.45
-0.02,-0.11,0.83,-0.06,0.49,0.17,-1.38,-7.46
-0.03,-0.11,0.84,-0.04,0.43,0.18,-1.94,-7.58
-0.03,-0.11,0.84,-0.01,0.42,0.16,-2.31,-7.52
-0.04,-0.11,0.83,0.03,0.37,0.15,-2.74,-7.74
-0.05,-0.12,0.84,0.03,0.36,0.15,-3.06,-7.95
-0.05,-0.12,0.84,0.06,0.31,0.13,-3.34,-8.13
-0.05,-0.12,0.84,0.11,0.25,0.11,-3.43,-8.24
-0.04,-0.12,0.84,0.15,0.2,0.11,-2.67,-7.8
-0.03,-0.11,0.85,0.17,0.18,0.08,-1.73,-7.59
-0.01,-0.11,0.84,0.15,0.12,0.08,-0.39,-7.27
-0.01,-0.11,0.83,0.13,0.08,0.05,-0.62,-7.38
-0.02,-0.12,0.83,0.12,0.04,0.04,-1.29,-8.26
-0.01,-0.13,0.84,0.09,0.05,0.03,-0.92,-8.55
-0.01,-0.13,0.84,0.06,0.04,0.02,-0.95,-8.54
-0.01,-0.14,0.85,0.03,0.02,0.03,-0.76,-9.04
-0.02,-0.14,0.87,-0.03,0.0,0.06,-1.38,-8.89
-0.03,-0.15,0.86,-0.08,0.03,0.06,-2.04,-10.11
-0.05,-0.17,0.88,-0.1,0.01,0.09,-3.39,-11.26
-0.05,-0.18,0.87,-0.14,0.02,0.09,-3.5,-11.48
-0.06,-0.19,0.87,-0.15,0.0,0.09,-4.08,-11.97
-0.08,-0.19,0.89,-0.16,0.01,0.07,-4.81,-11.95
-0.09,-0.19,0.89,-0.17,-0.0,0.07,-5.7,-12.3
-0.11,-0.21,0.9,-0.15,-0.01,0.05,-6.72,-12.83
-0.12,-0.21,0.9,-0.13,-0.04,0.06,-7.63,-13.2
-0.13,-0.22,0.9,-0.12,-0.01,0.03,-8.03,-13.43
-0.14,-0.21,0.9,-0.1,-0.01,0.02,-8.45,-13.25
-0.14,-0.22,0.91,-0.05,-0.02,0.01,-8.22,-13.24
-0.13,-0.22,0.92,-0.02,-0.05,0.0,-7.79,-13.13
-0.12,-0.22,0.92,0.01,-0.06,-0.01,-7.0,-13.58
-0.11,-0.22,0.91,0.01,-0.06,-0.02,-6.51,-13.24
-0.1,-0.22,0.9,0.02,-0.07,-0.03,-6.3,-13.49
-0.1,-0.22,0.91,0.04,-0.08,-0.05,-6.04,-13.54
-0.09,-0.22,0.91,0.01,-0.07,-0.04,-5.72,-13.51
-0.09,-0.22,0.92,0.02,-0.06,-0.04,-5.33,-13.59
-0.09,-0.23,0.92,0.01,-0.07,-0.03,-5.19,-14.02
-0.08,-0.24,0.91,-0.0,-0.07,-0.04,-5.03,-14.73
-0.08,-0.23,0.89,-0.03,-0.06,-0.05,-5.09,-14.52
-0.09,-0.22,0.89,-0.08,-0.02,-0.06,-5.38,-13.64
-0.09,-0.21,0.91,-0.11,-0.01,-0.06,-5.38,-12.91
-0.1,-0.2,0.93,-0.14,0.0,-0.05,-5.77,-11.87
-0.1,-0.18,0.93,-0.14,0.0,-0.04,-6.0,-11.05
-0.11,-0.18,0.93,-0.15,0.0,-0.02,-6.54,-10.76
-0.12,-0.18,0.94,-0.15,-0.01,-0.01,-7.34,-10.67
-0.13,-0.19,0.94,-0.14,-0.04,-0.02,-7.9,-11.46
-0.14,-0.19,0.93,-0.12,-0.05,-0.02,-8.37,-11.65
-0.15,-0.2,0.94,-0.11,-0.05,-0.03,-8.92,-12.03
-0.16,-0.21,0.95,-0.09,-0.09,-0.03,-9.38,-12.23
-0.17,-0.2,0.95,-0.06,-0.09,-0.03,-9.71,-11.91
-0.17,-0.2,0.95,-0.05,-0.1,-0.03,-9.87,-11.81
-0.17,-0.21,0.95,-0.02,-0.08,-0.02,-9.91,-12.5
-0.16,-0.22,0.96,-0.02,-0.08,0.0,-9.44,-12.76
-0.15,-0.21,0.94,0.02,-0.09,0.01,-9.04,-12.53
-0.15,-0.21,0.93,0.03,-0.07,0.02,-9.17,-12.71
-0.15,-0.22,0.93,0.03,-0.03,0.01,-8.8,-13.02
-0.13,-0.2,0.94,0.04,-0.04,0.03,-7.88,-12.16
-0.11,-0.19,0.93,0.05,-0.05,0.03,-6.53,-11.5
-0.1,-0.19,0.91,0.02,-0.06,0.03,-6.35,-11.98
-0.1,-0.19,0.9,-0.01,-0.04,0.03,-6.33,-12.18
-0.11,-0.2,0.9,-0.04,-0.01,0.03,-6.68,-12.74
-0.11,-0.21,0.92,-0.05,-0.0,0.03,-6.65,-12.67
-0.1,-0.21,0.93,-0.05,-0.01,0.06,-6.14,-12.77
-0.11,-0.22,0.92,-0.08,0.0,0.06,-6.38,-13.25
-0.11,-0.22,0.91,-0.1,-0.0,0.07,-7.0,-13.42
-0.13,-0.22,0.92,-0.11,0.03,0.05,-7.75,-13.6
-0.14,-0.23,0.93,-0.1,0.02,0.04,-8.37,-13.64
-0.13,-0.22,0.93,-0.12,0.03,0.02,-7.96,-13.03
-0.13,-0.22,0.93,-0.13,0.03,0.03,-7.83,-13.13
-0.13,-0.21,0.94,-0.11,0.01,0.04,-7.85,-12.4
-0.13,-0.2,0.93,-0.1,-0.0,0.04,-7.77,-11.86
-0.11,-0.18,0.93,-0.12,0.02,0.03,-6.71,-11.13
-0.09,-0.18,0.93,-0.14,0.02,0.05,-5.58,-10.81
-0.08,-0.18,0.93,-0.14,0.01,0.06,-5.08,-11.11
-0.08,-0.19,0.93,-0.16,0.0,0.07,-4.91,-11.74
-0.09,-0.19,0.91,-0.15,-0.01,0.07,-5.37,-11.85
-0.08,-0.19,0.9,-0.18,0.01,0.08,-4.91,-11.82
-0.08,-0.19,0.9,-0.19,0.01,0.1,-4.78,-11.76
-0.07,-0.17,0.9,-0.17,-0.01,0.09,-4.61,-10.8
-0.07,-0.17,0.9,-0.17,-0.01,0.09,-4.28,-10.66
-0.07,-0.18,0.89,-0.19,0.01,0.07,-4.69,-11.73
-0.08,-0.2,0.88,-0.19,-0.01,0.06,-5.34,-12.65
-0.09,-0.2,0.88,-0.16,-0.02,0.03,-5.68,-12.72
-0.1,-0.2,0.89,-0.15,-0.0,0.02,-5.94,-12.63
-0.09,-0.2,0.91,-0.13,-0.01,0.01,-5.5,-12.34
-0.09,-0.2,0.91,-0.13,-0.02,0.01,-5.21,-12.26
-0.09,-0.2,0.91,-0.12,-0.03,-0.01,-5.4,-12.38
-0.1,-0.2,0.91,-0.1,-0.03,-0.02,-6.37,-12.38
-0.1,-0.2,0.92,-0.12,-0.01,-0.03,-6.27,-12.14
-0.11,-0.19,0.93,-0.1,-0.02,-0.03,-6.36,-11.57
-0.1,-0.2,0.94,-0.07,-0.05,-0.03,-5.95,-11.71
-0.11,-0.19,0.94,-0.07,-0.07,-0.02,-6.33,-11.63
-0.12,-0.2,0.93,-0.08,-0.04,-0.05,-7.24,-11.88
-0.13,-0.19,0.93,-0.08,-0.05,-0.06,-7.65,-11.64
-0.12,-0.2,0.94,-0.06,-0.06,-0.06,-7.38,-11.72
-0.12,-0.2,0.95,-0.06,-0.07,-0.05,-7.28,-11.58
-0.13,-0.2,0.95,-0.08,-0.06,-0.05,-7.37,-11.79
-0.14,-0.21,0.94,-0.07,-0.06,-0.05,-8.38,-12.32
-0.15,-0.21,0.94,-0.03,-0.04,-0.04,-8.87,-12.29
-0.15,-0.21,0.95,-0.02,-0.06,-0.03,-8.9,-12.18
-0.14,-0.21,0.94,-0.01,-0.04,-0.03,-8.25,-12.33
-0.13,-0.21,0.94,-0.01,-0.05,-0.03,-7.79,-12.24
-0.14,-0.2,0.93,0.0,-0.04,-0.04,-8.32,-11.78
-0.13,-0.19,0.93,-0.0,-0.03,-0.04,-7.92,-11.41
-0.12,-0.18,0.95,0.01,-0.05,-0.03,-7.35,-10.88
-0.12,-0.18,0.95,-0.0,-0.02,-0.02,-7.07,-10.75
-0.11,-0.18,0.94,0.01,-0.03,-0.01,-6.58,-10.92
-0.11,-0.18,0.94,0.01,-0.04,-0.0,-6.44,-10.88
-0.11,-0.18,0.94,0.02,-0.03,-0.01,-6.33,-10.88
-0.09,-0.17,0.94,0.0,-0.03,0.0,-5.65,-10.48
-0.1,-0.18,0.93,-0.0,-0.04,0.0,-5.89,-10.65
-0.1,-0.18,0.93,-0.01,-0.05,-0.0,-5.72,-10.83
-0.1,-0.18,0.93,-0.01,-0.04,-0.01,-5.77,-10.98
-0.1,-0.18,0.93,-0.02,-0.04,0.01,-6.15,-11.21
-0.1,-0.19,0.93,-0.0,-0.04,0.01,-6.05,-11.31
-0.1,-0.18,0.93,-0.03,-0.05,0.04,-5.91,-11.16
-0.1,-0.19,0.92,-0.0,-0.02,0.02,-5.97,-11.82
-0.09,-0.2,0.91,0.01,0.01,0.0,-5.76,-12.43
-0.09,-0.2,0.92,0.06,0.0,0.01,-5.33,-12.22
-0.06,-0.18,0.91,0.1,-0.02,-0.0,-3.85,-11.35
-0.03,-0.18,0.9,0.13,-0.02,-0.01,-1.87,-11.36
-0.02,-0.18,0.87,0.12,-0.01,-0.02,-1.14,-11.79
0.0,-0.16,0.86,0.12,-0.03,-0.03,0.2,-10.7
0.02,-0.15,0.85,0.14,-0.04,-0.06,1.46,-10.16
0.05,-0.14,0.84,0.12,-0.04,-0.06,3.48,-9.4
0.08,-0.12,0.82,0.12,-0.04,-0.07,5.47,-8.05
0.11,-0.1,0.82,0.09,-0.06,-0.07,7.53,-7.18
0.14,-0.08,0.8,0.07,-0.08,-0.07,9.7,-5.9
0.15,-0.06,0.8,0.04,-0.11,-0.06,10.76,-4.42
0.17,-0.07,0.79,0.01,-0.12,-0.05,12.35,-4.6
0.19,-0.05,0.77,-0.04,-0.16,-0.05,13.51,-3.86
0.22,-0.05,0.74,-0.02,-0.18,-0.06,16.25,-3.48
0.23,-0.04,0.71,-0.04,-0.2,-0.08,17.74,-2.73
0.25,-0.02,0.68,-0.05,-0.21,-0.09,19.73,-1.26
0.26,-0.0,0.66,-0.05,-0.22,-0.09,21.49,-0.2
0.27,0.01,0.65,-0.04,-0.22,-0.1,22.71,0.47
0.28,0.02,0.62,0.02,-0.25,-0.11,24.39,1.44
0.3,0.03,0.59,0.07,-0.26,-0.12,27.03,2.45
0.32,0.03,0.58,0.13,-0.29,-0.14,29.18,2.75
0.36,0.06,0.55,0.22,-0.35,-0.17,32.84,5.02
0.39,0.08,0.55,0.31,-0.45,-0.21,35.19,6.42
0.44,0.09,0.54,0.39,-0.58,-0.25,38.92,7.39
0.49,0.1,0.52,0.43,-0.76,-0.3,43.23,8.25
0.54,0.12,0.49,0.47,-0.94,-0.35,46.85,9.58
0.61,0.13,0.44,0.43,-1.14,-0.41,53.07,10.05
0.67,0.14,0.39,0.36,-1.37,-0.48,57.97,9.97
0.7,0.13,0.35,0.23,-1.59,-0.55,61.49,9.38
0.7,0.11,0.32,0.06,-1.8,-0.62,64.31,7.9
0.67,0.07,0.29,-0.12,-2.0,-0.72,65.94,5.47
0.61,0.03,0.27,-0.28,-2.15,-0.82,65.73,2.64
0.54,0.0,0.27,-0.45,-2.28,-0.91,64.02,0.11
0.48,-0.02,0.27,-0.58,-2.38,-0.98,60.84,-2.22
0.42,-0.03,0.28,-0.69,-2.47,-1.02,56.44,-2.88
0.36,-0.03,0.29,-0.78,-2.55,-1.05,51.3,-3.16
0.31,-0.04,0.31,-0.84,-2.64,-1.05,44.73,-5.45
0.25,-0.05,0.32,-0.86,-2.71,-1.04,37.92,-6.65
0.21,-0.04,0.32,-0.81,-2.8,-1.02,32.81,-6.68
0.17,-0.04,0.31,-0.77,-2.9,-1.01,28.98,-6.89
0.15,-0.04,0.3,-0.72,-2.99,-1.0,26.51,-7.31
0.13,-0.04,0.28,-0.62,-3.1,-0.98,25.55,-6.61
0.13,-0.02,0.26,-0.53,-3.23,-0.97,26.1,-4.94
0.11,-0.02,0.24,-0.43,-3.35,-0.97,24.86,-4.12
0.12,-0.02,0.22,-0.34,-3.48,-0.95,28.59,-3.72
0.11,-0.02,0.19,-0.25,-3.63,-0.92,30.89,-6.39
0.11,-0.03,0.14,-0.19,-3.79,-0.92,37.26,-11.05
0.1,-0.05,0.11,-0.1,-3.95,-0.89,39.37,-18.26
0.08,-0.07,0.07,-0.07,-4.07,-0.88,37.08,-32.33
0.07,-0.09,0.05,-0.03,-4.24,-0.86,31.94,-49.86
0.06,-0.11,0.01,-0.01,-4.38,-0.83,28.04,-61.19
0.05,-0.14,-0.03,-0.01,-4.4,-0.81,17.85,-68.32
-0.0,-0.22,-0.08,-0.04,-4.4,-0.78,-0.03,-70.56
-0.09,-0.38,-0.11,-0.1,-4.4,-0.78,-13.21,-69.33
-0.18,-0.49,-0.09,-0.11,-4.4,-0.8,-20.18,-67.26
-0.25,-0.57,-0.08,-0.15,-4.4,-0.87,-23.22,-65.54
-0.3,-0.61,-0.08,-0.2,-4.4,-0.97,-26.16,-62.94
-0.34,-0.67,-0.11,-0.3,-4.4,-1.06,-27.05,-61.59
-0.42,-0.77,-0.07,-0.39,-4.4,-1.2,-28.58,-60.93
-0.48,-0.82,0.03,-0.54,-4.4,-1.33,-30.24,-59.68
-0.57,-0.85,0.1,-0.69,-4.4,-1.47,-33.53,-55.89
-0.68,-0.85,0.16,-0.85,-4.4,-1.59,-38.08,-50.65
-0.77,-0.83,0.24,-1.0,-4.4,-1.69,-41.76,-45.69
-0.81,-0.75,0.36,-1.16,-4.4,-1.73,-44.22,-40.38
-0.82,-0.64,0.49,-1.3,-4.4,-1.67,-45.32,-34.19
-0.82,-0.57,0.58,-1.39,-4.4,-1.53,-45.2,-29.44
-0.84,-0.49,0.65,-1.48,-4.4,-1.34,-45.87,-24.61
-0.82,-0.38,0.73,-1.54,-4.4,-1.1,-44.94,-19.14
-0.81,-0.31,0.8,-1.55,-4.4,-0.82,-43.42,-14.98
-0.81,-0.25,0.84,-1.51,-4.4,-0.53,-42.8,-12.12
-0.82,-0.22,0.86,-1.44,-4.4,-0.25,-42.8,-10.61
-0.83,-0.21,0.86,-1.33,-4.4,0.03,-43.46,-9.75
-0.83,-0.21,0.83,-1.24,-4.4,0.25,-44.08,-10.03
-0.83,-0.23,0.8,-1.13,-4.4,0.45,-45.08,-11.41
-0.86,-0.3,0.78,-0.96,-4.4,0.6,-45.91,-14.54
-0.95,-0.43,0.79,-0.84,-4.4,0.67,-46.51,-19.34
-1.02,-0.59,0.84,-0.68,-4.4,0.65,-44.99,-23.87
-1.08,-0.7,0.9,-0.45,-4.4,0.53,-43.42,-26.59
-1.1,-0.78,0.91,-0.22,-4.4,0.34,-42.54,-28.66
-1.14,-0.87,0.94,-0.0,-4.4,0.12,-41.53,-30.6
-1.16,-0.98,1.01,0.18,-4.4,-0.18,-39.56,-32.59
-1.17,-1.03,1.09,0.39,-4.4,-0.48,-37.97,-32.89
-1.15,-1.03,1.13,0.57,-4.4,-0.79,-37.05,-32.57
-1.11,-0.99,1.13,0.7,-4.4,-1.07,-36.41,-32.1
-1.05,-0.91,1.11,0.73,-4.4,-1.29,-36.3,-30.89
-1.01,-0.84,1.07,0.7,-4.4,-1.4,-36.51,-29.64
-0.98,-0.76,1.05,0.59,-4.4,-1.44,-37.21,-27.82
-0.97,-0.67,1.08,0.42,-4.4,-1.38,-37.29,-24.95
-0.94,-0.59,1.11,0.25,-4.4,-1.24,-36.91,-22.07
-0.93,-0.51,1.15,0.08,-4.4,-1.02,-36.46,-19.22
-0.92,-0.45,1.19,-0.11,-4.4,-0.75,-35.87,-16.69
-0.93,-0.41,1.24,-0.23,-4.4,-0.47,-35.49,-14.88
-0.94,-0.37,1.31,-0.35,-4.4,-0.18,-34.68,-13.04
-0.96,-0.35,1.37,-0.45,-4.4,0.11,-34.1,-11.88
-0.96,-0.32,1.43,-0.51,-4.4,0.4,-33.28,-10.47
-0.96,-0.3,1.47,-0.55,-4.4,0.65,-32.58,-9.55
-0.98,-0.31,1.53,-0.52,-4.4,0.86,-32.05,-9.59
-1.01,-0.36,1.67,-0.46,-4.4,1.0,-30.72,-10.51
-1.01,-0.44,1.86,-0.34,-4.4,1.08,-27.8,-11.65
-0.98,-0.5,2.06,-0.13,-4.4,1.03,-24.83,-12.37
-0.94,-0.54,2.21,0.15,-4.4,0.9,-22.39,-12.64
-0.87,-0.55,2.3,0.44,-4.4,0.69,-20.19,-12.57
-0.81,-0.54,2.32,0.73,-4.4,0.45,-18.7,-12.46
-0.72,-0.5,2.28,1.02,-4.4,0.17,-17.25,-11.86
-0.63,-0.43,2.14,1.23,-4.28,-0.08,-16.05,-10.95
-0.52,-0.35,2.0,1.36,-4.1,-0.21,-14.32,-9.65
-0.4,-0.28,1.86,1.45,-3.96,-0.25,-11.96,-8.36
-0.29,-0.2,1.75,1.51,-3.83,-0.15,-9.29,-6.33
-0.21,-0.19,1.7,1.55,-3.73,0.02,-7.04,-6.21
-0.17,-0.2,1.66,1.56,-3.64,0.23,-5.81,-6.7
-0.14,-0.22,1.68,1.57,-3.54,0.47,-4.88,-7.45
-0.13,-0.26,1.7,1.54,-3.45,0.65,-4.38,-8.58
-0.12,-0.3,1.71,1.52,-3.36,0.8,-3.82,-9.87
-0.08,-0.32,1.73,1.46,-3.23,0.92,-2.76,-10.38
-0.06,-0.34,1.75,1.36,-3.07,1.0,-2.07,-10.83
-0.03,-0.35,1.79,1.29,-2.94,1.09,-1.0,-10.97
-0.01,-0.38,1.81,1.2,-2.78,1.14,-0.24,-11.93
0.04,-0.4,1.88,1.13,-2.62,1.17,1.13,-12.09
0.09,-0.42,1.95,1.04,-2.44,1.17,2.61,-11.98
0.12,-0.45,1.99,1.0,-2.25,1.12,3.49,-12.74
0.15,-0.49,2.02,0.94,-2.05,1.02,4.18,-13.6
0.16,-0.53,2.02,0.87,-1.81,0.89,4.43,-14.74
0.18,-0.58,2.0,0.74,-1.56,0.74,4.9,-16.18
0.18,-0.6,1.96,0.58,-1.31,0.56,5.01,-16.99
0.18,-0.61,1.88,0.38,-1.07,0.4,5.15,-17.88
0.17,-0.6,1.79,0.16,-0.82,0.25,5.05,-18.35
0.14,-0.56,1.69,-0.07,-0.57,0.13,4.66,-18.44
0.12,-0.53,1.58,-0.34,-0.33,0.02,4.07,-18.49
0.09,-0.48,1.5,-0.6,-0.14,-0.05,3.23,-17.57
0.07,-0.41,1.44,-0.87,0.02,-0.11,2.67,-15.79
0.05,-0.33,1.4,-1.09,0.2,-0.13,2.09,-13.26
0.02,-0.26,1.38,-1.25,0.33,-0.13,0.68,-10.69
-0.02,-0.19,1.36,-1.35,0.43,-0.15,-0.82,-8.11
-0.05,-0.14,1.33,-1.44,0.51,-0.16,-2.16,-5.83
-0.06,-0.08,1.3,-1.5,0.6,-0.16,-2.85,-3.58
-0.08,-0.04,1.28,-1.51,0.65,-0.14,-3.56,-1.73
-0.1,0.01,1.29,-1.49,0.68,-0.14,-4.24,0.23
-0.12,0.03,1.28,-1.43,0.68,-0.13,-5.36,1.42
-0.13,0.06,1.27,-1.36,0.71,-0.14,-5.75,2.57
-0.14,0.06,1.25,-1.3,0.7,-0.14,-6.19,2.89
-0.14,0.07,1.24,-1.21,0.68,-0.15,-6.59,3.4
-0.15,0.07,1.22,-1.14,0.67,-0.17,-7.04,3.45
-0.16,0.07,1.22,-1.06,0.67,-0.19,-7.67,3.4
-0.17,0.08,1.21,-1.0,0.64,-0.18,-8.12,3.53
-0.17,0.08,1.19,-0.89,0.6,-0.2,-8.05,3.75
-0.17,0.08,1.19,-0.83,0.59,-0.19,-8.15,3.86
-0.17,0.08,1.19,-0.76,0.59,-0.19,-8.11,3.74
-0.16,0.07,1.19,-0.69,0.59,-0.18,-7.78,3.43
-0.17,0.06,1.19,-0.55,0.74,-0.33,-7.98,2.75
-0.18,0.04,1.19,-0.53,0.58,-0.16,-8.49,1.71
-0.2,0.01,1.18,-0.45,0.62,-0.15,-9.45,0.52
-0.2,-0.0,1.19,-0.41,0.65,-0.13,-9.59,-0.2
-0.21,-0.02,1.17,-0.36,0.68,-0.12,-10.09,-1.11
-0.21,-0.04,1.16,-0.3,0.69,-0.08,-10.25,-2.17
-0.21,-0.06,1.14,-0.26,0.75,-0.06,-10.47,-3.18
-0.21,-0.08,1.13,-0.21,0.77,-0.03,-10.71,-4.19
-0.23,-0.1,1.09,-0.15,0.77,0.01,-11.68,-5.27
-0.24,-0.12,1.05,-0.11,0.74,0.04,-12.73,-6.5
-0.27,-0.16,1.0,-0.07,0.7,0.05,-14.89,-8.81
-0.29,-0.18,0.96,-0.05,0.64,0.09,-16.64,-10.3
-0.32,-0.2,0.91,-0.01,0.52,0.11,-18.78,-11.93
-0.31,-0.23,0.88,0.01,0.42,0.14,-18.99,-13.61
-0.32,-0.23,0.84,0.03,0.36,0.16,-19.89,-14.31
-0.32,-0.23,0.8,0.05,0.26,0.21,-21.04,-14.83
-0.34,-0.25,0.75,0.11,0.12,0.26,-22.96,-17.14
-0.35,-0.27,0.73,0.14,0.02,0.31,-23.99,-18.57
-0.36,-0.3,0.74,0.17,-0.11,0.35,-24.11,-20.12
-0.38,-0.34,0.76,0.19,-0.2,0.35,-24.37,-21.87
-0.38,-0.37,0.79,0.21,-0.28,0.34,-23.5,-23.13
-0.39,-0.4,0.81,0.23,-0.34,0.31,-23.41,-23.93
-0.38,-0.43,0.83,0.26,-0.36,0.25,-22.0,-25.27
-0.36,-0.45,0.86,0.25,-0.38,0.21,-20.55,-25.78
-0.35,-0.46,0.87,0.28,-0.38,0.17,-19.49,-26.16
-0.34,-0.47,0.87,0.3,-0.39,0.14,-18.98,-26.88
-0.33,-0.5,0.87,0.3,-0.38,0.11,-18.34,-27.95
-0.34,-0.51,0.86,0.27,-0.39,0.1,-18.85,-28.63
-0.33,-0.52,0.86,0.24,-0.38,0.07,-18.21,-29.2
-0.33,-0.53,0.88,0.21,-0.36,0.05,-17.78,-29.25
-0.31,-0.52,0.89,0.18,-0.35,0.01,-16.86,-28.82
-0.3,-0.51,0.9,0.16,-0.34,-0.03,-16.09,-28.54
-0.3,-0.51,0.89,0.14,-0.34,-0.04,-16.35,-28.39
-0.3,-0.49,0.89,0.13,-0.34,-0.07,-16.15,-27.75
-0.29,-0.48,0.89,0.11,-0.37,-0.08,-15.91,-27.29
-0.28,-0.47,0.9,0.08,-0.36,-0.09,-15.5,-26.62
-0.29,-0.46,0.91,0.04,-0.36,-0.09,-15.65,-25.67
-0.27,-0.44,0.94,0.02,-0.35,-0.08,-14.79,-24.43
-0.26,-0.44,0.96,0.01,-0.32,-0.08,-14.09,-23.62
-0.26,-0.43,0.98,-0.0,-0.28,-0.08,-13.81,-22.99
-0.27,-0.43,1.01,-0.03,-0.23,-0.08,-13.75,-22.4
-0.27,-0.43,1.01,-0.05,-0.18,-0.08,-13.64,-22.36
-0.25,-0.42,1.01,-0.06,-0.12,-0.08,-13.1,-22.18
-0.25,-0.42,1.01,-0.08,-0.04,-0.08,-13.02,-22.13
-0.25,-0.43,0.99,-0.1,0.0,-0.07,-13.19,-22.64
-0.26,-0.43,0.97,-0.12,0.03,-0.06,-13.52,-23.17
-0.25,-0.42,0.96,-0.14,0.04,-0.06,-13.59,-23.09
-0.25,-0.41,0.96,-0.16,0.07,-0.06,-13.33,-22.55
-0.25,-0.4,0.97,-0.17,0.07,-0.08,-13.52,-21.83
-0.24,-0.39,0.98,-0.18,0.06,-0.09,-13.1,-21.05
-0.25,-0.38,0.96,-0.16,0.04,-0.11,-13.57,-20.74
-0.25,-0.37,0.95,-0.13,0.01,-0.14,-13.78,-20.53
-0.25,-0.36,0.92,-0.12,-0.05,-0.14,-14.25,-20.63
-0.26,-0.36,0.91,-0.09,-0.12,-0.17,-14.64,-20.84
-0.27,-0.36,0.92,-0.08,-0.18,-0.19,-15.12,-20.32
-0.28,-0.36,0.93,-0.07,-0.22,-0.23,-15.56,-20.05
-0.3,-0.35,0.94,-0.08,-0.25,-0.25,-16.49,-19.35
-0.29,-0.35,0.95,-0.08,-0.27,-0.28,-15.89,-19.5
-0.29,-0.34,0.95,-0.09,-0.28,-0.3,-15.9,-18.71
-0.29,-0.32,0.94,-0.1,-0.28,-0.31,-16.43,-18.16
-0.29,-0.31,0.93,-0.14,-0.27,-0.31,-16.58,-17.53
-0.29,-0.29,0.93,-0.17,-0.27,-0.3,-16.68,-16.53
-0.29,-0.26,0.94,-0.19,-0.29,-0.29,-16.43,-15.07
-0.29,-0.25,0.93,-0.2,-0.29,-0.27,-16.47,-14.25
-0.28,-0.22,0.95,-0.22,-0.28,-0.24,-16.01,-12.58
-0.27,-0.2,0.96,-0.23,-0.3,-0.19,-15.39,-11.22
-0.27,-0.19,0.99,-0.2,-0.31,-0.16,-15.02,-10.3
-0.26,-0.17,1.01,-0.18,-0.29,-0.14,-14.35,-9.48
-0.26,-0.18,1.01,-0.17,-0.28,-0.11,-14.25,-9.72
-0.26,-0.18,1.03,-0.16,-0.25,-0.1,-14.13,-9.66
-0.26,-0.19,1.02,-0.13,-0.24,-0.07,-13.96,-10.04
-0.25,-0.19,1.02,-0.12,-0.22,-0.03,-13.39,-10.33
-0.25,-0.2,1.01,-0.14,-0.18,-0.01,-13.49,-10.9
-0.24,-0.2,1.01,-0.14,-0.18,0.03,-12.87,-11.17
-0.25,-0.2,1.01,-0.11,-0.18,0.05,-13.49,-11.12
-0.24,-0.21,1.02,-0.12,-0.19,0.06,-13.05,-11.12
-0.24,-0.2,1.04,-0.12,-0.17,0.05,-12.75,-10.62
-0.23,-0.21,1.05,-0.12,-0.18,0.04,-12.19,-10.81
-0.21,-0.2,1.06,-0.1,-0.18,0.04,-11.23,-10.37
-0.21,-0.19,1.08,-0.07,-0.19,0.04,-10.69,-10.05
-0.2,-0.2,1.08,-0.04,-0.16,0.02,-10.12,-10.03
-0.19,-0.2,1.09,-0.02,-0.16,0.01,-9.96,-10.29
-0.19,-0.2,1.09,0.02,-0.17,0.0,-9.54,-10.11
-0.19,-0.2,1.09,0.05,-0.17,-0.0,-9.76,-10.44
-0.2,-0.21,1.09,0.09,-0.17,-0.03,-10.2,-10.72
-0.2,-0.2,1.08,0.1,-0.16,-0.03,-10.19,-10.47
-0.2,-0.2,1.08,0.12,-0.16,-0.05,-10.42,-10.45
-0.2,-0.2,1.08,0.12,-0.17,-0.05,-10.19,-10.39
-0.2,-0.2,1.08,0.14,-0.17,-0.06,-10.36,-10.19
-0.2,-0.19,1.07,0.14,-0.16,-0.07,-10.28,-9.93
-0.2,-0.19,1.06,0.14,-0.16,-0.06,-10.4,-9.84
-0.19,-0.19,1.06,0.15,-0.15,-0.06,-10.02,-9.81
-0.19,-0.18,1.06,0.16,-0.15,-0.04,-9.98,-9.36
-0.18,-0.18,1.06,0.15,-0.12,-0.02,-9.42,-9.63
-0.18,-0.17,1.08,0.16,-0.12,-0.0,-9.2,-9.01
-0.17,-0.18,1.09,0.18,-0.11,0.02,-8.62,-9.11
-0.17,-0.2,1.1,0.17,-0.08,0.02,-8.77,-10.04
-0.17,-0.21,1.1,0.17,-0.05,0.02,-8.61,-10.68
-0.16,-0.21,1.1,0.16,-0.04,0.03,-8.26,-10.88
-0.15,-0.22,1.1,0.14,-0.0,0.0,-7.67,-11.4
-0.15,-0.23,1.1,0.13,0.01,0.0,-7.71,-11.48
-0.15,-0.23,1.11,0.1,0.04,0.0,-7.56,-11.42
-0.15,-0.23,1.11,0.09,0.05,-0.0,-7.52,-11.43
-0.15,-0.22,1.11,0.08,0.06,-0.02,-7.57,-11.14
-0.15,-0.21,1.11,0.05,0.09,-0.03,-7.41,-10.71
-0.14,-0.2,1.11,0.04,0.12,-0.03,-7.1,-10.11
-0.14,-0.19,1.12,0.02,0.14,-0.02,-6.98,-9.62
-0.13,-0.18,1.12,0.02,0.15,-0.01,-6.8,-8.86
-0.14,-0.17,1.13,-0.01,0.18,-0.01,-6.84,-8.45
-0.13,-0.15,1.15,-0.0,0.2,-0.01,-6.38,-7.48
-0.13,-0.15,1.15,0.02,0.21,-0.0,-6.31,-7.21
-0.13,-0.14,1.17,0.03,0.23,-0.0,-6.33,-6.78
-0.13,-0.13,1.18,0.06,0.25,-0.01,-6.2,-6.13
-0.12,-0.12,1.18,0.07,0.29,-0.02,-5.63,-6.03
-0.13,-0.12,1.17,0.08,0.31,-0.0,-6.12,-5.81
-0.12,-0.11,1.17,0.1,0.32,-0.0,-5.94,-5.43
-0.12,-0.12,1.17,0.13,0.35,0.0,-6.06,-5.94
-0.13,-0.13,1.17,0.13,0.39,0.01,-6.2,-6.12
-0.12,-0.14,1.17,0.14,0.42,0.03,-5.86,-6.62
-0.13,-0.14,1.17,0.14,0.48,0.03,-6.06,-6.85
-0.13,-0.15,1.16,0.15,0.5,0.04,-6.28,-7.52
-0.13,-0.16,1.17,0.13,0.55,0.05,-6.17,-7.54
-0.12,-0.17,1.19,0.13,0.59,0.05,-5.89,-7.95
-0.15,-0.19,1.21,0.15,0.63,0.03,-6.79,-8.91
-0.14,-0.2,1.23,0.17,0.66,0.01,-6.63,-9.1
-0.15,-0.21,1.23,0.15,0.73,-0.03,-7.0,-9.56
-0.14,-0.2,1.23,0.17,0.78,-0.06,-6.56,-9.37
-0.15,-0.21,1.21,0.19,0.81,-0.08,-6.83,-9.57
-0.15,-0.21,1.18,0.18,0.87,-0.09,-7.25,-10.01
-0.16,-0.21,1.15,0.16,0.9,-0.1,-7.98,-10.24
-0.17,-0.22,1.12,0.13,0.94,-0.08,-8.59,-10.77
-0.16,-0.21,1.09,0.11,0.97,-0.06,-8.41,-10.64
-0.17,-0.21,1.08,0.1,0.98,-0.01,-8.81,-10.72
-0.17,-0.2,1.07,0.07,1.01,0.02,-9.08,-10.52
-0.17,-0.2,1.06,0.04,1.03,0.07,-8.96,-10.72
-0.17,-0.21,1.05,0.03,1.05,0.11,-8.96,-10.91
-0.17,-0.21,1.05,0.03,1.05,0.14,-9.11,-11.36
-0.18,-0.23,1.07,0.02,1.07,0.16,-9.41,-12.17
-0.19,-0.24,1.07,0.02,1.07,0.16,-9.6,-12.69
-0.18,-0.25,1.07,0.01,1.08,0.18,-9.53,-12.7
-0.18,-0.25,1.09,0.04,1.06,0.17,-9.29,-12.83
-0.19,-0.26,1.09,0.06,1.07,0.14,-9.61,-13.08
-0.2,-0.27,1.09,0.05,1.07,0.12,-10.06,-13.84
-0.2,-0.28,1.09,0.08,1.05,0.09,-10.28,-14.26
-0.2,-0.28,1.09,0.12,1.01,0.05,-10.14,-14.32
-0.2,-0.29,1.09,0.16,0.98,0.01,-10.08,-14.56
-0.2,-0.3,1.09,0.16,0.99,-0.01,-9.98,-14.92
-0.2,-0.31,1.1,0.19,0.96,-0.04,-10.03,-15.49
-0.2,-0.32,1.12,0.21,0.95,-0.06,-9.64,-15.48
-0.2,-0.33,1.14,0.23,0.92,-0.09,-9.51,-15.9
-0.19,-0.34,1.15,0.26,0.94,-0.14,-9.2,-16.11
-0.2,-0.35,1.16,0.28,0.95,-0.17,-9.46,-16.5
-0.21,-0.36,1.16,0.31,0.96,-0.21,-9.78,-16.83
-0.21,-0.36,1.14,0.31,0.97,-0.25,-9.87,-17.38
-0.21,-0.36,1.15,0.29,1.03,-0.29,-9.86,-17.31
-0.21,-0.36,1.13,0.27,1.06,-0.3,-10.06,-17.44
-0.21,-0.35,1.11,0.28,1.07,-0.32,-10.22,-17.39
-0.21,-0.35,1.08,0.23,1.1,-0.33,-10.73,-17.83
-0.21,-0.35,1.06,0.21,1.13,-0.32,-10.74,-17.78
-0.22,-0.36,1.05,0.13,1.16,-0.3,-11.3,-18.45
-0.23,-0.36,1.04,0.16,1.34,-0.44,-11.64,-18.65
-0.23,-0.35,1.04,0.03,1.17,-0.23,-12.01,-18.16
-0.23,-0.34,1.03,-0.02,1.21,-0.21,-11.88,-17.8
-0.23,-0.33,1.03,-0.08,1.23,-0.18,-11.87,-17.24
-0.22,-0.32,1.03,-0.12,1.24,-0.16,-11.77,-16.91
-0.23,-0.31,1.04,-0.16,1.23,-0.13,-12.15,-16.13
-0.22,-0.3,1.07,-0.18,1.26,-0.12,-11.41,-15.36
-0.23,-0.3,1.08,-0.2,1.26,-0.08,-11.43,-15.19
-0.24,-0.3,1.09,-0.21,1.29,-0.08,-11.75,-15.29
-0.24,-0.3,1.09,-0.2,1.28,-0.07,-11.81,-15.11
-0.25,-0.31,1.09,-0.21,1.33,-0.09,-12.38,-15.42
-0.25,-0.31,1.1,-0.21,1.34,-0.1,-12.16,-15.5
-0.26,-0.32,1.11,-0.18,1.34,-0.13,-12.46,-15.67
-0.25,-0.33,1.12,-0.17,1.34,-0.16,-12.26,-16.15
-0.26,-0.32,1.14,-0.16,1.38,-0.2,-12.5,-15.57
-0.26,-0.32,1.13,-0.14,1.4,-0.24,-12.63,-15.53
-0.27,-0.33,1.13,-0.1,1.4,-0.27,-12.85,-15.67
-0.27,-0.32,1.12,-0.07,1.41,-0.31,-12.99,-15.39
-0.27,-0.3,1.1,-0.07,1.41,-0.34,-13.3,-15.01
-0.26,-0.28,1.1,-0.05,1.41,-0.37,-13.0,-14.1
-0.26,-0.27,1.09,-0.04,1.41,-0.38,-13.3,-13.34
-0.26,-0.25,1.08,-0.01,1.41,-0.38,-13.33,-12.83
-0.26,-0.23,1.07,0.01,1.41,-0.37,-13.42,-12.03
-0.25,-0.22,1.06,0.02,1.43,-0.34,-13.29,-11.55
-0.26,-0.21,1.04,0.04,1.42,-0.29,-13.49,-11.27
-0.26,-0.21,1.03,0.06,1.39,-0.27,-13.82,-11.21
-0.27,-0.21,1.02,0.09,1.38,-0.24,-14.27,-11.36
-0.27,-0.22,1.02,0.09,1.38,-0.22,-14.64,-11.7
-0.28,-0.22,1.02,0.1,1.36,-0.19,-15.05,-11.75
-0.28,-0.23,1.01,0.11,1.38,-0.19,-14.96,-12.47
-0.28,-0.24,1.0,0.09,1.37,-0.17,-15.13,-13.04
-0.28,-0.25,0.99,0.07,1.38,-0.15,-15.17,-13.52
-0.28,-0.26,0.99,0.03,1.38,-0.12,-15.49,-14.3
-0.28,-0.27,1.0,-0.01,1.38,-0.11,-15.02,-14.6
-0.27,-0.28,1.02,-0.05,1.39,-0.1,-14.57,-14.84
-0.27,-0.28,1.02,-0.1,1.42,-0.1,-14.31,-14.99
-0.27,-0.29,1.05,-0.14,1.42,-0.08,-13.85,-14.88
-0.27,-0.28,1.07,-0.16,1.45,-0.07,-13.52,-14.23
-0.27,-0.27,1.08,-0.19,1.46,-0.07,-13.52,-13.72
-0.27,-0.28,1.1,-0.19,1.48,-0.07,-13.53,-13.66
-0.27,-0.26,1.11,-0.18,1.49,-0.05,-13.18,-12.62
-0.27,-0.25,1.12,-0.15,1.52,-0.05,-13.23,-12.46
-0.27,-0.24,1.11,-0.13,1.54,-0.05,-13.13,-11.77
-0.27,-0.23,1.1,-0.1,1.56,-0.05,-13.28,-11.57
-0.26,-0.22,1.09,-0.07,1.58,-0.04,-13.17,-11.08
-0.26,-0.21,1.08,-0.02,1.56,-0.03,-13.34,-10.56
-0.26,-0.2,1.07,0.05,1.52,-0.02,-13.54,-10.32
-0.26,-0.19,1.07,0.08,1.5,-0.02,-13.65,-9.84
-0.26,-0.19,1.07,0.15,1.47,-0.01,-13.7,-9.95
-0.26,-0.19,1.07,0.19,1.45,-0.01,-13.52,-9.86
-0.27,-0.2,1.07,0.26,1.41,-0.0,-14.13,-10.23
-0.29,-0.22,1.06,0.31,1.39,-0.01,-14.84,-11.13
-0.29,-0.23,1.06,0.32,1.38,-0.02,-15.14,-11.95
-0.29,-0.24,1.07,0.34,1.38,-0.02,-14.97,-12.21
-0.29,-0.25,1.06,0.37,1.38,-0.03,-14.77,-12.85
-0.28,-0.25,1.06,0.38,1.42,-0.04,-14.55,-13.01
-0.28,-0.25,1.03,0.38,1.44,-0.05,-14.55,-12.94
-0.26,-0.24,1.01,0.37,1.44,-0.04,-13.96,-12.95
-0.26,-0.24,1.0,0.33,1.46,-0.03,-14.11,-12.97
-0.25,-0.24,0.98,0.31,1.45,-0.01,-13.9,-13.28
-0.23,-0.25,0.98,0.25,1.47,0.02,-12.95,-13.72
-0.22,-0.25,0.98,0.21,1.45,0.08,-12.35,-13.93
-0.22,-0.26,0.99,0.17,1.41,0.11,-12.16,-14.18
-0.24,-0.26,1.01,0.13,1.42,0.13,-13.19,-13.92
-0.25,-0.26,1.03,0.07,1.43,0.15,-13.31,-14.02
-0.25,-0.27,1.06,0.06,1.43,0.17,-12.91,-14.0
-0.25,-0.28,1.09,0.07,1.44,0.17,-12.37,-14.27
-0.25,-0.29,1.11,0.06,1.47,0.18,-12.29,-14.34
-0.26,-0.3,1.11,0.1,1.46,0.18,-12.69,-14.71
-0.27,-0.3,1.13,0.1,1.49,0.18,-13.01,-14.73
-0.27,-0.32,1.14,0.15,1.57,0.12,-13.07,-15.52
-0.3,-0.34,1.15,0.18,1.51,0.14,-13.9,-16.07
-0.3,-0.36,1.15,0.21,1.57,0.11,-13.82,-16.75
-0.3,-0.36,1.14,0.24,1.6,0.07,-13.9,-17.1
-0.29,-0.37,1.12,0.28,1.62,0.03,-13.78,-17.74
-0.29,-0.38,1.1,0.29,1.65,0.01,-14.1,-18.58
-0.29,-0.4,1.08,0.28,1.72,-0.02,-14.16,-19.53
-0.28,-0.4,1.07,0.28,1.77,-0.03,-13.67,-20.03
-0.28,-0.41,1.05,0.26,1.82,-0.05,-13.99,-20.84
-0.27,-0.41,1.04,0.22,1.86,-0.06,-13.72,-21.09
-0.27,-0.4,1.0,0.17,1.92,-0.09,-13.84,-21.29
-0.25,-0.38,0.98,0.09,1.95,-0.08,-13.51,-20.86
-0.25,-0.37,0.95,0.04,1.96,-0.07,-13.68,-20.44
-0.24,-0.35,0.94,-0.02,1.95,-0.05,-13.14,-19.93
-0.22,-0.34,0.94,-0.08,1.97,-0.04,-12.61,-19.31
-0.22,-0.32,0.93,-0.12,1.95,-0.0,-12.6,-18.59
-0.23,-0.3,0.93,-0.19,1.92,0.03,-13.17,-17.57
-0.24,-0.29,0.95,-0.22,1.91,0.04,-13.43,-16.72
-0.25,-0.28,0.96,-0.24,1.86,0.08,-13.72,-15.71
-0.25,-0.27,0.98,-0.26,1.85,0.08,-14.12,-14.86
-0.27,-0.27,1.0,-0.24,1.81,0.08,-14.42,-14.81
-0.28,-0.27,1.04,-0.2,1.77,0.11,-14.78,-14.3
-0.29,-0.27,1.05,-0.16,1.77,0.11,-14.81,-13.74
-0.3,-0.26,1.05,-0.11,1.75,0.11,-15.26,-13.28
-0.3,-0.26,1.06,-0.06,1.75,0.11,-15.2,-13.27
-0.29,-0.25,1.05,0.0,1.71,0.11,-15.26,-12.97
-0.29,-0.26,1.05,0.05,1.72,0.1,-15.07,-13.22
-0.29,-0.25,1.04,0.1,1.71,0.11,-15.24,-12.84
-0.3,-0.25,1.05,0.14,1.72,0.11,-15.58,-13.02
-0.31,-0.28,1.05,0.21,1.7,0.11,-15.97,-14.53
-0.31,-0.31,1.03,0.25,1.73,0.1,-16.14,-15.92
-0.31,-0.31,1.01,0.27,1.76,0.08,-16.14,-16.42
-0.3,-0.3,0.99,0.3,1.74,0.08,-16.02,-16.3
-0.28,-0.29,0.97,0.31,1.73,0.07,-15.58,-16.2
-0.28,-0.3,0.95,0.31,1.71,0.08,-15.89,-16.83
-0.29,-0.32,0.95,0.28,1.75,0.07,-15.89,-17.59
-0.28,-0.32,0.94,0.26,1.76,0.1,-15.5,-18.24
-0.27,-0.33,0.94,0.24,1.78,0.1,-15.23,-18.58
-0.27,-0.33,0.93,0.2,1.79,0.1,-15.31,-18.91
-0.27,-0.34,0.91,0.15,1.84,0.1,-15.55,-19.41
-0.26,-0.32,0.92,0.1,1.86,0.13,-14.96,-18.57
-0.25,-0.29,0.92,0.07,1.87,0.13,-14.43,-17.06
-0.25,-0.3,0.93,0.04,1.86,0.15,-14.61,-17.41
-0.25,-0.28,0.93,0.01,1.88,0.18,-14.28,-16.35
-0.25,-0.28,0.93,-0.01,1.86,0.21,-14.41,-16.07
-0.25,-0.26,0.92,-0.01,1.83,0.22,-14.34,-15.24
-0.25,-0.26,0.93,0.0,1.8,0.24,-14.42,-15.12
-0.25,-0.26,0.94,0.0,1.8,0.26,-14.38,-15.04
-0.25,-0.27,0.94,0.03,1.77,0.27,-14.4,-15.18
-0.25,-0.27,0.94,0.06,1.76,0.27,-14.29,-15.2
-0.24,-0.26,0.94,0.09,1.72,0.3,-14.09,-15.31
-0.25,-0.27,0.92,0.1,1.72,0.29,-14.68,-15.87
-0.26,-0.27,0.92,0.12,1.69,0.29,-14.94,-15.95
-0.26,-0.27,0.92,0.16,1.67,0.28,-14.98,-15.83
-0.25,-0.28,0.93,0.2,1.62,0.26,-14.75,-16.12
-0.26,-0.3,0.93,0.23,1.58,0.22,-14.99,-17.09
-0.27,-0.32,0.93,0.24,1.55,0.2,-15.37,-18.13
-0.27,-0.31,0.93,0.27,1.53,0.17,-15.27,-17.88
-0.28,-0.31,0.94,0.27,1.52,0.14,-15.78,-17.74
-0.29,-0.31,0.94,0.27,1.5,0.11,-16.13,-17.75
-0.28,-0.31,0.94,0.26,1.49,0.09,-15.98,-17.57
-0.29,-0.31,0.96,0.26,1.51,0.09,-15.86,-17.36
-0.29,-0.31,0.97,0.28,1.52,0.09,-15.84,-17.15
-0.28,-0.31,0.97,0.29,1.56,0.1,-15.52,-16.76
-0.28,-0.3,0.96,0.26,1.63,0.13,-15.25,-16.77
-0.26,-0.3,0.94,0.25,1.66,0.16,-14.46,-16.95
-0.24,-0.29,0.93,0.23,1.67,0.19,-13.93,-16.65
-0.22,-0.27,0.91,0.18,1.73,0.2,-13.13,-16.2
-0.21,-0.27,0.9,0.17,1.7,0.22,-12.44,-15.97
-0.2,-0.26,0.9,0.12,1.7,0.26,-12.0,-15.84
-0.2,-0.26,0.9,0.12,1.68,0.27,-12.02,-15.86
-0.21,-0.26,0.89,0.1,1.67,0.3,-12.93,-16.16
-0.22,-0.27,0.9,0.06,1.71,0.3,-12.95,-16.4
-0.21,-0.27,0.9,0.08,1.66,0.32,-12.78,-16.36
-0.22,-0.27,0.9,0.08,1.65,0.32,-13.08,-16.24
-0.22,-0.26,0.9,0.08,1.64,0.31,-12.99,-15.76
-0.22,-0.26,0.91,0.1,1.65,0.32,-13.11,-15.76
-0.22,-0.27,0.9,0.13,1.63,0.31,-13.23,-16.17
-0.22,-0.27,0.91,0.17,1.62,0.3,-13.06,-16.36
-0.22,-0.28,0.9,0.19,1.57,0.3,-13.03,-16.8
-0.21,-0.27,0.9,0.2,1.56,0.27,-12.62,-16.27
-0.21,-0.26,0.9,0.25,1.5,0.26,-12.38,-15.77
-0.21,-0.26,0.9,0.26,1.47,0.24,-12.81,-15.99
-0.2,-0.26,0.91,0.29,1.45,0.22,-12.15,-15.69
-0.21,-0.26,0.91,0.28,1.44,0.22,-12.21,-15.65
-0.2,-0.27,0.89,0.28,1.43,0.23,-12.11,-16.46
-0.21,-0.28,0.9,0.32,1.42,0.24,-12.82,-17.04
-0.21,-0.29,0.9,0.31,1.44,0.24,-12.44,-17.34
-0.19,-0.29,0.89,0.29,1.46,0.24,-11.58,-17.96
-0.2,-0.3,0.88,0.27,1.48,0.25,-12.03,-18.25
-0.18,-0.29,0.88,0.25,1.49,0.26,-11.27,-18.02
-0.18,-0.29,0.88,0.24,1.5,0.26,-11.03,-17.8
-0.16,-0.29,0.87,0.22,1.53,0.27,-10.19,-17.85
-0.15,-0.27,0.87,0.19,1.52,0.28,-9.27,-17.09
-0.15,-0.27,0.86,0.17,1.48,0.29,-9.19,-17.26
-0.16,-0.27,0.86,0.14,1.47,0.3,-9.98,-17.28
-0.17,-0.27,0.86,0.13,1.49,0.28,-10.5,-16.95
-0.17,-0.27,0.88,0.11,1.49,0.29,-10.24,-16.49
-0.16,-0.26,0.89,0.14,1.48,0.3,-9.58,-16.08
-0.15,-0.25,0.89,0.09,1.4,0.38,-9.31,-15.49
-0.15,-0.26,0.89,0.16,1.44,0.32,-9.42,-15.9
-0.16,-0.26,0.87,0.18,1.44,0.32,-9.78,-16.2
-0.16,-0.25,0.86,0.22,1.41,0.31,-9.86,-16.28
-0.16,-0.25,0.86,0.23,1.39,0.32,-10.11,-16.26
-0.14,-0.26,0.86,0.27,1.39,0.3,-9.12,-16.94
-0.13,-0.26,0.84,0.28,1.36,0.28,-8.45,-17.06
-0.12,-0.25,0.83,0.32,1.32,0.26,-8.1,-16.79
-0.11,-0.25,0.82,0.32,1.3,0.24,-7.58,-16.69
-0.11,-0.25,0.81,0.32,1.25,0.22,-7.09,-16.79
-0.11,-0.25,0.8,0.3,1.22,0.19,-7.15,-17.43
-0.11,-0.26,0.81,0.29,1.17,0.17,-7.66,-17.85
-0.12,-0.26,0.82,0.27,1.12,0.13,-8.11,-17.6
-0.13,-0.27,0.82,0.24,1.1,0.1,-8.46,-17.77
-0.13,-0.25,0.84,0.19,1.1,0.08,-8.44,-16.57
-0.13,-0.24,0.86,0.17,1.05,0.08,-8.31,-15.76
-0.13,-0.24,0.87,0.16,0.99,0.08,-8.26,-15.29
-0.15,-0.23,0.88,0.14,0.98,0.1,-9.22,-14.46
-0.17,-0.23,0.89,0.11,1.0,0.12,-10.48,-14.2
-0.19,-0.24,0.89,0.11,0.99,0.13,-11.57,-14.9
-0.2,-0.26,0.9,0.12,1.03,0.15,-11.83,-15.68
-0.21,-0.27,0.9,0.14,1.08,0.17,-12.36,-16.17
-0.21,-0.29,0.9,0.15,1.14,0.18,-12.77,-17.36
-0.21,-0.31,0.89,0.15,1.15,0.18,-12.65,-18.42
-0.21,-0.31,0.88,0.18,1.16,0.17,-12.74,-18.99
-0.21,-0.3,0.88,0.18,1.19,0.14,-12.72,-18.43
-0.21,-0.27,0.88,0.18,1.26,0.12,-12.66,-16.69
-0.19,-0.26,0.89,0.18,1.26,0.13,-11.35,-15.86
-0.16,-0.24,0.88,0.18,1.25,0.11,-10.05,-14.92
-0.16,-0.22,0.89,0.14,1.26,0.14,-9.75,-13.87
-0.16,-0.22,0.89,0.15,1.22,0.13,-9.64,-13.62
-0.17,-0.22,0.89,0.12,1.22,0.15,-10.58,-13.86
-0.19,-0.24,0.9,0.13,1.2,0.17,-11.55,-14.41
-0.21,-0.24,0.91,0.15,1.2,0.17,-12.55,-14.59
-0.21,-0.24,0.93,0.17,1.23,0.16,-12.34,-14.01
-0.2,-0.24,0.93,0.2,1.22,0.17,-11.9,-14.34
-0.21,-0.26,0.92,0.22,1.21,0.16,-12.31,-15.38
-0.22,-0.27,0.91,0.25,1.21,0.14,-12.86,-16.32
-0.23,-0.28,0.91,0.26,1.26,0.13,-13.37,-16.59
-0.21,-0.27,0.91,0.32,1.27,0.11,-12.61,-16.14
-0.18,-0.25,0.9,0.34,1.29,0.11,-11.05,-15.14
-0.14,-0.23,0.89,0.36,1.28,0.12,-8.88,-14.02
-0.13,-0.22,0.87,0.37,1.29,0.11,-8.11,-13.96
-0.1,-0.21,0.86,0.34,1.29,0.14,-6.71,-13.79
-0.11,-0.22,0.85,0.33,1.28,0.14,-7.28,-14.33
-0.12,-0.23,0.85,0.32,1.3,0.14,-7.93,-15.03
-0.11,-0.25,0.86,0.32,1.31,0.15,-7.32,-16.4
-0.1,-0.26,0.85,0.29,1.34,0.15,-6.42,-16.68
-0.1,-0.26,0.82,0.27,1.37,0.15,-6.63,-17.51
-0.11,-0.28,0.81,0.24,1.41,0.12,-7.32,-18.79
-0.13,-0.3,0.8,0.22,1.43,0.09,-8.48,-20.38
-0.13,-0.33,0.81,0.21,1.47,0.05,-8.72,-21.76
-0.14,-0.33,0.8,0.22,1.51,0.01,-9.17,-21.87
-0.14,-0.32,0.81,0.25,1.54,-0.05,-9.39,-21.06
-0.13,-0.29,0.81,0.26,1.56,-0.1,-8.23,-19.65
-0.11,-0.28,0.81,0.28,1.59,-0.15,-7.28,-18.66
-0.1,-0.25,0.81,0.29,1.59,-0.19,-6.86,-17.34
-0.08,-0.2,0.81,0.32,1.57,-0.25,-5.77,-14.01
-0.07,-0.15,0.83,0.25,1.47,-0.19,-4.42,-10.28
-0.05,-0.11,0.84,0.29,1.49,-0.25,-3.31,-7.23
-0.05,-0.09,0.87,0.26,1.46,-0.25,-3.33,-5.94
-0.05,-0.08,0.88,0.27,1.39,-0.23,-3.08,-5.49
-0.06,-0.09,0.89,0.26,1.33,-0.19,-3.74,-5.68
-0.07,-0.09,0.9,0.24,1.3,-0.15,-4.75,-5.86
-0.09,-0.1,0.89,0.22,1.29,-0.09,-5.82,-6.61
-0.1,-0.12,0.88,0.25,1.27,-0.06,-6.22,-7.52
-0.1,-0.14,0.87,0.27,1.25,-0.03,-6.16,-9.27
-0.09,-0.16,0.86,0.27,1.26,-0.01,-5.91,-10.67
-0.09,-0.16,0.83,0.27,1.26,0.02,-5.95,-11.14
-0.08,-0.16,0.82,0.27,1.28,0.01,-5.63,-10.98
-0.07,-0.15,0.81,0.26,1.29,0.01,-5.09,-10.36
-0.05,-0.14,0.81,0.24,1.3,0.0,-3.75,-9.76
-0.03,-0.12,0.81,0.21,1.28,-0.0,-2.4,-8.71
-0.02,-0.11,0.8,0.2,1.24,0.01,-1.6,-7.51
-0.03,-0.09,0.8,0.16,1.22,0.02,-1.9,-6.67
-0.02,-0.09,0.81,0.14,1.22,0.02,-1.62,-6.38
-0.02,-0.08,0.82,0.11,1.21,0.04,-1.37,-5.53
-0.01,-0.07,0.82,0.1,1.15,0.06,-0.93,-4.81
-0.02,-0.06,0.83,0.08,1.13,0.07,-1.45,-4.47
-0.03,-0.07,0.83,0.06,1.09,0.09,-2.27,-4.51
-0.04,-0.07,0.84,0.06,1.05,0.1,-2.92,-4.68
-0.05,-0.07,0.84,0.1,0.99,0.1,-3.57,-4.65
-0.06,-0.07,0.85,0.15,0.95,0.1,-4.01,-4.4
-0.05,-0.05,0.85,0.17,0.92,0.1,-3.66,-3.54
-0.04,-0.04,0.84,0.2,0.89,0.11,-2.85,-2.58
-0.04,-0.04,0.85,0.24,0.82,0.12,-2.38,-2.71
-0.03,-0.05,0.84,0.28,0.83,0.08,-1.76,-3.18
-0.01,-0.05,0.84,0.28,0.71,0.13,-0.83,-3.59
-0.01,-0.05,0.83,0.3,0.66,0.14,-0.53,-3.56
0.01,-0.05,0.82,0.32,0.61,0.14,0.45,-3.5
0.02,-0.05,0.82,0.34,0.57,0.14,1.14,-3.69
0.03,-0.05,0.82,0.34,0.54,0.15,2.26,-3.78
0.04,-0.06,0.82,0.33,0.52,0.16,2.92,-3.99
0.06,-0.06,0.83,0.34,0.47,0.18,4.13,-3.81
0.08,-0.04,0.82,0.33,0.42,0.2,5.45,-2.83
0.08,-0.05,0.8,0.31,0.4,0.21,5.98,-3.89
0.1,-0.06,0.8,0.28,0.38,0.21,7.1,-4.37
0.1,-0.07,0.79,0.26,0.34,0.21,7.22,-4.97
0.11,-0.08,0.8,0.23,0.3,0.21,8.04,-5.45
0.14,-0.07,0.79,0.16,0.29,0.21,9.93,-4.76
0.14,-0.07,0.8,0.12,0.27,0.2,10.1,-5.16
0.14,-0.09,0.8,0.08,0.2,0.2,9.9,-6.34
0.14,-0.11,0.8,0.01,0.17,0.18,9.81,-7.53
0.11,-0.13,0.81,-0.05,0.12,0.15,7.58,-9.39
0.09,-0.15,0.81,-0.11,0.11,0.11,6.45,-10.45
0.07,-0.16,0.83,-0.15,0.09,0.1,4.48,-11.0
0.04,-0.17,0.85,-0.15,0.07,0.07,2.59,-11.38
0.03,-0.17,0.88,-0.15,0.02,0.05,1.7,-10.79
0.02,-0.17,0.89,-0.16,-0.01,0.05,1.07,-10.92
-0.0,-0.17,0.89,-0.16,-0.05,0.05,-0.18,-10.85
-0.03,-0.19,0.89,-0.15,-0.07,0.02,-1.99,-11.82
-0.04,-0.19,0.9,-0.14,-0.1,0.01,-2.45,-11.96
-0.05,-0.19,0.9,-0.13,-0.11,-0.0,-3.03,-11.61
-0.06,-0.2,0.91,-0.13,-0.11,0.0,-3.44,-12.14
-0.07,-0.19,0.91,-0.12,-0.12,0.0,-4.19,-11.98
-0.07,-0.2,0.91,-0.1,-0.13,0.01,-4.54,-12.2
-0.08,-0.2,0.91,-0.09,-0.11,-0.0,-4.96,-12.09
-0.08,-0.19,0.92,-0.08,-0.1,0.01,-4.98,-11.82
-0.09,-0.2,0.91,-0.07,-0.1,0.01,-5.68,-12.15
-0.1,-0.2,0.9,-0.08,-0.07,0.01,-6.19,-12.58
-0.1,-0.2,0.91,-0.06,-0.07,-0.0,-6.11,-12.51
-0.1,-0.19,0.92,-0.04,-0.05,-0.0,-5.82,-11.72
-0.08,-0.18,0.93,-0.03,-0.05,0.0,-5.13,-10.83
-0.08,-0.16,0.92,-0.02,-0.06,-0.0,-4.68,-10.05
-0.08,-0.15,0.93,-0.02,-0.07,-0.02,-4.67,-9.18
-0.08,-0.15,0.94,-0.03,-0.08,-0.02,-4.72,-8.99
-0.07,-0.14,0.95,-0.04,-0.11,-0.01,-4.41,-8.42
-0.08,-0.14,0.95,-0.04,-0.12,-0.01,-4.63,-8.65
-0.08,-0.15,0.94,-0.06,-0.12,0.01,-4.62,-8.75
-0.08,-0.15,0.94,-0.08,-0.14,0.01,-4.57,-9.18
-0.09,-0.15,0.94,-0.12,-0.13,0.03,-5.28,-9.22
-0.09,-0.17,0.95,-0.14,-0.13,0.03,-5.5,-9.86
-0.11,-0.17,0.95,-0.16,-0.13,0.03,-6.47,-10.3
-0.12,-0.19,0.95,-0.2,-0.1,0.04,-7.34,-11.17
-0.14,-0.2,0.95,-0.21,-0.08,0.04,-8.33,-11.69
-0.16,-0.2,0.96,-0.19,-0.06,0.04,-9.44,-11.71
-0.17,-0.21,0.96,-0.17,-0.05,0.06,-9.72,-12.45
-0.18,-0.22,0.97,-0.18,0.01,0.05,-10.21,-12.65
-0.18,-0.22,0.96,-0.14,0.02,0.05,-10.6,-12.69
-0.19,-0.22,0.97,-0.12,0.05,0.06,-10.96,-12.72
-0.18,-0.21,0.97,-0.04,0.04,0.06,-10.45,-12.05
-0.17,-0.21,0.98,-0.0,0.05,0.05,-9.93,-11.75
-0.15,-0.2,0.97,0.02,0.04,0.06,-8.83,-11.29
-0.14,-0.19,0.96,0.1,0.01,0.05,-8.23,-11.14
-0.13,-0.19,0.95,0.12,-0.02,0.05,-7.37,-11.14
-0.11,-0.18,0.94,0.12,0.0,0.04,-6.65,-10.75
-0.1,-0.19,0.94,0.14,-0.01,0.04,-5.75,-11.13
-0.08,-0.18,0.93,0.15,-0.04,0.05,-5.06,-11.01
-0.06,-0.18,0.92,0.12,-0.06,0.04,-3.72,-11.15
-0.06,-0.18,0.91,0.09,-0.07,0.04,-3.52,-10.86
-0.06,-0.19,0.91,0.04,-0.05,0.02,-3.96,-11.51
-0.07,-0.2,0.9,0.01,-0.08,0.03,-4.35,-12.74
-0.09,-0.21,0.9,-0.03,-0.09,0.02,-5.43,-12.86
-0.1,-0.22,0.89,-0.08,-0.04,-0.01,-6.08,-13.61
-0.11,-0.22,0.89,-0.1,0.0,-0.01,-6.94,-13.76
-0.13,-0.22,0.9,-0.12,0.03,-0.01,-7.83,-13.85
-0.13,-0.22,0.9,-0.13,0.06,-0.02,-8.12,-13.48
-0.14,-0.21,0.92,-0.13,0.11,-0.02,-8.34,-12.78
-0.14,-0.2,0.92,-0.11,0.13,-0.01,-8.53,-12.22
-0.13,-0.19,0.92,-0.08,0.14,-0.01,-7.99,-11.34
-0.12,-0.17,0.92,-0.05,0.13,0.01,-7.24,-10.63
-0.11,-0.17,0.92,-0.04,0.15,0.0,-6.83,-10.46
-0.09,-0.16,0.92,-0.03,0.14,0.0,-5.67,-9.55
-0.09,-0.15,0.91,0.0,0.1,0.0,-5.44,-9.23
-0.08,-0.14,0.92,0.02,0.09,-0.01,-4.8,-8.83
-0.07,-0.15,0.92,0.04,0.06,-0.01,-4.04,-9.0
-0.06,-0.13,0.92,0.03,0.04,0.01,-3.47,-8.3
-0.04,-0.14,0.92,0.05,-0.01,0.02,-2.64,-8.56
-0.04,-0.14,0.91,0.04,-0.03,0.02,-2.57,-8.63
-0.04,-0.14,0.91,0.01,-0.06,0.03,-2.47,-8.68
-0.04,-0.15,0.9,0.01,-0.08,0.02,-2.22,-9.71
-0.05,-0.17,0.9,-0.03,-0.1,0.02,-2.81,-10.42
-0.05,-0.17,0.9,-0.03,-0.12,0.0,-2.97,-10.89
-0.06,-0.19,0.9,-0.07,-0.14,-0.01,-3.61,-11.65
-0.08,-0.2,0.89,-0.11,-0.12,-0.02,-4.68,-12.67
-0.09,-0.21,0.89,-0.14,-0.11,-0.03,-5.69,-13.5
-0.11,-0.23,0.9,-0.14,-0.1,-0.05,-6.9,-14.3
-0.13,-0.24,0.9,-0.15,-0.07,-0.07,-7.9,-14.44
-0.13,-0.22,0.92,-0.16,-0.02,-0.08,-8.0,-13.54
-0.14,-0.21,0.94,-0.17,-0.0,-0.08,-8.09,-12.64
-0.13,-0.19,0.96,-0.14,0.02,-0.07,-7.67,-11.04
-0.14,-0.17,0.97,-0.13,0.03,-0.04,-7.88,-9.86
-0.13,-0.15,0.98,-0.12,0.06,-0.01,-7.66,-8.91
-0.13,-0.15,0.98,-0.13,0.05,0.02,-7.23,-8.54
-0.13,-0.14,0.99,-0.09,0.03,0.04,-7.27,-8.21
-0.12,-0.13,0.97,-0.05,0.02,0.06,-6.97,-7.71
-0.12,-0.14,0.97,-0.02,0.02,0.06,-6.82,-7.99
-0.12,-0.15,0.97,-0.0,-0.0,0.09,-6.75,-8.71
-0.1,-0.14,0.96,0.04,-0.02,0.08,-5.85,-8.29
-0.08,-0.14,0.96,0.08,-0.04,0.07,-4.89,-8.54
-0.07,-0.14,0.94,0.09,-0.06,0.07,-4.16,-8.43
-0.06,-0.14,0.92,0.09,-0.08,0.06,-3.58,-8.55
-0.05,-0.15,0.92,0.11,-0.1,0.05,-3.32,-9.39
-0.04,-0.15,0.92,0.09,-0.12,0.04,-2.72,-9.43
-0.03,-0.17,0.91,0.07,-0.12,0.02,-2.08,-10.47
-0.04,-0.18,0.9,0.03,-0.12,0.02,-2.72,-11.09
-0.04,-0.2,0.9,0.0,-0.11,-0.01,-2.6,-12.68
-0.05,-0.2,0.91,-0.04,-0.1,-0.01,-2.99,-12.7
-0.07,-0.2,0.91,-0.09,-0.07,-0.03,-4.23,-12.19
-0.08,-0.2,0.93,-0.12,-0.04,-0.06,-4.59,-12.21
-0.08,-0.19,0.95,-0.18,-0.01,-0.05,-4.96,-10.99
-0.1,-0.18,0.96,-0.17,0.0,-0.05,-5.65,-10.42
-0.11,-0.17,0.98,-0.18,0.03,-0.03,-6.31,-9.53
-0.12,-0.15,0.99,-0.19,0.04,-0.01,-6.61,-8.57
-0.12,-0.16,1.0,-0.18,0.04,0.02,-6.95,-9.0
-0.13,-0.16,1.0,-0.14,0.03,0.04,-7.59,-9.24
-0.14,-0.15,1.0,-0.12,0.03,0.05,-7.86,-8.75
-0.13,-0.16,0.99,-0.11,0.04,0.06,-7.47,-8.91
-0.14,-0.16,0.99,-0.06,0.0,0.06,-7.96,-9.11
-0.13,-0.16,0.97,-0.03,0.01,0.06,-7.6,-9.09
-0.13,-0.17,0.98,0.02,-0.01,0.04,-7.26,-9.54
-0.11,-0.15,0.97,0.04,0.0,0.03,-6.62,-8.93
-0.1,-0.17,0.96,0.07,-0.02,0.03,-6.07,-9.77
-0.1,-0.17,0.94,0.09,-0.04,0.02,-5.88,-10.17
-0.09,-0.17,0.94,0.09,-0.02,-0.01,-5.53,-10.21
-0.08,-0.16,0.94,0.06,0.01,-0.02,-4.67,-9.8
-0.07,-0.16,0.94,0.07,-0.0,-0.02,-4.08,-9.79
-0.06,-0.16,0.93,0.04,-0.01,-0.04,-3.61,-9.7
-0.06,-0.16,0.94,0.02,-0.0,-0.04,-3.39,-9.41
-0.06,-0.15,0.94,-0.02,0.0,-0.04,-3.6,-9.28
-0.06,-0.15,0.93,-0.06,0.03,-0.02,-3.57,-8.87
-0.08,-0.16,0.94,-0.06,0.04,-0.02,-4.7,-9.41
-0.09,-0.15,0.95,-0.09,0.05,-0.02,-5.08,-9.22
-0.09,-0.15,0.96,-0.11,0.07,-0.02,-5.48,-8.7
-0.1,-0.14,0.97,-0.1,0.08,0.0,-5.59,-8.38
-0.1,-0.14,0.96,-0.09,0.06,0.01,-5.7,-8.05
-0.11,-0.14,0.97,-0.08,0.04,0.03,-6.21,-8.43
-0.11,-0.14,0.96,-0.08,0.07,0.02,-6.69,-8.39
-0.12,-0.14,0.96,-0.06,0.07,0.02,-7.13,-8.49
-0.12,-0.14,0.96,-0.03,0.06,0.03,-7.21,-8.44
-0.11,-0.14,0.96,0.01,0.04,0.04,-6.7,-7.96
-0.11,-0.14,0.96,0.02,0.04,0.04,-6.66,-8.16
-0.1,-0.15,0.94,0.03,0.03,0.04,-5.94,-9.26
-0.1,-0.16,0.93,0.06,0.0,0.04,-6.0,-9.62
-0.1,-0.16,0.93,0.05,0.0,0.03,-6.01,-9.52
-0.09,-0.15,0.93,0.06,0.03,0.01,-5.51,-9.3
-0.09,-0.15,0.93,0.03,0.03,0.02,-5.19,-9.31
-0.08,-0.17,0.93,0.01,0.03,0.02,-4.71,-10.19
-0.09,-0.17,0.92,0.02,0.04,0.02,-5.24,-10.37
-0.09,-0.17,0.91,0.0,0.04,0.03,-5.29,-10.39
-0.09,-0.17,0.91,-0.02,0.09,0.0,-5.65,-10.73
-0.08,-0.17,0.92,-0.0,0.08,0.01,-5.09,-10.22
-0.08,-0.16,0.93,-0.01,0.1,-0.03,-4.73,-9.79
-0.08,-0.16,0.93,-0.04,0.06,0.01,-4.59,-9.82
-0.08,-0.16,0.93,-0.05,0.08,0.0,-4.81,-10.01
-0.09,-0.17,0.92,-0.07,0.09,0.01,-5.41,-10.09
-0.09,-0.16,0.93,-0.05,0.09,0.0,-5.41,-9.64
-0.09,-0.14,0.94,-0.06,0.1,0.01,-5.29,-8.52
-0.08,-0.14,0.94,-0.09,0.11,0.02,-4.98,-8.3
-0.09,-0.13,0.95,-0.07,0.09,0.03,-5.5,-7.9
-0.1,-0.14,0.94,-0.05,0.09,0.06,-5.93,-8.18
-0.09,-0.14,0.94,-0.02,0.1,0.07,-5.57,-8.44
-0.09,-0.13,0.94,-0.0,0.1,0.07,-5.24,-8.01
-0.08,-0.14,0.93,0.02,0.07,0.07,-4.87,-8.33
-0.06,-0.14,0.92,0.04,0.05,0.05,-3.78,-8.55
-0.06,-0.13,0.92,0.06,0.03,0.06,-3.4,-8.04
-0.04,-0.13,0.91,0.06,0.02,0.04,-2.58,-8.36
-0.04,-0.14,0.9,0.07,-0.02,0.04,-2.27,-8.65
-0.02,-0.15,0.88,0.06,-0.03,0.02,-1.59,-9.54
-0.03,-0.16,0.88,0.03,-0.02,0.0,-2.12,-10.25
-0.03,-0.16,0.89,0.03,-0.02,-0.02,-2.05,-10.19
-0.02,-0.14,0.89,-0.0,-0.02,-0.02,-1.41,-9.09
-0.02,-0.13,0.89,-0.0,-0.03,-0.02,-1.13,-8.31
-0.02,-0.13,0.91,-0.03,-0.03,-0.02,-1.21,-8.06
-0.03,-0.13,0.91,-0.06,-0.03,-0.02,-1.7,-8.23
-0.04,-0.13,0.91,-0.09,-0.04,-0.02,-2.24,-8.3
-0.05,-0.14,0.92,-0.09,-0.06,-0.01,-3.03,-8.34
-0.06,-0.14,0.93,-0.08,-0.06,-0.02,-3.43,-8.33
-0.06,-0.14,0.94,-0.08,-0.07,-0.02,-3.81,-8.43
-0.07,-0.15,0.93,-0.1,-0.08,-0.02,-4.41,-9.21
-0.08,-0.15,0.94,-0.08,-0.06,-0.02,-5.07,-9.28
-0.08,-0.15,0.95,-0.08,-0.06,-0.0,-4.94,-9.06
-0.08,-0.15,0.95,-0.08,-0.05,0.0,-4.9,-9.07
-0.09,-0.15,0.95,-0.09,-0.04,0.03,-5.04,-9.04
-0.09,-0.16,0.95,-0.06,-0.04,0.03,-5.11,-9.57
-0.1,-0.17,0.94,-0.05,-0.05,0.02,-5.73,-10.1
-0.09,-0.17,0.94,-0.04,-0.02,0.01,-5.45,-10.36
-0.08,-0.18,0.93,-0.03,-0.01,0.02,-4.88,-10.58
-0.07,-0.17,0.94,-0.01,0.01,0.01,-4.05,-10.19
-0.06,-0.15,0.93,-0.01,-0.0,0.01,-3.47,-9.3
-0.04,-0.14,0.92,0.03,-0.0,0.0,-2.61,-8.52
-0.03,-0.13,0.92,0.04,-0.01,-0.01,-1.9,-8.18
-0.02,-0.13,0.92,0.05,-0.03,-0.01,-1.27,-8.23
-0.01,-0.13,0.91,0.07,-0.04,-0.02,-0.49,-8.0
0.01,-0.11,0.9,0.07,-0.06,-0.03,0.36,-7.23
0.02,-0.11,0.9,0.06,-0.05,-0.03,1.09,-6.84
0.03,-0.1,0.89,0.07,-0.07,-0.02,2.14,-6.23
0.04,-0.09,0.88,0.07,-0.1,-0.02,2.83,-6.04
0.04,-0.09,0.88,0.05,-0.11,-0.03,2.86,-5.63
0.05,-0.09,0.88,0.05,-0.13,-0.03,3.03,-5.74
0.05,-0.09,0.87,0.05,-0.14,-0.04,3.26,-5.89
0.05,-0.09,0.86,0.05,-0.17,-0.05,3.59,-6.22
0.06,-0.09,0.85,0.06,-0.19,-0.06,4.18,-6.31
0.07,-0.08,0.84,0.04,-0.2,-0.07,4.87,-5.77
0.08,-0.08,0.83,0.03,-0.22,-0.07,5.53,-5.25
0.1,-0.05,0.83,0.03,-0.25,-0.09,6.77,-3.65
0.09,-0.05,0.82,0.01,-0.27,-0.08,6.14,-3.14
0.1,-0.02,0.82,-0.01,-0.27,-0.08,6.94,-1.66
0.11,-0.02,0.8,-0.01,-0.3,-0.06,7.87,-1.35
0.11,0.0,0.79,-0.03,-0.29,-0.05,7.82,0.23
0.12,0.02,0.78,-0.01,-0.32,-0.03,8.49,1.74
0.12,0.03,0.77,0.02,-0.32,-0.01,9.07,2.37
0.12,0.05,0.76,0.05,-0.34,0.01,8.93,3.39
0.13,0.06,0.75,0.13,-0.38,0.02,9.62,4.89
0.14,0.09,0.73,0.2,-0.41,0.03,10.76,6.75
0.17,0.1,0.72,0.28,-0.43,0.05,12.88,7.6
0.19,0.12,0.7,0.35,-0.48,0.06,14.59,9.03
0.21,0.12,0.68,0.47,-0.54,0.08,16.82,9.45
0.23,0.13,0.65,0.54,-0.61,0.1,19.59,10.82
0.25,0.11,0.61,0.64,-0.69,0.11,21.74,9.55
0.27,0.1,0.57,0.73,-0.77,0.12,24.48,9.33
0.3,0.09,0.53,0.82,-0.85,0.11,29.02,8.01
0.34,0.08,0.49,0.9,-0.93,0.09,34.93,7.58
0.4,0.07,0.42,0.95,-0.98,0.04,43.33,7.04
0.44,0.08,0.36,0.94,-1.03,-0.0,49.66,7.89
0.5,0.09,0.33,0.97,-1.16,-0.03,55.39,8.52
0.57,0.1,0.3,0.94,-1.29,-0.03,61.25,8.93
0.62,0.1,0.25,0.87,-1.39,-0.05,66.61,8.78
0.67,0.11,0.18,0.77,-1.5,-0.07,72.8,8.68
0.72,0.11,0.11,0.66,-1.63,-0.08,77.94,8.75
0.76,0.11,0.06,0.51,-1.76,-0.1,80.44,8.5
0.79,0.1,0.01,0.35,-1.9,-0.11,82.46,7.49
0.8,0.08,-0.06,0.17,-2.07,-0.13,82.52,5.93
0.8,0.05,-0.12,0.02,-2.27,-0.16,80.89,3.76
0.77,0.03,-0.15,-0.11,-2.49,-0.19,78.8,1.85
0.75,0.01,-0.18,-0.22,-2.7,-0.25,76.59,0.42
0.72,-0.02,-0.22,-0.31,-2.93,-0.31,73.32,-1.5
0.69,-0.04,-0.25,-0.4,-3.2,-0.37,69.81,-2.94
0.66,-0.05,-0.3,-0.46,-3.45,-0.45,65.16,-3.72
0.63,-0.06,-0.34,-0.54,-3.7,-0.51,61.11,-4.52
0.59,-0.06,-0.37,-0.59,-3.96,-0.57,57.45,-5.12
0.54,-0.07,-0.38,-0.64,-4.26,-0.61,54.81,-5.89
0.49,-0.08,-0.38,-0.69,-4.4,-0.63,51.4,-7.34
0.42,-0.09,-0.39,-0.75,-4.4,-0.62,45.87,-9.37
0.34,-0.12,-0.41,-0.81,-4.4,-0.6,38.66,-12.77
0.27,-0.14,-0.42,-0.83,-4.4,-0.55,30.78,-15.17
0.19,-0.16,-0.42,-0.85,-4.4,-0.48,22.88,-18.84
0.09,-0.19,-0.4,-0.86,-4.4,-0.38,11.71,-24.13
0.03,-0.21,-0.39,-0.89,-4.4,-0.26,3.57,-28.35
-0.06,-0.25,-0.37,-0.9,-4.4,-0.12,-7.29,-33.5
-0.16,-0.3,-0.35,-0.89,-4.4,0.04,-18.93,-37.41
-0.28,-0.4,-0.35,-0.89,-4.4,0.19,-28.16,-41.2
-0.45,-0.59,-0.33,-0.86,-4.4,0.3,-33.37,-46.71
-0.62,-0.78,-0.24,-0.78,-4.4,0.34,-37.16,-49.52
-0.78,-0.9,-0.13,-0.63,-4.4,0.3,-40.5,-48.81
-0.9,-1.01,-0.07,-0.46,-4.4,0.18,-41.58,-48.26
-0.97,-1.1,-0.03,-0.31,-4.4,0.04,-41.59,-48.38
-1.01,-1.18,0.02,-0.19,-4.4,-0.14,-40.42,-49.57
-0.99,-1.18,0.11,-0.1,-4.4,-0.29,-39.88,-49.83
-0.98,-1.16,0.15,-0.08,-4.4,-0.42,-39.86,-49.59
-0.97,-1.1,0.17,-0.07,-4.4,-0.52,-41.06,-48.2
-0.94,-1.05,0.15,-0.15,-4.4,-0.53,-41.47,-47.85
-0.91,-0.98,0.19,-0.25,-4.4,-0.48,-42.39,-46.46
-0.9,-0.94,0.25,-0.38,-4.4,-0.36,-42.76,-45.17
-0.96,-0.94,0.3,-0.56,-4.4,-0.18,-44.06,-43.19
-1.04,-0.98,0.36,-0.72,-4.4,0.04,-44.86,-41.71
-1.14,-0.98,0.42,-0.84,-4.4,0.26,-46.85,-39.0
-1.22,-0.99,0.49,-0.99,-4.4,0.51,-47.98,-36.78
-1.3,-1.01,0.56,-1.13,-4.4,0.73,-48.33,-35.53
-1.41,-1.08,0.65,-1.25,-4.4,0.97,-48.15,-34.96
-1.54,-1.22,0.78,-1.37,-4.4,1.18,-46.77,-35.29
-1.6,-1.3,0.95,-1.47,-4.4,1.32,-44.82,-35.04
-1.58,-1.29,1.13,-1.51,-4.4,1.38,-42.64,-33.58
-1.53,-1.27,1.31,-1.5,-4.4,1.35,-39.98,-32.33
-1.46,-1.26,1.51,-1.42,-4.4,1.18,-36.63,-30.98
-1.39,-1.26,1.68,-1.26,-4.4,0.92,-33.52,-29.96
-1.33,-1.25,1.77,-1.06,-4.4,0.57,-31.51,-29.47
-1.29,-1.23,1.78,-0.87,-4.4,0.17,-30.96,-29.16
-1.29,-1.2,1.72,-0.71,-4.4,-0.2,-31.72,-29.18
-1.29,-1.18,1.64,-0.61,-4.4,-0.52,-32.58,-29.61
-1.28,-1.18,1.57,-0.56,-4.4,-0.73,-32.99,-30.3
-1.13,-1.03,1.5,-0.54,-4.4,-0.78,-31.94,-28.57
-1.01,-0.9,1.44,-0.55,-4.4,-0.71,-30.89,-27.05
-0.94,-0.82,1.41,-0.56,-4.4,-0.56,-29.98,-25.89
-0.91,-0.8,1.39,-0.59,-4.4,-0.39,-29.6,-25.7
-0.91,-0.79,1.4,-0.68,-4.4,-0.22,-29.4,-25.42
-0.91,-0.78,1.44,-0.78,-4.4,-0.09,-28.95,-24.63
-0.91,-0.76,1.49,-0.86,-4.39,0.01,-28.42,-23.43
-0.9,-0.72,1.54,-0.94,-4.31,0.07,-27.94,-21.92
-0.89,-0.66,1.6,-1.02,-4.24,0.13,-27.18,-19.78
-0.85,-0.59,1.67,-1.07,-4.11,0.2,-25.53,-17.49
-0.8,-0.55,1.76,-1.03,-4.0,0.27,-23.58,-15.77
-0.77,-0.53,1.84,-0.99,-3.91,0.34,-21.98,-14.77
-0.73,-0.52,1.92,-0.92,-3.76,0.39,-20.13,-14.34
-0.67,-0.5,2.0,-0.8,-3.66,0.42,-18.0,-13.36
-0.62,-0.49,2.05,-0.66,-3.54,0.43,-16.42,-12.94
-0.58,-0.49,2.08,-0.51,-3.41,0.4,-15.32,-12.66
-0.52,-0.5,2.09,-0.36,-3.26,0.34,-13.56,-13.06
-0.46,-0.49,2.1,-0.21,-3.16,0.29,-11.97,-12.75
-0.4,-0.47,2.08,-0.05,-3.01,0.22,-10.57,-12.58
-0.35,-0.46,2.04,0.09,-2.93,0.18,-9.59,-12.58
-0.31,-0.47,1.99,0.16,-2.8,0.12,-8.73,-13.01
-0.27,-0.46,1.94,0.23,-2.69,0.08,-7.6,-13.38
-0.23,-0.45,1.89,0.29,-2.59,0.04,-6.7,-13.37
-0.19,-0.45,1.83,0.29,-2.49,0.01,-5.9,-13.68
-0.17,-0.44,1.79,0.26,-2.37,-0.0,-5.13,-13.7
-0.13,-0.43,1.74,0.22,-2.28,0.01,-4.06,-13.86
-0.1,-0.42,1.7,0.18,-2.17,0.01,-3.37,-13.7
-0.1,-0.4,1.68,0.1,-2.08,0.02,-3.36,-13.44
-0.08,-0.39,1.66,0.04,-1.97,0.01,-2.82,-13.18
-0.08,-0.37,1.65,-0.05,-1.87,0.01,-2.74,-12.7
-0.07,-0.35,1.63,-0.14,-1.8,-0.02,-2.46,-12.23
-0.08,-0.34,1.61,-0.22,-1.68,-0.02,-2.65,-11.74
-0.08,-0.31,1.59,-0.31,-1.55,-0.05,-2.82,-10.95
-0.1,-0.28,1.57,-0.38,-1.44,-0.07,-3.45,-10.21
-0.09,-0.24,1.54,-0.44,-1.36,-0.09,-3.45,-8.94
-0.09,-0.19,1.53,-0.51,-1.28,-0.09,-3.34,-7.25
-0.08,-0.15,1.51,-0.58,-1.15,-0.11,-3.18,-5.79
-0.09,-0.12,1.51,-0.63,-1.08,-0.11,-3.54,-4.38
-0.1,-0.08,1.5,-0.63,-0.99,-0.12,-3.72,-3.07
-0.1,-0.04,1.49,-0.64,-0.91,-0.11,-3.82,-1.59
-0.11,-0.01,1.5,-0.62,-0.8,-0.13,-4.34,-0.42
-0.13,0.02,1.49,-0.61,-0.72,-0.12,-4.95,0.7
-0.12,0.05,1.48,-0.54,-0.63,-0.12,-4.73,1.97
-0.12,0.07,1.48,-0.46,-0.55,-0.11,-4.64,2.8
-0.14,0.07,1.47,-0.37,-0.44,-0.1,-5.46,2.88
-0.14,0.08,1.45,-0.3,-0.34,-0.09,-5.68,3.13
-0.15,0.06,1.43,-0.21,-0.26,-0.08,-6.1,2.46
-0.15,0.05,1.41,-0.12,-0.18,-0.08,-6.16,1.9
-0.16,0.02,1.39,-0.03,-0.1,-0.07,-6.67,0.96
-0.18,-0.0,1.37,0.05,0.0,-0.07,-7.49,-0.18
-0.19,-0.03,1.34,0.1,0.07,-0.07,-8.16,-1.38
-0.21,-0.06,1.31,0.16,0.14,-0.07,-8.93,-2.75
-0.22,-0.08,1.29,0.19,0.23,-0.1,-9.51,-3.65
-0.22,-0.11,1.25,0.2,0.3,-0.11,-10.08,-5.08
-0.23,-0.14,1.21,0.22,0.35,-0.11,-10.7,-6.24
-0.24,-0.16,1.17,0.22,0.41,-0.12,-11.44,-7.44
-0.24,-0.17,1.14,0.21,0.45,-0.11,-11.87,-8.47
-0.25,-0.19,1.11,0.18,0.49,-0.09,-12.54,-9.57
-0.25,-0.2,1.08,0.16,0.52,-0.07,-12.79,-10.32
-0.26,-0.22,1.07,0.14,0.57,-0.05,-13.36,-11.06
-0.27,-0.23,1.05,0.12,0.58,-0.01,-14.11,-11.8
-0.27,-0.24,1.05,0.09,0.6,0.01,-14.21,-12.34
-0.27,-0.24,1.05,0.07,0.61,0.05,-14.13,-12.77
-0.28,-0.26,1.04,0.08,0.62,0.06,-14.7,-13.64
-0.28,-0.28,1.04,0.08,0.61,0.07,-14.82,-14.4
-0.29,-0.28,1.04,0.06,0.65,0.09,-14.9,-14.75
-0.3,-0.29,1.04,0.06,0.66,0.11,-15.34,-15.22
-0.3,-0.3,1.04,0.06,0.67,0.11,-15.35,-15.25
-0.29,-0.3,1.04,0.08,0.69,0.12,-14.93,-15.35
-0.28,-0.3,1.04,0.11,0.71,0.11,-14.61,-15.69
-0.29,-0.32,1.03,0.16,0.71,0.12,-15.09,-16.54
-0.3,-0.33,1.02,0.2,0.71,0.12,-15.75,-17.24
-0.31,-0.35,1.02,0.25,0.68,0.12,-16.12,-18.06
-0.3,-0.36,1.01,0.27,0.7,0.11,-15.81,-18.71
-0.31,-0.37,1.0,0.31,0.67,0.11,-16.27,-19.24
-0.3,-0.38,1.0,0.35,0.66,0.11,-15.89,-20.07
-0.32,-0.4,0.98,0.39,0.63,0.09,-16.98,-21.25
-0.32,-0.4,0.98,0.41,0.62,0.09,-16.86,-21.4
-0.33,-0.42,0.98,0.44,0.61,0.07,-17.29,-21.94
-0.33,-0.43,0.97,0.47,0.59,0.05,-17.09,-22.94
-0.32,-0.44,0.94,0.49,0.57,0.03,-17.05,-23.63
-0.31,-0.42,0.93,0.51,0.57,0.01,-16.81,-23.4
-0.3,-0.43,0.92,0.54,0.52,0.02,-16.55,-23.98
-0.29,-0.43,0.91,0.56,0.46,0.02,-16.18,-24.19
-0.28,-0.44,0.91,0.59,0.4,0.02,-15.63,-24.76
-0.28,-0.44,0.89,0.6,0.36,0.01,-15.45,-25.06
-0.27,-0.44,0.9,0.61,0.32,0.01,-15.36,-25.09
-0.27,-0.43,0.9,0.61,0.27,0.01,-15.23,-24.67
-0.28,-0.44,0.9,0.62,0.21,-0.0,-15.39,-24.93
-0.28,-0.43,0.91,0.65,0.16,-0.01,-15.38,-24.45
-0.27,-0.42,0.91,0.65,0.13,-0.01,-15.24,-23.71
-0.27,-0.41,0.93,0.68,0.08,-0.02,-15.14,-22.8
-0.28,-0.39,0.95,0.72,0.02,-0.03,-15.4,-21.46
-0.28,-0.36,0.97,0.76,0.01,-0.04,-15.35,-19.81
-0.29,-0.35,0.99,0.79,0.01,-0.05,-15.54,-18.58
-0.3,-0.34,1.01,0.86,-0.01,-0.05,-15.92,-17.69
-0.31,-0.33,1.03,0.97,-0.03,-0.06,-16.05,-16.97
-0.31,-0.33,1.04,1.06,-0.01,-0.09,-16.03,-17.07
-0.32,-0.34,1.04,1.13,0.01,-0.11,-16.45,-17.46
-0.32,-0.4,0.99,1.2,0.07,-0.13,-16.91,-20.79
-0.33,-0.44,0.95,1.23,0.15,-0.2,-17.39,-23.8
-0.32,-0.48,0.91,1.15,0.13,-0.14,-17.26,-26.67
-0.29,-0.52,0.87,1.08,0.2,-0.14,-16.16,-29.29
-0.27,-0.54,0.85,1.02,0.21,-0.09,-15.13,-31.04
-0.27,-0.56,0.82,0.91,0.24,-0.07,-15.21,-32.99
-0.28,-0.59,0.81,0.77,0.24,-0.03,-15.42,-34.32
-0.28,-0.6,0.81,0.63,0.26,-0.02,-15.48,-35.03
-0.27,-0.6,0.82,0.5,0.25,0.01,-14.71,-34.96
-0.26,-0.59,0.83,0.37,0.26,0.02,-14.37,-34.05
-0.26,-0.57,0.85,0.28,0.22,0.04,-14.18,-32.76
-0.27,-0.56,0.88,0.17,0.24,0.03,-14.61,-31.22
-0.28,-0.54,0.91,0.13,0.2,0.02,-14.77,-29.7
-0.29,-0.52,0.95,0.08,0.19,-0.03,-14.97,-27.6
-0.3,-0.5,0.98,0.06,0.16,-0.07,-15.12,-25.78
-0.31,-0.48,1.0,0.03,0.19,-0.12,-15.55,-24.46
-0.32,-0.46,1.01,0.04,0.2,-0.17,-15.87,-23.27
-0.31,-0.42,1.0,0.1,0.2,-0.22,-15.72,-21.81
-0.3,-0.41,0.99,0.09,0.19,-0.24,-15.85,-21.8
-0.3,-0.4,0.97,0.11,0.18,-0.24,-16.28,-21.42
-0.3,-0.38,0.95,0.12,0.18,-0.26,-16.44,-20.84
-0.31,-0.37,0.94,0.16,0.16,-0.26,-16.88,-20.45
-0.3,-0.35,0.93,0.17,0.13,-0.25,-16.77,-19.57
-0.31,-0.35,0.92,0.17,0.14,-0.25,-17.24,-19.85
-0.3,-0.35,0.91,0.16,0.15,-0.22,-17.23,-20.06
-0.3,-0.34,0.9,0.15,0.13,-0.19,-17.29,-19.9
-0.3,-0.34,0.9,0.15,0.12,-0.16,-17.33,-19.57
-0.3,-0.33,0.91,0.13,0.13,-0.12,-17.0,-19.05
-0.29,-0.33,0.93,0.12,0.14,-0.09,-16.59,-18.76
-0.3,-0.32,0.95,0.12,0.17,-0.06,-16.85,-18.09
-0.3,-0.34,0.97,0.14,0.18,-0.04,-16.28,-18.38
-0.3,-0.36,0.97,0.14,0.19,-0.01,-16.33,-19.43
-0.29,-0.37,0.97,0.13,0.24,0.01,-15.63,-20.23
-0.29,-0.38,0.98,0.13,0.24,0.02,-15.18,-20.39
-0.28,-0.39,0.97,0.12,0.24,0.02,-14.91,-21.05
-0.27,-0.39,0.98,0.12,0.24,0.0,-14.58,-20.97
-0.27,-0.4,0.98,0.1,0.25,-0.02,-14.24,-21.3
-0.25,-0.4,0.99,0.09,0.24,-0.01,-13.33,-21.47
-0.25,-0.41,0.99,0.07,0.24,-0.03,-13.04,-21.76
-0.25,-0.4,1.0,0.13,0.36,-0.19,-12.97,-21.26
-0.24,-0.39,1.01,0.02,0.23,-0.07,-12.57,-20.63
-0.25,-0.39,1.01,0.0,0.2,-0.08,-12.85,-20.53
-0.23,-0.38,1.03,0.04,0.34,-0.25,-11.9,-19.7
-0.23,-0.37,1.04,-0.04,0.18,-0.12,-11.82,-19.07
-0.23,-0.35,1.05,-0.07,0.2,-0.13,-11.73,-18.12
-0.23,-0.34,1.08,-0.1,0.21,-0.13,-11.59,-17.1
-0.24,-0.34,1.09,-0.09,0.24,-0.14,-11.99,-16.75
-0.25,-0.33,1.1,-0.11,0.27,-0.14,-12.13,-16.32
-0.26,-0.32,1.12,-0.12,0.34,-0.16,-12.59,-15.53
-0.27,-0.32,1.12,-0.13,0.39,-0.17,-12.93,-15.43
-0.26,-0.3,1.13,-0.15,0.46,-0.16,-12.55,-14.65
-0.26,-0.29,1.13,-0.14,0.5,-0.16,-12.49,-14.21
-0.26,-0.29,1.12,-0.14,0.56,-0.16,-12.82,-14.17
-0.26,-0.28,1.13,-0.14,0.61,-0.15,-12.75,-13.52
-0.27,-0.28,1.13,-0.11,0.64,-0.15,-13.14,-13.54
-0.27,-0.29,1.14,-0.08,0.67,-0.14,-13.03,-13.71
-0.26,-0.29,1.15,-0.07,0.72,-0.16,-12.57,-13.84
-0.27,-0.29,1.16,-0.04,0.76,-0.17,-12.8,-13.53
-0.28,-0.29,1.15,-0.02,0.81,-0.2,-13.24,-13.69
-0.27,-0.3,1.14,-0.03,0.86,-0.21,-13.08,-14.23
-0.28,-0.31,1.11,-0.0,0.89,-0.24,-13.4,-14.95
-0.27,-0.3,1.09,-0.01,0.94,-0.22,-13.51,-15.15
-0.27,-0.31,1.07,-0.01,0.97,-0.21,-13.49,-15.89
-0.26,-0.31,1.04,-0.02,0.99,-0.19,-13.23,-16.31
-0.26,-0.33,1.02,-0.05,1.04,-0.17,-13.69,-17.43
-0.26,-0.34,0.99,-0.1,1.08,-0.13,-13.77,-18.69
-0.25,-0.36,0.96,-0.15,1.1,-0.09,-13.55,-20.03
-0.24,-0.38,0.93,-0.22,1.12,-0.07,-13.55,-21.83
-0.23,-0.39,0.9,-0.3,1.15,-0.02,-13.29,-22.66
-0.22,-0.4,0.89,-0.37,1.16,0.01,-12.86,-23.7
-0.22,-0.41,0.89,-0.48,1.17,0.09,-12.5,-23.89
-0.21,-0.42,0.9,-0.55,1.15,0.12,-12.07,-24.49
-0.21,-0.43,0.9,-0.63,1.15,0.15,-11.71,-24.71
-0.21,-0.43,0.93,-0.71,1.15,0.17,-11.51,-24.43
-0.21,-0.43,0.96,-0.75,1.12,0.18,-11.54,-23.52
-0.22,-0.42,1.0,-0.78,1.15,0.12,-11.34,-22.16
-0.24,-0.41,1.04,-0.74,1.04,0.14,-12.04,-20.79
-0.24,-0.4,1.06,-0.72,1.05,0.08,-12.04,-20.1
-0.25,-0.38,1.08,-0.71,1.03,0.02,-12.34,-19.15
-0.25,-0.36,1.1,-0.67,1.01,-0.04,-12.28,-17.97
-0.25,-0.35,1.12,-0.57,0.96,-0.09,-12.2,-16.84
-0.26,-0.33,1.13,-0.51,0.97,-0.13,-12.3,-15.69
-0.26,-0.3,1.12,-0.43,0.96,-0.14,-12.76,-14.57
-0.26,-0.28,1.12,-0.33,0.95,-0.17,-12.75,-13.92
-0.26,-0.28,1.12,-0.25,0.95,-0.16,-12.91,-13.63
-0.27,-0.28,1.11,-0.19,0.98,-0.17,-13.28,-13.74
-0.27,-0.28,1.1,-0.11,0.97,-0.16,-13.56,-13.67
-0.28,-0.27,1.09,-0.01,1.08,-0.25,-14.05,-13.26
-0.29,-0.27,1.07,0.02,0.98,-0.15,-14.6,-13.76
-0.28,-0.27,1.05,0.09,1.0,-0.14,-14.56,-13.95
-0.28,-0.28,1.04,0.11,1.02,-0.12,-14.64,-14.43
-0.27,-0.29,1.01,0.19,1.01,-0.1,-14.6,-15.25
-0.27,-0.3,1.01,0.22,0.98,-0.05,-14.44,-16.04
-0.27,-0.33,0.98,0.24,1.0,-0.04,-14.69,-17.91
-0.27,-0.35,0.98,0.24,0.98,-0.01,-14.61,-18.86
-0.27,-0.36,0.98,0.26,0.97,0.0,-14.35,-19.49
-0.27,-0.38,0.97,0.26,0.97,0.01,-14.72,-20.62
-0.27,-0.39,0.97,0.23,0.98,0.01,-14.61,-21.25
-0.27,-0.41,0.98,0.22,0.96,0.03,-14.52,-21.95
-0.27,-0.42,0.99,0.2,0.98,0.01,-14.18,-22.57
-0.28,-0.44,1.0,0.19,0.96,0.01,-14.26,-23.04
-0.27,-0.46,0.99,0.17,1.0,-0.03,-14.07,-23.87
-0.27,-0.47,0.99,0.12,1.02,-0.05,-14.04,-24.66
-0.27,-0.47,0.98,0.09,1.04,-0.08,-14.13,-25.08
-0.26,-0.47,0.97,-0.01,0.99,-0.03,-13.75,-25.22
-0.26,-0.48,0.95,-0.04,1.06,-0.09,-13.74,-25.83
-0.25,-0.49,0.92,-0.12,1.13,-0.1,-13.47,-26.93
-0.25,-0.49,0.9,-0.2,1.14,-0.08,-13.58,-27.51
-0.24,-0.49,0.89,-0.3,1.17,-0.06,-13.06,-27.76
-0.23,-0.49,0.89,-0.4,1.18,-0.03,-12.82,-27.9
-0.23,-0.48,0.9,-0.53,1.24,-0.0,-13.01,-27.2
-0.24,-0.47,0.9,-0.62,1.24,0.05,-13.17,-26.49
-0.24,-0.46,0.91,-0.69,1.24,0.06,-13.23,-26.07
-0.25,-0.45,0.91,-0.77,1.28,0.08,-13.71,-25.77
-0.26,-0.44,0.91,-0.85,1.3,0.1,-14.16,-24.85
-0.27,-0.43,0.92,-0.91,1.3,0.12,-14.77,-23.98
-0.26,-0.4,0.93,-0.93,1.29,0.13,-14.68,-22.54
-0.27,-0.37,0.94,-0.94,1.28,0.14,-15.14,-20.61
-0.28,-0.36,0.95,-0.95,1.28,0.14,-15.26,-19.78
-0.28,-0.34,0.95,-0.92,1.26,0.16,-15.56,-18.91
-0.28,-0.32,0.95,-0.93,1.3,0.14,-15.77,-17.68
-0.28,-0.3,0.95,-0.87,1.2,0.19,-15.57,-16.99
-0.28,-0.29,0.95,-0.84,1.21,0.21,-15.77,-16.52
-0.28,-0.28,0.95,-0.8,1.15,0.24,-15.63,-15.83
-0.28,-0.27,0.95,-0.74,1.11,0.25,-15.6,-15.31
-0.28,-0.28,0.97,-0.7,1.06,0.27,-15.56,-15.36
-0.29,-0.29,0.99,-0.65,1.03,0.28,-15.45,-15.8
-0.3,-0.31,1.04,-0.62,0.99,0.3,-15.56,-16.15
-0.3,-0.32,1.06,-0.56,0.98,0.29,-15.32,-16.21
-0.31,-0.33,1.1,-0.48,0.97,0.26,-15.21,-16.32
-0.32,-0.37,1.14,-0.43,0.98,0.24,-15.1,-17.18
-0.33,-0.4,1.17,-0.37,0.98,0.21,-14.98,-18.19
-0.33,-0.41,1.19,-0.28,1.01,0.15,-14.66,-18.41
-0.33,-0.41,1.18,-0.23,1.04,0.09,-14.95,-18.6
-0.33,-0.41,1.18,-0.21,1.11,0.04,-14.8,-18.54
-0.32,-0.41,1.18,-0.18,1.17,0.01,-14.26,-18.55
-0.3,-0.4,1.16,-0.12,1.22,-0.03,-13.96,-18.26
-0.29,-0.39,1.14,-0.08,1.25,-0.02,-13.73,-18.34
-0.29,-0.39,1.11,-0.08,1.31,-0.01,-13.66,-19.02
-0.28,-0.39,1.08,-0.08,1.33,0.03,-13.51,-19.42
-0.26,-0.4,1.08,-0.09,1.38,0.04,-12.96,-19.57
-0.26,-0.4,1.08,-0.11,1.39,0.07,-13.01,-19.79
-0.27,-0.4,1.07,-0.12,1.44,0.08,-13.23,-20.16
-0.27,-0.42,1.06,-0.16,1.47,0.09,-13.21,-20.99
-0.27,-0.43,1.05,-0.17,1.48,0.11,-13.4,-21.58
-0.27,-0.43,1.03,-0.18,1.48,0.11,-13.35,-21.98
-0.26,-0.42,1.01,-0.22,1.52,0.1,-13.62,-21.77
-0.25,-0.42,1.0,-0.26,1.55,0.11,-13.14,-21.98
-0.25,-0.42,0.99,-0.29,1.56,0.12,-13.03,-22.16
-0.25,-0.41,1.0,-0.33,1.58,0.13,-12.81,-21.6
-0.26,-0.43,1.01,-0.33,1.58,0.12,-13.25,-22.24
-0.26,-0.43,1.02,-0.37,1.61,0.13,-13.3,-22.31
-0.26,-0.44,1.02,-0.37,1.62,0.14,-13.31,-22.66
-0.26,-0.44,1.02,-0.39,1.63,0.13,-13.29,-22.52
-0.27,-0.43,1.01,-0.41,1.67,0.11,-13.66,-22.23
-0.26,-0.41,1.02,-0.45,1.7,0.11,-13.47,-21.26
-0.26,-0.39,1.02,-0.47,1.71,0.11,-13.29,-20.6
-0.26,-0.37,1.01,-0.43,1.69,0.09,-13.63,-19.61
-0.27,-0.35,1.02,-0.46,1.71,0.12,-13.99,-18.32
-0.27,-0.33,1.0,-0.43,1.7,0.13,-14.22,-17.8
-0.26,-0.32,0.99,-0.39,1.69,0.16,-14.25,-17.3
-0.26,-0.31,0.99,-0.37,1.67,0.19,-14.02,-17.01
-0.26,-0.31,0.99,-0.32,1.67,0.19,-14.24,-17.06
-0.26,-0.32,0.97,-0.32,1.67,0.19,-14.31,-17.4
-0.27,-0.31,0.97,-0.29,1.63,0.2,-14.76,-17.28
-0.26,-0.31,0.96,-0.23,1.59,0.19,-14.65,-17.14
-0.26,-0.3,0.94,-0.19,1.54,0.2,-14.68,-17.09
-0.25,-0.3,0.93,-0.19,1.54,0.21,-14.37,-17.06
-0.25,-0.29,0.92,-0.16,1.48,0.22,-14.7,-16.89
-0.25,-0.29,0.94,-0.15,1.45,0.25,-14.31,-16.67
-0.26,-0.29,0.95,-0.1,1.38,0.26,-14.83,-16.19
-0.27,-0.29,0.98,-0.06,1.37,0.26,-14.94,-16.0
-0.29,-0.29,1.0,-0.01,1.34,0.27,-15.32,-15.49
-0.3,-0.31,1.02,0.08,1.31,0.25,-15.66,-16.09
-0.31,-0.32,1.04,0.14,1.3,0.25,-15.79,-16.39
-0.31,-0.33,1.03,0.18,1.35,0.24,-16.03,-17.18
-0.31,-0.35,1.04,0.23,1.36,0.25,-15.55,-17.74
-0.3,-0.37,1.04,0.29,1.39,0.24,-15.45,-18.69
-0.31,-0.39,1.03,0.39,1.59,0.11,-15.76,-19.62
-0.31,-0.41,1.03,0.34,1.42,0.24,-15.87,-20.76
-0.31,-0.41,1.01,0.33,1.49,0.21,-15.88,-21.48
-0.31,-0.41,0.98,0.33,1.52,0.19,-16.4,-22.02
-0.29,-0.42,0.97,0.31,1.51,0.19,-15.44,-22.44
-0.27,-0.42,0.96,0.27,1.55,0.16,-14.47,-22.83
-0.27,-0.41,0.94,0.24,1.54,0.16,-14.6,-22.85
-0.27,-0.41,0.93,0.22,1.54,0.14,-14.76,-22.7
-0.27,-0.4,0.93,0.19,1.5,0.14,-14.69,-22.25
-0.27,-0.41,0.95,0.16,1.51,0.13,-14.45,-22.75
-0.28,-0.42,0.96,0.12,1.49,0.14,-14.76,-22.81
-0.28,-0.42,0.97,0.09,1.47,0.12,-14.88,-22.76
-0.29,-0.43,0.98,0.07,1.46,0.12,-15.41,-22.61
-0.3,-0.42,0.99,0.07,1.47,0.11,-15.48,-21.99
-0.3,-0.41,0.99,0.03,1.51,0.1,-15.33,-21.77
-0.3,-0.41,1.0,0.03,1.51,0.1,-15.42,-21.51
-0.29,-0.42,0.99,0.04,1.52,0.09,-15.13,-21.95
-0.29,-0.41,0.99,0.05,1.53,0.11,-15.02,-21.71
-0.28,-0.41,0.97,0.04,1.59,0.12,-14.9,-21.95
-0.27,-0.4,0.96,0.04,1.6,0.15,-14.67,-21.82
-0.26,-0.41,0.95,0.04,1.58,0.16,-14.16,-22.54
-0.26,-0.4,0.94,0.01,1.6,0.16,-14.49,-22.37
-0.26,-0.4,0.93,-0.0,1.6,0.15,-14.42,-22.56
-0.27,-0.41,0.93,-0.03,1.6,0.17,-14.95,-22.66
-0.27,-0.4,0.93,0.0,1.6,0.14,-14.85,-22.41
-0.27,-0.4,0.92,0.0,1.57,0.16,-14.77,-22.53
-0.26,-0.38,0.92,-0.01,1.58,0.15,-14.65,-21.86
-0.26,-0.38,0.92,-0.01,1.56,0.17,-14.89,-21.51
-0.26,-0.37,0.92,0.0,1.56,0.17,-14.84,-21.37
-0.26,-0.36,0.92,0.01,1.52,0.18,-14.62,-20.96
-0.25,-0.36,0.91,-0.0,1.53,0.19,-14.45,-21.14
-0.25,-0.37,0.91,0.01,1.5,0.21,-14.37,-21.4
-0.26,-0.37,0.92,0.01,1.49,0.22,-14.76,-21.42
-0.26,-0.38,0.92,0.02,1.47,0.23,-14.78,-21.5
-0.27,-0.39,0.92,0.02,1.48,0.23,-15.03,-21.91
-0.27,-0.39,0.92,0.0,1.47,0.24,-14.89,-22.38
-0.27,-0.39,0.92,0.03,1.48,0.23,-15.16,-22.06
-0.27,-0.39,0.93,0.04,1.48,0.23,-15.08,-21.93
-0.27,-0.37,0.93,0.05,1.5,0.24,-14.85,-21.11
-0.26,-0.39,0.93,0.06,1.51,0.27,-14.44,-22.06
-0.26,-0.4,0.93,0.09,1.5,0.28,-14.39,-22.55
-0.27,-0.42,0.92,0.11,1.5,0.26,-14.77,-23.44
-0.27,-0.42,0.91,0.1,1.52,0.25,-15.21,-23.96
-0.26,-0.41,0.9,0.12,1.51,0.25,-14.94,-23.72
-0.25,-0.41,0.9,0.15,1.51,0.21,-14.17,-23.49
-0.24,-0.4,0.9,0.16,1.47,0.21,-13.59,-23.56
-0.23,-0.4,0.89,0.17,1.46,0.2,-13.47,-23.32
-0.24,-0.39,0.88,0.16,1.47,0.21,-13.78,-23.09
-0.23,-0.39,0.89,0.18,1.46,0.22,-13.54,-22.86
-0.22,-0.39,0.89,0.2,1.43,0.23,-12.95,-23.34
-0.23,-0.39,0.88,0.2,1.44,0.23,-13.36,-23.33
-0.23,-0.39,0.88,0.2,1.41,0.23,-13.22,-23.45
-0.23,-0.38,0.87,0.18,1.41,0.22,-13.6,-23.04
-0.23,-0.39,0.87,0.2,1.38,0.21,-13.55,-23.25
-0.22,-0.38,0.86,0.2,1.38,0.2,-13.39,-22.96
-0.21,-0.36,0.88,0.17,1.42,0.19,-12.55,-21.82
-0.23,-0.37,0.87,0.18,1.39,0.21,-13.43,-22.4
-0.22,-0.39,0.87,0.19,1.36,0.22,-13.15,-23.25
-0.22,-0.39,0.87,0.2,1.37,0.21,-13.13,-23.35
-0.22,-0.39,0.85,0.18,1.4,0.21,-13.17,-23.87
-0.21,-0.39,0.86,0.16,1.41,0.2,-12.64,-23.68
-0.2,-0.39,0.85,0.14,1.42,0.21,-12.04,-24.02
-0.19,-0.39,0.86,0.13,1.41,0.22,-11.38,-24.02
-0.2,-0.39,0.86,0.08,1.45,0.23,-12.21,-23.98
-0.2,-0.39,0.86,0.08,1.44,0.25,-12.07,-23.76
-0.2,-0.39,0.86,0.07,1.41,0.25,-11.81,-24.08
-0.19,-0.39,0.86,0.08,1.42,0.22,-11.58,-23.69
-0.2,-0.38,0.85,0.05,1.44,0.2,-12.17,-23.41
-0.2,-0.37,0.85,0.05,1.42,0.19,-12.18,-22.88
-0.2,-0.37,0.87,0.07,1.39,0.18,-11.84,-22.22
-0.2,-0.37,0.87,0.08,1.39,0.19,-12.03,-22.59
-0.21,-0.37,0.88,0.1,1.38,0.18,-12.49,-22.37
-0.22,-0.37,0.88,0.1,1.38,0.18,-12.92,-22.26
-0.22,-0.39,0.89,0.22,1.52,0.03,-12.75,-22.95
-0.22,-0.38,0.89,0.18,1.34,0.14,-12.97,-22.71
-0.21,-0.38,0.87,0.21,1.34,0.11,-12.44,-22.76
-0.2,-0.37,0.87,0.24,1.33,0.1,-12.12,-22.29
-0.19,-0.35,0.86,0.27,1.3,0.08,-11.51,-21.72
-0.17,-0.34,0.86,0.26,1.27,0.09,-10.39,-21.34
-0.17,-0.34,0.85,0.23,1.28,0.07,-10.41,-21.43
-0.16,-0.35,0.84,0.21,1.27,0.08,-10.11,-22.02
-0.17,-0.34,0.84,0.16,1.27,0.09,-10.37,-21.61
-0.16,-0.33,0.84,0.12,1.26,0.11,-10.15,-21.17
-0.16,-0.32,0.84,0.08,1.3,0.12,-10.03,-20.56
-0.16,-0.32,0.86,0.03,1.32,0.15,-10.17,-20.31
-0.17,-0.33,0.86,0.02,1.33,0.18,-10.33,-20.46
-0.18,-0.34,0.86,-0.0,1.31,0.23,-11.09,-21.21
-0.2,-0.36,0.87,-0.03,1.35,0.22,-12.12,-21.88
-0.21,-0.37,0.88,-0.02,1.36,0.22,-12.5,-22.07
-0.22,-0.36,0.88,0.02,1.37,0.2,-13.05,-21.67
-0.21,-0.35,0.89,0.03,1.37,0.19,-12.66,-21.18
-0.21,-0.33,0.88,0.05,1.38,0.17,-12.82,-20.06
-0.21,-0.32,0.9,0.11,1.38,0.15,-12.19,-19.29
-0.19,-0.3,0.89,0.16,1.34,0.14,-11.4,-18.12
-0.18,-0.28,0.89,0.22,1.27,0.15,-10.9,-16.89
-0.17,-0.26,0.88,0.24,1.24,0.13,-10.54,-16.3
-0.17,-0.26,0.88,0.27,1.19,0.14,-10.47,-16.52
-0.16,-0.26,0.87,0.29,1.15,0.15,-10.23,-16.41
-0.16,-0.26,0.87,0.31,1.12,0.15,-10.19,-16.37
-0.16,-0.28,0.86,0.32,1.08,0.16,-9.99,-17.98
-0.17,-0.3,0.84,0.29,1.09,0.17,-10.52,-19.48
-0.17,-0.32,0.84,0.31,1.08,0.17,-10.83,-20.44
-0.16,-0.33,0.84,0.3,1.11,0.18,-10.21,-21.35
-0.15,-0.34,0.83,0.29,1.14,0.17,-9.73,-21.77
-0.14,-0.34,0.82,0.25,1.17,0.16,-8.91,-22.02
-0.13,-0.34,0.82,0.21,1.16,0.17,-8.38,-22.65
-0.13,-0.34,0.81,0.19,1.17,0.13,-8.58,-22.53
-0.13,-0.33,0.81,0.14,1.2,0.13,-8.25,-21.95
-0.13,-0.32,0.83,0.08,1.26,0.13,-8.54,-21.09
-0.12,-0.3,0.84,0.05,1.25,0.15,-7.94,-19.71
-0.12,-0.29,0.85,0.01,1.25,0.16,-7.63,-18.46
-0.12,-0.27,0.87,-0.04,1.23,0.19,-7.6,-17.1
-0.13,-0.27,0.87,-0.05,1.21,0.2,-8.29,-17.14
-0.14,-0.27,0.87,-0.07,1.2,0.22,-8.98,-17.39
-0.17,-0.28,0.88,-0.03,1.18,0.22,-10.24,-17.36
-0.19,-0.29,0.89,0.0,1.14,0.23,-11.26,-17.58
-0.18,-0.3,0.9,0.03,1.14,0.21,-10.86,-18.26
-0.18,-0.31,0.9,0.06,1.1,0.21,-10.9,-18.44
-0.19,-0.32,0.9,0.13,1.07,0.18,-11.41,-19.44
-0.2,-0.32,0.9,0.19,1.03,0.15,-11.61,-18.92
-0.2,-0.31,0.91,0.23,1.03,0.12,-11.61,-18.62
-0.2,-0.32,0.91,0.29,0.98,0.11,-11.67,-18.99
-0.19,-0.33,0.89,0.36,0.97,0.09,-11.34,-19.57
-0.18,-0.32,0.88,0.39,0.94,0.08,-10.66,-19.46
-0.16,-0.3,0.87,0.4,0.99,0.06,-10.11,-18.95
-0.14,-0.3,0.85,0.39,0.99,0.06,-9.01,-19.16
-0.11,-0.3,0.84,0.37,0.99,0.06,-7.1,-19.42
-0.1,-0.29,0.83,0.32,0.99,0.06,-6.2,-19.1
-0.09,-0.28,0.82,0.24,1.03,0.07,-6.06,-18.94
-0.09,-0.29,0.82,0.15,1.06,0.1,-5.6,-19.14
-0.08,-0.28,0.82,0.1,1.07,0.12,-5.3,-18.76
-0.08,-0.28,0.83,0.01,1.1,0.13,-5.31,-18.49
-0.08,-0.28,0.83,-0.02,1.07,0.14,-5.43,-18.31
-0.1,-0.27,0.84,-0.09,1.09,0.15,-6.65,-17.74
-0.1,-0.26,0.85,-0.13,1.07,0.15,-6.32,-16.65
-0.12,-0.25,0.87,-0.15,1.03,0.16,-7.51,-16.02
-0.12,-0.25,0.88,-0.16,1.02,0.17,-7.7,-15.89
-0.13,-0.26,0.89,-0.18,1.0,0.17,-8.06,-16.03
-0.14,-0.27,0.89,-0.17,0.95,0.18,-8.33,-16.82
-0.15,-0.28,0.88,-0.17,0.9,0.17,-9.1,-17.61
-0.15,-0.29,0.87,-0.2,0.93,0.15,-9.24,-18.2
-0.15,-0.28,0.88,-0.2,0.91,0.14,-9.15,-17.62
-0.14,-0.28,0.89,-0.23,0.92,0.15,-8.68,-17.25
-0.13,-0.28,0.89,-0.24,0.91,0.15,-8.16,-17.54
-0.14,-0.29,0.89,-0.27,0.92,0.16,-8.42,-17.64
-0.15,-0.29,0.88,-0.32,0.97,0.18,-9.0,-18.25
-0.16,-0.32,0.89,-0.35,0.99,0.2,-9.66,-19.32
-0.16,-0.31,0.88,-0.36,1.02,0.21,-9.68,-19.21
-0.16,-0.31,0.88,-0.38,1.07,0.21,-9.86,-18.96
-0.16,-0.3,0.88,-0.41,1.11,0.22,-9.5,-18.78
-0.15,-0.31,0.89,-0.42,1.11,0.24,-9.1,-19.07
-0.16,-0.32,0.89,-0.39,1.12,0.21,-9.45,-19.21
-0.17,-0.32,0.9,-0.37,1.11,0.23,-10.11,-19.29
-0.16,-0.32,0.89,-0.38,1.15,0.2,-9.88,-19.23
-0.16,-0.31,0.9,-0.36,1.14,0.19,-9.25,-18.66
-0.16,-0.29,0.9,-0.28,1.3,0.04,-9.38,-17.77
-0.15,-0.29,0.91,-0.32,1.11,0.17,-9.1,-17.27
-0.17,-0.29,0.92,-0.32,1.13,0.17,-9.8,-17.04
-0.17,-0.29,0.94,-0.29,1.12,0.19,-9.81,-16.72
-0.16,-0.29,0.94,-0.24,1.09,0.19,-9.16,-17.06
-0.17,-0.29,0.93,-0.22,1.08,0.2,-9.67,-17.28
-0.18,-0.28,0.91,-0.21,1.08,0.18,-10.62,-16.89
-0.18,-0.29,0.92,-0.18,1.09,0.18,-10.73,-17.15
-0.19,-0.29,0.92,-0.07,1.25,0.01,-11.07,-17.31
-0.18,-0.3,0.92,-0.09,1.05,0.16,-10.32,-17.66
-0.17,-0.3,0.9,-0.06,1.07,0.16,-10.44,-17.84
-0.17,-0.28,0.88,-0.04,1.09,0.15,-10.66,-17.52
-0.15,-0.27,0.89,0.0,1.08,0.14,-9.46,-16.58
-0.14,-0.24,0.89,0.01,1.05,0.16,-8.38,-15.05
-0.12,-0.23,0.89,0.01,1.06,0.17,-7.16,-14.48
-0.12,-0.22,0.88,-0.01,1.04,0.17,-7.26,-13.82
-0.13,-0.23,0.88,-0.03,1.03,0.18,-8.17,-14.6
-0.14,-0.24,0.88,-0.04,1.01,0.19,-8.58,-15.08
-0.14,-0.25,0.88,-0.03,1.02,0.19,-8.59,-15.43
-0.14,-0.25,0.87,-0.05,1.04,0.2,-8.73,-15.7
-0.15,-0.25,0.88,-0.02,1.03,0.21,-9.03,-15.43
-0.13,-0.25,0.88,-0.01,1.1,0.17,-8.16,-15.57
-0.13,-0.24,0.87,-0.04,1.02,0.23,-7.95,-15.57
-0.13,-0.26,0.87,-0.03,1.04,0.22,-8.22,-16.23
-0.12,-0.26,0.87,-0.03,1.03,0.24,-7.75,-16.43
-0.11,-0.25,0.87,-0.03,1.03,0.22,-7.19,-15.6
-0.11,-0.23,0.86,-0.08,1.01,0.24,-7.19,-14.96
-0.12,-0.23,0.86,-0.07,1.02,0.23,-7.62,-14.87
-0.12,-0.23,0.87,-0.09,1.0,0.24,-7.74,-14.84
-0.12,-0.23,0.88,-0.13,1.02,0.24,-7.6,-14.4
-0.12,-0.22,0.89,-0.11,0.97,0.27,-7.72,-13.97
-0.13,-0.23,0.88,-0.13,0.99,0.26,-8.17,-14.31
-0.14,-0.24,0.87,-0.12,0.97,0.27,-8.82,-15.06
-0.15,-0.25,0.89,-0.09,0.95,0.28,-9.42,-15.5
-0.15,-0.24,0.88,-0.05,0.95,0.28,-9.3,-15.22
-0.14,-0.23,0.88,-0.03,0.94,0.29,-9.05,-14.76
-0.14,-0.23,0.86,-0.0,0.92,0.29,-9.1,-14.85
-0.14,-0.24,0.85,-0.0,0.94,0.26,-9.21,-15.32
-0.13,-0.23,0.85,0.03,0.92,0.26,-8.44,-15.21
-0.12,-0.23,0.84,0.02,0.92,0.24,-7.66,-15.0
-0.1,-0.21,0.83,0.02,0.91,0.24,-6.9,-14.29
-0.09,-0.19,0.82,0.0,0.92,0.24,-6.25,-13.07
-0.09,-0.17,0.83,-0.04,0.91,0.25,-5.81,-11.24
-0.07,-0.16,0.85,-0.08,0.92,0.27,-4.87,-10.76
-0.07,-0.16,0.86,-0.13,0.91,0.29,-4.62,-10.38
-0.08,-0.15,0.86,-0.17,0.89,0.3,-5.06,-9.74
-0.08,-0.15,0.85,-0.21,0.88,0.33,-5.28,-9.89
-0.1,-0.16,0.87,-0.21,0.87,0.33,-6.5,-10.67
-0.11,-0.18,0.88,-0.22,0.85,0.35,-7.14,-11.7
-0.12,-0.21,0.87,-0.17,0.82,0.36,-7.69,-13.32
-0.13,-0.22,0.88,-0.11,0.8,0.38,-8.03,-13.75
-0.13,-0.23,0.9,-0.06,0.8,0.38,-7.73,-14.43
-0.12,-0.24,0.9,-0.01,0.77,0.39,-7.26,-14.81
-0.1,-0.24,0.89,0.06,0.74,0.39,-6.25,-14.88
-0.09,-0.26,0.89,0.12,0.71,0.39,-5.67,-16.11
-0.08,-0.27,0.88,0.15,0.7,0.38,-4.91,-16.81
-0.07,-0.28,0.87,0.21,0.67,0.35,-4.33,-17.97
-0.06,-0.29,0.86,0.25,0.66,0.34,-3.86,-18.45
-0.06,-0.28,0.86,0.3,0.62,0.31,-3.64,-18.1
-0.04,-0.27,0.85,0.35,0.62,0.26,-2.57,-17.55
-0.01,-0.26,0.84,0.38,0.6,0.22,-0.65,-16.96
0.01,-0.25,0.84,0.38,0.58,0.2,0.38,-16.43
0.03,-0.23,0.82,0.34,0.56,0.2,2.14,-15.39
0.06,-0.21,0.82,0.31,0.59,0.16,4.11,-14.41
0.08,-0.19,0.83,0.24,0.63,0.14,5.63,-12.54
0.1,-0.16,0.84,0.17,0.63,0.17,6.48,-10.86
0.11,-0.14,0.83,0.08,0.65,0.17,7.61,-9.7
0.1,-0.14,0.85,0.02,0.64,0.2,6.47,-9.63
0.1,-0.15,0.84,-0.09,0.65,0.22,6.6,-9.99
0.07,-0.16,0.86,-0.15,0.63,0.23,4.91,-10.43
0.07,-0.16,0.85,-0.18,0.6,0.23,4.41,-10.56
0.04,-0.18,0.84,-0.21,0.59,0.22,2.79,-11.78
0.02,-0.18,0.85,-0.25,0.59,0.2,1.33,-11.79
-0.0,-0.18,0.86,-0.23,0.55,0.19,-0.32,-12.05
-0.02,-0.18,0.87,-0.2,0.48,0.17,-1.3,-11.91
-0.03,-0.18,0.88,-0.17,0.46,0.13,-2.06,-11.65
-0.05,-0.18,0.87,-0.12,0.42,0.09,-3.21,-11.79
-0.06,-0.19,0.88,-0.09,0.38,0.08,-4.09,-12.06
-0.08,-0.18,0.89,-0.01,0.33,0.05,-4.79,-11.68
-0.09,-0.18,0.89,0.05,0.27,0.04,-5.48,-11.63
-0.09,-0.18,0.88,0.09,0.27,0.03,-5.75,-11.52
-0.09,-0.17,0.88,0.17,0.23,0.03,-5.74,-11.05
-0.08,-0.17,0.87,0.29,0.34,-0.12,-5.29,-10.73
-0.08,-0.16,0.87,0.27,0.16,0.01,-5.05,-10.45
-0.08,-0.17,0.87,0.3,0.15,0.0,-4.96,-10.72
-0.05,-0.15,0.85,0.33,0.12,0.01,-3.41,-10.22
-0.02,-0.13,0.85,0.32,0.11,-0.0,-1.63,-8.91
0.01,-0.1,0.85,0.29,0.09,0.02,0.34,-6.84
0.02,-0.08,0.84,0.21,0.11,0.02,1.51,-5.73
0.03,-0.09,0.84,0.12,0.1,0.03,1.72,-6.03
0.02,-0.09,0.83,0.07,0.1,0.03,1.22,-6.24
0.01,-0.1,0.84,-0.01,0.08,0.06,0.9,-6.97
0.01,-0.11,0.85,-0.09,0.11,0.07,0.47,-7.51
-0.0,-0.11,0.86,-0.14,0.1,0.09,-0.24,-7.65
-0.03,-0.14,0.86,-0.16,0.08,0.11,-1.76,-8.92
-0.05,-0.16,0.87,-0.18,0.06,0.12,-3.47,-10.29
-0.07,-0.19,0.88,-0.19,0.04,0.11,-4.18,-11.89
-0.08,-0.2,0.88,-0.16,0.03,0.08,-5.19,-12.78
-0.1,-0.21,0.89,-0.13,0.01,0.07,-6.11,-13.36
-0.1,-0.22,0.89,-0.07,-0.05,0.05,-6.4,-13.97
-0.11,-0.24,0.9,-0.02,-0.05,0.02,-6.9,-14.62
-0.11,-0.24,0.9,0.0,-0.06,0.01,-6.46,-15.14
-0.11,-0.25,0.89,0.04,-0.07,0.0,-6.73,-15.28
-0.1,-0.25,0.89,0.09,-0.08,-0.02,-6.23,-15.27
-0.08,-0.24,0.91,0.1,-0.08,-0.02,-4.75,-14.58
-0.08,-0.23,0.9,0.1,-0.08,-0.01,-4.76,-13.99
-0.07,-0.22,0.9,0.1,-0.08,-0.01,-4.13,-13.79
-0.07,-0.23,0.9,0.12,-0.0,-0.09,-4.13,-14.25
-0.06,-0.23,0.89,0.07,-0.08,-0.01,-3.75,-14.23
-0.06,-0.22,0.9,0.03,-0.04,-0.02,-3.62,-13.99
-0.05,-0.22,0.89,-0.0,-0.05,-0.0,-2.96,-13.5
-0.04,-0.21,0.91,-0.03,-0.06,-0.01,-2.55,-13.21
-0.05,-0.22,0.9,-0.08,-0.04,-0.01,-2.96,-13.41
-0.06,-0.23,0.9,-0.11,-0.02,-0.01,-3.45,-14.25
-0.08,-0.25,0.91,-0.16,0.0,-0.0,-4.87,-15.15
-0.09,-0.25,0.92,-0.17,0.01,0.0,-5.53,-15.32
-0.1,-0.26,0.93,-0.2,0.04,-0.01,-6.12,-15.68
-0.12,-0.26,0.93,-0.19,0.05,-0.01,-7.03,-15.2
-0.13,-0.25,0.93,-0.17,0.05,-0.01,-7.74,-14.96
-0.13,-0.25,0.95,-0.13,0.05,-0.02,-7.63,-14.78
-0.12,-0.25,0.96,-0.08,0.02,-0.02,-7.15,-14.39
-0.12,-0.24,0.95,-0.06,0.03,-0.02,-7.11,-13.78
-0.12,-0.24,0.95,-0.03,0.02,-0.01,-7.19,-13.9
-0.12,-0.24,0.94,0.01,0.0,-0.01,-7.12,-14.07
-0.11,-0.23,0.94,0.04,-0.02,0.0,-6.57,-13.53
-0.1,-0.23,0.93,0.05,-0.01,-0.01,-6.23,-13.72
-0.1,-0.22,0.93,0.05,-0.0,-0.0,-6.27,-13.05
-0.09,-0.2,0.93,0.08,0.01,0.01,-5.59,-12.25
-0.08,-0.2,0.94,0.08,-0.01,0.02,-4.64,-11.75
-0.06,-0.2,0.93,0.08,-0.03,0.02,-3.82,-12.13
-0.06,-0.2,0.91,0.06,-0.04,0.03,-3.8,-12.57
-0.07,-0.21,0.88,0.06,-0.05,0.01,-4.23,-13.32
-0.09,-0.23,0.89,0.04,-0.05,-0.02,-5.66,-14.33
-0.09,-0.22,0.9,0.05,-0.03,-0.04,-5.52,-13.62
-0.09,-0.21,0.91,0.04,-0.02,-0.03,-5.64,-12.67
-0.1,-0.22,0.92,0.06,-0.04,-0.03,-6.06,-13.28
-0.09,-0.22,0.91,0.05,-0.03,-0.03,-5.36,-13.73
-0.08,-0.21,0.91,0.03,-0.01,-0.03,-4.87,-13.0
-0.07,-0.2,0.92,-0.02,0.02,-0.01,-4.37,-12.23
-0.07,-0.19,0.92,-0.06,0.02,0.03,-4.03,-11.56
-0.07,-0.2,0.93,-0.09,0.01,0.05,-4.39,-11.97
-0.08,-0.21,0.92,-0.13,0.02,0.05,-4.55,-12.47
-0.09,-0.22,0.92,-0.16,0.04,0.06,-5.6,-13.12
-0.1,-0.22,0.92,-0.17,0.02,0.05,-6.27,-13.45
-0.12,-0.22,0.92,-0.15,0.01,0.04,-6.98,-13.56
-0.13,-0.22,0.94,-0.14,0.02,0.03,-7.49,-13.23
-0.14,-0.23,0.95,-0.12,0.01,0.03,-7.91,-13.18
-0.13,-0.21,0.96,-0.1,0.01,0.06,-7.75,-12.27
-0.13,-0.22,0.95,-0.05,-0.02,0.07,-7.81,-12.82
-0.13,-0.23,0.94,0.0,-0.01,0.06,-7.6,-13.43
-0.12,-0.23,0.93,0.04,0.0,0.06,-7.42,-13.91
-0.11,-0.23,0.92,0.08,-0.02,0.06,-6.65,-13.97
-0.1,-0.22,0.91,0.13,-0.04,0.04,-6.19,-13.59
-0.08,-0.22,0.91,0.16,-0.05,0.03,-4.95,-13.25
-0.06,-0.22,0.9,0.15,-0.04,0.02,-3.84,-13.39
-0.05,-0.21,0.89,0.15,-0.05,-0.0,-3.32,-13.2
-0.04,-0.21,0.89,0.13,-0.05,-0.01,-2.79,-13.23
-0.05,-0.21,0.89,0.1,-0.06,-0.02,-3.23,-13.52
-0.05,-0.22,0.9,0.08,-0.02,-0.03,-2.93,-13.81
-0.04,-0.22,0.9,0.05,-0.02,-0.04,-2.37,-13.7
-0.04,-0.21,0.89,0.02,-0.02,-0.04,-2.19,-12.94
-0.04,-0.2,0.91,-0.03,-0.01,-0.03,-2.53,-12.19
-0.05,-0.2,0.92,-0.09,0.02,-0.04,-2.94,-11.94
-0.07,-0.2,0.93,-0.14,0.02,-0.03,-4.18,-11.87
-0.08,-0.2,0.94,-0.15,0.03,-0.01,-4.69,-12.13
-0.1,-0.22,0.95,-0.18,0.02,0.0,-5.9,-12.93
-0.11,-0.21,0.95,-0.18,0.03,0.01,-6.23,-12.62
-0.13,-0.22,0.95,-0.17,0.05,0.02,-7.51,-12.85
-0.14,-0.21,0.94,-0.08,0.18,-0.11,-8.0,-12.47
-0.14,-0.21,0.95,-0.1,0.02,0.04,-8.09,-12.41
-0.14,-0.21,0.96,-0.08,0.04,0.04,-7.89,-12.36
-0.13,-0.21,0.95,-0.03,0.02,0.05,-7.45,-12.14
-0.12,-0.19,0.95,0.03,0.01,0.04,-7.04,-11.23
-0.11,-0.18,0.94,0.07,-0.04,0.05,-6.37,-11.07
-0.1,-0.19,0.93,0.08,-0.04,0.05,-6.23,-11.39
-0.09,-0.19,0.92,0.12,-0.07,0.05,-5.24,-11.52
-0.07,-0.19,0.91,0.12,-0.07,0.04,-4.44,-11.9
-0.07,-0.2,0.9,0.13,-0.11,0.03,-4.46,-12.72
-0.08,-0.21,0.89,0.12,-0.09,-0.0,-4.79,-13.38
-0.08,-0.22,0.9,0.12,-0.09,-0.03,-4.9,-13.47
-0.09,-0.22,0.9,0.11,-0.08,-0.06,-5.34,-13.84
-0.09,-0.23,0.9,0.11,-0.06,-0.08,-5.35,-14.1
-0.08,-0.22,0.91,0.1,-0.04,-0.1,-5.15,-13.46
-0.08,-0.2,0.92,0.09,-0.01,-0.1,-4.64,-12.18
-0.07,-0.19,0.93,0.08,-0.02,-0.09,-4.52,-11.64
-0.07,-0.18,0.94,0.07,-0.03,-0.08,-4.08,-10.87
-0.07,-0.18,0.95,0.04,-0.02,-0.06,-4.21,-10.78
-0.08,-0.19,0.93,0.04,-0.01,-0.06,-4.68,-11.61
-0.07,-0.2,0.93,0.03,-0.01,-0.04,-4.37,-11.96
-0.07,-0.2,0.92,0.04,0.01,-0.04,-4.04,-12.0
-0.07,-0.19,0.93,0.02,0.01,-0.02,-3.98,-11.78
-0.06,-0.19,0.94,-0.02,0.04,-0.0,-3.82,-11.27
-0.05,-0.19,0.93,-0.02,0.03,0.01,-3.06,-11.47
-0.06,-0.19,0.93,-0.03,0.02,0.02,-3.49,-11.6
-0.06,-0.19,0.93,-0.03,0.03,0.01,-3.4,-11.63
-0.06,-0.19,0.93,-0.05,0.04,0.02,-3.43,-11.45
-0.06,-0.2,0.93,-0.04,0.02,0.03,-3.39,-11.89
-0.06,-0.21,0.93,-0.04,-0.0,0.03,-3.38,-12.94
-0.05,-0.21,0.92,-0.03,-0.03,0.01,-3.21,-12.92
-0.06,-0.21,0.91,-0.04,0.0,0.0,-3.69,-13.2
-0.07,-0.22,0.9,-0.04,-0.02,-0.01,-4.2,-13.67
-0.07,-0.22,0.91,-0.02,-0.0,-0.06,-4.4,-13.61
-0.07,-0.22,0.92,-0.01,-0.02,-0.06,-4.08,-13.34
-0.07,-0.21,0.93,-0.01,-0.01,-0.06,-4.23,-12.77
-0.07,-0.22,0.93,-0.0,-0.02,-0.06,-4.41,-13.15
-0.08,-0.21,0.93,-0.02,-0.03,-0.05,-4.49,-12.9
-0.07,-0.22,0.94,-0.03,-0.01,-0.06,-4.25,-13.06
-0.08,-0.23,0.93,-0.02,-0.03,-0.06,-4.78,-13.52
-0.08,-0.23,0.94,-0.05,-0.03,-0.05,-4.54,-13.67
-0.08,-0.22,0.93,-0.06,-0.02,-0.06,-4.86,-13.49
-0.09,-0.23,0.93,-0.06,-0.02,-0.06,-5.23,-13.54
-0.09,-0.22,0.94,-0.08,0.01,-0.06,-5.49,-13.12
-0.1,-0.22,0.94,-0.11,0.04,-0.04,-5.74,-13.34
-0.1,-0.23,0.94,-0.12,0.04,-0.02,-5.91,-13.52
-0.11,-0.22,0.94,-0.12,0.06,-0.0,-6.46,-13.17
-0.11,-0.23,0.95,-0.12,0.08,0.01,-6.56,-13.53
-0.11,-0.22,0.95,-0.11,0.1,0.03,-6.67,-13.07
-0.12,-0.22,0.96,-0.1,0.13,0.03,-6.7,-12.83
-0.12,-0.22,0.96,-0.09,0.11,0.03,-6.88,-12.96
-0.12,-0.21,0.95,-0.06,0.12,0.01,-7.28,-12.42
-0.12,-0.22,0.95,-0.06,0.13,0.01,-6.84,-12.7
-0.11,-0.21,0.94,-0.0,0.1,0.02,-6.4,-12.27
-0.09,-0.2,0.94,0.05,0.07,0.0,-5.6,-12.09
-0.1,-0.2,0.93,0.08,0.08,-0.01,-5.73,-12.01
-0.09,-0.19,0.94,0.09,0.07,-0.02,-5.13,-11.25
-0.08,-0.18,0.93,0.11,0.06,-0.02,-4.61,-10.95
-0.07,-0.17,0.93,0.1,0.06,-0.02,-4.17,-10.31
-0.06,-0.16,0.94,0.13,0.04,-0.02,-3.57,-9.48
-0.05,-0.15,0.93,0.1,0.06,-0.01,-2.98,-9.41
-0.04,-0.15,0.92,0.09,0.05,0.01,-2.26,-9.5
-0.03,-0.15,0.92,0.08,0.02,0.03,-1.87,-9.13
-0.02,-0.15,0.91,0.08,0.03,0.02,-1.35,-9.05
-0.02,-0.14,0.9,0.04,0.04,0.02,-1.12,-8.92
-0.02,-0.14,0.9,0.03,0.02,0.03,-1.42,-9.15
-0.02,-0.15,0.89,0.05,-0.0,0.02,-1.07,-9.54
-0.01,-0.15,0.88,0.04,-0.01,0.02,-0.39,-9.92
-0.0,-0.15,0.88,0.05,-0.01,-0.0,-0.02,-9.56
0.01,-0.13,0.86,0.06,-0.02,-0.01,0.39,-8.84
0.01,-0.13,0.86,0.07,-0.03,-0.03,0.59,-8.45
0.02,-0.12,0.85,0.08,-0.06,-0.05,1.28,-8.0
0.03,-0.12,0.85,0.08,-0.06,-0.06,2.17,-7.96
0.05,-0.11,0.85,0.09,-0.09,-0.06,3.19,-7.28
0.06,-0.09,0.84,0.11,-0.12,-0.07,3.94,-6.42
0.07,-0.08,0.82,0.11,-0.15,-0.08,4.76,-5.58
0.07,-0.07,0.81,0.11,-0.15,-0.1,5.17,-4.76
0.09,-0.06,0.8,0.11,-0.18,-0.11,6.08,-4.59
0.1,-0.04,0.79,0.12,-0.2,-0.13,7.24,-3.2
0.11,-0.04,0.79,0.14,-0.25,-0.14,8.14,-2.59
0.12,-0.02,0.77,0.12,-0.26,-0.15,8.98,-1.79
0.14,-0.02,0.76,0.14,-0.31,-0.15,10.17,-1.78
0.16,-0.02,0.73,0.18,-0.35,-0.18,12.11,-1.42
0.18,-0.01,0.72,0.19,-0.39,-0.18,13.78,-1.1
0.2,0.01,0.69,0.2,-0.39,-0.21,16.33,1.18
0.23,0.04,0.66,0.2,-0.41,-0.22,19.27,3.56
0.25,0.08,0.62,0.24,-0.43,-0.23,22.02,6.82
0.27,0.1,0.59,0.27,-0.43,-0.23,24.13,8.56
0.29,0.13,0.56,0.31,-0.43,-0.2,26.4,11.38
0.31,0.16,0.53,0.36,-0.44,-0.2,29.21,14.41
0.34,0.2,0.5,0.46,-0.48,-0.17,32.03,18.36
0.38,0.24,0.46,0.56,-0.53,-0.14,35.98,21.94
0.42,0.27,0.43,0.64,-0.58,-0.12,39.76,24.6
0.46,0.32,0.37,0.72,-0.64,-0.1,43.52,28.13
0.53,0.37,0.32,0.81,-0.74,-0.06,47.4,30.47
0.6,0.41,0.28,0.88,-0.89,-0.03,50.48,31.64
0.69,0.47,0.2,0.91,-1.06,-0.02,53.45,33.25
0.77,0.51,0.13,0.9,-1.27,0.01,55.39,33.42
0.85,0.58,0.07,0.86,-1.52,0.03,55.69,34.04
0.94,0.63,0.02,0.77,-1.8,0.08,56.34,33.64
1.01,0.66,-0.03,0.62,-2.08,0.09,56.83,33.13
1.07,0.65,-0.14,0.46,-2.41,0.12,58.04,31.12
1.08,0.63,-0.23,0.26,-2.78,0.12,58.28,29.6
1.09,0.63,-0.33,0.04,-3.16,0.09,57.0,28.84
1.08,0.6,-0.41,-0.2,-3.51,0.07,56.18,27.34
1.03,0.56,-0.46,-0.46,-3.85,0.03,54.99,26.38
0.95,0.49,-0.51,-0.72,-4.21,-0.02,53.31,24.35
0.85,0.4,-0.53,-0.92,-4.4,-0.07,51.82,21.67
0.75,0.31,-0.55,-1.11,-4.4,-0.1,49.85,18.31
0.64,0.22,-0.56,-1.25,-4.4,-0.16,46.57,14.24
0.53,0.12,-0.56,-1.37,-4.4,-0.2,42.58,8.81
0.41,0.04,-0.56,-1.46,-4.4,-0.25,36.03,2.9
0.3,-0.03,-0.56,-1.55,-4.4,-0.3,28.12,-3.0
0.19,-0.09,-0.55,-1.61,-4.4,-0.32,18.67,-9.21
0.09,-0.15,-0.53,-1.67,-4.4,-0.33,9.07,-15.43
-0.01,-0.22,-0.51,-1.71,-4.4,-0.33,-1.39,-23.23
-0.13,-0.32,-0.5,-1.71,-4.4,-0.32,-11.9,-32.01
-0.24,-0.46,-0.46,-1.7,-4.4,-0.32,-20.05,-41.42
-0.34,-0.59,-0.39,-1.62,-4.4,-0.34,-25.8,-48.37
-0.42,-0.69,-0.34,-1.51,-4.4,-0.39,-28.86,-51.74
-0.51,-0.8,-0.33,-1.41,-4.4,-0.46,-30.27,-52.93
-0.6,-1.01,-0.34,-1.32,-4.4,-0.58,-29.49,-55.67
-0.68,-1.24,-0.28,-1.19,-4.4,-0.74,-28.15,-59.29
-0.75,-1.45,-0.19,-1.06,-4.4,-0.98,-27.33,-61.76
-0.82,-1.59,-0.13,-0.97,-4.4,-1.27,-27.25,-62.39
-0.9,-1.66,-0.1,-0.92,-4.4,-1.58,-28.3,-61.5
-1.01,-1.75,-0.11,-0.95,-4.4,-1.91,-29.95,-59.85
-1.1,-1.78,0.01,-1.01,-4.4,-2.18,-31.75,-58.25
-1.17,-1.76,0.17,-1.08,-4.4,-2.37,-33.67,-55.93
-1.22,-1.66,0.33,-1.15,-4.4,-2.42,-35.69,-52.81
-1.21,-1.52,0.48,-1.22,-4.4,-2.3,-37.22,-49.46
-1.17,-1.36,0.59,-1.29,-4.4,-2.06,-38.15,-46.22
-1.12,-1.22,0.67,-1.36,-4.4,-1.72,-38.81,-43.09
-1.09,-1.12,0.74,-1.4,-4.4,-1.33,-39.07,-40.41
-1.08,-1.05,0.77,-1.44,-4.4,-0.91,-39.72,-38.38
-1.09,-1.03,0.8,-1.43,-4.4,-0.54,-40.07,-37.12
-1.1,-1.02,0.8,-1.35,-4.4,-0.23,-40.36,-36.83
-1.09,-0.99,0.77,-1.29,-4.4,-0.0,-40.73,-36.69
-1.05,-0.98,0.73,-1.19,-4.4,0.19,-40.69,-37.46
-1.04,-1.02,0.68,-1.1,-4.4,0.34,-40.23,-39.38
-1.07,-1.16,0.65,-0.96,-4.4,0.39,-38.83,-42.81
-1.1,-1.33,0.69,-0.8,-4.4,0.35,-36.38,-45.64
-1.13,-1.49,0.74,-0.65,-4.4,0.21,-34.12,-47.89
-1.15,-1.61,0.76,-0.45,-4.4,-0.02,-32.97,-49.26
-1.16,-1.69,0.78,-0.29,-4.4,-0.29,-31.99,-50.36
-1.14,-1.7,0.79,-0.19,-4.4,-0.57,-31.35,-50.77
-1.11,-1.69,0.8,-0.17,-4.4,-0.8,-30.64,-51.07
-1.08,-1.67,0.8,-0.22,-4.4,-0.94,-30.34,-51.02
-1.05,-1.61,0.8,-0.4,-4.4,-1.0,-30.23,-50.63
-1.03,-1.58,0.8,-0.66,-4.4,-0.98,-30.23,-50.35
-1.05,-1.53,0.89,-1.0,-4.4,-0.92,-30.6,-48.12
-1.06,-1.48,1.02,-1.36,-4.4,-0.78,-30.57,-45.25
-1.1,-1.44,1.17,-1.7,-4.4,-0.6,-30.74,-41.72
-1.15,-1.38,1.38,-1.99,-4.4,-0.41,-30.36,-37.59
-1.17,-1.31,1.58,-2.22,-4.4,-0.2,-29.7,-33.67
-1.17,-1.21,1.8,-2.35,-4.4,0.01,-28.29,-29.54
-1.14,-1.13,2.0,-2.38,-4.4,0.09,-26.31,-26.06
-1.08,-1.05,2.18,-2.35,-4.4,0.43,-24.1,-23.37
-1.03,-0.98,2.33,-2.18,-4.4,0.62,-22.09,-21.13
-0.93,-0.93,2.48,-1.97,-4.4,0.78,-19.27,-19.39
-0.82,-0.89,2.62,-1.59,-4.4,0.85,-16.46,-17.91
-0.72,-0.88,2.65,-1.17,-4.11,0.85,-14.46,-17.67
-0.64,-0.87,2.67,-0.7,-3.74,0.76,-12.8,-17.58
-0.56,-0.86,2.68,-0.21,-3.38,0.61,-11.26,-17.52
-0.5,-0.87,2.65,0.26,-3.06,0.38,-10.24,-17.94
-0.48,-0.9,2.54,0.68,-2.79,0.14,-10.19,-19.26
-0.43,-0.85,2.37,1.03,-2.53,-0.13,-9.65,-19.41
-0.37,-0.78,2.17,1.31,-2.37,-0.31,-9.15,-19.43
-0.32,-0.72,1.98,1.51,-2.22,-0.43,-8.57,-19.63
-0.29,-0.66,1.8,1.67,-2.12,-0.53,-8.47,-19.78
-0.25,-0.61,1.64,1.68,-1.98,-0.48,-8.2,-20.2
-0.24,-0.58,1.5,1.68,-1.89,-0.46,-8.37,-21.07
-0.22,-0.57,1.39,1.63,-1.82,-0.39,-8.39,-22.15
-0.2,-0.58,1.29,1.52,-1.78,-0.3,-7.98,-23.89
-0.18,-0.57,1.22,1.36,-1.69,-0.2,-7.49,-24.88
-0.16,-0.58,1.17,1.17,-1.6,-0.09,-6.96,-26.37
-0.16,-0.61,1.11,0.94,-1.5,0.03,-7.02,-28.54
-0.15,-0.62,1.07,0.71,-1.44,0.14,-6.73,-29.71
-0.13,-0.62,1.05,0.44,-1.35,0.27,-6.25,-30.38
-0.13,-0.63,1.08,0.17,-1.26,0.37,-5.89,-29.96
-0.12,-0.62,1.12,-0.07,-1.23,0.48,-5.27,-28.87
-0.11,-0.62,1.18,-0.26,-1.18,0.56,-4.57,-27.64
-0.1,-0.64,1.28,-0.42,-1.11,0.57,-3.96,-26.41
-0.1,-0.65,1.37,-0.49,-1.05,0.54,-3.7,-25.3
-0.1,-0.66,1.46,-0.54,-1.0,0.45,-3.71,-24.27
-0.12,-0.65,1.51,-0.51,-0.83,0.16,-4.03,-23.34
-0.13,-0.63,1.53,-0.54,-0.85,0.11,-4.62,-22.46
-0.14,-0.6,1.53,-0.52,-0.78,-0.07,-5.04,-21.21
-0.16,-0.54,1.5,-0.48,-0.73,-0.25,-5.59,-19.87
-0.16,-0.49,1.46,-0.44,-0.66,-0.41,-6.05,-18.6
-0.18,-0.44,1.4,-0.41,-0.61,-0.53,-6.97,-17.09
-0.2,-0.38,1.35,-0.39,-0.56,-0.6,-7.98,-15.64
-0.21,-0.34,1.3,-0.41,-0.52,-0.63,-8.89,-14.3
-0.22,-0.3,1.25,-0.39,-0.46,-0.64,-9.88,-13.51
-0.23,-0.26,1.21,-0.41,-0.42,-0.59,-10.37,-11.95
-0.24,-0.24,1.18,-0.45,-0.35,-0.53,-11.37,-11.17
-0.25,-0.22,1.16,-0.46,-0.29,-0.44,-12.12,-10.34
-0.27,-0.2,1.18,-0.49,-0.24,-0.37,-12.5,-9.37
-0.28,-0.19,1.18,-0.49,-0.18,-0.29,-13.03,-8.79
-0.28,-0.18,1.21,-0.49,-0.11,-0.21,-12.75,-8.14
-0.28,-0.16,1.22,-0.47,-0.03,-0.11,-12.61,-7.34
-0.27,-0.16,1.25,-0.42,0.05,-0.06,-12.09,-7.25
-0.29,-0.17,1.27,-0.34,0.09,0.01,-12.77,-7.48
-0.28,-0.2,1.3,-0.27,0.18,0.05,-12.26,-8.44
-0.28,-0.23,1.3,-0.2,0.22,0.09,-11.95,-9.64
-0.28,-0.25,1.31,-0.08,0.28,0.09,-11.87,-10.61
-0.28,-0.29,1.28,0.02,0.31,0.1,-11.99,-12.35
-0.29,-0.31,1.28,0.11,0.36,0.1,-12.25,-13.45
-0.3,-0.34,1.25,0.18,0.41,0.06,-13.01,-14.96
-0.3,-0.37,1.24,0.28,0.46,0.04,-12.84,-16.03
-0.31,-0.39,1.2,0.33,0.49,0.02,-13.62,-17.53
-0.3,-0.4,1.17,0.38,0.56,-0.02,-13.78,-18.54
-0.31,-0.42,1.14,0.42,0.61,-0.02,-14.15,-19.45
-0.32,-0.44,1.11,0.45,0.65,-0.03,-14.83,-20.93
-0.32,-0.45,1.08,0.49,0.69,-0.04,-15.16,-21.58
-0.33,-0.47,1.05,0.5,0.73,-0.06,-16.0,-22.96
-0.32,-0.48,1.01,0.5,0.8,-0.05,-16.09,-24.46
-0.32,-0.49,0.97,0.49,0.84,-0.02,-16.27,-25.67
-0.31,-0.51,0.93,0.46,0.89,-0.0,-16.27,-27.33
-0.31,-0.53,0.9,0.44,0.91,0.03,-16.52,-29.29
-0.31,-0.54,0.87,0.37,0.96,0.07,-16.79,-30.61
-0.31,-0.56,0.84,0.31,1.0,0.1,-16.89,-31.96
-0.32,-0.57,0.82,0.26,1.02,0.13,-17.66,-33.05
-0.32,-0.59,0.81,0.2,1.07,0.15,-17.66,-34.01
-0.31,-0.61,0.81,0.13,1.1,0.17,-17.24,-35.17
-0.3,-0.6,0.81,0.09,1.1,0.19,-16.52,-34.87
-0.29,-0.6,0.81,0.06,1.06,0.21,-16.0,-34.96
-0.28,-0.59,0.8,0.06,1.04,0.21,-15.94,-35.02
-0.28,-0.59,0.79,0.05,1.03,0.19,-15.79,-35.09
-0.28,-0.58,0.79,0.04,0.96,0.2,-15.82,-34.49
-0.27,-0.58,0.79,0.08,0.88,0.19,-15.49,-34.73
-0.27,-0.59,0.8,0.1,0.79,0.2,-15.27,-34.66
-0.26,-0.58,0.81,0.11,0.73,0.16,-14.52,-34.49
-0.25,-0.58,0.81,0.13,0.65,0.16,-14.34,-34.4
-0.26,-0.59,0.8,0.18,0.57,0.14,-14.52,-34.79
-0.26,-0.6,0.81,0.23,0.49,0.12,-14.6,-35.36
-0.26,-0.6,0.81,0.25,0.45,0.09,-14.69,-35.39
-0.26,-0.61,0.81,0.3,0.39,0.09,-14.68,-35.47
-0.26,-0.6,0.81,0.32,0.36,0.06,-14.52,-35.26
-0.27,-0.61,0.81,0.35,0.29,0.07,-14.75,-35.6
-0.27,-0.61,0.81,0.36,0.28,0.05,-15.06,-35.48
-0.26,-0.59,0.81,0.37,0.24,0.06,-14.72,-34.47
-0.28,-0.61,0.82,0.43,0.19,0.03,-15.24,-35.12
-0.27,-0.6,0.81,0.45,0.16,0.03,-14.85,-35.29
-0.28,-0.61,0.82,0.46,0.16,0.01,-15.24,-35.19
-0.27,-0.61,0.8,0.47,0.14,0.02,-14.82,-35.77
-0.26,-0.6,0.8,0.49,0.1,0.01,-14.38,-35.65
-0.24,-0.61,0.79,0.49,0.08,0.04,-13.55,-36.29
-0.24,-0.62,0.79,0.46,0.08,0.07,-13.66,-36.83
-0.25,-0.64,0.79,0.45,0.08,0.1,-13.66,-38.02
-0.24,-0.65,0.8,0.44,0.09,0.09,-13.17,-37.88
-0.25,-0.67,0.8,0.41,0.06,0.12,-13.34,-38.62
-0.25,-0.68,0.81,0.37,0.09,0.1,-13.04,-38.78
-0.25,-0.7,0.82,0.34,0.12,0.09,-13.17,-39.18
-0.26,-0.72,0.82,0.3,0.15,0.08,-13.31,-39.82
-0.26,-0.71,0.82,0.27,0.14,0.06,-13.68,-39.32
-0.26,-0.7,0.82,0.24,0.15,0.01,-13.55,-39.21
-0.25,-0.69,0.82,0.2,0.14,-0.03,-13.29,-38.83
-0.26,-0.69,0.82,0.2,0.13,-0.06,-13.54,-38.66
-0.24,-0.66,0.82,0.13,0.06,-0.06,-13.05,-37.85
-0.25,-0.66,0.82,0.13,0.09,-0.13,-13.59,-37.56
-0.26,-0.64,0.82,0.11,0.09,-0.16,-14.17,-36.32
-0.26,-0.62,0.81,0.11,0.06,-0.17,-14.41,-36.17
-0.26,-0.61,0.82,0.09,0.04,-0.18,-14.49,-35.39
-0.27,-0.6,0.82,0.05,0.05,-0.2,-14.81,-34.88
-0.28,-0.59,0.83,0.0,0.07,-0.2,-15.3,-33.8
-0.29,-0.58,0.83,-0.0,0.06,-0.18,-15.89,-33.22
-0.29,-0.58,0.84,-0.03,0.08,-0.17,-15.88,-33.21
-0.3,-0.57,0.83,-0.07,0.12,-0.16,-16.38,-32.93
-0.31,-0.57,0.83,-0.12,0.16,-0.15,-16.93,-32.9
-0.32,-0.56,0.82,-0.15,0.18,-0.12,-17.72,-32.42
-0.32,-0.55,0.81,-0.1,0.37,-0.27,-18.34,-31.99
-0.32,-0.53,0.8,-0.18,0.23,-0.09,-18.48,-31.38
-0.32,-0.52,0.8,-0.21,0.24,-0.07,-18.49,-30.95
-0.32,-0.5,0.81,-0.24,0.25,-0.03,-18.52,-30.04
-0.31,-0.5,0.81,-0.21,0.24,-0.02,-18.28,-29.78
-0.32,-0.5,0.81,-0.21,0.21,-0.01,-18.67,-29.54
-0.32,-0.5,0.82,-0.19,0.19,-0.0,-18.59,-29.63
-0.32,-0.49,0.82,-0.16,0.16,-0.01,-18.44,-29.22
-0.32,-0.49,0.83,-0.14,0.15,-0.02,-18.21,-28.97
-0.32,-0.49,0.83,-0.11,0.1,-0.03,-18.2,-28.87
-0.32,-0.49,0.83,-0.09,0.08,-0.05,-18.17,-29.11
-0.31,-0.49,0.83,-0.07,0.05,-0.05,-17.92,-28.92
-0.31,-0.5,0.83,-0.03,0.02,-0.06,-17.73,-29.1
-0.31,-0.5,0.85,-0.01,-0.01,-0.07,-17.6,-28.78
-0.31,-0.51,0.85,0.0,-0.02,-0.07,-17.28,-29.12
-0.3,-0.51,0.85,-0.0,-0.02,-0.07,-16.78,-29.45
-0.29,-0.52,0.86,0.01,-0.04,-0.07,-16.32,-29.94
-0.3,-0.53,0.85,0.0,-0.02,-0.07,-16.46,-30.3
-0.29,-0.53,0.86,-0.0,-0.01,-0.08,-15.93,-30.31
-0.28,-0.52,0.86,-0.03,-0.0,-0.06,-15.75,-30.16
-0.28,-0.52,0.86,-0.03,-0.01,-0.05,-15.43,-29.91
-0.28,-0.52,0.86,-0.04,-0.02,-0.05,-15.4,-29.94
-0.28,-0.52,0.87,-0.04,-0.02,-0.05,-15.52,-29.87
-0.28,-0.52,0.88,-0.07,-0.01,-0.05,-15.27,-29.48
-0.28,-0.51,0.89,-0.06,-0.01,-0.03,-15.1,-28.83
-0.27,-0.51,0.89,-0.04,-0.03,-0.03,-14.78,-28.79
-0.27,-0.51,0.89,-0.04,-0.01,-0.02,-15.06,-28.59
-0.27,-0.51,0.88,0.03,0.11,-0.16,-15.02,-28.71
-0.27,-0.5,0.89,-0.02,-0.03,0.0,-14.66,-28.44
-0.27,-0.51,0.9,-0.01,-0.05,0.01,-14.68,-28.34
-0.26,-0.51,0.91,0.02,-0.05,-0.0,-14.2,-28.33
-0.27,-0.52,0.9,0.0,-0.04,-0.0,-14.55,-28.9
-0.26,-0.52,0.91,0.01,-0.05,-0.01,-14.15,-28.82
-0.27,-0.52,0.91,0.02,-0.07,-0.02,-14.48,-28.7
-0.25,-0.5,0.93,0.03,-0.07,-0.03,-13.42,-27.29
-0.25,-0.5,0.92,0.04,-0.05,-0.04,-13.47,-27.68
-0.24,-0.5,0.92,0.06,-0.07,-0.03,-13.17,-27.49
-0.25,-0.49,0.92,0.07,-0.08,-0.02,-13.26,-27.04
-0.24,-0.47,0.94,0.08,-0.1,-0.04,-12.59,-25.94
-0.23,-0.47,0.94,0.09,-0.1,-0.04,-12.38,-25.9
-0.23,-0.46,0.95,0.11,-0.1,-0.03,-12.31,-25.41
-0.24,-0.47,0.96,0.14,-0.11,-0.03,-12.44,-25.2
-0.23,-0.46,0.96,0.15,-0.12,-0.03,-12.33,-24.91
-0.23,-0.45,0.96,0.17,-0.09,-0.03,-12.39,-24.33
-0.22,-0.45,0.97,0.18,-0.09,-0.02,-11.83,-24.4
-0.22,-0.45,0.97,0.19,-0.1,-0.01,-11.8,-24.51
-0.22,-0.46,0.98,0.18,-0.1,-0.0,-11.35,-24.52
-0.23,-0.48,0.98,0.19,-0.12,0.01,-11.63,-25.26
-0.22,-0.48,0.99,0.18,-0.08,-0.01,-11.39,-25.18
-0.22,-0.48,1.0,0.23,0.07,-0.17,-11.11,-25.25
-0.21,-0.48,1.0,0.13,-0.06,-0.02,-10.8,-25.18
-0.2,-0.48,1.01,0.12,-0.01,-0.03,-10.39,-24.78
-0.2,-0.47,1.01,0.1,0.01,-0.03,-10.15,-24.72
-0.19,-0.47,1.01,0.1,0.04,-0.02,-9.82,-24.57
-0.19,-0.47,1.01,0.08,0.05,-0.01,-9.68,-24.46
-0.19,-0.47,1.02,0.07,0.1,-0.0,-9.53,-24.48
-0.19,-0.46,1.03,0.05,0.12,0.0,-9.58,-23.79
-0.19,-0.48,1.03,0.04,0.15,0.0,-9.69,-24.46
-0.2,-0.48,1.03,0.04,0.14,0.01,-10.13,-24.6
-0.2,-0.48,1.04,0.04,0.19,-0.01,-9.81,-24.61
-0.21,-0.49,1.04,0.03,0.21,-0.02,-10.39,-25.04
-0.21,-0.51,1.04,0.03,0.23,-0.03,-10.44,-25.48
-0.21,-0.51,1.04,0.02,0.24,-0.05,-10.22,-25.76
-0.22,-0.52,1.05,-0.0,0.25,-0.07,-10.48,-26.03
-0.21,-0.53,1.05,-0.04,0.3,-0.08,-10.35,-26.4
-0.22,-0.54,1.05,-0.04,0.31,-0.09,-10.3,-26.84
-0.23,-0.56,1.05,-0.07,0.33,-0.1,-10.76,-27.31
-0.23,-0.56,1.05,-0.09,0.35,-0.13,-10.89,-27.6
-0.24,-0.56,1.04,-0.15,0.41,-0.14,-11.35,-27.73
-0.24,-0.54,1.03,-0.2,0.44,-0.14,-11.74,-27.2
-0.24,-0.53,1.02,-0.23,0.47,-0.14,-11.84,-26.59
-0.24,-0.51,1.02,-0.28,0.5,-0.14,-11.93,-25.69
-0.24,-0.48,1.02,-0.33,0.55,-0.12,-12.24,-24.71
-0.24,-0.46,1.03,-0.34,0.57,-0.09,-12.03,-23.72
-0.24,-0.45,1.05,-0.33,0.59,-0.08,-11.92,-22.57
-0.24,-0.42,1.07,-0.32,0.6,-0.06,-12.04,-21.08
-0.25,-0.43,1.09,-0.3,0.62,-0.05,-12.06,-21.16
-0.25,-0.43,1.09,-0.28,0.66,-0.05,-12.15,-20.81
-0.25,-0.43,1.1,-0.22,0.67,-0.05,-11.92,-20.72
-0.25,-0.42,1.11,-0.19,0.7,-0.05,-11.85,-20.42
-0.25,-0.43,1.11,-0.16,0.76,-0.06,-11.64,-20.61
-0.24,-0.44,1.12,-0.11,0.79,-0.06,-11.42,-21.28
-0.25,-0.46,1.11,0.01,0.99,-0.22,-11.64,-22.06
-0.25,-0.48,1.1,-0.01,0.87,-0.12,-11.72,-22.94
-0.25,-0.49,1.08,0.02,0.93,-0.15,-11.75,-23.92
-0.24,-0.51,1.05,0.02,0.97,-0.17,-11.62,-25.39
-0.24,-0.52,1.03,0.03,1.01,-0.21,-11.66,-26.1
-0.23,-0.52,1.0,0.0,1.04,-0.23,-11.73,-27.01
-0.23,-0.53,0.97,-0.02,1.08,-0.25,-12.0,-28.07
-0.23,-0.53,0.95,-0.05,1.09,-0.25,-11.88,-28.42
-0.23,-0.51,0.93,-0.08,1.11,-0.26,-12.15,-28.16
-0.22,-0.51,0.91,-0.14,1.09,-0.25,-11.85,-28.59
-0.22,-0.49,0.92,-0.19,1.11,-0.25,-12.11,-27.45
-0.22,-0.48,0.92,-0.24,1.1,-0.23,-12.12,-26.86
-0.22,-0.48,0.94,-0.26,1.08,-0.21,-11.98,-26.32
-0.23,-0.46,0.94,-0.28,1.03,-0.19,-12.53,-25.54
-0.23,-0.46,0.95,-0.31,1.04,-0.19,-12.51,-24.95
-0.25,-0.45,0.96,-0.31,1.02,-0.19,-13.21,-24.17
-0.26,-0.44,0.98,-0.3,1.01,-0.18,-13.61,-23.2
-0.26,-0.43,1.0,-0.29,1.0,-0.18,-13.51,-22.78
-0.27,-0.42,1.02,-0.29,1.01,-0.18,-13.71,-21.75
-0.28,-0.41,1.02,-0.27,1.04,-0.17,-14.06,-21.01
-0.28,-0.4,1.03,-0.25,1.06,-0.16,-14.15,-20.4
-0.28,-0.39,1.04,-0.22,1.09,-0.15,-14.08,-19.9
-0.27,-0.39,1.04,-0.18,1.13,-0.14,-13.8,-19.82
-0.27,-0.39,1.04,-0.15,1.17,-0.11,-13.48,-19.68
-0.26,-0.39,1.05,-0.12,1.18,-0.1,-13.17,-19.79
-0.26,-0.4,1.05,-0.06,1.19,-0.07,-13.07,-20.29
-0.26,-0.41,1.05,-0.02,1.21,-0.07,-13.17,-20.85
-0.26,-0.44,1.06,0.03,1.25,-0.06,-12.94,-21.69
-0.26,-0.46,1.05,0.07,1.26,-0.07,-12.99,-22.78
-0.26,-0.47,1.05,0.1,1.28,-0.09,-12.8,-23.6
-0.26,-0.47,1.02,0.12,1.3,-0.12,-12.74,-24.17
-0.25,-0.49,1.01,0.13,1.33,-0.14,-12.67,-25.19
-0.25,-0.49,0.99,0.12,1.34,-0.16,-12.81,-25.8
-0.25,-0.49,0.96,0.12,1.32,-0.17,-13.27,-26.39
-0.25,-0.49,0.95,0.09,1.33,-0.18,-13.03,-26.67
-0.26,-0.49,0.93,0.04,1.32,-0.18,-13.62,-26.8
-0.25,-0.48,0.92,-0.03,1.31,-0.19,-13.63,-26.49
-0.25,-0.46,0.93,-0.06,1.29,-0.2,-13.55,-25.58
-0.25,-0.45,0.95,-0.1,1.25,-0.19,-13.13,-24.8
-0.25,-0.45,0.99,-0.15,1.24,-0.18,-12.78,-23.63
-0.25,-0.44,1.02,-0.19,1.24,-0.17,-12.7,-22.82
-0.25,-0.45,1.06,-0.2,1.23,-0.13,-12.45,-22.26
-0.26,-0.46,1.1,-0.2,1.24,-0.1,-12.47,-22.29
-0.27,-0.46,1.12,-0.22,1.29,-0.1,-12.41,-21.84
-0.28,-0.47,1.14,-0.2,1.35,-0.07,-12.68,-21.77
-0.28,-0.47,1.14,-0.21,1.42,-0.05,-12.84,-21.94
-0.28,-0.47,1.13,-0.2,1.46,-0.03,-12.96,-21.83
-0.28,-0.47,1.13,-0.18,1.52,-0.01,-13.08,-22.16
-0.29,-0.48,1.13,-0.21,1.6,-0.0,-13.27,-22.28
-0.28,-0.48,1.13,-0.18,1.62,0.03,-13.09,-22.24
-0.29,-0.47,1.13,-0.16,1.66,0.03,-13.19,-22.22
-0.28,-0.47,1.11,-0.15,1.69,0.02,-13.24,-22.12
-0.29,-0.47,1.1,-0.14,1.73,0.03,-13.45,-22.3
-0.28,-0.46,1.11,-0.07,1.72,0.03,-13.0,-22.12
-0.26,-0.47,1.1,-0.03,1.71,0.04,-12.38,-22.52
-0.28,-0.48,1.1,-0.01,1.73,0.04,-12.95,-23.05
-0.28,-0.49,1.1,0.07,1.71,0.04,-12.95,-23.26
-0.28,-0.5,1.09,0.09,1.69,0.04,-13.27,-23.73
-0.28,-0.49,1.08,0.21,1.86,-0.11,-13.33,-23.82
-0.28,-0.5,1.05,0.18,1.66,0.03,-13.51,-24.68
-0.27,-0.5,1.04,0.17,1.69,0.04,-13.15,-24.92
-0.27,-0.5,1.02,0.15,1.71,0.08,-13.38,-25.21
-0.26,-0.51,0.99,0.16,1.71,0.1,-13.25,-26.47
-0.26,-0.51,0.97,0.13,1.71,0.15,-13.55,-26.86
-0.26,-0.5,0.98,0.08,1.74,0.18,-13.18,-26.27
-0.25,-0.51,0.99,0.07,1.74,0.23,-12.87,-26.65
-0.26,-0.52,0.98,0.11,2.01,0.11,-13.38,-27.06
-0.27,-0.53,0.96,0.04,1.82,0.29,-13.8,-27.72
-0.27,-0.52,0.96,0.0,1.89,0.31,-13.74,-27.62
-0.26,-0.52,0.96,0.0,1.91,0.32,-13.69,-27.58
-0.28,-0.52,0.96,0.03,1.93,0.33,-14.34,-27.77
-0.29,-0.54,0.96,0.04,1.93,0.32,-14.59,-28.3
-0.29,-0.54,0.96,0.04,1.98,0.29,-14.81,-28.29
-0.29,-0.54,0.95,0.07,1.96,0.27,-15.02,-28.53
-0.3,-0.53,0.94,0.11,1.97,0.23,-15.29,-28.12
-0.28,-0.51,0.93,0.15,1.95,0.21,-15.02,-27.76
-0.28,-0.5,0.92,0.2,1.93,0.15,-14.89,-27.65
-0.27,-0.51,0.91,0.22,1.9,0.13,-14.61,-28.07
-0.27,-0.51,0.89,0.27,1.83,0.12,-14.78,-28.46
-0.27,-0.51,0.89,0.29,1.77,0.1,-14.69,-28.62
-0.27,-0.51,0.87,0.31,1.78,0.07,-14.79,-28.98
-0.27,-0.52,0.87,0.31,1.76,0.06,-14.87,-29.61
-0.27,-0.52,0.86,0.34,1.73,0.05,-14.9,-30.09
-0.27,-0.53,0.86,0.35,1.69,0.03,-14.89,-30.58
-0.27,-0.54,0.84,0.34,1.7,0.01,-15.37,-31.15
-0.27,-0.53,0.83,0.33,1.67,-0.0,-15.03,-31.37
-0.26,-0.52,0.81,0.32,1.67,-0.0,-15.15,-31.37
-0.25,-0.5,0.79,0.29,1.65,-0.01,-14.93,-31.22
-0.24,-0.5,0.78,0.26,1.65,-0.0,-14.8,-31.13
-0.25,-0.5,0.78,0.21,1.63,0.02,-14.93,-31.14
-0.25,-0.5,0.79,0.17,1.61,0.02,-14.88,-31.06
-0.26,-0.51,0.8,0.16,1.56,0.02,-15.14,-31.22
-0.25,-0.52,0.82,0.15,1.54,-0.01,-14.74,-31.28
-0.26,-0.52,0.83,0.13,1.55,-0.01,-14.98,-31.15
-0.25,-0.52,0.82,0.14,1.53,-0.01,-14.65,-31.12
-0.25,-0.51,0.82,0.12,1.53,-0.02,-14.7,-30.82
-0.25,-0.51,0.82,0.14,1.47,-0.02,-14.76,-30.71
-0.25,-0.5,0.82,0.1,1.48,-0.0,-14.74,-30.43
-0.25,-0.49,0.81,0.11,1.45,0.01,-14.89,-30.19
-0.26,-0.49,0.81,0.1,1.44,0.02,-15.05,-29.76
-0.26,-0.49,0.81,0.1,1.44,0.03,-15.34,-29.8
-0.26,-0.48,0.8,0.07,1.46,0.05,-15.74,-29.76
-0.26,-0.49,0.8,0.05,1.44,0.08,-15.52,-30.21
-0.26,-0.49,0.8,0.05,1.42,0.09,-15.46,-30.46
-0.27,-0.49,0.81,0.04,1.43,0.08,-15.66,-29.95
-0.27,-0.5,0.81,0.05,1.43,0.08,-15.69,-30.63
-0.27,-0.5,0.79,0.02,1.44,0.08,-16.04,-30.9
-0.25,-0.49,0.81,0.04,1.4,0.06,-14.87,-30.09
-0.26,-0.5,0.81,0.05,1.38,0.06,-14.98,-30.56
-0.25,-0.5,0.83,0.03,1.39,0.05,-14.74,-30.12
-0.27,-0.51,0.82,0.04,1.37,0.05,-15.27,-30.64
-0.26,-0.5,0.82,0.05,1.36,0.03,-15.35,-30.21
-0.26,-0.49,0.82,0.06,1.36,0.01,-15.13,-29.95
-0.24,-0.48,0.82,0.05,1.36,0.01,-14.45,-29.25
-0.24,-0.47,0.81,0.04,1.35,0.01,-14.32,-29.01
-0.23,-0.45,0.8,0.02,1.34,0.01,-14.32,-28.44
-0.24,-0.45,0.81,0.02,1.3,0.04,-14.57,-28.15
-0.24,-0.44,0.81,0.01,1.32,0.05,-14.8,-27.6
-0.24,-0.45,0.81,0.01,1.3,0.07,-14.76,-27.62
-0.24,-0.44,0.81,0.03,1.35,0.04,-14.74,-27.59
-0.24,-0.44,0.82,0.03,1.24,0.08,-14.78,-27.16
-0.25,-0.43,0.82,0.02,1.26,0.07,-15.09,-26.57
-0.25,-0.43,0.83,0.03,1.23,0.07,-15.11,-26.31
-0.25,-0.43,0.85,0.07,1.21,0.09,-14.86,-25.84
-0.25,-0.43,0.85,0.1,1.22,0.11,-14.74,-25.77
-0.25,-0.42,0.85,0.13,1.2,0.13,-15.04,-25.57
-0.25,-0.42,0.85,0.16,1.21,0.14,-14.87,-25.46
-0.25,-0.44,0.85,0.28,1.37,-0.02,-14.47,-26.26
-0.24,-0.45,0.86,0.26,1.15,0.13,-14.11,-26.97
-0.24,-0.47,0.83,0.3,1.16,0.1,-13.92,-28.34
-0.22,-0.46,0.81,0.3,1.18,0.1,-13.34,-28.87
-0.2,-0.45,0.78,0.32,1.15,0.09,-12.24,-29.3
-0.18,-0.43,0.77,0.3,1.12,0.11,-11.54,-28.64
-0.16,-0.42,0.75,0.27,1.13,0.1,-10.51,-28.6
-0.15,-0.41,0.74,0.21,1.11,0.1,-9.73,-28.23
-0.13,-0.39,0.74,0.17,1.09,0.13,-9.13,-27.74
-0.14,-0.39,0.73,0.13,1.04,0.14,-9.45,-27.95
-0.14,-0.39,0.74,0.09,1.05,0.15,-9.39,-27.43
-0.14,-0.39,0.75,0.05,1.01,0.17,-9.36,-27.23
-0.15,-0.39,0.75,0.04,0.95,0.17,-9.84,-27.24
-0.16,-0.4,0.77,0.03,0.89,0.18,-10.41,-26.99
-0.18,-0.42,0.79,0.0,0.87,0.15,-11.32,-27.09
-0.19,-0.44,0.81,0.0,0.84,0.14,-11.88,-27.72
-0.22,-0.47,0.85,0.03,0.82,0.12,-12.57,-28.3
-0.23,-0.48,0.86,0.03,0.82,0.1,-12.92,-28.43
-0.23,-0.47,0.87,0.04,0.86,0.08,-12.92,-27.77
-0.22,-0.48,0.87,0.01,0.9,0.07,-12.41,-28.0
-0.21,-0.48,0.88,0.02,0.9,0.08,-11.83,-27.71
-0.2,-0.46,0.88,0.02,0.93,0.08,-11.45,-27.14
-0.19,-0.45,0.87,0.02,0.93,0.11,-11.06,-26.7
-0.18,-0.44,0.87,0.03,0.95,0.11,-10.59,-26.31
-0.17,-0.43,0.86,0.01,0.97,0.14,-10.1,-25.86
-0.18,-0.43,0.86,0.01,0.97,0.16,-10.47,-26.19
-0.17,-0.42,0.85,0.01,0.99,0.16,-9.97,-26.11
-0.16,-0.41,0.84,-0.01,1.0,0.18,-9.94,-25.92
-0.17,-0.41,0.83,-0.01,0.97,0.18,-10.05,-25.87
-0.17,-0.41,0.83,-0.01,1.0,0.18,-10.47,-25.88
-0.17,-0.42,0.85,0.0,1.0,0.18,-10.34,-25.75
-0.16,-0.41,0.84,-0.0,1.02,0.18,-9.76,-25.62
-0.17,-0.42,0.85,0.02,1.01,0.19,-9.91,-26.09
-0.17,-0.45,0.84,0.06,1.02,0.17,-9.96,-27.77
-0.18,-0.47,0.83,0.08,0.99,0.16,-10.93,-28.67
-0.18,-0.47,0.83,0.04,1.02,0.13,-10.44,-29.24
-0.16,-0.46,0.82,0.03,1.01,0.12,-9.5,-28.86
-0.13,-0.44,0.82,0.0,1.01,0.1,-8.21,-27.59
-0.12,-0.42,0.83,-0.05,1.0,0.1,-7.6,-26.62
-0.12,-0.41,0.83,-0.1,0.97,0.1,-7.65,-25.85
-0.14,-0.41,0.85,-0.17,0.96,0.12,-8.76,-25.28
-0.16,-0.41,0.88,-0.21,0.95,0.13,-9.33,-24.53
-0.17,-0.41,0.89,-0.21,0.93,0.15,-9.65,-24.19
-0.18,-0.42,0.91,-0.24,0.92,0.15,-10.03,-24.32
-0.2,-0.42,0.93,-0.24,0.91,0.16,-10.97,-23.67
-0.21,-0.43,0.94,-0.23,0.88,0.15,-11.39,-23.88
-0.23,-0.44,0.95,-0.16,0.85,0.12,-12.31,-23.98
-0.23,-0.43,0.95,-0.14,0.84,0.11,-12.59,-23.74
-0.24,-0.43,0.96,-0.1,0.83,0.09,-12.71,-23.28
-0.23,-0.43,0.96,-0.06,0.84,0.08,-12.4,-23.31
-0.23,-0.42,0.96,0.01,0.82,0.06,-12.55,-23.19
-0.23,-0.41,0.95,0.06,0.84,0.05,-12.31,-22.8
-0.21,-0.4,0.93,0.07,0.84,0.05,-11.86,-22.56
-0.2,-0.39,0.92,0.1,0.83,0.05,-11.27,-22.19
-0.19,-0.39,0.91,0.13,0.81,0.06,-11.04,-22.62
-0.18,-0.38,0.91,0.15,0.81,0.06,-10.6,-22.5
-0.18,-0.39,0.9,0.13,0.84,0.08,-10.56,-23.03
-0.18,-0.39,0.89,0.14,0.83,0.09,-10.48,-23.1
-0.19,-0.4,0.9,0.12,0.82,0.09,-10.69,-23.62
-0.19,-0.41,0.9,0.15,0.82,0.08,-10.96,-24.11
-0.2,-0.42,0.9,0.13,0.84,0.07,-11.4,-24.27
-0.2,-0.41,0.91,0.13,0.85,0.07,-11.16,-24.0
-0.2,-0.4,0.9,0.15,0.84,0.07,-11.23,-23.27
-0.19,-0.39,0.92,0.17,0.83,0.07,-10.65,-22.52
-0.19,-0.38,0.92,0.16,0.85,0.07,-11.11,-22.16
-0.2,-0.39,0.93,0.17,0.83,0.09,-11.38,-22.58
-0.2,-0.4,0.93,0.2,0.79,0.1,-10.99,-22.54
-0.2,-0.39,0.93,0.21,0.79,0.1,-11.09,-22.25
-0.2,-0.39,0.93,0.23,0.78,0.09,-10.98,-22.14
-0.2,-0.4,0.92,0.21,0.77,0.09,-11.0,-22.79
-0.21,-0.41,0.93,0.24,0.76,0.1,-11.42,-23.45
-0.2,-0.42,0.92,0.23,0.76,0.12,-11.4,-23.74
-0.2,-0.42,0.93,0.22,0.81,0.1,-11.13,-23.76
-0.19,-0.4,0.92,0.21,0.82,0.12,-10.46,-23.15
-0.18,-0.4,0.92,0.2,0.83,0.13,-10.11,-23.08
-0.17,-0.39,0.91,0.18,0.84,0.15,-9.92,-22.87
-0.17,-0.4,0.91,0.14,0.88,0.16,-9.6,-23.23
-0.17,-0.41,0.91,0.12,0.88,0.18,-9.84,-23.83
-0.17,-0.42,0.91,0.11,0.89,0.17,-9.72,-24.38
-0.18,-0.43,0.9,0.11,0.87,0.18,-10.09,-24.99
-0.18,-0.43,0.9,0.08,0.9,0.15,-10.22,-25.26
-0.18,-0.45,0.91,0.07,0.91,0.14,-10.25,-25.64
-0.19,-0.44,0.92,0.07,0.94,0.1,-10.83,-24.98
-0.2,-0.43,0.92,0.06,0.94,0.1,-11.09,-24.33
-0.2,-0.42,0.92,0.06,0.98,0.07,-11.02,-24.05
-0.19,-0.41,0.94,0.05,0.99,0.08,-10.38,-23.36
-0.19,-0.4,0.94,0.07,0.98,0.1,-10.48,-22.77
-0.19,-0.39,0.94,0.09,0.99,0.11,-10.47,-22.09
-0.18,-0.38,0.95,0.1,1.0,0.13,-10.11,-21.59
-0.17,-0.38,0.94,0.1,0.99,0.12,-9.42,-21.56
-0.18,-0.4,0.94,0.1,0.97,0.13,-9.78,-22.64
-0.17,-0.41,0.94,0.12,0.93,0.12,-9.66,-23.53
-0.19,-0.44,0.94,0.11,0.93,0.11,-10.53,-24.58
-0.21,-0.45,0.94,0.1,0.95,0.09,-11.21,-25.19
-0.22,-0.46,0.94,0.11,0.96,0.09,-11.72,-25.38
-0.22,-0.45,0.94,0.08,0.98,0.08,-11.67,-24.89
-0.21,-0.44,0.95,0.09,0.99,0.06,-11.49,-24.29
-0.21,-0.42,0.95,0.08,1.03,0.06,-11.45,-23.4
-0.22,-0.41,0.95,0.06,1.07,0.07,-11.88,-23.02
-0.22,-0.4,0.95,0.06,1.08,0.09,-12.31,-22.22
-0.22,-0.39,0.97,0.05,1.1,0.1,-11.7,-21.3
-0.2,-0.38,0.97,0.04,1.12,0.13,-11.09,-21.02
-0.21,-0.38,0.95,0.06,1.1,0.16,-11.41,-21.34
-0.22,-0.39,0.95,0.06,1.12,0.15,-12.3,-21.6
-0.23,-0.39,0.94,0.08,1.12,0.15,-12.59,-21.98
-0.23,-0.39,0.95,0.09,1.14,0.14,-12.66,-22.0
-0.23,-0.41,0.94,0.12,1.15,0.15,-12.47,-22.71
-0.22,-0.41,0.94,0.13,1.17,0.16,-12.26,-23.21
-0.23,-0.41,0.92,0.18,1.17,0.13,-12.74,-23.46
-0.23,-0.4,0.91,0.19,1.2,0.12,-13.0,-22.94
-0.22,-0.38,0.92,0.22,1.21,0.12,-12.78,-21.75
-0.21,-0.36,0.93,0.26,1.22,0.12,-11.86,-20.69
-0.2,-0.35,0.92,0.3,1.21,0.14,-11.24,-20.19
-0.18,-0.33,0.92,0.32,1.2,0.15,-10.61,-19.62
-0.17,-0.33,0.9,0.32,1.19,0.18,-10.06,-19.61
-0.17,-0.33,0.88,0.36,1.16,0.19,-10.0,-20.31
-0.15,-0.34,0.86,0.37,1.14,0.19,-9.26,-21.11
-0.14,-0.34,0.85,0.35,1.15,0.19,-8.56,-21.88
-0.12,-0.34,0.85,0.34,1.12,0.2,-7.28,-21.77
-0.11,-0.35,0.83,0.31,1.12,0.19,-6.89,-22.61
-0.12,-0.35,0.83,0.28,1.1,0.19,-7.39,-22.84
-0.12,-0.36,0.83,0.23,1.14,0.18,-7.75,-23.45
-0.12,-0.35,0.84,0.2,1.14,0.18,-7.44,-22.47
-0.11,-0.34,0.84,0.18,1.12,0.18,-6.66,-21.72
-0.11,-0.33,0.85,0.15,1.09,0.2,-6.87,-21.05
-0.13,-0.34,0.85,0.12,1.11,0.2,-7.99,-21.74
-0.13,-0.34,0.85,0.1,1.12,0.22,-8.08,-21.87
-0.14,-0.35,0.87,0.1,1.12,0.22,-8.76,-21.84
-0.15,-0.36,0.86,0.07,1.12,0.22,-8.98,-22.42
-0.16,-0.37,0.85,0.09,1.09,0.21,-9.62,-23.05
-0.17,-0.38,0.86,0.07,1.12,0.19,-10.18,-23.5
-0.17,-0.38,0.87,0.09,1.11,0.18,-10.26,-23.46
-0.16,-0.38,0.88,0.14,1.07,0.17,-9.53,-23.12
-0.18,-0.38,0.87,0.18,1.07,0.15,-10.49,-23.19
-0.17,-0.38,0.88,0.16,1.09,0.15,-10.23,-22.97
-0.17,-0.38,0.89,0.19,1.08,0.15,-10.22,-22.87
-0.17,-0.37,0.89,0.27,1.22,0.03,-9.74,-21.97
-0.15,-0.35,0.88,0.22,1.06,0.16,-9.18,-21.18
-0.14,-0.34,0.87,0.22,1.05,0.16,-8.49,-21.2
-0.16,-0.35,0.87,0.19,1.08,0.18,-9.69,-21.59
-0.16,-0.37,0.86,0.2,1.08,0.19,-9.98,-22.66
-0.17,-0.38,0.87,0.23,1.12,0.17,-10.18,-23.36
-0.16,-0.37,0.86,0.24,1.14,0.17,-9.96,-23.18
-0.16,-0.36,0.85,0.27,1.14,0.16,-9.65,-22.78
-0.14,-0.35,0.86,0.28,1.11,0.14,-8.35,-21.93
-0.14,-0.34,0.86,0.29,1.09,0.14,-8.38,-21.4
-0.14,-0.34,0.85,0.27,1.1,0.12,-8.48,-21.64
-0.13,-0.34,0.86,0.28,1.07,0.12,-8.07,-21.51
-0.12,-0.33,0.85,0.27,1.09,0.12,-7.27,-21.34
-0.11,-0.33,0.84,0.28,1.07,0.13,-7.17,-20.99
-0.11,-0.32,0.85,0.25,1.09,0.14,-6.87,-20.3
-0.1,-0.3,0.85,0.24,1.09,0.16,-6.45,-19.41
-0.09,-0.3,0.85,0.23,1.06,0.18,-5.89,-19.3
-0.09,-0.29,0.84,0.2,1.05,0.21,-5.82,-18.73
-0.09,-0.28,0.84,0.17,1.08,0.22,-6.06,-18.18
-0.09,-0.27,0.84,0.16,1.05,0.23,-5.91,-17.87
-0.09,-0.28,0.84,0.16,1.01,0.24,-5.67,-18.16
-0.08,-0.28,0.83,0.13,1.0,0.25,-5.4,-18.51
-0.1,-0.31,0.83,0.12,0.98,0.24,-6.29,-20.28
-0.11,-0.33,0.82,0.11,0.98,0.22,-7.08,-21.67
-0.11,-0.33,0.81,0.1,0.98,0.19,-7.46,-21.67
-0.12,-0.32,0.82,0.09,0.97,0.2,-7.71,-21.35
-0.12,-0.32,0.83,0.09,1.0,0.18,-7.4,-21.05
-0.12,-0.32,0.84,0.09,0.98,0.18,-7.75,-20.73
-0.12,-0.32,0.84,0.11,0.98,0.16,-7.75,-20.36
-0.13,-0.31,0.84,0.12,0.94,0.15,-7.97,-19.98
-0.13,-0.31,0.86,0.12,0.94,0.14,-8.12,-19.74
-0.13,-0.3,0.87,0.13,0.93,0.16,-7.82,-18.94
-0.13,-0.31,0.87,0.14,0.9,0.17,-8.25,-19.24
-0.14,-0.31,0.87,0.14,0.9,0.19,-8.35,-19.46
-0.14,-0.32,0.86,0.15,0.93,0.19,-8.81,-19.91
-0.13,-0.32,0.87,0.13,0.95,0.21,-8.23,-20.03
-0.12,-0.33,0.87,0.13,0.94,0.24,-7.18,-20.27
-0.11,-0.32,0.87,0.12,0.95,0.24,-6.85,-20.26
-0.12,-0.32,0.85,0.1,0.97,0.25,-7.38,-20.38
-0.11,-0.32,0.86,0.05,1.01,0.26,-7.07,-20.41
-0.11,-0.34,0.88,0.04,0.99,0.29,-6.77,-20.8
-0.12,-0.34,0.87,0.05,0.99,0.27,-7.15,-21.07
-0.11,-0.34,0.86,0.04,0.99,0.28,-6.93,-21.29
-0.12,-0.34,0.86,0.06,1.0,0.26,-7.48,-21.6
-0.12,-0.35,0.87,0.07,0.99,0.26,-7.6,-21.56
-0.12,-0.34,0.87,0.1,0.99,0.23,-7.3,-21.36
-0.11,-0.33,0.87,0.1,0.98,0.23,-6.79,-20.66
-0.1,-0.32,0.87,0.08,0.99,0.22,-6.35,-20.02
-0.09,-0.32,0.87,0.08,0.94,0.23,-5.71,-20.3
-0.09,-0.32,0.85,0.09,0.95,0.19,-5.87,-20.46
-0.1,-0.33,0.85,0.08,0.94,0.19,-6.22,-20.94
-0.1,-0.32,0.85,0.04,0.96,0.18,-6.45,-20.37
-0.1,-0.33,0.85,0.04,0.94,0.17,-6.33,-21.21
-0.1,-0.33,0.85,0.02,0.96,0.17,-6.33,-21.13
-0.11,-0.31,0.85,0.01,0.97,0.16,-7.11,-20.08
-0.12,-0.32,0.86,-0.01,0.99,0.16,-7.38,-20.12
-0.12,-0.31,0.88,-0.03,0.99,0.18,-7.09,-19.13
-0.12,-0.3,0.87,-0.04,0.98,0.18,-7.32,-18.54
-0.13,-0.29,0.87,-0.05,0.99,0.19,-8.26,-18.17
-0.15,-0.29,0.87,-0.06,1.01,0.19,-8.99,-18.31
-0.15,-0.28,0.88,-0.05,1.02,0.22,-9.42,-17.71
-0.16,-0.28,0.87,-0.05,1.04,0.24,-9.9,-17.56
-0.16,-0.28,0.86,-0.03,1.05,0.25,-10.23,-17.96
-0.18,-0.3,0.84,0.01,1.06,0.26,-11.24,-19.02
-0.18,-0.32,0.83,0.04,1.04,0.25,-11.29,-20.39
-0.17,-0.33,0.81,0.1,1.01,0.2,-11.16,-21.93
-0.18,-0.34,0.79,0.17,0.97,0.13,-11.77,-22.8
-0.19,-0.35,0.78,0.22,0.94,0.04,-12.28,-23.81
-0.19,-0.35,0.77,0.28,0.93,-0.05,-12.44,-24.14
-0.17,-0.34,0.75,0.35,0.91,-0.13,-11.39,-23.79
-0.14,-0.32,0.79,0.41,0.88,-0.2,-9.36,-22.09
-0.11,-0.3,0.81,0.44,0.88,-0.26,-7.57,-20.06
-0.09,-0.27,0.82,0.45,0.88,-0.28,-6.2,-17.96
-0.07,-0.24,0.82,0.43,0.87,-0.28,-4.74,-16.04
-0.04,-0.2,0.83,0.41,0.88,-0.26,-2.81,-13.51
-0.03,-0.17,0.86,0.39,0.91,-0.22,-1.71,-10.98
-0.0,-0.15,0.86,0.33,0.94,-0.16,-0.0,-9.95
0.02,-0.15,0.88,0.3,0.92,-0.09,1.27,-9.78
0.04,-0.15,0.89,0.29,0.89,-0.01,2.4,-9.69
0.04,-0.15,0.88,0.28,0.87,0.04,2.73,-9.94
0.05,-0.17,0.86,0.25,0.85,0.08,3.52,-10.92
0.05,-0.19,0.85,0.24,0.82,0.1,3.57,-12.94
0.06,-0.21,0.84,0.24,0.79,0.09,4.15,-14.34
0.08,-0.23,0.83,0.25,0.72,0.06,5.04,-15.19
0.09,-0.23,0.82,0.26,0.7,0.02,5.75,-15.43
0.09,-0.22,0.82,0.25,0.65,-0.02,6.06,-14.98
0.1,-0.22,0.82,0.26,0.58,-0.05,6.43,-14.94
0.1,-0.22,0.83,0.25,0.55,-0.1,6.72,-14.69
0.1,-0.21,0.83,0.21,0.53,-0.12,6.8,-14.18
0.11,-0.21,0.82,0.18,0.51,-0.14,7.23,-13.91
0.1,-0.2,0.83,0.15,0.5,-0.14,6.99,-13.28
0.12,-0.18,0.83,0.12,0.52,-0.14,7.84,-11.88
0.12,-0.17,0.85,0.06,0.53,-0.12,7.95,-11.01
0.13,-0.15,0.86,-0.0,0.52,-0.1,8.26,-9.95
0.12,-0.14,0.87,-0.04,0.49,-0.08,7.83,-9.14
0.11,-0.14,0.86,-0.09,0.47,-0.06,7.16,-8.97
0.09,-0.14,0.88,-0.14,0.48,-0.04,5.76,-8.69
0.08,-0.12,0.89,-0.18,0.46,-0.02,5.32,-7.82
0.06,-0.11,0.9,-0.16,0.41,0.02,3.81,-7.2
0.05,-0.11,0.9,-0.17,0.36,0.05,3.1,-7.03
0.04,-0.13,0.9,-0.17,0.34,0.06,2.21,-7.9
0.01,-0.12,0.9,-0.14,0.26,0.09,0.9,-7.61
0.01,-0.14,0.89,-0.14,0.25,0.1,0.64,-8.87
-0.0,-0.14,0.89,-0.09,0.18,0.12,-0.17,-9.01
-0.02,-0.15,0.88,-0.07,0.16,0.1,-1.14,-9.73
-0.01,-0.16,0.87,-0.04,0.13,0.11,-0.77,-10.64
-0.03,-0.19,0.86,0.01,0.07,0.11,-1.9,-12.25
-0.03,-0.2,0.84,0.04,0.03,0.1,-1.66,-13.22
-0.03,-0.2,0.83,0.05,0.04,0.06,-2.31,-13.73
-0.03,-0.2,0.83,0.04,0.02,0.02,-1.84,-13.77
-0.03,-0.2,0.84,0.07,-0.01,-0.02,-1.87,-13.41
-0.03,-0.21,0.85,0.04,-0.03,-0.03,-2.02,-13.8
-0.03,-0.21,0.87,0.02,-0.04,-0.04,-2.23,-13.48
-0.04,-0.2,0.87,-0.03,-0.03,-0.04,-2.54,-12.65
-0.04,-0.2,0.89,-0.06,-0.04,-0.01,-2.68,-12.87
-0.06,-0.21,0.89,-0.08,-0.05,0.01,-3.46,-13.3
-0.08,-0.22,0.9,-0.11,-0.04,0.02,-4.73,-13.93
-0.1,-0.24,0.9,-0.15,-0.03,0.04,-5.95,-14.66
-0.11,-0.25,0.91,-0.14,-0.03,0.06,-6.49,-15.48
-0.11,-0.26,0.91,-0.14,-0.06,0.07,-6.75,-15.94
-0.12,-0.27,0.89,-0.14,-0.06,0.07,-7.27,-16.73
-0.13,-0.28,0.89,-0.14,-0.05,0.07,-7.84,-17.4
-0.14,-0.29,0.9,-0.12,-0.05,0.07,-8.61,-17.76
-0.14,-0.28,0.9,-0.09,-0.05,0.08,-8.51,-17.23
-0.14,-0.29,0.91,-0.05,-0.04,0.07,-8.3,-17.39
-0.14,-0.3,0.91,-0.04,-0.04,0.06,-8.12,-17.85
-0.13,-0.3,0.9,-0.01,-0.04,0.07,-7.85,-18.39
-0.13,-0.3,0.89,0.03,-0.04,0.05,-7.7,-18.42
-0.11,-0.3,0.89,0.04,-0.03,0.04,-6.78,-18.57
-0.09,-0.29,0.89,0.05,-0.0,0.03,-5.55,-17.84
-0.07,-0.28,0.89,0.06,-0.01,0.04,-4.52,-17.27
-0.06,-0.27,0.88,0.04,-0.0,0.03,-3.75,-17.04
-0.05,-0.27,0.87,0.03,0.01,0.03,-2.88,-17.13
-0.04,-0.27,0.88,0.01,0.02,0.01,-2.47,-17.12
-0.03,-0.27,0.88,-0.02,0.01,0.0,-1.68,-17.06
-0.02,-0.27,0.88,-0.01,-0.01,-0.01,-1.07,-16.95
-0.02,-0.26,0.87,-0.05,-0.02,-0.03,-1.52,-16.69
-0.02,-0.25,0.88,-0.07,0.01,-0.04,-1.3,-15.92
-0.02,-0.24,0.9,-0.12,0.01,-0.04,-1.5,-15.0
-0.03,-0.23,0.91,-0.12,-0.01,-0.03,-1.62,-14.31
-0.05,-0.25,0.92,-0.14,-0.02,-0.03,-3.27,-15.11
-0.06,-0.26,0.92,-0.14,-0.03,-0.02,-3.31,-15.6
-0.07,-0.26,0.93,-0.15,-0.06,-0.01,-4.29,-15.78
-0.08,-0.27,0.92,-0.13,-0.06,-0.01,-4.83,-16.43
-0.09,-0.28,0.92,-0.11,-0.08,-0.01,-5.26,-17.1
-0.1,-0.29,0.91,-0.1,-0.06,-0.02,-6.05,-17.6
-0.11,-0.29,0.91,-0.09,-0.04,-0.01,-6.3,-17.78
-0.1,-0.29,0.92,-0.06,-0.06,0.01,-6.19,-17.32
-0.1,-0.29,0.92,-0.02,-0.06,0.0,-6.05,-17.22
-0.1,-0.28,0.9,-0.0,-0.04,0.01,-6.03,-16.99
-0.08,-0.28,0.9,0.01,-0.04,0.01,-5.07,-17.44
-0.07,-0.27,0.9,0.01,-0.03,0.01,-4.13,-16.99
-0.06,-0.27,0.89,0.01,-0.02,0.0,-3.9,-17.08
-0.06,-0.27,0.9,0.01,-0.03,-0.01,-3.88,-16.72
-0.06,-0.26,0.9,-0.01,-0.02,-0.01,-3.52,-16.16
-0.06,-0.25,0.9,-0.02,-0.04,-0.02,-3.41,-15.46
-0.05,-0.24,0.9,-0.04,-0.06,-0.02,-2.92,-14.81
-0.06,-0.25,0.9,-0.06,-0.06,-0.02,-3.4,-15.26
-0.06,-0.25,0.91,-0.11,-0.03,-0.03,-3.57,-15.37
-0.07,-0.27,0.92,-0.12,-0.04,-0.0,-4.26,-16.23
-0.08,-0.27,0.93,-0.13,-0.04,0.01,-4.66,-16.04
-0.09,-0.26,0.92,-0.13,-0.04,0.01,-5.63,-15.93
-0.1,-0.28,0.93,-0.14,-0.04,0.02,-5.93,-16.43
-0.1,-0.29,0.93,-0.15,-0.03,0.03,-6.1,-17.35
-0.11,-0.29,0.93,-0.1,-0.05,0.02,-6.58,-17.41
-0.11,-0.3,0.92,-0.08,-0.05,0.02,-6.44,-17.72
-0.11,-0.3,0.92,-0.1,-0.02,0.0,-6.41,-18.01
-0.11,-0.29,0.92,-0.07,-0.02,0.01,-6.25,-17.61
-0.1,-0.28,0.92,-0.04,-0.02,0.01,-5.97,-16.61
-0.09,-0.27,0.92,-0.04,-0.02,0.0,-5.58,-16.0
-0.09,-0.26,0.92,-0.05,0.01,0.01,-5.31,-15.71
-0.08,-0.25,0.92,-0.03,-0.01,0.02,-4.99,-15.12
-0.07,-0.24,0.92,-0.01,-0.01,-0.0,-4.47,-14.88
-0.07,-0.24,0.91,-0.0,-0.04,0.01,-4.24,-14.72
-0.06,-0.22,0.9,-0.03,-0.01,-0.01,-3.68,-13.74
-0.06,-0.22,0.91,-0.04,-0.03,-0.0,-3.65,-13.34
-0.06,-0.22,0.91,-0.04,-0.03,-0.0,-3.65,-13.49
-0.07,-0.23,0.91,-0.1,-0.1,0.06,-4.01,-13.86
-0.07,-0.23,0.91,-0.07,-0.02,0.02,-3.98,-14.16
-0.06,-0.23,0.91,-0.09,0.0,0.03,-3.69,-14.45
-0.06,-0.24,0.91,-0.06,-0.0,0.03,-3.47,-14.56
-0.06,-0.24,0.91,-0.09,-0.01,0.04,-3.91,-14.53
-0.06,-0.24,0.91,-0.1,-0.0,0.04,-3.78,-14.73
-0.06,-0.24,0.91,-0.1,-0.0,0.03,-3.88,-14.75
-0.06,-0.24,0.9,-0.09,0.01,-0.0,-3.86,-14.9
-0.07,-0.24,0.9,-0.1,-0.01,0.0,-4.33,-14.88
-0.07,-0.23,0.91,-0.11,0.02,-0.01,-4.43,-14.41
-0.07,-0.22,0.92,-0.11,0.02,0.01,-4.13,-13.58
-0.07,-0.23,0.93,-0.09,0.0,0.01,-3.9,-13.84
-0.07,-0.23,0.93,-0.1,-0.03,0.02,-4.31,-13.97
-0.08,-0.24,0.93,-0.1,-0.02,0.0,-4.94,-14.59
-0.09,-0.24,0.92,-0.08,-0.02,-0.01,-5.16,-14.43
-0.1,-0.25,0.93,-0.08,-0.04,-0.0,-5.89,-14.9
-0.11,-0.26,0.93,-0.06,-0.04,-0.01,-6.33,-15.33
-0.1,-0.27,0.94,-0.04,-0.04,-0.01,-6.14,-15.88
-0.11,-0.27,0.92,-0.03,-0.02,0.0,-6.59,-16.3
-0.1,-0.27,0.92,-0.02,-0.03,0.0,-6.05,-15.95
-0.1,-0.27,0.93,0.01,-0.01,-0.01,-5.92,-16.05
-0.09,-0.27,0.92,0.03,-0.02,0.0,-5.32,-16.33
-0.07,-0.26,0.93,0.01,0.0,0.0,-4.35,-15.35
-0.07,-0.26,0.92,0.02,-0.01,0.01,-4.11,-15.63
-0.06,-0.27,0.91,-0.0,-0.0,0.01,-3.73,-16.18
-0.05,-0.26,0.91,-0.01,0.0,-0.0,-3.1,-16.06
-0.06,-0.27,0.91,-0.02,0.03,-0.02,-3.6,-16.32
-0.05,-0.26,0.91,-0.02,0.03,-0.02,-3.2,-15.76
-0.06,-0.25,0.91,-0.03,0.05,-0.03,-3.44,-15.42
-0.07,-0.25,0.92,-0.05,0.05,-0.03,-4.16,-15.44
-0.07,-0.25,0.93,-0.06,0.07,-0.03,-4.31,-15.29
-0.08,-0.25,0.93,-0.05,0.06,-0.02,-4.98,-15.17
-0.08,-0.25,0.93,-0.01,0.06,-0.03,-4.94,-15.1
-0.08,-0.25,0.92,-0.01,0.05,-0.03,-4.98,-14.98
-0.08,-0.26,0.92,0.01,0.04,-0.03,-4.94,-15.41
-0.08,-0.25,0.92,0.03,0.04,-0.02,-4.53,-14.86
-0.07,-0.24,0.93,0.05,0.05,-0.02,-4.36,-14.54
-0.06,-0.23,0.92,0.07,0.04,-0.02,-3.9,-13.84
-0.05,-0.22,0.92,0.08,0.04,-0.02,-3.31,-13.71
-0.05,-0.23,0.91,0.08,0.04,-0.02,-2.84,-14.24
-0.04,-0.23,0.9,0.09,0.03,-0.03,-2.24,-14.31
-0.03,-0.22,0.89,0.1,0.02,-0.04,-1.85,-13.68
-0.02,-0.19,0.89,0.09,0.04,-0.05,-1.25,-12.25
-0.01,-0.18,0.91,0.07,0.05,-0.04,-0.51,-11.03
-0.0,-0.16,0.92,0.06,0.01,-0.05,-0.0,-10.09
0.0,-0.16,0.91,0.01,-0.0,-0.05,0.17,-10.02
-0.01,-0.17,0.91,0.0,-0.03,-0.07,-0.78,-10.63
-0.02,-0.18,0.9,-0.02,-0.04,-0.07,-1.12,-11.51
-0.04,-0.19,0.92,-0.03,-0.06,-0.07,-2.27,-11.65
-0.04,-0.19,0.93,-0.03,-0.07,-0.06,-2.64,-11.73
-0.05,-0.19,0.93,-0.03,-0.07,-0.06,-3.12,-11.7
-0.07,-0.2,0.93,-0.06,-0.06,-0.05,-3.94,-12.08
-0.08,-0.21,0.93,-0.05,-0.08,-0.04,-4.73,-12.52
-0.09,-0.22,0.94,-0.05,-0.09,-0.03,-5.6,-13.38
-0.1,-0.23,0.94,-0.02,-0.07,-0.03,-5.97,-13.78
-0.11,-0.24,0.94,-0.01,-0.07,-0.01,-6.21,-13.96
-0.1,-0.23,0.94,-0.01,-0.05,0.02,-5.87,-13.86
-0.1,-0.23,0.94,0.01,-0.05,0.03,-5.84,-13.6
-0.1,-0.24,0.94,0.02,-0.04,0.04,-5.67,-14.07
-0.1,-0.25,0.94,0.01,-0.04,0.03,-5.67,-14.72
-0.09,-0.26,0.93,0.02,-0.05,0.03,-5.38,-15.47
-0.09,-0.28,0.92,0.03,-0.06,-0.0,-5.18,-16.76
-0.08,-0.28,0.92,0.04,-0.06,-0.01,-4.74,-16.9
-0.09,-0.29,0.93,0.01,-0.02,-0.04,-5.26,-17.15
-0.09,-0.29,0.93,0.02,-0.01,-0.06,-5.29,-17.28
-0.08,-0.28,0.93,0.0,0.02,-0.07,-4.81,-16.57
-0.08,-0.28,0.95,0.0,0.01,-0.07,-4.75,-16.54
-0.08,-0.27,0.96,-0.03,0.05,-0.06,-4.49,-15.95
-0.08,-0.27,0.96,-0.03,0.05,-0.05,-4.48,-15.86
-0.08,-0.27,0.96,0.03,0.19,-0.2,-4.7,-15.46
-0.08,-0.26,0.95,-0.01,0.05,-0.03,-4.46,-15.47
-0.08,-0.27,0.95,-0.02,0.07,-0.03,-4.72,-15.87
-0.08,-0.28,0.93,0.01,0.06,-0.03,-4.68,-16.6
-0.08,-0.28,0.92,0.01,0.05,-0.04,-4.82,-16.75
-0.08,-0.27,0.91,0.01,0.07,-0.07,-4.56,-16.43
-0.08,-0.24,0.91,0.01,0.09,-0.08,-4.75,-14.9
-0.06,-0.23,0.92,-0.0,0.1,-0.08,-3.72,-14.09
-0.07,-0.23,0.92,0.02,0.1,-0.07,-4.07,-13.71
-0.08,-0.22,0.93,0.01,0.09,-0.05,-4.56,-13.42
-0.07,-0.22,0.91,0.0,0.12,-0.06,-4.37,-13.57
-0.07,-0.21,0.92,0.01,0.11,-0.05,-4.14,-13.05
-0.06,-0.21,0.91,0.03,0.11,-0.05,-3.82,-13.17
-0.07,-0.2,0.9,0.03,0.11,-0.05,-4.07,-12.68
-0.06,-0.2,0.91,0.02,0.14,-0.05,-3.73,-12.59
-0.06,-0.19,0.91,0.04,0.13,-0.03,-3.52,-11.82
-0.05,-0.18,0.91,0.05,0.12,-0.02,-2.94,-11.37
-0.04,-0.17,0.91,0.05,0.11,0.01,-2.67,-10.81
-0.02,-0.16,0.9,0.06,0.13,-0.0,-1.32,-10.0
-0.01,-0.15,0.89,0.07,0.12,0.01,-0.64,-9.8
-0.0,-0.15,0.87,0.09,0.11,-0.0,-0.14,-9.78
0.01,-0.15,0.88,0.11,0.08,-0.01,0.87,-9.6
0.04,-0.15,0.88,0.13,0.06,-0.01,2.41,-9.67
0.06,-0.14,0.87,0.12,0.02,-0.02,4.23,-8.85
0.08,-0.13,0.85,0.12,-0.03,-0.04,5.62,-8.88
0.09,-0.13,0.83,0.11,-0.06,-0.06,6.37,-8.71
0.1,-0.12,0.83,0.08,-0.07,-0.08,6.61,-8.5
0.09,-0.12,0.84,0.06,-0.08,-0.09,6.34,-7.83
0.1,-0.1,0.84,0.05,-0.11,-0.08,6.68,-6.74
0.1,-0.09,0.84,0.04,-0.14,-0.07,7.03,-6.08
0.12,-0.07,0.83,0.03,-0.16,-0.07,7.94,-5.07
0.13,-0.06,0.82,0.01,-0.17,-0.06,9.12,-4.39
0.15,-0.07,0.8,-0.01,-0.21,-0.05,10.72,-4.64
0.18,-0.07,0.78,-0.04,-0.24,-0.06,12.7,-5.05
0.2,-0.08,0.75,-0.04,-0.27,-0.08,14.5,-6.18
0.23,-0.08,0.72,-0.09,-0.27,-0.09,17.7,-5.73
0.27,-0.05,0.7,-0.14,-0.27,-0.11,20.74,-3.95
0.3,-0.02,0.68,-0.2,-0.27,-0.12,23.66,-1.73
0.31,-0.0,0.66,-0.26,-0.28,-0.14,24.98,-0.29
0.31,0.01,0.65,-0.29,-0.27,-0.14,25.1,0.83
0.3,0.02,0.64,-0.26,-0.29,-0.14,25.2,1.66
0.32,0.06,0.62,-0.18,-0.34,-0.16,26.88,4.54
0.34,0.09,0.59,-0.08,-0.41,-0.18,29.27,7.24
0.36,0.12,0.56,0.04,-0.48,-0.22,32.19,10.24
0.39,0.17,0.51,0.21,-0.6,-0.26,36.11,14.45
0.43,0.18,0.47,0.37,-0.72,-0.32,40.19,15.87
0.49,0.21,0.41,0.54,-0.86,-0.39,46.67,18.47
0.6,0.27,0.35,0.7,-1.0,-0.45,53.61,21.19
0.72,0.34,0.26,0.78,-1.2,-0.5,59.26,24.13
0.83,0.42,0.17,0.82,-1.4,-0.58,61.59,26.08
0.95,0.47,0.08,0.79,-1.67,-0.65,63.41,26.21
1.06,0.54,-0.02,0.69,-1.93,-0.73,62.86,27.12
1.14,0.6,-0.13,0.52,-2.23,-0.81,61.74,27.59
1.2,0.66,-0.24,0.3,-2.56,-0.91,59.56,28.46
1.23,0.68,-0.34,0.01,-2.93,-1.01,58.01,28.27
1.21,0.68,-0.41,-0.31,-3.25,-1.09,56.64,28.01
1.14,0.65,-0.49,-0.64,-3.58,-1.16,54.31,27.87
1.03,0.59,-0.53,-0.99,-3.87,-1.23,52.61,26.84
0.9,0.49,-0.54,-1.28,-4.13,-1.27,50.89,24.97
0.76,0.38,-0.54,-1.51,-4.37,-1.28,48.91,22.15
0.62,0.28,-0.53,-1.71,-4.4,-1.26,46.1,19.09
0.47,0.18,-0.51,-1.84,-4.4,-1.24,41.01,14.75
0.34,0.08,-0.5,-1.89,-4.4,-1.23,33.82,7.4
0.2,-0.03,-0.47,-1.89,-4.4,-1.24,22.66,-3.7
0.06,-0.14,-0.41,-1.85,-4.4,-1.25,8.46,-18.47
-0.06,-0.25,-0.37,-1.74,-4.4,-1.26,-7.98,-33.8
-0.18,-0.38,-0.35,-1.61,-4.4,-1.3,-19.11,-43.84
-0.28,-0.51,-0.3,-1.4,-4.4,-1.36,-25.36,-51.07
-0.36,-0.62,-0.24,-1.2,-4.4,-1.41,-28.86,-54.76
-0.43,-0.69,-0.19,-0.97,-4.4,-1.49,-31.3,-55.51
-0.48,-0.7,-0.15,-0.75,-4.4,-1.57,-33.69,-54.44
-0.51,-0.72,-0.13,-0.58,-4.4,-1.63,-35.14,-53.56
-0.53,-0.73,-0.07,-0.46,-4.4,-1.65,-35.73,-53.91
-0.55,-0.76,-0.0,-0.33,-4.4,-1.62,-36.07,-53.92
-0.57,-0.76,0.03,-0.21,-4.4,-1.58,-36.71,-53.25
-0.56,-0.74,0.02,-0.15,-4.4,-1.51,-37.4,-52.55
-0.53,-0.71,0.01,-0.16,-4.4,-1.38,-36.72,-53.27
-0.51,-0.71,0.0,-0.25,-4.4,-1.23,-35.66,-54.34
-0.56,-0.75,-0.03,-0.37,-4.4,-1.09,-36.62,-53.31
-0.65,-0.83,-0.08,-0.54,-4.4,-0.94,-37.59,-52.1
-0.77,-1.0,-0.01,-0.69,-4.4,-0.84,-37.44,-52.56
-0.88,-1.29,0.16,-0.78,-4.4,-0.77,-34.16,-55.22
-0.99,-1.54,0.32,-0.76,-4.4,-0.82,-32.28,-55.88
-1.11,-1.71,0.45,-0.74,-4.4,-0.95,-32.14,-54.98
-1.21,-1.82,0.52,-0.74,-4.4,-1.21,-32.72,-53.98
-1.3,-1.86,0.62,-0.8,-4.4,-1.49,-33.47,-52.27
-1.34,-1.83,0.76,-0.85,-4.4,-1.76,-33.95,-50.03
-1.33,-1.73,0.9,-0.91,-4.4,-1.95,-34.44,-47.06
-1.29,-1.56,1.02,-0.96,-4.4,-2.04,-34.7,-43.44
-1.2,-1.34,1.1,-1.0,-4.4,-1.99,-34.73,-39.45
-1.11,-1.14,1.15,-1.01,-4.4,-1.82,-34.41,-35.49
-1.02,-0.99,1.16,-0.99,-4.4,-1.55,-33.78,-32.55
-0.98,-0.9,1.14,-0.98,-4.4,-1.27,-34.0,-30.82
-0.98,-0.85,1.1,-0.97,-4.4,-1.02,-35.18,-30.04
-1.0,-0.83,1.05,-0.92,-4.4,-0.81,-36.81,-29.83
-1.0,-0.82,0.99,-0.89,-4.4,-0.66,-37.89,-30.01
-0.99,-0.8,0.93,-0.87,-4.4,-0.57,-38.83,-30.35
-0.99,-0.8,0.87,-0.87,-4.4,-0.48,-39.96,-31.29
-0.98,-0.79,0.82,-0.86,-4.4,-0.4,-40.7,-31.59
-1.01,-0.87,0.83,-0.89,-4.4,-0.31,-39.93,-33.77
-1.1,-1.04,0.92,-0.85,-4.4,-0.31,-38.29,-35.92
-1.18,-1.2,1.09,-0.73,-4.4,-0.39,-36.1,-36.72
-1.27,-1.32,1.23,-0.59,-4.4,-0.58,-35.09,-36.75
-1.31,-1.37,1.32,-0.44,-4.4,-0.83,-34.59,-36.28
-1.28,-1.34,1.41,-0.34,-4.4,-1.09,-33.22,-35.15
-1.17,-1.21,1.5,-0.25,-4.4,-1.25,-31.25,-32.4
-1.09,-1.12,1.51,-0.16,-4.4,-1.33,-30.21,-30.92
-1.02,-1.01,1.55,-0.12,-4.4,-1.32,-28.78,-28.48
-0.92,-0.91,1.59,-0.09,-4.4,-1.23,-26.82,-26.27
-0.82,-0.82,1.63,-0.03,-4.4,-1.05,-24.27,-24.24
-0.76,-0.77,1.65,0.04,-4.4,-0.82,-22.7,-22.99
-0.72,-0.77,1.67,0.13,-4.4,-0.61,-21.46,-22.9
-0.7,-0.75,1.74,0.22,-4.4,-0.42,-20.22,-21.92
-0.64,-0.75,1.74,0.32,-4.4,-0.24,-18.76,-22.11
-0.61,-0.74,1.77,0.45,-4.4,-0.06,-17.49,-21.68
-0.59,-0.78,1.82,0.59,-4.4,0.07,-16.59,-22.3
-0.56,-0.87,1.92,0.74,-4.4,0.13,-15.01,-23.56
-0.53,-0.92,2.0,0.95,-4.4,0.11,-13.55,-23.9
-0.48,-0.96,2.04,1.12,-4.4,0.05,-12.13,-24.73
-0.44,-0.96,2.04,1.3,-4.4,-0.06,-11.02,-24.63
-0.37,-0.92,2.01,1.45,-4.37,-0.18,-9.57,-24.26
-0.31,-0.89,1.97,1.56,-4.33,-0.31,-8.15,-23.95
-0.26,-0.84,1.92,1.63,-4.28,-0.41,-7.0,-23.29
-0.24,-0.81,1.86,1.65,-4.24,-0.51,-6.62,-23.26
-0.21,-0.77,1.8,1.64,-4.17,-0.6,-6.23,-23.11
-0.17,-0.73,1.74,1.55,-4.08,-0.63,-5.2,-22.7
-0.14,-0.7,1.7,1.42,-3.95,-0.63,-4.24,-22.32
-0.12,-0.68,1.66,1.24,-3.78,-0.59,-3.87,-22.11
-0.12,-0.67,1.64,1.03,-3.57,-0.53,-3.93,-22.02
-0.13,-0.64,1.65,0.77,-3.33,-0.49,-4.18,-21.15
-0.11,-0.61,1.66,0.52,-3.09,-0.41,-3.65,-20.02
-0.09,-0.54,1.65,0.25,-2.83,-0.35,-2.95,-18.15
-0.07,-0.48,1.64,0.0,-2.56,-0.28,-2.21,-16.36
-0.06,-0.42,1.63,-0.24,-2.3,-0.22,-2.0,-14.33
-0.06,-0.36,1.63,-0.47,-2.05,-0.15,-1.93,-12.44
-0.06,-0.31,1.62,-0.65,-1.88,-0.11,-2.09,-10.68
-0.05,-0.25,1.63,-0.82,-1.72,-0.07,-1.65,-8.71
-0.05,-0.2,1.65,-0.91,-1.6,-0.07,-1.61,-6.83
-0.06,-0.15,1.67,-1.0,-1.5,-0.08,-1.97,-5.08
-0.06,-0.1,1.69,-1.06,-1.42,-0.11,-2.09,-3.25
-0.06,-0.04,1.7,-1.06,-1.34,-0.17,-1.9,-1.41
-0.05,0.01,1.7,-1.04,-1.25,-0.22,-1.66,0.38
-0.05,0.05,1.69,-0.99,-1.13,-0.27,-1.8,1.75
-0.05,0.09,1.67,-0.95,-1.06,-0.32,-1.66,3.08
-0.05,0.14,1.64,-0.87,-0.96,-0.36,-1.63,4.75
-0.06,0.15,1.61,-0.81,-0.87,-0.39,-2.09,5.38
-0.07,0.17,1.58,-0.76,-0.78,-0.4,-2.44,6.17
-0.08,0.19,1.55,-0.74,-0.67,-0.39,-3.01,6.87
-0.1,0.2,1.51,-0.67,-0.58,-0.39,-3.74,7.5
-0.11,0.22,1.49,-0.63,-0.46,-0.37,-4.15,8.38
-0.12,0.23,1.45,-0.59,-0.34,-0.34,-4.75,9.05
-0.13,0.25,1.43,-0.54,-0.24,-0.29,-5.23,9.91
-0.13,0.26,1.4,-0.46,-0.15,-0.24,-5.3,10.6
-0.13,0.27,1.38,-0.37,-0.06,-0.18,-5.31,11.03
-0.13,0.27,1.37,-0.28,0.05,-0.1,-5.44,10.92
-0.14,0.25,1.37,-0.17,0.12,-0.02,-5.77,10.16
-0.15,0.22,1.37,-0.05,0.21,0.03,-6.05,8.91
-0.17,0.16,1.35,0.09,0.26,0.1,-6.95,6.82
-0.16,0.12,1.33,0.2,0.36,0.15,-6.83,5.16
-0.19,0.07,1.32,0.29,0.43,0.19,-8.11,3.12
-0.19,0.01,1.28,0.41,0.48,0.22,-8.47,0.4
-0.21,-0.05,1.24,0.47,0.52,0.22,-9.61,-2.45
-0.22,-0.1,1.21,0.5,0.58,0.22,-10.21,-4.73
-0.21,-0.15,1.18,0.52,0.61,0.23,-10.21,-7.23
-0.2,-0.18,1.17,0.56,0.61,0.23,-9.72,-8.77
-0.21,-0.22,1.16,0.57,0.61,0.23,-9.99,-10.44
-0.21,-0.24,1.14,0.57,0.62,0.24,-10.04,-11.47
-0.21,-0.26,1.13,0.56,0.63,0.24,-10.28,-12.95
-0.21,-0.27,1.13,0.56,0.62,0.23,-10.41,-13.19
-0.2,-0.29,1.14,0.55,0.61,0.23,-9.71,-13.89
-0.2,-0.3,1.12,0.55,0.65,0.22,-9.91,-14.86
-0.2,-0.32,1.13,0.55,0.68,0.25,-9.49,-15.62
-0.2,-0.33,1.13,0.59,0.69,0.26,-9.37,-16.2
-0.2,-0.36,1.15,0.6,0.69,0.31,-9.5,-17.16
-0.2,-0.38,1.15,0.63,0.75,0.31,-9.48,-18.1
-0.21,-0.4,1.14,0.65,0.79,0.31,-9.74,-19.07
-0.22,-0.42,1.14,0.67,0.82,0.3,-10.45,-20.08
-0.23,-0.44,1.13,0.7,0.87,0.27,-10.8,-20.86
-0.24,-0.45,1.11,0.72,0.91,0.25,-11.26,-21.6
-0.25,-0.46,1.1,0.71,0.98,0.24,-11.83,-22.43
-0.26,-0.49,1.06,0.75,1.0,0.23,-12.49,-24.07
-0.26,-0.51,1.01,0.77,1.02,0.22,-12.68,-25.9
-0.25,-0.52,0.97,0.78,1.07,0.22,-12.64,-27.49
-0.25,-0.54,0.94,0.74,1.09,0.23,-12.82,-29.04
-0.26,-0.57,0.9,0.71,1.09,0.25,-13.81,-31.12
-0.26,-0.58,0.87,0.69,1.09,0.25,-14.12,-32.49
-0.26,-0.58,0.87,0.63,1.09,0.25,-14.21,-32.7
-0.26,-0.59,0.85,0.6,1.08,0.25,-14.23,-33.53
-0.26,-0.58,0.84,0.57,1.03,0.26,-14.1,-33.64
-0.26,-0.58,0.83,0.55,0.98,0.26,-14.39,-33.77
-0.26,-0.58,0.82,0.53,0.95,0.24,-14.49,-33.83
-0.26,-0.58,0.82,0.52,0.9,0.24,-14.58,-33.81
-0.26,-0.57,0.83,0.5,0.84,0.24,-14.21,-33.23
-0.25,-0.57,0.84,0.54,0.78,0.22,-13.95,-33.17
-0.26,-0.58,0.84,0.55,0.72,0.2,-14.07,-33.29
-0.26,-0.58,0.84,0.56,0.67,0.19,-14.48,-33.48
-0.26,-0.57,0.83,0.57,0.6,0.16,-14.63,-33.38
-0.27,-0.56,0.83,0.58,0.55,0.13,-15.02,-32.95
-0.27,-0.56,0.83,0.59,0.5,0.09,-15.0,-32.76
-0.27,-0.56,0.84,0.6,0.46,0.05,-15.0,-32.42
-0.27,-0.56,0.82,0.59,0.43,0.03,-15.23,-32.91
-0.27,-0.55,0.81,0.59,0.39,0.03,-15.52,-32.84
-0.27,-0.54,0.81,0.59,0.36,0.0,-15.68,-32.15
-0.27,-0.53,0.81,0.59,0.35,0.0,-15.89,-31.93
-0.26,-0.51,0.81,0.57,0.33,0.01,-15.42,-31.13
-0.26,-0.5,0.81,0.58,0.29,0.01,-15.53,-30.68
-0.27,-0.51,0.8,0.57,0.27,0.02,-15.84,-31.02
-0.27,-0.52,0.8,0.58,0.24,0.01,-15.89,-31.72
-0.27,-0.54,0.79,0.53,0.23,0.03,-15.54,-32.66
-0.27,-0.56,0.78,0.51,0.22,0.03,-15.72,-34.03
-0.27,-0.56,0.77,0.46,0.2,0.04,-15.67,-34.32
-0.25,-0.52,0.8,0.4,0.21,0.05,-14.64,-32.03
-0.27,-0.54,0.78,0.36,0.2,0.07,-15.64,-33.22
-0.27,-0.57,0.8,0.3,0.2,0.08,-15.47,-33.97
-0.28,-0.56,0.82,0.26,0.19,0.08,-15.72,-32.94
-0.27,-0.56,0.83,0.19,0.2,0.07,-15.3,-32.68
-0.26,-0.56,0.83,0.17,0.2,0.05,-14.77,-32.83
-0.26,-0.55,0.85,0.12,0.21,0.06,-14.4,-32.07
-0.26,-0.55,0.85,0.12,0.19,0.05,-14.17,-31.76
-0.26,-0.56,0.85,0.09,0.19,0.02,-14.38,-31.92
-0.28,-0.56,0.86,0.07,0.2,0.01,-15.04,-31.87
-0.29,-0.56,0.85,0.03,0.21,-0.01,-15.72,-32.1
-0.29,-0.56,0.83,0.01,0.18,-0.04,-15.89,-32.41
-0.29,-0.55,0.81,-0.02,0.19,-0.06,-16.6,-32.79
-0.28,-0.54,0.78,-0.08,0.21,-0.07,-16.63,-32.89
-0.28,-0.51,0.77,-0.11,0.17,-0.06,-16.66,-32.19
-0.28,-0.5,0.76,-0.17,0.16,-0.04,-17.08,-31.48
-0.28,-0.48,0.77,-0.2,0.11,-0.02,-17.45,-30.44
-0.29,-0.46,0.77,-0.24,0.1,0.01,-18.03,-29.02
-0.29,-0.44,0.79,-0.25,0.07,0.02,-17.96,-27.63
-0.29,-0.42,0.81,-0.24,0.03,0.04,-17.39,-25.98
-0.29,-0.41,0.83,-0.21,-0.0,0.05,-17.19,-25.07
-0.28,-0.41,0.86,-0.21,0.01,0.06,-16.55,-24.47
-0.29,-0.42,0.89,-0.17,-0.02,0.06,-16.32,-24.1
-0.29,-0.42,0.91,-0.12,-0.05,0.05,-15.99,-23.7
-0.28,-0.42,0.91,-0.07,-0.05,0.02,-15.62,-23.86
-0.27,-0.43,0.9,-0.05,-0.05,0.0,-15.29,-24.6
-0.27,-0.44,0.9,-0.04,-0.05,-0.0,-15.32,-24.95
-0.27,-0.44,0.9,-0.01,-0.07,0.0,-15.18,-25.26
-0.26,-0.45,0.91,-0.02,-0.07,0.0,-14.46,-25.45
-0.26,-0.45,0.9,-0.02,-0.06,0.0,-14.49,-25.69
-0.25,-0.45,0.89,-0.04,-0.07,0.01,-13.99,-25.82
-0.24,-0.45,0.9,-0.07,-0.09,0.02,-13.7,-25.76
-0.24,-0.43,0.9,-0.08,-0.1,0.01,-13.33,-24.97
-0.23,-0.43,0.91,-0.09,-0.09,0.01,-12.85,-24.84
-0.22,-0.42,0.91,-0.1,-0.11,0.03,-12.4,-24.28
-0.22,-0.42,0.93,-0.1,-0.12,0.03,-12.06,-23.9
-0.22,-0.43,0.93,-0.11,-0.15,0.04,-12.08,-23.94
-0.21,-0.43,0.94,-0.12,-0.13,0.04,-11.7,-23.91
-0.22,-0.43,0.95,-0.12,-0.15,0.04,-11.91,-23.62
-0.22,-0.43,0.96,-0.1,-0.15,0.02,-11.75,-23.38
-0.22,-0.42,0.96,-0.1,-0.18,0.02,-11.84,-23.3
-0.22,-0.42,0.96,-0.11,-0.16,-0.0,-11.79,-22.93
-0.21,-0.4,0.96,-0.11,-0.17,-0.0,-11.46,-22.34
-0.21,-0.39,0.96,-0.09,-0.19,0.01,-11.45,-21.65
-0.21,-0.39,0.97,-0.1,-0.17,-0.0,-11.31,-21.57
-0.21,-0.38,0.97,-0.09,-0.19,0.01,-11.42,-21.01
-0.2,-0.38,0.96,-0.1,-0.17,0.03,-11.16,-20.84
-0.21,-0.37,0.97,-0.08,-0.19,0.04,-11.2,-20.56
-0.21,-0.37,0.98,-0.07,-0.2,0.05,-11.1,-20.25
-0.22,-0.38,1.0,-0.07,-0.19,0.05,-11.42,-20.38
-0.2,-0.38,1.01,-0.09,-0.15,0.06,-10.52,-19.98
-0.19,-0.37,1.02,-0.07,-0.16,0.08,-10.12,-19.47
-0.2,-0.37,1.03,-0.06,-0.16,0.1,-10.13,-19.57
-0.2,-0.38,1.03,-0.03,-0.13,0.09,-10.13,-19.77
-0.19,-0.37,1.03,-0.03,-0.12,0.08,-9.92,-19.48
-0.2,-0.38,1.03,-0.02,-0.09,0.07,-10.22,-20.03
-0.19,-0.37,1.04,0.01,-0.12,0.05,-9.64,-19.13
-0.19,-0.37,1.06,0.02,-0.1,0.02,-9.43,-19.24
-0.18,-0.39,1.04,0.03,-0.08,0.02,-9.35,-20.14
-0.19,-0.39,1.03,0.04,-0.1,0.0,-9.95,-20.41
-0.19,-0.4,1.01,0.03,-0.1,-0.02,-9.69,-21.4
-0.19,-0.4,1.0,0.02,-0.1,-0.03,-9.88,-21.21
-0.19,-0.41,0.99,0.01,-0.1,-0.04,-10.04,-22.13
-0.19,-0.4,0.99,-0.04,-0.1,-0.02,-10.03,-21.84
-0.19,-0.39,0.99,-0.05,-0.09,-0.01,-10.26,-21.34
-0.18,-0.39,0.99,-0.08,-0.09,-0.0,-9.61,-21.06
-0.18,-0.38,0.99,-0.11,-0.08,0.02,-9.91,-20.72
-0.18,-0.37,1.0,-0.15,-0.08,0.03,-9.66,-19.85
-0.18,-0.36,1.01,-0.08,0.07,-0.12,-9.75,-19.39
-0.18,-0.36,1.03,-0.14,-0.07,0.03,-9.48,-18.91
-0.18,-0.36,1.03,-0.15,-0.06,0.03,-9.51,-18.79
-0.19,-0.35,1.03,-0.15,-0.06,0.03,-9.72,-18.59
-0.18,-0.35,1.04,-0.12,-0.06,0.02,-9.52,-18.25
-0.19,-0.34,1.04,-0.11,-0.07,0.01,-9.93,-17.99
-0.19,-0.34,1.04,-0.08,-0.06,0.0,-9.85,-17.72
-0.19,-0.33,1.03,-0.07,-0.04,-0.02,-10.23,-17.53
-0.19,-0.32,1.01,-0.07,-0.04,-0.02,-10.13,-17.2
-0.19,-0.32,1.0,-0.06,-0.05,-0.01,-10.54,-17.25
-0.2,-0.31,1.0,-0.05,-0.04,-0.01,-10.64,-16.9
-0.2,-0.31,1.02,-0.05,-0.03,0.02,-10.45,-16.71
-0.2,-0.3,1.03,-0.03,-0.03,0.04,-10.63,-16.14
-0.21,-0.32,1.02,-0.0,-0.03,0.04,-11.01,-16.89
-0.21,-0.32,1.03,0.01,-0.0,0.03,-10.95,-17.03
-0.2,-0.33,1.03,0.01,0.02,0.04,-10.66,-17.28
-0.2,-0.33,1.03,0.03,0.01,0.04,-10.56,-17.34
-0.2,-0.33,1.03,0.04,0.0,0.05,-10.29,-17.58
-0.2,-0.34,1.03,0.08,0.0,0.03,-10.27,-18.23
-0.2,-0.36,1.02,0.07,0.02,0.02,-10.49,-19.03
-0.21,-0.37,1.01,0.06,0.01,0.03,-10.9,-19.72
-0.2,-0.37,0.99,0.07,-0.0,0.02,-10.66,-20.22
-0.2,-0.37,0.98,0.05,0.01,0.0,-10.57,-20.05
-0.19,-0.36,0.98,0.03,0.02,0.01,-10.46,-19.77
-0.19,-0.36,0.97,0.01,0.01,0.02,-10.4,-19.84
-0.18,-0.36,0.97,-0.0,0.01,-0.0,-9.82,-19.93
-0.19,-0.35,0.98,-0.02,-0.0,0.04,-10.06,-19.32
-0.19,-0.36,0.98,-0.01,0.0,0.04,-10.41,-19.65
-0.19,-0.35,0.99,-0.02,0.01,0.05,-10.11,-19.16
-0.19,-0.35,0.99,-0.01,-0.0,0.06,-10.4,-19.08
-0.19,-0.35,0.99,-0.02,0.02,0.04,-10.39,-18.86
-0.19,-0.34,0.99,-0.05,0.04,0.05,-10.46,-18.41
-0.19,-0.34,0.99,-0.03,0.03,0.05,-10.38,-18.6
-0.19,-0.33,1.0,-0.01,0.01,0.06,-10.5,-18.03
-0.2,-0.33,1.01,0.0,0.0,0.06,-10.63,-18.01
-0.19,-0.34,1.01,0.02,0.04,0.05,-10.27,-18.24
-0.19,-0.34,1.02,0.02,0.03,0.04,-10.27,-18.09
-0.2,-0.34,1.03,0.06,0.03,0.03,-10.44,-18.21
-0.2,-0.35,1.02,0.1,-0.0,0.03,-10.35,-18.47
-0.18,-0.36,1.02,0.09,0.01,0.02,-9.58,-19.19
-0.19,-0.36,1.01,0.08,0.02,0.02,-10.12,-19.59
-0.2,-0.37,0.99,0.09,0.01,0.02,-10.43,-20.09
-0.19,-0.38,0.99,0.07,-0.01,0.03,-9.99,-20.5
-0.18,-0.39,0.99,0.06,0.02,0.02,-9.64,-21.08
-0.18,-0.38,0.99,0.01,0.04,0.03,-9.44,-20.78
-0.18,-0.39,0.99,-0.0,0.02,0.04,-9.48,-21.07
-0.18,-0.39,1.01,-0.02,0.03,0.04,-9.5,-20.71
-0.18,-0.39,1.0,-0.04,0.04,0.04,-9.7,-20.86
-0.18,-0.39,1.0,-0.07,0.06,0.04,-9.46,-20.87
-0.19,-0.38,1.0,-0.07,0.04,0.05,-9.82,-20.22
-0.18,-0.37,1.01,-0.07,0.04,0.06,-9.72,-19.78
