accelX,accelY,accelZ,gyroX,gyroY,gyroZ,pitch,roll
0.02,0.07,1.01,-0.06,0.11,0.03,1.27,4.16
0.03,0.07,1.02,-0.08,0.14,0.03,1.51,4.06
0.03,0.07,1.02,-0.06,0.1,0.04,1.69,4.15
0.03,0.07,1.02,-0.06,0.09,0.03,1.47,3.7
0.03,0.07,1.02,-0.04,0.07,0.02,1.53,3.88
0.03,0.07,1.03,-0.03,0.06,0.01,1.46,3.76
0.03,0.07,1.03,-0.01,0.07,0.01,1.45,3.77
0.03,0.07,1.02,0.02,0.04,0.01,1.74,3.79
0.04,0.07,1.01,0.02,0.02,0.0,2.29,4.05
0.05,0.07,1.0,0.02,0.02,-0.02,2.85,3.96
0.05,0.07,1.0,-0.0,0.0,-0.01,3.07,3.74
0.05,0.07,1.0,0.01,-0.01,-0.01,2.78,3.76
0.06,0.07,1.01,0.01,-0.02,-0.03,3.2,3.75
0.05,0.06,1.02,-0.01,0.0,-0.04,2.9,3.55
0.05,0.06,1.01,-0.01,-0.01,-0.04,3.02,3.25
0.05,0.05,1.01,-0.01,-0.03,-0.04,2.63,3.02
0.05,0.06,1.0,-0.03,-0.03,-0.03,2.64,3.15
0.04,0.06,1.0,-0.05,-0.02,-0.02,2.39,3.22
0.04,0.05,1.01,-0.08,-0.02,-0.01,2.29,2.99
0.04,0.05,1.01,-0.07,-0.01,-0.01,2.46,2.59
0.03,0.05,1.01,-0.07,-0.03,-0.01,1.92,2.92
0.02,0.06,1.01,-0.08,-0.02,-0.01,1.34,3.2
0.02,0.05,1.02,-0.1,-0.01,0.01,1.0,2.92
0.02,0.05,1.03,-0.08,-0.01,0.02,0.85,2.65
0.01,0.05,1.03,-0.06,-0.03,0.02,0.52,3.02
0.01,0.05,1.02,-0.05,-0.03,0.02,0.79,2.85
0.01,0.06,1.02,-0.06,-0.03,0.03,0.69,3.11
0.02,0.06,1.03,-0.05,-0.03,0.04,0.91,3.47
0.03,0.06,1.03,-0.03,-0.05,0.03,1.39,3.1
0.03,0.06,1.03,-0.02,-0.05,0.03,1.69,3.45
0.04,0.06,1.03,-0.01,-0.05,0.03,2.11,3.33
0.04,0.06,1.03,0.0,-0.06,0.01,2.24,3.51
0.04,0.06,1.03,0.02,-0.09,0.01,2.28,3.55
0.04,0.06,1.04,0.02,-0.07,-0.0,2.05,3.44
0.04,0.06,1.04,0.04,-0.08,-0.01,2.13,3.18
0.04,0.07,1.04,0.04,-0.08,-0.02,2.01,3.6
0.03,0.06,1.04,0.05,-0.08,-0.02,1.41,3.34
0.03,0.06,1.03,0.06,-0.08,-0.04,1.67,3.22
0.03,0.07,1.04,0.06,-0.09,-0.03,1.41,3.83
0.03,0.07,1.03,0.06,-0.11,-0.02,1.84,3.93
0.03,0.07,1.01,0.05,-0.11,-0.02,1.49,3.7
0.03,0.06,1.02,0.04,-0.09,-0.02,1.77,3.63
0.03,0.07,1.03,0.02,-0.09,-0.02,1.86,3.89
0.04,0.07,1.02,0.0,-0.1,-0.01,2.14,3.77
0.03,0.08,1.02,-0.0,-0.1,-0.02,1.55,4.37
0.03,0.07,1.02,-0.03,-0.11,-0.01,1.8,4.16
0.03,0.07,1.02,-0.05,-0.1,-0.02,1.78,3.79
0.02,0.06,1.02,-0.06,-0.09,-0.01,1.02,3.55
0.01,0.07,1.03,-0.07,-0.11,-0.01,0.39,3.75
-0.01,0.07,1.04,-0.06,-0.11,-0.01,-0.58,3.59
-0.02,0.06,1.06,-0.07,-0.11,0.0,-0.98,3.43
-0.02,0.06,1.06,-0.07,-0.11,0.02,-0.95,3.33
-0.01,0.06,1.07,-0.04,-0.12,0.02,-0.63,3.16
-0.01,0.05,1.08,-0.03,-0.12,0.02,-0.62,2.85
-0.01,0.06,1.09,-0.04,-0.09,0.02,-0.4,2.91
-0.0,0.06,1.09,-0.01,-0.1,0.03,-0.23,2.92
0.0,0.05,1.07,0.0,-0.1,0.02,0.15,2.88
0.0,0.06,1.07,0.0,-0.1,0.02,0.13,3.25
-0.0,0.06,1.05,-0.01,-0.06,0.03,-0.17,3.39
-0.0,0.07,1.05,-0.03,-0.05,0.05,-0.16,3.64
0.0,0.06,1.05,-0.01,-0.05,0.05,0.25,3.51
0.01,0.06,1.07,-0.03,-0.03,0.06,0.47,3.07
0.02,0.06,1.08,-0.04,0.03,0.05,1.01,2.98
0.02,0.06,1.09,-0.03,0.03,0.04,0.97,2.95
0.02,0.06,1.08,0.01,0.01,0.01,0.87,3.08
0.01,0.06,1.07,-0.0,0.01,-0.01,0.46,3.14
-0.0,0.07,1.06,0.01,0.0,-0.01,-0.2,3.55
-0.01,0.07,1.04,0.02,0.01,-0.01,-0.81,3.69
-0.02,0.07,1.02,0.03,-0.01,-0.01,-1.16,3.69
-0.02,0.07,1.01,0.04,-0.03,0.01,-0.93,3.89
-0.02,0.06,1.02,0.02,-0.01,0.02,-0.95,3.61
-0.01,0.07,1.02,0.02,-0.03,0.04,-0.43,3.99
0.0,0.08,1.01,0.08,0.11,-0.11,0.26,4.27
0.01,0.07,1.02,0.0,-0.04,0.04,0.67,4.1
0.02,0.07,1.02,-0.0,-0.04,0.04,1.22,4.09
0.02,0.07,1.02,-0.07,-0.12,0.1,1.37,3.92
0.03,0.07,1.02,-0.04,-0.07,0.04,1.44,4.1
0.02,0.07,1.03,-0.04,-0.08,0.03,1.3,3.95
0.02,0.07,1.03,-0.06,-0.04,0.01,1.23,3.68
0.01,0.06,1.04,-0.05,-0.04,0.01,0.59,3.54
0.0,0.07,1.06,-0.05,-0.04,-0.0,0.22,3.61
0.0,0.06,1.08,-0.03,-0.04,-0.02,0.01,2.97
-0.01,0.05,1.1,-0.03,0.01,-0.03,-0.38,2.5
-0.02,0.05,1.12,-0.02,0.04,-0.04,-0.83,2.44
-0.03,0.05,1.1,0.01,0.04,-0.05,-1.53,2.7
-0.05,0.06,1.07,0.05,0.04,-0.06,-2.78,2.93
-0.06,0.05,1.06,0.13,0.18,-0.19,-3.01,2.9
-0.06,0.06,1.05,0.08,0.04,-0.01,-3.21,3.29
-0.05,0.07,1.04,0.09,0.02,0.01,-3.02,3.66
-0.03,0.07,1.05,0.11,0.02,0.03,-1.89,3.8
-0.02,0.07,1.04,0.09,0.03,0.04,-0.92,3.86
0.01,0.07,1.04,0.08,0.03,0.05,0.32,3.86
0.02,0.07,1.04,0.07,0.03,0.06,1.34,3.74
0.03,0.07,1.04,0.06,0.03,0.06,1.54,3.94
0.03,0.07,1.05,0.03,0.06,0.04,1.77,3.96
0.03,0.07,1.06,0.02,0.07,0.04,1.59,4.01
0.02,0.07,1.06,0.02,0.07,0.03,1.1,3.98
0.01,0.07,1.06,0.01,0.03,0.02,0.41,3.82
-0.01,0.06,1.06,0.01,0.05,0.02,-0.28,3.5
-0.01,0.06,1.06,-0.01,0.06,0.02,-0.32,3.43
-0.01,0.07,1.05,0.01,0.03,0.03,-0.37,3.76
-0.01,0.07,1.05,0.01,0.02,0.04,-0.54,3.61
-0.01,0.06,1.05,0.01,0.04,0.03,-0.5,3.31
-0.0,0.06,1.06,0.0,0.03,0.04,-0.19,3.52
-0.0,0.06,1.06,-0.0,0.03,0.03,-0.2,3.36
-0.01,0.06,1.05,0.04,0.16,-0.12,-0.29,3.33
-0.01,0.06,1.05,0.05,0.13,-0.1,-0.74,3.48
-0.02,0.07,1.05,-0.03,-0.0,0.03,-1.28,3.71
-0.03,0.07,1.06,-0.04,-0.03,0.04,-1.66,3.86
-0.03,0.07,1.08,-0.05,-0.05,0.05,-1.33,3.93
-0.03,0.08,1.11,-0.08,-0.01,0.05,-1.42,3.94
-0.03,0.08,1.14,-0.09,0.03,0.04,-1.43,3.95
-0.04,0.08,1.17,-0.09,0.06,0.03,-2.01,3.95
-0.06,0.09,1.2,-0.07,0.09,0.01,-2.71,4.46
-0.07,0.1,1.21,-0.07,0.13,-0.01,-3.28,4.9
-0.09,0.12,1.22,-0.04,0.14,-0.02,-4.25,5.43
-0.09,0.12,1.22,-0.03,0.14,-0.03,-4.18,5.66
-0.1,0.12,1.22,-0.01,0.15,-0.03,-4.83,5.64
-0.11,0.12,1.22,-0.01,0.18,-0.06,-5.3,5.72
-0.13,0.13,1.22,-0.03,0.2,-0.07,-5.93,5.96
-0.16,0.14,1.22,-0.01,0.22,-0.07,-7.42,6.49
-0.18,0.14,1.23,-0.0,0.23,-0.05,-8.24,6.54
-0.2,0.15,1.23,0.01,0.27,-0.03,-8.97,6.85
-0.2,0.15,1.25,0.02,0.32,-0.0,-8.81,6.9
-0.19,0.14,1.29,0.04,0.35,0.01,-8.3,6.25
-0.17,0.15,1.3,0.05,0.39,0.03,-7.46,6.71
-0.15,0.15,1.33,0.08,0.43,0.02,-6.42,6.46
-0.13,0.14,1.35,0.09,0.48,-0.0,-5.5,6.1
-0.11,0.15,1.35,0.13,0.53,-0.01,-4.59,6.28
-0.09,0.15,1.35,0.15,0.58,-0.04,-3.88,6.15
-0.07,0.14,1.35,0.16,0.65,-0.07,-2.93,6.02
-0.05,0.15,1.36,0.19,0.71,-0.11,-2.27,6.1
-0.05,0.15,1.35,0.17,0.77,-0.15,-1.93,6.33
-0.05,0.15,1.33,0.17,0.82,-0.18,-2.35,6.31
-0.04,0.14,1.31,0.16,0.9,-0.21,-1.72,6.26
-0.05,0.13,1.3,0.15,0.94,-0.24,-2.07,5.63
-0.05,0.14,1.29,0.14,0.98,-0.26,-2.06,6.2
-0.06,0.14,1.28,0.19,1.19,-0.44,-2.74,6.35
-0.07,0.14,1.27,0.1,1.06,-0.29,-3.34,6.49
-0.08,0.14,1.27,0.1,1.09,-0.28,-3.57,6.2
-0.07,0.14,1.28,0.1,1.11,-0.27,-3.27,6.19
-0.07,0.12,1.29,0.11,1.11,-0.28,-2.91,5.44
-0.06,0.11,1.29,0.12,1.14,-0.3,-2.47,4.72
-0.04,0.11,1.29,0.13,1.17,-0.32,-1.9,4.89
-0.04,0.11,1.29,0.14,1.18,-0.32,-1.91,4.95
-0.04,0.12,1.29,0.15,1.18,-0.32,-1.57,5.27
-0.03,0.11,1.3,0.15,1.19,-0.33,-1.33,4.98
-0.02,0.12,1.31,0.16,1.18,-0.35,-0.71,5.11
-0.0,0.11,1.34,0.17,1.16,-0.37,-0.13,4.71
0.01,0.11,1.37,0.17,1.13,-0.4,0.48,4.64
0.03,0.11,1.41,0.18,1.14,-0.44,1.03,4.32
0.04,0.1,1.43,0.18,1.16,-0.48,1.44,4.05
0.05,0.09,1.45,0.18,1.18,-0.53,1.82,3.65
0.05,0.09,1.47,0.17,1.22,-0.57,1.83,3.38
0.05,0.08,1.48,0.16,1.27,-0.62,2.11,3.21
0.06,0.08,1.5,0.15,1.32,-0.66,2.23,2.96
0.06,0.07,1.51,0.15,1.37,-0.7,2.22,2.54
0.07,0.05,1.53,0.13,1.46,-0.75,2.78,1.8
0.08,0.03,1.55,0.12,1.55,-0.82,3.0,1.22
0.07,0.02,1.54,0.12,1.63,-0.86,2.5,0.86
0.06,0.01,1.52,0.1,1.72,-0.9,2.26,0.57
0.05,0.01,1.49,0.08,1.8,-0.91,2.06,0.21
0.04,-0.01,1.48,0.05,1.87,-0.92,1.73,-0.38
0.04,-0.03,1.48,0.02,1.95,-0.94,1.5,-0.98
0.03,-0.04,1.48,-0.02,1.99,-0.93,1.23,-1.4
0.03,-0.05,1.49,-0.05,2.05,-0.95,1.06,-2.08
0.04,-0.07,1.49,-0.09,2.12,-0.94,1.48,-2.81
0.04,-0.1,1.48,-0.1,2.19,-0.94,1.62,-3.98
0.03,-0.12,1.46,-0.13,2.27,-0.93,1.03,-4.59
0.0,-0.12,1.47,-0.16,2.34,-0.91,0.0,-4.76
-0.03,-0.13,1.48,-0.16,2.41,-0.86,-1.2,-5.09
-0.04,-0.14,1.49,-0.17,2.52,-0.81,-1.51,-5.53
-0.04,-0.16,1.5,-0.16,2.59,-0.74,-1.56,-6.19
-0.03,-0.18,1.5,-0.13,2.64,-0.68,-1.31,-6.74
-0.02,-0.19,1.5,-0.11,2.69,-0.61,-0.91,-7.11
-0.01,-0.21,1.51,-0.08,2.77,-0.56,-0.41,-7.81
0.01,-0.23,1.52,-0.03,2.82,-0.49,0.51,-8.64
0.04,-0.24,1.54,0.02,2.88,-0.43,1.48,-8.9
0.09,-0.26,1.56,0.1,2.92,-0.39,3.29,-9.31
0.13,-0.28,1.56,0.2,2.95,-0.37,4.58,-10.28
0.16,-0.31,1.54,0.32,2.98,-0.36,5.81,-11.23
0.16,-0.31,1.51,0.42,3.0,-0.36,5.85,-11.45
0.14,-0.29,1.46,0.54,3.01,-0.36,5.54,-10.97
0.15,-0.28,1.41,0.62,3.02,-0.33,5.85,-11.28
0.13,-0.28,1.36,0.68,3.04,-0.29,5.51,-11.64
0.14,-0.28,1.3,0.73,3.08,-0.26,6.0,-12.15
0.14,-0.27,1.24,0.74,3.14,-0.2,6.19,-12.22
0.14,-0.26,1.21,0.78,3.18,-0.15,6.64,-12.08
0.16,-0.25,1.18,0.77,3.23,-0.07,7.52,-11.68
0.2,-0.22,1.16,0.79,3.25,-0.0,9.47,-10.85
0.26,-0.23,1.12,0.79,3.26,0.05,12.79,-11.35
0.31,-0.22,1.07,0.77,3.29,0.08,15.76,-11.33
0.36,-0.21,1.01,0.73,3.31,0.08,19.36,-10.96
0.38,-0.19,0.94,0.7,3.29,0.08,21.73,-10.68
0.39,-0.18,0.88,0.62,3.28,0.05,23.42,-10.62
0.38,-0.17,0.86,0.52,3.29,0.05,23.27,-10.16
0.38,-0.16,0.88,0.43,3.31,0.04,22.83,-9.78
0.39,-0.15,0.9,0.38,3.32,0.04,22.87,-8.97
0.41,-0.17,0.92,0.35,3.28,0.04,23.41,-9.47
0.43,-0.19,0.94,0.33,3.24,0.02,24.16,-10.27
0.47,-0.2,0.96,0.35,3.18,0.0,25.57,-10.78
0.5,-0.22,0.98,0.39,3.1,-0.03,26.32,-11.11
0.5,-0.22,0.96,0.45,3.04,-0.08,26.65,-11.74
0.46,-0.22,0.93,0.49,3.01,-0.12,25.78,-12.04
0.41,-0.19,0.87,0.52,3.0,-0.15,24.6,-11.05
0.35,-0.15,0.81,0.52,2.99,-0.14,23.06,-9.91
0.31,-0.12,0.77,0.48,3.0,-0.12,21.84,-8.46
0.29,-0.09,0.75,0.43,2.98,-0.09,21.1,-6.39
0.28,-0.08,0.74,0.37,2.96,-0.03,20.53,-5.69
0.27,-0.09,0.74,0.36,2.91,0.02,20.23,-6.48
0.28,-0.1,0.75,0.34,2.88,0.07,20.6,-7.04
0.3,-0.09,0.75,0.35,2.86,0.12,21.6,-6.53
0.32,-0.09,0.73,0.34,2.85,0.18,23.31,-6.72
0.34,-0.1,0.7,0.35,2.84,0.21,25.53,-7.52
0.37,-0.11,0.71,0.39,2.8,0.23,27.05,-7.65
0.42,-0.12,0.72,0.42,2.86,0.23,29.64,-8.29
0.45,-0.13,0.7,0.48,2.88,0.21,32.7,-8.68
0.46,-0.14,0.67,0.52,2.92,0.18,33.86,-9.63
0.44,-0.13,0.65,0.59,2.93,0.13,33.18,-9.24
0.39,-0.11,0.65,0.66,2.94,0.08,31.04,-7.92
0.35,-0.07,0.64,0.7,2.92,0.07,28.57,-5.59
0.31,-0.03,0.61,0.74,2.86,0.06,27.19,-2.54
0.29,0.01,0.57,0.76,2.77,0.05,26.71,0.58
0.26,0.03,0.53,0.74,2.7,0.04,26.3,2.48
0.23,0.04,0.5,0.71,2.66,0.02,24.73,4.44
0.21,0.06,0.5,0.67,2.63,0.03,23.15,6.62
0.19,0.09,0.49,0.61,2.61,0.03,21.01,9.96
0.18,0.12,0.47,0.55,2.58,0.05,20.49,12.8
0.18,0.12,0.46,0.45,2.62,0.06,20.29,13.18
0.17,0.12,0.46,0.39,2.66,0.06,19.66,13.25
0.15,0.12,0.48,0.34,2.65,0.05,16.62,13.89
0.14,0.16,0.52,0.29,2.63,0.08,14.33,16.83
0.14,0.09,0.47,0.23,2.65,0.08,16.38,10.35
0.15,0.07,0.53,0.21,2.61,0.08,15.26,7.66
0.13,0.08,0.58,0.31,2.75,-0.08,13.04,7.6
0.14,0.1,0.59,0.26,2.53,0.06,12.92,9.14
0.14,0.09,0.57,0.31,2.46,0.07,13.22,9.02
0.15,0.09,0.56,0.36,2.42,0.06,14.69,8.63
0.15,0.09,0.56,0.43,2.35,0.05,15.25,8.39
0.16,0.1,0.57,0.5,2.31,0.03,15.37,10.06
0.14,0.11,0.56,0.55,2.3,-0.01,14.01,10.94
0.14,0.16,0.56,0.6,2.26,-0.02,13.47,15.88
0.09,0.17,0.5,0.67,2.18,-0.05,10.03,18.41
0.04,0.22,0.47,0.68,2.14,-0.1,4.52,24.73
-0.01,0.25,0.46,0.65,2.12,-0.14,-1.21,28.5
-0.05,0.28,0.46,0.62,2.07,-0.14,-5.42,31.53
-0.08,0.3,0.46,0.56,2.06,-0.16,-8.16,32.33
-0.1,0.33,0.47,0.5,2.02,-0.15,-10.39,34.36
-0.13,0.35,0.47,0.43,2.01,-0.15,-12.34,35.11
-0.16,0.37,0.45,0.34,1.97,-0.15,-15.37,37.74
-0.19,0.37,0.44,0.25,1.94,-0.15,-18.17,37.16
-0.22,0.36,0.47,0.17,1.94,-0.15,-19.96,35.01
-0.24,0.37,0.49,0.07,1.94,-0.14,-20.99,34.32
-0.25,0.36,0.51,-0.01,1.91,-0.11,-21.66,32.23
-0.25,0.34,0.52,-0.07,1.87,-0.09,-21.73,30.31
-0.24,0.32,0.54,-0.11,1.84,-0.09,-20.62,28.84
-0.22,0.3,0.56,-0.14,1.8,-0.08,-19.54,26.6
-0.22,0.27,0.57,-0.17,1.76,-0.09,-19.04,23.95
-0.2,0.25,0.6,-0.14,1.7,-0.08,-17.21,21.52
-0.18,0.22,0.62,-0.09,1.64,-0.08,-15.61,18.98
-0.18,0.21,0.64,-0.03,1.59,-0.08,-14.61,17.58
-0.18,0.21,0.65,0.03,1.52,-0.07,-14.92,17.6
-0.18,0.21,0.65,0.09,1.43,-0.07,-15.18,17.21
-0.21,0.22,0.67,0.17,1.33,-0.06,-16.76,17.33
-0.25,0.24,0.68,0.2,1.25,-0.06,-18.95,18.26
-0.27,0.27,0.7,0.24,1.16,-0.02,-20.1,19.68
-0.3,0.3,0.7,0.25,1.03,0.0,-21.39,21.42
-0.29,0.31,0.69,0.22,0.93,0.03,-21.26,22.28
-0.29,0.32,0.68,0.19,0.87,0.05,-21.07,23.15
-0.28,0.33,0.69,0.13,0.81,0.08,-20.2,23.96
-0.28,0.34,0.7,0.09,0.75,0.09,-20.22,24.24
-0.29,0.34,0.7,0.03,0.67,0.11,-20.26,24.16
-0.28,0.34,0.71,-0.06,0.62,0.12,-19.37,24.02
-0.24,0.32,0.72,-0.15,0.55,0.13,-16.97,23.07
-0.2,0.31,0.72,-0.23,0.49,0.15,-14.47,22.56
-0.17,0.29,0.71,-0.3,0.49,0.14,-12.21,21.87
-0.13,0.27,0.71,-0.35,0.47,0.12,-9.76,20.65
-0.09,0.25,0.72,-0.39,0.45,0.09,-6.54,18.76
-0.05,0.21,0.73,-0.41,0.42,0.07,-4.04,15.96
-0.02,0.16,0.76,-0.39,0.39,0.03,-1.56,12.2
-0.01,0.13,0.8,-0.38,0.38,-0.01,-0.47,9.43
-0.01,0.1,0.82,-0.32,0.37,-0.03,-0.44,7.22
-0.01,0.09,0.84,-0.27,0.35,-0.04,-0.84,5.79
-0.02,0.07,0.86,-0.16,0.48,-0.2,-1.59,4.77
-0.03,0.07,0.87,-0.15,0.32,-0.04,-2.15,4.44
-0.03,0.07,0.88,-0.07,0.27,-0.01,-2.17,4.6
-0.05,0.08,0.89,-0.02,0.24,-0.0,-3.37,5.12
-0.06,0.1,0.87,0.03,0.19,0.01,-3.79,6.35
-0.06,0.11,0.86,0.08,0.15,0.01,-3.9,7.03
-0.07,0.13,0.86,0.09,0.11,0.01,-4.35,8.68
-0.07,0.14,0.85,0.1,0.05,-0.01,-4.48,9.61
-0.08,0.17,0.84,0.2,0.14,-0.13,-5.66,11.58
-0.1,0.2,0.83,0.14,-0.03,-0.01,-6.41,13.26
-0.11,0.21,0.83,0.07,-0.03,-0.01,-7.52,14.24
-0.12,0.23,0.83,0.02,-0.06,-0.01,-8.06,15.35
-0.13,0.23,0.82,-0.05,-0.09,-0.03,-8.45,15.43
-0.12,0.22,0.82,-0.13,-0.08,-0.02,-8.28,15.14
-0.11,0.22,0.83,-0.21,-0.06,-0.04,-7.32,14.37
-0.1,0.19,0.85,-0.29,-0.05,-0.03,-6.26,12.27
-0.07,0.15,0.87,-0.34,-0.05,-0.03,-4.5,9.72
-0.03,0.12,0.9,-0.36,-0.06,-0.04,-2.1,7.76
-0.02,0.1,0.93,-0.36,-0.07,-0.04,-0.94,5.92
0.02,0.07,0.93,-0.35,-0.1,-0.03,1.07,4.49
0.04,0.05,0.94,-0.32,-0.12,-0.03,2.14,3.24
0.05,0.03,0.95,-0.29,-0.13,-0.04,3.02,1.93
0.07,0.01,0.97,-0.25,-0.14,-0.04,4.1,0.84
0.08,0.01,0.98,-0.2,-0.14,-0.04,4.86,0.36
0.09,-0.01,0.99,-0.15,-0.15,-0.03,5.03,-0.47
0.09,-0.01,1.0,-0.1,-0.13,-0.03,4.95,-0.77
0.07,-0.01,1.0,-0.03,-0.11,-0.02,4.02,-0.69
0.07,-0.0,1.0,0.01,-0.11,-0.0,3.78,-0.06
0.06,0.01,0.99,0.05,-0.12,0.02,3.52,0.7
0.06,0.03,0.98,0.07,-0.13,0.02,3.48,1.85
0.05,0.05,0.97,0.08,-0.13,0.02,3.19,2.72
0.03,0.06,0.95,0.07,-0.12,0.03,2.06,3.54
0.02,0.06,0.95,0.06,-0.12,0.03,1.24,3.64
0.01,0.07,0.95,0.03,-0.09,0.04,0.63,4.33
0.0,0.08,0.94,-0.0,-0.06,0.03,0.29,4.85
-0.0,0.07,0.93,-0.03,-0.05,0.04,-0.06,4.58
0.01,0.06,0.93,-0.06,-0.04,0.04,0.49,3.63
0.02,0.04,0.94,-0.07,-0.02,0.04,1.0,2.59
0.02,0.03,0.96,-0.07,-0.01,0.03,1.39,1.74
0.03,0.02,0.96,-0.06,-0.01,0.04,1.64,0.94
0.04,0.01,0.96,-0.04,-0.02,0.06,2.48,0.39
0.05,0.0,0.96,-0.01,-0.01,0.05,3.04,0.18
0.05,-0.0,0.96,0.02,-0.01,0.05,3.21,-0.08
0.05,0.0,0.95,0.07,-0.02,0.03,2.9,0.05
0.04,0.01,0.94,0.1,-0.03,0.04,2.17,0.32
0.03,0.01,0.94,0.14,-0.05,0.03,1.84,0.86
0.0,0.03,0.94,0.14,-0.03,0.02,0.07,2.08
-0.02,0.04,0.93,0.13,-0.02,0.02,-1.18,2.44
-0.03,0.05,0.94,0.12,-0.03,0.04,-1.84,2.85
-0.02,0.05,0.94,0.11,-0.02,0.05,-1.44,3.23
-0.03,0.06,0.95,0.07,-0.01,0.06,-1.87,3.51
-0.02,0.06,0.94,0.05,-0.02,0.07,-1.47,3.39
-0.02,0.05,0.95,0.03,-0.01,0.08,-1.01,3.09
-0.01,0.06,0.96,0.03,-0.02,0.08,-0.55,3.74
0.0,0.07,0.95,0.02,-0.03,0.08,0.05,4.12
0.01,0.08,0.95,0.02,-0.05,0.09,0.68,4.65
0.01,0.08,0.93,0.01,-0.08,0.09,0.56,5.03
0.02,0.09,0.93,-0.0,-0.11,0.07,1.09,5.31
0.02,0.09,0.93,-0.01,-0.1,0.06,1.13,5.33
0.03,0.08,0.92,-0.03,-0.09,0.05,1.69,4.85
0.03,0.07,0.93,-0.08,-0.08,0.04,1.82,4.48
0.04,0.06,0.94,-0.07,-0.08,0.03,2.2,3.85
0.04,0.06,0.95,-0.08,-0.07,0.03,2.45,3.7
0.06,0.06,0.95,-0.09,-0.07,0.03,3.37,3.49
0.07,0.05,0.95,-0.08,-0.06,0.03,4.42,3.19
0.09,0.05,0.95,-0.08,-0.08,0.03,5.21,3.22
0.09,0.05,0.95,-0.07,-0.05,-0.0,5.41,3.27
0.09,0.05,0.94,-0.08,-0.03,-0.01,5.56,3.22
0.1,0.06,0.94,-0.06,-0.02,-0.02,5.92,3.57
0.08,0.07,0.94,-0.06,-0.01,-0.03,5.1,3.96
0.08,0.06,0.94,-0.05,0.02,-0.04,4.85,3.82
0.07,0.06,0.94,-0.08,0.08,-0.04,4.05,3.63
0.06,0.05,0.95,-0.07,0.11,-0.05,3.67,3.07
0.05,0.05,0.97,-0.09,0.11,-0.04,3.15,2.66
0.05,0.04,0.97,-0.07,0.11,-0.03,2.82,2.58
0.04,0.04,0.98,-0.08,0.12,-0.02,2.36,2.05
0.04,0.03,0.97,-0.05,0.11,-0.0,2.15,1.77
0.04,0.02,0.97,-0.03,0.09,0.0,2.07,1.3
0.03,0.03,0.96,-0.0,0.1,0.01,1.49,1.75
0.02,0.04,0.96,-0.01,0.12,0.03,1.04,2.32
0.01,0.05,0.95,0.01,0.1,0.05,0.61,3.02
0.0,0.06,0.94,0.0,0.08,0.06,0.25,3.5
0.0,0.07,0.93,-0.0,0.08,0.06,0.02,4.18
0.0,0.07,0.92,0.01,0.05,0.05,0.2,4.45
0.01,0.08,0.92,-0.02,0.07,0.04,0.44,5.0
0.0,0.09,0.92,0.0,0.03,0.03,0.23,5.59
-0.0,0.1,0.91,0.01,0.01,0.02,-0.08,6.23
-0.01,0.1,0.91,-0.03,0.03,0.0,-0.33,6.39
-0.02,0.1,0.9,-0.04,0.02,0.01,-1.0,6.52
-0.02,0.11,0.91,-0.06,0.01,-0.01,-1.2,6.61
-0.02,0.1,0.91,-0.07,0.0,-0.02,-1.13,6.05
-0.03,0.09,0.93,-0.12,0.03,-0.01,-1.69,5.57
-0.02,0.08,0.94,-0.14,0.02,-0.0,-1.46,4.84
-0.01,0.07,0.94,-0.15,0.03,0.02,-0.55,4.33
-0.01,0.06,0.95,-0.16,0.01,0.04,-0.42,3.62
-0.0,0.07,0.95,-0.17,0.05,0.06,-0.16,4.1
0.0,0.07,0.94,-0.18,0.03,0.08,0.19,4.28
0.02,0.06,0.94,-0.17,0.01,0.09,1.37,3.38
0.05,0.04,0.94,-0.17,0.02,0.07,3.01,2.68
0.06,0.04,0.94,-0.15,0.05,0.07,3.39,2.48
0.06,0.03,0.95,-0.12,0.05,0.07,3.31,1.95
0.06,0.03,0.95,-0.07,0.03,0.06,3.82,1.63
0.06,0.03,0.94,-0.04,0.03,0.06,3.92,1.77
0.06,0.04,0.93,0.02,0.01,0.04,3.72,2.7
0.05,0.05,0.93,0.05,0.02,0.04,3.2,2.95
0.03,0.05,0.93,0.09,0.01,0.02,1.59,3.27
0.0,0.06,0.92,0.09,-0.0,0.02,0.23,3.85
-0.01,0.08,0.92,0.1,0.0,0.01,-0.71,4.75
-0.02,0.08,0.91,0.1,-0.01,0.02,-1.39,4.84
-0.02,0.08,0.91,0.1,-0.05,0.02,-1.41,5.03
-0.02,0.09,0.9,0.09,-0.05,0.02,-1.36,5.57
-0.03,0.1,0.89,0.08,-0.04,0.01,-2.0,6.33
-0.04,0.11,0.89,0.06,-0.05,0.01,-2.54,6.8
-0.04,0.11,0.88,0.02,-0.05,-0.0,-2.71,6.87
-0.04,0.11,0.88,-0.01,-0.08,-0.0,-2.45,7.13
-0.02,0.1,0.88,-0.07,-0.07,-0.02,-1.6,6.54
-0.02,0.09,0.88,-0.09,-0.06,-0.02,-1.26,6.12
-0.01,0.09,0.89,-0.1,-0.07,-0.03,-0.72,5.87
-0.01,0.08,0.89,-0.12,-0.07,-0.02,-0.9,5.1
-0.01,0.07,0.89,-0.14,-0.04,-0.04,-0.74,4.61
-0.0,0.07,0.89,-0.14,-0.06,-0.04,-0.2,4.32
0.0,0.06,0.89,-0.13,-0.07,-0.05,0.14,3.98
0.01,0.05,0.88,-0.15,-0.07,-0.07,0.69,3.45
0.01,0.04,0.89,-0.14,-0.08,-0.08,0.87,2.3
0.01,0.02,0.91,-0.13,-0.06,-0.09,0.64,1.57
0.0,0.02,0.92,-0.1,-0.07,-0.08,0.05,1.49
-0.0,0.02,0.93,-0.04,-0.06,-0.06,-0.16,1.48
-0.01,0.04,0.92,-0.02,-0.07,-0.06,-0.71,2.23
-0.02,0.05,0.9,0.01,-0.09,-0.06,-1.51,3.4
-0.04,0.06,0.89,0.05,-0.12,-0.07,-2.47,3.83
-0.06,0.07,0.88,0.07,-0.15,-0.08,-3.86,4.69
-0.08,0.09,0.87,0.08,-0.16,-0.08,-4.95,5.8
-0.09,0.11,0.88,0.1,-0.2,-0.06,-5.88,6.96
-0.12,0.12,0.86,0.1,-0.23,-0.07,-7.76,8.09
-0.14,0.14,0.84,0.07,-0.26,-0.05,-9.0,9.4
-0.15,0.15,0.84,0.04,-0.25,-0.05,-10.18,9.96
-0.17,0.17,0.83,-0.0,-0.25,-0.04,-11.19,11.12
-0.19,0.18,0.83,-0.02,-0.27,-0.01,-12.34,11.84
-0.2,0.18,0.81,-0.06,-0.28,0.01,-13.6,12.2
-0.19,0.19,0.81,-0.11,-0.29,0.02,-13.1,12.51
-0.17,0.17,0.81,-0.13,-0.28,0.05,-11.55,11.71
-0.16,0.16,0.8,-0.13,-0.32,0.07,-11.18,10.91
-0.17,0.15,0.81,-0.1,-0.32,0.08,-11.5,10.57
-0.18,0.16,0.8,-0.09,-0.33,0.11,-12.11,11.2
-0.18,0.17,0.79,-0.04,-0.34,0.13,-12.72,11.93
-0.18,0.16,0.78,0.02,-0.35,0.16,-13.07,11.35
-0.19,0.15,0.76,0.09,-0.37,0.19,-13.81,11.07
-0.2,0.16,0.76,0.16,-0.38,0.21,-14.6,11.68
-0.22,0.19,0.75,0.24,-0.41,0.25,-15.94,13.41
-0.23,0.21,0.73,0.33,-0.48,0.28,-17.05,15.56
-0.26,0.26,0.7,0.42,-0.57,0.32,-18.84,19.1
-0.28,0.3,0.65,0.48,-0.66,0.32,-21.45,22.64
-0.3,0.33,0.61,0.52,-0.78,0.32,-23.25,25.95
-0.33,0.38,0.58,0.55,-0.91,0.32,-25.24,29.5
-0.35,0.42,0.55,0.54,-1.03,0.3,-26.91,32.34
-0.36,0.45,0.53,0.53,-1.19,0.29,-27.53,35.34
-0.38,0.48,0.5,0.47,-1.33,0.26,-28.35,37.77
-0.39,0.51,0.47,0.4,-1.49,0.26,-29.35,40.01
-0.4,0.53,0.45,0.32,-1.66,0.24,-29.92,41.45
-0.38,0.52,0.43,0.23,-1.78,0.21,-29.45,41.95
-0.36,0.51,0.43,0.12,-1.88,0.2,-28.42,42.42
-0.31,0.48,0.43,0.03,-2.0,0.21,-25.75,42.1
-0.28,0.47,0.43,-0.04,-2.12,0.19,-23.49,42.58
-0.24,0.44,0.42,-0.11,-2.21,0.17,-21.36,42.37
-0.22,0.42,0.41,-0.14,-2.3,0.15,-20.67,42.09
-0.19,0.38,0.41,-0.21,-2.39,0.14,-18.56,40.04
-0.18,0.34,0.42,-0.22,-2.46,0.13,-18.14,36.92
-0.17,0.31,0.44,-0.24,-2.51,0.13,-17.61,33.66
-0.18,0.29,0.45,-0.27,-2.57,0.14,-18.22,31.34
-0.18,0.26,0.46,-0.27,-2.63,0.18,-19.08,27.91
-0.2,0.24,0.46,-0.26,-2.7,0.23,-21.46,25.37
-0.21,0.22,0.47,-0.27,-2.76,0.28,-22.32,22.76
-0.22,0.19,0.48,-0.25,-2.86,0.37,-22.53,19.63
-0.2,0.18,0.49,-0.23,-2.95,0.44,-21.56,18.61
-0.16,0.16,0.47,-0.19,-3.06,0.5,-18.04,18.0
-0.1,0.14,0.45,-0.16,-3.22,0.56,-12.46,16.57
0.01,0.1,0.43,-0.12,-3.36,0.58,0.76,13.55
0.12,0.08,0.44,-0.05,-3.55,0.58,15.1,9.48
0.24,0.05,0.44,0.03,-3.77,0.54,28.81,5.9
0.36,0.02,0.45,0.12,-3.95,0.44,38.59,2.05
0.44,0.01,0.43,0.21,-4.06,0.32,45.05,0.69
0.47,0.03,0.41,0.26,-4.1,0.19,49.06,2.73
0.45,0.04,0.42,0.23,-4.08,0.09,47.07,3.84
0.41,0.05,0.45,0.13,-3.95,0.02,42.49,4.87
0.36,0.07,0.49,0.0,-3.82,-0.02,36.29,6.57
0.32,0.07,0.54,-0.14,-3.74,-0.01,30.66,6.65
0.29,0.03,0.6,-0.31,-3.64,0.02,26.04,2.48
0.26,-0.04,0.67,-0.47,-3.52,0.08,21.61,-3.56
0.25,-0.14,0.79,-0.55,-3.37,0.16,17.02,-9.82
0.2,-0.21,0.91,-0.59,-3.25,0.28,11.99,-12.64
0.16,-0.25,1.0,-0.54,-3.16,0.4,8.87,-14.0
0.13,-0.27,1.03,-0.45,-3.08,0.56,6.86,-14.64
0.11,-0.28,1.03,-0.36,-3.02,0.7,5.67,-15.24
0.08,-0.29,1.02,-0.22,-2.98,0.85,4.42,-15.91
0.1,-0.3,1.02,-0.09,-2.93,0.99,5.29,-16.38
0.16,-0.25,1.05,0.05,-2.95,1.14,8.63,-13.39
0.32,-0.21,1.04,0.22,-3.0,1.22,16.69,-10.7
0.49,-0.2,0.99,0.37,-3.1,1.23,25.96,-10.4
0.64,-0.21,0.93,0.51,-3.21,1.11,33.94,-10.79
0.7,-0.2,0.89,0.63,-3.28,0.93,37.42,-9.95
0.66,-0.18,0.88,0.71,-3.31,0.73,36.01,-9.33
0.57,-0.1,0.82,0.75,-3.31,0.58,34.75,-5.69
0.47,-0.03,0.83,0.74,-3.34,0.5,29.4,-1.75
0.37,0.08,0.79,0.66,-3.36,0.48,24.88,4.93
0.35,0.12,0.73,0.51,-3.4,0.49,25.38,8.36
0.35,0.1,0.72,0.29,-3.43,0.5,25.7,6.92
0.35,0.06,0.77,0.09,-3.39,0.52,24.34,4.06
0.34,0.04,0.81,-0.11,-3.32,0.55,22.65,2.68
0.31,0.04,0.83,-0.3,-3.21,0.59,20.66,2.76
0.28,0.04,0.82,-0.52,-3.09,0.64,18.62,2.45
0.24,0.01,0.83,-0.75,-2.98,0.72,16.34,0.96
0.22,-0.03,0.87,-0.94,-2.86,0.8,14.29,-1.89
0.22,-0.08,0.93,-1.1,-2.74,0.86,13.31,-4.85
0.23,-0.13,0.98,-1.22,-2.63,0.94,12.86,-7.53
0.24,-0.17,1.03,-1.31,-2.52,0.97,12.78,-9.18
0.27,-0.21,1.12,-1.33,-2.52,1.0,13.52,-10.14
0.39,-0.25,1.23,-1.28,-2.53,1.0,17.48,-11.03
0.5,-0.32,1.35,-1.19,-2.55,0.93,19.67,-12.36
0.57,-0.38,1.46,-0.98,-2.56,0.79,20.77,-13.72
0.6,-0.42,1.53,-0.73,-2.56,0.59,20.78,-14.3
0.56,-0.39,1.55,-0.45,-2.52,0.38,19.22,-13.42
0.5,-0.29,1.53,-0.16,-2.55,0.23,17.62,-10.13
0.44,-0.31,1.45,0.07,-2.64,0.1,16.57,-11.58
0.37,-0.23,1.35,0.21,-2.7,-0.03,15.34,-9.43
0.28,-0.14,1.25,0.33,-2.75,-0.09,12.41,-6.28
0.2,-0.05,1.15,0.33,-2.74,-0.1,10.04,-2.59
0.16,0.01,1.04,0.27,-2.76,-0.05,8.97,0.77
0.15,0.06,0.93,0.13,-2.78,0.01,9.22,3.91
0.15,0.09,0.87,-0.06,-2.72,0.08,9.72,5.75
0.15,0.08,0.83,-0.32,-2.65,0.16,10.31,5.47
0.16,0.06,0.83,-0.56,-2.59,0.24,10.97,3.84
0.16,0.02,0.85,-0.78,-2.49,0.32,10.54,1.49
0.14,-0.0,0.88,-0.98,-2.37,0.4,8.88,-0.19
0.11,-0.04,0.89,-1.14,-2.27,0.47,7.02,-2.28
0.08,-0.06,0.92,-1.27,-2.17,0.56,4.8,-3.72
0.05,-0.08,0.97,-1.36,-2.16,0.65,3.15,-4.89
0.06,-0.12,1.04,-1.39,-2.15,0.73,3.16,-6.37
0.12,-0.18,1.18,-1.41,-2.16,0.77,5.6,-8.44
0.18,-0.22,1.3,-1.31,-2.18,0.77,7.89,-9.57
0.25,-0.26,1.4,-1.17,-2.22,0.71,10.06,-10.35
0.28,-0.26,1.48,-0.98,-2.23,0.61,10.65,-9.73
0.21,-0.26,1.49,-0.78,-2.17,0.49,7.89,-9.67
0.29,-0.19,1.49,-0.6,-2.25,0.4,11.05,-7.01
0.29,-0.17,1.41,-0.44,-2.3,0.3,11.59,-6.78
0.29,-0.12,1.33,-0.34,-2.4,0.2,12.04,-4.84
0.27,-0.08,1.26,-0.31,-2.44,0.11,12.26,-3.44
0.25,-0.06,1.2,-0.35,-2.48,0.06,11.82,-2.84
0.23,-0.05,1.15,-0.4,-2.5,0.02,11.41,-2.43
0.22,-0.05,1.13,-0.47,-2.48,0.02,10.93,-2.36
0.2,-0.06,1.12,-0.62,-2.41,0.01,9.9,-2.78
0.17,-0.07,1.12,-0.73,-2.35,0.02,8.73,-3.71
0.13,-0.09,1.13,-0.83,-2.27,0.05,6.73,-4.47
0.09,-0.1,1.16,-0.94,-2.19,0.09,4.38,-4.93
-0.02,-0.13,1.15,-1.02,-2.08,0.15,-1.19,-6.45
0.0,-0.09,1.21,-1.09,-2.02,0.23,0.06,-4.5
-0.02,-0.15,1.19,-1.13,-1.91,0.33,-1.19,-7.26
-0.06,-0.16,1.22,-1.15,-1.81,0.4,-2.82,-7.3
-0.09,-0.15,1.26,-1.15,-1.72,0.48,-4.27,-7.01
-0.12,-0.16,1.35,-1.1,-1.72,0.57,-5.11,-6.6
-0.14,-0.16,1.47,-0.97,-1.73,0.61,-5.37,-6.25
-0.13,-0.18,1.57,-0.76,-1.73,0.61,-4.79,-6.37
-0.13,-0.18,1.61,-0.5,-1.7,0.6,-4.5,-6.3
-0.07,-0.18,1.61,-0.26,-1.72,0.56,-2.54,-6.54
-0.03,-0.18,1.56,-0.03,-1.74,0.48,-1.23,-6.5
0.0,-0.15,1.51,0.2,-1.81,0.41,0.02,-5.57
0.01,-0.13,1.43,0.38,-1.83,0.32,0.58,-5.24
0.02,-0.07,1.35,0.48,-1.88,0.26,1.06,-3.19
0.03,-0.04,1.26,0.58,-1.91,0.22,1.3,-1.88
0.04,-0.03,1.2,0.61,-1.95,0.2,1.94,-1.26
0.05,-0.01,1.14,0.59,-1.94,0.18,2.74,-0.43
0.07,0.01,1.1,0.54,-1.92,0.2,3.51,0.51
0.09,0.03,1.08,0.48,-1.92,0.22,4.5,1.39
0.11,0.04,1.07,0.36,-1.89,0.23,6.07,1.91
0.14,0.04,1.06,0.23,-1.86,0.24,7.55,2.27
0.16,0.04,1.07,0.07,-1.81,0.25,8.49,2.3
0.15,0.04,1.1,-0.1,-1.76,0.25,7.72,1.89
0.11,0.02,1.14,-0.26,-1.71,0.23,5.67,1.17
0.05,0.02,1.18,-0.4,-1.65,0.22,2.46,0.91
-0.02,0.01,1.22,-0.51,-1.61,0.22,-1.13,0.68
-0.1,0.01,1.27,-0.54,-1.61,0.24,-4.51,0.64
-0.17,0.01,1.33,-0.55,-1.62,0.27,-7.44,0.48
-0.23,0.0,1.43,-0.52,-1.6,0.27,-9.2,0.07
-0.3,-0.0,1.44,-0.43,-1.61,0.28,-11.77,-0.06
-0.28,0.02,1.51,-0.32,-1.64,0.25,-10.5,0.79
-0.24,-0.04,1.54,-0.21,-1.58,0.23,-8.8,-1.62
-0.24,-0.02,1.53,-0.11,-1.53,0.17,-8.87,-0.92
-0.26,0.01,1.49,-0.03,-1.46,0.12,-9.8,0.49
-0.27,0.02,1.45,0.04,-1.41,0.09,-10.5,0.73
-0.28,0.02,1.4,0.1,-1.38,0.07,-11.36,0.98
-0.29,0.03,1.34,0.16,-1.33,0.06,-12.36,1.44
-0.31,0.05,1.3,0.18,-1.31,0.07,-13.41,2.21
-0.31,0.05,1.26,0.23,-1.28,0.11,-13.79,2.35
-0.31,0.06,1.24,0.23,-1.25,0.15,-13.85,2.63
-0.3,0.06,1.23,0.25,-1.21,0.19,-13.79,2.54
-0.3,0.05,1.23,0.24,-1.17,0.22,-13.55,2.49
-0.29,0.05,1.22,0.26,-1.13,0.26,-13.12,2.4
-0.27,0.05,1.22,0.29,-1.12,0.29,-12.41,2.13
-0.25,0.05,1.2,0.28,-1.06,0.3,-11.56,2.32
-0.23,0.06,1.19,0.28,-1.02,0.31,-11.11,2.8
-0.23,0.07,1.19,0.26,-1.01,0.33,-10.94,3.3
-0.24,0.08,1.19,0.26,-0.98,0.35,-11.36,3.73
-0.24,0.09,1.19,0.25,-0.94,0.37,-11.45,4.27
-0.24,0.09,1.21,0.25,-0.94,0.4,-11.18,4.34
-0.24,0.09,1.24,0.25,-0.94,0.42,-10.81,4.3
-0.24,0.09,1.28,0.33,-0.81,0.29,-10.62,4.05
-0.24,0.1,1.31,0.29,-0.92,0.4,-10.46,4.25
-0.24,0.1,1.31,0.32,-0.91,0.37,-10.13,4.28
-0.23,0.1,1.31,0.35,-0.88,0.35,-9.96,4.44
-0.22,0.11,1.3,0.38,-0.88,0.33,-9.64,4.71
-0.22,0.11,1.28,0.39,-0.85,0.31,-9.61,5.05
-0.21,0.11,1.26,0.39,-0.81,0.3,-9.54,5.05
-0.2,0.12,1.24,0.38,-0.79,0.3,-9.08,5.26
-0.2,0.11,1.22,0.38,-0.78,0.28,-9.44,4.97
-0.21,0.11,1.21,0.34,-0.73,0.28,-9.73,5.03
-0.2,0.1,1.2,0.34,-0.7,0.27,-9.59,4.66
-0.19,0.09,1.21,0.32,-0.66,0.26,-8.91,4.02
-0.18,0.07,1.21,0.31,-0.63,0.24,-8.33,3.42
-0.16,0.06,1.19,0.29,-0.59,0.21,-7.6,2.78
-0.16,0.05,1.17,0.28,-0.54,0.2,-7.86,2.62
-0.17,0.06,1.15,0.28,-0.52,0.18,-8.41,2.97
-0.18,0.06,1.14,0.28,-0.51,0.19,-8.92,2.85
-0.18,0.06,1.12,0.28,-0.49,0.19,-9.03,3.13
-0.16,0.06,1.14,0.28,-0.48,0.21,-7.89,2.86
-0.12,0.04,1.17,0.3,-0.46,0.2,-6.06,2.18
-0.1,0.04,1.2,0.31,-0.39,0.18,-4.78,2.05
-0.07,0.04,1.19,0.31,-0.34,0.15,-3.52,1.82
-0.06,0.04,1.17,0.29,-0.26,0.1,-2.78,1.93
-0.05,0.05,1.13,0.28,-0.22,0.08,-2.74,2.5
-0.06,0.05,1.1,0.27,-0.19,0.05,-3.31,2.74
-0.08,0.06,1.06,0.26,-0.21,0.04,-4.45,3.2
-0.08,0.08,1.03,0.26,-0.2,0.05,-4.42,4.16
-0.06,0.08,1.04,0.23,-0.2,0.09,-3.19,4.54
-0.02,0.08,1.05,0.22,-0.19,0.1,-1.26,4.59
-0.01,0.07,1.06,0.2,-0.19,0.1,-0.57,3.89
-0.0,0.06,1.07,0.17,-0.18,0.08,-0.11,3.38
-0.01,0.07,1.07,0.16,-0.18,0.08,-0.71,3.78
-0.03,0.07,1.08,0.14,-0.18,0.07,-1.76,3.81
-0.03,0.08,1.07,0.15,-0.2,0.06,-1.45,4.36
-0.02,0.07,1.06,0.15,-0.19,0.06,-1.32,3.74
-0.04,0.05,1.06,0.16,-0.2,0.06,-2.21,2.9
-0.06,0.05,1.06,0.18,-0.22,0.05,-2.99,2.81
-0.06,0.05,1.05,0.2,-0.25,0.06,-3.38,2.8
-0.07,0.05,1.03,0.21,-0.26,0.08,-3.72,2.75
-0.07,0.05,1.03,0.23,-0.3,0.11,-4.01,2.79
-0.06,0.04,1.05,0.24,-0.29,0.13,-3.07,2.42
-0.05,0.04,1.06,0.26,-0.31,0.14,-2.88,2.07
-0.02,0.04,1.06,0.27,-0.3,0.15,-1.31,2.26
-0.02,0.05,1.07,0.25,-0.27,0.16,-1.23,2.64
-0.01,0.05,1.07,0.23,-0.25,0.18,-0.66,2.59
-0.01,0.05,1.08,0.23,-0.25,0.19,-0.37,2.49
-0.0,0.04,1.1,0.2,-0.21,0.17,-0.18,2.15
0.01,0.04,1.11,0.18,-0.17,0.16,0.46,1.96
0.02,0.03,1.12,0.17,-0.14,0.13,0.82,1.54
0.0,0.03,1.12,0.16,-0.1,0.11,0.12,1.34
-0.01,0.02,1.11,0.15,-0.07,0.08,-0.63,1.18
-0.03,0.02,1.1,0.14,-0.04,0.06,-1.8,0.91
-0.04,0.02,1.08,0.16,-0.02,0.06,-2.31,1.26
-0.05,0.02,1.07,0.17,-0.03,0.07,-2.6,1.28
-0.05,0.02,1.06,0.18,-0.0,0.06,-2.49,0.91
-0.03,0.02,1.06,0.2,0.02,0.06,-1.71,1.23
-0.03,0.02,1.05,0.2,0.03,0.06,-1.4,1.33
-0.01,0.03,1.03,0.22,0.01,0.06,-0.44,1.87
0.01,0.04,1.02,0.21,0.01,0.06,0.62,2.45
0.02,0.05,1.03,0.21,-0.01,0.06,1.26,2.69
0.06,0.05,1.04,0.2,-0.02,0.06,3.21,2.98
0.09,0.05,1.04,0.18,-0.04,0.04,5.19,2.69
0.12,0.05,1.02,0.14,-0.03,0.0,6.82,3.0
0.14,0.05,1.01,0.08,-0.02,-0.02,7.7,2.91
0.13,0.06,0.99,0.01,-0.03,-0.04,7.68,3.44
0.12,0.07,0.97,-0.05,-0.04,-0.06,6.8,3.86
0.1,0.06,0.96,-0.1,-0.04,-0.07,5.88,3.48
0.08,0.05,0.97,-0.18,-0.05,-0.05,4.69,3.07
0.07,0.05,0.99,-0.21,-0.05,-0.05,3.81,2.71
0.05,0.04,1.01,-0.25,-0.07,-0.04,2.74,2.47
0.04,0.03,1.03,-0.27,-0.07,-0.04,2.31,1.95
0.02,0.03,1.05,-0.3,-0.05,-0.04,1.16,1.51
0.0,0.02,1.07,-0.3,-0.04,-0.04,0.0,1.29
-0.03,0.02,1.08,-0.29,-0.03,-0.04,-1.69,1.1
-0.05,0.02,1.09,-0.27,-0.03,-0.03,-2.63,0.86
-0.07,0.01,1.1,-0.26,-0.01,-0.03,-3.53,0.64
-0.08,0.01,1.09,-0.21,-0.01,-0.01,-4.29,0.57
-0.09,0.02,1.09,-0.15,-0.03,-0.0,-4.91,0.95
-0.09,0.02,1.08,-0.1,-0.04,0.01,-4.68,1.14
-0.07,0.02,1.08,-0.06,-0.05,0.01,-3.64,1.1
-0.04,0.02,1.08,-0.04,-0.03,0.02,-2.17,1.25
-0.02,0.03,1.06,0.0,-0.04,0.01,-1.27,1.76
-0.01,0.04,1.03,0.03,-0.06,0.02,-0.65,2.48
-0.01,0.05,1.02,0.03,-0.05,0.02,-0.32,2.7
0.01,0.06,1.02,0.02,-0.08,0.04,0.5,3.2
0.01,0.06,1.01,0.04,-0.12,0.05,0.36,3.25
0.02,0.06,1.02,0.04,-0.15,0.05,1.03,3.29
0.02,0.05,1.03,0.04,-0.15,0.05,1.26,2.92
0.03,0.05,1.03,0.04,-0.17,0.03,1.7,2.88
0.03,0.05,1.03,0.05,-0.19,0.04,1.45,2.93
0.01,0.05,1.03,0.05,-0.22,0.04,0.79,2.75
0.01,0.05,1.03,0.03,-0.2,0.04,0.6,2.8
0.01,0.05,1.05,0.04,-0.22,0.06,0.3,2.58
-0.0,0.04,1.05,0.04,-0.21,0.07,-0.1,2.22
-0.0,0.03,1.05,0.05,-0.21,0.05,-0.17,1.89
-0.01,0.04,1.04,0.05,-0.19,0.07,-0.6,1.95
-0.03,0.04,1.03,0.06,-0.21,0.08,-1.45,2.46
-0.02,0.05,1.02,0.08,-0.25,0.11,-1.18,2.7
-0.02,0.04,1.03,0.09,-0.28,0.12,-1.21,2.42
-0.01,0.04,1.04,0.11,-0.3,0.13,-0.74,2.23
-0.01,0.04,1.04,0.1,-0.3,0.14,-0.74,2.21
-0.01,0.05,1.03,0.11,-0.32,0.15,-0.57,2.93
-0.01,0.05,1.04,0.11,-0.34,0.16,-0.74,2.85
-0.02,0.05,1.05,0.1,-0.34,0.16,-1.15,2.86
-0.02,0.05,1.05,0.09,-0.35,0.16,-0.85,2.54
-0.03,0.05,1.06,0.1,-0.38,0.16,-1.44,2.63
-0.03,0.04,1.07,0.1,-0.39,0.17,-1.86,2.36
-0.05,0.04,1.08,0.11,-0.36,0.15,-2.44,2.26
-0.04,0.04,1.09,0.12,-0.35,0.14,-2.05,2.16
-0.03,0.04,1.1,0.15,-0.35,0.14,-1.75,2.06
-0.01,0.04,1.1,0.17,-0.34,0.13,-0.55,2.33
0.02,0.04,1.11,0.15,-0.29,0.11,0.83,2.02
0.04,0.04,1.1,0.11,-0.24,0.09,2.2,1.9
0.06,0.05,1.1,0.09,-0.21,0.06,2.98,2.37
0.07,0.05,1.08,0.04,-0.16,0.04,3.57,2.62
0.06,0.05,1.07,-0.01,-0.1,0.02,2.95,2.47
0.04,0.05,1.07,-0.06,-0.06,0.01,2.11,2.43
0.02,0.04,1.05,-0.08,-0.03,0.0,0.85,2.01
-0.0,0.04,1.05,-0.11,-0.02,-0.0,-0.04,2.04
-0.03,0.03,1.05,-0.1,-0.01,-0.01,-1.42,1.59
-0.05,0.03,1.05,-0.08,-0.01,-0.0,-2.55,1.4
-0.05,0.03,1.04,-0.05,-0.04,0.01,-2.8,1.72
-0.05,0.04,1.03,-0.01,-0.08,0.03,-2.72,2.01
-0.04,0.04,1.03,0.02,-0.09,0.03,-2.05,2.11
-0.02,0.05,1.04,0.04,-0.12,0.03,-1.3,2.48
0.01,0.05,1.05,0.04,-0.14,0.04,0.38,2.58
0.02,0.04,1.04,0.06,-0.18,0.02,1.29,2.22
0.02,0.05,1.03,0.05,-0.2,0.01,1.08,2.95
0.01,0.04,1.02,0.03,-0.21,0.01,0.82,2.5
0.0,0.05,1.03,0.0,-0.2,0.01,0.25,2.95
-0.01,0.05,1.03,-0.02,-0.2,0.03,-0.49,2.94
0.01,0.05,1.04,-0.03,-0.21,0.03,0.82,2.56
-0.01,0.06,1.04,-0.06,-0.17,0.03,-0.31,3.05
-0.03,0.04,1.05,-0.09,-0.15,0.05,-1.55,2.1
-0.04,0.04,1.05,-0.09,-0.14,0.05,-2.06,2.23
-0.07,0.04,1.07,-0.07,-0.14,0.07,-3.56,1.93
-0.08,0.04,1.08,-0.05,-0.12,0.08,-4.42,1.95
-0.09,0.03,1.09,-0.01,-0.12,0.09,-4.55,1.62
-0.09,0.04,1.11,0.02,-0.13,0.09,-4.57,1.88
-0.08,0.04,1.11,0.07,-0.13,0.07,-4.34,1.94
-0.07,0.04,1.1,0.12,-0.15,0.07,-3.41,2.24
-0.05,0.05,1.09,0.13,-0.15,0.06,-2.5,2.84
-0.03,0.06,1.08,0.15,-0.16,0.05,-1.34,3.23
-0.01,0.07,1.07,0.16,-0.18,0.05,-0.53,3.66
0.01,0.07,1.06,0.14,-0.16,0.03,0.41,4.0
0.02,0.08,1.06,0.11,-0.16,0.04,1.18,4.36
0.03,0.08,1.06,0.07,-0.15,0.03,1.72,4.31
0.03,0.07,1.06,0.04,-0.15,0.02,1.82,3.93
0.03,0.07,1.07,-0.02,-0.13,-0.0,1.87,3.62
0.03,0.06,1.08,-0.06,-0.12,-0.0,1.36,3.37
0.02,0.05,1.09,-0.09,-0.09,-0.02,0.85,2.86
0.0,0.05,1.09,-0.11,-0.07,-0.04,0.04,2.62
-0.01,0.04,1.08,-0.14,-0.04,-0.05,-0.67,2.04
-0.04,0.04,1.08,-0.15,-0.03,-0.06,-2.11,2.07
-0.06,0.03,1.08,-0.15,-0.01,-0.05,-2.98,1.54
-0.08,0.03,1.08,-0.14,-0.01,-0.05,-4.1,1.34
-0.09,0.02,1.08,-0.12,-0.0,-0.05,-4.71,1.08
-0.1,0.02,1.08,-0.1,0.0,-0.03,-5.13,1.12
-0.1,0.02,1.08,-0.06,-0.03,-0.02,-5.37,1.27
-0.1,0.03,1.09,-0.03,-0.01,-0.02,-5.12,1.64
-0.09,0.03,1.08,0.0,-0.03,-0.01,-4.61,1.39
-0.07,0.03,1.08,0.02,-0.04,-0.0,-3.96,1.56
-0.06,0.03,1.07,0.05,-0.05,-0.01,-2.98,1.61
-0.05,0.04,1.07,0.06,-0.07,-0.01,-2.66,1.92
-0.03,0.04,1.06,0.06,-0.06,-0.01,-1.53,2.39
-0.02,0.05,1.05,0.02,-0.04,0.01,-1.0,2.96
-0.01,0.06,1.05,0.01,-0.05,0.03,-0.8,3.06
-0.02,0.05,1.06,-0.01,-0.06,0.04,-1.02,2.81
-0.03,0.05,1.08,-0.03,-0.04,0.04,-1.4,2.68
-0.03,0.05,1.08,-0.03,-0.04,0.04,-1.73,2.39
-0.04,0.04,1.08,-0.03,-0.02,0.03,-2.21,2.23
-0.04,0.05,1.08,-0.03,-0.03,0.03,-2.3,2.54
-0.05,0.05,1.09,-0.03,-0.02,0.03,-2.48,2.59
-0.04,0.05,1.1,-0.04,-0.0,0.04,-2.3,2.63
-0.05,0.05,1.11,-0.04,0.0,0.04,-2.36,2.65
-0.06,0.06,1.11,-0.02,0.0,0.03,-2.89,3.06
-0.05,0.07,1.12,-0.02,0.03,0.02,-2.77,3.48
-0.06,0.07,1.12,-0.03,0.04,0.02,-2.95,3.52
-0.06,0.08,1.12,-0.04,0.05,0.0,-3.02,4.2
-0.06,0.08,1.12,-0.03,0.07,-0.01,-3.04,4.05
-0.05,0.09,1.11,-0.02,0.08,-0.02,-2.58,4.46
-0.04,0.08,1.1,-0.04,0.1,-0.01,-2.13,4.27
-0.03,0.09,1.1,-0.04,0.09,-0.02,-1.75,4.77
-0.04,0.09,1.11,-0.05,0.08,-0.03,-1.99,4.9
-0.04,0.09,1.1,-0.08,0.09,-0.05,-2.21,4.89
-0.06,0.1,1.1,-0.12,0.1,-0.06,-3.04,5.36
-0.06,0.11,1.1,-0.14,0.09,-0.06,-3.13,5.72
-0.07,0.11,1.1,-0.17,0.07,-0.07,-3.84,5.66
-0.09,0.11,1.11,-0.22,0.09,-0.08,-4.64,5.86
-0.1,0.11,1.12,-0.24,0.07,-0.08,-5.24,5.75
-0.11,0.12,1.15,-0.28,0.08,-0.08,-5.61,5.86
-0.13,0.13,1.19,-0.31,0.07,-0.08,-6.15,6.12
-0.15,0.13,1.22,-0.33,0.09,-0.11,-6.83,6.26
-0.16,0.14,1.26,-0.38,0.12,-0.13,-7.2,6.41
-0.17,0.15,1.29,-0.38,0.14,-0.16,-7.64,6.5
-0.19,0.16,1.35,-0.4,0.17,-0.18,-8.12,6.68
-0.2,0.17,1.41,-0.42,0.25,-0.22,-8.12,6.65
-0.2,0.17,1.46,-0.43,0.36,-0.29,-7.78,6.62
-0.2,0.17,1.51,-0.44,0.45,-0.36,-7.64,6.27
-0.21,0.17,1.53,-0.45,0.59,-0.45,-7.78,6.18
-0.21,0.16,1.53,-0.44,0.69,-0.53,-7.79,6.02
-0.21,0.16,1.5,-0.46,0.83,-0.61,-8.01,6.08
-0.21,0.16,1.46,-0.45,0.92,-0.68,-8.24,6.21
-0.22,0.16,1.42,-0.47,1.0,-0.72,-8.83,6.17
-0.23,0.14,1.38,-0.49,1.08,-0.77,-9.4,5.76
-0.24,0.12,1.34,-0.5,1.16,-0.8,-10.05,5.17
-0.25,0.12,1.29,-0.5,1.2,-0.81,-10.91,5.05
-0.27,0.1,1.26,-0.49,1.22,-0.79,-11.82,4.56
-0.27,0.1,1.24,-0.5,1.27,-0.8,-12.48,4.57
-0.29,0.1,1.23,-0.48,1.27,-0.75,-13.2,4.43
-0.28,0.08,1.23,-0.46,1.31,-0.73,-12.81,3.63
-0.28,0.07,1.25,-0.42,1.31,-0.7,-12.75,3.17
-0.27,0.06,1.27,-0.39,1.31,-0.69,-12.21,2.86
-0.25,0.06,1.28,-0.36,1.33,-0.68,-11.1,2.76
-0.23,0.06,1.31,-0.34,1.34,-0.67,-10.06,2.58
-0.22,0.06,1.33,-0.33,1.38,-0.67,-9.22,2.62
-0.2,0.07,1.36,-0.32,1.42,-0.67,-8.29,2.92
-0.19,0.07,1.39,-0.35,1.49,-0.67,-7.75,2.75
-0.18,0.08,1.42,-0.37,1.54,-0.66,-7.15,3.01
-0.16,0.08,1.46,-0.39,1.62,-0.69,-6.41,3.03
-0.15,0.07,1.49,-0.4,1.7,-0.7,-5.81,2.83
-0.15,0.06,1.52,-0.45,1.82,-0.74,-5.65,2.36
-0.15,0.07,1.54,-0.47,1.9,-0.76,-5.54,2.41
-0.15,0.06,1.54,-0.47,1.98,-0.79,-5.48,2.21
-0.15,0.05,1.55,-0.51,2.09,-0.81,-5.52,2.02
-0.15,0.05,1.54,-0.54,2.21,-0.82,-5.66,1.87
-0.15,0.03,1.53,-0.59,2.33,-0.81,-5.5,1.18
-0.14,0.01,1.54,-0.59,2.43,-0.81,-5.38,0.53
-0.16,-0.02,1.53,-0.62,2.53,-0.81,-5.86,-0.79
-0.16,-0.04,1.51,-0.63,2.62,-0.81,-6.07,-1.4
-0.19,-0.07,1.51,-0.61,2.71,-0.78,-6.98,-2.46
-0.19,-0.08,1.51,-0.56,2.76,-0.76,-7.28,-3.11
-0.2,-0.11,1.5,-0.49,2.82,-0.74,-7.68,-4.22
-0.2,-0.12,1.49,-0.45,2.87,-0.71,-7.76,-4.59
-0.19,-0.13,1.48,-0.38,2.93,-0.68,-7.43,-4.9
-0.17,-0.13,1.44,-0.29,2.96,-0.65,-6.87,-5.02
-0.15,-0.13,1.43,-0.23,3.0,-0.6,-6.0,-5.21
-0.12,-0.13,1.41,-0.19,3.04,-0.56,-4.75,-5.41
-0.08,-0.15,1.4,-0.16,3.08,-0.52,-3.19,-5.92
-0.05,-0.15,1.42,-0.14,3.12,-0.49,-1.89,-5.96
-0.02,-0.16,1.45,-0.11,3.12,-0.46,-0.69,-6.23
0.02,-0.17,1.46,-0.09,3.19,-0.45,0.67,-6.59
0.05,-0.18,1.48,-0.07,3.23,-0.44,2.01,-7.04
0.08,-0.2,1.49,-0.03,3.25,-0.45,2.98,-7.55
0.1,-0.21,1.5,-0.02,3.26,-0.45,3.95,-7.83
0.12,-0.22,1.51,-0.01,3.33,-0.47,4.48,-8.22
0.13,-0.23,1.52,0.02,3.35,-0.48,4.79,-8.69
0.14,-0.25,1.51,0.05,3.54,-0.57,5.27,-9.49
0.14,-0.27,1.5,0.04,3.45,-0.48,5.24,-10.11
0.13,-0.27,1.47,0.05,3.61,-0.49,5.08,-10.47
0.12,-0.27,1.44,0.08,3.61,-0.43,4.66,-10.61
0.12,-0.27,1.4,0.11,3.7,-0.4,4.94,-11.05
0.13,-0.27,1.35,0.14,3.77,-0.35,5.51,-11.31
0.13,-0.27,1.3,0.15,3.86,-0.31,5.76,-11.57
0.15,-0.25,1.26,0.15,3.94,-0.25,6.53,-11.23
0.16,-0.25,1.24,0.18,3.95,-0.18,7.38,-11.36
0.18,-0.25,1.21,0.21,3.95,-0.13,8.32,-11.53
0.2,-0.25,1.19,0.27,3.92,-0.09,9.51,-11.82
0.23,-0.25,1.16,0.31,3.87,-0.06,10.79,-12.05
0.24,-0.25,1.11,0.35,3.83,-0.03,12.09,-12.13
0.26,-0.23,1.08,0.38,3.8,0.0,13.46,-11.93
0.29,-0.22,1.05,0.39,3.8,0.02,15.04,-11.45
0.32,-0.21,1.03,0.39,3.76,0.04,16.7,-10.99
0.35,-0.2,1.01,0.4,3.69,0.05,18.74,-10.71
0.38,-0.2,0.98,0.43,3.62,0.04,20.65,-10.84
0.39,-0.19,0.94,0.42,3.58,0.03,22.15,-10.75
0.39,-0.18,0.91,0.4,3.57,0.03,22.94,-10.15
0.4,-0.17,0.89,0.38,3.54,0.04,23.76,-9.87
0.41,-0.17,0.88,0.36,3.51,0.05,24.48,-9.85
0.42,-0.16,0.86,0.32,3.51,0.03,25.4,-9.5
0.43,-0.16,0.86,0.29,3.5,0.03,26.35,-9.51
0.44,-0.16,0.85,0.27,3.48,0.03,27.19,-9.26
0.44,-0.15,0.84,0.25,3.46,0.01,27.07,-9.16
0.4,-0.14,0.82,0.22,3.45,-0.0,25.67,-8.6
0.38,-0.13,0.81,0.21,3.44,0.02,24.62,-8.56
0.34,-0.11,0.81,0.16,3.4,0.05,22.63,-7.25
0.33,-0.1,0.8,0.14,3.37,0.08,22.05,-6.72
0.33,-0.09,0.79,0.12,3.34,0.11,22.56,-6.02
0.34,-0.1,0.79,0.1,3.35,0.15,23.25,-6.66
0.36,-0.1,0.8,0.1,3.31,0.18,24.15,-6.72
0.41,-0.11,0.83,0.1,3.25,0.2,25.99,-6.97
0.43,-0.12,0.83,0.12,3.22,0.17,27.4,-7.45
0.45,-0.13,0.84,0.16,3.22,0.16,28.06,-7.83
0.45,-0.13,0.81,0.2,3.19,0.14,28.64,-7.67
0.42,-0.11,0.78,0.25,3.19,0.11,27.92,-7.01
0.39,-0.06,0.75,0.26,3.2,0.09,27.37,-4.35
0.35,-0.03,0.72,0.26,3.2,0.11,26.0,-2.12
0.34,0.0,0.7,0.24,3.16,0.14,26.26,0.12
0.37,0.01,0.67,0.21,3.14,0.16,28.58,1.07
0.39,0.02,0.66,0.16,3.14,0.16,30.57,1.48
0.4,0.03,0.65,0.13,3.12,0.14,31.72,1.9
0.41,0.02,0.65,0.09,3.11,0.12,32.18,1.68
0.39,0.03,0.66,0.06,3.13,0.1,30.35,2.11
0.37,0.04,0.68,0.06,3.13,0.09,28.87,2.9
0.35,0.05,0.68,0.04,3.17,0.08,26.85,3.55
0.32,0.06,0.67,0.04,3.16,0.09,25.39,4.47
0.28,0.08,0.65,0.06,3.25,0.06,23.12,6.26
0.24,0.09,0.64,0.06,3.08,0.11,20.22,7.72
0.2,0.12,0.62,0.04,3.08,0.13,17.71,10.24
0.2,0.15,0.61,0.05,3.0,0.17,17.33,12.95
0.25,0.16,0.61,0.01,2.94,0.18,21.72,13.98
0.34,0.17,0.6,0.02,2.84,0.16,28.59,13.93
0.41,0.18,0.57,0.02,2.79,0.08,34.74,14.47
0.43,0.2,0.52,-0.01,2.77,-0.02,37.35,16.31
0.37,0.21,0.5,-0.03,2.75,-0.13,34.25,18.85
0.25,0.26,0.48,-0.09,2.75,-0.22,25.21,25.21
0.12,0.31,0.47,-0.22,2.74,-0.26,12.35,32.44
0.03,0.33,0.49,-0.36,2.71,-0.24,2.78,33.9
-0.04,0.32,0.5,-0.5,2.68,-0.22,-3.64,32.61
-0.06,0.32,0.52,-0.67,2.65,-0.17,-5.79,31.14
-0.05,0.28,0.56,-0.79,2.58,-0.12,-4.92,26.81
-0.04,0.23,0.6,-0.91,2.56,-0.07,-3.11,21.09
-0.01,0.19,0.66,-0.98,2.53,-0.02,-1.21,15.91
0.0,0.16,0.72,-1.02,2.49,0.03,0.19,12.43
0.03,0.12,0.76,-1.01,2.47,0.08,1.91,9.34
0.05,0.11,0.79,-1.02,2.46,0.13,3.88,7.63
0.09,0.07,0.79,-0.98,2.41,0.17,6.28,5.22
0.11,0.04,0.82,-0.91,2.37,0.18,7.72,2.57
0.13,0.0,0.85,-0.85,2.36,0.21,8.65,0.23
0.13,-0.02,0.89,-0.67,2.51,0.08,8.21,-1.28
0.13,-0.03,0.93,-0.6,2.28,0.27,7.88,-1.74
0.11,-0.03,0.95,-0.45,2.24,0.33,6.82,-1.5
0.12,0.0,0.93,-0.31,2.18,0.37,7.65,0.03
0.18,0.01,0.9,-0.16,2.08,0.41,11.33,0.49
0.21,0.01,0.86,-0.02,2.01,0.39,13.42,0.34
0.21,0.04,0.83,0.1,1.95,0.36,13.91,2.35
0.18,0.08,0.8,0.2,1.92,0.34,12.4,5.26
0.13,0.1,0.77,0.27,1.9,0.31,9.82,7.59
0.09,0.14,0.74,0.31,1.87,0.3,6.46,10.42
0.08,0.17,0.73,0.32,1.83,0.29,6.15,13.14
0.08,0.19,0.7,0.34,1.75,0.26,6.07,15.21
0.05,0.2,0.68,0.3,1.74,0.23,3.69,16.06
0.01,0.21,0.68,0.27,1.71,0.2,1.06,16.93
-0.03,0.24,0.7,0.24,1.65,0.19,-2.08,18.53
-0.06,0.24,0.71,0.17,1.6,0.18,-4.25,18.75
-0.04,0.25,0.71,0.08,1.6,0.19,-3.34,19.82
-0.03,0.26,0.69,0.01,1.57,0.19,-2.12,20.76
-0.02,0.26,0.67,-0.06,1.54,0.17,-1.97,20.95
-0.04,0.23,0.68,-0.14,1.58,0.13,-3.23,19.0
-0.05,0.22,0.72,-0.21,1.6,0.12,-4.03,16.68
-0.06,0.19,0.77,-0.26,1.59,0.12,-4.6,13.8
-0.06,0.18,0.8,-0.27,1.53,0.14,-3.84,12.47
-0.01,0.15,0.82,-0.27,1.48,0.16,-0.87,10.45
0.02,0.13,0.82,-0.26,1.45,0.15,1.6,9.13
0.05,0.11,0.83,-0.19,1.4,0.14,3.43,7.67
0.06,0.1,0.83,-0.01,1.61,-0.05,4.02,6.66
0.05,0.1,0.85,-0.03,1.34,0.13,3.62,6.9
0.04,0.11,0.84,0.05,1.31,0.15,2.36,7.24
0.03,0.12,0.82,0.11,1.28,0.17,1.92,8.36
0.02,0.14,0.81,0.18,1.29,0.16,1.08,9.61
-0.0,0.17,0.8,0.24,1.25,0.18,-0.25,12.33
-0.02,0.2,0.78,0.26,1.25,0.16,-1.57,14.27
-0.05,0.22,0.74,0.3,1.17,0.14,-3.56,16.32
-0.09,0.24,0.72,0.3,1.1,0.1,-7.11,18.12
-0.15,0.26,0.72,0.28,1.03,0.07,-10.8,19.23
-0.18,0.27,0.74,0.24,0.99,0.05,-12.96,19.65
-0.21,0.28,0.74,0.17,0.92,0.06,-14.59,20.08
-0.21,0.27,0.74,0.12,0.85,0.05,-15.07,19.05
-0.21,0.25,0.75,0.04,0.84,0.06,-15.14,18.07
-0.2,0.24,0.77,-0.03,0.79,0.05,-13.68,16.6
-0.18,0.21,0.78,-0.07,0.76,0.06,-12.31,15.03
-0.16,0.2,0.8,-0.08,0.73,0.06,-10.77,13.78
-0.14,0.18,0.81,-0.1,0.71,0.06,-9.54,12.65
-0.15,0.17,0.81,-0.11,0.71,0.07,-10.07,11.62
-0.16,0.16,0.81,-0.13,0.72,0.08,-10.93,10.73
-0.18,0.15,0.83,-0.13,0.7,0.1,-11.85,10.1
-0.19,0.15,0.84,-0.13,0.65,0.13,-12.28,10.04
-0.18,0.15,0.83,-0.14,0.62,0.15,-11.79,9.84
-0.16,0.15,0.81,-0.15,0.59,0.16,-11.29,10.22
-0.13,0.14,0.8,-0.16,0.56,0.17,-8.78,9.5
-0.09,0.12,0.81,-0.13,0.5,0.17,-6.06,8.18
-0.09,0.11,0.82,-0.1,0.49,0.15,-6.18,7.43
-0.09,0.1,0.83,-0.09,0.47,0.15,-5.84,6.7
-0.08,0.11,0.83,-0.03,0.41,0.14,-5.73,7.33
-0.08,0.1,0.82,0.02,0.35,0.15,-5.63,7.08
-0.08,0.11,0.82,0.03,0.34,0.13,-5.76,7.87
-0.08,0.11,0.8,0.06,0.31,0.12,-5.64,7.61
-0.09,0.11,0.81,0.08,0.31,0.11,-6.09,7.85
-0.09,0.12,0.82,0.09,0.3,0.11,-6.37,8.44
-0.11,0.13,0.81,0.1,0.27,0.1,-7.51,8.78
-0.11,0.14,0.82,0.09,0.26,0.11,-7.48,9.39
-0.12,0.15,0.82,0.11,0.22,0.1,-7.88,9.92
-0.11,0.16,0.82,0.11,0.17,0.1,-7.66,10.99
-0.09,0.16,0.82,0.08,0.15,0.08,-6.24,11.1
-0.07,0.17,0.8,0.06,0.11,0.06,-5.15,11.99
-0.07,0.17,0.79,0.06,0.09,0.04,-4.93,11.8
-0.08,0.16,0.8,0.02,0.08,-0.0,-5.27,11.54
-0.09,0.16,0.82,-0.0,0.1,-0.03,-5.81,11.02
-0.1,0.15,0.84,-0.03,0.07,-0.03,-6.82,10.08
-0.08,0.14,0.86,-0.06,0.06,-0.04,-5.33,9.25
-0.06,0.13,0.87,-0.08,0.04,-0.04,-3.96,8.25
-0.04,0.11,0.87,-0.08,0.05,-0.04,-2.93,7.39
-0.02,0.1,0.87,-0.08,0.04,-0.06,-1.62,6.81
-0.02,0.09,0.87,-0.06,0.02,-0.08,-1.35,6.08
-0.02,0.09,0.89,-0.02,-0.02,-0.09,-0.98,5.67
-0.03,0.09,0.91,0.01,-0.04,-0.11,-1.66,5.62
-0.04,0.08,0.91,0.03,-0.06,-0.11,-2.47,5.23
-0.05,0.09,0.91,0.04,-0.1,-0.1,-2.85,5.58
-0.06,0.1,0.9,0.04,-0.12,-0.1,-3.55,6.17
-0.06,0.09,0.89,0.03,-0.11,-0.09,-3.71,5.63
-0.06,0.09,0.9,0.02,-0.1,-0.1,-3.87,5.65
-0.06,0.09,0.91,0.02,-0.12,-0.09,-3.62,5.93
-0.06,0.1,0.91,-0.01,-0.14,-0.08,-3.62,6.18
-0.06,0.09,0.91,-0.03,-0.13,-0.09,-3.46,5.44
-0.05,0.09,0.9,-0.07,-0.11,-0.08,-3.0,5.67
-0.05,0.09,0.91,-0.08,-0.11,-0.08,-2.92,5.58
-0.03,0.08,0.92,-0.09,-0.12,-0.06,-2.01,5.14
-0.01,0.08,0.92,-0.11,-0.09,-0.07,-0.8,4.87
0.0,0.08,0.91,-0.11,-0.09,-0.08,0.05,4.93
0.02,0.06,0.91,-0.13,-0.09,-0.1,1.36,4.0
0.03,0.05,0.93,-0.11,-0.09,-0.11,1.71,3.17
0.03,0.04,0.95,-0.12,-0.09,-0.12,2.06,2.26
0.03,0.04,0.95,-0.13,-0.06,-0.12,1.67,2.17
0.02,0.03,0.96,-0.1,-0.06,-0.12,1.48,1.53
0.02,0.02,0.97,-0.06,-0.07,-0.1,1.35,1.48
0.01,0.02,0.98,-0.04,-0.07,-0.1,0.62,1.09
-0.01,0.02,0.98,-0.04,-0.06,-0.08,-0.32,1.02
-0.01,0.02,0.98,-0.01,-0.06,-0.05,-0.76,0.95
-0.01,0.02,0.99,-0.0,-0.08,-0.02,-0.77,1.36
-0.0,0.04,0.98,0.0,-0.08,-0.0,-0.19,2.43
-0.0,0.04,0.95,-0.0,-0.09,0.03,-0.14,2.44
0.01,0.05,0.92,0.03,-0.1,0.03,0.87,2.89
0.02,0.06,0.92,0.03,-0.11,0.02,0.96,3.92
0.03,0.07,0.92,0.03,-0.11,0.01,1.59,4.43
0.02,0.07,0.92,0.03,-0.11,-0.01,1.27,4.54
0.01,0.08,0.91,0.01,-0.11,-0.01,0.88,4.94
-0.0,0.08,0.91,-0.01,-0.11,-0.03,-0.02,5.22
0.0,0.08,0.91,-0.03,-0.09,-0.03,0.09,5.24
0.0,0.08,0.92,-0.06,-0.07,-0.03,0.16,5.08
0.01,0.08,0.93,-0.09,-0.06,-0.04,0.51,4.99
0.03,0.07,0.93,-0.12,-0.05,-0.03,1.64,4.07
0.04,0.05,0.94,-0.16,-0.04,-0.05,2.53,3.19
0.06,0.03,0.95,-0.17,0.0,-0.05,3.34,2.08
0.07,0.02,0.97,-0.15,0.02,-0.05,4.04,1.32
0.08,0.01,0.98,-0.13,0.02,-0.05,4.57,0.64
0.07,0.0,0.98,-0.08,0.01,-0.04,4.21,0.28
0.06,0.0,0.99,-0.07,0.03,-0.05,3.49,0.2
0.04,0.0,0.99,-0.04,0.03,-0.02,2.21,0.15
0.02,0.02,1.0,-0.02,0.03,-0.01,1.18,0.9
-0.01,0.02,0.98,0.0,0.03,0.01,-0.51,1.22
-0.02,0.03,0.98,0.0,0.03,0.02,-1.29,1.66
-0.03,0.04,0.97,-0.02,0.03,0.04,-1.65,2.1
-0.03,0.04,0.97,0.0,0.0,0.07,-1.83,2.43
-0.01,0.04,0.96,0.01,-0.01,0.08,-0.65,2.66
0.01,0.06,0.95,0.0,0.01,0.08,0.38,3.44
0.02,0.07,0.94,0.01,-0.01,0.08,1.11,4.2
0.01,0.08,0.93,0.04,-0.02,0.06,0.68,5.2
-0.01,0.1,0.91,0.05,-0.05,0.03,-0.46,6.51
-0.02,0.11,0.9,0.04,-0.05,0.01,-1.09,6.96
-0.04,0.11,0.9,0.03,-0.03,-0.01,-2.45,7.14
-0.05,0.11,0.91,-0.0,-0.04,-0.02,-3.41,6.63
-0.06,0.1,0.92,-0.04,-0.04,-0.02,-3.93,6.35
-0.06,0.1,0.94,-0.07,-0.03,-0.02,-3.43,6.12
-0.06,0.1,0.94,-0.12,-0.03,-0.01,-3.65,5.94
-0.05,0.09,0.94,-0.14,-0.06,-0.01,-3.28,5.42
-0.04,0.07,0.95,-0.14,-0.08,-0.0,-2.57,4.03
-0.03,0.05,0.96,-0.16,-0.08,0.0,-1.51,3.19
0.02,0.04,0.99,-0.15,-0.09,0.02,1.2,2.58
0.04,0.03,0.99,-0.16,-0.1,0.03,2.6,1.86
0.08,0.02,0.97,-0.11,-0.09,0.03,4.71,1.22
0.1,0.02,0.96,-0.07,-0.08,0.01,6.15,1.28
0.11,0.02,0.96,-0.06,-0.07,-0.0,6.62,1.17
0.09,0.02,0.96,-0.0,-0.06,-0.02,5.3,1.17
0.08,0.03,0.97,0.01,-0.05,-0.02,4.93,1.55
0.06,0.03,0.97,0.03,-0.03,-0.02,3.61,1.9
0.04,0.04,0.97,0.04,-0.02,-0.01,2.19,2.24
0.02,0.04,0.97,0.05,-0.02,0.0,1.02,2.17
0.01,0.05,0.98,0.06,-0.03,0.03,0.36,3.14
0.02,0.06,0.95,0.03,-0.01,0.04,1.37,3.73
0.03,0.07,0.93,0.03,-0.02,0.05,1.97,4.57
0.04,0.08,0.92,0.02,0.01,0.05,2.21,4.78
0.05,0.09,0.91,0.01,-0.02,0.03,2.91,5.47
0.04,0.09,0.9,-0.01,-0.0,0.0,2.8,5.72
0.04,0.09,0.92,-0.03,0.01,-0.01,2.52,5.47
0.05,0.09,0.92,-0.04,0.0,-0.02,2.98,5.4
0.04,0.08,0.91,-0.04,0.01,-0.03,2.36,5.05
0.03,0.07,0.92,-0.05,0.03,-0.05,1.95,4.24
0.01,0.06,0.92,-0.08,0.05,-0.06,0.78,3.8
0.0,0.05,0.93,-0.07,0.04,-0.06,0.15,3.07
-0.01,0.05,0.94,-0.08,0.04,-0.06,-0.49,2.92
-0.0,0.04,0.94,-0.06,0.02,-0.06,-0.04,2.48
-0.01,0.03,0.95,-0.08,0.03,-0.05,-0.9,2.06
-0.01,0.03,0.96,-0.05,-0.0,-0.05,-0.33,1.6
-0.01,0.03,0.97,-0.04,-0.02,-0.04,-0.34,1.62
-0.01,0.03,0.96,-0.03,-0.02,-0.04,-0.52,1.96
-0.0,0.03,0.95,-0.04,-0.01,-0.04,-0.25,1.81
-0.01,0.04,0.96,-0.02,-0.02,-0.03,-0.31,2.19
-0.01,0.05,0.96,0.03,0.11,-0.16,-0.44,2.87
-0.01,0.04,0.95,-0.04,-0.01,-0.03,-0.48,2.62
-0.01,0.04,0.95,-0.02,-0.03,-0.02,-0.4,2.64
-0.01,0.05,0.95,-0.05,-0.02,-0.01,-0.81,2.79
-0.01,0.05,0.95,-0.04,-0.03,-0.0,-0.37,2.84
0.0,0.04,0.95,-0.06,-0.02,-0.01,0.04,2.27
0.02,0.04,0.96,-0.07,0.01,0.01,1.18,2.39
0.04,0.04,0.96,-0.09,0.02,0.01,2.27,2.52
0.04,0.04,0.95,-0.03,0.16,-0.12,2.52,2.58
0.04,0.04,0.95,-0.07,0.03,0.02,2.65,2.6
0.05,0.05,0.94,-0.08,0.07,0.01,3.09,3.05
0.05,0.06,0.94,-0.08,0.08,0.01,3.19,3.36
0.07,0.06,0.94,-0.05,0.08,-0.0,3.97,3.52
0.07,0.06,0.94,-0.03,0.05,-0.01,3.99,3.39
0.05,0.05,0.94,-0.03,0.08,-0.03,3.1,3.27
0.05,0.06,0.95,0.0,0.07,-0.02,2.74,3.38
0.03,0.06,0.96,0.02,0.04,-0.02,1.8,3.53
0.02,0.07,0.96,0.05,0.01,-0.01,1.45,4.33
0.03,0.09,0.95,0.05,0.01,-0.02,1.54,5.17
0.02,0.1,0.93,0.04,0.0,-0.02,0.99,5.92
0.0,0.1,0.91,0.03,-0.0,-0.03,0.05,6.44
0.0,0.11,0.91,0.01,-0.01,-0.04,0.09,6.79
0.0,0.11,0.92,-0.02,-0.02,-0.05,0.23,6.68
0.0,0.09,0.93,-0.04,0.01,-0.05,0.09,5.77
0.01,0.08,0.94,-0.06,-0.0,-0.04,0.74,4.92
0.02,0.07,0.95,-0.06,-0.01,-0.03,1.03,4.37
0.03,0.06,0.95,-0.06,0.0,-0.04,1.59,3.68
0.03,0.06,0.94,-0.06,-0.01,-0.05,1.82,3.9
0.04,0.06,0.93,-0.04,-0.03,-0.04,2.41,3.93
0.05,0.07,0.93,-0.03,-0.03,-0.05,3.15,4.13
0.05,0.08,0.91,-0.03,-0.0,-0.06,2.99,4.88
0.05,0.07,0.9,-0.05,0.02,-0.07,3.3,4.65
0.02,0.08,0.9,-0.05,0.05,-0.08,1.44,5.13
-0.0,0.07,0.92,-0.07,0.07,-0.09,-0.12,4.23
-0.02,0.07,0.96,-0.08,0.09,-0.1,-1.22,3.92
-0.03,0.05,0.98,-0.09,0.09,-0.1,-1.72,3.16
-0.05,0.06,0.97,-0.09,0.08,-0.08,-3.14,3.71
-0.04,0.06,0.98,-0.03,0.2,-0.22,-2.35,3.47
-0.05,0.07,0.97,-0.08,0.04,-0.05,-3.06,4.05
-0.06,0.07,0.96,-0.1,0.04,-0.05,-3.37,4.41
-0.05,0.08,0.96,-0.1,0.0,-0.03,-3.08,4.73
-0.04,0.07,0.95,-0.11,-0.02,-0.04,-2.21,4.12
-0.03,0.06,0.95,-0.12,-0.02,-0.05,-1.98,3.47
-0.03,0.06,0.95,-0.12,-0.01,-0.05,-1.73,3.56
-0.02,0.04,0.96,-0.13,-0.02,-0.05,-0.92,2.46
-0.01,0.04,0.96,-0.11,-0.02,-0.04,-0.35,2.18
0.02,0.03,0.96,-0.1,-0.03,-0.03,1.04,1.69
0.02,0.02,0.95,-0.06,-0.02,-0.05,1.43,1.26
0.03,0.02,0.95,-0.05,-0.02,-0.04,1.65,1.43
0.02,0.03,0.94,-0.01,-0.03,-0.04,0.98,1.86
0.01,0.03,0.93,0.01,-0.04,-0.05,0.85,1.84
0.01,0.04,0.92,0.01,-0.02,-0.07,0.5,2.2
-0.01,0.04,0.92,-0.01,-0.02,-0.08,-0.75,2.47
-0.04,0.04,0.91,-0.0,-0.03,-0.08,-2.69,2.64
-0.06,0.05,0.92,-0.02,-0.03,-0.08,-3.69,2.88
-0.07,0.04,0.93,-0.05,-0.02,-0.07,-4.2,2.72
-0.06,0.04,0.93,-0.08,-0.03,-0.05,-3.97,2.49
-0.05,0.04,0.93,-0.1,-0.05,-0.04,-3.14,2.26
-0.04,0.04,0.93,-0.11,-0.05,-0.04,-2.4,2.19
-0.04,0.04,0.91,-0.13,-0.05,-0.04,-2.51,2.41
-0.04,0.03,0.92,-0.16,-0.05,-0.04,-2.31,1.92
-0.02,0.02,0.92,-0.18,-0.06,-0.03,-1.52,1.54
-0.01,0.03,0.92,-0.2,-0.05,-0.03,-0.72,1.89
-0.0,0.02,0.93,-0.21,-0.03,-0.03,-0.1,1.0
0.01,0.01,0.93,-0.22,-0.03,-0.02,0.83,0.72
0.03,0.01,0.93,-0.22,-0.03,-0.01,1.94,0.43
0.05,-0.0,0.93,-0.21,-0.02,-0.01,3.18,-0.24
0.07,-0.01,0.94,-0.2,-0.0,-0.02,4.13,-0.39
0.07,-0.01,0.95,-0.16,-0.0,-0.01,4.47,-0.46
0.07,-0.0,0.96,-0.11,-0.01,-0.01,4.39,-0.15
0.05,-0.0,0.95,-0.08,-0.0,-0.02,3.17,-0.13
0.04,0.01,0.94,-0.07,0.0,-0.01,2.51,0.45
0.03,0.01,0.94,-0.03,-0.0,-0.01,1.97,0.66
0.02,0.02,0.95,-0.01,0.0,-0.0,1.33,0.95
0.0,0.03,0.95,-0.0,0.02,-0.01,0.28,1.58
-0.01,0.04,0.94,0.03,0.02,0.01,-0.39,2.54
-0.02,0.06,0.93,0.03,0.02,0.03,-1.04,3.98
-0.02,0.09,0.9,0.04,0.01,0.05,-1.42,5.69
-0.02,0.11,0.87,0.03,0.01,0.04,-1.28,7.01
-0.01,0.12,0.86,0.03,0.03,0.03,-0.88,7.91
-0.02,0.14,0.84,0.04,0.03,-0.0,-1.33,9.13
-0.06,0.15,0.83,0.04,0.01,-0.01,-3.87,10.46
-0.08,0.17,0.83,0.0,0.02,-0.03,-5.14,11.4
-0.1,0.19,0.82,-0.01,-0.0,-0.06,-6.55,13.12
-0.12,0.19,0.81,-0.05,-0.02,-0.07,-8.05,13.26
-0.13,0.19,0.8,-0.07,-0.06,-0.09,-9.08,13.12
-0.14,0.18,0.83,-0.09,-0.1,-0.1,-9.32,12.0
-0.13,0.17,0.84,-0.11,-0.13,-0.1,-8.81,11.61
-0.12,0.18,0.84,-0.12,-0.18,-0.09,-8.21,11.65
-0.12,0.17,0.84,-0.1,-0.22,-0.1,-7.92,11.14
-0.11,0.17,0.83,-0.09,-0.26,-0.11,-7.71,11.28
-0.11,0.17,0.82,-0.07,-0.29,-0.11,-7.5,11.79
-0.11,0.18,0.82,-0.06,-0.36,-0.12,-7.37,12.02
-0.12,0.19,0.79,-0.04,-0.4,-0.12,-8.6,13.35
-0.14,0.21,0.77,-0.03,-0.44,-0.13,-9.78,14.73
-0.14,0.21,0.76,-0.05,-0.45,-0.14,-10.25,15.38
-0.15,0.22,0.75,-0.07,-0.49,-0.14,-10.68,16.0
-0.15,0.22,0.75,-0.1,-0.52,-0.16,-11.21,15.81
-0.15,0.22,0.75,-0.13,-0.54,-0.18,-11.22,15.82
-0.16,0.21,0.75,-0.16,-0.56,-0.2,-11.34,15.56
-0.16,0.21,0.76,-0.18,-0.6,-0.19,-11.55,14.93
-0.15,0.2,0.77,-0.21,-0.64,-0.2,-10.83,14.37
-0.15,0.2,0.77,-0.23,-0.66,-0.19,-10.31,13.93
-0.13,0.2,0.77,-0.22,-0.71,-0.19,-9.59,14.19
-0.12,0.18,0.77,-0.25,-0.76,-0.2,-8.42,13.28
-0.09,0.18,0.76,-0.25,-0.82,-0.22,-6.82,13.21
-0.07,0.16,0.76,-0.23,-0.85,-0.22,-4.97,11.52
-0.05,0.13,0.78,-0.19,-0.85,-0.24,-3.37,9.57
-0.05,0.13,0.8,-0.14,-0.88,-0.25,-3.54,8.88
-0.05,0.13,0.81,-0.08,-0.95,-0.24,-3.41,9.2
-0.06,0.13,0.8,-0.01,-1.04,-0.24,-4.52,9.31
-0.06,0.11,0.79,0.04,-1.1,-0.25,-4.31,8.25
-0.06,0.1,0.78,0.09,-1.15,-0.25,-4.33,7.52
-0.07,0.11,0.79,0.13,-1.18,-0.25,-4.84,7.61
-0.08,0.11,0.78,0.2,-1.21,-0.23,-5.97,8.22
-0.09,0.12,0.76,0.25,-1.24,-0.21,-6.96,8.94
-0.11,0.12,0.74,0.27,-1.26,-0.19,-8.56,9.36
-0.15,0.14,0.74,0.32,-1.32,-0.18,-11.02,10.65
-0.18,0.16,0.73,0.33,-1.38,-0.16,-13.33,12.11
-0.19,0.18,0.71,0.32,-1.43,-0.15,-14.89,13.56
-0.17,0.19,0.67,0.32,-1.49,-0.12,-14.0,15.21
-0.16,0.19,0.65,0.3,-1.59,-0.15,-13.15,15.89
-0.12,0.21,0.63,0.27,-1.61,-0.12,-10.15,17.85
-0.1,0.22,0.6,0.26,-1.7,-0.16,-9.08,19.98
-0.11,0.22,0.6,0.22,-1.72,-0.19,-9.65,20.16
-0.13,0.22,0.59,0.2,-1.78,-0.21,-11.63,20.32
-0.13,0.21,0.59,0.14,-1.85,-0.23,-11.47,19.5
-0.13,0.21,0.61,0.09,-1.88,-0.25,-11.18,18.76
-0.11,0.2,0.62,0.02,-1.93,-0.26,-9.91,17.68
-0.09,0.19,0.62,-0.04,-2.01,-0.25,-8.29,16.61
-0.07,0.17,0.61,-0.03,-1.98,-0.41,-6.73,15.16
-0.05,0.13,0.63,-0.13,-2.13,-0.29,-4.63,12.05
-0.05,0.12,0.66,-0.17,-2.15,-0.31,-4.24,9.94
-0.05,0.09,0.69,-0.21,-2.17,-0.29,-4.17,7.81
-0.04,0.08,0.71,-0.25,-2.22,-0.27,-3.29,6.18
-0.04,0.06,0.71,-0.28,-2.23,-0.25,-3.03,4.98
-0.03,0.03,0.72,-0.31,-2.23,-0.22,-2.11,2.76
-0.02,0.01,0.74,-0.3,-2.25,-0.19,-1.32,0.65
-0.02,-0.02,0.76,-0.29,-2.27,-0.16,-1.21,-1.85
-0.0,-0.06,0.79,-0.28,-2.27,-0.1,-0.35,-4.45
0.01,-0.08,0.85,-0.21,-2.25,-0.04,0.89,-5.32
0.05,-0.08,0.88,-0.11,-2.29,0.03,3.14,-5.0
0.09,-0.06,0.88,-0.02,-2.33,0.08,5.82,-3.59
0.13,-0.05,0.83,0.09,-2.42,0.1,8.69,-3.39
0.15,-0.04,0.8,0.2,-2.47,0.09,10.94,-3.14
0.17,-0.03,0.8,0.29,-2.53,0.07,11.87,-2.18
0.15,0.0,0.81,0.41,-2.62,0.06,10.65,0.22
0.13,0.04,0.81,0.51,-2.7,0.04,9.38,2.58
0.13,0.08,0.77,0.56,-2.8,0.03,9.53,5.6
0.13,0.11,0.71,0.6,-2.92,0.0,10.02,8.41
0.13,0.12,0.68,0.59,-3.03,-0.03,10.74,10.0
0.12,0.13,0.67,0.55,-3.06,-0.08,10.05,10.61
0.1,0.14,0.69,0.52,-3.1,-0.1,8.14,11.12
0.08,0.16,0.69,0.47,-3.12,-0.1,6.38,13.27
0.08,0.19,0.67,0.41,-3.17,-0.09,6.71,15.92
0.1,0.2,0.63,0.33,-3.18,-0.07,8.92,17.74
0.14,0.2,0.6,0.21,-3.16,-0.08,12.31,18.11
0.18,0.18,0.6,0.07,-3.11,-0.09,15.84,15.77
0.2,0.15,0.62,-0.03,-3.08,-0.1,17.28,12.74
0.21,0.12,0.68,-0.13,-3.03,-0.13,17.31,9.55
0.24,0.09,0.74,-0.22,-2.97,-0.12,17.62,6.65
0.22,0.07,0.77,-0.26,-2.98,-0.12,16.03,5.17
0.24,0.04,0.81,-0.31,-2.97,-0.11,16.39,2.63
0.28,0.0,0.81,-0.34,-2.98,-0.11,19.09,0.09
0.3,-0.05,0.88,-0.36,-2.96,-0.12,18.92,-2.79
0.31,-0.05,0.95,-0.35,-2.96,-0.12,18.17,-2.93
0.34,-0.06,1.0,-0.31,-3.02,-0.13,18.53,-3.15
0.37,-0.09,1.03,-0.26,-3.06,-0.15,19.81,-4.71
0.41,-0.13,1.04,-0.22,-3.03,-0.2,21.42,-6.65
0.41,-0.15,1.06,-0.18,-3.0,-0.25,20.98,-7.73
0.36,-0.16,1.1,-0.11,-2.92,-0.28,18.16,-7.86
0.31,-0.13,1.11,-0.07,-2.84,-0.28,15.7,-6.58
0.27,-0.1,1.06,-0.04,-2.77,-0.26,14.06,-5.17
0.23,-0.09,1.01,-0.06,-2.7,-0.24,12.54,-4.96
0.19,-0.1,0.96,-0.09,-2.62,-0.21,11.31,-5.8
0.17,-0.09,0.94,-0.15,-2.54,-0.19,10.12,-5.51
0.11,-0.09,0.94,-0.22,-2.43,-0.14,6.8,-5.39
0.06,-0.05,0.92,-0.27,-2.36,-0.06,3.6,-3.35
0.03,-0.03,0.88,-0.34,-2.34,0.02,1.62,-2.03
0.02,-0.04,0.84,-0.43,-2.36,0.11,1.23,-2.77
0.04,-0.07,0.84,-0.54,-2.35,0.18,2.49,-4.62
0.06,-0.09,0.89,-0.59,-2.38,0.24,3.94,-5.89
0.12,-0.13,0.99,-0.62,-2.39,0.31,6.65,-7.69
0.19,-0.17,1.08,-0.49,-2.32,0.2,10.07,-8.54
0.28,-0.19,1.14,-0.43,-2.4,0.31,13.66,-9.01
0.33,-0.18,1.15,-0.3,-2.41,0.26,15.57,-8.41
0.34,-0.17,1.12,-0.21,-2.51,0.22,16.81,-8.34
0.34,-0.14,1.08,-0.07,-2.45,0.13,17.11,-7.21
0.31,-0.1,1.03,-0.01,-2.44,0.03,16.38,-5.41
0.26,-0.06,0.99,0.03,-2.45,-0.01,14.92,-3.4
0.24,-0.02,0.93,0.02,-2.47,-0.04,14.51,-1.41
0.22,-0.01,0.88,-0.02,-2.49,-0.05,14.13,-0.57
0.22,-0.01,0.85,-0.1,-2.53,-0.04,14.53,-0.47
0.21,-0.02,0.85,-0.19,-2.5,-0.05,13.66,-1.39
0.18,-0.04,0.86,-0.3,-2.5,-0.02,12.01,-2.63
0.15,-0.05,0.89,-0.39,-2.46,0.01,9.3,-3.31
0.12,-0.06,0.95,-0.46,-2.41,0.05,7.34,-3.61
0.13,-0.08,1.0,-0.52,-2.4,0.1,7.61,-4.25
0.18,-0.11,1.07,-0.56,-2.46,0.13,9.31,-5.58
0.21,-0.14,1.12,-0.52,-2.43,0.12,10.79,-6.91
0.23,-0.16,1.15,-0.46,-2.4,0.08,11.17,-7.82
0.22,-0.16,1.18,-0.43,-2.4,0.06,10.46,-7.67
0.21,-0.16,1.22,-0.37,-2.41,0.04,9.65,-7.39
0.19,-0.16,1.24,-0.28,-2.36,0.02,8.5,-7.12
0.17,-0.16,1.24,-0.2,-2.33,-0.0,7.94,-7.21
0.15,-0.14,1.2,-0.14,-2.3,-0.02,6.98,-6.41
0.12,-0.09,1.14,-0.09,-2.29,-0.0,6.14,-4.65
0.13,-0.06,1.05,-0.08,-2.33,0.02,6.79,-3.12
0.14,-0.05,0.99,-0.14,-2.36,0.03,8.13,-2.72
0.16,-0.06,0.96,-0.22,-2.36,0.05,9.24,-3.3
0.16,-0.08,0.95,-0.31,-2.36,0.06,9.37,-4.48
0.12,-0.08,0.98,-0.39,-2.35,0.08,7.0,-4.36
0.08,-0.08,1.01,-0.46,-2.29,0.13,4.71,-4.66
0.05,-0.09,1.03,-0.52,-2.24,0.19,3.01,-5.23
0.03,-0.1,1.06,-0.59,-2.28,0.28,1.51,-5.61
0.03,-0.12,1.12,-0.53,-2.21,0.32,1.37,-6.09
0.05,-0.14,1.19,-0.47,-2.16,0.35,2.2,-6.56
0.06,-0.15,1.27,-0.37,-2.13,0.36,2.6,-6.76
0.1,-0.17,1.33,-0.24,-2.13,0.37,4.27,-7.1
0.12,-0.16,1.36,-0.07,-2.13,0.34,4.89,-6.52
0.15,-0.14,1.34,0.11,-2.13,0.27,6.16,-5.8
0.16,-0.1,1.29,0.26,-2.16,0.23,7.23,-4.55
0.17,-0.08,1.23,0.37,-2.22,0.16,7.89,-3.62
0.18,-0.06,1.18,0.46,-2.25,0.11,8.68,-2.67
0.18,-0.04,1.13,0.51,-2.28,0.07,9.23,-2.15
0.17,-0.01,1.05,0.51,-2.28,0.04,9.12,-0.72
0.15,0.02,0.99,0.49,-2.33,0.04,8.81,1.03
0.14,0.03,0.93,0.42,-2.34,0.05,8.36,1.92
0.14,0.04,0.91,0.35,-2.36,0.09,8.44,2.31
0.13,0.05,0.9,0.25,-2.36,0.13,8.22,3.26
0.13,0.05,0.89,0.13,-2.35,0.2,8.34,3.29
0.14,0.04,0.91,0.05,-2.36,0.25,8.66,2.54
0.15,0.03,0.96,-0.07,-2.36,0.29,8.78,1.59
0.14,0.02,1.01,-0.14,-2.35,0.31,8.15,1.17
0.14,0.01,1.06,-0.18,-2.37,0.33,7.6,0.49
0.14,-0.0,1.1,-0.22,-2.37,0.34,7.48,-0.1
0.16,-0.01,1.14,-0.27,-2.38,0.33,7.94,-0.33
0.17,-0.01,1.19,-0.29,-2.36,0.32,8.21,-0.51
0.18,-0.02,1.24,-0.34,-2.36,0.31,8.2,-0.85
0.17,-0.04,1.31,-0.35,-2.34,0.26,7.51,-1.57
0.16,-0.04,1.37,-0.34,-2.3,0.22,6.54,-1.71
0.13,-0.06,1.41,-0.33,-2.25,0.15,5.41,-2.3
0.09,-0.06,1.44,-0.27,-2.23,0.1,3.63,-2.29
0.04,-0.06,1.44,-0.21,-2.18,0.03,1.73,-2.2
-0.01,-0.05,1.43,-0.14,-2.18,-0.01,-0.34,-1.96
-0.06,-0.03,1.41,-0.04,-2.14,-0.03,-2.46,-1.41
-0.09,-0.02,1.38,0.03,-2.1,-0.02,-3.69,-0.83
-0.1,-0.02,1.35,0.12,-2.09,0.0,-4.41,-0.72
-0.11,-0.02,1.33,0.19,-2.09,0.03,-4.9,-0.89
-0.11,-0.02,1.32,0.27,-2.05,0.05,-4.91,-1.07
-0.12,-0.02,1.31,0.34,-2.04,0.09,-5.22,-0.8
-0.13,-0.02,1.31,0.42,-2.06,0.12,-5.65,-1.06
-0.14,-0.02,1.31,0.5,-2.04,0.14,-6.16,-0.82
-0.16,-0.02,1.31,0.6,-2.06,0.17,-6.81,-0.81
-0.14,-0.02,1.32,0.69,-2.07,0.2,-6.18,-1.03
-0.12,-0.02,1.33,0.79,-2.1,0.22,-5.14,-1.05
-0.1,-0.02,1.34,0.89,-2.14,0.23,-4.37,-0.96
-0.07,-0.02,1.33,0.97,-2.16,0.22,-3.21,-0.96
-0.05,-0.0,1.31,1.01,-2.19,0.22,-2.01,-0.14
-0.02,0.01,1.3,1.06,-2.26,0.22,-0.7,0.55
0.02,0.04,1.25,1.07,-2.21,0.22,1.1,1.67
0.05,0.05,1.22,1.06,-2.21,0.21,2.33,2.34
0.07,0.07,1.17,1.0,-2.21,0.21,3.55,3.22
0.09,0.07,1.13,0.92,-2.2,0.21,4.52,3.65
0.08,0.08,1.1,0.83,-2.21,0.21,4.36,4.16
0.06,0.08,1.11,0.74,-2.2,0.22,2.98,4.23
0.04,0.09,1.1,0.63,-2.19,0.24,1.9,4.54
0.01,0.09,1.14,0.56,-2.18,0.26,0.51,4.64
-0.01,0.09,1.16,0.49,-2.16,0.28,-0.71,4.34
-0.03,0.09,1.22,0.43,-2.12,0.31,-1.23,4.38
-0.03,0.09,1.29,0.37,-2.01,0.33,-1.11,4.01
-0.03,0.08,1.35,0.31,-1.95,0.33,-1.11,3.19
-0.02,0.08,1.4,0.26,-1.79,0.29,-0.85,3.39
-0.02,0.08,1.44,0.24,-1.68,0.24,-0.93,3.22
-0.04,0.08,1.45,0.19,-1.57,0.16,-1.6,3.0
-0.07,0.08,1.45,0.19,-1.49,0.07,-2.84,3.32
-0.1,0.08,1.43,0.2,-1.44,0.0,-3.97,3.35
-0.12,0.09,1.39,0.21,-1.38,-0.07,-4.98,3.85
-0.12,0.1,1.32,0.19,-1.33,-0.12,-5.17,4.54
-0.12,0.11,1.25,0.17,-1.33,-0.15,-5.49,4.86
-0.11,0.11,1.21,0.13,-1.34,-0.16,-5.38,5.31
-0.13,0.11,1.2,0.09,-1.32,-0.18,-6.34,5.27
-0.14,0.11,1.19,0.03,-1.37,-0.19,-6.79,5.21
-0.16,0.1,1.19,-0.02,-1.29,-0.17,-7.6,4.7
-0.17,0.09,1.2,-0.06,-1.28,-0.18,-7.94,4.25
-0.19,0.08,1.2,-0.08,-1.23,-0.18,-8.91,3.73
-0.21,0.07,1.19,-0.13,-1.19,-0.18,-9.93,3.47
-0.24,0.06,1.19,-0.17,-1.15,-0.18,-11.36,2.8
-0.28,0.05,1.19,-0.18,-1.15,-0.16,-13.46,2.27
-0.32,0.04,1.19,-0.16,-1.12,-0.17,-15.0,1.93
-0.35,0.04,1.2,-0.14,-1.09,-0.14,-16.2,1.93
-0.36,0.03,1.21,-0.11,-1.07,-0.13,-16.5,1.41
-0.35,0.03,1.21,-0.08,-1.02,-0.11,-16.15,1.2
-0.34,0.02,1.22,-0.05,-0.99,-0.1,-15.55,0.78
-0.34,0.02,1.23,-0.03,-0.93,-0.1,-15.21,1.11
-0.34,0.03,1.24,-0.03,-0.88,-0.11,-15.37,1.3
-0.35,0.02,1.23,0.0,-0.83,-0.12,-15.73,1.09
-0.36,0.03,1.23,0.03,-0.79,-0.12,-16.37,1.23
-0.38,0.04,1.22,0.05,-0.75,-0.12,-17.26,1.59
-0.38,0.03,1.23,0.1,-0.73,-0.11,-17.23,1.54
-0.37,0.04,1.22,0.15,-0.7,-0.12,-16.86,1.6
-0.35,0.03,1.2,0.18,-0.66,-0.12,-16.28,1.58
-0.34,0.03,1.19,0.19,-0.63,-0.11,-16.06,1.52
-0.33,0.04,1.17,0.2,-0.6,-0.1,-15.59,1.75
-0.31,0.04,1.16,0.19,-0.62,-0.07,-15.08,2.08
-0.29,0.04,1.15,0.21,-0.56,-0.07,-14.14,1.95
-0.29,0.04,1.14,0.21,-0.49,-0.09,-14.09,2.16
-0.27,0.05,1.09,0.16,-0.45,-0.08,-13.86,2.62
-0.23,0.03,1.11,0.12,-0.41,-0.07,-11.89,1.27
-0.25,0.03,1.11,0.09,-0.37,-0.06,-12.56,1.75
-0.24,0.05,1.09,0.05,-0.31,-0.06,-12.41,2.38
-0.25,0.04,1.08,0.06,-0.31,-0.03,-13.07,1.93
-0.27,0.02,1.1,0.04,-0.27,-0.01,-13.86,1.09
-0.27,0.02,1.11,0.04,-0.26,0.02,-13.58,1.19
-0.26,0.02,1.11,0.03,-0.22,0.02,-13.33,0.78
-0.27,0.0,1.13,0.04,-0.2,0.03,-13.35,0.16
-0.27,0.0,1.14,0.07,-0.18,0.01,-13.15,0.13
-0.27,0.0,1.15,0.09,-0.19,0.04,-13.09,0.1
-0.25,0.01,1.14,0.15,-0.14,0.01,-12.41,0.31
-0.23,0.01,1.13,0.16,-0.13,0.01,-11.28,0.46
-0.2,0.0,1.12,0.18,-0.12,0.01,-10.11,0.2
-0.18,0.01,1.11,0.17,-0.1,0.01,-8.99,0.58
-0.16,0.01,1.1,0.17,-0.07,0.01,-7.99,0.76
-0.13,0.02,1.1,0.15,-0.03,-0.0,-6.68,0.78
-0.12,0.01,1.1,0.13,-0.02,-0.0,-6.23,0.41
-0.12,0.0,1.09,0.1,-0.0,-0.01,-6.15,0.06
-0.12,0.0,1.08,0.06,0.04,-0.02,-6.34,0.24
-0.12,-0.0,1.08,0.05,0.05,-0.02,-6.14,-0.02
-0.11,-0.0,1.07,0.04,0.07,-0.01,-5.98,-0.23
-0.12,-0.01,1.07,0.02,0.07,-0.01,-6.47,-0.37
-0.13,-0.01,1.06,0.02,0.1,-0.01,-6.86,-0.57
-0.13,-0.01,1.06,0.04,0.1,0.01,-7.11,-0.66
-0.13,-0.01,1.06,0.04,0.1,0.01,-6.91,-0.78
-0.12,-0.02,1.07,0.16,0.3,-0.17,-6.65,-1.09
-0.14,-0.02,1.08,0.08,0.12,0.03,-7.25,-0.93
-0.13,-0.02,1.08,0.1,0.12,0.05,-6.64,-0.9
-0.11,-0.01,1.08,0.15,0.12,0.06,-5.91,-0.72
-0.09,-0.01,1.06,0.25,0.27,-0.1,-4.69,-0.7
-0.06,-0.01,1.05,0.21,0.13,0.06,-3.52,-0.62
-0.04,-0.0,1.04,0.21,0.12,0.06,-2.46,-0.25
-0.03,-0.0,1.03,0.24,0.09,0.06,-1.95,-0.1
-0.02,0.01,1.01,0.25,0.07,0.07,-1.25,0.37
-0.0,0.02,1.01,0.25,0.06,0.09,-0.25,0.98
0.02,0.03,1.0,0.24,0.04,0.09,1.34,1.67
0.04,0.03,1.0,0.2,0.02,0.11,2.48,1.87
0.05,0.04,1.0,0.2,0.01,0.12,3.09,2.31
0.05,0.04,1.02,0.14,0.01,0.13,2.79,2.46
0.06,0.05,1.05,0.1,0.03,0.12,3.44,2.58
0.06,0.05,1.09,0.08,0.02,0.12,3.09,2.51
0.05,0.05,1.1,0.05,0.04,0.09,2.59,2.51
0.07,0.05,1.12,0.03,0.06,0.07,3.4,2.52
0.08,0.04,1.11,-0.01,0.09,0.04,3.94,2.26
0.08,0.05,1.11,-0.04,0.12,0.02,4.04,2.43
0.08,0.07,1.08,-0.06,0.22,0.0,3.98,3.76
0.02,0.04,1.1,-0.08,0.15,-0.01,1.1,1.85
0.05,0.02,1.07,-0.11,0.14,-0.03,2.8,0.88
0.03,0.03,1.06,-0.1,0.13,-0.03,1.42,1.44
-0.0,0.04,1.05,-0.09,0.12,-0.04,-0.14,2.1
-0.01,0.04,1.07,-0.06,0.09,-0.04,-0.62,1.88
0.01,0.02,1.09,-0.05,0.07,-0.05,0.49,1.28
0.03,0.01,1.09,-0.02,0.05,-0.06,1.64,0.54
0.05,0.0,1.08,-0.02,0.03,-0.1,2.41,0.17
0.03,-0.0,1.06,-0.04,0.03,-0.12,1.55,-0.26
0.01,0.01,1.04,-0.05,0.04,-0.13,0.82,0.43
-0.01,-0.0,1.02,-0.06,0.05,-0.12,-0.29,-0.26
-0.03,-0.02,1.0,-0.05,0.06,-0.1,-1.82,-1.17
-0.07,-0.02,0.99,-0.02,0.07,-0.08,-4.05,-0.94
-0.09,-0.02,0.98,0.01,0.05,-0.05,-5.3,-1.3
-0.08,-0.01,0.98,0.06,0.01,0.01,-4.89,-0.33
-0.05,-0.0,0.98,0.11,-0.03,0.05,-3.05,-0.07
-0.0,-0.0,1.01,0.14,-0.05,0.07,-0.13,-0.23
0.04,-0.0,1.03,0.12,-0.04,0.09,2.34,-0.09
0.07,0.01,1.04,0.11,-0.03,0.07,3.7,0.31
0.08,0.02,1.04,0.07,-0.02,0.08,4.22,0.95
0.08,0.04,1.04,0.04,-0.01,0.08,4.47,1.98
0.09,0.04,1.05,-0.01,0.02,0.08,5.09,2.24
0.09,0.03,1.06,-0.05,0.03,0.07,4.72,1.83
0.08,0.03,1.07,-0.07,0.01,0.06,4.21,1.58
0.07,0.03,1.07,-0.08,-0.02,0.03,3.55,1.47
0.03,0.03,1.07,-0.09,-0.02,0.01,1.73,1.73
-0.0,0.04,1.07,-0.09,-0.04,0.02,-0.02,2.08
-0.03,0.04,1.08,-0.07,-0.08,0.01,-1.38,1.97
-0.02,0.04,1.09,-0.03,-0.11,-0.01,-1.26,1.92
-0.02,0.04,1.1,-0.02,-0.11,-0.02,-0.86,1.86
-0.0,0.03,1.09,-0.01,-0.1,-0.03,-0.12,1.4
0.01,0.03,1.07,0.01,-0.1,-0.05,0.41,1.72
0.0,0.03,1.06,0.02,-0.11,-0.05,0.04,1.66
-0.01,0.04,1.04,-0.0,-0.1,-0.05,-0.32,2.2
0.0,0.04,1.03,-0.02,-0.1,-0.04,0.03,1.99
0.0,0.03,1.02,-0.02,-0.12,-0.04,0.07,1.52
-0.0,0.02,1.01,-0.02,-0.12,-0.03,-0.15,0.98
-0.03,0.02,1.0,-0.03,-0.13,-0.02,-1.71,0.93
-0.04,0.02,1.0,-0.04,-0.14,-0.0,-2.28,0.95
-0.05,0.01,1.01,-0.03,-0.16,0.02,-2.87,0.78
-0.05,0.01,1.04,-0.04,-0.18,0.04,-2.95,0.67
-0.05,0.0,1.05,-0.02,-0.16,0.04,-2.77,0.24
-0.07,-0.0,1.07,-0.02,-0.15,0.04,-3.77,-0.13
-0.09,0.01,1.07,0.0,-0.14,0.03,-4.7,0.57
-0.1,0.02,1.08,0.03,-0.14,0.04,-5.49,0.81
-0.12,0.02,1.1,0.05,-0.12,0.05,-6.22,1.11
-0.11,0.01,1.12,0.06,-0.11,0.04,-5.55,0.75
-0.1,0.01,1.13,0.11,-0.11,0.04,-5.15,0.3
-0.1,0.0,1.13,0.14,-0.1,0.01,-4.94,0.18
-0.09,0.01,1.12,0.17,-0.1,-0.0,-4.8,0.51
-0.08,0.03,1.1,0.19,-0.08,-0.01,-4.3,1.59
-0.05,0.03,1.08,0.19,-0.06,-0.02,-2.86,1.51
-0.03,0.02,1.06,0.18,-0.06,-0.02,-1.72,1.02
-0.02,0.02,1.05,0.17,-0.05,-0.02,-1.05,0.98
-0.02,0.02,1.03,0.13,-0.02,-0.02,-0.92,0.88
-0.03,0.02,1.02,0.11,-0.03,0.0,-1.82,1.26
-0.05,0.01,1.02,0.12,-0.07,0.02,-3.07,0.79
-0.06,0.02,1.02,0.14,-0.08,0.04,-3.58,1.02
-0.08,0.01,1.02,0.16,-0.09,0.06,-4.27,0.57
-0.07,0.02,1.04,0.17,-0.08,0.07,-3.76,0.98
-0.04,0.02,1.05,0.2,-0.1,0.08,-2.15,1.28
-0.01,0.03,1.08,0.2,-0.12,0.08,-0.5,1.7
-0.01,0.03,1.11,0.18,-0.11,0.07,-0.27,1.69
-0.0,0.04,1.13,0.22,-0.13,0.04,-0.04,2.25
0.0,0.04,1.11,0.22,-0.15,0.0,0.09,2.25
0.01,0.06,1.09,0.22,-0.14,-0.03,0.67,3.27
0.02,0.08,1.06,0.21,-0.14,-0.05,1.07,4.17
0.02,0.08,1.04,0.2,-0.16,-0.04,1.25,4.6
0.02,0.09,1.05,0.17,-0.15,-0.05,1.26,4.77
0.03,0.09,1.04,0.15,-0.15,-0.04,1.78,4.78
0.03,0.08,1.03,0.12,-0.13,-0.04,1.55,4.59
0.03,0.08,1.02,0.08,-0.12,-0.01,1.64,4.49
0.02,0.09,1.02,0.05,-0.12,0.01,1.36,4.76
0.03,0.09,1.03,0.03,-0.1,0.03,1.65,4.79
0.03,0.08,1.03,-0.02,-0.08,0.04,1.88,4.68
0.03,0.07,1.04,-0.07,-0.05,0.06,1.82,3.68
0.02,0.07,1.05,-0.08,-0.05,0.07,0.84,3.72
-0.0,0.07,1.06,-0.08,-0.05,0.08,-0.23,3.72
-0.02,0.07,1.07,-0.09,-0.06,0.07,-1.31,3.9
-0.03,0.07,1.09,-0.06,-0.06,0.08,-1.74,3.49
-0.04,0.06,1.11,-0.05,-0.09,0.08,-1.88,3.35
-0.04,0.06,1.14,-0.02,-0.11,0.05,-2.11,2.92
-0.03,0.05,1.15,0.01,-0.1,0.02,-1.63,2.42
-0.02,0.05,1.14,0.0,-0.1,-0.0,-1.12,2.62
-0.02,0.05,1.13,0.04,-0.1,-0.03,-1.05,2.43
-0.02,0.04,1.1,0.04,-0.09,-0.04,-1.26,2.32
-0.04,0.05,1.07,0.03,-0.05,-0.05,-2.01,2.44
-0.05,0.05,1.05,0.03,-0.05,-0.04,-2.45,2.77
-0.04,0.05,1.05,0.05,-0.07,-0.03,-2.23,2.9
-0.04,0.05,1.05,0.05,-0.09,-0.02,-2.02,2.75
-0.01,0.04,1.06,0.06,-0.08,-0.02,-0.5,2.11
-0.01,0.03,1.06,0.03,-0.09,-0.02,-0.4,1.69
-0.01,0.02,1.05,0.02,-0.09,-0.03,-0.72,1.32
-0.01,0.03,1.04,0.02,-0.09,-0.03,-0.81,1.65
-0.03,0.03,1.03,0.01,-0.08,-0.02,-1.44,1.8
-0.05,0.03,1.04,0.0,-0.09,0.0,-2.89,1.72
-0.05,0.03,1.04,-0.01,-0.11,0.02,-2.96,1.69
-0.06,0.02,1.06,-0.02,-0.09,0.02,-3.34,1.33
-0.06,0.02,1.07,-0.02,-0.11,0.03,-3.12,0.96
-0.06,0.01,1.1,-0.02,-0.08,0.01,-3.37,0.5
-0.07,0.01,1.1,-0.01,-0.07,-0.0,-3.69,0.38
-0.07,0.01,1.09,0.01,-0.06,-0.01,-3.72,0.7
-0.07,0.02,1.09,0.02,-0.01,-0.01,-3.93,0.92
-0.07,0.02,1.08,0.01,0.01,-0.01,-3.64,0.87
-0.06,0.02,1.07,0.01,0.01,-0.01,-3.18,0.83
-0.05,0.02,1.07,0.03,0.01,-0.01,-2.53,0.82
-0.04,0.01,1.05,0.03,0.03,-0.02,-2.24,0.81
-0.04,0.02,1.05,0.03,0.02,-0.01,-2.03,1.21
-0.02,0.02,1.05,0.02,0.03,-0.01,-1.0,1.3
-0.0,0.03,1.04,0.01,0.02,0.01,-0.09,1.48
0.01,0.02,1.05,-0.01,0.04,0.0,0.37,0.99
0.01,0.02,1.05,-0.05,0.03,-0.01,0.62,1.29
0.01,0.02,1.07,-0.07,0.03,-0.02,0.63,1.18
0.0,0.02,1.06,-0.1,0.02,-0.02,0.13,1.09
-0.01,0.02,1.06,-0.13,0.04,-0.02,-0.58,1.01
-0.03,0.01,1.07,-0.17,0.09,-0.01,-1.58,0.66
-0.05,0.01,1.07,-0.16,0.08,-0.01,-2.79,0.68
-0.08,0.0,1.07,-0.14,0.07,0.01,-4.22,0.23
-0.08,0.01,1.06,-0.13,0.08,-0.0,-4.14,0.6
-0.08,0.01,1.06,-0.13,0.1,0.0,-4.17,0.32
-0.07,0.0,1.07,-0.11,0.09,0.01,-4.01,0.18
-0.07,0.0,1.07,-0.09,0.08,0.0,-3.71,0.12
-0.07,0.01,1.07,-0.07,0.08,0.01,-3.85,0.33
-0.06,0.0,1.07,-0.06,0.11,0.02,-3.3,0.13
-0.06,0.01,1.07,-0.05,0.1,0.03,-3.25,0.43
-0.06,0.01,1.08,-0.02,0.07,0.03,-3.03,0.47
-0.05,0.02,1.08,-0.01,0.08,0.01,-2.42,0.94
-0.04,0.02,1.09,-0.01,0.06,0.02,-2.11,1.08
-0.03,0.03,1.09,-0.01,0.07,-0.0,-1.69,1.43
-0.02,0.03,1.08,-0.02,0.07,-0.0,-1.29,1.4
-0.02,0.03,1.07,-0.03,0.08,-0.0,-1.09,1.82
-0.02,0.03,1.08,-0.06,0.11,-0.01,-1.06,1.76
-0.02,0.02,1.07,-0.08,0.13,0.0,-0.88,1.03
-0.02,0.01,1.06,-0.09,0.14,0.0,-1.28,0.35
-0.04,0.01,1.05,-0.09,0.15,-0.01,-2.23,0.55
-0.07,0.01,1.03,-0.09,0.15,0.0,-3.73,0.5
-0.08,0.01,1.01,-0.07,0.12,0.02,-4.71,0.45
-0.09,0.0,1.02,-0.05,0.11,0.05,-5.24,0.05
-0.1,-0.01,1.03,-0.02,0.09,0.07,-5.59,-0.51
-0.12,-0.02,1.03,0.04,0.06,0.08,-6.34,-0.92
-0.13,-0.01,1.04,0.11,0.01,0.09,-6.94,-0.81
-0.13,-0.01,1.04,0.18,-0.01,0.1,-7.34,-0.7
-0.13,-0.01,1.04,0.24,-0.07,0.11,-7.28,-0.34
-0.12,0.0,1.04,0.26,-0.07,0.12,-6.62,0.13
-0.11,0.01,1.05,0.32,-0.1,0.14,-5.98,0.63
-0.1,0.02,1.06,0.36,-0.12,0.15,-5.21,1.13
-0.1,0.04,1.07,0.38,-0.12,0.17,-5.11,2.04
-0.08,0.05,1.08,0.37,-0.1,0.17,-4.09,2.52
-0.08,0.06,1.11,0.37,-0.09,0.18,-3.98,3.04
-0.06,0.08,1.13,0.36,-0.09,0.19,-3.12,3.9
-0.05,0.08,1.15,0.34,-0.06,0.19,-2.39,4.18
-0.02,0.09,1.17,0.31,-0.03,0.17,-1.2,4.57
-0.0,0.1,1.19,0.26,0.02,0.15,-0.0,4.57
0.02,0.11,1.2,0.2,0.05,0.13,0.84,5.16
0.03,0.11,1.21,0.14,0.07,0.1,1.45,5.23
0.02,0.12,1.22,0.07,0.14,0.05,0.93,5.69
0.01,0.12,1.22,0.01,0.19,0.01,0.26,5.5
-0.01,0.12,1.23,-0.05,0.22,-0.03,-0.46,5.73
-0.02,0.12,1.21,-0.09,0.27,-0.06,-0.96,5.83
-0.05,0.13,1.21,-0.14,0.3,-0.1,-2.51,5.99
-0.07,0.11,1.2,-0.19,0.33,-0.12,-3.23,5.12
-0.1,0.11,1.2,-0.22,0.37,-0.14,-4.94,5.21
-0.13,0.1,1.19,-0.23,0.38,-0.15,-6.43,4.8
-0.15,0.1,1.2,-0.24,0.4,-0.17,-7.21,4.85
-0.17,0.1,1.19,-0.23,0.4,-0.16,-8.24,4.81
-0.2,0.1,1.21,-0.22,0.4,-0.17,-9.46,4.55
-0.21,0.1,1.23,-0.21,0.4,-0.18,-9.77,4.75
-0.22,0.11,1.25,-0.22,0.43,-0.17,-9.82,4.94
-0.21,0.1,1.27,-0.22,0.45,-0.19,-9.5,4.59
-0.21,0.11,1.28,-0.23,0.51,-0.2,-9.3,4.89
-0.21,0.11,1.31,-0.23,0.56,-0.21,-9.16,4.86
-0.2,0.12,1.33,-0.26,0.64,-0.23,-8.33,4.89
-0.18,0.12,1.36,-0.29,0.72,-0.25,-7.42,4.86
-0.15,0.1,1.39,-0.33,0.81,-0.29,-6.18,4.26
-0.13,0.1,1.4,-0.38,0.9,-0.34,-5.31,3.95
-0.12,0.09,1.39,-0.43,1.01,-0.4,-4.79,3.8
-0.12,0.09,1.37,-0.49,1.1,-0.45,-5.13,3.7
-0.13,0.09,1.35,-0.54,1.18,-0.49,-5.4,3.92
-0.14,0.08,1.34,-0.6,1.24,-0.53,-6.04,3.53
-0.15,0.07,1.32,-0.61,1.28,-0.56,-6.31,3.2
-0.15,0.07,1.3,-0.67,1.33,-0.58,-6.57,3.12
-0.16,0.07,1.28,-0.68,1.36,-0.59,-7.16,3.01
-0.18,0.07,1.27,-0.72,1.38,-0.6,-7.86,2.95
-0.18,0.06,1.27,-0.72,1.43,-0.6,-8.04,2.59
-0.18,0.05,1.27,-0.77,1.49,-0.59,-8.18,2.09
-0.18,0.03,1.27,-0.77,1.52,-0.58,-8.21,1.54
-0.18,0.03,1.26,-0.77,1.53,-0.57,-8.22,1.51
-0.18,0.03,1.27,-0.79,1.59,-0.56,-8.05,1.28
-0.18,0.03,1.27,-0.8,1.62,-0.55,-7.95,1.27
-0.17,0.02,1.29,-0.81,1.67,-0.54,-7.43,0.7
-0.15,0.01,1.29,-0.82,1.71,-0.53,-6.64,0.61
-0.14,0.01,1.29,-0.82,1.76,-0.54,-6.22,0.33
-0.13,0.02,1.29,-0.86,1.83,-0.54,-5.77,0.82
-0.14,0.02,1.28,-0.89,1.86,-0.52,-6.09,1.11
-0.15,0.03,1.28,-0.9,1.87,-0.52,-6.45,1.44
-0.15,0.03,1.3,-0.91,1.93,-0.52,-6.51,1.5
-0.16,0.03,1.33,-0.91,1.98,-0.5,-7.07,1.32
-0.16,0.02,1.34,-0.91,2.02,-0.48,-6.86,1.04
-0.16,0.02,1.37,-0.92,2.09,-0.47,-6.64,0.93
-0.15,0.02,1.39,-0.88,2.13,-0.47,-6.25,0.64
-0.16,0.01,1.42,-0.88,2.22,-0.47,-6.22,0.38
-0.14,-0.0,1.44,-0.83,2.26,-0.47,-5.62,-0.0
-0.14,-0.0,1.44,-0.79,2.31,-0.48,-5.5,-0.13
-0.14,-0.01,1.43,-0.74,2.37,-0.48,-5.63,-0.26
-0.14,-0.01,1.42,-0.69,2.41,-0.47,-5.66,-0.33
-0.14,-0.01,1.41,-0.65,2.45,-0.45,-5.53,-0.55
-0.13,-0.01,1.41,-0.58,2.47,-0.45,-5.39,-0.55
-0.12,-0.02,1.42,-0.54,2.51,-0.41,-4.8,-0.6
-0.1,-0.03,1.43,-0.48,2.53,-0.4,-3.91,-1.11
-0.08,-0.04,1.43,-0.43,2.57,-0.39,-3.08,-1.48
-0.06,-0.05,1.42,-0.36,2.61,-0.4,-2.58,-1.91
-0.05,-0.05,1.41,-0.3,2.64,-0.39,-1.87,-2.15
-0.04,-0.06,1.39,-0.27,2.71,-0.4,-1.72,-2.4
-0.03,-0.05,1.36,-0.23,2.74,-0.38,-1.1,-2.08
-0.01,-0.05,1.34,-0.17,2.75,-0.35,-0.42,-2.25
0.02,-0.05,1.32,-0.13,2.77,-0.31,1.08,-2.19
0.06,-0.05,1.29,-0.13,2.83,-0.31,2.84,-2.25
0.09,-0.06,1.26,-0.12,2.84,-0.3,3.91,-2.58
0.11,-0.05,1.24,-0.17,2.86,-0.3,5.12,-2.38
0.13,-0.05,1.24,-0.17,2.83,-0.28,5.77,-2.49
0.14,-0.05,1.24,-0.2,2.84,-0.27,6.39,-2.2
0.15,-0.05,1.25,-0.25,2.84,-0.25,6.64,-2.42
0.16,-0.06,1.27,-0.25,2.82,-0.25,7.32,-2.55
0.19,-0.07,1.28,-0.28,2.82,-0.25,8.39,-3.19
0.19,-0.08,1.28,-0.34,2.89,-0.27,8.53,-3.57
0.19,-0.08,1.27,-0.37,2.89,-0.26,8.44,-3.78
0.17,-0.09,1.29,-0.38,2.91,-0.26,7.45,-3.86
0.15,-0.1,1.3,-0.4,2.98,-0.25,6.76,-4.2
0.14,-0.11,1.31,-0.4,3.01,-0.23,6.2,-4.57
0.15,-0.11,1.31,-0.38,3.07,-0.21,6.47,-4.61
0.17,-0.12,1.3,-0.34,3.09,-0.2,7.22,-5.11
0.19,-0.13,1.28,-0.32,3.11,-0.19,8.45,-5.9
0.19,-0.14,1.27,-0.3,3.16,-0.21,8.65,-6.42
0.18,-0.14,1.25,-0.27,3.17,-0.21,8.18,-6.42
0.17,-0.14,1.22,-0.23,3.18,-0.2,7.68,-6.33
0.16,-0.13,1.19,-0.18,3.18,-0.16,7.52,-6.14
0.15,-0.13,1.16,-0.14,3.2,-0.13,7.2,-6.29
0.15,-0.13,1.12,-0.11,3.19,-0.09,7.65,-6.38
0.16,-0.13,1.11,-0.06,3.15,-0.06,8.17,-6.47
0.19,-0.13,1.11,-0.03,3.09,-0.01,9.61,-6.53
0.22,-0.15,1.1,0.0,3.07,0.0,11.35,-7.58
0.25,-0.17,1.12,0.04,3.06,0.01,12.65,-8.2
0.27,-0.16,1.11,0.08,3.05,0.01,13.76,-7.91
0.28,-0.15,1.08,0.26,3.44,-0.26,14.22,-7.79
0.28,-0.13,1.04,0.17,3.05,-0.01,15.04,-7.09
0.29,-0.11,1.0,0.19,3.05,0.02,16.02,-6.23
0.31,-0.1,0.95,0.19,3.03,0.03,18.04,-5.45
0.33,-0.09,0.93,0.2,3.01,0.03,19.24,-4.99
0.36,-0.08,0.91,0.17,2.96,0.03,21.23,-4.68
0.38,-0.06,0.9,0.14,2.92,0.01,22.99,-3.72
0.41,-0.07,0.88,0.09,2.9,-0.01,24.94,-3.93
0.44,-0.07,0.89,0.05,2.88,-0.04,25.99,-3.87
0.45,-0.07,0.92,0.01,2.86,-0.09,25.99,-3.9
0.45,-0.1,0.92,-0.02,2.87,-0.13,25.9,-5.28
0.43,-0.09,0.92,-0.04,2.86,-0.18,24.9,-5.26
0.4,-0.09,0.91,-0.06,2.85,-0.22,23.41,-4.91
0.36,-0.07,0.89,-0.1,2.83,-0.24,21.82,-4.42
0.32,-0.08,0.89,-0.13,2.85,-0.23,19.85,-4.72
0.31,-0.08,0.9,-0.14,2.85,-0.22,18.75,-4.71
0.28,-0.08,0.89,-0.15,2.87,-0.2,17.35,-4.69
0.25,-0.08,0.9,-0.17,2.9,-0.17,15.3,-4.76
0.22,-0.07,0.88,-0.16,2.91,-0.13,13.69,-4.54
0.2,-0.05,0.87,-0.14,2.89,-0.07,12.72,-3.33
0.19,-0.05,0.86,-0.13,2.86,-0.02,12.67,-3.25
0.21,-0.05,0.85,-0.12,2.85,0.02,14.04,-3.19
0.23,-0.04,0.83,-0.12,2.83,0.05,15.21,-2.85
0.24,-0.04,0.81,-0.09,2.79,0.08,16.44,-2.45
0.25,-0.02,0.78,-0.1,2.77,0.1,17.83,-1.69
0.27,-0.02,0.78,-0.1,2.73,0.11,19.08,-1.22
0.3,-0.02,0.78,-0.1,2.68,0.11,20.84,-1.19
0.33,-0.03,0.79,-0.09,2.6,0.1,22.55,-2.09
0.34,-0.05,0.78,-0.07,2.57,0.06,23.46,-3.36
0.32,-0.04,0.79,-0.05,2.56,0.02,22.14,-2.8
0.29,0.0,0.77,-0.05,2.55,0.0,21.01,0.03
0.27,0.03,0.74,-0.06,2.51,0.01,20.27,1.89
0.27,0.02,0.7,-0.1,2.5,0.0,21.0,1.76
0.27,0.01,0.72,-0.12,2.51,0.01,20.56,0.51
0.25,0.01,0.74,-0.17,2.56,0.0,18.44,0.7
0.22,0.02,0.75,-0.16,2.53,0.02,16.09,1.12
0.19,0.02,0.74,-0.18,2.54,0.03,14.33,1.21
0.19,0.03,0.74,-0.17,2.5,0.05,14.02,1.9
0.2,0.03,0.75,-0.18,2.47,0.07,14.58,2.35
0.22,0.03,0.75,-0.17,2.42,0.07,16.26,2.44
0.23,0.02,0.74,-0.13,2.4,0.06,17.36,1.26
0.21,0.02,0.74,-0.12,2.38,0.05,16.19,1.54
0.18,0.04,0.73,-0.1,2.36,0.05,13.87,2.82
0.15,0.05,0.72,-0.1,2.31,0.06,11.69,4.24
0.11,0.05,0.72,-0.11,2.32,0.07,9.07,4.3
0.11,0.06,0.74,-0.09,2.28,0.1,8.77,4.74
0.12,0.08,0.74,-0.08,2.22,0.12,9.43,6.08
0.13,0.07,0.73,-0.07,2.17,0.13,10.06,5.75
0.13,0.07,0.72,-0.07,2.15,0.15,10.42,5.77
0.15,0.1,0.72,-0.06,2.07,0.15,11.51,7.39
0.18,0.1,0.71,-0.08,2.03,0.14,13.91,7.73
0.2,0.09,0.7,-0.11,2.0,0.12,15.55,6.96
0.2,0.09,0.71,-0.12,1.97,0.09,15.49,6.88
0.17,0.09,0.71,-0.14,1.93,0.05,13.66,7.39
0.16,0.08,0.72,-0.17,1.95,0.04,12.43,6.54
0.16,0.08,0.75,-0.17,1.94,0.03,12.04,6.33
0.16,0.08,0.77,-0.19,1.93,0.04,11.56,5.5
0.16,0.06,0.78,-0.18,1.94,0.04,11.34,4.16
0.16,0.05,0.79,-0.17,1.98,0.03,11.6,3.89
0.13,0.06,0.8,-0.12,1.96,0.04,9.31,4.23
0.12,0.08,0.79,-0.1,1.92,0.04,8.82,5.64
0.1,0.07,0.76,-0.09,1.91,0.03,7.32,5.58
0.07,0.09,0.76,-0.09,1.95,0.03,5.1,6.54
0.04,0.09,0.77,-0.07,1.93,0.06,2.98,6.89
0.04,0.09,0.77,-0.04,1.89,0.09,3.05,6.86
0.05,0.08,0.78,-0.03,1.89,0.09,3.5,5.93
0.03,0.11,0.77,0.03,1.83,0.1,2.12,7.97
0.02,0.12,0.75,0.05,1.77,0.11,1.21,9.38
-0.01,0.13,0.72,0.05,1.7,0.11,-0.97,10.48
-0.02,0.13,0.71,0.06,1.66,0.11,-1.64,10.44
-0.01,0.14,0.73,0.04,1.64,0.14,-0.89,11.12
0.01,0.16,0.73,0.04,1.61,0.15,0.64,12.56
0.03,0.16,0.71,0.04,1.55,0.15,2.22,12.66
0.04,0.16,0.7,0.05,1.48,0.13,3.15,13.18
0.03,0.18,0.7,0.05,1.44,0.09,2.45,14.53
0.02,0.19,0.69,0.03,1.37,0.07,1.48,15.31
0.01,0.18,0.7,0.0,1.35,0.03,0.46,14.49
-0.01,0.18,0.71,-0.01,1.32,0.02,-0.9,14.18
-0.05,0.17,0.74,-0.02,1.31,0.02,-3.4,13.05
-0.08,0.19,0.76,-0.06,1.32,0.04,-6.01,13.92
-0.1,0.2,0.75,-0.06,1.26,0.07,-7.16,15.11
-0.1,0.21,0.73,-0.08,1.19,0.1,-7.51,15.7
-0.07,0.2,0.72,-0.11,1.18,0.09,-5.59,15.25
-0.04,0.19,0.73,-0.13,1.13,0.1,-2.79,14.44
-0.02,0.18,0.74,-0.15,1.12,0.09,-1.76,13.62
-0.03,0.17,0.74,-0.14,1.14,0.07,-1.93,12.7
-0.03,0.16,0.75,-0.12,1.11,0.07,-2.38,12.01
-0.04,0.17,0.77,-0.11,1.09,0.07,-2.87,12.28
-0.04,0.17,0.77,-0.07,1.03,0.07,-2.7,12.51
-0.03,0.16,0.77,-0.05,0.97,0.07,-1.93,11.97
-0.03,0.16,0.77,0.0,0.92,0.03,-2.38,12.08
-0.05,0.17,0.78,0.03,0.88,0.01,-3.53,12.17
-0.07,0.18,0.77,0.03,0.83,0.01,-4.87,13.37
-0.08,0.2,0.76,0.05,0.74,0.0,-5.57,14.48
-0.09,0.2,0.74,0.03,0.73,0.01,-6.58,14.79
-0.1,0.2,0.74,-0.0,0.7,-0.01,-7.65,15.28
-0.1,0.21,0.75,-0.04,0.68,-0.01,-7.37,15.32
-0.1,0.22,0.75,-0.08,0.63,-0.02,-7.01,16.16
-0.09,0.21,0.75,-0.12,0.59,-0.03,-6.63,15.96
-0.08,0.2,0.76,-0.17,0.54,-0.06,-5.55,14.86
-0.09,0.19,0.77,-0.21,0.51,-0.08,-6.54,13.61
-0.1,0.18,0.79,-0.24,0.46,-0.1,-6.85,12.81
-0.1,0.17,0.81,-0.29,0.41,-0.09,-6.62,11.59
-0.08,0.14,0.84,-0.32,0.39,-0.1,-5.19,9.69
-0.07,0.13,0.86,-0.34,0.36,-0.1,-4.33,8.33
-0.04,0.11,0.88,-0.36,0.36,-0.08,-2.27,6.82
-0.0,0.09,0.9,-0.35,0.33,-0.07,-0.06,5.43
0.03,0.06,0.89,-0.33,0.36,-0.08,1.85,3.67
0.04,0.03,0.91,-0.31,0.4,-0.09,2.72,2.12
0.03,0.02,0.93,-0.26,0.42,-0.1,2.04,1.04
0.01,0.02,0.96,-0.2,0.43,-0.08,0.35,1.02
-0.02,0.01,0.97,-0.16,0.48,-0.07,-1.01,0.47
-0.03,0.02,0.96,-0.12,0.47,-0.02,-1.88,1.18
-0.03,0.04,0.96,-0.08,0.46,0.02,-2.09,2.12
-0.03,0.04,0.94,-0.06,0.47,0.05,-1.8,2.67
-0.04,0.05,0.92,-0.04,0.46,0.08,-2.22,3.04
-0.05,0.06,0.91,-0.03,0.48,0.09,-3.07,3.73
-0.05,0.07,0.9,-0.01,0.45,0.11,-2.97,4.6
-0.05,0.09,0.89,0.02,0.44,0.14,-3.02,5.58
-0.04,0.1,0.88,0.03,0.44,0.14,-2.48,6.31
-0.02,0.11,0.87,0.05,0.4,0.14,-1.01,7.37
-0.0,0.13,0.86,0.09,0.35,0.12,-0.21,8.47
-0.01,0.14,0.84,0.08,0.29,0.08,-0.41,9.51
-0.03,0.15,0.82,0.08,0.29,0.04,-2.25,10.56
-0.07,0.16,0.81,0.08,0.24,0.02,-4.88,11.3
-0.09,0.17,0.82,0.04,0.21,-0.0,-6.27,11.43
-0.11,0.17,0.83,-0.0,0.18,0.01,-7.45,11.2
-0.1,0.16,0.84,-0.05,0.2,0.0,-6.75,10.93
-0.09,0.16,0.85,-0.08,0.18,0.02,-6.26,10.78
-0.08,0.15,0.86,-0.12,0.16,0.01,-5.27,9.9
-0.07,0.13,0.86,-0.14,0.13,0.01,-4.77,8.72
-0.06,0.12,0.87,-0.17,0.15,0.01,-4.11,7.62
-0.04,0.1,0.89,-0.2,0.16,0.03,-2.58,6.26
-0.02,0.09,0.91,-0.16,0.13,0.03,-1.52,5.82
-0.01,0.09,0.91,-0.14,0.11,0.03,-0.6,5.38
-0.0,0.08,0.9,-0.12,0.1,0.03,-0.17,5.07
0.0,0.08,0.9,-0.1,0.08,0.02,0.29,4.9
0.0,0.08,0.9,-0.08,0.06,0.02,0.31,5.21
0.01,0.09,0.9,-0.05,0.03,0.0,0.64,5.43
0.01,0.09,0.89,-0.04,0.02,-0.01,0.65,5.67
0.0,0.09,0.87,-0.05,0.01,-0.03,0.14,5.7
-0.01,0.09,0.88,-0.04,-0.01,-0.04,-0.52,5.58
-0.03,0.09,0.89,-0.03,-0.01,-0.04,-1.64,5.74
-0.04,0.1,0.9,-0.04,0.01,-0.03,-2.63,6.34
-0.04,0.09,0.9,-0.05,-0.01,-0.01,-2.37,5.95
-0.03,0.1,0.89,-0.06,0.0,-0.01,-2.23,6.41
-0.04,0.11,0.88,-0.09,0.01,-0.01,-2.62,7.12
-0.04,0.11,0.88,-0.13,0.03,0.0,-2.39,7.16
-0.04,0.11,0.87,-0.17,0.05,0.0,-2.3,7.06
-0.01,0.11,0.88,-0.19,0.04,0.0,-0.72,7.02
0.01,0.11,0.88,-0.21,0.02,-0.01,0.94,6.82
0.03,0.09,0.89,-0.21,0.03,-0.04,2.24,5.75
0.04,0.07,0.89,-0.24,0.04,-0.06,2.76,4.54
0.05,0.06,0.91,-0.22,0.02,-0.08,2.91,3.84
0.05,0.05,0.93,-0.21,-0.01,-0.09,3.15,3.22
0.05,0.04,0.96,-0.19,-0.0,-0.11,2.73,2.6
0.05,0.04,0.97,-0.17,-0.03,-0.11,2.82,2.09
0.08,0.03,0.97,-0.14,-0.06,-0.11,4.6,1.75
0.08,0.03,0.96,-0.12,-0.1,-0.12,4.93,1.95
0.08,0.03,0.95,-0.1,-0.1,-0.14,5.09,1.75
0.06,0.04,0.94,-0.11,-0.09,-0.16,3.35,2.36
0.03,0.04,0.96,-0.12,-0.09,-0.16,1.76,2.28
0.01,0.03,0.96,-0.15,-0.09,-0.15,0.75,1.85
0.01,0.03,0.98,-0.17,-0.07,-0.14,0.57,1.53
0.02,0.01,0.99,-0.19,-0.06,-0.12,1.26,0.8
0.03,-0.01,0.99,-0.19,-0.05,-0.11,1.84,-0.36
0.04,-0.01,1.0,-0.19,-0.05,-0.09,2.48,-0.85
0.05,-0.03,1.01,-0.18,-0.02,-0.08,2.99,-1.69
0.06,-0.05,1.03,-0.16,0.01,-0.06,3.37,-2.63
0.07,-0.05,1.04,-0.11,0.03,-0.04,3.64,-3.01
0.07,-0.05,1.04,-0.07,0.04,-0.0,3.71,-2.57
0.08,-0.04,1.02,-0.01,0.05,0.02,4.21,-2.34
0.07,-0.02,0.99,0.02,0.08,0.02,4.3,-1.2
0.06,-0.01,0.97,0.05,0.08,0.02,3.75,-0.45
0.04,0.01,0.95,0.06,0.09,0.03,2.33,0.39
0.03,0.03,0.95,0.08,0.1,0.01,1.66,1.64
0.01,0.04,0.94,0.09,0.12,0.02,0.7,2.7
-0.0,0.06,0.93,0.07,0.12,0.03,-0.09,3.77
-0.0,0.07,0.92,0.08,0.09,0.01,-0.04,4.52
0.0,0.09,0.91,0.09,0.06,0.0,0.1,5.59
-0.01,0.1,0.88,0.06,0.05,-0.02,-0.36,6.57
-0.02,0.12,0.88,0.04,0.01,-0.04,-1.5,7.47
-0.04,0.12,0.87,-0.01,-0.01,-0.06,-2.59,7.69
-0.05,0.12,0.88,-0.04,-0.02,-0.08,-3.15,7.52
-0.06,0.11,0.89,-0.09,-0.02,-0.09,-3.73,7.08
-0.07,0.11,0.89,-0.16,-0.03,-0.08,-4.18,6.73
-0.06,0.09,0.91,-0.19,-0.02,-0.08,-3.88,5.82
-0.04,0.08,0.93,-0.23,-0.04,-0.06,-2.69,5.07
-0.02,0.07,0.94,-0.25,-0.04,-0.06,-1.36,4.03
0.01,0.04,0.95,-0.26,-0.05,-0.05,0.39,2.64
0.03,0.03,0.96,-0.27,-0.1,-0.04,1.65,1.63
0.05,0.01,0.98,-0.23,-0.08,-0.06,2.64,0.68
0.04,0.0,0.99,-0.21,-0.07,-0.07,2.07,0.25
0.03,0.0,1.0,-0.17,-0.08,-0.06,1.81,0.28
0.04,0.01,1.0,-0.14,-0.09,-0.05,2.46,0.47
0.05,0.01,1.0,-0.13,-0.06,-0.03,2.6,0.74
0.06,0.01,1.0,-0.11,-0.03,-0.02,3.58,0.56
0.06,0.01,1.0,-0.1,-0.0,-0.01,3.33,0.72
0.05,0.01,1.0,-0.09,0.02,0.0,2.95,0.72
0.04,0.02,1.0,-0.07,0.01,0.01,2.47,1.17
0.05,0.02,1.0,-0.08,0.02,0.01,2.64,1.41
0.05,0.03,0.99,-0.07,0.03,0.02,2.64,1.72
0.05,0.03,0.98,-0.05,0.02,0.02,2.89,1.94
0.05,0.05,0.97,-0.02,-0.01,0.02,3.02,3.11
0.05,0.07,0.96,-0.04,0.0,-0.0,2.85,3.89
0.04,0.07,0.94,-0.05,-0.02,-0.02,2.35,4.14
0.03,0.07,0.94,-0.07,-0.02,-0.03,2.07,4.09
0.03,0.06,0.95,-0.07,-0.02,-0.05,1.63,3.71
0.02,0.06,0.98,-0.11,0.0,-0.04,1.09,3.29
0.02,0.05,0.97,-0.13,0.02,-0.03,1.16,2.81
0.03,0.04,0.99,-0.13,0.0,-0.02,1.51,2.54
0.02,0.03,0.99,-0.12,-0.01,-0.01,1.09,1.82
0.03,0.01,1.0,-0.14,0.01,-0.01,1.65,0.73
0.03,0.01,1.01,-0.13,0.02,0.01,1.79,0.31
0.03,0.0,1.02,-0.1,0.02,0.03,1.94,0.16
0.02,0.0,1.01,-0.07,0.01,0.06,1.3,0.17
0.01,0.01,1.0,-0.05,0.01,0.06,0.48,0.48
0.01,0.01,0.99,-0.05,0.04,0.08,0.53,0.78
0.02,0.02,0.97,-0.05,0.02,0.11,1.37,1.26
0.05,0.03,0.97,-0.03,0.02,0.12,2.75,1.68
0.05,0.03,0.95,-0.03,0.03,0.11,3.28,1.63
0.07,0.04,0.94,-0.02,0.05,0.09,4.5,2.57
0.07,0.05,0.94,-0.03,0.07,0.07,4.43,3.01
0.08,0.05,0.94,0.02,0.05,0.04,4.79,2.89
0.07,0.06,0.94,0.02,0.04,0.02,4.11,3.59
0.04,0.06,0.94,0.02,0.05,-0.0,2.61,3.77
0.01,0.07,0.93,0.02,0.05,-0.01,0.44,4.43
-0.02,0.08,0.93,0.01,0.03,-0.02,-1.38,4.67
-0.06,0.09,0.93,-0.01,0.03,-0.01,-3.41,5.37
-0.07,0.08,0.93,-0.06,0.03,-0.0,-4.41,4.97
-0.08,0.08,0.93,-0.09,0.03,0.03,-5.0,4.98
-0.07,0.08,0.93,-0.12,0.01,0.05,-4.14,4.81
-0.05,0.06,0.94,-0.14,0.0,0.05,-2.86,3.55
-0.04,0.05,0.95,-0.18,0.03,0.07,-2.18,3.18
-0.02,0.04,0.97,-0.17,0.0,0.08,-0.97,2.59
-0.0,0.04,0.98,-0.16,-0.0,0.1,-0.15,2.43
0.02,0.03,0.98,-0.13,-0.04,0.11,1.17,1.87
0.04,0.03,0.98,-0.1,-0.05,0.1,2.23,1.79
0.05,0.03,0.96,-0.09,-0.06,0.11,3.17,1.76
0.05,0.04,0.96,-0.05,-0.05,0.09,3.02,2.09
0.04,0.04,0.95,-0.04,-0.06,0.09,2.15,2.5
0.03,0.06,0.95,-0.06,-0.01,0.09,1.53,3.92
0.04,0.08,0.93,-0.07,-0.02,0.1,2.2,4.96
0.05,0.09,0.91,-0.07,-0.02,0.07,3.15,5.8
0.05,0.09,0.9,-0.08,0.0,0.04,3.33,5.71
0.04,0.09,0.9,-0.09,-0.01,0.02,2.61,5.66
0.02,0.09,0.92,-0.14,0.03,-0.01,1.05,5.35
-0.01,0.08,0.94,-0.15,0.02,-0.01,-0.47,4.87
-0.02,0.07,0.96,-0.15,0.01,0.01,-1.32,4.31
-0.02,0.07,0.97,-0.18,0.04,0.02,-1.46,3.85
-0.01,0.05,0.97,-0.18,0.01,0.03,-0.63,3.15
0.0,0.05,0.97,-0.15,-0.0,0.04,0.14,2.88
0.01,0.04,0.97,-0.13,-0.03,0.04,0.37,2.63
0.02,0.06,0.97,-0.15,-0.01,0.04,1.36,3.41
0.04,0.04,0.97,-0.13,-0.04,0.03,2.6,2.49
0.04,0.04,0.95,-0.1,-0.05,0.02,2.71,2.2
0.06,0.03,0.95,-0.08,-0.05,0.03,3.75,1.64
0.05,0.02,0.95,-0.08,-0.02,0.0,3.22,1.39
0.05,0.03,0.97,-0.07,-0.01,-0.01,2.87,1.6
0.04,0.02,0.97,-0.06,-0.0,-0.01,2.61,0.88
0.04,0.01,0.97,-0.04,-0.01,-0.0,2.08,0.81
0.03,0.01,0.98,-0.03,-0.0,0.01,1.94,0.48
0.05,0.01,0.98,-0.01,0.02,0.02,3.11,0.69
0.05,0.02,0.97,0.01,0.02,0.03,3.25,1.25
0.05,0.02,0.96,0.02,0.02,0.02,2.9,1.14
0.04,0.03,0.95,0.04,0.01,0.02,2.28,1.93
0.05,0.04,0.93,0.02,0.05,0.02,2.81,2.38
0.04,0.04,0.93,0.02,0.05,0.02,2.42,2.62
0.04,0.04,0.93,0.02,0.05,0.02,2.29,2.67
0.04,0.05,0.93,0.04,0.08,0.01,2.46,3.34
0.04,0.06,0.93,0.01,0.1,0.01,2.24,3.59
0.04,0.06,0.92,0.05,0.08,0.01,2.43,3.84
0.03,0.07,0.91,0.11,0.21,-0.14,1.75,4.12
0.01,0.07,0.92,0.08,0.07,-0.01,0.92,4.44
-0.0,0.08,0.91,0.06,0.07,-0.01,-0.05,5.04
-0.01,0.08,0.9,0.08,0.05,-0.01,-0.76,5.31
-0.02,0.1,0.89,0.09,0.03,0.0,-1.21,6.26
-0.03,0.11,0.87,0.09,0.01,-0.01,-2.07,7.06
-0.04,0.12,0.86,0.06,0.01,-0.0,-2.82,7.67
-0.04,0.12,0.85,0.06,-0.02,-0.01,-2.9,8.0
-0.06,0.12,0.85,0.03,-0.04,-0.01,-3.9,8.28
-0.07,0.13,0.84,0.0,-0.04,-0.02,-4.98,9.03
-0.08,0.14,0.83,-0.04,-0.06,-0.01,-5.72,9.43
-0.08,0.14,0.81,-0.08,-0.09,-0.01,-5.79,9.89
-0.08,0.13,0.82,-0.11,-0.09,-0.01,-5.26,9.3
-0.07,0.14,0.82,-0.15,-0.1,-0.01,-5.0,9.56
-0.07,0.13,0.82,-0.17,-0.1,-0.02,-4.71,8.75
-0.08,0.13,0.82,-0.18,-0.12,-0.01,-5.51,8.81
-0.08,0.12,0.82,-0.19,-0.14,0.01,-5.52,8.41
-0.08,0.12,0.82,-0.2,-0.14,-0.0,-5.66,8.5
-0.07,0.13,0.81,-0.2,-0.17,0.01,-5.14,9.0
-0.07,0.12,0.8,-0.2,-0.2,0.0,-4.69,8.65
-0.06,0.13,0.8,-0.18,-0.24,0.0,-4.45,9.1
-0.06,0.12,0.79,-0.17,-0.25,-0.01,-4.22,8.76
-0.07,0.12,0.79,-0.14,-0.29,-0.01,-4.94,8.33
-0.09,0.11,0.79,-0.11,-0.3,-0.01,-6.2,8.0
-0.09,0.11,0.8,-0.06,-0.35,0.01,-6.59,8.0
-0.1,0.12,0.79,-0.04,-0.39,0.0,-7.36,8.37
-0.11,0.12,0.78,0.02,-0.44,0.01,-7.94,8.41
-0.12,0.12,0.77,0.09,-0.48,0.03,-8.76,8.43
-0.13,0.12,0.77,0.16,-0.54,0.04,-9.27,8.57
-0.14,0.14,0.76,0.22,-0.6,0.06,-10.5,10.06
-0.14,0.17,0.73,0.26,-0.66,0.08,-10.69,12.56
-0.14,0.2,0.67,0.32,-0.77,0.08,-11.63,16.24
-0.16,0.22,0.62,0.34,-0.87,0.06,-13.58,18.6
-0.18,0.24,0.59,0.32,-0.93,0.05,-15.69,21.0
-0.22,0.26,0.57,0.3,-1.01,0.01,-19.01,23.1
-0.24,0.29,0.55,0.23,-1.11,0.01,-21.09,25.72
-0.26,0.29,0.51,0.15,-1.23,-0.01,-23.67,26.83
-0.25,0.28,0.48,0.04,-1.33,-0.03,-24.18,27.44
-0.24,0.26,0.48,-0.07,-1.4,-0.04,-23.26,26.21
-0.21,0.22,0.5,-0.2,-1.46,-0.05,-21.14,21.92
-0.18,0.19,0.55,-0.29,-1.51,-0.05,-16.98,18.25
-0.14,0.15,0.58,-0.38,-1.55,-0.05,-13.24,13.86
-0.11,0.11,0.63,-0.43,-1.59,-0.03,-9.59,10.06
-0.06,0.07,0.66,-0.43,-1.62,-0.02,-5.28,6.4
-0.04,0.03,0.68,-0.42,-1.64,-0.0,-3.02,2.77
-0.01,0.01,0.71,-0.36,-1.66,0.01,-1.12,0.74
0.0,-0.01,0.73,-0.3,-1.64,0.03,0.06,-1.17
0.0,-0.03,0.75,-0.2,-1.67,0.06,0.31,-2.6
-0.01,-0.04,0.76,-0.09,-1.7,0.1,-0.4,-3.23
-0.04,-0.05,0.77,0.03,-1.7,0.13,-2.63,-3.69
-0.06,-0.05,0.77,0.14,-1.72,0.18,-4.62,-3.63
-0.09,-0.03,0.75,0.27,-1.79,0.24,-7.03,-1.94
-0.1,0.01,0.72,0.37,-1.89,0.3,-7.72,0.55
-0.07,0.04,0.66,0.45,-2.01,0.33,-5.71,3.49
-0.02,0.07,0.6,0.5,-2.1,0.32,-2.25,6.45
-0.01,0.11,0.54,0.54,-2.19,0.31,-1.5,11.33
-0.04,0.16,0.48,0.54,-2.27,0.26,-4.17,18.94
-0.08,0.22,0.42,0.46,-2.37,0.23,-9.61,27.36
-0.12,0.25,0.36,0.32,-2.4,0.2,-14.76,33.03
-0.13,0.25,0.33,0.12,-2.42,0.21,-16.94,35.0
-0.12,0.23,0.35,-0.07,-2.44,0.21,-15.89,32.09
-0.1,0.21,0.41,-0.25,-2.43,0.23,-11.76,26.28
-0.07,0.17,0.48,-0.38,-2.41,0.24,-7.44,19.34
-0.05,0.15,0.55,-0.48,-2.4,0.29,-4.83,14.8
-0.05,0.12,0.59,-0.54,-2.42,0.32,-4.44,11.83
-0.04,0.1,0.62,-0.57,-2.48,0.36,-3.63,9.25
-0.02,0.08,0.65,-0.61,-2.51,0.41,-1.64,6.58
0.01,0.06,0.68,-0.6,-2.54,0.47,1.24,4.76
0.05,0.04,0.71,-0.58,-2.57,0.51,4.05,3.42
0.08,0.04,0.71,-0.53,-2.6,0.56,6.56,2.98
0.15,0.05,0.74,-0.49,-2.62,0.6,11.3,3.49
0.29,0.05,0.75,-0.43,-2.66,0.61,20.85,3.39
0.39,0.04,0.77,-0.33,-2.72,0.55,26.93,2.76
0.49,0.03,0.79,-0.21,-2.71,0.44,31.46,1.57
0.51,0.03,0.8,-0.06,-2.71,0.31,32.82,1.84
0.5,0.05,0.8,0.03,-2.69,0.17,31.91,3.19
0.43,0.09,0.77,0.13,-2.76,0.05,28.86,5.62
0.32,0.1,0.73,0.15,-2.87,-0.02,23.16,7.29
0.26,0.12,0.66,0.12,-2.9,-0.08,20.81,9.36
0.19,0.11,0.66,0.03,-2.94,-0.08,15.83,8.99
0.13,0.1,0.66,-0.05,-2.92,-0.05,10.6,8.43
0.08,0.09,0.67,-0.13,-2.89,0.02,6.7,7.42
0.05,0.08,0.69,-0.23,-2.86,0.1,3.77,6.54
0.03,0.06,0.68,-0.31,-2.85,0.19,2.46,5.48
0.03,0.04,0.7,-0.39,-2.82,0.3,2.71,3.45
0.05,0.03,0.71,-0.42,-2.82,0.4,4.05,2.04
0.06,0.0,0.73,-0.44,-2.8,0.47,5.06,0.19
0.06,-0.0,0.74,-0.43,-2.81,0.56,4.55,-0.32
0.06,-0.01,0.73,-0.4,-2.84,0.64,4.43,-0.45
0.07,-0.0,0.71,-0.39,-2.93,0.73,5.42,-0.14
0.14,0.0,0.72,-0.35,-3.02,0.81,11.21,0.3
0.29,-0.0,0.78,-0.31,-3.15,0.83,20.41,-0.34
0.45,-0.02,0.83,-0.23,-3.31,0.79,28.63,-1.08
0.6,-0.02,0.86,-0.16,-3.42,0.66,34.7,-0.93
0.69,-0.01,0.85,-0.08,-3.55,0.48,38.93,-0.52
0.71,0.01,0.82,-0.07,-3.64,0.3,40.93,0.42
0.7,0.02,0.77,-0.14,-3.69,0.12,42.12,1.34
0.7,0.02,0.79,-0.23,-3.73,-0.03,41.4,0.91
0.66,-0.02,0.84,-0.34,-3.7,-0.16,38.08,-1.12
0.59,-0.04,0.9,-0.46,-3.61,-0.26,33.22,-1.98
0.49,-0.07,0.96,-0.57,-3.55,-0.3,27.11,-3.62
0.4,-0.08,1.0,-0.64,-3.43,-0.3,21.81,-4.32
0.33,-0.1,1.05,-0.71,-3.29,-0.26,17.24,-5.25
0.26,-0.13,1.1,-0.72,-3.19,-0.19,13.43,-6.55
0.22,-0.15,1.14,-0.73,-3.1,-0.12,10.65,-7.33
0.17,-0.17,1.16,-0.68,-3.04,-0.03,8.3,-8.12
0.12,-0.16,1.17,-0.63,-3.0,0.06,5.82,-7.97
0.1,-0.14,1.15,-0.59,-2.98,0.16,5.03,-6.79
0.11,-0.12,1.11,-0.56,-3.02,0.28,5.7,-6.1
0.19,-0.12,1.1,-0.58,-3.11,0.37,9.77,-6.28
0.29,-0.14,1.15,-0.6,-3.15,0.4,14.26,-6.9
0.39,-0.16,1.24,-0.64,-3.14,0.39,17.48,-7.16
0.46,-0.18,1.31,-0.64,-3.13,0.33,19.01,-7.24
0.48,-0.18,1.35,-0.65,-3.07,0.23,19.44,-7.21
0.47,-0.18,1.35,-0.65,-3.05,0.15,19.21,-7.0
0.44,-0.18,1.34,-0.71,-2.97,0.05,18.05,-7.42
0.37,-0.2,1.35,-0.76,-2.93,-0.01,15.14,-8.15
0.26,-0.21,1.36,-0.77,-2.85,-0.05,10.88,-8.64
0.14,-0.22,1.37,-0.78,-2.75,-0.05,5.84,-9.08
0.02,-0.23,1.38,-0.75,-2.63,-0.01,0.8,-9.3
-0.08,-0.23,1.38,-0.69,-2.55,0.07,-3.12,-9.65
-0.15,-0.23,1.38,-0.58,-2.47,0.17,-6.28,-9.29
-0.18,-0.22,1.37,-0.45,-2.41,0.29,-7.28,-9.01
-0.18,-0.2,1.35,-0.33,-2.34,0.39,-7.38,-8.38
-0.16,-0.19,1.29,-0.19,-2.27,0.49,-6.86,-8.36
-0.12,-0.16,1.24,-0.07,-2.24,0.58,-5.67,-7.37
-0.08,-0.13,1.2,0.03,-2.27,0.67,-3.68,-6.3
0.01,-0.11,1.2,0.1,-2.28,0.72,0.46,-5.06
0.11,-0.08,1.26,0.18,-2.35,0.73,5.13,-3.78
0.23,-0.08,1.31,0.25,-2.45,0.67,9.79,-3.62
0.3,-0.07,1.32,0.29,-2.55,0.57,12.76,-2.78
0.33,-0.05,1.3,0.31,-2.58,0.43,14.13,-2.09
0.32,-0.02,1.29,0.29,-2.65,0.33,14.06,-0.77
0.29,-0.01,1.26,0.24,-2.62,0.24,13.0,-0.52
0.24,-0.01,1.23,0.15,-2.58,0.17,11.14,-0.39
0.18,-0.02,1.2,0.04,-2.5,0.14,8.42,-0.78
0.1,-0.02,1.18,-0.05,-2.42,0.14,4.96,-1.13
0.04,-0.03,1.19,-0.14,-2.38,0.19,1.72,-1.3
-0.03,-0.03,1.22,-0.21,-2.31,0.26,-1.64,-1.62
-0.08,-0.04,1.26,-0.25,-2.21,0.32,-3.82,-1.97
-0.12,-0.05,1.3,-0.26,-2.13,0.39,-5.1,-2.18
-0.13,-0.05,1.34,-0.22,-2.04,0.46,-5.75,-2.25
-0.14,-0.05,1.36,-0.17,-1.98,0.52,-5.97,-1.89
-0.14,-0.03,1.36,-0.1,-1.92,0.55,-5.73,-1.46
-0.13,-0.02,1.38,-0.03,-1.87,0.59,-5.58,-0.78
-0.12,-0.0,1.38,0.06,-1.86,0.61,-4.81,-0.21
-0.09,0.01,1.41,0.17,-1.87,0.63,-3.53,0.29
-0.05,0.02,1.43,0.24,-1.86,0.59,-1.97,0.77
-0.01,0.03,1.45,0.32,-1.88,0.56,-0.32,1.31
0.02,0.05,1.45,0.41,-1.92,0.5,0.74,1.95
0.05,0.07,1.45,0.46,-1.95,0.42,2.12,2.66
0.09,0.08,1.42,0.45,-1.94,0.33,3.81,3.29
0.13,0.1,1.38,0.43,-1.93,0.27,5.29,4.14
0.15,0.12,1.34,0.34,-1.88,0.2,6.42,5.0
0.17,0.12,1.28,0.21,-1.8,0.16,7.54,5.47
0.17,0.13,1.24,0.04,-1.69,0.11,7.84,5.84
0.15,0.11,1.22,-0.18,-1.59,0.07,7.16,5.3
0.12,0.1,1.22,-0.37,-1.49,0.05,5.68,4.64
0.04,0.07,1.22,-0.49,-1.29,-0.11,2.11,3.5
-0.04,0.05,1.24,-0.68,-1.29,0.03,-1.99,2.27
-0.13,0.02,1.26,-0.77,-1.21,0.05,-5.92,0.82
-0.22,-0.01,1.29,-0.8,-1.17,0.09,-9.5,-0.57
-0.3,-0.04,1.32,-0.77,-1.14,0.12,-12.82,-1.73
-0.38,-0.04,1.36,-0.69,-1.12,0.17,-15.63,-1.57
-0.43,-0.04,1.39,-0.57,-1.1,0.2,-17.19,-1.71
-0.44,-0.04,1.42,-0.4,-1.09,0.26,-17.21,-1.4
-0.43,-0.03,1.47,-0.24,-1.08,0.29,-16.46,-0.98
-0.41,-0.01,1.51,-0.06,-1.04,0.29,-15.05,-0.21
-0.36,0.01,1.52,0.11,-1.01,0.28,-13.34,0.47
-0.31,0.03,1.5,0.29,-1.0,0.25,-11.88,1.14
-0.27,0.05,1.46,0.44,-0.98,0.21,-10.52,1.79
-0.22,0.08,1.37,0.55,-0.94,0.16,-8.92,3.19
-0.18,0.1,1.32,0.61,-0.93,0.15,-7.85,4.1
-0.14,0.11,1.24,0.64,-0.91,0.13,-6.63,4.82
-0.11,0.12,1.18,0.65,-0.89,0.13,-5.27,5.77
-0.07,0.13,1.12,0.61,-0.87,0.14,-3.42,6.64
-0.03,0.14,1.1,0.53,-0.83,0.15,-1.47,7.53
0.01,0.15,1.07,0.45,-0.82,0.16,0.78,8.21
0.05,0.15,1.07,0.33,-0.81,0.15,2.85,8.13
0.08,0.15,1.09,0.23,-0.81,0.13,3.91,7.83
0.08,0.14,1.11,0.11,-0.78,0.09,3.88,7.3
0.05,0.13,1.11,-0.01,-0.77,0.06,2.58,6.7
0.01,0.13,1.12,-0.09,-0.78,0.04,0.7,6.66
-0.02,0.11,1.12,-0.19,-0.77,0.01,-1.08,5.63
-0.06,0.09,1.13,-0.25,-0.76,-0.02,-3.0,4.64
-0.11,0.08,1.14,-0.29,-0.77,-0.02,-5.57,3.77
-0.18,0.05,1.15,-0.32,-0.77,-0.02,-8.7,2.63
-0.22,0.05,1.16,-0.32,-0.76,-0.01,-10.95,2.25
-0.27,0.03,1.18,-0.32,-0.74,0.01,-12.97,1.45
-0.3,0.03,1.2,-0.28,-0.73,0.05,-13.87,1.56
-0.31,0.01,1.22,-0.24,-0.71,0.07,-14.4,0.68
-0.33,0.01,1.24,-0.16,-0.69,0.09,-14.69,0.59
-0.32,0.02,1.27,-0.1,-0.68,0.11,-14.15,0.74
-0.33,0.02,1.29,-0.02,-0.66,0.11,-14.3,0.99
-0.32,0.03,1.29,0.05,-0.63,0.09,-14.02,1.49
-0.31,0.05,1.29,0.14,-0.62,0.08,-13.58,1.98
-0.29,0.05,1.27,0.21,-0.59,0.07,-12.66,2.15
-0.27,0.06,1.26,0.25,-0.56,0.07,-11.93,2.72
-0.26,0.06,1.25,0.3,-0.53,0.06,-11.62,2.88
-0.24,0.07,1.22,0.35,-0.52,0.06,-11.25,3.28
-0.23,0.08,1.19,0.36,-0.47,0.05,-10.88,3.62
-0.2,0.08,1.16,0.37,-0.45,0.06,-9.89,3.87
-0.17,0.09,1.15,0.37,-0.43,0.06,-8.54,4.2
-0.14,0.08,1.14,0.34,-0.38,0.06,-6.78,4.19
-0.1,0.08,1.12,0.32,-0.36,0.06,-5.19,4.25
-0.09,0.09,1.1,0.25,-0.32,0.07,-4.46,4.54
-0.08,0.09,1.09,0.22,-0.31,0.08,-4.34,4.87
-0.09,0.09,1.1,0.16,-0.28,0.08,-4.76,4.66
-0.09,0.08,1.11,0.11,-0.23,0.08,-4.63,4.29
-0.08,0.08,1.11,0.05,-0.19,0.1,-4.31,4.14
-0.08,0.07,1.12,0.04,-0.16,0.1,-4.16,3.81
-0.09,0.07,1.12,0.02,-0.13,0.1,-4.45,3.55
-0.1,0.06,1.15,-0.02,-0.11,0.11,-5.19,2.92
-0.12,0.06,1.16,-0.01,-0.11,0.1,-5.78,2.9
-0.13,0.05,1.19,0.03,-0.08,0.1,-6.37,2.63
-0.12,0.05,1.19,0.07,-0.08,0.1,-5.95,2.42
-0.12,0.05,1.19,0.1,-0.05,0.08,-5.54,2.18
-0.1,0.05,1.18,0.1,-0.04,0.07,-4.96,2.36
-0.08,0.06,1.16,0.14,-0.04,0.07,-4.2,3.01
-0.06,0.05,1.14,0.16,-0.05,0.07,-3.22,2.74
-0.04,0.05,1.14,0.18,-0.03,0.06,-1.91,2.57
-0.0,0.05,1.12,0.15,-0.01,0.05,-0.12,2.6
-0.0,0.06,1.11,0.16,-0.02,0.03,-0.21,3.05
0.01,0.06,1.09,0.13,0.01,0.03,0.3,3.12
0.02,0.06,1.08,0.13,-0.0,0.03,1.01,3.24
0.03,0.06,1.07,0.1,-0.0,0.02,1.46,3.21
0.03,0.07,1.06,0.07,0.0,0.01,1.74,3.81
0.05,0.08,1.06,0.05,-0.01,0.02,2.74,4.21
0.07,0.07,1.05,-0.01,0.03,0.01,3.75,4.05
0.08,0.07,1.05,-0.07,0.06,0.0,4.21,3.91
0.07,0.06,1.06,-0.1,0.07,-0.02,3.76,3.02
0.04,0.06,1.05,-0.14,0.06,-0.02,2.38,3.43
0.02,0.06,1.04,-0.16,0.09,-0.04,1.19,3.3
0.01,0.05,1.05,-0.16,0.06,-0.04,0.56,2.83
-0.0,0.05,1.06,-0.17,0.05,-0.05,-0.13,2.89
-0.01,0.05,1.07,-0.17,0.01,-0.06,-0.65,2.92
-0.0,0.05,1.08,-0.15,-0.01,-0.08,-0.19,2.89
-0.01,0.06,1.08,-0.15,-0.01,-0.09,-0.36,3.17
-0.02,0.05,1.09,-0.14,-0.03,-0.09,-0.92,2.9
0.0,0.06,1.07,-0.14,-0.05,-0.11,0.0,3.21
-0.0,0.06,1.06,-0.15,-0.03,-0.13,-0.22,3.4
0.01,0.06,1.05,-0.18,-0.0,-0.12,0.6,3.43
0.02,0.06,1.04,-0.2,0.01,-0.13,0.87,3.31
0.02,0.05,1.03,-0.25,0.05,-0.13,1.37,2.93
0.01,0.05,1.02,-0.28,0.04,-0.13,0.81,3.0
-0.0,0.05,1.02,-0.33,0.07,-0.12,-0.01,2.56
-0.02,0.03,1.01,-0.36,0.07,-0.11,-0.95,1.71
-0.03,0.02,1.01,-0.38,0.06,-0.1,-1.45,0.86
-0.04,0.01,1.01,-0.39,0.06,-0.09,-2.5,0.31
-0.07,-0.02,1.02,-0.4,0.06,-0.08,-4.15,-0.87
-0.1,-0.03,1.02,-0.41,0.06,-0.07,-5.53,-1.55
-0.13,-0.04,1.02,-0.34,0.04,-0.06,-7.06,-2.05
-0.15,-0.04,1.03,-0.32,0.03,-0.04,-8.1,-2.24
-0.16,-0.05,1.0,-0.29,0.03,-0.02,-8.78,-2.79
-0.16,-0.05,0.99,-0.26,0.04,0.03,-9.11,-2.87
-0.16,-0.05,0.98,-0.23,0.03,0.07,-9.25,-3.08
-0.16,-0.04,0.99,-0.21,0.04,0.12,-9.24,-2.45
-0.16,-0.04,1.0,-0.21,0.07,0.18,-9.14,-2.35
-0.15,-0.04,1.0,-0.2,0.09,0.23,-8.37,-2.22
-0.14,-0.04,1.01,-0.15,0.08,0.28,-7.73,-2.05
-0.12,-0.04,1.03,-0.13,0.07,0.33,-6.79,-2.0
-0.11,-0.04,1.04,-0.13,0.09,0.35,-5.88,-1.94
-0.09,-0.03,1.06,-0.11,0.08,0.36,-4.76,-1.48
-0.07,-0.02,1.07,-0.08,0.04,0.37,-3.78,-1.25
-0.06,-0.02,1.09,-0.03,-0.01,0.37,-3.4,-1.24
-0.05,-0.02,1.09,-0.01,-0.02,0.35,-2.85,-1.17
-0.06,-0.02,1.07,0.02,-0.06,0.34,-2.95,-0.93
-0.07,-0.0,1.07,0.07,-0.13,0.32,-3.66,-0.25
-0.08,0.0,1.05,0.09,-0.19,0.32,-4.13,0.2
-0.09,0.01,1.04,0.12,-0.21,0.32,-4.79,0.79
-0.1,0.02,1.03,0.15,-0.28,0.34,-5.48,1.34
-0.1,0.03,1.03,0.21,-0.33,0.36,-5.44,1.84
-0.1,0.05,1.04,0.22,-0.37,0.39,-5.3,2.51
-0.06,0.05,1.06,0.25,-0.37,0.41,-3.04,2.8
-0.03,0.06,1.08,0.24,-0.33,0.42,-1.52,3.06
0.02,0.06,1.09,0.24,-0.31,0.41,0.94,3.2
0.07,0.07,1.12,0.21,-0.26,0.42,3.36,3.72
0.1,0.09,1.14,0.13,-0.14,0.39,5.04,4.56
0.13,0.1,1.16,0.06,-0.03,0.36,6.16,4.7
0.13,0.1,1.17,-0.01,0.06,0.31,6.46,4.73
0.12,0.1,1.16,-0.07,0.14,0.27,6.09,4.78
0.09,0.1,1.14,-0.12,0.23,0.21,4.45,4.93
0.05,0.09,1.11,-0.16,0.26,0.19,2.71,4.69
0.04,0.09,1.08,-0.17,0.24,0.17,2.04,4.81
0.02,0.08,1.06,-0.09,0.43,-0.02,1.32,4.44
0.02,0.07,1.04,-0.17,0.21,0.15,1.13,3.6
0.01,0.05,1.04,-0.17,0.17,0.15,0.49,2.98
0.03,0.05,1.04,-0.18,0.13,0.15,1.82,3.01
0.05,0.04,1.04,-0.19,0.09,0.15,2.57,2.43
0.04,0.04,1.05,-0.18,0.08,0.13,2.35,2.29
0.04,0.03,1.06,-0.21,0.08,0.13,2.01,1.86
0.01,0.04,1.05,-0.19,0.05,0.11,0.8,2.01
0.01,0.05,1.04,-0.2,0.04,0.12,0.69,2.64
0.01,0.07,1.04,-0.2,0.03,0.12,0.38,3.74
-0.01,0.07,1.05,-0.21,0.01,0.14,-0.41,4.02
-0.02,0.08,1.07,-0.21,-0.02,0.16,-0.94,4.32
-0.01,0.09,1.09,-0.2,-0.05,0.17,-0.6,4.97
0.01,0.12,1.11,-0.19,-0.05,0.16,0.42,6.0
0.02,0.12,1.14,-0.2,-0.03,0.15,1.24,6.02
0.05,0.13,1.17,-0.2,-0.03,0.13,2.65,6.5
0.09,0.14,1.18,-0.21,-0.03,0.1,4.18,6.57
0.11,0.13,1.19,-0.24,0.03,0.04,5.18,6.45
0.13,0.13,1.19,-0.29,0.06,0.0,6.17,6.24
0.14,0.13,1.19,-0.32,0.11,-0.06,6.48,6.22
0.13,0.12,1.2,-0.39,0.17,-0.11,6.27,5.67
0.14,0.11,1.19,-0.42,0.24,-0.16,6.55,5.16
0.12,0.09,1.17,-0.49,0.33,-0.22,5.77,4.27
0.09,0.07,1.12,-0.54,0.38,-0.24,4.47,3.61
0.04,0.07,1.09,-0.57,0.41,-0.26,2.28,3.68
0.01,0.06,1.05,-0.59,0.43,-0.28,0.49,3.06
-0.03,0.05,1.03,-0.6,0.44,-0.26,-1.8,3.0
-0.05,0.05,1.0,-0.59,0.43,-0.22,-2.76,2.62
-0.07,0.04,0.99,-0.59,0.42,-0.19,-3.86,2.32
-0.08,0.03,1.0,-0.56,0.4,-0.16,-4.5,1.65
-0.08,0.02,1.02,-0.53,0.38,-0.15,-4.36,1.22
-0.08,0.01,1.03,-0.48,0.34,-0.11,-4.16,0.78
-0.07,0.01,1.04,-0.44,0.3,-0.1,-3.96,0.8
-0.06,0.01,1.04,-0.39,0.29,-0.1,-3.51,0.82
-0.06,0.01,1.05,-0.35,0.26,-0.1,-3.27,0.52
-0.05,-0.0,1.06,-0.3,0.24,-0.09,-2.65,-0.01
-0.04,0.0,1.07,-0.25,0.2,-0.09,-2.3,0.02
-0.04,-0.0,1.06,-0.19,0.17,-0.1,-2.12,-0.02
-0.04,0.01,1.05,-0.17,0.16,-0.09,-2.35,0.73
-0.04,0.02,1.04,-0.13,0.14,-0.07,-2.22,1.36
-0.03,0.03,1.04,-0.11,0.1,-0.04,-1.57,1.82
-0.01,0.04,1.04,-0.09,0.08,-0.04,-0.3,2.17
0.02,0.04,1.05,-0.07,0.07,-0.03,0.97,2.3
0.03,0.05,1.06,-0.07,0.07,-0.02,1.36,2.51
0.03,0.05,1.07,-0.06,0.05,-0.03,1.63,2.56
0.02,0.05,1.09,-0.05,0.05,-0.04,1.21,2.42
0.02,0.05,1.09,-0.03,0.05,-0.06,1.19,2.4
0.02,0.03,1.08,-0.01,0.04,-0.07,0.87,1.8
0.01,0.03,1.07,0.01,0.03,-0.08,0.29,1.76
-0.01,0.01,1.05,0.01,-0.0,-0.08,-0.58,0.38
-0.03,0.0,1.04,0.03,-0.03,-0.09,-1.69,0.18
-0.05,0.01,1.04,0.07,-0.07,-0.08,-2.81,0.35
-0.08,0.0,1.05,0.11,-0.1,-0.07,-4.45,0.03
-0.09,0.0,1.07,0.17,-0.14,-0.05,-5.06,0.01
-0.09,0.01,1.09,0.23,-0.16,-0.04,-4.9,0.44
-0.06,0.01,1.1,0.29,-0.17,-0.04,-3.22,0.71
-0.04,0.02,1.09,0.37,-0.15,-0.08,-1.87,0.81
-0.01,0.02,1.05,0.37,-0.19,-0.05,-0.68,1.04
0.01,0.03,1.04,0.37,-0.2,-0.04,0.73,1.89
0.02,0.05,1.03,0.37,-0.21,-0.03,1.34,2.65
0.06,0.06,1.01,0.35,-0.19,-0.04,3.37,3.33
0.1,0.07,1.0,0.32,-0.2,-0.02,5.78,4.13
0.13,0.08,0.99,0.24,-0.17,-0.03,7.57,4.47
0.14,0.08,0.99,0.17,-0.17,-0.03,8.01,4.36
0.14,0.08,0.99,0.1,-0.15,-0.04,8.12,4.81
0.14,0.09,0.99,0.04,-0.15,-0.06,7.75,5.07
0.14,0.09,0.99,-0.03,-0.14,-0.08,7.96,4.87
0.12,0.08,1.0,-0.11,-0.12,-0.09,7.01,4.31
0.1,0.07,1.01,-0.17,-0.11,-0.12,5.9,3.71
0.09,0.05,1.02,-0.24,-0.1,-0.14,4.8,2.94
0.05,0.03,1.02,-0.26,-0.1,-0.16,3.03,1.93
0.01,0.02,1.03,-0.29,-0.09,-0.17,0.67,1.26
-0.01,0.01,1.03,-0.28,-0.1,-0.18,-0.69,0.66
-0.02,0.0,1.02,-0.27,-0.12,-0.18,-1.16,0.18
-0.02,-0.01,1.01,-0.24,-0.12,-0.19,-1.05,-0.45
-0.02,-0.02,1.01,-0.26,-0.09,-0.19,-0.85,-0.93
-0.01,-0.02,1.0,-0.28,-0.1,-0.19,-0.29,-1.03
0.0,-0.02,0.97,-0.3,-0.11,-0.18,0.26,-1.36
0.01,-0.02,0.94,-0.33,-0.11,-0.17,0.38,-1.14
-0.01,-0.02,0.94,-0.38,-0.11,-0.15,-0.66,-1.01
-0.04,-0.0,0.94,-0.42,-0.1,-0.1,-2.42,-0.17
-0.07,0.01,0.98,-0.45,-0.11,-0.05,-4.17,0.37
-0.09,0.02,1.03,-0.43,-0.11,0.0,-4.75,0.96
-0.08,0.02,1.07,-0.42,-0.09,0.03,-4.47,0.99
-0.08,0.02,1.09,-0.39,-0.1,0.05,-3.93,0.97
-0.05,0.02,1.12,-0.36,-0.12,0.05,-2.74,1.05
-0.05,0.03,1.15,-0.34,-0.11,0.03,-2.33,1.26
-0.05,0.02,1.18,-0.29,-0.12,0.0,-2.21,1.12
-0.04,0.03,1.18,-0.25,-0.14,-0.04,-1.77,1.33
-0.03,0.03,1.18,-0.23,-0.16,-0.07,-1.49,1.47
-0.03,0.03,1.16,-0.19,-0.18,-0.13,-1.65,1.4
-0.03,0.03,1.12,-0.19,-0.17,-0.16,-1.49,1.28
-0.04,0.03,1.07,-0.17,-0.2,-0.17,-2.04,1.64
-0.06,0.03,1.05,-0.19,-0.23,-0.15,-3.25,1.58
-0.09,0.04,1.06,-0.2,-0.25,-0.14,-4.78,2.27
-0.1,0.05,1.08,-0.2,-0.26,-0.12,-5.54,2.81
-0.13,0.04,1.1,-0.18,-0.26,-0.09,-6.85,2.29
-0.14,0.05,1.14,-0.13,-0.27,-0.08,-7.24,2.47
-0.17,0.05,1.16,-0.1,-0.26,-0.06,-8.1,2.46
-0.17,0.06,1.18,-0.04,-0.25,-0.05,-7.97,2.99
-0.17,0.05,1.18,0.0,-0.24,-0.02,-8.0,2.54
-0.15,0.04,1.19,0.06,-0.23,-0.02,-7.41,2.0
-0.16,0.05,1.18,0.1,-0.21,-0.02,-7.53,2.59
-0.16,0.05,1.17,0.14,-0.18,-0.01,-7.62,2.54
-0.15,0.05,1.17,0.2,-0.18,-0.01,-7.23,2.62
-0.15,0.05,1.16,0.24,-0.16,-0.02,-7.55,2.22
-0.15,0.05,1.14,0.26,-0.15,-0.01,-7.62,2.4
-0.16,0.05,1.11,0.28,-0.1,-0.02,-8.35,2.7
-0.16,0.06,1.08,0.32,-0.09,-0.01,-8.68,3.08
-0.17,0.07,1.05,0.33,-0.06,-0.0,-9.17,3.65
-0.18,0.07,1.04,0.33,-0.06,0.03,-9.68,4.03
-0.19,0.08,1.03,0.33,-0.02,0.05,-10.29,4.45
-0.19,0.09,1.02,0.31,-0.0,0.08,-10.43,4.81
-0.19,0.1,1.0,0.31,-0.01,0.13,-10.77,5.58
-0.19,0.11,1.0,0.3,-0.01,0.18,-10.84,6.42
-0.18,0.12,1.0,0.27,0.03,0.21,-10.34,6.81
-0.19,0.12,1.01,0.25,0.03,0.25,-10.51,6.9
-0.19,0.12,1.03,0.22,0.03,0.29,-10.37,6.77
-0.2,0.14,1.07,0.21,0.03,0.31,-10.54,7.11
-0.22,0.16,1.12,0.2,0.02,0.34,-10.97,7.79
-0.23,0.17,1.17,0.18,0.06,0.34,-11.24,7.89
-0.24,0.18,1.21,0.22,0.06,0.34,-11.16,8.13
-0.24,0.18,1.25,0.24,0.06,0.34,-10.84,8.07
-0.24,0.19,1.29,0.23,0.11,0.32,-10.57,8.43
-0.26,0.2,1.34,0.25,0.12,0.29,-10.76,8.13
-0.27,0.21,1.4,0.29,0.12,0.24,-10.86,8.19
-0.31,0.21,1.46,0.33,0.11,0.2,-11.79,8.08
-0.33,0.22,1.52,0.36,0.15,0.14,-12.29,7.96
-0.35,0.23,1.56,0.41,0.2,0.1,-12.43,8.12
-0.34,0.24,1.59,0.45,0.29,0.05,-12.02,8.33
-0.31,0.24,1.6,0.45,0.4,0.02,-11.03,8.38
-0.28,0.24,1.62,0.41,0.59,-0.05,-9.81,8.35
-0.25,0.24,1.63,0.34,0.76,-0.1,-8.78,8.29
-0.23,0.24,1.63,0.28,0.96,-0.15,-8.03,8.3
-0.22,0.25,1.61,0.16,1.19,-0.19,-7.69,8.74
-0.19,0.25,1.58,0.02,1.42,-0.21,-6.92,8.9
-0.17,0.25,1.55,-0.16,1.66,-0.21,-6.13,9.22
-0.16,0.24,1.53,-0.33,1.87,-0.21,-5.88,8.96
-0.18,0.23,1.55,-0.49,2.05,-0.2,-6.42,8.38
-0.19,0.21,1.58,-0.63,2.2,-0.18,-6.96,7.53
-0.21,0.2,1.6,-0.74,2.32,-0.18,-7.53,6.95
-0.22,0.18,1.62,-0.82,2.43,-0.17,-7.7,6.38
-0.23,0.16,1.64,-0.85,2.72,-0.3,-7.85,5.59
-0.23,0.15,1.67,-0.94,2.61,-0.14,-7.91,4.99
-0.24,0.12,1.69,-0.96,2.72,-0.1,-8.16,4.05
-0.28,0.09,1.75,-0.96,2.84,-0.08,-8.96,3.01
-0.29,0.07,1.76,-0.91,2.93,-0.05,-9.29,2.12
-0.29,0.05,1.77,-0.83,3.05,-0.02,-9.14,1.66
-0.28,0.03,1.79,-0.74,3.12,0.03,-9.05,1.1
-0.27,0.01,1.8,-0.63,3.2,0.06,-8.53,0.43
-0.22,0.0,1.81,-0.5,3.25,0.1,-6.9,0.0
-0.21,-0.02,1.8,-0.35,3.29,0.12,-6.71,-0.77
-0.17,-0.03,1.75,-0.21,3.32,0.14,-5.46,-0.97
-0.11,-0.03,1.7,-0.08,3.32,0.19,-3.63,-0.97
-0.04,-0.04,1.65,0.01,3.33,0.23,-1.25,-1.39
0.03,-0.06,1.61,0.05,3.36,0.26,0.93,-2.08
0.07,-0.07,1.58,0.11,3.39,0.28,2.67,-2.38
0.11,-0.07,1.56,0.15,3.42,0.31,3.9,-2.4
0.14,-0.06,1.53,0.18,3.48,0.33,5.4,-2.33
0.17,-0.07,1.49,0.23,3.49,0.35,6.58,-2.66
0.2,-0.08,1.46,0.25,3.53,0.37,7.97,-3.17
0.23,-0.09,1.43,0.3,3.51,0.38,9.28,-3.36
0.27,-0.09,1.41,0.34,3.52,0.38,10.77,-3.41
0.29,-0.08,1.41,0.4,3.5,0.36,11.55,-3.36
0.31,-0.09,1.38,0.46,3.51,0.34,12.49,-3.62
0.32,-0.09,1.36,0.55,3.48,0.32,13.31,-3.71
0.34,-0.09,1.33,0.64,3.45,0.3,14.17,-3.83
0.35,-0.09,1.27,0.73,3.41,0.27,15.32,-4.04
0.35,-0.09,1.21,0.79,3.4,0.25,16.14,-4.07
0.36,-0.09,1.14,0.85,3.34,0.23,17.31,-4.11
0.35,-0.09,1.07,0.88,3.31,0.23,18.07,-4.51
0.35,-0.07,1.0,0.9,3.29,0.22,18.99,-4.05
0.34,-0.06,0.92,0.89,3.25,0.25,20.26,-3.7
0.34,-0.06,0.87,0.85,3.21,0.28,21.45,-3.53
0.34,-0.05,0.82,0.82,3.14,0.3,22.58,-3.31
0.34,-0.04,0.77,0.77,3.08,0.32,23.53,-2.59
0.33,-0.02,0.75,0.68,3.03,0.36,23.58,-1.61
0.33,-0.0,0.75,0.61,2.93,0.4,23.69,-0.16
0.34,-0.01,0.77,0.55,2.83,0.43,23.87,-0.85
0.36,-0.02,0.79,0.49,2.75,0.41,24.63,-1.35
0.37,-0.04,0.84,0.47,2.67,0.38,23.71,-2.47
0.36,-0.05,0.89,0.45,2.6,0.36,22.18,-3.06
0.35,-0.07,0.92,0.47,2.52,0.33,20.6,-3.95
0.34,-0.08,0.95,0.53,2.47,0.3,19.44,-4.72
0.34,-0.09,0.99,0.59,2.44,0.29,18.84,-4.83
0.35,-0.1,0.98,0.66,2.4,0.26,19.68,-5.24
0.37,-0.11,0.97,0.75,2.36,0.23,20.55,-5.82
0.37,-0.11,0.93,0.82,2.3,0.19,21.76,-6.04
0.37,-0.12,0.9,0.87,2.28,0.16,21.93,-6.72
0.35,-0.12,0.87,0.92,2.25,0.14,21.47,-7.11
0.32,-0.11,0.82,0.94,2.25,0.16,21.03,-7.16
0.28,-0.1,0.76,0.94,2.21,0.18,20.06,-7.14
0.25,-0.08,0.68,0.91,2.2,0.21,20.04,-6.31
0.24,-0.05,0.62,0.8,2.18,0.29,21.08,-4.01
0.24,-0.03,0.57,0.69,2.15,0.35,22.38,-2.79
0.26,-0.02,0.55,0.55,2.13,0.41,25.11,-2.34
0.27,-0.03,0.57,0.41,2.16,0.44,25.4,-2.46
0.26,-0.03,0.6,0.26,2.19,0.49,23.59,-2.22
0.26,-0.01,0.62,0.16,2.18,0.52,22.72,-1.16
0.27,0.01,0.64,0.05,2.15,0.57,22.98,0.69
0.29,-0.0,0.65,-0.06,2.13,0.59,24.25,-0.19
0.33,-0.03,0.7,-0.15,2.12,0.59,24.94,-2.37
0.34,-0.05,0.75,-0.18,2.11,0.57,24.48,-3.36
0.32,-0.06,0.82,-0.17,2.07,0.53,21.49,-4.05
0.31,-0.08,0.88,-0.13,2.05,0.5,19.13,-4.96
0.28,-0.08,0.91,-0.09,2.05,0.49,17.1,-4.83
0.26,-0.1,0.9,0.01,2.01,0.48,16.1,-5.84
0.26,-0.11,0.9,0.1,1.96,0.49,15.82,-6.49
0.24,-0.11,0.89,0.22,2.17,0.35,15.31,-6.53
0.24,-0.11,0.89,0.22,1.94,0.51,14.87,-6.69
0.22,-0.11,0.88,0.3,1.93,0.52,14.0,-6.65
0.21,-0.11,0.87,0.39,1.89,0.54,13.28,-6.87
0.2,-0.09,0.86,0.45,1.91,0.55,13.09,-5.96
0.19,-0.07,0.82,0.49,1.91,0.57,12.67,-4.75
0.16,-0.04,0.77,0.52,1.82,0.61,11.65,-3.01
0.14,-0.02,0.72,0.51,1.72,0.63,10.88,-1.38
0.11,0.01,0.68,0.43,1.65,0.66,9.47,0.54
0.12,0.03,0.68,0.32,1.61,0.7,9.78,2.47
0.15,0.05,0.7,0.23,1.58,0.74,12.1,4.29
0.18,0.06,0.72,0.12,1.59,0.74,14.19,4.64
0.22,0.07,0.73,0.04,1.61,0.74,16.56,5.53
0.26,0.08,0.76,-0.07,1.68,0.71,18.75,5.76
0.31,0.1,0.78,-0.13,1.74,0.66,21.17,6.61
0.35,0.1,0.82,-0.17,1.83,0.6,22.72,6.67
0.37,0.11,0.84,-0.19,1.95,0.49,23.66,7.03
0.37,0.12,0.85,-0.18,2.07,0.39,23.4,7.25
0.35,0.13,0.83,-0.16,2.15,0.28,22.79,7.94
0.31,0.13,0.8,-0.11,2.21,0.18,20.98,8.56
0.25,0.13,0.77,-0.1,2.29,0.11,17.96,9.12
0.18,0.13,0.74,-0.07,2.29,0.03,13.74,9.98
0.12,0.14,0.7,-0.06,2.25,0.0,9.62,11.36
0.07,0.16,0.67,-0.07,2.19,-0.03,6.06,13.15
0.02,0.16,0.62,-0.08,2.1,-0.06,1.66,14.17
-0.01,0.15,0.61,-0.12,2.04,-0.08,-1.22,13.49
-0.02,0.12,0.64,-0.15,1.96,-0.09,-1.76,11.05
-0.04,0.13,0.66,-0.14,1.86,-0.09,-3.11,10.88
-0.04,0.12,0.69,-0.1,1.79,-0.1,-3.55,10.02
-0.05,0.13,0.68,-0.07,1.74,-0.11,-4.51,10.39
-0.06,0.12,0.67,-0.02,1.66,-0.1,-5.02,10.28
-0.07,0.13,0.65,-0.01,1.6,-0.1,-5.7,11.39
-0.08,0.15,0.62,0.02,1.5,-0.1,-7.3,13.76
-0.1,0.16,0.6,0.01,1.42,-0.1,-9.01,14.93
-0.11,0.16,0.59,-0.02,1.36,-0.1,-10.37,15.0
-0.12,0.17,0.59,-0.05,1.29,-0.09,-10.66,15.34
-0.11,0.16,0.62,-0.07,1.25,-0.08,-10.01,14.39
-0.1,0.16,0.64,-0.09,1.24,-0.09,-8.66,14.15
-0.1,0.17,0.66,-0.1,1.19,-0.09,-8.14,14.41
-0.1,0.18,0.67,-0.08,1.14,-0.08,-8.18,14.62
-0.1,0.17,0.68,-0.09,1.13,-0.1,-8.0,13.51
-0.11,0.17,0.69,-0.08,1.1,-0.1,-8.76,13.99
-0.11,0.18,0.7,-0.08,1.06,-0.1,-8.32,13.98
-0.11,0.18,0.7,-0.07,0.99,-0.1,-8.93,14.43
-0.11,0.19,0.69,-0.08,0.91,-0.09,-8.48,15.6
-0.1,0.19,0.7,-0.1,0.86,-0.11,-7.57,15.18
-0.07,0.2,0.7,-0.13,0.8,-0.12,-5.79,15.88
-0.05,0.22,0.73,-0.16,0.74,-0.13,-4.04,16.52
-0.03,0.22,0.74,-0.17,0.69,-0.15,-2.13,16.73
-0.03,0.22,0.76,-0.23,0.67,-0.18,-1.84,15.86
-0.04,0.22,0.77,-0.25,0.62,-0.19,-2.76,15.75
-0.03,0.23,0.8,-0.28,0.59,-0.21,-2.17,15.86
-0.02,0.22,0.81,-0.34,0.58,-0.22,-1.35,14.86
0.0,0.2,0.85,-0.38,0.61,-0.24,0.19,13.37
0.02,0.2,0.89,-0.4,0.62,-0.26,1.46,12.5
0.03,0.19,0.92,-0.38,0.65,-0.28,1.96,11.54
0.03,0.17,0.94,-0.36,0.68,-0.31,1.94,10.5
0.03,0.15,0.96,-0.33,0.72,-0.32,1.89,9.08
0.03,0.13,0.99,-0.32,0.79,-0.32,1.7,7.55
0.02,0.12,1.02,-0.21,0.91,-0.44,1.29,6.6
0.01,0.11,1.02,-0.17,0.77,-0.31,0.57,5.91
-0.0,0.1,1.01,-0.1,0.79,-0.3,-0.06,5.62
-0.03,0.09,0.99,-0.04,0.8,-0.28,-1.68,5.21
-0.05,0.09,0.97,0.03,0.78,-0.26,-3.14,5.37
-0.07,0.09,0.96,0.06,0.74,-0.23,-4.19,5.3
-0.09,0.09,0.94,0.08,0.72,-0.21,-5.19,5.32
-0.09,0.08,0.92,0.09,0.69,-0.17,-5.7,4.95
-0.08,0.08,0.91,0.1,0.63,-0.13,-5.1,4.95
-0.06,0.08,0.9,0.11,0.59,-0.12,-3.6,4.89
-0.04,0.08,0.91,0.12,0.59,-0.11,-2.54,4.79
-0.02,0.08,0.91,0.13,0.58,-0.08,-1.14,4.85
-0.01,0.07,0.89,0.15,0.57,-0.08,-0.5,4.78
-0.0,0.07,0.9,0.18,0.56,-0.08,-0.15,4.16
-0.0,0.06,0.91,0.21,0.56,-0.09,-0.23,3.88
-0.0,0.05,0.92,0.24,0.57,-0.08,-0.16,3.31
-0.01,0.05,0.92,0.3,0.53,-0.07,-0.73,2.96
-0.02,0.04,0.93,0.36,0.49,-0.06,-1.16,2.47
-0.03,0.04,0.93,0.42,0.49,-0.05,-1.69,2.38
-0.03,0.04,0.93,0.48,0.47,-0.03,-2.14,2.73
-0.04,0.05,0.93,0.56,0.44,0.0,-2.46,3.15
-0.05,0.05,0.91,0.64,0.42,0.02,-3.07,3.35
-0.08,0.07,0.88,0.67,0.42,0.05,-5.04,4.24
-0.11,0.09,0.85,0.71,0.39,0.08,-7.11,5.68
-0.13,0.1,0.82,0.73,0.34,0.12,-8.89,6.95
-0.15,0.12,0.8,0.73,0.3,0.17,-10.55,8.37
-0.15,0.13,0.76,0.7,0.28,0.18,-11.06,9.83
-0.16,0.16,0.73,0.64,0.24,0.21,-11.73,11.91
-0.16,0.16,0.71,0.59,0.21,0.23,-11.98,12.28
-0.15,0.17,0.7,0.53,0.19,0.23,-11.78,13.28
-0.13,0.18,0.69,0.45,0.16,0.23,-10.34,14.18
-0.12,0.18,0.7,0.38,0.13,0.23,-9.22,14.58
-0.1,0.17,0.71,0.34,0.07,0.22,-7.56,13.54
-0.1,0.17,0.73,0.28,0.05,0.18,-7.21,13.16
-0.09,0.16,0.74,0.23,0.0,0.15,-6.66,12.3
-0.09,0.16,0.75,0.19,-0.04,0.13,-6.62,11.88
-0.08,0.15,0.76,0.15,-0.06,0.11,-5.96,10.84
-0.08,0.14,0.78,0.11,-0.11,0.07,-5.45,10.3
-0.08,0.13,0.8,0.07,-0.17,0.06,-5.53,8.88
-0.07,0.12,0.83,0.03,-0.21,0.03,-4.96,8.18
-0.06,0.1,0.84,0.01,-0.28,0.03,-3.96,6.92
-0.03,0.08,0.85,-0.02,-0.33,0.0,-2.2,5.65
-0.0,0.06,0.88,-0.05,-0.33,-0.02,-0.29,4.13
-0.0,0.05,0.89,-0.09,-0.33,-0.05,-0.18,3.48
-0.01,0.04,0.91,-0.11,-0.34,-0.06,-0.32,2.31
-0.01,0.02,0.92,-0.12,-0.35,-0.07,-0.76,1.22
-0.01,0.01,0.94,-0.16,-0.33,-0.06,-0.82,0.43
-0.01,-0.01,0.95,-0.2,-0.29,-0.06,-0.53,-0.61
-0.01,-0.02,0.97,-0.21,-0.27,-0.04,-0.64,-1.35
-0.02,-0.04,0.99,-0.21,-0.24,-0.03,-0.96,-2.12
-0.02,-0.04,1.0,-0.24,-0.22,-0.01,-1.26,-2.29
-0.02,-0.05,0.99,-0.27,-0.21,0.01,-1.26,-2.64
-0.02,-0.05,1.0,-0.29,-0.2,0.04,-0.87,-2.88
-0.0,-0.05,1.01,-0.31,-0.17,0.05,-0.14,-3.08
0.02,-0.05,1.02,-0.3,-0.18,0.08,1.26,-3.01
0.05,-0.05,1.04,-0.31,-0.13,0.08,2.86,-2.85
0.08,-0.05,1.05,-0.29,-0.14,0.09,4.38,-2.66
0.11,-0.05,1.06,-0.23,-0.15,0.08,6.04,-2.71
0.14,-0.05,1.07,-0.18,-0.16,0.07,7.41,-2.8
0.15,-0.05,1.08,-0.11,-0.13,0.04,8.04,-2.85
0.16,-0.05,1.08,-0.04,-0.12,0.03,8.22,-2.37
0.14,-0.03,1.07,0.04,-0.11,0.02,7.58,-1.69
0.12,-0.02,1.05,0.1,-0.09,0.02,6.39,-1.2
0.09,-0.0,1.02,0.14,-0.09,0.02,4.85,-0.12
0.05,0.02,0.98,0.15,-0.08,0.02,3.1,0.95
0.04,0.03,0.97,0.15,-0.06,0.04,2.13,1.94
0.02,0.05,0.95,0.15,-0.05,0.04,1.06,2.75
0.0,0.06,0.93,0.1,-0.01,0.06,0.26,3.68
-0.01,0.08,0.91,0.06,0.02,0.08,-0.74,4.9
-0.03,0.09,0.89,0.04,0.04,0.09,-1.95,5.49
-0.04,0.1,0.88,-0.02,0.05,0.12,-2.31,6.26
-0.04,0.1,0.88,-0.08,0.07,0.13,-2.44,6.62
-0.03,0.11,0.88,-0.11,0.09,0.12,-2.06,7.07
-0.02,0.11,0.88,-0.18,0.1,0.14,-1.3,7.23
-0.01,0.1,0.88,-0.2,0.07,0.13,-0.33,6.71
0.0,0.1,0.9,-0.21,0.08,0.12,0.29,6.59
0.0,0.1,0.91,-0.23,0.07,0.12,0.25,6.48
0.01,0.1,0.93,-0.23,0.05,0.11,0.51,6.24
0.01,0.1,0.93,-0.24,0.0,0.11,0.35,6.04
0.02,0.1,0.94,-0.22,-0.01,0.09,0.94,5.83
0.04,0.08,0.95,-0.23,-0.01,0.09,2.13,4.89
0.05,0.06,0.97,-0.23,-0.02,0.06,3.02,3.49
0.05,0.07,0.98,-0.19,-0.02,0.05,3.2,3.87
0.06,0.06,1.0,-0.16,-0.02,0.04,3.32,3.45
0.06,0.05,1.0,-0.15,0.0,0.04,3.27,3.14
0.06,0.05,1.01,-0.13,-0.0,0.04,3.3,2.92
0.05,0.06,0.99,-0.09,-0.01,0.05,2.98,3.16
0.05,0.05,0.99,-0.08,0.02,0.03,2.63,3.05
0.04,0.05,0.99,-0.06,0.02,0.04,2.29,3.0
0.03,0.07,0.99,-0.07,0.03,0.03,1.87,4.13
0.03,0.08,0.98,-0.05,0.02,0.03,1.66,4.66
0.03,0.09,0.97,-0.05,0.04,0.02,1.7,5.21
0.02,0.09,0.95,-0.04,0.04,0.02,0.95,5.34
0.01,0.09,0.96,-0.05,0.05,0.01,0.44,5.43
-0.0,0.09,0.95,-0.06,0.02,0.02,-0.12,5.64
-0.02,0.09,0.93,-0.08,0.02,0.01,-1.23,5.34
-0.02,0.09,0.93,-0.09,0.02,0.01,-1.1,5.31
-0.02,0.07,0.95,-0.1,0.0,0.01,-1.19,4.49
-0.01,0.07,0.96,-0.11,-0.01,0.0,-0.81,4.29
-0.02,0.07,0.97,-0.1,-0.01,0.03,-1.25,4.1
-0.03,0.07,0.98,-0.1,0.01,0.05,-1.89,3.95
-0.04,0.07,0.99,-0.1,0.01,0.07,-2.47,4.12
-0.05,0.07,0.97,-0.11,-0.01,0.1,-2.89,4.25
-0.04,0.07,0.97,-0.11,-0.03,0.11,-2.42,4.36
-0.02,0.07,0.96,-0.13,-0.03,0.13,-1.31,4.38
-0.0,0.07,0.97,-0.13,-0.04,0.14,-0.15,4.22
0.01,0.07,0.97,-0.12,-0.04,0.14,0.82,4.17
0.03,0.08,0.98,-0.12,-0.03,0.15,1.71,4.42
0.05,0.08,0.97,-0.13,-0.01,0.13,2.69,4.57
0.06,0.08,0.97,-0.12,-0.02,0.14,3.28,4.55
0.07,0.08,0.97,-0.12,-0.06,0.12,3.93,4.89
0.08,0.08,0.99,-0.11,-0.07,0.11,4.55,4.71
0.09,0.08,1.01,-0.1,-0.07,0.09,5.27,4.74
0.09,0.08,1.01,-0.08,-0.04,0.06,4.99,4.43
0.08,0.08,1.02,-0.05,-0.03,0.04,4.31,4.28
0.05,0.08,1.02,-0.03,-0.01,0.04,2.79,4.34
0.03,0.07,1.02,-0.04,0.02,0.03,1.67,4.08
0.01,0.08,1.02,-0.03,-0.01,0.06,0.84,4.37
0.01,0.07,1.02,-0.03,-0.01,0.06,0.38,4.09
0.0,0.07,1.01,-0.04,-0.02,0.07,0.02,3.91
0.0,0.06,1.01,-0.07,-0.0,0.08,0.12,3.46
0.01,0.06,1.02,-0.06,0.0,0.1,0.42,3.16
0.01,0.05,1.02,-0.06,0.0,0.12,0.77,3.05
0.02,0.05,1.03,-0.06,-0.0,0.14,1.19,2.86
0.03,0.05,1.03,-0.05,0.04,0.15,1.58,2.78
0.04,0.05,1.03,-0.05,0.05,0.18,2.07,2.65
0.05,0.05,1.02,-0.03,0.06,0.18,2.59,2.59
0.05,0.04,1.01,-0.01,0.07,0.18,2.82,2.37
0.05,0.04,1.01,0.01,0.08,0.17,2.76,2.5
0.04,0.06,1.02,0.03,0.09,0.18,2.12,3.12
0.01,0.06,1.0,0.06,0.07,0.18,0.83,3.23
0.01,0.07,0.99,0.04,0.04,0.19,0.47,3.93
0.0,0.07,0.97,0.06,0.03,0.19,0.12,4.33
-0.0,0.08,0.97,0.05,0.04,0.17,-0.07,4.59
-0.01,0.09,0.95,0.06,0.03,0.16,-0.3,5.34
-0.01,0.1,0.94,0.06,0.0,0.16,-0.79,5.81
-0.02,0.09,0.94,0.04,0.0,0.15,-1.35,5.45
-0.02,0.09,0.94,-0.0,0.02,0.14,-0.95,5.44
-0.02,0.09,0.94,0.0,-0.01,0.15,-1.04,5.23
0.0,0.09,0.95,0.01,-0.02,0.15,0.08,5.12
0.0,0.08,0.96,-0.02,-0.03,0.15,0.07,4.89
0.01,0.08,0.96,-0.03,-0.01,0.15,0.69,4.54
0.03,0.07,0.96,-0.01,0.0,0.14,1.98,4.03
0.04,0.08,0.98,0.01,-0.01,0.14,2.47,4.55
0.04,0.08,0.97,0.03,-0.01,0.13,2.43,4.59
0.04,0.07,0.96,0.05,0.01,0.12,2.41,4.18
0.05,0.07,0.96,0.06,-0.01,0.11,2.74,3.95
0.04,0.07,0.95,0.12,-0.05,0.1,2.22,3.95
0.03,0.07,0.95,0.15,-0.05,0.08,1.93,4.1
0.02,0.07,0.94,0.16,-0.06,0.07,1.2,4.46
0.01,0.08,0.92,0.19,-0.08,0.07,0.93,4.87
0.0,0.08,0.91,0.19,-0.09,0.06,0.15,5.13
-0.02,0.08,0.9,0.19,-0.1,0.06,-1.01,5.31
-0.03,0.1,0.88,0.18,-0.09,0.05,-2.1,6.19
-0.04,0.1,0.87,0.15,-0.08,0.06,-2.86,6.53
-0.06,0.1,0.85,0.14,-0.09,0.06,-3.72,6.89
-0.06,0.1,0.85,0.11,-0.09,0.05,-4.11,6.74
-0.07,0.11,0.85,0.07,-0.07,0.06,-4.79,7.42
-0.08,0.11,0.84,0.04,-0.09,0.07,-5.68,7.24
-0.09,0.11,0.83,0.02,-0.1,0.06,-6.2,7.51
-0.08,0.11,0.83,-0.02,-0.1,0.07,-5.56,7.23
-0.08,0.09,0.83,-0.05,-0.11,0.07,-5.36,6.43
-0.07,0.1,0.82,-0.08,-0.12,0.08,-4.52,6.62
-0.06,0.1,0.82,-0.09,-0.11,0.07,-4.47,6.86
-0.07,0.09,0.81,-0.11,-0.11,0.06,-5.22,6.58
-0.08,0.09,0.81,-0.12,-0.1,0.05,-5.71,6.38
-0.09,0.09,0.8,-0.16,-0.11,0.06,-6.05,6.21
-0.07,0.08,0.8,-0.15,-0.15,0.07,-5.17,5.42
-0.06,0.08,0.8,-0.15,-0.2,0.07,-4.16,5.34
-0.05,0.07,0.81,-0.16,-0.23,0.06,-3.18,4.8
-0.04,0.06,0.8,-0.12,-0.29,0.06,-2.73,4.57
-0.04,0.06,0.82,-0.1,-0.34,0.06,-2.92,4.11
-0.05,0.06,0.82,-0.08,-0.36,0.06,-3.21,4.0
-0.05,0.06,0.82,-0.05,-0.4,0.06,-3.51,4.41
-0.05,0.06,0.82,-0.03,-0.43,0.08,-3.45,4.45
-0.06,0.08,0.81,-0.01,-0.46,0.1,-4.11,5.54
-0.06,0.09,0.79,0.02,-0.47,0.13,-4.56,6.47
-0.06,0.1,0.77,0.01,-0.45,0.14,-4.7,7.4
-0.07,0.11,0.76,0.01,-0.45,0.16,-5.2,8.07
-0.06,0.13,0.75,0.02,-0.44,0.16,-4.6,9.56
-0.06,0.15,0.74,0.03,-0.44,0.16,-4.55,11.24
-0.05,0.16,0.73,0.02,-0.44,0.16,-3.86,11.99
-0.04,0.18,0.71,0.02,-0.46,0.15,-3.29,14.26
-0.02,0.17,0.72,0.02,-0.47,0.12,-1.39,13.58
-0.0,0.17,0.72,0.04,-0.51,0.1,-0.07,13.59
0.02,0.15,0.75,0.05,-0.48,0.05,1.87,11.43
0.03,0.14,0.77,0.09,-0.46,0.02,2.49,10.6
0.03,0.15,0.77,0.14,-0.44,-0.0,1.99,10.94
0.0,0.15,0.76,0.16,-0.44,-0.01,0.0,11.09
-0.02,0.14,0.74,0.16,-0.42,-0.03,-1.3,10.84
-0.04,0.14,0.72,0.13,-0.39,-0.01,-3.09,11.28
-0.07,0.14,0.7,0.07,-0.33,0.01,-5.52,11.65
-0.09,0.16,0.66,-0.04,-0.24,0.05,-7.9,13.39
-0.12,0.16,0.65,-0.15,-0.15,0.09,-10.49,13.51
-0.14,0.16,0.64,-0.27,-0.11,0.13,-12.43,13.77
-0.15,0.17,0.64,-0.39,-0.1,0.17,-12.62,14.19
-0.12,0.16,0.65,-0.5,-0.09,0.19,-10.51,13.53
-0.08,0.16,0.69,-0.59,-0.11,0.2,-6.49,12.75
-0.04,0.15,0.73,-0.65,-0.17,0.2,-3.04,11.79
0.0,0.15,0.77,-0.65,-0.3,0.17,0.12,10.96
0.05,0.15,0.8,-0.62,-0.47,0.13,3.69,10.52
0.1,0.12,0.82,-0.59,-0.6,0.07,7.19,8.55
0.14,0.1,0.86,-0.49,-0.76,-0.01,9.02,6.28
0.14,0.06,0.91,-0.38,-0.88,-0.1,8.98,3.93
0.13,0.04,0.94,-0.23,-1.01,-0.16,7.84,2.68
0.1,0.02,0.96,-0.1,-1.14,-0.21,5.99,1.04
0.06,0.0,0.96,0.04,-1.25,-0.22,3.76,0.29
0.03,-0.0,0.94,0.18,-1.33,-0.22,1.58,-0.23
-0.01,-0.01,0.92,0.31,-1.37,-0.18,-0.41,-0.57
-0.02,-0.01,0.9,0.38,-1.36,-0.14,-1.51,-0.92
-0.05,-0.01,0.87,0.49,-1.37,-0.08,-3.22,-0.57
-0.08,0.03,0.82,0.56,-1.43,-0.03,-5.6,2.24
-0.06,0.07,0.77,0.59,-1.49,0.0,-4.44,4.96
-0.07,0.09,0.72,0.61,-1.55,0.02,-5.34,7.33
-0.04,0.11,0.66,0.6,-1.59,0.03,-3.68,9.81
-0.03,0.14,0.64,0.6,-1.69,0.02,-2.86,12.0
-0.06,0.18,0.62,0.57,-1.82,-0.01,-4.91,16.18
-0.08,0.2,0.59,0.48,-1.93,-0.03,-7.01,18.86
-0.08,0.22,0.56,0.39,-2.03,-0.04,-7.77,21.17
-0.07,0.22,0.56,0.26,-2.17,-0.06,-6.91,21.66
-0.06,0.22,0.58,0.14,-2.21,-0.03,-5.07,21.05
-0.03,0.21,0.59,0.03,-2.25,-0.02,-2.61,20.06
0.01,0.2,0.63,-0.1,-2.29,-0.02,0.83,17.47
0.03,0.19,0.67,-0.2,-2.27,-0.01,2.41,15.96
0.05,0.19,0.7,-0.3,-2.32,-0.01,3.72,14.9
0.08,0.18,0.72,-0.39,-2.32,-0.02,6.13,13.87
0.13,0.16,0.75,-0.47,-2.29,-0.02,9.86,11.74
0.18,0.14,0.79,-0.53,-2.26,-0.04,12.53,9.98
0.22,0.13,0.84,-0.57,-2.2,-0.07,14.65,8.37
0.24,0.12,0.88,-0.57,-2.1,-0.1,15.24,7.15
0.26,0.09,0.91,-0.58,-2.02,-0.14,15.5,5.7
0.25,0.09,0.93,-0.55,-1.97,-0.18,15.08,5.44
0.24,0.08,0.96,-0.52,-1.9,-0.21,14.18,4.58
0.23,0.06,0.99,-0.46,-1.86,-0.22,12.79,3.15
0.24,0.06,1.03,-0.38,-1.79,-0.24,13.24,3.39
0.23,0.05,1.05,-0.27,-1.74,-0.26,12.46,2.43
0.21,0.04,1.05,-0.08,-1.61,-0.43,11.29,2.21
0.16,0.06,1.04,-0.01,-1.72,-0.29,8.88,3.16
0.13,0.07,0.98,0.11,-1.78,-0.29,7.59,4.29
0.11,0.09,0.91,0.2,-1.89,-0.28,6.93,5.81
0.1,0.11,0.85,0.24,-1.99,-0.27,6.81,7.0
0.08,0.12,0.78,0.25,-2.04,-0.27,5.6,8.78
0.03,0.16,0.72,0.2,-2.13,-0.24,2.11,12.57
0.01,0.2,0.65,0.1,-2.23,-0.2,0.45,17.21
0.02,0.22,0.59,-0.08,-2.37,-0.16,1.86,20.74
0.07,0.2,0.57,-0.3,-2.45,-0.12,6.72,19.09
0.15,0.17,0.61,-0.55,-2.49,-0.09,13.26,15.07
0.24,0.14,0.72,-0.78,-2.45,-0.07,18.33,10.09
0.31,0.1,0.88,-0.95,-2.39,-0.06,19.08,6.13
0.36,0.06,1.04,-1.04,-2.26,-0.11,19.06,2.96
0.38,0.02,1.17,-1.06,-2.12,-0.17,18.16,0.84
0.41,-0.01,1.28,-0.98,-2.03,-0.23,17.65,-0.3
0.42,-0.02,1.36,-0.83,-1.9,-0.3,17.03,-0.91
0.43,-0.04,1.39,-0.64,-1.82,-0.39,17.18,-1.48
0.41,-0.03,1.37,-0.45,-1.69,-0.5,16.82,-1.25
0.36,-0.01,1.3,-0.25,-1.63,-0.58,15.36,-0.26
0.29,0.04,1.18,-0.08,-1.62,-0.63,13.87,1.95
0.26,0.08,1.02,-0.0,-1.65,-0.69,14.12,4.43
0.24,0.1,0.88,-0.03,-1.69,-0.73,15.4,6.44
0.21,0.13,0.78,-0.12,-1.75,-0.74,15.18,8.8
0.17,0.13,0.71,-0.23,-1.86,-0.73,12.84,10.28
0.13,0.16,0.68,-0.38,-1.95,-0.72,10.74,12.57
0.11,0.17,0.67,-0.56,-2.07,-0.66,9.31,13.92
0.14,0.15,0.67,-0.79,-2.19,-0.6,11.35,12.66
0.2,0.11,0.73,-1.02,-2.28,-0.57,15.18,8.14
0.25,0.04,0.83,-1.25,-2.26,-0.55,17.01,2.82
0.26,-0.01,0.96,-1.44,-2.16,-0.55,15.28,-0.77
0.22,-0.05,1.09,-1.61,-2.02,-0.53,11.11,-2.49
0.16,-0.08,1.19,-1.7,-1.86,-0.49,7.45,-3.8
0.12,-0.11,1.26,-1.74,-1.66,-0.43,5.46,-4.95
0.09,-0.15,1.31,-1.79,-1.45,-0.38,3.93,-6.47
0.06,-0.19,1.36,-1.81,-1.32,-0.32,2.35,-7.9
0.01,-0.21,1.42,-1.77,-1.16,-0.27,0.33,-8.52
-0.04,-0.23,1.46,-1.64,-1.08,-0.2,-1.62,-8.88
-0.08,-0.23,1.49,-1.51,-1.02,-0.14,-3.06,-8.68
-0.07,-0.21,1.53,-1.31,-1.03,-0.07,-2.75,-7.77
-0.01,-0.19,1.61,-1.07,-1.14,-0.04,-0.52,-6.84
0.06,-0.19,1.69,-0.75,-1.23,-0.09,2.1,-6.41
0.12,-0.18,1.69,-0.41,-1.31,-0.22,3.99,-6.17
0.11,-0.16,1.61,-0.07,-1.41,-0.34,3.77,-5.57
0.03,-0.11,1.41,0.22,-1.56,-0.43,1.03,-4.36
-0.02,-0.08,1.28,0.42,-1.72,-0.46,-0.91,-3.63
-0.06,-0.05,1.13,0.56,-1.88,-0.46,-2.83,-2.66
-0.08,-0.03,1.02,0.61,-2.03,-0.42,-4.6,-1.94
-0.08,0.0,0.93,0.62,-2.18,-0.34,-4.63,0.01
-0.06,0.02,0.89,0.57,-2.3,-0.25,-4.13,1.51
-0.01,0.04,0.89,0.43,-2.37,-0.18,-0.38,2.76
0.05,0.06,0.93,0.29,-2.42,-0.1,3.06,3.57
0.13,0.06,0.98,0.11,-2.41,-0.06,7.27,3.54
0.17,0.05,1.05,-0.08,-2.32,-0.05,9.09,2.66
0.19,0.03,1.1,-0.3,-2.18,-0.05,9.74,1.78
0.16,0.01,1.15,-0.47,-2.04,-0.04,8.05,0.55
0.11,-0.01,1.21,-0.64,-1.85,-0.04,5.02,-0.34
0.04,-0.04,1.25,-0.74,-1.71,-0.01,2.02,-1.9
-0.02,-0.07,1.3,-0.82,-1.55,0.01,-0.76,-3.1
-0.07,-0.1,1.35,-0.85,-1.43,0.06,-3.12,-4.02
-0.1,-0.11,1.41,-0.79,-1.37,0.1,-4.21,-4.48
-0.11,-0.12,1.45,-0.69,-1.33,0.13,-4.16,-4.54
-0.1,-0.11,1.49,-0.55,-1.3,0.13,-4.01,-4.39
-0.1,-0.11,1.5,-0.34,-1.3,0.12,-3.66,-4.0
-0.1,-0.09,1.5,-0.11,-1.36,0.07,-3.81,-3.45
-0.09,-0.07,1.48,0.13,-1.44,0.09,-3.38,-2.77
-0.06,-0.05,1.42,0.38,-1.51,0.05,-2.51,-1.9
-0.04,-0.02,1.33,0.59,-1.61,0.01,-1.55,-0.96
-0.0,0.0,1.22,0.78,-1.75,-0.02,-0.02,0.21
0.03,0.04,1.13,0.88,-1.9,-0.05,1.68,1.9
0.08,0.07,1.04,0.92,-2.0,-0.06,4.42,3.85
0.13,0.1,0.98,0.88,-2.07,-0.07,7.68,5.51
0.18,0.13,0.94,0.78,-2.12,-0.07,10.73,7.85
0.22,0.14,0.93,0.64,-2.14,-0.08,13.33,8.61
0.27,0.15,0.95,0.41,-2.11,-0.12,15.9,8.37
0.3,0.15,0.99,0.18,-2.07,-0.14,16.48,8.41
0.28,0.16,1.01,-0.08,-1.93,-0.17,15.47,8.47
0.25,0.14,1.06,-0.35,-1.82,-0.2,13.23,7.22
0.22,0.11,1.11,-0.6,-1.64,-0.24,11.21,5.65
0.18,0.08,1.15,-0.85,-1.47,-0.27,8.71,3.89
0.11,0.05,1.21,-1.04,-1.33,-0.31,5.4,2.42
0.05,0.0,1.27,-1.19,-1.21,-0.34,2.08,0.18
-0.03,-0.03,1.32,-1.28,-1.08,-0.38,-1.17,-1.21
-0.08,-0.07,1.38,-1.34,-0.99,-0.42,-3.22,-2.99
-0.13,-0.1,1.45,-1.32,-0.92,-0.47,-5.16,-3.99
-0.19,-0.14,1.49,-1.24,-0.87,-0.53,-7.18,-5.24
-0.25,-0.16,1.49,-1.14,-0.81,-0.58,-9.26,-6.22
-0.3,-0.17,1.46,-0.99,-0.76,-0.63,-11.61,-6.67
-0.34,-0.18,1.42,-0.86,-0.73,-0.64,-13.55,-7.02
-0.36,-0.19,1.35,-0.72,-0.7,-0.64,-15.0,-7.76
-0.37,-0.19,1.28,-0.59,-0.67,-0.63,-15.95,-8.25
-0.38,-0.19,1.21,-0.52,-0.65,-0.59,-17.36,-8.59
-0.4,-0.19,1.14,-0.43,-0.67,-0.51,-19.2,-8.75
-0.41,-0.17,1.08,-0.35,-0.68,-0.41,-20.71,-8.39
-0.42,-0.16,1.04,-0.28,-0.68,-0.3,-21.82,-8.19
-0.42,-0.16,1.04,-0.22,-0.69,-0.18,-21.53,-8.29
-0.42,-0.16,1.04,-0.14,-0.7,-0.06,-21.58,-8.33
-0.43,-0.15,1.07,-0.04,-0.72,0.05,-21.62,-7.34
-0.42,-0.11,1.09,0.08,-0.73,0.15,-21.04,-5.51
-0.37,-0.08,1.11,0.18,-0.74,0.25,-18.52,-3.91
-0.32,-0.05,1.15,0.3,-0.79,0.34,-15.51,-2.51
-0.25,-0.04,1.2,0.43,-0.8,0.32,-11.96,-1.69
-0.19,-0.01,1.25,0.5,-0.88,0.39,-8.73,-0.27
-0.14,0.03,1.28,0.61,-0.9,0.37,-6.23,1.49
-0.09,0.06,1.27,0.7,-0.92,0.33,-4.18,2.78
-0.05,0.09,1.26,0.74,-0.93,0.29,-2.32,3.96
-0.02,0.11,1.22,0.76,-0.94,0.24,-1.12,5.37
0.01,0.13,1.19,0.77,-0.96,0.19,0.68,6.07
0.02,0.14,1.17,0.73,-0.97,0.17,0.77,6.87
0.03,0.15,1.15,0.69,-0.98,0.14,1.57,7.52
0.05,0.15,1.15,0.62,-0.99,0.13,2.33,7.62
0.07,0.15,1.17,0.53,-0.94,0.11,3.5,7.52
0.1,0.14,1.18,0.42,-0.9,0.09,5.01,6.79
0.11,0.13,1.2,0.32,-0.83,0.05,5.08,6.12
0.07,0.11,1.22,0.24,-0.77,0.01,3.31,5.28
-0.01,0.09,1.24,0.15,-0.68,-0.01,-0.27,4.34
-0.08,0.09,1.25,0.11,-0.64,-0.01,-3.49,3.93
-0.14,0.08,1.28,0.1,-0.57,0.02,-6.2,3.7
-0.17,0.07,1.3,0.13,-0.5,0.05,-7.6,3.09
-0.19,0.06,1.3,0.14,-0.41,0.09,-8.31,2.45
-0.2,0.05,1.27,0.18,-0.36,0.14,-8.86,2.1
-0.22,0.06,1.26,0.23,-0.3,0.18,-9.71,2.5
-0.22,0.06,1.24,0.26,-0.27,0.24,-10.23,2.81
-0.23,0.07,1.24,0.29,-0.21,0.29,-10.34,3.13
-0.22,0.08,1.23,0.35,-0.18,0.35,-10.09,3.49
-0.19,0.09,1.21,0.4,-0.13,0.39,-8.7,3.97
-0.14,0.1,1.19,0.42,-0.11,0.42,-6.92,4.58
-0.13,0.11,1.19,0.46,-0.11,0.44,-6.09,5.5
-0.09,0.12,1.17,0.49,-0.13,0.44,-4.56,5.76
-0.07,0.13,1.17,0.53,-0.16,0.42,-3.38,6.18
-0.05,0.13,1.17,0.57,-0.21,0.38,-2.34,6.42
-0.02,0.14,1.17,0.6,-0.25,0.32,-1.15,6.62
-0.01,0.14,1.14,0.62,-0.29,0.27,-0.42,7.17
-0.0,0.15,1.12,0.64,-0.34,0.23,-0.06,7.58
0.01,0.15,1.11,0.65,-0.39,0.19,0.45,7.91
0.02,0.15,1.1,0.63,-0.4,0.16,0.8,7.89
0.02,0.16,1.09,0.63,-0.4,0.14,1.04,8.1
0.04,0.16,1.1,0.59,-0.37,0.1,2.25,8.42
0.07,0.17,1.11,0.54,-0.34,0.09,3.81,8.68
0.11,0.18,1.11,0.48,-0.27,0.05,5.42,9.22
0.13,0.18,1.11,0.38,-0.16,0.01,6.44,9.22
0.13,0.19,1.11,0.29,-0.08,-0.02,6.77,9.67
0.13,0.19,1.12,0.21,-0.01,-0.08,6.59,9.69
0.13,0.19,1.12,0.13,0.07,-0.14,6.27,9.59
0.14,0.17,1.1,0.05,0.14,-0.22,7.15,8.6
0.12,0.16,1.08,-0.02,0.18,-0.29,6.44,8.26
0.11,0.14,1.04,-0.11,0.23,-0.38,5.86,7.81
0.08,0.12,1.01,-0.15,0.23,-0.43,4.57,6.91
0.04,0.09,0.98,-0.21,0.25,-0.48,2.53,5.43
0.01,0.07,0.95,-0.24,0.23,-0.51,0.68,4.17
-0.02,0.04,0.93,-0.28,0.21,-0.52,-1.13,2.17
-0.06,-0.0,0.93,-0.3,0.19,-0.55,-3.88,-0.04
-0.11,-0.03,0.94,-0.29,0.16,-0.54,-6.47,-1.79
-0.13,-0.05,0.95,-0.26,0.12,-0.52,-7.91,-3.24
-0.16,-0.07,0.94,-0.2,0.06,-0.49,-9.53,-4.32
-0.16,-0.08,0.93,-0.15,0.03,-0.44,-9.57,-4.56
-0.16,-0.08,0.93,-0.12,0.02,-0.36,-9.53,-5.01
-0.14,-0.09,0.94,-0.1,0.02,-0.29,-8.25,-5.18
-0.12,-0.08,0.95,-0.07,0.03,-0.24,-7.42,-4.84
-0.11,-0.07,0.96,-0.07,0.04,-0.2,-6.7,-4.3
-0.11,-0.06,0.97,-0.05,0.08,-0.15,-6.68,-3.4
-0.1,-0.04,0.97,-0.05,0.1,-0.09,-5.87,-2.38
-0.07,-0.03,0.98,-0.03,0.09,-0.05,-4.31,-1.93
-0.06,-0.03,0.99,-0.02,0.09,-0.03,-3.19,-1.95
-0.04,-0.03,1.0,-0.01,0.11,-0.03,-2.44,-1.45
-0.04,-0.02,1.0,0.01,0.11,-0.04,-2.37,-0.97
-0.04,-0.01,1.01,0.03,0.08,-0.04,-2.46,-0.63
-0.03,-0.01,1.01,0.08,0.04,-0.05,-1.71,-0.44
-0.03,-0.01,1.01,0.11,0.04,-0.07,-1.44,-0.55
-0.03,-0.01,1.01,0.14,0.02,-0.08,-1.44,-0.64
-0.03,-0.01,0.99,0.18,0.0,-0.1,-1.48,-0.4
-0.03,-0.0,0.98,0.21,-0.03,-0.08,-1.89,-0.12
-0.03,0.01,0.97,0.2,-0.02,-0.08,-1.83,0.3
-0.02,0.01,0.95,0.23,-0.04,-0.05,-1.32,0.33
-0.01,0.01,0.93,0.23,-0.06,-0.02,-0.72,0.68
-0.01,0.01,0.93,0.24,-0.06,0.01,-0.49,0.66
-0.01,0.02,0.92,0.23,-0.06,0.03,-0.83,0.93
-0.02,0.02,0.93,0.23,-0.05,0.05,-1.36,1.32
-0.03,0.02,0.94,0.24,-0.08,0.08,-2.09,1.44
-0.03,0.03,0.95,0.25,-0.11,0.14,-1.65,2.06
-0.02,0.04,0.97,0.26,-0.11,0.16,-1.05,2.52
-0.0,0.05,0.99,0.29,-0.14,0.19,-0.05,2.91
0.02,0.05,1.02,0.31,-0.14,0.18,0.94,2.92
0.04,0.06,1.04,0.33,-0.14,0.18,2.22,3.34
0.05,0.07,1.04,0.33,-0.12,0.15,2.99,4.0
0.07,0.09,1.03,0.35,-0.13,0.13,3.95,4.96
0.09,0.1,1.01,0.34,-0.14,0.12,4.96,5.81
0.1,0.11,1.01,0.33,-0.16,0.1,5.5,6.0
0.11,0.11,1.01,0.29,-0.14,0.07,6.45,6.26
0.13,0.11,1.0,0.27,-0.14,0.05,7.29,6.46
0.13,0.11,0.99,0.22,-0.14,0.02,7.7,6.29
0.12,0.11,0.99,0.17,-0.16,0.01,7.02,6.06
0.1,0.09,1.0,0.12,-0.14,-0.01,5.94,5.26
0.08,0.08,1.01,0.1,-0.15,-0.02,4.49,4.48
0.05,0.07,1.03,0.09,-0.16,-0.03,2.94,3.83
0.04,0.05,1.03,0.08,-0.17,-0.03,2.05,2.99
0.01,0.04,1.05,0.1,-0.2,-0.02,0.55,2.06
-0.02,0.04,1.06,0.11,-0.19,-0.01,-0.93,1.97
-0.03,0.03,1.07,0.14,-0.22,0.0,-1.43,1.86
-0.03,0.03,1.07,0.17,-0.23,0.02,-1.79,1.63
-0.02,0.03,1.08,0.19,-0.21,0.04,-1.24,1.54
-0.03,0.04,1.1,0.23,-0.21,0.06,-1.38,1.9
-0.03,0.05,1.11,0.25,-0.21,0.07,-1.77,2.58
-0.01,0.05,1.13,0.28,-0.21,0.09,-0.71,2.44
-0.0,0.06,1.15,0.3,-0.17,0.08,-0.0,2.82
0.02,0.06,1.15,0.32,-0.14,0.06,1.05,2.95
0.06,0.08,1.15,0.32,-0.11,0.02,2.97,3.76
0.1,0.09,1.1,0.31,-0.07,-0.02,5.19,4.64
0.13,0.11,1.08,0.26,-0.02,-0.05,6.94,5.59
0.15,0.11,1.04,0.18,0.03,-0.09,8.22,5.96
0.16,0.12,1.01,0.1,0.07,-0.13,9.06,6.42
0.17,0.11,0.99,0.01,0.09,-0.17,9.53,6.48
0.14,0.1,0.97,-0.09,0.12,-0.21,8.39,6.04
0.11,0.09,0.97,-0.17,0.15,-0.23,6.67,5.28
0.07,0.07,0.97,-0.23,0.15,-0.25,4.3,4.32
0.03,0.06,0.97,-0.29,0.17,-0.25,1.59,3.29
-0.0,0.05,0.98,-0.3,0.16,-0.24,-0.15,2.8
-0.03,0.03,0.99,-0.33,0.18,-0.24,-1.57,1.71
-0.04,0.02,1.0,-0.31,0.17,-0.22,-2.35,0.87
-0.06,-0.0,1.01,-0.3,0.17,-0.21,-3.5,-0.15
-0.08,-0.01,1.0,-0.26,0.17,-0.21,-4.73,-0.33
-0.1,-0.01,1.0,-0.24,0.17,-0.2,-5.73,-0.34
-0.11,-0.01,0.98,-0.19,0.15,-0.19,-6.17,-0.55
-0.1,-0.01,0.96,-0.14,0.11,-0.16,-5.71,-0.78
-0.1,-0.01,0.95,-0.11,0.06,-0.15,-6.07,-0.51
-0.11,0.0,0.94,-0.08,0.04,-0.12,-6.84,0.03
-0.12,0.02,0.95,-0.03,-0.01,-0.09,-7.19,1.11
-0.12,0.04,0.97,0.01,-0.06,-0.06,-6.74,2.57
-0.08,0.07,1.0,0.05,-0.06,-0.03,-4.52,3.74
-0.04,0.08,1.02,0.07,-0.05,-0.03,-2.21,4.25
0.0,0.08,1.03,0.07,-0.05,-0.04,0.22,4.7
0.03,0.11,1.02,0.04,-0.04,-0.07,1.85,5.96
0.05,0.13,0.99,-0.0,-0.0,-0.1,2.9,7.51
0.05,0.14,0.96,-0.06,0.02,-0.12,2.88,8.47
0.05,0.15,0.95,-0.12,0.01,-0.14,3.01,9.12
0.04,0.15,0.94,-0.18,0.01,-0.15,2.38,9.05
0.03,0.15,0.94,-0.25,-0.0,-0.15,2.02,9.06
0.01,0.13,0.94,-0.29,-0.02,-0.18,0.77,7.63
-0.02,0.12,0.96,-0.34,-0.01,-0.18,-0.9,6.94
-0.03,0.1,0.97,-0.34,-0.03,-0.17,-1.53,5.95
-0.05,0.09,0.98,-0.37,-0.04,-0.17,-2.8,5.25
-0.07,0.07,0.99,-0.38,-0.02,-0.17,-3.95,4.3
-0.09,0.06,1.01,-0.39,-0.03,-0.16,-5.29,3.52
-0.12,0.05,1.02,-0.37,-0.06,-0.13,-6.52,2.86
-0.13,0.05,1.04,-0.32,-0.1,-0.1,-7.3,2.94
-0.14,0.04,1.06,-0.29,-0.11,-0.09,-7.59,2.27
-0.15,0.04,1.09,-0.24,-0.11,-0.07,-7.84,1.91
-0.13,0.03,1.1,-0.19,-0.12,-0.05,-6.73,1.64
-0.12,0.04,1.1,-0.15,-0.14,-0.04,-6.16,1.89
-0.12,0.04,1.1,-0.11,-0.14,-0.04,-5.99,2.28
-0.11,0.05,1.09,-0.06,-0.16,-0.02,-5.65,2.36
-0.09,0.05,1.09,-0.07,-0.17,-0.01,-4.81,2.41
-0.08,0.04,1.1,-0.02,-0.2,0.01,-4.33,2.04
-0.06,0.04,1.11,0.01,-0.21,-0.01,-3.15,2.25
-0.04,0.04,1.1,0.01,-0.2,-0.01,-2.3,2.03
-0.02,0.04,1.09,0.01,-0.22,-0.01,-0.95,2.16
0.0,0.05,1.07,-0.01,-0.21,-0.02,0.07,2.77
0.01,0.05,1.08,-0.03,-0.21,-0.02,0.6,2.81
0.02,0.05,1.07,-0.07,-0.2,-0.02,1.0,2.81
0.01,0.05,1.08,-0.1,-0.2,-0.03,0.56,2.63
0.0,0.05,1.08,-0.12,-0.21,-0.03,0.05,2.54
-0.01,0.05,1.07,-0.15,-0.21,-0.04,-0.71,2.49
-0.03,0.04,1.08,-0.17,-0.22,-0.01,-1.48,2.21
-0.05,0.03,1.09,-0.18,-0.23,-0.01,-2.46,1.72
-0.07,0.03,1.1,-0.16,-0.25,-0.0,-3.53,1.43
-0.09,0.03,1.1,-0.16,-0.25,0.01,-4.78,1.31
-0.12,0.02,1.12,-0.12,-0.27,0.02,-6.3,1.02
-0.14,0.02,1.12,-0.09,-0.28,0.03,-7.32,1.0
-0.16,0.02,1.13,-0.02,-0.31,0.06,-8.11,0.94
-0.16,0.02,1.14,0.02,-0.32,0.08,-7.78,0.79
-0.15,0.02,1.15,0.07,-0.33,0.1,-7.52,0.82
-0.15,0.02,1.16,0.13,-0.34,0.11,-7.41,1.02
-0.14,0.03,1.16,0.21,-0.36,0.12,-7.08,1.48
-0.13,0.04,1.15,0.24,-0.34,0.11,-6.33,1.99
-0.1,0.05,1.12,0.26,-0.33,0.12,-5.23,2.53
-0.09,0.06,1.11,0.24,-0.33,0.12,-4.81,3.28
-0.08,0.08,1.11,0.22,-0.3,0.13,-4.27,3.97
-0.07,0.09,1.09,0.22,-0.29,0.12,-3.67,4.61
-0.06,0.09,1.11,0.19,-0.26,0.12,-3.21,4.77
-0.05,0.09,1.1,0.17,-0.24,0.08,-2.5,4.65
-0.04,0.09,1.11,0.14,-0.24,0.1,-2.0,4.85
-0.03,0.1,1.11,0.1,-0.19,0.06,-1.48,5.03
-0.03,0.09,1.12,0.07,-0.17,0.03,-1.67,4.84
-0.04,0.09,1.13,0.02,-0.17,-0.01,-1.9,4.69
-0.03,0.08,1.14,0.02,-0.14,-0.03,-1.57,4.22
-0.03,0.08,1.15,-0.01,-0.09,-0.07,-1.37,4.1
-0.02,0.08,1.14,-0.07,-0.04,-0.1,-0.98,3.82
-0.01,0.07,1.14,-0.11,0.05,-0.13,-0.74,3.62
-0.03,0.07,1.12,-0.16,0.12,-0.15,-1.3,3.72
-0.05,0.07,1.1,-0.23,0.22,-0.16,-2.48,3.4
-0.07,0.06,1.09,-0.28,0.29,-0.16,-3.59,3.03
-0.09,0.05,1.08,-0.32,0.36,-0.16,-4.81,2.65
-0.11,0.04,1.08,-0.33,0.39,-0.13,-5.77,2.16
-0.12,0.03,1.08,-0.33,0.43,-0.13,-6.49,1.53
-0.14,0.02,1.07,-0.32,0.46,-0.1,-7.5,1.02
-0.16,0.02,1.08,-0.29,0.45,-0.07,-8.28,1.0
-0.17,0.01,1.08,-0.26,0.46,-0.06,-8.89,0.63
-0.16,0.0,1.11,-0.22,0.43,-0.04,-8.06,0.19
-0.14,0.0,1.11,-0.14,0.41,-0.02,-7.37,0.26
-0.13,-0.01,1.11,-0.09,0.4,-0.03,-6.69,-0.44
-0.12,-0.01,1.11,-0.04,0.36,-0.03,-6.23,-0.28
-0.11,-0.01,1.09,0.02,0.34,-0.03,-5.92,-0.64
-0.11,-0.0,1.09,0.08,0.32,-0.04,-5.88,-0.03
-0.11,0.01,1.06,0.1,0.29,-0.03,-5.99,0.69
-0.11,0.03,1.05,0.14,0.25,-0.02,-5.76,1.4
-0.09,0.03,1.05,0.15,0.24,0.0,-4.66,1.81
-0.06,0.03,1.06,0.18,0.21,0.01,-3.49,1.52
-0.05,0.04,1.08,0.15,0.2,0.02,-2.42,2.09
-0.04,0.03,1.11,0.17,0.18,0.01,-2.22,1.8
-0.06,0.03,1.13,0.16,0.18,0.01,-2.87,1.67
-0.08,0.04,1.16,0.14,0.23,-0.0,-3.82,2.0
-0.07,0.06,1.18,0.16,0.26,0.01,-3.61,2.72
-0.05,0.08,1.19,0.15,0.31,0.03,-2.37,3.63
-0.02,0.09,1.21,0.13,0.39,0.02,-1.0,4.15
0.02,0.1,1.21,0.06,0.49,0.0,0.94,4.7
0.04,0.11,1.2,0.02,0.54,-0.02,2.06,5.1
0.04,0.12,1.2,-0.04,0.63,-0.07,1.84,5.61
0.04,0.12,1.19,-0.1,0.68,-0.09,1.95,5.89
0.03,0.12,1.18,-0.17,0.75,-0.13,1.38,5.83
0.02,0.12,1.17,-0.23,0.77,-0.15,0.82,5.72
-0.0,0.11,1.15,-0.26,0.77,-0.18,-0.25,5.5
-0.03,0.11,1.16,-0.3,0.78,-0.2,-1.67,5.24
-0.07,0.1,1.16,-0.3,0.76,-0.22,-3.25,4.8
-0.11,0.09,1.17,-0.32,0.74,-0.23,-5.2,4.27
-0.15,0.07,1.19,-0.3,0.68,-0.23,-7.18,3.35
-0.21,0.05,1.2,-0.26,0.64,-0.23,-9.99,2.29
-0.27,0.03,1.22,-0.18,0.57,-0.22,-12.27,1.35
-0.34,0.01,1.24,-0.06,0.49,-0.18,-15.36,0.26
-0.42,-0.02,1.27,0.1,0.38,-0.16,-18.16,-0.87
-0.5,-0.04,1.3,0.29,0.25,-0.12,-20.92,-1.6
-0.55,-0.06,1.34,0.51,0.13,-0.07,-22.25,-2.38
-0.57,-0.08,1.41,0.78,-0.0,-0.01,-21.84,-2.9
-0.5,-0.06,1.48,1.11,-0.04,0.01,-18.64,-2.27
-0.33,-0.01,1.46,1.24,-0.06,0.1,-12.8,-0.42
-0.03,0.04,1.41,1.29,0.19,0.09,-1.09,1.6
0.14,0.06,1.35,1.23,0.42,0.01,6.07,2.4
0.25,0.12,1.26,1.03,0.7,-0.09,11.19,5.13
0.3,0.18,1.17,0.77,0.93,-0.18,14.0,8.46
0.28,0.23,1.1,0.46,1.18,-0.25,14.03,11.51
0.23,0.26,1.07,0.17,1.34,-0.28,11.9,13.41
0.19,0.26,1.04,-0.1,1.47,-0.29,10.1,14.0
0.14,0.25,1.05,-0.32,1.53,-0.29,7.39,13.1
0.09,0.21,1.09,-0.52,1.6,-0.3,4.55,10.89
0.03,0.17,1.17,-0.65,1.61,-0.29,1.41,8.21
-0.03,0.12,1.26,-0.68,1.59,-0.31,-1.59,5.59
-0.08,0.09,1.34,-0.68,1.59,-0.33,-3.47,3.98
-0.1,0.05,1.39,-0.63,1.56,-0.36,-4.23,1.99
-0.11,0.01,1.42,-0.55,1.53,-0.39,-4.37,0.37
-0.13,0.0,1.43,-0.46,1.53,-0.45,-5.07,0.01
-0.15,-0.02,1.44,-0.32,1.44,-0.45,-5.82,-0.77
-0.17,-0.03,1.43,-0.2,1.45,-0.48,-6.9,-1.26
-0.19,-0.03,1.41,-0.07,1.4,-0.48,-7.45,-1.28
-0.17,-0.03,1.43,0.03,1.39,-0.45,-6.87,-1.23
-0.14,-0.03,1.42,0.13,1.41,-0.42,-5.66,-1.36
-0.09,-0.04,1.44,0.18,1.49,-0.4,-3.56,-1.71
-0.04,-0.06,1.43,0.23,1.52,-0.4,-1.52,-2.57
-0.0,-0.07,1.45,0.26,1.6,-0.42,-0.03,-2.8
0.03,-0.08,1.47,0.34,1.85,-0.59,1.09,-2.93
0.02,-0.07,1.45,0.27,1.78,-0.46,0.77,-2.82
0.03,-0.08,1.42,0.26,1.87,-0.47,1.19,-3.3
0.02,-0.09,1.4,0.26,1.94,-0.47,0.88,-3.5
0.01,-0.09,1.37,0.24,2.0,-0.46,0.32,-3.58
0.0,-0.09,1.36,0.21,2.07,-0.44,0.04,-3.8
-0.0,-0.09,1.37,0.19,2.12,-0.39,-0.18,-3.82
-0.0,-0.09,1.39,0.2,2.15,-0.35,-0.1,-3.85
0.0,-0.09,1.42,0.22,2.19,-0.32,0.2,-3.72
0.02,-0.09,1.44,0.26,2.21,-0.29,0.97,-3.55
0.06,-0.09,1.43,0.28,2.26,-0.29,2.36,-3.6
0.1,-0.08,1.4,0.3,2.29,-0.28,3.89,-3.32
0.11,-0.07,1.37,0.38,2.51,-0.44,4.75,-2.84
0.14,-0.05,1.35,0.29,2.34,-0.28,5.96,-2.12
0.16,-0.04,1.34,0.26,2.4,-0.26,6.92,-1.78
0.19,-0.04,1.34,0.22,2.44,-0.26,7.87,-1.68
0.19,-0.04,1.33,0.19,2.49,-0.28,8.31,-1.55
0.19,-0.03,1.3,0.14,2.56,-0.29,8.17,-1.41
0.17,-0.01,1.3,0.1,2.58,-0.29,7.35,-0.58
0.16,-0.02,1.31,0.08,2.57,-0.28,6.9,-0.86
0.17,-0.03,1.33,0.06,2.58,-0.28,7.25,-1.27
0.21,-0.05,1.36,0.04,2.58,-0.3,8.62,-2.1
0.24,-0.07,1.39,0.04,2.6,-0.32,9.66,-2.73
0.28,-0.08,1.4,0.06,2.62,-0.36,11.12,-3.34
0.3,-0.09,1.42,0.06,2.66,-0.42,11.86,-3.66
0.31,-0.09,1.43,0.07,2.73,-0.49,12.32,-3.68
0.32,-0.1,1.41,0.08,2.79,-0.54,12.6,-4.16
0.28,-0.11,1.36,0.1,2.98,-0.68,11.73,-4.38
0.26,-0.11,1.32,0.08,2.88,-0.61,11.16,-4.69
0.22,-0.1,1.27,0.06,2.97,-0.63,9.69,-4.4
0.18,-0.09,1.2,0.02,3.03,-0.59,8.29,-4.06
0.14,-0.09,1.16,-0.02,3.06,-0.53,7.12,-4.21
0.11,-0.11,1.14,-0.08,3.12,-0.46,5.72,-5.38
0.11,-0.12,1.17,-0.1,3.14,-0.39,5.32,-5.95
0.11,-0.14,1.19,-0.11,3.18,-0.33,5.32,-6.58
0.13,-0.16,1.21,-0.06,3.17,-0.26,6.27,-7.36
0.18,-0.15,1.21,-0.0,3.14,-0.22,8.23,-7.1
0.25,-0.16,1.21,0.06,3.08,-0.2,11.55,-7.45
0.3,-0.19,1.19,0.12,3.07,-0.22,13.99,-8.68
0.32,-0.2,1.16,0.19,3.04,-0.26,15.3,-9.28
0.32,-0.18,1.15,0.26,3.02,-0.3,15.42,-8.68
0.31,-0.16,1.12,0.33,3.01,-0.35,15.51,-8.03
0.35,-0.16,1.11,0.4,2.93,-0.38,17.17,-7.66
0.39,-0.15,1.06,0.48,2.83,-0.44,20.17,-7.76
0.43,-0.16,1.01,0.54,2.74,-0.53,22.87,-8.41
0.43,-0.14,0.95,0.57,2.73,-0.62,23.9,-7.78
0.36,-0.08,0.87,0.56,2.72,-0.68,22.5,-4.65
0.31,-0.01,0.75,0.5,2.67,-0.7,22.22,-0.85
0.28,0.03,0.63,0.35,2.68,-0.7,24.04,2.22
0.27,0.04,0.56,0.13,2.7,-0.69,25.45,3.7
0.28,0.02,0.56,-0.08,2.76,-0.68,26.37,1.88
0.25,-0.0,0.61,-0.27,2.86,-0.66,22.6,-0.05
0.22,-0.0,0.67,-0.42,2.94,-0.63,18.07,-0.27
0.2,-0.02,0.7,-0.53,2.99,-0.58,15.85,-1.46
0.18,-0.06,0.71,-0.62,3.04,-0.53,14.59,-4.93
0.19,-0.11,0.74,-0.68,3.08,-0.47,14.55,-7.84
0.24,-0.13,0.82,-0.67,3.1,-0.43,16.05,-8.58
0.3,-0.13,0.87,-0.59,3.07,-0.41,18.66,-8.26
0.35,-0.14,0.88,-0.51,3.09,-0.43,21.48,-8.56
0.39,-0.15,0.83,-0.39,3.01,-0.47,24.69,-9.56
0.39,-0.16,0.78,-0.31,3.02,-0.52,26.23,-10.69
0.34,-0.17,0.74,-0.19,2.95,-0.57,24.44,-11.8
0.27,-0.15,0.72,-0.11,2.99,-0.61,19.86,-11.08
0.21,-0.11,0.69,-0.04,2.96,-0.58,16.56,-8.45
0.16,-0.07,0.64,-0.01,2.87,-0.56,14.22,-6.18
0.13,-0.08,0.57,0.01,2.81,-0.53,12.39,-7.52
0.08,-0.1,0.53,0.0,2.83,-0.49,7.96,-10.38
0.02,-0.1,0.55,-0.04,2.89,-0.41,1.8,-10.27
-0.02,-0.08,0.59,-0.02,2.86,-0.34,-2.06,-7.4
-0.03,-0.08,0.61,-0.01,2.82,-0.24,-2.48,-7.18
-0.01,-0.11,0.61,0.03,2.78,-0.16,-0.66,-9.86
0.02,-0.13,0.63,0.07,2.73,-0.08,1.74,-11.95
0.03,-0.14,0.66,0.18,2.67,-0.02,2.8,-12.27
0.05,-0.13,0.69,0.32,2.62,0.03,4.04,-11.05
0.05,-0.1,0.69,0.44,2.6,0.09,4.1,-8.47
0.07,-0.06,0.65,0.55,2.55,0.15,6.1,-4.89
0.09,-0.01,0.58,0.68,2.43,0.17,8.51,-1.32
0.09,0.03,0.51,0.75,2.32,0.17,9.71,3.05
0.09,0.07,0.46,0.78,2.27,0.14,10.39,8.81
0.04,0.12,0.42,0.79,2.19,0.13,5.73,15.73
-0.0,0.15,0.41,0.75,2.19,0.11,-0.48,20.0
-0.04,0.21,0.4,0.71,2.13,0.13,-4.97,27.55
-0.06,0.25,0.38,0.63,2.07,0.13,-7.73,33.78
-0.08,0.26,0.35,0.52,2.05,0.13,-10.91,36.11
-0.1,0.27,0.36,0.42,2.04,0.15,-12.41,36.39
-0.1,0.3,0.39,0.32,2.01,0.16,-12.03,36.19
-0.11,0.31,0.42,0.22,1.99,0.18,-11.85,36.08
-0.11,0.31,0.44,0.14,1.94,0.2,-11.64,34.68
-0.1,0.29,0.46,0.09,1.9,0.22,-10.67,31.38
-0.1,0.27,0.5,0.02,1.92,0.22,-9.81,27.5
-0.08,0.26,0.56,0.04,1.86,0.24,-7.57,24.19
-0.08,0.26,0.61,0.04,1.79,0.25,-6.51,23.05
-0.04,0.27,0.63,0.1,1.65,0.27,-3.69,22.78
-0.0,0.26,0.63,0.16,1.53,0.26,-0.28,22.18
0.02,0.25,0.63,0.24,1.45,0.22,1.92,21.37
0.07,0.27,0.65,0.29,1.36,0.19,5.38,22.54
0.09,0.3,0.65,0.39,1.24,0.14,7.19,24.71
0.09,0.33,0.6,0.46,1.12,0.06,7.73,28.3
0.07,0.35,0.57,0.48,1.04,-0.03,5.97,31.09
0.01,0.36,0.55,0.46,0.98,-0.11,1.05,33.43
-0.04,0.38,0.57,0.41,0.97,-0.15,-3.2,33.78
-0.1,0.41,0.59,0.4,1.15,-0.32,-7.58,34.44
-0.14,0.43,0.59,0.22,1.0,-0.19,-10.56,35.37
-0.17,0.44,0.57,0.08,1.02,-0.2,-13.48,36.33
-0.19,0.44,0.58,-0.04,1.0,-0.21,-14.54,36.1
-0.19,0.44,0.6,-0.16,0.97,-0.22,-14.51,34.67
-0.21,0.44,0.62,-0.29,0.92,-0.23,-15.21,33.54
-0.23,0.42,0.65,-0.44,0.9,-0.23,-16.83,31.68
-0.24,0.41,0.66,-0.55,0.85,-0.23,-16.88,30.55
-0.21,0.4,0.67,-0.67,0.82,-0.22,-15.08,29.93
-0.15,0.37,0.69,-0.76,0.75,-0.24,-10.74,27.88
-0.1,0.32,0.7,-0.85,0.71,-0.27,-7.19,24.57
-0.05,0.27,0.76,-0.87,0.65,-0.32,-3.66,19.56
-0.03,0.23,0.81,-0.84,0.57,-0.38,-1.78,15.57
-0.01,0.19,0.86,-0.79,0.49,-0.41,-0.89,12.55
-0.0,0.15,0.9,-0.75,0.44,-0.43,-0.07,9.27
0.02,0.1,0.95,-0.67,0.36,-0.44,1.03,6.25
0.03,0.06,1.0,-0.52,0.28,-0.44,1.6,3.7
0.03,0.04,1.04,-0.41,0.23,-0.44,1.84,2.18
0.03,0.01,1.07,-0.27,0.18,-0.4,1.57,0.7
0.01,-0.0,1.08,-0.13,0.16,-0.36,0.74,-0.01
-0.02,0.01,1.08,0.01,0.15,-0.31,-1.21,0.32
-0.07,0.03,1.06,0.11,0.15,-0.23,-3.92,1.48
-0.11,0.05,1.02,0.15,0.16,-0.16,-5.99,2.79
-0.13,0.06,0.98,0.18,0.16,-0.08,-7.67,3.51
-0.15,0.06,0.96,0.18,0.18,-0.01,-9.02,3.47
-0.16,0.07,0.97,0.16,0.2,0.06,-9.56,4.05
-0.16,0.1,0.96,0.14,0.22,0.13,-9.56,5.8
-0.16,0.1,0.94,0.1,0.21,0.2,-9.59,6.25
-0.14,0.12,0.91,0.05,0.22,0.25,-8.66,7.3
-0.11,0.12,0.87,0.01,0.19,0.28,-6.88,7.64
-0.07,0.11,0.89,-0.03,0.22,0.28,-4.27,6.81
-0.03,0.1,0.91,-0.07,0.21,0.28,-1.62,6.11
0.01,0.09,0.93,-0.05,0.19,0.28,0.36,5.64
0.03,0.09,0.94,-0.03,0.17,0.27,1.72,5.23
0.06,0.08,0.94,-0.02,0.18,0.25,3.78,4.6
0.09,0.07,0.94,0.01,0.17,0.24,5.25,3.95
0.1,0.05,0.95,0.08,0.13,0.22,5.86,2.9
0.11,0.04,0.98,0.15,0.13,0.2,6.51,2.37
0.1,0.06,0.98,0.24,0.11,0.18,6.04,3.19
0.1,0.06,0.98,0.29,0.11,0.16,5.77,3.25
0.08,0.08,0.96,0.38,0.1,0.15,4.56,4.94
0.05,0.1,0.93,0.42,0.08,0.15,2.78,6.43
0.02,0.13,0.91,0.41,0.1,0.14,1.26,8.26
-0.01,0.15,0.88,0.4,0.1,0.13,-0.4,9.75
-0.02,0.17,0.86,0.38,0.07,0.13,-1.1,10.92
-0.02,0.17,0.85,0.33,0.06,0.13,-1.25,11.07
-0.03,0.17,0.84,0.26,0.09,0.1,-2.06,11.52
-0.03,0.17,0.84,0.19,0.08,0.09,-2.0,11.58
-0.04,0.17,0.82,0.13,0.1,0.07,-2.74,11.45
-0.06,0.15,0.82,0.05,0.11,0.06,-3.89,10.64
-0.07,0.15,0.83,-0.06,0.14,0.04,-4.45,10.19
-0.06,0.14,0.84,-0.15,0.17,0.05,-3.69,9.55
-0.03,0.11,0.86,-0.21,0.16,0.06,-2.29,7.02
-0.0,0.07,0.88,-0.26,0.18,0.05,-0.19,4.81
0.02,0.04,0.9,-0.27,0.23,0.01,1.08,2.55
0.02,0.02,0.93,-0.26,0.23,0.0,1.11,1.41
-0.01,0.01,0.96,-0.21,0.21,0.01,-0.88,0.7
-0.04,0.0,0.97,-0.2,0.21,0.03,-2.58,0.12
-0.06,-0.01,0.97,-0.15,0.2,0.05,-3.8,-0.71
-0.05,-0.02,0.97,-0.13,0.19,0.07,-2.94,-1.04
-0.04,-0.03,0.98,-0.08,0.14,0.11,-2.34,-1.47
-0.04,-0.02,0.99,-0.02,0.1,0.13,-2.21,-1.3
-0.03,-0.01,0.98,0.02,0.08,0.14,-2.03,-0.47
-0.04,0.0,0.97,0.07,0.04,0.16,-2.16,0.04
-0.04,0.02,0.96,0.09,-0.0,0.18,-2.48,1.41
-0.03,0.05,0.94,0.11,-0.09,0.18,-1.74,3.07
-0.01,0.06,0.91,0.1,-0.14,0.17,-0.67,4.06
0.01,0.08,0.88,0.07,-0.15,0.16,0.71,5.31
0.04,0.09,0.88,0.05,-0.17,0.12,2.32,5.53
0.04,0.09,0.88,0.02,-0.19,0.1,2.6,5.77
0.05,0.08,0.89,-0.02,-0.15,0.06,3.05,5.08
0.05,0.09,0.9,-0.06,-0.11,0.04,2.96,5.41
0.04,0.07,0.91,-0.09,-0.08,0.03,2.58,4.39
0.03,0.06,0.92,-0.13,-0.05,0.03,2.14,3.97
0.03,0.04,0.94,-0.16,-0.03,0.02,1.88,2.72
0.03,0.03,0.97,-0.2,0.04,0.03,1.57,1.62
0.02,0.01,1.0,-0.19,0.06,0.05,1.36,0.75
0.01,0.01,1.02,-0.16,0.07,0.07,0.79,0.39
-0.0,-0.0,1.02,-0.15,0.09,0.11,-0.05,-0.11
-0.0,-0.0,1.03,-0.12,0.1,0.12,-0.26,-0.24
-0.01,0.01,1.03,-0.11,0.08,0.15,-0.4,0.39
-0.01,0.01,1.03,-0.06,0.05,0.17,-0.56,0.35
-0.0,0.01,1.01,-0.03,0.03,0.21,-0.01,0.72
0.01,0.03,0.99,-0.01,0.05,0.22,0.75,1.79
0.02,0.04,0.97,0.01,0.02,0.24,1.1,2.19
0.04,0.04,0.96,0.04,0.01,0.23,2.4,2.47
0.06,0.06,0.94,0.05,0.01,0.21,3.51,3.87
0.07,0.07,0.93,0.05,0.01,0.19,4.28,4.2
0.07,0.07,0.91,0.06,0.03,0.16,4.57,4.28
0.06,0.08,0.89,0.07,0.02,0.13,4.13,5.2
0.04,0.08,0.89,0.05,0.03,0.09,2.28,5.24
0.01,0.08,0.9,0.02,0.07,0.07,0.54,5.36
-0.01,0.08,0.92,0.0,0.05,0.06,-0.41,4.99
-0.03,0.08,0.92,-0.02,0.04,0.05,-2.12,5.02
-0.05,0.08,0.93,-0.05,0.01,0.06,-2.92,5.07
-0.06,0.08,0.92,-0.07,0.0,0.07,-3.9,4.92
-0.06,0.07,0.94,-0.11,-0.02,0.09,-3.55,4.09
-0.05,0.07,0.95,-0.15,-0.03,0.11,-2.75,4.22
-0.02,0.07,0.96,-0.16,-0.04,0.14,-1.26,3.88
0.0,0.06,0.96,-0.17,-0.05,0.15,0.28,3.47
0.04,0.05,0.96,-0.19,-0.05,0.16,2.5,3.22
0.07,0.05,0.96,-0.18,-0.06,0.15,4.01,3.12
0.1,0.04,0.96,-0.17,-0.07,0.13,5.9,2.65
0.12,0.04,0.97,-0.14,-0.05,0.1,7.01,2.36
0.13,0.04,0.97,-0.15,-0.02,0.08,7.75,2.33
0.13,0.04,0.97,-0.12,-0.0,0.06,7.94,2.25
0.14,0.03,0.97,-0.07,0.02,0.04,7.94,1.8
0.12,0.03,0.98,-0.06,0.03,0.01,6.84,1.47
0.09,0.02,0.98,-0.02,0.06,-0.02,5.42,1.24
0.06,0.01,1.0,0.0,0.08,-0.04,3.48,0.76
0.04,0.01,1.02,0.04,0.06,-0.03,2.13,0.55
0.01,0.02,1.03,0.08,0.06,-0.02,0.81,1.13
-0.01,0.04,1.02,0.1,0.07,0.01,-0.67,2.13
-0.02,0.05,1.01,0.12,0.05,0.05,-1.36,3.1
-0.03,0.07,0.99,0.13,0.03,0.08,-1.54,4.18
-0.0,0.09,0.97,0.13,0.05,0.08,-0.24,5.19
0.01,0.1,0.95,0.1,0.05,0.09,0.61,6.0
0.02,0.11,0.92,0.09,0.06,0.06,1.07,6.74
0.02,0.12,0.91,0.08,0.05,0.05,1.22,7.26
0.03,0.12,0.91,0.06,0.05,0.02,1.96,7.39
0.04,0.1,0.92,0.02,0.07,-0.0,2.26,6.45
0.04,0.1,0.93,0.04,0.05,-0.02,2.47,6.31
0.03,0.1,0.93,0.03,0.04,-0.03,1.65,5.84
0.01,0.09,0.93,0.02,0.05,-0.05,0.9,5.6
0.0,0.08,0.94,0.01,0.06,-0.07,0.02,5.18
-0.01,0.08,0.93,-0.01,0.04,-0.06,-0.75,5.1
-0.01,0.08,0.92,-0.03,0.01,-0.06,-0.66,4.89
-0.01,0.08,0.92,-0.04,0.02,-0.05,-0.74,4.91
-0.0,0.07,0.92,-0.07,0.02,-0.06,-0.19,4.38
0.02,0.06,0.93,-0.1,0.03,-0.07,1.21,3.93
0.03,0.06,0.93,-0.1,0.03,-0.07,1.95,3.98
0.04,0.05,0.93,-0.1,0.06,-0.09,2.37,3.26
0.05,0.04,0.95,-0.12,0.08,-0.1,3.26,2.3
0.07,0.04,0.96,-0.11,0.08,-0.11,4.04,2.48
0.08,0.03,0.96,-0.1,0.07,-0.12,4.78,1.84
0.08,0.01,0.98,-0.06,0.08,-0.14,4.65,0.71
0.08,-0.0,1.0,-0.02,0.11,-0.16,4.42,-0.09
0.06,-0.01,1.02,0.02,0.11,-0.17,3.44,-0.53
0.05,-0.01,1.05,0.07,0.12,-0.16,2.52,-0.34
0.02,0.01,1.05,0.12,0.09,-0.13,1.22,0.29
0.0,0.02,1.04,0.17,0.08,-0.12,0.24,1.08
-0.02,0.03,1.01,0.18,0.06,-0.1,-0.94,1.59
-0.05,0.05,1.0,0.2,0.04,-0.08,-2.72,2.76
-0.06,0.06,1.0,0.19,0.03,-0.06,-3.49,3.43
-0.07,0.07,0.99,0.16,0.05,-0.02,-3.81,4.02
-0.07,0.09,0.98,0.14,0.04,0.0,-3.98,5.06
-0.08,0.09,0.95,0.09,0.04,0.02,-4.57,5.14
-0.08,0.09,0.94,0.04,0.07,0.03,-4.67,5.32
-0.08,0.09,0.93,0.01,0.06,0.06,-4.95,5.36
-0.07,0.07,0.94,-0.03,0.09,0.06,-4.17,4.37
-0.05,0.07,0.94,-0.05,0.08,0.07,-3.21,4.24
-0.05,0.06,0.94,-0.06,0.07,0.09,-3.03,3.44
-0.04,0.05,0.95,-0.1,0.08,0.09,-2.32,2.9
-0.01,0.04,0.95,-0.09,0.06,0.11,-0.55,2.43
0.02,0.03,0.94,-0.07,0.06,0.1,0.93,1.96
0.02,0.03,0.93,-0.05,0.05,0.1,1.45,1.77
0.03,0.03,0.94,-0.03,0.05,0.08,2.03,1.79
0.04,0.03,0.94,-0.03,0.05,0.07,2.26,1.73
0.04,0.03,0.94,0.02,0.03,0.07,2.35,2.06
0.05,0.04,0.95,0.07,0.01,0.07,3.03,2.47
0.05,0.05,0.93,0.08,0.03,0.06,2.97,3.16
0.03,0.06,0.91,0.09,0.03,0.05,2.17,3.94
0.03,0.07,0.9,0.12,0.01,0.04,1.96,4.65
0.02,0.08,0.89,0.11,0.01,0.01,1.0,5.22
0.01,0.09,0.88,0.07,0.03,-0.0,0.65,5.65
-0.0,0.1,0.89,0.09,0.0,-0.01,-0.2,6.32
-0.01,0.1,0.88,0.07,-0.03,-0.01,-0.48,6.52
-0.0,0.1,0.88,0.18,0.21,-0.27,-0.13,6.57
-0.01,0.11,0.87,0.03,-0.03,-0.02,-0.75,6.88
-0.01,0.11,0.89,0.01,-0.01,-0.01,-0.86,6.74
-0.01,0.1,0.89,0.02,-0.03,-0.02,-0.78,6.55
-0.01,0.1,0.9,0.02,-0.03,-0.01,-0.94,6.55
-0.01,0.11,0.9,0.02,-0.02,-0.02,-0.85,6.96
-0.03,0.11,0.9,0.01,-0.01,-0.01,-1.63,7.15
-0.04,0.12,0.88,0.02,-0.02,-0.01,-2.44,7.7
-0.05,0.12,0.87,0.02,-0.03,-0.0,-3.49,7.84
-0.08,0.13,0.87,0.02,-0.0,-0.0,-5.02,8.55
-0.08,0.14,0.87,0.02,-0.02,0.01,-5.16,9.13
-0.1,0.16,0.86,0.0,-0.02,0.02,-6.63,10.29
-0.12,0.18,0.86,-0.02,-0.06,0.03,-7.8,11.49
-0.14,0.2,0.84,-0.03,-0.07,0.04,-9.29,13.52
-0.14,0.22,0.82,-0.08,-0.1,0.06,-9.52,14.7
-0.12,0.21,0.8,-0.1,-0.16,0.06,-8.5,14.78
-0.1,0.21,0.8,-0.13,-0.22,0.06,-6.96,14.71
-0.06,0.21,0.8,-0.16,-0.23,0.03,-4.09,14.54
-0.02,0.2,0.78,-0.15,-0.27,0.0,-1.3,14.11
0.03,0.18,0.79,-0.1,-0.29,-0.05,1.9,12.56
0.06,0.15,0.79,-0.06,-0.31,-0.1,3.99,11.03
0.07,0.14,0.8,0.03,-0.34,-0.16,4.73,9.52
0.06,0.12,0.82,0.11,-0.35,-0.21,4.22,8.01
0.04,0.11,0.84,0.2,-0.36,-0.25,2.68,7.5
0.02,0.11,0.85,0.33,-0.37,-0.27,1.28,7.22
-0.01,0.1,0.86,0.44,-0.36,-0.28,-0.7,6.86
-0.04,0.1,0.86,0.55,-0.36,-0.27,-2.72,6.58
-0.05,0.1,0.86,0.67,-0.4,-0.25,-3.39,6.76
-0.06,0.1,0.87,0.81,-0.44,-0.24,-3.86,6.29
-0.06,0.09,0.87,0.94,-0.47,-0.22,-3.86,5.99
-0.06,0.1,0.87,1.11,-0.53,-0.19,-4.24,6.41
-0.08,0.12,0.85,1.26,-0.6,-0.17,-5.34,8.08
-0.11,0.14,0.82,1.39,-0.67,-0.14,-7.47,9.75
-0.14,0.18,0.78,1.5,-0.73,-0.13,-9.61,12.68
-0.17,0.22,0.74,1.59,-0.83,-0.11,-12.41,16.21
-0.22,0.28,0.7,1.62,-0.93,-0.1,-16.16,20.65
-0.27,0.34,0.66,1.61,-1.03,-0.1,-20.24,25.57
-0.33,0.39,0.61,1.55,-1.12,-0.09,-24.38,29.46
-0.37,0.44,0.56,1.42,-1.19,-0.06,-27.67,33.21
-0.4,0.48,0.52,1.27,-1.31,-0.02,-29.57,36.07
-0.42,0.52,0.49,1.09,-1.39,0.0,-30.57,38.55
-0.44,0.54,0.47,0.86,-1.47,0.04,-31.38,40.3
-0.44,0.55,0.45,0.62,-1.54,0.07,-31.72,41.28
-0.42,0.53,0.43,0.37,-1.62,0.09,-31.51,41.55
-0.38,0.49,0.43,0.21,-1.58,-0.03,-30.16,40.61
-0.34,0.44,0.45,-0.08,-1.72,0.14,-28.73,37.98
-0.3,0.38,0.49,-0.25,-1.77,0.17,-25.77,33.7
-0.25,0.32,0.53,-0.37,-1.85,0.19,-21.76,28.73
-0.21,0.26,0.57,-0.46,-1.95,0.24,-18.83,23.31
-0.13,0.21,0.6,-0.54,-2.01,0.25,-12.01,18.93
-0.09,0.18,0.61,-0.55,-2.11,0.28,-8.39,16.25
-0.03,0.14,0.63,-0.55,-2.2,0.28,-2.77,12.23
0.01,0.08,0.64,-0.54,-2.3,0.26,1.29,7.2
0.05,0.04,0.66,-0.5,-2.38,0.24,4.63,3.82
0.07,0.01,0.7,-0.46,-2.43,0.23,6.02,0.6
0.11,-0.02,0.74,-0.38,-2.52,0.25,8.42,-1.15
0.18,-0.03,0.77,-0.28,-2.58,0.25,13.02,-2.0
0.25,-0.04,0.78,-0.18,-2.63,0.21,17.99,-2.47
0.28,-0.05,0.78,-0.08,-2.69,0.15,20.06,-3.53
0.32,-0.07,0.76,0.01,-2.67,0.09,22.55,-4.9
0.29,-0.07,0.77,0.1,-2.65,0.03,20.72,-4.93
0.22,-0.06,0.8,0.17,-2.62,-0.02,15.23,-4.3
0.12,-0.02,0.82,0.22,-2.64,-0.02,8.34,-1.49
0.03,-0.02,0.81,0.25,-2.67,0.02,2.22,-1.12
-0.01,0.01,0.79,0.24,-2.68,0.09,-0.49,0.69
-0.04,0.01,0.78,0.2,-2.68,0.17,-3.18,0.78
-0.08,0.01,0.78,0.15,-2.67,0.27,-6.07,0.57
-0.1,0.0,0.78,0.1,-2.63,0.38,-7.39,0.18
-0.12,0.0,0.78,0.07,-2.6,0.52,-9.09,0.15
-0.15,0.0,0.77,0.02,-2.53,0.67,-10.84,0.35
-0.13,0.01,0.77,-0.01,-2.5,0.83,-9.41,0.73
-0.05,0.02,0.76,-0.04,-2.49,0.99,-3.63,1.36
0.08,0.01,0.75,-0.04,-2.52,1.08,6.26,0.53
0.22,-0.02,0.75,-0.03,-2.58,1.1,16.41,-1.51
0.36,-0.02,0.76,0.01,-2.62,1.05,25.33,-1.55
0.48,-0.01,0.78,0.05,-2.7,0.96,31.47,-0.76
0.55,0.02,0.8,0.14,-2.87,0.82,34.56,1.33
0.64,0.03,0.81,0.18,-2.98,0.64,38.59,1.45
0.69,0.01,0.79,0.22,-3.03,0.43,41.37,0.78
0.7,-0.0,0.8,0.25,-3.06,0.21,41.29,-0.23
0.67,-0.01,0.81,0.26,-3.08,-0.01,39.65,-0.47
0.58,0.0,0.82,0.26,-3.05,-0.18,35.26,0.07
0.45,-0.0,0.83,0.23,-3.01,-0.3,28.62,-0.07
0.34,0.0,0.81,0.19,-2.95,-0.33,22.35,0.3
0.24,0.01,0.8,0.12,-2.86,-0.32,16.62,0.88
0.15,0.02,0.78,0.04,-2.74,-0.24,11.16,1.4
0.08,0.02,0.76,-0.05,-2.6,-0.14,6.06,1.24
0.01,0.01,0.74,-0.14,-2.5,-0.01,1.14,1.15
-0.03,0.01,0.73,-0.24,-2.43,0.13,-2.04,0.8
-0.05,0.01,0.73,-0.3,-2.4,0.28,-3.68,0.77
-0.06,0.01,0.71,-0.36,-2.37,0.42,-4.87,0.92
-0.06,0.02,0.69,-0.42,-2.38,0.58,-4.68,1.71
-0.0,0.04,0.68,-0.52,-2.41,0.71,-0.39,2.96
0.12,0.03,0.7,-0.6,-2.52,0.82,9.41,2.66
0.26,-0.01,0.73,-0.69,-2.58,0.85,19.49,-0.4
0.39,-0.06,0.79,-0.75,-2.64,0.83,26.22,-3.77
0.51,-0.09,0.87,-0.8,-2.68,0.74,30.04,-5.32
0.58,-0.13,0.97,-0.79,-2.68,0.61,30.51,-6.32
0.62,-0.15,1.05,-0.78,-2.65,0.46,30.13,-7.09
0.6,-0.16,1.11,-0.74,-2.63,0.31,28.14,-7.41
0.6,-0.19,1.15,-0.68,-2.61,0.17,27.17,-8.16
0.56,-0.21,1.17,-0.63,-2.55,0.03,25.45,-9.09
0.47,-0.21,1.17,-0.56,-2.52,-0.11,21.37,-9.28
0.36,-0.17,1.12,-0.5,-2.49,-0.18,17.7,-8.1
0.25,-0.14,1.08,-0.47,-2.48,-0.21,13.08,-7.23
0.17,-0.13,1.05,-0.46,-2.48,-0.19,9.21,-7.02
0.11,-0.13,1.01,-0.47,-2.45,-0.15,5.93,-7.03
0.05,-0.11,0.98,-0.5,-2.4,-0.07,3.16,-6.68
0.01,-0.09,0.93,-0.51,-2.37,0.03,0.35,-5.79
-0.03,-0.08,0.91,-0.56,-2.32,0.15,-1.65,-4.76
-0.04,-0.07,0.89,-0.62,-2.27,0.26,-2.5,-4.55
-0.04,-0.07,0.86,-0.68,-2.25,0.4,-2.47,-4.63
-0.01,-0.08,0.87,-0.74,-2.2,0.5,-0.64,-5.54
0.01,-0.08,0.89,-0.78,-2.23,0.61,0.48,-5.41
0.05,-0.1,0.91,-0.82,-2.27,0.68,2.96,-5.98
0.12,-0.11,0.97,-0.85,-2.3,0.74,6.98,-6.5
0.2,-0.14,1.05,-0.85,-2.35,0.75,10.87,-7.52
0.3,-0.16,1.16,-0.83,-2.41,0.72,14.42,-7.8
0.39,-0.19,1.28,-0.76,-2.43,0.61,16.87,-8.24
0.45,-0.21,1.37,-0.7,-2.48,0.44,18.05,-8.27
0.47,-0.22,1.42,-0.6,-2.52,0.24,18.28,-8.23
0.44,-0.19,1.42,-0.49,-2.54,0.05,17.06,-7.26
0.38,-0.17,1.41,-0.41,-2.54,-0.13,15.02,-6.76
0.29,-0.15,1.37,-0.34,-2.53,-0.26,11.94,-6.07
0.21,-0.12,1.32,-0.3,-2.53,-0.33,9.07,-5.12
0.13,-0.09,1.28,-0.28,-2.52,-0.36,5.71,-4.15
0.06,-0.08,1.24,-0.29,-2.47,-0.35,2.72,-3.66
0.01,-0.07,1.19,-0.31,-2.41,-0.29,0.58,-3.19
-0.02,-0.06,1.15,-0.35,-2.32,-0.2,-1.2,-3.03
-0.05,-0.05,1.13,-0.36,-2.25,-0.11,-2.47,-2.76
-0.07,-0.05,1.09,-0.37,-2.17,-0.01,-3.42,-2.65
-0.08,-0.04,1.07,-0.4,-2.1,0.09,-4.15,-2.39
-0.06,-0.03,1.03,-0.43,-2.03,0.19,-3.49,-1.68
-0.04,-0.03,0.99,-0.46,-2.04,0.29,-2.49,-1.75
-0.03,-0.04,0.96,-0.5,-2.05,0.36,-1.5,-2.1
-0.01,-0.04,0.95,-0.56,-2.07,0.43,-0.46,-2.24
0.01,-0.04,0.98,-0.6,-2.11,0.5,0.63,-2.46
0.05,-0.04,1.02,-0.62,-2.19,0.55,2.59,-2.47
0.1,-0.05,1.06,-0.63,-2.23,0.56,5.22,-2.92
0.17,-0.08,1.16,-0.67,-2.26,0.54,8.39,-3.84
0.25,-0.1,1.31,-0.67,-2.33,0.48,10.95,-4.44
0.31,-0.13,1.45,-0.65,-2.36,0.34,11.97,-4.98
0.32,-0.16,1.56,-0.58,-2.38,0.14,11.42,-5.62
0.28,-0.16,1.61,-0.52,-2.34,-0.06,9.78,-5.68
0.21,-0.14,1.57,-0.48,-2.31,-0.23,7.75,-4.93
0.14,-0.11,1.51,-0.45,-2.26,-0.34,5.28,-4.0
0.05,-0.08,1.45,-0.44,-2.19,-0.4,1.89,-3.26
-0.04,-0.07,1.41,-0.45,-2.06,-0.41,-1.82,-2.7
-0.12,-0.05,1.37,-0.45,-1.98,-0.35,-5.03,-2.25
-0.18,-0.05,1.35,-0.41,-1.87,-0.27,-7.44,-2.12
-0.2,-0.05,1.33,-0.39,-1.78,-0.2,-8.47,-2.16
-0.2,-0.06,1.31,-0.36,-1.68,-0.11,-8.76,-2.72
-0.19,-0.06,1.29,-0.33,-1.61,-0.04,-8.52,-2.79
-0.18,-0.07,1.27,-0.28,-1.57,0.02,-8.12,-3.06
-0.16,-0.06,1.24,-0.24,-1.52,0.07,-7.52,-2.82
-0.14,-0.06,1.19,-0.2,-1.45,0.1,-6.53,-2.9
-0.13,-0.06,1.14,-0.19,-1.44,0.14,-6.38,-2.97
-0.13,-0.05,1.1,-0.17,-1.44,0.17,-6.75,-2.49
-0.13,-0.04,1.06,-0.15,-1.47,0.22,-7.23,-2.09
-0.14,-0.02,1.09,-0.13,-1.52,0.26,-7.18,-1.3
-0.13,-0.03,1.12,-0.09,-1.61,0.3,-6.54,-1.31
-0.11,-0.05,1.18,-0.03,-1.67,0.29,-5.09,-2.17
-0.09,-0.04,1.22,0.05,-1.76,0.27,-3.98,-1.68
-0.09,-0.04,1.23,0.11,-1.8,0.23,-4.27,-1.69
-0.1,-0.02,1.24,0.17,-1.87,0.21,-4.52,-0.78
-0.11,0.01,1.26,0.26,-1.93,0.2,-4.87,0.25
-0.11,0.01,1.26,0.32,-1.93,0.2,-4.85,0.66
-0.08,0.01,1.27,0.36,-1.9,0.2,-3.81,0.49
-0.07,0.01,1.28,0.37,-1.87,0.21,-3.12,0.61
-0.04,0.01,1.3,0.39,-1.83,0.2,-1.73,0.49
-0.02,0.01,1.31,0.39,-1.76,0.18,-0.67,0.4
-0.01,0.02,1.31,0.38,-1.7,0.17,-0.25,0.95
0.01,0.02,1.3,0.35,-1.62,0.14,0.23,1.02
0.01,0.03,1.29,0.32,-1.56,0.12,0.35,1.24
0.01,0.03,1.33,0.29,-1.55,0.09,0.61,1.37
-0.0,0.03,1.44,0.29,-1.52,0.03,-0.04,1.26
-0.05,0.03,1.52,0.34,-1.52,-0.05,-1.7,1.1
-0.09,0.03,1.55,0.42,-1.49,-0.18,-3.19,1.09
-0.1,0.05,1.53,0.54,-1.51,-0.26,-3.71,1.69
-0.11,0.06,1.5,0.62,-1.52,-0.36,-4.24,2.26
-0.12,0.07,1.44,0.7,-1.53,-0.44,-4.69,2.88
-0.11,0.09,1.35,0.76,-1.5,-0.49,-4.62,3.78
-0.1,0.11,1.26,0.76,-1.47,-0.5,-4.36,4.84
-0.09,0.13,1.2,0.71,-1.44,-0.49,-4.21,6.02
-0.07,0.13,1.14,0.64,-1.39,-0.46,-3.64,6.74
-0.06,0.14,1.09,0.55,-1.35,-0.41,-3.28,7.15
-0.05,0.14,1.05,0.44,-1.32,-0.35,-2.9,7.37
-0.07,0.14,1.04,0.32,-1.26,-0.3,-3.89,7.46
-0.07,0.13,1.03,0.2,-1.23,-0.23,-3.71,7.19
-0.07,0.12,1.02,0.09,-1.2,-0.17,-4.16,6.75
-0.09,0.11,1.02,-0.03,-1.16,-0.12,-4.99,5.96
-0.11,0.1,1.02,-0.13,-1.13,-0.06,-6.38,5.71
-0.14,0.09,1.03,-0.22,-1.1,-0.0,-7.93,5.0
-0.19,0.08,1.07,-0.26,-1.1,0.07,-10.04,4.16
-0.22,0.07,1.11,-0.29,-1.1,0.13,-11.26,3.41
-0.25,0.05,1.14,-0.28,-1.09,0.15,-12.38,2.44
-0.27,0.03,1.18,-0.26,-1.09,0.17,-12.86,1.52
-0.28,0.02,1.21,-0.21,-1.11,0.18,-13.14,0.98
-0.29,0.01,1.24,-0.15,-1.15,0.18,-13.2,0.47
-0.29,-0.0,1.27,-0.07,-1.17,0.16,-12.63,-0.14
-0.3,0.0,1.28,0.01,-1.19,0.14,-13.28,0.08
-0.3,0.0,1.26,0.09,-1.21,0.11,-13.31,0.11
-0.29,0.01,1.22,0.16,-1.22,0.1,-13.33,0.44
-0.27,0.01,1.19,0.21,-1.2,0.08,-12.69,0.66
-0.25,0.02,1.15,0.22,-1.19,0.08,-12.37,1.0
-0.24,0.02,1.11,0.23,-1.19,0.1,-11.96,1.24
-0.23,0.03,1.09,0.22,-1.18,0.11,-11.68,1.68
-0.22,0.03,1.08,0.21,-1.15,0.13,-11.75,1.66
-0.22,0.03,1.08,0.19,-1.11,0.16,-11.69,1.54
-0.22,0.02,1.06,0.16,-1.09,0.2,-11.52,1.3
-0.23,0.02,1.07,0.14,-1.08,0.24,-12.1,1.22
-0.22,0.02,1.07,0.11,-1.05,0.27,-11.6,0.92
-0.23,0.02,1.1,0.09,-1.02,0.29,-11.66,1.03
-0.23,0.02,1.13,0.08,-0.99,0.31,-11.35,0.77
-0.23,0.01,1.17,0.08,-0.96,0.31,-10.93,0.54
-0.21,-0.0,1.2,0.08,-0.91,0.3,-10.07,-0.21
-0.23,-0.0,1.23,0.07,-0.84,0.28,-10.38,-0.15
-0.22,-0.01,1.27,0.1,-0.81,0.26,-9.83,-0.29
-0.24,0.01,1.28,0.11,-0.74,0.2,-10.79,0.64
-0.28,0.02,1.28,0.15,-0.72,0.16,-12.33,1.08
-0.3,0.05,1.27,0.2,-0.66,0.14,-13.38,2.06
-0.3,0.06,1.26,0.25,-0.61,0.11,-13.32,2.59
-0.28,0.08,1.24,0.28,-0.56,0.11,-12.6,3.43
-0.25,0.09,1.24,0.3,-0.51,0.11,-11.38,4.26
-0.21,0.1,1.24,0.32,-0.45,0.12,-9.67,4.64
-0.17,0.1,1.24,0.3,-0.4,0.12,-7.88,4.73
-0.12,0.1,1.23,0.27,-0.34,0.1,-5.55,4.43
-0.09,0.09,1.23,0.21,-0.27,0.07,-4.17,4.17
-0.06,0.09,1.21,0.14,-0.2,0.04,-2.84,4.17
-0.06,0.08,1.2,0.06,-0.13,0.02,-2.74,3.99
-0.08,0.08,1.18,-0.01,-0.08,-0.0,-4.03,3.85
-0.13,0.07,1.19,-0.06,-0.04,-0.03,-6.09,3.47
-0.17,0.06,1.18,-0.07,-0.01,-0.04,-8.27,3.07
-0.21,0.06,1.17,-0.07,0.03,-0.04,-10.08,2.82
-0.24,0.04,1.16,-0.04,0.05,-0.04,-11.82,2.06
-0.26,0.03,1.14,-0.0,0.05,-0.02,-12.78,1.55
-0.28,0.02,1.13,0.03,0.08,-0.01,-14.04,1.2
-0.3,0.02,1.13,0.1,0.09,0.03,-14.82,1.12
-0.31,0.03,1.14,0.18,0.1,0.05,-15.06,1.31
-0.28,0.02,1.15,0.27,0.11,0.09,-13.71,0.96
-0.24,0.02,1.15,0.33,0.15,0.1,-11.87,0.91
-0.2,0.01,1.14,0.4,0.16,0.12,-9.86,0.65
-0.15,0.01,1.12,0.43,0.2,0.11,-7.38,0.62
-0.1,0.01,1.11,0.45,0.21,0.09,-5.14,0.65
-0.06,0.02,1.09,0.44,0.24,0.09,-3.28,0.91
-0.04,0.02,1.09,0.43,0.25,0.09,-1.97,1.15
-0.02,0.02,1.1,0.42,0.23,0.08,-1.2,1.18
0.0,0.03,1.1,0.42,0.23,0.06,0.13,1.44
0.01,0.02,1.09,0.4,0.25,0.02,0.59,1.29
0.03,0.02,1.09,0.38,0.24,0.0,1.56,1.21
0.04,0.03,1.06,0.37,0.24,-0.02,2.17,1.52
0.04,0.03,1.05,0.34,0.24,-0.02,2.11,1.51
0.04,0.03,1.04,0.32,0.22,-0.03,2.2,1.61
0.04,0.03,1.04,0.3,0.22,-0.03,2.45,1.86
0.07,0.03,1.03,0.26,0.23,-0.02,3.62,1.9
0.07,0.03,1.05,0.23,0.2,-0.02,3.85,1.55
0.09,0.01,1.06,0.19,0.21,-0.05,4.77,0.72
0.09,0.01,1.05,0.15,0.24,-0.07,5.14,0.73
0.08,0.0,1.04,0.11,0.25,-0.09,4.51,0.03
0.07,-0.0,1.02,0.09,0.26,-0.12,4.03,-0.17
0.06,-0.01,0.98,0.06,0.28,-0.13,3.36,-0.38
0.03,-0.01,0.96,0.05,0.26,-0.1,1.91,-0.43
0.01,-0.0,0.94,0.03,0.26,-0.06,0.69,-0.15
-0.0,-0.0,0.95,0.05,0.23,-0.02,-0.15,-0.24
-0.01,0.0,0.98,0.06,0.23,0.01,-0.39,0.07
0.0,-0.0,0.99,0.08,0.22,0.03,0.23,-0.25
0.01,0.0,1.01,0.1,0.21,0.05,0.84,0.01
0.05,0.0,1.0,0.12,0.18,0.05,2.59,0.08
0.06,0.01,1.01,0.13,0.17,0.04,3.58,0.54
0.08,0.01,1.01,0.09,0.18,0.04,4.27,0.84
0.08,0.02,1.01,0.09,0.16,0.05,4.46,1.38
0.08,0.03,1.01,0.09,0.14,0.04,4.73,1.55
0.09,0.03,1.01,0.08,0.12,0.04,4.96,1.57
0.08,0.02,1.01,0.07,0.13,0.04,4.43,1.37
0.08,0.03,1.02,0.03,0.12,0.04,4.64,1.49
0.08,0.02,1.01,0.02,0.09,0.04,4.54,1.33
0.08,0.03,1.01,0.02,0.1,0.03,4.29,1.48
0.07,0.04,1.02,0.01,0.12,0.03,4.19,2.02
0.07,0.04,1.04,-0.0,0.1,0.04,4.11,2.11
0.08,0.03,1.05,0.0,0.07,0.04,4.25,1.85
0.09,0.03,1.06,-0.01,0.08,0.01,4.62,1.76
0.08,0.03,1.05,-0.02,0.07,-0.01,4.56,1.73
0.08,0.03,1.03,-0.03,0.09,-0.03,4.44,1.83
0.08,0.04,1.03,-0.04,0.08,-0.04,4.35,2.17
0.07,0.04,1.02,-0.05,0.07,-0.04,3.83,1.98
0.07,0.03,1.01,-0.06,0.08,-0.04,3.69,1.69
0.05,0.03,1.01,-0.08,0.07,-0.04,2.97,1.57
0.04,0.02,1.0,-0.07,0.05,-0.04,2.13,1.12
0.03,0.01,0.99,-0.06,0.05,-0.04,1.92,0.78
0.02,0.01,0.98,-0.07,0.06,-0.02,1.44,0.7
0.02,0.01,0.97,-0.06,0.04,-0.01,1.17,0.57
0.01,0.01,0.97,-0.05,0.01,0.03,0.84,0.71
0.01,0.01,0.98,-0.02,-0.04,0.04,0.63,0.81
0.01,0.02,0.98,-0.01,-0.05,0.05,0.41,0.98
0.0,0.02,0.98,0.01,-0.09,0.06,0.03,1.23
0.01,0.03,0.99,0.02,-0.12,0.08,0.4,1.65
0.0,0.04,0.99,0.05,-0.13,0.08,0.27,2.29
0.01,0.05,1.01,0.02,-0.13,0.11,0.82,2.59
0.04,0.05,1.02,0.01,-0.12,0.13,1.97,2.72
0.04,0.04,1.04,0.02,-0.13,0.12,2.35,2.45
0.06,0.05,1.05,-0.01,-0.13,0.12,3.08,2.63
0.06,0.05,1.06,-0.02,-0.11,0.11,3.04,2.63
0.06,0.05,1.06,-0.06,-0.09,0.1,3.5,2.7
0.05,0.05,1.06,-0.07,-0.09,0.09,2.54,2.55
0.04,0.05,1.08,-0.09,-0.1,0.08,1.92,2.47
0.03,0.04,1.1,-0.09,-0.1,0.05,1.7,2.26
0.02,0.04,1.11,-0.09,-0.1,0.02,0.78,2.14
-0.0,0.04,1.1,-0.06,-0.12,-0.01,-0.0,1.93
-0.02,0.04,1.08,-0.05,-0.14,-0.02,-0.99,2.29
-0.03,0.06,1.05,-0.04,-0.13,-0.02,-1.46,3.06
-0.03,0.06,1.05,-0.03,-0.15,-0.01,-1.84,3.42
-0.04,0.06,1.05,-0.03,-0.14,0.01,-2.06,3.31
-0.02,0.05,1.04,-0.03,-0.15,0.02,-1.1,2.86
-0.02,0.05,1.04,-0.06,-0.13,0.02,-1.22,2.84
-0.01,0.06,1.05,-0.06,-0.11,0.04,-0.71,3.09
-0.0,0.05,1.05,-0.06,-0.12,0.03,-0.04,2.69
-0.01,0.04,1.06,-0.06,-0.11,0.03,-0.74,2.37
-0.02,0.05,1.06,-0.08,-0.09,0.02,-1.14,2.83
-0.03,0.05,1.05,-0.09,-0.1,0.04,-1.61,2.75
-0.02,0.06,1.04,-0.08,-0.11,0.04,-1.31,3.04
-0.03,0.05,1.03,-0.08,-0.11,0.05,-1.62,2.8
-0.03,0.06,1.04,-0.09,-0.13,0.07,-1.82,3.17
-0.05,0.06,1.06,-0.1,-0.12,0.07,-2.72,3.09
-0.05,0.05,1.07,-0.1,-0.13,0.07,-2.93,2.85
-0.06,0.05,1.09,-0.07,-0.15,0.08,-3.31,2.87
-0.07,0.05,1.09,-0.06,-0.13,0.07,-3.44,2.83
-0.07,0.06,1.1,-0.04,-0.13,0.07,-3.46,2.99
-0.06,0.06,1.1,-0.01,-0.13,0.06,-3.35,3.15
-0.05,0.06,1.11,0.0,-0.14,0.06,-2.53,3.12
-0.03,0.06,1.12,0.0,-0.11,0.04,-1.71,3.08
-0.03,0.06,1.12,0.01,-0.12,0.03,-1.43,2.9
-0.01,0.06,1.12,0.0,-0.11,0.0,-0.62,2.84
-0.01,0.06,1.1,0.01,-0.12,-0.0,-0.61,3.07
-0.01,0.06,1.09,-0.01,-0.09,-0.03,-0.62,3.26
-0.02,0.06,1.08,-0.03,-0.1,-0.04,-1.15,3.26
-0.03,0.06,1.08,-0.03,-0.11,-0.04,-1.62,3.15
-0.03,0.05,1.07,-0.03,-0.1,-0.05,-1.82,2.62
-0.04,0.04,1.07,-0.03,-0.1,-0.06,-2.38,2.38
-0.06,0.03,1.06,-0.04,-0.08,-0.05,-3.33,1.72
-0.08,0.03,1.05,-0.04,-0.08,-0.05,-4.08,1.7
-0.09,0.02,1.04,-0.03,-0.08,-0.04,-4.95,1.06
-0.1,0.01,1.03,-0.0,-0.07,-0.02,-5.77,0.82
-0.1,0.01,1.02,0.02,-0.06,0.0,-5.79,0.79
-0.11,0.02,1.02,0.05,-0.07,0.02,-5.99,1.04
-0.09,0.02,1.0,0.13,0.05,-0.1,-5.02,0.96
-0.08,0.02,1.0,0.08,-0.09,0.07,-4.53,1.19
-0.07,0.02,1.02,0.1,-0.09,0.1,-3.85,1.22
-0.06,0.02,1.04,0.12,-0.12,0.12,-3.07,1.27
-0.04,0.02,1.06,0.15,-0.15,0.13,-2.06,1.02
-0.02,0.02,1.07,0.15,-0.15,0.11,-1.12,1.09
-0.01,0.03,1.07,0.16,-0.17,0.11,-0.57,1.58
-0.01,0.04,1.07,0.14,-0.16,0.1,-0.56,2.04
-0.01,0.05,1.08,0.13,-0.18,0.09,-0.45,2.58
-0.01,0.05,1.09,0.12,-0.17,0.09,-0.31,2.75
0.01,0.05,1.1,0.11,-0.14,0.08,0.51,2.66
0.01,0.05,1.1,0.08,-0.13,0.07,0.74,2.63
0.01,0.05,1.11,0.06,-0.12,0.06,0.6,2.52
0.02,0.05,1.1,0.03,-0.11,0.04,0.84,2.43
0.01,0.04,1.09,0.01,-0.08,0.02,0.42,2.09
0.0,0.04,1.08,-0.02,-0.06,0.02,0.13,1.96
-0.01,0.03,1.06,-0.02,-0.05,0.01,-0.76,1.72
-0.05,0.02,1.06,-0.03,-0.05,0.01,-2.89,1.18
-0.07,0.02,1.05,-0.02,-0.04,0.01,-3.56,1.15
-0.06,0.03,1.03,-0.01,-0.05,0.05,-3.22,1.77
-0.06,0.03,1.04,0.01,-0.05,0.06,-3.57,1.45
-0.06,0.02,1.06,0.02,-0.05,0.07,-3.36,0.83
-0.05,0.02,1.06,0.03,-0.04,0.07,-2.91,1.19
-0.05,0.02,1.07,0.06,-0.04,0.08,-2.66,1.03
-0.04,0.03,1.07,0.08,-0.05,0.09,-2.01,1.36
-0.03,0.04,1.07,0.09,-0.06,0.09,-1.68,1.91
-0.02,0.04,1.07,0.08,-0.05,0.09,-0.84,2.05
-0.01,0.04,1.08,0.09,-0.06,0.08,-0.33,2.15
0.0,0.04,1.07,0.1,-0.06,0.08,0.25,2.23
0.0,0.05,1.08,0.1,-0.07,0.08,0.17,2.78
0.02,0.05,1.08,0.07,-0.05,0.06,0.8,2.63
0.02,0.05,1.08,0.05,-0.05,0.06,1.15,2.9
0.02,0.05,1.08,0.05,-0.05,0.05,1.07,2.74
0.02,0.05,1.07,0.03,-0.06,0.05,1.25,2.84
0.0,0.04,1.07,0.0,-0.03,0.03,0.21,2.38
-0.01,0.05,1.07,0.02,-0.04,0.03,-0.31,2.48
-0.02,0.05,1.06,0.01,-0.06,0.02,-0.87,2.52
-0.02,0.05,1.06,0.01,-0.06,0.03,-1.21,2.59
-0.03,0.05,1.06,0.03,-0.08,0.03,-1.49,2.66
-0.03,0.05,1.06,0.02,-0.08,0.04,-1.6,2.68
-0.03,0.05,1.07,0.03,-0.09,0.06,-1.56,2.86
-0.03,0.05,1.07,0.01,-0.09,0.06,-1.46,2.62
-0.02,0.04,1.09,0.01,-0.06,0.06,-0.88,2.34
-0.02,0.04,1.09,-0.01,-0.05,0.06,-0.95,2.33
-0.02,0.04,1.1,-0.03,-0.06,0.04,-1.24,2.3
-0.03,0.04,1.1,-0.03,-0.06,0.04,-1.55,2.29
-0.05,0.04,1.11,-0.06,-0.02,0.04,-2.33,2.31
-0.06,0.04,1.11,-0.06,-0.03,0.03,-2.92,2.31
-0.07,0.04,1.12,-0.07,-0.0,0.02,-3.57,2.08
-0.08,0.04,1.13,-0.07,-0.01,0.02,-4.2,2.21
-0.1,0.04,1.13,-0.08,0.01,0.01,-5.06,2.25
-0.1,0.04,1.14,-0.11,0.03,0.01,-5.23,2.24
-0.11,0.05,1.14,-0.1,0.02,-0.01,-5.4,2.31
-0.11,0.05,1.14,-0.09,0.02,-0.0,-5.69,2.34
-0.13,0.05,1.14,-0.11,0.04,-0.01,-6.51,2.75
-0.13,0.06,1.13,-0.13,0.06,0.0,-6.71,2.8
-0.14,0.06,1.12,-0.14,0.07,0.01,-7.13,3.19
-0.17,0.06,1.12,-0.16,0.09,0.01,-8.46,3.18
-0.19,0.07,1.13,-0.16,0.11,0.02,-9.41,3.31
-0.21,0.07,1.13,-0.17,0.14,0.03,-10.6,3.65
-0.23,0.07,1.14,-0.15,0.14,0.04,-11.57,3.66
-0.25,0.07,1.15,-0.11,0.14,0.04,-12.39,3.61
-0.27,0.07,1.16,-0.09,0.17,0.05,-13.09,3.39
-0.3,0.07,1.19,-0.05,0.2,0.05,-14.21,3.33
-0.33,0.08,1.21,0.03,0.19,0.06,-15.07,3.44
-0.34,0.09,1.23,0.13,0.18,0.07,-15.65,4.0
-0.33,0.1,1.23,0.2,0.21,0.08,-14.92,4.66
-0.3,0.12,1.24,0.31,0.19,0.11,-13.35,5.58
-0.23,0.14,1.26,0.35,0.2,0.11,-10.29,6.37
-0.17,0.15,1.28,0.39,0.18,0.09,-7.52,6.65
-0.11,0.16,1.28,0.4,0.18,0.07,-4.75,7.02
-0.07,0.17,1.31,0.37,0.19,0.02,-2.85,7.34
-0.03,0.18,1.32,0.3,0.17,-0.01,-1.13,7.85
-0.01,0.18,1.34,0.24,0.14,-0.07,-0.49,7.64
-0.0,0.2,1.34,0.14,0.14,-0.13,-0.09,8.54
0.0,0.2,1.35,-0.01,0.17,-0.19,0.13,8.65
-0.02,0.22,1.35,-0.23,0.03,-0.07,-0.83,9.07
-0.05,0.21,1.37,-0.28,0.24,-0.23,-2.09,8.67
-0.08,0.21,1.41,-0.41,0.33,-0.28,-3.23,8.5
-0.12,0.21,1.45,-0.53,0.45,-0.3,-4.83,8.15
-0.16,0.18,1.5,-0.63,0.56,-0.31,-6.24,6.94
-0.21,0.17,1.54,-0.7,0.68,-0.34,-7.7,6.34
-0.25,0.16,1.58,-0.75,0.83,-0.37,-9.04,5.59
-0.28,0.13,1.61,-0.8,1.0,-0.4,-9.89,4.63
-0.32,0.11,1.64,-0.79,1.15,-0.44,-10.85,3.68
-0.34,0.09,1.65,-0.73,1.3,-0.49,-11.64,2.92
-0.36,0.07,1.64,-0.71,1.45,-0.52,-12.24,2.48
-0.36,0.06,1.62,-0.65,1.59,-0.57,-12.7,1.93
-0.37,0.05,1.59,-0.61,1.72,-0.59,-12.91,1.79
-0.37,0.04,1.57,-0.5,1.83,-0.59,-13.23,1.5
-0.35,0.05,1.55,-0.43,1.94,-0.59,-12.62,1.67
-0.32,0.04,1.53,-0.38,2.06,-0.6,-11.9,1.49
-0.29,0.04,1.51,-0.34,2.14,-0.59,-10.76,1.39
-0.25,0.05,1.48,-0.26,2.19,-0.6,-9.6,1.75
-0.23,0.05,1.48,-0.23,2.23,-0.59,-8.72,1.85
-0.18,0.04,1.48,-0.2,2.3,-0.59,-7.12,1.72
-0.14,0.03,1.48,-0.17,2.32,-0.61,-5.21,1.13
-0.08,0.02,1.47,-0.17,2.37,-0.63,-3.01,0.78
-0.05,0.01,1.46,-0.19,2.41,-0.67,-1.77,0.23
-0.02,0.0,1.44,-0.23,2.5,-0.69,-0.66,0.14
0.01,0.0,1.41,-0.28,2.57,-0.7,0.42,0.1
0.03,-0.0,1.39,-0.33,2.64,-0.71,1.06,-0.18
0.04,-0.02,1.37,-0.42,2.71,-0.7,1.84,-0.64
0.06,-0.03,1.38,-0.51,2.83,-0.71,2.63,-1.2
0.08,-0.05,1.39,-0.56,2.91,-0.69,3.12,-1.97
0.08,-0.07,1.41,-0.61,3.02,-0.69,3.21,-2.87
0.08,-0.09,1.42,-0.67,3.14,-0.73,3.29,-3.79
0.07,-0.12,1.41,-0.7,3.25,-0.74,2.66,-4.84
0.04,-0.13,1.39,-0.7,3.33,-0.76,1.71,-5.31
0.01,-0.13,1.35,-0.66,3.38,-0.75,0.5,-5.45
-0.02,-0.14,1.32,-0.64,3.43,-0.71,-0.71,-6.24
-0.04,-0.15,1.28,-0.59,3.51,-0.68,-1.55,-6.67
-0.05,-0.16,1.24,-0.55,3.54,-0.64,-2.22,-7.28
-0.06,-0.17,1.21,-0.46,3.52,-0.58,-3.01,-7.78
-0.07,-0.17,1.18,-0.37,3.5,-0.53,-3.53,-7.97
-0.06,-0.16,1.15,-0.28,3.48,-0.45,-3.13,-7.83
-0.04,-0.16,1.11,-0.18,3.43,-0.37,-1.84,-8.31
0.01,-0.15,1.07,-0.14,3.4,-0.31,0.4,-8.14
0.06,-0.14,1.05,-0.08,3.3,-0.24,3.39,-7.39
0.12,-0.12,1.04,-0.07,3.26,-0.19,6.73,-6.57
0.19,-0.12,1.04,-0.08,3.2,-0.16,10.38,-6.49
0.27,-0.12,1.03,-0.11,3.16,-0.17,14.48,-6.51
0.32,-0.11,1.04,-0.16,3.12,-0.19,16.83,-5.83
0.38,-0.11,1.06,-0.26,3.13,-0.22,19.54,-5.32
0.39,-0.1,1.09,-0.36,3.15,-0.26,19.84,-5.04
0.4,-0.12,1.11,-0.41,3.46,-0.45,19.87,-5.91
0.39,-0.14,1.14,-0.54,3.2,-0.35,18.71,-6.78
0.35,-0.14,1.16,-0.58,3.23,-0.4,16.68,-6.68
0.32,-0.14,1.16,-0.63,3.29,-0.43,15.22,-6.77
0.29,-0.14,1.16,-0.65,3.34,-0.42,13.96,-6.68
0.26,-0.15,1.15,-0.68,3.37,-0.41,12.68,-7.13
0.25,-0.16,1.15,-0.68,3.4,-0.39,12.13,-7.53
0.24,-0.17,1.17,-0.71,3.46,-0.35,11.55,-8.02
0.23,-0.18,1.18,-0.68,3.49,-0.32,11.04,-8.68
0.22,-0.19,1.17,-0.64,3.49,-0.28,10.67,-8.94
0.21,-0.2,1.17,-0.56,3.52,-0.25,10.17,-9.45
0.21,-0.2,1.17,-0.51,3.57,-0.21,9.99,-9.78
0.21,-0.21,1.17,-0.42,3.59,-0.17,9.98,-10.18
0.22,-0.22,1.16,-0.33,3.59,-0.13,10.5,-10.47
0.23,-0.22,1.15,-0.22,3.59,-0.1,11.15,-10.54
0.26,-0.22,1.15,-0.11,3.56,-0.08,12.74,-10.45
0.3,-0.22,1.15,0.02,3.49,-0.07,14.56,-10.69
0.34,-0.23,1.13,0.14,3.43,-0.08,16.47,-11.1
0.36,-0.22,1.09,0.25,3.39,-0.1,17.75,-10.64
0.36,-0.19,1.04,0.31,3.35,-0.13,18.79,-9.9
0.36,-0.17,1.0,0.38,3.3,-0.14,19.49,-9.2
0.36,-0.15,0.97,0.42,3.27,-0.14,20.32,-8.11
0.38,-0.13,0.95,0.44,3.23,-0.15,21.44,-7.14
0.42,-0.12,0.93,0.44,3.2,-0.17,24.26,-6.71
0.47,-0.11,0.91,0.43,3.2,-0.18,27.28,-6.37
0.51,-0.11,0.9,0.4,3.21,-0.22,29.2,-5.97
0.52,-0.1,0.88,0.35,3.23,-0.29,30.62,-5.38
0.51,-0.1,0.87,0.3,3.24,-0.35,30.34,-5.47
0.46,-0.09,0.85,0.22,3.3,-0.39,28.6,-5.11
0.4,-0.07,0.83,0.16,3.33,-0.41,25.36,-4.28
0.32,-0.05,0.83,0.09,3.36,-0.4,21.0,-3.32
0.27,-0.06,0.83,0.03,3.4,-0.35,18.04,-3.62
0.23,-0.07,0.84,-0.0,3.44,-0.3,15.03,-4.32
0.18,-0.07,0.86,-0.01,3.44,-0.23,11.64,-4.72
0.15,-0.08,0.88,0.01,3.44,-0.16,9.41,-4.79
0.12,-0.07,0.9,0.06,3.41,-0.08,7.61,-4.62
0.13,-0.07,0.91,0.11,3.36,0.0,8.21,-4.54
0.17,-0.08,0.9,0.2,3.25,0.07,10.38,-4.93
0.22,-0.08,0.88,0.26,3.16,0.1,13.75,-5.02
0.26,-0.08,0.84,0.31,3.12,0.12,17.21,-5.04
0.29,-0.07,0.82,0.34,3.07,0.12,19.38,-4.36
0.31,-0.06,0.82,0.38,3.05,0.09,20.69,-3.9
0.32,-0.05,0.81,0.4,3.04,0.07,21.66,-3.34
0.29,-0.03,0.78,0.42,3.06,0.03,20.23,-2.02
0.27,-0.01,0.77,0.45,3.05,0.02,19.61,-0.93
0.25,0.01,0.75,0.45,3.02,0.02,18.11,0.97
0.22,0.03,0.73,0.45,2.96,0.02,16.89,2.02
0.21,0.04,0.7,0.43,2.97,0.02,16.95,3.33
0.19,0.06,0.68,0.42,2.92,0.02,15.82,5.0
0.19,0.08,0.66,0.37,2.91,0.03,15.94,6.43
0.16,0.09,0.63,0.33,2.88,0.01,13.69,7.69
0.13,0.09,0.63,0.26,2.86,0.03,11.66,8.28
0.11,0.11,0.64,0.22,2.82,0.03,9.98,9.87
0.11,0.11,0.64,0.15,2.77,0.06,9.64,9.91
0.11,0.09,0.65,0.1,2.72,0.07,9.24,7.75
0.11,0.08,0.66,0.06,2.71,0.07,9.66,6.75
0.11,0.09,0.68,0.04,2.66,0.1,9.42,7.25
0.12,0.09,0.68,0.02,2.62,0.1,9.62,7.59
0.11,0.08,0.68,0.0,2.59,0.1,9.15,6.76
0.12,0.07,0.7,-0.03,2.58,0.1,9.92,5.54
0.13,0.07,0.72,-0.03,2.5,0.11,9.95,5.61
0.15,0.06,0.73,-0.03,2.47,0.11,11.33,4.7
0.15,0.05,0.72,-0.02,2.43,0.09,11.99,3.83
0.16,0.05,0.73,0.0,2.38,0.07,12.04,3.77
0.14,0.05,0.75,0.02,2.32,0.07,10.78,3.46
0.13,0.04,0.76,0.03,2.29,0.06,10.05,3.15
0.13,0.03,0.77,0.05,2.27,0.06,9.63,2.23
0.13,0.02,0.78,0.09,2.26,0.06,9.77,1.46
0.12,0.03,0.78,0.12,2.27,0.09,9.02,1.87
0.12,0.04,0.78,0.15,2.27,0.11,8.97,3.08
0.13,0.06,0.76,0.19,2.25,0.13,9.66,4.33
0.13,0.07,0.73,0.19,2.26,0.12,9.85,5.32
0.11,0.07,0.72,0.19,2.26,0.12,8.94,5.84
0.09,0.08,0.73,0.17,2.27,0.11,7.23,6.54
0.07,0.1,0.74,0.17,2.23,0.12,5.23,7.32
0.05,0.11,0.75,0.15,2.22,0.14,3.99,7.96
0.04,0.1,0.74,0.16,2.17,0.14,3.33,7.83
0.04,0.1,0.74,0.14,2.16,0.17,3.12,7.66
0.03,0.1,0.74,0.14,2.11,0.18,2.19,7.8
0.03,0.11,0.76,0.13,2.1,0.2,2.05,8.12
0.04,0.12,0.76,0.13,2.07,0.23,2.97,8.63
0.04,0.11,0.75,0.13,2.06,0.24,3.35,8.49
0.05,0.13,0.76,0.15,2.05,0.24,4.07,9.44
0.07,0.14,0.75,0.18,2.01,0.25,5.18,10.3
0.07,0.15,0.72,0.18,2.0,0.24,5.27,11.48
0.06,0.16,0.71,0.2,1.97,0.21,4.4,12.63
0.05,0.17,0.7,0.22,1.9,0.2,3.58,13.45
0.03,0.18,0.69,0.23,1.86,0.17,2.01,14.48
0.0,0.18,0.7,0.23,1.85,0.15,0.28,14.28
-0.04,0.2,0.72,0.24,1.79,0.15,-2.73,15.7
-0.05,0.23,0.71,0.24,1.68,0.14,-4.12,17.98
-0.08,0.24,0.69,0.2,1.63,0.14,-5.98,18.89
-0.09,0.22,0.69,0.18,1.56,0.12,-7.34,17.57
-0.09,0.2,0.73,0.16,1.53,0.14,-6.96,15.23
-0.08,0.21,0.77,0.16,1.46,0.16,-5.79,14.93
-0.07,0.19,0.77,0.17,1.42,0.17,-4.67,13.93
-0.04,0.18,0.76,0.19,1.39,0.19,-3.26,13.38
-0.05,0.19,0.74,0.23,1.36,0.19,-3.39,14.53
-0.06,0.2,0.74,0.27,1.31,0.19,-4.31,14.7
-0.08,0.23,0.74,0.29,1.28,0.2,-5.62,17.35
-0.09,0.25,0.74,0.32,1.24,0.2,-6.69,18.14
-0.1,0.25,0.72,0.33,1.2,0.21,-7.42,18.95
-0.12,0.25,0.73,0.32,1.2,0.2,-8.93,18.67
-0.15,0.27,0.73,0.34,1.15,0.21,-10.91,20.16
-0.17,0.28,0.73,0.33,1.1,0.22,-12.24,20.75
-0.18,0.3,0.72,0.31,1.03,0.23,-12.72,21.63
-0.17,0.31,0.73,0.3,0.93,0.22,-12.47,22.25
-0.19,0.31,0.72,0.29,0.84,0.23,-13.73,22.37
-0.19,0.31,0.72,0.26,0.8,0.22,-13.92,22.55
-0.2,0.3,0.72,0.23,0.73,0.23,-14.19,22.09
-0.19,0.3,0.74,0.22,0.66,0.23,-13.26,21.52
-0.17,0.31,0.74,0.18,0.61,0.21,-12.17,22.42
-0.14,0.33,0.72,0.14,0.54,0.22,-10.34,24.45
-0.12,0.33,0.69,0.07,0.52,0.18,-8.91,25.2
-0.12,0.32,0.68,0.08,0.66,-0.02,-8.99,25.27
-0.12,0.32,0.69,-0.07,0.51,0.09,-8.69,24.3
-0.12,0.3,0.71,-0.15,0.52,0.05,-9.15,22.4
-0.11,0.28,0.74,-0.19,0.48,0.02,-7.8,20.38
-0.1,0.25,0.76,-0.24,0.45,-0.01,-6.98,18.06
-0.08,0.21,0.79,-0.26,0.43,-0.03,-5.88,14.98
-0.08,0.18,0.82,-0.27,0.4,-0.06,-5.51,12.3
-0.08,0.14,0.86,-0.27,0.37,-0.05,-5.48,9.42
-0.08,0.12,0.9,-0.25,0.34,-0.05,-5.37,7.51
-0.08,0.1,0.93,-0.22,0.28,-0.0,-5.2,6.03
-0.06,0.08,0.94,-0.18,0.27,0.03,-3.5,4.73
-0.04,0.08,0.94,-0.12,0.24,0.07,-2.36,4.77
-0.02,0.09,0.92,-0.06,0.21,0.09,-1.16,5.63
-0.01,0.1,0.88,-0.02,0.19,0.09,-0.84,6.19
-0.02,0.09,0.87,-0.02,0.2,0.08,-1.61,6.14
-0.02,0.1,0.9,0.02,0.2,0.08,-1.58,6.07
-0.04,0.1,0.92,0.07,0.17,0.1,-2.53,6.42
-0.04,0.12,0.92,0.09,0.16,0.11,-2.6,7.19
-0.04,0.13,0.89,0.12,0.14,0.12,-2.59,8.62
-0.04,0.15,0.86,0.11,0.14,0.12,-2.62,9.97
-0.05,0.16,0.85,0.19,0.28,-0.06,-3.21,10.78
-0.06,0.16,0.85,0.12,0.12,0.07,-3.86,10.93
-0.06,0.17,0.86,0.11,0.11,0.04,-3.62,11.31
-0.05,0.19,0.87,0.11,0.06,0.03,-3.52,12.23
-0.06,0.2,0.85,0.11,-0.0,0.0,-3.95,13.24
-0.06,0.19,0.85,0.08,-0.03,-0.03,-3.77,12.47
-0.07,0.19,0.84,0.03,-0.02,-0.06,-4.35,12.48
-0.07,0.19,0.85,0.0,-0.05,-0.08,-4.75,12.6
-0.07,0.18,0.87,-0.05,-0.05,-0.1,-4.46,11.81
-0.08,0.17,0.89,-0.1,-0.08,-0.1,-5.1,11.11
-0.08,0.15,0.88,-0.17,-0.06,-0.11,-4.81,9.87
-0.06,0.13,0.88,-0.23,-0.05,-0.1,-4.1,8.29
-0.03,0.08,0.9,-0.27,-0.02,-0.09,-1.75,5.36
-0.0,0.07,0.94,-0.29,0.0,-0.08,-0.25,4.21
0.01,0.05,0.95,-0.29,0.06,-0.07,0.72,2.96
0.02,0.03,0.95,-0.27,0.08,-0.06,1.15,1.56
0.01,0.02,0.95,-0.24,0.09,-0.05,0.66,1.16
0.02,0.01,0.97,-0.21,0.11,-0.03,1.11,0.5
0.01,0.01,0.97,-0.15,0.1,-0.0,0.78,0.47
-0.0,-0.0,0.97,-0.09,0.11,0.02,-0.28,-0.01
-0.01,0.01,0.97,-0.02,0.09,0.04,-0.48,0.3
-0.02,0.02,0.98,0.06,0.05,0.08,-1.09,1.16
-0.02,0.05,0.96,0.12,0.04,0.09,-0.9,2.84
-0.03,0.07,0.92,0.18,0.01,0.1,-2.05,4.27
-0.05,0.11,0.9,0.24,-0.05,0.1,-2.97,6.68
-0.07,0.14,0.88,0.27,-0.1,0.08,-4.58,8.9
-0.08,0.18,0.86,0.26,-0.14,0.06,-5.49,11.75
-0.11,0.21,0.84,0.23,-0.2,0.04,-7.02,14.11
-0.11,0.23,0.82,0.15,-0.23,0.01,-7.16,15.81
-0.1,0.24,0.8,0.09,-0.29,-0.02,-6.75,16.76
-0.1,0.25,0.79,-0.02,-0.29,-0.08,-6.65,17.26
-0.09,0.24,0.81,-0.14,-0.29,-0.13,-5.95,16.38
-0.07,0.22,0.82,-0.27,-0.34,-0.16,-4.75,15.26
-0.04,0.19,0.83,-0.35,-0.34,-0.2,-2.49,12.66
-0.01,0.14,0.85,-0.46,-0.3,-0.25,-0.76,9.47
0.02,0.1,0.89,-0.55,-0.27,-0.28,1.16,6.18
0.05,0.05,0.92,-0.59,-0.24,-0.31,3.11,2.81
0.05,0.02,0.96,-0.61,-0.22,-0.3,3.11,0.92
0.07,-0.03,0.99,-0.65,-0.2,-0.29,3.85,-1.49
0.08,-0.07,1.02,-0.66,-0.16,-0.27,4.58,-3.79
0.1,-0.1,1.05,-0.63,-0.13,-0.24,5.21,-5.6
0.13,-0.14,1.08,-0.58,-0.1,-0.2,6.64,-7.22
0.15,-0.16,1.1,-0.5,-0.07,-0.16,7.89,-8.16
0.18,-0.18,1.09,-0.41,-0.02,-0.11,9.34,-8.99
0.17,-0.18,1.09,-0.3,-0.02,-0.09,8.59,-9.41
0.16,-0.19,1.12,-0.17,-0.0,-0.05,7.88,-9.45
0.14,-0.18,1.12,-0.04,0.01,-0.01,7.1,-9.12
0.12,-0.16,1.12,0.08,-0.01,0.04,6.01,-8.24
0.1,-0.14,1.11,0.21,-0.02,0.09,4.94,-7.03
0.08,-0.09,1.07,0.31,-0.06,0.12,4.25,-4.62
0.06,-0.04,1.03,0.39,-0.09,0.16,3.41,-2.44
0.06,-0.02,0.99,0.43,-0.09,0.17,3.27,-1.22
0.04,0.01,0.96,0.48,-0.11,0.17,2.66,0.75
0.02,0.05,0.95,0.49,-0.12,0.17,1.44,3.31
-0.01,0.08,0.93,0.49,-0.12,0.16,-0.46,5.05
-0.03,0.12,0.92,0.42,-0.11,0.15,-2.03,7.14
-0.05,0.15,0.89,0.36,-0.13,0.15,-3.04,9.44
-0.05,0.16,0.87,0.29,-0.13,0.14,-3.53,10.63
-0.05,0.18,0.86,0.2,-0.1,0.12,-2.95,11.57
-0.03,0.17,0.86,0.1,-0.06,0.1,-2.18,11.34
-0.02,0.18,0.87,0.02,-0.05,0.09,-1.49,11.5
-0.0,0.17,0.88,-0.06,-0.03,0.07,-0.03,10.73
0.02,0.13,0.9,-0.12,-0.01,0.03,1.47,8.24
0.03,0.11,0.91,-0.17,0.02,0.0,1.95,6.73
0.03,0.09,0.94,-0.2,0.03,-0.01,1.61,5.73
0.05,0.06,0.96,-0.2,0.02,-0.02,2.86,3.39
0.05,0.04,0.99,-0.17,0.01,-0.01,2.69,2.42
0.05,0.03,1.0,-0.16,0.03,-0.0,2.95,1.85
0.07,0.04,0.99,-0.1,0.0,0.03,3.93,2.09
0.08,0.04,0.98,-0.07,0.01,0.03,4.6,2.51
0.06,0.05,0.96,-0.04,0.02,0.02,3.79,2.71
0.06,0.06,0.96,-0.03,0.04,0.01,3.42,3.74
0.04,0.07,0.96,-0.02,0.04,0.02,2.14,4.17
0.01,0.08,0.97,0.0,0.03,0.02,0.67,4.44
-0.0,0.08,0.96,0.02,0.03,0.03,-0.21,4.66
-0.01,0.08,0.96,0.02,0.05,0.04,-0.67,4.65
-0.02,0.09,0.95,0.04,0.03,0.06,-0.91,5.57
-0.01,0.1,0.95,0.05,-0.01,0.07,-0.47,5.94
-0.0,0.11,0.93,0.05,-0.04,0.06,-0.13,7.05
0.0,0.11,0.91,0.05,-0.06,0.03,0.25,7.07
0.01,0.12,0.9,0.03,-0.09,0.01,0.35,7.69
0.01,0.12,0.89,0.02,-0.11,-0.03,0.48,7.65
-0.01,0.12,0.89,0.01,-0.12,-0.05,-0.64,7.51
-0.01,0.12,0.89,-0.02,-0.11,-0.07,-0.9,7.54
-0.03,0.12,0.89,-0.07,-0.12,-0.07,-1.87,7.43
-0.02,0.1,0.9,-0.1,-0.11,-0.08,-1.16,6.49
-0.01,0.09,0.91,-0.15,-0.09,-0.09,-0.74,5.82
0.0,0.07,0.93,-0.2,-0.08,-0.09,0.17,4.52
0.02,0.05,0.95,-0.22,-0.08,-0.09,1.18,3.28
0.02,0.04,0.96,-0.24,-0.04,-0.08,1.48,2.09
0.03,0.02,0.96,-0.23,-0.04,-0.06,2.08,1.06
0.04,0.01,0.97,-0.23,-0.01,-0.05,2.26,0.43
0.04,0.0,0.97,-0.24,0.01,-0.03,2.56,0.02
0.04,-0.01,0.97,-0.22,0.03,-0.03,2.31,-0.85
0.04,-0.02,0.99,-0.2,0.02,-0.01,2.61,-1.35
0.04,-0.02,0.99,-0.17,0.02,-0.0,2.12,-1.26
0.04,-0.02,0.99,-0.13,0.03,0.02,2.22,-1.39
0.04,-0.02,0.98,-0.1,0.03,0.03,2.21,-1.13
0.03,-0.01,0.98,-0.06,0.03,0.06,1.93,-0.76
0.03,-0.01,0.97,-0.03,0.03,0.07,1.66,-0.6
0.03,-0.0,0.96,-0.0,0.05,0.09,1.58,-0.27
0.02,0.01,0.96,0.01,0.06,0.1,1.27,0.31
-0.0,0.02,0.95,0.05,0.06,0.11,-0.04,1.31
-0.02,0.04,0.94,0.05,0.06,0.12,-1.03,2.68
-0.03,0.06,0.92,0.03,0.07,0.13,-1.79,4.0
-0.04,0.08,0.91,0.02,0.04,0.14,-2.73,4.87
-0.05,0.1,0.89,-0.01,0.02,0.14,-3.34,6.14
-0.07,0.1,0.9,-0.05,0.01,0.15,-4.36,6.38
-0.08,0.1,0.89,-0.1,0.0,0.13,-4.78,6.43
-0.07,0.1,0.89,-0.18,0.0,0.13,-4.66,6.16
-0.07,0.09,0.89,-0.22,-0.02,0.12,-4.55,5.76
-0.05,0.07,0.9,-0.27,-0.01,0.13,-3.43,4.73
-0.04,0.06,0.91,-0.31,0.01,0.13,-2.78,3.93
-0.04,0.05,0.92,-0.32,-0.01,0.14,-2.26,3.02
-0.02,0.03,0.95,-0.32,-0.05,0.15,-1.08,1.92
-0.01,0.02,0.95,-0.3,-0.04,0.15,-0.48,1.08
0.02,0.0,0.96,-0.27,-0.06,0.17,1.18,0.0
0.04,-0.01,0.97,-0.24,-0.08,0.17,2.23,-0.75
0.05,-0.01,0.96,-0.17,-0.11,0.18,3.21,-0.69
0.06,-0.02,0.96,-0.11,-0.13,0.18,3.42,-1.3
0.05,-0.01,0.97,-0.04,-0.14,0.18,2.96,-0.31
0.04,0.02,0.97,0.02,-0.16,0.2,2.53,0.89
0.02,0.04,0.97,0.08,-0.19,0.21,1.39,2.19
0.01,0.05,0.95,0.14,-0.18,0.23,0.66,3.2
-0.01,0.07,0.94,0.16,-0.19,0.24,-0.46,4.52
-0.01,0.1,0.93,0.2,-0.2,0.26,-0.71,5.97
-0.03,0.12,0.91,0.22,-0.21,0.26,-1.61,7.48
-0.03,0.14,0.89,0.22,-0.2,0.26,-1.86,9.09
-0.06,0.17,0.88,0.22,-0.22,0.26,-3.83,11.24
-0.07,0.2,0.86,0.19,-0.23,0.27,-4.29,12.84
-0.06,0.21,0.84,0.17,-0.26,0.27,-4.27,14.35
-0.05,0.23,0.82,0.14,-0.25,0.24,-3.62,15.53
-0.05,0.24,0.81,0.1,-0.24,0.21,-3.29,16.27
-0.06,0.25,0.8,0.08,-0.24,0.18,-3.92,16.96
-0.06,0.24,0.8,0.13,-0.12,0.01,-4.09,16.81
-0.09,0.25,0.8,0.05,-0.28,0.13,-5.8,16.97
-0.09,0.24,0.8,0.04,-0.29,0.11,-6.04,16.36
-0.09,0.23,0.81,0.03,-0.33,0.11,-6.0,15.98
-0.09,0.22,0.81,0.07,-0.37,0.1,-5.97,15.06
-0.11,0.22,0.81,0.1,-0.44,0.1,-7.38,14.88
-0.12,0.21,0.82,0.13,-0.46,0.11,-7.77,14.0
-0.12,0.2,0.81,0.2,-0.5,0.13,-8.24,13.62
-0.13,0.2,0.79,0.27,-0.55,0.15,-9.2,13.82
-0.15,0.2,0.78,0.36,-0.59,0.18,-10.49,14.21
-0.17,0.2,0.77,0.44,-0.62,0.21,-12.0,14.58
-0.19,0.21,0.76,0.53,-0.67,0.26,-13.54,15.04
-0.21,0.22,0.74,0.7,-0.61,0.16,-15.22,16.24
-0.24,0.24,0.72,0.72,-0.8,0.34,-17.74,17.39
-0.27,0.26,0.69,0.82,-0.87,0.4,-20.32,19.37
-0.31,0.29,0.66,0.89,-0.95,0.44,-23.44,21.78
-0.35,0.33,0.63,0.97,-1.07,0.5,-26.4,24.43
-0.39,0.37,0.59,1.01,-1.18,0.56,-29.28,27.58
-0.41,0.41,0.56,1.02,-1.29,0.6,-30.64,30.57
-0.44,0.48,0.52,0.98,-1.45,0.64,-31.71,35.03
-0.44,0.54,0.47,0.92,-1.63,0.67,-31.82,39.63
-0.46,0.58,0.4,0.79,-1.79,0.68,-33.03,43.32
-0.46,0.6,0.34,0.61,-1.89,0.67,-33.4,46.49
-0.44,0.61,0.33,0.42,-2.01,0.66,-32.38,47.95
-0.41,0.63,0.32,0.2,-2.13,0.64,-29.89,50.64
-0.34,0.62,0.31,-0.04,-2.28,0.61,-25.87,53.25
-0.26,0.58,0.3,-0.25,-2.35,0.54,-21.74,55.4
-0.18,0.52,0.29,-0.43,-2.43,0.49,-16.63,56.64
-0.1,0.46,0.32,-0.62,-2.47,0.43,-10.19,54.07
-0.03,0.4,0.36,-0.77,-2.5,0.37,-3.51,47.55
0.03,0.32,0.42,-0.87,-2.52,0.32,3.26,37.41
0.08,0.26,0.45,-0.94,-2.53,0.27,8.86,30.24
0.13,0.21,0.48,-0.96,-2.6,0.22,13.53,22.87
0.16,0.15,0.51,-0.97,-2.64,0.19,16.63,15.53
0.19,0.09,0.55,-0.95,-2.63,0.16,18.72,8.75
0.22,0.04,0.6,-0.87,-2.62,0.14,19.77,3.58
0.19,0.01,0.64,-0.76,-2.65,0.13,16.48,1.26
0.16,0.01,0.69,-0.68,-2.72,0.13,13.31,1.22
0.12,0.03,0.69,-0.6,-2.77,0.15,9.88,2.49
0.11,0.03,0.66,-0.56,-2.84,0.2,9.14,2.79
0.11,0.01,0.64,-0.5,-2.92,0.23,10.04,1.22
0.13,-0.01,0.66,-0.45,-2.98,0.28,11.36,-0.95
0.15,-0.04,0.7,-0.39,-2.98,0.31,12.02,-3.36
0.16,-0.06,0.74,-0.31,-3.05,0.35,12.24,-4.39
0.17,-0.06,0.76,-0.22,-3.14,0.38,12.5,-4.4
0.22,-0.06,0.75,-0.13,-3.27,0.42,16.4,-4.18
0.29,-0.05,0.75,-0.04,-3.34,0.42,21.07,-3.65
0.36,-0.05,0.74,0.06,-3.35,0.41,25.96,-3.33
0.39,-0.03,0.73,0.16,-3.37,0.37,28.08,-1.87
0.38,0.0,0.71,0.23,-3.37,0.31,28.42,0.22
0.34,0.05,0.69,0.26,-3.37,0.25,26.03,4.01
0.3,0.1,0.66,0.26,-3.41,0.21,24.31,7.7
0.28,0.13,0.63,0.21,-3.42,0.18,23.16,10.58
0.27,0.15,0.61,0.13,-3.43,0.16,22.95,12.33
0.25,0.16,0.6,0.03,-3.43,0.15,22.27,13.52
0.24,0.15,0.61,-0.07,-3.43,0.15,21.16,12.95
0.23,0.16,0.62,-0.18,-3.45,0.17,19.64,13.35
0.22,0.16,0.64,-0.31,-3.51,0.21,18.54,13.17
0.24,0.14,0.64,-0.45,-3.53,0.22,20.29,11.68
0.28,0.1,0.65,-0.6,-3.54,0.23,23.37,7.85
0.31,0.04,0.67,-0.71,-3.56,0.24,24.53,3.19
0.31,-0.03,0.74,-0.79,-3.55,0.25,22.75,-1.99
0.31,-0.06,0.8,-0.86,-3.52,0.28,21.32,-4.03
0.34,-0.08,0.87,-0.9,-3.53,0.32,21.2,-5.06
0.4,-0.1,0.92,-0.91,-3.56,0.33,23.2,-5.65
0.48,-0.13,0.95,-0.93,-3.58,0.32,26.6,-7.11
0.56,-0.18,0.98,-0.94,-3.54,0.25,29.37,-8.97
0.6,-0.22,1.02,-0.93,-3.48,0.15,29.91,-10.47
0.59,-0.24,1.08,-0.88,-3.4,0.05,28.12,-11.18
0.54,-0.25,1.11,-0.83,-3.32,-0.04,25.46,-11.38
0.49,-0.24,1.13,-0.75,-3.24,-0.09,22.81,-10.83
0.41,-0.22,1.12,-0.68,-3.18,-0.13,19.74,-10.4
0.33,-0.21,1.08,-0.64,-3.16,-0.14,16.41,-10.38
0.28,-0.19,1.05,-0.6,-3.15,-0.13,14.85,-9.66
0.25,-0.18,1.04,-0.57,-3.17,-0.1,13.19,-9.71
0.22,-0.19,1.04,-0.54,-3.19,-0.07,11.58,-9.93
0.2,-0.18,1.03,-0.53,-3.19,-0.02,10.89,-9.62
0.2,-0.15,1.01,-0.52,-3.18,0.06,11.33,-8.39
0.21,-0.12,0.97,-0.54,-3.15,0.12,12.32,-6.69
0.24,-0.13,0.99,-0.63,-3.1,0.17,13.43,-7.4
0.29,-0.12,0.94,-0.68,-3.07,0.22,17.25,-6.86
0.3,-0.12,0.93,-0.78,-2.98,0.23,17.98,-6.75
0.29,-0.13,0.95,-0.89,-2.93,0.25,16.71,-7.25
0.28,-0.13,0.96,-0.99,-2.89,0.27,16.38,-7.6
0.27,-0.16,1.0,-1.07,-2.8,0.29,15.12,-8.66
0.28,-0.18,1.05,-1.11,-2.82,0.31,14.56,-9.43
0.29,-0.21,1.13,-1.11,-2.82,0.3,14.12,-10.42
0.28,-0.25,1.19,-1.1,-2.82,0.27,12.87,-11.71
0.25,-0.26,1.25,-1.0,-2.86,0.24,10.97,-11.65
0.23,-0.27,1.3,-0.89,-2.93,0.2,9.75,-11.71
0.23,-0.27,1.33,-0.78,-2.99,0.17,9.54,-11.32
0.23,-0.26,1.34,-0.68,-3.03,0.13,9.63,-11.01
0.23,-0.26,1.34,-0.59,-3.06,0.11,9.59,-10.96
0.22,-0.25,1.34,-0.52,-3.09,0.07,9.37,-10.54
0.21,-0.23,1.33,-0.48,-3.08,0.05,8.84,-9.77
0.2,-0.21,1.33,-0.45,-3.06,0.03,8.25,-8.9
0.18,-0.2,1.32,-0.43,-3.03,0.03,7.88,-8.61
0.17,-0.2,1.32,-0.44,-2.98,0.02,7.25,-8.47
0.16,-0.18,1.32,-0.47,-2.89,0.04,7.04,-7.82
0.15,-0.18,1.31,-0.51,-2.75,0.05,6.26,-7.64
0.14,-0.18,1.31,-0.56,-2.6,0.08,5.91,-7.75
0.12,-0.17,1.3,-0.59,-2.48,0.08,5.23,-7.55
0.1,-0.17,1.28,-0.62,-2.34,0.11,4.63,-7.63
0.09,-0.16,1.26,-0.67,-2.24,0.13,3.98,-7.09
0.07,-0.16,1.26,-0.67,-2.17,0.16,3.09,-7.05
0.05,-0.16,1.26,-0.66,-2.11,0.16,2.36,-7.04
0.04,-0.16,1.25,-0.62,-2.11,0.16,1.92,-7.16
0.03,-0.16,1.24,-0.59,-2.11,0.15,1.6,-7.26
0.03,-0.16,1.24,-0.57,-2.14,0.17,1.34,-7.21
0.03,-0.14,1.25,-0.5,-2.18,0.17,1.24,-6.43
0.03,-0.14,1.27,-0.44,-2.24,0.16,1.33,-6.12
0.03,-0.13,1.29,-0.41,-2.28,0.12,1.45,-5.84
0.06,-0.12,1.3,-0.37,-2.32,0.09,2.43,-5.35
0.05,-0.11,1.31,-0.37,-2.36,0.06,2.09,-4.92
0.04,-0.1,1.31,-0.36,-2.34,0.04,1.94,-4.23
0.05,-0.09,1.31,-0.38,-2.31,0.01,2.03,-4.04
0.04,-0.08,1.31,-0.45,-2.24,0.01,1.69,-3.57
0.02,-0.07,1.32,-0.5,-2.17,0.0,0.76,-3.23
-0.01,-0.08,1.33,-0.53,-2.09,0.0,-0.38,-3.23
-0.04,-0.07,1.34,-0.59,-2.0,0.0,-1.56,-2.95
-0.07,-0.07,1.36,-0.62,-1.92,0.02,-2.77,-3.1
-0.08,-0.08,1.37,-0.63,-1.82,0.03,-3.5,-3.19
-0.11,-0.08,1.37,-0.62,-1.74,0.03,-4.76,-3.45
-0.13,-0.08,1.38,-0.61,-1.68,0.04,-5.47,-3.28
-0.15,-0.08,1.38,-0.59,-1.62,0.04,-6.16,-3.19
-0.15,-0.07,1.36,-0.54,-1.56,0.05,-6.39,-2.91
-0.15,-0.06,1.34,-0.49,-1.54,0.05,-6.38,-2.58
-0.15,-0.05,1.31,-0.43,-1.5,0.04,-6.66,-2.36
-0.15,-0.04,1.29,-0.38,-1.48,0.04,-6.78,-1.97
-0.16,-0.04,1.27,-0.36,-1.47,0.05,-7.37,-1.57
-0.16,-0.03,1.25,-0.3,-1.47,0.06,-7.25,-1.32
-0.17,-0.02,1.24,-0.24,-1.47,0.06,-7.9,-1.03
-0.18,-0.01,1.23,-0.18,-1.47,0.08,-8.34,-0.26
-0.18,0.0,1.21,-0.12,-1.53,0.11,-8.44,0.12
-0.17,0.0,1.2,-0.06,-1.53,0.12,-8.03,0.02
-0.15,0.01,1.2,0.01,-1.57,0.13,-6.95,0.48
-0.13,0.01,1.19,0.04,-1.58,0.14,-6.12,0.33
-0.1,0.01,1.18,0.08,-1.59,0.15,-4.8,0.68
-0.09,0.02,1.17,0.1,-1.6,0.16,-4.38,1.15
-0.07,0.03,1.17,0.1,-1.6,0.17,-3.28,1.23
-0.05,0.03,1.18,0.08,-1.58,0.18,-2.59,1.55
-0.05,0.04,1.19,0.08,-1.57,0.19,-2.45,1.8
-0.04,0.03,1.21,0.08,-1.57,0.2,-2.09,1.62
-0.04,0.03,1.21,0.06,-1.56,0.18,-1.77,1.6
-0.03,0.03,1.21,0.05,-1.55,0.17,-1.53,1.55
-0.04,0.04,1.22,0.03,-1.54,0.16,-1.88,1.85
-0.05,0.05,1.23,0.01,-1.55,0.14,-2.1,2.23
-0.06,0.05,1.24,0.02,-1.54,0.13,-2.56,2.37
-0.07,0.05,1.24,0.0,-1.5,0.11,-3.25,2.39
-0.08,0.07,1.23,-0.0,-1.51,0.1,-3.76,3.02
-0.09,0.07,1.22,-0.02,-1.49,0.08,-4.29,3.06
-0.11,0.06,1.21,-0.04,-1.48,0.06,-5.08,2.95
-0.12,0.05,1.21,-0.06,-1.45,0.04,-5.59,2.33
-0.15,0.03,1.21,-0.07,-1.47,0.03,-6.83,1.43
-0.17,0.02,1.23,-0.05,-1.49,0.03,-7.9,0.89
-0.2,0.01,1.23,-0.03,-1.51,0.04,-9.22,0.6
-0.23,0.01,1.24,0.0,-1.49,0.03,-10.46,0.61
-0.25,0.01,1.23,0.04,-1.46,0.05,-11.62,0.28
-0.26,0.0,1.22,0.08,-1.45,0.06,-12.19,0.14
-0.27,-0.0,1.2,0.12,-1.43,0.07,-12.84,-0.19
-0.28,0.0,1.19,0.16,-1.41,0.1,-13.33,0.04
-0.28,0.0,1.19,0.18,-1.39,0.14,-13.17,0.23
-0.27,0.01,1.18,0.22,-1.37,0.18,-12.95,0.36
-0.25,0.01,1.17,0.23,-1.36,0.21,-12.0,0.51
-0.24,0.01,1.19,0.23,-1.34,0.25,-11.35,0.47
-0.23,0.01,1.22,0.21,-1.31,0.28,-10.71,0.49
-0.23,0.01,1.28,0.25,-1.27,0.3,-10.32,0.38
-0.25,0.0,1.31,0.28,-1.22,0.27,-10.69,0.17
-0.25,0.01,1.33,0.3,-1.14,0.25,-10.55,0.47
-0.24,0.02,1.34,0.33,-1.07,0.22,-9.97,0.8
-0.22,0.03,1.33,0.38,-1.01,0.16,-9.5,1.24
-0.21,0.04,1.32,0.35,-0.94,0.19,-9.06,1.74
-0.19,0.05,1.31,0.35,-0.81,0.15,-8.49,2.22
-0.18,0.06,1.29,0.35,-0.77,0.13,-8.01,2.83
-0.22,0.06,1.23,0.32,-0.62,0.11,-10.08,2.85
-0.14,0.1,1.27,0.36,-0.63,0.1,-6.09,4.29
-0.1,0.06,1.23,0.3,-0.6,0.06,-4.69,2.64
-0.08,0.07,1.21,0.25,-0.55,0.02,-3.61,3.21
-0.08,0.09,1.18,0.22,-0.52,0.0,-3.82,4.35
-0.06,0.09,1.17,0.17,-0.51,-0.01,-3.06,4.39
-0.05,0.08,1.16,0.08,-0.47,-0.04,-2.25,3.91
-0.04,0.07,1.14,0.04,-0.45,-0.05,-2.01,3.29
-0.06,0.06,1.13,-0.02,-0.43,-0.07,-3.17,3.06
-0.08,0.06,1.13,-0.08,-0.41,-0.09,-4.08,2.84
-0.12,0.04,1.11,-0.11,-0.39,-0.11,-5.96,1.87
-0.15,0.04,1.1,-0.13,-0.37,-0.11,-7.97,2.16
-0.18,0.04,1.09,-0.14,-0.37,-0.11,-9.3,1.89
-0.2,0.04,1.09,-0.12,-0.38,-0.07,-10.35,2.09
-0.21,0.03,1.09,-0.11,-0.36,-0.05,-10.9,1.49
-0.22,0.03,1.13,-0.09,-0.34,-0.03,-10.94,1.53
-0.2,0.02,1.14,-0.07,-0.33,-0.01,-9.95,0.93
-0.19,0.02,1.15,-0.04,-0.29,-0.0,-9.48,0.9
-0.18,0.02,1.16,-0.03,-0.24,-0.01,-8.94,0.99
-0.18,0.03,1.15,-0.01,-0.21,0.01,-8.96,1.48
-0.17,0.03,1.14,0.01,-0.19,-0.0,-8.32,1.55
-0.15,0.03,1.15,0.02,-0.18,0.01,-7.26,1.71
-0.13,0.03,1.15,0.02,-0.14,-0.0,-6.45,1.27
-0.12,0.02,1.15,0.01,-0.11,-0.01,-5.83,0.99
-0.13,0.02,1.14,0.0,-0.08,-0.03,-6.41,1.06
-0.12,0.02,1.11,0.02,-0.06,-0.04,-6.09,0.97
-0.13,0.02,1.09,0.01,-0.04,-0.05,-7.03,1.22
-0.14,0.03,1.08,0.01,-0.04,-0.03,-7.38,1.39
-0.14,0.04,1.08,0.05,-0.06,-0.01,-7.58,1.85
-0.15,0.03,1.08,0.05,-0.07,0.01,-7.71,1.47
-0.14,0.02,1.09,0.08,-0.09,0.01,-7.47,1.16
-0.14,0.02,1.11,0.1,-0.08,0.02,-7.38,1.27
-0.15,0.02,1.13,0.12,-0.09,0.01,-7.47,1.05
-0.15,0.02,1.14,0.16,-0.09,0.01,-7.42,1.19
-0.13,0.02,1.13,0.19,-0.07,-0.0,-6.55,1.04
-0.11,0.02,1.12,0.21,-0.03,-0.01,-5.66,1.1
-0.09,0.02,1.11,0.22,-0.02,-0.01,-4.71,0.97
-0.07,0.02,1.1,0.21,0.0,-0.02,-3.9,1.15
-0.05,0.02,1.07,0.2,0.04,-0.02,-2.83,1.26
-0.04,0.03,1.05,0.18,0.04,-0.02,-2.27,1.42
-0.03,0.02,1.04,0.16,0.06,-0.01,-1.46,0.99
-0.02,0.01,1.02,0.13,0.06,-0.0,-1.27,0.81
-0.03,0.02,1.02,0.11,0.08,0.0,-1.78,0.96
-0.04,0.02,1.04,0.09,0.1,0.01,-2.39,0.98
-0.04,0.02,1.05,0.08,0.09,0.02,-2.28,0.89
-0.04,0.02,1.07,0.09,0.08,0.03,-2.33,0.9
-0.04,0.01,1.08,0.11,0.09,0.02,-2.27,0.36
-0.05,0.01,1.08,0.11,0.1,0.0,-2.41,0.41
-0.04,0.01,1.08,0.13,0.09,-0.01,-2.21,0.72
-0.03,0.02,1.07,0.14,0.09,0.0,-1.87,1.01
-0.03,0.02,1.07,0.15,0.08,0.01,-1.53,1.23
-0.01,0.03,1.05,0.11,0.11,0.01,-0.66,1.36
0.0,0.02,1.04,0.12,0.1,0.02,0.23,1.26
0.01,0.02,1.04,0.1,0.11,0.03,0.55,0.92
0.02,0.02,1.03,0.08,0.13,0.02,1.07,0.91
0.02,0.01,1.02,0.05,0.13,0.02,0.97,0.74
0.01,0.02,1.01,0.02,0.14,0.03,0.85,1.35
0.0,0.03,1.02,0.02,0.13,0.05,0.13,1.64
-0.01,0.03,1.02,0.01,0.14,0.06,-0.58,1.59
-0.01,0.02,1.04,0.02,0.12,0.08,-0.61,1.23
-0.0,0.02,1.05,0.03,0.13,0.08,-0.11,1.23
0.01,0.02,1.05,0.05,0.13,0.08,0.41,0.91
0.01,0.02,1.04,0.05,0.12,0.07,0.57,1.36
0.02,0.02,1.04,0.06,0.11,0.07,1.24,1.09
0.04,0.04,1.03,0.04,0.09,0.08,1.95,2.26
0.04,0.04,1.03,0.05,0.07,0.09,2.12,2.23
0.04,0.04,1.05,0.05,0.05,0.08,2.05,2.33
0.03,0.04,1.05,0.04,0.06,0.07,1.6,2.01
0.04,0.04,1.06,0.04,0.03,0.07,2.08,2.07
0.04,0.05,1.07,0.03,0.02,0.07,1.95,2.48
0.03,0.04,1.1,0.03,0.0,0.05,1.62,2.19
0.04,0.04,1.1,0.04,0.02,0.02,2.24,1.83
0.05,0.03,1.09,0.01,0.04,0.0,2.88,1.53
0.05,0.02,1.1,0.01,0.06,-0.01,2.74,1.25
0.05,0.03,1.1,-0.01,0.09,-0.03,2.79,1.47
0.05,0.02,1.09,-0.04,0.17,-0.04,2.51,1.13
0.04,0.02,1.08,-0.05,0.22,-0.04,1.92,1.23
0.03,0.02,1.07,-0.09,0.25,-0.05,1.43,1.06
0.0,0.02,1.06,-0.08,0.27,-0.05,0.18,1.3
-0.01,0.03,1.05,-0.09,0.28,-0.05,-0.43,1.68
-0.02,0.02,1.04,-0.08,0.25,-0.03,-0.9,1.32
-0.01,0.02,1.04,-0.06,0.24,-0.02,-0.56,1.27
-0.01,0.02,1.04,-0.04,0.23,-0.02,-0.54,1.36
-0.01,0.02,1.03,-0.03,0.23,-0.03,-0.78,1.11
-0.01,0.02,1.03,-0.03,0.23,-0.02,-0.44,1.0
-0.01,0.02,1.01,-0.03,0.23,-0.01,-0.48,1.02
-0.0,0.02,1.01,-0.02,0.18,0.0,-0.18,1.23
0.0,0.02,1.02,-0.01,0.16,0.01,0.01,1.32
0.01,0.02,1.03,0.01,0.14,0.01,0.44,1.18
0.0,0.02,1.04,0.02,0.11,0.0,0.17,0.96
-0.0,0.02,1.03,0.03,0.09,-0.0,-0.1,1.24
-0.0,0.03,1.02,0.05,0.06,-0.01,-0.04,1.92
0.0,0.04,1.01,0.05,0.03,0.02,0.13,2.3
0.02,0.05,1.0,0.06,0.01,0.03,0.88,3.03
0.03,0.06,1.01,0.06,-0.01,0.04,1.91,3.14
0.05,0.06,1.02,0.05,-0.02,0.05,2.77,3.29
0.07,0.05,1.03,-0.01,0.01,0.05,3.73,3.0
0.08,0.05,1.04,-0.03,0.01,0.04,4.23,2.88
0.07,0.05,1.04,-0.05,-0.02,0.03,3.77,2.85
0.06,0.05,1.04,-0.06,-0.01,0.02,3.31,2.75
0.05,0.05,1.04,-0.09,-0.0,0.0,2.67,2.74
0.02,0.05,1.04,-0.1,-0.0,-0.0,1.35,2.49
0.02,0.05,1.03,-0.1,-0.02,0.01,1.17,2.53
0.01,0.04,1.04,-0.1,-0.03,0.0,0.73,2.39
-0.0,0.04,1.05,-0.11,-0.01,0.0,-0.03,2.17
-0.0,0.04,1.05,-0.08,-0.04,0.01,-0.16,2.01
-0.01,0.04,1.05,-0.07,-0.06,0.02,-0.75,2.01
-0.01,0.04,1.05,-0.07,-0.07,0.01,-0.77,2.11
-0.03,0.04,1.05,-0.07,-0.05,0.02,-1.52,2.04
-0.03,0.05,1.06,-0.06,-0.07,0.03,-1.85,2.65
-0.03,0.04,1.07,-0.03,-0.08,0.03,-1.79,2.02
-0.02,0.04,1.08,-0.02,-0.09,0.03,-1.32,2.27
-0.02,0.05,1.09,-0.02,-0.07,0.03,-1.01,2.52
-0.01,0.05,1.1,-0.01,-0.08,0.04,-0.56,2.41
-0.01,0.05,1.1,-0.01,-0.09,0.03,-0.47,2.74
-0.01,0.04,1.09,0.01,-0.08,0.0,-0.26,2.17
-0.01,0.05,1.09,-0.01,-0.07,-0.0,-0.48,2.58
-0.01,0.05,1.09,-0.02,-0.07,-0.01,-0.58,2.79
0.01,0.05,1.08,-0.04,-0.07,-0.01,0.53,2.42
0.02,0.04,1.07,-0.05,-0.04,-0.02,0.92,2.13
0.01,0.04,1.07,-0.07,-0.04,-0.04,0.29,1.91
-0.01,0.04,1.05,-0.1,-0.01,-0.04,-0.71,2.43
-0.03,0.04,1.05,-0.11,-0.01,-0.03,-1.81,2.17
-0.06,0.04,1.05,-0.1,-0.01,-0.03,-3.12,1.92
-0.06,0.04,1.04,-0.1,-0.0,-0.01,-3.13,1.93
-0.06,0.03,1.05,-0.08,-0.02,0.01,-3.12,1.57
-0.06,0.02,1.06,-0.05,-0.04,0.01,-3.06,1.32
-0.05,0.03,1.07,-0.03,-0.05,0.02,-2.74,1.45
-0.04,0.02,1.07,-0.02,-0.04,0.01,-2.04,1.08
-0.03,0.03,1.07,0.02,-0.07,0.0,-1.55,1.45
-0.03,0.03,1.07,0.02,-0.08,-0.01,-1.6,1.39
-0.02,0.03,1.07,0.03,-0.1,-0.03,-1.3,1.39
-0.03,0.04,1.07,0.04,-0.09,-0.03,-1.5,1.87
-0.02,0.04,1.06,0.03,-0.09,-0.03,-1.14,2.1
-0.02,0.04,1.05,0.03,-0.1,-0.03,-1.16,2.27
-0.01,0.04,1.06,0.02,-0.11,-0.02,-0.74,2.4
-0.01,0.04,1.08,-0.01,-0.08,-0.03,-0.57,2.04
-0.01,0.04,1.09,-0.03,-0.06,-0.01,-0.44,2.03
-0.01,0.03,1.1,-0.05,-0.05,-0.01,-0.72,1.69
-0.02,0.03,1.11,-0.06,-0.02,-0.04,-0.96,1.73
-0.03,0.03,1.12,-0.07,0.0,-0.05,-1.72,1.6
-0.05,0.03,1.12,-0.07,0.02,-0.06,-2.54,1.64
-0.06,0.03,1.12,-0.06,0.02,-0.07,-2.95,1.46
-0.06,0.03,1.13,-0.03,0.0,-0.08,-3.17,1.63
-0.06,0.02,1.12,-0.0,0.02,-0.1,-2.94,1.12
-0.05,0.03,1.11,0.01,0.03,-0.12,-2.38,1.38
-0.04,0.03,1.1,0.03,0.04,-0.13,-2.14,1.32
-0.03,0.02,1.07,0.03,0.03,-0.13,-1.56,1.32
-0.03,0.04,1.04,0.03,0.04,-0.13,-1.56,1.97
-0.02,0.03,1.02,0.04,0.03,-0.11,-1.18,1.9
-0.03,0.03,1.02,0.03,0.02,-0.1,-1.87,1.8
-0.03,0.03,1.03,0.04,-0.01,-0.08,-1.73,1.76
-0.04,0.03,1.04,0.05,-0.01,-0.08,-2.0,1.73
-0.03,0.03,1.04,0.06,-0.03,-0.07,-1.42,1.8
-0.01,0.03,1.05,0.09,-0.05,-0.08,-0.77,1.56
-0.01,0.03,1.04,0.09,-0.06,-0.07,-0.4,1.91
-0.0,0.03,1.03,0.09,-0.06,-0.08,-0.01,1.77
0.01,0.04,1.02,0.08,-0.06,-0.06,0.43,2.1
0.02,0.04,1.03,0.07,-0.06,-0.05,1.01,2.38
0.02,0.04,1.02,0.08,-0.08,-0.03,1.28,2.51
0.03,0.04,1.02,0.06,-0.07,-0.03,1.8,2.42
0.04,0.04,1.02,0.04,-0.06,-0.01,2.33,2.46
0.04,0.05,1.04,0.01,-0.05,0.0,2.05,2.64
0.03,0.05,1.06,-0.01,-0.05,0.01,1.44,2.5
0.02,0.05,1.07,-0.04,-0.03,0.0,0.88,2.43
-0.0,0.04,1.09,-0.04,-0.02,-0.0,-0.19,2.09
-0.01,0.04,1.11,-0.03,-0.03,-0.01,-0.58,2.07
-0.01,0.04,1.11,-0.01,-0.04,-0.02,-0.62,2.07
-0.02,0.04,1.11,-0.0,-0.02,-0.04,-0.9,2.23
-0.02,0.04,1.11,-0.01,-0.01,-0.05,-1.03,2.12
-0.0,0.05,1.1,-0.0,0.0,-0.06,-0.22,2.4
0.0,0.04,1.09,0.02,-0.0,-0.07,0.07,2.06
-0.0,0.04,1.08,0.01,0.0,-0.08,-0.19,1.95
-0.0,0.04,1.06,-0.0,0.03,-0.08,-0.08,2.07
0.0,0.04,1.04,0.01,0.01,-0.06,0.16,2.38
0.01,0.04,1.03,0.02,0.01,-0.06,0.38,2.35
0.02,0.04,1.02,-0.0,0.01,-0.06,1.07,2.14
0.02,0.03,1.02,-0.03,0.0,-0.06,1.17,1.79
0.02,0.03,1.01,-0.04,-0.03,-0.05,1.15,1.8
0.01,0.03,1.02,-0.05,-0.04,-0.04,0.38,1.63
0.01,0.03,1.02,-0.05,-0.06,-0.04,0.37,1.48
0.0,0.02,1.03,-0.04,-0.07,-0.04,0.14,1.12
-0.01,0.02,1.04,-0.04,-0.09,-0.04,-0.68,1.18
-0.02,0.02,1.05,-0.03,-0.1,-0.03,-1.32,1.07
-0.03,0.02,1.06,-0.02,-0.09,-0.04,-1.63,1.04
-0.03,0.02,1.05,-0.02,-0.09,-0.03,-1.55,0.98
-0.03,0.01,1.06,-0.03,-0.09,-0.03,-1.81,0.71
-0.04,0.01,1.05,-0.01,-0.08,-0.02,-1.93,0.63
-0.03,0.01,1.05,-0.0,-0.08,-0.02,-1.6,0.49
-0.03,0.01,1.05,-0.0,-0.06,-0.0,-1.47,0.81
-0.02,0.02,1.04,-0.01,-0.06,-0.0,-1.35,1.19
-0.02,0.02,1.06,-0.02,-0.07,0.02,-1.32,1.34
-0.03,0.03,1.06,-0.01,-0.06,0.02,-1.49,1.36
-0.03,0.02,1.07,-0.04,-0.03,0.01,-1.44,1.33
-0.02,0.03,1.08,-0.04,-0.04,0.01,-1.2,1.42
-0.03,0.03,1.09,-0.03,-0.05,-0.0,-1.64,1.45
-0.03,0.03,1.09,-0.03,-0.06,-0.01,-1.5,1.55
-0.03,0.03,1.09,-0.04,-0.04,-0.02,-1.59,1.73
-0.03,0.03,1.08,-0.04,-0.05,-0.01,-1.73,1.75
-0.04,0.03,1.09,-0.04,-0.05,-0.04,-2.13,1.69
-0.05,0.03,1.09,-0.05,-0.04,-0.04,-2.51,1.55
-0.06,0.03,1.09,-0.06,-0.03,-0.05,-2.96,1.62
-0.07,0.03,1.09,-0.08,-0.02,-0.06,-3.76,1.63
-0.08,0.03,1.1,-0.08,-0.02,-0.06,-4.05,1.7
-0.09,0.03,1.11,-0.08,-0.02,-0.06,-4.52,1.72
-0.09,0.03,1.12,-0.08,0.01,-0.07,-4.65,1.7
-0.09,0.03,1.12,-0.08,0.01,-0.07,-4.75,1.51
-0.08,0.03,1.13,-0.08,0.02,-0.08,-4.18,1.74
-0.07,0.04,1.13,-0.12,0.04,-0.1,-3.71,1.86
-0.08,0.03,1.13,-0.13,0.04,-0.11,-3.9,1.76
-0.09,0.02,1.15,-0.17,0.08,-0.12,-4.33,1.02
-0.09,0.02,1.16,-0.2,0.14,-0.12,-4.65,0.87
-0.1,0.02,1.16,-0.22,0.18,-0.14,-5.01,0.92
-0.11,0.02,1.17,-0.25,0.27,-0.15,-5.52,0.8
-0.12,0.01,1.17,-0.27,0.35,-0.15,-5.84,0.59
-0.15,-0.01,1.16,-0.27,0.41,-0.16,-7.45,-0.49
-0.17,0.01,1.15,-0.24,0.44,-0.17,-8.27,0.31
-0.18,0.02,1.13,-0.2,0.47,-0.15,-9.28,1.06
-0.2,0.03,1.12,-0.17,0.47,-0.13,-9.95,1.54
-0.17,0.03,1.12,-0.12,0.46,-0.11,-8.78,1.75
-0.16,0.04,1.12,-0.08,0.45,-0.09,-8.02,1.91
-0.14,0.04,1.12,-0.06,0.44,-0.09,-6.89,2.06
-0.12,0.06,1.12,-0.03,0.42,-0.08,-6.1,2.82
-0.1,0.08,1.11,-0.02,0.4,-0.08,-5.14,3.87
-0.08,0.08,1.12,-0.02,0.38,-0.08,-4.21,4.33
-0.08,0.09,1.13,-0.05,0.37,-0.08,-3.97,4.4
-0.08,0.08,1.15,-0.08,0.37,-0.08,-3.88,4.1
-0.09,0.09,1.17,-0.1,0.37,-0.09,-4.23,4.38
-0.1,0.09,1.19,-0.13,0.37,-0.1,-4.61,4.41
-0.11,0.1,1.21,-0.15,0.39,-0.1,-4.95,4.63
-0.12,0.1,1.24,-0.16,0.4,-0.1,-5.6,4.62
-0.12,0.1,1.27,-0.21,0.45,-0.12,-5.59,4.36
-0.12,0.09,1.29,-0.24,0.48,-0.13,-5.39,4.03
-0.12,0.08,1.33,-0.29,0.57,-0.16,-5.15,3.62
-0.13,0.08,1.35,-0.32,0.65,-0.18,-5.3,3.42
-0.14,0.08,1.36,-0.35,0.73,-0.2,-5.85,3.17
-0.15,0.07,1.36,-0.38,0.81,-0.23,-6.23,2.93
-0.16,0.07,1.37,-0.4,0.92,-0.27,-6.7,2.78
-0.18,0.06,1.37,-0.41,1.0,-0.29,-7.35,2.67
-0.19,0.06,1.37,-0.41,1.08,-0.31,-7.97,2.59
-0.2,0.06,1.37,-0.41,1.16,-0.33,-8.2,2.35
-0.21,0.05,1.35,-0.38,1.21,-0.36,-8.92,2.01
-0.22,0.06,1.33,-0.36,1.26,-0.37,-9.57,2.55
-0.23,0.06,1.31,-0.32,1.29,-0.37,-9.97,2.7
-0.23,0.06,1.31,-0.3,1.3,-0.35,-9.82,2.42
-0.21,0.06,1.29,-0.27,1.33,-0.36,-9.23,2.44
-0.2,0.05,1.29,-0.28,1.35,-0.34,-8.99,2.23
-0.2,0.05,1.29,-0.25,1.38,-0.34,-8.81,2.28
-0.19,0.06,1.28,-0.24,1.4,-0.32,-8.65,2.44
-0.18,0.05,1.28,-0.25,1.44,-0.3,-7.86,2.17
-0.17,0.06,1.28,-0.25,1.48,-0.29,-7.55,2.59
-0.17,0.06,1.29,-0.27,1.53,-0.27,-7.44,2.65
-0.16,0.06,1.29,-0.27,1.55,-0.25,-7.08,2.5
-0.15,0.05,1.31,-0.27,1.6,-0.24,-6.73,2.29
-0.15,0.04,1.32,-0.29,1.66,-0.23,-6.55,1.88
-0.15,0.05,1.32,-0.3,1.71,-0.21,-6.31,1.98
-0.15,0.04,1.33,-0.28,1.74,-0.21,-6.28,1.9
-0.14,0.03,1.34,-0.29,1.79,-0.18,-6.02,1.4
-0.12,0.02,1.34,-0.3,1.89,-0.17,-5.19,1.03
-0.11,0.02,1.33,-0.3,1.94,-0.16,-4.74,0.69
-0.1,0.01,1.33,-0.29,2.01,-0.15,-4.32,0.43
-0.1,0.01,1.33,-0.3,2.06,-0.13,-4.49,0.31
-0.1,0.0,1.33,-0.27,2.09,-0.12,-4.33,0.07
-0.08,-0.02,1.32,-0.28,2.12,-0.11,-3.57,-0.96
-0.07,-0.02,1.32,-0.24,2.12,-0.12,-2.98,-1.02
-0.07,-0.04,1.35,-0.21,2.13,-0.12,-2.97,-1.66
-0.06,-0.05,1.36,-0.18,2.15,-0.15,-2.51,-2.11
-0.04,-0.07,1.36,-0.12,2.16,-0.15,-1.74,-2.95
-0.03,-0.08,1.34,-0.08,2.17,-0.17,-1.4,-3.38
-0.02,-0.08,1.31,-0.05,2.19,-0.18,-0.82,-3.56
-0.01,-0.09,1.29,-0.03,2.22,-0.18,-0.48,-3.99
-0.01,-0.09,1.27,-0.02,2.23,-0.17,-0.42,-4.02
-0.01,-0.09,1.27,-0.01,2.25,-0.16,-0.44,-4.0
-0.01,-0.09,1.26,-0.01,2.28,-0.13,-0.44,-4.29
-0.0,-0.1,1.26,0.01,2.32,-0.1,-0.08,-4.56
0.0,-0.11,1.28,0.02,2.34,-0.07,0.18,-4.84
0.02,-0.11,1.29,0.05,2.36,-0.04,0.8,-5.07
0.04,-0.13,1.31,0.06,2.37,-0.03,1.53,-5.47
0.06,-0.13,1.33,0.08,2.41,-0.02,2.39,-5.52
0.08,-0.14,1.34,0.09,2.44,-0.01,3.47,-5.75
0.11,-0.15,1.34,0.1,2.49,-0.02,4.69,-6.46
0.13,-0.16,1.35,0.11,2.53,-0.03,5.57,-6.71
0.15,-0.15,1.34,0.11,2.6,-0.05,6.26,-6.47
0.16,-0.14,1.32,0.11,2.63,-0.06,6.86,-5.96
0.16,-0.14,1.3,0.12,2.68,-0.06,7.02,-6.03
0.16,-0.13,1.28,0.11,2.72,-0.07,6.99,-5.8
0.15,-0.13,1.26,0.09,2.77,-0.06,6.92,-5.81
0.15,-0.12,1.26,0.09,2.81,-0.04,6.91,-5.56
0.16,-0.12,1.26,0.09,2.83,-0.01,7.23,-5.54
0.18,-0.12,1.25,0.09,2.91,-0.0,8.28,-5.61
0.2,-0.15,1.24,0.1,2.98,0.02,9.18,-6.69
0.21,-0.11,1.24,0.08,2.99,0.01,9.5,-5.23
0.23,-0.12,1.2,0.09,3.01,0.01,10.89,-5.79
0.22,-0.12,1.19,0.1,3.03,-0.0,10.44,-5.74
0.22,-0.12,1.2,0.11,3.06,-0.0,10.17,-5.49
0.21,-0.11,1.2,0.13,3.05,0.01,9.86,-5.07
0.23,-0.11,1.19,0.16,3.04,0.01,10.81,-5.4
0.24,-0.11,1.18,0.2,3.0,0.02,11.51,-5.34
0.24,-0.12,1.16,0.21,3.01,-0.0,11.8,-5.84
0.26,-0.11,1.14,0.24,2.98,-0.01,12.9,-5.51
0.26,-0.11,1.12,0.23,2.99,-0.01,13.07,-5.3
0.26,-0.11,1.11,0.24,2.98,-0.01,13.37,-5.43
0.27,-0.1,1.1,0.24,3.0,-0.0,13.81,-5.21
0.29,-0.1,1.1,0.23,3.04,0.01,14.44,-5.09
0.32,-0.1,1.11,0.23,3.06,0.0,15.75,-5.16
0.34,-0.11,1.11,0.25,3.06,-0.01,16.95,-5.25
0.35,-0.12,1.09,0.27,3.09,-0.05,17.84,-5.81
0.34,-0.11,1.08,0.29,3.09,-0.08,17.54,-5.59
0.32,-0.09,1.04,0.35,3.33,-0.2,16.99,-4.92
0.28,-0.07,0.99,0.29,3.09,-0.09,15.8,-4.0
0.25,-0.06,0.96,0.29,3.08,-0.09,14.45,-3.41
0.22,-0.04,0.93,0.28,3.08,-0.06,13.31,-2.67
0.2,-0.04,0.92,0.25,3.04,-0.01,12.44,-2.6
0.21,-0.04,0.94,0.22,3.02,0.04,12.71,-2.38
0.23,-0.05,0.95,0.21,3.0,0.08,13.81,-2.92
0.28,-0.06,0.97,0.19,2.97,0.09,16.06,-3.48
0.32,-0.06,0.97,0.22,2.94,0.08,18.38,-3.41
0.35,-0.07,0.97,0.23,2.9,0.06,19.82,-4.07
0.36,-0.07,0.97,0.25,2.89,0.03,20.42,-4.15
0.36,-0.07,0.96,0.26,2.9,0.01,20.56,-4.07
0.35,-0.06,0.94,0.24,2.92,-0.02,20.52,-3.26
0.33,-0.05,0.91,0.24,2.91,-0.02,20.06,-2.68
0.32,-0.03,0.9,0.23,2.92,-0.04,19.37,-1.87
0.31,-0.02,0.88,0.19,2.93,-0.05,19.31,-1.35
0.3,-0.02,0.87,0.18,2.92,-0.04,18.77,-1.37
0.29,-0.02,0.85,0.16,2.93,-0.03,18.63,-1.19
0.27,-0.01,0.84,0.12,2.94,-0.03,17.94,-0.68
0.25,-0.0,0.83,0.09,2.95,-0.0,16.9,-0.2
0.26,0.0,0.81,0.06,2.94,0.02,17.42,0.01
0.26,-0.01,0.82,0.02,2.95,0.04,17.79,-0.59
0.29,-0.02,0.83,0.02,2.92,0.04,19.26,-1.11
0.3,-0.02,0.83,0.03,2.91,0.02,19.81,-1.24
0.3,-0.02,0.82,0.03,2.9,0.01,19.74,-1.56
0.27,-0.01,0.8,0.05,2.9,0.0,18.49,-0.98
0.23,0.0,0.78,0.06,2.9,0.01,16.3,0.29
0.2,0.03,0.77,0.04,2.88,0.03,14.62,1.94
0.2,0.03,0.76,0.03,2.83,0.06,14.91,1.89
0.23,0.02,0.77,0.01,2.79,0.07,16.59,1.14
0.26,-0.01,0.79,0.04,2.76,0.05,17.84,-0.67
0.26,-0.02,0.82,0.08,2.71,0.04,17.82,-1.32
0.26,-0.01,0.82,0.15,2.64,0.01,17.6,-0.81
0.25,-0.0,0.78,0.18,2.61,-0.01,17.51,-0.28
0.23,-0.0,0.76,0.22,2.58,-0.01,16.63,-0.05
0.2,0.02,0.76,0.22,2.59,-0.01,14.92,1.25
0.17,0.04,0.74,0.23,2.55,0.02,12.7,3.02
0.14,0.05,0.72,0.21,2.52,0.03,11.21,4.06
0.15,0.05,0.72,0.22,2.48,0.05,11.52,3.69
0.16,0.05,0.73,0.19,2.47,0.07,12.08,4.08
0.17,0.06,0.74,0.17,2.44,0.09,13.09,4.19
0.17,0.05,0.73,0.17,2.43,0.09,12.88,4.07
0.17,0.06,0.73,0.16,2.43,0.09,12.9,4.36
0.15,0.07,0.72,0.16,2.4,0.09,11.9,5.66
0.15,0.07,0.71,0.14,2.39,0.11,11.45,5.33
0.14,0.07,0.72,0.13,2.39,0.11,10.89,5.72
0.13,0.08,0.74,0.12,2.37,0.13,9.72,5.96
0.11,0.09,0.72,0.11,2.37,0.13,8.64,7.05
0.1,0.09,0.72,0.09,2.36,0.15,8.21,7.0
0.09,0.09,0.73,0.1,2.33,0.17,7.4,7.03
0.1,0.1,0.74,0.12,2.28,0.18,7.26,7.43
0.09,0.1,0.74,0.12,2.25,0.19,6.73,7.98
0.08,0.12,0.74,0.13,2.2,0.21,6.02,9.2
0.08,0.13,0.72,0.12,2.14,0.19,6.05,10.14
0.09,0.12,0.72,0.11,2.07,0.19,6.98,9.27
0.09,0.12,0.72,0.11,2.04,0.17,6.76,9.2
0.1,0.12,0.75,0.1,1.99,0.18,7.53,8.66
0.12,0.12,0.75,0.13,1.93,0.17,8.83,8.96
0.12,0.11,0.74,0.16,1.89,0.15,8.89,8.13
0.11,0.1,0.73,0.17,1.9,0.12,8.1,8.05
0.08,0.11,0.75,0.19,1.89,0.12,5.95,8.29
0.04,0.12,0.75,0.21,1.89,0.11,3.21,8.92
0.02,0.13,0.75,0.21,1.88,0.14,1.83,9.92
0.0,0.14,0.74,0.25,1.8,0.13,0.36,11.02
0.0,0.14,0.73,0.24,1.78,0.15,0.28,11.09
0.02,0.15,0.73,0.24,1.75,0.17,1.26,11.48
0.03,0.16,0.74,0.25,1.72,0.17,2.0,11.92
0.03,0.17,0.74,0.25,1.71,0.16,2.39,12.88
0.04,0.19,0.72,0.24,1.67,0.15,3.4,14.5
0.05,0.19,0.7,0.24,1.65,0.12,4.1,15.0
0.05,0.19,0.7,0.25,1.63,0.09,3.6,15.46
0.04,0.2,0.71,0.22,1.67,0.06,3.12,15.99
0.03,0.2,0.71,0.25,1.61,0.02,2.2,16.11
0.0,0.21,0.7,0.21,1.58,-0.02,0.21,17.05
-0.01,0.23,0.72,0.22,1.5,-0.05,-1.06,17.41
-0.04,0.23,0.72,0.21,1.45,-0.09,-3.07,17.44
-0.06,0.21,0.74,0.17,1.38,-0.11,-4.17,15.71
-0.05,0.21,0.77,0.17,1.29,-0.12,-3.54,15.08
-0.04,0.21,0.8,0.18,1.19,-0.13,-2.59,14.95
-0.03,0.21,0.81,0.17,1.12,-0.13,-1.88,14.73
-0.02,0.21,0.81,0.16,1.06,-0.13,-1.36,14.63
-0.01,0.21,0.8,0.16,1.0,-0.15,-1.04,14.93
-0.02,0.21,0.8,0.12,0.97,-0.16,-1.2,14.75
-0.01,0.21,0.81,0.09,0.95,-0.16,-0.52,14.36
-0.01,0.2,0.83,0.06,0.95,-0.15,-0.97,13.88
-0.0,0.2,0.85,0.04,0.96,-0.14,-0.06,13.52
0.01,0.22,0.84,0.07,1.09,-0.28,0.4,14.46
0.02,0.19,0.81,-0.02,0.95,-0.15,1.2,13.13
0.03,0.17,0.82,-0.05,0.98,-0.16,1.74,11.74
0.04,0.15,0.85,-0.03,1.0,-0.16,2.94,10.22
0.04,0.15,0.87,-0.01,0.96,-0.15,2.8,9.96
0.04,0.15,0.87,0.01,0.97,-0.16,2.52,9.56
0.04,0.14,0.86,0.04,0.96,-0.16,2.87,9.09
0.04,0.14,0.86,0.08,0.94,-0.17,2.75,9.11
0.03,0.14,0.85,0.2,1.07,-0.34,1.95,9.09
0.02,0.13,0.85,0.18,0.89,-0.18,1.26,8.66
-0.01,0.14,0.85,0.23,0.87,-0.19,-0.68,9.05
-0.03,0.15,0.84,0.28,0.82,-0.17,-1.89,10.14
-0.03,0.15,0.82,0.32,0.75,-0.18,-2.37,10.63
-0.04,0.17,0.81,0.37,0.7,-0.21,-2.77,12.1
-0.07,0.18,0.79,0.37,0.68,-0.23,-4.68,12.51
-0.1,0.2,0.79,0.39,0.61,-0.22,-7.0,13.9
-0.13,0.2,0.77,0.37,0.58,-0.24,-9.43,14.63
-0.15,0.22,0.77,0.34,0.54,-0.23,-10.68,15.33
-0.17,0.22,0.77,0.29,0.53,-0.23,-12.19,15.29
-0.19,0.22,0.77,0.23,0.49,-0.21,-13.24,15.28
-0.19,0.21,0.77,0.18,0.47,-0.2,-13.16,14.76
-0.19,0.2,0.78,0.11,0.44,-0.18,-13.07,14.26
-0.2,0.2,0.78,0.02,0.43,-0.17,-14.23,13.71
-0.21,0.18,0.78,-0.05,0.42,-0.14,-14.49,12.77
-0.2,0.17,0.8,-0.13,0.41,-0.11,-13.7,11.57
-0.18,0.13,0.81,-0.19,0.42,-0.07,-12.23,9.19
-0.15,0.1,0.84,-0.26,0.47,-0.04,-9.89,6.94
-0.12,0.08,0.86,-0.27,0.49,0.03,-7.83,5.0
-0.08,0.06,0.87,-0.27,0.55,0.05,-5.58,3.85
-0.05,0.04,0.88,-0.27,0.55,0.09,-3.48,2.92
-0.03,0.03,0.88,-0.24,0.56,0.1,-1.64,2.22
-0.0,0.03,0.88,-0.2,0.55,0.12,-0.29,1.87
0.02,0.02,0.89,-0.1,0.51,0.11,1.02,1.29
0.02,0.03,0.89,-0.0,0.46,0.11,0.97,2.05
-0.01,0.05,0.89,0.06,0.43,0.09,-0.37,3.28
-0.03,0.06,0.88,0.13,0.36,0.08,-1.77,3.89
-0.06,0.08,0.88,0.18,0.32,0.08,-3.84,5.1
-0.09,0.09,0.88,0.22,0.25,0.08,-5.59,6.09
-0.09,0.11,0.88,0.24,0.22,0.09,-5.87,7.04
-0.1,0.12,0.87,0.23,0.18,0.1,-6.41,7.89
-0.1,0.14,0.86,0.26,0.14,0.1,-6.8,9.02
-0.11,0.15,0.86,0.24,0.11,0.11,-7.09,9.8
-0.11,0.17,0.84,0.18,0.12,0.11,-7.13,11.28
-0.1,0.18,0.84,0.16,0.09,0.12,-6.66,12.01
-0.09,0.19,0.83,0.11,0.08,0.11,-5.83,12.7
-0.08,0.19,0.84,0.04,0.11,0.09,-5.29,12.6
-0.08,0.19,0.84,-0.04,0.14,0.1,-5.24,12.83
-0.07,0.19,0.85,-0.09,0.16,0.09,-4.44,12.73
-0.06,0.19,0.84,-0.16,0.16,0.07,-3.92,12.63
-0.05,0.18,0.85,-0.19,0.14,0.06,-3.02,11.63
-0.03,0.14,0.87,-0.23,0.19,0.03,-1.78,9.2
-0.01,0.12,0.9,-0.27,0.2,0.03,-0.83,7.3
0.0,0.09,0.93,-0.26,0.19,0.03,0.1,5.63
0.02,0.07,0.94,-0.23,0.18,0.02,1.47,4.43
0.04,0.05,0.95,-0.19,0.18,0.01,2.3,3.3
0.04,0.05,0.95,-0.16,0.14,0.02,2.4,2.99
0.05,0.04,0.95,-0.1,0.13,-0.0,2.87,2.49
0.03,0.04,0.96,-0.05,0.09,-0.0,1.98,2.11
0.02,0.04,0.97,-0.01,0.1,-0.01,0.94,2.42
0.0,0.05,0.98,0.02,0.07,-0.0,0.0,2.9
0.01,0.06,0.97,0.05,0.03,0.01,0.71,3.46
0.0,0.07,0.95,0.06,0.01,0.02,0.29,4.37
-0.0,0.09,0.92,0.06,0.04,0.02,-0.25,5.48
-0.02,0.09,0.93,0.06,0.05,0.02,-1.02,5.65
-0.03,0.09,0.94,0.05,0.04,0.02,-1.91,5.57
-0.04,0.09,0.93,0.04,0.03,0.03,-2.52,5.76
-0.04,0.1,0.92,0.02,0.03,0.02,-2.37,6.37
-0.01,0.11,0.92,-0.01,0.02,0.01,-0.92,6.73
-0.01,0.1,0.91,-0.02,0.0,0.01,-0.35,6.23
0.0,0.08,0.91,-0.01,0.01,-0.01,0.0,5.09
-0.01,0.07,0.93,-0.03,0.04,-0.03,-0.54,4.5
-0.02,0.07,0.95,-0.03,0.04,-0.03,-1.18,4.37
-0.02,0.07,0.96,-0.01,-0.0,-0.02,-1.04,4.27
-0.01,0.08,0.96,-0.01,-0.04,-0.01,-0.68,4.68
-0.0,0.08,0.95,-0.01,-0.01,0.0,-0.0,4.93
-0.01,0.09,0.93,-0.04,0.01,0.01,-0.59,5.38
-0.01,0.09,0.94,-0.03,0.02,0.0,-0.54,5.34
-0.02,0.09,0.94,-0.06,0.02,0.0,-1.05,5.4
-0.01,0.09,0.95,-0.1,0.01,0.01,-0.7,5.15
-0.0,0.08,0.95,-0.14,0.05,0.02,-0.27,4.59
-0.0,0.07,0.97,-0.14,0.03,0.03,-0.01,4.02
0.01,0.06,0.97,-0.1,0.16,-0.12,0.41,3.84
0.02,0.05,0.96,-0.14,0.01,0.03,1.0,2.78
0.03,0.03,0.96,-0.14,0.03,0.03,1.56,1.85
0.04,0.03,0.97,-0.13,0.03,0.04,2.5,1.74
0.07,0.03,0.97,-0.11,-0.0,0.05,3.97,1.65
0.09,0.02,0.96,-0.07,0.01,0.04,5.3,1.4
0.1,0.01,0.95,-0.05,0.04,0.01,6.21,0.88
0.09,0.02,0.94,-0.0,0.03,-0.0,5.38,1.08
0.07,0.02,0.96,0.04,0.05,-0.02,3.96,1.02
0.03,0.02,0.97,0.08,0.05,-0.02,1.81,1.4
0.0,0.03,0.98,0.1,0.06,-0.01,0.1,1.57
-0.01,0.04,0.98,0.13,0.03,0.03,-0.61,2.38
-0.01,0.06,0.96,0.15,-0.02,0.05,-0.78,3.32
-0.01,0.08,0.94,0.17,-0.04,0.05,-0.43,4.55
-0.01,0.09,0.91,0.16,-0.05,0.06,-0.45,5.61
-0.02,0.11,0.9,0.12,-0.03,0.04,-1.37,6.69
-0.03,0.1,0.88,0.12,-0.03,0.03,-1.96,6.67
-0.04,0.1,0.89,0.09,-0.03,0.03,-2.54,6.4
-0.04,0.1,0.92,0.05,-0.03,0.02,-2.54,6.17
-0.05,0.1,0.92,0.03,-0.05,0.03,-2.87,6.1
-0.05,0.1,0.92,0.02,-0.07,0.03,-3.13,5.97
-0.05,0.1,0.92,-0.02,-0.09,0.04,-2.98,6.1
-0.04,0.1,0.92,-0.06,-0.07,0.05,-2.57,5.99
-0.03,0.1,0.91,-0.08,-0.06,0.06,-2.01,6.18
-0.03,0.1,0.9,-0.11,-0.05,0.05,-1.82,6.03
-0.03,0.09,0.91,-0.16,-0.06,0.05,-1.79,5.39
-0.02,0.08,0.91,-0.18,-0.05,0.05,-0.98,4.84
-0.01,0.07,0.91,-0.21,-0.05,0.05,-0.46,4.41
0.03,0.05,0.92,-0.24,-0.05,0.04,1.71,3.16
0.03,0.04,0.93,-0.21,-0.06,0.03,2.15,2.61
0.04,0.02,0.95,-0.21,-0.03,0.02,2.36,1.49
0.04,0.02,0.94,-0.18,-0.06,0.02,2.69,1.41
0.04,0.02,0.96,-0.16,-0.05,0.02,2.23,0.98
0.03,0.01,0.97,-0.12,-0.05,0.02,1.58,0.56
0.03,0.01,0.98,-0.1,-0.05,0.04,1.62,0.42
0.02,0.02,0.99,-0.05,-0.08,0.05,1.12,0.93
0.02,0.03,0.98,-0.02,-0.09,0.06,1.15,1.51
0.02,0.04,0.96,-0.01,-0.11,0.07,1.18,2.42
0.02,0.05,0.95,0.0,-0.09,0.06,1.12,2.97
0.02,0.05,0.94,0.01,-0.09,0.06,1.1,3.13
0.02,0.05,0.94,0.02,-0.08,0.06,1.24,3.32
0.03,0.07,0.94,0.03,-0.1,0.05,1.76,4.07
0.04,0.07,0.95,0.03,-0.11,0.03,2.12,4.3
0.04,0.08,0.94,0.01,-0.1,0.02,2.28,4.65
0.04,0.08,0.93,0.07,0.04,-0.13,2.43,4.73
0.03,0.09,0.93,-0.01,-0.07,-0.01,1.6,5.24
0.01,0.08,0.94,-0.02,-0.07,-0.02,0.53,5.09
0.0,0.08,0.95,-0.05,-0.06,-0.02,0.16,4.81
-0.01,0.08,0.95,-0.09,-0.05,-0.03,-0.88,5.12
-0.0,0.08,0.96,-0.11,-0.06,-0.02,-0.04,4.77
0.01,0.07,0.96,-0.14,-0.03,-0.02,0.4,4.04
0.02,0.05,0.97,-0.15,-0.01,-0.02,1.47,3.22
0.03,0.05,0.97,-0.15,-0.01,-0.01,1.63,3.19
0.03,0.04,0.97,-0.14,-0.01,-0.01,1.9,2.42
0.03,0.04,0.98,-0.15,-0.01,-0.01,1.63,2.33
0.03,0.03,0.98,-0.13,0.0,-0.0,1.54,1.68
0.04,0.04,0.99,-0.12,-0.0,0.01,2.36,2.04
0.04,0.04,0.99,-0.1,-0.03,0.01,2.09,2.09
0.04,0.04,0.98,-0.1,-0.03,0.01,2.32,2.35
0.05,0.04,0.97,-0.12,-0.02,0.02,3.15,2.14
0.06,0.04,0.97,-0.13,-0.02,0.02,3.39,2.24
0.07,0.03,0.97,-0.11,-0.02,0.03,4.17,1.48
0.08,0.01,0.98,-0.08,0.02,0.02,4.52,0.81
0.09,0.01,0.98,-0.08,0.05,0.03,5.21,0.55
0.1,0.0,0.98,-0.05,0.07,0.03,5.77,0.08
0.11,0.01,0.99,-0.01,0.06,0.04,6.18,0.6
0.1,0.02,0.98,0.05,0.03,0.02,5.86,1.45
0.08,0.05,0.96,0.07,0.03,-0.0,4.94,2.9
0.06,0.06,0.95,0.08,0.0,-0.01,3.85,3.37
0.04,0.07,0.94,0.07,-0.0,-0.03,2.23,4.2
0.02,0.08,0.94,0.06,0.02,-0.03,1.46,4.66
0.01,0.07,0.93,0.0,0.06,-0.02,0.84,4.32
0.02,0.09,0.93,-0.04,0.08,-0.01,1.24,5.43
0.02,0.08,0.94,-0.06,0.08,-0.01,1.48,4.78
0.04,0.07,0.96,-0.09,0.11,-0.01,2.15,3.97
0.04,0.05,0.96,-0.09,0.1,0.01,2.53,3.25
0.05,0.06,0.97,-0.09,0.11,0.02,3.19,3.5
0.05,0.05,0.97,-0.08,0.09,0.01,3.01,2.86
0.05,0.05,0.94,-0.07,0.07,0.01,3.13,3.24
0.05,0.05,0.94,-0.06,0.08,-0.0,2.78,3.0
0.05,0.04,0.95,-0.05,0.09,-0.0,3.28,2.53
0.03,0.04,0.95,-0.03,0.07,-0.0,1.76,2.56
0.02,0.04,0.96,-0.01,0.06,0.01,1.15,2.47
0.01,0.04,0.96,-0.02,0.07,0.01,0.54,2.65
0.01,0.04,0.96,-0.02,0.06,0.04,0.61,2.46
0.01,0.04,0.95,-0.0,0.06,0.04,0.43,2.58
0.01,0.05,0.95,0.01,0.01,0.06,0.61,2.9
0.01,0.06,0.94,0.02,0.03,0.06,0.59,3.42
0.01,0.06,0.93,0.03,0.03,0.06,0.74,3.63
0.02,0.06,0.94,0.05,0.0,0.06,1.3,3.5
0.02,0.07,0.94,0.05,-0.02,0.08,1.48,3.95
0.02,0.08,0.95,0.05,-0.01,0.06,1.48,4.72
0.02,0.08,0.93,0.07,-0.01,0.06,0.93,5.04
0.01,0.09,0.92,0.06,0.02,-0.01,0.57,5.55
0.01,0.1,0.92,-0.01,-0.1,0.12,0.45,6.05
0.01,0.1,0.92,0.02,-0.04,0.07,0.78,6.47
0.01,0.11,0.92,0.0,0.01,0.05,0.87,7.04
0.01,0.11,0.91,-0.02,0.01,0.04,0.59,7.16
0.02,0.11,0.91,-0.04,-0.01,0.04,0.94,6.88
0.02,0.1,0.92,-0.05,0.01,0.01,1.01,6.39
0.02,0.09,0.93,-0.08,0.0,-0.01,1.23,5.33
0.02,0.08,0.95,-0.06,-0.02,-0.02,1.26,4.77
0.02,0.07,0.95,-0.06,-0.04,-0.01,1.23,4.27
0.03,0.07,0.96,-0.05,-0.03,-0.02,1.67,4.06
0.03,0.07,0.96,-0.03,-0.05,-0.01,1.55,3.87
0.03,0.06,0.96,-0.03,-0.05,-0.02,1.68,3.39
0.03,0.04,0.96,-0.01,-0.05,-0.02,1.7,2.69
0.03,0.04,0.96,0.01,-0.03,-0.03,1.57,2.49
0.01,0.05,0.97,0.02,-0.02,-0.03,0.76,2.74
-0.0,0.05,0.97,0.03,-0.05,-0.01,-0.29,2.84
-0.01,0.05,0.96,0.06,-0.06,0.01,-0.8,3.09
-0.03,0.06,0.95,0.09,-0.04,0.01,-1.51,3.71
-0.04,0.08,0.95,0.1,-0.04,0.02,-2.26,4.67
-0.05,0.1,0.93,0.11,-0.07,0.03,-2.78,6.15
-0.06,0.1,0.91,0.09,-0.08,0.03,-3.67,6.36
-0.05,0.1,0.9,0.08,-0.1,0.01,-3.35,6.63
-0.05,0.1,0.89,0.06,-0.09,0.0,-3.25,6.31
-0.05,0.1,0.9,0.03,-0.11,-0.01,-3.35,6.56
-0.05,0.1,0.91,0.03,-0.11,-0.03,-2.97,6.47
-0.04,0.1,0.92,0.03,-0.11,-0.04,-2.79,6.1
-0.03,0.12,0.91,-0.0,-0.11,-0.03,-2.18,7.54
-0.05,0.11,0.9,0.0,-0.14,-0.04,-3.08,7.0
-0.04,0.12,0.9,-0.02,-0.16,-0.05,-2.6,7.34
-0.05,0.11,0.9,-0.04,-0.16,-0.07,-3.09,7.01
-0.03,0.09,0.91,-0.07,-0.16,-0.08,-2.16,5.62
-0.04,0.09,0.91,-0.09,-0.16,-0.08,-2.69,5.57
-0.05,0.09,0.92,-0.1,-0.14,-0.08,-2.86,5.3
-0.04,0.08,0.92,-0.11,-0.14,-0.07,-2.47,4.65
-0.03,0.07,0.93,-0.09,-0.13,-0.06,-1.73,4.11
-0.03,0.06,0.93,-0.09,-0.14,-0.04,-1.73,3.79
-0.03,0.06,0.93,-0.06,-0.14,-0.02,-1.61,3.7
-0.02,0.06,0.92,-0.05,-0.14,-0.02,-1.45,3.69
-0.02,0.07,0.92,-0.01,-0.15,-0.02,-1.15,4.21
-0.02,0.07,0.91,0.04,-0.17,-0.02,-1.22,4.57
-0.02,0.09,0.89,0.08,-0.2,-0.02,-1.58,5.88
-0.05,0.11,0.87,0.1,-0.23,-0.03,-2.96,7.47
-0.06,0.12,0.86,0.12,-0.24,-0.05,-3.81,7.86
-0.07,0.14,0.86,0.14,-0.27,-0.05,-4.86,9.04
-0.1,0.15,0.85,0.15,-0.3,-0.04,-6.36,9.65
-0.13,0.15,0.84,0.15,-0.3,-0.04,-8.38,10.31
-0.13,0.16,0.84,0.16,-0.32,-0.03,-8.84,10.75
-0.13,0.16,0.84,0.17,-0.34,-0.02,-8.65,10.82
-0.13,0.17,0.82,0.18,-0.38,-0.01,-9.12,11.67
-0.14,0.18,0.82,0.2,-0.42,-0.0,-9.23,12.14
-0.14,0.2,0.81,0.23,-0.47,-0.0,-9.4,13.3
-0.15,0.21,0.8,0.25,-0.54,0.0,-10.3,14.84
-0.16,0.23,0.77,0.25,-0.6,0.0,-11.14,16.38
-0.17,0.25,0.76,0.28,-0.65,-0.01,-11.95,17.78
-0.18,0.26,0.76,0.25,-0.7,-0.03,-12.53,18.73
-0.19,0.28,0.75,0.25,-0.79,-0.03,-13.11,19.97
-0.19,0.3,0.74,0.22,-0.89,-0.04,-13.24,21.28
-0.18,0.3,0.73,0.2,-0.96,-0.06,-12.95,21.94
-0.17,0.3,0.71,0.15,-1.01,-0.08,-12.54,22.49
-0.16,0.29,0.71,0.11,-1.08,-0.1,-11.65,21.93
-0.14,0.28,0.72,0.07,-1.14,-0.12,-10.19,21.16
-0.12,0.27,0.72,0.05,-1.19,-0.14,-8.72,20.02
-0.11,0.25,0.73,0.04,-1.23,-0.16,-7.81,18.94
-0.1,0.23,0.74,0.02,-1.27,-0.17,-7.57,17.32
-0.1,0.21,0.75,0.03,-1.33,-0.17,-7.12,15.12
-0.1,0.2,0.76,0.04,-1.36,-0.18,-6.96,14.21
-0.1,0.19,0.78,0.04,-1.4,-0.16,-6.83,13.37
-0.09,0.17,0.77,0.07,-1.45,-0.15,-6.72,12.16
-0.09,0.15,0.77,0.11,-1.48,-0.12,-6.68,11.18
-0.1,0.14,0.79,0.16,-1.51,-0.09,-7.3,9.71
-0.12,0.13,0.81,0.2,-1.57,-0.05,-8.57,8.82
-0.14,0.12,0.82,0.26,-1.65,-0.01,-9.45,8.44
-0.17,0.12,0.81,0.3,-1.71,0.05,-11.75,8.41
-0.2,0.12,0.81,0.34,-1.76,0.12,-13.9,8.24
-0.25,0.14,0.8,0.35,-1.81,0.19,-17.09,9.4
-0.28,0.16,0.79,0.36,-1.9,0.3,-18.9,10.8
-0.26,0.18,0.75,0.34,-1.97,0.39,-18.47,12.66
-0.2,0.2,0.7,0.3,-2.03,0.47,-15.52,15.31
-0.12,0.21,0.65,0.22,-2.05,0.52,-10.28,17.37
-0.04,0.21,0.61,0.17,-2.06,0.54,-3.42,18.86
0.05,0.21,0.59,0.15,-2.06,0.51,4.12,19.84
0.13,0.2,0.59,0.1,-2.05,0.45,11.58,18.61
0.18,0.19,0.59,0.08,-2.05,0.37,16.28,17.21
0.21,0.18,0.59,0.07,-2.05,0.27,19.04,15.89
0.22,0.16,0.6,0.09,-2.04,0.15,19.35,14.22
0.22,0.15,0.6,0.1,-2.04,0.04,19.49,12.77
0.18,0.13,0.64,0.11,-2.02,-0.06,15.59,11.05
0.11,0.13,0.67,0.13,-2.03,-0.11,9.28,11.07
0.03,0.14,0.68,0.16,-2.1,-0.14,2.31,11.6
-0.04,0.14,0.7,0.16,-2.15,-0.14,-3.45,11.62
-0.1,0.16,0.69,0.15,-2.21,-0.09,-8.16,13.17
-0.13,0.17,0.7,0.11,-2.26,-0.03,-10.48,13.58
-0.15,0.18,0.7,0.07,-2.28,0.05,-11.91,14.47
-0.14,0.2,0.69,0.02,-2.34,0.13,-11.23,16.32
-0.13,0.23,0.66,-0.06,-2.38,0.21,-10.63,18.63
-0.11,0.23,0.62,-0.15,-2.42,0.28,-9.31,19.97
-0.1,0.22,0.61,-0.24,-2.43,0.35,-8.97,19.56
-0.1,0.21,0.61,-0.32,-2.45,0.42,-8.54,19.05
-0.08,0.2,0.62,-0.42,-2.43,0.49,-7.31,17.58
-0.05,0.19,0.64,-0.52,-2.47,0.58,-4.22,16.46
0.04,0.17,0.66,-0.56,-2.54,0.64,3.6,14.57
0.19,0.14,0.67,-0.6,-2.59,0.66,15.75,11.07
0.34,0.1,0.67,-0.6,-2.65,0.6,26.63,7.54
0.45,0.06,0.67,-0.58,-2.7,0.49,33.34,4.38
0.48,0.04,0.69,-0.53,-2.73,0.35,35.13,2.43
0.48,0.03,0.72,-0.48,-2.73,0.22,33.9,1.75
0.44,0.02,0.75,-0.44,-2.73,0.09,30.31,1.54
0.38,0.03,0.77,-0.42,-2.79,0.01,26.2,1.75
0.33,0.02,0.78,-0.4,-2.81,-0.06,22.74,1.41
0.28,0.02,0.78,-0.4,-2.83,-0.09,19.37,1.35
0.22,0.01,0.79,-0.42,-2.81,-0.09,15.51,1.01
0.18,0.01,0.8,-0.45,-2.81,-0.08,13.02,0.9
0.14,0.03,0.79,-0.49,-2.8,-0.03,10.2,2.09
0.11,0.05,0.78,-0.54,-2.79,0.03,7.8,3.67
0.09,0.06,0.76,-0.62,-2.78,0.09,6.85,4.47
0.09,0.06,0.74,-0.73,-2.76,0.16,6.59,4.51
0.1,0.04,0.74,-0.81,-2.76,0.22,7.57,3.26
0.11,0.01,0.74,-0.9,-2.75,0.28,8.78,1.14
0.14,-0.0,0.75,-0.98,-2.71,0.33,10.3,-0.17
0.14,-0.02,0.75,-1.08,-2.66,0.38,10.19,-1.83
0.16,-0.04,0.76,-1.13,-2.65,0.43,11.84,-3.26
0.2,-0.08,0.79,-1.2,-2.57,0.46,14.44,-5.3
0.25,-0.11,0.83,-1.21,-2.58,0.47,16.82,-7.31
0.32,-0.16,0.9,-1.21,-2.56,0.46,19.21,-9.47
0.35,-0.19,0.95,-1.14,-2.54,0.42,19.7,-10.83
0.39,-0.2,0.99,-1.04,-2.56,0.37,21.02,-10.67
0.44,-0.22,1.05,-0.92,-2.6,0.3,22.43,-11.11
0.49,-0.24,1.07,-0.78,-2.67,0.19,24.05,-11.67
0.51,-0.27,1.09,-0.63,-2.76,0.06,24.61,-12.54
0.49,-0.27,1.1,-0.47,-2.87,-0.09,23.39,-12.63
0.43,-0.26,1.1,-0.36,-2.92,-0.22,20.89,-12.47
0.34,-0.26,1.12,-0.26,-2.97,-0.29,16.38,-12.4
0.27,-0.2,1.08,-0.18,-3.02,-0.31,13.9,-10.33
0.22,-0.18,1.05,-0.14,-3.07,-0.31,11.85,-9.53
0.19,-0.17,1.01,-0.15,-3.07,-0.28,10.27,-9.43
0.15,-0.15,1.01,-0.19,-3.02,-0.23,8.11,-8.24
0.12,-0.13,0.98,-0.25,-2.97,-0.15,7.15,-7.29
0.12,-0.11,0.97,-0.34,-2.94,-0.07,7.07,-6.27
0.12,-0.12,0.96,-0.44,-2.86,-0.0,7.29,-6.87
0.12,-0.12,0.96,-0.56,-2.76,0.08,7.17,-7.14
0.11,-0.13,0.97,-0.66,-2.66,0.14,6.58,-7.58
0.1,-0.14,0.98,-0.73,-2.54,0.22,5.66,-8.27
0.09,-0.15,0.99,-0.8,-2.44,0.3,4.9,-8.89
0.06,-0.17,1.0,-0.86,-2.34,0.36,3.6,-9.55
0.06,-0.17,1.02,-0.88,-2.28,0.44,3.19,-9.47
0.06,-0.19,1.08,-0.85,-2.28,0.5,3.29,-10.16
0.11,-0.2,1.11,-0.8,-2.26,0.52,5.6,-10.3
0.15,-0.23,1.16,-0.73,-2.27,0.52,7.25,-11.0
0.18,-0.25,1.22,-0.6,-2.32,0.48,8.27,-11.34
0.2,-0.25,1.26,-0.44,-2.37,0.41,8.86,-11.12
0.2,-0.23,1.27,-0.28,-2.39,0.34,8.92,-10.25
0.18,-0.19,1.24,-0.13,-2.44,0.28,8.18,-8.81
0.17,-0.16,1.2,-0.01,-2.46,0.23,8.21,-7.69
0.17,-0.12,1.15,0.09,-2.52,0.19,8.3,-6.05
0.17,-0.09,1.11,0.15,-2.55,0.16,8.6,-4.8
0.18,-0.05,1.07,0.15,-2.6,0.13,9.33,-2.83
0.19,-0.03,1.04,0.13,-2.65,0.13,10.12,-1.66
0.21,-0.03,1.02,0.06,-2.7,0.11,11.55,-1.59
0.22,-0.04,1.03,-0.06,-2.72,0.12,12.12,-2.28
0.21,-0.06,1.06,-0.18,-2.67,0.1,11.13,-3.15
0.19,-0.07,1.1,-0.27,-2.65,0.1,9.72,-3.54
0.14,-0.08,1.13,-0.37,-2.57,0.11,6.98,-4.02
0.09,-0.09,1.16,-0.44,-2.5,0.15,4.59,-4.46
0.06,-0.1,1.19,-0.5,-2.39,0.19,2.64,-4.86
0.02,-0.12,1.23,-0.55,-2.28,0.25,1.04,-5.43
-0.0,-0.13,1.26,-0.53,-2.19,0.3,-0.11,-5.71
-0.02,-0.13,1.27,-0.51,-2.08,0.35,-1.11,-5.81
-0.05,-0.13,1.27,-0.47,-1.96,0.39,-2.19,-5.89
-0.06,-0.12,1.25,-0.41,-1.9,0.45,-2.63,-5.24
-0.04,-0.11,1.25,-0.32,-1.88,0.5,-1.99,-4.91
-0.02,-0.1,1.24,-0.21,-1.84,0.51,-0.96,-4.77
0.02,-0.09,1.2,-0.12,-1.82,0.52,0.77,-4.37
0.06,-0.07,1.17,-0.05,-1.81,0.51,2.86,-3.38
0.1,-0.06,1.14,0.04,-1.85,0.49,4.96,-2.83
0.11,-0.03,1.1,0.1,-1.89,0.46,5.75,-1.5
0.14,-0.02,1.07,0.14,-1.97,0.4,7.7,-1.05
0.16,0.01,1.03,0.16,-2.09,0.36,9.02,0.72
0.18,0.03,1.0,0.13,-2.28,0.31,10.38,1.44
0.21,0.05,0.99,0.08,-2.36,0.28,11.86,2.68
0.22,0.05,1.0,-0.0,-2.44,0.23,12.38,2.53
0.23,0.03,1.03,-0.11,-2.54,0.21,12.72,1.72
0.21,0.02,1.08,-0.22,-2.55,0.18,11.09,1.01
0.2,0.01,1.13,-0.34,-2.55,0.17,10.0,0.26
0.16,-0.01,1.17,-0.46,-2.49,0.14,7.58,-0.24
0.12,-0.02,1.22,-0.57,-2.42,0.16,5.66,-0.87
0.08,-0.03,1.26,-0.65,-2.34,0.17,3.5,-1.49
0.04,-0.05,1.32,-0.72,-2.23,0.19,1.86,-2.12
-0.0,-0.07,1.36,-0.76,-2.1,0.2,-0.02,-2.74
-0.03,-0.07,1.4,-0.79,-1.97,0.21,-1.18,-3.02
-0.06,-0.09,1.43,-0.76,-1.83,0.21,-2.54,-3.66
-0.09,-0.1,1.45,-0.71,-1.75,0.21,-3.71,-3.78
-0.11,-0.09,1.46,-0.64,-1.68,0.21,-4.35,-3.57
-0.11,-0.08,1.48,-0.53,-1.63,0.19,-4.18,-3.26
-0.1,-0.09,1.5,-0.4,-1.6,0.15,-3.78,-3.4
-0.08,-0.09,1.49,-0.24,-1.6,0.08,-3.1,-3.39
-0.07,-0.08,1.45,-0.11,-1.59,0.01,-2.64,-3.2
-0.06,-0.07,1.4,0.0,-1.59,-0.06,-2.39,-2.93
-0.05,-0.05,1.33,0.12,-1.63,-0.11,-2.3,-2.32
-0.05,-0.04,1.26,0.21,-1.68,-0.15,-2.32,-1.7
-0.05,-0.03,1.2,0.27,-1.69,-0.17,-2.21,-1.22
-0.03,-0.01,1.13,0.29,-1.73,-0.16,-1.66,-0.4
-0.02,0.01,1.08,0.3,-1.76,-0.16,-0.98,0.32
-0.01,0.02,1.03,0.27,-1.79,-0.14,-0.29,1.11
0.01,0.02,1.0,0.23,-1.8,-0.09,0.49,1.33
0.02,0.03,0.99,0.16,-1.78,-0.05,1.04,1.68
0.02,0.03,0.99,0.08,-1.8,0.0,1.4,1.49
0.03,0.02,1.01,0.0,-1.79,0.06,1.83,1.36
0.04,0.02,1.04,-0.08,-1.76,0.09,2.18,1.17
0.04,0.02,1.06,-0.17,-1.72,0.13,2.28,1.1
0.04,0.01,1.11,-0.23,-1.69,0.15,1.82,0.68
0.02,-0.0,1.15,-0.29,-1.67,0.16,1.19,-0.16
-0.01,-0.01,1.2,-0.31,-1.65,0.15,-0.66,-0.31
-0.05,-0.01,1.23,-0.31,-1.61,0.13,-2.2,-0.31
-0.08,-0.02,1.26,-0.29,-1.6,0.11,-3.45,-0.82
-0.1,-0.03,1.29,-0.25,-1.62,0.09,-4.3,-1.32
-0.12,-0.04,1.3,-0.19,-1.61,0.07,-5.05,-1.55
-0.13,-0.04,1.3,-0.13,-1.63,0.04,-5.61,-1.55
-0.15,-0.03,1.3,-0.06,-1.63,0.03,-6.49,-1.31
-0.15,-0.03,1.29,-0.01,-1.66,0.01,-6.66,-1.13
-0.14,-0.03,1.27,0.06,-1.64,-0.0,-6.3,-1.38
-0.14,-0.03,1.24,0.1,-1.66,-0.01,-6.35,-1.54
-0.13,-0.01,1.23,0.11,-1.67,-0.0,-6.23,-0.53
-0.14,-0.01,1.21,0.12,-1.66,0.01,-6.75,-0.65
-0.16,-0.0,1.2,0.12,-1.63,0.02,-7.4,-0.12
-0.17,0.0,1.19,0.1,-1.61,0.03,-8.24,0.05
-0.19,0.0,1.2,0.09,-1.58,0.06,-9.19,0.19
-0.2,0.02,1.22,0.09,-1.55,0.09,-9.31,0.75
-0.21,0.02,1.24,0.09,-1.51,0.11,-9.46,0.77
-0.22,0.03,1.27,0.08,-1.44,0.12,-10.02,1.12
-0.22,0.02,1.3,0.09,-1.39,0.13,-9.84,0.72
-0.23,0.02,1.32,0.1,-1.33,0.12,-9.84,0.98
-0.24,0.03,1.32,0.1,-1.25,0.11,-10.25,1.3
-0.26,0.04,1.31,0.1,-1.18,0.08,-11.1,1.64
-0.26,0.04,1.3,0.11,-1.1,0.07,-11.38,1.87
-0.27,0.05,1.29,0.14,-1.06,0.07,-11.69,2.25
-0.26,0.05,1.26,0.17,-1.02,0.07,-11.64,2.37
-0.25,0.07,1.23,0.16,-0.98,0.07,-11.32,3.0
-0.24,0.07,1.23,0.16,-0.95,0.08,-11.17,3.27
-0.24,0.07,1.22,0.16,-0.92,0.09,-11.12,3.33
-0.25,0.08,1.23,0.15,-0.89,0.09,-11.38,3.51
-0.25,0.07,1.24,0.16,-0.85,0.1,-11.49,3.37
-0.24,0.07,1.24,0.18,-0.81,0.1,-10.89,3.33
-0.22,0.07,1.23,0.17,-0.77,0.11,-10.14,3.41
-0.22,0.08,1.22,0.17,-0.74,0.11,-10.07,3.68
-0.22,0.08,1.22,0.18,-0.67,0.09,-10.21,3.76
-0.23,0.08,1.22,0.17,-0.64,0.09,-10.64,3.58
-0.23,0.08,1.21,0.18,-0.62,0.08,-10.58,3.79
-0.24,0.09,1.2,0.2,-0.62,0.08,-11.1,4.17
-0.24,0.09,1.19,0.21,-0.6,0.08,-11.12,4.42
-0.24,0.1,1.19,0.21,-0.58,0.09,-11.29,4.66
-0.23,0.1,1.19,0.25,-0.58,0.07,-11.08,4.53
-0.23,0.1,1.2,0.25,-0.56,0.07,-10.76,4.58
-0.22,0.1,1.2,0.28,-0.57,0.05,-10.22,4.52
-0.2,0.09,1.19,0.27,-0.54,0.04,-9.61,4.21
-0.19,0.08,1.19,0.29,-0.54,0.02,-9.25,3.96
-0.18,0.08,1.19,0.27,-0.55,-0.0,-8.49,4.04
-0.17,0.08,1.19,0.26,-0.51,-0.02,-7.95,3.91
-0.15,0.07,1.18,0.21,-0.48,-0.05,-7.2,3.39
-0.13,0.06,1.17,0.17,-0.46,-0.07,-6.5,3.06
-0.13,0.07,1.16,0.12,-0.42,-0.09,-6.34,3.24
-0.12,0.06,1.16,0.05,-0.34,-0.1,-5.98,2.81
-0.13,0.05,1.14,-0.03,-0.25,-0.1,-6.4,2.73
-0.13,0.05,1.13,-0.09,-0.15,-0.1,-6.8,2.43
-0.17,0.03,1.12,-0.13,-0.08,-0.11,-8.45,1.43
-0.19,0.02,1.1,-0.16,-0.03,-0.09,-9.68,1.26
-0.22,0.02,1.1,-0.18,-0.0,-0.07,-11.07,0.99
-0.24,0.02,1.1,-0.14,-0.01,-0.04,-12.06,1.19
-0.25,0.02,1.12,-0.1,-0.01,-0.04,-12.69,0.82
-0.25,0.01,1.13,-0.02,-0.0,-0.04,-12.49,0.26
-0.24,0.0,1.13,0.04,-0.01,-0.04,-11.89,0.12
-0.23,0.01,1.13,0.1,-0.03,-0.05,-11.38,0.62
-0.2,0.01,1.14,0.17,-0.03,-0.05,-9.85,0.71
-0.17,0.02,1.14,0.22,-0.04,-0.06,-8.57,1.04
-0.15,0.01,1.13,0.26,-0.04,-0.06,-7.58,0.41
-0.13,0.03,1.11,0.3,-0.05,-0.06,-6.61,1.42
-0.11,0.03,1.09,0.33,-0.05,-0.07,-5.69,1.8
-0.08,0.03,1.08,0.32,-0.04,-0.08,-4.41,1.84
-0.06,0.04,1.05,0.31,-0.04,-0.08,-3.36,2.32
-0.05,0.05,1.04,0.31,-0.01,-0.07,-2.8,2.77
-0.02,0.04,1.04,0.29,-0.05,-0.07,-0.87,2.13
-0.01,0.04,1.04,0.27,-0.05,-0.06,-0.71,1.97
-0.01,0.04,1.03,0.23,-0.05,-0.07,-0.66,2.38
-0.01,0.06,1.02,0.19,-0.05,-0.05,-0.73,3.3
-0.0,0.06,1.03,0.16,-0.06,-0.03,-0.18,3.41
0.02,0.05,1.04,0.12,-0.04,-0.04,0.94,3.02
0.02,0.04,1.05,0.09,-0.03,-0.04,1.14,1.97
0.03,0.03,1.05,0.04,-0.02,-0.04,1.46,1.78
0.01,0.03,1.07,0.01,-0.02,-0.06,0.81,1.6
-0.0,0.02,1.07,-0.03,-0.02,-0.06,-0.11,1.34
-0.03,0.02,1.07,-0.06,0.02,-0.07,-1.71,1.01
-0.05,0.01,1.07,-0.06,0.04,-0.07,-2.85,0.46
-0.07,-0.0,1.07,-0.06,0.07,-0.07,-3.65,-0.12
-0.07,0.0,1.08,-0.02,0.07,-0.05,-3.98,0.04
-0.07,0.0,1.08,-0.01,0.09,-0.06,-3.54,0.07
-0.05,-0.01,1.08,0.01,0.1,-0.05,-2.83,-0.32
-0.04,-0.01,1.08,0.05,0.1,-0.06,-2.05,-0.32
-0.03,-0.01,1.07,0.06,0.08,-0.06,-1.36,-0.47
-0.02,-0.0,1.05,0.07,0.11,-0.08,-1.02,-0.07
-0.0,-0.0,1.04,0.08,0.11,-0.09,-0.14,-0.27
0.0,-0.01,1.03,0.08,0.11,-0.08,0.18,-0.57
0.03,-0.01,1.01,0.07,0.12,-0.09,1.53,-0.65
0.03,-0.01,1.0,0.07,0.1,-0.08,1.98,-0.57
0.04,-0.01,0.98,0.05,0.1,-0.07,2.2,-0.46
0.03,-0.01,0.97,0.05,0.05,-0.05,1.67,-0.32
0.03,-0.0,0.96,0.03,0.03,-0.03,1.7,-0.02
0.01,-0.0,0.96,0.01,0.03,-0.01,0.86,-0.03
-0.0,-0.0,0.98,0.0,0.0,0.02,-0.27,-0.05
-0.01,0.0,1.01,-0.01,-0.02,0.06,-0.49,0.1
-0.01,-0.0,1.04,-0.0,-0.02,0.06,-0.5,-0.19
-0.01,-0.02,1.07,-0.01,0.01,0.06,-0.75,-0.84
-0.01,-0.02,1.07,-0.01,0.02,0.04,-0.56,-1.19
-0.02,-0.02,1.07,0.01,0.03,0.03,-1.04,-1.02
-0.02,-0.01,1.05,0.02,0.01,0.03,-0.93,-0.64
-0.03,-0.01,1.04,0.03,0.05,0.03,-1.75,-0.37
-0.04,-0.01,1.02,0.04,0.04,0.05,-2.09,-0.76
-0.05,-0.01,1.02,0.08,0.01,0.06,-2.55,-0.36
-0.05,-0.0,1.02,0.11,-0.01,0.08,-2.69,-0.06
-0.03,0.01,1.04,0.13,0.01,0.09,-1.55,0.61
-0.0,0.01,1.04,0.11,0.02,0.11,-0.17,0.78
0.01,0.02,1.05,0.12,-0.01,0.1,0.75,1.34
0.03,0.03,1.05,0.12,-0.03,0.09,1.84,1.59
0.03,0.04,1.05,0.1,-0.02,0.08,1.81,1.99
0.03,0.03,1.06,0.06,0.01,0.08,1.54,1.89
0.03,0.03,1.05,0.01,-0.02,0.11,1.38,1.8
0.02,0.03,1.06,0.03,0.01,0.07,1.23,1.42
0.01,0.03,1.04,0.03,0.05,0.07,0.6,1.62
0.01,0.03,1.02,0.02,0.06,0.07,0.29,1.6
0.0,0.04,1.02,0.02,0.04,0.09,0.22,2.51
0.0,0.05,1.03,0.01,0.02,0.1,0.03,2.79
0.01,0.05,1.05,0.03,0.02,0.1,0.74,2.53
0.01,0.04,1.06,0.03,0.02,0.09,0.63,2.28
0.02,0.04,1.06,0.01,0.01,0.07,1.2,2.3
0.02,0.05,1.06,0.04,-0.03,0.04,1.09,2.86
0.01,0.06,1.06,0.04,-0.05,0.05,0.73,3.13
0.01,0.06,1.06,0.02,-0.04,0.04,0.45,3.16
-0.01,0.06,1.06,0.04,-0.08,0.05,-0.52,3.03
-0.01,0.05,1.07,0.05,-0.09,0.04,-0.76,2.75
-0.02,0.04,1.08,0.05,-0.07,0.02,-1.06,2.3
-0.03,0.04,1.07,0.04,-0.05,0.02,-1.46,2.18
-0.03,0.04,1.06,0.06,-0.06,0.0,-1.61,2.36
-0.04,0.04,1.06,0.07,-0.09,0.02,-2.07,2.39
-0.05,0.05,1.06,0.07,-0.09,0.04,-2.97,2.78
-0.05,0.05,1.06,0.08,-0.08,0.05,-2.89,2.59
-0.04,0.04,1.08,0.1,-0.08,0.06,-2.17,2.02
-0.02,0.03,1.08,0.1,-0.07,0.06,-1.31,1.81
-0.02,0.04,1.08,0.12,-0.06,0.05,-0.87,2.14
-0.01,0.05,1.08,0.11,-0.05,0.04,-0.55,2.64
-0.01,0.06,1.08,0.09,-0.06,0.06,-0.72,2.93
-0.02,0.06,1.08,0.1,-0.07,0.04,-1.25,3.17
-0.02,0.06,1.1,0.08,-0.07,0.05,-1.18,2.99
-0.02,0.07,1.11,0.07,-0.08,0.04,-1.19,3.4
-0.02,0.06,1.12,0.08,-0.09,0.04,-1.1,3.24
-0.02,0.07,1.12,0.06,-0.08,0.03,-0.84,3.4
-0.01,0.07,1.12,0.05,-0.07,0.02,-0.5,3.53
-0.01,0.07,1.12,0.03,-0.05,0.0,-0.76,3.45
-0.01,0.06,1.11,0.01,-0.04,-0.0,-0.33,3.28
-0.0,0.06,1.11,-0.04,-0.05,-0.02,-0.18,3.35
-0.0,0.06,1.1,-0.07,-0.02,-0.03,-0.17,3.14
-0.01,0.06,1.1,-0.1,0.01,-0.04,-0.69,3.02
-0.03,0.05,1.11,-0.13,0.02,-0.04,-1.75,2.83
-0.05,0.04,1.1,-0.15,0.04,-0.06,-2.36,2.34
-0.06,0.04,1.1,-0.17,0.08,-0.06,-3.26,2.17
-0.07,0.03,1.1,-0.18,0.11,-0.07,-3.88,1.62
-0.09,0.02,1.09,-0.17,0.13,-0.06,-4.76,1.21
-0.11,0.02,1.08,-0.15,0.14,-0.05,-5.61,1.16
-0.11,0.02,1.07,-0.13,0.16,-0.04,-5.97,1.03
-0.12,0.02,1.06,-0.1,0.18,-0.02,-6.35,1.17
-0.12,0.02,1.06,-0.07,0.19,-0.0,-6.3,1.32
-0.11,0.03,1.05,-0.02,0.16,0.02,-5.72,1.51
-0.09,0.03,1.06,0.04,0.13,0.02,-4.89,1.8
-0.07,0.04,1.05,0.05,0.12,0.04,-3.59,2.32
-0.05,0.05,1.06,0.08,0.08,0.03,-2.53,2.65
-0.03,0.05,1.06,0.11,0.08,0.04,-1.54,2.68
-0.01,0.06,1.05,0.12,0.04,0.04,-0.38,3.01
-0.0,0.06,1.05,0.11,0.05,0.02,-0.02,3.12
0.01,0.06,1.06,0.09,0.03,0.02,0.29,3.2
0.01,0.07,1.05,0.11,0.01,0.01,0.77,3.75
0.03,0.07,1.05,0.09,-0.0,0.02,1.56,3.86
0.04,0.06,1.06,0.09,0.01,0.01,1.99,3.22
0.04,0.06,1.06,0.06,0.02,0.0,2.04,3.22
0.03,0.06,1.07,0.04,0.02,0.0,1.54,3.22
0.03,0.07,1.07,0.02,0.01,-0.01,1.6,3.49
0.02,0.07,1.07,0.01,0.01,-0.01,1.13,3.76
0.03,0.07,1.08,-0.03,0.01,-0.0,1.34,3.71
0.01,0.07,1.08,-0.04,0.01,-0.01,0.79,3.47
0.01,0.06,1.09,-0.04,0.0,-0.02,0.52,3.09
0.0,0.05,1.1,-0.06,0.03,-0.02,0.14,2.61
-0.01,0.04,1.1,-0.07,0.06,-0.05,-0.77,2.12
-0.02,0.03,1.1,-0.06,0.04,-0.05,-0.95,1.53
-0.03,0.03,1.1,-0.04,0.04,-0.06,-1.77,1.71
-0.05,0.03,1.08,-0.03,0.04,-0.05,-2.65,1.65
-0.06,0.03,1.07,-0.02,0.04,-0.06,-2.99,1.43
-0.06,0.03,1.06,-0.0,0.05,-0.06,-3.08,1.38
-0.06,0.03,1.05,0.02,0.03,-0.05,-3.03,1.38
-0.04,0.03,1.06,0.03,0.04,-0.04,-2.12,1.38
-0.03,0.02,1.05,0.02,0.08,-0.03,-1.58,0.9
-0.01,0.01,1.05,0.03,0.07,-0.01,-0.8,0.8
0.0,0.01,1.05,0.02,0.07,-0.02,0.16,0.77
0.0,0.01,1.05,0.01,0.09,-0.02,0.24,0.77
0.0,0.02,1.04,-0.01,0.09,-0.03,0.17,1.07
-0.0,0.02,1.05,-0.01,0.06,-0.02,-0.08,1.31
0.0,0.02,1.04,-0.02,0.07,-0.02,0.05,1.32
0.0,0.03,1.03,-0.01,0.04,-0.02,0.23,1.72
-0.0,0.03,1.04,-0.04,0.05,0.0,-0.1,1.55
0.0,0.03,1.06,-0.03,0.04,0.01,0.01,1.4
0.0,0.02,1.07,-0.05,0.05,0.01,0.27,0.86
0.02,0.01,1.07,-0.05,0.08,-0.02,1.06,0.5
0.01,0.01,1.07,-0.06,0.1,-0.03,0.59,0.59
0.0,0.01,1.06,-0.08,0.12,-0.04,0.11,0.7
-0.0,0.02,1.05,-0.08,0.11,-0.03,-0.21,1.06
-0.01,0.03,1.04,-0.09,0.1,-0.03,-0.63,1.39
-0.02,0.03,1.03,-0.08,0.09,-0.02,-1.13,1.84
-0.02,0.03,1.05,-0.07,0.08,-0.0,-1.06,1.7
-0.02,0.03,1.05,-0.07,0.06,0.0,-0.96,1.63
-0.0,0.03,1.06,-0.06,0.07,-0.01,-0.18,1.35
-0.0,0.02,1.07,-0.06,0.08,-0.02,-0.19,1.06
-0.0,0.02,1.07,-0.07,0.08,-0.03,-0.12,1.31
-0.01,0.03,1.06,-0.07,0.07,-0.04,-0.63,1.47
-0.03,0.04,1.06,-0.07,0.08,-0.04,-1.37,2.04
-0.02,0.04,1.06,-0.07,0.1,-0.03,-0.92,2.2
-0.02,0.05,1.05,-0.07,0.1,-0.03,-1.15,2.76
-0.01,0.05,1.03,-0.08,0.1,-0.03,-0.73,2.56
-0.02,0.05,1.04,-0.06,0.09,-0.01,-1.22,2.59
-0.02,0.05,1.05,-0.08,0.09,-0.01,-0.97,2.55
-0.01,0.04,1.07,-0.08,0.07,-0.01,-0.29,2.24
-0.01,0.05,1.08,-0.07,0.05,-0.02,-0.33,2.4
-0.0,0.05,1.08,-0.06,0.04,-0.03,-0.04,2.46
-0.01,0.04,1.08,-0.08,0.07,-0.03,-0.45,2.31
-0.01,0.04,1.07,-0.08,0.05,-0.03,-0.62,2.0
-0.01,0.05,1.08,-0.09,0.06,-0.04,-0.6,2.64
-0.02,0.04,1.07,-0.12,0.07,-0.04,-0.84,2.11
-0.02,0.04,1.08,-0.14,0.08,-0.05,-1.19,2.04
-0.05,0.04,1.08,-0.17,0.09,-0.05,-2.41,2.03
-0.06,0.04,1.09,-0.17,0.09,-0.05,-3.36,2.03
-0.07,0.04,1.1,-0.18,0.09,-0.04,-3.84,2.18
-0.08,0.05,1.11,-0.21,0.13,-0.05,-4.34,2.41
-0.09,0.05,1.11,-0.23,0.13,-0.04,-4.4,2.45
-0.09,0.05,1.12,-0.25,0.13,-0.04,-4.45,2.69
-0.1,0.06,1.14,-0.31,0.14,-0.04,-4.82,2.98
-0.1,0.07,1.15,-0.36,0.17,-0.06,-4.9,3.53
-0.1,0.08,1.17,-0.43,0.17,-0.07,-4.76,3.99
-0.11,0.1,1.19,-0.51,0.17,-0.08,-5.04,4.84
-0.12,0.11,1.22,-0.61,0.17,-0.09,-5.5,5.29
-0.14,0.13,1.26,-0.73,0.21,-0.11,-6.13,5.81
-0.15,0.14,1.3,-0.84,0.23,-0.13,-6.45,6.31
-0.17,0.16,1.34,-0.96,0.26,-0.16,-7.21,6.6
-0.2,0.16,1.4,-1.1,0.32,-0.19,-8.06,6.43
-0.23,0.16,1.44,-1.22,0.45,-0.22,-9.15,6.17
-0.29,0.17,1.51,-1.35,0.58,-0.25,-10.79,6.15
-0.35,0.16,1.56,-1.44,0.74,-0.28,-12.49,5.68
-0.39,0.15,1.61,-1.49,0.93,-0.31,-13.45,5.13
-0.44,0.14,1.65,-1.54,1.15,-0.35,-14.9,4.53
-0.48,0.12,1.68,-1.54,1.37,-0.4,-16.05,3.92
-0.52,0.1,1.7,-1.52,1.59,-0.43,-17.12,3.31
-0.56,0.09,1.71,-1.44,1.79,-0.45,-18.17,2.74
-0.6,0.08,1.7,-1.34,1.98,-0.46,-19.47,2.65
-0.63,0.08,1.68,-1.2,2.13,-0.46,-20.48,2.4
-0.64,0.07,1.65,-1.01,2.23,-0.44,-21.06,2.19
-0.62,0.08,1.6,-0.82,2.27,-0.42,-21.18,2.58
-0.6,0.08,1.56,-0.62,2.29,-0.4,-20.97,2.79
-0.55,0.08,1.54,-0.46,2.27,-0.38,-19.55,2.85
-0.49,0.06,1.53,-0.3,2.24,-0.37,-17.72,2.02
-0.42,0.04,1.52,-0.15,2.19,-0.37,-15.38,1.39
-0.36,0.03,1.49,-0.05,2.18,-0.38,-13.4,1.11
-0.31,0.03,1.47,0.01,2.17,-0.4,-12.02,0.96
-0.26,0.02,1.45,0.06,2.16,-0.39,-10.33,0.91
-0.23,0.02,1.43,0.09,2.18,-0.38,-9.26,0.9
-0.19,0.03,1.43,0.08,2.24,-0.36,-7.7,1.08
-0.16,0.02,1.45,0.05,2.3,-0.35,-6.25,0.62
-0.11,-0.0,1.47,0.02,2.38,-0.35,-4.26,-0.02
-0.09,-0.02,1.52,0.01,2.47,-0.35,-3.39,-0.78
-0.05,-0.03,1.56,-0.05,2.6,-0.35,-1.69,-1.07
-0.01,-0.04,1.56,-0.08,2.72,-0.38,-0.2,-1.61
0.02,-0.06,1.56,-0.1,2.81,-0.4,0.7,-2.08
0.05,-0.07,1.56,-0.14,2.93,-0.43,1.68,-2.45
0.03,-0.08,1.55,-0.16,3.05,-0.47,0.98,-3.1
0.03,-0.09,1.55,-0.18,3.14,-0.5,0.94,-3.33
0.02,-0.1,1.51,-0.19,3.22,-0.5,0.58,-3.68
0.01,-0.11,1.52,-0.18,3.3,-0.5,0.39,-4.16
0.01,-0.14,1.51,-0.16,3.39,-0.48,0.53,-5.38
0.01,-0.17,1.49,-0.11,3.46,-0.46,0.48,-6.43
0.0,-0.19,1.49,-0.05,3.52,-0.45,0.03,-7.14
0.0,-0.19,1.46,0.04,3.54,-0.43,0.09,-7.58
0.01,-0.21,1.45,0.13,3.57,-0.42,0.28,-8.35
0.02,-0.23,1.43,0.23,3.57,-0.4,0.91,-8.98
0.04,-0.23,1.4,0.34,3.54,-0.38,1.53,-9.52
0.07,-0.25,1.36,0.47,3.51,-0.37,2.78,-10.29
0.09,-0.25,1.32,0.56,3.53,-0.34,3.73,-10.81
0.1,-0.25,1.28,0.65,3.53,-0.32,4.57,-11.22
0.12,-0.23,1.24,0.73,3.49,-0.28,5.46,-10.6
0.16,-0.23,1.22,0.8,3.49,-0.24,7.35,-10.63
0.22,-0.23,1.2,0.84,3.48,-0.2,10.21,-10.81
0.27,-0.24,1.18,0.87,3.47,-0.2,12.79,-11.08
0.33,-0.23,1.15,0.88,3.49,-0.2,15.45,-10.66
0.34,-0.2,1.12,0.87,3.51,-0.21,16.69,-9.89
0.36,-0.18,1.08,0.86,3.52,-0.2,18.34,-9.11
0.38,-0.16,1.04,0.82,3.53,-0.21,20.11,-8.26
0.4,-0.14,0.99,0.76,3.53,-0.19,21.85,-7.61
0.43,-0.12,0.96,0.68,3.53,-0.2,23.76,-6.55
0.43,-0.1,0.91,0.59,3.53,-0.21,24.81,-5.48
0.42,-0.08,0.88,0.48,3.55,-0.2,25.22,-4.86
0.41,-0.07,0.87,0.38,3.51,-0.18,24.99,-3.87
0.41,-0.07,0.88,0.28,3.48,-0.17,24.94,-4.02
0.42,-0.08,0.89,0.2,3.46,-0.16,25.02,-4.56
0.42,-0.09,0.9,0.12,3.48,-0.17,24.91,-5.06
0.41,-0.09,0.91,0.07,3.45,-0.17,24.21,-4.91
0.4,-0.09,0.91,0.02,3.44,-0.16,23.34,-5.07
0.38,-0.09,0.91,-0.0,3.44,-0.16,22.58,-5.14
0.38,-0.09,0.91,-0.03,3.44,-0.16,22.33,-5.27
0.38,-0.1,0.92,-0.04,3.42,-0.16,21.96,-5.91
0.37,-0.1,0.92,-0.05,3.41,-0.16,21.95,-5.99
0.36,-0.11,0.91,-0.06,3.39,-0.16,21.38,-6.45
0.33,-0.11,0.9,-0.05,3.34,-0.16,19.91,-6.47
0.3,-0.1,0.91,-0.04,3.31,-0.14,18.52,-5.85
0.3,-0.09,0.9,-0.03,3.28,-0.11,18.28,-5.5
0.3,-0.09,0.88,-0.01,3.19,-0.09,19.03,-5.77
0.32,-0.11,0.88,-0.01,3.2,-0.09,19.7,-6.64
0.32,-0.11,0.88,0.02,3.16,-0.08,19.99,-6.77
0.31,-0.11,0.87,0.04,3.13,-0.07,19.56,-6.6
0.3,-0.08,0.85,0.07,3.08,-0.06,19.21,-5.05
0.28,-0.08,0.82,0.07,3.06,-0.05,18.69,-4.97
0.28,-0.07,0.81,0.06,3.0,-0.04,19.28,-4.83
0.29,-0.04,0.8,0.04,2.98,-0.03,19.91,-2.94
0.28,-0.04,0.78,0.02,2.93,-0.02,19.88,-2.52
0.28,-0.03,0.76,-0.02,2.92,-0.02,20.07,-2.01
0.27,-0.01,0.75,-0.07,2.89,0.01,19.82,-0.75
0.28,0.0,0.76,-0.12,2.86,0.02,20.35,0.15
0.29,0.0,0.76,-0.18,2.83,0.02,21.02,0.08
0.31,-0.02,0.77,-0.25,2.83,0.01,22.15,-1.47
0.33,-0.05,0.78,-0.3,2.84,0.0,22.58,-3.36
0.32,-0.08,0.82,-0.34,2.87,-0.03,20.97,-4.93
0.27,-0.09,0.86,-0.35,2.9,-0.04,17.16,-5.56
0.23,-0.1,0.88,-0.33,2.88,-0.04,14.5,-6.09
0.18,-0.1,0.88,-0.31,2.92,-0.02,11.59,-6.56
0.15,-0.09,0.89,-0.27,2.91,0.02,9.78,-5.83
0.13,-0.09,0.91,-0.22,2.87,0.07,8.11,-5.6
0.16,-0.1,0.93,-0.15,2.83,0.12,9.82,-5.75
0.22,-0.1,0.92,-0.1,2.8,0.15,13.4,-6.18
0.26,-0.11,0.89,-0.03,2.75,0.14,16.22,-7.01
0.26,-0.1,0.87,0.06,2.71,0.11,16.74,-6.24
0.24,-0.07,0.86,0.1,2.69,0.1,15.54,-4.37
0.21,-0.04,0.84,0.14,2.66,0.09,13.96,-2.74
0.2,-0.03,0.83,0.17,2.62,0.11,13.82,-2.2
0.2,-0.03,0.82,0.21,2.56,0.11,13.47,-1.7
0.2,-0.02,0.82,0.22,2.5,0.1,13.88,-1.2
0.19,-0.02,0.81,0.26,2.44,0.09,13.38,-1.68
0.17,-0.03,0.82,0.29,2.42,0.09,12.01,-2.11
0.17,-0.02,0.82,0.33,2.39,0.11,11.44,-1.33
0.17,0.0,0.81,0.36,2.37,0.14,11.96,0.14
0.19,0.03,0.77,0.36,2.4,0.16,13.82,2.21
0.22,0.05,0.72,0.36,2.45,0.17,16.77,4.13
0.22,0.09,0.67,0.32,2.52,0.16,18.22,7.06
0.22,0.13,0.62,0.27,2.57,0.13,19.29,11.45
0.19,0.17,0.58,0.17,2.63,0.1,17.95,15.51
0.16,0.19,0.54,0.06,2.67,0.06,15.99,18.64
0.11,0.2,0.52,-0.04,2.67,0.01,11.49,20.36
0.06,0.2,0.53,-0.16,2.64,-0.02,6.05,20.05
-0.01,0.18,0.57,-0.27,2.64,-0.04,-0.84,17.29
-0.06,0.14,0.61,-0.34,2.6,-0.01,-5.6,13.22
-0.1,0.1,0.68,-0.36,2.51,0.04,-8.58,8.44
-0.1,0.09,0.73,-0.37,2.43,0.1,-7.78,7.17
-0.04,0.07,0.77,-0.34,2.3,0.17,-3.26,5.43
0.01,0.05,0.77,-0.27,2.17,0.2,0.81,3.61
0.07,0.02,0.76,-0.13,2.26,0.07,5.62,1.82
0.1,0.02,0.76,-0.09,1.98,0.21,7.54,1.52
0.1,0.05,0.77,-0.0,1.95,0.2,7.16,4.02
0.06,0.1,0.75,0.06,1.9,0.21,4.9,7.59
0.05,0.13,0.71,0.08,1.84,0.22,4.05,10.18
0.05,0.14,0.7,0.09,1.8,0.22,4.22,11.61
0.06,0.18,0.69,0.07,1.8,0.23,4.8,14.23
0.05,0.19,0.68,0.06,1.78,0.23,4.15,15.72
0.05,0.19,0.68,0.03,1.79,0.2,4.05,15.9
0.05,0.18,0.68,-0.0,1.75,0.2,4.08,14.96
0.07,0.19,0.69,-0.05,1.77,0.18,5.64,15.01
0.07,0.17,0.7,-0.06,1.78,0.18,5.47,13.92
0.05,0.17,0.72,-0.07,1.81,0.17,4.09,13.37
0.03,0.18,0.74,-0.06,1.8,0.17,2.35,13.53
0.0,0.19,0.73,-0.04,1.78,0.17,0.26,14.79
-0.01,0.18,0.75,-0.04,1.77,0.18,-0.85,13.47
-0.01,0.18,0.77,0.03,1.7,0.2,-0.71,13.19
-0.0,0.19,0.78,0.06,1.66,0.22,-0.07,13.5
0.0,0.21,0.77,0.1,1.58,0.22,0.06,14.96
-0.01,0.21,0.74,0.15,1.5,0.21,-0.58,16.0
-0.03,0.23,0.74,0.19,1.43,0.2,-1.98,17.06
-0.05,0.24,0.74,0.22,1.34,0.18,-3.69,17.97
-0.05,0.24,0.75,0.24,1.27,0.18,-3.37,17.88
-0.03,0.24,0.74,0.25,1.18,0.17,-2.25,17.95
-0.01,0.25,0.73,0.29,1.09,0.13,-0.93,18.71
-0.01,0.25,0.73,0.31,1.03,0.11,-0.69,19.23
-0.01,0.28,0.71,0.29,1.02,0.07,-0.6,21.21
-0.03,0.29,0.68,0.26,0.98,0.03,-2.17,22.88
-0.05,0.28,0.68,0.22,0.98,0.0,-3.97,22.58
-0.07,0.28,0.7,0.18,0.94,-0.03,-5.18,21.87
-0.09,0.29,0.72,0.12,0.94,-0.05,-6.88,21.49
-0.11,0.29,0.73,0.06,0.93,-0.05,-7.87,21.58
-0.13,0.29,0.72,0.0,0.89,-0.05,-9.41,21.47
-0.14,0.27,0.73,-0.07,0.85,-0.05,-10.41,19.94
-0.14,0.24,0.75,-0.14,0.84,-0.07,-10.32,17.25
-0.13,0.22,0.79,-0.19,0.82,-0.05,-8.75,15.38
-0.09,0.19,0.82,-0.21,0.76,-0.04,-5.84,13.09
-0.06,0.16,0.83,-0.22,0.73,-0.04,-3.99,10.8
-0.05,0.13,0.86,-0.2,0.71,-0.03,-3.05,8.62
-0.03,0.12,0.87,-0.17,0.7,-0.03,-2.11,7.91
-0.03,0.11,0.89,-0.15,0.67,-0.01,-2.24,6.81
-0.03,0.11,0.89,-0.1,0.64,0.02,-1.85,6.79
-0.01,0.1,0.88,-0.07,0.64,0.02,-0.93,6.34
0.0,0.09,0.88,-0.04,0.63,0.03,0.31,5.6
0.01,0.07,0.89,0.02,0.61,0.04,0.42,4.75
0.0,0.08,0.9,0.08,0.61,0.04,0.09,4.79
-0.01,0.09,0.89,0.13,0.57,0.05,-0.87,5.57
-0.05,0.1,0.89,0.17,0.54,0.06,-3.19,6.27
-0.08,0.1,0.88,0.19,0.53,0.06,-4.88,6.59
-0.09,0.09,0.89,0.25,0.67,-0.04,-5.92,6.02
-0.1,0.1,0.89,0.21,0.51,0.11,-6.52,6.09
-0.11,0.1,0.9,0.24,0.51,0.15,-6.94,6.45
-0.12,0.13,0.9,0.23,0.49,0.19,-7.48,8.06
-0.14,0.16,0.86,0.31,0.61,0.07,-8.96,10.17
-0.15,0.17,0.83,0.21,0.45,0.23,-10.04,11.33
-0.15,0.18,0.83,0.17,0.44,0.24,-10.1,11.97
-0.15,0.2,0.84,0.16,0.39,0.25,-9.94,13.08
-0.12,0.2,0.82,0.13,0.35,0.25,-8.38,13.41
-0.13,0.2,0.8,0.08,0.33,0.25,-8.67,14.07
-0.09,0.2,0.8,0.06,0.3,0.22,-6.56,13.64
-0.07,0.2,0.8,0.03,0.28,0.19,-4.95,13.81
-0.05,0.18,0.83,0.03,0.24,0.16,-3.14,12.02
-0.02,0.18,0.83,0.04,0.21,0.13,-1.65,12.26
-0.03,0.18,0.83,0.03,0.2,0.11,-1.94,12.27
-0.04,0.17,0.84,0.02,0.17,0.07,-2.67,11.36
-0.04,0.17,0.84,0.0,0.14,0.06,-2.94,11.4
-0.04,0.16,0.86,-0.02,0.14,0.04,-2.88,10.22
-0.04,0.14,0.86,-0.03,0.14,0.05,-2.7,9.06
-0.03,0.14,0.88,-0.04,0.15,0.04,-2.25,8.72
-0.04,0.14,0.88,-0.06,0.17,0.05,-2.34,8.8
-0.04,0.14,0.88,-0.07,0.17,0.06,-2.34,8.84
-0.03,0.12,0.88,-0.09,0.19,0.06,-1.97,8.05
-0.02,0.12,0.9,-0.07,0.16,0.07,-1.15,7.39
-0.01,0.1,0.91,-0.04,0.15,0.05,-0.85,6.46
-0.01,0.12,0.91,-0.02,0.12,0.05,-0.8,7.3
-0.01,0.12,0.9,-0.01,0.11,0.04,-0.9,7.4
-0.02,0.12,0.9,0.01,0.09,0.04,-1.1,7.72
-0.03,0.14,0.9,0.01,0.07,0.04,-2.09,8.86
-0.04,0.15,0.89,-0.01,0.05,0.02,-2.79,9.47
-0.05,0.14,0.88,-0.03,0.04,0.01,-3.08,9.08
-0.05,0.14,0.89,-0.05,0.01,0.01,-3.14,8.89
-0.02,0.13,0.89,-0.08,-0.02,-0.0,-1.15,8.26
0.0,0.11,0.89,-0.08,-0.03,-0.03,0.02,7.3
0.02,0.09,0.88,-0.1,-0.01,-0.05,1.35,5.89
0.03,0.08,0.9,-0.11,-0.01,-0.07,1.68,5.26
0.04,0.07,0.92,-0.09,-0.02,-0.08,2.38,4.31
0.02,0.06,0.93,-0.07,-0.01,-0.1,1.41,3.51
0.01,0.06,0.94,-0.07,-0.01,-0.11,0.65,3.77
-0.02,0.06,0.93,-0.06,-0.04,-0.09,-0.96,3.87
-0.03,0.06,0.94,-0.08,-0.02,-0.09,-2.0,3.72
-0.05,0.06,0.94,-0.08,-0.02,-0.08,-2.89,3.54
-0.04,0.06,0.95,-0.11,0.0,-0.05,-2.48,3.61
-0.05,0.05,0.95,-0.12,0.0,-0.04,-3.08,3.05
-0.06,0.04,0.96,-0.13,0.0,-0.02,-3.51,2.17
-0.05,0.03,0.97,-0.14,-0.02,0.01,-2.78,1.57
-0.04,0.03,0.99,-0.15,0.01,0.04,-2.08,1.47
-0.02,0.02,0.97,-0.14,-0.0,0.07,-1.19,1.02
-0.01,0.02,0.96,-0.12,-0.01,0.09,-0.42,0.98
0.01,0.01,0.96,-0.1,-0.01,0.09,0.43,0.64
0.02,0.01,0.97,-0.08,-0.01,0.1,0.94,0.88
0.03,0.02,0.97,-0.05,-0.0,0.11,1.86,1.28
0.03,0.03,0.95,-0.01,-0.01,0.11,1.98,1.94
0.05,0.05,0.93,0.01,-0.05,0.11,3.08,3.09
0.06,0.07,0.91,0.03,-0.03,0.07,3.46,4.18
0.04,0.08,0.89,0.04,-0.03,0.04,2.75,4.89
0.0,0.09,0.9,0.02,-0.03,-0.0,0.04,5.82
-0.04,0.1,0.9,0.02,-0.04,-0.02,-2.69,6.56
-0.08,0.13,0.91,-0.02,-0.04,-0.02,-5.06,7.83
-0.09,0.12,0.91,-0.08,-0.04,-0.02,-5.86,7.42
-0.09,0.1,0.91,-0.15,-0.04,-0.02,-5.59,6.56
-0.08,0.09,0.92,-0.19,-0.06,-0.01,-4.84,5.35
-0.05,0.07,0.95,-0.22,-0.04,-0.01,-3.27,3.92
-0.03,0.04,0.96,-0.24,-0.05,0.01,-1.87,2.43
0.01,0.02,0.97,-0.24,-0.05,0.01,0.5,1.42
0.04,0.0,0.99,-0.22,-0.05,0.03,2.07,0.29
0.05,-0.0,0.99,-0.19,-0.04,0.03,3.18,-0.08
0.06,-0.0,0.99,-0.17,-0.01,0.04,3.55,-0.05
0.07,0.0,1.0,-0.13,-0.02,0.05,4.11,0.05
0.07,0.0,0.99,-0.08,-0.01,0.05,4.17,0.18
0.06,0.01,0.99,-0.03,-0.03,0.04,3.45,0.85
0.05,0.03,0.99,-0.01,-0.02,0.05,3.13,1.63
0.04,0.04,0.97,0.0,-0.03,0.04,2.47,2.51
0.04,0.05,0.97,0.03,-0.05,0.04,2.52,3.13
0.04,0.06,0.96,0.03,-0.04,0.04,2.54,3.81
0.04,0.07,0.95,0.01,-0.01,0.03,2.4,4.1
0.03,0.08,0.95,0.0,-0.01,0.02,1.84,4.56
0.03,0.08,0.95,0.0,-0.02,0.01,1.61,4.89
0.03,0.09,0.95,-0.02,-0.01,0.02,1.5,5.26
0.03,0.09,0.95,-0.02,-0.0,0.0,1.82,5.33
0.04,0.09,0.95,-0.04,-0.0,-0.0,2.42,5.57
0.04,0.08,0.94,-0.03,-0.01,-0.03,2.37,5.07
0.03,0.08,0.94,-0.04,-0.01,-0.04,1.68,4.86
0.02,0.08,0.94,-0.07,0.0,-0.05,1.32,4.94
0.02,0.07,0.94,-0.09,-0.0,-0.04,1.01,4.17
0.02,0.05,0.96,-0.03,0.14,-0.18,1.18,2.97
0.02,0.05,0.97,-0.09,0.01,-0.05,1.29,2.68
0.03,0.04,0.98,-0.1,0.02,-0.02,1.65,2.47
0.03,0.04,0.96,-0.09,0.02,-0.02,1.95,2.22
0.04,0.03,0.95,-0.06,0.01,-0.0,2.42,1.98
0.04,0.04,0.95,-0.05,-0.0,-0.02,2.22,2.13
0.03,0.04,0.95,-0.06,0.02,-0.03,1.73,2.29
0.02,0.02,0.95,-0.04,0.02,-0.03,1.07,1.47
0.01,0.03,0.96,-0.04,0.01,-0.01,0.45,1.54
0.0,0.02,0.97,-0.03,-0.01,-0.01,0.27,1.29
0.0,0.02,0.97,-0.03,0.01,0.01,0.23,1.04
0.01,0.02,0.96,-0.03,0.01,0.03,0.42,1.29
-0.0,0.03,0.95,-0.01,0.0,0.02,-0.04,1.72
0.0,0.03,0.96,0.0,-0.02,0.03,0.07,2.05
-0.0,0.04,0.96,-0.01,-0.02,0.04,-0.18,2.57
-0.01,0.05,0.96,-0.01,-0.02,0.06,-0.41,3.01
-0.0,0.05,0.95,-0.02,-0.03,0.06,-0.23,3.29
0.01,0.06,0.95,-0.02,-0.03,0.07,0.34,3.67
0.02,0.06,0.95,-0.05,-0.02,0.06,1.44,3.7
0.03,0.06,0.94,-0.06,-0.01,0.06,1.97,3.68
0.04,0.05,0.95,-0.06,-0.01,0.05,2.26,3.08
0.05,0.06,0.95,-0.08,-0.0,0.06,3.13,3.34
0.05,0.04,0.96,-0.06,0.03,0.05,3.26,2.59
0.06,0.05,0.98,-0.05,0.04,0.04,3.53,2.75
0.05,0.06,0.96,-0.04,0.04,0.04,2.94,3.45
0.07,0.05,0.97,-0.01,0.01,0.04,3.94,2.76
0.06,0.06,0.95,-0.01,0.03,0.03,3.49,3.72
0.05,0.08,0.93,-0.0,0.05,0.02,2.9,4.65
0.02,0.09,0.93,0.0,0.05,0.01,1.14,5.57
-0.0,0.1,0.93,0.0,0.04,0.01,-0.0,5.95
-0.02,0.08,0.94,-0.03,0.07,-0.01,-1.17,5.15
-0.02,0.08,0.95,-0.04,0.06,0.0,-1.23,4.86
-0.03,0.07,0.96,-0.04,0.05,0.01,-1.85,4.48
-0.03,0.07,0.96,-0.03,0.04,0.03,-1.66,4.31
-0.02,0.08,0.95,-0.01,0.03,0.04,-1.48,4.6
-0.01,0.07,0.94,-0.01,0.04,0.05,-0.71,4.44
-0.01,0.08,0.93,0.03,0.01,0.06,-0.43,4.84
-0.01,0.08,0.92,0.05,-0.0,0.06,-0.62,5.1
-0.02,0.1,0.91,0.08,0.01,0.05,-1.06,6.22
-0.03,0.11,0.9,0.09,0.01,0.04,-2.2,6.8
-0.05,0.12,0.89,0.1,-0.02,0.05,-3.26,7.9
-0.07,0.14,0.87,0.13,-0.03,0.05,-4.32,9.33
-0.08,0.16,0.85,0.17,-0.04,0.04,-5.52,10.8
-0.1,0.19,0.83,0.18,-0.06,0.03,-6.94,12.63
-0.13,0.2,0.81,0.19,-0.08,0.03,-8.93,14.0
-0.16,0.22,0.8,0.17,-0.13,0.03,-11.07,15.27
-0.18,0.24,0.79,0.15,-0.16,0.02,-12.48,16.18
-0.2,0.26,0.78,0.12,-0.2,0.02,-13.43,17.58
-0.2,0.25,0.77,0.11,-0.26,0.01,-13.86,17.65
-0.2,0.25,0.76,0.11,-0.31,-0.0,-14.16,17.85
-0.19,0.24,0.76,0.12,-0.37,0.01,-13.68,17.11
-0.2,0.25,0.76,0.1,-0.41,0.02,-13.81,17.64
-0.2,0.25,0.76,0.12,-0.48,0.02,-14.34,17.74
-0.19,0.25,0.75,0.15,-0.56,0.03,-13.38,18.2
-0.18,0.26,0.73,0.19,-0.65,0.03,-12.89,18.68
-0.16,0.26,0.72,0.22,-0.73,0.01,-12.11,19.52
-0.16,0.27,0.71,0.24,-0.81,0.01,-11.85,20.5
-0.15,0.28,0.7,0.28,-0.89,-0.01,-11.43,21.25
-0.16,0.3,0.68,0.31,-0.98,-0.03,-12.31,22.92
-0.17,0.31,0.66,0.3,-1.04,-0.05,-13.14,24.36
-0.18,0.32,0.64,0.28,-1.12,-0.07,-14.13,26.0
-0.18,0.33,0.62,0.25,-1.19,-0.08,-14.71,26.66
-0.19,0.32,0.63,0.22,-1.23,-0.11,-14.9,26.35
-0.19,0.32,0.63,0.17,-1.27,-0.12,-14.97,26.23
-0.19,0.32,0.64,0.12,-1.31,-0.11,-14.65,25.42
-0.18,0.32,0.64,0.09,-1.35,-0.1,-14.11,25.54
-0.16,0.31,0.63,0.04,-1.39,-0.1,-12.85,25.54
-0.15,0.3,0.63,0.01,-1.42,-0.1,-12.04,25.12
-0.13,0.29,0.63,0.01,-1.48,-0.11,-10.67,24.62
-0.12,0.29,0.65,-0.01,-1.55,-0.1,-9.43,23.68
-0.11,0.27,0.65,-0.02,-1.61,-0.11,-8.76,22.56
-0.11,0.27,0.63,-0.03,-1.66,-0.12,-9.12,23.09
-0.1,0.26,0.63,-0.04,-1.72,-0.11,-8.29,22.2
-0.09,0.25,0.62,-0.04,-1.79,-0.1,-7.34,21.97
-0.09,0.24,0.63,-0.06,-1.85,-0.11,-7.73,20.93
-0.07,0.23,0.65,-0.08,-1.9,-0.1,-6.03,19.53
-0.06,0.22,0.65,-0.06,-1.98,-0.09,-5.06,18.17
-0.04,0.21,0.67,-0.06,-2.05,-0.09,-3.64,17.21
-0.04,0.19,0.66,-0.05,-2.13,-0.09,-3.0,15.69
-0.02,0.18,0.68,-0.04,-2.2,-0.08,-1.73,14.86
0.0,0.16,0.67,-0.02,-2.27,-0.08,0.17,13.48
0.02,0.14,0.67,-0.0,-2.34,-0.09,1.59,11.76
0.05,0.13,0.68,0.01,-2.39,-0.09,3.85,10.78
0.07,0.14,0.67,0.02,-2.42,-0.08,5.79,11.7
0.11,0.15,0.66,0.01,-2.42,-0.07,8.88,12.72
0.15,0.16,0.64,-0.01,-2.4,-0.07,12.97,13.81
0.2,0.16,0.62,-0.05,-2.37,-0.12,17.48,13.99
0.23,0.15,0.61,-0.11,-2.32,-0.18,20.4,13.16
0.23,0.13,0.61,-0.15,-2.28,-0.25,19.93,11.34
0.19,0.1,0.63,-0.2,-2.23,-0.3,16.17,8.47
0.14,0.07,0.7,-0.21,-2.18,-0.32,11.39,5.31
0.11,0.04,0.76,-0.22,-2.17,-0.3,8.46,3.26
0.12,0.01,0.8,-0.18,-2.21,-0.27,8.5,1.06
0.13,-0.01,0.81,-0.13,-2.27,-0.26,9.03,-0.9
0.14,-0.04,0.82,-0.06,-2.31,-0.26,9.48,-2.97
0.14,-0.07,0.84,0.01,-2.37,-0.26,9.42,-4.88
0.14,-0.08,0.86,0.09,-2.43,-0.23,9.25,-5.43
0.16,-0.08,0.86,0.23,-2.53,-0.28,10.27,-5.28
0.13,-0.09,0.86,0.31,-2.56,-0.2,8.5,-5.73
0.09,-0.06,0.85,0.4,-2.55,-0.19,6.18,-3.87
0.05,-0.02,0.82,0.44,-2.58,-0.15,3.62,-1.56
0.03,0.02,0.76,0.45,-2.64,-0.1,2.15,1.18
-0.02,0.06,0.74,0.42,-2.62,-0.04,-1.23,4.9
-0.03,0.1,0.7,0.35,-2.61,0.03,-2.78,8.37
-0.04,0.12,0.66,0.24,-2.62,0.11,-3.35,10.5
-0.02,0.13,0.64,0.1,-2.63,0.18,-1.88,11.67
0.02,0.13,0.64,-0.04,-2.65,0.24,1.63,11.87
0.05,0.11,0.66,-0.19,-2.63,0.29,4.12,9.82
0.12,0.07,0.7,-0.31,-2.65,0.34,10.01,5.63
0.19,0.01,0.74,-0.43,-2.67,0.34,14.24,1.07
0.24,-0.04,0.8,-0.47,-2.67,0.34,16.93,-2.97
0.29,-0.1,0.87,-0.51,-2.64,0.31,18.28,-5.95
0.31,-0.12,0.93,-0.5,-2.63,0.28,18.39,-7.11
0.33,-0.13,0.96,-0.49,-2.66,0.26,18.86,-7.23
0.36,-0.16,1.0,-0.47,-2.65,0.21,19.8,-8.47
0.39,-0.2,1.02,-0.42,-2.62,0.15,20.59,-10.17
0.38,-0.21,1.05,-0.37,-2.57,0.09,19.5,-10.77
0.32,-0.21,1.09,-0.3,-2.52,0.04,16.24,-10.52
0.23,-0.18,1.09,-0.22,-2.51,0.03,12.01,-9.15
0.17,-0.14,1.08,-0.17,-2.53,0.04,8.86,-7.38
0.15,-0.12,1.04,-0.16,-2.55,0.08,8.06,-6.46
0.15,-0.13,1.04,-0.15,-2.56,0.13,8.07,-7.1
0.13,-0.14,1.04,-0.13,-2.56,0.18,7.08,-7.52
0.1,-0.13,1.04,-0.12,-2.5,0.23,5.57,-7.32
0.06,-0.11,1.04,-0.09,-2.47,0.29,3.31,-5.94
0.03,-0.07,1.03,-0.08,-2.45,0.38,1.69,-3.93
0.04,-0.06,0.98,-0.08,-2.49,0.47,2.19,-3.33
0.05,-0.05,0.94,-0.11,-2.48,0.55,2.86,-3.09
0.09,-0.06,0.94,-0.18,-2.46,0.62,5.25,-3.58
0.15,-0.07,0.98,-0.22,-2.48,0.68,8.79,-3.82
0.26,-0.08,1.01,-0.24,-2.46,0.7,14.25,-4.61
0.35,-0.1,1.04,-0.27,-2.41,0.66,18.66,-5.25
0.44,-0.12,1.07,-0.27,-2.36,0.56,22.23,-5.84
0.49,-0.13,1.1,-0.29,-2.36,0.44,23.94,-6.26
0.5,-0.15,1.14,-0.27,-2.35,0.29,23.53,-7.05
0.48,-0.17,1.18,-0.24,-2.33,0.13,21.85,-7.49
0.42,-0.18,1.21,-0.2,-2.28,-0.0,18.94,-7.9
0.33,-0.17,1.21,-0.14,-2.26,-0.1,15.14,-7.57
0.23,-0.15,1.18,-0.08,-2.25,-0.15,10.79,-7.1
0.14,-0.11,1.15,-0.03,-2.23,-0.17,6.8,-5.6
0.04,-0.1,1.13,0.0,-2.21,-0.13,2.02,-4.9
-0.0,-0.09,1.1,0.03,-2.21,-0.07,-0.07,-4.54
-0.01,-0.08,1.05,0.03,-2.22,0.02,-0.55,-4.43
-0.05,-0.06,1.02,0.05,-2.21,0.1,-2.98,-3.38
-0.05,-0.03,0.97,0.03,-2.16,0.21,-2.94,-1.56
-0.03,-0.01,0.94,-0.02,-2.12,0.31,-1.84,-0.37
-0.01,0.0,0.91,-0.08,-2.08,0.41,-0.37,0.23
0.03,-0.0,0.89,-0.15,-2.03,0.47,1.95,-0.13
0.04,-0.0,0.88,-0.22,-1.97,0.53,2.41,-0.25
0.03,0.01,0.86,-0.3,-1.94,0.61,2.02,0.69
0.05,0.02,0.88,-0.37,-1.95,0.67,3.18,1.0
0.09,0.0,0.93,-0.45,-2.0,0.74,5.38,0.02
0.17,-0.04,0.99,-0.5,-2.04,0.73,9.47,-2.24
0.25,-0.09,1.08,-0.49,-2.14,0.7,12.91,-4.81
0.32,-0.13,1.18,-0.47,-2.16,0.6,14.99,-6.28
0.36,-0.17,1.25,-0.43,-2.24,0.48,16.0,-7.43
0.35,-0.2,1.3,-0.37,-2.24,0.33,15.1,-8.24
0.32,-0.19,1.32,-0.32,-2.23,0.2,13.3,-8.01
0.25,-0.18,1.33,-0.27,-2.24,0.09,10.52,-7.47
0.17,-0.16,1.32,-0.2,-2.2,0.04,7.23,-6.97
0.1,-0.14,1.29,-0.19,-2.12,0.02,4.2,-6.29
0.04,-0.12,1.26,-0.17,-2.08,0.04,1.77,-5.3
0.0,-0.09,1.21,-0.14,-2.02,0.09,0.16,-4.12
-0.0,-0.07,1.18,-0.15,-1.96,0.14,-0.22,-3.53
-0.0,-0.05,1.15,-0.18,-1.89,0.2,-0.16,-2.7
0.02,-0.04,1.13,-0.22,-1.84,0.25,1.2,-1.99
0.04,-0.04,1.11,-0.26,-1.78,0.29,1.99,-1.85
0.04,-0.04,1.08,-0.29,-1.74,0.32,2.19,-2.28
0.03,-0.04,1.07,-0.31,-1.66,0.34,1.66,-2.05
0.02,-0.03,1.09,-0.32,-1.64,0.39,1.03,-1.54
0.03,-0.02,1.07,-0.31,-1.65,0.41,1.72,-0.98
0.05,-0.02,1.07,-0.29,-1.68,0.42,2.68,-1.3
0.08,-0.03,1.08,-0.28,-1.71,0.4,4.22,-1.52
0.1,-0.03,1.08,-0.27,-1.78,0.38,5.43,-1.79
0.1,-0.03,1.09,-0.26,-1.83,0.34,5.27,-1.65
0.11,-0.02,1.08,-0.27,-1.91,0.31,5.54,-1.17
0.1,-0.02,1.11,-0.3,-1.93,0.28,5.39,-0.79
0.11,-0.02,1.13,-0.32,-1.97,0.24,5.58,-1.17
0.12,-0.04,1.17,-0.36,-1.99,0.2,5.67,-1.97
0.11,-0.05,1.19,-0.39,-1.98,0.15,5.1,-2.49
0.09,-0.05,1.22,-0.45,-1.92,0.12,4.0,-2.54
0.05,-0.06,1.23,-0.49,-1.85,0.1,2.52,-2.76
0.02,-0.06,1.24,-0.49,-1.79,0.08,0.87,-2.71
-0.02,-0.07,1.26,-0.5,-1.72,0.08,-0.93,-3.2
-0.05,-0.07,1.26,-0.51,-1.65,0.1,-2.07,-3.39
-0.07,-0.07,1.26,-0.51,-1.58,0.11,-3.18,-3.3
-0.08,-0.07,1.26,-0.47,-1.53,0.13,-3.44,-3.3
-0.08,-0.07,1.26,-0.44,-1.47,0.14,-3.73,-3.34
-0.08,-0.07,1.26,-0.39,-1.43,0.15,-3.45,-3.0
-0.07,-0.06,1.26,-0.36,-1.41,0.16,-3.03,-2.65
-0.05,-0.05,1.25,-0.28,-1.41,0.15,-2.37,-2.44
-0.04,-0.04,1.23,-0.23,-1.42,0.14,-2.02,-1.9
-0.04,-0.03,1.19,-0.19,-1.4,0.1,-1.76,-1.36
-0.02,-0.01,1.17,-0.15,-1.42,0.09,-1.16,-0.72
-0.02,0.0,1.14,-0.12,-1.44,0.08,-0.9,0.14
-0.01,0.02,1.13,-0.12,-1.46,0.08,-0.72,0.93
0.0,0.03,1.11,-0.12,-1.48,0.06,0.06,1.37
0.01,0.03,1.09,-0.14,-1.5,0.06,0.69,1.84
0.01,0.04,1.09,-0.17,-1.53,0.05,0.72,2.18
0.02,0.04,1.09,-0.19,-1.55,0.05,0.84,2.26
0.02,0.04,1.1,-0.24,-1.54,0.03,0.86,1.83
0.01,0.03,1.11,-0.27,-1.53,0.02,0.67,1.3
0.01,0.02,1.13,-0.29,-1.51,0.02,0.31,1.26
-0.01,0.02,1.14,-0.31,-1.5,0.02,-0.45,0.95
-0.02,0.01,1.15,-0.33,-1.46,0.02,-0.9,0.28
-0.02,-0.0,1.17,-0.34,-1.42,0.03,-1.08,-0.24
-0.02,-0.01,1.19,-0.35,-1.41,0.01,-1.16,-0.59
-0.04,-0.02,1.21,-0.32,-1.39,0.01,-1.83,-1.08
-0.06,-0.03,1.22,-0.32,-1.35,-0.01,-2.73,-1.19
-0.08,-0.02,1.23,-0.27,-1.33,-0.02,-3.76,-1.01
-0.1,-0.01,1.23,-0.26,-1.38,-0.01,-4.47,-0.58
-0.1,-0.01,1.22,-0.19,-1.33,-0.02,-4.6,-0.65
-0.09,-0.01,1.22,-0.17,-1.31,-0.03,-4.04,-0.5
-0.06,-0.02,1.19,-0.12,-1.32,-0.03,-3.12,-0.74
-0.06,-0.01,1.2,-0.12,-1.31,-0.04,-2.97,-0.43
-0.07,-0.01,1.19,-0.11,-1.31,-0.04,-3.43,-0.69
-0.1,0.01,1.19,-0.09,-1.28,-0.06,-4.89,0.35
-0.12,0.0,1.19,-0.1,-1.26,-0.05,-5.95,0.1
-0.13,0.0,1.19,-0.05,-1.26,-0.04,-6.3,0.19
-0.13,-0.01,1.17,-0.03,-1.28,-0.02,-6.14,-0.64
-0.12,-0.01,1.18,-0.0,-1.27,-0.02,-5.66,-0.69
-0.11,-0.02,1.19,0.01,-1.24,-0.03,-5.13,-0.95
-0.11,-0.02,1.18,0.04,-1.23,-0.01,-5.17,-0.84
-0.11,-0.02,1.17,0.04,-1.17,-0.02,-5.33,-1.01
-0.11,-0.01,1.17,0.04,-1.15,-0.01,-5.26,-0.61
-0.11,-0.02,1.16,0.07,-1.12,-0.02,-5.32,-0.98
-0.1,-0.01,1.15,0.06,-1.09,-0.01,-5.02,-0.6
-0.1,0.01,1.15,0.09,-1.08,0.0,-5.21,0.3
-0.09,0.01,1.14,0.08,-1.07,0.01,-4.72,0.4
-0.09,0.01,1.13,0.07,-1.04,0.01,-4.81,0.69
-0.11,0.01,1.13,0.07,-1.04,0.03,-5.32,0.38
-0.12,0.02,1.13,0.07,-1.04,0.04,-6.06,0.99
-0.13,0.02,1.14,0.08,-1.03,0.04,-6.37,1.06
-0.13,0.02,1.15,0.1,-1.03,0.05,-6.68,0.82
-0.12,0.02,1.15,0.11,-1.03,0.07,-6.12,0.79
-0.12,0.01,1.14,0.1,-1.0,0.08,-6.03,0.52
-0.12,0.01,1.15,0.13,-0.99,0.09,-5.82,0.61
-0.12,0.01,1.15,0.13,-0.96,0.09,-6.12,0.73
-0.13,0.02,1.15,0.13,-0.96,0.1,-6.4,0.92
-0.13,0.02,1.16,0.13,-0.96,0.1,-6.22,0.81
-0.12,0.01,1.16,0.15,-0.96,0.1,-5.66,0.69
-0.1,0.02,1.17,0.14,-0.92,0.09,-4.95,1.04
-0.1,0.02,1.16,0.14,-0.89,0.08,-4.92,1.0
-0.11,0.03,1.16,0.14,-0.88,0.08,-5.37,1.28
-0.12,0.03,1.16,0.14,-0.85,0.07,-5.72,1.28
-0.12,0.03,1.16,0.14,-0.82,0.06,-5.98,1.68
-0.12,0.04,1.14,0.13,-0.8,0.07,-5.87,1.76
-0.11,0.04,1.12,0.12,-0.79,0.08,-5.72,1.93
-0.11,0.04,1.11,0.1,-0.77,0.08,-5.4,2.12
-0.12,0.04,1.13,0.06,-0.75,0.09,-6.03,2.18
-0.13,0.04,1.14,0.06,-0.72,0.1,-6.34,2.22
-0.15,0.04,1.15,0.07,-0.71,0.1,-7.3,2.2
-0.15,0.03,1.17,0.08,-0.7,0.11,-7.52,1.7
-0.16,0.04,1.18,0.08,-0.67,0.11,-7.66,1.93
-0.17,0.03,1.19,0.11,-0.66,0.12,-7.87,1.48
-0.16,0.03,1.2,0.12,-0.61,0.11,-7.37,1.59
-0.14,0.04,1.2,0.14,-0.59,0.1,-6.5,1.89
-0.13,0.04,1.2,0.15,-0.55,0.09,-6.19,1.99
-0.12,0.05,1.2,0.15,-0.51,0.09,-5.49,2.16
-0.12,0.05,1.2,0.15,-0.48,0.08,-5.51,2.24
-0.11,0.06,1.19,0.15,-0.46,0.07,-5.21,2.85
-0.1,0.06,1.18,0.14,-0.42,0.04,-4.87,3.11
-0.09,0.08,1.17,0.11,-0.37,0.04,-4.19,3.81
-0.07,0.08,1.16,0.08,-0.35,0.04,-3.36,4.13
-0.05,0.08,1.15,0.04,-0.29,0.01,-2.72,4.14
-0.05,0.08,1.13,-0.02,-0.26,-0.01,-2.55,4.0
-0.04,0.08,1.12,-0.07,-0.2,-0.03,-1.79,3.89
-0.06,0.08,1.11,-0.12,-0.17,-0.03,-3.32,3.94
-0.09,0.07,1.12,-0.15,-0.18,-0.03,-4.55,3.55
-0.1,0.06,1.12,-0.16,-0.16,-0.04,-4.86,3.19
-0.11,0.06,1.12,-0.17,-0.15,-0.03,-5.68,3.04
-0.11,0.05,1.14,-0.16,-0.15,-0.04,-5.48,2.41
-0.12,0.03,1.16,-0.15,-0.16,-0.06,-5.86,1.68
-0.12,0.03,1.16,-0.12,-0.15,-0.06,-5.85,1.37
-0.12,0.03,1.15,-0.09,-0.13,-0.08,-6.06,1.58
-0.12,0.04,1.14,-0.08,-0.12,-0.08,-5.96,1.79
-0.13,0.04,1.13,-0.04,-0.13,-0.09,-6.52,1.94
-0.12,0.04,1.12,-0.03,-0.12,-0.1,-6.34,2.06
-0.12,0.05,1.11,-0.02,-0.1,-0.08,-6.02,2.48
-0.1,0.04,1.1,-0.02,-0.1,-0.08,-5.3,2.29
-0.1,0.05,1.1,-0.03,-0.1,-0.06,-4.99,2.55
-0.09,0.05,1.09,-0.02,-0.07,-0.06,-4.67,2.4
-0.08,0.05,1.09,-0.03,-0.04,-0.05,-4.4,2.48
-0.08,0.05,1.07,-0.03,-0.05,-0.04,-4.35,2.78
-0.09,0.05,1.08,-0.04,-0.02,-0.03,-4.55,2.44
-0.08,0.05,1.09,-0.04,-0.03,-0.04,-4.12,2.55
-0.08,0.04,1.1,-0.02,-0.01,-0.04,-3.96,1.95
-0.07,0.03,1.1,-0.02,0.0,-0.04,-3.8,1.65
-0.07,0.03,1.1,-0.0,-0.0,-0.05,-3.64,1.54
-0.08,0.03,1.09,-0.0,0.0,-0.04,-4.01,1.68
-0.08,0.04,1.09,0.0,0.02,-0.05,-3.99,1.85
-0.07,0.03,1.08,0.01,0.02,-0.05,-3.92,1.45
-0.07,0.03,1.08,0.03,0.01,-0.05,-3.88,1.44
-0.07,0.03,1.08,0.03,0.03,-0.05,-3.88,1.69
-0.07,0.04,1.07,0.05,0.03,-0.04,-3.79,2.3
-0.06,0.04,1.07,0.05,0.04,-0.04,-3.06,2.07
-0.05,0.04,1.06,0.07,0.04,-0.04,-2.75,1.95
-0.05,0.04,1.06,0.09,0.03,-0.03,-2.49,1.98
-0.04,0.04,1.05,0.09,0.05,-0.04,-2.4,1.91
-0.05,0.04,1.04,0.11,0.03,-0.02,-2.58,2.19
-0.03,0.04,1.03,0.12,0.01,-0.01,-1.76,2.45
-0.02,0.04,1.02,0.13,-0.03,-0.01,-0.89,2.41
0.01,0.03,1.01,0.13,-0.02,-0.0,0.42,1.95
0.0,0.04,1.02,0.12,-0.04,0.01,0.24,2.0
0.0,0.04,1.03,0.11,-0.04,0.01,0.16,2.41
-0.01,0.04,1.03,0.11,-0.06,0.02,-0.58,2.44
-0.01,0.05,1.05,0.09,-0.04,0.01,-0.44,2.95
-0.0,0.05,1.07,0.08,-0.06,0.03,-0.11,2.6
0.01,0.04,1.1,0.1,-0.06,0.02,0.37,2.13
0.02,0.03,1.11,0.08,-0.07,-0.0,0.94,1.7
0.03,0.02,1.12,0.08,-0.04,-0.04,1.54,1.15
0.03,0.04,1.11,0.07,-0.02,-0.06,1.55,1.97
0.04,0.04,1.09,0.06,-0.0,-0.09,1.9,1.85
0.02,0.03,1.09,0.03,0.02,-0.1,1.05,1.51
0.01,0.04,1.08,0.01,0.03,-0.1,0.6,1.99
0.02,0.03,1.07,0.0,0.06,-0.1,0.93,1.39
0.04,0.03,1.06,-0.01,0.06,-0.1,1.97,1.49
0.05,0.01,1.03,-0.05,0.07,-0.11,2.71,0.72
0.05,-0.0,1.03,-0.09,0.09,-0.13,2.83,-0.07
0.02,-0.0,1.02,-0.12,0.1,-0.13,1.39,-0.15
-0.0,0.0,1.0,-0.14,0.1,-0.13,-0.0,0.2
-0.03,0.01,0.99,-0.15,0.1,-0.1,-1.9,0.39
-0.06,0.0,0.99,-0.14,0.11,-0.08,-3.43,0.17
-0.06,-0.0,1.0,-0.12,0.08,-0.04,-3.6,-0.19
-0.06,-0.01,1.02,-0.1,0.07,-0.03,-3.13,-0.69
-0.06,-0.02,1.04,-0.05,0.04,-0.02,-3.1,-1.13
-0.05,-0.02,1.04,-0.01,0.03,-0.02,-2.95,-1.29
-0.05,-0.02,1.04,0.03,0.03,-0.01,-2.75,-0.99
-0.05,-0.02,1.03,0.06,0.01,-0.01,-2.59,-0.92
-0.04,-0.01,1.01,0.08,0.0,0.02,-2.31,-0.39
-0.03,0.0,1.02,0.08,0.02,0.03,-1.59,0.1
0.01,0.01,1.01,0.11,0.01,0.04,0.55,0.5
0.04,0.01,1.02,0.1,-0.0,0.05,2.04,0.64
0.04,0.01,1.02,0.08,0.01,0.05,2.28,0.7
0.05,0.02,1.02,0.06,-0.01,0.05,3.03,1.17
0.05,0.03,1.02,0.03,0.02,0.05,2.56,1.51
0.05,0.04,1.01,0.04,-0.0,0.05,2.59,2.06
0.05,0.03,1.02,0.03,-0.01,0.06,2.56,1.89
0.04,0.03,1.03,0.02,-0.0,0.06,2.3,1.82
0.04,0.03,1.04,-0.01,0.0,0.06,2.34,1.86
0.04,0.03,1.05,-0.01,-0.0,0.05,2.09,1.42
0.04,0.03,1.05,-0.0,-0.01,0.03,2.22,1.77
0.04,0.04,1.06,-0.01,0.0,0.02,1.91,1.97
0.04,0.04,1.06,0.0,-0.0,0.01,2.3,2.18
0.05,0.04,1.05,-0.0,0.0,-0.0,2.66,1.94
0.06,0.04,1.04,0.02,-0.01,-0.0,3.16,2.23
0.05,0.05,1.03,0.01,-0.02,-0.01,2.97,2.51
0.06,0.05,1.02,-0.01,-0.02,-0.02,3.33,2.7
0.06,0.05,1.02,-0.03,-0.05,-0.02,3.63,2.56
0.06,0.04,1.02,-0.02,-0.07,-0.03,3.43,2.44
0.05,0.04,1.02,-0.04,-0.07,-0.04,3.01,2.14
0.05,0.03,1.01,-0.08,-0.06,-0.05,2.79,1.79
0.04,0.03,1.02,-0.09,-0.08,-0.05,2.1,1.65
0.02,0.02,1.01,-0.1,-0.08,-0.04,1.12,1.34
-0.01,0.03,1.01,-0.1,-0.09,-0.04,-0.49,1.45
-0.03,0.02,1.02,-0.09,-0.09,-0.02,-1.96,1.18
-0.04,0.02,1.02,-0.08,-0.1,-0.01,-2.5,0.95
-0.05,0.02,1.03,-0.06,-0.12,0.01,-2.58,1.1
-0.04,0.02,1.04,-0.04,-0.11,0.02,-2.19,1.06
-0.03,0.02,1.04,-0.03,-0.08,0.03,-1.69,0.89
-0.03,0.01,1.04,-0.01,-0.1,0.05,-1.77,0.81
-0.02,0.02,1.05,0.0,-0.11,0.06,-0.92,1.25
-0.02,0.03,1.05,0.03,-0.12,0.06,-0.94,1.47
-0.01,0.03,1.06,0.03,-0.12,0.07,-0.38,1.78
-0.01,0.04,1.06,0.04,-0.12,0.06,-0.61,2.17
0.01,0.03,1.07,0.04,-0.14,0.05,0.35,1.74
-0.01,0.04,1.08,0.04,-0.15,0.04,-0.28,1.97
-0.0,0.04,1.09,0.05,-0.13,0.03,-0.13,2.15
0.01,0.04,1.08,0.06,-0.14,0.03,0.65,2.21
0.01,0.04,1.08,0.07,-0.14,0.01,0.66,2.38
0.01,0.05,1.06,0.06,-0.14,0.0,0.72,2.44
0.01,0.05,1.06,0.06,-0.12,-0.01,0.63,2.58
0.01,0.05,1.05,0.05,-0.12,-0.0,0.35,2.99
0.01,0.06,1.04,0.05,-0.13,-0.01,0.62,3.28
0.02,0.05,1.04,0.02,-0.12,-0.0,1.09,3.03
0.02,0.05,1.03,0.01,-0.13,-0.01,1.32,3.01
0.01,0.05,1.04,-0.02,-0.13,-0.0,0.75,2.89
-0.0,0.05,1.04,-0.03,-0.14,-0.01,-0.08,2.8
-0.02,0.05,1.04,-0.05,-0.15,-0.0,-0.94,2.57
-0.03,0.05,1.06,-0.07,-0.13,-0.01,-1.9,2.44
-0.05,0.04,1.07,-0.07,-0.12,0.01,-2.82,2.22
-0.08,0.03,1.08,-0.04,-0.12,0.01,-3.96,1.34
-0.08,0.02,1.1,-0.02,-0.13,0.01,-4.4,0.96
-0.1,0.02,1.1,0.01,-0.1,0.0,-5.1,0.94
-0.1,0.02,1.11,0.07,-0.12,0.0,-5.0,0.98
-0.1,0.02,1.1,0.1,-0.11,0.0,-4.97,1.29
-0.08,0.03,1.09,0.14,-0.11,0.01,-4.06,1.47
-0.06,0.04,1.09,0.16,-0.11,0.01,-3.03,1.87
-0.03,0.04,1.07,0.16,-0.07,0.01,-1.55,2.26
-0.0,0.04,1.06,0.15,-0.08,0.01,-0.05,2.34
0.01,0.05,1.04,0.14,-0.09,0.01,0.69,2.91
0.02,0.06,1.03,0.1,-0.08,-0.0,1.36,3.61
0.03,0.07,1.02,0.08,-0.08,0.01,1.53,4.03
0.03,0.07,1.02,0.03,-0.07,0.0,1.77,3.85
0.03,0.06,1.03,-0.01,-0.08,0.02,1.56,3.54
0.02,0.06,1.05,-0.03,-0.08,0.02,1.29,3.41
0.02,0.05,1.06,-0.06,-0.06,0.01,1.02,2.51
0.01,0.04,1.06,-0.08,-0.05,-0.0,0.58,2.22
-0.0,0.04,1.06,-0.07,-0.08,-0.0,-0.15,2.15
-0.01,0.04,1.06,-0.07,-0.07,-0.01,-0.63,2.29
-0.02,0.04,1.06,-0.06,-0.08,-0.01,-0.94,2.16
-0.03,0.04,1.07,-0.07,-0.09,-0.01,-1.41,2.35
-0.03,0.04,1.08,-0.04,-0.1,-0.01,-1.81,1.91
-0.03,0.03,1.08,-0.04,-0.1,-0.02,-1.54,1.39
-0.03,0.02,1.07,-0.03,-0.09,-0.03,-1.68,1.1
-0.04,0.03,1.07,-0.04,-0.08,-0.03,-2.11,1.77
-0.05,0.03,1.06,-0.02,-0.11,-0.02,-2.47,1.69
-0.05,0.03,1.06,-0.01,-0.1,-0.02,-2.61,1.85
-0.05,0.03,1.06,-0.0,-0.1,-0.02,-2.62,1.77
-0.05,0.03,1.07,-0.01,-0.1,-0.02,-2.88,1.5
-0.06,0.03,1.07,-0.01,-0.1,-0.01,-3.08,1.59
-0.07,0.04,1.08,-0.02,-0.09,0.0,-3.65,2.26
-0.08,0.03,1.09,-0.02,-0.06,0.01,-4.17,1.41
-0.08,0.02,1.08,-0.02,-0.05,0.02,-4.11,1.09
-0.08,0.02,1.1,-0.01,-0.04,0.0,-4.06,1.24
-0.09,0.03,1.09,0.03,-0.06,0.01,-4.83,1.41
-0.09,0.04,1.09,0.01,-0.04,0.02,-4.77,2.27
-0.1,0.04,1.08,-0.01,-0.03,0.02,-5.06,2.16
-0.1,0.04,1.1,0.0,-0.03,0.02,-4.95,2.15
-0.1,0.04,1.12,-0.01,-0.04,0.03,-4.96,2.18
-0.11,0.05,1.14,-0.03,-0.01,0.02,-5.66,2.52
-0.12,0.04,1.15,-0.07,0.0,0.02,-5.79,1.91
-0.12,0.04,1.17,-0.08,0.02,-0.01,-6.01,1.85
-0.14,0.03,1.19,-0.11,0.05,-0.02,-6.5,1.63
-0.15,0.04,1.21,-0.14,0.08,-0.01,-7.12,1.66
-0.17,0.03,1.24,-0.17,0.15,-0.03,-7.71,1.17
-0.19,0.03,1.27,-0.17,0.21,-0.04,-8.44,1.13
-0.21,0.02,1.3,-0.19,0.25,-0.05,-9.01,0.77
-0.22,0.02,1.31,-0.21,0.34,-0.07,-9.63,0.99
-0.25,0.03,1.31,-0.2,0.38,-0.08,-10.62,1.18
-0.26,0.02,1.32,-0.19,0.42,-0.09,-11.26,1.05
-0.27,0.02,1.33,-0.17,0.48,-0.1,-11.52,0.94
-0.27,0.02,1.35,-0.16,0.56,-0.11,-11.32,0.91
-0.27,0.01,1.35,-0.15,0.62,-0.12,-11.26,0.52
-0.27,0.01,1.34,-0.14,0.72,-0.15,-11.42,0.35
-0.27,0.01,1.32,-0.11,0.77,-0.15,-11.56,0.44
-0.28,0.01,1.3,-0.11,0.86,-0.17,-12.07,0.58
-0.29,0.02,1.28,-0.09,0.92,-0.16,-12.55,0.74
-0.28,0.02,1.26,-0.07,0.97,-0.15,-12.54,1.1
-0.27,0.03,1.24,-0.06,1.01,-0.14,-12.4,1.29
-0.25,0.03,1.22,-0.03,1.07,-0.13,-11.52,1.47
-0.24,0.04,1.21,-0.03,1.11,-0.12,-11.23,1.84
-0.23,0.05,1.18,-0.01,1.12,-0.11,-10.83,2.55
-0.21,0.06,1.18,-0.01,1.13,-0.07,-10.25,2.76
-0.2,0.06,1.19,-0.01,1.15,-0.06,-9.43,2.74
-0.18,0.05,1.21,-0.0,1.17,-0.06,-8.25,2.54
-0.16,0.06,1.23,0.02,1.18,-0.06,-7.46,2.84
-0.14,0.07,1.24,0.03,1.19,-0.06,-6.54,2.99
-0.13,0.07,1.26,0.02,1.23,-0.09,-5.9,2.96
-0.11,0.07,1.27,0.02,1.26,-0.1,-5.05,3.08
-0.1,0.07,1.27,0.02,1.28,-0.12,-4.44,3.28
-0.08,0.08,1.26,0.01,1.31,-0.13,-3.71,3.45
-0.08,0.07,1.26,-0.02,1.38,-0.15,-3.66,3.4
-0.08,0.08,1.27,-0.06,1.42,-0.16,-3.56,3.45
-0.07,0.07,1.26,-0.08,1.45,-0.18,-3.26,3.2
-0.07,0.07,1.25,-0.06,1.48,-0.19,-3.14,3.02
-0.08,0.06,1.24,-0.11,1.55,-0.21,-3.47,2.68
-0.06,0.06,1.24,-0.12,1.6,-0.2,-2.93,2.57
-0.07,0.07,1.24,-0.11,1.61,-0.2,-3.15,3.17
-0.05,0.06,1.23,-0.12,1.63,-0.2,-2.46,2.84
-0.04,0.04,1.23,-0.12,1.66,-0.21,-1.79,2.06
-0.03,0.03,1.22,-0.13,1.67,-0.24,-1.31,1.38
-0.02,0.02,1.22,-0.13,1.66,-0.26,-1.14,1.05
-0.03,0.03,1.23,-0.13,1.66,-0.26,-1.54,1.24
-0.04,0.03,1.23,-0.13,1.68,-0.27,-2.08,1.23
-0.03,0.02,1.23,-0.12,1.7,-0.26,-1.41,0.89
-0.03,0.01,1.25,-0.12,1.72,-0.27,-1.26,0.6
-0.02,0.0,1.25,-0.12,1.73,-0.27,-0.78,0.14
-0.01,-0.0,1.26,-0.11,1.78,-0.28,-0.33,-0.03
0.01,0.0,1.25,-0.13,1.81,-0.29,0.35,0.17
0.01,-0.0,1.25,-0.13,1.84,-0.29,0.28,-0.12
0.01,-0.0,1.24,-0.12,1.87,-0.31,0.55,-0.15
0.02,-0.0,1.24,-0.13,1.89,-0.3,0.71,-0.14
0.02,-0.0,1.24,-0.15,1.92,-0.29,0.7,-0.07
0.03,-0.01,1.25,-0.15,1.95,-0.29,1.41,-0.36
0.04,-0.02,1.26,-0.16,1.98,-0.28,1.89,-0.73
0.04,-0.02,1.27,-0.19,2.03,-0.3,1.81,-0.9
0.03,-0.02,1.28,-0.18,2.05,-0.31,1.56,-1.02
0.04,-0.02,1.28,-0.17,2.08,-0.3,1.75,-0.95
0.04,-0.03,1.28,-0.15,2.1,-0.31,1.77,-1.15
0.04,-0.02,1.29,-0.14,2.13,-0.3,1.93,-0.96
0.06,-0.02,1.29,-0.14,2.16,-0.29,2.47,-1.1
0.06,-0.03,1.29,-0.12,2.18,-0.3,2.83,-1.45
0.08,-0.04,1.3,-0.09,2.19,-0.3,3.43,-1.86
0.08,-0.04,1.3,-0.08,2.21,-0.3,3.45,-1.84
0.09,-0.04,1.3,-0.05,2.22,-0.32,3.87,-1.71
0.1,-0.05,1.28,-0.02,2.23,-0.31,4.65,-2.07
0.12,-0.05,1.26,-0.01,2.26,-0.33,5.4,-2.1
0.12,-0.04,1.24,-0.01,2.3,-0.33,5.69,-1.91
0.13,-0.03,1.21,-0.05,2.36,-0.32,6.01,-1.29
0.12,-0.02,1.19,-0.06,2.37,-0.3,5.86,-1.02
0.13,-0.02,1.19,-0.07,2.4,-0.28,6.01,-0.87
0.14,-0.02,1.19,-0.08,2.42,-0.26,6.55,-0.89
0.15,-0.02,1.19,-0.09,2.44,-0.25,7.14,-1.15
0.17,-0.04,1.19,-0.08,2.43,-0.25,8.18,-1.8
0.18,-0.04,1.19,-0.07,2.43,-0.25,8.81,-2.05
0.19,-0.05,1.2,-0.06,2.42,-0.27,8.98,-2.21
0.18,-0.05,1.19,-0.04,2.43,-0.28,8.56,-2.36
0.17,-0.05,1.18,-0.04,2.42,-0.28,8.27,-2.24
0.17,-0.05,1.16,-0.03,2.42,-0.29,8.09,-2.31
0.16,-0.05,1.14,-0.02,2.42,-0.27,7.87,-2.29
0.16,-0.04,1.13,-0.03,2.45,-0.26,7.86,-2.2
0.15,-0.03,1.11,-0.05,2.45,-0.22,7.9,-1.61
0.16,-0.03,1.1,-0.07,2.47,-0.2,8.14,-1.54
0.17,-0.02,1.1,-0.11,2.48,-0.16,8.97,-1.21
0.2,-0.04,1.1,-0.12,2.49,-0.15,10.16,-2.2
0.21,-0.04,1.09,-0.14,2.52,-0.14,10.64,-2.19
0.19,-0.05,1.11,-0.16,2.52,-0.13,9.88,-2.63
0.2,-0.04,1.09,-0.16,2.52,-0.13,10.24,-2.25
0.19,-0.05,1.08,-0.18,2.51,-0.12,9.93,-2.67
0.21,-0.08,1.1,-0.19,2.53,-0.11,10.81,-3.89
0.24,-0.09,1.11,-0.19,2.54,-0.11,11.9,-4.38
0.23,-0.1,1.12,-0.17,2.56,-0.11,11.8,-4.94
0.22,-0.11,1.12,-0.14,2.59,-0.11,11.22,-5.71
0.22,-0.11,1.12,-0.09,2.59,-0.11,11.24,-5.55
0.22,-0.11,1.11,-0.05,2.6,-0.13,11.13,-5.45
0.22,-0.1,1.09,0.01,2.56,-0.13,11.31,-4.96
0.22,-0.1,1.07,0.05,2.55,-0.13,11.4,-4.97
0.22,-0.09,1.05,0.07,2.54,-0.13,11.86,-4.96
0.23,-0.08,1.03,0.09,2.54,-0.13,12.36,-4.41
0.24,-0.07,1.02,0.12,2.48,-0.12,13.03,-4.0
0.25,-0.08,1.0,0.11,2.48,-0.14,14.03,-4.22
0.26,-0.08,0.97,0.1,2.47,-0.14,15.11,-4.29
0.24,-0.08,0.95,0.08,2.49,-0.16,14.23,-4.39
0.2,-0.07,0.93,0.06,2.51,-0.14,12.37,-3.96
0.16,-0.05,0.92,0.04,2.53,-0.12,9.98,-2.82
0.14,-0.04,0.9,0.0,2.53,-0.07,9.03,-2.22
0.16,-0.05,0.89,-0.01,2.52,-0.03,9.89,-3.18
0.18,-0.06,0.9,-0.02,2.52,0.01,11.16,-3.64
0.2,-0.06,0.9,-0.03,2.5,0.02,12.76,-3.58
0.24,-0.07,0.9,-0.03,2.48,0.02,14.74,-4.27
0.25,-0.09,0.9,0.01,2.47,-0.0,15.32,-5.7
0.23,-0.1,0.91,0.07,2.44,-0.02,14.26,-5.93
0.21,-0.08,0.92,0.08,2.45,-0.03,12.49,-4.72
0.19,-0.06,0.91,0.14,2.38,-0.03,11.54,-3.92
0.18,-0.07,0.88,0.17,2.36,-0.01,11.75,-4.19
0.18,-0.07,0.87,0.19,2.33,-0.01,11.62,-4.46
0.17,-0.06,0.88,0.21,2.34,-0.01,10.84,-3.68
0.16,-0.05,0.88,0.24,2.32,0.02,10.12,-3.01
0.16,-0.03,0.86,0.26,2.29,0.04,10.26,-1.99
0.18,-0.02,0.85,0.3,2.24,0.05,11.74,-1.4
0.2,-0.01,0.82,0.3,2.21,0.04,13.46,-0.54
0.21,-0.0,0.79,0.26,2.2,0.04,14.93,-0.09
0.22,0.01,0.77,0.24,2.2,0.02,15.81,0.91
0.2,0.02,0.76,0.19,2.22,0.01,14.85,1.47
0.18,0.04,0.76,0.13,2.2,-0.0,13.63,2.96
0.18,0.05,0.75,0.08,2.17,0.0,13.37,3.41
0.18,0.04,0.75,0.01,2.19,0.0,13.39,3.03
0.16,0.03,0.76,-0.05,2.21,0.0,12.09,2.53
0.14,0.03,0.77,-0.13,2.25,0.02,10.18,2.43
0.12,0.04,0.78,-0.19,2.27,0.04,8.61,2.7
0.12,0.04,0.81,-0.21,2.25,0.07,8.2,2.63
0.12,0.04,0.81,-0.22,2.2,0.09,8.39,2.44
0.13,0.01,0.84,-0.23,2.19,0.09,9.09,0.38
0.15,-0.0,0.85,-0.2,2.17,0.07,10.26,-0.31
0.16,-0.02,0.86,-0.18,2.17,0.07,10.55,-1.29
0.15,-0.03,0.88,-0.13,2.14,0.07,9.83,-1.71
0.13,-0.01,0.89,-0.05,2.11,0.08,8.25,-0.61
0.11,0.01,0.87,-0.03,2.06,0.07,7.5,0.79
0.15,0.01,0.84,0.02,1.97,0.08,9.74,0.8
0.17,-0.0,0.83,0.06,1.9,0.05,11.24,-0.02
0.18,-0.01,0.84,0.09,1.85,0.01,12.28,-0.46
0.18,0.02,0.86,0.13,1.81,-0.01,11.83,1.08
0.18,0.03,0.85,0.18,1.76,-0.02,11.76,1.68
0.2,0.03,0.84,0.2,1.76,-0.06,13.0,2.21
0.21,0.05,0.82,0.22,1.72,-0.08,14.12,3.09
0.2,0.06,0.8,0.21,1.77,-0.11,13.93,4.05
0.17,0.07,0.8,0.19,1.81,-0.13,12.21,5.15
0.13,0.09,0.8,0.19,1.85,-0.14,9.37,6.09
0.09,0.12,0.81,0.17,1.85,-0.13,6.54,8.1
0.07,0.13,0.79,0.15,1.84,-0.12,5.15,9.16
0.06,0.12,0.78,0.09,1.86,-0.1,4.06,8.81
0.06,0.11,0.78,0.07,1.83,-0.1,4.13,7.99
0.05,0.1,0.81,0.05,1.84,-0.06,3.62,7.06
0.05,0.11,0.83,0.05,1.81,-0.04,3.7,7.63
0.06,0.1,0.82,0.05,1.8,-0.02,4.29,7.17
0.08,0.09,0.82,0.06,1.76,-0.01,5.69,6.59
0.1,0.09,0.8,0.08,1.75,-0.02,6.92,6.06
0.11,0.08,0.82,0.1,1.77,-0.03,7.83,5.79
0.13,0.1,0.83,0.16,1.72,-0.05,8.67,6.73
0.14,0.11,0.81,0.23,1.64,-0.08,9.65,7.76
0.15,0.11,0.78,0.28,1.56,-0.12,10.46,8.04
0.12,0.12,0.76,0.29,1.53,-0.18,8.98,9.06
0.08,0.14,0.76,0.28,1.48,-0.21,6.23,10.37
0.06,0.16,0.77,0.27,1.44,-0.23,4.51,11.88
0.04,0.17,0.77,0.24,1.41,-0.23,3.02,12.37
0.03,0.18,0.75,0.17,1.43,-0.23,2.59,13.17
0.02,0.17,0.75,0.1,1.45,-0.22,1.27,13.06
-0.0,0.17,0.76,0.04,1.49,-0.21,-0.13,12.66
-0.02,0.17,0.79,-0.03,1.52,-0.17,-1.73,12.2
-0.03,0.15,0.8,-0.09,1.55,-0.14,-2.25,10.64
-0.03,0.14,0.78,-0.14,1.58,-0.11,-2.26,10.22
-0.02,0.11,0.82,-0.17,1.57,-0.08,-1.1,7.54
-0.01,0.09,0.83,-0.18,1.58,-0.05,-0.68,6.38
0.0,0.07,0.85,-0.14,1.58,-0.03,0.1,4.37
0.01,0.05,0.86,-0.08,1.58,-0.0,0.58,3.41
0.01,0.05,0.86,0.02,1.52,0.03,0.52,3.41
-0.0,0.06,0.84,0.1,1.46,0.05,-0.32,3.81
-0.01,0.07,0.83,0.18,1.43,0.05,-1.0,4.99
-0.04,0.09,0.8,0.23,1.37,0.05,-2.51,6.45
-0.06,0.12,0.79,0.29,1.29,0.06,-4.17,8.54
-0.07,0.15,0.78,0.34,1.18,0.08,-4.88,11.01
-0.06,0.19,0.74,0.35,1.09,0.07,-4.7,14.03
-0.04,0.2,0.71,0.33,1.01,0.06,-3.44,15.61
-0.05,0.21,0.69,0.3,0.98,0.03,-3.85,16.79
-0.06,0.22,0.7,0.23,0.96,0.03,-4.81,17.49
-0.08,0.23,0.72,0.17,1.0,0.04,-5.84,17.49
-0.08,0.23,0.74,0.11,1.01,0.05,-6.22,17.21
-0.06,0.24,0.74,0.05,1.0,0.08,-4.21,17.91
-0.03,0.23,0.74,0.05,1.17,-0.08,-1.9,17.44
-0.01,0.23,0.74,-0.07,1.01,0.07,-0.38,17.24
0.0,0.2,0.75,-0.1,1.02,0.05,0.32,14.82
0.0,0.19,0.78,-0.1,1.02,0.04,0.13,13.49
-0.01,0.18,0.81,-0.11,1.01,0.04,-0.35,12.77
-0.01,0.18,0.82,-0.09,0.97,0.05,-0.46,12.37
-0.0,0.17,0.82,-0.07,0.93,0.03,-0.16,11.81
-0.01,0.15,0.83,-0.04,0.89,0.02,-0.39,10.53
-0.02,0.15,0.84,0.01,0.83,0.01,-1.64,10.39
-0.05,0.16,0.87,0.03,0.79,0.01,-3.46,10.17
-0.07,0.17,0.88,0.06,0.76,0.03,-4.69,10.73
-0.07,0.17,0.87,0.09,0.7,0.07,-4.7,11.24
-0.06,0.18,0.85,0.11,0.65,0.07,-4.12,11.73
-0.06,0.18,0.83,0.13,0.61,0.08,-3.77,12.11
-0.06,0.18,0.83,0.13,0.59,0.07,-4.22,12.13
-0.08,0.19,0.84,0.14,0.57,0.07,-5.3,12.53
-0.1,0.2,0.85,0.14,0.53,0.08,-6.52,13.08
-0.1,0.2,0.84,0.11,0.5,0.1,-6.57,13.56
-0.09,0.2,0.83,0.1,0.49,0.11,-5.97,13.71
-0.08,0.2,0.82,0.08,0.45,0.1,-5.48,13.57
-0.07,0.2,0.83,0.08,0.43,0.1,-4.9,13.4
-0.08,0.2,0.83,0.06,0.43,0.09,-5.65,13.71
-0.09,0.2,0.84,0.03,0.44,0.1,-6.07,13.08
-0.08,0.19,0.84,0.03,0.41,0.09,-5.57,12.57
-0.06,0.2,0.83,0.01,0.39,0.08,-3.88,13.45
-0.04,0.2,0.83,-0.01,0.37,0.06,-2.52,13.45
-0.04,0.19,0.83,-0.0,0.36,0.03,-3.0,12.69
-0.07,0.18,0.85,-0.03,0.33,0.02,-4.77,12.27
-0.09,0.19,0.86,-0.05,0.31,0.02,-5.93,12.12
-0.1,0.17,0.87,-0.06,0.3,0.02,-6.18,10.95
-0.1,0.15,0.88,-0.08,0.3,0.02,-6.19,9.57
-0.09,0.13,0.9,-0.08,0.26,0.04,-5.35,8.43
-0.07,0.12,0.92,-0.11,0.16,0.12,-4.11,7.73
-0.02,0.12,0.91,-0.02,0.16,0.06,-1.22,7.51
-0.01,0.12,0.91,-0.01,0.16,0.05,-0.39,7.3
0.01,0.12,0.89,0.04,0.11,0.03,0.6,7.75
0.0,0.13,0.89,0.07,0.1,0.01,0.06,8.21
-0.02,0.14,0.88,0.08,0.08,-0.01,-1.11,8.87
-0.03,0.15,0.88,0.08,0.05,-0.01,-1.7,9.8
-0.02,0.14,0.88,0.05,0.04,-0.03,-1.36,9.17
-0.02,0.15,0.88,0.05,0.01,-0.04,-1.1,9.39
-0.03,0.14,0.89,0.01,0.0,-0.05,-1.77,8.81
-0.01,0.11,0.9,-0.02,0.02,-0.06,-0.91,7.12
-0.02,0.1,0.91,-0.04,0.02,-0.04,-1.05,6.4
-0.0,0.08,0.93,-0.06,0.04,-0.04,-0.23,5.18
0.01,0.06,0.94,-0.06,0.06,-0.02,0.52,3.95
0.01,0.05,0.95,-0.05,0.07,-0.02,0.47,3.05
0.0,0.04,0.96,-0.04,0.07,0.0,0.25,2.48
0.02,0.06,0.96,-0.0,0.04,0.03,1.39,3.76
0.04,0.07,0.92,0.0,0.02,0.02,2.47,4.32
0.04,0.07,0.89,-0.0,0.04,-0.0,2.84,4.48
0.03,0.08,0.89,-0.01,0.04,-0.02,1.78,5.34
0.02,0.08,0.9,-0.05,0.03,-0.06,1.19,5.11
-0.0,0.07,0.91,-0.05,0.03,-0.06,-0.04,4.61
-0.01,0.06,0.92,-0.09,0.04,-0.05,-0.73,4.01
-0.01,0.05,0.94,-0.1,0.03,-0.05,-0.82,2.81
-0.01,0.03,0.95,-0.12,0.06,-0.04,-0.38,1.78
-0.01,0.02,0.96,-0.1,0.05,-0.01,-0.71,0.94
0.0,-0.0,0.98,-0.08,0.06,-0.01,0.18,-0.22
0.02,-0.01,0.98,-0.04,0.05,0.03,0.96,-0.43
0.04,0.0,0.97,-0.01,0.03,0.04,2.22,0.23
0.04,0.02,0.95,0.05,0.0,0.03,2.3,1.01
0.03,0.03,0.93,0.09,0.01,0.02,2.06,1.87
0.01,0.05,0.91,0.1,0.02,0.01,0.71,3.29
-0.01,0.07,0.92,0.11,0.02,0.01,-0.91,4.29
-0.04,0.1,0.92,0.09,0.0,0.01,-2.48,6.05
-0.05,0.11,0.91,0.07,-0.04,0.02,-3.33,6.94
-0.06,0.11,0.9,0.03,-0.05,0.03,-3.52,7.27
-0.06,0.11,0.89,-0.02,-0.05,0.01,-3.59,6.83
-0.05,0.1,0.91,-0.07,-0.05,0.03,-2.86,5.98
-0.04,0.08,0.93,-0.08,-0.02,0.04,-2.46,5.06
-0.03,0.08,0.95,-0.12,0.0,0.06,-1.63,4.54
0.0,0.08,0.95,-0.13,-0.02,0.07,0.08,4.65
0.02,0.07,0.93,-0.13,-0.04,0.07,1.5,4.34
0.04,0.06,0.93,-0.15,-0.02,0.05,2.33,3.61
0.04,0.04,0.94,-0.11,0.16,-0.12,2.43,2.63
0.04,0.03,0.97,-0.17,0.03,0.03,2.53,2.07
0.05,0.02,0.98,-0.14,0.02,0.02,3.03,1.41
0.07,0.02,0.99,-0.11,0.02,0.04,3.93,1.0
0.08,0.02,0.98,-0.08,0.04,0.03,4.88,0.88
0.08,0.01,0.97,-0.04,0.03,0.02,4.77,0.73
0.07,0.02,0.98,0.01,0.01,0.02,3.84,1.07
0.04,0.04,0.99,0.04,0.0,-0.01,2.32,2.04
0.02,0.05,0.98,0.06,-0.01,-0.0,1.37,2.98
0.01,0.06,0.96,0.06,-0.02,0.0,0.43,3.49
0.0,0.06,0.96,0.06,-0.02,0.01,0.07,3.51
-0.01,0.06,0.96,0.06,-0.02,0.02,-0.38,3.68
-0.0,0.06,0.96,0.03,0.02,0.02,-0.11,3.45
-0.01,0.07,0.96,0.03,-0.0,0.04,-0.8,4.05
-0.0,0.07,0.96,0.05,-0.03,0.04,-0.22,4.33
-0.01,0.07,0.94,0.03,-0.04,0.03,-0.34,4.37
-0.0,0.07,0.93,0.01,-0.02,0.03,-0.09,4.15
-0.0,0.08,0.93,-0.02,-0.02,0.03,-0.09,4.96
-0.01,0.08,0.93,-0.03,-0.01,0.04,-0.46,4.95
-0.0,0.08,0.93,-0.07,0.01,0.05,-0.24,5.04
-0.0,0.08,0.92,-0.11,0.03,0.05,-0.24,4.75
0.01,0.07,0.94,-0.12,0.05,0.06,0.37,4.13
0.02,0.06,0.93,-0.13,0.05,0.05,1.46,3.57
0.03,0.05,0.94,-0.15,0.04,0.04,2.0,3.12
0.04,0.05,0.95,-0.16,0.07,0.03,2.42,2.73
0.04,0.04,0.95,-0.14,0.06,0.03,2.35,2.26
0.03,0.03,0.96,-0.1,0.05,0.02,1.93,1.72
0.02,0.02,0.97,-0.07,0.03,0.03,1.26,1.21
0.0,0.04,0.97,-0.07,0.03,0.03,0.01,2.23
-0.0,0.04,0.96,-0.04,0.0,0.04,-0.1,2.49
0.0,0.04,0.95,-0.04,-0.02,0.04,0.01,2.68
-0.0,0.04,0.94,-0.04,-0.04,0.04,-0.24,2.53
0.01,0.04,0.95,-0.04,-0.02,0.04,0.47,2.44
0.0,0.05,0.96,-0.05,-0.02,0.06,0.29,2.79
0.0,0.05,0.96,-0.05,-0.04,0.07,0.1,2.76
-0.0,0.04,0.95,-0.04,-0.05,0.09,-0.23,2.68
-0.0,0.05,0.96,-0.04,-0.03,0.1,-0.22,3.01
-0.01,0.06,0.95,-0.05,-0.05,0.1,-0.38,3.76
-0.0,0.07,0.94,-0.03,-0.06,0.11,-0.16,4.15
0.01,0.07,0.93,-0.11,-0.12,0.19,0.38,4.31
0.02,0.07,0.92,-0.07,-0.07,0.13,1.32,4.58
0.05,0.07,0.92,-0.09,-0.02,0.11,3.11,4.46
0.06,0.08,0.93,-0.07,-0.0,0.1,3.69,4.67
0.06,0.09,0.93,-0.05,-0.0,0.09,3.5,5.42
0.06,0.1,0.94,-0.06,0.01,0.06,3.5,6.1
0.06,0.1,0.93,-0.07,0.0,0.05,3.53,6.28
0.05,0.1,0.93,-0.06,-0.0,0.03,3.28,6.17
0.05,0.1,0.93,-0.06,-0.02,0.01,3.16,6.25
0.04,0.1,0.94,-0.06,0.0,-0.01,2.47,5.98
0.04,0.09,0.95,-0.07,0.0,-0.01,2.23,5.63
0.04,0.09,0.95,-0.07,0.0,-0.02,2.12,5.37
0.03,0.09,0.95,-0.07,-0.02,-0.01,1.53,5.24
0.02,0.08,0.95,-0.07,-0.01,-0.03,1.2,4.85
0.02,0.07,0.96,-0.06,-0.02,-0.02,1.07,4.37
0.02,0.08,0.96,-0.07,-0.03,-0.01,1.2,4.72
0.02,0.07,0.95,-0.05,-0.04,-0.02,0.98,4.47
0.03,0.07,0.95,-0.04,-0.03,-0.02,1.62,4.27
0.03,0.08,0.95,-0.05,-0.04,-0.03,1.74,4.57
0.05,0.07,0.95,-0.04,-0.04,-0.04,2.78,4.39
0.04,0.08,0.95,-0.03,-0.07,-0.04,2.28,4.55
0.04,0.08,0.94,-0.03,-0.07,-0.06,2.59,5.0
0.03,0.07,0.93,-0.05,-0.05,-0.07,1.89,4.57
0.02,0.06,0.95,-0.06,-0.05,-0.07,1.36,3.7
0.01,0.05,0.98,-0.08,-0.04,-0.07,0.75,2.65
0.0,0.02,0.99,-0.09,-0.01,-0.05,0.11,1.38
0.0,0.02,1.0,-0.1,-0.0,-0.03,0.27,1.02
0.03,0.01,0.99,-0.07,-0.01,-0.01,1.6,0.73
0.04,-0.0,0.98,-0.06,0.01,-0.0,2.13,-0.06
0.04,0.01,0.98,-0.04,0.04,-0.0,2.46,0.49
0.03,0.01,0.98,-0.04,0.07,0.01,1.93,0.78
0.01,0.03,0.98,-0.0,0.08,0.02,0.4,1.64
0.01,0.03,0.96,0.0,0.06,0.01,0.47,1.99
-0.01,0.04,0.95,0.02,0.05,0.02,-0.5,2.15
-0.0,0.05,0.96,0.0,0.07,0.03,-0.04,3.11
-0.0,0.06,0.95,0.03,0.04,0.04,-0.05,3.58
-0.0,0.08,0.93,0.05,0.04,0.04,-0.05,4.85
-0.02,0.08,0.92,0.06,0.04,0.02,-0.94,5.14
-0.03,0.09,0.91,0.06,0.04,0.03,-1.65,5.72
-0.04,0.1,0.91,0.07,0.03,0.02,-2.49,6.58
-0.05,0.11,0.91,0.08,0.01,0.04,-2.92,6.95
-0.04,0.12,0.9,0.09,-0.0,0.03,-2.8,7.82
-0.05,0.14,0.89,0.09,-0.01,0.04,-3.38,9.0
-0.07,0.16,0.86,0.09,-0.05,0.04,-4.35,10.45
-0.08,0.17,0.85,0.08,-0.08,0.03,-5.3,11.21
-0.1,0.18,0.84,0.06,-0.1,0.02,-6.46,12.23
-0.1,0.19,0.83,0.04,-0.12,0.02,-6.52,12.85
-0.1,0.19,0.83,0.01,-0.14,0.02,-6.83,13.12
-0.1,0.2,0.83,0.01,-0.2,0.03,-6.69,13.2
-0.11,0.2,0.81,-0.0,-0.23,0.03,-7.22,13.47
-0.1,0.2,0.81,-0.02,-0.26,0.02,-6.69,13.58
-0.1,0.19,0.8,-0.04,-0.3,0.02,-6.75,13.24
-0.08,0.18,0.8,-0.04,-0.31,0.01,-5.88,12.69
-0.07,0.17,0.79,-0.01,-0.34,-0.0,-5.06,12.24
-0.08,0.17,0.78,0.01,-0.34,-0.0,-6.02,11.81
-0.09,0.15,0.78,0.03,-0.36,-0.0,-6.45,11.01
-0.1,0.14,0.78,0.08,-0.39,0.0,-7.2,10.31
-0.11,0.14,0.78,0.15,-0.44,0.02,-7.65,9.95
-0.13,0.14,0.77,0.21,-0.45,0.04,-9.06,10.21
-0.15,0.15,0.76,0.32,-0.49,0.07,-11.0,11.14
-0.18,0.17,0.74,0.41,-0.55,0.09,-13.49,12.81
-0.22,0.2,0.72,0.47,-0.61,0.12,-16.39,14.6
-0.25,0.22,0.69,0.55,-0.71,0.15,-18.9,17.0
-0.27,0.25,0.66,0.58,-0.8,0.18,-20.92,19.02
-0.28,0.27,0.63,0.64,-0.92,0.21,-22.43,21.31
-0.29,0.3,0.59,0.69,-1.02,0.23,-23.32,24.94
-0.27,0.34,0.55,0.7,-1.09,0.22,-22.38,29.05
-0.29,0.38,0.52,0.69,-1.24,0.22,-24.29,32.47
-0.3,0.42,0.48,0.64,-1.36,0.2,-25.45,36.46
-0.3,0.43,0.44,0.6,-1.48,0.18,-25.74,39.12
-0.29,0.44,0.43,0.54,-1.59,0.16,-24.82,40.38
-0.29,0.46,0.43,0.47,-1.73,0.14,-24.64,41.86
-0.29,0.47,0.42,0.37,-1.84,0.11,-24.57,42.93
-0.32,0.48,0.41,0.23,-1.97,0.11,-26.76,43.0
-0.3,0.47,0.4,0.06,-2.06,0.11,-26.2,42.94
-0.27,0.44,0.4,-0.08,-2.14,0.12,-24.27,42.22
-0.21,0.39,0.42,-0.21,-2.21,0.11,-19.95,39.62
-0.18,0.34,0.44,-0.32,-2.29,0.11,-17.7,35.2
-0.14,0.27,0.5,-0.43,-2.33,0.13,-13.58,28.04
-0.07,0.22,0.52,-0.51,-2.35,0.17,-7.2,22.19
-0.01,0.15,0.54,-0.52,-2.39,0.17,-1.04,15.9
0.03,0.09,0.6,-0.49,-2.37,0.19,3.31,8.58
0.07,0.04,0.63,-0.43,-2.39,0.2,6.39,3.91
0.12,-0.01,0.68,-0.34,-2.42,0.22,10.12,-0.44
0.14,-0.05,0.72,-0.22,-2.44,0.25,11.27,-3.87
0.16,-0.07,0.74,-0.05,-2.48,0.25,12.13,-5.27
0.16,-0.06,0.75,0.16,-2.53,0.26,12.06,-4.5
0.15,-0.05,0.76,0.33,-2.58,0.29,11.15,-3.63
0.12,-0.01,0.74,0.51,-2.66,0.32,9.27,-0.44
0.08,0.05,0.71,0.67,-2.74,0.33,6.46,4.39
0.04,0.11,0.65,0.75,-2.83,0.36,3.85,9.66
0.01,0.18,0.61,0.79,-2.94,0.39,1.34,16.19
0.01,0.21,0.58,0.78,-3.02,0.41,1.36,20.33
0.05,0.22,0.55,0.73,-3.12,0.45,4.46,21.97
0.09,0.24,0.53,0.67,-3.16,0.45,8.71,23.91
0.16,0.23,0.53,0.57,-3.19,0.45,15.37,22.97
0.22,0.23,0.53,0.5,-3.21,0.44,20.56,21.37
0.25,0.22,0.55,0.42,-3.23,0.41,22.88,20.28
0.26,0.22,0.56,0.33,-3.21,0.36,23.4,19.7
0.28,0.21,0.58,0.22,-3.21,0.32,24.79,18.38
0.3,0.21,0.6,0.12,-3.24,0.29,25.0,17.31
0.3,0.2,0.61,-0.01,-3.2,0.25,24.84,16.32
0.31,0.19,0.64,-0.13,-3.19,0.23,24.89,14.69
0.33,0.17,0.67,-0.26,-3.14,0.22,25.23,13.18
0.33,0.17,0.67,-0.38,-3.13,0.2,25.17,12.6
0.33,0.13,0.7,-0.5,-3.14,0.18,25.08,9.85
0.34,0.09,0.73,-0.63,-3.11,0.15,24.79,6.22
0.35,0.03,0.78,-0.73,-3.08,0.14,23.89,1.9
0.33,-0.03,0.85,-0.78,-3.05,0.12,21.49,-1.93
0.3,-0.09,0.9,-0.79,-3.02,0.14,18.52,-5.35
0.27,-0.13,0.96,-0.79,-2.98,0.16,15.72,-7.59
0.26,-0.16,1.01,-0.72,-2.98,0.19,14.56,-8.56
0.29,-0.18,1.04,-0.66,-3.01,0.22,15.54,-9.35
0.33,-0.2,1.05,-0.58,-3.07,0.23,17.01,-10.44
0.36,-0.24,1.06,-0.48,-3.07,0.2,18.11,-12.06
0.35,-0.25,1.09,-0.4,-3.04,0.17,17.44,-12.49
0.31,-0.24,1.1,-0.32,-3.04,0.15,15.44,-11.65
0.27,-0.2,1.1,-0.24,-3.06,0.14,13.55,-9.89
0.26,-0.17,1.08,-0.21,-3.07,0.16,13.25,-8.73
0.29,-0.17,1.08,-0.22,-3.06,0.18,14.63,-8.51
0.3,-0.18,1.09,-0.22,-3.06,0.19,15.25,-8.97
0.33,-0.19,1.12,-0.24,-3.01,0.16,16.09,-9.2
0.32,-0.19,1.13,-0.26,-2.97,0.14,15.46,-9.08
0.29,-0.19,1.15,-0.27,-2.87,0.13,14.12,-8.96
0.26,-0.18,1.15,-0.29,-2.81,0.15,12.64,-8.62
0.24,-0.18,1.16,-0.28,-2.78,0.16,11.36,-8.84
0.2,-0.2,1.15,-0.29,-2.73,0.17,9.74,-9.71
0.14,-0.2,1.17,-0.28,-2.65,0.19,6.74,-9.58
0.09,-0.19,1.18,-0.24,-2.6,0.25,4.49,-9.29
0.08,-0.18,1.19,-0.19,-2.6,0.32,3.63,-8.4
0.08,-0.16,1.17,-0.17,-2.61,0.38,3.91,-8.03
0.1,-0.16,1.15,-0.12,-2.61,0.42,4.96,-8.09
0.08,-0.16,1.13,-0.1,-2.58,0.47,4.11,-7.82
0.1,-0.1,1.07,-0.09,-2.59,0.5,5.37,-5.32
0.08,-0.12,1.09,-0.1,-2.58,0.55,4.42,-6.08
0.11,-0.08,1.05,-0.15,-2.53,0.61,6.09,-4.18
0.15,-0.09,1.05,-0.19,-2.51,0.67,7.95,-4.74
0.18,-0.11,1.11,-0.23,-2.5,0.69,9.2,-5.48
0.22,-0.12,1.16,-0.23,-2.48,0.69,10.77,-6.03
0.24,-0.14,1.2,-0.2,-2.45,0.64,11.33,-6.54
0.26,-0.15,1.23,-0.15,-2.47,0.6,11.89,-6.64
0.25,-0.14,1.24,-0.12,-2.46,0.54,11.23,-6.18
0.23,-0.12,1.24,-0.07,-2.46,0.5,10.61,-5.57
0.22,-0.11,1.25,-0.04,-2.43,0.45,9.93,-4.76
0.22,-0.09,1.23,-0.01,-2.42,0.42,10.27,-4.1
0.22,-0.06,1.2,0.02,-2.41,0.38,10.48,-2.73
0.21,-0.04,1.18,-0.02,-2.42,0.35,9.96,-2.04
0.19,-0.03,1.16,-0.06,-2.37,0.33,9.14,-1.32
0.17,-0.0,1.14,-0.11,-2.34,0.33,8.23,-0.25
0.17,0.01,1.13,-0.16,-2.33,0.33,8.31,0.43
0.18,0.01,1.12,-0.26,-2.31,0.34,8.96,0.68
0.19,0.0,1.13,-0.35,-2.29,0.33,9.69,0.24
0.21,-0.01,1.15,-0.47,-2.22,0.35,10.24,-0.58
0.21,-0.04,1.18,-0.54,-2.16,0.32,9.83,-1.83
0.18,-0.06,1.22,-0.62,-2.09,0.29,8.22,-2.58
0.14,-0.07,1.24,-0.69,-2.01,0.26,6.32,-3.0
0.11,-0.08,1.29,-0.7,-1.97,0.27,4.93,-3.54
0.11,-0.1,1.33,-0.68,-1.93,0.25,4.52,-4.32
0.1,-0.13,1.36,-0.64,-1.9,0.22,4.25,-5.24
0.09,-0.14,1.38,-0.59,-1.82,0.14,3.76,-5.66
0.06,-0.13,1.37,-0.52,-1.83,0.09,2.55,-5.55
0.02,-0.13,1.36,-0.43,-1.81,0.05,1.03,-5.38
0.0,-0.11,1.33,-0.36,-1.83,0.02,0.02,-4.71
-0.02,-0.09,1.28,-0.29,-1.79,-0.0,-0.72,-3.88
-0.02,-0.07,1.23,-0.23,-1.77,0.0,-1.08,-3.33
-0.01,-0.05,1.18,-0.19,-1.78,0.01,-0.65,-2.45
-0.01,-0.03,1.13,-0.19,-1.77,0.04,-0.4,-1.61
-0.0,-0.02,1.1,-0.18,-1.74,0.05,-0.22,-0.82
-0.0,-0.0,1.07,-0.19,-1.76,0.06,-0.06,-0.01
0.01,0.01,1.05,-0.2,-1.78,0.02,0.58,0.44
0.03,0.02,1.07,-0.27,-1.82,0.12,1.62,0.86
0.06,0.01,1.07,-0.31,-1.81,0.13,3.13,0.61
0.08,0.01,1.08,-0.39,-1.8,0.13,4.01,0.77
0.08,0.01,1.09,-0.46,-1.79,0.13,3.99,0.71
0.07,0.0,1.12,-0.54,-1.78,0.14,3.72,0.21
0.04,-0.02,1.18,-0.62,-1.74,0.12,2.07,-0.83
0.03,-0.05,1.25,-0.69,-1.71,0.11,1.49,-2.14
0.01,-0.07,1.33,-0.73,-1.71,0.07,0.53,-3.22
-0.02,-0.1,1.38,-0.71,-1.65,0.06,-0.9,-4.0
-0.06,-0.1,1.4,-0.67,-1.57,-0.0,-2.28,-4.0
-0.1,-0.1,1.41,-0.62,-1.53,-0.04,-3.87,-3.86
-0.13,-0.1,1.42,-0.57,-1.48,-0.06,-5.19,-3.94
-0.15,-0.1,1.43,-0.51,-1.43,-0.08,-6.15,-3.82
-0.17,-0.09,1.41,-0.41,-1.37,-0.1,-6.98,-3.67
-0.18,-0.07,1.38,-0.34,-1.32,-0.11,-7.51,-2.95
-0.18,-0.04,1.33,-0.28,-1.28,-0.1,-7.56,-1.8
-0.16,-0.04,1.26,-0.21,-1.26,-0.09,-7.24,-1.62
-0.15,-0.02,1.22,-0.18,-1.23,-0.08,-6.83,-1.16
-0.13,-0.02,1.19,-0.17,-1.21,-0.07,-6.3,-0.86
-0.12,-0.02,1.17,-0.14,-1.19,-0.04,-6.09,-0.83
-0.1,-0.0,1.13,-0.14,-1.19,-0.04,-5.25,-0.18
-0.08,0.01,1.1,-0.16,-1.15,0.0,-4.37,0.47
-0.07,0.01,1.06,-0.19,-1.12,0.02,-3.68,0.73
-0.07,0.01,1.05,-0.23,-1.12,0.04,-3.54,0.54
-0.06,0.01,1.06,-0.24,-1.13,0.06,-3.25,0.43
-0.06,0.01,1.07,-0.26,-1.14,0.08,-3.47,0.34
-0.07,-0.0,1.08,-0.27,-1.14,0.09,-3.92,-0.13
-0.07,-0.01,1.1,-0.27,-1.16,0.09,-3.85,-0.36
-0.07,-0.01,1.13,-0.25,-1.19,0.1,-3.61,-0.5
-0.07,-0.01,1.13,-0.23,-1.18,0.09,-3.63,-0.43
-0.08,-0.01,1.15,-0.21,-1.17,0.09,-4.12,-0.6
-0.08,-0.02,1.17,-0.18,-1.17,0.09,-3.91,-0.95
-0.1,-0.02,1.17,-0.15,-1.19,0.09,-4.83,-0.9
-0.1,-0.01,1.18,-0.11,-1.19,0.09,-5.04,-0.39
-0.1,0.0,1.17,-0.08,-1.15,0.1,-5.01,0.14
-0.1,0.0,1.17,-0.04,-1.16,0.11,-4.8,0.14
-0.08,0.0,1.17,-0.02,-1.16,0.11,-3.73,0.17
-0.06,0.0,1.16,0.0,-1.15,0.12,-2.9,0.14
-0.06,0.01,1.16,-0.0,-1.12,0.11,-2.9,0.49
-0.05,0.01,1.16,-0.02,-1.1,0.13,-2.42,0.64
-0.04,0.01,1.16,-0.01,-1.08,0.12,-2.05,0.71
-0.03,0.02,1.16,-0.03,-1.06,0.12,-1.4,0.79
-0.02,0.01,1.16,-0.04,-1.04,0.1,-1.22,0.74
-0.03,0.01,1.17,-0.05,-1.05,0.08,-1.44,0.49
-0.04,0.0,1.18,-0.04,-1.05,0.05,-1.83,0.15
-0.05,0.0,1.18,-0.03,-1.05,0.03,-2.54,0.02
-0.06,0.0,1.19,-0.03,-1.04,-0.01,-2.87,0.07
-0.06,-0.0,1.19,-0.02,-1.04,-0.02,-3.0,-0.22
-0.07,-0.01,1.19,-0.01,-1.04,-0.05,-3.49,-0.35
-0.09,-0.01,1.18,0.01,-1.05,-0.08,-4.52,-0.55
-0.1,0.0,1.16,0.0,-1.01,-0.09,-4.85,0.19
-0.12,0.01,1.14,0.01,-1.0,-0.07,-6.1,0.41
-0.13,0.01,1.12,0.01,-0.97,-0.07,-6.73,0.35
-0.15,0.01,1.12,0.01,-0.97,-0.04,-7.47,0.27
-0.16,0.01,1.12,0.0,-0.92,-0.03,-8.02,0.75
-0.15,0.01,1.13,0.0,-0.88,-0.01,-7.54,0.48
-0.14,0.01,1.15,0.01,-0.85,0.01,-6.82,0.71
-0.14,0.01,1.15,-0.01,-0.82,0.03,-7.09,0.38
-0.15,0.02,1.17,-0.01,-0.77,0.03,-7.41,0.92
-0.15,0.01,1.18,-0.0,-0.73,0.04,-7.29,0.5
-0.15,0.01,1.2,0.02,-0.72,0.05,-7.21,0.66
-0.15,0.01,1.2,0.03,-0.68,0.03,-7.09,0.47
-0.15,0.01,1.2,0.04,-0.64,0.01,-7.15,0.37
-0.17,0.0,1.21,0.04,-0.62,0.02,-7.81,0.22
-0.17,0.02,1.22,0.07,-0.62,0.01,-7.96,0.89
-0.16,0.02,1.22,0.12,-0.62,-0.01,-7.57,0.98
-0.15,0.02,1.19,0.14,-0.61,-0.03,-7.32,1.0
-0.15,0.03,1.18,0.14,-0.59,-0.04,-7.34,1.59
-0.15,0.04,1.16,0.15,-0.58,-0.05,-7.16,2.06
-0.14,0.05,1.14,0.15,-0.58,-0.05,-7.11,2.5
-0.14,0.06,1.12,0.13,-0.55,-0.04,-6.91,3.14
-0.12,0.07,1.09,0.1,-0.54,-0.03,-6.47,3.79
-0.12,0.07,1.09,0.06,-0.51,-0.0,-6.14,3.86
-0.1,0.07,1.07,0.02,-0.51,0.01,-5.52,3.67
-0.11,0.06,1.09,-0.04,-0.5,0.02,-5.73,3.22
-0.12,0.06,1.11,-0.08,-0.48,0.04,-6.35,2.96
-0.14,0.05,1.14,-0.09,-0.47,0.05,-7.06,2.37
-0.17,0.04,1.16,-0.07,-0.46,0.05,-8.17,1.85
-0.18,0.03,1.16,-0.05,-0.42,0.04,-8.71,1.5
-0.19,0.04,1.16,-0.05,-0.38,0.04,-9.33,1.77
-0.19,0.04,1.15,-0.02,-0.39,0.06,-9.42,1.9
-0.19,0.04,1.16,-0.01,-0.34,0.06,-9.37,2.01
-0.18,0.04,1.17,0.02,-0.32,0.07,-8.76,2.04
-0.17,0.04,1.18,0.04,-0.28,0.07,-8.19,2.01
-0.14,0.04,1.18,0.06,-0.24,0.07,-6.89,2.11
-0.12,0.04,1.18,0.07,-0.22,0.05,-5.99,2.13
-0.12,0.05,1.16,0.07,-0.2,0.04,-5.66,2.49
-0.11,0.06,1.15,0.05,-0.15,0.02,-5.33,2.89
-0.11,0.07,1.15,0.05,-0.15,0.03,-5.47,3.28
-0.11,0.07,1.15,0.06,-0.15,0.03,-5.33,3.4
-0.1,0.06,1.14,0.06,-0.14,0.01,-4.85,3.21
-0.08,0.06,1.14,0.05,-0.12,-0.0,-4.21,2.99
-0.07,0.06,1.15,0.03,-0.11,-0.01,-3.51,2.79
-0.06,0.05,1.13,0.04,-0.11,-0.05,-3.14,2.57
-0.06,0.05,1.12,0.03,-0.11,-0.06,-3.28,2.51
-0.07,0.05,1.1,0.02,-0.08,-0.08,-3.6,2.65
-0.09,0.04,1.09,0.01,-0.09,-0.08,-4.59,2.3
-0.09,0.04,1.07,0.01,-0.1,-0.08,-4.57,2.01
-0.08,0.03,1.05,0.01,-0.1,-0.07,-4.53,1.72
-0.11,0.03,1.04,-0.01,-0.08,-0.07,-6.1,1.7
-0.12,0.03,1.05,-0.0,-0.09,-0.04,-6.69,1.6
-0.14,0.02,1.05,-0.0,-0.07,-0.02,-7.47,1.28
-0.15,0.02,1.05,0.03,-0.09,0.0,-7.98,1.33
-0.13,0.02,1.07,0.04,-0.06,0.02,-6.94,0.81
-0.11,0.01,1.07,0.05,-0.04,0.05,-5.63,0.79
-0.1,0.02,1.08,0.07,-0.04,0.06,-5.19,0.96
-0.09,0.01,1.08,0.1,-0.01,0.07,-4.59,0.64
-0.07,0.03,1.1,0.11,0.01,0.07,-3.48,1.58
-0.05,0.03,1.1,0.1,0.02,0.07,-2.53,1.35
-0.03,0.02,1.1,0.11,0.02,0.06,-1.49,1.28
-0.02,0.02,1.11,0.09,0.05,0.04,-0.88,1.12
-0.01,0.02,1.09,0.11,0.06,0.04,-0.27,1.0
-0.01,0.02,1.08,0.1,0.08,0.01,-0.3,1.1
0.01,0.03,1.06,0.07,0.1,-0.02,0.59,1.68
0.02,0.03,1.04,0.08,0.06,-0.01,1.02,1.73
0.02,0.02,1.04,0.07,0.08,-0.03,1.11,1.32
0.02,0.03,1.02,0.05,0.08,-0.04,0.9,1.65
0.01,0.03,1.02,0.05,0.06,-0.03,0.48,1.96
0.0,0.03,1.01,0.05,0.03,-0.02,0.03,1.97
0.0,0.04,1.0,0.04,0.04,-0.02,0.07,2.28
0.0,0.03,1.0,0.04,0.01,-0.0,0.22,1.82
0.01,0.03,1.01,0.03,0.01,-0.01,0.81,1.61
0.02,0.03,1.02,0.02,-0.03,-0.0,0.92,1.55
0.03,0.02,1.02,0.02,-0.03,-0.02,1.59,1.25
0.02,0.02,1.03,-0.01,-0.02,-0.01,1.36,0.84
0.02,0.01,1.02,-0.03,-0.02,-0.02,1.02,0.7
0.01,0.01,1.02,-0.05,-0.03,-0.01,0.63,0.39
0.0,0.01,1.02,-0.08,0.0,-0.02,0.17,0.46
-0.02,0.0,1.02,-0.09,0.01,-0.02,-1.25,0.11
-0.03,0.0,1.02,-0.08,0.01,0.0,-1.93,0.1
-0.05,0.01,1.03,-0.07,0.0,0.02,-2.66,0.36
-0.06,0.0,1.03,-0.04,-0.01,0.04,-3.46,0.18
-0.07,0.0,1.04,-0.04,0.02,0.04,-3.59,0.07
-0.07,0.0,1.06,-0.01,-0.0,0.06,-3.63,0.11
-0.04,0.0,1.06,0.04,-0.03,0.08,-2.14,0.18
-0.04,0.0,1.07,0.06,-0.01,0.06,-2.4,0.23
-0.03,0.01,1.06,0.08,-0.0,0.06,-1.85,0.77
-0.03,0.03,1.05,0.09,0.0,0.06,-1.57,1.46
-0.02,0.03,1.04,0.11,-0.02,0.08,-1.0,1.64
-0.01,0.03,1.04,0.11,-0.02,0.09,-0.39,1.47
0.01,0.03,1.05,0.09,-0.02,0.08,0.41,1.44
0.03,0.03,1.05,0.09,-0.01,0.07,1.39,1.69
0.05,0.02,1.05,0.12,-0.03,0.08,2.53,1.23
0.05,0.03,1.05,0.09,-0.01,0.07,2.93,1.62
0.06,0.03,1.04,0.07,-0.02,0.05,3.23,1.78
0.06,0.04,1.04,0.05,-0.02,0.05,3.3,1.96
0.05,0.04,1.04,0.05,-0.03,0.03,2.93,2.0
0.05,0.03,1.04,0.04,-0.04,0.02,2.79,1.88
0.04,0.04,1.04,0.04,-0.04,0.02,2.04,2.29
0.03,0.04,1.05,0.04,-0.07,0.03,1.88,2.21
0.05,0.04,1.04,0.02,-0.08,0.04,2.73,2.15
0.07,0.04,1.04,-0.0,-0.09,0.02,3.64,2.04
0.07,0.04,1.04,-0.05,-0.05,0.01,3.58,1.92
0.05,0.04,1.04,-0.08,-0.03,0.0,2.95,2.07
0.05,0.05,1.04,-0.11,-0.03,-0.0,2.63,2.6
0.01,0.04,1.04,-0.13,-0.01,0.01,0.77,2.06
-0.01,0.03,1.05,-0.16,0.02,0.01,-0.28,1.52
-0.03,0.02,1.05,-0.15,0.01,0.02,-1.38,1.28
-0.06,0.02,1.05,-0.15,0.02,0.03,-3.04,1.15
-0.06,0.02,1.04,-0.09,-0.01,0.04,-3.34,1.12
-0.05,0.01,1.05,-0.06,-0.05,0.05,-2.8,0.55
-0.04,0.01,1.09,-0.03,-0.06,0.05,-2.22,0.44
-0.03,-0.0,1.1,0.01,-0.08,0.05,-1.73,-0.03
-0.01,-0.0,1.1,0.05,-0.07,0.03,-0.35,-0.03
0.01,0.01,1.09,0.05,-0.03,0.01,0.53,0.26
0.02,0.02,1.05,0.07,-0.05,0.0,1.0,0.85
0.01,0.04,1.04,0.06,-0.04,-0.01,0.36,2.37
-0.0,0.05,1.02,0.06,-0.06,0.01,-0.15,2.73
0.01,0.06,1.03,0.04,-0.06,0.02,0.32,3.19
0.02,0.06,1.04,0.03,-0.07,0.05,1.06,3.32
0.03,0.05,1.06,0.02,-0.07,0.04,1.57,2.69
0.04,0.04,1.06,-0.02,-0.07,0.04,2.18,2.39
0.04,0.05,1.08,-0.04,-0.06,0.02,2.02,2.4
0.03,0.04,1.08,-0.06,-0.04,0.01,1.39,2.37
0.01,0.04,1.08,-0.06,-0.03,0.01,0.49,2.28
-0.0,0.04,1.07,-0.05,-0.01,-0.01,-0.05,2.33
-0.01,0.04,1.06,-0.07,-0.01,-0.02,-0.66,1.98
-0.02,0.03,1.06,-0.06,-0.01,-0.01,-0.85,1.88
-0.03,0.04,1.06,-0.04,0.01,-0.06,-1.83,2.04
-0.04,0.04,1.05,-0.03,-0.05,-0.01,-1.98,2.09
-0.03,0.04,1.04,-0.01,-0.06,-0.01,-1.85,2.45
-0.04,0.05,1.05,0.0,-0.07,0.0,-2.05,2.64
-0.03,0.04,1.05,0.01,-0.06,0.0,-1.78,2.28
-0.02,0.04,1.06,0.02,-0.07,0.01,-1.28,1.9
-0.02,0.04,1.06,0.0,-0.06,0.0,-1.1,2.05
-0.01,0.03,1.05,-0.0,-0.04,0.01,-0.63,1.71
-0.03,0.04,1.06,-0.0,-0.04,0.01,-1.47,2.06
-0.03,0.04,1.05,0.01,-0.05,0.03,-1.77,2.06
-0.04,0.04,1.06,0.01,-0.04,0.03,-2.08,2.19
-0.03,0.04,1.07,0.02,-0.04,0.04,-1.82,2.04
-0.02,0.03,1.08,0.04,-0.05,0.04,-1.19,1.7
-0.01,0.03,1.08,0.06,-0.03,0.03,-0.73,1.83
-0.01,0.04,1.08,0.06,-0.04,0.01,-0.28,1.99
0.01,0.04,1.07,0.03,-0.02,0.01,0.35,2.41
0.0,0.05,1.06,0.02,-0.02,0.01,0.19,2.65
0.01,0.06,1.07,0.03,-0.05,0.01,0.29,2.99
0.0,0.06,1.07,0.02,-0.02,-0.01,0.21,2.95
0.01,0.05,1.06,-0.0,-0.02,-0.02,0.45,2.56
0.0,0.05,1.07,-0.01,-0.01,-0.01,0.24,2.76
0.01,0.05,1.05,-0.01,-0.02,-0.02,0.31,2.75
-0.01,0.05,1.05,-0.05,-0.0,-0.02,-0.41,2.54
-0.0,0.05,1.04,-0.03,-0.03,-0.02,-0.1,2.73
-0.0,0.04,1.03,-0.06,-0.03,-0.02,-0.11,2.37
-0.01,0.05,1.03,-0.06,-0.06,-0.01,-0.51,2.58
-0.02,0.04,1.04,-0.06,-0.05,-0.01,-1.35,2.43
-0.04,0.04,1.05,-0.07,-0.05,-0.01,-2.28,2.26
-0.04,0.04,1.05,-0.05,-0.07,-0.01,-1.98,2.21
-0.04,0.03,1.06,-0.05,-0.08,0.0,-1.89,1.68
-0.04,0.02,1.06,-0.03,-0.06,-0.0,-1.93,0.93
-0.04,0.02,1.08,-0.04,-0.05,-0.0,-2.38,1.27
-0.05,0.03,1.08,-0.01,-0.06,-0.01,-2.65,1.49
-0.05,0.02,1.08,-0.01,-0.06,0.0,-2.58,1.3
-0.04,0.02,1.08,0.02,-0.06,-0.01,-2.12,1.3
-0.03,0.02,1.08,0.02,-0.04,-0.01,-1.43,1.2
-0.03,0.02,1.08,0.01,-0.03,-0.01,-1.34,1.13
-0.02,0.03,1.07,0.01,-0.02,-0.01,-1.3,1.48
-0.03,0.03,1.06,0.01,0.0,-0.01,-1.5,1.72
-0.03,0.04,1.06,-0.01,0.03,-0.01,-1.68,1.93
-0.03,0.04,1.06,-0.01,0.02,0.01,-1.77,2.3
-0.03,0.04,1.05,-0.01,0.0,0.01,-1.53,2.18
-0.03,0.04,1.06,-0.03,-0.01,0.02,-1.48,2.23
-0.02,0.04,1.07,-0.05,0.0,0.01,-1.24,1.97
-0.02,0.03,1.08,-0.06,0.01,0.0,-1.25,1.66
-0.03,0.03,1.08,-0.07,0.01,-0.0,-1.65,1.43
-0.04,0.03,1.08,-0.09,0.02,-0.0,-2.15,1.53
-0.05,0.03,1.08,-0.13,0.07,-0.01,-2.79,1.37
-0.07,0.03,1.09,-0.13,0.07,-0.0,-3.85,1.72
-0.09,0.03,1.1,-0.12,0.06,0.0,-4.63,1.72
-0.1,0.03,1.12,-0.1,0.05,-0.01,-5.33,1.6
-0.11,0.03,1.13,-0.11,0.08,-0.01,-5.68,1.39
-0.12,0.02,1.14,-0.1,0.07,-0.01,-6.01,1.14
-0.13,0.03,1.14,-0.07,0.1,-0.03,-6.33,1.26
-0.13,0.03,1.13,-0.05,0.11,-0.02,-6.68,1.43
-0.13,0.03,1.13,-0.05,0.16,-0.02,-6.71,1.69
-0.13,0.05,1.12,-0.05,0.18,-0.01,-6.39,2.32
-0.13,0.04,1.13,-0.05,0.19,0.01,-6.53,2.0
-0.12,0.04,1.13,-0.05,0.23,0.01,-6.14,2.19
-0.12,0.04,1.14,-0.09,0.28,0.02,-5.78,2.19
-0.11,0.04,1.14,-0.1,0.31,0.02,-5.63,2.15
-0.11,0.04,1.15,-0.11,0.34,0.02,-5.43,2.23
-0.12,0.04,1.15,-0.13,0.38,0.03,-6.03,2.09
-0.12,0.05,1.16,-0.13,0.41,0.03,-6.11,2.34
-0.12,0.04,1.16,-0.14,0.43,0.03,-5.79,2.03
-0.12,0.04,1.16,-0.15,0.45,0.01,-5.98,2.17
-0.13,0.04,1.17,-0.15,0.45,0.01,-6.11,2.11
-0.13,0.04,1.17,-0.14,0.49,-0.01,-6.4,1.91
-0.14,0.03,1.17,-0.14,0.53,-0.01,-6.63,1.46
-0.16,0.03,1.17,-0.12,0.57,-0.02,-7.77,1.49
-0.17,0.03,1.15,-0.07,0.58,-0.01,-8.26,1.72
-0.17,0.04,1.12,-0.04,0.61,-0.0,-8.78,2.24
-0.16,0.06,1.11,0.02,0.59,0.03,-8.46,3.12
-0.14,0.07,1.11,0.05,0.59,0.06,-6.99,3.71
-0.09,0.07,1.12,0.11,0.55,0.08,-4.74,3.43
-0.04,0.06,1.11,0.12,0.56,0.08,-2.08,3.04
0.0,0.08,1.11,0.13,0.55,0.07,0.23,4.18
0.03,0.09,1.09,0.13,0.54,0.05,1.6,4.88
0.06,0.11,1.07,0.1,0.52,0.05,3.4,5.85
0.08,0.12,1.07,0.03,0.53,0.02,4.17,6.31
0.09,0.13,1.08,-0.05,0.52,0.02,4.78,6.65
0.09,0.13,1.09,-0.11,0.51,0.0,4.63,6.92
0.08,0.13,1.13,-0.18,0.51,-0.02,4.16,6.56
0.07,0.12,1.17,-0.27,0.52,-0.05,3.34,6.06
0.05,0.11,1.22,-0.36,0.55,-0.09,2.47,5.12
0.03,0.1,1.26,-0.43,0.58,-0.13,1.51,4.68
0.02,0.1,1.28,-0.5,0.62,-0.15,0.9,4.57
-0.01,0.09,1.31,-0.56,0.67,-0.22,-0.39,4.04
-0.04,0.08,1.35,-0.63,0.73,-0.27,-1.89,3.41
-0.07,0.06,1.38,-0.66,0.79,-0.31,-3.06,2.69
-0.1,0.05,1.41,-0.68,0.86,-0.34,-4.21,1.99
-0.13,0.03,1.43,-0.7,0.97,-0.38,-5.11,1.28
-0.14,0.01,1.44,-0.71,1.09,-0.43,-5.73,0.51
-0.18,0.0,1.42,-0.7,1.18,-0.45,-7.08,0.15
-0.19,0.01,1.38,-0.71,1.27,-0.46,-7.94,0.3
-0.21,0.01,1.35,-0.71,1.36,-0.46,-8.95,0.24
-0.23,0.0,1.34,-0.69,1.44,-0.44,-9.84,0.05
-0.25,-0.0,1.33,-0.67,1.5,-0.43,-10.77,-0.03
-0.26,-0.01,1.31,-0.64,1.55,-0.4,-11.27,-0.22
-0.27,-0.01,1.3,-0.58,1.61,-0.37,-11.59,-0.28
-0.26,-0.01,1.28,-0.54,1.66,-0.34,-11.66,-0.36
-0.25,-0.02,1.27,-0.48,1.7,-0.3,-11.3,-0.8
-0.24,-0.02,1.26,-0.43,1.73,-0.27,-10.98,-0.68
-0.23,-0.03,1.26,-0.37,1.74,-0.22,-10.27,-1.25
-0.21,-0.03,1.25,-0.29,1.75,-0.2,-9.64,-1.37
-0.19,-0.03,1.24,-0.25,1.76,-0.16,-8.65,-1.14
-0.16,-0.02,1.22,-0.2,1.78,-0.15,-7.6,-0.85
-0.13,-0.01,1.2,-0.17,1.78,-0.13,-6.37,-0.66
-0.11,-0.01,1.17,-0.18,1.82,-0.1,-5.14,-0.54
-0.09,-0.0,1.16,-0.18,1.83,-0.08,-4.43,-0.08
-0.08,0.0,1.16,-0.17,1.83,-0.05,-3.93,0.11
-0.07,0.02,1.19,-0.18,1.84,-0.03,-3.6,0.92
-0.06,0.01,1.19,-0.18,1.86,-0.0,-2.81,0.57
-0.04,0.01,1.22,-0.18,1.88,0.01,-1.93,0.25
-0.02,-0.01,1.23,-0.2,1.9,0.02,-0.9,-0.53
-0.01,-0.01,1.24,-0.18,1.92,0.01,-0.66,-0.38
-0.02,-0.01,1.25,-0.19,1.96,0.01,-0.91,-0.52
-0.03,-0.0,1.26,-0.16,1.96,0.01,-1.27,-0.16
-0.02,-0.02,1.28,-0.13,1.97,0.0,-0.86,-0.75
0.01,-0.03,1.29,-0.09,2.0,-0.01,0.49,-1.32
0.03,-0.03,1.28,-0.08,2.02,-0.02,1.34,-1.15
0.05,-0.03,1.27,-0.05,2.01,-0.04,2.37,-1.51
0.06,-0.03,1.26,-0.04,2.04,-0.07,2.83,-1.44
0.07,-0.02,1.24,-0.04,2.07,-0.08,3.09,-1.01
0.06,-0.02,1.22,-0.03,2.08,-0.1,2.91,-1.0
0.06,-0.02,1.21,-0.03,2.09,-0.09,2.61,-1.08
0.06,-0.02,1.19,-0.04,2.1,-0.1,2.65,-0.9
0.05,-0.02,1.17,-0.04,2.11,-0.1,2.23,-0.88
0.05,-0.01,1.17,-0.08,2.14,-0.09,2.42,-0.47
0.05,-0.02,1.16,-0.1,2.14,-0.07,2.32,-1.22
0.05,-0.03,1.16,-0.1,2.15,-0.05,2.64,-1.4
0.06,-0.04,1.18,-0.11,2.17,-0.04,3.05,-2.17
0.07,-0.04,1.19,-0.1,2.2,-0.03,3.36,-2.1
0.09,-0.05,1.2,-0.1,2.21,-0.02,4.16,-2.24
0.12,-0.05,1.17,-0.1,2.24,-0.02,5.81,-2.45
0.14,-0.06,1.15,-0.1,2.26,-0.04,6.93,-2.98
0.14,-0.06,1.13,-0.14,2.31,-0.06,6.82,-2.89
0.12,-0.05,1.11,-0.16,2.33,-0.05,5.98,-2.58
0.09,-0.04,1.12,-0.17,2.34,-0.03,4.84,-1.93
0.09,-0.04,1.11,-0.16,2.32,-0.01,4.87,-1.93
0.11,-0.04,1.11,-0.19,2.31,0.0,5.53,-2.28
0.12,-0.06,1.13,-0.18,2.29,0.02,6.15,-2.99
0.13,-0.07,1.15,-0.19,2.28,0.01,6.61,-3.58
0.14,-0.09,1.16,-0.18,2.29,0.01,6.75,-4.26
0.13,-0.09,1.16,-0.16,2.3,0.01,6.39,-4.34
0.13,-0.09,1.17,-0.14,2.33,0.02,6.17,-4.42
0.14,-0.09,1.19,-0.12,2.32,0.03,6.52,-4.36
0.15,-0.1,1.17,-0.09,2.32,0.05,7.1,-4.82
0.15,-0.11,1.17,-0.06,2.33,0.04,7.47,-5.19
0.15,-0.11,1.15,-0.06,2.35,0.04,7.47,-5.27
0.13,-0.1,1.16,-0.03,2.36,0.04,6.46,-5.0
0.13,-0.09,1.15,0.0,2.34,0.08,6.43,-4.29
0.13,-0.09,1.16,0.02,2.36,0.1,6.53,-4.37
0.16,-0.09,1.14,0.05,2.35,0.12,7.94,-4.66
0.19,-0.1,1.14,0.05,2.39,0.13,9.43,-5.07
0.21,-0.11,1.14,0.07,2.39,0.14,10.27,-5.48
0.22,-0.11,1.15,0.07,2.44,0.13,10.74,-5.33
0.22,-0.11,1.14,0.08,2.49,0.13,10.72,-5.4
0.21,-0.11,1.13,0.14,2.52,0.13,10.36,-5.25
0.2,-0.09,1.1,0.2,2.5,0.13,10.43,-4.36
0.2,-0.07,1.07,0.22,2.51,0.14,10.77,-3.83
0.2,-0.07,1.04,0.25,2.49,0.13,10.82,-3.68
0.21,-0.05,1.02,0.28,2.47,0.13,11.42,-2.83
0.23,-0.03,1.01,0.29,2.43,0.14,12.6,-1.69
0.25,-0.02,0.99,0.29,2.38,0.13,14.2,-1.15
0.29,-0.03,0.96,0.26,2.38,0.12,16.62,-1.55
0.31,-0.03,0.97,0.22,2.35,0.09,17.73,-1.74
0.3,-0.02,0.98,0.2,2.33,0.06,17.06,-0.94
0.29,-0.01,0.97,0.15,2.33,0.04,16.75,-0.63
0.28,-0.01,0.96,0.1,2.39,0.03,16.31,-0.6
0.26,-0.03,0.96,0.07,2.41,0.04,15.44,-1.87
0.24,-0.03,0.96,0.04,2.44,0.04,13.81,-1.67
0.21,-0.03,0.98,0.01,2.51,0.05,12.23,-1.68
0.19,-0.02,0.97,0.0,2.49,0.08,11.35,-1.17
0.2,-0.02,0.97,-0.01,2.52,0.12,11.76,-1.29
0.21,-0.03,0.96,0.02,2.49,0.12,12.41,-1.81
0.19,-0.03,0.94,0.05,2.5,0.14,11.53,-1.89
0.18,-0.01,0.94,0.06,2.5,0.15,10.97,-0.8
0.17,-0.0,0.93,0.07,2.45,0.18,10.35,-0.2
0.18,-0.01,0.92,0.09,2.39,0.2,11.32,-0.33
0.21,-0.02,0.91,0.11,2.36,0.19,13.18,-1.42
0.22,-0.02,0.92,0.09,2.34,0.19,13.34,-1.28
0.22,-0.03,0.92,0.14,2.31,0.19,13.47,-1.6
0.22,-0.02,0.93,0.14,2.3,0.2,13.21,-1.42
0.23,-0.02,0.93,0.18,2.25,0.19,13.87,-1.02
0.25,-0.02,0.92,0.18,2.24,0.18,15.03,-1.05
0.26,-0.03,0.89,0.21,2.21,0.17,16.32,-1.61
0.26,-0.02,0.88,0.22,2.22,0.15,16.27,-1.39
0.24,-0.01,0.87,0.21,2.24,0.13,15.16,-0.43
0.21,0.01,0.87,0.18,2.28,0.13,13.38,0.36
0.19,0.02,0.87,0.17,2.28,0.13,12.13,1.22
0.17,0.02,0.86,0.17,2.24,0.16,11.19,1.54
0.18,0.02,0.86,0.15,2.24,0.18,11.77,1.62
0.19,0.02,0.87,0.14,2.24,0.19,12.58,0.98
0.2,0.01,0.87,0.16,2.23,0.2,12.72,0.94
0.2,0.02,0.88,0.18,2.2,0.19,13.08,1.46
0.2,0.02,0.87,0.19,2.17,0.19,13.06,1.37
0.19,0.02,0.86,0.19,2.19,0.18,12.51,1.51
0.19,0.02,0.87,0.21,2.16,0.19,12.38,1.19
0.2,0.02,0.89,0.26,2.11,0.19,12.89,1.01
0.2,0.02,0.87,0.32,2.06,0.19,13.23,1.51
0.22,0.03,0.87,0.33,2.03,0.15,14.36,1.7
0.22,0.04,0.86,0.37,1.98,0.14,14.57,2.7
0.22,0.06,0.83,0.41,1.93,0.1,15.09,4.1
0.23,0.06,0.83,0.43,1.89,0.08,15.25,4.31
0.22,0.08,0.82,0.43,1.88,0.04,15.01,5.66
0.21,0.09,0.81,0.42,1.86,0.02,14.6,6.28
0.2,0.1,0.79,0.42,1.84,0.0,13.87,7.21
0.19,0.12,0.79,0.4,1.81,-0.01,13.49,8.27
0.16,0.13,0.77,0.36,1.84,-0.03,11.7,9.25
0.14,0.15,0.77,0.34,1.83,-0.03,9.92,10.72
0.14,0.15,0.76,0.29,1.81,-0.03,10.61,11.0
0.15,0.15,0.73,0.22,1.82,-0.05,11.45,11.59
0.14,0.14,0.73,0.16,1.84,-0.07,10.86,10.7
0.14,0.14,0.75,0.11,1.83,-0.09,10.59,10.2
0.14,0.13,0.76,0.08,1.8,-0.11,9.93,9.53
0.11,0.11,0.77,0.07,1.78,-0.12,8.2,7.88
0.11,0.08,0.8,0.07,1.81,-0.13,7.68,5.48
0.09,0.1,0.85,0.11,1.81,-0.11,5.78,6.44
0.07,0.09,0.86,0.15,1.76,-0.09,4.65,5.76
0.07,0.09,0.83,0.2,1.73,-0.06,5.1,6.22
0.08,0.09,0.81,0.24,1.74,-0.04,5.3,6.39
0.08,0.11,0.81,0.29,1.69,-0.03,5.7,7.67
0.09,0.11,0.8,0.34,1.66,-0.03,6.08,7.54
0.09,0.11,0.8,0.39,1.63,-0.03,6.23,8.02
0.07,0.14,0.79,0.43,1.59,-0.04,5.32,10.0
0.07,0.17,0.76,0.45,1.53,-0.05,5.12,12.9
0.05,0.2,0.71,0.44,1.47,-0.07,3.88,15.81
0.03,0.21,0.69,0.41,1.43,-0.09,2.38,16.76
0.0,0.22,0.69,0.36,1.4,-0.11,0.27,17.3
-0.01,0.22,0.7,0.29,1.38,-0.1,-0.67,17.69
-0.01,0.23,0.7,0.22,1.33,-0.08,-0.44,17.76
0.02,0.2,0.71,0.16,1.33,-0.09,1.91,16.19
0.05,0.2,0.72,0.07,1.35,-0.09,4.21,15.35
0.07,0.18,0.73,0.02,1.35,-0.11,5.48,14.0
0.07,0.17,0.75,-0.03,1.34,-0.14,5.6,12.72
0.07,0.15,0.76,-0.07,1.33,-0.17,5.42,11.28
0.07,0.14,0.78,-0.11,1.33,-0.19,5.16,10.25
0.06,0.11,0.79,-0.15,1.35,-0.2,4.33,7.55
0.04,0.08,0.82,-0.15,1.37,-0.2,2.8,5.84
0.01,0.08,0.86,-0.16,1.4,-0.18,0.92,5.43
-0.0,0.07,0.88,-0.16,1.42,-0.14,-0.12,4.56
-0.01,0.05,0.89,-0.12,1.41,-0.1,-0.43,3.38
0.01,0.05,0.9,-0.09,1.38,-0.08,0.84,3.23
0.04,0.04,0.89,-0.05,1.35,-0.05,2.34,2.69
0.05,0.02,0.89,0.02,1.33,-0.04,3.09,1.4
0.04,0.03,0.9,0.09,1.34,-0.02,2.27,2.04
0.01,0.06,0.9,0.15,1.3,0.0,0.69,3.59
-0.0,0.08,0.88,0.21,1.25,0.02,-0.1,5.31
0.01,0.1,0.84,0.25,1.18,0.02,0.81,6.87
0.03,0.1,0.82,0.27,1.17,0.01,2.27,7.1
0.03,0.11,0.82,0.3,1.15,-0.0,2.39,7.77
0.0,0.13,0.82,0.35,1.11,-0.02,0.29,8.69
-0.02,0.15,0.81,0.33,1.07,-0.02,-1.08,10.29
-0.04,0.18,0.79,0.32,1.05,-0.04,-3.09,12.67
-0.07,0.2,0.77,0.29,1.01,-0.02,-4.93,14.43
-0.09,0.21,0.76,0.22,1.0,-0.02,-6.46,15.21
-0.11,0.21,0.76,0.16,0.99,-0.02,-7.59,15.36
-0.12,0.22,0.76,0.08,0.99,-0.01,-8.29,15.74
-0.11,0.21,0.77,-0.01,0.99,0.01,-7.73,15.1
-0.08,0.19,0.79,-0.06,0.99,0.02,-5.95,13.27
-0.06,0.15,0.81,-0.12,0.99,0.02,-4.27,10.45
-0.04,0.14,0.83,-0.13,1.01,0.02,-2.97,9.4
-0.04,0.11,0.84,-0.13,0.97,0.04,-2.37,7.51
-0.03,0.09,0.87,-0.09,0.98,0.03,-2.0,5.69
-0.03,0.08,0.89,-0.03,0.95,0.05,-1.68,4.93
-0.03,0.08,0.89,-0.0,0.94,0.05,-1.86,4.9
-0.05,0.09,0.87,0.05,0.91,0.08,-2.97,5.63
-0.06,0.1,0.86,0.13,0.86,0.09,-3.98,6.71
-0.07,0.12,0.85,0.18,0.79,0.1,-4.77,8.17
-0.1,0.15,0.85,0.21,0.75,0.1,-6.56,9.66
-0.13,0.15,0.84,0.24,0.66,0.11,-8.35,10.34
-0.13,0.16,0.82,0.23,0.6,0.1,-9.03,11.27
-0.14,0.17,0.82,0.23,0.52,0.12,-9.13,11.58
-0.13,0.18,0.81,0.21,0.48,0.13,-8.77,12.4
-0.1,0.17,0.81,0.17,0.47,0.16,-7.12,12.05
-0.08,0.18,0.8,0.14,0.45,0.15,-5.47,12.63
-0.07,0.18,0.8,0.12,0.43,0.14,-4.62,12.87
-0.06,0.19,0.79,0.08,0.45,0.13,-4.2,13.21
-0.05,0.19,0.79,0.05,0.46,0.13,-3.75,13.57
-0.05,0.19,0.8,0.01,0.46,0.11,-3.51,13.64
-0.04,0.19,0.8,-0.02,0.45,0.09,-3.12,13.07
-0.05,0.17,0.81,-0.08,0.48,0.07,-3.7,11.63
-0.07,0.17,0.84,-0.09,0.46,0.06,-4.91,11.38
-0.06,0.16,0.85,-0.11,0.44,0.08,-4.15,10.34
-0.06,0.13,0.86,-0.14,0.41,0.08,-3.84,8.82
-0.05,0.12,0.87,-0.14,0.42,0.07,-2.99,7.89
-0.03,0.11,0.89,-0.13,0.42,0.09,-1.95,6.76
-0.03,0.1,0.9,-0.1,0.4,0.09,-1.75,6.31
-0.04,0.1,0.91,-0.04,0.37,0.1,-2.38,5.99
-0.04,0.1,0.91,-0.01,0.37,0.12,-2.57,6.13
-0.02,0.1,0.91,0.01,0.36,0.15,-1.35,6.25
-0.01,0.12,0.89,0.07,0.29,0.16,-0.49,7.36
-0.01,0.13,0.87,0.1,0.29,0.13,-0.49,8.3
-0.01,0.14,0.85,0.14,0.24,0.11,-0.73,9.59
-0.02,0.15,0.85,0.15,0.21,0.09,-1.4,9.73
-0.04,0.14,0.86,0.17,0.2,0.06,-2.68,9.38
-0.07,0.15,0.88,0.19,0.14,0.05,-4.54,9.69
-0.07,0.17,0.88,0.19,0.1,0.06,-4.73,11.11
-0.08,0.2,0.86,0.16,0.08,0.07,-5.04,12.76
-0.08,0.21,0.83,0.11,0.07,0.08,-5.56,14.18
-0.07,0.22,0.82,0.05,0.05,0.07,-4.91,15.05
-0.06,0.22,0.81,-0.03,0.06,0.05,-4.26,15.35
-0.05,0.2,0.83,-0.11,0.08,0.02,-3.5,13.61
-0.05,0.19,0.85,-0.2,0.09,0.01,-3.03,12.35
-0.01,0.16,0.88,-0.18,0.21,-0.16,-0.94,10.47
0.01,0.14,0.89,-0.28,0.05,-0.02,0.44,9.26
0.02,0.11,0.89,-0.33,0.1,-0.04,1.18,7.14
0.02,0.07,0.91,-0.35,0.1,-0.05,1.39,4.63
0.02,0.05,0.95,-0.35,0.11,-0.05,1.4,3.0
0.02,0.02,0.99,-0.34,0.13,-0.04,0.98,1.38
0.02,0.0,1.02,-0.3,0.14,-0.01,1.07,0.18
0.03,-0.01,1.02,-0.28,0.13,0.01,1.89,-0.33
0.06,-0.02,1.01,-0.21,0.1,0.02,3.63,-1.05
0.11,-0.03,1.01,-0.14,0.08,0.03,6.37,-1.85
0.1,-0.04,1.01,-0.09,0.11,0.02,5.91,-2.22
0.09,-0.03,1.03,0.01,0.11,0.04,5.01,-1.59
0.06,-0.0,1.03,0.09,0.1,0.05,3.52,-0.02
0.03,0.02,1.01,0.14,0.08,0.06,1.62,1.15
0.02,0.04,0.99,0.17,0.07,0.08,1.43,2.1
0.03,0.05,0.97,0.2,0.05,0.08,1.62,3.06
0.03,0.05,0.97,0.3,0.16,-0.05,1.73,3.2
0.03,0.07,0.96,0.25,0.03,0.08,1.71,4.42
0.01,0.09,0.95,0.28,0.01,0.08,0.39,5.72
-0.02,0.12,0.93,0.25,0.01,0.09,-1.34,7.65
-0.04,0.16,0.91,0.24,-0.04,0.08,-2.4,9.95
-0.04,0.18,0.88,0.2,-0.04,0.06,-2.79,11.24
-0.04,0.19,0.87,0.13,-0.03,0.05,-2.39,12.49
-0.03,0.2,0.87,0.03,-0.03,0.02,-2.03,13.07
-0.04,0.2,0.87,-0.05,-0.03,0.0,-2.64,12.97
-0.03,0.17,0.88,-0.13,-0.02,-0.01,-1.65,11.2
-0.0,0.15,0.9,-0.23,0.03,-0.03,-0.17,9.49
0.02,0.12,0.91,-0.28,0.03,-0.04,1.47,7.36
0.05,0.08,0.94,-0.33,0.07,-0.05,3.0,4.7
0.05,0.04,0.97,-0.36,0.09,-0.05,3.14,2.32
0.06,0.01,1.0,-0.36,0.13,-0.06,3.33,0.39
0.05,-0.01,1.02,-0.33,0.15,-0.03,3.04,-0.69
0.05,-0.03,1.03,-0.28,0.17,-0.0,2.76,-1.86
0.04,-0.05,1.04,-0.22,0.15,0.04,2.33,-2.63
0.03,-0.05,1.04,-0.17,0.17,0.07,1.43,-2.83
0.02,-0.05,1.04,-0.11,0.15,0.1,1.29,-2.8
0.03,-0.04,1.02,-0.02,0.13,0.14,1.65,-2.37
0.02,-0.02,1.0,0.07,0.1,0.16,1.43,-0.93
0.0,0.02,0.98,0.11,0.07,0.2,0.16,1.14
0.0,0.05,0.95,0.15,0.07,0.2,0.05,2.78
-0.0,0.08,0.93,0.19,0.01,0.21,-0.29,4.63
0.0,0.1,0.92,0.21,-0.04,0.21,0.22,6.09
-0.0,0.12,0.89,0.22,-0.06,0.17,-0.2,7.99
0.01,0.15,0.88,0.22,-0.1,0.15,0.39,9.65
0.0,0.17,0.86,0.2,-0.12,0.11,0.32,11.18
0.0,0.19,0.85,0.16,-0.14,0.08,0.06,12.83
0.01,0.18,0.85,0.11,-0.13,0.03,0.82,12.25
0.0,0.21,0.84,0.06,-0.13,-0.01,0.02,13.82
-0.0,0.21,0.84,-0.04,-0.11,-0.04,-0.15,13.99
0.0,0.2,0.84,-0.12,-0.1,-0.06,0.06,13.25
0.01,0.18,0.85,-0.2,-0.06,-0.1,0.46,11.81
0.02,0.15,0.88,-0.28,-0.03,-0.12,1.39,9.69
0.03,0.1,0.91,-0.33,-0.01,-0.15,2.11,6.56
0.03,0.06,0.94,-0.36,0.0,-0.16,1.95,3.73
0.04,0.03,0.98,-0.35,0.03,-0.15,2.23,1.47
0.04,0.0,1.01,-0.33,0.02,-0.13,2.21,0.01
0.05,-0.02,1.02,-0.27,-0.0,-0.11,2.63,-1.15
0.06,-0.03,1.01,-0.24,-0.0,-0.09,3.34,-1.97
0.06,-0.04,1.03,-0.19,0.0,-0.05,3.09,-2.23
0.06,-0.04,1.03,-0.14,0.01,-0.03,3.53,-2.23
0.07,-0.04,1.03,-0.07,0.01,-0.01,3.99,-2.36
0.07,-0.03,1.01,0.06,0.15,-0.14,3.86,-1.67
0.05,-0.01,0.99,0.05,0.0,0.01,3.03,-0.4
0.03,0.02,0.98,0.06,0.02,0.02,1.92,1.01
0.02,0.03,0.96,0.08,0.02,0.04,1.36,1.89
0.01,0.04,0.97,0.1,0.02,0.03,0.49,2.43
0.01,0.06,0.96,0.11,0.01,0.04,0.6,3.68
0.01,0.08,0.94,0.09,0.02,0.04,0.89,4.87
0.03,0.09,0.91,0.09,0.03,0.03,1.59,5.57
0.02,0.1,0.9,0.08,0.0,0.02,1.24,6.59
0.01,0.11,0.9,0.05,0.02,-0.0,0.87,7.06
-0.0,0.11,0.91,0.03,0.05,-0.02,-0.19,7.07
-0.01,0.11,0.93,0.0,0.04,-0.02,-0.87,6.69
-0.02,0.12,0.93,-0.03,0.03,-0.02,-1.5,7.13
-0.02,0.11,0.94,-0.06,0.01,-0.02,-1.01,6.41
0.0,0.1,0.94,-0.1,0.02,-0.03,0.13,5.82
0.02,0.09,0.94,-0.13,0.02,-0.03,1.03,5.23
0.04,0.07,0.95,-0.13,-0.0,-0.04,2.41,4.26
0.04,0.06,0.96,-0.14,0.02,-0.04,2.48,3.79
0.04,0.05,0.96,-0.14,0.05,-0.05,2.65,3.0
0.04,0.05,0.96,-0.12,0.05,-0.05,2.36,2.69
0.04,0.04,0.97,-0.11,0.05,-0.04,2.07,2.14
0.03,0.03,0.96,-0.07,0.06,-0.04,1.69,1.95
0.02,0.03,0.97,-0.05,0.07,-0.04,1.24,2.0
0.01,0.04,0.96,-0.01,0.07,-0.03,0.85,2.15
-0.0,0.05,0.95,0.02,0.04,-0.01,-0.24,2.83
-0.01,0.05,0.95,0.05,0.04,-0.01,-0.34,3.07
-0.02,0.07,0.93,0.08,0.03,-0.0,-1.01,4.37
-0.03,0.08,0.91,0.13,0.02,-0.0,-2.1,5.34
-0.05,0.1,0.88,0.12,0.01,0.01,-3.23,6.63
-0.07,0.12,0.87,0.13,0.0,0.01,-4.75,7.65
-0.08,0.14,0.86,0.13,-0.01,0.0,-5.48,9.22
-0.1,0.16,0.84,0.11,-0.04,0.01,-6.4,10.67
-0.11,0.17,0.83,0.09,-0.08,0.01,-7.16,11.33
-0.12,0.17,0.82,0.07,-0.12,0.01,-8.2,11.82
-0.12,0.18,0.82,0.04,-0.14,0.0,-8.28,12.3
-0.12,0.18,0.82,0.02,-0.18,0.01,-7.98,12.16
-0.11,0.18,0.81,0.0,-0.22,0.0,-7.45,12.54
-0.1,0.19,0.8,-0.0,-0.25,0.0,-6.83,13.62
-0.08,0.19,0.79,-0.0,-0.3,-0.02,-5.89,13.64
-0.09,0.2,0.78,-0.05,-0.32,-0.04,-6.5,14.05
-0.09,0.19,0.79,-0.05,-0.36,-0.05,-6.68,13.54
-0.09,0.18,0.8,-0.05,-0.42,-0.05,-6.35,12.85
-0.09,0.18,0.8,-0.06,-0.42,-0.06,-6.36,12.43
-0.09,0.17,0.8,-0.05,-0.45,-0.06,-6.34,11.92
-0.1,0.17,0.79,-0.04,-0.49,-0.06,-7.33,12.24
-0.1,0.16,0.8,-0.02,-0.55,-0.06,-7.04,11.55
-0.11,0.14,0.8,-0.01,-0.57,-0.05,-7.46,10.07
-0.11,0.15,0.81,0.01,-0.64,-0.04,-7.37,10.38
-0.11,0.15,0.81,0.03,-0.69,-0.02,-7.56,10.1
-0.1,0.15,0.8,0.07,-0.75,-0.01,-6.98,10.8
-0.09,0.16,0.79,0.09,-0.79,-0.01,-6.18,11.31
-0.07,0.17,0.77,0.11,-0.87,-0.02,-4.91,12.13
-0.04,0.17,0.75,0.13,-0.94,-0.05,-2.65,12.46
-0.0,0.15,0.75,0.15,-1.01,-0.1,-0.04,11.25
0.01,0.14,0.76,0.19,-1.06,-0.15,0.47,10.49
-0.03,0.14,0.78,0.21,-1.11,-0.18,-1.92,10.25
-0.05,0.15,0.78,0.22,-1.17,-0.22,-3.88,10.58
-0.09,0.16,0.78,0.22,-1.18,-0.21,-6.76,11.12
-0.13,0.16,0.8,0.2,-1.2,-0.2,-9.14,11.38
-0.15,0.17,0.8,0.17,-1.22,-0.16,-10.52,12.09
-0.14,0.17,0.8,0.13,-1.23,-0.12,-9.94,12.19
-0.13,0.17,0.79,0.12,-1.26,-0.09,-9.13,12.08
-0.12,0.17,0.78,0.09,-1.25,-0.07,-8.2,12.14
-0.1,0.16,0.78,0.05,-1.24,-0.03,-7.46,11.58
-0.1,0.16,0.8,0.05,-1.24,-0.01,-6.81,11.0
-0.1,0.15,0.79,0.05,-1.23,0.04,-7.35,10.92
-0.1,0.15,0.8,0.05,-1.22,0.06,-6.76,10.3
-0.1,0.16,0.8,0.08,-1.25,0.1,-7.11,11.18
-0.11,0.18,0.79,0.08,-1.28,0.12,-7.75,12.84
-0.11,0.2,0.77,0.17,-1.22,-0.02,-7.68,14.6
-0.1,0.21,0.74,0.09,-1.38,0.13,-7.38,15.46
-0.08,0.2,0.73,0.1,-1.42,0.14,-5.99,15.38
-0.08,0.21,0.72,0.1,-1.47,0.14,-5.89,15.97
-0.08,0.21,0.71,0.11,-1.52,0.15,-5.93,16.55
-0.08,0.22,0.7,0.1,-1.53,0.14,-6.09,17.26
-0.08,0.22,0.7,0.1,-1.56,0.15,-5.96,17.61
-0.07,0.24,0.69,0.08,-1.62,0.16,-5.65,18.72
-0.05,0.25,0.68,0.08,-1.68,0.14,-4.12,20.14
-0.02,0.25,0.66,0.09,-1.78,0.13,-1.7,21.07
0.0,0.24,0.64,0.04,-1.82,0.09,0.18,20.63
0.01,0.25,0.65,0.02,-1.89,0.06,0.51,20.81
-0.01,0.25,0.64,-0.0,-1.96,0.04,-0.54,21.36
-0.02,0.25,0.65,-0.07,-2.0,0.01,-1.41,21.2
-0.03,0.23,0.65,-0.16,-2.02,0.0,-2.1,19.16
-0.02,0.19,0.67,-0.23,-2.06,0.01,-1.85,15.96
-0.02,0.14,0.73,-0.27,-2.07,0.02,-1.61,10.86
-0.03,0.13,0.74,-0.32,-2.08,0.05,-2.39,9.55
-0.05,0.11,0.77,-0.34,-2.13,0.09,-3.55,8.03
-0.05,0.08,0.77,-0.37,-2.13,0.15,-4.01,5.68
-0.06,0.04,0.77,-0.37,-2.13,0.22,-4.19,2.87
-0.05,0.0,0.79,-0.38,-2.12,0.28,-3.56,0.02
-0.05,-0.03,0.82,-0.38,-2.09,0.37,-3.42,-2.3
-0.06,-0.05,0.84,-0.3,-2.06,0.45,-3.77,-3.5
-0.07,-0.06,0.84,-0.24,-2.05,0.55,-4.77,-4.17
-0.09,-0.06,0.83,-0.16,-2.05,0.67,-6.35,-4.26
-0.11,-0.07,0.81,-0.1,-2.02,0.78,-7.62,-4.68
-0.12,-0.06,0.8,-0.0,-2.05,0.89,-8.6,-4.38
-0.1,-0.06,0.78,0.09,-2.04,1.0,-7.41,-4.66
-0.05,-0.03,0.79,0.21,-2.15,1.1,-3.73,-1.87
0.07,0.0,0.77,0.33,-2.31,1.15,4.92,0.32
0.21,0.02,0.72,0.46,-2.48,1.14,16.71,1.37
0.33,0.04,0.65,0.65,-2.55,0.91,26.94,3.11
0.37,0.09,0.6,0.66,-2.73,0.87,31.18,7.55
0.35,0.15,0.57,0.69,-2.87,0.72,30.82,12.58
0.3,0.21,0.55,0.67,-2.97,0.6,27.0,18.89
0.26,0.25,0.53,0.64,-2.92,0.38,23.8,23.02
0.22,0.29,0.51,0.45,-3.01,0.47,20.33,27.84
0.2,0.31,0.5,0.26,-3.0,0.43,18.75,29.69
0.21,0.3,0.49,0.03,-2.96,0.42,20.06,29.34
0.21,0.27,0.5,-0.15,-2.89,0.41,20.33,26.61
0.21,0.23,0.53,-0.35,-2.83,0.43,20.15,22.22
0.2,0.21,0.59,-0.55,-2.73,0.44,17.63,19.1
0.18,0.19,0.61,-0.69,-2.66,0.49,16.03,16.7
0.18,0.16,0.63,-0.85,-2.61,0.53,15.62,13.66
0.19,0.12,0.64,-0.97,-2.55,0.58,15.96,10.39
0.17,0.09,0.65,-1.08,-2.47,0.62,14.84,7.33
0.14,0.07,0.68,-1.16,-2.44,0.69,11.81,5.43
0.12,0.05,0.71,-1.24,-2.45,0.75,9.95,3.83
0.12,0.04,0.71,-1.28,-2.49,0.83,9.75,2.79
0.18,-0.01,0.74,-1.33,-2.54,0.87,13.91,-0.56
0.32,-0.07,0.82,-1.34,-2.65,0.89,21.25,-4.46
0.47,-0.15,0.92,-1.28,-2.76,0.82,26.91,-8.03
0.6,-0.21,1.02,-1.14,-2.85,0.69,29.65,-10.15
0.68,-0.24,1.11,-0.98,-2.9,0.51,30.77,-10.58
0.69,-0.25,1.16,-0.79,-2.93,0.31,30.11,-10.43
0.64,-0.23,1.17,-0.61,-3.06,0.08,28.35,-9.79
0.6,-0.21,1.15,-0.48,-3.03,-0.05,27.24,-9.21
0.53,-0.19,1.11,-0.36,-3.03,-0.19,25.46,-8.65
0.43,-0.16,1.07,-0.31,-3.0,-0.28,21.55,-8.0
0.3,-0.12,1.03,-0.28,-2.98,-0.29,16.03,-6.37
0.2,-0.07,0.99,-0.28,-2.97,-0.26,11.46,-4.12
0.15,-0.05,0.94,-0.34,-2.96,-0.2,8.88,-2.75
0.14,-0.02,0.89,-0.42,-2.94,-0.09,9.15,-1.42
0.16,-0.02,0.86,-0.52,-2.91,0.0,10.47,-1.61
0.18,-0.04,0.86,-0.64,-2.83,0.09,11.75,-2.67
0.2,-0.05,0.87,-0.79,-2.7,0.14,12.69,-3.35
0.17,-0.06,0.88,-0.89,-2.62,0.21,11.11,-3.78
0.15,-0.06,0.89,-1.0,-2.52,0.29,9.77,-3.86
0.15,-0.08,0.89,-1.1,-2.48,0.35,9.55,-4.84
0.15,-0.1,0.94,-1.2,-2.46,0.43,9.16,-6.09
0.22,-0.15,1.02,-1.21,-2.45,0.45,12.08,-8.23
0.27,-0.18,1.09,-1.2,-2.5,0.44,13.54,-9.15
0.29,-0.22,1.15,-1.13,-2.54,0.38,13.83,-10.33
0.29,-0.24,1.22,-1.03,-2.57,0.29,12.91,-10.79
0.26,-0.25,1.28,-0.92,-2.64,0.22,11.35,-10.96
0.23,-0.26,1.31,-0.77,-2.7,0.16,9.95,-10.83
0.22,-0.23,1.32,-0.65,-2.75,0.12,9.16,-9.8
0.17,-0.21,1.31,-0.54,-2.79,0.09,7.31,-9.21
0.14,-0.19,1.27,-0.47,-2.8,0.06,6.33,-8.4
0.11,-0.18,1.27,-0.37,-2.83,0.08,4.93,-8.07
0.09,-0.15,1.25,-0.33,-2.84,0.1,4.05,-7.01
0.06,-0.15,1.24,-0.3,-2.8,0.13,2.77,-7.08
0.04,-0.11,1.24,-0.3,-2.77,0.2,1.79,-5.18
0.04,-0.1,1.23,-0.32,-2.71,0.28,2.09,-4.52
0.06,-0.08,1.23,-0.35,-2.64,0.37,2.79,-3.6
0.08,-0.09,1.25,-0.4,-2.52,0.42,3.67,-4.04
0.1,-0.09,1.27,-0.46,-2.43,0.47,4.54,-3.94
0.1,-0.1,1.29,-0.49,-2.33,0.51,4.47,-4.47
0.11,-0.1,1.33,-0.5,-2.24,0.53,4.69,-4.31
0.12,-0.1,1.38,-0.49,-2.18,0.52,5.11,-4.22
0.14,-0.11,1.43,-0.45,-2.13,0.47,5.77,-4.52
0.15,-0.13,1.44,-0.39,-2.1,0.41,6.03,-5.09
0.15,-0.13,1.43,-0.3,-2.08,0.32,5.97,-5.0
0.13,-0.11,1.41,-0.21,-2.06,0.25,5.1,-4.61
0.08,-0.09,1.38,-0.14,-2.01,0.19,3.47,-3.69
0.06,-0.07,1.33,-0.05,-2.01,0.17,2.41,-3.12
0.04,-0.05,1.29,0.03,-2.03,0.15,1.58,-2.41
0.03,-0.03,1.24,0.07,-2.0,0.15,1.36,-1.29
0.04,0.0,1.16,0.09,-2.0,0.16,2.12,0.16
0.05,0.03,1.11,0.08,-2.02,0.19,2.83,1.3
0.07,0.05,1.07,0.08,-2.03,0.22,3.85,2.57
0.09,0.07,1.05,0.03,-2.04,0.24,5.04,3.58
0.12,0.07,1.06,-0.05,-2.03,0.27,6.57,3.69
0.16,0.07,1.07,-0.12,-2.04,0.28,8.61,3.55
0.19,0.07,1.08,-0.21,-2.06,0.26,9.86,3.56
0.2,0.06,1.1,-0.29,-2.05,0.24,10.29,3.3
0.2,0.05,1.13,-0.4,-2.07,0.21,10.04,2.63
0.19,0.04,1.16,-0.49,-2.06,0.18,9.07,1.87
0.16,0.02,1.23,-0.58,-2.04,0.15,7.28,0.89
0.13,-0.0,1.3,-0.6,-2.02,0.12,5.54,-0.18
0.09,-0.02,1.36,-0.63,-1.97,0.07,3.77,-0.91
0.05,-0.03,1.39,-0.61,-1.92,0.03,1.97,-1.31
0.02,-0.04,1.4,-0.59,-1.85,-0.02,0.63,-1.76
-0.0,-0.05,1.39,-0.55,-1.81,-0.04,-0.13,-1.9
-0.02,-0.04,1.37,-0.51,-1.74,-0.07,-0.94,-1.74
-0.04,-0.03,1.34,-0.5,-1.67,-0.09,-1.71,-1.33
-0.03,-0.02,1.31,-0.48,-1.61,-0.09,-1.23,-0.82
-0.02,0.01,1.26,-0.5,-1.55,-0.09,-0.81,0.25
-0.0,0.02,1.2,-0.55,-1.49,-0.08,-0.13,0.96
0.01,0.03,1.16,-0.61,-1.43,-0.07,0.55,1.25
0.02,0.03,1.14,-0.68,-1.37,-0.05,1.02,1.41
0.01,0.03,1.13,-0.76,-1.33,-0.04,0.51,1.57
-0.0,0.03,1.13,-0.83,-1.28,-0.03,-0.11,1.5
-0.02,0.02,1.14,-0.87,-1.26,-0.01,-1.04,0.94
-0.04,0.0,1.16,-0.88,-1.26,0.0,-1.75,0.24
-0.05,-0.0,1.19,-0.89,-1.26,-0.01,-2.39,-0.21
-0.06,0.0,1.21,-0.88,-1.26,-0.02,-2.85,0.05
-0.06,-0.01,1.2,-0.85,-1.27,-0.01,-2.87,-0.24
-0.06,-0.01,1.2,-0.85,-1.25,-0.04,-2.82,-0.35
-0.05,-0.01,1.22,-0.85,-1.27,-0.06,-2.13,-0.41
-0.04,-0.01,1.25,-0.84,-1.29,-0.09,-1.94,-0.62
-0.05,-0.02,1.27,-0.82,-1.27,-0.13,-2.18,-0.91
-0.07,-0.01,1.28,-0.81,-1.29,-0.17,-3.05,-0.49
-0.11,-0.01,1.28,-0.77,-1.3,-0.21,-4.81,-0.31
-0.13,0.0,1.27,-0.74,-1.29,-0.24,-5.98,0.11
-0.17,0.0,1.28,-0.72,-1.29,-0.23,-7.62,0.13
-0.2,-0.01,1.3,-0.66,-1.32,-0.23,-8.89,-0.36
-0.22,-0.01,1.34,-0.6,-1.31,-0.23,-9.51,-0.52
-0.24,-0.02,1.36,-0.53,-1.31,-0.23,-10.04,-0.9
-0.25,-0.02,1.37,-0.45,-1.27,-0.23,-10.43,-0.62
-0.24,-0.01,1.38,-0.37,-1.25,-0.23,-9.89,-0.54
-0.23,-0.01,1.37,-0.3,-1.23,-0.23,-9.34,-0.41
-0.19,-0.0,1.35,-0.27,-1.16,-0.24,-7.94,-0.05
-0.17,0.0,1.32,-0.26,-1.09,-0.26,-7.2,0.01
-0.17,0.01,1.29,-0.25,-1.02,-0.27,-7.5,0.34
-0.19,0.02,1.25,-0.25,-0.98,-0.29,-8.63,0.68
-0.21,0.02,1.21,-0.26,-0.95,-0.29,-9.77,0.85
-0.23,0.02,1.2,-0.25,-0.94,-0.27,-10.88,1.1
-0.25,0.02,1.19,-0.23,-0.93,-0.25,-11.94,1.14
-0.26,0.01,1.18,-0.22,-0.94,-0.22,-12.49,0.38
-0.27,0.0,1.18,-0.2,-0.93,-0.21,-12.77,0.14
-0.28,0.0,1.18,-0.18,-0.91,-0.19,-13.28,0.14
-0.29,0.0,1.2,-0.15,-0.9,-0.15,-13.82,0.18
-0.3,-0.0,1.21,-0.1,-0.89,-0.13,-13.82,-0.07
-0.31,0.0,1.21,-0.04,-0.86,-0.1,-14.21,0.13
-0.31,0.01,1.2,-0.01,-0.82,-0.08,-14.33,0.48
-0.3,0.02,1.21,0.04,-0.82,-0.05,-13.76,0.83
-0.29,0.03,1.22,0.09,-0.79,-0.03,-13.43,1.21
-0.29,0.03,1.23,0.13,-0.79,-0.02,-13.19,1.45
-0.29,0.04,1.22,0.17,-0.75,-0.01,-13.33,1.77
-0.27,0.04,1.23,0.23,-0.72,0.01,-12.44,1.87
-0.25,0.05,1.22,0.26,-0.7,0.01,-11.33,2.33
-0.21,0.05,1.19,0.29,-0.68,0.02,-9.99,2.5
-0.18,0.06,1.18,0.29,-0.64,0.03,-8.89,2.8
-0.17,0.06,1.18,0.28,-0.62,0.04,-8.33,3.08
-0.15,0.07,1.19,0.29,-0.61,0.05,-7.17,3.39
-0.14,0.07,1.19,0.26,-0.59,0.03,-6.52,3.33
-0.12,0.07,1.19,0.26,-0.57,0.01,-5.97,3.28
-0.12,0.07,1.2,0.23,-0.53,-0.0,-5.78,3.17
-0.12,0.07,1.2,0.23,-0.52,-0.02,-5.91,3.41
-0.13,0.07,1.2,0.22,-0.5,-0.03,-6.04,3.3
-0.12,0.08,1.2,0.19,-0.43,-0.06,-5.48,3.65
-0.11,0.08,1.19,0.17,-0.39,-0.08,-5.37,3.6
-0.11,0.07,1.17,0.17,-0.37,-0.09,-5.52,3.55
-0.12,0.07,1.15,0.15,-0.34,-0.1,-6.16,3.48
-0.14,0.07,1.14,0.12,-0.29,-0.1,-6.85,3.53
-0.13,0.07,1.13,0.12,-0.28,-0.09,-6.76,3.56
-0.14,0.06,1.12,0.09,-0.26,-0.09,-6.94,2.94
-0.15,0.06,1.11,0.1,-0.26,-0.07,-7.5,2.91
-0.15,0.05,1.11,0.09,-0.22,-0.06,-7.8,2.5
-0.15,0.04,1.11,0.09,-0.22,-0.05,-7.92,2.22
-0.14,0.04,1.11,0.1,-0.22,-0.04,-7.13,2.17
-0.14,0.04,1.12,0.11,-0.21,-0.04,-6.96,2.1
-0.14,0.03,1.13,0.12,-0.19,-0.05,-7.1,1.5
-0.14,0.04,1.12,0.13,-0.18,-0.06,-7.1,1.79
-0.15,0.04,1.12,0.15,-0.18,-0.05,-7.68,1.87
-0.14,0.04,1.12,0.17,-0.17,-0.06,-6.91,1.87
-0.12,0.03,1.11,0.17,-0.16,-0.06,-6.42,1.64
-0.11,0.03,1.11,0.14,-0.14,-0.06,-5.82,1.47
-0.1,0.02,1.1,0.14,-0.13,-0.05,-5.08,1.07
-0.1,0.02,1.11,0.12,-0.11,-0.06,-4.94,1.04
-0.09,0.02,1.11,0.1,-0.05,-0.06,-4.52,1.08
-0.08,0.02,1.11,0.07,-0.01,-0.07,-4.14,1.11
-0.08,0.02,1.09,0.05,0.02,-0.06,-4.0,0.95
-0.07,0.01,1.07,0.04,0.05,-0.06,-3.79,0.77
-0.08,0.01,1.07,0.01,0.08,-0.08,-4.22,0.3
-0.09,0.0,1.07,-0.01,0.09,-0.06,-4.78,0.24
-0.1,0.01,1.08,0.0,0.13,-0.06,-5.33,0.29
-0.1,0.0,1.08,0.01,0.15,-0.05,-5.35,0.04
-0.11,0.0,1.09,0.02,0.16,-0.05,-5.61,0.0
-0.1,-0.0,1.09,0.04,0.2,-0.05,-5.36,-0.24
-0.1,-0.01,1.09,0.05,0.21,-0.04,-5.18,-0.31
-0.09,-0.0,1.06,0.08,0.2,-0.03,-4.58,-0.12
-0.07,0.0,1.05,0.1,0.21,-0.02,-3.88,0.23
-0.06,0.0,1.04,0.11,0.22,-0.01,-3.33,0.15
-0.04,0.0,1.03,0.14,0.2,-0.0,-2.46,0.23
-0.03,0.0,1.01,0.14,0.2,-0.0,-1.45,0.26
-0.01,0.01,1.0,0.14,0.19,-0.0,-0.38,0.38
0.0,0.01,0.98,0.11,0.19,0.01,0.05,0.47
0.01,0.01,0.97,0.11,0.16,0.01,0.53,0.69
-0.0,0.02,0.97,0.09,0.14,0.02,-0.04,0.91
0.01,0.02,0.98,0.08,0.12,0.02,0.46,1.15
0.01,0.02,0.99,0.06,0.11,0.03,0.73,1.2
0.02,0.02,0.99,0.05,0.1,0.05,1.18,0.92
0.02,0.01,1.0,0.06,0.08,0.05,1.12,0.73
0.03,0.02,1.0,0.05,0.07,0.04,1.71,1.03
0.03,0.02,1.01,0.05,0.04,0.06,1.79,1.1
0.04,0.02,1.02,0.04,0.03,0.03,2.2,1.03
0.04,0.01,1.03,0.05,-0.01,0.02,2.49,0.71
0.04,0.01,1.03,0.05,-0.01,0.0,2.49,0.75
0.03,0.02,1.03,0.03,-0.01,-0.01,1.93,0.89
0.03,0.02,1.03,0.01,-0.02,-0.01,1.49,1.15
0.02,0.02,1.02,-0.0,-0.01,-0.01,1.05,1.21
0.01,0.02,1.01,-0.02,-0.01,-0.01,0.69,0.92
-0.0,0.03,1.02,-0.04,0.02,0.01,-0.05,1.43
-0.01,0.02,1.04,-0.06,0.02,0.03,-0.65,1.14
-0.01,0.01,1.06,-0.04,0.03,0.04,-0.55,0.7
-0.01,0.02,1.07,-0.03,0.04,0.03,-0.51,0.88
0.0,0.01,1.07,-0.04,0.05,0.01,0.07,0.4
0.0,0.01,1.08,-0.02,0.05,0.02,0.03,0.62
-0.0,0.01,1.06,0.0,0.06,0.0,-0.13,0.42
0.01,0.01,1.06,0.03,0.04,0.0,0.47,0.67
0.0,0.02,1.06,0.04,0.06,-0.01,0.14,1.3
0.01,0.02,1.06,0.03,0.06,-0.01,0.45,1.03
0.02,0.02,1.04,0.04,0.05,-0.02,1.28,0.95
0.02,0.02,1.02,0.05,0.04,-0.03,1.11,1.31
0.02,0.03,1.0,0.04,0.03,-0.04,1.15,1.44
0.01,0.03,0.99,0.03,0.03,-0.03,0.66,1.45
0.0,0.03,0.98,0.01,0.01,-0.01,0.02,1.56
-0.01,0.03,0.99,0.01,0.0,0.01,-0.67,1.81
-0.02,0.02,0.99,0.01,-0.0,0.02,-1.22,1.45
-0.04,0.02,0.98,0.03,-0.03,0.05,-2.25,1.23
-0.04,0.03,0.99,0.05,-0.05,0.08,-2.49,1.62
-0.05,0.03,1.0,0.07,-0.08,0.1,-2.62,1.71
-0.02,0.03,1.02,0.08,-0.07,0.12,-1.35,1.58
0.0,0.02,1.03,0.08,-0.06,0.14,0.14,1.29
0.02,0.02,1.05,0.09,-0.05,0.14,1.19,1.25
0.03,0.03,1.05,0.09,-0.05,0.14,1.39,1.38
0.01,0.04,1.05,0.08,-0.03,0.13,0.44,2.05
0.0,0.05,1.06,0.09,-0.03,0.14,0.2,2.87
0.0,0.06,1.07,0.09,-0.05,0.14,0.01,3.23
0.01,0.06,1.07,0.12,-0.07,0.12,0.58,3.23
0.03,0.06,1.1,0.11,-0.07,0.11,1.55,3.08
0.04,0.06,1.1,0.11,-0.06,0.08,2.24,2.9
0.06,0.06,1.09,0.11,-0.06,0.06,2.99,2.9
0.06,0.06,1.07,0.1,-0.05,0.03,3.4,3.05
0.05,0.06,1.05,-0.01,-0.15,0.12,2.56,3.36
0.02,0.07,1.03,0.04,-0.06,0.03,1.37,3.85
-0.0,0.08,1.03,0.03,-0.04,0.01,-0.08,4.48
-0.01,0.08,1.04,0.04,-0.06,0.02,-0.67,4.46
-0.02,0.07,1.04,0.05,-0.08,0.02,-0.88,3.97
-0.03,0.06,1.05,0.04,-0.07,0.03,-1.37,3.28
-0.03,0.06,1.06,0.06,-0.1,0.04,-1.38,3.4
-0.03,0.06,1.06,0.08,-0.12,0.06,-1.37,3.14
-0.02,0.06,1.06,0.08,-0.11,0.04,-0.89,3.25
-0.01,0.06,1.05,0.08,-0.11,0.05,-0.53,3.1
-0.0,0.06,1.05,0.04,-0.19,0.11,-0.19,3.17
0.0,0.06,1.05,0.05,-0.13,0.09,0.1,3.35
0.01,0.06,1.05,0.04,-0.13,0.07,0.32,3.22
0.0,0.06,1.05,0.03,-0.09,0.08,0.24,3.41
-0.0,0.06,1.07,0.01,-0.1,0.1,-0.02,3.45
-0.0,0.06,1.08,-0.0,-0.12,0.11,-0.14,3.08
-0.01,0.07,1.11,0.0,-0.1,0.09,-0.48,3.37
-0.01,0.06,1.13,-0.01,-0.05,0.08,-0.74,3.06
-0.02,0.07,1.15,0.0,-0.04,0.06,-1.14,3.27
-0.02,0.06,1.15,0.03,-0.03,0.05,-1.14,3.16
-0.03,0.07,1.15,0.02,0.02,0.03,-1.49,3.3
-0.03,0.07,1.14,0.06,0.01,0.02,-1.35,3.66
-0.03,0.08,1.13,0.08,0.03,0.01,-1.36,3.83
0.0,0.08,1.11,0.16,0.16,-0.15,0.01,3.91
0.02,0.06,1.09,0.11,0.01,-0.02,0.82,3.29
0.05,0.06,1.07,0.08,0.01,-0.02,2.51,3.39
0.05,0.06,1.05,0.07,0.01,-0.03,2.82,3.42
0.05,0.07,1.04,0.04,0.01,-0.04,2.53,3.77
0.03,0.07,1.02,0.0,0.0,-0.04,1.82,3.81
0.03,0.07,1.02,-0.05,0.02,-0.04,1.5,3.67
0.01,0.06,1.03,-0.06,-0.0,-0.03,0.49,3.34
-0.01,0.05,1.04,-0.09,0.01,-0.02,-0.6,2.83
-0.03,0.04,1.05,-0.09,-0.01,-0.02,-1.61,1.99
-0.05,0.03,1.07,-0.1,0.02,-0.01,-2.62,1.8
-0.05,0.02,1.07,-0.1,0.03,-0.01,-2.77,1.24
-0.07,0.03,1.07,-0.07,0.03,-0.02,-3.47,1.45
-0.07,0.03,1.07,-0.03,0.01,0.01,-3.72,1.52
-0.07,0.03,1.07,-0.02,0.04,0.02,-3.63,1.67
-0.05,0.03,1.08,-0.01,0.03,0.03,-2.87,1.76
-0.03,0.03,1.08,0.03,0.03,0.03,-1.45,1.66
0.0,0.03,1.08,0.03,0.03,0.03,0.09,1.46
0.02,0.03,1.09,0.03,0.03,0.03,1.19,1.76
0.02,0.04,1.07,0.01,0.06,-0.0,1.33,1.92
0.03,0.04,1.05,0.01,0.05,-0.01,1.39,2.41
0.01,0.06,1.03,-0.01,0.05,-0.01,0.81,3.22
0.01,0.05,1.03,-0.04,0.07,-0.02,0.69,2.85
0.01,0.06,1.03,-0.05,0.05,0.0,0.5,3.07
0.01,0.05,1.03,-0.06,0.03,-0.01,0.39,3.03
0.01,0.04,1.05,-0.05,0.02,-0.01,0.44,2.41
0.01,0.04,1.05,-0.06,0.05,-0.02,0.3,2.03
0.0,0.03,1.05,-0.08,0.06,-0.02,0.04,1.5
-0.01,0.03,1.05,-0.05,0.06,-0.03,-0.77,1.51
-0.03,0.03,1.04,-0.04,0.03,-0.02,-1.46,1.62
-0.03,0.04,1.04,-0.04,0.04,-0.02,-1.72,2.13
-0.04,0.04,1.04,-0.0,0.01,-0.01,-2.08,2.09
-0.03,0.04,1.04,0.02,-0.01,-0.01,-1.51,2.05
-0.01,0.03,1.03,0.04,-0.04,-0.0,-0.47,1.94
0.0,0.04,1.03,0.02,-0.04,-0.01,0.19,1.96
0.0,0.04,1.03,0.01,-0.04,-0.0,0.14,2.01
0.01,0.03,1.04,-0.0,-0.04,0.01,0.59,1.42
0.01,0.03,1.05,-0.03,-0.04,0.0,0.37,1.68
0.01,0.03,1.05,-0.06,-0.03,-0.01,0.53,1.36
0.0,0.02,1.06,-0.09,-0.0,-0.02,0.03,0.97
-0.02,0.02,1.06,-0.11,0.0,-0.03,-1.2,0.85
-0.05,0.01,1.06,-0.1,0.0,-0.04,-2.55,0.77
-0.08,0.01,1.07,-0.11,0.01,-0.03,-4.07,0.68
-0.09,0.02,1.06,-0.12,0.02,-0.02,-4.7,0.88
-0.09,0.0,1.07,-0.1,-0.01,0.0,-5.02,0.26
-0.11,-0.0,1.07,-0.09,-0.03,0.01,-5.74,-0.22
-0.12,-0.01,1.08,-0.08,-0.02,-0.0,-6.58,-0.35
-0.14,-0.01,1.09,-0.08,-0.04,0.01,-7.31,-0.55
-0.16,-0.01,1.09,-0.08,-0.04,0.02,-8.44,-0.55
-0.18,-0.01,1.1,-0.08,-0.08,0.03,-9.4,-0.72
-0.2,-0.01,1.12,-0.08,-0.09,0.04,-10.34,-0.73
-0.21,-0.02,1.13,-0.1,-0.09,0.04,-10.53,-1.04
-0.23,-0.03,1.17,-0.12,-0.1,0.06,-11.26,-1.41
-0.25,-0.02,1.19,-0.14,-0.08,0.07,-11.83,-1.05
-0.28,-0.02,1.23,-0.16,-0.01,0.06,-12.84,-0.92
-0.32,-0.02,1.26,-0.18,0.08,0.05,-14.17,-0.76
-0.34,-0.01,1.27,-0.19,0.15,0.07,-15.09,-0.37
-0.37,0.01,1.3,-0.19,0.23,0.07,-15.89,0.23
-0.39,0.02,1.32,-0.18,0.35,0.08,-16.52,0.79
-0.4,0.02,1.34,-0.19,0.49,0.1,-16.73,0.74
-0.4,0.03,1.35,-0.16,0.57,0.11,-16.57,1.18
-0.4,0.03,1.37,-0.12,0.67,0.11,-16.27,1.26
-0.4,0.05,1.37,-0.1,0.78,0.1,-16.48,1.86
-0.4,0.05,1.36,-0.06,0.88,0.1,-16.15,2.12
-0.37,0.06,1.36,-0.05,0.97,0.1,-15.31,2.28
-0.34,0.06,1.34,-0.0,1.01,0.11,-14.08,2.52
-0.31,0.06,1.32,0.02,1.08,0.09,-13.07,2.36
-0.28,0.06,1.3,0.02,1.12,0.09,-12.07,2.46
-0.26,0.06,1.28,0.02,1.16,0.09,-11.38,2.84
-0.23,0.07,1.27,0.03,1.21,0.07,-10.15,3.0
-0.22,0.07,1.26,0.01,1.25,0.06,-9.66,3.19
-0.2,0.07,1.25,-0.01,1.28,0.05,-8.83,3.36
-0.17,0.07,1.25,-0.04,1.31,0.06,-7.94,3.24
-0.16,0.08,1.25,-0.06,1.32,0.05,-7.35,3.43
-0.17,0.08,1.27,-0.08,1.35,0.05,-7.41,3.45
-0.16,0.08,1.28,-0.12,1.4,0.05,-7.16,3.39
-0.16,0.08,1.3,-0.13,1.42,0.07,-7.02,3.54
-0.16,0.08,1.32,-0.15,1.47,0.05,-7.08,3.25
-0.17,0.08,1.36,-0.16,1.51,0.06,-7.2,3.25
-0.16,0.08,1.38,-0.16,1.57,0.06,-6.77,3.21
-0.16,0.07,1.4,-0.15,1.61,0.07,-6.36,3.0
-0.13,0.06,1.42,-0.13,1.66,0.07,-5.41,2.46
-0.12,0.05,1.45,-0.14,1.74,0.06,-4.63,2.05
-0.1,0.05,1.45,-0.14,1.84,0.05,-4.07,1.92
-0.1,0.05,1.46,-0.14,1.9,0.04,-3.81,1.79
-0.08,0.04,1.45,-0.11,1.96,0.04,-3.26,1.53
-0.07,0.02,1.43,-0.09,2.03,0.02,-2.94,0.91
-0.06,0.03,1.42,-0.1,2.1,0.01,-2.34,1.16
-0.04,0.03,1.41,-0.08,2.15,0.01,-1.75,1.14
-0.03,0.02,1.39,-0.08,2.21,0.01,-1.34,1.0
-0.02,0.01,1.37,-0.07,2.24,0.01,-0.65,0.58
-0.01,0.02,1.36,-0.09,2.31,0.01,-0.53,0.69
-0.01,0.02,1.34,-0.09,2.34,0.02,-0.38,0.89
-0.01,0.03,1.33,-0.08,2.34,0.04,-0.43,1.28
0.01,0.02,1.33,-0.07,2.33,0.05,0.45,0.98
0.01,0.0,1.35,-0.08,2.38,0.05,0.32,0.15
0.03,-0.01,1.35,-0.06,2.41,0.07,1.15,-0.35
0.04,-0.01,1.35,-0.05,2.46,0.07,1.68,-0.24
0.03,-0.01,1.34,-0.04,2.49,0.08,1.29,-0.61
0.03,-0.01,1.33,-0.04,2.53,0.11,1.3,-0.46
0.04,-0.01,1.31,-0.03,2.56,0.14,1.65,-0.4
0.06,-0.01,1.29,-0.01,2.59,0.17,2.63,-0.47
0.08,-0.02,1.29,0.01,2.61,0.18,3.5,-0.91
0.09,-0.03,1.28,0.02,2.64,0.2,3.87,-1.13
0.1,-0.03,1.28,0.04,2.67,0.22,4.32,-1.43
0.09,-0.03,1.29,0.06,2.68,0.24,4.18,-1.45
0.1,-0.04,1.3,0.13,2.66,0.25,4.48,-1.63
0.11,-0.04,1.3,0.19,2.68,0.26,4.96,-1.86
0.13,-0.04,1.3,0.26,2.67,0.27,5.51,-1.87
0.15,-0.04,1.31,0.33,2.65,0.25,6.33,-1.56
0.18,-0.04,1.31,0.43,2.59,0.24,7.89,-1.93
0.22,-0.04,1.3,0.51,2.57,0.21,9.79,-1.91
0.26,-0.04,1.26,0.55,2.55,0.16,11.78,-1.93
0.28,-0.04,1.21,0.59,2.51,0.12,13.22,-1.69
0.29,-0.02,1.17,0.6,2.49,0.09,13.82,-0.89
0.3,-0.01,1.13,0.59,2.51,0.07,14.7,-0.32
0.31,-0.0,1.1,0.53,2.52,0.06,15.63,-0.06
0.32,-0.0,1.09,0.49,2.53,0.05,16.26,-0.21
0.32,-0.01,1.09,0.42,2.55,0.04,16.41,-0.41
0.32,-0.0,1.09,0.36,2.56,0.02,16.5,-0.11
0.32,-0.0,1.1,0.29,2.59,0.01,16.01,-0.13
0.31,-0.01,1.12,0.27,2.59,-0.0,15.53,-0.6
0.31,-0.03,1.13,0.23,2.59,-0.01,15.16,-1.22
0.31,-0.04,1.16,0.2,2.62,-0.03,14.82,-2.01
0.3,-0.06,1.17,0.19,2.64,-0.04,14.51,-2.62
0.3,-0.07,1.17,0.2,2.67,-0.05,14.17,-3.18
0.27,-0.07,1.15,0.21,2.69,-0.06,13.34,-3.45
0.24,-0.07,1.14,0.21,2.75,-0.04,11.82,-3.47
0.22,-0.07,1.13,0.24,2.74,-0.02,10.96,-3.3
0.23,-0.07,1.13,0.25,2.75,0.02,11.45,-3.57
0.25,-0.08,1.13,0.29,2.75,0.05,12.39,-4.07
0.28,-0.07,1.12,0.32,2.74,0.04,13.88,-3.57
0.3,-0.07,1.09,0.35,2.73,0.03,15.2,-3.45
0.31,-0.07,1.07,0.36,2.72,0.02,15.96,-3.68
0.32,-0.06,1.06,0.37,2.69,0.01,16.73,-3.19
0.33,-0.06,1.06,0.39,2.65,-0.01,17.35,-3.05
0.35,-0.07,1.06,0.39,2.65,-0.04,18.26,-3.38
0.36,-0.08,1.07,0.41,2.63,-0.08,18.44,-4.27
0.36,-0.09,1.07,0.42,2.66,-0.12,18.51,-4.52
0.34,-0.08,1.05,0.46,2.62,-0.15,17.73,-4.29
0.31,-0.08,1.04,0.47,2.64,-0.17,16.54,-4.28
0.28,-0.08,1.01,0.47,2.65,-0.18,15.5,-4.34
0.25,-0.07,1.0,0.49,2.63,-0.16,13.99,-4.04
0.23,-0.07,0.99,0.51,2.63,-0.14,13.28,-3.76
0.23,-0.06,0.97,0.5,2.67,-0.11,13.3,-3.51
0.25,-0.04,0.94,0.5,2.69,-0.08,15.03,-2.46
0.28,-0.03,0.92,0.51,2.68,-0.07,16.96,-2.05
0.3,-0.03,0.89,0.49,2.72,-0.07,18.77,-2.04
0.29,-0.03,0.86,0.46,2.74,-0.08,18.61,-1.65
0.25,-0.02,0.86,0.42,2.8,-0.08,16.39,-1.1
0.23,0.01,0.84,0.4,2.79,-0.07,15.19,0.67
0.22,0.03,0.82,0.37,2.74,-0.04,15.21,1.97
0.25,0.01,0.81,0.32,2.71,-0.03,17.25,0.8
0.27,-0.02,0.82,0.29,2.69,-0.04,18.16,-1.25
0.26,-0.03,0.85,0.28,2.7,-0.05,16.73,-1.99
0.23,-0.03,0.87,0.29,2.66,-0.06,14.97,-1.66
0.22,-0.03,0.88,0.32,2.64,-0.06,13.72,-1.59
0.23,-0.02,0.88,0.36,2.61,-0.03,14.75,-1.36
0.26,-0.03,0.88,0.4,2.58,-0.03,16.58,-1.68
0.29,-0.04,0.88,0.44,2.57,-0.03,18.15,-2.34
0.3,-0.02,0.88,0.47,2.6,-0.07,18.91,-1.39
0.3,0.0,0.85,0.5,2.56,-0.1,19.73,0.31
0.29,0.02,0.81,0.54,2.52,-0.13,19.9,1.28
0.27,0.04,0.76,0.52,2.51,-0.17,19.39,2.68
0.23,0.06,0.74,0.47,2.51,-0.19,17.41,4.67
0.18,0.07,0.73,0.4,2.52,-0.18,13.75,5.46
0.15,0.09,0.74,0.34,2.49,-0.17,11.43,6.56
0.13,0.09,0.74,0.26,2.46,-0.13,9.89,7.2
0.14,0.08,0.74,0.19,2.42,-0.11,10.46,6.26
0.15,0.06,0.77,0.1,2.44,-0.09,11.27,4.02
0.18,0.03,0.82,0.06,2.43,-0.06,12.62,2.3
0.21,0.02,0.85,0.05,2.4,-0.06,13.97,1.48
0.23,-0.01,0.86,0.04,2.43,-0.08,15.15,-0.93
0.22,-0.03,0.87,0.07,2.45,-0.09,14.22,-2.07
0.19,-0.03,0.89,0.12,2.43,-0.08,11.99,-2.06
0.15,-0.04,0.89,0.17,2.44,-0.06,9.42,-2.33
0.12,-0.03,0.89,0.22,2.46,-0.02,7.46,-1.94
0.1,-0.02,0.89,0.26,2.46,0.03,6.24,-1.14
0.1,0.01,0.88,0.31,2.43,0.08,6.29,0.45
0.11,0.01,0.84,0.41,2.58,-0.03,7.25,0.98
0.11,0.02,0.82,0.34,2.4,0.14,7.97,1.48
0.12,0.05,0.81,0.36,2.36,0.16,8.26,3.17
0.16,0.06,0.81,0.4,2.26,0.18,10.79,4.22
0.2,0.07,0.79,0.4,2.2,0.16,14.4,4.73
0.24,0.05,0.77,0.41,2.2,0.1,17.21,3.62
0.23,0.06,0.77,0.42,2.2,0.05,16.83,4.43
0.19,0.11,0.77,0.44,2.17,0.02,13.72,7.7
0.18,0.11,0.75,0.41,2.17,0.0,13.17,8.23
0.17,0.12,0.74,0.4,2.14,-0.03,12.83,9.19
0.16,0.14,0.73,0.34,2.12,-0.06,11.94,10.46
0.13,0.14,0.72,0.29,2.12,-0.08,10.28,10.53
0.09,0.13,0.73,0.24,2.16,-0.08,6.86,10.03
0.05,0.13,0.76,0.17,2.19,-0.08,3.55,10.02
0.03,0.12,0.77,0.13,2.18,-0.05,2.33,9.18
0.03,0.09,0.78,0.09,2.2,-0.01,2.45,6.62
0.04,0.06,0.81,0.08,2.22,0.02,2.93,4.03
0.06,0.04,0.84,0.1,2.24,0.07,3.96,2.81
0.08,0.04,0.86,0.17,2.2,0.12,5.05,2.88
0.1,0.03,0.85,0.24,2.17,0.14,6.51,2.29
0.1,0.05,0.82,0.32,2.14,0.15,6.87,3.51
0.09,0.07,0.8,0.41,2.1,0.15,6.56,5.22
0.07,0.08,0.79,0.44,2.08,0.14,4.77,6.04
0.06,0.1,0.77,0.51,2.02,0.16,4.13,7.41
0.04,0.12,0.74,0.57,1.97,0.16,3.09,9.47
0.03,0.13,0.74,0.61,1.92,0.16,2.6,10.21
0.03,0.15,0.71,0.64,1.9,0.16,2.41,12.18
0.02,0.19,0.69,0.68,1.84,0.15,1.32,15.63
0.02,0.23,0.65,0.7,1.77,0.12,1.75,19.57
0.0,0.26,0.61,0.68,1.71,0.09,0.4,23.18
-0.03,0.28,0.59,0.65,1.66,0.02,-2.27,25.27
-0.08,0.3,0.6,0.6,1.62,-0.02,-6.64,26.49
-0.14,0.32,0.6,0.52,1.56,-0.04,-11.89,27.7
-0.17,0.32,0.61,0.43,1.51,-0.06,-13.69,27.09
-0.17,0.32,0.62,0.33,1.46,-0.05,-13.87,26.34
-0.16,0.29,0.63,0.25,1.4,-0.04,-12.84,24.33
-0.14,0.27,0.65,0.18,1.35,-0.03,-11.26,22.39
-0.15,0.27,0.67,0.14,1.32,-0.04,-11.71,21.56
-0.16,0.26,0.67,0.08,1.28,-0.04,-12.42,20.96
-0.18,0.23,0.68,0.05,1.22,-0.04,-13.91,18.46
-0.17,0.21,0.71,0.02,1.17,-0.01,-12.79,15.83
-0.15,0.19,0.74,0.01,1.12,0.03,-11.32,14.1
-0.12,0.18,0.76,0.0,1.1,0.05,-9.04,13.13
-0.1,0.18,0.75,0.03,1.02,0.08,-7.1,13.54
-0.06,0.19,0.73,0.07,0.97,0.07,-4.39,14.36
-0.05,0.19,0.71,0.1,0.94,0.06,-3.84,14.77
-0.07,0.19,0.71,0.1,0.94,0.04,-5.29,14.79
-0.09,0.2,0.74,0.1,0.89,0.04,-6.95,14.87
-0.09,0.21,0.75,0.11,0.84,0.04,-6.64,15.55
-0.07,0.2,0.75,0.12,0.78,0.03,-4.87,14.59
-0.05,0.2,0.76,0.14,0.73,0.01,-3.67,14.41
-0.04,0.19,0.76,0.15,0.68,-0.01,-2.75,13.8
-0.05,0.18,0.77,0.18,0.63,-0.03,-3.92,13.42
-0.07,0.18,0.79,0.2,0.6,-0.05,-4.82,12.54
-0.09,0.2,0.81,0.19,0.6,-0.05,-6.19,13.53
-0.1,0.22,0.81,0.18,0.56,-0.03,-6.79,15.2
-0.11,0.23,0.78,0.15,0.53,-0.03,-7.49,16.24
-0.12,0.23,0.77,0.12,0.53,-0.03,-8.65,16.49
-0.12,0.23,0.78,0.07,0.55,-0.05,-8.17,16.08
-0.12,0.23,0.79,0.02,0.52,-0.03,-8.42,16.1
-0.14,0.22,0.8,-0.02,0.52,-0.04,-9.76,15.11
-0.15,0.21,0.82,-0.06,0.48,-0.03,-9.93,13.98
-0.13,0.2,0.83,-0.08,0.43,-0.02,-8.62,13.32
-0.11,0.17,0.84,-0.13,0.44,-0.0,-7.25,11.45
-0.1,0.15,0.84,-0.12,0.43,0.01,-6.66,10.29
-0.08,0.14,0.87,-0.12,0.38,0.03,-5.21,9.41
-0.06,0.14,0.88,-0.09,0.36,0.01,-3.61,9.05
-0.04,0.13,0.88,-0.07,0.32,0.01,-2.69,8.35
-0.03,0.12,0.88,-0.02,0.26,0.0,-1.82,7.67
-0.02,0.13,0.88,0.01,0.24,-0.01,-1.22,8.33
-0.02,0.12,0.88,0.05,0.21,-0.02,-1.31,7.93
-0.02,0.13,0.88,0.09,0.19,-0.03,-0.98,8.67
-0.03,0.14,0.87,0.11,0.16,-0.04,-1.65,8.85
-0.05,0.15,0.88,0.13,0.13,-0.05,-3.16,9.75
-0.06,0.16,0.87,0.12,0.12,-0.07,-3.84,10.61
-0.07,0.17,0.86,0.09,0.11,-0.06,-4.82,11.07
-0.08,0.16,0.87,0.05,0.12,-0.07,-5.4,10.41
-0.09,0.16,0.88,0.02,0.11,-0.06,-5.83,10.36
-0.08,0.16,0.89,-0.02,0.1,-0.06,-5.26,10.12
-0.07,0.15,0.89,-0.07,0.09,-0.07,-4.68,9.62
-0.06,0.13,0.9,-0.11,0.11,-0.05,-3.91,8.33
-0.04,0.12,0.91,-0.14,0.11,-0.05,-2.73,7.36
-0.02,0.1,0.92,-0.17,0.13,-0.05,-1.45,6.24
-0.03,0.08,0.92,-0.19,0.17,-0.04,-1.88,4.85
-0.01,0.06,0.93,-0.19,0.16,-0.03,-0.82,3.46
0.0,0.06,0.95,-0.16,0.15,-0.03,0.13,3.45
0.01,0.05,0.95,-0.13,0.15,-0.03,0.59,2.8
0.01,0.04,0.96,-0.1,0.16,-0.03,0.71,2.17
0.01,0.03,0.97,-0.05,0.13,-0.02,0.46,1.78
-0.0,0.04,0.97,-0.0,0.11,-0.01,-0.04,2.57
-0.01,0.05,0.96,0.03,0.08,-0.0,-0.76,2.94
-0.02,0.07,0.94,0.05,0.06,0.0,-1.3,4.17
-0.04,0.08,0.93,0.08,0.05,0.0,-2.35,4.76
-0.05,0.09,0.92,0.09,0.02,0.01,-3.33,5.38
-0.05,0.09,0.93,0.09,0.01,0.03,-2.89,5.5
-0.04,0.09,0.92,0.08,-0.0,0.03,-2.26,5.71
-0.03,0.1,0.91,0.1,-0.04,0.03,-1.97,6.1
-0.04,0.1,0.91,0.12,-0.07,0.02,-2.59,6.45
-0.06,0.14,0.9,0.1,-0.07,0.02,-3.57,8.75
-0.05,0.16,0.88,0.07,-0.11,0.02,-3.11,10.17
-0.05,0.17,0.86,-0.01,-0.08,0.01,-3.07,11.0
-0.04,0.17,0.85,-0.08,-0.06,-0.01,-2.54,11.47
-0.03,0.16,0.86,-0.14,-0.04,-0.03,-1.97,10.29
-0.03,0.13,0.89,-0.23,0.01,-0.04,-1.97,8.1
-0.02,0.1,0.93,-0.29,0.02,-0.03,-1.15,6.29
-0.0,0.08,0.96,-0.31,0.01,-0.02,-0.05,4.71
0.02,0.05,0.96,-0.32,0.02,-0.02,1.21,3.12
0.04,0.02,0.97,-0.33,0.05,-0.01,2.14,1.31
0.06,0.0,0.98,-0.32,0.06,-0.0,3.27,0.06
0.08,-0.01,1.0,-0.28,0.07,0.01,4.28,-0.59
0.11,-0.03,1.01,-0.23,0.05,0.03,5.96,-1.42
0.12,-0.04,1.01,-0.16,0.08,0.03,6.72,-2.52
0.12,-0.04,1.01,-0.06,0.07,0.04,6.82,-2.05
0.09,-0.03,1.0,0.04,0.05,0.04,5.05,-1.44
0.06,0.0,1.0,0.13,0.01,0.04,3.26,0.1
0.03,0.04,0.97,0.17,-0.01,0.04,1.74,2.45
0.01,0.06,0.95,0.2,-0.04,0.05,0.37,3.87
-0.02,0.09,0.93,0.21,-0.07,0.05,-1.08,5.74
-0.03,0.11,0.92,0.18,-0.08,0.07,-1.7,6.8
-0.04,0.12,0.92,0.16,-0.08,0.06,-2.53,7.23
-0.05,0.14,0.91,0.1,-0.06,0.06,-3.24,8.7
-0.03,0.16,0.89,0.06,-0.08,0.06,-1.91,10.08
-0.01,0.16,0.87,-0.01,-0.08,0.05,-0.83,10.27
0.01,0.14,0.86,-0.08,-0.03,0.01,0.52,9.54
0.03,0.13,0.89,-0.16,0.01,-0.02,1.79,8.15
0.04,0.11,0.92,-0.19,0.03,-0.05,2.65,6.88
0.05,0.08,0.94,-0.2,0.02,-0.06,3.05,5.06
0.06,0.07,0.95,-0.21,0.05,-0.07,3.54,3.97
0.08,0.04,0.96,-0.22,0.06,-0.08,4.75,2.48
0.08,0.02,0.97,-0.2,0.05,-0.09,4.57,1.28
0.08,0.01,0.99,-0.07,0.27,-0.33,4.41,0.53
0.06,-0.0,1.0,-0.17,0.07,-0.09,3.66,-0.01
0.06,-0.01,1.02,-0.12,0.06,-0.08,3.5,-0.42
0.07,-0.01,1.01,-0.05,0.12,-0.15,3.75,-0.8
0.05,-0.02,0.99,-0.05,0.03,-0.05,2.87,-1.21
0.04,-0.02,1.01,-0.01,0.06,-0.04,2.02,-0.98
0.01,0.0,1.01,0.02,0.06,-0.02,0.76,0.01
0.0,0.01,1.0,0.05,0.05,0.01,0.26,0.48
-0.0,0.01,0.99,0.08,0.05,0.03,-0.25,0.85
0.0,0.03,0.98,0.09,0.05,0.06,0.09,1.57
-0.01,0.04,0.96,0.09,0.06,0.06,-0.31,2.67
-0.01,0.07,0.94,0.11,0.03,0.07,-0.73,3.99
-0.01,0.09,0.93,0.11,0.02,0.07,-0.65,5.33
-0.01,0.1,0.91,0.08,0.03,0.05,-0.55,6.22
-0.02,0.1,0.91,0.06,0.03,0.04,-1.16,6.37
-0.02,0.11,0.9,0.03,0.03,0.03,-1.4,6.91
-0.03,0.12,0.91,0.01,0.03,0.03,-1.78,7.4
-0.03,0.13,0.91,-0.05,0.05,0.02,-1.77,7.94
-0.01,0.13,0.9,-0.1,0.05,0.02,-0.83,8.15
-0.01,0.12,0.9,-0.15,0.06,-0.0,-0.55,7.89
-0.01,0.11,0.9,-0.15,0.05,-0.01,-0.65,6.68
-0.01,0.09,0.93,-0.19,0.06,-0.04,-0.68,5.71
0.0,0.08,0.95,-0.2,0.04,-0.04,0.28,4.76
0.01,0.06,0.95,-0.23,0.03,-0.04,0.85,3.31
0.03,0.03,0.97,-0.22,0.03,-0.04,1.48,1.82
0.03,0.01,0.98,-0.2,0.05,-0.03,1.91,0.41
0.04,-0.01,1.0,-0.2,0.09,-0.01,2.27,-0.35
0.06,-0.01,1.02,-0.14,0.06,0.02,3.15,-0.57
0.07,-0.01,1.01,-0.11,0.03,0.03,3.95,-0.32
0.07,-0.02,0.99,-0.06,0.02,0.04,4.15,-0.96
0.07,-0.01,0.98,-0.03,0.04,0.02,3.83,-0.58
0.04,-0.0,0.99,-0.02,0.05,0.04,2.57,-0.23
0.04,-0.0,1.0,0.03,0.06,0.06,2.31,-0.23
0.03,-0.01,1.01,0.08,0.08,0.1,1.7,-0.46
0.02,0.03,0.99,0.1,0.1,0.13,1.28,1.84
0.01,0.05,0.96,0.13,0.07,0.15,0.86,2.93
0.01,0.08,0.94,0.16,0.05,0.15,0.67,4.57
0.01,0.09,0.93,0.18,0.03,0.13,0.57,5.59
-0.0,0.12,0.92,0.18,0.02,0.13,-0.3,7.26
-0.01,0.14,0.9,0.16,0.01,0.11,-0.65,8.86
-0.02,0.15,0.88,0.17,-0.02,0.08,-1.22,9.97
-0.03,0.17,0.87,0.13,-0.04,0.06,-2.1,11.35
-0.06,0.18,0.87,0.08,-0.02,0.05,-3.72,11.48
-0.07,0.18,0.88,0.02,-0.02,0.04,-4.27,11.78
-0.07,0.18,0.87,-0.02,-0.01,0.02,-4.71,11.36
-0.07,0.17,0.88,-0.06,-0.01,0.02,-4.64,10.59
-0.06,0.15,0.89,-0.11,-0.01,0.02,-3.88,9.51
-0.05,0.14,0.9,-0.14,-0.02,0.03,-2.99,8.82
-0.03,0.12,0.9,-0.13,-0.05,0.03,-1.87,7.7
-0.02,0.1,0.9,-0.12,-0.05,0.02,-1.43,6.64
-0.02,0.1,0.9,-0.11,-0.07,0.02,-1.25,6.57
-0.02,0.11,0.91,-0.09,-0.1,0.03,-1.21,6.66
-0.02,0.11,0.91,-0.05,-0.13,0.02,-1.47,6.79
-0.03,0.12,0.89,-0.04,-0.15,0.02,-1.98,7.53
-0.03,0.11,0.88,-0.05,-0.16,0.01,-2.16,7.18
-0.03,0.11,0.88,-0.03,-0.18,0.01,-2.08,7.28
-0.04,0.11,0.88,-0.02,-0.2,0.01,-2.44,7.37
-0.04,0.11,0.88,-0.0,-0.22,0.0,-2.47,7.27
-0.04,0.12,0.88,0.0,-0.24,0.01,-2.39,7.59
-0.04,0.11,0.87,0.01,-0.27,0.02,-2.51,7.46
-0.04,0.11,0.86,0.0,-0.29,-0.0,-2.7,7.51
-0.05,0.11,0.86,0.02,-0.32,-0.01,-3.18,7.34
-0.05,0.11,0.87,0.03,-0.33,-0.01,-3.24,7.08
-0.06,0.11,0.86,0.01,-0.33,-0.0,-3.9,7.08
-0.08,0.11,0.86,0.02,-0.36,0.01,-5.21,7.29
-0.08,0.11,0.85,0.0,-0.39,0.02,-5.48,6.99
-0.09,0.1,0.85,-0.0,-0.38,0.02,-5.73,7.0
-0.1,0.1,0.85,-0.0,-0.39,0.04,-6.41,6.89
-0.1,0.1,0.84,0.0,-0.41,0.05,-6.58,6.4
-0.11,0.09,0.85,0.02,-0.42,0.07,-7.22,5.8
-0.12,0.08,0.85,0.05,-0.46,0.09,-7.84,5.59
-0.12,0.07,0.84,0.08,-0.47,0.12,-7.81,4.77
-0.12,0.07,0.84,0.12,-0.51,0.14,-7.98,4.87
-0.11,0.06,0.84,0.19,-0.58,0.18,-7.56,4.07
-0.1,0.06,0.83,0.27,-0.62,0.19,-6.64,3.86
-0.08,0.05,0.83,0.35,-0.7,0.21,-5.72,3.64
-0.07,0.07,0.81,0.45,-0.77,0.21,-5.11,4.92
-0.09,0.09,0.8,0.56,-0.87,0.19,-6.21,6.64
-0.12,0.12,0.77,0.61,-0.93,0.19,-8.42,9.0
-0.15,0.16,0.75,0.68,-1.02,0.18,-11.05,12.05
-0.19,0.18,0.73,0.69,-1.06,0.18,-14.23,13.27
-0.22,0.22,0.73,0.67,-1.14,0.2,-16.18,16.11
-0.25,0.25,0.72,0.64,-1.16,0.2,-17.89,18.17
-0.26,0.28,0.71,0.59,-1.21,0.23,-18.55,20.26
-0.23,0.3,0.7,0.52,-1.24,0.25,-16.85,22.07
-0.23,0.3,0.68,0.46,-1.3,0.26,-17.23,22.64
-0.21,0.32,0.68,0.38,-1.34,0.26,-15.83,24.19
-0.2,0.33,0.68,0.3,-1.36,0.26,-14.93,25.01
-0.19,0.35,0.67,0.22,-1.42,0.25,-14.26,26.94
-0.16,0.36,0.64,0.11,-1.44,0.24,-12.17,28.27
-0.12,0.35,0.64,0.05,-1.49,0.22,-9.44,27.88
-0.08,0.32,0.65,-0.04,-1.51,0.18,-6.08,26.22
-0.05,0.31,0.68,-0.09,-1.55,0.15,-3.86,24.46
-0.02,0.3,0.69,-0.12,-1.6,0.12,-1.58,23.44
0.01,0.3,0.7,-0.14,-1.62,0.08,0.61,23.05
0.03,0.29,0.7,-0.19,-1.63,0.04,2.39,22.31
0.04,0.27,0.7,-0.2,-1.66,0.0,2.94,21.31
0.03,0.26,0.71,-0.23,-1.68,-0.04,2.27,20.34
0.01,0.25,0.73,-0.24,-1.67,-0.06,0.46,18.64
-0.01,0.24,0.76,-0.27,-1.7,-0.07,-0.84,17.38
-0.02,0.22,0.77,-0.31,-1.71,-0.06,-1.35,16.11
-0.01,0.21,0.77,-0.33,-1.75,-0.05,-0.66,15.12
-0.0,0.18,0.76,-0.35,-1.77,-0.05,-0.11,13.3
0.02,0.15,0.77,-0.38,-1.77,-0.05,1.11,11.28
0.04,0.13,0.79,-0.37,-1.79,-0.03,3.13,9.11
0.07,0.1,0.81,-0.34,-1.8,-0.02,5.08,7.05
0.11,0.09,0.81,-0.31,-1.79,-0.02,7.52,6.45
0.13,0.09,0.81,-0.27,-1.75,-0.03,9.35,6.33
0.15,0.1,0.8,-0.24,-1.77,-0.04,10.72,7.23
0.16,0.12,0.78,-0.22,-1.78,-0.08,11.36,8.39
0.16,0.12,0.77,-0.2,-1.78,-0.12,11.79,8.67
0.15,0.13,0.76,-0.2,-1.76,-0.17,10.63,9.13
0.14,0.14,0.77,-0.21,-1.77,-0.2,9.89,9.96
0.12,0.15,0.75,-0.25,-1.78,-0.21,8.92,11.14
0.11,0.14,0.75,-0.29,-1.76,-0.25,8.23,10.49
0.1,0.12,0.75,-0.35,-1.72,-0.26,7.24,8.99
0.07,0.1,0.78,-0.37,-1.71,-0.26,5.18,7.24
0.05,0.09,0.82,-0.37,-1.74,-0.26,3.29,6.03
0.02,0.08,0.85,-0.39,-1.8,-0.24,1.27,5.51
0.02,0.06,0.85,-0.39,-1.86,-0.2,1.18,4.16
0.03,0.05,0.85,-0.38,-1.91,-0.17,1.76,3.3
0.04,0.04,0.85,-0.38,-2.04,-0.17,2.79,2.85
0.06,0.03,0.86,-0.37,-2.02,-0.12,4.16,1.93
0.07,0.01,0.87,-0.35,-2.02,-0.11,4.51,0.6
0.07,0.01,0.87,-0.35,-2.03,-0.08,4.9,0.51
0.07,0.01,0.87,-0.33,-2.04,-0.06,4.72,0.96
0.07,0.02,0.87,-0.31,-2.06,-0.01,4.93,1.17
0.09,0.02,0.85,-0.32,-2.03,0.01,6.13,1.54
0.09,0.02,0.85,-0.31,-2.06,0.04,6.34,1.04
0.12,0.02,0.86,-0.33,-2.05,0.05,7.93,1.07
0.13,0.01,0.86,-0.33,-2.1,0.06,8.76,0.47
0.15,-0.0,0.87,-0.34,-2.08,0.06,10.0,-0.15
0.17,-0.03,0.87,-0.35,-2.08,0.06,10.92,-1.91
0.16,-0.05,0.89,-0.33,-2.07,0.06,10.16,-2.85
0.16,-0.05,0.92,-0.3,-2.06,0.09,9.75,-2.88
0.17,-0.06,0.93,-0.29,-2.04,0.09,10.47,-3.65
0.19,-0.07,0.93,-0.24,-2.05,0.11,11.27,-4.12
0.2,-0.06,0.93,-0.17,-2.07,0.1,11.9,-3.36
0.18,-0.04,0.91,-0.13,-2.08,0.08,11.39,-2.23
0.16,-0.01,0.89,-0.1,-2.09,0.07,10.13,-0.59
0.14,0.02,0.86,-0.1,-2.09,0.08,9.04,1.04
0.1,0.05,0.83,-0.11,-2.11,0.1,6.74,3.4
0.08,0.08,0.81,-0.16,-2.14,0.13,5.97,5.93
0.09,0.1,0.77,-0.23,-2.13,0.15,6.64,7.28
0.12,0.11,0.75,-0.34,-2.14,0.17,8.87,7.97
0.14,0.09,0.77,-0.43,-2.18,0.19,10.24,6.23
0.17,0.05,0.8,-0.51,-2.2,0.2,11.74,3.62
0.2,0.02,0.82,-0.57,-2.17,0.18,13.71,1.32
0.24,-0.0,0.85,-0.61,-2.18,0.17,15.49,-0.3
0.25,-0.02,0.89,-0.63,-2.16,0.13,15.83,-1.42
0.23,-0.04,0.92,-0.64,-2.17,0.12,14.11,-2.25
0.21,-0.05,0.93,-0.66,-2.17,0.09,12.79,-2.84
0.19,-0.06,0.94,-0.69,-2.18,0.08,11.18,-3.68
0.17,-0.09,0.96,-0.7,-2.19,0.09,9.76,-5.16
0.14,-0.11,1.0,-0.71,-2.2,0.11,8.22,-6.38
0.14,-0.13,1.05,-0.7,-2.17,0.14,7.42,-7.13
0.14,-0.14,1.07,-0.65,-2.13,0.17,7.35,-7.57
0.14,-0.15,1.06,-0.59,-2.12,0.21,7.53,-7.82
0.14,-0.13,1.05,-0.55,-2.11,0.23,7.4,-7.14
0.13,-0.11,1.02,-0.48,-1.97,0.11,7.1,-6.28
0.11,-0.1,1.01,-0.52,-2.03,0.28,6.22,-5.47
0.1,-0.08,1.0,-0.55,-2.07,0.34,5.86,-4.55
0.1,-0.07,0.98,-0.52,-1.99,0.36,5.75,-4.26
0.1,-0.06,0.97,-0.53,-1.96,0.38,5.83,-3.33
0.14,-0.05,0.97,-0.55,-1.96,0.41,7.93,-2.87
0.2,-0.06,0.99,-0.57,-2.0,0.41,11.52,-3.2
0.26,-0.09,1.02,-0.55,-2.01,0.38,14.27,-4.69
0.29,-0.1,1.05,-0.54,-2.01,0.3,15.46,-5.37
0.3,-0.11,1.08,-0.51,-1.99,0.23,15.62,-5.6
0.29,-0.11,1.09,-0.46,-1.96,0.15,14.62,-5.38
0.25,-0.1,1.08,-0.4,-1.96,0.09,12.75,-4.96
0.19,-0.09,1.07,-0.36,-1.97,0.05,10.08,-4.5
0.15,-0.06,1.04,-0.36,-1.97,0.04,7.99,-3.48
0.11,-0.06,1.04,-0.33,-1.99,0.05,6.18,-3.08
0.08,-0.02,1.01,-0.33,-1.99,0.07,4.42,-1.33
0.08,-0.01,0.98,-0.34,-1.98,0.1,4.63,-0.58
0.08,-0.0,0.96,-0.36,-1.99,0.12,4.97,-0.2
0.1,0.0,0.97,-0.4,-1.97,0.14,5.68,0.29
0.1,0.0,0.96,-0.46,-1.95,0.18,5.93,0.16
0.1,0.02,0.94,-0.51,-1.92,0.2,5.81,1.27
0.09,0.02,0.91,-0.6,-1.87,0.23,5.58,1.54
0.09,0.02,0.93,-0.67,-1.85,0.26,5.28,1.16
0.07,0.01,0.94,-0.74,-1.83,0.3,4.01,0.7
0.06,-0.01,0.98,-0.8,-1.81,0.34,3.49,-0.41
0.08,-0.03,1.03,-0.84,-1.8,0.38,4.62,-1.92
0.12,-0.07,1.1,-0.8,-1.8,0.4,6.08,-3.84
0.16,-0.11,1.19,-0.74,-1.82,0.37,7.45,-5.26
0.17,-0.13,1.26,-0.6,-1.85,0.32,7.61,-6.04
0.17,-0.13,1.28,-0.46,-1.93,0.26,7.5,-5.79
0.19,-0.13,1.29,-0.34,-1.98,0.18,8.18,-5.57
0.19,-0.1,1.26,-0.19,-2.03,0.12,8.46,-4.65
0.19,-0.07,1.2,-0.1,-2.05,0.06,9.05,-3.31
0.18,-0.04,1.14,-0.08,-2.03,0.01,8.91,-1.83
0.16,-0.0,1.07,-0.08,-2.0,-0.01,8.44,-0.16
0.13,0.02,1.02,-0.13,-1.99,-0.03,7.24,1.24
0.11,0.04,0.99,-0.21,-1.97,-0.02,6.48,2.18
0.11,0.04,0.99,-0.31,-1.92,0.01,6.3,2.36
0.1,0.03,0.99,-0.38,-1.88,0.04,5.86,1.91
0.11,0.03,1.0,-0.45,-1.85,0.07,6.49,1.55
0.11,0.02,1.01,-0.52,-1.79,0.09,6.28,1.16
0.11,0.0,1.03,-0.6,-1.75,0.09,5.85,0.19
0.09,-0.01,1.05,-0.65,-1.72,0.11,5.01,-0.64
0.06,-0.02,1.07,-0.67,-1.71,0.13,3.43,-1.0
0.04,-0.02,1.09,-0.7,-1.72,0.15,1.86,-1.09
0.03,-0.02,1.11,-0.71,-1.69,0.17,1.4,-1.26
0.04,-0.03,1.16,-0.7,-1.69,0.2,1.95,-1.66
0.07,-0.06,1.24,-0.67,-1.7,0.21,3.46,-2.73
0.13,-0.09,1.32,-0.59,-1.72,0.16,5.49,-3.95
0.15,-0.1,1.37,-0.51,-1.73,0.11,6.12,-4.25
0.13,-0.1,1.4,-0.39,-1.73,0.01,5.28,-4.25
0.1,-0.09,1.37,-0.26,-1.72,-0.07,4.04,-3.73
0.07,-0.06,1.32,-0.15,-1.74,-0.11,2.88,-2.52
0.04,-0.04,1.26,-0.05,-1.74,-0.14,1.99,-1.63
0.03,-0.01,1.2,-0.01,-1.76,-0.15,1.56,-0.56
0.04,0.0,1.14,-0.0,-1.77,-0.14,1.91,0.07
0.04,0.01,1.09,-0.02,-1.77,-0.14,2.16,0.61
0.05,0.03,1.05,-0.09,-1.73,-0.12,2.65,1.77
0.07,0.05,1.01,-0.2,-1.67,-0.08,4.03,2.58
0.09,0.05,0.98,-0.31,-1.63,-0.06,5.27,2.79
0.11,0.04,0.97,-0.45,-1.56,-0.05,6.31,2.56
0.1,0.04,0.99,-0.59,-1.53,-0.03,5.82,2.14
0.07,0.03,1.0,-0.73,-1.46,-0.02,4.27,1.6
0.04,0.01,1.03,-0.82,-1.42,0.01,2.38,0.47
-0.01,-0.01,1.07,-0.91,-1.41,0.04,-0.27,-0.74
-0.06,-0.04,1.14,-0.93,-1.38,0.06,-2.83,-2.11
-0.1,-0.07,1.22,-0.91,-1.37,0.09,-4.66,-3.26
-0.12,-0.08,1.31,-0.85,-1.4,0.1,-5.29,-3.5
-0.14,-0.11,1.39,-0.71,-1.43,0.09,-5.9,-4.33
-0.15,-0.11,1.43,-0.54,-1.43,0.07,-5.79,-4.55
-0.14,-0.1,1.46,-0.33,-1.45,0.06,-5.53,-3.87
-0.12,-0.08,1.41,-0.16,-1.44,0.03,-4.9,-3.18
-0.1,-0.06,1.36,-0.01,-1.46,0.02,-4.34,-2.43
-0.07,-0.03,1.29,0.08,-1.45,0.01,-3.15,-1.14
-0.05,-0.0,1.22,0.17,-1.44,-0.0,-2.44,-0.09
-0.03,0.02,1.17,0.22,-1.42,0.01,-1.7,0.92
-0.01,0.04,1.11,0.22,-1.43,0.03,-0.42,2.28
0.01,0.05,1.07,0.21,-1.4,0.03,0.42,2.59
0.02,0.05,1.04,0.19,-1.4,0.05,0.98,2.76
0.03,0.06,1.03,0.16,-1.44,0.06,1.68,3.47
0.04,0.07,1.03,0.11,-1.43,0.07,2.39,3.62
0.07,0.06,1.02,0.07,-1.44,0.09,3.8,3.27
0.1,0.06,1.01,0.0,-1.4,0.07,5.53,3.26
0.12,0.05,1.0,-0.07,-1.4,0.08,6.99,2.95
0.12,0.05,0.99,-0.16,-1.39,0.07,6.91,2.59
0.1,0.04,1.01,-0.23,-1.37,0.04,5.87,2.22
0.07,0.03,1.04,-0.31,-1.36,0.03,4.02,1.91
0.03,0.02,1.09,-0.35,-1.36,0.02,1.42,0.95
-0.01,0.01,1.14,-0.36,-1.38,0.01,-0.69,0.74
-0.04,-0.0,1.2,-0.34,-1.4,0.0,-1.78,-0.11
-0.07,-0.02,1.24,-0.28,-1.41,-0.02,-3.14,-0.84
-0.09,-0.03,1.26,-0.23,-1.39,-0.03,-4.01,-1.31
-0.11,-0.03,1.27,-0.14,-1.4,-0.06,-5.01,-1.23
-0.14,-0.03,1.27,-0.05,-1.42,-0.08,-6.36,-1.28
-0.17,-0.03,1.26,0.05,-1.4,-0.07,-7.48,-1.18
-0.16,-0.02,1.24,0.14,-1.41,-0.07,-7.46,-1.05
-0.15,-0.03,1.22,0.21,-1.42,-0.06,-6.95,-1.39
-0.13,-0.03,1.19,0.28,-1.41,-0.05,-6.03,-1.25
-0.1,-0.02,1.16,0.31,-1.36,-0.06,-4.95,-1.07
-0.08,-0.02,1.13,0.33,-1.38,-0.05,-3.9,-0.97
-0.05,-0.02,1.12,0.33,-1.33,-0.05,-2.67,-1.11
-0.03,-0.02,1.12,0.33,-1.31,-0.05,-1.54,-0.87
-0.01,-0.02,1.1,0.29,-1.24,-0.06,-0.28,-1.14
0.01,-0.02,1.1,0.23,-1.19,-0.06,0.64,-0.89
0.01,-0.02,1.09,0.19,-1.17,-0.08,0.32,-0.83
-0.01,-0.01,1.08,0.15,-1.13,-0.09,-0.61,-0.74
-0.03,-0.01,1.07,0.1,-1.11,-0.1,-1.36,-0.54
-0.04,-0.01,1.08,0.07,-1.13,-0.09,-2.29,-0.61
-0.07,-0.02,1.11,0.06,-1.16,-0.08,-3.6,-0.81
-0.08,-0.02,1.12,0.06,-1.18,-0.09,-4.14,-0.81
-0.1,-0.01,1.14,0.05,-1.18,-0.09,-5.11,-0.58
-0.13,-0.01,1.15,0.05,-1.18,-0.08,-6.26,-0.25
-0.15,0.0,1.16,0.08,-1.2,-0.06,-7.51,0.09
-0.15,-0.0,1.18,0.12,-1.18,-0.03,-7.37,-0.01
-0.13,0.01,1.19,0.14,-1.15,-0.05,-6.21,0.67
-0.12,0.01,1.2,0.12,-1.13,-0.06,-5.9,0.39
-0.1,0.02,1.19,0.12,-1.16,-0.06,-4.73,0.75
-0.09,0.01,1.2,0.14,-1.1,-0.06,-4.14,0.66
-0.07,0.02,1.17,0.11,-1.06,-0.08,-3.33,0.94
-0.07,0.02,1.15,0.08,-1.04,-0.1,-3.44,1.19
-0.09,0.02,1.14,0.04,-0.99,-0.11,-4.49,1.22
-0.12,0.04,1.12,0.01,-0.98,-0.11,-6.25,1.9
-0.15,0.05,1.12,-0.02,-0.93,-0.1,-7.83,2.51
-0.18,0.05,1.14,-0.04,-0.92,-0.08,-9.12,2.63
-0.2,0.05,1.14,-0.05,-0.92,-0.05,-9.97,2.45
-0.21,0.04,1.17,-0.04,-0.91,-0.03,-10.26,1.85
-0.23,0.04,1.2,0.01,-0.88,-0.02,-10.79,1.92
-0.24,0.05,1.21,0.02,-0.86,-0.01,-11.16,2.31
-0.25,0.05,1.21,0.08,-0.84,0.0,-11.56,2.39
-0.25,0.06,1.22,0.11,-0.82,0.02,-11.63,2.92
-0.24,0.07,1.23,0.14,-0.78,0.05,-10.94,3.3
-0.22,0.07,1.22,0.17,-0.75,0.05,-10.21,3.44
-0.2,0.07,1.22,0.19,-0.74,0.05,-9.23,3.4
-0.18,0.08,1.22,0.2,-0.73,0.06,-8.53,3.94
-0.16,0.09,1.22,0.21,-0.68,0.04,-7.56,4.19
-0.15,0.09,1.22,0.19,-0.62,0.03,-7.06,4.38
-0.14,0.1,1.2,0.18,-0.6,0.02,-6.62,4.56
-0.13,0.11,1.17,0.15,-0.57,0.03,-6.06,5.12
-0.12,0.11,1.16,0.12,-0.52,0.01,-5.87,5.19
-0.13,0.11,1.15,0.08,-0.52,0.0,-6.41,5.37
-0.14,0.1,1.16,0.06,-0.49,-0.0,-6.77,5.07
-0.16,0.1,1.18,0.04,-0.49,-0.0,-7.58,4.82
-0.17,0.09,1.19,0.06,-0.46,-0.02,-8.27,4.47
-0.19,0.09,1.2,0.07,-0.44,-0.02,-8.74,4.21
-0.2,0.08,1.21,0.09,-0.43,-0.02,-9.39,3.84
-0.21,0.08,1.21,0.12,-0.44,-0.03,-10.03,3.63
-0.22,0.08,1.2,0.17,-0.41,-0.04,-10.28,3.64
-0.21,0.08,1.2,0.2,-0.4,-0.04,-10.15,3.54
-0.22,0.07,1.17,0.25,-0.38,-0.04,-10.53,3.57
-0.21,0.07,1.15,0.29,-0.38,-0.02,-10.33,3.59
-0.2,0.07,1.13,0.32,-0.37,-0.01,-9.95,3.54
-0.19,0.06,1.11,0.35,-0.36,-0.0,-9.46,3.17
-0.17,0.06,1.08,0.39,-0.36,0.02,-8.74,3.07
-0.16,0.06,1.06,0.4,-0.36,0.03,-8.35,2.97
-0.15,0.05,1.06,0.43,-0.37,0.07,-8.08,2.8
-0.12,0.04,1.07,0.42,-0.37,0.09,-6.53,2.12
-0.1,0.05,1.1,0.43,-0.35,0.12,-5.09,2.38
-0.08,0.04,1.11,0.44,-0.32,0.11,-4.02,1.81
-0.05,0.04,1.11,0.44,-0.3,0.1,-2.37,1.92
-0.02,0.03,1.1,0.41,-0.25,0.08,-1.23,1.71
-0.01,0.03,1.08,0.42,-0.25,0.07,-0.72,1.45
-0.01,0.03,1.06,0.39,-0.25,0.05,-0.53,1.68
-0.02,0.02,1.05,0.37,-0.25,0.03,-0.83,1.27
-0.02,0.02,1.03,0.35,-0.25,0.02,-1.31,0.99
-0.03,0.0,1.03,0.33,-0.27,0.03,-1.76,0.25
-0.04,0.0,1.03,0.33,-0.29,0.03,-2.43,0.03
-0.05,-0.0,1.04,0.33,-0.3,0.04,-2.53,-0.06
-0.06,-0.01,1.05,0.32,-0.28,0.05,-3.44,-0.47
-0.06,0.01,1.06,0.31,-0.27,0.06,-3.19,0.47
-0.05,0.02,1.07,0.31,-0.26,0.08,-2.61,0.88
-0.03,0.04,1.08,0.28,-0.21,0.09,-1.49,2.13
-0.0,0.04,1.11,0.27,-0.16,0.09,-0.11,1.81
0.04,0.05,1.14,0.24,-0.11,0.08,1.79,2.28
0.07,0.04,1.14,0.22,-0.08,0.05,3.38,2.06
0.09,0.04,1.12,0.17,-0.03,0.01,4.48,2.13
0.09,0.05,1.08,0.12,0.06,-0.03,4.69,2.71
0.11,0.05,1.06,0.06,0.05,-0.05,6.02,2.61
0.11,0.04,1.04,-0.01,0.05,-0.08,6.15,2.24
0.1,0.04,1.03,-0.07,0.06,-0.1,5.62,2.11
0.08,0.03,1.02,-0.13,0.07,-0.12,4.74,1.72
0.07,0.02,1.02,-0.16,0.05,-0.13,3.64,1.07
0.04,0.01,1.03,-0.18,0.05,-0.14,2.23,0.52
0.01,-0.0,1.03,-0.17,0.03,-0.15,0.5,-0.2
-0.03,-0.01,1.04,-0.15,0.04,-0.16,-1.72,-0.32
-0.05,-0.0,1.02,-0.14,0.02,-0.16,-2.86,-0.1
-0.06,-0.01,1.01,-0.12,0.0,-0.15,-3.49,-0.46
-0.06,0.0,1.02,-0.08,-0.02,-0.12,-3.14,0.09
-0.04,0.01,1.01,-0.06,-0.02,-0.1,-2.26,0.37
-0.01,0.01,1.0,-0.05,-0.01,-0.06,-0.66,0.58
0.02,0.01,0.99,-0.05,0.01,-0.05,1.05,0.73
0.02,0.02,0.99,-0.05,0.0,-0.04,1.42,1.09
0.03,0.02,0.98,-0.04,-0.01,-0.02,1.74,1.13
0.03,0.02,0.99,-0.06,-0.03,-0.02,1.73,1.35
0.04,0.02,1.0,-0.05,-0.08,-0.01,2.14,1.21
0.04,0.03,1.04,-0.05,-0.13,-0.02,2.29,1.45
0.05,0.02,1.07,-0.06,-0.13,-0.04,2.73,1.14
0.05,0.02,1.07,-0.06,-0.12,-0.07,2.86,0.87
0.05,0.02,1.07,-0.08,-0.12,-0.09,2.56,1.28
0.03,0.02,1.06,-0.08,-0.13,-0.11,1.38,1.33
-0.01,0.03,1.05,-0.11,-0.12,-0.12,-0.49,1.58
-0.05,0.04,1.04,-0.11,-0.1,-0.12,-2.66,2.02
-0.08,0.04,1.04,-0.11,-0.09,-0.1,-4.47,2.26
-0.1,0.04,1.05,-0.09,-0.09,-0.06,-5.35,2.16
-0.1,0.04,1.06,-0.06,-0.07,-0.03,-5.54,2.06
-0.09,0.03,1.07,-0.05,-0.04,-0.01,-4.96,1.59
-0.08,0.04,1.07,-0.03,-0.04,0.01,-4.12,1.98
-0.06,0.04,1.06,-0.01,-0.04,0.04,-3.26,2.23
-0.04,0.05,1.05,0.01,-0.02,0.04,-2.08,2.73
-0.02,0.05,1.05,-0.01,-0.01,0.04,-0.84,2.59
-0.02,0.05,1.05,-0.01,-0.02,0.04,-0.86,2.7
-0.02,0.05,1.06,-0.0,-0.05,0.05,-0.94,2.88
-0.01,0.05,1.06,0.01,-0.07,0.03,-0.77,2.69
-0.02,0.05,1.06,0.0,-0.06,0.01,-1.08,2.88
-0.03,0.06,1.06,0.02,-0.1,0.01,-1.7,3.39
-0.03,0.05,1.06,0.01,-0.11,0.01,-1.58,2.91
-0.02,0.05,1.07,0.01,-0.09,-0.0,-0.85,2.93
-0.03,0.06,1.07,0.01,-0.07,-0.01,-1.72,3.07
-0.05,0.05,1.06,0.0,-0.05,0.0,-2.43,2.88
-0.05,0.07,1.06,0.07,0.08,-0.12,-2.62,3.52
-0.04,0.07,1.06,0.01,-0.04,0.03,-2.01,3.98
-0.01,0.07,1.07,0.01,-0.05,0.05,-0.34,3.49
0.02,0.06,1.07,0.01,-0.04,0.05,1.23,3.14
0.04,0.05,1.07,0.01,-0.06,0.04,1.98,2.93
0.03,0.05,1.07,-0.01,-0.06,0.0,1.69,2.94
0.02,0.06,1.07,-0.05,-0.06,-0.02,0.95,3.35
0.01,0.07,1.06,-0.06,-0.07,-0.02,0.41,3.53
0.0,0.06,1.06,-0.06,-0.07,-0.03,0.07,3.47
-0.01,0.06,1.07,-0.09,-0.08,-0.02,-0.7,3.18
-0.02,0.06,1.07,-0.12,-0.05,-0.03,-1.25,3.01
-0.04,0.06,1.1,-0.11,-0.05,-0.03,-2.01,2.87
-0.06,0.04,1.11,-0.11,-0.02,-0.04,-2.88,2.09
-0.06,0.04,1.11,-0.1,-0.04,-0.05,-3.02,2.19
-0.06,0.04,1.1,-0.1,-0.01,-0.05,-3.03,1.83
-0.07,0.03,1.1,-0.1,0.01,-0.05,-3.62,1.72
-0.08,0.03,1.08,-0.06,0.01,-0.07,-4.4,1.43
-0.1,0.03,1.08,-0.03,0.0,-0.04,-5.45,1.63
-0.11,0.04,1.06,-0.0,0.03,-0.03,-5.82,2.02
-0.1,0.04,1.06,0.02,0.02,-0.0,-5.59,1.88
-0.08,0.04,1.06,0.05,0.02,0.01,-4.53,2.08
-0.06,0.03,1.06,0.05,0.03,0.02,-3.48,1.77
-0.05,0.04,1.06,0.06,0.01,0.03,-2.66,2.18
-0.04,0.05,1.06,0.07,0.02,0.04,-2.06,2.46
-0.03,0.05,1.05,0.09,0.01,0.04,-1.48,2.46
-0.02,0.05,1.05,0.1,-0.0,0.05,-1.0,2.77
-0.0,0.05,1.04,0.08,0.01,0.04,-0.0,2.91
-0.0,0.06,1.05,0.07,0.0,0.04,-0.13,3.43
0.01,0.07,1.06,0.06,-0.01,0.04,0.71,3.83
0.02,0.06,1.07,0.05,-0.02,0.03,1.13,3.46
0.04,0.06,1.09,0.03,0.01,0.0,1.99,3.1
0.04,0.06,1.09,0.01,0.01,-0.01,1.99,3.02
0.04,0.06,1.08,-0.01,0.02,-0.02,1.96,3.07
0.04,0.07,1.05,-0.04,0.01,-0.03,2.43,3.54
0.03,0.06,1.05,-0.06,0.03,-0.05,1.89,3.52
0.04,0.06,1.05,-0.08,0.03,-0.05,1.98,3.17
0.02,0.05,1.05,-0.11,0.02,-0.06,1.17,2.9
0.01,0.05,1.05,-0.11,0.02,-0.07,0.61,2.49
-0.01,0.04,1.04,-0.12,0.03,-0.08,-0.78,2.22
-0.04,0.04,1.04,-0.12,0.04,-0.07,-1.93,2.06
-0.05,0.03,1.04,-0.1,0.02,-0.05,-2.6,1.54
-0.05,0.02,1.05,-0.09,0.03,-0.04,-2.62,1.18
-0.06,0.02,1.05,-0.07,0.02,-0.04,-3.42,1.31
-0.06,0.02,1.04,-0.07,0.04,-0.02,-3.38,0.94
-0.06,0.01,1.04,-0.04,0.02,-0.02,-3.19,0.45
-0.07,0.01,1.04,-0.02,-0.0,0.0,-3.87,0.81
-0.07,0.02,1.04,0.03,0.0,0.0,-3.66,1.3
-0.04,0.03,1.05,0.02,-0.0,0.02,-2.3,1.36
-0.02,0.03,1.06,0.04,-0.02,0.03,-0.95,1.64
-0.01,0.03,1.07,0.03,-0.04,0.03,-0.5,1.53
0.0,0.03,1.08,0.03,-0.01,0.01,0.15,1.51
0.01,0.03,1.07,0.02,-0.0,0.01,0.74,1.8
0.02,0.03,1.06,-0.0,0.03,-0.0,1.24,1.72
0.02,0.03,1.06,0.0,0.03,-0.02,1.1,1.9
0.01,0.04,1.05,-0.03,0.04,-0.02,0.46,2.35
0.0,0.04,1.05,-0.05,0.05,-0.02,0.06,2.3
0.0,0.04,1.04,-0.05,0.03,-0.01,0.05,2.03
-0.01,0.04,1.03,-0.04,0.03,-0.0,-0.46,2.0
-0.0,0.04,1.03,-0.06,0.04,-0.01,-0.05,1.98
-0.0,0.04,1.03,-0.06,0.03,0.0,-0.14,2.05
-0.0,0.03,1.04,-0.06,0.03,0.02,-0.16,1.64
-0.0,0.03,1.06,-0.05,0.02,0.01,-0.18,1.51
-0.0,0.03,1.06,-0.06,0.02,0.0,-0.07,1.43
-0.01,0.03,1.06,-0.06,0.02,-0.01,-0.57,1.62
-0.01,0.04,1.06,-0.05,0.02,-0.0,-0.68,2.05
-0.02,0.04,1.07,-0.05,0.0,0.01,-1.03,2.08
-0.02,0.03,1.07,-0.05,0.02,-0.01,-1.06,1.69
-0.02,0.03,1.07,-0.04,0.02,-0.01,-0.97,1.48
-0.02,0.03,1.06,-0.03,0.02,-0.01,-0.83,1.49
-0.0,0.03,1.04,-0.02,0.0,-0.0,-0.17,1.89
-0.0,0.03,1.03,-0.01,-0.0,-0.0,-0.0,1.94
0.01,0.04,1.03,-0.02,-0.01,-0.0,0.36,2.28
0.0,0.04,1.03,-0.03,-0.02,0.01,0.23,2.33
0.0,0.05,1.04,-0.03,-0.03,0.01,0.01,2.62
0.0,0.05,1.05,-0.04,-0.04,0.01,0.05,2.49
-0.0,0.04,1.07,-0.05,-0.03,0.01,-0.11,2.15
-0.01,0.04,1.07,-0.05,-0.03,0.01,-0.43,2.11
-0.01,0.04,1.07,-0.03,-0.04,0.0,-0.71,2.07
-0.01,0.04,1.06,-0.02,-0.03,-0.01,-0.78,1.97
-0.02,0.04,1.06,-0.02,-0.02,-0.01,-1.23,2.05
-0.02,0.04,1.05,-0.02,-0.01,-0.01,-1.29,2.19
-0.03,0.05,1.06,-0.01,-0.02,-0.0,-1.62,2.59
-0.03,0.05,1.05,-0.01,-0.02,-0.0,-1.4,2.62
-0.02,0.05,1.06,-0.02,-0.02,-0.01,-1.26,2.51
-0.02,0.05,1.06,-0.02,-0.02,-0.0,-0.87,2.48
-0.0,0.05,1.06,-0.01,-0.02,-0.01,-0.24,2.45
0.0,0.04,1.06,-0.02,-0.03,-0.01,0.02,2.3
-0.01,0.04,1.06,-0.03,-0.01,-0.02,-0.35,2.17
-0.02,0.05,1.05,-0.06,-0.0,-0.03,-0.89,2.56
-0.02,0.05,1.04,-0.07,-0.0,-0.05,-1.13,2.49
-0.03,0.04,1.03,-0.06,-0.02,-0.01,-1.63,2.05
-0.05,0.03,1.04,-0.09,0.0,-0.02,-2.57,1.78
-0.06,0.03,1.04,-0.07,-0.01,-0.01,-3.22,1.54
-0.07,0.02,1.05,-0.06,-0.01,0.0,-4.08,1.17
-0.07,0.03,1.05,-0.05,-0.03,0.02,-3.93,1.57
-0.06,0.02,1.06,-0.05,-0.0,0.01,-3.17,1.15
-0.07,0.02,1.06,-0.05,0.01,0.02,-3.6,1.09
-0.07,0.02,1.06,-0.03,0.02,0.02,-3.88,0.84
-0.09,0.02,1.07,-0.01,-0.0,0.03,-4.69,1.23
-0.09,0.03,1.07,0.0,0.0,0.03,-5.0,1.38
-0.09,0.03,1.08,0.0,0.01,0.04,-4.79,1.36
-0.09,0.03,1.09,0.03,0.01,0.03,-4.61,1.41
-0.09,0.02,1.08,0.05,0.01,0.03,-4.63,1.22
-0.08,0.03,1.07,0.05,0.01,0.02,-4.51,1.46
-0.09,0.03,1.06,0.03,0.02,0.03,-5.08,1.58
-0.1,0.03,1.05,0.04,0.01,0.03,-5.47,1.86
-0.1,0.03,1.05,0.05,-0.02,0.04,-5.64,1.57
-0.1,0.01,1.07,0.03,-0.01,0.05,-5.37,0.6
-0.11,0.0,1.08,0.0,-0.0,0.05,-6.02,0.07
-0.12,-0.01,1.09,-0.01,-0.0,0.06,-6.28,-0.37
-0.13,-0.01,1.1,-0.01,-0.01,0.05,-7.0,-0.62
-0.15,-0.01,1.1,-0.03,0.01,0.06,-7.97,-0.69
-0.17,-0.01,1.11,-0.06,0.04,0.07,-8.57,-0.46
-0.17,-0.01,1.14,-0.11,0.09,0.08,-8.6,-0.61
-0.2,-0.02,1.17,-0.12,0.14,0.07,-9.53,-0.93
-0.23,-0.03,1.19,-0.13,0.2,0.07,-10.89,-1.27
-0.26,-0.03,1.18,-0.13,0.3,0.06,-12.52,-1.42
-0.3,-0.01,1.18,-0.11,0.33,0.07,-14.12,-0.66
-0.33,0.0,1.17,-0.06,0.35,0.08,-15.62,0.06
-0.34,0.01,1.17,-0.02,0.36,0.1,-16.4,0.62
-0.33,0.02,1.19,0.03,0.4,0.12,-15.69,0.74
-0.31,0.02,1.2,0.06,0.41,0.15,-14.48,1.08
-0.28,0.03,1.21,0.07,0.47,0.15,-13.06,1.54
-0.24,0.05,1.2,0.08,0.49,0.17,-11.09,2.24
-0.2,0.06,1.19,0.04,0.57,0.17,-9.59,2.93
-0.19,0.08,1.2,0.0,0.6,0.18,-8.77,3.6
-0.17,0.09,1.21,-0.05,0.65,0.18,-8.1,4.0
-0.16,0.09,1.24,-0.1,0.69,0.17,-7.32,4.3
-0.14,0.1,1.27,-0.16,0.77,0.14,-6.49,4.29
-0.14,0.09,1.28,-0.21,0.82,0.13,-6.36,4.0
-0.15,0.09,1.3,-0.24,0.85,0.11,-6.77,4.09
-0.16,0.1,1.31,-0.29,0.9,0.1,-7.15,4.23
-0.18,0.11,1.33,-0.3,0.95,0.08,-7.83,4.66
-0.18,0.11,1.35,-0.34,1.0,0.07,-7.65,4.6
-0.17,0.11,1.37,-0.35,1.05,0.05,-7.12,4.55
-0.16,0.11,1.38,-0.37,1.1,0.03,-6.6,4.7
-0.14,0.12,1.39,-0.39,1.19,0.01,-5.92,4.72
-0.14,0.12,1.4,-0.44,1.29,-0.0,-5.78,4.8
-0.16,0.13,1.41,-0.45,1.36,-0.01,-6.26,5.07
-0.17,0.12,1.42,-0.47,1.43,-0.03,-6.83,4.82
-0.18,0.13,1.42,-0.48,1.53,-0.07,-7.1,5.21
-0.19,0.13,1.43,-0.48,1.6,-0.08,-7.61,5.06
-0.2,0.12,1.42,-0.48,1.67,-0.09,-7.96,4.95
-0.21,0.11,1.41,-0.45,1.71,-0.09,-8.33,4.54
-0.21,0.11,1.43,-0.42,1.78,-0.1,-8.24,4.22
-0.21,0.11,1.45,-0.39,1.82,-0.09,-8.28,4.26
-0.2,0.1,1.45,-0.34,1.84,-0.08,-7.74,3.73
-0.18,0.09,1.45,-0.28,1.88,-0.09,-6.99,3.53
-0.14,0.08,1.45,-0.23,1.95,-0.1,-5.5,3.27
-0.12,0.07,1.44,-0.19,1.98,-0.1,-4.64,2.97
-0.1,0.07,1.42,-0.15,2.02,-0.11,-3.92,2.79
-0.08,0.07,1.41,-0.13,2.07,-0.14,-3.18,2.86
-0.06,0.08,1.4,-0.1,2.11,-0.13,-2.59,3.1
-0.05,0.08,1.38,-0.09,2.15,-0.13,-2.24,3.19
-0.04,0.08,1.38,-0.07,2.18,-0.13,-1.53,3.19
-0.01,0.07,1.36,-0.04,2.2,-0.12,-0.5,2.86
-0.0,0.06,1.34,-0.04,2.24,-0.14,-0.13,2.72
0.01,0.06,1.33,-0.04,2.27,-0.14,0.45,2.48
0.01,0.06,1.34,-0.02,2.27,-0.13,0.61,2.41
0.03,0.05,1.34,-0.0,2.28,-0.13,1.09,2.18
0.04,0.03,1.35,0.01,2.3,-0.13,1.5,1.4
0.04,0.02,1.35,0.04,2.3,-0.13,1.85,0.88
0.05,0.01,1.34,0.07,2.32,-0.14,2.18,0.6
0.06,0.01,1.33,0.08,2.34,-0.13,2.58,0.45
0.08,0.01,1.32,0.09,2.39,-0.13,3.32,0.43
0.1,-0.0,1.3,0.1,2.41,-0.13,4.4,-0.11
0.12,-0.01,1.3,0.1,2.43,-0.12,5.14,-0.51
0.13,-0.01,1.29,0.12,2.45,-0.14,5.62,-0.56
0.14,-0.01,1.29,0.13,2.48,-0.14,6.28,-0.51
0.16,-0.01,1.29,0.14,2.5,-0.14,7.07,-0.57
0.18,-0.01,1.29,0.16,2.49,-0.15,8.12,-0.66
0.2,-0.02,1.28,0.15,2.52,-0.17,9.05,-0.95
0.23,-0.02,1.26,0.17,2.51,-0.2,10.3,-0.81
0.24,-0.02,1.23,0.14,2.53,-0.23,11.04,-0.95
0.25,-0.02,1.22,0.12,2.52,-0.24,11.34,-1.04
0.24,-0.02,1.22,0.1,2.52,-0.26,11.25,-1.12
0.25,-0.03,1.21,0.08,2.53,-0.28,11.73,-1.41
0.25,-0.04,1.21,0.06,2.55,-0.29,11.79,-1.99
0.26,-0.05,1.19,0.02,2.57,-0.3,12.24,-2.52
0.25,-0.06,1.18,0.0,2.57,-0.31,11.85,-2.94
0.22,-0.06,1.17,-0.04,2.6,-0.32,10.78,-2.99
0.21,-0.07,1.19,-0.08,2.62,-0.31,10.19,-3.49
0.21,-0.08,1.2,-0.08,2.62,-0.3,10.1,-3.95
0.22,-0.11,1.21,-0.1,2.64,-0.29,10.3,-5.12
0.23,-0.12,1.22,-0.11,2.67,-0.3,10.81,-5.65
0.23,-0.14,1.23,-0.09,2.72,-0.3,10.74,-6.24
0.22,-0.15,1.24,-0.07,2.78,-0.29,9.8,-6.96
0.2,-0.15,1.23,-0.02,2.82,-0.28,9.37,-6.99
0.19,-0.15,1.23,0.02,2.86,-0.27,8.5,-7.0
0.19,-0.15,1.21,0.09,2.86,-0.24,9.05,-7.05
0.21,-0.15,1.19,0.14,2.89,-0.23,9.86,-7.12
0.22,-0.16,1.15,0.2,2.91,-0.22,10.48,-7.56
0.2,-0.15,1.12,0.26,2.92,-0.21,10.2,-7.35
0.2,-0.13,1.09,0.31,2.93,-0.18,10.1,-6.65
0.2,-0.11,1.06,0.38,2.9,-0.15,10.38,-5.61
0.22,-0.09,1.02,0.43,2.86,-0.13,12.0,-4.9
0.25,-0.08,0.98,0.46,2.8,-0.12,14.06,-4.48
0.26,-0.08,0.94,0.44,2.78,-0.12,15.21,-4.61
0.27,-0.07,0.93,0.43,2.74,-0.13,16.39,-4.35
0.27,-0.05,0.91,0.43,2.71,-0.13,16.24,-3.14
0.26,-0.03,0.9,0.41,2.7,-0.11,16.22,-2.03
0.27,-0.02,0.88,0.38,2.69,-0.11,16.81,-1.22
0.29,-0.03,0.87,0.34,2.65,-0.12,18.4,-1.93
0.3,-0.04,0.88,0.3,2.64,-0.12,18.43,-2.6
0.29,-0.04,0.91,0.28,2.6,-0.13,17.68,-2.53
0.29,-0.04,0.92,0.25,2.6,-0.14,17.48,-2.28
0.29,-0.05,0.92,0.23,2.6,-0.14,17.2,-2.98
0.28,-0.07,0.92,0.22,2.69,-0.2,17.09,-3.92
0.26,-0.06,0.94,0.2,2.59,-0.13,15.54,-3.62
0.23,-0.06,0.94,0.19,2.63,-0.13,13.86,-3.28
0.23,-0.05,0.95,0.21,2.61,-0.1,13.39,-2.81
0.23,-0.05,0.94,0.21,2.59,-0.09,13.58,-2.73
0.23,-0.06,0.93,0.21,2.58,-0.07,14.21,-3.35
0.22,-0.06,0.92,0.21,2.59,-0.06,13.52,-3.62
0.2,-0.05,0.93,0.21,2.59,-0.04,12.21,-3.18
0.19,-0.04,0.94,0.22,2.58,0.0,11.57,-2.48
0.21,-0.05,0.95,0.26,2.55,0.04,12.38,-2.77
0.24,-0.06,0.95,0.29,2.57,0.05,14.28,-3.65
0.26,-0.06,0.94,0.34,2.55,0.05,15.63,-3.72
0.25,-0.05,0.92,0.41,2.65,-0.01,15.41,-3.11
0.24,-0.03,0.91,0.43,2.5,0.05,14.91,-2.13
0.24,-0.02,0.88,0.47,2.5,0.05,15.11,-1.33
0.25,-0.01,0.86,0.5,2.45,0.05,16.16,-0.59
0.27,0.0,0.84,0.51,2.44,0.04,17.71,0.23
0.28,0.02,0.82,0.51,2.39,0.02,18.85,1.43
0.29,0.04,0.81,0.49,2.38,-0.02,19.64,2.49
0.28,0.04,0.79,0.46,2.36,-0.05,19.63,2.98
0.26,0.05,0.78,0.42,2.37,-0.07,18.77,3.76
0.24,0.07,0.76,0.38,2.34,-0.1,17.15,4.77
0.22,0.08,0.76,0.31,2.31,-0.11,16.23,5.55
0.23,0.06,0.77,0.24,2.3,-0.11,16.83,3.98
0.23,0.04,0.78,0.19,2.31,-0.13,16.31,3.16
0.22,0.03,0.82,0.14,2.33,-0.14,15.01,1.95
0.2,0.03,0.84,0.14,2.3,-0.15,13.52,2.27
0.21,0.03,0.85,0.1,2.27,-0.14,13.62,1.69
0.21,-0.01,0.84,0.06,2.3,-0.14,14.06,-0.67
0.19,-0.04,0.86,0.06,2.34,-0.14,12.63,-2.38
0.13,-0.03,0.89,0.06,2.38,-0.11,8.49,-2.11
0.08,-0.04,0.9,0.07,2.4,-0.07,5.2,-2.25
0.07,-0.04,0.9,0.06,2.44,0.02,4.45,-2.4
0.1,-0.04,0.91,0.11,2.37,0.07,6.15,-2.23
0.15,-0.06,0.91,0.17,2.37,0.09,9.05,-3.49
0.19,-0.05,0.91,0.23,2.35,0.1,11.45,-3.14
0.23,-0.05,0.92,0.33,2.32,0.11,14.0,-3.26
0.24,-0.05,0.89,0.43,2.28,0.08,14.88,-2.87
0.23,-0.02,0.85,0.51,2.25,0.06,15.26,-1.17
0.2,0.01,0.82,0.55,2.23,0.03,13.46,0.58
0.15,0.03,0.81,0.59,2.17,0.02,10.53,1.8
0.11,0.07,0.78,0.73,2.44,-0.18,7.81,5.28
0.07,0.1,0.76,0.57,2.12,0.03,5.25,7.33
0.06,0.13,0.73,0.52,2.1,0.06,4.91,10.1
0.09,0.14,0.71,0.44,2.07,0.08,6.72,10.73
0.11,0.13,0.7,0.35,2.08,0.07,8.79,10.22
0.11,0.12,0.72,0.3,2.08,0.05,8.87,9.36
0.11,0.13,0.75,0.23,2.1,0.06,7.89,9.38
0.11,0.12,0.76,0.19,2.1,0.07,7.99,8.81
0.12,0.09,0.76,0.15,2.12,0.06,8.67,6.75
0.11,0.07,0.8,0.12,2.13,0.05,7.52,5.18
0.08,0.06,0.83,0.11,2.13,0.06,5.75,4.24
0.06,0.05,0.85,0.13,2.1,0.09,4.28,3.29
0.06,0.05,0.85,0.16,2.04,0.11,3.69,3.37
0.07,0.05,0.85,0.18,2.01,0.15,5.01,3.03
0.09,0.03,0.84,0.21,1.97,0.14,6.22,1.8
0.09,0.02,0.84,0.24,1.97,0.17,6.34,1.28
0.08,0.02,0.85,0.3,1.97,0.19,5.67,1.67
0.08,0.05,0.84,0.35,1.97,0.22,5.29,3.12
0.09,0.06,0.82,0.38,1.98,0.26,6.34,4.41
0.11,0.08,0.78,0.4,1.99,0.28,7.79,5.56
0.11,0.1,0.76,0.46,1.96,0.27,8.23,7.09
0.1,0.13,0.74,0.48,1.9,0.27,7.48,9.8
0.08,0.16,0.71,0.48,1.89,0.23,6.3,12.71
0.04,0.17,0.68,0.47,1.85,0.21,3.44,14.26
-0.0,0.19,0.67,0.44,1.82,0.19,-0.06,16.08
-0.02,0.21,0.68,0.41,1.75,0.19,-1.67,17.4
-0.03,0.21,0.68,0.37,1.72,0.18,-2.28,16.99
-0.03,0.19,0.69,0.35,1.68,0.18,-2.69,15.58
-0.04,0.2,0.7,0.35,1.62,0.17,-2.8,15.51
-0.03,0.19,0.7,0.35,1.53,0.17,-2.36,15.08
-0.02,0.18,0.7,0.34,1.51,0.15,-1.49,14.54
-0.01,0.19,0.7,0.33,1.46,0.14,-1.08,14.95
-0.03,0.18,0.69,0.36,1.4,0.11,-2.41,14.85
-0.05,0.2,0.69,0.36,1.39,0.1,-3.76,15.85
-0.08,0.2,0.7,0.36,1.37,0.09,-5.97,16.03
-0.1,0.21,0.71,0.34,1.34,0.12,-7.63,16.55
-0.11,0.23,0.71,0.36,1.27,0.13,-8.26,17.71
-0.11,0.25,0.69,0.36,1.21,0.15,-8.77,19.82
-0.12,0.26,0.67,0.33,1.19,0.14,-9.45,20.47
-0.12,0.26,0.67,0.31,1.11,0.14,-9.71,20.59
-0.13,0.25,0.68,0.3,1.05,0.13,-10.39,20.12
-0.1,0.25,0.69,0.29,0.99,0.13,-8.05,19.56
-0.1,0.24,0.69,0.29,0.96,0.11,-7.79,19.03
-0.1,0.24,0.7,0.29,0.92,0.12,-8.08,19.01
-0.11,0.24,0.69,0.31,0.89,0.09,-8.59,19.02
-0.12,0.26,0.7,0.31,0.85,0.09,-9.34,20.19
-0.14,0.26,0.7,0.29,0.82,0.06,-10.51,20.24
-0.14,0.27,0.72,0.27,0.76,0.06,-10.39,20.47
-0.15,0.28,0.73,0.26,0.69,0.05,-10.8,20.4
-0.16,0.29,0.71,0.25,0.61,0.03,-11.81,21.85
-0.17,0.29,0.72,0.2,0.58,0.01,-12.32,21.72
-0.17,0.3,0.73,0.14,0.54,0.01,-12.17,21.71
-0.18,0.3,0.74,0.1,0.46,0.0,-12.98,21.63
-0.18,0.29,0.76,0.03,0.43,-0.0,-12.65,20.34
-0.17,0.27,0.76,-0.03,0.38,0.01,-11.66,19.32
-0.15,0.25,0.79,-0.1,0.36,0.0,-10.3,17.45
-0.12,0.22,0.81,-0.14,0.35,0.01,-8.38,15.23
-0.07,0.2,0.83,-0.11,0.5,-0.13,-4.37,13.63
-0.03,0.18,0.83,-0.18,0.34,0.02,-1.71,11.84
-0.01,0.15,0.85,-0.17,0.37,0.01,-0.51,9.9
0.01,0.14,0.87,-0.15,0.38,0.02,0.34,8.9
0.02,0.12,0.88,-0.1,0.37,0.02,1.0,8.05
0.01,0.11,0.88,-0.06,0.38,0.0,0.94,7.24
0.0,0.11,0.89,-0.01,0.37,-0.0,0.06,7.06
-0.02,0.11,0.9,0.05,0.37,-0.0,-1.06,7.22
-0.05,0.13,0.92,0.09,0.32,0.01,-2.98,8.15
-0.07,0.16,0.91,0.12,0.29,0.03,-4.19,9.85
-0.08,0.18,0.89,0.14,0.25,0.04,-4.77,11.39
-0.07,0.19,0.86,0.14,0.19,0.04,-4.65,12.25
-0.06,0.2,0.85,0.15,0.14,0.03,-4.05,13.0
-0.05,0.2,0.85,0.13,0.12,0.0,-3.36,13.33
-0.04,0.2,0.85,0.13,0.11,-0.02,-2.51,12.99
-0.03,0.2,0.86,0.12,0.08,-0.03,-2.19,13.33
-0.04,0.2,0.85,0.09,0.08,-0.06,-2.46,13.47
-0.04,0.2,0.85,0.08,0.06,-0.08,-2.69,13.12
-0.04,0.2,0.85,0.05,0.05,-0.1,-2.29,13.1
-0.04,0.2,0.85,0.02,0.03,-0.1,-2.73,13.21
-0.04,0.19,0.85,-0.01,0.03,-0.13,-2.67,12.49
-0.04,0.18,0.85,-0.06,0.05,-0.15,-2.69,11.69
-0.04,0.17,0.87,-0.1,0.07,-0.16,-2.53,10.94
-0.05,0.16,0.88,-0.15,0.07,-0.15,-3.17,10.11
-0.05,0.14,0.89,-0.19,0.07,-0.14,-3.09,8.74
-0.04,0.1,0.91,-0.22,0.08,-0.13,-2.69,6.01
-0.03,0.08,0.93,-0.24,0.09,-0.11,-1.76,5.14
-0.02,0.06,0.95,-0.23,0.08,-0.09,-1.34,3.58
-0.02,0.04,0.96,-0.22,0.1,-0.07,-1.23,2.55
0.01,0.01,0.97,-0.17,0.09,-0.06,0.4,0.69
0.04,0.02,0.97,-0.14,0.07,-0.04,2.2,0.93
0.05,0.01,0.96,-0.09,0.05,-0.04,2.95,0.62
0.06,0.02,0.95,-0.01,0.01,-0.05,3.38,1.32
0.06,0.04,0.94,0.05,-0.02,-0.06,3.45,2.29
0.03,0.06,0.92,0.09,-0.03,-0.08,1.93,3.98
0.0,0.07,0.9,0.1,-0.06,-0.09,0.19,4.38
-0.03,0.07,0.9,0.12,-0.08,-0.1,-1.92,4.26
-0.07,0.06,0.91,0.09,-0.06,-0.1,-4.47,4.07
-0.09,0.07,0.93,0.08,-0.06,-0.07,-5.44,4.16
-0.08,0.08,0.95,0.07,-0.1,-0.03,-4.91,5.0
-0.06,0.12,0.91,0.04,-0.12,-0.01,-4.03,7.26
-0.05,0.12,0.86,-0.0,-0.13,-0.01,-3.35,8.2
-0.04,0.12,0.85,-0.06,-0.09,-0.02,-2.63,8.29
-0.04,0.12,0.87,-0.12,-0.08,-0.03,-2.79,7.99
-0.05,0.11,0.89,-0.14,-0.08,-0.03,-3.22,6.84
-0.05,0.09,0.91,-0.2,-0.09,-0.04,-3.01,5.96
-0.05,0.07,0.92,-0.23,-0.09,-0.03,-2.86,4.53
-0.03,0.05,0.94,-0.26,-0.11,-0.01,-1.85,3.23
-0.01,0.02,0.95,-0.27,-0.1,-0.0,-0.35,1.42
0.01,0.01,0.96,-0.25,-0.11,0.02,0.66,0.81
0.02,0.0,0.98,-0.25,-0.1,0.03,1.43,0.22
0.04,-0.01,0.99,-0.22,-0.1,0.05,2.37,-0.32
0.06,-0.01,1.0,-0.19,-0.11,0.05,3.28,-0.36
0.08,-0.02,0.99,-0.16,-0.13,0.07,4.43,-0.89
0.09,-0.02,0.99,-0.12,-0.1,0.06,5.09,-1.31
0.1,-0.03,0.99,-0.07,-0.06,0.06,5.82,-1.68
0.1,-0.03,1.01,-0.03,-0.05,0.08,5.55,-1.49
0.1,-0.01,1.02,0.01,-0.04,0.09,5.47,-0.66
0.08,0.02,1.01,0.07,-0.05,0.1,4.78,1.05
0.08,0.04,0.98,0.09,-0.04,0.09,4.55,2.29
0.06,0.06,0.96,0.12,-0.05,0.08,3.77,3.36
0.04,0.08,0.96,0.14,-0.06,0.07,2.25,4.58
0.03,0.1,0.96,0.13,-0.06,0.06,1.5,5.65
0.0,0.11,0.97,0.1,-0.05,0.06,0.2,6.78
0.01,0.13,0.95,0.11,-0.08,0.07,0.38,7.76
0.01,0.14,0.94,0.09,-0.09,0.06,0.87,8.21
0.02,0.14,0.94,0.06,-0.07,0.06,0.99,8.35
0.02,0.14,0.93,0.02,-0.05,0.03,1.07,8.73
0.03,0.14,0.94,-0.01,-0.02,0.03,1.89,8.54
0.03,0.14,0.95,-0.03,-0.03,0.01,1.5,8.56
0.03,0.15,0.95,-0.07,-0.04,-0.0,1.49,9.07
0.04,0.14,0.95,-0.08,-0.05,-0.02,2.36,8.49
0.05,0.13,0.94,-0.1,-0.05,-0.04,2.82,8.19
0.06,0.13,0.93,-0.12,-0.04,-0.06,3.42,7.66
0.05,0.11,0.94,-0.13,-0.02,-0.1,2.92,6.4
0.04,0.08,0.97,-0.16,0.0,-0.11,2.23,4.54
0.03,0.06,0.98,-0.16,0.01,-0.11,1.5,3.54
0.01,0.04,1.0,-0.18,0.01,-0.08,0.72,2.01
0.01,0.03,1.0,-0.16,0.0,-0.07,0.81,1.88
0.02,0.02,1.0,-0.13,0.01,-0.06,1.3,1.32
0.04,0.03,0.99,-0.13,0.01,-0.04,2.33,1.49
0.05,0.02,0.99,-0.09,-0.01,-0.04,2.88,1.0
0.05,0.02,0.98,-0.06,-0.02,-0.06,2.79,1.33
0.04,0.01,0.98,-0.05,0.01,-0.06,2.59,0.77
0.04,0.0,0.98,-0.03,0.0,-0.05,2.34,0.29
0.04,0.01,0.99,-0.0,-0.01,-0.04,2.24,0.57
0.02,0.0,0.98,0.02,-0.0,-0.03,1.33,0.13
0.01,-0.0,0.99,0.04,0.0,-0.02,0.67,-0.07
0.02,0.02,0.98,0.04,0.01,0.01,1.3,1.06
0.04,0.04,0.97,0.06,-0.01,0.03,2.42,2.15
0.05,0.05,0.95,0.08,0.0,0.01,3.04,3.01
0.04,0.06,0.93,0.08,0.03,-0.01,2.57,3.78
0.03,0.07,0.93,0.06,0.04,-0.01,1.7,4.34
0.01,0.07,0.94,0.06,0.02,-0.02,0.42,4.49
0.0,0.08,0.93,0.04,0.0,-0.03,0.14,4.9
-0.01,0.07,0.92,0.01,0.03,-0.04,-0.66,4.49
-0.02,0.07,0.92,-0.02,0.04,-0.03,-1.52,4.28
-0.03,0.07,0.93,-0.06,0.04,-0.03,-1.65,4.25
-0.02,0.06,0.94,-0.08,0.01,-0.02,-1.04,3.78
0.0,0.05,0.94,-0.09,0.03,-0.02,0.27,3.09
0.01,0.04,0.94,-0.11,0.04,-0.02,0.87,2.56
0.01,0.04,0.95,-0.09,0.02,-0.01,0.89,2.17
0.0,0.03,0.95,-0.08,0.02,-0.01,0.03,2.01
-0.0,0.03,0.96,-0.09,0.04,-0.0,-0.24,1.64
0.0,0.02,0.97,-0.06,0.02,0.01,0.05,1.34
0.01,0.02,0.98,-0.04,-0.01,0.02,0.87,1.27
0.02,0.02,0.96,-0.02,-0.01,0.03,1.23,1.42
0.02,0.03,0.96,-0.0,-0.03,0.05,1.26,2.06
0.03,0.05,0.96,-0.01,-0.0,0.05,1.7,2.81
0.03,0.05,0.95,0.0,-0.03,0.05,1.81,3.14
0.02,0.06,0.94,-0.0,-0.04,0.05,1.24,3.46
0.02,0.06,0.95,-0.0,-0.02,0.04,0.94,3.65
0.02,0.05,0.95,-0.01,-0.0,0.04,1.03,3.27
0.02,0.05,0.95,-0.04,-0.0,0.04,1.28,3.28
0.03,0.05,0.94,-0.03,-0.0,0.03,1.83,3.15
0.04,0.05,0.94,-0.04,0.01,0.03,2.19,2.79
0.04,0.05,0.94,-0.05,0.05,0.02,2.4,2.84
0.03,0.05,0.95,-0.06,0.07,0.01,1.89,2.8
0.02,0.04,0.95,-0.06,0.06,0.02,1.13,2.67
-0.01,0.05,0.95,-0.04,0.08,0.02,-0.34,3.2
-0.02,0.05,0.96,-0.06,0.09,0.03,-1.23,3.17
-0.02,0.06,0.95,-0.04,0.07,0.04,-1.11,3.88
-0.01,0.07,0.94,-0.03,0.04,0.05,-0.71,4.5
-0.01,0.08,0.94,-0.03,0.05,0.04,-0.39,4.76
-0.01,0.09,0.93,-0.03,0.07,0.05,-0.63,5.35
-0.02,0.09,0.94,-0.01,0.04,0.05,-1.42,5.53
-0.04,0.1,0.93,0.0,0.03,0.06,-2.3,6.1
-0.04,0.09,0.93,0.01,0.02,0.06,-2.37,5.73
-0.05,0.11,0.92,-0.01,0.04,0.06,-2.96,6.66
-0.06,0.11,0.91,0.02,0.02,0.07,-3.57,7.02
-0.05,0.12,0.9,0.04,-0.01,0.08,-2.9,7.7
-0.05,0.13,0.9,0.05,-0.03,0.07,-2.95,8.43
-0.05,0.14,0.89,0.05,-0.04,0.07,-2.94,9.12
-0.05,0.15,0.87,0.07,-0.08,0.07,-3.11,9.84
-0.06,0.16,0.86,0.07,-0.1,0.06,-4.01,10.55
-0.07,0.17,0.84,0.07,-0.11,0.04,-4.88,11.7
-0.09,0.19,0.83,0.05,-0.13,0.03,-5.97,12.83
-0.1,0.19,0.82,0.04,-0.15,0.02,-7.0,13.08
-0.12,0.2,0.81,0.01,-0.18,0.01,-8.13,13.77
-0.13,0.2,0.81,-0.0,-0.21,0.01,-9.22,13.98
-0.16,0.19,0.81,-0.03,-0.24,0.01,-10.78,13.25
-0.17,0.19,0.8,-0.06,-0.27,0.02,-11.38,13.27
-0.18,0.19,0.8,-0.07,-0.32,0.05,-12.31,12.94
-0.17,0.18,0.8,-0.08,-0.35,0.06,-11.7,12.41
-0.17,0.18,0.8,-0.08,-0.37,0.07,-11.38,12.05
-0.16,0.18,0.79,-0.07,-0.42,0.1,-11.17,12.4
-0.17,0.18,0.78,-0.05,-0.47,0.12,-11.69,12.94
-0.16,0.17,0.78,-0.04,-0.48,0.13,-11.55,12.08
-0.17,0.16,0.77,-0.02,-0.52,0.16,-11.99,11.8
-0.17,0.17,0.77,0.02,-0.57,0.19,-12.18,12.16
-0.18,0.17,0.76,0.08,-0.61,0.21,-12.7,12.29
-0.16,0.17,0.76,0.13,-0.68,0.24,-11.77,12.39
-0.17,0.2,0.75,0.19,-0.74,0.26,-12.36,14.34
-0.17,0.22,0.72,0.22,-0.79,0.29,-12.7,16.22
-0.17,0.24,0.7,0.28,-0.88,0.31,-12.88,18.81
-0.16,0.28,0.68,0.32,-0.99,0.31,-12.25,21.85
-0.15,0.31,0.66,0.34,-1.1,0.3,-11.61,24.65
-0.13,0.34,0.63,0.35,-1.22,0.26,-10.54,27.97
-0.12,0.38,0.6,0.34,-1.32,0.2,-9.93,31.36
-0.12,0.39,0.58,0.31,-1.44,0.12,-9.85,33.34
-0.12,0.39,0.56,0.24,-1.51,0.06,-9.98,33.94
-0.13,0.38,0.58,0.16,-1.54,0.02,-10.84,32.86
-0.13,0.37,0.59,0.07,-1.58,-0.01,-10.92,30.99
-0.13,0.36,0.61,-0.02,-1.59,-0.01,-10.67,29.75
-0.13,0.33,0.61,-0.13,-1.58,-0.03,-10.89,27.91
-0.12,0.3,0.63,-0.21,-1.59,-0.01,-9.73,25.37
-0.12,0.28,0.64,-0.26,-1.6,-0.02,-9.88,23.13
-0.11,0.24,0.66,-0.31,-1.6,0.01,-9.11,19.92
-0.12,0.22,0.68,-0.32,-1.6,0.03,-9.49,17.66
-0.12,0.2,0.69,-0.34,-1.65,0.08,-9.1,16.06
-0.12,0.19,0.7,-0.32,-1.68,0.11,-9.65,14.85
-0.14,0.19,0.69,-0.32,-1.73,0.16,-11.18,14.99
-0.15,0.18,0.67,-0.33,-1.77,0.21,-12.33,14.64
-0.13,0.18,0.67,-0.33,-1.84,0.27,-10.8,14.38
-0.1,0.17,0.66,-0.33,-1.92,0.31,-8.0,14.45
0.01,0.16,0.65,-0.31,-2.0,0.32,0.62,13.86
0.12,0.15,0.64,-0.31,-2.07,0.3,10.21,13.35
0.24,0.14,0.61,-0.25,-2.16,0.23,20.99,12.2
0.32,0.11,0.62,-0.17,-2.18,0.1,26.88,9.35
0.35,0.09,0.64,-0.07,-2.22,-0.04,28.33,7.13
0.33,0.1,0.67,-0.0,-2.23,-0.17,26.37,7.25
0.29,0.11,0.68,0.06,-2.28,-0.28,23.08,8.21
0.27,0.1,0.68,0.09,-2.31,-0.36,21.55,8.07
0.24,0.11,0.68,0.11,-2.28,-0.44,19.43,8.67
0.19,0.13,0.66,0.09,-2.21,-0.5,15.85,10.27
0.12,0.14,0.67,0.04,-2.13,-0.51,9.73,11.77
0.03,0.16,0.69,-0.02,-2.07,-0.49,2.59,13.3
-0.04,0.17,0.69,-0.12,-2.04,-0.44,-2.89,14.04
-0.07,0.18,0.69,-0.21,-2.05,-0.37,-5.91,14.58
-0.08,0.16,0.71,-0.32,-2.09,-0.29,-6.25,12.78
-0.05,0.13,0.73,-0.41,-2.12,-0.22,-4.09,10.09
-0.02,0.11,0.77,-0.45,-2.19,-0.14,-1.2,7.97
0.05,0.08,0.79,-0.47,-2.26,-0.09,3.6,5.51
0.14,0.05,0.8,-0.49,-2.34,-0.07,9.61,3.74
0.22,0.02,0.82,-0.47,-2.44,-0.07,15.02,1.26
0.29,-0.03,0.85,-0.45,-2.52,-0.11,19.07,-2.02
0.32,-0.06,0.88,-0.41,-2.52,-0.16,20.24,-3.95
0.32,-0.09,0.93,-0.38,-2.51,-0.19,18.94,-4.93
0.3,-0.08,0.97,-0.33,-2.48,-0.21,17.05,-4.64
0.28,-0.08,0.99,-0.28,-2.5,-0.21,15.73,-4.25
0.25,-0.08,0.98,-0.24,-2.5,-0.22,14.35,-4.38
0.21,-0.07,0.97,-0.22,-2.49,-0.21,12.29,-4.04
0.18,-0.07,0.98,-0.21,-2.5,-0.18,10.33,-4.12
0.15,-0.06,0.99,-0.2,-2.49,-0.14,8.55,-3.24
0.13,-0.04,0.97,-0.21,-2.45,-0.09,7.49,-2.45
0.12,-0.03,0.95,-0.23,-2.41,-0.03,7.05,-1.99
0.12,-0.03,0.93,-0.24,-2.39,0.02,7.18,-1.7
0.12,-0.02,0.92,-0.27,-2.35,0.07,7.5,-1.43
0.13,-0.02,0.91,-0.29,-2.32,0.12,8.16,-1.08
0.14,-0.01,0.9,-0.33,-2.26,0.16,9.07,-0.36
0.14,0.01,0.87,-0.34,-2.23,0.2,9.12,0.44
0.13,0.04,0.85,-0.38,-2.23,0.23,8.38,2.49
0.13,0.06,0.84,-0.43,-2.22,0.25,8.56,4.12
0.15,0.06,0.83,-0.51,-2.26,0.27,10.47,3.85
0.18,0.03,0.83,-0.55,-2.29,0.27,12.36,2.15
0.24,0.01,0.87,-0.62,-2.34,0.26,15.26,0.47
0.28,-0.02,0.92,-0.63,-2.38,0.25,16.96,-1.09
0.34,-0.05,0.95,-0.62,-2.42,0.19,19.7,-2.75
0.4,-0.09,1.0,-0.63,-2.45,0.12,21.57,-4.95
0.41,-0.13,1.06,-0.61,-2.48,0.04,21.17,-6.65
0.39,-0.14,1.09,-0.56,-2.46,-0.05,19.4,-7.12
0.33,-0.15,1.12,-0.53,-2.44,-0.12,16.33,-7.19
0.25,-0.14,1.12,-0.51,-2.41,-0.13,12.24,-7.17
0.18,-0.13,1.12,-0.47,-2.4,-0.12,8.94,-6.57
0.13,-0.11,1.12,-0.47,-2.39,-0.08,6.48,-5.83
0.11,-0.09,1.09,-0.47,-2.34,-0.04,5.51,-4.85
0.1,-0.1,1.07,-0.51,-2.33,0.03,5.39,-5.06
0.1,-0.09,1.05,-0.55,-2.27,0.08,5.2,-5.03
0.09,-0.09,1.05,-0.6,-2.21,0.14,5.14,-5.09
0.08,-0.11,1.05,-0.65,-2.11,0.19,4.38,-5.74
0.04,-0.09,1.04,-0.72,-2.01,0.26,2.38,-5.12
0.0,-0.07,1.02,-0.73,-1.95,0.34,0.22,-4.16
0.0,-0.07,1.02,-0.77,-1.93,0.42,0.13,-4.09
0.03,-0.1,1.03,-0.79,-1.9,0.48,1.65,-5.43
0.1,-0.13,1.06,-0.77,-1.93,0.53,5.11,-6.93
0.14,-0.16,1.11,-0.7,-1.95,0.53,7.24,-8.21
0.18,-0.21,1.2,-0.61,-1.98,0.51,8.39,-9.8
0.21,-0.19,1.2,-0.48,-2.02,0.47,10.01,-9.06
0.23,-0.18,1.2,-0.37,-2.05,0.39,10.55,-8.21
0.24,-0.17,1.2,-0.24,-2.14,0.33,11.15,-7.91
0.23,-0.16,1.2,-0.12,-2.2,0.25,10.56,-7.26
0.2,-0.14,1.19,-0.04,-2.22,0.18,9.66,-6.4
0.17,-0.09,1.14,0.02,-2.26,0.13,8.41,-4.63
0.13,-0.06,1.09,0.02,-2.27,0.12,6.87,-3.14
0.1,-0.03,1.04,-0.04,-2.25,0.13,5.67,-1.55
0.08,-0.01,1.02,-0.13,-2.16,0.16,4.47,-0.47
0.07,-0.0,1.01,-0.24,-2.11,0.19,3.88,-0.24
0.06,-0.01,1.02,-0.34,-2.03,0.24,3.64,-0.36
0.05,-0.02,1.04,-0.44,-1.96,0.31,2.84,-1.26
0.03,-0.04,1.07,-0.54,-1.83,0.35,1.74,-2.3
0.01,-0.06,1.09,-0.61,-1.75,0.41,0.73,-2.9
-0.02,-0.06,1.09,-0.62,-1.68,0.47,-1.09,-3.23
-0.05,-0.06,1.09,-0.63,-1.62,0.51,-2.42,-3.05
-0.05,-0.07,1.09,-0.63,-1.58,0.58,-2.59,-3.41
-0.04,-0.08,1.12,-0.64,-1.56,0.64,-1.95,-4.29
-0.01,-0.1,1.16,-0.57,-1.57,0.68,-0.3,-5.03
0.02,-0.13,1.22,-0.49,-1.57,0.7,1.13,-6.19
0.05,-0.14,1.25,-0.34,-1.6,0.7,2.09,-6.54
0.06,-0.14,1.27,-0.2,-1.62,0.65,2.7,-6.5
0.07,-0.13,1.25,-0.03,-1.68,0.61,3.13,-6.15
0.09,-0.11,1.24,0.14,-1.75,0.56,4.11,-4.86
0.11,-0.06,1.19,0.27,-1.79,0.51,5.2,-3.07
0.13,-0.02,1.11,0.36,-1.83,0.46,6.56,-1.09
0.15,0.03,1.03,0.41,-1.9,0.42,8.26,1.53
0.16,0.07,0.95,0.38,-1.94,0.39,9.33,4.22
0.16,0.1,0.9,0.31,-1.95,0.36,9.95,5.93
0.16,0.12,0.88,0.2,-1.98,0.36,10.48,7.52
0.17,0.13,0.86,0.09,-1.99,0.37,10.69,8.42
0.18,0.13,0.86,-0.05,-2.0,0.37,11.87,8.17
0.19,0.12,0.86,-0.21,-1.99,0.37,12.27,7.66
0.19,0.1,0.88,-0.37,-1.96,0.38,12.32,6.46
0.18,0.07,0.92,-0.52,-1.96,0.39,11.34,4.22
0.15,0.04,0.96,-0.66,-1.91,0.4,8.6,2.51
0.1,0.02,1.01,-0.77,-1.84,0.42,5.66,0.96
0.05,-0.0,1.06,-0.86,-1.8,0.46,2.87,-0.0
0.03,-0.04,1.13,-0.92,-1.76,0.51,1.4,-2.15
0.04,-0.09,1.22,-0.95,-1.74,0.54,1.88,-4.02
0.07,-0.11,1.34,-0.92,-1.7,0.54,2.93,-4.9
0.08,-0.15,1.42,-0.85,-1.65,0.5,3.33,-6.07
0.09,-0.16,1.47,-0.75,-1.61,0.43,3.43,-6.26
0.08,-0.16,1.49,-0.6,-1.58,0.35,2.88,-6.24
0.05,-0.13,1.46,-0.45,-1.54,0.26,1.83,-5.18
0.03,-0.13,1.45,-0.33,-1.52,0.18,1.18,-5.04
0.01,-0.11,1.41,-0.2,-1.52,0.11,0.4,-4.39
-0.01,-0.09,1.32,-0.08,-1.51,0.05,-0.23,-3.71
-0.02,-0.05,1.24,0.03,-1.53,0.02,-0.86,-2.44
-0.03,-0.01,1.14,0.05,-1.55,0.03,-1.27,-0.64
-0.03,-0.0,1.08,0.07,-1.57,0.04,-1.65,-0.08
-0.02,0.0,1.05,0.05,-1.58,0.07,-1.33,0.21
-0.02,0.01,1.03,0.03,-1.58,0.09,-1.11,0.42
-0.01,0.02,1.01,0.0,-1.58,0.12,-0.56,1.1
-0.0,0.02,1.0,-0.04,-1.57,0.16,-0.26,1.29
0.01,0.03,1.01,-0.08,-1.58,0.21,0.58,1.46
0.03,0.03,1.01,-0.12,-1.56,0.24,1.7,1.56
0.04,0.03,1.02,-0.16,-1.53,0.26,2.37,1.48
0.05,0.03,1.02,-0.21,-1.52,0.28,3.05,1.84
0.06,0.03,1.05,-0.28,-1.53,0.29,3.33,1.72
0.07,0.02,1.1,-0.31,-1.55,0.28,3.46,1.17
0.06,0.01,1.16,-0.34,-1.54,0.26,3.0,0.41
0.05,-0.01,1.21,-0.32,-1.55,0.24,2.35,-0.36
0.04,-0.01,1.24,-0.29,-1.56,0.2,1.72,-0.42
0.03,-0.01,1.26,-0.25,-1.56,0.16,1.2,-0.42
0.02,-0.0,1.27,-0.24,-1.55,0.12,0.69,-0.02
0.01,-0.0,1.28,-0.18,-1.54,0.09,0.23,-0.12
-0.02,-0.01,1.29,-0.13,-1.56,0.06,-0.78,-0.29
-0.03,-0.0,1.28,-0.08,-1.56,0.02,-1.44,-0.05
-0.04,0.01,1.26,-0.06,-1.56,0.0,-1.99,0.41
-0.06,0.02,1.25,-0.02,-1.55,0.01,-2.58,0.88
-0.07,0.02,1.23,-0.02,-1.51,0.01,-3.08,1.09
-0.06,0.03,1.21,-0.02,-1.5,0.03,-2.81,1.4
-0.06,0.03,1.2,-0.03,-1.45,0.03,-2.85,1.51
-0.06,0.03,1.2,-0.04,-1.43,0.03,-2.94,1.41
-0.07,0.03,1.19,-0.04,-1.41,0.03,-3.39,1.58
-0.07,0.03,1.18,-0.05,-1.4,0.04,-3.51,1.66
-0.07,0.04,1.17,-0.07,-1.36,0.04,-3.33,1.93
-0.07,0.03,1.17,-0.1,-1.32,0.05,-3.31,1.57
-0.05,0.03,1.18,-0.11,-1.3,0.03,-2.6,1.59
-0.05,0.04,1.18,-0.15,-1.27,0.02,-2.33,1.71
-0.04,0.03,1.2,-0.19,-1.25,0.01,-2.03,1.6
-0.05,0.03,1.2,-0.21,-1.21,-0.01,-2.42,1.55
-0.07,0.03,1.2,-0.25,-1.19,-0.03,-3.53,1.6
-0.1,0.04,1.21,-0.27,-1.17,-0.04,-4.94,2.11
-0.14,0.04,1.22,-0.27,-1.14,-0.04,-6.42,1.95
-0.17,0.02,1.25,-0.3,-1.1,-0.03,-7.66,1.13
-0.18,0.03,1.28,-0.27,-1.08,-0.05,-8.11,1.36
-0.19,0.02,1.28,-0.25,-1.04,-0.05,-8.21,0.95
-0.19,0.02,1.3,-0.23,-1.01,-0.06,-8.53,0.89
-0.21,0.02,1.29,-0.2,-0.97,-0.06,-9.41,0.84
-0.22,0.03,1.29,-0.18,-0.92,-0.05,-9.57,1.11
-0.22,0.03,1.28,-0.15,-0.9,-0.05,-9.91,1.21
-0.23,0.03,1.28,-0.12,-0.84,-0.05,-10.22,1.48
-0.23,0.03,1.28,-0.1,-0.79,-0.05,-10.36,1.47
-0.22,0.04,1.27,-0.06,-0.77,-0.04,-9.85,1.94
-0.22,0.04,1.26,-0.04,-0.75,-0.04,-9.82,1.83
-0.21,0.05,1.25,-0.0,-0.71,-0.05,-9.33,2.04
-0.18,0.04,1.24,-0.0,-0.66,-0.06,-8.41,2.04
-0.17,0.05,1.22,0.01,-0.65,-0.08,-8.11,2.21
-0.18,0.05,1.21,0.02,-0.64,-0.08,-8.38,2.2
-0.18,0.05,1.2,0.03,-0.61,-0.08,-8.61,2.45
-0.19,0.05,1.19,0.02,-0.58,-0.07,-9.18,2.34
-0.19,0.05,1.18,0.03,-0.56,-0.07,-9.14,2.41
-0.18,0.05,1.17,0.04,-0.55,-0.05,-8.74,2.37
-0.19,0.05,1.17,0.05,-0.51,-0.06,-9.24,2.28
-0.19,0.05,1.17,0.06,-0.5,-0.06,-9.07,2.37
-0.19,0.05,1.16,0.07,-0.49,-0.06,-9.25,2.25
-0.18,0.05,1.16,0.09,-0.48,-0.05,-8.87,2.26
-0.18,0.04,1.17,0.09,-0.47,-0.05,-8.85,1.97
-0.18,0.05,1.17,0.11,-0.47,-0.06,-8.52,2.35
-0.16,0.04,1.17,0.12,-0.44,-0.07,-7.86,2.17
-0.16,0.04,1.16,0.12,-0.43,-0.07,-7.89,1.96
-0.15,0.05,1.14,0.13,-0.4,-0.09,-7.61,2.25
-0.15,0.05,1.13,0.11,-0.36,-0.08,-7.7,2.45
-0.15,0.05,1.12,0.09,-0.34,-0.07,-7.7,2.61
-0.15,0.05,1.1,0.09,-0.33,-0.07,-7.64,2.37
-0.14,0.05,1.1,0.09,-0.31,-0.06,-7.43,2.43
-0.15,0.04,1.1,0.07,-0.28,-0.05,-7.61,2.28
-0.15,0.03,1.11,0.06,-0.28,-0.04,-7.49,1.6
-0.14,0.03,1.11,0.05,-0.24,-0.04,-7.37,1.43
-0.15,0.02,1.11,0.06,-0.24,-0.04,-7.61,1.24
-0.16,0.03,1.12,0.06,-0.21,-0.04,-8.03,1.28
-0.16,0.02,1.12,0.07,-0.2,-0.02,-8.24,0.83
-0.17,0.02,1.11,0.09,-0.19,-0.02,-8.57,1.14
-0.17,0.02,1.12,0.11,-0.19,-0.01,-8.37,0.87
-0.16,0.01,1.14,0.12,-0.16,-0.01,-7.87,0.71
-0.15,0.01,1.15,0.16,-0.17,-0.01,-7.25,0.4
-0.13,-0.0,1.14,0.2,-0.16,-0.03,-6.29,-0.11
-0.12,0.0,1.13,0.22,-0.15,-0.06,-6.02,0.07
-0.12,0.01,1.1,0.23,-0.13,-0.06,-6.01,0.6
-0.11,0.02,1.07,0.22,-0.11,-0.06,-5.71,1.23
-0.1,0.03,1.05,0.24,-0.11,-0.05,-5.51,1.47
-0.09,0.03,1.03,0.23,-0.11,-0.03,-4.93,1.74
-0.07,0.03,1.02,0.2,-0.08,-0.02,-4.03,1.74
-0.06,0.04,1.02,0.18,-0.08,-0.0,-3.41,1.97
-0.05,0.04,1.01,0.17,-0.06,0.01,-2.66,1.99
-0.04,0.02,1.02,0.13,-0.06,0.02,-2.31,1.4
-0.03,0.02,1.03,0.09,-0.03,0.01,-1.53,1.29
-0.06,0.02,1.03,0.06,-0.02,0.02,-3.06,1.32
-0.07,0.03,1.04,0.06,-0.02,0.03,-3.61,1.57
-0.07,0.03,1.07,0.06,-0.03,0.06,-3.68,1.37
-0.07,0.02,1.09,0.05,0.0,0.05,-3.63,1.1
-0.05,0.01,1.1,0.06,0.02,0.04,-2.77,0.64
-0.04,0.01,1.1,0.07,0.03,0.01,-2.27,0.51
-0.04,0.01,1.09,0.1,0.0,0.02,-2.35,0.57
-0.04,0.02,1.07,0.13,0.03,-0.0,-1.92,0.91
-0.03,0.03,1.04,0.15,0.02,-0.0,-1.57,1.42
-0.02,0.03,1.03,0.16,-0.0,0.0,-1.04,1.65
0.0,0.03,1.05,0.16,-0.02,0.0,0.04,1.57
0.02,0.02,1.06,0.16,-0.02,-0.01,0.94,1.26
0.03,0.02,1.05,0.13,-0.02,-0.02,1.64,0.98
0.03,0.02,1.03,0.13,-0.02,-0.04,1.81,1.02
0.02,0.03,1.02,0.12,-0.03,-0.05,1.21,1.41
0.0,0.03,1.01,0.09,-0.02,-0.05,0.03,1.66
-0.0,0.03,1.01,0.06,-0.01,-0.03,-0.06,1.96
-0.01,0.02,1.03,0.06,-0.02,-0.01,-0.32,1.26
0.0,0.02,1.04,0.06,-0.02,-0.01,0.02,1.01
0.01,0.02,1.05,0.06,0.01,-0.02,0.54,0.96
0.01,0.02,1.04,0.03,0.02,-0.01,0.59,0.94
0.01,0.02,1.03,0.04,0.04,-0.01,0.52,1.24
0.01,0.02,1.03,0.04,0.03,-0.01,0.49,1.04
0.01,0.02,1.02,0.01,0.04,0.0,0.34,1.38
0.01,0.02,1.03,0.01,0.04,0.01,0.6,1.25
0.01,0.02,1.04,0.0,0.05,0.01,0.73,1.13
0.02,0.02,1.03,-0.0,0.02,0.02,0.96,1.14
0.01,0.02,1.04,-0.0,0.04,0.02,0.72,0.95
0.0,0.02,1.04,-0.02,0.05,0.02,0.02,0.97
-0.0,0.02,1.05,-0.0,0.03,0.01,-0.19,1.15
-0.01,0.02,1.05,0.0,0.03,0.02,-0.54,1.21
-0.01,0.02,1.05,0.02,0.02,0.02,-0.48,0.88
-0.02,0.02,1.05,0.02,0.03,0.01,-0.92,0.89
-0.02,0.01,1.06,0.04,-0.0,0.01,-1.19,0.73
-0.03,0.02,1.06,0.07,-0.01,0.02,-1.66,0.9
-0.02,0.02,1.04,0.09,0.01,0.02,-0.94,1.3
-0.01,0.03,1.02,0.1,0.01,0.04,-0.31,1.86
0.01,0.04,1.01,0.1,-0.0,0.05,0.64,2.25
0.02,0.04,1.0,0.08,-0.03,0.06,1.4,2.11
0.01,0.04,1.03,0.09,-0.05,0.06,0.67,2.2
0.02,0.04,1.05,0.09,-0.06,0.05,0.98,2.25
0.01,0.04,1.05,0.09,-0.06,0.05,0.65,2.26
0.02,0.05,1.05,0.1,-0.07,0.05,1.05,2.79
0.04,0.05,1.05,0.1,-0.07,0.05,1.98,2.7
0.04,0.05,1.06,0.09,-0.05,0.04,2.43,2.77
0.05,0.05,1.06,0.08,-0.04,0.04,2.65,2.91
0.04,0.07,1.06,0.08,-0.06,0.04,2.28,3.56
0.02,0.07,1.05,0.08,-0.05,0.03,1.33,3.75
0.03,0.07,1.05,0.05,-0.03,0.03,1.67,3.99
0.04,0.08,1.06,0.05,-0.04,0.04,1.96,4.13
0.05,0.06,1.07,0.04,-0.04,0.03,2.43,3.34
0.05,0.07,1.07,0.03,-0.0,-0.03,2.63,3.69
0.05,0.07,1.07,-0.0,-0.03,0.0,2.57,3.63
0.05,0.08,1.07,-0.0,-0.01,-0.01,2.4,4.18
0.03,0.07,1.07,-0.01,-0.02,-0.02,1.74,3.62
0.03,0.07,1.07,-0.01,-0.02,-0.02,1.35,3.56
0.02,0.06,1.05,-0.03,-0.01,-0.03,1.18,3.29
0.01,0.06,1.04,-0.02,-0.03,-0.02,0.62,3.46
-0.0,0.06,1.04,-0.02,-0.06,-0.02,-0.17,3.1
-0.01,0.06,1.04,-0.0,-0.07,-0.01,-0.62,3.28
-0.01,0.05,1.05,0.0,-0.08,-0.01,-0.6,2.97
0.0,0.04,1.06,0.02,-0.09,0.0,0.01,2.36
0.01,0.04,1.07,0.03,-0.07,-0.0,0.53,2.28
0.01,0.04,1.07,0.04,-0.07,-0.01,0.64,2.34
0.02,0.05,1.06,0.03,-0.05,-0.02,0.84,2.8
0.01,0.06,1.04,0.04,-0.06,-0.02,0.36,3.29
0.0,0.07,1.03,0.01,-0.1,0.01,0.1,3.89
0.0,0.07,1.02,0.04,-0.09,0.01,0.26,4.2
0.01,0.07,1.01,0.03,-0.09,0.0,0.57,3.99
0.01,0.07,1.02,0.02,-0.1,0.02,0.7,3.81
0.02,0.06,1.04,0.01,-0.1,0.02,1.06,3.51
0.03,0.06,1.06,0.01,-0.12,0.02,1.67,3.15
0.03,0.05,1.09,0.01,-0.1,-0.01,1.59,2.7
0.03,0.05,1.1,0.0,-0.08,-0.01,1.49,2.62
0.03,0.05,1.09,-0.01,-0.07,-0.05,1.52,2.76
0.02,0.05,1.08,-0.01,-0.08,-0.05,0.91,2.72
0.01,0.05,1.08,-0.01,-0.06,-0.07,0.67,2.87
0.01,0.06,1.07,-0.01,-0.05,-0.07,0.34,3.23
0.01,0.06,1.05,-0.01,-0.05,-0.06,0.42,3.36
0.01,0.06,1.05,-0.03,-0.07,-0.06,0.49,3.36
0.02,0.05,1.05,-0.04,-0.07,-0.07,1.02,2.99
0.02,0.06,1.05,-0.04,-0.08,-0.06,1.01,3.07
0.02,0.05,1.04,-0.05,-0.06,-0.09,1.02,2.68
0.01,0.04,1.04,-0.08,-0.07,-0.09,0.54,2.44
-0.0,0.04,1.03,-0.07,-0.07,-0.09,-0.2,2.24
-0.02,0.04,1.03,-0.1,-0.06,-0.08,-1.24,2.38
-0.03,0.04,1.03,-0.1,-0.06,-0.08,-1.82,2.14
-0.04,0.04,1.03,-0.08,-0.09,-0.05,-2.28,1.94
-0.04,0.03,1.04,-0.07,-0.07,-0.05,-2.43,1.55
-0.05,0.03,1.04,-0.09,-0.06,-0.02,-2.78,1.57
-0.05,0.02,1.04,-0.07,-0.09,-0.02,-2.7,0.98
-0.06,0.02,1.05,-0.06,-0.08,-0.02,-3.05,0.92
-0.06,0.01,1.06,-0.03,-0.08,-0.01,-3.28,0.56
-0.05,0.01,1.06,-0.02,-0.06,-0.02,-2.88,0.52
-0.06,0.01,1.07,0.01,-0.07,0.0,-3.04,0.59
-0.05,0.02,1.07,0.04,-0.08,0.0,-2.77,0.93
-0.04,0.01,1.06,0.05,-0.07,0.0,-2.35,0.75
-0.03,0.03,1.06,0.06,-0.07,0.01,-1.36,1.72
-0.01,0.03,1.07,0.05,-0.06,0.01,-0.4,1.72
0.01,0.03,1.07,0.12,0.08,-0.14,0.55,1.64
0.02,0.03,1.07,0.05,-0.03,-0.0,0.96,1.87
0.02,0.04,1.06,0.04,-0.03,-0.02,1.2,1.99
0.0,0.04,1.04,0.02,-0.02,-0.02,0.26,2.26
-0.0,0.05,1.04,0.0,-0.02,-0.02,-0.07,2.9
-0.01,0.06,1.03,-0.0,-0.03,-0.01,-0.42,3.13
-0.01,0.05,1.05,-0.03,-0.01,-0.01,-0.5,2.56
-0.0,0.04,1.04,-0.03,-0.02,-0.01,-0.08,2.15
-0.0,0.03,1.04,-0.04,-0.03,-0.02,-0.01,1.76
-0.02,0.04,1.04,-0.03,-0.05,-0.02,-1.29,1.97
-0.03,0.03,1.04,-0.03,-0.04,-0.01,-1.89,1.73
-0.04,0.03,1.05,-0.01,-0.05,-0.01,-2.19,1.86
-0.02,0.03,1.06,-0.02,-0.05,0.01,-1.24,1.59
-0.02,0.02,1.07,0.0,-0.06,-0.0,-0.89,1.33
-0.01,0.03,1.07,0.01,-0.05,-0.01,-0.57,1.43
-0.01,0.03,1.06,0.01,-0.04,-0.01,-0.71,1.76
-0.01,0.04,1.04,0.0,-0.04,-0.01,-0.75,2.11
-0.02,0.05,1.04,0.0,-0.04,0.0,-0.94,2.54
-0.02,0.04,1.04,0.0,-0.03,0.01,-0.89,2.31
-0.01,0.04,1.03,-0.03,-0.02,0.02,-0.34,2.29
-0.01,0.04,1.04,-0.03,-0.01,0.03,-0.55,2.26
-0.01,0.04,1.05,-0.03,-0.01,0.03,-0.53,2.28
-0.02,0.04,1.05,-0.02,-0.01,0.04,-1.29,2.33
-0.02,0.04,1.05,-0.03,0.0,0.03,-1.31,2.04
-0.03,0.03,1.06,-0.0,-0.02,0.04,-1.66,1.82
-0.03,0.03,1.05,0.01,-0.05,0.04,-1.51,1.6
-0.03,0.02,1.05,0.04,-0.06,0.02,-1.64,1.26
-0.03,0.03,1.06,0.03,-0.06,0.03,-1.77,1.53
-0.02,0.03,1.05,0.05,-0.07,0.03,-1.13,1.37
-0.01,0.02,1.05,0.06,-0.07,0.02,-0.59,1.26
-0.01,0.02,1.05,0.05,-0.06,0.01,-0.42,1.26
-0.01,0.02,1.05,0.05,-0.06,0.02,-0.53,1.09
-0.02,0.02,1.06,0.05,-0.06,0.01,-1.19,1.09
-0.03,0.02,1.06,0.07,-0.09,0.0,-1.4,1.04
-0.04,0.01,1.07,0.08,-0.07,0.0,-2.39,0.74
-0.05,0.01,1.07,0.09,-0.08,0.0,-2.55,0.63
-0.06,0.02,1.07,0.11,-0.09,0.01,-3.27,1.04
-0.07,0.02,1.07,0.12,-0.09,0.02,-3.51,1.02
-0.05,0.02,1.06,0.14,-0.08,0.03,-2.84,1.11
-0.03,0.02,1.06,0.16,-0.07,0.04,-1.56,1.22
-0.01,0.02,1.06,0.17,-0.05,0.02,-0.46,1.2
0.0,0.02,1.05,0.14,-0.08,0.06,0.06,1.25
0.01,0.04,1.04,0.14,-0.06,0.05,0.68,2.27
0.02,0.05,1.03,0.12,-0.04,0.05,0.91,2.97
0.02,0.06,1.04,0.11,-0.05,0.04,1.02,3.17
0.03,0.06,1.05,0.09,-0.05,0.04,1.68,3.11
0.04,0.06,1.04,0.06,-0.03,0.03,2.38,3.39
0.03,0.06,1.04,0.03,-0.01,0.03,1.79,3.56
0.03,0.07,1.05,0.01,-0.02,0.03,1.67,3.66
0.01,0.06,1.05,0.04,0.13,-0.13,0.7,3.45
0.01,0.06,1.05,-0.02,0.0,0.02,0.56,3.41
0.0,0.06,1.05,-0.04,0.0,0.02,0.18,3.42
-0.01,0.06,1.06,-0.05,0.02,0.02,-0.52,3.45
-0.02,0.06,1.07,-0.03,0.01,0.02,-0.87,3.18
-0.01,0.06,1.05,-0.02,0.0,0.03,-0.54,2.99
-0.01,0.06,1.07,-0.03,0.03,0.03,-0.44,3.16
-0.01,0.07,1.07,-0.01,0.0,0.03,-0.49,3.56
-0.01,0.06,1.08,0.06,0.15,-0.13,-0.39,3.18
0.01,0.07,1.08,0.01,0.0,0.01,0.4,3.49
0.01,0.07,1.07,0.01,0.01,-0.0,0.65,3.79
0.01,0.07,1.07,0.02,-0.0,0.0,0.71,3.83
0.01,0.07,1.07,0.04,-0.02,0.01,0.73,3.86
0.03,0.07,1.06,0.01,-0.01,0.0,1.49,3.75
0.03,0.07,1.06,0.02,-0.01,-0.0,1.82,3.79
0.03,0.07,1.06,0.03,-0.01,-0.0,1.82,4.0
0.04,0.07,1.06,0.01,-0.01,-0.0,2.26,3.69
0.03,0.07,1.05,-0.0,-0.01,-0.02,1.82,3.85
0.04,0.08,1.05,-0.03,0.01,-0.02,2.05,4.1
0.04,0.07,1.05,-0.04,0.01,-0.02,2.1,3.94
0.04,0.07,1.06,-0.04,-0.01,-0.03,2.24,3.75
0.04,0.06,1.06,-0.05,-0.0,-0.03,2.22,3.34
0.05,0.06,1.06,-0.07,0.02,-0.04,2.55,3.19
0.03,0.06,1.05,-0.07,0.01,-0.06,1.82,3.1
0.02,0.06,1.04,-0.08,-0.0,-0.05,0.85,3.04
0.0,0.06,1.04,-0.06,-0.02,-0.05,0.22,3.14
0.0,0.06,1.04,-0.07,-0.02,-0.04,0.15,3.37
0.02,0.06,1.04,-0.07,-0.03,-0.03,0.83,3.09
0.03,0.05,1.06,-0.06,-0.05,-0.03,1.37,2.87
0.01,0.05,1.06,-0.06,-0.04,-0.02,0.81,2.74
0.01,0.05,1.06,-0.08,-0.02,-0.04,0.41,2.68
0.01,0.05,1.06,-0.08,-0.03,-0.04,0.28,2.83
0.0,0.06,1.06,-0.07,-0.04,-0.04,0.06,3.24
-0.0,0.06,1.05,-0.12,-0.11,0.01,-0.01,3.04
-0.0,0.06,1.06,-0.09,-0.04,-0.05,-0.11,3.16
0.0,0.06,1.06,-0.08,-0.03,-0.05,0.01,2.99
-0.01,0.05,1.07,-0.08,-0.03,-0.04,-0.36,2.85
0.0,0.05,1.05,-0.06,-0.03,-0.05,0.02,2.51
-0.01,0.05,1.05,-0.06,-0.01,-0.06,-0.29,2.49
-0.01,0.05,1.05,-0.06,-0.02,-0.06,-0.59,2.54
-0.02,0.05,1.04,-0.04,-0.04,-0.05,-1.0,2.68
-0.01,0.05,1.05,-0.03,-0.05,-0.06,-0.6,2.53
-0.0,0.04,1.05,-0.03,-0.05,-0.06,-0.15,2.06
0.0,0.04,1.05,-0.04,-0.06,-0.06,0.18,2.14
0.01,0.03,1.05,-0.06,-0.05,-0.06,0.4,1.74
0.01,0.04,1.04,-0.06,-0.05,-0.05,0.51,2.42
-0.01,0.04,1.05,-0.09,-0.03,-0.06,-0.33,2.0
-0.02,0.04,1.04,-0.1,-0.03,-0.05,-1.35,2.47
-0.03,0.04,1.05,-0.09,-0.03,-0.05,-1.6,2.13
-0.03,0.03,1.04,-0.08,-0.04,-0.03,-1.57,1.92
-0.03,0.04,1.04,-0.09,-0.04,-0.03,-1.59,1.99
-0.03,0.03,1.05,-0.08,-0.04,-0.02,-1.88,1.73
-0.02,0.03,1.06,-0.08,-0.03,-0.02,-1.32,1.54
-0.01,0.02,1.07,-0.08,-0.02,-0.01,-0.58,1.17
-0.02,0.02,1.06,-0.07,-0.01,-0.04,-0.92,1.14
-0.03,0.02,1.07,-0.06,0.0,-0.03,-1.35,1.15
-0.04,0.03,1.05,-0.06,0.0,-0.04,-2.07,1.47
-0.03,0.03,1.05,-0.04,-0.02,-0.03,-1.86,1.68
-0.03,0.03,1.04,-0.03,-0.02,-0.03,-1.57,1.79
-0.02,0.04,1.04,-0.05,0.0,-0.02,-1.01,1.92
-0.01,0.03,1.05,-0.03,-0.02,-0.01,-0.68,1.69
-0.01,0.03,1.04,-0.04,-0.0,-0.0,-0.62,1.46
-0.01,0.03,1.04,-0.06,0.01,0.0,-0.42,1.78
-0.01,0.02,1.04,-0.07,0.02,-0.0,-0.39,1.3
-0.02,0.03,1.04,-0.09,0.04,-0.01,-1.18,1.5
-0.03,0.04,1.04,-0.07,0.04,-0.02,-1.69,1.93
-0.04,0.03,1.04,-0.09,0.03,-0.01,-2.28,1.84
-0.03,0.03,1.04,-0.07,0.05,-0.0,-1.7,1.63
-0.03,0.02,1.05,-0.07,0.03,0.0,-1.39,1.36
-0.02,0.02,1.05,-0.07,0.02,0.0,-1.17,1.32
-0.01,0.02,1.05,-0.07,0.03,-0.01,-0.36,1.25
-0.0,0.02,1.05,-0.08,0.04,-0.02,-0.03,0.92
-0.0,0.02,1.04,-0.08,0.04,-0.02,-0.16,0.88
-0.01,0.02,1.04,-0.09,0.04,-0.02,-0.74,0.97
-0.02,0.02,1.04,-0.09,0.04,-0.04,-0.95,1.02
-0.03,0.01,1.04,-0.1,0.06,-0.03,-1.78,0.69
-0.03,0.02,1.03,-0.1,0.05,-0.02,-1.68,1.04
-0.04,0.01,1.04,-0.11,0.05,-0.02,-2.04,0.82
-0.04,0.01,1.04,-0.1,0.05,-0.01,-2.09,0.79
-0.05,0.01,1.04,-0.1,0.07,0.0,-2.63,0.72
-0.04,0.01,1.04,-0.1,0.08,0.01,-2.35,0.67
-0.04,0.01,1.04,-0.11,0.08,0.01,-2.39,0.49
-0.05,0.01,1.04,-0.11,0.07,0.02,-2.76,0.34
-0.06,0.0,1.04,-0.11,0.07,0.02,-3.19,0.27
-0.07,0.01,1.05,-0.1,0.09,0.05,-3.64,0.36
-0.06,0.01,1.06,-0.1,0.08,0.06,-3.35,0.61
-0.06,0.01,1.07,-0.06,0.08,0.06,-2.97,0.59
-0.04,0.01,1.07,-0.08,0.11,0.06,-2.13,0.54
-0.04,0.01,1.07,-0.07,0.12,0.06,-1.88,0.78
-0.04,0.02,1.07,-0.06,0.11,0.05,-2.35,0.93
-0.05,0.03,1.07,-0.07,0.1,0.06,-2.81,1.43
-0.05,0.04,1.07,-0.05,0.12,0.06,-2.89,2.07
-0.05,0.04,1.07,-0.06,0.12,0.07,-2.89,1.89
-0.05,0.03,1.08,-0.05,0.12,0.07,-2.9,1.82
-0.06,0.03,1.09,-0.03,0.1,0.05,-2.9,1.57
-0.06,0.03,1.09,-0.04,0.12,0.05,-3.36,1.57
-0.07,0.03,1.11,-0.06,0.13,0.05,-3.65,1.7
-0.08,0.03,1.11,-0.04,0.13,0.06,-3.86,1.72
-0.07,0.04,1.12,-0.03,0.12,0.06,-3.66,1.89
-0.09,0.04,1.13,-0.04,0.15,0.04,-4.6,1.92
-0.1,0.04,1.14,-0.04,0.14,0.05,-5.02,1.97
-0.11,0.03,1.16,-0.03,0.14,0.04,-5.58,1.7
-0.12,0.03,1.18,-0.02,0.13,0.03,-6.04,1.61
-0.15,0.04,1.2,-0.01,0.14,0.02,-6.89,1.85
-0.15,0.04,1.24,-0.0,0.17,0.01,-6.96,1.92
-0.15,0.04,1.27,-0.0,0.2,0.02,-6.86,1.78
-0.14,0.05,1.29,-0.0,0.23,0.01,-6.24,2.23
-0.14,0.05,1.34,-0.0,0.31,-0.03,-5.98,1.94
-0.13,0.04,1.36,-0.03,0.4,-0.05,-5.39,1.58
-0.12,0.04,1.37,-0.05,0.48,-0.09,-4.95,1.75
-0.12,0.04,1.37,-0.06,0.56,-0.12,-5.18,1.73
-0.14,0.05,1.36,-0.08,0.67,-0.17,-5.77,2.07
-0.14,0.06,1.34,-0.1,0.76,-0.18,-5.83,2.37
-0.14,0.05,1.31,-0.13,0.85,-0.21,-5.93,2.23
-0.14,0.06,1.28,-0.16,0.93,-0.23,-6.24,2.46
-0.15,0.06,1.24,-0.17,1.01,-0.23,-6.73,2.61
-0.15,0.06,1.21,-0.19,1.05,-0.22,-7.02,2.83
-0.15,0.06,1.18,-0.2,1.08,-0.21,-7.44,3.05
-0.17,0.05,1.17,-0.19,1.1,-0.19,-8.09,2.56
-0.17,0.06,1.16,-0.18,1.11,-0.17,-8.4,2.84
-0.19,0.06,1.14,-0.14,1.11,-0.14,-9.33,2.97
-0.19,0.06,1.15,-0.11,1.09,-0.1,-9.52,2.99
-0.2,0.05,1.17,-0.06,1.06,-0.08,-9.75,2.57
-0.2,0.05,1.18,-0.01,1.05,-0.07,-9.66,2.31
-0.2,0.05,1.2,0.06,1.04,-0.05,-9.26,2.51
-0.18,0.06,1.2,0.12,1.02,-0.04,-8.46,2.89
-0.15,0.07,1.21,0.17,1.0,-0.02,-7.28,3.27
-0.12,0.08,1.22,0.21,1.01,-0.01,-5.48,3.63
-0.08,0.08,1.22,0.22,1.06,-0.02,-3.52,3.88
-0.05,0.09,1.22,0.22,1.09,-0.03,-2.16,4.39
-0.02,0.1,1.21,0.21,1.11,-0.05,-0.78,4.9
-0.01,0.13,1.2,0.18,1.14,-0.07,-0.26,6.01
0.01,0.13,1.19,0.14,1.17,-0.08,0.45,6.09
0.02,0.13,1.2,0.1,1.2,-0.09,1.13,6.13
0.04,0.13,1.21,0.05,1.22,-0.12,1.7,5.93
0.03,0.11,1.23,0.02,1.23,-0.15,1.62,5.19
0.03,0.11,1.24,-0.03,1.26,-0.18,1.34,4.88
0.02,0.1,1.23,-0.05,1.28,-0.21,1.1,4.82
0.02,0.1,1.23,-0.08,1.3,-0.23,0.7,4.75
0.01,0.11,1.22,-0.12,1.35,-0.25,0.37,5.1
0.01,0.1,1.22,-0.17,1.37,-0.26,0.53,4.65
-0.0,0.08,1.25,-0.2,1.36,-0.27,-0.13,3.8
-0.01,0.07,1.26,-0.22,1.38,-0.29,-0.37,3.08
-0.02,0.05,1.28,-0.25,1.4,-0.3,-1.04,2.42
-0.04,0.04,1.3,-0.26,1.42,-0.32,-1.55,1.89
-0.03,0.04,1.3,-0.27,1.44,-0.34,-1.28,1.54
-0.04,0.02,1.32,-0.27,1.45,-0.36,-1.68,1.09
-0.05,0.0,1.32,-0.27,1.48,-0.37,-2.36,0.02
-0.07,-0.01,1.32,-0.3,1.53,-0.37,-3.08,-0.24
-0.07,-0.04,1.33,-0.28,1.61,-0.36,-2.99,-1.61
-0.09,-0.05,1.33,-0.27,1.67,-0.36,-3.77,-1.97
-0.1,-0.05,1.33,-0.25,1.72,-0.34,-4.48,-2.24
-0.12,-0.06,1.32,-0.32,1.66,-0.2,-5.12,-2.48
-0.12,-0.06,1.32,-0.21,1.81,-0.28,-5.25,-2.55
-0.12,-0.07,1.31,-0.2,1.89,-0.26,-5.31,-2.85
-0.13,-0.07,1.3,-0.16,1.92,-0.24,-5.67,-3.26
-0.13,-0.08,1.3,-0.14,1.97,-0.2,-5.61,-3.34
-0.11,-0.07,1.31,-0.09,1.98,-0.17,-4.83,-3.11
-0.1,-0.08,1.33,-0.04,1.99,-0.14,-4.32,-3.4
-0.08,-0.08,1.35,0.01,2.02,-0.12,-3.19,-3.51
-0.05,-0.09,1.35,0.04,2.08,-0.11,-2.32,-3.64
-0.03,-0.08,1.35,0.11,2.12,-0.08,-1.4,-3.46
-0.02,-0.07,1.33,0.15,2.16,-0.08,-0.71,-3.11
0.0,-0.07,1.33,0.19,2.21,-0.07,0.1,-2.82
0.04,-0.05,1.31,0.23,2.24,-0.07,1.6,-2.39
0.06,-0.05,1.28,0.26,2.26,-0.08,2.9,-2.05
0.09,-0.04,1.25,0.27,2.37,-0.12,4.21,-1.62
0.11,-0.02,1.21,0.25,2.26,-0.07,5.19,-1.13
0.11,-0.01,1.19,0.23,2.3,-0.09,5.51,-0.45
0.13,-0.0,1.18,0.19,2.32,-0.08,6.37,-0.07
0.14,-0.0,1.17,0.16,2.33,-0.09,7.0,-0.13
0.15,0.0,1.16,0.11,2.34,-0.08,7.58,0.07
0.16,-0.01,1.17,0.07,2.38,-0.08,7.77,-0.38
0.16,-0.01,1.17,0.03,2.37,-0.07,7.71,-0.3
0.17,-0.01,1.17,-0.01,2.41,-0.07,8.32,-0.5
0.19,-0.02,1.16,-0.05,2.44,-0.07,9.33,-0.86
0.2,-0.03,1.16,-0.09,2.48,-0.07,9.62,-1.34
0.2,-0.03,1.17,-0.13,2.52,-0.07,9.62,-1.69
0.19,-0.05,1.18,-0.15,2.55,-0.08,9.13,-2.34
0.18,-0.06,1.19,-0.15,2.56,-0.09,8.85,-2.91
0.18,-0.07,1.18,-0.14,2.6,-0.1,8.47,-3.48
0.16,-0.07,1.18,-0.11,2.61,-0.09,7.8,-3.6
0.17,-0.08,1.18,-0.07,2.62,-0.1,8.04,-3.82
0.16,-0.08,1.18,-0.02,2.61,-0.08,7.8,-3.93
0.16,-0.08,1.16,0.04,2.58,-0.09,7.84,-3.87
0.16,-0.08,1.14,0.07,2.56,-0.08,8.04,-3.76
0.18,-0.06,1.12,0.12,2.52,-0.07,8.9,-2.86
0.2,-0.05,1.11,0.15,2.47,-0.07,10.11,-2.65
0.23,-0.05,1.09,0.17,2.44,-0.07,11.88,-2.79
0.25,-0.06,1.08,0.15,2.46,-0.08,13.19,-2.87
0.26,-0.06,1.07,0.12,2.45,-0.09,13.43,-3.09
0.25,-0.05,1.07,0.12,2.43,-0.09,13.04,-2.64
0.27,-0.04,1.07,0.09,2.49,-0.1,14.15,-2.21
0.28,-0.05,1.06,0.08,2.5,-0.1,14.75,-2.76
0.28,-0.05,1.04,0.07,2.53,-0.12,15.14,-2.58
0.29,-0.05,1.04,0.05,2.53,-0.12,15.46,-2.66
0.27,-0.04,1.03,0.04,2.57,-0.14,14.75,-1.98
0.26,-0.03,1.01,0.0,2.58,-0.14,14.52,-1.58
0.26,-0.04,0.97,-0.02,2.59,-0.13,14.72,-2.18
0.24,-0.04,0.98,-0.04,2.61,-0.12,13.75,-2.5
0.23,-0.05,0.98,-0.05,2.64,-0.12,13.2,-3.05
0.21,-0.05,0.99,-0.07,2.64,-0.1,11.8,-2.62
0.2,-0.05,0.98,-0.04,2.63,-0.09,11.32,-2.64
0.19,-0.06,0.99,-0.02,2.59,-0.05,11.09,-3.2
0.21,-0.07,0.99,0.01,2.57,-0.04,11.64,-4.15
0.21,-0.09,1.0,0.03,2.59,-0.02,12.04,-5.14
0.2,-0.09,1.0,0.09,2.59,0.0,11.47,-4.85
0.19,-0.07,1.0,0.18,2.58,0.03,10.67,-4.17
0.2,-0.05,0.99,0.23,2.53,0.05,11.44,-2.64
0.24,-0.05,0.96,0.27,2.48,0.06,14.12,-2.88
0.27,-0.06,0.93,0.31,2.44,0.05,16.36,-3.42
0.27,-0.06,0.91,0.34,2.41,0.03,16.29,-3.34
0.24,-0.02,0.9,0.36,2.39,0.02,14.81,-1.37
0.22,0.01,0.88,0.36,2.35,0.04,14.12,0.37
0.23,0.01,0.85,0.34,2.34,0.06,15.34,0.95
0.26,0.01,0.84,0.31,2.33,0.07,17.28,0.95
0.28,0.02,0.83,0.29,2.34,0.06,18.58,1.06
0.28,0.02,0.83,0.24,2.36,0.05,18.5,1.63
0.28,0.04,0.84,0.2,2.36,0.04,18.64,2.41
0.28,0.03,0.83,0.2,2.32,0.02,18.38,1.89
0.28,0.03,0.83,0.19,2.3,0.01,18.25,2.08
0.27,0.04,0.83,0.16,2.31,-0.01,18.02,2.57
0.26,0.05,0.82,0.16,2.32,-0.01,17.79,3.51
0.25,0.07,0.81,0.15,2.31,-0.03,17.17,4.89
0.23,0.07,0.79,0.14,2.28,-0.04,15.91,5.09
0.19,0.08,0.77,0.09,2.28,-0.05,13.83,5.41
0.16,0.07,0.77,0.05,2.29,-0.03,11.39,5.42
0.14,0.07,0.79,0.04,2.26,-0.0,9.78,4.76
0.13,0.06,0.8,0.02,2.23,0.04,9.04,4.29
0.13,0.05,0.82,0.0,2.24,0.07,8.72,3.21
0.14,0.03,0.83,0.03,2.19,0.1,9.56,1.73
0.13,0.01,0.85,0.07,2.17,0.11,8.82,0.46
0.14,0.0,0.86,0.1,2.16,0.13,8.98,0.15
0.15,0.02,0.87,0.16,2.1,0.17,9.69,1.09
0.16,0.01,0.86,0.22,2.08,0.19,10.85,0.77
0.17,0.03,0.82,0.28,2.04,0.19,11.78,2.36
0.17,0.05,0.8,0.32,2.02,0.21,11.98,3.66
0.16,0.07,0.79,0.34,2.03,0.19,11.45,5.07
0.15,0.09,0.78,0.35,2.0,0.2,10.75,6.47
0.14,0.11,0.77,0.4,1.95,0.2,10.42,8.21
0.14,0.13,0.76,0.41,1.9,0.2,10.48,9.27
0.15,0.16,0.74,0.41,1.85,0.19,11.09,12.01
0.16,0.17,0.72,0.4,1.79,0.18,12.4,13.37
0.15,0.17,0.71,0.37,1.77,0.14,11.85,13.14
0.12,0.19,0.7,0.35,1.73,0.14,9.43,14.85
0.1,0.2,0.71,0.3,1.72,0.12,7.72,15.59
0.11,0.21,0.72,0.26,1.66,0.11,8.18,16.26
0.12,0.19,0.72,0.21,1.66,0.1,9.02,14.59
0.13,0.19,0.73,0.2,1.6,0.09,9.55,14.74
0.11,0.19,0.75,0.17,1.58,0.07,8.22,13.83
0.1,0.18,0.76,0.12,1.55,0.05,7.58,13.53
0.12,0.17,0.77,0.09,1.5,0.05,8.59,12.34
0.12,0.14,0.78,0.06,1.51,0.03,8.9,10.35
0.11,0.13,0.82,0.06,1.49,0.03,7.69,8.9
0.1,0.12,0.84,0.05,1.47,0.03,6.44,7.85
0.09,0.11,0.86,0.07,1.43,0.04,6.13,7.05
0.11,0.08,0.87,0.1,1.39,0.03,7.22,5.53
0.12,0.06,0.89,0.13,1.37,0.03,7.62,3.57
0.12,0.05,0.91,0.18,1.34,0.04,7.6,3.37
0.11,0.06,0.93,0.23,1.28,0.04,7.03,3.48
0.1,0.06,0.93,0.3,1.21,0.05,6.29,3.95
0.08,0.08,0.9,0.33,1.14,0.03,4.85,5.11
0.07,0.08,0.89,0.35,1.08,0.03,4.56,5.14
0.05,0.09,0.89,0.35,1.06,0.03,3.33,5.82
0.02,0.12,0.89,0.34,1.04,0.05,1.43,7.65
-0.02,0.16,0.87,0.29,1.03,0.07,-1.11,10.15
-0.03,0.2,0.83,0.21,1.06,0.1,-1.71,13.45
-0.03,0.24,0.78,0.09,1.09,0.13,-2.21,17.2
-0.03,0.27,0.73,-0.03,1.1,0.14,-1.86,19.93
-0.0,0.28,0.72,-0.17,1.11,0.11,-0.08,21.07
0.02,0.27,0.73,-0.31,1.13,0.08,1.39,20.41
0.04,0.24,0.74,-0.42,1.14,0.06,2.87,18.34
0.05,0.21,0.76,-0.49,1.18,0.03,3.25,15.45
0.05,0.19,0.81,-0.53,1.17,0.02,3.73,13.04
0.07,0.16,0.85,-0.53,1.19,0.01,4.56,10.75
0.08,0.15,0.86,-0.49,1.17,-0.02,5.32,9.76
0.09,0.14,0.87,-0.47,1.14,-0.04,5.66,9.38
0.08,0.15,0.87,-0.42,1.12,-0.06,4.91,9.68
0.06,0.17,0.86,-0.4,1.1,-0.09,3.8,10.89
0.04,0.19,0.85,-0.37,1.05,-0.09,2.83,12.41
0.04,0.2,0.83,-0.36,1.0,-0.1,2.36,13.58
0.02,0.21,0.79,-0.36,0.96,-0.13,1.54,14.92
0.01,0.24,0.78,-0.38,0.93,-0.15,0.53,16.84
-0.01,0.25,0.77,-0.43,0.88,-0.18,-0.45,17.87
-0.02,0.26,0.76,-0.49,0.87,-0.21,-1.1,18.57
-0.01,0.26,0.76,-0.54,0.83,-0.24,-0.79,18.55
-0.02,0.25,0.75,-0.62,0.83,-0.28,-1.77,18.27
-0.03,0.23,0.75,-0.68,0.86,-0.3,-1.83,16.73
-0.03,0.2,0.76,-0.74,0.87,-0.32,-2.21,14.71
-0.05,0.18,0.79,-0.79,0.87,-0.31,-3.5,12.63
-0.03,0.13,0.85,-0.82,0.9,-0.3,-1.85,8.45
-0.03,0.09,0.85,-0.8,0.94,-0.28,-1.98,5.73
-0.03,0.05,0.87,-0.76,0.98,-0.26,-1.71,3.47
-0.03,0.02,0.92,-0.7,1.01,-0.22,-1.69,1.07
-0.02,-0.0,0.94,-0.59,1.03,-0.19,-1.34,-0.02
-0.01,-0.01,0.98,-0.48,1.0,-0.14,-0.87,-0.48
-0.0,-0.01,0.99,-0.32,0.96,-0.09,-0.19,-0.43
0.01,-0.01,0.97,-0.15,0.89,-0.07,0.82,-0.84
0.03,-0.02,0.94,0.02,0.82,-0.06,1.54,-1.13
0.02,-0.01,0.94,0.18,0.72,-0.05,1.01,-0.52
-0.0,0.01,0.93,0.34,0.62,-0.06,-0.02,0.4
-0.04,0.03,0.89,0.48,0.52,-0.06,-2.33,2.24
-0.06,0.06,0.86,0.58,0.46,-0.05,-3.92,4.08
-0.09,0.09,0.82,0.77,0.6,-0.25,-6.08,6.28
-0.12,0.13,0.8,0.66,0.37,-0.05,-8.38,8.99
-0.15,0.14,0.78,0.66,0.33,-0.04,-10.62,10.0
-0.18,0.17,0.76,0.64,0.35,-0.04,-13.19,12.32
-0.19,0.19,0.75,0.57,0.34,-0.02,-14.1,13.97
-0.2,0.2,0.75,0.51,0.34,-0.01,-14.69,14.64
-0.2,0.2,0.76,0.42,0.33,0.01,-14.52,14.19
-0.2,0.19,0.76,0.34,0.35,0.03,-14.4,13.74
-0.18,0.17,0.78,0.27,0.38,0.07,-12.41,12.2
-0.14,0.15,0.81,0.24,0.37,0.11,-9.82,10.3
-0.11,0.13,0.82,0.22,0.39,0.12,-7.42,9.19
-0.07,0.11,0.84,0.22,0.38,0.13,-4.83,7.51
-0.05,0.09,0.86,0.26,0.36,0.15,-3.09,6.18
-0.02,0.07,0.88,0.29,0.32,0.18,-1.49,4.78
0.01,0.07,0.9,0.39,0.29,0.18,0.72,4.19
0.02,0.08,0.9,0.49,0.28,0.16,1.38,5.03
0.02,0.1,0.88,0.57,0.25,0.16,1.27,6.6
0.0,0.12,0.86,0.63,0.21,0.14,0.24,7.71
-0.01,0.13,0.85,0.69,0.17,0.13,-1.0,8.82
-0.02,0.15,0.85,0.71,0.17,0.11,-1.49,10.0
-0.04,0.17,0.84,0.74,0.13,0.09,-2.5,11.61
-0.06,0.19,0.82,0.73,0.12,0.06,-4.25,12.93
-0.1,0.22,0.81,0.71,0.08,0.04,-6.69,14.88
-0.14,0.25,0.78,0.65,0.06,0.03,-9.58,17.57
-0.17,0.26,0.78,0.54,0.07,0.01,-11.96,18.24
-0.2,0.27,0.78,0.43,0.06,0.02,-13.63,18.75
-0.22,0.28,0.78,0.32,0.03,0.03,-15.0,18.83
-0.21,0.27,0.81,0.21,0.04,0.04,-14.0,17.67
-0.18,0.26,0.82,0.07,0.05,0.06,-11.48,17.0
-0.16,0.25,0.82,-0.02,0.03,0.08,-10.7,16.54
-0.14,0.23,0.82,-0.12,0.06,0.07,-9.21,15.74
-0.1,0.21,0.83,-0.19,0.05,0.07,-6.92,14.27
-0.08,0.19,0.84,-0.27,0.06,0.05,-5.18,12.91
-0.05,0.17,0.84,-0.34,0.04,0.03,-3.09,11.27
-0.01,0.12,0.86,-0.35,0.02,0.01,-0.53,7.6
0.02,0.08,0.87,-0.34,0.02,-0.02,1.09,5.43
0.04,0.06,0.91,-0.32,0.04,-0.04,2.51,3.53
0.05,0.04,0.92,-0.28,0.05,-0.05,3.14,2.39
0.05,0.03,0.93,-0.21,0.05,-0.08,3.07,1.78
0.02,0.03,0.94,-0.17,0.06,-0.07,1.42,1.59
-0.01,0.03,0.93,-0.12,0.03,-0.07,-0.71,1.9
-0.03,0.02,0.94,-0.09,0.01,-0.06,-1.61,1.4
-0.03,0.01,0.95,-0.05,-0.03,-0.05,-2.1,0.8
-0.04,0.02,0.97,-0.0,-0.06,-0.03,-2.3,1.03
-0.06,0.03,0.98,0.02,-0.08,-0.01,-3.33,1.75
-0.08,0.05,0.97,0.03,-0.11,0.03,-4.92,3.17
-0.1,0.08,0.94,0.03,-0.16,0.07,-5.73,4.72
-0.09,0.09,0.92,-0.0,-0.17,0.1,-5.5,5.4
-0.08,0.09,0.91,-0.06,-0.16,0.11,-4.75,5.44
-0.04,0.09,0.91,-0.11,-0.17,0.14,-2.35,5.45
-0.0,0.08,0.92,-0.15,-0.14,0.14,-0.05,4.97
0.05,0.07,0.93,-0.15,-0.12,0.14,3.07,4.49
0.08,0.07,0.92,-0.18,-0.07,0.13,4.93,4.19
0.1,0.06,0.92,-0.18,-0.05,0.11,6.18,3.55
0.12,0.05,0.93,-0.16,-0.04,0.08,7.25,3.06
0.12,0.05,0.94,-0.12,-0.04,0.05,7.48,2.77
0.11,0.04,0.95,-0.1,-0.01,0.02,6.54,2.22
0.09,0.02,0.97,-0.08,-0.01,0.01,5.45,1.45
0.06,0.03,0.98,-0.01,-0.03,-0.0,3.76,1.72
0.05,0.05,0.97,-0.01,-0.03,0.01,2.72,2.88
0.04,0.05,0.97,0.0,-0.03,0.01,2.24,3.19
0.02,0.06,0.96,0.01,-0.01,0.03,1.42,3.47
0.03,0.06,0.96,0.01,0.0,0.04,1.63,3.82
0.02,0.06,0.97,-0.01,0.02,0.07,1.07,3.77
0.02,0.06,0.97,-0.04,0.06,0.07,1.09,3.77
0.02,0.06,0.98,-0.03,0.06,0.09,1.23,3.8
0.02,0.08,0.98,-0.01,0.07,0.1,1.17,4.47
0.02,0.09,0.97,-0.01,0.08,0.11,1.08,5.02
0.01,0.09,0.95,-0.05,0.1,0.11,0.65,5.59
0.01,0.1,0.94,-0.05,0.1,0.12,0.82,6.17
0.02,0.1,0.94,-0.07,0.09,0.12,1.2,6.35
0.03,0.1,0.94,-0.06,0.06,0.12,1.62,6.12
0.04,0.09,0.94,-0.06,0.05,0.08,2.4,5.61
0.04,0.09,0.95,-0.08,0.04,0.07,2.64,5.55
0.06,0.09,0.95,-0.04,-0.0,0.05,3.52,5.31
0.05,0.09,0.96,-0.02,-0.04,0.01,3.27,5.49
0.04,0.1,0.94,-0.03,-0.06,-0.02,2.59,6.03
0.02,0.11,0.94,-0.05,-0.08,-0.03,1.03,6.58
-0.0,0.1,0.94,-0.07,-0.1,-0.03,-0.25,6.1
-0.01,0.09,0.96,-0.11,-0.1,-0.01,-0.65,5.55
-0.01,0.08,0.97,-0.14,-0.1,-0.0,-0.8,4.99
-0.01,0.08,0.98,-0.17,-0.07,0.02,-0.3,4.43
0.01,0.07,0.99,-0.2,-0.07,0.04,0.35,3.91
0.02,0.06,0.99,-0.21,-0.07,0.06,0.95,3.21
0.05,0.05,1.0,-0.22,-0.04,0.07,2.73,2.63
0.08,0.03,1.01,-0.22,-0.01,0.1,4.35,1.67
0.08,0.03,1.01,-0.2,-0.01,0.13,4.38,1.79
0.09,0.04,1.0,-0.16,-0.0,0.13,5.28,2.08
0.11,0.04,0.99,-0.12,0.02,0.12,6.13,2.02
0.11,0.05,0.99,-0.1,0.02,0.12,6.06,2.66
0.11,0.05,1.0,-0.07,0.03,0.1,6.02,2.78
0.1,0.07,1.0,-0.01,-0.0,0.1,5.67,3.73
0.08,0.07,0.98,0.01,-0.0,0.09,4.91,4.24
0.08,0.09,0.96,0.03,0.02,0.09,4.53,5.39
0.06,0.1,0.96,0.05,0.01,0.08,3.83,5.79
0.04,0.12,0.95,0.04,-0.02,0.07,2.31,7.23
0.04,0.13,0.93,0.02,-0.02,0.05,2.44,8.22
0.04,0.13,0.92,0.0,-0.02,0.04,2.58,8.23
0.06,0.14,0.92,-0.03,-0.02,0.04,3.46,8.57
0.06,0.14,0.92,0.01,0.13,-0.12,3.87,8.8
0.07,0.14,0.92,-0.08,-0.01,0.01,4.17,8.41
0.07,0.13,0.91,-0.1,0.02,-0.01,4.18,8.26
0.07,0.12,0.92,-0.11,0.01,-0.02,4.12,7.57
0.06,0.11,0.92,-0.12,0.01,-0.04,3.95,6.66
0.06,0.09,0.92,-0.12,0.02,-0.05,3.84,5.39
0.05,0.07,0.93,-0.11,0.03,-0.05,3.11,4.27
0.04,0.07,0.93,-0.09,0.03,-0.05,2.36,4.05
0.03,0.06,0.93,-0.07,0.01,-0.04,1.86,3.98
0.02,0.06,0.92,-0.04,0.01,-0.04,1.32,3.77
0.01,0.06,0.91,-0.03,-0.0,-0.02,0.67,3.92
0.0,0.08,0.9,-0.01,-0.01,-0.01,0.1,5.0
-0.0,0.08,0.89,-0.02,-0.01,-0.02,-0.15,5.33
-0.01,0.09,0.87,-0.02,-0.02,-0.03,-0.78,5.85
-0.01,0.09,0.86,-0.03,-0.02,-0.04,-0.98,5.96
-0.02,0.1,0.86,-0.04,-0.02,-0.04,-1.47,6.49
-0.02,0.11,0.86,-0.05,-0.04,-0.05,-1.15,7.22
-0.02,0.1,0.86,-0.05,-0.06,-0.06,-1.08,6.69
-0.02,0.09,0.86,-0.07,-0.05,-0.07,-1.33,6.28
-0.03,0.08,0.87,-0.08,-0.07,-0.07,-1.88,5.49
-0.04,0.07,0.87,-0.08,-0.09,-0.07,-2.66,4.85
-0.04,0.07,0.88,-0.09,-0.09,-0.06,-2.6,4.58
-0.03,0.08,0.88,-0.09,-0.12,-0.06,-1.91,5.1
-0.02,0.09,0.87,-0.11,-0.14,-0.05,-1.55,5.69
-0.02,0.08,0.85,-0.13,-0.17,-0.07,-1.58,5.38
-0.03,0.08,0.85,-0.15,-0.17,-0.09,-1.89,5.21
-0.04,0.07,0.87,-0.2,-0.15,-0.08,-2.63,4.32
-0.04,0.05,0.9,-0.22,-0.15,-0.06,-2.59,3.18
-0.03,0.04,0.92,-0.27,-0.15,-0.04,-2.02,2.62
-0.02,0.02,0.93,-0.26,-0.12,-0.01,-1.52,1.3
-0.02,0.02,0.95,-0.26,-0.09,0.01,-1.06,1.27
-0.02,0.02,0.95,-0.26,-0.11,0.02,-1.04,1.18
-0.02,0.0,0.96,-0.25,-0.08,0.03,-1.29,0.19
-0.04,-0.01,0.99,-0.23,-0.09,0.07,-2.18,-0.36
-0.04,0.0,1.01,-0.21,-0.06,0.11,-2.05,0.21
-0.05,0.01,1.01,-0.18,-0.07,0.16,-2.57,0.6
-0.04,0.03,0.99,-0.21,-0.12,0.22,-2.04,1.59
-0.01,0.02,0.97,-0.16,-0.12,0.23,-0.74,1.03
0.03,0.03,0.98,-0.14,-0.12,0.22,1.55,1.85
0.07,0.04,0.98,-0.12,-0.1,0.23,3.97,2.4
0.12,0.06,0.98,-0.04,-0.13,0.21,6.81,3.28
0.14,0.08,0.97,0.0,-0.12,0.19,8.06,4.54
0.13,0.11,0.94,0.06,-0.12,0.14,8.03,6.3
0.12,0.14,0.91,0.09,-0.12,0.09,7.18,8.52
0.08,0.17,0.91,0.11,-0.12,0.03,5.11,10.66
0.03,0.2,0.91,0.11,-0.15,-0.01,2.01,12.49
-0.01,0.22,0.89,0.08,-0.16,-0.05,-0.55,13.56
-0.04,0.23,0.88,0.0,-0.17,-0.07,-2.52,14.87
-0.08,0.25,0.86,-0.07,-0.2,-0.09,-4.86,15.84
-0.08,0.25,0.85,-0.18,-0.22,-0.11,-5.3,16.25
-0.07,0.23,0.86,-0.28,-0.21,-0.13,-4.78,14.75
-0.05,0.19,0.88,-0.36,-0.2,-0.13,-3.46,12.22
-0.03,0.16,0.91,-0.44,-0.17,-0.15,-2.12,9.92
-0.01,0.12,0.94,-0.49,-0.17,-0.14,-0.73,7.56
0.01,0.09,0.96,-0.5,-0.13,-0.13,0.89,5.4
0.03,0.07,0.97,-0.48,-0.12,-0.12,1.9,3.94
0.05,0.05,0.98,-0.44,-0.11,-0.11,2.67,3.19
0.04,0.04,0.98,-0.36,-0.13,-0.11,2.29,2.55
0.04,0.03,0.98,-0.28,-0.14,-0.11,2.34,1.94
0.03,0.03,0.97,-0.21,-0.16,-0.11,1.72,1.76
0.02,0.03,0.96,-0.14,-0.18,-0.11,1.14,1.54
0.01,0.03,0.95,-0.06,-0.2,-0.1,0.51,1.71
0.0,0.04,0.94,0.03,-0.23,-0.09,0.27,2.52
0.0,0.06,0.91,0.09,-0.21,-0.08,0.07,3.59
-0.01,0.08,0.88,0.18,-0.24,-0.08,-0.62,5.11
-0.03,0.11,0.84,0.25,-0.26,-0.09,-1.95,7.17
-0.05,0.12,0.81,0.31,-0.25,-0.09,-3.17,8.64
-0.07,0.15,0.77,0.34,-0.23,-0.1,-5.28,10.72
-0.12,0.17,0.74,0.38,-0.24,-0.11,-9.26,12.66
-0.18,0.2,0.72,0.42,-0.26,-0.1,-13.34,14.72
-0.21,0.21,0.7,0.42,-0.27,-0.08,-15.9,16.25
-0.24,0.23,0.68,0.42,-0.28,-0.05,-18.7,17.41
-0.27,0.25,0.66,0.42,-0.31,-0.01,-21.09,19.49
-0.3,0.28,0.63,0.41,-0.41,0.02,-23.8,21.65
-0.33,0.29,0.6,0.38,-0.52,0.04,-26.09,22.87
-0.34,0.29,0.59,0.35,-0.63,0.05,-27.26,22.89
-0.33,0.27,0.6,0.31,-0.76,0.06,-26.4,21.49
-0.3,0.26,0.62,0.32,-0.93,0.09,-24.4,20.81
-0.28,0.26,0.64,0.34,-1.08,0.11,-22.24,20.32
-0.25,0.27,0.63,0.37,-1.24,0.11,-20.13,21.75
-0.23,0.28,0.6,0.39,-1.43,0.1,-19.25,23.43
-0.2,0.27,0.58,0.39,-1.58,0.08,-17.69,23.67
-0.15,0.24,0.57,0.41,-1.73,0.05,-13.44,21.78
-0.12,0.2,0.6,0.41,-1.82,0.03,-10.61,18.36
-0.11,0.19,0.61,0.46,-1.89,0.03,-9.52,17.22
-0.12,0.19,0.62,0.52,-1.95,0.04,-10.58,16.42
-0.13,0.18,0.62,0.56,-1.99,0.07,-11.43,15.76
-0.15,0.18,0.6,0.59,-1.99,0.11,-13.46,16.04
-0.17,0.2,0.59,0.62,-2.02,0.17,-15.12,18.03
-0.21,0.22,0.57,0.65,-2.05,0.23,-18.8,20.26
-0.25,0.25,0.54,0.65,-2.09,0.3,-22.9,22.38
-0.28,0.26,0.51,0.61,-2.12,0.37,-26.39,23.64
-0.32,0.26,0.49,0.57,-2.16,0.47,-30.26,23.81
-0.36,0.25,0.5,0.53,-2.24,0.57,-32.87,22.2
-0.39,0.25,0.49,0.48,-2.29,0.69,-35.56,22.2
-0.41,0.24,0.48,0.42,-2.32,0.83,-37.31,20.72
-0.42,0.23,0.47,0.37,-2.39,0.98,-39.07,19.98
-0.45,0.23,0.45,0.31,-2.47,1.13,-41.3,19.8
-0.43,0.22,0.43,0.24,-2.57,1.29,-41.82,20.1
-0.36,0.22,0.38,0.16,-2.62,1.42,-39.47,22.29
-0.29,0.18,0.38,0.09,-2.7,1.53,-34.89,21.1
-0.32,0.18,0.36,0.04,-2.8,1.65,-38.58,20.66
-0.3,0.19,0.34,-0.03,-2.86,1.79,-37.75,23.1
-0.23,0.18,0.31,-0.12,-2.91,1.92,-32.5,25.83
-0.12,0.17,0.28,-0.16,-3.0,2.03,-20.42,29.6
0.03,0.17,0.29,-0.19,-3.1,2.07,5.64,29.99
0.25,0.17,0.32,-0.16,-3.26,2.03,35.16,22.45
0.46,0.17,0.34,-0.1,-3.41,1.89,50.47,16.94
0.62,0.18,0.36,0.0,-3.55,1.65,57.43,14.18
0.71,0.19,0.36,0.14,-3.69,1.33,60.1,13.64
0.69,0.23,0.36,0.22,-3.8,1.03,58.5,16.65
0.63,0.28,0.34,0.25,-3.89,0.77,54.88,21.38
0.52,0.32,0.34,0.22,-4.01,0.56,47.77,27.55
0.42,0.37,0.32,0.13,-4.14,0.4,40.64,35.22
0.34,0.4,0.3,-0.03,-4.27,0.32,34.04,41.9
0.29,0.41,0.28,-0.26,-4.36,0.29,30.32,45.67
0.29,0.39,0.29,-0.55,-4.4,0.31,30.63,43.56
0.31,0.33,0.31,-0.85,-4.4,0.36,33.75,37.49
0.33,0.26,0.36,-1.14,-4.4,0.44,36.82,27.95
0.35,0.17,0.45,-1.41,-4.27,0.54,36.16,16.56
0.35,0.13,0.51,-1.67,-4.18,0.65,33.21,11.58
0.34,0.08,0.55,-1.93,-4.05,0.79,31.4,6.69
0.34,0.0,0.58,-2.19,-3.91,0.92,30.44,0.42
0.37,-0.09,0.65,-2.42,-3.75,1.05,29.34,-6.88
0.38,-0.19,0.74,-2.62,-3.57,1.19,26.44,-13.13
0.38,-0.29,0.85,-2.73,-3.36,1.32,23.22,-17.02
0.39,-0.35,0.96,-2.8,-3.21,1.43,20.7,-18.98
0.41,-0.41,1.04,-2.81,-3.09,1.51,19.84,-20.32
0.45,-0.47,1.16,-2.73,-3.02,1.56,19.84,-20.49
0.52,-0.52,1.31,-2.6,-2.95,1.56,20.4,-20.34
0.59,-0.56,1.43,-2.37,-2.91,1.5,21.01,-19.9
0.63,-0.56,1.53,-2.06,-2.88,1.39,21.01,-18.72
0.67,-0.53,1.59,-1.69,-2.88,1.22,21.76,-17.05
0.68,-0.49,1.61,-1.31,-2.97,1.01,21.88,-15.73
0.64,-0.45,1.61,-0.91,-3.08,0.79,21.07,-14.52
0.55,-0.39,1.58,-0.54,-3.18,0.6,18.67,-13.0
0.53,-0.27,1.39,-0.23,-3.34,0.44,20.43,-10.19
0.47,-0.24,1.33,-0.03,-3.52,0.3,19.32,-9.57
0.42,-0.14,1.17,0.09,-3.68,0.21,19.54,-6.22
0.4,-0.07,1.06,0.09,-3.79,0.16,20.75,-3.38
0.41,-0.02,1.01,-0.01,-3.87,0.16,22.0,-0.97
0.43,0.01,0.99,-0.21,-3.88,0.19,23.39,0.41
0.46,0.03,0.97,-0.46,-3.8,0.22,25.32,1.62
0.5,0.03,0.98,-0.77,-3.68,0.24,26.82,1.68
0.51,0.01,1.02,-1.12,-3.5,0.26,26.66,0.27
0.51,-0.05,1.1,-1.49,-3.26,0.28,24.94,-2.19
0.45,-0.11,1.19,-1.78,-2.99,0.29,20.57,-5.12
0.35,-0.17,1.29,-1.99,-2.72,0.33,14.94,-7.35
0.23,-0.23,1.37,-2.14,-2.42,0.38,9.51,-9.42
0.13,-0.28,1.42,-2.16,-2.17,0.44,5.16,-11.24
0.04,-0.32,1.47,-2.11,-2.02,0.49,1.65,-12.4
-0.03,-0.33,1.5,-1.98,-1.9,0.56,-1.07,-12.48
-0.06,-0.33,1.52,-1.8,-1.88,0.6,-2.27,-12.31
-0.06,-0.32,1.55,-1.54,-1.96,0.64,-2.31,-11.82
-0.02,-0.31,1.58,-1.28,-2.06,0.64,-0.76,-11.12
0.04,-0.29,1.61,-1.0,-2.17,0.6,1.29,-10.07
0.09,-0.24,1.61,-0.75,-2.29,0.53,3.28,-8.65
0.14,-0.2,1.58,-0.51,-2.45,0.43,4.94,-7.14
0.17,-0.16,1.55,-0.31,-2.63,0.31,6.25,-5.98
0.19,-0.12,1.53,-0.16,-2.79,0.19,6.89,-4.35
0.2,-0.07,1.51,-0.08,-2.9,0.11,7.38,-2.8
0.18,-0.04,1.48,-0.05,-2.98,0.02,7.02,-1.62
0.18,-0.02,1.46,-0.1,-2.99,-0.04,6.88,-0.96
0.15,-0.02,1.46,-0.17,-2.98,-0.07,5.76,-0.74
0.1,-0.02,1.46,-0.26,-2.88,-0.09,3.97,-0.73
0.04,-0.02,1.49,-0.34,-2.75,-0.07,1.44,-0.92
-0.01,-0.03,1.53,-0.42,-2.59,-0.03,-0.45,-1.24
-0.05,-0.04,1.55,-0.46,-2.39,0.0,-1.82,-1.59
-0.06,-0.04,1.55,-0.51,-2.18,0.05,-2.21,-1.48
-0.07,-0.03,1.52,-0.58,-1.94,0.08,-2.63,-1.07
-0.07,-0.02,1.49,-0.62,-1.76,0.12,-2.78,-0.76
-0.08,-0.01,1.46,-0.67,-1.58,0.14,-3.0,-0.54
-0.06,-0.01,1.45,-0.71,-1.44,0.16,-2.38,-0.23
-0.06,-0.01,1.46,-0.73,-1.32,0.15,-2.53,-0.31
-0.07,-0.0,1.45,-0.74,-1.22,0.12,-2.69,-0.19
-0.08,0.0,1.43,-0.69,-1.17,0.1,-3.08,0.01
-0.07,0.01,1.41,-0.65,-1.12,0.06,-2.97,0.28
-0.08,0.02,1.38,-0.62,-1.12,0.03,-3.26,0.73
-0.07,0.02,1.35,-0.56,-1.15,0.01,-3.04,0.93
-0.09,0.02,1.32,-0.5,-1.2,-0.02,-3.78,0.92
-0.11,0.02,1.3,-0.44,-1.23,-0.05,-4.81,0.99
-0.11,0.04,1.26,-0.4,-1.29,-0.06,-4.81,1.69
-0.1,0.06,1.23,-0.36,-1.31,-0.06,-4.72,2.55
-0.1,0.05,1.2,-0.33,-1.36,-0.04,-4.88,2.61
-0.08,0.06,1.19,-0.31,-1.39,-0.04,-4.06,2.81
-0.07,0.04,1.19,-0.31,-1.39,-0.03,-3.28,2.01
-0.07,0.04,1.2,-0.31,-1.42,-0.01,-3.51,1.89
-0.08,0.03,1.2,-0.3,-1.44,-0.02,-3.63,1.55
-0.08,0.03,1.21,-0.29,-1.42,-0.02,-3.79,1.34
-0.07,0.03,1.22,-0.28,-1.36,-0.02,-3.35,1.32
-0.06,0.03,1.22,-0.28,-1.35,-0.0,-2.59,1.35
-0.03,0.03,1.22,-0.3,-1.28,-0.01,-1.42,1.36
-0.02,0.02,1.22,-0.31,-1.25,-0.03,-0.81,1.11
-0.02,0.02,1.23,-0.36,-1.2,-0.05,-0.99,1.0
-0.04,0.02,1.26,-0.36,-1.16,-0.06,-1.71,0.99
-0.04,0.03,1.27,-0.34,-1.15,-0.07,-1.8,1.47
-0.03,0.03,1.28,-0.35,-1.11,-0.1,-1.5,1.47
-0.02,0.04,1.26,-0.36,-1.07,-0.14,-1.04,1.68
-0.02,0.04,1.25,-0.36,-1.05,-0.18,-0.97,2.05
-0.03,0.05,1.22,-0.37,-1.04,-0.21,-1.28,2.24
-0.04,0.05,1.19,-0.41,-1.03,-0.23,-1.94,2.28
-0.06,0.04,1.18,-0.43,-1.05,-0.24,-2.99,1.93
-0.08,0.04,1.19,-0.45,-1.04,-0.24,-3.73,2.11
-0.1,0.04,1.18,-0.47,-1.07,-0.23,-4.72,2.13
-0.09,0.04,1.19,-0.5,-1.08,-0.23,-4.45,1.71
-0.11,0.02,1.21,-0.53,-1.05,-0.23,-4.97,1.01
-0.12,0.01,1.21,-0.55,-1.05,-0.23,-5.69,0.63
-0.15,0.01,1.23,-0.56,-1.05,-0.23,-6.93,0.52
-0.18,0.0,1.25,-0.55,-1.04,-0.22,-8.2,0.1
-0.2,-0.0,1.27,-0.55,-1.0,-0.23,-8.91,-0.05
-0.23,-0.01,1.29,-0.52,-0.99,-0.22,-10.24,-0.45
-0.26,-0.02,1.31,-0.49,-0.93,-0.23,-11.26,-0.85
-0.29,-0.03,1.32,-0.43,-0.91,-0.24,-12.48,-1.23
-0.33,-0.03,1.33,-0.34,-0.85,-0.24,-13.85,-1.43
-0.35,-0.04,1.33,-0.26,-0.84,-0.23,-14.85,-1.76
-0.37,-0.05,1.34,-0.14,-0.82,-0.23,-15.35,-1.86
-0.37,-0.04,1.34,-0.01,-0.81,-0.23,-15.58,-1.59
-0.36,-0.03,1.33,0.11,-0.76,-0.23,-15.34,-1.33
-0.35,-0.02,1.29,0.22,-0.74,-0.23,-15.07,-0.97
-0.33,-0.01,1.27,0.35,-0.73,-0.21,-14.48,-0.55
-0.29,0.0,1.23,0.43,-0.71,-0.18,-13.46,0.07
-0.27,0.02,1.19,0.49,-0.68,-0.17,-12.6,0.99
-0.23,0.04,1.16,0.54,-0.65,-0.14,-11.11,1.71
-0.18,0.05,1.13,0.59,-0.6,-0.16,-8.85,2.63
-0.12,0.07,1.1,0.53,-0.62,-0.06,-6.36,3.42
-0.08,0.09,1.08,0.51,-0.56,-0.04,-4.35,4.56
-0.05,0.1,1.06,0.45,-0.55,-0.02,-2.59,5.17
0.0,0.11,1.05,0.37,-0.55,0.01,0.22,5.84
0.01,0.11,1.05,0.28,-0.53,0.02,0.55,5.8
0.0,0.11,1.07,0.18,-0.47,0.02,0.05,5.75
0.0,0.11,1.08,0.1,-0.48,0.04,0.08,5.71
-0.01,0.11,1.09,0.03,-0.48,0.03,-0.37,5.61
-0.03,0.09,1.11,-0.03,-0.49,0.04,-1.5,4.6
-0.05,0.08,1.16,-0.08,-0.48,0.01,-2.51,3.89
-0.09,0.07,1.19,-0.1,-0.49,0.01,-4.12,3.51
-0.12,0.07,1.24,-0.09,-0.52,-0.01,-5.5,3.16
-0.13,0.07,1.29,-0.06,-0.53,-0.05,-5.91,2.89
-0.13,0.05,1.31,-0.01,-0.48,-0.11,-5.83,2.31
-0.13,0.06,1.31,0.05,-0.44,-0.16,-5.57,2.73
-0.1,0.06,1.28,0.11,-0.34,-0.31,-4.61,2.67
-0.09,0.07,1.23,0.09,-0.39,-0.24,-4.35,3.12
-0.09,0.08,1.19,0.09,-0.34,-0.26,-4.29,3.63
-0.09,0.08,1.15,0.07,-0.3,-0.29,-4.39,3.85
-0.1,0.08,1.11,0.06,-0.28,-0.3,-4.91,4.09
-0.09,0.07,1.09,0.05,-0.27,-0.29,-4.76,3.91
-0.08,0.07,1.07,0.02,-0.24,-0.27,-4.29,3.86
-0.07,0.06,1.07,-0.01,-0.22,-0.26,-3.87,2.94
-0.07,0.05,1.07,-0.06,-0.21,-0.26,-3.73,2.57
-0.08,0.04,1.06,-0.09,-0.2,-0.25,-4.19,1.98
-0.09,0.03,1.06,-0.11,-0.17,-0.25,-4.79,1.81
-0.1,0.03,1.05,-0.13,-0.18,-0.23,-5.33,1.8
-0.1,0.03,1.05,-0.15,-0.16,-0.22,-5.66,1.41
-0.1,0.01,1.05,-0.18,-0.15,-0.21,-5.47,0.67
-0.11,0.01,1.05,-0.19,-0.14,-0.2,-5.76,0.46
-0.12,0.01,1.05,-0.22,-0.11,-0.18,-6.48,0.39
-0.12,0.01,1.05,-0.22,-0.11,-0.16,-6.7,0.52
-0.13,0.01,1.06,-0.23,-0.11,-0.12,-7.02,0.37
-0.14,-0.0,1.07,-0.23,-0.09,-0.13,-7.26,-0.15
-0.14,0.0,1.08,-0.22,-0.08,-0.1,-7.18,0.03
-0.15,-0.0,1.11,-0.2,-0.09,-0.11,-7.86,-0.15
-0.15,-0.0,1.12,-0.18,-0.11,-0.1,-7.68,-0.13
-0.15,-0.01,1.12,-0.15,-0.11,-0.1,-7.61,-0.32
-0.14,-0.01,1.12,-0.12,-0.1,-0.12,-7.33,-0.36
-0.14,-0.0,1.12,-0.07,-0.12,-0.12,-7.38,-0.23
-0.14,0.0,1.12,-0.04,-0.15,-0.12,-7.09,0.11
-0.14,0.0,1.11,-0.01,-0.17,-0.14,-7.25,0.17
-0.13,-0.0,1.11,0.02,-0.17,-0.15,-6.91,-0.03
-0.14,-0.0,1.09,0.06,-0.17,-0.15,-7.17,-0.1
-0.15,0.0,1.08,0.07,-0.19,-0.14,-7.66,0.11
-0.14,0.0,1.07,0.09,-0.19,-0.12,-7.53,0.25
-0.13,0.01,1.06,0.12,-0.17,-0.09,-6.94,0.55
-0.1,0.01,1.07,0.13,-0.16,-0.06,-5.31,0.32
-0.08,0.01,1.08,0.11,-0.11,-0.07,-4.15,0.51
-0.07,0.01,1.07,0.08,-0.08,-0.06,-3.49,0.5
-0.06,0.01,1.06,0.05,-0.01,-0.06,-3.25,0.54
-0.05,0.03,1.04,0.01,0.03,-0.04,-2.64,1.86
-0.05,0.04,1.03,-0.06,-0.02,0.04,-2.54,2.38
-0.04,0.04,1.03,-0.07,0.05,0.01,-2.24,2.09
-0.04,0.04,1.06,-0.08,0.09,0.01,-2.13,1.97
-0.04,0.03,1.07,-0.12,0.1,0.03,-2.34,1.4
-0.06,0.03,1.09,-0.11,0.1,0.01,-3.16,1.78
-0.07,0.04,1.09,-0.09,0.09,0.01,-3.64,2.02
-0.08,0.04,1.09,-0.06,0.08,-0.01,-3.93,2.0
-0.07,0.03,1.1,-0.03,0.06,-0.02,-3.44,1.8
-0.05,0.04,1.09,0.0,0.02,-0.04,-2.77,2.23
-0.05,0.03,1.07,0.05,-0.03,-0.06,-2.45,1.81
-0.04,0.04,1.06,0.07,-0.04,-0.07,-2.18,2.31
-0.03,0.05,1.03,0.07,-0.08,-0.08,-1.91,2.49
-0.03,0.05,1.02,0.06,-0.1,-0.08,-1.49,2.81
-0.01,0.05,1.0,0.05,-0.14,-0.07,-0.53,3.12
-0.01,0.05,1.0,0.04,-0.14,-0.06,-0.55,2.95
-0.0,0.05,1.01,0.02,-0.16,-0.06,-0.23,2.7
-0.01,0.04,1.03,-0.03,-0.14,-0.03,-0.29,2.34
-0.02,0.03,1.04,-0.04,-0.13,-0.03,-1.21,1.85
-0.03,0.03,1.06,-0.03,-0.1,-0.02,-1.55,1.69
-0.04,0.03,1.06,-0.05,-0.08,-0.01,-2.19,1.42
-0.05,0.02,1.07,-0.03,-0.07,-0.01,-2.61,1.0
-0.05,0.01,1.06,-0.03,-0.07,-0.0,-2.72,0.77
-0.05,0.02,1.08,-0.03,-0.05,0.0,-2.54,0.84
-0.05,0.01,1.09,-0.03,-0.04,0.02,-2.58,0.46
-0.04,0.01,1.11,-0.02,0.01,0.01,-1.97,0.56
-0.02,0.01,1.11,-0.03,0.03,-0.01,-1.12,0.43
-0.01,0.01,1.09,-0.01,0.04,-0.02,-0.53,0.51
-0.01,0.02,1.08,-0.03,0.03,-0.02,-0.56,1.09
-0.01,0.03,1.07,-0.02,0.04,-0.03,-0.72,1.68
-0.02,0.04,1.08,-0.01,0.01,-0.02,-1.24,1.86
-0.02,0.04,1.08,-0.02,0.02,-0.03,-1.24,1.95
-0.01,0.03,1.08,-0.02,0.01,-0.03,-0.79,1.7
-0.01,0.03,1.08,-0.01,0.01,-0.03,-0.32,1.67
-0.01,0.04,1.07,-0.02,-0.0,-0.03,-0.55,1.93
0.0,0.03,1.07,-0.03,0.01,-0.04,0.04,1.72
-0.0,0.03,1.06,-0.03,0.01,-0.04,-0.13,1.36
0.0,0.02,1.05,-0.03,0.03,-0.05,0.05,1.09
-0.0,0.03,1.04,-0.04,0.01,-0.04,-0.26,1.7
-0.01,0.03,1.03,-0.03,-0.0,-0.03,-0.81,1.7
-0.01,0.03,1.03,-0.04,0.01,-0.02,-0.65,1.87
-0.01,0.03,1.05,-0.05,0.0,-0.01,-0.38,1.52
0.0,0.02,1.05,-0.04,0.01,-0.02,0.06,1.11
-0.01,0.02,1.05,-0.05,0.01,-0.03,-0.31,1.09
-0.0,0.02,1.05,-0.05,0.03,-0.03,-0.2,1.09
-0.01,0.03,1.05,-0.04,0.01,-0.02,-0.39,1.8
-0.01,0.04,1.05,-0.03,-0.0,-0.01,-0.34,2.44
0.0,0.03,1.07,-0.01,-0.02,-0.0,0.11,1.62
0.01,0.03,1.08,-0.03,0.0,-0.02,0.46,1.59
0.02,0.03,1.08,-0.03,-0.0,-0.02,1.03,1.84
0.03,0.04,1.07,-0.02,-0.01,-0.04,1.54,2.18
0.01,0.05,1.06,-0.02,-0.02,-0.06,0.7,2.62
0.02,0.05,1.04,-0.03,-0.0,-0.08,1.09,2.57
0.02,0.05,1.03,-0.04,-0.0,-0.07,0.87,2.95
0.01,0.05,1.03,-0.0,0.09,-0.18,0.39,2.7
-0.01,0.05,1.03,-0.06,-0.03,-0.05,-0.4,3.0
-0.01,0.05,1.03,-0.06,-0.06,-0.06,-0.28,2.89
-0.01,0.05,1.03,-0.06,-0.06,-0.05,-0.29,2.59
-0.01,0.04,1.04,-0.05,-0.09,-0.04,-0.62,2.26
-0.01,0.04,1.03,-0.05,-0.1,-0.04,-0.33,2.0
-0.01,0.03,1.03,-0.06,-0.09,-0.05,-0.74,1.94
-0.02,0.02,1.04,-0.07,-0.09,-0.03,-0.86,1.35
-0.03,0.02,1.05,-0.07,-0.1,-0.04,-1.45,1.05
-0.03,0.02,1.06,-0.08,-0.08,-0.02,-1.67,0.85
-0.04,0.02,1.07,-0.09,-0.04,-0.02,-2.4,0.87
-0.06,0.01,1.06,-0.07,-0.04,-0.01,-2.99,0.75
-0.06,0.01,1.06,-0.07,-0.02,-0.01,-3.47,0.53
-0.08,0.01,1.07,-0.05,-0.03,0.0,-4.37,0.44
-0.08,0.02,1.08,-0.04,-0.02,0.01,-4.32,0.96
-0.07,0.01,1.09,-0.01,-0.0,0.02,-3.87,0.74
-0.06,0.02,1.09,0.01,-0.01,0.02,-3.04,0.85
-0.05,0.02,1.08,0.03,-0.02,0.01,-2.53,1.14
-0.04,0.03,1.07,0.03,0.01,-0.01,-1.9,1.46
-0.02,0.03,1.05,0.05,-0.01,-0.0,-1.15,1.54
-0.01,0.03,1.04,0.05,-0.02,0.0,-0.82,1.62
-0.01,0.03,1.04,0.04,-0.03,-0.0,-0.75,1.56
-0.01,0.04,1.03,0.02,-0.02,-0.0,-0.5,1.97
-0.01,0.04,1.04,0.0,-0.01,-0.0,-0.46,1.97
-0.02,0.03,1.04,-0.0,-0.01,-0.0,-1.08,1.61
-0.02,0.03,1.05,0.0,-0.02,0.0,-1.35,1.64
-0.03,0.03,1.05,-0.0,-0.0,-0.01,-1.61,1.55
-0.03,0.03,1.03,-0.01,-0.02,0.0,-1.62,1.45
-0.03,0.02,1.04,-0.01,-0.03,-0.0,-1.89,1.33
-0.05,0.02,1.04,-0.0,-0.06,0.01,-2.54,1.11
-0.06,0.02,1.05,-0.01,-0.02,0.01,-3.18,1.17
-0.06,0.02,1.05,0.0,-0.03,0.03,-3.43,0.96
-0.05,0.02,1.06,0.01,0.02,0.03,-2.9,0.87
-0.05,0.02,1.07,0.03,0.02,0.06,-2.55,1.02
-0.02,0.03,1.06,0.02,0.03,0.05,-1.31,1.48
-0.01,0.03,1.05,0.03,0.02,0.05,-0.65,1.51
0.0,0.03,1.04,0.02,0.01,0.05,0.14,1.73
0.01,0.03,1.03,0.01,-0.02,0.05,0.44,1.82
0.0,0.04,1.02,-0.0,-0.03,0.04,0.0,2.26
0.0,0.04,1.04,-0.03,-0.02,0.06,0.21,2.44
0.0,0.05,1.08,-0.06,-0.03,0.06,0.09,2.59
-0.0,0.04,1.09,-0.04,-0.02,0.04,-0.17,1.9
-0.01,0.03,1.11,-0.05,-0.0,0.01,-0.37,1.52
-0.02,0.04,1.09,-0.04,0.01,0.0,-1.02,2.16
-0.03,0.04,1.08,-0.04,0.01,-0.0,-1.43,2.28
-0.04,0.05,1.07,-0.04,0.01,-0.01,-2.09,2.88
-0.04,0.05,1.07,-0.03,0.02,-0.0,-1.91,2.65
-0.04,0.05,1.06,-0.04,0.04,0.0,-2.19,2.8
-0.04,0.05,1.06,-0.03,0.03,0.03,-1.92,2.84
