accelX,accelY,accelZ,gyroX,gyroY,gyroZ
-0.01,0.11,1.01,0.16,0.07,0.04
-0.01,0.11,1.0,0.15,0.05,0.04
-0.01,0.11,1.0,0.14,0.04,0.03
-0.01,0.1,1.01,0.12,0.03,0.04
-0.0,0.09,1.01,0.11,0.03,0.03
-0.0,0.09,1.0,0.08,0.03,0.04
-0.01,0.09,1.0,0.09,0.03,0.04
-0.01,0.09,0.99,0.08,0.04,0.05
-0.02,0.09,0.99,0.07,0.05,0.06
-0.01,0.09,0.98,0.06,0.05,0.08
-0.02,0.09,0.98,0.07,0.04,0.11
-0.02,0.09,0.99,0.07,0.02,0.12
-0.03,0.1,1.0,0.09,0.01,0.14
-0.03,0.09,1.0,0.1,0.0,0.15
-0.03,0.09,1.01,0.13,0.01,0.15
-0.03,0.09,1.01,0.14,0.02,0.15
-0.02,0.08,1.01,0.15,0.03,0.14
-0.03,0.08,0.99,0.17,0.03,0.14
-0.03,0.09,0.99,0.19,0.02,0.14
-0.03,0.08,0.98,0.19,0.02,0.15
-0.03,0.1,0.98,0.2,0.02,0.15
-0.04,0.09,1.0,0.2,0.02,0.15
-0.04,0.1,1.01,0.21,-0.0,0.13
-0.03,0.1,1.02,0.21,-0.01,0.13
-0.02,0.09,1.03,0.2,0.02,0.11
-0.02,0.09,1.04,0.19,0.06,0.1
-0.01,0.07,1.05,0.19,0.1,0.08
-0.02,0.08,1.04,0.17,0.14,0.07
-0.02,0.07,1.03,0.16,0.16,0.06
-0.02,0.07,1.02,0.15,0.19,0.06
-0.02,0.07,1.02,0.13,0.18,0.06
-0.03,0.07,1.01,0.11,0.18,0.05
-0.03,0.06,1.02,0.09,0.18,0.06
-0.03,0.06,1.02,0.08,0.15,0.06
-0.03,0.06,1.02,0.07,0.14,0.06
-0.04,0.06,1.02,0.05,0.15,0.07
-0.05,0.05,1.01,0.06,0.15,0.08
-0.05,0.04,1.01,0.04,0.15,0.08
-0.04,0.04,1.01,0.05,0.14,0.09
-0.04,0.04,1.01,0.05,0.14,0.1
-0.04,0.04,1.0,0.05,0.14,0.1
-0.03,0.03,1.0,0.05,0.12,0.11
-0.05,0.04,1.0,0.05,0.11,0.11
-0.05,0.04,1.01,0.04,0.09,0.11
-0.05,0.04,1.02,0.04,0.09,0.11
-0.05,0.03,1.03,0.03,0.08,0.09
-0.04,0.03,1.03,0.03,0.07,0.08
-0.04,0.03,1.04,0.03,0.09,0.07
-0.04,0.02,1.04,0.02,0.14,0.05
-0.03,0.02,1.04,0.02,0.16,0.05
-0.03,0.02,1.04,0.02,0.18,0.04
-0.04,0.03,1.03,0.01,0.21,0.05
-0.04,0.04,1.02,0.0,0.23,0.07
-0.04,0.04,1.02,0.01,0.23,0.08
-0.03,0.03,1.02,-0.01,0.23,0.08
-0.04,0.03,1.02,0.01,0.21,0.1
-0.04,0.03,1.03,0.0,0.23,0.12
-0.05,0.03,1.04,-0.01,0.25,0.12
-0.04,0.03,1.04,0.01,0.24,0.14
-0.04,0.04,1.04,0.04,0.26,0.15
-0.04,0.04,1.04,0.03,0.27,0.17
-0.05,0.04,1.04,0.07,0.27,0.17
-0.03,0.04,1.03,0.08,0.27,0.18
-0.01,0.04,1.03,0.09,0.28,0.18
-0.02,0.04,1.03,0.08,0.29,0.17
-0.0,0.04,1.02,0.09,0.28,0.18
-0.01,0.05,1.02,0.1,0.27,0.18
-0.0,0.04,1.01,0.08,0.28,0.17
0.01,0.04,1.02,0.08,0.25,0.16
0.0,0.05,1.03,0.06,0.26,0.14
0.01,0.04,1.02,0.05,0.23,0.13
0.01,0.04,1.02,0.02,0.23,0.12
0.02,0.03,1.03,0.01,0.24,0.11
0.02,0.04,1.03,-0.0,0.24,0.11
0.02,0.03,1.04,-0.01,0.25,0.12
0.02,0.03,1.04,-0.02,0.25,0.12
0.02,0.03,1.04,-0.02,0.26,0.12
0.02,0.04,1.05,-0.02,0.26,0.14
0.02,0.03,1.06,0.0,0.27,0.14
0.02,0.03,1.05,0.02,0.28,0.15
0.03,0.03,1.06,0.03,0.28,0.16
0.04,0.02,1.05,0.02,0.31,0.15
0.04,0.02,1.06,0.03,0.29,0.17
0.04,0.02,1.06,0.05,0.3,0.15
0.03,0.03,1.07,0.07,0.29,0.16
0.03,0.02,1.08,0.08,0.29,0.14
0.04,0.02,1.08,0.1,0.27,0.14
0.03,0.02,1.08,0.12,0.26,0.12
0.05,0.02,1.08,0.14,0.27,0.11
0.06,0.01,1.08,0.17,0.25,0.1
0.06,0.0,1.08,0.16,0.28,0.08
0.08,-0.01,1.07,0.17,0.29,0.06
0.08,-0.02,1.05,0.17,0.31,0.05
0.09,-0.02,1.03,0.13,0.32,0.05
0.08,-0.01,1.02,0.1,0.32,0.05
0.08,-0.01,1.02,0.08,0.3,0.05
0.07,-0.0,1.01,0.05,0.28,0.06
0.07,-0.0,1.0,0.02,0.25,0.08
0.07,-0.01,1.01,0.0,0.21,0.1
0.06,-0.01,1.01,-0.03,0.19,0.11
0.06,-0.01,1.02,-0.05,0.15,0.11
0.06,-0.01,1.03,-0.05,0.15,0.11
0.06,-0.02,1.05,-0.05,0.13,0.12
0.05,-0.01,1.06,-0.04,0.13,0.12
0.05,-0.01,1.08,-0.02,0.16,0.11
0.05,-0.02,1.08,-0.01,0.19,0.11
0.04,-0.01,1.07,0.01,0.19,0.12
0.03,-0.01,1.07,0.04,0.21,0.13
0.04,-0.0,1.06,0.06,0.22,0.14
0.04,-0.01,1.05,0.07,0.23,0.14
0.03,-0.01,1.04,0.08,0.22,0.15
0.04,-0.01,1.04,0.08,0.2,0.16
0.04,-0.01,1.03,0.09,0.2,0.18
0.04,-0.0,1.02,0.09,0.2,0.19
0.03,-0.0,1.02,0.09,0.19,0.22
0.04,0.01,1.02,0.09,0.19,0.23
0.03,0.01,1.03,0.1,0.17,0.25
0.03,0.02,1.03,0.12,0.16,0.26
0.03,0.01,1.03,0.15,0.14,0.27
0.03,0.02,1.04,0.17,0.11,0.27
0.03,0.02,1.05,0.19,0.1,0.27
0.04,0.02,1.05,0.23,0.09,0.25
0.04,0.03,1.05,0.24,0.07,0.25
0.05,0.03,1.05,0.26,0.06,0.22
0.04,0.04,1.05,0.28,0.04,0.21
0.05,0.03,1.06,0.28,0.05,0.19
0.04,0.03,1.05,0.28,0.03,0.18
0.04,0.03,1.06,0.29,0.02,0.16
0.04,0.03,1.05,0.28,0.03,0.16
0.03,0.04,1.06,0.29,0.03,0.15
0.03,0.04,1.06,0.29,0.04,0.16
0.03,0.03,1.06,0.28,0.05,0.17
0.02,0.04,1.06,0.27,0.06,0.18
0.02,0.04,1.07,0.25,0.08,0.18
0.02,0.04,1.08,0.25,0.08,0.18
0.03,0.04,1.07,0.24,0.1,0.18
0.04,0.03,1.06,0.22,0.13,0.18
0.05,0.03,1.04,0.21,0.15,0.18
0.05,0.03,1.03,0.19,0.16,0.2
0.05,0.04,1.02,0.18,0.16,0.2
0.04,0.06,1.03,0.16,0.12,0.21
0.03,0.06,1.04,0.15,0.1,0.21
0.03,0.06,1.05,0.15,0.06,0.2
0.04,0.06,1.05,0.15,0.04,0.19
0.05,0.05,1.06,0.13,0.03,0.17
0.06,0.05,1.07,0.12,0.03,0.14
0.05,0.05,1.07,0.1,0.04,0.13
0.05,0.05,1.08,0.09,0.07,0.1
0.05,0.06,1.07,0.08,0.08,0.08
0.04,0.07,1.06,0.06,0.11,0.06
0.04,0.06,1.06,0.05,0.12,0.07
0.03,0.06,1.05,0.05,0.12,0.06
0.03,0.06,1.03,0.02,0.14,0.07
0.02,0.05,1.04,0.01,0.13,0.08
0.01,0.05,1.03,0.02,0.1,0.1
0.01,0.05,1.03,0.02,0.09,0.1
0.01,0.06,1.05,0.04,0.07,0.11
0.01,0.05,1.04,0.04,0.07,0.1
0.0,0.04,1.06,0.07,0.06,0.09
0.02,0.04,1.06,0.06,0.1,0.08
-0.01,0.05,1.07,0.1,0.09,0.07
-0.0,0.05,1.07,0.13,0.11,0.07
-0.01,0.07,1.09,0.18,0.11,0.06
-0.03,0.09,1.1,0.21,0.12,0.04
-0.02,0.09,1.11,0.24,0.12,0.02
-0.01,0.08,1.12,0.23,0.15,-0.02
-0.01,0.07,1.11,0.24,0.16,-0.06
0.01,0.06,1.1,0.2,0.18,-0.09
0.0,0.05,1.09,0.16,0.22,-0.11
-0.01,0.06,1.08,0.13,0.24,-0.12
-0.01,0.06,1.07,0.07,0.26,-0.12
-0.02,0.07,1.06,0.03,0.28,-0.1
-0.04,0.07,1.04,-0.01,0.28,-0.07
-0.04,0.07,1.04,-0.03,0.28,-0.03
-0.05,0.06,1.04,-0.06,0.28,0.01
-0.05,0.05,1.04,-0.07,0.28,0.05
-0.06,0.05,1.05,-0.08,0.29,0.08
-0.05,0.05,1.05,-0.07,0.3,0.11
-0.05,0.04,1.04,-0.05,0.28,0.13
-0.05,0.04,1.04,-0.03,0.29,0.12
-0.04,0.04,1.04,-0.02,0.29,0.14
-0.04,0.03,1.04,0.0,0.3,0.13
-0.03,0.03,1.03,0.02,0.28,0.13
-0.03,0.02,1.04,0.05,0.27,0.11
-0.02,0.03,1.04,0.05,0.27,0.1
-0.02,0.03,1.03,0.08,0.27,0.09
-0.02,0.04,1.04,0.08,0.27,0.09
-0.01,0.04,1.04,0.11,0.28,0.08
0.0,0.05,1.04,0.12,0.28,0.08
0.0,0.06,1.06,0.14,0.27,0.07
0.01,0.07,1.07,0.17,0.27,0.07
0.0,0.08,1.08,0.18,0.26,0.05
0.0,0.08,1.1,0.19,0.26,0.03
0.0,0.09,1.13,0.21,0.26,-0.01
-0.0,0.1,1.15,0.22,0.26,-0.03
-0.01,0.1,1.16,0.22,0.3,-0.08
-0.0,0.1,1.16,0.2,0.34,-0.12
-0.0,0.09,1.16,0.17,0.42,-0.16
-0.01,0.08,1.14,0.11,0.47,-0.18
-0.01,0.08,1.13,0.07,0.54,-0.2
-0.03,0.08,1.11,0.0,0.57,-0.19
-0.02,0.08,1.09,-0.05,0.62,-0.17
-0.04,0.09,1.08,-0.09,0.63,-0.13
-0.04,0.09,1.08,-0.13,0.65,-0.11
-0.06,0.09,1.08,-0.16,0.65,-0.06
-0.06,0.08,1.09,-0.18,0.66,-0.03
-0.05,0.09,1.11,-0.18,0.64,-0.01
-0.07,0.1,1.13,-0.18,0.64,-0.01
-0.06,0.1,1.16,-0.15,0.65,-0.02
-0.07,0.1,1.18,-0.13,0.63,-0.03
-0.07,0.11,1.21,-0.1,0.64,-0.06
-0.09,0.12,1.23,-0.04,0.64,-0.09
-0.11,0.13,1.26,0.01,0.64,-0.13
-0.13,0.15,1.3,0.09,0.63,-0.18
-0.14,0.17,1.34,0.16,0.61,-0.22
-0.14,0.17,1.4,0.23,0.62,-0.26
-0.16,0.18,1.45,0.31,0.66,-0.32
-0.16,0.18,1.47,0.38,0.73,-0.38
-0.15,0.18,1.5,0.44,0.81,-0.42
-0.14,0.18,1.51,0.48,0.94,-0.48
-0.14,0.18,1.52,0.47,1.06,-0.53
-0.13,0.18,1.53,0.45,1.22,-0.57
-0.14,0.19,1.51,0.4,1.35,-0.59
-0.14,0.19,1.49,0.35,1.5,-0.59
-0.13,0.2,1.47,0.25,1.63,-0.57
-0.14,0.19,1.45,0.14,1.76,-0.52
-0.15,0.18,1.45,0.04,1.85,-0.48
-0.15,0.19,1.44,-0.04,1.93,-0.42
-0.15,0.19,1.46,-0.13,1.98,-0.35
-0.15,0.19,1.48,-0.19,2.03,-0.3
-0.14,0.18,1.49,-0.23,2.05,-0.24
-0.13,0.16,1.54,-0.27,2.12,-0.21
-0.13,0.15,1.55,-0.26,2.17,-0.19
-0.11,0.13,1.58,-0.26,2.26,-0.19
-0.1,0.11,1.58,-0.22,2.33,-0.19
-0.09,0.1,1.61,-0.18,2.42,-0.23
-0.06,0.1,1.64,-0.13,2.49,-0.27
-0.04,0.1,1.68,-0.07,2.57,-0.32
-0.02,0.1,1.7,-0.01,2.6,-0.37
-0.01,0.09,1.71,0.04,2.67,-0.44
0.01,0.07,1.7,0.07,2.72,-0.49
0.02,0.05,1.68,0.1,2.8,-0.56
0.03,0.02,1.65,0.11,2.87,-0.61
0.03,0.01,1.62,0.09,2.95,-0.65
0.02,-0.0,1.58,0.06,3.0,-0.67
-0.01,0.01,1.52,0.02,3.06,-0.66
-0.02,0.01,1.49,-0.03,3.12,-0.62
-0.02,-0.02,1.47,-0.09,3.17,-0.57
-0.01,-0.03,1.48,-0.14,3.2,-0.5
-0.01,-0.04,1.49,-0.13,3.21,-0.41
0.01,-0.06,1.5,-0.12,3.25,-0.35
0.01,-0.07,1.51,-0.09,3.26,-0.28
0.02,-0.09,1.51,-0.03,3.27,-0.21
0.05,-0.11,1.53,0.03,3.26,-0.17
0.06,-0.14,1.52,0.1,3.27,-0.14
0.08,-0.17,1.52,0.19,3.28,-0.14
0.12,-0.2,1.53,0.27,3.29,-0.16
0.15,-0.24,1.55,0.33,3.32,-0.19
0.19,-0.26,1.57,0.42,3.34,-0.23
0.22,-0.28,1.54,0.48,3.42,-0.29
0.24,-0.3,1.5,0.53,3.47,-0.35
0.25,-0.3,1.45,0.57,3.58,-0.4
0.26,-0.31,1.41,0.57,3.66,-0.43
0.27,-0.3,1.37,0.54,3.74,-0.45
0.28,-0.31,1.32,0.5,3.79,-0.44
0.29,-0.34,1.28,0.44,3.9,-0.44
0.28,-0.32,1.2,0.36,3.99,-0.41
0.25,-0.3,1.17,0.28,4.05,-0.37
0.25,-0.3,1.15,0.19,4.08,-0.31
0.26,-0.32,1.14,0.12,4.08,-0.26
0.27,-0.34,1.12,0.06,4.07,-0.2
0.27,-0.35,1.09,0.04,4.08,-0.16
0.27,-0.37,1.07,0.04,4.07,-0.11
0.33,-0.4,1.07,0.08,4.02,-0.07
0.22,-0.35,1.01,0.11,3.93,-0.02
0.2,-0.35,0.95,0.16,3.92,0.04
0.19,-0.36,0.88,0.22,3.9,0.09
0.19,-0.36,0.83,0.29,3.81,0.11
0.16,-0.37,0.83,0.41,3.68,0.13
0.17,-0.36,0.84,0.55,3.56,0.13
0.21,-0.4,0.91,0.72,3.33,0.11
0.31,-0.41,0.91,0.92,3.16,0.04
0.4,-0.48,0.92,1.12,3.08,-0.04
0.46,-0.56,0.89,1.31,3.11,-0.2
0.51,-0.59,0.83,1.43,3.18,-0.35
0.53,-0.56,0.77,1.5,3.31,-0.51
0.5,-0.51,0.73,1.5,3.44,-0.63
0.43,-0.46,0.68,1.45,3.57,-0.7
0.34,-0.37,0.6,1.35,3.71,-0.72
0.28,-0.32,0.55,1.24,3.83,-0.67
0.21,-0.23,0.51,1.1,3.91,-0.56
0.17,-0.18,0.48,0.95,3.95,-0.43
0.16,-0.15,0.46,0.78,3.92,-0.27
0.17,-0.15,0.45,0.65,3.83,-0.12
0.19,-0.16,0.45,0.54,3.76,0.03
0.22,-0.17,0.45,0.5,3.69,0.13
0.24,-0.19,0.43,0.48,3.63,0.18
0.26,-0.21,0.4,0.48,3.56,0.19
0.28,-0.23,0.39,0.53,3.46,0.15
0.24,-0.21,0.4,0.6,3.43,0.09
0.22,-0.18,0.39,0.71,3.35,0.03
0.2,-0.14,0.38,0.82,3.24,-0.02
0.18,-0.08,0.37,0.92,3.08,-0.07
0.13,-0.04,0.36,1.01,2.93,-0.11
0.1,-0.0,0.35,1.09,2.8,-0.14
0.09,0.04,0.33,1.11,2.66,-0.15
0.06,0.07,0.33,1.12,2.52,-0.16
0.06,0.06,0.34,1.13,2.4,-0.17
0.07,0.06,0.33,1.09,2.33,-0.17
0.08,0.08,0.32,1.05,2.33,-0.16
0.09,0.13,0.31,0.98,2.35,-0.17
0.1,0.17,0.3,0.87,2.37,-0.16
0.1,0.21,0.29,0.74,2.37,-0.15
0.09,0.24,0.26,0.58,2.38,-0.14
0.06,0.25,0.25,0.42,2.4,-0.13
0.02,0.27,0.25,0.26,2.4,-0.1
-0.03,0.3,0.29,0.15,2.39,-0.06
-0.08,0.32,0.34,0.06,2.33,0.0
-0.12,0.33,0.38,-0.01,2.21,0.09
-0.16,0.33,0.4,-0.03,2.08,0.14
-0.16,0.31,0.41,-0.04,1.92,0.2
-0.13,0.28,0.44,0.0,1.75,0.21
-0.11,0.26,0.46,0.07,1.55,0.21
-0.11,0.24,0.48,0.17,1.36,0.18
-0.09,0.21,0.5,0.3,1.2,0.12
-0.07,0.2,0.52,0.43,1.08,0.05
-0.07,0.22,0.53,0.54,0.95,-0.0
-0.07,0.24,0.53,0.65,0.82,-0.07
-0.07,0.27,0.52,0.72,0.74,-0.13
-0.07,0.3,0.51,0.72,0.7,-0.17
-0.07,0.35,0.52,0.69,0.67,-0.19
-0.08,0.39,0.54,0.59,0.62,-0.16
-0.09,0.42,0.55,0.49,0.57,-0.13
-0.09,0.43,0.56,0.34,0.57,-0.09
-0.1,0.43,0.59,0.18,0.53,-0.04
-0.09,0.41,0.61,0.03,0.48,0.01
-0.07,0.38,0.66,-0.09,0.43,0.04
-0.06,0.33,0.69,-0.22,0.37,0.08
-0.06,0.27,0.71,-0.32,0.34,0.11
-0.04,0.22,0.73,-0.34,0.27,0.14
-0.05,0.16,0.77,-0.35,0.25,0.14
-0.03,0.12,0.79,-0.32,0.2,0.14
-0.04,0.09,0.81,-0.25,0.15,0.15
-0.04,0.08,0.84,-0.15,0.09,0.14
-0.05,0.08,0.86,-0.04,0.02,0.13
-0.06,0.06,0.86,0.06,-0.04,0.13
-0.06,0.08,0.87,0.15,-0.11,0.12
-0.05,0.07,0.87,0.26,-0.19,0.1
-0.04,0.08,0.86,0.32,-0.26,0.09
-0.03,0.09,0.87,0.35,-0.29,0.07
-0.0,0.09,0.87,0.39,-0.32,0.04
0.01,0.11,0.87,0.37,-0.34,0.03
0.03,0.13,0.87,0.35,-0.33,0.01
0.04,0.15,0.86,0.27,-0.31,-0.0
0.05,0.15,0.88,0.17,-0.29,0.0
0.07,0.14,0.87,0.07,-0.28,-0.0
0.07,0.13,0.88,-0.04,-0.25,0.0
0.07,0.11,0.9,-0.17,-0.2,-0.0
0.06,0.1,0.92,-0.31,-0.16,0.0
0.05,0.07,0.95,-0.39,-0.14,0.01
0.06,0.03,0.97,-0.46,-0.12,0.02
0.05,-0.01,0.98,-0.5,-0.1,0.02
0.04,-0.04,1.0,-0.52,-0.06,0.03
0.04,-0.05,1.02,-0.49,-0.07,0.04
0.04,-0.06,1.04,-0.45,-0.07,0.05
0.04,-0.08,1.04,-0.41,-0.07,0.06
0.04,-0.1,1.04,-0.33,-0.07,0.05
0.03,-0.11,1.04,-0.26,-0.09,0.03
0.04,-0.1,1.03,-0.15,-0.11,0.02
0.06,-0.12,1.04,-0.08,-0.11,0.0
0.06,-0.1,1.03,0.03,-0.11,-0.03
0.05,-0.07,1.01,0.1,-0.09,-0.04
0.03,-0.04,1.0,0.16,-0.09,-0.05
0.01,-0.02,1.0,0.18,-0.08,-0.05
0.02,-0.0,1.0,0.19,-0.08,-0.04
0.02,0.01,0.99,0.2,-0.08,-0.03
0.02,0.03,0.98,0.19,-0.07,-0.02
0.04,0.05,0.97,0.17,-0.04,-0.01
0.06,0.06,0.96,0.11,-0.01,0.01
0.06,0.07,0.96,0.05,0.01,0.02
0.07,0.07,0.95,-0.03,0.03,0.02
0.06,0.07,0.94,-0.1,0.04,0.01
0.05,0.06,0.94,-0.15,0.05,0.01
0.03,0.06,0.96,-0.2,0.05,-0.0
0.04,0.04,0.97,-0.2,0.04,-0.01
0.02,0.02,0.99,-0.21,0.01,-0.01
0.03,0.0,0.98,-0.21,-0.0,-0.01
0.04,-0.03,0.98,-0.17,-0.04,-0.01
0.04,-0.04,0.97,-0.13,-0.06,-0.01
0.03,-0.04,0.98,-0.06,-0.07,-0.04
0.02,-0.04,0.99,0.02,-0.08,-0.04
0.02,-0.03,0.97,0.11,-0.08,-0.07
0.01,-0.03,0.96,0.18,-0.12,-0.07
0.01,-0.03,0.95,0.27,-0.13,-0.08
0.0,-0.02,0.93,0.34,-0.14,-0.07
-0.0,0.01,0.92,0.43,-0.14,-0.06
-0.01,0.05,0.9,0.51,-0.15,-0.03
-0.01,0.1,0.89,0.57,-0.16,-0.01
-0.02,0.14,0.85,0.58,-0.18,-0.0
-0.02,0.17,0.82,0.6,-0.23,-0.0
-0.03,0.2,0.79,0.58,-0.25,-0.0
-0.02,0.22,0.79,0.54,-0.28,0.0
-0.02,0.26,0.78,0.48,-0.31,0.02
-0.0,0.27,0.78,0.42,-0.37,0.04
-0.01,0.27,0.75,0.35,-0.43,0.05
-0.0,0.26,0.73,0.28,-0.46,0.05
0.0,0.26,0.72,0.2,-0.48,0.06
0.01,0.26,0.74,0.16,-0.53,0.05
0.01,0.27,0.75,0.1,-0.58,0.05
0.01,0.26,0.73,0.03,-0.63,0.07
0.0,0.25,0.71,-0.01,-0.69,0.06
-0.0,0.23,0.71,-0.04,-0.71,0.05
-0.01,0.23,0.72,-0.07,-0.76,0.04
-0.0,0.24,0.72,-0.1,-0.8,0.05
-0.0,0.24,0.72,-0.15,-0.84,0.04
-0.01,0.22,0.71,-0.19,-0.9,0.05
-0.01,0.2,0.7,-0.22,-0.95,0.03
-0.01,0.2,0.73,-0.25,-0.99,0.03
0.0,0.19,0.76,-0.26,-1.06,0.05
0.02,0.2,0.77,-0.28,-1.16,0.06
0.03,0.17,0.74,-0.3,-1.22,0.06
0.04,0.12,0.72,-0.29,-1.28,0.04
0.04,0.1,0.73,-0.31,-1.31,0.01
0.04,0.1,0.75,-0.3,-1.36,-0.0
0.05,0.1,0.77,-0.27,-1.44,-0.02
0.04,0.1,0.75,-0.24,-1.5,-0.03
0.04,0.08,0.72,-0.25,-1.53,-0.04
0.03,0.06,0.7,-0.24,-1.58,-0.04
0.04,0.06,0.73,-0.21,-1.62,-0.04
0.04,0.08,0.75,-0.19,-1.69,-0.04
0.04,0.08,0.74,-0.17,-1.76,-0.01
0.05,0.06,0.7,-0.17,-1.8,-0.02
0.04,0.05,0.67,-0.19,-1.83,-0.03
0.02,0.05,0.67,-0.19,-1.82,-0.03
0.04,0.06,0.68,-0.22,-1.81,-0.02
0.03,0.06,0.69,-0.22,-1.83,0.02
0.02,0.06,0.68,-0.24,-1.84,0.05
0.01,0.05,0.67,-0.23,-1.82,0.07
0.01,0.05,0.69,-0.23,-1.81,0.1
0.02,0.08,0.71,-0.2,-1.86,0.14
0.04,0.1,0.71,-0.2,-1.9,0.18
0.05,0.08,0.67,-0.18,-1.96,0.2
0.08,0.04,0.65,-0.19,-1.97,0.2
0.09,0.02,0.65,-0.17,-2.01,0.2
0.1,0.02,0.67,-0.11,-2.02,0.18
0.09,0.05,0.69,-0.05,-2.05,0.17
0.08,0.08,0.69,-0.03,-2.08,0.16
0.07,0.09,0.67,0.0,-2.14,0.16
0.06,0.1,0.65,-0.02,-2.2,0.16
0.05,0.12,0.66,-0.06,-2.24,0.17
0.05,0.16,0.68,-0.09,-2.33,0.19
0.06,0.16,0.68,-0.18,-2.43,0.23
0.07,0.13,0.66,-0.27,-2.5,0.26
0.09,0.08,0.64,-0.37,-2.53,0.28
0.08,0.05,0.66,-0.47,-2.52,0.3
0.08,0.04,0.71,-0.54,-2.52,0.34
0.11,0.05,0.76,-0.61,-2.57,0.38
0.15,0.03,0.77,-0.67,-2.65,0.41
0.2,-0.05,0.77,-0.76,-2.69,0.42
0.25,-0.15,0.8,-0.8,-2.73,0.4
0.3,-0.22,0.85,-0.81,-2.67,0.31
0.32,-0.25,0.92,-0.76,-2.62,0.23
0.33,-0.26,0.97,-0.69,-2.55,0.13
0.32,-0.27,0.97,-0.61,-2.46,0.02
0.28,-0.28,0.96,-0.54,-2.36,-0.09
0.23,-0.28,0.94,-0.48,-2.25,-0.17
0.16,-0.24,0.93,-0.4,-2.12,-0.22
0.08,-0.16,0.94,-0.32,-2.07,-0.21
0.02,-0.07,0.92,-0.23,-2.08,-0.16
-0.01,-0.04,0.9,-0.17,-2.12,-0.09
-0.02,-0.04,0.85,-0.11,-2.18,0.0
-0.01,-0.05,0.81,-0.07,-2.24,0.06
-0.01,-0.05,0.8,-0.0,-2.28,0.09
-0.0,-0.02,0.8,0.06,-2.39,0.15
0.04,0.02,0.81,0.13,-2.5,0.18
0.09,0.01,0.81,0.17,-2.68,0.21
0.16,-0.06,0.8,0.19,-2.84,0.2
0.2,-0.14,0.81,0.22,-2.92,0.13
0.23,-0.16,0.82,0.22,-2.95,0.05
0.24,-0.15,0.86,0.25,-2.99,-0.01
0.24,-0.11,0.88,0.26,-3.0,-0.08
0.25,-0.1,0.88,0.23,-3.05,-0.12
0.25,-0.11,0.86,0.16,-3.08,-0.15
0.25,-0.15,0.86,0.07,-3.09,-0.17
0.24,-0.17,0.9,-0.03,-3.06,-0.19
0.23,-0.17,0.91,-0.13,-2.98,-0.2
0.21,-0.17,0.94,-0.23,-2.86,-0.19
0.18,-0.16,0.94,-0.31,-2.76,-0.15
0.17,-0.18,0.95,-0.39,-2.68,-0.1
0.14,-0.18,0.96,-0.45,-2.59,-0.04
0.12,-0.17,0.97,-0.47,-2.51,0.02
0.09,-0.17,1.0,-0.43,-2.46,0.11
0.09,-0.17,0.98,-0.37,-2.45,0.19
0.11,-0.16,0.96,-0.28,-2.45,0.22
0.14,-0.19,0.95,-0.21,-2.49,0.22
0.13,-0.2,0.98,-0.13,-2.54,0.19
0.13,-0.18,0.99,0.0,-2.62,0.15
0.15,-0.17,0.99,0.11,-2.71,0.1
0.17,-0.17,1.0,0.2,-2.8,0.04
0.18,-0.19,0.99,0.26,-2.93,0.02
0.19,-0.2,1.0,0.26,-2.97,-0.03
0.18,-0.18,1.02,0.25,-3.01,-0.03
0.19,-0.16,1.05,0.23,-3.02,-0.03
0.2,-0.14,1.08,0.17,-3.03,0.0
0.2,-0.15,1.11,0.08,-3.04,0.02
0.21,-0.19,1.13,-0.01,-2.99,0.04
0.2,-0.24,1.14,-0.14,-2.88,0.05
0.2,-0.26,1.19,-0.27,-2.75,0.07
0.18,-0.26,1.21,-0.36,-2.6,0.09
0.15,-0.24,1.22,-0.41,-2.47,0.12
0.12,-0.21,1.22,-0.45,-2.35,0.18
0.09,-0.2,1.2,-0.43,-2.26,0.22
0.06,-0.2,1.19,-0.39,-2.22,0.26
0.04,-0.21,1.15,-0.29,-2.18,0.29
0.03,-0.21,1.1,-0.19,-2.13,0.29
0.01,-0.2,1.05,-0.07,-2.12,0.28
0.01,-0.18,1.01,0.06,-2.16,0.29
0.02,-0.16,0.96,0.21,-2.22,0.27
0.04,-0.13,0.92,0.33,-2.32,0.27
0.07,-0.12,0.91,0.42,-2.48,0.3
0.11,-0.11,0.91,0.5,-2.63,0.3
0.17,-0.12,0.94,0.53,-2.82,0.31
0.21,-0.14,0.98,0.49,-2.96,0.29
0.27,-0.18,1.07,0.43,-3.07,0.27
0.29,-0.22,1.12,0.36,-3.11,0.23
0.32,-0.24,1.2,0.25,-3.09,0.16
0.31,-0.24,1.27,0.11,-3.01,0.09
0.28,-0.21,1.31,-0.02,-2.92,0.07
0.23,-0.19,1.35,-0.13,-2.83,0.06
0.17,-0.17,1.36,-0.22,-2.72,0.07
0.13,-0.16,1.35,-0.29,-2.62,0.11
0.08,-0.14,1.33,-0.34,-2.5,0.16
0.02,-0.12,1.29,-0.37,-2.44,0.23
-0.01,-0.11,1.27,-0.36,-2.36,0.29
-0.03,-0.11,1.24,-0.33,-2.3,0.35
-0.05,-0.11,1.23,-0.3,-2.25,0.41
-0.04,-0.12,1.21,-0.23,-2.25,0.47
-0.01,-0.13,1.19,-0.14,-2.23,0.5
0.02,-0.13,1.16,-0.07,-2.2,0.51
0.04,-0.14,1.15,-0.07,-2.36,0.62
0.08,-0.15,1.14,0.02,-2.25,0.52
0.12,-0.17,1.18,0.07,-2.29,0.49
0.17,-0.17,1.25,0.12,-2.31,0.43
0.18,-0.17,1.29,0.16,-2.35,0.37
0.19,-0.14,1.3,0.21,-2.41,0.3
0.19,-0.12,1.28,0.25,-2.45,0.22
0.19,-0.1,1.27,0.25,-2.46,0.15
0.18,-0.1,1.25,0.22,-2.5,0.1
0.17,-0.08,1.23,0.17,-2.53,0.04
0.16,-0.07,1.22,0.09,-2.56,0.02
0.13,-0.05,1.21,0.02,-2.57,0.01
0.11,-0.04,1.23,-0.07,-2.56,0.03
0.09,-0.02,1.25,-0.12,-2.56,0.06
0.07,-0.0,1.25,-0.19,-2.54,0.12
0.05,0.01,1.27,-0.27,-2.5,0.16
0.03,0.01,1.29,-0.34,-2.48,0.21
0.03,0.01,1.3,-0.39,-2.46,0.26
0.02,0.01,1.31,-0.45,-2.44,0.28
0.0,0.02,1.33,-0.53,-2.4,0.29
-0.02,0.02,1.38,-0.58,-2.42,0.29
-0.06,0.03,1.43,-0.58,-2.4,0.27
-0.11,0.06,1.46,-0.55,-2.41,0.24
-0.16,0.09,1.47,-0.49,-2.36,0.2
-0.19,0.11,1.46,-0.4,-2.34,0.18
-0.23,0.13,1.44,-0.31,-2.29,0.14
-0.23,0.13,1.42,-0.22,-2.27,0.12
-0.24,0.15,1.4,-0.14,-2.23,0.09
-0.24,0.16,1.38,-0.08,-2.19,0.08
-0.24,0.17,1.36,-0.02,-2.17,0.08
-0.24,0.18,1.35,0.01,-2.14,0.08
-0.25,0.18,1.34,0.04,-2.09,0.09
-0.24,0.19,1.32,0.05,-2.05,0.1
-0.24,0.19,1.31,0.06,-2.03,0.11
-0.25,0.2,1.33,0.06,-1.99,0.12
-0.27,0.21,1.35,0.07,-1.94,0.13
-0.29,0.24,1.35,0.06,-1.88,0.14
-0.3,0.26,1.35,0.09,-1.81,0.15
-0.3,0.26,1.35,0.13,-1.73,0.15
-0.31,0.25,1.34,0.12,-1.6,0.14
-0.3,0.25,1.32,0.16,-1.54,0.13
-0.3,0.26,1.29,0.18,-1.44,0.11
-0.29,0.26,1.26,0.19,-1.36,0.13
-0.27,0.25,1.23,0.2,-1.27,0.13
-0.24,0.23,1.2,0.19,-1.2,0.17
-0.23,0.23,1.18,0.19,-1.18,0.18
-0.21,0.23,1.16,0.17,-1.14,0.23
-0.19,0.22,1.15,0.17,-1.07,0.24
-0.17,0.2,1.15,0.16,-1.04,0.27
-0.16,0.19,1.15,0.16,-1.03,0.27
-0.15,0.17,1.16,0.15,-1.01,0.27
-0.14,0.16,1.15,0.14,-1.0,0.27
-0.14,0.15,1.15,0.12,-1.0,0.27
-0.14,0.15,1.14,0.15,-1.01,0.25
-0.14,0.17,1.13,0.15,-1.02,0.26
-0.15,0.16,1.13,0.15,-1.0,0.25
-0.16,0.17,1.14,0.14,-1.0,0.25
-0.16,0.18,1.14,0.16,-1.01,0.25
-0.16,0.18,1.17,0.18,-0.99,0.23
-0.17,0.18,1.2,0.2,-0.93,0.19
-0.17,0.19,1.22,0.21,-0.89,0.16
-0.16,0.2,1.21,0.23,-0.82,0.13
-0.15,0.21,1.2,0.23,-0.75,0.11
-0.14,0.21,1.17,0.2,-0.67,0.07
-0.13,0.21,1.15,0.19,-0.61,0.07
-0.11,0.2,1.13,0.17,-0.56,0.06
-0.09,0.19,1.1,0.14,-0.52,0.06
-0.07,0.18,1.07,0.08,-0.5,0.05
-0.06,0.17,1.05,0.02,-0.47,0.05
-0.07,0.16,1.03,-0.03,-0.49,0.05
-0.07,0.16,1.02,-0.1,-0.49,0.07
-0.07,0.17,1.02,-0.14,-0.51,0.06
-0.09,0.16,1.04,-0.19,-0.53,0.06
-0.12,0.17,1.06,-0.22,-0.53,0.05
-0.15,0.17,1.08,-0.23,-0.53,0.04
-0.17,0.17,1.11,-0.22,-0.51,0.0
-0.19,0.16,1.11,-0.18,-0.47,-0.0
-0.21,0.16,1.11,-0.13,-0.46,-0.02
-0.21,0.17,1.12,-0.09,-0.44,-0.03
-0.21,0.16,1.1,-0.06,-0.39,-0.04
-0.21,0.16,1.09,-0.0,-0.39,-0.03
-0.2,0.15,1.08,0.03,-0.35,-0.04
-0.18,0.13,1.09,0.05,-0.33,-0.03
-0.16,0.12,1.1,0.05,-0.26,-0.04
-0.13,0.12,1.09,0.02,-0.2,-0.04
-0.11,0.1,1.07,0.02,-0.18,-0.04
-0.1,0.11,1.06,-0.03,-0.16,-0.02
-0.1,0.11,1.04,-0.06,-0.11,-0.01
-0.1,0.12,1.04,-0.09,-0.09,0.0
-0.09,0.12,1.04,-0.1,-0.08,0.0
-0.09,0.13,1.04,-0.11,-0.07,0.02
-0.08,0.11,1.05,-0.12,-0.08,0.02
-0.08,0.1,1.06,-0.14,-0.06,0.01
-0.08,0.1,1.06,-0.14,-0.06,0.0
-0.08,0.09,1.05,-0.14,-0.06,-0.0
-0.08,0.1,1.04,-0.15,-0.04,-0.01
-0.09,0.1,1.04,-0.15,-0.04,-0.0
-0.09,0.1,1.03,-0.14,-0.05,0.0
-0.1,0.1,1.03,-0.12,-0.06,0.02
-0.1,0.1,1.03,-0.11,-0.05,0.02
-0.09,0.1,1.04,-0.08,-0.07,0.03
-0.08,0.09,1.04,-0.06,-0.06,0.03
-0.07,0.09,1.06,-0.05,-0.06,0.03
-0.06,0.09,1.08,-0.05,-0.04,0.01
-0.06,0.08,1.09,-0.06,-0.02,-0.01
-0.06,0.08,1.08,-0.05,-0.01,-0.03
-0.06,0.08,1.07,-0.06,0.0,-0.04
-0.05,0.08,1.06,-0.06,0.02,-0.05
-0.06,0.09,1.06,-0.07,0.05,-0.05
-0.06,0.08,1.07,-0.07,0.06,-0.03
-0.05,0.08,1.06,-0.08,0.09,-0.03
-0.05,0.08,1.06,-0.09,0.09,-0.02
-0.06,0.08,1.06,-0.09,0.12,-0.02
-0.06,0.09,1.05,-0.08,0.13,-0.02
-0.06,0.08,1.04,-0.06,0.11,-0.01
-0.05,0.07,1.03,-0.04,0.13,-0.03
-0.05,0.06,1.03,-0.05,0.14,-0.01
-0.05,0.06,1.04,-0.03,0.14,-0.01
-0.04,0.05,1.05,-0.02,0.12,-0.0
-0.03,0.05,1.05,0.01,0.14,-0.02
-0.02,0.05,1.04,0.01,0.12,-0.01
-0.01,0.04,1.03,0.01,0.11,-0.0
-0.01,0.04,1.02,0.01,0.09,0.01
-0.0,0.04,1.03,0.02,0.08,-0.01
0.0,0.05,1.03,0.02,0.07,0.0
-0.0,0.05,1.03,0.02,0.04,0.01
-0.01,0.05,1.04,0.03,0.04,0.01
-0.0,0.04,1.04,0.04,0.05,0.01
-0.0,0.04,1.03,0.02,0.05,0.0
-0.0,0.05,1.04,0.03,0.03,-0.0
-0.01,0.05,1.06,0.02,0.03,0.01
-0.0,0.05,1.06,0.02,0.04,0.01
-0.01,0.05,1.07,0.03,0.07,-0.01
-0.0,0.05,1.06,0.04,0.07,0.0
-0.0,0.05,1.06,0.02,0.07,0.01
0.0,0.05,1.06,0.02,0.11,0.0
0.0,0.05,1.06,0.01,0.11,0.01
0.0,0.05,1.04,-0.01,0.11,0.02
0.0,0.05,1.04,-0.0,0.1,0.02
-0.0,0.05,1.03,-0.01,0.11,0.02
-0.01,0.05,1.04,0.0,0.09,0.03
-0.01,0.05,1.06,-0.0,0.09,0.01
-0.01,0.05,1.08,-0.01,0.1,-0.0
-0.02,0.04,1.08,0.01,0.11,-0.02
-0.02,0.04,1.07,0.03,0.12,-0.02
-0.01,0.03,1.06,0.04,0.11,-0.02
-0.01,0.04,1.06,0.06,0.1,-0.03
0.01,0.04,1.05,0.09,0.1,-0.03
0.01,0.03,1.05,0.1,0.11,-0.02
0.02,0.02,1.04,0.11,0.1,-0.02
0.04,0.01,1.03,0.11,0.09,-0.03
0.05,0.0,1.02,0.09,0.07,-0.01
0.06,0.0,1.01,0.08,0.06,-0.02
0.06,-0.0,1.0,0.04,0.04,-0.0
0.05,0.0,1.01,0.02,0.03,-0.01
0.04,0.01,1.03,-0.0,0.03,0.01
0.03,0.01,1.02,-0.03,0.04,0.02
0.03,0.02,1.03,-0.04,0.03,0.03
0.02,0.02,1.04,-0.03,0.01,0.05
0.02,0.02,1.06,-0.04,0.04,0.04
-0.0,0.02,1.08,-0.04,0.02,0.05
-0.0,0.03,1.08,-0.04,0.03,0.04
-0.0,0.03,1.08,-0.01,0.03,0.02
-0.01,0.04,1.09,0.0,0.05,-0.01
0.0,0.04,1.07,0.01,0.07,-0.02
-0.0,0.04,1.06,0.03,0.06,-0.02
0.01,0.05,1.05,0.04,0.05,-0.03
0.0,0.04,1.05,0.04,0.05,-0.04
-0.01,0.05,1.05,0.04,0.06,-0.04
-0.02,0.06,1.04,0.03,0.05,-0.04
-0.04,0.07,1.02,0.06,0.03,-0.02
-0.04,0.07,1.02,0.05,0.04,-0.02
-0.06,0.08,1.02,0.07,0.04,-0.01
-0.07,0.08,1.03,0.09,0.02,0.01
-0.07,0.08,1.05,0.11,0.02,0.01
-0.07,0.07,1.06,0.11,0.04,0.01
-0.08,0.08,1.06,0.12,0.06,0.01
-0.08,0.07,1.06,0.13,0.07,-0.0
-0.09,0.09,1.06,0.15,0.06,0.0
-0.09,0.09,1.07,0.14,0.08,0.0
-0.09,0.1,1.09,0.15,0.09,0.02
-0.09,0.11,1.1,0.17,0.11,0.02
-0.09,0.11,1.11,0.17,0.15,0.02
-0.07,0.1,1.11,0.18,0.19,0.01
-0.07,0.1,1.11,0.16,0.25,-0.01
-0.06,0.08,1.1,0.18,0.27,-0.03
-0.05,0.08,1.11,0.17,0.3,-0.04
-0.04,0.08,1.09,0.16,0.32,-0.05
-0.03,0.08,1.07,0.13,0.35,-0.05
-0.01,0.08,1.05,0.1,0.33,-0.04
-0.0,0.07,1.04,0.08,0.32,-0.04
-0.0,0.06,1.05,0.04,0.33,-0.02
-0.01,0.05,1.04,0.01,0.35,-0.03
-0.02,0.06,1.03,-0.0,0.33,-0.02
-0.02,0.06,1.02,0.0,0.31,-0.02
-0.03,0.06,1.02,-0.01,0.3,-0.02
-0.04,0.07,1.03,-0.02,0.3,-0.01
-0.05,0.07,1.04,-0.01,0.28,-0.0
-0.05,0.08,1.05,0.01,0.26,-0.01
-0.06,0.08,1.05,0.02,0.26,-0.01
-0.06,0.09,1.06,0.03,0.25,-0.02
-0.07,0.1,1.08,0.05,0.26,-0.03
-0.08,0.1,1.08,0.06,0.26,-0.06
-0.08,0.12,1.08,0.08,0.26,-0.06
-0.08,0.12,1.1,0.07,0.29,-0.08
-0.07,0.12,1.11,0.07,0.29,-0.07
-0.07,0.12,1.12,0.07,0.31,-0.09
-0.08,0.13,1.12,0.04,0.34,-0.1
-0.08,0.14,1.12,0.0,0.38,-0.1
-0.11,0.15,1.12,-0.02,0.4,-0.11
-0.11,0.16,1.13,-0.02,0.43,-0.11
-0.12,0.16,1.13,-0.06,0.48,-0.1
-0.13,0.17,1.12,-0.09,0.51,-0.11
-0.15,0.17,1.12,-0.08,0.53,-0.1
-0.17,0.18,1.14,-0.1,0.56,-0.1
-0.19,0.19,1.14,-0.11,0.59,-0.11
-0.2,0.18,1.17,-0.09,0.64,-0.11
-0.21,0.18,1.17,-0.09,0.69,-0.11
-0.22,0.18,1.17,-0.08,0.74,-0.13
-0.22,0.17,1.18,-0.07,0.8,-0.14
-0.22,0.17,1.19,-0.07,0.86,-0.13
-0.22,0.16,1.19,-0.05,0.92,-0.14
-0.22,0.15,1.19,-0.05,0.99,-0.14
-0.22,0.14,1.17,-0.03,1.06,-0.14
-0.22,0.13,1.17,-0.02,1.13,-0.13
-0.23,0.11,1.18,0.0,1.16,-0.1
-0.22,0.11,1.16,0.04,1.2,-0.09
-0.2,0.09,1.15,0.08,1.24,-0.09
-0.19,0.08,1.15,0.12,1.29,-0.07
-0.17,0.07,1.13,0.17,1.31,-0.04
-0.14,0.06,1.13,0.19,1.34,-0.04
-0.11,0.06,1.12,0.21,1.35,-0.02
-0.08,0.05,1.12,0.21,1.36,-0.02
-0.05,0.04,1.12,0.24,1.35,-0.02
-0.03,0.03,1.12,0.25,1.34,-0.04
0.0,0.03,1.11,0.25,1.33,-0.04
0.02,0.03,1.09,0.21,1.35,-0.05
0.03,0.02,1.08,0.17,1.34,-0.05
0.05,0.02,1.07,0.14,1.32,-0.07
0.06,0.02,1.07,0.1,1.3,-0.09
0.06,0.02,1.07,0.06,1.28,-0.09
0.06,0.03,1.09,0.02,1.27,-0.1
0.06,0.02,1.11,-0.05,1.27,-0.12
0.06,0.03,1.12,-0.09,1.28,-0.15
0.05,0.03,1.13,-0.15,1.29,-0.15
0.04,0.04,1.13,-0.18,1.29,-0.15
0.03,0.04,1.14,-0.22,1.3,-0.17
0.02,0.05,1.15,-0.24,1.31,-0.16
0.01,0.05,1.16,-0.27,1.33,-0.17
-0.0,0.05,1.17,-0.29,1.34,-0.16
-0.01,0.04,1.19,-0.3,1.36,-0.16
-0.03,0.03,1.2,-0.31,1.38,-0.17
-0.03,0.03,1.2,-0.3,1.41,-0.17
-0.05,0.03,1.2,-0.28,1.43,-0.16
-0.05,0.03,1.2,-0.26,1.45,-0.16
-0.05,0.02,1.2,-0.23,1.47,-0.16
-0.06,0.01,1.2,-0.2,1.5,-0.17
-0.05,0.0,1.2,-0.17,1.53,-0.17
-0.03,-0.0,1.19,-0.13,1.54,-0.17
-0.03,-0.01,1.2,-0.1,1.57,-0.17
-0.01,-0.02,1.19,-0.09,1.59,-0.16
-0.0,-0.02,1.18,-0.06,1.6,-0.15
0.01,-0.02,1.18,-0.06,1.63,-0.15
0.01,-0.02,1.16,-0.04,1.65,-0.15
0.03,-0.02,1.15,-0.05,1.67,-0.14
0.04,-0.02,1.16,-0.06,1.66,-0.13
0.04,-0.03,1.16,-0.05,1.66,-0.13
0.04,-0.03,1.16,-0.04,1.64,-0.12
0.05,-0.04,1.16,-0.06,1.66,-0.11
0.06,-0.04,1.17,-0.05,1.66,-0.11
0.06,-0.06,1.17,-0.06,1.68,-0.12
0.06,-0.05,1.18,-0.05,1.68,-0.13
0.07,-0.05,1.18,-0.06,1.71,-0.14
0.07,-0.05,1.18,-0.07,1.72,-0.13
0.08,-0.04,1.17,-0.08,1.74,-0.14
0.07,-0.05,1.16,-0.06,1.76,-0.13
0.08,-0.05,1.16,-0.08,1.8,-0.12
0.08,-0.05,1.15,-0.08,1.79,-0.1
0.09,-0.04,1.14,-0.07,1.8,-0.09
0.09,-0.05,1.13,-0.06,1.79,-0.09
0.09,-0.04,1.13,-0.07,1.79,-0.07
0.09,-0.05,1.13,-0.05,1.79,-0.07
0.1,-0.05,1.12,-0.04,1.79,-0.07
0.1,-0.06,1.11,-0.03,1.77,-0.06
0.1,-0.06,1.11,-0.03,1.79,-0.06
0.1,-0.06,1.1,-0.04,1.78,-0.06
0.1,-0.06,1.11,-0.02,1.75,-0.05
0.1,-0.06,1.11,0.0,1.72,-0.05
0.1,-0.07,1.12,-0.01,1.71,-0.05
0.11,-0.07,1.13,0.02,1.69,-0.05
0.11,-0.08,1.14,0.04,1.69,-0.07
0.11,-0.08,1.15,0.03,1.7,-0.08
0.12,-0.08,1.14,0.04,1.72,-0.1
0.12,-0.08,1.15,0.03,1.74,-0.1
0.11,-0.08,1.14,0.04,1.76,-0.1
0.11,-0.07,1.14,0.04,1.78,-0.1
0.11,-0.06,1.13,0.04,1.81,-0.1
0.11,-0.06,1.13,0.03,1.81,-0.08
0.1,-0.06,1.12,0.05,1.81,-0.08
0.12,-0.08,1.11,0.06,1.83,-0.07
0.12,-0.07,1.1,0.06,1.83,-0.07
0.12,-0.06,1.09,0.07,1.83,-0.07
0.13,-0.06,1.09,0.06,1.81,-0.07
0.15,-0.07,1.1,0.07,1.81,-0.09
0.16,-0.07,1.09,0.05,1.82,-0.1
0.17,-0.08,1.09,0.04,1.8,-0.11
0.16,-0.07,1.09,0.03,1.79,-0.12
0.16,-0.06,1.09,0.01,1.78,-0.14
0.15,-0.06,1.09,-0.0,1.78,-0.15
0.16,-0.06,1.09,-0.04,1.75,-0.15
0.14,-0.05,1.1,-0.04,1.72,-0.17
0.14,-0.05,1.13,-0.08,1.7,-0.17
0.14,-0.06,1.16,-0.1,1.69,-0.19
0.14,-0.07,1.2,-0.14,1.67,-0.2
0.14,-0.08,1.24,-0.15,1.66,-0.21
0.13,-0.09,1.27,-0.18,1.68,-0.24
0.13,-0.11,1.32,-0.21,1.73,-0.27
0.11,-0.11,1.35,-0.23,1.77,-0.28
0.08,-0.11,1.4,-0.23,1.8,-0.31
0.05,-0.12,1.42,-0.19,1.87,-0.33
0.01,-0.13,1.44,-0.18,1.96,-0.34
-0.01,-0.13,1.45,-0.14,2.05,-0.33
-0.03,-0.13,1.44,-0.11,2.15,-0.32
-0.04,-0.13,1.44,-0.07,2.25,-0.29
-0.05,-0.13,1.45,-0.02,2.34,-0.26
-0.03,-0.14,1.46,0.02,2.41,-0.21
-0.0,-0.14,1.46,0.07,2.47,-0.18
0.03,-0.15,1.46,0.11,2.55,-0.16
0.07,-0.15,1.45,0.11,2.62,-0.15
0.11,-0.16,1.45,0.12,2.65,-0.15
0.14,-0.18,1.46,0.12,2.7,-0.16
0.17,-0.2,1.46,0.09,2.76,-0.21
0.2,-0.21,1.46,0.09,2.84,-0.26
0.22,-0.2,1.44,0.05,2.91,-0.3
0.21,-0.18,1.41,0.02,2.97,-0.34
0.2,-0.17,1.37,-0.05,3.04,-0.38
0.2,-0.17,1.35,-0.14,3.13,-0.4
0.16,-0.16,1.34,-0.23,3.18,-0.37
0.14,-0.14,1.35,-0.31,3.23,-0.35
0.13,-0.14,1.37,-0.35,3.21,-0.28
0.13,-0.17,1.43,-0.41,3.22,-0.25
0.15,-0.23,1.48,-0.43,3.2,-0.21
0.18,-0.28,1.5,-0.45,3.25,-0.2
0.19,-0.3,1.53,-0.44,3.33,-0.2
0.2,-0.31,1.53,-0.42,3.43,-0.22
0.2,-0.3,1.51,-0.43,3.55,-0.2
0.21,-0.29,1.48,-0.42,3.64,-0.19
0.23,-0.27,1.42,-0.45,3.7,-0.16
0.25,-0.27,1.36,-0.51,3.81,-0.14
0.3,-0.24,1.29,-0.6,3.9,-0.1
0.31,-0.23,1.25,-0.7,3.98,-0.09
0.32,-0.21,1.19,-0.84,4.07,-0.06
0.32,-0.21,1.15,-0.97,4.13,-0.03
0.31,-0.19,1.13,-1.12,4.21,0.01
0.3,-0.17,1.13,-1.22,4.21,0.06
0.28,-0.16,1.13,-1.31,4.23,0.12
0.25,-0.17,1.15,-1.37,4.28,0.18
0.24,-0.22,1.18,-1.39,4.25,0.24
0.27,-0.28,1.2,-1.36,4.26,0.28
0.3,-0.32,1.21,-1.23,4.25,0.3
0.31,-0.35,1.19,-1.12,4.33,0.34
0.33,-0.36,1.13,-0.95,4.34,0.34
0.33,-0.34,1.07,-0.79,4.34,0.36
0.35,-0.3,1.01,-0.63,4.34,0.37
0.38,-0.28,0.92,-0.48,4.34,0.37
0.39,-0.31,0.84,-0.4,4.3,0.35
0.4,-0.32,0.77,-0.3,4.24,0.29
0.38,-0.33,0.73,-0.22,4.16,0.22
0.36,-0.34,0.7,-0.16,4.14,0.17
0.34,-0.37,0.67,-0.06,4.08,0.14
0.31,-0.4,0.66,0.04,4.07,0.11
0.27,-0.4,0.64,0.17,4.07,0.1
0.24,-0.36,0.61,0.35,4.05,0.12
0.22,-0.31,0.56,0.46,4.05,0.17
0.19,-0.27,0.49,0.57,4.02,0.22
0.18,-0.24,0.42,0.64,3.96,0.25
0.19,-0.19,0.38,0.66,3.93,0.28
0.18,-0.14,0.34,0.66,3.87,0.32
0.19,-0.08,0.28,0.63,3.84,0.36
0.19,-0.0,0.23,0.56,3.75,0.4
0.17,0.05,0.19,0.46,3.75,0.42
0.15,0.1,0.15,0.31,3.65,0.44
0.14,0.12,0.13,0.14,3.59,0.43
0.14,0.12,0.12,-0.01,3.5,0.42
0.13,0.12,0.14,-0.13,3.47,0.4
0.13,0.13,0.18,-0.21,3.42,0.39
0.11,0.15,0.2,-0.24,3.34,0.37
0.08,0.18,0.19,-0.26,3.21,0.37
0.05,0.19,0.17,-0.29,3.12,0.32
0.01,0.2,0.16,-0.31,2.99,0.28
-0.02,0.23,0.19,-0.3,2.86,0.23
-0.07,0.25,0.2,-0.29,2.74,0.2
-0.1,0.26,0.22,-0.25,2.61,0.18
-0.14,0.3,0.24,-0.23,2.49,0.18
-0.17,0.34,0.26,-0.19,2.33,0.21
-0.2,0.39,0.26,-0.18,2.17,0.25
-0.22,0.43,0.25,-0.17,2.05,0.28
-0.22,0.47,0.25,-0.2,1.91,0.31
-0.22,0.49,0.24,-0.23,1.76,0.34
-0.21,0.48,0.26,-0.24,1.58,0.35
-0.19,0.47,0.27,-0.25,1.45,0.35
-0.17,0.45,0.31,-0.22,1.26,0.32
-0.16,0.41,0.33,-0.16,1.11,0.31
-0.14,0.34,0.37,-0.06,0.95,0.29
-0.14,0.33,0.43,0.07,0.83,0.24
-0.14,0.35,0.49,0.19,0.68,0.22
-0.14,0.36,0.52,0.33,0.52,0.21
-0.14,0.39,0.54,0.45,0.34,0.21
-0.14,0.41,0.52,0.51,0.21,0.19
-0.12,0.42,0.52,0.53,0.08,0.17
-0.1,0.45,0.53,0.51,-0.04,0.15
-0.09,0.45,0.56,0.45,-0.11,0.11
-0.08,0.46,0.57,0.35,-0.19,0.09
-0.05,0.45,0.61,0.25,-0.24,0.09
-0.03,0.44,0.65,0.15,-0.31,0.08
-0.01,0.42,0.68,0.04,-0.38,0.06
0.02,0.37,0.72,-0.09,-0.43,0.05
0.04,0.31,0.75,-0.21,-0.43,0.02
0.06,0.23,0.8,-0.28,-0.46,-0.01
0.07,0.16,0.85,-0.32,-0.47,-0.04
0.08,0.09,0.9,-0.34,-0.46,-0.08
0.09,0.01,0.95,-0.33,-0.47,-0.1
0.09,-0.04,1.0,-0.27,-0.45,-0.12
0.08,-0.08,1.05,-0.17,-0.45,-0.13
0.08,-0.1,1.07,-0.06,-0.44,-0.12
0.08,-0.11,1.09,0.06,-0.43,-0.09
0.08,-0.12,1.09,0.16,-0.44,-0.07
0.07,-0.1,1.08,0.27,-0.45,-0.05
0.07,-0.09,1.08,0.36,-0.43,-0.05
0.08,-0.07,1.08,0.41,-0.41,-0.05
0.08,-0.02,1.07,0.46,-0.4,-0.06
0.07,0.01,1.06,0.44,-0.38,-0.06
0.06,0.05,1.03,0.41,-0.4,-0.08
0.07,0.06,1.01,0.31,-0.37,-0.09
0.08,0.07,1.0,0.21,-0.35,-0.09
0.08,0.07,1.0,0.12,-0.34,-0.1
0.09,0.05,1.0,0.02,-0.29,-0.12
0.09,0.02,1.0,-0.09,-0.22,-0.13
0.09,-0.01,1.01,-0.15,-0.17,-0.12
0.1,-0.05,1.02,-0.19,-0.12,-0.13
0.08,-0.08,1.04,-0.2,-0.06,-0.11
0.07,-0.11,1.05,-0.17,-0.02,-0.11
0.06,-0.13,1.08,-0.12,0.0,-0.08
0.06,-0.15,1.09,-0.03,0.0,-0.06
0.05,-0.17,1.09,0.06,0.02,-0.04
0.04,-0.18,1.09,0.18,0.04,-0.03
0.02,-0.16,1.08,0.31,0.03,-0.01
0.01,-0.14,1.07,0.43,0.0,0.0
0.01,-0.1,1.05,0.53,-0.01,0.01
0.01,-0.06,1.02,0.57,-0.01,0.02
0.0,-0.03,0.99,0.63,-0.06,0.04
-0.01,0.01,0.96,0.62,-0.06,0.04
-0.01,0.03,0.93,0.59,-0.08,0.05
-0.02,0.05,0.92,0.53,-0.07,0.06
-0.02,0.05,0.91,0.49,-0.09,0.07
-0.01,0.06,0.89,0.44,-0.08,0.07
0.01,0.06,0.89,0.41,-0.08,0.09
0.0,0.07,0.88,0.35,-0.05,0.11
0.0,0.08,0.87,0.32,-0.08,0.13
0.01,0.08,0.86,0.29,-0.08,0.13
0.02,0.1,0.84,0.26,-0.07,0.11
0.01,0.1,0.83,0.22,-0.09,0.11
0.02,0.1,0.83,0.18,-0.1,0.09
0.01,0.1,0.83,0.17,-0.14,0.06
0.01,0.1,0.84,0.15,-0.16,0.05
0.01,0.09,0.84,0.11,-0.18,0.03
-0.01,0.08,0.84,0.11,-0.21,0.04
-0.02,0.07,0.84,0.11,-0.24,0.03
-0.02,0.07,0.84,0.12,-0.27,0.03
-0.02,0.08,0.85,0.12,-0.3,0.03
-0.02,0.08,0.86,0.14,-0.36,0.04
-0.02,0.1,0.86,0.14,-0.39,0.04
-0.01,0.1,0.84,0.14,-0.47,0.02
-0.01,0.09,0.83,0.12,-0.49,0.03
0.01,0.09,0.83,0.1,-0.54,0.03
0.02,0.09,0.83,0.1,-0.57,0.03
0.02,0.1,0.84,0.08,-0.6,0.02
0.02,0.1,0.83,0.02,-0.59,0.02
0.01,0.1,0.82,-0.04,-0.6,0.02
0.01,0.1,0.81,-0.08,-0.6,0.02
0.01,0.13,0.81,-0.15,-0.55,0.03
0.01,0.16,0.8,-0.21,-0.53,0.03
0.01,0.2,0.78,-0.32,-0.49,0.06
-0.01,0.23,0.76,-0.44,-0.47,0.07
-0.02,0.23,0.75,-0.57,-0.46,0.08
-0.03,0.24,0.76,-0.73,-0.44,0.09
-0.05,0.24,0.76,-0.84,-0.45,0.1
-0.05,0.23,0.78,-0.91,-0.5,0.09
-0.04,0.19,0.79,-0.98,-0.56,0.09
-0.03,0.12,0.82,-1.04,-0.6,0.06
-0.01,0.09,0.84,-1.02,-0.7,0.04
0.01,0.05,0.87,-0.95,-0.74,-0.0
0.03,0.01,0.91,-0.86,-0.85,-0.04
0.04,-0.03,0.92,-0.76,-0.93,-0.1
0.05,-0.08,0.93,-0.66,-1.0,-0.15
0.06,-0.1,0.96,-0.51,-1.06,-0.21
0.05,-0.09,1.0,-0.36,-1.13,-0.23
0.04,-0.08,1.01,-0.25,-1.18,-0.24
0.06,-0.09,1.0,-0.16,-1.23,-0.22
0.06,-0.11,0.98,-0.09,-1.26,-0.21
0.07,-0.12,0.99,-0.02,-1.25,-0.21
0.09,-0.1,0.99,0.03,-1.24,-0.19
0.09,-0.06,0.97,0.05,-1.19,-0.16
0.1,-0.05,0.95,0.06,-1.17,-0.15
0.09,-0.04,0.93,0.04,-1.15,-0.13
0.09,-0.04,0.91,-0.04,-1.08,-0.13
0.09,-0.04,0.92,-0.09,-1.03,-0.11
0.1,-0.03,0.93,-0.12,-1.0,-0.09
0.1,-0.02,0.93,-0.18,-0.96,-0.09
0.11,-0.03,0.93,-0.24,-0.91,-0.09
0.1,-0.04,0.93,-0.29,-0.89,-0.09
0.09,-0.05,0.94,-0.32,-0.85,-0.1
0.1,-0.04,0.96,-0.33,-0.85,-0.11
0.09,-0.05,0.96,-0.35,-0.82,-0.12
0.09,-0.06,0.97,-0.34,-0.81,-0.13
0.07,-0.05,0.97,-0.31,-0.82,-0.14
0.06,-0.05,0.97,-0.25,-0.81,-0.15
0.04,-0.05,0.96,-0.24,-0.81,-0.15
0.03,-0.04,0.97,-0.17,-0.82,-0.13
0.03,-0.02,0.97,-0.12,-0.85,-0.12
0.02,-0.0,0.95,-0.06,-0.86,-0.11
0.02,0.0,0.93,-0.03,-0.89,-0.1
0.02,0.0,0.92,-0.01,-0.9,-0.08
0.03,0.01,0.92,0.02,-0.92,-0.07
0.04,0.03,0.93,0.06,-0.93,-0.07
0.04,0.05,0.92,0.04,-0.95,-0.06
0.05,0.04,0.9,0.01,-0.98,-0.06
0.06,0.02,0.9,-0.01,-1.02,-0.07
0.08,0.0,0.91,-0.03,-1.05,-0.08
0.09,-0.02,0.94,-0.03,-1.04,-0.08
0.1,-0.04,0.96,-0.02,-1.06,-0.08
0.11,-0.06,0.96,0.01,-1.05,-0.1
0.1,-0.07,0.97,0.06,-1.05,-0.12
0.1,-0.08,0.98,0.08,-1.05,-0.14
0.09,-0.06,0.98,0.1,-1.03,-0.14
0.08,-0.04,0.98,0.13,-1.02,-0.16
0.07,-0.02,0.96,0.13,-1.02,-0.15
0.06,-0.01,0.95,0.07,-0.99,-0.15
0.05,0.0,0.94,0.02,-0.99,-0.13
0.05,0.01,0.94,-0.03,-0.98,-0.09
0.04,0.0,0.93,-0.09,-0.94,-0.08
0.04,-0.0,0.93,-0.13,-0.92,-0.04
0.04,-0.01,0.94,-0.18,-0.9,-0.02
0.05,-0.02,0.95,-0.19,-0.9,0.0
0.04,-0.06,0.96,-0.19,-0.91,0.02
0.05,-0.08,0.98,-0.17,-0.88,0.02
0.04,-0.1,0.97,-0.11,-0.89,0.02
0.04,-0.11,1.0,0.01,-0.91,0.02
0.04,-0.11,1.02,0.14,-0.94,0.0
0.04,-0.08,1.03,0.25,-0.98,-0.0
0.05,-0.06,1.02,0.4,-1.05,-0.01
0.04,-0.05,0.98,0.47,-1.09,-0.03
0.05,-0.03,0.96,0.53,-1.14,-0.06
0.07,0.01,0.93,0.53,-1.17,-0.08
0.07,0.02,0.92,0.49,-1.2,-0.09
0.08,0.02,0.92,0.4,-1.21,-0.09
0.07,0.02,0.91,0.32,-1.18,-0.1
0.07,0.02,0.93,0.22,-1.15,-0.08
0.05,-0.01,0.94,0.1,-1.12,-0.04
0.04,-0.04,0.97,0.04,-1.11,-0.0
0.03,-0.09,1.02,0.01,-1.08,0.04
0.02,-0.13,1.05,0.03,-1.05,0.08
0.01,-0.16,1.07,0.12,-1.01,0.12
-0.01,-0.17,1.09,0.24,-1.0,0.14
-0.02,-0.18,1.09,0.4,-0.99,0.18
-0.02,-0.18,1.07,0.57,-0.97,0.2
-0.02,-0.15,1.03,0.74,-0.95,0.23
-0.01,-0.11,1.0,0.92,-0.96,0.24
0.0,-0.06,0.97,1.07,-0.99,0.26
0.03,-0.0,0.92,1.15,-1.01,0.23
0.04,0.06,0.86,1.19,-1.07,0.21
0.07,0.11,0.8,1.15,-1.09,0.19
0.09,0.16,0.75,1.05,-1.11,0.15
0.12,0.2,0.72,0.88,-1.12,0.13
0.14,0.25,0.71,0.67,-1.13,0.12
0.15,0.27,0.7,0.43,-1.15,0.12
0.2,0.25,0.7,0.18,-1.15,0.14
0.21,0.21,0.72,-0.11,-1.15,0.12
0.21,0.17,0.74,-0.36,-1.16,0.12
0.2,0.11,0.8,-0.56,-1.15,0.1
0.17,0.07,0.86,-0.68,-1.12,0.08
0.15,0.01,0.92,-0.75,-1.07,0.07
0.12,-0.03,0.98,-0.76,-1.03,0.07
0.09,-0.05,1.02,-0.69,-1.03,0.08
0.08,-0.08,1.04,-0.59,-1.04,0.09
0.08,-0.11,1.06,-0.49,-1.03,0.07
0.07,-0.13,1.08,-0.33,-1.06,0.06
0.05,-0.13,1.09,-0.17,-1.08,0.03
0.03,-0.12,1.1,0.01,-1.11,0.01
0.03,-0.1,1.08,0.17,-1.14,-0.0
0.05,-0.1,1.07,0.3,-1.19,0.0
0.07,-0.09,1.05,0.41,-1.23,-0.01
0.07,-0.08,1.02,0.5,-1.24,-0.0
0.08,-0.04,1.0,0.55,-1.2,-0.01
0.08,0.02,0.96,0.57,-1.2,-0.0
0.1,0.07,0.92,0.53,-1.21,0.0
0.12,0.09,0.88,0.43,-1.24,0.02
0.14,0.08,0.87,0.31,-1.23,0.01
0.16,0.07,0.88,0.15,-1.21,0.01
0.16,0.07,0.89,0.02,-1.19,0.0
0.16,0.05,0.9,-0.12,-1.18,-0.0
0.15,0.02,0.92,-0.24,-1.15,-0.01
0.13,-0.01,0.94,-0.34,-1.11,-0.02
0.11,-0.03,0.97,-0.4,-1.07,-0.03
0.08,-0.04,1.01,-0.42,-1.07,-0.04
0.06,-0.06,1.04,-0.4,-1.06,-0.04
0.03,-0.08,1.06,-0.36,-1.08,-0.03
0.01,-0.1,1.08,-0.28,-1.1,-0.01
-0.01,-0.12,1.08,-0.16,-1.11,-0.0
-0.03,-0.12,1.09,-0.05,-1.08,0.0
-0.03,-0.1,1.08,0.08,-1.1,0.03
-0.02,-0.07,1.06,0.2,-1.09,0.05
-0.01,-0.05,1.04,0.32,-1.12,0.08
0.01,-0.04,1.0,0.41,-1.14,0.08
0.04,-0.03,0.97,0.44,-1.13,0.09
0.09,-0.01,0.95,0.49,-1.16,0.07
0.13,0.03,0.93,0.49,-1.2,0.06
0.16,0.05,0.91,0.43,-1.24,0.03
0.19,0.04,0.89,0.3,-1.28,-0.02
0.2,0.01,0.89,0.19,-1.27,-0.09
0.2,-0.01,0.91,0.04,-1.24,-0.14
0.18,-0.02,0.93,-0.07,-1.17,-0.16
0.15,-0.01,0.95,-0.18,-1.1,-0.16
0.12,0.01,0.96,-0.24,-1.06,-0.14
0.1,0.0,0.97,-0.31,-1.02,-0.1
0.08,-0.01,0.96,-0.35,-0.96,-0.07
0.06,-0.02,0.98,-0.38,-0.94,-0.04
0.04,-0.02,0.99,-0.34,-0.94,-0.03
0.03,-0.01,1.0,-0.3,-0.98,-0.02
0.04,-0.02,1.0,-0.27,-1.01,-0.03
0.03,-0.03,0.98,-0.23,-1.04,-0.05
0.02,-0.04,0.97,-0.21,-1.1,-0.07
0.02,-0.04,0.98,-0.19,-1.13,-0.06
0.02,-0.04,1.01,-0.18,-1.15,-0.06
0.04,-0.06,1.03,-0.15,-1.18,-0.03
0.04,-0.08,1.09,-0.1,-1.2,-0.02
0.05,-0.1,1.08,-0.03,-1.19,-0.02
0.06,-0.09,1.03,0.02,-1.15,-0.05
0.06,-0.1,1.04,0.06,-1.12,-0.07
0.05,-0.05,1.04,0.13,-1.13,-0.09
0.05,-0.03,1.0,0.15,-1.13,-0.09
0.05,-0.04,0.98,0.15,-1.13,-0.09
0.07,-0.04,0.98,0.14,-1.15,-0.1
0.08,-0.03,0.96,0.13,-1.15,-0.1
0.08,-0.02,0.97,0.12,-1.15,-0.1
0.09,-0.01,0.96,0.08,-1.13,-0.1
0.09,-0.01,0.94,0.03,-1.12,-0.09
0.09,-0.01,0.93,-0.04,-1.12,-0.09
0.08,-0.01,0.95,-0.09,-1.13,-0.08
0.07,-0.0,0.95,-0.15,-1.1,-0.07
0.06,0.01,0.95,-0.21,-1.11,-0.04
0.07,0.02,0.95,-0.28,-1.1,-0.02
0.08,0.01,0.96,-0.34,-1.12,0.01
0.07,-0.01,0.97,-0.42,-1.11,0.01
0.07,-0.03,0.99,-0.49,-1.1,0.03
0.04,-0.04,1.02,-0.5,-1.1,0.04
0.03,-0.06,1.04,-0.49,-1.09,0.06
0.01,-0.06,1.05,-0.45,-1.05,0.07
0.0,-0.06,1.06,-0.4,-1.05,0.1
0.01,-0.07,1.07,-0.28,-1.06,0.11
0.02,-0.07,1.09,-0.18,-1.09,0.12
0.04,-0.07,1.08,-0.06,-1.11,0.11
0.06,-0.07,1.06,0.06,-1.13,0.08
0.09,-0.06,1.04,0.19,-1.18,0.05
0.13,-0.04,1.01,0.28,-1.24,0.0
0.16,-0.03,0.98,0.3,-1.27,-0.05
0.17,-0.02,0.96,0.3,-1.3,-0.1
0.19,-0.0,0.93,0.25,-1.31,-0.16
0.17,0.0,0.91,0.18,-1.32,-0.2
0.16,0.01,0.91,0.09,-1.31,-0.22
0.14,0.02,0.9,-0.03,-1.31,-0.21
0.12,0.03,0.9,-0.15,-1.3,-0.19
0.1,0.02,0.92,-0.28,-1.29,-0.14
0.07,-0.0,0.94,-0.37,-1.27,-0.09
0.06,-0.02,0.96,-0.45,-1.22,-0.03
0.03,-0.04,1.0,-0.49,-1.19,0.0
0.03,-0.05,1.03,-0.49,-1.17,0.04
0.02,-0.06,1.06,-0.45,-1.14,0.07
0.03,-0.07,1.08,-0.39,-1.12,0.08
0.04,-0.1,1.1,-0.28,-1.15,0.06
0.05,-0.12,1.1,-0.16,-1.17,0.03
0.05,-0.11,1.09,-0.02,-1.17,-0.03
0.05,-0.09,1.05,0.12,-1.15,-0.09
0.07,-0.06,0.98,0.23,-1.17,-0.15
0.07,-0.02,0.91,0.3,-1.21,-0.19
0.07,-0.0,0.85,0.3,-1.26,-0.21
0.07,0.01,0.82,0.27,-1.32,-0.21
0.07,0.01,0.8,0.2,-1.39,-0.18
0.07,0.02,0.82,0.11,-1.46,-0.13
0.07,0.01,0.83,0.02,-1.48,-0.09
0.07,-0.01,0.85,-0.08,-1.51,-0.06
0.07,-0.03,0.89,-0.15,-1.52,-0.01
0.08,-0.04,0.92,-0.21,-1.5,0.03
0.07,-0.04,0.95,-0.28,-1.47,0.05
0.08,-0.06,0.97,-0.35,-1.43,0.08
0.08,-0.08,1.0,-0.38,-1.42,0.1
0.09,-0.1,1.05,-0.4,-1.43,0.1
0.09,-0.12,1.08,-0.39,-1.38,0.08
0.09,-0.12,1.1,-0.36,-1.34,0.05
0.07,-0.12,1.09,-0.32,-1.31,0.01
0.05,-0.11,1.06,-0.29,-1.3,-0.02
0.04,-0.1,1.05,-0.24,-1.3,-0.04
0.01,-0.09,1.03,-0.19,-1.28,-0.06
-0.0,-0.08,1.04,-0.11,-1.3,-0.05
-0.01,-0.06,1.01,-0.03,-1.34,-0.03
-0.02,-0.05,1.0,0.03,-1.37,-0.01
-0.01,-0.05,0.99,0.09,-1.42,0.02
-0.0,-0.06,0.98,0.11,-1.46,0.04
0.0,-0.07,0.98,0.16,-1.49,0.05
0.01,-0.06,0.97,0.17,-1.49,0.08
0.03,-0.05,0.95,0.18,-1.49,0.11
0.04,-0.05,0.94,0.18,-1.51,0.15
0.06,-0.06,0.92,0.15,-1.52,0.19
0.07,-0.07,0.94,0.13,-1.53,0.2
0.09,-0.08,0.97,0.1,-1.56,0.22
0.11,-0.08,1.01,0.07,-1.57,0.21
0.13,-0.09,1.06,0.07,-1.58,0.18
0.15,-0.11,1.1,0.07,-1.55,0.13
0.16,-0.11,1.11,0.03,-1.51,0.08
0.15,-0.1,1.11,0.01,-1.47,0.03
0.13,-0.08,1.11,-0.02,-1.45,-0.0
0.1,-0.06,1.11,-0.05,-1.41,-0.01
0.08,-0.04,1.11,-0.08,-1.39,-0.0
0.06,-0.03,1.1,-0.09,-1.38,0.02
0.04,-0.03,1.1,-0.08,-1.36,0.04
0.03,-0.03,1.1,-0.05,-1.35,0.08
0.02,-0.03,1.09,-0.05,-1.3,0.1
0.04,-0.03,1.07,-0.0,-1.31,0.13
0.05,-0.04,1.05,0.01,-1.32,0.16
0.07,-0.05,1.04,0.02,-1.31,0.15
0.08,-0.06,1.04,0.01,-1.34,0.14
0.1,-0.07,1.03,-0.0,-1.34,0.13
0.11,-0.08,1.05,-0.02,-1.37,0.11
0.1,-0.08,1.03,-0.01,-1.38,0.07
0.11,-0.07,1.01,-0.03,-1.37,0.05
0.1,-0.06,0.99,-0.02,-1.38,0.05
0.1,-0.05,0.95,-0.0,-1.41,0.04
0.1,-0.06,0.94,-0.01,-1.46,0.04
0.1,-0.05,0.93,-0.03,-1.5,0.05
0.1,-0.05,0.94,-0.05,-1.57,0.06
0.09,-0.05,0.96,-0.05,-1.65,0.07
0.1,-0.05,0.99,-0.07,-1.69,0.09
0.1,-0.05,1.02,-0.1,-1.72,0.08
0.11,-0.07,1.07,-0.09,-1.74,0.09
0.12,-0.09,1.12,-0.1,-1.74,0.07
0.12,-0.08,1.16,-0.12,-1.71,0.03
0.12,-0.06,1.19,-0.15,-1.68,0.0
0.12,-0.05,1.2,-0.19,-1.65,-0.02
0.13,-0.04,1.22,-0.2,-1.62,-0.06
0.11,-0.03,1.24,-0.25,-1.59,-0.08
0.11,-0.03,1.25,-0.29,-1.56,-0.09
0.09,-0.02,1.25,-0.33,-1.52,-0.11
0.07,-0.02,1.23,-0.37,-1.47,-0.11
0.05,-0.02,1.21,-0.4,-1.41,-0.14
0.02,-0.01,1.2,-0.45,-1.38,-0.14
-0.0,-0.01,1.18,-0.46,-1.35,-0.15
-0.03,0.0,1.17,-0.46,-1.33,-0.14
-0.06,0.01,1.16,-0.44,-1.33,-0.12
-0.08,0.01,1.15,-0.41,-1.31,-0.09
-0.1,0.01,1.14,-0.35,-1.32,-0.05
-0.11,0.01,1.14,-0.29,-1.33,-0.03
-0.11,0.0,1.14,-0.22,-1.33,-0.0
-0.1,-0.0,1.13,-0.15,-1.33,0.01
-0.09,-0.01,1.12,-0.08,-1.34,0.01
-0.07,-0.02,1.12,-0.0,-1.36,0.01
-0.05,-0.03,1.11,0.05,-1.37,0.0
-0.04,-0.02,1.09,0.08,-1.36,0.0
-0.04,-0.02,1.07,0.14,-1.39,0.01
-0.03,-0.02,1.06,0.17,-1.42,0.02
-0.02,-0.02,1.05,0.22,-1.45,0.03
-0.04,-0.01,1.05,0.24,-1.5,0.05
-0.04,-0.01,1.04,0.3,-1.53,0.04
-0.04,-0.01,1.04,0.35,-1.55,0.03
-0.03,-0.01,1.04,0.4,-1.58,0.05
-0.02,-0.01,1.05,0.43,-1.58,0.06
-0.02,-0.01,1.07,0.48,-1.61,0.08
-0.0,-0.01,1.07,0.52,-1.63,0.09
0.0,-0.0,1.08,0.54,-1.64,0.09
0.01,0.01,1.08,0.55,-1.64,0.08
0.01,-0.0,1.08,0.56,-1.65,0.09
0.01,-0.0,1.09,0.59,-1.65,0.08
0.02,-0.01,1.1,0.58,-1.63,0.08
0.03,0.01,1.11,0.59,-1.65,0.07
0.01,0.01,1.12,0.59,-1.67,0.08
0.02,0.02,1.12,0.61,-1.68,0.08
0.01,0.02,1.12,0.61,-1.67,0.06
0.03,0.01,1.12,0.59,-1.65,0.05
0.04,0.02,1.12,0.57,-1.65,0.06
0.05,0.02,1.11,0.53,-1.66,0.05
0.07,0.02,1.1,0.47,-1.65,0.06
0.07,0.02,1.1,0.39,-1.64,0.06
0.08,0.02,1.1,0.3,-1.64,0.07
0.07,0.02,1.12,0.22,-1.63,0.08
0.06,0.04,1.12,0.12,-1.61,0.08
0.04,0.05,1.14,0.03,-1.58,0.09
0.02,0.06,1.15,-0.04,-1.58,0.11
-0.01,0.06,1.16,-0.08,-1.58,0.11
-0.04,0.07,1.17,-0.1,-1.56,0.12
-0.06,0.08,1.19,-0.14,-1.51,0.13
-0.08,0.07,1.21,-0.15,-1.48,0.13
-0.09,0.07,1.23,-0.11,-1.45,0.11
-0.1,0.07,1.23,-0.11,-1.4,0.1
-0.1,0.08,1.22,-0.07,-1.36,0.07
-0.12,0.09,1.21,-0.06,-1.32,0.07
-0.11,0.09,1.18,-0.04,-1.29,0.06
-0.11,0.09,1.15,-0.01,-1.26,0.06
-0.12,0.1,1.14,-0.02,-1.21,0.08
-0.12,0.1,1.13,0.01,-1.2,0.11
-0.13,0.1,1.13,0.05,-1.19,0.12
-0.13,0.11,1.13,0.09,-1.17,0.13
-0.13,0.11,1.16,0.13,-1.15,0.15
-0.11,0.1,1.15,0.17,-1.13,0.15
-0.11,0.1,1.16,0.21,-1.11,0.15
-0.1,0.1,1.16,0.24,-1.11,0.14
-0.08,0.09,1.14,0.26,-1.08,0.12
-0.08,0.09,1.13,0.27,-1.09,0.12
-0.07,0.09,1.11,0.3,-1.09,0.11
-0.06,0.09,1.11,0.31,-1.1,0.1
-0.06,0.1,1.1,0.3,-1.1,0.1
-0.07,0.11,1.1,0.29,-1.11,0.12
-0.09,0.12,1.11,0.29,-1.11,0.12
-0.09,0.11,1.11,0.29,-1.1,0.13
-0.09,0.1,1.11,0.3,-1.07,0.13
-0.1,0.1,1.11,0.31,-1.05,0.14
-0.09,0.1,1.11,0.34,-1.02,0.15
-0.09,0.11,1.1,0.35,-1.01,0.14
-0.08,0.1,1.1,0.34,-0.98,0.15
-0.08,0.11,1.11,0.33,-0.97,0.16
-0.07,0.12,1.13,0.33,-0.97,0.17
-0.08,0.14,1.14,0.32,-0.95,0.16
-0.07,0.15,1.15,0.3,-0.95,0.16
-0.08,0.16,1.17,0.28,-0.93,0.14
-0.08,0.17,1.18,0.25,-0.89,0.11
-0.08,0.17,1.18,0.24,-0.85,0.08
-0.07,0.16,1.17,0.2,-0.78,0.05
-0.07,0.15,1.15,0.14,-0.72,0.02
-0.06,0.14,1.12,0.11,-0.68,0.01
-0.07,0.15,1.1,0.05,-0.65,0.01
-0.09,0.15,1.1,-0.0,-0.6,0.02
-0.09,0.16,1.1,-0.01,-0.58,0.05
-0.1,0.17,1.1,-0.01,-0.57,0.06
-0.1,0.16,1.11,-0.02,-0.56,0.06
-0.11,0.16,1.12,-0.02,-0.54,0.05
-0.11,0.16,1.12,-0.03,-0.54,0.04
-0.11,0.16,1.13,-0.03,-0.52,0.02
-0.12,0.16,1.14,-0.02,-0.51,0.0
-0.11,0.15,1.14,-0.03,-0.46,-0.03
-0.12,0.15,1.14,-0.05,-0.43,-0.05
-0.11,0.14,1.13,-0.05,-0.39,-0.07
-0.11,0.14,1.11,-0.08,-0.36,-0.1
-0.12,0.15,1.1,-0.1,-0.33,-0.1
-0.13,0.14,1.09,-0.1,-0.3,-0.1
-0.14,0.15,1.1,-0.1,-0.26,-0.11
-0.13,0.14,1.09,-0.08,-0.23,-0.09
-0.13,0.13,1.09,-0.07,-0.17,-0.09
-0.12,0.13,1.09,-0.07,-0.16,-0.07
-0.11,0.12,1.08,-0.05,-0.14,-0.06
-0.1,0.11,1.07,-0.03,-0.12,-0.07
-0.1,0.11,1.07,-0.03,-0.09,-0.07
-0.08,0.09,1.06,-0.03,-0.09,-0.07
-0.08,0.09,1.06,-0.03,-0.1,-0.07
-0.07,0.08,1.06,-0.06,-0.06,-0.07
-0.07,0.07,1.05,-0.07,-0.03,-0.07
-0.07,0.06,1.03,-0.07,-0.02,-0.07
-0.07,0.07,1.01,-0.07,-0.02,-0.06
-0.07,0.08,1.0,-0.08,-0.03,-0.03
-0.07,0.07,1.02,-0.07,-0.02,-0.02
-0.06,0.08,1.02,-0.05,-0.04,0.01
-0.06,0.07,1.03,-0.04,-0.06,0.01
-0.04,0.06,1.05,-0.01,-0.06,0.02
-0.05,0.07,1.06,-0.02,-0.06,0.01
-0.04,0.07,1.09,-0.02,-0.07,0.01
-0.04,0.07,1.11,-0.03,-0.04,-0.02
-0.04,0.06,1.13,-0.03,-0.0,-0.05
-0.03,0.05,1.14,-0.08,0.06,-0.09
-0.04,0.06,1.14,-0.09,0.11,-0.12
-0.05,0.05,1.1,-0.09,0.15,-0.14
-0.05,0.05,1.08,-0.09,0.18,-0.13
-0.06,0.06,1.05,-0.12,0.23,-0.14
-0.06,0.05,1.03,-0.1,0.25,-0.11
-0.06,0.05,1.02,-0.08,0.25,-0.1
-0.06,0.05,1.01,-0.08,0.24,-0.08
-0.05,0.05,1.01,-0.04,0.23,-0.07
-0.05,0.04,1.02,-0.05,0.22,-0.04
-0.04,0.03,1.04,-0.02,0.22,-0.05
-0.03,0.02,1.06,-0.01,0.2,-0.04
-0.01,0.01,1.06,-0.01,0.23,-0.06
-0.01,0.0,1.06,-0.05,0.23,-0.07
-0.03,0.01,1.04,-0.05,0.23,-0.07
-0.04,0.01,1.02,-0.03,0.22,-0.06
-0.04,0.01,1.01,-0.05,0.22,-0.04
-0.04,0.02,1.0,-0.0,0.19,-0.02
-0.03,0.03,0.99,0.01,0.17,0.0
-0.03,0.03,1.0,0.05,0.13,0.04
-0.02,0.03,1.02,0.06,0.13,0.04
-0.01,0.03,1.03,0.08,0.1,0.05
0.01,0.02,1.03,0.09,0.08,0.05
0.02,0.03,1.03,0.11,0.04,0.04
0.02,0.02,1.04,0.09,0.03,0.02
0.03,0.02,1.05,0.05,0.05,0.03
0.03,-0.0,1.05,0.03,0.06,0.02
0.02,-0.0,1.04,0.0,0.08,0.02
0.02,0.01,1.05,-0.02,0.07,0.02
0.01,0.03,1.05,-0.01,0.06,0.05
0.01,0.03,1.05,0.01,0.06,0.05
0.01,0.03,1.06,0.03,0.06,0.04
0.01,0.03,1.08,0.05,0.08,0.01
0.02,0.04,1.09,0.06,0.09,-0.0
0.03,0.04,1.08,0.07,0.09,-0.02
0.05,0.03,1.08,0.05,0.09,-0.03
0.05,0.01,1.08,0.02,0.11,-0.05
0.05,0.01,1.06,-0.0,0.12,-0.05
0.05,-0.0,1.04,-0.06,0.14,-0.06
0.04,0.0,1.03,-0.09,0.14,-0.06
0.02,0.01,1.01,-0.12,0.14,-0.06
0.02,0.01,1.0,-0.15,0.13,-0.02
-0.01,0.0,0.99,-0.13,0.1,0.01
-0.04,0.02,0.99,-0.11,0.08,0.04
-0.05,0.02,0.99,-0.08,0.08,0.05
-0.05,0.02,0.99,-0.04,0.05,0.07
-0.06,0.04,1.0,0.02,0.02,0.08
-0.05,0.03,1.01,0.07,0.01,0.08
-0.05,0.03,1.03,0.13,-0.02,0.07
-0.03,0.02,1.04,0.15,-0.02,0.07
-0.01,0.01,1.04,0.19,-0.05,0.07
0.01,0.01,1.03,0.21,-0.07,0.06
0.02,0.01,1.03,0.21,-0.06,0.05
0.02,0.02,1.02,0.19,-0.08,0.04
0.02,0.02,1.02,0.19,-0.09,0.05
0.02,0.03,1.02,0.17,-0.11,0.05
0.02,0.03,1.02,0.13,-0.12,0.05
0.01,0.04,1.03,0.11,-0.12,0.05
-0.0,0.05,1.06,0.08,-0.13,0.06
-0.01,0.06,1.07,0.07,-0.12,0.07
-0.03,0.07,1.08,0.04,-0.07,0.06
-0.04,0.06,1.07,0.02,-0.05,0.06
-0.05,0.07,1.05,-0.02,-0.04,0.06
-0.08,0.07,1.05,-0.02,-0.03,0.05
-0.09,0.07,1.05,-0.04,-0.01,0.05
-0.11,0.09,1.05,-0.06,0.01,0.06
-0.12,0.09,1.05,-0.03,0.01,0.07
-0.13,0.09,1.05,-0.0,0.02,0.07
-0.14,0.08,1.05,0.04,0.03,0.06
-0.14,0.07,1.04,0.07,0.05,0.07
-0.15,0.07,1.04,0.08,0.05,0.07
-0.15,0.07,1.04,0.09,0.04,0.06
-0.16,0.08,1.04,0.12,0.05,0.07
-0.16,0.06,1.04,0.11,0.09,0.09
-0.16,0.06,1.04,0.13,0.1,0.11
-0.17,0.06,1.03,0.17,0.1,0.15
-0.16,0.06,1.02,0.18,0.12,0.15
-0.17,0.07,1.02,0.2,0.13,0.19
-0.15,0.07,1.02,0.23,0.16,0.2
-0.14,0.07,1.03,0.26,0.14,0.2
-0.13,0.07,1.05,0.27,0.17,0.19
-0.13,0.09,1.06,0.27,0.19,0.2
-0.11,0.11,1.06,0.28,0.2,0.19
-0.1,0.12,1.07,0.28,0.2,0.19
-0.08,0.13,1.07,0.27,0.25,0.17
-0.06,0.13,1.08,0.23,0.27,0.17
-0.05,0.13,1.08,0.19,0.29,0.14
-0.05,0.14,1.07,0.13,0.31,0.13
-0.04,0.15,1.07,0.09,0.33,0.1
-0.04,0.16,1.09,0.02,0.36,0.1
-0.05,0.16,1.09,-0.02,0.39,0.11
-0.06,0.16,1.09,-0.08,0.41,0.1
-0.06,0.17,1.08,-0.12,0.46,0.09
-0.07,0.19,1.06,-0.16,0.47,0.1
-0.09,0.22,1.07,-0.19,0.47,0.1
-0.11,0.24,1.08,-0.19,0.45,0.1
-0.13,0.25,1.11,-0.21,0.46,0.09
-0.15,0.25,1.13,-0.21,0.46,0.06
-0.16,0.27,1.13,-0.21,0.48,0.05
-0.19,0.3,1.13,-0.21,0.48,0.04
-0.22,0.34,1.14,-0.18,0.49,0.01
-0.26,0.38,1.16,-0.16,0.48,0.01
-0.3,0.41,1.2,-0.11,0.46,-0.0
-0.33,0.44,1.25,-0.03,0.46,-0.03
-0.35,0.48,1.29,0.02,0.49,-0.06
-0.37,0.53,1.37,0.05,0.54,-0.09
-0.38,0.56,1.45,0.06,0.59,-0.13
-0.4,0.58,1.54,0.03,0.72,-0.2
-0.4,0.59,1.63,-0.02,0.85,-0.27
-0.41,0.61,1.71,-0.1,1.04,-0.36
-0.4,0.61,1.76,-0.24,1.28,-0.45
-0.4,0.61,1.81,-0.38,1.54,-0.52
-0.39,0.59,1.84,-0.58,1.83,-0.58
-0.4,0.58,1.85,-0.79,2.14,-0.6
-0.4,0.55,1.84,-1.0,2.44,-0.6
-0.42,0.52,1.84,-1.2,2.72,-0.59
-0.47,0.52,1.86,-1.36,2.93,-0.56
-0.52,0.5,1.88,-1.47,3.14,-0.49
-0.55,0.48,1.91,-1.49,3.36,-0.43
-0.59,0.45,1.97,-1.45,3.54,-0.38
-0.61,0.41,2.05,-1.34,3.69,-0.35
-0.62,0.39,2.13,-1.22,3.86,-0.33
-0.61,0.36,2.22,-1.02,3.99,-0.33
-0.57,0.3,2.29,-0.81,4.15,-0.36
-0.5,0.24,2.34,-0.61,4.33,-0.42
-0.4,0.16,2.4,-0.47,4.34,-0.49
-0.32,0.1,2.41,-0.36,4.34,-0.57
-0.23,0.03,2.38,-0.33,4.34,-0.64
-0.15,-0.03,2.36,-0.34,4.34,-0.71
-0.09,-0.09,2.31,-0.42,4.34,-0.73
-0.05,-0.13,2.25,-0.49,4.34,-0.71
-0.03,-0.18,2.2,-0.59,4.34,-0.65
-0.03,-0.21,2.19,-0.66,4.34,-0.6
-0.03,-0.26,2.17,-0.73,4.34,-0.51
-0.03,-0.31,2.15,-0.74,4.34,-0.42
-0.03,-0.36,2.14,-0.71,4.34,-0.34
-0.03,-0.4,2.14,-0.66,4.34,-0.26
-0.02,-0.44,2.16,-0.56,4.34,-0.2
-0.0,-0.48,2.19,-0.41,4.34,-0.16
0.05,-0.54,2.17,-0.26,4.34,-0.14
0.11,-0.61,2.11,-0.12,4.34,-0.14
0.15,-0.65,2.07,0.01,4.34,-0.16
0.19,-0.67,2.0,0.11,4.34,-0.18
0.24,-0.69,1.94,0.19,4.34,-0.19
0.27,-0.7,1.87,0.25,4.34,-0.19
0.31,-0.73,1.8,0.28,4.34,-0.17
0.36,-0.74,1.73,0.31,4.34,-0.12
0.42,-0.76,1.67,0.31,4.34,-0.1
0.47,-0.76,1.6,0.31,4.34,-0.06
0.53,-0.75,1.53,0.24,4.34,-0.04
0.56,-0.75,1.46,0.17,4.34,-0.02
0.58,-0.77,1.4,0.09,4.34,0.01
0.59,-0.77,1.35,0.02,4.34,0.01
0.59,-0.73,1.29,-0.03,4.34,0.04
0.59,-0.71,1.23,-0.07,4.34,0.1
0.6,-0.71,1.17,-0.08,4.34,0.13
0.61,-0.71,1.14,-0.09,4.34,0.15
0.6,-0.7,1.08,-0.08,4.34,0.17
0.6,-0.71,1.03,-0.06,4.34,0.19
0.6,-0.7,1.01,0.01,4.34,0.17
0.6,-0.69,0.96,0.1,4.34,0.15
0.58,-0.7,0.9,0.18,4.34,0.1
0.57,-0.68,0.84,0.29,4.34,0.08
0.57,-0.64,0.75,0.4,4.34,0.04
0.56,-0.61,0.64,0.49,4.34,-0.01
0.56,-0.59,0.53,0.54,4.34,-0.04
0.54,-0.53,0.44,0.61,4.34,-0.06
0.52,-0.47,0.36,0.63,4.34,-0.05
0.5,-0.41,0.28,0.64,4.34,-0.03
0.48,-0.33,0.2,0.61,4.34,0.02
0.5,-0.28,0.14,0.57,4.34,0.07
0.51,-0.28,0.09,0.49,4.34,0.09
0.51,-0.27,0.08,0.41,4.34,0.07
0.49,-0.25,0.07,0.35,4.34,0.05
0.46,-0.25,0.07,0.3,4.34,0.02
0.4,-0.21,0.08,0.3,4.34,-0.03
0.35,-0.15,0.07,0.31,4.27,-0.05
0.29,-0.1,0.04,0.33,4.13,-0.05
0.26,-0.07,0.02,0.33,4.04,-0.04
0.22,-0.06,0.02,0.36,3.94,-0.03
0.19,-0.01,0.03,0.41,3.8,-0.01
0.19,0.04,0.03,0.45,3.68,0.03
0.17,0.06,0.03,0.51,3.52,0.07
0.16,0.09,0.01,0.58,3.38,0.08
0.15,0.13,-0.0,0.63,3.24,0.11
0.15,0.17,-0.0,0.65,3.13,0.12
0.15,0.2,0.01,0.67,2.96,0.13
0.15,0.23,0.02,0.68,2.82,0.12
0.14,0.24,0.02,0.66,2.68,0.09
0.11,0.24,0.0,0.61,2.62,0.05
0.09,0.28,0.02,0.58,2.55,0.02
0.06,0.35,0.02,0.54,2.49,0.01
0.02,0.42,0.01,0.46,2.43,0.04
-0.0,0.47,-0.0,0.33,2.41,0.05
-0.03,0.52,-0.02,0.19,2.35,0.11
-0.07,0.55,-0.03,0.06,2.27,0.15
-0.1,0.55,-0.0,-0.08,2.23,0.18
-0.14,0.57,0.0,-0.17,2.17,0.21
-0.18,0.59,0.01,-0.27,2.14,0.23
-0.23,0.63,0.02,-0.31,2.04,0.26
-0.25,0.66,0.04,-0.37,1.89,0.32
-0.25,0.67,0.05,-0.47,1.75,0.35
-0.25,0.64,0.07,-0.52,1.56,0.39
-0.23,0.62,0.11,-0.55,1.35,0.41
-0.2,0.61,0.15,-0.57,1.12,0.42
-0.16,0.58,0.22,-0.56,0.88,0.42
-0.14,0.53,0.29,-0.53,0.63,0.42
-0.11,0.47,0.34,-0.49,0.41,0.36
-0.09,0.41,0.39,-0.42,0.23,0.29
-0.08,0.37,0.44,-0.37,0.13,0.2
-0.08,0.34,0.49,-0.3,0.02,0.11
-0.09,0.31,0.53,-0.25,-0.05,0.01
-0.09,0.29,0.57,-0.2,-0.08,-0.07
-0.11,0.29,0.61,-0.16,-0.05,-0.12
-0.11,0.31,0.65,-0.15,-0.02,-0.12
-0.12,0.33,0.67,-0.14,-0.0,-0.12
-0.13,0.35,0.67,-0.17,0.03,-0.07
-0.14,0.37,0.67,-0.22,0.05,-0.03
-0.15,0.39,0.67,-0.33,0.1,0.04
-0.15,0.41,0.7,-0.4,0.1,0.08
-0.15,0.42,0.71,-0.48,0.08,0.12
-0.16,0.41,0.71,-0.58,0.08,0.14
-0.16,0.38,0.72,-0.66,0.06,0.14
-0.15,0.35,0.76,-0.7,-0.01,0.13
-0.16,0.32,0.81,-0.68,-0.06,0.11
-0.16,0.28,0.86,-0.66,-0.11,0.07
-0.16,0.24,0.91,-0.58,-0.21,0.04
-0.15,0.22,0.94,-0.49,-0.26,-0.03
-0.15,0.21,0.96,-0.36,-0.34,-0.07
-0.15,0.21,0.98,-0.26,-0.39,-0.14
-0.14,0.22,0.99,-0.17,-0.44,-0.18
-0.14,0.23,0.98,-0.12,-0.49,-0.24
-0.15,0.23,0.98,-0.1,-0.51,-0.27
-0.16,0.23,1.0,-0.13,-0.5,-0.28
-0.15,0.22,1.01,-0.15,-0.48,-0.28
-0.15,0.21,1.02,-0.17,-0.45,-0.25
-0.15,0.21,1.03,-0.22,-0.39,-0.24
-0.16,0.19,1.03,-0.25,-0.34,-0.22
-0.16,0.16,1.05,-0.31,-0.28,-0.2
-0.16,0.14,1.06,-0.32,-0.21,-0.17
-0.17,0.13,1.07,-0.31,-0.13,-0.15
-0.18,0.13,1.07,-0.29,-0.04,-0.11
-0.18,0.13,1.08,-0.25,-0.0,-0.08
-0.19,0.14,1.06,-0.19,0.02,-0.05
-0.2,0.15,1.04,-0.14,0.04,-0.03
-0.2,0.18,1.03,-0.07,0.05,-0.02
-0.19,0.2,1.02,-0.01,0.03,-0.03
-0.18,0.21,0.99,0.04,0.0,-0.03
-0.17,0.22,0.97,0.07,-0.03,-0.04
-0.16,0.23,0.96,0.1,-0.03,-0.06
-0.16,0.24,0.94,0.1,-0.05,-0.09
-0.17,0.25,0.94,0.12,-0.06,-0.1
-0.17,0.26,0.94,0.12,-0.09,-0.11
-0.18,0.26,0.93,0.1,-0.09,-0.12
-0.18,0.25,0.94,0.1,-0.1,-0.11
-0.19,0.24,0.93,0.11,-0.12,-0.11
-0.18,0.23,0.95,0.09,-0.11,-0.08
-0.19,0.22,0.95,0.09,-0.09,-0.08
-0.18,0.21,0.96,0.07,-0.07,-0.05
-0.16,0.2,0.96,0.07,-0.05,-0.04
-0.16,0.2,0.95,0.06,-0.0,-0.03
-0.16,0.22,0.95,0.04,0.05,-0.01
-0.17,0.24,0.95,-0.02,0.08,0.04
-0.17,0.25,0.93,-0.04,0.09,0.07
-0.18,0.25,0.93,-0.07,0.1,0.11
-0.17,0.26,0.93,-0.1,0.12,0.12
-0.16,0.26,0.92,-0.12,0.09,0.14
-0.16,0.26,0.91,-0.12,0.07,0.12
-0.15,0.24,0.91,-0.13,0.05,0.1
-0.15,0.23,0.91,-0.14,0.03,0.06
-0.15,0.23,0.94,-0.15,0.0,0.05
-0.15,0.23,0.95,-0.1,-0.05,0.03
-0.15,0.2,0.96,-0.07,-0.1,0.01
-0.15,0.17,0.95,-0.04,-0.11,-0.01
-0.15,0.16,0.97,-0.0,-0.13,-0.04
-0.15,0.16,0.99,0.07,-0.14,-0.06
-0.15,0.17,1.0,0.11,-0.14,-0.06
-0.16,0.17,0.98,0.13,-0.13,-0.04
-0.15,0.16,0.97,0.13,-0.11,-0.03
-0.13,0.14,0.97,0.15,-0.07,-0.01
-0.13,0.15,0.97,0.17,-0.02,0.02
-0.14,0.16,0.97,0.14,0.04,0.03
-0.14,0.19,0.97,0.15,0.06,0.08
-0.13,0.2,0.96,0.13,0.05,0.1
-0.12,0.2,0.95,0.1,0.05,0.09
-0.12,0.18,0.93,0.05,0.08,0.09
-0.12,0.18,0.93,0.01,0.1,0.09
-0.13,0.19,0.94,-0.01,0.13,0.08
-0.13,0.19,0.96,-0.01,0.12,0.09
-0.14,0.19,0.95,-0.03,0.15,0.07
-0.14,0.19,0.94,-0.03,0.14,0.06
-0.15,0.19,0.94,-0.01,0.12,0.04
-0.15,0.2,0.94,0.02,0.09,0.02
-0.15,0.2,0.93,0.04,0.09,0.01
-0.16,0.22,0.93,0.05,0.07,0.02
-0.17,0.22,0.92,0.1,0.04,0.01
-0.17,0.22,0.9,0.11,0.02,0.01
-0.17,0.22,0.9,0.13,-0.02,0.02
-0.16,0.23,0.9,0.15,-0.05,0.02
-0.15,0.23,0.9,0.17,-0.07,0.0
-0.14,0.23,0.89,0.18,-0.09,-0.01
-0.14,0.22,0.89,0.17,-0.08,-0.01
-0.13,0.24,0.9,0.15,-0.09,-0.01
-0.13,0.24,0.9,0.16,-0.1,-0.01
-0.13,0.24,0.89,0.14,-0.11,-0.0
-0.1,0.22,0.88,0.1,-0.1,-0.01
-0.09,0.21,0.89,0.1,-0.12,-0.02
-0.08,0.19,0.89,0.08,-0.1,-0.05
-0.07,0.18,0.9,0.08,-0.1,-0.08
-0.07,0.16,0.9,0.1,-0.09,-0.14
-0.09,0.16,0.9,0.11,-0.07,-0.21
-0.11,0.16,0.91,0.14,-0.07,-0.25
-0.13,0.18,0.91,0.18,-0.08,-0.27
-0.16,0.2,0.9,0.19,-0.05,-0.29
-0.18,0.21,0.9,0.23,-0.06,-0.28
-0.2,0.24,0.89,0.24,-0.08,-0.25
-0.22,0.25,0.89,0.25,-0.1,-0.23
-0.22,0.25,0.88,0.26,-0.13,-0.19
-0.22,0.25,0.86,0.26,-0.16,-0.19
-0.2,0.25,0.86,0.27,-0.2,-0.17
-0.21,0.25,0.87,0.29,-0.24,-0.14
-0.19,0.26,0.87,0.28,-0.26,-0.13
-0.18,0.26,0.87,0.27,-0.29,-0.1
-0.16,0.24,0.85,0.27,-0.32,-0.09
-0.14,0.24,0.85,0.25,-0.34,-0.08
-0.12,0.24,0.84,0.21,-0.32,-0.07
-0.12,0.25,0.84,0.18,-0.32,-0.06
-0.11,0.25,0.84,0.14,-0.32,-0.05
-0.1,0.25,0.83,0.09,-0.32,-0.04
-0.1,0.25,0.83,0.04,-0.3,-0.04
-0.1,0.25,0.85,-0.01,-0.3,-0.03
-0.11,0.25,0.85,-0.04,-0.31,-0.02
-0.11,0.25,0.85,-0.08,-0.32,-0.03
-0.1,0.24,0.85,-0.11,-0.32,-0.03
-0.12,0.24,0.86,-0.16,-0.31,-0.02
-0.12,0.24,0.86,-0.18,-0.32,-0.03
-0.14,0.24,0.88,-0.19,-0.33,-0.04
-0.13,0.24,0.88,-0.21,-0.36,-0.04
-0.14,0.22,0.89,-0.23,-0.37,-0.04
-0.14,0.21,0.9,-0.24,-0.38,-0.05
-0.15,0.2,0.91,-0.23,-0.4,-0.03
-0.15,0.2,0.94,-0.21,-0.41,-0.02
-0.14,0.19,0.94,-0.21,-0.42,-0.01
-0.13,0.17,0.95,-0.18,-0.46,-0.01
-0.13,0.14,0.94,-0.14,-0.47,-0.01
-0.12,0.12,0.95,-0.1,-0.45,-0.03
-0.13,0.13,0.96,-0.04,-0.45,-0.04
-0.14,0.14,0.96,0.02,-0.44,-0.04
-0.15,0.16,0.95,0.08,-0.46,-0.04
-0.15,0.17,0.94,0.1,-0.45,-0.02
-0.15,0.19,0.92,0.11,-0.45,0.0
-0.15,0.2,0.89,0.13,-0.46,0.02
-0.15,0.21,0.88,0.13,-0.47,0.04
-0.15,0.22,0.86,0.11,-0.45,0.03
-0.15,0.23,0.86,0.09,-0.45,0.05
-0.14,0.24,0.86,0.07,-0.47,0.06
-0.13,0.25,0.85,0.06,-0.49,0.07
-0.12,0.23,0.84,0.02,-0.49,0.07
-0.12,0.22,0.82,0.0,-0.48,0.06
-0.11,0.24,0.83,-0.0,-0.5,0.06
-0.11,0.26,0.82,0.01,-0.53,0.07
-0.11,0.26,0.81,-0.02,-0.55,0.05
-0.11,0.25,0.82,-0.05,-0.58,0.04
-0.1,0.24,0.82,-0.06,-0.63,0.02
-0.1,0.23,0.84,-0.07,-0.66,-0.01
-0.11,0.23,0.84,-0.09,-0.68,-0.03
-0.1,0.22,0.86,-0.1,-0.7,-0.03
-0.1,0.21,0.86,-0.12,-0.73,-0.04
-0.1,0.19,0.87,-0.13,-0.74,-0.03
-0.1,0.19,0.89,-0.14,-0.74,-0.03
-0.1,0.18,0.91,-0.14,-0.75,-0.04
-0.1,0.17,0.91,-0.15,-0.77,-0.04
-0.11,0.16,0.9,-0.15,-0.77,-0.05
-0.11,0.15,0.91,-0.16,-0.75,-0.06
-0.11,0.14,0.92,-0.17,-0.73,-0.05
-0.12,0.14,0.94,-0.15,-0.72,-0.02
-0.12,0.14,0.95,-0.14,-0.72,0.01
-0.12,0.14,0.95,-0.13,-0.72,0.04
-0.12,0.13,0.95,-0.13,-0.72,0.04
-0.11,0.12,0.94,-0.11,-0.73,0.04
-0.11,0.11,0.95,-0.07,-0.74,0.02
-0.11,0.11,0.96,-0.04,-0.74,0.01
-0.11,0.12,0.97,-0.03,-0.72,-0.01
-0.11,0.13,0.96,0.01,-0.74,-0.0
-0.11,0.14,0.95,0.02,-0.75,-0.01
-0.11,0.15,0.92,0.03,-0.72,-0.03
-0.12,0.16,0.91,0.04,-0.72,-0.03
-0.14,0.18,0.91,0.02,-0.71,-0.02
-0.14,0.21,0.91,0.03,-0.72,-0.01
-0.14,0.23,0.89,0.0,-0.75,0.0
-0.14,0.23,0.87,-0.03,-0.77,0.03
-0.13,0.22,0.87,-0.09,-0.79,0.04
-0.11,0.22,0.88,-0.11,-0.83,0.05
-0.09,0.21,0.89,-0.16,-0.84,0.02
-0.06,0.2,0.91,-0.23,-0.86,0.0
-0.05,0.17,0.93,-0.26,-0.9,-0.02
-0.05,0.15,0.94,-0.32,-0.9,-0.06
-0.04,0.14,0.96,-0.35,-0.87,-0.09
-0.05,0.12,0.96,-0.39,-0.83,-0.13
-0.07,0.12,0.98,-0.41,-0.79,-0.15
-0.1,0.11,0.98,-0.44,-0.75,-0.14
-0.13,0.1,0.99,-0.41,-0.68,-0.15
-0.14,0.1,0.99,-0.41,-0.64,-0.13
-0.15,0.1,1.0,-0.38,-0.6,-0.1
-0.17,0.11,1.0,-0.32,-0.59,-0.07
-0.17,0.12,1.0,-0.24,-0.61,-0.05
-0.18,0.13,1.0,-0.19,-0.63,-0.03
-0.16,0.12,1.0,-0.13,-0.68,-0.02
-0.14,0.11,1.0,-0.08,-0.72,-0.01
-0.12,0.1,1.0,-0.02,-0.72,-0.04
-0.11,0.11,0.99,0.02,-0.72,-0.06
-0.1,0.12,0.98,0.05,-0.71,-0.06
-0.1,0.13,0.97,0.08,-0.69,-0.08
-0.1,0.14,0.95,0.08,-0.67,-0.1
-0.1,0.15,0.94,0.06,-0.63,-0.1
-0.11,0.17,0.93,0.06,-0.63,-0.08
-0.12,0.19,0.91,0.04,-0.62,-0.09
-0.13,0.2,0.89,0.04,-0.63,-0.08
-0.15,0.21,0.88,0.02,-0.65,-0.08
-0.15,0.22,0.89,0.01,-0.68,-0.06
-0.15,0.22,0.89,0.01,-0.71,-0.06
-0.13,0.2,0.9,0.01,-0.75,-0.04
-0.12,0.18,0.91,-0.01,-0.75,-0.02
-0.1,0.18,0.92,-0.01,-0.78,-0.01
-0.08,0.17,0.94,-0.0,-0.8,-0.01
-0.08,0.17,0.94,-0.01,-0.8,-0.02
-0.07,0.15,0.94,-0.04,-0.8,-0.02
-0.06,0.13,0.95,-0.05,-0.79,-0.03
-0.05,0.13,0.96,-0.06,-0.78,-0.05
-0.06,0.12,0.96,-0.06,-0.75,-0.05
-0.07,0.12,0.96,-0.06,-0.71,-0.06
-0.07,0.13,0.95,-0.04,-0.69,-0.06
-0.09,0.14,0.94,-0.02,-0.69,-0.07
-0.1,0.16,0.92,-0.01,-0.69,-0.07
-0.1,0.18,0.91,-0.01,-0.69,-0.07
-0.11,0.19,0.89,-0.0,-0.7,-0.05
-0.11,0.21,0.89,-0.0,-0.74,-0.05
-0.1,0.22,0.89,-0.03,-0.78,-0.03
-0.09,0.21,0.89,-0.05,-0.83,-0.04
-0.07,0.18,0.89,-0.09,-0.87,-0.03
-0.07,0.16,0.91,-0.12,-0.88,-0.04
-0.06,0.15,0.93,-0.15,-0.88,-0.06
-0.06,0.14,0.96,-0.18,-0.84,-0.06
-0.07,0.14,0.98,-0.2,-0.83,-0.04
-0.06,0.14,0.98,-0.21,-0.82,-0.04
-0.09,0.13,0.97,-0.22,-0.78,-0.04
-0.09,0.12,0.97,-0.24,-0.76,-0.02
-0.11,0.12,0.98,-0.25,-0.74,-0.01
-0.12,0.13,0.97,-0.24,-0.71,0.01
-0.12,0.14,0.96,-0.23,-0.69,0.02
-0.13,0.13,0.93,-0.22,-0.68,0.03
-0.14,0.13,0.91,-0.19,-0.7,0.05
-0.16,0.14,0.92,-0.13,-0.7,0.05
-0.15,0.15,0.93,-0.08,-0.72,0.06
-0.14,0.16,0.92,-0.02,-0.76,0.07
-0.13,0.16,0.91,0.04,-0.84,0.09
-0.12,0.15,0.92,0.09,-0.9,0.08
-0.1,0.13,0.92,0.1,-0.92,0.07
-0.07,0.12,0.93,0.13,-0.94,0.05
-0.06,0.12,0.95,0.13,-0.94,0.05
-0.05,0.13,0.96,0.13,-0.95,0.04
-0.04,0.13,0.94,0.13,-0.93,0.02
-0.04,0.13,0.93,0.08,-0.89,0.0
-0.04,0.14,0.93,0.03,-0.89,0.01
-0.06,0.15,0.92,-0.0,-0.87,0.0
-0.07,0.15,0.92,-0.03,-0.85,0.01
-0.09,0.15,0.92,-0.08,-0.82,0.02
-0.1,0.16,0.91,-0.09,-0.82,0.03
-0.11,0.16,0.9,-0.1,-0.82,0.05
-0.12,0.16,0.89,-0.09,-0.83,0.07
-0.11,0.16,0.88,-0.11,-0.82,0.08
-0.1,0.15,0.89,-0.11,-0.86,0.1
-0.08,0.15,0.9,-0.09,-0.9,0.1
-0.07,0.14,0.91,-0.08,-0.95,0.08
-0.06,0.13,0.93,-0.09,-0.98,0.07
-0.06,0.11,0.94,-0.1,-0.98,0.05
-0.07,0.1,0.96,-0.08,-0.97,0.03
-0.07,0.12,0.97,-0.09,-0.96,0.03
-0.08,0.12,0.97,-0.07,-0.96,0.04
-0.09,0.13,0.97,-0.06,-0.98,0.07
-0.1,0.13,0.96,-0.06,-0.99,0.09
-0.09,0.12,0.96,-0.05,-0.97,0.09
-0.09,0.12,0.95,-0.05,-0.95,0.1
-0.08,0.12,0.94,-0.05,-0.97,0.1
-0.07,0.14,0.96,-0.02,-0.99,0.09
-0.06,0.13,0.95,-0.03,-1.02,0.08
-0.05,0.12,0.94,-0.06,-1.03,0.06
-0.05,0.11,0.93,-0.08,-1.02,0.04
-0.05,0.12,0.96,-0.12,-0.99,0.03
-0.05,0.14,0.98,-0.14,-1.0,0.04
-0.05,0.13,0.99,-0.18,-0.99,0.05
-0.05,0.11,0.99,-0.23,-0.98,0.05
-0.07,0.11,0.98,-0.25,-0.95,0.04
-0.09,0.12,0.98,-0.27,-0.93,0.05
-0.11,0.12,0.98,-0.29,-0.88,0.06
-0.12,0.14,0.98,-0.26,-0.89,0.1
-0.13,0.14,0.98,-0.24,-0.9,0.12
-0.13,0.13,0.97,-0.22,-0.91,0.15
-0.13,0.11,0.97,-0.16,-0.92,0.15
-0.12,0.11,0.97,-0.13,-0.95,0.16
-0.11,0.11,0.99,-0.05,-0.99,0.15
-0.09,0.11,1.01,0.0,-1.05,0.14
-0.08,0.1,1.02,0.04,-1.08,0.11
-0.06,0.08,1.04,0.07,-1.11,0.08
-0.05,0.08,1.05,0.1,-1.12,0.05
-0.06,0.1,1.05,0.11,-1.11,0.03
-0.08,0.1,1.05,0.09,-1.1,0.02
-0.09,0.11,1.04,0.07,-1.06,0.03
-0.1,0.12,1.02,0.05,-1.01,0.06
-0.11,0.13,1.0,0.01,-0.99,0.1
-0.11,0.15,0.98,-0.02,-0.94,0.14
-0.13,0.16,0.98,-0.01,-0.95,0.17
-0.12,0.16,0.96,-0.02,-0.98,0.2
-0.1,0.15,0.94,-0.03,-1.01,0.2
-0.09,0.14,0.96,-0.04,-1.04,0.18
-0.07,0.13,0.99,-0.06,-1.08,0.17
-0.06,0.12,1.02,-0.04,-1.11,0.15
-0.05,0.1,1.01,-0.04,-1.12,0.11
-0.05,0.09,1.02,-0.03,-1.13,0.07
-0.05,0.09,1.02,-0.02,-1.12,0.06
-0.07,0.1,1.01,0.01,-1.11,0.04
-0.09,0.12,0.98,0.02,-1.09,0.04
-0.1,0.13,0.95,0.04,-1.06,0.03
-0.11,0.14,0.93,0.02,-1.04,0.06
-0.1,0.14,0.91,0.05,-1.03,0.08
-0.08,0.15,0.9,0.02,-1.03,0.1
-0.07,0.16,0.91,0.01,-1.05,0.12
-0.04,0.15,0.92,-0.01,-1.07,0.13
-0.02,0.13,0.94,-0.05,-1.08,0.12
-0.0,0.11,0.97,-0.09,-1.09,0.09
0.01,0.09,1.0,-0.15,-1.09,0.05
-0.0,0.08,1.03,-0.19,-1.07,0.02
-0.02,0.09,1.06,-0.2,-1.05,-0.01
-0.06,0.08,1.07,-0.2,-1.01,-0.02
-0.09,0.09,1.06,-0.2,-0.95,-0.02
-0.11,0.1,1.05,-0.18,-0.91,0.0
-0.11,0.12,1.04,-0.14,-0.89,0.01
-0.13,0.14,1.02,-0.1,-0.89,0.04
-0.14,0.14,1.0,-0.04,-0.91,0.05
-0.13,0.13,0.96,-0.01,-0.94,0.07
-0.12,0.13,0.96,0.05,-0.95,0.07
-0.11,0.13,0.93,0.09,-0.96,0.07
-0.1,0.15,0.91,0.1,-0.97,0.08
-0.08,0.17,0.89,0.1,-1.02,0.11
-0.05,0.16,0.9,0.1,-1.08,0.11
-0.03,0.13,0.93,0.06,-1.14,0.11
-0.02,0.1,0.96,0.03,-1.15,0.1
-0.0,0.09,1.0,0.0,-1.14,0.06
-0.0,0.09,1.04,-0.03,-1.11,0.03
-0.01,0.1,1.08,-0.04,-1.12,0.02
-0.02,0.1,1.1,-0.07,-1.1,-0.01
-0.03,0.09,1.1,-0.09,-1.09,-0.02
-0.04,0.09,1.11,-0.11,-1.04,-0.05
-0.07,0.09,1.1,-0.13,-1.0,-0.07
-0.08,0.1,1.09,-0.14,-0.93,-0.09
-0.1,0.11,1.07,-0.18,-0.88,-0.07
-0.11,0.12,1.05,-0.18,-0.86,-0.05
-0.12,0.13,1.03,-0.19,-0.83,-0.03
-0.12,0.12,1.01,-0.18,-0.81,-0.0
-0.13,0.12,0.99,-0.16,-0.79,0.03
-0.13,0.12,0.96,-0.14,-0.78,0.05
-0.13,0.13,0.92,-0.11,-0.79,0.07
-0.13,0.13,0.89,-0.06,-0.79,0.08
-0.13,0.14,0.86,-0.05,-0.81,0.12
-0.12,0.14,0.83,-0.01,-0.88,0.15
-0.11,0.15,0.83,0.01,-0.97,0.19
-0.08,0.14,0.85,0.04,-1.04,0.22
-0.05,0.11,0.87,0.09,-1.12,0.22
-0.01,0.09,0.89,0.12,-1.16,0.19
0.02,0.07,0.94,0.14,-1.21,0.12
0.04,0.07,0.97,0.15,-1.23,0.06
0.05,0.08,0.99,0.14,-1.24,0.0
0.04,0.08,1.01,0.14,-1.26,-0.06
0.03,0.09,1.03,0.1,-1.28,-0.09
0.02,0.1,1.05,0.04,-1.24,-0.1
-0.01,0.1,1.08,-0.03,-1.22,-0.11
-0.03,0.11,1.09,-0.06,-1.18,-0.1
-0.07,0.1,1.09,-0.12,-1.11,-0.07
-0.1,0.1,1.08,-0.14,-1.04,-0.06
-0.11,0.11,1.06,-0.17,-0.98,-0.03
-0.14,0.11,1.04,-0.15,-0.94,0.02
-0.14,0.12,1.02,-0.13,-0.92,0.07
-0.15,0.11,0.98,-0.1,-0.88,0.1
-0.14,0.11,0.95,-0.07,-0.87,0.14
-0.12,0.11,0.91,-0.01,-0.9,0.16
-0.11,0.11,0.88,0.03,-0.95,0.17
-0.1,0.12,0.86,0.05,-1.01,0.19
-0.07,0.13,0.85,0.11,-1.14,0.21
-0.05,0.12,0.86,0.11,-1.23,0.21
-0.02,0.1,0.89,0.14,-1.35,0.21
0.0,0.08,0.93,0.13,-1.4,0.18
0.01,0.07,0.97,0.12,-1.44,0.15
0.0,0.07,1.01,0.12,-1.46,0.11
0.0,0.08,1.05,0.11,-1.47,0.08
-0.01,0.08,1.08,0.1,-1.46,0.05
-0.01,0.09,1.11,0.07,-1.44,0.05
-0.03,0.1,1.12,0.07,-1.41,0.03
-0.04,0.09,1.12,0.03,-1.33,0.01
-0.05,0.08,1.11,0.0,-1.26,0.01
-0.07,0.1,1.1,-0.04,-1.18,0.01
-0.08,0.12,1.07,-0.08,-1.13,0.02
-0.09,0.14,1.04,-0.1,-1.11,0.05
-0.09,0.15,1.03,-0.11,-1.1,0.08
-0.1,0.13,1.02,-0.13,-1.1,0.12
-0.09,0.13,1.02,-0.12,-1.11,0.13
-0.08,0.11,1.01,-0.09,-1.13,0.14
-0.07,0.09,1.0,-0.09,-1.14,0.13
-0.07,0.09,1.0,-0.07,-1.16,0.11
-0.07,0.1,0.98,-0.06,-1.16,0.1
-0.07,0.11,0.95,-0.03,-1.19,0.1
-0.07,0.1,0.93,-0.02,-1.21,0.1
-0.06,0.1,0.9,-0.03,-1.22,0.12
-0.05,0.09,0.89,-0.02,-1.26,0.15
-0.03,0.08,0.9,-0.01,-1.3,0.15
-0.03,0.08,0.93,-0.01,-1.34,0.15
-0.02,0.09,0.98,-0.0,-1.39,0.12
-0.02,0.08,1.01,0.02,-1.47,0.09
-0.02,0.07,1.05,0.03,-1.48,0.05
-0.01,0.07,1.09,0.03,-1.46,-0.01
-0.02,0.08,1.11,0.02,-1.44,-0.04
-0.05,0.11,1.13,0.0,-1.41,-0.05
-0.05,0.12,1.14,-0.03,-1.39,-0.05
-0.06,0.12,1.15,-0.07,-1.34,-0.05
-0.07,0.12,1.16,-0.09,-1.31,-0.03
-0.09,0.12,1.15,-0.13,-1.25,-0.0
-0.1,0.13,1.13,-0.14,-1.21,0.01
-0.12,0.12,1.11,-0.16,-1.17,0.03
-0.12,0.12,1.07,-0.14,-1.14,0.03
-0.13,0.12,1.04,-0.14,-1.13,0.05
-0.13,0.12,1.03,-0.12,-1.14,0.08
-0.13,0.12,1.01,-0.11,-1.13,0.08
-0.12,0.11,1.0,-0.09,-1.14,0.12
-0.11,0.1,0.99,-0.06,-1.16,0.14
-0.1,0.11,0.99,0.0,-1.2,0.16
-0.09,0.11,0.99,0.03,-1.25,0.16
-0.06,0.1,1.01,0.06,-1.28,0.18
-0.03,0.08,1.07,0.08,-1.34,0.15
-0.02,0.08,1.11,0.08,-1.33,0.11
-0.0,0.1,1.12,0.12,-1.36,0.07
-0.0,0.1,1.13,0.11,-1.36,0.01
-0.01,0.11,1.12,0.08,-1.35,-0.04
-0.02,0.11,1.12,0.02,-1.34,-0.06
-0.03,0.12,1.12,-0.02,-1.3,-0.09
-0.05,0.14,1.12,-0.09,-1.25,-0.09
-0.07,0.14,1.11,-0.12,-1.21,-0.06
-0.09,0.14,1.11,-0.14,-1.18,-0.03
-0.1,0.14,1.09,-0.17,-1.15,-0.01
-0.11,0.14,1.09,-0.16,-1.14,0.02
-0.13,0.14,1.08,-0.15,-1.11,0.02
-0.14,0.15,1.08,-0.12,-1.13,0.03
-0.14,0.15,1.08,-0.08,-1.12,0.03
-0.13,0.14,1.07,-0.05,-1.12,0.04
-0.12,0.14,1.08,-0.02,-1.14,0.04
-0.11,0.14,1.09,0.02,-1.15,0.06
-0.08,0.13,1.07,0.03,-1.15,0.05
-0.06,0.12,1.06,0.02,-1.12,0.05
-0.05,0.11,1.04,0.03,-1.14,0.05
-0.04,0.11,1.02,0.01,-1.14,0.04
-0.04,0.11,1.01,0.01,-1.16,0.03
-0.04,0.12,0.99,-0.01,-1.18,0.05
-0.04,0.11,0.99,0.02,-1.22,0.06
-0.03,0.1,0.99,0.04,-1.26,0.06
-0.02,0.1,1.0,0.05,-1.29,0.05
0.0,0.11,1.03,0.03,-1.32,0.03
0.01,0.11,1.07,0.04,-1.38,0.01
0.02,0.11,1.09,0.02,-1.42,-0.03
0.01,0.13,1.11,-0.03,-1.42,-0.06
0.0,0.13,1.13,-0.08,-1.41,-0.09
-0.01,0.13,1.13,-0.15,-1.38,-0.09
-0.03,0.15,1.14,-0.22,-1.35,-0.09
-0.06,0.15,1.13,-0.28,-1.31,-0.08
-0.09,0.15,1.12,-0.34,-1.27,-0.06
-0.12,0.17,1.12,-0.37,-1.24,-0.04
-0.14,0.16,1.11,-0.35,-1.21,-0.04
-0.14,0.16,1.1,-0.35,-1.19,-0.04
-0.16,0.16,1.11,-0.35,-1.16,-0.03
-0.16,0.16,1.1,-0.31,-1.18,-0.02
-0.17,0.16,1.1,-0.29,-1.15,-0.03
-0.17,0.15,1.1,-0.24,-1.15,-0.02
-0.16,0.14,1.11,-0.22,-1.14,-0.03
-0.15,0.13,1.1,-0.18,-1.14,-0.03
-0.14,0.13,1.08,-0.13,-1.15,-0.04
-0.14,0.13,1.07,-0.1,-1.14,-0.04
-0.13,0.12,1.05,-0.09,-1.13,-0.04
-0.11,0.11,1.04,-0.09,-1.15,-0.03
-0.1,0.11,1.04,-0.08,-1.17,-0.02
-0.09,0.11,1.03,-0.09,-1.17,-0.03
-0.09,0.11,1.03,-0.09,-1.2,-0.01
-0.09,0.11,1.02,-0.11,-1.2,-0.01
-0.09,0.11,1.03,-0.1,-1.2,-0.01
-0.1,0.11,1.03,-0.11,-1.21,-0.0
-0.11,0.11,1.03,-0.12,-1.19,0.01
-0.1,0.11,1.02,-0.1,-1.21,0.04
-0.09,0.11,1.02,-0.08,-1.23,0.05
-0.1,0.11,1.02,-0.06,-1.23,0.06
-0.09,0.1,1.03,-0.05,-1.23,0.07
-0.08,0.1,1.04,-0.02,-1.27,0.07
-0.08,0.1,1.06,0.0,-1.28,0.06
-0.07,0.11,1.08,0.03,-1.31,0.05
-0.06,0.11,1.08,0.02,-1.31,0.03
-0.07,0.13,1.09,0.08,-1.34,0.03
-0.05,0.14,1.09,0.11,-1.37,0.02
-0.05,0.14,1.1,0.13,-1.38,-0.01
-0.05,0.14,1.1,0.14,-1.37,-0.02
-0.04,0.14,1.11,0.14,-1.39,-0.02
-0.05,0.15,1.1,0.14,-1.41,-0.05
-0.04,0.15,1.1,0.1,-1.41,-0.05
-0.03,0.15,1.11,0.09,-1.42,-0.07
-0.04,0.15,1.12,0.05,-1.41,-0.06
-0.04,0.15,1.12,0.01,-1.42,-0.08
-0.05,0.13,1.11,-0.03,-1.4,-0.11
-0.08,0.14,1.1,-0.09,-1.39,-0.11
-0.1,0.15,1.09,-0.12,-1.39,-0.12
-0.13,0.14,1.09,-0.15,-1.38,-0.13
-0.16,0.15,1.09,-0.17,-1.38,-0.12
-0.18,0.14,1.08,-0.18,-1.35,-0.1
-0.2,0.14,1.06,-0.14,-1.35,-0.07
-0.21,0.14,1.06,-0.12,-1.31,-0.07
-0.21,0.13,1.04,-0.08,-1.3,-0.04
-0.2,0.12,1.02,-0.04,-1.3,-0.01
-0.19,0.12,1.01,-0.01,-1.32,0.02
-0.17,0.12,1.01,0.01,-1.35,0.05
-0.15,0.12,1.02,0.03,-1.37,0.08
-0.14,0.12,1.04,0.03,-1.38,0.1
-0.15,0.14,1.06,0.04,-1.43,0.12
-0.16,0.16,1.08,0.06,-1.46,0.13
-0.17,0.18,1.11,0.06,-1.48,0.11
-0.18,0.2,1.15,0.07,-1.48,0.1
-0.2,0.22,1.17,0.09,-1.47,0.08
-0.21,0.23,1.17,0.11,-1.46,0.04
-0.21,0.22,1.16,0.13,-1.41,0.0
-0.22,0.23,1.15,0.13,-1.36,-0.01
-0.22,0.24,1.14,0.12,-1.32,-0.02
-0.22,0.25,1.13,0.12,-1.26,-0.02
-0.22,0.25,1.13,0.1,-1.19,-0.01
-0.24,0.25,1.11,0.08,-1.12,0.01
-0.23,0.25,1.09,0.06,-1.08,0.04
-0.22,0.26,1.08,0.02,-1.02,0.08
-0.23,0.26,1.07,0.01,-1.0,0.09
-0.23,0.27,1.08,-0.02,-0.94,0.11
-0.25,0.26,1.09,-0.04,-0.91,0.13
-0.27,0.27,1.1,-0.03,-0.89,0.14
-0.27,0.28,1.09,-0.01,-0.84,0.13
-0.29,0.28,1.09,-0.01,-0.78,0.11
-0.31,0.28,1.09,0.02,-0.76,0.11
-0.32,0.29,1.07,0.09,-0.74,0.09
-0.31,0.29,1.06,0.14,-0.71,0.11
-0.31,0.28,1.06,0.21,-0.67,0.11
-0.29,0.26,1.04,0.28,-0.64,0.13
-0.27,0.25,1.03,0.32,-0.62,0.12
-0.24,0.24,1.03,0.34,-0.59,0.13
-0.22,0.24,1.03,0.36,-0.56,0.14
-0.2,0.24,1.03,0.37,-0.55,0.15
-0.17,0.24,1.03,0.38,-0.57,0.16
-0.15,0.25,1.05,0.37,-0.56,0.16
-0.14,0.24,1.08,0.31,-0.51,0.16
-0.12,0.23,1.1,0.29,-0.5,0.14
-0.11,0.21,1.12,0.21,-0.44,0.11
-0.1,0.22,1.1,0.13,-0.4,0.08
-0.11,0.22,1.07,0.04,-0.36,0.06
-0.12,0.23,1.05,-0.02,-0.33,0.05
-0.14,0.24,1.03,-0.07,-0.31,0.06
-0.16,0.26,1.04,-0.09,-0.3,0.07
-0.18,0.25,1.04,-0.1,-0.26,0.07
-0.2,0.25,1.04,-0.1,-0.25,0.08
-0.18,0.25,1.04,-0.06,-0.25,0.07
-0.18,0.25,1.05,-0.05,-0.23,0.06
-0.17,0.24,1.05,-0.03,-0.23,0.05
-0.15,0.24,1.05,-0.03,-0.22,0.04
-0.15,0.23,1.05,-0.03,-0.22,0.02
-0.15,0.24,1.06,-0.03,-0.23,0.01
-0.16,0.24,1.05,-0.06,-0.19,-0.01
-0.16,0.23,1.04,-0.05,-0.18,-0.01
-0.17,0.23,1.04,-0.06,-0.16,-0.01
-0.17,0.22,1.04,-0.07,-0.12,-0.01
-0.18,0.22,1.04,-0.08,-0.09,-0.01
-0.18,0.22,1.04,-0.05,-0.08,-0.0
-0.18,0.22,1.04,-0.02,-0.07,-0.0
-0.18,0.22,1.03,0.01,-0.06,0.01
-0.17,0.21,1.03,0.02,-0.04,0.02
-0.16,0.2,1.02,0.06,-0.04,0.02
-0.15,0.2,1.02,0.08,-0.05,0.03
-0.13,0.19,1.02,0.09,-0.06,0.01
-0.13,0.19,1.03,0.07,-0.04,0.02
-0.12,0.19,1.03,0.06,-0.04,0.02
-0.12,0.2,1.04,0.07,-0.04,0.03
-0.12,0.2,1.05,0.04,-0.01,0.04
-0.12,0.19,1.06,0.04,0.01,0.03
-0.11,0.19,1.05,0.01,0.04,0.03
-0.12,0.18,1.05,0.01,0.04,0.04
-0.11,0.17,1.04,-0.01,0.06,0.03
-0.11,0.16,1.02,-0.01,0.07,0.02
-0.11,0.17,1.01,-0.01,0.06,0.02
-0.11,0.17,1.01,0.02,0.05,0.01
-0.12,0.17,1.02,0.05,0.02,0.03
-0.12,0.18,1.03,0.05,0.04,0.02
-0.12,0.17,1.03,0.09,0.02,0.02
-0.11,0.17,1.03,0.08,0.04,0.03
-0.1,0.17,1.03,0.11,0.02,0.02
-0.1,0.17,1.01,0.08,0.05,0.03
-0.08,0.17,1.01,0.06,0.04,0.05
-0.09,0.17,1.02,0.07,0.03,0.04
-0.09,0.17,1.02,0.05,0.03,0.05
-0.1,0.18,1.02,0.01,0.06,0.05
-0.1,0.19,1.02,-0.0,0.06,0.05
-0.12,0.19,1.02,-0.0,0.06,0.04
-0.13,0.2,1.03,0.0,0.06,0.04
-0.15,0.21,1.03,0.02,0.07,0.04
-0.15,0.21,1.02,0.02,0.08,0.03
-0.15,0.22,1.02,0.07,0.08,0.03
-0.15,0.21,1.01,0.09,0.07,0.03
-0.15,0.21,1.01,0.1,0.09,0.03
-0.16,0.22,1.01,0.1,0.08,0.04
-0.16,0.23,1.0,0.12,0.07,0.04
-0.17,0.23,1.0,0.14,0.05,0.03
-0.18,0.25,1.0,0.15,0.07,0.04
-0.19,0.25,1.0,0.17,0.06,0.06
-0.21,0.27,1.01,0.18,0.06,0.05
-0.22,0.28,1.02,0.2,0.03,0.07
-0.24,0.29,1.03,0.21,0.06,0.07
-0.27,0.31,1.04,0.23,0.05,0.07
-0.29,0.32,1.05,0.29,0.05,0.05
-0.32,0.35,1.06,0.34,0.05,0.04
-0.35,0.35,1.07,0.38,0.09,0.03
-0.37,0.36,1.08,0.42,0.11,0.03
-0.38,0.35,1.08,0.48,0.14,0.02
-0.38,0.36,1.08,0.54,0.2,0.02
-0.37,0.36,1.07,0.56,0.26,0.02
-0.36,0.36,1.06,0.55,0.33,0.03
-0.34,0.35,1.06,0.56,0.37,0.04
-0.32,0.37,1.07,0.53,0.4,0.05
-0.31,0.38,1.08,0.47,0.47,0.06
-0.29,0.39,1.08,0.4,0.52,0.1
-0.3,0.42,1.1,0.34,0.56,0.1
-0.31,0.44,1.12,0.27,0.59,0.13
-0.32,0.47,1.13,0.17,0.66,0.13
-0.33,0.5,1.15,0.1,0.68,0.13
-0.35,0.53,1.19,0.02,0.73,0.12
-0.38,0.55,1.25,-0.05,0.79,0.1
-0.41,0.58,1.3,-0.1,0.89,0.05
-0.43,0.61,1.36,-0.17,1.01,0.01
-0.45,0.63,1.4,-0.18,1.13,-0.05
-0.47,0.64,1.44,-0.19,1.28,-0.1
-0.48,0.62,1.46,-0.23,1.48,-0.17
-0.48,0.62,1.47,-0.24,1.65,-0.23
-0.47,0.6,1.46,-0.27,1.83,-0.3
-0.47,0.6,1.44,-0.33,1.99,-0.33
-0.47,0.58,1.42,-0.36,2.12,-0.34
-0.47,0.57,1.42,-0.39,2.25,-0.34
-0.48,0.57,1.44,-0.41,2.36,-0.32
-0.49,0.56,1.47,-0.42,2.46,-0.29
-0.49,0.55,1.52,-0.42,2.58,-0.28
-0.47,0.53,1.56,-0.41,2.69,-0.27
-0.47,0.51,1.6,-0.36,2.8,-0.28
-0.47,0.5,1.66,-0.31,2.89,-0.31
-0.45,0.48,1.72,-0.26,3.0,-0.35
-0.43,0.47,1.79,-0.18,3.09,-0.38
-0.41,0.44,1.82,-0.13,3.23,-0.44
-0.38,0.38,1.84,-0.08,3.36,-0.49
-0.34,0.34,1.87,-0.05,3.54,-0.55
-0.29,0.29,1.88,-0.07,3.73,-0.6
-0.24,0.24,1.86,-0.09,3.9,-0.63
-0.21,0.2,1.84,-0.14,4.05,-0.65
-0.18,0.16,1.8,-0.19,4.24,-0.65
-0.14,0.12,1.78,-0.23,4.34,-0.61
-0.12,0.08,1.76,-0.27,4.34,-0.58
-0.09,0.05,1.76,-0.31,4.34,-0.55
-0.07,0.0,1.77,-0.32,4.34,-0.52
-0.04,-0.02,1.78,-0.3,4.34,-0.52
-0.03,-0.05,1.78,-0.26,4.34,-0.53
-0.0,-0.1,1.78,-0.23,4.34,-0.55
0.01,-0.13,1.76,-0.16,4.34,-0.59
0.02,-0.16,1.74,-0.12,4.34,-0.6
0.05,-0.19,1.71,-0.05,4.34,-0.62
0.08,-0.22,1.68,0.02,4.34,-0.62
0.11,-0.25,1.66,0.07,4.34,-0.63
0.15,-0.3,1.64,0.08,4.34,-0.64
0.18,-0.32,1.6,0.1,4.34,-0.65
0.2,-0.33,1.57,0.08,4.34,-0.66
0.22,-0.34,1.53,0.05,4.34,-0.65
0.23,-0.36,1.52,-0.0,4.34,-0.62
0.24,-0.38,1.52,-0.03,4.34,-0.6
0.24,-0.4,1.51,-0.07,4.34,-0.56
0.25,-0.42,1.5,-0.09,4.34,-0.56
0.25,-0.43,1.48,-0.1,4.34,-0.52
0.25,-0.42,1.45,-0.1,4.34,-0.51
0.25,-0.44,1.41,-0.09,4.34,-0.49
0.26,-0.45,1.39,-0.05,4.34,-0.46
0.29,-0.45,1.34,-0.04,4.34,-0.45
0.29,-0.43,1.28,-0.01,4.34,-0.43
0.3,-0.45,1.24,-0.02,4.34,-0.4
0.32,-0.43,1.19,-0.03,4.34,-0.4
0.33,-0.43,1.16,-0.06,4.34,-0.38
0.33,-0.42,1.12,-0.08,4.34,-0.36
0.32,-0.44,1.1,-0.12,4.34,-0.34
0.33,-0.43,1.11,-0.13,4.34,-0.33
0.33,-0.42,1.1,-0.12,4.34,-0.3
0.32,-0.43,1.09,-0.12,4.34,-0.3
0.31,-0.43,1.09,-0.11,4.34,-0.29
0.3,-0.41,1.06,-0.11,4.34,-0.31
0.29,-0.41,1.03,-0.12,4.33,-0.31
0.26,-0.44,1.02,-0.12,4.29,-0.31
0.24,-0.44,1.02,-0.1,4.25,-0.31
0.23,-0.41,1.02,-0.09,4.24,-0.29
0.22,-0.42,1.02,-0.09,4.25,-0.25
0.22,-0.42,1.01,-0.05,4.25,-0.21
0.22,-0.4,0.99,-0.01,4.26,-0.17
0.24,-0.39,0.96,0.04,4.26,-0.13
0.25,-0.41,0.91,0.05,4.31,-0.11
0.25,-0.4,0.87,0.07,4.3,-0.1
0.26,-0.36,0.84,0.09,4.26,-0.1
0.26,-0.34,0.83,0.08,4.24,-0.1
0.27,-0.34,0.82,0.08,4.18,-0.09
0.29,-0.35,0.83,0.11,4.06,-0.09
0.26,-0.35,0.81,0.15,4.01,-0.12
0.23,-0.35,0.77,0.17,4.0,-0.16
0.21,-0.3,0.75,0.18,3.99,-0.17
0.2,-0.28,0.74,0.2,3.93,-0.16
0.2,-0.29,0.72,0.2,3.89,-0.13
0.2,-0.29,0.7,0.22,3.87,-0.11
0.2,-0.25,0.71,0.24,3.86,-0.08
0.21,-0.21,0.67,0.28,3.81,-0.05
0.21,-0.22,0.62,0.29,3.76,-0.04
0.22,-0.21,0.58,0.29,3.74,-0.05
0.23,-0.18,0.55,0.25,3.69,-0.05
0.24,-0.16,0.52,0.23,3.64,-0.06
0.22,-0.15,0.51,0.2,3.64,-0.08
0.2,-0.1,0.5,0.18,3.55,-0.08
0.19,-0.07,0.49,0.18,3.49,-0.08
0.19,-0.08,0.45,0.18,3.41,-0.08
0.16,-0.09,0.41,0.2,3.36,-0.1
0.12,-0.06,0.42,0.24,3.33,-0.13
0.1,-0.0,0.42,0.29,3.28,-0.11
0.09,0.02,0.41,0.37,3.18,-0.09
0.07,0.03,0.38,0.43,3.11,-0.08
0.08,0.08,0.35,0.48,3.02,-0.06
0.08,0.13,0.33,0.53,2.91,-0.03
0.11,0.14,0.3,0.56,2.82,-0.03
0.11,0.15,0.26,0.56,2.73,-0.02
0.12,0.2,0.25,0.56,2.65,-0.06
0.12,0.24,0.25,0.54,2.56,-0.08
0.11,0.25,0.24,0.52,2.46,-0.1
0.09,0.25,0.24,0.5,2.37,-0.13
0.07,0.27,0.24,0.48,2.32,-0.16
0.05,0.3,0.25,0.44,2.3,-0.16
0.03,0.35,0.27,0.44,2.2,-0.14
0.01,0.4,0.27,0.42,2.12,-0.14
0.01,0.39,0.27,0.39,1.98,-0.13
0.01,0.38,0.27,0.36,1.88,-0.12
0.0,0.37,0.27,0.33,1.81,-0.13
0.0,0.4,0.27,0.3,1.75,-0.14
0.0,0.44,0.29,0.25,1.69,-0.13
-0.01,0.47,0.29,0.16,1.64,-0.11
-0.04,0.49,0.3,0.1,1.52,-0.07
-0.06,0.5,0.34,0.02,1.41,-0.03
-0.06,0.5,0.38,-0.03,1.3,-0.01
-0.07,0.49,0.4,-0.1,1.17,0.0
-0.07,0.46,0.41,-0.16,1.05,0.0
-0.07,0.41,0.43,-0.21,0.93,-0.03
-0.08,0.37,0.48,-0.21,0.82,-0.06
-0.09,0.34,0.54,-0.22,0.73,-0.07
-0.1,0.31,0.57,-0.18,0.61,-0.08
-0.12,0.28,0.6,-0.14,0.53,-0.08
-0.13,0.25,0.64,-0.09,0.45,-0.08
-0.12,0.24,0.68,-0.06,0.39,-0.06
-0.13,0.22,0.71,-0.01,0.32,-0.05
-0.13,0.21,0.72,0.01,0.28,-0.04
-0.13,0.2,0.74,0.04,0.22,-0.02
-0.12,0.2,0.76,0.04,0.2,-0.02
-0.1,0.19,0.77,0.04,0.17,0.02
-0.1,0.16,0.78,0.06,0.14,0.04
-0.09,0.15,0.79,0.07,0.15,0.04
-0.09,0.15,0.8,0.06,0.18,0.03
-0.09,0.15,0.82,0.07,0.16,0.06
-0.11,0.17,0.83,0.08,0.13,0.07
-0.12,0.18,0.84,0.08,0.13,0.06
-0.13,0.2,0.84,0.06,0.1,0.1
-0.14,0.2,0.84,0.05,0.07,0.11
-0.13,0.18,0.84,0.05,0.05,0.13
-0.13,0.17,0.86,0.05,0.01,0.14
-0.12,0.18,0.87,0.05,-0.01,0.13
-0.11,0.17,0.87,0.05,-0.04,0.15
-0.11,0.17,0.87,0.08,-0.08,0.14
-0.09,0.16,0.89,0.1,-0.11,0.13
-0.07,0.15,0.89,0.09,-0.1,0.13
-0.06,0.15,0.89,0.11,-0.13,0.13
-0.05,0.17,0.89,0.13,-0.14,0.12
-0.04,0.17,0.88,0.11,-0.14,0.11
-0.03,0.17,0.88,0.08,-0.13,0.08
-0.03,0.18,0.9,0.05,-0.15,0.08
-0.02,0.19,0.92,0.03,-0.17,0.06
-0.0,0.17,0.91,-0.01,-0.18,0.05
0.01,0.16,0.92,-0.08,-0.16,0.03
0.0,0.15,0.94,-0.13,-0.16,0.01
-0.0,0.15,0.95,-0.19,-0.15,-0.0
-0.01,0.13,0.96,-0.22,-0.13,-0.02
-0.02,0.12,0.99,-0.27,-0.11,-0.01
-0.03,0.11,0.99,-0.29,-0.09,-0.0
-0.04,0.09,1.0,-0.33,-0.07,0.0
-0.05,0.08,1.0,-0.33,-0.05,0.02
-0.05,0.08,1.01,-0.35,-0.01,0.03
-0.06,0.08,1.01,-0.33,-0.01,0.06
-0.07,0.07,1.02,-0.29,-0.01,0.06
-0.08,0.07,1.01,-0.26,-0.02,0.08
-0.07,0.06,1.0,-0.24,-0.03,0.08
-0.07,0.04,1.01,-0.18,-0.05,0.08
-0.07,0.04,1.01,-0.11,-0.05,0.06
-0.06,0.05,1.02,-0.06,-0.07,0.05
-0.05,0.05,1.02,-0.0,-0.08,0.03
-0.05,0.05,1.0,0.02,-0.08,0.04
-0.04,0.05,0.98,0.05,-0.08,0.03
-0.04,0.07,0.98,0.07,-0.05,0.02
-0.05,0.1,0.99,0.08,-0.02,0.02
-0.05,0.12,0.98,0.06,-0.03,0.04
-0.05,0.14,0.97,0.07,-0.05,0.05
-0.04,0.13,0.96,0.05,-0.06,0.06
-0.02,0.12,0.94,0.02,-0.04,0.06
-0.03,0.11,0.94,-0.03,-0.03,0.06
-0.03,0.11,0.95,-0.06,-0.01,0.06
-0.03,0.11,0.96,-0.09,0.0,0.05
-0.03,0.1,0.96,-0.1,0.01,0.05
-0.03,0.09,0.98,-0.14,0.03,0.07
-0.02,0.08,0.99,-0.11,-0.01,0.07
-0.02,0.07,0.99,-0.11,-0.01,0.06
-0.03,0.06,0.98,-0.1,0.02,0.06
-0.04,0.06,0.98,-0.1,0.01,0.06
-0.05,0.07,0.98,-0.08,0.01,0.05
-0.07,0.06,0.99,-0.08,0.01,0.06
-0.07,0.07,0.98,-0.06,0.01,0.06
-0.07,0.1,0.97,-0.05,0.0,0.09
-0.07,0.1,0.97,-0.03,-0.01,0.11
-0.07,0.1,0.98,-0.02,-0.04,0.14
-0.06,0.09,0.96,-0.01,-0.03,0.16
-0.04,0.09,0.93,-0.03,-0.03,0.16
-0.05,0.1,0.93,-0.03,-0.06,0.19
-0.04,0.1,0.92,-0.0,-0.03,0.16
-0.04,0.11,0.93,0.01,-0.04,0.16
-0.04,0.13,0.92,0.02,-0.06,0.15
-0.03,0.12,0.91,0.0,-0.07,0.14
-0.03,0.12,0.91,0.01,-0.09,0.14
-0.03,0.11,0.91,-0.01,-0.07,0.12
-0.03,0.13,0.91,-0.01,-0.09,0.11
-0.03,0.13,0.92,-0.02,-0.11,0.11
-0.03,0.13,0.91,-0.03,-0.12,0.09
-0.02,0.12,0.91,-0.06,-0.11,0.07
-0.02,0.13,0.92,-0.08,-0.12,0.08
-0.03,0.13,0.92,-0.09,-0.12,0.08
-0.03,0.13,0.92,-0.12,-0.11,0.09
-0.03,0.12,0.93,-0.11,-0.12,0.09
-0.03,0.11,0.92,-0.12,-0.14,0.11
-0.02,0.1,0.92,-0.11,-0.15,0.1
-0.02,0.1,0.93,-0.09,-0.17,0.1
-0.02,0.09,0.93,-0.07,-0.16,0.08
-0.02,0.09,0.93,-0.05,-0.17,0.08
-0.02,0.09,0.93,-0.02,-0.22,0.06
-0.01,0.09,0.93,-0.0,-0.24,0.05
-0.0,0.08,0.92,-0.0,-0.23,0.04
-0.0,0.08,0.92,0.03,-0.25,0.03
-0.0,0.09,0.92,0.04,-0.24,0.02
-0.01,0.1,0.92,0.06,-0.24,0.01
0.0,0.11,0.93,0.04,-0.24,0.0
0.01,0.11,0.92,0.02,-0.25,0.01
0.01,0.11,0.91,-0.01,-0.25,0.01
0.01,0.11,0.9,-0.04,-0.25,-0.01
0.02,0.11,0.91,-0.06,-0.23,-0.02
0.01,0.12,0.9,-0.1,-0.21,-0.01
0.01,0.12,0.91,-0.1,-0.22,-0.02
0.0,0.12,0.9,-0.15,-0.2,-0.02
0.0,0.12,0.9,-0.15,-0.22,-0.04
0.0,0.12,0.9,-0.16,-0.23,-0.05
-0.01,0.12,0.9,-0.15,-0.24,-0.07
-0.02,0.12,0.89,-0.13,-0.26,-0.08
-0.04,0.13,0.88,-0.13,-0.26,-0.1
-0.04,0.15,0.88,-0.14,-0.28,-0.1
-0.05,0.15,0.89,-0.1,-0.33,-0.1
-0.06,0.16,0.88,-0.09,-0.37,-0.1
-0.06,0.16,0.88,-0.09,-0.4,-0.09
-0.06,0.15,0.88,-0.04,-0.3,-0.24
-0.03,0.16,0.88,-0.1,-0.45,-0.09
-0.03,0.16,0.87,-0.11,-0.48,-0.1
-0.03,0.14,0.87,-0.13,-0.47,-0.12
-0.03,0.14,0.86,-0.17,-0.49,-0.12
-0.04,0.12,0.87,-0.16,-0.49,-0.12
-0.05,0.13,0.89,-0.18,-0.51,-0.12
-0.05,0.13,0.89,-0.19,-0.5,-0.11
-0.06,0.12,0.9,-0.21,-0.52,-0.09
-0.07,0.11,0.89,-0.2,-0.52,-0.08
-0.07,0.11,0.89,-0.21,-0.52,-0.06
-0.08,0.1,0.9,-0.21,-0.52,-0.05
-0.08,0.1,0.92,-0.21,-0.54,-0.03
-0.07,0.1,0.94,-0.18,-0.57,-0.0
-0.07,0.1,0.94,-0.17,-0.6,0.01
-0.06,0.08,0.92,-0.17,-0.63,0.0
-0.05,0.05,0.93,-0.18,-0.62,0.02
-0.04,0.05,0.94,-0.15,-0.63,0.01
-0.04,0.03,0.96,-0.13,-0.63,0.02
-0.05,0.04,0.95,-0.12,-0.61,0.01
-0.05,0.05,0.94,-0.08,-0.61,0.03
-0.06,0.06,0.93,-0.05,-0.58,0.02
-0.07,0.07,0.93,-0.02,-0.58,0.03
-0.08,0.08,0.94,-0.01,-0.57,0.05
-0.08,0.1,0.93,0.01,-0.57,0.07
-0.08,0.1,0.92,0.02,-0.59,0.08
-0.08,0.11,0.91,0.02,-0.62,0.1
-0.07,0.1,0.91,0.02,-0.6,0.1
-0.06,0.1,0.91,-0.01,-0.62,0.11
-0.05,0.08,0.93,0.01,-0.64,0.1
-0.05,0.08,0.93,-0.01,-0.64,0.11
-0.05,0.08,0.94,-0.02,-0.65,0.11
-0.04,0.08,0.95,-0.04,-0.64,0.12
-0.03,0.07,0.95,-0.04,-0.65,0.11
-0.03,0.06,0.96,-0.04,-0.66,0.13
-0.02,0.07,0.96,-0.06,-0.65,0.12
-0.01,0.07,0.95,-0.08,-0.64,0.12
-0.0,0.05,0.94,-0.08,-0.64,0.1
-0.01,0.04,0.94,-0.07,-0.63,0.08
-0.02,0.06,0.93,-0.09,-0.61,0.07
-0.03,0.08,0.94,-0.05,-0.62,0.06
-0.05,0.1,0.95,-0.06,-0.63,0.09
-0.05,0.11,0.95,-0.04,-0.66,0.1
-0.05,0.11,0.93,-0.02,-0.68,0.11
-0.03,0.09,0.91,-0.04,-0.7,0.11
-0.01,0.08,0.92,-0.03,-0.71,0.1
-0.01,0.09,0.93,0.0,-0.73,0.09
-0.0,0.11,0.94,0.0,-0.73,0.07
-0.0,0.11,0.93,-0.01,-0.75,0.07
0.0,0.12,0.94,-0.01,-0.79,0.07
0.02,0.11,0.93,-0.05,-0.8,0.05
0.02,0.09,0.93,-0.07,-0.8,0.05
0.02,0.09,0.92,-0.12,-0.79,0.05
0.02,0.08,0.92,-0.12,-0.77,0.02
0.0,0.08,0.93,-0.14,-0.75,0.01
-0.01,0.1,0.94,-0.14,-0.73,0.01
-0.02,0.12,0.94,-0.19,-0.72,0.04
-0.02,0.12,0.93,-0.19,-0.75,0.05
-0.02,0.1,0.93,-0.23,-0.77,0.06
-0.02,0.09,0.95,-0.26,-0.77,0.06
-0.01,0.09,0.98,-0.25,-0.79,0.08
-0.01,0.08,0.99,-0.26,-0.8,0.08
0.01,0.04,1.0,-0.24,-0.81,0.08
0.01,0.02,1.0,-0.23,-0.81,0.04
0.01,0.01,1.02,-0.22,-0.8,0.04
0.01,-0.0,1.03,-0.19,-0.79,0.03
0.01,-0.01,1.04,-0.14,-0.79,0.03
0.01,-0.01,1.03,-0.1,-0.76,0.01
0.01,-0.0,1.01,-0.09,-0.74,-0.01
0.0,0.0,1.01,-0.05,-0.74,-0.02
-0.01,0.03,0.99,-0.03,-0.7,-0.03
-0.03,0.06,0.98,-0.0,-0.7,-0.03
-0.03,0.1,0.97,-0.01,-0.7,-0.01
-0.03,0.11,0.97,-0.01,-0.76,0.02
-0.02,0.1,0.95,-0.02,-0.79,0.02
-0.0,0.08,0.94,-0.04,-0.78,0.02
0.0,0.07,0.93,-0.07,-0.75,0.01
-0.01,0.07,0.93,-0.08,-0.72,0.02
-0.03,0.1,0.92,-0.08,-0.7,0.02
-0.04,0.11,0.92,-0.09,-0.7,0.06
-0.04,0.12,0.91,-0.08,-0.72,0.07
-0.04,0.11,0.9,-0.06,-0.74,0.09
-0.02,0.09,0.89,-0.04,-0.77,0.09
-0.01,0.09,0.89,-0.01,-0.77,0.07
-0.0,0.1,0.88,0.01,-0.8,0.06
-0.0,0.11,0.88,0.04,-0.85,0.03
0.0,0.11,0.88,0.06,-0.9,0.01
0.01,0.13,0.88,0.03,-0.94,-0.03
0.03,0.12,0.89,-0.02,-0.99,-0.04
0.04,0.09,0.91,-0.05,-1.05,-0.04
0.04,0.07,0.93,-0.09,-1.05,-0.07
0.03,0.04,0.97,-0.13,-1.04,-0.08
0.02,0.04,0.98,-0.17,-1.0,-0.08
0.01,0.03,1.0,-0.17,-0.98,-0.06
-0.0,0.03,1.0,-0.19,-0.95,-0.06
-0.0,0.03,1.0,-0.21,-0.9,-0.05
-0.02,0.03,1.01,-0.26,-0.85,-0.01
-0.04,0.04,1.0,-0.27,-0.84,0.03
-0.04,0.04,1.0,-0.25,-0.82,0.05
-0.04,0.04,1.0,-0.24,-0.81,0.07
-0.03,0.04,0.98,-0.21,-0.82,0.09
-0.03,0.03,0.98,-0.17,-0.83,0.09
-0.03,0.03,0.97,-0.13,-0.88,0.08
-0.01,0.02,0.98,-0.07,-0.9,0.04
-0.0,0.01,0.98,-0.02,-0.91,0.02
-0.0,0.01,0.98,0.04,-0.94,0.01
0.01,0.03,0.97,0.11,-0.97,-0.01
-0.0,0.06,0.97,0.14,-0.97,-0.04
0.01,0.08,0.95,0.14,-0.98,-0.05
0.01,0.09,0.94,0.14,-1.01,-0.05
0.02,0.1,0.94,0.09,-1.0,-0.05
0.02,0.09,0.93,0.06,-1.01,-0.05
0.02,0.08,0.95,-0.02,-0.98,-0.03
0.01,0.08,0.95,-0.05,-0.96,0.0
-0.0,0.07,0.96,-0.06,-0.94,0.02
-0.0,0.07,0.97,-0.07,-0.93,0.03
-0.0,0.07,0.97,-0.1,-0.93,0.05
-0.01,0.06,0.97,-0.07,-0.95,0.05
-0.01,0.06,0.98,-0.03,-0.97,0.03
-0.01,0.07,0.97,-0.01,-1.01,0.02
-0.0,0.07,0.97,0.01,-1.05,-0.01
0.02,0.06,0.98,0.01,-1.11,-0.03
0.04,0.05,1.0,0.03,-1.17,-0.06
0.04,0.03,1.01,0.03,-1.19,-0.1
0.05,0.02,1.01,0.02,-1.19,-0.14
0.04,0.0,1.01,0.01,-1.17,-0.17
0.03,0.0,1.03,-0.02,-1.2,-0.18
0.02,0.01,1.03,0.01,-1.11,-0.21
0.01,0.0,1.01,-0.02,-1.03,-0.22
-0.01,0.0,1.01,-0.0,-1.0,-0.21
-0.01,0.01,1.0,-0.01,-0.94,-0.2
-0.01,0.02,1.0,-0.0,-0.88,-0.18
-0.01,0.04,0.98,-0.03,-0.84,-0.16
-0.02,0.06,0.96,-0.04,-0.82,-0.14
-0.03,0.07,0.94,-0.04,-0.82,-0.12
-0.04,0.07,0.92,-0.05,-0.8,-0.1
-0.05,0.09,0.91,-0.06,-0.78,-0.06
-0.06,0.11,0.91,-0.05,-0.81,-0.03
-0.05,0.12,0.9,-0.02,-0.87,0.0
-0.04,0.11,0.89,0.02,-0.92,0.01
-0.02,0.09,0.89,0.05,-0.97,0.01
-0.0,0.09,0.9,0.06,-1.01,-0.01
0.01,0.08,0.91,0.1,-1.07,-0.04
0.01,0.09,0.9,0.12,-1.11,-0.07
0.01,0.09,0.9,0.09,-1.14,-0.07
0.01,0.09,0.91,0.08,-1.19,-0.07
0.02,0.09,0.92,0.07,-1.21,-0.06
0.01,0.08,0.94,0.05,-1.23,-0.06
0.01,0.07,0.93,0.02,-1.23,-0.04
0.02,0.06,0.95,0.0,-1.25,-0.03
0.01,0.04,0.96,-0.0,-1.23,-0.04
0.0,0.03,0.97,-0.01,-1.2,-0.04
0.01,0.03,0.97,-0.03,-1.16,-0.03
0.01,0.03,0.97,-0.03,-1.13,-0.01
0.0,0.03,0.96,-0.02,-1.1,0.02
0.0,0.04,0.96,-0.02,-1.07,0.03
-0.0,0.04,0.95,-0.01,-1.05,0.03
0.0,0.04,0.93,0.0,-1.05,0.04
0.0,0.06,0.92,0.0,-1.05,0.04
0.01,0.06,0.9,0.01,-1.06,0.04
-0.01,0.07,0.9,0.03,-1.09,0.03
0.0,0.07,0.89,0.03,-1.12,0.05
0.01,0.07,0.88,0.06,-1.16,0.05
0.02,0.06,0.88,0.06,-1.21,0.04
0.01,0.05,0.9,0.06,-1.24,0.02
0.0,0.05,0.91,0.07,-1.27,0.01
0.01,0.05,0.92,0.08,-1.29,0.0
0.01,0.06,0.93,0.07,-1.32,0.01
0.03,0.04,0.93,0.02,-1.31,0.02
0.03,0.03,0.95,0.0,-1.33,0.03
0.03,0.02,0.97,-0.05,-1.29,0.03
0.03,0.01,0.98,-0.08,-1.29,0.05
0.04,0.0,0.99,-0.12,-1.24,0.06
0.04,-0.01,1.01,-0.17,-1.22,0.07
0.04,0.0,1.02,-0.17,-1.21,0.06
0.03,-0.0,1.01,-0.17,-1.19,0.04
0.02,-0.01,0.99,-0.19,-1.15,0.04
-0.01,-0.01,0.97,-0.19,-1.14,0.03
-0.04,0.02,0.96,-0.15,-1.14,0.04
-0.06,0.06,0.94,-0.14,-1.15,0.06
-0.07,0.06,0.93,-0.1,-1.17,0.08
-0.08,0.06,0.91,-0.07,-1.21,0.13
-0.06,0.03,0.9,-0.03,-1.26,0.15
-0.05,0.04,0.91,0.02,-1.31,0.17
-0.02,0.03,0.91,0.03,-1.32,0.2
-0.01,0.02,0.9,0.05,-1.34,0.22
0.04,-0.01,0.9,0.07,-1.35,0.21
0.06,-0.02,0.91,0.08,-1.34,0.2
0.06,-0.02,0.92,0.07,-1.33,0.18
0.08,-0.02,0.93,0.05,-1.34,0.18
0.08,-0.02,0.96,0.04,-1.35,0.16
0.08,-0.01,0.97,0.04,-1.39,0.16
0.09,0.0,1.0,0.02,-1.42,0.15
0.1,-0.02,1.02,-0.01,-1.47,0.13
0.09,-0.04,1.04,-0.03,-1.5,0.1
0.07,-0.04,1.05,-0.07,-1.49,0.06
0.05,-0.02,1.07,-0.11,-1.45,0.03
0.03,-0.01,1.08,-0.14,-1.44,0.04
0.01,0.0,1.08,-0.16,-1.43,0.05
-0.0,0.01,1.08,-0.21,-1.4,0.08
-0.02,0.01,1.07,-0.23,-1.38,0.1
-0.03,0.01,1.08,-0.25,-1.35,0.14
-0.04,0.02,1.08,-0.24,-1.34,0.18
-0.05,0.02,1.07,-0.21,-1.31,0.2
-0.06,0.02,1.06,-0.2,-1.29,0.21
-0.07,0.01,1.04,-0.18,-1.28,0.23
-0.08,0.01,1.02,-0.13,-1.29,0.24
-0.08,0.01,1.01,-0.06,-1.3,0.25
-0.08,0.01,1.01,0.01,-1.28,0.26
-0.06,0.0,1.01,0.08,-1.33,0.29
-0.03,-0.01,1.01,0.17,-1.35,0.28
0.0,-0.02,1.01,0.26,-1.38,0.25
0.03,-0.03,1.01,0.33,-1.38,0.2
0.07,-0.02,1.0,0.36,-1.41,0.14
0.09,-0.01,0.99,0.37,-1.44,0.07
0.1,-0.0,0.98,0.34,-1.47,0.02
0.09,0.0,0.98,0.26,-1.47,-0.02
0.06,0.02,0.96,0.2,-1.47,-0.02
0.03,0.03,0.96,0.13,-1.46,-0.0
0.01,0.05,0.95,0.06,-1.44,0.05
-0.02,0.05,0.97,0.0,-1.43,0.11
-0.04,0.05,0.99,-0.04,-1.43,0.17
-0.05,0.05,1.0,-0.02,-1.44,0.21
-0.05,0.03,1.01,0.0,-1.44,0.24
-0.05,0.01,1.02,0.02,-1.42,0.26
-0.04,-0.0,1.03,0.05,-1.44,0.27
-0.02,-0.01,1.04,0.13,-1.45,0.26
0.01,-0.01,1.06,0.16,-1.47,0.24
0.04,-0.03,1.07,0.2,-1.46,0.21
0.05,-0.03,1.07,0.22,-1.47,0.18
0.06,-0.02,1.04,0.23,-1.47,0.14
0.06,-0.01,1.03,0.25,-1.48,0.11
0.06,0.01,0.98,0.22,-1.47,0.09
0.05,0.02,0.97,0.2,-1.5,0.11
0.04,0.05,0.96,0.16,-1.53,0.13
0.04,0.05,0.97,0.15,-1.57,0.15
0.03,0.03,0.97,0.09,-1.59,0.17
0.03,0.02,1.0,0.06,-1.61,0.2
0.03,0.01,1.01,0.06,-1.62,0.21
0.02,-0.0,1.03,0.04,-1.61,0.22
0.02,-0.0,1.03,0.01,-1.58,0.23
0.03,-0.0,1.04,-0.01,-1.56,0.24
0.03,0.0,1.05,-0.03,-1.55,0.24
0.04,-0.0,1.06,-0.05,-1.55,0.24
0.05,-0.02,1.08,-0.06,-1.55,0.22
0.05,-0.03,1.13,-0.09,-1.56,0.2
0.04,-0.03,1.18,-0.06,-1.58,0.15
0.03,-0.02,1.2,-0.03,-1.59,0.1
0.01,-0.01,1.2,-0.01,-1.56,0.03
0.0,0.0,1.18,0.03,-1.58,-0.02
-0.02,0.01,1.15,0.03,-1.57,-0.05
-0.03,0.03,1.14,0.03,-1.58,-0.05
-0.06,0.05,1.13,0.03,-1.55,-0.04
-0.07,0.05,1.13,0.02,-1.55,0.01
-0.06,0.05,1.13,0.04,-1.53,0.06
-0.06,0.04,1.12,0.05,-1.51,0.1
-0.05,0.05,1.11,0.03,-1.48,0.13
-0.05,0.05,1.1,0.01,-1.49,0.17
-0.03,0.04,1.1,0.04,-1.48,0.18
-0.02,0.03,1.11,0.0,-1.49,0.19
-0.01,0.02,1.12,-0.01,-1.5,0.19
-0.01,0.01,1.15,-0.03,-1.49,0.17
-0.0,0.01,1.18,-0.03,-1.49,0.14
-0.02,0.02,1.2,-0.02,-1.49,0.13
-0.03,0.04,1.22,0.0,-1.47,0.09
-0.03,0.06,1.21,0.03,-1.48,0.08
-0.05,0.07,1.22,0.04,-1.48,0.05
-0.06,0.07,1.21,0.03,-1.45,0.02
-0.06,0.09,1.2,0.0,-1.39,-0.0
-0.07,0.1,1.19,-0.02,-1.36,0.02
-0.08,0.12,1.17,-0.06,-1.31,0.05
-0.09,0.13,1.16,-0.08,-1.28,0.1
-0.1,0.12,1.17,-0.09,-1.23,0.14
-0.08,0.11,1.15,-0.1,-1.21,0.18
-0.09,0.1,1.15,-0.1,-1.19,0.19
-0.07,0.09,1.15,-0.09,-1.17,0.19
-0.07,0.08,1.17,-0.08,-1.14,0.17
-0.06,0.08,1.15,-0.06,-1.12,0.16
-0.06,0.09,1.14,-0.03,-1.12,0.15
-0.06,0.09,1.11,-0.02,-1.1,0.15
-0.04,0.08,1.1,-0.02,-1.11,0.14
-0.03,0.07,1.09,0.02,-1.11,0.14
-0.02,0.08,1.08,0.02,-1.12,0.11
-0.02,0.08,1.07,0.04,-1.14,0.1
-0.01,0.08,1.05,0.04,-1.14,0.1
-0.0,0.08,1.02,0.03,-1.14,0.11
0.01,0.08,1.01,0.02,-1.16,0.11
0.02,0.08,0.99,-0.0,-1.19,0.14
0.02,0.08,0.99,-0.03,-1.19,0.14
0.02,0.07,1.0,-0.05,-1.24,0.16
0.02,0.07,1.02,-0.08,-1.25,0.16
0.01,0.07,1.04,-0.09,-1.29,0.16
0.0,0.07,1.07,-0.11,-1.29,0.14
-0.01,0.08,1.09,-0.11,-1.31,0.13
-0.03,0.07,1.12,-0.09,-1.33,0.1
-0.04,0.09,1.14,-0.05,-1.34,0.09
-0.05,0.09,1.13,-0.03,-1.32,0.06
-0.05,0.09,1.13,-0.03,-1.31,0.06
-0.05,0.09,1.13,0.01,-1.3,0.05
-0.05,0.1,1.12,0.01,-1.31,0.04
-0.05,0.11,1.12,-0.0,-1.3,0.05
-0.06,0.11,1.12,-0.0,-1.29,0.04
-0.06,0.1,1.12,0.01,-1.3,0.04
-0.06,0.1,1.12,0.02,-1.29,0.05
-0.07,0.11,1.11,-0.0,-1.27,0.04
-0.07,0.11,1.11,-0.02,-1.25,0.04
-0.08,0.11,1.11,-0.01,-1.26,0.04
-0.08,0.11,1.11,-0.01,-1.26,0.04
-0.11,0.12,1.11,-0.02,-1.24,0.03
-0.11,0.12,1.12,-0.02,-1.23,0.04
-0.12,0.12,1.12,-0.02,-1.21,0.03
-0.12,0.12,1.12,-0.02,-1.2,0.06
-0.12,0.13,1.12,-0.02,-1.17,0.06
-0.13,0.14,1.1,-0.02,-1.15,0.08
-0.13,0.13,1.1,-0.02,-1.14,0.08
-0.12,0.13,1.1,-0.02,-1.14,0.08
-0.13,0.12,1.11,-0.02,-1.12,0.07
-0.13,0.13,1.11,-0.01,-1.12,0.07
-0.14,0.14,1.12,-0.0,-1.11,0.07
-0.15,0.15,1.13,0.01,-1.11,0.08
-0.15,0.14,1.15,0.02,-1.08,0.08
-0.15,0.14,1.15,0.04,-1.05,0.08
-0.13,0.14,1.17,0.04,-1.02,0.07
-0.12,0.13,1.18,0.05,-1.01,0.05
-0.11,0.13,1.2,0.04,-0.97,0.01
-0.1,0.13,1.2,0.05,-0.9,0.0
-0.09,0.13,1.18,0.07,-0.85,-0.03
-0.06,0.12,1.14,0.07,-0.82,-0.03
-0.05,0.11,1.11,0.05,-0.78,-0.04
-0.04,0.09,1.07,0.03,-0.77,-0.05
-0.03,0.08,1.05,-0.0,-0.76,-0.05
-0.03,0.09,1.02,-0.04,-0.77,-0.04
-0.03,0.08,1.01,-0.08,-0.78,-0.04
-0.03,0.07,1.0,-0.12,-0.8,-0.02
-0.04,0.06,0.99,-0.13,-0.82,-0.0
-0.05,0.06,0.99,-0.14,-0.85,0.01
-0.07,0.07,1.0,-0.15,-0.85,0.03
-0.08,0.07,1.0,-0.16,-0.85,0.05
-0.09,0.07,1.01,-0.15,-0.85,0.07
-0.1,0.08,1.03,-0.12,-0.87,0.09
-0.12,0.1,1.04,-0.11,-0.88,0.11
-0.12,0.09,1.07,-0.07,-0.86,0.1
-0.12,0.1,1.08,-0.01,-0.86,0.1
-0.11,0.1,1.08,0.02,-0.86,0.09
-0.09,0.09,1.07,0.05,-0.83,0.07
-0.08,0.09,1.07,0.05,-0.82,0.06
-0.08,0.1,1.07,0.05,-0.82,0.05
-0.06,0.1,1.06,0.05,-0.82,0.04
-0.05,0.1,1.07,0.03,-0.79,0.04
-0.04,0.1,1.05,-0.01,-0.78,0.06
-0.04,0.09,1.05,-0.04,-0.77,0.06
-0.03,0.09,1.04,-0.09,-0.78,0.07
-0.05,0.09,1.04,-0.14,-0.76,0.07
-0.07,0.1,1.05,-0.18,-0.76,0.07
-0.09,0.11,1.06,-0.2,-0.76,0.08
-0.11,0.12,1.07,-0.19,-0.76,0.08
-0.13,0.14,1.07,-0.17,-0.74,0.06
-0.14,0.14,1.07,-0.14,-0.73,0.07
-0.14,0.15,1.07,-0.11,-0.73,0.08
-0.15,0.15,1.07,-0.07,-0.72,0.07
-0.15,0.15,1.08,-0.03,-0.7,0.09
-0.13,0.15,1.08,-0.01,-0.67,0.08
-0.12,0.16,1.08,0.01,-0.66,0.09
-0.11,0.15,1.08,0.02,-0.64,0.08
-0.12,0.14,1.07,0.03,-0.62,0.07
-0.11,0.15,1.07,-0.0,-0.59,0.08
-0.1,0.14,1.07,-0.01,-0.58,0.09
-0.12,0.16,1.09,0.0,-0.58,0.1
-0.12,0.17,1.09,-0.0,-0.56,0.08
-0.12,0.18,1.09,-0.01,-0.54,0.08
-0.12,0.16,1.1,0.0,-0.51,0.06
-0.12,0.16,1.08,0.0,-0.5,0.05
-0.12,0.16,1.08,-0.01,-0.48,0.03
-0.12,0.17,1.07,-0.02,-0.45,0.03
-0.11,0.17,1.07,-0.02,-0.43,0.04
-0.1,0.15,1.06,-0.04,-0.41,0.05
-0.1,0.14,1.05,-0.06,-0.37,0.05
-0.1,0.15,1.04,-0.09,-0.36,0.06
-0.1,0.15,1.04,-0.11,-0.35,0.07
-0.1,0.15,1.04,-0.12,-0.34,0.09
-0.1,0.15,1.04,-0.12,-0.33,0.1
-0.11,0.16,1.04,-0.12,-0.32,0.09
-0.11,0.16,1.05,-0.1,-0.32,0.1
-0.1,0.17,1.06,-0.07,-0.32,0.11
-0.09,0.17,1.05,-0.08,-0.3,0.1
-0.09,0.17,1.05,-0.07,-0.28,0.09
-0.09,0.18,1.04,-0.09,-0.27,0.09
-0.09,0.17,1.05,-0.08,-0.29,0.07
-0.09,0.17,1.05,-0.07,-0.27,0.06
-0.1,0.17,1.03,-0.07,-0.27,0.06
-0.11,0.18,1.02,-0.07,-0.27,0.06
-0.11,0.17,1.01,-0.07,-0.28,0.08
-0.11,0.17,1.01,-0.05,-0.26,0.07
-0.12,0.16,1.02,-0.05,-0.26,0.07
-0.12,0.16,1.03,-0.04,-0.25,0.07
-0.12,0.16,1.02,-0.02,-0.25,0.07
-0.12,0.16,1.01,0.01,-0.24,0.07
-0.12,0.17,1.0,0.0,-0.22,0.09
-0.12,0.17,1.01,0.02,-0.23,0.12
-0.12,0.17,1.01,0.04,-0.22,0.12
-0.12,0.17,1.03,0.03,-0.22,0.13
-0.11,0.17,1.02,0.05,-0.2,0.13
-0.1,0.18,1.02,0.08,-0.22,0.14
-0.09,0.19,1.03,0.09,-0.22,0.13
-0.1,0.2,1.04,0.09,-0.21,0.13
-0.1,0.19,1.06,0.07,-0.18,0.13
-0.09,0.19,1.07,0.07,-0.16,0.12
-0.09,0.19,1.07,0.06,-0.15,0.11
-0.09,0.18,1.06,0.05,-0.12,0.09
-0.11,0.2,1.05,0.04,-0.11,0.08
-0.11,0.19,1.07,0.03,-0.1,0.08
-0.11,0.21,1.06,0.02,-0.09,0.08
-0.12,0.22,1.07,0.03,-0.08,0.07
-0.12,0.21,1.07,0.03,-0.03,0.07
-0.12,0.2,1.07,0.04,-0.03,0.08
-0.13,0.2,1.07,0.04,-0.01,0.09
-0.12,0.21,1.06,0.06,0.02,0.07
-0.12,0.21,1.07,0.03,0.07,0.08
-0.12,0.21,1.07,0.05,0.07,0.09
-0.12,0.22,1.06,0.05,0.09,0.09
-0.13,0.23,1.06,0.04,0.1,0.1
-0.13,0.24,1.07,0.06,0.13,0.09
-0.14,0.24,1.07,0.07,0.14,0.1
-0.14,0.25,1.07,0.08,0.16,0.1
-0.15,0.25,1.07,0.09,0.19,0.08
-0.15,0.27,1.08,0.07,0.22,0.07
-0.16,0.28,1.09,0.08,0.23,0.07
-0.16,0.28,1.11,0.09,0.24,0.06
-0.16,0.27,1.12,0.11,0.28,0.04
-0.15,0.25,1.12,0.1,0.35,0.02
-0.15,0.24,1.1,0.1,0.37,0.01
-0.14,0.23,1.08,0.09,0.41,0.01
-0.14,0.24,1.08,0.09,0.44,0.0
-0.14,0.23,1.07,0.08,0.47,0.01
-0.15,0.24,1.07,0.06,0.49,0.03
-0.14,0.23,1.07,0.08,0.5,0.02
-0.14,0.23,1.07,0.07,0.52,0.03
-0.14,0.23,1.07,0.05,0.56,0.04
-0.15,0.24,1.08,0.04,0.54,0.06
-0.15,0.24,1.08,0.05,0.56,0.04
-0.15,0.25,1.09,0.04,0.56,0.05
-0.15,0.25,1.1,0.03,0.57,0.04
-0.17,0.26,1.13,0.02,0.56,0.01
-0.18,0.26,1.15,0.04,0.57,0.0
-0.19,0.28,1.18,0.05,0.6,-0.02
-0.2,0.29,1.2,0.05,0.66,-0.05
-0.19,0.29,1.21,0.04,0.71,-0.05
-0.18,0.27,1.21,0.03,0.77,-0.08
-0.17,0.26,1.22,0.0,0.84,-0.11
-0.16,0.25,1.22,-0.02,0.92,-0.12
-0.15,0.25,1.22,-0.08,0.99,-0.13
-0.14,0.24,1.22,-0.13,1.07,-0.14
-0.12,0.23,1.22,-0.19,1.15,-0.15
-0.1,0.21,1.22,-0.3,1.25,-0.13
-0.09,0.21,1.21,-0.39,1.28,-0.11
-0.1,0.21,1.21,-0.45,1.31,-0.11
-0.09,0.22,1.22,-0.51,1.33,-0.11
-0.13,0.23,1.23,-0.55,1.37,-0.12
-0.14,0.22,1.26,-0.58,1.39,-0.13
-0.12,0.22,1.27,-0.59,1.44,-0.16
-0.11,0.21,1.28,-0.62,1.5,-0.18
-0.1,0.21,1.26,-0.64,1.54,-0.21
-0.09,0.2,1.26,-0.67,1.58,-0.21
-0.1,0.21,1.25,-0.7,1.61,-0.23
-0.1,0.21,1.27,-0.72,1.65,-0.22
-0.11,0.22,1.29,-0.72,1.71,-0.23
-0.11,0.22,1.31,-0.71,1.73,-0.23
-0.11,0.21,1.32,-0.7,1.77,-0.25
-0.12,0.22,1.33,-0.68,1.78,-0.25
-0.11,0.22,1.34,-0.68,1.81,-0.26
-0.12,0.23,1.35,-0.67,1.82,-0.28
-0.12,0.24,1.39,-0.67,1.85,-0.3
-0.13,0.24,1.45,-0.67,1.89,-0.32
-0.13,0.22,1.51,-0.68,1.98,-0.36
-0.13,0.21,1.57,-0.68,2.07,-0.4
-0.14,0.22,1.61,-0.69,2.16,-0.44
-0.17,0.23,1.63,-0.7,2.27,-0.45
-0.19,0.23,1.67,-0.73,2.44,-0.46
-0.21,0.24,1.71,-0.7,2.56,-0.44
-0.21,0.25,1.73,-0.69,2.68,-0.44
-0.23,0.24,1.75,-0.66,2.79,-0.42
-0.25,0.21,1.77,-0.64,2.92,-0.42
-0.24,0.17,1.78,-0.61,3.04,-0.4
-0.24,0.14,1.78,-0.57,3.19,-0.39
-0.22,0.1,1.79,-0.55,3.31,-0.36
-0.2,0.07,1.79,-0.52,3.47,-0.35
-0.17,0.04,1.8,-0.49,3.57,-0.32
-0.15,0.01,1.79,-0.45,3.68,-0.32
-0.12,-0.02,1.77,-0.41,3.75,-0.31
-0.1,-0.06,1.77,-0.41,3.83,-0.31
-0.09,-0.1,1.79,-0.39,3.89,-0.32
-0.07,-0.12,1.82,-0.37,3.97,-0.34
-0.05,-0.15,1.83,-0.33,4.03,-0.33
-0.01,-0.18,1.82,-0.31,4.14,-0.34
0.04,-0.21,1.8,-0.33,4.25,-0.34
0.09,-0.24,1.77,-0.35,4.32,-0.35
0.13,-0.27,1.76,-0.43,4.34,-0.35
0.15,-0.29,1.76,-0.52,4.34,-0.36
0.16,-0.31,1.77,-0.64,4.34,-0.35
0.15,-0.32,1.77,-0.7,4.34,-0.36
0.13,-0.35,1.78,-0.78,4.34,-0.36
0.12,-0.36,1.78,-0.83,4.34,-0.36
0.1,-0.37,1.8,-0.87,4.34,-0.33
0.09,-0.38,1.83,-0.87,4.34,-0.3
0.09,-0.4,1.86,-0.85,4.34,-0.27
0.09,-0.45,1.88,-0.81,4.34,-0.25
0.07,-0.48,1.87,-0.79,4.34,-0.23
0.05,-0.51,1.84,-0.71,4.34,-0.21
0.05,-0.53,1.81,-0.64,4.34,-0.17
0.07,-0.54,1.76,-0.56,4.34,-0.11
0.11,-0.55,1.7,-0.5,4.34,-0.04
0.14,-0.56,1.63,-0.42,4.34,0.03
0.18,-0.58,1.54,-0.35,4.34,0.09
0.21,-0.58,1.45,-0.29,4.34,0.14
0.25,-0.59,1.37,-0.25,4.34,0.18
0.29,-0.6,1.28,-0.19,4.34,0.2
0.31,-0.6,1.18,-0.15,4.34,0.22
0.33,-0.59,1.09,-0.14,4.34,0.23
0.36,-0.56,1.01,-0.11,4.34,0.24
0.39,-0.55,0.95,-0.08,4.34,0.23
0.44,-0.55,0.9,-0.06,4.34,0.21
0.48,-0.55,0.85,-0.04,4.34,0.14
0.48,-0.55,0.78,-0.05,4.34,0.06
0.47,-0.55,0.72,-0.02,4.34,-0.03
0.44,-0.52,0.67,-0.01,4.34,-0.11
0.4,-0.44,0.61,-0.01,4.34,-0.15
0.37,-0.38,0.56,-0.05,4.34,-0.15
0.34,-0.37,0.52,-0.09,4.34,-0.12
0.31,-0.38,0.51,-0.12,4.34,-0.09
0.28,-0.38,0.51,-0.14,4.34,-0.03
0.28,-0.35,0.51,-0.12,4.34,0.02
0.27,-0.34,0.5,-0.06,4.34,0.11
0.26,-0.34,0.47,0.01,4.34,0.17
0.26,-0.32,0.41,0.1,4.34,0.22
0.26,-0.29,0.37,0.19,4.34,0.28
0.27,-0.25,0.34,0.31,4.34,0.29
0.28,-0.22,0.29,0.42,4.22,0.29
0.28,-0.2,0.23,0.5,4.11,0.27
0.29,-0.19,0.18,0.59,3.97,0.23
0.28,-0.14,0.16,0.66,3.86,0.19
0.27,-0.09,0.14,0.71,3.75,0.16
0.26,-0.04,0.12,0.78,3.62,0.14
0.26,0.02,0.09,0.82,3.47,0.14
0.27,0.06,0.07,0.82,3.3,0.1
0.28,0.1,0.06,0.78,3.13,0.07
0.26,0.12,0.04,0.73,3.0,0.01
0.24,0.12,0.04,0.65,2.93,-0.03
0.21,0.16,0.06,0.62,2.82,-0.07
0.17,0.2,0.11,0.58,2.71,-0.07
0.13,0.2,0.12,0.56,2.61,-0.06
0.07,0.21,0.13,0.56,2.5,-0.04
0.02,0.21,0.16,0.6,2.42,-0.01
-0.02,0.23,0.18,0.64,2.33,0.02
-0.04,0.29,0.21,0.71,2.23,0.07
-0.05,0.32,0.23,0.74,2.1,0.13
-0.06,0.32,0.21,0.76,1.91,0.18
-0.06,0.31,0.19,0.78,1.75,0.2
-0.08,0.3,0.19,0.79,1.67,0.21
-0.09,0.32,0.23,0.79,1.57,0.23
-0.1,0.34,0.26,0.82,1.47,0.27
-0.1,0.36,0.27,0.82,1.39,0.31
-0.07,0.4,0.27,0.83,1.26,0.33
-0.07,0.44,0.24,0.79,1.17,0.37
-0.05,0.46,0.23,0.72,1.07,0.39
-0.02,0.49,0.25,0.61,0.96,0.4
0.0,0.52,0.28,0.49,0.87,0.39
0.04,0.51,0.3,0.33,0.75,0.37
0.06,0.47,0.31,0.2,0.64,0.32
0.05,0.43,0.35,0.05,0.53,0.26
0.04,0.4,0.42,-0.08,0.47,0.22
0.04,0.37,0.5,-0.18,0.4,0.15
0.02,0.34,0.57,-0.27,0.34,0.13
0.01,0.31,0.61,-0.33,0.24,0.11
-0.01,0.25,0.65,-0.37,0.2,0.07
-0.02,0.2,0.71,-0.42,0.17,0.05
-0.03,0.15,0.75,-0.39,0.14,0.03
-0.05,0.12,0.78,-0.35,0.13,0.01
-0.09,0.11,0.82,-0.3,0.15,0.01
-0.11,0.1,0.85,-0.26,0.18,0.03
-0.13,0.09,0.88,-0.16,0.16,0.05
-0.13,0.1,0.89,-0.11,0.17,0.08
-0.13,0.09,0.88,0.02,0.15,0.12
-0.11,0.11,0.85,0.08,0.18,0.15
-0.1,0.14,0.82,0.14,0.16,0.16
-0.1,0.18,0.8,0.18,0.13,0.17
-0.08,0.19,0.8,0.21,0.1,0.16
-0.06,0.19,0.8,0.21,0.08,0.16
-0.04,0.19,0.78,0.25,0.03,0.14
-0.05,0.2,0.79,0.28,-0.02,0.11
-0.05,0.23,0.8,0.29,-0.03,0.07
-0.05,0.27,0.81,0.29,-0.09,0.06
-0.05,0.31,0.81,0.23,-0.14,0.03
-0.04,0.3,0.82,0.18,-0.21,0.01
-0.05,0.28,0.84,0.09,-0.25,0.0
-0.04,0.24,0.86,0.0,-0.27,0.01
-0.04,0.24,0.9,-0.05,-0.31,0.03
-0.03,0.22,0.91,-0.1,-0.33,0.04
-0.03,0.18,0.9,-0.14,-0.31,0.03
-0.04,0.15,0.92,-0.18,-0.3,0.03
-0.04,0.13,0.93,-0.19,-0.28,0.02
-0.05,0.09,0.96,-0.2,-0.24,0.01
-0.05,0.06,0.95,-0.16,-0.2,0.0
-0.04,0.06,0.95,-0.12,-0.14,0.0
-0.05,0.07,0.95,-0.08,-0.1,0.01
-0.05,0.08,0.94,-0.02,-0.07,0.0
-0.07,0.12,0.92,0.02,-0.03,-0.01
-0.08,0.16,0.92,0.04,-0.03,-0.0
-0.09,0.21,0.91,0.07,-0.05,0.01
-0.08,0.25,0.89,0.06,-0.09,0.01
-0.07,0.25,0.87,0.02,-0.11,0.01
-0.06,0.25,0.86,-0.03,-0.15,-0.02
-0.05,0.24,0.86,-0.07,-0.17,-0.02
-0.04,0.24,0.87,-0.1,-0.18,-0.03
-0.05,0.23,0.88,-0.13,-0.18,-0.05
-0.05,0.22,0.89,-0.19,-0.18,-0.05
-0.05,0.21,0.9,-0.2,-0.21,-0.05
-0.05,0.18,0.91,-0.19,-0.23,-0.06
-0.05,0.16,0.93,-0.18,-0.24,-0.06
-0.05,0.15,0.95,-0.17,-0.24,-0.05
-0.05,0.15,0.94,-0.14,-0.26,-0.06
-0.06,0.14,0.95,-0.15,-0.25,-0.08
-0.05,0.12,0.96,-0.13,-0.26,-0.07
-0.05,0.12,0.97,-0.13,-0.25,-0.07
-0.05,0.1,0.98,-0.13,-0.24,-0.07
-0.05,0.1,0.98,-0.12,-0.24,-0.08
-0.05,0.09,1.0,-0.11,-0.21,-0.08
-0.05,0.09,1.01,-0.12,-0.18,-0.08
-0.04,0.1,1.01,-0.12,-0.18,-0.06
-0.05,0.09,1.01,-0.12,-0.18,-0.05
-0.04,0.09,1.01,-0.12,-0.17,-0.06
-0.05,0.09,1.02,-0.12,-0.18,-0.05
-0.06,0.1,1.03,-0.12,-0.17,-0.05
-0.07,0.1,1.03,-0.11,-0.17,-0.05
-0.07,0.1,1.03,-0.12,-0.16,-0.04
-0.08,0.1,1.02,-0.13,-0.14,-0.01
-0.07,0.09,1.02,-0.11,-0.15,0.02
-0.07,0.09,1.02,-0.11,-0.15,0.05
-0.05,0.08,1.0,-0.08,-0.13,0.06
-0.04,0.09,0.99,-0.06,-0.11,0.06
-0.03,0.1,0.98,-0.03,-0.12,0.05
-0.04,0.1,0.97,-0.02,-0.13,0.04
-0.03,0.12,0.95,0.03,-0.16,0.03
-0.04,0.14,0.95,0.01,-0.17,0.02
-0.03,0.14,0.95,0.02,-0.2,0.04
-0.03,0.15,0.93,0.03,-0.23,0.04
-0.02,0.15,0.93,0.02,-0.23,0.03
-0.02,0.13,0.93,-0.01,-0.23,0.04
-0.01,0.12,0.93,-0.0,-0.24,0.04
-0.0,0.12,0.92,-0.01,-0.24,0.03
-0.0,0.13,0.91,-0.0,-0.23,0.05
0.0,0.14,0.9,-0.01,-0.22,0.03
0.0,0.14,0.89,-0.03,-0.21,0.04
0.01,0.16,0.89,-0.03,-0.24,0.04
-0.0,0.17,0.88,-0.04,-0.23,0.02
-0.0,0.17,0.85,-0.06,-0.24,0.01
-0.02,0.17,0.85,-0.09,-0.25,-0.01
-0.03,0.17,0.84,-0.08,-0.26,-0.02
-0.04,0.17,0.85,-0.08,-0.28,-0.03
-0.05,0.18,0.84,-0.08,-0.28,-0.03
-0.06,0.18,0.85,-0.04,-0.32,-0.01
-0.07,0.18,0.85,-0.02,-0.34,-0.01
-0.08,0.19,0.84,0.02,-0.39,0.0
-0.08,0.18,0.82,0.03,-0.43,0.0
-0.08,0.18,0.81,0.06,-0.49,-0.01
-0.07,0.17,0.81,0.11,-0.52,-0.01
-0.07,0.19,0.82,0.14,-0.57,-0.02
-0.07,0.2,0.83,0.15,-0.61,-0.01
-0.06,0.2,0.82,0.15,-0.68,0.01
-0.05,0.18,0.8,0.14,-0.73,0.0
-0.04,0.16,0.81,0.13,-0.73,-0.01
-0.02,0.17,0.82,0.12,-0.74,-0.02
-0.01,0.19,0.84,0.07,-0.76,-0.01
0.0,0.2,0.83,0.02,-0.8,-0.01
0.0,0.18,0.82,-0.05,-0.84,-0.01
0.01,0.15,0.82,-0.15,-0.83,-0.04
0.0,0.11,0.85,-0.21,-0.82,-0.04
-0.01,0.09,0.87,-0.24,-0.8,-0.03
-0.02,0.09,0.91,-0.26,-0.77,-0.04
-0.03,0.09,0.92,-0.27,-0.75,-0.02
-0.03,0.08,0.91,-0.27,-0.76,-0.01
-0.05,0.05,0.91,-0.26,-0.75,0.0
-0.06,0.03,0.92,-0.21,-0.76,0.01
-0.09,0.02,0.93,-0.18,-0.73,0.01
-0.1,0.04,0.94,-0.1,-0.73,0.02
-0.09,0.06,0.93,0.03,-0.78,0.05
-0.08,0.08,0.93,0.14,-0.82,0.06
-0.08,0.1,0.91,0.21,-0.87,0.06
-0.07,0.09,0.89,0.26,-0.93,0.06
-0.06,0.08,0.87,0.34,-0.98,0.03
-0.05,0.1,0.87,0.36,-1.0,0.01
-0.04,0.13,0.87,0.39,-1.02,0.0
-0.02,0.16,0.86,0.38,-1.05,0.03
-0.01,0.17,0.85,0.34,-1.08,0.05
0.0,0.18,0.82,0.28,-1.1,0.06
0.01,0.17,0.81,0.19,-1.09,0.05
0.03,0.15,0.82,0.1,-1.08,0.06
0.04,0.13,0.84,0.05,-1.07,0.04
0.06,0.12,0.85,-0.02,-1.05,0.04
0.04,0.11,0.85,-0.1,-1.02,0.03
0.03,0.1,0.86,-0.15,-1.03,0.03
0.01,0.09,0.88,-0.21,-1.01,0.03
-0.01,0.09,0.91,-0.21,-1.01,0.04
-0.02,0.08,0.92,-0.23,-1.01,0.03
-0.04,0.08,0.93,-0.22,-1.03,0.04
-0.05,0.06,0.94,-0.17,-1.06,0.04
-0.05,0.04,0.95,-0.14,-1.08,0.06
-0.06,0.04,0.96,-0.09,-1.07,0.07
-0.06,0.05,0.96,-0.03,-1.09,0.09
-0.05,0.07,0.96,0.04,-1.12,0.09
-0.04,0.08,0.94,0.07,-1.14,0.11
-0.04,0.06,0.92,0.08,-1.15,0.12
-0.04,0.06,0.9,0.11,-1.16,0.12
-0.04,0.07,0.89,0.15,-1.15,0.13
-0.03,0.08,0.88,0.17,-1.14,0.14
-0.03,0.1,0.86,0.17,-1.11,0.16
-0.02,0.1,0.85,0.2,-1.15,0.19
0.0,0.11,0.83,0.22,-1.19,0.19
0.02,0.1,0.81,0.24,-1.22,0.17
0.03,0.09,0.81,0.24,-1.23,0.13
0.03,0.11,0.81,0.25,-1.27,0.09
0.04,0.13,0.8,0.24,-1.31,0.07
0.05,0.12,0.81,0.2,-1.35,0.06
0.07,0.1,0.81,0.14,-1.36,0.04
0.06,0.09,0.82,0.09,-1.38,0.04
0.06,0.08,0.83,0.05,-1.38,0.03
0.05,0.09,0.83,0.0,-1.35,0.02
0.04,0.11,0.84,-0.05,-1.31,0.03
0.02,0.15,0.85,-0.09,-1.35,0.05
0.03,0.16,0.86,-0.11,-1.41,0.07
0.03,0.13,0.86,-0.16,-1.49,0.09
0.02,0.07,0.85,-0.22,-1.54,0.09
0.01,0.04,0.87,-0.27,-1.55,0.07
0.0,0.01,0.91,-0.28,-1.53,0.06
-0.0,0.01,0.93,-0.28,-1.5,0.06
-0.02,0.01,0.94,-0.28,-1.47,0.1
-0.03,0.02,0.92,-0.26,-1.43,0.14
-0.03,0.02,0.91,-0.2,-1.42,0.17
-0.02,0.02,0.9,-0.16,-1.43,0.2
-0.0,-0.01,0.91,-0.09,-1.42,0.18
0.02,-0.01,0.93,-0.01,-1.51,0.16
0.03,0.0,0.95,0.06,-1.57,0.1
0.03,0.01,0.94,0.13,-1.65,0.03
0.03,-0.0,0.92,0.14,-1.69,-0.03
0.01,0.0,0.92,0.13,-1.69,-0.06
-0.01,0.03,0.93,0.11,-1.67,-0.06
-0.04,0.05,0.93,0.09,-1.64,-0.01
-0.05,0.08,0.92,0.05,-1.58,0.06
-0.05,0.09,0.91,0.03,-1.55,0.15
-0.04,0.09,0.89,-0.02,-1.53,0.21
-0.03,0.07,0.86,-0.07,-1.53,0.26
-0.03,0.06,0.85,-0.09,-1.52,0.28
-0.01,0.05,0.87,-0.1,-1.51,0.28
0.02,0.05,0.9,-0.08,-1.54,0.26
0.05,0.04,0.9,-0.08,-1.61,0.24
0.06,0.01,0.91,-0.13,-1.62,0.19
0.06,-0.02,0.93,-0.15,-1.63,0.15
0.06,-0.03,0.95,-0.17,-1.62,0.11
0.05,-0.03,0.97,-0.21,-1.58,0.09
0.03,-0.02,0.98,-0.24,-1.53,0.08
0.01,0.01,1.0,-0.25,-1.52,0.11
-0.0,0.03,1.01,-0.26,-1.52,0.11
-0.02,0.03,1.01,-0.26,-1.54,0.15
-0.04,0.01,0.99,-0.27,-1.52,0.14
-0.05,0.02,0.99,-0.28,-1.52,0.15
-0.07,0.04,1.0,-0.26,-1.53,0.16
-0.06,0.05,1.03,-0.22,-1.57,0.17
-0.05,0.05,1.05,-0.23,-1.62,0.19
-0.04,0.02,1.1,-0.24,-1.65,0.2
-0.04,-0.02,1.09,-0.25,-1.64,0.18
-0.03,-0.02,1.07,-0.3,-1.6,0.19
-0.04,-0.04,1.1,-0.34,-1.54,0.2
-0.06,-0.02,1.17,-0.37,-1.49,0.22
-0.05,0.0,1.23,-0.33,-1.44,0.25
-0.04,-0.01,1.23,-0.29,-1.45,0.27
-0.05,-0.03,1.22,-0.28,-1.42,0.27
-0.05,-0.05,1.21,-0.26,-1.39,0.24
-0.06,-0.06,1.2,-0.24,-1.33,0.2
-0.08,-0.03,1.2,-0.22,-1.27,0.18
-0.07,-0.0,1.19,-0.2,-1.18,0.18
-0.06,0.03,1.15,-0.18,-1.16,0.2
-0.08,0.03,1.13,-0.15,-1.12,0.22
-0.08,0.04,1.08,-0.15,-1.09,0.23
-0.09,0.04,1.06,-0.12,-1.03,0.23
-0.08,0.06,1.03,-0.12,-0.99,0.24
-0.09,0.08,1.0,-0.08,-1.0,0.26
-0.08,0.1,0.98,-0.05,-1.04,0.29
-0.07,0.1,0.96,-0.03,-1.05,0.31
-0.05,0.11,0.96,-0.0,-1.1,0.33
-0.04,0.12,0.97,0.05,-1.18,0.33
-0.01,0.1,0.98,0.03,-1.26,0.32
0.03,0.05,1.01,0.03,-1.32,0.3
0.04,0.01,1.07,0.01,-1.36,0.23
0.04,0.0,1.11,0.03,-1.36,0.17
0.02,0.02,1.13,0.02,-1.34,0.13
-0.0,0.04,1.13,0.0,-1.28,0.09
-0.02,0.06,1.13,-0.01,-1.24,0.09
-0.03,0.07,1.12,-0.03,-1.21,0.09
-0.03,0.08,1.12,-0.06,-1.19,0.12
-0.04,0.09,1.11,-0.09,-1.12,0.13
-0.05,0.09,1.11,-0.12,-1.09,0.17
-0.06,0.09,1.1,-0.15,-1.05,0.18
-0.06,0.08,1.12,-0.15,-1.01,0.22
-0.05,0.08,1.11,-0.16,-0.95,0.22
-0.05,0.08,1.11,-0.16,-0.92,0.25
-0.04,0.09,1.09,-0.15,-0.89,0.25
-0.04,0.09,1.08,-0.13,-0.9,0.24
-0.03,0.09,1.08,-0.12,-0.89,0.23
-0.03,0.07,1.08,-0.11,-0.9,0.22
-0.0,0.07,1.1,-0.08,-0.93,0.2
-0.01,0.07,1.13,-0.04,-0.96,0.17
-0.0,0.07,1.14,0.02,-0.99,0.13
-0.0,0.07,1.14,0.04,-1.01,0.09
-0.01,0.08,1.13,0.05,-1.01,0.05
-0.02,0.1,1.13,0.05,-1.02,0.02
-0.02,0.11,1.13,0.02,-1.01,0.02
-0.03,0.12,1.13,-0.01,-0.97,0.04
-0.05,0.12,1.14,-0.05,-0.94,0.07
-0.05,0.12,1.13,-0.07,-0.92,0.12
-0.06,0.11,1.13,-0.1,-0.84,0.15
-0.05,0.1,1.13,-0.11,-0.82,0.18
-0.05,0.09,1.13,-0.11,-0.75,0.19
-0.03,0.08,1.12,-0.11,-0.72,0.19
-0.04,0.07,1.12,-0.09,-0.68,0.18
-0.04,0.08,1.1,-0.1,-0.65,0.16
-0.05,0.08,1.09,-0.07,-0.65,0.16
-0.04,0.09,1.09,-0.07,-0.68,0.15
-0.05,0.09,1.11,-0.05,-0.66,0.14
-0.03,0.08,1.12,-0.02,-0.68,0.13
-0.03,0.09,1.13,0.03,-0.7,0.11
-0.03,0.09,1.14,0.04,-0.72,0.08
-0.03,0.1,1.13,0.06,-0.73,0.07
-0.03,0.1,1.12,0.08,-0.72,0.04
-0.03,0.11,1.11,0.07,-0.71,0.05
-0.03,0.12,1.1,0.07,-0.7,0.06
-0.03,0.12,1.08,0.05,-0.66,0.07
-0.04,0.11,1.09,0.02,-0.64,0.11
-0.03,0.1,1.1,0.03,-0.64,0.12
-0.04,0.1,1.1,0.03,-0.63,0.11
-0.05,0.09,1.09,0.05,-0.6,0.1
-0.04,0.09,1.07,0.05,-0.59,0.1
-0.05,0.09,1.06,0.06,-0.58,0.09
-0.05,0.09,1.05,0.05,-0.57,0.11
-0.04,0.1,1.03,0.06,-0.56,0.11
-0.04,0.1,1.03,0.05,-0.57,0.12
-0.05,0.1,1.04,0.07,-0.58,0.14
-0.04,0.08,1.05,0.1,-0.59,0.12
-0.02,0.07,1.07,0.11,-0.59,0.1
-0.01,0.07,1.08,0.13,-0.58,0.08
-0.01,0.08,1.07,0.15,-0.58,0.08
-0.0,0.08,1.06,0.17,-0.58,0.06
0.01,0.09,1.04,0.14,-0.58,0.05
0.01,0.09,1.04,0.11,-0.56,0.05
0.02,0.1,1.04,0.08,-0.56,0.05
0.02,0.1,1.04,0.04,-0.56,0.04
0.01,0.1,1.03,-0.0,-0.54,0.04
0.0,0.1,1.03,-0.06,-0.52,0.05
-0.01,0.09,1.03,-0.1,-0.52,0.07
-0.03,0.09,1.04,-0.1,-0.51,0.08
-0.04,0.1,1.02,-0.11,-0.49,0.07
-0.06,0.11,1.02,-0.12,-0.5,0.1
-0.07,0.1,1.0,-0.09,-0.49,0.12
-0.07,0.1,0.98,-0.08,-0.5,0.14
-0.07,0.09,0.99,-0.06,-0.51,0.15
-0.07,0.08,0.98,-0.04,-0.51,0.16
-0.04,0.07,0.98,0.0,-0.53,0.18
-0.02,0.05,0.99,0.03,-0.57,0.18
-0.01,0.04,1.0,0.07,-0.57,0.16
-0.0,0.04,1.0,0.1,-0.56,0.14
0.02,0.05,0.97,0.12,-0.57,0.12
0.02,0.05,0.94,0.13,-0.58,0.09
0.02,0.07,0.93,0.13,-0.61,0.07
0.01,0.07,0.94,0.14,-0.65,0.07
0.01,0.08,0.96,0.14,-0.71,0.08
0.0,0.08,0.98,0.15,-0.75,0.09
0.0,0.07,1.0,0.16,-0.75,0.08
0.0,0.08,1.02,0.13,-0.75,0.08
-0.0,0.09,1.02,0.1,-0.75,0.09
-0.0,0.09,1.02,0.09,-0.75,0.1
-0.0,0.09,1.02,0.07,-0.73,0.12
-0.01,0.08,1.03,0.03,-0.71,0.14
-0.0,0.07,1.04,0.01,-0.7,0.15
-0.01,0.07,1.04,-0.01,-0.7,0.16
-0.01,0.07,1.03,-0.01,-0.66,0.15
-0.02,0.07,1.02,-0.04,-0.64,0.17
-0.02,0.07,1.01,-0.05,-0.64,0.17
-0.01,0.07,0.99,-0.04,-0.63,0.17
-0.01,0.07,0.97,-0.03,-0.62,0.18
-0.01,0.06,0.95,-0.07,-0.61,0.19
-0.01,0.06,0.93,-0.06,-0.63,0.22
-0.0,0.05,0.93,-0.07,-0.64,0.22
0.01,0.04,0.93,-0.06,-0.65,0.23
0.01,0.04,0.93,-0.03,-0.68,0.23
0.02,0.04,0.92,-0.02,-0.72,0.22
0.03,0.03,0.92,0.01,-0.77,0.21
0.04,0.02,0.94,0.04,-0.8,0.18
0.04,0.02,0.96,0.04,-0.83,0.17
0.04,0.03,0.98,0.08,-0.89,0.16
0.04,0.03,1.01,0.12,-0.95,0.13
0.04,0.03,1.02,0.13,-0.96,0.09
0.04,0.03,1.05,0.13,-0.97,0.06
0.04,0.04,1.04,0.12,-0.95,0.04
0.03,0.05,1.03,0.09,-0.95,0.04
0.02,0.07,1.02,0.05,-0.94,0.07
0.01,0.08,1.03,-0.0,-0.91,0.11
-0.0,0.08,1.04,-0.03,-0.91,0.15
-0.01,0.07,1.05,-0.05,-0.92,0.18
-0.02,0.07,1.05,-0.05,-0.9,0.19
-0.02,0.07,1.05,-0.08,-0.88,0.19
-0.03,0.06,1.05,-0.08,-0.89,0.21
-0.03,0.06,1.05,-0.08,-0.89,0.2
-0.03,0.07,1.05,-0.07,-0.89,0.2
-0.04,0.07,1.04,-0.07,-0.87,0.2
-0.04,0.06,1.02,-0.06,-0.9,0.22
-0.04,0.05,1.03,-0.05,-0.91,0.23
-0.04,0.04,1.03,-0.02,-0.9,0.23
-0.03,0.04,1.03,-0.04,-0.89,0.21
-0.03,0.04,1.01,0.0,-0.91,0.23
-0.02,0.04,1.02,0.01,-0.93,0.23
-0.03,0.04,1.04,0.04,-0.94,0.22
-0.03,0.05,1.05,0.05,-0.96,0.22
-0.03,0.05,1.05,0.08,-0.98,0.2
-0.03,0.06,1.05,0.09,-0.97,0.21
-0.03,0.06,1.06,0.1,-0.97,0.21
-0.02,0.05,1.07,0.09,-0.96,0.22
-0.03,0.07,1.07,0.09,-0.95,0.23
-0.03,0.07,1.06,0.1,-0.95,0.23
-0.03,0.08,1.06,0.09,-0.95,0.25
-0.02,0.07,1.05,0.08,-0.92,0.26
-0.02,0.07,1.04,0.08,-0.93,0.28
-0.02,0.06,1.04,0.08,-0.92,0.28
-0.02,0.06,1.03,0.06,-0.92,0.29
-0.02,0.06,1.03,0.08,-0.93,0.29
-0.03,0.07,1.03,0.08,-0.94,0.32
-0.03,0.06,1.03,0.1,-0.95,0.31
-0.02,0.06,1.04,0.12,-0.96,0.32
-0.03,0.06,1.03,0.14,-0.95,0.32
-0.03,0.05,1.03,0.17,-0.97,0.34
-0.02,0.04,1.03,0.21,-1.0,0.34
-0.02,0.04,1.02,0.26,-1.01,0.32
-0.02,0.04,1.01,0.28,-1.03,0.33
0.01,0.03,1.01,0.3,-1.04,0.32
0.02,0.02,1.0,0.3,-1.04,0.31
0.03,0.02,0.99,0.3,-1.05,0.31
0.04,0.02,0.96,0.25,-1.03,0.32
0.04,0.02,0.96,0.23,-1.04,0.34
0.05,0.02,0.96,0.22,-1.05,0.35
0.06,0.01,0.96,0.19,-1.06,0.36
0.05,0.02,0.97,0.15,-1.07,0.37
0.05,0.02,0.99,0.11,-1.09,0.39
0.05,0.01,0.99,0.1,-1.1,0.39
0.04,0.02,1.0,0.09,-1.11,0.39
0.04,0.02,1.0,0.1,-1.13,0.39
0.03,0.02,1.01,0.1,-1.17,0.4
0.02,0.03,1.01,0.13,-1.19,0.39
0.0,0.03,1.02,0.16,-1.21,0.39
-0.01,0.03,1.03,0.19,-1.2,0.37
-0.01,0.01,1.04,0.21,-1.21,0.38
-0.01,0.03,1.05,0.25,-1.21,0.37
-0.0,0.04,1.06,0.27,-1.21,0.38
0.0,0.04,1.09,0.28,-1.18,0.41
0.02,0.04,1.11,0.29,-1.17,0.42
0.04,0.04,1.1,0.27,-1.11,0.42
0.07,0.04,1.07,0.22,-1.09,0.44
0.08,0.05,1.06,0.15,-1.07,0.45
0.06,0.06,1.07,0.09,-1.08,0.47
0.05,0.07,1.12,0.08,-1.1,0.45
0.04,0.08,1.15,0.05,-1.14,0.45
0.02,0.1,1.16,0.06,-1.14,0.43
0.01,0.1,1.17,0.07,-1.16,0.4
-0.0,0.1,1.18,0.12,-1.19,0.35
-0.01,0.11,1.17,0.11,-1.21,0.31
-0.02,0.13,1.16,0.14,-1.2,0.28
-0.01,0.13,1.16,0.15,-1.2,0.27
-0.0,0.12,1.14,0.15,-1.17,0.24
-0.01,0.12,1.13,0.11,-1.17,0.25
-0.02,0.13,1.12,0.06,-1.13,0.24
-0.03,0.15,1.11,0.03,-1.14,0.27
-0.05,0.15,1.12,0.02,-1.13,0.27
-0.07,0.15,1.13,0.02,-1.13,0.29
-0.08,0.15,1.15,-0.0,-1.13,0.31
-0.09,0.15,1.17,0.02,-1.09,0.29
-0.09,0.15,1.18,0.03,-1.06,0.28
-0.08,0.15,1.18,0.03,-1.02,0.27
-0.08,0.16,1.17,0.02,-0.97,0.26
-0.08,0.16,1.17,-0.0,-0.96,0.25
-0.1,0.18,1.18,0.03,-0.96,0.24
-0.1,0.18,1.19,0.05,-0.94,0.23
-0.09,0.17,1.18,0.06,-0.88,0.2
-0.08,0.18,1.16,0.06,-0.86,0.18
-0.09,0.18,1.14,0.08,-0.83,0.17
-0.07,0.16,1.12,0.06,-0.79,0.16
-0.07,0.16,1.1,0.06,-0.75,0.15
-0.07,0.16,1.08,0.04,-0.75,0.17
-0.07,0.16,1.07,0.04,-0.74,0.18
-0.07,0.15,1.06,0.02,-0.73,0.19
-0.07,0.14,1.07,-0.01,-0.71,0.19
-0.08,0.15,1.09,-0.02,-0.7,0.19
-0.07,0.15,1.1,0.01,-0.69,0.19
-0.07,0.14,1.09,0.01,-0.67,0.18
-0.06,0.14,1.08,-0.01,-0.65,0.18
-0.06,0.14,1.08,-0.0,-0.65,0.19
-0.06,0.13,1.08,-0.01,-0.62,0.19
-0.06,0.14,1.08,-0.02,-0.62,0.18
-0.06,0.13,1.08,-0.04,-0.6,0.16
-0.05,0.12,1.08,-0.03,-0.6,0.15
-0.06,0.11,1.06,-0.01,-0.59,0.11
-0.06,0.09,1.06,0.0,-0.61,0.11
-0.06,0.1,1.05,-0.0,-0.58,0.09
-0.05,0.1,1.05,0.02,-0.61,0.09
-0.05,0.11,1.06,0.04,-0.62,0.08
-0.04,0.11,1.07,0.02,-0.59,0.1
-0.04,0.11,1.06,0.03,-0.59,0.08
-0.04,0.11,1.05,0.0,-0.57,0.1
-0.03,0.11,1.04,0.03,-0.58,0.1
-0.03,0.11,1.05,0.02,-0.58,0.11
-0.02,0.11,1.04,-0.02,-0.54,0.1
-0.01,0.1,1.04,-0.04,-0.54,0.11
-0.01,0.1,1.05,-0.07,-0.54,0.11
-0.01,0.1,1.06,-0.08,-0.54,0.09
-0.01,0.11,1.07,-0.1,-0.54,0.09
-0.01,0.12,1.06,-0.11,-0.55,0.06
-0.02,0.12,1.07,-0.12,-0.53,0.04
-0.02,0.11,1.06,-0.14,-0.54,0.03
-0.03,0.12,1.06,-0.15,-0.52,0.02
-0.03,0.11,1.05,-0.16,-0.52,0.01
-0.04,0.11,1.04,-0.18,-0.52,-0.0
-0.06,0.12,1.04,-0.18,-0.53,-0.01
-0.07,0.12,1.02,-0.2,-0.51,0.0
-0.08,0.12,1.02,-0.2,-0.51,0.02
-0.09,0.12,1.03,-0.19,-0.51,0.02
-0.09,0.12,1.03,-0.19,-0.48,0.03
-0.08,0.12,1.03,-0.19,-0.46,0.03
-0.07,0.11,1.02,-0.18,-0.46,0.05
-0.07,0.11,1.02,-0.18,-0.46,0.05
-0.07,0.11,1.04,-0.17,-0.48,0.05
-0.06,0.12,1.06,-0.15,-0.48,0.04
-0.06,0.13,1.07,-0.15,-0.46,0.02
-0.07,0.12,1.08,-0.15,-0.45,0.01
-0.05,0.13,1.06,-0.14,-0.46,0.01
-0.07,0.14,1.06,-0.15,-0.44,-0.01
-0.07,0.14,1.06,-0.15,-0.45,-0.01
-0.08,0.14,1.07,-0.14,-0.42,-0.01
-0.07,0.14,1.06,-0.13,-0.42,-0.02
-0.07,0.13,1.06,-0.14,-0.4,-0.01
-0.08,0.13,1.05,-0.15,-0.4,0.01
-0.08,0.13,1.05,-0.16,-0.39,0.02
-0.09,0.14,1.05,-0.14,-0.4,0.05
-0.08,0.15,1.05,-0.13,-0.37,0.05
-0.08,0.15,1.07,-0.12,-0.36,0.07
-0.08,0.16,1.1,-0.11,-0.36,0.05
-0.07,0.16,1.11,-0.11,-0.33,0.06
-0.07,0.16,1.11,-0.1,-0.32,0.03
-0.06,0.17,1.11,-0.11,-0.29,0.02
-0.05,0.16,1.12,-0.11,-0.26,0.01
-0.04,0.16,1.11,-0.12,-0.25,-0.0
-0.03,0.15,1.1,-0.15,-0.2,-0.03
-0.02,0.14,1.09,-0.18,-0.19,-0.04
-0.02,0.12,1.07,-0.22,-0.18,-0.06
-0.03,0.13,1.07,-0.24,-0.18,-0.08
-0.03,0.12,1.06,-0.26,-0.18,-0.07
-0.04,0.12,1.05,-0.25,-0.19,-0.07
-0.05,0.11,1.07,-0.25,-0.18,-0.07
-0.05,0.11,1.06,-0.23,-0.2,-0.08
-0.05,0.11,1.06,-0.23,-0.19,-0.08
-0.05,0.11,1.06,-0.24,-0.18,-0.07
-0.06,0.12,1.05,-0.21,-0.18,-0.07
-0.07,0.12,1.05,-0.21,-0.18,-0.07
-0.07,0.12,1.05,-0.2,-0.17,-0.07
-0.08,0.12,1.04,-0.21,-0.16,-0.05
-0.09,0.12,1.04,-0.19,-0.17,-0.03
-0.09,0.11,1.05,-0.16,-0.15,-0.02
-0.09,0.1,1.06,-0.11,-0.15,-0.01
-0.07,0.1,1.09,-0.07,-0.17,-0.0
-0.06,0.09,1.11,-0.02,-0.17,-0.02
-0.04,0.08,1.12,0.02,-0.19,-0.03
-0.02,0.07,1.1,0.06,-0.18,-0.04
0.0,0.07,1.08,0.06,-0.2,-0.05
0.02,0.06,1.07,0.05,-0.21,-0.06
0.05,0.06,1.06,0.03,-0.24,-0.06
0.06,0.05,1.05,-0.02,-0.23,-0.07
0.07,0.06,1.05,-0.06,-0.24,-0.07
0.07,0.06,1.04,-0.13,-0.23,-0.08
0.06,0.06,1.03,-0.2,-0.24,-0.08
0.04,0.08,1.05,-0.27,-0.23,-0.09
0.02,0.09,1.06,-0.33,-0.23,-0.09
-0.02,0.12,1.09,-0.34,-0.24,-0.09
-0.05,0.15,1.1,-0.33,-0.25,-0.08
-0.07,0.16,1.12,-0.29,-0.22,-0.09
-0.08,0.18,1.15,-0.26,-0.22,-0.09
-0.08,0.19,1.16,-0.21,-0.24,-0.09
-0.09,0.2,1.16,-0.17,-0.23,-0.11
-0.1,0.22,1.16,-0.13,-0.21,-0.15
-0.09,0.23,1.16,-0.1,-0.19,-0.18
-0.09,0.23,1.16,-0.08,-0.17,-0.2
-0.08,0.21,1.15,-0.06,-0.13,-0.21
-0.07,0.22,1.11,-0.07,-0.08,-0.23
-0.07,0.2,1.08,-0.11,-0.03,-0.22
-0.07,0.19,1.06,-0.12,0.01,-0.21
-0.07,0.17,1.04,-0.16,0.03,-0.22
-0.08,0.16,1.04,-0.19,0.07,-0.21
-0.09,0.17,1.04,-0.17,0.07,-0.19
-0.1,0.18,1.04,-0.16,0.1,-0.16
-0.09,0.17,1.05,-0.09,0.08,-0.14
-0.08,0.14,1.05,-0.04,0.09,-0.12
-0.05,0.11,1.04,0.0,0.08,-0.11
-0.03,0.08,1.03,0.04,0.05,-0.12
-0.01,0.06,1.02,0.05,0.03,-0.14
0.0,0.04,1.02,0.07,0.0,-0.17
0.01,0.03,1.0,0.04,-0.01,-0.17
0.02,0.02,0.98,0.02,-0.04,-0.17
0.03,0.02,0.97,-0.03,-0.06,-0.16
0.03,0.02,0.96,-0.04,-0.09,-0.13
0.03,0.02,0.95,-0.07,-0.11,-0.1
0.02,0.02,0.96,-0.1,-0.14,-0.1
0.01,0.03,0.97,-0.12,-0.18,-0.09
-0.0,0.03,1.0,-0.12,-0.21,-0.1
-0.02,0.05,1.03,-0.13,-0.21,-0.11
-0.04,0.06,1.02,-0.12,-0.23,-0.12
-0.04,0.07,1.0,-0.09,-0.24,-0.11
-0.04,0.09,0.98,-0.08,-0.25,-0.1
-0.05,0.09,0.97,-0.07,-0.28,-0.08
-0.06,0.11,0.97,-0.05,-0.29,-0.07
-0.06,0.12,0.98,-0.04,-0.32,-0.06
-0.06,0.13,0.99,-0.02,-0.33,-0.06
-0.07,0.12,0.99,-0.03,-0.32,-0.06
-0.08,0.14,1.0,-0.04,-0.32,-0.04
-0.09,0.16,1.0,-0.02,-0.33,-0.05
-0.1,0.18,1.0,-0.02,-0.32,-0.04
-0.13,0.19,1.0,-0.03,-0.29,-0.04
-0.14,0.2,1.01,-0.01,-0.3,-0.04
-0.16,0.21,1.02,0.0,-0.29,-0.03
-0.17,0.22,1.03,0.04,-0.28,-0.04
-0.17,0.23,1.03,0.06,-0.25,-0.03
-0.19,0.22,1.04,0.09,-0.23,-0.03
-0.19,0.22,1.04,0.13,-0.21,-0.03
-0.19,0.21,1.05,0.15,-0.16,-0.04
-0.18,0.23,1.05,0.17,-0.13,-0.03
-0.18,0.24,1.06,0.18,-0.11,0.0
-0.16,0.23,1.06,0.21,-0.07,0.02
-0.16,0.23,1.07,0.22,-0.03,0.05
-0.16,0.22,1.07,0.25,-0.01,0.06
-0.14,0.21,1.06,0.26,0.01,0.09
-0.12,0.2,1.05,0.27,0.02,0.1
-0.11,0.21,1.05,0.29,0.04,0.08
-0.1,0.2,1.04,0.29,0.05,0.08
-0.09,0.19,1.04,0.29,0.05,0.08
-0.07,0.19,1.04,0.31,0.04,0.06
-0.06,0.2,1.04,0.3,0.05,0.04
-0.04,0.2,1.04,0.28,0.07,0.04
-0.03,0.2,1.05,0.28,0.06,0.03
-0.02,0.2,1.05,0.25,0.08,0.01
-0.02,0.2,1.04,0.25,0.06,-0.0
-0.02,0.2,1.05,0.19,0.07,-0.01
-0.02,0.2,1.04,0.18,0.06,-0.03
-0.04,0.21,1.04,0.16,0.05,-0.05
-0.04,0.21,1.05,0.16,0.06,-0.07
-0.06,0.2,1.05,0.13,0.09,-0.09
-0.06,0.2,1.03,0.11,0.08,-0.1
-0.07,0.21,1.02,0.1,0.08,-0.09
-0.08,0.21,1.01,0.09,0.08,-0.1
-0.1,0.22,1.01,0.08,0.06,-0.08
-0.11,0.23,1.01,0.06,0.07,-0.09
-0.11,0.23,1.01,0.04,0.06,-0.09
-0.12,0.23,1.02,0.0,0.06,-0.09
-0.13,0.25,1.03,-0.06,0.06,-0.1
-0.15,0.26,1.04,-0.09,0.04,-0.09
-0.18,0.28,1.07,-0.13,0.03,-0.09
-0.19,0.3,1.1,-0.15,0.03,-0.11
-0.22,0.32,1.14,-0.18,0.04,-0.12
-0.25,0.36,1.19,-0.2,0.04,-0.15
-0.28,0.39,1.24,-0.21,0.09,-0.18
-0.3,0.42,1.3,-0.18,0.13,-0.22
-0.31,0.44,1.35,-0.19,0.27,-0.25
-0.29,0.45,1.39,-0.21,0.38,-0.28
-0.26,0.45,1.43,-0.24,0.52,-0.33
-0.24,0.45,1.45,-0.34,0.72,-0.39
-0.2,0.43,1.48,-0.52,0.96,-0.45
-0.17,0.43,1.48,-0.7,1.2,-0.51
-0.12,0.41,1.45,-0.94,1.48,-0.56
-0.1,0.38,1.41,-1.21,1.73,-0.56
-0.11,0.37,1.37,-1.5,1.99,-0.58
-0.12,0.36,1.33,-1.77,2.17,-0.55
-0.16,0.38,1.29,-2.0,2.3,-0.51
-0.21,0.41,1.28,-2.17,2.44,-0.44
-0.27,0.42,1.27,-2.3,2.55,-0.36
-0.32,0.42,1.28,-2.37,2.63,-0.26
-0.36,0.41,1.34,-2.4,2.67,-0.18
-0.41,0.44,1.44,-2.35,2.68,-0.12
-0.45,0.49,1.54,-2.27,2.7,-0.07
-0.5,0.52,1.64,-2.1,2.71,-0.06
-0.52,0.5,1.74,-1.9,2.79,-0.06
-0.52,0.47,1.82,-1.68,2.87,-0.1
-0.51,0.45,1.87,-1.5,3.01,-0.16
-0.5,0.43,1.89,-1.29,3.12,-0.21
-0.47,0.41,1.9,-1.06,3.23,-0.25
-0.43,0.37,1.9,-0.87,3.38,-0.27
-0.37,0.32,1.89,-0.73,3.54,-0.29
-0.31,0.25,1.88,-0.62,3.65,-0.27
-0.25,0.21,1.86,-0.53,3.75,-0.25
-0.2,0.18,1.87,-0.5,3.87,-0.26
-0.15,0.14,1.88,-0.48,3.97,-0.25
-0.11,0.1,1.9,-0.46,4.06,-0.24
-0.07,0.05,1.91,-0.45,4.16,-0.25
-0.02,0.01,1.93,-0.46,4.28,-0.26
0.03,-0.04,1.94,-0.51,4.34,-0.27
0.07,-0.07,1.93,-0.56,4.34,-0.25
0.09,-0.1,1.93,-0.64,4.34,-0.24
0.1,-0.14,1.92,-0.72,4.34,-0.24
0.1,-0.16,1.95,-0.81,4.34,-0.21
0.1,-0.18,1.98,-0.85,4.34,-0.2
0.08,-0.22,2.0,-0.88,4.34,-0.18
0.06,-0.25,2.0,-0.87,4.34,-0.16
0.06,-0.28,2.0,-0.87,4.34,-0.15
0.06,-0.31,1.99,-0.82,4.34,-0.11
0.06,-0.34,1.98,-0.76,4.34,-0.07
0.07,-0.39,1.96,-0.7,4.34,-0.05
0.08,-0.42,1.93,-0.6,4.34,-0.0
0.11,-0.44,1.87,-0.51,4.34,0.04
0.16,-0.45,1.78,-0.43,4.34,0.09
0.22,-0.49,1.71,-0.44,4.34,0.14
0.27,-0.53,1.64,-0.48,4.34,0.17
0.31,-0.58,1.6,-0.57,4.34,0.23
0.38,-0.61,1.59,-0.63,4.34,0.24
0.45,-0.61,1.57,-0.7,4.34,0.23
0.5,-0.62,1.52,-0.81,4.34,0.21
0.5,-0.67,1.45,-0.92,4.34,0.19
0.49,-0.67,1.44,-1.02,4.34,0.16
0.45,-0.68,1.48,-1.09,4.34,0.13
0.4,-0.68,1.51,-1.11,4.34,0.09
0.34,-0.69,1.52,-1.03,4.34,0.06
0.26,-0.72,1.53,-0.92,4.34,0.02
0.18,-0.74,1.52,-0.78,4.34,-0.01
0.11,-0.75,1.51,-0.55,4.34,-0.02
0.06,-0.72,1.48,-0.28,4.34,0.02
0.07,-0.66,1.4,0.03,4.34,0.08
0.12,-0.64,1.3,0.29,4.34,0.16
0.16,-0.68,1.17,0.47,4.34,0.24
0.2,-0.74,1.06,0.61,4.34,0.28
0.26,-0.76,0.99,0.72,4.34,0.29
0.32,-0.73,0.91,0.78,4.34,0.28
0.38,-0.73,0.82,0.88,4.34,0.24
0.43,-0.71,0.69,0.9,4.34,0.19
0.46,-0.71,0.57,0.89,4.34,0.1
0.47,-0.68,0.46,0.84,4.34,0.01
0.46,-0.6,0.38,0.75,4.34,-0.08
0.44,-0.55,0.32,0.64,4.34,-0.15
0.39,-0.53,0.28,0.56,4.34,-0.21
0.34,-0.5,0.26,0.49,4.34,-0.26
0.3,-0.44,0.23,0.45,4.34,-0.29
0.26,-0.38,0.2,0.45,4.34,-0.27
0.22,-0.34,0.16,0.45,4.34,-0.25
0.18,-0.31,0.12,0.48,4.34,-0.21
0.16,-0.24,0.07,0.51,4.34,-0.16
0.14,-0.13,0.04,0.57,4.34,-0.07
0.13,-0.03,-0.0,0.63,4.34,0.02
0.12,0.03,-0.06,0.65,4.2,0.11
0.12,0.08,-0.11,0.66,4.04,0.18
0.13,0.1,-0.14,0.67,3.84,0.23
0.12,0.11,-0.15,0.7,3.63,0.24
0.1,0.1,-0.13,0.74,3.47,0.25
0.09,0.11,-0.1,0.85,3.29,0.22
0.09,0.12,-0.1,0.94,3.15,0.19
0.08,0.19,-0.09,1.1,3.0,0.15
0.06,0.28,-0.1,1.21,2.82,0.12
0.06,0.35,-0.12,1.26,2.65,0.09
0.04,0.38,-0.17,1.28,2.5,0.07
0.02,0.43,-0.2,1.28,2.37,0.03
0.0,0.51,-0.19,1.26,2.25,0.03
-0.0,0.61,-0.16,1.21,2.14,0.05
-0.0,0.66,-0.15,1.12,1.99,0.09
0.0,0.72,-0.15,1.03,1.83,0.13
-0.02,0.76,-0.15,0.9,1.66,0.17
-0.02,0.79,-0.12,0.75,1.53,0.19
-0.05,0.8,-0.09,0.59,1.37,0.23
-0.07,0.76,-0.05,0.45,1.22,0.25
-0.07,0.72,0.05,0.34,1.04,0.3
-0.06,0.67,0.14,0.28,0.91,0.33
-0.06,0.62,0.21,0.27,0.74,0.36
-0.06,0.56,0.26,0.32,0.56,0.36
-0.05,0.49,0.29,0.36,0.4,0.33
-0.04,0.42,0.35,0.44,0.26,0.26
-0.05,0.41,0.42,0.53,0.14,0.19
-0.04,0.41,0.47,0.66,0.02,0.13
-0.03,0.42,0.47,0.73,-0.07,0.06
-0.03,0.43,0.46,0.76,-0.12,0.0
-0.04,0.46,0.46,0.73,-0.18,-0.03
-0.06,0.48,0.5,0.67,-0.25,-0.05
-0.06,0.49,0.54,0.57,-0.29,-0.04
-0.06,0.49,0.58,0.46,-0.3,-0.03
-0.07,0.47,0.6,0.35,-0.35,-0.0
-0.07,0.44,0.63,0.23,-0.35,0.02
-0.07,0.41,0.65,0.09,-0.37,0.06
-0.08,0.36,0.7,-0.02,-0.34,0.07
-0.09,0.32,0.76,-0.1,-0.36,0.09
-0.09,0.27,0.8,-0.13,-0.36,0.11
-0.1,0.22,0.84,-0.13,-0.39,0.12
-0.1,0.19,0.88,-0.11,-0.38,0.09
-0.11,0.16,0.91,-0.08,-0.4,0.08
-0.11,0.15,0.94,-0.04,-0.44,0.05
-0.1,0.12,0.97,0.01,-0.47,0.03
-0.11,0.1,0.98,0.07,-0.48,0.0
-0.11,0.1,0.99,0.13,-0.46,-0.02
-0.11,0.11,1.01,0.17,-0.44,-0.04
-0.11,0.14,1.01,0.2,-0.43,-0.05
-0.1,0.15,1.01,0.19,-0.4,-0.05
-0.08,0.17,1.0,0.16,-0.37,-0.03
-0.06,0.18,0.99,0.13,-0.36,-0.01
-0.04,0.18,0.98,0.07,-0.35,0.0
-0.03,0.16,0.98,0.0,-0.31,-0.01
-0.02,0.15,0.98,-0.04,-0.29,-0.03
-0.02,0.13,0.99,-0.1,-0.25,-0.06
-0.03,0.13,0.99,-0.15,-0.21,-0.09
-0.05,0.13,1.0,-0.19,-0.16,-0.12
-0.08,0.14,1.02,-0.23,-0.12,-0.12
-0.1,0.14,1.02,-0.23,-0.11,-0.1
-0.12,0.12,1.03,-0.21,-0.1,-0.09
-0.14,0.1,1.05,-0.19,-0.08,-0.06
-0.14,0.09,1.05,-0.13,-0.06,-0.03
-0.15,0.1,1.06,-0.04,-0.06,-0.0
-0.14,0.1,1.06,0.05,-0.08,0.03
-0.13,0.11,1.06,0.11,-0.1,0.05
-0.11,0.12,1.04,0.17,-0.11,0.04
-0.08,0.12,1.01,0.24,-0.14,0.04
-0.07,0.13,1.0,0.29,-0.16,0.03
-0.06,0.13,0.99,0.29,-0.12,0.01
-0.05,0.14,0.98,0.28,-0.1,0.02
-0.04,0.16,0.99,0.31,-0.09,0.01
-0.04,0.19,0.97,0.28,-0.09,0.03
-0.03,0.21,0.96,0.26,-0.08,0.05
-0.03,0.22,0.94,0.21,-0.07,0.07
-0.02,0.21,0.93,0.16,-0.06,0.08
-0.02,0.21,0.93,0.12,-0.07,0.1
-0.02,0.2,0.93,0.09,-0.03,0.09
-0.02,0.19,0.94,0.06,-0.03,0.08
-0.01,0.18,0.95,0.06,-0.04,0.06
-0.02,0.18,0.94,0.08,-0.07,0.04
-0.02,0.17,0.94,0.09,-0.07,0.01
-0.03,0.17,0.94,0.07,-0.06,-0.01
-0.05,0.17,0.95,0.1,-0.07,-0.03
-0.06,0.19,0.95,0.12,-0.07,-0.03
-0.05,0.19,0.96,0.13,-0.09,-0.02
-0.05,0.2,0.95,0.12,-0.09,-0.02
-0.05,0.19,0.94,0.14,-0.11,-0.03
-0.07,0.18,0.94,0.14,-0.13,-0.04
-0.07,0.17,0.94,0.14,-0.11,-0.05
-0.08,0.19,0.95,0.13,-0.09,-0.03
-0.09,0.21,0.95,0.16,-0.09,-0.01
-0.08,0.22,0.94,0.16,-0.11,0.02
-0.08,0.22,0.92,0.14,-0.1,0.04
-0.08,0.21,0.92,0.13,-0.12,0.06
-0.08,0.2,0.92,0.13,-0.13,0.07
-0.07,0.18,0.93,0.14,-0.13,0.07
-0.08,0.18,0.94,0.14,-0.12,0.06
-0.07,0.18,0.94,0.16,-0.12,0.07
-0.07,0.17,0.94,0.19,-0.15,0.08
-0.06,0.17,0.94,0.21,-0.17,0.08
-0.04,0.17,0.95,0.24,-0.15,0.07
-0.03,0.17,0.94,0.22,-0.15,0.05
-0.0,0.19,0.94,0.23,-0.15,0.04
0.01,0.2,0.92,0.19,-0.15,0.03
0.01,0.19,0.92,0.16,-0.14,0.01
0.01,0.2,0.91,0.1,-0.1,-0.01
0.0,0.21,0.91,0.07,-0.09,-0.02
-0.01,0.22,0.92,0.04,-0.08,-0.02
-0.03,0.22,0.91,0.01,-0.06,-0.01
-0.05,0.24,0.92,-0.0,-0.06,-0.0
-0.05,0.24,0.92,-0.01,-0.1,0.01
-0.06,0.23,0.93,0.0,-0.13,0.01
-0.06,0.21,0.92,0.01,-0.16,0.01
-0.07,0.21,0.93,0.02,-0.17,0.0
-0.08,0.2,0.94,0.06,-0.2,0.0
-0.09,0.19,0.95,0.07,-0.24,0.02
-0.09,0.18,0.95,0.11,-0.24,0.04
-0.09,0.18,0.95,0.14,-0.26,0.05
-0.08,0.18,0.94,0.18,-0.28,0.08
-0.06,0.18,0.93,0.23,-0.29,0.07
-0.04,0.18,0.92,0.27,-0.29,0.08
-0.03,0.2,0.9,0.25,-0.28,0.08
-0.01,0.22,0.88,0.24,-0.29,0.1
0.01,0.24,0.86,0.22,-0.28,0.09
0.03,0.24,0.85,0.17,-0.29,0.09
0.05,0.25,0.83,0.1,-0.29,0.09
0.06,0.25,0.82,0.02,-0.29,0.07
0.05,0.24,0.81,-0.04,-0.29,0.03
0.05,0.25,0.82,-0.11,-0.28,0.02
0.04,0.25,0.84,-0.2,-0.26,0.01
0.02,0.26,0.84,-0.24,-0.28,0.03
-0.0,0.25,0.86,-0.25,-0.31,0.02
-0.02,0.25,0.87,-0.25,-0.33,0.03
-0.03,0.23,0.89,-0.25,-0.37,0.04
-0.04,0.21,0.9,-0.22,-0.4,0.04
-0.05,0.19,0.91,-0.18,-0.44,0.04
-0.04,0.17,0.91,-0.11,-0.46,0.03
-0.04,0.17,0.92,-0.06,-0.46,0.03
-0.03,0.18,0.91,0.0,-0.48,0.05
-0.03,0.21,0.89,0.05,-0.51,0.05
-0.03,0.22,0.89,0.07,-0.53,0.05
-0.04,0.22,0.87,0.07,-0.53,0.05
-0.05,0.22,0.87,0.07,-0.57,0.06
-0.05,0.21,0.87,0.09,-0.58,0.07
-0.06,0.22,0.89,0.11,-0.61,0.1
-0.07,0.22,0.9,0.15,-0.64,0.11
-0.08,0.19,0.9,0.2,-0.72,0.13
-0.1,0.15,0.91,0.26,-0.77,0.14
-0.1,0.14,0.92,0.33,-0.78,0.12
-0.1,0.15,0.94,0.39,-0.77,0.11
-0.09,0.18,0.92,0.44,-0.78,0.12
-0.07,0.2,0.88,0.46,-0.79,0.13
-0.04,0.22,0.86,0.43,-0.78,0.14
-0.01,0.23,0.85,0.37,-0.77,0.17
0.02,0.24,0.84,0.3,-0.73,0.19
0.03,0.22,0.83,0.22,-0.69,0.22
0.04,0.22,0.81,0.13,-0.63,0.22
0.04,0.23,0.82,0.02,-0.57,0.23
0.02,0.23,0.82,-0.03,-0.55,0.24
-0.0,0.25,0.82,-0.04,-0.54,0.24
-0.02,0.26,0.82,-0.03,-0.54,0.26
-0.04,0.27,0.82,-0.01,-0.56,0.29
-0.04,0.28,0.82,0.03,-0.62,0.31
-0.03,0.3,0.83,0.1,-0.7,0.32
0.0,0.32,0.83,0.11,-0.82,0.31
0.04,0.31,0.81,0.09,-0.93,0.29
0.08,0.27,0.8,0.06,-1.03,0.26
0.09,0.25,0.8,-0.03,-1.09,0.21
0.1,0.25,0.81,-0.12,-1.11,0.16
0.12,0.24,0.84,-0.25,-1.1,0.15
0.12,0.22,0.86,-0.38,-1.12,0.16
0.12,0.17,0.87,-0.48,-1.12,0.16
0.11,0.1,0.87,-0.58,-1.05,0.14
0.09,0.06,0.89,-0.66,-0.97,0.12
0.06,0.04,0.91,-0.7,-0.87,0.08
0.02,0.04,0.93,-0.68,-0.77,0.05
-0.02,0.07,0.92,-0.66,-0.68,0.05
-0.06,0.1,0.92,-0.63,-0.59,0.08
-0.08,0.13,0.91,-0.57,-0.58,0.14
-0.1,0.17,0.91,-0.49,-0.61,0.2
-0.11,0.19,0.9,-0.42,-0.65,0.25
-0.11,0.2,0.89,-0.34,-0.73,0.29
-0.1,0.18,0.88,-0.27,-0.81,0.31
-0.09,0.17,0.88,-0.19,-0.88,0.3
-0.07,0.17,0.89,-0.13,-0.95,0.3
-0.04,0.15,0.9,-0.07,-0.99,0.3
-0.01,0.13,0.9,-0.02,-1.04,0.31
0.02,0.11,0.89,-0.0,-1.05,0.31
0.04,0.1,0.88,0.01,-1.02,0.28
0.04,0.1,0.89,-0.03,-0.99,0.27
0.05,0.12,0.91,-0.05,-0.97,0.27
0.05,0.13,0.91,-0.08,-0.95,0.26
0.03,0.14,0.9,-0.15,-0.95,0.25
0.02,0.14,0.89,-0.2,-0.94,0.26
0.02,0.11,0.91,-0.27,-0.93,0.26
0.01,0.1,0.94,-0.31,-0.91,0.28
-0.0,0.09,0.94,-0.32,-0.87,0.27
-0.01,0.09,0.95,-0.34,-0.81,0.28
-0.04,0.1,0.93,-0.35,-0.79,0.29
-0.04,0.13,0.93,-0.34,-0.78,0.3
-0.06,0.13,0.93,-0.32,-0.79,0.33
-0.05,0.13,0.93,-0.33,-0.78,0.36
-0.05,0.12,0.92,-0.32,-0.79,0.39
-0.06,0.13,0.92,-0.26,-0.8,0.38
-0.06,0.12,0.92,-0.24,-0.8,0.4
-0.07,0.13,0.91,-0.17,-0.83,0.41
-0.06,0.14,0.9,-0.11,-0.86,0.41
-0.07,0.16,0.9,-0.04,-0.89,0.42
-0.06,0.18,0.89,0.02,-0.95,0.43
-0.04,0.2,0.89,0.04,-1.0,0.44
-0.01,0.2,0.88,0.06,-1.09,0.46
0.03,0.17,0.88,0.05,-1.16,0.44
0.07,0.14,0.88,-0.0,-1.2,0.41
0.08,0.11,0.9,-0.08,-1.19,0.36
0.09,0.11,0.92,-0.15,-1.18,0.3
0.09,0.1,0.96,-0.24,-1.16,0.27
0.08,0.1,0.97,-0.33,-1.14,0.25
0.05,0.07,0.99,-0.45,-1.1,0.24
0.02,0.05,1.01,-0.52,-1.06,0.25
-0.02,0.04,1.03,-0.55,-0.99,0.26
-0.06,0.04,1.04,-0.56,-0.92,0.29
-0.08,0.05,1.03,-0.55,-0.84,0.33
-0.1,0.07,1.01,-0.52,-0.79,0.38
-0.1,0.08,1.0,-0.45,-0.79,0.42
-0.1,0.07,0.99,-0.39,-0.78,0.45
-0.1,0.07,0.96,-0.28,-0.78,0.46
-0.1,0.08,0.94,-0.17,-0.79,0.46
-0.08,0.09,0.92,-0.06,-0.82,0.45
-0.04,0.1,0.92,0.03,-0.89,0.42
-0.02,0.12,0.91,0.08,-0.97,0.39
0.01,0.12,0.9,0.12,-1.06,0.37
0.03,0.1,0.9,0.16,-1.13,0.31
0.05,0.09,0.9,0.16,-1.15,0.24
0.04,0.09,0.9,0.13,-1.14,0.2
0.05,0.12,0.91,0.08,-1.15,0.17
0.04,0.13,0.92,0.01,-1.14,0.16
0.04,0.13,0.94,-0.07,-1.14,0.18
0.04,0.11,0.95,-0.17,-1.1,0.2
0.04,0.1,0.96,-0.25,-1.06,0.23
0.03,0.09,0.96,-0.31,-1.01,0.23
0.02,0.08,0.97,-0.36,-0.96,0.26
0.01,0.09,0.97,-0.41,-0.89,0.27
-0.02,0.09,0.97,-0.43,-0.86,0.29
-0.04,0.1,0.95,-0.41,-0.84,0.29
-0.05,0.1,0.94,-0.4,-0.81,0.32
-0.06,0.11,0.93,-0.36,-0.8,0.33
-0.06,0.11,0.91,-0.32,-0.82,0.35
-0.04,0.12,0.9,-0.25,-0.87,0.35
-0.03,0.12,0.9,-0.18,-0.94,0.35
-0.01,0.12,0.9,-0.12,-0.98,0.32
0.01,0.11,0.9,-0.06,-1.07,0.31
0.02,0.09,0.89,-0.02,-1.15,0.26
0.02,0.08,0.9,0.04,-1.2,0.21
0.03,0.08,0.91,0.04,-1.22,0.16
0.04,0.1,0.92,0.06,-1.27,0.15
0.05,0.11,0.94,0.02,-1.29,0.13
0.05,0.1,0.93,-0.02,-1.31,0.12
0.04,0.08,0.95,-0.1,-1.28,0.11
0.04,0.08,0.96,-0.18,-1.26,0.11
0.03,0.08,0.97,-0.24,-1.21,0.12
0.01,0.09,0.98,-0.3,-1.18,0.14
-0.01,0.09,0.99,-0.35,-1.12,0.18
-0.02,0.09,0.99,-0.4,-1.08,0.22
-0.02,0.09,0.98,-0.43,-1.05,0.26
-0.02,0.09,0.95,-0.46,-0.99,0.28
-0.02,0.1,0.93,-0.47,-0.95,0.3
-0.03,0.11,0.91,-0.48,-0.95,0.34
-0.03,0.11,0.89,-0.48,-0.96,0.36
-0.03,0.09,0.89,-0.48,-0.98,0.36
-0.03,0.1,0.91,-0.47,-1.01,0.35
-0.03,0.12,0.93,-0.44,-1.1,0.35
-0.02,0.09,0.95,-0.36,-1.21,0.33
-0.02,0.05,0.97,-0.28,-1.3,0.28
-0.02,0.02,1.0,-0.23,-1.36,0.23
-0.03,0.01,1.03,-0.15,-1.4,0.16
-0.03,0.03,1.06,-0.1,-1.41,0.11
-0.03,0.05,1.06,-0.07,-1.44,0.08
-0.04,0.05,1.05,-0.07,-1.42,0.05
-0.05,0.05,1.05,-0.09,-1.4,0.06
-0.06,0.06,1.05,-0.11,-1.36,0.08
-0.07,0.05,1.06,-0.13,-1.29,0.11
-0.08,0.07,1.05,-0.16,-1.19,0.15
-0.09,0.08,1.04,-0.2,-1.13,0.21
-0.11,0.1,1.03,-0.2,-1.09,0.26
-0.1,0.1,1.0,-0.18,-1.05,0.34
-0.09,0.11,0.95,-0.15,-1.02,0.38
-0.07,0.11,0.91,-0.17,-1.03,0.42
-0.06,0.11,0.92,-0.14,-1.06,0.43
-0.04,0.09,0.92,-0.11,-1.09,0.45
-0.01,0.06,0.93,-0.08,-1.1,0.44
0.02,0.06,0.92,-0.04,-1.16,0.42
0.03,0.07,0.93,0.01,-1.21,0.38
0.05,0.06,0.93,0.04,-1.29,0.32
0.06,0.05,0.95,0.06,-1.35,0.26
0.08,0.03,0.96,0.06,-1.42,0.18
0.08,0.01,0.99,0.04,-1.43,0.09
0.05,0.02,1.01,0.03,-1.45,0.04
0.03,0.05,1.02,-0.01,-1.41,0.01
0.01,0.08,1.03,-0.06,-1.39,0.03
-0.01,0.1,1.03,-0.09,-1.38,0.05
-0.03,0.11,1.04,-0.16,-1.38,0.09
-0.04,0.1,1.05,-0.21,-1.34,0.11
-0.06,0.08,1.07,-0.29,-1.32,0.16
-0.08,0.07,1.08,-0.32,-1.3,0.2
-0.09,0.07,1.08,-0.34,-1.23,0.23
-0.11,0.08,1.08,-0.31,-1.18,0.27
-0.11,0.07,1.07,-0.3,-1.16,0.33
-0.11,0.06,1.06,-0.25,-1.15,0.37
-0.1,0.05,1.05,-0.19,-1.14,0.39
-0.1,0.05,1.04,-0.12,-1.12,0.4
-0.07,0.03,1.04,-0.03,-1.12,0.4
-0.04,0.03,1.04,0.08,-1.13,0.36
-0.01,0.05,1.01,0.17,-1.18,0.32
0.02,0.06,0.99,0.22,-1.24,0.27
0.04,0.06,0.96,0.25,-1.32,0.22
0.04,0.05,0.96,0.25,-1.36,0.16
0.05,0.05,0.97,0.24,-1.39,0.13
0.04,0.07,0.99,0.19,-1.4,0.11
0.04,0.08,1.0,0.15,-1.39,0.12
0.03,0.08,1.0,0.1,-1.39,0.14
0.01,0.08,1.0,0.04,-1.38,0.17
0.0,0.08,1.0,-0.02,-1.33,0.18
-0.01,0.08,1.0,-0.1,-1.31,0.22
-0.02,0.09,1.0,-0.13,-1.28,0.23
-0.03,0.09,0.98,-0.16,-1.25,0.29
-0.04,0.09,0.95,-0.18,-1.24,0.32
-0.04,0.09,0.94,-0.21,-1.25,0.36
-0.04,0.07,0.96,-0.2,-1.27,0.39
-0.03,0.06,0.97,-0.17,-1.31,0.41
-0.01,0.05,1.0,-0.13,-1.31,0.4
0.0,0.03,1.01,-0.08,-1.33,0.37
0.01,0.03,1.01,-0.01,-1.38,0.33
0.02,0.05,1.0,0.03,-1.43,0.27
0.03,0.06,0.99,0.06,-1.48,0.24
0.03,0.08,0.98,0.06,-1.54,0.22
0.02,0.07,0.99,0.06,-1.57,0.21
0.01,0.06,1.02,0.03,-1.59,0.22
0.01,0.06,1.04,-0.02,-1.57,0.23
0.01,0.07,1.05,-0.05,-1.54,0.25
-0.0,0.07,1.06,-0.09,-1.51,0.27
-0.0,0.07,1.07,-0.11,-1.5,0.3
-0.0,0.07,1.08,-0.13,-1.46,0.31
0.0,0.07,1.1,-0.17,-1.41,0.33
-0.0,0.08,1.09,-0.2,-1.4,0.34
-0.0,0.07,1.09,-0.23,-1.38,0.34
-0.01,0.06,1.09,-0.24,-1.38,0.33
-0.02,0.06,1.11,-0.25,-1.39,0.34
-0.04,0.07,1.14,-0.24,-1.39,0.33
-0.06,0.06,1.14,-0.21,-1.39,0.31
-0.07,0.07,1.13,-0.15,-1.36,0.29
-0.08,0.08,1.1,-0.11,-1.34,0.29
-0.08,0.08,1.07,-0.05,-1.35,0.31
-0.07,0.07,1.06,0.02,-1.36,0.32
-0.06,0.07,1.08,0.07,-1.37,0.32
-0.04,0.08,1.09,0.13,-1.41,0.32
-0.03,0.09,1.08,0.18,-1.44,0.3
-0.01,0.08,1.07,0.22,-1.47,0.27
0.01,0.08,1.06,0.22,-1.48,0.24
0.03,0.08,1.04,0.17,-1.46,0.23
0.03,0.1,1.03,0.13,-1.47,0.23
0.03,0.1,1.03,0.07,-1.48,0.26
0.03,0.11,1.04,-0.01,-1.45,0.27
0.01,0.1,1.05,-0.09,-1.43,0.3
-0.01,0.11,1.06,-0.15,-1.43,0.32
-0.02,0.11,1.06,-0.21,-1.4,0.34
-0.04,0.11,1.07,-0.22,-1.38,0.37
-0.05,0.11,1.09,-0.25,-1.37,0.39
-0.05,0.1,1.15,-0.23,-1.39,0.39
-0.07,0.1,1.18,-0.17,-1.39,0.38
-0.08,0.11,1.19,-0.11,-1.35,0.34
-0.08,0.1,1.16,-0.05,-1.32,0.3
-0.08,0.09,1.12,0.02,-1.31,0.26
-0.07,0.1,1.09,0.07,-1.3,0.23
-0.07,0.12,1.05,0.1,-1.3,0.23
-0.06,0.13,1.03,0.14,-1.33,0.24
-0.04,0.14,1.0,0.14,-1.35,0.28
-0.02,0.13,0.99,0.14,-1.38,0.32
-0.01,0.11,0.99,0.11,-1.4,0.33
0.01,0.12,1.0,0.07,-1.42,0.36
0.04,0.1,1.01,0.02,-1.43,0.37
0.04,0.09,1.02,-0.02,-1.43,0.35
0.05,0.07,1.05,-0.08,-1.4,0.33
0.04,0.08,1.07,-0.16,-1.38,0.32
0.03,0.09,1.07,-0.2,-1.38,0.31
0.0,0.09,1.08,-0.26,-1.36,0.29
-0.01,0.11,1.09,-0.26,-1.37,0.28
-0.03,0.11,1.1,-0.27,-1.38,0.28
-0.05,0.12,1.11,-0.26,-1.4,0.26
-0.06,0.13,1.11,-0.22,-1.41,0.24
-0.07,0.13,1.1,-0.18,-1.41,0.21
-0.07,0.14,1.09,-0.18,-1.4,0.2
-0.07,0.13,1.09,-0.12,-1.41,0.2
-0.07,0.13,1.09,-0.11,-1.42,0.2
-0.05,0.14,1.08,-0.1,-1.4,0.2
-0.06,0.14,1.08,-0.1,-1.41,0.21
-0.05,0.14,1.08,-0.12,-1.39,0.21
-0.05,0.14,1.07,-0.11,-1.4,0.2
-0.04,0.13,1.06,-0.11,-1.39,0.2
-0.03,0.13,1.07,-0.14,-1.38,0.21
-0.04,0.12,1.06,-0.15,-1.4,0.21
-0.05,0.11,1.07,-0.14,-1.42,0.22
-0.05,0.11,1.07,-0.14,-1.42,0.19
-0.07,0.12,1.08,-0.13,-1.43,0.19
-0.08,0.11,1.08,-0.1,-1.46,0.18
-0.08,0.11,1.09,-0.09,-1.46,0.18
-0.08,0.11,1.09,-0.06,-1.49,0.17
-0.07,0.11,1.1,-0.05,-1.48,0.17
-0.06,0.11,1.1,-0.04,-1.51,0.18
-0.05,0.12,1.1,-0.04,-1.53,0.18
-0.05,0.12,1.1,-0.04,-1.51,0.2
-0.05,0.12,1.09,-0.08,-1.52,0.2
-0.05,0.12,1.11,-0.09,-1.53,0.21
-0.06,0.13,1.12,-0.11,-1.55,0.2
-0.07,0.14,1.12,-0.14,-1.55,0.21
-0.07,0.15,1.13,-0.14,-1.57,0.21
-0.09,0.15,1.14,-0.15,-1.57,0.21
-0.1,0.16,1.15,-0.15,-1.59,0.2
-0.12,0.18,1.15,-0.12,-1.58,0.18
-0.14,0.19,1.16,-0.13,-1.57,0.19
-0.14,0.19,1.17,-0.11,-1.56,0.18
-0.14,0.2,1.19,-0.09,-1.55,0.15
-0.15,0.22,1.21,-0.09,-1.56,0.15
-0.16,0.24,1.22,-0.09,-1.52,0.14
-0.17,0.27,1.23,-0.06,-1.51,0.14
-0.17,0.28,1.22,-0.03,-1.47,0.13
-0.16,0.28,1.21,0.0,-1.47,0.12
-0.18,0.29,1.2,0.01,-1.43,0.12
-0.18,0.31,1.18,0.01,-1.41,0.13
-0.18,0.33,1.18,0.03,-1.39,0.12
-0.19,0.33,1.17,0.04,-1.35,0.13
-0.19,0.33,1.16,0.01,-1.28,0.15
-0.2,0.33,1.15,0.01,-1.25,0.17
-0.21,0.34,1.16,0.03,-1.22,0.18
-0.22,0.35,1.17,0.03,-1.19,0.18
-0.23,0.37,1.19,0.05,-1.17,0.19
-0.22,0.38,1.2,0.07,-1.12,0.18
-0.22,0.39,1.2,0.11,-1.08,0.16
-0.21,0.37,1.2,0.13,-1.02,0.13
-0.2,0.35,1.2,0.11,-0.95,0.11
-0.19,0.35,1.19,0.12,-0.91,0.1
-0.18,0.35,1.17,0.11,-0.88,0.09
-0.19,0.35,1.14,0.1,-0.81,0.09
-0.19,0.35,1.13,0.09,-0.75,0.1
-0.19,0.32,1.12,0.08,-0.71,0.11
-0.19,0.31,1.12,0.05,-0.65,0.12
-0.2,0.3,1.1,0.06,-0.64,0.12
-0.2,0.31,1.1,0.03,-0.57,0.13
-0.2,0.31,1.09,0.04,-0.54,0.17
-0.2,0.32,1.09,0.06,-0.51,0.18
-0.19,0.32,1.11,0.08,-0.47,0.19
-0.17,0.32,1.12,0.09,-0.45,0.2
-0.17,0.31,1.13,0.13,-0.43,0.18
-0.16,0.31,1.13,0.16,-0.4,0.14
-0.15,0.29,1.12,0.19,-0.37,0.12
-0.14,0.28,1.1,0.21,-0.34,0.08
-0.13,0.27,1.08,0.22,-0.34,0.09
-0.12,0.26,1.07,0.24,-0.34,0.08
-0.11,0.26,1.06,0.25,-0.34,0.09
-0.11,0.25,1.06,0.24,-0.33,0.08
-0.1,0.24,1.05,0.24,-0.34,0.08
-0.08,0.23,1.04,0.24,-0.35,0.06
-0.06,0.22,1.05,0.22,-0.33,0.04
-0.05,0.21,1.06,0.16,-0.29,0.02
-0.03,0.2,1.05,0.11,-0.29,0.01
-0.03,0.2,1.06,0.04,-0.26,-0.01
-0.03,0.2,1.07,-0.02,-0.27,-0.03
-0.04,0.2,1.09,-0.08,-0.25,-0.03
-0.06,0.2,1.1,-0.12,-0.24,-0.06
-0.09,0.2,1.11,-0.15,-0.23,-0.09
-0.08,0.19,1.1,-0.16,-0.21,-0.12
-0.09,0.18,1.08,-0.19,-0.18,-0.14
-0.09,0.17,1.08,-0.2,-0.19,-0.14
-0.1,0.17,1.08,-0.21,-0.2,-0.14
-0.09,0.17,1.08,-0.2,-0.21,-0.15
-0.11,0.18,1.08,-0.22,-0.21,-0.14
-0.12,0.17,1.08,-0.22,-0.21,-0.12
-0.12,0.17,1.09,-0.22,-0.2,-0.13
-0.12,0.17,1.1,-0.24,-0.2,-0.12
-0.12,0.17,1.1,-0.26,-0.18,-0.11
-0.11,0.18,1.09,-0.25,-0.19,-0.1
-0.11,0.17,1.08,-0.25,-0.18,-0.09
-0.11,0.17,1.07,-0.26,-0.16,-0.1
-0.12,0.17,1.07,-0.28,-0.15,-0.1
-0.13,0.17,1.07,-0.28,-0.14,-0.11
-0.13,0.17,1.07,-0.28,-0.11,-0.12
-0.12,0.17,1.06,-0.27,-0.09,-0.12
-0.13,0.18,1.03,-0.28,-0.06,-0.12
-0.12,0.19,1.02,-0.26,-0.06,-0.09
-0.13,0.2,1.02,-0.22,-0.06,-0.09
-0.13,0.2,1.03,-0.19,-0.04,-0.08
-0.12,0.2,1.02,-0.18,0.0,-0.08
-0.11,0.21,1.01,-0.13,0.02,-0.07
-0.09,0.21,0.99,-0.12,0.02,-0.06
-0.08,0.21,0.99,-0.12,0.05,-0.03
-0.06,0.21,0.99,-0.09,0.06,-0.01
-0.05,0.2,1.0,-0.1,0.06,0.02
-0.04,0.2,1.0,-0.07,0.07,0.03
-0.03,0.19,1.02,-0.07,0.07,0.03
-0.03,0.19,1.03,-0.06,0.08,0.02
-0.02,0.2,1.04,-0.05,0.08,0.01
-0.02,0.2,1.06,-0.02,0.07,-0.01
-0.01,0.19,1.06,0.02,0.07,-0.03
-0.01,0.18,1.05,0.02,0.09,-0.06
0.0,0.17,1.04,0.04,0.08,-0.08
0.0,0.16,1.04,0.03,0.08,-0.1
-0.0,0.16,1.02,0.04,0.06,-0.11
-0.01,0.15,1.01,0.02,0.07,-0.12
-0.02,0.15,1.01,-0.01,0.07,-0.1
-0.03,0.17,1.02,-0.01,0.06,-0.09
-0.06,0.16,1.01,-0.03,0.06,-0.09
-0.08,0.18,1.02,-0.06,0.09,-0.07
-0.11,0.18,1.02,-0.04,0.08,-0.05
-0.13,0.19,1.03,-0.02,0.09,-0.03
-0.15,0.2,1.04,0.01,0.11,-0.03
-0.16,0.2,1.05,0.05,0.12,-0.02
-0.16,0.21,1.05,0.08,0.14,-0.01
-0.15,0.19,1.05,0.14,0.15,-0.0
-0.14,0.18,1.04,0.18,0.16,0.0
-0.13,0.19,1.05,0.18,0.19,0.02
-0.11,0.18,1.04,0.2,0.17,0.03
-0.11,0.18,1.05,0.25,0.15,0.04
-0.11,0.19,1.06,0.24,0.15,0.04
-0.11,0.19,1.04,0.23,0.16,0.01
-0.11,0.19,1.03,0.21,0.16,0.02
-0.11,0.21,1.04,0.19,0.15,0.0
-0.12,0.22,1.04,0.16,0.14,0.01
-0.13,0.24,1.04,0.13,0.16,0.01
-0.14,0.25,1.04,0.08,0.16,0.02
-0.16,0.27,1.04,0.06,0.17,0.02
-0.17,0.29,1.04,0.02,0.18,0.02
-0.18,0.31,1.05,-0.03,0.21,0.03
-0.19,0.32,1.06,-0.1,0.25,0.04
-0.2,0.34,1.09,-0.14,0.29,0.02
-0.19,0.36,1.1,-0.21,0.32,0.05
-0.19,0.39,1.11,-0.29,0.38,0.01
-0.19,0.41,1.13,-0.37,0.42,0.03
-0.18,0.42,1.15,-0.46,0.48,-0.01
-0.17,0.44,1.17,-0.56,0.53,-0.02
-0.15,0.47,1.2,-0.7,0.59,-0.06
-0.15,0.49,1.24,-0.85,0.62,-0.09
-0.17,0.54,1.27,-0.98,0.65,-0.12
-0.2,0.58,1.33,-1.09,0.72,-0.17
-0.24,0.6,1.4,-1.19,0.84,-0.22
-0.28,0.62,1.44,-1.26,0.96,-0.27
-0.32,0.63,1.48,-1.29,1.11,-0.33
-0.35,0.64,1.49,-1.31,1.26,-0.38
-0.39,0.66,1.5,-1.33,1.44,-0.41
-0.4,0.66,1.5,-1.29,1.59,-0.42
-0.42,0.65,1.5,-1.2,1.75,-0.43
-0.41,0.64,1.49,-1.14,1.9,-0.41
-0.4,0.63,1.5,-1.09,2.05,-0.39
-0.37,0.6,1.49,-1.04,2.15,-0.37
-0.33,0.57,1.5,-1.0,2.25,-0.36
-0.31,0.54,1.52,-1.02,2.35,-0.36
-0.28,0.52,1.53,-0.99,2.43,-0.36
-0.27,0.49,1.55,-1.01,2.52,-0.38
-0.27,0.49,1.59,-1.0,2.59,-0.39
-0.3,0.48,1.64,-0.99,2.63,-0.39
-0.32,0.47,1.68,-1.0,2.74,-0.4
-0.33,0.46,1.76,-0.95,2.83,-0.39
-0.34,0.46,1.81,-0.87,2.96,-0.39
-0.36,0.44,1.86,-0.8,3.11,-0.39
-0.37,0.43,1.92,-0.72,3.3,-0.38
-0.38,0.39,1.97,-0.62,3.48,-0.36
-0.37,0.36,2.0,-0.54,3.66,-0.35
-0.35,0.33,2.03,-0.44,3.83,-0.31
-0.32,0.29,2.06,-0.36,4.05,-0.28
-0.28,0.23,2.08,-0.28,4.22,-0.24
-0.24,0.17,2.09,-0.22,4.34,-0.23
-0.2,0.11,2.11,-0.17,4.34,-0.21
-0.15,0.05,2.11,-0.13,4.34,-0.2
-0.11,-0.0,2.1,-0.11,4.34,-0.18
-0.07,-0.05,2.1,-0.09,4.34,-0.18
-0.03,-0.12,2.1,-0.07,4.34,-0.17
-0.01,-0.18,2.12,-0.07,4.34,-0.2
-0.0,-0.23,2.11,-0.07,4.34,-0.21
-0.02,-0.26,2.08,-0.02,4.34,-0.23
-0.02,-0.3,2.02,0.04,4.34,-0.23
-0.0,-0.32,1.96,0.08,4.34,-0.22
0.04,-0.35,1.91,0.13,4.34,-0.17
0.08,-0.41,1.86,0.17,4.34,-0.14
0.13,-0.46,1.81,0.18,4.34,-0.09
0.18,-0.5,1.75,0.15,4.34,-0.08
0.21,-0.52,1.68,0.12,4.34,-0.06
0.23,-0.53,1.63,0.07,4.34,-0.04
0.26,-0.54,1.56,0.01,4.34,-0.02
0.26,-0.53,1.47,-0.07,4.34,0.01
0.28,-0.54,1.4,-0.18,4.34,0.07
0.32,-0.54,1.36,-0.24,4.34,0.11
0.34,-0.52,1.33,-0.32,4.34,0.18
0.35,-0.54,1.3,-0.4,4.34,0.21
0.34,-0.58,1.27,-0.47,4.34,0.23
0.31,-0.58,1.25,-0.48,4.34,0.22
0.3,-0.55,1.19,-0.49,4.34,0.21
0.29,-0.51,1.15,-0.48,4.34,0.24
0.3,-0.5,1.11,-0.5,4.34,0.29
0.3,-0.51,1.09,-0.47,4.34,0.32
0.31,-0.51,1.06,-0.45,4.34,0.37
0.32,-0.52,1.03,-0.43,4.34,0.39
0.32,-0.49,0.97,-0.43,4.34,0.41
0.34,-0.46,0.88,-0.46,4.34,0.43
0.36,-0.43,0.8,-0.53,4.34,0.46
0.36,-0.41,0.74,-0.6,4.34,0.49
0.36,-0.39,0.72,-0.7,4.34,0.54
0.35,-0.4,0.72,-0.75,4.34,0.55
0.36,-0.39,0.69,-0.82,4.34,0.57
0.36,-0.36,0.62,-0.87,4.34,0.56
0.37,-0.32,0.53,-0.95,4.34,0.58
0.38,-0.29,0.47,-1.05,4.34,0.57
0.37,-0.24,0.4,-1.18,4.34,0.56
0.37,-0.2,0.35,-1.33,4.34,0.56
0.36,-0.17,0.31,-1.5,4.34,0.56
0.33,-0.16,0.29,-1.65,4.34,0.57
0.27,-0.13,0.29,-1.77,4.34,0.6
0.23,-0.13,0.31,-1.87,4.34,0.63
0.17,-0.13,0.37,-1.9,4.34,0.65
0.11,-0.17,0.45,-1.83,4.32,0.67
0.06,-0.2,0.53,-1.67,4.16,0.71
0.03,-0.2,0.61,-1.42,4.05,0.74
0.01,-0.21,0.66,-1.14,3.92,0.79
-0.02,-0.23,0.68,-0.76,3.74,0.83
-0.03,-0.26,0.71,-0.37,3.55,0.88
-0.02,-0.29,0.73,0.07,3.39,0.89
-0.02,-0.3,0.73,0.52,3.24,0.9
-0.03,-0.29,0.69,0.98,3.17,0.89
-0.02,-0.24,0.62,1.44,3.07,0.89
-0.02,-0.16,0.5,1.79,2.99,0.88
-0.02,-0.08,0.38,2.06,2.9,0.9
0.01,-0.02,0.26,2.22,2.77,0.89
0.03,0.03,0.18,2.3,2.65,0.89
0.07,0.07,0.12,2.31,2.61,0.85
0.12,0.13,0.08,2.28,2.56,0.82
0.15,0.19,0.02,2.19,2.52,0.76
0.17,0.25,-0.03,2.04,2.49,0.69
0.18,0.32,-0.06,1.83,2.44,0.63
0.19,0.39,-0.08,1.57,2.4,0.55
0.18,0.45,-0.08,1.3,2.34,0.48
0.15,0.49,-0.05,1.03,2.27,0.43
0.12,0.53,-0.02,0.76,2.23,0.36
0.09,0.54,0.04,0.52,2.16,0.33
0.06,0.52,0.09,0.32,2.08,0.3
0.04,0.51,0.15,0.18,1.99,0.27
0.01,0.5,0.22,0.07,1.9,0.25
-0.02,0.49,0.26,-0.02,1.84,0.26
-0.04,0.47,0.3,-0.04,1.73,0.25
-0.06,0.46,0.32,-0.05,1.64,0.27
-0.1,0.46,0.36,-0.06,1.58,0.28
-0.11,0.46,0.39,-0.06,1.48,0.31
-0.11,0.45,0.43,-0.02,1.35,0.32
-0.1,0.42,0.45,0.01,1.22,0.33
-0.06,0.37,0.45,0.06,1.15,0.32
-0.04,0.32,0.47,0.1,1.1,0.3
-0.02,0.32,0.5,0.19,1.03,0.26
-0.03,0.32,0.51,0.24,0.98,0.22
-0.05,0.31,0.51,0.28,0.93,0.19
-0.06,0.3,0.54,0.33,0.88,0.14
-0.07,0.32,0.57,0.38,0.82,0.1
-0.08,0.32,0.6,0.47,0.75,0.08
-0.1,0.32,0.61,0.53,0.7,0.04
-0.12,0.33,0.61,0.55,0.68,0.03
-0.12,0.36,0.61,0.58,0.63,0.04
-0.12,0.38,0.6,0.56,0.58,0.03
-0.1,0.38,0.61,0.53,0.56,0.02
-0.09,0.38,0.63,0.49,0.52,0.02
-0.06,0.39,0.63,0.45,0.51,0.02
-0.06,0.4,0.64,0.38,0.52,-0.0
-0.06,0.42,0.63,0.3,0.53,-0.01
-0.08,0.44,0.64,0.18,0.55,-0.01
-0.1,0.46,0.65,0.11,0.53,0.0
-0.12,0.48,0.66,0.03,0.48,0.0
-0.14,0.5,0.68,-0.05,0.44,0.0
-0.15,0.51,0.7,-0.11,0.36,0.02
-0.17,0.52,0.7,-0.18,0.26,0.03
-0.18,0.53,0.72,-0.22,0.17,0.02
-0.19,0.52,0.73,-0.28,0.04,0.03
-0.17,0.49,0.75,-0.32,-0.06,0.02
-0.15,0.44,0.77,-0.35,-0.17,0.01
-0.12,0.39,0.79,-0.36,-0.26,0.01
-0.09,0.33,0.81,-0.35,-0.3,-0.03
-0.08,0.3,0.84,-0.36,-0.33,-0.05
-0.08,0.28,0.86,-0.33,-0.37,-0.08
-0.08,0.27,0.87,-0.31,-0.39,-0.11
-0.05,0.22,0.87,-0.3,-0.4,-0.14
-0.04,0.21,0.88,-0.3,-0.4,-0.15
-0.03,0.19,0.9,-0.28,-0.38,-0.18
-0.02,0.17,0.92,-0.29,-0.37,-0.19
-0.03,0.16,0.94,-0.27,-0.34,-0.23
-0.03,0.15,0.95,-0.26,-0.31,-0.25
-0.05,0.16,0.97,-0.25,-0.29,-0.27
-0.08,0.17,0.98,-0.22,-0.27,-0.3
-0.1,0.19,0.99,-0.22,-0.24,-0.3
-0.1,0.19,1.0,-0.24,-0.21,-0.28
-0.11,0.21,1.01,-0.26,-0.21,-0.23
-0.11,0.19,1.02,-0.26,-0.19,-0.2
-0.1,0.17,1.02,-0.3,-0.17,-0.16
-0.1,0.16,1.04,-0.29,-0.15,-0.13
-0.11,0.16,1.05,-0.29,-0.13,-0.1
-0.11,0.16,1.05,-0.25,-0.11,-0.09
-0.13,0.14,1.05,-0.23,-0.1,-0.07
-0.13,0.13,1.05,-0.21,-0.07,-0.05
-0.13,0.13,1.07,-0.14,-0.08,-0.01
-0.14,0.15,1.06,-0.08,-0.09,0.02
-0.13,0.16,1.06,-0.01,-0.09,0.04
-0.12,0.16,1.04,0.04,-0.12,0.06
-0.11,0.16,1.03,0.11,-0.13,0.07
-0.1,0.15,1.01,0.17,-0.14,0.07
-0.09,0.15,1.01,0.23,-0.14,0.05
-0.08,0.16,1.0,0.27,-0.12,0.04
-0.08,0.18,0.99,0.32,-0.12,0.06
-0.09,0.18,0.98,0.36,-0.11,0.06
-0.08,0.2,0.97,0.38,-0.09,0.07
-0.07,0.22,0.96,0.36,-0.06,0.09
-0.06,0.22,0.96,0.37,-0.05,0.1
-0.05,0.24,0.94,0.35,-0.02,0.1
-0.06,0.24,0.93,0.3,0.0,0.11
-0.08,0.26,0.93,0.23,0.04,0.12
-0.08,0.26,0.94,0.17,0.06,0.16
-0.08,0.27,0.94,0.15,0.06,0.19
-0.08,0.27,0.95,0.11,0.07,0.21
-0.06,0.26,0.94,0.07,0.06,0.23
-0.05,0.24,0.93,0.05,0.05,0.22
-0.04,0.22,0.93,0.06,0.03,0.19
-0.04,0.23,0.94,0.09,0.03,0.15
-0.05,0.23,0.94,0.09,0.02,0.14
-0.05,0.23,0.94,0.1,-0.02,0.13
-0.04,0.23,0.94,0.12,-0.04,0.12
-0.04,0.22,0.94,0.13,-0.04,0.08
-0.04,0.21,0.94,0.11,-0.03,0.06
-0.05,0.22,0.94,0.13,-0.05,0.05
-0.05,0.21,0.94,0.13,-0.05,0.04
-0.03,0.19,0.95,0.14,-0.02,0.03
-0.02,0.19,0.94,0.11,0.04,0.03
-0.03,0.19,0.93,0.1,0.07,0.05
-0.04,0.19,0.93,0.09,0.11,0.05
-0.05,0.21,0.94,0.06,0.13,0.08
-0.06,0.22,0.93,0.03,0.16,0.08
-0.06,0.22,0.94,0.01,0.16,0.1
-0.06,0.22,0.93,0.03,0.14,0.1
-0.05,0.2,0.92,0.03,0.15,0.08
-0.07,0.19,0.93,0.03,0.17,0.08
-0.07,0.19,0.94,0.03,0.16,0.08
-0.08,0.2,0.94,0.08,0.11,0.08
-0.08,0.18,0.94,0.13,0.09,0.05
-0.09,0.19,0.94,0.17,0.06,0.03
-0.11,0.18,0.95,0.24,0.0,0.01
-0.11,0.16,0.95,0.31,-0.06,-0.01
-0.12,0.14,0.96,0.41,-0.09,-0.04
-0.12,0.13,0.97,0.48,-0.1,-0.06
-0.12,0.13,0.97,0.56,-0.12,-0.05
-0.12,0.14,0.96,0.64,-0.14,-0.05
-0.12,0.16,0.97,0.69,-0.14,-0.04
-0.12,0.17,0.96,0.71,-0.13,-0.01
-0.11,0.18,0.95,0.72,-0.12,0.01
-0.1,0.2,0.93,0.72,-0.09,0.02
-0.1,0.21,0.92,0.69,-0.06,0.04
-0.09,0.23,0.92,0.66,-0.03,0.05
-0.08,0.25,0.91,0.62,-0.03,0.08
-0.07,0.26,0.9,0.57,-0.02,0.1
-0.07,0.28,0.89,0.5,-0.01,0.11
-0.06,0.3,0.88,0.4,0.01,0.11
-0.05,0.3,0.88,0.31,0.0,0.11
-0.04,0.31,0.87,0.23,-0.0,0.1
-0.04,0.31,0.86,0.16,0.0,0.07
-0.03,0.31,0.87,0.07,0.0,0.07
-0.01,0.31,0.87,0.0,-0.02,0.04
-0.0,0.29,0.87,-0.08,-0.02,0.03
0.0,0.27,0.88,-0.14,-0.01,-0.02
-0.0,0.26,0.88,-0.21,-0.0,-0.05
-0.02,0.24,0.9,-0.27,-0.01,-0.07
-0.03,0.23,0.92,-0.26,-0.01,-0.11
-0.04,0.21,0.93,-0.27,-0.02,-0.12
-0.05,0.2,0.95,-0.28,-0.0,-0.13
-0.06,0.19,0.97,-0.23,-0.03,-0.11
-0.07,0.18,0.96,-0.2,-0.04,-0.12
-0.07,0.19,0.97,-0.16,-0.06,-0.11
-0.07,0.18,0.97,-0.1,-0.08,-0.13
-0.07,0.17,0.97,-0.08,-0.1,-0.13
-0.08,0.18,0.95,-0.01,-0.12,-0.14
-0.1,0.19,0.95,0.02,-0.13,-0.15
-0.11,0.2,0.96,0.05,-0.13,-0.14
-0.1,0.22,0.95,0.05,-0.14,-0.11
-0.09,0.2,0.94,0.08,-0.16,-0.08
-0.09,0.19,0.95,0.09,-0.15,-0.07
-0.08,0.2,0.93,0.11,-0.15,-0.06
-0.1,0.2,0.94,0.12,-0.15,-0.05
-0.09,0.23,0.93,0.13,-0.16,-0.03
-0.07,0.21,0.92,0.14,-0.15,-0.02
-0.08,0.22,0.9,0.11,-0.12,-0.03
-0.08,0.23,0.89,0.09,-0.12,0.01
-0.08,0.24,0.9,0.08,-0.12,0.02
-0.07,0.25,0.89,0.05,-0.13,0.02
-0.06,0.25,0.88,0.02,-0.13,0.03
-0.07,0.24,0.88,-0.01,-0.13,0.04
-0.07,0.23,0.88,-0.0,-0.15,0.02
-0.07,0.23,0.88,-0.02,-0.15,0.01
-0.07,0.23,0.89,-0.01,-0.16,0.0
-0.08,0.23,0.88,-0.0,-0.19,0.01
-0.07,0.24,0.87,0.02,-0.21,0.0
-0.08,0.24,0.86,0.03,-0.23,0.01
-0.08,0.25,0.86,0.03,-0.26,-0.01
-0.07,0.26,0.86,0.02,-0.29,0.0
-0.08,0.25,0.85,0.04,-0.32,-0.0
-0.08,0.24,0.85,0.03,-0.34,-0.01
-0.07,0.24,0.85,0.02,-0.35,-0.0
-0.06,0.22,0.86,0.01,-0.38,-0.01
-0.05,0.21,0.86,0.03,-0.38,-0.01
-0.05,0.22,0.86,0.02,-0.38,-0.02
-0.06,0.21,0.86,0.0,-0.37,-0.02
-0.05,0.21,0.88,0.0,-0.38,-0.03
-0.05,0.2,0.89,0.02,-0.41,-0.03
-0.05,0.18,0.9,0.02,-0.46,-0.03
-0.05,0.15,0.91,0.02,-0.47,-0.05
-0.05,0.11,0.94,0.04,-0.5,-0.07
-0.06,0.09,0.95,0.1,-0.52,-0.1
-0.07,0.08,0.97,0.16,-0.51,-0.13
-0.09,0.09,0.97,0.22,-0.51,-0.15
-0.12,0.11,0.96,0.26,-0.49,-0.14
-0.15,0.13,0.96,0.31,-0.49,-0.13
-0.15,0.15,0.96,0.36,-0.48,-0.09
-0.15,0.18,0.96,0.38,-0.47,-0.04
-0.16,0.21,0.93,0.4,-0.48,0.03
-0.15,0.23,0.88,0.4,-0.47,0.06
-0.13,0.24,0.86,0.38,-0.48,0.09
-0.12,0.26,0.86,0.35,-0.48,0.12
-0.11,0.29,0.85,0.32,-0.49,0.15
-0.11,0.29,0.84,0.26,-0.5,0.17
-0.09,0.29,0.82,0.2,-0.53,0.19
-0.07,0.28,0.81,0.14,-0.52,0.19
-0.05,0.27,0.84,0.09,-0.55,0.2
-0.04,0.28,0.85,0.07,-0.58,0.18
-0.0,0.26,0.86,0.03,-0.62,0.16
0.01,0.23,0.85,-0.02,-0.63,0.12
0.01,0.21,0.85,-0.09,-0.63,0.07
0.01,0.21,0.87,-0.13,-0.64,0.01
0.01,0.21,0.89,-0.18,-0.63,-0.02
-0.01,0.21,0.9,-0.22,-0.63,-0.06
-0.02,0.19,0.91,-0.23,-0.63,-0.07
-0.03,0.2,0.92,-0.24,-0.63,-0.08
-0.04,0.2,0.93,-0.27,-0.61,-0.09
-0.06,0.2,0.92,-0.29,-0.58,-0.08
-0.09,0.2,0.92,-0.28,-0.56,-0.05
-0.1,0.21,0.93,-0.26,-0.56,-0.02
-0.1,0.22,0.94,-0.22,-0.59,0.02
-0.1,0.21,0.91,-0.19,-0.6,0.06
-0.1,0.19,0.89,-0.14,-0.64,0.07
-0.11,0.18,0.89,-0.06,-0.65,0.07
-0.11,0.19,0.9,0.01,-0.69,0.06
-0.1,0.21,0.89,0.09,-0.71,0.07
-0.09,0.21,0.87,0.15,-0.75,0.07
-0.07,0.23,0.85,0.2,-0.79,0.07
-0.05,0.23,0.83,0.22,-0.83,0.08
-0.03,0.23,0.81,0.19,-0.82,0.07
-0.02,0.23,0.8,0.2,-0.84,0.07
-0.02,0.24,0.8,0.18,-0.84,0.05
-0.01,0.25,0.8,0.15,-0.84,0.05
-0.01,0.28,0.78,0.12,-0.86,0.02
-0.02,0.28,0.77,0.04,-0.88,0.03
-0.03,0.28,0.77,-0.01,-0.91,0.01
-0.04,0.26,0.78,-0.08,-0.94,0.03
-0.06,0.25,0.8,-0.11,-0.93,0.03
-0.06,0.24,0.81,-0.15,-0.94,0.05
-0.05,0.25,0.82,-0.15,-0.97,0.07
-0.05,0.25,0.81,-0.17,-1.01,0.08
-0.04,0.22,0.82,-0.2,-1.06,0.08
-0.02,0.2,0.83,-0.23,-1.08,0.07
-0.01,0.2,0.84,-0.26,-1.1,0.06
-0.01,0.17,0.86,-0.28,-1.12,0.05
-0.01,0.17,0.87,-0.32,-1.12,0.03
-0.02,0.14,0.89,-0.33,-1.16,0.03
-0.01,0.11,0.93,-0.35,-1.19,0.01
-0.01,0.04,0.96,-0.34,-1.23,-0.01
-0.01,-0.02,0.99,-0.29,-1.2,-0.06
-0.02,-0.06,1.0,-0.22,-1.15,-0.11
-0.04,-0.04,1.01,-0.14,-1.09,-0.14
-0.07,0.01,1.0,-0.08,-1.01,-0.15
-0.08,0.07,0.98,-0.05,-0.95,-0.15
-0.08,0.12,0.94,-0.07,-0.91,-0.1
-0.1,0.15,0.91,-0.12,-0.88,-0.05
-0.11,0.18,0.88,-0.18,-0.86,-0.0
-0.12,0.21,0.87,-0.24,-0.83,0.05
-0.14,0.23,0.85,-0.31,-0.82,0.11
-0.13,0.23,0.83,-0.33,-0.85,0.17
-0.14,0.22,0.83,-0.33,-0.88,0.21
-0.13,0.2,0.83,-0.32,-0.91,0.25
-0.12,0.2,0.81,-0.28,-0.96,0.27
-0.12,0.19,0.82,-0.23,-1.0,0.27
-0.09,0.17,0.82,-0.14,-1.06,0.26
-0.04,0.15,0.84,-0.07,-1.13,0.25
-0.0,0.15,0.84,-0.01,-1.2,0.21
0.02,0.13,0.83,0.07,-1.28,0.17
0.03,0.12,0.83,0.11,-1.34,0.11
0.04,0.11,0.83,0.13,-1.34,0.03
0.04,0.12,0.84,0.11,-1.35,-0.02
0.04,0.13,0.85,0.1,-1.36,-0.04
0.03,0.14,0.86,0.03,-1.34,-0.03
0.01,0.15,0.87,0.03,-1.31,-0.02
-0.0,0.17,0.87,-0.04,-1.28,0.02
-0.0,0.2,0.88,-0.09,-1.27,0.06
0.01,0.21,0.87,-0.15,-1.28,0.1
0.02,0.2,0.84,-0.23,-1.24,0.11
0.03,0.19,0.82,-0.34,-1.23,0.13
0.02,0.17,0.82,-0.43,-1.23,0.13
0.0,0.15,0.85,-0.48,-1.23,0.14
-0.0,0.14,0.87,-0.51,-1.24,0.16
-0.0,0.12,0.89,-0.47,-1.24,0.15
0.0,0.09,0.91,-0.43,-1.27,0.14
-0.0,0.07,0.91,-0.36,-1.34,0.12
-0.01,0.05,0.92,-0.27,-1.35,0.06
-0.01,0.05,0.93,-0.19,-1.38,0.01
-0.02,0.1,0.97,-0.1,-1.44,-0.03
-0.01,0.1,0.97,-0.02,-1.52,-0.06
0.01,0.09,0.96,-0.0,-1.57,-0.09
0.02,0.07,0.93,-0.04,-1.59,-0.11
0.01,0.07,0.93,-0.07,-1.59,-0.12
0.01,0.09,0.95,-0.14,-1.55,-0.12
-0.01,0.11,0.96,-0.19,-1.51,-0.08
-0.02,0.12,0.96,-0.24,-1.47,-0.03
-0.03,0.12,0.95,-0.29,-1.43,0.02
-0.03,0.1,0.94,-0.34,-1.39,0.08
-0.03,0.1,0.94,-0.38,-1.35,0.13
-0.02,0.09,0.95,-0.42,-1.33,0.16
0.01,0.07,0.98,-0.39,-1.35,0.18
0.02,0.05,0.99,-0.35,-1.38,0.16
0.02,0.02,0.98,-0.31,-1.39,0.11
0.01,0.01,0.98,-0.26,-1.39,0.05
-0.02,0.04,0.96,-0.21,-1.37,0.0
-0.05,0.08,0.98,-0.16,-1.39,-0.02
-0.06,0.1,0.99,-0.11,-1.42,-0.0
-0.06,0.08,1.0,-0.07,-1.45,0.03
-0.05,0.06,1.01,-0.01,-1.49,0.05
-0.06,0.06,1.01,0.05,-1.5,0.06
-0.06,0.06,0.99,0.09,-1.47,0.05
-0.07,0.09,0.96,0.11,-1.44,0.06
-0.07,0.12,0.93,0.13,-1.44,0.07
-0.05,0.14,0.92,0.11,-1.45,0.1
-0.03,0.13,0.93,0.09,-1.47,0.14
-0.01,0.11,0.94,0.06,-1.48,0.17
0.02,0.09,0.94,0.04,-1.48,0.18
0.04,0.07,0.95,0.02,-1.48,0.18
0.05,0.06,0.96,-0.02,-1.46,0.15
0.05,0.07,0.97,-0.06,-1.44,0.11
0.04,0.09,0.96,-0.09,-1.43,0.09
0.01,0.09,0.94,-0.12,-1.44,0.08
0.0,0.11,0.94,-0.14,-1.42,0.09
-0.01,0.12,0.94,-0.17,-1.45,0.1
-0.03,0.11,0.95,-0.2,-1.44,0.13
-0.05,0.12,0.94,-0.21,-1.46,0.16
-0.04,0.11,0.94,-0.22,-1.46,0.18
-0.02,0.09,0.98,-0.24,-1.45,0.19
-0.01,0.08,1.01,-0.21,-1.48,0.19
-0.0,0.06,1.03,-0.17,-1.52,0.18
0.01,0.05,1.04,-0.14,-1.51,0.14
-0.01,0.05,1.05,-0.13,-1.48,0.1
-0.01,0.05,1.02,-0.08,-1.48,0.09
-0.04,0.06,1.03,-0.07,-1.45,0.08
-0.04,0.07,1.02,-0.03,-1.43,0.11
-0.04,0.1,0.99,-0.02,-1.41,0.14
-0.02,0.09,1.01,-0.02,-1.43,0.16
-0.04,0.09,1.0,0.01,-1.45,0.17
-0.02,0.07,0.98,0.04,-1.43,0.17
-0.02,0.07,0.98,0.05,-1.41,0.16
-0.01,0.08,0.96,0.07,-1.44,0.15
-0.0,0.1,0.96,0.07,-1.49,0.14
0.0,0.08,0.97,0.05,-1.5,0.13
0.0,0.08,0.99,0.05,-1.51,0.12
0.01,0.08,1.01,0.02,-1.52,0.12
0.01,0.1,1.05,0.02,-1.55,0.11
0.01,0.09,1.09,0.03,-1.55,0.1
0.02,0.08,1.11,0.01,-1.54,0.09
0.02,0.05,1.13,-0.0,-1.52,0.08
0.02,0.04,1.13,0.0,-1.5,0.06
0.01,0.07,1.14,0.01,-1.44,0.03
-0.0,0.09,1.12,-0.0,-1.38,0.02
-0.02,0.11,1.1,0.01,-1.37,0.01
-0.03,0.13,1.05,-0.02,-1.34,0.04
-0.05,0.13,1.01,-0.0,-1.33,0.05
-0.06,0.14,0.98,-0.03,-1.32,0.08
-0.05,0.14,0.96,-0.02,-1.32,0.12
-0.04,0.13,0.96,-0.01,-1.35,0.15
-0.04,0.13,0.95,-0.01,-1.35,0.16
-0.04,0.13,0.93,-0.02,-1.34,0.16
-0.03,0.13,0.93,-0.0,-1.37,0.17
-0.02,0.14,0.95,-0.0,-1.42,0.18
-0.0,0.12,0.98,-0.02,-1.45,0.18
0.02,0.06,1.05,-0.03,-1.5,0.16
0.05,0.01,1.13,-0.0,-1.5,0.12
0.05,0.01,1.18,0.04,-1.48,0.06
0.01,0.03,1.18,0.09,-1.44,-0.02
-0.02,0.07,1.13,0.12,-1.4,-0.06
-0.05,0.1,1.08,0.15,-1.4,-0.08
-0.05,0.11,1.07,0.16,-1.4,-0.06
-0.07,0.13,1.05,0.16,-1.38,-0.05
-0.07,0.15,1.04,0.13,-1.35,0.01
-0.06,0.16,1.03,0.13,-1.36,0.06
-0.05,0.15,1.03,0.12,-1.35,0.09
-0.05,0.13,1.03,0.11,-1.36,0.12
-0.05,0.12,1.02,0.08,-1.35,0.13
-0.05,0.13,1.02,0.06,-1.36,0.14
-0.04,0.12,1.0,0.05,-1.36,0.14
-0.05,0.12,1.01,0.04,-1.35,0.16
-0.05,0.12,1.01,0.01,-1.33,0.2
-0.05,0.12,1.0,0.02,-1.32,0.22
-0.05,0.12,1.0,0.01,-1.31,0.24
-0.04,0.09,1.01,0.02,-1.31,0.26
-0.02,0.09,1.06,0.05,-1.34,0.24
-0.02,0.1,1.08,0.08,-1.37,0.21
-0.01,0.1,1.07,0.14,-1.38,0.16
-0.01,0.11,1.05,0.18,-1.39,0.1
-0.01,0.12,1.04,0.14,-1.39,0.07
-0.0,0.14,1.04,0.14,-1.42,0.06
-0.01,0.15,1.05,0.09,-1.44,0.07
-0.01,0.16,1.08,0.04,-1.43,0.08
-0.02,0.15,1.11,-0.02,-1.37,0.09
-0.03,0.15,1.13,-0.07,-1.36,0.11
-0.04,0.14,1.14,-0.12,-1.3,0.13
-0.06,0.16,1.13,-0.11,-1.26,0.14
-0.06,0.16,1.12,-0.14,-1.21,0.17
-0.07,0.16,1.11,-0.14,-1.19,0.19
-0.08,0.15,1.1,-0.12,-1.19,0.21
-0.08,0.14,1.09,-0.08,-1.17,0.2
-0.08,0.13,1.06,-0.07,-1.15,0.19
-0.08,0.13,1.02,-0.04,-1.14,0.2
-0.07,0.12,1.0,-0.01,-1.16,0.2
-0.06,0.12,0.98,0.02,-1.16,0.21
-0.06,0.12,0.97,0.05,-1.19,0.21
-0.05,0.12,0.96,0.09,-1.21,0.23
-0.04,0.13,0.96,0.12,-1.26,0.23
-0.02,0.11,0.96,0.16,-1.28,0.22
-0.0,0.1,0.97,0.15,-1.31,0.21
0.01,0.1,0.99,0.14,-1.34,0.2
0.02,0.1,1.02,0.16,-1.37,0.17
0.04,0.09,1.05,0.16,-1.36,0.14
0.04,0.09,1.08,0.13,-1.34,0.11
0.03,0.09,1.11,0.13,-1.37,0.08
0.02,0.11,1.13,0.13,-1.35,0.04
0.01,0.13,1.15,0.14,-1.36,0.01
0.01,0.12,1.16,0.11,-1.32,-0.01
-0.0,0.13,1.15,0.09,-1.3,-0.02
-0.02,0.15,1.14,0.05,-1.27,-0.02
-0.03,0.15,1.13,0.01,-1.23,-0.01
-0.05,0.17,1.13,-0.03,-1.18,0.02
-0.06,0.17,1.12,-0.05,-1.16,0.07
-0.08,0.17,1.11,-0.05,-1.14,0.1
-0.09,0.17,1.1,-0.07,-1.12,0.13
-0.07,0.15,1.09,-0.05,-1.1,0.14
-0.08,0.14,1.08,-0.05,-1.09,0.15
-0.08,0.14,1.06,-0.02,-1.1,0.15
-0.07,0.14,1.03,0.0,-1.09,0.17
-0.06,0.13,1.01,0.01,-1.07,0.17
-0.07,0.12,1.0,0.02,-1.09,0.19
-0.05,0.11,0.99,0.04,-1.1,0.2
-0.04,0.11,0.99,0.06,-1.13,0.21
-0.03,0.1,0.98,0.09,-1.14,0.2
-0.02,0.1,0.97,0.1,-1.17,0.2
-0.01,0.08,0.98,0.12,-1.19,0.18
-0.0,0.08,0.99,0.14,-1.22,0.15
0.01,0.09,1.01,0.12,-1.21,0.13
0.02,0.09,1.04,0.14,-1.25,0.13
0.03,0.11,1.07,0.17,-1.27,0.1
0.03,0.12,1.09,0.15,-1.29,0.06
0.03,0.12,1.1,0.1,-1.28,0.04
0.02,0.13,1.12,0.04,-1.25,0.02
0.0,0.15,1.12,0.02,-1.24,-0.01
-0.02,0.16,1.13,-0.03,-1.21,-0.0
-0.04,0.17,1.13,-0.07,-1.18,0.01
-0.06,0.18,1.13,-0.11,-1.14,0.04
-0.07,0.18,1.11,-0.11,-1.12,0.07
-0.07,0.18,1.1,-0.12,-1.1,0.06
-0.09,0.17,1.1,-0.13,-1.08,0.09
-0.09,0.17,1.09,-0.15,-1.07,0.1
-0.1,0.16,1.09,-0.13,-1.08,0.11
-0.09,0.15,1.09,-0.12,-1.07,0.1
-0.09,0.15,1.07,-0.12,-1.03,0.11
-0.09,0.14,1.05,-0.08,-1.05,0.12
-0.09,0.13,1.05,-0.09,-1.04,0.12
-0.07,0.12,1.04,-0.06,-1.05,0.13
-0.08,0.12,1.03,-0.05,-1.05,0.13
-0.08,0.12,1.03,-0.04,-1.06,0.13
-0.07,0.11,1.02,0.0,-1.07,0.13
-0.06,0.1,1.0,0.01,-1.08,0.12
-0.05,0.1,0.99,-0.0,-1.06,0.13
-0.04,0.1,0.99,0.01,-1.08,0.14
-0.03,0.1,0.99,0.02,-1.09,0.14
-0.03,0.11,1.0,0.02,-1.11,0.14
-0.02,0.12,1.01,0.01,-1.12,0.14
-0.02,0.1,1.04,0.0,-1.14,0.13
-0.02,0.1,1.08,0.01,-1.14,0.1
-0.03,0.11,1.11,0.02,-1.16,0.1
-0.02,0.13,1.11,0.01,-1.14,0.08
-0.03,0.14,1.1,0.01,-1.14,0.06
-0.04,0.14,1.08,0.04,-1.13,0.04
-0.04,0.14,1.07,0.04,-1.14,0.03
-0.04,0.16,1.06,0.02,-1.14,0.02
-0.05,0.16,1.07,0.03,-1.14,0.02
-0.05,0.15,1.06,0.03,-1.14,0.02
-0.05,0.15,1.05,0.03,-1.15,0.03
-0.05,0.15,1.06,-0.0,-1.12,0.05
-0.05,0.15,1.06,-0.03,-1.13,0.07
-0.06,0.14,1.05,-0.03,-1.13,0.06
-0.06,0.14,1.05,-0.04,-1.13,0.07
-0.07,0.14,1.05,-0.05,-1.11,0.08
-0.07,0.14,1.05,-0.07,-1.1,0.09
-0.07,0.13,1.04,-0.06,-1.09,0.08
-0.06,0.12,1.04,-0.09,-1.09,0.1
-0.07,0.13,1.04,-0.09,-1.11,0.09
-0.07,0.13,1.04,-0.09,-1.11,0.11
-0.08,0.13,1.05,-0.1,-1.13,0.11
-0.09,0.13,1.07,-0.07,-1.13,0.11
-0.09,0.13,1.07,-0.07,-1.12,0.11
-0.09,0.13,1.06,-0.06,-1.12,0.11
-0.09,0.13,1.05,-0.03,-1.13,0.11
-0.09,0.13,1.05,-0.02,-1.12,0.11
-0.09,0.14,1.05,-0.02,-1.11,0.12
-0.09,0.15,1.05,0.0,-1.13,0.14
-0.09,0.15,1.05,0.02,-1.12,0.15
-0.09,0.14,1.05,0.01,-1.11,0.17
-0.08,0.14,1.05,-0.0,-1.1,0.17
-0.08,0.14,1.05,0.0,-1.11,0.18
-0.08,0.15,1.06,0.0,-1.1,0.18
-0.08,0.16,1.07,0.0,-1.11,0.19
-0.07,0.15,1.07,-0.02,-1.08,0.2
-0.06,0.16,1.07,-0.04,-1.09,0.21
-0.09,0.17,1.11,-0.02,-1.1,0.2
-0.09,0.19,1.11,-0.03,-1.12,0.2
-0.1,0.2,1.11,-0.01,-1.11,0.19
-0.1,0.2,1.11,-0.01,-1.1,0.17
-0.1,0.2,1.11,0.03,-1.08,0.13
-0.11,0.2,1.1,0.04,-1.09,0.14
-0.11,0.2,1.1,0.05,-1.06,0.13
-0.1,0.21,1.09,0.04,-1.06,0.13
-0.1,0.21,1.08,0.06,-1.06,0.13
-0.12,0.22,1.08,0.06,-1.07,0.15
-0.11,0.22,1.09,0.07,-1.03,0.14
-0.11,0.21,1.1,0.07,-1.01,0.15
-0.09,0.2,1.09,0.06,-0.99,0.15
-0.07,0.19,1.08,0.03,-0.99,0.15
-0.08,0.19,1.07,-0.01,-0.95,0.15
-0.07,0.21,1.07,-0.05,-0.96,0.16
-0.07,0.2,1.09,-0.06,-0.95,0.15
-0.09,0.2,1.1,-0.07,-0.96,0.13
-0.1,0.19,1.1,-0.08,-0.96,0.11
-0.1,0.2,1.09,-0.1,-0.94,0.09
-0.11,0.2,1.08,-0.08,-0.94,0.07
-0.11,0.21,1.07,-0.09,-0.94,0.08
-0.12,0.22,1.08,-0.09,-0.94,0.07
-0.13,0.23,1.08,-0.08,-0.94,0.09
-0.14,0.23,1.09,-0.05,-0.94,0.1
-0.14,0.24,1.09,-0.01,-0.94,0.11
-0.14,0.23,1.08,0.0,-0.91,0.1
-0.13,0.23,1.09,-0.01,-0.89,0.11
-0.13,0.21,1.1,-0.0,-0.86,0.11
-0.13,0.21,1.09,0.0,-0.83,0.12
-0.12,0.21,1.07,-0.02,-0.78,0.12
-0.12,0.2,1.05,-0.03,-0.78,0.15
-0.13,0.2,1.06,-0.02,-0.75,0.16
-0.14,0.2,1.06,-0.01,-0.74,0.18
-0.14,0.21,1.06,0.01,-0.73,0.19
-0.15,0.2,1.07,0.02,-0.73,0.21
-0.15,0.21,1.08,0.07,-0.73,0.22
-0.14,0.21,1.1,0.12,-0.73,0.22
-0.14,0.2,1.1,0.15,-0.69,0.2
-0.13,0.21,1.11,0.18,-0.68,0.19
-0.12,0.23,1.11,0.22,-0.67,0.17
-0.12,0.23,1.1,0.26,-0.66,0.15
-0.1,0.23,1.09,0.27,-0.62,0.15
-0.07,0.21,1.09,0.25,-0.59,0.13
-0.06,0.21,1.08,0.25,-0.57,0.12
-0.05,0.2,1.07,0.2,-0.57,0.13
-0.04,0.2,1.06,0.16,-0.53,0.12
-0.04,0.21,1.06,0.09,-0.51,0.13
-0.05,0.21,1.06,0.07,-0.51,0.13
-0.06,0.21,1.06,0.03,-0.5,0.13
-0.08,0.22,1.07,-0.0,-0.47,0.12
-0.11,0.23,1.08,-0.03,-0.46,0.13
-0.12,0.24,1.08,-0.03,-0.44,0.12
-0.13,0.23,1.08,-0.03,-0.42,0.12
-0.15,0.25,1.08,-0.03,-0.38,0.11
-0.15,0.26,1.09,0.0,-0.35,0.13
-0.13,0.24,1.08,0.04,-0.33,0.11
-0.13,0.23,1.08,0.04,-0.32,0.11
-0.11,0.24,1.09,0.04,-0.3,0.1
-0.11,0.24,1.09,0.03,-0.27,0.09
-0.1,0.22,1.09,0.03,-0.26,0.07
-0.09,0.22,1.09,0.0,-0.23,0.06
-0.09,0.22,1.08,-0.02,-0.22,0.05
-0.09,0.2,1.07,-0.05,-0.19,0.04
-0.1,0.19,1.05,-0.06,-0.17,0.04
-0.11,0.19,1.04,-0.06,-0.17,0.04
-0.12,0.18,1.03,-0.08,-0.14,0.05
-0.12,0.19,1.01,-0.08,-0.13,0.07
-0.12,0.18,1.02,-0.03,-0.15,0.11
-0.12,0.18,1.03,-0.0,-0.15,0.13
-0.1,0.18,1.05,0.02,-0.11,0.14
-0.08,0.17,1.07,0.03,-0.12,0.14
-0.07,0.17,1.06,0.05,-0.11,0.12
-0.05,0.17,1.06,0.06,-0.12,0.11
-0.04,0.18,1.06,0.04,-0.11,0.1
-0.02,0.17,1.06,0.03,-0.11,0.09
-0.02,0.17,1.06,0.03,-0.1,0.07
-0.01,0.16,1.06,0.0,-0.11,0.08
-0.01,0.15,1.04,-0.02,-0.09,0.06
-0.03,0.16,1.02,-0.04,-0.1,0.06
-0.03,0.17,1.01,-0.04,-0.12,0.06
-0.05,0.17,1.01,-0.04,-0.13,0.07
-0.06,0.17,1.02,-0.05,-0.14,0.07
-0.07,0.18,1.03,-0.04,-0.13,0.07
-0.08,0.2,1.05,-0.01,-0.14,0.07
-0.08,0.2,1.07,0.02,-0.13,0.07
-0.08,0.2,1.07,0.03,-0.1,0.07
-0.08,0.2,1.07,0.05,-0.09,0.07
-0.07,0.19,1.06,0.07,-0.08,0.06
-0.06,0.19,1.05,0.08,-0.07,0.06
-0.05,0.18,1.05,0.08,-0.07,0.05
-0.05,0.19,1.04,0.06,-0.07,0.07
-0.04,0.18,1.04,0.06,-0.06,0.05
-0.04,0.19,1.05,0.04,-0.07,0.06
-0.03,0.19,1.05,0.02,-0.04,0.06
-0.04,0.19,1.06,-0.0,-0.03,0.06
-0.05,0.19,1.06,-0.0,-0.02,0.06
-0.07,0.19,1.05,0.0,-0.01,0.04
-0.06,0.21,1.04,-0.0,-0.0,0.03
-0.07,0.22,1.04,-0.01,0.01,0.04
-0.07,0.23,1.04,0.03,0.01,0.06
-0.07,0.23,1.05,0.04,0.02,0.05
-0.07,0.21,1.07,0.04,0.04,0.03
-0.07,0.21,1.08,0.04,0.05,0.02
-0.06,0.21,1.07,0.05,0.05,0.0
-0.06,0.22,1.05,0.07,0.05,-0.0
-0.06,0.22,1.03,0.06,0.06,-0.01
-0.07,0.23,1.04,0.06,0.06,0.0
-0.06,0.23,1.04,0.08,0.05,-0.01
-0.07,0.23,1.06,0.08,0.04,-0.01
-0.07,0.23,1.07,0.07,0.07,-0.02
-0.07,0.24,1.07,0.06,0.08,-0.02
-0.08,0.25,1.07,0.04,0.11,-0.04
-0.09,0.26,1.07,0.04,0.12,-0.05
-0.09,0.27,1.07,0.01,0.15,-0.05
-0.1,0.28,1.08,-0.01,0.18,-0.04
-0.11,0.3,1.09,-0.02,0.18,-0.05
-0.12,0.31,1.09,-0.03,0.21,-0.05
-0.12,0.32,1.09,-0.05,0.25,-0.06
-0.13,0.33,1.1,-0.11,0.3,-0.06
-0.14,0.34,1.12,-0.13,0.32,-0.07
-0.15,0.36,1.13,-0.15,0.34,-0.09
-0.16,0.38,1.14,-0.2,0.38,-0.1
-0.16,0.4,1.15,-0.25,0.42,-0.12
-0.17,0.42,1.16,-0.31,0.44,-0.13
-0.17,0.44,1.17,-0.37,0.45,-0.14
-0.18,0.46,1.19,-0.44,0.48,-0.16
-0.19,0.48,1.21,-0.56,0.5,-0.18
-0.24,0.52,1.24,-0.64,0.49,-0.2
-0.29,0.58,1.28,-0.72,0.48,-0.26
-0.36,0.65,1.34,-0.77,0.52,-0.33
-0.39,0.68,1.36,-0.82,0.59,-0.37
-0.44,0.72,1.39,-0.84,0.69,-0.43
-0.48,0.75,1.42,-0.84,0.81,-0.45
-0.53,0.79,1.45,-0.83,0.97,-0.48
-0.57,0.86,1.46,-0.81,1.09,-0.48
-0.6,0.91,1.48,-0.77,1.25,-0.46
-0.61,0.89,1.56,-0.67,1.46,-0.44
-0.59,0.86,1.6,-0.63,1.7,-0.45
-0.55,0.83,1.65,-0.6,1.96,-0.46
-0.51,0.8,1.67,-0.6,2.21,-0.48
-0.47,0.77,1.68,-0.61,2.44,-0.5
-0.45,0.75,1.69,-0.67,2.64,-0.5
-0.42,0.72,1.71,-0.71,2.82,-0.52
-0.41,0.7,1.71,-0.73,2.98,-0.52
-0.38,0.66,1.73,-0.73,3.12,-0.53
-0.35,0.61,1.76,-0.73,3.24,-0.53
-0.33,0.57,1.81,-0.75,3.38,-0.55
-0.32,0.53,1.86,-0.74,3.47,-0.55
-0.31,0.48,1.89,-0.72,3.59,-0.58
-0.29,0.44,1.92,-0.71,3.75,-0.62
-0.26,0.39,1.93,-0.73,3.9,-0.63
-0.24,0.35,1.95,-0.78,4.05,-0.64
-0.23,0.31,1.98,-0.81,4.15,-0.65
-0.23,0.26,2.02,-0.85,4.29,-0.63
-0.23,0.22,2.06,-0.91,4.34,-0.59
-0.23,0.19,2.12,-0.9,4.34,-0.52
-0.22,0.15,2.17,-0.86,4.34,-0.47
-0.22,0.1,2.18,-0.8,4.34,-0.42
-0.23,0.05,2.18,-0.7,4.34,-0.35
-0.22,-0.0,2.18,-0.59,4.34,-0.28
-0.2,-0.06,2.18,-0.42,4.34,-0.24
-0.16,-0.12,2.15,-0.28,4.34,-0.19
-0.13,-0.2,2.13,-0.12,4.34,-0.18
-0.09,-0.28,2.1,0.06,4.34,-0.15
-0.06,-0.33,2.06,0.23,4.34,-0.16
-0.02,-0.38,2.03,0.38,4.34,-0.17
0.02,-0.44,1.98,0.52,4.34,-0.19
0.07,-0.5,1.93,0.63,4.34,-0.23
0.11,-0.55,1.87,0.73,4.34,-0.27
0.15,-0.59,1.78,0.79,4.34,-0.29
0.17,-0.6,1.7,0.82,4.34,-0.27
0.21,-0.61,1.61,0.86,4.34,-0.25
0.24,-0.61,1.53,0.86,4.34,-0.2
0.27,-0.61,1.44,0.84,4.34,-0.16
0.29,-0.61,1.37,0.8,4.34,-0.11
0.34,-0.63,1.31,0.77,4.34,-0.08
0.39,-0.65,1.26,0.74,4.34,-0.08
0.43,-0.66,1.22,0.68,4.34,-0.1
0.49,-0.66,1.2,0.58,4.34,-0.14
0.5,-0.67,1.2,0.49,4.34,-0.19
0.5,-0.66,1.17,0.41,4.34,-0.25
0.48,-0.64,1.14,0.33,4.34,-0.29
0.45,-0.62,1.09,0.23,4.34,-0.31
0.43,-0.58,1.07,0.16,4.34,-0.31
0.42,-0.56,1.05,0.08,4.34,-0.27
0.39,-0.59,1.04,0.0,4.34,-0.26
0.36,-0.62,1.04,-0.06,4.34,-0.23
0.32,-0.61,1.02,-0.08,4.34,-0.22
0.29,-0.58,0.99,-0.04,4.34,-0.2
0.26,-0.54,0.95,0.02,4.34,-0.18
0.23,-0.55,0.91,0.06,4.34,-0.15
0.2,-0.55,0.9,0.14,4.34,-0.12
0.17,-0.55,0.89,0.25,4.34,-0.09
0.16,-0.54,0.85,0.41,4.34,-0.07
0.17,-0.54,0.81,0.55,4.34,-0.05
0.2,-0.53,0.74,0.69,4.34,-0.06
0.22,-0.49,0.66,0.81,4.34,-0.09
0.26,-0.44,0.59,0.87,4.34,-0.13
0.3,-0.4,0.51,0.84,4.34,-0.19
0.32,-0.39,0.45,0.78,4.34,-0.25
0.32,-0.36,0.41,0.7,4.34,-0.29
0.32,-0.28,0.38,0.57,4.34,-0.31
0.33,-0.2,0.34,0.45,4.34,-0.3
0.33,-0.17,0.29,0.27,4.34,-0.27
0.32,-0.17,0.26,0.1,4.28,-0.27
0.29,-0.16,0.26,-0.06,4.24,-0.27
0.23,-0.14,0.28,-0.19,4.23,-0.29
0.18,-0.12,0.31,-0.24,4.18,-0.27
0.13,-0.13,0.33,-0.26,4.13,-0.26
0.08,-0.13,0.33,-0.23,4.1,-0.25
0.06,-0.12,0.35,-0.17,4.05,-0.19
0.06,-0.11,0.36,-0.09,3.96,-0.16
0.05,-0.11,0.35,0.01,3.91,-0.11
0.02,-0.09,0.34,0.16,3.85,-0.1
0.02,-0.03,0.34,0.29,3.76,-0.08
0.04,0.02,0.32,0.4,3.63,-0.05
0.04,0.0,0.26,0.5,3.51,-0.06
0.03,-0.0,0.23,0.57,3.43,-0.08
0.03,0.04,0.24,0.65,3.36,-0.07
0.04,0.05,0.24,0.75,3.27,-0.05
0.04,0.05,0.23,0.86,3.2,-0.06
0.02,0.09,0.23,0.99,3.1,-0.06
0.02,0.17,0.22,1.11,3.01,-0.09
0.04,0.22,0.19,1.2,2.9,-0.11
0.07,0.26,0.13,1.25,2.78,-0.17
0.07,0.3,0.08,1.23,2.68,-0.2
0.05,0.34,0.08,1.17,2.64,-0.24
0.05,0.42,0.1,1.11,2.56,-0.24
0.03,0.47,0.11,1.06,2.49,-0.23
0.02,0.51,0.1,0.97,2.41,-0.23
-0.0,0.54,0.1,0.87,2.32,-0.23
-0.03,0.57,0.11,0.76,2.23,-0.22
-0.07,0.57,0.14,0.68,2.12,-0.22
-0.1,0.6,0.17,0.61,2.05,-0.21
-0.13,0.61,0.2,0.55,1.95,-0.19
-0.14,0.61,0.21,0.5,1.82,-0.14
-0.18,0.6,0.24,0.5,1.69,-0.12
-0.19,0.61,0.27,0.5,1.54,-0.08
-0.2,0.61,0.3,0.53,1.42,-0.04
-0.19,0.61,0.33,0.56,1.25,-0.01
-0.17,0.62,0.35,0.6,1.11,0.02
-0.14,0.64,0.36,0.63,0.97,0.05
-0.11,0.65,0.36,0.64,0.84,0.05
-0.1,0.65,0.37,0.61,0.68,0.06
-0.07,0.62,0.39,0.61,0.55,0.03
-0.05,0.59,0.41,0.58,0.44,-0.02
-0.04,0.58,0.43,0.53,0.36,-0.07
-0.06,0.58,0.47,0.47,0.29,-0.11
-0.09,0.58,0.5,0.44,0.21,-0.15
-0.12,0.58,0.54,0.37,0.13,-0.15
-0.15,0.57,0.58,0.3,0.05,-0.13
-0.17,0.54,0.62,0.27,-0.03,-0.11
-0.18,0.51,0.64,0.23,-0.09,-0.08
-0.18,0.48,0.67,0.19,-0.15,-0.04
-0.17,0.44,0.71,0.15,-0.19,0.01
-0.15,0.42,0.74,0.11,-0.23,0.07
-0.12,0.39,0.77,0.11,-0.28,0.09
-0.08,0.36,0.78,0.07,-0.33,0.11
-0.05,0.33,0.78,0.01,-0.31,0.12
-0.03,0.29,0.81,-0.04,-0.34,0.12
-0.02,0.27,0.82,-0.1,-0.34,0.09
-0.02,0.24,0.84,-0.14,-0.33,0.08
-0.04,0.22,0.86,-0.18,-0.3,0.05
-0.07,0.22,0.88,-0.2,-0.28,0.04
-0.1,0.23,0.91,-0.2,-0.27,0.03
-0.13,0.23,0.94,-0.2,-0.29,0.05
-0.15,0.23,0.95,-0.22,-0.27,0.07
-0.14,0.23,0.97,-0.22,-0.3,0.11
-0.16,0.23,0.97,-0.19,-0.31,0.15
-0.16,0.22,0.98,-0.18,-0.33,0.18
-0.14,0.22,0.98,-0.17,-0.33,0.22
-0.12,0.2,0.98,-0.15,-0.35,0.23
-0.09,0.19,0.98,-0.14,-0.34,0.23
-0.07,0.19,1.0,-0.13,-0.37,0.25
-0.03,0.19,0.99,-0.13,-0.37,0.23
-0.02,0.18,0.99,-0.13,-0.38,0.2
0.01,0.17,0.98,-0.13,-0.38,0.16
0.01,0.17,0.98,-0.15,-0.36,0.1
-0.0,0.18,0.99,-0.18,-0.31,0.06
-0.01,0.19,1.02,-0.2,-0.29,0.04
-0.01,0.19,1.02,-0.22,-0.27,0.03
-0.02,0.18,1.01,-0.26,-0.23,0.03
-0.02,0.17,1.02,-0.29,-0.17,0.03
-0.02,0.16,1.01,-0.31,-0.12,0.05
-0.03,0.14,1.01,-0.34,-0.06,0.05
-0.05,0.14,1.02,-0.32,0.01,0.05
-0.08,0.16,1.04,-0.32,0.05,0.05
-0.09,0.18,1.05,-0.31,0.05,0.09
-0.09,0.16,1.06,-0.25,0.03,0.11
-0.09,0.14,1.05,-0.19,-0.0,0.13
-0.08,0.12,1.04,-0.13,-0.0,0.11
-0.08,0.11,1.04,-0.04,-0.01,0.1
-0.08,0.13,1.04,0.04,0.0,0.08
-0.06,0.14,1.04,0.11,-0.02,0.08
-0.05,0.15,1.02,0.13,-0.01,0.07
-0.05,0.15,1.0,0.17,0.0,0.07
-0.05,0.15,0.99,0.19,0.01,0.07
-0.05,0.17,1.0,0.22,0.01,0.09
-0.05,0.17,0.99,0.24,0.05,0.1
-0.05,0.18,0.98,0.24,0.06,0.12
-0.06,0.19,0.96,0.23,0.07,0.12
-0.06,0.19,0.96,0.24,0.08,0.12
-0.06,0.21,0.95,0.24,0.09,0.11
-0.05,0.21,0.95,0.24,0.09,0.12
-0.05,0.22,0.95,0.24,0.07,0.12
-0.05,0.23,0.94,0.22,0.05,0.12
-0.05,0.22,0.92,0.2,0.08,0.11
-0.05,0.23,0.92,0.17,0.07,0.11
-0.05,0.24,0.93,0.15,0.06,0.1
-0.06,0.25,0.92,0.12,0.05,0.1
-0.08,0.24,0.91,0.09,0.06,0.1
-0.08,0.25,0.92,0.07,0.04,0.11
-0.09,0.25,0.92,0.05,0.05,0.13
-0.07,0.23,0.92,0.05,0.02,0.14
-0.08,0.23,0.91,0.02,0.03,0.13
-0.06,0.21,0.91,0.02,0.01,0.14
-0.06,0.2,0.9,0.04,-0.01,0.12
-0.07,0.19,0.91,0.04,-0.01,0.1
-0.06,0.19,0.9,0.07,0.01,0.06
-0.07,0.2,0.91,0.06,0.02,0.06
-0.08,0.21,0.92,0.08,-0.01,0.07
-0.07,0.22,0.92,0.06,0.0,0.07
-0.07,0.21,0.92,0.1,-0.02,0.09
-0.07,0.2,0.92,0.08,-0.02,0.1
-0.06,0.19,0.91,0.1,-0.03,0.09
-0.06,0.18,0.92,0.11,-0.04,0.09
-0.06,0.19,0.92,0.11,-0.03,0.06
-0.06,0.2,0.92,0.1,-0.02,0.07
-0.07,0.21,0.92,0.1,-0.04,0.07
-0.05,0.21,0.91,0.09,-0.06,0.08
-0.04,0.2,0.92,0.06,-0.06,0.07
-0.04,0.2,0.92,0.05,-0.08,0.06
-0.04,0.21,0.91,0.03,-0.06,0.04
-0.04,0.22,0.91,0.01,-0.07,0.01
-0.04,0.22,0.93,-0.02,-0.07,-0.0
-0.04,0.22,0.93,-0.07,-0.08,-0.0
-0.04,0.2,0.92,-0.11,-0.08,-0.01
-0.05,0.19,0.92,-0.13,-0.08,-0.01
-0.06,0.19,0.93,-0.15,-0.04,-0.02
-0.07,0.2,0.94,-0.19,-0.03,-0.0
-0.08,0.2,0.93,-0.15,-0.05,0.0
-0.09,0.2,0.91,-0.16,-0.06,0.02
-0.1,0.18,0.9,-0.14,-0.07,0.0
-0.11,0.18,0.91,-0.15,-0.05,0.01
-0.11,0.19,0.91,-0.11,-0.08,0.02
-0.12,0.2,0.91,-0.07,-0.1,0.03
-0.11,0.2,0.9,-0.04,-0.09,0.04
-0.12,0.2,0.89,-0.01,-0.11,0.06
-0.11,0.21,0.89,0.03,-0.12,0.07
-0.1,0.23,0.88,0.08,-0.13,0.07
-0.09,0.26,0.87,0.07,-0.12,0.1
-0.08,0.29,0.82,0.08,-0.14,0.11
-0.05,0.33,0.8,0.03,-0.13,0.12
-0.04,0.39,0.8,-0.02,-0.14,0.14
-0.03,0.43,0.79,-0.12,-0.15,0.15
-0.01,0.43,0.76,-0.26,-0.17,0.16
-0.01,0.43,0.77,-0.36,-0.22,0.17
-0.01,0.41,0.79,-0.47,-0.25,0.16
-0.0,0.39,0.79,-0.57,-0.27,0.13
-0.0,0.37,0.81,-0.68,-0.3,0.12
0.0,0.33,0.82,-0.74,-0.35,0.1
-0.01,0.28,0.84,-0.78,-0.36,0.07
-0.02,0.23,0.85,-0.81,-0.39,0.05
-0.04,0.2,0.88,-0.82,-0.38,0.02
-0.05,0.16,0.9,-0.78,-0.42,0.01
-0.06,0.14,0.93,-0.73,-0.43,-0.01
-0.09,0.13,0.95,-0.68,-0.44,-0.01
-0.1,0.11,0.97,-0.63,-0.44,-0.01
-0.11,0.11,0.98,-0.56,-0.46,0.01
-0.12,0.11,0.97,-0.47,-0.49,0.02
-0.11,0.12,0.99,-0.42,-0.49,0.02
-0.11,0.12,1.01,-0.36,-0.54,0.05
-0.1,0.12,1.01,-0.3,-0.54,0.06
-0.1,0.11,1.0,-0.24,-0.56,0.07
-0.09,0.09,0.99,-0.19,-0.55,0.07
-0.08,0.09,0.99,-0.14,-0.53,0.08
-0.07,0.08,0.98,-0.09,-0.5,0.09
-0.07,0.11,0.97,-0.04,-0.49,0.1
-0.07,0.13,0.96,-0.0,-0.46,0.09
-0.07,0.15,0.95,0.0,-0.45,0.1
-0.07,0.18,0.95,0.01,-0.45,0.1
-0.07,0.19,0.93,0.02,-0.45,0.1
-0.06,0.19,0.92,0.02,-0.48,0.1
-0.06,0.2,0.92,-0.0,-0.47,0.1
-0.04,0.21,0.91,-0.02,-0.49,0.09
-0.04,0.21,0.91,-0.03,-0.51,0.08
-0.04,0.21,0.89,-0.07,-0.49,0.06
-0.03,0.21,0.9,-0.12,-0.48,0.07
-0.02,0.22,0.91,-0.15,-0.48,0.06
-0.02,0.22,0.9,-0.18,-0.48,0.06
-0.02,0.22,0.9,-0.23,-0.47,0.06
-0.02,0.21,0.89,-0.29,-0.48,0.06
-0.03,0.21,0.89,-0.33,-0.46,0.07
-0.03,0.2,0.9,-0.35,-0.46,0.07
-0.04,0.2,0.9,-0.37,-0.44,0.05
-0.07,0.2,0.91,-0.4,-0.43,0.05
-0.07,0.2,0.92,-0.39,-0.45,0.06
-0.08,0.17,0.94,-0.35,-0.49,0.06
-0.08,0.16,0.93,-0.3,-0.53,0.06
-0.07,0.14,0.93,-0.29,-0.53,0.05
-0.09,0.13,0.93,-0.2,-0.57,0.05
-0.08,0.13,0.95,-0.16,-0.58,0.02
-0.08,0.13,0.95,-0.08,-0.61,0.02
-0.08,0.14,0.95,-0.05,-0.62,0.02
-0.07,0.14,0.94,-0.02,-0.65,0.03
-0.06,0.15,0.94,0.02,-0.67,0.02
-0.05,0.15,0.94,0.05,-0.67,0.02
-0.05,0.15,0.94,0.02,-0.65,0.02
-0.04,0.16,0.93,0.03,-0.65,0.02
-0.04,0.18,0.92,0.01,-0.65,0.03
-0.04,0.18,0.93,-0.03,-0.63,0.02
-0.03,0.17,0.93,-0.05,-0.62,0.03
-0.02,0.18,0.93,-0.12,-0.6,0.03
-0.02,0.17,0.93,-0.14,-0.6,0.03
-0.02,0.15,0.93,-0.18,-0.57,0.01
-0.02,0.15,0.94,-0.22,-0.53,0.02
-0.02,0.16,0.94,-0.26,-0.52,0.03
-0.04,0.15,0.94,-0.28,-0.52,0.03
-0.05,0.15,0.94,-0.29,-0.5,0.02
-0.06,0.14,0.94,-0.3,-0.47,0.03
-0.08,0.15,0.95,-0.27,-0.49,0.03
-0.08,0.15,0.94,-0.25,-0.48,0.04
-0.1,0.16,0.95,-0.19,-0.5,0.03
-0.1,0.16,0.95,-0.16,-0.52,0.05
-0.1,0.17,0.94,-0.1,-0.56,0.06
-0.1,0.17,0.92,-0.04,-0.6,0.07
-0.1,0.17,0.91,0.02,-0.61,0.06
-0.08,0.18,0.91,0.04,-0.64,0.07
-0.07,0.18,0.91,0.07,-0.65,0.08
-0.06,0.18,0.89,0.1,-0.66,0.07
-0.05,0.19,0.88,0.09,-0.65,0.07
-0.04,0.21,0.88,0.08,-0.66,0.07
-0.02,0.23,0.87,0.03,-0.67,0.09
-0.02,0.22,0.87,-0.01,-0.7,0.1
-0.02,0.21,0.89,-0.04,-0.7,0.08
-0.01,0.2,0.9,-0.1,-0.7,0.07
-0.01,0.18,0.91,-0.13,-0.73,0.07
-0.02,0.16,0.93,-0.15,-0.75,0.05
-0.01,0.14,0.93,-0.17,-0.74,0.02
-0.02,0.14,0.93,-0.21,-0.69,0.03
-0.03,0.14,0.94,-0.2,-0.69,0.03
-0.04,0.15,0.93,-0.21,-0.64,0.04
-0.07,0.15,0.93,-0.2,-0.64,0.04
-0.08,0.17,0.92,-0.2,-0.61,0.07
-0.09,0.19,0.9,-0.18,-0.62,0.09
-0.11,0.2,0.89,-0.15,-0.64,0.12
-0.12,0.21,0.89,-0.1,-0.67,0.14
-0.1,0.22,0.88,-0.08,-0.7,0.16
-0.09,0.2,0.88,-0.02,-0.77,0.18
-0.08,0.19,0.86,0.03,-0.83,0.18
-0.07,0.17,0.85,0.06,-0.85,0.16
-0.06,0.17,0.86,0.1,-0.87,0.16
-0.06,0.18,0.87,0.1,-0.87,0.16
-0.04,0.18,0.87,0.12,-0.89,0.16
-0.03,0.18,0.86,0.12,-0.91,0.17
-0.03,0.17,0.85,0.09,-0.89,0.17
-0.02,0.18,0.85,0.07,-0.9,0.17
-0.02,0.2,0.87,0.07,-0.91,0.17
-0.01,0.22,0.89,0.05,-0.94,0.17
0.01,0.22,0.9,-0.03,-0.98,0.16
0.03,0.19,0.9,-0.06,-1.04,0.14
0.03,0.16,0.92,-0.13,-1.06,0.11
0.01,0.15,0.95,-0.17,-1.09,0.08
-0.0,0.15,0.97,-0.23,-1.07,0.07
-0.02,0.14,0.99,-0.25,-1.09,0.07
-0.02,0.12,1.0,-0.29,-1.11,0.07
-0.03,0.1,1.0,-0.3,-1.08,0.05
-0.04,0.07,1.01,-0.32,-1.05,0.05
-0.05,0.06,1.04,-0.31,-1.01,0.06
-0.06,0.03,1.05,-0.25,-0.97,0.07
-0.05,0.04,1.05,-0.2,-0.92,0.09
-0.05,0.04,1.04,-0.13,-0.89,0.1
-0.07,0.05,1.01,-0.09,-0.84,0.12
-0.07,0.07,0.99,-0.01,-0.81,0.12
-0.07,0.1,0.97,0.05,-0.81,0.12
-0.07,0.12,0.97,0.1,-0.81,0.13
-0.07,0.15,0.95,0.13,-0.83,0.14
-0.05,0.16,0.92,0.18,-0.87,0.14
-0.04,0.17,0.9,0.17,-0.9,0.13
-0.03,0.17,0.91,0.15,-0.89,0.12
-0.01,0.17,0.91,0.14,-0.95,0.13
0.0,0.17,0.92,0.1,-0.96,0.11
0.01,0.16,0.93,0.07,-0.98,0.12
0.01,0.14,0.93,0.01,-0.98,0.1
0.01,0.13,0.95,-0.05,-0.98,0.1
0.01,0.13,0.96,-0.09,-0.98,0.08
0.01,0.12,0.97,-0.13,-0.96,0.1
0.01,0.12,0.98,-0.17,-0.91,0.08
0.01,0.11,0.98,-0.22,-0.89,0.09
0.0,0.11,0.99,-0.24,-0.89,0.07
-0.0,0.09,0.99,-0.27,-0.86,0.07
-0.01,0.09,0.99,-0.28,-0.82,0.06
-0.02,0.09,0.99,-0.3,-0.78,0.06
-0.04,0.11,1.0,-0.28,-0.76,0.05
-0.06,0.12,1.0,-0.29,-0.77,0.07
-0.06,0.12,1.0,-0.28,-0.75,0.09
-0.06,0.11,1.0,-0.25,-0.77,0.11
-0.07,0.09,0.99,-0.2,-0.78,0.11
-0.07,0.1,0.98,-0.16,-0.78,0.12
-0.08,0.1,0.99,-0.13,-0.76,0.12
-0.08,0.11,0.99,-0.06,-0.8,0.12
-0.06,0.11,0.98,-0.0,-0.82,0.12
-0.06,0.1,0.97,0.03,-0.85,0.11
-0.05,0.1,0.96,0.05,-0.83,0.09
-0.04,0.11,0.95,0.07,-0.85,0.09
-0.04,0.12,0.95,0.1,-0.85,0.07
-0.03,0.14,0.95,0.08,-0.87,0.07
-0.02,0.15,0.95,0.06,-0.85,0.07
-0.01,0.15,0.95,0.01,-0.87,0.09
0.0,0.15,0.96,0.01,-0.78,-0.04
0.01,0.13,0.97,-0.08,-0.89,0.09
0.01,0.11,0.99,-0.11,-0.88,0.06
0.02,0.1,1.0,-0.15,-0.86,0.06
0.01,0.09,1.02,-0.18,-0.85,0.03
0.0,0.1,1.03,-0.2,-0.83,0.01
-0.02,0.1,1.03,-0.25,-0.78,0.01
-0.04,0.1,1.04,-0.27,-0.75,0.02
-0.05,0.11,1.04,-0.27,-0.73,0.05
-0.06,0.12,1.04,-0.28,-0.72,0.07
-0.07,0.11,1.04,-0.31,-0.69,0.09
-0.07,0.09,1.04,-0.29,-0.69,0.12
-0.08,0.08,1.03,-0.28,-0.66,0.11
-0.08,0.09,1.04,-0.22,-0.66,0.12
-0.09,0.08,1.04,-0.19,-0.64,0.11
-0.08,0.1,1.03,-0.12,-0.65,0.12
-0.07,0.1,1.02,-0.04,-0.67,0.12
-0.07,0.09,1.01,0.01,-0.71,0.11
-0.07,0.1,0.98,0.06,-0.69,0.09
-0.07,0.13,0.97,0.09,-0.7,0.1
-0.05,0.15,0.95,0.13,-0.72,0.08
-0.04,0.17,0.93,0.12,-0.74,0.1
-0.02,0.16,0.92,0.09,-0.75,0.11
-0.0,0.16,0.92,0.05,-0.76,0.12
0.0,0.16,0.92,0.01,-0.75,0.1
0.01,0.15,0.92,-0.03,-0.76,0.11
0.01,0.15,0.92,-0.09,-0.73,0.1
0.0,0.15,0.93,-0.12,-0.74,0.12
-0.01,0.14,0.94,-0.16,-0.74,0.11
-0.02,0.14,0.95,-0.18,-0.75,0.13
-0.03,0.13,0.97,-0.19,-0.74,0.14
-0.03,0.13,0.98,-0.18,-0.75,0.16
-0.03,0.12,0.99,-0.18,-0.74,0.16
-0.03,0.11,0.98,-0.17,-0.75,0.16
-0.03,0.1,0.99,-0.16,-0.72,0.15
-0.03,0.1,0.99,-0.15,-0.71,0.15
-0.04,0.1,1.0,-0.11,-0.72,0.15
-0.04,0.11,0.99,-0.08,-0.72,0.14
-0.04,0.13,0.98,-0.05,-0.71,0.14
-0.04,0.13,0.97,-0.02,-0.73,0.15
-0.04,0.14,0.95,0.01,-0.74,0.14
-0.03,0.14,0.94,0.02,-0.75,0.15
-0.02,0.14,0.93,0.04,-0.78,0.15
-0.01,0.14,0.93,0.04,-0.79,0.15
-0.0,0.13,0.93,0.05,-0.81,0.13
0.01,0.13,0.92,0.05,-0.82,0.11
0.01,0.14,0.92,0.03,-0.81,0.1
0.02,0.16,0.92,0.01,-0.83,0.11
0.03,0.16,0.93,-0.01,-0.84,0.08
0.04,0.14,0.95,-0.06,-0.88,0.08
0.03,0.13,0.96,-0.11,-0.86,0.06
0.02,0.12,0.98,-0.14,-0.88,0.07
0.01,0.11,0.98,-0.17,-0.86,0.07
-0.0,0.12,0.99,-0.2,-0.84,0.07
-0.01,0.11,1.0,-0.24,-0.81,0.07
-0.02,0.12,1.01,-0.27,-0.79,0.09
-0.03,0.11,1.01,-0.26,-0.79,0.1
-0.04,0.1,1.02,-0.26,-0.79,0.11
-0.03,0.1,1.01,-0.25,-0.77,0.1
-0.04,0.1,1.04,-0.24,-0.77,0.1
-0.03,0.11,1.03,-0.19,-0.78,0.08
-0.04,0.1,1.03,-0.17,-0.81,0.07
-0.04,0.1,1.02,-0.15,-0.82,0.05
-0.04,0.08,1.03,-0.15,-0.81,0.03
-0.05,0.08,1.03,-0.12,-0.8,0.02
-0.06,0.1,1.03,-0.11,-0.79,0.03
-0.07,0.12,1.02,-0.1,-0.74,0.04
-0.07,0.12,1.0,-0.1,-0.74,0.08
-0.07,0.12,0.99,-0.08,-0.75,0.11
-0.06,0.12,0.97,-0.08,-0.75,0.11
-0.05,0.12,0.96,-0.07,-0.73,0.11
-0.06,0.13,0.94,-0.05,-0.74,0.11
-0.05,0.13,0.93,-0.02,-0.75,0.1
-0.05,0.13,0.92,-0.01,-0.8,0.11
-0.04,0.12,0.91,-0.02,-0.8,0.09
-0.03,0.12,0.91,-0.02,-0.83,0.1
-0.02,0.11,0.91,0.0,-0.85,0.1
-0.02,0.11,0.92,0.02,-0.86,0.08
-0.01,0.11,0.93,0.02,-0.88,0.07
-0.01,0.1,0.95,0.01,-0.88,0.06
-0.01,0.11,0.96,0.02,-0.91,0.06
-0.0,0.11,0.96,-0.01,-0.92,0.04
-0.01,0.1,0.97,-0.02,-0.93,0.04
-0.02,0.1,0.98,-0.05,-0.92,0.04
-0.03,0.12,0.98,-0.04,-0.91,0.03
-0.03,0.12,1.0,-0.06,-0.92,0.04
-0.03,0.11,1.01,-0.09,-0.91,0.06
-0.02,0.1,1.02,-0.11,-0.91,0.06
-0.05,0.1,1.06,-0.11,-0.93,0.07
-0.03,0.08,1.06,-0.11,-0.92,0.07
-0.02,0.07,1.05,-0.11,-0.87,0.05
-0.03,0.07,1.04,-0.12,-0.87,0.05
-0.05,0.09,1.05,-0.1,-0.82,0.04
-0.05,0.11,1.03,-0.07,-0.8,0.04
-0.05,0.1,1.0,-0.06,-0.77,0.06
-0.05,0.12,0.98,-0.08,-0.77,0.09
-0.05,0.13,0.96,-0.06,-0.78,0.11
-0.06,0.13,0.94,-0.03,-0.78,0.14
-0.07,0.13,0.92,-0.0,-0.76,0.14
-0.07,0.14,0.91,0.01,-0.79,0.16
-0.05,0.14,0.9,0.05,-0.82,0.16
-0.04,0.13,0.9,0.08,-0.87,0.18
-0.02,0.12,0.91,0.08,-0.91,0.18
0.01,0.1,0.91,0.1,-0.92,0.16
0.02,0.11,0.91,0.11,-0.96,0.14
0.04,0.1,0.92,0.09,-0.98,0.12
0.04,0.1,0.93,0.05,-0.98,0.09
0.05,0.09,0.96,0.01,-0.99,0.09
0.03,0.08,0.99,-0.01,-0.98,0.07
0.02,0.09,0.99,-0.02,-0.99,0.05
0.01,0.1,1.0,-0.05,-0.97,0.03
-0.01,0.1,1.01,-0.09,-0.98,0.05
-0.02,0.1,1.01,-0.1,-0.97,0.05
-0.03,0.1,1.01,-0.11,-0.95,0.08
-0.04,0.1,1.01,-0.12,-0.92,0.1
-0.06,0.1,1.0,-0.12,-0.89,0.12
-0.06,0.11,0.99,-0.1,-0.88,0.14
-0.07,0.11,0.97,-0.09,-0.87,0.16
-0.06,0.11,0.95,-0.07,-0.87,0.18
-0.06,0.11,0.93,-0.05,-0.86,0.2
-0.06,0.12,0.91,0.01,-0.9,0.21
-0.05,0.12,0.89,0.02,-0.93,0.23
-0.03,0.12,0.88,0.05,-0.98,0.24
-0.01,0.09,0.9,0.05,-1.01,0.23
0.02,0.06,0.95,0.07,-1.04,0.21
0.05,0.04,0.98,0.1,-1.07,0.17
0.05,0.05,0.99,0.11,-1.06,0.12
0.05,0.05,0.99,0.09,-1.04,0.09
0.05,0.07,1.01,0.08,-1.05,0.06
0.04,0.1,1.01,0.07,-1.07,0.05
0.03,0.11,1.02,0.02,-1.06,0.04
0.03,0.1,1.03,-0.02,-1.06,0.06
0.02,0.09,1.05,-0.06,-1.03,0.07
0.0,0.09,1.05,-0.09,-1.01,0.08
0.0,0.1,1.06,-0.14,-0.98,0.09
-0.01,0.11,1.05,-0.19,-0.94,0.1
-0.01,0.1,1.04,-0.19,-0.93,0.11
-0.02,0.11,1.03,-0.2,-0.93,0.13
-0.02,0.11,1.01,-0.21,-0.9,0.13
-0.03,0.12,1.0,-0.24,-0.9,0.15
-0.02,0.11,0.98,-0.25,-0.9,0.16
-0.02,0.11,0.98,-0.24,-0.92,0.17
-0.03,0.11,0.97,-0.23,-0.93,0.17
-0.02,0.1,0.95,-0.22,-0.94,0.17
-0.04,0.1,0.94,-0.21,-0.96,0.19
-0.04,0.1,0.94,-0.16,-0.99,0.2
-0.03,0.08,0.93,-0.14,-1.01,0.19
-0.02,0.08,0.94,-0.1,-1.04,0.19
-0.02,0.07,0.98,-0.06,-1.09,0.19
-0.02,0.06,1.0,-0.01,-1.14,0.15
-0.01,0.05,1.02,0.05,-1.17,0.12
-0.01,0.05,1.04,0.08,-1.17,0.1
-0.0,0.07,1.06,0.11,-1.16,0.07
0.01,0.08,1.07,0.11,-1.17,0.07
0.01,0.11,1.06,0.08,-1.15,0.08
0.01,0.1,1.07,0.01,-1.13,0.09
0.0,0.1,1.08,-0.03,-1.12,0.11
-0.0,0.1,1.09,-0.08,-1.09,0.12
-0.02,0.1,1.1,-0.12,-1.04,0.13
-0.03,0.11,1.1,-0.18,-0.98,0.16
-0.03,0.11,1.09,-0.2,-0.97,0.19
-0.04,0.12,1.08,-0.21,-0.94,0.19
-0.05,0.11,1.07,-0.22,-0.93,0.22
-0.05,0.1,1.05,-0.21,-0.92,0.23
-0.06,0.1,1.03,-0.18,-0.92,0.23
-0.06,0.09,1.02,-0.13,-0.93,0.22
-0.06,0.1,1.0,-0.09,-0.93,0.21
-0.06,0.09,0.97,-0.06,-0.92,0.22
-0.06,0.09,0.93,0.0,-0.94,0.24
-0.05,0.09,0.89,0.04,-0.97,0.25
-0.03,0.09,0.87,0.09,-0.98,0.26
-0.01,0.09,0.85,0.12,-1.02,0.28
0.01,0.1,0.84,0.14,-1.08,0.29
0.05,0.07,0.86,0.15,-1.15,0.29
0.08,0.05,0.92,0.16,-1.23,0.25
0.09,0.05,0.98,0.14,-1.26,0.21
0.1,0.03,1.04,0.15,-1.28,0.16
0.09,0.03,1.07,0.15,-1.3,0.1
0.08,0.04,1.09,0.12,-1.27,0.05
0.06,0.06,1.09,0.06,-1.24,0.03
0.03,0.1,1.09,0.02,-1.21,0.04
0.02,0.1,1.1,-0.02,-1.17,0.05
-0.01,0.1,1.1,-0.03,-1.13,0.08
-0.02,0.1,1.09,-0.03,-1.09,0.09
-0.04,0.11,1.08,-0.03,-1.08,0.13
-0.05,0.11,1.06,-0.01,-1.08,0.14
-0.04,0.11,1.05,0.01,-1.06,0.14
-0.04,0.11,1.02,0.01,-1.05,0.16
-0.04,0.11,1.0,0.03,-1.08,0.18
-0.02,0.11,0.99,0.03,-1.1,0.2
-0.0,0.09,0.97,0.04,-1.11,0.2
0.01,0.09,0.96,-0.0,-1.11,0.23
0.02,0.08,0.94,-0.01,-1.13,0.24
0.02,0.07,0.93,-0.05,-1.15,0.26
0.03,0.06,0.94,-0.05,-1.15,0.27
0.03,0.06,0.95,-0.08,-1.18,0.28
0.03,0.07,0.96,-0.07,-1.23,0.27
0.02,0.07,0.98,-0.05,-1.28,0.25
0.03,0.06,1.0,-0.05,-1.31,0.23
0.02,0.05,1.04,-0.07,-1.32,0.21
0.02,0.05,1.07,-0.05,-1.33,0.19
0.01,0.07,1.1,-0.03,-1.33,0.15
0.01,0.08,1.1,-0.04,-1.31,0.14
0.0,0.09,1.1,-0.04,-1.28,0.13
-0.01,0.1,1.1,-0.06,-1.27,0.14
-0.02,0.1,1.11,-0.06,-1.27,0.13
-0.03,0.1,1.11,-0.07,-1.24,0.14
-0.03,0.12,1.09,-0.08,-1.21,0.15
-0.04,0.11,1.1,-0.09,-1.23,0.17
-0.05,0.12,1.09,-0.05,-1.23,0.19
-0.05,0.1,1.09,-0.03,-1.21,0.18
-0.05,0.1,1.1,-0.02,-1.21,0.18
-0.05,0.1,1.09,0.01,-1.23,0.18
-0.05,0.1,1.07,0.03,-1.21,0.17
-0.04,0.1,1.05,0.07,-1.21,0.17
-0.03,0.1,1.03,0.06,-1.2,0.19
-0.03,0.09,1.01,0.08,-1.22,0.2
-0.0,0.09,1.0,0.07,-1.23,0.22
0.0,0.08,0.98,0.06,-1.24,0.22
0.01,0.08,0.98,0.02,-1.25,0.23
0.01,0.08,0.99,-0.01,-1.27,0.24
0.01,0.08,1.0,-0.03,-1.3,0.24
0.01,0.06,1.01,-0.07,-1.3,0.24
-0.01,0.07,1.05,-0.08,-1.31,0.21
-0.01,0.08,1.06,-0.09,-1.34,0.19
-0.02,0.09,1.07,-0.07,-1.35,0.17
-0.03,0.1,1.08,-0.05,-1.35,0.14
-0.04,0.1,1.08,-0.06,-1.34,0.14
-0.05,0.1,1.1,-0.05,-1.34,0.12
-0.06,0.11,1.1,-0.01,-1.34,0.11
-0.06,0.11,1.11,0.02,-1.32,0.09
-0.06,0.12,1.13,0.04,-1.31,0.11
-0.06,0.13,1.11,0.07,-1.3,0.1
-0.05,0.1,1.1,0.11,-1.27,0.12
-0.03,0.1,1.08,0.12,-1.25,0.13
-0.02,0.11,1.06,0.09,-1.22,0.14
-0.02,0.1,1.06,0.08,-1.22,0.16
-0.02,0.1,1.05,0.09,-1.22,0.17
-0.02,0.1,1.04,0.09,-1.21,0.17
-0.01,0.09,1.04,0.05,-1.21,0.19
-0.02,0.09,1.04,0.03,-1.22,0.2
-0.02,0.09,1.04,0.06,-1.23,0.21
-0.02,0.08,1.04,0.07,-1.24,0.22
-0.01,0.09,1.02,0.06,-1.24,0.22
-0.01,0.08,1.02,0.06,-1.26,0.22
0.0,0.08,1.01,0.1,-1.22,0.12
0.0,0.07,1.01,0.04,-1.29,0.21
0.0,0.07,1.0,0.03,-1.29,0.22
0.01,0.07,1.0,0.01,-1.31,0.25
0.01,0.07,1.01,0.01,-1.34,0.27
0.0,0.07,1.03,0.0,-1.35,0.26
-0.0,0.07,1.04,-0.01,-1.37,0.27
-0.01,0.08,1.04,-0.01,-1.37,0.27
-0.01,0.08,1.04,-0.0,-1.37,0.25
-0.02,0.09,1.05,0.01,-1.39,0.25
-0.01,0.08,1.05,-0.01,-1.36,0.24
-0.01,0.07,1.05,-0.01,-1.4,0.25
-0.02,0.09,1.04,0.0,-1.42,0.26
-0.03,0.1,1.05,-0.0,-1.43,0.26
-0.04,0.1,1.06,-0.0,-1.43,0.27
-0.04,0.1,1.07,-0.01,-1.43,0.28
-0.04,0.1,1.08,-0.0,-1.45,0.28
-0.05,0.11,1.1,-0.01,-1.43,0.28
-0.05,0.11,1.11,-0.0,-1.44,0.28
-0.06,0.12,1.11,-0.02,-1.45,0.3
-0.07,0.14,1.11,-0.01,-1.43,0.3
-0.09,0.15,1.11,-0.01,-1.42,0.31
-0.09,0.16,1.11,-0.02,-1.39,0.32
-0.11,0.17,1.11,-0.0,-1.39,0.33
-0.12,0.18,1.13,0.03,-1.38,0.31
-0.13,0.18,1.13,0.06,-1.38,0.33
-0.13,0.18,1.14,0.09,-1.36,0.32
-0.11,0.18,1.16,0.12,-1.35,0.3
-0.1,0.18,1.16,0.14,-1.33,0.3
-0.09,0.18,1.16,0.13,-1.32,0.29
-0.1,0.19,1.14,0.1,-1.27,0.29
-0.08,0.19,1.15,0.1,-1.25,0.3
-0.08,0.18,1.13,0.1,-1.23,0.28
-0.07,0.17,1.13,0.09,-1.22,0.29
-0.08,0.19,1.11,0.06,-1.18,0.3
-0.07,0.19,1.1,0.04,-1.18,0.31
-0.08,0.19,1.1,0.01,-1.16,0.31
-0.08,0.19,1.11,-0.02,-1.15,0.32
-0.08,0.19,1.12,-0.03,-1.13,0.31
-0.08,0.2,1.12,-0.04,-1.11,0.32
-0.08,0.2,1.13,-0.03,-1.11,0.32
-0.09,0.19,1.13,-0.03,-1.1,0.29
-0.09,0.2,1.13,-0.04,-1.07,0.29
-0.08,0.22,1.13,-0.02,-1.08,0.28
-0.08,0.22,1.12,-0.0,-1.08,0.26
-0.08,0.21,1.12,0.02,-1.07,0.24
-0.08,0.2,1.11,0.03,-1.08,0.22
-0.08,0.21,1.1,0.02,-1.08,0.2
-0.08,0.22,1.09,0.01,-1.08,0.19
-0.08,0.23,1.1,0.01,-1.06,0.2
-0.08,0.23,1.1,-0.01,-1.02,0.2
-0.09,0.23,1.1,-0.02,-1.01,0.21
-0.09,0.22,1.1,-0.03,-0.98,0.21
-0.09,0.22,1.09,-0.03,-0.96,0.2
-0.1,0.23,1.09,-0.05,-0.95,0.2
-0.11,0.24,1.1,-0.06,-0.94,0.21
-0.11,0.25,1.11,-0.04,-0.94,0.2
-0.12,0.26,1.12,-0.03,-0.92,0.2
-0.12,0.25,1.12,-0.01,-0.89,0.17
-0.12,0.25,1.12,0.01,-0.89,0.17
-0.12,0.26,1.12,0.01,-0.88,0.16
-0.12,0.27,1.12,0.0,-0.87,0.14
-0.14,0.28,1.14,-0.0,-0.83,0.11
-0.14,0.28,1.13,-0.03,-0.79,0.12
-0.14,0.28,1.13,-0.02,-0.74,0.09
-0.14,0.27,1.1,-0.04,-0.71,0.1
-0.14,0.27,1.09,-0.04,-0.68,0.11
-0.14,0.28,1.08,-0.05,-0.68,0.11
-0.15,0.28,1.09,-0.04,-0.65,0.13
-0.15,0.29,1.1,-0.04,-0.63,0.13
-0.15,0.28,1.11,-0.02,-0.6,0.13
-0.13,0.27,1.11,-0.02,-0.57,0.11
-0.13,0.26,1.11,-0.01,-0.54,0.09
-0.11,0.26,1.11,-0.01,-0.52,0.08
-0.1,0.24,1.1,-0.03,-0.47,0.07
-0.09,0.24,1.08,-0.04,-0.46,0.06
-0.09,0.24,1.07,-0.06,-0.45,0.06
-0.09,0.23,1.07,-0.08,-0.44,0.06
-0.1,0.23,1.07,-0.08,-0.44,0.06
-0.09,0.23,1.06,-0.1,-0.42,0.06
-0.1,0.23,1.06,-0.09,-0.41,0.05
-0.11,0.25,1.05,-0.09,-0.42,0.07
-0.1,0.26,1.06,-0.1,-0.39,0.07
-0.1,0.25,1.07,-0.09,-0.39,0.08
-0.08,0.24,1.08,-0.08,-0.36,0.06
-0.09,0.23,1.07,-0.08,-0.34,0.05
-0.08,0.23,1.06,-0.1,-0.32,0.04
-0.07,0.23,1.05,-0.1,-0.32,0.04
-0.08,0.23,1.05,-0.1,-0.29,0.02
-0.08,0.22,1.05,-0.1,-0.29,0.03
-0.09,0.22,1.05,-0.11,-0.27,0.03
-0.08,0.22,1.04,-0.1,-0.28,0.04
-0.08,0.22,1.05,-0.09,-0.28,0.04
-0.09,0.23,1.06,-0.08,-0.28,0.02
-0.09,0.23,1.07,-0.07,-0.26,0.02
-0.09,0.23,1.08,-0.07,-0.24,0.01
-0.08,0.22,1.09,-0.05,-0.22,-0.0
-0.08,0.21,1.08,-0.05,-0.2,-0.01
-0.06,0.2,1.06,-0.07,-0.17,-0.02
-0.08,0.19,1.05,-0.09,-0.16,-0.01
-0.07,0.19,1.03,-0.07,-0.16,0.0
-0.09,0.19,1.03,-0.06,-0.16,0.01
-0.11,0.2,1.02,-0.07,-0.14,0.02
-0.12,0.2,1.02,-0.05,-0.14,0.03
-0.13,0.19,1.02,-0.0,-0.13,0.05
-0.14,0.19,1.02,0.03,-0.13,0.08
-0.14,0.19,1.03,0.08,-0.12,0.1
-0.14,0.2,1.05,0.13,-0.13,0.11
-0.13,0.21,1.06,0.18,-0.1,0.11
-0.12,0.21,1.09,0.22,-0.09,0.11
-0.08,0.19,1.12,0.23,-0.06,0.09
-0.06,0.18,1.13,0.22,-0.02,0.07
-0.04,0.15,1.13,0.23,-0.01,0.03
-0.02,0.14,1.12,0.2,0.01,0.02
-0.0,0.13,1.09,0.13,0.05,-0.01
0.01,0.12,1.07,0.09,0.06,-0.0
0.01,0.11,1.05,0.07,0.06,-0.02
-0.01,0.11,1.03,0.02,0.06,0.0
-0.02,0.11,1.02,-0.0,0.06,0.0
-0.02,0.13,1.02,-0.0,0.04,0.02
-0.03,0.13,1.01,0.0,0.03,0.01
-0.04,0.14,1.01,0.02,0.01,0.03
-0.04,0.13,1.03,0.0,0.03,0.04
-0.03,0.12,1.03,0.0,0.04,0.03
-0.02,0.11,1.02,0.01,0.03,0.02
-0.02,0.12,1.01,0.0,0.01,0.02
-0.02,0.13,1.0,-0.01,0.01,0.03
-0.02,0.14,1.0,0.01,-0.02,0.03
-0.04,0.16,1.01,0.01,-0.04,0.03
-0.04,0.16,1.02,0.03,-0.06,0.04
-0.04,0.17,1.03,0.04,-0.04,0.03
-0.05,0.17,1.05,0.04,-0.04,0.02
-0.04,0.16,1.04,0.06,-0.04,0.01
-0.05,0.17,1.04,0.06,-0.04,-0.01
-0.05,0.18,1.02,0.05,-0.03,-0.01
-0.05,0.18,1.02,0.05,-0.03,-0.01
-0.05,0.18,1.02,0.07,-0.04,-0.01
-0.06,0.17,1.03,0.04,-0.01,-0.01
-0.06,0.17,1.02,0.03,0.0,-0.02
-0.06,0.18,1.02,0.0,0.01,-0.01
-0.06,0.18,1.03,0.01,0.0,-0.0
-0.07,0.19,1.03,0.01,0.0,-0.01
-0.08,0.19,1.03,0.01,0.02,-0.02
-0.09,0.19,1.05,-0.01,0.03,-0.01
-0.1,0.2,1.05,0.02,0.04,-0.03
-0.1,0.2,1.04,0.02,0.04,-0.03
-0.1,0.22,1.04,0.03,0.06,-0.03
-0.1,0.23,1.05,0.03,0.06,-0.02
-0.1,0.23,1.07,0.03,0.09,-0.03
-0.11,0.23,1.08,0.04,0.1,-0.05
-0.11,0.23,1.08,0.01,0.14,-0.06
-0.11,0.22,1.08,-0.01,0.17,-0.07
-0.12,0.22,1.06,-0.01,0.19,-0.08
-0.12,0.23,1.05,-0.02,0.2,-0.08
-0.13,0.25,1.05,-0.03,0.23,-0.07
-0.15,0.26,1.06,-0.03,0.25,-0.05
-0.15,0.26,1.07,-0.0,0.25,-0.06
-0.16,0.27,1.07,-0.01,0.28,-0.06
-0.16,0.28,1.08,-0.0,0.3,-0.07
-0.16,0.3,1.09,-0.02,0.33,-0.08
-0.17,0.31,1.09,-0.01,0.33,-0.08
-0.18,0.33,1.1,-0.02,0.34,-0.07
-0.19,0.36,1.13,-0.04,0.38,-0.09
-0.2,0.37,1.15,-0.05,0.41,-0.09
-0.22,0.38,1.19,-0.05,0.47,-0.12
-0.24,0.37,1.21,-0.06,0.55,-0.15
-0.25,0.36,1.21,-0.07,0.65,-0.17
-0.26,0.36,1.18,-0.06,0.74,-0.19
-0.27,0.39,1.14,-0.05,0.83,-0.19
-0.26,0.42,1.11,0.0,0.88,-0.15
-0.26,0.42,1.12,0.06,0.95,-0.12
-0.24,0.41,1.14,0.13,0.97,-0.08
-0.22,0.42,1.16,0.22,1.01,-0.07
-0.17,0.4,1.17,0.28,1.03,-0.08
-0.13,0.39,1.19,0.3,1.07,-0.11
-0.09,0.37,1.22,0.3,1.1,-0.16
-0.05,0.35,1.24,0.28,1.13,-0.21
-0.02,0.33,1.25,0.2,1.17,-0.29
-0.01,0.34,1.26,0.12,1.23,-0.35
-0.01,0.35,1.25,0.02,1.25,-0.39
-0.0,0.36,1.26,-0.07,1.28,-0.44
-0.01,0.36,1.28,-0.2,1.34,-0.47
-0.07,0.4,1.27,-0.28,1.4,-0.5
-0.09,0.43,1.3,-0.37,1.42,-0.52
-0.08,0.42,1.35,-0.43,1.5,-0.55
-0.13,0.46,1.38,-0.49,1.55,-0.59
-0.13,0.46,1.43,-0.53,1.61,-0.63
-0.14,0.46,1.46,-0.61,1.71,-0.67
-0.14,0.44,1.5,-0.66,1.83,-0.71
-0.16,0.45,1.52,-0.74,1.98,-0.76
-0.2,0.46,1.54,-0.78,2.06,-0.79
-0.21,0.44,1.57,-0.83,2.17,-0.82
-0.22,0.43,1.61,-0.84,2.3,-0.85
-0.23,0.4,1.61,-0.85,2.45,-0.87
-0.2,0.35,1.62,-0.87,2.62,-0.88
-0.12,0.34,1.62,-0.93,2.8,-0.9
-0.23,0.31,1.53,-1.06,2.84,-0.83
-0.34,0.27,1.51,-0.99,2.87,-0.89
-0.32,0.27,1.53,-0.89,2.92,-0.9
-0.29,0.3,1.54,-0.78,3.05,-0.85
-0.28,0.29,1.5,-0.68,3.15,-0.76
-0.27,0.21,1.48,-0.57,3.17,-0.68
-0.24,0.12,1.5,-0.51,3.21,-0.64
-0.22,0.1,1.53,-0.44,3.26,-0.63
-0.22,0.12,1.54,-0.37,3.31,-0.62
-0.2,0.1,1.55,-0.27,3.35,-0.61
-0.17,0.06,1.56,-0.18,3.38,-0.61
-0.14,0.02,1.56,-0.13,3.43,-0.62
-0.1,-0.0,1.57,-0.1,3.48,-0.63
-0.07,-0.02,1.59,-0.08,3.55,-0.64
-0.02,-0.05,1.58,-0.08,3.61,-0.66
0.0,-0.06,1.6,-0.07,3.67,-0.66
0.02,-0.1,1.6,-0.09,3.72,-0.68
0.07,-0.13,1.59,-0.11,3.79,-0.68
0.07,-0.14,1.58,-0.15,3.86,-0.69
0.08,-0.15,1.58,-0.17,3.91,-0.7
0.1,-0.17,1.57,-0.2,3.97,-0.72
0.1,-0.19,1.53,-0.22,3.99,-0.73
0.11,-0.2,1.48,-0.26,4.04,-0.74
0.11,-0.21,1.44,-0.31,4.05,-0.73
0.11,-0.22,1.42,-0.36,4.07,-0.71
0.11,-0.23,1.41,-0.39,4.08,-0.68
0.09,-0.25,1.42,-0.41,4.06,-0.65
0.08,-0.28,1.42,-0.42,4.06,-0.62
0.07,-0.3,1.42,-0.4,4.09,-0.6
0.07,-0.31,1.4,-0.36,4.11,-0.56
0.07,-0.33,1.39,-0.32,4.15,-0.55
0.08,-0.34,1.37,-0.28,4.16,-0.52
0.09,-0.36,1.34,-0.24,4.19,-0.5
0.12,-0.37,1.33,-0.19,4.19,-0.49
0.13,-0.38,1.3,-0.16,4.2,-0.48
0.16,-0.4,1.28,-0.12,4.17,-0.47
0.18,-0.41,1.28,-0.11,4.14,-0.48
0.19,-0.43,1.29,-0.1,4.12,-0.5
0.2,-0.43,1.28,-0.09,4.11,-0.53
0.2,-0.45,1.26,-0.08,4.08,-0.55
0.21,-0.45,1.23,-0.08,4.12,-0.58
0.21,-0.46,1.23,-0.08,4.1,-0.59
0.21,-0.45,1.21,-0.11,4.11,-0.6
0.21,-0.46,1.2,-0.15,4.12,-0.59
0.21,-0.45,1.17,-0.19,4.16,-0.58
0.2,-0.45,1.13,-0.2,4.15,-0.53
0.18,-0.43,1.1,-0.25,4.19,-0.49
0.16,-0.42,1.08,-0.26,4.21,-0.44
0.16,-0.41,1.05,-0.27,4.2,-0.37
0.15,-0.41,1.02,-0.26,4.2,-0.31
0.15,-0.42,0.98,-0.25,4.2,-0.25
0.15,-0.44,0.99,-0.23,4.19,-0.22
0.17,-0.45,1.0,-0.19,4.15,-0.18
0.17,-0.46,1.02,-0.12,4.11,-0.16
0.19,-0.47,1.0,-0.09,4.11,-0.17
0.19,-0.47,0.96,-0.02,4.07,-0.16
0.19,-0.47,0.92,0.01,4.08,-0.18
0.19,-0.45,0.86,0.06,4.07,-0.18
0.19,-0.41,0.84,0.09,4.06,-0.17
0.19,-0.37,0.8,0.11,4.03,-0.12
0.21,-0.36,0.75,0.12,4.03,-0.07
0.22,-0.34,0.7,0.12,4.0,-0.04
0.24,-0.3,0.67,0.1,3.97,-0.02
0.27,-0.31,0.66,0.07,3.91,0.01
0.3,-0.34,0.67,0.01,3.83,0.0
0.31,-0.35,0.66,-0.02,3.79,-0.02
0.28,-0.36,0.62,-0.06,3.79,-0.06
0.24,-0.34,0.6,-0.09,3.83,-0.1
0.19,-0.26,0.6,-0.09,3.86,-0.1
0.16,-0.17,0.61,-0.04,3.81,-0.05
0.14,-0.14,0.59,-0.03,3.75,0.0
0.13,-0.16,0.57,0.01,3.63,0.07
0.12,-0.17,0.56,0.03,3.54,0.1
0.11,-0.16,0.58,0.08,3.48,0.13
0.11,-0.17,0.58,0.13,3.43,0.14
0.11,-0.2,0.58,0.17,3.39,0.17
0.12,-0.22,0.59,0.22,3.35,0.17
0.13,-0.22,0.63,0.25,3.33,0.2
0.13,-0.22,0.65,0.28,3.34,0.23
0.13,-0.21,0.66,0.33,3.32,0.29
0.12,-0.19,0.66,0.32,3.37,0.32
0.12,-0.18,0.65,0.31,3.37,0.38
0.13,-0.19,0.63,0.3,3.4,0.41
0.13,-0.17,0.63,0.29,3.42,0.46
0.16,-0.15,0.62,0.3,3.41,0.5
0.18,-0.12,0.61,0.32,3.38,0.53
0.19,-0.1,0.57,0.33,3.36,0.54
0.19,-0.07,0.52,0.36,3.33,0.52
0.2,-0.02,0.5,0.39,3.27,0.45
0.21,0.05,0.51,0.42,3.18,0.38
0.22,0.11,0.5,0.42,3.05,0.31
0.21,0.16,0.45,0.38,2.93,0.2
0.18,0.18,0.42,0.33,2.82,0.09
0.15,0.23,0.45,0.27,2.7,-0.0
0.14,0.27,0.5,0.2,2.6,-0.05
0.13,0.28,0.51,0.11,2.48,-0.08
0.1,0.25,0.49,0.02,2.39,-0.11
0.09,0.22,0.52,-0.05,2.35,-0.11
0.08,0.21,0.57,-0.1,2.29,-0.11
0.05,0.17,0.59,-0.14,2.25,-0.07
0.03,0.15,0.63,-0.14,2.22,-0.03
0.02,0.11,0.67,-0.14,2.16,0.0
0.04,0.07,0.67,-0.1,2.12,0.04
0.0,0.04,0.66,-0.05,2.09,0.06
-0.03,0.03,0.68,0.06,2.08,0.06
-0.02,0.04,0.69,0.16,2.04,0.08
-0.03,0.05,0.68,0.27,2.0,0.09
-0.05,0.05,0.64,0.39,1.97,0.11
-0.06,0.1,0.62,0.49,1.96,0.11
-0.06,0.15,0.63,0.62,1.92,0.15
-0.06,0.18,0.63,0.71,1.85,0.19
-0.06,0.23,0.62,0.78,1.78,0.23
-0.05,0.28,0.58,0.85,1.69,0.25
-0.03,0.3,0.55,0.89,1.63,0.27
-0.03,0.36,0.53,0.91,1.58,0.27
-0.01,0.42,0.52,0.9,1.5,0.28
-0.01,0.45,0.52,0.89,1.4,0.26
0.0,0.49,0.51,0.84,1.31,0.25
0.01,0.5,0.5,0.78,1.23,0.21
0.01,0.52,0.52,0.71,1.12,0.2
0.03,0.52,0.55,0.65,1.04,0.17
0.04,0.51,0.55,0.55,0.93,0.15
0.05,0.49,0.52,0.46,0.88,0.11
0.05,0.49,0.53,0.38,0.83,0.08
0.03,0.5,0.56,0.28,0.81,0.05
0.01,0.5,0.6,0.19,0.76,0.05
0.01,0.5,0.63,0.11,0.69,0.08
0.01,0.48,0.65,0.04,0.6,0.1
0.01,0.46,0.65,-0.02,0.53,0.11
-0.0,0.44,0.65,-0.1,0.47,0.12
-0.01,0.42,0.68,-0.13,0.38,0.14
-0.0,0.38,0.71,-0.13,0.3,0.12
-0.01,0.34,0.73,-0.14,0.2,0.1
0.01,0.28,0.75,-0.11,0.09,0.07
0.02,0.23,0.76,-0.07,0.02,0.01
0.02,0.19,0.77,-0.03,-0.05,-0.05
0.01,0.16,0.77,0.04,-0.1,-0.12
-0.01,0.15,0.8,0.09,-0.13,-0.16
-0.02,0.15,0.83,0.11,-0.17,-0.18
-0.06,0.16,0.84,0.14,-0.21,-0.17
-0.06,0.16,0.88,0.14,-0.24,-0.15
-0.06,0.16,0.91,0.16,-0.29,-0.09
-0.04,0.14,0.91,0.15,-0.32,-0.05
-0.02,0.13,0.89,0.13,-0.35,-0.05
0.0,0.11,0.88,0.1,-0.35,-0.04
0.01,0.1,0.89,0.07,-0.32,-0.06
0.03,0.09,0.91,0.02,-0.3,-0.07
0.06,0.08,0.93,-0.03,-0.3,-0.07
0.08,0.07,0.93,-0.09,-0.26,-0.09
0.08,0.06,0.93,-0.17,-0.22,-0.11
0.08,0.05,0.94,-0.22,-0.19,-0.12
0.07,0.02,0.95,-0.29,-0.14,-0.12
0.04,0.02,0.97,-0.34,-0.1,-0.13
0.03,0.01,0.99,-0.38,-0.06,-0.13
0.02,0.01,1.0,-0.37,-0.06,-0.11
0.01,0.01,1.01,-0.36,-0.06,-0.11
0.0,0.01,1.01,-0.34,-0.07,-0.11
-0.01,0.01,1.01,-0.32,-0.08,-0.13
-0.01,0.01,1.0,-0.27,-0.09,-0.13
-0.02,-0.01,1.01,-0.23,-0.12,-0.13
-0.02,-0.0,1.02,-0.17,-0.1,-0.14
-0.0,-0.01,1.04,-0.1,-0.15,-0.12
0.01,-0.01,1.04,-0.05,-0.15,-0.11
0.02,-0.01,1.01,-0.02,-0.17,-0.11
0.02,-0.01,1.0,0.02,-0.14,-0.12
0.02,0.01,1.0,0.05,-0.12,-0.11
0.02,0.04,1.01,0.04,-0.09,-0.1
0.02,0.05,1.0,0.01,-0.08,-0.07
0.02,0.05,0.99,0.0,-0.07,-0.04
0.04,0.05,0.99,-0.02,-0.04,-0.04
0.04,0.05,0.98,-0.02,-0.03,-0.02
0.04,0.06,0.98,-0.04,0.0,-0.02
0.04,0.07,0.99,-0.04,0.01,-0.02
0.05,0.07,0.98,-0.08,0.01,-0.03
0.04,0.07,0.97,-0.09,0.02,-0.04
0.03,0.08,0.97,-0.13,0.02,-0.03
0.03,0.07,0.99,-0.12,0.03,-0.04
0.02,0.07,0.99,-0.12,0.02,-0.02
0.01,0.08,0.98,-0.12,0.02,0.01
0.01,0.08,0.97,-0.12,0.01,0.02
0.01,0.09,0.96,-0.09,-0.0,0.03
0.01,0.09,0.97,-0.08,-0.01,0.04
0.01,0.08,0.97,-0.06,-0.03,0.04
0.02,0.07,0.97,-0.04,-0.07,0.03
0.03,0.06,0.97,-0.02,-0.08,0.03
0.04,0.05,0.96,-0.0,-0.07,0.02
0.04,0.05,0.95,0.01,-0.07,0.01
0.04,0.06,0.97,0.01,-0.07,-0.0
0.03,0.06,0.98,0.02,-0.08,0.0
0.02,0.07,0.98,0.01,-0.08,0.0
0.03,0.05,0.98,0.01,-0.1,0.01
0.02,0.04,0.99,0.01,-0.09,0.03
0.03,0.03,0.99,0.02,-0.09,0.03
0.02,0.03,0.99,0.01,-0.07,0.04
0.02,0.03,0.99,0.01,-0.08,0.05
0.02,0.03,0.99,0.02,-0.07,0.08
0.02,0.02,0.98,0.01,-0.05,0.08
0.01,0.03,0.98,-0.01,-0.03,0.1
0.02,0.04,0.98,-0.01,-0.01,0.13
0.01,0.04,0.98,-0.02,-0.0,0.15
0.02,0.04,0.97,-0.04,0.01,0.18
0.01,0.05,0.97,-0.03,0.0,0.19
0.02,0.06,0.97,-0.02,-0.01,0.2
0.03,0.06,0.97,-0.03,-0.03,0.2
0.04,0.06,0.96,-0.03,-0.06,0.19
0.05,0.05,0.95,-0.05,-0.07,0.17
0.06,0.05,0.97,-0.06,-0.06,0.15
0.07,0.05,0.97,-0.05,-0.05,0.14
0.07,0.04,0.96,-0.05,-0.05,0.12
0.07,0.05,0.96,-0.06,-0.03,0.1
0.07,0.06,0.97,-0.06,-0.03,0.09
0.07,0.07,0.97,-0.07,-0.01,0.09
0.07,0.06,0.97,-0.08,-0.01,0.07
0.07,0.07,0.96,-0.09,-0.01,0.05
0.07,0.06,0.95,-0.11,-0.0,0.02
0.07,0.05,0.95,-0.1,-0.01,-0.0
0.06,0.05,0.96,-0.09,-0.01,-0.03
0.06,0.07,0.95,-0.1,-0.01,-0.06
0.05,0.06,0.97,-0.11,-0.0,-0.06
0.04,0.07,0.97,-0.11,-0.01,-0.08
0.04,0.07,0.97,-0.11,-0.01,-0.08
0.02,0.07,0.97,-0.12,-0.01,-0.08
0.02,0.05,0.97,-0.14,-0.01,-0.06
0.02,0.04,0.98,-0.14,-0.01,-0.06
0.02,0.03,0.98,-0.14,-0.02,-0.06
0.02,0.02,0.98,-0.12,-0.01,-0.05
0.01,0.01,0.97,-0.09,-0.01,-0.05
0.0,0.02,0.97,-0.08,0.01,-0.06
-0.01,0.03,0.98,-0.05,0.0,-0.06
-0.02,0.04,0.99,-0.04,-0.0,-0.06
-0.02,0.04,0.99,-0.01,-0.03,-0.04
-0.01,0.03,0.98,-0.01,-0.03,-0.04
0.01,0.02,0.96,-0.01,-0.03,-0.03
0.0,0.02,0.95,0.0,-0.0,-0.04
0.0,0.03,0.96,0.02,0.01,-0.03
-0.01,0.04,0.98,0.02,0.02,-0.02
-0.01,0.04,0.98,0.01,0.02,-0.01
-0.02,0.05,0.96,0.02,0.02,0.0
-0.01,0.05,0.96,0.02,0.03,0.02
-0.0,0.04,0.96,0.02,0.01,0.03
0.0,0.04,0.96,0.02,0.01,0.02
-0.0,0.06,0.94,0.03,0.01,0.01
-0.01,0.08,0.94,0.02,0.01,0.0
-0.02,0.08,0.95,0.04,0.07,-0.06
-0.01,0.08,0.96,0.01,-0.03,0.02
0.0,0.06,0.96,0.01,-0.04,0.02
0.02,0.06,0.96,0.02,-0.05,0.03
0.02,0.06,0.95,0.02,-0.06,0.04
0.02,0.06,0.96,0.02,-0.05,0.03
0.03,0.05,0.96,0.0,-0.05,0.03
0.04,0.05,0.95,-0.0,-0.07,0.03
0.03,0.05,0.95,-0.02,-0.04,0.02
0.03,0.05,0.95,-0.02,-0.04,0.01
0.02,0.06,0.96,-0.05,-0.03,0.02
0.02,0.07,0.96,-0.05,-0.03,0.02
0.02,0.07,0.95,-0.05,-0.04,0.04
0.02,0.06,0.96,-0.05,-0.05,0.05
0.02,0.06,0.95,-0.04,-0.05,0.04
0.02,0.06,0.94,-0.03,-0.05,0.04
0.03,0.07,0.93,-0.01,-0.06,0.03
0.02,0.08,0.93,0.0,-0.08,0.04
0.02,0.1,0.92,0.01,-0.07,0.02
0.01,0.11,0.91,0.02,-0.08,0.02
0.01,0.13,0.9,0.02,-0.1,0.02
0.0,0.14,0.89,0.02,-0.13,0.03
0.0,0.15,0.88,0.02,-0.13,0.03
-0.0,0.16,0.87,0.02,-0.16,0.04
-0.0,0.17,0.88,0.01,-0.18,0.03
-0.0,0.18,0.87,0.01,-0.22,0.03
-0.01,0.19,0.86,-0.0,-0.24,0.05
-0.0,0.2,0.85,-0.02,-0.28,0.04
-0.01,0.2,0.84,-0.03,-0.3,0.04
-0.01,0.21,0.84,-0.05,-0.34,0.06
-0.01,0.22,0.84,-0.07,-0.35,0.06
-0.0,0.24,0.83,-0.09,-0.38,0.08
0.0,0.26,0.83,-0.15,-0.4,0.08
-0.01,0.28,0.81,-0.19,-0.44,0.1
-0.02,0.27,0.8,-0.26,-0.48,0.13
-0.02,0.27,0.81,-0.3,-0.5,0.14
-0.02,0.25,0.83,-0.33,-0.54,0.14
-0.02,0.24,0.81,-0.35,-0.59,0.15
-0.02,0.2,0.8,-0.37,-0.63,0.14
-0.02,0.18,0.81,-0.37,-0.67,0.12
-0.01,0.15,0.82,-0.35,-0.69,0.09
-0.01,0.14,0.81,-0.31,-0.73,0.09
-0.02,0.14,0.81,-0.28,-0.75,0.08
-0.03,0.14,0.81,-0.25,-0.77,0.07
-0.04,0.14,0.81,-0.21,-0.8,0.08
-0.04,0.16,0.82,-0.18,-0.83,0.09
-0.03,0.18,0.83,-0.16,-0.85,0.1
-0.03,0.18,0.83,-0.15,-0.9,0.11
-0.02,0.18,0.8,-0.15,-0.96,0.12
-0.01,0.16,0.79,-0.17,-1.0,0.12
0.01,0.13,0.79,-0.15,-1.02,0.1
0.01,0.13,0.82,-0.12,-1.03,0.08
0.02,0.15,0.85,-0.11,-1.08,0.07
0.03,0.16,0.85,-0.08,-1.16,0.06
0.04,0.14,0.84,-0.09,-1.21,0.04
0.04,0.12,0.83,-0.11,-1.26,0.01
0.05,0.1,0.84,-0.12,-1.26,-0.04
0.05,0.09,0.87,-0.11,-1.29,-0.05
0.05,0.1,0.88,-0.13,-1.29,-0.05
0.06,0.1,0.88,-0.15,-1.31,-0.05
0.06,0.09,0.86,-0.19,-1.31,-0.04
0.05,0.08,0.85,-0.22,-1.32,-0.03
0.04,0.06,0.86,-0.26,-1.28,-0.04
0.03,0.07,0.88,-0.27,-1.26,-0.02
0.03,0.08,0.91,-0.3,-1.25,-0.0
0.03,0.08,0.92,-0.33,-1.29,0.02
0.03,0.06,0.9,-0.36,-1.31,0.04
0.03,0.04,0.88,-0.4,-1.31,0.05
0.02,0.01,0.88,-0.41,-1.28,0.05
0.02,0.01,0.89,-0.4,-1.27,0.06
0.02,0.01,0.91,-0.4,-1.25,0.06
0.02,0.0,0.92,-0.37,-1.26,0.07
0.02,-0.01,0.9,-0.35,-1.26,0.07
0.02,-0.04,0.88,-0.3,-1.27,0.07
0.03,-0.05,0.87,-0.25,-1.23,0.06
0.03,-0.04,0.89,-0.19,-1.2,0.04
0.04,-0.01,0.92,-0.13,-1.22,0.02
0.04,0.02,0.9,-0.09,-1.25,-0.01
0.04,0.04,0.87,-0.06,-1.31,-0.03
0.03,0.04,0.85,-0.07,-1.34,-0.06
0.02,0.05,0.87,-0.07,-1.36,-0.09
0.02,0.07,0.9,-0.08,-1.4,-0.09
0.03,0.07,0.9,-0.1,-1.44,-0.08
0.03,0.06,0.9,-0.12,-1.47,-0.07
0.03,0.04,0.89,-0.16,-1.5,-0.06
0.02,0.02,0.9,-0.19,-1.51,-0.06
0.03,0.02,0.93,-0.22,-1.5,-0.06
0.04,-0.0,0.96,-0.24,-1.52,-0.04
0.05,-0.02,0.96,-0.27,-1.5,-0.03
0.06,-0.05,0.97,-0.31,-1.49,-0.03
0.07,-0.09,0.98,-0.36,-1.45,-0.02
0.08,-0.11,0.99,-0.4,-1.36,-0.01
0.09,-0.11,1.01,-0.43,-1.29,-0.01
0.09,-0.12,1.01,-0.47,-1.22,-0.0
0.08,-0.12,1.01,-0.49,-1.12,-0.0
0.05,-0.1,1.01,-0.51,-1.06,0.0
0.02,-0.08,1.01,-0.53,-0.99,0.01
0.01,-0.04,1.02,-0.52,-0.95,0.02
0.0,-0.01,1.02,-0.53,-0.95,0.06
0.0,-0.01,1.0,-0.52,-0.98,0.07
-0.0,-0.03,0.97,-0.5,-1.01,0.06
-0.01,-0.04,0.96,-0.48,-1.04,0.05
-0.03,-0.03,0.97,-0.41,-1.03,0.03
-0.04,-0.0,1.0,-0.36,-1.05,0.01
-0.03,0.03,1.01,-0.3,-1.12,0.02
-0.01,0.02,1.0,-0.27,-1.2,0.03
0.0,-0.01,0.98,-0.24,-1.24,0.01
0.02,-0.04,0.97,-0.24,-1.26,-0.01
0.02,-0.05,0.99,-0.22,-1.27,-0.01
0.01,-0.05,1.03,-0.17,-1.27,-0.0
0.01,-0.05,1.04,-0.11,-1.24,-0.01
0.01,-0.05,1.03,-0.06,-1.22,-0.01
0.01,-0.05,1.01,-0.05,-1.2,-0.02
0.02,-0.05,1.01,-0.04,-1.19,-0.01
0.02,-0.06,1.02,-0.01,-1.15,-0.01
0.03,-0.06,1.02,0.0,-1.09,0.01
0.03,-0.03,1.01,0.01,-1.03,0.03
0.03,-0.01,1.0,0.0,-1.01,0.05
0.04,0.01,0.99,-0.0,-1.01,0.09
0.04,0.02,0.99,-0.03,-1.0,0.11
0.04,0.03,0.98,-0.06,-0.99,0.14
0.05,0.03,0.97,-0.07,-1.02,0.16
0.06,0.02,0.97,-0.09,-1.02,0.15
0.06,0.0,0.96,-0.1,-1.01,0.14
0.06,-0.01,0.95,-0.13,-1.01,0.13
0.04,-0.0,0.95,-0.12,-1.01,0.13
0.03,0.02,0.95,-0.1,-1.0,0.12
0.02,0.03,0.95,-0.09,-1.04,0.12
0.03,0.03,0.94,-0.06,-1.05,0.12
0.03,0.04,0.91,-0.05,-1.08,0.13
0.03,0.05,0.9,-0.04,-1.09,0.12
0.04,0.05,0.87,-0.04,-1.08,0.11
0.05,0.06,0.87,-0.05,-1.1,0.11
0.05,0.08,0.86,-0.08,-1.11,0.12
0.06,0.07,0.87,-0.09,-1.14,0.12
0.06,0.06,0.86,-0.13,-1.17,0.12
0.06,0.04,0.86,-0.16,-1.19,0.12
0.04,0.03,0.86,-0.17,-1.2,0.12
0.05,0.03,0.87,-0.16,-1.18,0.14
0.06,0.02,0.88,-0.16,-1.17,0.14
0.06,0.03,0.86,-0.16,-1.16,0.16
0.06,0.03,0.86,-0.15,-1.18,0.17
0.06,0.04,0.87,-0.17,-1.2,0.16
0.07,0.05,0.88,-0.17,-1.23,0.16
0.07,0.03,0.9,-0.19,-1.27,0.17
0.07,0.01,0.9,-0.21,-1.3,0.17
0.07,-0.03,0.92,-0.21,-1.31,0.14
0.07,-0.04,0.93,-0.16,-1.2,-0.01
0.06,-0.03,0.96,-0.2,-1.3,0.14
0.06,-0.01,0.96,-0.19,-1.3,0.16
0.06,0.01,0.95,-0.18,-1.3,0.15
0.07,0.01,0.93,-0.2,-1.32,0.18
0.06,-0.01,0.93,-0.24,-1.32,0.18
0.06,-0.02,0.92,-0.27,-1.32,0.18
0.05,-0.01,0.92,-0.28,-1.3,0.18
0.05,-0.0,0.92,-0.27,-1.29,0.2
0.05,0.01,0.91,-0.28,-1.33,0.22
0.04,-0.0,0.92,-0.29,-1.37,0.23
0.05,-0.03,0.92,-0.29,-1.38,0.24
0.06,-0.05,0.94,-0.27,-1.4,0.23
0.07,-0.08,0.97,-0.26,-1.4,0.22
0.07,-0.1,1.0,-0.23,-1.42,0.2
0.07,-0.11,1.02,-0.17,-1.41,0.17
0.08,-0.12,1.02,-0.11,-1.38,0.14
0.08,-0.1,1.03,-0.04,-1.37,0.11
0.07,-0.07,1.02,0.0,-1.38,0.09
0.07,-0.04,0.99,0.06,-1.36,0.06
0.06,-0.03,0.97,0.06,-1.37,0.05
0.06,-0.01,0.97,0.06,-1.39,0.05
0.06,0.01,0.96,0.04,-1.41,0.06
0.05,0.03,0.95,0.01,-1.42,0.07
0.05,0.02,0.93,-0.03,-1.41,0.1
0.05,0.01,0.91,-0.08,-1.4,0.12
0.04,0.02,0.91,-0.14,-1.41,0.15
0.03,0.03,0.91,-0.17,-1.4,0.18
0.02,0.02,0.91,-0.21,-1.41,0.22
0.02,0.0,0.9,-0.23,-1.41,0.26
0.03,-0.02,0.92,-0.23,-1.45,0.3
0.04,-0.05,0.95,-0.21,-1.45,0.29
0.03,-0.07,1.01,-0.17,-1.47,0.29
0.04,-0.09,1.03,-0.08,-1.5,0.27
0.08,-0.09,1.03,0.0,-1.55,0.23
0.1,-0.11,1.04,0.07,-1.58,0.16
0.09,-0.11,1.05,0.11,-1.6,0.09
0.06,-0.09,1.06,0.15,-1.59,0.03
0.04,-0.06,1.04,0.19,-1.6,0.0
0.01,-0.01,1.04,0.24,-1.63,0.02
-0.0,0.02,1.03,0.25,-1.66,0.07
0.0,0.02,1.03,0.24,-1.68,0.1
0.01,-0.0,1.03,0.21,-1.71,0.13
0.01,-0.01,1.02,0.18,-1.7,0.14
0.01,-0.01,1.02,0.12,-1.66,0.16
0.0,-0.0,1.01,0.05,-1.63,0.2
-0.01,0.02,0.98,-0.0,-1.6,0.25
-0.01,0.02,0.96,-0.06,-1.54,0.31
-0.01,0.03,0.94,-0.12,-1.49,0.39
-0.01,0.04,0.91,-0.19,-1.47,0.47
-0.01,0.03,0.88,-0.24,-1.46,0.53
-0.01,0.02,0.87,-0.28,-1.45,0.58
0.0,-0.0,0.88,-0.3,-1.46,0.61
0.03,-0.02,0.92,-0.31,-1.5,0.63
0.05,-0.03,0.96,-0.28,-1.58,0.61
0.05,-0.04,0.98,-0.25,-1.63,0.57
0.05,-0.06,1.01,-0.23,-1.68,0.52
0.06,-0.09,1.07,-0.19,-1.73,0.47
0.08,-0.1,1.14,-0.14,-1.79,0.41
0.08,-0.11,1.19,-0.08,-1.81,0.33
0.08,-0.12,1.21,-0.02,-1.83,0.29
0.07,-0.12,1.22,0.02,-1.79,0.21
0.06,-0.1,1.21,0.06,-1.73,0.17
0.03,-0.07,1.19,0.09,-1.67,0.14
0.02,-0.06,1.17,0.08,-1.58,0.14
0.01,-0.04,1.14,0.08,-1.49,0.15
-0.0,-0.03,1.11,0.06,-1.4,0.19
-0.01,-0.02,1.07,0.04,-1.31,0.23
-0.0,-0.01,1.02,0.01,-1.21,0.28
0.02,0.02,0.96,-0.04,-1.12,0.35
0.03,0.03,0.91,-0.09,-1.1,0.42
0.04,0.03,0.89,-0.14,-1.07,0.47
0.05,0.03,0.87,-0.18,-1.08,0.5
0.06,0.01,0.86,-0.21,-1.11,0.54
0.07,-0.0,0.85,-0.23,-1.16,0.54
0.08,-0.01,0.85,-0.21,-1.2,0.52
0.1,-0.02,0.85,-0.18,-1.25,0.5
0.09,-0.01,0.86,-0.15,-1.32,0.45
0.08,0.01,0.87,-0.1,-1.43,0.41
0.09,0.01,0.87,-0.06,-1.54,0.38
0.1,0.01,0.89,-0.03,-1.64,0.35
0.1,-0.02,0.96,-0.0,-1.74,0.31
0.11,-0.05,1.02,-0.0,-1.79,0.28
0.12,-0.06,1.07,-0.0,-1.78,0.22
0.12,-0.06,1.12,-0.02,-1.76,0.2
0.1,-0.05,1.14,-0.07,-1.7,0.19
0.09,-0.04,1.15,-0.09,-1.64,0.2
0.08,-0.05,1.17,-0.14,-1.53,0.19
0.06,-0.04,1.17,-0.2,-1.44,0.21
0.06,-0.03,1.17,-0.24,-1.36,0.25
0.05,-0.02,1.16,-0.28,-1.31,0.27
0.04,-0.01,1.14,-0.31,-1.24,0.32
0.05,-0.01,1.12,-0.33,-1.2,0.34
0.04,-0.03,1.1,-0.35,-1.16,0.35
0.05,-0.05,1.1,-0.31,-1.16,0.35
0.05,-0.05,1.1,-0.28,-1.17,0.31
0.04,-0.05,1.08,-0.23,-1.17,0.28
0.04,-0.05,1.06,-0.17,-1.17,0.24
0.04,-0.04,1.01,-0.08,-1.19,0.2
0.04,-0.02,0.95,0.01,-1.23,0.17
0.05,-0.0,0.9,0.03,-1.28,0.17
0.05,0.02,0.87,0.07,-1.39,0.18
0.05,0.03,0.86,0.09,-1.5,0.21
0.06,0.02,0.88,0.09,-1.61,0.24
0.08,0.01,0.91,0.06,-1.7,0.27
0.09,-0.0,0.95,0.05,-1.77,0.29
0.1,-0.02,1.01,0.04,-1.8,0.28
0.11,-0.05,1.07,0.01,-1.82,0.27
0.13,-0.08,1.14,-0.03,-1.79,0.24
0.14,-0.07,1.18,-0.08,-1.72,0.2
0.14,-0.06,1.19,-0.1,-1.66,0.16
0.13,-0.04,1.17,-0.17,-1.56,0.13
0.12,-0.03,1.15,-0.23,-1.51,0.11
0.11,-0.02,1.13,-0.28,-1.47,0.12
0.11,-0.02,1.13,-0.32,-1.46,0.12
0.09,-0.01,1.11,-0.35,-1.45,0.11
0.07,-0.01,1.1,-0.37,-1.42,0.11
0.06,-0.01,1.07,-0.37,-1.41,0.1
0.05,-0.0,1.06,-0.36,-1.43,0.09
0.04,0.0,1.05,-0.37,-1.46,0.09
0.03,0.0,1.04,-0.36,-1.47,0.11
0.02,-0.0,1.04,-0.35,-1.51,0.13
0.01,0.01,1.02,-0.33,-1.55,0.14
0.01,0.01,1.03,-0.31,-1.6,0.15
0.01,-0.0,1.04,-0.3,-1.65,0.17
0.01,-0.01,1.07,-0.27,-1.67,0.17
0.01,-0.02,1.11,-0.26,-1.69,0.16
-0.0,-0.02,1.14,-0.22,-1.69,0.15
-0.01,-0.0,1.14,-0.2,-1.66,0.14
0.0,-0.0,1.14,-0.19,-1.61,0.13
0.01,-0.02,1.15,-0.18,-1.61,0.12
0.01,-0.0,1.15,-0.18,-1.56,0.11
-0.0,-0.0,1.14,-0.19,-1.52,0.1
0.01,-0.0,1.12,-0.18,-1.48,0.1
-0.0,-0.01,1.1,-0.18,-1.46,0.11
-0.01,-0.0,1.07,-0.18,-1.47,0.13
-0.01,0.01,1.06,-0.18,-1.46,0.16
-0.02,0.01,1.05,-0.17,-1.46,0.19
-0.01,0.01,1.04,-0.15,-1.46,0.23
-0.01,0.01,1.02,-0.12,-1.5,0.26
-0.0,0.01,1.03,-0.09,-1.53,0.3
0.0,0.01,1.03,-0.07,-1.58,0.32
0.02,0.01,1.03,-0.03,-1.61,0.33
0.03,0.0,1.03,-0.0,-1.65,0.34
0.05,0.0,1.02,0.03,-1.68,0.32
0.05,-0.0,1.03,0.02,-1.72,0.31
0.06,-0.01,1.03,0.04,-1.78,0.3
0.06,-0.0,1.05,0.05,-1.82,0.29
0.05,-0.01,1.06,0.06,-1.85,0.28
0.06,0.0,1.08,0.05,-1.87,0.27
0.05,-0.0,1.08,0.07,-1.9,0.27
0.05,-0.0,1.09,0.06,-1.88,0.26
0.06,-0.01,1.11,0.05,-1.89,0.25
0.06,-0.01,1.13,0.05,-1.87,0.25
0.07,-0.0,1.14,0.05,-1.85,0.24
0.07,0.01,1.13,0.03,-1.86,0.24
0.06,0.01,1.12,0.02,-1.87,0.24
0.06,0.01,1.13,-0.0,-1.86,0.25
0.06,0.01,1.12,-0.02,-1.87,0.25
0.06,0.03,1.13,-0.03,-1.88,0.25
0.06,0.03,1.13,-0.04,-1.89,0.24
0.05,0.04,1.14,-0.05,-1.91,0.27
0.05,0.03,1.15,-0.08,-1.91,0.26
0.04,0.04,1.17,-0.1,-1.93,0.25
0.03,0.04,1.18,-0.11,-1.95,0.23
0.01,0.07,1.18,-0.11,-1.95,0.21
-0.01,0.07,1.18,-0.12,-1.95,0.2
-0.01,0.08,1.18,-0.11,-1.97,0.19
-0.03,0.07,1.2,-0.11,-1.95,0.17
-0.04,0.08,1.21,-0.1,-1.94,0.16
-0.05,0.09,1.21,-0.1,-1.95,0.15
-0.05,0.09,1.21,-0.1,-1.92,0.15
-0.05,0.08,1.2,-0.1,-1.9,0.13
-0.06,0.09,1.21,-0.1,-1.88,0.14
-0.06,0.09,1.2,-0.1,-1.86,0.15
-0.08,0.09,1.2,-0.1,-1.85,0.14
-0.07,0.09,1.19,-0.09,-1.82,0.14
-0.08,0.08,1.17,-0.09,-1.79,0.15
-0.09,0.08,1.16,-0.08,-1.79,0.16
-0.09,0.08,1.15,-0.07,-1.81,0.18
-0.1,0.1,1.16,-0.05,-1.82,0.19
-0.1,0.12,1.17,-0.0,-1.84,0.2
-0.11,0.14,1.18,0.02,-1.85,0.21
-0.11,0.14,1.2,0.05,-1.87,0.22
-0.11,0.14,1.21,0.07,-1.84,0.21
-0.11,0.15,1.22,0.09,-1.81,0.19
-0.12,0.17,1.22,0.07,-1.84,0.19
-0.12,0.17,1.22,0.08,-1.75,0.17
-0.13,0.18,1.21,0.09,-1.71,0.16
-0.13,0.19,1.22,0.06,-1.65,0.16
-0.15,0.19,1.23,0.07,-1.62,0.18
-0.15,0.19,1.24,0.06,-1.54,0.16
-0.15,0.2,1.23,0.06,-1.48,0.16
-0.14,0.2,1.2,0.06,-1.41,0.17
-0.12,0.2,1.18,0.06,-1.33,0.16
-0.11,0.19,1.16,0.05,-1.28,0.18
-0.09,0.18,1.14,0.02,-1.24,0.19
-0.09,0.18,1.12,-0.02,-1.2,0.2
-0.08,0.19,1.11,-0.05,-1.18,0.22
-0.08,0.21,1.11,-0.09,-1.16,0.23
-0.08,0.2,1.1,-0.12,-1.13,0.23
-0.08,0.21,1.12,-0.14,-1.11,0.24
-0.08,0.2,1.12,-0.18,-1.06,0.22
-0.08,0.2,1.13,-0.21,-1.04,0.21
-0.07,0.21,1.14,-0.25,-0.98,0.18
-0.06,0.21,1.15,-0.29,-0.92,0.16
-0.04,0.22,1.16,-0.33,-0.88,0.13
-0.05,0.22,1.19,-0.39,-0.83,0.1
-0.04,0.23,1.19,-0.43,-0.76,0.07
-0.03,0.22,1.16,-0.47,-0.71,0.03
-0.03,0.22,1.12,-0.52,-0.69,0.02
-0.04,0.23,1.1,-0.57,-0.67,0.01
-0.03,0.23,1.09,-0.61,-0.65,0.0
-0.04,0.23,1.09,-0.63,-0.64,-0.01
-0.06,0.23,1.09,-0.65,-0.62,-0.02
-0.09,0.24,1.09,-0.68,-0.64,-0.02
-0.12,0.25,1.09,-0.69,-0.62,-0.03
-0.14,0.28,1.09,-0.68,-0.6,-0.05
-0.16,0.28,1.09,-0.65,-0.57,-0.06
-0.19,0.29,1.1,-0.61,-0.54,-0.07
-0.21,0.28,1.1,-0.57,-0.51,-0.09
-0.23,0.29,1.08,-0.52,-0.49,-0.1
-0.25,0.31,1.05,-0.46,-0.46,-0.1
-0.26,0.33,1.05,-0.39,-0.43,-0.07
-0.27,0.33,1.06,-0.32,-0.38,-0.08
-0.27,0.31,1.08,-0.23,-0.34,-0.06
-0.28,0.31,1.08,-0.15,-0.31,-0.05
-0.27,0.31,1.07,-0.07,-0.28,-0.04
-0.26,0.3,1.07,-0.0,-0.23,-0.04
-0.24,0.27,1.07,0.07,-0.15,-0.02
-0.22,0.24,1.05,0.12,-0.13,-0.01
-0.2,0.21,1.03,0.15,-0.09,-0.0
-0.17,0.2,1.02,0.18,-0.07,0.04
-0.15,0.2,1.01,0.2,-0.05,0.07
-0.13,0.18,1.03,0.2,-0.03,0.09
-0.11,0.17,1.04,0.21,-0.04,0.11
-0.09,0.16,1.04,0.22,-0.03,0.11
-0.06,0.15,1.04,0.21,-0.02,0.1
-0.04,0.15,1.05,0.2,-0.01,0.09
-0.02,0.15,1.05,0.17,-0.03,0.09
-0.01,0.14,1.05,0.15,-0.02,0.07
0.01,0.13,1.05,0.1,-0.04,0.05
0.02,0.14,1.06,0.06,-0.05,0.04
0.01,0.16,1.06,0.02,-0.07,0.03
0.01,0.17,1.07,-0.04,-0.07,0.01
-0.01,0.18,1.07,-0.06,-0.06,-0.01
-0.03,0.19,1.07,-0.1,-0.06,-0.03
-0.05,0.21,1.07,-0.12,-0.05,-0.04
-0.07,0.21,1.08,-0.14,-0.03,-0.05
-0.09,0.22,1.08,-0.13,-0.0,-0.06
-0.1,0.21,1.07,-0.12,0.02,-0.07
-0.13,0.21,1.05,-0.1,0.06,-0.08
-0.12,0.2,1.03,-0.09,0.08,-0.06
-0.12,0.19,1.01,-0.07,0.11,-0.05
-0.12,0.18,1.0,-0.04,0.11,-0.03
-0.12,0.17,1.01,-0.03,0.12,0.0
-0.12,0.17,1.01,0.0,0.14,0.01
-0.11,0.18,1.02,0.03,0.13,0.04
-0.11,0.19,1.03,0.05,0.14,0.05
-0.11,0.21,1.04,0.09,0.11,0.05
-0.12,0.22,1.06,0.12,0.14,0.06
-0.11,0.22,1.06,0.18,0.14,0.05
-0.11,0.22,1.09,0.21,0.18,0.01
-0.1,0.21,1.1,0.22,0.19,-0.01
-0.1,0.23,1.09,0.24,0.21,-0.02
-0.08,0.23,1.07,0.24,0.24,-0.04
-0.08,0.24,1.07,0.24,0.25,-0.04
-0.07,0.24,1.06,0.23,0.27,-0.03
-0.07,0.25,1.08,0.21,0.29,-0.04
-0.07,0.25,1.09,0.18,0.33,-0.05
-0.07,0.26,1.1,0.16,0.36,-0.05
-0.07,0.27,1.09,0.12,0.4,-0.06
-0.09,0.28,1.1,0.1,0.41,-0.07
-0.1,0.28,1.1,0.09,0.45,-0.08
-0.12,0.29,1.09,0.09,0.49,-0.09
-0.12,0.3,1.08,0.09,0.49,-0.1
-0.14,0.32,1.08,0.17,0.67,-0.24
-0.15,0.33,1.1,0.12,0.53,-0.09
-0.16,0.35,1.11,0.15,0.53,-0.1
-0.18,0.35,1.13,0.2,0.55,-0.11
-0.19,0.37,1.15,0.23,0.59,-0.14
-0.19,0.36,1.17,0.27,0.63,-0.15
-0.2,0.35,1.2,0.3,0.7,-0.19
-0.19,0.34,1.23,0.32,0.76,-0.22
-0.18,0.33,1.24,0.33,0.85,-0.25
-0.18,0.31,1.24,0.32,0.95,-0.28
-0.16,0.3,1.25,0.3,1.04,-0.3
-0.14,0.3,1.24,0.27,1.12,-0.3
-0.13,0.28,1.23,0.23,1.22,-0.31
-0.12,0.26,1.23,0.14,1.3,-0.31
-0.11,0.26,1.23,0.08,1.36,-0.31
-0.09,0.26,1.2,0.01,1.43,-0.3
-0.1,0.26,1.2,-0.06,1.48,-0.3
-0.11,0.26,1.21,-0.12,1.5,-0.29
-0.12,0.25,1.21,-0.17,1.54,-0.28
-0.12,0.24,1.24,-0.22,1.56,-0.29
-0.12,0.24,1.25,-0.26,1.59,-0.32
-0.14,0.26,1.27,-0.29,1.61,-0.33
-0.15,0.25,1.29,-0.33,1.64,-0.36
-0.16,0.27,1.31,-0.35,1.66,-0.37
-0.18,0.27,1.33,-0.38,1.72,-0.37
-0.21,0.25,1.38,-0.36,1.76,-0.39
-0.21,0.22,1.41,-0.36,1.82,-0.39
-0.22,0.24,1.4,-0.35,1.87,-0.36
-0.23,0.25,1.39,-0.33,2.0,-0.32
-0.26,0.28,1.37,-0.3,2.11,-0.23
-0.23,0.25,1.35,-0.28,2.22,-0.11
-0.21,0.23,1.33,-0.26,2.34,-0.0
-0.21,0.22,1.31,-0.25,2.45,0.08
-0.2,0.18,1.31,-0.27,2.54,0.15
-0.19,0.16,1.36,-0.27,2.63,0.19
-0.18,0.14,1.35,-0.26,2.74,0.16
-0.16,0.12,1.38,-0.26,2.81,0.13
-0.15,0.11,1.41,-0.26,2.9,0.07
-0.14,0.11,1.41,-0.25,2.96,0.01
-0.13,0.09,1.42,-0.23,3.01,-0.05
-0.11,0.09,1.43,-0.2,3.04,-0.1
-0.11,0.08,1.4,-0.19,3.08,-0.14
-0.09,0.07,1.42,-0.18,3.13,-0.16
-0.07,0.07,1.43,-0.19,3.14,-0.15
-0.06,0.06,1.47,-0.18,3.17,-0.17
-0.04,0.04,1.52,-0.15,3.19,-0.19
-0.03,0.02,1.55,-0.13,3.22,-0.21
-0.02,-0.0,1.57,-0.07,3.24,-0.25
-0.0,-0.03,1.58,-0.01,3.29,-0.32
0.02,-0.06,1.58,0.01,3.36,-0.38
0.05,-0.09,1.56,0.03,3.45,-0.44
0.07,-0.11,1.53,0.04,3.51,-0.49
0.09,-0.14,1.47,0.02,3.59,-0.55
0.1,-0.14,1.4,-0.03,3.65,-0.56
0.12,-0.15,1.37,-0.06,3.68,-0.55
0.12,-0.14,1.34,-0.12,3.7,-0.53
0.11,-0.14,1.31,-0.14,3.67,-0.51
0.12,-0.17,1.31,-0.17,3.64,-0.48
0.11,-0.18,1.3,-0.18,3.61,-0.45
0.11,-0.19,1.3,-0.18,3.6,-0.42
0.12,-0.2,1.31,-0.18,3.62,-0.39
0.13,-0.21,1.29,-0.19,3.63,-0.34
0.14,-0.21,1.31,-0.21,3.65,-0.31
0.16,-0.23,1.3,-0.2,3.63,-0.29
0.18,-0.23,1.29,-0.21,3.67,-0.29
0.19,-0.25,1.28,-0.22,3.68,-0.3
0.22,-0.27,1.26,-0.26,3.68,-0.29
0.23,-0.26,1.26,-0.3,3.69,-0.3
0.25,-0.27,1.25,-0.34,3.69,-0.33
0.25,-0.27,1.23,-0.39,3.67,-0.32
0.24,-0.28,1.21,-0.42,3.67,-0.33
0.24,-0.27,1.18,-0.47,3.68,-0.31
0.24,-0.25,1.16,-0.5,3.67,-0.32
0.24,-0.25,1.15,-0.56,3.63,-0.31
0.23,-0.27,1.16,-0.6,3.57,-0.3
0.22,-0.29,1.2,-0.63,3.51,-0.31
0.2,-0.33,1.23,-0.62,3.46,-0.34
0.17,-0.36,1.26,-0.58,3.44,-0.35
0.15,-0.39,1.27,-0.53,3.49,-0.36
0.12,-0.38,1.25,-0.42,3.51,-0.34
0.1,-0.35,1.23,-0.29,3.52,-0.29
0.1,-0.33,1.2,-0.16,3.5,-0.23
0.11,-0.35,1.17,-0.04,3.48,-0.18
0.13,-0.35,1.13,0.07,3.46,-0.14
0.16,-0.34,1.11,0.15,3.44,-0.11
0.2,-0.33,1.08,0.21,3.39,-0.1
0.24,-0.35,1.07,0.24,3.35,-0.09
0.27,-0.35,1.09,0.25,3.31,-0.1
0.29,-0.34,1.09,0.24,3.28,-0.12
0.3,-0.34,1.09,0.23,3.27,-0.15
0.31,-0.35,1.12,0.21,3.24,-0.18
0.31,-0.36,1.13,0.2,3.18,-0.22
0.29,-0.39,1.13,0.16,3.2,-0.27
0.28,-0.39,1.15,0.12,3.24,-0.3
0.28,-0.37,1.16,0.12,3.23,-0.32
0.27,-0.35,1.18,0.11,3.2,-0.31
0.27,-0.38,1.16,0.1,3.21,-0.32
0.28,-0.41,1.15,0.07,3.27,-0.34
0.29,-0.4,1.15,0.04,3.28,-0.35
0.29,-0.38,1.13,-0.01,3.31,-0.36
0.27,-0.4,1.12,-0.09,3.36,-0.36
0.25,-0.39,1.12,-0.14,3.41,-0.35
0.22,-0.37,1.13,-0.18,3.47,-0.31
0.16,-0.35,1.15,-0.2,3.51,-0.24
0.13,-0.34,1.17,-0.2,3.56,-0.15
0.12,-0.36,1.2,-0.18,3.53,-0.07
0.15,-0.43,1.22,-0.12,3.51,-0.01
0.17,-0.5,1.22,-0.04,3.51,0.01
0.19,-0.54,1.21,0.07,3.58,-0.02
0.19,-0.53,1.17,0.2,3.67,-0.05
0.2,-0.48,1.12,0.33,3.73,-0.07
0.2,-0.4,1.05,0.43,3.76,-0.09
0.24,-0.36,0.99,0.47,3.7,-0.1
0.26,-0.35,0.9,0.45,3.67,-0.12
0.28,-0.34,0.83,0.38,3.66,-0.15
0.29,-0.3,0.8,0.28,3.68,-0.18
0.32,-0.28,0.78,0.18,3.67,-0.21
0.33,-0.29,0.76,0.05,3.67,-0.23
0.3,-0.29,0.75,-0.07,3.66,-0.25
0.27,-0.28,0.75,-0.16,3.68,-0.28
0.25,-0.26,0.76,-0.23,3.67,-0.27
0.21,-0.26,0.74,-0.27,3.7,-0.27
0.17,-0.24,0.73,-0.29,3.72,-0.26
0.14,-0.22,0.74,-0.28,3.69,-0.22
0.13,-0.22,0.75,-0.24,3.65,-0.17
0.13,-0.27,0.73,-0.21,3.63,-0.12
0.13,-0.32,0.7,-0.14,3.62,-0.09
0.11,-0.33,0.69,-0.0,3.62,-0.06
0.09,-0.31,0.68,0.15,3.62,-0.04
0.07,-0.28,0.64,0.3,3.64,-0.01
0.06,-0.23,0.59,0.47,3.6,0.02
0.06,-0.15,0.54,0.61,3.55,0.05
0.05,-0.08,0.49,0.71,3.44,0.09
0.05,-0.05,0.44,0.77,3.35,0.13
0.07,-0.01,0.41,0.81,3.26,0.15
0.1,0.01,0.39,0.81,3.16,0.15
0.13,0.02,0.35,0.81,3.09,0.17
0.14,0.05,0.35,0.8,3.04,0.15
0.17,0.09,0.34,0.78,2.98,0.16
0.19,0.1,0.32,0.74,2.93,0.14
0.19,0.11,0.29,0.72,2.89,0.09
0.17,0.15,0.29,0.68,2.86,0.04
0.16,0.18,0.29,0.62,2.82,-0.01
0.14,0.2,0.3,0.63,2.74,-0.04
0.1,0.2,0.28,0.61,2.71,-0.07
0.06,0.24,0.29,0.62,2.67,-0.09
0.04,0.29,0.33,0.64,2.6,-0.08
0.01,0.33,0.33,0.68,2.52,-0.05
-0.01,0.37,0.33,0.71,2.41,-0.02
-0.03,0.43,0.34,0.73,2.3,0.0
-0.03,0.46,0.34,0.73,2.19,0.02
-0.05,0.49,0.32,0.71,2.06,0.06
-0.05,0.49,0.33,0.72,1.91,0.08
-0.05,0.5,0.34,0.73,1.76,0.09
-0.05,0.5,0.38,0.74,1.63,0.1
-0.05,0.51,0.41,0.78,1.46,0.13
-0.06,0.51,0.42,0.81,1.28,0.13
-0.07,0.49,0.43,0.84,1.12,0.13
-0.05,0.48,0.44,0.85,0.99,0.12
-0.02,0.46,0.45,0.86,0.87,0.09
-0.0,0.46,0.47,0.84,0.77,0.07
0.01,0.47,0.48,0.8,0.7,0.04
0.01,0.48,0.51,0.72,0.65,0.02
0.01,0.48,0.52,0.62,0.57,0.01
0.02,0.45,0.56,0.51,0.48,0.0
0.01,0.41,0.6,0.41,0.43,0.01
-0.0,0.39,0.62,0.34,0.38,0.01
-0.01,0.37,0.66,0.29,0.33,0.01
-0.02,0.35,0.68,0.23,0.26,0.03
-0.03,0.33,0.7,0.18,0.21,0.03
-0.04,0.32,0.72,0.14,0.16,0.05
-0.04,0.29,0.75,0.11,0.12,0.06
-0.04,0.27,0.78,0.11,0.03,0.07
-0.03,0.24,0.79,0.11,-0.05,0.06
-0.03,0.21,0.79,0.12,-0.11,0.06
-0.02,0.2,0.8,0.12,-0.16,0.05
-0.02,0.16,0.82,0.13,-0.21,0.05
-0.02,0.14,0.85,0.14,-0.25,0.03
-0.02,0.12,0.86,0.15,-0.29,0.03
-0.02,0.09,0.87,0.16,-0.32,0.04
-0.02,0.05,0.9,0.19,-0.35,0.04
-0.02,0.03,0.94,0.24,-0.38,0.04
-0.01,0.01,0.96,0.27,-0.4,0.06
0.01,-0.01,0.96,0.34,-0.41,0.07
0.02,-0.04,0.96,0.36,-0.41,0.06
0.04,-0.03,0.96,0.38,-0.38,0.06
0.06,-0.0,0.95,0.35,-0.35,0.06
0.07,0.01,0.95,0.28,-0.32,0.05
0.08,0.01,0.94,0.21,-0.3,0.04
0.09,0.01,0.95,0.11,-0.25,0.04
0.09,0.01,0.96,0.03,-0.19,0.03
0.08,0.01,0.97,-0.04,-0.15,0.03
0.07,0.01,0.98,-0.1,-0.14,0.04
0.07,-0.01,0.99,-0.16,-0.11,0.02
0.05,-0.04,0.98,-0.18,-0.11,0.02
0.05,-0.06,0.99,-0.2,-0.11,0.01
0.04,-0.08,0.99,-0.19,-0.1,-0.01
0.05,-0.1,1.01,-0.17,-0.09,-0.03
0.05,-0.1,1.02,-0.13,-0.09,-0.05
0.04,-0.12,1.02,-0.06,-0.1,-0.06
0.03,-0.12,1.01,0.0,-0.09,-0.06
0.03,-0.1,1.0,0.06,-0.06,-0.08
0.02,-0.08,1.02,0.12,-0.05,-0.07
0.01,-0.05,1.01,0.16,-0.04,-0.07
0.0,-0.03,1.0,0.17,-0.05,-0.04
-0.01,-0.01,1.0,0.17,-0.05,-0.02
-0.0,-0.01,1.0,0.18,-0.04,-0.01
0.0,0.02,1.0,0.17,-0.04,0.03
0.01,0.02,0.99,0.15,-0.04,0.04
0.02,0.03,0.98,0.12,-0.02,0.06
0.04,0.03,0.97,0.06,-0.01,0.07
0.05,0.03,0.96,0.01,0.03,0.08
0.07,0.02,0.97,-0.06,0.03,0.09
0.07,0.02,0.96,-0.09,0.06,0.09
0.06,0.01,0.95,-0.13,0.08,0.08
0.05,-0.0,0.96,-0.14,0.1,0.07
0.05,-0.01,0.97,-0.15,0.1,0.07
0.04,-0.01,0.97,-0.11,0.1,0.04
0.02,-0.01,0.97,-0.07,0.09,0.03
0.0,-0.01,0.98,-0.05,0.09,0.02
-0.01,-0.0,0.99,-0.0,0.04,0.02
-0.01,0.0,0.99,0.06,0.02,0.02
-0.01,0.0,1.0,0.1,0.01,0.04
-0.0,0.01,0.99,0.15,-0.0,0.06
0.01,0.03,0.99,0.15,-0.01,0.07
0.03,0.04,0.99,0.17,-0.03,0.1
0.06,0.05,0.98,0.17,-0.05,0.11
0.06,0.04,0.96,0.12,-0.03,0.11
0.07,0.04,0.95,0.08,-0.03,0.1
0.07,0.04,0.95,0.04,0.0,0.09
0.08,0.04,0.96,0.0,0.03,0.09
0.08,0.04,0.96,-0.04,0.05,0.09
0.08,0.03,0.96,-0.09,0.04,0.09
0.07,0.02,0.95,-0.1,0.06,0.07
0.06,0.02,0.96,-0.12,0.06,0.06
0.06,0.01,0.96,-0.14,0.08,0.05
0.04,0.0,0.98,-0.15,0.08,0.05
0.03,-0.01,0.98,-0.13,0.07,0.05
0.02,-0.01,0.99,-0.11,0.07,0.04
0.01,-0.0,0.99,-0.09,0.07,0.05
0.02,-0.01,1.0,-0.08,0.04,0.06
0.02,-0.0,1.0,-0.06,0.03,0.05
0.02,-0.01,0.99,-0.05,0.03,0.06
0.02,-0.01,0.98,-0.05,0.03,0.06
0.03,-0.02,0.98,-0.04,0.03,0.07
0.04,-0.01,0.99,-0.04,0.03,0.06
0.05,-0.01,0.99,-0.04,0.02,0.05
0.05,-0.03,0.98,-0.05,0.02,0.05
0.06,-0.03,0.98,-0.06,0.0,0.06
0.05,-0.04,0.98,-0.06,0.02,0.04
0.05,-0.05,0.99,-0.08,0.03,0.03
0.04,-0.06,0.98,-0.06,0.06,0.04
0.04,-0.06,0.97,-0.04,0.07,0.04
0.03,-0.06,0.98,-0.01,0.1,0.05
0.02,-0.04,0.98,0.01,0.11,0.05
0.01,-0.02,0.98,0.03,0.12,0.08
0.01,0.0,0.96,0.04,0.13,0.1
0.01,0.02,0.95,0.07,0.12,0.1
0.02,0.04,0.94,0.09,0.1,0.11
0.03,0.05,0.92,0.07,0.1,0.11
0.04,0.05,0.9,0.08,0.07,0.1
0.04,0.06,0.9,0.08,0.06,0.08
0.04,0.07,0.9,0.06,0.07,0.06
0.04,0.1,0.91,0.07,0.05,0.05
0.04,0.1,0.91,0.04,0.02,0.04
0.05,0.1,0.9,0.01,0.0,0.04
0.06,0.1,0.89,0.01,-0.03,0.03
0.06,0.1,0.88,-0.01,-0.02,0.02
0.06,0.11,0.89,-0.02,-0.04,0.02
0.05,0.11,0.89,-0.03,-0.04,0.01
0.05,0.12,0.89,-0.05,-0.05,0.02
0.04,0.12,0.89,-0.06,-0.07,0.03
0.04,0.12,0.88,-0.06,-0.09,0.04
0.04,0.12,0.87,-0.07,-0.1,0.02
0.03,0.11,0.88,-0.08,-0.12,0.02
0.03,0.11,0.88,-0.05,-0.13,0.02
0.03,0.11,0.88,-0.05,-0.17,0.03
0.04,0.12,0.87,-0.04,-0.2,0.02
0.05,0.12,0.86,-0.05,-0.21,0.01
0.06,0.12,0.86,-0.06,-0.23,-0.0
0.06,0.15,0.84,-0.09,-0.25,-0.01
0.06,0.17,0.84,-0.12,-0.26,-0.02
0.05,0.18,0.84,-0.18,-0.28,-0.04
0.04,0.17,0.83,-0.24,-0.29,-0.03
0.02,0.16,0.82,-0.27,-0.31,-0.03
0.01,0.17,0.82,-0.3,-0.31,-0.03
-0.03,0.17,0.81,-0.3,-0.31,-0.01
-0.05,0.18,0.8,-0.3,-0.34,0.01
-0.07,0.2,0.8,-0.28,-0.38,0.04
-0.08,0.21,0.8,-0.25,-0.42,0.06
-0.08,0.22,0.78,-0.22,-0.46,0.08
-0.08,0.23,0.78,-0.19,-0.51,0.1
-0.08,0.25,0.78,-0.16,-0.58,0.14
-0.07,0.25,0.77,-0.13,-0.67,0.17
-0.05,0.25,0.76,-0.14,-0.75,0.19
-0.03,0.23,0.76,-0.13,-0.82,0.2
-0.01,0.2,0.77,-0.14,-0.9,0.2
0.01,0.18,0.77,-0.15,-0.95,0.19
0.03,0.16,0.78,-0.16,-1.0,0.17
0.04,0.15,0.79,-0.19,-1.04,0.17
0.06,0.12,0.79,-0.21,-1.09,0.17
0.08,0.1,0.78,-0.24,-1.11,0.15
0.09,0.08,0.78,-0.29,-1.08,0.13
0.09,0.08,0.79,-0.33,-1.05,0.13
0.09,0.09,0.82,-0.34,-1.05,0.13
0.1,0.09,0.81,-0.38,-1.04,0.12
0.08,0.09,0.79,-0.44,-1.04,0.1
0.07,0.08,0.79,-0.48,-1.04,0.08
0.04,0.08,0.82,-0.49,-1.05,0.06
0.02,0.09,0.86,-0.48,-1.08,0.07
0.01,0.09,0.88,-0.48,-1.15,0.08
0.01,0.07,0.87,-0.46,-1.21,0.08
0.0,0.03,0.87,-0.45,-1.28,0.08
-0.01,0.02,0.9,-0.4,-1.32,0.06
-0.01,0.02,0.94,-0.37,-1.39,0.07
-0.01,0.01,0.98,-0.31,-1.48,0.09
0.01,-0.03,0.99,-0.29,-1.59,0.13
0.02,-0.09,0.98,-0.25,-1.66,0.13
0.05,-0.15,0.98,-0.22,-1.69,0.11
0.07,-0.21,0.96,-0.16,-1.66,0.1
0.1,-0.24,0.96,-0.1,-1.58,0.07
0.1,-0.24,0.96,-0.02,-1.47,0.03
0.11,-0.22,0.96,0.0,-1.38,0.01
0.11,-0.19,0.94,0.03,-1.25,-0.0
0.1,-0.15,0.92,0.05,-1.17,-0.02
0.06,-0.09,0.89,0.03,-1.06,-0.0
0.01,-0.01,0.86,0.03,-0.99,0.02
-0.02,0.06,0.87,0.02,-0.99,0.07
-0.03,0.08,0.86,0.01,-1.03,0.13
-0.02,0.11,0.85,0.03,-1.08,0.15
-0.03,0.11,0.84,0.03,-1.17,0.17
-0.01,0.11,0.83,0.02,-1.26,0.15
0.01,0.09,0.84,0.02,-1.35,0.13
0.04,0.06,0.85,-0.0,-1.44,0.1
0.08,0.0,0.85,-0.02,-1.49,0.07
0.1,-0.04,0.85,-0.07,-1.51,0.02
0.11,-0.06,0.88,-0.11,-1.49,-0.02
0.12,-0.06,0.9,-0.15,-1.48,-0.04
0.12,-0.06,0.93,-0.21,-1.45,-0.06
0.11,-0.05,0.94,-0.25,-1.41,-0.07
0.09,-0.05,0.94,-0.32,-1.38,-0.07
0.07,-0.06,0.94,-0.4,-1.34,-0.06
0.05,-0.06,0.94,-0.47,-1.27,-0.04
0.03,-0.06,0.97,-0.52,-1.2,0.01
0.02,-0.05,0.99,-0.56,-1.19,0.06
0.02,-0.05,1.01,-0.58,-1.17,0.11
0.02,-0.06,1.01,-0.58,-1.17,0.14
0.02,-0.07,1.0,-0.57,-1.17,0.17
0.01,-0.1,1.0,-0.55,-1.18,0.18
0.01,-0.11,1.01,-0.5,-1.18,0.19
0.02,-0.11,1.02,-0.43,-1.18,0.19
0.03,-0.12,1.04,-0.36,-1.21,0.19
0.04,-0.12,1.04,-0.26,-1.24,0.17
0.05,-0.12,1.02,-0.17,-1.24,0.13
0.05,-0.13,1.01,-0.11,-1.26,0.12
0.04,-0.11,1.01,-0.04,-1.27,0.1
0.03,-0.08,1.02,0.02,-1.27,0.08
0.03,-0.06,1.03,0.04,-1.27,0.09
0.04,-0.05,1.02,0.06,-1.27,0.09
0.04,-0.05,1.0,0.04,-1.27,0.1
0.05,-0.05,1.0,0.02,-1.27,0.11
0.06,-0.05,0.99,0.0,-1.24,0.11
0.07,-0.05,0.99,-0.03,-1.2,0.11
0.08,-0.05,0.99,-0.06,-1.16,0.12
0.07,-0.03,0.99,-0.08,-1.15,0.13
0.07,-0.05,0.99,-0.12,-1.09,0.15
0.07,-0.05,0.98,-0.15,-1.09,0.15
0.05,-0.03,0.98,-0.17,-1.07,0.18
0.06,-0.01,0.98,-0.18,-1.06,0.19
0.07,-0.02,0.98,-0.16,-1.07,0.19
0.07,-0.02,0.97,-0.15,-1.09,0.18
0.08,-0.03,0.98,-0.16,-1.1,0.16
0.09,-0.04,0.99,-0.14,-1.13,0.13
0.09,-0.04,1.0,-0.12,-1.16,0.1
0.08,-0.05,1.02,-0.12,-1.18,0.07
0.09,-0.06,1.02,-0.11,-1.19,0.05
0.07,-0.06,1.02,-0.11,-1.17,0.02
0.06,-0.05,1.03,-0.11,-1.16,0.03
0.06,-0.05,1.04,-0.12,-1.14,0.04
0.06,-0.05,1.05,-0.14,-1.11,0.06
0.06,-0.04,1.04,-0.13,-1.1,0.08
0.05,-0.03,1.01,-0.16,-1.06,0.1
0.05,-0.03,0.99,-0.21,-1.01,0.11
0.06,-0.02,0.99,-0.25,-0.96,0.13
0.05,-0.0,1.0,-0.27,-0.95,0.14
0.05,0.0,0.99,-0.29,-0.95,0.18
0.05,-0.01,0.98,-0.3,-0.96,0.19
0.04,-0.03,0.97,-0.31,-0.95,0.19
0.03,-0.03,0.96,-0.31,-0.94,0.17
0.02,-0.03,0.98,-0.26,-0.93,0.17
0.02,-0.02,0.98,-0.22,-0.94,0.18
0.02,-0.01,0.98,-0.16,-0.97,0.19
0.02,-0.01,0.98,-0.11,-1.0,0.18
0.02,-0.01,0.98,-0.03,-1.05,0.16
0.02,-0.01,0.98,0.02,-1.1,0.17
0.04,-0.0,0.99,0.07,-1.14,0.15
0.06,-0.02,1.0,0.09,-1.15,0.13
0.09,-0.03,1.01,0.11,-1.19,0.13
0.11,-0.06,1.01,0.11,-1.17,0.11
0.12,-0.07,1.0,0.07,-1.13,0.1
0.12,-0.06,1.0,0.05,-1.07,0.07
0.13,-0.04,0.99,0.02,-1.02,0.06
0.11,-0.01,0.98,-0.03,-0.98,0.07
0.1,-0.0,0.97,-0.11,-0.96,0.08
0.08,0.01,0.96,-0.17,-0.94,0.09
0.07,0.01,0.95,-0.23,-0.92,0.09
0.06,0.01,0.95,-0.23,-0.91,0.12
0.06,0.0,0.95,-0.27,-0.9,0.14
0.05,0.01,0.96,-0.26,-0.91,0.15
0.05,0.01,0.95,-0.25,-0.94,0.16
0.04,0.01,0.93,-0.24,-0.96,0.16
0.02,-0.0,0.92,-0.21,-0.96,0.15
0.01,0.01,0.92,-0.2,-0.98,0.15
-0.01,0.04,0.93,-0.16,-1.02,0.18
-0.01,0.03,0.95,-0.14,-1.07,0.22
0.02,0.01,0.95,-0.08,-1.14,0.26
0.05,-0.03,0.96,-0.04,-1.19,0.24
0.08,-0.08,0.98,0.03,-1.23,0.23
0.13,-0.1,1.0,0.07,-1.21,0.18
0.15,-0.1,0.98,0.11,-1.18,0.11
0.16,-0.08,0.97,0.13,-1.16,0.05
0.17,-0.05,0.95,0.11,-1.16,0.01
0.15,-0.02,0.94,0.06,-1.16,-0.04
0.14,-0.01,0.94,-0.02,-1.17,-0.06
0.12,-0.01,0.94,-0.11,-1.18,-0.06
0.08,-0.02,0.95,-0.19,-1.16,-0.05
0.06,-0.02,0.96,-0.24,-1.14,-0.03
0.04,-0.02,0.97,-0.29,-1.09,0.0
0.02,-0.01,0.96,-0.31,-1.06,0.05
-0.0,-0.01,0.96,-0.31,-1.06,0.1
-0.02,-0.01,0.93,-0.3,-1.06,0.14
-0.02,-0.01,0.91,-0.29,-1.06,0.18
-0.02,-0.02,0.92,-0.26,-1.09,0.2
-0.0,-0.03,0.93,-0.18,-1.11,0.22
0.04,-0.06,0.94,-0.1,-1.1,0.22
0.08,-0.09,0.96,-0.02,-1.15,0.18
0.11,-0.1,0.96,0.07,-1.19,0.14
0.15,-0.13,0.96,0.12,-1.23,0.06
0.16,-0.13,0.95,0.17,-1.24,-0.03
0.15,-0.11,0.94,0.19,-1.23,-0.12
0.14,-0.06,0.91,0.18,-1.22,-0.18
0.12,-0.01,0.9,0.14,-1.23,-0.2
0.1,0.02,0.9,0.05,-1.26,-0.19
0.09,0.04,0.9,-0.04,-1.29,-0.15
0.07,0.03,0.91,-0.13,-1.32,-0.1
0.07,0.02,0.94,-0.21,-1.3,-0.05
0.07,0.0,0.96,-0.29,-1.28,0.0
0.08,-0.0,0.99,-0.35,-1.27,0.05
0.1,-0.02,1.02,-0.42,-1.25,0.07
0.1,-0.05,1.02,-0.47,-1.25,0.07
0.12,-0.07,1.03,-0.51,-1.21,0.06
0.13,-0.11,1.04,-0.54,-1.17,0.02
0.12,-0.12,1.05,-0.55,-1.15,-0.03
0.09,-0.11,1.05,-0.52,-1.13,-0.07
0.09,-0.12,1.06,-0.49,-1.1,-0.11
0.06,-0.09,1.03,-0.45,-1.09,-0.14
0.03,-0.08,1.01,-0.39,-1.08,-0.15
-0.0,-0.05,0.96,-0.33,-1.08,-0.15
-0.02,-0.03,0.92,-0.24,-1.09,-0.13
-0.04,-0.01,0.89,-0.14,-1.11,-0.11
-0.05,0.0,0.87,-0.06,-1.17,-0.06
-0.04,0.01,0.84,0.03,-1.24,-0.02
-0.02,0.03,0.84,0.12,-1.3,0.03
0.03,0.05,0.85,0.2,-1.39,0.06
0.07,0.05,0.85,0.22,-1.53,0.09
0.12,-0.01,0.88,0.21,-1.63,0.09
0.18,-0.08,0.94,0.14,-1.71,0.05
0.2,-0.12,1.01,0.05,-1.73,-0.0
0.2,-0.14,1.06,-0.03,-1.7,-0.06
0.18,-0.14,1.08,-0.17,-1.65,-0.09
0.14,-0.12,1.1,-0.26,-1.56,-0.11
0.09,-0.08,1.12,-0.34,-1.46,-0.1
0.06,-0.06,1.11,-0.42,-1.37,-0.07
0.02,-0.04,1.11,-0.46,-1.31,-0.0
-0.01,-0.03,1.1,-0.49,-1.26,0.06
-0.03,-0.02,1.08,-0.47,-1.26,0.15
-0.05,-0.02,1.07,-0.43,-1.25,0.2
-0.07,-0.03,1.04,-0.37,-1.28,0.26
-0.08,-0.05,1.04,-0.26,-1.27,0.28
-0.07,-0.06,1.0,-0.16,-1.27,0.29
-0.04,-0.06,0.97,-0.06,-1.28,0.31
-0.01,-0.06,0.94,0.03,-1.32,0.32
0.03,-0.07,0.92,0.11,-1.33,0.34
0.1,-0.11,0.94,0.21,-1.35,0.32
0.14,-0.14,0.96,0.28,-1.41,0.28
0.18,-0.14,0.97,0.33,-1.44,0.19
0.2,-0.14,0.94,0.36,-1.48,0.09
0.2,-0.12,0.88,0.35,-1.52,-0.02
0.19,-0.09,0.84,0.29,-1.55,-0.08
0.18,-0.06,0.82,0.22,-1.59,-0.12
0.16,-0.03,0.81,0.12,-1.63,-0.1
0.13,-0.01,0.8,0.0,-1.63,-0.05
0.11,-0.01,0.81,-0.08,-1.66,0.02
0.06,-0.02,0.84,-0.16,-1.7,0.1
0.05,-0.03,0.87,-0.19,-1.71,0.17
0.04,-0.05,0.89,-0.19,-1.73,0.22
0.03,-0.07,0.91,-0.16,-1.72,0.24
0.03,-0.07,0.92,-0.1,-1.76,0.27
0.03,-0.08,0.9,-0.04,-1.78,0.29
0.06,-0.1,0.91,0.01,-1.79,0.3
0.11,-0.13,0.93,0.06,-1.81,0.3
0.15,-0.15,0.97,0.1,-1.87,0.28
0.21,-0.16,0.99,0.14,-1.87,0.22
0.22,-0.16,0.94,0.15,-1.91,0.15
0.22,-0.15,0.91,0.13,-1.95,0.07
0.24,-0.12,0.9,0.06,-1.98,0.02
0.24,-0.09,0.88,-0.02,-2.04,0.01
0.25,-0.07,0.92,-0.14,-2.06,-0.01
0.26,-0.09,0.93,-0.29,-2.12,0.0
0.25,-0.08,0.97,-0.45,-2.16,0.02
0.23,-0.08,1.01,-0.63,-2.15,0.01
0.23,-0.09,1.05,-0.79,-2.11,0.01
0.2,-0.08,1.08,-0.97,-2.07,0.01
0.18,-0.07,1.11,-1.13,-2.04,0.03
0.15,-0.06,1.13,-1.28,-1.99,0.06
0.12,-0.05,1.17,-1.38,-1.98,0.09
0.07,-0.06,1.23,-1.46,-1.97,0.1
0.03,-0.07,1.29,-1.47,-1.96,0.1
-0.03,-0.07,1.33,-1.42,-1.94,0.06
-0.09,-0.06,1.35,-1.31,-1.92,0.01
-0.13,-0.04,1.33,-1.17,-1.9,-0.03
-0.17,-0.01,1.3,-0.98,-1.9,-0.04
-0.2,0.02,1.28,-0.76,-1.91,-0.04
-0.21,0.03,1.24,-0.56,-1.93,0.01
-0.21,0.04,1.21,-0.35,-1.97,0.06
-0.19,0.04,1.18,-0.16,-2.0,0.1
-0.18,0.03,1.16,0.02,-2.03,0.15
-0.13,0.01,1.14,0.18,-2.04,0.2
-0.08,-0.0,1.12,0.3,-2.04,0.22
-0.03,-0.03,1.1,0.38,-2.05,0.25
0.02,-0.06,1.14,0.41,-2.09,0.24
0.05,-0.07,1.19,0.45,-2.08,0.21
0.07,-0.07,1.22,0.46,-2.07,0.17
0.1,-0.09,1.27,0.48,-2.07,0.12
0.11,-0.08,1.32,0.47,-2.06,0.04
0.1,-0.05,1.32,0.49,-2.04,-0.05
0.08,-0.04,1.28,0.51,-2.03,-0.13
0.06,-0.02,1.23,0.53,-2.03,-0.18
0.04,0.0,1.2,0.54,-2.02,-0.21
0.03,0.01,1.17,0.53,-1.98,-0.23
0.02,0.02,1.13,0.51,-1.97,-0.21
0.02,0.02,1.11,0.47,-1.97,-0.16
0.02,0.04,1.11,0.45,-1.94,-0.12
0.02,0.02,1.11,0.42,-1.91,-0.04
0.03,0.01,1.11,0.41,-1.9,0.01
0.05,-0.01,1.1,0.35,-1.85,0.05
0.08,-0.04,1.09,0.31,-1.82,0.08
0.1,-0.05,1.06,0.23,-1.79,0.11
0.13,-0.08,1.04,0.13,-1.79,0.12
0.14,-0.1,1.05,0.04,-1.81,0.14
0.14,-0.12,1.07,-0.05,-1.82,0.13
0.13,-0.14,1.09,-0.13,-1.82,0.11
0.12,-0.15,1.11,-0.18,-1.83,0.08
0.1,-0.16,1.13,-0.2,-1.88,0.04
0.08,-0.15,1.12,-0.21,-1.9,-0.02
0.04,-0.14,1.09,-0.21,-1.95,-0.05
0.01,-0.13,1.07,-0.19,-1.98,-0.07
-0.03,-0.1,1.09,-0.16,-2.03,-0.06
-0.05,-0.06,1.09,-0.12,-2.06,-0.03
-0.09,-0.04,1.1,-0.08,-2.07,0.01
-0.12,-0.02,1.11,-0.01,-2.07,0.06
-0.13,0.01,1.12,0.09,-2.09,0.1
-0.13,0.01,1.13,0.16,-2.09,0.15
-0.13,0.0,1.15,0.21,-2.04,0.19
-0.14,-0.01,1.16,0.29,-2.03,0.24
-0.12,0.0,1.15,0.35,-2.02,0.26
-0.12,0.02,1.15,0.42,-2.03,0.3
-0.12,0.02,1.15,0.48,-2.03,0.32
-0.11,0.0,1.15,0.54,-2.01,0.35
-0.11,-0.01,1.12,0.59,-2.04,0.37
-0.13,0.02,1.08,0.65,-2.09,0.38
-0.15,0.06,1.08,0.69,-2.17,0.41
-0.21,0.1,1.1,0.75,-2.26,0.45
-0.28,0.13,1.15,0.84,-2.31,0.48
-0.34,0.16,1.18,0.94,-2.32,0.48
-0.36,0.18,1.19,1.04,-2.3,0.5
-0.35,0.23,1.19,1.12,-2.23,0.52
-0.34,0.26,1.18,1.16,-2.18,0.57
-0.34,0.28,1.18,1.18,-2.08,0.62
-0.33,0.28,1.19,1.15,-1.96,0.68
-0.32,0.3,1.2,1.08,-1.83,0.75
-0.33,0.33,1.22,0.98,-1.72,0.82
-0.32,0.36,1.24,0.89,-1.57,0.87
-0.34,0.39,1.27,0.81,-1.41,0.92
-0.35,0.42,1.27,0.77,-1.31,0.97
-0.38,0.44,1.28,0.74,-1.2,1.02
-0.4,0.47,1.31,0.77,-1.09,1.05
-0.42,0.5,1.35,0.8,-0.95,1.07
-0.4,0.5,1.38,0.86,-0.82,1.05
-0.35,0.47,1.4,0.91,-0.68,1.01
-0.25,0.43,1.38,0.93,-0.48,0.92
-0.13,0.39,1.35,0.88,-0.3,0.85
0.0,0.35,1.28,0.74,-0.13,0.78
0.07,0.35,1.29,0.59,0.01,0.7
0.17,0.3,1.23,0.38,0.01,0.64
0.2,0.29,1.17,0.17,-0.03,0.58
0.18,0.32,1.16,-0.03,-0.05,0.54
0.16,0.34,1.19,-0.17,-0.11,0.49
0.12,0.35,1.2,-0.25,-0.13,0.4
0.08,0.33,1.2,-0.29,-0.14,0.32
0.05,0.31,1.19,-0.3,-0.13,0.23
0.0,0.29,1.15,-0.29,-0.15,0.13
-0.03,0.28,1.12,-0.25,-0.16,0.03
-0.09,0.29,1.07,-0.24,-0.16,-0.03
-0.13,0.3,1.04,-0.18,-0.18,-0.06
-0.17,0.3,1.02,-0.11,-0.17,-0.07
-0.2,0.3,1.03,-0.04,-0.15,-0.07
-0.21,0.29,1.04,-0.01,-0.11,-0.05
-0.22,0.28,1.04,0.04,-0.05,-0.03
-0.21,0.27,1.05,0.06,-0.0,0.01
-0.19,0.27,1.06,0.08,0.06,0.06
-0.15,0.26,1.07,0.09,0.15,0.1
-0.13,0.25,1.07,0.08,0.22,0.14
-0.09,0.25,1.06,0.08,0.25,0.18
-0.06,0.25,1.07,0.05,0.3,0.19
-0.04,0.24,1.09,0.05,0.31,0.21
-0.02,0.21,1.13,0.01,0.34,0.19
-0.02,0.22,1.17,0.01,0.32,0.15
-0.02,0.23,1.18,0.03,0.3,0.1
-0.01,0.22,1.17,0.04,0.33,0.04
0.01,0.2,1.15,0.06,0.35,-0.01
0.04,0.17,1.13,0.09,0.36,-0.06
0.07,0.14,1.12,0.06,0.4,-0.12
0.09,0.1,1.1,0.02,0.41,-0.16
0.1,0.07,1.07,-0.04,0.41,-0.18
0.1,0.05,1.03,-0.12,0.42,-0.18
0.09,0.04,1.0,-0.17,0.4,-0.17
0.07,0.04,0.96,-0.23,0.4,-0.14
0.06,0.04,0.95,-0.27,0.37,-0.09
0.03,0.05,0.95,-0.28,0.33,-0.05
0.0,0.06,0.96,-0.26,0.29,-0.01
-0.02,0.09,0.98,-0.25,0.26,0.02
-0.05,0.12,1.01,-0.24,0.26,0.05
-0.08,0.14,1.06,-0.18,0.23,0.06
-0.09,0.15,1.08,-0.12,0.25,0.06
-0.11,0.17,1.11,-0.07,0.25,0.04
-0.11,0.18,1.11,-0.03,0.3,0.02
-0.12,0.19,1.1,0.02,0.34,0.0
-0.12,0.19,1.09,0.08,0.4,-0.0
-0.11,0.18,1.1,0.1,0.45,-0.01
-0.14,0.17,1.09,0.1,0.51,-0.01
-0.13,0.18,1.11,0.12,0.61,0.01
-0.11,0.14,1.11,0.15,0.63,-0.0
-0.11,0.13,1.09,0.15,0.69,-0.0
-0.13,0.14,1.09,0.14,0.75,-0.01
-0.15,0.15,1.09,0.18,0.81,-0.04
-0.17,0.16,1.07,0.21,0.9,-0.03
-0.17,0.18,1.09,0.24,0.97,-0.01
-0.25,0.14,1.0,0.27,1.04,0.02
-0.22,0.2,0.92,0.21,1.38,0.25
-0.19,0.23,1.03,0.16,1.33,0.38
-0.15,0.19,1.04,0.1,1.27,0.47
-0.13,0.16,1.04,0.03,1.26,0.55
-0.12,0.14,1.04,0.02,1.25,0.62
-0.13,0.16,1.07,0.0,1.28,0.66
-0.12,0.16,1.11,0.01,1.28,0.67
-0.14,0.16,1.15,0.04,1.27,0.66
-0.18,0.16,1.14,0.1,1.24,0.64
-0.18,0.15,1.16,0.19,1.22,0.62
-0.21,0.16,1.13,0.28,1.25,0.61
-0.4,0.23,0.83,0.38,1.45,0.69
-0.31,0.21,0.84,0.46,1.62,0.93
-0.21,0.18,0.9,0.51,1.66,1.1
-0.13,0.18,0.94,0.49,1.57,1.31
-0.1,0.2,1.01,0.47,1.44,1.47
-0.08,0.2,1.07,0.4,1.29,1.61
-0.06,0.19,1.06,0.33,1.18,1.7
-0.03,0.17,1.08,0.22,1.2,1.78
-0.05,0.19,1.15,0.14,1.2,1.81
-0.06,0.2,1.09,0.05,1.28,1.87
-0.09,0.23,1.03,-0.04,1.55,1.93
-0.21,0.24,1.06,-0.13,1.73,2.01
-0.22,0.2,1.01,-0.2,1.9,2.11
-0.18,0.16,1.01,-0.3,2.18,2.23
-0.19,0.13,1.01,-0.4,2.54,2.33
-0.24,0.14,0.97,-0.53,2.96,2.5
-0.23,0.14,0.97,-0.62,3.05,2.61
-0.22,0.11,1.0,-0.71,3.19,2.72
-0.24,0.1,1.01,-0.82,3.29,2.83
-0.25,0.06,1.03,-0.92,3.29,2.93
-0.21,-0.0,1.15,-1.02,3.28,3.01
-0.19,-0.06,1.21,-1.08,3.19,2.98
-0.22,-0.12,1.18,-1.13,3.12,2.9
-0.24,-0.13,1.15,-1.17,3.01,2.82
-0.21,-0.13,1.24,-1.19,2.96,2.75
-0.16,-0.1,1.35,-1.15,2.91,2.58
-0.15,-0.07,1.34,-1.03,2.89,2.39
-0.17,-0.04,1.37,-0.88,2.85,2.19
-0.14,-0.03,1.41,-0.7,2.85,1.96
-0.09,-0.05,1.4,-0.5,2.82,1.74
-0.1,-0.05,1.35,-0.28,2.83,1.52
-0.07,-0.02,1.27,-0.07,2.91,1.32
-0.07,0.01,1.19,0.11,3.05,1.15
-0.03,0.03,1.14,0.25,3.2,0.99
-0.04,0.07,1.07,0.38,3.37,0.87
-0.04,0.07,1.0,0.48,3.54,0.79
-0.01,0.06,0.98,0.57,3.66,0.71
-0.01,0.06,0.98,0.67,3.73,0.67
-0.05,0.05,0.95,0.77,3.8,0.64
-0.05,0.04,0.94,0.86,3.84,0.65
-0.07,0.04,0.93,0.96,3.92,0.68
-0.06,0.04,0.91,1.05,4.03,0.72
-0.06,0.03,0.94,1.17,4.12,0.76
-0.04,0.02,0.94,1.27,4.18,0.81
-0.03,0.02,0.93,1.36,4.19,0.87
-0.03,0.01,0.95,1.44,4.17,0.91
-0.05,-0.02,0.93,1.53,4.15,0.96
-0.05,-0.01,0.94,1.6,4.12,1.03
-0.07,-0.04,0.97,1.66,4.15,1.1
-0.07,-0.08,0.97,1.74,4.19,1.16
-0.08,-0.11,1.03,1.83,4.34,1.22
-0.05,-0.12,1.02,1.95,4.34,1.3
-0.09,-0.1,1.08,2.04,4.34,1.36
-0.16,-0.06,1.16,2.17,4.34,1.42
-0.18,-0.05,1.18,2.3,4.34,1.47
-0.18,-0.08,1.12,2.37,4.34,1.52
-0.18,-0.04,1.09,2.28,4.34,1.51
-0.12,-0.07,1.02,2.27,4.34,1.54
-0.08,-0.09,0.99,2.24,4.34,1.57
-0.04,-0.12,0.99,2.17,4.34,1.59
-0.0,-0.12,0.98,2.07,4.22,1.6
0.02,-0.14,0.96,1.96,3.9,1.58
0.06,-0.14,0.92,1.83,3.63,1.52
0.08,-0.15,0.88,1.67,3.34,1.49
0.1,-0.16,0.83,1.51,3.14,1.43
0.11,-0.16,0.79,1.34,2.98,1.35
0.11,-0.15,0.77,1.14,2.85,1.28
0.14,-0.13,0.73,0.94,2.68,1.21
0.15,-0.1,0.71,0.74,2.56,1.17
0.17,-0.07,0.7,0.55,2.45,1.15
0.19,-0.04,0.69,0.35,2.34,1.13
0.2,-0.01,0.67,0.13,2.25,1.15
0.22,0.01,0.65,-0.07,2.17,1.16
0.22,0.03,0.65,-0.29,2.07,1.18
0.24,0.05,0.62,-0.48,2.03,1.16
0.24,0.06,0.62,-0.66,1.95,1.12
0.23,0.08,0.59,-0.82,1.86,1.07
0.24,0.08,0.59,-0.97,1.72,1.01
0.24,0.08,0.58,-1.08,1.56,0.96
0.33,0.04,0.68,-1.21,1.57,0.92
0.31,0.03,0.71,-1.29,1.77,0.89
0.33,0.01,0.76,-1.38,1.67,0.81
0.38,-0.05,0.85,-1.42,1.36,0.68
0.4,-0.1,0.94,-1.46,0.83,0.51
0.41,-0.12,0.98,-1.47,0.37,0.31
0.4,-0.14,0.99,-1.47,0.08,0.11
0.36,-0.13,1.05,-1.45,-0.07,-0.1
0.34,-0.11,1.04,-1.44,-0.16,-0.28
0.33,-0.09,1.01,-1.41,-0.2,-0.44
0.31,-0.06,0.99,-1.39,-0.13,-0.61
0.26,-0.03,0.96,-1.37,0.01,-0.75
0.21,-0.0,0.94,-1.36,0.06,-0.81
0.17,0.02,0.9,-1.38,0.08,-0.84
0.14,0.02,0.87,-1.39,0.05,-0.83
0.12,0.02,0.83,-1.43,0.04,-0.82
0.09,0.02,0.79,-1.45,0.01,-0.8
0.06,0.04,0.75,-1.5,0.06,-0.77
0.06,0.07,0.74,-1.57,0.1,-0.72
0.08,0.08,0.77,-1.63,0.11,-0.69
0.12,0.11,0.88,-1.68,-0.03,-0.67
0.18,0.13,0.98,-1.72,-0.36,-0.69
0.21,0.12,1.06,-1.71,-0.83,-0.73
0.23,0.11,1.15,-1.65,-1.28,-0.79
0.28,0.08,1.19,-1.56,-1.65,-0.84
0.29,0.07,1.23,-1.48,-1.82,-0.9
0.23,0.06,1.18,-1.38,-1.84,-0.96
0.2,0.08,1.18,-1.25,-1.81,-0.99
0.18,0.12,1.21,-1.15,-1.78,-1.03
0.19,0.13,1.26,-0.97,-1.76,-1.05
0.2,0.14,1.33,-0.77,-1.8,-1.1
0.24,0.15,1.44,-0.55,-1.81,-1.15
0.26,0.14,1.49,-0.31,-1.82,-1.22
0.27,0.12,1.46,-0.09,-1.87,-1.3
0.26,0.08,1.44,0.13,-1.87,-1.37
0.24,0.02,1.4,0.3,-1.83,-1.43
0.21,-0.02,1.37,0.46,-1.77,-1.46
0.18,-0.04,1.3,0.6,-1.77,-1.49
0.14,-0.04,1.24,0.7,-1.68,-1.5
0.38,-0.19,0.84,0.74,-1.68,-1.49
0.25,-0.19,1.3,0.8,-1.56,-1.69
0.37,-0.25,0.91,0.88,-1.75,-1.87
0.29,-0.23,0.95,0.89,-1.79,-2.08
0.29,-0.22,0.78,0.93,-1.95,-2.28
0.28,-0.21,0.69,0.95,-2.1,-2.48
0.28,-0.2,0.64,0.95,-2.25,-2.65
0.28,-0.2,0.59,0.96,-2.37,-2.82
0.27,-0.18,0.53,0.97,-2.47,-2.97
0.24,-0.14,0.48,0.98,-2.58,-3.1
0.21,-0.14,0.39,1.01,-2.69,-3.22
0.19,-0.13,0.32,0.99,-2.77,-3.35
0.15,-0.12,0.28,0.99,-2.8,-3.44
0.14,-0.12,0.25,0.99,-2.81,-3.53
0.12,-0.12,0.24,0.98,-2.8,-3.62
0.11,-0.12,0.25,1.01,-2.79,-3.7
0.11,-0.12,0.28,1.01,-2.79,-3.79
0.11,-0.13,0.29,1.04,-2.8,-3.88
0.11,-0.13,0.32,1.04,-2.85,-3.98
0.11,-0.13,0.37,1.08,-2.96,-4.07
0.11,-0.13,0.44,1.11,-3.2,-4.21
0.1,-0.12,0.52,1.15,-3.55,-4.35
0.08,-0.11,0.59,1.17,-4.03,-4.36
-0.53,1.34,-0.6,1.24,-4.39,-4.36
0.83,-0.72,2.61,-4.33,4.34,0.47
0.91,-0.71,2.59,-2.96,4.34,-1.41
0.02,-0.07,1.57,-2.4,2.74,-2.29
0.32,-0.22,1.17,-1.64,1.25,-2.6
0.26,-0.2,0.89,-1.23,1.83,-3.01
0.27,-0.31,0.61,-0.84,2.09,-3.3
0.07,-0.15,0.83,-0.45,2.38,-3.55
-0.02,-0.09,0.86,0.03,2.78,-3.69
0.04,-0.13,0.86,0.51,2.98,-3.78
0.07,-0.18,1.03,1.01,3.05,-3.93
0.04,-0.2,1.26,1.61,3.25,-4.11
0.16,-0.47,1.38,2.56,4.34,-4.32
1.34,-1.21,-1.65,2.18,4.34,-4.1
0.17,-0.15,-0.04,1.51,4.34,-3.29
0.65,2.22,-2.27,0.51,4.34,-3.09
-0.17,0.13,1.96,-3.7,3.87,-2.23
1.53,-0.77,0.28,-0.54,-4.39,-2.61
-0.36,0.14,1.14,-0.79,-3.95,-2.92
0.11,-0.19,1.34,-0.58,-3.03,-2.98
0.06,-0.13,0.37,0.54,1.59,-2.74
-0.02,-0.03,0.35,0.66,0.89,-2.78
0.17,0.16,1.68,1.65,1.65,-2.73
-0.1,0.38,1.26,1.96,0.76,-2.78
-0.04,-0.53,-0.2,-0.62,-3.09,-2.46
0.31,-0.24,-0.37,-0.45,-0.27,-2.21
0.21,0.05,0.71,0.23,1.17,-2.08
-0.06,0.33,1.06,0.53,0.67,-2.08
-0.02,0.11,0.34,-0.17,-1.05,-1.96
0.01,0.05,0.69,0.09,0.48,-1.74
-0.06,0.27,0.77,-0.01,-0.12,-1.65
-0.16,0.25,0.96,0.03,-0.16,-1.52
-0.17,0.25,0.95,0.03,-0.02,-1.4
-0.17,0.24,0.97,0.0,-0.06,-1.27
-0.16,0.25,0.92,0.01,-0.04,-1.14
-0.15,0.23,0.92,0.02,-0.03,-1.01
-0.14,0.22,0.93,0.01,-0.02,-0.88
-0.13,0.22,0.98,0.01,-0.0,-0.78
-0.14,0.22,0.95,0.01,-0.02,-0.67
-0.14,0.22,0.96,0.0,-0.01,-0.55
-0.15,0.22,0.98,-0.01,-0.02,-0.44
-0.15,0.21,0.97,-0.01,-0.02,-0.31
-0.15,0.22,0.99,-0.02,0.01,-0.2
-0.14,0.21,0.97,-0.02,-0.0,-0.08
-0.12,0.17,0.98,-0.02,0.0,0.01
-0.11,0.15,0.97,-0.02,-0.0,0.0
-0.12,0.14,0.99,-0.01,-0.0,-0.01
-0.12,0.15,1.0,-0.02,0.01,-0.0
-0.12,0.14,1.0,-0.02,0.0,0.0
-0.12,0.15,1.0,-0.02,0.01,-0.0
-0.12,0.14,0.99,-0.02,0.01,-0.0
-0.12,0.14,0.98,-0.02,0.01,0.0
-0.11,0.14,0.99,-0.02,0.02,-0.0
-0.11,0.14,0.98,-0.03,0.02,-0.0
-0.12,0.14,0.99,-0.02,0.02,-0.01
-0.12,0.15,0.98,-0.02,0.01,-0.0
-0.11,0.15,1.0,-0.01,-0.0,0.0
-0.11,0.14,0.99,-0.02,-0.0,0.0
-0.12,0.13,0.98,-0.03,0.01,-0.0
-0.11,0.14,0.99,-0.02,-0.0,0.01
-0.11,0.14,0.98,-0.03,0.01,0.0
-0.11,0.14,0.98,-0.02,0.01,0.0
-0.11,0.14,0.98,-0.02,0.0,-0.01
-0.11,0.14,0.99,-0.01,0.01,-0.01
-0.11,0.14,0.99,-0.02,0.01,-0.01
-0.11,0.14,0.99,-0.02,-0.0,0.0
-0.11,0.13,0.99,-0.03,0.02,-0.01
-0.11,0.14,0.99,-0.02,-0.0,0.0
-0.11,0.14,0.98,-0.02,0.0,0.0
-0.11,0.14,0.99,-0.03,0.01,0.0
-0.11,0.14,0.99,-0.03,0.0,0.0
-0.11,0.14,1.0,-0.02,0.01,-0.0
-0.11,0.14,0.99,-0.02,0.0,-0.0
-0.11,0.14,0.99,-0.02,0.01,-0.0
-0.11,0.14,0.98,-0.02,0.01,-0.0
-0.11,0.14,0.98,-0.01,0.0,0.0
-0.1,0.14,0.98,-0.02,0.01,0.01
-0.1,0.13,0.99,-0.03,0.0,-0.0
-0.11,0.13,0.99,-0.02,0.0,-0.0
-0.1,0.14,0.99,-0.02,0.01,-0.0
-0.1,0.13,0.99,-0.02,0.01,-0.0
-0.1,0.13,0.99,-0.03,-0.0,0.0
-0.11,0.13,0.98,-0.03,0.01,-0.0
-0.11,0.13,0.99,-0.02,-0.01,0.0
-0.1,0.13,0.98,-0.03,0.01,-0.0
-0.1,0.13,0.98,-0.02,0.0,0.0
-0.1,0.13,0.98,-0.02,-0.0,-0.0
-0.1,0.13,0.99,-0.02,0.01,0.0
-0.1,0.13,0.99,-0.02,0.01,-0.0
-0.1,0.13,0.99,-0.02,-0.01,0.01
-0.1,0.13,0.98,-0.03,0.01,-0.0
-0.1,0.13,0.99,-0.01,-0.0,0.01
-0.1,0.13,0.98,-0.02,0.02,-0.01
-0.1,0.13,0.99,-0.03,0.0,0.0
-0.09,0.13,0.99,-0.02,0.01,0.0
-0.1,0.13,0.98,-0.03,0.01,-0.0
-0.11,0.14,0.98,-0.02,0.01,-0.0
-0.1,0.13,0.99,-0.02,-0.0,0.01
-0.1,0.13,0.99,-0.03,0.0,0.0
-0.1,0.13,0.99,-0.03,0.0,0.01
-0.1,0.13,0.98,-0.03,0.01,0.01
-0.1,0.13,0.98,-0.03,-0.0,0.0
-0.09,0.13,0.99,-0.02,0.0,-0.0
-0.09,0.14,0.99,-0.02,-0.01,-0.0
-0.09,0.13,0.98,-0.02,0.0,-0.01
-0.09,0.13,0.99,-0.02,-0.01,0.01
-0.1,0.13,0.99,-0.03,0.01,-0.0
-0.1,0.13,0.99,-0.03,0.0,0.0
-0.1,0.13,0.99,-0.03,0.01,0.0
-0.1,0.13,0.99,-0.03,0.0,-0.0
-0.1,0.12,0.98,-0.02,-0.0,-0.01
-0.1,0.12,0.98,-0.02,0.01,0.0
-0.09,0.12,0.99,-0.02,0.0,-0.0
-0.1,0.13,0.99,-0.02,0.01,-0.0
-0.09,0.13,0.99,-0.02,0.01,-0.0
-0.09,0.13,0.99,-0.03,0.01,0.0
-0.1,0.12,0.98,-0.03,0.01,0.01
-0.09,0.13,0.98,-0.03,0.01,-0.0
-0.1,0.13,0.99,-0.01,0.01,-0.01
-0.1,0.13,0.99,-0.02,0.01,-0.0
-0.1,0.13,0.99,-0.02,0.0,-0.0
-0.09,0.13,0.99,-0.02,-0.0,-0.0
-0.09,0.13,0.98,-0.01,0.0,-0.01
-0.09,0.12,0.98,-0.02,-0.01,0.01
-0.09,0.13,0.99,-0.02,0.01,-0.0
-0.09,0.13,0.99,-0.02,0.0,0.0
-0.09,0.13,0.99,-0.01,0.0,0.0
-0.09,0.13,0.99,-0.02,0.01,-0.0
-0.09,0.13,0.99,-0.03,0.01,-0.0
-0.09,0.12,0.99,-0.02,-0.0,0.0
-0.09,0.13,0.99,-0.02,0.01,0.0
-0.1,0.12,0.99,-0.02,0.0,0.0
-0.09,0.13,1.0,-0.02,0.01,-0.01
-0.09,0.12,0.99,-0.03,0.01,-0.0
-0.09,0.13,0.99,-0.03,0.01,0.0
-0.09,0.12,0.99,-0.02,0.01,-0.0
-0.09,0.12,0.99,-0.01,0.0,0.0
-0.09,0.12,0.99,-0.03,-0.0,-0.0
-0.09,0.12,0.99,-0.02,0.01,0.0
-0.09,0.12,0.99,-0.02,0.0,0.0
-0.09,0.13,0.98,-0.01,0.01,0.0
-0.09,0.13,1.0,-0.01,-0.01,0.0
-0.09,0.13,0.99,-0.03,0.01,-0.0
-0.08,0.12,1.0,-0.01,-0.0,-0.0
-0.09,0.12,1.0,-0.03,0.01,-0.01
-0.09,0.12,1.0,-0.02,0.0,0.0
-0.09,0.12,0.98,-0.01,0.01,-0.01
-0.09,0.12,0.99,-0.02,0.0,-0.0
-0.09,0.12,0.99,-0.03,0.01,-0.0
-0.08,0.12,0.99,-0.02,-0.0,0.01
-0.09,0.12,0.99,-0.02,0.0,-0.01
-0.09,0.12,0.99,-0.02,0.01,0.0
-0.08,0.12,0.99,-0.01,-0.0,0.01
-0.08,0.13,0.99,-0.04,0.01,-0.0
-0.09,0.12,1.0,-0.02,0.01,-0.0
-0.09,0.11,0.99,-0.03,0.01,-0.0
-0.09,0.12,0.99,-0.01,0.0,-0.0
-0.09,0.12,0.99,-0.01,-0.01,0.0
-0.08,0.12,0.99,-0.02,0.0,0.0
-0.09,0.12,0.99,-0.02,0.01,-0.0
-0.09,0.12,0.99,-0.02,0.01,-0.0
-0.08,0.12,0.99,-0.02,0.0,0.01
-0.08,0.12,0.99,-0.01,0.01,-0.0
-0.08,0.11,0.99,-0.01,-0.01,0.01
-0.08,0.12,1.0,-0.01,0.01,-0.0
-0.08,0.12,0.99,-0.02,-0.01,0.0
-0.08,0.12,0.99,-0.02,0.01,-0.01
-0.08,0.12,0.99,-0.02,0.01,-0.0
-0.08,0.12,0.99,-0.02,0.0,0.0
-0.08,0.11,0.99,-0.02,0.0,0.01
-0.08,0.11,0.99,-0.02,0.0,0.0
-0.08,0.11,0.99,-0.02,0.0,-0.01
-0.08,0.11,0.99,-0.02,0.0,-0.0
-0.08,0.11,0.99,-0.02,0.01,-0.0
-0.08,0.11,0.98,-0.02,0.0,-0.0
-0.07,0.11,0.99,-0.02,0.01,-0.0
-0.08,0.11,0.99,-0.03,0.01,0.0
-0.08,0.12,0.99,-0.03,-0.0,0.01
-0.08,0.11,0.99,-0.02,0.01,-0.0
-0.08,0.12,0.99,-0.01,0.0,0.0
-0.08,0.12,0.99,-0.02,0.01,0.0
-0.08,0.11,0.98,-0.02,0.0,-0.0
-0.08,0.12,0.99,-0.02,0.0,-0.0
-0.08,0.11,0.99,-0.02,-0.01,-0.01
-0.08,0.12,0.99,-0.02,0.0,0.01
-0.08,0.11,0.99,-0.02,0.0,0.01
-0.08,0.11,1.0,-0.03,0.0,0.0
-0.08,0.11,0.98,-0.02,0.0,-0.0
-0.08,0.11,0.99,-0.02,0.01,0.0
-0.07,0.11,0.98,-0.03,0.0,0.0
-0.08,0.12,0.99,-0.02,0.01,-0.0
-0.07,0.11,1.0,-0.01,0.0,-0.01
-0.08,0.11,1.0,-0.01,0.0,0.0
-0.07,0.11,0.99,-0.02,0.01,-0.0
-0.08,0.12,1.0,-0.02,0.01,0.0
-0.08,0.11,0.99,-0.02,-0.0,0.0
-0.07,0.11,0.99,-0.01,0.01,-0.0
-0.07,0.12,0.99,-0.01,0.0,-0.0
-0.07,0.11,0.99,-0.02,0.0,0.0
-0.08,0.11,0.99,-0.02,0.01,0.0
-0.07,0.11,0.99,-0.02,0.01,-0.0
-0.07,0.11,0.99,-0.02,-0.0,0.01
-0.07,0.11,0.99,-0.02,0.01,-0.0
-0.08,0.11,1.0,-0.01,0.0,0.0
-0.07,0.11,0.99,-0.02,0.01,0.0
-0.07,0.11,0.99,-0.02,-0.01,0.0
-0.07,0.11,0.99,-0.01,0.0,-0.01
