accelX,accelY,accelZ,gyroX,gyroY,gyroZ
0.04,0.04,1.0,-0.01,0.0,0.01
0.04,0.04,1.0,-0.02,0.01,-0.0
0.03,0.04,1.0,-0.02,0.0,0.01
0.04,0.05,1.0,-0.02,0.0,-0.0
0.03,0.04,1.0,-0.02,-0.0,-0.0
0.03,0.04,1.0,-0.02,0.0,-0.0
0.04,0.04,1.0,-0.03,-0.0,0.01
0.03,0.04,1.0,-0.03,0.0,-0.0
0.04,0.05,0.99,-0.02,-0.0,0.0
0.03,0.04,1.0,-0.03,0.01,0.01
0.04,0.04,1.0,-0.03,0.01,0.0
0.04,0.04,1.0,-0.02,0.01,-0.0
0.04,0.04,0.99,-0.01,0.01,0.0
0.04,0.04,0.99,-0.01,0.0,0.0
0.03,0.05,1.01,-0.02,0.01,-0.01
0.04,0.04,1.0,-0.02,0.0,0.0
0.03,0.05,1.01,-0.02,0.01,0.0
0.03,0.04,1.0,-0.02,0.0,0.0
0.03,0.05,1.0,-0.02,-0.0,0.0
0.04,0.04,0.99,-0.03,0.0,-0.01
0.04,0.04,1.0,-0.01,0.01,-0.0
0.04,0.05,1.0,-0.02,0.01,-0.0
0.04,0.04,1.0,-0.02,0.0,0.0
0.04,0.05,1.0,-0.02,0.01,-0.0
0.03,0.05,1.0,-0.01,-0.01,0.01
0.03,0.05,1.01,-0.03,-0.0,0.0
0.04,0.05,1.0,-0.04,0.01,0.0
0.04,0.05,1.0,-0.02,0.01,-0.01
0.03,0.04,1.0,-0.03,0.01,0.0
0.03,0.05,1.0,-0.02,0.0,-0.0
0.04,0.04,1.0,-0.02,-0.0,0.01
0.04,0.04,1.0,-0.01,0.01,-0.01
0.04,0.04,0.99,-0.01,-0.0,0.0
0.04,0.05,1.0,-0.02,0.01,0.01
0.04,0.04,0.99,-0.02,0.01,0.0
0.04,0.04,1.0,-0.02,0.0,-0.01
0.04,0.04,1.0,-0.02,0.01,-0.0
0.04,0.05,1.0,-0.02,0.0,0.0
0.03,0.05,1.0,-0.03,0.0,0.0
0.03,0.04,1.0,-0.02,0.0,-0.01
0.04,0.04,0.99,-0.02,0.01,-0.0
0.03,0.05,1.0,-0.01,0.0,-0.01
0.04,0.04,1.0,-0.01,-0.0,0.0
0.04,0.04,1.0,-0.01,0.0,0.0
0.03,0.04,1.0,-0.02,-0.0,0.0
0.03,0.03,1.0,-0.02,-0.0,0.0
0.03,0.04,1.01,-0.01,0.0,0.01
0.04,0.04,1.0,-0.01,0.01,-0.0
0.04,0.05,1.0,-0.02,0.0,-0.0
0.04,0.05,1.0,-0.02,0.01,-0.0
0.03,0.04,1.0,0.0,0.06,-0.06
0.04,0.04,1.0,-0.04,-0.01,0.01
0.04,0.05,1.0,-0.03,0.0,0.01
0.04,0.04,1.0,-0.02,0.01,0.01
0.04,0.04,1.0,-0.04,0.02,-0.01
0.04,0.04,0.99,-0.02,0.0,0.01
0.04,0.05,1.0,-0.02,0.0,-0.0
0.04,0.04,1.0,-0.02,0.0,0.0
0.04,0.04,1.01,-0.02,0.01,-0.0
0.04,0.04,1.0,-0.02,-0.0,-0.0
0.04,0.04,1.0,-0.02,0.01,-0.0
0.03,0.05,1.0,-0.03,-0.0,0.01
0.04,0.05,1.0,-0.02,0.01,0.0
0.04,0.05,1.0,-0.02,-0.0,-0.0
0.04,0.05,1.0,-0.02,0.0,0.01
0.04,0.04,1.0,-0.03,-0.0,0.01
0.04,0.04,1.0,-0.04,0.01,-0.0
0.03,0.04,1.0,-0.02,-0.0,-0.0
0.04,0.04,1.0,-0.02,0.0,0.0
0.04,0.04,1.0,-0.02,0.0,0.0
0.04,0.05,1.0,-0.02,0.01,-0.0
0.04,0.05,1.0,-0.01,0.0,-0.0
0.04,0.04,1.01,-0.03,0.01,-0.0
0.04,0.05,1.0,-0.03,0.01,0.0
0.03,0.04,1.0,-0.02,0.01,-0.0
0.03,0.04,1.0,-0.02,0.01,0.01
0.04,0.04,1.0,-0.03,0.01,0.01
0.03,0.05,1.0,-0.02,0.01,0.0
0.04,0.04,1.0,-0.02,0.0,0.0
0.04,0.04,1.01,-0.02,0.0,-0.0
0.04,0.05,1.01,-0.02,0.0,-0.0
0.03,0.04,0.99,-0.02,0.02,-0.0
0.03,0.06,0.98,-0.03,-0.01,0.04
0.01,0.08,1.0,-0.03,0.01,0.1
0.01,0.09,0.98,-0.02,0.01,0.19
0.02,0.06,1.0,-0.04,0.03,0.31
0.06,0.04,1.01,-0.03,0.04,0.36
0.09,0.03,1.0,-0.04,0.03,0.39
0.07,0.01,1.01,-0.03,0.03,0.4
0.06,0.02,1.0,-0.04,0.03,0.42
0.06,0.03,1.01,-0.04,0.02,0.45
0.08,0.02,1.01,-0.05,0.01,0.46
0.08,0.03,1.0,-0.03,0.0,0.46
0.05,0.02,1.0,-0.03,0.03,0.44
0.05,0.03,1.01,-0.04,0.01,0.42
0.02,0.03,1.0,-0.03,0.02,0.4
0.02,0.04,1.0,-0.04,0.01,0.38
0.03,0.05,1.02,-0.03,0.02,0.35
0.03,0.05,1.01,-0.04,0.02,0.32
0.04,0.05,1.0,-0.02,0.01,0.29
0.03,0.05,1.0,-0.03,0.02,0.23
0.03,0.05,1.0,-0.02,0.0,0.2
0.03,0.05,1.01,-0.01,0.01,0.12
0.03,0.05,1.0,-0.02,-0.01,0.03
-0.03,0.1,0.99,-0.02,-0.0,-0.04
0.04,0.05,1.01,-0.02,-0.01,-0.01
0.06,0.04,0.99,-0.03,0.04,-0.01
0.02,0.06,0.98,-0.01,-0.01,0.0
0.05,0.04,1.02,-0.01,-0.01,-0.01
0.03,0.05,1.0,-0.02,0.02,-0.0
0.04,0.05,1.01,-0.02,-0.0,0.0
0.04,0.05,1.0,-0.02,0.01,0.0
0.03,0.05,1.0,-0.02,0.0,-0.01
0.04,0.05,1.0,-0.02,0.01,-0.0
0.04,0.05,1.0,-0.02,0.0,-0.01
0.04,0.04,1.0,-0.02,0.0,-0.01
0.04,0.04,1.0,-0.02,0.0,-0.01
0.04,0.04,1.0,-0.01,-0.0,0.0
0.04,0.05,1.0,-0.0,0.0,0.0
0.04,0.05,0.99,-0.02,-0.0,0.0
0.05,0.05,0.98,-0.02,0.02,0.01
-0.06,0.1,0.98,-0.02,0.04,0.16
0.0,0.11,1.0,-0.04,0.02,0.31
0.41,-0.1,0.98,-0.05,-0.02,0.4
0.51,0.02,1.15,0.04,0.01,-0.37
0.09,0.21,0.94,-0.08,-0.03,-0.63
-0.11,0.24,0.98,-0.0,0.07,-0.39
0.16,0.35,0.99,-0.02,0.1,-0.22
0.28,0.49,0.99,-0.03,0.05,-0.22
0.36,0.48,0.94,-0.06,-0.08,-0.26
0.34,0.41,0.94,-0.14,-0.27,-0.33
0.22,0.23,1.02,-0.18,-0.37,-0.38
0.15,0.03,1.03,-0.19,-0.47,-0.41
0.11,-0.1,1.01,-0.16,-0.46,-0.4
0.1,-0.17,1.01,-0.15,-0.41,-0.4
0.09,-0.17,1.05,-0.15,-0.43,-0.42
0.11,-0.13,1.04,-0.14,-0.4,-0.44
0.12,-0.08,1.04,-0.15,-0.46,-0.47
0.09,-0.01,1.02,-0.16,-0.51,-0.49
0.06,0.03,0.98,-0.19,-0.55,-0.47
0.03,0.07,0.99,-0.2,-0.54,-0.41
-0.03,0.1,1.04,-0.18,-0.55,-0.31
-0.08,0.12,1.05,-0.2,-0.62,-0.21
-0.09,0.16,1.03,-0.23,-0.71,-0.09
-0.1,0.2,1.04,-0.24,-0.78,0.03
-0.1,0.23,1.07,-0.23,-0.9,0.16
-0.05,0.23,1.06,-0.23,-1.02,0.29
-0.04,0.24,1.09,-0.22,-1.2,0.4
-0.02,0.23,1.13,-0.22,-1.37,0.44
0.0,0.22,1.07,-0.21,-1.59,0.51
-0.01,0.22,1.07,-0.21,-1.76,0.57
-0.01,0.22,1.08,-0.21,-1.92,0.64
-0.0,0.22,1.07,-0.19,-2.08,0.68
-0.04,0.21,1.12,-0.15,-2.27,0.73
-0.08,0.17,1.12,-0.15,-2.43,0.81
-0.09,0.15,1.07,-0.1,-2.61,0.87
-0.13,0.15,1.04,-0.08,-2.75,0.96
-0.11,0.14,1.04,-0.07,-2.74,1.06
-0.06,0.12,0.96,-0.09,-2.71,1.14
-0.03,0.08,0.96,-0.15,-2.61,1.23
0.07,0.03,0.97,-0.21,-2.54,1.28
0.16,0.01,1.05,-0.27,-2.54,1.3
0.28,-0.01,1.04,-0.29,-2.57,1.27
0.35,-0.01,0.98,-0.34,-2.56,1.24
0.41,-0.02,0.95,-0.41,-2.45,1.2
0.47,-0.01,0.98,-0.5,-2.37,1.16
0.52,0.03,1.1,-0.56,-2.35,1.08
0.54,0.07,1.13,-0.58,-2.5,0.99
0.49,0.04,1.14,-0.64,-2.68,0.89
0.38,-0.08,1.06,-0.66,-2.78,0.77
0.2,-0.17,0.96,-0.64,-2.75,0.67
0.04,-0.17,0.89,-0.63,-2.61,0.62
-0.07,-0.09,0.86,-0.61,-2.38,0.58
-0.15,0.01,0.87,-0.55,-2.08,0.62
-0.19,0.04,0.89,-0.53,-1.85,0.66
-0.19,0.0,0.98,-0.49,-1.7,0.72
-0.12,-0.06,0.98,-0.45,-1.61,0.75
0.01,-0.07,0.98,-0.39,-1.52,0.76
0.15,-0.05,1.0,-0.37,-1.5,0.74
0.28,-0.03,1.02,-0.36,-1.46,0.72
0.37,-0.01,1.05,-0.37,-1.52,0.66
0.42,0.05,1.12,-0.39,-1.63,0.59
0.42,0.06,1.13,-0.4,-1.83,0.52
0.37,0.06,1.11,-0.38,-2.1,0.46
0.29,0.06,1.1,-0.38,-2.31,0.44
0.22,0.06,1.07,-0.37,-2.5,0.43
0.16,0.05,1.04,-0.35,-2.61,0.45
0.14,0.04,1.01,-0.33,-2.75,0.48
0.12,0.05,1.02,-0.32,-2.78,0.49
0.13,0.05,1.05,-0.32,-2.75,0.51
0.21,0.01,0.99,-0.34,-2.6,0.49
0.29,-0.04,0.98,-0.4,-2.45,0.44
0.38,-0.06,0.97,-0.5,-2.34,0.35
0.39,-0.08,1.0,-0.6,-2.16,0.23
0.33,-0.11,0.95,-0.65,-2.02,0.11
0.27,-0.09,0.9,-0.74,-1.84,0.04
0.24,-0.07,0.93,-0.84,-1.73,-0.02
0.17,-0.04,1.03,-0.89,-1.63,-0.07
0.11,0.01,1.11,-0.91,-1.46,-0.13
0.09,0.05,1.16,-0.97,-1.48,-0.15
0.41,-0.07,0.86,-1.01,-1.5,-0.14
0.07,0.14,1.29,-1.06,-1.47,-0.13
-0.14,0.2,1.13,-1.13,-1.52,-0.12
-0.04,0.17,1.17,-1.13,-1.52,-0.1
0.23,0.03,1.34,-1.18,-1.51,-0.08
0.45,-0.06,0.68,-1.25,-1.67,-0.07
-0.08,0.18,1.25,-1.32,-1.51,-0.03
0.25,0.09,0.73,-1.45,-1.85,0.01
0.19,0.05,0.9,-1.57,-2.08,0.08
0.2,0.01,1.06,-1.69,-2.17,0.1
0.31,-0.06,1.15,-1.73,-2.23,0.04
0.3,-0.07,1.22,-1.75,-2.13,-0.04
0.28,-0.11,1.25,-1.71,-1.94,-0.16
0.22,-0.13,1.22,-1.64,-1.68,-0.29
0.16,-0.11,1.16,-1.59,-1.46,-0.36
0.15,-0.07,1.11,-1.58,-1.26,-0.4
0.18,-0.06,1.13,-1.6,-1.15,-0.42
0.23,-0.07,1.2,-1.64,-1.04,-0.46
0.3,-0.09,1.25,-1.69,-0.93,-0.56
0.32,-0.04,1.3,-1.73,-0.93,-0.67
0.3,-0.04,1.31,-1.8,-0.93,-0.8
0.28,-0.03,1.31,-1.83,-1.02,-0.92
0.2,-0.01,1.29,-1.83,-1.16,-1.0
0.2,-0.0,1.22,-1.84,-1.23,-1.07
0.17,-0.03,1.16,-1.86,-1.36,-1.11
0.1,-0.0,1.14,-1.92,-1.41,-1.14
0.06,-0.02,1.12,-1.96,-1.33,-1.15
-0.0,-0.01,1.12,-1.99,-1.2,-1.18
-0.07,0.02,1.09,-1.97,-1.09,-1.19
-0.11,0.02,1.06,-1.91,-1.08,-1.19
-0.14,0.03,1.03,-1.83,-0.96,-1.17
-0.14,0.05,1.0,-1.75,-0.8,-1.13
-0.11,0.06,1.0,-1.69,-0.64,-1.1
-0.11,0.04,1.01,-1.65,-0.46,-1.09
-0.12,0.04,1.0,-1.64,-0.3,-1.06
-0.11,0.06,0.99,-1.61,-0.19,-1.04
-0.09,0.07,0.98,-1.62,-0.15,-1.04
-0.11,0.06,0.98,-1.65,-0.24,-1.02
-0.12,0.05,0.99,-1.69,-0.41,-1.0
-0.16,0.05,1.0,-1.71,-0.53,-0.97
-0.19,0.05,1.03,-1.67,-0.66,-0.94
-0.17,0.09,1.03,-1.61,-0.74,-0.92
-0.13,0.08,1.05,-1.52,-0.81,-0.91
-0.09,0.08,1.08,-1.43,-0.8,-0.92
-0.06,0.07,1.09,-1.34,-0.7,-0.94
-0.05,0.06,1.09,-1.28,-0.56,-0.97
-0.05,0.05,1.08,-1.19,-0.42,-1.01
-1.97,1.5,-0.13,-0.75,-1.39,-0.82
-1.49,1.2,0.76,0.7,-2.77,0.03
-0.01,-0.0,1.99,1.16,-0.23,-0.1
0.28,-0.13,1.62,1.14,0.71,-0.74
0.01,-0.14,0.99,0.96,0.24,-0.88
0.15,-0.15,0.9,0.79,-0.06,-0.77
0.28,-0.1,0.96,0.64,-0.12,-0.81
0.13,-0.1,0.96,0.65,0.04,-0.9
-0.16,0.05,0.77,0.71,0.2,-0.9
-0.32,0.2,0.66,0.79,0.14,-0.78
-0.29,0.2,0.65,0.88,0.2,-0.63
-0.24,0.16,0.73,0.94,0.38,-0.52
-0.18,0.11,0.79,1.0,0.56,-0.47
-0.18,0.14,0.87,1.06,0.68,-0.44
-0.19,0.11,0.96,1.16,0.83,-0.43
-0.16,0.1,1.06,1.28,1.0,-0.43
-0.05,0.05,1.1,1.4,1.04,-0.49
0.02,-0.0,1.1,1.46,1.09,-0.54
0.04,0.04,1.22,1.46,1.55,-0.56
0.06,0.09,1.31,1.49,1.88,-0.59
-0.01,0.06,1.03,1.53,1.34,-0.71
-0.13,-0.07,0.76,1.52,0.89,-0.62
-0.12,0.04,0.73,1.4,1.21,-0.42
-0.11,0.22,0.73,1.29,1.58,-0.34
-0.13,0.03,0.6,1.33,1.15,-0.26
-0.16,-0.06,0.61,1.25,1.11,-0.05
-0.05,-0.02,0.71,1.17,1.31,0.11
0.07,-0.04,0.68,1.05,1.33,0.2
0.03,-0.07,0.62,0.93,1.3,0.3
-0.03,-0.07,0.65,0.78,1.38,0.45
-0.14,-0.07,0.66,0.67,1.4,0.64
-0.25,0.02,0.72,0.62,1.39,0.86
-0.12,-0.0,0.78,0.58,1.37,1.05
0.02,-0.05,0.83,0.51,1.38,1.15
0.08,-0.07,0.87,0.43,1.4,1.17
0.13,-0.18,0.9,0.35,1.24,1.12
0.09,-0.33,0.97,0.27,0.85,0.94
0.09,-0.41,0.98,0.21,0.36,0.73
0.16,-0.26,0.94,0.16,0.15,0.57
0.23,-0.16,0.91,0.13,0.09,0.43
0.25,-0.11,0.92,0.1,0.1,0.36
0.23,-0.06,0.93,0.03,0.02,0.34
0.21,0.02,0.97,-0.06,-0.03,0.29
0.23,0.12,0.97,-0.09,-0.09,0.26
0.17,0.19,0.92,-0.11,-0.17,0.24
0.18,0.19,0.89,-0.09,-0.31,0.27
0.19,0.17,0.87,-0.06,-0.34,0.32
0.2,0.13,0.86,-0.05,-0.33,0.4
0.19,0.09,0.83,-0.04,-0.31,0.47
0.17,0.08,0.83,-0.04,-0.33,0.55
0.15,0.08,0.83,-0.03,-0.37,0.61
0.15,0.08,0.84,-0.02,-0.44,0.66
0.13,0.1,0.86,0.01,-0.49,0.69
0.12,0.1,0.88,0.06,-0.55,0.7
0.13,0.1,0.89,0.11,-0.62,0.69
0.13,0.1,0.91,0.18,-0.66,0.64
0.16,0.07,0.9,0.22,-0.69,0.58
0.16,0.06,0.91,0.24,-0.75,0.49
0.16,0.05,0.87,0.24,-0.81,0.41
0.15,0.05,0.87,0.24,-0.91,0.35
0.13,0.06,0.89,0.23,-0.97,0.25
0.12,0.06,0.89,0.2,-1.05,0.17
0.1,0.07,0.88,0.18,-1.12,0.08
0.06,0.08,0.89,0.13,-1.21,0.01
0.05,0.08,0.88,0.08,-1.29,-0.05
0.03,0.08,0.88,0.0,-1.42,-0.08
0.01,0.1,0.94,-0.05,-1.5,-0.12
-0.02,0.13,0.98,-0.06,-1.52,-0.15
-0.05,0.14,1.01,-0.04,-1.5,-0.16
-0.07,0.16,1.04,-0.01,-1.48,-0.16
-0.11,0.17,1.05,0.06,-1.42,-0.17
-0.13,0.15,1.07,0.12,-1.39,-0.17
-0.17,0.15,1.1,0.2,-1.38,-0.17
-0.19,0.16,1.13,0.28,-1.4,-0.16
-0.25,0.21,1.19,0.38,-1.43,-0.19
-0.3,0.22,1.2,0.49,-1.47,-0.21
-0.32,0.24,1.2,0.6,-1.5,-0.24
-0.32,0.26,1.22,0.71,-1.48,-0.28
-0.31,0.29,1.25,0.8,-1.42,-0.34
-0.31,0.31,1.27,0.87,-1.33,-0.41
-0.36,0.33,1.23,0.94,-1.18,-0.49
-0.35,0.34,1.23,0.96,-0.97,-0.53
-0.34,0.33,1.26,0.96,-0.81,-0.58
-0.32,0.31,1.26,0.95,-0.67,-0.6
-0.31,0.28,1.26,0.9,-0.55,-0.63
-0.34,0.27,1.23,0.86,-0.44,-0.62
-0.37,0.27,1.21,0.8,-0.25,-0.58
-0.44,0.31,1.25,0.78,-0.17,-0.52
-0.49,0.32,1.28,0.79,-0.08,-0.46
-0.54,0.35,1.34,0.81,0.01,-0.39
-0.63,0.4,1.37,0.88,0.11,-0.34
-0.7,0.44,1.38,0.96,0.2,-0.27
-0.77,0.47,1.4,1.04,0.32,-0.19
-0.75,0.44,1.39,1.1,0.39,-0.1
-0.79,0.4,1.35,1.1,0.65,0.06
-0.76,0.39,1.29,1.08,0.96,0.27
-0.7,0.42,1.27,1.01,1.31,0.49
-0.54,0.42,1.29,0.9,1.56,0.68
-0.45,0.43,1.29,0.74,1.74,0.85
-0.44,0.44,1.33,0.57,1.88,1.01
-0.47,0.45,1.34,0.36,1.93,1.14
-0.44,0.43,1.4,0.17,1.81,1.23
-0.44,0.41,1.38,-0.04,1.7,1.29
-0.38,0.38,1.4,-0.25,1.61,1.31
-0.33,0.35,1.48,-0.46,1.51,1.29
-0.35,0.35,1.58,-0.64,1.4,1.22
-0.4,0.36,1.73,-0.72,1.27,1.09
-0.43,0.36,1.84,-0.75,1.19,0.94
-0.46,0.34,1.93,-0.7,1.22,0.74
-0.49,0.32,1.97,-0.62,1.33,0.55
-0.45,0.28,1.99,-0.5,1.51,0.35
-0.41,0.24,1.96,-0.37,1.71,0.16
-0.42,0.21,1.92,-0.27,1.97,-0.01
-0.42,0.17,1.84,-0.16,2.25,-0.13
-0.41,0.14,1.75,-0.06,2.54,-0.2
-0.4,0.17,1.7,0.03,2.75,-0.23
-0.38,0.2,1.67,0.11,2.91,-0.23
-0.37,0.2,1.65,0.16,3.01,-0.2
-0.33,0.19,1.66,0.22,3.03,-0.15
-0.27,0.14,1.71,0.23,3.06,-0.12
-0.19,0.08,1.74,0.24,3.1,-0.1
-0.14,0.05,1.78,0.25,3.17,-0.1
-0.13,0.03,1.8,0.27,3.27,-0.11
-0.11,0.03,1.82,0.32,3.37,-0.1
-0.07,-0.0,1.85,0.38,3.47,-0.09
-0.04,-0.02,1.88,0.47,3.56,-0.09
0.02,-0.06,1.86,0.59,3.65,-0.07
0.01,-0.06,1.81,0.68,3.74,-0.02
0.04,-0.08,1.82,0.8,3.81,0.02
0.03,-0.09,1.73,0.92,3.94,0.08
0.08,-0.13,1.7,1.01,4.09,0.14
0.08,-0.18,1.61,1.1,4.18,0.19
0.1,-0.2,1.58,1.13,4.22,0.24
0.13,-0.23,1.57,1.14,4.19,0.27
0.2,-0.26,1.54,1.14,4.19,0.28
0.26,-0.29,1.52,1.11,4.2,0.3
0.31,-0.32,1.52,1.08,4.24,0.29
0.34,-0.34,1.54,1.07,4.24,0.27
0.37,-0.36,1.55,1.07,4.2,0.27
0.4,-0.37,1.55,1.09,4.2,0.27
0.42,-0.39,1.56,1.13,4.22,0.27
0.43,-0.4,1.55,1.2,4.26,0.26
0.42,-0.4,1.49,1.28,4.3,0.27
0.4,-0.4,1.44,1.36,4.34,0.3
0.39,-0.4,1.38,1.43,4.34,0.34
0.4,-0.4,1.33,1.48,4.34,0.4
0.42,-0.41,1.27,1.53,4.34,0.45
0.47,-0.41,1.2,1.55,4.34,0.48
0.49,-0.39,1.17,1.56,4.34,0.53
0.53,-0.39,1.12,1.57,4.33,0.55
0.6,-0.38,1.09,1.58,4.23,0.55
0.63,-0.36,1.09,1.58,4.13,0.52
0.65,-0.37,1.09,1.6,4.08,0.48
0.66,-0.38,1.05,1.62,4.03,0.41
0.68,-0.39,1.0,1.65,4.01,0.32
0.69,-0.41,0.96,1.65,4.02,0.21
0.68,-0.37,0.92,1.65,4.0,0.09
0.68,-0.36,0.89,1.64,3.96,-0.02
0.69,-0.33,0.85,1.6,3.93,-0.12
0.69,-0.3,0.8,1.52,3.9,-0.21
0.62,-0.26,0.75,1.43,3.86,-0.28
0.55,-0.25,0.69,1.28,3.85,-0.32
0.49,-0.24,0.64,1.1,3.85,-0.33
0.45,-0.24,0.62,0.9,3.84,-0.34
0.42,-0.23,0.61,0.68,3.84,-0.32
0.39,-0.22,0.65,0.47,3.83,-0.27
0.36,-0.23,0.67,0.29,3.82,-0.2
0.33,-0.26,0.69,0.14,3.87,-0.12
0.31,-0.28,0.72,0.06,3.86,-0.03
0.31,-0.29,0.75,0.03,3.83,0.07
0.31,-0.32,0.8,0.06,3.77,0.16
0.32,-0.36,0.83,0.15,3.68,0.24
0.34,-0.39,0.83,0.3,3.61,0.3
0.34,-0.4,0.82,0.48,3.58,0.34
0.32,-0.39,0.8,0.7,3.56,0.36
0.29,-0.37,0.76,0.92,3.51,0.36
0.27,-0.33,0.7,1.13,3.43,0.33
0.27,-0.31,0.64,1.27,3.33,0.3
0.25,-0.28,0.6,1.38,3.22,0.24
0.27,-0.25,0.56,1.46,3.11,0.19
0.27,-0.21,0.52,1.5,3.05,0.12
0.24,-0.18,0.49,1.51,3.01,0.07
0.23,-0.14,0.45,1.49,2.98,0.02
0.24,-0.12,0.42,1.43,3.0,-0.01
0.24,-0.1,0.39,1.34,3.06,-0.02
0.21,-0.06,0.37,1.22,3.13,-0.03
0.18,0.01,0.33,1.06,3.18,-0.02
0.12,0.05,0.33,0.87,3.22,0.03
0.07,0.06,0.31,0.69,3.2,0.09
0.03,0.09,0.3,0.51,3.18,0.16
0.01,0.14,0.31,0.37,3.11,0.24
0.01,0.16,0.31,0.24,3.05,0.29
-0.03,0.13,0.32,0.12,2.93,0.34
-0.03,0.09,0.32,0.03,2.86,0.36
-0.05,0.09,0.32,-0.03,2.79,0.37
-0.09,0.08,0.35,-0.03,2.73,0.38
-0.1,0.07,0.4,-0.01,2.61,0.4
-0.1,0.08,0.42,0.06,2.46,0.42
-0.11,0.07,0.42,0.17,2.33,0.42
-0.13,0.06,0.39,0.28,2.23,0.42
-0.16,0.05,0.37,0.42,2.12,0.41
-0.16,0.07,0.36,0.56,2.0,0.37
-0.18,0.1,0.35,0.72,1.88,0.34
-0.18,0.11,0.35,0.88,1.77,0.29
-0.17,0.13,0.34,1.04,1.66,0.22
-0.19,0.15,0.33,1.16,1.57,0.15
-0.23,0.18,0.28,1.26,1.49,0.07
-0.28,0.25,0.24,1.29,1.47,0.0
-0.35,0.3,0.24,1.28,1.43,-0.02
-0.4,0.35,0.25,1.22,1.36,-0.02
-0.44,0.41,0.25,1.12,1.27,0.03
-0.48,0.48,0.24,0.96,1.21,0.11
-0.52,0.51,0.23,0.75,1.16,0.19
-0.53,0.55,0.21,0.52,1.09,0.28
-0.52,0.56,0.2,0.23,1.0,0.36
-0.48,0.54,0.23,-0.04,0.87,0.4
-0.41,0.51,0.29,-0.3,0.72,0.44
-0.32,0.44,0.35,-0.48,0.58,0.44
-0.22,0.34,0.43,-0.58,0.44,0.4
-0.13,0.27,0.49,-0.61,0.32,0.33
-0.05,0.21,0.55,-0.59,0.25,0.23
0.01,0.14,0.63,-0.51,0.17,0.11
0.03,0.1,0.69,-0.4,0.1,-0.01
0.04,0.07,0.73,-0.26,0.06,-0.13
0.03,0.06,0.78,-0.15,0.01,-0.22
0.01,0.06,0.83,-0.04,-0.02,-0.28
-0.02,0.07,0.86,0.05,-0.06,-0.29
-0.03,0.08,0.87,0.09,-0.08,-0.27
-0.06,0.11,0.89,0.12,-0.1,-0.22
-0.07,0.12,0.9,0.12,-0.12,-0.17
-0.09,0.14,0.91,0.09,-0.16,-0.08
-0.08,0.16,0.91,0.04,-0.18,-0.02
-0.07,0.16,0.91,-0.01,-0.21,0.05
-0.06,0.16,0.89,-0.1,-0.2,0.1
-0.04,0.16,0.9,-0.19,-0.19,0.13
-0.04,0.16,0.91,-0.28,-0.18,0.15
-0.04,0.17,0.92,-0.39,-0.17,0.16
-0.01,0.15,0.93,-0.47,-0.2,0.18
0.03,0.12,0.94,-0.56,-0.22,0.16
0.05,0.1,0.95,-0.62,-0.23,0.14
0.07,0.07,0.99,-0.66,-0.25,0.14
0.07,0.06,1.01,-0.67,-0.25,0.12
0.08,0.04,1.04,-0.66,-0.27,0.1
0.08,0.03,1.06,-0.62,-0.3,0.09
0.08,0.01,1.07,-0.59,-0.32,0.06
0.1,-0.01,1.07,-0.55,-0.33,0.03
0.11,-0.02,1.1,-0.49,-0.35,0.01
0.14,-0.02,1.1,-0.45,-0.33,-0.04
0.16,-0.04,1.11,-0.36,-0.31,-0.06
0.16,-0.06,1.1,-0.31,-0.24,-0.1
0.15,-0.06,1.11,-0.27,-0.19,-0.1
0.14,-0.05,1.11,-0.22,-0.11,-0.09
0.12,-0.04,1.12,-0.21,-0.04,-0.05
0.11,-0.02,1.11,-0.2,0.01,-0.0
0.09,-0.02,1.1,-0.17,0.05,0.06
0.09,-0.01,1.1,-0.15,0.09,0.11
0.1,-0.01,1.08,-0.14,0.1,0.15
0.11,0.0,1.06,-0.13,0.1,0.18
0.12,-0.01,1.04,-0.11,0.13,0.18
0.11,0.01,1.03,-0.05,0.13,0.17
0.1,0.02,1.01,-0.01,0.15,0.14
0.09,0.04,1.01,0.02,0.13,0.11
0.08,0.05,1.0,0.03,0.1,0.08
0.08,0.06,0.99,0.05,0.07,0.04
0.07,0.07,0.97,0.06,0.05,0.01
0.07,0.06,0.97,0.06,0.05,-0.02
0.06,0.07,0.97,0.07,0.02,-0.04
0.05,0.08,0.96,0.05,0.03,-0.05
0.04,0.07,0.96,0.03,0.02,-0.06
0.02,0.07,0.94,0.01,0.03,-0.04
0.02,0.06,0.95,-0.01,0.04,-0.02
0.02,0.06,0.95,-0.02,0.04,-0.01
0.02,0.07,0.94,-0.04,0.05,0.0
0.02,0.06,0.95,-0.06,0.04,0.02
0.02,0.05,0.95,-0.06,0.04,0.03
0.02,0.04,0.95,-0.06,0.04,0.05
0.03,0.04,0.95,-0.05,0.04,0.06
0.02,0.04,0.96,-0.04,0.02,0.08
0.03,0.04,0.96,-0.04,0.03,0.08
0.04,0.03,0.96,-0.02,0.03,0.07
0.04,0.04,0.95,-0.02,0.02,0.06
0.05,0.02,0.95,-0.01,0.02,0.04
0.06,0.02,0.95,0.02,0.03,0.01
0.05,0.02,0.95,0.05,0.02,-0.02
0.04,0.02,0.95,0.07,0.01,-0.03
0.03,0.02,0.95,0.11,-0.01,-0.05
0.01,0.03,0.95,0.13,-0.03,-0.06
0.01,0.03,0.94,0.15,-0.06,-0.06
0.01,0.03,0.95,0.16,-0.05,-0.06
0.02,0.04,0.94,0.16,-0.07,-0.05
0.04,0.05,0.93,0.17,-0.08,-0.05
0.05,0.06,0.93,0.16,-0.07,-0.04
0.05,0.07,0.93,0.15,-0.07,-0.04
0.05,0.08,0.92,0.13,-0.08,-0.05
0.03,0.09,0.92,0.1,-0.08,-0.06
0.02,0.08,0.92,0.07,-0.09,-0.08
-0.0,0.08,0.92,0.03,-0.08,-0.1
-0.0,0.09,0.92,0.01,-0.1,-0.09
-0.01,0.09,0.92,-0.02,-0.11,-0.11
0.0,0.09,0.91,-0.05,-0.12,-0.11
0.01,0.09,0.91,-0.09,-0.13,-0.12
0.02,0.09,0.91,-0.09,-0.16,-0.13
0.02,0.08,0.91,-0.1,-0.16,-0.16
0.01,0.05,0.92,-0.09,-0.17,-0.18
0.01,0.06,0.92,-0.06,-0.15,-0.2
0.03,0.05,0.92,-0.04,-0.15,-0.21
0.01,0.05,0.93,-0.02,-0.14,-0.21
0.01,0.05,0.93,-0.01,-0.16,-0.21
-0.01,0.05,0.92,0.0,-0.15,-0.2
-0.02,0.05,0.93,0.04,-0.16,-0.17
-0.02,0.05,0.93,0.07,-0.16,-0.15
-0.03,0.06,0.92,0.09,-0.18,-0.13
-0.03,0.08,0.9,0.12,-0.21,-0.12
-0.04,0.11,0.88,0.15,-0.23,-0.09
-0.04,0.12,0.85,0.13,-0.25,-0.09
-0.05,0.13,0.82,0.11,-0.26,-0.08
-0.05,0.14,0.81,0.07,-0.28,-0.1
-0.03,0.15,0.81,0.04,-0.31,-0.12
-0.01,0.16,0.81,0.03,-0.34,-0.15
-0.02,0.16,0.8,0.03,-0.36,-0.17
-0.03,0.16,0.78,-0.0,-0.37,-0.2
-0.06,0.16,0.77,-0.03,-0.39,-0.23
-0.08,0.18,0.76,-0.06,-0.41,-0.24
-0.09,0.18,0.75,-0.08,-0.45,-0.23
-0.08,0.17,0.75,-0.12,-0.5,-0.23
-0.09,0.16,0.74,-0.14,-0.54,-0.22
-0.1,0.15,0.73,-0.14,-0.58,-0.21
-0.1,0.13,0.72,-0.12,-0.61,-0.2
-0.11,0.14,0.71,-0.09,-0.63,-0.18
-0.12,0.15,0.71,-0.05,-0.69,-0.15
-0.12,0.14,0.71,-0.01,-0.76,-0.13
-0.13,0.14,0.69,0.05,-0.84,-0.1
-0.13,0.13,0.67,0.13,-0.89,-0.12
-0.14,0.12,0.64,0.19,-0.97,-0.13
-0.15,0.13,0.63,0.27,-1.02,-0.15
-0.16,0.15,0.61,0.37,-1.11,-0.16
-0.15,0.17,0.6,0.48,-1.19,-0.18
-0.14,0.2,0.6,0.55,-1.28,-0.18
-0.12,0.24,0.58,0.59,-1.39,-0.19
-0.11,0.23,0.57,0.59,-1.49,-0.19
-0.11,0.22,0.55,0.56,-1.54,-0.19
-0.09,0.23,0.54,0.51,-1.62,-0.18
-0.06,0.25,0.53,0.42,-1.69,-0.18
-0.04,0.26,0.53,0.34,-1.78,-0.19
-0.03,0.25,0.53,0.23,-1.85,-0.19
-0.02,0.2,0.52,0.13,-1.9,-0.2
-0.03,0.16,0.53,0.01,-1.93,-0.21
-0.05,0.13,0.53,-0.06,-1.92,-0.21
-0.07,0.13,0.54,-0.12,-1.93,-0.17
-0.12,0.19,0.63,-0.15,-1.95,-0.11
-0.1,0.14,0.57,-0.21,-2.14,-0.04
-0.09,0.09,0.52,-0.22,-2.23,0.0
-0.09,0.05,0.5,-0.2,-2.25,0.03
-0.08,0.01,0.52,-0.14,-2.22,0.05
-0.06,-0.0,0.52,-0.04,-2.21,0.08
-0.03,0.0,0.52,0.07,-2.23,0.11
0.0,0.02,0.49,0.19,-2.29,0.12
0.03,0.03,0.48,0.3,-2.4,0.14
0.09,0.04,0.48,0.43,-2.51,0.13
0.11,0.06,0.46,0.56,-2.6,0.12
0.12,0.07,0.43,0.65,-2.65,0.1
0.12,0.1,0.42,0.7,-2.69,0.05
0.15,0.14,0.4,0.69,-2.74,0.0
0.2,0.15,0.39,0.63,-2.79,-0.07
0.27,0.15,0.38,0.49,-2.84,-0.15
0.32,0.11,0.39,0.32,-2.85,-0.24
0.34,0.08,0.41,0.1,-2.81,-0.32
0.34,0.06,0.44,-0.09,-2.8,-0.36
0.33,0.05,0.49,-0.28,-2.78,-0.39
0.32,0.04,0.54,-0.47,-2.82,-0.38
0.3,-0.02,0.63,-0.6,-2.87,-0.32
0.27,-0.06,0.68,-0.69,-2.9,-0.25
0.23,-0.1,0.71,-0.73,-2.94,-0.17
0.22,-0.13,0.74,-0.72,-2.96,-0.07
0.22,-0.15,0.77,-0.68,-2.98,0.01
0.24,-0.17,0.79,-0.62,-3.03,0.09
0.25,-0.18,0.81,-0.48,-3.06,0.16
0.26,-0.19,0.81,-0.37,-3.12,0.19
0.25,-0.2,0.81,-0.23,-3.14,0.22
0.23,-0.2,0.78,-0.1,-3.19,0.24
0.23,-0.18,0.76,0.07,-3.2,0.25
0.26,-0.17,0.75,0.21,-3.27,0.26
0.33,-0.15,0.73,0.31,-3.32,0.25
0.33,-0.17,0.78,0.42,-3.43,0.24
0.36,-0.18,0.77,0.54,-3.54,0.2
0.39,-0.14,0.79,0.64,-3.62,0.15
0.51,-0.14,0.85,0.7,-3.73,0.09
0.56,-0.14,0.9,0.72,-3.84,-0.04
0.59,-0.15,0.96,0.69,-3.84,-0.19
0.59,-0.19,1.0,0.62,-3.82,-0.32
0.56,-0.21,1.0,0.51,-3.73,-0.42
0.5,-0.2,1.0,0.36,-3.65,-0.48
0.43,-0.18,1.02,0.21,-3.59,-0.46
0.37,-0.15,1.02,0.04,-3.55,-0.38
0.34,-0.14,1.04,-0.15,-3.54,-0.27
0.3,-0.15,1.06,-0.33,-3.53,-0.13
0.28,-0.16,1.05,-0.5,-3.47,0.03
0.25,-0.19,1.06,-0.64,-3.43,0.2
0.23,-0.21,1.06,-0.75,-3.36,0.37
0.21,-0.22,1.07,-0.84,-3.29,0.55
0.21,-0.22,1.07,-0.88,-3.26,0.72
0.25,-0.25,1.11,-0.88,-3.24,0.87
0.32,-0.25,1.13,-0.82,-3.27,0.97
0.35,-0.25,1.16,-0.75,-3.32,1.0
0.38,-0.26,1.18,-0.64,-3.36,0.97
0.42,-0.27,1.21,-0.5,-3.44,0.9
0.44,-0.26,1.23,-0.35,-3.54,0.78
0.42,-0.25,1.27,-0.22,-3.65,0.67
0.38,-0.24,1.27,-0.06,-3.7,0.53
0.35,-0.24,1.24,0.07,-3.72,0.4
0.3,-0.23,1.25,0.18,-3.74,0.29
0.31,-0.22,1.23,0.23,-3.72,0.19
0.29,-0.2,1.25,0.27,-3.69,0.1
0.28,-0.18,1.27,0.26,-3.65,0.05
0.27,-0.17,1.28,0.24,-3.6,0.03
0.26,-0.16,1.26,0.19,-3.54,0.05
0.27,-0.16,1.28,0.15,-3.47,0.07
0.28,-0.15,1.31,0.06,-3.41,0.13
0.27,-0.14,1.33,-0.02,-3.35,0.16
0.26,-0.15,1.34,-0.1,-3.3,0.21
0.27,-0.15,1.34,-0.2,-3.28,0.24
0.27,-0.14,1.37,-0.31,-3.25,0.27
0.26,-0.13,1.4,-0.37,-3.22,0.28
0.23,-0.13,1.42,-0.42,-3.22,0.3
0.2,-0.12,1.42,-0.44,-3.22,0.3
0.18,-0.11,1.43,-0.45,-3.2,0.32
0.17,-0.11,1.44,-0.4,-3.19,0.33
0.16,-0.11,1.43,-0.36,-3.21,0.32
0.14,-0.1,1.41,-0.34,-3.21,0.31
0.13,-0.1,1.39,-0.29,-3.21,0.3
0.11,-0.1,1.38,-0.27,-3.2,0.29
0.11,-0.1,1.37,-0.25,-3.17,0.27
0.1,-0.1,1.37,-0.25,-3.15,0.27
0.08,-0.09,1.35,-0.26,-3.11,0.27
0.07,-0.09,1.34,-0.29,-3.1,0.29
0.05,-0.08,1.34,-0.3,-3.09,0.31
0.03,-0.08,1.34,-0.32,-3.07,0.34
-0.0,-0.07,1.35,-0.32,-3.07,0.38
-0.03,-0.07,1.37,-0.32,-3.07,0.42
-0.05,-0.07,1.39,-0.27,-3.05,0.44
-0.07,-0.06,1.42,-0.22,-3.06,0.47
-0.1,-0.05,1.45,-0.15,-3.04,0.47
-0.14,-0.05,1.48,-0.04,-3.05,0.47
-0.16,-0.04,1.51,0.07,-3.06,0.46
-0.18,-0.02,1.53,0.2,-3.03,0.43
-0.19,-0.01,1.53,0.34,-2.99,0.4
-0.2,0.01,1.54,0.46,-2.92,0.36
-0.2,-0.0,1.55,0.59,-2.88,0.3
-0.18,0.01,1.51,0.66,-2.82,0.23
-0.15,0.05,1.47,0.71,-2.74,0.16
-0.13,0.04,1.49,0.72,-2.68,0.08
-0.11,0.02,1.51,0.72,-2.63,0.0
-0.1,0.07,1.46,0.68,-2.58,-0.1
-0.13,0.08,1.48,0.63,-2.51,-0.17
-0.13,0.16,1.43,0.57,-2.45,-0.24
-0.21,0.22,1.44,0.52,-2.4,-0.26
-0.23,0.25,1.42,0.48,-2.37,-0.24
-0.25,0.26,1.42,0.46,-2.32,-0.23
-0.29,0.28,1.43,0.43,-2.27,-0.19
-0.32,0.28,1.42,0.42,-2.18,-0.13
-0.34,0.29,1.41,0.41,-2.12,-0.07
-0.35,0.27,1.4,0.39,-2.05,-0.01
-0.34,0.23,1.39,0.36,-1.98,0.05
-0.32,0.21,1.35,0.33,-1.92,0.1
-0.33,0.21,1.32,0.29,-1.85,0.16
-0.32,0.2,1.29,0.24,-1.76,0.21
-0.32,0.18,1.28,0.2,-1.66,0.25
-0.34,0.16,1.27,0.15,-1.6,0.26
-0.34,0.14,1.24,0.1,-1.55,0.3
-0.35,0.14,1.22,0.07,-1.5,0.33
-0.37,0.16,1.21,0.05,-1.43,0.37
-0.37,0.19,1.21,0.05,-1.36,0.4
-0.38,0.17,1.17,0.04,-1.33,0.45
-0.38,0.16,1.17,0.06,-1.28,0.48
-0.35,0.15,1.18,0.07,-1.22,0.48
-0.35,0.18,1.18,0.09,-1.14,0.48
-0.36,0.21,1.19,0.12,-1.1,0.46
-0.35,0.23,1.21,0.13,-1.05,0.42
-0.34,0.23,1.23,0.14,-1.02,0.37
-0.34,0.23,1.23,0.16,-0.97,0.3
-0.32,0.21,1.21,0.16,-0.92,0.22
-0.31,0.21,1.19,0.15,-0.87,0.14
-0.31,0.21,1.17,0.13,-0.84,0.08
-0.32,0.21,1.14,0.11,-0.8,0.04
-0.29,0.24,1.12,0.1,-0.77,0.02
-0.3,0.22,1.07,0.04,-0.77,0.02
-0.3,0.18,1.07,0.01,-0.78,0.03
-0.31,0.17,1.08,-0.02,-0.77,0.04
-0.29,0.18,1.1,-0.04,-0.69,0.05
-0.29,0.19,1.1,-0.03,-0.6,0.08
-0.29,0.21,1.12,-0.04,-0.52,0.09
-0.26,0.2,1.15,-0.06,-0.44,0.1
-0.24,0.13,1.19,-0.08,-0.42,0.05
-0.18,0.16,1.14,-0.17,-0.41,-0.01
-0.2,0.21,1.1,-0.24,-0.32,-0.04
-0.2,0.22,1.07,-0.28,-0.27,-0.05
-0.2,0.18,1.07,-0.32,-0.24,-0.03
-0.19,0.14,1.06,-0.35,-0.23,-0.03
-0.18,0.13,1.06,-0.38,-0.23,-0.02
-0.19,0.13,1.05,-0.39,-0.24,-0.02
-0.2,0.13,1.04,-0.41,-0.26,-0.01
-0.21,0.13,1.03,-0.39,-0.25,-0.01
-0.2,0.11,1.04,-0.37,-0.24,0.01
-0.2,0.1,1.04,-0.35,-0.22,0.02
-0.2,0.09,1.04,-0.33,-0.21,0.03
-0.2,0.09,1.04,-0.3,-0.18,0.01
-0.19,0.08,1.04,-0.28,-0.15,0.01
-0.18,0.08,1.05,-0.25,-0.14,0.01
-0.18,0.09,1.04,-0.23,-0.1,0.01
-0.18,0.1,1.03,-0.21,-0.08,0.01
-0.19,0.11,1.04,-0.19,-0.04,0.03
-0.17,0.11,1.04,-0.18,-0.01,0.03
-0.16,0.11,1.07,-0.17,0.0,0.04
-0.17,0.13,1.08,-0.16,0.02,0.03
-0.19,0.15,1.08,-0.13,0.05,0.03
-0.16,0.12,1.08,-0.11,0.06,0.02
-0.14,0.1,1.08,-0.09,0.05,0.02
-0.15,0.09,1.07,-0.09,0.06,-0.01
-0.15,0.09,1.05,-0.07,0.07,-0.02
-0.14,0.09,1.03,-0.06,0.09,-0.01
-0.14,0.09,1.03,-0.02,0.1,-0.01
-0.13,0.08,1.04,0.02,0.12,-0.0
-0.12,0.08,1.05,0.06,0.12,0.01
-0.11,0.09,1.06,0.1,0.14,0.01
-0.09,0.1,1.05,0.14,0.12,0.01
-0.07,0.1,1.05,0.17,0.12,0.01
-0.04,0.11,1.06,0.19,0.12,-0.0
-0.02,0.11,1.05,0.19,0.11,-0.0
-0.0,0.11,1.06,0.16,0.12,-0.02
0.01,0.11,1.04,0.13,0.11,-0.04
0.02,0.1,1.05,0.09,0.1,-0.05
0.02,0.1,1.06,0.04,0.09,-0.06
0.01,0.1,1.06,-0.01,0.09,-0.07
-0.0,0.1,1.07,-0.04,0.09,-0.08
-0.01,0.1,1.07,-0.06,0.1,-0.08
-0.02,0.11,1.06,-0.08,0.1,-0.07
-0.04,0.1,1.05,-0.11,0.11,-0.06
-0.05,0.1,1.05,-0.12,0.11,-0.06
-0.06,0.08,1.05,-0.15,0.12,-0.04
-0.07,0.07,1.06,-0.14,0.14,-0.03
-0.08,0.06,1.05,-0.14,0.15,-0.03
-0.07,0.06,1.06,-0.13,0.17,-0.03
-0.07,0.06,1.06,-0.13,0.19,-0.02
-0.05,0.05,1.05,-0.1,0.18,-0.01
-0.05,0.06,1.03,-0.09,0.17,0.02
-0.05,0.06,1.03,-0.07,0.16,0.03
-0.05,0.05,1.03,-0.04,0.13,0.04
-0.05,0.06,1.04,-0.02,0.12,0.05
-0.06,0.05,1.03,0.0,0.12,0.06
-0.05,0.06,1.03,0.03,0.12,0.05
-0.06,0.07,1.03,0.04,0.12,0.04
-0.07,0.08,1.03,0.07,0.11,0.03
-0.08,0.08,1.05,0.1,0.09,0.01
-0.09,0.1,1.05,0.13,0.09,-0.02
-0.1,0.11,1.06,0.15,0.08,-0.04
-0.11,0.12,1.06,0.19,0.09,-0.06
-0.12,0.13,1.07,0.19,0.1,-0.09
-0.13,0.14,1.07,0.19,0.12,-0.1
-0.13,0.15,1.06,0.19,0.14,-0.12
-0.15,0.16,1.06,0.17,0.14,-0.11
-0.16,0.17,1.06,0.15,0.15,-0.11
-0.19,0.17,1.08,0.11,0.16,-0.12
-0.21,0.19,1.1,0.08,0.18,-0.13
-0.23,0.2,1.11,0.06,0.22,-0.15
-0.25,0.21,1.11,0.03,0.26,-0.15
-0.27,0.21,1.12,-0.01,0.29,-0.16
-0.31,0.21,1.13,-0.03,0.31,-0.17
-0.36,0.21,1.14,-0.05,0.32,-0.19
-0.4,0.22,1.14,-0.05,0.37,-0.19
-0.44,0.22,1.15,-0.0,0.42,-0.2
-0.49,0.21,1.17,0.05,0.46,-0.2
-0.52,0.21,1.19,0.11,0.53,-0.2
-0.54,0.22,1.22,0.19,0.62,-0.21
-0.53,0.21,1.24,0.27,0.73,-0.22
-0.5,0.21,1.24,0.34,0.88,-0.24
-0.48,0.2,1.25,0.35,1.01,-0.26
-0.44,0.19,1.26,0.37,1.12,-0.27
-0.43,0.2,1.26,0.36,1.2,-0.3
-0.41,0.2,1.26,0.34,1.25,-0.3
-0.42,0.21,1.27,0.33,1.3,-0.3
-0.41,0.21,1.28,0.34,1.36,-0.3
-0.4,0.22,1.31,0.36,1.42,-0.3
-0.37,0.22,1.33,0.38,1.5,-0.3
-0.36,0.21,1.34,0.39,1.56,-0.31
-0.34,0.22,1.35,0.4,1.62,-0.33
-0.32,0.23,1.38,0.38,1.67,-0.37
-0.29,0.23,1.39,0.36,1.73,-0.41
-0.27,0.24,1.42,0.33,1.78,-0.45
-0.26,0.24,1.44,0.29,1.86,-0.52
-0.23,0.24,1.45,0.22,1.93,-0.58
-0.2,0.24,1.45,0.14,2.02,-0.65
-0.18,0.23,1.45,0.04,2.1,-0.7
-0.16,0.23,1.45,-0.07,2.17,-0.74
-0.16,0.23,1.46,-0.19,2.22,-0.79
-0.15,0.22,1.46,-0.32,2.28,-0.81
-0.15,0.21,1.47,-0.44,2.35,-0.83
-0.16,0.19,1.49,-0.55,2.43,-0.84
-0.15,0.17,1.51,-0.64,2.51,-0.85
-0.16,0.17,1.53,-0.72,2.57,-0.86
-0.16,0.16,1.54,-0.8,2.65,-0.85
-0.16,0.14,1.56,-0.85,2.73,-0.85
-0.17,0.12,1.58,-0.88,2.8,-0.83
-0.16,0.09,1.59,-0.88,2.86,-0.82
-0.16,0.07,1.61,-0.87,2.94,-0.8
-0.15,0.06,1.63,-0.85,3.01,-0.78
-0.14,0.04,1.63,-0.79,3.08,-0.75
-0.12,0.03,1.64,-0.74,3.16,-0.73
-0.1,0.02,1.64,-0.68,3.21,-0.72
-0.07,0.0,1.63,-0.6,3.28,-0.71
-0.03,-0.02,1.64,-0.54,3.33,-0.71
-0.0,-0.04,1.63,-0.49,3.38,-0.71
0.02,-0.06,1.62,-0.45,3.44,-0.73
0.05,-0.07,1.61,-0.44,3.49,-0.73
0.07,-0.08,1.6,-0.41,3.52,-0.73
0.09,-0.09,1.62,-0.41,3.58,-0.74
0.11,-0.1,1.62,-0.39,3.61,-0.73
0.13,-0.11,1.62,-0.38,3.67,-0.72
0.16,-0.13,1.59,-0.39,3.74,-0.72
0.18,-0.14,1.57,-0.4,3.79,-0.69
0.2,-0.15,1.55,-0.43,3.83,-0.67
0.22,-0.15,1.52,-0.48,3.88,-0.63
0.24,-0.16,1.5,-0.52,3.91,-0.58
0.27,-0.17,1.48,-0.57,3.96,-0.55
0.28,-0.19,1.46,-0.61,3.97,-0.51
0.29,-0.19,1.45,-0.64,3.98,-0.48
0.31,-0.19,1.45,-0.64,3.98,-0.44
0.33,-0.2,1.44,-0.63,3.99,-0.41
0.35,-0.21,1.44,-0.63,4.03,-0.4
0.36,-0.21,1.41,-0.62,4.03,-0.4
0.37,-0.22,1.38,-0.61,4.03,-0.39
0.37,-0.23,1.36,-0.6,4.04,-0.39
0.36,-0.24,1.35,-0.59,4.01,-0.38
0.38,-0.25,1.36,-0.58,4.0,-0.38
0.4,-0.27,1.39,-0.55,3.99,-0.38
0.42,-0.29,1.41,-0.52,4.03,-0.4
0.44,-0.3,1.41,-0.47,4.07,-0.41
0.46,-0.3,1.38,-0.41,4.13,-0.41
0.47,-0.28,1.34,-0.37,4.18,-0.42
0.48,-0.28,1.28,-0.35,4.22,-0.41
0.49,-0.29,1.24,-0.33,4.23,-0.4
0.51,-0.29,1.21,-0.36,4.25,-0.41
0.52,-0.3,1.18,-0.39,4.25,-0.4
0.5,-0.3,1.14,-0.43,4.26,-0.4
0.49,-0.3,1.09,-0.46,4.27,-0.38
0.47,-0.3,1.05,-0.5,4.3,-0.33
0.47,-0.29,1.02,-0.52,4.29,-0.26
0.48,-0.27,1.02,-0.54,4.28,-0.21
0.49,-0.28,1.0,-0.55,4.26,-0.15
0.5,-0.29,0.97,-0.54,4.21,-0.1
0.5,-0.31,0.94,-0.53,4.18,-0.06
0.48,-0.3,0.91,-0.5,4.14,-0.02
0.48,-0.28,0.89,-0.46,4.1,0.02
0.48,-0.28,0.87,-0.42,4.05,0.04
0.49,-0.3,0.86,-0.36,4.0,0.05
0.5,-0.34,0.84,-0.29,3.97,0.03
0.49,-0.34,0.8,-0.22,3.97,-0.01
0.47,-0.33,0.78,-0.14,3.96,-0.04
0.47,-0.3,0.79,-0.08,3.93,-0.05
0.48,-0.3,0.78,-0.0,3.88,-0.08
0.47,-0.32,0.74,0.06,3.86,-0.11
0.44,-0.32,0.69,0.08,3.9,-0.13
0.39,-0.3,0.64,0.11,3.91,-0.13
0.34,-0.26,0.61,0.11,3.92,-0.12
0.32,-0.23,0.58,0.13,3.9,-0.06
0.31,-0.21,0.56,0.11,3.88,0.0
0.31,-0.19,0.53,0.1,3.83,0.06
0.32,-0.18,0.5,0.13,3.76,0.12
0.32,-0.19,0.49,0.12,3.71,0.16
0.32,-0.19,0.47,0.14,3.66,0.17
0.3,-0.18,0.46,0.17,3.6,0.19
0.28,-0.16,0.46,0.22,3.52,0.18
0.26,-0.12,0.47,0.28,3.4,0.18
0.26,-0.1,0.46,0.31,3.28,0.16
0.29,-0.11,0.45,0.35,3.13,0.12
0.3,-0.11,0.44,0.36,3.03,0.03
0.28,-0.1,0.44,0.36,2.95,-0.05
0.3,-0.09,0.45,0.35,2.85,-0.14
0.33,-0.08,0.44,0.31,2.79,-0.25
0.36,-0.08,0.45,0.29,2.74,-0.36
0.36,-0.05,0.44,0.25,2.73,-0.46
0.36,0.01,0.45,0.22,2.71,-0.54
0.32,0.05,0.48,0.13,2.72,-0.58
0.27,0.08,0.46,0.05,2.73,-0.59
0.23,0.08,0.45,-0.09,2.76,-0.58
0.18,0.09,0.44,-0.24,2.74,-0.56
0.16,0.07,0.47,-0.39,2.68,-0.52
0.16,0.03,0.51,-0.49,2.61,-0.5
0.14,-0.03,0.56,-0.54,2.55,-0.47
0.11,-0.06,0.6,-0.51,2.51,-0.42
0.07,-0.07,0.65,-0.42,2.47,-0.35
0.06,-0.07,0.68,-0.26,2.43,-0.27
0.09,-0.09,0.68,-0.1,2.36,-0.2
0.11,-0.1,0.67,0.09,2.3,-0.16
0.13,-0.11,0.64,0.26,2.27,-0.16
0.1,-0.09,0.6,0.46,2.24,-0.18
0.06,-0.05,0.6,0.63,2.23,-0.18
0.01,0.01,0.6,0.76,2.19,-0.2
-0.03,0.07,0.58,0.87,2.13,-0.17
-0.06,0.11,0.57,0.91,2.07,-0.17
-0.07,0.15,0.53,0.92,1.97,-0.16
-0.07,0.17,0.53,0.91,1.85,-0.14
-0.05,0.21,0.53,0.86,1.77,-0.14
-0.03,0.23,0.53,0.81,1.71,-0.14
-0.03,0.25,0.52,0.74,1.67,-0.14
-0.05,0.29,0.52,0.63,1.64,-0.16
-0.07,0.31,0.52,0.49,1.6,-0.16
-0.1,0.31,0.54,0.32,1.55,-0.17
-0.12,0.31,0.56,0.15,1.5,-0.15
-0.15,0.31,0.6,0.0,1.43,-0.12
-0.15,0.28,0.64,-0.14,1.37,-0.07
-0.13,0.25,0.66,-0.23,1.31,-0.02
-0.11,0.21,0.67,-0.3,1.26,0.01
-0.11,0.17,0.68,-0.35,1.25,0.03
-0.12,0.13,0.69,-0.36,1.21,0.06
-0.15,0.11,0.7,-0.32,1.19,0.08
-0.17,0.1,0.73,-0.28,1.17,0.11
-0.2,0.09,0.75,-0.17,1.11,0.16
-0.21,0.1,0.76,-0.06,1.07,0.21
-0.23,0.11,0.76,0.06,1.01,0.27
-0.23,0.11,0.75,0.19,0.95,0.31
-0.23,0.13,0.73,0.29,0.91,0.33
-0.23,0.16,0.72,0.38,0.85,0.34
-0.23,0.19,0.71,0.45,0.77,0.36
-0.22,0.21,0.71,0.51,0.69,0.35
-0.19,0.24,0.69,0.54,0.61,0.33
-0.17,0.25,0.68,0.55,0.54,0.3
-0.15,0.28,0.67,0.53,0.48,0.25
-0.15,0.3,0.67,0.47,0.45,0.19
-0.15,0.32,0.68,0.39,0.38,0.15
-0.14,0.34,0.69,0.28,0.34,0.11
-0.13,0.34,0.7,0.15,0.3,0.07
-0.13,0.33,0.72,0.03,0.25,0.05
-0.14,0.31,0.74,-0.08,0.2,0.06
-0.13,0.29,0.77,-0.2,0.16,0.05
-0.12,0.25,0.8,-0.28,0.1,0.06
-0.09,0.2,0.82,-0.34,0.05,0.07
-0.08,0.14,0.84,-0.34,0.01,0.06
-0.06,0.1,0.86,-0.31,-0.03,0.08
-0.05,0.07,0.88,-0.27,-0.04,0.06
-0.03,0.05,0.91,-0.21,-0.08,0.07
-0.01,0.03,0.92,-0.13,-0.1,0.06
0.01,0.01,0.91,-0.04,-0.12,0.05
0.0,0.0,0.91,0.01,-0.12,0.02
-0.01,0.0,0.92,0.07,-0.11,0.0
-0.01,0.02,0.93,0.12,-0.11,-0.0
-0.01,0.04,0.94,0.13,-0.12,-0.0
-0.01,0.05,0.94,0.14,-0.13,0.01
-0.01,0.05,0.93,0.11,-0.12,0.0
-0.01,0.05,0.92,0.06,-0.14,0.03
0.0,0.06,0.92,0.02,-0.12,0.03
0.02,0.06,0.93,-0.02,-0.13,0.03
0.04,0.06,0.94,-0.08,-0.11,0.03
0.05,0.05,0.95,-0.12,-0.11,0.02
0.05,0.06,0.95,-0.17,-0.12,0.02
0.06,0.05,0.96,-0.22,-0.12,0.01
0.06,0.03,0.97,-0.27,-0.1,-0.0
0.04,0.02,0.95,-0.29,-0.08,-0.01
0.04,0.01,0.97,-0.31,-0.08,-0.02
0.04,-0.01,0.99,-0.33,-0.08,-0.03
0.05,-0.03,1.01,-0.33,-0.09,-0.03
0.06,-0.06,1.03,-0.31,-0.1,-0.02
0.06,-0.09,1.03,-0.26,-0.09,-0.01
0.06,-0.1,1.02,-0.18,-0.08,0.01
0.05,-0.1,1.03,-0.11,-0.06,0.01
0.04,-0.1,1.02,-0.01,-0.04,0.02
0.03,-0.08,1.01,0.06,-0.02,0.02
0.03,-0.07,1.0,0.15,-0.03,0.01
0.04,-0.04,0.98,0.2,-0.01,0.01
0.04,-0.02,0.98,0.27,-0.02,0.01
0.04,-0.0,0.96,0.32,-0.0,0.01
0.04,0.03,0.94,0.33,-0.01,0.01
0.03,0.06,0.94,0.33,0.0,-0.0
0.03,0.09,0.93,0.28,0.01,0.0
0.01,0.13,0.93,0.22,0.01,-0.0
0.03,0.13,0.93,0.15,-0.03,0.01
0.05,0.12,0.93,0.06,-0.05,0.01
0.07,0.12,0.93,-0.04,-0.05,-0.0
0.09,0.1,0.94,-0.12,-0.07,-0.01
0.1,0.08,0.95,-0.21,-0.06,-0.02
0.09,0.07,0.95,-0.26,-0.04,-0.04
0.08,0.04,0.96,-0.31,-0.03,-0.06
0.09,0.02,0.97,-0.35,-0.01,-0.07
0.08,0.0,0.98,-0.35,-0.0,-0.08
0.06,-0.02,1.0,-0.34,0.01,-0.08
0.04,-0.03,1.01,-0.3,0.01,-0.06
0.03,-0.04,1.02,-0.25,0.01,-0.04
0.03,-0.06,1.01,-0.16,-0.01,-0.01
0.02,-0.06,1.0,-0.09,-0.01,-0.01
0.01,-0.06,1.0,-0.01,-0.0,-0.0
0.0,-0.05,0.99,0.06,0.02,-0.0
-0.02,-0.01,0.98,0.13,0.02,0.01
-0.01,0.0,0.98,0.16,0.02,0.03
-0.0,0.01,0.97,0.18,0.01,0.05
0.01,0.02,0.95,0.19,0.0,0.06
0.02,0.05,0.95,0.18,-0.02,0.07
0.04,0.06,0.94,0.16,-0.01,0.06
0.05,0.07,0.95,0.14,-0.02,0.07
0.05,0.07,0.94,0.08,-0.0,0.04
0.04,0.07,0.93,0.02,-0.01,0.03
0.04,0.07,0.93,-0.04,-0.02,0.01
0.04,0.06,0.95,-0.11,-0.01,-0.01
0.03,0.04,0.96,-0.14,-0.01,-0.01
0.02,0.03,0.98,-0.15,-0.01,-0.0
0.02,0.03,0.99,-0.15,-0.01,0.0
0.02,0.02,0.98,-0.14,-0.01,0.02
0.01,0.0,0.98,-0.14,-0.01,0.03
0.02,-0.01,0.98,-0.12,-0.03,0.04
0.01,-0.01,0.98,-0.07,-0.03,0.05
0.03,-0.01,0.99,-0.05,-0.03,0.05
0.04,-0.02,0.98,-0.02,-0.02,0.05
0.04,-0.01,0.97,0.01,-0.02,0.06
0.03,-0.01,0.97,0.06,-0.0,0.04
0.02,0.01,0.98,0.08,-0.02,0.06
0.02,0.02,0.97,0.09,-0.01,0.06
0.03,0.01,0.97,0.09,-0.03,0.07
0.04,0.02,0.96,0.11,-0.04,0.07
0.05,0.01,0.97,0.11,-0.03,0.07
0.05,0.0,0.97,0.11,-0.02,0.06
0.04,0.02,0.97,0.1,-0.01,0.07
0.06,0.03,0.96,0.08,-0.01,0.06
0.05,0.03,0.95,0.05,-0.01,0.03
0.05,0.03,0.95,0.01,0.0,0.02
0.05,0.03,0.96,-0.01,0.0,0.02
0.05,0.03,0.97,-0.03,0.01,0.0
0.04,0.03,0.97,-0.07,0.02,0.0
0.03,0.03,0.96,-0.08,0.02,-0.0
0.02,0.03,0.96,-0.1,0.0,-0.01
0.01,0.02,0.97,-0.1,0.0,-0.0
0.01,0.02,0.98,-0.09,0.0,-0.01
0.01,0.01,0.97,-0.07,-0.01,0.01
0.02,0.02,0.97,-0.06,-0.01,0.0
0.02,0.02,0.97,-0.03,-0.02,0.0
0.02,0.01,0.96,-0.03,-0.02,-0.01
0.02,0.01,0.96,0.0,-0.03,-0.01
0.02,0.0,0.97,0.02,-0.03,-0.01
0.03,0.0,0.97,0.04,-0.03,-0.02
0.03,0.01,0.97,0.07,-0.03,-0.02
0.01,0.01,0.96,0.09,-0.02,-0.01
0.01,0.01,0.96,0.1,-0.01,-0.0
0.01,0.02,0.96,0.11,-0.02,0.01
0.01,0.04,0.95,0.11,-0.02,0.03
0.02,0.05,0.95,0.13,-0.03,0.04
0.02,0.06,0.93,0.12,-0.04,0.04
0.02,0.06,0.92,0.12,-0.04,0.02
0.01,0.08,0.91,0.1,-0.04,0.01
0.0,0.09,0.92,0.07,-0.04,-0.01
0.01,0.1,0.91,0.05,-0.06,-0.03
0.01,0.1,0.92,0.03,-0.08,-0.04
-0.0,0.1,0.91,-0.01,-0.08,-0.05
-0.01,0.09,0.92,-0.05,-0.09,-0.04
-0.02,0.09,0.92,-0.09,-0.1,-0.04
-0.02,0.07,0.93,-0.11,-0.12,-0.03
-0.02,0.06,0.94,-0.12,-0.13,-0.02
-0.02,0.05,0.94,-0.14,-0.13,-0.02
-0.02,0.03,0.94,-0.14,-0.14,0.0
-0.02,0.03,0.93,-0.12,-0.14,0.03
-0.01,0.03,0.93,-0.08,-0.15,0.03
-0.02,0.03,0.92,-0.07,-0.16,0.04
-0.02,0.03,0.92,-0.04,-0.18,0.04
-0.02,0.04,0.92,-0.01,-0.19,0.05
-0.01,0.04,0.92,0.01,-0.2,0.06
-0.01,0.06,0.91,0.02,-0.21,0.05
-0.02,0.06,0.92,0.01,-0.22,0.05
-0.01,0.07,0.91,-0.01,-0.24,0.05
0.0,0.07,0.9,-0.03,-0.24,0.05
-0.01,0.08,0.9,-0.06,-0.26,0.04
-0.0,0.08,0.9,-0.1,-0.26,0.04
-0.0,0.09,0.9,-0.14,-0.26,0.03
-0.01,0.08,0.9,-0.19,-0.27,0.02
-0.01,0.07,0.91,-0.23,-0.28,0.02
-0.01,0.06,0.92,-0.27,-0.29,0.03
-0.01,0.05,0.91,-0.28,-0.31,0.03
-0.0,0.03,0.92,-0.29,-0.32,0.04
-0.01,0.01,0.92,-0.28,-0.33,0.05
-0.02,-0.02,0.92,-0.23,-0.35,0.07
-0.02,-0.05,0.94,-0.16,-0.38,0.07
-0.02,-0.07,0.96,-0.07,-0.4,0.09
-0.02,-0.09,0.96,0.05,-0.41,0.12
-0.03,-0.09,0.96,0.16,-0.41,0.13
-0.03,-0.08,0.96,0.29,-0.42,0.14
-0.01,-0.07,0.96,0.39,-0.44,0.15
0.01,-0.05,0.95,0.49,-0.46,0.15
0.02,-0.04,0.92,0.54,-0.45,0.13
0.03,-0.03,0.91,0.56,-0.46,0.12
0.02,0.01,0.9,0.56,-0.45,0.1
0.01,0.04,0.9,0.53,-0.43,0.09
-0.0,0.07,0.91,0.49,-0.43,0.1
-0.01,0.1,0.9,0.44,-0.44,0.12
-0.03,0.12,0.89,0.34,-0.44,0.14
-0.03,0.13,0.89,0.25,-0.46,0.16
-0.03,0.14,0.88,0.14,-0.46,0.17
-0.02,0.15,0.89,0.03,-0.47,0.19
-0.02,0.13,0.87,-0.08,-0.47,0.19
-0.01,0.12,0.87,-0.17,-0.48,0.19
-0.01,0.11,0.88,-0.24,-0.5,0.18
-0.01,0.1,0.9,-0.29,-0.51,0.2
-0.0,0.09,0.91,-0.32,-0.5,0.19
0.02,0.1,0.89,-0.34,-0.52,0.2
0.01,0.09,0.88,-0.37,-0.53,0.18
0.02,0.07,0.88,-0.4,-0.55,0.17
0.02,0.07,0.89,-0.39,-0.57,0.15
0.01,0.06,0.9,-0.38,-0.59,0.14
0.01,0.06,0.91,-0.34,-0.6,0.13
0.02,0.05,0.91,-0.3,-0.65,0.13
0.02,0.03,0.9,-0.24,-0.67,0.1
0.02,0.04,0.9,-0.19,-0.7,0.07
0.03,0.03,0.9,-0.14,-0.71,0.04
0.04,0.03,0.9,-0.1,-0.72,0.01
0.02,0.02,0.89,-0.06,-0.72,-0.0
0.01,0.03,0.89,-0.04,-0.71,0.0
-0.01,0.05,0.91,-0.01,-0.73,0.01
-0.01,0.07,0.91,-0.02,-0.74,0.05
-0.01,0.07,0.89,-0.04,-0.76,0.07
0.01,0.07,0.86,-0.05,-0.78,0.08
0.01,0.07,0.86,-0.08,-0.77,0.08
0.0,0.08,0.89,-0.11,-0.79,0.08
0.01,0.09,0.91,-0.14,-0.8,0.09
0.03,0.09,0.91,-0.16,-0.83,0.1
0.04,0.07,0.89,-0.19,-0.84,0.1
0.04,0.05,0.87,-0.24,-0.85,0.08
0.04,0.05,0.88,-0.28,-0.83,0.07
0.03,0.05,0.91,-0.28,-0.83,0.07
0.03,0.06,0.92,-0.29,-0.84,0.09
0.03,0.05,0.9,-0.29,-0.86,0.1
0.02,0.03,0.89,-0.29,-0.86,0.1
-0.0,0.02,0.87,-0.26,-0.86,0.09
-0.02,0.03,0.88,-0.24,-0.84,0.09
-0.04,0.04,0.9,-0.2,-0.88,0.1
-0.04,0.05,0.88,-0.16,-0.9,0.12
-0.04,0.05,0.87,-0.13,-0.94,0.13
-0.03,0.03,0.85,-0.08,-0.97,0.13
-0.01,0.04,0.84,-0.05,-1.01,0.12
-0.01,0.04,0.85,-0.0,-1.01,0.11
0.01,0.05,0.85,0.03,-1.06,0.11
0.04,0.05,0.86,0.05,-1.1,0.1
0.07,0.04,0.85,0.05,-1.14,0.09
0.08,0.03,0.84,0.05,-1.14,0.04
0.08,0.02,0.84,0.04,-1.12,0.02
0.06,0.03,0.86,0.02,-1.1,0.01
0.04,0.05,0.88,-0.0,-1.11,0.02
0.03,0.07,0.89,-0.03,-1.12,0.04
0.02,0.07,0.87,-0.06,-1.13,0.07
0.01,0.06,0.85,-0.11,-1.15,0.09
0.01,0.04,0.86,-0.17,-1.17,0.1
-0.0,0.05,0.88,-0.19,-1.18,0.12
0.01,0.04,0.9,-0.21,-1.19,0.15
0.03,0.02,0.91,-0.21,-1.19,0.16
0.04,0.01,0.9,-0.2,-1.21,0.16
0.05,-0.02,0.9,-0.2,-1.21,0.16
0.04,-0.03,0.9,-0.19,-1.19,0.15
0.04,-0.04,0.91,-0.15,-1.19,0.16
0.05,-0.04,0.91,-0.1,-1.2,0.17
0.06,-0.02,0.91,-0.03,-1.2,0.17
0.04,-0.03,0.91,0.03,-1.21,0.18
0.04,-0.01,0.9,0.07,-1.23,0.17
0.05,0.01,0.91,0.11,-1.28,0.18
0.08,0.02,0.93,0.15,-1.32,0.17
0.11,0.02,0.92,0.15,-1.34,0.14
0.11,0.01,0.89,0.13,-1.34,0.1
0.09,0.0,0.9,0.1,-1.32,0.08
0.07,0.02,0.92,0.05,-1.28,0.06
0.06,0.04,0.93,0.01,-1.28,0.09
0.05,0.04,0.93,-0.04,-1.28,0.13
0.05,0.03,0.93,-0.1,-1.29,0.17
0.05,0.02,0.92,-0.14,-1.29,0.21
0.03,0.01,0.91,-0.19,-1.26,0.24
0.01,0.01,0.92,-0.22,-1.24,0.28
0.02,0.01,0.91,-0.25,-1.25,0.32
0.05,-0.01,0.91,-0.26,-1.23,0.34
0.08,-0.03,0.92,-0.26,-1.25,0.33
0.09,-0.03,0.92,-0.23,-1.24,0.32
0.09,-0.03,0.93,-0.19,-1.25,0.31
0.09,-0.03,0.93,-0.13,-1.27,0.29
0.09,-0.03,0.93,-0.07,-1.3,0.26
0.08,-0.04,0.93,0.0,-1.33,0.23
0.07,-0.04,0.94,0.08,-1.38,0.19
0.07,-0.03,0.96,0.15,-1.41,0.14
0.06,-0.02,0.97,0.2,-1.43,0.11
0.06,-0.02,0.96,0.24,-1.45,0.08
0.06,-0.02,0.95,0.26,-1.44,0.08
0.06,-0.01,0.94,0.26,-1.42,0.08
0.06,0.0,0.92,0.23,-1.4,0.11
0.07,0.02,0.92,0.21,-1.37,0.15
0.06,0.06,0.92,0.18,-1.37,0.18
0.08,0.07,0.92,0.14,-1.38,0.22
0.1,0.06,0.91,0.09,-1.4,0.23
0.12,0.04,0.89,0.0,-1.39,0.24
0.12,0.04,0.89,-0.05,-1.39,0.23
0.12,0.04,0.9,-0.11,-1.38,0.21
0.11,0.05,0.91,-0.17,-1.37,0.21
0.1,0.04,0.91,-0.22,-1.38,0.22
0.09,0.03,0.91,-0.25,-1.38,0.22
0.08,0.02,0.9,-0.26,-1.38,0.23
0.07,0.02,0.9,-0.27,-1.39,0.26
0.05,0.0,0.93,-0.23,-1.41,0.27
0.04,-0.02,0.92,-0.2,-1.43,0.3
0.05,-0.03,0.91,-0.16,-1.45,0.32
0.07,-0.05,0.94,-0.12,-1.48,0.3
0.07,-0.04,0.94,-0.06,-1.49,0.29
0.08,-0.04,0.93,-0.0,-1.5,0.29
0.08,-0.04,0.93,0.06,-1.49,0.27
0.09,-0.03,0.92,0.12,-1.51,0.27
0.1,-0.03,0.93,0.17,-1.51,0.27
0.13,-0.01,0.95,0.2,-1.54,0.25
0.13,0.0,0.95,0.21,-1.55,0.25
0.14,0.01,0.95,0.2,-1.55,0.23
0.15,0.01,0.94,0.17,-1.56,0.2
0.16,-0.0,0.95,0.13,-1.56,0.18
0.16,0.01,0.95,0.06,-1.55,0.17
0.14,0.01,0.97,0.01,-1.55,0.16
0.12,0.01,0.97,-0.04,-1.53,0.17
0.1,0.01,0.97,-0.08,-1.53,0.19
0.1,0.02,0.96,-0.13,-1.54,0.21
0.11,0.01,0.96,-0.17,-1.53,0.22
0.11,0.01,0.96,-0.2,-1.53,0.23
0.11,-0.0,0.95,-0.23,-1.52,0.23
0.11,-0.02,0.94,-0.25,-1.51,0.22
0.09,-0.02,0.94,-0.27,-1.5,0.23
0.08,-0.02,0.95,-0.28,-1.5,0.23
0.08,-0.02,0.94,-0.27,-1.5,0.24
0.09,-0.04,0.95,-0.28,-1.51,0.25
0.1,-0.04,0.97,-0.26,-1.54,0.26
0.12,-0.05,1.0,-0.21,-1.55,0.25
0.13,-0.06,1.01,-0.15,-1.56,0.23
0.15,-0.07,1.03,-0.08,-1.6,0.2
0.14,-0.08,1.04,-0.01,-1.61,0.15
0.12,-0.08,1.04,0.07,-1.61,0.1
0.1,-0.07,1.03,0.14,-1.61,0.07
0.07,-0.05,1.01,0.19,-1.59,0.06
0.07,-0.03,1.0,0.22,-1.59,0.06
0.07,-0.01,0.99,0.24,-1.6,0.08
0.08,-0.0,0.99,0.23,-1.6,0.08
0.09,-0.0,0.97,0.2,-1.62,0.09
0.09,-0.0,0.96,0.16,-1.61,0.1
0.09,0.0,0.95,0.08,-1.59,0.12
0.09,0.0,0.94,0.03,-1.58,0.15
0.07,0.01,0.95,-0.03,-1.56,0.2
0.07,-0.0,0.94,-0.09,-1.57,0.23
0.07,-0.01,0.96,-0.12,-1.56,0.27
0.07,-0.01,0.96,-0.15,-1.56,0.29
0.08,-0.02,0.98,-0.16,-1.57,0.33
0.11,-0.02,1.01,-0.15,-1.59,0.33
0.14,-0.01,1.05,-0.12,-1.61,0.31
0.16,-0.04,1.09,-0.11,-1.62,0.28
0.17,-0.07,1.09,-0.09,-1.62,0.23
0.16,-0.07,1.08,-0.07,-1.6,0.17
0.13,-0.06,1.08,-0.07,-1.58,0.14
0.08,-0.03,1.04,-0.05,-1.56,0.12
0.05,-0.03,1.03,-0.03,-1.56,0.16
0.01,-0.02,1.0,0.01,-1.56,0.2
0.01,-0.02,0.97,0.03,-1.56,0.25
0.01,-0.02,0.95,0.07,-1.57,0.31
0.01,-0.02,0.94,0.09,-1.6,0.35
0.05,-0.02,0.95,0.13,-1.61,0.38
0.09,-0.02,0.97,0.16,-1.63,0.39
0.14,-0.02,1.0,0.17,-1.63,0.36
0.16,-0.03,1.01,0.17,-1.65,0.32
0.18,-0.04,1.02,0.16,-1.66,0.26
0.18,-0.03,1.02,0.13,-1.66,0.21
0.17,-0.03,1.03,0.1,-1.64,0.17
0.15,-0.02,1.02,0.08,-1.64,0.17
0.13,-0.01,1.02,0.07,-1.64,0.16
0.11,0.0,1.01,0.06,-1.64,0.18
0.1,0.01,0.97,0.04,-1.64,0.21
0.08,0.01,0.95,0.02,-1.67,0.26
0.07,0.02,0.93,0.01,-1.69,0.29
0.08,0.02,0.92,-0.01,-1.7,0.31
0.09,0.01,0.92,-0.04,-1.74,0.32
0.1,-0.0,0.93,-0.06,-1.77,0.33
0.11,-0.01,0.93,-0.08,-1.79,0.32
0.1,-0.02,0.93,-0.09,-1.8,0.32
0.11,-0.03,0.95,-0.1,-1.81,0.32
0.12,-0.03,0.97,-0.1,-1.84,0.33
0.12,-0.03,1.0,-0.08,-1.85,0.33
0.11,-0.03,1.01,-0.07,-1.87,0.32
0.12,-0.05,1.01,-0.07,-1.87,0.32
0.14,-0.07,1.05,-0.08,-1.89,0.32
0.17,-0.08,1.11,-0.07,-1.87,0.3
0.16,-0.07,1.18,-0.05,-1.9,0.27
0.15,-0.05,1.22,0.01,-1.88,0.23
0.14,-0.06,1.22,0.04,-1.87,0.18
0.11,-0.06,1.19,0.06,-1.82,0.16
0.08,-0.06,1.16,0.04,-1.78,0.15
0.04,-0.04,1.11,-0.0,-1.76,0.19
0.04,-0.01,1.12,-0.05,-1.73,0.25
0.03,-0.0,1.11,-0.1,-1.7,0.31
0.02,-0.01,1.13,-0.13,-1.69,0.39
0.02,-0.01,1.13,-0.16,-1.7,0.46
0.04,-0.03,1.13,-0.17,-1.67,0.52
0.02,-0.01,1.12,-0.16,-1.65,0.55
0.03,-0.02,1.1,-0.16,-1.63,0.58
0.04,-0.02,1.07,-0.15,-1.63,0.62
0.07,-0.03,1.07,-0.14,-1.62,0.63
0.09,-0.05,1.07,-0.13,-1.61,0.6
0.09,-0.04,1.07,-0.12,-1.61,0.59
0.09,-0.05,1.06,-0.08,-1.61,0.56
0.09,-0.04,1.03,-0.05,-1.64,0.55
0.09,-0.04,1.01,-0.01,-1.66,0.54
0.1,-0.04,0.99,0.02,-1.7,0.53
0.12,-0.04,0.99,0.05,-1.73,0.53
0.14,-0.03,1.02,0.07,-1.78,0.52
0.14,-0.02,1.05,0.11,-1.8,0.48
0.15,-0.01,1.08,0.18,-1.85,0.44
0.18,-0.01,1.12,0.2,-1.87,0.38
0.18,0.01,1.16,0.22,-1.91,0.32
0.17,0.03,1.2,0.23,-1.93,0.24
0.15,0.03,1.21,0.21,-1.96,0.18
0.14,0.04,1.23,0.18,-1.97,0.13
0.13,0.03,1.25,0.13,-1.94,0.07
0.11,0.04,1.24,0.08,-1.9,0.03
0.07,0.05,1.22,0.02,-1.86,0.02
0.06,0.05,1.19,-0.05,-1.81,0.05
0.03,0.05,1.19,-0.13,-1.79,0.09
0.02,0.05,1.17,-0.2,-1.77,0.16
0.01,0.04,1.17,-0.25,-1.75,0.21
-0.0,0.04,1.17,-0.29,-1.74,0.28
-0.02,0.03,1.17,-0.33,-1.74,0.33
-0.03,0.02,1.16,-0.35,-1.72,0.36
-0.04,0.01,1.15,-0.36,-1.7,0.4
-0.05,-0.0,1.14,-0.36,-1.7,0.43
-0.05,-0.02,1.12,-0.37,-1.69,0.44
-0.05,-0.03,1.12,-0.34,-1.7,0.47
-0.05,-0.04,1.12,-0.32,-1.7,0.48
-0.06,-0.03,1.1,-0.31,-1.72,0.52
-0.08,-0.02,1.09,-0.28,-1.72,0.57
-0.1,-0.01,1.07,-0.23,-1.73,0.64
-0.08,-0.01,1.07,-0.18,-1.72,0.71
-0.07,-0.01,1.1,-0.13,-1.74,0.76
-0.06,0.0,1.12,-0.08,-1.74,0.79
-0.04,0.01,1.13,-0.01,-1.74,0.8
-0.02,0.02,1.13,0.04,-1.73,0.8
-0.01,0.02,1.15,0.08,-1.73,0.77
0.0,0.03,1.18,0.12,-1.72,0.7
0.02,0.05,1.2,0.15,-1.7,0.62
0.01,0.06,1.2,0.19,-1.69,0.54
0.0,0.07,1.19,0.2,-1.67,0.47
0.0,0.08,1.19,0.23,-1.66,0.4
0.0,0.08,1.18,0.25,-1.64,0.34
-0.03,0.1,1.17,0.25,-1.65,0.3
-0.02,0.11,1.16,0.25,-1.63,0.28
-0.03,0.12,1.16,0.23,-1.63,0.27
-0.03,0.11,1.19,0.22,-1.62,0.26
-0.03,0.11,1.16,0.19,-1.62,0.24
-0.02,0.1,1.17,0.15,-1.61,0.23
-0.03,0.1,1.18,0.11,-1.61,0.22
-0.05,0.12,1.18,0.08,-1.58,0.21
-0.06,0.12,1.19,0.02,-1.56,0.21
-0.06,0.12,1.19,-0.01,-1.57,0.23
-0.08,0.11,1.21,-0.07,-1.53,0.21
-0.09,0.12,1.21,-0.1,-1.53,0.21
-0.11,0.11,1.23,-0.12,-1.51,0.19
-0.12,0.11,1.23,-0.13,-1.49,0.18
-0.15,0.11,1.23,-0.14,-1.47,0.16
-0.16,0.1,1.23,-0.15,-1.44,0.14
-0.17,0.11,1.22,-0.14,-1.4,0.12
-0.18,0.1,1.21,-0.14,-1.36,0.11
-0.17,0.1,1.19,-0.14,-1.31,0.1
-0.18,0.08,1.18,-0.14,-1.27,0.09
-0.19,0.08,1.16,-0.15,-1.23,0.09
-0.2,0.07,1.16,-0.14,-1.22,0.1
-0.21,0.07,1.16,-0.12,-1.21,0.11
-0.22,0.07,1.14,-0.12,-1.2,0.12
-0.22,0.07,1.13,-0.08,-1.16,0.14
-0.23,0.06,1.12,-0.04,-1.15,0.15
-0.23,0.06,1.13,-0.0,-1.12,0.16
-0.22,0.06,1.14,0.04,-1.1,0.17
-0.23,0.08,1.14,0.08,-1.07,0.17
-0.22,0.08,1.14,0.13,-1.07,0.17
-0.23,0.09,1.15,0.16,-1.03,0.17
-0.22,0.09,1.15,0.21,-1.01,0.16
-0.2,0.1,1.16,0.25,-0.96,0.15
-0.19,0.1,1.16,0.27,-0.91,0.14
-0.18,0.1,1.16,0.27,-0.85,0.12
-0.16,0.1,1.13,0.26,-0.82,0.1
-0.14,0.11,1.13,0.23,-0.79,0.09
-0.14,0.12,1.11,0.19,-0.76,0.09
-0.14,0.12,1.09,0.15,-0.75,0.08
-0.14,0.12,1.08,0.11,-0.73,0.1
-0.15,0.13,1.08,0.07,-0.73,0.11
-0.15,0.13,1.07,0.03,-0.72,0.12
-0.15,0.13,1.08,-0.0,-0.71,0.12
-0.16,0.13,1.09,-0.01,-0.7,0.12
-0.17,0.14,1.1,-0.04,-0.69,0.1
-0.18,0.12,1.13,-0.05,-0.66,0.08
-0.18,0.14,1.14,-0.06,-0.63,0.05
-0.17,0.12,1.13,-0.07,-0.58,0.03
-0.16,0.11,1.12,-0.08,-0.53,-0.0
-0.15,0.11,1.09,-0.11,-0.51,-0.01
-0.14,0.09,1.07,-0.14,-0.48,-0.03
-0.13,0.09,1.05,-0.19,-0.46,-0.01
-0.13,0.07,1.05,-0.21,-0.44,-0.01
-0.16,0.07,1.06,-0.25,-0.43,-0.0
-0.17,0.07,1.06,-0.25,-0.43,0.01
-0.2,0.07,1.08,-0.26,-0.42,0.02
-0.23,0.08,1.1,-0.23,-0.39,0.03
-0.24,0.09,1.12,-0.18,-0.36,0.03
-0.25,0.09,1.12,-0.12,-0.31,0.04
-0.23,0.1,1.11,-0.05,-0.28,0.04
-0.22,0.1,1.1,-0.02,-0.23,0.04
-0.19,0.1,1.09,0.01,-0.21,0.03
-0.17,0.09,1.09,0.02,-0.2,0.03
-0.15,0.08,1.09,0.03,-0.17,0.02
-0.13,0.06,1.06,0.01,-0.14,0.01
-0.12,0.06,1.02,0.0,-0.14,0.02
-0.12,0.06,1.0,-0.02,-0.15,0.03
-0.14,0.07,0.99,-0.03,-0.17,0.06
-0.14,0.09,1.0,-0.01,-0.2,0.08
-0.16,0.1,1.02,0.01,-0.22,0.1
-0.16,0.11,1.04,0.05,-0.22,0.11
-0.16,0.12,1.07,0.07,-0.2,0.11
-0.16,0.13,1.09,0.09,-0.17,0.06
-0.16,0.14,1.11,0.1,-0.16,0.04
-0.15,0.15,1.12,0.09,-0.11,0.01
-0.16,0.17,1.14,0.07,-0.08,-0.02
-0.15,0.17,1.14,0.05,-0.02,-0.06
-0.15,0.17,1.13,-0.01,0.06,-0.08
-0.14,0.16,1.1,-0.05,0.11,-0.09
-0.14,0.15,1.08,-0.12,0.11,-0.07
-0.16,0.14,1.05,-0.17,0.14,-0.04
-0.19,0.15,1.05,-0.2,0.12,-0.0
-0.21,0.15,1.05,-0.21,0.15,0.04
-0.23,0.14,1.07,-0.2,0.15,0.06
-0.25,0.14,1.1,-0.17,0.19,0.06
-0.26,0.14,1.12,-0.11,0.22,0.03
-0.26,0.14,1.13,-0.07,0.26,0.01
-0.26,0.15,1.13,-0.05,0.29,-0.02
-0.26,0.16,1.13,-0.0,0.33,-0.06
-0.26,0.16,1.14,0.01,0.37,-0.08
-0.26,0.17,1.14,0.03,0.38,-0.1
-0.26,0.18,1.14,0.05,0.4,-0.12
-0.27,0.17,1.14,0.05,0.44,-0.14
-0.27,0.18,1.14,0.03,0.48,-0.14
-0.28,0.19,1.16,0.03,0.5,-0.15
-0.29,0.19,1.18,-0.01,0.55,-0.15
-0.3,0.18,1.19,-0.04,0.6,-0.17
-0.3,0.2,1.21,-0.09,0.65,-0.18
-0.31,0.19,1.21,-0.12,0.73,-0.2
-0.31,0.19,1.22,-0.18,0.79,-0.2
-0.3,0.19,1.22,-0.23,0.88,-0.21
-0.29,0.19,1.22,-0.3,0.96,-0.22
-0.28,0.19,1.24,-0.38,1.02,-0.22
-0.28,0.18,1.25,-0.46,1.08,-0.22
-0.28,0.17,1.25,-0.53,1.14,-0.23
-0.28,0.17,1.27,-0.6,1.19,-0.24
-0.3,0.17,1.3,-0.65,1.24,-0.25
-0.31,0.17,1.3,-0.69,1.28,-0.27
-0.33,0.17,1.33,-0.72,1.34,-0.29
-0.34,0.16,1.34,-0.74,1.39,-0.29
-0.36,0.15,1.36,-0.72,1.44,-0.32
-0.37,0.14,1.38,-0.7,1.5,-0.34
-0.38,0.14,1.39,-0.65,1.58,-0.36
-0.38,0.14,1.39,-0.58,1.65,-0.37
-0.37,0.13,1.38,-0.52,1.72,-0.39
-0.36,0.12,1.37,-0.48,1.79,-0.39
-0.35,0.11,1.36,-0.41,1.85,-0.4
-0.33,0.11,1.37,-0.37,1.93,-0.41
-0.3,0.09,1.37,-0.33,1.99,-0.41
-0.27,0.09,1.37,-0.3,2.07,-0.42
-0.25,0.08,1.37,-0.29,2.12,-0.42
-0.24,0.09,1.38,-0.28,2.18,-0.43
-0.23,0.09,1.39,-0.28,2.24,-0.43
-0.22,0.08,1.39,-0.28,2.29,-0.42
-0.2,0.08,1.39,-0.28,2.35,-0.43
-0.19,0.07,1.4,-0.29,2.42,-0.41
-0.17,0.06,1.41,-0.27,2.46,-0.41
-0.17,0.06,1.43,-0.27,2.52,-0.41
-0.16,0.06,1.44,-0.23,2.58,-0.4
-0.15,0.06,1.45,-0.22,2.65,-0.39
-0.12,0.05,1.44,-0.19,2.71,-0.39
-0.1,0.04,1.43,-0.17,2.76,-0.37
-0.07,0.04,1.42,-0.14,2.82,-0.37
-0.04,0.03,1.4,-0.15,2.88,-0.36
-0.02,0.03,1.38,-0.15,2.92,-0.34
-0.01,0.03,1.37,-0.16,2.93,-0.31
0.0,0.02,1.37,-0.16,2.95,-0.3
0.01,0.02,1.38,-0.16,2.94,-0.28
0.03,0.02,1.39,-0.14,2.95,-0.26
0.05,0.01,1.43,-0.13,2.98,-0.24
0.07,0.02,1.45,-0.11,2.99,-0.25
0.08,0.01,1.46,-0.09,3.04,-0.26
0.12,-0.0,1.46,-0.09,3.07,-0.28
0.13,-0.01,1.47,-0.07,3.11,-0.29
0.14,-0.01,1.48,-0.08,3.16,-0.33
0.16,-0.01,1.45,-0.1,3.21,-0.34
0.17,-0.03,1.41,-0.1,3.25,-0.34
0.17,-0.03,1.4,-0.13,3.29,-0.33
0.18,-0.03,1.35,-0.15,3.32,-0.3
0.19,-0.03,1.34,-0.18,3.36,-0.27
0.2,-0.04,1.34,-0.18,3.35,-0.24
0.2,-0.04,1.32,-0.18,3.36,-0.21
0.2,-0.05,1.3,-0.19,3.36,-0.17
0.21,-0.06,1.29,-0.19,3.36,-0.15
0.23,-0.07,1.28,-0.2,3.39,-0.12
0.25,-0.08,1.27,-0.18,3.39,-0.11
0.25,-0.08,1.26,-0.17,3.39,-0.09
0.25,-0.07,1.26,-0.15,3.37,-0.06
0.27,-0.08,1.26,-0.12,3.33,-0.04
0.3,-0.08,1.28,-0.09,3.31,-0.03
0.31,-0.1,1.26,-0.07,3.3,-0.02
0.31,-0.1,1.27,-0.06,3.32,-0.04
0.31,-0.11,1.23,-0.02,3.32,-0.05
0.32,-0.11,1.23,0.01,3.34,-0.07
0.33,-0.1,1.22,0.01,3.34,-0.07
0.34,-0.1,1.22,0.03,3.32,-0.09
0.34,-0.1,1.22,0.03,3.29,-0.1
0.34,-0.11,1.22,0.06,3.27,-0.13
0.35,-0.12,1.22,0.07,3.25,-0.16
0.35,-0.14,1.2,0.08,3.26,-0.18
0.36,-0.13,1.2,0.09,3.27,-0.2
0.35,-0.14,1.18,0.09,3.3,-0.21
0.35,-0.15,1.16,0.09,3.32,-0.21
0.35,-0.16,1.12,0.09,3.34,-0.21
0.37,-0.16,1.13,0.09,3.37,-0.21
0.4,-0.16,1.1,0.08,3.37,-0.2
0.41,-0.17,1.09,0.09,3.38,-0.21
0.4,-0.16,1.06,0.08,3.4,-0.22
0.38,-0.15,1.02,0.08,3.37,-0.22
0.4,-0.15,1.0,0.07,3.36,-0.21
0.39,-0.16,0.99,0.05,3.34,-0.21
0.4,-0.16,0.98,0.05,3.33,-0.21
0.38,-0.17,0.96,0.04,3.3,-0.21
0.37,-0.17,0.94,0.03,3.31,-0.21
0.35,-0.18,0.9,0.02,3.28,-0.2
0.34,-0.17,0.89,0.02,3.27,-0.19
0.33,-0.18,0.88,0.03,3.26,-0.16
0.32,-0.19,0.88,0.05,3.22,-0.13
0.33,-0.18,0.87,0.1,3.16,-0.11
0.36,-0.18,0.88,0.13,3.14,-0.11
0.36,-0.18,0.85,0.16,3.12,-0.11
0.37,-0.19,0.83,0.18,3.11,-0.12
0.36,-0.2,0.8,0.18,3.08,-0.15
0.35,-0.2,0.8,0.21,3.06,-0.16
0.34,-0.18,0.76,0.22,3.07,-0.17
0.32,-0.17,0.74,0.28,3.04,-0.17
0.28,-0.15,0.72,0.29,3.02,-0.16
0.27,-0.14,0.69,0.32,3.0,-0.15
0.27,-0.14,0.69,0.37,2.93,-0.13
0.31,-0.15,0.68,0.39,2.89,-0.15
0.35,-0.17,0.69,0.4,2.86,-0.17
0.4,-0.16,0.69,0.42,2.86,-0.22
0.41,-0.14,0.7,0.42,2.84,-0.28
0.4,-0.1,0.69,0.39,2.86,-0.32
0.39,-0.08,0.68,0.35,2.87,-0.35
0.37,-0.04,0.65,0.27,2.89,-0.39
0.34,-0.02,0.65,0.16,2.86,-0.4
0.3,0.0,0.62,0.04,2.87,-0.4
0.26,0.0,0.61,-0.1,2.87,-0.41
0.21,0.0,0.6,-0.24,2.89,-0.4
0.15,0.01,0.62,-0.34,2.88,-0.38
0.1,0.01,0.63,-0.44,2.86,-0.32
0.08,-0.01,0.65,-0.51,2.8,-0.26
0.08,-0.03,0.68,-0.55,2.73,-0.2
0.08,-0.05,0.71,-0.53,2.64,-0.13
0.1,-0.08,0.74,-0.5,2.55,-0.09
0.13,-0.11,0.76,-0.44,2.47,-0.05
0.17,-0.15,0.77,-0.37,2.41,-0.05
0.2,-0.17,0.79,-0.24,2.34,-0.06
0.2,-0.17,0.79,-0.14,2.31,-0.06
0.19,-0.17,0.8,-0.03,2.29,-0.08
0.19,-0.14,0.81,0.09,2.26,-0.09
0.2,-0.12,0.79,0.17,2.25,-0.1
0.22,-0.12,0.77,0.24,2.24,-0.12
0.22,-0.1,0.75,0.27,2.22,-0.15
0.2,-0.05,0.74,0.3,2.23,-0.17
0.21,-0.01,0.75,0.29,2.23,-0.17
0.22,0.01,0.73,0.28,2.21,-0.19
0.24,0.03,0.73,0.23,2.19,-0.2
0.24,0.02,0.72,0.18,2.2,-0.24
0.21,0.04,0.71,0.11,2.21,-0.26
0.17,0.05,0.73,0.03,2.24,-0.28
0.13,0.06,0.74,-0.04,2.22,-0.27
0.11,0.06,0.74,-0.12,2.21,-0.26
0.08,0.05,0.79,-0.19,2.18,-0.23
0.08,0.05,0.8,-0.24,2.14,-0.18
0.1,0.02,0.8,-0.25,2.1,-0.14
0.1,-0.01,0.81,-0.24,2.1,-0.12
0.1,-0.02,0.79,-0.2,2.1,-0.1
0.12,-0.02,0.81,-0.13,2.09,-0.1
0.12,-0.01,0.81,-0.05,2.09,-0.1
0.1,-0.01,0.8,0.07,2.06,-0.11
0.07,0.0,0.8,0.16,2.02,-0.12
0.04,0.02,0.8,0.23,1.97,-0.12
0.02,0.04,0.77,0.31,1.91,-0.12
-0.0,0.04,0.76,0.36,1.87,-0.13
-0.03,0.05,0.76,0.41,1.82,-0.14
-0.04,0.06,0.76,0.46,1.77,-0.13
-0.05,0.06,0.73,0.48,1.76,-0.11
-0.05,0.06,0.7,0.51,1.78,-0.1
-0.06,0.1,0.68,0.54,1.78,-0.09
-0.07,0.14,0.66,0.52,1.81,-0.08
-0.07,0.18,0.63,0.5,1.81,-0.05
-0.11,0.22,0.62,0.45,1.8,-0.04
-0.14,0.26,0.61,0.37,1.76,-0.01
-0.18,0.29,0.61,0.28,1.71,0.03
-0.21,0.29,0.62,0.16,1.64,0.08
-0.22,0.3,0.63,0.07,1.54,0.12
-0.21,0.28,0.65,-0.02,1.44,0.16
-0.19,0.26,0.67,-0.06,1.32,0.2
-0.18,0.24,0.69,-0.1,1.23,0.21
-0.15,0.21,0.72,-0.06,1.12,0.21
-0.14,0.19,0.73,-0.01,1.02,0.21
-0.12,0.17,0.74,0.03,0.95,0.18
-0.12,0.15,0.75,0.1,0.86,0.15
-0.13,0.14,0.78,0.16,0.8,0.11
-0.13,0.14,0.79,0.22,0.74,0.08
-0.13,0.15,0.78,0.26,0.7,0.07
-0.12,0.15,0.79,0.26,0.65,0.07
-0.12,0.15,0.79,0.28,0.63,0.06
-0.11,0.17,0.8,0.26,0.6,0.09
-0.11,0.19,0.8,0.23,0.58,0.12
-0.11,0.2,0.78,0.18,0.53,0.15
-0.1,0.2,0.76,0.12,0.52,0.16
-0.09,0.19,0.76,0.05,0.49,0.18
-0.09,0.19,0.77,-0.01,0.48,0.2
-0.1,0.19,0.78,-0.04,0.46,0.23
-0.11,0.18,0.78,-0.06,0.44,0.24
-0.12,0.16,0.78,-0.07,0.4,0.27
-0.12,0.15,0.78,-0.06,0.34,0.28
-0.11,0.14,0.79,-0.04,0.31,0.28
-0.1,0.14,0.79,-0.01,0.27,0.28
-0.1,0.13,0.79,0.04,0.24,0.28
-0.09,0.14,0.79,0.07,0.19,0.27
-0.09,0.14,0.79,0.1,0.15,0.26
-0.09,0.14,0.78,0.12,0.1,0.22
-0.08,0.15,0.79,0.12,0.04,0.2
-0.07,0.15,0.81,0.13,-0.01,0.16
-0.06,0.13,0.82,0.13,-0.08,0.13
-0.03,0.12,0.84,0.14,-0.12,0.1
-0.01,0.13,0.83,0.11,-0.15,0.07
0.0,0.12,0.84,0.1,-0.16,0.04
0.02,0.1,0.85,0.07,-0.18,0.0
0.02,0.09,0.87,0.04,-0.18,-0.03
0.03,0.07,0.89,-0.02,-0.16,-0.04
0.05,0.07,0.91,-0.05,-0.16,-0.05
0.05,0.05,0.92,-0.11,-0.14,-0.05
0.04,0.03,0.92,-0.15,-0.14,-0.04
0.04,0.02,0.94,-0.2,-0.11,-0.04
0.03,0.0,0.96,-0.21,-0.11,-0.02
0.03,-0.02,0.97,-0.24,-0.08,-0.01
0.02,-0.03,0.99,-0.22,-0.09,0.02
0.02,-0.04,0.99,-0.21,-0.1,0.03
0.03,-0.05,0.99,-0.16,-0.1,0.04
0.05,-0.06,0.98,-0.13,-0.11,0.04
0.05,-0.07,0.99,-0.07,-0.13,0.04
0.05,-0.06,0.99,0.0,-0.13,0.02
0.06,-0.04,0.98,0.08,-0.11,-0.01
0.07,-0.02,0.97,0.14,-0.12,-0.04
0.06,-0.01,0.96,0.16,-0.1,-0.08
0.06,0.02,0.96,0.16,-0.1,-0.1
0.07,0.04,0.95,0.14,-0.09,-0.13
0.07,0.05,0.94,0.13,-0.07,-0.15
0.04,0.07,0.94,0.09,-0.06,-0.15
0.03,0.09,0.95,0.03,-0.04,-0.15
0.02,0.09,0.95,-0.03,-0.04,-0.12
0.01,0.09,0.95,-0.1,-0.04,-0.11
0.01,0.08,0.96,-0.16,-0.05,-0.09
0.02,0.06,0.96,-0.21,-0.04,-0.08
0.03,0.05,0.97,-0.21,-0.05,-0.06
0.02,0.04,0.99,-0.21,-0.06,-0.03
0.03,0.03,1.0,-0.18,-0.08,-0.02
0.06,0.02,1.0,-0.16,-0.08,-0.02
0.07,0.01,0.99,-0.13,-0.09,-0.04
0.08,-0.0,0.98,-0.09,-0.09,-0.07
0.08,-0.01,0.99,-0.05,-0.09,-0.1
0.07,-0.0,1.0,0.0,-0.08,-0.12
0.07,0.01,1.0,0.02,-0.06,-0.12
0.05,0.01,0.99,0.06,-0.06,-0.13
0.03,0.02,0.98,0.08,-0.06,-0.13
0.04,0.02,0.99,0.09,-0.05,-0.13
0.06,0.03,0.99,0.11,-0.06,-0.13
0.05,0.04,0.99,0.12,-0.03,-0.14
0.04,0.03,0.97,0.11,-0.03,-0.13
0.01,0.03,0.97,0.08,-0.0,-0.14
0.0,0.05,0.98,0.05,0.02,-0.12
-0.02,0.06,0.99,0.01,0.03,-0.08
-0.02,0.05,1.0,-0.0,0.02,-0.03
-0.01,0.05,1.0,-0.02,0.0,0.01
0.01,0.04,0.99,-0.04,-0.02,0.05
0.03,0.03,0.98,-0.07,-0.01,0.05
0.03,0.01,0.97,-0.08,-0.02,0.05
0.04,0.02,0.97,-0.08,0.0,0.04
0.03,0.02,0.97,-0.08,0.02,0.02
0.02,0.01,0.97,-0.07,0.01,0.02
0.01,0.01,0.98,-0.04,0.0,0.02
-0.0,0.01,0.97,-0.03,0.01,0.01
-0.02,0.02,0.97,0.0,0.0,0.03
-0.02,0.03,0.96,0.03,-0.0,0.03
-0.01,0.04,0.96,0.05,-0.02,0.05
-0.0,0.05,0.96,0.06,-0.03,0.05
0.01,0.05,0.95,0.07,-0.03,0.05
0.02,0.04,0.96,0.05,-0.03,0.04
0.02,0.05,0.95,0.04,-0.04,0.05
0.02,0.05,0.97,0.02,-0.01,0.05
0.04,0.05,0.98,-0.02,-0.03,0.05
0.06,0.04,0.98,-0.03,-0.01,0.07
0.06,0.03,0.97,-0.06,-0.02,0.05
0.05,0.02,0.97,-0.09,-0.0,0.07
0.04,0.02,0.98,-0.1,-0.0,0.07
0.03,0.02,0.99,-0.09,0.01,0.08
0.03,0.02,1.0,-0.09,0.0,0.12
0.03,0.02,0.98,-0.08,0.0,0.13
0.03,0.01,0.97,-0.06,-0.0,0.12
0.03,0.01,0.95,-0.06,0.02,0.11
0.03,0.02,0.94,-0.05,0.02,0.1
0.04,0.02,0.94,-0.03,0.04,0.09
0.04,0.02,0.94,-0.01,0.04,0.08
0.04,0.03,0.92,0.03,0.04,0.08
0.05,0.03,0.93,0.03,0.05,0.07
0.07,0.03,0.93,0.06,0.05,0.05
0.07,0.03,0.92,0.07,0.06,0.04
0.06,0.02,0.94,0.08,0.1,0.01
0.06,0.03,0.94,0.08,0.11,-0.0
0.04,0.03,0.95,0.1,0.14,-0.01
0.02,0.04,0.95,0.09,0.14,-0.01
0.01,0.04,0.94,0.08,0.15,0.0
-0.0,0.05,0.94,0.08,0.14,0.03
-0.01,0.05,0.95,0.06,0.14,0.03
-0.01,0.06,0.95,0.05,0.1,0.04
-0.0,0.07,0.94,0.06,0.06,0.03
0.01,0.07,0.94,0.05,0.02,0.03
0.0,0.06,0.94,0.05,-0.0,0.0
0.0,0.07,0.95,0.04,-0.02,-0.02
-0.0,0.06,0.94,0.01,-0.03,-0.03
0.01,0.04,0.93,0.01,-0.07,-0.04
0.01,0.04,0.93,0.01,-0.07,-0.04
0.01,0.04,0.94,0.0,-0.09,-0.03
-0.0,0.04,0.94,0.02,-0.09,-0.02
0.0,0.04,0.94,0.03,-0.12,0.01
0.01,0.04,0.93,0.04,-0.11,0.01
0.01,0.05,0.93,0.04,-0.12,0.01
0.02,0.05,0.92,0.04,-0.12,0.01
0.02,0.06,0.93,0.03,-0.14,-0.0
0.02,0.07,0.92,0.02,-0.14,-0.01
0.02,0.07,0.93,0.01,-0.15,-0.02
0.02,0.08,0.91,-0.02,-0.15,-0.04
0.0,0.09,0.91,-0.04,-0.16,-0.04
-0.01,0.09,0.92,-0.06,-0.15,-0.04
-0.02,0.1,0.92,-0.09,-0.16,-0.04
-0.01,0.09,0.92,-0.12,-0.19,-0.04
-0.02,0.08,0.91,-0.13,-0.22,-0.01
-0.02,0.07,0.92,-0.15,-0.22,-0.03
-0.01,0.07,0.91,-0.15,-0.24,-0.02
-0.01,0.06,0.91,-0.14,-0.24,-0.02
-0.03,0.06,0.91,-0.11,-0.27,-0.02
-0.04,0.06,0.89,-0.1,-0.29,-0.03
-0.04,0.06,0.9,-0.06,-0.32,-0.02
-0.05,0.07,0.9,-0.02,-0.35,-0.01
-0.04,0.08,0.89,0.02,-0.39,-0.01
-0.05,0.08,0.87,0.05,-0.41,-0.01
-0.07,0.09,0.84,0.07,-0.42,-0.01
-0.09,0.1,0.84,0.09,-0.45,-0.02
-0.1,0.12,0.83,0.09,-0.49,0.01
-0.1,0.13,0.83,0.12,-0.51,0.02
-0.11,0.13,0.81,0.11,-0.55,0.04
-0.11,0.13,0.8,0.1,-0.58,0.06
-0.12,0.15,0.78,0.1,-0.61,0.07
-0.14,0.15,0.79,0.09,-0.64,0.1
-0.13,0.16,0.79,0.06,-0.69,0.12
-0.13,0.15,0.79,0.05,-0.73,0.14
-0.12,0.14,0.78,0.03,-0.78,0.17
-0.11,0.12,0.77,0.03,-0.81,0.17
-0.11,0.11,0.76,0.03,-0.84,0.19
-0.11,0.09,0.76,0.04,-0.88,0.2
-0.1,0.08,0.77,0.07,-0.92,0.23
-0.1,0.09,0.79,0.13,-0.98,0.26
-0.09,0.08,0.78,0.18,-1.03,0.29
-0.09,0.09,0.75,0.23,-1.07,0.29
-0.08,0.06,0.74,0.28,-1.12,0.29
-0.07,0.05,0.74,0.31,-1.15,0.28
-0.07,0.06,0.75,0.35,-1.18,0.28
-0.07,0.05,0.76,0.41,-1.21,0.29
-0.08,0.04,0.76,0.45,-1.24,0.32
-0.09,0.05,0.75,0.5,-1.27,0.35
-0.07,0.05,0.75,0.52,-1.32,0.38
-0.05,0.05,0.75,0.55,-1.34,0.4
-0.03,0.05,0.74,0.58,-1.35,0.42
-0.03,0.07,0.71,0.58,-1.35,0.43
-0.03,0.1,0.72,0.56,-1.34,0.44
-0.03,0.13,0.71,0.51,-1.35,0.45
-0.03,0.16,0.72,0.44,-1.37,0.47
-0.02,0.17,0.7,0.35,-1.4,0.47
-0.01,0.17,0.68,0.23,-1.42,0.48
0.01,0.17,0.67,0.1,-1.42,0.48
0.02,0.16,0.7,-0.01,-1.45,0.49
0.04,0.15,0.71,-0.1,-1.47,0.5
0.04,0.15,0.71,-0.17,-1.49,0.51
0.05,0.13,0.7,-0.22,-1.51,0.5
0.04,0.11,0.71,-0.25,-1.56,0.46
0.03,0.11,0.73,-0.28,-1.61,0.45
0.04,0.12,0.76,-0.27,-1.69,0.41
0.06,0.11,0.77,-0.27,-1.77,0.36
0.08,0.06,0.77,-0.28,-1.84,0.3
0.08,0.03,0.77,-0.29,-1.87,0.22
0.08,-0.0,0.78,-0.29,-1.86,0.15
0.07,-0.01,0.82,-0.3,-1.86,0.12
0.07,0.0,0.87,-0.26,-1.89,0.13
0.08,-0.01,0.9,-0.23,-1.94,0.17
0.08,-0.03,0.91,-0.21,-1.97,0.2
0.09,-0.06,0.88,-0.16,-2.0,0.23
0.11,-0.09,0.88,-0.13,-1.95,0.23
0.11,-0.1,0.89,-0.09,-1.91,0.24
0.14,-0.09,0.9,-0.04,-1.86,0.25
0.14,-0.07,0.91,0.01,-1.85,0.27
0.14,-0.04,0.91,0.07,-1.83,0.28
0.13,-0.02,0.86,0.1,-1.82,0.27
0.11,0.0,0.84,0.09,-1.82,0.27
0.1,0.04,0.85,0.06,-1.84,0.26
0.11,0.06,0.87,0.03,-1.9,0.27
0.13,0.07,0.87,-0.02,-1.92,0.25
0.16,0.05,0.86,-0.1,-1.94,0.23
0.16,0.04,0.84,-0.18,-1.94,0.2
0.17,0.03,0.84,-0.26,-1.92,0.17
0.17,0.03,0.88,-0.33,-1.92,0.16
0.17,0.04,0.94,-0.38,-1.95,0.17
0.19,0.02,0.97,-0.41,-1.99,0.18
0.21,-0.02,0.97,-0.44,-2.02,0.18
0.22,-0.05,0.96,-0.45,-2.02,0.14
0.22,-0.07,0.97,-0.49,-1.99,0.1
0.22,-0.08,1.0,-0.49,-1.95,0.05
0.23,-0.09,1.04,-0.48,-1.92,0.01
0.23,-0.1,1.06,-0.46,-1.91,-0.01
0.23,-0.11,1.07,-0.42,-1.88,-0.03
0.2,-0.12,1.06,-0.4,-1.84,-0.04
0.15,-0.11,1.06,-0.38,-1.78,-0.03
0.11,-0.09,1.06,-0.35,-1.76,-0.0
0.09,-0.06,1.05,-0.33,-1.74,0.03
0.08,-0.06,1.05,-0.3,-1.76,0.08
0.06,-0.08,1.03,-0.31,-1.77,0.11
0.05,-0.1,1.06,-0.3,-1.74,0.15
0.05,-0.08,1.02,-0.27,-1.71,0.19
0.07,-0.05,0.98,-0.25,-1.71,0.22
0.1,-0.05,1.01,-0.25,-1.76,0.27
0.11,-0.04,1.02,-0.23,-1.81,0.28
0.14,-0.05,1.0,-0.21,-1.78,0.27
0.18,-0.06,1.0,-0.19,-1.77,0.25
0.19,-0.04,0.99,-0.17,-1.74,0.21
0.19,-0.01,0.98,-0.17,-1.74,0.18
0.18,-0.0,0.98,-0.19,-1.74,0.14
0.18,-0.0,0.98,-0.2,-1.75,0.11
0.18,-0.01,0.96,-0.23,-1.73,0.07
0.14,-0.01,0.95,-0.28,-1.73,0.05
0.11,-0.0,0.97,-0.31,-1.73,0.04
0.09,0.03,1.01,-0.34,-1.75,0.06
0.1,0.03,1.04,-0.36,-1.78,0.09
0.13,-0.01,1.07,-0.39,-1.82,0.09
0.14,-0.05,1.09,-0.43,-1.82,0.07
0.12,-0.08,1.12,-0.47,-1.81,0.05
0.12,-0.07,1.14,-0.51,-1.8,0.04
0.11,-0.06,1.19,-0.51,-1.81,0.06
0.12,-0.07,1.22,-0.5,-1.83,0.09
0.12,-0.1,1.25,-0.49,-1.84,0.11
0.13,-0.13,1.26,-0.47,-1.81,0.11
0.12,-0.14,1.26,-0.41,-1.77,0.11
0.11,-0.13,1.26,-0.33,-1.7,0.12
0.09,-0.12,1.23,-0.27,-1.62,0.12
0.06,-0.1,1.19,-0.18,-1.56,0.13
0.06,-0.08,1.14,-0.09,-1.54,0.17
0.06,-0.06,1.09,-0.03,-1.51,0.18
0.05,-0.03,1.04,0.04,-1.5,0.2
0.04,-0.01,0.98,0.09,-1.48,0.19
0.08,0.0,0.94,0.12,-1.5,0.19
0.13,0.02,0.93,0.14,-1.53,0.15
0.16,0.03,0.92,0.16,-1.55,0.11
0.16,0.06,0.91,0.14,-1.58,0.06
0.19,0.06,0.89,0.11,-1.61,0.0
0.19,0.06,0.89,0.06,-1.62,-0.07
0.18,0.07,0.89,-0.01,-1.65,-0.12
0.15,0.08,0.91,-0.06,-1.69,-0.15
0.14,0.07,0.95,-0.15,-1.71,-0.16
0.14,0.05,0.99,-0.19,-1.72,-0.16
0.15,0.02,1.03,-0.27,-1.71,-0.16
0.14,-0.0,1.06,-0.3,-1.67,-0.17
0.12,-0.01,1.09,-0.35,-1.62,-0.15
0.09,0.0,1.09,-0.37,-1.54,-0.13
0.06,0.0,1.11,-0.38,-1.51,-0.09
0.05,-0.0,1.1,-0.4,-1.48,-0.03
0.04,-0.02,1.1,-0.41,-1.47,0.02
0.03,-0.03,1.09,-0.39,-1.46,0.06
0.02,-0.03,1.11,-0.35,-1.46,0.09
0.02,-0.04,1.11,-0.29,-1.45,0.12
0.05,-0.05,1.12,-0.23,-1.44,0.13
0.08,-0.06,1.13,-0.16,-1.46,0.11
0.08,-0.07,1.13,-0.08,-1.46,0.07
0.08,-0.07,1.13,-0.01,-1.46,0.01
0.07,-0.06,1.11,0.06,-1.45,-0.03
0.05,-0.04,1.07,0.14,-1.43,-0.06
0.03,-0.01,1.03,0.2,-1.42,-0.08
0.03,0.0,0.99,0.23,-1.44,-0.07
0.04,0.01,0.96,0.2,-1.44,-0.07
0.05,0.02,0.93,0.18,-1.46,-0.04
0.05,0.03,0.93,0.12,-1.48,-0.01
0.06,0.03,0.94,0.06,-1.5,0.02
0.06,0.02,0.94,-0.01,-1.51,0.06
0.07,0.02,0.93,-0.06,-1.49,0.09
0.08,0.01,0.95,-0.12,-1.47,0.11
0.09,0.02,0.97,-0.19,-1.47,0.13
0.11,0.01,1.0,-0.25,-1.49,0.13
0.12,0.01,1.04,-0.25,-1.51,0.13
0.11,-0.01,1.08,-0.28,-1.51,0.12
0.11,-0.03,1.11,-0.27,-1.5,0.07
0.11,-0.03,1.15,-0.25,-1.51,0.05
0.08,-0.02,1.17,-0.21,-1.5,0.02
0.05,-0.03,1.17,-0.15,-1.48,-0.0
0.03,-0.03,1.16,-0.09,-1.47,-0.01
0.01,-0.02,1.15,-0.03,-1.46,-0.01
-0.01,-0.02,1.13,0.02,-1.43,-0.0
-0.0,-0.0,1.11,0.06,-1.41,0.02
0.01,-0.0,1.1,0.08,-1.42,0.05
0.01,0.0,1.07,0.1,-1.41,0.07
0.03,0.01,1.06,0.11,-1.41,0.1
0.04,0.01,1.03,0.12,-1.4,0.12
0.04,0.01,1.02,0.12,-1.38,0.13
0.06,0.0,1.01,0.1,-1.37,0.14
0.07,0.0,1.0,0.07,-1.36,0.14
0.07,0.01,1.0,0.05,-1.37,0.16
0.1,0.01,1.02,0.03,-1.37,0.15
0.11,0.02,1.02,0.02,-1.4,0.14
0.12,0.01,1.04,0.03,-1.4,0.12
0.13,0.01,1.06,-0.01,-1.43,0.08
0.12,0.01,1.07,-0.01,-1.43,0.03
0.11,0.01,1.09,-0.02,-1.42,-0.0
0.11,0.01,1.07,-0.03,-1.42,-0.04
0.07,0.02,1.06,-0.08,-1.42,-0.06
0.05,0.03,1.05,-0.1,-1.42,-0.05
0.04,0.02,1.04,-0.14,-1.43,-0.02
0.02,0.02,1.05,-0.14,-1.44,0.02
0.0,0.01,1.05,-0.16,-1.43,0.07
-0.01,0.01,1.05,-0.13,-1.44,0.1
-0.02,-0.0,1.05,-0.11,-1.45,0.13
-0.02,-0.01,1.06,-0.07,-1.46,0.15
-0.01,-0.01,1.08,-0.04,-1.46,0.16
0.02,-0.0,1.09,0.01,-1.46,0.16
0.03,-0.01,1.12,0.06,-1.48,0.14
0.05,-0.01,1.14,0.09,-1.47,0.11
0.06,-0.01,1.15,0.1,-1.45,0.07
0.06,-0.0,1.14,0.09,-1.43,0.03
0.05,-0.0,1.13,0.08,-1.39,0.01
0.05,0.02,1.12,0.06,-1.36,-0.01
0.04,0.01,1.1,0.03,-1.35,0.02
0.02,0.02,1.08,-0.02,-1.33,0.03
0.02,0.01,1.07,-0.04,-1.36,0.08
0.01,0.02,1.07,-0.06,-1.36,0.12
0.0,0.01,1.07,-0.07,-1.35,0.15
0.0,0.01,1.07,-0.06,-1.36,0.18
0.01,0.01,1.06,-0.05,-1.36,0.18
0.02,0.0,1.06,-0.0,-1.38,0.17
0.03,0.0,1.06,0.04,-1.4,0.15
0.04,0.0,1.07,0.07,-1.43,0.13
0.06,0.01,1.07,0.12,-1.42,0.1
0.07,0.01,1.06,0.16,-1.44,0.07
0.09,0.02,1.04,0.16,-1.44,0.04
0.08,0.02,1.02,0.16,-1.46,0.02
0.09,0.02,1.03,0.16,-1.48,0.02
0.1,0.02,1.01,0.14,-1.49,0.01
0.1,0.03,1.01,0.11,-1.49,0.01
0.09,0.03,1.01,0.08,-1.48,0.01
0.12,0.01,1.02,0.03,-1.5,0.01
0.09,0.01,1.05,-0.0,-1.5,-0.0
0.08,0.03,1.05,-0.04,-1.51,-0.0
0.07,0.03,1.06,-0.07,-1.53,0.01
0.06,0.03,1.06,-0.08,-1.53,0.01
0.05,0.02,1.07,-0.09,-1.54,0.02
0.04,0.02,1.08,-0.09,-1.56,0.02
0.03,0.02,1.1,-0.11,-1.56,0.01
0.02,0.01,1.1,-0.08,-1.57,0.01
0.01,0.01,1.11,-0.08,-1.58,0.0
0.0,0.01,1.11,-0.06,-1.56,-0.0
0.0,0.01,1.1,-0.04,-1.58,-0.0
-0.01,0.01,1.1,-0.03,-1.58,-0.0
-0.02,0.01,1.09,-0.03,-1.59,0.02
-0.02,0.01,1.09,-0.01,-1.58,0.03
-0.02,0.0,1.09,0.0,-1.58,0.04
-0.02,-0.0,1.1,-0.0,-1.58,0.05
-0.03,0.0,1.11,0.0,-1.6,0.06
-0.04,0.0,1.11,0.02,-1.59,0.06
-0.04,0.0,1.11,0.04,-1.58,0.07
-0.03,0.0,1.13,0.05,-1.56,0.08
-0.03,-0.0,1.14,0.07,-1.54,0.06
-0.03,0.01,1.14,0.08,-1.52,0.06
-0.04,0.02,1.13,0.08,-1.52,0.06
-0.04,0.03,1.12,0.1,-1.52,0.08
-0.04,0.03,1.12,0.1,-1.52,0.11
-0.04,0.03,1.13,0.11,-1.52,0.11
-0.05,0.04,1.15,0.12,-1.53,0.11
-0.06,0.05,1.17,0.16,-1.53,0.11
-0.06,0.06,1.18,0.19,-1.55,0.09
-0.06,0.06,1.17,0.25,-1.53,0.05
-0.05,0.07,1.17,0.29,-1.54,0.04
-0.04,0.06,1.17,0.31,-1.53,0.02
-0.03,0.06,1.17,0.32,-1.54,-0.0
-0.03,0.06,1.18,0.31,-1.54,-0.04
-0.04,0.07,1.19,0.31,-1.54,-0.06
-0.06,0.08,1.19,0.29,-1.47,-0.08
-0.03,0.07,1.17,0.26,-1.43,-0.09
-0.02,0.06,1.15,0.2,-1.37,-0.1
-0.04,0.06,1.13,0.12,-1.33,-0.07
-0.05,0.06,1.11,0.03,-1.31,-0.04
-0.09,0.05,1.09,-0.04,-1.3,-0.0
-0.11,0.05,1.08,-0.09,-1.28,0.05
-0.13,0.04,1.09,-0.11,-1.25,0.1
-0.14,0.03,1.07,-0.11,-1.22,0.14
-0.14,0.02,1.08,-0.1,-1.22,0.17
-0.15,0.01,1.09,-0.07,-1.19,0.2
-0.15,0.02,1.1,-0.03,-1.17,0.21
-0.14,0.01,1.09,0.0,-1.15,0.24
-0.13,0.02,1.09,0.05,-1.15,0.27
-0.12,0.02,1.1,0.09,-1.14,0.27
-0.12,0.02,1.11,0.14,-1.15,0.27
-0.11,0.03,1.12,0.19,-1.17,0.27
-0.11,0.04,1.15,0.22,-1.19,0.26
-0.1,0.05,1.16,0.28,-1.2,0.22
-0.11,0.06,1.17,0.32,-1.19,0.19
-0.1,0.07,1.18,0.36,-1.2,0.15
-0.11,0.09,1.18,0.39,-1.2,0.13
-0.11,0.09,1.18,0.41,-1.17,0.1
-0.11,0.11,1.18,0.4,-1.15,0.07
-0.11,0.11,1.19,0.37,-1.08,0.06
-0.11,0.11,1.19,0.34,-1.02,0.04
-0.11,0.11,1.18,0.28,-0.94,0.03
-0.12,0.11,1.17,0.21,-0.85,0.04
-0.1,0.11,1.13,0.13,-0.81,0.06
-0.1,0.1,1.1,0.03,-0.79,0.09
-0.12,0.1,1.09,-0.05,-0.76,0.12
-0.14,0.1,1.1,-0.11,-0.77,0.16
-0.17,0.1,1.12,-0.15,-0.76,0.17
-0.2,0.09,1.14,-0.14,-0.76,0.19
-0.22,0.09,1.16,-0.11,-0.73,0.16
-0.23,0.09,1.17,-0.07,-0.71,0.14
-0.24,0.08,1.19,-0.04,-0.67,0.08
-0.26,0.09,1.2,0.02,-0.64,0.06
-0.27,0.09,1.19,0.08,-0.58,0.0
-0.25,0.08,1.18,0.13,-0.51,-0.02
-0.23,0.06,1.15,0.15,-0.43,-0.04
-0.21,0.04,1.1,0.15,-0.36,-0.04
-0.2,0.04,1.04,0.13,-0.31,0.0
-0.19,0.04,1.01,0.11,-0.26,0.05
-0.18,0.03,0.98,0.1,-0.23,0.12
-0.17,0.04,0.99,0.08,-0.21,0.18
-0.16,0.02,1.01,0.07,-0.21,0.23
-0.17,0.04,1.03,0.07,-0.22,0.27
-0.18,0.05,1.05,0.08,-0.2,0.29
-0.17,0.07,1.06,0.13,-0.21,0.3
-0.15,0.08,1.1,0.17,-0.22,0.29
-0.13,0.08,1.12,0.22,-0.22,0.25
-0.13,0.1,1.14,0.26,-0.24,0.2
-0.12,0.11,1.12,0.32,-0.27,0.14
-0.11,0.12,1.1,0.37,-0.27,0.09
-0.09,0.11,1.08,0.41,-0.27,0.05
-0.07,0.11,1.06,0.41,-0.29,0.01
-0.04,0.09,1.03,0.39,-0.28,-0.02
-0.03,0.1,1.01,0.35,-0.28,-0.04
-0.03,0.1,0.99,0.28,-0.29,-0.04
-0.03,0.1,0.99,0.2,-0.29,-0.01
-0.04,0.11,0.99,0.15,-0.28,0.02
-0.04,0.11,1.0,0.06,-0.25,0.05
-0.05,0.11,1.01,-0.03,-0.2,0.08
-0.07,0.12,1.01,-0.12,-0.17,0.11
-0.11,0.12,1.03,-0.19,-0.17,0.15
-0.15,0.13,1.05,-0.24,-0.13,0.18
-0.18,0.13,1.08,-0.27,-0.1,0.19
-0.2,0.13,1.1,-0.27,-0.08,0.2
-0.23,0.15,1.14,-0.26,-0.07,0.21
-0.25,0.16,1.16,-0.22,-0.04,0.17
-0.27,0.16,1.18,-0.19,-0.01,0.14
-0.28,0.16,1.18,-0.13,0.04,0.1
-0.28,0.15,1.17,-0.07,0.08,0.05
-0.27,0.14,1.15,-0.02,0.13,0.01
-0.26,0.14,1.13,0.01,0.17,0.0
-0.26,0.14,1.13,0.03,0.2,-0.01
-0.24,0.14,1.11,0.05,0.23,-0.01
-0.23,0.13,1.11,0.08,0.27,-0.01
-0.22,0.13,1.1,0.09,0.29,0.01
-0.21,0.14,1.1,0.1,0.33,0.02
-0.21,0.14,1.12,0.11,0.34,0.04
-0.2,0.14,1.13,0.13,0.38,0.03
-0.2,0.14,1.14,0.15,0.4,0.03
-0.19,0.15,1.14,0.15,0.43,0.03
-0.17,0.14,1.15,0.14,0.49,0.01
-0.16,0.15,1.15,0.14,0.51,-0.02
-0.14,0.16,1.14,0.12,0.54,-0.04
-0.14,0.16,1.13,0.09,0.57,-0.05
-0.14,0.17,1.13,0.05,0.59,-0.06
-0.13,0.17,1.14,0.02,0.62,-0.07
-0.13,0.17,1.15,-0.01,0.65,-0.09
-0.14,0.17,1.17,-0.05,0.68,-0.1
-0.13,0.17,1.17,-0.1,0.72,-0.13
-0.15,0.17,1.17,-0.13,0.76,-0.15
-0.16,0.16,1.17,-0.17,0.81,-0.16
-0.18,0.15,1.16,-0.2,0.84,-0.17
-0.19,0.16,1.16,-0.23,0.87,-0.17
-0.2,0.15,1.16,-0.24,0.89,-0.17
-0.21,0.15,1.19,-0.27,0.93,-0.17
-0.21,0.14,1.2,-0.28,0.97,-0.17
-0.22,0.15,1.2,-0.29,1.02,-0.19
-0.22,0.15,1.2,-0.31,1.05,-0.2
-0.23,0.14,1.22,-0.32,1.09,-0.21
-0.24,0.14,1.23,-0.31,1.13,-0.22
-0.24,0.13,1.23,-0.29,1.17,-0.23
-0.24,0.12,1.23,-0.28,1.23,-0.23
-0.22,0.11,1.24,-0.27,1.29,-0.24
-0.23,0.1,1.25,-0.25,1.34,-0.24
-0.22,0.1,1.24,-0.23,1.38,-0.24
-0.22,0.1,1.24,-0.19,1.41,-0.24
-0.21,0.09,1.25,-0.16,1.44,-0.23
-0.21,0.09,1.26,-0.13,1.48,-0.24
-0.19,0.08,1.26,-0.12,1.52,-0.23
-0.18,0.08,1.27,-0.1,1.55,-0.23
-0.16,0.08,1.29,-0.09,1.61,-0.25
-0.14,0.07,1.29,-0.08,1.66,-0.25
-0.11,0.07,1.28,-0.09,1.71,-0.26
-0.09,0.06,1.26,-0.11,1.76,-0.27
-0.08,0.07,1.24,-0.13,1.8,-0.27
-0.06,0.06,1.23,-0.16,1.82,-0.26
-0.05,0.06,1.23,-0.2,1.85,-0.25
-0.06,0.06,1.23,-0.22,1.85,-0.24
-0.05,0.06,1.23,-0.24,1.87,-0.25
-0.04,0.05,1.23,-0.25,1.88,-0.25
-0.04,0.04,1.24,-0.25,1.9,-0.27
-0.03,0.04,1.24,-0.25,1.91,-0.28
-0.03,0.04,1.24,-0.27,1.95,-0.3
-0.02,0.03,1.24,-0.26,1.96,-0.31
-0.02,0.03,1.23,-0.26,1.97,-0.33
-0.02,0.03,1.22,-0.25,1.99,-0.32
-0.01,0.02,1.21,-0.24,2.01,-0.31
0.0,0.02,1.2,-0.25,2.03,-0.3
0.01,0.01,1.19,-0.26,2.03,-0.3
0.03,0.01,1.21,-0.26,2.05,-0.3
0.03,0.01,1.21,-0.28,2.08,-0.3
0.04,0.0,1.21,-0.29,2.09,-0.29
0.04,0.0,1.21,-0.3,2.12,-0.29
0.03,0.01,1.22,-0.3,2.12,-0.28
0.04,0.0,1.21,-0.29,2.15,-0.28
0.04,-0.01,1.2,-0.29,2.16,-0.25
0.06,-0.01,1.2,-0.27,2.17,-0.25
0.06,-0.03,1.21,-0.27,2.17,-0.25
0.07,-0.03,1.23,-0.23,2.16,-0.26
0.07,-0.02,1.21,-0.21,2.17,-0.27
0.08,-0.02,1.18,-0.18,2.2,-0.27
0.09,-0.02,1.18,-0.17,2.19,-0.29
0.1,-0.02,1.17,-0.16,2.18,-0.29
0.11,-0.04,1.15,-0.17,2.18,-0.3
0.11,-0.04,1.15,-0.18,2.18,-0.31
0.1,-0.04,1.16,-0.19,2.19,-0.31
0.11,-0.05,1.15,-0.19,2.2,-0.3
0.11,-0.05,1.14,-0.2,2.21,-0.28
0.13,-0.06,1.15,-0.18,2.23,-0.26
0.13,-0.06,1.16,-0.18,2.22,-0.24
0.14,-0.06,1.15,-0.16,2.23,-0.24
0.14,-0.06,1.15,-0.15,2.24,-0.25
0.15,-0.06,1.14,-0.17,2.28,-0.26
0.16,-0.06,1.13,-0.18,2.28,-0.25
0.18,-0.06,1.12,-0.19,2.3,-0.26
0.17,-0.06,1.11,-0.23,2.32,-0.24
0.17,-0.06,1.09,-0.24,2.33,-0.22
0.16,-0.05,1.07,-0.28,2.34,-0.19
0.16,-0.06,1.06,-0.29,2.34,-0.15
0.17,-0.06,1.05,-0.29,2.32,-0.11
0.17,-0.06,1.04,-0.3,2.32,-0.09
0.17,-0.06,1.05,-0.31,2.3,-0.07
0.18,-0.06,1.06,-0.3,2.27,-0.07
0.17,-0.06,1.08,-0.27,2.23,-0.07
0.18,-0.07,1.08,-0.23,2.2,-0.08
0.19,-0.07,1.08,-0.19,2.17,-0.08
0.2,-0.08,1.08,-0.16,2.17,-0.12
0.2,-0.07,1.08,-0.15,2.15,-0.14
0.19,-0.07,1.06,-0.13,2.15,-0.16
0.19,-0.07,1.06,-0.13,2.11,-0.17
0.19,-0.07,1.07,-0.13,2.12,-0.17
0.2,-0.07,1.06,-0.12,2.12,-0.17
0.22,-0.07,1.07,-0.13,2.15,-0.16
0.21,-0.06,1.05,-0.14,2.16,-0.14
0.22,-0.06,1.04,-0.16,2.18,-0.13
0.21,-0.05,1.01,-0.19,2.16,-0.11
0.2,-0.05,1.01,-0.22,2.16,-0.09
0.21,-0.06,1.0,-0.24,2.13,-0.08
0.21,-0.07,1.0,-0.25,2.13,-0.09
0.19,-0.07,0.99,-0.26,2.14,-0.08
0.18,-0.07,1.0,-0.24,2.12,-0.06
0.17,-0.06,0.98,-0.22,2.11,-0.06
0.17,-0.06,0.98,-0.19,2.09,-0.04
0.17,-0.07,0.98,-0.15,2.05,-0.04
0.18,-0.08,0.98,-0.12,2.02,-0.04
0.19,-0.08,0.99,-0.06,1.98,-0.06
0.19,-0.09,0.99,-0.02,1.96,-0.08
0.16,-0.08,0.98,0.04,1.95,-0.1
0.16,-0.08,0.97,0.09,1.93,-0.12
0.18,-0.07,0.96,0.12,1.91,-0.11
0.18,-0.07,0.94,0.15,1.91,-0.11
0.19,-0.06,0.92,0.15,1.9,-0.11
0.19,-0.06,0.89,0.14,1.91,-0.11
0.19,-0.04,0.87,0.1,1.9,-0.09
0.19,-0.03,0.88,0.08,1.88,-0.08
0.18,-0.02,0.88,0.06,1.85,-0.05
0.17,-0.05,0.88,0.03,1.82,-0.05
0.17,-0.06,0.89,-0.01,1.8,-0.04
0.16,-0.07,0.9,-0.0,1.79,-0.04
0.15,-0.08,0.91,0.0,1.77,-0.04
0.16,-0.1,0.95,0.02,1.75,-0.04
0.14,-0.1,0.97,0.06,1.72,-0.05
0.11,-0.1,0.99,0.14,1.68,-0.05
0.09,-0.1,1.01,0.23,1.65,-0.04
0.09,-0.11,1.04,0.34,1.61,-0.05
0.09,-0.12,1.06,0.44,1.58,-0.05
0.1,-0.11,1.07,0.55,1.56,-0.07
0.1,-0.11,1.05,0.64,1.57,-0.09
0.1,-0.1,1.03,0.68,1.59,-0.1
0.12,-0.08,1.01,0.71,1.61,-0.11
0.14,-0.06,0.99,0.69,1.67,-0.1
0.16,-0.03,0.94,0.65,1.7,-0.09
0.16,-0.0,0.89,0.55,1.75,-0.07
0.18,0.02,0.86,0.42,1.76,-0.04
0.19,0.04,0.84,0.28,1.75,-0.03
0.2,0.05,0.85,0.12,1.71,-0.01
0.19,0.04,0.86,-0.0,1.69,-0.01
0.19,0.04,0.86,-0.13,1.68,-0.02
0.18,0.03,0.87,-0.22,1.66,-0.03
0.17,0.02,0.88,-0.3,1.66,-0.05
0.15,0.01,0.9,-0.35,1.63,-0.06
0.13,-0.0,0.94,-0.35,1.59,-0.06
0.14,-0.01,0.96,-0.32,1.54,-0.07
0.15,-0.04,0.98,-0.29,1.53,-0.1
0.14,-0.05,0.99,-0.23,1.52,-0.14
0.13,-0.05,0.99,-0.17,1.52,-0.18
0.1,-0.04,0.99,-0.11,1.53,-0.19
0.07,-0.04,0.98,-0.08,1.53,-0.19
0.06,-0.03,0.98,-0.03,1.51,-0.17
0.07,-0.04,0.99,0.0,1.49,-0.13
0.09,-0.05,1.0,0.04,1.49,-0.12
0.1,-0.06,1.02,0.09,1.49,-0.09
0.09,-0.05,1.01,0.14,1.5,-0.09
0.12,-0.03,1.02,0.18,1.52,-0.08
0.13,-0.01,0.98,0.2,1.53,-0.09
0.16,0.01,0.96,0.19,1.55,-0.1
0.16,0.01,0.94,0.15,1.56,-0.11
0.16,0.03,0.93,0.09,1.55,-0.12
0.15,0.04,0.94,0.02,1.55,-0.12
0.13,0.04,0.93,-0.03,1.55,-0.12
0.1,0.05,0.92,-0.08,1.55,-0.11
0.08,0.04,0.92,-0.11,1.54,-0.1
0.07,0.05,0.93,-0.14,1.52,-0.08
0.09,0.04,0.93,-0.15,1.51,-0.06
0.1,0.02,0.94,-0.13,1.48,-0.06
0.11,0.01,0.96,-0.11,1.46,-0.08
0.13,0.0,0.97,-0.09,1.44,-0.11
0.13,-0.01,0.98,-0.08,1.45,-0.14
0.12,-0.02,0.95,-0.1,1.48,-0.17
0.08,-0.01,0.96,-0.09,1.47,-0.17
0.05,-0.0,0.96,-0.08,1.48,-0.13
0.04,0.0,0.96,-0.09,1.48,-0.08
0.04,0.0,0.95,-0.07,1.49,-0.02
0.05,0.01,0.94,-0.05,1.48,0.03
0.06,0.01,0.93,-0.03,1.49,0.03
0.07,0.01,0.92,-0.02,1.48,0.03
0.08,0.02,0.92,-0.02,1.46,0.03
0.09,0.02,0.92,-0.02,1.43,0.02
0.1,0.02,0.92,-0.03,1.44,0.0
0.12,0.03,0.92,-0.04,1.44,-0.02
0.12,0.03,0.91,-0.08,1.45,-0.03
0.11,0.02,0.91,-0.12,1.45,-0.03
0.12,0.02,0.92,-0.15,1.44,-0.04
0.11,0.03,0.92,-0.17,1.44,-0.03
0.09,0.02,0.93,-0.18,1.45,-0.03
0.08,0.02,0.92,-0.17,1.43,-0.03
0.07,0.02,0.92,-0.15,1.4,-0.01
0.06,0.01,0.91,-0.13,1.4,-0.02
0.05,0.01,0.91,-0.09,1.38,-0.02
0.04,0.02,0.9,-0.05,1.37,-0.03
0.04,0.02,0.9,-0.01,1.35,-0.02
0.05,0.02,0.88,0.02,1.33,-0.02
0.06,0.01,0.88,0.05,1.31,-0.02
0.07,0.02,0.89,0.08,1.27,-0.02
0.08,0.03,0.9,0.13,1.25,-0.01
0.08,0.02,0.9,0.15,1.25,-0.02
0.07,0.04,0.88,0.15,1.23,-0.02
0.08,0.04,0.88,0.13,1.22,-0.02
0.09,0.04,0.88,0.11,1.2,-0.02
0.11,0.04,0.9,0.09,1.2,-0.02
0.12,0.03,0.9,0.07,1.2,-0.01
0.1,0.04,0.91,0.05,1.2,-0.02
0.09,0.03,0.9,0.03,1.19,-0.02
0.08,0.03,0.9,-0.01,1.2,-0.03
0.08,0.02,0.91,-0.02,1.19,-0.03
0.08,0.01,0.92,-0.04,1.19,-0.04
0.07,0.01,0.93,-0.03,1.17,-0.03
0.06,0.01,0.92,-0.03,1.17,-0.02
0.06,0.01,0.92,-0.01,1.16,-0.01
0.06,0.02,0.93,0.02,1.14,0.01
0.06,0.02,0.92,0.02,1.14,0.01
0.05,0.01,0.9,0.02,1.14,0.01
0.03,0.0,0.89,0.04,1.14,0.01
0.0,0.02,0.88,0.04,1.16,0.03
-0.02,0.04,0.89,0.07,1.13,0.05
-0.02,0.04,0.88,0.08,1.11,0.08
-0.01,0.04,0.88,0.08,1.07,0.1
0.01,0.03,0.89,0.1,1.03,0.12
0.04,0.01,0.89,0.1,1.01,0.12
0.06,-0.01,0.88,0.1,1.02,0.09
0.06,0.01,0.88,0.09,1.03,0.08
0.08,0.02,0.89,0.07,1.05,0.06
0.08,0.04,0.9,0.03,1.04,0.05
0.08,0.06,0.89,-0.03,1.06,0.04
0.06,0.07,0.88,-0.13,1.09,0.04
0.05,0.08,0.88,-0.25,1.11,0.05
0.04,0.08,0.9,-0.38,1.09,0.08
0.03,0.05,0.92,-0.46,1.07,0.09
0.02,0.0,0.95,-0.52,1.04,0.11
0.02,-0.04,0.99,-0.52,1.03,0.15
0.02,-0.07,1.04,-0.45,1.0,0.19
0.03,-0.12,1.04,-0.36,1.01,0.21
0.02,-0.16,1.05,-0.23,0.99,0.23
0.01,-0.17,1.05,-0.08,1.0,0.24
0.0,-0.17,1.06,0.1,1.01,0.27
0.0,-0.15,1.04,0.3,1.02,0.29
0.02,-0.13,1.01,0.48,1.02,0.3
0.04,-0.07,0.96,0.65,1.03,0.3
0.04,-0.01,0.93,0.76,1.03,0.3
0.03,0.05,0.87,0.83,1.04,0.27
0.03,0.11,0.82,0.83,1.04,0.26
0.02,0.18,0.8,0.78,1.04,0.24
0.02,0.23,0.77,0.7,1.02,0.24
0.0,0.27,0.76,0.59,1.0,0.21
-0.0,0.3,0.75,0.46,0.95,0.2
-0.0,0.33,0.74,0.29,0.92,0.19
0.01,0.34,0.74,0.13,0.89,0.17
0.03,0.34,0.74,-0.04,0.87,0.13
0.04,0.3,0.76,-0.2,0.84,0.09
0.05,0.27,0.79,-0.36,0.81,0.05
0.07,0.23,0.82,-0.46,0.78,0.03
0.06,0.18,0.86,-0.53,0.77,0.0
0.05,0.14,0.88,-0.55,0.75,-0.01
0.03,0.09,0.91,-0.55,0.74,-0.02
0.03,0.05,0.95,-0.52,0.71,-0.02
0.02,0.02,0.97,-0.44,0.68,-0.01
0.02,-0.01,0.98,-0.34,0.66,0.01
0.02,-0.03,0.99,-0.23,0.65,0.02
0.02,-0.04,1.0,-0.12,0.62,0.04
0.03,-0.05,1.0,0.01,0.6,0.04
0.04,-0.05,0.99,0.1,0.58,0.04
0.05,-0.05,0.98,0.21,0.57,0.02
0.05,-0.04,0.97,0.28,0.57,0.01
0.03,-0.0,0.96,0.34,0.58,0.01
0.03,0.04,0.93,0.36,0.6,0.01
0.02,0.07,0.92,0.33,0.62,0.01
0.03,0.1,0.89,0.28,0.6,0.03
0.02,0.12,0.87,0.22,0.62,0.03
0.0,0.14,0.86,0.14,0.62,0.04
-0.01,0.14,0.85,0.03,0.63,0.03
-0.03,0.14,0.84,-0.06,0.59,0.04
-0.05,0.13,0.84,-0.14,0.61,0.02
-0.07,0.11,0.84,-0.2,0.59,0.02
-0.08,0.09,0.85,-0.24,0.56,0.03
-0.07,0.05,0.87,-0.25,0.52,0.04
-0.08,0.03,0.88,-0.23,0.51,0.05
-0.07,0.01,0.89,-0.17,0.49,0.07
-0.06,0.01,0.89,-0.12,0.48,0.09
-0.04,0.01,0.91,-0.03,0.45,0.12
-0.03,0.01,0.89,0.03,0.43,0.13
-0.02,0.01,0.88,0.1,0.42,0.15
-0.01,0.03,0.88,0.17,0.39,0.14
-0.01,0.05,0.88,0.22,0.38,0.15
-0.02,0.09,0.86,0.26,0.37,0.14
-0.03,0.1,0.85,0.28,0.36,0.14
-0.03,0.13,0.84,0.26,0.35,0.13
-0.04,0.16,0.83,0.23,0.33,0.14
-0.06,0.18,0.83,0.18,0.31,0.15
-0.05,0.19,0.82,0.13,0.29,0.16
-0.04,0.18,0.83,0.06,0.25,0.17
-0.03,0.17,0.83,0.03,0.2,0.15
-0.0,0.15,0.83,-0.03,0.2,0.15
0.0,0.17,0.83,-0.06,0.17,0.13
0.01,0.16,0.84,-0.07,0.14,0.09
0.02,0.14,0.84,-0.09,0.09,0.06
0.03,0.11,0.85,-0.07,0.06,0.01
0.01,0.11,0.88,-0.06,0.04,-0.02
0.01,0.1,0.9,-0.05,0.02,-0.02
0.02,0.09,0.91,-0.03,-0.02,-0.03
0.03,0.07,0.91,-0.01,-0.04,-0.05
0.03,0.06,0.91,0.02,-0.04,-0.04
0.03,0.06,0.93,0.03,-0.05,-0.04
0.02,0.07,0.94,0.03,-0.06,-0.02
0.03,0.07,0.94,0.03,-0.05,0.0
0.03,0.06,0.93,0.03,-0.05,0.01
0.03,0.08,0.91,-0.0,-0.04,0.02
0.02,0.08,0.92,-0.02,-0.04,0.03
0.03,0.08,0.92,-0.05,-0.04,0.03
0.04,0.09,0.92,-0.1,-0.04,0.03
0.05,0.08,0.92,-0.12,-0.04,0.02
0.06,0.08,0.91,-0.16,-0.06,0.02
0.07,0.06,0.91,-0.18,-0.06,-0.02
0.06,0.05,0.92,-0.19,-0.06,-0.04
0.04,0.04,0.93,-0.2,-0.07,-0.06
0.03,0.03,0.95,-0.19,-0.09,-0.09
0.02,0.01,0.96,-0.17,-0.1,-0.11
0.02,-0.0,0.97,-0.14,-0.12,-0.1
0.02,-0.01,0.97,-0.1,-0.13,-0.11
0.03,-0.02,0.98,-0.06,-0.14,-0.1
0.02,-0.02,0.97,-0.01,-0.15,-0.1
0.01,-0.02,0.97,0.02,-0.14,-0.08
0.02,0.0,0.96,0.05,-0.16,-0.07
0.02,0.01,0.96,0.06,-0.14,-0.05
0.01,0.02,0.94,0.07,-0.13,-0.04
0.0,0.04,0.94,0.06,-0.11,-0.02
0.02,0.06,0.94,0.04,-0.12,0.01
0.04,0.07,0.94,0.01,-0.14,0.01
0.05,0.06,0.93,-0.03,-0.14,0.01
0.04,0.06,0.92,-0.07,-0.13,0.0
0.03,0.06,0.93,-0.11,-0.11,-0.01
0.01,0.07,0.95,-0.13,-0.12,-0.01
0.01,0.07,0.95,-0.16,-0.12,-0.0
0.01,0.06,0.95,-0.18,-0.14,-0.01
0.02,0.05,0.94,-0.2,-0.16,-0.02
0.03,0.03,0.94,-0.21,-0.18,-0.03
0.02,0.01,0.95,-0.18,-0.18,-0.04
0.02,-0.0,0.95,-0.14,-0.18,-0.05
0.0,-0.01,0.97,-0.1,-0.2,-0.04
-0.02,-0.01,0.97,-0.06,-0.2,-0.03
-0.02,0.01,0.97,0.0,-0.2,-0.01
-0.03,0.02,0.94,0.03,-0.21,0.01
-0.03,0.03,0.92,0.06,-0.23,0.03
-0.03,0.06,0.91,0.1,-0.23,0.04
-0.04,0.09,0.88,0.12,-0.25,0.05
-0.03,0.11,0.86,0.12,-0.26,0.06
-0.03,0.12,0.84,0.11,-0.27,0.06
-0.04,0.14,0.82,0.09,-0.27,0.03
-0.05,0.14,0.82,0.05,-0.32,0.03
-0.06,0.16,0.81,0.02,-0.34,0.03
-0.08,0.15,0.81,-0.0,-0.37,0.04
-0.08,0.16,0.81,-0.02,-0.4,0.04
-0.1,0.16,0.79,-0.04,-0.42,0.04
-0.1,0.17,0.79,-0.05,-0.47,0.04
-0.09,0.15,0.79,-0.06,-0.54,0.04
-0.08,0.14,0.8,-0.05,-0.6,0.03
-0.06,0.12,0.8,0.0,-0.66,0.02
-0.06,0.12,0.79,0.03,-0.7,-0.0
-0.06,0.1,0.78,0.08,-0.75,-0.02
-0.06,0.1,0.78,0.12,-0.81,-0.03
-0.07,0.1,0.78,0.18,-0.86,-0.03
-0.06,0.11,0.78,0.24,-0.92,-0.03
-0.07,0.11,0.76,0.28,-0.96,-0.03
-0.1,0.13,0.74,0.33,-0.99,-0.03
-0.12,0.15,0.76,0.34,-1.05,-0.02
-0.1,0.18,0.76,0.34,-1.12,-0.01
-0.06,0.19,0.74,0.32,-1.18,-0.0
-0.02,0.17,0.72,0.27,-1.22,-0.02
-0.0,0.15,0.69,0.2,-1.24,-0.04
-0.0,0.14,0.7,0.11,-1.21,-0.07
-0.01,0.14,0.72,0.04,-1.17,-0.06
-0.05,0.15,0.74,-0.01,-1.17,-0.04
-0.07,0.15,0.73,-0.08,-1.17,-0.0
-0.08,0.14,0.71,-0.12,-1.18,0.04
-0.08,0.13,0.7,-0.16,-1.22,0.08
-0.07,0.11,0.72,-0.17,-1.27,0.12
-0.06,0.11,0.75,-0.14,-1.37,0.15
-0.01,0.09,0.74,-0.08,-1.43,0.13
0.02,0.08,0.71,-0.01,-1.49,0.09
0.03,0.07,0.68,0.05,-1.52,0.03
0.01,0.06,0.66,0.1,-1.56,-0.04
-0.02,0.07,0.66,0.15,-1.58,-0.08
-0.06,0.08,0.66,0.2,-1.61,-0.09
-0.08,0.1,0.66,0.26,-1.67,-0.08
-0.1,0.12,0.66,0.31,-1.76,-0.02
-0.09,0.14,0.65,0.35,-1.82,0.02
-0.05,0.14,0.63,0.34,-1.9,0.05
-0.01,0.14,0.65,0.32,-1.97,0.06
0.04,0.16,0.65,0.28,-2.03,0.06
0.08,0.15,0.66,0.19,-2.05,0.04
0.11,0.14,0.67,0.08,-2.04,0.03
0.12,0.12,0.66,-0.04,-2.05,0.04
0.13,0.1,0.7,-0.18,-2.04,0.05
0.16,0.07,0.76,-0.28,-2.07,0.08
0.19,0.05,0.81,-0.34,-2.09,0.13
0.22,0.02,0.83,-0.37,-2.12,0.15
0.23,-0.02,0.84,-0.38,-2.11,0.13
0.23,-0.04,0.83,-0.38,-2.09,0.1
0.18,-0.06,0.83,-0.37,-2.06,0.04
0.13,-0.04,0.85,-0.34,-2.05,0.01
0.1,-0.03,0.87,-0.28,-2.08,0.01
0.09,-0.04,0.87,-0.23,-2.11,0.01
0.1,-0.06,0.86,-0.18,-2.14,0.04
0.1,-0.08,0.84,-0.13,-2.14,0.04
0.07,-0.08,0.82,-0.07,-2.13,0.07
0.04,-0.06,0.82,-0.0,-2.11,0.1
0.01,-0.03,0.81,0.06,-2.12,0.17
0.01,0.01,0.79,0.09,-2.14,0.26
0.03,0.02,0.76,0.08,-2.17,0.33
0.06,0.03,0.73,0.05,-2.18,0.37
0.12,0.05,0.72,-0.01,-2.19,0.4
0.2,0.05,0.73,-0.06,-2.24,0.39
0.28,0.06,0.76,-0.12,-2.29,0.37
0.35,0.02,0.82,-0.16,-2.38,0.3
0.38,-0.01,0.87,-0.19,-2.44,0.21
0.37,-0.05,0.91,-0.17,-2.48,0.09
0.32,-0.08,0.93,-0.15,-2.48,-0.01
0.25,-0.08,0.96,-0.13,-2.48,-0.1
0.19,-0.08,0.99,-0.09,-2.5,-0.14
0.17,-0.08,1.03,-0.08,-2.53,-0.14
0.17,-0.12,1.05,-0.09,-2.55,-0.11
0.16,-0.14,1.08,-0.08,-2.51,-0.07
0.14,-0.15,1.1,-0.07,-2.47,-0.02
0.13,-0.17,1.13,-0.06,-2.39,0.06
0.13,-0.18,1.11,-0.03,-2.29,0.16
0.1,-0.14,1.06,-0.04,-2.18,0.24
0.12,-0.15,1.06,-0.06,-2.15,0.32
0.14,-0.12,1.07,-0.08,-2.11,0.38
0.19,-0.1,1.08,-0.05,-2.1,0.43
0.23,-0.1,1.05,-0.04,-2.06,0.45
0.24,-0.08,1.01,-0.02,-2.03,0.42
0.24,-0.05,1.0,-0.02,-2.05,0.38
0.24,-0.02,0.97,-0.04,-2.07,0.3
0.23,-0.02,0.95,-0.1,-2.11,0.23
0.23,-0.03,0.95,-0.15,-2.12,0.14
0.21,-0.03,0.98,-0.22,-2.12,0.07
0.18,-0.02,1.0,-0.27,-2.14,0.05
0.17,-0.03,1.05,-0.31,-2.15,0.05
0.16,-0.05,1.1,-0.36,-2.16,0.08
0.18,-0.07,1.13,-0.38,-2.15,0.1
0.19,-0.09,1.15,-0.4,-2.12,0.1
0.19,-0.11,1.16,-0.44,-2.05,0.09
0.17,-0.11,1.16,-0.47,-2.01,0.11
0.13,-0.1,1.19,-0.49,-1.95,0.12
0.12,-0.1,1.18,-0.47,-1.93,0.16
0.1,-0.1,1.18,-0.45,-1.9,0.19
0.08,-0.11,1.16,-0.42,-1.89,0.22
0.07,-0.13,1.15,-0.39,-1.88,0.23
0.06,-0.15,1.14,-0.31,-1.88,0.24
0.05,-0.14,1.13,-0.21,-1.85,0.23
0.04,-0.14,1.12,-0.1,-1.85,0.23
0.04,-0.13,1.1,0.02,-1.88,0.22
0.03,-0.11,1.08,0.13,-1.89,0.21
0.04,-0.1,1.05,0.24,-1.89,0.2
0.04,-0.07,1.0,0.32,-1.87,0.21
0.04,-0.04,0.97,0.37,-1.88,0.22
0.05,-0.01,0.93,0.37,-1.92,0.26
0.09,0.01,0.94,0.35,-1.93,0.28
0.13,0.01,0.99,0.3,-1.96,0.3
0.18,0.02,1.0,0.24,-1.99,0.3
0.24,-0.01,1.05,0.16,-2.03,0.27
0.26,-0.02,1.1,0.07,-2.01,0.22
0.24,-0.03,1.13,0.01,-1.98,0.17
0.21,-0.03,1.15,-0.05,-1.94,0.14
0.18,-0.02,1.15,-0.11,-1.92,0.13
0.14,-0.02,1.16,-0.17,-1.89,0.13
0.11,-0.03,1.15,-0.2,-1.87,0.15
0.08,-0.04,1.14,-0.24,-1.85,0.18
0.06,-0.05,1.11,-0.25,-1.82,0.22
0.05,-0.05,1.09,-0.25,-1.78,0.26
0.04,-0.05,1.07,-0.23,-1.74,0.31
0.03,-0.04,1.05,-0.2,-1.75,0.36
0.03,-0.05,1.03,-0.16,-1.73,0.4
0.03,-0.05,1.01,-0.11,-1.73,0.43
0.03,-0.05,1.0,-0.06,-1.75,0.46
0.06,-0.05,0.98,-0.01,-1.77,0.48
0.09,-0.05,1.01,0.08,-1.83,0.48
0.11,-0.05,1.05,0.15,-1.87,0.46
0.14,-0.04,1.07,0.21,-1.91,0.43
0.16,-0.04,1.09,0.3,-1.94,0.38
0.17,-0.02,1.1,0.34,-1.99,0.31
0.15,-0.01,1.1,0.35,-2.02,0.25
0.15,-0.0,1.12,0.33,-2.03,0.2
0.14,-0.01,1.12,0.31,-1.99,0.16
0.16,-0.01,1.13,0.25,-1.97,0.15
0.12,0.0,1.14,0.18,-1.93,0.16
0.11,0.02,1.13,0.11,-1.87,0.2
0.1,0.03,1.11,0.05,-1.85,0.27
0.09,0.03,1.1,-0.02,-1.83,0.35
0.06,0.02,1.1,-0.06,-1.81,0.42
0.08,0.01,1.06,-0.09,-1.79,0.48
0.08,-0.01,1.06,-0.1,-1.8,0.53
0.09,-0.02,1.06,-0.11,-1.79,0.54
0.09,-0.03,1.06,-0.09,-1.8,0.52
0.1,-0.04,1.08,-0.04,-1.81,0.5
0.1,-0.06,1.12,0.02,-1.84,0.46
0.09,-0.06,1.14,0.13,-1.87,0.41
0.08,-0.04,1.15,0.26,-1.9,0.35
0.09,-0.05,1.13,0.36,-1.91,0.3
0.08,-0.04,1.13,0.46,-1.93,0.25
0.07,-0.03,1.12,0.53,-1.96,0.23
0.07,-0.03,1.12,0.59,-1.97,0.21
0.08,-0.01,1.1,0.63,-1.95,0.23
0.08,0.0,1.08,0.62,-1.94,0.26
0.09,0.02,1.07,0.6,-1.92,0.32
0.09,0.04,1.05,0.55,-1.91,0.37
0.1,0.04,1.04,0.47,-1.91,0.43
0.11,0.04,1.05,0.38,-1.92,0.48
0.12,0.04,1.07,0.29,-1.93,0.52
0.12,0.04,1.11,0.22,-1.94,0.53
0.11,0.04,1.13,0.15,-1.93,0.53
0.1,0.03,1.16,0.11,-1.93,0.51
0.11,0.03,1.17,0.08,-1.91,0.47
0.09,0.03,1.19,0.06,-1.92,0.44
0.08,0.03,1.2,0.04,-1.91,0.4
0.08,0.04,1.2,0.03,-1.9,0.37
0.07,0.04,1.22,0.04,-1.89,0.35
0.08,0.04,1.21,0.04,-1.85,0.32
0.09,0.04,1.22,0.01,-1.84,0.28
0.07,0.04,1.22,-0.01,-1.84,0.25
0.05,0.04,1.21,-0.04,-1.84,0.24
0.03,0.05,1.21,-0.04,-1.83,0.23
0.01,0.04,1.2,-0.06,-1.8,0.22
-0.0,0.03,1.18,-0.08,-1.78,0.21
-0.02,0.03,1.17,-0.08,-1.77,0.22
-0.04,0.03,1.18,-0.08,-1.78,0.23
-0.05,0.01,1.17,-0.07,-1.77,0.23
-0.07,0.0,1.16,-0.04,-1.76,0.23
-0.08,0.0,1.17,-0.02,-1.75,0.24
-0.08,0.01,1.18,0.02,-1.75,0.23
-0.07,-0.0,1.17,0.07,-1.72,0.23
-0.07,0.0,1.15,0.08,-1.71,0.23
-0.05,0.0,1.15,0.11,-1.68,0.22
-0.04,0.01,1.15,0.11,-1.68,0.22
-0.04,0.02,1.15,0.12,-1.67,0.22
-0.03,0.02,1.14,0.1,-1.65,0.23
-0.02,0.04,1.14,0.11,-1.62,0.22
-0.01,0.04,1.12,0.09,-1.61,0.24
-0.01,0.05,1.12,0.06,-1.6,0.24
-0.0,0.06,1.11,0.03,-1.6,0.25
-0.0,0.06,1.11,-0.02,-1.59,0.25
-0.0,0.06,1.11,-0.06,-1.58,0.26
-0.01,0.06,1.1,-0.08,-1.57,0.27
-0.01,0.06,1.11,-0.1,-1.58,0.27
-0.01,0.07,1.12,-0.12,-1.57,0.27
-0.03,0.07,1.14,-0.14,-1.59,0.28
-0.03,0.07,1.16,-0.14,-1.59,0.27
-0.04,0.07,1.19,-0.14,-1.6,0.26
-0.06,0.07,1.22,-0.11,-1.62,0.23
-0.08,0.07,1.24,-0.09,-1.61,0.22
-0.09,0.07,1.24,-0.07,-1.57,0.17
-0.1,0.07,1.24,-0.05,-1.57,0.14
-0.12,0.08,1.23,-0.03,-1.52,0.12
-0.16,0.08,1.22,-0.03,-1.49,0.11
-0.15,0.08,1.2,0.01,-1.46,0.1
-0.17,0.07,1.2,-0.01,-1.44,0.11
-0.2,0.08,1.2,0.0,-1.41,0.12
-0.23,0.08,1.2,-0.0,-1.38,0.16
-0.24,0.08,1.19,0.02,-1.34,0.17
-0.26,0.07,1.19,0.04,-1.3,0.2
-0.28,0.06,1.18,0.05,-1.25,0.22
-0.3,0.06,1.18,0.06,-1.22,0.25
-0.32,0.06,1.19,0.1,-1.2,0.29
-0.34,0.06,1.18,0.14,-1.17,0.32
-0.35,0.05,1.18,0.19,-1.12,0.35
-0.36,0.05,1.16,0.27,-1.09,0.38
-0.34,0.05,1.15,0.33,-1.04,0.39
-0.32,0.04,1.14,0.39,-1.01,0.4
-0.29,0.06,1.13,0.4,-0.96,0.38
-0.25,0.07,1.1,0.43,-0.95,0.37
-0.21,0.08,1.09,0.39,-0.92,0.35
-0.18,0.09,1.08,0.36,-0.91,0.34
-0.17,0.1,1.1,0.29,-0.91,0.33
-0.16,0.12,1.14,0.21,-0.89,0.31
-0.18,0.15,1.2,0.15,-0.83,0.25
-0.19,0.16,1.2,0.07,-0.78,0.21
-0.19,0.18,1.21,-0.01,-0.73,0.18
-0.2,0.19,1.22,-0.09,-0.7,0.16
-0.22,0.19,1.2,-0.15,-0.65,0.14
-0.23,0.19,1.19,-0.19,-0.61,0.13
-0.25,0.19,1.2,-0.22,-0.57,0.11
-0.26,0.19,1.2,-0.25,-0.52,0.09
-0.27,0.18,1.2,-0.26,-0.47,0.05
-0.28,0.17,1.19,-0.28,-0.42,0.01
-0.29,0.16,1.17,-0.29,-0.36,-0.04
-0.3,0.15,1.15,-0.31,-0.33,-0.07
-0.3,0.15,1.13,-0.3,-0.27,-0.09
-0.3,0.15,1.12,-0.31,-0.21,-0.09
-0.29,0.14,1.11,-0.31,-0.15,-0.09
-0.3,0.14,1.12,-0.34,-0.11,-0.07
-0.29,0.13,1.12,-0.35,-0.05,-0.07
-0.29,0.14,1.12,-0.34,-0.02,-0.05
-0.3,0.13,1.12,-0.33,0.03,-0.05
-0.3,0.13,1.13,-0.3,0.05,-0.03
-0.29,0.12,1.13,-0.26,0.11,-0.04
-0.28,0.12,1.14,-0.22,0.16,-0.04
-0.27,0.11,1.15,-0.17,0.2,-0.05
-0.26,0.11,1.15,-0.14,0.22,-0.07
-0.23,0.11,1.13,-0.1,0.26,-0.09
-0.21,0.11,1.11,-0.08,0.3,-0.11
-0.2,0.11,1.1,-0.07,0.32,-0.11
-0.17,0.12,1.08,-0.07,0.34,-0.13
-0.17,0.12,1.07,-0.08,0.35,-0.11
-0.16,0.13,1.08,-0.09,0.37,-0.1
-0.16,0.13,1.1,-0.09,0.38,-0.1
-0.16,0.13,1.11,-0.11,0.4,-0.09
-0.16,0.14,1.11,-0.11,0.44,-0.1
-0.16,0.14,1.12,-0.12,0.46,-0.1
-0.16,0.14,1.14,-0.13,0.49,-0.1
-0.16,0.14,1.15,-0.14,0.5,-0.11
-0.18,0.14,1.17,-0.12,0.52,-0.13
-0.18,0.14,1.15,-0.13,0.56,-0.15
-0.17,0.14,1.14,-0.12,0.59,-0.17
-0.17,0.14,1.15,-0.11,0.6,-0.16
-0.18,0.14,1.16,-0.11,0.63,-0.19
-0.2,0.14,1.18,-0.13,0.63,-0.2
-0.19,0.13,1.19,-0.13,0.68,-0.23
-0.19,0.13,1.21,-0.14,0.72,-0.25
-0.2,0.13,1.22,-0.14,0.77,-0.27
-0.21,0.13,1.2,-0.17,0.83,-0.26
-0.21,0.12,1.18,-0.16,0.9,-0.27
-0.2,0.11,1.16,-0.17,0.94,-0.25
-0.19,0.1,1.15,-0.18,0.98,-0.23
-0.2,0.1,1.14,-0.18,1.0,-0.2
-0.2,0.1,1.15,-0.18,1.03,-0.19
-0.19,0.09,1.16,-0.15,1.06,-0.18
-0.18,0.08,1.15,-0.13,1.09,-0.18
-0.16,0.07,1.16,-0.1,1.12,-0.18
-0.15,0.07,1.15,-0.07,1.14,-0.18
-0.14,0.07,1.15,-0.06,1.17,-0.17
-0.13,0.07,1.17,-0.04,1.18,-0.18
-0.12,0.08,1.17,-0.03,1.2,-0.18
-0.12,0.08,1.18,-0.02,1.21,-0.17
-0.11,0.07,1.19,-0.01,1.22,-0.17
-0.11,0.08,1.2,0.0,1.24,-0.19
-0.09,0.07,1.2,-0.01,1.27,-0.19
-0.08,0.06,1.2,0.01,1.29,-0.21
-0.07,0.06,1.19,0.0,1.31,-0.23
-0.06,0.07,1.17,-0.01,1.32,-0.24
-0.06,0.06,1.16,-0.01,1.34,-0.25
-0.05,0.06,1.14,-0.03,1.36,-0.24
-0.04,0.05,1.13,-0.02,1.37,-0.24
-0.03,0.05,1.13,-0.04,1.4,-0.23
-0.02,0.04,1.11,-0.06,1.42,-0.22
-0.02,0.03,1.09,-0.07,1.43,-0.21
-0.01,0.02,1.08,-0.1,1.44,-0.19
-0.0,0.03,1.07,-0.11,1.45,-0.18
0.01,0.02,1.05,-0.13,1.47,-0.16
0.02,0.03,1.05,-0.16,1.46,-0.14
0.03,0.02,1.04,-0.18,1.45,-0.12
0.02,0.03,1.04,-0.18,1.42,-0.11
0.02,0.02,1.05,-0.2,1.42,-0.1
0.02,0.01,1.07,-0.21,1.4,-0.1
0.01,0.01,1.08,-0.2,1.39,-0.12
-0.0,0.01,1.09,-0.18,1.38,-0.14
-0.01,0.02,1.09,-0.15,1.37,-0.16
-0.02,0.02,1.09,-0.12,1.37,-0.17
-0.02,0.03,1.1,-0.07,1.37,-0.17
-0.02,0.03,1.13,-0.04,1.39,-0.17
0.0,0.04,1.13,-0.02,1.4,-0.16
0.01,0.04,1.14,0.0,1.4,-0.16
0.01,0.05,1.15,0.01,1.41,-0.17
0.03,0.04,1.15,-0.0,1.42,-0.17
0.03,0.04,1.16,-0.01,1.43,-0.18
0.05,0.05,1.18,-0.02,1.43,-0.19
0.06,0.05,1.19,-0.04,1.45,-0.22
0.06,0.04,1.2,-0.08,1.47,-0.23
0.07,0.04,1.21,-0.12,1.51,-0.26
0.06,0.04,1.2,-0.16,1.52,-0.26
0.05,0.04,1.19,-0.19,1.54,-0.27
0.04,0.03,1.18,-0.2,1.54,-0.26
0.04,0.03,1.17,-0.22,1.58,-0.26
0.04,0.02,1.17,-0.24,1.59,-0.25
0.04,0.01,1.17,-0.23,1.6,-0.24
0.04,0.01,1.16,-0.24,1.61,-0.24
0.04,0.01,1.17,-0.24,1.63,-0.24
0.05,0.0,1.17,-0.25,1.64,-0.23
0.05,0.0,1.18,-0.23,1.66,-0.23
0.05,-0.0,1.19,-0.22,1.66,-0.22
0.06,-0.01,1.2,-0.21,1.66,-0.23
0.07,-0.02,1.21,-0.19,1.67,-0.25
0.07,-0.03,1.2,-0.16,1.69,-0.25
0.08,-0.03,1.19,-0.16,1.71,-0.27
0.08,-0.03,1.18,-0.16,1.75,-0.27
0.07,-0.03,1.15,-0.16,1.77,-0.26
0.07,-0.02,1.15,-0.16,1.78,-0.25
0.07,-0.02,1.14,-0.17,1.77,-0.23
0.08,-0.03,1.14,-0.16,1.77,-0.22
0.1,-0.03,1.16,-0.17,1.79,-0.21
0.1,-0.03,1.16,-0.17,1.81,-0.2
0.11,-0.03,1.16,-0.17,1.81,-0.2
0.11,-0.04,1.16,-0.18,1.82,-0.19
0.1,-0.03,1.16,-0.18,1.83,-0.19
0.1,-0.03,1.15,-0.17,1.84,-0.19
0.1,-0.04,1.14,-0.16,1.84,-0.18
0.1,-0.05,1.14,-0.13,1.85,-0.17
0.09,-0.05,1.12,-0.11,1.84,-0.17
0.1,-0.05,1.12,-0.09,1.84,-0.16
0.11,-0.05,1.11,-0.06,1.84,-0.14
0.12,-0.06,1.11,-0.05,1.85,-0.14
0.13,-0.05,1.11,-0.03,1.85,-0.14
0.13,-0.04,1.08,-0.01,1.87,-0.14
0.14,-0.03,1.07,-0.0,1.87,-0.14
0.16,-0.04,1.04,-0.03,1.88,-0.13
0.17,-0.02,1.02,-0.06,1.87,-0.13
0.17,-0.01,1.02,-0.09,1.86,-0.12
0.18,-0.01,1.03,-0.14,1.84,-0.11
0.18,-0.01,1.05,-0.17,1.83,-0.13
0.19,-0.02,1.06,-0.2,1.82,-0.13
0.18,-0.02,1.05,-0.23,1.83,-0.14
0.16,-0.02,1.03,-0.25,1.83,-0.15
0.14,-0.02,1.03,-0.27,1.85,-0.14
0.13,-0.02,1.04,-0.29,1.83,-0.12
0.13,-0.03,1.04,-0.3,1.83,-0.1
0.12,-0.04,1.04,-0.27,1.8,-0.07
0.11,-0.05,1.04,-0.23,1.81,-0.06
0.13,-0.05,1.04,-0.18,1.8,-0.05
0.13,-0.03,1.01,-0.15,1.81,-0.05
0.13,-0.03,1.01,-0.13,1.79,-0.04
0.14,-0.03,0.99,-0.11,1.77,-0.07
0.15,-0.03,0.98,-0.13,1.78,-0.08
0.16,-0.02,0.98,-0.14,1.76,-0.08
0.16,-0.02,0.98,-0.17,1.76,-0.09
0.16,-0.01,0.99,-0.18,1.74,-0.09
0.16,-0.01,0.99,-0.2,1.72,-0.08
0.17,-0.02,1.0,-0.22,1.71,-0.09
0.16,-0.02,1.01,-0.22,1.67,-0.09
0.15,-0.03,1.01,-0.23,1.68,-0.09
0.14,-0.03,1.0,-0.21,1.67,-0.1
0.12,-0.04,1.0,-0.2,1.68,-0.1
0.12,-0.04,0.99,-0.19,1.67,-0.09
0.11,-0.04,0.98,-0.17,1.67,-0.08
0.1,-0.03,0.96,-0.15,1.65,-0.06
0.1,-0.03,0.96,-0.12,1.64,-0.05
0.11,-0.03,0.96,-0.09,1.61,-0.03
0.11,-0.04,0.97,-0.07,1.61,-0.03
0.11,-0.03,0.96,-0.04,1.6,-0.03
0.12,-0.03,0.94,0.0,1.59,-0.02
0.13,-0.02,0.93,0.0,1.57,-0.01
0.13,-0.01,0.93,0.02,1.56,-0.02
0.15,-0.01,0.93,0.01,1.54,-0.03
0.16,-0.02,0.93,-0.01,1.51,-0.04
0.15,-0.02,0.94,-0.02,1.49,-0.05
0.14,-0.02,0.95,-0.02,1.49,-0.07
0.13,-0.01,0.94,-0.0,1.48,-0.06
0.12,-0.01,0.94,0.0,1.48,-0.05
0.13,-0.01,0.95,0.03,1.45,-0.03
0.14,-0.0,0.96,0.04,1.42,-0.04
0.15,-0.0,0.96,0.06,1.4,-0.05
0.16,-0.0,0.95,0.05,1.42,-0.08
0.15,0.01,0.93,0.04,1.41,-0.1
0.14,0.02,0.92,0.0,1.43,-0.11
0.13,0.03,0.9,-0.04,1.4,-0.1
0.12,0.03,0.89,-0.1,1.4,-0.08
0.12,0.04,0.88,-0.14,1.38,-0.05
0.11,0.03,0.88,-0.21,1.36,-0.04
0.09,0.03,0.9,-0.23,1.31,-0.03
0.08,0.01,0.9,-0.27,1.28,-0.04
0.08,-0.02,0.93,-0.27,1.25,-0.06
0.08,-0.03,0.94,-0.25,1.23,-0.08
0.09,-0.02,0.96,-0.22,1.22,-0.11
0.1,-0.02,0.97,-0.21,1.21,-0.12
0.12,-0.03,0.98,-0.18,1.2,-0.15
0.13,-0.05,0.99,-0.17,1.2,-0.18
0.16,-0.06,1.02,-0.14,1.2,-0.21
0.16,-0.06,1.04,-0.11,1.25,-0.24
0.17,-0.04,1.05,-0.07,1.28,-0.25
0.14,-0.03,1.02,-0.06,1.31,-0.25
0.12,-0.02,0.99,-0.07,1.34,-0.23
0.08,-0.01,0.97,-0.08,1.35,-0.2
0.07,0.01,0.97,-0.09,1.32,-0.14
0.08,0.01,0.98,-0.1,1.31,-0.12
0.09,-0.01,1.0,-0.09,1.27,-0.06
0.1,-0.02,0.99,-0.1,1.27,-0.04
0.1,-0.02,0.99,-0.09,1.26,-0.02
0.11,-0.01,1.0,-0.09,1.26,-0.01
0.11,-0.01,1.0,-0.07,1.25,-0.01
0.11,-0.01,1.0,-0.06,1.24,-0.01
0.11,-0.01,1.0,-0.08,1.24,-0.02
0.11,-0.02,1.01,-0.07,1.24,-0.03
0.12,-0.01,1.02,-0.08,1.23,-0.04
0.12,-0.01,1.02,-0.07,1.23,-0.04
0.11,-0.01,1.03,-0.07,1.24,-0.03
0.12,-0.01,1.03,-0.06,1.24,-0.03
0.12,0.0,1.02,-0.07,1.26,-0.02
0.12,0.01,1.03,-0.07,1.26,-0.02
0.12,-0.0,1.03,-0.08,1.27,-0.03
0.12,-0.01,1.04,-0.06,1.27,-0.04
0.12,-0.01,1.04,-0.06,1.29,-0.06
0.12,-0.01,1.04,-0.05,1.3,-0.08
0.11,-0.01,1.04,-0.02,1.3,-0.08
0.1,-0.0,1.03,-0.02,1.31,-0.09
0.09,0.0,1.04,0.01,1.3,-0.11
0.1,0.0,1.05,0.04,1.29,-0.11
0.11,0.0,1.04,0.08,1.28,-0.13
0.12,-0.01,1.03,0.08,1.29,-0.15
0.11,-0.01,1.02,0.07,1.3,-0.16
0.11,-0.01,1.03,0.08,1.31,-0.17
0.1,0.01,1.03,0.08,1.33,-0.16
0.09,0.02,1.03,0.1,1.32,-0.14
0.09,0.01,1.02,0.1,1.34,-0.12
0.09,0.01,1.01,0.1,1.34,-0.11
0.08,0.01,1.0,0.07,1.37,-0.1
0.06,0.02,0.98,0.07,1.4,-0.09
0.07,0.05,0.97,0.04,1.43,-0.08
0.07,0.05,0.94,0.02,1.44,-0.06
0.07,0.05,0.93,-0.01,1.44,-0.03
0.06,0.07,0.93,-0.03,1.42,-0.01
0.06,0.08,0.94,-0.06,1.42,-0.0
0.07,0.07,0.94,-0.08,1.4,0.01
0.09,0.07,0.93,-0.09,1.37,0.0
0.11,0.04,0.95,-0.1,1.36,-0.04
0.14,0.03,0.95,-0.1,1.35,-0.08
0.16,0.01,0.97,-0.09,1.36,-0.14
0.15,0.02,0.98,-0.06,1.36,-0.18
0.1,0.03,1.0,-0.02,1.37,-0.19
0.07,0.03,0.99,0.01,1.37,-0.18
0.05,0.04,0.98,0.04,1.35,-0.17
0.07,0.03,0.96,0.04,1.34,-0.17
0.08,0.02,0.95,0.04,1.33,-0.17
0.07,0.01,0.96,0.05,1.33,-0.17
0.06,0.02,0.97,0.07,1.33,-0.15
0.05,0.02,0.96,0.09,1.35,-0.12
0.05,0.0,0.95,0.11,1.33,-0.08
0.05,0.01,0.94,0.14,1.33,-0.07
0.04,0.01,0.95,0.16,1.32,-0.05
0.04,0.01,0.94,0.2,1.3,-0.03
0.05,-0.01,0.93,0.25,1.29,-0.03
0.07,-0.0,0.92,0.3,1.27,-0.04
0.06,0.01,0.92,0.34,1.27,-0.04
0.05,0.03,0.92,0.38,1.25,-0.05
0.06,0.03,0.91,0.4,1.22,-0.05
0.08,0.03,0.91,0.4,1.21,-0.06
0.09,0.03,0.92,0.41,1.19,-0.07
0.09,0.04,0.92,0.41,1.18,-0.08
0.11,0.04,0.91,0.4,1.19,-0.09
0.12,0.06,0.91,0.38,1.21,-0.1
0.12,0.08,0.9,0.36,1.22,-0.11
0.12,0.11,0.89,0.3,1.22,-0.11
0.13,0.11,0.88,0.23,1.2,-0.1
0.13,0.11,0.88,0.14,1.21,-0.12
0.12,0.1,0.88,0.06,1.21,-0.12
0.11,0.09,0.9,-0.0,1.21,-0.11
0.1,0.09,0.91,-0.07,1.2,-0.1
0.1,0.07,0.92,-0.12,1.2,-0.09
0.11,0.05,0.92,-0.16,1.2,-0.08
0.11,0.03,0.94,-0.18,1.19,-0.07
0.12,0.02,0.95,-0.17,1.19,-0.05
0.11,0.0,0.96,-0.15,1.21,-0.05
0.11,-0.01,0.97,-0.12,1.2,-0.05
0.1,-0.01,0.94,-0.06,1.22,-0.07
0.08,0.0,0.95,-0.01,1.2,-0.06
0.06,0.0,0.96,0.05,1.2,-0.07
0.06,0.0,0.93,0.11,1.17,-0.07
0.08,-0.0,0.93,0.16,1.13,-0.09
0.09,-0.01,0.92,0.22,1.09,-0.1
0.1,-0.02,0.93,0.27,1.08,-0.14
0.08,-0.01,0.94,0.34,1.05,-0.15
0.08,-0.0,0.95,0.39,1.05,-0.17
0.08,0.0,0.94,0.42,1.05,-0.17
0.08,0.01,0.92,0.39,1.07,-0.17
0.08,0.03,0.92,0.37,1.07,-0.16
0.08,0.04,0.92,0.33,1.08,-0.15
0.09,0.04,0.92,0.26,1.09,-0.12
0.1,0.04,0.92,0.2,1.12,-0.11
0.09,0.03,0.92,0.13,1.14,-0.09
0.08,0.04,0.92,0.04,1.17,-0.07
0.06,0.04,0.92,-0.02,1.18,-0.05
0.05,0.03,0.91,-0.07,1.2,-0.04
0.03,0.02,0.92,-0.1,1.22,-0.02
0.01,0.01,0.91,-0.13,1.24,0.01
-0.02,0.01,0.92,-0.14,1.24,0.05
-0.04,0.01,0.92,-0.13,1.24,0.09
-0.04,0.0,0.91,-0.11,1.22,0.12
-0.04,-0.01,0.9,-0.08,1.23,0.16
-0.03,-0.04,0.9,-0.03,1.2,0.17
-0.01,-0.04,0.88,0.04,1.17,0.15
0.02,-0.03,0.88,0.11,1.13,0.14
0.05,-0.02,0.87,0.19,1.11,0.11
0.07,-0.01,0.85,0.25,1.06,0.08
0.07,0.02,0.82,0.34,1.04,0.01
0.03,0.02,0.82,0.38,1.0,-0.03
0.01,0.05,0.81,0.43,0.94,-0.09
-0.02,0.07,0.8,0.46,0.89,-0.13
-0.04,0.09,0.8,0.47,0.87,-0.15
0.03,0.16,0.77,0.45,0.9,-0.16
-0.11,0.13,0.77,0.39,0.87,-0.17
-0.09,0.1,0.73,0.32,0.77,-0.17
-0.08,0.13,0.76,0.27,0.75,-0.17
-0.08,0.13,0.79,0.25,0.75,-0.13
-0.06,0.14,0.77,0.21,0.77,-0.08
-0.07,0.16,0.76,0.17,0.74,-0.02
-0.08,0.19,0.76,0.07,0.73,0.03
-0.08,0.2,0.76,-0.03,0.69,0.07
-0.07,0.18,0.75,-0.12,0.66,0.09
-0.05,0.17,0.76,-0.23,0.63,0.11
-0.02,0.17,0.76,-0.27,0.62,0.09
-0.01,0.17,0.77,-0.32,0.6,0.1
-0.02,0.15,0.79,-0.33,0.57,0.09
-0.03,0.14,0.79,-0.34,0.52,0.08
-0.03,0.13,0.79,-0.33,0.47,0.05
-0.03,0.13,0.81,-0.33,0.43,0.04
-0.05,0.12,0.82,-0.31,0.4,0.02
-0.06,0.12,0.83,-0.29,0.36,0.01
-0.07,0.11,0.84,-0.25,0.32,-0.01
-0.09,0.1,0.84,-0.2,0.28,-0.01
-0.09,0.09,0.86,-0.18,0.26,-0.03
-0.1,0.08,0.87,-0.14,0.21,-0.02
-0.09,0.07,0.88,-0.09,0.17,-0.02
-0.07,0.05,0.87,-0.05,0.12,-0.02
-0.06,0.04,0.88,0.01,0.1,-0.02
-0.04,0.04,0.88,0.07,0.08,-0.03
-0.03,0.04,0.9,0.12,0.05,-0.03
-0.03,0.04,0.89,0.16,0.06,-0.03
-0.03,0.04,0.89,0.2,0.05,-0.04
-0.03,0.05,0.9,0.22,0.04,-0.04
-0.02,0.06,0.9,0.22,0.03,-0.03
-0.01,0.07,0.89,0.2,0.04,-0.02
-0.01,0.08,0.89,0.17,0.03,-0.01
-0.02,0.09,0.9,0.14,0.02,0.0
-0.02,0.09,0.91,0.11,0.02,-0.0
-0.02,0.09,0.91,0.07,0.02,0.02
-0.03,0.1,0.91,0.02,0.0,0.02
-0.02,0.1,0.91,-0.02,-0.01,0.03
-0.01,0.09,0.92,-0.05,-0.03,0.02
-0.01,0.08,0.94,-0.08,-0.04,0.02
0.0,0.07,0.95,-0.1,-0.06,0.03
0.02,0.06,0.95,-0.12,-0.08,0.02
0.03,0.03,0.94,-0.11,-0.08,0.0
0.03,0.03,0.96,-0.11,-0.07,-0.01
0.01,0.03,0.98,-0.1,-0.06,-0.0
0.01,0.03,0.98,-0.07,-0.08,0.01
0.01,0.02,0.97,-0.06,-0.08,0.01
0.01,0.02,0.96,-0.05,-0.08,0.03
0.0,0.02,0.96,-0.02,-0.09,0.03
0.01,0.03,0.97,0.02,-0.11,0.05
0.0,0.04,0.97,0.04,-0.12,0.05
0.01,0.03,0.95,0.05,-0.13,0.05
0.02,0.03,0.94,0.05,-0.13,0.03
0.03,0.03,0.94,0.05,-0.14,0.02
0.03,0.04,0.96,0.04,-0.13,0.02
0.02,0.04,0.97,0.02,-0.13,0.03
0.03,0.03,0.98,0.02,-0.14,0.04
0.04,0.05,0.98,-0.02,-0.15,0.07
0.04,0.04,0.97,-0.04,-0.16,0.08
0.07,0.03,0.97,-0.07,-0.16,0.08
0.1,0.02,0.98,-0.08,-0.16,0.07
0.13,0.02,0.97,-0.09,-0.14,0.05
0.14,0.02,0.97,-0.1,-0.1,0.02
0.13,0.03,0.97,-0.13,-0.05,-0.0
0.11,0.03,0.98,-0.16,-0.02,-0.01
0.1,0.04,0.99,-0.18,0.0,-0.03
0.09,0.03,1.0,-0.21,0.01,-0.01
0.08,0.03,1.0,-0.23,0.01,-0.01
0.08,0.02,0.99,-0.24,0.03,-0.01
0.06,0.01,1.0,-0.22,0.03,0.01
0.05,0.0,1.0,-0.22,0.03,0.02
0.05,-0.01,1.0,-0.18,0.05,0.02
0.04,-0.01,1.0,-0.14,0.04,0.03
0.04,-0.01,1.0,-0.1,0.03,0.04
0.03,0.0,0.99,-0.05,0.02,0.04
0.03,0.01,0.99,-0.01,-0.0,0.04
0.03,0.02,0.97,0.03,-0.02,0.03
0.04,0.02,0.97,0.06,-0.02,0.02
0.03,0.03,0.97,0.07,-0.04,0.01
0.03,0.04,0.97,0.08,-0.04,-0.01
0.04,0.04,0.97,0.08,-0.05,-0.02
0.06,0.04,0.96,0.05,-0.03,-0.04
0.05,0.04,0.96,0.02,-0.03,-0.04
0.05,0.05,0.97,-0.02,-0.01,-0.05
0.05,0.06,0.98,-0.06,0.0,-0.03
0.06,0.05,0.98,-0.11,0.01,-0.02
0.07,0.04,0.97,-0.15,0.03,-0.01
0.07,0.02,0.98,-0.18,0.06,-0.01
0.07,0.01,1.0,-0.19,0.07,0.0
0.05,0.01,1.0,-0.19,0.1,0.01
0.04,0.0,1.0,-0.17,0.1,0.03
0.03,-0.0,1.0,-0.14,0.11,0.03
0.02,0.0,0.99,-0.1,0.1,0.03
0.01,0.01,0.98,-0.07,0.09,0.03
0.0,0.01,0.96,-0.03,0.09,0.03
-0.01,0.02,0.96,0.01,0.08,0.02
-0.03,0.03,0.96,0.04,0.07,0.02
-0.04,0.06,0.96,0.06,0.06,0.02
-0.03,0.07,0.94,0.09,0.02,0.03
-0.03,0.07,0.94,0.09,-0.02,0.03
-0.02,0.09,0.93,0.08,-0.05,0.02
-0.02,0.08,0.92,0.06,-0.07,-0.0
-0.01,0.07,0.91,0.07,-0.1,-0.01
-0.01,0.07,0.93,0.05,-0.09,-0.02
-0.01,0.08,0.92,0.03,-0.09,-0.03
-0.01,0.07,0.93,0.01,-0.1,-0.02
-0.0,0.07,0.93,-0.01,-0.09,-0.02
0.01,0.07,0.93,-0.04,-0.08,-0.01
0.02,0.07,0.93,-0.07,-0.06,-0.0
0.02,0.07,0.92,-0.08,-0.05,0.01
0.01,0.07,0.92,-0.13,-0.05,0.02
0.0,0.06,0.93,-0.16,-0.03,0.02
-0.01,0.06,0.93,-0.17,-0.04,0.03
-0.01,0.05,0.93,-0.18,-0.04,0.04
-0.02,0.05,0.92,-0.17,-0.06,0.05
-0.02,0.05,0.92,-0.16,-0.05,0.05
-0.02,0.05,0.9,-0.14,-0.08,0.05
-0.02,0.06,0.89,-0.11,-0.09,0.05
-0.02,0.07,0.89,-0.08,-0.13,0.05
-0.03,0.08,0.88,-0.05,-0.15,0.03
-0.04,0.09,0.87,-0.02,-0.18,0.02
-0.05,0.1,0.87,-0.0,-0.21,0.01
-0.06,0.11,0.86,0.0,-0.26,0.01
-0.06,0.12,0.85,0.01,-0.28,0.0
-0.08,0.12,0.86,0.01,-0.32,0.0
-0.07,0.13,0.87,-0.02,-0.37,0.02
-0.06,0.13,0.87,-0.04,-0.4,0.03
-0.05,0.12,0.85,-0.09,-0.44,0.05
-0.04,0.11,0.85,-0.12,-0.47,0.06
-0.04,0.09,0.86,-0.16,-0.49,0.06
-0.05,0.09,0.87,-0.18,-0.52,0.09
-0.06,0.09,0.88,-0.22,-0.54,0.1
-0.07,0.09,0.88,-0.23,-0.56,0.13
-0.06,0.08,0.87,-0.27,-0.59,0.15
-0.07,0.07,0.87,-0.29,-0.63,0.19
-0.07,0.08,0.87,-0.32,-0.67,0.2
-0.08,0.07,0.88,-0.32,-0.72,0.25
-0.07,0.07,0.88,-0.31,-0.75,0.26
-0.05,0.06,0.87,-0.31,-0.81,0.29
-0.03,0.05,0.86,-0.29,-0.84,0.29
-0.01,0.05,0.85,-0.25,-0.84,0.28
0.01,0.05,0.82,-0.22,-0.83,0.27
0.03,0.05,0.82,-0.18,-0.83,0.25
0.03,0.07,0.82,-0.13,-0.82,0.22
0.02,0.09,0.81,-0.11,-0.83,0.21
0.02,0.08,0.8,-0.08,-0.86,0.19
0.01,0.08,0.79,-0.08,-0.86,0.16
0.0,0.09,0.8,-0.05,-0.89,0.14
-0.02,0.11,0.81,-0.03,-0.91,0.13
-0.04,0.11,0.8,-0.01,-0.93,0.13
-0.02,0.11,0.79,-0.01,-0.97,0.15
-0.06,0.12,0.81,-0.02,-1.01,0.13
-0.06,0.13,0.8,-0.02,-1.06,0.15
-0.05,0.14,0.8,-0.05,-1.09,0.16
-0.04,0.14,0.79,-0.07,-1.15,0.17
-0.04,0.14,0.8,-0.11,-1.18,0.17
-0.04,0.16,0.82,-0.14,-1.24,0.19
-0.03,0.17,0.83,-0.2,-1.29,0.2
0.03,0.15,0.81,-0.27,-1.34,0.21
0.09,0.12,0.8,-0.33,-1.35,0.16
0.14,0.09,0.8,-0.4,-1.34,0.12
0.14,0.09,0.85,-0.46,-1.29,0.09
0.14,0.1,0.86,-0.52,-1.26,0.06
0.15,0.09,0.87,-0.56,-1.22,0.03
0.15,0.06,0.86,-0.65,-1.17,-0.0
0.16,0.03,0.87,-0.71,-1.15,-0.02
0.15,0.01,0.88,-0.75,-1.09,-0.05
0.12,-0.01,0.92,-0.74,-1.04,-0.06
0.08,-0.01,0.93,-0.7,-0.99,-0.04
0.04,-0.0,0.91,-0.62,-0.98,0.0
0.01,-0.0,0.88,-0.53,-0.99,0.03
-0.02,-0.0,0.85,-0.46,-1.0,0.06
-0.04,0.01,0.84,-0.37,-1.04,0.08
-0.06,0.02,0.84,-0.27,-1.1,0.1
-0.07,0.02,0.82,-0.14,-1.17,0.12
-0.07,0.04,0.79,-0.04,-1.23,0.12
-0.07,0.04,0.78,0.06,-1.31,0.12
-0.07,0.06,0.77,0.14,-1.38,0.12
-0.05,0.08,0.8,0.22,-1.49,0.12
-0.01,0.11,0.81,0.29,-1.61,0.13
0.03,0.11,0.8,0.31,-1.69,0.11
0.07,0.08,0.78,0.29,-1.76,0.08
0.12,0.06,0.78,0.25,-1.81,0.02
0.14,0.07,0.81,0.21,-1.83,-0.01
0.16,0.07,0.85,0.15,-1.82,-0.05
0.18,0.06,0.85,0.12,-1.83,-0.06
0.19,0.03,0.86,0.06,-1.79,-0.08
0.2,0.0,0.87,0.02,-1.77,-0.1
0.2,0.01,0.88,-0.03,-1.69,-0.11
0.15,0.01,0.89,-0.06,-1.65,-0.11
0.11,0.03,0.91,-0.1,-1.63,-0.08
0.08,0.03,0.9,-0.12,-1.61,-0.06
0.08,0.0,0.88,-0.15,-1.61,-0.04
0.08,-0.02,0.87,-0.16,-1.6,-0.02
0.06,-0.02,0.88,-0.15,-1.6,0.02
0.06,-0.01,0.9,-0.1,-1.59,0.05
0.05,-0.01,0.9,-0.03,-1.61,0.1
0.04,-0.03,0.88,0.05,-1.65,0.13
0.05,-0.02,0.88,0.14,-1.7,0.13
0.05,-0.01,0.89,0.23,-1.75,0.13
0.09,-0.01,0.91,0.32,-1.81,0.11
0.12,-0.01,0.9,0.37,-1.84,0.08
0.15,-0.02,0.9,0.41,-1.89,0.04
0.16,-0.03,0.89,0.45,-1.91,-0.01
0.15,-0.02,0.9,0.48,-1.91,-0.04
0.14,0.02,0.91,0.51,-1.9,-0.04
0.16,0.03,0.89,0.52,-1.89,-0.04
0.17,0.05,0.88,0.5,-1.88,-0.04
0.17,0.05,0.87,0.43,-1.88,-0.05
0.19,0.05,0.86,0.37,-1.86,-0.06
0.21,0.05,0.88,0.27,-1.83,-0.08
0.2,0.07,0.88,0.17,-1.8,-0.09
0.18,0.07,0.89,0.04,-1.78,-0.09
0.16,0.07,0.92,-0.07,-1.79,-0.08
0.15,0.05,0.97,-0.19,-1.81,-0.06
0.14,0.03,0.95,-0.28,-1.83,-0.06
0.12,0.02,0.92,-0.38,-1.81,-0.03
0.12,-0.0,0.96,-0.45,-1.81,-0.0
0.1,0.0,1.0,-0.51,-1.85,0.02
0.09,-0.0,1.03,-0.54,-1.84,0.05
0.09,-0.04,1.03,-0.57,-1.82,0.09
0.09,-0.07,1.02,-0.57,-1.8,0.13
0.06,-0.09,1.01,-0.56,-1.77,0.16
0.06,-0.1,1.02,-0.53,-1.75,0.2
0.09,-0.1,1.03,-0.48,-1.73,0.24
0.12,-0.08,1.04,-0.4,-1.74,0.26
0.14,-0.09,1.04,-0.31,-1.72,0.25
0.14,-0.09,1.01,-0.23,-1.71,0.22
0.15,-0.1,0.99,-0.16,-1.7,0.17
0.14,-0.08,0.97,-0.08,-1.69,0.12
0.12,-0.05,0.95,-0.01,-1.7,0.07
0.11,-0.03,0.95,0.06,-1.73,0.04
0.11,-0.03,0.92,0.1,-1.77,0.02
0.11,-0.03,0.9,0.13,-1.8,-0.0
0.12,-0.03,0.9,0.17,-1.84,-0.01
0.1,-0.02,0.91,0.17,-1.83,-0.0
0.08,-0.01,0.89,0.19,-1.83,-0.0
0.05,0.02,0.88,0.19,-1.86,0.04
0.03,0.05,0.87,0.15,-1.91,0.09
0.06,0.05,0.88,0.11,-1.99,0.13
0.11,0.01,0.92,0.03,-2.03,0.15
0.16,-0.03,0.95,-0.06,-2.04,0.13
0.18,-0.05,0.99,-0.12,-2.02,0.12
0.19,-0.05,1.04,-0.19,-1.98,0.1
0.18,-0.05,1.07,-0.26,-1.92,0.09
0.17,-0.05,1.08,-0.31,-1.9,0.11
0.18,-0.06,1.1,-0.36,-1.87,0.12
0.19,-0.09,1.12,-0.41,-1.87,0.13
0.2,-0.11,1.15,-0.42,-1.84,0.13
0.18,-0.11,1.18,-0.41,-1.78,0.14
0.14,-0.1,1.18,-0.36,-1.73,0.14
0.1,-0.09,1.14,-0.28,-1.71,0.15
0.08,-0.08,1.1,-0.19,-1.68,0.16
0.05,-0.08,1.06,-0.1,-1.68,0.15
0.04,-0.07,1.04,-0.03,-1.69,0.14
0.02,-0.06,1.0,0.03,-1.72,0.13
0.02,-0.05,0.97,0.09,-1.75,0.14
0.03,-0.03,0.95,0.14,-1.78,0.16
0.05,-0.02,0.94,0.17,-1.8,0.19
0.09,-0.01,0.94,0.17,-1.84,0.22
0.11,0.0,0.95,0.16,-1.87,0.22
0.12,-0.01,0.98,0.12,-1.92,0.23
0.14,-0.02,0.99,0.08,-1.95,0.22
0.16,-0.04,1.03,0.03,-1.96,0.2
0.17,-0.06,1.08,0.0,-1.95,0.17
0.18,-0.05,1.14,-0.01,-1.93,0.14
0.17,-0.06,1.17,-0.01,-1.93,0.1
0.16,-0.06,1.19,0.0,-1.92,0.07
0.13,-0.07,1.21,0.03,-1.87,0.03
0.1,-0.07,1.19,0.06,-1.87,0.02
0.07,-0.06,1.18,0.08,-1.82,0.01
0.04,-0.06,1.15,0.11,-1.79,0.05
0.02,-0.06,1.12,0.16,-1.73,0.08
0.0,-0.05,1.08,0.21,-1.69,0.12
-0.01,-0.03,1.04,0.25,-1.67,0.19
-0.01,-0.01,0.99,0.27,-1.67,0.25
0.0,-0.01,0.94,0.29,-1.67,0.32
0.02,-0.0,0.91,0.31,-1.68,0.38
0.04,-0.0,0.88,0.3,-1.7,0.42
0.08,-0.01,0.89,0.29,-1.72,0.46
0.13,-0.02,0.9,0.28,-1.74,0.46
0.17,-0.02,0.94,0.27,-1.75,0.43
0.21,-0.02,0.98,0.27,-1.77,0.39
0.24,-0.02,1.03,0.29,-1.8,0.33
0.23,-0.01,1.06,0.33,-1.83,0.24
0.22,0.01,1.11,0.37,-1.9,0.15
0.19,0.02,1.15,0.43,-1.97,0.06
0.18,0.02,1.15,0.46,-2.02,-0.03
0.15,0.02,1.17,0.47,-2.03,-0.12
0.15,0.03,1.17,0.46,-2.02,-0.17
0.11,0.07,1.18,0.43,-2.0,-0.18
0.11,0.1,1.18,0.36,-2.0,-0.16
0.08,0.08,1.24,0.28,-1.97,-0.14
0.05,0.07,1.21,0.21,-1.91,-0.09
0.08,0.06,1.23,0.12,-1.85,-0.04
0.07,0.05,1.23,0.03,-1.81,0.03
0.04,0.05,1.23,-0.07,-1.73,0.07
0.04,0.05,1.19,-0.15,-1.65,0.13
0.04,0.03,1.15,-0.24,-1.58,0.2
0.04,0.02,1.12,-0.32,-1.55,0.27
0.04,0.01,1.1,-0.39,-1.52,0.32
0.03,-0.0,1.09,-0.44,-1.52,0.36
0.03,-0.02,1.09,-0.47,-1.5,0.39
0.03,-0.03,1.1,-0.47,-1.51,0.39
0.04,-0.04,1.1,-0.41,-1.51,0.38
0.04,-0.04,1.1,-0.36,-1.52,0.35
0.03,-0.04,1.09,-0.3,-1.52,0.3
0.03,-0.04,1.08,-0.22,-1.54,0.28
0.03,-0.04,1.07,-0.14,-1.56,0.24
0.04,-0.04,1.09,-0.04,-1.58,0.2
0.04,-0.02,1.1,0.05,-1.6,0.17
0.04,-0.0,1.1,0.15,-1.63,0.13
0.05,0.01,1.1,0.22,-1.66,0.1
0.06,0.01,1.11,0.28,-1.68,0.07
0.08,0.02,1.13,0.31,-1.68,0.04
0.08,0.03,1.13,0.34,-1.7,0.01
0.07,0.03,1.14,0.34,-1.69,-0.01
0.06,0.05,1.13,0.34,-1.7,-0.02
0.05,0.04,1.14,0.34,-1.7,-0.03
0.04,0.04,1.15,0.35,-1.69,-0.02
0.03,0.04,1.14,0.37,-1.67,0.01
0.02,0.05,1.12,0.38,-1.66,0.04
0.01,0.05,1.12,0.37,-1.66,0.1
0.0,0.05,1.13,0.38,-1.68,0.18
0.01,0.04,1.13,0.4,-1.65,0.22
0.02,0.04,1.12,0.39,-1.65,0.27
0.03,0.03,1.12,0.38,-1.65,0.3
0.05,0.03,1.1,0.35,-1.67,0.33
0.08,0.04,1.13,0.32,-1.69,0.33
0.07,0.04,1.12,0.29,-1.67,0.3
0.08,0.04,1.12,0.24,-1.67,0.29
0.11,0.04,1.12,0.18,-1.65,0.25
0.11,0.03,1.09,0.09,-1.66,0.2
0.11,0.04,1.08,-0.01,-1.69,0.19
0.1,0.04,1.09,-0.12,-1.69,0.17
0.07,0.04,1.09,-0.18,-1.73,0.15
0.04,0.04,1.11,-0.23,-1.75,0.15
0.02,0.04,1.14,-0.28,-1.76,0.17
-0.0,0.02,1.17,-0.29,-1.78,0.17
-0.02,0.02,1.19,-0.28,-1.78,0.16
-0.04,0.02,1.19,-0.25,-1.76,0.14
-0.05,0.01,1.2,-0.21,-1.75,0.12
-0.06,0.0,1.2,-0.19,-1.72,0.09
-0.06,0.01,1.19,-0.15,-1.7,0.08
-0.08,0.02,1.18,-0.12,-1.67,0.06
-0.09,0.04,1.17,-0.1,-1.65,0.07
-0.09,0.03,1.16,-0.09,-1.63,0.09
-0.09,0.04,1.13,-0.08,-1.61,0.12
-0.09,0.03,1.13,-0.08,-1.6,0.13
-0.09,0.03,1.13,-0.1,-1.59,0.16
-0.11,0.04,1.13,-0.12,-1.58,0.19
-0.1,0.04,1.14,-0.12,-1.57,0.21
-0.11,0.04,1.17,-0.11,-1.57,0.22
-0.12,0.05,1.19,-0.09,-1.56,0.23
-0.14,0.06,1.2,-0.05,-1.54,0.22
-0.16,0.07,1.2,-0.02,-1.54,0.2
-0.15,0.06,1.19,0.02,-1.51,0.19
-0.15,0.05,1.2,0.05,-1.48,0.17
-0.15,0.05,1.19,0.08,-1.45,0.15
-0.17,0.06,1.2,0.11,-1.43,0.12
-0.17,0.06,1.18,0.15,-1.4,0.11
-0.16,0.06,1.17,0.17,-1.36,0.11
-0.15,0.06,1.16,0.2,-1.32,0.11
-0.15,0.06,1.15,0.2,-1.27,0.14
-0.13,0.06,1.14,0.22,-1.24,0.14
-0.12,0.05,1.13,0.22,-1.2,0.16
-0.12,0.05,1.12,0.22,-1.19,0.17
-0.12,0.05,1.1,0.23,-1.17,0.19
-0.1,0.06,1.09,0.24,-1.16,0.21
-0.09,0.05,1.08,0.24,-1.13,0.23
-0.08,0.04,1.07,0.25,-1.13,0.25
-0.07,0.04,1.06,0.26,-1.12,0.27
-0.06,0.05,1.05,0.28,-1.13,0.29
-0.07,0.06,1.06,0.29,-1.15,0.3
-0.06,0.05,1.08,0.3,-1.15,0.31
-0.06,0.07,1.11,0.34,-1.17,0.31
-0.05,0.09,1.15,0.34,-1.16,0.29
-0.06,0.1,1.18,0.35,-1.16,0.25
-0.06,0.12,1.18,0.33,-1.14,0.21
-0.08,0.13,1.18,0.33,-1.13,0.17
-0.08,0.14,1.18,0.32,-1.13,0.14
-0.09,0.15,1.17,0.3,-1.09,0.1
-0.09,0.16,1.15,0.25,-1.06,0.09
-0.09,0.16,1.14,0.2,-1.04,0.08
-0.09,0.16,1.13,0.13,-1.01,0.07
-0.11,0.16,1.14,0.07,-0.98,0.07
-0.12,0.16,1.12,0.0,-0.96,0.07
-0.14,0.16,1.11,-0.05,-0.92,0.08
-0.14,0.15,1.13,-0.11,-0.91,0.08
-0.16,0.15,1.14,-0.17,-0.89,0.08
-0.21,0.14,1.16,-0.2,-0.87,0.08
-0.22,0.14,1.17,-0.23,-0.84,0.06
-0.26,0.14,1.16,-0.23,-0.8,0.06
-0.26,0.12,1.17,-0.22,-0.74,0.04
-0.27,0.12,1.15,-0.2,-0.69,0.02
-0.28,0.11,1.13,-0.18,-0.67,0.01
-0.29,0.11,1.11,-0.15,-0.62,0.01
-0.29,0.1,1.1,-0.13,-0.58,0.01
-0.28,0.09,1.09,-0.1,-0.54,0.02
-0.28,0.09,1.08,-0.07,-0.51,0.04
-0.27,0.08,1.08,-0.04,-0.48,0.06
-0.27,0.08,1.07,-0.0,-0.44,0.07
-0.26,0.09,1.07,0.02,-0.42,0.09
-0.23,0.09,1.07,0.05,-0.39,0.1
-0.22,0.09,1.1,0.07,-0.38,0.11
-0.21,0.09,1.12,0.08,-0.34,0.11
-0.2,0.1,1.12,0.1,-0.31,0.09
-0.18,0.09,1.12,0.11,-0.27,0.07
-0.16,0.1,1.11,0.12,-0.25,0.06
-0.15,0.09,1.09,0.1,-0.2,0.04
-0.13,0.09,1.08,0.1,-0.18,0.04
-0.12,0.08,1.06,0.08,-0.15,0.03
-0.09,0.07,1.05,0.05,-0.15,0.04
-0.08,0.06,1.04,0.02,-0.11,0.04
-0.08,0.06,1.03,-0.0,-0.1,0.05
-0.07,0.05,1.06,-0.02,-0.1,0.07
-0.07,0.07,1.1,-0.01,-0.09,0.05
-0.08,0.09,1.12,0.01,-0.1,0.04
-0.1,0.12,1.14,0.06,-0.11,0.02
-0.1,0.14,1.13,0.09,-0.1,-0.03
-0.1,0.15,1.12,0.12,-0.1,-0.07
-0.09,0.15,1.12,0.15,-0.09,-0.12
-0.08,0.15,1.1,0.13,-0.09,-0.17
-0.07,0.16,1.07,0.09,-0.09,-0.21
-0.08,0.15,1.06,0.04,-0.1,-0.23
-0.08,0.16,1.04,-0.03,-0.09,-0.25
-0.09,0.16,1.05,-0.12,-0.09,-0.23
-0.11,0.16,1.06,-0.22,-0.06,-0.23
-0.13,0.15,1.07,-0.3,-0.05,-0.21
-0.15,0.15,1.08,-0.37,-0.01,-0.19
-0.17,0.15,1.1,-0.43,0.03,-0.17
-0.2,0.13,1.11,-0.48,0.08,-0.14
-0.22,0.11,1.13,-0.51,0.14,-0.13
-0.23,0.1,1.12,-0.5,0.2,-0.12
-0.25,0.1,1.11,-0.5,0.26,-0.1
-0.25,0.1,1.1,-0.45,0.31,-0.09
-0.25,0.09,1.1,-0.42,0.35,-0.07
-0.25,0.08,1.11,-0.38,0.38,-0.07
-0.23,0.07,1.11,-0.32,0.4,-0.07
-0.23,0.07,1.1,-0.27,0.42,-0.07
-0.23,0.06,1.09,-0.21,0.44,-0.06
-0.22,0.07,1.08,-0.16,0.46,-0.08
-0.2,0.06,1.06,-0.1,0.47,-0.06
-0.19,0.06,1.06,-0.05,0.49,-0.07
-0.17,0.06,1.07,-0.02,0.49,-0.06
-0.15,0.06,1.08,-0.0,0.5,-0.07
-0.16,0.08,1.09,0.01,0.49,-0.07
-0.15,0.08,1.1,0.02,0.51,-0.07
-0.14,0.09,1.11,0.02,0.53,-0.08
-0.13,0.09,1.12,0.02,0.57,-0.09
-0.11,0.09,1.12,0.01,0.59,-0.09
-0.09,0.1,1.11,-0.01,0.61,-0.1
-0.09,0.1,1.1,-0.06,0.62,-0.1
-0.08,0.1,1.11,-0.1,0.64,-0.12
-0.1,0.1,1.12,-0.15,0.66,-0.13
-0.11,0.11,1.12,-0.19,0.67,-0.13
-0.11,0.11,1.13,-0.22,0.7,-0.15
-0.12,0.12,1.15,-0.28,0.73,-0.16
-0.13,0.12,1.15,-0.32,0.75,-0.17
-0.13,0.12,1.15,-0.37,0.77,-0.17
-0.14,0.1,1.15,-0.4,0.8,-0.19
-0.15,0.1,1.14,-0.44,0.84,-0.19
-0.16,0.09,1.14,-0.47,0.88,-0.19
-0.17,0.1,1.15,-0.48,0.91,-0.19
-0.19,0.1,1.16,-0.48,0.93,-0.18
-0.2,0.1,1.17,-0.47,0.95,-0.18
-0.2,0.09,1.18,-0.46,0.98,-0.18
-0.22,0.09,1.19,-0.43,1.0,-0.19
-0.23,0.08,1.2,-0.42,1.03,-0.21
-0.23,0.08,1.21,-0.38,1.07,-0.22
-0.23,0.07,1.23,-0.34,1.11,-0.23
-0.23,0.08,1.24,-0.31,1.14,-0.24
-0.24,0.08,1.25,-0.28,1.17,-0.25
-0.24,0.08,1.26,-0.23,1.22,-0.27
-0.24,0.07,1.28,-0.2,1.27,-0.29
-0.23,0.06,1.26,-0.18,1.33,-0.3
-0.21,0.07,1.27,-0.17,1.42,-0.32
-0.19,0.07,1.25,-0.16,1.49,-0.33
-0.16,0.07,1.24,-0.17,1.56,-0.32
-0.14,0.06,1.23,-0.18,1.61,-0.29
-0.13,0.05,1.23,-0.22,1.67,-0.27
-0.11,0.05,1.23,-0.25,1.72,-0.25
-0.09,0.05,1.21,-0.27,1.77,-0.23
-0.09,0.05,1.21,-0.29,1.79,-0.22
-0.08,0.05,1.2,-0.32,1.8,-0.19
-0.07,0.03,1.18,-0.33,1.84,-0.2
-0.07,0.03,1.18,-0.34,1.83,-0.18
-0.07,0.03,1.19,-0.34,1.84,-0.18
-0.06,0.03,1.21,-0.33,1.84,-0.19
-0.06,0.04,1.24,-0.32,1.84,-0.21
-0.06,0.04,1.26,-0.29,1.85,-0.22
-0.06,0.04,1.27,-0.26,1.87,-0.24
-0.05,0.05,1.27,-0.24,1.89,-0.26
-0.04,0.05,1.26,-0.21,1.92,-0.27
-0.02,0.06,1.25,-0.19,1.95,-0.28
-0.01,0.06,1.24,-0.18,1.96,-0.28
0.0,0.05,1.22,-0.19,1.98,-0.28
0.01,0.05,1.21,-0.2,1.99,-0.28
0.03,0.05,1.2,-0.22,1.99,-0.29
0.03,0.03,1.19,-0.26,2.0,-0.29
0.03,0.03,1.2,-0.29,2.02,-0.28
0.02,0.03,1.22,-0.31,2.02,-0.28
0.01,0.03,1.23,-0.31,2.04,-0.27
0.01,0.02,1.25,-0.32,2.06,-0.26
0.02,0.01,1.26,-0.32,2.08,-0.26
0.03,0.01,1.27,-0.3,2.12,-0.28
0.03,0.01,1.27,-0.3,2.16,-0.29
0.05,0.0,1.26,-0.32,2.19,-0.3
0.05,0.0,1.25,-0.32,2.23,-0.3
0.05,0.01,1.24,-0.3,2.25,-0.29
0.06,0.01,1.22,-0.31,2.28,-0.28
0.07,0.01,1.2,-0.32,2.3,-0.26
0.08,0.01,1.19,-0.32,2.3,-0.25
0.09,-0.01,1.19,-0.32,2.3,-0.24
0.08,-0.01,1.18,-0.32,2.29,-0.23
0.08,-0.02,1.19,-0.32,2.29,-0.23
0.08,-0.02,1.19,-0.31,2.29,-0.23
0.09,-0.02,1.2,-0.28,2.28,-0.23
0.09,-0.04,1.2,-0.25,2.29,-0.24
0.09,-0.04,1.2,-0.22,2.29,-0.23
0.1,-0.05,1.21,-0.19,2.3,-0.23
0.11,-0.04,1.22,-0.15,2.3,-0.24
0.12,-0.03,1.21,-0.11,2.31,-0.25
0.12,-0.04,1.2,-0.1,2.33,-0.26
0.14,-0.04,1.19,-0.08,2.34,-0.25
0.16,-0.03,1.17,-0.1,2.36,-0.25
0.16,-0.03,1.16,-0.1,2.34,-0.24
0.18,-0.04,1.18,-0.14,2.34,-0.23
0.18,-0.04,1.18,-0.16,2.35,-0.23
0.18,-0.03,1.17,-0.18,2.35,-0.22
0.17,-0.05,1.16,-0.2,2.37,-0.21
0.16,-0.05,1.15,-0.23,2.4,-0.19
0.15,-0.05,1.14,-0.22,2.41,-0.16
0.14,-0.06,1.13,-0.19,2.42,-0.12
0.12,-0.05,1.11,-0.16,2.4,-0.09
0.13,-0.06,1.09,-0.1,2.38,-0.04
0.13,-0.07,1.08,-0.04,2.39,-0.02
0.13,-0.06,1.07,0.03,2.35,0.01
0.14,-0.06,1.05,0.11,2.32,0.02
0.15,-0.07,1.04,0.19,2.29,0.02
0.17,-0.08,1.04,0.27,2.25,0.01
0.17,-0.08,1.02,0.33,2.23,-0.01
0.19,-0.09,1.0,0.39,2.21,-0.04
0.2,-0.09,0.98,0.47,2.18,-0.05
0.21,-0.08,0.97,0.51,2.18,-0.08
0.24,-0.08,0.97,0.58,2.15,-0.1
0.27,-0.07,0.97,0.62,2.14,-0.13
0.29,-0.06,0.95,0.64,2.13,-0.18
0.31,-0.03,0.93,0.64,2.11,-0.23
0.33,0.0,0.9,0.59,2.07,-0.28
0.32,0.01,0.87,0.5,2.05,-0.33
0.32,0.01,0.87,0.38,2.01,-0.35
0.31,0.03,0.88,0.24,1.99,-0.37
0.3,0.05,0.89,0.09,1.95,-0.37
0.29,0.05,0.92,-0.07,1.92,-0.35
0.27,0.03,0.96,-0.23,1.92,-0.33
0.25,0.01,0.98,-0.37,1.9,-0.29
0.23,-0.01,1.01,-0.5,1.89,-0.24
0.21,-0.02,1.05,-0.58,1.91,-0.21
0.19,-0.05,1.07,-0.6,1.93,-0.16
0.18,-0.06,1.1,-0.62,1.99,-0.13
0.17,-0.08,1.1,-0.59,2.01,-0.11
0.17,-0.09,1.12,-0.54,2.05,-0.09
0.17,-0.11,1.12,-0.48,2.04,-0.09
0.18,-0.11,1.13,-0.4,2.04,-0.1
0.17,-0.11,1.13,-0.3,2.02,-0.12
0.17,-0.12,1.13,-0.21,2.0,-0.15
0.2,-0.14,1.12,-0.13,2.01,-0.18
0.2,-0.15,1.1,-0.04,2.03,-0.24
0.18,-0.12,1.08,0.03,2.04,-0.28
0.18,-0.08,1.04,0.09,2.06,-0.3
0.15,-0.07,1.0,0.13,2.07,-0.3
0.14,-0.06,0.98,0.13,2.05,-0.29
0.14,-0.05,0.95,0.11,2.01,-0.25
0.16,-0.03,0.96,0.09,2.0,-0.23
0.19,-0.04,0.96,0.04,2.01,-0.21
0.21,-0.05,0.95,-0.01,2.02,-0.2
0.21,-0.06,0.93,-0.09,2.04,-0.2
0.21,-0.05,0.92,-0.15,2.06,-0.21
0.18,-0.04,0.92,-0.21,2.08,-0.21
0.17,-0.04,0.93,-0.25,2.08,-0.18
0.15,-0.03,0.92,-0.28,2.08,-0.16
0.13,-0.03,0.91,-0.27,2.08,-0.15
0.12,-0.02,0.89,-0.29,2.07,-0.12
0.12,-0.04,0.87,-0.29,2.05,-0.11
0.08,-0.03,0.86,-0.27,2.01,-0.1
0.07,-0.03,0.86,-0.27,1.98,-0.09
0.07,-0.01,0.86,-0.23,1.95,-0.06
0.09,-0.01,0.87,-0.2,1.93,-0.04
0.11,-0.01,0.87,-0.17,1.9,-0.02
0.12,-0.01,0.87,-0.15,1.88,-0.04
0.13,-0.02,0.87,-0.15,1.84,-0.04
0.17,-0.02,0.89,-0.14,1.81,-0.07
0.19,-0.02,0.9,-0.14,1.79,-0.08
0.21,-0.02,0.91,-0.15,1.79,-0.11
0.22,-0.02,0.92,-0.18,1.83,-0.13
0.2,-0.01,0.93,-0.21,1.84,-0.16
0.18,0.01,0.93,-0.25,1.86,-0.15
0.16,0.01,0.92,-0.27,1.86,-0.14
0.14,0.0,0.93,-0.32,1.86,-0.12
0.13,0.0,0.92,-0.35,1.87,-0.09
0.13,-0.01,0.93,-0.35,1.87,-0.06
0.13,-0.01,0.93,-0.35,1.88,-0.04
0.13,-0.0,0.93,-0.35,1.88,-0.02
0.13,-0.0,0.93,-0.33,1.84,-0.01
0.14,-0.01,0.93,-0.3,1.81,-0.01
0.14,-0.03,0.93,-0.26,1.78,-0.02
0.14,-0.02,0.93,-0.22,1.74,-0.04
0.11,-0.01,0.94,-0.16,1.7,-0.05
0.11,-0.01,0.93,-0.12,1.68,-0.06
0.12,-0.03,0.91,-0.06,1.65,-0.08
0.11,-0.03,0.9,-0.03,1.64,-0.1
0.1,-0.02,0.9,0.04,1.63,-0.11
0.11,-0.02,0.88,0.08,1.63,-0.11
0.1,0.01,0.86,0.12,1.62,-0.13
0.1,0.02,0.84,0.14,1.6,-0.12
0.11,0.01,0.83,0.15,1.56,-0.12
0.1,0.03,0.82,0.16,1.55,-0.13
0.1,0.05,0.82,0.15,1.51,-0.15
0.1,0.07,0.83,0.13,1.47,-0.15
0.11,0.06,0.82,0.08,1.45,-0.15
0.14,0.04,0.81,0.02,1.43,-0.18
0.13,0.04,0.83,-0.05,1.42,-0.2
0.11,0.04,0.86,-0.1,1.41,-0.18
0.11,0.03,0.9,-0.14,1.4,-0.16
0.11,0.02,0.9,-0.16,1.38,-0.12
0.1,-0.01,0.91,-0.18,1.37,-0.12
0.1,-0.03,0.93,-0.16,1.38,-0.1
0.1,-0.05,0.94,-0.11,1.37,-0.08
0.08,-0.09,0.98,-0.03,1.35,-0.08
0.07,-0.09,0.98,0.08,1.33,-0.07
0.05,-0.1,0.98,0.2,1.33,-0.06
0.03,-0.11,0.98,0.33,1.32,-0.05
0.03,-0.09,0.97,0.46,1.32,-0.03
0.04,-0.08,0.93,0.58,1.32,-0.03
0.06,-0.08,0.91,0.66,1.33,-0.05
0.06,-0.06,0.89,0.72,1.32,-0.05
0.06,-0.02,0.87,0.75,1.31,-0.06
0.05,0.02,0.86,0.76,1.29,-0.07
0.07,0.03,0.85,0.76,1.25,-0.06
0.09,0.03,0.83,0.71,1.23,-0.08
0.11,0.04,0.82,0.66,1.21,-0.1
0.11,0.05,0.82,0.6,1.22,-0.12
0.11,0.07,0.83,0.52,1.24,-0.13
0.1,0.08,0.83,0.43,1.26,-0.13
0.09,0.09,0.83,0.36,1.25,-0.15
0.1,0.1,0.81,0.25,1.24,-0.15
0.1,0.1,0.83,0.16,1.22,-0.17
0.09,0.09,0.85,0.08,1.21,-0.18
0.09,0.09,0.87,0.01,1.19,-0.17
0.08,0.08,0.87,-0.05,1.18,-0.18
0.08,0.06,0.89,-0.12,1.18,-0.18
0.07,0.06,0.91,-0.16,1.15,-0.18
0.07,0.04,0.92,-0.2,1.14,-0.18
0.07,-0.0,0.95,-0.22,1.12,-0.18
0.09,-0.02,0.96,-0.21,1.1,-0.18
0.09,-0.06,1.0,-0.16,1.07,-0.17
0.11,-0.09,1.02,-0.07,1.08,-0.17
0.1,-0.1,1.03,0.05,1.07,-0.18
0.09,-0.1,1.05,0.18,1.07,-0.19
0.1,-0.11,1.05,0.31,1.07,-0.19
0.11,-0.12,1.04,0.42,1.07,-0.2
0.11,-0.13,1.03,0.54,1.07,-0.21
0.09,-0.11,1.02,0.66,1.09,-0.23
0.09,-0.08,1.0,0.75,1.11,-0.24
0.08,-0.04,0.98,0.83,1.13,-0.23
0.07,-0.01,0.94,0.84,1.18,-0.23
0.05,0.04,0.91,0.84,1.21,-0.22
0.04,0.09,0.88,0.78,1.21,-0.22
0.02,0.12,0.87,0.68,1.22,-0.21
0.02,0.16,0.85,0.57,1.2,-0.18
0.03,0.17,0.83,0.44,1.21,-0.18
0.02,0.17,0.81,0.32,1.2,-0.16
0.01,0.16,0.81,0.19,1.19,-0.16
0.01,0.14,0.83,0.1,1.16,-0.13
0.01,0.13,0.84,0.04,1.16,-0.14
0.02,0.11,0.84,-0.01,1.13,-0.12
0.01,0.09,0.84,-0.04,1.11,-0.11
0.02,0.05,0.86,-0.02,1.07,-0.12
0.01,0.03,0.87,-0.0,1.05,-0.14
0.0,0.01,0.88,0.05,1.03,-0.15
-0.02,-0.01,0.9,0.14,1.0,-0.15
-0.04,-0.02,0.92,0.23,0.95,-0.14
-0.04,-0.03,0.92,0.35,0.91,-0.15
-0.04,-0.04,0.92,0.45,0.87,-0.13
-0.02,-0.06,0.92,0.55,0.85,-0.14
-0.03,-0.04,0.91,0.66,0.85,-0.13
-0.02,-0.01,0.9,0.75,0.87,-0.14
-0.01,0.05,0.87,0.79,0.88,-0.13
-0.01,0.09,0.83,0.78,0.89,-0.13
-0.02,0.15,0.8,0.72,0.87,-0.12
-0.02,0.19,0.78,0.62,0.88,-0.13
-0.03,0.22,0.78,0.47,0.87,-0.13
-0.03,0.24,0.77,0.33,0.85,-0.12
-0.04,0.25,0.77,0.16,0.82,-0.12
-0.04,0.23,0.78,0.01,0.81,-0.11
-0.05,0.21,0.8,-0.14,0.78,-0.11
-0.05,0.18,0.82,-0.24,0.77,-0.11
-0.05,0.14,0.85,-0.33,0.73,-0.09
-0.06,0.09,0.87,-0.37,0.7,-0.08
-0.04,0.03,0.9,-0.36,0.65,-0.07
-0.03,-0.01,0.93,-0.32,0.62,-0.08
-0.02,-0.05,0.94,-0.24,0.57,-0.07
-0.02,-0.08,0.96,-0.13,0.59,-0.08
-0.04,-0.09,0.96,-0.0,0.59,-0.08
-0.06,-0.07,0.96,0.13,0.58,-0.06
-0.07,-0.03,0.95,0.23,0.6,-0.04
-0.06,-0.0,0.94,0.31,0.63,-0.03
-0.07,0.05,0.9,0.36,0.63,0.0
-0.07,0.09,0.88,0.38,0.65,0.03
-0.07,0.14,0.86,0.37,0.63,0.06
-0.07,0.17,0.85,0.33,0.6,0.09
-0.04,0.2,0.83,0.25,0.58,0.1
-0.03,0.21,0.82,0.18,0.56,0.12
-0.02,0.23,0.8,0.1,0.53,0.12
-0.01,0.24,0.8,0.02,0.52,0.1
-0.02,0.24,0.81,-0.06,0.49,0.08
-0.01,0.23,0.82,-0.13,0.45,0.05
-0.01,0.21,0.83,-0.19,0.4,0.04
-0.0,0.17,0.84,-0.19,0.36,0.0
0.01,0.13,0.85,-0.19,0.32,-0.03
0.02,0.09,0.88,-0.16,0.28,-0.05
-0.01,0.08,0.89,-0.11,0.26,-0.07
0.0,0.08,0.9,-0.06,0.26,-0.09
-0.02,0.06,0.93,0.01,0.22,-0.09
-0.02,0.06,0.92,0.06,0.19,-0.08
-0.02,0.06,0.91,0.12,0.18,-0.08
-0.02,0.07,0.91,0.16,0.16,-0.09
-0.02,0.09,0.9,0.16,0.14,-0.07
-0.02,0.1,0.9,0.16,0.11,-0.05
-0.01,0.09,0.9,0.14,0.09,-0.04
0.02,0.09,0.89,0.14,0.07,-0.04
0.03,0.09,0.9,0.12,0.05,-0.04
0.05,0.08,0.9,0.11,0.05,-0.05
0.04,0.07,0.89,0.08,0.04,-0.08
0.03,0.06,0.89,0.06,0.04,-0.08
0.02,0.06,0.9,0.02,0.03,-0.09
0.01,0.05,0.91,0.01,0.02,-0.08
-0.0,0.05,0.92,-0.02,0.01,-0.06
-0.01,0.04,0.92,-0.02,-0.0,-0.06
-0.01,0.04,0.93,-0.04,-0.02,-0.04
-0.0,0.02,0.93,-0.07,-0.04,-0.03
0.0,0.01,0.93,-0.07,-0.06,-0.03
0.02,-0.02,0.94,-0.07,-0.05,-0.03
0.01,-0.03,0.95,-0.07,-0.04,-0.03
0.02,-0.02,0.95,-0.06,-0.05,-0.02
0.02,-0.03,0.96,-0.04,-0.04,0.01
0.03,-0.02,0.96,-0.02,-0.05,0.02
0.04,-0.01,0.95,-0.01,-0.05,0.04
0.04,-0.01,0.93,-0.0,-0.03,0.03
0.03,-0.01,0.92,0.01,-0.05,0.02
0.01,0.02,0.92,0.0,-0.03,0.03
-0.0,0.02,0.93,0.0,-0.02,0.03
-0.01,0.03,0.93,-0.01,-0.03,0.05
-0.01,0.04,0.94,-0.01,-0.07,0.08
0.0,0.04,0.95,-0.0,-0.1,0.09
0.04,0.04,0.94,-0.01,-0.1,0.1
0.02,0.04,0.92,-0.03,-0.08,0.09
0.02,0.06,0.91,-0.07,-0.09,0.07
0.0,0.06,0.92,-0.1,-0.08,0.05
0.01,0.06,0.94,-0.13,-0.08,0.07
0.01,0.06,0.95,-0.17,-0.09,0.08
0.02,0.05,0.95,-0.18,-0.1,0.09
0.03,0.05,0.95,-0.17,-0.12,0.1
0.04,0.05,0.95,-0.19,-0.12,0.1
0.03,0.04,0.96,-0.18,-0.13,0.09
0.04,0.04,0.96,-0.18,-0.14,0.06
0.04,0.04,0.97,-0.19,-0.15,0.05
0.03,0.02,0.97,-0.2,-0.14,0.04
0.03,0.01,0.98,-0.19,-0.14,0.03
0.01,0.01,0.98,-0.19,-0.13,0.03
0.02,0.02,0.99,-0.16,-0.13,0.05
0.02,0.01,0.99,-0.16,-0.15,0.07
0.03,0.0,0.99,-0.15,-0.14,0.07
0.04,0.0,0.98,-0.16,-0.14,0.07
0.03,-0.0,0.98,-0.16,-0.11,0.07
0.03,-0.0,0.97,-0.16,-0.1,0.06
0.04,0.0,0.98,-0.16,-0.08,0.06
0.03,0.01,0.98,-0.18,-0.05,0.06
0.02,0.02,0.98,-0.19,-0.04,0.06
0.01,0.02,0.99,-0.22,-0.05,0.09
0.02,0.02,1.0,-0.24,-0.05,0.1
0.03,0.01,0.99,-0.25,-0.04,0.12
0.03,-0.01,0.98,-0.25,-0.04,0.12
0.02,-0.01,0.99,-0.26,-0.02,0.11
0.02,-0.01,0.99,-0.23,-0.04,0.12
0.01,-0.01,1.0,-0.23,-0.03,0.11
0.02,-0.02,1.01,-0.19,-0.04,0.1
0.03,-0.03,1.01,-0.15,-0.06,0.1
0.05,-0.03,1.03,-0.09,-0.06,0.1
0.06,-0.03,1.03,-0.04,-0.06,0.1
0.07,-0.03,1.01,0.02,-0.05,0.09
0.07,-0.01,1.01,0.04,-0.03,0.09
0.07,0.01,1.0,0.06,-0.03,0.09
0.05,0.03,0.99,0.07,-0.02,0.11
0.07,0.04,0.99,0.07,-0.01,0.11
0.07,0.05,0.98,0.08,0.01,0.11
0.08,0.06,0.97,0.06,0.01,0.11
0.1,0.08,0.96,0.05,0.02,0.11
0.11,0.09,0.94,0.03,0.04,0.11
0.09,0.11,0.94,-0.01,0.06,0.09
0.07,0.13,0.93,-0.04,0.07,0.08
0.05,0.13,0.93,-0.08,0.07,0.08
0.05,0.13,0.93,-0.11,0.05,0.07
0.05,0.12,0.93,-0.13,0.03,0.06
0.05,0.12,0.95,-0.13,0.0,0.06
0.04,0.11,0.93,-0.13,-0.01,0.06
0.04,0.1,0.93,-0.13,-0.03,0.03
0.03,0.1,0.91,-0.11,-0.05,0.0
0.02,0.1,0.91,-0.1,-0.07,-0.02
-0.0,0.1,0.91,-0.08,-0.09,-0.03
-0.01,0.1,0.9,-0.05,-0.12,-0.03
-0.03,0.11,0.9,-0.03,-0.14,-0.04
-0.04,0.11,0.88,-0.02,-0.16,-0.03
-0.05,0.11,0.87,-0.01,-0.19,-0.02
-0.06,0.12,0.85,0.01,-0.23,-0.02
-0.07,0.12,0.84,0.01,-0.24,-0.01
-0.08,0.13,0.83,0.03,-0.28,-0.0
-0.09,0.13,0.83,0.02,-0.3,0.01
-0.1,0.14,0.81,0.03,-0.34,0.03
-0.1,0.14,0.8,0.03,-0.37,0.03
-0.1,0.14,0.79,0.03,-0.41,0.04
-0.11,0.15,0.8,0.04,-0.45,0.05
-0.11,0.16,0.8,0.04,-0.51,0.08
-0.1,0.16,0.78,0.04,-0.55,0.07
-0.1,0.16,0.76,0.02,-0.59,0.06
-0.1,0.18,0.74,-0.02,-0.63,0.07
-0.12,0.19,0.74,-0.04,-0.66,0.07
-0.13,0.21,0.72,-0.08,-0.69,0.08
-0.14,0.21,0.71,-0.13,-0.73,0.1
-0.15,0.22,0.69,-0.18,-0.76,0.13
-0.16,0.22,0.67,-0.24,-0.82,0.15
-0.17,0.23,0.64,-0.28,-0.86,0.17
-0.17,0.24,0.64,-0.34,-0.91,0.18
-0.18,0.24,0.62,-0.37,-0.95,0.19
-0.18,0.24,0.6,-0.4,-1.01,0.19
-0.18,0.24,0.6,-0.43,-1.09,0.2
-0.17,0.23,0.6,-0.45,-1.19,0.2
-0.15,0.21,0.6,-0.46,-1.29,0.2
-0.13,0.19,0.63,-0.46,-1.39,0.2
-0.12,0.17,0.65,-0.44,-1.48,0.18
-0.09,0.15,0.65,-0.44,-1.57,0.17
-0.06,0.12,0.65,-0.42,-1.65,0.16
-0.03,0.09,0.65,-0.42,-1.74,0.15
0.0,0.07,0.68,-0.37,-1.78,0.12
0.0,0.07,0.68,-0.35,-1.82,0.13
0.02,0.06,0.7,-0.3,-1.85,0.12
0.03,0.05,0.68,-0.27,-1.87,0.13
0.05,0.04,0.67,-0.26,-1.87,0.1
0.04,0.05,0.68,-0.23,-1.86,0.11
0.04,0.05,0.68,-0.24,-1.85,0.1
0.03,0.06,0.65,-0.24,-1.85,0.12
0.01,0.06,0.66,-0.25,-1.85,0.13
-0.0,0.08,0.66,-0.26,-1.87,0.15
-0.01,0.09,0.67,-0.29,-1.92,0.18
0.01,0.09,0.68,-0.31,-1.99,0.2
0.03,0.08,0.67,-0.32,-2.06,0.22
0.06,0.06,0.67,-0.35,-2.13,0.22
0.08,0.05,0.7,-0.36,-2.17,0.2
0.1,0.04,0.71,-0.38,-2.24,0.18
0.12,0.03,0.72,-0.41,-2.29,0.16
0.15,-0.0,0.72,-0.44,-2.33,0.15
0.19,-0.04,0.73,-0.44,-2.34,0.13
0.21,-0.05,0.77,-0.41,-2.36,0.1
0.22,-0.06,0.8,-0.36,-2.34,0.07
0.21,-0.06,0.82,-0.31,-2.35,0.04
0.19,-0.06,0.82,-0.26,-2.34,0.01
0.18,-0.05,0.83,-0.24,-2.38,0.0
0.16,-0.05,0.83,-0.21,-2.38,-0.02
0.15,-0.07,0.84,-0.19,-2.37,-0.03
0.14,-0.07,0.85,-0.18,-2.35,-0.01
0.14,-0.06,0.87,-0.17,-2.35,0.02
0.13,-0.05,0.89,-0.19,-2.36,0.05
0.13,-0.03,0.9,-0.2,-2.38,0.1
0.15,-0.03,0.9,-0.26,-2.39,0.15
0.19,-0.05,0.89,-0.34,-2.42,0.18
0.23,-0.08,0.89,-0.43,-2.41,0.2
0.27,-0.12,0.91,-0.49,-2.4,0.2
0.32,-0.14,0.96,-0.53,-2.38,0.19
0.34,-0.13,1.0,-0.51,-2.37,0.18
0.35,-0.13,1.01,-0.48,-2.31,0.13
0.32,-0.14,0.99,-0.43,-2.27,0.08
0.26,-0.14,0.96,-0.39,-2.23,0.01
0.21,-0.12,0.94,-0.36,-2.24,-0.04
0.14,-0.09,0.92,-0.3,-2.26,-0.07
0.12,-0.07,0.91,-0.25,-2.29,-0.08
0.1,-0.08,0.91,-0.21,-2.33,-0.08
0.08,-0.07,0.92,-0.19,-2.38,-0.06
0.11,-0.07,0.94,-0.16,-2.42,-0.04
0.14,-0.08,0.91,-0.14,-2.42,-0.01
0.18,-0.09,0.91,-0.2,-2.42,-0.0
0.21,-0.12,0.98,-0.23,-2.45,-0.01
0.23,-0.11,1.02,-0.27,-2.47,0.01
0.26,-0.12,1.05,-0.29,-2.45,0.02
0.28,-0.16,1.09,-0.28,-2.4,0.02
0.28,-0.18,1.09,-0.26,-2.39,0.01
0.28,-0.16,1.11,-0.25,-2.34,-0.02
0.26,-0.15,1.11,-0.22,-2.3,-0.05
0.24,-0.14,1.09,-0.2,-2.25,-0.08
0.2,-0.12,1.06,-0.19,-2.23,-0.11
0.16,-0.1,1.05,-0.18,-2.22,-0.12
0.15,-0.08,1.04,-0.18,-2.22,-0.12
0.12,-0.08,1.03,-0.17,-2.23,-0.1
0.12,-0.09,1.02,-0.19,-2.24,-0.09
0.13,-0.09,1.01,-0.21,-2.24,-0.08
0.13,-0.08,1.01,-0.23,-2.23,-0.06
0.12,-0.08,1.02,-0.23,-2.25,-0.03
0.13,-0.08,1.03,-0.25,-2.26,0.02
0.15,-0.1,1.03,-0.25,-2.24,0.04
0.18,-0.11,1.04,-0.25,-2.22,0.06
0.22,-0.1,1.06,-0.23,-2.19,0.05
0.25,-0.1,1.07,-0.22,-2.19,0.02
0.28,-0.09,1.09,-0.19,-2.21,-0.04
0.29,-0.1,1.12,-0.15,-2.23,-0.11
0.32,-0.12,1.16,-0.12,-2.24,-0.22
0.31,-0.1,1.19,-0.08,-2.26,-0.32
0.27,-0.08,1.19,-0.1,-2.26,-0.42
0.25,-0.06,1.17,-0.13,-2.23,-0.48
0.22,-0.06,1.18,-0.2,-2.2,-0.53
0.17,-0.03,1.18,-0.3,-2.17,-0.53
0.15,-0.01,1.18,-0.41,-2.11,-0.52
0.11,-0.02,1.17,-0.55,-2.06,-0.46
0.09,-0.05,1.19,-0.69,-1.99,-0.39
0.05,-0.06,1.21,-0.8,-1.95,-0.3
0.01,-0.07,1.23,-0.86,-1.87,-0.19
-0.02,-0.08,1.23,-0.87,-1.8,-0.11
-0.05,-0.09,1.24,-0.84,-1.76,-0.03
-0.06,-0.12,1.23,-0.77,-1.69,0.03
-0.05,-0.14,1.22,-0.64,-1.64,0.06
-0.04,-0.14,1.21,-0.5,-1.63,0.07
-0.03,-0.15,1.18,-0.32,-1.64,0.06
-0.01,-0.14,1.15,-0.13,-1.65,0.04
-0.02,-0.13,1.12,0.06,-1.68,0.0
-0.02,-0.13,1.07,0.28,-1.7,-0.06
0.01,-0.09,0.99,0.47,-1.74,-0.1
0.01,-0.07,0.92,0.64,-1.79,-0.15
0.05,-0.04,0.87,0.74,-1.87,-0.17
0.1,-0.02,0.83,0.79,-1.99,-0.2
0.13,-0.0,0.82,0.8,-2.11,-0.24
0.18,0.0,0.83,0.77,-2.22,-0.25
0.22,0.0,0.86,0.67,-2.3,-0.26
0.25,0.01,0.91,0.54,-2.33,-0.28
0.27,0.0,0.98,0.37,-2.37,-0.3
0.27,0.0,1.04,0.18,-2.36,-0.31
0.25,-0.03,1.1,-0.02,-2.33,-0.32
0.24,-0.05,1.16,-0.22,-2.29,-0.31
0.18,-0.03,1.22,-0.39,-2.24,-0.28
0.13,-0.05,1.26,-0.52,-2.18,-0.23
0.07,-0.05,1.29,-0.58,-2.08,-0.17
0.03,-0.05,1.28,-0.6,-1.98,-0.1
-0.01,-0.05,1.26,-0.59,-1.92,-0.04
-0.03,-0.06,1.24,-0.54,-1.87,0.01
-0.05,-0.07,1.21,-0.46,-1.83,0.02
-0.05,-0.08,1.18,-0.38,-1.8,0.04
-0.03,-0.08,1.16,-0.28,-1.77,0.03
-0.01,-0.08,1.15,-0.16,-1.79,0.03
-0.01,-0.06,1.12,-0.05,-1.79,0.0
0.01,-0.05,1.08,0.04,-1.83,0.0
0.04,-0.05,1.06,0.15,-1.86,-0.01
0.07,-0.06,1.06,0.2,-1.89,-0.02
0.09,-0.06,1.08,0.24,-1.92,-0.06
0.1,-0.04,1.08,0.25,-1.95,-0.1
0.11,-0.03,1.07,0.25,-1.96,-0.13
0.12,-0.03,1.06,0.25,-1.96,-0.15
0.13,-0.02,1.06,0.23,-1.97,-0.17
0.12,-0.01,1.06,0.17,-1.99,-0.2
0.11,-0.0,1.07,0.1,-1.99,-0.19
0.1,-0.0,1.07,0.02,-1.98,-0.19
0.09,-0.01,1.08,-0.04,-1.97,-0.18
0.07,-0.01,1.1,-0.12,-1.96,-0.16
0.05,-0.0,1.13,-0.19,-1.94,-0.13
0.04,-0.01,1.14,-0.22,-1.89,-0.1
0.02,-0.01,1.14,-0.24,-1.88,-0.06
0.01,-0.01,1.15,-0.27,-1.85,-0.04
0.0,-0.01,1.15,-0.27,-1.83,-0.01
-0.0,-0.02,1.16,-0.25,-1.84,0.0
-0.0,-0.01,1.16,-0.23,-1.83,0.01
-0.0,-0.02,1.17,-0.2,-1.84,0.01
0.0,-0.03,1.16,-0.16,-1.83,-0.0
0.01,-0.04,1.16,-0.12,-1.84,-0.02
0.01,-0.04,1.16,-0.06,-1.86,-0.03
0.02,-0.04,1.16,-0.02,-1.86,-0.06
0.03,-0.04,1.15,0.01,-1.87,-0.08
0.03,-0.04,1.15,0.05,-1.87,-0.11
0.05,-0.04,1.12,0.07,-1.88,-0.12
0.07,-0.04,1.11,0.08,-1.87,-0.14
0.08,-0.04,1.1,0.07,-1.89,-0.16
0.08,-0.04,1.09,0.05,-1.89,-0.15
0.07,-0.03,1.07,0.03,-1.9,-0.15
0.07,-0.02,1.05,-0.0,-1.9,-0.13
0.08,-0.01,1.06,-0.04,-1.92,-0.1
0.08,-0.02,1.06,-0.1,-1.94,-0.08
0.08,-0.01,1.08,-0.12,-1.96,-0.06
0.08,-0.01,1.1,-0.15,-1.98,-0.05
0.07,-0.01,1.13,-0.18,-1.99,-0.04
0.07,-0.01,1.14,-0.2,-2.01,-0.05
0.06,-0.02,1.16,-0.22,-2.0,-0.07
0.05,-0.01,1.19,-0.2,-2.01,-0.09
0.03,-0.01,1.2,-0.2,-2.01,-0.12
0.02,-0.0,1.21,-0.2,-2.0,-0.15
-0.0,0.02,1.22,-0.19,-2.02,-0.16
-0.01,0.02,1.22,-0.18,-2.0,-0.19
-0.02,0.02,1.21,-0.17,-1.97,-0.19
-0.03,0.03,1.21,-0.18,-1.97,-0.19
-0.04,0.04,1.21,-0.18,-1.96,-0.19
-0.06,0.04,1.21,-0.18,-1.95,-0.17
-0.08,0.06,1.2,-0.17,-1.94,-0.15
-0.09,0.06,1.21,-0.16,-1.92,-0.14
-0.11,0.06,1.22,-0.14,-1.92,-0.13
-0.12,0.05,1.23,-0.12,-1.9,-0.12
-0.13,0.04,1.25,-0.11,-1.87,-0.13
-0.14,0.05,1.27,-0.09,-1.86,-0.14
-0.15,0.06,1.27,-0.05,-1.84,-0.14
-0.16,0.07,1.28,-0.05,-1.79,-0.14
-0.16,0.07,1.26,-0.01,-1.75,-0.14
-0.16,0.07,1.26,-0.01,-1.72,-0.14
-0.17,0.09,1.25,0.0,-1.68,-0.14
-0.17,0.1,1.23,-0.0,-1.65,-0.13
-0.17,0.1,1.23,-0.0,-1.61,-0.11
-0.17,0.11,1.21,0.01,-1.59,-0.1
-0.18,0.11,1.21,0.01,-1.56,-0.08
-0.19,0.11,1.22,0.02,-1.53,-0.09
-0.19,0.11,1.22,0.03,-1.51,-0.09
-0.2,0.12,1.22,0.05,-1.48,-0.11
-0.22,0.13,1.22,0.06,-1.45,-0.11
-0.22,0.13,1.21,0.08,-1.4,-0.12
-0.23,0.14,1.21,0.11,-1.34,-0.13
-0.21,0.12,1.2,0.13,-1.33,-0.13
-0.23,0.14,1.2,0.13,-1.32,-0.12
-0.25,0.16,1.2,0.14,-1.28,-0.14
-0.24,0.16,1.19,0.16,-1.25,-0.12
-0.23,0.17,1.18,0.16,-1.19,-0.12
-0.22,0.17,1.17,0.17,-1.15,-0.1
-0.21,0.18,1.16,0.15,-1.12,-0.08
-0.2,0.18,1.15,0.16,-1.06,-0.07
-0.18,0.18,1.15,0.15,-1.05,-0.05
-0.18,0.18,1.15,0.12,-1.02,-0.04
-0.18,0.18,1.15,0.08,-1.0,-0.05
-0.15,0.17,1.15,0.02,-0.98,-0.06
-0.15,0.18,1.15,-0.02,-0.94,-0.08
-0.16,0.18,1.14,-0.07,-0.91,-0.11
-0.15,0.18,1.13,-0.11,-0.87,-0.12
-0.17,0.17,1.12,-0.17,-0.83,-0.13
-0.18,0.17,1.12,-0.21,-0.82,-0.14
-0.2,0.18,1.13,-0.22,-0.82,-0.14
-0.23,0.2,1.13,-0.2,-0.81,-0.15
-0.24,0.2,1.13,-0.16,-0.79,-0.14
-0.23,0.18,1.13,-0.11,-0.75,-0.16
-0.22,0.16,1.12,-0.06,-0.72,-0.18
-0.22,0.14,1.1,-0.05,-0.7,-0.18
-0.21,0.14,1.08,-0.04,-0.67,-0.19
-0.2,0.13,1.06,-0.03,-0.66,-0.18
-0.19,0.13,1.05,-0.02,-0.65,-0.16
-0.19,0.13,1.05,-0.01,-0.63,-0.15
-0.19,0.14,1.05,-0.02,-0.61,-0.13
-0.19,0.13,1.05,-0.03,-0.59,-0.1
-0.19,0.12,1.06,-0.03,-0.55,-0.08
-0.19,0.13,1.07,-0.02,-0.52,-0.08
-0.18,0.13,1.08,-0.03,-0.47,-0.06
-0.17,0.12,1.07,-0.02,-0.44,-0.04
-0.16,0.12,1.07,-0.03,-0.42,-0.03
-0.15,0.12,1.05,-0.02,-0.4,-0.03
-0.15,0.13,1.05,-0.02,-0.4,-0.02
-0.15,0.13,1.06,-0.01,-0.4,-0.01
-0.15,0.13,1.07,0.01,-0.42,-0.02
-0.16,0.14,1.08,0.04,-0.4,-0.04
-0.15,0.13,1.09,0.06,-0.39,-0.06
-0.15,0.13,1.09,0.06,-0.38,-0.07
-0.15,0.13,1.08,0.08,-0.37,-0.09
-0.15,0.14,1.08,0.08,-0.34,-0.11
-0.15,0.13,1.08,0.06,-0.31,-0.11
-0.15,0.12,1.07,0.03,-0.28,-0.11
-0.14,0.11,1.07,0.01,-0.25,-0.1
-0.16,0.11,1.07,-0.02,-0.2,-0.09
-0.18,0.1,1.06,-0.03,-0.15,-0.05
-0.18,0.1,1.05,-0.05,-0.11,-0.03
-0.18,0.09,1.04,-0.02,-0.07,-0.0
-0.17,0.09,1.03,0.0,-0.05,0.03
-0.17,0.09,1.02,0.03,-0.02,0.06
-0.16,0.09,1.0,0.06,-0.0,0.07
-0.16,0.08,1.01,0.1,-0.0,0.11
-0.14,0.08,1.02,0.15,0.0,0.1
-0.13,0.1,1.04,0.18,0.0,0.09
-0.12,0.1,1.06,0.21,0.01,0.08
-0.11,0.09,1.08,0.22,0.04,0.06
-0.09,0.08,1.1,0.24,0.07,0.02
-0.07,0.07,1.08,0.23,0.11,-0.01
-0.04,0.07,1.06,0.23,0.12,-0.02
-0.04,0.07,1.04,0.21,0.13,-0.02
-0.03,0.06,1.03,0.2,0.13,-0.01
-0.01,0.06,1.03,0.18,0.13,0.0
-0.0,0.07,1.04,0.18,0.12,0.0
0.0,0.07,1.05,0.16,0.1,0.01
0.01,0.08,1.06,0.17,0.08,-0.01
0.01,0.09,1.08,0.15,0.08,-0.05
0.01,0.08,1.09,0.15,0.08,-0.08
0.01,0.08,1.11,0.14,0.09,-0.13
-0.0,0.08,1.12,0.08,0.09,-0.16
-0.01,0.09,1.12,0.05,0.11,-0.2
-0.02,0.1,1.11,0.01,0.13,-0.21
-0.03,0.1,1.11,-0.03,0.16,-0.23
-0.04,0.09,1.1,-0.1,0.18,-0.22
-0.06,0.08,1.09,-0.16,0.21,-0.22
-0.08,0.09,1.08,-0.19,0.24,-0.21
-0.11,0.08,1.07,-0.24,0.25,-0.19
-0.13,0.08,1.07,-0.26,0.28,-0.19
-0.16,0.09,1.07,-0.26,0.29,-0.17
-0.19,0.09,1.07,-0.24,0.3,-0.15
-0.2,0.09,1.07,-0.22,0.33,-0.14
-0.21,0.1,1.07,-0.19,0.35,-0.14
-0.22,0.1,1.07,-0.15,0.38,-0.13
-0.21,0.12,1.07,-0.12,0.39,-0.12
-0.22,0.12,1.09,-0.09,0.42,-0.1
-0.21,0.13,1.11,-0.05,0.44,-0.09
-0.2,0.14,1.11,-0.04,0.47,-0.1
-0.19,0.15,1.13,-0.03,0.5,-0.1
-0.19,0.17,1.13,-0.02,0.53,-0.1
-0.19,0.17,1.15,-0.03,0.55,-0.12
-0.19,0.19,1.16,-0.05,0.59,-0.13
-0.18,0.19,1.18,-0.06,0.64,-0.16
-0.18,0.2,1.19,-0.09,0.69,-0.19
-0.17,0.21,1.2,-0.1,0.72,-0.2
-0.18,0.22,1.22,-0.12,0.78,-0.23
-0.18,0.22,1.23,-0.15,0.84,-0.25
-0.19,0.22,1.23,-0.17,0.92,-0.27
-0.18,0.22,1.23,-0.2,0.97,-0.3
-0.17,0.22,1.22,-0.24,1.03,-0.31
-0.17,0.22,1.21,-0.28,1.08,-0.31
-0.17,0.22,1.22,-0.32,1.14,-0.31
-0.17,0.21,1.22,-0.37,1.18,-0.31
-0.18,0.22,1.21,-0.38,1.23,-0.31
-0.19,0.22,1.22,-0.41,1.27,-0.31
-0.19,0.22,1.23,-0.41,1.32,-0.32
-0.19,0.22,1.23,-0.42,1.35,-0.33
-0.19,0.21,1.24,-0.4,1.39,-0.34
-0.19,0.2,1.25,-0.39,1.44,-0.36
-0.19,0.19,1.25,-0.35,1.48,-0.37
-0.18,0.18,1.25,-0.32,1.52,-0.37
-0.16,0.17,1.26,-0.29,1.56,-0.39
-0.15,0.16,1.26,-0.26,1.6,-0.39
-0.13,0.15,1.27,-0.24,1.63,-0.41
-0.1,0.12,1.28,-0.23,1.65,-0.41
-0.08,0.11,1.28,-0.22,1.68,-0.44
-0.07,0.1,1.27,-0.22,1.71,-0.46
-0.06,0.09,1.26,-0.24,1.76,-0.48
-0.05,0.08,1.25,-0.26,1.82,-0.49
-0.05,0.07,1.24,-0.29,1.86,-0.48
-0.05,0.06,1.23,-0.32,1.89,-0.46
-0.05,0.06,1.24,-0.35,1.94,-0.43
-0.04,0.06,1.24,-0.36,1.96,-0.4
-0.05,0.06,1.24,-0.35,1.98,-0.37
-0.05,0.05,1.25,-0.35,2.02,-0.35
-0.06,0.04,1.26,-0.33,2.04,-0.33
-0.05,0.04,1.26,-0.32,2.06,-0.32
-0.06,0.03,1.27,-0.28,2.09,-0.32
-0.05,0.02,1.26,-0.26,2.11,-0.31
-0.05,0.02,1.28,-0.24,2.14,-0.31
-0.04,0.01,1.3,-0.22,2.16,-0.32
-0.03,0.0,1.3,-0.2,2.19,-0.33
-0.02,-0.01,1.31,-0.16,2.22,-0.33
-0.01,-0.02,1.3,-0.13,2.25,-0.33
0.0,-0.03,1.28,-0.12,2.28,-0.33
0.02,-0.03,1.25,-0.1,2.31,-0.33
0.02,-0.03,1.23,-0.09,2.31,-0.31
0.04,-0.03,1.23,-0.07,2.32,-0.3
0.04,-0.04,1.23,-0.07,2.31,-0.27
0.04,-0.04,1.25,-0.06,2.31,-0.27
0.05,-0.05,1.25,-0.06,2.32,-0.27
0.05,-0.06,1.26,-0.06,2.33,-0.26
0.06,-0.07,1.25,-0.07,2.35,-0.25
0.07,-0.07,1.24,-0.07,2.38,-0.25
0.07,-0.07,1.25,-0.07,2.4,-0.22
0.08,-0.07,1.25,-0.1,2.42,-0.2
0.09,-0.08,1.25,-0.11,2.44,-0.19
0.1,-0.09,1.24,-0.12,2.47,-0.17
0.11,-0.1,1.25,-0.13,2.5,-0.16
0.11,-0.09,1.25,-0.15,2.52,-0.15
0.12,-0.1,1.25,-0.16,2.55,-0.14
0.13,-0.11,1.25,-0.17,2.57,-0.13
0.14,-0.11,1.24,-0.14,2.58,-0.13
0.14,-0.11,1.23,-0.15,2.63,-0.14
0.14,-0.12,1.21,-0.13,2.63,-0.14
0.16,-0.12,1.19,-0.12,2.64,-0.15
0.17,-0.12,1.17,-0.11,2.66,-0.14
0.17,-0.12,1.15,-0.11,2.64,-0.15
0.18,-0.12,1.13,-0.11,2.66,-0.15
0.19,-0.12,1.11,-0.11,2.65,-0.14
0.2,-0.12,1.1,-0.13,2.64,-0.14
0.2,-0.13,1.12,-0.13,2.62,-0.15
0.2,-0.13,1.12,-0.15,2.59,-0.15
0.2,-0.13,1.11,-0.15,2.59,-0.16
0.19,-0.13,1.1,-0.17,2.61,-0.15
0.2,-0.13,1.08,-0.18,2.61,-0.15
0.2,-0.12,1.08,-0.2,2.6,-0.13
0.2,-0.13,1.08,-0.21,2.59,-0.12
0.2,-0.15,1.09,-0.23,2.59,-0.11
0.18,-0.16,1.1,-0.23,2.59,-0.1
0.18,-0.16,1.1,-0.2,2.61,-0.1
0.18,-0.15,1.08,-0.18,2.63,-0.08
0.19,-0.15,1.07,-0.17,2.64,-0.07
0.2,-0.15,1.06,-0.15,2.62,-0.06
0.2,-0.15,1.06,-0.13,2.59,-0.07
0.19,-0.16,1.05,-0.09,2.56,-0.07
0.19,-0.15,1.03,-0.08,2.57,-0.07
0.2,-0.14,1.01,-0.06,2.56,-0.06
0.2,-0.13,1.0,-0.05,2.52,-0.05
0.22,-0.13,0.99,-0.06,2.51,-0.06
0.21,-0.13,0.98,-0.07,2.45,-0.04
0.21,-0.13,0.99,-0.09,2.41,-0.04
0.21,-0.13,1.0,-0.1,2.38,-0.04
0.22,-0.14,1.02,-0.11,2.35,-0.04
0.24,-0.16,1.05,-0.09,2.34,-0.06
0.25,-0.17,1.07,-0.08,2.32,-0.09
0.25,-0.17,1.08,-0.05,2.31,-0.13
0.22,-0.15,1.07,-0.01,2.3,-0.15
0.22,-0.14,1.07,0.02,2.3,-0.15
0.21,-0.13,1.04,0.03,2.3,-0.16
0.2,-0.12,1.02,0.03,2.3,-0.17
0.2,-0.12,1.02,0.03,2.29,-0.16
0.21,-0.11,1.01,0.02,2.26,-0.15
0.21,-0.11,1.03,0.01,2.25,-0.14
0.2,-0.12,1.05,-0.0,2.24,-0.14
0.2,-0.15,1.04,-0.02,2.25,-0.14
0.21,-0.15,1.03,-0.04,2.3,-0.16
0.2,-0.13,1.02,-0.06,2.36,-0.15
0.18,-0.11,1.01,-0.05,2.4,-0.13
0.2,-0.1,0.98,-0.06,2.4,-0.1
0.2,-0.11,0.96,-0.09,2.38,-0.08
0.19,-0.12,0.95,-0.11,2.37,-0.05
0.2,-0.11,0.94,-0.14,2.37,-0.04
0.2,-0.12,0.93,-0.14,2.35,-0.03
0.2,-0.12,0.94,-0.15,2.35,-0.03
0.2,-0.14,0.94,-0.14,2.33,-0.05
0.19,-0.13,0.93,-0.13,2.3,-0.07
0.16,-0.13,0.92,-0.12,2.27,-0.09
0.14,-0.13,0.91,-0.1,2.25,-0.1
0.11,-0.12,0.91,-0.07,2.24,-0.09
0.11,-0.1,0.91,-0.04,2.23,-0.07
0.09,-0.09,0.9,-0.01,2.21,-0.03
0.1,-0.1,0.89,0.0,2.19,0.0
0.11,-0.11,0.89,0.02,2.16,0.03
0.11,-0.12,0.89,0.01,2.16,0.07
0.13,-0.12,0.91,0.03,2.15,0.09
0.15,-0.11,0.91,0.04,2.17,0.09
0.16,-0.11,0.91,0.05,2.17,0.1
0.18,-0.12,0.89,0.05,2.19,0.11
0.19,-0.13,0.89,0.04,2.2,0.07
0.18,-0.11,0.88,0.03,2.19,0.05
0.16,-0.08,0.88,0.04,2.19,0.03
0.15,-0.08,0.86,0.04,2.21,0.0
0.13,-0.07,0.84,0.03,2.21,0.0
0.11,-0.05,0.83,0.05,2.21,-0.01
0.09,-0.02,0.83,0.07,2.17,0.01
0.09,-0.01,0.83,0.07,2.11,0.02
0.09,-0.01,0.82,0.09,2.06,0.04
0.11,-0.02,0.81,0.08,2.04,0.03
0.12,-0.02,0.81,0.08,2.01,0.04
0.13,-0.0,0.82,0.07,2.0,0.03
0.13,0.01,0.82,0.05,1.99,0.03
0.14,0.01,0.81,0.03,1.95,0.02
0.15,0.01,0.81,-0.01,1.93,0.01
0.15,0.01,0.81,-0.04,1.9,0.0
0.14,-0.01,0.81,-0.08,1.88,-0.0
0.13,-0.01,0.82,-0.11,1.9,-0.01
0.12,-0.0,0.83,-0.12,1.89,-0.0
0.11,-0.0,0.82,-0.13,1.88,0.0
0.1,0.01,0.83,-0.14,1.86,0.03
0.09,0.02,0.84,-0.16,1.84,0.05
0.09,0.0,0.83,-0.17,1.83,0.06
0.1,-0.02,0.83,-0.17,1.82,0.06
0.1,-0.02,0.83,-0.17,1.82,0.08
0.08,-0.01,0.85,-0.15,1.82,0.09
0.09,-0.0,0.84,-0.1,1.82,0.1
0.09,0.01,0.83,-0.07,1.81,0.11
0.1,0.02,0.85,-0.04,1.75,0.12
0.12,0.01,0.83,-0.03,1.72,0.11
0.13,-0.01,0.83,-0.02,1.67,0.09
0.13,-0.01,0.83,0.02,1.66,0.06
0.12,-0.0,0.83,0.05,1.63,0.06
0.13,0.01,0.82,0.08,1.64,0.02
0.11,0.02,0.8,0.11,1.62,0.02
0.09,0.05,0.8,0.11,1.61,0.01
0.07,0.09,0.8,0.11,1.56,0.03
0.07,0.1,0.78,0.1,1.52,0.04
0.06,0.1,0.76,0.07,1.46,0.05
0.06,0.1,0.76,0.04,1.41,0.06
0.06,0.09,0.76,-0.01,1.38,0.08
0.06,0.08,0.76,-0.03,1.35,0.09
0.06,0.09,0.78,-0.04,1.32,0.11
0.06,0.09,0.79,-0.05,1.29,0.13
0.07,0.08,0.79,-0.05,1.25,0.15
0.06,0.07,0.78,-0.06,1.22,0.15
0.07,0.06,0.8,-0.05,1.2,0.15
0.07,0.08,0.81,-0.03,1.17,0.14
0.06,0.08,0.82,-0.03,1.13,0.14
0.08,0.07,0.82,-0.03,1.13,0.14
0.09,0.07,0.82,-0.02,1.1,0.13
0.1,0.06,0.82,-0.05,1.11,0.1
0.09,0.06,0.83,-0.1,1.09,0.08
0.09,0.07,0.83,-0.14,1.1,0.07
0.07,0.08,0.85,-0.19,1.11,0.08
0.06,0.07,0.88,-0.24,1.11,0.1
0.06,0.08,0.91,-0.25,1.07,0.14
0.06,0.08,0.93,-0.26,1.03,0.16
0.07,0.04,0.93,-0.27,1.0,0.17
0.08,0.01,0.93,-0.27,0.99,0.16
0.09,-0.0,0.94,-0.25,1.0,0.14
0.08,0.0,0.96,-0.21,1.03,0.13
0.07,0.01,0.96,-0.17,1.05,0.14
0.05,0.02,0.95,-0.1,1.05,0.15
0.04,0.04,0.94,-0.05,1.04,0.17
0.03,0.07,0.93,0.03,1.01,0.18
0.03,0.08,0.91,0.08,0.95,0.19
0.02,0.08,0.89,0.13,0.93,0.18
0.03,0.09,0.87,0.17,0.89,0.17
0.05,0.09,0.87,0.21,0.86,0.15
0.04,0.12,0.86,0.23,0.82,0.13
0.05,0.11,0.85,0.27,0.79,0.11
0.05,0.11,0.82,0.28,0.77,0.1
0.04,0.12,0.83,0.3,0.76,0.08
0.03,0.13,0.85,0.31,0.73,0.09
0.04,0.16,0.85,0.34,0.71,0.1
0.04,0.15,0.83,0.34,0.69,0.11
0.05,0.15,0.8,0.33,0.68,0.1
0.05,0.16,0.8,0.3,0.69,0.08
0.05,0.17,0.8,0.25,0.72,0.07
0.04,0.19,0.78,0.19,0.73,0.07
0.03,0.2,0.78,0.15,0.72,0.08
0.01,0.21,0.78,0.07,0.71,0.1
-0.01,0.21,0.77,-0.0,0.71,0.11
-0.02,0.21,0.78,-0.08,0.67,0.13
-0.04,0.2,0.79,-0.1,0.65,0.15
-0.04,0.19,0.8,-0.13,0.61,0.18
-0.05,0.17,0.8,-0.15,0.57,0.2
-0.05,0.16,0.79,-0.14,0.52,0.2
-0.04,0.14,0.81,-0.14,0.48,0.21
-0.04,0.14,0.82,-0.11,0.43,0.21
-0.03,0.13,0.83,-0.08,0.36,0.2
-0.01,0.12,0.82,-0.05,0.3,0.17
-0.0,0.1,0.82,0.0,0.24,0.13
0.0,0.1,0.82,0.03,0.21,0.08
0.0,0.09,0.83,0.07,0.17,0.04
-0.01,0.1,0.83,0.09,0.14,0.01
-0.01,0.1,0.84,0.12,0.11,-0.03
-0.02,0.09,0.84,0.13,0.08,-0.04
-0.01,0.09,0.85,0.14,0.04,-0.04
-0.0,0.09,0.86,0.12,0.04,-0.04
-0.01,0.1,0.86,0.12,0.02,-0.03
0.0,0.09,0.86,0.08,0.03,-0.01
0.02,0.09,0.87,0.03,0.03,-0.0
0.02,0.09,0.87,-0.02,0.03,0.01
0.02,0.09,0.88,-0.08,0.03,0.02
0.02,0.08,0.88,-0.15,0.04,0.03
0.03,0.07,0.89,-0.19,0.03,0.04
0.03,0.04,0.91,-0.21,0.02,0.03
0.04,0.03,0.91,-0.23,0.02,0.02
0.03,0.02,0.92,-0.25,0.02,0.02
0.01,0.02,0.93,-0.26,0.02,0.02
0.0,0.02,0.94,-0.25,0.01,0.02
0.0,0.01,0.95,-0.22,-0.02,0.02
-0.0,0.0,0.96,-0.22,-0.05,0.03
0.04,-0.03,0.97,-0.21,-0.07,0.02
0.04,-0.02,0.99,-0.18,-0.08,0.01
0.05,-0.03,0.99,-0.16,-0.09,0.01
0.06,-0.04,1.0,-0.15,-0.07,-0.01
0.06,-0.04,0.98,-0.12,-0.06,-0.04
0.06,-0.04,0.99,-0.11,-0.03,-0.05
0.06,-0.04,1.0,-0.09,-0.02,-0.05
0.05,-0.02,1.01,-0.09,0.02,-0.05
0.04,-0.01,1.0,-0.09,0.05,-0.04
0.04,-0.01,0.99,-0.09,0.08,-0.02
0.02,-0.0,0.98,-0.11,0.11,0.0
0.01,0.01,0.99,-0.13,0.14,0.02
-0.0,0.01,0.99,-0.16,0.16,0.06
-0.0,0.04,0.99,-0.17,0.16,0.09
0.0,0.03,0.99,-0.16,0.15,0.12
0.02,0.03,0.99,-0.16,0.15,0.13
0.03,0.02,0.98,-0.14,0.13,0.13
0.05,0.02,0.98,-0.09,0.12,0.11
0.06,0.03,0.98,-0.07,0.11,0.08
0.07,0.04,0.98,-0.05,0.1,0.04
0.08,0.05,0.97,-0.02,0.07,0.01
0.07,0.04,0.96,-0.03,0.08,-0.04
0.06,0.04,0.96,-0.03,0.07,-0.06
0.03,0.05,0.97,-0.04,0.08,-0.08
0.02,0.07,0.99,-0.04,0.07,-0.05
0.01,0.07,0.98,-0.07,0.09,-0.04
0.01,0.06,0.98,-0.08,0.07,0.01
0.01,0.06,0.98,-0.11,0.06,0.02
0.01,0.04,0.98,-0.09,0.05,0.05
0.0,0.04,0.97,-0.12,0.07,0.04
0.02,0.03,0.97,-0.09,0.04,0.06
0.02,0.03,0.98,-0.08,0.04,0.05
0.02,0.03,0.97,-0.05,0.04,0.04
0.03,0.03,0.97,-0.03,0.04,0.03
0.03,0.03,0.96,-0.03,0.04,0.02
0.02,0.04,0.96,-0.01,0.04,0.02
0.02,0.04,0.95,0.0,0.03,0.03
0.01,0.05,0.95,0.01,0.02,0.04
0.02,0.07,0.95,-0.0,-0.01,0.05
0.02,0.07,0.94,-0.01,-0.04,0.06
0.04,0.07,0.93,-0.03,-0.06,0.04
0.05,0.05,0.92,-0.07,-0.08,0.03
0.06,0.05,0.93,-0.09,-0.1,0.02
0.06,0.05,0.95,-0.11,-0.1,-0.01
0.06,0.04,0.96,-0.14,-0.1,-0.01
0.06,0.02,0.95,-0.18,-0.12,-0.02
0.05,0.02,0.96,-0.22,-0.14,-0.03
0.06,-0.01,0.97,-0.23,-0.13,-0.04
0.05,-0.02,0.98,-0.24,-0.11,-0.04
0.03,-0.01,0.99,-0.24,-0.1,-0.02
0.04,-0.03,1.0,-0.25,-0.09,-0.0
0.02,-0.03,0.99,-0.23,-0.08,0.02
0.03,-0.04,0.99,-0.24,-0.07,0.03
0.02,-0.05,0.99,-0.23,-0.07,0.04
0.02,-0.05,1.0,-0.21,-0.06,0.05
0.02,-0.07,1.01,-0.19,-0.05,0.08
0.02,-0.05,1.01,-0.16,-0.04,0.1
0.03,-0.06,1.0,-0.13,-0.03,0.1
0.03,-0.06,0.99,-0.09,-0.03,0.11
0.03,-0.05,0.98,-0.08,-0.02,0.1
0.03,-0.04,0.98,-0.06,-0.01,0.11
0.03,-0.03,0.97,-0.05,0.01,0.1
0.03,-0.01,0.95,-0.04,-0.01,0.11
0.02,0.0,0.95,-0.02,-0.01,0.09
0.01,0.01,0.94,-0.02,-0.03,0.09
-0.0,0.02,0.94,-0.01,-0.04,0.09
-0.02,0.03,0.93,-0.01,-0.05,0.11
-0.01,0.04,0.92,-0.0,-0.06,0.11
-0.01,0.05,0.92,0.0,-0.07,0.1
-0.01,0.05,0.91,0.01,-0.09,0.1
-0.0,0.06,0.9,0.01,-0.12,0.1
0.01,0.06,0.89,0.0,-0.13,0.1
0.01,0.06,0.89,0.02,-0.14,0.1
0.0,0.07,0.89,0.01,-0.16,0.1
0.01,0.08,0.9,-0.0,-0.19,0.1
0.01,0.07,0.89,-0.02,-0.2,0.1
0.01,0.07,0.89,-0.03,-0.22,0.09
0.01,0.06,0.89,-0.05,-0.22,0.08
0.01,0.07,0.89,-0.06,-0.24,0.09
0.03,0.07,0.9,-0.08,-0.25,0.09
0.03,0.07,0.9,-0.07,-0.27,0.09
0.04,0.06,0.9,-0.08,-0.29,0.09
0.04,0.05,0.89,-0.08,-0.3,0.09
0.03,0.06,0.88,-0.09,-0.29,0.07
0.02,0.05,0.89,-0.09,-0.31,0.06
0.01,0.07,0.88,-0.08,-0.31,0.05
-0.0,0.07,0.89,-0.08,-0.33,0.06
-0.0,0.08,0.88,-0.08,-0.35,0.07
-0.0,0.08,0.89,-0.09,-0.36,0.09
-0.0,0.07,0.87,-0.11,-0.37,0.1
-0.0,0.07,0.87,-0.1,-0.4,0.1
0.0,0.07,0.87,-0.11,-0.4,0.1
0.0,0.06,0.88,-0.11,-0.41,0.11
0.0,0.07,0.86,-0.1,-0.41,0.11
0.0,0.08,0.87,-0.1,-0.44,0.12
0.0,0.09,0.88,-0.09,-0.46,0.12
0.01,0.09,0.87,-0.11,-0.49,0.11
0.02,0.07,0.88,-0.12,-0.52,0.1
0.03,0.06,0.88,-0.11,-0.55,0.09
0.03,0.06,0.86,-0.12,-0.56,0.06
0.03,0.07,0.88,-0.13,-0.58,0.05
0.03,0.07,0.88,-0.14,-0.58,0.04
0.03,0.05,0.89,-0.16,-0.6,0.03
0.03,0.04,0.88,-0.16,-0.6,0.03
0.02,0.05,0.89,-0.17,-0.59,0.04
0.01,0.06,0.89,-0.17,-0.59,0.06
0.01,0.07,0.88,-0.19,-0.6,0.07
0.01,0.06,0.87,-0.21,-0.61,0.08
-0.0,0.06,0.86,-0.23,-0.61,0.08
0.0,0.07,0.87,-0.23,-0.62,0.09
0.0,0.08,0.89,-0.24,-0.64,0.1
0.01,0.09,0.88,-0.23,-0.69,0.11
0.02,0.07,0.87,-0.24,-0.7,0.1
0.03,0.04,0.86,-0.26,-0.73,0.09
0.04,0.02,0.87,-0.25,-0.74,0.06
0.03,0.02,0.9,-0.23,-0.75,0.05
0.03,0.03,0.91,-0.21,-0.75,0.06
0.02,0.04,0.89,-0.18,-0.74,0.07
0.01,0.04,0.88,-0.15,-0.77,0.07
0.01,0.04,0.87,-0.16,-0.8,0.08
0.01,0.04,0.88,-0.13,-0.82,0.08
0.02,0.05,0.88,-0.11,-0.85,0.09
0.02,0.06,0.88,-0.09,-0.89,0.09
0.03,0.05,0.88,-0.07,-0.93,0.06
0.04,0.05,0.9,-0.07,-0.96,0.05
0.05,0.05,0.9,-0.07,-1.0,0.02
0.07,0.03,0.91,-0.09,-1.01,-0.01
0.07,0.02,0.9,-0.11,-1.01,-0.03
0.09,0.0,0.92,-0.14,-0.98,-0.06
0.08,-0.0,0.93,-0.15,-0.95,-0.04
0.06,-0.0,0.93,-0.17,-0.91,-0.03
0.05,-0.0,0.92,-0.19,-0.89,-0.01
0.04,-0.01,0.91,-0.21,-0.86,0.02
0.02,0.0,0.89,-0.22,-0.83,0.06
0.0,0.02,0.89,-0.19,-0.83,0.1
0.0,0.04,0.88,-0.19,-0.82,0.12
-0.01,0.05,0.86,-0.16,-0.84,0.15
-0.01,0.06,0.85,-0.13,-0.9,0.17
-0.01,0.06,0.85,-0.1,-0.96,0.15
-0.0,0.07,0.83,-0.07,-1.04,0.13
0.02,0.06,0.83,-0.03,-1.09,0.11
0.04,0.06,0.83,-0.02,-1.13,0.08
0.07,0.04,0.84,-0.01,-1.16,0.04
0.07,0.04,0.83,0.02,-1.18,0.02
0.07,0.05,0.85,0.02,-1.18,0.01
0.05,0.07,0.84,0.03,-1.19,0.04
0.04,0.08,0.82,0.02,-1.2,0.05
0.05,0.09,0.82,-0.01,-1.23,0.07
0.04,0.1,0.81,-0.05,-1.25,0.08
0.05,0.09,0.79,-0.09,-1.26,0.08
0.08,0.07,0.78,-0.15,-1.27,0.07
0.11,0.04,0.8,-0.16,-1.28,0.06
0.11,0.05,0.8,-0.19,-1.27,0.04
0.09,0.05,0.81,-0.22,-1.29,0.05
0.08,0.05,0.81,-0.24,-1.33,0.05
0.07,0.04,0.83,-0.25,-1.37,0.06
0.07,0.03,0.84,-0.26,-1.4,0.06
0.08,0.02,0.84,-0.25,-1.43,0.06
0.08,0.0,0.85,-0.23,-1.47,0.04
0.09,-0.02,0.85,-0.22,-1.5,0.04
0.07,-0.02,0.86,-0.19,-1.51,0.03
0.09,0.0,0.87,-0.17,-1.54,0.03
0.11,0.01,0.87,-0.14,-1.58,0.03
0.13,-0.0,0.87,-0.13,-1.64,0.02
0.12,-0.02,0.87,-0.11,-1.65,-0.01
0.12,-0.02,0.86,-0.09,-1.68,-0.04
0.11,0.0,0.87,-0.07,-1.69,-0.07
0.11,0.02,0.85,-0.05,-1.7,-0.1
0.1,0.01,0.83,-0.05,-1.71,-0.11
0.08,0.01,0.81,-0.06,-1.74,-0.13
0.08,0.01,0.81,-0.06,-1.77,-0.13
0.08,0.03,0.83,-0.06,-1.83,-0.12
0.08,0.04,0.86,-0.03,-1.89,-0.12
0.1,0.04,0.87,-0.03,-1.98,-0.11
0.13,-0.0,0.88,-0.04,-2.08,-0.14
0.16,-0.04,0.89,-0.06,-2.11,-0.2
0.18,-0.08,0.93,-0.07,-2.12,-0.26
0.18,-0.07,0.97,-0.08,-2.12,-0.3
0.18,-0.07,0.99,-0.07,-2.1,-0.31
0.18,-0.09,1.02,-0.07,-2.07,-0.31
0.18,-0.1,1.01,-0.08,-2.03,-0.31
0.17,-0.11,1.02,-0.1,-1.96,-0.31
0.15,-0.1,1.02,-0.11,-1.87,-0.29
0.12,-0.08,1.0,-0.11,-1.78,-0.24
0.08,-0.05,1.0,-0.11,-1.72,-0.19
0.05,-0.03,0.98,-0.12,-1.7,-0.12
0.05,-0.02,0.96,-0.12,-1.68,-0.06
0.03,-0.02,0.95,-0.11,-1.71,-0.01
0.03,-0.01,0.94,-0.09,-1.72,0.03
0.05,-0.05,0.93,-0.07,-1.74,0.06
0.08,-0.06,0.94,-0.03,-1.75,0.07
0.12,-0.08,0.94,0.01,-1.77,0.07
0.14,-0.09,0.93,0.07,-1.74,0.04
0.14,-0.06,0.92,0.13,-1.73,0.03
0.13,-0.03,0.91,0.19,-1.76,0.02
0.14,0.01,0.88,0.23,-1.79,0.01
0.16,0.0,0.86,0.24,-1.85,-0.03
0.21,-0.01,0.83,0.21,-1.89,-0.08
0.2,-0.05,0.87,0.19,-1.92,-0.13
0.19,-0.04,0.87,0.14,-1.92,-0.17
0.17,0.01,0.86,0.08,-1.92,-0.18
0.17,0.0,0.9,-0.0,-1.95,-0.16
0.15,-0.01,0.96,-0.09,-1.99,-0.14
0.16,-0.03,1.0,-0.16,-2.02,-0.13
0.14,-0.08,1.03,-0.21,-2.01,-0.11
0.12,-0.1,1.06,-0.26,-1.97,-0.09
0.1,-0.1,1.08,-0.27,-1.88,-0.07
0.07,-0.09,1.1,-0.3,-1.84,-0.02
0.06,-0.09,1.11,-0.3,-1.78,0.05
0.07,-0.1,1.12,-0.31,-1.76,0.09
0.09,-0.12,1.13,-0.31,-1.74,0.13
0.1,-0.13,1.15,-0.29,-1.73,0.16
0.11,-0.12,1.13,-0.23,-1.69,0.15
0.09,-0.11,1.1,-0.18,-1.64,0.14
0.07,-0.1,1.06,-0.12,-1.63,0.12
0.06,-0.1,1.02,-0.06,-1.61,0.1
0.04,-0.08,0.98,0.01,-1.61,0.09
0.02,-0.05,0.94,0.08,-1.63,0.11
0.02,-0.01,0.91,0.13,-1.68,0.14
0.03,0.01,0.9,0.2,-1.77,0.18
0.06,0.0,0.89,0.23,-1.87,0.2
0.11,-0.03,0.9,0.22,-1.95,0.19
0.15,-0.05,0.94,0.19,-2.0,0.16
0.16,-0.07,1.02,0.14,-2.04,0.13
0.19,-0.08,1.08,0.11,-2.03,0.09
0.19,-0.1,1.14,0.05,-2.03,0.07
0.2,-0.13,1.2,0.0,-1.99,0.01
0.18,-0.14,1.25,-0.04,-1.97,-0.03
0.15,-0.13,1.26,-0.08,-1.88,-0.05
0.11,-0.12,1.27,-0.1,-1.8,-0.04
0.07,-0.1,1.24,-0.09,-1.72,-0.03
0.04,-0.09,1.21,-0.09,-1.67,0.02
0.02,-0.08,1.17,-0.06,-1.63,0.05
0.01,-0.09,1.13,-0.02,-1.59,0.09
-0.0,-0.08,1.1,0.02,-1.57,0.12
0.0,-0.06,1.06,0.08,-1.55,0.15
0.01,-0.05,0.99,0.15,-1.52,0.16
0.02,-0.05,0.94,0.2,-1.51,0.2
0.04,-0.04,0.87,0.26,-1.53,0.23
0.05,-0.02,0.82,0.3,-1.58,0.27
0.07,-0.02,0.78,0.34,-1.64,0.31
0.1,-0.02,0.75,0.36,-1.71,0.36
0.13,-0.01,0.78,0.37,-1.81,0.37
0.18,-0.01,0.83,0.39,-1.96,0.37
0.22,-0.03,0.89,0.37,-2.09,0.34
0.28,-0.07,0.97,0.33,-2.22,0.27
0.33,-0.12,1.08,0.28,-2.23,0.15
0.33,-0.12,1.16,0.22,-2.21,0.01
0.3,-0.1,1.22,0.16,-2.17,-0.12
0.25,-0.08,1.22,0.05,-2.13,-0.2
0.19,-0.06,1.22,-0.07,-2.1,-0.24
0.12,-0.05,1.22,-0.17,-2.05,-0.24
0.06,-0.05,1.23,-0.26,-1.98,-0.19
0.01,-0.03,1.21,-0.32,-1.88,-0.1
-0.03,-0.04,1.21,-0.36,-1.83,-0.0
-0.05,-0.04,1.2,-0.38,-1.77,0.1
-0.06,-0.04,1.19,-0.35,-1.73,0.2
-0.07,-0.04,1.18,-0.34,-1.71,0.29
-0.05,-0.05,1.17,-0.26,-1.67,0.35
-0.04,-0.07,1.17,-0.18,-1.65,0.37
-0.02,-0.08,1.15,-0.09,-1.64,0.36
0.01,-0.08,1.12,-0.01,-1.64,0.34
0.04,-0.08,1.12,0.1,-1.66,0.31
0.07,-0.08,1.13,0.18,-1.68,0.26
0.09,-0.06,1.12,0.26,-1.69,0.22
0.1,-0.04,1.08,0.31,-1.72,0.19
0.11,-0.03,1.03,0.34,-1.74,0.15
0.12,-0.02,1.01,0.33,-1.8,0.13
0.13,-0.01,1.0,0.3,-1.83,0.12
0.14,-0.01,1.01,0.24,-1.85,0.13
0.14,-0.0,1.01,0.18,-1.87,0.16
0.13,0.0,1.01,0.12,-1.88,0.18
0.12,-0.01,1.03,0.06,-1.9,0.2
0.12,-0.01,1.03,0.01,-1.91,0.23
0.11,-0.02,1.05,-0.04,-1.94,0.24
0.1,-0.02,1.08,-0.06,-1.93,0.25
0.08,-0.02,1.11,-0.07,-1.95,0.26
0.08,-0.02,1.12,-0.05,-1.95,0.25
0.09,-0.04,1.17,-0.02,-1.97,0.24
0.09,-0.04,1.22,0.03,-2.01,0.19
0.09,-0.03,1.26,0.1,-2.03,0.12
0.08,-0.02,1.26,0.17,-2.03,0.05
0.07,-0.02,1.23,0.23,-2.02,-0.02
0.06,-0.01,1.19,0.3,-2.04,-0.07
0.05,0.0,1.15,0.34,-2.06,-0.1
0.05,0.0,1.13,0.36,-2.08,-0.11
0.04,0.0,1.11,0.38,-2.09,-0.11
0.02,0.0,1.09,0.39,-2.12,-0.08
0.01,0.01,1.1,0.41,-2.16,-0.04
0.01,0.0,1.11,0.42,-2.17,0.0
0.03,-0.02,1.13,0.43,-2.18,0.03
0.04,-0.02,1.15,0.44,-2.2,0.04
0.04,-0.02,1.17,0.44,-2.2,0.06
0.05,-0.02,1.18,0.45,-2.18,0.05
0.07,-0.01,1.18,0.43,-2.16,0.04
0.08,-0.01,1.17,0.4,-2.11,0.04
0.09,0.0,1.15,0.35,-2.09,0.04
0.1,0.0,1.16,0.26,-2.09,0.05
0.08,0.01,1.17,0.19,-2.09,0.07
0.06,0.03,1.18,0.13,-2.11,0.08
0.04,0.03,1.19,0.07,-2.12,0.09
0.02,0.03,1.2,0.05,-2.11,0.1
-0.0,0.03,1.21,0.03,-2.11,0.1
-0.03,0.04,1.22,0.02,-2.11,0.08
-0.05,0.04,1.22,0.02,-2.1,0.08
-0.08,0.05,1.23,0.02,-2.07,0.07
-0.09,0.06,1.24,0.03,-2.06,0.07
-0.1,0.05,1.24,0.05,-2.04,0.07
-0.12,0.05,1.25,0.07,-2.01,0.08
-0.14,0.07,1.26,0.06,-1.99,0.09
-0.16,0.07,1.26,0.07,-1.96,0.1
-0.18,0.07,1.26,0.07,-1.92,0.12
-0.19,0.08,1.28,0.09,-1.89,0.13
-0.21,0.09,1.3,0.12,-1.84,0.13
-0.22,0.11,1.3,0.14,-1.8,0.14
-0.23,0.12,1.3,0.17,-1.72,0.13
-0.23,0.12,1.29,0.2,-1.67,0.14
-0.23,0.12,1.3,0.21,-1.6,0.13
-0.23,0.13,1.29,0.21,-1.55,0.12
-0.23,0.15,1.28,0.21,-1.49,0.11
-0.22,0.15,1.26,0.22,-1.45,0.1
-0.21,0.14,1.24,0.22,-1.38,0.09
-0.2,0.14,1.22,0.18,-1.32,0.09
-0.2,0.12,1.19,0.16,-1.27,0.08
-0.21,0.13,1.18,0.12,-1.25,0.1
-0.22,0.13,1.18,0.1,-1.23,0.1
-0.24,0.15,1.18,0.11,-1.21,0.12
-0.25,0.15,1.17,0.1,-1.16,0.12
-0.26,0.15,1.16,0.12,-1.13,0.14
-0.27,0.14,1.17,0.12,-1.07,0.14
-0.26,0.15,1.16,0.11,-1.02,0.14
-0.26,0.15,1.16,0.12,-0.97,0.14
-0.28,0.16,1.14,0.11,-0.92,0.15
-0.27,0.16,1.13,0.11,-0.86,0.15
-0.26,0.17,1.13,0.1,-0.83,0.17
-0.26,0.16,1.14,0.11,-0.78,0.17
-0.27,0.17,1.16,0.11,-0.74,0.17
-0.26,0.17,1.15,0.1,-0.68,0.16
-0.24,0.16,1.14,0.12,-0.64,0.15
-0.25,0.17,1.15,0.12,-0.61,0.13
-0.26,0.18,1.16,0.14,-0.6,0.13
-0.24,0.19,1.15,0.16,-0.56,0.09
-0.23,0.19,1.14,0.19,-0.52,0.08
-0.2,0.18,1.11,0.2,-0.49,0.05
-0.18,0.17,1.1,0.2,-0.46,0.02
-0.16,0.15,1.09,0.17,-0.44,0.0
-0.14,0.15,1.07,0.15,-0.43,-0.02
-0.14,0.14,1.06,0.1,-0.41,-0.02
-0.13,0.13,1.05,0.05,-0.4,-0.01
-0.13,0.12,1.05,0.0,-0.38,-0.03
-0.13,0.13,1.05,-0.06,-0.37,-0.02
-0.15,0.12,1.05,-0.12,-0.36,-0.01
-0.16,0.13,1.05,-0.15,-0.35,-0.0
-0.18,0.12,1.05,-0.19,-0.33,0.01
-0.2,0.12,1.06,-0.2,-0.31,0.02
-0.22,0.11,1.06,-0.2,-0.28,0.02
-0.23,0.12,1.05,-0.17,-0.26,0.03
-0.23,0.12,1.04,-0.14,-0.23,0.03
-0.22,0.11,1.03,-0.11,-0.21,0.04
-0.21,0.1,1.03,-0.09,-0.17,0.03
-0.2,0.1,1.04,-0.06,-0.17,0.04
-0.2,0.1,1.04,-0.03,-0.16,0.04
-0.19,0.1,1.03,-0.02,-0.15,0.04
-0.19,0.11,1.04,-0.0,-0.13,0.05
-0.18,0.11,1.04,0.02,-0.13,0.06
-0.18,0.11,1.05,0.03,-0.11,0.07
-0.18,0.11,1.06,0.05,-0.09,0.06
-0.18,0.11,1.08,0.05,-0.08,0.05
-0.17,0.12,1.08,0.05,-0.08,0.04
-0.18,0.12,1.08,0.09,-0.06,0.02
-0.18,0.13,1.07,0.11,-0.04,0.02
-0.18,0.13,1.06,0.12,-0.02,0.01
-0.18,0.13,1.06,0.14,-0.02,0.02
-0.17,0.12,1.07,0.16,0.01,-0.0
-0.18,0.13,1.07,0.17,0.02,0.0
-0.19,0.12,1.07,0.18,0.03,-0.0
-0.2,0.13,1.08,0.19,0.04,-0.01
-0.21,0.15,1.08,0.23,0.06,-0.01
-0.21,0.15,1.08,0.25,0.09,-0.01
-0.23,0.14,1.09,0.27,0.11,-0.0
-0.25,0.16,1.13,0.31,0.13,-0.01
-0.24,0.16,1.15,0.35,0.18,-0.04
-0.24,0.17,1.18,0.39,0.23,-0.05
-0.22,0.18,1.19,0.41,0.3,-0.09
-0.2,0.18,1.17,0.43,0.34,-0.12
-0.17,0.18,1.14,0.44,0.4,-0.15
-0.16,0.18,1.12,0.41,0.44,-0.17
-0.14,0.17,1.11,0.36,0.47,-0.17
-0.13,0.17,1.1,0.31,0.5,-0.17
-0.13,0.16,1.1,0.25,0.53,-0.18
-0.13,0.16,1.1,0.19,0.55,-0.18
-0.14,0.16,1.11,0.13,0.59,-0.17
-0.15,0.15,1.12,0.11,0.61,-0.18
-0.16,0.16,1.11,0.07,0.66,-0.18
-0.17,0.15,1.11,0.04,0.68,-0.16
-0.18,0.14,1.1,0.02,0.72,-0.16
-0.18,0.14,1.11,0.01,0.75,-0.14
-0.18,0.14,1.11,0.01,0.79,-0.15
-0.19,0.13,1.13,0.01,0.82,-0.15
-0.19,0.13,1.14,0.02,0.85,-0.14
-0.2,0.15,1.15,0.02,0.88,-0.15
-0.2,0.15,1.15,0.04,0.91,-0.15
-0.21,0.14,1.15,0.07,0.94,-0.15
-0.2,0.13,1.15,0.09,0.98,-0.14
-0.19,0.13,1.16,0.1,1.01,-0.16
-0.18,0.13,1.17,0.12,1.05,-0.16
-0.18,0.13,1.17,0.13,1.07,-0.17
-0.16,0.12,1.16,0.13,1.12,-0.18
-0.15,0.11,1.16,0.13,1.15,-0.18
-0.14,0.11,1.17,0.11,1.18,-0.18
-0.13,0.11,1.16,0.1,1.2,-0.18
-0.13,0.1,1.16,0.08,1.22,-0.18
-0.12,0.09,1.15,0.04,1.26,-0.18
-0.12,0.08,1.15,0.0,1.29,-0.19
-0.11,0.09,1.16,-0.04,1.32,-0.18
-0.11,0.08,1.16,-0.06,1.32,-0.18
-0.12,0.09,1.18,-0.08,1.35,-0.17
-0.12,0.08,1.19,-0.08,1.37,-0.17
-0.14,0.08,1.21,-0.1,1.41,-0.17
-0.14,0.08,1.22,-0.07,1.44,-0.16
-0.12,0.08,1.22,-0.05,1.47,-0.17
-0.12,0.07,1.22,-0.03,1.5,-0.2
-0.11,0.07,1.22,-0.03,1.52,-0.21
-0.1,0.07,1.23,-0.02,1.55,-0.22
-0.09,0.06,1.23,-0.01,1.57,-0.24
-0.08,0.05,1.21,-0.01,1.61,-0.27
-0.07,0.06,1.21,-0.04,1.64,-0.28
-0.08,0.06,1.2,-0.03,1.63,-0.28
-0.07,0.07,1.21,-0.04,1.67,-0.27
-0.07,0.06,1.21,-0.06,1.69,-0.27
-0.07,0.06,1.22,-0.09,1.7,-0.26
-0.06,0.04,1.22,-0.1,1.74,-0.26
-0.06,0.04,1.23,-0.12,1.77,-0.27
-0.05,0.04,1.22,-0.15,1.78,-0.25
-0.06,0.04,1.23,-0.15,1.82,-0.24
-0.06,0.03,1.23,-0.16,1.84,-0.24
-0.04,0.03,1.24,-0.16,1.88,-0.24
-0.05,0.03,1.25,-0.17,1.9,-0.24
-0.04,0.02,1.26,-0.16,1.9,-0.25
-0.04,0.02,1.26,-0.16,1.94,-0.25
-0.04,0.01,1.26,-0.16,1.97,-0.27
-0.02,0.0,1.25,-0.15,1.99,-0.28
-0.02,0.0,1.26,-0.15,2.02,-0.28
-0.02,0.0,1.26,-0.18,2.05,-0.29
-0.01,-0.0,1.24,-0.18,2.08,-0.29
0.01,-0.0,1.24,-0.2,2.11,-0.27
0.01,0.0,1.25,-0.21,2.11,-0.26
0.02,-0.01,1.27,-0.23,2.14,-0.26
0.04,-0.02,1.27,-0.26,2.16,-0.25
0.04,-0.03,1.28,-0.27,2.19,-0.25
0.05,-0.03,1.26,-0.29,2.23,-0.26
0.06,-0.03,1.26,-0.32,2.26,-0.27
0.06,-0.03,1.25,-0.32,2.28,-0.28
0.07,-0.04,1.25,-0.33,2.29,-0.29
0.08,-0.04,1.24,-0.35,2.32,-0.29
0.08,-0.05,1.24,-0.36,2.33,-0.29
0.08,-0.05,1.22,-0.36,2.33,-0.29
0.08,-0.05,1.21,-0.37,2.34,-0.29
0.07,-0.05,1.21,-0.37,2.34,-0.29
0.07,-0.06,1.22,-0.37,2.35,-0.28
0.08,-0.07,1.23,-0.35,2.36,-0.28
0.08,-0.06,1.23,-0.35,2.38,-0.28
0.09,-0.07,1.22,-0.34,2.39,-0.27
0.09,-0.07,1.22,-0.34,2.4,-0.26
0.1,-0.08,1.22,-0.33,2.41,-0.25
0.12,-0.08,1.21,-0.34,2.43,-0.25
0.11,-0.08,1.2,-0.33,2.44,-0.25
0.12,-0.09,1.19,-0.34,2.46,-0.24
0.13,-0.08,1.17,-0.34,2.47,-0.23
0.14,-0.08,1.16,-0.35,2.46,-0.22
0.13,-0.09,1.15,-0.35,2.49,-0.23
0.13,-0.1,1.15,-0.34,2.49,-0.22
0.13,-0.1,1.12,-0.33,2.49,-0.19
0.14,-0.1,1.12,-0.32,2.48,-0.17
0.14,-0.11,1.12,-0.3,2.49,-0.16
0.14,-0.12,1.12,-0.28,2.48,-0.16
0.15,-0.12,1.11,-0.25,2.5,-0.16
0.17,-0.11,1.12,-0.21,2.49,-0.15
0.18,-0.12,1.11,-0.17,2.48,-0.17
0.19,-0.13,1.1,-0.15,2.46,-0.19
0.2,-0.13,1.08,-0.12,2.46,-0.21
0.2,-0.11,1.05,-0.12,2.45,-0.22
0.2,-0.1,1.02,-0.13,2.44,-0.22
0.2,-0.09,1.01,-0.16,2.43,-0.2
0.2,-0.1,1.01,-0.17,2.4,-0.19
0.19,-0.1,1.0,-0.2,2.39,-0.16
0.19,-0.09,1.01,-0.22,2.38,-0.14
0.2,-0.1,1.01,-0.23,2.37,-0.11
0.19,-0.1,1.01,-0.23,2.35,-0.08
0.18,-0.1,1.01,-0.23,2.32,-0.06
0.19,-0.1,1.01,-0.22,2.31,-0.05
0.2,-0.1,1.01,-0.22,2.3,-0.05
0.21,-0.12,1.02,-0.24,2.3,-0.07
0.22,-0.12,1.02,-0.22,2.27,-0.08
0.22,-0.13,1.03,-0.22,2.29,-0.09
0.22,-0.13,1.03,-0.2,2.27,-0.09
0.21,-0.13,1.03,-0.18,2.26,-0.1
0.21,-0.12,1.03,-0.14,2.23,-0.1
0.2,-0.12,1.03,-0.1,2.23,-0.1
0.2,-0.12,1.01,-0.07,2.22,-0.11
0.2,-0.12,0.99,-0.06,2.23,-0.13
0.2,-0.1,0.98,-0.07,2.22,-0.11
0.2,-0.09,0.97,-0.06,2.2,-0.1
0.2,-0.08,0.97,-0.08,2.18,-0.08
0.2,-0.08,0.96,-0.09,2.16,-0.05
0.21,-0.08,0.97,-0.11,2.14,-0.03
0.22,-0.09,0.99,-0.14,2.12,-0.02
0.22,-0.09,0.99,-0.15,2.12,-0.02
0.23,-0.11,1.0,-0.17,2.14,-0.03
0.23,-0.11,1.0,-0.18,2.13,-0.03
0.23,-0.1,1.01,-0.18,2.16,-0.04
0.23,-0.11,1.01,-0.15,2.14,-0.05
0.22,-0.11,1.01,-0.13,2.13,-0.05
0.21,-0.1,1.0,-0.12,2.12,-0.06
0.19,-0.09,0.98,-0.1,2.13,-0.06
0.18,-0.07,0.96,-0.08,2.14,-0.06
0.18,-0.06,0.93,-0.06,2.14,-0.05
0.17,-0.06,0.9,-0.07,2.13,-0.03
0.17,-0.04,0.9,-0.08,2.13,-0.02
0.18,-0.04,0.91,-0.1,2.11,0.01
0.17,-0.04,0.91,-0.11,2.09,0.03
0.18,-0.04,0.91,-0.12,2.06,0.05
0.19,-0.04,0.91,-0.13,2.05,0.05
0.19,-0.04,0.91,-0.13,2.04,0.05
0.19,-0.03,0.91,-0.12,2.02,0.07
0.21,-0.04,0.93,-0.11,1.97,0.05
0.21,-0.06,0.94,-0.13,1.95,0.01
0.21,-0.07,0.95,-0.14,1.93,-0.02
0.22,-0.07,0.96,-0.14,1.92,-0.05
0.21,-0.07,0.97,-0.13,1.92,-0.06
0.2,-0.06,0.96,-0.13,1.94,-0.09
0.19,-0.06,0.94,-0.11,1.94,-0.09
0.16,-0.05,0.94,-0.1,1.96,-0.09
0.15,-0.04,0.92,-0.08,1.95,-0.07
0.14,-0.03,0.92,-0.06,1.97,-0.05
0.14,-0.02,0.9,-0.05,1.95,-0.02
0.14,-0.01,0.89,-0.03,1.95,-0.01
0.13,-0.01,0.87,-0.03,1.94,0.0
0.13,0.0,0.87,-0.03,1.91,-0.0
0.14,0.01,0.87,-0.01,1.86,0.01
0.15,0.01,0.87,-0.02,1.84,-0.0
0.15,-0.01,0.86,-0.01,1.8,-0.02
0.17,-0.01,0.87,-0.03,1.77,-0.04
0.16,0.01,0.87,-0.03,1.74,-0.06
0.15,0.0,0.89,-0.04,1.71,-0.06
0.16,-0.01,0.89,-0.04,1.69,-0.09
0.17,-0.01,0.9,-0.05,1.67,-0.1
0.16,-0.02,0.91,-0.06,1.67,-0.11
0.15,-0.01,0.91,-0.05,1.68,-0.11
0.14,0.01,0.92,-0.05,1.67,-0.11
0.12,0.02,0.91,-0.05,1.67,-0.1
0.11,0.01,0.9,-0.06,1.67,-0.09
0.11,0.0,0.91,-0.07,1.65,-0.07
0.12,0.01,0.92,-0.07,1.63,-0.06
0.12,-0.0,0.92,-0.08,1.64,-0.07
0.13,-0.02,0.91,-0.1,1.65,-0.06
0.12,-0.02,0.9,-0.11,1.68,-0.06
0.11,-0.02,0.9,-0.08,1.67,-0.04
0.09,0.01,0.91,-0.06,1.67,-0.01
0.08,0.03,0.9,-0.04,1.66,0.02
0.08,0.01,0.88,-0.02,1.61,0.05
0.1,0.01,0.89,-0.01,1.56,0.05
0.13,0.01,0.9,0.03,1.52,0.03
0.15,0.0,0.91,0.07,1.49,-0.01
0.14,-0.0,0.9,0.07,1.48,-0.04
0.12,0.01,0.89,0.09,1.47,-0.09
0.13,0.02,0.91,0.08,1.45,-0.12
0.12,0.03,0.9,0.07,1.47,-0.13
0.13,0.02,0.89,0.06,1.48,-0.13
0.13,0.02,0.9,0.04,1.49,-0.12
0.12,0.03,0.91,0.02,1.49,-0.1
0.11,0.03,0.89,0.02,1.5,-0.08
0.1,0.04,0.88,0.0,1.52,-0.07
0.1,0.05,0.87,-0.02,1.52,-0.06
0.09,0.05,0.87,-0.04,1.54,-0.05
0.1,0.04,0.86,-0.05,1.53,-0.06
0.12,0.03,0.85,-0.07,1.51,-0.06
0.13,0.03,0.86,-0.1,1.51,-0.08
0.15,0.02,0.85,-0.09,1.5,-0.1
0.15,0.01,0.84,-0.07,1.5,-0.13
0.14,0.01,0.84,-0.04,1.49,-0.17
0.13,0.03,0.86,0.02,1.45,-0.21
0.1,0.05,0.86,0.08,1.39,-0.22
0.07,0.06,0.85,0.12,1.35,-0.24
0.04,0.05,0.84,0.15,1.3,-0.25
0.01,0.07,0.85,0.19,1.25,-0.24
-0.0,0.1,0.87,0.23,1.18,-0.22
-0.01,0.11,0.87,0.24,1.14,-0.2
0.01,0.1,0.86,0.22,1.11,-0.17
0.02,0.09,0.83,0.18,1.08,-0.16
0.04,0.09,0.86,0.12,1.08,-0.14
0.05,0.1,0.88,0.05,1.1,-0.13
0.07,0.11,0.89,-0.03,1.08,-0.1
0.08,0.08,0.89,-0.14,1.1,-0.09
0.09,0.04,0.9,-0.23,1.12,-0.08
0.09,0.03,0.92,-0.31,1.16,-0.05
0.09,0.04,0.95,-0.38,1.19,-0.02
0.08,0.03,0.96,-0.42,1.21,0.03
0.06,0.0,0.95,-0.44,1.22,0.07
0.06,-0.01,0.95,-0.43,1.22,0.09
0.07,-0.02,0.95,-0.42,1.22,0.11
0.09,-0.03,0.95,-0.38,1.22,0.1
0.09,-0.05,0.94,-0.3,1.19,0.08
0.1,-0.05,0.93,-0.21,1.17,0.06
0.06,-0.04,0.94,-0.12,1.16,0.05
0.05,-0.02,0.92,-0.02,1.15,0.02
0.02,0.01,0.9,0.04,1.11,0.03
0.01,0.03,0.89,0.1,1.09,0.01
0.01,0.04,0.88,0.14,1.05,0.0
0.03,0.05,0.88,0.15,1.02,-0.01
0.04,0.05,0.88,0.18,0.98,-0.01
0.05,0.06,0.88,0.17,0.95,-0.01
0.06,0.05,0.88,0.16,0.94,-0.02
0.06,0.04,0.88,0.13,0.93,-0.03
0.06,0.04,0.89,0.14,0.91,-0.04
0.05,0.05,0.89,0.11,0.93,-0.04
0.05,0.04,0.86,0.1,0.93,-0.05
0.05,0.03,0.87,0.08,0.94,-0.06
0.04,0.04,0.88,0.09,0.92,-0.04
0.03,0.06,0.89,0.1,0.92,-0.04
0.03,0.05,0.89,0.12,0.91,-0.02
0.0,0.06,0.87,0.13,0.9,-0.02
-0.01,0.07,0.86,0.12,0.88,-0.02
-0.0,0.07,0.86,0.12,0.88,-0.02
-0.0,0.07,0.85,0.11,0.87,-0.01
-0.01,0.07,0.87,0.12,0.84,0.0
-0.01,0.08,0.88,0.11,0.8,0.03
-0.01,0.08,0.87,0.11,0.77,0.05
-0.01,0.07,0.87,0.09,0.75,0.05
0.01,0.06,0.85,0.09,0.74,0.05
0.01,0.06,0.85,0.09,0.73,0.05
-0.01,0.05,0.86,0.11,0.71,0.05
-0.02,0.06,0.86,0.13,0.69,0.06
-0.03,0.07,0.86,0.15,0.68,0.07
-0.04,0.07,0.86,0.17,0.65,0.08
-0.03,0.08,0.84,0.19,0.61,0.1
-0.03,0.08,0.83,0.21,0.59,0.09
-0.01,0.08,0.82,0.22,0.57,0.08
0.01,0.09,0.8,0.2,0.55,0.06
0.0,0.11,0.8,0.19,0.55,0.05
-0.01,0.13,0.8,0.16,0.55,0.03
-0.03,0.15,0.81,0.12,0.53,0.02
-0.04,0.16,0.82,0.08,0.49,0.04
-0.03,0.16,0.81,0.03,0.46,0.04
-0.01,0.16,0.81,-0.03,0.45,0.06
-0.01,0.15,0.81,-0.05,0.42,0.05
-0.01,0.15,0.82,-0.08,0.39,0.06
-0.02,0.14,0.83,-0.1,0.36,0.06
-0.01,0.14,0.84,-0.1,0.31,0.04
-0.01,0.12,0.84,-0.1,0.29,0.02
-0.01,0.1,0.85,-0.1,0.24,0.01
-0.01,0.1,0.86,-0.07,0.22,-0.01
-0.01,0.09,0.86,-0.05,0.19,-0.02
-0.0,0.08,0.87,-0.03,0.17,-0.03
0.01,0.08,0.87,0.0,0.12,-0.04
0.01,0.07,0.88,0.03,0.1,-0.04
0.01,0.07,0.88,0.05,0.1,-0.04
0.01,0.07,0.88,0.07,0.08,-0.05
-0.0,0.09,0.89,0.07,0.07,-0.05
-0.0,0.09,0.89,0.08,0.05,-0.04
-0.0,0.09,0.89,0.07,0.04,-0.03
0.0,0.07,0.89,0.07,0.02,-0.02
-0.01,0.09,0.88,0.08,0.01,-0.01
-0.0,0.09,0.9,0.09,0.02,-0.02
0.0,0.1,0.89,0.07,-0.0,-0.01
0.0,0.11,0.89,0.05,-0.02,-0.01
-0.0,0.11,0.89,0.04,-0.04,-0.0
-0.0,0.1,0.9,0.01,-0.05,-0.02
-0.0,0.1,0.92,-0.02,-0.08,-0.01
0.01,0.09,0.92,-0.04,-0.1,-0.03
0.02,0.07,0.93,-0.07,-0.11,-0.03
0.01,0.06,0.94,-0.07,-0.11,-0.05
0.02,0.05,0.95,-0.08,-0.13,-0.05
0.03,0.03,0.96,-0.09,-0.13,-0.05
0.05,0.01,0.96,-0.08,-0.14,-0.05
0.05,0.0,0.97,-0.08,-0.11,-0.06
0.03,0.0,0.97,-0.07,-0.08,-0.07
0.02,0.01,1.0,-0.06,-0.08,-0.05
0.02,0.02,1.01,-0.05,-0.09,-0.02
0.03,0.02,1.0,-0.04,-0.09,-0.02
0.04,-0.0,0.98,-0.04,-0.09,-0.04
0.03,-0.02,0.98,-0.04,-0.07,-0.04
0.02,-0.0,0.99,-0.03,-0.06,-0.04
0.01,0.01,1.01,-0.01,-0.05,-0.02
0.01,0.01,1.0,-0.02,-0.05,-0.0
0.02,0.01,1.0,0.01,-0.06,0.01
0.02,0.01,0.98,0.0,-0.05,0.02
0.0,0.01,0.97,0.01,-0.04,0.0
-0.01,0.02,0.98,0.02,-0.04,0.02
-0.01,0.04,0.99,0.02,-0.05,0.03
0.02,0.04,0.99,0.04,-0.07,0.04
0.05,0.02,0.98,0.03,-0.08,0.04
0.06,0.02,0.96,0.02,-0.06,0.02
0.05,0.02,0.97,-0.0,-0.04,-0.0
0.04,0.04,0.98,-0.01,-0.03,-0.01
0.03,0.05,0.99,-0.03,-0.03,0.01
0.01,0.04,1.0,-0.07,-0.04,0.02
0.04,0.04,1.02,-0.07,-0.05,0.03
0.07,0.03,1.03,-0.09,-0.07,0.05
0.1,-0.0,1.01,-0.1,-0.06,0.04
0.11,-0.02,0.99,-0.13,-0.03,0.01
0.11,-0.04,1.0,-0.15,0.01,-0.02
0.1,-0.04,1.02,-0.15,0.05,-0.03
0.08,-0.04,1.03,-0.14,0.09,-0.03
0.05,-0.02,1.03,-0.14,0.1,-0.01
0.03,-0.03,1.02,-0.12,0.11,0.02
0.01,0.0,1.01,-0.12,0.11,0.06
0.01,-0.0,1.01,-0.07,0.09,0.1
0.03,0.0,1.01,-0.04,0.08,0.11
0.05,-0.01,0.98,0.01,0.06,0.1
0.05,0.0,0.97,0.04,0.07,0.08
0.04,0.01,0.95,0.07,0.05,0.05
0.03,0.03,0.96,0.1,0.05,0.03
0.02,0.04,0.96,0.11,0.05,0.03
0.03,0.05,0.95,0.13,0.04,0.03
0.03,0.06,0.94,0.12,0.03,0.05
0.04,0.06,0.92,0.1,0.02,0.06
0.03,0.07,0.92,0.08,0.03,0.06
0.03,0.07,0.94,0.06,0.02,0.08
0.03,0.09,0.94,0.05,0.01,0.08
0.03,0.09,0.94,0.02,-0.01,0.08
0.05,0.08,0.92,-0.02,-0.01,0.05
0.05,0.06,0.92,-0.05,-0.02,0.03
0.06,0.06,0.94,-0.07,-0.03,0.02
0.07,0.05,0.95,-0.08,-0.02,-0.0
0.06,0.04,0.96,-0.1,-0.02,0.0
0.06,0.03,0.97,-0.12,-0.02,0.0
0.05,0.02,0.97,-0.14,-0.03,0.02
0.05,0.02,0.98,-0.14,-0.02,0.02
0.06,0.0,0.99,-0.12,-0.02,0.02
0.05,-0.01,1.0,-0.12,-0.03,0.03
0.06,-0.01,1.0,-0.1,-0.02,0.04
0.06,-0.02,0.99,-0.11,-0.01,0.04
0.06,-0.02,0.99,-0.07,0.01,0.04
0.06,-0.03,1.0,-0.04,-0.01,0.04
0.08,-0.02,1.0,-0.02,0.01,0.05
0.07,-0.02,0.99,-0.0,0.02,0.04
0.06,-0.01,0.97,0.02,0.03,0.03
0.04,0.01,0.96,0.04,0.03,0.03
0.03,0.03,0.97,0.04,0.03,0.03
0.02,0.05,0.96,0.05,0.03,0.02
0.01,0.06,0.95,0.05,0.01,0.04
0.01,0.07,0.93,0.03,0.01,0.04
0.02,0.06,0.91,0.03,-0.02,0.04
0.02,0.07,0.91,0.01,-0.02,0.04
0.0,0.07,0.89,0.02,-0.02,0.02
-0.0,0.08,0.89,0.02,-0.03,0.03
-0.02,0.09,0.87,0.04,-0.05,0.04
-0.03,0.1,0.86,0.05,-0.06,0.03
-0.04,0.12,0.83,0.07,-0.1,0.04
-0.04,0.13,0.82,0.07,-0.1,0.04
-0.03,0.13,0.8,0.09,-0.13,0.03
-0.04,0.15,0.78,0.1,-0.15,0.01
-0.05,0.17,0.77,0.09,-0.17,-0.0
-0.05,0.18,0.76,0.1,-0.21,-0.0
-0.06,0.19,0.75,0.06,-0.23,-0.01
-0.06,0.2,0.76,0.05,-0.27,-0.02
-0.07,0.2,0.75,0.02,-0.33,-0.02
-0.08,0.2,0.75,-0.0,-0.37,-0.02
-0.08,0.19,0.74,-0.02,-0.42,-0.02
-0.08,0.19,0.74,-0.04,-0.47,-0.01
-0.09,0.19,0.74,-0.05,-0.52,0.0
-0.09,0.19,0.74,-0.07,-0.57,0.02
-0.08,0.19,0.73,-0.09,-0.62,0.04
-0.09,0.2,0.72,-0.1,-0.65,0.04
-0.08,0.2,0.71,-0.12,-0.71,0.05
-0.07,0.19,0.71,-0.14,-0.74,0.05
-0.06,0.18,0.71,-0.17,-0.81,0.05
-0.06,0.17,0.71,-0.18,-0.85,0.04
-0.06,0.18,0.71,-0.17,-0.89,0.04
-0.06,0.17,0.7,-0.17,-0.94,0.04
-0.04,0.16,0.7,-0.18,-0.99,0.05
-0.04,0.15,0.69,-0.17,-1.04,0.03
-0.05,0.15,0.7,-0.14,-1.09,0.03
-0.04,0.15,0.71,-0.12,-1.14,0.02
-0.01,0.15,0.71,-0.11,-1.2,0.02
-0.0,0.13,0.69,-0.12,-1.24,0.01
0.01,0.12,0.69,-0.13,-1.28,-0.02
0.0,0.13,0.69,-0.13,-1.31,-0.04
0.0,0.13,0.72,-0.15,-1.35,-0.03
0.0,0.13,0.73,-0.17,-1.39,-0.04
0.02,0.12,0.74,-0.18,-1.44,-0.03
0.03,0.12,0.74,-0.21,-1.5,-0.02
0.04,0.1,0.74,-0.25,-1.54,-0.03
0.04,0.08,0.74,-0.26,-1.54,-0.04
0.04,0.08,0.76,-0.3,-1.56,-0.04
0.05,0.08,0.78,-0.3,-1.57,-0.02
0.06,0.08,0.8,-0.31,-1.6,-0.0
0.06,0.06,0.78,-0.31,-1.62,0.01
0.06,0.04,0.78,-0.31,-1.64,0.02
0.06,0.03,0.78,-0.3,-1.64,0.01
0.06,0.02,0.78,-0.28,-1.66,0.02
0.04,0.02,0.78,-0.23,-1.68,0.03
0.03,0.03,0.78,-0.18,-1.71,0.04
0.04,0.04,0.79,-0.14,-1.79,0.07
0.06,0.03,0.78,-0.07,-1.83,0.07
0.06,0.02,0.76,-0.03,-1.9,0.06
0.07,0.0,0.77,0.01,-1.94,0.04
0.08,0.02,0.78,0.06,-1.97,0.02
0.12,0.02,0.8,0.1,-2.04,0.01
0.14,0.01,0.8,0.12,-2.07,-0.01
0.15,-0.0,0.78,0.12,-2.09,-0.04
0.16,-0.0,0.78,0.09,-2.09,-0.06
0.12,-0.0,0.8,0.03,-2.06,-0.06
0.1,0.0,0.8,-0.03,-2.02,-0.03
0.09,0.01,0.82,-0.06,-1.98,0.02
0.11,0.02,0.84,-0.1,-1.97,0.08
0.12,0.02,0.86,-0.17,-2.01,0.13
0.14,-0.0,0.84,-0.23,-2.02,0.16
0.18,-0.04,0.84,-0.31,-2.02,0.16
0.2,-0.08,0.86,-0.37,-2.0,0.13
0.21,-0.08,0.9,-0.39,-1.97,0.11
0.22,-0.07,0.93,-0.4,-1.93,0.08
0.23,-0.07,0.94,-0.4,-1.93,0.06
0.21,-0.08,0.94,-0.42,-1.94,0.03
0.18,-0.09,0.93,-0.44,-1.93,0.01
0.15,-0.09,0.94,-0.45,-1.93,-0.01
0.13,-0.07,0.96,-0.43,-1.93,-0.01
0.11,-0.05,0.98,-0.38,-1.94,0.01
0.1,-0.06,0.97,-0.37,-1.97,0.03
0.1,-0.07,0.94,-0.36,-1.98,0.02
0.1,-0.09,0.93,-0.35,-1.99,0.02
0.1,-0.1,0.92,-0.34,-1.95,0.02
0.09,-0.07,0.92,-0.33,-1.94,0.05
0.06,-0.05,0.93,-0.31,-1.95,0.1
0.05,-0.04,0.92,-0.28,-1.98,0.14
0.08,-0.06,0.91,-0.27,-1.99,0.18
0.11,-0.08,0.92,-0.25,-2.01,0.2
0.12,-0.09,0.93,-0.19,-2.02,0.2
0.13,-0.08,0.94,-0.18,-2.02,0.19
0.14,-0.09,0.96,-0.13,-2.05,0.19
0.17,-0.1,0.98,-0.09,-2.09,0.17
0.18,-0.11,1.0,-0.05,-2.12,0.12
0.18,-0.12,1.03,-0.01,-2.12,0.08
0.17,-0.12,1.03,0.04,-2.13,0.04
0.14,-0.1,1.03,0.09,-2.11,0.02
0.13,-0.08,1.03,0.11,-2.11,0.01
0.11,-0.05,1.01,0.08,-2.11,0.03
0.12,-0.04,1.02,0.07,-2.11,0.03
0.13,-0.04,1.02,0.0,-2.13,0.06
0.14,-0.06,1.03,-0.06,-2.1,0.08
0.18,-0.07,1.02,-0.13,-2.05,0.1
0.16,-0.09,1.09,-0.17,-2.02,0.12
0.16,-0.08,1.07,-0.22,-1.94,0.14
0.15,-0.05,1.05,-0.27,-1.89,0.14
0.15,-0.06,1.04,-0.35,-1.85,0.17
0.12,-0.05,1.06,-0.4,-1.84,0.2
0.12,-0.06,1.06,-0.42,-1.84,0.23
0.14,-0.09,1.1,-0.39,-1.84,0.25
0.14,-0.1,1.12,-0.36,-1.86,0.24
0.12,-0.1,1.11,-0.29,-1.87,0.19
0.11,-0.11,1.09,-0.22,-1.86,0.14
0.1,-0.1,1.08,-0.15,-1.86,0.07
0.11,-0.1,1.1,-0.09,-1.87,0.02
0.11,-0.08,1.12,-0.04,-1.9,-0.01
0.1,-0.07,1.14,0.01,-1.92,-0.05
0.09,-0.07,1.12,0.05,-1.92,-0.06
0.08,-0.07,1.12,0.04,-1.9,-0.06
0.06,-0.05,1.12,0.03,-1.88,-0.04
0.06,-0.03,1.13,0.01,-1.88,-0.0
0.06,-0.02,1.14,-0.02,-1.86,0.04
0.07,-0.04,1.15,-0.07,-1.83,0.07
0.08,-0.05,1.15,-0.13,-1.78,0.09
0.07,-0.05,1.15,-0.18,-1.72,0.12
0.07,-0.05,1.15,-0.22,-1.67,0.14
0.07,-0.04,1.15,-0.25,-1.62,0.16
0.07,-0.04,1.16,-0.27,-1.59,0.2
0.08,-0.04,1.16,-0.28,-1.58,0.2
0.05,-0.05,1.16,-0.26,-1.57,0.2
0.05,-0.05,1.14,-0.23,-1.55,0.19
0.02,-0.05,1.1,-0.21,-1.53,0.17
0.01,-0.04,1.08,-0.14,-1.51,0.18
0.02,-0.04,1.08,-0.08,-1.53,0.19
0.03,-0.04,1.08,0.01,-1.54,0.18
0.04,-0.03,1.08,0.08,-1.58,0.17
0.04,-0.02,1.04,0.16,-1.56,0.16
0.04,0.0,0.99,0.22,-1.57,0.15
0.05,0.02,0.96,0.24,-1.6,0.15
0.09,0.03,0.98,0.26,-1.64,0.13
0.12,0.03,0.99,0.25,-1.7,0.11
0.14,0.01,1.0,0.21,-1.7,0.08
0.15,-0.0,1.02,0.16,-1.69,0.05
0.14,0.0,1.03,0.11,-1.67,0.03
0.12,0.03,1.05,0.04,-1.66,0.01
0.1,0.03,1.05,-0.03,-1.66,0.02
0.09,0.01,1.07,-0.09,-1.64,0.05
0.07,0.0,1.1,-0.15,-1.64,0.06
0.05,0.0,1.12,-0.17,-1.65,0.09
0.04,-0.01,1.13,-0.18,-1.63,0.13
0.03,-0.02,1.13,-0.2,-1.6,0.13
0.04,-0.03,1.13,-0.18,-1.56,0.15
0.05,-0.03,1.14,-0.18,-1.55,0.15
0.04,-0.03,1.14,-0.17,-1.55,0.15
0.04,-0.02,1.14,-0.15,-1.52,0.14
0.06,-0.03,1.16,-0.09,-1.52,0.14
0.08,-0.03,1.16,-0.05,-1.51,0.1
0.06,-0.02,1.15,-0.02,-1.51,0.08
0.06,-0.03,1.14,0.01,-1.49,0.05
0.05,-0.01,1.1,0.04,-1.48,0.03
0.04,-0.0,1.08,0.05,-1.46,0.03
0.03,0.0,1.05,0.08,-1.48,0.04
0.04,0.0,1.05,0.11,-1.48,0.07
0.05,-0.0,1.04,0.14,-1.48,0.08
0.06,0.01,1.04,0.15,-1.48,0.1
0.07,0.0,1.02,0.18,-1.5,0.1
0.07,0.01,1.01,0.2,-1.52,0.1
0.09,0.01,1.0,0.21,-1.53,0.09
0.09,0.02,0.98,0.18,-1.54,0.09
0.11,0.02,0.97,0.17,-1.55,0.08
0.12,0.03,0.96,0.12,-1.57,0.08
0.12,0.04,0.97,0.09,-1.59,0.09
0.13,0.03,1.01,0.04,-1.63,0.1
0.14,0.01,1.06,-0.01,-1.66,0.09
0.13,0.0,1.1,-0.06,-1.66,0.04
0.12,-0.0,1.13,-0.1,-1.67,0.02
0.1,-0.01,1.17,-0.12,-1.64,-0.02
0.08,-0.0,1.2,-0.14,-1.62,-0.04
0.05,0.01,1.2,-0.14,-1.59,-0.06
0.03,0.01,1.19,-0.14,-1.56,-0.06
0.01,0.01,1.17,-0.14,-1.52,-0.04
0.0,0.01,1.15,-0.15,-1.52,-0.01
-0.01,0.01,1.15,-0.15,-1.5,0.0
-0.02,0.01,1.14,-0.13,-1.51,0.03
-0.02,0.0,1.14,-0.12,-1.47,0.04
-0.01,-0.0,1.14,-0.1,-1.48,0.07
-0.01,-0.01,1.13,-0.11,-1.45,0.07
-0.02,-0.01,1.13,-0.08,-1.43,0.08
-0.01,-0.0,1.12,-0.06,-1.42,0.09
-0.0,-0.01,1.11,-0.05,-1.42,0.12
0.01,-0.02,1.14,-0.04,-1.4,0.12
0.04,-0.03,1.18,-0.01,-1.4,0.1
0.03,-0.01,1.2,0.02,-1.41,0.06
0.01,0.01,1.18,0.06,-1.42,0.03
0.02,0.01,1.15,0.1,-1.4,-0.0
0.02,0.01,1.15,0.12,-1.41,-0.02
0.03,0.0,1.15,0.11,-1.37,-0.05
0.02,0.02,1.13,0.1,-1.35,-0.05
0.03,0.03,1.11,0.07,-1.32,-0.06
0.03,0.03,1.1,0.05,-1.3,-0.03
0.01,0.02,1.07,0.01,-1.27,-0.01
0.01,0.03,1.06,-0.03,-1.28,0.02
0.03,0.04,1.05,-0.06,-1.26,0.06
0.03,0.03,1.05,-0.08,-1.23,0.09
0.03,0.02,1.04,-0.1,-1.22,0.11
0.04,0.01,1.04,-0.13,-1.21,0.12
0.05,-0.0,1.03,-0.15,-1.22,0.15
0.07,-0.01,1.05,-0.17,-1.22,0.13
0.08,-0.02,1.06,-0.19,-1.21,0.11
0.06,-0.0,1.06,-0.19,-1.24,0.1
0.05,-0.0,1.05,-0.18,-1.25,0.09
0.05,-0.01,1.05,-0.16,-1.26,0.07
0.05,0.0,1.06,-0.15,-1.28,0.08
0.05,-0.0,1.06,-0.11,-1.31,0.08
0.06,-0.0,1.05,-0.06,-1.31,0.06
0.07,-0.0,1.04,-0.05,-1.34,0.05
0.08,0.0,1.04,-0.06,-1.37,0.04
0.08,-0.0,1.04,-0.05,-1.41,0.03
0.07,0.0,1.04,-0.05,-1.42,0.02
0.07,0.01,1.05,-0.06,-1.43,0.02
0.07,0.01,1.05,-0.05,-1.43,0.02
0.06,0.0,1.06,-0.06,-1.46,0.04
0.06,-0.0,1.07,-0.07,-1.47,0.04
0.06,0.0,1.09,-0.08,-1.47,0.05
0.07,-0.01,1.1,-0.1,-1.48,0.04
0.05,0.0,1.12,-0.11,-1.52,0.04
0.03,-0.0,1.12,-0.12,-1.51,0.01
0.02,0.0,1.1,-0.13,-1.51,-0.0
0.02,0.01,1.08,-0.15,-1.5,-0.01
0.02,0.01,1.07,-0.19,-1.5,-0.01
0.02,0.01,1.08,-0.22,-1.5,-0.0
0.02,0.01,1.08,-0.28,-1.5,0.01
0.01,0.02,1.08,-0.34,-1.49,0.03
-0.0,0.02,1.09,-0.4,-1.49,0.05
-0.02,0.03,1.08,-0.45,-1.48,0.07
-0.04,0.04,1.08,-0.5,-1.46,0.1
-0.05,0.03,1.08,-0.52,-1.45,0.12
-0.07,0.02,1.1,-0.55,-1.45,0.14
-0.09,0.02,1.11,-0.55,-1.44,0.14
-0.12,0.02,1.13,-0.54,-1.45,0.15
-0.14,0.03,1.14,-0.53,-1.42,0.14
-0.17,0.03,1.17,-0.48,-1.41,0.15
-0.19,0.04,1.18,-0.42,-1.39,0.14
-0.19,0.04,1.19,-0.37,-1.36,0.14
-0.2,0.03,1.2,-0.31,-1.33,0.13
-0.2,0.04,1.2,-0.25,-1.32,0.12
-0.21,0.06,1.19,-0.2,-1.29,0.13
-0.22,0.07,1.2,-0.13,-1.27,0.14
-0.19,0.08,1.21,-0.07,-1.22,0.16
-0.2,0.09,1.22,-0.02,-1.21,0.18
-0.17,0.09,1.22,0.03,-1.16,0.18
-0.15,0.09,1.21,0.03,-1.12,0.18
-0.14,0.09,1.21,0.04,-1.1,0.16
-0.15,0.11,1.19,0.05,-1.07,0.15
-0.14,0.11,1.17,0.05,-1.03,0.14
-0.14,0.12,1.16,0.04,-1.01,0.14
-0.15,0.12,1.15,0.03,-0.98,0.14
-0.15,0.12,1.13,0.02,-0.95,0.13
-0.17,0.13,1.13,0.02,-0.93,0.13
-0.18,0.12,1.12,0.03,-0.9,0.15
-0.17,0.12,1.13,0.06,-0.88,0.16
-0.16,0.12,1.13,0.1,-0.86,0.16
-0.16,0.12,1.15,0.13,-0.84,0.14
-0.14,0.11,1.13,0.14,-0.8,0.13
-0.13,0.11,1.11,0.15,-0.76,0.11
-0.12,0.12,1.11,0.14,-0.74,0.1
-0.12,0.12,1.13,0.12,-0.71,0.1
-0.1,0.12,1.13,0.09,-0.7,0.09
-0.1,0.13,1.12,0.06,-0.67,0.09
-0.09,0.12,1.1,0.03,-0.64,0.1
-0.08,0.12,1.08,0.02,-0.63,0.09
-0.08,0.11,1.07,-0.02,-0.61,0.09
-0.08,0.12,1.07,-0.04,-0.6,0.1
-0.08,0.11,1.08,-0.05,-0.59,0.09
-0.08,0.1,1.09,-0.06,-0.58,0.07
-0.08,0.11,1.08,-0.08,-0.57,0.07
-0.08,0.11,1.08,-0.08,-0.56,0.06
-0.09,0.11,1.09,-0.09,-0.55,0.06
-0.09,0.1,1.09,-0.1,-0.54,0.05
-0.09,0.1,1.09,-0.11,-0.53,0.04
-0.11,0.1,1.08,-0.11,-0.51,0.03
-0.11,0.09,1.07,-0.09,-0.51,0.04
-0.1,0.1,1.08,-0.08,-0.5,0.04
-0.11,0.09,1.08,-0.08,-0.48,0.04
-0.1,0.1,1.1,-0.07,-0.46,0.04
-0.1,0.09,1.09,-0.07,-0.45,0.03
-0.09,0.1,1.09,-0.07,-0.42,0.03
-0.09,0.09,1.09,-0.08,-0.4,0.02
-0.1,0.09,1.08,-0.1,-0.38,0.02
-0.11,0.1,1.08,-0.1,-0.37,0.03
-0.11,0.1,1.08,-0.09,-0.35,0.04
-0.11,0.09,1.08,-0.09,-0.33,0.06
-0.11,0.08,1.08,-0.07,-0.31,0.06
-0.1,0.08,1.08,-0.06,-0.3,0.07
-0.1,0.07,1.07,-0.05,-0.29,0.05
-0.09,0.07,1.07,-0.05,-0.26,0.05
-0.07,0.06,1.07,-0.06,-0.25,0.06
-0.07,0.05,1.04,-0.05,-0.23,0.05
-0.05,0.04,1.03,-0.05,-0.23,0.06
-0.04,0.03,1.02,-0.05,-0.22,0.07
-0.03,0.03,1.01,-0.04,-0.23,0.09
-0.02,0.02,1.01,-0.02,-0.25,0.11
-0.03,0.03,1.01,0.01,-0.27,0.12
-0.02,0.02,1.01,0.04,-0.27,0.13
-0.01,0.01,1.01,0.07,-0.29,0.14
-0.0,0.02,1.0,0.11,-0.33,0.15
0.0,0.03,1.0,0.13,-0.34,0.14
0.01,0.04,1.01,0.15,-0.36,0.14
0.01,0.04,1.04,0.16,-0.39,0.14
0.01,0.05,1.07,0.16,-0.4,0.12
0.0,0.07,1.08,0.17,-0.39,0.09
0.01,0.07,1.08,0.16,-0.36,0.06
0.01,0.06,1.07,0.15,-0.34,0.05
0.03,0.05,1.05,0.11,-0.31,0.03
0.03,0.06,1.03,0.07,-0.31,0.03
0.04,0.07,1.01,0.04,-0.32,0.05
0.03,0.07,1.01,-0.02,-0.32,0.08
0.02,0.08,1.02,-0.04,-0.33,0.09
0.01,0.07,1.04,-0.07,-0.34,0.09
-0.01,0.07,1.06,-0.09,-0.34,0.08
-0.03,0.08,1.07,-0.08,-0.32,0.06
-0.05,0.09,1.06,-0.08,-0.32,0.05
-0.06,0.09,1.06,-0.07,-0.32,0.06
-0.08,0.1,1.08,-0.04,-0.3,0.05
-0.1,0.1,1.1,-0.02,-0.29,0.04
-0.09,0.1,1.1,0.02,-0.26,0.02
-0.1,0.1,1.1,0.04,-0.24,0.03
-0.09,0.1,1.08,0.07,-0.22,0.02
-0.1,0.11,1.08,0.08,-0.2,0.03
-0.09,0.1,1.08,0.09,-0.18,0.04
-0.09,0.11,1.09,0.08,-0.17,0.05
-0.1,0.11,1.1,0.08,-0.13,0.03
-0.1,0.12,1.11,0.06,-0.11,0.03
-0.11,0.12,1.1,0.05,-0.07,0.02
-0.13,0.12,1.09,0.02,-0.05,0.03
-0.13,0.12,1.09,0.01,-0.01,0.03
-0.14,0.12,1.1,0.0,0.01,0.05
-0.15,0.12,1.1,-0.01,0.06,0.06
-0.14,0.13,1.1,0.01,0.07,0.08
-0.14,0.12,1.1,0.01,0.1,0.08
-0.15,0.13,1.1,0.03,0.12,0.08
-0.14,0.12,1.1,0.03,0.15,0.07
-0.15,0.13,1.11,0.03,0.16,0.06
-0.14,0.12,1.11,0.05,0.2,0.05
-0.13,0.13,1.09,0.06,0.23,0.03
-0.13,0.13,1.09,0.07,0.23,0.06
-0.11,0.13,1.08,0.06,0.26,0.06
-0.12,0.14,1.08,0.07,0.27,0.05
-0.1,0.13,1.08,0.08,0.3,0.05
-0.1,0.12,1.08,0.06,0.33,0.05
-0.11,0.12,1.08,0.07,0.33,0.05
-0.1,0.12,1.07,0.08,0.34,0.04
-0.11,0.13,1.08,0.08,0.36,0.05
-0.11,0.14,1.09,0.09,0.37,0.04
-0.12,0.15,1.09,0.11,0.37,0.03
-0.12,0.14,1.09,0.13,0.41,0.0
-0.11,0.14,1.09,0.13,0.42,0.01
-0.11,0.15,1.09,0.12,0.45,-0.01
-0.11,0.15,1.08,0.12,0.45,-0.0
-0.11,0.14,1.09,0.12,0.47,-0.01
-0.11,0.15,1.1,0.1,0.5,-0.02
-0.11,0.15,1.11,0.08,0.53,-0.03
-0.11,0.14,1.11,0.06,0.54,-0.02
-0.11,0.14,1.11,0.05,0.56,-0.04
-0.12,0.15,1.12,0.04,0.58,-0.04
-0.13,0.15,1.13,0.02,0.59,-0.04
-0.13,0.15,1.14,0.02,0.62,-0.06
-0.14,0.15,1.15,0.03,0.65,-0.08
-0.14,0.15,1.15,0.02,0.69,-0.09
-0.14,0.15,1.15,0.02,0.71,-0.1
-0.15,0.16,1.15,0.02,0.72,-0.1
-0.15,0.16,1.14,0.02,0.76,-0.11
-0.15,0.15,1.15,0.04,0.78,-0.11
-0.16,0.16,1.16,0.03,0.82,-0.11
-0.16,0.15,1.15,0.03,0.84,-0.11
-0.16,0.15,1.15,0.02,0.88,-0.12
-0.16,0.15,1.15,0.01,0.9,-0.11
-0.16,0.14,1.16,-0.0,0.94,-0.12
-0.16,0.14,1.16,-0.02,0.98,-0.11
-0.16,0.13,1.17,-0.01,1.02,-0.13
-0.16,0.13,1.17,-0.01,1.05,-0.13
-0.15,0.12,1.17,-0.02,1.1,-0.14
-0.15,0.12,1.18,-0.02,1.12,-0.14
-0.15,0.12,1.2,-0.04,1.17,-0.16
-0.15,0.13,1.19,-0.04,1.21,-0.17
-0.14,0.11,1.19,-0.05,1.23,-0.17
-0.12,0.1,1.18,-0.07,1.28,-0.19
-0.14,0.09,1.18,-0.09,1.32,-0.2
-0.12,0.1,1.17,-0.11,1.34,-0.2
-0.12,0.1,1.16,-0.12,1.36,-0.2
-0.13,0.09,1.17,-0.12,1.38,-0.19
-0.13,0.09,1.19,-0.13,1.39,-0.18
-0.13,0.08,1.2,-0.13,1.42,-0.18
-0.12,0.08,1.21,-0.1,1.44,-0.18
-0.11,0.08,1.21,-0.09,1.47,-0.19
-0.11,0.08,1.22,-0.08,1.51,-0.21
-0.11,0.09,1.23,-0.08,1.53,-0.22
-0.1,0.08,1.24,-0.09,1.57,-0.24
-0.09,0.08,1.24,-0.09,1.61,-0.24
-0.08,0.09,1.24,-0.1,1.64,-0.25
-0.08,0.09,1.25,-0.12,1.68,-0.25
-0.08,0.1,1.25,-0.13,1.71,-0.23
-0.08,0.09,1.27,-0.14,1.73,-0.22
-0.08,0.09,1.28,-0.13,1.75,-0.22
-0.08,0.08,1.29,-0.14,1.79,-0.23
-0.07,0.07,1.29,-0.15,1.83,-0.23
-0.07,0.07,1.29,-0.14,1.86,-0.24
-0.07,0.06,1.29,-0.14,1.91,-0.25
-0.06,0.06,1.3,-0.15,1.97,-0.26
-0.06,0.05,1.3,-0.15,2.0,-0.26
-0.04,0.05,1.29,-0.15,2.05,-0.25
-0.03,0.03,1.3,-0.15,2.08,-0.24
-0.02,0.02,1.3,-0.15,2.12,-0.23
-0.02,0.01,1.3,-0.13,2.15,-0.23
-0.0,0.01,1.29,-0.13,2.17,-0.22
0.01,-0.0,1.28,-0.13,2.22,-0.22
0.03,-0.01,1.27,-0.12,2.24,-0.21
0.04,-0.02,1.26,-0.12,2.26,-0.21
0.05,-0.02,1.25,-0.12,2.28,-0.21
0.06,-0.02,1.24,-0.14,2.29,-0.21
0.07,-0.03,1.23,-0.14,2.3,-0.22
0.08,-0.04,1.23,-0.15,2.31,-0.23
0.08,-0.04,1.23,-0.16,2.32,-0.23
0.09,-0.05,1.22,-0.15,2.33,-0.23
0.08,-0.04,1.22,-0.15,2.34,-0.22
0.09,-0.06,1.21,-0.14,2.36,-0.22
0.1,-0.06,1.19,-0.11,2.36,-0.21
0.1,-0.06,1.19,-0.11,2.36,-0.2
0.11,-0.07,1.19,-0.1,2.37,-0.2
0.12,-0.08,1.18,-0.1,2.36,-0.21
0.13,-0.08,1.18,-0.09,2.35,-0.21
0.13,-0.09,1.19,-0.08,2.35,-0.21
0.15,-0.09,1.18,-0.06,2.36,-0.21
0.14,-0.08,1.17,-0.05,2.36,-0.21
0.14,-0.07,1.15,-0.05,2.35,-0.2
0.15,-0.09,1.15,-0.07,2.38,-0.2
0.15,-0.09,1.16,-0.07,2.37,-0.2
0.16,-0.09,1.14,-0.1,2.39,-0.2
0.16,-0.09,1.13,-0.12,2.39,-0.18
0.15,-0.09,1.11,-0.14,2.41,-0.15
0.16,-0.08,1.1,-0.18,2.42,-0.13
0.16,-0.1,1.08,-0.18,2.4,-0.1
0.16,-0.1,1.09,-0.21,2.4,-0.08
0.16,-0.1,1.09,-0.19,2.37,-0.06
0.16,-0.11,1.11,-0.16,2.37,-0.06
0.17,-0.11,1.13,-0.14,2.36,-0.07
0.17,-0.12,1.14,-0.12,2.35,-0.1
0.16,-0.14,1.15,-0.11,2.35,-0.12
0.16,-0.14,1.15,-0.08,2.37,-0.14
0.14,-0.13,1.13,-0.06,2.38,-0.12
0.13,-0.12,1.11,-0.03,2.39,-0.09
0.14,-0.13,1.09,0.01,2.37,-0.07
0.16,-0.14,1.08,0.05,2.36,-0.04
0.18,-0.14,1.07,0.08,2.37,-0.04
0.18,-0.13,1.06,0.1,2.36,-0.03
0.19,-0.13,1.03,0.11,2.38,-0.04
0.2,-0.11,1.0,0.13,2.34,-0.04
0.21,-0.1,0.98,0.09,2.34,-0.03
0.21,-0.1,0.99,0.08,2.31,-0.03
0.22,-0.12,0.99,0.05,2.27,-0.02
0.23,-0.12,1.01,0.02,2.26,-0.03
0.23,-0.11,1.03,0.02,2.25,-0.04
0.23,-0.12,1.02,0.0,2.25,-0.05
0.23,-0.12,1.02,-0.02,2.26,-0.05
0.22,-0.11,1.03,-0.05,2.26,-0.06
0.22,-0.1,1.03,-0.06,2.24,-0.06
0.22,-0.12,1.03,-0.08,2.24,-0.06
0.22,-0.12,1.03,-0.11,2.23,-0.06
0.21,-0.11,1.02,-0.11,2.24,-0.07
0.2,-0.11,0.99,-0.11,2.25,-0.06
0.18,-0.11,0.97,-0.11,2.25,-0.05
0.17,-0.09,0.96,-0.1,2.23,-0.03
0.18,-0.08,0.95,-0.08,2.21,0.0
0.2,-0.09,0.95,-0.06,2.19,0.01
0.2,-0.1,0.97,-0.06,2.16,0.0
0.21,-0.11,0.97,-0.04,2.13,-0.02
0.21,-0.09,0.97,-0.03,2.12,-0.05
0.2,-0.1,0.97,-0.03,2.12,-0.08
0.2,-0.09,0.97,-0.04,2.1,-0.09
0.19,-0.09,0.97,-0.07,2.09,-0.09
0.18,-0.09,0.97,-0.11,2.11,-0.09
0.18,-0.09,0.98,-0.13,2.1,-0.05
0.18,-0.09,0.98,-0.16,2.11,-0.03
0.17,-0.09,0.99,-0.17,2.1,0.0
0.18,-0.1,0.98,-0.2,2.11,0.02
0.19,-0.1,0.98,-0.2,2.09,0.03
0.21,-0.1,0.98,-0.21,2.1,0.01
0.2,-0.1,0.98,-0.21,2.09,0.0
0.18,-0.08,0.96,-0.19,2.1,-0.03
0.18,-0.06,0.96,-0.19,2.07,-0.04
0.17,-0.06,0.95,-0.18,2.04,-0.05
0.18,-0.08,0.96,-0.19,2.03,-0.06
0.16,-0.08,0.94,-0.19,2.03,-0.08
0.15,-0.06,0.96,-0.2,2.0,-0.07
0.16,-0.07,0.97,-0.21,2.0,-0.04
0.17,-0.09,0.98,-0.22,2.02,-0.04
0.16,-0.08,0.98,-0.21,2.01,-0.03
0.15,-0.07,0.98,-0.19,2.01,0.01
0.15,-0.06,0.96,-0.18,2.03,0.02
0.14,-0.06,0.94,-0.15,2.01,0.05
0.13,-0.05,0.92,-0.12,2.0,0.06
0.12,-0.05,0.9,-0.1,2.0,0.08
0.12,-0.05,0.89,-0.08,1.98,0.08
0.13,-0.04,0.9,-0.05,1.94,0.1
0.15,-0.05,0.9,-0.0,1.92,0.08
0.15,-0.05,0.9,0.03,1.91,0.08
0.16,-0.06,0.91,0.06,1.88,0.06
0.18,-0.05,0.91,0.08,1.85,0.05
0.17,-0.05,0.92,0.09,1.83,0.03
0.18,-0.05,0.91,0.11,1.83,0.02
0.17,-0.03,0.9,0.12,1.83,0.0
0.16,-0.01,0.89,0.12,1.81,0.01
0.16,-0.0,0.88,0.13,1.8,-0.02
0.14,0.0,0.86,0.11,1.77,-0.02
0.12,0.01,0.86,0.09,1.75,-0.02
0.12,0.03,0.86,0.07,1.72,0.01
0.12,0.02,0.85,0.03,1.71,0.01
0.12,0.0,0.85,0.02,1.69,0.02
0.12,-0.0,0.85,-0.01,1.68,0.03
0.1,0.01,0.85,-0.01,1.67,0.06
0.09,0.01,0.85,0.01,1.67,0.08
0.09,0.01,0.85,0.01,1.65,0.11
0.1,0.01,0.88,0.02,1.6,0.14
0.11,0.01,0.88,0.05,1.56,0.15
0.12,-0.01,0.88,0.09,1.51,0.13
0.14,-0.02,0.88,0.11,1.49,0.12
0.15,-0.02,0.89,0.14,1.46,0.07
0.17,-0.02,0.91,0.18,1.45,0.05
0.14,-0.03,0.89,0.21,1.44,0.01
0.13,-0.02,0.89,0.24,1.42,-0.01
0.1,0.0,0.89,0.26,1.4,-0.03
0.07,-0.0,0.9,0.29,1.37,-0.01
0.07,-0.01,0.88,0.3,1.35,0.02
0.06,-0.01,0.87,0.31,1.34,0.04
0.07,-0.01,0.88,0.34,1.34,0.07
0.07,0.01,0.87,0.36,1.34,0.09
0.07,0.02,0.86,0.37,1.34,0.11
0.07,0.03,0.85,0.36,1.34,0.14
0.08,0.05,0.83,0.33,1.34,0.15
0.1,0.06,0.82,0.28,1.33,0.17
0.1,0.07,0.81,0.23,1.32,0.17
0.1,0.08,0.81,0.15,1.32,0.18
0.11,0.08,0.83,0.07,1.3,0.18
0.11,0.07,0.84,0.0,1.28,0.19
0.12,0.06,0.84,-0.06,1.27,0.19
0.12,0.03,0.85,-0.13,1.27,0.19
0.12,0.02,0.88,-0.16,1.25,0.18
0.12,0.01,0.91,-0.17,1.23,0.19
0.13,-0.01,0.92,-0.15,1.2,0.19
0.13,-0.03,0.93,-0.13,1.19,0.17
0.14,-0.04,0.94,-0.08,1.18,0.14
0.13,-0.03,0.94,-0.05,1.18,0.12
0.11,-0.04,0.93,0.01,1.18,0.09
0.1,-0.04,0.91,0.06,1.19,0.08
0.09,-0.02,0.92,0.09,1.19,0.07
0.09,-0.01,0.92,0.14,1.15,0.09
0.07,-0.02,0.92,0.18,1.14,0.07
0.07,-0.02,0.91,0.23,1.13,0.1
0.05,-0.02,0.92,0.28,1.12,0.11
0.06,-0.0,0.92,0.32,1.1,0.11
0.08,-0.0,0.91,0.37,1.1,0.12
0.09,-0.0,0.9,0.39,1.1,0.1
0.1,0.02,0.88,0.39,1.11,0.1
0.09,0.04,0.87,0.38,1.12,0.09
0.06,0.06,0.86,0.35,1.12,0.09
0.04,0.08,0.87,0.3,1.13,0.1
0.03,0.11,0.86,0.27,1.08,0.13
0.05,0.1,0.86,0.21,1.08,0.14
0.06,0.08,0.85,0.14,1.05,0.15
0.08,0.07,0.85,0.09,1.04,0.14
0.1,0.07,0.87,0.08,1.05,0.12
0.09,0.06,0.87,0.05,1.05,0.11
0.07,0.07,0.87,0.04,1.03,0.11
0.06,0.06,0.88,0.03,1.01,0.08
0.06,0.07,0.89,0.01,0.98,0.08
0.06,0.06,0.89,0.01,0.97,0.05
0.05,0.04,0.87,0.0,0.96,0.05
0.04,0.03,0.89,0.02,0.94,0.03
0.04,0.03,0.91,0.02,0.95,0.02
0.03,0.04,0.9,0.05,0.95,0.04
0.01,0.03,0.9,0.09,0.95,0.06
0.01,0.02,0.88,0.11,0.94,0.08
0.0,0.03,0.88,0.16,0.92,0.11
0.0,0.03,0.88,0.2,0.92,0.14
0.0,0.05,0.86,0.25,0.9,0.16
0.01,0.07,0.84,0.27,0.89,0.16
0.01,0.09,0.82,0.29,0.86,0.15
0.01,0.1,0.82,0.26,0.83,0.12
0.02,0.12,0.81,0.24,0.77,0.12
0.03,0.13,0.81,0.2,0.74,0.08
0.04,0.13,0.82,0.15,0.7,0.06
0.05,0.13,0.82,0.1,0.68,0.02
0.05,0.13,0.84,0.08,0.63,-0.01
0.06,0.13,0.84,0.03,0.62,-0.03
0.06,0.11,0.84,-0.02,0.63,-0.06
0.06,0.11,0.85,-0.07,0.62,-0.07
0.06,0.11,0.86,-0.1,0.62,-0.08
0.06,0.1,0.88,-0.16,0.62,-0.08
0.06,0.09,0.89,-0.17,0.61,-0.09
0.05,0.07,0.9,-0.19,0.62,-0.09
0.03,0.07,0.89,-0.19,0.63,-0.1
0.0,0.09,0.9,-0.19,0.62,-0.09
-0.0,0.08,0.91,-0.2,0.62,-0.08
-0.0,0.07,0.91,-0.21,0.6,-0.06
-0.02,0.07,0.91,-0.21,0.56,-0.04
0.02,0.04,0.94,-0.2,0.55,-0.04
0.02,0.04,0.94,-0.15,0.52,-0.02
0.02,0.02,0.93,-0.09,0.51,-0.02
0.02,0.02,0.93,-0.03,0.5,-0.03
0.01,0.02,0.93,0.04,0.48,-0.03
-0.01,0.05,0.92,0.08,0.45,-0.04
0.01,0.04,0.91,0.14,0.43,-0.04
-0.01,0.06,0.9,0.19,0.4,-0.04
-0.01,0.07,0.89,0.23,0.38,-0.05
-0.02,0.07,0.89,0.26,0.35,-0.05
-0.02,0.09,0.88,0.28,0.33,-0.06
-0.03,0.08,0.87,0.31,0.32,-0.06
-0.03,0.09,0.86,0.31,0.31,-0.06
-0.04,0.1,0.86,0.31,0.31,-0.05
-0.04,0.1,0.86,0.31,0.3,-0.03
-0.04,0.11,0.85,0.29,0.28,-0.01
-0.03,0.11,0.85,0.28,0.28,0.0
-0.02,0.11,0.84,0.28,0.26,0.02
-0.01,0.12,0.83,0.24,0.27,0.01
-0.02,0.14,0.82,0.22,0.23,0.01
-0.03,0.14,0.82,0.2,0.23,-0.01
-0.04,0.14,0.83,0.18,0.19,-0.01
-0.05,0.16,0.84,0.16,0.18,-0.01
-0.05,0.14,0.85,0.14,0.14,0.0
-0.05,0.14,0.85,0.1,0.13,-0.01
-0.03,0.13,0.85,0.07,0.08,0.0
-0.02,0.12,0.87,0.02,0.07,-0.0
-0.0,0.1,0.87,0.02,0.02,0.0
0.02,0.07,0.88,0.02,0.02,-0.02
0.03,0.06,0.9,0.01,0.01,-0.04
0.04,0.04,0.9,0.02,-0.01,-0.05
0.04,0.04,0.91,0.02,0.01,-0.08
0.02,0.04,0.93,0.02,0.01,-0.1
0.02,0.04,0.93,0.01,0.01,-0.11
0.02,0.03,0.94,-0.01,0.01,-0.1
0.02,0.02,0.94,-0.02,-0.0,-0.09
0.02,0.02,0.94,-0.03,0.01,-0.1
0.01,0.02,0.95,-0.05,0.0,-0.07
0.01,0.03,0.96,-0.04,0.01,-0.06
0.01,0.02,0.96,-0.05,-0.01,-0.04
0.01,0.0,0.95,-0.05,-0.0,-0.04
0.0,0.01,0.96,-0.05,-0.0,-0.04
-0.0,0.01,0.96,-0.04,0.0,-0.02
0.0,0.01,0.97,-0.04,-0.02,-0.02
0.01,0.01,0.97,-0.02,-0.02,-0.02
0.02,0.01,0.96,-0.02,-0.02,-0.01
0.03,0.0,0.95,-0.01,-0.04,-0.01
0.03,0.01,0.95,-0.0,-0.04,-0.01
0.04,0.02,0.95,-0.0,-0.02,-0.03
0.03,0.03,0.95,0.01,-0.03,-0.03
0.02,0.02,0.94,-0.0,-0.03,-0.03
0.02,0.03,0.95,0.0,-0.04,-0.02
0.02,0.05,0.94,-0.02,-0.03,-0.03
0.02,0.05,0.94,-0.03,-0.03,-0.02
0.02,0.04,0.94,-0.05,-0.04,-0.02
0.02,0.04,0.94,-0.08,-0.05,-0.02
0.01,0.05,0.95,-0.08,-0.05,-0.02
0.01,0.04,0.95,-0.08,-0.05,-0.01
0.02,0.03,0.95,-0.1,-0.06,0.01
0.02,0.02,0.96,-0.1,-0.06,0.01
0.04,0.03,0.96,-0.09,-0.05,0.01
0.03,0.03,0.96,-0.09,-0.06,0.02
0.04,0.03,0.97,-0.06,-0.07,0.03
0.02,0.03,0.97,-0.05,-0.09,0.04
0.04,0.04,0.97,-0.04,-0.08,0.03
0.03,0.02,0.96,-0.04,-0.09,0.03
0.03,0.02,0.96,-0.02,-0.1,0.02
0.06,0.02,0.96,-0.01,-0.11,0.02
0.07,0.04,0.98,0.0,-0.13,0.01
0.08,0.04,0.97,0.0,-0.12,0.01
0.08,0.03,0.95,-0.0,-0.13,-0.0
0.07,0.03,0.96,-0.02,-0.1,-0.03
0.04,0.04,0.97,-0.02,-0.1,-0.04
0.03,0.05,0.99,-0.02,-0.1,-0.02
0.02,0.05,0.98,-0.03,-0.11,0.0
0.04,0.04,0.98,-0.04,-0.11,0.02
0.07,0.02,0.96,-0.04,-0.11,0.03
0.06,0.03,0.96,-0.03,-0.09,0.02
0.06,0.04,0.97,-0.02,-0.08,0.04
0.04,0.05,0.97,-0.02,-0.09,0.04
0.02,0.06,0.96,-0.02,-0.09,0.05
0.01,0.06,0.96,-0.02,-0.1,0.05
0.01,0.05,0.95,-0.02,-0.12,0.05
0.02,0.05,0.96,-0.02,-0.13,0.05
0.03,0.06,0.97,-0.01,-0.15,0.07
0.03,0.05,0.96,0.0,-0.16,0.07
0.05,0.04,0.97,0.0,-0.17,0.07
0.07,0.04,0.97,-0.02,-0.17,0.05
0.08,0.02,0.98,-0.02,-0.16,0.02
0.09,0.02,0.98,-0.04,-0.15,-0.02
0.08,0.01,0.99,-0.07,-0.14,-0.04
0.07,0.01,1.0,-0.11,-0.11,-0.03
0.05,0.0,1.0,-0.1,-0.09,-0.02
0.04,-0.01,1.01,-0.11,-0.08,0.01
0.05,-0.02,1.02,-0.12,-0.07,0.04
0.05,-0.02,1.03,-0.11,-0.05,0.06
0.04,-0.03,1.01,-0.08,-0.03,0.06
0.03,-0.03,1.01,-0.07,-0.02,0.07
0.02,-0.02,1.0,-0.06,-0.02,0.09
0.02,-0.01,1.01,-0.02,-0.02,0.09
0.02,-0.0,1.01,-0.01,-0.01,0.1
0.02,0.01,1.0,0.02,-0.01,0.1
0.02,0.02,0.99,0.04,-0.02,0.11
0.02,0.02,0.97,0.03,-0.02,0.12
0.03,0.02,0.96,0.05,-0.03,0.1
0.03,0.03,0.96,0.03,-0.03,0.09
0.03,0.05,0.96,0.03,-0.04,0.09
0.03,0.05,0.96,0.03,-0.05,0.08
0.03,0.05,0.95,0.02,-0.07,0.08
0.04,0.05,0.94,0.02,-0.07,0.07
0.03,0.05,0.95,0.03,-0.08,0.06
0.03,0.05,0.95,0.03,-0.08,0.05
0.03,0.04,0.96,0.03,-0.08,0.03
0.04,0.05,0.95,0.03,-0.08,0.03
0.06,0.04,0.97,0.02,-0.08,0.03
0.06,0.05,0.97,0.01,-0.08,0.02
0.07,0.04,0.97,-0.03,-0.08,0.02
0.07,0.02,0.97,-0.08,-0.05,0.01
0.06,0.02,0.99,-0.1,-0.04,0.02
0.06,0.03,1.0,-0.12,-0.04,0.04
0.07,0.02,1.01,-0.13,-0.04,0.05
0.07,0.0,1.0,-0.13,-0.02,0.05
0.07,-0.01,1.0,-0.15,-0.01,0.04
0.06,-0.0,1.0,-0.14,0.0,0.03
0.06,-0.01,1.01,-0.13,0.01,0.03
0.05,-0.0,1.01,-0.12,0.02,0.03
0.06,-0.0,1.01,-0.1,0.01,0.04
0.06,-0.01,1.0,-0.1,0.01,0.04
0.05,-0.01,1.0,-0.08,0.01,0.04
0.04,-0.01,1.0,-0.04,0.02,0.03
0.03,0.01,1.0,-0.02,0.02,0.04
0.03,0.02,0.99,-0.01,0.01,0.05
0.04,0.02,0.97,0.01,0.0,0.05
0.03,0.03,0.97,0.03,0.01,0.05
0.03,0.05,0.97,0.04,0.0,0.04
0.03,0.05,0.96,0.05,0.01,0.04
0.03,0.06,0.96,0.05,-0.01,0.04
0.04,0.07,0.95,0.03,-0.02,0.04
0.05,0.06,0.94,0.02,-0.02,0.03
0.05,0.06,0.95,0.02,-0.02,0.02
0.06,0.06,0.96,-0.01,-0.02,0.02
0.05,0.06,0.96,-0.04,-0.02,0.02
0.05,0.06,0.96,-0.07,-0.02,0.03
0.06,0.05,0.97,-0.09,-0.02,0.04
0.07,0.04,0.97,-0.1,-0.02,0.03
0.07,0.03,0.97,-0.1,-0.01,0.02
0.07,0.03,0.98,-0.1,0.0,0.01
0.06,0.03,0.98,-0.09,0.0,0.02
0.06,0.02,0.98,-0.08,-0.0,0.03
0.05,0.01,0.98,-0.05,0.0,0.01
0.04,0.03,0.98,-0.04,-0.01,0.02
0.04,0.02,0.98,-0.03,-0.0,0.02
0.04,0.03,0.97,-0.02,-0.0,0.02
0.03,0.03,0.97,-0.01,-0.02,0.02
0.03,0.03,0.97,-0.01,-0.02,0.02
0.03,0.04,0.96,-0.0,-0.02,0.02
0.02,0.05,0.97,-0.01,-0.03,0.03
0.02,0.04,0.95,-0.0,-0.03,0.03
0.02,0.04,0.97,-0.0,-0.05,0.04
0.06,0.03,0.96,-0.02,-0.05,0.02
0.07,0.02,0.95,-0.03,-0.05,0.01
0.06,0.02,0.96,-0.01,-0.03,-0.02
0.06,0.02,0.96,-0.01,-0.02,-0.02
0.04,0.03,0.96,-0.02,-0.02,-0.02
0.03,0.04,0.96,-0.02,-0.02,-0.0
0.03,0.04,0.96,-0.03,-0.02,0.0
0.02,0.05,0.94,-0.03,-0.03,0.03
0.02,0.05,0.94,-0.02,-0.04,0.03
0.03,0.05,0.94,-0.01,-0.06,0.04
0.04,0.06,0.93,0.01,-0.06,0.02
0.03,0.05,0.92,0.01,-0.09,0.01
0.03,0.05,0.92,0.0,-0.09,-0.01
0.02,0.06,0.92,0.0,-0.09,-0.01
0.02,0.06,0.92,-0.01,-0.09,-0.02
0.01,0.07,0.91,0.0,-0.11,-0.0
0.01,0.07,0.91,0.01,-0.13,0.01
-0.0,0.09,0.89,0.01,-0.14,0.02
0.0,0.08,0.88,0.03,-0.16,0.02
0.0,0.1,0.87,0.03,-0.18,0.02
0.0,0.1,0.85,0.05,-0.19,0.01
-0.0,0.11,0.85,0.06,-0.24,0.0
-0.01,0.12,0.84,0.07,-0.26,-0.01
-0.01,0.13,0.83,0.06,-0.28,-0.02
-0.01,0.14,0.82,0.04,-0.29,-0.03
-0.02,0.14,0.81,0.02,-0.32,-0.04
-0.02,0.14,0.81,-0.0,-0.34,-0.03
-0.02,0.14,0.8,-0.03,-0.35,-0.03
-0.03,0.14,0.8,-0.06,-0.38,-0.01
-0.04,0.14,0.8,-0.08,-0.42,0.0
-0.05,0.14,0.79,-0.1,-0.44,0.01
-0.05,0.13,0.79,-0.1,-0.48,0.03
-0.05,0.13,0.78,-0.08,-0.5,0.03
-0.05,0.12,0.79,-0.05,-0.56,0.04
-0.04,0.12,0.8,-0.02,-0.62,0.05
-0.03,0.13,0.78,-0.0,-0.66,0.05
-0.01,0.12,0.76,0.01,-0.69,0.03
-0.02,0.13,0.76,0.03,-0.73,0.03
-0.01,0.13,0.78,0.04,-0.77,0.01
-0.0,0.16,0.8,0.03,-0.82,0.0
0.03,0.16,0.8,-0.0,-0.87,-0.0
0.05,0.15,0.78,-0.06,-0.94,-0.03
0.07,0.11,0.77,-0.14,-0.95,-0.09
0.07,0.09,0.79,-0.2,-0.96,-0.12
0.06,0.08,0.82,-0.25,-0.95,-0.13
0.04,0.07,0.83,-0.29,-0.94,-0.13
0.01,0.06,0.83,-0.3,-0.93,-0.12
-0.01,0.06,0.82,-0.31,-0.94,-0.09
-0.02,0.05,0.82,-0.31,-0.96,-0.06
-0.02,0.06,0.8,-0.29,-1.0,-0.03
-0.03,0.04,0.79,-0.27,-1.01,-0.01
-0.04,0.04,0.78,-0.22,-1.03,0.0
-0.06,0.05,0.76,-0.16,-1.07,0.01
-0.08,0.07,0.75,-0.11,-1.13,0.03
-0.08,0.07,0.76,-0.04,-1.19,0.04
-0.08,0.08,0.75,0.01,-1.25,0.06
-0.06,0.09,0.74,0.08,-1.31,0.06
-0.04,0.1,0.74,0.12,-1.38,0.07
-0.02,0.09,0.74,0.14,-1.43,0.06
-0.02,0.09,0.73,0.14,-1.48,0.06
-0.01,0.11,0.73,0.12,-1.52,0.06
0.02,0.11,0.75,0.1,-1.57,0.07
0.05,0.11,0.76,0.05,-1.63,0.09
0.08,0.09,0.77,0.01,-1.68,0.08
0.1,0.06,0.77,-0.04,-1.72,0.04
0.12,0.03,0.78,-0.09,-1.74,0.01
0.14,0.0,0.8,-0.11,-1.72,-0.04
0.15,0.0,0.83,-0.14,-1.66,-0.07
0.13,0.03,0.86,-0.15,-1.61,-0.07
0.11,0.05,0.84,-0.2,-1.58,-0.06
0.09,0.03,0.85,-0.29,-1.57,-0.05
0.08,0.02,0.84,-0.36,-1.57,-0.03
0.07,0.01,0.85,-0.41,-1.55,0.0
0.06,0.01,0.87,-0.45,-1.52,0.05
0.04,0.01,0.87,-0.46,-1.51,0.1
0.02,0.02,0.86,-0.45,-1.52,0.15
0.01,0.02,0.85,-0.44,-1.55,0.2
0.01,0.0,0.86,-0.4,-1.6,0.22
0.01,0.0,0.87,-0.34,-1.64,0.22
0.02,-0.0,0.87,-0.28,-1.68,0.24
0.07,-0.01,0.86,-0.19,-1.72,0.23
0.08,-0.03,0.87,-0.12,-1.78,0.21
0.1,-0.05,0.88,-0.05,-1.84,0.18
0.12,-0.05,0.89,0.03,-1.88,0.14
0.14,-0.05,0.89,0.1,-1.89,0.11
0.16,-0.05,0.88,0.15,-1.88,0.06
0.17,-0.04,0.87,0.18,-1.87,0.02
0.17,-0.03,0.87,0.19,-1.85,-0.01
0.17,-0.01,0.85,0.18,-1.82,-0.04
0.15,0.01,0.85,0.15,-1.82,-0.05
0.13,0.03,0.85,0.1,-1.83,-0.05
0.12,0.05,0.85,0.03,-1.87,-0.02
0.12,0.03,0.86,-0.05,-1.92,-0.0
0.13,-0.0,0.89,-0.1,-1.95,0.01
0.14,-0.03,0.93,-0.14,-1.97,-0.0
0.17,-0.05,0.96,-0.15,-1.99,-0.02
0.15,-0.07,1.01,-0.17,-1.99,-0.02
0.14,-0.07,1.04,-0.15,-1.99,-0.02
0.14,-0.07,1.07,-0.13,-2.02,-0.02
0.15,-0.09,1.09,-0.12,-2.01,-0.02
0.16,-0.1,1.09,-0.09,-2.0,-0.03
0.15,-0.12,1.09,-0.09,-1.97,-0.05
0.15,-0.12,1.09,-0.08,-1.92,-0.04
0.15,-0.11,1.11,-0.06,-1.85,-0.05
0.14,-0.09,1.11,-0.05,-1.79,-0.04
0.13,-0.08,1.09,-0.06,-1.75,-0.03
0.12,-0.08,1.05,-0.08,-1.71,-0.01
0.1,-0.07,1.03,-0.1,-1.66,0.0
0.08,-0.05,1.02,-0.11,-1.64,0.03
0.07,-0.03,1.02,-0.13,-1.63,0.07
0.06,-0.04,1.01,-0.14,-1.63,0.1
0.07,-0.04,1.0,-0.12,-1.62,0.12
0.09,-0.06,0.99,-0.14,-1.64,0.13
0.09,-0.06,1.0,-0.11,-1.63,0.14
0.1,-0.05,1.01,-0.05,-1.64,0.14
0.11,-0.04,1.03,-0.01,-1.67,0.12
0.12,-0.03,1.04,0.04,-1.7,0.11
0.12,-0.05,1.06,0.06,-1.72,0.06
0.16,-0.06,1.06,0.09,-1.71,-0.0
0.15,-0.05,1.05,0.09,-1.68,-0.05
0.15,-0.01,1.05,0.05,-1.66,-0.07
0.14,0.0,1.08,-0.0,-1.7,-0.07
0.15,-0.0,1.12,-0.07,-1.68,-0.07
0.15,-0.02,1.14,-0.13,-1.66,-0.05
0.15,-0.05,1.14,-0.17,-1.61,-0.04
0.13,-0.05,1.13,-0.23,-1.54,-0.05
0.11,-0.04,1.12,-0.3,-1.47,-0.04
0.08,-0.03,1.1,-0.37,-1.41,-0.01
0.06,-0.01,1.08,-0.43,-1.38,0.04
0.04,-0.01,1.07,-0.47,-1.35,0.09
0.02,-0.01,1.05,-0.48,-1.35,0.15
0.02,-0.02,1.04,-0.46,-1.34,0.19
0.02,-0.02,1.02,-0.42,-1.35,0.21
0.03,-0.03,1.02,-0.36,-1.36,0.2
0.04,-0.06,1.02,-0.28,-1.4,0.17
0.07,-0.06,1.02,-0.18,-1.42,0.12
0.07,-0.05,1.04,-0.09,-1.46,0.07
0.06,-0.03,1.03,0.05,-1.5,0.03
0.06,-0.01,1.01,0.16,-1.53,-0.01
0.06,-0.01,0.99,0.22,-1.55,-0.05
0.09,0.0,0.97,0.26,-1.58,-0.07
0.11,0.02,0.98,0.25,-1.62,-0.1
0.12,0.02,0.99,0.19,-1.63,-0.1
0.12,0.01,1.02,0.13,-1.61,-0.1
0.12,0.02,1.03,0.04,-1.58,-0.09
0.11,0.03,1.05,-0.05,-1.56,-0.06
0.1,0.02,1.08,-0.15,-1.57,-0.03
0.09,0.0,1.11,-0.24,-1.54,-0.01
0.09,-0.03,1.14,-0.32,-1.52,0.0
0.08,-0.04,1.17,-0.38,-1.46,0.0
0.06,-0.05,1.19,-0.43,-1.42,0.02
0.05,-0.05,1.19,-0.43,-1.35,0.02
0.01,-0.05,1.18,-0.42,-1.32,0.05
-0.0,-0.04,1.13,-0.38,-1.3,0.08
-0.03,-0.03,1.1,-0.31,-1.29,0.12
-0.04,-0.03,1.06,-0.23,-1.28,0.14
-0.04,-0.04,1.03,-0.13,-1.29,0.16
-0.03,-0.04,1.0,-0.02,-1.3,0.18
-0.02,-0.02,0.96,0.09,-1.33,0.18
-0.01,-0.01,0.92,0.21,-1.36,0.18
0.0,0.01,0.88,0.3,-1.4,0.18
0.02,0.02,0.86,0.36,-1.48,0.19
0.06,0.04,0.88,0.41,-1.57,0.18
0.11,0.04,0.93,0.43,-1.63,0.16
0.17,0.02,0.99,0.42,-1.69,0.13
0.21,-0.0,1.04,0.35,-1.68,0.06
0.22,-0.01,1.08,0.26,-1.67,-0.01
0.2,0.0,1.11,0.15,-1.6,-0.07
0.18,0.01,1.13,0.03,-1.56,-0.09
0.16,0.0,1.18,-0.1,-1.51,-0.1
0.14,0.01,1.17,-0.21,-1.47,-0.07
0.1,0.01,1.2,-0.29,-1.42,-0.05
0.06,0.01,1.19,-0.38,-1.35,0.0
0.03,0.01,1.18,-0.41,-1.3,0.04
0.01,-0.0,1.15,-0.44,-1.27,0.08
-0.02,-0.0,1.15,-0.45,-1.25,0.11
-0.03,-0.01,1.14,-0.4,-1.22,0.13
-0.04,-0.02,1.12,-0.34,-1.22,0.15
-0.04,-0.02,1.1,-0.26,-1.22,0.16
-0.05,-0.03,1.07,-0.17,-1.21,0.16
-0.04,-0.02,1.02,-0.06,-1.22,0.16
-0.02,-0.03,0.99,0.03,-1.25,0.17
0.0,-0.03,0.98,0.12,-1.28,0.18
0.02,-0.02,0.96,0.19,-1.32,0.17
0.06,-0.01,0.94,0.27,-1.36,0.17
0.08,0.01,0.92,0.32,-1.4,0.16
0.11,0.01,0.91,0.36,-1.45,0.15
0.12,-0.0,0.91,0.36,-1.48,0.11
0.15,-0.0,0.93,0.34,-1.51,0.08
0.17,0.01,0.95,0.32,-1.53,0.04
0.17,0.02,1.0,0.26,-1.56,0.01
0.18,0.02,1.03,0.18,-1.56,-0.02
0.18,0.01,1.07,0.08,-1.56,-0.06
0.17,-0.0,1.12,-0.01,-1.54,-0.1
0.13,-0.0,1.16,-0.11,-1.53,-0.12
0.09,0.01,1.18,-0.19,-1.48,-0.13
0.06,0.02,1.19,-0.26,-1.43,-0.11
0.03,0.02,1.18,-0.33,-1.39,-0.08
0.01,0.01,1.18,-0.36,-1.35,-0.02
-0.01,0.01,1.18,-0.37,-1.33,0.02
-0.02,0.0,1.17,-0.36,-1.29,0.06
-0.03,-0.0,1.15,-0.33,-1.29,0.09
-0.03,-0.01,1.14,-0.3,-1.27,0.09
-0.03,-0.01,1.13,-0.22,-1.26,0.09
-0.03,-0.02,1.12,-0.16,-1.27,0.08
-0.03,-0.02,1.09,-0.1,-1.27,0.07
-0.02,-0.02,1.07,-0.02,-1.28,0.06
-0.0,-0.02,1.05,0.06,-1.29,0.05
0.01,-0.02,1.03,0.1,-1.29,0.05
0.03,-0.01,1.01,0.15,-1.31,0.05
0.04,-0.0,1.01,0.17,-1.36,0.06
0.05,0.0,1.01,0.17,-1.4,0.04
0.07,-0.0,1.03,0.17,-1.4,0.04
0.07,-0.01,1.05,0.13,-1.39,0.03
0.08,-0.0,1.07,0.1,-1.38,0.02
0.08,0.0,1.07,0.04,-1.36,0.01
0.06,0.02,1.08,-0.01,-1.34,0.02
0.05,0.02,1.08,-0.09,-1.33,0.05
0.03,0.02,1.09,-0.12,-1.32,0.07
0.03,0.02,1.09,-0.15,-1.31,0.08
0.01,0.02,1.09,-0.16,-1.3,0.09
0.0,0.01,1.1,-0.17,-1.29,0.1
0.0,0.01,1.09,-0.15,-1.29,0.1
0.01,0.0,1.09,-0.13,-1.28,0.09
0.0,-0.0,1.09,-0.11,-1.28,0.08
-0.0,-0.0,1.08,-0.08,-1.28,0.08
-0.0,-0.0,1.06,-0.05,-1.3,0.08
0.01,-0.0,1.05,-0.02,-1.29,0.08
0.03,-0.01,1.05,0.01,-1.29,0.08
0.04,-0.01,1.01,0.03,-1.28,0.08
0.05,-0.01,1.01,0.03,-1.3,0.09
0.05,0.0,1.01,0.04,-1.32,0.1
0.06,0.02,1.0,0.02,-1.36,0.11
0.06,0.01,1.02,0.01,-1.39,0.12
0.06,0.0,1.06,-0.01,-1.41,0.11
0.05,-0.0,1.11,-0.01,-1.41,0.08
0.06,-0.01,1.12,-0.02,-1.39,0.05
0.05,0.01,1.1,-0.04,-1.36,0.03
0.04,0.01,1.09,-0.06,-1.36,0.03
0.03,0.01,1.07,-0.07,-1.35,0.03
0.01,0.03,1.07,-0.09,-1.34,0.05
0.0,0.02,1.07,-0.1,-1.36,0.08
0.0,0.02,1.07,-0.1,-1.35,0.11
-0.0,0.01,1.09,-0.08,-1.36,0.12
0.0,0.01,1.1,-0.07,-1.36,0.12
0.01,0.01,1.11,-0.05,-1.36,0.11
0.01,0.02,1.1,-0.03,-1.35,0.1
0.01,0.02,1.09,-0.02,-1.33,0.09
0.01,0.01,1.07,-0.02,-1.33,0.08
0.01,0.01,1.07,-0.02,-1.34,0.1
0.02,0.01,1.06,-0.02,-1.35,0.11
0.01,0.02,1.05,-0.03,-1.37,0.11
0.01,0.01,1.05,-0.03,-1.37,0.13
0.01,0.01,1.06,-0.04,-1.38,0.13
0.01,0.0,1.07,-0.05,-1.4,0.14
0.01,0.01,1.07,-0.04,-1.4,0.14
-0.01,0.01,1.07,-0.04,-1.41,0.15
-0.01,0.01,1.07,-0.03,-1.41,0.16
-0.02,0.02,1.08,-0.02,-1.42,0.17
-0.03,0.03,1.07,-0.01,-1.43,0.18
-0.04,0.03,1.08,-0.01,-1.44,0.2
-0.04,0.02,1.08,0.01,-1.44,0.22
-0.06,0.03,1.11,0.01,-1.45,0.22
-0.07,0.03,1.13,0.04,-1.45,0.23
-0.07,0.04,1.14,0.07,-1.45,0.23
-0.08,0.05,1.16,0.09,-1.44,0.24
-0.08,0.05,1.16,0.14,-1.44,0.24
-0.08,0.05,1.18,0.18,-1.43,0.24
-0.07,0.05,1.18,0.22,-1.41,0.24
-0.08,0.06,1.18,0.23,-1.37,0.23
-0.08,0.07,1.16,0.25,-1.34,0.24
-0.07,0.07,1.16,0.25,-1.32,0.24
-0.08,0.08,1.16,0.24,-1.31,0.25
-0.09,0.08,1.18,0.22,-1.29,0.26
-0.11,0.09,1.2,0.2,-1.27,0.27
-0.11,0.09,1.18,0.2,-1.25,0.26
-0.12,0.1,1.18,0.2,-1.2,0.26
-0.13,0.1,1.19,0.19,-1.15,0.26
-0.14,0.1,1.21,0.19,-1.12,0.26
-0.14,0.1,1.2,0.19,-1.08,0.25
-0.16,0.11,1.19,0.19,-1.04,0.24
-0.18,0.13,1.18,0.21,-1.03,0.24
-0.19,0.13,1.18,0.22,-0.98,0.24
-0.19,0.13,1.19,0.27,-0.96,0.24
-0.19,0.13,1.19,0.28,-0.92,0.25
-0.19,0.13,1.2,0.32,-0.88,0.25
-0.19,0.14,1.2,0.35,-0.84,0.24
-0.17,0.14,1.18,0.37,-0.79,0.23
-0.15,0.12,1.18,0.37,-0.75,0.21
-0.16,0.13,1.18,0.36,-0.73,0.2
-0.16,0.14,1.17,0.34,-0.7,0.2
-0.15,0.14,1.17,0.32,-0.66,0.18
-0.16,0.15,1.16,0.3,-0.61,0.19
-0.17,0.15,1.16,0.28,-0.58,0.17
-0.17,0.16,1.16,0.28,-0.54,0.19
-0.15,0.15,1.16,0.25,-0.51,0.19
-0.17,0.15,1.15,0.24,-0.47,0.18
-0.17,0.15,1.15,0.21,-0.43,0.18
-0.17,0.16,1.15,0.2,-0.39,0.17
-0.17,0.16,1.15,0.2,-0.35,0.16
-0.16,0.16,1.13,0.19,-0.3,0.16
-0.16,0.16,1.13,0.16,-0.29,0.16
-0.15,0.15,1.12,0.15,-0.26,0.15
-0.15,0.16,1.12,0.13,-0.24,0.16
-0.15,0.15,1.12,0.12,-0.21,0.15
-0.15,0.15,1.12,0.12,-0.19,0.13
-0.14,0.15,1.12,0.11,-0.16,0.12
-0.14,0.15,1.12,0.11,-0.15,0.12
-0.14,0.14,1.11,0.1,-0.12,0.1
-0.15,0.14,1.11,0.1,-0.1,0.09
-0.15,0.15,1.1,0.11,-0.08,0.09
-0.14,0.14,1.1,0.09,-0.03,0.07
-0.13,0.14,1.09,0.11,-0.02,0.06
-0.13,0.13,1.08,0.09,-0.01,0.06
-0.12,0.14,1.07,0.09,0.0,0.06
-0.12,0.13,1.08,0.09,0.02,0.07
-0.12,0.13,1.09,0.1,0.04,0.06
-0.11,0.12,1.1,0.08,0.07,0.05
-0.12,0.13,1.08,0.08,0.1,0.04
-0.11,0.12,1.07,0.07,0.11,0.04
-0.1,0.12,1.06,0.08,0.13,0.03
-0.1,0.11,1.06,0.06,0.15,0.03
-0.08,0.11,1.06,0.07,0.16,0.04
-0.09,0.11,1.05,0.07,0.16,0.04
-0.09,0.11,1.05,0.06,0.17,0.03
-0.07,0.11,1.04,0.08,0.17,0.03
-0.07,0.11,1.05,0.09,0.18,0.03
-0.05,0.1,1.05,0.09,0.19,0.03
-0.03,0.1,1.05,0.08,0.19,0.02
-0.03,0.09,1.05,0.07,0.18,0.01
-0.02,0.09,1.05,0.06,0.2,-0.01
-0.02,0.08,1.04,0.06,0.18,-0.0
-0.01,0.08,1.04,0.05,0.2,-0.02
0.0,0.07,1.03,0.03,0.2,-0.02
0.01,0.07,1.03,0.01,0.19,-0.03
0.01,0.07,1.03,-0.01,0.17,-0.01
0.01,0.07,1.03,-0.03,0.17,-0.02
0.01,0.06,1.04,-0.04,0.17,-0.02
0.01,0.06,1.04,-0.05,0.19,-0.04
0.01,0.06,1.04,-0.06,0.18,-0.04
0.01,0.06,1.05,-0.07,0.19,-0.04
0.01,0.05,1.04,-0.07,0.17,-0.03
0.01,0.05,1.04,-0.07,0.17,-0.05
0.01,0.04,1.03,-0.07,0.17,-0.04
0.01,0.04,1.02,-0.07,0.17,-0.05
0.0,0.03,1.02,-0.08,0.16,-0.03
0.0,0.03,1.01,-0.06,0.16,-0.04
0.0,0.03,1.01,-0.06,0.14,-0.02
-0.01,0.03,1.0,-0.05,0.13,-0.01
-0.0,0.02,0.99,-0.04,0.12,0.0
0.0,0.02,0.99,-0.01,0.11,0.01
0.01,0.02,1.0,-0.0,0.11,0.03
0.02,0.01,1.0,0.03,0.09,0.02
0.03,0.01,1.01,0.04,0.08,0.03
0.04,0.01,1.02,0.03,0.1,0.03
0.04,0.01,1.02,0.05,0.08,0.03
0.05,0.0,1.01,0.06,0.1,0.03
0.06,-0.0,1.01,0.07,0.11,0.04
0.08,-0.0,1.0,0.07,0.11,0.04
0.08,-0.0,0.99,0.09,0.07,0.06
0.1,0.0,0.97,0.11,0.05,0.07
0.11,-0.0,0.97,0.12,0.01,0.1
0.12,-0.0,0.97,0.12,0.0,0.09
0.12,-0.0,0.98,0.11,-0.04,0.09
0.11,0.01,0.98,0.1,-0.08,0.08
0.11,0.01,1.0,0.1,-0.12,0.07
0.11,0.02,1.02,0.1,-0.14,0.06
0.11,0.01,1.02,0.09,-0.18,0.06
0.11,0.02,1.03,0.1,-0.19,0.04
0.1,0.02,1.05,0.08,-0.21,0.03
0.08,0.03,1.05,0.06,-0.21,0.01
0.07,0.04,1.05,0.05,-0.2,0.02
0.05,0.03,1.06,0.03,-0.2,0.01
0.04,0.04,1.06,0.01,-0.19,0.01
0.03,0.03,1.05,0.0,-0.17,0.01
0.02,0.03,1.05,-0.01,-0.19,0.03
0.0,0.04,1.05,0.01,-0.18,0.03
-0.01,0.04,1.06,0.03,-0.18,0.04
-0.01,0.03,1.07,0.05,-0.16,0.05
-0.01,0.03,1.08,0.07,-0.16,0.04
-0.01,0.03,1.07,0.09,-0.14,0.03
-0.0,0.03,1.07,0.11,-0.13,0.02
-0.01,0.05,1.07,0.12,-0.12,0.02
-0.0,0.05,1.07,0.12,-0.11,0.02
-0.0,0.05,1.07,0.14,-0.1,0.02
-0.01,0.06,1.07,0.13,-0.1,0.02
0.0,0.06,1.08,0.11,-0.08,0.02
-0.01,0.06,1.08,0.1,-0.08,0.02
-0.01,0.06,1.08,0.08,-0.06,0.0
-0.01,0.06,1.08,0.06,-0.05,-0.0
-0.03,0.07,1.08,0.05,-0.04,-0.01
-0.03,0.07,1.08,0.03,-0.03,-0.01
-0.05,0.07,1.08,0.01,-0.02,-0.01
-0.06,0.08,1.09,0.01,-0.0,-0.02
-0.07,0.08,1.11,0.01,0.02,-0.02
-0.08,0.08,1.1,0.02,0.05,-0.04
-0.08,0.08,1.1,0.03,0.07,-0.05
-0.08,0.08,1.09,0.03,0.09,-0.05
-0.08,0.09,1.09,0.03,0.11,-0.05
-0.08,0.09,1.09,0.04,0.12,-0.05
-0.07,0.09,1.09,0.04,0.15,-0.05
-0.07,0.09,1.09,0.01,0.18,-0.06
-0.07,0.09,1.1,0.01,0.2,-0.07
-0.08,0.1,1.09,-0.01,0.21,-0.08
-0.08,0.1,1.09,-0.04,0.24,-0.08
-0.09,0.11,1.09,-0.06,0.26,-0.08
-0.1,0.11,1.09,-0.07,0.28,-0.07
-0.1,0.11,1.11,-0.08,0.3,-0.07
-0.1,0.11,1.11,-0.08,0.32,-0.09
-0.11,0.11,1.12,-0.09,0.34,-0.09
-0.12,0.1,1.12,-0.1,0.36,-0.11
-0.11,0.11,1.13,-0.08,0.37,-0.12
-0.11,0.1,1.13,-0.07,0.4,-0.14
-0.12,0.1,1.13,-0.07,0.41,-0.15
-0.11,0.09,1.11,-0.07,0.42,-0.15
-0.11,0.09,1.1,-0.05,0.44,-0.16
-0.12,0.09,1.1,-0.06,0.45,-0.17
-0.12,0.09,1.09,-0.05,0.46,-0.17
-0.12,0.08,1.09,-0.05,0.48,-0.17
-0.11,0.08,1.1,-0.04,0.49,-0.17
-0.12,0.07,1.1,-0.05,0.5,-0.16
-0.12,0.07,1.1,-0.05,0.54,-0.16
-0.12,0.07,1.1,-0.06,0.55,-0.15
-0.12,0.07,1.1,-0.06,0.57,-0.14
-0.13,0.08,1.11,-0.05,0.59,-0.14
-0.13,0.07,1.12,-0.05,0.61,-0.13
-0.13,0.07,1.13,-0.05,0.64,-0.14
-0.12,0.06,1.12,-0.03,0.66,-0.14
-0.13,0.07,1.12,-0.05,0.68,-0.15
-0.13,0.06,1.12,-0.05,0.71,-0.15
-0.13,0.07,1.11,-0.03,0.72,-0.14
-0.13,0.07,1.11,-0.02,0.74,-0.15
-0.13,0.07,1.11,-0.01,0.74,-0.12
-0.13,0.07,1.12,0.01,0.76,-0.13
-0.13,0.08,1.12,0.02,0.78,-0.13
-0.12,0.07,1.14,0.03,0.8,-0.12
-0.1,0.07,1.14,0.05,0.83,-0.12
-0.09,0.07,1.14,0.03,0.88,-0.14
-0.08,0.08,1.13,0.04,0.9,-0.14
-0.08,0.08,1.13,0.01,0.92,-0.13
-0.08,0.08,1.14,-0.0,0.92,-0.13
-0.08,0.09,1.15,-0.01,0.95,-0.13
-0.08,0.09,1.17,-0.01,0.96,-0.14
-0.08,0.08,1.19,-0.01,1.0,-0.15
-0.08,0.08,1.2,-0.02,1.03,-0.16
-0.08,0.07,1.2,-0.03,1.07,-0.17
-0.08,0.08,1.19,-0.02,1.1,-0.19
-0.09,0.08,1.19,-0.03,1.13,-0.2
-0.09,0.08,1.18,-0.03,1.15,-0.19
-0.09,0.08,1.19,-0.04,1.17,-0.19
-0.09,0.07,1.2,-0.02,1.2,-0.19
-0.08,0.07,1.2,-0.01,1.23,-0.2
-0.08,0.07,1.21,0.01,1.27,-0.2
-0.07,0.07,1.21,-0.0,1.29,-0.2
-0.06,0.07,1.21,0.0,1.32,-0.21
-0.05,0.07,1.2,0.0,1.36,-0.21
-0.04,0.07,1.2,-0.01,1.38,-0.21
-0.03,0.06,1.22,-0.02,1.4,-0.23
-0.03,0.06,1.22,-0.04,1.43,-0.23
-0.03,0.05,1.24,-0.06,1.48,-0.24
-0.03,0.06,1.23,-0.08,1.5,-0.25
-0.03,0.06,1.22,-0.09,1.54,-0.26
-0.02,0.07,1.22,-0.11,1.57,-0.27
-0.03,0.06,1.23,-0.14,1.61,-0.27
-0.02,0.05,1.24,-0.16,1.64,-0.26
-0.01,0.06,1.26,-0.17,1.68,-0.27
-0.01,0.06,1.26,-0.19,1.73,-0.28
0.0,0.06,1.26,-0.22,1.77,-0.27
0.0,0.06,1.26,-0.24,1.8,-0.26
0.0,0.07,1.26,-0.27,1.84,-0.26
0.0,0.06,1.27,-0.29,1.87,-0.25
0.01,0.05,1.27,-0.33,1.9,-0.26
0.01,0.05,1.27,-0.35,1.94,-0.26
0.02,0.04,1.26,-0.38,2.0,-0.26
0.01,0.05,1.26,-0.4,2.03,-0.25
0.02,0.04,1.26,-0.43,2.07,-0.24
0.01,0.03,1.25,-0.44,2.08,-0.21
0.01,0.03,1.25,-0.43,2.12,-0.2
0.01,0.03,1.24,-0.44,2.15,-0.18
0.02,0.02,1.24,-0.42,2.19,-0.16
0.03,0.01,1.24,-0.4,2.2,-0.15
0.03,0.01,1.23,-0.39,2.21,-0.13
0.04,0.01,1.22,-0.39,2.22,-0.12
0.04,0.01,1.22,-0.37,2.23,-0.13
0.04,0.02,1.21,-0.35,2.22,-0.11
0.05,0.01,1.2,-0.34,2.23,-0.12
0.04,0.01,1.21,-0.32,2.2,-0.12
0.04,0.01,1.21,-0.33,2.2,-0.1
0.04,0.01,1.22,-0.31,2.19,-0.1
0.05,0.01,1.23,-0.3,2.2,-0.1
0.05,-0.0,1.24,-0.31,2.21,-0.08
0.05,-0.01,1.26,-0.3,2.23,-0.07
0.04,-0.02,1.27,-0.3,2.25,-0.04
0.05,-0.02,1.26,-0.29,2.3,-0.02
0.05,-0.02,1.27,-0.25,2.33,0.02
0.06,-0.02,1.28,-0.25,2.4,0.02
0.08,-0.05,1.27,-0.25,2.43,0.05
0.1,-0.07,1.26,-0.25,2.48,0.04
0.12,-0.07,1.26,-0.24,2.5,0.04
0.11,-0.06,1.26,-0.23,2.54,0.05
0.11,-0.05,1.23,-0.21,2.56,0.09
0.1,-0.06,1.21,-0.17,2.59,0.1
0.11,-0.07,1.17,-0.12,2.56,0.11
0.11,-0.07,1.16,-0.09,2.56,0.09
0.13,-0.08,1.16,-0.04,2.55,0.09
0.14,-0.08,1.14,0.03,2.55,0.06
0.14,-0.06,1.12,0.07,2.55,0.05
0.15,-0.06,1.08,0.11,2.53,0.04
0.15,-0.07,1.07,0.11,2.51,0.05
0.16,-0.06,1.05,0.13,2.48,0.03
0.17,-0.05,1.04,0.14,2.44,0.03
0.19,-0.06,1.06,0.13,2.4,0.02
0.2,-0.08,1.08,0.13,2.38,-0.0
0.22,-0.08,1.08,0.11,2.37,-0.03
0.23,-0.08,1.09,0.09,2.38,-0.06
0.23,-0.09,1.09,0.1,2.38,-0.08
0.23,-0.08,1.1,0.09,2.38,-0.1
0.22,-0.08,1.1,0.1,2.37,-0.11
0.23,-0.09,1.1,0.09,2.38,-0.14
0.23,-0.1,1.1,0.07,2.4,-0.15
0.23,-0.1,1.09,0.07,2.39,-0.17
0.22,-0.09,1.08,0.06,2.41,-0.18
0.21,-0.09,1.07,0.04,2.41,-0.17
0.22,-0.1,1.06,0.03,2.43,-0.17
0.21,-0.11,1.04,0.03,2.43,-0.15
0.22,-0.11,1.03,0.02,2.46,-0.16
0.22,-0.1,1.02,0.03,2.46,-0.14
0.22,-0.1,1.02,0.04,2.47,-0.13
0.22,-0.1,1.0,0.05,2.47,-0.13
0.21,-0.09,0.98,0.06,2.48,-0.12
0.21,-0.09,0.95,0.07,2.47,-0.12
0.22,-0.08,0.93,0.07,2.44,-0.1
0.22,-0.08,0.94,0.07,2.4,-0.11
0.23,-0.09,0.93,0.08,2.36,-0.12
0.24,-0.09,0.93,0.07,2.33,-0.13
0.24,-0.09,0.92,0.08,2.31,-0.15
0.25,-0.09,0.93,0.08,2.26,-0.18
0.25,-0.1,0.92,0.07,2.24,-0.22
0.24,-0.09,0.91,0.05,2.23,-0.24
0.22,-0.08,0.91,0.04,2.22,-0.26
0.22,-0.08,0.92,0.03,2.2,-0.26
0.23,-0.08,0.93,0.02,2.2,-0.27
0.23,-0.09,0.91,-0.01,2.21,-0.27
0.22,-0.1,0.91,-0.05,2.23,-0.27
0.21,-0.09,0.89,-0.06,2.22,-0.26
0.19,-0.07,0.89,-0.1,2.23,-0.23
0.18,-0.06,0.88,-0.11,2.24,-0.19
0.17,-0.05,0.85,-0.13,2.23,-0.16
0.18,-0.06,0.85,-0.15,2.21,-0.13
0.18,-0.06,0.83,-0.15,2.19,-0.13
0.15,-0.05,0.84,-0.16,2.15,-0.1
0.14,-0.03,0.84,-0.16,2.11,-0.07
0.13,-0.03,0.84,-0.16,2.07,-0.06
0.16,-0.06,0.85,-0.18,2.02,-0.06
0.17,-0.07,0.87,-0.2,1.98,-0.07
0.19,-0.08,0.89,-0.2,1.93,-0.1
0.18,-0.09,0.9,-0.2,1.92,-0.12
0.17,-0.09,0.92,-0.18,1.89,-0.15
0.13,-0.07,0.93,-0.15,1.86,-0.16
0.13,-0.06,0.94,-0.15,1.85,-0.15
0.13,-0.09,0.94,-0.15,1.81,-0.14
0.13,-0.11,0.94,-0.13,1.83,-0.13
0.13,-0.11,0.95,-0.12,1.81,-0.11
0.11,-0.11,0.97,-0.08,1.81,-0.08
0.1,-0.1,0.96,-0.06,1.84,-0.05
0.1,-0.12,0.95,-0.02,1.86,-0.02
0.09,-0.13,0.94,0.01,1.87,0.01
0.07,-0.11,0.93,0.04,1.9,0.05
0.06,-0.08,0.93,0.11,1.88,0.1
0.05,-0.08,0.91,0.18,1.86,0.15
0.04,-0.09,0.9,0.25,1.84,0.2
0.05,-0.09,0.87,0.31,1.82,0.23
0.07,-0.09,0.86,0.4,1.82,0.25
0.1,-0.06,0.83,0.49,1.8,0.25
0.12,-0.03,0.8,0.56,1.78,0.25
0.14,-0.01,0.77,0.6,1.75,0.21
0.14,0.02,0.74,0.64,1.7,0.18
0.13,0.06,0.7,0.68,1.63,0.14
0.12,0.09,0.69,0.69,1.57,0.08
0.12,0.11,0.67,0.68,1.5,0.03
0.12,0.12,0.65,0.66,1.43,-0.03
0.11,0.12,0.66,0.62,1.38,-0.1
0.11,0.13,0.67,0.55,1.33,-0.14
0.11,0.14,0.69,0.49,1.29,-0.17
0.11,0.14,0.71,0.41,1.27,-0.17
0.13,0.14,0.71,0.31,1.24,-0.17
0.14,0.14,0.72,0.21,1.25,-0.16
0.14,0.13,0.73,0.09,1.27,-0.14
0.12,0.13,0.74,-0.02,1.28,-0.12
0.11,0.12,0.77,-0.13,1.26,-0.1
0.12,0.1,0.8,-0.22,1.27,-0.07
0.12,0.07,0.81,-0.28,1.28,-0.05
0.1,0.06,0.83,-0.31,1.29,-0.05
0.08,0.07,0.84,-0.32,1.27,-0.01
0.08,0.06,0.85,-0.34,1.26,-0.0
0.08,0.03,0.84,-0.33,1.23,0.01
0.09,0.03,0.84,-0.32,1.21,-0.01
0.09,0.02,0.84,-0.26,1.16,-0.02
0.08,0.02,0.86,-0.21,1.14,-0.02
0.07,0.02,0.87,-0.13,1.1,-0.03
0.07,0.03,0.87,-0.03,1.05,-0.05
0.08,0.04,0.87,0.04,1.02,-0.08
0.09,0.03,0.85,0.12,0.98,-0.1
0.07,0.04,0.83,0.17,0.97,-0.14
0.06,0.06,0.84,0.2,0.93,-0.15
0.05,0.1,0.83,0.23,0.91,-0.15
0.06,0.1,0.8,0.23,0.89,-0.15
0.07,0.09,0.79,0.2,0.87,-0.15
0.08,0.09,0.79,0.17,0.86,-0.17
0.08,0.1,0.79,0.12,0.87,-0.18
0.07,0.12,0.8,0.09,0.89,-0.18
0.05,0.13,0.81,0.04,0.88,-0.18
0.04,0.13,0.8,-0.01,0.87,-0.16
0.04,0.12,0.8,-0.06,0.84,-0.16
0.01,0.12,0.8,-0.08,0.82,-0.15
0.0,0.12,0.82,-0.09,0.8,-0.13
-0.01,0.12,0.84,-0.11,0.77,-0.11
-0.01,0.11,0.83,-0.11,0.71,-0.08
-0.0,0.1,0.83,-0.12,0.68,-0.08
0.0,0.08,0.83,-0.12,0.64,-0.08
0.01,0.07,0.84,-0.11,0.62,-0.09
0.02,0.06,0.86,-0.1,0.6,-0.09
0.02,0.05,0.86,-0.1,0.59,-0.09
-0.0,0.04,0.87,-0.09,0.59,-0.09
-0.01,0.04,0.88,-0.06,0.57,-0.07
0.0,0.04,0.89,-0.03,0.53,-0.05
0.01,0.03,0.89,0.0,0.52,-0.05
0.02,0.03,0.88,0.03,0.49,-0.05
0.02,0.03,0.88,0.06,0.48,-0.05
0.02,0.03,0.88,0.08,0.47,-0.07
0.03,0.04,0.88,0.09,0.46,-0.08
0.02,0.05,0.89,0.1,0.44,-0.08
0.01,0.05,0.89,0.1,0.45,-0.09
0.01,0.05,0.88,0.08,0.44,-0.07
-0.0,0.05,0.88,0.08,0.44,-0.07
-0.02,0.07,0.89,0.06,0.42,-0.04
-0.02,0.08,0.89,0.06,0.4,-0.01
-0.01,0.07,0.89,0.05,0.37,0.01
-0.0,0.06,0.88,0.02,0.35,0.02
0.0,0.05,0.89,0.03,0.33,0.01
0.01,0.05,0.88,0.03,0.32,0.0
0.02,0.05,0.88,0.05,0.31,-0.01
0.03,0.04,0.9,0.05,0.3,-0.02
0.02,0.04,0.89,0.08,0.27,-0.02
-0.0,0.06,0.89,0.09,0.26,-0.03
-0.02,0.06,0.9,0.1,0.24,-0.02
-0.02,0.05,0.9,0.12,0.21,-0.02
-0.02,0.06,0.89,0.12,0.2,-0.01
-0.02,0.05,0.9,0.13,0.17,-0.0
-0.01,0.05,0.89,0.15,0.15,0.01
0.01,0.04,0.88,0.16,0.17,0.0
0.0,0.05,0.88,0.17,0.17,0.01
0.01,0.06,0.88,0.17,0.17,0.02
-0.0,0.09,0.87,0.14,0.15,0.04
0.0,0.09,0.88,0.11,0.15,0.03
0.0,0.1,0.88,0.09,0.13,0.04
0.02,0.09,0.89,0.06,0.11,0.04
0.03,0.08,0.89,0.01,0.09,0.04
0.03,0.07,0.89,-0.01,0.09,0.02
0.02,0.07,0.91,-0.03,0.08,0.0
0.02,0.07,0.92,-0.06,0.08,0.0
0.01,0.06,0.92,-0.07,0.06,-0.0
0.03,0.05,0.93,-0.07,0.05,0.01
0.03,0.03,0.94,-0.07,0.04,-0.01
0.03,0.03,0.95,-0.05,0.04,-0.01
0.03,0.03,0.95,-0.02,0.03,0.0
0.02,0.03,0.95,-0.02,0.05,-0.01
0.02,0.02,0.94,-0.0,0.04,0.01
0.0,0.03,0.94,0.0,0.04,0.01
-0.0,0.04,0.94,0.01,0.02,0.02
0.01,0.04,0.95,0.02,0.01,0.04
0.03,0.03,0.94,0.03,-0.0,0.05
0.04,0.03,0.94,0.05,-0.01,0.04
0.04,0.03,0.94,0.04,-0.01,0.04
0.04,0.04,0.93,0.05,0.0,0.01
0.03,0.04,0.94,0.05,-0.02,0.01
0.04,0.04,0.95,0.04,-0.01,-0.01
0.05,0.03,0.95,0.05,-0.03,-0.01
0.04,0.03,0.95,0.04,-0.01,-0.01
0.04,0.04,0.96,0.03,-0.01,-0.0
0.04,0.06,0.96,0.03,-0.01,0.01
0.04,0.07,0.96,-0.01,-0.02,-0.0
0.04,0.07,0.95,-0.04,-0.01,0.0
0.04,0.05,0.95,-0.08,-0.03,0.0
0.05,0.03,0.96,-0.12,-0.02,-0.02
0.05,0.03,0.97,-0.13,-0.01,-0.02
0.04,0.02,0.99,-0.13,-0.01,-0.01
0.04,0.03,0.99,-0.12,-0.01,-0.01
0.05,0.01,0.99,-0.11,-0.01,-0.0
0.05,-0.0,0.98,-0.09,-0.01,-0.0
0.03,-0.0,0.98,-0.08,-0.01,-0.02
0.02,0.01,0.98,-0.08,-0.01,-0.02
0.01,0.02,1.0,-0.05,-0.03,-0.01
0.01,0.03,0.99,-0.01,-0.04,0.0
0.02,0.03,0.98,-0.0,-0.05,0.01
0.03,0.01,0.96,-0.01,-0.05,0.01
0.03,0.02,0.97,-0.0,-0.05,0.02
0.02,0.02,0.98,-0.01,-0.04,0.02
0.03,0.03,0.98,-0.0,-0.05,0.02
0.05,0.03,0.98,-0.01,-0.05,0.02
0.05,0.02,0.97,-0.02,-0.03,0.03
0.06,0.01,0.97,-0.05,-0.02,0.02
0.06,0.01,0.99,-0.07,0.0,0.02
0.05,0.02,1.0,-0.08,0.02,0.03
0.05,0.02,1.0,-0.1,0.03,0.05
0.05,0.02,1.0,-0.11,0.04,0.06
0.04,0.01,1.0,-0.12,0.04,0.06
0.04,0.01,1.0,-0.13,0.04,0.07
0.04,0.02,1.01,-0.11,0.04,0.08
0.05,0.01,1.02,-0.1,0.04,0.08
0.05,0.01,1.0,-0.06,0.03,0.08
0.05,0.0,1.0,-0.06,0.03,0.08
0.04,0.01,1.0,-0.03,0.03,0.08
0.04,0.02,0.99,-0.01,0.03,0.08
0.04,0.03,0.99,0.01,0.02,0.08
0.04,0.04,0.99,0.03,0.0,0.1
0.05,0.05,0.97,0.05,-0.01,0.1
0.05,0.05,0.97,0.06,-0.03,0.09
0.07,0.06,0.96,0.06,-0.04,0.08
0.08,0.04,0.96,0.04,-0.03,0.05
0.07,0.03,0.97,0.03,-0.02,0.03
0.07,0.04,0.97,0.02,0.01,0.01
0.06,0.05,0.98,0.03,0.0,0.03
0.06,0.06,0.98,0.01,0.02,0.03
0.05,0.06,0.96,-0.03,0.04,0.03
0.05,0.06,0.96,-0.05,0.03,0.05
0.05,0.06,0.96,-0.08,0.03,0.05
0.04,0.05,0.97,-0.09,0.04,0.06
0.04,0.05,0.98,-0.11,0.02,0.07
0.05,0.04,0.98,-0.1,0.02,0.08
0.05,0.03,0.98,-0.08,0.0,0.06
0.05,0.03,0.98,-0.05,-0.02,0.07
0.06,0.03,0.98,-0.03,-0.01,0.03
0.06,0.01,0.99,-0.02,-0.02,0.01
0.06,0.01,0.98,-0.0,-0.02,0.01
0.04,0.02,0.98,0.02,-0.01,0.01
0.03,0.03,0.98,0.04,-0.01,0.02
0.03,0.05,0.97,0.03,-0.01,0.03
0.04,0.04,0.97,0.05,-0.03,0.04
0.04,0.04,0.95,0.04,-0.02,0.04
0.03,0.04,0.96,0.04,-0.02,0.04
0.03,0.05,0.96,0.03,-0.02,0.03
0.04,0.04,0.95,0.01,-0.03,0.03
0.04,0.03,0.95,0.01,-0.04,0.01
0.03,0.03,0.94,0.0,-0.04,0.01
0.02,0.02,0.95,-0.0,-0.02,-0.0
0.01,0.03,0.95,0.0,-0.01,0.02
-0.01,0.04,0.94,0.0,-0.01,0.04
-0.02,0.06,0.94,0.01,-0.02,0.07
-0.01,0.06,0.95,0.01,-0.05,0.1
0.0,0.06,0.94,0.04,-0.09,0.11
0.03,0.05,0.93,0.03,-0.1,0.1
0.04,0.03,0.93,0.05,-0.12,0.07
0.05,0.03,0.93,0.05,-0.1,0.03
0.06,0.03,0.95,0.05,-0.12,0.01
0.06,0.04,0.97,0.04,-0.12,-0.01
0.05,0.04,0.97,0.02,-0.11,-0.02
0.04,0.03,0.97,-0.01,-0.11,-0.0
0.04,0.02,0.98,-0.04,-0.11,0.01
0.04,0.02,0.98,-0.08,-0.1,0.02
0.06,0.0,1.0,-0.11,-0.08,0.03
0.07,-0.01,1.01,-0.1,-0.07,0.03
0.08,-0.01,1.02,-0.09,-0.05,0.04
0.08,-0.02,1.03,-0.1,-0.03,0.03
0.07,-0.02,1.02,-0.09,-0.02,0.03
0.06,-0.02,1.01,-0.1,0.0,0.02
0.05,-0.02,1.03,-0.09,0.01,0.04
0.03,0.0,1.02,-0.08,0.03,0.04
0.02,0.01,1.01,-0.05,0.03,0.07
0.01,0.01,1.0,-0.05,0.04,0.08
0.02,0.02,0.98,-0.03,0.01,0.1
0.01,0.02,0.98,-0.02,0.02,0.11
0.01,0.03,0.97,0.0,0.01,0.12
0.02,0.05,0.97,0.04,-0.01,0.12
0.04,0.05,0.96,0.04,-0.04,0.11
0.04,0.05,0.95,0.07,-0.04,0.08
0.06,0.04,0.94,0.07,-0.05,0.05
0.05,0.05,0.94,0.07,-0.04,0.02
0.04,0.06,0.95,0.06,-0.06,0.01
0.03,0.06,0.97,0.07,-0.07,0.01
0.04,0.06,0.97,0.05,-0.08,0.03
0.06,0.06,0.95,0.04,-0.07,0.03
0.08,0.06,0.95,0.03,-0.06,0.04
0.07,0.06,0.96,-0.0,-0.04,0.03
0.07,0.07,0.96,-0.03,-0.04,0.03
0.08,0.06,0.96,-0.06,-0.03,0.02
0.07,0.05,0.97,-0.09,-0.03,0.03
0.07,0.05,0.97,-0.11,-0.02,0.02
0.06,0.04,0.98,-0.13,-0.02,0.02
0.06,0.04,0.99,-0.14,-0.01,0.02
0.06,0.03,1.0,-0.14,-0.02,0.04
0.06,0.02,1.0,-0.14,-0.03,0.04
0.07,0.01,1.0,-0.12,-0.03,0.04
0.06,0.01,0.99,-0.12,-0.01,0.02
0.05,0.01,1.0,-0.09,-0.02,0.02
0.05,0.01,1.0,-0.06,-0.02,0.02
0.05,0.01,1.01,-0.03,-0.02,0.01
0.05,0.02,1.0,-0.01,-0.02,0.01
0.05,0.01,0.99,0.01,-0.03,0.03
0.05,0.02,0.98,0.04,-0.02,0.02
0.03,0.03,0.97,0.05,-0.02,0.01
0.02,0.04,0.96,0.05,-0.01,0.02
0.02,0.05,0.96,0.07,-0.03,0.03
0.02,0.05,0.95,0.08,-0.04,0.03
0.03,0.06,0.94,0.07,-0.05,0.03
0.03,0.06,0.93,0.07,-0.06,0.03
0.03,0.06,0.93,0.04,-0.07,0.03
0.04,0.06,0.93,0.04,-0.07,0.02
0.04,0.07,0.93,0.04,-0.07,0.02
0.05,0.08,0.93,0.04,-0.08,0.02
0.04,0.07,0.92,0.03,-0.1,0.01
0.04,0.07,0.91,0.0,-0.1,0.0
0.04,0.07,0.91,-0.01,-0.12,-0.0
0.05,0.06,0.93,-0.01,-0.12,-0.01
0.05,0.06,0.94,-0.01,-0.13,-0.01
0.05,0.06,0.94,-0.01,-0.14,-0.01
0.06,0.05,0.94,-0.02,-0.14,-0.02
0.06,0.04,0.92,-0.03,-0.14,-0.04
0.05,0.04,0.93,-0.05,-0.14,-0.05
0.04,0.04,0.93,-0.05,-0.13,-0.05
0.02,0.05,0.93,-0.06,-0.12,-0.04
0.01,0.04,0.92,-0.04,-0.14,-0.02
-0.01,0.06,0.91,-0.05,-0.14,0.0
-0.02,0.06,0.9,-0.03,-0.17,0.02
-0.03,0.06,0.87,-0.01,-0.19,0.03
-0.01,0.06,0.87,0.02,-0.2,0.04
-0.03,0.07,0.85,0.06,-0.23,0.04
-0.04,0.07,0.83,0.09,-0.25,0.04
-0.04,0.09,0.82,0.14,-0.27,0.04
-0.06,0.1,0.8,0.17,-0.31,0.04
-0.06,0.12,0.79,0.2,-0.36,0.05
-0.07,0.13,0.76,0.23,-0.4,0.05
-0.07,0.13,0.74,0.23,-0.44,0.06
-0.08,0.14,0.72,0.24,-0.47,0.06
-0.08,0.15,0.72,0.27,-0.52,0.07
-0.09,0.16,0.7,0.3,-0.57,0.09
-0.09,0.18,0.71,0.3,-0.62,0.1
-0.07,0.2,0.69,0.29,-0.69,0.12
-0.05,0.2,0.67,0.28,-0.76,0.12
-0.04,0.19,0.65,0.25,-0.8,0.08
-0.02,0.18,0.66,0.2,-0.86,0.05
-0.01,0.17,0.67,0.15,-0.91,0.02
0.01,0.17,0.69,0.09,-0.93,0.01
0.02,0.16,0.71,0.04,-0.96,0.0
0.02,0.15,0.71,-0.0,-0.99,0.01
0.02,0.13,0.7,-0.06,-1.02,0.02
0.01,0.12,0.71,-0.09,-1.05,0.03
0.0,0.12,0.73,-0.12,-1.07,0.04
-0.0,0.11,0.74,-0.12,-1.11,0.06
-0.0,0.1,0.75,-0.12,-1.14,0.08
0.01,0.1,0.75,-0.1,-1.19,0.08
0.01,0.09,0.74,-0.08,-1.22,0.07
0.02,0.08,0.74,-0.07,-1.28,0.07
0.02,0.07,0.74,-0.06,-1.31,0.06
0.01,0.08,0.75,-0.02,-1.35,0.06
0.02,0.09,0.76,-0.0,-1.41,0.05
0.03,0.08,0.76,0.0,-1.48,0.06
0.05,0.07,0.74,-0.01,-1.54,0.06
0.07,0.05,0.74,0.0,-1.58,0.04
0.07,0.04,0.76,0.02,-1.59,0.01
0.05,0.05,0.77,0.01,-1.6,0.01
0.06,0.05,0.77,0.02,-1.65,0.03
0.06,0.05,0.77,0.02,-1.66,0.04
0.07,0.04,0.75,0.01,-1.7,0.03
0.07,0.04,0.75,-0.01,-1.73,0.04
0.07,0.04,0.76,-0.03,-1.73,0.03
0.07,0.04,0.77,-0.02,-1.76,0.04
0.09,0.04,0.77,-0.03,-1.77,0.05
0.11,0.04,0.77,-0.04,-1.8,0.04
0.12,0.03,0.77,-0.06,-1.84,0.02
0.13,0.02,0.76,-0.1,-1.86,0.0
0.12,0.01,0.76,-0.12,-1.88,-0.02
0.13,-0.0,0.76,-0.15,-1.88,-0.03
0.11,-0.01,0.77,-0.16,-1.88,-0.04
0.09,-0.01,0.77,-0.14,-1.89,-0.02
0.07,-0.0,0.77,-0.12,-1.9,0.02
0.07,0.01,0.75,-0.11,-1.91,0.06
0.07,0.01,0.75,-0.09,-1.97,0.1
0.08,0.01,0.74,-0.08,-2.0,0.13
0.08,0.01,0.73,-0.06,-2.04,0.16
0.1,0.0,0.73,-0.05,-2.09,0.17
0.12,0.0,0.73,-0.02,-2.14,0.19
0.15,-0.0,0.74,-0.0,-2.18,0.18
0.17,-0.03,0.75,0.01,-2.23,0.16
0.18,-0.02,0.76,-0.01,-2.27,0.13
0.18,-0.01,0.77,-0.01,-2.3,0.11
0.19,-0.01,0.78,-0.02,-2.33,0.1
0.21,-0.04,0.8,-0.05,-2.36,0.08
0.23,-0.05,0.83,-0.08,-2.39,0.06
0.23,-0.05,0.86,-0.1,-2.4,0.04
0.24,-0.06,0.88,-0.14,-2.4,0.02
0.23,-0.07,0.9,-0.17,-2.39,0.0
0.22,-0.08,0.91,-0.2,-2.39,0.0
0.19,-0.08,0.91,-0.24,-2.36,0.02
0.15,-0.06,0.93,-0.25,-2.34,0.05
0.14,-0.05,0.95,-0.27,-2.35,0.1
0.15,-0.05,0.96,-0.29,-2.35,0.15
0.16,-0.07,0.95,-0.32,-2.34,0.17
0.17,-0.09,0.95,-0.35,-2.34,0.2
0.17,-0.1,0.95,-0.4,-2.34,0.21
0.17,-0.1,0.99,-0.41,-2.31,0.22
0.19,-0.1,1.02,-0.42,-2.35,0.22
0.23,-0.11,1.02,-0.4,-2.38,0.22
0.2,-0.14,1.11,-0.39,-2.39,0.2
0.2,-0.16,1.11,-0.34,-2.35,0.17
0.2,-0.16,1.07,-0.32,-2.29,0.14
0.2,-0.17,1.09,-0.3,-2.26,0.12
0.18,-0.13,1.12,-0.26,-2.21,0.1
0.15,-0.09,1.12,-0.21,-2.17,0.11
0.14,-0.08,1.11,-0.16,-2.14,0.15
0.15,-0.09,1.07,-0.12,-2.12,0.17
0.14,-0.08,1.05,-0.12,-2.14,0.18
0.13,-0.07,1.04,-0.12,-2.13,0.19
0.12,-0.04,1.04,-0.11,-2.14,0.18
0.12,-0.03,1.06,-0.09,-2.17,0.18
0.14,-0.04,1.06,-0.11,-2.19,0.19
0.15,-0.05,1.08,-0.13,-2.2,0.16
0.16,-0.07,1.08,-0.18,-2.17,0.15
0.15,-0.07,1.09,-0.22,-2.16,0.15
0.14,-0.06,1.12,-0.25,-2.15,0.16
0.12,-0.05,1.15,-0.27,-2.14,0.18
0.13,-0.06,1.17,-0.28,-2.14,0.2
0.15,-0.08,1.19,-0.29,-2.13,0.21
0.15,-0.09,1.2,-0.29,-2.11,0.2
0.15,-0.08,1.2,-0.26,-2.08,0.16
0.13,-0.07,1.19,-0.22,-2.05,0.13
0.11,-0.05,1.18,-0.2,-2.01,0.11
0.1,-0.05,1.15,-0.17,-1.99,0.09
0.1,-0.05,1.13,-0.14,-1.97,0.07
0.08,-0.04,1.1,-0.13,-1.97,0.06
0.08,-0.03,1.08,-0.1,-1.94,0.06
0.07,-0.02,1.07,-0.08,-1.94,0.07
0.08,-0.01,1.09,-0.07,-1.96,0.09
0.09,-0.0,1.1,-0.08,-2.01,0.09
0.1,-0.02,1.14,-0.06,-2.05,0.09
0.12,-0.04,1.19,-0.07,-2.07,0.05
0.12,-0.07,1.24,-0.06,-2.05,-0.01
0.11,-0.05,1.26,-0.05,-2.02,-0.05
0.08,-0.02,1.26,-0.03,-1.99,-0.07
0.06,-0.0,1.25,-0.04,-1.96,-0.07
0.06,-0.01,1.23,-0.06,-1.91,-0.05
0.05,-0.02,1.24,-0.08,-1.9,-0.04
0.03,-0.02,1.23,-0.11,-1.85,-0.03
0.03,-0.02,1.22,-0.12,-1.8,-0.01
0.02,-0.02,1.2,-0.13,-1.72,0.02
0.01,-0.02,1.16,-0.14,-1.65,0.05
0.0,-0.0,1.1,-0.14,-1.6,0.1
-0.0,-0.0,1.07,-0.14,-1.59,0.14
-0.0,0.0,1.03,-0.13,-1.58,0.18
-0.0,0.0,1.01,-0.1,-1.6,0.21
0.02,-0.0,0.98,-0.05,-1.61,0.23
0.04,-0.01,0.99,-0.01,-1.65,0.24
0.06,-0.02,0.99,0.03,-1.66,0.23
0.08,-0.02,0.99,0.07,-1.68,0.21
0.09,-0.0,1.0,0.12,-1.72,0.19
0.11,0.01,1.02,0.16,-1.78,0.18
0.13,0.02,1.02,0.2,-1.83,0.14
0.14,0.02,1.05,0.23,-1.89,0.11
0.16,0.01,1.09,0.24,-1.93,0.06
0.16,0.01,1.15,0.21,-1.95,0.0
0.16,0.01,1.2,0.17,-1.93,-0.07
0.15,0.01,1.23,0.13,-1.92,-0.12
0.12,0.01,1.22,0.06,-1.88,-0.15
0.08,0.04,1.21,-0.01,-1.83,-0.15
0.05,0.05,1.2,-0.09,-1.77,-0.13
0.04,0.05,1.2,-0.14,-1.73,-0.09
0.02,0.03,1.19,-0.19,-1.69,-0.04
0.01,0.02,1.17,-0.21,-1.65,-0.0
0.0,0.01,1.16,-0.24,-1.61,0.03
-0.01,0.0,1.15,-0.25,-1.58,0.06
-0.01,-0.01,1.14,-0.23,-1.56,0.07
0.0,-0.02,1.13,-0.21,-1.58,0.07
-0.0,-0.02,1.12,-0.17,-1.55,0.08
0.0,-0.02,1.1,-0.12,-1.55,0.06
0.01,-0.02,1.09,-0.08,-1.54,0.06
0.02,-0.02,1.06,-0.03,-1.57,0.05
0.04,-0.02,1.04,0.01,-1.58,0.05
0.05,-0.02,1.03,0.02,-1.6,0.06
0.06,-0.02,1.02,0.05,-1.63,0.05
0.07,-0.01,1.01,0.05,-1.66,0.06
0.08,-0.01,1.01,0.04,-1.7,0.05
0.09,-0.01,1.03,0.01,-1.72,0.04
0.08,0.0,1.04,-0.01,-1.75,0.03
0.08,-0.0,1.07,-0.04,-1.78,0.02
0.08,-0.01,1.09,-0.08,-1.79,0.02
0.07,-0.0,1.13,-0.12,-1.77,-0.0
0.04,0.0,1.14,-0.14,-1.77,0.0
0.03,0.01,1.17,-0.17,-1.77,0.01
0.01,0.01,1.18,-0.18,-1.74,0.0
0.0,0.01,1.19,-0.19,-1.72,0.01
-0.01,0.01,1.2,-0.17,-1.69,0.01
-0.01,0.01,1.2,-0.15,-1.68,0.01
-0.02,0.01,1.19,-0.13,-1.66,0.01
-0.03,0.01,1.17,-0.1,-1.63,0.03
-0.03,0.02,1.16,-0.08,-1.63,0.05
-0.03,0.02,1.14,-0.06,-1.62,0.07
-0.02,0.02,1.13,-0.05,-1.62,0.08
-0.01,0.02,1.13,-0.04,-1.62,0.1
-0.01,0.02,1.12,-0.04,-1.62,0.12
-0.01,0.02,1.12,-0.04,-1.64,0.13
-0.0,0.02,1.13,-0.03,-1.64,0.14
0.0,0.02,1.12,-0.04,-1.64,0.13
-0.01,0.02,1.12,-0.04,-1.65,0.13
-0.0,0.02,1.12,-0.06,-1.66,0.14
-0.01,0.02,1.13,-0.06,-1.64,0.11
-0.01,0.02,1.15,-0.07,-1.63,0.12
-0.03,0.02,1.18,-0.06,-1.63,0.11
-0.05,0.03,1.19,-0.06,-1.61,0.1
-0.06,0.03,1.19,-0.05,-1.61,0.12
-0.07,0.03,1.17,-0.04,-1.59,0.12
-0.07,0.03,1.18,-0.02,-1.57,0.14
-0.08,0.04,1.19,-0.01,-1.57,0.14
-0.09,0.04,1.19,0.0,-1.56,0.13
-0.09,0.05,1.2,0.02,-1.54,0.14
-0.09,0.06,1.2,0.04,-1.51,0.14
-0.09,0.07,1.2,0.05,-1.48,0.13
-0.09,0.07,1.2,0.06,-1.45,0.12
-0.09,0.07,1.19,0.04,-1.43,0.12
-0.09,0.08,1.18,0.02,-1.41,0.13
-0.11,0.09,1.19,0.01,-1.39,0.14
-0.1,0.09,1.2,-0.0,-1.36,0.14
-0.11,0.09,1.21,-0.02,-1.34,0.14
-0.12,0.1,1.22,-0.03,-1.31,0.14
-0.14,0.11,1.21,-0.05,-1.28,0.14
-0.15,0.11,1.21,-0.05,-1.25,0.13
-0.16,0.11,1.21,-0.06,-1.2,0.12
-0.17,0.12,1.21,-0.06,-1.16,0.11
-0.19,0.12,1.2,-0.05,-1.13,0.1
-0.2,0.12,1.2,-0.05,-1.1,0.09
-0.2,0.12,1.2,-0.04,-1.06,0.09
-0.22,0.12,1.2,-0.03,-1.0,0.09
-0.22,0.13,1.18,-0.02,-0.98,0.1
-0.22,0.12,1.17,-0.02,-0.92,0.1
-0.21,0.12,1.17,-0.0,-0.87,0.11
-0.21,0.12,1.17,-0.0,-0.84,0.12
-0.22,0.12,1.16,0.01,-0.82,0.13
-0.22,0.13,1.16,0.03,-0.77,0.14
-0.22,0.13,1.17,0.03,-0.72,0.13
-0.22,0.13,1.16,0.04,-0.68,0.13
-0.21,0.14,1.16,0.07,-0.65,0.13
-0.2,0.14,1.17,0.09,-0.62,0.12
-0.19,0.15,1.16,0.08,-0.6,0.12
-0.18,0.15,1.16,0.1,-0.58,0.11
-0.17,0.14,1.15,0.1,-0.54,0.09
-0.16,0.14,1.14,0.08,-0.51,0.07
-0.15,0.13,1.12,0.06,-0.47,0.05
-0.14,0.13,1.1,0.03,-0.43,0.05
-0.14,0.13,1.09,0.01,-0.41,0.06
-0.13,0.13,1.07,-0.02,-0.39,0.07
-0.13,0.12,1.07,-0.04,-0.37,0.09
-0.14,0.12,1.07,-0.06,-0.35,0.11
-0.14,0.11,1.07,-0.06,-0.33,0.11
-0.15,0.12,1.07,-0.03,-0.34,0.12
-0.15,0.13,1.07,-0.01,-0.34,0.12
-0.15,0.11,1.09,0.01,-0.32,0.12
-0.15,0.13,1.1,0.03,-0.3,0.11
-0.15,0.13,1.12,0.07,-0.29,0.1
-0.14,0.13,1.12,0.08,-0.26,0.07
-0.14,0.14,1.12,0.09,-0.24,0.05
-0.12,0.14,1.1,0.1,-0.22,0.03
-0.1,0.14,1.09,0.08,-0.2,0.01
-0.09,0.13,1.09,0.06,-0.18,0.0
-0.1,0.13,1.09,0.04,-0.18,-0.01
-0.09,0.12,1.08,0.01,-0.16,-0.01
-0.08,0.11,1.08,-0.02,-0.14,-0.02
-0.09,0.11,1.07,-0.04,-0.12,-0.03
-0.09,0.1,1.06,-0.07,-0.1,-0.02
-0.1,0.1,1.05,-0.08,-0.09,-0.02
-0.11,0.09,1.06,-0.1,-0.09,-0.01
-0.11,0.09,1.07,-0.11,-0.06,-0.0
-0.13,0.1,1.08,-0.09,-0.05,0.01
-0.13,0.1,1.09,-0.07,-0.05,0.02
-0.13,0.1,1.09,-0.04,-0.02,0.02
-0.13,0.09,1.09,-0.04,0.0,0.02
-0.12,0.08,1.08,-0.01,0.02,0.01
-0.12,0.08,1.06,0.01,0.05,0.01
-0.1,0.08,1.04,0.02,0.05,0.0
-0.08,0.08,1.04,0.03,0.06,0.01
-0.09,0.08,1.03,0.03,0.06,0.02
-0.08,0.08,1.03,0.04,0.05,0.02
-0.07,0.07,1.04,0.04,0.05,0.02
-0.07,0.08,1.05,0.04,0.06,0.01
-0.07,0.08,1.05,0.04,0.05,0.03
-0.07,0.08,1.05,0.05,0.07,0.02
-0.07,0.08,1.05,0.07,0.06,0.02
-0.06,0.08,1.06,0.08,0.07,0.02
-0.06,0.08,1.06,0.07,0.09,0.03
-0.05,0.07,1.08,0.06,0.1,0.01
-0.05,0.08,1.09,0.06,0.11,0.01
-0.05,0.09,1.09,0.05,0.14,-0.0
-0.04,0.08,1.07,0.04,0.16,0.0
-0.03,0.08,1.04,0.03,0.17,0.0
-0.04,0.07,1.03,0.02,0.17,0.02
-0.04,0.07,1.03,0.0,0.17,0.02
-0.04,0.07,1.04,-0.0,0.18,0.03
-0.04,0.07,1.04,0.01,0.17,0.03
-0.05,0.07,1.06,0.0,0.16,0.03
-0.04,0.07,1.06,0.02,0.16,0.02
-0.05,0.08,1.07,0.04,0.16,0.02
-0.04,0.07,1.06,0.04,0.17,0.0
-0.04,0.06,1.06,0.06,0.16,0.0
-0.03,0.06,1.06,0.07,0.18,-0.01
-0.03,0.06,1.06,0.06,0.18,-0.02
-0.04,0.06,1.05,0.06,0.19,-0.02
-0.03,0.05,1.04,0.05,0.18,0.01
-0.04,0.05,1.03,0.05,0.19,0.01
-0.04,0.06,1.04,0.04,0.19,0.02
-0.04,0.06,1.05,0.04,0.21,0.03
-0.04,0.06,1.07,0.06,0.2,0.03
-0.05,0.06,1.08,0.07,0.22,0.04
-0.04,0.06,1.08,0.1,0.24,0.04
-0.05,0.06,1.08,0.1,0.25,0.04
-0.04,0.06,1.06,0.11,0.27,0.03
-0.03,0.06,1.06,0.11,0.27,0.03
-0.02,0.05,1.06,0.12,0.3,0.04
-0.02,0.04,1.05,0.11,0.32,0.04
-0.01,0.04,1.05,0.12,0.31,0.06
-0.0,0.04,1.03,0.13,0.3,0.07
0.0,0.04,1.04,0.14,0.29,0.06
0.0,0.04,1.04,0.14,0.28,0.08
0.0,0.03,1.05,0.15,0.25,0.07
-0.0,0.03,1.05,0.18,0.24,0.05
0.01,0.03,1.05,0.18,0.24,0.05
0.01,0.04,1.05,0.19,0.25,0.03
0.0,0.04,1.05,0.19,0.23,0.02
0.01,0.04,1.05,0.18,0.23,0.02
0.01,0.04,1.04,0.19,0.23,0.02
0.0,0.05,1.06,0.19,0.24,0.03
0.0,0.05,1.07,0.18,0.25,0.04
0.0,0.05,1.08,0.18,0.28,0.04
0.0,0.05,1.08,0.16,0.29,0.04
0.0,0.06,1.08,0.14,0.31,0.04
0.01,0.06,1.07,0.13,0.32,0.04
-0.0,0.06,1.07,0.11,0.32,0.04
-0.01,0.06,1.07,0.09,0.33,0.04
-0.01,0.06,1.07,0.08,0.35,0.03
-0.02,0.05,1.07,0.08,0.34,0.04
-0.02,0.05,1.06,0.08,0.36,0.03
-0.03,0.05,1.06,0.08,0.36,0.03
-0.03,0.04,1.05,0.08,0.38,0.03
-0.03,0.04,1.05,0.09,0.36,0.03
-0.03,0.04,1.05,0.11,0.37,0.04
-0.03,0.04,1.06,0.11,0.36,0.05
-0.03,0.05,1.06,0.13,0.37,0.05
-0.03,0.04,1.07,0.14,0.35,0.06
-0.04,0.04,1.07,0.16,0.36,0.05
-0.03,0.04,1.08,0.17,0.38,0.05
-0.03,0.05,1.09,0.16,0.4,0.03
-0.03,0.04,1.08,0.17,0.39,0.04
-0.03,0.05,1.08,0.17,0.42,0.02
-0.03,0.06,1.07,0.17,0.43,0.02
-0.02,0.05,1.07,0.15,0.43,0.03
-0.03,0.06,1.07,0.15,0.42,0.03
-0.04,0.06,1.08,0.15,0.43,0.04
-0.05,0.05,1.09,0.13,0.43,0.04
-0.05,0.05,1.09,0.12,0.46,0.03
-0.05,0.05,1.09,0.12,0.47,0.03
-0.05,0.06,1.08,0.13,0.49,0.03
-0.05,0.06,1.07,0.13,0.51,0.03
-0.05,0.06,1.06,0.13,0.52,0.04
-0.06,0.05,1.06,0.13,0.53,0.05
-0.05,0.05,1.06,0.15,0.53,0.05
-0.05,0.05,1.05,0.16,0.52,0.07
-0.06,0.06,1.06,0.2,0.53,0.07
-0.06,0.06,1.08,0.23,0.53,0.08
-0.06,0.06,1.1,0.27,0.53,0.07
-0.06,0.07,1.11,0.3,0.54,0.06
-0.06,0.07,1.13,0.32,0.55,0.05
-0.05,0.08,1.14,0.34,0.56,0.04
-0.05,0.09,1.15,0.36,0.59,0.02
-0.05,0.09,1.14,0.37,0.61,0.01
-0.03,0.09,1.14,0.36,0.64,-0.0
-0.02,0.1,1.13,0.34,0.66,-0.01
-0.01,0.09,1.13,0.31,0.67,-0.01
-0.02,0.1,1.13,0.28,0.69,-0.02
-0.02,0.1,1.14,0.24,0.7,-0.02
-0.02,0.1,1.15,0.21,0.73,-0.02
-0.02,0.1,1.15,0.18,0.75,-0.04
-0.02,0.1,1.16,0.17,0.78,-0.06
-0.02,0.1,1.17,0.13,0.81,-0.08
-0.03,0.1,1.17,0.1,0.83,-0.09
-0.03,0.1,1.17,0.08,0.86,-0.11
-0.05,0.09,1.18,0.05,0.88,-0.12
-0.05,0.09,1.18,0.02,0.92,-0.12
-0.05,0.09,1.18,0.01,0.94,-0.12
-0.06,0.08,1.18,0.01,0.97,-0.13
-0.06,0.07,1.18,0.01,0.99,-0.14
-0.06,0.07,1.17,-0.01,1.03,-0.14
-0.06,0.06,1.17,-0.0,1.05,-0.16
-0.06,0.06,1.15,0.0,1.08,-0.14
-0.06,0.06,1.14,-0.0,1.11,-0.14
-0.05,0.06,1.13,0.02,1.1,-0.13
-0.04,0.05,1.13,0.04,1.12,-0.13
-0.04,0.06,1.13,0.06,1.12,-0.14
-0.04,0.05,1.14,0.06,1.13,-0.15
-0.02,0.05,1.13,0.08,1.14,-0.16
-0.02,0.05,1.14,0.09,1.15,-0.18
-0.02,0.06,1.13,0.1,1.16,-0.19
-0.0,0.04,1.13,0.09,1.17,-0.19
-0.0,0.05,1.14,0.09,1.17,-0.19
-0.0,0.05,1.15,0.09,1.18,-0.18
-0.01,0.06,1.15,0.09,1.19,-0.19
-0.01,0.06,1.16,0.08,1.2,-0.2
0.01,0.06,1.16,0.07,1.22,-0.21
0.01,0.05,1.16,0.04,1.25,-0.23
0.01,0.05,1.15,-0.01,1.27,-0.22
0.0,0.05,1.15,-0.04,1.3,-0.23
0.0,0.04,1.15,-0.06,1.3,-0.22
-0.01,0.04,1.18,-0.1,1.32,-0.21
-0.02,0.04,1.2,-0.12,1.32,-0.21
-0.04,0.04,1.23,-0.11,1.34,-0.22
-0.04,0.03,1.24,-0.11,1.36,-0.24
-0.05,0.03,1.25,-0.09,1.41,-0.26
-0.05,0.03,1.26,-0.08,1.45,-0.27
-0.05,0.04,1.26,-0.06,1.48,-0.28
-0.04,0.04,1.28,-0.06,1.5,-0.29
-0.03,0.03,1.31,-0.07,1.53,-0.3
-0.03,0.03,1.33,-0.05,1.56,-0.33
-0.02,0.04,1.35,-0.04,1.6,-0.35
-0.01,0.04,1.34,-0.05,1.66,-0.38
-0.0,0.04,1.35,-0.07,1.72,-0.41
0.01,0.04,1.35,-0.1,1.77,-0.43
0.02,0.04,1.35,-0.15,1.81,-0.46
0.02,0.04,1.36,-0.2,1.86,-0.48
0.03,0.03,1.37,-0.27,1.93,-0.49
0.02,0.03,1.38,-0.34,1.98,-0.51
0.03,0.03,1.37,-0.41,2.04,-0.5
0.02,0.03,1.36,-0.47,2.12,-0.5
0.02,0.02,1.36,-0.52,2.18,-0.49
0.03,0.0,1.35,-0.54,2.23,-0.47
0.03,0.01,1.34,-0.58,2.29,-0.45
0.03,-0.0,1.34,-0.59,2.32,-0.44
0.04,-0.02,1.33,-0.59,2.38,-0.44
0.04,-0.02,1.32,-0.57,2.41,-0.44
0.05,-0.01,1.31,-0.56,2.46,-0.44
0.06,-0.02,1.3,-0.54,2.51,-0.45
0.08,-0.04,1.27,-0.53,2.53,-0.46
0.08,-0.05,1.25,-0.53,2.56,-0.48
0.08,-0.04,1.22,-0.52,2.6,-0.47
0.08,-0.02,1.19,-0.48,2.61,-0.45
0.08,-0.02,1.16,-0.46,2.62,-0.42
0.1,-0.03,1.16,-0.43,2.61,-0.41
0.11,-0.03,1.16,-0.44,2.61,-0.39
0.13,-0.03,1.17,-0.41,2.58,-0.38
0.12,-0.04,1.16,-0.41,2.58,-0.38
0.14,-0.04,1.15,-0.39,2.56,-0.38
0.13,-0.05,1.14,-0.38,2.57,-0.4
0.15,-0.05,1.11,-0.36,2.56,-0.39
0.14,-0.05,1.1,-0.36,2.57,-0.39
0.14,-0.04,1.09,-0.35,2.57,-0.39
0.13,-0.05,1.06,-0.36,2.57,-0.37
0.13,-0.05,1.04,-0.35,2.55,-0.34
0.12,-0.06,1.01,-0.35,2.54,-0.32
0.12,-0.06,1.0,-0.34,2.52,-0.27
0.11,-0.05,1.0,-0.32,2.49,-0.25
0.12,-0.06,1.01,-0.29,2.46,-0.21
0.13,-0.08,1.02,-0.25,2.44,-0.2
0.15,-0.1,1.01,-0.21,2.42,-0.19
0.16,-0.1,1.02,-0.16,2.4,-0.21
0.17,-0.09,1.0,-0.12,2.39,-0.21
0.17,-0.08,0.99,-0.05,2.37,-0.21
0.18,-0.07,0.97,-0.02,2.36,-0.21
0.19,-0.08,0.96,0.02,2.32,-0.2
0.2,-0.08,0.94,0.03,2.29,-0.21
0.2,-0.08,0.94,0.03,2.27,-0.21
0.21,-0.08,0.94,0.03,2.24,-0.22
0.22,-0.09,0.95,0.02,2.23,-0.23
0.22,-0.09,0.96,0.0,2.22,-0.24
0.22,-0.08,0.96,-0.01,2.22,-0.24
0.21,-0.08,0.95,-0.01,2.19,-0.23
0.21,-0.09,0.96,-0.02,2.19,-0.24
0.2,-0.09,0.96,-0.01,2.16,-0.23
0.2,-0.08,0.96,-0.02,2.16,-0.23
0.19,-0.08,0.97,-0.02,2.14,-0.22
0.19,-0.1,0.97,-0.0,2.14,-0.22
0.19,-0.11,0.94,-0.01,2.15,-0.21
0.19,-0.1,0.93,-0.01,2.15,-0.2
0.17,-0.08,0.92,-0.04,2.15,-0.19
0.17,-0.08,0.91,-0.06,2.15,-0.16
0.16,-0.08,0.91,-0.05,2.11,-0.14
0.17,-0.09,0.93,-0.05,2.09,-0.12
0.19,-0.09,0.93,-0.05,2.05,-0.11
0.2,-0.1,0.95,-0.05,2.03,-0.11
0.21,-0.12,0.96,-0.03,2.0,-0.13
0.21,-0.13,0.96,-0.02,1.99,-0.15
0.2,-0.13,0.95,0.02,1.97,-0.17
0.19,-0.11,0.94,0.06,1.98,-0.19
0.18,-0.08,0.93,0.07,1.96,-0.2
0.18,-0.08,0.92,0.05,1.95,-0.2
0.19,-0.08,0.91,0.03,1.92,-0.21
0.19,-0.09,0.91,0.01,1.93,-0.23
0.18,-0.09,0.9,-0.04,1.94,-0.22
0.17,-0.07,0.91,-0.05,1.93,-0.21
0.15,-0.06,0.9,-0.08,1.92,-0.17
0.16,-0.07,0.9,-0.08,1.91,-0.15
0.18,-0.08,0.9,-0.08,1.89,-0.14
0.18,-0.09,0.91,-0.08,1.88,-0.14
0.16,-0.09,0.9,-0.07,1.87,-0.16
0.15,-0.07,0.88,-0.07,1.88,-0.17
0.12,-0.06,0.88,-0.06,1.88,-0.18
0.1,-0.05,0.86,-0.05,1.86,-0.15
0.1,-0.04,0.85,-0.04,1.84,-0.13
0.11,-0.05,0.86,-0.03,1.8,-0.1
0.12,-0.05,0.87,0.0,1.77,-0.09
0.13,-0.06,0.87,0.03,1.74,-0.11
0.14,-0.06,0.87,0.06,1.71,-0.12
0.13,-0.05,0.86,0.09,1.69,-0.13
0.12,-0.03,0.86,0.08,1.68,-0.13
0.12,-0.02,0.84,0.07,1.66,-0.14
0.12,-0.03,0.85,0.05,1.64,-0.13
0.12,-0.04,0.85,0.03,1.64,-0.13
0.13,-0.04,0.86,0.0,1.62,-0.11
0.13,-0.02,0.87,-0.01,1.61,-0.1
0.13,-0.02,0.86,-0.02,1.61,-0.08
0.12,-0.03,0.84,-0.02,1.62,-0.08
0.11,-0.03,0.82,-0.03,1.61,-0.09
0.1,0.0,0.82,-0.05,1.61,-0.08
0.08,0.02,0.83,-0.04,1.58,-0.07
0.08,0.03,0.83,-0.03,1.56,-0.05
0.09,0.02,0.83,-0.04,1.51,-0.04
0.09,0.0,0.82,-0.05,1.48,-0.04
0.1,-0.0,0.84,-0.04,1.45,-0.04
0.12,0.0,0.86,-0.04,1.43,-0.06
0.12,0.01,0.87,-0.04,1.41,-0.07
0.12,-0.01,0.87,-0.04,1.39,-0.08
0.11,-0.01,0.86,-0.04,1.39,-0.09
0.09,0.0,0.86,-0.04,1.4,-0.1
0.08,0.02,0.87,-0.05,1.4,-0.08
0.06,0.03,0.87,-0.02,1.37,-0.04
0.05,0.04,0.87,-0.01,1.33,-0.03
0.06,0.04,0.86,-0.0,1.3,0.0
0.07,0.03,0.84,0.0,1.29,0.0
0.07,0.03,0.84,0.02,1.27,-0.01
0.05,0.04,0.85,0.04,1.25,-0.01
0.05,0.05,0.85,0.05,1.23,-0.01
0.06,0.05,0.84,0.06,1.21,-0.0
0.07,0.06,0.85,0.07,1.19,-0.01
0.08,0.06,0.88,0.08,1.14,-0.0
0.1,0.04,0.88,0.08,1.12,-0.02
0.1,0.02,0.88,0.06,1.13,-0.04
0.1,0.03,0.88,0.08,1.11,-0.05
0.08,0.05,0.88,0.06,1.11,-0.06
0.08,0.06,0.88,0.07,1.1,-0.04
0.06,0.06,0.86,0.07,1.09,-0.04
0.07,0.06,0.86,0.06,1.09,-0.03
0.07,0.07,0.86,0.06,1.07,-0.03
0.06,0.08,0.85,0.06,1.06,-0.03
0.05,0.09,0.86,0.04,1.04,-0.03
0.06,0.1,0.85,0.04,1.01,-0.02
0.07,0.09,0.85,0.0,0.99,-0.03
0.1,0.06,0.86,-0.01,0.96,-0.06
0.1,0.06,0.87,-0.04,0.95,-0.08
0.09,0.05,0.89,-0.05,0.94,-0.09
0.08,0.06,0.91,-0.05,0.94,-0.09
0.07,0.05,0.91,-0.06,0.93,-0.09
0.08,0.04,0.91,-0.04,0.92,-0.08
0.08,0.03,0.92,-0.04,0.91,-0.09
0.08,0.03,0.93,-0.04,0.89,-0.09
0.08,0.04,0.93,-0.02,0.88,-0.09
0.08,0.03,0.92,0.0,0.86,-0.11
0.07,0.02,0.9,0.0,0.88,-0.13
0.05,0.02,0.91,0.01,0.86,-0.12
0.04,0.04,0.92,0.02,0.87,-0.12
0.04,0.05,0.93,0.03,0.85,-0.1
0.05,0.04,0.92,0.04,0.83,-0.08
0.06,0.03,0.91,0.02,0.82,-0.09
0.07,0.02,0.92,0.03,0.81,-0.11
0.06,0.03,0.93,0.03,0.81,-0.11
0.04,0.03,0.92,0.02,0.81,-0.11
0.05,0.02,0.93,0.01,0.8,-0.1
0.05,0.01,0.93,-0.0,0.79,-0.09
0.06,-0.01,0.95,-0.01,0.8,-0.09
0.06,-0.0,0.95,-0.01,0.8,-0.07
0.05,-0.01,0.96,-0.01,0.81,-0.07
0.06,-0.02,0.95,0.01,0.81,-0.06
0.05,-0.0,0.96,0.01,0.82,-0.06
0.05,0.01,0.95,-0.0,0.83,-0.05
0.05,0.02,0.95,0.0,0.81,-0.04
0.04,0.01,0.94,-0.01,0.81,-0.04
0.05,0.01,0.95,-0.01,0.81,-0.05
0.05,0.01,0.96,-0.01,0.8,-0.05
0.05,0.01,0.95,-0.02,0.8,-0.06
0.04,0.01,0.94,-0.03,0.82,-0.06
0.05,0.01,0.95,-0.03,0.81,-0.07
0.05,0.03,0.95,-0.01,0.8,-0.06
0.05,0.01,0.94,0.01,0.79,-0.04
0.03,0.03,0.94,0.03,0.79,-0.04
0.02,0.03,0.92,0.05,0.79,-0.03
0.01,0.04,0.91,0.08,0.78,-0.01
0.01,0.06,0.9,0.09,0.78,-0.01
0.01,0.06,0.9,0.12,0.73,0.0
0.02,0.08,0.88,0.13,0.73,0.01
0.02,0.07,0.87,0.14,0.69,0.01
0.01,0.08,0.85,0.15,0.67,-0.01
0.02,0.08,0.85,0.16,0.64,-0.02
0.02,0.1,0.85,0.18,0.62,-0.03
0.03,0.1,0.85,0.2,0.6,-0.03
0.03,0.1,0.85,0.19,0.6,-0.06
0.03,0.11,0.84,0.17,0.57,-0.06
0.02,0.12,0.83,0.13,0.57,-0.07
0.02,0.12,0.83,0.1,0.56,-0.07
0.01,0.11,0.84,0.06,0.54,-0.06
-0.01,0.12,0.83,0.03,0.53,-0.06
-0.02,0.12,0.84,0.0,0.52,-0.03
-0.02,0.12,0.84,-0.02,0.49,-0.01
-0.02,0.11,0.84,-0.02,0.46,0.01
-0.01,0.09,0.85,-0.04,0.43,0.02
-0.01,0.08,0.84,-0.03,0.41,0.0
0.0,0.08,0.84,-0.01,0.39,-0.0
-0.0,0.07,0.86,0.01,0.37,-0.02
-0.01,0.07,0.87,0.04,0.32,-0.0
-0.01,0.07,0.86,0.05,0.32,-0.0
-0.02,0.07,0.87,0.08,0.29,-0.01
-0.03,0.08,0.86,0.1,0.27,0.0
-0.02,0.08,0.88,0.13,0.21,0.01
-0.0,0.07,0.88,0.16,0.18,0.01
0.01,0.06,0.87,0.18,0.16,-0.01
0.01,0.05,0.87,0.2,0.14,-0.03
0.01,0.06,0.87,0.22,0.12,-0.04
0.01,0.06,0.89,0.23,0.11,-0.05
0.02,0.08,0.91,0.24,0.09,-0.05
0.03,0.08,0.9,0.22,0.07,-0.05
0.02,0.08,0.89,0.2,0.08,-0.05
0.02,0.08,0.88,0.17,0.08,-0.06
0.02,0.08,0.88,0.11,0.09,-0.07
0.02,0.09,0.9,0.06,0.08,-0.05
0.02,0.09,0.91,0.02,0.07,-0.05
0.01,0.07,0.92,-0.02,0.06,-0.03
0.02,0.06,0.93,-0.06,0.05,-0.02
0.04,0.05,0.94,-0.09,0.05,-0.02
0.05,0.02,0.94,-0.12,0.05,-0.03
0.06,0.0,0.96,-0.14,0.07,-0.05
0.04,-0.0,0.96,-0.13,0.06,-0.06
0.02,-0.01,0.99,-0.13,0.08,-0.05
0.02,-0.0,0.98,-0.1,0.06,-0.03
0.0,-0.01,0.98,-0.08,0.06,-0.03
-0.0,-0.01,0.97,-0.03,0.04,-0.01
-0.0,-0.0,0.97,0.0,0.05,-0.0
-0.01,0.01,0.96,0.04,0.03,0.01
-0.01,0.01,0.95,0.07,0.02,0.02
-0.01,0.03,0.94,0.1,0.01,0.04
0.01,0.04,0.94,0.14,-0.02,0.05
0.01,0.04,0.93,0.15,-0.04,0.04
0.01,0.04,0.92,0.18,-0.05,0.03
0.02,0.05,0.92,0.22,-0.05,0.02
0.02,0.06,0.9,0.21,-0.04,0.01
0.02,0.07,0.9,0.19,-0.05,-0.0
0.04,0.08,0.9,0.17,-0.04,-0.01
0.05,0.09,0.91,0.12,-0.04,-0.01
0.05,0.1,0.9,0.08,-0.04,-0.01
0.04,0.1,0.9,0.02,-0.05,-0.0
0.03,0.1,0.91,-0.03,-0.05,-0.01
0.04,0.09,0.93,-0.11,-0.05,-0.0
0.05,0.07,0.93,-0.15,-0.05,-0.02
0.05,0.05,0.94,-0.18,-0.07,-0.02
0.06,0.03,0.96,-0.19,-0.07,-0.04
0.07,0.01,0.99,-0.18,-0.08,-0.04
0.07,0.0,1.0,-0.17,-0.08,-0.04
0.07,-0.01,1.01,-0.16,-0.09,-0.05
0.07,-0.03,1.0,-0.14,-0.08,-0.08
0.06,-0.03,1.0,-0.12,-0.07,-0.08
0.06,-0.02,1.02,-0.1,-0.06,-0.08
0.06,-0.02,1.03,-0.08,-0.04,-0.06
0.05,-0.02,1.02,-0.08,-0.03,-0.05
0.05,-0.01,1.02,-0.07,-0.02,-0.03
0.05,-0.01,1.02,-0.06,-0.0,-0.02
0.05,-0.0,1.01,-0.06,-0.0,0.01
0.06,-0.01,1.0,-0.06,0.02,-0.0
0.06,-0.01,1.0,-0.04,0.03,-0.0
0.07,-0.0,1.01,-0.05,0.04,-0.01
0.06,-0.0,1.0,-0.03,0.04,-0.02
0.05,-0.0,1.0,-0.03,0.05,-0.02
0.05,0.01,1.0,-0.05,0.04,-0.02
0.04,0.01,1.0,-0.03,0.06,-0.01
0.04,0.02,1.0,-0.05,0.05,0.0
0.04,0.02,0.99,-0.05,0.06,0.0
0.04,0.02,0.98,-0.05,0.05,0.01
0.05,0.01,0.99,-0.06,0.07,0.01
0.04,0.02,0.99,-0.06,0.06,0.02
0.04,0.03,0.98,-0.03,0.06,0.02
0.04,0.03,0.98,-0.04,0.07,0.02
0.06,0.02,0.97,-0.02,0.06,0.01
0.06,0.03,0.96,-0.04,0.06,0.01
0.05,0.03,0.96,-0.02,0.07,-0.01
0.04,0.04,0.97,-0.03,0.07,-0.01
0.05,0.04,0.96,-0.03,0.07,-0.01
0.04,0.04,0.98,-0.02,0.06,-0.0
0.03,0.04,0.97,-0.04,0.06,0.01
0.03,0.04,0.97,-0.04,0.07,0.02
0.04,0.04,0.97,-0.04,0.06,0.04
0.04,0.04,0.96,-0.05,0.05,0.06
0.05,0.03,0.96,-0.03,0.06,0.05
0.05,0.04,0.96,-0.03,0.06,0.03
0.05,0.05,0.96,-0.01,0.05,0.02
0.05,0.05,0.96,0.0,0.03,0.01
0.05,0.04,0.95,-0.0,0.03,-0.02
0.04,0.04,0.94,-0.02,0.03,-0.03
0.03,0.04,0.96,-0.02,0.03,-0.03
0.02,0.05,0.96,-0.01,0.03,-0.02
0.01,0.05,0.96,-0.01,0.03,-0.0
0.01,0.04,0.96,-0.01,0.0,0.03
0.03,0.04,0.96,-0.01,-0.0,0.04
0.05,0.03,0.96,-0.01,-0.0,0.04
0.05,0.03,0.96,0.02,-0.01,0.03
0.05,0.04,0.95,0.01,-0.0,0.01
0.05,0.04,0.96,0.01,0.0,-0.0
0.04,0.04,0.96,0.0,-0.01,-0.0
0.04,0.04,0.96,-0.01,0.0,-0.0
0.02,0.03,0.96,-0.02,0.01,-0.0
0.02,0.03,0.97,-0.04,0.02,0.01
0.02,0.03,0.97,-0.05,0.01,0.03
0.03,0.03,0.97,-0.07,0.01,0.04
0.03,0.02,0.97,-0.06,-0.0,0.05
0.04,0.01,0.97,-0.06,0.0,0.05
0.04,0.01,0.97,-0.05,-0.0,0.04
0.04,0.01,0.98,-0.02,-0.01,0.02
0.04,0.0,0.98,-0.02,-0.02,0.01
0.04,0.0,0.98,-0.0,-0.02,-0.0
0.05,0.0,0.98,0.01,-0.03,-0.01
0.05,0.01,0.99,0.02,-0.03,0.0
0.04,0.0,0.99,0.01,-0.01,0.01
0.04,0.0,0.98,0.01,-0.02,0.02
0.05,0.01,0.98,-0.01,-0.01,0.02
0.06,0.01,0.98,0.0,-0.0,0.03
0.05,0.0,0.97,-0.02,0.01,0.03
0.06,0.01,0.98,-0.03,0.02,0.03
0.06,0.02,0.98,-0.03,0.03,0.02
0.05,0.01,0.98,-0.05,0.03,0.02
0.05,0.01,0.96,-0.06,0.05,0.02
0.04,0.02,0.98,-0.07,0.05,0.01
0.04,0.02,0.98,-0.07,0.04,0.03
0.03,0.02,0.98,-0.07,0.04,0.04
0.03,0.01,0.97,-0.07,0.04,0.04
0.04,0.01,0.98,-0.06,0.04,0.03
0.04,0.01,0.98,-0.04,0.04,0.02
0.04,0.02,0.98,-0.03,0.03,0.02
0.03,0.03,0.96,-0.02,0.03,0.02
0.03,0.03,0.97,-0.01,0.01,0.02
0.03,0.03,0.96,-0.02,0.01,0.01
0.02,0.03,0.96,-0.01,-0.0,0.0
0.03,0.03,0.96,0.02,-0.01,0.01
0.04,0.03,0.97,0.01,-0.02,0.0
0.04,0.03,0.97,0.01,-0.02,0.01
0.05,0.04,0.97,0.02,-0.02,0.02
0.06,0.04,0.96,0.03,-0.02,0.01
0.05,0.04,0.95,0.02,-0.01,-0.0
0.04,0.04,0.95,0.01,-0.0,-0.01
0.03,0.05,0.96,-0.0,-0.0,-0.01
0.02,0.06,0.97,-0.01,0.01,0.01
0.02,0.06,0.97,-0.03,0.01,0.02
0.02,0.05,0.96,-0.05,-0.0,0.04
0.02,0.06,0.96,-0.06,-0.01,0.04
0.02,0.05,0.96,-0.08,-0.0,0.05
0.03,0.05,0.96,-0.07,-0.01,0.06
0.03,0.04,0.95,-0.07,-0.02,0.06
0.03,0.03,0.95,-0.06,-0.03,0.05
0.04,0.03,0.97,-0.04,-0.03,0.04
0.04,0.04,0.97,-0.03,-0.04,0.03
0.03,0.03,0.97,-0.01,-0.04,0.03
0.03,0.04,0.95,0.01,-0.06,0.03
0.02,0.04,0.95,0.02,-0.05,0.02
0.02,0.06,0.94,0.04,-0.07,0.02
0.02,0.06,0.94,0.04,-0.06,0.03
0.02,0.07,0.94,0.04,-0.08,0.03
0.01,0.07,0.94,0.03,-0.08,0.03
0.01,0.07,0.94,0.03,-0.09,0.04
0.01,0.07,0.92,0.02,-0.1,0.06
0.01,0.07,0.92,0.0,-0.1,0.05
0.02,0.08,0.93,-0.01,-0.11,0.05
0.04,0.08,0.94,-0.01,-0.12,0.05
0.06,0.07,0.95,-0.04,-0.14,0.04
0.07,0.05,0.94,-0.06,-0.16,0.01
0.08,0.01,0.94,-0.1,-0.13,-0.02
0.06,0.01,0.98,-0.13,-0.12,-0.04
0.05,0.01,1.0,-0.14,-0.1,-0.04
0.02,0.02,1.0,-0.14,-0.1,-0.0
0.0,0.02,1.0,-0.13,-0.08,0.03
0.02,0.01,1.01,-0.12,-0.1,0.06
0.02,0.01,1.0,-0.1,-0.1,0.08
0.03,0.0,0.98,-0.1,-0.11,0.09
0.03,-0.0,0.98,-0.07,-0.11,0.07
0.04,-0.01,0.98,-0.06,-0.11,0.07
0.04,-0.0,0.97,-0.03,-0.1,0.05
0.03,0.01,0.96,0.0,-0.1,0.04
0.01,0.02,0.97,0.01,-0.09,0.04
0.01,0.04,0.96,0.03,-0.09,0.06
0.02,0.04,0.96,0.05,-0.11,0.08
0.03,0.04,0.94,0.04,-0.12,0.1
0.04,0.04,0.93,0.03,-0.11,0.08
0.04,0.04,0.93,0.02,-0.11,0.06
0.03,0.04,0.92,0.01,-0.11,0.05
0.02,0.06,0.92,-0.01,-0.1,0.05
0.01,0.07,0.92,-0.01,-0.11,0.06
0.01,0.08,0.92,-0.01,-0.13,0.07
0.01,0.08,0.91,-0.01,-0.16,0.08
0.01,0.08,0.9,-0.02,-0.17,0.07
0.01,0.08,0.88,-0.02,-0.18,0.06
0.0,0.07,0.88,-0.01,-0.18,0.05
-0.0,0.08,0.88,-0.01,-0.18,0.04
-0.01,0.09,0.88,-0.01,-0.2,0.07
-0.01,0.11,0.87,0.01,-0.2,0.07
-0.02,0.12,0.86,-0.01,-0.24,0.08
-0.02,0.12,0.84,-0.02,-0.27,0.08
-0.01,0.11,0.84,-0.02,-0.3,0.08
-0.01,0.11,0.83,-0.04,-0.31,0.08
-0.01,0.11,0.82,-0.02,-0.34,0.06
-0.02,0.11,0.81,0.0,-0.36,0.06
-0.03,0.12,0.81,0.02,-0.39,0.08
-0.04,0.14,0.81,0.03,-0.43,0.07
-0.05,0.15,0.79,0.06,-0.48,0.09
-0.04,0.14,0.76,0.08,-0.52,0.09
-0.04,0.15,0.75,0.08,-0.57,0.07
-0.04,0.16,0.75,0.09,-0.6,0.07
-0.04,0.18,0.74,0.09,-0.65,0.07
-0.03,0.19,0.74,0.08,-0.71,0.06
-0.02,0.18,0.73,0.04,-0.76,0.06
0.0,0.17,0.73,-0.02,-0.79,0.03
0.0,0.14,0.73,-0.06,-0.82,0.02
0.0,0.14,0.76,-0.11,-0.84,0.02
0.01,0.14,0.79,-0.14,-0.89,0.03
0.01,0.12,0.79,-0.16,-0.91,0.04
0.03,0.09,0.79,-0.2,-0.95,0.05
0.02,0.08,0.78,-0.22,-0.96,0.04
0.02,0.07,0.8,-0.24,-0.97,0.05
0.02,0.08,0.82,-0.25,-0.99,0.05
0.02,0.07,0.82,-0.25,-1.03,0.07
0.01,0.05,0.81,-0.24,-1.06,0.07
0.0,0.04,0.8,-0.23,-1.1,0.05
-0.01,0.04,0.8,-0.22,-1.12,0.04
-0.02,0.05,0.8,-0.19,-1.14,0.05
-0.04,0.06,0.82,-0.16,-1.16,0.07
-0.06,0.08,0.84,-0.13,-1.23,0.11
-0.05,0.1,0.83,-0.12,-1.31,0.15
-0.02,0.08,0.81,-0.13,-1.41,0.17
0.02,0.04,0.81,-0.14,-1.47,0.16
0.04,0.01,0.81,-0.13,-1.52,0.13
0.05,-0.01,0.83,-0.1,-1.53,0.09
0.06,-0.01,0.84,-0.08,-1.53,0.08
0.06,-0.0,0.85,-0.03,-1.52,0.08
0.06,0.0,0.83,-0.0,-1.51,0.09
0.05,0.01,0.82,0.02,-1.49,0.08
0.05,0.0,0.8,0.01,-1.46,0.1
0.05,0.01,0.8,0.01,-1.42,0.11
0.06,0.03,0.8,0.01,-1.4,0.13
0.08,0.04,0.81,0.01,-1.4,0.15
0.07,0.05,0.8,-0.02,-1.38,0.17
0.07,0.04,0.79,-0.06,-1.39,0.17
0.07,0.05,0.79,-0.11,-1.44,0.18
0.06,0.05,0.81,-0.14,-1.45,0.18
0.05,0.05,0.83,-0.16,-1.47,0.19
0.06,0.05,0.84,-0.19,-1.5,0.2
0.07,0.03,0.84,-0.2,-1.54,0.19
0.08,0.01,0.85,-0.22,-1.55,0.19
0.08,-0.0,0.85,-0.24,-1.57,0.17
0.07,0.0,0.87,-0.24,-1.58,0.17
0.06,0.02,0.88,-0.25,-1.6,0.19
0.06,0.03,0.89,-0.24,-1.62,0.2
0.07,0.02,0.88,-0.26,-1.64,0.22
0.07,0.0,0.86,-0.3,-1.67,0.22
0.06,-0.01,0.87,-0.32,-1.69,0.23
0.07,-0.02,0.89,-0.33,-1.68,0.25
0.08,-0.02,0.9,-0.33,-1.69,0.26
0.11,-0.03,0.92,-0.28,-1.68,0.26
0.14,-0.05,0.94,-0.26,-1.69,0.26
0.15,-0.05,0.92,-0.23,-1.69,0.24
0.15,-0.07,0.91,-0.21,-1.67,0.22
0.14,-0.07,0.93,-0.18,-1.64,0.19
0.13,-0.04,0.94,-0.14,-1.63,0.19
0.11,-0.02,0.93,-0.11,-1.62,0.18
0.09,-0.01,0.92,-0.1,-1.64,0.2
0.09,-0.01,0.89,-0.09,-1.67,0.22
0.1,-0.01,0.88,-0.1,-1.71,0.22
0.11,-0.02,0.89,-0.1,-1.7,0.23
0.11,-0.02,0.89,-0.09,-1.71,0.22
0.11,0.01,0.9,-0.09,-1.72,0.23
0.1,0.02,0.91,-0.09,-1.75,0.23
0.11,0.01,0.9,-0.09,-1.8,0.23
0.12,-0.01,0.91,-0.12,-1.81,0.21
0.12,-0.03,0.91,-0.14,-1.82,0.2
0.12,-0.02,0.92,-0.17,-1.84,0.18
0.11,-0.01,0.94,-0.17,-1.83,0.18
0.12,-0.02,0.96,-0.19,-1.84,0.19
0.14,-0.05,0.96,-0.2,-1.85,0.19
0.18,-0.07,0.97,-0.22,-1.84,0.17
0.18,-0.08,0.98,-0.22,-1.8,0.15
0.17,-0.08,0.98,-0.22,-1.74,0.13
0.15,-0.08,0.98,-0.22,-1.69,0.15
0.12,-0.05,0.95,-0.2,-1.65,0.16
0.1,-0.02,0.94,-0.19,-1.67,0.19
0.1,-0.01,0.9,-0.19,-1.7,0.24
0.07,-0.03,0.95,-0.16,-1.72,0.27
0.08,-0.03,0.9,-0.15,-1.76,0.3
0.08,-0.02,0.87,-0.16,-1.75,0.31
0.1,-0.03,0.88,-0.17,-1.79,0.31
0.1,-0.02,0.92,-0.18,-1.83,0.3
0.12,-0.01,0.96,-0.16,-1.87,0.3
0.15,-0.04,1.0,-0.14,-1.9,0.27
0.17,-0.06,1.02,-0.12,-1.92,0.24
0.17,-0.08,1.03,-0.15,-1.93,0.2
0.17,-0.08,1.06,-0.16,-1.92,0.15
0.14,-0.07,1.09,-0.17,-1.88,0.12
0.15,-0.07,1.1,-0.18,-1.85,0.12
0.16,-0.08,1.13,-0.2,-1.82,0.1
0.17,-0.08,1.16,-0.21,-1.8,0.11
0.18,-0.09,1.18,-0.22,-1.77,0.11
0.16,-0.09,1.16,-0.23,-1.71,0.11
0.12,-0.08,1.15,-0.23,-1.63,0.13
0.1,-0.06,1.12,-0.21,-1.59,0.16
0.08,-0.04,1.1,-0.21,-1.56,0.18
0.07,-0.03,1.06,-0.21,-1.54,0.22
0.05,-0.04,1.02,-0.21,-1.55,0.24
0.05,-0.03,1.0,-0.19,-1.57,0.25
0.05,-0.04,1.0,-0.17,-1.58,0.26
0.06,-0.02,1.0,-0.15,-1.61,0.26
0.06,-0.02,0.99,-0.11,-1.63,0.27
0.07,-0.02,0.97,-0.09,-1.66,0.27
0.09,-0.04,0.97,-0.09,-1.68,0.27
0.09,-0.02,0.96,-0.09,-1.67,0.26
0.11,-0.01,0.94,-0.09,-1.68,0.28
0.1,-0.01,0.96,-0.1,-1.68,0.29
0.12,-0.01,0.96,-0.1,-1.7,0.29
0.16,-0.01,0.99,-0.09,-1.73,0.28
0.18,-0.02,1.04,-0.09,-1.76,0.24
0.2,-0.03,1.09,-0.07,-1.79,0.18
0.18,-0.04,1.1,-0.07,-1.83,0.11
0.15,-0.05,1.13,-0.06,-1.81,0.04
0.14,-0.04,1.15,-0.07,-1.78,-0.01
0.11,-0.03,1.17,-0.08,-1.75,-0.04
0.08,-0.03,1.17,-0.08,-1.71,-0.03
0.06,-0.03,1.17,-0.12,-1.67,-0.0
0.03,-0.03,1.16,-0.15,-1.63,0.04
0.02,-0.03,1.17,-0.15,-1.59,0.1
0.01,-0.02,1.14,-0.15,-1.53,0.17
0.0,-0.01,1.12,-0.16,-1.52,0.23
0.01,-0.01,1.09,-0.15,-1.5,0.3
0.02,-0.02,1.07,-0.13,-1.49,0.35
0.04,-0.02,1.05,-0.11,-1.47,0.38
0.05,-0.02,1.01,-0.09,-1.46,0.39
0.07,-0.02,0.99,-0.08,-1.45,0.37
0.09,-0.02,0.96,-0.06,-1.46,0.36
0.1,-0.01,0.93,-0.05,-1.47,0.35
0.11,-0.01,0.9,-0.03,-1.51,0.33
0.12,-0.01,0.9,-0.02,-1.56,0.32
0.13,0.0,0.93,-0.0,-1.63,0.29
0.14,0.02,0.97,0.03,-1.73,0.24
0.16,0.02,1.02,0.06,-1.8,0.18
0.17,0.0,1.07,0.08,-1.86,0.1
0.17,-0.02,1.12,0.06,-1.88,0.02
0.15,-0.04,1.15,0.02,-1.89,-0.06
0.13,-0.03,1.21,-0.02,-1.84,-0.1
0.09,-0.01,1.22,-0.06,-1.79,-0.13
0.05,-0.01,1.26,-0.08,-1.73,-0.11
0.02,-0.0,1.27,-0.1,-1.64,-0.08
-0.01,-0.01,1.24,-0.12,-1.56,-0.03
-0.02,-0.01,1.22,-0.16,-1.5,0.04
-0.02,-0.0,1.21,-0.17,-1.43,0.11
-0.03,0.01,1.18,-0.19,-1.38,0.2
-0.02,0.01,1.15,-0.19,-1.36,0.27
-0.0,0.01,1.11,-0.18,-1.34,0.32
0.01,0.0,1.1,-0.17,-1.32,0.36
0.03,-0.01,1.08,-0.14,-1.33,0.36
0.04,-0.01,1.07,-0.11,-1.32,0.33
0.04,-0.01,1.06,-0.08,-1.33,0.29
0.03,0.0,1.01,-0.03,-1.34,0.25
0.04,0.01,1.0,0.0,-1.39,0.24
0.05,0.02,0.97,0.04,-1.43,0.23
0.05,0.02,0.95,0.05,-1.49,0.23
0.05,0.02,0.96,0.04,-1.54,0.22
0.06,0.01,0.97,0.03,-1.59,0.24
0.07,0.01,0.99,0.03,-1.61,0.24
0.07,0.01,1.02,0.02,-1.61,0.26
0.08,0.01,1.05,-0.0,-1.63,0.26
0.07,0.01,1.07,-0.02,-1.6,0.26
0.08,0.01,1.11,-0.05,-1.6,0.25
0.09,0.01,1.14,-0.04,-1.59,0.23
0.1,0.0,1.19,-0.04,-1.55,0.2
0.1,0.01,1.21,-0.02,-1.53,0.16
0.09,0.02,1.2,-0.01,-1.49,0.13
0.08,0.03,1.15,0.02,-1.46,0.09
0.08,0.04,1.1,0.02,-1.46,0.09
0.07,0.03,1.08,0.02,-1.46,0.1
0.08,0.03,1.06,0.02,-1.47,0.1
0.07,0.03,1.04,0.02,-1.48,0.09
0.07,0.02,1.01,0.01,-1.48,0.1
0.07,0.03,1.0,0.02,-1.5,0.11
0.07,0.03,0.98,0.02,-1.52,0.12
0.06,0.03,0.99,0.01,-1.55,0.14
0.07,0.03,0.99,-0.01,-1.58,0.16
0.07,0.03,1.0,-0.01,-1.64,0.18
0.09,0.03,1.03,-0.04,-1.66,0.19
0.08,0.03,1.07,-0.06,-1.67,0.19
0.08,0.02,1.1,-0.09,-1.68,0.18
0.08,0.03,1.12,-0.12,-1.67,0.17
0.07,0.03,1.13,-0.17,-1.65,0.15
0.06,0.02,1.16,-0.18,-1.63,0.15
0.04,0.03,1.19,-0.19,-1.61,0.14
0.03,0.03,1.17,-0.19,-1.6,0.13
0.02,0.03,1.18,-0.17,-1.58,0.11
-0.0,0.04,1.17,-0.15,-1.57,0.11
-0.0,0.03,1.16,-0.13,-1.55,0.11
-0.02,0.04,1.15,-0.1,-1.55,0.1
-0.02,0.03,1.15,-0.09,-1.53,0.1
-0.02,0.04,1.14,-0.06,-1.53,0.1
-0.03,0.04,1.13,-0.05,-1.51,0.12
-0.02,0.04,1.14,-0.03,-1.52,0.14
-0.02,0.04,1.13,-0.02,-1.51,0.15
-0.01,0.03,1.12,-0.0,-1.5,0.16
-0.01,0.03,1.13,0.01,-1.48,0.17
0.01,0.03,1.12,0.01,-1.49,0.17
0.01,0.03,1.12,0.02,-1.5,0.17
0.01,0.04,1.12,0.02,-1.49,0.17
0.02,0.04,1.13,0.03,-1.52,0.19
0.01,0.03,1.14,0.03,-1.52,0.17
-0.0,0.05,1.15,0.05,-1.53,0.15
-0.0,0.05,1.15,0.07,-1.55,0.14
-0.0,0.04,1.16,0.08,-1.53,0.12
-0.01,0.04,1.14,0.1,-1.51,0.11
-0.01,0.05,1.13,0.13,-1.5,0.1
-0.01,0.06,1.12,0.14,-1.48,0.11
-0.02,0.06,1.13,0.15,-1.47,0.14
-0.01,0.05,1.14,0.15,-1.47,0.17
-0.01,0.05,1.15,0.15,-1.45,0.19
-0.0,0.04,1.15,0.15,-1.44,0.21
-0.01,0.05,1.12,0.17,-1.41,0.23
0.0,0.06,1.1,0.17,-1.4,0.26
0.02,0.05,1.09,0.17,-1.39,0.28
0.04,0.04,1.1,0.17,-1.38,0.29
0.04,0.03,1.11,0.14,-1.38,0.3
0.05,0.02,1.13,0.12,-1.41,0.28
0.04,0.02,1.15,0.12,-1.42,0.24
0.01,0.03,1.16,0.14,-1.41,0.2
-0.01,0.03,1.16,0.17,-1.43,0.17
-0.02,0.03,1.18,0.21,-1.42,0.15
-0.03,0.04,1.24,0.28,-1.41,0.11
-0.08,0.09,1.29,0.37,-1.39,0.07
-0.11,0.11,1.33,0.51,-1.39,0.01
-0.11,0.12,1.32,0.64,-1.35,-0.05
-0.09,0.12,1.3,0.77,-1.28,-0.14
-0.05,0.12,1.25,0.87,-1.22,-0.2
-0.01,0.12,1.17,0.91,-1.16,-0.26
0.03,0.13,1.1,0.89,-1.13,-0.3
0.08,0.11,1.02,0.81,-1.11,-0.3
0.13,0.08,0.99,0.68,-1.13,-0.27
0.15,0.06,0.95,0.51,-1.17,-0.24
0.15,0.04,0.92,0.31,-1.24,-0.19
0.12,0.02,0.9,0.11,-1.28,-0.14
0.08,0.01,0.91,-0.07,-1.36,-0.07
0.02,-0.01,0.9,-0.21,-1.4,0.0
-0.05,-0.01,0.94,-0.29,-1.44,0.07
-0.14,0.0,1.01,-0.32,-1.48,0.13
-0.22,0.02,1.07,-0.29,-1.49,0.18
-0.29,0.04,1.13,-0.19,-1.51,0.22
-0.31,0.05,1.19,-0.02,-1.46,0.24
-0.32,0.08,1.24,0.17,-1.42,0.25
-0.31,0.1,1.24,0.34,-1.37,0.26
-0.27,0.11,1.24,0.48,-1.3,0.25
-0.21,0.11,1.23,0.58,-1.27,0.22
-0.18,0.11,1.23,0.65,-1.25,0.19
-0.17,0.12,1.21,0.67,-1.24,0.17
-0.15,0.12,1.18,0.68,-1.23,0.14
-0.14,0.13,1.15,0.66,-1.21,0.13
-0.13,0.13,1.13,0.65,-1.2,0.14
-0.13,0.14,1.12,0.63,-1.17,0.15
-0.13,0.15,1.12,0.62,-1.14,0.17
-0.12,0.15,1.13,0.59,-1.12,0.2
-0.11,0.15,1.13,0.56,-1.08,0.22
-0.09,0.14,1.13,0.49,-1.02,0.23
-0.07,0.13,1.11,0.42,-0.98,0.24
-0.06,0.12,1.09,0.33,-0.93,0.26
-0.05,0.11,1.08,0.25,-0.91,0.28
-0.06,0.1,1.07,0.16,-0.89,0.33
-0.07,0.08,1.06,0.09,-0.9,0.37
-0.08,0.07,1.07,0.04,-0.89,0.41
-0.12,0.07,1.09,0.02,-0.9,0.44
-0.15,0.07,1.11,0.05,-0.9,0.46
-0.19,0.07,1.13,0.1,-0.89,0.47
-0.2,0.09,1.17,0.2,-0.88,0.46
-0.21,0.11,1.17,0.31,-0.87,0.43
-0.2,0.12,1.18,0.43,-0.86,0.4
-0.17,0.13,1.17,0.55,-0.82,0.35
-0.13,0.13,1.14,0.63,-0.8,0.31
-0.09,0.13,1.12,0.65,-0.77,0.28
-0.04,0.12,1.09,0.65,-0.76,0.24
-0.01,0.12,1.07,0.59,-0.76,0.24
0.03,0.11,1.05,0.51,-0.76,0.23
0.03,0.11,1.02,0.39,-0.77,0.23
0.01,0.11,1.01,0.28,-0.78,0.26
-0.02,0.12,1.01,0.15,-0.78,0.29
-0.06,0.13,1.05,0.06,-0.81,0.32
-0.14,0.15,1.1,-0.0,-0.8,0.33
-0.2,0.17,1.13,-0.04,-0.76,0.32
-0.24,0.18,1.15,-0.02,-0.74,0.31
-0.27,0.19,1.16,0.01,-0.67,0.27
-0.28,0.2,1.14,0.03,-0.6,0.23
-0.28,0.2,1.13,0.06,-0.54,0.2
-0.27,0.2,1.11,0.06,-0.49,0.16
-0.25,0.18,1.08,0.05,-0.44,0.13
-0.26,0.19,1.07,0.03,-0.4,0.13
-0.27,0.18,1.06,0.03,-0.35,0.12
-0.28,0.17,1.05,0.0,-0.29,0.13
-0.28,0.17,1.02,-0.0,-0.25,0.15
-0.29,0.15,1.02,0.0,-0.19,0.16
-0.28,0.14,1.02,-0.01,-0.13,0.18
-0.29,0.14,1.02,0.0,-0.07,0.19
-0.31,0.14,1.03,0.04,-0.02,0.2
-0.3,0.14,1.04,0.07,0.03,0.22
-0.28,0.13,1.04,0.12,0.09,0.23
-0.28,0.15,1.03,0.16,0.11,0.23
-0.26,0.15,1.03,0.21,0.15,0.23
-0.24,0.15,1.03,0.24,0.17,0.22
-0.22,0.16,1.05,0.28,0.19,0.21
-0.21,0.17,1.06,0.3,0.23,0.19
-0.2,0.18,1.07,0.31,0.26,0.17
-0.19,0.19,1.07,0.3,0.29,0.14
-0.18,0.19,1.07,0.27,0.33,0.12
-0.17,0.19,1.07,0.23,0.37,0.1
-0.18,0.19,1.05,0.2,0.41,0.08
-0.18,0.17,1.07,0.15,0.45,0.08
-0.19,0.17,1.07,0.1,0.5,0.08
-0.21,0.17,1.07,0.06,0.55,0.07
-0.21,0.18,1.08,0.04,0.6,0.07
-0.2,0.16,1.08,0.01,0.65,0.07
-0.21,0.14,1.08,-0.01,0.7,0.08
-0.21,0.11,1.07,-0.02,0.75,0.07
-0.22,0.11,1.06,-0.02,0.8,0.09
-0.21,0.11,1.04,-0.01,0.83,0.09
-0.22,0.11,1.02,0.0,0.87,0.12
-0.21,0.1,1.03,0.02,0.9,0.13
-0.2,0.11,1.05,0.04,0.92,0.14
-0.21,0.11,1.05,0.05,0.94,0.14
-0.21,0.11,1.06,0.06,0.97,0.14
-0.21,0.11,1.06,0.05,0.99,0.13
-0.21,0.11,1.06,0.07,1.02,0.12
-0.22,0.11,1.08,0.05,1.06,0.1
-0.23,0.11,1.09,0.06,1.1,0.09
-0.25,0.11,1.09,0.04,1.13,0.08
-0.25,0.11,1.09,0.05,1.2,0.09
-0.25,0.1,1.1,0.07,1.28,0.1
-0.23,0.09,1.11,0.06,1.36,0.11
-0.22,0.07,1.09,0.05,1.45,0.12
-0.21,0.06,1.08,0.02,1.53,0.13
-0.19,0.06,1.06,0.02,1.57,0.15
-0.17,0.05,1.05,-0.02,1.62,0.18
-0.17,0.05,1.02,-0.06,1.64,0.21
-0.17,0.05,1.01,-0.07,1.65,0.26
-0.19,0.04,1.01,-0.09,1.68,0.31
-0.19,0.03,1.02,-0.09,1.71,0.34
-0.19,0.03,1.02,-0.08,1.74,0.38
-0.23,0.03,1.03,-0.1,1.8,0.42
-0.18,0.01,1.08,-0.09,1.83,0.46
-0.19,-0.0,1.12,-0.12,1.78,0.45
-0.2,0.01,1.09,-0.12,1.9,0.48
-0.15,0.01,1.1,-0.13,1.86,0.48
-0.15,0.01,1.1,-0.16,1.81,0.5
-0.16,0.02,1.08,-0.16,1.81,0.52
-0.18,0.02,1.08,-0.16,1.8,0.57
-0.21,0.01,1.09,-0.14,1.85,0.62
-0.24,0.02,1.11,-0.1,1.93,0.65
-0.25,0.04,1.13,-0.06,2.02,0.68
-0.24,0.03,1.13,-0.0,2.09,0.7
-0.25,0.03,1.13,0.05,2.15,0.71
-0.22,0.02,1.14,0.1,2.19,0.73
-0.21,0.01,1.15,0.13,2.23,0.73
-0.19,-0.01,1.17,0.18,2.25,0.72
-0.16,-0.03,1.17,0.19,2.33,0.68
-0.15,-0.05,1.16,0.23,2.37,0.66
-0.15,-0.07,1.15,0.27,2.41,0.61
-0.15,-0.08,1.12,0.33,2.45,0.58
-0.16,-0.07,1.08,0.4,2.48,0.56
-0.12,-0.08,1.02,0.47,2.52,0.58
-0.07,-0.09,0.87,0.56,2.75,0.6
-0.11,-0.08,0.98,0.63,3.15,0.66
-0.1,-0.07,1.15,0.78,3.25,0.62
-0.13,-0.06,1.19,0.92,3.18,0.55
-0.11,-0.08,1.17,1.04,3.16,0.47
-0.02,-0.1,1.16,1.09,3.21,0.38
0.03,-0.12,1.16,1.1,3.24,0.28
0.06,-0.12,1.1,1.07,3.19,0.17
0.13,-0.14,1.09,1.0,3.21,0.07
0.14,-0.13,1.09,0.92,3.13,-0.06
0.19,-0.14,1.12,0.83,3.04,-0.18
0.15,-0.1,1.11,0.75,2.89,-0.27
0.12,-0.06,1.07,0.65,2.78,-0.34
0.12,-0.05,1.07,0.57,2.68,-0.36
0.11,-0.05,1.03,0.49,2.61,-0.35
0.1,-0.05,1.01,0.39,2.57,-0.3
0.1,-0.08,0.99,0.27,2.53,-0.25
0.05,-0.06,0.92,0.17,2.45,-0.15
0.01,-0.04,0.89,0.04,2.35,-0.02
-0.0,-0.06,0.9,-0.08,2.22,0.13
0.01,-0.13,0.95,-0.17,2.09,0.27
-0.01,-0.21,0.99,-0.27,2.02,0.46
-0.09,-0.23,0.99,-0.34,1.98,0.67
-0.08,-0.23,0.99,-0.42,1.78,0.92
-0.06,-0.21,0.94,-0.47,1.68,1.14
-0.04,-0.2,0.89,-0.57,1.61,1.33
0.0,-0.2,0.92,-0.66,1.6,1.48
0.01,-0.2,0.95,-0.7,1.6,1.56
0.0,-0.2,0.98,-0.74,1.7,1.59
-0.04,-0.2,0.97,-0.74,1.87,1.61
-0.05,-0.16,0.97,-0.75,2.13,1.63
-0.08,-0.14,0.96,-0.73,2.4,1.65
-0.05,-0.11,0.97,-0.69,2.65,1.68
-0.04,-0.06,0.99,-0.63,2.84,1.72
0.01,-0.02,1.03,-0.59,2.98,1.75
0.05,0.03,1.07,-0.53,3.06,1.79
0.08,0.07,1.11,-0.46,3.05,1.8
0.13,0.08,1.13,-0.38,2.98,1.8
0.17,0.09,1.13,-0.32,2.93,1.8
0.19,0.09,1.09,-0.26,2.89,1.79
0.18,0.08,1.05,-0.21,2.86,1.75
0.15,0.07,1.0,-0.2,2.84,1.74
0.1,0.05,0.97,-0.19,2.84,1.72
0.08,0.03,0.93,-0.21,2.83,1.72
0.04,0.01,0.9,-0.2,2.91,1.75
0.01,-0.02,0.91,-0.21,2.98,1.8
0.0,-0.03,0.92,-0.2,2.99,1.84
0.02,-0.04,0.89,-0.21,3.03,1.92
0.03,-0.05,0.9,-0.19,3.11,1.97
0.05,-0.05,0.93,-0.16,3.16,2.02
0.05,-0.05,0.98,-0.08,3.21,2.06
0.06,-0.05,1.0,-0.01,3.26,2.12
0.07,-0.03,1.02,0.07,3.4,2.13
0.08,-0.03,1.01,0.17,3.54,2.15
0.1,-0.03,1.01,0.25,3.76,2.15
0.12,-0.04,1.0,0.34,4.03,2.15
0.16,-0.03,0.94,0.42,4.33,2.14
0.19,-0.03,0.82,0.44,4.34,2.13
0.22,-0.02,0.83,0.44,4.34,2.1
0.27,-0.01,0.86,0.45,4.34,2.05
0.24,-0.01,0.98,0.47,4.34,1.98
0.22,-0.02,1.02,0.5,4.34,1.91
0.23,-0.03,1.03,0.5,4.34,1.86
0.23,-0.04,1.04,0.51,4.34,1.76
0.18,-0.04,1.07,0.49,4.16,1.65
0.21,-0.04,1.1,0.49,3.77,1.53
0.21,-0.02,1.18,0.49,3.33,1.4
0.21,-0.0,1.2,0.51,2.83,1.28
0.26,-0.0,1.22,0.55,2.27,1.16
0.24,0.02,1.18,0.58,1.8,1.04
0.24,0.04,1.14,0.6,1.47,0.95
0.23,0.05,1.11,0.63,1.25,0.86
0.22,0.07,1.09,0.63,1.11,0.79
0.21,0.09,1.08,0.64,1.01,0.72
0.2,0.08,1.05,0.64,0.94,0.65
0.22,0.09,1.01,0.64,0.88,0.58
0.21,0.09,0.98,0.62,0.86,0.51
0.22,0.08,0.96,0.57,0.83,0.45
0.23,0.08,0.96,0.53,0.74,0.39
0.22,0.06,0.95,0.47,0.61,0.34
0.2,0.06,0.91,0.43,0.47,0.28
0.16,0.07,0.89,0.37,0.38,0.23
0.14,0.08,0.88,0.32,0.3,0.19
0.14,0.09,0.87,0.27,0.22,0.16
0.13,0.09,0.84,0.23,0.17,0.12
0.13,0.1,0.83,0.16,0.1,0.08
0.12,0.09,0.83,0.1,0.01,0.04
0.11,0.1,0.83,0.05,-0.08,0.01
0.1,0.11,0.83,0.01,-0.18,-0.03
0.12,0.11,0.84,-0.02,-0.28,-0.08
0.13,0.12,0.87,-0.08,-0.37,-0.14
0.14,0.12,0.88,-0.11,-0.47,-0.19
0.14,0.12,0.89,-0.17,-0.51,-0.25
0.14,0.11,0.91,-0.21,-0.55,-0.3
0.15,0.1,0.91,-0.26,-0.56,-0.34
0.16,0.09,0.94,-0.3,-0.58,-0.38
0.15,0.08,0.96,-0.32,-0.6,-0.43
0.15,0.08,0.98,-0.34,-0.61,-0.46
0.13,0.08,1.0,-0.33,-0.61,-0.48
0.11,0.08,1.01,-0.29,-0.64,-0.49
0.11,0.09,1.02,-0.24,-0.68,-0.48
0.11,0.09,1.03,-0.17,-0.7,-0.49
0.11,0.1,1.03,-0.09,-0.74,-0.49
0.12,0.11,1.0,-0.01,-0.78,-0.53
0.12,0.12,0.97,0.06,-0.84,-0.55
0.11,0.12,0.94,0.1,-0.9,-0.57
0.11,0.12,0.91,0.13,-0.97,-0.58
0.12,0.12,0.89,0.16,-1.04,-0.58
0.12,0.11,0.89,0.18,-1.11,-0.58
0.12,0.1,0.87,0.18,-1.18,-0.56
0.12,0.09,0.88,0.18,-1.26,-0.53
0.12,0.09,0.86,0.17,-1.36,-0.5
0.12,0.1,0.87,0.15,-1.43,-0.44
0.11,0.1,0.87,0.15,-1.49,-0.39
0.11,0.13,0.88,0.13,-1.54,-0.32
0.12,0.16,0.9,0.13,-1.59,-0.26
0.13,0.18,0.92,0.11,-1.6,-0.23
0.15,0.19,0.92,0.1,-1.62,-0.25
0.14,0.2,0.91,0.07,-1.64,-0.27
0.16,0.21,0.91,0.01,-1.6,-0.27
0.16,0.2,0.92,-0.06,-1.58,-0.28
0.13,0.19,0.78,-0.15,-1.49,-0.29
0.41,0.17,1.03,-0.33,-1.42,-0.35
0.29,0.15,1.0,-0.37,-1.43,-0.46
0.35,0.15,0.92,-0.47,-1.35,-0.55
0.21,0.16,0.97,-0.53,-1.2,-0.63
0.16,0.16,1.02,-0.56,-0.96,-0.66
0.14,0.17,0.99,-0.55,-0.7,-0.69
0.11,0.16,1.01,-0.54,-0.5,-0.7
0.11,0.15,1.01,-0.51,-0.38,-0.74
0.13,0.14,0.97,-0.45,-0.3,-0.79
0.12,0.13,1.03,-0.38,-0.28,-0.83
0.14,0.13,1.01,-0.3,-0.24,-0.91
0.12,0.12,1.08,-0.22,-0.29,-0.98
0.12,0.12,1.1,-0.12,-0.53,-1.07
0.11,0.12,1.05,-0.03,-0.8,-1.15
0.08,0.1,1.04,0.02,-1.01,-1.23
0.1,0.11,0.99,0.04,-1.2,-1.32
0.09,0.11,0.95,0.04,-1.34,-1.37
0.09,0.12,0.9,-0.01,-1.51,-1.42
0.09,0.11,0.89,-0.07,-1.66,-1.45
0.11,0.1,0.9,-0.16,-1.74,-1.49
0.15,0.09,0.92,-0.24,-1.69,-1.52
0.15,0.08,0.97,-0.31,-1.53,-1.56
0.19,0.07,0.97,-0.37,-1.37,-1.63
0.2,0.05,1.02,-0.41,-1.21,-1.7
0.23,0.04,1.02,-0.43,-1.07,-1.77
0.25,0.04,1.04,-0.43,-0.92,-1.85
0.28,0.02,1.03,-0.42,-0.77,-1.94
0.24,0.01,1.07,-0.38,-0.6,-2.04
0.23,0.01,1.09,-0.31,-0.4,-2.13
0.17,0.02,1.07,-0.23,-0.2,-2.21
0.17,0.02,1.11,-0.11,-0.06,-2.26
0.16,0.02,1.11,-0.02,0.06,-2.33
0.1,0.04,1.15,0.12,0.05,-2.37
0.06,0.04,1.14,0.24,0.08,-2.41
0.08,0.03,1.13,0.39,0.08,-2.43
0.05,0.03,1.13,0.55,0.18,-2.48
0.02,0.06,1.12,0.66,0.01,-2.48
0.05,0.06,1.05,0.72,-0.3,-2.47
0.06,0.05,1.01,0.8,-0.3,-2.46
0.05,0.05,0.97,0.89,-0.27,-2.46
0.08,0.05,0.93,0.96,-0.35,-2.46
0.08,0.07,0.91,1.03,-0.39,-2.45
0.1,0.05,0.93,1.11,-0.43,-2.44
0.1,0.05,0.98,1.21,-0.43,-2.46
0.1,0.04,1.04,1.32,-0.46,-2.47
0.09,0.07,1.02,1.44,-0.64,-2.5
0.09,0.03,1.06,1.51,-0.82,-2.5
2.24,1.55,-1.43,0.76,0.57,-1.93
0.43,0.11,2.16,-1.12,3.84,-0.59
0.41,0.19,1.43,-0.9,1.92,-0.86
0.12,0.09,1.52,-0.78,0.37,-1.0
0.4,-0.08,1.12,-0.55,-0.21,-1.16
0.32,0.02,0.89,-0.43,-0.34,-1.28
0.16,0.02,1.04,-0.33,-0.35,-1.37
0.18,0.03,1.01,-0.22,-0.55,-1.42
0.16,0.03,1.14,-0.14,-0.85,-1.45
0.22,0.13,1.01,-0.11,-1.19,-1.47
0.11,0.2,0.8,-0.72,-0.23,-1.2
0.17,0.07,0.96,-0.87,-0.35,-1.08
0.14,0.05,0.96,-0.84,-0.84,-1.16
0.11,0.05,1.03,-0.75,-1.34,-1.2
0.12,0.08,1.06,-0.65,-1.56,-1.26
0.09,0.2,1.12,-0.68,-1.41,-1.2
0.0,0.24,1.29,-0.75,-0.94,-1.05
0.01,0.19,1.21,-0.64,-1.04,-1.0
-0.01,0.12,1.03,-0.49,-1.26,-0.97
-0.01,0.1,0.81,-0.48,-1.17,-0.87
-0.02,0.07,0.88,-0.58,-0.94,-0.74
-0.04,0.07,0.98,-0.6,-1.09,-0.65
-0.08,0.09,0.95,-0.59,-1.38,-0.56
-0.1,0.08,0.87,-0.67,-1.51,-0.38
-0.1,0.08,0.86,-0.72,-1.69,-0.24
-0.08,0.07,0.83,-0.77,-1.89,-0.11
-0.05,0.08,0.84,-0.82,-2.09,0.01
-0.02,0.08,0.85,-0.91,-2.29,0.1
-0.03,0.07,0.79,-0.99,-2.46,0.14
-0.02,0.07,0.72,-1.11,-2.63,0.19
-0.01,0.07,0.66,-1.23,-2.75,0.24
-0.02,0.09,0.59,-1.39,-2.87,0.31
-0.03,0.09,0.59,-1.53,-2.96,0.39
-0.0,0.09,0.59,-1.68,-2.98,0.48
-0.01,0.12,0.75,-1.81,-2.76,0.56
0.2,0.2,1.64,-2.1,-1.27,0.78
0.24,-0.15,2.05,-0.78,2.35,0.22
-0.08,-0.01,0.97,-0.55,0.39,0.04
0.09,-0.23,1.71,0.06,1.04,-0.17
0.06,-0.1,0.94,0.35,1.41,-0.32
0.09,-0.16,1.18,0.73,1.94,-0.47
0.01,-0.1,0.85,1.02,2.89,-0.51
-0.31,0.09,0.98,0.69,4.34,-0.01
0.01,0.07,0.73,0.79,3.76,0.07
-0.04,0.09,0.8,0.56,3.69,0.31
-0.04,0.09,0.92,0.35,3.35,0.31
0.02,0.05,0.86,0.17,2.7,0.27
0.02,0.06,0.94,-0.01,1.86,0.23
0.01,0.05,0.95,-0.22,0.99,0.18
0.05,0.07,0.95,-0.42,0.27,0.11
0.09,0.07,1.09,-0.55,-0.04,0.06
0.06,0.07,1.12,-0.55,-0.03,0.03
0.01,-0.0,1.24,-0.48,0.14,0.03
0.05,-0.09,1.4,-0.29,0.67,0.01
-0.05,-0.08,1.23,-0.02,0.83,-0.05
0.03,-0.04,1.1,0.18,1.03,-0.07
0.09,0.01,1.0,0.23,1.32,-0.09
0.02,0.02,1.0,0.23,1.45,-0.07
0.01,0.02,1.05,0.24,1.44,-0.08
-0.02,0.05,1.05,0.24,1.4,-0.08
0.0,0.07,0.88,0.19,1.34,-0.07
0.0,0.09,0.79,0.08,1.24,-0.04
0.01,0.08,0.75,-0.04,1.12,-0.03
-0.01,0.08,0.83,-0.16,1.03,-0.01
-0.01,0.07,0.89,-0.23,0.99,0.01
-0.02,0.07,0.95,-0.26,1.08,0.05
-0.01,0.04,0.99,-0.25,1.22,0.08
-0.01,0.01,1.05,-0.18,1.47,0.11
0.01,-0.01,1.03,-0.05,1.84,0.12
0.02,-0.01,0.89,0.05,2.3,0.13
0.03,-0.01,0.84,0.13,2.83,0.15
0.08,-0.01,0.71,0.17,3.49,0.18
0.15,-0.03,0.64,0.2,4.19,0.2
0.19,-0.04,0.62,0.21,4.34,0.21
0.15,-0.01,0.51,0.13,4.34,0.24
0.19,0.01,0.45,-0.02,4.34,0.2
0.26,0.16,0.21,-0.34,4.34,0.17
-0.45,0.33,1.94,-0.27,-1.58,0.09
-0.53,-0.2,1.69,-0.63,-1.35,-0.4
0.23,-0.19,0.85,-0.15,-1.6,-0.43
-0.36,-0.1,1.95,0.95,0.21,-0.33
-0.09,-0.04,0.78,1.11,-0.09,-0.43
-0.27,0.0,0.38,0.22,3.49,-0.13
0.03,0.08,0.89,-0.13,-0.62,-0.37
-0.24,0.0,1.28,-0.27,-1.24,-0.43
0.05,0.03,0.98,0.06,-0.08,-0.31
-0.1,0.06,0.93,0.07,0.48,-0.24
-0.14,0.08,1.03,-0.02,0.0,-0.19
-0.14,0.06,0.97,-0.03,-0.09,-0.14
-0.11,0.11,1.02,-0.01,0.09,-0.07
-0.13,0.1,0.97,-0.03,-0.05,-0.03
-0.02,0.03,1.02,-0.03,-0.03,0.01
-0.03,0.04,0.97,-0.02,-0.02,0.01
-0.02,0.04,1.02,-0.03,-0.01,0.0
-0.02,0.04,1.01,-0.02,0.0,-0.0
-0.03,0.04,1.0,-0.01,0.03,0.0
-0.02,0.04,1.0,-0.02,0.01,0.0
-0.02,0.04,1.0,-0.02,0.02,-0.01
-0.02,0.04,1.01,-0.01,0.01,0.0
-0.02,0.03,0.99,-0.02,-0.0,0.0
-0.03,0.04,1.01,-0.02,-0.0,-0.0
-0.02,0.04,0.99,-0.02,0.0,0.0
-0.02,0.04,1.0,-0.02,-0.01,0.01
-0.02,0.04,1.0,-0.04,0.0,0.01
-0.02,0.04,0.99,-0.02,-0.0,0.0
-0.02,0.03,1.01,-0.01,0.01,-0.0
-0.02,0.04,1.0,-0.02,0.0,0.0
-0.02,0.04,1.0,-0.02,0.01,0.0
-0.02,0.04,1.0,-0.03,0.01,-0.0
-0.02,0.04,1.01,-0.02,0.0,-0.0
-0.02,0.04,1.0,-0.03,0.0,-0.01
-0.02,0.04,1.0,-0.02,0.0,-0.01
-0.03,0.04,1.0,-0.01,0.01,0.0
-0.02,0.03,0.99,-0.01,0.0,-0.0
-0.02,0.04,0.99,-0.01,-0.0,0.01
-0.02,0.04,1.0,-0.02,0.01,0.0
-0.02,0.04,1.0,-0.02,0.0,-0.0
-0.02,0.04,1.0,-0.01,0.0,-0.0
-0.02,0.03,1.0,-0.01,0.01,-0.0
-0.02,0.04,1.0,-0.01,0.0,-0.0
-0.02,0.04,1.0,-0.02,-0.0,0.0
-0.02,0.04,1.0,-0.01,0.0,-0.0
-0.02,0.03,0.99,-0.01,-0.01,0.01
-0.02,0.04,1.0,-0.03,-0.0,0.0
-0.02,0.03,1.0,-0.01,-0.0,-0.0
-0.02,0.04,1.0,-0.01,0.0,0.0
-0.02,0.04,1.0,-0.01,0.01,-0.0
-0.02,0.04,1.0,-0.01,0.0,-0.01
-0.02,0.04,1.0,-0.02,-0.0,-0.0
-0.02,0.04,1.0,-0.02,0.01,0.0
-0.02,0.04,1.01,-0.03,0.0,0.0
-0.02,0.04,1.01,-0.03,0.01,-0.0
-0.02,0.04,1.0,-0.03,0.01,-0.0
-0.02,0.04,1.0,-0.02,0.01,-0.0
-0.02,0.04,1.0,-0.02,0.0,-0.01
-0.02,0.04,1.01,-0.02,0.0,0.0
-0.02,0.04,1.0,-0.02,-0.0,0.0
-0.02,0.03,1.0,-0.03,0.0,-0.0
-0.02,0.04,1.0,-0.02,0.01,0.0
-0.02,0.04,0.98,-0.01,0.01,-0.0
-0.02,0.03,0.99,-0.01,-0.0,-0.0
-0.01,0.04,1.0,-0.01,0.01,-0.01
-0.02,0.04,1.0,-0.02,0.0,0.0
-0.02,0.04,1.0,-0.02,0.0,0.0
-0.02,0.04,1.01,-0.01,-0.0,0.01
-0.02,0.04,1.0,-0.03,0.01,0.0
-0.02,0.04,1.0,-0.02,0.0,0.0
-0.02,0.03,1.0,-0.02,0.01,0.0
-0.02,0.04,1.0,-0.02,-0.0,0.01
-0.02,0.03,0.99,-0.02,-0.0,-0.0
-0.01,0.04,1.0,-0.03,0.01,-0.0
-0.02,0.04,1.0,-0.02,0.01,-0.0
-0.02,0.04,1.0,-0.03,0.01,0.0
-0.02,0.05,1.0,-0.02,0.0,0.0
-0.01,0.04,1.0,-0.03,-0.0,0.0
-0.02,0.05,1.0,-0.01,0.01,-0.0
-0.02,0.04,1.0,-0.02,-0.0,-0.0
-0.02,0.04,1.01,-0.02,0.0,-0.01
-0.02,0.04,1.0,-0.02,0.0,-0.01
-0.02,0.03,1.0,-0.01,0.0,-0.0
-0.02,0.04,1.0,-0.01,-0.0,0.01
-0.01,0.04,1.0,-0.02,0.01,0.0
-0.02,0.04,1.0,-0.01,-0.0,0.01
-0.02,0.04,1.0,-0.02,0.01,-0.0
-0.02,0.04,1.0,-0.02,-0.01,0.0
-0.02,0.04,1.0,-0.01,0.0,-0.01
-0.02,0.04,1.0,-0.02,0.0,-0.0
-0.01,0.04,1.0,-0.01,0.0,-0.01
-0.01,0.04,1.0,-0.01,-0.0,0.01
-0.01,0.03,1.0,-0.02,0.0,0.0
-0.02,0.04,1.0,-0.01,0.0,0.0
-0.01,0.03,1.0,-0.02,0.01,-0.0
-0.02,0.03,1.0,-0.01,0.0,0.0
-0.02,0.04,1.0,-0.03,0.0,0.0
-0.02,0.04,1.0,-0.02,0.0,-0.0
-0.02,0.04,0.99,-0.02,0.01,-0.0
-0.02,0.04,1.0,-0.01,-0.0,0.0
-0.02,0.04,1.0,-0.02,0.0,-0.0
-0.02,0.04,1.0,-0.02,0.0,0.0
-0.02,0.04,1.0,-0.02,0.0,0.0
-0.01,0.04,1.0,-0.02,0.0,-0.0
-0.02,0.04,1.01,-0.03,0.01,0.0
-0.02,0.04,1.0,-0.01,-0.01,0.01
-0.01,0.04,1.0,-0.03,-0.01,0.0
-0.01,0.04,1.0,-0.02,0.0,0.01
-0.01,0.04,1.0,-0.02,0.01,-0.01
-0.01,0.04,1.0,-0.02,0.0,0.01
-0.01,0.04,0.99,-0.03,0.01,0.0
-0.02,0.04,1.0,-0.02,0.0,-0.0
-0.01,0.04,1.01,-0.01,0.0,-0.01
-0.02,0.04,0.99,-0.01,0.0,-0.0
-0.01,0.04,1.0,-0.03,0.01,-0.0
-0.0,0.03,0.99,-0.02,0.01,0.0
-0.02,0.03,1.0,-0.02,0.01,-0.0
-0.01,0.03,1.0,-0.03,0.0,0.0
-0.01,0.04,1.0,-0.01,0.01,-0.0
-0.02,0.04,1.0,-0.02,-0.0,0.0
-0.01,0.04,1.0,-0.02,-0.0,0.0
-0.01,0.04,1.0,-0.01,0.01,-0.01
-0.01,0.04,1.01,-0.02,0.01,0.0
-0.01,0.04,1.01,-0.02,0.0,0.01
-0.02,0.04,1.0,-0.02,0.0,0.0
-0.02,0.04,1.0,-0.01,-0.01,0.0
-0.02,0.04,1.0,-0.01,0.0,-0.0
-0.01,0.04,1.0,-0.01,-0.0,-0.0
-0.02,0.04,1.0,-0.02,0.0,-0.01
-0.01,0.04,1.0,-0.02,0.0,0.0
-0.02,0.04,1.0,-0.01,-0.0,-0.0
-0.01,0.04,1.0,-0.02,-0.0,0.01
-0.01,0.04,1.0,-0.02,0.01,-0.0
-0.01,0.04,1.0,-0.02,0.0,0.0
-0.01,0.04,1.0,-0.01,0.01,-0.0
-0.01,0.04,1.0,-0.01,0.01,-0.01
-0.01,0.04,1.0,-0.01,0.0,-0.0
-0.01,0.04,1.0,-0.03,0.01,-0.0
-0.01,0.04,1.0,-0.02,0.01,-0.0
-0.01,0.04,1.0,-0.02,0.0,0.01
-0.01,0.04,1.0,-0.02,0.01,-0.0
-0.01,0.04,1.0,-0.02,0.0,0.01
-0.02,0.04,1.0,-0.03,0.01,-0.0
-0.01,0.04,1.0,-0.03,0.0,0.0
-0.02,0.04,1.0,-0.01,-0.0,-0.0
-0.01,0.04,1.0,-0.02,-0.01,0.0
-0.02,0.04,1.0,-0.01,-0.0,-0.0
-0.01,0.04,1.0,-0.01,-0.0,-0.0
-0.01,0.04,1.0,-0.01,0.0,-0.01
-0.01,0.04,1.01,-0.02,0.01,-0.0
-0.01,0.04,1.0,-0.02,0.0,-0.0
-0.01,0.04,1.0,-0.02,-0.0,-0.0
-0.01,0.04,1.0,-0.01,-0.0,0.0
-0.01,0.04,1.0,-0.03,0.01,-0.0
-0.02,0.04,1.0,-0.02,0.01,0.0
-0.01,0.04,1.0,-0.02,0.01,-0.0
-0.01,0.03,1.02,-0.02,0.0,0.01
-0.01,0.04,1.0,-0.02,-0.0,0.0
-0.02,0.04,1.0,-0.02,0.0,0.0
-0.01,0.04,1.0,-0.02,-0.01,-0.0
-0.01,0.04,1.0,-0.02,-0.0,-0.0
-0.0,0.04,1.01,-0.03,0.01,0.0
-0.01,0.04,1.0,-0.02,0.01,0.0
-0.01,0.03,0.99,-0.02,-0.0,0.0
-0.01,0.04,0.99,-0.01,0.01,-0.0
-0.01,0.04,1.0,-0.01,-0.0,0.01
-0.01,0.04,0.99,-0.02,-0.0,0.01
-0.01,0.04,1.0,-0.02,0.0,-0.0
-0.01,0.04,1.0,-0.01,-0.0,-0.0
-0.01,0.04,1.0,-0.01,0.01,-0.01
-0.01,0.04,1.0,-0.02,0.0,0.0
-0.01,0.04,1.0,-0.02,0.01,0.0
-0.01,0.04,1.0,-0.02,0.01,-0.0
-0.01,0.04,1.0,-0.01,-0.0,0.0
-0.01,0.04,1.0,-0.02,0.01,-0.0
-0.01,0.04,1.0,-0.02,0.01,-0.0
-0.01,0.04,1.0,-0.01,0.0,-0.0
-0.01,0.04,1.0,-0.01,0.01,0.0
-0.01,0.04,1.0,-0.02,-0.0,0.01
-0.01,0.04,1.0,-0.02,0.01,0.0
-0.01,0.04,1.0,-0.02,0.0,-0.0
-0.01,0.04,1.0,-0.02,0.0,0.0
-0.01,0.04,1.0,-0.02,0.0,0.0
-0.01,0.04,1.0,-0.01,0.0,-0.0
-0.01,0.04,1.0,-0.01,-0.0,0.0
-0.01,0.04,1.0,-0.01,-0.01,-0.0
-0.01,0.04,1.0,-0.02,-0.0,0.01
-0.01,0.04,0.99,-0.02,0.0,0.0
-0.01,0.04,1.0,-0.02,-0.0,-0.0
-0.01,0.04,0.99,-0.02,0.0,-0.0
-0.01,0.03,1.0,-0.02,0.01,-0.0
-0.01,0.04,1.0,-0.01,0.0,0.0
-0.01,0.04,1.0,-0.01,-0.0,0.01
-0.01,0.04,1.0,-0.02,0.01,0.0
-0.01,0.04,1.0,-0.02,0.01,0.0
-0.01,0.04,1.0,-0.02,0.02,-0.01
-0.01,0.04,1.01,-0.02,0.0,0.0
-0.01,0.04,1.0,-0.03,0.0,0.0
-0.01,0.04,1.0,-0.02,0.01,-0.01
-0.01,0.03,1.0,-0.01,-0.0,-0.0
-0.01,0.04,1.0,-0.01,-0.0,0.0
-0.01,0.04,1.01,-0.02,0.01,0.0
-0.01,0.04,1.01,-0.02,0.0,0.0
-0.01,0.04,1.0,-0.02,0.0,-0.0
-0.01,0.04,1.0,-0.01,-0.0,0.0
-0.01,0.04,1.0,-0.02,-0.0,0.01
-0.01,0.05,1.0,-0.02,0.0,0.0
-0.0,0.04,1.01,-0.03,0.01,-0.01
0.0,0.04,1.01,-0.02,-0.0,0.0
-0.01,0.04,0.99,-0.03,0.0,0.0
-0.01,0.04,1.01,-0.01,-0.0,0.0
-0.01,0.04,1.0,-0.02,0.01,0.0
-0.01,0.04,1.0,-0.02,-0.0,-0.0
-0.01,0.04,1.0,-0.03,0.01,0.0
-0.01,0.04,1.0,-0.01,0.01,-0.0
-0.0,0.04,1.0,-0.02,0.01,-0.01
-0.01,0.04,0.99,-0.02,0.01,-0.0
-0.01,0.04,1.0,-0.02,0.01,-0.0
-0.0,0.04,1.0,-0.01,0.0,0.0
-0.0,0.04,1.0,-0.02,0.01,-0.0
-0.01,0.04,1.0,-0.02,0.0,-0.0
-0.01,0.04,1.0,-0.01,0.01,-0.01
-0.01,0.04,1.0,-0.02,0.01,-0.0
-0.01,0.04,1.0,-0.02,0.0,-0.01
-0.01,0.04,1.0,-0.01,0.0,-0.0
-0.0,0.04,0.99,-0.01,-0.0,0.0
-0.01,0.04,1.0,-0.01,0.0,0.0
-0.01,0.04,1.0,-0.05,-0.02,0.02
-0.01,0.04,1.0,-0.03,-0.01,0.01
-0.01,0.04,1.0,-0.02,-0.0,-0.0
-0.01,0.04,1.0,-0.01,0.01,-0.0
-0.01,0.04,1.0,-0.01,0.01,-0.0
-0.01,0.04,1.0,-0.02,-0.0,0.0
-0.01,0.04,1.0,-0.02,0.01,-0.01
-0.01,0.04,1.0,-0.02,0.0,-0.0
-0.01,0.04,1.0,-0.01,0.0,-0.0
-0.01,0.04,1.0,-0.02,0.0,0.01
-0.01,0.04,1.0,-0.02,0.0,-0.0
-0.0,0.03,1.0,-0.01,0.01,-0.0
-0.0,0.04,1.0,-0.01,-0.0,-0.0
-0.01,0.04,1.0,-0.01,-0.0,0.0
-0.0,0.04,1.0,-0.02,0.01,0.0
-0.0,0.04,1.01,-0.02,0.01,0.0
-0.0,0.04,1.0,-0.01,0.01,0.01
-0.01,0.04,1.0,-0.03,-0.0,-0.0
-0.01,0.04,1.0,-0.02,0.0,0.01
-0.0,0.04,1.0,-0.03,0.0,-0.0
-0.01,0.04,1.0,-0.01,0.0,-0.0
-0.01,0.04,1.0,-0.02,-0.01,0.0
-0.01,0.04,0.99,-0.02,0.0,0.0
-0.01,0.04,1.01,-0.03,0.0,-0.0
-0.0,0.05,1.0,-0.03,0.01,0.0
-0.0,0.04,1.01,-0.03,0.0,0.0
-0.0,0.04,1.0,-0.02,0.01,-0.0
-0.0,0.04,1.0,-0.01,0.0,-0.0
-0.0,0.04,1.0,-0.01,0.01,-0.01
0.0,0.04,1.0,-0.02,0.0,-0.0
-0.0,0.04,1.01,-0.01,0.01,-0.0
-0.0,0.04,1.01,-0.02,0.0,0.01
-0.0,0.04,1.0,-0.03,0.01,-0.0
-0.0,0.04,1.0,-0.02,-0.0,0.0
-0.0,0.04,1.0,-0.01,0.0,-0.01
-0.01,0.04,1.0,-0.01,0.01,-0.0
-0.0,0.04,1.0,-0.02,0.0,-0.0
-0.01,0.04,0.99,-0.01,-0.01,0.01
-0.01,0.04,1.0,-0.02,0.01,0.01
-0.0,0.04,1.0,-0.03,-0.0,0.0
-0.0,0.04,1.0,-0.02,0.01,-0.01
-0.0,0.04,1.0,-0.02,0.0,-0.0
-0.01,0.04,1.0,-0.01,0.01,-0.01
-0.0,0.04,1.01,-0.02,0.01,0.0
-0.01,0.04,1.0,-0.01,0.01,0.0
-0.0,0.04,1.0,-0.02,-0.0,0.0
0.0,0.04,1.0,-0.01,0.0,0.0
-0.0,0.04,1.01,-0.02,0.0,0.0
-0.0,0.04,1.0,-0.04,0.02,-0.0
-0.0,0.04,1.0,-0.02,0.0,0.0
-0.0,0.04,1.0,-0.01,0.0,-0.0
-0.01,0.04,1.0,-0.02,0.01,-0.0
-0.01,0.04,1.0,-0.02,0.01,-0.01
-0.0,0.04,1.0,-0.02,-0.0,0.01
-0.01,0.04,1.0,-0.03,0.01,-0.01
-0.01,0.04,1.0,-0.02,0.0,0.0
-0.0,0.04,1.0,-0.02,0.01,-0.0
-0.01,0.04,1.0,-0.02,-0.0,-0.0
-0.0,0.04,1.0,-0.02,-0.0,-0.0
-0.0,0.04,1.0,-0.02,-0.0,-0.01
0.0,0.04,1.0,-0.01,0.01,0.0
-0.01,0.04,1.0,-0.02,0.0,0.0
-0.0,0.04,0.99,-0.01,0.0,-0.0
-0.0,0.04,1.01,-0.02,0.0,-0.0
-0.0,0.04,1.0,-0.02,0.01,0.0
-0.01,0.04,1.0,-0.02,-0.0,0.01
-0.0,0.04,1.0,-0.02,0.0,-0.0
-0.0,0.04,1.0,-0.01,0.01,-0.0
-0.0,0.04,1.0,-0.02,0.0,-0.0
-0.01,0.03,0.99,-0.01,0.01,-0.0
-0.0,0.04,1.0,-0.02,0.0,0.0
-0.0,0.03,1.0,-0.02,0.01,-0.0
0.0,0.04,1.0,-0.02,0.01,-0.0
0.0,0.04,1.0,-0.02,-0.0,0.0
-0.0,0.04,1.01,-0.02,0.0,-0.01
0.0,0.04,1.0,-0.03,0.01,0.0
0.0,0.04,1.01,-0.02,0.0,0.01
-0.0,0.04,1.0,-0.03,0.0,0.01
-0.0,0.04,1.01,-0.03,0.01,-0.0
-0.0,0.04,1.0,-0.02,0.0,0.01
-0.01,0.04,1.0,-0.03,0.02,0.0
-0.0,0.04,1.0,-0.02,-0.0,-0.0
-0.0,0.04,1.0,-0.01,0.0,-0.0
0.0,0.04,1.0,-0.01,0.01,-0.01
-0.0,0.04,1.0,-0.01,-0.0,-0.0
-0.0,0.04,1.0,-0.02,0.0,0.0
-0.0,0.04,1.01,-0.03,0.01,-0.0
-0.0,0.04,1.0,-0.02,0.01,-0.0
-0.0,0.04,1.0,-0.02,-0.0,-0.0
-0.0,0.04,1.0,-0.03,0.0,0.01
-0.0,0.04,1.0,-0.02,0.01,-0.01
-0.0,0.04,1.0,-0.02,0.01,-0.01
0.0,0.04,1.0,-0.02,0.0,0.0
0.0,0.04,1.0,-0.01,0.01,0.0
0.0,0.04,1.0,-0.02,-0.0,0.0
-0.0,0.04,1.0,-0.01,0.0,-0.0
-0.0,0.04,1.0,-0.02,0.01,0.0
-0.0,0.04,1.0,-0.01,-0.0,0.0
-0.0,0.04,1.01,-0.02,0.0,-0.0
-0.0,0.04,1.01,-0.02,0.0,-0.01
-0.0,0.04,1.0,-0.02,0.0,0.0
0.0,0.04,0.99,-0.02,-0.0,0.01
-0.0,0.04,1.0,-0.02,0.01,-0.0
-0.0,0.04,1.0,-0.02,0.0,0.0
0.0,0.04,1.0,-0.02,0.01,0.0
0.0,0.04,1.0,-0.02,0.0,0.0
-0.0,0.04,1.0,-0.01,-0.0,0.0
0.0,0.04,1.0,-0.02,0.01,-0.01
-0.0,0.04,1.0,-0.01,0.0,-0.0
-0.0,0.04,1.0,-0.03,0.01,-0.0
0.0,0.04,1.0,-0.01,0.0,0.0
-0.0,0.04,1.0,-0.01,0.0,0.0
-0.0,0.05,1.0,-0.02,0.01,0.0
0.0,0.04,1.0,-0.02,-0.0,0.0
-0.0,0.05,1.0,-0.01,0.0,-0.0
-0.0,0.04,1.0,-0.02,0.01,-0.01
-0.0,0.04,1.0,-0.02,0.0,0.0
0.0,0.04,1.0,-0.02,0.01,0.0
0.0,0.04,0.99,-0.02,0.0,0.01
0.0,0.04,1.0,-0.03,-0.0,0.0
-0.0,0.03,1.0,-0.03,0.01,-0.0
-0.0,0.04,1.01,-0.02,0.01,-0.01
0.0,0.04,1.0,-0.02,0.0,-0.0
0.0,0.05,1.01,-0.02,0.01,0.0
0.0,0.04,1.0,-0.03,0.0,0.01
0.0,0.04,1.01,-0.04,0.0,0.0
-0.0,0.04,1.0,-0.02,0.0,-0.0
0.0,0.04,1.0,-0.03,0.01,-0.0
0.0,0.04,1.0,-0.02,0.0,-0.01
-0.0,0.04,1.0,-0.02,0.01,-0.01
-0.0,0.04,1.0,-0.02,0.0,-0.0
-0.0,0.03,1.0,-0.02,0.01,-0.0
0.0,0.04,1.0,-0.03,0.0,0.0
-0.0,0.04,1.0,-0.02,0.01,0.0
0.0,0.04,1.0,-0.02,-0.0,0.0
0.01,0.04,1.0,-0.02,0.0,0.0
0.01,0.04,1.0,-0.03,0.01,-0.0
0.0,0.04,1.0,-0.02,0.01,0.0
0.0,0.04,1.0,-0.02,-0.0,0.0
0.0,0.04,1.0,-0.02,0.0,-0.0
0.0,0.04,1.0,-0.01,0.0,0.0
0.01,0.04,1.0,-0.02,0.01,-0.0
-0.0,0.04,1.0,-0.02,0.0,-0.0
0.01,0.05,1.0,-0.02,0.0,-0.0
0.01,0.05,1.0,-0.03,0.01,0.0
0.0,0.04,1.0,-0.03,0.01,-0.01
0.0,0.04,1.01,-0.02,-0.0,0.0
0.01,0.04,1.01,-0.02,0.0,-0.01
0.0,0.04,0.99,-0.01,-0.01,0.01
0.01,0.05,1.0,-0.02,-0.0,0.0
0.0,0.04,1.0,-0.02,-0.01,0.0
0.0,0.04,1.01,-0.01,-0.0,-0.01
0.0,0.04,1.0,-0.03,0.01,-0.0
-0.0,0.03,1.0,-0.01,0.01,-0.01
0.01,0.04,1.0,-0.02,-0.0,0.0
0.0,0.04,1.0,-0.01,0.0,0.0
0.0,0.04,1.0,-0.02,0.0,0.0
0.0,0.05,1.0,-0.01,0.01,-0.0
0.01,0.04,1.0,-0.02,0.0,0.01
0.0,0.04,0.99,-0.02,0.01,-0.0
0.01,0.04,1.0,-0.02,0.0,-0.0
0.0,0.05,0.99,-0.01,0.0,-0.0
0.0,0.04,1.0,-0.02,-0.0,0.0
0.01,0.03,1.0,-0.03,0.01,-0.0
0.0,0.04,1.01,-0.02,0.0,0.0
0.0,0.04,1.01,-0.03,0.01,-0.0
-0.0,0.04,0.99,-0.03,-0.0,0.01
0.01,0.04,1.0,-0.02,0.01,0.0
0.01,0.05,1.0,-0.01,-0.0,-0.01
0.0,0.04,1.0,-0.02,0.0,-0.0
0.0,0.04,1.0,-0.02,-0.0,0.0
-0.0,0.05,1.01,-0.02,0.01,0.0
0.01,0.04,1.0,-0.02,0.0,-0.0
0.0,0.04,1.0,-0.01,0.0,0.0
0.0,0.04,1.01,-0.01,-0.0,0.0
0.01,0.04,1.0,-0.03,0.01,0.01
0.01,0.04,1.0,-0.02,0.0,-0.0
0.0,0.04,1.0,-0.01,0.0,-0.0
0.01,0.04,0.99,-0.02,0.0,-0.0
0.01,0.04,1.0,-0.03,0.01,-0.01
0.01,0.04,1.0,-0.02,0.0,-0.0
0.01,0.04,1.0,-0.02,0.0,0.0
0.01,0.04,1.0,-0.02,0.0,0.0
0.01,0.04,1.0,-0.03,0.01,-0.0
0.0,0.04,1.0,-0.02,0.01,-0.0
0.0,0.04,1.0,-0.01,0.01,0.0
0.0,0.04,1.01,-0.02,-0.0,0.01
0.0,0.03,1.0,-0.02,0.0,-0.0
0.0,0.04,1.0,-0.02,-0.01,0.0
0.01,0.04,1.0,-0.02,0.01,0.0
0.0,0.04,1.0,-0.01,0.0,-0.0
0.0,0.04,1.0,-0.02,0.01,-0.01
0.01,0.04,1.0,-0.02,0.01,0.0
0.01,0.04,1.0,-0.02,0.0,-0.0
0.0,0.04,1.0,-0.02,-0.01,0.0
0.0,0.05,1.0,-0.01,0.01,-0.0
0.01,0.04,1.0,-0.02,0.01,0.0
0.01,0.04,1.0,-0.02,0.02,-0.01
0.0,0.04,1.0,-0.03,0.0,0.01
0.0,0.04,1.0,-0.03,0.01,-0.0
0.0,0.04,1.0,-0.02,0.01,-0.0
