accelX,accelY,accelZ,gyroX,gyroY,gyroZ
0.05,0.02,1.0,-0.01,-0.0,0.01
0.06,0.03,1.0,-0.01,-0.0,-0.01
0.05,0.02,1.0,-0.02,0.01,-0.0
0.06,0.02,1.0,-0.01,0.0,-0.0
0.06,0.02,1.0,-0.02,-0.0,0.01
0.05,0.02,1.0,-0.02,0.0,0.01
0.05,0.02,1.0,-0.02,0.0,0.0
0.05,0.02,1.0,-0.02,0.01,-0.0
0.06,0.02,1.0,-0.02,0.01,0.0
0.05,0.01,0.99,-0.02,0.01,0.0
0.06,0.01,1.0,-0.01,0.01,-0.0
0.05,0.02,1.0,-0.01,0.0,0.0
0.05,0.02,1.0,-0.01,-0.0,0.01
0.06,0.02,1.0,-0.02,0.0,0.0
0.05,0.02,1.0,-0.02,0.01,-0.0
0.05,0.02,1.0,-0.02,0.01,-0.0
0.05,0.02,1.0,-0.01,0.0,0.0
0.05,0.02,1.0,-0.0,0.0,-0.01
0.05,0.02,1.0,-0.01,-0.01,-0.0
0.05,0.02,1.0,-0.02,0.0,-0.01
0.05,0.02,0.99,-0.02,-0.0,0.01
0.06,0.02,1.0,-0.02,0.01,-0.0
0.05,0.02,1.0,-0.03,0.01,-0.0
0.05,0.02,1.0,-0.02,0.0,0.0
0.06,0.02,1.0,-0.02,-0.0,0.0
0.05,0.02,1.0,-0.01,0.01,-0.01
0.05,0.02,1.0,-0.02,0.01,0.0
0.05,0.02,1.0,-0.01,0.0,-0.0
0.05,0.02,1.0,-0.03,0.01,-0.0
0.05,0.02,1.0,-0.02,0.0,-0.0
0.05,0.02,1.0,-0.02,0.0,0.01
0.06,0.02,0.99,-0.02,0.02,0.0
0.06,0.02,1.0,-0.02,-0.01,-0.0
0.05,0.02,1.0,-0.01,0.0,-0.01
0.05,0.02,1.0,-0.03,0.01,-0.0
0.05,0.02,1.0,-0.02,0.01,0.0
0.06,0.01,1.0,-0.02,-0.0,0.0
0.06,0.01,0.98,-0.02,0.01,-0.0
0.05,0.02,1.0,-0.02,-0.01,0.01
0.05,0.02,1.0,-0.02,0.01,-0.0
0.05,0.02,1.0,-0.02,-0.0,-0.0
0.05,0.02,1.0,-0.02,0.01,-0.01
0.05,0.02,1.0,-0.02,0.01,-0.01
0.05,0.02,1.0,-0.02,0.01,-0.01
0.04,0.01,0.99,-0.03,0.0,0.0
0.06,0.02,1.01,-0.02,0.01,-0.01
0.05,0.02,1.0,-0.02,0.0,0.0
0.06,0.02,1.0,-0.02,0.01,0.0
0.06,0.02,1.0,-0.03,0.01,0.0
0.05,0.02,1.0,-0.02,0.02,-0.01
0.05,0.02,1.0,-0.02,0.01,0.0
0.06,0.02,1.01,-0.01,0.0,-0.01
0.06,0.02,1.01,-0.03,-0.0,-0.0
0.05,0.01,0.99,-0.02,0.01,-0.0
0.05,0.02,1.0,-0.02,0.0,0.0
0.05,0.01,0.99,-0.01,0.01,-0.0
0.05,0.01,0.99,-0.01,-0.0,-0.0
0.05,0.02,1.0,-0.01,0.01,-0.01
0.06,0.01,0.99,-0.01,-0.0,-0.01
0.05,0.02,1.0,-0.01,-0.01,-0.0
0.06,0.02,0.99,-0.01,-0.01,0.0
0.05,0.02,1.0,-0.03,0.0,-0.01
0.05,0.02,1.0,-0.01,-0.0,0.01
0.05,0.02,1.01,-0.02,0.01,-0.0
0.05,0.02,1.0,-0.01,0.0,-0.0
0.05,0.02,0.99,-0.01,0.0,-0.01
0.05,0.02,0.99,-0.01,0.0,-0.01
0.05,0.01,1.0,-0.01,0.0,0.0
0.05,0.02,1.0,-0.03,0.02,-0.0
0.05,0.02,1.0,-0.02,0.01,0.0
0.05,0.02,1.0,-0.01,0.0,0.0
0.05,0.02,1.0,-0.03,0.01,-0.0
0.05,0.02,1.0,-0.03,-0.0,-0.0
0.05,0.02,1.0,-0.01,0.0,-0.01
0.05,0.02,1.0,-0.02,0.01,-0.01
0.05,0.02,1.0,-0.01,0.0,0.0
0.06,0.02,1.0,-0.02,-0.01,0.01
0.05,0.02,1.0,-0.03,0.01,-0.0
0.05,0.02,1.0,-0.02,-0.0,0.01
0.05,0.02,1.0,-0.02,0.0,0.0
0.05,0.02,1.01,-0.02,0.0,0.0
0.05,0.02,1.01,-0.01,0.0,0.0
0.05,0.02,1.0,-0.02,0.01,0.0
0.06,0.01,1.0,-0.03,0.01,0.0
0.05,0.02,1.0,-0.02,-0.01,0.0
0.05,0.02,1.0,-0.03,0.01,0.0
0.06,0.02,1.0,-0.02,0.01,-0.0
0.05,0.02,0.99,-0.03,0.01,-0.0
0.05,0.01,1.0,-0.03,0.01,0.01
0.05,0.01,1.01,-0.03,0.02,-0.0
0.05,0.02,0.99,-0.02,0.01,-0.0
0.05,0.02,1.0,-0.01,-0.0,0.0
0.06,0.02,1.0,-0.02,-0.0,0.0
0.06,0.02,1.01,-0.02,0.01,0.0
0.06,0.02,0.99,-0.02,0.01,0.0
0.05,0.02,1.0,-0.02,0.01,0.0
0.05,0.02,1.0,-0.02,-0.01,0.0
0.05,0.03,1.0,-0.01,0.01,-0.01
0.05,0.01,1.0,-0.01,-0.01,0.0
0.05,0.02,1.01,-0.02,0.01,-0.01
0.05,0.02,0.99,-0.03,-0.01,0.0
0.06,0.01,0.99,-0.02,0.01,-0.01
0.05,0.02,1.0,-0.02,0.01,0.0
0.05,0.01,1.0,-0.01,0.01,-0.01
0.06,0.02,1.0,-0.02,-0.0,-0.0
0.05,0.01,1.0,-0.02,0.01,-0.01
0.05,0.02,1.0,-0.02,0.01,-0.0
0.05,0.02,1.0,-0.01,0.0,0.0
0.05,0.01,1.0,-0.03,0.01,-0.0
0.05,0.02,1.0,-0.02,0.01,-0.0
0.05,0.02,1.0,-0.02,0.01,-0.0
0.06,0.02,1.0,-0.02,0.01,-0.0
0.05,0.02,1.0,-0.03,-0.0,0.0
0.05,0.02,1.0,-0.02,0.01,-0.01
0.05,0.02,1.0,-0.02,0.01,-0.0
0.05,0.02,1.0,-0.01,0.01,-0.0
0.05,0.02,1.0,-0.01,-0.0,0.01
0.05,0.02,1.0,-0.02,0.01,-0.0
0.06,0.02,1.0,-0.01,-0.01,0.01
0.05,0.02,1.0,-0.02,0.01,0.0
0.05,0.02,1.0,-0.01,-0.0,-0.0
0.06,0.02,0.99,-0.01,0.0,-0.0
0.05,0.02,1.0,-0.03,0.01,0.0
0.06,0.02,1.0,-0.01,0.0,-0.0
0.05,0.02,1.0,-0.01,-0.01,0.01
0.05,0.02,0.99,-0.01,0.0,0.0
0.06,0.01,1.0,-0.02,0.01,0.0
0.05,0.02,0.99,-0.02,0.01,0.0
0.05,0.02,1.0,-0.02,0.0,0.0
0.05,0.02,1.0,-0.02,0.01,-0.0
0.05,0.02,1.0,-0.01,0.01,0.0
0.05,0.02,1.0,-0.03,0.01,-0.0
0.06,0.02,1.0,-0.02,-0.01,0.01
0.06,0.03,0.99,-0.03,0.01,-0.0
0.05,0.02,1.0,-0.02,-0.0,0.0
0.06,0.02,1.0,-0.02,0.01,0.0
0.06,0.02,1.0,-0.02,-0.0,0.0
0.05,0.01,1.0,-0.03,0.01,-0.01
0.05,0.01,1.0,-0.01,-0.0,-0.01
0.05,0.01,0.99,-0.01,0.0,-0.01
0.05,0.01,1.0,-0.02,-0.0,0.0
0.06,0.02,1.0,-0.02,0.01,-0.0
0.05,0.01,1.0,-0.03,0.0,0.0
0.05,0.02,1.0,-0.03,0.01,0.0
0.05,0.02,1.0,-0.02,-0.0,-0.0
0.05,0.02,1.0,-0.01,0.0,-0.0
0.06,0.02,1.0,-0.01,0.01,-0.0
0.06,0.02,0.99,-0.02,0.01,-0.01
0.05,0.02,1.0,-0.02,0.01,-0.0
0.06,0.02,0.99,-0.02,0.0,0.0
0.05,0.02,1.0,-0.02,0.0,0.0
0.05,0.02,1.01,-0.02,0.01,0.0
0.05,0.01,1.0,-0.02,-0.0,0.01
0.05,0.02,1.0,-0.03,0.0,-0.0
0.06,0.02,1.0,-0.01,0.01,-0.0
0.06,0.02,1.0,-0.02,0.01,-0.0
0.06,0.02,1.0,-0.02,-0.0,0.0
0.05,0.02,1.0,-0.04,0.01,-0.01
0.05,0.02,1.0,-0.01,-0.0,0.01
0.05,0.02,1.0,-0.02,0.01,-0.01
0.05,0.01,1.0,-0.01,0.0,0.01
0.05,0.02,1.0,-0.03,0.0,-0.0
0.05,0.02,1.0,-0.02,0.01,0.0
0.06,0.02,1.0,-0.02,0.0,-0.01
0.06,0.02,1.0,-0.03,-0.01,0.0
0.05,0.02,1.0,-0.03,0.01,-0.01
0.05,0.02,1.0,-0.01,0.01,-0.0
0.05,0.02,1.01,-0.01,0.01,0.0
0.05,0.02,1.0,-0.02,0.01,0.01
0.05,0.02,1.0,-0.03,0.01,-0.01
0.05,0.02,0.99,-0.02,0.01,-0.0
0.05,0.02,1.0,-0.01,-0.0,0.0
0.05,0.02,1.0,-0.02,-0.0,0.0
0.05,0.02,1.0,-0.02,0.01,-0.01
0.05,0.02,1.0,-0.02,0.0,0.0
0.05,0.02,1.0,-0.02,0.01,0.0
0.06,0.01,1.01,-0.01,-0.0,-0.0
0.06,0.01,1.0,-0.02,0.01,-0.0
0.06,0.02,1.0,-0.01,-0.01,-0.0
0.05,0.02,1.0,-0.02,0.0,-0.0
0.06,0.02,1.0,-0.03,-0.0,0.01
0.05,0.02,1.0,-0.02,0.0,0.0
0.05,0.01,1.0,-0.01,-0.0,0.0
0.05,0.01,1.01,-0.02,0.0,0.0
0.06,0.02,1.0,-0.02,-0.0,0.01
0.05,0.02,1.01,-0.03,0.0,0.0
0.06,0.02,0.99,-0.02,0.0,0.0
0.06,0.02,0.99,-0.01,0.01,-0.01
0.05,0.02,1.0,-0.02,0.01,-0.01
0.06,0.02,1.0,-0.02,0.01,-0.01
0.05,0.02,0.99,-0.03,0.01,0.0
0.06,0.02,1.0,-0.03,0.02,-0.01
0.05,0.02,1.0,-0.03,0.0,0.0
0.05,0.02,1.0,-0.02,0.0,-0.01
0.05,0.02,0.99,-0.01,0.0,-0.01
0.06,0.02,1.0,-0.02,0.01,-0.01
0.05,0.02,0.99,-0.02,-0.0,-0.0
0.06,0.01,1.0,-0.02,0.01,-0.0
0.05,0.02,1.0,-0.01,-0.01,0.0
0.05,0.02,1.0,-0.02,0.01,-0.0
0.05,0.02,1.0,-0.01,-0.0,-0.0
0.05,0.02,1.0,-0.02,0.01,0.0
0.05,0.02,1.0,-0.03,0.01,-0.0
0.06,0.02,1.0,-0.02,0.0,-0.0
0.05,0.02,1.0,-0.02,-0.0,0.0
0.05,0.02,1.0,-0.02,0.01,0.0
0.05,0.02,1.0,-0.01,0.0,0.0
0.05,0.02,1.0,-0.02,0.0,0.0
0.05,0.02,1.0,-0.02,0.0,0.01
0.05,0.02,1.0,-0.02,0.01,-0.0
0.05,0.02,1.0,-0.02,0.01,-0.0
0.06,0.01,1.0,-0.01,-0.0,0.0
0.06,0.02,1.0,-0.02,-0.0,0.0
0.05,0.02,0.99,-0.03,0.01,-0.0
0.06,0.02,1.0,-0.02,0.0,0.01
0.05,0.02,1.0,-0.03,0.01,-0.0
0.05,0.02,1.0,-0.01,-0.0,-0.0
0.05,0.02,1.0,-0.01,-0.0,-0.0
0.05,0.02,1.0,-0.01,-0.0,-0.0
0.05,0.02,1.0,-0.02,0.01,-0.01
0.06,0.02,1.0,-0.02,-0.0,-0.0
0.05,0.03,0.99,-0.02,0.01,-0.01
0.06,0.02,1.0,-0.02,-0.0,0.0
0.06,0.02,1.01,-0.02,0.01,-0.0
0.05,0.02,1.0,-0.02,-0.0,-0.0
0.05,0.02,0.99,-0.02,0.0,-0.0
0.05,0.02,1.0,-0.02,0.0,0.0
0.05,0.02,0.99,-0.02,0.0,0.0
0.05,0.02,1.01,-0.02,0.01,-0.0
0.05,0.02,1.0,-0.01,-0.0,-0.0
0.06,0.01,1.0,-0.01,-0.0,0.0
0.06,0.02,0.99,-0.02,0.01,-0.0
0.05,0.01,1.0,-0.01,-0.0,0.0
0.05,0.02,1.0,-0.03,0.0,0.0
0.05,0.01,1.0,-0.02,0.01,0.0
0.06,0.02,1.0,-0.02,0.02,-0.0
0.05,0.02,1.0,-0.02,-0.0,-0.0
0.05,0.02,1.0,-0.02,0.01,-0.0
0.06,0.02,1.0,-0.01,0.0,0.0
0.05,0.02,1.0,-0.01,0.01,-0.0
0.05,0.02,1.0,-0.01,-0.0,-0.0
0.05,0.02,1.0,-0.02,0.01,-0.01
0.05,0.02,1.0,-0.02,0.0,-0.0
0.05,0.02,1.0,-0.01,0.01,-0.0
0.05,0.02,1.0,-0.01,-0.0,0.0
0.05,0.01,1.0,-0.02,0.01,0.0
0.05,0.01,1.0,-0.02,0.0,0.0
0.06,0.02,1.0,-0.02,0.01,-0.0
0.05,0.02,1.0,-0.03,0.0,0.01
0.05,0.01,1.0,-0.02,0.01,-0.0
0.06,0.02,1.0,-0.03,0.01,0.0
0.05,0.02,1.0,-0.02,0.0,0.01
0.05,0.02,1.0,-0.03,0.0,-0.0
0.05,0.01,1.0,-0.01,0.0,0.0
0.05,0.02,1.01,-0.02,0.0,0.01
0.06,0.02,1.0,-0.02,0.01,0.01
0.05,0.01,1.0,-0.02,0.0,0.01
0.06,0.02,1.0,-0.02,-0.0,0.0
0.06,0.01,1.0,-0.02,-0.01,-0.0
0.05,0.02,1.0,-0.01,0.01,-0.0
0.05,0.01,1.0,-0.01,-0.0,0.0
0.05,0.02,1.0,-0.02,0.01,-0.0
0.05,0.01,1.0,-0.01,0.01,0.0
0.06,0.02,1.0,-0.01,0.0,0.0
0.05,0.02,0.99,-0.03,-0.0,0.0
0.05,0.02,1.01,-0.03,0.0,0.0
0.06,0.02,1.0,-0.03,0.01,0.0
0.05,0.01,1.0,-0.02,-0.0,-0.0
0.06,0.01,1.0,-0.02,0.0,-0.0
0.06,0.02,1.0,-0.01,0.01,0.0
0.05,0.02,1.01,-0.02,0.0,0.0
0.05,0.02,0.99,-0.02,0.01,-0.0
0.05,0.02,1.0,-0.01,0.0,0.0
0.05,0.02,1.0,-0.02,0.0,0.0
0.05,0.02,1.0,-0.01,-0.0,-0.0
0.05,0.02,0.99,-0.01,0.0,-0.0
0.05,0.01,0.99,-0.01,-0.0,0.0
0.05,0.01,1.0,-0.02,0.01,0.0
0.05,0.01,1.0,-0.01,-0.0,0.01
0.05,0.02,1.0,-0.03,0.01,0.0
0.05,0.01,1.0,-0.02,-0.0,0.0
0.05,0.02,1.0,-0.02,0.0,0.0
0.05,0.02,1.01,-0.02,0.0,-0.01
0.05,0.02,1.0,-0.02,-0.0,-0.0
0.05,0.02,1.01,-0.02,-0.0,0.0
0.05,0.02,1.0,-0.02,0.01,0.0
0.06,0.02,1.01,-0.02,0.0,0.0
0.05,0.02,0.99,-0.03,0.01,-0.01
0.05,0.01,0.99,-0.02,0.0,0.01
0.06,0.02,0.99,-0.02,0.02,-0.0
0.05,0.02,1.0,-0.02,0.0,-0.0
0.06,0.02,0.98,-0.01,0.0,0.0
0.05,0.02,1.0,-0.03,-0.0,-0.0
0.06,0.02,1.0,-0.03,0.01,0.01
0.06,0.01,1.0,-0.03,0.01,-0.0
0.05,0.02,0.99,-0.02,0.01,-0.0
0.05,0.02,1.0,-0.02,-0.0,-0.0
0.05,0.01,1.02,-0.02,0.01,0.0
0.04,0.01,1.0,-0.01,0.01,-0.0
0.05,0.02,1.0,-0.03,0.0,-0.0
0.05,0.01,1.0,-0.02,0.0,0.0
0.05,0.02,1.0,-0.03,0.01,-0.0
0.05,0.02,1.0,-0.01,0.0,0.0
0.05,0.02,1.0,-0.01,0.0,0.0
0.05,0.02,1.0,-0.02,-0.01,0.0
0.05,0.02,1.0,-0.02,0.01,-0.0
0.05,0.02,1.0,-0.02,0.01,-0.01
0.06,0.02,1.0,-0.02,-0.0,0.01
0.06,0.03,1.0,-0.03,0.01,0.0
0.05,0.02,1.0,-0.02,0.0,0.0
0.06,0.02,1.0,-0.01,0.0,-0.0
0.05,0.02,1.01,-0.03,0.0,0.01
0.06,0.02,0.99,-0.03,0.0,0.01
0.05,0.01,1.0,-0.02,-0.0,0.0
0.05,0.02,1.0,-0.02,0.0,0.0
0.05,0.01,1.01,-0.03,0.01,-0.0
0.05,0.01,1.0,-0.02,0.0,-0.0
0.05,0.01,1.0,-0.02,0.01,-0.0
0.05,0.01,1.0,-0.02,-0.01,-0.0
0.06,0.02,1.0,-0.02,0.0,0.0
0.06,0.02,1.0,-0.02,-0.0,0.0
0.05,0.02,1.0,-0.03,0.01,-0.0
0.05,0.02,1.0,-0.02,0.01,-0.0
0.05,0.02,1.0,-0.02,0.0,-0.0
0.05,0.02,1.0,-0.02,-0.0,0.0
0.05,0.01,1.0,-0.02,0.01,-0.0
0.05,0.02,1.0,-0.02,0.0,0.01
0.06,0.02,0.99,-0.02,0.01,0.0
0.05,0.02,1.0,-0.02,0.0,0.01
0.05,0.02,1.01,-0.02,0.01,0.01
0.06,0.02,1.0,-0.02,0.01,-0.0
0.05,0.02,1.0,-0.02,0.0,-0.01
0.05,0.02,1.0,-0.02,-0.0,0.01
0.05,0.02,1.01,-0.03,0.0,-0.0
0.06,0.02,0.99,-0.01,-0.0,0.0
0.06,0.02,1.0,-0.02,0.0,0.0
0.05,0.02,1.0,-0.02,-0.01,-0.0
0.05,0.02,0.98,-0.03,-0.0,-0.0
0.05,0.01,0.99,-0.01,0.0,-0.01
0.05,0.01,0.99,-0.02,0.0,0.0
0.05,0.01,0.99,-0.02,-0.0,-0.0
0.06,0.01,1.0,-0.02,0.01,-0.0
0.05,0.01,1.0,-0.01,0.01,0.01
0.06,0.01,1.0,-0.02,0.02,0.0
0.05,0.02,1.0,-0.02,-0.0,0.01
0.05,0.01,1.0,-0.02,0.0,0.0
0.05,0.02,1.0,-0.02,0.0,-0.0
0.05,0.02,1.01,-0.01,0.01,-0.0
0.05,0.01,1.01,-0.02,0.01,-0.0
0.06,0.02,1.01,-0.02,0.0,-0.0
0.05,0.02,1.0,-0.01,-0.0,0.0
0.05,0.02,1.01,-0.02,0.0,0.0
0.06,0.02,0.99,-0.01,-0.0,-0.0
0.05,0.01,1.0,-0.02,0.01,0.0
0.06,0.03,1.0,-0.02,0.0,0.0
0.05,0.02,1.0,-0.0,-0.0,-0.01
0.06,0.02,1.0,-0.02,-0.0,0.0
0.06,0.02,1.0,-0.03,0.01,0.0
0.05,0.01,0.99,-0.02,0.0,-0.0
0.05,0.02,1.0,-0.03,0.01,0.0
0.05,0.02,1.0,-0.01,-0.0,0.0
0.05,0.02,1.0,-0.02,-0.0,0.0
0.05,0.01,0.99,-0.03,0.01,-0.0
0.05,0.01,0.99,-0.01,0.01,-0.01
0.05,0.02,1.0,-0.02,-0.0,0.0
0.04,0.02,1.0,-0.02,0.0,-0.0
0.05,0.02,1.0,-0.02,0.0,0.01
0.05,0.02,1.0,-0.02,0.0,0.01
0.06,0.02,1.0,-0.03,0.0,0.01
0.06,0.02,1.0,-0.03,0.01,0.01
0.05,0.02,1.0,-0.03,0.01,-0.01
0.05,0.02,0.99,-0.02,-0.0,-0.0
0.05,0.02,1.0,-0.02,-0.0,-0.0
0.05,0.02,1.0,-0.01,0.01,0.0
0.06,0.02,0.99,-0.01,0.01,0.01
0.05,0.02,1.0,-0.02,0.01,0.0
0.05,0.02,1.01,-0.02,0.0,0.0
0.05,0.02,0.99,-0.01,0.0,-0.0
0.05,0.02,1.0,-0.02,-0.0,-0.01
0.05,0.02,1.0,-0.02,0.01,0.01
0.05,0.02,1.0,-0.03,-0.0,0.01
0.05,0.02,1.0,-0.03,0.01,-0.0
0.05,0.02,1.0,-0.02,0.0,0.0
0.05,0.02,1.0,-0.02,0.01,0.0
0.05,0.01,1.0,-0.01,0.0,-0.0
0.06,0.01,1.0,-0.02,0.0,-0.0
0.05,0.01,1.0,-0.02,0.01,-0.0
0.06,0.01,1.0,0.03,0.12,-0.12
0.05,0.02,1.0,-0.03,-0.01,0.01
0.05,0.02,1.0,-0.02,0.01,-0.0
0.05,0.02,0.99,-0.02,-0.0,0.0
0.06,0.02,0.98,-0.01,0.01,0.01
0.05,0.01,1.03,-0.02,-0.0,0.0
0.04,0.02,1.01,-0.01,0.0,-0.01
0.05,0.02,1.01,-0.02,0.0,0.01
0.06,0.01,1.04,-0.02,0.01,-0.0
0.05,0.02,1.02,-0.01,-0.0,0.0
0.05,0.02,0.99,-0.02,0.01,-0.0
0.05,0.01,0.99,-0.01,-0.0,0.0
0.05,0.02,1.01,-0.02,0.01,-0.0
0.05,0.02,1.0,-0.02,0.01,-0.0
0.05,0.01,1.01,-0.03,0.01,0.0
0.05,0.02,1.0,-0.03,0.01,-0.0
0.05,0.01,0.99,-0.02,0.0,-0.0
0.05,0.02,1.0,-0.02,-0.0,0.0
0.05,0.02,1.0,-0.02,0.01,-0.01
0.05,0.01,1.0,-0.01,-0.0,-0.0
0.05,0.01,1.0,-0.03,-0.0,0.01
0.05,0.01,1.0,-0.04,0.01,0.01
0.06,0.02,1.0,-0.02,0.01,0.0
0.05,0.02,1.0,-0.02,0.01,0.0
0.05,0.02,1.0,-0.02,0.0,-0.0
0.06,0.02,1.0,-0.02,-0.0,-0.0
0.05,0.02,1.0,-0.03,0.01,-0.0
0.05,0.01,1.0,-0.02,0.01,0.0
0.05,0.02,1.0,-0.02,0.01,0.0
0.05,0.02,1.0,-0.01,-0.0,-0.0
0.05,0.02,0.99,-0.01,0.0,0.0
0.05,0.02,1.0,-0.02,0.01,-0.01
0.06,0.02,1.0,-0.02,0.0,-0.0
0.05,0.01,1.0,-0.02,0.0,-0.0
0.06,0.01,1.0,-0.02,0.01,-0.0
0.05,0.02,1.0,-0.02,0.0,0.0
0.05,0.02,1.0,-0.02,0.01,0.0
0.06,0.02,1.0,-0.02,0.01,-0.0
0.05,0.01,0.99,-0.02,0.0,0.0
0.05,0.02,1.0,-0.02,0.01,-0.0
0.06,0.02,1.0,-0.01,-0.01,-0.0
0.05,0.02,1.0,-0.03,0.0,-0.0
0.05,0.02,1.0,-0.02,0.0,0.0
0.05,0.02,1.0,-0.01,0.0,-0.0
0.05,0.01,1.0,-0.02,0.01,0.0
0.05,0.01,1.0,-0.02,0.01,-0.0
0.05,0.01,1.0,-0.02,0.0,-0.0
0.05,0.01,1.0,-0.02,0.0,0.0
0.05,0.02,1.0,-0.02,0.0,-0.01
0.05,0.02,1.0,-0.02,-0.0,-0.0
0.05,0.02,1.0,-0.02,0.01,-0.01
0.05,0.02,0.99,-0.01,-0.0,-0.0
0.05,0.02,0.99,-0.02,0.01,0.0
0.05,0.03,0.99,-0.01,0.01,-0.01
0.05,0.01,0.99,-0.03,0.0,-0.0
0.05,0.01,1.0,-0.03,0.01,-0.0
0.06,0.01,1.0,-0.01,-0.0,0.0
0.06,0.01,1.0,-0.01,-0.0,-0.01
0.05,0.01,1.0,-0.01,0.01,-0.01
0.05,0.01,1.0,-0.02,0.01,0.0
0.05,0.02,1.0,-0.03,-0.0,0.0
0.06,0.01,0.99,-0.02,0.01,0.01
0.05,0.02,1.02,-0.02,0.01,0.0
0.05,0.02,0.99,-0.01,0.01,-0.0
0.06,0.02,1.01,-0.01,-0.0,0.0
0.05,0.02,0.99,-0.01,-0.0,-0.0
0.06,0.01,1.0,-0.02,0.0,-0.0
0.05,0.02,0.99,-0.02,0.0,0.0
0.05,0.02,1.0,-0.02,0.01,0.0
0.06,0.02,0.99,-0.01,0.01,-0.0
0.05,0.02,1.0,-0.02,0.01,0.0
0.05,0.02,1.0,-0.02,-0.0,-0.01
0.05,0.02,1.0,-0.02,0.01,-0.0
0.05,0.01,1.0,-0.02,0.0,0.0
0.05,0.01,1.0,-0.02,0.01,-0.0
0.06,0.02,1.0,-0.02,0.01,0.0
0.05,0.01,1.0,-0.02,-0.0,0.01
0.05,0.02,1.0,-0.03,0.0,-0.0
0.05,0.02,1.01,-0.02,0.01,0.0
0.05,0.01,0.99,-0.02,0.01,-0.0
0.05,0.02,1.0,-0.02,-0.0,-0.0
0.05,0.02,1.01,-0.02,0.01,-0.0
0.06,0.02,1.0,-0.02,-0.0,0.0
0.06,0.02,1.0,-0.03,0.0,0.0
0.05,0.02,1.0,-0.03,-0.01,0.01
0.06,0.02,1.0,-0.01,0.0,-0.01
0.05,0.02,1.0,-0.02,0.0,-0.0
0.05,0.02,0.99,-0.01,0.0,-0.0
0.05,0.02,1.0,-0.02,-0.0,-0.01
0.05,0.02,1.0,-0.01,0.0,-0.0
0.04,0.02,1.01,-0.02,0.01,-0.0
0.05,0.01,1.0,-0.02,0.01,-0.01
0.05,0.01,1.01,-0.01,0.0,-0.0
0.05,0.01,0.99,-0.02,0.0,-0.0
0.05,0.03,1.0,-0.02,0.0,0.0
0.06,0.02,1.0,-0.02,0.01,0.0
0.05,0.01,1.0,-0.02,0.0,-0.0
0.06,0.02,0.99,-0.02,-0.01,0.0
0.06,0.02,1.0,-0.02,0.01,-0.0
0.05,0.02,0.99,-0.02,0.0,0.01
0.06,0.02,0.99,-0.02,0.01,0.01
0.05,0.01,0.99,-0.03,0.0,0.0
0.05,0.02,0.99,-0.02,0.0,0.0
0.05,0.01,1.0,-0.02,0.01,0.0
0.05,0.02,1.0,-0.02,-0.0,0.01
0.05,0.01,1.0,-0.02,0.0,-0.0
0.06,0.02,0.99,-0.02,0.01,0.0
0.05,0.02,1.01,-0.02,0.0,0.0
0.05,0.01,1.0,-0.02,-0.0,0.01
0.05,0.01,1.0,-0.03,0.0,-0.0
0.05,0.01,1.0,-0.03,0.01,0.0
0.05,0.01,1.0,-0.01,-0.0,-0.0
0.05,0.01,0.99,-0.01,-0.0,0.01
0.05,0.02,1.0,-0.02,0.01,-0.0
0.05,0.01,1.0,-0.02,0.01,-0.01
0.06,0.01,1.0,-0.02,-0.0,0.0
0.06,0.02,1.0,-0.02,0.0,0.01
0.05,0.02,1.01,-0.03,0.01,-0.01
0.05,0.02,1.0,-0.02,0.0,0.0
0.05,0.02,1.0,-0.02,0.01,0.0
0.05,0.02,0.99,-0.02,-0.01,0.0
0.05,0.02,1.01,-0.02,0.0,-0.0
0.05,0.02,1.0,-0.01,-0.0,-0.01
0.05,0.02,1.01,-0.01,0.0,-0.0
0.05,0.01,1.0,-0.03,-0.0,0.0
0.05,0.01,0.99,-0.03,0.01,-0.0
0.05,0.01,1.0,-0.02,0.0,-0.0
0.05,0.01,1.0,-0.02,0.01,0.0
0.06,0.01,1.0,-0.02,0.01,-0.0
0.05,0.01,1.0,-0.01,0.0,-0.01
0.05,0.03,1.01,-0.02,0.02,-0.0
0.05,0.01,1.0,-0.01,0.01,-0.0
0.05,0.02,1.0,-0.01,0.0,-0.01
0.05,0.02,1.0,-0.01,0.01,-0.0
0.05,0.02,1.01,-0.03,0.01,0.0
0.05,0.02,1.0,-0.01,0.01,0.0
0.05,0.03,0.97,-0.01,-0.01,-0.0
0.06,0.01,0.98,-0.02,-0.0,0.0
0.06,0.01,1.01,-0.02,0.01,0.01
0.06,0.02,1.01,-0.02,0.01,-0.0
0.06,0.02,0.99,-0.02,-0.0,0.01
0.04,0.02,1.03,-0.04,0.0,0.01
0.05,0.02,0.97,-0.03,0.01,0.01
0.06,0.01,1.01,-0.04,0.01,-0.0
0.04,0.01,1.02,-0.03,-0.0,0.0
0.04,0.02,1.03,-0.02,0.0,-0.01
0.05,0.01,1.0,-0.02,0.01,-0.0
0.04,0.01,1.02,-0.03,0.01,0.0
0.05,0.01,1.03,-0.02,-0.0,0.01
0.05,0.01,1.01,-0.03,0.01,-0.01
0.05,0.01,0.99,-0.01,0.0,0.0
0.06,0.02,1.0,-0.03,0.02,-0.0
0.05,0.02,0.99,-0.03,0.0,0.0
0.06,0.02,1.0,-0.02,0.01,-0.01
0.06,0.02,0.99,-0.03,0.01,-0.0
0.06,0.02,0.99,-0.02,0.01,0.0
0.05,0.02,1.0,-0.04,-0.0,0.0
0.05,0.02,1.0,-0.01,0.01,-0.01
0.05,0.02,1.0,-0.01,0.0,0.01
0.05,0.01,1.0,-0.02,0.02,0.0
0.05,0.02,0.99,-0.02,-0.0,0.0
0.05,0.02,1.0,-0.02,0.0,0.0
0.05,0.02,1.0,-0.01,-0.01,0.0
0.05,0.01,1.0,-0.02,0.0,-0.0
0.05,0.02,1.0,-0.02,0.0,0.0
0.06,0.01,1.0,-0.02,0.01,-0.0
0.06,0.01,1.0,-0.02,0.0,0.0
0.05,0.02,1.0,-0.02,0.01,-0.01
0.06,0.02,1.0,-0.02,0.0,0.01
0.05,0.02,1.0,-0.02,-0.01,-0.0
0.05,0.01,1.0,-0.02,0.01,-0.01
0.05,0.01,1.0,-0.03,0.0,-0.01
0.05,0.02,0.99,-0.02,0.01,-0.0
0.05,0.01,0.99,-0.01,0.01,0.0
0.05,0.02,1.0,-0.02,0.0,-0.0
0.06,0.02,0.99,-0.02,0.01,-0.0
0.05,0.02,0.99,-0.02,-0.0,0.0
0.05,0.02,1.0,-0.01,0.0,-0.0
0.05,0.02,1.01,-0.01,0.01,-0.01
0.06,0.02,1.0,-0.02,0.01,-0.0
0.06,0.01,0.98,-0.03,-0.0,0.0
0.05,0.02,1.0,-0.01,-0.0,0.01
0.05,0.01,0.99,-0.03,0.0,0.0
0.05,0.01,1.0,-0.03,0.01,-0.0
0.05,0.01,1.0,-0.03,-0.0,0.0
0.06,0.01,1.0,-0.03,0.01,-0.01
0.05,0.03,1.0,-0.02,0.01,-0.0
0.06,0.01,1.01,-0.03,0.01,-0.0
0.05,0.02,1.0,-0.02,0.0,0.01
0.06,0.02,0.99,-0.02,0.01,-0.0
0.06,0.02,1.0,-0.02,0.0,0.01
0.05,0.01,1.01,-0.02,0.01,-0.0
0.06,0.01,1.0,-0.02,-0.0,0.0
0.05,0.02,1.01,-0.02,-0.0,-0.0
0.05,0.02,1.0,-0.02,0.0,-0.0
0.06,0.01,1.0,-0.01,0.0,-0.0
0.05,0.01,1.0,-0.02,0.0,0.0
0.06,0.01,1.0,-0.01,0.01,-0.0
0.06,0.01,1.0,-0.02,0.0,0.0
0.05,0.02,0.99,-0.02,0.0,0.0
0.05,0.02,1.0,-0.0,-0.0,-0.0
0.05,0.02,1.0,-0.02,-0.0,0.0
0.06,0.02,1.0,-0.02,0.01,-0.0
0.05,0.02,1.0,-0.02,0.0,-0.0
0.05,0.02,1.0,-0.01,-0.0,0.01
0.05,0.02,0.99,-0.02,0.0,0.0
0.05,0.01,0.99,-0.01,-0.0,0.0
0.06,0.02,1.0,-0.02,0.0,0.0
0.05,0.02,1.0,-0.02,-0.01,0.0
0.05,0.02,1.0,-0.02,-0.0,-0.01
0.06,0.02,1.0,-0.02,0.01,-0.01
0.06,0.02,1.0,-0.02,-0.0,-0.01
0.05,0.02,1.0,-0.02,0.01,0.0
0.06,0.02,1.0,-0.02,0.0,0.0
0.06,0.02,0.99,-0.01,0.0,0.01
0.05,0.01,1.0,-0.03,0.01,0.01
0.05,0.01,0.99,-0.03,-0.0,-0.0
0.05,0.02,1.01,-0.01,0.0,-0.01
0.05,0.01,1.0,-0.03,0.01,-0.01
0.05,0.01,1.0,-0.02,0.01,-0.0
0.06,0.01,0.99,-0.02,-0.0,0.0
0.06,0.01,1.0,-0.03,-0.0,0.01
0.06,0.01,0.99,-0.03,0.0,-0.0
0.05,0.01,1.0,-0.02,0.01,-0.0
0.06,0.02,0.99,-0.03,-0.0,0.0
0.06,0.02,0.99,-0.02,0.02,-0.01
0.06,0.02,1.0,-0.03,0.0,0.0
0.06,0.02,1.0,-0.02,0.0,-0.0
0.06,0.01,1.0,-0.02,-0.0,-0.0
0.05,0.02,1.01,-0.01,0.01,0.0
0.06,0.02,1.0,-0.01,-0.0,0.0
0.06,0.01,1.0,-0.03,0.01,-0.0
0.06,0.01,0.99,-0.02,0.0,0.01
0.06,0.01,0.99,-0.02,0.01,-0.01
0.06,0.01,1.0,-0.01,0.01,-0.0
0.06,0.01,1.0,-0.01,0.01,0.0
0.06,0.02,1.0,-0.02,0.0,0.0
0.05,0.02,1.0,-0.03,0.01,0.0
0.06,0.02,1.0,-0.02,0.01,0.0
0.06,0.02,1.0,-0.02,0.01,-0.0
0.05,0.02,1.0,-0.01,0.0,-0.0
0.05,0.02,1.0,-0.02,0.0,0.0
0.06,0.02,1.0,-0.02,0.0,-0.0
0.05,0.01,1.0,-0.02,0.01,-0.0
0.06,0.02,1.0,-0.03,-0.0,0.01
0.06,0.02,1.0,-0.02,0.01,0.0
0.06,0.02,0.99,-0.03,0.0,0.0
0.06,0.02,1.0,-0.02,0.01,-0.0
0.05,0.02,1.0,-0.02,-0.0,0.01
0.06,0.02,1.0,-0.01,-0.0,0.0
0.06,0.02,0.99,-0.02,0.01,-0.0
0.06,0.02,1.0,-0.02,0.01,-0.0
0.05,0.02,1.0,-0.02,0.01,-0.0
0.05,0.01,0.99,-0.01,0.0,0.0
0.05,0.01,1.0,-0.03,0.0,0.0
0.05,0.01,1.0,-0.02,0.01,0.0
0.05,0.02,1.0,-0.01,0.01,-0.0
0.05,0.01,0.99,-0.01,0.0,-0.01
0.05,0.02,0.99,-0.02,0.01,-0.0
0.06,0.01,1.0,-0.01,0.01,-0.0
0.05,0.02,1.0,-0.02,-0.0,0.0
0.06,0.02,1.0,-0.02,0.01,0.0
0.06,0.02,1.0,-0.02,-0.0,-0.0
0.05,0.02,1.0,-0.02,0.01,0.0
0.05,0.02,1.0,-0.02,-0.0,0.0
0.06,0.02,1.0,-0.03,0.0,-0.0
0.05,0.01,0.99,-0.02,0.01,0.0
0.06,0.02,1.0,-0.03,0.02,-0.01
0.05,0.01,1.0,-0.03,0.0,0.0
0.06,0.02,1.0,-0.02,0.01,-0.01
0.05,0.02,1.0,-0.02,0.01,0.01
0.06,0.01,1.0,-0.02,0.02,0.0
0.06,0.02,1.0,-0.01,0.0,-0.0
0.05,0.03,0.99,-0.03,0.01,-0.0
0.05,0.02,0.99,-0.01,0.0,-0.0
0.05,0.02,1.01,-0.01,0.0,-0.01
0.05,0.01,1.0,-0.02,-0.0,0.0
0.04,0.02,1.01,-0.03,0.01,-0.0
0.06,0.01,1.0,-0.02,0.0,0.0
0.05,0.02,1.01,-0.01,0.01,-0.0
0.05,0.02,1.01,-0.02,-0.0,0.01
0.06,0.02,1.0,-0.02,0.0,-0.0
0.05,0.02,0.99,-0.02,-0.0,0.0
0.06,0.02,1.0,-0.02,0.01,-0.01
0.06,0.01,0.99,-0.03,-0.01,0.01
0.06,0.02,1.0,-0.02,0.01,0.0
0.05,0.02,1.0,-0.02,-0.0,0.01
0.05,0.02,1.0,-0.02,0.01,0.01
0.05,0.02,0.99,-0.03,-0.0,0.0
0.05,0.02,1.0,-0.02,0.01,-0.01
0.05,0.01,1.0,-0.02,0.0,0.0
0.05,0.02,1.0,-0.01,0.0,-0.01
0.05,0.02,1.0,-0.02,0.0,-0.0
0.06,0.02,0.99,-0.01,0.0,0.0
0.05,0.01,1.0,-0.01,0.0,0.0
0.06,0.02,1.0,-0.01,0.01,0.01
0.05,0.02,1.0,-0.02,0.0,0.0
0.05,0.02,1.0,-0.02,0.01,-0.0
0.05,0.02,1.0,-0.02,0.01,-0.01
0.06,0.02,1.0,-0.01,-0.0,-0.01
0.05,0.02,0.99,-0.02,-0.0,0.0
0.06,0.02,0.99,-0.02,-0.0,0.0
0.06,0.02,1.0,-0.02,0.0,0.01
0.05,0.02,1.0,-0.02,0.01,-0.01
0.05,0.02,1.0,-0.02,-0.0,-0.0
0.06,0.02,1.0,-0.0,0.01,-0.01
0.06,0.02,1.0,-0.02,0.01,0.0
0.06,0.01,1.0,-0.01,0.0,-0.0
0.06,0.02,1.0,-0.02,-0.01,0.0
0.05,0.02,1.0,-0.03,0.01,0.0
0.06,0.02,1.01,-0.02,0.01,0.0
0.05,0.02,0.99,-0.02,0.01,-0.0
0.05,0.02,1.0,-0.02,0.0,0.0
0.05,0.02,1.0,-0.03,0.0,0.0
0.06,0.01,1.0,-0.02,0.01,-0.0
0.05,0.01,1.01,-0.01,0.0,0.0
0.06,0.01,1.0,-0.02,-0.0,0.0
0.06,0.02,1.0,-0.02,0.0,-0.0
0.05,0.01,1.01,-0.02,0.01,0.0
0.05,0.02,1.0,-0.03,0.01,-0.01
0.06,0.03,1.0,-0.01,0.0,-0.0
0.05,0.01,1.0,-0.02,-0.0,0.01
0.06,0.02,1.01,-0.03,0.0,0.0
0.06,0.02,1.0,-0.03,0.01,-0.01
0.05,0.02,1.0,-0.03,-0.0,0.01
0.06,0.02,1.0,-0.02,0.01,0.0
0.05,0.02,1.0,-0.03,0.0,0.0
0.06,0.02,1.0,-0.03,0.01,-0.0
0.05,0.02,1.0,-0.03,0.0,0.0
0.06,0.02,1.0,-0.02,0.0,-0.0
0.06,0.02,0.99,-0.03,0.01,-0.0
0.05,0.02,1.0,-0.02,0.02,-0.0
0.05,0.02,1.0,-0.02,0.0,0.0
0.06,0.02,1.0,-0.02,0.01,0.0
0.05,0.01,1.0,-0.02,0.0,-0.0
0.05,0.02,1.0,-0.01,0.01,0.0
0.05,0.01,0.99,-0.01,-0.0,-0.0
0.06,0.02,1.0,-0.01,0.0,-0.0
0.05,0.02,1.0,-0.02,0.01,0.0
0.06,0.02,0.99,-0.02,0.01,-0.0
0.06,0.02,0.99,-0.02,0.0,0.01
0.05,0.02,1.0,-0.03,0.01,0.01
0.06,0.02,1.0,-0.03,0.01,0.01
0.05,0.01,1.0,-0.03,0.02,0.0
0.05,0.01,1.0,-0.02,-0.0,0.01
0.05,0.01,1.0,-0.02,0.0,0.0
0.05,0.01,1.0,-0.02,0.01,0.0
0.05,0.01,1.0,-0.02,0.01,-0.0
0.05,0.01,1.0,-0.02,-0.0,0.0
0.05,0.01,1.0,-0.02,0.01,-0.0
0.05,0.02,1.0,-0.02,0.01,-0.0
0.05,0.01,1.0,-0.02,0.01,-0.01
0.05,0.02,1.0,-0.01,0.0,0.0
0.06,0.02,1.0,-0.02,-0.0,-0.01
0.06,0.02,0.99,-0.03,0.01,-0.0
0.06,0.02,1.0,-0.02,0.01,-0.0
0.06,0.02,1.0,-0.03,-0.0,0.01
0.06,0.02,1.0,-0.02,0.01,0.0
0.06,0.02,1.0,-0.03,0.0,0.0
0.06,0.02,1.0,-0.02,0.01,0.01
0.06,0.02,1.0,-0.03,-0.0,-0.01
0.06,0.02,1.0,-0.02,-0.0,0.0
0.06,0.02,1.0,-0.03,-0.0,0.0
0.06,0.01,1.0,-0.01,0.01,-0.01
0.06,0.02,1.01,-0.01,-0.01,0.01
0.05,0.02,1.0,-0.03,0.01,-0.0
0.05,0.01,0.99,-0.02,0.01,0.0
0.05,0.02,1.01,-0.05,-0.01,0.01
0.05,0.01,0.99,-0.04,-0.01,0.01
0.05,0.01,1.0,-0.03,0.0,-0.0
0.06,0.01,0.99,-0.02,0.01,-0.0
0.05,0.02,0.99,-0.01,0.01,-0.01
0.05,0.02,1.0,-0.01,0.0,-0.0
0.06,0.02,1.0,-0.02,0.0,-0.0
0.05,0.02,1.0,-0.02,0.01,-0.0
0.05,0.02,1.0,-0.02,0.01,0.0
0.06,0.02,1.0,-0.02,-0.0,0.0
0.05,0.01,0.99,-0.01,0.01,-0.01
0.05,0.01,0.99,-0.02,0.01,-0.0
0.06,0.02,1.0,-0.02,0.01,-0.0
0.05,0.02,1.0,-0.02,-0.0,0.01
0.06,0.02,1.0,-0.03,0.0,0.01
0.05,0.02,1.0,-0.03,0.0,0.01
0.06,0.02,1.0,-0.03,0.01,-0.0
0.06,0.02,0.99,-0.02,-0.0,0.0
0.05,0.02,0.99,-0.02,0.0,-0.01
0.06,0.02,1.0,-0.02,0.01,-0.0
0.05,0.01,1.0,-0.02,0.01,-0.0
0.06,0.02,1.0,-0.02,-0.0,0.0
0.06,0.02,1.0,-0.03,0.01,-0.0
0.06,0.02,1.0,-0.02,0.0,0.0
0.05,0.02,1.0,-0.03,0.02,-0.01
0.05,0.02,1.0,-0.01,0.0,0.0
0.06,0.02,1.0,-0.02,0.01,0.0
0.05,0.02,1.0,-0.02,0.01,-0.0
0.06,0.02,0.99,-0.02,0.0,-0.0
0.06,0.02,1.0,-0.01,-0.0,0.01
0.06,0.02,1.0,-0.02,0.01,-0.0
0.06,0.02,1.0,-0.02,0.0,0.0
0.06,0.02,1.0,-0.02,0.01,-0.0
0.06,0.02,1.0,-0.02,-0.0,-0.0
0.06,0.02,1.0,-0.03,0.0,0.0
0.06,0.03,1.0,-0.03,-0.0,0.0
0.06,0.02,1.0,-0.02,-0.0,0.0
0.06,0.02,1.0,-0.02,-0.0,0.0
0.06,0.02,1.0,-0.02,0.0,0.01
0.05,0.02,1.01,-0.03,0.01,0.0
0.06,0.02,1.0,-0.02,0.01,-0.0
0.06,0.02,1.0,-0.02,-0.0,-0.0
0.05,0.02,1.01,-0.02,0.01,-0.0
0.06,0.01,1.0,-0.03,0.01,0.0
0.05,0.02,1.0,-0.03,0.01,-0.01
0.05,0.02,1.0,-0.02,0.0,-0.0
0.06,0.02,0.99,-0.02,0.01,-0.01
0.06,0.02,1.0,-0.03,0.0,0.0
0.06,0.01,0.99,-0.03,0.01,0.0
0.05,0.02,1.01,-0.02,-0.0,0.01
0.05,0.01,0.99,-0.02,0.0,-0.0
0.05,0.01,0.99,-0.02,0.01,-0.0
0.05,0.01,1.0,-0.02,0.01,-0.0
0.06,0.01,0.98,-0.02,-0.01,0.0
0.05,0.02,1.0,-0.02,-0.01,0.0
0.06,0.02,0.99,-0.01,-0.0,0.01
0.05,0.01,1.0,-0.02,0.01,-0.0
0.05,0.02,1.0,-0.02,-0.0,0.0
0.05,0.02,0.98,-0.01,0.0,-0.01
0.06,0.02,1.01,-0.02,0.01,0.0
0.06,0.01,0.99,-0.03,0.0,-0.0
0.06,0.02,1.0,-0.01,-0.0,0.0
0.06,0.02,1.0,-0.02,0.01,-0.01
0.06,0.02,0.97,-0.03,0.01,0.01
0.05,0.02,1.01,-0.03,0.02,-0.0
0.05,0.01,1.0,-0.01,0.0,-0.0
0.06,0.02,1.01,-0.02,0.01,0.0
0.05,0.01,0.96,-0.02,-0.0,-0.0
0.06,0.02,1.01,-0.01,0.01,-0.0
0.05,0.01,0.99,-0.02,-0.0,0.0
0.05,0.01,1.0,-0.02,0.0,0.0
0.04,0.03,1.02,-0.02,-0.0,0.0
0.06,0.02,1.03,-0.03,0.02,-0.0
0.05,0.01,1.01,-0.03,-0.0,0.0
0.05,0.02,1.01,-0.02,0.0,0.0
0.05,0.01,0.98,-0.03,-0.0,-0.01
0.06,0.03,1.01,-0.01,0.01,-0.01
0.06,0.01,0.99,-0.01,-0.0,-0.0
0.06,0.03,1.0,-0.02,0.0,-0.0
0.06,0.02,1.02,-0.02,0.01,0.01
0.06,0.02,1.02,-0.03,0.0,-0.0
0.05,0.02,1.01,-0.03,-0.01,0.01
0.06,0.02,1.03,-0.02,0.01,0.0
0.06,0.02,0.99,-0.03,0.0,-0.0
0.05,0.02,1.02,-0.02,0.01,-0.0
0.06,0.02,1.03,-0.02,0.01,-0.0
0.05,0.02,1.02,-0.02,0.0,0.0
0.05,0.01,0.98,-0.02,-0.0,0.0
0.06,0.02,1.0,-0.03,0.01,0.0
0.05,0.01,1.0,-0.03,-0.0,-0.0
0.05,0.02,1.03,-0.01,0.0,-0.01
0.05,0.02,1.02,-0.02,0.02,-0.0
0.05,0.02,1.02,-0.03,0.0,-0.0
0.05,0.02,1.01,-0.02,0.0,0.0
0.05,0.01,0.97,-0.01,-0.01,-0.0
0.05,0.02,1.0,-0.02,-0.01,0.0
0.06,0.01,0.98,-0.02,0.01,0.0
0.06,0.02,0.99,-0.02,-0.0,-0.0
0.06,0.01,0.97,-0.03,0.01,-0.0
0.06,0.02,1.0,-0.02,0.0,0.0
0.06,0.02,0.98,-0.02,0.01,-0.01
0.06,0.02,1.0,-0.02,-0.0,-0.0
0.05,0.02,1.02,-0.02,0.01,-0.01
0.06,0.02,1.01,-0.01,0.01,0.0
0.05,0.02,1.0,-0.02,0.01,0.0
0.06,0.02,1.01,-0.01,0.01,0.01
0.06,0.02,1.0,-0.02,-0.0,-0.0
0.06,0.02,1.01,-0.02,0.0,0.0
0.06,0.01,1.0,-0.03,0.0,-0.0
0.05,0.02,1.0,-0.02,0.0,0.01
0.05,0.02,1.0,-0.03,0.0,0.0
0.05,0.02,1.0,-0.03,-0.0,0.01
0.05,0.02,1.01,-0.03,0.01,0.0
0.06,0.01,1.0,-0.01,0.0,-0.0
0.05,0.02,1.01,-0.02,-0.0,0.01
0.06,0.02,1.01,-0.02,0.0,-0.0
0.06,0.02,1.0,-0.01,0.0,-0.01
0.05,0.02,1.0,-0.02,0.0,0.0
0.06,0.02,1.0,-0.02,0.0,-0.0
0.05,0.02,1.0,-0.02,0.01,0.01
0.05,0.03,1.0,-0.04,0.01,0.01
0.06,0.02,1.0,-0.02,-0.0,-0.0
0.06,0.02,1.0,-0.03,0.01,0.0
0.05,0.03,0.99,-0.01,0.0,-0.0
0.05,0.02,1.0,-0.02,0.01,-0.0
0.05,0.02,0.99,-0.02,0.0,0.0
0.05,0.02,1.0,-0.02,0.01,0.01
0.05,0.02,1.0,-0.03,0.01,0.0
0.06,0.02,0.99,-0.03,0.01,0.0
0.06,0.02,1.0,-0.01,-0.0,0.0
0.06,0.02,1.0,-0.02,0.01,-0.01
0.06,0.02,1.0,-0.02,0.01,-0.0
0.05,0.03,0.99,-0.02,0.0,0.0
0.05,0.02,0.99,-0.02,-0.0,0.01
0.05,0.01,0.99,-0.02,-0.01,0.0
0.05,0.01,1.0,-0.02,-0.0,0.01
0.06,0.01,1.0,-0.03,0.01,0.0
0.05,0.02,1.0,-0.01,0.01,0.0
0.06,0.02,1.0,-0.02,0.0,-0.01
0.05,0.01,0.99,-0.02,0.0,0.0
0.06,0.02,1.0,-0.02,-0.0,0.0
0.05,0.02,1.01,-0.02,0.0,0.01
0.05,0.02,1.0,-0.02,0.01,0.0
0.06,0.02,1.0,-0.02,0.0,0.01
0.06,0.02,1.0,-0.03,0.02,-0.0
0.06,0.02,1.0,-0.03,0.0,0.0
0.06,0.01,1.0,-0.02,-0.0,0.0
0.05,0.02,1.0,-0.01,0.01,0.0
0.06,0.02,1.0,-0.01,0.01,-0.0
0.05,0.02,1.0,-0.01,-0.0,-0.0
0.06,0.02,1.0,-0.02,0.0,-0.0
0.06,0.01,0.99,-0.03,0.0,0.0
0.05,0.01,0.99,-0.02,0.0,0.01
0.06,0.02,1.0,-0.01,0.0,-0.01
0.05,0.02,1.0,-0.02,-0.0,0.01
0.05,0.02,1.0,-0.02,-0.0,0.0
0.05,0.02,1.0,-0.02,0.0,0.0
0.06,0.01,1.0,-0.02,-0.0,0.0
0.06,0.02,0.99,-0.02,0.01,0.0
0.05,0.02,1.0,-0.02,-0.0,0.0
0.05,0.02,0.99,-0.02,0.01,-0.01
0.05,0.02,1.0,-0.02,-0.0,0.0
0.06,0.02,1.0,-0.02,-0.0,0.01
0.06,0.02,1.0,-0.03,0.01,0.01
0.05,0.02,1.0,-0.02,0.01,-0.01
0.06,0.02,1.0,-0.03,0.01,-0.01
0.06,0.02,1.0,-0.02,0.01,-0.01
0.06,0.02,0.99,-0.03,-0.0,0.01
0.05,0.02,1.0,-0.02,0.01,0.0
0.05,0.02,1.0,-0.02,-0.0,-0.0
0.05,0.02,0.99,-0.02,0.0,0.0
0.06,0.01,1.01,-0.02,0.0,-0.01
0.05,0.02,1.0,-0.02,0.0,-0.0
0.06,0.01,0.99,-0.01,-0.0,0.0
0.05,0.02,1.0,-0.02,-0.01,0.0
0.05,0.02,1.0,-0.01,-0.0,-0.0
0.06,0.02,0.99,-0.02,-0.0,0.0
0.05,0.01,1.0,-0.02,-0.0,0.0
0.05,0.02,1.01,-0.02,0.01,-0.0
0.05,0.02,1.0,-0.02,-0.0,-0.0
0.05,0.02,1.0,-0.01,-0.0,-0.0
0.06,0.02,0.99,-0.02,-0.0,-0.0
0.05,0.02,1.0,-0.02,0.01,-0.0
0.05,0.02,1.0,-0.01,-0.0,0.0
0.05,0.01,0.99,-0.01,0.01,-0.0
0.05,0.02,1.0,-0.01,0.0,0.01
0.06,0.01,1.0,-0.01,0.0,0.0
0.06,0.02,1.01,-0.01,0.0,0.0
0.06,0.03,1.0,-0.04,0.01,-0.0
0.05,0.01,1.0,-0.02,-0.0,0.0
0.06,0.02,1.0,-0.02,0.0,-0.0
0.05,0.02,1.0,-0.01,-0.0,0.0
0.05,0.02,1.0,-0.01,0.01,0.0
0.06,0.02,0.99,-0.01,0.0,-0.0
0.05,0.02,1.0,-0.02,-0.0,0.0
0.06,0.02,1.0,-0.02,0.01,-0.0
0.06,0.02,1.0,-0.02,0.0,0.0
0.06,0.02,1.0,-0.02,0.0,-0.0
0.05,0.02,0.99,-0.01,0.01,-0.0
0.06,0.02,1.0,-0.01,-0.0,-0.0
0.06,0.02,1.0,-0.02,-0.0,0.0
0.05,0.02,1.0,-0.02,-0.0,-0.0
0.06,0.02,1.0,-0.01,-0.0,-0.0
0.05,0.02,0.99,-0.03,0.0,0.01
0.06,0.02,1.0,-0.03,0.01,-0.0
0.06,0.02,1.0,-0.02,0.0,-0.0
0.06,0.01,1.0,-0.01,0.0,-0.0
0.06,0.01,1.0,-0.02,0.0,-0.0
0.06,0.02,1.0,-0.02,0.0,-0.0
0.06,0.02,1.0,-0.02,0.0,-0.0
0.05,0.02,1.01,-0.03,0.01,0.0
0.05,0.02,0.99,-0.03,0.01,0.01
0.06,0.01,1.01,-0.02,0.0,-0.0
0.05,0.02,1.0,-0.02,-0.0,-0.0
0.05,0.02,1.0,-0.01,-0.01,-0.01
0.05,0.02,0.99,-0.02,0.0,-0.0
0.05,0.02,1.0,-0.02,0.01,0.01
0.05,0.02,1.0,-0.02,0.0,-0.0
0.06,0.02,1.0,-0.03,0.01,0.0
0.05,0.02,1.0,-0.02,0.01,-0.0
0.05,0.02,1.0,-0.02,0.0,-0.01
0.05,0.02,0.99,-0.02,0.0,-0.0
0.06,0.02,1.0,-0.02,0.01,-0.01
0.05,0.02,1.01,-0.03,0.01,0.0
0.05,0.03,0.99,-0.02,0.01,-0.0
0.06,0.02,1.0,-0.02,-0.0,0.0
0.06,0.02,0.99,-0.02,0.01,0.0
0.05,0.01,1.01,-0.02,0.01,-0.0
0.06,0.01,0.99,-0.02,-0.0,-0.0
0.05,0.02,1.0,-0.01,0.0,0.0
0.06,0.02,1.0,-0.02,0.01,0.01
0.06,0.02,1.0,-0.03,0.0,0.01
0.06,0.02,1.0,-0.02,0.01,0.01
0.06,0.02,1.0,-0.02,0.01,-0.0
0.06,0.02,1.0,-0.03,-0.01,0.01
0.05,0.02,1.0,-0.03,0.0,-0.0
0.06,0.02,1.0,-0.01,0.0,0.01
0.05,0.02,1.0,-0.02,0.0,-0.0
0.06,0.02,1.0,-0.02,0.01,-0.0
0.06,0.02,1.0,-0.01,0.0,-0.0
0.06,0.02,1.0,-0.02,0.0,0.01
0.05,0.02,1.0,-0.02,0.0,0.0
0.06,0.02,1.0,-0.02,-0.0,0.0
0.05,0.02,1.0,-0.02,0.01,-0.01
0.05,0.01,1.0,-0.02,0.01,-0.01
0.05,0.02,1.0,-0.01,0.01,0.0
0.06,0.02,1.0,-0.02,0.0,-0.0
0.05,0.02,1.0,-0.02,-0.0,-0.0
0.05,0.02,1.0,-0.01,0.0,0.0
0.06,0.02,1.0,-0.01,0.0,-0.0
0.06,0.02,1.0,-0.03,0.01,0.0
0.05,0.02,1.0,-0.02,0.01,-0.01
0.06,0.02,1.0,-0.02,-0.0,0.0
0.05,0.01,1.0,-0.02,0.0,-0.01
0.06,0.02,1.0,-0.01,-0.01,-0.01
0.06,0.01,1.0,-0.01,-0.0,-0.0
0.05,0.02,1.0,-0.01,0.0,0.01
0.05,0.02,0.99,-0.02,0.0,0.0
0.06,0.02,1.0,-0.02,-0.0,0.01
0.05,0.02,1.0,-0.02,0.01,-0.01
0.06,0.02,1.0,-0.02,0.0,-0.0
0.05,0.02,0.99,-0.01,-0.0,0.0
0.06,0.02,1.0,-0.01,0.0,-0.0
0.05,0.02,1.0,-0.02,0.0,0.0
0.06,0.02,0.99,-0.03,0.02,-0.0
0.06,0.02,0.99,-0.02,0.01,0.01
0.05,0.02,1.0,-0.03,0.01,0.0
0.05,0.01,1.0,-0.02,0.01,-0.0
0.06,0.02,1.0,-0.01,-0.0,0.0
0.06,0.03,0.99,-0.01,0.0,-0.01
0.05,0.02,0.98,-0.02,0.0,0.0
0.06,0.02,1.0,-0.02,0.0,-0.0
0.05,0.02,1.0,-0.02,0.0,-0.0
0.05,0.02,1.0,-0.02,0.01,0.0
0.06,0.01,0.99,-0.01,-0.01,0.01
0.06,0.02,1.0,-0.02,0.01,-0.01
0.05,0.02,1.0,-0.03,0.0,0.0
0.06,0.02,1.0,-0.02,0.0,0.0
0.06,0.02,1.01,-0.03,0.01,0.0
0.05,0.02,1.0,-0.02,0.01,0.0
0.05,0.02,1.0,-0.03,0.01,-0.0
0.06,0.02,1.0,-0.01,0.01,0.0
0.06,0.02,1.0,-0.03,0.01,0.0
0.05,0.02,1.0,-0.02,0.01,0.0
0.05,0.02,1.0,-0.02,0.0,0.0
0.05,0.02,1.0,-0.02,0.01,-0.0
0.05,0.02,1.0,-0.01,0.01,-0.0
0.06,0.02,1.0,-0.02,0.0,-0.0
0.06,0.02,1.0,-0.02,-0.0,0.0
0.05,0.02,1.0,-0.02,0.01,-0.0
0.05,0.02,1.0,-0.03,0.01,0.0
0.05,0.02,1.0,-0.02,0.0,-0.01
0.05,0.01,1.0,-0.02,-0.0,0.0
0.05,0.02,1.0,-0.02,-0.0,-0.0
0.06,0.02,1.0,-0.01,-0.01,-0.0
0.05,0.02,1.0,-0.03,-0.0,0.0
0.05,0.02,1.0,-0.02,-0.0,0.0
0.05,0.02,0.99,-0.03,0.0,-0.0
0.05,0.02,1.0,-0.01,0.0,0.0
0.06,0.02,1.0,-0.02,0.01,0.0
0.05,0.02,1.0,-0.02,-0.0,0.01
0.06,0.02,1.0,-0.02,0.0,-0.0
0.06,0.02,1.0,-0.02,0.01,0.0
0.06,0.02,1.0,-0.02,0.0,-0.0
0.06,0.01,1.0,-0.02,0.01,-0.0
0.06,0.02,1.0,-0.01,0.01,-0.0
0.06,0.02,1.0,-0.02,0.01,0.0
0.05,0.02,1.0,-0.02,0.01,-0.0
0.05,0.02,0.99,-0.02,0.0,-0.0
0.06,0.02,1.0,-0.01,0.0,-0.01
0.06,0.01,1.0,-0.02,0.01,-0.01
0.05,0.02,1.0,-0.02,-0.0,-0.0
0.05,0.02,1.0,-0.01,-0.0,0.0
0.05,0.02,0.99,-0.02,0.0,-0.0
0.04,0.01,0.99,-0.02,-0.01,0.01
0.04,0.01,1.0,-0.03,0.01,-0.01
0.05,0.01,1.0,-0.02,0.0,0.0
0.07,0.02,1.0,-0.03,0.0,-0.0
0.06,0.01,1.0,-0.03,0.01,-0.0
0.06,0.02,1.0,-0.02,0.01,-0.0
0.06,0.02,0.99,-0.03,-0.0,-0.0
0.05,0.02,0.99,-0.02,0.0,0.0
0.05,0.02,0.99,-0.01,0.0,0.0
0.05,0.02,1.0,-0.01,0.0,-0.01
0.05,0.01,0.99,-0.02,0.01,-0.0
0.05,0.02,1.0,-0.02,0.01,-0.0
0.06,0.02,1.0,-0.02,0.01,-0.0
0.06,0.02,1.0,-0.02,-0.0,0.0
0.06,0.02,0.99,-0.03,0.0,0.01
0.05,0.02,0.99,-0.01,0.0,0.01
0.06,0.02,1.01,-0.01,-0.0,0.0
0.05,0.02,1.0,-0.01,0.01,-0.0
0.06,0.02,1.0,-0.01,-0.0,-0.0
0.05,0.01,0.99,-0.02,0.0,-0.01
0.06,0.02,0.99,-0.02,-0.01,0.0
0.06,0.02,1.0,-0.02,0.01,-0.01
0.05,0.02,1.0,-0.02,-0.0,0.0
0.06,0.02,1.01,-0.02,0.01,-0.01
0.06,0.02,1.0,-0.02,0.01,0.0
0.06,0.02,1.0,-0.03,0.01,0.01
0.05,0.02,1.0,-0.03,0.01,-0.0
0.06,0.02,1.0,-0.02,0.0,-0.01
0.05,0.02,1.0,-0.01,0.01,0.0
0.06,0.02,1.0,-0.01,0.0,-0.0
0.06,0.01,1.0,-0.02,0.02,-0.0
0.05,0.02,1.0,-0.01,-0.0,0.0
0.05,0.01,1.0,-0.02,-0.0,0.0
0.05,0.01,1.0,-0.03,0.02,0.0
0.06,0.01,1.0,-0.02,-0.0,0.0
0.06,0.01,1.0,-0.01,-0.0,-0.0
0.05,0.02,1.0,-0.02,0.01,-0.01
0.05,0.02,0.99,-0.02,0.01,0.0
0.05,0.02,0.99,-0.02,0.0,0.01
0.05,0.02,1.0,-0.01,0.01,-0.01
0.05,0.02,1.0,-0.01,-0.0,0.0
0.06,0.02,1.01,-0.01,0.01,0.0
0.05,0.02,1.0,-0.02,0.0,-0.0
0.05,0.02,1.0,-0.01,0.0,-0.0
0.06,0.02,1.0,-0.01,0.01,-0.01
0.06,0.02,1.0,-0.02,0.0,0.0
0.05,0.02,1.0,-0.03,0.0,0.01
0.06,0.01,1.0,-0.02,0.01,0.0
0.05,0.02,1.0,-0.02,0.0,0.0
0.05,0.02,1.0,-0.03,0.01,-0.01
0.05,0.02,1.0,-0.03,0.01,-0.0
0.05,0.02,1.0,-0.02,0.02,0.0
0.05,0.02,0.99,-0.02,0.0,-0.0
0.06,0.02,0.99,-0.01,0.0,-0.01
0.06,0.01,1.0,-0.01,-0.0,0.0
0.06,0.02,1.01,-0.02,0.0,-0.0
0.06,0.02,1.0,-0.02,0.0,0.01
0.06,0.01,1.0,-0.03,0.02,-0.0
0.06,0.02,1.0,-0.03,-0.0,0.0
0.05,0.02,1.0,-0.02,0.0,-0.0
0.06,0.02,1.0,-0.02,0.0,-0.01
0.05,0.02,1.0,-0.03,0.01,-0.01
0.05,0.02,1.0,-0.02,0.0,0.0
0.06,0.02,1.0,-0.01,0.0,-0.0
0.05,0.02,1.0,-0.02,0.01,0.0
0.06,0.02,0.99,-0.02,0.01,-0.01
0.06,0.02,1.0,-0.02,-0.01,-0.0
0.06,0.01,1.0,-0.02,0.01,-0.01
0.05,0.02,0.99,-0.02,0.0,-0.01
0.06,0.02,1.0,-0.02,0.01,0.0
0.05,0.02,1.0,-0.02,0.0,-0.0
0.06,0.02,1.0,-0.02,0.0,0.0
0.05,0.02,1.0,-0.02,0.0,0.0
0.05,0.02,1.0,-0.02,0.01,0.0
0.05,0.02,1.0,-0.02,-0.01,0.01
0.06,0.02,1.0,-0.01,-0.0,-0.0
0.05,0.02,1.0,-0.02,0.01,-0.0
0.05,0.02,1.0,-0.02,0.01,-0.01
0.05,0.02,1.0,-0.02,0.0,0.01
0.06,0.03,1.0,-0.02,0.01,-0.01
0.06,0.02,1.0,-0.02,-0.01,0.01
0.05,0.02,0.99,-0.02,0.01,-0.0
0.06,0.02,1.0,-0.02,0.0,-0.0
0.05,0.02,1.0,-0.02,0.01,-0.0
0.06,0.02,1.0,-0.02,0.01,-0.0
0.05,0.02,0.99,-0.02,0.01,0.01
0.06,0.02,1.0,-0.03,0.0,0.01
0.05,0.02,1.0,-0.02,0.01,0.0
0.05,0.02,1.0,-0.03,-0.0,0.0
0.05,0.02,1.0,-0.02,0.01,-0.01
0.05,0.02,1.0,-0.02,0.01,-0.0
0.05,0.01,1.0,-0.02,0.01,0.0
0.06,0.02,1.01,-0.03,0.01,-0.0
0.05,0.03,1.0,-0.02,0.01,0.0
0.05,0.01,1.0,-0.02,0.0,0.01
0.06,0.02,1.0,-0.01,0.0,0.0
0.06,0.02,1.0,-0.01,0.0,0.01
0.05,0.01,0.99,-0.03,0.02,-0.01
0.05,0.02,1.0,-0.02,-0.0,0.0
0.05,0.02,1.0,-0.01,0.0,-0.01
0.05,0.02,1.0,-0.01,-0.0,-0.01
0.05,0.02,1.0,-0.01,0.0,-0.0
0.05,0.02,1.0,-0.01,-0.0,0.01
0.06,0.02,1.0,-0.02,0.01,0.0
0.06,0.02,1.0,-0.02,0.01,0.0
0.05,0.02,1.0,-0.02,0.01,0.0
0.06,0.02,1.0,-0.01,-0.0,-0.0
0.05,0.02,1.0,-0.02,0.01,-0.0
0.05,0.02,1.0,-0.01,0.01,-0.01
0.06,0.02,1.0,-0.02,0.01,0.0
0.05,0.02,1.0,-0.02,0.01,-0.0
0.05,0.02,1.0,-0.01,0.0,-0.0
0.05,0.02,1.0,-0.01,-0.0,0.0
0.05,0.02,1.0,-0.02,0.01,-0.0
0.06,0.02,1.0,-0.02,-0.0,0.01
0.05,0.02,1.0,-0.03,0.01,-0.0
0.06,0.01,1.0,-0.02,0.01,-0.01
0.06,0.02,1.0,-0.01,-0.0,-0.0
0.05,0.01,1.0,-0.02,-0.0,0.0
0.06,0.02,1.0,-0.02,0.01,-0.01
0.06,0.02,1.0,-0.02,-0.01,0.0
0.05,0.02,1.0,-0.02,0.0,0.0
0.05,0.02,1.0,-0.01,0.0,-0.0
0.06,0.02,1.0,-0.01,0.0,-0.0
0.05,0.02,1.0,-0.02,0.01,0.0
0.05,0.02,1.01,-0.02,0.01,0.0
0.06,0.01,1.0,-0.02,-0.0,0.0
0.06,0.01,1.0,-0.01,0.0,-0.0
0.06,0.02,1.0,-0.02,0.0,0.0
0.05,0.02,1.0,-0.01,0.01,0.0
0.05,0.02,1.0,-0.02,0.0,0.01
0.05,0.02,1.0,-0.03,0.02,0.0
0.05,0.01,1.0,-0.03,0.0,-0.01
0.05,0.02,1.0,-0.02,0.01,-0.0
0.04,0.02,1.0,-0.02,-0.01,0.0
0.06,0.02,1.0,-0.02,0.0,0.0
0.05,0.03,1.01,-0.03,0.0,0.0
0.06,0.02,0.99,-0.01,0.01,-0.0
0.05,0.01,0.99,-0.02,0.0,0.0
0.06,0.02,1.0,-0.02,0.01,0.0
0.06,0.01,1.0,-0.02,-0.01,-0.01
0.05,0.02,1.0,-0.01,0.0,-0.01
0.06,0.02,1.0,-0.01,-0.0,0.0
0.06,0.02,1.0,-0.03,0.0,0.0
0.06,0.02,1.0,-0.03,0.0,0.0
0.06,0.02,1.01,-0.03,0.01,0.0
0.06,0.02,1.0,-0.03,-0.0,0.0
0.05,0.02,0.99,-0.03,0.01,-0.01
0.06,0.01,1.0,-0.02,0.0,-0.0
0.06,0.01,1.0,-0.01,0.01,-0.0
0.05,0.02,1.0,-0.02,0.01,0.0
0.05,0.02,1.0,-0.01,0.0,0.0
0.05,0.01,1.0,-0.01,0.01,0.0
0.05,0.02,1.0,-0.02,0.01,-0.0
0.06,0.02,1.0,-0.03,-0.0,-0.0
0.05,0.02,1.0,-0.02,0.0,0.0
0.06,0.02,1.0,-0.02,0.01,-0.01
0.06,0.02,1.0,-0.02,0.01,-0.01
0.05,0.02,1.0,-0.02,-0.0,0.0
0.05,0.02,0.99,-0.01,0.01,-0.0
0.06,0.02,1.0,-0.01,-0.01,0.0
0.05,0.02,1.0,-0.03,0.0,-0.0
0.06,0.02,1.0,-0.02,-0.0,-0.01
0.05,0.02,1.0,-0.02,0.01,-0.01
0.05,0.02,1.0,-0.01,0.0,-0.0
0.06,0.01,1.0,-0.02,0.01,-0.01
0.05,0.02,1.0,-0.01,0.0,0.01
0.05,0.02,1.0,-0.03,0.0,-0.0
0.06,0.02,0.99,-0.02,0.0,0.0
0.05,0.02,1.0,-0.01,0.01,-0.0
0.05,0.02,0.99,-0.01,0.0,0.01
0.05,0.02,1.0,-0.02,0.02,-0.0
0.06,0.01,1.0,-0.02,0.01,-0.01
0.05,0.02,1.0,-0.02,0.01,-0.0
0.05,0.02,1.0,-0.02,-0.0,0.01
0.06,0.02,1.0,-0.03,0.0,-0.0
0.06,0.01,1.01,-0.02,0.01,-0.0
0.05,0.02,1.0,-0.02,0.01,-0.01
0.05,0.02,1.0,-0.01,0.0,0.0
0.05,0.01,1.0,-0.01,0.0,-0.0
0.05,0.03,1.0,-0.02,0.0,-0.01
0.05,0.02,1.0,-0.01,0.0,-0.0
0.05,0.02,0.98,-0.01,-0.0,0.01
0.05,0.02,1.0,-0.02,0.0,0.0
0.05,0.01,0.99,-0.01,0.0,0.0
0.05,0.02,0.99,-0.03,0.0,0.0
0.06,0.02,1.0,-0.03,-0.0,0.0
0.06,0.02,1.0,-0.03,0.01,-0.01
0.06,0.01,1.0,-0.03,0.01,-0.01
0.05,0.02,1.0,-0.02,0.01,-0.0
0.05,0.02,1.0,-0.02,0.01,-0.0
0.06,0.02,1.0,-0.01,0.0,-0.0
0.05,0.02,1.0,-0.01,0.0,0.0
0.05,0.02,1.0,-0.02,0.01,0.0
0.06,0.02,1.0,-0.03,0.01,-0.0
0.05,0.02,1.0,-0.02,0.01,0.0
0.05,0.02,1.0,-0.02,0.01,-0.0
0.05,0.01,1.0,-0.02,0.0,-0.0
0.05,0.01,1.0,-0.01,-0.01,0.0
0.05,0.02,1.01,-0.03,0.01,0.0
0.06,0.02,0.99,-0.02,-0.01,0.0
0.06,0.02,1.01,-0.03,0.01,0.0
0.05,0.01,1.0,-0.03,-0.0,0.0
0.05,0.02,1.0,-0.02,0.0,-0.0
0.05,0.02,1.0,-0.02,0.0,-0.01
0.05,0.02,0.99,-0.02,0.01,0.0
0.05,0.02,0.99,-0.01,-0.0,0.0
0.06,0.02,1.0,-0.02,0.01,0.0
0.06,0.02,1.01,-0.03,0.01,-0.0
0.06,0.02,1.0,-0.03,0.02,-0.02
0.05,0.02,1.0,-0.04,0.01,0.0
0.05,0.01,1.0,-0.02,0.0,0.01
0.05,0.02,0.99,-0.02,0.01,-0.0
0.05,0.02,1.0,-0.01,-0.01,0.0
0.05,0.02,1.0,-0.01,-0.0,-0.0
0.05,0.02,1.0,-0.02,0.01,-0.0
0.06,0.02,1.01,-0.01,0.0,0.0
0.05,0.02,1.0,-0.02,0.01,0.0
0.05,0.02,0.99,-0.01,0.01,-0.01
0.05,0.02,0.99,-0.02,0.01,-0.0
0.05,0.02,1.0,-0.01,-0.01,-0.01
0.05,0.03,1.01,-0.02,0.0,-0.01
0.06,0.02,1.01,-0.01,-0.0,0.0
0.05,0.02,1.0,-0.03,0.01,-0.0
0.05,0.02,1.0,-0.02,0.0,0.0
0.05,0.02,1.0,-0.01,0.0,0.0
0.05,0.01,1.0,-0.02,0.0,0.0
0.06,0.02,1.0,-0.02,0.0,0.0
0.05,0.02,0.99,-0.02,0.01,-0.01
0.06,0.02,1.01,-0.02,0.0,-0.01
0.05,0.02,1.0,-0.03,0.01,-0.0
0.05,0.02,1.0,-0.02,0.01,0.0
0.06,0.02,1.01,-0.01,0.0,0.0
0.05,0.02,1.0,-0.02,0.01,0.01
0.06,0.02,1.0,-0.03,0.0,0.0
0.05,0.01,1.0,-0.03,0.0,0.0
0.06,0.02,1.0,-0.02,0.01,0.0
0.05,0.01,1.0,-0.02,0.0,-0.01
0.06,0.02,1.0,-0.01,-0.0,0.0
0.05,0.02,1.0,-0.03,0.01,-0.01
0.06,0.02,1.0,-0.01,-0.01,0.01
0.06,0.02,1.0,-0.03,0.0,0.01
0.05,0.02,1.0,-0.03,0.0,0.0
0.05,0.02,1.0,-0.02,0.0,0.0
0.05,0.01,1.0,-0.03,0.0,0.0
0.06,0.01,1.0,-0.01,0.0,-0.0
0.05,0.02,1.0,-0.02,-0.0,-0.0
0.05,0.02,1.0,-0.02,0.01,0.0
0.06,0.02,1.0,-0.01,0.0,0.0
0.05,0.02,1.0,-0.02,0.01,0.01
0.05,0.02,1.0,-0.03,0.0,0.01
0.05,0.02,1.0,-0.02,0.01,-0.0
0.06,0.02,0.99,-0.02,0.0,-0.01
0.05,0.01,0.99,-0.01,-0.0,-0.01
0.05,0.01,0.99,-0.01,-0.0,0.0
0.05,0.02,0.99,-0.02,0.0,0.0
0.06,0.02,1.0,-0.02,0.0,-0.0
0.05,0.02,0.99,-0.02,0.01,0.0
0.05,0.01,1.0,-0.01,0.0,-0.0
0.05,0.01,1.01,-0.02,0.0,-0.0
0.05,0.02,1.0,-0.01,-0.0,-0.0
0.06,0.02,1.0,-0.02,0.01,0.0
0.06,0.02,1.0,-0.02,-0.0,0.0
0.05,0.02,1.01,-0.03,0.01,-0.01
0.05,0.02,1.0,-0.01,-0.0,0.0
0.06,0.01,1.0,-0.03,0.01,-0.0
0.06,0.01,1.0,-0.02,-0.0,-0.0
0.05,0.01,0.99,-0.02,0.0,0.0
0.05,0.02,1.01,-0.01,0.0,0.0
0.05,0.02,1.0,-0.01,0.0,-0.0
0.05,0.01,1.0,-0.02,0.01,-0.0
0.06,0.02,1.0,-0.02,0.0,0.0
0.05,0.02,1.0,-0.03,0.01,0.0
0.06,0.02,1.0,-0.03,0.01,-0.0
0.05,0.02,1.0,-0.03,0.0,0.01
0.05,0.02,1.0,-0.02,0.0,-0.0
0.05,0.02,1.0,-0.02,0.01,0.0
0.05,0.02,1.0,-0.01,-0.0,0.0
0.06,0.02,1.0,-0.02,-0.0,0.0
0.06,0.02,1.0,-0.03,0.01,-0.01
0.05,0.01,1.0,-0.02,0.0,0.0
0.05,0.01,1.0,-0.02,0.01,-0.0
0.05,0.01,0.99,-0.01,-0.0,0.01
0.05,0.01,1.0,-0.02,0.0,0.0
0.06,0.02,1.0,-0.02,0.01,0.0
0.05,0.02,1.0,-0.02,0.0,-0.01
0.06,0.02,1.0,-0.02,-0.0,0.0
0.06,0.02,1.0,-0.02,0.01,0.0
0.06,0.02,0.99,-0.02,0.0,0.0
0.06,0.02,1.0,-0.03,0.0,-0.01
0.05,0.02,1.0,-0.02,0.01,0.01
0.06,0.02,1.0,-0.03,0.0,0.0
0.05,0.02,1.0,-0.03,0.01,0.0
0.06,0.02,1.0,-0.01,0.0,-0.0
0.06,0.02,1.0,-0.02,-0.0,-0.0
0.06,0.02,1.0,-0.02,0.01,-0.0
0.05,0.02,1.01,-0.02,0.01,0.01
0.06,0.02,1.0,-0.02,0.01,-0.0
0.05,0.02,1.0,-0.02,-0.0,0.0
0.06,0.02,1.0,-0.02,0.0,-0.0
0.05,0.01,1.0,-0.02,-0.01,-0.01
0.05,0.01,1.0,-0.03,0.01,-0.0
0.05,0.01,0.99,-0.02,-0.0,-0.0
0.06,0.01,0.99,-0.02,0.01,-0.0
0.06,0.01,1.0,-0.02,0.0,-0.0
0.05,0.01,1.0,-0.01,0.01,-0.01
0.05,0.01,1.0,-0.01,-0.0,0.0
0.05,0.01,1.01,-0.02,0.0,0.0
0.05,0.02,1.01,-0.03,0.01,-0.01
0.05,0.02,1.0,-0.02,-0.0,0.0
0.06,0.02,1.0,-0.02,0.01,-0.0
0.06,0.02,1.0,-0.02,0.01,-0.01
0.05,0.02,0.99,-0.03,0.0,0.0
0.05,0.01,0.99,-0.03,0.01,0.0
0.05,0.02,1.0,-0.03,-0.0,0.0
0.06,0.01,1.0,-0.02,0.0,0.0
0.05,0.02,1.0,-0.02,0.0,-0.01
0.06,0.02,1.0,-0.02,0.01,0.0
0.05,0.01,0.99,-0.02,-0.0,0.0
0.06,0.02,1.0,-0.02,0.01,-0.0
0.06,0.02,1.0,-0.01,-0.01,0.0
0.05,0.02,1.01,-0.02,0.01,-0.0
0.05,0.02,1.0,-0.02,-0.0,-0.0
0.05,0.02,1.0,-0.02,0.01,-0.0
0.06,0.02,1.0,-0.03,0.01,0.0
0.05,0.01,1.0,-0.02,0.01,-0.0
0.06,0.01,0.99,-0.02,-0.0,0.0
0.06,0.01,1.0,-0.01,0.01,0.01
0.05,0.02,1.0,-0.02,0.0,-0.0
0.06,0.02,1.0,-0.02,0.0,0.0
0.05,0.02,1.0,-0.04,0.01,0.01
0.05,0.02,1.01,-0.03,0.01,0.0
0.06,0.02,1.0,-0.03,0.0,0.0
0.05,0.02,1.0,-0.02,-0.0,-0.0
0.06,0.02,0.99,-0.01,-0.0,0.01
0.05,0.02,1.0,-0.03,0.01,-0.01
0.06,0.02,1.0,-0.02,-0.0,0.0
0.05,0.02,1.0,-0.03,0.0,0.0
0.06,0.01,1.0,-0.02,0.0,-0.0
0.06,0.02,1.0,-0.02,0.01,0.0
0.05,0.02,1.0,-0.03,0.0,-0.0
0.05,0.02,1.0,-0.02,0.01,-0.0
0.05,0.02,1.0,-0.02,0.0,0.0
0.06,0.02,1.0,-0.02,0.01,-0.0
0.06,0.01,1.0,-0.02,0.0,0.01
0.05,0.02,1.0,-0.03,0.01,-0.0
0.05,0.02,1.0,-0.03,0.0,0.0
0.05,0.02,1.0,-0.02,-0.0,-0.0
0.06,0.01,1.0,-0.02,0.01,-0.0
0.06,0.02,1.0,-0.01,-0.0,-0.0
0.05,0.0,1.01,-0.02,-0.0,-0.01
0.06,0.02,1.0,-0.01,-0.0,-0.0
0.05,0.02,1.0,-0.02,0.01,0.0
0.05,0.02,1.01,-0.03,0.01,-0.0
0.06,0.03,1.0,-0.02,0.0,-0.0
0.05,0.02,1.0,-0.02,0.0,-0.0
0.05,0.02,1.0,-0.01,0.0,-0.01
0.05,0.02,1.0,-0.02,0.0,-0.01
0.05,0.02,1.0,-0.02,-0.0,-0.01
0.05,0.01,1.0,-0.02,0.01,0.0
0.06,0.01,1.0,-0.01,-0.01,0.0
0.05,0.01,1.0,-0.01,0.01,0.0
0.06,0.02,1.0,-0.01,0.0,-0.0
0.05,0.02,1.0,-0.02,0.01,-0.0
0.06,0.02,1.0,-0.02,0.01,0.0
0.05,0.02,1.0,-0.02,0.01,-0.01
0.05,0.02,1.0,-0.02,0.0,-0.0
0.05,0.02,1.0,-0.02,0.01,-0.0
0.06,0.02,1.0,-0.02,-0.0,0.0
0.05,0.02,1.0,-0.02,0.01,0.0
0.05,0.01,1.0,-0.02,0.0,0.01
0.05,0.02,1.0,-0.02,0.01,-0.0
0.05,0.02,0.99,-0.02,0.0,0.0
0.06,0.01,1.0,-0.02,0.01,-0.0
0.06,0.02,1.0,-0.02,-0.0,0.0
0.05,0.02,1.0,-0.03,0.01,-0.01
0.06,0.02,1.0,-0.02,0.01,-0.0
0.06,0.02,1.0,-0.02,0.01,0.0
0.05,0.02,1.0,-0.03,-0.0,0.0
0.05,0.02,1.0,-0.01,0.0,0.0
0.06,0.02,1.0,-0.02,0.01,-0.0
0.05,0.02,1.0,-0.02,0.01,0.0
0.05,0.02,0.99,-0.01,-0.01,0.0
0.05,0.02,1.0,-0.02,0.0,-0.0
0.06,0.02,0.99,-0.02,0.01,0.0
0.05,0.01,1.0,-0.01,0.0,0.01
0.05,0.02,0.99,-0.02,0.0,0.01
0.06,0.02,1.0,-0.02,0.01,0.0
0.06,0.02,1.0,-0.03,0.01,0.0
0.06,0.02,1.0,-0.03,-0.0,0.0
0.06,0.02,1.0,-0.05,0.01,0.0
0.06,0.02,1.0,-0.03,0.01,-0.0
0.05,0.02,1.0,-0.03,0.0,-0.0
0.06,0.02,0.99,-0.01,0.0,0.01
0.06,0.02,1.0,-0.03,0.01,-0.01
0.05,0.0,0.99,-0.03,0.0,0.0
0.05,0.02,1.0,-0.01,0.01,0.0
0.06,0.01,1.0,-0.02,-0.0,-0.0
0.06,0.01,1.0,-0.02,0.0,-0.0
0.05,0.02,1.0,-0.01,0.01,-0.0
0.06,0.02,1.0,-0.02,0.01,-0.01
0.05,0.02,1.0,-0.02,0.01,0.0
0.05,0.02,0.99,-0.01,0.0,0.01
0.05,0.02,1.0,-0.02,0.0,0.0
0.06,0.02,1.0,-0.02,0.0,0.0
0.06,0.02,1.0,-0.02,-0.0,-0.01
0.06,0.02,1.0,-0.02,-0.0,-0.0
0.05,0.02,1.0,-0.02,0.01,0.0
0.05,0.02,1.0,-0.02,-0.0,0.0
0.06,0.02,1.0,-0.02,0.0,-0.0
0.05,0.02,1.0,-0.02,0.01,0.0
0.05,0.02,0.99,-0.02,-0.0,0.01
0.05,0.02,1.0,-0.03,0.01,-0.01
0.05,0.02,1.0,-0.02,-0.0,-0.0
0.05,0.02,1.0,-0.01,-0.0,-0.0
0.06,0.02,1.0,-0.02,0.01,-0.0
0.05,0.02,1.0,-0.01,0.0,0.01
0.06,0.02,1.0,-0.02,0.01,-0.01
0.05,0.02,1.0,-0.02,0.0,-0.0
0.05,0.02,1.0,-0.02,0.01,-0.0
0.05,0.01,1.0,-0.01,0.0,-0.0
0.05,0.02,1.0,-0.02,0.01,-0.01
0.06,0.02,1.0,-0.01,0.0,0.0
0.05,0.02,1.0,-0.02,0.01,-0.01
0.05,0.02,1.0,-0.01,0.0,0.0
0.06,0.02,1.0,-0.02,0.01,0.0
0.05,0.02,1.0,-0.02,-0.0,-0.0
0.05,0.02,1.0,-0.02,0.0,0.0
0.06,0.02,1.0,-0.02,0.01,0.0
0.05,0.02,1.01,-0.02,-0.0,-0.0
0.05,0.02,1.0,-0.02,0.0,-0.0
0.05,0.02,0.99,-0.01,0.0,-0.01
0.05,0.02,1.0,-0.01,0.0,0.0
0.06,0.02,1.0,-0.02,0.0,0.0
0.06,0.02,1.0,-0.02,0.0,-0.01
0.06,0.02,1.0,-0.02,0.01,0.0
0.05,0.02,1.0,-0.02,0.01,-0.0
0.06,0.02,1.0,-0.02,-0.0,0.0
0.05,0.02,1.0,-0.02,0.0,-0.0
0.06,0.02,1.0,-0.01,0.01,-0.01
0.05,0.02,1.0,-0.02,0.0,-0.01
0.05,0.02,1.0,-0.01,0.01,0.0
0.06,0.02,0.99,-0.01,0.01,0.0
0.06,0.02,1.0,-0.02,0.0,0.0
0.06,0.01,1.0,-0.03,0.01,0.0
0.06,0.01,1.0,-0.02,0.0,-0.01
0.05,0.02,1.0,-0.02,-0.0,-0.0
0.05,0.01,0.99,-0.02,0.01,-0.0
0.06,0.02,1.0,-0.02,0.0,-0.0
0.05,0.02,1.0,-0.02,0.01,0.0
0.05,0.02,1.0,-0.02,-0.0,0.0
0.05,0.02,1.0,-0.02,0.0,0.01
0.05,0.02,1.0,-0.02,0.01,-0.0
0.05,0.02,1.0,-0.02,0.0,-0.01
0.05,0.01,1.0,-0.02,0.0,-0.0
0.05,0.02,1.0,-0.02,0.01,0.0
0.05,0.01,0.99,-0.02,0.01,0.0
0.05,0.02,1.0,-0.03,0.0,0.01
0.05,0.02,1.0,-0.02,0.0,0.0
0.05,0.02,1.0,-0.02,0.0,-0.0
0.05,0.02,0.99,-0.02,0.01,0.0
0.05,0.02,1.0,-0.01,0.0,-0.01
0.05,0.02,1.0,-0.02,0.0,-0.0
0.05,0.02,1.0,-0.02,0.01,-0.0
0.05,0.01,1.0,-0.02,0.01,-0.0
0.05,0.02,1.0,-0.02,-0.0,0.0
0.06,0.01,1.0,-0.02,0.01,0.0
0.05,0.02,1.0,-0.03,0.01,0.0
0.05,0.02,0.99,-0.02,0.01,-0.0
0.06,0.01,1.0,-0.01,-0.01,0.0
0.06,0.02,1.0,-0.02,0.0,0.0
0.05,0.02,1.0,-0.01,-0.0,-0.0
0.05,0.02,0.99,-0.02,0.0,-0.0
0.05,0.02,1.0,-0.02,0.0,0.01
0.05,0.02,1.0,-0.01,0.01,-0.0
0.05,0.02,1.0,-0.01,0.0,0.0
0.05,0.02,0.99,-0.02,0.0,-0.0
0.05,0.02,0.99,-0.02,-0.0,-0.0
0.05,0.02,1.0,-0.01,-0.0,0.0
0.06,0.01,1.0,-0.02,0.01,-0.01
0.06,0.02,1.0,-0.01,-0.0,-0.0
0.05,0.02,1.0,-0.02,0.01,-0.01
0.06,0.01,1.0,-0.01,0.0,-0.0
0.06,0.01,1.0,-0.01,-0.0,0.0
0.05,0.01,1.0,-0.02,0.01,0.0
0.05,0.03,1.0,-0.02,-0.0,0.0
0.05,0.02,1.0,-0.01,0.01,-0.01
0.05,0.01,1.0,-0.01,0.01,-0.0
0.05,0.01,1.0,-0.02,0.0,-0.0
0.05,0.02,1.0,-0.02,-0.0,0.0
0.05,0.02,1.0,-0.02,-0.01,0.01
0.06,0.02,1.0,-0.03,0.01,0.0
0.05,0.02,1.0,-0.03,0.01,-0.01
0.05,0.02,1.0,-0.02,-0.0,0.0
0.06,0.02,1.0,-0.01,0.01,-0.0
0.05,0.02,1.0,-0.02,0.01,-0.01
0.05,0.02,1.0,-0.01,0.01,-0.01
0.05,0.02,1.0,-0.01,-0.0,0.01
0.05,0.02,1.0,-0.01,0.0,-0.01
0.05,0.02,1.0,-0.02,0.01,0.01
0.06,0.02,0.99,-0.02,0.0,0.0
0.06,0.02,1.0,-0.01,0.0,0.01
0.05,0.01,0.99,-0.03,0.0,-0.0
0.06,0.02,1.0,-0.02,0.01,-0.0
0.05,0.01,1.0,-0.02,0.01,-0.0
0.05,0.02,1.0,-0.02,0.0,0.01
0.05,0.02,1.0,-0.02,0.0,0.0
0.05,0.02,1.0,-0.02,0.0,0.01
0.05,0.02,1.0,-0.03,0.02,-0.01
0.06,0.02,1.0,-0.02,-0.0,0.0
0.05,0.02,0.99,-0.02,0.0,0.0
0.05,0.02,1.0,-0.02,-0.0,0.0
0.05,0.02,0.99,-0.03,0.01,-0.01
0.06,0.01,1.0,-0.02,-0.0,0.01
0.05,0.02,0.99,-0.01,0.01,-0.0
0.05,0.02,1.0,-0.02,0.0,0.01
0.06,0.01,0.99,-0.03,0.02,-0.0
0.06,0.02,1.0,-0.01,-0.0,0.0
0.05,0.01,1.0,-0.02,-0.0,-0.0
0.06,0.02,1.01,-0.01,0.01,-0.0
0.05,0.02,1.0,-0.02,0.0,-0.01
0.06,0.02,1.0,-0.01,0.01,-0.0
0.05,0.02,0.99,-0.01,0.0,-0.0
0.05,0.02,1.0,-0.02,0.0,-0.0
0.05,0.02,1.0,-0.02,0.01,-0.0
0.05,0.01,0.99,-0.02,-0.0,-0.0
0.04,0.02,1.0,-0.01,0.0,-0.01
0.06,0.01,1.0,-0.02,0.01,-0.0
0.05,0.02,0.99,-0.01,0.0,0.0
0.06,0.02,1.0,-0.02,-0.0,0.0
0.05,0.02,1.0,-0.02,0.01,0.01
0.06,0.01,1.0,-0.02,0.0,0.01
0.06,0.02,1.0,-0.03,0.02,-0.01
0.05,0.01,1.0,-0.03,-0.0,-0.0
0.06,0.02,1.0,-0.02,0.01,-0.01
0.05,0.02,1.0,-0.02,0.01,-0.01
0.06,0.01,1.0,-0.01,0.01,0.01
0.06,0.01,0.99,-0.02,-0.0,0.01
0.06,0.02,1.01,-0.03,0.02,-0.01
0.06,0.02,1.0,-0.03,0.01,-0.0
0.05,0.02,1.01,-0.01,0.01,-0.01
0.05,0.02,1.0,-0.02,0.01,0.0
0.05,0.02,1.0,-0.01,0.01,-0.01
0.05,0.02,1.0,-0.02,0.01,-0.0
0.05,0.02,1.0,-0.02,0.0,-0.0
0.05,0.02,1.01,-0.01,-0.0,0.01
0.06,0.02,1.0,-0.02,0.0,-0.0
0.05,0.01,0.99,-0.01,0.0,0.0
0.05,0.02,1.0,-0.03,0.01,0.0
0.06,0.02,1.0,-0.03,-0.0,-0.0
0.06,0.02,1.0,-0.02,0.0,0.0
0.05,0.01,1.0,-0.03,0.01,0.0
0.06,0.02,1.0,-0.03,0.01,-0.0
0.06,0.02,1.0,-0.03,-0.0,0.01
0.06,0.02,1.0,-0.04,0.01,-0.0
0.06,0.02,1.0,-0.02,0.0,0.0
0.05,0.02,1.0,-0.02,0.01,0.0
0.05,0.02,1.0,-0.03,0.0,0.0
0.06,0.02,1.0,-0.02,0.01,-0.0
0.05,0.02,0.99,-0.02,0.01,-0.01
0.05,0.01,1.0,-0.01,0.0,0.0
0.06,0.02,1.0,-0.02,0.01,0.0
0.06,0.02,1.0,-0.02,0.01,-0.01
0.05,0.02,0.99,-0.02,0.01,0.0
0.06,0.02,1.0,-0.01,0.0,0.01
0.05,0.01,1.0,-0.02,-0.0,0.0
0.06,0.02,1.0,-0.01,0.0,0.0
0.05,0.02,1.0,-0.02,0.01,-0.0
0.05,0.02,1.0,-0.01,-0.0,0.0
0.05,0.02,1.0,-0.02,-0.0,0.01
0.05,0.02,0.98,-0.02,0.01,0.0
0.05,0.02,1.0,-0.01,-0.0,0.01
0.05,0.02,1.01,-0.03,0.02,0.0
0.05,0.02,1.0,-0.02,0.0,0.0
0.06,0.03,1.01,-0.02,0.01,-0.01
0.05,0.01,1.0,-0.02,0.01,-0.0
0.06,0.01,1.01,-0.02,0.01,-0.01
0.06,0.02,1.0,-0.01,-0.0,-0.0
0.06,0.02,1.0,-0.02,0.01,-0.0
0.06,0.02,1.0,-0.03,0.01,-0.0
0.05,0.02,1.0,-0.03,0.02,-0.0
0.06,0.02,1.0,-0.01,-0.0,-0.0
0.05,0.01,0.99,-0.02,0.0,-0.0
0.05,0.01,1.0,-0.02,0.01,-0.0
0.05,0.02,1.0,-0.02,0.0,-0.0
0.05,0.01,1.0,-0.01,-0.0,0.01
0.05,0.02,1.0,-0.03,0.0,-0.0
0.06,0.02,1.0,-0.01,-0.0,0.0
0.05,0.02,1.01,-0.03,0.02,-0.01
0.05,0.02,1.0,-0.02,-0.0,0.0
0.05,0.02,1.0,-0.02,0.0,-0.0
0.05,0.02,1.0,-0.02,-0.0,-0.01
0.06,0.02,1.0,-0.02,0.0,-0.0
0.06,0.02,1.0,-0.02,0.0,0.01
0.06,0.02,1.0,-0.02,0.02,-0.0
0.06,0.02,1.0,-0.02,-0.0,0.01
0.06,0.02,1.0,-0.02,0.01,-0.0
0.06,0.02,1.0,-0.02,-0.0,-0.0
0.05,0.02,1.0,-0.03,0.0,-0.0
0.05,0.02,1.0,-0.02,0.01,-0.01
0.05,0.01,1.0,-0.01,0.0,-0.0
0.05,0.02,1.01,-0.02,0.01,-0.01
0.06,0.02,1.0,-0.01,0.01,-0.0
0.05,0.02,1.0,-0.02,0.0,0.0
0.05,0.02,1.0,-0.02,0.01,-0.0
0.05,0.02,1.01,-0.02,-0.0,-0.0
0.05,0.02,1.0,-0.02,-0.0,0.0
0.05,0.02,1.0,-0.01,0.0,-0.01
0.05,0.01,1.0,-0.02,0.01,-0.01
0.05,0.02,0.99,-0.01,-0.0,0.01
0.05,0.01,1.0,-0.02,0.0,0.0
0.05,0.01,1.0,-0.02,-0.0,0.01
0.05,0.02,1.0,-0.03,0.02,-0.0
0.05,0.02,1.0,-0.02,0.0,0.0
0.06,0.02,1.0,-0.01,-0.0,-0.0
0.05,0.03,1.0,-0.02,0.01,-0.0
0.06,0.02,1.0,-0.01,0.0,-0.01
0.06,0.01,1.01,-0.02,-0.01,0.0
0.06,0.02,1.0,-0.02,0.01,-0.0
0.06,0.01,1.0,-0.03,0.0,0.0
0.05,0.03,1.0,-0.02,0.01,-0.0
0.06,0.01,1.01,-0.02,-0.0,0.01
0.05,0.01,1.01,-0.01,-0.01,-0.01
0.06,0.01,1.0,-0.02,0.01,-0.0
0.06,0.01,1.0,-0.02,0.01,-0.0
0.05,0.02,1.01,-0.01,0.0,-0.0
0.05,0.02,1.0,-0.02,0.0,0.01
0.05,0.02,1.01,-0.01,0.0,0.01
0.05,0.02,0.99,-0.02,0.01,0.0
0.05,0.02,0.99,-0.02,0.0,0.0
0.06,0.02,1.0,-0.02,0.0,0.0
0.05,0.02,1.0,-0.03,0.0,0.0
0.05,0.02,0.99,-0.01,0.01,-0.0
0.05,0.02,1.0,-0.02,-0.0,0.01
0.05,0.01,0.99,-0.02,-0.0,0.01
0.06,0.02,1.01,-0.02,0.0,0.0
0.05,0.02,1.0,-0.03,0.01,-0.0
0.06,0.02,1.0,-0.02,0.0,0.0
0.06,0.02,1.0,-0.02,0.0,-0.0
0.05,0.02,1.0,-0.03,0.01,0.0
0.05,0.02,1.0,-0.01,-0.0,-0.0
0.05,0.01,1.0,-0.01,0.01,0.0
0.05,0.02,0.99,-0.02,0.0,-0.01
0.05,0.02,0.99,-0.02,-0.0,-0.0
0.05,0.02,0.99,-0.02,0.01,-0.01
0.05,0.01,1.0,-0.01,-0.0,-0.0
0.05,0.01,1.0,-0.02,0.0,0.0
0.06,0.02,1.0,-0.01,0.01,-0.0
0.05,0.02,1.01,-0.02,0.01,-0.01
0.05,0.02,1.0,-0.02,-0.0,0.01
0.05,0.02,1.0,-0.03,-0.0,0.01
0.06,0.02,1.0,-0.03,-0.0,-0.0
0.05,0.02,1.0,-0.02,0.01,-0.0
0.05,0.02,1.0,-0.02,-0.0,0.01
0.06,0.02,0.99,-0.02,0.0,-0.0
0.06,0.02,1.0,-0.02,0.0,-0.01
0.05,0.01,0.99,-0.01,0.01,0.0
0.05,0.02,1.0,-0.02,-0.0,0.01
0.05,0.01,1.0,-0.02,0.01,-0.0
0.06,0.02,1.0,-0.02,0.01,0.0
0.06,0.02,0.99,-0.02,0.0,-0.0
0.05,0.03,1.01,-0.03,0.01,0.0
0.05,0.03,1.0,-0.02,0.0,-0.0
0.05,0.03,1.0,-0.01,0.0,-0.0
0.05,0.02,1.0,-0.01,0.01,-0.0
0.06,0.02,1.01,-0.01,-0.0,0.01
0.05,0.01,1.0,-0.03,0.0,-0.0
0.06,0.01,1.0,-0.02,0.0,0.01
0.05,0.01,1.0,-0.03,0.01,0.0
0.05,0.01,1.0,-0.03,0.0,-0.0
0.06,0.01,1.0,-0.02,-0.0,0.01
0.06,0.02,1.01,-0.02,0.0,-0.0
0.06,0.02,1.0,-0.02,0.0,-0.0
0.06,0.02,1.0,-0.02,-0.0,0.01
0.05,0.02,1.0,-0.03,0.01,0.0
0.06,0.02,1.0,-0.01,0.0,0.0
0.05,0.02,1.0,-0.02,0.01,-0.0
0.05,0.02,1.0,-0.01,-0.0,0.0
0.05,0.02,0.99,-0.02,0.0,-0.0
0.05,0.01,1.0,-0.01,0.01,0.0
0.05,0.02,1.0,-0.01,0.0,-0.0
0.06,0.02,1.0,-0.01,0.0,-0.0
0.05,0.02,1.0,-0.02,0.01,0.0
0.05,0.02,1.0,-0.02,0.0,0.01
0.06,0.02,1.0,-0.02,0.01,0.0
0.05,0.02,1.0,-0.02,-0.0,0.01
0.06,0.02,1.0,-0.02,-0.0,-0.01
0.05,0.02,1.0,-0.02,0.0,-0.0
0.05,0.01,0.99,-0.01,0.0,-0.01
0.05,0.01,0.99,-0.01,-0.01,0.01
0.05,0.02,1.0,-0.02,-0.0,-0.01
0.05,0.01,1.0,-0.02,-0.0,-0.0
0.05,0.02,1.0,-0.02,0.0,-0.0
0.05,0.02,1.0,-0.02,-0.0,0.01
0.05,0.02,1.0,-0.03,0.0,-0.01
0.05,0.02,1.0,-0.02,0.01,-0.0
0.06,0.02,1.0,-0.02,0.0,-0.0
0.06,0.02,1.0,-0.02,-0.0,0.01
0.06,0.02,0.99,-0.03,0.01,-0.01
0.06,0.01,1.0,-0.02,0.0,0.01
0.05,0.02,0.99,-0.03,0.02,-0.0
0.06,0.02,0.99,-0.02,0.0,0.0
0.05,0.02,0.99,-0.02,0.0,0.0
0.06,0.02,1.01,-0.02,0.0,-0.0
0.05,0.01,1.0,-0.02,0.01,-0.02
0.05,0.02,1.0,-0.03,-0.01,0.01
0.06,0.01,0.99,-0.02,0.0,-0.0
0.06,0.02,1.0,-0.02,-0.0,0.01
0.05,0.02,1.0,-0.03,0.01,0.0
0.06,0.02,1.0,-0.01,0.0,-0.0
0.05,0.02,1.0,-0.01,-0.0,0.01
0.05,0.02,1.0,-0.03,-0.0,-0.0
0.05,0.02,1.0,-0.01,0.0,-0.0
0.05,0.01,0.99,-0.02,-0.0,0.0
0.05,0.02,1.0,-0.02,0.01,0.0
0.06,0.01,0.99,-0.02,0.0,0.0
0.06,0.02,1.0,-0.02,0.02,-0.0
0.05,0.02,1.0,-0.02,0.0,0.0
0.05,0.02,1.0,-0.02,0.0,0.0
0.05,0.02,1.01,-0.01,0.01,-0.0
0.05,0.02,0.99,-0.02,0.01,-0.0
0.05,0.02,1.0,-0.01,0.0,-0.0
0.05,0.02,1.0,-0.01,0.0,0.0
0.05,0.02,1.0,-0.01,0.0,0.0
0.05,0.02,1.0,-0.01,0.01,0.0
0.05,0.02,1.0,-0.02,0.01,0.0
0.05,0.02,1.0,-0.02,0.0,-0.0
0.06,0.02,1.0,-0.02,0.0,-0.0
0.05,0.02,1.0,-0.02,0.0,-0.0
0.05,0.02,1.01,-0.01,-0.0,0.0
0.06,0.02,1.0,-0.02,-0.01,0.01
0.05,0.02,1.0,-0.03,-0.0,0.01
0.05,0.02,1.0,-0.03,0.01,-0.01
0.05,0.02,1.0,-0.03,-0.0,0.0
0.05,0.02,1.0,-0.02,0.0,0.0
0.05,0.02,1.0,-0.02,0.0,-0.01
0.05,0.02,1.0,-0.02,-0.0,-0.01
0.06,0.02,0.99,-0.02,-0.0,-0.0
0.05,0.02,1.0,-0.02,0.0,-0.0
0.05,0.01,1.0,-0.02,0.0,0.01
0.05,0.02,1.0,-0.02,0.02,-0.0
0.05,0.02,1.0,-0.02,-0.0,0.01
0.06,0.02,1.0,-0.02,0.0,-0.0
0.05,0.01,0.99,-0.03,0.01,0.0
0.05,0.02,1.0,-0.02,0.01,-0.01
0.05,0.02,1.0,-0.02,-0.0,0.0
0.06,0.02,1.0,-0.02,0.0,-0.0
0.06,0.01,1.0,-0.02,0.0,0.01
0.04,0.01,1.0,-0.03,0.01,-0.01
0.06,0.01,1.0,-0.02,-0.0,-0.0
0.05,0.01,1.0,-0.02,0.0,0.0
0.05,0.02,1.01,-0.01,-0.0,0.01
0.06,0.02,0.99,-0.02,0.01,-0.0
0.05,0.01,1.0,-0.02,0.0,0.0
0.05,0.02,1.01,-0.03,0.01,-0.0
0.06,0.02,0.99,-0.01,0.0,0.01
0.05,0.02,1.0,-0.03,0.01,-0.0
0.05,0.02,1.0,-0.02,-0.0,0.01
0.05,0.02,1.0,-0.02,0.0,0.0
0.05,0.02,1.0,-0.02,0.0,-0.0
0.06,0.02,1.0,-0.02,0.0,-0.0
0.05,0.02,1.0,-0.01,0.01,-0.01
0.05,0.02,1.0,-0.02,0.01,0.0
0.05,0.02,1.0,-0.03,0.0,0.0
0.05,0.02,1.0,-0.03,0.02,-0.0
0.05,0.02,1.0,-0.02,0.0,0.0
0.05,0.02,1.0,-0.02,0.0,0.0
0.06,0.02,1.0,-0.02,0.0,-0.0
0.05,0.02,1.0,-0.01,0.01,-0.01
0.05,0.02,1.0,-0.02,-0.0,0.01
0.05,0.02,1.0,-0.02,-0.0,-0.01
0.05,0.02,1.0,-0.02,-0.0,0.01
0.06,0.02,0.99,-0.03,0.01,0.0
0.05,0.01,1.0,-0.02,-0.0,0.0
0.06,0.02,1.0,-0.02,0.0,0.0
0.06,0.02,0.99,-0.03,0.01,0.0
0.06,0.02,0.99,-0.02,0.0,0.0
0.05,0.02,0.99,-0.02,0.0,0.01
0.06,0.02,1.0,-0.02,0.01,-0.01
0.05,0.02,1.0,-0.02,0.0,0.0
0.05,0.02,1.0,-0.02,0.02,0.0
0.05,0.02,1.0,-0.02,0.0,0.0
0.05,0.02,1.0,-0.02,0.0,-0.0
0.05,0.02,1.0,-0.01,0.01,-0.0
0.05,0.02,0.99,-0.01,0.01,-0.01
0.05,0.02,0.99,-0.02,-0.0,-0.0
0.05,0.02,1.0,-0.03,0.01,0.0
0.05,0.02,1.0,-0.02,0.0,0.01
0.05,0.02,1.0,-0.02,0.01,0.0
0.06,0.02,1.0,-0.02,-0.0,-0.0
0.06,0.02,1.0,-0.02,-0.01,0.01
0.05,0.01,1.0,-0.03,0.0,0.0
0.05,0.02,0.99,-0.02,0.01,-0.01
0.05,0.01,1.01,-0.01,0.0,0.0
0.06,0.02,0.99,-0.01,0.01,-0.0
0.06,0.02,1.0,-0.02,0.0,0.0
0.05,0.02,1.0,-0.03,0.01,-0.01
0.05,0.03,1.0,-0.02,-0.0,-0.0
0.05,0.03,1.0,-0.02,0.0,0.0
0.05,0.02,1.0,-0.03,0.01,-0.0
0.06,0.02,1.0,-0.01,0.01,-0.0
0.05,0.02,1.01,-0.02,0.01,-0.0
0.05,0.02,0.99,-0.03,0.01,-0.0
0.05,0.01,1.0,-0.02,-0.0,0.0
0.05,0.02,0.99,-0.02,0.01,0.01
0.06,0.02,1.0,-0.03,0.0,-0.0
0.05,0.02,1.0,-0.02,0.01,0.0
0.06,0.01,0.99,-0.01,0.0,-0.0
0.05,0.02,0.99,-0.02,-0.01,0.0
0.05,0.01,1.0,-0.01,-0.0,-0.0
0.05,0.02,1.0,-0.01,-0.01,-0.0
0.05,0.02,1.0,-0.02,-0.01,0.01
0.05,0.02,1.0,-0.03,0.01,0.0
0.06,0.02,1.0,-0.02,0.0,-0.0
0.05,0.02,1.0,-0.02,0.01,0.01
0.05,0.02,1.0,-0.02,0.01,0.0
0.06,0.02,1.0,-0.01,0.0,-0.01
0.06,0.02,1.0,-0.02,-0.0,0.0
0.05,0.02,1.0,-0.02,0.01,0.0
0.06,0.02,1.0,-0.01,0.0,0.01
0.05,0.02,1.0,-0.03,0.02,-0.0
0.06,0.01,1.0,-0.02,0.0,0.0
0.05,0.02,1.0,-0.02,0.01,0.0
0.06,0.02,1.0,-0.02,0.0,0.0
0.05,0.02,1.0,-0.01,-0.0,-0.0
0.05,0.02,1.0,-0.02,-0.0,-0.0
0.06,0.02,1.0,-0.02,0.01,-0.0
0.05,0.02,1.0,-0.02,0.0,-0.0
0.06,0.02,1.0,-0.01,0.0,0.0
0.05,0.02,1.0,-0.02,-0.0,0.0
0.05,0.01,1.0,-0.02,-0.0,-0.0
0.05,0.02,1.01,-0.01,0.0,0.0
0.05,0.02,1.0,-0.02,-0.01,0.0
0.05,0.02,1.01,-0.02,0.01,-0.01
0.05,0.02,1.01,-0.02,0.01,-0.01
0.06,0.01,0.99,-0.01,-0.0,0.0
0.06,0.02,0.99,-0.01,0.0,0.01
0.05,0.03,1.01,-0.02,0.0,-0.0
0.07,0.02,0.99,-0.02,0.0,0.0
0.05,0.02,1.0,-0.02,0.01,0.0
0.05,0.02,1.0,-0.02,0.01,-0.01
0.06,0.02,1.0,-0.02,0.0,-0.0
0.05,0.01,1.0,-0.03,0.01,0.0
0.05,0.02,1.0,-0.02,0.01,0.0
0.06,0.02,0.99,-0.02,0.0,0.0
0.06,0.02,1.0,-0.03,0.0,-0.0
0.05,0.01,1.0,-0.02,0.01,0.0
0.06,0.02,1.0,-0.03,0.01,-0.0
0.06,0.02,1.0,-0.02,0.0,0.0
0.05,0.02,1.0,-0.01,0.0,-0.0
0.05,0.02,1.0,-0.01,-0.0,-0.01
0.05,0.02,1.01,-0.01,-0.0,-0.0
0.05,0.02,1.0,-0.02,0.0,-0.0
0.05,0.02,1.01,-0.02,0.0,-0.0
0.05,0.02,1.0,-0.02,0.01,0.0
0.06,0.02,1.0,-0.02,0.01,-0.0
0.05,0.01,1.0,-0.01,0.01,-0.01
0.05,0.02,1.0,-0.01,0.0,0.0
0.06,0.02,1.0,-0.02,0.0,-0.0
0.05,0.02,1.0,-0.03,0.01,0.01
0.06,0.02,1.0,-0.03,0.02,-0.0
0.05,0.02,1.0,-0.02,0.0,0.0
0.05,0.02,1.0,-0.01,-0.0,0.0
0.05,0.02,1.0,-0.02,0.0,0.0
0.05,0.02,1.0,-0.01,-0.0,0.0
0.05,0.02,1.0,-0.01,-0.0,-0.0
0.05,0.02,1.0,-0.02,0.01,-0.01
0.05,0.02,1.0,-0.02,0.01,0.0
0.06,0.02,1.0,-0.02,0.0,0.0
0.06,0.01,1.0,-0.02,0.0,-0.0
0.05,0.02,1.0,-0.02,-0.0,0.01
0.06,0.02,1.0,-0.03,0.0,0.01
0.05,0.02,1.0,-0.02,-0.0,0.0
0.06,0.02,1.0,-0.02,0.01,-0.0
0.05,0.02,1.0,-0.04,0.01,-0.01
0.05,0.02,1.0,-0.02,0.01,0.0
0.05,0.02,1.0,-0.01,0.0,0.0
0.06,0.03,1.0,-0.02,0.0,0.0
0.05,0.02,1.0,-0.02,0.0,0.0
0.05,0.01,0.99,-0.02,0.01,-0.0
0.06,0.02,0.99,-0.01,0.01,-0.0
0.05,0.02,1.01,-0.01,0.0,0.0
0.06,0.02,1.0,-0.01,0.01,-0.0
0.05,0.02,1.0,-0.02,0.0,0.0
0.05,0.02,1.01,-0.01,0.0,0.01
0.05,0.02,1.01,-0.02,0.0,0.0
0.05,0.02,1.0,-0.02,0.0,0.01
0.06,0.02,1.01,-0.02,0.02,-0.01
0.05,0.02,1.0,-0.03,-0.01,0.01
0.05,0.01,1.0,-0.02,0.01,-0.0
0.05,0.02,0.99,-0.01,-0.0,0.0
0.05,0.01,1.0,-0.01,-0.0,-0.0
0.05,0.02,1.0,-0.02,-0.0,0.0
0.05,0.02,1.0,-0.02,0.0,0.0
0.05,0.02,1.0,-0.01,-0.0,0.0
0.06,0.02,1.0,-0.02,0.01,-0.0
0.05,0.02,1.0,-0.03,-0.0,0.01
0.06,0.02,1.0,-0.01,0.01,-0.0
0.05,0.02,1.0,-0.01,0.0,-0.01
0.06,0.02,1.0,-0.01,0.0,0.01
0.05,0.02,0.99,-0.03,0.02,-0.01
0.06,0.02,0.99,-0.02,0.0,0.01
0.05,0.01,1.0,-0.02,0.0,0.0
0.05,0.02,1.0,-0.02,0.01,-0.0
0.05,0.02,1.0,-0.02,-0.0,0.0
0.05,0.02,1.0,-0.01,0.0,0.0
0.06,0.02,0.99,-0.02,0.01,-0.0
0.05,0.02,0.99,-0.02,0.0,0.01
0.05,0.02,1.0,-0.03,0.0,0.01
0.06,0.02,1.0,-0.02,0.01,-0.0
0.05,0.02,0.99,-0.01,-0.01,0.01
0.05,0.02,1.0,-0.02,-0.0,0.0
0.05,0.02,1.0,-0.02,-0.0,0.0
0.05,0.02,1.01,-0.01,-0.0,-0.0
0.06,0.01,1.0,-0.02,0.01,-0.0
0.05,0.02,1.0,-0.01,0.0,0.01
0.05,0.02,1.0,-0.03,0.0,0.01
0.05,0.02,1.0,-0.02,0.01,-0.0
0.05,0.02,1.0,-0.02,0.0,0.0
0.05,0.02,1.01,-0.02,0.01,0.0
0.05,0.02,1.0,-0.01,0.01,-0.0
0.05,0.01,1.0,-0.01,0.0,0.0
0.05,0.01,1.0,-0.02,0.01,-0.0
0.05,0.03,1.01,-0.02,-0.0,0.0
0.06,0.02,0.99,-0.02,0.0,0.01
0.05,0.01,1.0,-0.01,0.0,-0.0
0.06,0.02,0.99,-0.03,0.0,0.01
0.06,0.01,0.99,-0.03,0.01,-0.0
0.05,0.02,1.0,-0.02,0.01,0.01
0.05,0.02,0.99,-0.02,0.01,-0.01
0.05,0.02,0.99,-0.02,-0.0,-0.01
0.06,0.01,1.0,-0.01,-0.0,-0.01
0.05,0.02,1.0,-0.01,-0.0,0.01
0.05,0.02,1.0,-0.01,0.01,0.0
0.06,0.02,1.0,-0.02,0.0,0.01
0.05,0.02,1.0,-0.03,0.01,-0.0
0.05,0.01,1.0,-0.03,0.0,-0.0
0.05,0.01,0.99,-0.01,0.0,-0.0
0.05,0.01,1.0,-0.02,0.01,-0.01
0.05,0.02,1.0,-0.02,0.0,0.0
0.05,0.02,1.0,-0.02,0.01,-0.0
0.06,0.02,0.99,-0.01,-0.0,0.0
0.06,0.02,1.0,-0.02,0.01,0.0
0.05,0.02,1.0,-0.02,0.01,0.0
0.06,0.02,1.0,-0.02,0.0,-0.0
0.06,0.02,1.0,-0.02,0.0,-0.0
0.05,0.02,1.0,-0.02,0.01,-0.0
0.06,0.02,1.0,-0.02,0.01,-0.0
0.06,0.02,0.99,-0.02,-0.0,0.01
0.05,0.02,0.99,-0.02,0.0,0.0
0.05,0.02,1.0,-0.01,-0.01,0.0
0.06,0.02,1.0,-0.03,0.01,-0.01
0.05,0.02,0.99,-0.02,-0.01,0.0
0.06,0.02,1.0,-0.02,0.0,-0.0
0.06,0.02,1.0,-0.02,0.01,-0.01
0.05,0.02,1.0,-0.02,0.01,-0.0
0.05,0.02,1.0,-0.02,0.01,0.0
0.05,0.02,0.99,-0.02,0.01,-0.0
0.06,0.02,1.0,-0.02,0.0,0.0
0.05,0.03,1.0,-0.02,0.01,0.0
0.05,0.02,1.0,-0.03,0.01,-0.01
0.05,0.02,1.0,-0.02,0.01,-0.0
0.05,0.02,1.0,-0.01,0.01,-0.01
0.05,0.02,1.0,-0.01,-0.0,-0.0
0.06,0.02,1.0,-0.01,0.0,0.0
0.05,0.02,1.0,-0.02,0.01,-0.0
0.06,0.03,1.0,-0.02,-0.0,0.0
0.06,0.02,1.01,-0.01,0.0,0.0
0.05,0.02,1.0,-0.01,-0.01,-0.0
0.06,0.03,1.0,-0.01,0.0,-0.0
0.05,0.01,0.99,-0.01,-0.0,-0.01
0.05,0.02,1.0,-0.02,-0.0,-0.01
0.06,0.02,0.99,-0.02,-0.0,0.01
0.05,0.01,1.0,-0.03,0.0,-0.0
0.05,0.02,1.0,-0.03,0.01,0.0
0.05,0.02,0.99,-0.02,0.01,-0.0
0.06,0.02,0.99,-0.02,0.0,-0.0
0.05,0.02,1.0,-0.01,-0.0,-0.0
0.05,0.02,1.0,-0.01,0.0,-0.0
0.05,0.02,1.0,-0.02,0.01,0.0
0.05,0.02,1.0,-0.02,0.01,0.0
0.05,0.02,1.0,-0.01,0.01,-0.01
0.05,0.02,0.99,-0.01,-0.0,0.01
0.05,0.02,1.0,-0.03,0.01,0.0
0.05,0.02,1.0,-0.02,-0.0,0.0
0.06,0.02,1.0,-0.02,0.0,-0.0
0.05,0.02,1.0,-0.03,0.01,0.0
0.05,0.02,1.0,-0.04,0.01,0.0
0.05,0.02,1.0,-0.02,0.0,0.01
0.05,0.02,1.0,-0.02,0.0,-0.0
0.05,0.02,1.0,-0.01,-0.0,0.01
0.05,0.02,1.0,-0.02,0.0,0.0
0.05,0.02,1.0,-0.03,-0.01,-0.0
0.05,0.02,1.0,-0.02,0.01,-0.01
0.06,0.02,0.99,-0.02,0.01,-0.01
0.05,0.01,1.0,-0.01,0.0,-0.01
0.05,0.01,1.0,-0.03,0.0,0.01
0.05,0.01,1.0,-0.02,0.01,-0.01
0.06,0.02,1.0,-0.02,0.0,0.01
0.05,0.02,0.99,-0.02,0.02,-0.0
0.06,0.02,1.0,-0.02,0.0,0.01
0.05,0.02,0.99,-0.03,0.01,-0.0
0.05,0.02,1.0,-0.02,0.01,-0.0
0.05,0.02,1.0,-0.02,0.01,0.0
0.05,0.02,1.0,-0.02,-0.0,-0.0
0.05,0.02,1.0,-0.02,0.01,-0.01
0.05,0.02,1.0,-0.02,-0.0,0.0
0.06,0.01,0.99,-0.03,0.01,0.0
0.04,0.02,1.01,-0.02,0.0,-0.01
0.06,0.02,0.99,-0.02,0.0,-0.01
0.05,0.01,1.01,-0.01,-0.0,0.0
0.06,0.01,1.0,-0.02,0.01,-0.01
0.06,0.01,1.0,-0.02,0.0,0.01
0.06,0.01,1.0,-0.01,0.01,-0.0
0.05,0.02,1.0,-0.01,0.0,0.0
0.06,0.03,1.0,-0.01,0.01,-0.0
0.06,0.02,1.0,-0.02,-0.0,-0.0
0.05,0.02,1.01,-0.02,0.01,-0.0
0.05,0.02,1.01,-0.02,0.01,-0.01
0.05,0.01,1.0,-0.02,0.0,0.0
0.06,0.02,1.0,-0.01,0.01,-0.0
0.06,0.02,1.0,-0.02,0.01,-0.0
0.06,0.02,1.0,-0.02,0.0,0.0
0.05,0.02,1.0,-0.01,0.01,0.0
0.05,0.02,1.0,-0.01,-0.0,-0.0
0.06,0.02,1.0,-0.02,0.0,-0.01
0.06,0.02,1.0,-0.02,0.0,0.0
0.05,0.02,0.99,-0.03,0.01,-0.0
0.05,0.01,1.0,-0.02,-0.0,0.0
0.05,0.02,1.0,-0.01,0.01,-0.0
0.06,0.01,1.0,-0.01,-0.01,0.0
0.05,0.02,1.0,-0.01,-0.0,-0.0
0.05,0.01,0.99,-0.01,-0.0,0.0
0.05,0.02,0.99,-0.01,0.0,-0.0
0.05,0.01,0.99,-0.02,0.0,-0.0
0.05,0.02,1.0,-0.01,0.0,-0.0
0.05,0.02,1.0,-0.02,-0.0,0.01
0.05,0.02,0.99,-0.03,0.0,0.0
0.05,0.02,1.0,-0.01,0.0,0.0
0.05,0.02,1.0,-0.01,0.01,-0.0
0.05,0.02,0.99,-0.01,0.0,0.01
0.05,0.02,1.0,-0.02,0.01,0.0
0.05,0.02,1.0,-0.02,0.01,-0.0
0.05,0.02,1.0,-0.01,0.01,-0.0
0.05,0.01,0.99,-0.02,-0.0,0.01
0.05,0.01,1.0,-0.02,0.02,-0.01
0.06,0.02,0.99,-0.02,0.0,0.01
0.06,0.02,1.0,-0.02,0.02,-0.0
0.05,0.02,1.0,-0.02,-0.0,-0.0
0.05,0.02,1.0,-0.01,0.0,-0.0
0.05,0.02,1.0,-0.01,-0.01,-0.01
0.05,0.02,1.0,-0.01,0.0,-0.0
0.05,0.02,1.01,-0.02,-0.0,0.0
0.05,0.01,1.0,-0.02,0.0,-0.0
0.05,0.02,0.99,-0.02,0.01,0.0
0.06,0.01,1.0,-0.02,0.01,0.0
0.06,0.01,1.0,-0.01,-0.0,-0.0
0.05,0.02,0.99,-0.02,0.01,-0.0
0.06,0.02,1.0,-0.02,0.01,-0.0
0.06,0.01,1.0,-0.02,0.01,-0.0
0.06,0.02,1.0,-0.03,0.01,-0.0
0.06,0.02,1.0,-0.03,0.01,0.0
0.05,0.02,1.0,-0.02,0.0,-0.0
0.05,0.01,1.0,-0.02,0.01,-0.0
0.06,0.02,1.01,-0.02,-0.0,0.0
0.05,0.02,0.99,-0.01,0.01,-0.01
0.05,0.02,1.0,-0.02,0.01,-0.0
0.05,0.02,1.0,-0.02,0.0,-0.0
0.05,0.02,1.0,-0.02,-0.0,0.0
0.06,0.02,1.0,-0.03,0.01,-0.0
0.05,0.02,0.99,-0.02,-0.0,0.01
0.06,0.02,1.0,-0.02,0.01,0.0
0.05,0.02,1.0,-0.02,0.0,0.0
0.05,0.02,0.99,-0.02,0.0,-0.0
0.05,0.02,1.0,-0.02,0.0,-0.0
0.06,0.02,1.0,-0.01,-0.0,-0.0
0.05,0.02,1.0,-0.01,-0.0,0.01
0.05,0.02,1.0,-0.03,0.0,-0.0
0.05,0.02,1.0,-0.02,0.0,0.0
0.06,0.02,1.0,-0.03,0.01,-0.0
0.05,0.02,1.0,-0.02,0.01,0.01
0.05,0.02,1.0,-0.02,0.01,-0.0
0.05,0.02,1.0,-0.01,0.01,-0.01
0.05,0.02,1.0,-0.01,0.0,-0.0
0.05,0.02,1.0,-0.02,-0.0,0.0
0.05,0.02,1.0,-0.03,0.01,0.0
0.06,0.02,1.0,-0.02,-0.0,0.0
0.05,0.02,1.0,-0.02,0.01,0.0
0.05,0.02,1.0,-0.03,0.0,-0.0
0.05,0.02,1.0,-0.02,0.0,0.0
0.06,0.02,1.0,-0.01,0.01,-0.01
0.05,0.01,1.0,-0.02,0.01,-0.0
0.05,0.02,1.0,-0.03,-0.0,0.0
0.05,0.02,1.0,-0.02,0.01,-0.01
0.05,0.02,1.0,-0.02,0.0,0.01
0.06,0.02,1.0,-0.03,0.01,-0.0
0.05,0.02,1.0,-0.02,-0.0,0.0
0.06,0.03,1.0,-0.01,0.0,-0.0
0.05,0.02,1.01,-0.02,0.01,0.0
0.05,0.03,1.0,-0.01,0.01,-0.0
0.05,0.02,1.0,-0.02,0.0,-0.0
0.06,0.02,0.99,-0.01,0.0,-0.0
0.05,0.01,1.0,-0.01,0.0,-0.0
0.06,0.01,1.0,-0.01,0.01,0.0
0.05,0.01,1.0,-0.02,-0.0,-0.0
0.05,0.01,1.0,-0.02,0.01,0.0
0.06,0.02,1.0,-0.02,0.01,-0.0
0.06,0.02,1.0,-0.02,0.0,-0.0
0.05,0.02,1.0,-0.01,-0.0,0.01
0.05,0.02,1.0,-0.03,0.01,0.0
0.05,0.02,1.0,-0.02,-0.01,0.01
0.05,0.02,1.0,-0.02,0.01,0.0
0.05,0.02,1.0,-0.02,-0.01,0.01
0.05,0.02,1.0,-0.03,-0.0,-0.0
0.05,0.02,1.0,-0.03,0.0,-0.0
0.06,0.02,1.0,-0.02,0.01,-0.0
0.05,0.02,1.0,-0.02,-0.0,-0.0
0.06,0.02,1.0,-0.03,0.0,-0.0
0.05,0.02,1.0,-0.02,0.01,-0.0
0.06,0.02,1.0,-0.02,0.07,-0.07
0.06,0.02,1.0,-0.03,-0.0,0.02
0.05,0.02,0.99,-0.03,0.01,0.0
0.06,0.02,1.0,-0.02,0.0,0.0
0.05,0.02,1.0,-0.02,0.01,-0.01
0.05,0.02,1.0,-0.02,-0.01,0.0
0.06,0.02,1.0,-0.02,0.01,-0.0
0.06,0.02,1.0,-0.02,0.0,0.0
0.05,0.02,0.99,-0.02,0.01,-0.01
0.05,0.02,1.0,-0.02,-0.0,-0.0
0.05,0.02,1.0,-0.02,0.01,-0.0
0.06,0.02,1.0,-0.01,-0.0,-0.0
0.05,0.02,1.0,-0.02,0.01,-0.0
0.06,0.02,1.0,-0.01,-0.01,0.0
0.06,0.02,1.0,-0.02,0.01,-0.0
0.06,0.02,1.0,-0.02,0.0,0.0
0.05,0.02,1.0,-0.03,0.01,-0.0
0.05,0.02,1.0,-0.02,0.0,-0.0
0.05,0.02,0.99,-0.02,0.01,-0.0
0.05,0.01,1.0,-0.03,0.01,-0.0
0.05,0.01,1.01,-0.02,0.01,-0.01
0.05,0.01,1.01,-0.02,0.0,-0.0
0.05,0.02,1.0,-0.01,0.0,-0.0
0.05,0.02,1.01,-0.02,-0.0,0.0
0.06,0.02,1.0,-0.03,0.01,0.01
0.06,0.02,1.01,-0.03,0.01,0.01
0.05,0.02,0.99,-0.03,0.01,0.0
0.05,0.01,1.0,-0.01,0.0,-0.01
0.05,0.02,0.99,-0.01,0.0,-0.01
0.06,0.02,1.0,-0.01,0.0,0.0
0.05,0.02,1.0,-0.01,0.01,-0.0
0.05,0.01,1.0,-0.02,-0.0,0.0
0.05,0.02,1.0,-0.02,0.01,0.0
0.05,0.01,1.0,-0.03,-0.0,0.0
0.05,0.01,1.0,-0.02,0.0,-0.0
0.05,0.02,1.0,-0.02,0.01,-0.01
0.06,0.02,0.99,-0.02,0.01,-0.0
0.05,0.02,1.0,-0.02,-0.0,0.01
0.06,0.02,1.0,-0.02,0.01,-0.0
0.05,0.02,1.0,-0.02,-0.0,0.01
0.05,0.02,1.0,-0.03,0.01,0.0
0.05,0.02,0.99,-0.02,0.01,0.0
0.05,0.01,0.99,-0.03,0.01,0.0
0.05,0.02,1.0,-0.02,0.01,-0.01
0.05,0.01,1.0,-0.01,0.01,0.0
0.06,0.01,1.0,-0.02,-0.0,0.01
0.06,0.02,0.99,-0.04,0.0,0.0
0.06,0.02,1.0,-0.02,0.01,0.0
0.05,0.02,1.0,-0.03,0.01,0.0
0.05,0.02,1.0,-0.01,-0.0,0.0
0.05,0.02,1.0,-0.02,0.0,-0.0
0.06,0.02,1.0,-0.01,-0.0,-0.0
0.06,0.02,1.0,-0.02,0.0,0.0
0.06,0.02,0.99,-0.02,-0.0,0.01
0.05,0.01,1.0,-0.03,0.01,-0.0
0.06,0.01,0.99,-0.02,0.0,0.0
0.05,0.02,1.0,-0.01,0.01,0.0
0.05,0.02,1.0,-0.02,-0.0,-0.0
0.05,0.02,1.0,-0.02,0.01,-0.0
0.06,0.01,0.99,-0.02,0.01,0.0
0.05,0.02,1.01,-0.02,0.0,0.0
0.05,0.01,0.99,-0.01,0.0,0.0
0.05,0.02,1.0,-0.02,0.01,0.0
0.05,0.02,0.99,-0.02,0.0,0.0
0.05,0.02,1.0,-0.01,0.0,-0.0
0.05,0.01,0.99,-0.01,-0.0,0.0
0.06,0.02,0.99,-0.02,0.01,-0.01
0.06,0.01,1.0,-0.03,0.01,-0.01
0.06,0.02,1.01,-0.01,0.01,-0.0
0.05,0.01,1.0,-0.02,-0.0,0.0
0.06,0.02,1.0,-0.02,0.01,-0.01
0.06,0.02,1.0,-0.01,-0.0,0.0
0.06,0.01,1.0,-0.02,0.01,-0.0
0.06,0.02,1.0,-0.02,-0.0,0.0
0.05,0.02,1.0,-0.02,-0.0,-0.0
0.05,0.01,0.99,-0.02,0.0,-0.0
0.06,0.02,1.01,-0.02,-0.0,0.0
0.05,0.02,1.0,-0.02,-0.0,-0.0
0.05,0.01,1.0,-0.02,0.01,0.0
0.06,0.02,0.99,-0.01,0.0,0.0
0.05,0.02,1.0,-0.02,0.01,-0.0
0.05,0.02,0.99,-0.02,0.01,0.0
0.06,0.02,1.0,-0.02,0.01,0.01
0.06,0.01,1.0,-0.03,0.01,0.0
0.05,0.02,1.0,-0.02,0.01,-0.01
0.05,0.01,1.0,-0.02,-0.0,-0.0
0.05,0.02,1.0,-0.01,0.01,-0.0
0.05,0.02,1.0,-0.01,-0.0,0.0
0.05,0.01,1.0,-0.02,0.0,0.0
0.05,0.02,1.0,-0.04,-0.0,0.0
0.06,0.02,0.99,-0.02,0.0,0.01
0.05,0.01,0.99,-0.01,-0.0,-0.0
0.05,0.02,1.0,-0.01,0.0,-0.0
0.06,0.02,1.0,-0.01,-0.0,0.0
0.05,0.02,1.0,-0.03,0.01,-0.01
0.06,0.02,1.0,-0.03,0.0,-0.0
0.06,0.02,1.0,-0.03,0.0,0.0
0.05,0.02,1.0,-0.02,0.0,-0.01
0.05,0.02,0.99,-0.01,0.0,-0.0
0.06,0.02,1.0,-0.02,0.01,-0.0
0.06,0.01,1.0,-0.02,-0.0,-0.01
0.06,0.01,0.99,-0.02,0.01,0.0
0.05,0.01,0.99,-0.01,-0.0,-0.0
0.05,0.01,1.0,-0.01,-0.0,0.0
0.05,0.02,1.0,-0.02,0.01,0.0
0.05,0.02,0.99,-0.02,0.0,0.0
0.05,0.01,1.0,-0.04,0.0,-0.0
0.05,0.02,1.0,-0.02,0.01,-0.0
0.05,0.02,1.0,-0.01,-0.0,-0.0
0.05,0.02,1.01,-0.0,0.0,-0.0
0.06,0.01,1.0,-0.03,0.01,-0.01
0.06,0.02,0.99,-0.01,-0.01,0.01
0.06,0.01,1.0,-0.04,0.01,-0.0
0.05,0.02,1.0,-0.01,0.0,0.0
0.06,0.02,1.0,-0.02,0.01,-0.0
0.06,0.02,1.0,-0.02,0.01,-0.0
0.05,0.02,0.99,-0.02,-0.0,-0.0
0.06,0.02,1.0,-0.02,0.0,0.01
0.06,0.01,1.0,-0.03,0.01,-0.0
0.05,0.02,1.0,-0.02,-0.0,0.0
0.05,0.02,1.0,-0.01,0.01,-0.01
0.06,0.02,1.0,-0.01,-0.0,0.01
0.06,0.02,1.0,-0.03,0.0,0.01
0.06,0.01,1.0,-0.04,0.01,-0.0
0.05,0.01,1.0,-0.02,0.01,0.0
0.05,0.02,1.0,-0.02,-0.0,0.0
0.05,0.02,1.0,-0.02,0.01,-0.0
0.05,0.01,1.0,-0.02,-0.0,0.0
0.06,0.02,1.0,-0.02,0.01,-0.0
0.05,0.02,1.0,-0.01,0.0,0.01
0.05,0.02,1.0,-0.02,0.01,0.0
0.05,0.02,1.0,-0.02,-0.0,-0.0
0.06,0.02,1.0,-0.02,0.01,-0.0
0.05,0.02,1.0,-0.02,-0.01,0.0
0.05,0.01,1.0,-0.02,0.01,0.0
0.05,0.02,1.0,-0.02,0.01,0.0
0.05,0.01,1.0,-0.02,0.0,-0.0
0.05,0.01,1.0,-0.01,-0.0,0.0
0.05,0.01,0.99,-0.03,0.01,-0.01
0.06,0.01,1.0,-0.02,0.01,-0.0
0.06,0.02,0.99,-0.01,-0.0,0.0
0.05,0.02,1.0,-0.03,0.01,-0.0
0.06,0.02,1.0,-0.02,0.0,0.0
0.06,0.02,1.0,-0.03,-0.0,0.0
0.05,0.02,1.0,-0.02,0.0,-0.0
0.06,0.02,1.0,-0.01,0.0,-0.0
0.05,0.02,0.99,-0.03,0.01,0.0
0.05,0.02,1.0,-0.02,0.01,-0.01
0.06,0.02,1.0,-0.02,0.01,-0.01
0.05,0.01,1.0,-0.01,0.0,-0.0
0.05,0.02,1.0,-0.03,0.01,-0.0
0.05,0.02,1.02,-0.02,-0.0,0.0
0.05,0.03,1.0,-0.02,0.01,-0.01
0.05,0.03,1.0,-0.02,0.0,-0.0
0.06,0.02,1.0,-0.03,0.0,-0.0
0.05,0.02,1.01,-0.02,0.01,0.0
0.06,0.02,1.0,-0.02,0.01,-0.01
0.05,0.01,1.0,-0.02,-0.0,0.0
0.05,0.02,0.99,-0.02,0.01,0.0
0.06,0.02,1.0,-0.01,-0.0,0.01
0.06,0.02,0.99,-0.03,0.01,-0.0
0.06,0.02,1.0,-0.02,0.01,0.0
0.05,0.02,1.0,-0.04,0.0,0.01
0.06,0.02,1.0,-0.03,0.01,-0.01
0.05,0.02,0.99,-0.02,0.0,-0.0
0.05,0.02,1.0,-0.01,-0.0,0.0
0.05,0.02,0.99,-0.03,0.01,-0.0
0.05,0.02,1.0,-0.02,0.0,0.01
0.06,0.02,1.0,-0.03,0.0,0.0
0.05,0.02,1.0,-0.02,0.0,0.0
0.05,0.02,1.0,-0.02,0.0,0.01
0.06,0.02,1.0,-0.02,-0.01,-0.0
0.05,0.02,1.0,-0.02,0.0,0.0
0.06,0.02,0.99,-0.02,0.0,0.01
0.05,0.02,0.99,-0.03,0.0,0.0
0.05,0.01,1.0,-0.01,0.0,0.0
0.05,0.02,1.0,-0.01,0.0,0.01
0.05,0.02,1.0,-0.02,0.01,-0.0
0.05,0.02,1.01,-0.03,0.0,0.01
0.06,0.02,1.0,-0.03,0.01,0.0
0.06,0.02,1.0,-0.02,-0.0,-0.0
0.05,0.02,1.0,-0.03,0.0,0.0
0.06,0.02,1.0,-0.01,0.0,0.0
0.05,0.01,1.0,-0.02,0.0,-0.0
0.05,0.02,0.99,-0.01,-0.0,0.02
0.05,0.02,0.99,-0.02,0.01,0.0
0.05,0.02,1.0,-0.02,-0.0,0.0
0.05,0.02,0.99,-0.03,0.01,0.0
0.06,0.02,1.0,-0.02,0.0,-0.0
0.06,0.02,0.99,-0.02,-0.0,0.0
0.05,0.02,1.0,-0.02,0.01,-0.01
0.05,0.02,1.0,-0.01,-0.0,0.0
0.06,0.02,1.0,-0.02,0.01,-0.0
0.05,0.01,1.0,-0.02,0.01,0.0
0.06,0.01,1.01,-0.03,0.01,0.0
0.06,0.02,1.0,-0.02,0.0,-0.0
0.06,0.02,0.99,-0.02,-0.0,0.0
0.06,0.03,1.01,-0.02,-0.0,-0.0
0.06,0.02,0.99,-0.02,0.01,-0.0
0.06,0.02,1.0,-0.02,0.0,0.0
0.05,0.02,1.0,-0.03,-0.0,0.01
0.05,0.02,1.0,-0.02,0.01,0.0
0.05,0.02,1.0,-0.01,0.0,0.0
0.05,0.02,1.0,-0.02,0.0,0.01
0.05,0.02,1.0,-0.03,0.0,-0.0
0.06,0.02,1.0,-0.01,-0.0,-0.01
0.05,0.02,1.0,-0.03,0.01,-0.01
0.05,0.02,1.0,-0.01,-0.0,0.01
0.06,0.01,1.0,-0.02,0.01,0.0
0.06,0.02,1.0,-0.02,0.01,0.01
0.05,0.02,1.0,-0.03,0.0,0.0
0.06,0.02,1.0,-0.01,0.01,-0.01
0.06,0.02,1.0,-0.01,-0.0,0.0
0.05,0.02,1.0,-0.01,-0.0,-0.01
0.05,0.02,1.0,-0.02,0.01,0.0
0.06,0.02,1.0,-0.01,-0.0,-0.0
0.06,0.02,1.0,-0.02,-0.0,0.01
0.05,0.02,1.0,-0.02,0.0,0.0
0.06,0.01,1.0,-0.01,0.0,-0.0
0.06,0.02,1.0,-0.01,0.0,-0.0
0.05,0.01,1.0,-0.02,-0.01,0.0
0.06,0.02,1.0,-0.02,0.0,-0.0
0.06,0.02,1.0,-0.03,-0.0,-0.0
0.05,0.02,1.01,-0.02,0.01,0.0
0.06,0.02,1.0,-0.01,0.0,0.01
0.05,0.02,1.0,-0.02,0.01,-0.01
0.05,0.02,1.0,-0.01,0.0,0.0
0.05,0.02,1.0,-0.02,0.01,-0.0
0.05,0.02,1.0,-0.02,-0.0,-0.0
0.05,0.02,1.0,-0.01,-0.0,-0.0
0.06,0.02,1.0,-0.02,0.01,0.0
0.06,0.02,1.0,-0.01,0.0,0.0
0.05,0.02,1.0,-0.02,0.01,-0.0
0.05,0.02,1.0,-0.02,0.01,-0.01
0.05,0.01,0.99,-0.02,0.0,0.0
0.05,0.02,1.0,-0.01,0.01,-0.0
0.05,0.02,1.0,-0.01,-0.0,0.0
0.05,0.02,1.0,-0.01,0.01,-0.01
0.05,0.01,1.0,-0.02,0.01,0.0
0.06,0.01,1.0,-0.03,0.01,0.0
0.06,0.02,1.0,-0.01,0.0,0.01
0.05,0.01,0.99,-0.02,0.0,0.0
0.04,0.01,1.0,-0.02,0.01,0.0
0.05,0.0,1.0,-0.02,0.01,-0.01
0.05,0.02,1.0,-0.02,-0.0,0.0
0.06,0.02,1.01,-0.01,0.0,0.0
0.06,0.03,1.01,-0.02,0.01,-0.01
0.05,0.02,1.0,-0.02,0.01,-0.0
0.05,0.02,1.0,-0.01,0.0,0.0
0.06,0.02,1.0,-0.01,0.0,-0.0
0.05,0.02,1.0,-0.03,0.01,-0.0
0.05,0.02,1.0,-0.01,0.0,-0.0
0.05,0.02,1.0,-0.03,0.0,0.0
0.06,0.02,0.99,-0.01,-0.0,-0.0
0.05,0.02,0.99,-0.01,0.0,-0.01
0.06,0.02,0.99,-0.01,0.0,-0.0
0.05,0.01,1.0,-0.02,-0.0,0.0
0.05,0.02,1.0,-0.02,0.0,0.0
0.06,0.02,1.01,-0.02,0.01,0.0
0.05,0.02,1.0,-0.02,0.01,0.0
0.05,0.02,1.0,-0.03,0.0,0.0
0.06,0.02,1.0,-0.02,0.0,0.01
0.05,0.01,0.99,-0.03,-0.0,-0.0
0.05,0.02,1.0,-0.02,0.01,0.0
0.06,0.02,1.0,-0.02,-0.0,0.0
0.05,0.02,0.99,-0.03,0.01,-0.0
0.05,0.02,1.01,-0.02,0.0,0.0
0.05,0.02,1.0,-0.02,0.01,0.0
0.05,0.02,1.0,-0.02,0.0,0.0
0.05,0.02,1.0,-0.01,0.0,-0.0
0.05,0.02,1.0,-0.02,0.01,-0.01
0.06,0.02,1.0,-0.0,-0.0,-0.01
0.05,0.02,1.0,-0.02,0.0,0.0
0.05,0.02,1.01,-0.02,0.01,0.0
0.05,0.02,1.0,-0.02,0.0,0.0
0.05,0.02,1.0,-0.03,0.01,0.0
0.06,0.01,1.0,-0.02,0.0,0.0
0.05,0.01,1.0,-0.02,0.01,-0.01
0.06,0.01,0.99,-0.02,0.01,-0.0
0.05,0.02,1.0,-0.02,0.01,0.0
0.06,0.01,0.99,-0.02,-0.0,0.01
0.05,0.01,1.0,-0.02,-0.0,0.0
0.05,0.02,1.0,-0.02,0.0,0.0
0.05,0.02,1.01,-0.02,0.01,0.01
0.05,0.02,1.0,-0.03,0.0,-0.0
0.06,0.03,0.99,-0.02,0.01,-0.0
0.06,0.02,1.0,-0.02,0.01,-0.0
0.05,0.02,1.0,-0.02,0.0,0.0
0.06,0.01,0.99,-0.02,-0.0,0.0
0.05,0.02,0.99,-0.01,0.01,-0.0
0.06,0.02,1.0,-0.01,0.01,0.0
0.06,0.02,1.0,-0.02,0.01,0.0
0.05,0.02,1.0,-0.03,0.0,0.0
0.05,0.02,1.0,-0.02,0.01,-0.0
0.05,0.02,1.0,-0.02,0.01,-0.0
0.06,0.02,1.0,-0.02,0.01,0.0
0.05,0.02,1.0,-0.02,-0.0,0.0
0.05,0.02,1.0,-0.02,0.01,-0.01
0.05,0.02,1.0,-0.02,0.01,0.0
0.06,0.02,1.0,-0.01,0.01,-0.0
0.06,0.02,1.0,-0.01,-0.01,0.0
0.05,0.02,1.0,-0.02,0.0,0.0
0.05,0.02,0.99,-0.01,0.0,-0.0
0.06,0.02,1.0,-0.02,0.0,-0.0
0.06,0.02,1.0,-0.02,-0.01,0.01
0.06,0.02,1.0,-0.02,0.01,-0.0
0.06,0.02,1.0,-0.02,0.0,0.01
0.06,0.02,0.99,-0.02,0.02,-0.01
0.05,0.02,1.0,-0.02,0.0,-0.0
0.06,0.02,1.0,-0.0,0.0,-0.01
0.05,0.02,1.0,-0.02,0.01,-0.01
0.05,0.02,1.0,-0.01,0.0,-0.0
0.05,0.02,0.99,-0.02,0.01,-0.01
0.06,0.02,1.0,-0.01,0.02,-0.01
0.05,0.02,1.0,-0.02,0.0,0.0
0.05,0.02,1.0,-0.02,0.01,-0.0
0.05,0.01,1.0,-0.02,0.0,-0.0
0.05,0.02,0.99,-0.02,-0.0,0.0
0.06,0.02,1.01,-0.02,0.01,-0.0
0.06,0.02,1.0,-0.02,0.01,0.0
0.06,0.02,1.0,-0.02,-0.0,0.0
0.06,0.02,0.99,-0.02,0.0,0.0
0.05,0.02,1.0,-0.02,-0.0,0.01
0.06,0.01,0.99,-0.03,0.01,0.0
0.04,0.02,0.99,-0.02,-0.0,-0.01
0.05,0.01,1.0,-0.01,0.01,-0.01
0.06,0.02,1.0,-0.02,0.01,-0.0
0.06,0.02,1.0,-0.02,0.01,-0.0
0.06,0.02,0.99,-0.02,-0.01,0.01
0.06,0.02,1.0,-0.03,0.01,-0.0
0.05,0.02,1.01,-0.02,0.01,0.0
0.05,0.02,1.0,-0.02,0.01,-0.01
0.06,0.02,1.0,-0.02,0.01,0.0
0.06,0.02,1.0,-0.02,0.0,-0.01
0.06,0.01,1.01,-0.02,0.01,-0.0
0.05,0.01,0.99,-0.02,0.0,0.0
0.05,0.02,1.0,-0.02,-0.0,0.0
0.05,0.02,1.0,-0.01,0.01,-0.0
0.06,0.02,1.0,-0.02,0.01,0.0
0.05,0.02,1.0,-0.02,0.01,0.0
0.06,0.02,1.0,-0.02,-0.0,0.0
0.06,0.02,1.0,-0.02,-0.0,-0.01
0.05,0.02,1.0,-0.03,-0.0,-0.0
0.05,0.02,1.0,-0.02,0.01,-0.0
0.06,0.02,1.0,-0.02,-0.0,0.01
0.05,0.02,0.99,-0.04,0.01,-0.0
0.05,0.02,1.0,-0.02,0.0,0.0
0.05,0.02,0.99,-0.02,0.01,0.0
0.06,0.01,1.0,-0.02,-0.0,0.01
0.05,0.02,1.0,-0.01,-0.0,-0.0
0.06,0.02,1.0,-0.02,0.01,-0.01
0.06,0.02,1.0,-0.01,0.01,-0.0
0.05,0.01,0.99,-0.03,0.01,-0.0
0.06,0.01,1.0,-0.02,0.01,-0.0
0.05,0.02,1.0,-0.02,0.0,-0.0
0.06,0.02,1.0,-0.02,0.01,-0.01
0.06,0.02,1.0,-0.02,-0.0,-0.0
0.05,0.02,1.0,-0.02,0.0,-0.01
0.06,0.02,1.0,-0.02,0.01,-0.01
0.05,0.01,1.0,-0.02,0.01,-0.01
0.05,0.01,1.0,-0.02,0.0,0.0
0.06,0.02,1.0,-0.02,0.0,0.01
0.06,0.01,0.99,-0.03,0.01,0.01
0.05,0.02,1.0,-0.02,0.01,-0.01
0.06,0.02,0.99,-0.02,-0.0,-0.0
0.05,0.02,1.0,-0.02,0.01,-0.01
0.05,0.02,1.0,-0.01,0.01,-0.01
0.06,0.02,0.99,-0.02,0.0,-0.0
0.06,0.02,1.0,-0.02,-0.0,0.0
0.05,0.01,1.01,-0.02,0.01,-0.0
0.05,0.01,1.0,-0.03,0.0,0.0
0.06,0.01,0.99,-0.02,0.01,0.0
0.05,0.02,1.0,-0.02,0.01,0.0
0.05,0.01,1.0,-0.03,0.01,-0.0
0.05,0.02,1.0,-0.02,0.01,0.0
0.06,0.02,1.0,-0.02,0.01,0.0
0.05,0.02,1.0,-0.02,0.0,0.01
0.05,0.01,1.0,-0.03,0.01,-0.01
0.06,0.02,1.0,-0.02,0.01,0.01
0.05,0.02,0.99,-0.03,0.01,0.0
0.05,0.02,1.0,-0.02,-0.0,-0.0
0.06,0.01,1.0,-0.02,0.0,-0.0
0.06,0.01,1.0,-0.03,-0.0,0.0
0.06,0.02,1.0,-0.01,0.0,0.01
0.06,0.02,0.99,-0.03,0.0,-0.0
0.05,0.02,1.0,-0.01,0.01,-0.0
0.05,0.01,1.0,-0.01,0.01,0.0
0.06,0.02,1.0,-0.01,0.01,0.0
0.05,0.02,1.0,-0.03,-0.0,0.0
0.05,0.02,1.0,-0.02,0.0,0.0
0.06,0.02,1.0,-0.02,0.01,-0.01
0.05,0.02,0.99,-0.01,0.0,-0.01
0.06,0.02,0.99,-0.01,0.0,0.0
0.05,0.02,1.0,-0.02,0.01,-0.01
0.05,0.01,1.0,-0.01,0.0,0.0
0.06,0.02,1.0,-0.01,0.01,0.0
0.05,0.02,1.0,-0.02,0.0,0.01
0.05,0.02,1.0,-0.03,0.0,0.0
0.06,0.02,1.0,-0.02,0.0,-0.0
0.06,0.02,1.0,-0.01,0.0,-0.01
0.05,0.02,1.0,-0.01,-0.0,0.01
0.06,0.02,0.99,-0.02,0.0,0.0
0.05,0.01,1.0,-0.02,0.0,0.0
0.06,0.02,0.99,-0.02,0.01,-0.0
0.06,0.02,1.0,-0.02,0.0,-0.0
0.05,0.02,1.0,-0.02,0.01,-0.0
0.06,0.02,1.0,-0.01,0.01,-0.0
0.06,0.02,1.01,-0.02,0.0,-0.0
0.05,0.02,1.0,-0.01,-0.01,0.0
0.06,0.02,0.99,-0.02,0.01,-0.0
0.05,0.02,1.0,-0.01,0.0,0.0
0.05,0.02,1.0,-0.02,0.02,0.0
0.05,0.01,1.0,-0.02,0.0,0.0
0.05,0.02,1.0,-0.02,0.0,0.0
0.05,0.01,1.0,-0.02,0.01,-0.0
0.05,0.02,1.0,-0.02,0.01,-0.01
0.05,0.02,0.99,-0.02,-0.0,0.01
0.05,0.01,1.0,-0.02,0.0,-0.0
0.06,0.01,1.0,-0.01,0.0,0.0
0.06,0.01,1.0,-0.01,0.01,0.0
0.06,0.01,1.0,-0.02,-0.0,-0.0
0.05,0.01,1.0,-0.02,0.0,0.0
0.05,0.02,0.99,-0.03,0.0,0.0
0.06,0.02,1.0,-0.02,0.01,-0.0
0.05,0.02,1.0,-0.02,-0.01,0.0
0.05,0.02,1.0,-0.03,0.01,-0.0
0.06,0.02,1.0,-0.01,0.0,0.01
0.06,0.02,1.0,-0.02,0.01,-0.0
0.05,0.02,1.0,-0.02,-0.0,-0.0
0.06,0.02,1.0,-0.01,0.01,0.0
0.06,0.01,1.0,-0.02,0.0,0.0
0.05,0.02,1.0,-0.02,0.0,-0.01
0.06,0.02,1.0,-0.02,0.0,-0.0
0.05,0.01,0.99,-0.02,0.01,-0.01
0.06,0.02,1.0,-0.02,0.01,-0.0
0.06,0.02,0.99,-0.01,0.0,0.01
0.05,0.02,1.01,-0.02,0.0,0.01
0.06,0.02,1.0,-0.03,0.0,-0.0
0.06,0.02,0.99,-0.04,0.0,-0.01
0.05,0.01,1.0,-0.02,0.01,-0.01
0.05,0.01,1.0,-0.02,-0.0,-0.0
0.05,0.02,1.0,-0.02,-0.01,-0.0
0.05,0.01,1.0,-0.02,0.0,-0.0
0.05,0.02,1.0,-0.02,0.01,0.0
0.05,0.01,1.0,-0.02,-0.0,0.01
0.05,0.01,1.0,-0.02,0.01,-0.0
0.05,0.02,1.0,-0.02,0.01,-0.0
0.06,0.02,1.01,-0.02,0.01,-0.01
0.05,0.02,1.0,-0.03,0.0,-0.0
0.05,0.01,1.0,-0.01,0.0,-0.0
0.05,0.02,1.01,-0.03,0.0,0.0
0.06,0.02,1.0,-0.01,0.02,-0.0
0.05,0.02,1.0,-0.02,0.0,0.01
0.05,0.01,0.99,-0.02,0.0,0.0
0.06,0.02,0.99,-0.02,0.01,-0.01
0.06,0.01,1.0,-0.01,0.01,-0.01
0.06,0.01,1.0,-0.01,-0.0,-0.0
0.06,0.02,1.01,-0.02,0.01,-0.0
0.05,0.02,1.01,-0.02,0.0,0.01
0.06,0.02,1.0,-0.03,0.01,0.01
0.05,0.02,1.0,-0.02,0.0,-0.0
0.05,0.01,1.0,-0.01,-0.0,0.01
0.05,0.02,1.0,-0.02,0.01,0.01
0.06,0.02,1.0,-0.02,0.01,0.0
0.06,0.02,0.99,-0.02,-0.0,-0.0
0.06,0.01,1.0,-0.03,0.01,-0.0
0.05,0.01,0.99,-0.01,0.0,0.0
0.05,0.01,0.99,-0.03,0.01,-0.0
0.06,0.02,1.0,-0.02,-0.0,0.0
0.05,0.01,1.0,-0.03,0.01,-0.0
0.06,0.02,1.0,-0.03,0.0,-0.0
0.06,0.02,0.99,-0.01,0.01,-0.0
0.05,0.02,1.0,-0.03,0.0,-0.0
0.05,0.02,1.0,-0.02,0.0,-0.0
0.06,0.02,1.0,-0.02,-0.0,0.0
0.05,0.02,1.0,-0.02,-0.0,0.01
0.05,0.02,1.0,-0.02,0.0,-0.01
0.05,0.02,1.0,-0.02,0.01,-0.0
0.06,0.02,1.0,-0.02,0.0,-0.0
0.05,0.01,1.0,-0.02,-0.0,-0.0
0.05,0.02,1.0,-0.01,-0.0,-0.0
0.05,0.01,1.0,-0.02,-0.0,0.0
0.05,0.01,1.0,-0.02,0.0,0.0
0.06,0.02,1.0,-0.02,0.01,0.0
0.06,0.01,1.0,-0.02,0.0,0.0
0.05,0.02,1.0,-0.01,-0.0,0.0
0.06,0.01,1.0,-0.01,0.0,-0.0
0.05,0.02,1.0,-0.01,-0.0,-0.01
0.05,0.02,1.0,-0.02,-0.01,0.0
0.06,0.01,1.01,-0.02,0.0,0.0
0.06,0.02,0.99,-0.02,0.0,0.0
0.05,0.02,1.0,-0.02,0.02,0.0
0.06,0.02,1.0,-0.02,0.01,-0.0
0.06,0.02,1.0,-0.02,0.01,-0.0
0.05,0.02,1.0,-0.02,0.01,-0.0
0.05,0.02,1.0,-0.02,0.01,-0.0
0.05,0.02,1.0,-0.02,-0.0,0.0
0.06,0.02,1.0,-0.01,0.01,-0.0
0.05,0.02,1.0,-0.02,0.0,0.0
0.05,0.01,1.0,-0.02,0.0,0.0
0.06,0.02,1.0,-0.02,0.0,0.0
0.05,0.01,1.0,-0.02,-0.0,0.01
0.05,0.02,0.99,-0.02,0.0,0.0
0.06,0.02,1.0,-0.02,-0.0,-0.01
0.05,0.01,1.0,-0.02,0.0,0.0
0.05,0.02,1.0,-0.01,0.01,-0.01
0.06,0.03,1.01,-0.01,-0.0,0.01
0.05,0.02,1.0,-0.02,0.0,0.0
0.06,0.02,1.0,-0.03,0.01,0.0
0.05,0.02,0.99,-0.03,0.0,0.0
0.05,0.02,0.99,-0.02,0.01,-0.0
0.06,0.01,1.0,-0.02,0.01,0.0
0.05,0.02,1.0,-0.02,0.0,-0.0
0.05,0.02,0.99,-0.02,0.01,-0.0
0.05,0.02,1.0,-0.01,0.01,-0.0
0.06,0.02,1.0,-0.01,0.0,0.01
0.06,0.02,1.0,-0.02,0.01,-0.0
0.05,0.02,1.0,-0.02,0.0,-0.0
0.05,0.01,1.0,-0.01,0.0,0.0
0.05,0.02,1.0,-0.02,0.0,-0.0
0.05,0.02,1.0,-0.02,0.0,0.0
0.05,0.02,1.0,-0.02,-0.0,-0.0
0.05,0.02,1.0,-0.02,0.0,0.0
0.06,0.02,1.0,-0.02,0.01,0.01
0.05,0.02,1.0,-0.02,0.01,0.0
0.06,0.01,1.0,-0.02,0.01,0.0
0.05,0.01,1.0,-0.03,0.01,-0.0
0.05,0.02,1.0,-0.02,0.0,-0.0
0.05,0.02,1.0,-0.02,0.0,-0.0
0.06,0.02,1.0,-0.02,0.01,-0.01
0.05,0.02,1.0,-0.02,0.0,0.01
0.05,0.02,1.0,-0.03,0.02,-0.0
0.05,0.02,1.0,-0.02,0.0,0.01
0.05,0.02,1.0,-0.02,-0.0,-0.0
0.05,0.02,1.0,-0.02,0.01,0.0
0.05,0.01,1.0,-0.02,-0.0,-0.0
0.05,0.02,1.0,-0.01,-0.0,0.0
0.06,0.02,1.0,-0.02,0.01,-0.0
0.05,0.01,1.01,-0.01,-0.0,0.0
0.05,0.01,1.0,-0.02,-0.0,0.0
0.05,0.02,1.0,-0.02,0.0,-0.0
0.06,0.02,1.0,-0.02,-0.0,0.0
0.05,0.02,1.0,-0.02,-0.0,0.0
0.05,0.02,1.0,-0.02,0.0,0.0
0.05,0.02,1.0,-0.02,0.0,-0.01
0.05,0.02,1.01,-0.02,0.01,0.0
0.06,0.01,1.01,-0.02,0.0,0.0
0.06,0.02,0.99,-0.02,0.0,0.01
0.05,0.01,1.0,-0.02,-0.0,0.0
0.06,0.01,0.99,-0.02,0.0,-0.0
0.06,0.01,1.0,-0.01,0.01,-0.01
0.06,0.01,1.0,-0.02,0.01,-0.01
0.06,0.01,1.0,-0.02,0.0,-0.01
0.05,0.02,1.0,-0.01,0.0,-0.0
0.05,0.02,1.01,-0.02,-0.0,-0.0
0.05,0.02,1.0,-0.02,-0.0,0.01
0.05,0.01,0.99,-0.01,0.01,-0.0
0.05,0.02,1.01,-0.02,0.0,0.0
0.05,0.02,1.0,-0.02,0.01,0.0
0.06,0.01,1.0,-0.02,0.0,-0.01
0.05,0.02,0.99,-0.02,0.01,-0.01
0.05,0.02,1.0,-0.01,-0.01,-0.0
0.06,0.02,1.0,-0.01,0.0,-0.0
0.05,0.02,1.0,-0.02,-0.0,0.01
0.05,0.02,1.0,-0.02,0.01,0.0
0.05,0.02,1.0,-0.02,0.01,0.0
0.05,0.02,0.99,-0.02,0.01,0.0
0.05,0.02,1.0,-0.01,0.0,-0.0
0.05,0.02,1.0,-0.01,0.0,0.0
0.06,0.01,1.0,-0.01,0.01,-0.01
0.05,0.01,1.0,-0.02,-0.0,-0.0
0.06,0.02,0.99,-0.02,0.01,-0.0
0.05,0.01,1.0,-0.02,-0.0,0.01
0.05,0.02,1.0,-0.02,0.0,0.0
0.05,0.02,1.0,-0.02,0.01,-0.0
0.06,0.02,1.0,-0.02,0.0,0.0
0.06,0.02,0.99,-0.01,0.0,-0.0
0.05,0.02,1.0,-0.02,0.01,-0.0
0.05,0.02,1.0,-0.02,0.0,0.0
0.05,0.01,1.0,-0.02,0.0,0.0
0.06,0.02,1.0,-0.01,0.01,0.0
0.05,0.02,1.0,-0.02,-0.01,0.01
0.05,0.02,1.0,-0.02,0.01,-0.0
0.05,0.01,1.0,-0.02,-0.01,0.0
0.06,0.02,1.0,-0.02,0.0,-0.0
0.05,0.02,1.0,-0.02,0.01,0.0
0.05,0.02,1.0,-0.02,0.01,-0.0
0.06,0.01,1.0,-0.02,0.01,0.01
0.06,0.01,1.0,-0.02,0.01,-0.01
0.06,0.01,1.0,-0.02,0.01,0.0
0.05,0.02,1.0,-0.03,0.01,0.0
0.06,0.02,1.0,-0.02,0.01,0.0
0.06,0.01,1.0,-0.02,0.01,0.0
0.05,0.01,1.0,-0.02,0.01,0.0
0.05,0.02,0.99,-0.03,0.01,0.0
0.06,0.02,1.0,-0.02,0.0,0.01
0.05,0.02,0.99,-0.02,0.01,-0.0
0.06,0.01,1.0,-0.02,0.0,0.01
0.06,0.02,1.0,-0.02,0.01,-0.0
0.06,0.02,1.0,-0.02,0.0,0.01
0.05,0.01,1.0,-0.02,0.01,0.0
0.06,0.01,1.0,-0.01,-0.0,0.0
0.05,0.02,1.0,-0.02,-0.0,-0.0
0.05,0.02,1.0,-0.02,0.0,0.01
0.06,0.02,0.99,-0.02,0.0,0.0
0.06,0.01,1.0,-0.02,-0.0,0.01
0.05,0.01,1.0,-0.02,0.02,-0.0
0.05,0.01,1.0,-0.02,-0.0,-0.0
0.05,0.02,0.99,-0.02,0.0,0.0
0.05,0.02,0.99,-0.02,0.01,-0.01
0.06,0.02,1.01,-0.02,0.01,-0.0
0.06,0.02,1.0,-0.02,0.01,0.0
0.06,0.02,1.0,-0.02,0.0,0.0
0.06,0.02,1.0,-0.03,0.0,0.0
0.05,0.02,0.99,-0.03,0.01,-0.0
0.06,0.02,1.0,-0.02,-0.0,-0.01
0.05,0.02,1.0,-0.01,0.01,-0.0
0.05,0.01,1.0,-0.02,0.01,-0.0
0.05,0.02,1.0,-0.01,0.0,0.0
0.05,0.02,1.0,-0.01,0.0,0.0
0.06,0.01,0.99,-0.02,0.01,-0.01
0.05,0.02,1.0,-0.02,-0.01,0.01
0.05,0.02,1.0,-0.03,0.01,-0.0
0.06,0.02,1.0,-0.01,-0.0,0.0
0.05,0.02,1.0,-0.03,0.0,-0.0
0.06,0.02,1.0,-0.01,0.0,-0.01
0.06,0.02,1.0,-0.02,0.0,-0.0
0.06,0.02,1.0,-0.02,-0.0,0.0
0.05,0.02,1.0,-0.03,0.01,-0.01
0.06,0.01,1.0,-0.01,0.0,0.0
0.06,0.01,1.0,-0.02,0.01,0.0
0.06,0.01,0.99,-0.02,0.01,0.0
0.05,0.02,1.01,-0.01,0.01,0.0
0.05,0.01,1.0,-0.02,0.01,-0.01
0.05,0.02,1.0,-0.01,-0.0,0.0
0.06,0.03,1.0,-0.02,0.01,0.01
0.05,0.01,1.01,-0.02,0.0,0.0
0.06,0.02,1.0,-0.01,0.0,0.0
0.05,0.02,1.0,-0.03,0.02,-0.0
0.05,0.02,1.0,-0.02,0.0,0.0
0.05,0.02,1.0,-0.02,0.0,-0.01
0.05,0.01,0.99,-0.02,-0.01,0.0
0.05,0.01,1.0,-0.01,0.0,-0.0
0.05,0.02,1.0,-0.03,-0.01,-0.0
0.05,0.02,1.01,-0.02,0.01,0.0
0.06,0.02,1.0,-0.02,0.0,0.0
0.05,0.02,1.0,-0.03,0.02,-0.01
0.05,0.02,1.0,-0.02,-0.0,-0.0
0.06,0.02,1.0,-0.01,0.0,-0.01
0.05,0.02,1.0,-0.01,0.01,0.01
0.05,0.01,0.99,-0.01,0.01,-0.0
0.05,0.02,1.0,-0.02,0.01,-0.0
0.05,0.02,1.0,-0.02,-0.0,0.0
0.05,0.02,0.99,-0.02,0.0,-0.0
0.05,0.01,1.0,-0.02,0.01,0.0
0.05,0.02,1.0,-0.02,-0.0,0.0
0.05,0.02,1.0,-0.02,0.0,-0.01
0.05,0.01,0.99,-0.02,0.0,0.0
0.05,0.02,1.0,-0.02,0.0,-0.0
0.05,0.02,1.0,-0.01,-0.0,0.0
0.06,0.02,1.0,-0.02,0.0,-0.0
0.05,0.02,1.0,-0.02,-0.01,0.01
0.05,0.02,1.0,-0.01,0.01,0.0
0.05,0.02,1.0,-0.02,-0.0,0.0
0.06,0.02,1.0,-0.02,0.0,0.0
0.05,0.02,1.01,-0.02,0.02,-0.0
0.06,0.01,0.99,-0.02,0.01,0.0
0.06,0.02,1.0,-0.02,-0.0,0.0
0.05,0.02,1.0,-0.02,0.01,-0.0
0.05,0.02,1.0,-0.01,0.0,0.0
0.06,0.02,1.0,-0.01,0.0,0.01
0.05,0.02,1.0,-0.03,0.01,-0.0
0.05,0.01,0.99,-0.02,0.01,0.0
0.06,0.02,1.0,-0.02,0.01,-0.01
0.05,0.02,1.0,-0.01,0.0,-0.0
0.05,0.01,1.0,-0.02,-0.01,0.0
0.05,0.01,1.0,-0.03,0.01,-0.0
0.06,0.01,0.99,-0.01,-0.01,0.01
0.06,0.01,0.99,-0.02,0.01,-0.01
0.05,0.02,1.0,-0.01,0.0,0.0
0.06,0.02,1.0,-0.02,0.01,-0.0
0.06,0.02,1.0,-0.02,-0.0,0.0
0.05,0.02,1.0,-0.03,0.01,-0.01
0.06,0.01,1.0,-0.02,-0.0,0.0
0.05,0.02,1.0,-0.02,0.01,-0.0
0.05,0.02,0.99,-0.01,0.0,0.0
0.05,0.02,1.0,-0.01,0.01,-0.0
0.06,0.01,1.0,-0.01,-0.0,0.01
0.06,0.02,0.99,-0.03,0.0,-0.0
0.05,0.01,0.99,-0.02,0.01,-0.0
0.06,0.01,1.0,-0.01,0.01,-0.0
0.05,0.02,1.0,-0.02,0.01,-0.0
0.06,0.02,1.0,-0.02,-0.0,0.01
0.05,0.01,1.0,-0.02,0.0,-0.01
0.06,0.02,1.0,-0.03,0.01,-0.01
0.05,0.02,1.0,-0.02,-0.0,-0.0
0.05,0.02,1.0,-0.02,0.01,-0.0
0.05,0.02,1.0,-0.03,0.01,-0.0
0.05,0.02,1.0,-0.02,0.0,0.0
0.05,0.02,1.0,-0.02,-0.0,0.0
0.05,0.01,1.0,-0.03,0.01,-0.0
0.05,0.02,1.0,-0.03,-0.01,0.0
0.05,0.02,1.0,-0.02,0.01,0.01
0.05,0.02,1.0,-0.02,-0.0,0.01
0.06,0.02,1.0,-0.03,0.01,-0.01
0.06,0.02,0.99,-0.03,0.01,-0.0
0.06,0.02,1.0,-0.02,0.0,0.0
0.05,0.02,1.0,-0.03,-0.01,0.01
0.06,0.02,1.0,-0.03,0.01,0.0
0.05,0.02,1.0,-0.02,0.0,0.01
0.04,0.01,1.0,-0.02,0.01,0.01
0.05,0.02,1.0,-0.03,0.01,0.01
0.05,0.02,1.0,-0.03,0.02,-0.01
0.05,0.01,1.0,-0.02,0.0,-0.01
0.05,0.01,1.0,-0.01,0.0,-0.0
0.06,0.01,1.0,-0.01,-0.0,0.0
0.05,0.02,1.0,-0.02,0.01,0.0
0.05,0.02,1.0,-0.01,0.0,0.0
0.05,0.02,1.0,-0.02,0.01,0.01
0.05,0.02,1.0,-0.02,0.0,0.0
0.05,0.02,1.0,-0.02,0.01,-0.01
0.05,0.01,1.0,-0.0,-0.0,0.0
0.05,0.01,0.99,-0.02,0.01,-0.0
0.05,0.02,1.0,-0.02,0.0,-0.0
0.05,0.02,1.0,-0.03,0.01,-0.01
0.05,0.01,0.99,-0.02,0.0,0.0
0.06,0.01,0.99,-0.04,0.02,-0.01
0.05,0.01,1.0,-0.02,-0.0,0.01
0.05,0.02,0.99,-0.02,0.0,0.0
0.05,0.01,1.0,-0.03,0.0,-0.0
0.05,0.02,1.0,-0.02,0.01,-0.0
0.05,0.02,1.0,-0.02,0.01,-0.01
0.06,0.02,0.99,-0.03,0.01,-0.01
0.06,0.02,1.0,-0.03,0.0,0.01
0.06,0.02,1.0,-0.03,0.02,-0.0
0.06,0.02,1.0,-0.03,0.0,0.01
0.05,0.02,0.99,-0.03,-0.0,-0.0
0.06,0.02,1.0,-0.02,0.01,-0.01
0.05,0.02,1.0,-0.02,0.01,-0.01
0.05,0.02,1.0,-0.01,-0.0,0.01
0.06,0.02,1.0,-0.02,0.0,0.0
0.05,0.02,1.0,-0.02,-0.0,-0.0
0.06,0.02,1.0,-0.03,0.01,-0.01
0.05,0.02,1.0,-0.02,-0.0,0.0
0.06,0.02,1.0,-0.01,0.0,0.0
0.06,0.02,1.0,-0.02,0.01,0.0
0.05,0.02,1.0,-0.02,0.01,-0.01
0.05,0.01,1.0,-0.02,-0.0,0.01
0.05,0.01,1.0,-0.02,-0.0,-0.0
0.06,0.01,1.0,-0.01,0.0,-0.0
0.06,0.01,1.0,-0.01,0.0,0.01
0.06,0.01,1.0,-0.02,0.0,0.01
0.05,0.02,1.0,-0.02,0.01,0.0
0.06,0.02,1.0,-0.02,0.01,-0.0
0.06,0.02,1.0,-0.01,0.01,-0.01
0.05,0.02,1.0,-0.02,-0.01,0.0
0.06,0.02,1.0,-0.01,0.0,-0.0
0.06,0.02,1.0,-0.02,0.0,0.0
0.05,0.01,1.0,-0.03,0.01,0.0
0.05,0.01,1.0,-0.02,0.0,0.01
0.06,0.01,0.99,-0.03,0.01,0.01
0.05,0.02,1.0,-0.02,-0.01,0.0
0.07,0.01,0.99,-0.02,0.0,-0.0
0.06,0.02,1.0,-0.01,0.0,0.0
0.05,0.02,1.0,-0.02,0.01,-0.01
0.05,0.02,1.0,-0.03,0.0,0.0
0.06,0.02,1.01,-0.03,0.01,-0.01
0.05,0.02,1.0,-0.03,0.0,0.01
0.05,0.01,1.0,-0.02,0.0,0.0
0.05,0.02,0.99,-0.03,0.01,0.0
0.06,0.02,1.0,-0.02,0.01,-0.01
0.05,0.02,1.0,-0.03,0.01,0.0
0.05,0.02,1.0,-0.02,0.0,0.0
0.06,0.02,0.99,-0.0,0.0,0.01
0.05,0.01,1.0,-0.02,0.01,-0.0
0.06,0.02,1.0,-0.02,0.0,-0.0
0.06,0.02,1.0,-0.02,0.01,-0.0
0.05,0.01,1.0,-0.02,0.0,-0.01
0.05,0.02,1.0,-0.01,0.01,-0.01
0.06,0.02,1.0,-0.02,-0.01,0.01
0.05,0.02,1.0,-0.03,0.0,0.0
0.05,0.02,0.99,-0.02,0.0,-0.0
0.06,0.02,1.0,-0.01,0.01,0.0
0.05,0.02,1.0,-0.02,0.0,0.0
0.05,0.01,1.0,-0.02,0.0,-0.0
0.06,0.01,1.0,-0.02,0.01,-0.01
0.05,0.01,1.0,-0.02,0.01,-0.01
0.05,0.02,0.99,-0.02,-0.0,0.0
0.06,0.02,1.0,-0.02,0.01,0.0
0.05,0.02,1.0,-0.02,0.0,0.0
0.05,0.02,1.0,-0.02,0.01,0.0
0.05,0.02,0.99,-0.02,0.01,0.01
0.05,0.02,1.0,-0.02,0.01,-0.0
0.05,0.02,1.0,-0.02,0.01,-0.0
0.05,0.01,0.99,-0.01,0.0,-0.0
0.05,0.02,1.0,-0.01,-0.0,0.0
0.05,0.02,0.99,-0.02,0.01,0.0
0.06,0.02,1.0,-0.02,0.0,0.01
0.05,0.02,0.99,-0.03,0.0,0.01
0.05,0.02,0.99,-0.01,0.0,0.0
0.06,0.02,1.01,-0.01,0.01,0.01
0.05,0.02,1.0,-0.02,0.0,-0.01
0.06,0.02,1.0,-0.01,-0.0,0.0
0.06,0.02,0.99,-0.02,0.0,-0.0
0.06,0.02,1.0,-0.02,0.0,-0.01
0.05,0.01,1.0,-0.03,0.0,0.0
0.05,0.01,0.99,-0.02,0.0,0.0
0.05,0.02,1.0,-0.02,0.0,0.0
0.06,0.02,1.0,-0.03,0.01,-0.0
0.05,0.02,1.01,-0.03,0.01,-0.0
0.05,0.01,1.0,-0.02,-0.0,-0.0
0.06,0.02,1.0,-0.02,0.01,0.0
0.06,0.02,1.0,-0.03,0.01,-0.0
0.05,0.01,1.0,-0.03,0.0,0.01
0.05,0.02,1.0,-0.03,0.01,0.0
0.05,0.02,1.0,-0.01,0.0,-0.0
0.05,0.02,0.99,-0.02,0.01,0.0
0.06,0.02,1.0,-0.02,0.01,0.0
0.06,0.02,1.0,-0.02,0.0,-0.0
0.05,0.01,1.0,-0.02,-0.0,0.0
0.06,0.01,1.0,-0.02,0.01,0.0
0.05,0.02,1.0,-0.02,-0.0,-0.0
0.05,0.02,1.0,-0.02,0.01,-0.0
0.05,0.02,1.0,-0.02,-0.0,-0.0
0.05,0.02,1.0,-0.02,0.0,0.01
0.05,0.02,1.0,-0.02,0.01,0.0
0.06,0.02,1.0,-0.01,0.0,-0.01
0.05,0.02,1.0,-0.02,-0.01,0.0
0.05,0.02,1.0,-0.03,0.01,-0.0
0.05,0.01,1.0,-0.02,0.0,0.01
0.05,0.02,1.0,-0.02,0.0,0.0
0.06,0.02,1.0,-0.03,0.01,0.0
0.05,0.02,1.0,-0.03,0.01,0.01
0.06,0.02,1.0,-0.04,0.01,-0.01
0.05,0.02,0.99,-0.03,-0.0,0.0
0.05,0.02,1.0,-0.02,-0.0,0.0
0.05,0.02,1.0,-0.03,0.01,0.0
0.05,0.02,1.0,-0.02,0.0,0.01
0.06,0.02,1.0,-0.03,0.01,-0.0
0.06,0.02,1.0,-0.02,0.0,-0.0
0.05,0.02,1.0,-0.02,0.0,0.01
0.05,0.01,0.99,-0.01,0.01,-0.0
0.05,0.02,0.99,-0.01,0.01,-0.0
0.06,0.02,1.0,-0.02,-0.0,0.0
0.06,0.02,1.0,-0.02,0.01,-0.0
0.05,0.01,1.0,-0.03,0.01,0.0
0.06,0.02,1.0,-0.03,0.01,0.0
0.06,0.02,1.0,-0.02,0.01,-0.0
0.05,0.02,1.0,-0.03,0.01,0.0
0.05,0.02,0.99,-0.02,0.0,0.0
0.06,0.02,1.0,-0.01,-0.0,-0.0
0.05,0.02,1.0,-0.02,0.0,-0.0
0.06,0.02,1.0,-0.02,0.0,0.01
0.05,0.01,1.0,-0.04,0.01,0.0
0.06,0.01,1.0,-0.02,0.01,0.0
0.06,0.01,0.99,-0.01,0.0,-0.0
0.05,0.02,0.99,-0.01,0.0,0.0
0.05,0.02,1.0,-0.02,0.0,-0.0
0.05,0.02,1.0,-0.01,-0.01,0.0
0.06,0.02,1.0,-0.01,0.0,-0.01
0.05,0.02,1.0,-0.01,0.01,-0.0
0.05,0.02,1.0,-0.01,-0.0,-0.0
0.05,0.02,1.0,-0.01,0.0,0.0
0.06,0.02,1.0,-0.02,0.0,0.01
0.05,0.02,1.0,-0.03,0.01,0.0
0.06,0.02,1.0,-0.03,0.01,0.01
0.06,0.02,1.0,-0.02,-0.0,-0.0
0.06,0.02,1.0,-0.02,0.0,0.0
0.06,0.02,1.0,-0.03,0.0,-0.0
0.05,0.02,1.0,-0.02,0.01,0.01
0.06,0.02,1.0,-0.02,0.0,0.01
0.06,0.02,1.0,-0.03,0.0,0.01
0.06,0.02,1.0,-0.03,0.01,-0.01
0.05,0.02,1.0,-0.03,0.01,-0.0
0.05,0.02,1.0,-0.01,0.01,-0.0
0.06,0.02,1.0,-0.02,-0.0,-0.0
0.05,0.02,1.0,-0.02,0.01,-0.0
0.06,0.02,1.0,-0.01,0.0,0.0
0.05,0.01,0.99,-0.02,-0.0,0.01
0.05,0.01,1.0,-0.01,-0.0,0.0
0.06,0.02,1.0,-0.03,0.01,0.0
0.06,0.02,1.0,-0.02,0.01,0.0
0.06,0.02,1.0,-0.02,0.0,-0.0
0.06,0.02,0.99,-0.02,0.0,-0.0
0.05,0.02,1.0,-0.03,0.01,-0.0
0.05,0.01,1.0,-0.02,0.0,0.0
0.06,0.02,1.0,-0.02,-0.0,0.0
0.05,0.01,0.99,-0.02,0.0,-0.01
0.05,0.01,1.0,-0.01,0.0,-0.0
0.06,0.01,0.99,-0.02,0.01,-0.0
0.05,0.02,1.0,-0.02,-0.0,-0.0
0.06,0.02,1.0,-0.02,0.0,-0.0
0.05,0.02,0.99,-0.02,-0.0,0.0
0.06,0.02,0.98,-0.01,0.0,0.0
0.05,0.03,1.01,-0.02,0.0,0.0
0.05,0.01,1.0,-0.03,0.02,-0.01
0.06,0.01,1.01,-0.03,0.01,0.0
0.06,0.02,1.0,-0.02,0.01,-0.0
0.05,0.01,1.0,-0.02,-0.01,-0.0
0.06,0.03,1.0,-0.02,0.0,-0.0
0.06,0.01,1.0,-0.03,0.02,-0.0
0.06,0.02,1.0,-0.02,0.0,-0.01
0.06,0.01,1.0,-0.02,0.01,-0.0
0.05,0.02,1.0,-0.02,0.01,0.0
0.05,0.02,1.0,-0.02,0.0,-0.0
0.06,0.02,1.0,-0.02,0.01,0.0
0.06,0.02,1.0,-0.03,-0.0,0.0
0.05,0.02,1.0,-0.03,0.01,-0.0
0.06,0.02,1.0,-0.01,0.01,0.0
0.06,0.02,1.0,-0.02,0.01,0.0
0.06,0.02,1.0,-0.02,-0.0,0.0
0.06,0.02,0.99,-0.02,-0.0,0.01
0.05,0.02,1.0,-0.02,0.0,0.01
0.05,0.01,1.0,-0.02,0.01,-0.0
0.06,0.01,1.0,-0.02,-0.0,0.0
0.05,0.01,1.0,-0.02,0.0,-0.0
0.05,0.02,1.0,-0.02,0.0,-0.0
0.06,0.02,1.0,-0.02,0.0,0.0
0.05,0.02,1.0,-0.02,-0.0,0.0
0.06,0.02,1.0,-0.02,0.01,-0.0
0.05,0.02,1.0,-0.03,0.01,0.0
0.05,0.02,1.0,-0.01,0.0,-0.0
0.05,0.02,1.0,-0.02,0.0,-0.0
0.05,0.01,0.99,-0.02,0.0,-0.01
0.06,0.01,0.99,-0.02,0.01,-0.0
0.05,0.01,1.0,-0.01,0.0,-0.0
0.05,0.02,0.99,-0.03,-0.0,0.01
0.05,0.01,1.0,-0.02,0.01,0.0
0.06,0.02,0.99,-0.02,-0.0,0.0
0.05,0.02,1.0,-0.02,0.01,0.01
0.05,0.02,1.0,-0.02,-0.0,-0.0
0.05,0.02,1.0,-0.02,0.0,0.0
0.06,0.02,1.0,-0.01,0.01,-0.01
0.05,0.02,1.0,-0.02,0.01,-0.0
0.05,0.02,1.0,-0.01,-0.0,0.01
0.06,0.02,1.0,-0.02,-0.0,0.0
0.05,0.01,1.0,-0.03,0.01,0.0
0.05,0.01,1.0,-0.03,0.01,-0.0
0.06,0.02,1.0,-0.02,-0.0,-0.0
0.06,0.02,1.0,-0.02,0.01,-0.0
0.06,0.01,1.0,-0.02,0.01,-0.01
0.06,0.02,1.01,-0.01,0.0,-0.01
0.05,0.02,1.0,-0.02,0.01,-0.0
0.06,0.02,1.0,-0.02,0.01,-0.0
0.05,0.02,1.0,-0.03,0.0,-0.0
0.05,0.02,0.99,-0.01,0.0,0.0
0.05,0.02,1.0,-0.03,0.0,-0.0
0.05,0.02,1.01,-0.01,0.01,-0.01
0.06,0.01,1.0,-0.02,0.01,-0.0
0.05,0.01,1.0,-0.02,0.01,-0.0
0.05,0.02,0.99,-0.02,0.0,0.0
0.05,0.02,1.0,-0.02,0.0,0.0
0.05,0.02,1.0,-0.02,0.0,0.01
0.05,0.02,1.0,-0.02,0.01,-0.0
0.05,0.02,1.0,-0.02,-0.0,-0.0
0.06,0.02,1.0,-0.02,-0.0,0.0
0.05,0.02,1.0,-0.02,0.01,-0.01
0.05,0.02,1.0,-0.02,0.01,-0.0
0.05,0.02,1.0,-0.02,-0.0,0.0
0.06,0.01,1.0,-0.03,0.01,-0.0
0.05,0.01,1.0,-0.01,0.0,0.01
0.05,0.02,0.99,-0.03,0.02,0.0
0.06,0.02,1.0,-0.01,-0.0,-0.0
0.06,0.02,1.0,-0.02,0.01,-0.01
0.06,0.02,0.99,-0.03,0.01,-0.0
0.06,0.02,1.0,-0.02,0.01,0.0
0.06,0.02,1.0,-0.02,-0.0,0.0
0.05,0.02,1.0,-0.03,0.01,-0.0
0.05,0.02,1.0,-0.02,0.0,0.0
0.05,0.02,0.99,-0.02,0.02,-0.0
0.05,0.02,1.0,-0.02,0.0,-0.01
0.06,0.02,0.99,-0.01,0.01,-0.0
0.06,0.02,1.0,-0.02,-0.01,0.0
0.06,0.01,1.0,-0.03,0.01,-0.01
0.06,0.01,1.0,-0.02,-0.0,0.01
0.06,0.02,1.0,-0.02,0.0,0.0
0.06,0.02,1.0,-0.02,0.0,0.0
0.05,0.02,1.0,-0.03,0.01,-0.0
0.05,0.02,1.0,-0.02,0.0,0.0
0.05,0.02,1.01,-0.02,0.01,-0.01
0.06,0.02,1.0,-0.01,0.01,-0.0
0.06,0.02,0.99,-0.01,0.0,0.0
0.06,0.0,1.01,-0.03,0.0,-0.0
0.05,0.01,0.99,-0.02,0.01,-0.01
0.05,0.02,1.0,-0.02,0.01,0.01
0.06,0.01,1.0,-0.03,0.01,-0.0
0.06,0.01,1.01,-0.02,0.0,0.0
0.06,0.01,1.0,-0.01,0.01,-0.01
0.05,0.03,1.0,-0.03,0.01,-0.01
0.06,0.01,1.0,-0.02,0.01,-0.01
0.06,0.02,1.0,-0.02,-0.0,0.01
0.06,0.02,1.0,-0.01,0.01,-0.01
0.05,0.02,1.01,-0.02,-0.0,-0.0
0.06,0.02,1.0,-0.02,0.01,0.0
0.06,0.02,0.99,-0.02,-0.0,0.0
0.05,0.02,1.0,-0.02,0.01,-0.01
0.06,0.01,1.0,-0.01,0.0,-0.01
0.05,0.02,0.99,-0.02,-0.0,-0.0
0.05,0.01,1.0,-0.02,-0.0,0.01
0.05,0.02,1.0,-0.03,0.01,-0.0
0.05,0.02,1.0,-0.01,0.0,0.0
0.06,0.02,1.0,-0.03,0.02,-0.0
0.05,0.02,1.0,-0.02,0.0,0.01
0.05,0.02,1.0,-0.01,0.0,-0.01
0.06,0.02,1.0,-0.02,0.0,-0.01
0.05,0.02,1.0,-0.03,0.01,-0.01
0.05,0.01,1.0,-0.02,-0.0,0.0
0.05,0.01,1.0,-0.02,0.01,-0.01
0.06,0.01,1.0,-0.02,0.0,0.01
0.05,0.01,0.99,-0.02,0.02,-0.0
0.06,0.02,0.99,-0.02,-0.0,-0.0
0.06,0.01,1.0,-0.02,0.0,-0.0
0.05,0.02,1.0,-0.01,-0.0,-0.0
0.06,0.02,1.0,-0.01,0.0,-0.0
0.06,0.02,1.0,-0.02,0.0,-0.0
0.05,0.02,1.0,-0.02,0.01,-0.0
0.05,0.02,1.0,-0.01,0.01,0.0
0.05,0.01,1.0,-0.02,-0.0,-0.0
0.05,0.02,1.0,-0.02,0.0,0.0
0.05,0.01,1.0,-0.02,-0.0,-0.0
0.06,0.02,1.0,-0.02,0.01,-0.0
0.05,0.02,1.0,-0.01,0.0,-0.01
0.06,0.02,1.0,-0.02,0.01,-0.01
0.06,0.01,1.0,-0.02,0.01,-0.01
0.05,0.02,1.0,-0.02,0.01,0.0
0.05,0.03,1.01,-0.02,0.01,-0.0
0.06,0.02,1.0,-0.02,-0.0,0.0
0.06,0.02,1.0,-0.01,0.0,0.0
0.05,0.02,0.99,-0.03,0.01,-0.01
0.05,0.02,0.99,-0.01,0.01,-0.0
0.05,0.01,1.0,-0.01,-0.01,-0.0
0.06,0.02,1.0,-0.02,-0.0,0.01
0.05,0.02,1.0,-0.02,0.0,0.0
0.05,0.02,1.01,-0.02,0.01,0.0
0.05,0.02,1.0,-0.02,-0.0,0.01
0.05,0.02,1.01,-0.03,0.0,0.01
0.06,0.01,1.0,-0.03,0.0,-0.0
0.06,0.02,1.0,-0.01,0.0,-0.01
0.05,0.02,1.0,-0.02,-0.0,0.01
0.05,0.02,1.0,-0.02,0.01,-0.0
0.05,0.02,0.99,-0.02,0.01,0.0
0.05,0.01,0.99,-0.01,0.01,-0.0
0.06,0.02,1.0,-0.01,-0.0,0.0
0.05,0.02,0.99,-0.02,0.01,-0.0
0.05,0.02,0.99,-0.02,0.01,-0.0
0.05,0.02,1.01,-0.02,0.01,-0.01
0.06,0.02,1.01,-0.02,-0.0,-0.0
0.05,0.02,0.99,-0.03,0.01,-0.0
0.06,0.02,1.0,-0.02,0.01,0.0
0.05,0.01,1.0,-0.02,0.01,-0.0
0.06,0.02,0.99,-0.02,-0.0,-0.0
0.05,0.02,0.99,-0.01,-0.0,0.01
0.05,0.02,1.0,-0.02,0.0,-0.0
0.05,0.02,1.0,-0.02,0.0,-0.0
0.06,0.01,0.99,-0.01,0.0,0.0
0.06,0.02,1.0,-0.02,0.0,-0.01
0.06,0.01,0.99,-0.02,0.0,0.0
0.05,0.02,0.99,-0.02,0.01,-0.0
0.06,0.02,1.0,-0.02,-0.01,0.0
0.06,0.02,1.0,-0.02,0.0,0.0
0.05,0.02,1.0,-0.02,0.01,0.0
0.05,0.02,1.0,-0.02,0.01,-0.0
0.05,0.02,1.01,-0.02,0.01,-0.0
0.06,0.02,1.0,-0.03,0.01,0.0
0.05,0.01,1.0,-0.01,0.0,0.01
0.06,0.02,1.0,-0.03,0.02,-0.0
0.05,0.01,0.99,-0.03,0.0,0.0
0.06,0.02,1.0,-0.02,0.01,-0.0
0.05,0.01,1.0,-0.02,0.0,0.01
0.05,0.02,1.0,-0.03,0.01,-0.01
0.06,0.01,1.01,-0.02,-0.0,0.01
0.05,0.02,1.0,-0.02,0.0,-0.0
0.05,0.02,1.0,-0.02,0.0,-0.0
0.05,0.01,1.0,-0.02,0.01,-0.0
0.05,0.02,1.0,-0.02,0.0,-0.0
0.06,0.02,0.99,-0.02,-0.0,0.0
0.06,0.02,1.0,-0.03,0.01,0.01
0.05,0.02,1.0,-0.03,0.01,-0.01
0.05,0.02,1.0,-0.02,-0.0,0.01
0.05,0.01,1.0,-0.02,0.01,-0.0
0.05,0.02,1.0,-0.01,0.01,0.01
0.06,0.02,1.0,-0.02,0.02,-0.0
0.05,0.02,1.0,-0.01,0.0,0.01
0.06,0.01,1.0,-0.02,-0.0,0.0
0.05,0.02,0.99,-0.02,0.01,0.0
0.05,0.02,1.01,-0.01,0.01,-0.0
0.06,0.02,0.99,-0.0,-0.0,0.0
0.06,0.02,1.0,-0.02,0.0,0.0
0.06,0.02,1.0,-0.03,0.0,-0.0
0.06,0.02,1.0,-0.02,0.0,0.01
0.05,0.01,1.0,-0.03,-0.0,0.0
0.06,0.02,1.0,-0.01,0.0,0.01
0.06,0.02,1.01,-0.03,0.0,0.0
0.06,0.02,1.0,-0.02,0.0,0.01
0.06,0.02,0.99,-0.02,-0.0,0.0
0.06,0.02,1.0,-0.02,0.01,-0.01
0.06,0.02,1.01,-0.02,0.01,-0.0
0.06,0.02,1.0,-0.03,0.01,-0.0
0.05,0.02,1.0,-0.03,0.0,0.0
0.05,0.02,0.99,-0.02,0.0,0.01
0.05,0.02,0.99,-0.02,0.01,-0.0
0.05,0.02,0.99,-0.01,0.01,-0.01
0.05,0.02,0.99,-0.01,0.01,0.0
0.05,0.01,1.0,-0.02,0.01,-0.0
0.05,0.02,1.0,-0.02,0.0,-0.0
0.06,0.02,1.0,-0.02,-0.0,0.01
0.05,0.01,1.0,-0.03,0.01,-0.01
0.06,0.02,1.0,-0.01,0.0,-0.0
0.06,0.01,1.0,-0.02,0.01,-0.01
0.06,0.02,1.0,-0.02,0.0,-0.0
0.06,0.02,1.0,-0.01,-0.0,-0.0
0.06,0.02,1.0,-0.01,-0.0,-0.0
0.06,0.02,1.0,-0.03,-0.0,0.0
0.05,0.02,1.0,-0.02,0.0,0.0
0.06,0.01,1.0,-0.02,0.01,-0.0
0.05,0.01,0.99,-0.02,0.0,-0.0
0.05,0.02,1.0,-0.02,0.0,0.0
0.06,0.02,1.0,-0.01,-0.0,0.0
0.06,0.03,1.0,-0.02,0.01,-0.0
0.05,0.01,1.0,-0.02,0.01,0.0
0.06,0.02,1.0,-0.02,0.01,0.01
0.05,0.02,1.0,-0.03,0.02,-0.0
0.05,0.02,1.01,-0.01,0.0,0.0
0.05,0.02,1.0,-0.02,0.0,0.0
0.05,0.02,1.0,-0.01,0.01,0.0
0.05,0.02,1.0,-0.02,-0.0,0.0
0.05,0.02,0.99,-0.02,0.01,-0.0
0.06,0.02,1.0,-0.01,0.0,-0.0
0.05,0.02,1.0,-0.02,0.0,0.0
0.06,0.02,1.0,-0.02,0.01,-0.0
0.05,0.01,1.0,-0.01,0.01,-0.0
0.06,0.02,1.0,-0.02,-0.01,0.01
0.06,0.02,1.0,-0.03,0.0,-0.0
0.05,0.02,1.0,-0.03,-0.0,0.01
0.06,0.02,1.0,-0.01,0.01,-0.01
0.05,0.02,1.0,-0.02,0.01,-0.0
0.05,0.02,0.99,-0.02,0.01,0.0
0.06,0.01,1.0,-0.03,-0.0,0.01
0.05,0.01,0.99,-0.03,-0.0,0.0
0.06,0.01,1.0,-0.02,0.0,0.0
0.06,0.01,1.0,-0.03,0.01,-0.0
0.06,0.02,1.0,-0.02,0.01,0.0
0.05,0.01,1.0,-0.02,0.0,0.0
0.06,0.01,1.0,-0.02,0.01,-0.0
0.05,0.02,0.99,-0.02,0.01,0.01
0.05,0.02,1.0,-0.02,0.0,0.01
0.05,0.01,1.0,-0.02,0.01,-0.0
0.05,0.01,1.0,-0.03,0.0,0.0
0.06,0.01,1.0,-0.03,0.01,-0.0
0.06,0.01,1.0,-0.02,0.01,-0.01
0.05,0.02,1.0,-0.02,-0.0,0.0
0.06,0.02,1.0,-0.02,-0.01,-0.01
0.05,0.02,1.01,-0.02,0.0,-0.0
0.05,0.01,1.0,-0.02,0.0,0.01
0.05,0.02,1.0,-0.01,0.0,-0.0
0.06,0.02,1.0,-0.01,0.0,0.01
0.06,0.02,1.0,-0.03,0.01,0.0
0.05,0.02,1.0,-0.03,0.0,-0.0
0.05,0.02,1.01,-0.01,0.01,-0.01
0.06,0.01,1.0,-0.02,0.01,-0.01
0.05,0.02,1.0,-0.02,0.0,-0.0
0.05,0.01,0.99,-0.02,0.01,-0.0
0.05,0.01,1.0,-0.02,0.01,-0.0
0.05,0.02,1.0,-0.02,0.0,0.0
0.05,0.02,0.99,-0.02,0.01,-0.0
0.05,0.02,1.0,-0.02,0.0,-0.01
0.06,0.01,1.0,-0.01,0.0,-0.01
0.06,0.01,0.99,-0.01,0.01,-0.01
0.05,0.02,1.0,-0.02,0.01,0.0
0.05,0.02,0.99,-0.01,-0.0,0.01
0.05,0.01,1.0,-0.01,0.01,-0.0
0.05,0.02,1.0,-0.01,-0.01,0.0
0.05,0.02,1.0,-0.03,0.0,0.01
0.05,0.02,0.99,-0.03,-0.0,-0.0
0.05,0.02,1.0,-0.02,0.0,-0.01
0.06,0.01,1.0,-0.01,0.01,-0.01
0.06,0.02,1.0,-0.02,0.0,0.0
0.05,0.02,1.0,-0.02,-0.0,0.01
0.06,0.02,1.0,-0.02,0.01,-0.01
0.05,0.02,1.0,-0.02,0.0,-0.0
0.05,0.02,1.0,-0.02,0.01,0.0
0.06,0.01,1.0,-0.02,0.0,0.0
0.06,0.02,0.99,-0.02,0.01,-0.0
0.06,0.02,1.0,-0.02,0.01,0.0
0.05,0.02,1.0,-0.01,0.0,-0.0
0.06,0.02,1.0,-0.02,-0.0,0.0
0.05,0.01,0.99,-0.02,0.01,0.0
0.05,0.02,1.01,-0.02,0.0,-0.0
0.06,0.01,1.0,-0.02,0.0,0.0
0.05,0.02,1.0,-0.01,-0.0,-0.0
0.05,0.02,0.99,-0.02,0.0,-0.0
0.05,0.01,1.0,-0.01,-0.01,-0.01
0.05,0.02,1.0,-0.02,0.01,-0.0
0.05,0.02,0.99,-0.02,-0.0,-0.0
0.06,0.01,0.99,-0.01,0.01,-0.0
0.06,0.02,1.0,-0.01,-0.0,0.01
0.05,0.01,1.0,-0.02,0.01,-0.0
0.05,0.02,1.0,-0.02,-0.0,0.0
0.06,0.02,1.0,-0.02,0.01,-0.01
0.06,0.02,1.0,-0.01,0.01,-0.0
0.06,0.02,1.0,-0.02,0.01,-0.0
0.06,0.02,0.99,-0.02,0.01,0.0
0.05,0.02,1.0,-0.02,-0.0,0.01
0.05,0.02,1.0,-0.02,0.0,0.0
0.05,0.01,1.0,-0.02,0.01,0.0
0.05,0.02,1.01,-0.02,-0.01,-0.0
0.05,0.02,1.0,-0.01,0.0,-0.01
0.05,0.02,1.0,-0.01,0.0,-0.01
0.06,0.02,1.0,-0.02,0.0,-0.01
0.05,0.02,1.0,-0.02,-0.0,0.01
0.05,0.01,1.0,-0.02,0.01,-0.01
0.05,0.02,1.0,-0.01,-0.01,0.01
0.05,0.02,1.0,-0.03,0.01,0.0
0.06,0.01,1.0,-0.01,-0.0,-0.01
0.05,0.02,1.0,-0.02,0.01,-0.01
0.06,0.01,1.0,-0.02,0.01,-0.0
0.05,0.02,1.0,-0.01,0.0,-0.0
0.06,0.02,0.99,-0.01,-0.0,0.01
0.06,0.01,1.01,-0.02,-0.0,-0.0
0.06,0.01,1.0,-0.01,0.0,-0.0
0.05,0.01,1.0,-0.02,0.01,-0.0
0.05,0.01,1.0,-0.01,0.01,0.0
0.05,0.01,1.0,-0.01,0.0,-0.0
0.06,0.02,1.0,-0.01,0.01,-0.01
0.05,0.02,1.0,-0.02,0.0,-0.0
0.05,0.02,1.0,-0.02,-0.0,0.0
0.06,0.02,1.0,-0.02,0.01,-0.0
0.05,0.02,0.99,-0.02,0.0,0.0
0.05,0.02,1.0,-0.02,0.01,-0.01
0.05,0.02,1.0,-0.02,-0.01,-0.0
0.06,0.02,1.0,-0.01,0.0,-0.01
0.05,0.01,1.0,-0.01,-0.01,-0.0
0.05,0.02,1.0,-0.02,-0.0,-0.0
0.05,0.01,1.0,-0.02,-0.0,0.01
0.06,0.02,1.0,-0.02,0.01,-0.01
0.05,0.01,0.99,-0.02,0.01,0.0
0.05,0.02,1.0,-0.02,0.01,0.0
0.05,0.02,1.0,-0.02,-0.0,0.01
0.05,0.02,1.0,-0.02,0.0,-0.01
0.05,0.02,1.0,-0.02,0.0,-0.0
0.05,0.02,0.99,-0.01,0.0,0.0
0.05,0.02,1.0,-0.02,0.01,-0.01
0.05,0.01,1.0,-0.01,0.0,-0.0
0.05,0.01,1.0,-0.02,0.0,0.01
0.05,0.02,0.99,-0.03,0.02,0.0
0.05,0.02,1.0,-0.02,-0.0,-0.0
0.06,0.01,1.0,-0.01,0.0,-0.01
0.06,0.02,1.0,-0.02,0.01,-0.0
0.06,0.02,1.0,-0.01,0.0,-0.0
0.05,0.02,1.0,-0.03,0.0,0.0
0.05,0.02,1.0,-0.02,0.01,0.0
0.05,0.02,1.0,-0.02,-0.01,0.0
0.06,0.02,1.01,-0.02,0.01,-0.0
0.05,0.01,1.0,-0.02,-0.0,-0.0
0.06,0.02,1.0,-0.02,0.0,-0.01
0.05,0.02,1.0,-0.01,0.01,-0.0
0.05,0.02,0.99,-0.01,0.0,-0.0
0.05,0.02,0.99,-0.02,-0.01,0.0
0.06,0.01,1.0,-0.02,0.0,0.0
0.05,0.02,1.01,-0.02,0.0,0.0
0.06,0.01,1.0,-0.02,0.01,0.0
0.05,0.02,0.99,-0.02,0.0,0.01
0.05,0.02,1.0,-0.02,0.01,0.0
0.06,0.02,1.0,-0.01,0.0,0.0
0.05,0.02,1.0,-0.01,0.0,-0.01
0.05,0.01,1.0,-0.01,0.0,0.0
0.05,0.01,1.0,-0.02,0.01,-0.01
0.05,0.01,1.0,-0.02,0.01,0.0
0.05,0.02,1.0,-0.02,0.01,-0.0
0.05,0.02,1.01,-0.02,0.0,-0.0
0.06,0.02,1.0,-0.02,0.01,0.0
0.06,0.02,1.0,-0.02,-0.01,-0.0
0.05,0.01,1.0,-0.03,0.0,-0.0
0.06,0.02,1.0,-0.02,-0.0,-0.0
0.05,0.02,1.0,-0.01,0.01,-0.0
0.05,0.02,1.0,-0.02,0.0,0.0
0.05,0.02,1.0,-0.02,0.01,0.0
0.05,0.02,0.99,-0.03,0.0,0.0
0.05,0.02,1.0,-0.02,0.0,-0.01
0.05,0.01,1.0,-0.01,0.0,-0.0
0.06,0.01,1.0,-0.01,0.0,-0.01
0.06,0.02,1.0,-0.02,0.01,-0.0
0.06,0.02,0.99,-0.03,0.0,-0.01
0.05,0.02,1.0,-0.02,0.01,0.0
0.05,0.02,1.0,-0.03,0.02,0.0
0.05,0.02,1.0,-0.02,-0.0,-0.0
0.06,0.02,1.0,-0.01,0.0,-0.0
0.05,0.02,0.99,-0.02,0.01,0.0
0.05,0.02,0.99,-0.02,0.01,-0.0
0.06,0.01,0.99,-0.01,-0.0,0.01
0.05,0.01,0.99,-0.02,0.01,-0.0
0.06,0.01,1.0,-0.02,-0.01,0.01
0.05,0.01,1.0,-0.02,0.01,0.0
0.05,0.01,1.0,-0.01,-0.0,0.01
0.05,0.02,0.99,-0.02,0.0,-0.01
0.06,0.02,0.99,-0.01,0.0,-0.01
0.06,0.01,1.01,-0.02,0.01,-0.01
0.06,0.02,0.99,-0.02,-0.0,0.01
0.05,0.01,1.0,-0.03,0.0,0.0
0.06,0.02,1.0,-0.03,0.01,0.0
0.06,0.01,1.0,-0.02,0.01,0.0
0.05,0.01,1.0,-0.01,0.0,0.01
0.05,0.01,1.0,-0.04,0.01,0.0
0.05,0.01,1.01,-0.03,0.01,0.0
0.06,0.02,1.01,-0.03,0.01,-0.0
0.05,0.02,1.0,-0.02,-0.0,0.0
0.06,0.02,1.0,-0.01,0.01,-0.0
0.05,0.02,1.0,-0.03,0.01,0.0
0.05,0.02,1.0,-0.02,0.01,-0.01
0.05,0.02,1.0,-0.02,-0.0,-0.0
0.06,0.02,1.0,-0.02,0.0,0.0
0.05,0.02,1.0,-0.02,-0.0,-0.0
0.05,0.02,1.0,-0.01,0.01,-0.01
0.05,0.02,1.0,-0.01,-0.0,0.0
0.06,0.02,1.0,-0.01,0.01,-0.01
0.05,0.01,0.99,-0.03,0.01,-0.0
0.05,0.02,1.0,-0.02,0.01,-0.0
0.05,0.02,1.0,-0.02,-0.01,0.0
0.06,0.02,0.99,-0.02,0.0,0.0
0.06,0.02,1.0,-0.02,0.01,-0.0
0.06,0.02,1.0,-0.02,-0.0,0.0
0.05,0.02,1.01,-0.04,0.01,-0.0
0.06,0.02,1.0,-0.01,0.0,-0.0
0.05,0.02,1.0,-0.03,0.01,-0.0
0.06,0.02,1.0,-0.02,0.01,-0.0
0.05,0.01,1.0,-0.03,0.0,0.0
0.05,0.02,1.0,-0.02,0.0,-0.0
0.05,0.02,1.0,-0.02,0.01,-0.0
0.06,0.02,1.0,-0.01,-0.0,-0.0
0.05,0.02,1.0,-0.02,-0.0,0.0
0.05,0.02,1.0,-0.02,0.01,-0.0
0.05,0.02,1.0,-0.02,-0.01,0.01
0.05,0.02,1.0,-0.03,0.0,-0.0
0.05,0.02,1.0,-0.02,0.0,0.0
0.06,0.02,0.99,-0.01,-0.0,-0.0
0.05,0.02,1.0,-0.03,0.0,0.0
0.05,0.02,1.0,-0.02,-0.0,-0.0
0.05,0.01,0.99,-0.02,-0.0,0.01
0.05,0.02,1.0,-0.02,0.01,0.0
0.05,0.02,0.99,-0.03,0.0,0.0
0.06,0.02,1.0,-0.01,0.01,-0.01
0.05,0.01,1.0,-0.02,0.01,0.01
0.05,0.01,1.0,-0.03,0.01,-0.01
0.05,0.02,0.99,-0.03,0.0,-0.0
0.05,0.02,1.0,-0.01,0.0,-0.0
0.06,0.02,0.99,-0.01,-0.01,0.01
0.05,0.01,1.0,-0.03,0.01,-0.0
0.05,0.01,1.0,-0.02,-0.0,0.0
0.06,0.02,1.0,-0.03,-0.0,-0.0
0.05,0.02,1.0,-0.01,-0.0,0.0
0.06,0.02,1.0,-0.02,0.01,0.0
0.06,0.02,0.99,-0.02,0.01,-0.01
0.06,0.02,1.01,-0.02,0.01,0.0
0.06,0.02,0.99,-0.02,-0.0,0.01
0.06,0.02,1.0,-0.03,0.01,0.0
0.05,0.02,1.01,-0.03,0.0,0.01
0.05,0.02,1.0,-0.03,0.02,-0.01
0.05,0.02,1.0,-0.03,0.01,0.0
0.05,0.02,1.0,-0.02,-0.0,0.0
0.05,0.02,1.0,-0.02,0.0,-0.0
0.05,0.01,1.0,-0.01,0.0,0.0
0.05,0.01,1.0,-0.02,0.01,0.0
0.05,0.02,1.0,-0.03,0.01,-0.01
0.05,0.02,0.99,-0.02,0.01,0.01
0.05,0.02,1.0,-0.03,0.02,-0.01
0.05,0.02,1.0,-0.02,0.0,-0.0
0.06,0.02,1.0,-0.02,-0.0,-0.0
0.05,0.02,1.0,-0.02,0.0,0.0
0.05,0.02,1.0,-0.01,-0.0,-0.0
0.05,0.02,0.99,-0.02,-0.01,0.0
0.05,0.02,1.0,-0.02,0.01,-0.01
0.05,0.02,1.0,-0.01,-0.0,-0.0
0.06,0.02,0.99,-0.02,0.01,-0.0
0.05,0.02,1.0,-0.01,0.0,0.0
0.05,0.02,1.0,-0.01,0.0,-0.0
0.05,0.02,1.0,-0.01,0.01,-0.0
0.05,0.02,0.99,-0.02,-0.0,0.0
0.05,0.02,1.0,-0.01,-0.0,-0.01
0.05,0.02,1.01,-0.01,0.0,-0.0
0.05,0.02,1.0,-0.01,-0.0,0.01
0.06,0.01,1.0,-0.02,0.0,-0.0
0.05,0.02,1.0,-0.03,0.0,0.0
0.05,0.02,1.0,-0.03,0.01,-0.0
0.06,0.02,1.0,-0.03,0.01,-0.0
0.05,0.02,1.0,-0.02,0.01,-0.0
0.06,0.02,1.0,-0.01,-0.0,-0.0
0.05,0.02,1.0,-0.01,0.01,0.0
0.06,0.01,0.99,-0.01,0.0,0.0
0.05,0.02,0.99,-0.01,0.01,0.01
0.06,0.02,1.0,-0.02,0.0,0.0
0.05,0.02,1.0,-0.02,-0.0,-0.0
0.06,0.02,1.01,-0.01,0.01,0.0
0.06,0.02,1.0,-0.03,0.01,0.0
0.05,0.02,0.99,-0.02,0.0,-0.0
0.05,0.02,1.0,-0.02,0.01,0.0
0.05,0.02,1.0,-0.02,0.01,0.0
0.05,0.01,1.0,-0.02,0.0,0.0
0.05,0.01,1.0,-0.02,-0.0,0.0
0.05,0.01,1.0,-0.02,0.0,-0.0
0.06,0.02,1.0,-0.01,0.01,0.0
0.05,0.01,1.01,-0.02,-0.0,0.0
0.05,0.02,0.99,-0.02,0.01,-0.0
0.06,0.02,1.0,-0.01,0.0,-0.01
0.05,0.02,1.0,-0.02,0.0,-0.0
0.05,0.02,1.0,-0.02,-0.0,0.0
0.06,0.01,1.0,-0.02,0.0,0.0
0.05,0.02,0.99,-0.02,0.01,-0.0
0.05,0.02,1.0,-0.02,0.0,-0.01
0.05,0.01,0.99,-0.02,-0.01,0.0
0.06,0.02,0.99,-0.02,0.01,-0.01
0.05,0.02,1.0,-0.02,0.01,0.0
0.06,0.02,1.0,-0.02,0.0,-0.0
0.05,0.02,1.0,-0.01,0.01,-0.01
0.05,0.01,1.0,-0.01,-0.0,0.0
0.06,0.02,0.99,-0.02,0.0,0.01
0.05,0.02,1.0,-0.03,0.01,0.0
0.05,0.02,1.0,-0.02,0.0,-0.0
0.06,0.02,1.0,-0.02,-0.0,-0.0
0.06,0.02,0.99,-0.02,0.01,-0.0
0.05,0.01,1.0,-0.02,0.0,0.0
0.06,0.02,1.0,-0.02,0.0,0.01
0.05,0.02,1.0,-0.04,0.01,0.01
0.05,0.02,1.0,-0.03,0.0,0.0
0.06,0.01,1.0,-0.02,0.01,0.0
0.06,0.02,1.0,-0.02,-0.0,-0.0
0.05,0.02,1.0,-0.02,0.0,-0.0
0.06,0.02,1.0,-0.02,0.01,-0.0
0.05,0.01,1.0,-0.02,0.0,0.0
0.05,0.02,0.99,-0.03,-0.0,0.0
0.06,0.02,1.0,-0.02,0.0,0.0
0.05,0.01,1.0,-0.03,0.01,-0.0
0.06,0.01,1.0,-0.02,0.01,0.0
0.05,0.01,1.0,-0.01,-0.0,0.01
0.06,0.02,1.0,-0.02,0.0,-0.01
0.05,0.01,0.99,-0.02,0.01,-0.0
0.06,0.02,0.99,-0.02,0.0,0.0
0.06,0.02,1.0,-0.01,0.0,0.01
0.05,0.02,1.0,-0.02,0.0,-0.01
0.05,0.02,1.0,-0.02,0.01,-0.0
0.05,0.02,1.0,-0.02,0.0,-0.0
0.05,0.02,1.0,-0.01,-0.0,0.0
0.06,0.02,1.0,-0.02,0.0,-0.01
0.05,0.02,1.0,-0.02,-0.0,-0.0
0.06,0.02,1.0,-0.02,0.01,0.0
0.05,0.02,0.99,-0.02,0.0,0.0
0.05,0.02,1.0,-0.02,0.0,-0.0
0.06,0.01,1.0,-0.02,0.01,0.0
0.06,0.01,1.0,-0.02,0.01,-0.0
0.05,0.02,1.0,-0.03,-0.0,-0.0
0.05,0.02,1.0,-0.01,0.01,-0.01
0.05,0.02,1.0,-0.02,0.02,-0.0
0.05,0.02,1.0,-0.02,0.0,-0.0
0.05,0.02,1.0,-0.01,0.01,-0.0
0.05,0.02,0.99,-0.01,0.0,-0.0
0.05,0.02,0.99,-0.02,0.0,0.0
0.05,0.02,1.0,-0.03,0.01,0.0
0.06,0.02,0.99,-0.01,-0.0,-0.0
0.05,0.01,1.0,-0.01,-0.0,-0.0
0.05,0.02,1.0,-0.02,0.01,-0.01
0.06,0.02,1.0,-0.02,0.0,0.0
0.05,0.02,1.0,-0.03,-0.0,0.01
0.05,0.02,1.0,-0.03,0.0,0.01
0.05,0.02,1.0,-0.03,0.01,0.01
0.06,0.02,1.0,-0.03,0.01,-0.01
0.06,0.02,0.99,-0.02,-0.0,0.0
0.05,0.01,1.0,-0.01,-0.0,-0.0
0.05,0.02,1.0,-0.02,0.01,-0.01
0.06,0.02,1.0,-0.02,0.01,0.0
0.06,0.02,1.0,-0.02,0.0,0.01
0.06,0.01,1.0,-0.03,0.01,-0.01
0.06,0.01,0.99,-0.01,0.01,0.01
0.05,0.02,1.0,-0.02,0.02,0.0
0.05,0.01,1.0,-0.01,-0.0,-0.0
0.05,0.02,1.0,-0.01,0.0,-0.0
0.05,0.02,1.0,-0.01,0.01,-0.0
0.06,0.02,0.99,-0.02,0.01,-0.0
0.05,0.02,1.01,-0.02,-0.0,0.01
0.06,0.01,0.99,-0.01,0.01,-0.0
0.05,0.01,0.99,-0.01,0.0,0.01
0.05,0.01,1.0,-0.02,0.01,-0.0
0.05,0.02,1.0,-0.02,0.0,-0.0
0.06,0.01,1.0,-0.03,0.0,-0.0
0.05,0.01,1.0,-0.02,-0.0,-0.0
0.05,0.02,0.99,-0.02,0.01,0.0
0.05,0.02,1.0,-0.02,-0.0,-0.0
0.05,0.02,1.0,-0.02,0.01,0.0
0.05,0.02,1.0,-0.02,0.01,0.0
0.06,0.02,1.0,-0.02,0.01,-0.0
0.05,0.02,1.0,-0.02,0.0,0.0
0.05,0.01,0.99,-0.01,0.0,-0.01
0.06,0.02,1.01,-0.02,0.01,-0.01
0.05,0.01,1.0,-0.02,0.01,-0.01
0.05,0.02,1.01,-0.02,0.01,0.0
0.05,0.01,1.01,-0.02,0.01,-0.01
0.05,0.02,1.0,-0.02,0.0,-0.0
0.05,0.02,0.99,-0.02,0.01,0.0
0.06,0.02,1.0,-0.01,-0.0,0.0
0.06,0.02,1.0,-0.03,0.01,-0.01
0.05,0.02,0.99,-0.03,0.01,-0.0
0.05,0.02,1.0,-0.01,0.01,0.0
0.06,0.01,1.0,-0.01,-0.0,0.01
0.05,0.02,1.0,-0.02,-0.0,0.0
0.05,0.02,1.0,-0.02,0.01,0.01
0.06,0.02,1.0,-0.03,0.01,0.0
0.05,0.02,1.0,-0.03,-0.0,0.01
0.05,0.02,1.0,-0.03,0.01,-0.01
0.05,0.02,1.0,-0.01,0.01,0.0
0.05,0.02,1.0,-0.01,0.01,-0.0
0.05,0.01,0.99,-0.02,-0.01,0.0
0.05,0.02,1.0,-0.02,0.0,-0.0
0.05,0.02,1.01,-0.02,0.0,0.0
0.05,0.02,1.0,-0.01,0.01,-0.0
0.06,0.02,1.0,-0.01,0.0,0.0
0.05,0.01,1.0,-0.02,0.0,-0.01
0.05,0.01,0.99,-0.02,0.01,0.0
0.05,0.03,1.0,-0.02,0.0,-0.0
0.05,0.01,0.99,-0.03,0.0,0.01
0.05,0.01,1.0,-0.02,0.0,-0.0
0.06,0.01,1.0,-0.02,0.0,0.0
0.06,0.02,1.0,-0.01,0.0,0.01
0.05,0.02,1.0,-0.02,0.0,0.0
0.06,0.02,1.0,-0.02,0.0,-0.01
0.05,0.01,1.0,-0.02,0.0,0.0
0.05,0.01,0.99,-0.02,0.01,-0.0
0.05,0.01,1.0,-0.02,-0.0,0.01
0.05,0.02,1.0,-0.02,0.01,-0.0
0.05,0.01,1.0,-0.01,0.0,-0.0
0.05,0.01,1.0,-0.02,0.01,-0.0
0.05,0.02,1.0,-0.02,0.0,0.0
0.05,0.02,1.01,-0.02,0.0,-0.0
0.06,0.02,1.0,-0.02,0.01,0.0
0.06,0.02,1.0,-0.01,0.0,-0.0
0.05,0.02,1.0,-0.02,0.01,-0.0
0.05,0.02,1.0,-0.02,0.02,-0.01
0.05,0.02,1.0,-0.01,0.0,-0.0
0.05,0.01,1.0,-0.01,0.01,0.0
0.05,0.02,1.0,-0.02,-0.01,0.0
0.05,0.01,1.0,-0.01,0.01,-0.01
0.05,0.02,1.0,-0.03,0.01,0.0
0.06,0.02,1.0,-0.02,0.0,0.0
0.06,0.02,1.0,-0.02,0.0,0.01
0.05,0.02,0.99,-0.03,0.0,0.0
0.06,0.02,1.0,-0.03,0.0,0.0
0.06,0.02,1.0,-0.02,0.01,-0.0
0.05,0.02,1.0,-0.02,-0.0,0.0
0.06,0.02,0.99,-0.02,0.0,-0.01
0.05,0.02,1.0,-0.02,0.01,-0.01
0.05,0.01,1.0,-0.01,0.01,0.0
0.06,0.01,1.0,-0.02,-0.0,-0.0
0.05,0.02,0.99,-0.02,0.01,-0.0
0.06,0.02,0.99,-0.01,0.0,-0.0
0.06,0.02,1.0,-0.03,0.01,0.01
0.06,0.02,1.0,-0.02,0.01,0.01
0.05,0.02,1.01,-0.03,0.0,0.0
0.05,0.02,1.0,-0.01,0.01,-0.0
0.05,0.02,1.0,-0.01,-0.0,0.0
0.05,0.02,1.01,-0.02,0.0,0.0
0.06,0.02,1.01,-0.02,0.01,-0.0
0.05,0.02,1.0,-0.02,0.0,0.0
0.05,0.02,1.0,-0.01,0.01,-0.0
0.05,0.01,1.0,-0.01,-0.0,-0.0
0.06,0.02,1.0,-0.02,0.0,0.0
0.05,0.01,1.0,-0.02,0.0,0.0
0.05,0.02,1.01,-0.02,0.0,-0.01
0.06,0.02,1.0,-0.02,-0.0,0.01
0.06,0.02,1.0,-0.03,0.0,-0.01
0.06,0.02,1.0,-0.03,0.0,0.01
0.05,0.02,1.0,-0.04,0.02,0.0
0.05,0.02,1.0,-0.01,-0.0,0.0
0.05,0.02,1.0,-0.02,0.0,-0.0
0.05,0.01,1.0,-0.02,0.01,-0.01
0.05,0.01,1.0,-0.02,0.01,-0.0
0.06,0.01,1.0,-0.02,0.01,0.0
0.06,0.01,1.0,-0.03,0.01,-0.0
0.05,0.01,1.0,-0.03,0.01,0.0
0.06,0.02,1.0,-0.03,0.01,-0.0
0.06,0.02,0.99,-0.02,-0.0,-0.0
0.05,0.02,1.0,-0.01,0.0,-0.01
0.06,0.02,1.0,-0.02,0.01,-0.0
0.05,0.02,0.99,-0.02,0.01,-0.01
0.05,0.02,1.0,-0.01,-0.0,0.01
0.05,0.02,1.0,-0.02,-0.0,-0.0
0.05,0.02,1.0,-0.01,-0.0,0.0
0.05,0.02,1.0,-0.02,0.01,-0.0
0.05,0.02,1.0,-0.01,-0.0,-0.0
0.06,0.02,1.0,-0.02,0.01,-0.0
0.05,0.01,1.0,-0.03,0.01,-0.0
0.05,0.02,1.0,-0.02,0.01,-0.01
0.05,0.02,1.0,-0.02,-0.01,-0.0
0.05,0.02,1.0,-0.02,0.01,0.0
0.05,0.02,1.0,-0.01,0.01,0.0
0.05,0.02,1.0,-0.02,0.01,0.0
0.05,0.02,1.0,-0.03,0.0,0.01
0.05,0.01,1.0,-0.02,-0.01,0.0
0.05,0.02,1.0,-0.02,0.01,-0.01
0.05,0.02,1.0,-0.01,-0.0,-0.0
0.05,0.02,0.99,-0.02,-0.0,-0.0
0.06,0.02,1.0,-0.02,0.01,-0.0
0.05,0.02,1.0,-0.03,0.0,0.0
0.05,0.02,0.99,-0.02,0.01,0.0
0.05,0.01,0.99,-0.01,0.0,-0.0
0.05,0.02,0.99,-0.01,-0.0,0.01
0.05,0.02,1.0,-0.02,-0.0,0.0
0.05,0.02,1.0,-0.02,0.01,-0.01
0.06,0.03,1.0,-0.02,-0.0,-0.0
0.05,0.01,0.99,-0.02,0.01,0.0
0.06,0.01,1.0,-0.01,0.0,0.0
0.06,0.02,1.0,-0.01,0.0,-0.0
0.05,0.02,1.0,-0.02,-0.0,0.0
0.05,0.02,1.0,-0.03,0.0,0.0
0.06,0.02,1.0,-0.01,0.01,-0.0
0.05,0.02,1.0,-0.02,0.01,-0.01
0.05,0.01,1.0,-0.02,0.0,0.0
0.06,0.02,1.0,-0.03,0.0,-0.0
0.05,0.02,0.99,-0.02,0.0,0.0
0.06,0.01,1.0,-0.02,0.01,0.0
0.05,0.01,1.0,-0.01,-0.0,0.01
0.05,0.02,1.0,-0.02,0.0,0.0
0.05,0.01,1.0,-0.03,0.01,-0.0
0.05,0.02,1.0,-0.01,0.0,-0.0
0.06,0.02,1.0,-0.01,-0.0,-0.0
0.05,0.02,1.0,-0.02,-0.01,0.0
0.06,0.01,1.0,-0.02,0.0,0.01
0.05,0.02,1.0,-0.03,0.01,0.01
0.06,0.02,1.0,-0.02,0.01,-0.0
0.05,0.02,1.0,-0.03,0.01,0.0
0.06,0.02,1.0,-0.03,0.01,0.0
0.06,0.02,1.0,-0.02,0.01,-0.01
0.05,0.02,1.0,-0.01,0.0,0.0
0.05,0.01,1.0,-0.03,0.01,-0.0
0.05,0.02,1.0,-0.02,0.01,0.0
0.05,0.01,0.99,-0.03,0.02,-0.0
0.05,0.02,1.0,-0.02,0.01,0.0
0.05,0.01,1.0,-0.02,0.0,0.0
0.05,0.02,1.0,-0.02,0.0,0.0
0.05,0.02,1.0,-0.03,0.01,-0.01
0.05,0.02,0.99,-0.01,0.0,0.0
0.05,0.02,1.0,-0.01,0.01,-0.0
0.05,0.02,1.01,-0.02,0.0,0.0
0.06,0.01,1.0,-0.02,0.01,0.0
0.05,0.01,1.0,-0.02,-0.0,0.0
0.06,0.01,1.0,-0.02,0.0,-0.01
0.05,0.02,1.0,-0.02,-0.0,-0.0
0.05,0.02,1.0,-0.02,0.0,-0.01
0.06,0.02,1.0,-0.02,-0.0,0.0
0.05,0.02,1.0,-0.03,0.01,-0.0
0.06,0.02,1.0,-0.01,0.0,-0.0
0.05,0.01,1.0,-0.02,0.01,-0.0
0.05,0.01,0.99,-0.02,-0.0,0.0
0.05,0.02,1.0,-0.02,0.01,0.0
0.05,0.03,1.0,-0.03,0.01,-0.0
0.06,0.02,1.0,-0.02,0.01,-0.0
0.05,0.01,1.0,-0.03,0.01,-0.0
0.05,0.01,1.0,-0.03,0.01,0.01
0.05,0.01,1.0,-0.01,0.01,0.0
0.06,0.02,1.0,-0.02,0.0,0.0
0.06,0.02,1.0,-0.02,0.0,-0.0
0.06,0.02,1.0,-0.02,0.01,0.0
0.05,0.02,1.0,-0.03,0.01,0.0
0.06,0.02,1.0,-0.02,0.0,0.0
0.05,0.02,1.0,-0.02,-0.0,-0.0
0.05,0.02,0.99,-0.02,-0.0,-0.01
0.06,0.02,1.0,-0.01,-0.0,-0.01
0.05,0.02,1.0,-0.02,0.0,-0.0
0.05,0.01,0.99,-0.02,0.0,-0.0
0.06,0.01,1.0,-0.03,0.01,-0.0
0.06,0.02,0.99,-0.02,0.01,0.0
0.05,0.02,1.0,-0.03,0.01,-0.02
0.05,0.02,1.0,-0.03,0.0,0.0
0.06,0.02,1.0,-0.02,0.01,-0.0
0.05,0.02,1.0,-0.02,0.0,0.0
0.05,0.02,1.01,-0.02,0.02,0.0
0.05,0.02,1.0,-0.02,-0.0,0.01
0.05,0.02,1.0,-0.02,0.0,0.0
0.05,0.02,1.0,-0.02,0.0,-0.0
0.05,0.01,0.99,-0.02,-0.0,-0.0
0.06,0.02,0.99,-0.01,-0.0,0.0
0.06,0.02,1.0,-0.02,0.01,-0.01
0.05,0.02,1.0,-0.01,0.0,0.0
0.06,0.02,1.0,-0.03,0.01,0.0
0.05,0.02,1.0,-0.02,0.0,0.0
0.06,0.02,1.0,-0.02,-0.01,0.01
0.06,0.02,1.0,-0.03,0.0,0.0
0.06,0.02,1.0,-0.03,0.0,0.0
0.05,0.02,1.0,-0.03,0.0,-0.0
0.05,0.02,1.0,-0.02,0.01,0.0
0.05,0.02,1.0,-0.03,0.01,0.0
0.05,0.01,1.0,-0.03,0.01,-0.0
0.05,0.02,1.0,-0.02,0.0,-0.0
0.05,0.01,1.0,-0.02,0.0,-0.0
0.06,0.02,1.0,-0.02,0.01,-0.0
0.05,0.01,1.0,-0.02,0.01,0.0
0.06,0.02,1.0,-0.01,0.01,-0.0
0.05,0.02,1.0,-0.02,0.01,-0.01
0.05,0.01,0.99,-0.01,0.0,0.0
0.05,0.02,0.99,-0.02,-0.0,0.01
0.05,0.01,0.99,-0.02,0.0,-0.0
0.05,0.02,1.0,-0.02,0.0,-0.0
0.05,0.02,1.0,-0.01,0.01,-0.0
0.05,0.02,0.99,-0.01,-0.0,-0.0
0.06,0.01,1.0,-0.01,-0.0,0.0
0.05,0.01,1.0,-0.01,-0.0,0.0
0.05,0.02,1.0,-0.01,-0.0,-0.0
0.06,0.01,1.01,-0.02,0.0,0.0
0.06,0.01,1.0,-0.02,0.0,-0.0
0.06,0.01,1.0,-0.02,0.01,-0.0
0.05,0.02,1.0,-0.02,0.01,-0.0
0.05,0.02,0.99,-0.01,-0.01,-0.0
0.05,0.02,1.0,-0.02,-0.0,-0.0
0.05,0.02,1.0,-0.01,0.01,-0.01
0.05,0.02,0.99,-0.02,0.0,0.0
0.05,0.02,1.0,-0.03,0.01,-0.01
0.05,0.02,1.0,-0.02,0.0,0.01
0.05,0.02,1.0,-0.02,0.0,0.0
0.06,0.02,1.0,-0.01,0.01,0.01
0.05,0.02,0.99,-0.02,-0.0,0.0
0.06,0.02,1.0,-0.01,-0.0,-0.0
0.05,0.01,0.99,-0.02,0.02,-0.0
0.05,0.02,1.0,-0.02,0.01,0.0
0.05,0.02,1.0,-0.02,0.0,0.01
0.05,0.02,1.0,-0.01,0.01,-0.01
0.05,0.02,1.0,-0.01,-0.0,0.01
0.05,0.02,1.0,-0.02,0.01,-0.0
0.06,0.01,0.99,-0.03,-0.0,-0.0
0.06,0.02,1.0,-0.02,0.0,-0.01
0.06,0.02,1.0,-0.03,0.01,-0.0
0.05,0.01,1.0,-0.02,0.01,-0.0
0.06,0.02,0.99,-0.02,0.0,-0.0
0.05,0.02,0.99,-0.01,0.01,0.0
0.05,0.02,1.0,-0.02,-0.0,0.01
0.05,0.02,1.0,-0.03,0.01,0.0
0.05,0.02,1.0,-0.01,0.01,-0.0
0.05,0.02,1.0,-0.01,0.0,0.0
0.05,0.01,1.0,-0.03,0.01,-0.0
0.05,0.02,1.0,-0.02,0.0,-0.0
0.05,0.01,1.0,-0.02,-0.0,0.01
0.05,0.01,1.0,-0.01,0.0,0.0
0.05,0.01,1.0,-0.02,0.0,-0.0
0.05,0.02,1.0,-0.02,0.01,0.0
0.05,0.02,1.0,-0.02,0.0,-0.01
0.05,0.02,1.0,-0.01,0.01,-0.01
0.05,0.01,1.0,-0.02,-0.0,0.0
0.06,0.02,1.0,-0.01,-0.0,-0.0
0.06,0.02,1.01,-0.03,-0.0,0.0
0.05,0.02,1.01,-0.02,0.01,-0.01
0.06,0.02,1.0,-0.02,0.0,0.01
0.05,0.02,1.0,-0.03,0.01,-0.0
0.05,0.02,1.0,-0.02,0.0,-0.0
0.06,0.02,1.0,-0.02,0.0,-0.01
0.06,0.02,1.0,-0.01,0.01,-0.0
0.05,0.02,1.0,-0.02,0.01,-0.01
0.05,0.02,1.0,-0.02,0.02,0.0
0.05,0.02,1.0,-0.03,0.01,0.0
0.05,0.02,1.0,-0.02,-0.0,0.0
0.06,0.02,1.0,-0.02,0.01,-0.0
0.05,0.02,1.0,-0.01,-0.0,0.01
0.06,0.02,1.0,-0.02,0.0,-0.0
0.05,0.02,0.99,-0.02,0.01,0.0
0.05,0.01,1.0,-0.01,0.01,-0.0
0.06,0.01,1.0,-0.02,-0.01,0.01
0.06,0.02,1.01,-0.02,0.0,-0.0
0.05,0.02,1.0,-0.02,-0.0,0.01
0.05,0.02,1.0,-0.02,0.01,-0.0
0.06,0.01,1.0,-0.03,-0.01,0.0
0.05,0.02,1.0,-0.02,0.01,-0.01
0.05,0.02,1.0,-0.02,0.01,-0.01
0.06,0.02,1.0,-0.02,0.0,-0.0
0.05,0.02,1.0,-0.02,-0.0,0.01
0.06,0.02,0.99,-0.01,0.0,-0.0
0.06,0.02,1.0,-0.03,0.01,0.0
0.06,0.01,1.0,-0.03,0.02,-0.0
0.05,0.02,1.0,-0.02,0.01,-0.0
0.06,0.02,1.0,-0.02,0.01,0.0
0.06,0.01,1.0,-0.01,0.01,-0.01
0.05,0.01,1.0,-0.02,-0.0,-0.0
0.05,0.02,1.0,-0.02,-0.0,0.01
0.06,0.02,1.0,-0.03,0.0,0.0
0.05,0.02,0.99,-0.02,0.01,0.01
0.05,0.01,1.0,-0.02,0.02,-0.0
0.05,0.02,1.0,-0.02,-0.0,-0.0
0.06,0.01,1.0,-0.01,0.01,-0.01
0.05,0.02,1.01,-0.01,-0.0,-0.0
0.05,0.02,0.99,-0.01,0.0,-0.0
0.06,0.01,1.0,-0.0,-0.0,-0.0
0.05,0.02,0.99,-0.02,0.01,0.0
0.05,0.02,1.0,-0.01,0.0,-0.0
0.06,0.02,1.0,-0.0,0.01,-0.0
0.06,0.02,1.01,-0.02,-0.0,0.0
0.06,0.02,0.99,-0.01,0.0,-0.01
0.06,0.01,1.0,-0.02,0.01,-0.0
0.05,0.02,1.0,-0.02,0.01,-0.01
0.05,0.02,0.99,-0.01,0.01,0.0
0.06,0.02,1.0,-0.02,0.0,-0.0
0.05,0.01,0.99,-0.02,0.0,0.0
0.05,0.02,1.0,-0.02,0.01,-0.0
0.05,0.01,1.01,-0.02,0.0,-0.01
0.05,0.01,1.0,-0.02,-0.0,-0.0
0.05,0.01,1.0,-0.02,0.01,0.0
0.06,0.01,1.0,-0.02,0.01,-0.0
0.05,0.02,1.0,-0.02,-0.0,0.0
0.05,0.02,1.0,-0.02,0.01,-0.01
0.05,0.02,1.0,-0.02,-0.01,0.01
0.06,0.02,1.0,-0.02,0.0,-0.0
0.05,0.02,1.0,-0.01,-0.01,-0.0
0.06,0.01,1.0,-0.01,0.0,-0.01
0.06,0.02,1.0,-0.02,0.01,-0.01
0.06,0.01,1.0,-0.02,0.01,-0.0
0.05,0.02,1.0,-0.02,-0.01,0.0
0.05,0.02,1.0,-0.02,0.01,-0.0
0.06,0.02,1.0,-0.01,-0.0,0.01
0.05,0.01,1.0,-0.02,0.01,-0.01
0.06,0.02,1.0,-0.03,0.01,0.01
0.06,0.02,1.0,-0.03,0.01,-0.0
0.05,0.02,1.0,-0.03,0.01,0.0
0.05,0.02,1.0,-0.02,0.01,-0.0
0.05,0.02,1.0,-0.02,0.0,0.01
0.06,0.01,0.99,-0.02,0.0,0.0
0.06,0.01,1.0,-0.01,-0.0,0.0
0.06,0.02,1.0,-0.02,0.01,0.01
0.05,0.02,1.0,-0.03,0.0,0.0
0.05,0.01,1.0,-0.02,0.0,-0.0
0.06,0.02,1.0,-0.01,-0.0,-0.0
0.05,0.01,1.0,-0.02,0.01,-0.01
0.06,0.02,1.0,-0.02,0.0,0.01
0.06,0.02,1.0,-0.03,0.0,0.0
0.05,0.01,1.0,-0.03,0.01,0.0
0.05,0.02,1.0,-0.03,0.01,-0.01
0.06,0.01,0.99,-0.01,0.0,-0.0
0.05,0.02,1.0,-0.02,0.0,-0.0
0.05,0.02,1.0,-0.02,0.01,0.0
0.05,0.01,1.0,-0.01,-0.0,-0.0
0.06,0.01,1.01,-0.02,0.0,-0.0
0.06,0.02,1.0,-0.02,0.01,0.0
0.06,0.02,1.0,-0.02,0.0,0.0
0.05,0.02,1.0,-0.02,0.01,-0.0
0.05,0.01,1.0,-0.02,-0.01,0.0
0.06,0.02,1.0,-0.02,0.0,-0.01
0.06,0.02,1.0,-0.03,0.01,0.0
0.05,0.01,1.01,-0.02,0.01,-0.01
0.05,0.02,1.0,-0.02,-0.0,0.0
0.05,0.02,1.0,-0.02,0.02,-0.01
0.06,0.02,1.0,-0.02,-0.01,0.01
0.05,0.01,1.0,-0.04,0.01,-0.01
0.05,0.01,1.0,-0.02,0.0,0.0
0.06,0.02,0.99,-0.02,0.01,-0.0
0.06,0.02,1.0,-0.02,0.0,-0.01
0.06,0.02,1.0,-0.02,0.01,-0.01
0.05,0.02,1.0,-0.02,-0.0,-0.0
0.06,0.02,1.0,-0.02,0.01,0.01
0.05,0.02,1.0,-0.02,0.0,-0.0
0.06,0.02,1.0,-0.01,0.0,-0.0
0.05,0.02,1.0,-0.02,0.0,0.0
0.05,0.02,1.0,-0.02,0.02,-0.01
0.06,0.01,1.0,-0.02,-0.0,-0.0
0.06,0.01,0.99,-0.03,0.0,-0.0
0.05,0.01,1.0,-0.02,0.0,0.01
0.05,0.02,1.0,-0.02,0.01,-0.01
0.06,0.02,1.0,-0.02,0.0,0.0
0.05,0.02,1.0,-0.04,0.01,-0.0
0.05,0.02,0.99,-0.02,-0.0,0.0
0.06,0.02,1.0,-0.01,0.01,0.0
0.05,0.02,1.0,-0.01,0.0,-0.0
0.05,0.02,0.99,-0.01,-0.0,-0.01
0.06,0.02,1.0,-0.01,-0.01,-0.0
0.05,0.02,1.0,-0.03,0.01,0.0
0.05,0.01,1.0,-0.02,0.0,0.0
0.06,0.01,0.99,-0.02,0.01,-0.01
0.05,0.01,1.01,-0.01,0.0,0.0
0.06,0.01,1.0,-0.03,0.01,-0.0
0.06,0.02,1.0,-0.03,0.01,-0.0
0.06,0.01,1.0,-0.02,0.01,-0.01
0.06,0.02,1.0,-0.03,0.01,-0.0
0.06,0.02,1.0,-0.01,0.0,-0.0
0.05,0.01,0.99,-0.02,0.01,0.0
0.05,0.02,0.99,-0.02,0.01,0.0
0.05,0.01,0.99,-0.02,-0.0,0.0
0.05,0.02,1.0,-0.03,0.01,-0.0
0.05,0.01,1.0,-0.02,0.0,-0.0
0.05,0.02,0.99,-0.01,0.0,-0.01
0.05,0.02,0.99,-0.02,-0.01,-0.0
0.06,0.02,1.0,-0.02,0.01,-0.0
0.06,0.02,1.0,-0.02,-0.01,0.0
0.05,0.02,1.0,-0.03,0.01,-0.0
0.05,0.02,1.0,-0.02,-0.0,0.01
0.06,0.02,1.01,-0.02,-0.0,0.0
0.05,0.01,1.0,-0.03,0.01,-0.01
0.05,0.01,1.0,-0.02,0.01,-0.01
0.06,0.01,0.99,-0.02,-0.0,0.0
0.05,0.01,0.99,-0.01,0.01,-0.0
0.05,0.02,1.0,-0.01,0.0,-0.0
0.06,0.02,1.0,-0.01,0.0,-0.0
0.05,0.01,1.0,-0.02,0.0,0.01
0.06,0.02,1.0,-0.03,0.02,0.0
0.05,0.02,0.99,-0.03,0.01,-0.0
0.06,0.02,1.0,-0.01,-0.0,-0.0
0.06,0.02,0.99,-0.02,-0.0,-0.01
0.06,0.02,1.0,-0.02,0.01,0.0
0.05,0.02,1.0,-0.02,-0.0,-0.0
0.06,0.01,1.0,-0.03,0.01,-0.0
0.05,0.01,0.99,-0.02,-0.0,-0.0
0.05,0.02,1.0,-0.02,0.0,0.0
0.06,0.01,0.99,-0.01,-0.0,-0.01
0.05,0.01,0.99,-0.02,0.01,0.0
0.06,0.02,1.0,-0.02,-0.01,-0.0
0.06,0.02,0.99,-0.02,0.01,-0.0
0.06,0.02,1.0,-0.03,0.0,0.0
0.06,0.02,1.0,-0.03,0.0,0.0
0.05,0.02,1.0,-0.03,-0.0,0.0
0.06,0.02,1.0,-0.03,-0.0,0.0
0.05,0.02,0.99,-0.02,0.01,-0.01
0.06,0.02,1.0,-0.01,-0.0,-0.0
0.05,0.02,1.01,-0.02,0.01,0.0
0.05,0.02,1.0,-0.02,0.0,0.0
0.05,0.01,0.99,-0.01,-0.0,0.0
0.06,0.02,1.0,-0.02,-0.0,-0.0
0.06,0.01,1.0,-0.02,0.0,-0.0
0.05,0.02,1.0,-0.03,0.01,0.0
0.06,0.02,1.01,-0.02,0.0,-0.0
0.06,0.02,1.0,-0.02,0.0,-0.01
0.05,0.03,1.0,-0.02,0.0,-0.0
0.06,0.02,1.0,-0.03,0.01,-0.0
0.05,0.02,0.99,-0.02,-0.0,0.0
0.06,0.01,1.0,-0.02,0.0,-0.0
0.06,0.01,1.0,-0.02,-0.0,-0.0
0.05,0.02,1.0,-0.02,0.01,0.0
0.05,0.01,0.99,-0.02,0.0,-0.0
0.06,0.02,1.0,-0.03,0.0,-0.01
0.06,0.02,0.99,-0.02,0.0,0.01
0.05,0.02,1.0,-0.02,0.01,0.0
0.06,0.02,1.0,-0.02,0.0,0.01
0.05,0.02,0.99,-0.02,0.01,0.01
0.05,0.02,0.99,-0.02,0.0,0.01
0.05,0.02,0.99,-0.03,0.01,0.01
0.05,0.02,1.0,-0.02,0.01,-0.0
0.05,0.02,1.0,-0.02,0.01,-0.01
0.05,0.02,1.0,-0.02,-0.0,0.0
0.05,0.02,1.01,-0.02,0.01,-0.0
0.06,0.02,1.0,-0.03,0.0,0.0
0.05,0.01,1.0,-0.02,0.0,0.0
0.06,0.02,1.0,-0.01,0.01,-0.0
0.06,0.02,1.0,-0.02,0.01,-0.0
0.05,0.02,1.0,-0.02,-0.0,-0.0
0.06,0.02,1.0,-0.01,0.0,-0.01
0.05,0.02,1.0,-0.02,-0.0,-0.0
0.06,0.02,1.0,-0.02,0.01,0.0
0.05,0.01,1.0,-0.01,-0.0,0.0
0.06,0.02,1.0,-0.02,0.0,0.0
0.06,0.02,1.0,-0.01,0.01,-0.0
0.05,0.02,1.0,-0.03,0.01,-0.0
0.06,0.02,0.99,-0.02,0.0,-0.0
0.05,0.02,1.0,-0.02,-0.01,0.0
0.05,0.02,1.0,-0.02,0.0,-0.0
0.05,0.02,0.99,-0.01,0.0,0.0
0.05,0.02,1.0,-0.02,0.01,0.01
0.06,0.02,1.0,-0.02,0.01,0.01
0.04,0.02,1.0,-0.02,0.01,-0.0
0.05,0.02,1.0,-0.02,-0.0,-0.0
0.05,0.03,1.01,-0.02,0.01,-0.0
0.06,0.02,1.01,-0.02,-0.0,-0.0
0.06,0.01,1.0,-0.02,0.0,-0.0
0.05,0.01,1.0,-0.02,0.01,-0.01
0.06,0.02,1.0,-0.02,-0.0,0.0
0.06,0.02,1.0,-0.03,0.01,0.0
0.06,0.02,1.0,-0.02,0.0,0.0
0.05,0.02,1.01,-0.03,0.0,0.0
0.05,0.02,1.0,-0.02,0.01,0.0
0.05,0.02,1.0,-0.02,-0.01,-0.0
0.05,0.01,1.0,-0.01,0.0,-0.0
0.05,0.02,0.99,-0.03,0.01,-0.01
0.05,0.02,1.0,-0.01,-0.0,0.0
0.05,0.02,1.0,-0.02,0.01,-0.0
0.05,0.01,0.99,-0.02,0.0,0.01
0.05,0.01,1.0,-0.02,0.0,0.01
0.05,0.02,1.0,-0.03,0.01,0.0
0.06,0.02,0.99,-0.02,0.01,-0.0
0.05,0.02,0.99,-0.03,0.01,-0.01
0.05,0.02,1.0,-0.02,0.01,-0.0
0.06,0.02,1.0,-0.02,0.0,0.0
0.05,0.02,1.0,-0.02,0.0,0.0
0.06,0.02,1.0,-0.02,-0.0,-0.0
0.05,0.02,0.99,-0.02,0.01,-0.0
0.05,0.02,0.99,-0.02,0.01,-0.0
0.05,0.02,1.0,-0.01,0.0,-0.0
0.06,0.02,1.0,-0.02,-0.0,-0.0
0.06,0.01,1.0,-0.02,0.01,-0.0
0.06,0.02,1.01,-0.01,0.0,-0.0
0.06,0.02,1.0,-0.02,-0.0,0.0
0.05,0.02,1.0,-0.03,0.0,-0.0
0.06,0.02,1.0,-0.02,0.01,-0.0
0.05,0.02,1.0,-0.03,0.01,0.0
0.05,0.02,1.0,-0.02,-0.0,-0.01
0.05,0.02,1.0,-0.01,0.0,0.0
0.05,0.02,1.0,-0.02,-0.0,-0.0
0.06,0.02,0.99,-0.01,0.0,0.0
0.05,0.02,0.99,-0.03,-0.0,0.01
0.05,0.02,1.0,-0.01,0.0,0.0
0.06,0.02,1.0,-0.02,0.0,0.0
0.05,0.02,0.99,-0.02,0.0,0.01
0.05,0.02,0.99,-0.03,0.0,-0.0
0.06,0.02,1.0,-0.01,0.0,-0.01
0.05,0.01,1.0,-0.03,0.01,-0.0
0.06,0.02,1.0,-0.02,0.0,-0.01
0.05,0.02,1.0,-0.02,0.01,-0.0
0.05,0.02,0.99,-0.01,0.01,-0.0
0.05,0.02,1.0,-0.01,-0.0,0.0
0.05,0.01,1.0,-0.01,0.01,-0.0
0.06,0.02,1.0,-0.02,-0.0,0.01
0.05,0.02,0.99,-0.02,0.0,-0.0
0.05,0.01,1.0,-0.01,0.01,-0.01
0.06,0.02,1.0,-0.01,0.0,-0.0
0.05,0.02,0.99,-0.02,-0.0,0.0
0.05,0.02,1.0,-0.03,0.01,0.0
0.06,0.02,1.0,-0.02,0.0,0.0
0.05,0.01,1.0,-0.03,0.01,0.0
0.05,0.02,1.0,-0.02,-0.01,0.0
0.05,0.02,1.0,-0.02,-0.0,-0.0
0.06,0.01,1.0,-0.02,0.01,-0.0
0.05,0.02,0.99,-0.01,-0.0,-0.0
0.05,0.01,0.99,-0.02,-0.0,0.0
0.06,0.02,1.01,-0.02,0.0,0.0
0.05,0.02,1.0,-0.02,0.01,0.01
0.05,0.01,1.0,-0.02,0.01,0.0
0.06,0.02,1.0,-0.02,0.0,0.0
0.05,0.02,1.01,-0.02,0.01,-0.0
0.05,0.02,0.99,-0.02,0.01,-0.0
0.06,0.02,1.0,-0.01,0.0,-0.01
0.05,0.02,1.0,-0.01,-0.01,0.01
0.06,0.02,1.0,-0.02,0.01,0.0
0.05,0.01,1.0,-0.02,0.01,-0.0
0.06,0.02,1.0,-0.01,0.0,-0.0
0.05,0.02,1.01,-0.01,-0.0,-0.0
0.06,0.02,1.0,-0.02,0.0,0.0
0.05,0.02,1.0,-0.02,-0.0,0.0
0.06,0.01,1.0,-0.02,0.01,-0.0
0.05,0.02,1.0,-0.01,-0.0,0.01
0.05,0.02,0.99,-0.02,0.0,-0.0
0.06,0.02,0.99,-0.0,-0.0,0.01
0.05,0.02,1.0,-0.02,0.01,0.0
0.05,0.02,1.0,-0.01,0.0,-0.0
0.05,0.02,1.0,-0.01,0.01,-0.01
0.05,0.02,1.0,-0.01,0.01,-0.0
0.05,0.02,1.0,-0.01,0.0,-0.01
0.06,0.01,0.99,-0.02,0.01,0.0
0.05,0.01,1.0,-0.02,0.01,-0.0
0.05,0.02,1.0,-0.02,0.0,0.0
0.06,0.02,1.01,-0.01,0.0,0.0
0.06,0.02,1.0,-0.02,-0.01,0.01
0.06,0.02,0.99,-0.03,0.01,-0.0
0.06,0.01,1.0,-0.03,0.01,-0.0
0.05,0.02,1.0,-0.02,0.0,-0.0
0.05,0.02,1.0,-0.02,0.0,0.01
0.05,0.01,1.0,-0.03,0.01,0.0
0.05,0.02,1.0,-0.02,-0.0,0.01
0.05,0.02,1.0,-0.03,0.01,-0.01
0.06,0.01,1.0,-0.02,-0.01,0.0
0.06,0.01,1.0,-0.01,0.0,-0.0
0.05,0.02,1.01,-0.02,0.01,-0.0
0.05,0.02,1.0,-0.02,0.01,0.0
0.05,0.02,0.99,-0.01,-0.0,0.0
0.05,0.02,1.0,-0.02,0.01,0.0
0.05,0.02,1.0,-0.02,0.01,0.0
0.05,0.02,1.0,-0.01,0.01,-0.01
0.06,0.01,1.0,-0.01,0.0,0.01
0.06,0.02,1.0,-0.03,0.0,0.0
0.05,0.02,1.0,-0.01,0.0,-0.0
0.06,0.02,1.0,-0.01,0.0,-0.01
0.05,0.01,1.0,-0.02,-0.0,0.01
0.05,0.02,0.99,-0.02,0.01,0.0
0.06,0.02,1.0,-0.01,0.0,0.0
0.05,0.02,1.0,-0.02,0.01,0.0
0.06,0.02,1.0,-0.02,0.0,0.0
0.06,0.02,1.0,-0.03,0.0,0.01
0.06,0.02,1.0,-0.03,-0.0,-0.0
0.06,0.02,1.0,-0.02,0.01,-0.0
0.05,0.02,1.0,-0.02,-0.0,0.0
0.05,0.02,1.0,-0.02,-0.0,0.0
0.05,0.02,1.0,-0.02,0.0,0.01
0.05,0.01,1.0,-0.02,0.01,0.01
0.05,0.02,1.0,-0.03,-0.0,0.0
0.05,0.01,1.0,-0.02,0.0,-0.0
0.05,0.02,1.0,-0.01,0.01,-0.01
0.05,0.02,0.99,-0.01,-0.0,0.0
0.05,0.02,1.0,-0.02,0.0,-0.01
0.05,0.02,1.0,-0.01,0.01,-0.0
0.05,0.02,1.0,-0.01,-0.0,0.0
0.06,0.02,1.0,-0.02,0.02,-0.0
0.05,0.02,0.99,-0.02,0.0,0.0
0.05,0.02,1.0,-0.01,0.0,-0.01
0.05,0.02,1.0,-0.02,0.01,-0.01
0.05,0.02,1.0,-0.01,0.0,-0.0
0.05,0.02,1.0,-0.02,-0.0,0.0
0.05,0.02,1.0,-0.02,0.0,-0.01
0.06,0.02,1.0,-0.02,0.0,0.0
0.05,0.01,1.0,-0.02,0.01,-0.0
0.05,0.02,1.0,-0.01,0.0,0.0
0.06,0.02,1.0,-0.01,0.01,-0.0
0.05,0.01,1.01,-0.02,0.01,0.0
0.06,0.01,1.0,-0.02,0.01,-0.01
0.05,0.02,1.0,-0.02,-0.0,0.01
0.06,0.02,0.99,-0.02,0.0,-0.0
0.05,0.01,1.0,-0.02,0.0,-0.0
0.05,0.02,1.0,-0.02,0.01,-0.0
0.05,0.02,0.99,-0.01,0.01,0.01
0.05,0.02,1.0,-0.02,-0.0,0.0
0.05,0.02,1.0,-0.03,0.01,0.0
0.05,0.02,0.99,-0.01,0.0,-0.0
0.05,0.02,1.0,-0.01,-0.0,-0.0
0.05,0.02,1.0,-0.02,0.0,-0.0
0.05,0.02,0.99,-0.02,0.01,0.0
0.05,0.02,1.0,-0.05,-0.02,0.02
0.05,0.02,1.0,-0.03,-0.01,0.01
0.06,0.01,1.0,-0.03,0.01,-0.01
0.06,0.01,1.0,-0.02,-0.0,0.0
0.05,0.02,1.0,-0.02,0.01,-0.01
0.06,0.02,1.0,-0.02,-0.0,0.01
0.06,0.02,1.0,-0.02,0.01,0.0
0.06,0.02,1.0,-0.03,0.01,0.0
0.05,0.02,0.99,-0.02,0.01,-0.0
0.05,0.02,1.0,-0.02,0.0,-0.0
0.05,0.02,1.0,-0.01,-0.0,-0.0
0.05,0.02,1.0,-0.01,0.01,-0.0
0.05,0.02,1.0,-0.01,0.0,-0.01
0.05,0.02,1.0,-0.02,0.01,-0.01
0.05,0.01,1.0,-0.02,0.01,0.0
0.05,0.02,1.0,-0.01,0.0,0.0
0.05,0.01,1.0,-0.02,-0.0,0.0
0.06,0.02,1.0,-0.02,0.0,0.0
0.06,0.02,1.0,-0.02,0.01,-0.01
0.06,0.02,1.0,-0.02,0.01,0.0
0.05,0.02,1.0,-0.02,0.0,-0.0
0.05,0.01,1.0,-0.01,-0.01,-0.0
0.05,0.02,1.0,-0.01,-0.01,0.0
0.06,0.02,1.0,-0.02,0.0,0.0
0.05,0.02,1.0,-0.02,0.0,0.0
0.06,0.01,1.0,-0.02,0.0,0.0
0.06,0.02,1.0,-0.01,-0.0,-0.0
0.05,0.01,1.01,-0.02,0.0,-0.0
0.06,0.01,1.0,-0.02,0.0,-0.0
0.05,0.02,1.0,-0.02,-0.0,0.0
0.06,0.03,1.01,-0.02,0.01,-0.0
0.05,0.02,0.99,-0.03,0.0,0.01
0.06,0.02,1.0,-0.02,0.02,0.0
0.06,0.02,1.0,-0.02,-0.0,0.01
0.06,0.02,1.0,-0.03,0.0,0.0
0.05,0.02,1.0,-0.03,0.01,0.0
0.05,0.02,1.0,-0.02,0.01,-0.0
0.06,0.02,1.0,-0.01,-0.0,0.0
0.05,0.02,0.99,-0.03,0.01,-0.0
0.05,0.02,1.0,-0.02,0.0,0.01
0.05,0.02,1.0,-0.03,0.01,0.01
0.05,0.02,1.01,-0.03,-0.0,0.01
0.05,0.02,1.0,-0.03,0.0,0.0
0.06,0.02,1.0,-0.01,-0.0,0.0
0.05,0.02,1.0,-0.01,0.0,-0.01
0.05,0.02,1.0,-0.01,-0.0,0.0
0.06,0.02,1.0,-0.03,0.01,-0.0
0.05,0.01,0.99,-0.03,-0.0,0.0
0.05,0.02,1.0,-0.03,0.01,0.0
0.05,0.02,1.0,-0.01,-0.0,0.0
0.05,0.01,1.0,-0.02,0.0,0.0
0.05,0.02,1.0,-0.02,0.01,-0.01
0.05,0.02,1.0,-0.01,0.0,-0.0
0.05,0.02,1.0,-0.01,0.01,-0.0
0.05,0.02,1.0,-0.02,0.01,-0.01
0.05,0.02,0.99,-0.02,0.0,0.01
0.06,0.02,1.0,-0.02,0.02,-0.0
0.06,0.02,1.0,-0.03,0.0,0.0
0.05,0.02,1.0,-0.03,0.0,-0.0
0.05,0.02,1.0,-0.01,0.0,-0.0
0.05,0.02,1.0,-0.01,-0.0,-0.0
0.05,0.02,0.99,-0.01,-0.0,0.0
0.05,0.02,1.0,-0.02,0.0,0.0
0.05,0.02,0.99,-0.03,0.01,0.0
0.05,0.02,1.0,-0.02,0.01,-0.0
0.06,0.02,1.0,-0.02,0.0,-0.0
0.05,0.02,1.0,-0.02,0.0,-0.0
0.05,0.02,1.0,-0.02,0.01,0.0
0.05,0.02,1.0,-0.01,-0.0,-0.01
0.05,0.02,1.0,-0.01,0.0,-0.0
0.06,0.01,1.01,-0.03,0.01,-0.01
0.05,0.02,1.0,-0.01,0.01,0.01
0.05,0.01,1.01,-0.03,0.02,-0.01
0.05,0.02,1.0,-0.02,0.01,0.01
0.05,0.02,1.01,-0.01,-0.0,-0.0
0.05,0.02,1.0,-0.02,0.0,-0.0
0.06,0.02,1.0,-0.02,-0.0,-0.01
0.06,0.02,1.01,-0.02,0.0,0.0
0.05,0.02,1.0,-0.03,0.01,0.01
0.05,0.02,1.0,-0.03,0.01,0.01
0.05,0.02,1.0,-0.03,0.01,0.01
0.05,0.02,1.0,-0.03,0.01,-0.01
0.05,0.02,1.0,-0.01,-0.0,0.01
0.06,0.02,1.0,-0.02,-0.01,0.0
0.06,0.02,1.0,-0.02,0.0,0.0
0.06,0.02,1.0,-0.02,0.0,0.0
0.06,0.02,0.99,-0.02,0.0,0.0
0.06,0.02,1.0,-0.02,0.0,0.01
0.05,0.02,1.0,-0.03,0.0,0.0
0.05,0.02,1.0,-0.02,0.0,0.01
0.05,0.02,0.99,-0.02,-0.0,0.0
0.06,0.02,1.01,-0.03,0.01,-0.0
0.05,0.02,1.0,-0.02,0.01,-0.01
0.05,0.02,1.0,-0.02,0.0,0.0
0.06,0.02,1.0,-0.02,0.01,-0.01
0.05,0.02,1.0,-0.01,-0.0,0.0
0.05,0.01,0.99,-0.02,0.0,0.0
0.05,0.02,1.0,-0.02,-0.0,0.0
0.06,0.02,1.0,-0.01,0.0,-0.01
0.05,0.02,1.01,-0.03,0.01,0.0
0.05,0.01,1.0,-0.02,-0.0,0.01
0.05,0.02,1.0,-0.01,0.0,-0.0
0.06,0.02,1.0,-0.01,-0.01,-0.0
0.05,0.02,0.99,-0.02,0.01,-0.01
0.05,0.02,1.0,-0.02,0.01,-0.0
0.05,0.02,0.99,-0.02,0.0,0.0
0.05,0.02,0.99,-0.02,0.0,-0.0
0.06,0.02,1.0,-0.02,0.01,0.01
0.05,0.01,1.0,-0.02,0.01,-0.0
0.06,0.01,1.0,-0.02,-0.0,-0.0
0.05,0.02,1.0,-0.01,0.01,-0.0
0.05,0.02,1.0,-0.02,0.0,0.0
0.05,0.02,1.0,-0.03,0.02,-0.0
0.05,0.02,1.0,-0.02,0.0,0.01
0.05,0.02,0.99,-0.02,0.0,0.01
0.05,0.02,1.0,-0.02,0.01,0.0
0.06,0.02,1.0,-0.01,0.0,-0.0
0.06,0.01,1.0,-0.02,0.0,0.0
0.05,0.03,0.99,-0.03,0.01,0.0
0.05,0.01,0.99,-0.02,0.0,0.0
0.06,0.01,1.0,-0.03,-0.0,0.01
0.06,0.02,1.0,-0.02,0.0,-0.0
0.06,0.02,0.99,-0.01,-0.01,0.01
0.06,0.02,0.99,-0.03,0.0,-0.0
0.05,0.02,0.99,-0.02,-0.0,-0.01
0.05,0.02,0.99,-0.01,0.0,0.0
0.06,0.02,0.99,-0.02,0.0,0.0
0.05,0.02,1.0,-0.03,0.01,-0.0
0.06,0.01,1.0,-0.02,0.0,0.01
0.05,0.02,1.0,-0.02,0.01,-0.0
0.05,0.02,1.0,-0.01,-0.0,0.0
0.05,0.02,0.99,-0.02,-0.0,-0.0
0.05,0.02,1.0,-0.02,0.01,0.0
0.05,0.02,0.99,-0.01,0.0,-0.0
0.05,0.01,1.0,-0.02,0.01,-0.0
0.05,0.02,0.99,-0.02,0.01,0.0
0.06,0.02,1.0,-0.03,-0.0,0.0
0.05,0.02,1.0,-0.02,0.01,-0.01
0.06,0.02,1.0,-0.01,0.0,0.0
0.05,0.02,1.0,-0.02,0.01,0.0
0.05,0.02,1.0,-0.02,-0.0,-0.0
0.05,0.02,1.0,-0.02,0.0,-0.01
0.05,0.02,1.0,-0.01,-0.01,-0.0
0.06,0.02,1.0,-0.01,0.0,-0.0
0.06,0.01,1.0,-0.03,-0.01,0.0
0.05,0.02,1.0,-0.02,0.01,0.0
0.05,0.02,1.0,-0.02,0.0,0.0
0.06,0.01,1.0,-0.02,0.01,-0.0
0.06,0.02,1.0,-0.01,-0.0,-0.0
0.06,0.02,1.0,-0.02,0.01,-0.01
0.05,0.02,1.0,-0.03,0.01,-0.01
0.06,0.02,1.0,-0.02,0.01,0.0
0.05,0.02,0.99,-0.02,0.02,-0.0
0.05,0.01,1.0,-0.02,0.01,-0.01
0.05,0.02,1.0,-0.01,0.0,0.0
0.05,0.02,1.0,-0.02,0.01,-0.0
0.06,0.01,1.0,-0.02,-0.0,-0.0
0.05,0.02,1.01,-0.02,0.0,0.0
0.05,0.02,1.0,-0.02,0.0,-0.0
0.06,0.01,0.99,-0.01,0.0,-0.0
0.05,0.02,1.0,-0.02,-0.0,0.01
0.05,0.02,1.0,-0.01,0.01,-0.01
0.06,0.02,1.01,-0.02,-0.0,0.01
0.06,0.01,1.0,-0.02,0.01,0.0
0.07,0.02,0.99,-0.02,-0.0,-0.0
0.05,0.02,1.0,-0.02,0.01,-0.01
0.05,0.02,1.0,-0.02,0.01,-0.0
0.05,0.02,1.0,-0.02,-0.0,0.0
0.06,0.01,0.99,-0.02,-0.0,0.0
0.05,0.02,0.99,-0.01,0.01,-0.01
0.05,0.02,1.0,-0.01,0.0,0.01
0.06,0.02,1.0,-0.03,0.01,-0.0
0.05,0.02,1.0,-0.03,0.01,-0.0
0.05,0.02,1.0,-0.02,0.0,-0.01
0.05,0.02,1.0,-0.02,0.01,0.0
0.05,0.02,1.0,-0.01,0.01,-0.0
0.05,0.02,0.99,-0.02,0.0,0.01
0.05,0.01,1.0,-0.01,0.0,-0.0
0.05,0.01,1.0,-0.01,-0.0,0.0
0.05,0.02,1.0,-0.02,0.01,-0.01
0.05,0.02,1.0,-0.02,0.0,0.0
0.05,0.02,1.0,-0.02,0.01,-0.01
0.06,0.02,1.0,-0.01,-0.01,-0.0
0.05,0.02,0.99,-0.02,0.01,-0.01
0.06,0.02,1.0,-0.02,0.0,0.01
0.05,0.02,0.99,-0.04,0.01,-0.0
0.05,0.02,1.0,-0.01,0.0,0.0
0.05,0.02,1.0,-0.02,0.01,-0.0
0.05,0.02,1.0,-0.03,-0.0,0.0
0.06,0.02,1.0,-0.03,0.0,-0.0
0.05,0.01,1.0,-0.02,0.0,-0.01
0.05,0.02,1.0,-0.01,0.0,0.0
0.05,0.01,1.0,-0.02,0.01,-0.01
0.05,0.02,1.0,-0.02,0.0,0.0
0.06,0.01,1.0,-0.01,0.0,0.0
0.06,0.02,1.0,-0.02,0.01,-0.01
0.05,0.02,1.0,-0.03,0.0,0.01
0.05,0.02,0.99,-0.02,0.01,-0.0
0.05,0.01,1.0,-0.02,0.01,-0.01
0.06,0.02,1.0,-0.02,0.01,-0.0
0.05,0.02,1.0,-0.03,0.0,0.0
0.05,0.02,1.0,-0.01,0.01,-0.01
0.05,0.02,0.99,-0.02,-0.01,0.01
0.05,0.01,1.0,-0.02,0.01,-0.01
0.05,0.02,1.0,-0.02,-0.0,0.0
0.06,0.01,1.0,-0.02,0.01,0.0
0.05,0.02,1.0,-0.02,0.0,-0.0
0.05,0.02,1.0,-0.01,0.01,0.0
0.05,0.02,1.0,-0.02,-0.0,0.01
0.06,0.02,1.0,-0.03,0.0,-0.0
0.06,0.02,1.0,-0.02,0.0,-0.0
0.06,0.02,1.0,-0.02,0.01,-0.01
0.05,0.01,0.99,-0.03,0.01,0.0
0.05,0.02,0.99,-0.02,0.0,-0.0
0.05,0.01,1.0,-0.02,0.01,-0.01
0.06,0.01,1.0,-0.02,0.01,-0.01
0.05,0.02,1.0,-0.02,-0.0,0.0
0.05,0.02,1.0,-0.02,0.0,0.01
0.05,0.02,1.0,-0.01,0.01,0.0
0.05,0.02,1.0,-0.02,0.02,0.0
0.06,0.02,1.0,-0.03,0.0,0.0
0.06,0.02,1.01,-0.01,0.0,-0.0
0.06,0.02,1.01,-0.02,-0.0,-0.0
0.06,0.02,1.0,-0.02,0.01,-0.0
0.05,0.02,1.0,-0.02,-0.0,-0.0
0.06,0.01,1.0,-0.02,0.02,-0.01
0.06,0.01,1.0,-0.02,0.0,0.0
0.05,0.02,1.0,-0.01,0.0,-0.0
0.05,0.02,1.0,-0.02,-0.0,0.0
0.05,0.02,1.0,-0.02,0.0,-0.0
0.05,0.02,1.0,-0.02,0.0,0.0
0.06,0.02,1.0,-0.01,-0.0,-0.0
0.05,0.02,1.0,-0.02,0.01,-0.0
0.05,0.01,1.0,-0.01,0.01,-0.0
0.05,0.02,1.0,-0.02,0.0,0.0
0.05,0.02,1.0,-0.03,0.01,-0.0
0.05,0.01,1.0,-0.02,0.0,-0.0
0.06,0.02,1.01,-0.02,0.01,0.0
0.06,0.01,1.0,-0.02,0.01,-0.0
0.05,0.01,1.0,-0.02,0.0,0.0
0.05,0.01,1.0,-0.02,0.0,0.0
0.05,0.02,1.0,-0.02,0.01,-0.0
0.05,0.02,1.0,-0.01,-0.01,0.01
0.05,0.02,1.0,-0.03,0.01,0.0
0.05,0.02,1.0,-0.02,-0.0,0.0
0.05,0.02,1.0,-0.02,-0.0,-0.0
0.05,0.02,0.99,-0.02,-0.0,-0.01
0.05,0.02,1.01,-0.02,-0.0,0.0
0.05,0.02,0.99,-0.02,-0.0,-0.0
0.06,0.02,1.0,-0.03,0.0,-0.01
0.06,0.01,1.0,-0.03,0.01,0.01
0.05,0.02,1.0,-0.03,0.01,0.0
0.06,0.02,0.99,-0.02,0.01,0.0
0.06,0.02,1.0,-0.02,0.01,0.0
0.06,0.01,0.99,-0.03,0.01,0.0
0.05,0.01,1.0,-0.02,0.01,-0.0
0.06,0.02,0.99,-0.01,-0.0,0.01
0.05,0.02,1.0,-0.04,0.01,-0.0
0.05,0.02,1.0,-0.03,0.0,0.0
0.05,0.02,1.0,-0.02,0.0,0.0
0.05,0.01,1.0,-0.01,-0.0,0.0
0.06,0.01,0.99,-0.02,0.0,-0.01
0.05,0.01,0.99,-0.01,0.0,-0.0
0.05,0.02,1.0,-0.02,0.01,-0.01
0.05,0.02,1.0,-0.01,-0.0,-0.0
0.05,0.02,1.0,-0.02,0.01,-0.01
0.06,0.02,1.0,-0.01,-0.0,0.01
0.05,0.01,1.01,-0.03,0.01,0.01
0.05,0.02,1.0,-0.03,-0.0,0.0
0.05,0.02,1.0,-0.02,0.01,-0.01
0.06,0.02,0.99,-0.02,0.0,-0.0
0.05,0.02,1.0,-0.02,-0.0,0.0
0.05,0.02,1.0,-0.02,0.01,-0.01
0.05,0.02,1.0,-0.01,-0.0,0.0
0.05,0.02,1.0,-0.02,-0.0,0.01
0.06,0.02,1.0,-0.01,0.01,0.0
0.05,0.02,1.0,-0.02,0.0,0.01
0.05,0.02,1.0,-0.02,0.01,-0.0
0.06,0.02,1.0,-0.02,0.01,-0.0
0.05,0.02,1.0,-0.01,0.0,-0.0
0.05,0.02,1.0,-0.02,0.0,0.0
0.06,0.02,1.0,-0.02,0.01,-0.0
0.05,0.02,0.99,-0.02,-0.01,0.0
0.06,0.02,1.01,-0.03,0.01,-0.0
0.05,0.02,0.99,-0.02,-0.0,0.0
0.05,0.02,1.0,-0.03,-0.0,-0.0
0.05,0.02,0.99,-0.02,0.0,-0.0
0.05,0.01,1.0,-0.01,-0.0,-0.01
0.06,0.02,1.0,-0.01,-0.0,0.0
0.05,0.02,1.0,-0.01,0.01,-0.0
0.05,0.02,1.0,-0.01,0.0,-0.0
0.06,0.01,1.0,-0.01,0.01,-0.0
0.05,0.02,1.0,-0.0,-0.0,0.0
0.05,0.02,1.0,-0.02,0.01,0.0
0.05,0.02,1.01,-0.02,0.01,-0.01
0.05,0.01,1.0,-0.02,-0.0,-0.01
0.05,0.01,1.0,-0.02,-0.0,0.0
0.05,0.01,1.0,-0.02,0.01,-0.0
0.06,0.02,0.99,-0.02,0.0,-0.0
0.06,0.02,1.0,-0.03,0.0,0.0
0.05,0.02,1.0,-0.02,0.0,0.0
0.06,0.01,1.0,-0.02,0.0,-0.0
0.05,0.02,1.0,-0.01,-0.0,-0.0
0.05,0.01,1.0,-0.01,0.01,-0.01
0.05,0.02,0.99,-0.02,-0.0,-0.0
0.05,0.02,0.99,-0.01,0.01,-0.0
0.05,0.02,1.0,-0.01,-0.0,0.0
0.05,0.01,1.0,-0.01,0.0,0.0
0.05,0.02,1.0,-0.01,-0.0,0.0
0.05,0.02,1.0,-0.02,0.0,-0.0
0.06,0.02,0.99,-0.03,0.01,0.0
0.05,0.01,1.0,-0.02,0.0,-0.0
0.05,0.01,1.0,-0.02,0.0,0.0
0.05,0.02,1.0,-0.02,0.0,0.0
0.05,0.02,1.0,-0.02,0.01,0.0
0.05,0.02,1.0,-0.01,0.01,-0.0
0.05,0.02,1.0,-0.01,0.0,0.0
0.05,0.02,1.0,-0.02,0.0,-0.0
0.05,0.02,1.0,-0.02,0.01,0.0
0.05,0.01,1.0,-0.01,0.0,-0.01
0.06,0.02,1.0,-0.02,0.0,-0.0
0.05,0.02,1.0,-0.02,0.01,-0.0
0.05,0.02,1.0,-0.01,-0.0,-0.0
0.05,0.02,1.0,-0.02,0.0,-0.0
0.05,0.02,1.0,-0.02,0.01,0.0
0.05,0.02,1.0,-0.03,0.01,-0.0
0.05,0.02,0.99,-0.02,0.01,-0.0
0.05,0.02,1.0,-0.02,0.01,-0.0
0.06,0.02,1.0,-0.02,-0.0,0.0
0.05,0.02,1.0,-0.02,0.01,-0.0
0.06,0.02,0.99,-0.02,-0.0,0.0
0.06,0.01,1.0,-0.02,0.0,-0.0
0.05,0.02,1.0,-0.01,0.01,0.01
0.05,0.01,1.0,-0.03,0.0,0.01
0.05,0.02,0.99,-0.03,0.01,-0.0
0.05,0.02,1.0,-0.02,0.0,-0.01
0.06,0.02,1.0,-0.02,0.0,0.01
0.05,0.01,1.0,-0.02,0.01,-0.0
0.06,0.01,1.0,-0.02,0.0,0.01
0.05,0.02,0.99,-0.02,0.01,-0.0
0.05,0.01,0.99,-0.01,0.0,0.0
0.06,0.02,1.0,-0.02,0.0,0.0
0.05,0.02,1.0,-0.02,-0.0,-0.01
0.06,0.02,1.0,-0.02,0.0,0.0
0.05,0.02,0.99,-0.02,0.0,-0.0
0.05,0.02,0.99,-0.02,-0.0,0.0
0.05,0.01,0.99,-0.01,0.0,0.0
0.06,0.02,1.0,-0.01,-0.0,0.0
0.05,0.02,1.0,-0.02,0.0,-0.0
0.05,0.02,1.0,-0.02,0.01,0.01
0.06,0.02,1.0,-0.03,0.02,-0.01
0.05,0.02,1.0,-0.03,-0.0,0.0
0.05,0.02,0.99,-0.03,0.01,0.0
0.05,0.02,1.0,-0.01,-0.0,-0.0
0.05,0.02,1.0,-0.02,0.0,0.0
0.06,0.02,1.0,-0.02,0.01,-0.0
0.05,0.01,1.0,-0.01,0.0,0.0
0.05,0.01,1.0,-0.03,0.01,-0.0
0.05,0.02,0.99,-0.02,0.01,0.0
0.06,0.02,1.0,-0.02,-0.0,0.0
0.06,0.02,1.0,-0.01,0.0,-0.01
0.06,0.02,0.99,-0.03,0.01,-0.0
0.05,0.02,1.0,-0.02,-0.0,-0.0
0.06,0.02,1.0,-0.01,0.0,-0.0
0.05,0.02,1.0,-0.02,0.0,-0.0
0.05,0.02,0.99,-0.02,0.0,0.0
0.06,0.02,1.0,-0.01,0.01,0.0
0.06,0.02,1.0,-0.01,-0.0,0.0
0.06,0.02,1.0,-0.02,-0.0,-0.0
0.05,0.02,1.0,-0.02,0.01,-0.0
0.06,0.02,1.0,-0.02,0.0,0.0
0.06,0.02,1.0,-0.02,-0.01,0.01
0.05,0.02,1.01,-0.03,0.01,0.01
0.05,0.02,1.0,-0.04,0.0,0.01
0.05,0.02,0.99,-0.03,0.01,0.0
0.05,0.02,1.0,-0.02,-0.0,-0.01
0.06,0.02,0.99,-0.01,0.0,-0.0
0.05,0.01,1.0,-0.02,0.01,0.0
0.05,0.01,1.0,-0.02,0.01,0.01
0.05,0.01,0.99,-0.03,0.01,0.0
0.05,0.01,1.0,-0.01,0.0,-0.0
0.06,0.01,0.99,-0.02,0.0,-0.0
0.05,0.02,1.0,-0.01,0.01,0.0
0.06,0.01,1.0,-0.01,-0.0,0.0
0.05,0.02,1.0,-0.02,0.0,0.0
0.05,0.03,0.99,-0.02,0.01,-0.0
0.06,0.02,1.0,-0.01,0.0,-0.0
0.05,0.02,1.01,-0.03,-0.01,0.01
0.06,0.02,1.0,-0.02,0.01,0.0
0.05,0.01,1.0,-0.03,0.01,-0.0
0.05,0.01,1.0,-0.03,0.01,0.0
0.05,0.02,0.99,-0.03,0.0,-0.0
0.06,0.02,1.0,-0.02,0.0,0.01
0.05,0.02,1.0,-0.02,0.0,0.0
0.05,0.02,1.0,-0.02,0.01,-0.0
0.06,0.02,1.0,-0.02,0.0,0.01
0.06,0.02,1.01,-0.02,0.01,-0.01
0.05,0.02,1.0,-0.02,0.01,-0.0
0.06,0.02,1.01,-0.02,0.01,0.0
0.05,0.02,1.0,-0.03,-0.0,0.0
0.05,0.02,1.0,-0.02,0.0,-0.0
0.05,0.02,1.01,-0.01,0.01,-0.01
0.05,0.02,1.0,-0.01,-0.0,-0.0
0.05,0.02,1.0,-0.01,0.01,-0.01
0.05,0.02,1.0,-0.02,0.0,0.0
0.05,0.02,1.0,-0.03,0.0,-0.0
0.06,0.02,1.0,-0.02,0.01,-0.0
0.05,0.02,1.0,-0.02,-0.0,-0.0
0.06,0.02,1.0,-0.01,0.01,-0.01
0.05,0.02,1.0,-0.02,0.01,-0.0
0.05,0.02,1.0,-0.02,0.01,0.0
0.06,0.02,1.0,-0.02,-0.0,0.01
0.06,0.02,1.0,-0.02,-0.0,0.0
0.05,0.02,0.99,-0.02,0.0,0.0
0.05,0.02,1.0,-0.01,0.01,0.01
0.05,0.01,1.0,-0.02,0.0,-0.0
0.06,0.02,1.0,-0.01,0.0,-0.0
0.05,0.02,1.0,-0.02,0.01,-0.01
0.06,0.02,1.0,-0.01,0.0,-0.0
0.06,0.02,0.99,-0.01,-0.0,0.01
0.05,0.02,1.0,-0.03,0.0,0.0
0.06,0.02,1.0,-0.01,0.0,0.0
0.05,0.02,1.0,-0.01,0.01,-0.0
0.05,0.02,1.0,-0.02,-0.0,0.01
0.05,0.02,0.99,-0.02,0.01,-0.0
0.05,0.01,1.0,-0.01,0.0,-0.0
0.06,0.02,0.99,-0.02,0.0,-0.01
0.06,0.02,1.0,-0.02,-0.0,0.01
0.06,0.01,1.01,-0.02,0.01,-0.0
0.05,0.01,1.0,-0.02,0.0,0.0
0.06,0.01,1.0,-0.02,0.01,-0.0
0.05,0.02,1.0,-0.01,-0.0,-0.0
0.06,0.01,0.99,-0.02,-0.0,-0.0
0.05,0.01,0.99,-0.01,-0.0,-0.01
0.05,0.02,1.0,-0.02,0.0,0.0
0.05,0.02,1.0,-0.02,-0.0,-0.0
0.06,0.02,1.0,-0.01,0.0,0.0
0.06,0.01,1.0,-0.02,-0.0,0.01
0.05,0.01,1.0,-0.03,0.01,0.0
0.05,0.02,1.0,-0.02,-0.0,-0.0
0.05,0.02,1.0,-0.02,0.01,-0.01
0.06,0.02,1.0,-0.01,0.01,-0.01
0.05,0.02,1.0,-0.03,0.0,-0.01
0.05,0.02,1.0,-0.02,0.01,-0.0
0.05,0.02,1.0,-0.03,0.01,-0.0
0.05,0.02,1.0,-0.01,-0.0,0.01
0.05,0.03,1.0,-0.03,0.01,-0.01
0.05,0.02,1.0,-0.02,-0.0,-0.01
0.05,0.01,1.0,-0.02,0.0,0.0
0.06,0.02,0.99,-0.02,0.0,0.0
0.05,0.01,1.0,-0.02,0.0,-0.01
0.05,0.02,1.0,-0.02,-0.01,0.0
0.06,0.02,1.0,-0.02,-0.0,0.0
0.05,0.02,0.99,-0.02,-0.0,0.0
0.05,0.02,1.0,-0.02,0.01,0.0
0.06,0.02,1.0,-0.02,0.0,0.0
0.06,0.02,1.0,-0.03,0.01,-0.01
0.05,0.02,0.99,-0.03,0.01,-0.0
0.05,0.02,1.0,-0.01,0.01,-0.0
0.06,0.02,0.99,-0.02,-0.0,-0.0
0.05,0.01,1.0,-0.03,0.01,-0.0
0.05,0.01,1.0,-0.02,0.01,-0.0
0.05,0.02,1.0,-0.03,0.02,-0.0
0.05,0.01,1.0,-0.02,0.0,0.0
0.05,0.02,0.99,-0.01,0.0,-0.0
0.05,0.02,0.99,-0.02,0.01,-0.0
0.05,0.02,1.0,-0.02,0.0,0.0
0.05,0.02,1.0,-0.02,-0.0,0.0
0.05,0.02,1.01,-0.02,0.01,-0.0
0.05,0.02,1.0,-0.02,0.0,0.0
0.04,0.02,1.01,-0.02,0.0,0.01
0.05,0.01,1.0,-0.01,-0.0,0.0
0.05,0.02,1.0,-0.01,-0.0,0.0
0.05,0.01,1.0,-0.01,-0.0,-0.0
0.05,0.01,1.0,-0.02,0.0,-0.0
0.06,0.01,0.99,-0.02,-0.0,0.01
0.05,0.01,1.0,-0.03,0.01,-0.0
0.05,0.01,1.0,-0.03,0.01,0.0
0.06,0.01,0.99,-0.03,0.01,0.0
0.06,0.02,1.0,-0.02,-0.0,-0.0
0.06,0.02,0.99,-0.03,0.01,-0.01
0.05,0.02,1.0,-0.02,0.0,-0.0
0.05,0.02,1.0,-0.02,0.01,-0.01
0.05,0.02,1.0,-0.02,0.01,0.0
0.05,0.02,1.0,-0.01,0.01,0.0
0.05,0.01,1.0,-0.02,0.0,-0.0
0.05,0.01,1.0,-0.02,0.01,0.01
0.05,0.02,1.0,-0.03,0.0,0.0
0.06,0.02,1.0,-0.03,0.01,-0.0
0.05,0.02,0.99,-0.02,0.01,0.0
0.06,0.02,1.01,-0.02,-0.0,-0.0
0.06,0.02,1.0,-0.02,-0.0,0.01
0.06,0.02,1.0,-0.02,0.01,0.0
0.05,0.02,1.01,-0.02,-0.0,-0.0
0.06,0.02,1.0,-0.03,0.0,-0.0
0.05,0.02,1.0,-0.02,-0.0,0.01
0.05,0.02,0.99,-0.02,0.0,0.0
0.05,0.02,0.99,-0.02,0.01,-0.0
0.05,0.01,1.0,-0.02,0.01,-0.01
0.05,0.01,1.0,-0.02,-0.0,0.01
0.06,0.02,1.0,-0.02,0.01,-0.01
0.05,0.01,0.99,-0.03,-0.0,-0.0
0.05,0.02,1.0,-0.02,0.01,-0.01
0.05,0.01,1.0,-0.01,0.0,0.0
0.05,0.02,1.0,-0.01,0.0,-0.0
0.05,0.02,1.01,-0.01,0.01,-0.0
0.05,0.02,0.99,-0.02,-0.0,0.0
0.06,0.01,1.0,-0.01,-0.0,0.0
0.05,0.02,1.0,-0.02,0.01,-0.0
0.06,0.01,1.0,-0.01,0.0,0.0
0.05,0.02,1.0,-0.03,0.0,-0.0
0.06,0.02,1.0,-0.01,0.0,-0.0
0.05,0.02,1.0,-0.03,0.0,0.0
0.06,0.02,1.0,-0.02,0.0,0.01
0.06,0.02,0.99,-0.03,0.01,-0.0
0.05,0.02,1.0,-0.01,-0.0,0.0
0.05,0.02,1.0,-0.03,0.01,0.0
0.05,0.01,1.0,-0.02,0.0,0.0
0.05,0.02,0.99,-0.03,0.01,0.01
0.05,0.01,1.0,-0.02,0.0,0.0
0.04,0.02,1.0,-0.03,0.0,0.01
0.06,0.02,1.0,-0.02,0.01,-0.01
0.05,0.01,1.0,-0.01,0.01,-0.01
0.05,0.02,1.0,-0.02,0.01,-0.0
0.05,0.02,1.0,-0.02,0.01,0.01
0.05,0.02,1.0,-0.02,0.01,0.0
0.05,0.02,1.0,-0.02,0.01,0.0
0.06,0.02,1.0,-0.01,0.01,-0.0
0.06,0.02,1.0,-0.02,0.01,-0.0
0.05,0.02,1.0,-0.02,0.0,0.0
0.05,0.02,1.0,-0.02,-0.01,0.0
0.05,0.02,1.0,-0.01,-0.01,0.01
0.05,0.02,0.99,-0.02,-0.01,0.0
0.05,0.02,1.0,-0.01,-0.0,0.0
0.05,0.01,1.0,-0.02,0.0,0.01
0.05,0.01,1.0,-0.02,-0.0,0.0
0.05,0.02,1.0,-0.02,0.0,-0.01
0.05,0.02,1.0,-0.02,0.0,0.0
0.05,0.02,1.0,-0.02,0.0,0.0
0.05,0.02,1.0,-0.02,-0.0,0.0
0.05,0.02,1.0,-0.02,0.01,-0.01
0.05,0.02,0.99,-0.02,0.01,-0.0
0.05,0.02,1.0,-0.02,0.01,-0.0
0.05,0.01,1.0,-0.02,0.0,0.01
0.05,0.02,1.0,-0.03,0.01,0.0
0.05,0.02,1.0,-0.02,0.01,-0.0
0.05,0.02,1.0,-0.02,-0.0,-0.0
0.05,0.02,1.0,-0.01,0.0,-0.01
0.05,0.02,1.0,-0.03,0.01,0.0
0.05,0.02,0.99,-0.02,0.01,0.01
0.06,0.02,1.0,-0.03,0.01,0.0
0.06,0.02,1.01,-0.02,0.01,-0.01
0.06,0.02,1.0,-0.03,-0.01,0.01
0.05,0.02,1.0,-0.03,0.01,-0.0
0.05,0.02,1.0,-0.02,0.01,-0.0
0.05,0.01,1.0,-0.02,0.0,0.0
0.06,0.02,1.0,-0.02,0.0,-0.0
0.06,0.01,1.0,-0.02,0.0,0.0
0.06,0.01,1.0,-0.02,0.0,0.0
0.05,0.02,1.01,-0.02,0.01,0.0
0.06,0.02,1.0,-0.03,0.0,0.0
0.06,0.01,1.0,-0.02,0.01,-0.0
0.05,0.02,1.0,-0.01,0.01,-0.0
0.05,0.03,0.99,-0.02,0.01,-0.0
0.06,0.02,1.01,-0.02,0.01,-0.01
0.06,0.02,1.0,-0.02,-0.0,0.0
0.05,0.02,1.01,-0.03,0.0,0.0
0.05,0.02,1.0,-0.03,0.0,0.0
0.06,0.02,0.99,-0.02,0.0,0.0
0.05,0.02,1.0,-0.02,0.01,0.0
0.05,0.02,1.0,-0.01,-0.0,-0.0
0.05,0.02,1.0,-0.01,0.0,0.0
0.06,0.02,0.99,-0.01,-0.0,-0.0
0.05,0.02,1.0,-0.02,-0.0,0.0
0.06,0.02,1.0,-0.01,0.0,0.01
0.05,0.02,1.0,-0.03,0.0,0.0
0.05,0.02,1.0,-0.01,0.0,0.0
0.05,0.02,1.0,-0.02,0.01,0.0
0.06,0.02,1.01,-0.01,0.0,0.0
0.06,0.02,1.0,-0.02,0.01,-0.0
0.05,0.02,1.0,-0.03,0.01,-0.0
0.06,0.02,0.99,-0.02,0.01,0.01
0.06,0.02,1.0,-0.03,0.02,-0.0
0.06,0.02,1.0,-0.02,0.0,0.0
0.06,0.02,1.0,-0.02,0.0,0.0
0.05,0.02,1.0,-0.02,0.01,0.0
0.05,0.02,1.0,-0.01,-0.0,-0.0
0.05,0.02,1.0,-0.01,0.0,-0.0
0.06,0.02,1.0,-0.02,0.01,-0.0
0.05,0.02,1.0,-0.02,0.0,0.0
0.05,0.01,1.0,-0.02,-0.0,0.01
0.05,0.02,1.0,-0.02,0.01,-0.0
0.05,0.02,1.01,-0.02,-0.01,0.01
0.06,0.02,1.0,-0.03,0.0,0.0
0.05,0.02,1.0,-0.03,0.0,-0.0
0.06,0.02,1.0,-0.01,0.0,-0.0
0.05,0.02,1.0,-0.02,0.01,-0.0
0.05,0.02,1.0,-0.01,0.0,0.0
0.06,0.02,1.0,-0.03,-0.01,0.0
0.06,0.02,0.99,-0.03,0.01,0.0
0.05,0.02,1.0,-0.02,-0.0,0.0
0.05,0.01,1.0,-0.02,0.01,-0.0
0.06,0.02,1.0,-0.02,0.01,-0.0
0.06,0.02,1.0,-0.02,0.01,-0.0
0.05,0.02,1.0,-0.02,0.01,0.0
0.06,0.02,1.0,-0.02,0.01,0.0
0.05,0.02,1.0,-0.02,-0.0,0.01
0.06,0.02,1.0,-0.01,0.01,-0.0
0.05,0.01,1.0,-0.03,0.01,-0.0
0.06,0.02,1.0,-0.02,0.0,0.0
0.06,0.02,1.0,-0.02,-0.0,-0.0
0.06,0.01,1.0,-0.02,0.0,-0.01
0.05,0.01,1.0,-0.02,-0.01,-0.0
0.05,0.01,1.0,-0.02,0.0,-0.01
0.05,0.02,1.0,-0.02,-0.0,0.01
0.05,0.02,1.0,-0.02,0.01,-0.0
0.05,0.02,1.0,-0.02,0.0,0.0
0.06,0.02,1.0,-0.02,0.01,0.0
0.05,0.02,1.0,-0.02,-0.0,0.0
0.06,0.01,0.99,-0.01,0.0,-0.0
0.05,0.02,0.99,-0.02,0.01,-0.0
0.05,0.02,1.0,-0.0,0.0,-0.0
0.05,0.02,1.0,-0.02,0.01,0.0
0.05,0.02,1.0,-0.01,0.0,-0.0
0.06,0.02,0.99,-0.02,0.0,0.0
0.06,0.01,1.0,-0.03,0.01,-0.0
0.05,0.02,1.0,-0.02,0.0,0.0
0.05,0.01,0.99,-0.02,0.01,-0.01
0.05,0.01,1.0,-0.02,0.01,-0.0
0.05,0.02,1.01,-0.02,0.01,-0.0
0.05,0.02,1.0,-0.01,0.0,0.0
0.05,0.02,1.01,-0.02,0.01,0.0
0.06,0.02,0.99,-0.01,-0.0,0.01
0.05,0.02,1.0,-0.01,0.0,0.0
0.05,0.02,1.0,-0.02,-0.0,0.01
0.05,0.02,1.0,-0.03,0.01,-0.01
0.05,0.02,1.0,-0.01,0.0,0.0
0.05,0.02,1.0,-0.01,-0.0,-0.01
0.06,0.02,1.0,-0.01,-0.0,0.01
0.05,0.02,1.0,-0.03,0.01,-0.01
0.06,0.02,1.01,-0.02,0.0,-0.0
0.06,0.02,1.01,-0.02,0.01,-0.0
0.05,0.02,1.0,-0.03,0.01,-0.0
0.06,0.02,1.0,-0.02,0.01,-0.0
0.05,0.02,1.0,-0.02,0.01,0.01
0.06,0.02,1.0,-0.02,0.01,-0.0
0.05,0.02,0.99,-0.02,-0.0,0.0
0.05,0.01,1.0,-0.01,0.0,0.01
0.05,0.01,1.0,-0.02,0.01,0.0
0.05,0.02,0.99,-0.02,0.01,-0.01
0.05,0.02,1.0,-0.01,-0.0,0.0
0.05,0.01,1.0,-0.01,0.01,-0.01
0.06,0.02,0.99,-0.01,-0.0,-0.01
0.06,0.02,1.0,-0.02,0.01,-0.01
0.06,0.02,1.0,-0.02,-0.0,0.01
0.05,0.02,1.0,-0.03,0.01,0.0
0.05,0.01,1.0,-0.01,0.0,0.0
0.06,0.02,0.99,-0.02,0.01,-0.0
0.05,0.02,1.0,-0.02,-0.0,0.0
0.05,0.02,1.0,-0.02,0.0,-0.0
0.05,0.02,1.0,-0.02,0.0,-0.0
0.05,0.02,1.0,-0.01,0.01,-0.0
0.05,0.02,1.0,-0.01,0.01,-0.01
0.06,0.02,1.0,-0.02,-0.0,-0.0
0.05,0.02,1.0,-0.03,0.01,0.0
0.06,0.02,1.0,-0.02,0.01,-0.0
0.06,0.02,1.0,-0.02,0.0,-0.0
0.05,0.02,1.01,-0.02,0.0,-0.01
0.06,0.01,1.0,-0.01,0.0,-0.0
0.05,0.02,1.0,-0.01,0.0,-0.01
0.05,0.02,1.0,-0.02,-0.01,0.01
0.05,0.02,1.0,-0.02,0.01,-0.0
0.05,0.02,1.0,-0.01,-0.01,0.0
0.06,0.01,1.0,-0.02,0.01,0.0
0.05,0.02,1.0,-0.02,-0.0,0.0
0.05,0.01,1.0,-0.02,0.0,0.0
0.05,0.02,1.0,-0.02,0.01,-0.01
0.05,0.02,1.0,-0.03,0.01,-0.0
0.05,0.02,1.0,-0.02,-0.0,0.01
0.05,0.02,1.0,-0.02,0.01,0.01
0.05,0.02,1.0,-0.02,0.0,0.01
0.06,0.02,1.01,-0.03,0.01,0.0
0.06,0.02,1.0,-0.04,0.01,0.01
0.05,0.02,1.0,-0.03,0.01,-0.01
0.06,0.01,1.0,-0.02,0.0,0.0
0.06,0.02,1.0,-0.02,0.0,-0.01
0.05,0.02,1.0,-0.02,-0.0,-0.0
0.05,0.02,1.0,-0.02,0.01,-0.0
0.05,0.02,1.0,-0.02,0.0,0.01
0.05,0.02,1.0,-0.03,0.01,-0.0
0.05,0.02,1.0,-0.02,-0.0,-0.0
0.06,0.02,1.0,-0.03,0.01,-0.0
0.06,0.02,0.99,-0.02,-0.01,0.0
0.05,0.02,1.0,-0.02,0.01,-0.0
0.06,0.01,1.0,-0.02,0.0,0.01
0.06,0.02,0.99,-0.01,0.01,0.0
0.05,0.02,1.0,-0.01,0.0,0.01
0.05,0.02,1.0,-0.02,0.01,-0.0
0.05,0.02,1.0,-0.02,0.0,0.0
0.07,0.01,1.0,-0.02,0.0,-0.01
0.05,0.02,1.0,-0.02,0.01,-0.0
0.06,0.02,1.0,-0.02,0.0,-0.01
0.06,0.02,1.0,-0.03,0.01,-0.0
0.05,0.02,1.0,-0.02,0.01,-0.01
0.05,0.02,1.0,-0.01,0.0,0.0
0.05,0.02,1.0,-0.01,0.0,0.0
0.05,0.02,1.0,-0.02,0.0,0.01
0.05,0.02,1.01,-0.02,0.0,-0.0
0.06,0.02,0.99,-0.02,0.01,-0.0
0.06,0.01,1.0,-0.01,-0.0,0.01
0.06,0.01,1.0,-0.01,-0.0,0.01
0.05,0.02,1.0,-0.02,0.01,-0.01
0.05,0.02,1.0,-0.01,-0.01,0.0
0.05,0.02,1.0,-0.02,0.0,0.0
0.05,0.02,1.0,-0.01,-0.0,0.0
0.05,0.02,1.0,-0.01,0.0,0.0
0.06,0.02,1.0,-0.02,0.01,-0.0
0.06,0.02,1.0,-0.02,0.01,-0.0
0.05,0.02,0.99,-0.03,-0.0,0.0
0.06,0.01,0.99,-0.02,0.01,0.0
0.06,0.01,1.0,-0.01,0.0,0.0
0.05,0.01,1.0,-0.02,0.01,-0.0
0.05,0.02,1.0,-0.02,0.01,0.01
0.05,0.01,1.0,-0.02,0.01,-0.0
0.06,0.02,1.01,-0.03,0.0,-0.01
0.05,0.02,1.0,-0.02,0.01,-0.01
0.06,0.02,0.99,-0.02,0.0,0.01
0.05,0.02,0.99,-0.03,0.0,0.0
0.05,0.02,0.99,-0.02,0.0,0.0
0.05,0.02,1.0,-0.01,0.01,0.0
0.05,0.02,1.0,-0.02,-0.0,-0.0
0.05,0.03,1.0,-0.02,0.01,-0.0
0.06,0.02,1.0,-0.02,-0.0,-0.01
0.07,0.03,1.0,-0.03,0.01,0.0
0.05,0.02,1.0,-0.02,-0.0,0.0
0.05,0.02,1.0,-0.02,0.01,0.01
0.06,0.02,1.0,-0.02,0.0,0.0
0.06,0.03,1.0,-0.03,0.0,0.0
0.05,0.02,1.0,-0.02,0.0,0.0
0.06,0.02,1.0,-0.02,0.0,-0.0
0.05,0.02,1.0,-0.02,0.01,-0.0
0.05,0.02,1.0,-0.02,0.0,-0.0
0.06,0.02,1.0,-0.03,0.01,-0.01
0.05,0.01,0.99,-0.02,0.01,0.0
0.05,0.02,0.99,-0.01,0.0,0.0
0.06,0.02,1.0,-0.02,0.01,0.0
0.05,0.02,1.0,-0.02,-0.0,0.0
0.06,0.02,1.0,-0.02,0.0,-0.0
0.06,0.02,1.0,-0.02,0.0,-0.0
0.05,0.02,1.0,-0.02,-0.0,-0.0
0.06,0.02,1.0,-0.02,-0.0,0.0
0.06,0.02,1.0,-0.02,0.01,-0.01
0.05,0.02,1.0,-0.02,-0.01,0.0
0.06,0.02,1.0,-0.03,0.0,0.01
0.05,0.02,1.0,-0.02,0.0,0.01
0.05,0.02,1.0,-0.02,0.0,0.0
0.06,0.02,0.99,-0.03,0.01,-0.0
0.06,0.02,1.0,-0.01,0.01,-0.0
0.06,0.02,1.0,-0.02,-0.0,-0.0
0.05,0.01,1.0,-0.02,0.01,0.0
0.05,0.02,1.0,-0.02,0.0,0.01
0.05,0.02,1.0,-0.02,0.02,-0.0
0.06,0.02,0.99,-0.02,0.01,0.01
0.05,0.02,1.0,-0.03,0.01,-0.0
0.05,0.02,0.99,-0.02,0.01,-0.0
0.06,0.02,1.01,-0.02,0.0,-0.0
0.06,0.02,1.0,-0.02,0.0,0.0
0.06,0.02,0.99,-0.03,0.01,0.0
0.05,0.02,1.0,-0.03,0.0,0.0
0.05,0.02,1.0,-0.03,0.0,0.0
0.06,0.02,1.0,-0.03,0.0,0.0
0.06,0.01,1.0,-0.02,0.0,0.01
0.06,0.02,1.0,-0.02,0.01,-0.0
0.06,0.02,1.0,-0.03,0.01,-0.0
0.05,0.02,1.0,-0.01,-0.0,-0.0
0.05,0.02,1.0,-0.02,0.01,-0.01
0.06,0.02,1.0,-0.01,0.0,0.0
0.06,0.02,1.0,-0.02,0.0,0.0
0.05,0.02,1.0,-0.02,0.0,-0.01
0.05,0.02,0.99,-0.01,-0.0,-0.0
0.05,0.02,1.0,-0.02,0.0,0.01
0.05,0.01,0.99,-0.02,0.0,0.0
0.05,0.01,0.99,-0.02,0.01,0.0
0.06,0.02,1.0,-0.01,-0.01,0.0
0.05,0.02,1.0,-0.02,0.0,-0.0
0.05,0.02,1.01,-0.01,0.0,0.0
0.06,0.02,1.0,-0.03,0.01,-0.0
0.05,0.01,1.0,-0.02,0.0,-0.0
0.06,0.02,0.99,-0.02,0.0,-0.0
0.05,0.02,0.99,-0.02,-0.0,0.0
0.06,0.02,1.0,-0.01,0.0,-0.0
0.05,0.02,1.0,-0.02,0.01,-0.0
0.05,0.01,1.0,-0.01,-0.0,0.0
0.05,0.02,1.0,-0.01,0.01,-0.0
0.05,0.02,1.0,-0.01,0.01,-0.0
0.05,0.02,1.0,-0.02,0.0,0.0
0.05,0.02,0.99,-0.02,0.01,0.0
0.05,0.02,1.0,-0.02,-0.0,-0.01
0.05,0.02,1.0,-0.01,-0.01,0.0
0.05,0.02,1.0,-0.02,0.01,-0.01
0.05,0.02,1.0,-0.02,0.0,0.0
0.06,0.02,0.99,-0.02,0.0,0.0
0.06,0.02,1.0,-0.02,0.01,0.01
0.05,0.02,1.0,-0.03,0.02,-0.0
0.05,0.02,0.99,-0.01,0.01,-0.0
0.05,0.02,1.01,-0.01,0.0,0.0
0.05,0.02,1.0,-0.02,0.0,-0.0
0.05,0.02,1.0,-0.02,0.01,-0.0
0.05,0.02,1.0,-0.02,0.0,0.0
0.05,0.02,1.0,-0.02,-0.0,0.01
0.06,0.02,0.99,-0.02,0.01,-0.01
0.05,0.02,1.01,-0.02,0.0,0.0
0.05,0.02,1.0,-0.01,0.01,0.0
0.05,0.01,1.0,-0.02,-0.0,-0.0
0.05,0.02,0.99,-0.01,0.01,-0.0
0.05,0.02,1.0,-0.02,0.01,-0.01
0.05,0.02,1.0,-0.02,0.0,0.01
0.05,0.01,1.01,-0.03,0.01,0.0
0.05,0.02,1.0,-0.03,-0.0,0.0
0.05,0.02,1.0,-0.03,0.01,0.01
0.05,0.02,1.01,-0.03,0.02,-0.0
0.05,0.02,1.0,-0.02,0.01,-0.01
0.05,0.02,1.01,-0.02,0.0,-0.0
0.05,0.02,1.0,-0.01,0.0,-0.01
0.06,0.02,1.0,-0.02,-0.0,-0.0
0.05,0.01,0.99,-0.02,-0.0,0.0
0.05,0.01,1.0,-0.01,0.01,0.0
0.05,0.01,1.0,-0.02,0.01,0.0
0.05,0.02,1.0,-0.02,0.01,-0.0
0.06,0.02,0.99,-0.02,-0.01,0.0
0.05,0.02,1.0,-0.02,0.01,-0.02
0.06,0.02,1.0,-0.02,0.01,0.0
0.06,0.02,1.0,-0.02,0.01,0.0
0.05,0.02,1.0,-0.02,0.01,0.0
0.06,0.02,1.0,-0.01,0.01,0.01
0.05,0.02,1.0,-0.01,-0.0,-0.0
0.06,0.02,1.0,-0.01,0.01,0.0
0.05,0.02,1.0,-0.01,-0.0,-0.0
0.06,0.01,1.0,-0.02,0.0,-0.01
0.06,0.02,1.0,-0.02,0.0,-0.0
0.05,0.02,1.0,-0.01,0.0,-0.0
0.05,0.01,0.99,-0.02,-0.0,0.01
0.06,0.01,1.0,-0.02,-0.0,0.01
0.05,0.02,0.99,-0.03,-0.0,0.01
0.06,0.02,0.99,-0.03,0.01,-0.01
0.05,0.02,1.01,-0.03,0.0,-0.0
0.05,0.02,1.0,-0.02,0.01,-0.01
0.06,0.02,1.0,-0.02,0.01,0.0
0.05,0.02,1.0,-0.02,-0.01,-0.0
0.05,0.02,0.99,-0.01,-0.01,0.01
0.05,0.01,1.0,-0.01,0.01,0.0
0.05,0.02,1.0,-0.02,0.01,0.01
0.05,0.02,1.0,-0.02,0.01,-0.0
0.05,0.02,0.99,-0.02,-0.0,0.01
0.05,0.02,1.0,-0.02,0.0,-0.01
0.05,0.02,1.0,-0.02,0.01,-0.0
0.06,0.02,1.0,-0.02,0.0,-0.0
0.06,0.02,1.0,-0.02,-0.0,0.0
0.06,0.02,1.0,-0.02,0.0,0.0
0.05,0.02,1.0,-0.02,0.0,0.0
0.05,0.01,1.0,-0.01,0.0,-0.0
0.06,0.01,0.99,-0.01,-0.0,0.0
0.05,0.01,1.01,-0.02,0.01,-0.01
0.06,0.01,1.0,-0.02,0.0,-0.0
0.06,0.02,0.99,-0.01,0.01,-0.0
0.06,0.03,1.0,-0.02,-0.01,0.0
0.05,0.01,1.01,-0.02,-0.0,0.0
0.05,0.02,1.0,-0.02,-0.0,0.0
0.05,0.01,1.0,-0.02,0.0,0.0
0.05,0.02,1.0,-0.03,0.0,0.01
0.05,0.02,1.0,-0.01,-0.0,-0.0
0.05,0.02,1.0,-0.02,0.01,-0.0
0.06,0.02,1.0,-0.01,-0.0,-0.0
0.05,0.01,1.0,-0.02,0.01,0.0
0.06,0.02,1.0,-0.02,0.0,-0.0
0.05,0.02,0.99,-0.03,0.01,0.0
0.05,0.02,1.0,-0.01,0.01,-0.0
0.06,0.02,1.0,-0.01,0.0,-0.0
0.06,0.02,1.0,-0.03,0.0,-0.0
0.06,0.02,0.99,-0.02,0.0,0.0
0.05,0.02,1.0,-0.02,0.01,0.0
0.05,0.02,0.99,-0.02,-0.0,0.01
0.05,0.02,1.0,-0.02,0.0,0.0
0.05,0.02,0.99,-0.02,-0.0,0.01
0.05,0.02,0.99,-0.03,0.02,-0.0
0.05,0.02,1.0,-0.02,-0.0,0.01
0.05,0.02,1.0,-0.02,-0.0,0.0
0.05,0.02,1.0,-0.01,0.01,0.0
0.06,0.01,1.0,-0.02,0.01,-0.01
0.06,0.02,1.0,-0.02,0.0,0.01
0.05,0.02,1.0,-0.03,0.01,-0.0
0.05,0.02,1.0,-0.02,0.0,0.0
0.05,0.02,1.0,-0.02,0.01,0.0
0.05,0.02,1.0,-0.02,-0.0,0.0
0.05,0.02,1.0,-0.01,0.0,-0.01
0.05,0.02,1.0,-0.02,0.01,-0.01
0.06,0.02,0.99,-0.03,0.0,0.0
0.05,0.02,1.0,-0.02,-0.0,0.01
0.05,0.02,0.99,-0.02,0.0,0.0
0.05,0.02,1.0,-0.02,0.01,0.0
0.05,0.02,1.0,-0.02,0.02,-0.0
0.05,0.02,1.01,-0.02,-0.0,0.01
0.06,0.02,1.0,-0.02,0.01,-0.0
0.05,0.02,1.01,-0.02,0.0,0.0
0.05,0.02,1.0,-0.02,0.01,0.0
0.05,0.02,1.0,-0.02,-0.01,0.0
0.05,0.02,1.0,-0.02,-0.0,0.0
0.06,0.01,0.99,-0.01,-0.0,0.0
0.05,0.01,1.0,-0.02,0.01,0.0
0.05,0.01,1.01,-0.03,0.0,-0.0
0.05,0.02,0.99,-0.01,0.01,-0.01
0.05,0.02,0.99,-0.02,0.01,0.0
0.06,0.02,1.0,-0.01,0.0,-0.0
0.06,0.02,0.99,-0.01,0.01,-0.0
0.05,0.01,1.0,-0.02,0.01,-0.0
0.05,0.02,0.99,-0.02,0.01,0.0
0.06,0.02,1.0,-0.01,0.01,0.0
0.05,0.02,1.0,-0.01,-0.0,0.0
0.05,0.02,1.0,-0.02,0.0,-0.01
0.05,0.02,0.99,-0.01,0.01,-0.0
0.05,0.02,1.0,-0.02,0.0,-0.01
0.05,0.02,1.0,-0.01,-0.0,0.01
0.05,0.02,1.0,-0.02,-0.01,-0.0
0.05,0.02,1.0,-0.02,-0.0,-0.0
0.05,0.02,1.0,-0.02,0.01,0.0
0.06,0.02,1.0,-0.04,0.01,-0.0
0.05,0.02,1.0,-0.03,0.01,-0.0
0.05,0.02,1.01,-0.02,0.0,-0.01
0.05,0.02,1.0,-0.02,0.01,-0.01
0.05,0.02,1.0,-0.02,-0.0,-0.0
0.05,0.01,1.0,-0.02,0.01,-0.0
0.06,0.02,1.0,-0.02,0.0,0.01
0.05,0.01,1.0,-0.02,0.02,-0.0
0.05,0.02,1.0,-0.02,0.0,0.01
0.05,0.02,0.99,-0.03,0.01,0.0
0.06,0.02,1.0,-0.02,0.01,-0.0
0.05,0.02,1.0,-0.02,0.01,-0.0
0.05,0.02,1.0,-0.02,0.0,0.0
0.06,0.01,1.0,-0.01,0.01,-0.0
0.05,0.02,1.0,-0.02,-0.0,0.0
0.05,0.02,1.0,-0.02,0.01,-0.0
0.05,0.01,0.99,-0.01,-0.0,-0.01
0.05,0.01,1.0,-0.02,0.0,0.0
0.05,0.02,1.0,-0.01,0.0,-0.0
0.05,0.02,1.0,-0.02,0.0,-0.01
0.05,0.01,1.0,-0.02,0.0,-0.0
0.05,0.02,0.99,-0.02,0.01,-0.0
0.05,0.02,1.0,-0.02,0.01,0.01
0.05,0.02,1.0,-0.02,0.01,-0.0
0.05,0.02,1.01,-0.02,0.0,0.0
0.05,0.02,0.99,-0.01,0.0,0.0
0.06,0.02,1.0,-0.01,0.0,-0.01
0.05,0.02,1.0,-0.02,0.01,0.0
0.06,0.02,0.99,-0.01,0.0,-0.01
0.06,0.02,1.01,-0.02,0.01,-0.0
0.05,0.02,0.99,-0.02,0.0,-0.0
0.06,0.02,1.0,-0.01,0.0,0.0
0.06,0.01,1.0,-0.02,-0.0,0.0
0.05,0.02,1.0,-0.03,-0.0,0.01
0.06,0.02,1.0,-0.02,0.0,-0.0
0.05,0.01,1.0,-0.02,-0.0,-0.0
0.05,0.02,1.0,-0.02,-0.01,0.0
0.05,0.02,1.0,-0.02,-0.01,0.0
0.05,0.02,1.0,-0.02,-0.0,0.0
0.05,0.02,1.0,-0.01,0.01,0.0
0.05,0.02,1.0,-0.01,-0.0,0.0
0.05,0.02,1.01,-0.02,0.01,-0.0
0.06,0.01,0.99,-0.02,0.0,-0.0
0.05,0.01,1.0,-0.01,0.0,-0.0
0.05,0.02,1.0,-0.02,-0.0,-0.0
0.05,0.02,1.0,-0.01,0.01,-0.0
0.06,0.02,1.0,-0.02,0.01,0.01
0.06,0.02,1.0,-0.03,0.01,-0.0
0.06,0.02,1.0,-0.02,0.0,0.0
0.05,0.02,1.0,-0.03,0.01,0.0
0.05,0.02,1.0,-0.03,0.01,-0.0
0.05,0.02,1.0,-0.02,0.0,-0.0
0.05,0.02,1.0,-0.02,-0.0,0.0
0.05,0.02,1.0,-0.02,0.01,-0.01
0.05,0.02,1.0,-0.02,0.0,0.0
0.06,0.02,1.0,-0.01,0.0,0.01
0.05,0.02,1.0,-0.02,-0.0,0.0
0.05,0.02,1.0,-0.01,-0.01,0.01
0.05,0.02,1.0,-0.03,-0.0,0.01
0.05,0.02,1.0,-0.03,0.01,-0.01
0.05,0.01,1.0,-0.02,0.0,-0.0
0.06,0.02,1.0,-0.02,0.01,0.0
0.05,0.02,1.0,-0.02,0.0,0.0
0.05,0.02,1.0,-0.02,0.01,0.0
0.05,0.02,1.0,-0.02,0.0,-0.0
0.06,0.01,1.0,-0.02,0.0,0.0
0.06,0.01,1.0,-0.02,0.01,0.0
0.05,0.02,1.0,-0.02,0.01,-0.0
0.06,0.02,1.0,-0.02,0.0,0.01
0.05,0.03,1.0,-0.03,0.01,0.0
0.05,0.02,1.0,-0.02,0.01,0.01
0.06,0.02,1.01,-0.02,0.01,0.01
0.05,0.02,0.99,-0.02,0.01,-0.0
0.05,0.01,1.0,-0.01,0.0,0.0
0.05,0.02,1.0,-0.02,0.01,-0.0
0.05,0.02,1.0,-0.02,0.0,0.01
0.05,0.02,1.0,-0.02,0.0,-0.0
0.05,0.02,0.99,-0.02,-0.0,-0.0
0.05,0.02,1.0,-0.02,-0.0,0.0
0.05,0.02,1.0,-0.01,-0.0,0.0
0.06,0.02,1.0,-0.02,0.0,0.0
0.06,0.02,0.99,-0.03,0.01,0.0
0.05,0.02,1.0,-0.02,0.0,-0.0
0.06,0.02,1.0,-0.02,-0.0,0.0
0.05,0.02,1.0,-0.02,-0.0,-0.0
0.05,0.02,0.99,-0.02,0.01,-0.01
0.05,0.02,1.0,-0.01,0.01,-0.0
0.05,0.02,1.0,-0.02,0.01,-0.0
0.05,0.02,1.0,-0.01,-0.0,0.0
0.06,0.02,1.0,-0.02,0.0,-0.0
0.06,0.01,0.99,-0.03,0.01,0.0
0.05,0.02,1.0,-0.01,-0.0,0.0
0.05,0.02,1.0,-0.01,-0.0,0.0
0.05,0.02,1.0,-0.03,0.01,-0.0
0.05,0.02,1.0,-0.02,0.01,-0.0
0.05,0.02,0.99,-0.02,0.0,0.01
0.05,0.02,1.0,-0.02,0.0,-0.0
0.05,0.02,1.0,-0.02,0.01,0.0
0.06,0.02,1.0,-0.03,0.01,-0.0
0.05,0.02,1.0,-0.03,-0.0,0.0
0.05,0.02,1.0,-0.01,0.01,-0.01
0.05,0.02,1.0,-0.02,0.01,-0.01
0.05,0.01,1.01,-0.02,0.01,-0.0
0.05,0.01,1.0,-0.02,0.0,0.0
0.05,0.02,1.0,-0.01,0.0,0.0
0.05,0.02,1.0,-0.02,0.0,0.01
0.06,0.02,1.0,-0.03,0.01,-0.0
0.05,0.02,1.0,-0.03,0.01,-0.0
0.05,0.02,1.0,-0.02,0.0,-0.0
0.05,0.02,1.0,-0.02,0.01,-0.0
0.05,0.02,1.0,-0.02,0.01,-0.0
0.05,0.02,1.0,-0.02,-0.0,0.01
0.05,0.01,1.0,-0.01,0.0,-0.0
0.05,0.02,1.0,-0.03,0.0,0.0
0.05,0.02,1.0,-0.02,0.01,-0.0
0.06,0.02,1.0,-0.02,-0.0,-0.01
0.06,0.02,1.0,-0.01,0.0,-0.0
0.06,0.02,0.99,-0.01,-0.0,-0.0
0.06,0.02,1.0,-0.02,0.0,-0.0
0.05,0.02,1.01,-0.02,0.0,0.01
0.06,0.02,1.0,-0.01,0.01,-0.01
0.05,0.02,1.0,-0.02,0.01,0.0
0.05,0.02,0.99,-0.01,0.01,0.0
0.05,0.01,1.0,-0.01,-0.0,0.0
0.06,0.02,1.0,-0.02,0.0,-0.0
0.05,0.02,1.0,-0.01,0.0,0.0
0.05,0.02,1.0,-0.01,0.0,0.0
0.05,0.02,1.0,-0.03,0.01,0.0
0.05,0.01,1.0,-0.02,0.01,0.0
0.06,0.02,1.0,-0.01,0.01,0.0
0.05,0.01,1.0,-0.02,0.01,0.0
0.05,0.02,1.0,-0.03,0.0,0.0
0.05,0.02,1.0,-0.02,0.01,-0.01
0.05,0.02,1.0,-0.01,0.01,-0.0
0.06,0.01,0.99,-0.01,0.0,0.0
0.05,0.01,1.0,-0.03,-0.0,0.0
0.05,0.01,1.0,-0.02,0.0,0.0
0.06,0.01,1.0,-0.02,-0.01,0.01
0.06,0.01,1.0,-0.02,0.01,-0.01
0.05,0.02,1.0,-0.02,-0.0,0.0
0.05,0.02,1.0,-0.01,0.0,-0.0
0.05,0.02,1.0,-0.01,0.01,0.0
0.05,0.01,1.0,-0.01,0.0,-0.0
0.05,0.02,1.01,-0.01,-0.01,0.01
0.05,0.02,1.0,-0.01,0.01,-0.0
0.05,0.02,1.0,-0.01,0.0,0.0
0.05,0.02,1.0,-0.01,0.0,0.0
0.05,0.02,1.0,-0.02,0.01,-0.01
0.05,0.02,1.0,-0.02,0.0,0.0
0.05,0.02,1.0,-0.02,0.01,0.0
0.05,0.01,1.0,-0.03,0.01,-0.01
0.05,0.02,1.0,-0.02,-0.0,0.01
0.06,0.02,0.99,-0.02,0.0,0.01
0.05,0.02,1.0,-0.02,-0.0,0.01
0.05,0.02,1.0,-0.02,0.01,0.0
0.05,0.02,1.01,-0.03,0.0,0.0
0.06,0.02,1.0,-0.01,0.0,-0.0
0.06,0.02,1.01,-0.02,-0.0,0.0
0.05,0.02,1.0,-0.02,-0.0,-0.0
0.05,0.02,1.0,-0.01,-0.0,0.01
0.05,0.02,1.01,-0.02,0.0,0.0
0.05,0.01,1.0,-0.02,-0.0,0.0
0.05,0.02,1.0,-0.02,0.01,-0.0
0.05,0.01,1.0,-0.02,-0.0,-0.0
0.05,0.02,1.0,-0.01,0.01,-0.0
0.05,0.02,1.0,-0.01,0.01,-0.0
0.05,0.02,1.0,-0.01,0.0,0.01
0.05,0.02,1.0,-0.03,0.02,0.0
0.05,0.02,1.0,-0.01,0.0,0.0
0.05,0.02,1.0,-0.01,-0.0,0.0
0.05,0.02,1.0,-0.02,0.01,-0.0
0.05,0.01,1.0,-0.02,-0.0,0.01
0.05,0.01,1.0,-0.02,0.0,-0.01
0.05,0.02,1.0,-0.01,0.0,-0.0
0.05,0.02,1.0,-0.02,-0.0,-0.0
0.05,0.02,1.0,-0.02,-0.0,0.0
0.06,0.01,1.0,-0.02,0.01,-0.01
0.05,0.02,1.0,-0.02,-0.01,0.01
0.05,0.01,1.0,-0.02,0.01,-0.0
0.05,0.02,1.0,-0.02,0.0,0.0
0.05,0.02,1.0,-0.02,0.0,-0.0
0.05,0.02,1.0,-0.02,0.01,-0.0
0.05,0.02,1.0,-0.01,0.0,0.0
0.05,0.02,1.0,-0.02,-0.0,0.01
0.05,0.02,0.99,-0.02,0.0,0.0
0.05,0.02,1.0,-0.02,0.01,0.01
0.05,0.02,1.0,-0.02,0.02,-0.0
0.05,0.02,1.0,-0.03,0.01,-0.0
0.05,0.02,1.0,-0.02,0.01,-0.01
0.05,0.02,1.0,-0.02,0.01,0.0
0.06,0.01,1.0,-0.02,0.01,0.01
0.05,0.02,0.99,-0.03,-0.0,0.01
0.06,0.02,1.0,-0.02,0.01,-0.01
0.05,0.02,1.0,-0.03,0.0,-0.0
0.05,0.02,1.0,-0.02,0.01,-0.0
0.05,0.02,1.0,-0.03,-0.0,0.0
0.06,0.01,1.0,-0.03,0.01,-0.01
0.06,0.01,0.99,-0.02,-0.01,-0.0
0.05,0.02,1.0,-0.03,0.0,-0.01
0.05,0.02,1.0,-0.02,-0.0,0.0
0.05,0.02,1.0,-0.02,0.01,-0.0
0.04,0.01,1.0,-0.03,0.01,0.0
0.06,0.01,1.0,-0.04,0.02,-0.02
0.05,0.02,1.0,-0.03,-0.01,0.01
0.05,0.01,1.0,-0.01,-0.0,-0.0
0.05,0.02,0.99,-0.02,0.01,-0.01
0.05,0.02,1.0,-0.02,0.0,-0.0
0.05,0.01,1.0,-0.02,0.01,-0.01
0.05,0.02,0.99,-0.01,0.0,-0.0
0.06,0.01,0.99,-0.02,0.01,-0.0
0.06,0.02,1.0,-0.02,0.01,-0.01
0.06,0.02,1.0,-0.02,-0.0,0.0
0.06,0.02,1.01,-0.03,0.01,-0.0
0.05,0.02,1.0,-0.03,0.01,-0.0
0.06,0.02,1.0,-0.01,0.0,0.0
0.05,0.02,1.0,-0.02,-0.0,-0.0
0.06,0.02,1.0,-0.02,0.01,-0.0
0.05,0.02,0.99,-0.02,-0.01,0.01
0.05,0.02,1.0,-0.03,0.01,0.01
0.05,0.02,1.0,-0.02,-0.0,0.0
0.06,0.01,1.0,-0.03,0.0,0.0
0.06,0.02,1.0,-0.02,0.0,-0.0
0.05,0.02,1.0,-0.01,0.0,-0.0
0.05,0.02,1.0,-0.02,-0.0,0.0
0.05,0.02,1.0,-0.02,0.01,-0.0
0.05,0.02,1.0,-0.01,-0.01,0.0
0.05,0.02,1.0,-0.02,0.02,-0.0
0.06,0.02,1.0,-0.02,0.01,-0.01
0.05,0.02,0.99,-0.02,0.01,-0.0
0.06,0.02,1.0,-0.02,0.01,0.0
0.05,0.02,1.0,-0.03,0.01,-0.01
0.06,0.02,1.0,-0.02,0.0,0.01
0.05,0.01,1.0,-0.02,0.0,0.01
0.05,0.02,1.0,-0.02,0.0,-0.0
0.05,0.02,1.0,-0.01,0.0,0.0
0.05,0.02,1.0,-0.01,-0.0,0.0
0.05,0.01,1.0,-0.01,0.01,0.01
0.05,0.02,0.99,-0.02,0.01,-0.0
0.05,0.02,1.0,-0.01,0.0,-0.01
0.06,0.02,1.0,-0.02,-0.0,0.0
0.05,0.02,1.0,-0.02,0.01,-0.01
0.05,0.02,1.0,-0.02,0.0,0.0
0.06,0.01,1.0,-0.02,0.01,0.0
0.05,0.01,1.0,-0.01,0.0,-0.0
0.04,0.02,1.0,-0.02,0.01,-0.0
0.05,0.01,1.0,-0.02,0.01,0.0
0.06,0.02,1.0,-0.02,0.01,-0.01
0.06,0.02,1.0,-0.03,0.01,0.0
0.05,0.02,1.0,-0.03,0.01,-0.01
0.05,0.02,1.0,-0.02,0.01,0.0
0.06,0.02,1.01,-0.02,0.01,-0.0
0.05,0.02,1.0,-0.02,-0.0,0.0
0.05,0.02,1.0,-0.02,-0.0,-0.0
0.06,0.02,1.0,-0.02,0.0,-0.01
0.06,0.01,0.99,-0.01,-0.0,-0.0
0.05,0.01,1.01,-0.01,-0.0,0.0
0.06,0.02,1.0,-0.02,0.0,-0.0
0.05,0.02,1.0,-0.01,-0.0,0.0
0.05,0.02,1.0,-0.02,0.01,-0.01
0.05,0.02,1.0,-0.01,0.0,-0.0
0.06,0.02,1.0,-0.03,0.0,0.0
0.06,0.02,1.0,-0.02,0.01,0.01
0.06,0.02,1.0,-0.04,0.01,-0.01
0.05,0.02,1.0,-0.03,-0.01,0.0
0.06,0.02,1.0,-0.02,0.01,0.0
0.05,0.02,1.0,-0.02,-0.0,-0.0
0.05,0.02,1.0,-0.02,0.01,-0.01
0.06,0.02,1.0,-0.01,0.0,0.0
0.05,0.02,1.0,-0.02,0.02,0.0
0.06,0.02,1.0,-0.02,0.01,-0.01
0.05,0.02,1.0,-0.03,0.01,0.0
0.06,0.02,1.0,-0.01,-0.0,0.0
0.06,0.02,1.0,-0.03,0.01,-0.01
0.05,0.02,1.0,-0.02,0.0,0.01
0.05,0.02,1.0,-0.03,0.01,0.01
0.05,0.01,1.0,-0.03,-0.0,0.0
0.05,0.02,1.01,-0.02,0.01,-0.0
0.06,0.02,1.0,-0.02,-0.01,-0.0
0.05,0.01,1.0,-0.02,0.01,-0.01
0.06,0.02,1.0,-0.02,-0.0,0.0
0.05,0.02,1.0,-0.02,0.01,-0.0
0.06,0.01,0.99,-0.01,0.0,0.0
0.05,0.02,1.0,-0.02,0.01,0.01
0.06,0.02,1.0,-0.03,-0.0,0.01
0.05,0.02,1.0,-0.03,0.0,-0.0
0.06,0.03,1.0,-0.02,0.0,0.0
0.05,0.02,0.99,-0.02,-0.0,0.0
0.05,0.02,1.0,-0.02,0.01,-0.0
0.06,0.02,0.99,-0.01,-0.0,-0.0
0.06,0.01,1.01,-0.02,0.0,0.0
0.05,0.02,1.0,-0.02,0.01,0.01
0.06,0.01,0.99,-0.01,0.0,0.0
0.05,0.02,1.0,-0.01,0.0,0.0
0.06,0.02,1.0,-0.02,0.01,-0.0
0.05,0.02,1.01,-0.03,-0.0,0.0
0.05,0.02,1.0,-0.02,-0.0,-0.0
0.06,0.02,1.0,-0.02,0.01,-0.0
0.06,0.02,1.0,-0.02,0.01,-0.01
0.06,0.01,0.99,-0.02,0.0,0.0
0.05,0.02,1.0,-0.02,0.0,0.0
0.06,0.02,1.0,-0.01,-0.0,-0.0
0.05,0.01,0.99,-0.02,0.0,-0.01
0.06,0.01,1.01,-0.02,-0.0,0.0
0.06,0.02,1.0,-0.02,-0.0,0.01
0.06,0.02,1.0,-0.02,0.01,0.0
0.05,0.02,1.01,-0.03,0.0,0.01
0.06,0.01,1.0,-0.02,0.01,0.01
0.06,0.02,1.0,-0.04,0.01,0.01
0.05,0.02,1.0,-0.03,0.0,0.01
0.05,0.02,1.0,-0.03,0.01,-0.0
0.06,0.02,1.0,-0.03,0.0,0.0
0.05,0.02,1.0,-0.02,-0.0,-0.0
0.05,0.02,1.0,-0.02,0.01,-0.0
0.06,0.02,1.0,-0.02,0.0,0.0
0.05,0.01,1.0,-0.02,-0.0,0.0
0.06,0.01,1.0,-0.02,0.01,-0.0
0.05,0.02,1.0,-0.01,0.0,-0.0
0.06,0.02,1.0,-0.01,0.0,-0.01
0.05,0.01,1.0,-0.02,0.0,-0.0
0.06,0.02,1.0,-0.01,0.01,0.0
0.05,0.02,1.0,-0.02,0.01,-0.0
0.06,0.02,1.0,-0.02,0.01,0.0
0.05,0.02,1.0,-0.03,-0.0,0.0
0.06,0.02,1.0,-0.01,0.0,0.0
0.05,0.02,1.0,-0.03,0.01,-0.0
0.06,0.02,1.0,-0.02,0.01,0.0
0.05,0.01,1.0,-0.02,-0.0,0.0
0.06,0.02,1.0,-0.03,0.01,-0.0
0.05,0.02,0.99,-0.01,0.01,0.0
0.05,0.02,1.0,-0.01,0.0,-0.0
0.06,0.01,1.0,-0.02,-0.0,0.0
0.06,0.01,1.0,-0.02,-0.0,-0.0
0.06,0.02,0.99,-0.01,-0.0,0.0
0.05,0.01,1.01,-0.03,0.01,0.0
0.06,0.02,1.01,-0.02,0.0,0.0
0.06,0.02,0.99,-0.02,0.01,-0.0
0.05,0.02,1.0,-0.02,0.01,-0.01
0.05,0.02,1.0,-0.01,-0.01,0.0
0.05,0.01,1.0,-0.01,0.0,-0.0
0.06,0.02,1.01,-0.02,0.0,-0.0
0.05,0.02,0.99,-0.02,0.01,-0.0
0.05,0.03,1.0,-0.01,0.01,-0.0
0.05,0.02,1.0,-0.01,-0.0,-0.0
0.05,0.02,1.0,-0.01,-0.0,-0.01
0.05,0.02,1.0,-0.02,0.01,-0.0
0.05,0.02,1.0,-0.01,-0.0,0.0
0.06,0.02,1.0,-0.02,0.0,0.01
0.06,0.02,1.0,-0.02,0.0,0.0
0.05,0.02,1.0,-0.03,-0.0,0.01
0.05,0.01,1.0,-0.02,0.01,-0.01
0.05,0.02,1.0,-0.03,-0.0,0.01
0.06,0.02,1.0,-0.02,0.01,-0.01
0.05,0.02,0.99,-0.03,0.01,0.01
0.06,0.01,1.0,-0.03,0.01,0.0
0.05,0.01,1.0,-0.03,0.0,0.0
0.05,0.02,1.0,-0.02,0.01,-0.0
0.06,0.02,1.0,-0.02,0.01,0.0
0.05,0.02,1.0,-0.02,0.01,-0.01
0.05,0.02,1.0,-0.01,0.0,-0.0
0.05,0.02,1.0,-0.01,-0.0,-0.0
0.05,0.02,1.0,-0.02,0.01,-0.0
0.05,0.02,1.0,-0.02,0.0,-0.0
0.05,0.01,1.0,-0.02,-0.0,-0.0
0.05,0.01,1.0,-0.03,0.01,0.0
0.05,0.02,1.0,-0.01,0.0,0.0
0.06,0.01,1.0,-0.02,0.01,-0.0
0.05,0.02,1.0,-0.02,0.0,0.0
0.05,0.02,1.0,-0.01,0.0,-0.0
0.05,0.02,1.0,-0.01,0.0,0.0
0.06,0.02,1.0,-0.01,-0.0,-0.01
0.05,0.02,1.0,-0.02,-0.0,0.01
0.06,0.02,1.0,-0.02,0.01,-0.0
0.05,0.02,1.0,-0.02,0.0,-0.01
0.06,0.01,1.0,-0.02,0.01,0.0
0.06,0.01,0.99,-0.02,-0.0,0.0
0.05,0.02,1.0,-0.01,0.01,-0.01
0.06,0.02,1.0,-0.01,0.01,-0.01
0.05,0.01,1.0,-0.02,0.0,-0.0
0.05,0.02,1.0,-0.02,0.01,-0.0
0.05,0.03,1.0,-0.02,0.01,-0.0
0.05,0.02,0.99,-0.02,0.0,-0.0
0.05,0.02,1.0,-0.0,0.0,-0.0
0.05,0.02,0.99,-0.02,-0.0,0.0
0.05,0.02,0.99,-0.02,0.01,-0.01
0.05,0.01,0.99,-0.02,0.01,-0.01
0.06,0.02,1.0,-0.02,-0.0,-0.0
0.05,0.02,1.0,-0.03,-0.01,0.0
0.06,0.02,1.0,-0.03,0.0,0.0
0.06,0.02,1.0,-0.02,0.01,0.0
0.06,0.02,1.0,-0.03,0.02,-0.01
0.05,0.02,0.99,-0.02,0.0,0.0
0.05,0.02,1.0,-0.02,0.0,-0.01
0.05,0.02,1.0,-0.02,0.01,-0.0
0.05,0.02,1.0,-0.01,0.01,-0.0
0.05,0.02,1.0,-0.02,-0.01,0.01
0.05,0.02,1.0,-0.02,0.0,0.0
0.05,0.02,1.0,-0.02,0.01,-0.0
0.05,0.02,1.0,-0.01,0.01,0.0
0.05,0.02,1.01,-0.02,0.0,0.01
0.05,0.02,1.0,-0.03,0.0,0.0
0.05,0.02,1.0,-0.02,0.01,-0.01
0.06,0.02,1.0,-0.01,0.0,-0.0
0.05,0.02,0.99,-0.01,-0.0,-0.0
0.06,0.02,1.0,-0.01,0.0,0.0
0.05,0.02,1.0,-0.03,0.01,-0.0
0.05,0.02,1.0,-0.02,0.01,0.0
0.05,0.02,1.0,-0.01,-0.0,-0.0
0.06,0.02,1.0,-0.02,0.0,0.0
0.05,0.02,1.0,-0.01,-0.0,0.0
0.05,0.02,1.0,-0.01,0.0,-0.0
0.05,0.02,1.0,-0.02,-0.0,0.0
0.05,0.02,1.0,-0.02,0.01,-0.01
0.06,0.02,1.01,-0.02,0.0,0.0
0.05,0.02,1.0,-0.03,0.02,0.0
0.06,0.02,1.0,-0.03,0.0,0.0
0.05,0.02,1.0,-0.03,0.01,-0.0
0.05,0.02,1.0,-0.02,0.01,-0.01
0.05,0.02,1.0,-0.02,0.0,-0.01
0.05,0.02,0.99,-0.02,0.01,-0.01
0.06,0.01,1.0,-0.02,0.01,-0.01
0.05,0.01,1.0,-0.02,0.0,-0.0
0.05,0.01,0.98,-0.02,0.01,-0.0
0.04,0.02,1.01,-0.02,-0.0,0.0
0.06,0.01,1.0,-0.02,0.0,0.0
0.06,0.02,1.0,-0.02,0.01,-0.0
0.05,0.02,1.0,-0.02,0.01,-0.0
0.06,0.02,1.0,-0.02,-0.01,0.0
0.06,0.02,0.99,-0.02,0.0,0.0
0.05,0.02,1.0,-0.03,0.0,0.0
0.05,0.02,1.0,-0.02,0.01,0.0
0.05,0.01,1.0,-0.02,0.0,0.0
0.05,0.01,1.0,-0.02,0.01,-0.01
0.05,0.01,1.0,-0.02,0.0,0.0
0.06,0.02,1.0,-0.02,0.01,-0.0
0.05,0.02,1.0,-0.02,0.0,-0.0
0.06,0.01,1.0,-0.02,0.01,0.0
0.06,0.02,1.0,-0.02,0.0,0.0
0.05,0.02,1.0,-0.02,0.01,0.0
0.05,0.02,1.0,-0.02,0.0,0.01
0.05,0.02,0.99,-0.02,0.0,-0.0
0.05,0.02,1.0,-0.02,0.0,-0.01
0.05,0.02,1.0,-0.02,0.01,0.0
0.06,0.02,1.0,-0.02,-0.0,0.01
0.05,0.01,1.0,-0.03,0.0,-0.0
0.05,0.01,0.99,-0.02,0.01,0.0
0.05,0.02,0.99,-0.03,0.02,-0.0
0.06,0.02,1.0,-0.01,0.0,-0.0
0.06,0.02,1.01,-0.02,0.0,-0.0
0.05,0.02,1.0,-0.03,-0.0,-0.0
0.06,0.02,1.0,-0.02,0.0,-0.0
0.06,0.02,1.0,-0.02,0.0,0.0
0.06,0.02,1.01,-0.02,0.01,-0.01
0.05,0.02,1.0,-0.03,0.0,0.0
0.05,0.02,1.0,-0.03,0.01,-0.01
0.05,0.02,0.99,-0.02,-0.0,0.0
0.05,0.01,1.0,-0.02,-0.0,0.01
0.05,0.02,0.99,-0.03,0.01,-0.01
0.05,0.02,0.99,-0.02,0.01,-0.01
0.05,0.01,1.0,-0.02,0.01,-0.01
0.05,0.02,1.0,-0.01,0.01,-0.0
0.06,0.02,0.99,-0.01,0.0,0.0
0.06,0.02,1.0,-0.02,0.0,0.01
0.05,0.02,1.0,-0.03,0.0,-0.0
0.05,0.02,1.0,-0.03,0.01,-0.01
0.06,0.02,1.0,-0.02,0.0,-0.0
0.05,0.02,1.0,-0.03,-0.0,0.0
0.05,0.02,1.0,-0.02,-0.0,0.0
0.05,0.02,1.0,-0.01,0.0,0.01
0.04,0.02,1.01,-0.02,-0.0,0.01
0.06,0.01,1.0,-0.03,0.01,0.0
0.06,0.02,1.0,-0.01,-0.0,0.01
0.05,0.02,0.99,-0.03,0.0,-0.0
0.06,0.01,1.0,-0.01,0.01,-0.0
0.06,0.02,1.0,-0.01,0.0,-0.0
0.05,0.01,1.01,-0.02,0.0,-0.0
0.05,0.02,1.0,-0.02,0.01,-0.0
0.05,0.02,1.0,-0.01,-0.0,0.0
0.05,0.02,0.99,-0.02,0.01,0.0
0.05,0.01,0.99,-0.02,0.0,0.0
0.05,0.01,1.01,-0.02,-0.0,0.01
0.05,0.01,1.0,-0.03,0.01,-0.0
0.05,0.02,1.0,-0.02,0.0,0.01
0.06,0.02,1.0,-0.02,-0.0,0.0
0.05,0.02,1.0,-0.03,0.01,-0.0
0.05,0.02,1.0,-0.02,0.0,0.01
0.05,0.02,1.0,-0.02,0.01,-0.0
0.06,0.02,1.0,-0.01,0.0,-0.0
0.05,0.02,1.0,-0.02,-0.0,0.0
0.05,0.02,1.0,-0.01,-0.0,0.0
0.06,0.02,1.0,-0.01,-0.0,-0.0
0.06,0.02,0.99,-0.02,-0.0,-0.0
0.06,0.02,1.0,-0.03,0.01,-0.0
0.06,0.01,1.0,-0.02,0.01,0.01
0.05,0.02,1.0,-0.02,0.02,-0.0
0.06,0.02,1.0,-0.01,0.0,0.0
0.06,0.01,1.0,-0.02,0.0,0.01
0.05,0.02,1.0,-0.02,0.01,-0.0
0.05,0.02,1.0,-0.01,0.0,-0.01
0.06,0.02,1.0,-0.01,0.0,-0.01
0.06,0.02,0.99,-0.02,0.01,0.0
0.05,0.01,0.99,-0.02,0.0,0.01
0.05,0.02,1.0,-0.03,0.01,0.0
0.06,0.02,1.0,-0.02,-0.0,0.01
0.05,0.02,1.0,-0.02,0.01,0.0
0.05,0.02,1.0,-0.02,0.01,-0.0
0.05,0.01,1.0,-0.02,0.01,-0.01
0.06,0.02,1.01,-0.02,0.0,0.0
0.06,0.02,0.99,-0.02,-0.01,0.0
0.06,0.02,0.99,-0.02,-0.0,0.01
0.05,0.02,1.0,-0.03,0.01,0.0
0.06,0.02,1.0,-0.01,0.0,0.01
0.06,0.02,0.99,-0.02,0.0,-0.01
0.05,0.01,1.0,-0.02,0.01,0.0
0.05,0.02,1.0,-0.02,-0.01,0.0
0.05,0.02,1.0,-0.02,0.0,0.0
0.05,0.02,1.0,-0.02,0.01,0.0
0.05,0.02,1.0,-0.02,0.0,0.0
0.06,0.02,1.0,-0.02,0.01,0.01
0.05,0.01,1.0,-0.03,0.01,-0.0
0.05,0.02,1.0,-0.02,0.0,-0.0
0.06,0.02,1.0,-0.01,0.0,-0.01
0.05,0.02,1.0,-0.02,0.0,-0.0
0.06,0.02,1.0,-0.02,0.0,0.0
0.06,0.02,1.0,-0.03,-0.0,-0.0
0.05,0.01,0.99,-0.02,0.0,0.0
0.05,0.02,1.0,-0.02,-0.0,0.0
0.06,0.02,1.0,-0.01,0.0,-0.01
0.06,0.02,1.0,-0.01,-0.01,0.01
0.05,0.02,1.0,-0.02,0.0,-0.0
0.06,0.02,1.0,-0.02,-0.0,0.0
0.06,0.02,1.0,-0.01,0.0,0.0
0.05,0.02,1.01,-0.02,0.01,-0.0
0.06,0.02,1.0,-0.02,0.01,0.01
0.06,0.02,1.0,-0.03,0.01,0.0
0.06,0.02,1.0,-0.02,0.01,0.0
0.05,0.02,1.0,-0.01,0.0,0.0
0.06,0.02,1.0,-0.02,0.01,0.01
0.06,0.02,1.0,-0.03,0.01,0.0
0.05,0.02,1.0,-0.02,0.01,-0.0
0.05,0.02,0.99,-0.02,0.0,-0.0
0.05,0.02,0.99,-0.01,0.0,0.0
0.05,0.02,1.0,-0.02,0.0,0.01
0.05,0.02,1.0,-0.01,0.01,-0.0
0.05,0.02,1.0,-0.02,0.01,0.0
0.05,0.02,1.0,-0.02,0.01,0.0
0.06,0.02,1.0,-0.01,0.0,-0.0
0.05,0.02,1.0,-0.02,0.0,-0.0
0.06,0.02,1.0,-0.02,-0.0,-0.0
0.06,0.02,1.01,-0.02,-0.0,-0.0
0.05,0.02,1.0,-0.02,0.0,0.0
0.06,0.02,1.0,-0.02,0.01,-0.0
0.05,0.02,1.0,-0.01,0.0,0.0
0.06,0.02,1.0,-0.02,0.01,0.0
0.05,0.01,1.0,-0.03,-0.0,0.0
0.06,0.02,1.0,-0.02,0.01,-0.0
0.05,0.02,1.0,-0.03,0.01,-0.0
0.05,0.02,1.0,-0.01,0.0,-0.01
0.05,0.02,1.0,-0.02,0.01,-0.0
0.06,0.01,1.0,-0.02,0.0,0.0
0.06,0.02,1.0,-0.02,0.01,0.0
0.05,0.02,1.0,-0.02,0.01,-0.0
0.05,0.02,1.0,-0.02,-0.0,0.01
0.05,0.02,1.0,-0.02,0.01,-0.01
0.06,0.01,1.0,-0.01,0.01,-0.01
0.06,0.01,1.0,-0.01,0.0,-0.0
0.05,0.02,1.0,-0.02,-0.0,0.01
0.05,0.02,1.0,-0.02,0.01,-0.0
0.05,0.02,1.0,-0.01,-0.01,0.01
0.05,0.02,1.0,-0.02,0.0,-0.0
0.06,0.02,1.0,-0.01,-0.0,-0.0
0.06,0.02,1.0,-0.03,0.01,-0.0
0.06,0.02,1.01,-0.02,0.01,0.0
0.06,0.02,1.0,-0.02,0.01,-0.01
0.06,0.01,1.0,-0.02,-0.0,0.0
0.06,0.02,0.99,-0.02,0.01,0.0
0.06,0.01,1.0,-0.01,0.0,0.0
0.06,0.01,1.0,-0.02,0.0,-0.0
0.06,0.02,1.0,-0.02,0.01,0.0
0.06,0.02,1.0,-0.02,0.01,0.0
0.06,0.02,1.0,-0.03,0.01,-0.0
0.05,0.02,1.0,-0.02,0.01,-0.0
0.05,0.02,1.0,-0.02,-0.0,0.0
0.05,0.02,1.0,-0.02,0.01,0.0
0.05,0.01,1.0,-0.02,-0.0,0.0
0.06,0.02,1.0,-0.01,0.01,-0.0
0.05,0.02,1.0,-0.02,-0.0,0.0
0.05,0.01,1.0,-0.03,0.01,-0.01
0.05,0.02,1.0,-0.02,-0.01,0.0
0.05,0.01,1.0,-0.01,0.0,-0.02
0.05,0.01,1.0,-0.02,-0.0,0.0
0.06,0.02,1.0,-0.02,0.01,-0.01
0.06,0.02,1.0,-0.02,0.01,0.0
0.05,0.02,1.0,-0.03,0.01,-0.0
0.05,0.02,1.0,-0.02,-0.0,-0.0
0.06,0.02,0.99,-0.01,0.01,-0.01
0.06,0.02,1.0,-0.02,0.01,-0.01
0.06,0.02,0.99,-0.01,0.0,-0.0
0.05,0.01,1.01,-0.02,0.0,0.0
0.05,0.01,1.0,-0.02,0.0,0.0
0.05,0.01,1.0,-0.02,0.0,0.01
0.06,0.02,1.0,-0.02,0.01,0.0
0.07,0.02,1.0,-0.02,0.0,0.0
0.06,0.02,1.0,-0.01,0.0,-0.0
0.04,0.02,0.99,-0.02,0.01,0.0
0.05,0.01,1.0,-0.02,0.01,-0.0
0.04,0.01,1.0,-0.02,-0.0,0.0
0.05,0.02,1.0,-0.02,0.02,-0.01
0.05,0.01,1.0,-0.02,-0.01,0.01
0.05,0.01,0.99,-0.02,0.01,0.0
0.06,0.02,0.99,-0.02,-0.0,0.01
0.05,0.02,1.0,-0.02,-0.0,0.0
0.06,0.01,1.0,-0.03,0.01,-0.0
0.06,0.02,1.0,-0.01,0.0,0.0
0.06,0.02,1.0,-0.02,-0.0,0.0
0.06,0.02,1.0,-0.03,0.01,-0.0
0.05,0.02,1.0,-0.02,0.01,0.0
0.06,0.02,1.0,-0.02,0.02,-0.01
0.05,0.02,1.0,-0.03,0.01,0.01
0.05,0.02,1.0,-0.02,0.01,-0.0
0.05,0.02,1.0,-0.02,0.01,-0.0
0.05,0.01,1.0,-0.01,0.0,0.0
0.05,0.01,1.0,-0.02,-0.0,0.0
0.05,0.02,1.0,-0.02,0.01,-0.0
0.05,0.01,1.01,-0.01,-0.0,0.0
0.06,0.01,0.99,-0.03,0.01,-0.0
0.06,0.02,1.0,-0.02,0.0,0.0
0.06,0.02,1.0,-0.03,0.01,-0.01
0.05,0.02,1.0,-0.01,-0.0,-0.01
0.06,0.02,1.0,-0.02,0.0,-0.0
0.05,0.02,1.0,-0.02,-0.0,0.0
0.06,0.02,1.0,-0.01,0.01,0.0
0.06,0.01,1.0,-0.01,0.0,0.0
0.05,0.02,1.0,-0.01,0.01,0.0
0.06,0.02,1.0,-0.01,0.0,-0.01
0.05,0.02,1.0,-0.02,0.01,-0.01
0.05,0.02,1.0,-0.02,0.01,0.0
0.05,0.01,1.0,-0.01,0.0,0.0
0.05,0.02,1.0,-0.03,0.01,0.0
0.05,0.02,1.0,-0.03,0.01,0.0
0.05,0.02,1.0,-0.01,0.0,-0.0
0.05,0.02,0.99,-0.01,0.01,0.0
0.05,0.02,1.0,-0.02,-0.0,0.0
0.05,0.01,0.99,-0.02,0.0,0.0
0.05,0.01,1.0,-0.02,0.01,-0.0
0.05,0.02,0.99,-0.02,0.0,-0.0
0.05,0.02,0.99,-0.0,0.0,-0.0
0.05,0.01,1.0,-0.02,0.02,-0.0
0.05,0.02,1.0,-0.02,-0.01,0.01
0.06,0.02,0.99,-0.02,-0.0,0.0
0.06,0.02,1.01,-0.02,0.0,0.0
0.06,0.02,1.01,-0.03,0.01,-0.0
0.05,0.02,1.0,-0.03,0.01,-0.0
0.05,0.02,1.0,-0.02,0.01,-0.0
0.05,0.02,1.0,-0.02,-0.0,0.01
0.06,0.02,1.0,-0.02,0.0,-0.0
0.05,0.02,1.0,-0.03,0.01,0.0
0.05,0.01,1.0,-0.01,0.01,0.0
0.06,0.01,0.99,-0.02,0.0,0.01
0.05,0.02,0.99,-0.02,0.01,-0.0
0.06,0.02,1.0,-0.02,0.01,-0.0
0.06,0.02,0.99,-0.02,0.0,0.0
0.05,0.02,1.0,-0.02,-0.0,0.0
0.05,0.01,1.0,-0.02,0.0,0.0
0.05,0.02,1.0,-0.01,0.0,0.0
0.05,0.02,1.0,-0.03,0.01,-0.01
0.05,0.02,1.0,-0.02,-0.0,0.0
0.06,0.02,1.0,-0.02,0.01,0.0
0.06,0.02,1.0,-0.02,0.0,-0.0
0.05,0.02,1.0,-0.03,0.01,-0.0
0.06,0.02,1.0,-0.01,-0.0,0.0
0.05,0.02,1.0,-0.02,0.0,-0.0
0.06,0.02,1.0,-0.03,0.0,0.0
0.06,0.02,1.0,-0.02,0.0,0.01
0.06,0.02,1.0,-0.02,0.0,0.0
0.06,0.03,1.0,-0.02,0.01,-0.0
0.06,0.02,1.0,-0.02,0.0,-0.01
0.05,0.01,1.0,-0.01,-0.0,-0.0
0.05,0.02,1.0,-0.02,0.01,-0.0
0.06,0.02,1.0,-0.01,0.0,-0.0
0.06,0.02,1.0,-0.02,0.0,-0.0
0.05,0.01,1.01,-0.02,0.01,-0.0
0.05,0.01,1.0,-0.02,0.0,0.0
0.05,0.02,1.0,-0.02,0.0,-0.0
0.06,0.02,1.0,-0.01,0.0,-0.0
0.06,0.02,0.99,-0.01,0.0,-0.01
0.06,0.02,1.0,-0.02,-0.0,0.0
0.05,0.02,1.0,-0.01,0.01,-0.0
0.05,0.01,1.0,-0.02,0.01,-0.0
0.05,0.02,0.99,-0.02,0.01,-0.01
0.05,0.02,1.0,-0.02,-0.0,0.0
0.05,0.01,1.0,-0.02,0.01,-0.0
0.06,0.02,1.0,-0.02,0.0,-0.0
0.06,0.01,0.99,-0.03,0.0,-0.01
0.06,0.01,1.0,-0.02,0.0,-0.0
0.06,0.02,1.0,-0.02,0.0,0.0
0.06,0.02,1.0,-0.02,0.01,0.0
0.05,0.02,1.0,-0.02,-0.0,0.0
0.06,0.02,1.0,-0.01,0.0,0.01
0.05,0.02,1.0,-0.03,0.01,0.0
0.06,0.02,1.0,-0.02,0.0,-0.0
0.05,0.02,1.0,-0.02,0.01,0.0
0.05,0.02,1.0,-0.01,-0.0,-0.0
0.06,0.02,1.0,-0.02,0.01,-0.0
0.06,0.02,1.0,-0.01,0.0,0.0
0.06,0.02,1.0,-0.01,0.01,0.0
0.05,0.02,1.0,-0.02,-0.0,0.0
0.05,0.02,1.0,-0.02,0.0,-0.0
0.06,0.02,1.0,-0.01,0.0,0.0
0.06,0.02,1.0,-0.02,0.01,-0.0
0.06,0.02,1.0,-0.02,-0.01,0.01
0.05,0.02,1.0,-0.03,0.01,0.0
0.06,0.02,0.99,-0.02,0.0,0.01
0.05,0.01,1.0,-0.02,0.01,0.0
0.05,0.02,1.0,-0.02,0.0,0.0
0.05,0.02,1.0,-0.02,0.0,-0.0
0.05,0.02,1.0,-0.02,0.01,-0.0
0.05,0.02,1.0,-0.02,0.0,-0.0
0.05,0.02,1.0,-0.02,0.0,0.01
0.05,0.02,1.0,-0.03,0.0,-0.0
0.06,0.01,1.0,-0.01,0.0,0.0
0.05,0.02,1.0,-0.02,0.0,0.0
0.06,0.02,1.0,-0.02,-0.0,-0.0
0.05,0.02,1.0,-0.02,0.01,0.0
0.05,0.01,1.0,-0.02,0.0,0.0
0.05,0.02,1.0,-0.01,0.0,-0.0
0.05,0.02,1.0,-0.01,0.0,0.0
0.05,0.01,1.0,-0.03,0.01,-0.0
0.05,0.02,1.0,-0.02,-0.0,0.0
0.05,0.02,1.0,-0.02,0.01,-0.0
0.06,0.02,1.0,-0.02,0.0,0.0
0.05,0.02,0.99,-0.02,0.01,0.0
0.06,0.02,1.0,-0.02,0.01,-0.0
0.06,0.03,0.99,-0.02,0.0,0.0
0.06,0.02,0.99,-0.02,-0.0,0.01
0.05,0.02,1.0,-0.02,0.01,-0.0
0.05,0.02,0.99,-0.01,0.0,-0.0
0.05,0.01,1.0,-0.02,-0.01,0.01
0.05,0.01,1.0,-0.02,0.0,0.01
0.05,0.02,1.0,-0.03,0.01,0.01
0.05,0.01,1.0,-0.03,0.01,-0.01
0.05,0.02,1.0,-0.02,0.0,-0.01
0.06,0.01,0.99,-0.01,0.0,-0.0
0.06,0.02,1.0,-0.02,0.01,-0.0
0.06,0.02,1.0,-0.02,0.01,-0.0
0.05,0.02,1.0,-0.03,0.0,0.01
0.06,0.02,0.99,-0.02,0.0,0.0
0.05,0.02,1.0,-0.03,0.01,-0.0
0.06,0.02,1.0,-0.01,0.01,0.0
0.06,0.01,1.0,-0.02,0.01,-0.0
0.06,0.02,1.0,-0.02,0.0,-0.0
0.06,0.02,1.0,-0.01,0.01,-0.0
0.06,0.02,0.99,-0.02,0.0,-0.01
0.05,0.02,0.99,-0.02,0.0,0.0
0.05,0.02,0.99,-0.01,0.01,-0.0
0.06,0.02,1.0,-0.02,0.0,-0.0
0.05,0.02,1.0,-0.02,0.01,-0.0
0.06,0.02,0.99,-0.01,0.0,-0.0
0.05,0.02,1.0,-0.03,0.0,-0.0
0.05,0.02,0.99,-0.02,-0.0,-0.0
0.05,0.02,1.0,-0.02,0.0,-0.0
0.05,0.02,0.99,-0.02,-0.0,0.0
0.06,0.02,1.01,-0.02,0.01,-0.0
0.06,0.01,1.0,-0.02,0.0,0.0
0.05,0.02,1.0,-0.01,0.0,0.0
0.06,0.01,0.99,-0.01,-0.0,-0.0
0.05,0.02,0.99,-0.0,-0.0,-0.01
0.05,0.01,1.01,-0.01,0.01,-0.0
0.06,0.02,1.0,-0.02,0.01,-0.0
0.05,0.02,1.0,-0.02,0.01,-0.0
0.05,0.02,0.99,-0.01,0.0,-0.0
0.05,0.02,1.0,-0.01,-0.0,0.0
0.05,0.02,1.0,-0.02,0.01,0.0
0.05,0.02,0.99,-0.02,-0.01,-0.0
0.05,0.02,1.01,-0.01,0.0,-0.01
0.05,0.02,1.0,-0.02,0.01,-0.0
0.05,0.02,1.0,-0.01,-0.0,-0.0
0.05,0.01,0.99,-0.02,-0.01,0.0
0.06,0.02,1.0,-0.03,0.0,0.01
0.06,0.02,1.0,-0.03,0.01,0.0
0.06,0.01,0.99,-0.03,0.01,-0.0
0.06,0.02,0.99,-0.02,-0.0,0.0
0.05,0.02,1.0,-0.03,0.0,-0.0
0.05,0.02,1.0,-0.02,0.0,-0.0
0.06,0.01,1.0,-0.01,0.0,-0.0
0.06,0.01,0.99,-0.02,-0.0,0.0
0.05,0.02,1.0,-0.02,-0.0,0.0
0.06,0.01,1.0,-0.02,0.0,0.01
0.05,0.02,1.0,-0.03,0.02,-0.0
0.05,0.02,1.0,-0.02,0.0,0.01
0.06,0.02,1.0,-0.01,-0.0,-0.0
0.05,0.01,0.99,-0.03,0.01,0.0
0.06,0.02,1.0,-0.01,0.0,0.0
0.05,0.02,1.0,-0.02,-0.0,0.01
0.06,0.02,1.0,-0.02,0.01,-0.0
0.05,0.01,1.0,-0.01,0.0,0.01
0.05,0.02,1.0,-0.02,0.01,-0.0
0.06,0.02,1.01,-0.02,-0.0,0.0
0.06,0.01,1.0,-0.03,-0.01,0.01
0.06,0.02,1.0,-0.03,-0.0,-0.0
0.06,0.02,0.99,-0.02,0.01,-0.0
0.05,0.02,1.0,-0.02,-0.0,0.0
0.05,0.02,1.0,-0.01,0.01,0.0
0.05,0.02,1.0,-0.02,0.0,0.0
0.05,0.01,0.99,-0.03,0.01,-0.0
0.05,0.02,1.0,-0.02,-0.0,0.0
0.05,0.02,1.0,-0.02,0.01,-0.01
0.06,0.02,1.0,-0.02,0.0,-0.01
0.05,0.02,0.99,-0.02,0.0,-0.01
0.05,0.02,1.0,-0.02,0.01,-0.0
0.05,0.02,1.0,-0.01,0.01,0.0
0.06,0.02,0.99,-0.02,0.0,-0.0
0.05,0.02,1.0,-0.02,0.01,0.0
0.05,0.01,1.0,-0.01,-0.0,0.0
0.06,0.02,1.0,-0.02,0.01,-0.01
0.05,0.02,1.0,-0.02,0.01,-0.0
0.05,0.01,1.0,-0.02,0.0,-0.0
0.06,0.02,1.0,-0.01,-0.0,0.01
0.05,0.02,1.0,-0.02,0.0,0.01
0.05,0.02,1.01,-0.03,0.0,0.01
0.06,0.01,0.99,-0.03,0.02,-0.0
0.05,0.01,1.0,-0.02,0.0,0.01
0.05,0.01,1.0,-0.03,-0.0,-0.0
0.06,0.02,1.01,-0.02,0.01,-0.0
0.05,0.01,1.0,-0.02,0.01,0.0
0.06,0.02,0.99,-0.02,-0.0,0.01
0.06,0.02,1.0,-0.03,0.01,-0.0
0.05,0.02,1.0,-0.02,0.01,0.0
0.05,0.02,0.99,-0.01,0.01,0.0
0.06,0.02,0.99,-0.01,-0.0,0.0
0.05,0.02,1.0,-0.02,-0.0,0.0
0.05,0.02,1.0,-0.02,0.01,-0.0
0.05,0.02,1.0,-0.02,-0.0,0.0
0.05,0.02,1.0,-0.02,-0.0,0.01
0.05,0.02,1.01,-0.02,0.01,-0.01
0.06,0.01,0.99,-0.02,0.0,0.0
0.06,0.02,1.0,-0.02,0.01,-0.0
0.06,0.02,1.0,-0.02,-0.0,0.0
0.06,0.02,0.99,-0.02,0.0,0.0
0.06,0.02,1.0,-0.02,0.0,-0.0
0.05,0.02,1.0,-0.02,0.01,-0.01
0.06,0.02,1.0,-0.02,-0.0,0.0
0.05,0.02,1.0,-0.03,0.01,-0.0
0.05,0.02,0.99,-0.01,-0.0,0.0
0.05,0.02,1.0,-0.01,0.01,-0.0
0.05,0.02,1.0,-0.02,0.0,-0.0
0.06,0.02,1.0,-0.02,0.0,0.0
0.06,0.02,0.99,-0.03,0.01,0.0
0.06,0.02,1.0,-0.02,0.01,-0.01
0.05,0.02,1.0,-0.02,0.01,0.0
0.06,0.02,1.0,-0.01,0.01,-0.01
0.05,0.02,1.0,-0.03,0.01,0.0
0.05,0.02,0.99,-0.02,0.0,0.0
0.06,0.02,1.0,-0.02,-0.0,-0.0
0.05,0.02,1.0,-0.01,0.0,-0.01
0.06,0.01,1.0,-0.02,0.0,0.0
0.05,0.02,1.0,-0.01,0.0,0.0
0.05,0.02,1.0,-0.02,0.0,0.0
0.05,0.02,1.0,-0.02,0.0,-0.0
0.05,0.02,1.0,-0.01,0.0,-0.0
0.06,0.02,1.0,-0.02,0.0,0.0
0.06,0.02,1.0,-0.02,0.0,0.0
0.05,0.02,1.0,-0.01,0.0,-0.0
0.05,0.01,1.01,-0.02,0.01,-0.01
0.05,0.02,1.01,-0.02,-0.0,0.0
0.06,0.02,1.0,-0.01,-0.0,0.01
0.05,0.02,1.01,-0.02,0.01,-0.0
0.05,0.02,1.0,-0.02,0.01,0.0
0.06,0.02,1.0,-0.02,0.01,-0.0
0.05,0.02,1.0,-0.02,0.0,-0.0
0.05,0.01,1.0,-0.01,0.0,-0.0
0.06,0.02,1.0,-0.02,0.01,0.0
0.06,0.02,1.0,-0.02,0.01,-0.0
0.05,0.02,1.0,-0.03,-0.0,0.0
0.06,0.02,1.0,-0.02,0.0,-0.0
0.05,0.02,1.0,-0.02,0.0,0.01
0.06,0.02,0.99,-0.03,0.01,-0.01
0.05,0.02,1.0,-0.02,0.0,0.0
0.05,0.02,1.0,-0.02,0.0,0.0
0.05,0.01,1.0,-0.02,-0.0,-0.0
0.05,0.01,1.0,-0.02,0.01,-0.01
0.06,0.02,1.0,-0.02,-0.0,0.0
0.05,0.01,0.99,-0.02,0.01,-0.0
0.06,0.02,1.0,-0.02,-0.0,0.0
0.05,0.02,1.0,-0.02,0.01,-0.0
0.05,0.02,1.0,-0.01,-0.0,0.01
0.06,0.02,0.99,-0.02,0.0,0.0
0.05,0.02,1.0,-0.02,0.01,0.0
0.05,0.02,1.0,-0.01,0.01,-0.01
0.05,0.01,1.0,-0.02,0.01,-0.01
0.05,0.02,1.0,-0.02,0.01,0.0
0.05,0.02,1.0,-0.01,0.0,0.01
0.05,0.02,0.99,-0.03,0.01,-0.0
0.06,0.01,0.99,-0.02,0.01,0.0
0.05,0.02,1.0,-0.02,0.01,-0.0
0.06,0.02,1.0,-0.02,0.0,-0.0
0.06,0.02,1.0,-0.02,0.01,0.0
0.06,0.02,1.0,-0.02,-0.0,-0.0
0.05,0.02,1.0,-0.02,-0.01,-0.0
0.06,0.02,1.0,-0.02,0.0,0.0
0.06,0.02,1.01,-0.03,0.02,0.0
0.05,0.02,1.0,-0.02,0.0,-0.0
0.05,0.01,1.0,-0.02,0.0,-0.0
0.06,0.01,1.0,-0.02,0.0,0.0
0.05,0.02,1.0,-0.01,0.0,-0.0
0.06,0.02,1.0,-0.01,-0.0,-0.0
0.06,0.02,0.99,-0.02,0.01,-0.0
0.05,0.02,0.99,-0.03,0.01,0.0
0.05,0.02,1.0,-0.04,0.01,-0.0
0.05,0.02,1.01,-0.02,0.0,0.01
0.05,0.02,1.0,-0.01,-0.0,0.01
0.05,0.02,1.0,-0.02,0.01,-0.01
0.05,0.01,1.0,-0.02,-0.0,0.0
0.05,0.02,1.0,-0.03,0.0,-0.0
0.05,0.02,1.0,-0.02,0.01,-0.0
0.05,0.01,1.0,-0.02,0.0,0.01
0.05,0.01,1.0,-0.02,0.01,0.01
0.05,0.02,1.0,-0.02,0.0,-0.0
0.06,0.02,1.0,-0.02,0.0,0.01
0.05,0.02,1.0,-0.02,-0.0,-0.0
0.05,0.02,1.0,-0.02,0.0,-0.0
0.05,0.02,1.0,-0.02,-0.0,0.01
0.05,0.02,1.0,-0.03,0.01,0.0
0.06,0.02,1.0,-0.02,0.01,0.0
0.06,0.02,1.0,-0.02,0.0,-0.0
0.05,0.02,1.0,-0.03,0.0,-0.0
0.05,0.02,1.0,-0.03,0.0,-0.0
0.05,0.02,1.0,-0.02,0.01,0.0
0.06,0.02,1.0,-0.01,0.0,-0.01
0.06,0.02,1.0,-0.02,0.0,-0.0
0.06,0.02,0.99,-0.02,0.01,-0.0
0.05,0.02,1.0,-0.02,0.01,0.01
0.05,0.02,1.0,-0.02,0.01,-0.0
0.06,0.02,1.0,-0.02,-0.0,0.01
0.05,0.02,1.0,-0.03,0.0,0.0
0.06,0.02,1.0,-0.02,0.01,-0.01
0.05,0.02,0.99,-0.02,-0.0,0.01
0.05,0.01,1.0,-0.02,0.01,-0.01
0.06,0.01,1.0,-0.02,-0.0,-0.0
0.05,0.01,0.99,-0.01,0.0,-0.0
0.06,0.01,0.99,-0.02,0.0,0.01
0.06,0.01,1.0,-0.02,0.0,0.0
0.06,0.02,1.0,-0.02,0.0,0.0
0.06,0.02,1.01,-0.02,0.01,-0.0
0.05,0.02,1.0,-0.03,-0.0,0.0
0.05,0.02,1.01,-0.02,0.01,-0.0
0.05,0.02,1.0,-0.02,0.01,-0.0
0.06,0.02,1.0,-0.02,0.01,-0.0
0.05,0.02,1.0,-0.02,0.01,0.0
0.05,0.02,1.0,-0.02,0.01,0.01
0.05,0.02,1.0,-0.02,-0.0,-0.0
0.06,0.01,0.99,-0.02,0.0,-0.0
0.06,0.01,0.99,-0.02,-0.0,-0.0
0.05,0.01,1.0,-0.01,-0.0,0.01
0.05,0.02,1.0,-0.02,0.01,-0.0
0.05,0.02,1.0,-0.02,0.0,-0.0
0.05,0.02,1.0,-0.01,0.0,0.0
0.05,0.02,1.0,-0.02,0.01,-0.01
0.05,0.02,1.01,-0.01,-0.0,0.0
0.06,0.02,0.99,-0.01,0.0,-0.0
0.05,0.02,1.0,-0.02,-0.01,-0.0
0.05,0.02,1.0,-0.02,0.0,-0.0
0.05,0.02,1.0,-0.02,0.01,0.0
0.06,0.02,1.0,-0.02,0.01,-0.0
0.06,0.01,1.0,-0.03,-0.0,0.01
0.05,0.02,0.99,-0.02,0.0,0.0
0.05,0.02,1.0,-0.01,0.0,-0.0
0.06,0.02,1.0,-0.01,0.01,0.0
0.05,0.02,1.0,-0.02,0.0,-0.01
0.06,0.02,1.0,-0.01,-0.0,0.0
0.05,0.02,1.0,-0.02,0.01,-0.01
0.05,0.02,1.0,-0.02,0.01,0.01
0.05,0.02,1.0,-0.03,-0.0,0.01
0.05,0.02,0.99,-0.02,0.01,-0.0
0.05,0.01,1.0,-0.02,0.0,0.0
0.06,0.01,1.0,-0.02,0.01,0.0
0.05,0.01,1.0,-0.02,-0.0,-0.01
0.05,0.02,1.0,-0.01,0.0,-0.01
0.05,0.01,1.0,-0.01,-0.0,-0.0
0.05,0.02,1.0,-0.02,0.0,-0.0
0.06,0.02,1.0,-0.01,0.0,0.0
0.06,0.02,1.0,-0.02,0.01,0.0
0.06,0.02,1.0,-0.02,0.0,-0.0
0.05,0.02,1.0,-0.02,0.01,-0.0
0.06,0.02,1.0,-0.01,-0.0,0.0
0.06,0.02,1.0,-0.03,0.0,-0.0
0.06,0.01,1.0,-0.02,0.0,-0.01
0.06,0.02,1.0,-0.02,-0.0,-0.0
0.05,0.02,1.0,-0.02,0.01,0.0
0.06,0.02,1.0,-0.01,0.01,0.0
0.06,0.02,1.01,-0.02,0.0,0.0
0.05,0.02,0.99,-0.02,0.0,-0.01
0.05,0.02,1.0,-0.02,-0.0,0.0
0.05,0.02,1.0,-0.02,0.0,-0.01
0.06,0.01,1.0,-0.02,0.01,-0.0
0.05,0.01,1.0,-0.01,0.0,-0.01
0.06,0.02,0.99,-0.02,-0.0,0.0
0.05,0.02,1.0,-0.03,0.01,-0.01
0.06,0.01,1.0,-0.02,-0.01,0.01
0.06,0.02,1.0,-0.03,0.01,0.0
0.05,0.01,1.0,-0.03,0.0,-0.0
0.06,0.02,1.0,-0.02,0.0,-0.0
0.05,0.02,1.0,-0.02,0.0,-0.01
0.06,0.02,1.0,-0.01,-0.0,-0.0
0.05,0.02,1.0,-0.03,-0.0,0.01
0.05,0.02,1.01,-0.03,-0.0,-0.0
0.05,0.02,1.0,-0.02,0.0,0.0
0.05,0.01,1.0,-0.02,0.01,-0.0
0.05,0.02,1.0,-0.02,0.01,0.01
0.06,0.02,1.0,-0.02,0.01,-0.0
0.05,0.01,0.99,-0.02,0.0,0.0
0.05,0.02,1.0,-0.01,0.0,0.0
0.05,0.01,1.0,-0.02,-0.0,0.01
0.05,0.02,1.0,-0.02,0.01,-0.0
0.05,0.02,1.0,-0.02,0.01,0.0
0.06,0.02,1.01,-0.02,0.01,0.0
0.06,0.02,1.01,-0.04,-0.0,0.01
0.05,0.02,1.01,-0.02,0.01,-0.0
0.06,0.02,1.0,-0.01,-0.01,-0.01
0.05,0.02,1.0,-0.03,-0.0,0.0
0.05,0.01,1.0,-0.03,0.0,0.0
0.06,0.02,1.0,-0.02,0.01,-0.01
0.05,0.01,1.0,-0.02,0.0,0.0
0.06,0.01,1.0,-0.02,0.01,-0.0
0.05,0.02,1.0,-0.02,-0.0,0.0
0.06,0.02,0.99,-0.02,0.01,-0.0
0.05,0.02,1.0,-0.01,0.01,-0.0
0.06,0.01,1.0,-0.01,0.0,-0.0
0.05,0.02,1.0,-0.03,0.01,-0.0
0.06,0.02,0.99,-0.02,0.01,0.0
0.05,0.02,1.0,-0.02,-0.0,-0.0
0.06,0.02,1.0,-0.01,0.01,0.0
0.05,0.01,1.0,-0.01,-0.0,0.0
0.05,0.01,1.0,-0.03,0.01,-0.0
0.06,0.02,1.0,-0.02,0.01,0.0
0.06,0.02,1.0,-0.02,0.01,-0.0
0.05,0.02,1.0,-0.02,-0.0,0.0
0.05,0.02,1.0,-0.02,0.01,0.0
0.06,0.02,1.0,-0.02,-0.01,0.01
0.06,0.02,1.01,-0.03,0.02,-0.01
0.06,0.03,1.0,-0.02,0.01,0.0
0.06,0.02,1.0,-0.02,0.0,-0.0
0.05,0.02,1.0,-0.03,0.01,-0.0
0.06,0.02,1.0,-0.01,0.0,-0.0
0.05,0.02,1.01,-0.03,-0.01,0.0
0.05,0.01,0.99,-0.01,0.01,-0.0
0.05,0.02,1.01,-0.01,-0.0,0.0
0.06,0.02,1.0,-0.02,0.01,-0.0
0.05,0.02,1.0,-0.01,0.0,0.0
0.05,0.02,1.0,-0.01,0.01,-0.0
0.05,0.02,1.0,-0.01,0.0,-0.0
0.06,0.02,1.0,-0.02,0.0,-0.0
0.05,0.02,1.0,-0.03,-0.01,0.01
0.05,0.01,1.0,-0.02,0.01,-0.0
0.05,0.02,1.0,-0.02,0.01,0.0
0.05,0.01,0.99,-0.02,0.01,0.0
0.05,0.02,1.0,-0.02,-0.0,-0.01
0.05,0.01,0.99,-0.01,0.01,-0.0
0.05,0.01,1.0,-0.01,-0.01,-0.0
0.05,0.02,1.0,-0.02,0.01,0.0
0.06,0.02,1.0,-0.02,-0.0,0.0
0.05,0.02,1.0,-0.02,0.01,-0.0
0.06,0.02,1.01,-0.02,0.0,0.0
0.05,0.02,1.01,-0.02,0.01,-0.01
0.05,0.02,1.0,-0.02,0.0,-0.01
0.05,0.02,1.0,-0.01,0.01,-0.01
0.05,0.02,1.0,-0.02,0.01,-0.0
0.05,0.02,1.0,-0.02,0.01,-0.01
0.05,0.02,1.0,-0.02,0.0,-0.0
0.05,0.02,1.0,-0.01,0.0,-0.0
0.05,0.02,1.01,-0.02,0.0,-0.0
0.05,0.02,1.0,-0.01,0.01,0.01
0.05,0.02,1.0,-0.02,0.0,0.0
0.05,0.02,1.0,-0.02,-0.0,-0.0
0.05,0.02,1.0,-0.01,0.0,-0.01
0.05,0.02,1.0,-0.02,0.0,-0.0
0.06,0.01,1.0,-0.02,-0.0,0.0
0.05,0.01,1.0,-0.02,0.01,-0.01
0.05,0.02,0.99,-0.02,-0.01,0.01
0.05,0.01,0.99,-0.02,0.01,-0.01
0.06,0.02,1.0,-0.03,-0.0,0.0
0.05,0.01,1.0,-0.02,0.0,0.0
0.05,0.02,1.01,-0.02,0.01,-0.01
0.05,0.02,1.0,-0.02,0.0,-0.01
0.05,0.01,1.0,-0.01,-0.01,-0.0
0.05,0.02,1.01,-0.02,0.01,-0.0
0.05,0.02,0.99,-0.02,0.0,0.0
0.06,0.02,1.0,-0.02,0.01,0.0
0.05,0.03,0.99,-0.02,0.01,0.0
0.06,0.02,1.0,-0.01,0.0,0.01
0.05,0.01,1.01,-0.03,0.01,-0.0
0.05,0.02,1.0,-0.02,0.0,0.0
0.05,0.02,1.0,-0.01,-0.0,-0.0
0.05,0.02,1.0,-0.02,0.0,-0.0
0.05,0.02,0.99,-0.02,0.0,-0.0
0.05,0.02,1.01,-0.02,0.01,-0.01
0.05,0.01,1.0,-0.02,0.0,0.0
0.05,0.02,1.01,-0.01,0.0,-0.0
0.05,0.02,1.0,-0.02,0.0,-0.0
0.05,0.02,1.0,-0.0,-0.0,-0.01
0.05,0.02,1.0,-0.01,-0.0,-0.0
0.05,0.02,1.0,-0.02,0.0,-0.0
0.05,0.02,1.0,-0.02,-0.0,0.0
0.06,0.02,1.0,-0.01,-0.0,0.0
0.05,0.01,1.0,-0.02,-0.0,0.0
0.06,0.02,1.0,-0.02,0.01,-0.0
0.05,0.02,1.0,-0.03,0.0,0.0
0.05,0.02,1.0,-0.02,0.01,-0.0
0.06,0.02,1.0,-0.02,0.01,-0.0
0.06,0.02,1.0,-0.02,0.01,-0.01
0.05,0.02,1.0,-0.02,0.0,0.0
0.06,0.02,1.0,-0.01,0.01,0.0
0.05,0.02,1.0,-0.02,0.0,0.0
0.05,0.02,1.0,-0.02,0.0,-0.0
0.05,0.02,1.0,-0.02,0.01,0.0
0.05,0.01,1.0,-0.02,0.0,-0.0
0.06,0.02,1.0,-0.02,0.0,-0.01
0.05,0.01,0.99,-0.03,0.01,-0.0
0.05,0.02,1.0,-0.01,-0.0,0.0
0.05,0.02,0.99,-0.02,0.01,-0.0
0.06,0.02,1.0,-0.02,0.0,-0.0
0.06,0.02,1.0,-0.02,0.0,0.0
0.05,0.02,1.0,-0.02,0.0,0.0
0.05,0.02,1.0,-0.01,-0.0,-0.0
0.05,0.02,1.0,-0.01,-0.0,0.0
0.05,0.01,1.0,-0.02,0.01,-0.0
0.05,0.02,1.0,-0.02,0.0,0.0
0.05,0.01,1.0,-0.03,0.01,0.01
0.06,0.02,1.0,-0.03,0.01,0.01
0.05,0.01,0.99,-0.04,0.0,0.01
0.05,0.01,0.99,-0.02,0.02,-0.0
0.05,0.02,1.0,-0.02,0.0,0.0
0.05,0.01,1.0,-0.01,0.0,-0.0
0.05,0.01,1.0,-0.02,0.01,-0.0
0.06,0.01,1.0,-0.02,0.01,0.01
0.05,0.02,1.0,-0.02,0.01,-0.0
0.05,0.01,1.0,-0.01,0.0,0.0
0.05,0.02,1.0,-0.02,0.0,0.01
0.05,0.02,0.99,-0.02,0.01,0.0
0.06,0.02,1.0,-0.01,-0.0,-0.0
0.05,0.01,1.0,-0.01,-0.0,0.0
0.05,0.02,1.0,-0.02,0.01,-0.01
0.06,0.02,1.0,-0.02,0.0,-0.0
0.05,0.01,1.0,-0.02,-0.0,0.01
0.05,0.01,1.0,-0.03,0.0,0.0
0.05,0.02,1.0,-0.02,0.0,-0.0
0.05,0.02,1.0,-0.02,0.0,0.0
0.05,0.02,1.0,-0.01,0.0,-0.0
0.05,0.02,1.0,-0.01,0.01,-0.0
0.05,0.02,1.0,-0.02,-0.0,-0.01
0.06,0.01,1.0,-0.01,0.01,0.0
0.05,0.01,1.0,-0.02,0.01,-0.0
0.05,0.01,1.0,-0.01,-0.0,0.0
0.06,0.02,1.0,-0.03,0.01,0.0
0.05,0.01,1.0,-0.03,0.01,0.01
0.05,0.02,1.0,-0.02,0.0,0.0
0.06,0.02,1.0,-0.01,-0.0,-0.0
0.05,0.02,1.0,-0.02,0.01,-0.0
0.05,0.01,1.0,-0.01,-0.0,-0.0
0.05,0.02,1.0,-0.02,0.01,0.0
0.05,0.02,1.0,-0.02,0.01,-0.01
0.05,0.02,1.0,-0.01,-0.0,-0.0
0.05,0.02,1.0,-0.01,0.01,0.0
0.05,0.01,0.99,-0.02,-0.0,0.0
0.05,0.02,1.0,-0.02,0.0,0.0
0.05,0.02,1.0,-0.02,0.01,-0.01
0.05,0.02,0.99,-0.02,0.01,0.0
0.05,0.02,1.0,-0.02,0.0,0.0
0.06,0.02,1.0,-0.02,0.0,0.01
0.05,0.02,1.0,-0.03,0.01,-0.0
0.05,0.02,1.0,-0.02,0.01,-0.0
0.06,0.02,1.01,-0.02,-0.0,0.0
0.05,0.01,1.0,-0.02,0.0,-0.01
0.05,0.01,1.0,-0.02,0.01,-0.01
0.06,0.01,0.99,-0.02,0.0,0.0
0.06,0.02,1.0,-0.02,0.0,0.01
0.05,0.01,1.01,-0.02,0.01,-0.0
0.05,0.02,1.0,-0.01,-0.0,0.0
0.05,0.01,0.99,-0.02,0.01,0.0
0.05,0.02,1.0,-0.01,0.0,0.01
0.05,0.01,1.0,-0.02,-0.0,-0.0
0.05,0.02,1.0,-0.02,0.01,0.0
0.05,0.02,0.99,-0.01,0.01,0.0
0.05,0.02,1.0,-0.01,-0.0,0.0
0.05,0.02,1.0,-0.01,0.0,-0.0
0.05,0.01,1.0,-0.02,0.0,0.0
0.05,0.02,1.0,-0.02,0.0,0.0
0.05,0.02,1.01,-0.01,-0.0,-0.0
0.05,0.02,1.0,-0.02,0.0,0.0
0.06,0.02,1.0,-0.02,-0.0,-0.0
0.06,0.02,1.0,-0.02,0.01,-0.01
0.06,0.02,1.0,-0.03,-0.0,0.01
0.06,0.02,1.0,-0.02,0.01,-0.01
0.05,0.02,1.0,-0.02,0.01,0.0
0.05,0.02,1.0,-0.02,0.01,0.0
0.05,0.02,0.99,-0.02,0.0,-0.0
0.05,0.02,1.0,-0.01,0.0,-0.0
0.05,0.02,1.0,-0.01,0.01,0.0
0.05,0.02,1.0,-0.01,0.0,-0.01
0.05,0.02,1.0,-0.01,0.0,-0.01
0.05,0.02,1.0,-0.02,0.0,0.0
0.05,0.02,1.0,-0.01,0.01,0.0
0.05,0.02,1.01,-0.02,0.01,-0.0
0.05,0.02,1.0,-0.03,-0.01,0.0
0.05,0.02,1.0,-0.01,0.0,-0.0
0.05,0.02,1.0,-0.02,0.01,-0.0
0.05,0.02,0.99,-0.01,0.0,-0.01
0.05,0.0,0.99,-0.02,-0.0,0.0
0.05,0.01,1.0,-0.02,0.0,0.0
0.05,0.01,1.0,-0.03,-0.0,0.01
0.05,0.01,1.0,-0.03,0.02,-0.0
0.05,0.02,1.0,-0.02,-0.0,0.0
0.05,0.01,1.0,-0.0,0.0,-0.01
0.06,0.02,1.0,-0.02,0.01,-0.0
0.05,0.02,1.0,-0.02,0.01,0.0
0.05,0.02,1.0,-0.01,0.0,0.01
0.06,0.02,1.0,-0.02,0.01,-0.0
0.05,0.02,1.0,-0.02,0.0,0.01
0.05,0.02,1.01,-0.03,0.02,-0.0
0.05,0.02,1.0,-0.01,0.01,0.0
0.06,0.01,0.99,-0.02,0.01,-0.0
0.04,0.01,1.01,-0.02,0.01,-0.01
0.05,0.02,1.0,-0.02,0.01,-0.0
0.06,0.01,1.0,-0.02,0.0,0.0
0.05,0.02,1.0,-0.01,0.01,0.0
0.05,0.01,1.0,-0.01,0.0,0.01
0.05,0.02,1.0,-0.03,0.02,-0.01
0.06,0.02,1.0,-0.02,-0.0,0.0
0.05,0.02,1.0,-0.03,-0.0,0.01
0.05,0.02,1.0,-0.03,0.0,0.0
0.05,0.01,1.0,-0.02,0.01,-0.0
0.05,0.02,1.0,-0.01,-0.0,0.0
0.05,0.01,1.0,-0.02,0.0,0.0
0.06,0.01,1.0,-0.01,0.0,0.0
0.05,0.01,1.0,-0.02,0.02,-0.01
0.05,0.01,1.0,-0.03,-0.0,0.01
0.05,0.02,1.0,-0.02,0.0,-0.01
0.05,0.02,1.0,-0.02,0.01,-0.0
0.05,0.02,1.0,-0.01,0.0,-0.01
0.06,0.02,1.0,-0.02,0.0,-0.0
0.05,0.02,1.0,-0.01,0.0,0.0
0.05,0.01,1.0,-0.01,0.0,0.0
0.05,0.02,1.0,-0.02,0.01,-0.0
0.05,0.02,1.0,-0.02,0.0,-0.0
0.05,0.02,1.0,-0.02,0.0,-0.01
0.05,0.01,0.97,-0.01,0.0,0.0
0.05,0.02,1.01,-0.01,0.0,0.0
0.05,0.02,1.0,-0.02,0.0,-0.0
0.06,0.01,0.96,-0.02,0.0,0.0
0.05,0.02,1.0,-0.02,-0.0,0.0
0.06,0.02,1.02,-0.03,0.02,-0.0
0.06,0.01,0.98,-0.02,0.0,-0.0
0.05,0.02,1.03,-0.01,-0.0,0.0
0.06,0.02,1.0,-0.01,0.01,-0.0
0.05,0.0,0.96,-0.02,0.0,-0.01
0.05,0.02,1.02,-0.03,0.0,0.01
0.05,0.01,0.98,-0.02,0.0,0.0
0.05,0.02,0.99,-0.02,-0.0,0.0
0.05,0.01,1.0,-0.02,0.03,-0.01
0.05,0.01,1.01,-0.02,-0.0,0.01
0.06,0.02,0.99,-0.02,0.01,-0.0
0.06,0.0,0.97,-0.03,0.0,0.0
0.06,0.02,1.02,-0.02,0.02,-0.01
0.05,0.01,0.98,-0.03,-0.01,0.01
0.07,0.02,0.99,-0.04,0.01,0.0
0.05,0.0,0.94,-0.02,0.0,0.01
0.05,0.02,1.01,-0.02,0.01,-0.0
0.05,0.01,0.98,-0.01,-0.0,-0.0
0.05,0.02,1.02,-0.02,-0.01,0.0
0.06,0.02,1.02,-0.02,0.01,0.0
0.05,0.01,1.02,-0.02,-0.0,-0.0
0.05,0.03,1.01,-0.02,0.01,0.0
0.05,0.0,0.96,-0.02,-0.0,0.0
0.06,0.03,1.02,-0.03,0.01,0.0
0.05,0.01,0.97,-0.02,0.01,-0.0
0.05,0.03,1.02,-0.02,-0.01,0.0
0.06,0.01,0.97,-0.02,0.02,-0.0
0.05,0.02,1.0,-0.02,-0.0,-0.01
0.05,0.02,0.99,-0.01,0.01,-0.01
0.05,0.02,1.01,-0.02,0.01,0.0
0.06,0.01,0.95,-0.01,0.01,-0.0
0.05,0.02,1.0,-0.02,-0.0,0.01
0.05,0.01,0.97,-0.02,0.02,0.0
0.06,0.02,1.0,-0.03,-0.01,0.0
0.05,0.02,0.98,-0.02,0.01,-0.0
0.06,0.01,0.94,-0.01,-0.0,-0.0
0.06,0.03,1.01,-0.0,-0.0,-0.0
0.05,0.01,0.98,-0.01,-0.0,0.0
0.06,0.02,0.99,-0.01,-0.0,-0.01
0.05,0.02,0.98,-0.02,-0.0,-0.0
0.06,0.02,0.98,-0.02,0.0,0.0
0.06,0.01,0.99,-0.02,-0.01,0.01
0.05,0.01,0.99,-0.02,0.01,-0.0
0.05,0.01,0.99,-0.03,0.0,0.01
0.04,0.01,0.98,-0.01,-0.0,-0.01
0.05,0.02,1.06,-0.02,-0.0,0.01
0.05,0.01,1.0,-0.02,0.0,0.0
0.05,0.01,0.98,-0.03,0.0,0.01
0.05,0.02,1.06,-0.04,0.02,0.0
0.07,0.03,1.06,-0.01,0.02,-0.0
0.05,0.02,1.02,-0.04,-0.01,-0.0
0.06,0.02,1.02,-0.02,0.01,-0.0
0.04,0.01,1.03,-0.02,-0.01,0.0
0.07,0.03,1.02,-0.02,0.0,-0.0
0.06,0.01,0.94,-0.01,0.01,-0.0
0.05,0.02,0.99,-0.01,-0.0,0.0
0.05,0.0,0.78,-0.0,-0.0,0.0
0.06,0.03,0.98,-0.01,0.0,0.01
0.06,0.01,0.93,-0.0,-0.0,0.01
0.05,0.01,0.98,-0.03,-0.02,0.0
0.05,0.04,1.07,-0.03,0.03,-0.0
0.05,0.01,0.99,-0.01,-0.02,0.0
0.07,0.0,0.94,-0.01,0.01,0.0
0.03,0.04,1.04,-0.03,-0.0,0.0
0.07,0.02,1.0,-0.02,0.03,-0.01
0.05,0.0,0.89,-0.01,-0.03,-0.0
0.06,0.06,1.02,-0.01,0.02,0.0
0.08,-0.01,0.89,-0.02,0.01,0.0
0.03,0.03,1.07,-0.03,-0.02,-0.0
0.07,0.03,1.08,-0.02,0.05,-0.01
0.05,-0.03,0.88,-0.01,-0.03,0.01
0.03,0.05,1.17,-0.04,0.01,0.01
0.07,-0.0,1.04,-0.01,0.04,0.0
0.05,0.0,0.89,-0.02,-0.05,-0.0
0.05,0.07,1.13,-0.03,0.04,-0.01
0.08,-0.02,0.89,-0.02,0.01,0.0
0.03,0.04,0.99,-0.03,-0.03,-0.0
0.07,0.04,1.05,-0.02,0.04,-0.0
0.06,-0.02,0.91,-0.02,-0.03,0.0
0.03,0.05,1.06,-0.02,-0.0,0.0
0.07,0.0,0.99,-0.01,0.02,-0.0
0.05,0.01,0.98,-0.03,-0.02,0.0
0.05,0.03,1.03,-0.02,0.01,0.0
0.06,0.01,0.97,-0.02,0.01,-0.01
0.05,0.03,1.0,-0.01,-0.01,-0.0
0.05,0.02,1.02,-0.01,0.01,-0.01
0.06,0.01,0.98,-0.02,-0.0,-0.01
0.05,0.02,1.0,-0.01,0.0,0.01
0.06,0.01,1.0,-0.03,0.02,-0.0
0.06,0.01,0.99,-0.01,-0.0,0.01
0.05,0.02,1.0,-0.02,0.0,0.0
0.05,0.02,1.0,-0.02,0.0,0.01
0.05,0.01,0.99,-0.02,0.0,-0.0
0.06,0.02,1.0,-0.02,0.0,0.0
0.05,0.02,1.01,-0.03,0.01,-0.01
0.05,0.02,1.0,-0.01,0.01,-0.0
0.05,0.02,1.01,-0.02,-0.0,0.01
0.05,0.02,1.01,-0.01,0.01,0.0
0.06,0.01,1.0,-0.01,-0.01,0.01
0.05,0.02,1.01,-0.02,0.01,0.0
0.05,0.02,0.98,-0.02,-0.0,0.0
0.05,0.02,1.0,-0.01,0.0,-0.01
0.05,0.02,1.0,-0.02,0.01,-0.01
0.05,0.02,1.0,-0.01,0.0,0.0
0.05,0.02,1.0,-0.02,-0.0,0.0
0.06,0.01,1.01,-0.02,0.01,-0.0
0.05,0.02,1.0,-0.02,-0.0,-0.0
0.05,0.02,1.0,-0.02,0.01,0.0
0.05,0.02,1.0,-0.02,0.01,-0.0
0.05,0.02,1.0,-0.02,0.0,0.0
0.05,0.02,1.0,-0.02,0.01,-0.0
0.06,0.02,0.99,-0.03,0.0,0.0
0.05,0.01,0.99,-0.02,-0.0,0.01
0.05,0.02,1.0,-0.02,0.01,-0.0
0.05,0.02,0.99,-0.02,0.0,-0.0
0.06,0.02,1.0,-0.01,0.01,-0.0
0.06,0.01,1.01,-0.02,-0.01,0.0
0.05,0.02,1.0,-0.02,0.0,-0.0
0.05,0.02,1.01,-0.02,-0.0,0.0
0.06,0.02,1.0,-0.01,0.01,-0.0
0.05,0.02,1.0,-0.02,-0.0,-0.0
0.05,0.02,1.0,-0.01,0.0,-0.0
0.05,0.01,1.0,-0.02,0.01,0.0
0.05,0.02,1.0,-0.02,0.0,0.0
0.05,0.02,0.99,-0.01,0.0,0.0
0.05,0.01,1.0,-0.01,0.0,-0.01
0.06,0.01,1.0,-0.02,0.01,0.0
0.05,0.02,1.0,-0.02,0.0,0.0
0.05,0.02,0.99,-0.02,0.01,-0.0
0.06,0.02,1.01,-0.02,0.01,0.0
0.06,0.02,0.99,-0.03,0.0,0.01
0.05,0.02,1.0,-0.03,0.01,-0.0
0.06,0.02,1.0,-0.03,0.0,0.0
0.06,0.01,1.0,-0.02,0.0,-0.0
0.05,0.02,0.99,-0.02,0.01,0.0
0.06,0.02,0.99,-0.02,0.01,-0.0
0.06,0.01,0.99,-0.01,0.0,0.01
0.06,0.02,1.0,-0.01,0.0,0.01
0.05,0.01,1.0,-0.03,-0.0,0.01
0.05,0.02,1.0,-0.02,0.01,0.0
0.05,0.02,1.0,-0.02,-0.0,0.0
0.05,0.01,1.0,-0.02,0.0,-0.01
0.05,0.02,1.01,-0.02,0.01,-0.0
0.05,0.02,1.0,-0.02,0.01,-0.0
0.05,0.02,1.0,-0.01,-0.0,0.0
0.05,0.01,1.0,-0.03,0.0,-0.0
0.05,0.02,0.99,-0.02,0.0,0.0
0.06,0.02,1.0,-0.02,0.01,-0.0
0.06,0.01,0.99,-0.03,0.01,0.01
0.05,0.01,1.0,-0.03,0.02,-0.0
0.05,0.02,1.0,-0.02,0.01,0.0
0.05,0.01,1.0,-0.02,0.01,-0.0
0.06,0.02,0.99,-0.02,-0.0,0.0
0.05,0.02,0.99,-0.01,0.0,0.0
0.05,0.02,1.0,-0.01,-0.01,0.0
0.05,0.02,1.0,-0.01,0.01,0.0
0.06,0.02,1.0,-0.02,-0.01,-0.0
0.05,0.01,1.0,-0.01,0.01,-0.0
0.05,0.02,1.0,-0.02,-0.0,-0.0
0.05,0.02,1.0,-0.02,0.01,-0.0
0.05,0.02,1.0,-0.02,-0.0,0.0
0.06,0.01,1.0,-0.02,0.01,-0.01
0.05,0.01,1.0,-0.02,0.0,0.01
0.06,0.02,1.0,-0.03,0.01,-0.0
0.05,0.02,1.0,-0.02,0.0,0.0
0.05,0.02,1.0,-0.02,0.0,-0.0
0.05,0.01,1.01,-0.03,0.01,0.0
0.05,0.02,1.0,-0.01,0.0,-0.01
0.05,0.02,1.0,-0.02,0.01,0.0
0.05,0.01,1.0,-0.01,0.0,-0.0
0.05,0.02,1.0,-0.01,0.0,0.0
0.06,0.02,1.0,-0.02,0.01,0.0
0.05,0.01,1.0,-0.02,-0.0,0.0
0.05,0.02,1.0,-0.01,0.0,-0.01
0.05,0.02,1.0,-0.02,0.01,-0.01
0.05,0.02,1.0,-0.01,0.0,0.0
0.05,0.02,1.0,-0.01,-0.0,0.0
0.06,0.01,1.0,-0.02,0.01,-0.0
0.06,0.02,1.0,-0.01,-0.01,0.01
0.05,0.02,1.0,-0.03,0.01,-0.0
0.05,0.01,1.0,-0.02,0.0,0.0
0.05,0.02,0.99,-0.01,0.0,-0.0
0.05,0.02,1.0,-0.02,0.01,-0.01
0.05,0.02,1.0,-0.02,0.0,-0.0
0.05,0.02,0.99,-0.02,-0.01,0.0
0.05,0.02,1.0,-0.02,0.01,0.0
0.05,0.02,1.0,-0.02,0.0,0.0
0.06,0.02,1.0,-0.02,0.0,0.0
0.05,0.01,1.0,-0.02,0.01,0.0
0.06,0.03,0.99,-0.01,0.01,-0.0
0.06,0.02,1.0,-0.01,0.01,-0.0
0.05,0.02,0.99,-0.02,0.01,-0.0
0.05,0.01,1.0,-0.01,-0.0,-0.0
0.05,0.01,1.0,-0.03,0.0,0.0
0.05,-0.04,1.59,-0.09,-0.01,-0.0
0.05,-0.04,0.91,-0.02,-0.05,0.0
0.07,0.07,0.7,0.03,0.01,-0.0
0.06,-0.0,0.66,0.02,-0.02,-0.0
0.05,0.04,0.81,0.01,-0.01,-0.0
0.06,0.0,1.07,-0.02,0.01,-0.0
0.05,0.02,0.99,-0.03,-0.02,0.0
0.05,0.03,1.01,-0.02,0.01,-0.0
0.05,0.02,0.96,-0.02,0.0,0.0
0.04,0.02,0.96,-0.02,0.0,0.0
0.05,0.02,0.97,-0.02,0.0,0.0
0.05,0.02,0.95,-0.0,-0.0,-0.0
0.05,0.03,1.03,-0.02,0.01,-0.01
0.04,0.01,1.01,-0.02,0.01,-0.01
0.05,0.02,0.98,-0.01,-0.0,0.0
0.05,0.02,0.98,-0.01,0.0,-0.01
0.05,0.02,1.03,-0.03,0.01,0.0
0.05,0.02,0.98,-0.02,0.01,0.0
0.05,0.02,1.01,-0.02,-0.0,0.01
0.06,0.02,0.99,-0.02,0.0,-0.0
0.06,0.02,0.98,-0.03,0.0,-0.0
0.06,0.02,1.01,-0.03,0.03,-0.03
0.06,0.02,0.99,-0.03,-0.01,0.01
0.05,0.02,0.98,-0.04,0.0,0.0
0.05,0.01,1.01,-0.02,0.0,-0.0
0.05,0.02,1.01,-0.02,0.01,-0.0
0.06,0.01,1.0,-0.01,0.0,0.0
0.05,0.02,0.99,-0.02,0.0,-0.0
0.05,0.02,0.99,-0.02,0.01,0.0
0.05,0.02,0.98,-0.01,0.01,-0.01
0.05,0.02,0.99,-0.02,-0.0,0.01
0.05,0.02,1.01,-0.03,0.01,-0.01
0.05,0.02,1.02,-0.02,0.01,-0.0
0.05,0.02,0.99,-0.02,0.01,-0.0
0.06,0.02,0.99,-0.02,0.01,-0.0
0.06,0.01,1.02,-0.03,0.01,0.01
0.05,0.02,1.0,-0.03,0.01,-0.0
0.05,0.02,0.99,-0.01,0.0,-0.0
0.05,0.01,1.01,-0.01,-0.0,0.0
0.06,0.02,1.01,-0.02,0.01,-0.0
0.06,0.01,1.01,-0.03,0.01,0.0
0.05,0.02,0.99,-0.02,0.01,0.0
0.05,0.02,0.99,-0.02,0.0,0.0
0.05,0.02,1.0,-0.02,0.0,0.0
0.05,0.02,1.01,-0.0,0.0,-0.0
0.06,0.01,1.0,-0.02,0.0,0.0
0.05,0.02,0.99,-0.02,0.0,0.0
0.05,0.02,1.0,-0.02,0.0,0.0
0.05,0.02,1.01,-0.01,0.0,0.01
0.05,0.01,1.0,-0.02,0.01,-0.0
0.05,0.02,0.99,-0.02,0.01,0.01
0.05,0.02,1.0,-0.03,0.01,-0.0
0.05,0.02,0.99,-0.03,0.01,0.0
0.05,0.02,1.01,-0.01,0.01,-0.0
0.05,0.02,1.0,-0.02,0.01,-0.01
0.05,0.02,1.0,-0.01,-0.0,-0.0
0.05,0.02,1.01,-0.02,0.0,-0.0
0.05,0.02,0.99,-0.02,0.0,0.0
0.05,0.02,0.99,-0.02,0.0,0.0
0.05,0.02,1.0,-0.02,0.0,-0.0
0.05,0.01,1.0,-0.02,0.0,0.0
0.05,0.02,1.0,-0.01,-0.0,0.01
0.05,0.02,1.0,-0.02,0.0,0.0
0.05,0.02,1.0,-0.01,0.01,-0.0
0.05,0.02,0.99,-0.01,-0.01,0.01
0.05,0.02,1.0,-0.02,0.0,-0.0
0.05,0.02,1.01,-0.01,0.0,0.0
0.05,0.02,1.0,-0.02,0.0,-0.0
0.05,0.01,1.0,-0.02,0.0,-0.0
0.05,0.02,1.0,-0.02,-0.0,-0.0
0.05,0.02,1.0,-0.02,0.0,-0.0
0.06,0.02,0.99,-0.02,0.01,0.0
0.06,0.02,1.0,-0.01,0.0,0.01
0.06,0.02,1.01,-0.03,-0.0,0.0
0.06,0.02,1.01,-0.05,0.01,0.01
0.05,0.02,1.0,-0.03,0.01,0.0
0.05,0.02,0.99,-0.02,0.01,-0.0
0.05,0.02,1.0,-0.01,0.0,0.0
0.06,0.02,1.0,-0.02,0.0,-0.0
0.05,0.02,1.0,-0.03,0.01,-0.01
0.05,0.02,1.0,-0.01,0.0,0.0
0.05,0.02,0.98,-0.02,0.0,-0.0
0.05,0.02,1.0,-0.01,0.0,0.0
0.05,0.01,0.99,-0.02,0.0,0.01
0.05,0.01,0.99,-0.03,0.01,-0.01
0.05,0.01,0.99,-0.01,-0.0,0.0
0.05,0.02,1.0,-0.02,0.0,-0.0
0.05,0.02,1.0,-0.02,0.01,0.0
0.06,0.02,1.0,-0.01,-0.0,0.0
0.06,0.01,0.99,-0.01,0.0,0.0
0.06,0.02,1.0,-0.01,0.01,-0.0
0.04,0.02,1.0,-0.03,0.01,0.01
0.05,0.02,1.0,-0.03,0.01,-0.0
0.05,0.01,1.0,-0.02,-0.0,0.0
0.06,0.02,1.0,-0.03,0.0,0.0
0.05,0.02,1.0,-0.03,0.01,-0.0
0.05,0.02,1.01,-0.02,0.01,0.0
0.05,0.02,1.0,-0.02,-0.0,0.01
0.05,0.02,0.99,-0.02,0.01,0.0
0.06,0.02,0.99,-0.02,0.0,0.0
0.05,0.02,0.99,-0.03,0.01,0.01
0.05,0.02,1.0,-0.03,0.0,-0.0
0.05,0.02,1.0,-0.03,0.0,0.0
0.05,0.02,0.99,-0.02,0.0,-0.01
0.05,0.02,0.99,-0.01,-0.0,0.01
0.05,0.02,0.98,-0.02,0.01,-0.0
0.05,0.01,0.99,-0.02,-0.0,-0.01
0.05,0.02,1.0,-0.02,0.01,0.0
0.05,0.01,1.0,-0.01,0.01,-0.0
0.05,0.01,0.99,-0.02,-0.01,0.0
0.06,0.02,1.0,-0.02,0.01,-0.01
0.05,0.02,0.99,-0.02,0.01,-0.01
0.06,0.02,1.0,-0.02,0.0,0.0
0.05,0.02,1.0,-0.03,0.0,0.0
0.06,0.02,1.0,-0.01,0.0,0.0
0.05,0.02,1.0,-0.02,0.0,0.01
0.05,0.02,1.0,-0.02,0.01,-0.01
0.05,0.02,0.99,-0.02,-0.0,0.0
0.05,0.01,1.01,-0.02,-0.0,-0.01
0.06,0.02,1.0,-0.02,0.01,0.0
0.06,0.01,1.0,-0.02,0.01,-0.0
0.05,0.02,0.98,-0.02,0.0,0.01
0.05,0.02,1.0,-0.01,0.01,-0.0
0.05,0.02,0.99,-0.03,0.01,0.0
0.06,0.02,1.0,-0.02,0.0,0.0
0.06,0.02,0.99,-0.01,-0.0,-0.0
0.05,0.02,0.99,-0.02,0.0,-0.01
0.04,0.02,1.01,-0.02,0.0,-0.0
0.06,0.02,1.01,-0.02,0.01,-0.0
0.05,0.01,1.0,-0.02,-0.01,0.0
0.06,0.02,1.01,-0.01,0.01,-0.0
0.06,0.01,1.0,-0.02,0.0,0.0
0.05,0.02,1.01,-0.03,0.01,-0.0
0.05,0.02,1.0,-0.02,-0.01,0.0
0.06,0.02,0.99,-0.03,0.01,0.01
0.05,0.02,1.01,-0.03,-0.0,-0.0
0.05,0.01,1.0,-0.01,0.01,0.0
0.05,0.02,1.0,-0.02,-0.01,0.0
0.05,0.02,1.0,-0.01,0.0,-0.0
0.05,0.02,0.99,-0.01,0.0,0.01
0.06,0.02,1.0,-0.02,0.01,-0.0
0.05,0.02,1.0,-0.03,-0.0,0.0
0.05,0.02,1.0,-0.02,0.01,-0.01
0.05,0.01,0.99,-0.02,0.01,-0.01
0.05,0.02,1.0,-0.02,0.0,-0.01
0.05,0.02,1.0,-0.02,0.01,0.0
0.05,0.02,1.0,-0.02,0.01,-0.01
0.06,0.02,1.0,-0.02,0.0,0.01
0.05,0.02,1.0,-0.02,0.01,-0.0
0.05,0.02,1.0,-0.02,-0.0,0.0
0.05,0.02,0.99,-0.02,0.01,-0.01
0.05,0.02,1.0,-0.01,0.0,-0.01
0.06,0.01,0.99,-0.01,0.01,0.0
0.06,0.02,1.0,-0.01,-0.0,0.01
0.05,0.02,1.0,-0.02,0.0,0.01
0.05,0.02,1.0,-0.03,0.0,0.0
0.05,0.01,0.99,-0.03,0.02,-0.0
0.06,0.01,1.0,-0.03,0.0,-0.0
0.05,0.02,1.01,-0.02,0.01,-0.01
0.06,0.02,1.0,-0.01,0.0,-0.0
0.05,0.02,1.0,-0.02,0.0,-0.0
0.06,0.02,1.0,-0.02,0.0,0.01
0.05,0.02,1.0,-0.03,0.0,-0.0
0.05,0.03,1.01,-0.02,0.01,-0.0
0.06,0.02,1.0,-0.01,0.01,-0.0
0.06,0.02,1.0,-0.02,0.01,0.01
0.05,0.02,1.0,-0.03,0.01,0.0
0.05,0.02,0.99,-0.01,0.01,-0.0
0.06,0.02,1.0,-0.02,-0.0,-0.0
0.06,0.02,1.0,-0.03,-0.01,0.0
0.05,0.01,1.0,-0.01,0.01,-0.0
0.05,0.02,1.0,-0.01,0.0,0.0
0.06,0.01,1.0,-0.02,0.01,0.0
0.05,0.01,1.0,-0.01,-0.0,0.0
0.06,0.02,0.99,-0.01,0.0,0.01
0.05,0.02,0.99,-0.02,0.0,-0.0
0.05,0.02,1.0,-0.01,0.0,-0.0
0.05,0.01,1.0,-0.02,-0.01,0.0
0.05,0.01,1.0,-0.03,0.01,0.0
0.05,0.02,1.0,-0.02,0.0,0.01
0.05,0.02,1.0,-0.03,0.01,0.01
0.05,0.02,1.0,-0.03,-0.0,0.0
0.06,0.02,1.0,-0.02,-0.0,-0.0
0.06,0.02,0.99,-0.02,0.01,-0.0
0.05,0.02,0.99,-0.01,0.0,-0.0
0.06,0.02,1.0,-0.03,0.01,-0.01
0.05,0.02,1.0,-0.03,0.01,-0.0
0.06,0.02,1.0,-0.02,0.0,0.01
0.05,0.02,1.0,-0.03,0.01,-0.0
0.05,0.02,1.0,-0.01,-0.0,0.0
0.05,0.01,1.0,-0.01,0.01,-0.01
0.05,0.02,0.99,-0.02,0.0,-0.0
0.05,0.02,1.0,-0.01,0.0,-0.01
0.05,0.02,1.0,-0.03,0.0,0.01
0.06,0.02,1.01,-0.03,0.01,-0.0
0.05,0.01,0.99,-0.02,-0.0,0.0
0.06,0.02,1.01,-0.02,0.0,0.0
0.05,0.01,0.99,-0.02,-0.0,0.0
0.05,0.02,1.0,-0.03,0.0,0.01
0.05,0.02,0.99,-0.03,0.01,-0.0
0.05,0.02,1.0,-0.02,0.01,0.01
0.05,0.02,0.99,-0.03,0.0,0.0
0.05,0.02,0.99,-0.02,0.0,-0.0
0.05,0.02,1.0,-0.02,0.0,0.0
0.05,0.02,1.0,-0.01,0.01,0.0
0.05,0.02,1.01,-0.01,0.01,0.0
0.05,0.02,1.01,-0.02,-0.0,0.01
0.05,0.01,1.0,-0.01,0.01,-0.01
0.05,0.02,1.0,-0.02,-0.0,0.01
0.06,0.02,1.0,-0.03,-0.0,0.01
0.05,0.02,1.0,-0.03,0.01,-0.0
0.05,0.02,1.0,-0.01,-0.0,0.0
0.05,0.02,1.0,-0.02,0.01,-0.01
0.05,0.01,1.0,-0.01,0.0,0.0
0.04,0.03,1.0,-0.03,0.0,0.01
0.05,0.02,1.0,-0.03,0.0,0.0
0.05,0.01,1.0,-0.02,0.0,0.0
0.05,0.01,1.0,-0.02,0.01,-0.01
0.06,0.01,1.0,-0.02,0.01,-0.0
0.05,0.02,1.0,-0.01,0.01,0.01
0.05,0.03,1.0,-0.01,0.01,-0.0
0.05,0.02,1.0,-0.02,0.01,0.0
0.05,0.02,1.0,-0.03,0.0,0.0
0.05,0.01,1.0,-0.02,0.01,-0.0
0.05,0.02,1.0,-0.02,-0.0,-0.0
0.06,0.02,0.99,-0.02,0.0,0.01
0.05,0.02,0.99,-0.03,0.0,0.0
0.05,0.02,1.0,-0.02,0.01,0.0
0.05,0.02,1.0,-0.02,0.01,0.01
0.05,0.02,1.0,-0.03,0.0,0.01
0.05,0.02,1.0,-0.03,0.0,0.01
0.05,0.02,1.0,-0.03,0.01,0.0
0.05,0.02,1.0,-0.01,0.0,-0.01
0.05,0.02,1.0,-0.01,-0.0,-0.0
0.06,0.02,1.0,-0.02,-0.0,-0.0
0.05,0.02,1.0,-0.02,-0.0,-0.0
0.05,0.02,1.0,-0.02,0.0,0.0
0.06,0.02,0.99,-0.03,0.0,-0.0
0.05,0.02,1.0,-0.02,0.0,0.0
0.06,0.02,1.0,-0.02,0.01,0.0
0.05,0.02,1.0,-0.02,0.01,-0.0
0.06,0.02,1.0,-0.03,-0.0,-0.0
0.06,0.02,0.99,-0.03,0.01,-0.01
0.05,0.02,1.0,-0.02,0.01,0.01
0.06,0.02,1.0,-0.03,0.02,-0.0
0.05,0.02,1.0,-0.02,0.0,0.0
0.05,0.02,1.0,-0.01,0.01,0.0
0.05,0.02,1.0,-0.02,0.01,-0.01
0.05,0.02,1.0,-0.02,0.0,0.0
0.05,0.02,1.0,-0.02,-0.0,0.01
0.05,0.01,1.0,-0.02,0.0,0.0
0.05,0.01,1.01,-0.02,0.0,0.0
0.06,0.02,1.0,-0.02,-0.0,0.0
0.06,0.03,1.01,-0.03,0.0,-0.0
0.06,0.02,1.0,-0.02,-0.0,0.0
0.06,0.02,1.0,-0.02,-0.0,0.0
0.05,0.02,1.0,-0.04,-0.0,-0.0
0.05,0.01,1.02,-0.02,-0.0,-0.0
0.05,0.02,1.0,-0.02,0.01,-0.0
0.05,0.01,1.0,-0.01,0.0,0.0
0.06,0.02,1.0,-0.02,-0.0,0.0
0.05,0.02,1.01,-0.02,0.0,0.0
0.05,0.01,1.0,-0.02,0.0,0.0
0.06,0.02,1.01,-0.02,0.0,-0.0
0.06,0.02,1.0,-0.02,0.01,-0.0
0.06,0.02,0.99,-0.02,0.01,-0.0
0.05,0.02,1.0,-0.02,0.01,-0.0
0.06,0.02,1.0,-0.01,0.01,0.0
0.05,0.02,1.0,-0.03,0.01,0.0
0.05,0.02,1.0,-0.02,-0.0,-0.0
0.05,0.02,0.99,-0.02,0.0,0.01
0.05,0.02,1.0,-0.03,0.01,-0.0
0.06,0.01,1.0,-0.02,0.0,-0.0
0.05,0.02,0.99,-0.01,0.0,0.0
0.06,0.02,1.0,-0.02,-0.0,0.0
0.05,0.02,1.0,-0.02,0.0,-0.01
0.05,0.02,1.01,-0.02,0.01,0.01
0.05,0.02,1.01,-0.02,0.01,-0.0
0.05,0.02,1.0,-0.02,0.01,0.0
0.05,0.02,1.0,-0.02,0.01,-0.0
0.05,0.02,1.0,-0.01,-0.0,0.0
0.05,0.02,0.99,-0.02,-0.0,-0.01
0.05,0.02,1.0,-0.02,0.01,-0.0
0.05,0.01,1.0,-0.02,0.01,0.0
0.05,0.02,1.0,-0.04,0.02,-0.01
0.06,0.02,0.99,-0.02,0.0,0.0
0.05,0.02,1.0,-0.02,0.0,-0.0
0.05,0.02,1.0,-0.02,0.01,-0.0
0.05,0.02,1.01,-0.02,-0.0,-0.01
0.06,0.02,1.0,-0.02,0.0,0.0
0.05,0.01,0.99,-0.02,0.01,-0.01
0.05,0.02,1.0,-0.01,0.0,-0.0
0.05,0.02,1.0,-0.02,-0.0,0.0
0.06,0.02,1.0,-0.02,0.01,-0.01
0.05,0.02,1.0,-0.02,-0.0,0.01
0.05,0.01,1.0,-0.02,-0.0,0.0
0.06,0.02,1.0,-0.02,-0.0,-0.0
0.05,0.01,1.0,-0.01,0.0,-0.01
0.06,0.02,1.0,-0.01,0.01,0.0
0.05,0.02,0.99,-0.02,0.01,0.0
0.06,0.02,1.0,-0.02,-0.0,0.01
0.06,0.02,1.0,-0.02,0.0,0.0
0.06,0.02,1.0,-0.02,0.01,0.0
0.05,0.02,1.0,-0.02,0.01,-0.0
0.05,0.02,0.99,-0.01,0.0,-0.0
0.05,0.01,1.0,-0.02,0.01,0.0
0.05,0.02,1.01,-0.02,0.01,0.0
0.05,0.01,1.0,-0.03,0.01,-0.0
0.05,0.01,1.0,-0.02,-0.0,0.01
0.05,0.02,1.0,-0.03,0.01,-0.0
0.06,0.02,1.0,-0.01,-0.0,0.0
0.05,0.01,1.0,-0.02,0.01,0.0
0.06,0.02,1.0,-0.03,0.0,0.0
0.05,0.02,1.0,-0.02,0.01,0.0
0.05,0.02,1.0,-0.01,-0.0,-0.0
0.05,0.02,1.0,-0.02,0.01,-0.0
0.05,0.02,1.0,-0.02,-0.01,0.01
0.05,0.01,1.0,-0.02,0.0,0.0
0.05,0.02,1.0,-0.02,-0.0,0.01
0.05,0.02,0.99,-0.02,0.01,-0.0
0.05,0.02,0.99,-0.02,0.01,-0.0
0.06,0.02,1.0,-0.01,-0.0,0.0
0.06,0.02,1.0,-0.03,0.01,0.0
0.05,0.02,1.0,-0.02,0.01,-0.01
0.05,0.02,1.0,-0.03,0.01,0.0
0.05,0.02,1.0,-0.02,0.0,0.0
0.06,0.02,1.0,-0.02,0.0,0.0
0.05,0.02,1.0,-0.02,0.01,0.0
0.05,0.02,1.0,-0.02,-0.0,0.0
0.05,0.02,1.0,-0.01,0.01,0.0
0.05,0.01,0.99,-0.01,0.01,-0.0
0.06,0.01,1.01,-0.02,0.01,-0.01
0.05,0.02,0.99,-0.02,-0.0,0.01
0.05,0.01,1.0,-0.02,0.01,-0.0
0.06,0.02,1.0,-0.02,-0.01,0.0
0.06,0.02,1.0,-0.02,-0.0,0.0
0.06,0.02,1.0,-0.02,-0.0,0.0
0.05,0.02,1.01,-0.02,0.01,-0.01
0.05,0.02,1.0,-0.02,0.01,-0.01
0.05,0.02,0.99,-0.01,0.0,-0.0
0.06,0.02,1.0,-0.02,-0.0,-0.0
0.05,0.02,1.0,-0.01,0.01,-0.0
0.05,0.01,1.0,-0.02,0.01,0.01
0.05,0.02,1.0,-0.03,0.02,-0.0
0.04,0.02,1.01,-0.02,0.01,-0.01
0.06,0.02,1.0,-0.03,0.01,0.0
0.05,0.02,1.0,-0.03,0.01,-0.0
0.06,0.02,1.0,-0.01,0.0,-0.0
0.07,0.02,1.01,-0.02,-0.0,0.0
0.05,0.01,1.01,-0.02,0.01,-0.0
0.05,0.02,1.01,-0.02,0.0,-0.0
0.05,0.02,1.0,-0.02,0.01,-0.0
0.05,0.02,1.0,-0.02,-0.0,-0.0
0.05,0.02,1.0,-0.01,0.01,-0.0
0.05,0.01,1.0,-0.01,-0.01,-0.0
0.05,0.01,1.0,-0.01,0.0,-0.0
0.06,0.01,0.99,-0.01,-0.01,0.01
0.05,0.02,1.0,-0.02,0.0,-0.0
0.05,0.02,1.0,-0.02,0.0,0.01
0.05,0.02,1.0,-0.03,0.02,-0.0
0.06,0.02,1.0,-0.02,-0.01,-0.0
0.05,0.02,1.0,-0.02,0.0,-0.0
0.05,0.02,1.0,-0.02,0.01,-0.01
0.05,0.02,1.0,-0.03,0.01,-0.01
0.05,0.02,1.0,-0.03,0.01,0.0
0.05,0.02,1.0,-0.01,0.01,-0.0
0.06,0.02,1.0,-0.01,0.0,0.0
0.05,0.01,1.0,-0.02,0.01,-0.0
0.06,0.01,1.0,-0.02,0.0,0.0
0.06,0.02,1.01,-0.02,0.01,-0.0
0.05,0.02,1.0,-0.02,0.01,-0.0
0.06,0.02,1.0,-0.01,-0.0,0.0
0.06,0.02,1.0,-0.02,-0.01,0.01
0.06,0.02,0.99,-0.03,0.01,-0.01
0.06,0.01,1.0,-0.02,-0.0,0.0
0.05,0.01,1.0,-0.02,0.0,0.0
0.06,0.02,1.0,-0.01,-0.0,0.01
0.05,0.02,1.0,-0.02,-0.0,-0.01
0.05,0.02,1.0,-0.02,0.01,0.0
0.05,0.02,1.0,-0.02,0.01,0.0
0.06,0.02,1.01,-0.01,0.0,0.01
0.06,0.02,1.0,-0.03,0.01,-0.01
0.05,0.02,1.0,-0.02,0.01,0.0
0.05,0.02,1.0,-0.02,0.0,0.01
0.05,0.02,1.0,-0.03,-0.0,0.01
0.05,0.02,0.99,-0.03,0.01,-0.0
0.06,0.02,1.0,-0.02,0.0,-0.01
0.05,0.02,1.0,-0.02,0.0,-0.0
0.05,0.02,1.0,-0.03,-0.01,0.01
0.05,0.01,0.99,-0.02,-0.0,0.01
0.06,0.02,0.99,-0.02,0.0,0.0
0.04,0.02,1.0,-0.01,0.01,-0.01
0.06,0.01,1.0,-0.02,-0.0,-0.0
0.06,0.02,0.99,-0.01,0.0,-0.0
0.06,0.02,1.0,-0.01,0.0,-0.01
0.06,0.02,0.99,-0.02,0.01,-0.0
0.05,0.01,0.99,-0.02,-0.0,0.0
0.06,0.01,1.0,-0.01,0.01,-0.0
0.06,0.01,1.0,-0.02,0.0,0.0
0.05,0.02,1.0,-0.02,0.01,0.0
0.05,0.02,1.0,-0.01,-0.0,-0.0
0.06,0.02,1.0,-0.02,0.01,-0.0
0.06,0.01,1.0,-0.02,0.01,-0.0
0.06,0.02,1.0,-0.01,0.01,-0.01
0.06,0.01,0.99,-0.02,0.01,0.0
0.06,0.01,1.0,-0.02,0.01,-0.0
0.05,0.01,1.01,-0.02,-0.0,0.0
0.05,0.02,1.0,-0.02,0.01,-0.0
0.05,0.01,1.0,-0.02,-0.0,0.0
0.05,0.02,1.0,-0.02,0.0,0.0
0.05,0.02,1.0,-0.02,0.01,-0.0
0.05,0.02,1.0,-0.02,0.01,-0.01
0.05,0.02,1.0,-0.01,-0.0,0.01
0.05,0.02,1.0,-0.02,0.01,-0.01
0.05,0.02,1.0,-0.02,0.0,0.01
0.05,0.02,1.0,-0.04,0.01,0.0
0.06,0.02,1.0,-0.03,-0.0,-0.0
0.06,0.02,1.0,-0.03,0.01,0.0
0.06,0.02,1.0,-0.02,0.0,-0.0
0.05,0.02,1.0,-0.02,-0.0,-0.0
0.06,0.02,0.99,-0.02,-0.0,-0.0
0.06,0.02,1.0,-0.03,0.01,-0.0
0.06,0.02,1.0,-0.03,0.01,0.0
0.05,0.01,1.0,-0.02,0.01,0.0
0.05,0.01,1.01,-0.02,0.0,0.0
0.05,0.01,0.99,-0.02,0.01,0.0
0.05,0.01,1.0,-0.02,0.01,-0.0
0.05,0.02,1.0,-0.01,0.0,-0.0
0.05,0.01,1.0,-0.02,-0.0,0.0
0.05,0.02,1.0,-0.02,0.0,-0.01
0.06,0.02,1.0,-0.01,0.0,0.0
0.05,0.02,1.0,-0.02,0.0,0.01
0.05,0.01,1.0,-0.02,0.0,0.0
0.06,0.02,1.01,-0.02,0.01,0.01
0.06,0.01,1.0,-0.03,-0.0,-0.0
0.06,0.02,1.0,-0.03,0.01,0.0
0.05,0.01,1.0,-0.02,-0.0,0.0
0.06,0.02,1.0,-0.02,0.01,0.0
0.05,0.02,1.0,-0.02,0.0,-0.0
0.06,0.02,1.0,-0.02,0.0,0.0
0.06,0.02,1.01,-0.02,0.0,0.0
0.06,0.02,1.0,-0.04,0.01,-0.01
0.06,0.02,1.01,-0.02,0.01,0.0
0.06,0.02,1.0,-0.03,0.0,-0.0
0.05,0.02,0.99,-0.04,0.01,0.0
0.05,0.02,1.0,-0.01,0.0,-0.0
0.06,0.02,1.0,-0.01,-0.0,0.01
0.05,0.02,1.0,-0.03,0.0,0.0
0.05,0.01,0.99,-0.02,0.0,0.0
0.05,0.01,1.0,-0.03,0.01,0.0
0.05,0.02,1.0,-0.02,0.0,0.0
0.05,0.02,1.0,-0.01,0.0,0.0
0.06,0.01,1.0,-0.01,0.0,0.0
0.06,0.01,1.0,-0.02,0.01,-0.01
0.05,0.02,1.0,-0.01,-0.0,-0.0
0.06,0.02,0.99,-0.01,0.01,-0.0
0.05,0.02,0.99,-0.02,-0.0,-0.0
0.05,0.02,1.0,-0.02,0.0,0.0
0.05,0.03,1.0,-0.02,0.0,0.0
0.05,0.02,1.0,-0.02,-0.0,-0.0
0.06,0.02,1.0,-0.01,0.0,-0.0
0.05,0.02,1.0,-0.03,0.01,-0.0
0.06,0.02,1.0,-0.02,0.01,0.01
0.05,0.02,1.0,-0.02,0.0,0.01
0.05,0.02,1.0,-0.03,0.01,0.01
0.06,0.02,0.99,-0.03,0.0,0.01
0.06,0.02,1.0,-0.02,0.02,-0.0
0.06,0.02,1.0,-0.03,-0.0,-0.0
0.05,0.02,0.99,-0.01,-0.01,-0.0
0.05,0.02,1.0,-0.01,0.0,-0.01
0.06,0.02,0.99,-0.02,-0.0,0.0
0.06,0.03,1.0,-0.02,0.0,0.0
0.05,0.02,0.99,-0.02,0.01,-0.0
0.05,0.02,1.0,-0.02,0.0,-0.0
0.05,0.02,1.0,-0.02,0.01,0.0
0.06,0.01,1.0,-0.01,0.0,-0.01
0.06,0.02,1.0,-0.01,-0.0,0.0
0.05,0.02,1.0,-0.03,0.01,-0.0
0.06,0.02,1.0,-0.02,0.0,-0.0
0.05,0.01,1.0,-0.02,0.0,0.0
0.05,0.02,1.0,-0.02,-0.0,0.0
0.06,0.01,1.0,-0.02,0.0,-0.0
0.06,0.02,1.0,-0.02,0.01,-0.01
0.05,0.02,1.0,-0.02,-0.0,-0.0
0.05,0.02,1.0,-0.02,0.0,-0.0
0.06,0.02,0.99,-0.02,-0.0,-0.01
0.05,0.02,1.0,-0.02,0.0,-0.0
0.05,0.02,0.99,-0.01,-0.0,0.01
0.05,0.02,1.0,-0.01,0.01,0.0
0.05,0.02,1.0,-0.02,0.0,-0.0
0.05,0.02,1.0,-0.01,0.01,-0.0
0.06,0.02,1.0,-0.01,-0.0,0.01
0.05,0.02,1.0,-0.01,0.0,-0.01
0.05,0.02,1.0,-0.02,0.01,-0.01
0.05,0.02,1.0,-0.01,-0.0,0.0
0.06,0.02,1.0,-0.02,0.01,-0.0
0.05,0.01,1.0,-0.01,0.01,0.0
0.05,0.02,1.0,-0.02,0.0,0.0
0.05,0.01,1.0,-0.02,0.01,-0.0
0.06,0.01,1.0,-0.02,-0.0,0.0
0.05,0.02,0.99,-0.01,0.0,-0.0
0.05,0.02,1.0,-0.01,0.01,0.0
0.05,0.02,1.0,-0.02,0.01,-0.0
0.05,0.01,0.99,-0.03,-0.0,0.0
0.05,0.02,1.0,-0.02,0.01,-0.01
0.06,0.02,1.0,-0.02,0.0,0.0
0.05,0.02,1.0,-0.02,0.01,0.0
0.05,0.02,1.0,-0.01,-0.0,0.0
0.06,0.02,1.0,-0.02,0.01,-0.01
0.06,0.02,1.0,-0.01,0.01,-0.0
0.05,0.02,1.0,-0.01,0.01,0.0
0.06,0.02,1.0,-0.01,0.0,0.01
0.05,0.02,0.99,-0.03,0.0,0.0
0.05,0.02,1.01,-0.02,-0.0,0.0
0.05,0.02,1.0,-0.01,0.01,-0.0
0.05,0.02,1.0,-0.01,0.0,0.0
0.05,0.02,1.0,-0.01,0.0,-0.01
0.06,0.02,1.0,-0.02,0.01,-0.01
0.05,0.02,1.0,-0.02,0.01,-0.0
0.06,0.02,1.0,-0.02,-0.0,0.01
0.05,0.02,0.99,-0.03,0.01,-0.0
0.06,0.01,1.0,-0.02,0.01,0.01
0.05,0.01,1.0,-0.04,0.02,-0.01
0.06,0.02,1.0,-0.02,-0.0,-0.0
0.05,0.02,1.0,-0.03,-0.0,0.0
0.06,0.02,1.0,-0.02,-0.0,-0.0
0.05,0.02,1.0,-0.02,0.0,0.0
0.06,0.02,1.0,-0.02,-0.0,0.01
0.05,0.02,1.0,-0.02,0.01,-0.0
0.05,0.02,1.0,-0.03,0.0,-0.0
0.05,0.02,0.99,-0.02,0.0,0.0
0.06,0.02,1.0,-0.02,0.0,0.0
0.05,0.02,0.99,-0.02,0.0,-0.0
0.05,0.02,1.0,-0.02,0.01,-0.0
0.06,0.02,1.0,-0.02,0.01,-0.01
0.05,0.02,1.0,-0.02,0.0,-0.0
0.05,0.02,1.0,-0.01,0.01,-0.0
0.06,0.02,1.0,-0.01,-0.0,0.0
0.06,0.02,1.0,-0.03,0.01,-0.0
0.06,0.02,1.0,-0.02,-0.0,0.0
0.05,0.02,1.0,-0.02,0.01,-0.0
0.05,0.02,0.99,-0.01,0.0,-0.01
0.06,0.02,1.0,-0.02,-0.0,-0.0
0.05,0.02,1.0,-0.02,-0.0,-0.0
0.05,0.02,1.0,-0.02,-0.0,-0.0
0.05,0.01,1.0,-0.02,-0.0,0.0
0.05,0.02,1.0,-0.02,0.01,0.0
0.05,0.02,1.0,-0.02,-0.0,0.01
0.06,0.01,1.0,-0.02,0.01,-0.01
0.05,0.02,1.0,-0.01,0.01,-0.0
0.05,0.02,0.99,-0.01,0.0,-0.0
0.05,0.02,1.0,-0.01,-0.01,0.0
0.06,0.02,1.0,-0.02,0.01,-0.0
0.06,0.01,1.0,-0.02,0.01,0.0
0.05,0.02,1.0,-0.02,0.01,0.0
0.05,0.02,1.0,-0.02,0.01,0.0
0.05,0.02,1.0,-0.01,0.01,-0.01
0.05,0.02,1.0,-0.02,0.01,-0.0
0.05,0.02,1.0,-0.01,0.0,0.0
0.05,0.02,1.0,-0.01,-0.0,0.0
0.06,0.02,1.0,-0.02,0.01,0.0
0.05,0.02,1.0,-0.02,0.01,-0.0
0.05,0.02,1.0,-0.01,0.01,-0.0
0.05,0.02,1.01,-0.01,-0.0,-0.01
0.04,0.01,1.0,-0.02,-0.0,0.0
0.05,0.01,1.0,-0.03,-0.01,-0.0
0.05,0.02,1.0,-0.01,0.0,-0.0
0.05,0.02,0.99,-0.02,-0.0,0.01
0.06,0.01,1.0,-0.02,0.01,0.0
0.05,0.01,1.0,-0.02,0.0,0.0
0.05,0.02,0.99,-0.03,0.01,0.01
0.06,0.01,1.0,-0.02,0.0,0.0
0.05,0.02,1.0,-0.02,0.01,-0.01
0.06,0.02,1.0,-0.02,0.01,-0.01
0.06,0.02,1.0,-0.01,0.0,-0.01
0.05,0.02,1.0,-0.02,0.01,0.0
0.06,0.02,1.0,-0.02,0.01,-0.0
0.05,0.02,1.0,-0.01,0.0,0.01
0.05,0.02,1.0,-0.02,0.01,0.01
0.05,0.02,1.01,-0.03,0.0,0.01
0.06,0.02,1.0,-0.02,0.01,0.0
0.05,0.01,1.0,-0.02,0.01,0.0
0.06,0.02,0.99,-0.02,0.01,0.0
0.05,0.02,1.0,-0.01,-0.0,0.01
0.05,0.02,1.0,-0.02,0.0,-0.0
0.05,0.02,1.01,-0.02,-0.0,0.01
0.05,0.02,1.0,-0.03,0.01,0.0
0.05,0.02,1.0,-0.02,-0.0,0.0
0.05,0.02,1.0,-0.02,0.01,0.0
0.05,0.01,1.0,-0.02,0.01,0.0
0.05,0.02,0.99,-0.02,0.01,-0.0
0.05,0.02,1.0,-0.02,-0.0,0.0
0.06,0.02,1.0,-0.02,0.0,0.0
0.06,0.02,1.0,-0.02,0.0,0.0
0.06,0.02,1.0,-0.02,0.02,0.0
0.05,0.02,1.0,-0.03,0.01,0.01
0.06,0.02,1.0,-0.03,0.0,0.0
0.05,0.02,1.0,-0.04,0.01,0.0
0.06,0.01,1.0,-0.03,0.0,-0.0
0.05,0.02,1.0,-0.02,-0.0,0.01
0.06,0.02,1.0,-0.03,0.01,0.0
0.05,0.02,1.0,-0.02,0.0,-0.0
0.05,0.02,1.0,-0.02,0.01,-0.01
0.05,0.02,1.0,-0.02,-0.0,-0.0
0.06,0.02,1.0,-0.08,-0.08,0.07
0.05,0.02,1.0,-0.04,-0.01,0.02
0.05,0.02,1.0,-0.04,0.01,-0.0
0.05,0.01,0.99,-0.02,-0.0,0.01
0.05,0.01,1.0,-0.02,0.0,0.0
0.05,0.02,1.0,-0.01,0.0,0.0
0.06,0.01,1.01,-0.02,0.01,-0.0
0.05,0.01,1.0,-0.01,-0.01,0.01
0.05,0.02,0.99,-0.04,0.01,-0.0
0.06,0.02,1.0,-0.02,0.01,0.0
0.06,0.02,1.0,-0.02,0.01,0.0
0.05,0.02,0.99,-0.03,0.0,0.0
0.06,0.02,0.99,-0.02,0.01,-0.0
0.06,0.02,0.99,-0.03,0.01,0.0
0.06,0.02,1.01,-0.03,0.02,-0.0
0.06,0.02,1.01,-0.02,0.0,-0.0
0.06,0.02,0.99,-0.02,0.0,-0.0
0.05,0.02,1.0,-0.02,0.0,-0.0
0.05,0.02,1.01,-0.01,0.0,-0.0
0.05,0.02,1.0,-0.01,-0.01,0.01
0.05,0.02,1.0,-0.02,-0.01,0.0
0.05,0.02,1.0,-0.02,-0.0,0.0
0.05,0.02,1.0,-0.03,0.01,-0.01
0.06,0.02,0.99,-0.02,0.0,-0.0
0.06,0.02,1.0,-0.02,0.0,-0.0
0.05,0.02,1.01,-0.03,0.0,0.0
0.06,0.02,1.0,-0.02,0.01,-0.0
0.06,0.02,1.0,-0.02,-0.0,0.01
0.05,0.02,1.01,-0.03,0.01,-0.0
0.06,0.02,1.0,-0.01,0.01,-0.0
0.06,0.01,0.99,-0.03,0.01,0.0
0.05,0.01,0.99,-0.02,0.01,0.0
0.06,0.01,0.98,-0.01,0.01,-0.0
0.05,0.01,0.99,-0.02,0.01,-0.0
0.05,0.01,0.99,-0.03,0.01,-0.0
0.05,0.01,1.0,-0.01,0.01,0.0
0.05,0.02,1.01,-0.02,0.01,-0.0
0.06,0.03,1.02,-0.02,0.0,0.0
0.06,0.04,1.01,-0.02,-0.0,-0.0
0.05,0.04,1.01,-0.01,0.0,-0.0
0.05,0.04,1.0,-0.01,-0.01,-0.0
0.06,0.03,0.99,-0.03,-0.01,0.0
0.06,0.02,0.99,-0.02,-0.0,0.0
0.06,0.03,0.99,-0.02,-0.01,0.0
0.07,0.03,1.0,-0.03,-0.0,0.01
0.06,0.03,1.0,-0.02,0.0,-0.0
0.07,0.02,1.0,-0.03,0.0,0.0
0.07,0.02,1.0,-0.02,0.01,-0.01
0.06,0.01,0.99,-0.0,-0.0,0.01
0.06,0.0,0.99,-0.02,0.01,-0.0
0.06,0.0,0.99,-0.02,0.01,0.0
0.05,0.0,1.0,-0.03,0.01,0.0
0.05,0.01,1.0,-0.02,0.01,0.0
0.04,0.02,1.0,-0.02,0.01,0.01
0.04,0.02,1.01,-0.03,0.01,0.0
0.04,0.02,1.02,-0.02,0.01,-0.0
0.04,0.02,1.01,-0.02,0.0,-0.0
0.05,0.02,1.01,-0.02,0.01,-0.0
0.05,0.02,1.0,-0.01,-0.0,-0.0
0.05,0.02,1.0,-0.01,-0.0,-0.0
0.06,0.03,1.0,-0.01,-0.01,-0.0
0.06,0.02,1.0,-0.01,-0.0,-0.01
0.06,0.02,1.0,-0.01,-0.0,0.01
0.06,0.02,1.0,-0.02,0.0,-0.0
0.06,0.02,1.0,-0.02,0.01,0.0
0.06,0.02,1.0,-0.02,0.0,0.0
0.05,0.01,1.0,-0.02,0.0,0.0
0.05,0.01,1.0,-0.01,0.0,0.01
0.05,0.01,1.0,-0.01,0.01,0.0
0.05,0.01,1.0,-0.02,0.01,0.0
0.05,0.01,1.0,-0.03,0.02,0.0
0.05,0.02,1.0,-0.03,0.01,0.0
0.05,0.02,0.99,-0.02,0.0,0.0
0.05,0.02,1.0,-0.02,0.01,0.0
0.05,0.02,0.99,-0.02,-0.0,0.0
0.06,0.02,1.0,-0.02,0.0,-0.0
0.05,0.02,1.0,-0.02,0.01,-0.01
0.06,0.02,1.0,-0.01,0.01,-0.0
0.06,0.02,1.0,-0.03,-0.0,0.01
0.07,0.02,0.99,-0.02,0.01,-0.0
0.06,0.02,1.0,-0.02,-0.01,0.01
0.06,0.02,1.0,-0.03,0.0,-0.0
0.06,0.02,0.99,-0.02,-0.0,0.0
0.06,0.02,1.0,-0.03,0.0,-0.01
0.06,0.02,1.0,-0.02,0.01,-0.0
0.06,0.02,1.01,-0.03,0.01,0.0
0.06,0.03,1.0,-0.02,0.0,0.01
0.05,0.02,1.0,-0.02,0.0,-0.0
0.06,0.02,1.0,-0.02,-0.0,-0.0
0.05,0.02,1.01,-0.02,0.01,0.0
0.06,0.01,1.01,-0.02,0.0,-0.01
0.06,0.02,1.0,-0.02,0.01,0.0
0.05,0.01,1.0,-0.02,0.01,0.0
0.05,0.01,1.01,-0.01,0.0,0.0
0.05,0.02,1.0,-0.02,-0.0,0.0
0.06,0.02,1.0,-0.02,-0.0,0.01
0.06,0.02,1.0,-0.03,0.01,0.0
0.05,0.02,1.0,-0.02,0.01,0.0
0.05,0.02,1.0,-0.03,0.0,0.0
0.06,0.02,1.0,-0.02,0.0,-0.01
0.06,0.02,1.0,-0.02,-0.0,-0.0
0.05,0.02,0.99,-0.03,0.0,-0.01
0.05,0.02,1.01,-0.02,-0.0,0.01
0.05,0.02,1.0,-0.03,0.01,-0.0
0.06,0.01,1.0,-0.02,0.01,0.0
0.05,0.01,1.01,-0.03,0.01,-0.0
0.06,0.01,1.0,-0.02,0.0,-0.0
0.05,0.01,0.99,-0.01,0.01,-0.01
0.05,0.02,1.0,-0.03,0.01,-0.01
0.05,0.02,0.99,-0.02,0.01,-0.0
0.05,0.03,1.0,-0.03,0.0,0.0
0.06,0.01,0.98,-0.02,0.01,0.0
0.05,0.02,1.0,-0.02,-0.01,0.0
0.06,0.02,1.0,-0.01,0.01,-0.0
0.05,0.02,0.99,-0.02,-0.01,0.0
0.06,0.03,1.0,-0.03,0.01,-0.0
0.06,0.01,0.98,-0.02,0.01,-0.0
0.05,0.02,1.0,-0.01,0.0,-0.0
0.06,0.01,1.0,-0.01,0.01,0.0
0.06,0.02,1.0,-0.02,0.0,-0.0
0.06,0.02,0.99,-0.02,-0.0,0.01
0.05,0.02,1.0,-0.03,0.01,0.0
0.06,0.02,0.99,-0.03,-0.0,0.0
0.06,0.02,1.0,-0.02,0.01,-0.01
0.05,0.02,0.99,-0.02,0.01,0.0
0.05,0.01,1.0,-0.02,0.01,-0.01
0.06,0.02,0.99,-0.02,0.0,0.0
0.05,0.01,0.96,-0.02,0.01,0.0
0.06,0.02,1.0,-0.02,-0.0,-0.01
0.06,0.02,1.0,-0.02,0.02,-0.01
0.06,0.02,0.99,-0.02,0.01,-0.0
0.05,0.02,1.0,-0.02,0.01,0.0
0.05,0.02,0.99,-0.02,0.01,-0.01
0.06,0.03,1.0,-0.01,0.0,-0.0
0.06,0.02,1.01,-0.01,-0.01,0.01
0.06,0.02,0.99,-0.02,0.0,0.0
0.06,0.03,1.01,-0.02,0.0,0.0
0.06,0.03,1.01,-0.02,0.02,0.0
0.05,0.02,1.0,-0.03,-0.0,0.0
0.06,0.02,1.0,-0.01,0.0,-0.0
0.05,0.02,1.0,-0.01,-0.01,-0.01
0.05,0.02,1.01,-0.02,0.0,-0.0
0.05,0.01,1.0,-0.02,-0.0,0.0
0.05,0.01,1.0,-0.02,0.01,-0.0
0.05,0.01,1.0,-0.01,-0.0,0.0
0.05,0.01,1.01,-0.02,0.01,-0.0
0.05,0.02,1.01,-0.02,0.0,-0.0
0.06,0.02,1.0,-0.02,0.0,-0.0
0.06,0.02,1.0,-0.03,0.01,-0.0
0.05,0.02,1.0,-0.02,0.0,-0.0
0.05,0.02,1.0,-0.02,0.01,-0.0
0.05,0.02,1.0,-0.01,0.0,-0.0
0.06,0.01,1.01,-0.01,0.0,0.0
0.06,0.02,1.0,-0.01,0.01,-0.0
0.05,0.02,1.0,-0.02,-0.0,0.0
0.06,0.02,0.99,-0.01,0.0,-0.0
0.06,0.02,1.0,-0.02,0.01,0.0
0.05,0.02,1.0,-0.02,0.01,0.0
0.06,0.02,1.0,-0.02,0.0,0.0
0.05,0.02,1.0,-0.02,0.01,-0.0
0.05,0.01,0.99,-0.01,-0.0,0.0
0.05,0.02,1.0,-0.02,0.01,-0.01
0.05,0.01,1.0,-0.01,-0.0,-0.0
0.05,0.02,0.99,-0.01,0.01,-0.0
0.05,0.02,1.0,-0.02,0.0,-0.01
0.05,0.02,1.0,-0.02,0.0,-0.0
0.06,0.02,1.0,-0.02,-0.0,0.01
0.05,0.02,1.0,-0.03,0.01,-0.01
0.05,0.02,1.0,-0.02,0.0,-0.0
0.05,0.03,1.0,-0.02,0.0,0.0
0.05,0.02,1.0,-0.02,0.01,0.0
0.05,0.02,1.0,-0.03,0.01,0.0
0.06,0.02,1.0,-0.02,0.0,0.0
0.06,0.02,1.0,-0.02,0.01,-0.01
0.05,0.02,1.0,-0.02,-0.01,0.0
0.05,0.02,1.01,-0.02,0.01,0.0
0.06,0.01,1.0,-0.02,-0.0,0.0
0.06,0.02,1.0,-0.02,0.01,-0.0
0.05,0.02,1.0,-0.02,0.0,0.0
0.05,0.02,1.0,-0.01,0.01,-0.0
0.05,0.01,1.0,-0.0,0.0,-0.01
0.05,0.02,1.0,-0.02,0.01,-0.01
0.06,0.01,0.99,-0.02,-0.0,0.0
0.05,0.01,0.99,-0.02,0.01,-0.01
0.05,0.02,0.99,-0.02,0.0,0.0
0.06,0.02,1.0,-0.02,0.0,0.01
0.06,0.01,0.99,-0.03,0.01,0.0
0.06,0.02,1.0,-0.01,0.0,0.0
0.05,0.02,1.0,-0.02,0.0,-0.0
0.05,0.02,0.99,-0.02,0.01,-0.0
0.05,0.02,1.0,-0.02,0.01,-0.0
0.06,0.02,1.0,-0.02,0.01,-0.0
0.06,0.02,1.0,-0.03,0.0,0.0
0.05,0.02,1.0,-0.02,0.01,-0.0
0.06,0.02,1.0,-0.01,-0.0,0.0
0.05,0.01,1.0,-0.03,0.01,0.0
0.05,0.02,1.0,-0.02,-0.0,-0.01
0.05,0.02,1.0,-0.02,-0.0,-0.01
0.06,0.02,0.99,-0.01,0.0,0.01
0.05,0.02,0.99,-0.03,0.01,-0.0
0.05,0.01,1.0,-0.01,0.0,-0.0
0.05,0.02,1.0,-0.03,0.01,0.0
0.05,0.02,0.99,-0.02,0.0,0.0
0.05,0.02,0.99,-0.02,0.0,-0.01
0.05,0.02,1.0,-0.01,0.0,-0.01
0.05,0.02,0.99,-0.01,0.0,-0.01
0.05,0.02,1.0,-0.01,-0.0,-0.0
0.05,0.02,1.0,-0.02,0.01,-0.0
0.06,0.02,1.0,-0.01,-0.0,0.01
0.06,0.02,0.99,-0.03,-0.0,0.0
0.05,0.01,1.0,-0.04,0.01,0.0
0.05,0.02,0.99,-0.02,0.0,0.01
0.06,0.02,1.0,-0.01,0.01,0.0
0.05,0.02,1.0,-0.01,0.0,-0.01
0.06,0.02,1.0,-0.01,0.0,0.0
0.05,0.02,1.0,-0.03,0.01,-0.01
0.05,0.02,1.01,-0.02,0.01,-0.0
0.05,0.02,1.0,-0.02,0.0,0.0
0.05,0.02,1.01,-0.02,0.0,-0.0
0.05,0.01,1.0,-0.02,0.01,-0.0
0.06,0.01,1.0,-0.02,-0.01,0.0
0.05,0.02,0.99,-0.02,0.0,-0.0
0.05,0.02,1.0,-0.02,0.0,0.0
0.06,0.02,1.01,-0.02,0.01,-0.0
0.06,0.02,0.99,-0.03,0.01,0.0
0.06,0.01,1.0,-0.03,0.0,-0.0
0.05,0.01,1.01,-0.02,0.0,-0.0
0.05,0.02,1.0,-0.03,0.01,-0.0
0.05,0.02,1.0,-0.02,0.01,-0.0
0.05,0.02,1.0,-0.01,-0.0,-0.01
0.05,0.02,1.0,-0.01,0.0,-0.0
0.06,0.02,0.99,-0.02,-0.0,-0.01
0.05,0.02,1.0,-0.02,0.01,-0.0
0.06,0.02,1.0,-0.01,0.01,0.0
0.05,0.02,1.0,-0.02,0.0,0.01
0.05,0.02,1.01,-0.02,0.0,0.0
0.05,0.02,1.0,-0.02,0.01,-0.0
0.05,0.02,1.0,-0.01,-0.0,-0.0
0.05,0.02,0.99,-0.02,0.0,0.0
0.05,0.02,0.99,-0.02,0.01,-0.0
0.05,0.02,1.0,-0.01,0.0,-0.0
0.05,0.02,0.99,-0.02,0.01,-0.0
0.05,0.02,1.0,-0.01,0.01,0.0
0.06,0.02,1.0,-0.02,0.0,0.01
0.06,0.02,0.99,-0.03,0.01,0.0
0.05,0.02,1.0,-0.02,0.0,-0.01
0.05,0.02,1.0,-0.01,-0.0,0.0
0.05,0.02,1.0,-0.01,0.01,-0.0
0.06,0.02,1.0,-0.01,-0.0,0.0
0.05,0.02,1.0,-0.03,-0.0,0.01
0.06,0.02,1.01,-0.03,0.01,0.01
0.05,0.02,1.0,-0.02,0.01,0.0
0.05,0.01,1.0,-0.02,0.01,-0.01
0.06,0.01,1.0,-0.02,-0.0,0.0
0.05,0.01,0.99,-0.02,0.01,-0.01
0.06,0.01,1.0,-0.01,0.0,-0.01
0.05,0.02,1.0,-0.02,0.0,0.0
0.05,0.01,1.0,-0.02,0.0,0.0
0.06,0.02,1.0,-0.02,0.0,0.0
0.05,0.02,0.99,-0.02,0.0,0.0
0.06,0.02,1.01,-0.01,0.01,-0.0
0.05,0.03,0.99,-0.02,0.01,-0.0
0.06,0.01,1.0,-0.01,0.0,-0.0
0.06,0.02,1.01,-0.02,0.01,-0.01
0.05,0.01,1.0,-0.01,-0.0,-0.0
0.05,0.02,1.0,-0.02,-0.0,0.01
0.06,0.02,0.99,-0.02,0.01,-0.0
0.05,0.02,0.99,-0.02,0.01,0.0
0.06,0.02,1.0,-0.02,0.01,0.0
0.05,0.01,0.99,-0.03,-0.0,0.01
0.05,0.02,1.0,-0.03,0.01,0.01
0.05,0.02,1.0,-0.03,0.0,-0.01
0.05,0.01,1.0,-0.02,0.01,0.0
0.05,0.02,1.0,-0.04,-0.0,0.01
0.06,0.02,0.99,-0.03,0.01,0.0
0.05,0.02,1.0,-0.02,-0.0,-0.0
0.05,0.02,1.0,-0.02,0.01,-0.0
0.05,0.02,1.0,-0.01,0.0,-0.0
0.05,0.02,1.0,-0.0,0.0,-0.0
0.06,0.02,0.99,-0.01,0.01,-0.01
0.06,0.02,1.0,-0.01,0.01,-0.0
0.05,0.02,1.0,-0.03,0.01,-0.01
0.05,0.02,1.0,-0.02,0.01,-0.0
0.05,0.02,1.0,-0.02,0.0,-0.0
0.05,0.02,1.0,-0.03,0.01,0.0
0.06,0.02,1.01,-0.03,0.0,0.0
0.05,0.02,1.0,-0.02,0.01,-0.01
0.05,0.02,1.0,-0.01,0.0,0.0
0.05,0.02,1.0,-0.01,0.0,-0.0
0.06,0.02,1.0,-0.02,-0.01,-0.0
0.05,0.01,1.0,-0.01,-0.01,0.0
0.05,0.02,1.0,-0.02,0.0,0.01
0.05,0.01,1.0,-0.03,0.01,-0.0
0.05,0.02,0.99,-0.03,-0.0,0.0
0.05,0.01,1.0,-0.03,0.0,-0.0
0.06,0.02,1.0,-0.02,0.01,-0.0
0.05,0.02,1.0,-0.01,0.0,-0.0
0.06,0.02,1.01,-0.02,-0.0,0.01
0.06,0.02,1.0,-0.03,0.01,-0.01
0.05,0.02,1.0,-0.02,0.01,0.01
0.05,0.02,1.0,-0.03,0.01,-0.0
0.05,0.02,1.0,-0.01,0.0,0.01
0.05,0.02,1.0,-0.02,0.0,-0.0
0.06,0.02,1.0,-0.02,0.01,-0.0
0.06,0.02,1.0,-0.02,0.02,-0.01
0.06,0.01,1.0,-0.03,0.0,0.01
0.06,0.02,1.0,-0.02,0.01,-0.01
0.05,0.02,1.0,-0.03,0.01,0.0
0.05,0.02,1.0,-0.02,0.01,0.0
0.06,0.02,1.01,-0.01,-0.0,-0.01
0.05,0.03,1.0,-0.03,-0.0,-0.0
0.05,0.02,1.01,-0.01,-0.0,0.0
0.05,0.01,1.0,-0.01,-0.0,-0.01
0.05,0.02,1.0,-0.03,-0.0,0.0
0.06,0.02,0.99,-0.02,0.01,-0.01
0.06,0.02,1.0,-0.02,0.01,0.0
0.06,0.02,0.99,-0.03,0.01,-0.0
0.06,0.01,1.0,-0.01,0.0,0.0
0.06,0.02,1.0,-0.01,0.0,-0.0
0.06,0.02,1.0,-0.03,0.01,-0.01
0.05,0.02,1.0,-0.03,0.01,-0.01
0.06,0.02,1.0,-0.02,0.01,-0.0
0.06,0.02,1.0,-0.02,0.01,-0.01
0.06,0.02,1.0,-0.01,-0.0,0.01
0.05,0.02,1.0,-0.03,0.02,-0.01
0.06,0.02,1.0,-0.02,-0.0,0.0
0.05,0.01,1.0,-0.02,0.0,-0.0
0.05,0.01,1.0,-0.02,0.01,-0.01
0.05,0.02,1.0,-0.02,0.01,0.0
0.05,0.02,1.0,-0.03,-0.0,0.01
0.05,0.02,1.0,-0.03,0.01,-0.0
0.06,0.02,1.0,-0.02,-0.0,0.0
0.06,0.02,0.99,-0.03,0.0,0.01
0.05,0.02,0.99,-0.03,0.0,0.0
0.06,0.02,0.99,-0.02,0.01,-0.0
0.06,0.02,1.0,-0.02,0.01,-0.0
0.06,0.02,1.0,-0.01,0.0,0.0
0.06,0.02,1.0,-0.01,-0.0,0.01
0.06,0.02,1.0,-0.03,0.01,-0.0
0.06,0.02,1.0,-0.02,0.0,0.0
0.05,0.02,1.0,-0.03,0.02,-0.0
0.05,0.02,1.0,-0.01,0.0,0.01
0.05,0.02,1.0,-0.02,0.0,0.01
0.05,0.02,1.0,-0.02,0.0,-0.0
0.06,0.02,1.0,-0.02,0.0,0.0
0.05,0.02,0.99,-0.02,-0.0,-0.0
0.05,0.02,1.0,-0.01,0.01,0.0
0.05,0.02,1.0,-0.02,0.0,-0.0
0.05,0.02,1.0,-0.04,0.0,-0.0
0.06,0.02,1.0,-0.03,-0.0,0.0
0.06,0.01,1.0,-0.02,0.0,0.01
0.06,0.02,1.0,-0.02,0.0,0.0
0.05,0.02,1.0,-0.01,0.0,-0.0
0.05,0.01,1.0,-0.01,-0.0,0.0
0.06,0.01,1.0,-0.02,0.01,0.0
0.06,0.02,1.01,-0.01,-0.0,0.0
0.06,0.02,0.99,-0.02,0.01,0.0
0.05,0.02,1.01,-0.01,-0.01,-0.0
0.05,0.01,0.99,-0.01,0.0,-0.0
0.05,0.02,1.0,-0.02,0.01,-0.0
0.05,0.02,1.0,-0.01,0.01,-0.0
0.06,0.02,1.0,-0.02,0.0,0.0
0.06,0.01,1.0,-0.01,0.01,-0.0
0.06,0.02,1.01,-0.02,0.01,0.0
0.05,0.02,1.0,-0.02,-0.0,0.01
0.05,0.01,1.0,-0.03,0.0,0.01
0.05,0.02,1.01,0.07,0.21,-0.22
0.05,0.02,1.01,-0.01,0.01,-0.01
0.05,0.02,0.99,-0.02,0.01,-0.0
0.05,0.02,1.0,-0.01,0.0,0.0
0.06,0.02,1.0,-0.02,-0.0,0.0
0.05,0.01,1.0,-0.02,-0.0,0.0
0.05,0.02,1.0,-0.02,0.0,0.0
0.06,0.01,1.0,-0.02,-0.0,0.0
0.05,0.01,1.0,-0.02,0.0,-0.01
0.06,0.01,1.0,-0.02,0.01,-0.0
0.05,0.02,1.0,-0.02,-0.0,-0.0
0.05,0.01,1.0,-0.02,-0.01,0.01
0.05,0.02,0.99,-0.02,0.0,0.0
0.06,0.02,1.0,-0.01,-0.0,0.0
0.05,0.02,1.0,-0.03,0.02,-0.0
0.05,0.02,1.0,-0.01,0.0,0.0
0.05,0.02,1.0,-0.03,-0.0,0.0
0.05,0.01,1.0,-0.02,0.01,0.0
0.05,0.01,1.0,-0.02,0.01,-0.01
0.05,0.01,1.01,-0.02,0.0,0.0
0.06,0.02,1.0,-0.03,0.01,0.01
0.05,0.02,1.0,-0.02,0.01,-0.0
0.06,0.02,1.0,-0.02,0.01,-0.0
0.06,0.02,1.0,-0.02,0.0,-0.0
0.06,0.02,1.0,-0.03,0.0,0.0
0.05,0.02,0.99,-0.03,0.0,0.0
0.06,0.02,1.0,-0.03,-0.0,0.01
0.05,0.01,1.01,-0.03,0.0,0.0
0.05,0.02,1.0,-0.03,0.01,0.0
0.05,0.02,1.0,-0.01,0.0,0.01
0.06,0.02,1.0,-0.03,0.01,0.0
0.06,0.02,1.0,-0.01,0.01,0.0
0.06,0.02,1.0,-0.02,0.01,0.0
0.05,0.01,1.0,-0.03,0.01,0.0
0.05,0.02,1.0,-0.03,0.02,-0.0
0.06,0.01,1.0,-0.02,0.0,-0.01
0.05,0.02,0.99,-0.03,0.01,0.0
0.05,0.02,1.0,-0.01,0.0,0.01
0.05,0.02,1.0,-0.02,0.01,0.0
0.06,0.02,1.0,-0.03,0.01,0.0
0.05,0.01,1.0,-0.02,0.0,-0.0
0.05,0.02,1.0,-0.02,0.01,0.0
0.05,0.01,1.0,-0.01,0.01,-0.0
0.06,0.01,1.0,-0.01,-0.0,-0.0
0.06,0.01,1.0,-0.02,-0.01,-0.0
0.05,0.01,1.0,-0.02,-0.0,-0.0
0.05,0.01,1.0,-0.01,0.0,0.0
0.05,0.02,1.0,-0.01,0.0,0.01
0.06,0.02,1.0,-0.03,0.01,0.0
0.05,0.02,1.0,-0.02,0.01,-0.01
0.06,0.02,1.0,-0.02,0.0,-0.0
0.06,0.01,1.0,-0.02,-0.01,0.0
0.05,0.01,0.99,-0.02,0.01,-0.01
0.05,0.02,1.0,-0.02,0.01,0.01
0.05,0.01,1.0,-0.03,0.02,0.0
0.05,0.01,1.0,-0.02,0.0,0.0
0.06,0.01,1.0,-0.03,0.01,0.0
0.06,0.02,1.0,-0.02,0.01,0.0
0.06,0.02,1.0,-0.03,0.0,0.0
0.05,0.02,1.01,-0.02,0.01,-0.01
0.06,0.02,1.0,-0.03,0.01,0.0
0.05,0.02,0.99,-0.02,0.01,-0.0
0.06,0.02,1.0,-0.02,0.0,0.0
0.05,0.02,1.0,-0.02,0.01,0.0
0.06,0.02,1.0,-0.02,0.0,0.0
0.06,0.02,0.99,-0.01,0.01,0.0
0.06,0.01,0.99,-0.02,-0.0,-0.0
0.06,0.01,1.0,-0.01,0.0,0.0
0.05,0.02,1.0,-0.03,0.01,-0.0
0.06,0.01,0.99,-0.01,0.0,0.0
0.05,0.03,1.01,-0.01,-0.0,0.0
0.06,0.02,1.0,-0.01,0.0,-0.0
0.05,0.02,1.0,-0.01,0.01,-0.0
0.05,0.02,1.0,-0.01,0.01,0.0
0.05,0.02,1.0,-0.01,-0.0,0.01
0.05,0.01,1.0,-0.02,0.01,0.0
0.06,0.02,0.99,-0.02,0.01,-0.0
0.06,0.01,0.99,-0.03,0.01,0.0
0.06,0.01,1.0,-0.01,-0.0,0.01
0.05,0.02,0.99,-0.02,0.01,-0.0
0.06,0.02,1.0,-0.02,0.0,0.0
0.06,0.02,1.0,-0.02,0.01,0.01
0.06,0.02,1.0,-0.04,0.0,0.0
0.06,0.01,1.0,-0.03,0.0,0.0
0.05,0.01,1.0,-0.02,-0.0,0.0
0.06,0.01,1.0,-0.01,0.0,-0.01
0.05,0.02,1.0,-0.02,-0.0,0.01
0.05,0.02,0.99,-0.02,0.01,-0.0
0.05,0.02,1.0,-0.01,0.0,0.0
0.05,0.01,1.0,-0.02,0.01,0.0
0.05,0.01,1.0,-0.02,-0.0,0.0
0.06,0.01,1.0,-0.02,0.0,-0.0
0.06,0.01,1.0,-0.01,0.01,-0.0
0.06,0.02,1.0,-0.01,0.01,-0.0
0.05,0.02,0.99,-0.02,0.02,-0.01
0.05,0.02,0.99,-0.02,0.01,-0.0
0.06,0.01,1.0,-0.01,0.01,0.0
0.05,0.02,1.0,-0.02,0.01,-0.0
0.06,0.01,0.99,-0.03,0.0,0.0
0.06,0.02,1.0,-0.01,0.01,-0.01
0.05,0.02,1.0,-0.02,0.01,-0.0
0.05,0.02,1.0,-0.02,0.01,-0.0
0.06,0.02,1.0,-0.01,-0.0,0.01
0.06,0.02,1.0,-0.03,0.01,-0.0
0.05,0.02,1.0,-0.03,-0.01,0.01
0.06,0.01,1.0,-0.04,0.01,-0.0
0.06,0.02,0.99,-0.02,-0.0,-0.0
0.05,0.02,1.0,-0.02,0.01,-0.01
0.06,0.02,1.0,-0.02,0.01,-0.0
0.06,0.02,1.01,-0.02,0.0,-0.0
0.06,0.02,1.0,-0.02,-0.0,0.0
0.05,0.01,1.0,-0.03,0.01,0.0
0.06,0.01,1.01,-0.02,0.0,0.0
0.06,0.02,1.01,-0.02,0.01,0.0
0.06,0.01,1.0,-0.02,0.01,-0.0
0.06,0.02,1.02,-0.01,0.01,0.0
0.05,0.02,1.01,-0.03,0.01,-0.0
0.05,0.02,1.0,-0.02,0.0,0.0
0.05,0.02,1.0,-0.02,-0.0,0.0
0.05,0.02,1.0,-0.02,0.0,0.0
0.06,0.02,1.0,-0.01,-0.0,0.0
0.05,0.02,1.0,-0.03,0.01,-0.0
0.06,0.02,1.0,-0.02,-0.0,-0.0
0.06,0.02,1.0,-0.02,0.01,-0.0
0.06,0.01,1.0,-0.02,-0.01,-0.01
0.05,0.01,0.99,-0.02,0.0,-0.0
0.05,0.01,1.0,-0.02,0.0,0.01
0.06,0.02,1.0,-0.02,0.01,-0.0
0.06,0.01,1.0,-0.02,0.01,0.01
0.06,0.02,1.0,-0.03,0.01,0.0
0.05,0.02,1.0,-0.04,0.0,0.01
0.06,0.02,1.0,-0.02,-0.0,0.0
0.05,0.02,0.99,-0.03,0.01,0.0
0.05,0.01,1.0,-0.01,0.01,-0.0
0.05,0.02,1.0,-0.02,0.01,0.0
0.05,0.02,1.0,-0.02,0.0,-0.0
0.06,0.02,1.0,-0.01,-0.0,0.0
0.05,0.01,0.99,-0.02,0.02,-0.0
0.05,0.01,1.0,-0.02,-0.0,-0.0
0.06,0.02,1.0,-0.02,0.01,-0.01
0.06,0.02,0.99,-0.01,0.0,-0.01
0.06,0.02,1.0,-0.01,0.0,0.0
0.06,0.02,1.01,-0.02,-0.0,0.01
0.06,0.02,1.0,-0.02,0.0,0.0
0.06,0.02,1.0,-0.02,-0.0,0.0
0.05,0.02,1.0,-0.02,0.01,0.0
0.05,0.02,1.0,-0.02,0.0,-0.0
0.06,0.02,1.0,-0.01,0.01,-0.0
0.05,0.02,0.99,-0.03,0.01,-0.01
0.05,0.01,1.0,-0.01,0.0,0.0
0.05,0.02,1.0,-0.02,-0.0,0.01
0.05,0.02,1.0,-0.02,0.01,-0.0
0.06,0.02,1.0,-0.02,0.0,-0.0
0.06,0.02,1.0,-0.01,0.0,0.01
0.05,0.02,1.0,-0.03,0.01,0.01
0.06,0.02,1.0,-0.02,0.02,-0.01
0.06,0.02,1.0,-0.02,0.0,0.0
0.06,0.02,0.99,-0.02,0.01,-0.01
0.06,0.02,1.0,-0.02,-0.0,0.01
0.05,0.02,1.0,-0.02,0.0,0.0
0.05,0.02,1.0,-0.01,0.0,0.01
0.06,0.02,1.0,-0.02,0.01,-0.0
0.05,0.02,1.0,-0.02,0.0,0.0
0.06,0.01,0.99,-0.02,0.0,-0.0
0.06,0.02,1.0,-0.01,-0.0,-0.0
0.06,0.01,1.0,-0.02,0.0,-0.0
0.06,0.02,1.0,-0.01,-0.01,0.0
0.05,0.02,1.0,-0.02,0.01,-0.0
0.06,0.02,0.99,-0.01,0.0,0.0
0.06,0.01,1.01,-0.02,0.0,0.0
0.05,0.01,0.99,-0.02,0.0,0.0
0.05,0.01,0.99,-0.02,0.0,-0.0
0.05,0.02,1.0,-0.02,0.01,0.0
0.06,0.02,1.0,-0.01,0.0,-0.0
0.05,0.02,1.0,-0.02,0.01,-0.0
0.06,0.02,1.0,-0.02,0.01,-0.0
0.05,0.02,1.0,-0.01,0.01,0.0
0.06,0.02,1.0,-0.02,0.01,-0.0
0.05,0.02,1.0,-0.02,0.0,0.0
0.05,0.02,1.0,-0.02,0.0,-0.0
0.05,0.02,1.0,-0.01,0.0,-0.0
0.05,0.02,1.0,-0.01,-0.0,-0.0
0.06,0.02,1.0,-0.02,-0.01,0.0
0.06,0.02,1.0,-0.02,0.01,-0.01
0.05,0.02,1.0,-0.02,-0.0,0.01
0.05,0.01,1.0,-0.02,0.01,-0.0
0.06,0.02,1.0,-0.02,0.0,0.0
0.06,0.02,1.0,-0.03,0.01,0.0
0.05,0.02,1.0,-0.03,0.01,-0.01
0.06,0.01,1.0,-0.03,0.01,-0.01
0.05,0.02,1.0,-0.02,-0.01,0.0
0.05,0.02,1.0,-0.02,0.01,0.0
0.06,0.02,1.0,-0.01,-0.0,0.01
0.05,0.01,0.99,-0.03,0.01,-0.0
0.05,0.01,1.0,-0.02,0.0,0.01
0.06,0.02,0.99,-0.03,0.02,-0.0
0.06,0.02,0.99,-0.02,0.01,0.0
0.05,0.02,1.0,-0.02,0.0,0.0
0.06,0.02,0.99,-0.01,-0.0,0.0
0.05,0.01,1.0,-0.02,0.01,-0.01
0.06,0.03,1.0,-0.02,0.0,0.0
0.05,0.01,1.0,-0.02,0.0,0.0
0.05,0.02,1.0,-0.02,0.0,0.01
0.06,0.02,1.0,-0.01,0.0,0.0
0.05,0.02,1.0,-0.02,0.0,0.0
0.06,0.01,1.0,-0.02,0.0,0.0
0.06,0.02,0.99,-0.01,-0.0,0.0
0.06,0.01,1.0,-0.02,0.0,-0.0
0.05,0.02,0.99,-0.02,0.0,-0.0
0.06,0.02,0.99,-0.01,0.0,0.01
0.06,0.01,1.0,-0.02,0.01,0.0
0.06,0.02,1.0,-0.02,-0.0,0.0
0.05,0.02,1.0,-0.02,0.01,0.0
0.05,0.02,1.01,-0.01,-0.01,0.01
0.06,0.02,1.0,-0.03,0.01,-0.0
0.05,0.02,1.0,-0.03,-0.0,0.0
0.05,0.02,1.01,-0.02,0.0,-0.0
0.05,0.02,1.0,-0.02,0.0,-0.0
0.06,0.01,1.0,-0.01,-0.0,0.0
0.05,0.01,1.0,-0.03,0.01,0.01
0.06,0.01,0.99,-0.03,0.01,-0.0
0.05,0.02,1.0,-0.02,0.0,-0.0
0.05,0.02,1.0,-0.02,-0.0,-0.0
0.05,0.01,1.0,-0.02,0.01,-0.0
0.05,0.02,1.0,-0.02,-0.0,0.0
0.05,0.02,1.0,-0.02,0.01,0.0
0.05,0.01,1.0,-0.02,0.01,-0.01
0.05,0.02,1.0,-0.01,0.0,0.0
0.05,0.02,1.0,-0.01,0.0,0.0
0.06,0.02,1.0,-0.01,-0.0,-0.0
0.06,0.01,1.0,-0.02,-0.0,-0.0
0.06,0.02,1.0,-0.02,0.01,0.0
0.06,0.01,1.0,-0.02,0.0,0.0
0.05,0.01,1.0,-0.01,0.0,0.01
0.06,0.02,1.0,-0.02,0.01,0.01
0.05,0.02,1.0,-0.02,0.01,0.0
0.06,0.02,1.0,-0.02,0.01,-0.0
0.05,0.01,1.0,-0.02,-0.0,-0.0
0.05,0.02,1.0,-0.01,-0.0,0.0
0.05,0.02,1.01,-0.02,0.01,-0.0
0.06,0.02,1.0,-0.03,-0.0,0.0
0.05,0.02,1.0,-0.03,0.0,0.01
0.05,0.01,1.0,-0.02,0.01,-0.01
0.05,0.02,1.0,-0.01,0.0,0.0
0.05,0.01,1.0,-0.01,0.0,-0.0
0.06,0.01,1.0,-0.02,0.0,-0.0
0.06,0.02,1.0,-0.02,0.0,-0.01
0.06,0.02,1.0,-0.03,0.01,0.0
0.05,0.02,1.01,-0.02,0.0,0.0
0.05,0.01,1.0,-0.01,-0.0,0.01
0.05,0.02,1.0,-0.02,0.0,-0.0
0.06,0.02,0.99,-0.01,-0.0,0.0
0.06,0.02,1.0,-0.02,0.01,0.0
0.06,0.02,1.0,-0.02,-0.0,0.0
0.05,0.01,1.0,-0.02,0.0,0.01
0.05,0.01,1.0,-0.02,0.0,-0.0
0.05,0.01,1.0,-0.02,0.01,-0.0
0.06,0.01,1.0,-0.01,0.0,0.01
0.05,0.02,1.0,-0.02,0.0,-0.01
0.05,0.02,1.0,-0.01,0.0,0.0
0.06,0.02,1.0,-0.01,0.01,-0.0
0.05,0.02,0.99,-0.01,-0.0,0.0
0.05,0.02,1.0,-0.02,0.0,-0.0
0.06,0.01,1.0,-0.02,0.01,-0.0
0.05,0.02,1.0,-0.01,-0.0,0.0
0.06,0.02,1.0,-0.02,0.01,-0.0
0.05,0.02,1.0,-0.02,0.01,0.0
0.06,0.01,1.0,-0.01,0.0,0.0
0.06,0.02,1.0,-0.02,0.01,0.0
0.05,0.02,1.0,-0.02,-0.0,0.0
0.06,0.02,1.0,-0.01,0.0,0.0
0.06,0.02,1.0,-0.03,0.01,0.0
0.05,0.02,1.0,-0.02,0.01,0.0
0.05,0.02,1.0,-0.01,-0.0,0.0
0.05,0.02,1.0,-0.01,-0.0,0.0
0.05,0.01,1.0,-0.01,-0.0,0.01
0.05,0.02,0.99,-0.03,0.01,-0.0
0.05,0.01,1.0,-0.02,-0.0,0.01
0.06,0.02,1.0,-0.03,0.01,-0.0
0.05,0.02,1.0,-0.03,0.01,0.0
0.05,0.02,1.0,-0.02,0.01,-0.0
0.05,0.02,1.0,-0.02,0.0,0.01
0.05,0.02,1.0,-0.02,0.01,-0.0
0.06,0.02,1.0,-0.02,0.0,0.01
0.06,0.02,1.0,-0.03,0.01,0.0
0.06,0.02,1.01,-0.01,-0.0,0.0
0.05,0.02,1.0,-0.03,0.0,-0.01
0.05,0.02,1.0,-0.02,0.01,0.0
0.05,0.02,1.0,-0.02,0.01,-0.0
0.05,0.02,1.0,-0.02,-0.0,0.01
0.06,0.01,1.0,-0.02,0.0,0.0
0.05,0.01,0.99,-0.01,0.0,0.0
0.05,0.02,0.99,-0.02,0.01,0.0
0.06,0.02,1.0,-0.02,-0.0,-0.0
0.05,0.01,1.0,-0.02,-0.0,-0.0
0.05,0.02,1.0,-0.01,-0.0,-0.0
0.05,0.01,1.01,-0.02,0.0,-0.0
0.05,0.01,1.0,-0.02,-0.0,0.0
0.05,0.01,0.99,-0.02,0.01,-0.0
0.06,0.02,1.0,-0.02,0.01,0.01
0.05,0.02,1.0,-0.03,0.01,0.0
0.05,0.02,0.99,-0.02,0.0,-0.0
0.05,0.02,1.0,-0.01,-0.0,-0.0
0.05,0.01,1.0,-0.02,0.01,-0.0
0.06,0.01,1.0,-0.02,0.0,-0.01
0.06,0.02,1.01,-0.02,0.01,-0.01
0.05,0.02,1.0,-0.03,0.01,-0.0
0.06,0.02,1.0,-0.02,-0.0,0.0
0.05,0.01,1.0,-0.03,0.01,-0.0
0.05,0.02,1.0,-0.02,-0.0,0.01
0.06,0.02,1.0,-0.02,0.01,-0.01
0.05,0.02,1.0,-0.03,0.01,-0.0
0.05,0.02,1.0,-0.02,0.01,-0.01
0.05,0.02,1.0,-0.02,-0.0,0.01
0.05,0.02,0.99,-0.02,-0.0,-0.0
0.05,0.02,1.0,-0.02,0.0,0.01
0.05,0.01,1.0,-0.03,0.01,-0.0
0.05,0.02,1.0,-0.02,-0.0,-0.0
0.05,0.02,1.0,-0.02,0.01,-0.01
0.05,0.02,1.0,-0.02,0.0,0.0
0.05,0.02,1.0,-0.02,-0.0,0.0
0.06,0.02,1.0,-0.01,-0.01,0.01
0.05,0.02,1.0,-0.02,0.0,-0.0
0.06,0.02,1.0,-0.03,0.01,0.0
0.06,0.01,1.0,-0.03,0.01,-0.01
0.06,0.02,1.0,-0.02,-0.0,-0.0
0.05,0.02,1.0,-0.02,0.01,0.0
0.06,0.02,1.0,-0.01,0.01,-0.0
0.05,0.02,1.0,-0.02,0.0,-0.0
0.06,0.02,1.0,-0.02,-0.0,0.01
0.05,0.02,1.0,-0.03,0.01,0.0
0.06,0.02,0.99,-0.02,0.0,-0.0
0.05,0.02,1.0,-0.02,0.01,-0.01
0.05,0.02,1.0,-0.02,0.0,-0.01
0.06,0.01,1.0,-0.02,-0.0,0.0
0.06,0.02,1.01,-0.03,-0.0,0.01
0.06,0.01,1.0,-0.03,0.01,-0.01
0.06,0.02,1.0,-0.02,-0.0,0.01
0.06,0.01,1.0,-0.03,0.01,-0.01
0.05,0.02,1.0,-0.01,0.0,-0.0
0.06,0.02,1.01,-0.03,0.01,0.0
0.06,0.03,1.0,-0.02,0.0,-0.0
0.05,0.02,1.0,-0.02,0.0,0.01
0.05,0.02,1.0,-0.01,0.01,0.0
0.05,0.02,1.0,-0.02,0.0,-0.0
0.06,0.02,1.0,-0.01,-0.0,-0.01
0.05,0.02,0.99,-0.02,0.01,-0.0
0.05,0.01,1.0,-0.02,0.0,0.0
0.06,0.01,1.0,-0.02,0.01,-0.01
0.06,0.02,1.0,-0.01,0.0,0.0
0.06,0.02,1.0,-0.03,0.01,0.0
0.06,0.02,1.0,-0.03,0.01,0.0
0.05,0.02,1.0,-0.02,0.01,-0.0
0.05,0.02,1.01,-0.02,-0.0,0.0
0.05,0.02,1.0,-0.01,0.0,0.0
0.05,0.02,1.0,-0.01,0.0,0.0
0.06,0.02,0.99,-0.02,0.01,-0.0
0.05,0.02,1.0,-0.02,-0.0,0.0
0.06,0.02,0.99,-0.02,0.0,0.0
0.06,0.01,0.99,-0.02,0.0,0.0
0.05,0.01,1.0,-0.01,-0.0,0.0
0.06,0.02,1.0,-0.02,-0.0,0.0
0.05,0.01,1.0,-0.02,0.0,0.0
0.06,0.02,1.0,-0.02,0.0,0.0
0.05,0.01,0.99,-0.02,0.02,-0.0
0.06,0.02,0.99,-0.02,0.0,0.0
0.06,0.02,0.99,-0.02,0.01,0.0
0.05,0.02,1.0,-0.02,0.01,0.0
0.06,0.02,0.99,-0.02,0.01,-0.0
0.05,0.01,1.0,-0.02,-0.0,0.01
0.06,0.02,1.0,-0.02,0.01,-0.0
0.05,0.01,0.99,-0.02,0.0,0.0
0.05,0.01,1.0,-0.02,0.01,-0.0
0.05,0.01,1.0,-0.01,-0.0,-0.0
0.05,0.02,1.0,-0.03,0.0,0.01
0.06,0.02,0.99,-0.02,0.0,0.0
0.06,0.02,1.0,-0.02,0.01,0.0
0.05,0.02,1.0,-0.01,0.0,-0.0
0.05,0.02,1.0,-0.02,0.01,-0.0
0.05,0.01,1.0,-0.02,0.0,0.0
0.05,0.02,1.0,-0.04,0.0,0.0
0.05,0.01,1.0,-0.02,0.0,-0.0
0.06,0.01,1.0,-0.02,0.0,-0.01
0.05,0.02,1.0,-0.03,0.01,-0.0
0.06,0.02,1.0,-0.02,0.0,-0.0
0.05,0.01,1.0,-0.02,0.01,0.0
0.06,0.02,1.0,-0.03,0.01,-0.01
0.05,0.02,1.0,-0.03,0.01,0.01
0.05,0.01,0.99,-0.03,0.01,-0.0
0.05,0.02,1.01,-0.02,0.0,-0.0
0.05,0.02,1.0,-0.01,0.0,-0.0
0.05,0.01,0.99,-0.01,0.0,-0.0
0.05,0.02,1.0,-0.03,-0.0,0.0
0.06,0.02,0.99,-0.01,-0.0,-0.0
0.06,0.02,1.0,-0.02,-0.0,-0.0
0.06,0.01,1.0,-0.01,-0.0,-0.0
0.06,0.01,1.0,-0.01,0.0,0.01
0.05,0.02,1.0,-0.02,0.0,-0.0
0.06,0.02,1.0,-0.03,0.0,0.0
0.06,0.02,0.99,-0.03,0.01,-0.0
0.05,0.02,0.99,-0.02,0.0,-0.0
0.06,0.02,1.0,-0.01,-0.0,-0.0
0.06,0.02,1.0,-0.02,0.01,-0.0
0.06,0.02,0.99,-0.02,0.01,0.01
0.06,0.02,1.0,-0.03,0.02,0.0
0.05,0.02,1.0,-0.02,0.0,0.0
0.06,0.02,0.99,-0.02,0.01,-0.0
0.05,0.02,1.0,-0.02,0.01,-0.0
0.06,0.01,0.99,-0.01,-0.0,0.0
0.05,0.01,1.0,-0.01,-0.0,0.0
0.05,0.01,0.99,-0.02,0.02,-0.0
0.06,0.02,1.0,-0.02,0.01,0.0
0.06,0.02,1.0,-0.02,0.0,0.0
0.06,0.02,0.99,-0.01,0.01,0.0
0.05,0.02,1.0,-0.01,-0.01,0.01
0.05,0.02,1.0,-0.02,0.0,-0.0
0.05,0.02,1.0,-0.01,0.0,-0.0
0.05,0.02,0.99,-0.01,0.0,-0.0
0.06,0.02,1.0,-0.02,0.01,0.0
0.05,0.01,1.0,-0.02,0.0,0.0
0.05,0.02,1.0,-0.02,0.01,0.0
0.05,0.01,1.0,-0.01,0.01,0.0
0.05,0.01,1.0,-0.02,0.0,0.0
0.05,0.02,1.01,-0.03,0.01,0.0
0.05,0.02,1.01,-0.03,0.01,-0.0
0.05,0.02,1.0,-0.01,0.01,-0.0
0.05,0.02,1.0,-0.01,0.01,-0.0
0.06,0.02,1.0,-0.03,0.0,-0.0
0.06,0.02,1.0,-0.03,-0.0,0.01
0.05,0.02,1.0,-0.03,0.01,-0.0
0.06,0.01,1.0,-0.02,-0.0,0.01
0.05,0.02,1.0,-0.03,0.01,0.0
0.06,0.01,1.0,-0.01,0.0,0.0
0.05,0.02,1.01,-0.01,0.0,-0.0
0.06,0.01,0.99,-0.01,-0.01,-0.01
0.06,0.01,1.01,-0.01,-0.0,-0.0
0.05,0.02,1.0,-0.02,-0.0,0.01
0.06,0.02,1.0,-0.01,0.01,-0.0
0.06,0.02,1.01,-0.02,0.01,0.01
0.05,0.02,1.0,-0.03,0.01,-0.0
0.05,0.02,1.0,-0.02,0.0,0.0
0.05,0.01,0.99,-0.02,0.01,-0.01
0.06,0.02,1.0,-0.02,0.01,-0.0
0.05,0.02,0.99,-0.02,0.01,-0.0
0.06,0.02,1.0,-0.02,0.01,-0.0
0.05,0.02,1.0,-0.02,0.0,-0.01
0.06,0.01,1.0,-0.02,0.01,0.01
0.05,0.02,1.0,-0.03,0.02,-0.01
0.06,0.02,1.0,-0.02,0.01,0.0
0.05,0.02,1.0,-0.02,0.01,-0.0
0.05,0.02,1.01,-0.02,0.01,0.0
0.05,0.02,0.99,-0.02,0.01,0.0
0.06,0.02,1.0,-0.01,0.0,0.0
0.05,0.02,1.0,-0.02,0.01,-0.0
0.05,0.02,0.99,-0.02,-0.01,0.01
0.05,0.01,1.0,-0.01,0.01,-0.0
0.05,0.02,1.0,-0.02,-0.0,-0.0
0.05,0.02,1.0,-0.02,0.01,-0.01
0.06,0.02,1.0,-0.01,0.0,-0.01
0.06,0.02,1.01,-0.02,0.01,-0.01
0.06,0.02,1.0,-0.02,-0.01,0.01
0.06,0.02,1.0,-0.03,0.01,-0.01
0.06,0.02,1.0,-0.02,0.0,0.0
0.05,0.02,1.01,-0.02,0.01,0.0
0.05,0.02,1.0,-0.03,0.01,0.0
0.05,0.01,1.0,-0.02,0.01,-0.0
0.06,0.02,1.0,-0.02,0.01,-0.01
0.05,0.02,1.0,-0.01,0.01,-0.0
0.06,0.02,1.0,-0.02,-0.01,0.0
0.05,0.02,1.0,-0.03,0.01,-0.0
0.05,0.02,1.01,-0.02,-0.0,-0.0
0.06,0.03,1.0,-0.01,0.01,-0.0
0.05,0.02,1.0,-0.01,-0.0,-0.0
0.06,0.02,1.0,-0.02,0.01,-0.01
0.06,0.02,1.0,-0.02,-0.01,0.0
0.05,0.01,1.0,-0.02,0.01,-0.01
0.05,0.02,0.99,-0.03,-0.0,0.0
0.06,0.02,1.0,-0.02,0.01,-0.0
0.06,0.01,0.99,-0.02,0.0,0.0
0.05,0.01,0.99,-0.03,0.01,0.0
0.06,0.02,1.0,-0.02,0.0,0.01
0.05,0.02,1.0,-0.03,0.0,0.0
0.05,0.02,1.0,-0.01,0.01,-0.01
0.06,0.02,1.0,-0.02,0.01,-0.0
0.05,0.02,1.0,-0.03,0.01,-0.0
0.06,0.02,1.0,-0.01,0.01,0.0
0.05,0.02,1.0,-0.02,-0.0,0.01
0.06,0.01,1.0,-0.03,0.02,-0.0
0.06,0.02,1.0,-0.03,-0.0,0.0
0.05,0.01,1.0,-0.01,0.0,-0.0
0.05,0.02,0.99,-0.02,0.01,-0.01
0.05,0.02,0.99,-0.02,0.0,0.0
0.05,0.02,1.0,-0.01,-0.0,0.01
0.06,0.02,1.0,-0.02,0.01,-0.0
0.05,0.02,1.0,-0.02,-0.0,0.0
0.05,0.02,1.0,-0.02,0.01,-0.0
0.05,0.02,1.0,-0.01,0.0,-0.0
0.05,0.02,0.99,-0.02,0.0,-0.01
0.06,0.02,1.0,-0.01,0.0,0.0
0.05,0.02,1.0,-0.02,0.0,-0.01
0.06,0.02,1.0,-0.02,-0.0,0.0
0.06,0.01,1.0,-0.02,0.01,-0.0
0.05,0.02,1.0,-0.02,0.0,0.01
0.06,0.02,1.0,-0.02,0.0,0.0
0.05,0.02,1.0,-0.03,0.02,0.0
0.05,0.02,1.0,-0.03,0.01,0.0
0.05,0.02,1.0,-0.02,0.01,-0.01
0.05,0.02,1.0,-0.02,0.01,-0.01
0.05,0.02,1.0,-0.02,-0.0,0.0
0.05,0.02,1.01,-0.02,0.01,-0.0
0.06,0.02,1.0,-0.02,0.01,0.01
0.06,0.02,1.0,-0.02,0.01,-0.0
0.06,0.02,1.0,-0.02,-0.0,-0.0
0.05,0.02,1.0,-0.03,0.01,-0.01
0.05,0.02,1.0,-0.01,-0.0,-0.01
0.05,0.02,1.01,-0.02,0.0,-0.0
0.05,0.02,1.01,-0.02,-0.0,0.0
0.06,0.02,1.0,-0.02,0.01,0.0
0.05,0.02,1.0,-0.02,0.0,0.0
0.06,0.02,0.99,-0.01,0.01,0.01
0.06,0.02,1.0,-0.03,-0.01,-0.0
0.06,0.02,1.01,-0.02,0.01,-0.0
0.05,0.02,0.99,-0.03,0.01,0.0
0.06,0.01,1.0,-0.01,0.01,-0.01
0.05,0.01,0.99,-0.02,0.0,0.0
0.05,0.01,1.0,-0.02,0.01,0.0
0.06,0.01,1.0,-0.03,-0.0,0.0
0.05,0.02,1.01,-0.02,0.01,-0.0
0.06,0.02,1.0,-0.02,0.0,-0.0
0.05,0.01,1.0,-0.02,0.01,-0.01
0.06,0.02,1.0,-0.02,0.01,-0.01
0.06,0.02,1.0,-0.01,0.0,0.01
0.05,0.02,0.99,-0.01,-0.0,0.0
0.06,0.02,1.0,-0.02,0.01,-0.0
0.06,0.02,1.0,-0.02,-0.0,0.0
0.06,0.01,0.99,-0.02,0.01,-0.0
0.05,0.02,1.0,-0.01,0.0,0.0
0.05,0.02,1.0,-0.01,0.0,-0.01
0.06,0.02,1.0,-0.03,0.01,-0.0
0.05,0.02,1.0,-0.02,0.0,-0.0
0.05,0.02,1.0,-0.02,0.0,0.0
0.06,0.02,1.0,-0.02,0.01,-0.0
0.06,0.03,1.0,-0.03,0.0,0.0
0.06,0.02,1.0,-0.02,-0.0,0.0
0.06,0.02,1.0,-0.03,0.0,0.0
0.05,0.02,1.0,-0.02,0.0,0.01
0.05,0.02,1.0,-0.03,0.01,0.0
0.06,0.01,1.0,-0.01,0.01,-0.01
0.05,0.02,1.0,-0.02,-0.01,0.0
0.06,0.02,1.01,-0.02,0.01,-0.0
0.06,0.02,1.0,-0.02,0.0,0.01
0.06,0.02,1.0,-0.03,0.01,0.0
0.05,0.02,1.0,-0.03,0.01,0.0
0.05,0.02,1.01,-0.02,-0.0,0.01
0.05,0.02,1.0,-0.02,-0.0,-0.0
0.06,0.02,1.0,-0.01,0.0,-0.01
0.05,0.02,1.0,-0.02,-0.0,-0.0
0.05,0.02,1.0,-0.01,0.01,0.0
0.06,0.02,1.0,-0.02,-0.0,-0.0
0.05,0.02,1.0,-0.02,0.0,0.0
0.06,0.01,0.99,-0.02,-0.0,-0.0
0.05,0.01,1.0,-0.02,0.01,-0.0
0.06,0.01,0.99,-0.02,0.01,-0.0
0.06,0.02,1.0,-0.02,-0.0,0.0
0.06,0.01,1.0,-0.02,0.01,-0.0
0.06,0.02,1.0,-0.02,0.0,-0.01
0.06,0.02,1.0,-0.02,0.0,0.0
0.06,0.01,0.99,-0.02,0.0,0.0
0.05,0.02,1.0,-0.01,0.01,-0.0
0.06,0.01,1.0,-0.01,0.0,-0.0
0.05,0.02,1.0,-0.03,0.0,0.0
0.05,0.01,1.0,-0.01,0.0,-0.0
0.05,0.01,1.0,-0.02,-0.0,-0.01
0.05,0.02,1.0,-0.02,0.01,-0.0
0.05,0.02,1.0,-0.01,-0.0,0.0
0.05,0.01,1.0,-0.03,0.01,-0.0
0.05,0.02,1.0,-0.02,0.0,0.0
0.06,0.02,1.0,-0.03,0.0,0.0
0.06,0.02,1.0,-0.03,0.01,-0.0
0.06,0.02,0.99,-0.02,0.0,-0.0
0.06,0.02,1.0,-0.02,0.0,-0.0
0.06,0.02,1.0,-0.02,0.01,-0.0
0.06,0.02,1.0,-0.02,0.0,0.01
0.05,0.02,1.01,-0.02,0.01,0.0
0.05,0.02,1.0,-0.02,0.01,0.01
0.05,0.02,1.0,-0.02,0.01,0.0
0.05,0.02,1.0,-0.02,0.01,-0.01
0.06,0.02,1.0,-0.02,-0.0,0.0
0.05,0.02,1.0,-0.02,-0.0,0.0
0.05,0.02,1.0,-0.02,0.01,-0.0
0.06,0.02,1.0,-0.02,0.0,0.0
0.05,0.02,1.0,-0.03,-0.0,-0.0
0.06,0.02,1.0,-0.02,0.01,-0.01
0.06,0.02,1.0,-0.03,0.01,-0.0
0.06,0.02,0.99,-0.01,-0.0,0.0
0.06,0.01,1.0,-0.02,0.0,0.0
0.06,0.01,1.0,-0.01,0.0,-0.0
0.06,0.02,1.0,-0.03,0.01,-0.0
0.05,0.01,0.99,-0.02,0.01,-0.0
0.06,0.02,1.0,-0.02,-0.0,0.0
0.06,0.02,1.0,-0.02,-0.0,-0.0
0.05,0.02,1.0,-0.01,0.0,0.0
0.05,0.02,1.0,-0.03,0.01,0.0
0.05,0.01,1.0,-0.01,-0.0,-0.0
0.07,0.02,1.0,-0.02,0.0,-0.01
0.05,0.02,1.01,-0.02,-0.0,-0.0
0.05,0.02,1.0,-0.02,0.01,0.0
0.06,0.02,1.0,-0.03,-0.0,0.0
0.05,0.02,1.0,-0.03,0.0,-0.0
0.06,0.01,1.0,-0.01,0.0,-0.0
0.06,0.02,1.0,-0.02,0.01,-0.0
0.05,0.02,1.0,-0.02,-0.0,0.0
0.05,0.02,1.0,-0.02,0.01,0.0
0.05,0.02,1.0,-0.01,0.0,-0.01
0.05,0.02,0.99,-0.01,-0.0,-0.01
0.05,0.02,1.0,-0.02,0.01,-0.0
0.06,0.02,1.0,-0.02,0.0,0.0
0.05,0.02,1.0,-0.01,0.0,-0.0
0.05,0.02,1.0,-0.02,0.01,0.0
0.05,0.01,1.0,-0.02,-0.0,0.01
0.05,0.02,1.0,-0.02,0.01,-0.01
0.05,0.02,1.0,-0.02,0.01,-0.0
0.05,0.01,1.0,-0.01,0.0,-0.0
0.05,0.02,1.0,-0.01,-0.0,0.01
0.05,0.02,1.0,-0.02,0.01,0.01
0.05,0.02,1.0,-0.03,0.01,0.01
0.05,0.02,1.0,-0.03,0.01,-0.01
0.06,0.02,1.0,-0.03,-0.0,0.0
0.05,0.02,1.0,-0.02,0.01,-0.01
0.05,0.02,0.99,-0.02,0.01,-0.01
0.06,0.02,1.0,-0.01,0.0,-0.01
0.05,0.02,0.99,-0.02,-0.01,0.01
0.05,0.02,1.0,-0.02,0.01,0.01
0.06,0.02,1.0,-0.02,0.0,0.0
0.06,0.02,1.0,-0.03,0.01,0.0
0.06,0.02,1.0,-0.03,0.01,0.0
0.06,0.02,1.0,-0.01,0.01,-0.0
0.05,0.02,1.0,-0.02,0.01,-0.0
0.06,0.02,1.0,-0.02,0.01,0.0
0.05,0.02,1.0,-0.02,-0.0,0.01
0.06,0.02,1.0,-0.02,0.01,-0.0
0.05,0.01,0.99,-0.03,0.0,0.0
0.06,0.02,1.0,-0.02,0.01,-0.0
0.06,0.02,1.0,-0.02,-0.01,0.0
0.06,0.01,1.01,-0.03,0.0,0.0
0.06,0.02,1.0,-0.03,0.0,0.0
0.06,0.02,1.0,-0.02,0.01,0.0
0.05,0.02,1.0,-0.02,-0.0,0.01
0.05,0.02,1.0,-0.02,0.01,-0.01
0.06,0.02,1.01,-0.02,0.01,0.0
0.05,0.01,1.01,-0.02,0.01,0.0
0.06,0.02,1.0,-0.03,-0.0,0.01
0.05,0.01,1.0,-0.03,0.01,-0.01
0.06,0.01,1.0,-0.02,0.01,0.0
0.06,0.01,1.0,-0.01,0.0,-0.01
0.06,0.01,1.01,-0.01,0.0,-0.01
0.06,0.02,0.99,-0.02,0.01,0.0
0.06,0.02,1.0,-0.02,0.0,-0.0
0.05,0.02,1.0,-0.02,0.01,-0.0
0.05,0.02,1.0,-0.02,0.0,0.0
0.06,0.02,1.0,-0.01,0.0,-0.0
0.06,0.02,1.0,-0.03,0.01,-0.01
0.05,0.02,1.01,-0.02,0.01,-0.0
0.05,0.02,1.0,-0.02,-0.01,0.0
0.05,0.02,1.0,-0.02,0.0,0.0
0.06,0.02,1.0,-0.02,-0.0,0.01
0.05,0.02,1.0,-0.03,0.02,-0.01
0.05,0.02,1.0,-0.03,-0.0,0.0
0.06,0.02,1.0,-0.02,0.0,-0.01
0.05,0.02,0.99,-0.02,0.01,-0.01
0.06,0.02,1.0,-0.01,0.01,-0.0
0.06,0.02,1.0,-0.01,0.0,0.0
0.06,0.01,1.0,-0.03,0.0,0.0
0.05,0.02,1.0,-0.02,0.0,0.0
0.05,0.02,1.0,-0.02,0.02,-0.0
0.06,0.02,1.0,-0.02,0.01,-0.01
0.06,0.02,0.99,-0.03,0.0,-0.0
0.05,0.01,0.99,-0.02,0.01,-0.0
0.06,0.02,1.0,-0.02,0.0,-0.0
0.05,0.02,1.0,-0.01,-0.0,0.01
0.05,0.02,1.0,-0.02,0.01,0.0
0.06,0.02,1.0,-0.02,0.01,-0.0
0.05,0.02,1.0,-0.02,0.0,0.0
0.06,0.02,1.0,-0.01,-0.0,0.0
0.06,0.02,1.0,-0.03,0.0,0.0
0.05,0.02,1.0,-0.03,0.0,0.01
0.06,0.02,1.0,-0.03,0.01,-0.01
0.05,0.02,1.0,-0.02,-0.0,0.0
0.05,0.02,1.0,-0.03,0.01,-0.0
0.06,0.02,1.0,-0.03,0.0,0.0
0.06,0.02,1.0,-0.03,0.01,0.0
0.06,0.01,1.0,-0.02,-0.0,0.0
0.06,0.02,1.01,-0.01,0.0,0.0
0.05,0.02,1.0,-0.02,0.01,0.0
0.06,0.03,0.99,-0.01,0.01,-0.01
0.05,0.02,1.01,-0.01,0.0,-0.0
0.06,0.02,1.0,-0.01,0.01,0.0
0.06,0.01,1.0,-0.03,0.01,0.01
0.05,0.01,1.01,-0.02,0.01,0.0
0.06,0.02,0.99,-0.03,-0.0,0.0
0.06,0.02,1.0,-0.03,0.0,0.0
0.05,0.02,1.0,-0.01,0.0,-0.0
0.06,0.02,1.0,-0.01,-0.0,0.0
0.06,0.02,1.0,-0.03,0.02,-0.01
0.05,0.02,0.99,-0.02,-0.0,-0.0
0.05,0.02,1.0,-0.02,0.0,0.01
0.06,0.02,1.0,-0.02,0.01,-0.0
0.06,0.02,1.0,-0.02,-0.0,0.01
0.06,0.02,1.0,-0.03,0.01,0.0
0.06,0.02,1.0,-0.03,0.01,-0.0
0.05,0.02,1.0,-0.02,0.0,0.0
0.05,0.02,1.0,-0.01,0.0,0.01
0.05,0.02,0.99,-0.02,0.0,-0.0
0.06,0.02,1.0,-0.02,0.0,0.01
0.05,0.02,1.0,-0.03,0.02,0.01
0.05,0.02,1.0,-0.02,0.0,0.01
0.05,0.02,1.0,-0.02,0.0,0.0
0.05,0.02,1.0,-0.03,0.01,-0.0
0.05,0.02,1.0,-0.02,0.0,-0.0
0.05,0.02,1.0,-0.02,-0.0,-0.0
0.06,0.02,1.0,-0.02,0.01,-0.01
0.06,0.02,0.99,-0.02,0.0,-0.0
0.05,0.02,1.0,-0.02,0.01,0.0
0.06,0.02,1.0,-0.02,-0.0,0.0
0.05,0.01,1.0,-0.02,0.0,0.0
0.06,0.01,1.0,-0.01,0.0,0.0
0.06,0.02,1.0,-0.01,0.01,-0.0
0.05,0.02,1.0,-0.02,-0.0,-0.0
0.06,0.02,1.0,-0.02,0.01,0.0
0.06,0.02,1.0,-0.02,0.0,0.01
0.05,0.02,0.99,-0.03,0.01,0.01
0.06,0.02,0.99,-0.02,0.0,-0.0
0.05,0.02,0.99,-0.02,0.01,0.0
0.05,0.02,1.0,-0.01,0.01,-0.01
0.05,0.02,1.0,-0.01,0.0,0.0
0.06,0.01,1.0,-0.03,0.01,-0.01
0.06,0.01,1.0,-0.02,0.0,0.0
0.06,0.02,1.0,-0.02,0.01,0.0
0.05,0.02,1.01,-0.02,0.0,0.0
0.06,0.03,1.0,-0.02,0.0,0.0
0.05,0.03,1.0,-0.02,0.0,0.0
0.05,0.02,1.0,-0.01,0.01,-0.0
0.05,0.02,1.0,-0.02,0.0,-0.0
0.05,0.03,1.0,-0.01,-0.01,0.0
0.05,0.02,1.0,-0.02,-0.01,-0.0
0.05,0.02,1.0,-0.01,0.0,-0.0
0.06,0.03,1.0,-0.03,0.0,0.0
0.05,0.01,1.0,-0.02,-0.0,0.0
0.06,0.01,0.99,-0.02,0.01,-0.0
0.06,0.02,1.0,-0.01,0.01,0.0
0.06,0.01,1.0,-0.02,0.0,-0.01
0.05,0.01,1.0,-0.02,-0.0,-0.01
0.06,0.02,1.0,-0.02,0.0,-0.0
0.05,0.02,0.99,-0.02,0.01,0.01
0.06,0.02,1.0,-0.03,0.02,-0.0
0.05,0.02,1.0,-0.01,0.0,0.01
0.05,0.02,0.99,-0.03,-0.0,0.0
0.06,0.01,1.0,-0.02,0.01,-0.0
0.06,0.02,0.99,-0.02,-0.0,-0.0
0.05,0.02,0.99,-0.02,-0.0,-0.0
0.05,0.01,1.0,-0.02,0.01,0.0
0.06,0.02,1.0,-0.02,0.01,-0.0
0.05,0.02,1.0,-0.01,0.0,0.0
0.06,0.02,1.0,-0.01,0.0,0.0
0.06,0.02,0.99,-0.02,-0.01,0.0
0.06,0.02,0.99,-0.02,0.0,0.0
0.06,0.02,0.99,-0.03,-0.0,0.0
0.06,0.02,1.0,-0.01,0.0,-0.01
0.06,0.02,1.0,-0.03,0.01,-0.0
0.06,0.02,1.0,-0.02,0.0,-0.0
0.06,0.01,1.0,-0.02,-0.0,0.01
0.05,0.02,1.0,-0.02,0.0,0.0
0.05,0.01,1.0,-0.02,0.0,-0.0
0.06,0.02,1.0,-0.02,0.01,-0.0
0.05,0.02,1.0,-0.02,0.01,-0.0
0.06,0.02,1.0,-0.02,0.01,0.0
0.05,0.02,1.0,-0.03,0.01,0.0
0.05,0.02,1.0,-0.01,0.0,0.01
0.05,0.02,1.0,-0.02,0.0,0.0
0.05,0.02,1.0,-0.02,0.0,-0.0
0.06,0.02,1.0,-0.02,0.0,-0.0
0.05,0.02,1.0,-0.03,0.01,0.0
0.05,0.02,1.0,-0.02,-0.0,-0.0
0.05,0.02,0.99,-0.01,0.0,-0.0
0.05,0.01,1.0,-0.02,-0.0,0.0
0.06,0.02,1.0,-0.02,-0.0,-0.0
0.06,0.02,0.99,-0.02,-0.0,0.0
0.06,0.02,1.0,-0.03,0.01,-0.01
0.06,0.02,1.0,-0.02,0.0,0.0
0.06,0.02,1.0,-0.03,0.0,0.0
0.05,0.01,1.0,-0.02,-0.01,-0.0
0.06,0.02,1.0,-0.02,0.0,-0.0
0.06,0.01,0.99,-0.02,0.01,0.0
0.06,0.02,0.99,-0.01,0.0,0.0
0.06,0.01,1.0,-0.02,0.01,-0.0
0.05,0.02,1.0,-0.01,0.01,0.0
0.06,0.02,1.0,-0.01,-0.0,0.0
0.06,0.01,1.0,-0.02,0.0,-0.0
0.06,0.02,1.0,-0.02,-0.0,0.01
0.05,0.02,1.0,-0.02,0.01,-0.0
0.06,0.01,1.0,-0.02,0.01,-0.01
0.06,0.02,1.0,-0.02,0.0,0.0
0.06,0.02,1.01,-0.03,-0.0,0.01
0.06,0.02,1.0,-0.02,0.0,-0.0
0.06,0.02,1.0,-0.02,-0.0,0.0
0.05,0.02,1.0,-0.02,0.01,-0.0
0.05,0.02,1.0,-0.02,0.0,0.01
0.06,0.02,1.0,-0.02,0.0,-0.01
0.05,0.02,1.0,-0.03,0.01,-0.0
0.05,0.02,1.0,-0.02,0.01,0.0
0.05,0.02,1.0,-0.02,0.0,0.0
0.06,0.02,1.0,-0.01,0.01,-0.0
0.05,0.02,1.0,-0.01,0.01,0.0
0.06,0.02,1.0,-0.01,0.01,-0.0
0.06,0.02,1.0,-0.01,0.01,-0.0
0.06,0.02,1.0,-0.02,0.01,0.01
0.06,0.02,1.0,-0.03,0.01,-0.0
0.05,0.02,0.99,-0.02,0.0,0.0
0.06,0.01,1.0,-0.02,0.0,0.01
0.06,0.01,1.0,-0.02,0.0,0.0
0.05,0.02,1.0,-0.02,0.01,-0.0
0.06,0.02,1.0,-0.02,0.01,-0.0
0.05,0.02,0.99,-0.01,0.0,0.0
0.06,0.02,1.0,-0.01,0.0,-0.0
0.05,0.02,0.99,-0.02,-0.0,-0.0
0.06,0.02,0.99,-0.02,-0.0,0.0
0.05,0.01,0.99,-0.02,-0.0,0.01
0.05,0.02,1.0,-0.02,0.01,-0.0
0.05,0.01,1.01,-0.01,-0.0,0.0
0.05,0.02,1.0,-0.03,0.02,-0.01
0.05,0.01,1.0,-0.02,0.0,0.0
0.05,0.01,0.99,-0.02,0.01,-0.0
0.05,0.02,1.0,-0.03,0.01,0.0
0.06,0.02,1.0,-0.01,0.01,0.0
0.06,0.02,1.0,-0.02,0.01,-0.01
0.05,0.02,1.0,-0.03,0.0,-0.0
0.05,0.02,1.0,-0.01,0.0,0.0
0.06,0.02,1.0,-0.02,0.01,-0.0
0.06,0.02,1.0,-0.02,-0.0,0.0
0.05,0.02,1.0,-0.03,0.0,0.0
0.05,0.02,1.0,-0.02,0.01,-0.01
0.05,0.02,0.99,-0.02,0.0,0.0
0.05,0.02,1.0,-0.03,-0.0,0.01
0.06,0.02,1.0,-0.02,0.01,-0.01
0.05,0.02,1.0,-0.02,-0.01,0.01
0.06,0.01,1.0,-0.03,0.01,-0.0
0.05,0.01,1.0,-0.02,-0.0,-0.0
0.05,0.02,1.0,-0.02,0.0,-0.0
0.05,0.02,1.0,-0.02,0.01,-0.01
0.05,0.02,0.99,-0.01,0.0,-0.01
0.06,0.02,1.0,-0.01,-0.0,0.0
0.06,0.02,1.0,-0.03,0.0,-0.0
0.06,0.01,1.0,-0.02,0.01,-0.0
0.05,0.01,0.99,-0.01,0.01,0.0
0.06,0.02,1.01,-0.02,-0.0,0.01
0.05,0.02,1.0,-0.03,0.01,-0.0
0.05,0.02,1.0,-0.02,0.01,-0.01
0.05,0.02,1.0,-0.03,0.01,-0.01
0.06,0.02,1.0,-0.01,-0.0,0.0
0.06,0.02,1.0,-0.03,0.01,0.0
0.05,0.02,1.0,-0.01,0.0,0.01
0.06,0.02,0.99,-0.03,0.02,-0.0
0.06,0.02,1.0,-0.02,-0.0,0.01
0.05,0.02,1.0,-0.03,-0.0,0.0
0.06,0.01,1.0,-0.02,0.0,0.0
0.06,0.02,0.99,-0.02,0.0,-0.0
0.06,0.02,0.99,-0.03,-0.0,0.01
0.06,0.02,1.0,-0.03,0.01,0.0
0.06,0.02,1.0,-0.03,0.01,0.0
0.05,0.02,1.0,-0.01,0.01,0.0
0.06,0.02,1.0,-0.02,-0.0,-0.0
0.05,0.02,1.0,-0.03,0.01,-0.0
0.05,0.03,1.01,-0.02,0.0,0.0
0.05,0.02,1.0,-0.01,0.01,-0.01
0.05,0.02,1.0,-0.02,0.01,-0.0
0.06,0.02,1.0,-0.02,0.01,-0.01
0.05,0.01,1.01,-0.02,0.01,0.0
0.05,0.01,0.99,-0.02,0.01,-0.0
0.06,0.02,1.0,-0.03,-0.0,0.01
0.06,0.02,1.0,-0.03,0.01,-0.0
0.06,0.02,1.0,-0.02,0.01,0.0
0.06,0.02,1.0,-0.01,0.0,-0.01
0.06,0.02,0.99,-0.02,-0.0,-0.0
0.05,0.02,1.0,-0.02,0.01,-0.01
0.06,0.01,1.0,-0.02,-0.01,-0.0
0.05,0.02,1.0,-0.02,0.01,-0.0
0.06,0.02,1.0,-0.01,-0.0,-0.0
0.06,0.01,0.99,-0.02,0.01,0.0
0.06,0.02,1.0,-0.02,0.01,-0.0
0.05,0.02,1.0,-0.02,0.01,-0.01
0.05,0.02,1.0,-0.02,0.0,0.01
0.06,0.02,1.0,-0.03,0.01,-0.0
0.06,0.01,1.0,-0.02,0.0,0.0
0.06,0.02,1.0,-0.02,0.0,0.0
0.05,0.02,0.99,-0.02,0.01,0.0
0.06,0.02,1.0,-0.02,0.01,0.0
0.06,0.02,1.0,-0.02,0.0,-0.0
0.05,0.02,1.0,-0.02,0.01,-0.0
0.06,0.02,0.99,-0.02,-0.0,-0.0
0.05,0.02,1.0,-0.02,0.01,-0.0
0.05,0.02,1.0,-0.02,0.0,0.0
0.05,0.02,1.0,-0.01,0.01,-0.01
0.06,0.02,1.0,-0.01,-0.0,0.0
0.06,0.02,1.0,-0.02,0.01,-0.0
0.06,0.02,1.0,-0.01,-0.0,-0.01
0.06,0.02,1.0,-0.03,0.01,-0.0
0.05,0.02,1.01,-0.02,-0.0,0.0
0.05,0.02,1.0,-0.02,0.0,-0.0
0.05,0.02,1.0,-0.02,0.0,-0.0
0.05,0.02,0.99,-0.01,0.0,-0.0
0.06,0.02,1.0,-0.02,-0.0,0.0
0.05,0.02,1.0,-0.02,0.0,-0.0
0.05,0.01,1.0,-0.02,0.01,0.0
0.06,0.01,1.0,-0.01,0.01,-0.01
0.05,0.01,1.0,-0.01,-0.0,-0.0
0.06,0.02,1.0,-0.02,-0.0,-0.01
0.05,0.02,1.0,-0.02,-0.0,0.0
0.05,0.02,1.0,-0.02,0.0,0.0
0.06,0.02,0.99,-0.01,0.01,0.0
0.06,0.02,1.01,-0.02,0.0,0.01
0.05,0.02,1.0,-0.02,0.0,-0.0
0.06,0.01,1.0,-0.02,0.0,-0.0
0.06,0.01,1.0,-0.01,-0.0,0.01
0.06,0.02,1.0,-0.02,0.01,-0.0
0.05,0.01,1.01,-0.01,-0.0,-0.01
0.06,0.01,1.0,-0.03,0.01,-0.0
0.06,0.02,1.0,-0.0,0.0,0.0
0.06,0.02,1.0,-0.02,0.0,-0.0
0.06,0.01,1.0,-0.02,0.0,0.01
0.06,0.02,0.99,-0.03,0.01,-0.01
0.06,0.02,1.0,-0.02,0.0,0.01
0.06,0.02,1.01,-0.03,0.01,-0.0
0.05,0.02,1.0,-0.03,0.01,0.0
0.05,0.02,0.99,-0.03,-0.0,0.01
0.05,0.02,1.0,-0.02,0.0,0.0
0.06,0.02,0.99,-0.02,0.01,-0.0
0.06,0.01,1.0,-0.03,0.01,0.0
0.05,0.01,0.99,-0.03,0.0,-0.0
0.06,0.02,0.98,-0.01,0.01,-0.0
0.06,0.02,0.98,-0.02,0.01,0.0
0.05,0.02,0.99,-0.03,0.01,-0.0
0.05,0.02,1.0,-0.02,0.0,-0.0
0.05,0.02,0.98,-0.01,0.0,-0.0
0.06,0.02,0.99,-0.02,0.01,-0.0
0.06,0.03,1.0,-0.01,0.01,-0.0
0.06,0.02,1.01,-0.01,0.0,0.0
0.06,0.02,0.99,-0.03,-0.0,-0.0
0.05,0.02,0.99,-0.02,0.0,-0.0
0.06,0.02,0.99,-0.02,0.0,0.0
0.06,0.02,1.0,-0.02,0.0,0.0
0.06,0.02,0.99,-0.02,0.01,0.0
0.06,0.02,1.0,-0.02,0.0,0.0
0.06,0.02,1.0,-0.03,0.01,-0.0
0.06,0.02,1.0,-0.02,-0.0,-0.01
0.05,0.02,1.0,-0.02,0.0,-0.01
0.05,0.02,1.0,-0.03,0.01,-0.01
0.06,0.02,1.0,-0.01,0.01,0.0
0.06,0.02,1.0,-0.03,0.0,-0.0
0.06,0.02,1.0,-0.02,0.0,0.0
0.05,0.02,1.0,-0.02,0.0,0.01
0.05,0.02,1.0,-0.03,0.01,0.0
0.06,0.02,1.0,-0.02,-0.0,-0.0
0.05,0.02,1.0,-0.02,-0.0,-0.0
0.06,0.01,1.0,-0.03,0.02,-0.01
0.05,0.02,1.0,-0.02,-0.0,-0.01
0.05,0.02,1.01,-0.02,0.0,-0.01
0.06,0.02,1.0,-0.01,0.01,-0.0
0.05,0.02,0.99,-0.03,0.01,0.0
0.06,0.02,1.0,-0.02,0.01,-0.0
0.06,0.01,0.99,-0.02,-0.0,0.01
0.06,0.02,1.0,-0.02,0.0,-0.01
0.06,0.02,1.0,-0.01,0.01,-0.01
0.05,0.01,1.0,-0.02,0.01,0.0
0.06,0.02,1.0,-0.03,-0.0,0.0
0.05,0.02,1.0,-0.02,0.01,0.01
0.05,0.02,0.99,-0.02,0.02,-0.0
0.06,0.02,1.0,-0.02,0.0,-0.0
0.05,0.02,1.0,-0.02,-0.0,0.0
0.06,0.02,1.0,-0.01,0.0,-0.01
0.06,0.02,1.0,-0.02,0.01,-0.01
0.06,0.02,0.99,-0.02,0.01,-0.0
0.06,0.02,1.0,-0.02,-0.0,0.0
0.06,0.02,1.0,-0.02,0.0,0.0
0.06,0.02,1.0,-0.02,0.01,0.0
0.05,0.02,1.0,-0.02,-0.0,-0.0
0.05,0.02,1.0,-0.02,0.0,0.0
0.06,0.02,1.0,-0.01,0.01,-0.0
0.06,0.02,1.0,-0.02,0.01,-0.0
0.06,0.02,1.0,-0.01,0.01,-0.01
0.06,0.02,1.01,-0.02,-0.0,0.01
0.06,0.02,1.0,-0.02,0.01,-0.0
0.05,0.02,1.0,-0.03,0.01,-0.0
0.05,0.02,1.0,-0.02,0.01,-0.01
0.06,0.02,1.0,-0.0,-0.0,-0.0
0.05,0.02,0.99,-0.02,0.0,0.01
0.06,0.02,1.0,-0.04,0.0,0.0
0.05,0.01,1.0,-0.02,0.0,-0.0
0.06,0.01,1.0,-0.02,-0.0,0.01
0.06,0.02,1.0,0.04,0.14,-0.15
0.06,0.02,0.99,-0.02,0.01,-0.01
0.06,0.02,1.0,-0.02,0.0,0.0
0.05,0.02,1.0,-0.02,-0.0,0.0
0.06,0.02,1.0,-0.02,0.0,0.0
0.06,0.01,1.01,-0.02,0.01,-0.01
0.06,0.02,0.99,-0.02,-0.0,-0.0
0.05,0.02,1.0,-0.02,0.01,-0.0
0.05,0.02,1.0,-0.03,0.01,0.0
0.05,0.01,1.0,-0.01,0.0,0.0
0.05,0.02,0.99,-0.02,0.01,0.0
0.06,0.02,1.01,-0.02,0.0,0.0
0.05,0.01,0.99,-0.02,0.0,0.0
0.05,0.01,1.0,-0.02,0.01,-0.0
0.06,0.02,1.0,-0.01,-0.0,-0.0
0.06,0.02,1.0,-0.02,-0.0,0.0
0.06,0.02,1.01,-0.01,-0.0,0.0
0.06,0.02,1.0,-0.03,-0.0,0.01
0.06,0.02,1.0,-0.03,0.01,-0.0
0.05,0.02,0.99,-0.02,-0.0,0.0
0.05,0.01,0.99,-0.01,0.01,-0.01
0.06,0.02,1.0,-0.02,0.01,-0.01
0.06,0.02,1.02,-0.03,0.01,0.0
0.05,0.02,1.0,-0.01,-0.01,0.01
0.05,0.02,1.0,-0.03,0.0,0.0
0.05,0.02,1.0,-0.01,0.0,-0.0
0.05,0.02,1.0,-0.01,0.01,0.0
0.06,0.02,1.01,-0.01,0.0,0.01
0.05,0.01,1.0,-0.03,0.01,-0.01
0.05,0.01,1.0,-0.02,0.01,0.0
0.06,0.02,0.99,-0.02,0.0,-0.01
0.05,0.02,0.99,-0.02,-0.0,0.0
0.05,0.02,1.0,-0.02,0.02,-0.01
0.06,0.02,1.0,-0.01,-0.0,0.01
0.05,0.01,1.0,-0.02,0.02,-0.01
0.05,0.02,1.0,-0.02,0.0,0.0
0.05,0.02,1.0,-0.02,-0.0,0.01
0.05,0.02,1.0,-0.03,0.01,-0.0
0.06,0.02,1.0,-0.01,0.0,0.0
0.06,0.02,1.0,-0.02,-0.0,0.0
0.05,0.02,1.0,-0.03,0.01,-0.01
0.05,0.01,1.0,-0.01,-0.0,-0.01
0.05,0.02,1.0,-0.01,0.01,0.0
0.06,0.01,1.0,-0.01,-0.0,-0.0
0.06,0.01,1.0,-0.02,0.01,-0.0
0.06,0.01,1.0,-0.02,0.01,-0.0
0.06,0.02,1.0,-0.02,0.01,-0.01
0.06,0.02,1.0,-0.02,0.01,-0.0
0.05,0.02,1.0,-0.03,0.01,-0.0
0.05,0.02,1.0,-0.01,0.0,0.01
0.06,0.02,1.01,-0.02,0.01,-0.01
0.06,0.02,1.0,-0.02,0.0,0.0
0.06,0.02,1.0,-0.02,0.01,-0.0
0.06,0.01,1.01,-0.02,0.01,-0.01
0.05,0.01,0.99,-0.02,0.0,0.0
0.06,0.01,1.0,-0.02,-0.01,0.0
0.05,0.01,0.98,-0.02,0.0,-0.0
0.05,0.02,1.0,-0.02,-0.01,0.0
0.05,0.01,0.99,-0.02,0.0,0.01
0.05,0.02,1.01,-0.02,-0.0,0.01
0.06,0.02,1.0,-0.03,0.0,0.01
0.06,0.02,1.0,-0.03,0.0,-0.0
0.06,0.02,1.0,-0.02,0.01,-0.01
0.06,0.02,1.0,-0.03,-0.0,0.0
0.06,0.01,1.0,-0.02,0.02,-0.0
0.05,0.02,1.0,-0.02,0.0,0.01
0.06,0.01,1.0,-0.03,0.02,-0.01
0.06,0.01,1.0,-0.02,0.01,0.0
0.06,0.02,1.0,-0.01,0.01,0.0
0.05,0.01,1.0,-0.02,0.01,-0.0
0.06,0.02,1.0,-0.02,0.01,-0.01
0.05,0.02,1.0,-0.03,-0.01,0.0
0.06,0.02,1.0,-0.02,0.01,-0.0
0.06,0.02,1.0,-0.02,0.01,-0.0
0.05,0.02,1.0,-0.04,0.01,0.0
0.05,0.02,1.0,-0.02,-0.0,0.0
0.05,0.02,1.0,-0.01,-0.0,0.01
0.06,0.02,1.01,-0.02,-0.0,0.01
0.06,0.02,1.0,-0.03,0.0,0.0
0.05,0.02,1.01,-0.02,-0.0,0.0
0.05,0.01,1.0,-0.02,0.01,0.0
0.06,0.02,1.01,-0.02,0.0,0.0
0.06,0.02,1.0,-0.02,0.0,0.0
0.06,0.01,1.0,-0.02,-0.0,0.0
0.06,0.02,1.0,-0.02,0.01,0.0
0.06,0.02,1.0,-0.02,0.0,0.0
0.06,0.02,1.0,-0.02,0.01,-0.0
0.05,0.01,1.0,-0.02,0.01,-0.0
0.05,0.01,1.0,-0.02,0.01,-0.0
0.05,0.01,1.0,-0.01,-0.0,-0.0
0.05,0.01,0.99,-0.02,-0.0,0.01
0.06,0.01,1.0,-0.02,0.0,0.0
0.06,0.01,0.99,-0.02,-0.0,-0.0
0.05,0.02,1.0,-0.02,0.0,0.0
0.05,0.01,1.0,-0.02,0.0,0.0
0.06,0.01,1.01,-0.01,-0.01,0.0
0.06,0.02,0.99,-0.01,-0.01,-0.01
0.06,0.02,1.0,-0.02,-0.0,-0.0
0.06,0.01,1.0,-0.02,0.01,-0.0
0.06,0.02,1.0,-0.01,-0.0,0.0
0.06,0.02,1.0,-0.03,0.0,0.0
0.06,0.01,0.99,-0.02,0.0,-0.0
0.05,0.02,1.0,-0.01,0.0,0.0
0.05,0.01,1.0,-0.01,0.0,-0.01
0.06,0.02,1.0,-0.02,0.01,-0.0
0.06,0.02,1.0,-0.03,0.01,-0.0
0.06,0.02,1.01,-0.03,0.01,0.0
0.06,0.02,1.0,-0.03,0.01,-0.0
0.05,0.02,1.0,-0.02,0.0,0.0
0.06,0.02,1.0,-0.03,0.01,-0.0
0.05,0.02,1.0,-0.02,-0.0,-0.0
0.06,0.02,0.99,-0.01,-0.0,-0.0
0.06,0.02,1.0,-0.02,0.01,-0.0
0.06,0.02,0.99,-0.02,0.01,-0.0
0.06,0.02,1.0,-0.02,0.0,-0.0
0.05,0.02,1.0,-0.02,0.0,-0.01
0.06,0.02,1.0,-0.01,0.01,0.0
0.06,0.02,1.0,-0.02,-0.0,0.0
0.06,0.02,1.0,-0.03,0.01,0.0
0.06,0.02,1.0,-0.02,0.0,-0.0
0.06,0.02,1.0,-0.02,0.0,-0.0
0.06,0.02,1.0,-0.02,0.01,0.01
0.05,0.02,0.99,-0.04,0.0,0.01
0.05,0.02,1.0,-0.02,0.01,-0.0
0.05,0.01,1.0,-0.02,0.0,-0.0
0.06,0.01,0.99,-0.02,0.01,-0.0
0.06,0.01,1.0,-0.01,0.0,0.0
0.05,0.02,1.0,-0.01,0.01,-0.0
0.05,0.01,0.99,-0.02,0.01,0.0
0.05,0.01,1.0,-0.01,0.0,0.0
0.05,0.01,1.0,-0.02,0.0,0.0
0.06,0.02,0.99,-0.02,0.0,-0.0
0.06,0.01,1.0,-0.03,0.01,-0.0
0.05,0.02,1.0,-0.02,0.01,-0.0
0.05,0.02,1.0,-0.01,-0.0,-0.0
0.05,0.02,1.0,-0.01,-0.0,-0.0
0.05,0.02,1.0,-0.02,-0.01,-0.0
0.05,0.02,1.0,-0.02,0.0,-0.0
0.05,0.02,0.99,-0.02,0.0,0.01
0.06,0.01,1.0,-0.02,0.01,-0.0
0.06,0.02,1.0,-0.01,0.01,0.0
0.05,0.02,1.0,-0.02,0.01,0.01
0.05,0.01,1.01,-0.03,0.01,-0.01
0.05,0.02,1.01,-0.02,0.0,0.0
0.05,0.01,1.0,-0.02,0.01,0.0
0.05,0.02,1.0,-0.01,-0.0,0.0
0.05,0.02,1.0,-0.01,0.02,0.0
0.05,0.01,1.0,-0.01,0.0,0.0
0.06,0.01,1.01,-0.01,0.0,0.0
0.05,0.01,1.01,-0.01,0.01,-0.0
0.06,0.02,0.99,-0.02,-0.0,-0.0
0.06,0.01,1.0,-0.02,-0.0,-0.0
0.05,0.02,1.0,-0.02,0.01,-0.01
0.05,0.02,1.01,-0.01,0.01,-0.0
0.05,0.02,0.99,-0.01,-0.0,0.01
0.05,0.02,0.99,-0.02,0.01,-0.01
0.05,0.02,1.0,-0.01,-0.0,0.01
0.06,0.02,1.0,-0.01,0.01,0.0
0.06,0.02,1.0,-0.01,-0.0,0.0
0.06,0.02,1.0,-0.02,0.01,-0.0
0.06,0.02,1.0,-0.03,0.01,-0.0
0.06,0.02,1.0,-0.02,0.0,-0.0
0.05,0.01,1.0,-0.03,-0.0,0.0
0.06,0.01,0.99,-0.02,0.01,0.01
0.05,0.02,1.0,-0.02,0.0,-0.0
0.05,0.02,0.99,-0.03,0.01,-0.0
0.06,0.01,0.99,-0.02,0.01,-0.0
0.06,0.01,1.0,-0.02,0.01,-0.0
0.05,0.02,1.0,-0.02,0.01,-0.0
0.06,0.02,1.0,-0.01,-0.0,-0.0
0.06,0.02,1.0,-0.02,-0.0,0.0
0.06,0.01,1.0,-0.01,0.01,-0.01
0.05,0.01,1.0,-0.01,0.0,0.0
0.06,0.01,0.99,-0.02,0.0,0.01
0.06,0.02,0.99,-0.02,-0.0,-0.0
0.06,0.02,1.0,-0.01,0.01,-0.01
0.05,0.02,1.0,-0.02,-0.0,-0.01
0.05,0.02,1.0,-0.01,0.0,-0.0
0.05,0.02,1.0,-0.01,-0.0,0.01
0.06,0.02,1.0,-0.02,0.01,-0.0
0.05,0.02,1.0,-0.01,0.0,-0.0
0.06,0.02,0.99,-0.02,0.0,0.0
0.05,0.02,1.0,-0.02,-0.0,0.01
0.05,0.01,1.0,-0.02,0.0,0.0
0.06,0.01,1.0,-0.02,0.01,0.0
0.06,0.02,1.0,-0.02,0.0,0.0
0.06,0.02,1.0,-0.02,0.01,-0.0
0.05,0.02,1.0,-0.02,0.01,-0.0
0.06,0.02,1.0,-0.02,0.0,0.01
0.06,0.02,1.0,-0.03,0.01,0.01
0.06,0.01,1.01,-0.03,-0.0,0.0
0.05,0.02,1.0,-0.02,0.0,0.0
0.05,0.02,1.0,-0.01,0.0,-0.0
0.06,0.02,1.0,-0.01,0.0,-0.0
0.05,0.01,1.0,-0.02,-0.0,0.0
0.05,0.02,1.0,-0.03,0.0,-0.01
0.05,0.01,1.01,-0.02,-0.01,0.01
0.06,0.01,1.0,-0.03,0.01,0.0
0.06,0.02,1.0,-0.02,-0.0,-0.0
0.05,0.01,1.0,-0.01,0.0,-0.01
0.05,0.01,1.0,-0.02,0.01,-0.0
0.06,0.02,1.0,-0.01,-0.0,-0.0
0.06,0.02,0.99,-0.02,-0.0,0.0
0.05,0.02,0.99,-0.03,0.01,-0.0
0.06,0.02,1.0,-0.02,0.0,0.01
0.06,0.02,0.99,-0.03,0.01,0.0
0.05,0.01,1.0,-0.03,0.01,0.01
0.06,0.02,1.0,-0.03,0.01,-0.01
0.06,0.01,1.0,-0.02,0.01,-0.0
0.06,0.01,1.0,-0.01,-0.0,-0.01
0.05,0.02,1.0,-0.01,-0.01,0.01
0.05,0.02,1.0,-0.03,0.01,-0.0
0.05,0.02,1.0,-0.01,0.0,-0.0
0.06,0.02,1.0,-0.02,0.0,0.01
0.05,0.01,0.99,-0.02,0.0,0.0
0.05,0.02,1.0,-0.01,0.01,-0.01
0.05,0.02,1.0,-0.01,0.0,0.0
0.05,0.02,1.0,-0.0,-0.0,0.0
0.05,0.02,1.0,-0.01,-0.01,0.01
0.06,0.02,1.0,-0.02,0.01,-0.0
0.06,0.01,1.0,-0.03,0.01,-0.0
0.05,0.02,1.0,-0.03,0.01,0.0
0.05,0.01,1.0,-0.03,-0.0,-0.0
0.06,0.02,1.0,-0.02,0.01,-0.0
0.05,0.02,1.0,-0.02,0.0,-0.0
0.05,0.02,1.0,-0.01,0.0,0.0
0.05,0.02,1.0,-0.01,0.0,-0.0
0.05,0.02,1.0,-0.01,0.0,-0.01
0.06,0.02,1.0,-0.01,0.0,0.0
0.05,0.01,1.0,-0.03,0.01,-0.0
0.05,0.02,1.0,-0.02,-0.0,0.0
0.05,0.01,1.0,-0.02,0.0,-0.0
0.04,0.02,1.0,-0.02,0.0,-0.0
0.06,0.02,1.0,-0.01,0.0,-0.0
0.06,0.01,1.01,-0.03,-0.0,-0.0
0.06,0.02,0.99,-0.02,0.01,-0.0
0.06,0.02,1.01,-0.01,-0.01,0.01
0.05,0.02,1.0,-0.03,0.01,0.0
0.05,0.01,0.99,-0.02,0.0,0.0
0.05,0.02,1.0,-0.01,0.0,-0.0
0.05,0.02,1.0,-0.02,0.0,-0.0
0.06,0.02,1.0,-0.01,-0.0,0.0
0.06,0.01,1.0,-0.02,-0.0,0.01
0.05,0.02,1.0,-0.02,0.01,0.0
0.05,0.02,0.99,-0.01,0.0,0.01
0.06,0.02,0.99,-0.02,0.01,-0.0
0.06,0.02,0.99,-0.02,0.01,0.01
0.06,0.02,1.0,-0.02,0.01,-0.0
0.05,0.02,0.99,-0.03,0.01,-0.0
0.06,0.02,1.0,-0.02,0.01,-0.01
0.06,0.02,1.0,-0.03,-0.0,0.01
0.05,0.02,1.0,-0.03,0.01,-0.0
0.05,0.02,1.0,-0.03,0.0,-0.0
0.05,0.01,1.0,-0.02,0.01,0.0
0.05,0.01,1.0,-0.01,0.0,0.0
0.06,0.01,0.99,-0.02,0.0,-0.01
0.05,0.01,1.0,-0.02,0.0,-0.0
0.06,0.02,1.0,-0.01,0.0,-0.0
0.06,0.02,1.01,-0.01,-0.0,-0.0
0.06,0.02,0.99,-0.03,0.01,0.0
0.05,0.02,1.0,-0.02,-0.0,0.01
0.06,0.02,1.01,-0.02,0.01,-0.01
0.05,0.02,1.0,-0.02,-0.0,0.01
0.05,0.02,1.0,-0.01,-0.0,0.0
0.05,0.02,1.0,-0.02,0.0,-0.0
0.05,0.02,1.0,-0.01,0.0,-0.01
0.05,0.02,0.99,-0.03,0.01,-0.0
0.06,0.02,1.0,-0.02,0.0,-0.0
0.05,0.02,1.0,-0.03,0.0,-0.0
0.05,0.02,1.0,-0.02,0.01,0.0
0.05,0.02,0.99,-0.02,-0.01,0.01
0.05,0.02,1.01,-0.02,-0.0,-0.0
0.05,0.02,1.0,-0.02,0.01,-0.0
0.05,0.02,1.0,-0.02,-0.0,-0.0
0.06,0.02,1.0,-0.01,-0.0,0.0
0.05,0.02,1.0,-0.03,0.0,-0.01
0.06,0.01,1.0,-0.01,-0.0,0.01
0.06,0.01,0.99,-0.02,0.01,-0.0
0.05,0.02,0.99,-0.01,0.0,0.0
0.05,0.02,1.0,-0.02,0.0,-0.0
0.05,0.01,0.99,-0.01,0.0,0.0
0.06,0.01,1.0,-0.01,-0.0,-0.01
0.05,0.01,0.99,-0.02,-0.0,0.0
0.06,0.01,1.0,-0.01,0.01,-0.01
0.06,0.02,1.0,-0.02,0.0,0.0
0.05,0.02,1.0,-0.02,0.0,0.0
0.06,0.02,1.0,-0.02,0.0,0.01
0.06,0.02,1.0,-0.03,0.01,0.0
0.05,0.01,1.0,-0.02,0.01,0.0
0.05,0.02,1.0,-0.02,-0.0,-0.0
0.05,0.02,1.0,-0.02,-0.0,-0.0
0.06,0.02,1.0,-0.02,0.01,-0.0
0.06,0.02,1.0,-0.03,0.0,0.0
0.05,0.01,1.0,-0.02,0.01,0.0
0.06,0.01,1.0,-0.02,-0.0,0.0
0.06,0.02,1.0,-0.02,0.01,0.0
0.06,0.02,1.0,-0.02,-0.0,-0.0
0.06,0.02,1.0,-0.03,0.01,0.0
0.05,0.02,1.0,-0.02,-0.0,-0.0
0.05,0.02,0.99,-0.02,0.0,0.0
0.05,0.02,1.0,-0.01,0.0,-0.0
0.05,0.02,0.99,-0.02,0.01,0.0
0.05,0.02,1.01,-0.01,-0.0,0.0
0.06,0.01,1.0,-0.02,0.0,0.0
0.06,0.02,1.0,-0.02,0.01,0.0
0.06,0.02,0.99,-0.03,-0.0,0.0
0.05,0.02,1.0,-0.02,-0.0,0.0
0.05,0.02,1.0,-0.02,0.0,-0.01
0.06,0.02,1.01,-0.02,-0.0,0.0
0.05,0.02,1.0,-0.03,0.01,-0.0
0.06,0.02,1.0,-0.01,0.0,0.0
0.06,0.02,1.0,-0.02,0.0,0.0
0.06,0.02,1.0,-0.03,0.01,-0.01
0.05,0.02,0.99,-0.02,-0.0,0.0
0.05,0.01,1.0,-0.02,-0.0,-0.0
0.05,0.01,1.01,-0.03,0.01,-0.0
0.06,0.02,1.0,-0.02,-0.0,0.0
0.06,0.02,1.0,-0.02,0.01,-0.0
0.06,0.01,1.0,-0.02,0.0,-0.0
0.06,0.02,1.0,-0.02,0.0,0.0
0.05,0.02,1.01,-0.02,0.01,0.0
0.05,0.02,1.0,-0.03,0.0,0.0
0.05,0.01,1.0,-0.03,-0.0,0.01
0.05,0.02,1.0,-0.02,0.0,0.0
0.06,0.02,1.0,-0.01,0.0,0.0
0.05,0.02,1.0,-0.02,-0.0,0.01
0.05,0.02,1.0,-0.03,0.01,0.01
0.05,0.02,1.0,-0.03,0.01,0.0
0.06,0.02,0.99,-0.03,0.01,0.0
0.05,0.02,1.0,-0.03,0.0,-0.0
0.05,0.02,1.01,-0.02,-0.0,-0.0
0.05,0.02,0.99,-0.02,0.01,0.0
0.05,0.01,0.99,-0.01,0.0,0.0
0.05,0.02,1.01,-0.01,0.0,0.0
0.06,0.01,0.99,-0.01,0.0,0.01
0.06,0.02,1.0,-0.02,0.0,-0.0
0.06,0.02,1.0,-0.02,0.01,0.0
0.05,0.02,1.0,-0.03,0.01,-0.0
0.06,0.02,1.0,-0.01,0.0,0.0
0.06,0.02,1.01,-0.01,0.01,-0.01
0.06,0.01,1.0,-0.01,0.0,-0.0
0.05,0.02,0.99,-0.02,0.01,-0.0
0.05,0.02,1.01,-0.01,0.0,0.0
0.05,0.02,1.01,-0.01,-0.0,0.01
0.05,0.02,1.0,-0.02,0.01,-0.01
0.06,0.02,1.0,-0.02,0.0,-0.0
0.06,0.02,1.0,-0.02,0.0,-0.0
0.05,0.02,1.0,-0.02,-0.0,-0.01
0.05,0.02,1.0,-0.02,0.0,0.0
0.05,0.02,1.0,-0.01,-0.0,-0.0
0.06,0.02,1.0,-0.02,-0.0,0.0
0.05,0.02,1.0,-0.03,0.0,0.0
0.06,0.02,1.0,-0.02,0.0,0.0
0.05,0.02,1.01,-0.02,-0.0,-0.0
0.06,0.02,0.99,-0.01,-0.0,-0.0
0.06,0.02,1.0,-0.02,0.01,-0.01
0.05,0.02,1.0,-0.02,0.0,-0.0
0.06,0.02,0.99,-0.02,0.0,0.0
0.05,0.02,1.0,-0.02,0.0,-0.0
0.05,0.01,1.0,-0.02,0.0,0.01
0.05,0.02,1.0,-0.02,0.01,-0.0
0.06,0.02,1.0,-0.02,-0.0,-0.0
0.05,0.02,1.0,-0.01,0.0,-0.01
0.05,0.01,0.99,-0.02,0.01,0.0
0.05,0.02,1.0,-0.01,0.0,0.0
0.05,0.01,0.99,-0.02,-0.0,0.01
0.05,0.02,0.99,-0.01,0.01,-0.01
0.05,0.01,1.0,-0.01,0.0,0.0
0.05,0.02,1.0,-0.02,0.01,0.01
0.05,0.01,1.0,-0.03,0.0,0.0
0.05,0.01,1.0,-0.02,-0.0,-0.0
0.05,0.01,1.0,-0.02,0.01,-0.0
0.06,0.02,1.0,-0.02,0.0,0.0
0.06,0.02,1.0,-0.02,0.0,0.01
0.05,0.02,1.0,-0.03,0.01,-0.01
0.06,0.01,1.0,-0.02,0.01,-0.0
0.05,0.02,1.0,-0.02,0.01,0.01
0.06,0.02,1.0,-0.03,0.0,-0.0
0.05,0.02,1.01,-0.02,0.01,-0.0
0.05,0.02,1.01,-0.01,0.01,-0.0
0.06,0.01,1.0,-0.01,0.0,-0.0
0.05,0.02,1.0,-0.03,-0.0,0.01
0.05,0.02,1.0,-0.02,0.01,0.0
0.05,0.02,1.0,-0.01,0.0,0.01
0.06,0.02,1.0,-0.02,0.01,0.0
0.06,0.02,1.0,-0.03,-0.0,0.0
0.06,0.02,1.0,-0.02,0.01,-0.0
0.06,0.01,1.0,-0.02,0.0,0.0
0.06,0.02,1.0,-0.03,0.01,0.0
0.05,0.02,1.0,-0.03,-0.0,-0.0
0.05,0.02,1.0,-0.02,0.01,-0.0
0.05,0.01,0.99,-0.01,-0.0,0.0
0.05,0.02,1.0,-0.01,0.01,0.0
0.06,0.02,1.0,-0.03,-0.0,0.0
0.05,0.01,0.99,-0.02,0.01,-0.0
0.05,0.02,0.99,-0.02,0.01,-0.0
0.05,0.01,1.0,-0.02,0.01,-0.01
0.05,0.02,1.0,-0.01,0.01,-0.0
0.06,0.02,1.0,-0.02,0.0,0.0
0.06,0.02,1.0,-0.02,-0.0,0.01
0.05,0.02,0.99,-0.02,0.02,-0.01
0.06,0.02,1.0,-0.02,-0.0,0.0
0.05,0.02,1.0,-0.01,0.01,-0.01
0.05,0.02,1.0,-0.02,0.01,-0.01
0.05,0.02,1.0,-0.02,0.01,-0.01
0.06,0.02,1.0,-0.02,-0.01,0.0
0.06,0.02,1.0,-0.03,0.0,0.01
0.05,0.02,1.0,-0.03,-0.0,0.0
0.06,0.02,1.0,-0.03,0.02,-0.0
0.05,0.0,1.0,-0.03,0.0,0.01
0.06,0.02,1.0,-0.03,0.0,-0.0
0.05,0.02,0.98,-0.02,0.0,-0.0
0.05,0.02,1.01,-0.01,0.0,0.0
0.05,0.02,0.99,-0.02,-0.0,0.01
0.05,0.02,1.0,-0.02,0.01,-0.0
0.05,0.02,1.0,-0.02,0.0,0.0
0.05,0.02,0.99,-0.02,0.0,-0.01
0.06,0.01,1.0,-0.02,0.0,0.01
0.05,0.01,1.0,-0.02,0.0,-0.0
0.06,0.02,1.0,-0.02,0.01,-0.0
0.05,0.02,1.0,-0.01,-0.0,-0.0
0.06,0.02,0.99,-0.01,-0.01,0.01
0.06,0.01,1.0,-0.02,0.0,0.0
0.06,0.02,0.99,-0.02,0.01,0.01
0.05,0.02,1.0,-0.02,0.01,-0.0
0.06,0.02,1.0,-0.03,0.01,-0.01
0.06,0.02,1.0,-0.03,0.0,0.01
0.06,0.02,0.99,-0.02,0.01,-0.0
0.05,0.01,1.01,-0.02,0.0,-0.0
0.05,0.02,1.0,-0.02,-0.0,0.01
0.05,0.02,0.99,-0.02,0.01,-0.0
0.06,0.02,0.99,-0.01,0.0,0.0
0.06,0.01,0.99,-0.02,0.01,-0.0
0.06,0.02,0.99,-0.01,0.0,-0.0
0.05,0.02,1.0,-0.03,0.01,-0.01
0.06,0.02,0.99,-0.02,0.01,-0.01
0.05,0.02,1.0,-0.02,0.01,-0.01
0.05,0.02,1.0,-0.02,0.01,-0.0
0.05,0.02,1.0,-0.02,0.01,0.0
0.05,0.02,1.01,-0.02,0.0,-0.0
0.05,0.02,1.0,-0.02,0.01,-0.0
0.05,0.02,0.99,-0.02,-0.0,0.01
0.05,0.01,1.0,-0.03,0.01,0.0
0.06,0.01,1.0,-0.03,0.01,-0.0
0.05,0.01,1.01,-0.02,0.02,-0.01
0.05,0.01,1.0,-0.03,-0.0,0.01
0.06,0.02,1.01,-0.03,0.0,0.0
0.05,0.02,1.0,-0.03,-0.0,0.0
0.06,0.02,1.0,-0.02,0.0,-0.0
0.05,0.02,1.0,-0.02,-0.0,0.01
0.06,0.02,1.0,-0.03,0.01,-0.0
0.06,0.01,1.0,-0.03,0.01,0.01
0.06,0.01,1.0,-0.02,0.0,-0.0
0.06,0.02,1.0,-0.02,0.0,0.01
0.06,0.01,1.0,-0.02,0.01,0.0
0.06,0.01,1.0,-0.01,0.0,0.01
0.06,0.02,1.01,-0.02,0.02,-0.0
0.06,0.02,0.99,-0.01,-0.0,0.0
0.06,0.01,1.0,-0.03,0.01,-0.0
0.06,0.02,1.0,-0.02,0.01,-0.0
0.05,0.01,1.0,-0.02,0.01,-0.0
0.05,0.02,1.0,-0.03,-0.0,-0.0
0.05,0.02,1.0,-0.01,0.0,-0.0
0.06,0.02,1.0,-0.02,0.0,0.0
0.05,0.02,1.0,-0.02,0.01,0.0
0.06,0.02,0.99,-0.02,-0.0,0.0
0.05,0.02,1.0,-0.02,-0.0,0.01
0.06,0.02,1.0,-0.02,0.0,0.0
0.05,0.02,1.0,-0.02,0.0,-0.01
0.06,0.02,1.0,-0.02,-0.0,-0.0
0.06,0.02,1.0,-0.02,0.01,-0.0
0.05,0.02,1.0,-0.02,0.0,0.0
0.06,0.02,1.0,-0.03,0.01,-0.01
0.05,0.02,1.0,-0.02,0.0,-0.0
0.05,0.02,1.0,-0.01,0.0,-0.0
0.05,0.02,0.99,-0.02,0.0,0.0
0.05,0.02,0.99,-0.01,0.0,-0.0
0.05,0.02,1.0,-0.03,0.01,-0.0
0.05,0.02,1.0,-0.02,0.01,0.0
0.05,0.02,1.0,-0.01,0.0,0.01
0.05,0.01,1.0,-0.03,0.01,0.01
0.06,0.02,0.99,-0.02,0.0,-0.0
0.05,0.02,1.0,-0.02,0.01,-0.01
0.06,0.02,1.0,-0.02,0.01,0.0
0.06,0.02,0.99,-0.02,0.01,-0.01
0.06,0.02,0.99,-0.02,-0.0,0.0
0.05,0.02,0.99,-0.03,-0.01,0.0
0.06,0.02,1.0,-0.02,-0.0,0.0
0.05,0.02,1.0,-0.02,0.01,0.0
0.05,0.01,1.0,-0.02,-0.0,0.0
0.06,0.02,1.0,-0.03,-0.0,-0.01
0.05,0.02,0.99,-0.02,-0.0,0.0
0.05,0.02,1.0,-0.01,0.01,-0.0
0.06,0.02,1.0,-0.01,-0.0,0.0
0.06,0.02,1.0,-0.03,0.01,-0.0
0.06,0.02,1.0,-0.02,0.01,-0.0
0.06,0.02,1.0,-0.03,0.02,0.0
0.06,0.02,1.0,-0.03,0.01,0.01
0.06,0.02,1.0,-0.03,0.01,0.01
0.06,0.02,1.0,-0.03,0.01,-0.0
0.06,0.02,1.0,-0.04,0.0,-0.01
0.06,0.02,1.01,-0.03,0.0,0.0
0.05,0.01,0.99,-0.03,0.01,0.0
0.05,0.02,1.0,-0.02,0.01,0.0
0.06,0.02,1.0,-0.01,0.01,0.0
0.06,0.02,0.99,-0.03,0.0,0.0
0.05,0.01,1.0,-0.01,0.0,0.01
0.05,0.02,1.0,-0.02,-0.0,0.01
0.04,0.02,1.01,-0.03,0.01,-0.0
0.05,0.02,1.0,-0.02,0.0,0.0
0.05,0.02,1.0,-0.02,0.0,-0.0
0.06,0.02,0.99,-0.01,-0.0,0.01
0.06,0.02,1.0,-0.02,0.0,-0.0
0.05,0.01,1.0,-0.01,0.0,0.01
0.05,0.02,1.0,-0.02,-0.0,0.0
0.06,0.01,1.0,-0.03,0.0,-0.01
0.06,0.02,1.0,-0.02,0.01,-0.0
0.05,0.02,1.0,-0.02,0.0,0.0
0.05,0.02,1.0,-0.02,0.01,-0.0
0.05,0.02,1.0,-0.01,0.0,0.0
0.05,0.02,1.0,-0.03,0.01,0.01
0.05,0.02,1.0,-0.02,0.01,0.0
0.05,0.02,1.0,-0.02,0.01,-0.0
0.05,0.01,1.0,-0.02,0.01,-0.0
0.06,0.01,1.0,-0.01,0.0,0.0
0.05,0.01,1.0,-0.01,-0.0,-0.0
0.06,0.02,1.0,-0.01,-0.0,-0.0
0.06,0.02,1.0,-0.01,0.0,-0.01
0.05,0.01,0.99,-0.02,0.0,0.01
0.06,0.02,1.0,-0.02,0.0,-0.01
0.06,0.02,1.0,-0.03,0.01,0.0
0.06,0.02,1.0,-0.01,0.01,-0.0
0.06,0.02,0.99,-0.02,0.0,0.0
0.05,0.02,1.0,-0.01,0.0,-0.0
0.05,0.02,1.0,-0.02,0.01,-0.0
0.05,0.02,1.01,-0.02,0.0,0.0
0.06,0.02,1.0,-0.03,0.01,-0.0
0.06,0.02,1.0,-0.02,0.0,0.0
0.05,0.02,1.0,-0.02,-0.0,-0.0
0.06,0.02,1.0,-0.02,0.0,-0.0
0.05,0.02,1.0,-0.03,-0.0,0.0
0.05,0.02,1.0,-0.02,0.01,-0.01
0.05,0.02,1.0,-0.01,0.0,-0.0
0.05,0.01,1.0,-0.02,-0.0,0.01
0.06,0.02,1.01,-0.03,0.0,0.01
0.05,0.02,1.0,-0.02,0.01,0.0
0.05,0.02,0.99,-0.02,-0.01,0.0
0.06,0.01,1.0,-0.02,0.01,-0.0
0.05,0.02,1.01,-0.01,-0.0,-0.0
0.06,0.01,0.99,-0.02,-0.0,-0.0
0.05,0.01,1.0,-0.02,0.01,0.0
0.05,0.02,1.0,-0.01,0.0,0.0
0.05,0.02,1.0,-0.02,-0.0,0.01
0.06,0.02,1.0,-0.03,0.01,-0.01
0.05,0.02,1.0,-0.03,0.01,-0.0
0.05,0.02,1.0,-0.02,0.01,0.0
0.06,0.02,1.0,-0.01,-0.0,-0.0
0.06,0.02,1.0,-0.02,0.01,0.01
0.06,0.02,1.0,-0.03,0.01,-0.0
0.06,0.01,0.99,-0.01,0.01,-0.01
0.06,0.02,1.0,-0.02,-0.0,0.0
0.06,0.02,1.0,-0.02,0.0,0.01
0.06,0.02,1.0,-0.03,-0.0,0.0
0.05,0.02,0.99,-0.01,0.01,0.0
0.05,0.02,1.0,-0.01,0.0,-0.0
0.05,0.02,1.0,-0.01,0.0,-0.0
0.06,0.02,1.0,0.0,-0.0,-0.01
0.05,0.02,1.01,-0.02,0.01,-0.01
0.05,0.02,1.0,-0.03,-0.0,0.0
0.05,0.02,1.0,-0.02,0.01,-0.0
0.06,0.02,1.0,-0.02,0.0,0.0
0.05,0.02,0.99,-0.02,0.01,0.0
0.05,0.02,1.0,-0.01,-0.0,0.0
0.06,0.02,1.0,-0.01,-0.0,-0.01
0.06,0.02,1.0,-0.02,0.01,-0.0
0.05,0.02,1.0,-0.03,0.0,0.0
0.05,0.02,1.0,-0.04,0.02,0.0
0.06,0.02,1.0,-0.02,-0.0,0.0
0.06,0.02,1.0,-0.02,0.0,0.0
0.06,0.02,1.0,-0.02,0.01,0.0
0.06,0.02,1.0,-0.03,-0.01,-0.0
0.05,0.02,1.0,-0.02,0.0,-0.01
0.06,0.02,1.0,-0.02,0.01,-0.0
0.05,0.02,0.99,-0.01,0.0,0.0
0.06,0.02,0.99,-0.02,-0.0,0.0
0.05,0.01,1.0,-0.02,0.01,0.0
0.05,0.01,1.0,-0.01,-0.01,0.01
0.05,0.02,1.0,-0.03,0.01,0.0
0.06,0.02,1.01,-0.02,-0.0,0.01
0.05,0.02,1.0,-0.02,0.0,-0.01
0.05,0.01,1.0,-0.01,0.0,-0.01
0.05,0.01,1.0,-0.01,0.01,0.0
0.05,0.02,1.0,-0.03,-0.0,-0.0
0.06,0.03,1.0,-0.02,0.0,0.0
0.06,0.02,0.99,-0.02,0.0,0.01
0.06,0.02,0.99,-0.03,0.02,-0.0
0.06,0.02,1.0,-0.03,0.01,0.0
0.05,0.02,1.0,-0.02,0.02,-0.0
0.06,0.02,1.0,-0.01,0.01,-0.0
0.05,0.02,0.99,-0.01,-0.0,-0.0
0.05,0.02,1.0,-0.02,-0.0,-0.0
0.05,0.02,1.0,-0.01,0.0,-0.0
0.05,0.02,1.0,-0.02,0.0,0.01
0.05,0.02,1.0,-0.02,0.01,0.0
0.06,0.02,1.0,-0.02,-0.0,-0.0
0.05,0.02,1.0,-0.02,0.01,-0.01
0.05,0.02,1.0,-0.01,-0.0,0.0
0.06,0.02,1.0,-0.02,-0.0,-0.01
0.06,0.02,1.0,-0.02,-0.01,0.01
0.06,0.02,1.0,-0.03,0.01,-0.0
0.05,0.01,0.99,-0.02,0.0,0.0
0.06,0.02,1.0,-0.02,0.01,-0.0
0.06,0.02,1.0,-0.02,-0.0,0.0
0.06,0.02,1.0,-0.02,0.0,-0.0
0.05,0.02,1.0,-0.02,0.01,-0.01
0.06,0.02,0.99,-0.01,0.01,-0.01
0.06,0.02,1.0,-0.03,0.01,-0.0
0.06,0.02,0.99,-0.03,0.01,-0.0
0.06,0.02,1.0,-0.02,-0.0,-0.0
0.06,0.02,1.0,-0.02,0.01,-0.0
0.05,0.02,1.0,-0.02,-0.0,0.0
0.06,0.01,0.99,-0.02,0.0,-0.0
0.06,0.02,1.0,-0.02,0.01,-0.01
0.05,0.02,1.0,-0.02,0.0,-0.0
0.06,0.02,0.99,-0.01,-0.0,0.01
0.06,0.02,1.0,-0.02,0.01,0.0
0.05,0.02,1.0,-0.02,-0.01,0.01
0.05,0.01,0.99,-0.03,0.01,0.0
0.05,0.02,1.0,-0.02,0.0,0.01
0.06,0.02,1.0,-0.03,-0.0,0.0
0.05,0.02,1.0,-0.01,0.01,0.0
0.05,0.02,1.0,-0.02,0.0,0.0
0.05,0.02,1.0,-0.02,-0.0,0.01
0.04,0.01,1.01,-0.03,0.01,-0.0
0.06,0.02,1.01,-0.02,0.0,-0.0
0.05,0.01,1.01,-0.02,0.01,-0.0
0.06,0.02,1.0,-0.03,0.0,0.01
0.06,0.02,1.0,-0.03,0.02,-0.0
0.05,0.02,0.99,-0.03,0.01,0.0
0.06,0.02,1.0,-0.01,-0.0,0.0
0.05,0.02,1.0,-0.03,0.0,0.0
0.06,0.02,0.99,-0.02,0.01,-0.0
0.06,0.02,1.0,-0.02,0.0,-0.0
0.06,0.02,0.99,-0.02,0.01,0.0
0.06,0.02,1.0,-0.01,0.0,0.01
0.06,0.02,1.0,-0.02,0.0,0.0
0.06,0.02,1.0,-0.02,-0.0,0.0
0.05,0.02,1.0,-0.03,0.01,0.0
0.05,0.02,1.0,-0.02,-0.01,-0.0
0.05,0.02,1.0,-0.01,0.01,-0.01
0.06,0.02,0.99,-0.01,-0.0,0.01
0.05,0.02,1.0,-0.02,0.01,0.0
0.05,0.02,1.0,-0.02,-0.0,-0.0
0.05,0.01,1.0,-0.02,0.0,-0.0
0.05,0.02,1.0,-0.02,0.01,-0.0
0.05,0.02,1.0,-0.01,0.01,-0.01
0.06,0.02,1.0,-0.02,0.01,-0.01
0.06,0.02,1.0,-0.02,0.0,-0.0
0.06,0.02,1.0,-0.01,0.0,-0.0
0.05,0.02,1.0,-0.02,0.01,0.0
0.06,0.01,1.0,-0.01,0.0,0.0
0.06,0.02,1.0,-0.02,0.0,0.0
0.05,0.02,1.0,-0.02,0.01,0.0
0.05,0.02,0.99,-0.02,0.01,-0.0
0.05,0.02,1.0,-0.02,0.0,0.0
0.05,0.02,1.0,-0.02,0.01,-0.0
0.05,0.02,1.0,-0.01,-0.01,0.0
0.06,0.02,1.0,-0.02,0.0,0.0
0.06,0.02,1.0,-0.02,-0.0,0.01
0.05,0.02,1.0,-0.03,0.0,-0.0
0.05,0.02,1.01,-0.02,0.0,-0.0
0.06,0.02,1.0,-0.02,0.0,-0.0
0.06,0.02,1.01,-0.02,-0.0,0.0
0.05,0.02,1.0,-0.02,0.01,-0.0
0.05,0.02,1.0,-0.01,0.0,0.01
0.05,0.02,1.01,-0.02,0.01,-0.0
0.06,0.02,0.99,-0.03,0.01,0.0
0.05,0.02,1.0,-0.02,0.01,0.0
0.05,0.02,0.99,-0.01,0.01,0.0
0.06,0.01,1.0,-0.01,-0.0,0.01
0.06,0.02,1.0,-0.02,-0.0,-0.0
0.06,0.02,1.0,-0.03,0.01,-0.0
0.05,0.01,1.0,-0.02,0.0,-0.0
0.06,0.02,1.0,-0.01,0.0,-0.0
0.06,0.02,1.0,-0.01,0.0,-0.0
0.05,0.02,1.0,-0.04,0.01,-0.0
0.05,0.01,1.0,-0.01,-0.0,-0.0
0.05,0.02,1.0,-0.02,0.0,-0.0
0.06,0.02,0.99,-0.02,-0.0,0.0
0.06,0.01,1.0,-0.03,0.01,-0.01
0.06,0.02,1.0,-0.02,0.0,0.01
0.06,0.02,1.0,-0.04,0.01,0.01
0.06,0.02,1.0,-0.02,0.0,0.0
0.06,0.02,1.0,-0.02,0.01,-0.0
0.06,0.02,1.0,-0.02,0.0,0.01
0.06,0.02,1.0,-0.03,0.01,-0.0
0.06,0.02,1.0,-0.02,0.0,-0.0
0.05,0.02,1.0,-0.03,0.0,-0.0
0.05,0.02,1.0,-0.01,-0.0,0.0
0.05,0.02,1.0,-0.02,0.01,-0.01
0.05,0.02,1.0,-0.02,0.0,0.0
0.05,0.01,1.0,-0.02,0.0,-0.0
0.05,0.02,1.0,-0.03,0.0,-0.0
0.05,0.02,1.0,-0.01,-0.0,-0.01
0.06,0.02,1.0,-0.01,-0.0,-0.0
0.05,0.01,0.99,-0.03,0.01,-0.0
0.05,0.02,1.0,-0.01,-0.0,0.0
0.05,0.01,0.99,-0.02,0.01,-0.0
0.05,0.02,1.0,-0.02,0.0,-0.0
0.05,0.02,1.0,-0.01,-0.0,-0.0
0.05,0.01,1.0,-0.01,0.0,-0.0
0.06,0.02,0.99,-0.02,-0.0,-0.0
0.05,0.02,1.0,-0.01,-0.0,0.0
0.05,0.01,1.0,-0.02,0.01,-0.0
0.05,0.02,1.0,-0.01,0.01,-0.0
0.05,0.02,1.0,-0.02,0.0,0.0
0.05,0.02,1.0,-0.03,0.0,0.01
0.06,0.02,1.0,-0.02,0.01,0.01
0.06,0.02,1.0,-0.03,0.01,-0.01
0.06,0.02,1.0,-0.03,-0.0,-0.0
0.06,0.01,1.0,-0.02,-0.0,0.01
0.06,0.02,1.01,-0.03,0.01,-0.0
0.06,0.01,0.99,-0.03,0.01,-0.0
0.05,0.02,1.0,-0.02,0.0,0.01
0.06,0.02,1.0,-0.01,0.0,-0.0
0.05,0.02,1.0,-0.02,0.01,0.0
0.06,0.02,1.0,-0.01,0.0,-0.0
0.05,0.01,1.0,-0.03,0.01,0.01
0.05,0.02,1.0,-0.03,0.0,0.0
0.05,0.01,1.0,-0.03,0.01,0.01
0.05,0.02,1.0,-0.03,0.01,0.0
0.05,0.02,1.01,-0.02,0.01,0.0
0.05,0.02,1.0,-0.03,0.01,0.0
0.06,0.02,1.0,-0.02,0.0,-0.0
0.05,0.02,1.01,-0.02,0.01,-0.0
0.05,0.02,1.0,-0.02,-0.01,0.0
0.05,0.02,1.01,-0.03,0.0,0.0
0.05,0.02,1.0,-0.03,0.0,-0.0
0.06,0.02,1.0,-0.02,0.0,0.0
0.05,0.02,1.0,-0.01,0.0,0.0
0.05,0.01,1.0,-0.02,0.0,0.0
0.05,0.02,1.0,-0.01,0.0,0.01
0.05,0.02,1.0,-0.02,0.0,-0.0
0.06,0.02,1.0,-0.02,0.0,-0.0
0.06,0.02,0.99,-0.02,-0.0,0.0
0.06,0.02,1.0,-0.02,0.02,-0.0
0.05,0.02,1.0,-0.02,0.0,-0.0
0.06,0.01,1.0,-0.02,0.01,0.0
0.05,0.01,1.0,-0.02,0.01,-0.01
0.06,0.02,1.0,-0.02,0.01,-0.0
0.06,0.02,0.99,-0.02,0.01,0.0
0.05,0.02,1.0,-0.02,0.0,0.0
0.06,0.02,1.0,-0.02,-0.0,-0.0
0.06,0.02,1.0,-0.02,0.01,-0.01
0.06,0.03,1.0,-0.01,0.0,0.0
0.06,0.02,1.0,-0.01,0.0,-0.0
0.06,0.02,1.0,-0.03,-0.0,0.0
0.06,0.01,1.0,-0.03,0.0,0.01
0.05,0.01,0.99,-0.03,0.02,-0.01
0.06,0.02,1.0,-0.02,0.0,0.0
0.05,0.02,1.0,-0.01,0.0,-0.0
0.05,0.02,0.99,-0.02,0.01,-0.0
0.06,0.02,1.0,-0.01,0.01,0.01
0.06,0.02,1.0,-0.03,0.0,0.0
0.06,0.02,1.0,-0.02,0.0,0.0
0.05,0.02,1.01,-0.02,0.01,0.01
0.05,0.02,1.0,-0.02,-0.0,-0.01
0.05,0.02,1.0,-0.02,0.0,0.0
0.05,0.02,1.0,-0.01,-0.0,-0.0
0.05,0.01,0.99,-0.02,0.01,0.0
0.06,0.02,0.99,-0.02,-0.0,0.0
0.05,0.01,1.0,-0.02,-0.0,0.0
0.05,0.01,1.0,-0.01,0.0,-0.01
0.06,0.01,1.0,-0.02,0.01,0.01
0.06,0.02,1.0,-0.02,0.01,0.0
0.05,0.02,0.99,-0.03,0.0,0.0
0.06,0.02,1.01,-0.03,0.01,0.01
0.05,0.02,1.0,-0.03,0.0,-0.0
0.06,0.02,1.0,-0.02,0.0,0.01
0.05,0.02,1.0,-0.02,-0.0,0.0
0.05,0.02,1.0,-0.02,0.0,-0.01
0.05,0.02,0.99,-0.02,-0.0,-0.0
0.06,0.01,1.0,-0.01,0.01,-0.0
0.06,0.01,0.99,-0.01,-0.0,-0.0
0.06,0.02,1.0,-0.01,0.01,-0.0
0.05,0.02,1.0,-0.02,0.01,-0.0
0.06,0.02,1.0,-0.01,0.01,-0.01
0.05,0.02,1.0,-0.02,0.01,-0.0
0.06,0.02,1.0,-0.01,0.01,0.0
0.06,0.02,1.0,-0.02,0.01,0.0
0.05,0.02,1.0,-0.02,0.01,0.0
0.05,0.02,1.0,-0.02,-0.0,-0.01
0.05,0.02,1.0,-0.01,0.01,-0.0
0.05,0.02,1.0,-0.02,0.01,-0.01
0.05,0.02,0.99,-0.02,0.0,-0.0
0.05,0.02,1.0,-0.02,-0.01,0.0
0.05,0.02,1.0,-0.03,0.0,0.0
0.06,0.01,1.0,-0.03,-0.0,0.0
0.06,0.02,1.0,-0.03,0.02,-0.0
0.05,0.02,1.0,-0.03,-0.01,0.01
0.06,0.02,1.0,-0.03,0.0,-0.01
0.05,0.02,1.0,-0.03,0.01,-0.01
0.05,0.02,1.0,-0.01,0.01,0.01
0.05,0.02,1.0,-0.03,-0.0,0.0
0.05,0.02,1.0,-0.02,0.01,-0.0
0.05,0.01,0.99,-0.01,0.0,0.01
0.06,0.02,1.0,-0.02,0.01,0.0
0.05,0.01,1.0,-0.02,0.0,0.0
0.06,0.02,1.0,-0.02,0.01,-0.01
0.06,0.02,1.01,-0.01,0.01,0.0
0.06,0.02,1.0,-0.02,0.0,0.01
0.06,0.02,1.0,-0.03,-0.0,0.0
0.06,0.02,1.0,-0.02,0.01,0.0
0.05,0.02,1.0,-0.02,0.0,-0.01
0.06,0.02,1.0,-0.02,0.01,-0.0
0.05,0.02,1.0,-0.02,-0.0,-0.0
0.06,0.01,1.01,-0.02,-0.0,0.0
0.06,0.02,1.0,-0.01,0.0,-0.01
0.05,0.01,1.0,-0.02,0.0,-0.01
0.06,0.01,1.0,-0.02,-0.0,0.01
0.05,0.01,1.0,-0.03,0.01,-0.0
0.05,0.02,1.0,-0.02,0.0,0.01
0.05,0.02,0.99,-0.02,0.02,-0.0
0.05,0.02,1.0,-0.01,0.0,-0.0
0.05,0.03,1.0,-0.01,0.01,-0.01
0.05,0.02,1.0,-0.02,0.01,-0.0
0.06,0.02,1.0,-0.01,0.0,-0.01
0.05,0.02,1.0,-0.02,0.01,-0.01
0.06,0.01,1.0,-0.01,0.0,-0.0
0.05,0.02,1.0,-0.02,-0.0,0.0
0.06,0.02,1.0,-0.02,0.01,0.0
0.05,0.02,1.0,-0.03,-0.01,0.0
0.05,0.02,1.0,-0.01,0.0,-0.0
0.05,0.02,1.0,-0.02,0.01,-0.0
0.05,0.02,1.0,-0.02,0.01,-0.0
0.06,0.02,1.0,-0.02,-0.0,0.01
0.06,0.02,1.0,-0.02,0.0,0.0
0.06,0.02,1.0,-0.02,-0.0,-0.0
0.05,0.02,1.01,-0.02,0.01,0.0
0.06,0.01,1.0,-0.02,-0.0,0.0
0.06,0.02,1.0,-0.01,0.0,-0.01
0.05,0.01,0.99,-0.02,0.01,-0.0
0.06,0.02,0.99,-0.01,0.0,-0.0
0.05,0.02,1.0,-0.03,-0.01,0.0
0.06,0.02,1.01,-0.03,0.01,0.0
0.05,0.02,1.0,-0.02,0.0,0.0
0.05,0.02,1.0,-0.02,0.02,-0.0
0.05,0.02,1.0,-0.01,-0.0,0.01
0.06,0.02,1.0,-0.03,0.0,0.0
0.05,0.02,0.99,-0.02,0.0,0.0
0.06,0.02,1.0,-0.01,0.0,-0.0
0.06,0.02,1.0,-0.02,-0.0,0.01
0.06,0.02,1.0,-0.03,0.01,0.0
0.06,0.02,0.99,-0.02,0.01,0.0
0.06,0.02,1.0,-0.02,0.0,0.01
0.05,0.02,1.0,-0.02,-0.0,-0.01
0.05,0.02,1.0,-0.02,0.0,-0.0
0.05,0.02,1.0,-0.01,0.0,0.0
0.05,0.02,1.01,-0.01,0.0,-0.01
0.06,0.03,1.0,-0.01,-0.01,0.0
0.06,0.02,1.0,-0.02,0.01,0.0
0.05,0.02,1.0,-0.02,0.0,0.0
0.05,0.02,0.99,-0.01,0.01,-0.0
0.06,0.02,0.99,-0.01,-0.0,-0.0
0.06,0.01,1.0,-0.02,0.01,-0.0
0.05,0.02,1.0,-0.02,0.0,0.0
0.05,0.02,1.0,-0.02,0.0,-0.01
0.06,0.02,1.0,-0.01,0.01,-0.01
0.06,0.02,0.99,-0.01,0.0,-0.0
0.05,0.01,1.0,-0.01,0.0,0.01
0.05,0.01,1.0,-0.03,0.01,0.0
0.05,0.02,1.0,-0.03,-0.0,0.01
0.06,0.02,1.0,-0.02,0.0,-0.0
0.06,0.02,1.0,-0.03,0.01,0.0
0.06,0.02,0.99,-0.03,0.0,-0.0
0.06,0.02,1.0,-0.02,-0.01,0.0
0.05,0.02,0.99,-0.02,-0.01,-0.0
0.05,0.01,1.0,-0.02,0.0,0.01
0.05,0.01,0.99,-0.03,0.01,-0.0
0.05,0.02,1.0,-0.02,0.0,0.01
0.05,0.02,1.0,-0.02,-0.0,0.0
0.06,0.01,1.0,-0.02,0.0,0.0
0.06,0.02,1.0,-0.01,0.0,-0.0
0.05,0.02,1.0,-0.02,-0.01,-0.0
0.05,0.02,1.01,-0.01,-0.0,0.0
0.06,0.02,1.0,-0.02,0.01,0.0
0.05,0.02,1.0,-0.02,0.01,-0.0
0.05,0.01,1.0,-0.01,0.01,0.0
0.05,0.01,0.99,-0.02,0.01,-0.01
0.06,0.02,1.0,-0.02,0.01,-0.01
0.05,0.02,1.0,-0.01,0.01,-0.01
0.06,0.02,1.01,-0.02,-0.0,0.0
0.06,0.02,1.0,-0.03,0.01,-0.0
0.06,0.02,1.0,-0.03,0.01,0.0
0.05,0.02,1.0,-0.02,0.01,0.01
0.05,0.02,1.0,-0.02,-0.0,-0.0
0.06,0.02,1.01,-0.02,-0.0,-0.0
0.05,0.02,1.0,-0.02,-0.0,0.0
0.05,0.01,1.0,-0.01,0.0,-0.0
0.05,0.02,1.0,-0.02,-0.0,0.0
0.05,0.02,1.0,-0.02,0.01,0.0
0.06,0.02,0.99,-0.02,-0.0,-0.0
0.06,0.01,1.0,0.01,0.07,-0.06
0.06,0.02,1.0,-0.02,-0.0,0.01
0.07,0.02,1.0,-0.02,0.0,-0.0
0.06,0.02,1.0,-0.03,0.01,0.0
0.06,0.02,1.0,-0.02,0.01,-0.01
0.06,0.02,0.99,-0.03,-0.0,0.01
0.05,0.01,1.0,-0.03,0.01,0.0
0.05,0.02,0.99,-0.02,0.01,0.01
0.05,0.02,1.0,-0.02,0.01,0.0
0.06,0.02,1.0,-0.01,-0.0,0.01
0.06,0.01,0.99,-0.03,0.0,0.0
0.05,0.02,1.0,-0.02,0.0,0.0
0.06,0.02,0.99,-0.01,0.0,-0.0
0.06,0.02,1.0,-0.02,-0.0,0.0
0.05,0.02,1.0,-0.02,-0.01,0.0
0.05,0.02,1.0,-0.02,0.0,-0.0
0.05,0.02,1.0,-0.01,0.01,0.01
0.05,0.02,1.0,-0.01,0.0,-0.0
0.05,0.02,1.0,-0.02,0.01,-0.0
0.05,0.02,1.0,-0.03,0.0,-0.01
0.06,0.02,0.99,-0.02,-0.0,0.01
0.06,0.02,1.0,-0.02,-0.0,0.01
0.05,0.02,1.0,-0.02,0.01,-0.0
0.05,0.02,1.0,-0.02,0.0,0.01
0.06,0.02,0.99,-0.03,0.02,-0.0
0.06,0.01,1.01,-0.02,0.0,0.01
0.06,0.02,0.99,-0.03,-0.0,0.01
0.06,0.02,0.99,-0.03,0.01,-0.0
0.05,0.02,0.99,-0.02,0.01,-0.01
0.05,0.02,1.0,-0.02,-0.0,-0.0
0.05,0.02,1.0,-0.02,0.01,-0.01
0.06,0.02,1.0,-0.02,0.0,0.0
0.05,0.02,1.0,-0.02,0.01,0.0
0.06,0.02,1.0,-0.02,0.0,-0.0
0.05,0.01,1.0,-0.01,-0.01,0.01
0.05,0.02,1.0,-0.02,0.0,0.0
0.06,0.02,1.0,-0.03,0.0,-0.01
0.05,0.02,1.0,-0.02,0.0,0.0
0.06,0.02,1.0,-0.01,0.0,-0.0
0.05,0.01,1.0,-0.03,0.0,-0.0
0.06,0.02,0.99,-0.02,-0.0,-0.0
0.06,0.02,1.0,-0.02,-0.0,-0.0
0.05,0.02,1.0,-0.03,0.01,0.0
0.05,0.02,0.99,-0.03,0.01,0.0
0.05,0.02,1.01,-0.02,0.01,-0.01
0.05,0.02,1.0,-0.02,0.01,0.0
0.06,0.02,1.0,-0.02,0.01,0.0
0.06,0.02,1.0,-0.02,0.01,0.0
0.05,0.02,1.0,-0.03,0.01,0.01
0.06,0.02,1.0,-0.02,0.0,-0.0
0.06,0.02,1.0,-0.02,0.0,-0.0
0.06,0.02,1.0,-0.03,0.01,0.01
0.05,0.01,0.99,-0.03,-0.0,-0.01
0.05,0.02,1.01,-0.02,0.0,-0.01
0.06,0.02,1.0,-0.02,-0.01,0.0
0.06,0.02,0.99,-0.02,-0.0,0.0
0.06,0.02,1.0,-0.02,-0.0,0.01
0.06,0.01,1.0,-0.03,0.01,-0.0
0.06,0.02,1.0,-0.02,0.0,0.0
0.05,0.01,1.0,-0.02,0.0,0.01
0.05,0.01,1.0,-0.01,-0.0,0.0
0.06,0.02,1.0,-0.02,0.01,-0.01
0.06,0.01,1.0,-0.02,0.01,-0.0
0.05,0.02,1.0,-0.01,0.01,-0.0
0.05,0.02,1.0,-0.03,0.01,-0.0
0.06,0.02,1.0,-0.02,0.0,0.01
0.06,0.02,1.0,-0.02,0.0,0.0
0.06,0.02,1.0,-0.02,0.01,-0.0
0.06,0.01,1.0,-0.02,-0.0,-0.0
0.06,0.01,1.0,-0.02,0.0,-0.01
0.06,0.02,1.0,-0.01,0.0,0.0
0.06,0.02,1.0,-0.03,0.01,0.0
0.05,0.02,0.99,-0.03,-0.0,-0.0
0.05,0.02,1.0,-0.01,0.01,-0.01
0.05,0.02,1.0,-0.02,0.0,0.0
0.06,0.02,1.0,-0.01,0.01,0.0
0.05,0.02,1.0,-0.02,-0.0,0.0
0.05,0.02,1.01,-0.01,-0.0,-0.0
0.05,0.02,1.0,-0.02,0.01,-0.0
0.05,0.02,1.0,-0.01,-0.0,-0.0
0.05,0.02,1.0,-0.02,0.0,0.0
0.05,0.02,1.0,-0.02,0.01,0.0
0.05,0.02,1.0,-0.01,-0.0,0.0
0.05,0.01,1.0,-0.02,0.01,-0.0
0.06,0.02,1.0,-0.02,0.01,-0.01
0.06,0.02,1.0,-0.01,0.0,0.0
0.06,0.02,1.0,-0.02,0.01,-0.0
0.05,0.02,1.0,-0.02,0.0,0.0
0.05,0.02,1.0,-0.02,-0.0,0.01
0.05,0.02,1.0,-0.02,0.01,-0.0
0.05,0.02,1.0,-0.02,0.01,0.0
0.06,0.01,1.0,-0.02,0.01,-0.0
0.06,0.01,1.01,-0.02,-0.0,-0.0
0.05,0.01,1.01,-0.01,0.0,-0.0
0.06,0.02,0.99,-0.02,-0.01,-0.0
0.06,0.02,1.0,-0.02,0.0,-0.0
0.05,0.01,1.0,-0.02,-0.0,0.0
0.06,0.02,1.0,-0.02,0.01,-0.0
0.05,0.02,1.0,-0.03,0.01,-0.01
0.05,0.02,1.0,-0.02,0.01,0.0
0.05,0.01,0.99,-0.01,-0.0,-0.0
0.05,0.02,0.99,-0.01,-0.0,-0.0
0.05,0.02,0.99,-0.02,0.0,0.0
0.05,0.02,1.0,-0.01,0.01,0.0
0.06,0.01,1.0,-0.03,0.02,-0.01
0.05,0.02,1.0,-0.02,0.01,-0.01
0.05,0.02,1.0,-0.0,-0.0,0.0
0.06,0.02,1.0,-0.02,0.01,0.01
0.06,0.02,0.99,-0.03,0.0,0.0
0.05,0.02,1.0,-0.02,0.0,-0.01
0.06,0.02,1.0,-0.03,0.01,-0.0
0.05,0.02,1.0,-0.02,0.01,0.01
0.06,0.02,1.0,-0.02,-0.0,0.01
0.06,0.02,1.0,-0.01,0.01,-0.0
0.06,0.02,1.0,0.04,0.14,-0.14
0.05,0.02,1.0,-0.03,0.01,0.0
0.05,0.02,1.0,-0.03,-0.0,0.0
0.05,0.01,1.0,-0.02,0.01,-0.0
0.05,0.01,1.0,-0.02,0.01,0.0
0.06,0.01,1.0,-0.02,0.01,-0.01
0.06,0.02,0.99,-0.02,-0.0,0.0
0.06,0.02,0.99,-0.03,0.01,-0.01
0.06,0.02,1.0,-0.01,-0.0,-0.0
0.05,0.02,1.0,-0.02,0.01,0.0
0.05,0.02,1.0,-0.02,0.0,0.0
0.05,0.02,1.0,-0.01,0.01,0.0
0.05,0.02,1.0,-0.01,0.01,-0.01
0.05,0.02,0.99,-0.02,-0.0,-0.0
0.05,0.01,0.99,-0.02,-0.0,0.0
0.06,0.02,1.0,-0.02,0.01,-0.01
0.05,0.01,1.0,-0.02,0.0,0.01
0.06,0.02,1.0,-0.03,0.01,0.0
0.06,0.02,1.0,-0.03,-0.0,-0.0
0.06,0.02,1.0,-0.02,0.01,-0.01
0.05,0.02,1.0,-0.02,-0.0,-0.0
0.06,0.02,1.0,-0.02,-0.0,-0.0
0.06,0.02,1.0,-0.02,-0.0,0.0
0.06,0.01,1.0,-0.02,0.0,0.0
0.06,0.01,1.0,-0.02,0.0,-0.0
0.05,0.02,1.0,-0.02,0.01,-0.0
0.06,0.01,1.01,-0.01,-0.0,-0.0
0.05,0.02,1.0,-0.01,0.01,-0.01
0.05,0.02,0.99,-0.02,0.01,0.0
0.05,0.02,1.0,-0.01,0.01,-0.0
0.06,0.02,0.99,-0.02,0.01,-0.0
0.06,0.01,1.0,-0.01,0.0,-0.0
0.05,0.02,1.0,-0.02,0.0,0.0
0.06,0.02,1.0,-0.02,0.01,0.01
0.05,0.02,1.0,-0.02,-0.0,-0.0
0.06,0.01,1.0,-0.01,0.01,-0.0
0.05,0.01,1.0,-0.02,0.01,-0.01
0.05,0.02,0.99,-0.02,0.0,0.0
0.05,0.02,0.99,-0.02,-0.01,0.0
0.05,0.02,1.0,-0.01,0.01,-0.0
0.06,0.01,1.0,-0.01,-0.0,-0.0
0.06,0.02,1.01,-0.02,0.0,0.0
0.06,0.02,1.0,-0.02,0.0,-0.0
0.05,0.02,1.0,-0.02,-0.0,-0.0
0.06,0.02,1.0,-0.02,0.01,-0.0
0.05,0.02,0.99,-0.01,-0.0,0.0
0.05,0.02,1.0,-0.01,-0.0,0.01
0.05,0.01,1.0,-0.02,0.0,-0.0
0.06,0.02,1.0,-0.01,0.0,0.0
0.06,0.01,1.0,-0.02,0.01,-0.0
0.05,0.02,1.0,-0.02,0.01,0.0
0.05,0.02,1.0,-0.02,0.01,0.0
0.05,0.02,1.01,-0.02,0.01,0.0
0.05,0.02,1.0,-0.01,0.0,0.0
0.05,0.01,1.0,-0.01,-0.0,0.0
0.05,0.02,1.0,-0.02,0.0,-0.0
0.05,0.02,1.0,-0.02,-0.0,0.0
0.05,0.02,1.0,-0.01,0.01,-0.0
0.06,0.02,1.0,-0.02,-0.0,-0.0
0.05,0.01,1.0,-0.02,0.01,0.0
0.05,0.02,0.99,-0.02,-0.01,-0.0
0.05,0.01,1.0,-0.02,0.01,-0.0
0.05,0.01,1.0,-0.02,-0.0,0.0
0.06,0.01,1.0,-0.03,0.01,-0.0
0.06,0.02,1.0,-0.01,0.0,0.0
0.06,0.02,1.01,-0.02,0.01,0.01
0.05,0.02,0.99,-0.03,-0.0,0.01
0.06,0.01,1.0,-0.02,-0.0,-0.0
0.06,0.02,1.0,-0.01,0.01,-0.01
0.05,0.02,1.0,-0.02,0.01,-0.01
0.05,0.02,1.0,-0.02,0.01,-0.0
0.05,0.02,1.0,-0.01,0.0,-0.0
0.05,0.01,1.0,-0.01,0.0,0.01
0.05,0.02,0.99,-0.02,0.01,0.0
0.06,0.01,1.0,-0.01,0.0,0.0
0.05,0.01,1.0,-0.01,0.01,-0.0
0.06,0.02,1.0,-0.01,0.01,-0.0
0.05,0.02,1.0,-0.02,0.01,-0.01
0.06,0.02,1.0,-0.02,0.0,0.0
0.06,0.02,1.0,-0.03,0.01,-0.0
0.05,0.02,1.0,-0.02,-0.0,0.01
0.06,0.02,1.0,-0.02,0.01,0.0
0.05,0.02,1.0,-0.02,0.0,-0.0
0.05,0.02,1.0,-0.02,-0.0,-0.0
0.06,0.01,1.0,-0.01,0.0,-0.0
0.05,0.02,1.01,-0.01,0.01,-0.01
0.05,0.02,1.0,-0.02,-0.01,0.0
0.05,0.02,1.0,-0.03,0.01,-0.0
0.05,0.02,1.0,-0.01,0.01,0.0
0.05,0.02,1.0,-0.03,0.02,-0.0
0.05,0.02,1.0,-0.03,0.01,0.0
0.06,0.02,1.0,-0.02,0.01,0.0
0.05,0.02,1.0,-0.02,0.0,-0.0
0.06,0.02,1.0,-0.02,0.0,0.0
0.05,0.02,1.0,-0.02,-0.0,0.01
0.05,0.02,1.0,-0.02,0.0,-0.0
0.05,0.02,0.99,-0.02,0.0,0.0
0.05,0.02,1.0,-0.02,0.01,0.01
0.06,0.02,1.0,-0.02,-0.0,0.01
0.06,0.01,1.0,-0.02,0.0,-0.0
0.05,0.01,0.99,-0.01,0.01,0.0
0.05,0.02,1.0,-0.02,0.0,-0.01
0.06,0.02,1.0,-0.01,0.0,-0.0
0.05,0.02,1.0,-0.03,0.01,-0.01
0.05,0.02,1.0,-0.03,-0.0,0.01
0.05,0.02,1.0,-0.03,0.01,0.0
0.05,0.02,1.0,-0.02,0.0,0.0
0.06,0.01,1.01,-0.02,0.0,-0.0
0.06,0.01,1.0,-0.02,0.01,0.0
0.06,0.01,1.0,-0.01,-0.0,-0.0
0.06,0.01,1.0,-0.02,0.01,-0.0
0.06,0.02,1.01,-0.02,0.01,-0.0
0.06,0.02,1.0,-0.01,0.01,0.01
0.05,0.03,1.01,-0.03,0.01,0.0
0.05,0.03,0.99,-0.02,-0.0,-0.0
0.06,0.02,1.0,-0.02,0.0,-0.0
0.05,0.01,0.99,-0.02,0.01,0.0
0.05,0.02,1.0,-0.02,0.0,-0.01
0.05,0.01,1.0,-0.01,-0.01,0.01
0.06,0.02,1.0,-0.02,0.01,-0.0
0.06,0.01,1.0,-0.02,-0.01,0.0
0.06,0.01,1.0,-0.02,0.01,-0.01
0.06,0.02,0.99,-0.02,0.0,0.0
0.05,0.02,1.0,-0.02,0.0,0.0
0.06,0.02,0.99,-0.02,0.01,-0.0
0.06,0.01,1.01,-0.02,0.01,-0.0
0.05,0.02,1.0,-0.02,-0.0,0.0
0.06,0.02,1.0,-0.01,0.01,0.0
0.05,0.02,1.0,-0.01,0.0,0.0
0.06,0.02,1.0,-0.02,0.0,0.01
0.06,0.02,0.99,-0.03,0.01,0.01
0.05,0.02,1.0,-0.03,0.01,0.01
0.05,0.02,1.0,-0.03,0.01,-0.0
0.05,0.01,0.99,-0.02,0.01,-0.01
0.06,0.01,1.0,-0.02,0.0,0.0
0.05,0.02,1.0,-0.02,0.01,-0.01
0.06,0.02,1.0,-0.02,0.01,0.0
0.05,0.02,1.01,-0.03,0.0,0.0
0.05,0.02,1.0,-0.02,0.0,0.0
0.05,0.02,0.99,-0.02,0.0,-0.0
0.06,0.02,1.0,-0.01,0.0,-0.0
0.05,0.02,1.0,-0.03,0.01,0.0
0.05,0.02,1.0,-0.02,-0.0,0.0
0.05,0.02,0.99,-0.02,0.01,0.0
0.05,0.01,1.0,-0.01,-0.0,0.0
0.05,0.02,1.0,-0.02,0.0,0.0
0.05,0.01,1.0,-0.02,-0.0,0.01
0.05,0.02,1.0,-0.02,0.01,0.01
0.05,0.02,1.0,-0.03,0.01,0.0
0.05,0.02,1.0,-0.02,0.0,0.0
0.05,0.02,0.99,-0.02,0.01,0.0
0.05,0.02,1.0,-0.02,-0.0,-0.01
0.05,0.02,1.01,-0.02,-0.0,-0.0
0.05,0.02,0.99,-0.01,0.0,0.01
0.05,0.01,1.0,-0.02,0.01,-0.0
0.05,0.02,1.0,-0.02,0.0,0.0
0.05,0.01,1.0,-0.03,0.01,-0.0
0.05,0.01,1.0,-0.03,-0.0,0.0
0.06,0.02,1.0,-0.02,-0.0,0.0
0.06,0.02,1.0,-0.02,0.01,-0.0
0.06,0.01,0.99,-0.02,0.0,-0.0
0.06,0.02,1.0,-0.01,0.01,-0.01
0.05,0.02,1.0,-0.01,-0.0,0.0
0.05,0.02,1.0,-0.02,0.0,0.0
0.05,0.01,1.0,-0.03,0.0,-0.0
0.05,0.01,1.0,-0.03,-0.0,0.0
0.05,0.02,1.0,-0.03,-0.0,0.0
0.06,0.02,1.0,-0.02,0.01,-0.01
0.05,0.02,1.0,-0.01,0.0,0.0
0.06,0.02,1.0,-0.02,-0.0,0.01
0.06,0.02,0.99,-0.03,0.01,0.0
0.06,0.02,1.0,-0.03,0.01,0.01
0.05,0.02,1.0,-0.03,0.01,-0.0
0.05,0.02,1.0,-0.03,0.01,-0.01
0.05,0.02,1.0,-0.01,0.0,-0.0
0.05,0.02,1.01,-0.01,0.0,-0.0
0.05,0.02,1.0,-0.02,0.0,0.0
0.05,0.02,0.99,-0.02,0.0,-0.0
0.06,0.02,1.0,-0.01,0.0,0.0
0.05,0.02,1.0,-0.02,0.01,0.0
0.05,0.01,1.0,-0.02,0.0,-0.0
0.05,0.02,1.0,-0.02,0.01,0.0
0.06,0.02,1.0,-0.02,0.0,-0.0
0.06,0.02,1.0,-0.03,0.01,-0.0
0.06,0.02,1.0,-0.03,-0.0,0.0
0.05,0.02,1.0,-0.02,0.0,-0.0
0.06,0.02,1.0,-0.02,0.0,-0.0
0.06,0.02,1.0,-0.03,0.01,0.0
0.06,0.02,1.0,-0.02,0.01,-0.0
0.05,0.01,1.0,-0.02,-0.0,-0.0
0.05,0.02,1.0,-0.02,-0.0,-0.0
0.05,0.02,0.99,-0.01,0.0,-0.0
0.05,0.01,1.0,-0.01,0.0,-0.0
0.05,0.02,0.99,-0.02,0.0,-0.0
0.06,0.02,1.0,-0.01,0.0,0.0
0.06,0.02,1.0,-0.03,0.01,0.0
0.06,0.02,1.0,-0.03,0.01,0.0
0.06,0.02,0.99,-0.03,-0.0,0.01
0.05,0.01,0.99,-0.01,0.01,-0.01
0.06,0.02,0.99,-0.02,0.02,-0.01
0.05,0.01,1.0,-0.01,-0.0,0.0
0.05,0.02,1.0,-0.02,0.01,-0.01
0.05,0.01,1.0,-0.01,0.0,0.0
0.05,0.01,1.0,-0.02,0.0,0.0
0.05,0.02,1.01,-0.02,0.0,0.0
0.06,0.02,1.01,-0.02,-0.0,0.0
0.05,0.02,1.0,-0.02,0.0,0.0
0.05,0.03,1.0,-0.02,0.01,-0.0
0.05,0.02,1.0,-0.01,0.0,-0.0
0.05,0.02,0.99,-0.02,-0.0,0.01
0.05,0.02,1.0,-0.02,0.0,0.01
0.05,0.02,1.0,-0.03,-0.0,0.01
0.05,0.02,1.0,-0.02,0.01,-0.01
0.06,0.02,1.0,-0.02,-0.0,-0.0
0.05,0.02,1.0,-0.03,0.01,-0.01
0.05,0.02,1.0,-0.02,0.0,0.0
0.05,0.01,1.0,-0.02,0.01,-0.0
0.06,0.02,0.99,-0.01,-0.0,0.01
0.05,0.01,0.99,-0.02,0.0,-0.0
0.06,0.02,1.0,-0.01,0.0,0.0
0.06,0.02,1.0,-0.02,0.01,0.0
0.05,0.02,1.0,-0.02,0.01,0.0
0.06,0.02,1.0,-0.01,0.0,-0.01
0.06,0.02,1.0,-0.03,0.01,-0.0
0.05,0.02,1.0,-0.02,0.0,-0.0
0.05,0.01,1.0,-0.02,0.0,0.0
0.05,0.01,0.99,-0.02,0.01,-0.01
0.06,0.01,1.0,-0.02,0.0,0.0
0.06,0.02,0.99,-0.02,0.0,0.0
0.05,0.02,1.0,-0.02,-0.0,0.0
0.05,0.02,1.0,-0.02,0.01,0.01
0.05,0.02,1.0,-0.03,0.01,0.0
0.06,0.02,1.0,-0.02,0.01,-0.0
0.06,0.02,0.99,-0.02,-0.0,0.01
0.05,0.02,1.0,-0.02,-0.0,0.0
0.05,0.02,1.01,-0.02,0.0,-0.0
0.05,0.02,1.0,-0.01,0.01,0.0
0.05,0.01,1.0,-0.02,-0.0,0.0
0.05,0.01,1.0,-0.01,0.01,-0.01
0.06,0.02,0.99,-0.03,0.01,-0.0
0.05,0.01,1.0,-0.01,0.0,-0.01
0.05,0.02,1.0,-0.02,0.0,-0.0
0.05,0.01,0.99,-0.01,0.01,-0.0
0.05,0.02,1.01,-0.01,0.0,0.0
0.06,0.01,0.99,-0.01,0.01,-0.01
0.05,0.01,0.99,-0.02,-0.0,0.01
0.05,0.02,0.99,-0.02,0.01,-0.01
0.05,0.01,1.0,-0.02,0.01,-0.0
0.06,0.02,1.0,-0.01,0.0,-0.0
0.05,0.02,1.0,-0.03,-0.0,0.0
0.05,0.01,1.0,-0.02,-0.0,0.01
0.06,0.01,1.0,-0.02,0.01,0.0
0.05,0.01,1.0,-0.03,0.02,-0.01
0.05,0.02,1.0,-0.03,-0.0,0.01
0.06,0.02,1.0,-0.02,0.01,-0.0
0.06,0.02,1.0,-0.02,0.01,-0.0
0.06,0.02,0.99,-0.03,0.01,0.0
0.05,0.02,1.0,-0.02,-0.01,0.01
0.06,0.02,1.0,-0.01,0.01,-0.0
0.05,0.02,1.0,-0.01,0.0,-0.0
0.06,0.01,1.0,-0.01,0.01,0.0
0.05,0.01,1.0,-0.01,0.0,0.01
0.06,0.02,1.0,-0.02,0.0,-0.0
0.05,0.02,1.0,-0.03,0.01,0.0
0.05,0.01,1.0,-0.02,0.01,-0.01
0.06,0.02,1.0,-0.02,-0.01,0.01
0.06,0.02,1.0,-0.02,0.01,-0.01
0.05,0.02,1.0,-0.02,0.01,0.0
0.05,0.02,1.0,-0.02,0.01,0.0
0.05,0.02,1.0,-0.02,-0.0,-0.0
0.06,0.02,1.0,-0.02,0.0,0.01
0.05,0.02,0.99,-0.03,0.0,-0.0
0.06,0.02,1.0,-0.02,0.01,-0.0
0.05,0.02,0.99,-0.03,-0.0,0.01
0.06,0.02,1.01,-0.02,0.0,-0.0
0.05,0.01,1.0,-0.02,0.01,0.0
0.05,0.02,1.0,-0.02,0.01,-0.0
0.05,0.02,1.0,-0.02,0.0,-0.01
0.06,0.02,1.0,-0.02,0.01,-0.0
0.06,0.02,1.0,-0.02,0.01,-0.0
0.06,0.02,0.99,-0.02,0.01,-0.0
0.06,0.02,0.99,-0.02,0.01,-0.0
0.06,0.02,1.0,-0.02,0.02,-0.0
0.06,0.02,0.99,-0.02,0.0,-0.0
0.05,0.01,1.0,-0.05,-0.02,0.02
0.06,0.01,1.0,-0.03,-0.0,0.01
0.05,0.01,1.0,-0.02,0.0,0.0
0.06,0.01,0.99,-0.02,0.01,-0.01
0.06,0.01,1.0,-0.02,0.01,-0.0
0.06,0.02,0.99,-0.02,-0.0,0.01
0.05,0.02,1.0,-0.02,0.0,-0.0
0.06,0.02,1.0,-0.01,-0.0,-0.0
0.05,0.02,1.0,-0.02,0.01,-0.0
0.05,0.02,1.0,-0.02,-0.0,0.0
0.06,0.01,1.0,-0.03,0.0,-0.0
0.06,0.02,0.99,-0.02,0.01,0.0
0.06,0.02,1.0,-0.02,0.01,-0.0
0.05,0.02,1.0,-0.02,-0.0,0.0
0.06,0.02,0.99,-0.02,0.01,-0.01
0.06,0.02,1.0,-0.03,0.0,0.01
0.06,0.02,1.0,-0.03,0.02,-0.0
0.05,0.02,1.0,-0.02,0.01,-0.01
0.05,0.02,1.0,-0.02,0.01,-0.0
0.06,0.02,1.0,-0.02,0.01,-0.0
0.06,0.02,1.0,-0.02,0.0,0.0
0.05,0.02,1.0,-0.02,-0.01,0.0
0.05,0.02,0.99,-0.02,0.01,0.0
0.05,0.02,1.0,-0.01,-0.0,-0.0
0.05,0.02,1.0,-0.02,-0.0,0.01
0.05,0.02,1.0,-0.02,-0.0,0.0
0.05,0.02,1.01,-0.01,0.0,0.0
0.05,0.01,1.01,-0.02,-0.0,-0.0
0.06,0.02,1.0,-0.02,0.0,-0.0
0.06,0.02,1.0,-0.02,-0.01,0.0
0.06,0.02,0.99,-0.01,0.0,-0.0
0.06,0.02,1.0,-0.01,0.0,0.0
0.06,0.02,0.99,-0.01,0.01,0.01
0.05,0.02,1.0,-0.03,-0.0,-0.0
0.05,0.02,1.0,-0.02,0.0,-0.0
0.06,0.02,1.0,-0.03,0.01,-0.0
0.06,0.02,1.0,-0.01,0.01,-0.0
0.06,0.01,1.0,-0.02,0.01,0.0
0.06,0.01,1.0,-0.02,0.01,0.0
0.06,0.02,0.99,-0.02,0.01,0.0
0.05,0.02,0.99,-0.03,0.02,-0.0
0.05,0.02,0.99,-0.02,0.0,0.01
0.06,0.02,1.0,-0.03,0.0,-0.0
0.06,0.02,1.0,-0.02,0.0,-0.0
0.06,0.02,1.0,-0.02,0.0,-0.0
0.06,0.02,1.01,-0.02,-0.0,-0.0
0.05,0.02,0.98,-0.02,-0.01,-0.0
0.05,0.02,0.99,-0.02,0.0,-0.0
0.06,0.02,0.99,-0.01,0.01,0.0
0.05,0.01,0.99,-0.03,0.0,0.01
0.06,0.02,1.01,-0.02,0.01,0.0
0.06,0.02,1.0,-0.03,0.0,-0.0
0.06,0.02,1.0,-0.02,0.0,0.0
0.05,0.02,0.99,-0.03,-0.0,-0.0
0.06,0.01,1.0,-0.02,0.01,0.0
0.06,0.02,1.0,-0.02,0.0,0.0
0.06,0.02,1.0,-0.02,0.01,-0.0
0.06,0.02,1.0,-0.02,0.01,0.01
0.05,0.02,1.01,-0.02,0.0,-0.01
0.05,0.02,1.0,-0.01,0.0,0.0
0.05,0.02,1.0,-0.02,0.0,-0.0
0.05,0.01,1.0,-0.02,-0.0,0.0
0.05,0.02,1.0,-0.02,0.01,-0.0
0.05,0.02,1.0,-0.02,0.0,0.01
0.05,0.02,1.0,-0.03,0.0,0.0
0.05,0.02,1.0,-0.03,-0.0,0.0
0.06,0.02,1.0,-0.02,-0.0,0.01
0.05,0.02,0.99,-0.02,0.0,-0.0
0.05,0.01,1.0,-0.02,-0.0,-0.0
0.06,0.01,1.0,-0.01,-0.0,0.01
0.06,0.01,1.0,-0.01,0.0,-0.0
0.05,0.02,1.0,-0.01,0.01,0.0
0.06,0.01,1.01,-0.02,0.01,-0.0
0.06,0.01,1.0,-0.01,0.01,0.0
0.06,0.02,1.0,-0.02,0.01,-0.0
0.06,0.02,1.0,-0.03,0.01,0.0
0.06,0.02,1.0,-0.04,0.01,0.0
0.05,0.02,1.0,-0.03,0.0,-0.0
0.05,0.02,1.0,-0.02,0.01,-0.0
0.06,0.02,1.0,-0.01,0.0,0.0
0.06,0.02,1.01,-0.03,0.01,-0.01
0.05,0.02,1.0,-0.02,-0.0,0.0
0.06,0.02,0.99,-0.02,0.0,-0.0
0.06,0.01,1.0,-0.03,0.01,0.0
0.06,0.01,1.0,-0.03,0.0,-0.0
0.06,0.02,0.99,-0.02,-0.0,0.0
0.05,0.02,1.0,-0.02,-0.0,-0.0
0.06,0.02,1.0,-0.01,-0.0,0.01
0.05,0.02,1.0,-0.02,0.01,0.01
0.05,0.02,1.0,-0.02,0.0,0.0
0.06,0.02,1.0,-0.02,0.01,0.0
0.05,0.01,0.99,-0.03,0.01,0.0
0.05,0.02,1.01,-0.03,0.0,0.0
0.04,0.01,1.0,-0.02,0.0,0.0
0.05,0.02,1.0,-0.03,0.01,-0.0
0.05,0.02,1.0,-0.02,0.01,0.0
0.05,0.02,1.0,-0.02,0.02,-0.0
0.06,0.02,1.0,-0.01,-0.0,0.01
0.06,0.01,1.0,-0.03,0.01,-0.0
0.05,0.01,1.0,-0.02,0.01,0.0
0.06,0.02,1.0,-0.01,0.01,-0.0
0.06,0.02,0.99,-0.02,0.0,-0.0
0.06,0.02,0.99,-0.02,0.01,-0.0
0.06,0.02,1.0,-0.02,0.0,-0.0
0.05,0.02,1.0,-0.03,0.0,0.01
0.06,0.02,1.0,-0.01,-0.0,-0.0
0.06,0.01,1.0,-0.02,0.0,0.0
0.05,0.01,1.0,-0.01,0.0,0.01
0.06,0.02,1.0,-0.02,0.01,-0.01
0.05,0.02,1.0,-0.01,-0.0,0.0
0.06,0.02,1.0,-0.02,0.01,-0.01
0.06,0.02,1.0,-0.03,0.0,-0.0
0.06,0.02,1.0,-0.02,0.0,-0.0
0.06,0.02,1.0,-0.02,0.0,-0.0
0.06,0.02,1.0,-0.03,0.01,-0.0
0.05,0.02,1.0,-0.02,0.01,-0.01
0.06,0.02,1.0,-0.02,0.01,-0.0
0.05,0.02,1.0,-0.02,0.0,-0.0
0.05,0.02,1.0,-0.02,0.01,-0.0
0.06,0.02,1.0,-0.02,0.0,0.01
0.05,0.02,1.0,-0.02,0.01,0.0
0.05,0.02,1.0,-0.02,0.01,-0.01
0.05,0.01,1.0,-0.03,0.01,0.0
0.05,0.02,1.0,-0.03,0.01,-0.0
0.06,0.02,1.0,-0.02,-0.0,0.0
0.06,0.02,1.0,-0.02,0.0,0.0
0.05,0.02,0.99,-0.03,-0.01,0.0
0.05,0.02,1.0,-0.02,0.01,-0.01
0.06,0.01,1.0,-0.03,-0.0,0.01
0.05,0.01,1.0,-0.03,0.0,-0.01
0.06,0.01,1.0,-0.02,-0.0,-0.0
0.05,0.01,1.0,-0.03,0.01,0.01
0.06,0.01,1.0,-0.03,0.01,-0.01
0.06,0.02,0.99,-0.02,0.01,-0.01
0.06,0.01,1.0,-0.02,0.01,-0.01
0.05,0.02,1.01,-0.02,0.01,0.0
0.06,0.02,1.01,-0.02,0.01,-0.0
0.05,0.02,0.99,-0.02,-0.0,0.0
0.06,0.01,1.01,-0.01,-0.0,-0.0
0.05,0.02,1.0,-0.02,0.01,0.0
0.05,0.02,0.99,-0.03,0.01,0.0
0.06,0.02,1.0,-0.01,0.01,-0.0
0.06,0.02,0.99,-0.03,0.01,-0.01
0.06,0.02,1.0,-0.02,0.0,0.0
0.06,0.02,1.0,-0.02,-0.0,0.0
0.06,0.02,1.0,-0.02,0.01,0.0
0.06,0.02,0.99,-0.02,-0.01,0.0
0.05,0.02,1.0,-0.03,0.01,-0.0
0.06,0.02,1.0,-0.02,-0.0,-0.0
0.06,0.02,0.99,-0.02,0.01,-0.01
