accelX,accelY,accelZ,gyroX,gyroY,gyroZ,pitch,roll
-0.01,-0.0,0.88,0.01,0.09,0.06,-0.59,-0.24
-0.0,-0.01,0.88,0.0,0.08,0.06,-0.31,-0.36
-0.01,-0.01,0.89,-0.02,0.06,0.05,-0.88,-0.86
-0.01,-0.01,0.89,-0.06,0.08,0.06,-0.8,-0.83
-0.01,-0.01,0.9,-0.07,0.05,0.07,-0.78,-0.62
-0.01,-0.0,0.9,-0.09,0.05,0.06,-0.81,-0.26
-0.01,0.0,0.9,-0.11,0.04,0.07,-0.45,0.28
-0.01,0.01,0.9,-0.12,0.03,0.06,-0.73,0.72
-0.01,0.02,0.91,-0.13,0.02,0.06,-0.51,1.09
-0.01,0.03,0.92,-0.14,0.02,0.05,-0.46,1.7
-0.01,0.04,0.92,-0.15,0.01,0.05,-0.44,2.44
-0.01,0.05,0.93,-0.15,0.03,0.05,-0.66,3.11
-0.0,0.06,0.94,-0.13,0.01,0.05,-0.08,3.4
-0.0,0.06,0.94,-0.12,0.02,0.03,-0.1,3.78
-0.01,0.07,0.95,-0.1,0.02,0.03,-0.46,4.07
-0.0,0.06,0.96,-0.1,0.03,0.03,-0.22,3.72
-0.01,0.06,0.96,-0.08,0.01,0.03,-0.63,3.77
-0.02,0.05,0.97,-0.05,0.03,0.02,-0.92,3.01
-0.01,0.05,0.97,-0.04,0.02,0.04,-0.85,3.11
-0.01,0.05,0.97,-0.03,0.04,0.03,-0.88,2.68
-0.02,0.04,0.97,-0.02,0.04,0.04,-1.12,2.28
-0.02,0.03,0.97,-0.01,0.03,0.04,-1.26,1.96
-0.02,0.03,0.96,-0.01,0.02,0.04,-1.07,1.97
-0.02,0.03,0.96,0.01,0.04,0.03,-1.21,1.76
-0.02,0.03,0.96,0.0,0.05,0.04,-1.27,1.52
-0.02,0.04,0.96,0.01,0.05,0.03,-1.32,2.16
-0.02,0.03,0.96,0.01,0.05,0.05,-1.35,1.53
-0.02,0.03,0.96,0.02,0.06,0.03,-1.11,1.6
-0.02,0.02,0.96,0.03,0.06,0.04,-1.21,1.34
-0.02,0.02,0.97,0.03,0.06,0.04,-1.39,1.4
-0.02,0.02,0.97,0.04,0.05,0.05,-1.44,1.39
-0.03,0.02,0.97,0.04,0.06,0.04,-1.56,1.22
-0.03,0.01,0.97,0.04,0.07,0.04,-1.61,0.81
-0.03,0.01,0.97,0.05,0.06,0.06,-1.96,0.79
-0.03,0.02,0.97,0.05,0.04,0.06,-1.89,1.02
-0.03,0.01,0.96,0.05,0.05,0.07,-2.07,0.81
-0.04,0.01,0.96,0.07,0.07,0.06,-2.11,0.47
-0.03,0.01,0.95,0.06,0.07,0.07,-2.07,0.68
-0.04,0.02,0.95,0.07,0.06,0.07,-2.41,0.94
-0.03,0.01,0.94,0.06,0.07,0.08,-2.11,0.43
-0.03,0.01,0.95,0.05,0.1,0.09,-1.76,0.69
-0.03,0.02,0.93,0.04,0.09,0.1,-1.99,0.93
-0.03,0.02,0.93,0.06,0.09,0.1,-1.87,1.21
-0.03,0.02,0.92,0.05,0.08,0.09,-1.79,1.45
-0.03,0.02,0.92,0.03,0.09,0.09,-1.65,1.03
-0.03,0.03,0.92,0.02,0.09,0.1,-1.98,1.6
-0.03,0.03,0.92,0.02,0.07,0.1,-1.81,1.56
-0.03,0.02,0.93,0.02,0.05,0.1,-1.77,1.47
-0.04,0.02,0.92,-0.0,0.06,0.09,-2.33,1.18
-0.03,0.03,0.93,-0.02,0.05,0.1,-2.1,1.7
-0.03,0.03,0.94,-0.01,0.03,0.1,-2.07,1.72
-0.03,0.03,0.93,-0.01,0.03,0.09,-2.04,1.84
-0.04,0.03,0.94,-0.04,0.04,0.09,-2.31,1.6
-0.03,0.03,0.94,-0.03,0.05,0.09,-2.01,1.67
-0.03,0.03,0.94,-0.02,0.03,0.09,-1.99,2.06
-0.03,0.03,0.94,-0.02,0.04,0.1,-1.91,2.02
-0.03,0.04,0.94,-0.02,0.03,0.09,-2.12,2.28
-0.04,0.03,0.94,-0.02,0.05,0.09,-2.15,2.04
-0.04,0.04,0.94,-0.02,0.05,0.09,-2.41,2.17
-0.04,0.03,0.94,-0.02,0.03,0.09,-2.43,2.04
-0.03,0.04,0.94,-0.02,0.05,0.08,-2.11,2.17
-0.04,0.04,0.94,-0.03,0.06,0.08,-2.28,2.55
-0.04,0.04,0.95,-0.01,0.05,0.08,-2.23,2.32
-0.03,0.04,0.94,0.0,0.05,0.08,-2.12,2.56
-0.03,0.04,0.94,-0.0,0.09,0.07,-1.86,2.5
-0.04,0.04,0.94,0.01,0.09,0.08,-2.27,2.37
-0.04,0.03,0.94,0.01,0.11,0.06,-2.29,2.09
-0.04,0.03,0.94,0.03,0.1,0.06,-2.18,2.06
-0.04,0.03,0.94,0.03,0.11,0.05,-2.44,1.78
-0.04,0.03,0.94,-0.0,0.13,0.06,-2.6,1.53
-0.04,0.02,0.93,0.02,0.12,0.06,-2.71,1.33
-0.05,0.01,0.93,0.01,0.1,0.06,-3.22,0.58
-0.05,0.01,0.93,0.01,0.13,0.06,-2.93,0.84
-0.04,0.0,0.93,0.01,0.13,0.07,-2.57,0.29
-0.04,0.0,0.93,-0.01,0.12,0.07,-2.51,0.07
-0.04,0.01,0.93,-0.02,0.12,0.08,-2.75,0.4
-0.04,0.0,0.92,-0.04,0.12,0.09,-2.65,0.17
-0.03,0.0,0.92,-0.05,0.12,0.1,-2.15,0.23
-0.03,0.01,0.91,-0.05,0.09,0.11,-1.87,0.71
-0.02,0.01,0.9,-0.06,0.08,0.11,-1.39,0.88
-0.02,0.02,0.9,-0.08,0.07,0.1,-1.04,1.14
-0.01,0.02,0.89,-0.1,0.06,0.09,-0.86,1.0
-0.02,0.02,0.89,-0.1,0.05,0.1,-1.19,1.04
-0.01,0.01,0.89,-0.11,0.04,0.09,-0.93,0.92
-0.01,0.01,0.89,-0.12,0.03,0.09,-0.65,0.84
-0.01,0.02,0.89,-0.14,0.03,0.09,-0.95,1.17
-0.02,0.02,0.9,-0.14,0.01,0.08,-1.1,1.11
-0.02,0.01,0.9,-0.15,0.01,0.08,-1.45,0.87
-0.03,0.01,0.9,-0.17,0.01,0.07,-1.87,0.47
-0.03,0.01,0.91,-0.18,0.02,0.07,-1.81,0.72
-0.03,0.01,0.89,-0.19,0.01,0.07,-1.7,0.72
-0.03,0.0,0.9,-0.19,0.0,0.07,-2.21,0.01
-0.04,0.0,0.91,-0.2,-0.0,0.08,-2.69,0.06
-0.03,-0.01,0.91,-0.21,0.01,0.08,-1.78,-0.39
-0.03,0.0,0.92,-0.22,0.01,0.08,-1.81,0.06
-0.03,-0.01,0.92,-0.24,0.01,0.08,-1.87,-0.39
-0.03,-0.01,0.93,-0.26,0.02,0.08,-2.1,-0.63
-0.03,0.0,0.92,-0.26,0.02,0.08,-1.58,0.17
-0.03,0.0,0.93,-0.28,0.03,0.09,-1.89,0.2
-0.03,0.01,0.94,-0.28,0.02,0.1,-1.91,0.76
-0.03,0.02,0.94,-0.27,-0.0,0.11,-1.67,1.0
-0.02,0.02,0.95,-0.29,0.01,0.1,-1.07,1.05
-0.01,0.03,0.95,-0.3,0.0,0.1,-0.71,1.91
-0.01,0.04,0.95,-0.31,-0.0,0.1,-0.52,2.16
-0.01,0.04,0.96,-0.3,-0.03,0.1,-0.72,2.57
-0.01,0.05,0.96,-0.3,-0.03,0.11,-0.88,2.78
-0.01,0.06,0.98,-0.3,-0.05,0.1,-0.73,3.29
-0.02,0.07,0.98,-0.31,-0.06,0.11,-1.07,3.83
-0.02,0.07,0.99,-0.31,-0.08,0.11,-1.06,4.0
-0.02,0.08,1.0,-0.3,-0.07,0.1,-0.89,4.46
-0.02,0.08,1.01,-0.29,-0.06,0.11,-0.88,4.56
-0.02,0.09,1.02,-0.29,-0.06,0.11,-1.05,4.97
-0.02,0.1,1.03,-0.26,-0.08,0.12,-1.23,5.53
-0.02,0.1,1.05,-0.24,-0.07,0.12,-1.24,5.7
-0.02,0.11,1.05,-0.22,-0.05,0.12,-1.33,5.96
-0.02,0.12,1.05,-0.19,-0.07,0.13,-1.13,6.35
-0.02,0.12,1.05,-0.17,-0.07,0.14,-0.89,6.63
-0.01,0.12,1.05,-0.13,-0.08,0.14,-0.75,6.42
-0.01,0.12,1.05,-0.13,-0.08,0.14,-0.62,6.64
-0.01,0.13,1.05,-0.11,-0.09,0.14,-0.35,7.07
-0.0,0.13,1.05,-0.08,-0.11,0.14,-0.22,7.22
-0.01,0.12,1.05,-0.04,-0.12,0.13,-0.32,6.57
-0.01,0.12,1.04,-0.03,-0.11,0.13,-0.34,6.64
-0.01,0.11,1.04,0.01,-0.12,0.15,-0.33,6.14
-0.0,0.11,1.03,0.04,-0.13,0.14,-0.06,6.15
-0.0,0.11,1.02,0.07,-0.13,0.15,-0.01,6.03
0.0,0.1,1.01,0.1,-0.13,0.14,0.11,5.91
0.0,0.1,1.01,0.12,-0.1,0.13,0.28,5.83
0.01,0.09,1.0,0.15,-0.09,0.12,0.44,5.2
0.0,0.08,0.98,0.17,-0.09,0.12,0.12,4.75
0.01,0.08,0.98,0.19,-0.06,0.09,0.39,4.48
0.01,0.06,0.97,0.21,-0.07,0.09,0.31,3.73
0.0,0.05,0.96,0.23,-0.06,0.09,0.18,2.75
0.0,0.03,0.95,0.24,-0.07,0.08,0.12,1.87
0.0,0.02,0.94,0.23,-0.04,0.07,0.11,1.08
-0.0,0.01,0.93,0.24,-0.05,0.07,-0.27,0.55
-0.0,-0.01,0.91,0.23,-0.04,0.06,-0.25,-0.67
0.0,-0.01,0.91,0.24,-0.04,0.07,0.27,-0.82
-0.0,-0.03,0.91,0.22,-0.04,0.05,-0.3,-1.7
-0.0,-0.04,0.9,0.2,-0.04,0.05,-0.28,-2.51
-0.0,-0.04,0.9,0.19,-0.05,0.06,-0.07,-2.25
-0.0,-0.05,0.88,0.17,-0.06,0.06,-0.08,-3.06
-0.01,-0.04,0.88,0.14,-0.06,0.05,-0.58,-2.62
0.0,-0.05,0.87,0.1,-0.06,0.05,0.02,-3.42
-0.01,-0.06,0.87,0.08,-0.08,0.05,-0.56,-3.65
0.0,-0.05,0.86,0.06,-0.09,0.06,0.09,-3.54
-0.0,-0.04,0.88,0.05,-0.09,0.05,-0.04,-2.85
-0.01,-0.06,0.87,0.02,-0.08,0.04,-0.33,-4.05
-0.0,-0.05,0.87,0.01,-0.09,0.05,-0.18,-3.04
-0.01,-0.05,0.87,-0.0,-0.09,0.04,-0.49,-3.09
-0.0,-0.05,0.87,-0.02,-0.09,0.04,-0.22,-3.1
-0.01,-0.04,0.87,-0.03,-0.08,0.04,-0.65,-2.59
-0.01,-0.04,0.86,-0.04,-0.08,0.04,-0.43,-2.8
-0.01,-0.04,0.85,-0.06,-0.07,0.03,-0.82,-2.4
-0.01,-0.04,0.86,-0.06,-0.06,0.02,-0.88,-2.51
-0.02,-0.04,0.86,-0.07,-0.07,0.03,-1.0,-2.35
-0.01,-0.03,0.86,-0.08,-0.07,0.02,-0.77,-1.94
-0.01,-0.03,0.86,-0.09,-0.06,0.02,-0.84,-1.95
-0.01,-0.02,0.86,-0.1,-0.06,0.01,-0.64,-1.6
-0.01,-0.03,0.86,-0.11,-0.04,0.01,-0.75,-1.85
-0.01,-0.03,0.86,-0.12,-0.04,-0.01,-0.57,-1.7
-0.02,-0.02,0.86,-0.13,-0.04,-0.01,-1.2,-1.54
-0.02,-0.03,0.87,-0.15,-0.04,-0.03,-1.54,-1.8
-0.03,-0.03,0.89,-0.16,-0.04,-0.03,-1.7,-1.62
-0.03,-0.03,0.9,-0.18,-0.04,-0.04,-2.01,-1.85
-0.04,-0.02,0.92,-0.18,-0.04,-0.04,-2.26,-1.21
-0.04,-0.01,0.94,-0.19,-0.04,-0.02,-2.23,-0.55
-0.04,-0.0,0.94,-0.19,-0.04,-0.02,-2.39,-0.3
-0.04,0.01,0.96,-0.22,-0.04,-0.01,-2.09,0.49
-0.04,0.01,0.96,-0.21,-0.04,-0.01,-2.36,0.65
-0.04,0.03,0.97,-0.2,-0.04,-0.0,-2.15,1.6
-0.03,0.03,0.97,-0.19,-0.04,0.01,-1.96,1.97
-0.03,0.05,0.97,-0.2,-0.02,0.0,-1.98,2.84
-0.03,0.06,0.98,-0.17,-0.01,0.0,-1.55,3.46
-0.03,0.07,0.98,-0.16,-0.02,0.02,-1.56,3.81
-0.02,0.07,0.97,-0.16,0.02,-0.01,-1.26,3.96
-0.02,0.07,0.97,-0.12,0.01,0.0,-1.44,3.96
-0.03,0.07,0.97,-0.11,0.02,-0.01,-1.72,4.02
-0.02,0.07,0.97,-0.09,0.02,-0.01,-1.19,4.03
-0.03,0.07,0.97,-0.09,0.02,-0.02,-1.55,4.21
-0.03,0.07,0.97,-0.1,0.03,-0.01,-1.87,4.09
-0.03,0.07,0.97,-0.07,0.02,-0.01,-1.68,4.13
-0.03,0.07,0.98,-0.06,0.01,-0.01,-1.85,4.19
-0.03,0.07,0.97,-0.06,0.0,-0.02,-1.91,4.07
-0.04,0.07,0.98,-0.04,0.01,-0.02,-2.22,4.15
-0.04,0.07,0.98,-0.06,0.02,-0.02,-2.22,4.22
-0.04,0.07,0.98,-0.05,0.01,-0.01,-2.51,4.18
-0.05,0.07,0.98,-0.03,-0.0,-0.01,-2.85,4.07
-0.05,0.08,0.99,-0.02,0.02,-0.0,-2.71,4.47
-0.05,0.08,0.99,-0.0,0.01,0.01,-3.13,4.35
-0.05,0.07,0.98,0.0,0.0,0.01,-2.87,4.29
-0.05,0.08,0.96,0.02,-0.01,0.01,-3.07,4.47
-0.05,0.07,0.96,0.01,0.01,0.0,-3.26,4.21
-0.05,0.07,0.96,0.02,0.01,0.02,-2.97,4.07
-0.06,0.07,0.96,0.04,-0.0,0.02,-3.33,3.98
-0.06,0.06,0.97,0.04,-0.02,0.02,-3.48,3.56
-0.05,0.06,0.96,0.04,-0.02,0.03,-3.18,3.73
-0.06,0.04,0.95,0.03,0.0,0.04,-3.6,2.54
-0.07,0.03,0.94,0.04,-0.02,0.04,-4.28,2.07
-0.07,0.03,0.93,0.03,-0.02,0.04,-4.39,1.55
-0.07,0.02,0.94,0.03,-0.01,0.04,-3.97,1.5
-0.07,0.03,0.94,-0.0,0.01,0.05,-4.33,1.72
-0.06,0.03,0.94,0.01,-0.02,0.06,-3.68,1.62
-0.07,0.02,0.95,0.01,-0.03,0.08,-4.07,1.42
-0.06,0.03,0.95,-0.0,-0.02,0.08,-3.75,1.59
-0.06,0.03,0.94,-0.0,-0.03,0.08,-3.76,1.91
-0.06,0.04,0.95,-0.01,-0.02,0.09,-3.39,2.47
-0.05,0.04,0.94,0.0,-0.04,0.1,-2.93,2.66
-0.05,0.04,0.94,0.01,-0.02,0.1,-2.79,2.51
-0.03,0.05,0.93,0.01,0.0,0.1,-2.11,2.88
-0.03,0.04,0.93,0.02,0.0,0.11,-1.9,2.75
-0.03,0.05,0.93,0.04,0.01,0.1,-2.02,2.79
-0.03,0.03,0.92,0.04,0.0,0.1,-1.87,2.08
-0.03,0.03,0.92,0.04,0.03,0.09,-1.82,1.78
-0.02,0.02,0.91,0.03,0.03,0.09,-1.25,1.56
-0.02,0.02,0.9,0.04,0.02,0.1,-1.04,1.19
-0.01,0.02,0.9,0.02,0.03,0.08,-0.91,0.98
-0.02,0.01,0.89,0.01,0.03,0.08,-1.04,0.45
-0.01,-0.01,0.88,0.01,0.01,0.09,-0.8,-0.45
-0.01,-0.0,0.88,-0.01,0.02,0.07,-0.84,-0.29
-0.01,-0.02,0.87,-0.03,0.02,0.06,-0.48,-1.02
-0.01,-0.02,0.87,-0.05,0.02,0.07,-0.68,-1.22
-0.01,-0.02,0.87,-0.07,0.01,0.06,-0.54,-1.6
-0.01,-0.03,0.87,-0.08,-0.0,0.06,-0.61,-2.1
-0.01,-0.03,0.87,-0.09,-0.01,0.06,-0.56,-1.8
-0.01,-0.03,0.88,-0.12,-0.02,0.07,-0.34,-1.74
-0.0,-0.03,0.88,-0.14,-0.03,0.07,-0.31,-1.87
-0.01,-0.02,0.88,-0.17,-0.03,0.06,-0.61,-1.59
-0.01,-0.03,0.89,-0.19,-0.04,0.05,-0.86,-1.79
-0.01,-0.02,0.89,-0.21,-0.04,0.05,-0.59,-1.27
-0.01,-0.02,0.9,-0.23,-0.05,0.05,-0.82,-1.26
-0.01,-0.02,0.9,-0.24,-0.06,0.05,-0.66,-1.03
-0.01,-0.0,0.91,-0.24,-0.07,0.06,-0.59,-0.12
-0.01,0.0,0.93,-0.24,-0.05,0.06,-0.46,0.22
-0.01,0.01,0.93,-0.25,-0.05,0.06,-0.37,0.85
-0.01,0.03,0.94,-0.24,-0.04,0.05,-0.33,1.55
-0.01,0.03,0.93,-0.25,-0.03,0.05,-0.31,1.75
-0.0,0.03,0.93,-0.21,-0.03,0.04,-0.07,1.99
-0.0,0.03,0.94,-0.22,-0.0,0.04,-0.13,2.09
-0.0,0.04,0.94,-0.2,-0.0,0.03,-0.23,2.21
-0.01,0.04,0.95,-0.18,0.0,0.03,-0.44,2.17
-0.01,0.02,0.95,-0.18,0.03,0.01,-0.56,1.42
-0.01,0.03,0.96,-0.18,0.03,0.02,-0.76,1.63
-0.01,0.02,0.96,-0.18,0.03,0.02,-0.79,1.47
-0.01,0.03,0.95,-0.16,0.03,0.02,-0.78,1.68
-0.02,0.02,0.96,-0.17,0.04,0.01,-1.11,1.06
-0.01,0.02,0.95,-0.16,0.04,0.02,-0.6,1.46
-0.01,0.02,0.96,-0.17,0.03,0.03,-0.85,1.34
-0.01,0.03,0.96,-0.15,0.01,0.03,-0.83,1.62
-0.02,0.03,0.97,-0.15,0.02,0.01,-1.25,1.96
-0.01,0.03,0.96,-0.18,0.02,0.02,-0.68,2.07
-0.01,0.05,0.98,-0.17,0.02,0.03,-0.72,2.96
-0.01,0.06,0.96,-0.15,-0.0,0.03,-0.83,3.53
-0.02,0.04,0.97,-0.15,-0.0,0.04,-1.16,2.19
-0.01,0.06,0.97,-0.16,0.01,0.03,-0.79,3.47
-0.02,0.05,0.97,-0.15,0.01,0.02,-1.16,3.14
-0.02,0.06,0.98,-0.13,0.0,0.02,-1.43,3.4
-0.01,0.06,0.99,-0.12,-0.01,0.02,-0.79,3.53
-0.02,0.07,1.0,-0.11,-0.0,0.02,-1.19,3.8
-0.03,0.06,1.0,-0.1,-0.0,0.01,-1.53,3.48
-0.03,0.06,1.0,-0.08,-0.0,0.01,-1.86,3.63
-0.03,0.07,1.01,-0.06,-0.01,0.01,-1.89,3.9
-0.04,0.07,1.01,-0.07,0.03,0.01,-2.3,4.1
-0.04,0.06,1.01,-0.03,0.01,0.01,-2.19,3.51
-0.05,0.07,1.02,-0.03,0.01,0.01,-2.62,3.85
-0.05,0.06,1.01,-0.01,0.01,0.01,-2.99,3.25
-0.06,0.06,1.02,0.01,0.0,0.03,-3.34,3.25
-0.06,0.06,1.02,0.03,0.03,0.03,-3.48,3.31
-0.06,0.05,1.02,0.05,0.03,0.05,-3.47,2.89
-0.06,0.05,1.0,0.07,0.03,0.06,-3.56,2.6
-0.06,0.05,1.0,0.1,0.05,0.06,-3.47,2.82
-0.05,0.05,0.98,0.09,0.07,0.06,-3.13,2.82
-0.05,0.04,0.96,0.11,0.07,0.06,-3.01,2.52
-0.05,0.03,0.96,0.11,0.06,0.06,-2.82,2.06
-0.06,0.03,0.94,0.11,0.07,0.07,-3.47,1.87
-0.05,0.02,0.93,0.11,0.06,0.05,-3.3,1.11
-0.05,0.02,0.93,0.09,0.06,0.06,-3.24,1.35
-0.06,0.01,0.93,0.09,0.04,0.08,-3.41,0.73
-0.05,0.01,0.93,0.07,0.05,0.07,-3.19,0.45
-0.04,0.02,0.93,0.05,0.06,0.08,-2.77,1.4
-0.04,0.03,0.92,0.05,0.05,0.09,-2.64,1.56
-0.04,0.03,0.92,0.05,0.04,0.08,-2.79,1.74
-0.04,0.03,0.91,0.04,0.03,0.09,-2.47,1.67
-0.03,0.04,0.91,0.02,0.06,0.09,-2.13,2.28
-0.03,0.04,0.91,0.03,0.04,0.09,-2.13,2.47
-0.03,0.04,0.91,0.02,0.05,0.09,-1.87,2.8
-0.04,0.04,0.91,0.01,0.04,0.08,-2.21,2.29
-0.03,0.04,0.91,-0.01,0.05,0.08,-2.14,2.53
-0.03,0.03,0.92,-0.01,0.03,0.08,-2.12,2.17
-0.03,0.03,0.92,-0.0,0.02,0.08,-2.12,1.98
-0.04,0.04,0.93,-0.0,0.03,0.08,-2.26,2.38
-0.03,0.04,0.92,-0.02,0.05,0.07,-2.08,2.23
-0.03,0.04,0.92,-0.03,0.04,0.08,-1.83,2.34
-0.04,0.04,0.93,-0.02,0.04,0.06,-2.35,2.22
-0.05,0.03,0.96,-0.01,0.03,0.07,-2.83,1.99
-0.05,0.02,0.97,-0.0,0.01,0.08,-2.72,1.36
-0.04,0.02,0.95,0.0,-0.01,0.09,-2.44,1.4
-0.04,0.03,0.95,-0.0,-0.01,0.1,-2.58,1.73
-0.05,0.02,0.95,0.01,-0.01,0.11,-2.75,1.27
-0.04,0.03,0.96,0.0,0.02,0.12,-2.37,1.83
-0.03,0.02,0.96,0.0,0.02,0.12,-2.07,1.24
-0.03,0.03,0.95,0.02,0.03,0.14,-1.96,1.57
-0.01,0.03,0.94,0.05,0.02,0.13,-0.89,1.58
-0.02,0.02,0.93,0.05,0.05,0.13,-1.02,1.22
-0.01,0.02,0.92,0.04,0.07,0.13,-0.76,1.25
-0.01,0.02,0.92,0.06,0.06,0.13,-0.57,1.1
-0.0,0.02,0.91,0.05,0.08,0.11,-0.14,1.18
0.01,0.01,0.9,0.04,0.09,0.11,0.45,0.59
0.01,0.01,0.91,0.04,0.09,0.11,0.52,0.7
0.01,-0.0,0.9,0.03,0.07,0.1,0.35,-0.1
0.01,0.0,0.9,0.04,0.07,0.08,0.9,0.3
0.01,-0.01,0.9,0.02,0.07,0.09,0.63,-0.38
0.02,-0.01,0.9,0.01,0.08,0.09,1.09,-0.35
0.02,-0.01,0.89,-0.01,0.06,0.09,1.22,-0.67
0.02,-0.01,0.9,-0.01,0.04,0.09,1.51,-0.66
0.03,-0.01,0.89,-0.03,0.05,0.08,2.2,-0.92
0.04,-0.02,0.89,-0.04,0.02,0.07,2.26,-1.48
0.05,-0.03,0.89,-0.06,0.0,0.06,3.07,-2.08
0.06,-0.05,0.9,-0.07,-0.05,0.04,3.94,-3.04
0.06,-0.07,0.91,-0.1,-0.09,0.03,3.93,-4.51
0.05,-0.1,0.93,-0.17,-0.13,0.02,3.04,-5.86
0.03,-0.11,0.94,-0.21,-0.2,0.02,2.04,-6.73
0.03,-0.09,0.97,-0.25,-0.23,0.03,1.67,-5.19
0.04,-0.07,0.99,-0.28,-0.21,0.02,2.12,-3.9
0.05,-0.04,1.03,-0.31,-0.13,0.0,2.86,-2.31
0.06,-0.01,1.1,-0.33,-0.04,-0.0,3.0,-0.72
0.06,0.01,1.21,-0.33,0.13,-0.01,2.96,0.38
0.09,0.02,1.3,-0.34,0.32,0.01,3.83,0.83
0.12,0.02,1.36,-0.39,0.53,0.04,5.08,0.94
0.17,0.01,1.35,-0.48,0.67,0.1,7.22,0.4
0.21,-0.0,1.27,-0.62,0.73,0.14,9.22,-0.01
0.23,0.01,1.19,-0.86,0.68,0.16,10.87,0.6
0.26,0.06,1.15,-1.16,0.5,0.17,12.83,2.7
0.32,0.11,1.16,-1.54,0.21,0.16,15.33,5.44
0.38,0.2,1.19,-1.94,-0.19,0.15,17.71,9.03
0.43,0.33,1.24,-2.35,-0.56,0.14,18.6,14.07
0.46,0.5,1.35,-2.7,-0.92,0.13,17.5,19.43
0.49,0.7,1.55,-2.97,-1.19,0.14,16.16,23.22
0.5,0.84,1.8,-3.2,-1.4,0.17,14.24,24.09
0.56,1.0,1.93,-3.33,-1.59,0.21,14.51,26.37
0.55,0.97,1.98,-3.33,-1.71,0.26,14.16,25.18
0.54,0.95,2.01,-3.21,-1.88,0.3,13.76,24.49
0.56,0.97,1.98,-3.02,-1.97,0.36,14.33,25.14
0.56,1.02,1.91,-2.78,-1.92,0.37,14.56,27.22
0.54,1.08,1.84,-2.52,-1.82,0.27,14.13,29.41
0.57,1.1,1.83,-2.24,-1.8,0.14,14.93,29.84
0.56,1.07,1.86,-1.87,-1.71,-0.04,14.61,28.92
0.54,1.01,1.94,-1.48,-1.68,-0.19,13.77,26.65
0.52,0.93,2.03,-1.1,-1.69,-0.31,13.2,23.95
0.51,0.84,2.13,-0.71,-1.73,-0.4,12.61,21.0
0.54,0.79,2.19,-0.3,-1.87,-0.47,13.1,19.29
0.54,0.76,2.21,0.11,-2.02,-0.55,13.0,18.34
0.54,0.73,2.22,0.49,-2.15,-0.66,13.01,17.85
0.52,0.67,2.26,0.81,-2.28,-0.8,12.45,16.24
0.5,0.59,2.32,1.09,-2.42,-0.96,11.87,13.89
0.45,0.48,2.4,1.32,-2.55,-1.11,10.48,11.2
0.38,0.33,2.51,1.52,-2.67,-1.25,8.48,7.48
0.27,0.13,2.67,1.68,-2.81,-1.37,5.79,2.75
0.15,-0.1,2.84,1.83,-2.93,-1.41,3.08,-2.01
0.06,-0.2,2.87,1.91,-3.05,-1.4,1.16,-4.03
-0.0,-0.24,2.86,1.94,-3.11,-1.35,-0.01,-4.85
-0.06,-0.35,2.75,1.94,-3.14,-1.24,-1.18,-7.26
-0.11,-0.49,2.61,1.9,-3.18,-1.09,-2.29,-10.64
-0.14,-0.62,2.48,1.85,-3.22,-0.94,-3.1,-14.03
-0.18,-0.74,2.34,1.78,-3.26,-0.77,-4.16,-17.42
-0.2,-0.81,2.27,1.71,-3.35,-0.63,-4.83,-19.64
-0.22,-0.87,2.22,1.68,-3.44,-0.52,-5.34,-21.37
-0.26,-0.92,2.16,1.69,-3.5,-0.42,-6.21,-22.95
-0.29,-0.99,2.08,1.73,-3.56,-0.37,-7.12,-25.39
-0.33,-1.05,2.0,1.79,-3.62,-0.35,-8.25,-27.44
-0.37,-1.12,1.9,1.89,-3.67,-0.32,-9.61,-29.89
-0.39,-1.2,1.79,2.02,-3.69,-0.31,-10.36,-33.11
-0.41,-1.28,1.66,2.16,-3.73,-0.31,-11.11,-36.92
-0.43,-1.39,1.48,2.29,-3.71,-0.31,-11.91,-42.08
-0.44,-1.49,1.25,2.4,-3.66,-0.29,-12.81,-48.36
-0.45,-1.54,1.01,2.47,-3.59,-0.29,-13.81,-54.33
-0.46,-1.58,0.75,2.5,-3.48,-0.27,-14.72,-60.87
-0.48,-1.6,0.51,2.5,-3.4,-0.25,-15.84,-66.52
-0.51,-1.63,0.3,2.44,-3.38,-0.2,-17.08,-70.13
-0.53,-1.67,0.12,2.34,-3.44,-0.12,-17.68,-71.89
-0.54,-1.68,-0.06,2.21,-3.56,-0.02,-17.93,-71.95
-0.56,-1.65,-0.18,2.04,-3.69,0.08,-18.63,-70.43
-0.55,-1.56,-0.37,1.84,-3.73,0.2,-18.94,-66.95
-0.52,-1.44,-0.48,1.64,-3.8,0.28,-18.98,-63.77
-0.48,-1.3,-0.56,1.45,-3.84,0.33,-18.76,-60.35
-0.46,-1.18,-0.62,1.29,-3.86,0.35,-19.15,-56.85
-0.44,-1.06,-0.68,1.16,-3.81,0.35,-19.09,-52.59
-0.43,-0.95,-0.74,1.02,-3.7,0.34,-19.72,-47.87
-0.43,-0.84,-0.8,0.92,-3.53,0.32,-20.31,-42.99
-0.42,-0.75,-0.82,0.81,-3.36,0.27,-20.77,-39.34
-0.42,-0.68,-0.85,0.71,-3.2,0.25,-20.92,-35.9
-0.42,-0.65,-0.85,0.61,-3.04,0.25,-21.54,-34.27
-0.41,-0.6,-0.87,0.54,-2.94,0.27,-21.27,-31.79
-0.39,-0.53,-0.88,0.48,-2.85,0.29,-21.07,-28.95
-0.38,-0.45,-0.88,0.36,-2.75,0.33,-21.18,-25.16
-0.35,-0.39,-0.89,0.29,-2.68,0.36,-19.78,-21.99
-0.31,-0.3,-0.86,0.2,-2.58,0.38,-18.83,-17.89
-0.27,-0.2,-0.84,0.14,-2.49,0.39,-17.54,-12.64
-0.25,-0.12,-0.8,0.06,-2.37,0.39,-17.07,-8.28
-0.2,-0.06,-0.74,0.01,-2.24,0.38,-15.34,-4.17
-0.17,0.01,-0.69,-0.03,-2.11,0.36,-13.6,0.78
-0.13,0.06,-0.64,-0.04,-1.94,0.34,-11.87,5.45
-0.11,0.12,-0.58,-0.06,-1.75,0.32,-10.67,11.1
-0.09,0.17,-0.53,-0.08,-1.57,0.3,-9.6,18.08
-0.08,0.25,-0.45,-0.06,-1.42,0.28,-8.8,28.41
-0.06,0.28,-0.39,-0.07,-1.27,0.25,-7.44,35.16
-0.05,0.32,-0.34,-0.06,-1.15,0.18,-5.7,42.83
-0.02,0.35,-0.31,-0.08,-1.07,0.19,-2.47,48.11
-0.03,0.36,-0.25,-0.09,-1.03,0.15,-3.44,54.9
-0.04,0.38,-0.21,-0.13,-1.0,0.14,-4.9,61.12
-0.05,0.36,-0.15,-0.19,-0.98,0.11,-6.8,66.84
-0.06,0.33,-0.08,-0.24,-1.02,0.11,-10.05,73.22
-0.07,0.33,-0.01,-0.28,-1.06,0.11,-11.53,78.24
-0.08,0.33,0.05,-0.34,-1.1,0.12,-12.9,74.72
-0.09,0.31,0.11,-0.38,-1.11,0.12,-14.42,66.26
-0.09,0.3,0.18,-0.42,-1.15,0.15,-14.69,55.84
-0.09,0.28,0.27,-0.42,-1.16,0.15,-13.19,44.18
-0.1,0.26,0.37,-0.41,-1.16,0.19,-12.4,33.99
-0.1,0.25,0.43,-0.38,-1.12,0.2,-11.67,29.34
-0.1,0.24,0.51,-0.35,-1.09,0.22,-9.91,25.13
-0.09,0.25,0.58,-0.27,-1.04,0.23,-8.41,23.04
-0.1,0.24,0.64,-0.19,-1.0,0.23,-8.39,20.65
-0.1,0.24,0.7,-0.1,-0.92,0.21,-7.44,18.51
-0.11,0.23,0.74,0.01,-0.82,0.2,-7.86,17.37
-0.1,0.23,0.77,0.12,-0.74,0.2,-6.8,16.35
-0.09,0.22,0.8,0.23,-0.67,0.19,-5.93,15.52
-0.08,0.22,0.8,0.32,-0.6,0.17,-5.22,15.04
-0.07,0.21,0.81,0.41,-0.54,0.16,-5.05,14.4
-0.08,0.2,0.81,0.48,-0.51,0.16,-5.13,13.69
-0.06,0.2,0.81,0.55,-0.5,0.15,-4.14,13.59
-0.05,0.19,0.81,0.61,-0.47,0.15,-3.34,13.36
-0.03,0.2,0.8,0.66,-0.45,0.15,-2.1,13.87
-0.02,0.2,0.8,0.72,-0.46,0.16,-1.44,13.78
-0.01,0.19,0.78,0.75,-0.44,0.15,-0.92,13.7
-0.01,0.17,0.78,0.77,-0.41,0.14,-0.4,12.43
0.0,0.17,0.76,0.78,-0.38,0.13,0.28,12.56
0.02,0.17,0.75,0.79,-0.36,0.13,1.38,12.54
0.02,0.16,0.73,0.77,-0.31,0.12,1.9,12.38
0.03,0.15,0.73,0.74,-0.3,0.12,2.24,11.56
0.01,0.14,0.74,0.69,-0.27,0.12,1.08,10.34
-0.01,0.12,0.76,0.64,-0.28,0.13,-0.52,9.24
-0.01,0.12,0.79,0.62,-0.28,0.14,-0.97,8.56
-0.02,0.13,0.82,0.6,-0.31,0.16,-1.21,9.16
-0.02,0.14,0.85,0.59,-0.31,0.16,-1.11,9.3
-0.01,0.14,0.87,0.59,-0.31,0.16,-0.63,9.0
-0.0,0.13,0.89,0.59,-0.29,0.16,-0.24,8.43
-0.0,0.13,0.9,0.59,-0.27,0.15,-0.29,7.98
0.0,0.13,0.9,0.62,-0.25,0.14,0.28,8.05
0.01,0.13,0.89,0.62,-0.22,0.13,0.91,8.58
0.02,0.15,0.89,0.62,-0.18,0.1,1.51,9.45
0.03,0.15,0.87,0.62,-0.15,0.08,2.0,9.96
0.04,0.15,0.84,0.58,-0.1,0.05,2.53,10.37
0.04,0.14,0.82,0.54,-0.08,0.02,3.02,9.97
0.04,0.14,0.79,0.5,-0.08,0.0,2.87,10.18
0.04,0.14,0.76,0.43,-0.08,-0.02,2.99,10.12
0.03,0.13,0.76,0.35,-0.08,-0.04,2.54,10.07
0.03,0.13,0.74,0.26,-0.12,-0.05,2.15,10.08
0.03,0.13,0.73,0.16,-0.14,-0.09,2.16,10.05
0.03,0.12,0.74,0.05,-0.18,-0.1,2.04,9.25
0.03,0.12,0.76,-0.05,-0.22,-0.12,2.16,9.01
0.03,0.13,0.78,-0.15,-0.24,-0.13,2.49,9.18
0.03,0.11,0.81,-0.22,-0.29,-0.14,1.87,7.62
0.02,0.1,0.83,-0.28,-0.32,-0.16,1.55,6.61
0.01,0.08,0.87,-0.35,-0.33,-0.19,0.67,5.27
-0.01,0.05,0.9,-0.4,-0.34,-0.19,-0.59,2.86
-0.03,0.01,0.95,-0.33,-0.13,-0.45,-1.54,0.52
-0.03,0.0,0.98,-0.43,-0.37,-0.19,-1.7,0.2
-0.03,-0.03,1.02,-0.43,-0.37,-0.17,-1.46,-1.86
-0.03,-0.02,1.01,-0.42,-0.33,-0.16,-1.61,-1.28
-0.05,-0.01,1.0,-0.41,-0.32,-0.14,-2.59,-0.31
-0.05,-0.02,1.03,-0.41,-0.32,-0.13,-2.51,-1.13
-0.04,-0.04,1.05,-0.38,-0.3,-0.11,-2.36,-1.93
-0.04,-0.04,1.07,-0.35,-0.29,-0.09,-2.01,-2.23
-0.04,-0.02,1.07,-0.34,-0.28,-0.07,-2.2,-1.04
-0.05,0.0,1.06,-0.29,-0.27,-0.06,-2.56,0.06
-0.05,0.02,1.06,-0.27,-0.24,-0.06,-2.64,1.23
-0.04,0.03,1.07,-0.25,-0.23,-0.04,-2.29,1.39
-0.03,0.02,1.08,-0.23,-0.21,-0.05,-1.57,1.24
-0.02,0.03,1.06,-0.19,-0.2,-0.05,-1.06,1.47
-0.01,0.03,1.04,-0.18,-0.21,-0.06,-0.75,1.71
-0.02,0.04,1.01,-0.18,-0.19,-0.06,-0.91,2.41
-0.01,0.04,0.99,-0.17,-0.2,-0.06,-0.59,2.13
-0.0,0.03,0.98,-0.2,-0.21,-0.07,-0.17,1.6
-0.0,0.01,0.97,-0.2,-0.23,-0.06,-0.03,0.77
-0.01,0.0,0.96,-0.24,-0.22,-0.07,-0.42,0.07
-0.01,0.0,0.96,-0.27,-0.23,-0.06,-0.43,0.15
-0.01,0.01,0.98,-0.3,-0.23,-0.04,-0.68,0.62
-0.01,0.02,1.0,-0.27,-0.24,-0.04,-0.71,0.96
-0.02,0.02,1.02,-0.28,-0.24,-0.04,-1.4,1.31
-0.03,0.03,1.03,-0.28,-0.23,-0.03,-1.82,1.44
-0.03,0.03,1.04,-0.26,-0.23,-0.03,-1.84,1.83
-0.04,0.04,1.04,-0.22,-0.24,-0.01,-2.2,2.33
-0.05,0.04,1.03,-0.19,-0.22,-0.02,-2.55,2.46
-0.04,0.04,1.03,-0.19,-0.21,-0.02,-2.12,2.31
-0.04,0.05,1.02,-0.17,-0.22,-0.02,-2.22,2.75
-0.04,0.05,1.0,-0.15,-0.25,-0.01,-2.1,2.98
-0.05,0.05,0.99,-0.14,-0.26,0.0,-2.85,2.67
-0.05,0.04,0.98,-0.16,-0.24,-0.0,-3.03,2.16
-0.05,0.03,0.99,-0.14,-0.25,0.01,-3.04,1.67
-0.06,0.02,0.99,-0.14,-0.26,0.03,-3.34,1.14
-0.07,0.02,0.99,-0.12,-0.24,0.03,-4.16,1.08
-0.07,0.02,0.98,-0.13,-0.25,0.05,-4.04,1.44
-0.06,0.03,0.98,-0.12,-0.25,0.06,-3.75,2.04
-0.05,0.04,0.97,-0.1,-0.26,0.07,-3.22,2.15
-0.04,0.05,0.97,-0.09,-0.22,0.07,-2.54,3.1
-0.03,0.05,0.95,-0.08,-0.21,0.07,-1.75,2.98
-0.02,0.06,0.93,-0.1,-0.17,0.07,-1.06,3.47
-0.01,0.07,0.92,-0.12,-0.15,0.07,-0.51,4.37
0.0,0.08,0.91,-0.16,-0.12,0.06,0.02,4.77
-0.0,0.09,0.92,-0.18,-0.1,0.05,-0.09,5.38
0.0,0.1,0.92,-0.21,-0.1,0.04,0.04,5.91
0.0,0.1,0.93,-0.23,-0.11,0.03,0.16,6.02
0.01,0.1,0.94,-0.26,-0.11,0.03,0.38,6.05
0.01,0.1,0.95,-0.27,-0.12,0.02,0.51,6.26
0.0,0.11,0.96,-0.29,-0.15,0.03,0.24,6.62
0.0,0.12,0.97,-0.29,-0.17,0.0,0.18,7.2
0.0,0.12,0.97,-0.29,-0.19,0.0,0.28,7.06
0.02,0.11,0.96,-0.27,-0.2,-0.02,1.0,6.66
0.01,0.11,0.96,-0.29,-0.2,-0.02,0.82,6.7
0.0,0.11,0.95,-0.29,-0.21,-0.03,0.05,6.5
-0.01,0.11,0.96,-0.26,-0.23,-0.02,-0.41,6.51
-0.02,0.1,0.95,-0.24,-0.21,-0.04,-1.09,6.3
-0.02,0.09,0.95,-0.22,-0.2,-0.04,-0.96,5.16
-0.02,0.08,0.95,-0.2,-0.18,-0.04,-1.33,4.51
-0.03,0.06,0.95,-0.17,-0.17,-0.03,-1.57,3.85
-0.04,0.06,0.95,-0.15,-0.13,-0.02,-2.12,3.6
-0.04,0.06,0.96,-0.11,-0.09,-0.02,-2.56,3.32
-0.04,0.06,0.94,-0.08,-0.04,-0.0,-2.6,3.41
-0.04,0.05,0.94,-0.04,-0.02,0.01,-2.72,3.01
-0.03,0.04,0.93,-0.01,0.02,0.0,-2.02,2.73
-0.04,0.05,0.91,0.01,0.05,0.02,-2.32,2.94
-0.03,0.05,0.91,0.03,0.08,0.03,-2.03,3.3
-0.02,0.07,0.92,0.07,0.12,0.03,-1.05,4.43
-0.01,0.07,0.9,0.1,0.15,0.02,-0.73,4.62
-0.01,0.06,0.89,0.11,0.17,0.02,-0.68,3.66
-0.01,0.07,0.87,0.11,0.16,0.03,-0.6,4.64
-0.01,0.07,0.87,0.11,0.16,0.04,-0.9,4.81
-0.01,0.07,0.88,0.13,0.12,0.05,-0.74,4.62
-0.0,0.08,0.89,0.13,0.11,0.04,-0.14,4.88
0.01,0.09,0.89,0.14,0.07,0.04,0.94,5.6
0.0,0.11,0.89,0.19,0.05,0.03,0.02,6.76
-0.0,0.11,0.89,0.21,0.05,0.02,-0.12,7.23
-0.0,0.11,0.9,0.22,0.08,0.0,-0.06,7.2
-0.01,0.11,0.92,0.26,0.08,-0.01,-0.5,6.66
-0.01,0.09,0.91,0.34,0.08,-0.03,-0.54,5.6
0.0,0.09,0.89,0.37,0.11,-0.04,0.08,5.47
-0.0,0.09,0.87,0.43,0.13,-0.05,-0.07,5.75
-0.0,0.09,0.85,0.46,0.19,-0.06,-0.3,5.81
-0.01,0.09,0.85,0.52,0.2,-0.07,-0.65,5.75
-0.01,0.08,0.84,0.57,0.25,-0.06,-0.72,5.77
-0.01,0.08,0.82,0.61,0.3,-0.08,-0.87,5.85
-0.02,0.07,0.79,0.65,0.32,-0.07,-1.45,5.38
-0.04,0.07,0.77,0.69,0.36,-0.1,-2.72,5.06
-0.05,0.07,0.75,0.69,0.31,-0.03,-3.42,5.39
-0.04,0.07,0.74,0.73,0.32,-0.04,-3.05,5.15
-0.04,0.07,0.72,0.76,0.29,-0.01,-2.96,5.55
-0.01,0.09,0.71,0.76,0.28,-0.01,-0.79,6.88
-0.01,0.1,0.69,0.77,0.28,-0.0,-0.67,8.04
0.01,0.11,0.66,0.75,0.35,-0.02,1.27,9.7
0.03,0.13,0.64,0.72,0.39,-0.04,2.53,11.37
0.04,0.13,0.61,0.68,0.43,-0.06,3.31,11.78
0.03,0.12,0.57,0.63,0.46,-0.09,3.1,11.76
0.03,0.1,0.56,0.55,0.51,-0.1,2.61,10.13
0.01,0.09,0.56,0.47,0.55,-0.11,0.84,9.36
-0.01,0.08,0.56,0.36,0.58,-0.09,-1.0,8.49
-0.02,0.06,0.57,0.27,0.59,-0.08,-1.61,6.2
-0.03,0.03,0.63,0.18,0.58,-0.06,-2.83,2.97
-0.03,0.04,0.67,0.12,0.58,-0.05,-2.35,3.0
-0.02,0.04,0.73,0.08,0.55,-0.02,-1.79,2.96
-0.01,0.06,0.75,0.04,0.56,-0.02,-1.12,4.2
-0.01,0.07,0.81,-0.0,0.59,-0.01,-0.61,4.93
-0.01,0.07,0.84,-0.01,0.64,-0.02,-0.38,5.04
-0.01,0.07,0.85,-0.03,0.66,-0.02,-0.56,4.51
-0.02,0.06,0.87,-0.02,0.69,-0.04,-1.01,4.05
-0.01,0.07,0.88,-0.03,0.72,-0.06,-0.87,4.49
-0.02,0.06,0.89,-0.04,0.73,-0.07,-1.06,3.95
-0.03,0.05,0.91,-0.06,0.71,-0.09,-1.9,3.39
-0.03,0.04,0.94,-0.06,0.71,-0.1,-1.57,2.69
-0.03,0.04,0.97,-0.06,0.72,-0.12,-1.82,2.4
-0.03,0.03,0.99,-0.04,0.74,-0.13,-1.82,1.78
-0.03,0.03,1.0,-0.01,0.76,-0.14,-1.84,1.63
-0.05,0.03,1.01,0.03,0.78,-0.15,-2.57,1.69
-0.06,0.0,1.0,0.08,0.82,-0.17,-3.57,0.25
-0.08,-0.01,1.0,0.11,0.85,-0.18,-4.33,-0.84
-0.09,-0.03,0.99,0.14,0.88,-0.16,-5.0,-1.78
-0.09,-0.04,0.97,0.15,0.9,-0.16,-5.18,-2.28
-0.09,-0.04,0.98,0.19,0.9,-0.14,-5.48,-2.29
-0.1,-0.03,0.99,0.23,0.92,-0.15,-5.8,-1.87
-0.09,-0.03,1.0,0.26,0.93,-0.13,-5.43,-1.85
-0.09,-0.03,0.99,0.3,0.94,-0.14,-4.93,-1.59
-0.08,-0.02,0.96,0.34,0.95,-0.15,-4.8,-1.19
-0.09,-0.02,0.93,0.36,0.97,-0.17,-5.27,-0.93
-0.09,-0.03,0.9,0.36,0.99,-0.18,-5.39,-1.71
-0.08,-0.03,0.87,0.35,1.0,-0.18,-5.27,-1.99
-0.08,-0.03,0.85,0.32,0.99,-0.18,-5.09,-2.28
-0.08,-0.02,0.83,0.29,1.0,-0.18,-5.45,-1.61
-0.08,-0.02,0.82,0.25,1.02,-0.2,-5.87,-1.45
-0.09,-0.02,0.82,0.19,1.02,-0.2,-6.31,-1.66
-0.1,-0.04,0.83,0.15,0.99,-0.2,-6.74,-2.96
-0.11,-0.07,0.85,0.09,0.96,-0.19,-7.32,-4.58
-0.12,-0.09,0.87,0.03,0.94,-0.16,-7.94,-5.58
-0.12,-0.08,0.89,-0.0,0.87,-0.13,-7.66,-5.1
-0.12,-0.07,0.92,-0.02,0.8,-0.09,-7.21,-4.24
-0.11,-0.05,0.96,-0.05,0.76,-0.09,-6.76,-2.88
-0.1,-0.03,1.01,-0.02,0.73,-0.08,-5.86,-1.8
-0.1,-0.02,1.05,0.02,0.73,-0.08,-5.23,-0.84
-0.09,-0.01,1.07,0.09,0.76,-0.11,-4.82,-0.42
-0.1,0.0,1.09,0.18,0.8,-0.12,-5.03,0.16
-0.09,0.01,1.06,0.25,0.87,-0.16,-5.05,0.62
-0.1,-0.01,1.02,0.35,0.92,-0.17,-5.49,-0.76
-0.11,-0.03,0.96,0.42,0.96,-0.18,-6.31,-1.66
-0.1,-0.03,0.92,0.45,0.99,-0.21,-6.39,-2.03
-0.11,-0.05,0.86,0.46,1.04,-0.21,-7.25,-3.24
-0.12,-0.06,0.8,0.41,1.08,-0.21,-8.22,-4.3
-0.12,-0.09,0.74,0.36,1.09,-0.2,-8.89,-6.83
-0.12,-0.12,0.73,0.29,1.1,-0.18,-9.47,-9.04
-0.13,-0.14,0.71,0.19,1.09,-0.16,-10.0,-10.81
-0.13,-0.15,0.71,0.05,1.1,-0.12,-10.39,-11.53
-0.13,-0.14,0.75,-0.06,1.07,-0.08,-9.98,-10.42
-0.11,-0.12,0.8,-0.16,1.04,-0.05,-7.83,-8.36
-0.1,-0.09,0.86,-0.22,1.05,-0.03,-6.74,-5.74
-0.1,-0.07,0.93,-0.27,1.04,-0.02,-6.33,-4.34
-0.09,-0.04,0.98,-0.27,1.01,-0.02,-5.32,-2.4
-0.07,-0.02,1.0,-0.26,0.99,-0.02,-3.8,-1.37
-0.07,-0.02,1.01,-0.25,1.02,-0.04,-3.9,-0.86
-0.06,0.0,1.01,-0.22,1.01,-0.05,-3.67,0.06
-0.07,-0.0,1.0,-0.19,1.0,-0.07,-4.22,-0.11
-0.09,-0.02,1.0,-0.16,0.99,-0.08,-5.0,-1.18
-0.09,-0.04,0.95,-0.16,0.99,-0.09,-5.28,-2.62
-0.09,-0.07,0.93,-0.17,0.98,-0.09,-5.72,-3.99
-0.11,-0.08,0.91,-0.22,0.98,-0.1,-6.73,-5.24
-0.1,-0.09,0.9,-0.27,0.9,-0.04,-6.48,-5.77
-0.1,-0.1,0.89,-0.32,0.89,-0.04,-6.32,-6.52
-0.09,-0.1,0.91,-0.41,0.86,-0.02,-5.49,-6.21
-0.09,-0.08,0.95,-0.46,0.81,0.0,-5.13,-4.96
-0.08,-0.07,1.0,-0.51,0.79,0.0,-4.57,-3.98
-0.07,-0.06,1.06,-0.52,0.79,0.01,-3.9,-3.31
-0.07,-0.06,1.12,-0.53,0.84,0.01,-3.35,-2.92
-0.08,-0.04,1.19,-0.51,0.85,0.05,-3.77,-2.14
-0.07,-0.01,1.24,-0.39,0.9,0.03,-3.18,-0.66
-0.07,0.0,1.27,-0.23,0.96,0.01,-2.93,0.05
-0.05,0.03,1.3,-0.1,1.04,-0.01,-2.32,1.29
-0.03,0.05,1.3,0.06,1.11,-0.02,-1.47,2.02
-0.02,0.06,1.24,0.22,1.18,-0.07,-0.92,2.56
-0.02,0.05,1.16,0.35,1.24,-0.1,-0.77,2.26
-0.03,0.02,1.06,0.44,1.28,-0.13,-1.58,0.99
-0.05,-0.02,0.98,0.47,1.28,-0.14,-2.66,-1.22
-0.05,-0.06,0.91,0.47,1.29,-0.15,-3.3,-3.62
-0.06,-0.08,0.86,0.41,1.25,-0.16,-3.84,-4.99
-0.07,-0.1,0.81,0.34,1.21,-0.15,-4.8,-7.0
-0.08,-0.11,0.79,0.25,1.15,-0.13,-5.74,-7.85
-0.09,-0.12,0.78,0.16,1.08,-0.11,-6.48,-8.91
-0.09,-0.14,0.79,0.07,1.01,-0.09,-6.52,-9.96
-0.08,-0.16,0.79,-0.05,0.98,-0.06,-5.92,-11.22
-0.06,-0.16,0.8,-0.16,0.88,-0.0,-4.21,-11.17
-0.07,-0.18,0.81,-0.26,0.78,0.03,-4.54,-12.59
-0.04,-0.15,0.81,-0.39,0.67,0.08,-2.8,-10.26
-0.01,-0.11,0.84,-0.49,0.54,0.1,-0.93,-7.28
0.01,-0.07,0.87,-0.57,0.44,0.11,0.92,-4.48
0.03,-0.04,0.89,-0.61,0.34,0.11,1.95,-2.44
0.04,-0.02,0.9,-0.64,0.26,0.11,2.4,-1.11
0.03,0.0,0.9,-0.67,0.23,0.07,1.87,0.22
0.01,0.01,0.91,-0.66,0.2,0.06,0.53,0.38
-0.01,-0.01,0.91,-0.65,0.18,0.04,-0.61,-0.49
-0.03,-0.03,0.93,-0.63,0.17,0.03,-1.91,-1.81
-0.06,-0.05,0.93,-0.62,0.18,0.02,-3.84,-3.33
-0.06,-0.07,0.94,-0.61,0.22,0.02,-3.91,-4.38
-0.07,-0.08,0.95,-0.62,0.33,0.04,-4.32,-4.8
-0.08,-0.09,0.95,-0.61,0.42,0.06,-4.9,-5.14
-0.09,-0.07,0.97,-0.59,0.54,0.06,-5.43,-4.37
-0.11,-0.06,1.0,-0.59,0.67,0.08,-5.97,-3.21
-0.1,-0.02,1.06,-0.56,0.78,0.09,-5.27,-1.24
-0.06,0.03,1.13,-0.49,0.85,0.09,-3.26,1.44
0.0,0.07,1.2,-0.39,0.88,0.07,0.01,3.35
0.07,0.11,1.22,-0.31,0.93,0.02,3.29,4.92
0.1,0.11,1.19,-0.2,0.96,-0.05,4.65,5.19
0.08,0.12,1.14,-0.1,0.98,-0.12,4.07,5.92
0.05,0.11,1.11,-0.02,1.01,-0.19,2.81,5.5
0.03,0.07,1.08,0.01,1.07,-0.27,1.84,3.53
0.0,0.03,1.06,0.04,1.1,-0.31,0.17,1.5
-0.02,-0.01,1.04,0.07,1.09,-0.35,-1.31,-0.35
-0.06,-0.05,1.01,0.09,1.07,-0.37,-3.12,-2.65
-0.08,-0.07,0.99,0.07,1.06,-0.36,-4.67,-3.83
-0.12,-0.08,0.97,0.06,1.02,-0.36,-6.72,-4.79
-0.14,-0.1,0.95,0.05,1.0,-0.34,-8.15,-6.21
-0.15,-0.13,0.92,0.02,1.0,-0.31,-8.95,-7.77
-0.19,-0.16,0.89,-0.04,1.02,-0.27,-11.53,-9.72
-0.2,-0.16,0.87,-0.12,1.05,-0.21,-12.42,-10.34
-0.18,-0.17,0.88,-0.2,1.03,-0.17,-11.63,-10.68
-0.15,-0.18,0.92,-0.29,0.99,-0.11,-9.14,-10.67
-0.11,-0.18,0.95,-0.4,0.96,-0.07,-6.31,-10.54
-0.07,-0.16,0.98,-0.48,0.89,-0.02,-4.13,-9.13
-0.04,-0.12,1.0,-0.57,0.82,0.02,-2.19,-6.59
-0.01,-0.06,1.03,-0.62,0.76,0.02,-0.48,-3.2
0.01,-0.0,1.06,-0.68,0.75,0.0,0.48,-0.07
0.02,0.04,1.11,-0.65,0.71,-0.01,1.05,2.28
0.01,0.06,1.16,-0.64,0.7,-0.07,0.61,3.16
0.01,0.09,1.2,-0.58,0.71,-0.09,0.31,4.28
-0.01,0.11,1.25,-0.5,0.77,-0.15,-0.33,4.83
-0.03,0.12,1.27,-0.42,0.82,-0.19,-1.28,5.47
-0.06,0.12,1.28,-0.3,0.86,-0.22,-2.61,5.53
-0.08,0.12,1.29,-0.17,0.92,-0.26,-3.43,5.35
-0.1,0.12,1.29,-0.04,1.02,-0.28,-4.29,5.09
-0.11,0.11,1.27,0.07,1.12,-0.29,-4.87,4.89
-0.1,0.1,1.26,0.2,1.18,-0.3,-4.37,4.47
-0.08,0.06,1.23,0.3,1.23,-0.34,-3.73,2.99
-0.08,0.01,1.18,0.36,1.31,-0.35,-3.81,0.29
-0.09,-0.03,1.12,0.37,1.35,-0.36,-4.4,-1.75
-0.11,-0.09,1.05,0.36,1.38,-0.36,-5.69,-4.86
-0.13,-0.13,1.02,0.3,1.39,-0.34,-7.1,-7.19
-0.12,-0.16,0.99,0.25,1.39,-0.32,-7.1,-9.19
-0.12,-0.17,0.99,0.17,1.39,-0.28,-6.57,-9.75
-0.12,-0.17,0.99,0.1,1.37,-0.26,-6.66,-9.84
-0.12,-0.18,0.99,0.03,1.34,-0.21,-6.75,-10.45
-0.11,-0.18,0.99,-0.04,1.33,-0.18,-6.31,-10.27
-0.12,-0.18,1.01,-0.1,1.32,-0.14,-6.46,-10.33
-0.13,-0.21,1.01,-0.16,1.31,-0.08,-7.15,-11.5
-0.13,-0.23,1.0,-0.26,1.32,-0.01,-7.29,-12.87
-0.12,-0.23,0.99,-0.37,1.32,0.07,-6.99,-12.91
-0.12,-0.19,0.99,-0.48,1.31,0.16,-6.88,-11.04
-0.09,-0.13,1.0,-0.61,1.27,0.23,-5.36,-7.27
-0.05,-0.05,1.05,-0.68,1.22,0.26,-2.64,-2.81
0.0,0.03,1.12,-0.73,1.17,0.27,0.01,1.28
0.05,0.1,1.16,-0.72,1.15,0.28,2.23,4.86
0.07,0.19,1.19,-0.7,1.15,0.25,3.55,8.98
0.1,0.24,1.21,-0.66,1.14,0.21,4.53,11.13
0.11,0.29,1.22,-0.57,1.15,0.15,4.9,13.41
0.1,0.3,1.23,-0.49,1.17,0.06,4.54,13.69
0.09,0.29,1.24,-0.41,1.22,-0.02,3.94,13.08
0.06,0.27,1.26,-0.31,1.27,-0.1,2.58,11.98
0.01,0.23,1.28,-0.21,1.31,-0.16,0.36,10.02
-0.02,0.18,1.3,-0.12,1.38,-0.2,-0.95,7.76
-0.05,0.12,1.29,-0.05,1.44,-0.21,-2.26,5.18
-0.07,0.07,1.26,0.02,1.47,-0.19,-3.22,3.11
-0.09,0.02,1.22,0.05,1.49,-0.17,-4.28,0.81
-0.11,-0.02,1.18,0.05,1.53,-0.14,-5.44,-0.74
-0.12,-0.04,1.16,0.02,1.54,-0.11,-6.03,-1.99
-0.11,-0.04,1.13,-0.03,1.53,-0.09,-5.43,-1.92
-0.13,-0.11,1.12,-0.08,1.5,-0.03,-6.36,-5.56
-0.12,-0.15,1.11,-0.17,1.48,0.03,-6.01,-7.83
-0.12,-0.19,1.1,-0.31,1.42,0.11,-5.93,-9.88
-0.12,-0.2,1.12,-0.46,1.33,0.22,-5.86,-10.22
-0.1,-0.18,1.13,-0.6,1.25,0.31,-4.82,-8.99
-0.07,-0.12,1.16,-0.74,1.2,0.4,-3.22,-6.03
-0.04,-0.04,1.2,-0.86,1.12,0.49,-1.89,-1.94
-0.01,0.04,1.24,-0.94,1.03,0.56,-0.62,1.65
0.0,0.12,1.27,-1.0,0.97,0.61,0.19,5.27
0.01,0.2,1.3,-0.98,0.87,0.66,0.57,8.65
0.04,0.29,1.32,-0.98,0.85,0.68,1.58,12.57
0.06,0.39,1.33,-0.89,0.82,0.69,2.47,16.46
0.08,0.47,1.33,-0.78,0.82,0.66,3.35,19.45
0.09,0.52,1.3,-0.65,0.83,0.6,3.81,21.61
0.11,0.55,1.27,-0.55,0.93,0.52,4.36,23.17
0.1,0.55,1.25,-0.41,1.0,0.45,4.22,23.62
0.09,0.54,1.22,-0.25,1.06,0.34,3.81,23.8
0.09,0.53,1.21,-0.14,1.13,0.26,3.71,23.48
0.09,0.5,1.22,-0.04,1.19,0.17,4.1,22.31
0.1,0.45,1.23,0.06,1.26,0.1,4.28,20.11
0.1,0.39,1.25,0.15,1.3,0.05,4.58,17.21
0.11,0.33,1.24,0.23,1.34,0.01,4.82,14.78
0.1,0.26,1.22,0.28,1.39,0.0,4.69,12.0
0.11,0.21,1.19,0.31,1.4,0.02,4.98,9.81
0.1,0.15,1.14,0.31,1.39,0.03,4.95,7.44
0.1,0.11,1.1,0.28,1.37,0.05,4.97,5.82
0.09,0.08,1.06,0.21,1.37,0.05,4.81,4.39
0.08,0.06,1.02,0.13,1.33,0.07,4.46,3.54
0.07,0.06,1.0,0.03,1.29,0.07,4.25,3.39
0.07,0.06,0.99,-0.04,1.21,0.08,4.13,3.41
0.07,0.06,0.97,-0.16,1.15,0.09,3.86,3.74
0.06,0.08,0.96,-0.26,1.07,0.1,3.62,4.6
0.06,0.11,0.97,-0.33,0.97,0.11,3.43,6.28
0.05,0.15,0.98,-0.39,0.87,0.12,3.11,8.66
0.05,0.2,0.99,-0.44,0.8,0.11,2.86,11.5
0.05,0.24,0.99,-0.46,0.73,0.09,3.08,13.54
0.05,0.28,1.0,-0.44,0.64,0.07,2.99,15.82
0.05,0.3,1.01,-0.42,0.57,0.02,2.97,16.37
0.05,0.28,1.03,-0.4,0.49,0.0,2.63,15.05
0.03,0.24,1.04,-0.4,0.45,-0.05,1.74,12.92
0.01,0.22,1.06,-0.38,0.36,-0.05,0.39,11.46
-0.01,0.17,1.07,-0.38,0.3,-0.07,-0.79,9.31
-0.03,0.16,1.09,-0.38,0.27,-0.08,-1.52,8.28
-0.04,0.16,1.1,-0.37,0.24,-0.08,-2.06,8.29
-0.05,0.17,1.13,-0.37,0.23,-0.07,-2.41,8.56
-0.07,0.17,1.14,-0.34,0.22,-0.07,-3.28,8.57
-0.07,0.18,1.15,-0.29,0.21,-0.06,-3.36,8.73
-0.09,0.18,1.17,-0.27,0.2,-0.04,-4.5,8.97
-0.09,0.17,1.17,-0.21,0.21,-0.01,-4.45,8.48
-0.09,0.19,1.17,-0.17,0.22,0.02,-4.52,9.3
-0.09,0.2,1.14,-0.11,0.22,0.04,-4.47,9.85
-0.09,0.21,1.14,-0.05,0.22,0.05,-4.6,10.42
-0.09,0.2,1.12,-0.0,0.22,0.07,-4.55,10.02
-0.09,0.19,1.1,0.07,0.21,0.07,-4.51,9.82
-0.08,0.19,1.07,0.13,0.19,0.08,-4.04,10.09
-0.07,0.18,1.03,0.17,0.23,0.09,-3.87,9.96
-0.06,0.17,1.01,0.23,0.21,0.1,-3.24,9.29
-0.06,0.14,0.99,0.25,0.18,0.07,-3.14,8.25
-0.05,0.1,0.97,0.25,0.21,0.06,-2.98,5.87
-0.05,0.08,0.97,0.26,0.19,0.04,-3.01,4.86
-0.06,0.05,0.97,0.23,0.16,0.05,-3.25,2.97
-0.06,0.03,0.97,0.23,0.13,0.05,-3.29,1.62
-0.05,0.0,0.98,0.22,0.09,0.06,-3.06,0.25
-0.05,-0.01,0.96,0.19,0.1,0.08,-3.01,-0.48
-0.04,0.0,0.96,0.16,0.09,0.1,-2.39,0.02
-0.04,0.0,0.96,0.14,0.06,0.1,-2.39,0.17
-0.03,0.0,0.94,0.14,0.01,0.12,-1.94,0.15
-0.03,0.01,0.94,0.11,0.02,0.13,-1.72,0.38
-0.02,0.02,0.94,0.11,0.01,0.14,-1.16,1.03
-0.01,0.02,0.93,0.1,-0.01,0.16,-0.61,1.46
0.0,0.03,0.92,0.09,-0.04,0.16,0.21,1.8
-0.01,0.03,0.91,0.1,-0.01,0.15,-0.55,1.82
-0.0,0.02,0.9,0.07,-0.0,0.14,-0.07,1.5
0.01,0.02,0.89,0.08,-0.02,0.14,0.56,1.32
0.01,0.02,0.89,0.08,-0.04,0.13,0.8,1.42
0.02,0.02,0.88,0.08,-0.04,0.12,1.38,0.97
0.02,-0.0,0.88,0.07,-0.04,0.11,1.4,-0.11
0.02,-0.01,0.87,0.04,-0.05,0.09,1.58,-0.61
0.02,-0.01,0.87,0.02,-0.05,0.09,1.5,-0.92
0.02,-0.02,0.86,0.01,-0.07,0.08,1.59,-1.17
0.02,-0.01,0.88,-0.03,-0.07,0.08,1.45,-0.83
0.02,-0.01,0.88,-0.04,-0.09,0.08,1.58,-0.87
0.03,-0.01,0.87,-0.05,-0.11,0.08,1.69,-0.84
0.03,-0.01,0.87,-0.06,-0.11,0.07,1.7,-0.46
0.02,-0.01,0.86,-0.08,-0.09,0.06,1.63,-0.37
0.03,-0.0,0.86,-0.08,-0.1,0.06,1.71,-0.22
0.02,0.01,0.88,-0.09,-0.12,0.06,1.45,0.8
0.02,0.02,0.88,-0.1,-0.12,0.04,1.16,1.11
0.01,0.02,0.88,-0.09,-0.12,0.04,0.95,1.22
0.02,0.03,0.88,-0.11,-0.11,0.02,1.22,1.91
0.01,0.03,0.88,-0.08,-0.12,0.01,0.72,2.18
0.01,0.03,0.87,-0.09,-0.12,0.0,0.45,2.22
0.0,0.04,0.87,-0.07,-0.08,-0.03,0.24,2.3
-0.01,0.03,0.87,-0.07,-0.08,-0.05,-0.46,2.12
-0.01,0.02,0.89,-0.07,-0.08,-0.06,-0.49,1.54
-0.02,0.0,0.89,-0.08,-0.09,-0.09,-1.11,0.23
-0.02,0.01,0.91,-0.09,-0.06,-0.1,-1.34,0.47
-0.04,-0.01,0.91,-0.09,-0.08,-0.1,-2.23,-0.36
-0.05,-0.01,0.93,-0.11,-0.07,-0.11,-3.02,-0.75
-0.04,-0.02,0.94,-0.12,-0.08,-0.1,-2.51,-0.98
-0.04,-0.02,0.94,-0.13,-0.05,-0.1,-2.65,-1.07
-0.05,0.01,0.95,-0.12,-0.05,-0.1,-3.05,0.48
-0.05,0.0,0.97,-0.11,-0.05,-0.08,-3.24,0.28
-0.06,0.01,0.96,-0.11,-0.04,-0.08,-3.62,0.35
-0.06,0.02,0.98,-0.11,-0.0,-0.08,-3.31,1.16
-0.06,0.03,0.98,-0.08,0.01,-0.07,-3.36,1.71
-0.06,0.04,0.98,-0.07,0.02,-0.06,-3.47,2.61
-0.06,0.05,0.98,-0.05,0.03,-0.05,-3.51,3.09
-0.06,0.06,0.98,-0.03,0.05,-0.05,-3.45,3.77
-0.06,0.06,0.97,0.0,0.08,-0.05,-3.4,3.74
-0.06,0.07,0.97,0.04,0.09,-0.05,-3.29,4.19
-0.05,0.07,0.95,0.06,0.11,-0.06,-3.14,4.27
-0.05,0.06,0.94,0.07,0.13,-0.05,-3.14,3.93
-0.05,0.06,0.93,0.08,0.15,-0.05,-3.13,3.76
-0.05,0.06,0.92,0.07,0.16,-0.06,-3.16,3.62
-0.04,0.05,0.92,0.07,0.16,-0.08,-2.69,3.16
-0.04,0.04,0.94,0.06,0.16,-0.09,-2.46,2.28
-0.04,0.04,0.95,0.04,0.16,-0.1,-2.41,2.13
-0.04,0.04,0.98,0.04,0.15,-0.1,-2.1,2.16
-0.02,0.04,1.01,0.04,0.13,-0.1,-1.27,2.17
-0.02,0.05,1.05,0.02,0.11,-0.1,-0.95,2.49
-0.01,0.04,1.07,0.03,0.1,-0.09,-0.47,2.39
0.0,0.05,1.12,0.02,0.08,-0.08,0.03,2.75
0.0,0.04,1.17,0.02,0.06,-0.07,0.18,2.03
-0.0,0.03,1.23,0.01,0.05,-0.03,-0.19,1.33
-0.02,0.04,1.26,-0.03,0.04,0.03,-1.05,1.76
-0.02,0.06,1.3,-0.05,0.03,0.1,-0.68,2.53
0.03,0.1,1.31,-0.09,0.06,0.15,1.27,4.56
0.06,0.17,1.31,-0.14,0.11,0.19,2.78,7.29
0.09,0.21,1.3,-0.2,0.15,0.21,3.8,9.27
0.12,0.24,1.3,-0.28,0.18,0.23,5.17,10.51
0.16,0.26,1.27,-0.4,0.15,0.23,6.95,11.35
0.18,0.31,1.29,-0.54,0.11,0.22,7.71,13.15
0.19,0.36,1.36,-0.71,0.04,0.23,7.76,14.72
0.23,0.43,1.42,-0.9,-0.06,0.26,8.76,16.55
0.29,0.5,1.49,-1.04,-0.25,0.29,10.37,18.23
0.33,0.55,1.55,-1.18,-0.47,0.32,11.31,19.11
0.35,0.6,1.62,-1.35,-0.71,0.36,11.32,20.02
0.38,0.69,1.69,-1.48,-0.96,0.41,11.76,21.59
0.42,0.8,1.76,-1.58,-1.15,0.45,12.35,23.78
0.48,0.93,1.82,-1.62,-1.32,0.45,13.14,26.35
0.49,0.97,1.78,-1.62,-1.43,0.43,13.72,27.66
0.51,0.98,1.76,-1.56,-1.48,0.39,14.16,28.22
0.51,0.98,1.76,-1.53,-1.54,0.33,14.16,28.06
0.51,0.96,1.77,-1.43,-1.59,0.26,14.26,27.45
0.53,0.94,1.79,-1.33,-1.61,0.17,14.64,26.76
0.55,0.92,1.81,-1.24,-1.65,0.1,15.26,25.86
0.55,0.87,1.85,-1.13,-1.71,0.04,15.18,24.41
0.56,0.85,1.86,-1.01,-1.75,-0.04,15.43,23.72
0.59,0.83,1.88,-0.86,-1.83,-0.1,16.11,22.77
0.6,0.82,1.88,-0.7,-1.87,-0.19,16.41,22.47
0.6,0.79,1.9,-0.52,-1.95,-0.3,16.27,21.59
0.58,0.77,1.91,-0.32,-2.05,-0.41,15.76,21.19
0.57,0.72,1.95,-0.09,-2.16,-0.54,15.29,19.41
0.54,0.65,2.0,0.1,-2.29,-0.65,14.41,17.36
0.51,0.56,2.06,0.31,-2.49,-0.74,13.5,14.9
0.49,0.49,2.1,0.54,-2.68,-0.85,12.82,12.79
0.47,0.42,2.14,0.73,-2.81,-0.94,12.13,10.77
0.42,0.35,2.17,0.92,-2.94,-1.05,10.89,9.13
0.38,0.27,2.21,1.09,-3.05,-1.16,9.61,6.8
0.34,0.14,2.28,1.24,-3.16,-1.25,8.56,3.5
0.3,0.0,2.35,1.36,-3.22,-1.35,7.18,0.03
0.23,-0.14,2.41,1.48,-3.26,-1.43,5.35,-3.24
0.16,-0.27,2.47,1.57,-3.26,-1.46,3.6,-6.32
0.07,-0.43,2.53,1.67,-3.24,-1.49,1.59,-9.67
-0.02,-0.66,2.5,1.74,-3.17,-1.46,-0.45,-14.78
-0.15,-0.92,2.39,1.75,-3.09,-1.38,-3.37,-21.02
-0.22,-1.03,2.2,1.73,-3.09,-1.27,-5.13,-25.04
-0.29,-1.13,2.01,1.63,-3.05,-1.11,-7.13,-29.21
-0.36,-1.2,1.87,1.49,-3.09,-0.93,-9.13,-32.25
-0.41,-1.27,1.74,1.33,-3.12,-0.78,-10.8,-35.27
-0.46,-1.31,1.65,1.17,-3.16,-0.65,-12.38,-37.49
-0.49,-1.32,1.55,1.03,-3.22,-0.58,-13.58,-39.17
-0.49,-1.27,1.43,0.92,-3.27,-0.53,-14.4,-40.13
-0.5,-1.25,1.31,0.79,-3.37,-0.51,-15.45,-41.53
-0.5,-1.23,1.21,0.67,-3.48,-0.51,-16.25,-43.33
-0.51,-1.22,1.1,0.56,-3.6,-0.51,-17.2,-45.19
-0.52,-1.21,1.0,0.46,-3.68,-0.51,-18.43,-47.03
-0.54,-1.21,0.91,0.33,-3.77,-0.52,-19.6,-48.89
-0.57,-1.23,0.84,0.21,-3.87,-0.5,-20.92,-50.63
-0.6,-1.25,0.77,0.12,-4.02,-0.46,-22.2,-52.08
-0.62,-1.23,0.71,0.03,-4.16,-0.4,-23.43,-52.66
-0.62,-1.17,0.64,-0.03,-4.22,-0.37,-24.89,-52.61
-0.62,-1.09,0.6,-0.08,-4.25,-0.35,-26.44,-51.69
-0.62,-1.03,0.57,-0.08,-4.23,-0.35,-27.73,-50.62
-0.63,-0.99,0.57,-0.05,-4.17,-0.37,-28.85,-49.56
-0.64,-0.97,0.56,0.01,-4.05,-0.37,-29.6,-48.71
-0.63,-0.93,0.56,0.1,-3.93,-0.37,-30.06,-47.91
-0.63,-0.9,0.53,0.23,-3.76,-0.38,-30.86,-47.71
-0.62,-0.89,0.47,0.36,-3.56,-0.39,-31.68,-48.86
-0.62,-0.88,0.37,0.47,-3.33,-0.39,-33.2,-50.59
-0.61,-0.85,0.26,0.57,-3.1,-0.39,-34.42,-52.11
-0.6,-0.81,0.17,0.67,-2.89,-0.37,-35.94,-52.38
-0.57,-0.76,0.06,0.77,-2.79,-0.43,-36.62,-53.11
-0.54,-0.72,-0.06,0.72,-2.58,-0.32,-36.79,-52.95
-0.49,-0.66,-0.17,0.73,-2.42,-0.33,-35.74,-51.93
-0.44,-0.58,-0.29,0.68,-2.32,-0.3,-34.26,-47.78
-0.43,-0.55,-0.36,0.62,-2.26,-0.29,-33.02,-44.2
-0.42,-0.48,-0.43,0.5,-2.22,-0.26,-32.89,-38.62
-0.41,-0.43,-0.48,0.38,-2.22,-0.24,-32.47,-34.24
-0.38,-0.36,-0.51,0.25,-2.25,-0.18,-31.09,-29.83
-0.35,-0.26,-0.49,0.1,-2.3,-0.15,-31.69,-23.5
-0.31,-0.18,-0.45,-0.0,-2.32,-0.13,-32.88,-17.71
-0.29,-0.12,-0.44,-0.1,-2.31,-0.12,-32.77,-12.67
-0.27,-0.06,-0.4,-0.2,-2.31,-0.09,-33.83,-7.36
-0.23,0.01,-0.35,-0.28,-2.29,-0.09,-32.48,1.15
-0.19,0.07,-0.31,-0.33,-2.23,-0.1,-31.59,11.27
-0.17,0.14,-0.23,-0.38,-2.16,-0.11,-31.59,26.08
-0.15,0.18,-0.18,-0.37,-2.1,-0.14,-30.61,38.03
-0.12,0.21,-0.14,-0.37,-1.99,-0.16,-25.84,48.66
-0.1,0.23,-0.1,-0.35,-1.9,-0.19,-21.99,58.83
-0.08,0.27,-0.06,-0.32,-1.76,-0.23,-15.71,70.12
-0.06,0.3,-0.03,-0.28,-1.6,-0.26,-11.05,77.77
-0.05,0.33,-0.0,-0.23,-1.46,-0.3,-8.29,81.68
-0.04,0.34,0.01,-0.19,-1.34,-0.34,-6.31,83.55
-0.02,0.33,0.01,-0.16,-1.21,-0.38,-3.55,86.04
-0.02,0.31,0.01,-0.16,-1.04,-0.4,-3.14,85.9
-0.03,0.3,0.02,-0.15,-0.94,-0.42,-5.04,83.07
-0.05,0.28,0.05,-0.19,-0.87,-0.41,-9.56,76.69
-0.06,0.26,0.07,-0.2,-0.82,-0.39,-12.38,70.4
-0.06,0.25,0.11,-0.22,-0.79,-0.36,-12.69,62.49
-0.07,0.23,0.16,-0.24,-0.76,-0.33,-14.53,52.66
-0.09,0.2,0.22,-0.26,-0.75,-0.28,-16.35,40.24
-0.11,0.17,0.28,-0.26,-0.74,-0.24,-18.8,29.71
-0.12,0.17,0.34,-0.26,-0.73,-0.17,-17.53,25.1
-0.12,0.17,0.41,-0.24,-0.72,-0.11,-14.88,22.05
-0.11,0.17,0.48,-0.2,-0.72,-0.07,-12.04,19.23
-0.11,0.18,0.56,-0.16,-0.69,-0.04,-10.59,17.59
-0.11,0.18,0.63,-0.1,-0.65,-0.02,-9.28,15.97
-0.11,0.19,0.69,-0.02,-0.6,-0.01,-8.46,15.1
-0.1,0.19,0.76,0.08,-0.54,-0.01,-7.49,14.12
-0.11,0.19,0.81,0.21,-0.46,-0.03,-7.27,13.07
-0.11,0.17,0.84,0.33,-0.33,-0.05,-7.26,11.42
-0.12,0.15,0.86,0.47,-0.25,-0.04,-8.12,9.77
-0.12,0.12,0.87,0.63,-0.15,-0.04,-8.11,8.08
-0.12,0.12,0.87,0.77,-0.06,-0.03,-7.81,7.58
-0.12,0.1,0.86,0.9,0.04,-0.0,-8.1,6.64
-0.12,0.09,0.85,1.01,0.1,0.03,-7.84,6.19
-0.1,0.1,0.82,1.13,0.17,0.05,-6.63,6.87
-0.09,0.1,0.79,1.22,0.2,0.09,-6.4,7.29
-0.09,0.1,0.75,1.28,0.24,0.12,-6.49,7.25
-0.08,0.09,0.71,1.31,0.23,0.17,-6.53,7.29
-0.07,0.09,0.67,1.32,0.18,0.21,-5.93,7.56
-0.06,0.12,0.65,1.31,0.13,0.25,-5.4,10.14
-0.05,0.15,0.65,1.28,0.1,0.27,-4.02,12.74
-0.02,0.17,0.63,1.24,0.04,0.29,-2.04,14.92
-0.0,0.19,0.63,1.19,-0.05,0.3,-0.26,16.36
-0.0,0.19,0.63,1.14,-0.1,0.3,-0.15,16.7
-0.0,0.2,0.64,1.09,-0.15,0.3,-0.05,17.71
0.01,0.22,0.65,1.02,-0.18,0.28,0.94,18.45
0.02,0.22,0.65,0.98,-0.21,0.26,1.36,18.6
0.02,0.21,0.65,0.91,-0.25,0.25,1.61,18.15
0.02,0.21,0.66,0.85,-0.24,0.22,1.34,17.27
0.02,0.2,0.67,0.78,-0.21,0.2,1.45,16.73
0.02,0.2,0.68,0.74,-0.2,0.18,1.72,16.64
0.02,0.18,0.7,0.71,-0.19,0.17,1.68,14.27
0.02,0.16,0.71,0.67,-0.12,0.15,1.44,12.62
0.0,0.14,0.7,0.62,-0.1,0.15,0.22,11.38
0.01,0.14,0.72,0.57,-0.05,0.15,0.57,10.8
0.02,0.14,0.72,0.54,-0.02,0.15,1.51,11.15
0.03,0.15,0.72,0.48,0.0,0.15,2.22,12.02
0.04,0.16,0.75,0.42,0.03,0.14,2.65,12.31
0.04,0.19,0.74,0.38,0.03,0.14,2.86,14.21
0.05,0.21,0.77,0.31,0.05,0.13,3.72,14.99
0.05,0.21,0.78,0.25,0.05,0.09,3.58,14.92
0.05,0.2,0.79,0.16,0.05,0.06,3.21,14.4
0.04,0.18,0.82,0.1,0.02,0.03,2.87,12.66
0.03,0.15,0.82,0.05,-0.05,0.04,2.28,10.58
0.01,0.14,0.85,-0.03,-0.08,0.03,0.91,9.07
0.01,0.13,0.86,-0.08,-0.12,0.03,0.8,8.4
0.01,0.12,0.88,-0.12,-0.17,0.03,0.92,7.62
0.02,0.12,0.91,-0.15,-0.19,0.02,0.96,7.26
0.02,0.12,0.92,-0.2,-0.23,-0.0,1.33,7.42
0.01,0.11,0.94,-0.23,-0.22,-0.01,0.75,6.54
0.01,0.1,0.96,-0.25,-0.22,-0.02,0.45,6.05
-0.0,0.09,0.97,-0.25,-0.22,-0.04,-0.02,5.22
-0.01,0.07,0.98,-0.25,-0.22,-0.04,-0.38,4.01
-0.02,0.05,0.99,-0.25,-0.18,-0.04,-0.99,2.96
-0.02,0.04,1.01,-0.24,-0.15,-0.05,-1.16,2.15
-0.02,0.02,1.02,-0.22,-0.08,-0.06,-1.28,1.32
-0.02,0.02,1.02,-0.2,-0.04,-0.06,-1.3,0.94
-0.02,0.02,1.01,-0.19,0.03,-0.06,-1.31,0.9
-0.03,-0.0,1.01,-0.17,0.1,-0.05,-1.62,-0.11
-0.02,-0.01,1.02,-0.15,0.15,-0.04,-1.02,-0.29
-0.02,0.0,0.99,-0.14,0.19,-0.03,-1.2,0.13
-0.03,0.0,0.98,-0.16,0.23,-0.03,-1.53,0.05
-0.03,-0.0,1.01,-0.17,0.23,-0.01,-1.81,-0.19
-0.02,-0.01,1.04,-0.17,0.2,0.0,-1.22,-0.48
-0.03,-0.0,1.04,-0.16,0.18,0.02,-1.47,-0.13
-0.03,0.02,1.04,-0.15,0.16,0.02,-1.56,0.85
-0.02,0.02,1.05,-0.16,0.17,0.02,-1.27,1.24
-0.02,0.03,1.05,-0.15,0.14,0.02,-0.99,1.77
-0.02,0.04,1.04,-0.15,0.12,0.01,-0.89,2.37
-0.01,0.04,1.04,-0.15,0.13,-0.01,-0.41,2.2
-0.01,0.03,1.02,-0.17,0.11,-0.01,-0.74,1.77
-0.03,0.03,1.01,-0.18,0.09,-0.01,-1.47,1.62
-0.03,0.02,1.0,-0.17,0.03,-0.01,-1.66,1.37
-0.03,0.02,1.0,-0.19,-0.01,-0.0,-1.75,1.04
-0.03,0.01,0.99,-0.21,-0.02,0.0,-1.65,0.57
-0.03,0.0,0.99,-0.24,-0.02,0.01,-1.73,0.06
-0.03,-0.01,0.99,-0.26,-0.03,0.01,-1.97,-0.8
-0.04,-0.01,1.01,-0.25,-0.01,0.01,-2.13,-0.31
-0.04,0.0,1.03,-0.26,0.02,0.01,-2.38,0.04
-0.05,0.0,1.04,-0.25,0.04,0.02,-2.57,0.14
-0.05,-0.01,1.04,-0.23,0.03,0.01,-3.01,-0.35
-0.06,-0.02,1.06,-0.21,0.05,0.01,-3.14,-1.03
-0.05,-0.02,1.04,-0.19,0.1,0.01,-2.75,-1.2
-0.06,-0.04,1.04,-0.16,0.1,0.03,-3.33,-2.01
-0.06,-0.04,1.02,-0.13,0.1,0.03,-3.35,-2.13
-0.06,-0.04,1.02,-0.1,0.1,0.05,-3.43,-2.12
-0.07,-0.04,1.01,-0.08,0.12,0.07,-3.77,-2.18
-0.05,-0.02,1.01,-0.05,0.13,0.08,-2.8,-1.15
-0.04,-0.01,1.0,-0.02,0.14,0.09,-2.21,-0.6
-0.02,0.02,0.98,0.02,0.15,0.09,-1.29,1.3
-0.03,0.03,0.97,0.03,0.2,0.09,-1.48,2.06
-0.02,0.05,0.95,0.03,0.22,0.08,-1.44,3.2
-0.03,0.07,0.92,0.07,0.24,0.08,-1.84,4.26
-0.03,0.09,0.9,0.06,0.26,0.07,-2.0,5.78
-0.04,0.09,0.88,0.08,0.25,0.08,-2.33,5.7
-0.03,0.1,0.85,0.05,0.28,0.07,-2.15,6.36
-0.03,0.09,0.82,0.05,0.26,0.08,-2.02,6.48
-0.02,0.09,0.79,0.02,0.24,0.09,-1.66,6.8
-0.02,0.11,0.78,-0.04,0.26,0.08,-1.18,8.0
-0.02,0.11,0.77,-0.09,0.24,0.09,-1.15,8.15
-0.02,0.11,0.75,-0.12,0.17,0.1,-1.81,8.28
-0.03,0.11,0.75,-0.19,0.14,0.1,-2.15,7.99
-0.03,0.07,0.8,-0.25,0.12,0.1,-2.5,5.2
-0.03,0.08,0.83,-0.29,0.15,0.12,-1.88,5.24
-0.04,0.07,0.88,-0.31,0.15,0.13,-2.41,4.74
-0.03,0.07,0.92,-0.32,0.15,0.14,-1.74,4.1
-0.02,0.07,0.96,-0.31,0.19,0.12,-1.49,4.15
-0.02,0.07,0.98,-0.29,0.24,0.09,-1.36,4.06
-0.03,0.06,0.99,-0.25,0.26,0.09,-1.68,3.3
-0.03,0.05,0.98,-0.2,0.28,0.06,-1.96,2.76
-0.04,0.03,0.99,-0.16,0.31,0.06,-2.16,2.01
-0.05,0.01,0.97,-0.13,0.35,0.06,-2.8,0.51
-0.05,-0.0,0.95,-0.1,0.34,0.07,-3.06,-0.04
-0.06,-0.01,0.94,-0.08,0.35,0.08,-3.6,-0.81
-0.06,-0.02,0.94,-0.07,0.36,0.09,-3.75,-1.21
-0.06,-0.01,0.93,-0.05,0.37,0.09,-3.56,-0.68
-0.04,-0.0,0.92,-0.02,0.37,0.1,-2.76,-0.06
-0.05,-0.0,0.92,-0.02,0.37,0.12,-2.83,-0.06
-0.04,0.01,0.9,-0.02,0.38,0.12,-2.42,0.91
-0.04,0.02,0.89,-0.04,0.41,0.12,-2.58,1.27
-0.04,0.03,0.88,-0.06,0.4,0.13,-2.85,1.8
-0.05,0.03,0.88,-0.08,0.38,0.13,-3.02,1.76
-0.04,0.03,0.9,-0.11,0.38,0.12,-2.47,1.92
-0.05,0.03,0.91,-0.12,0.36,0.14,-3.24,1.67
-0.05,0.02,0.93,-0.13,0.34,0.13,-3.28,1.26
-0.05,0.01,0.95,-0.12,0.35,0.15,-2.77,0.77
-0.05,0.0,0.97,-0.1,0.35,0.16,-2.96,0.18
-0.06,-0.01,0.99,-0.08,0.38,0.15,-3.22,-0.54
-0.05,-0.01,1.0,-0.05,0.4,0.18,-2.96,-0.51
-0.05,-0.01,0.99,-0.0,0.43,0.17,-2.99,-0.42
-0.05,-0.0,0.99,0.04,0.42,0.18,-3.13,-0.1
-0.05,-0.01,0.98,0.09,0.46,0.18,-2.92,-0.32
-0.04,0.0,0.97,0.11,0.48,0.19,-2.64,0.02
-0.04,0.01,0.95,0.13,0.51,0.19,-2.55,0.64
-0.03,0.01,0.93,0.17,0.52,0.19,-1.99,0.76
-0.03,0.03,0.9,0.18,0.54,0.2,-1.98,1.75
-0.02,0.04,0.9,0.17,0.56,0.2,-1.57,2.58
-0.03,0.05,0.87,0.15,0.58,0.2,-1.83,2.98
-0.02,0.05,0.86,0.14,0.57,0.19,-1.49,3.02
-0.02,0.05,0.85,0.11,0.57,0.19,-1.34,3.04
-0.02,0.05,0.84,0.05,0.58,0.19,-1.27,3.48
-0.02,0.06,0.85,0.02,0.55,0.2,-1.46,3.95
-0.02,0.06,0.87,-0.01,0.53,0.19,-1.49,4.03
-0.02,0.06,0.88,-0.03,0.52,0.18,-1.24,3.89
-0.03,0.04,0.9,-0.06,0.51,0.16,-2.14,2.62
-0.04,0.03,0.91,-0.08,0.51,0.14,-2.43,1.94
-0.06,0.0,0.94,-0.08,0.48,0.15,-3.5,0.12
-0.06,-0.02,0.96,-0.07,0.47,0.16,-3.55,-1.29
-0.05,-0.03,0.98,-0.07,0.5,0.18,-3.1,-1.58
-0.05,-0.03,0.99,-0.05,0.5,0.19,-2.81,-1.62
-0.04,-0.02,1.0,0.06,0.67,0.06,-2.36,-0.97
-0.04,0.0,1.0,0.05,0.54,0.2,-2.37,0.12
-0.04,0.02,1.0,0.08,0.58,0.19,-2.36,1.0
-0.04,0.03,0.99,0.12,0.62,0.19,-2.13,1.55
-0.03,0.03,0.98,0.16,0.66,0.2,-2.03,1.93
-0.03,0.03,0.94,0.2,0.67,0.19,-1.62,1.68
-0.03,0.03,0.91,0.19,0.72,0.19,-1.89,2.08
-0.03,0.03,0.88,0.2,0.72,0.19,-2.26,2.25
-0.03,0.05,0.87,0.19,0.72,0.19,-1.95,3.06
-0.03,0.04,0.87,0.18,0.71,0.17,-1.93,2.85
-0.03,0.04,0.87,0.16,0.72,0.16,-1.66,2.55
-0.02,0.03,0.86,0.14,0.71,0.16,-1.06,2.26
-0.02,0.03,0.86,0.12,0.69,0.17,-1.45,2.14
-0.02,0.04,0.87,0.09,0.7,0.16,-1.63,2.38
-0.03,0.04,0.87,0.08,0.67,0.16,-2.01,2.55
-0.03,0.03,0.9,0.08,0.65,0.15,-2.1,1.66
-0.03,0.02,0.92,0.07,0.64,0.15,-2.02,0.95
-0.03,0.01,0.94,0.1,0.61,0.15,-2.12,0.67
-0.04,0.02,0.94,0.12,0.63,0.14,-2.14,1.2
-0.04,0.03,0.93,0.13,0.66,0.14,-2.71,1.95
-0.05,0.04,0.94,0.17,0.67,0.13,-3.24,2.28
-0.06,0.03,0.93,0.22,0.67,0.14,-3.68,2.11
-0.05,0.03,0.9,0.24,0.72,0.12,-2.91,1.82
-0.05,0.02,0.88,0.26,0.74,0.12,-2.96,1.57
-0.05,0.03,0.84,0.27,0.76,0.11,-3.19,1.84
-0.06,0.03,0.79,0.26,0.79,0.11,-4.26,1.89
-0.06,0.03,0.78,0.22,0.81,0.1,-4.73,1.9
-0.07,0.02,0.77,0.18,0.82,0.11,-5.02,1.24
-0.07,0.01,0.77,0.14,0.81,0.13,-5.14,0.46
-0.07,-0.0,0.76,0.1,0.79,0.14,-4.95,-0.14
-0.06,-0.01,0.78,0.05,0.78,0.13,-4.07,-1.01
-0.06,0.01,0.79,0.02,0.8,0.15,-4.07,0.99
-0.07,0.01,0.84,-0.01,0.74,0.15,-4.44,0.64
-0.04,0.01,0.85,-0.02,0.74,0.14,-2.76,0.55
-0.03,-0.01,0.87,-0.01,0.74,0.14,-1.77,-0.37
-0.02,0.03,0.85,-0.02,0.78,0.13,-1.07,1.81
-0.04,0.03,0.83,-0.02,0.79,0.13,-2.77,1.87
-0.04,0.03,0.84,-0.03,0.81,0.1,-2.72,2.31
-0.04,0.02,0.84,-0.04,0.83,0.08,-2.64,1.51
-0.05,0.01,0.85,-0.06,0.87,0.07,-3.4,0.84
-0.06,-0.0,0.86,-0.06,0.88,0.06,-4.06,-0.19
-0.06,-0.01,0.85,-0.04,0.87,0.05,-4.16,-0.88
-0.07,-0.02,0.85,-0.04,0.84,0.07,-4.86,-1.54
-0.07,-0.02,0.86,-0.05,0.84,0.07,-4.93,-1.23
-0.06,-0.01,0.89,-0.04,0.8,0.08,-3.84,-0.83
-0.04,-0.02,0.91,-0.0,0.8,0.07,-2.67,-0.95
-0.04,-0.02,0.9,0.04,0.82,0.05,-2.36,-0.99
-0.04,-0.02,0.87,0.06,0.86,0.03,-2.61,-1.31
-0.06,-0.03,0.84,0.07,0.89,0.03,-3.95,-1.99
-0.07,-0.04,0.81,0.09,0.92,0.03,-4.59,-2.9
-0.08,-0.06,0.8,0.06,0.94,0.04,-5.45,-4.05
-0.07,-0.06,0.79,0.03,0.98,0.03,-5.05,-4.1
-0.08,-0.04,0.79,0.02,1.0,0.05,-5.46,-2.9
-0.09,-0.05,0.8,0.01,1.01,0.05,-6.56,-3.56
-0.09,-0.05,0.81,-0.02,1.04,0.05,-6.29,-3.33
-0.07,-0.04,0.8,-0.03,1.03,0.06,-5.19,-2.93
-0.05,-0.03,0.83,-0.08,1.07,0.07,-3.35,-2.16
-0.05,-0.0,0.83,-0.08,1.05,0.07,-3.11,-0.32
-0.02,0.01,0.9,-0.07,1.04,0.05,-1.38,0.83
-0.0,0.03,0.96,-0.04,1.03,0.01,-0.15,1.91
0.01,0.06,0.95,0.01,1.06,-0.01,0.9,3.53
0.01,0.06,0.91,0.05,1.06,-0.05,0.89,3.72
0.01,0.06,0.89,0.09,1.07,-0.09,0.48,4.11
0.01,0.07,0.88,0.1,1.09,-0.13,0.46,4.78
-0.01,0.06,0.88,0.12,1.09,-0.17,-0.72,3.78
-0.02,0.04,0.86,0.14,1.09,-0.19,-1.52,2.71
-0.03,0.03,0.83,0.14,1.06,-0.21,-2.2,1.96
-0.04,0.03,0.8,0.15,1.06,-0.22,-3.08,2.18
-0.06,0.03,0.79,0.12,1.06,-0.25,-4.47,2.36
-0.07,0.02,0.79,0.09,1.07,-0.27,-4.91,1.56
-0.08,0.04,0.8,0.14,1.23,-0.45,-5.61,2.53
-0.05,0.06,0.82,0.07,1.02,-0.31,-3.67,3.88
-0.01,0.06,0.82,0.08,1.01,-0.36,-0.38,4.15
0.01,0.06,0.77,0.06,1.01,-0.43,1.11,4.42
0.03,0.04,0.75,0.02,1.0,-0.49,2.15,2.92
0.03,0.04,0.72,-0.02,0.98,-0.55,2.33,3.26
0.01,0.01,0.72,-0.1,0.95,-0.62,1.05,0.51
0.0,-0.05,0.73,-0.16,0.88,-0.65,0.2,-3.97
-0.02,-0.11,0.74,-0.23,0.81,-0.67,-1.9,-8.13
-0.05,-0.15,0.77,-0.31,0.71,-0.66,-3.7,-11.26
-0.07,-0.18,0.8,-0.36,0.69,-0.64,-4.89,-12.65
-0.09,-0.2,0.86,-0.42,0.66,-0.6,-6.01,-13.13
-0.1,-0.22,0.92,-0.4,0.65,-0.55,-5.97,-13.34
-0.1,-0.22,0.94,-0.39,0.69,-0.51,-6.19,-13.39
-0.1,-0.22,0.96,-0.36,0.77,-0.46,-5.97,-12.61
-0.11,-0.22,0.97,-0.33,0.9,-0.42,-6.26,-12.8
-0.13,-0.23,0.97,-0.31,1.02,-0.37,-7.2,-12.98
-0.11,-0.22,0.96,-0.3,1.11,-0.32,-6.11,-13.11
-0.07,-0.2,0.94,-0.32,1.22,-0.28,-4.39,-11.95
-0.07,-0.17,0.92,-0.35,1.27,-0.24,-3.98,-10.6
-0.06,-0.13,0.93,-0.38,1.3,-0.22,-3.57,-7.92
-0.03,-0.09,0.98,-0.41,1.29,-0.22,-1.92,-5.3
0.0,-0.07,1.01,-0.45,1.27,-0.24,0.23,-3.87
0.02,-0.04,1.05,-0.44,1.23,-0.25,0.83,-2.32
0.02,-0.03,1.08,-0.44,1.2,-0.28,1.17,-1.37
0.01,-0.0,1.14,-0.38,1.12,-0.31,0.27,-0.24
-0.0,-0.0,1.18,-0.33,1.11,-0.35,-0.15,-0.15
-0.0,0.01,1.22,-0.22,1.08,-0.37,-0.22,0.68
-0.01,0.01,1.25,-0.1,1.07,-0.39,-0.37,0.54
-0.03,0.02,1.27,0.05,1.08,-0.41,-1.15,1.01
-0.04,0.03,1.26,0.21,1.13,-0.44,-1.63,1.17
-0.04,0.02,1.23,0.34,1.18,-0.45,-1.99,1.14
-0.04,0.01,1.18,0.51,1.23,-0.46,-1.9,0.56
-0.02,-0.02,1.09,0.61,1.3,-0.49,-1.31,-1.08
-0.03,-0.06,1.01,0.66,1.36,-0.5,-1.97,-3.59
-0.05,-0.11,0.93,0.68,1.41,-0.52,-2.99,-6.65
-0.05,-0.15,0.89,0.63,1.43,-0.53,-3.21,-9.46
-0.04,-0.16,0.86,0.58,1.43,-0.53,-2.78,-10.64
-0.05,-0.2,0.85,0.5,1.39,-0.53,-3.47,-13.11
-0.08,-0.23,0.83,0.4,1.37,-0.51,-5.6,-15.69
-0.09,-0.24,0.84,0.31,1.29,-0.47,-5.63,-16.19
-0.09,-0.22,0.84,0.21,1.23,-0.44,-5.94,-14.67
-0.11,-0.21,0.87,0.13,1.16,-0.42,-6.72,-13.41
-0.1,-0.18,0.91,0.05,1.12,-0.39,-5.96,-11.37
-0.09,-0.15,0.97,0.02,1.07,-0.38,-5.02,-8.95
-0.07,-0.12,1.01,0.02,1.06,-0.37,-3.99,-6.77
-0.05,-0.1,1.04,0.04,1.06,-0.37,-2.72,-5.36
-0.03,-0.09,1.04,0.06,1.1,-0.38,-1.84,-5.0
-0.05,-0.1,1.02,0.08,1.12,-0.37,-2.58,-5.83
-0.06,-0.12,1.01,0.09,1.15,-0.38,-3.17,-6.6
-0.06,-0.12,1.01,0.08,1.18,-0.38,-3.61,-6.92
-0.06,-0.13,1.01,0.05,1.19,-0.38,-3.43,-7.6
-0.06,-0.16,1.02,0.02,1.18,-0.36,-3.37,-8.93
-0.07,-0.18,1.02,-0.02,1.15,-0.34,-3.97,-10.19
-0.09,-0.19,1.02,-0.08,1.13,-0.3,-5.1,-10.38
-0.11,-0.18,1.03,-0.15,1.1,-0.28,-6.01,-9.67
-0.12,-0.18,1.06,-0.22,1.06,-0.22,-6.26,-9.53
-0.11,-0.16,1.08,-0.28,1.03,-0.19,-5.86,-8.63
-0.1,-0.13,1.12,-0.32,1.01,-0.15,-5.22,-6.79
-0.1,-0.09,1.15,-0.33,1.01,-0.12,-4.98,-4.69
-0.08,-0.06,1.2,-0.34,1.05,-0.09,-3.86,-2.8
-0.07,-0.02,1.23,-0.3,1.08,-0.07,-3.21,-1.15
-0.05,0.02,1.26,-0.23,1.1,-0.05,-2.07,1.05
-0.03,0.07,1.29,-0.18,1.19,-0.05,-1.24,3.32
0.01,0.13,1.31,-0.07,1.23,-0.07,0.58,5.6
0.05,0.18,1.32,0.05,1.28,-0.1,2.18,7.72
0.09,0.19,1.31,0.18,1.31,-0.15,3.81,8.16
0.08,0.14,1.26,0.29,1.36,-0.21,3.41,6.46
0.04,0.07,1.21,0.36,1.41,-0.24,2.06,3.37
0.01,0.01,1.16,0.4,1.4,-0.23,0.31,0.59
0.0,-0.02,1.12,0.48,1.57,-0.38,0.03,-0.98
0.0,-0.02,1.11,0.42,1.37,-0.23,0.17,-0.96
-0.01,-0.04,1.08,0.4,1.38,-0.22,-0.34,-1.93
-0.02,-0.05,1.04,0.39,1.36,-0.21,-1.31,-2.94
-0.04,-0.07,1.0,0.35,1.35,-0.2,-2.32,-4.15
-0.05,-0.09,0.97,0.28,1.34,-0.19,-3.23,-5.54
-0.06,-0.1,0.96,0.18,1.37,-0.17,-3.77,-6.0
-0.06,-0.11,0.96,0.09,1.38,-0.15,-3.77,-6.56
-0.07,-0.12,0.99,-0.01,1.39,-0.12,-4.23,-6.77
-0.07,-0.11,1.01,-0.12,1.36,-0.11,-3.76,-6.44
-0.05,-0.09,1.05,-0.21,1.34,-0.07,-2.87,-4.86
-0.05,-0.06,1.08,-0.29,1.31,-0.03,-2.42,-3.33
-0.02,-0.02,1.11,-0.35,1.25,0.01,-1.1,-1.17
0.01,0.02,1.14,-0.39,1.21,0.02,0.69,1.16
0.04,0.07,1.15,-0.41,1.15,0.02,1.95,3.28
0.05,0.08,1.15,-0.43,1.15,0.01,2.26,3.88
0.04,0.08,1.14,-0.41,1.12,-0.02,2.14,4.21
0.03,0.08,1.14,-0.41,1.11,-0.04,1.27,4.17
0.01,0.08,1.13,-0.45,1.12,-0.07,0.57,3.98
-0.0,0.07,1.14,-0.45,1.1,-0.09,-0.06,3.76
-0.01,0.08,1.13,-0.45,1.08,-0.1,-0.37,4.11
-0.03,0.07,1.13,-0.46,1.08,-0.12,-1.29,3.41
-0.04,0.06,1.12,-0.49,1.1,-0.13,-2.13,3.02
-0.06,0.05,1.13,-0.49,1.06,-0.13,-2.85,2.72
-0.07,0.05,1.13,-0.51,1.08,-0.14,-3.32,2.7
-0.06,0.03,1.14,-0.52,1.06,-0.13,-3.12,1.55
-0.06,0.01,1.13,-0.53,1.08,-0.13,-2.93,0.37
-0.06,-0.02,1.12,-0.59,1.1,-0.11,-3.19,-0.92
-0.07,-0.04,1.11,-0.63,1.08,-0.09,-3.37,-2.02
-0.07,-0.06,1.11,-0.7,1.07,-0.06,-3.66,-3.17
-0.06,-0.08,1.11,-0.8,1.05,-0.04,-3.27,-4.06
-0.05,-0.07,1.13,-0.89,1.03,-0.01,-2.34,-3.35
-0.02,-0.04,1.15,-0.99,0.99,0.02,-1.04,-1.89
-0.01,-0.0,1.18,-1.05,0.96,0.05,-0.55,-0.21
-0.01,0.04,1.2,-1.11,0.9,0.07,-0.39,1.67
-0.01,0.06,1.22,-1.14,0.85,0.09,-0.25,2.96
-0.01,0.1,1.26,-1.16,0.77,0.13,-0.26,4.51
0.0,0.15,1.28,-1.16,0.71,0.14,0.0,6.62
0.0,0.21,1.31,-1.12,0.67,0.17,0.14,9.18
0.0,0.27,1.33,-1.05,0.63,0.19,0.13,11.63
0.0,0.32,1.33,-0.98,0.6,0.19,0.19,13.38
0.0,0.37,1.33,-0.86,0.59,0.19,0.1,15.4
0.0,0.43,1.32,-0.71,0.6,0.17,0.1,17.92
0.0,0.44,1.29,-0.57,0.63,0.16,0.08,18.67
0.01,0.45,1.27,-0.41,0.69,0.12,0.33,19.5
0.01,0.42,1.24,-0.28,0.76,0.07,0.44,18.93
0.01,0.38,1.21,-0.14,0.79,0.0,0.47,17.41
0.0,0.31,1.18,-0.07,0.85,-0.06,0.1,14.77
-0.01,0.24,1.16,-0.02,0.86,-0.09,-0.51,11.92
-0.03,0.17,1.14,0.0,0.86,-0.11,-1.72,8.4
-0.05,0.1,1.12,0.0,0.82,-0.12,-2.51,5.07
-0.05,0.07,1.11,-0.05,0.8,-0.13,-2.7,3.49
-0.09,0.01,1.1,-0.1,0.77,-0.11,-4.53,0.37
-0.09,-0.03,1.09,-0.17,0.74,-0.09,-4.76,-1.7
-0.1,-0.03,1.09,-0.27,0.74,-0.05,-5.33,-1.7
-0.09,0.01,1.11,-0.33,0.73,-0.03,-4.84,0.32
-0.09,0.03,1.15,-0.41,0.73,-0.0,-4.59,1.34
-0.08,0.04,1.19,-0.45,0.72,0.04,-3.89,1.92
-0.08,0.07,1.24,-0.46,0.72,0.09,-3.69,3.24
-0.05,0.1,1.29,-0.46,0.76,0.15,-2.07,4.3
-0.01,0.11,1.32,-0.47,0.81,0.22,-0.61,4.88
0.03,0.16,1.32,-0.41,0.85,0.29,1.16,6.95
0.06,0.2,1.28,-0.35,0.91,0.35,2.7,8.83
0.08,0.23,1.21,-0.31,0.97,0.38,3.66,10.55
0.1,0.27,1.16,-0.23,1.22,0.24,4.81,12.89
0.11,0.28,1.12,-0.27,1.11,0.38,5.41,14.12
0.12,0.3,1.09,-0.25,1.14,0.37,6.23,15.31
0.13,0.31,1.07,-0.23,1.18,0.32,6.7,16.03
0.14,0.32,1.05,-0.23,1.21,0.29,7.09,16.54
0.13,0.33,1.03,-0.24,1.2,0.25,7.11,17.34
0.14,0.33,1.02,-0.24,1.15,0.2,7.31,17.62
0.13,0.33,1.01,-0.23,1.09,0.16,6.84,17.93
0.13,0.33,1.0,-0.25,1.02,0.12,6.88,17.99
0.13,0.33,0.98,-0.25,0.92,0.08,7.4,18.25
0.14,0.31,0.96,-0.26,0.82,0.03,8.1,17.99
0.14,0.31,0.92,-0.27,0.72,-0.03,8.46,18.4
0.14,0.28,0.89,-0.29,0.66,-0.09,8.22,17.19
0.13,0.24,0.86,-0.31,0.6,-0.15,8.33,15.64
0.12,0.21,0.85,-0.35,0.54,-0.23,8.06,14.01
0.11,0.18,0.87,-0.39,0.48,-0.3,7.1,11.77
0.08,0.14,0.93,-0.45,0.4,-0.36,5.09,8.44
0.06,0.1,1.0,-0.5,0.29,-0.36,3.41,5.77
0.04,0.09,1.08,-0.53,0.15,-0.34,2.16,4.89
0.02,0.1,1.14,-0.56,0.0,-0.29,0.83,5.04
-0.0,0.08,1.18,-0.57,-0.14,-0.21,-0.14,3.81
-0.01,0.09,1.18,-0.58,-0.25,-0.13,-0.43,4.18
-0.01,0.12,1.16,-0.57,-0.37,-0.06,-0.64,5.67
-0.02,0.15,1.14,-0.54,-0.47,0.03,-0.81,7.7
-0.01,0.19,1.11,-0.52,-0.48,0.05,-0.41,9.96
-0.0,0.22,1.08,-0.46,-0.5,0.07,-0.02,11.71
-0.0,0.25,1.05,-0.38,-0.49,0.06,-0.03,13.39
-0.0,0.25,1.02,-0.31,-0.46,0.04,-0.25,13.74
-0.01,0.24,1.01,-0.25,-0.38,0.01,-0.53,13.31
-0.01,0.23,0.99,-0.17,-0.36,-0.0,-0.72,13.18
-0.01,0.23,1.0,-0.09,-0.3,-0.05,-0.79,12.9
-0.02,0.21,0.99,-0.02,-0.27,-0.08,-1.06,11.71
-0.03,0.19,0.99,0.01,-0.21,-0.11,-1.63,10.89
-0.04,0.17,0.99,0.09,-0.19,-0.12,-2.33,9.74
-0.05,0.15,1.0,0.14,-0.17,-0.14,-2.64,8.68
-0.05,0.13,0.99,0.19,-0.15,-0.16,-3.06,7.44
-0.06,0.11,0.99,0.21,-0.13,-0.16,-3.52,6.39
-0.07,0.1,0.99,0.23,-0.12,-0.16,-4.09,5.56
-0.07,0.08,0.99,0.29,-0.13,-0.16,-4.3,4.46
-0.08,0.07,0.99,0.32,-0.13,-0.15,-4.77,3.77
-0.09,0.05,1.0,0.33,-0.12,-0.15,-4.9,2.93
-0.09,0.03,1.0,0.35,-0.11,-0.14,-4.91,1.9
-0.08,0.04,1.01,0.39,-0.13,-0.12,-4.56,2.02
-0.1,-0.01,1.0,0.42,-0.11,-0.11,-5.4,-0.46
-0.08,-0.02,0.99,0.43,-0.11,-0.08,-4.79,-1.0
-0.08,-0.03,0.97,0.42,-0.08,-0.06,-4.41,-1.52
-0.07,-0.03,0.96,0.43,-0.05,-0.05,-4.11,-1.57
-0.06,-0.03,0.95,0.44,-0.04,-0.02,-3.67,-1.81
-0.06,-0.05,0.94,0.44,-0.02,-0.02,-3.86,-3.27
-0.06,-0.06,0.92,0.43,0.01,-0.02,-3.93,-3.98
-0.06,-0.09,0.91,0.4,0.03,-0.01,-3.89,-5.43
-0.06,-0.1,0.89,0.4,0.01,-0.01,-3.84,-6.22
-0.06,-0.1,0.89,0.37,0.03,0.0,-3.55,-6.44
-0.05,-0.11,0.9,0.33,0.04,0.0,-3.42,-6.84
-0.06,-0.11,0.89,0.31,0.02,0.02,-4.09,-7.2
-0.06,-0.11,0.89,0.27,0.01,0.02,-3.56,-7.14
-0.06,-0.11,0.9,0.23,-0.01,0.03,-3.85,-6.85
-0.06,-0.11,0.9,0.21,-0.01,0.04,-3.66,-7.19
-0.06,-0.11,0.91,0.16,-0.01,0.05,-3.78,-7.13
-0.06,-0.1,0.92,0.15,-0.02,0.07,-3.5,-6.48
-0.05,-0.11,0.92,0.11,-0.02,0.09,-3.27,-6.56
-0.05,-0.1,0.91,0.09,-0.02,0.1,-2.97,-6.22
-0.04,-0.09,0.91,0.08,-0.03,0.11,-2.62,-5.88
-0.04,-0.09,0.9,0.04,-0.02,0.13,-2.56,-5.84
-0.03,-0.09,0.89,0.03,-0.03,0.12,-2.03,-5.73
-0.03,-0.09,0.88,0.0,-0.01,0.12,-2.21,-5.64
-0.04,-0.08,0.88,-0.04,0.0,0.11,-2.41,-5.2
-0.04,-0.08,0.88,-0.08,-0.01,0.11,-2.26,-5.05
-0.04,-0.08,0.88,-0.1,-0.04,0.11,-2.84,-5.5
-0.05,-0.09,0.87,-0.15,-0.05,0.11,-3.13,-5.96
-0.06,-0.09,0.88,-0.19,-0.07,0.12,-3.65,-6.07
-0.06,-0.1,0.88,-0.27,-0.07,0.11,-4.14,-6.24
-0.07,-0.09,0.9,-0.3,-0.11,0.12,-4.59,-5.64
-0.08,-0.08,0.92,-0.36,-0.12,0.13,-4.71,-4.89
-0.08,-0.06,0.92,-0.4,-0.13,0.15,-4.86,-3.9
-0.07,-0.04,0.93,-0.44,-0.15,0.17,-4.26,-2.65
-0.07,-0.03,0.94,-0.45,-0.17,0.18,-4.39,-1.76
-0.07,-0.01,0.95,-0.47,-0.17,0.19,-4.09,-0.37
-0.06,0.01,0.96,-0.5,-0.15,0.2,-3.57,0.64
-0.06,0.04,0.96,-0.49,-0.16,0.21,-3.55,2.32
-0.05,0.06,0.96,-0.47,-0.14,0.2,-3.18,3.62
-0.05,0.09,0.97,-0.46,-0.13,0.21,-3.01,5.2
-0.04,0.12,0.98,-0.45,-0.09,0.2,-2.5,6.69
-0.04,0.14,1.0,-0.39,-0.09,0.21,-2.0,7.74
-0.03,0.15,1.0,-0.34,-0.08,0.2,-1.87,8.53
-0.03,0.15,1.0,-0.28,-0.05,0.18,-1.78,8.56
-0.02,0.16,1.0,-0.25,-0.01,0.16,-1.23,9.04
-0.03,0.15,0.99,-0.21,-0.0,0.16,-1.78,8.52
-0.03,0.16,0.98,-0.17,0.0,0.14,-1.61,9.19
-0.02,0.16,0.99,-0.13,0.02,0.12,-1.23,9.09
-0.02,0.14,0.97,-0.09,0.0,0.12,-1.36,8.06
-0.02,0.13,0.97,-0.07,0.03,0.12,-1.06,7.85
-0.02,0.12,0.96,-0.03,0.0,0.11,-1.16,7.28
-0.02,0.11,0.96,-0.0,-0.0,0.09,-1.07,6.47
-0.02,0.1,0.96,-0.01,0.01,0.08,-0.98,5.96
-0.02,0.09,0.96,0.01,-0.01,0.09,-0.92,5.61
-0.01,0.1,0.96,0.05,-0.03,0.08,-0.72,6.04
-0.0,0.1,0.94,0.07,-0.03,0.1,-0.28,5.78
0.01,0.09,0.93,0.08,-0.01,0.08,0.38,5.63
0.01,0.09,0.93,0.09,0.01,0.05,0.55,5.79
0.01,0.09,0.93,0.1,0.03,0.05,0.63,5.64
0.02,0.08,0.93,0.13,0.02,0.03,1.3,5.11
0.02,0.08,0.93,0.14,0.05,0.02,1.52,5.16
0.03,0.09,0.94,0.14,0.07,0.02,1.67,5.25
0.03,0.06,0.93,0.17,0.05,0.01,1.82,3.83
0.03,0.05,0.93,0.16,0.03,0.01,1.75,2.81
0.03,0.03,0.93,0.14,0.03,0.0,1.75,1.83
0.03,0.03,0.93,0.12,0.0,-0.01,2.05,1.57
0.04,0.01,0.93,0.08,-0.02,0.0,2.61,0.89
0.04,0.01,0.94,0.04,-0.06,0.01,2.2,0.42
0.03,0.0,0.95,-0.02,-0.07,0.0,1.87,0.16
0.03,0.0,0.96,-0.07,-0.1,0.03,1.89,0.11
0.05,0.01,0.98,-0.13,-0.14,0.04,2.75,0.7
0.05,0.01,0.99,-0.19,-0.17,0.06,3.04,0.83
0.06,0.03,1.0,-0.29,-0.2,0.08,3.48,1.52
0.07,0.05,1.01,-0.38,-0.25,0.07,3.86,2.57
0.07,0.08,1.02,-0.46,-0.31,0.09,3.85,4.53
0.08,0.12,1.04,-0.54,-0.36,0.09,4.39,6.29
0.09,0.13,1.06,-0.62,-0.39,0.09,4.76,7.02
0.09,0.13,1.09,-0.72,-0.43,0.1,4.56,6.97
0.09,0.15,1.12,-0.82,-0.47,0.1,4.44,7.8
0.09,0.2,1.16,-0.93,-0.51,0.12,4.21,9.75
0.1,0.27,1.22,-1.03,-0.53,0.11,4.62,12.36
0.12,0.35,1.29,-1.07,-0.55,0.12,5.23,14.99
0.13,0.41,1.38,-1.11,-0.56,0.13,5.02,16.48
0.11,0.43,1.5,-1.1,-0.58,0.15,4.12,15.94
0.1,0.47,1.63,-1.11,-0.6,0.21,3.39,16.17
0.11,0.59,1.75,-1.06,-0.64,0.3,3.27,18.53
0.13,0.75,1.82,-0.93,-0.69,0.4,3.85,22.47
0.16,0.86,1.83,-0.76,-0.8,0.44,4.55,24.95
0.21,0.97,1.78,-0.58,-0.89,0.44,6.02,28.44
0.23,1.06,1.69,-0.39,-0.98,0.38,6.66,31.79
0.28,1.14,1.57,-0.2,-1.02,0.27,8.1,35.52
0.33,1.16,1.48,-0.01,-1.07,0.09,9.84,37.39
0.37,1.15,1.43,0.14,-1.08,-0.14,11.51,37.74
0.38,1.09,1.42,0.28,-1.04,-0.36,11.99,36.47
0.38,1.04,1.44,0.4,-0.99,-0.53,11.96,34.87
0.38,0.95,1.51,0.52,-0.95,-0.68,12.16,31.35
0.4,0.89,1.51,0.67,-0.93,-0.8,12.72,29.76
0.35,0.8,1.52,0.77,-0.93,-0.92,11.44,27.02
0.3,0.68,1.58,0.85,-0.96,-1.01,9.87,23.05
0.26,0.55,1.66,0.91,-0.98,-1.08,8.51,17.97
0.22,0.4,1.75,0.96,-0.99,-1.09,7.1,12.64
0.17,0.23,1.84,0.99,-0.98,-1.05,5.15,7.18
0.11,0.1,1.87,0.95,-1.01,-0.94,3.29,3.03
0.06,0.07,1.88,0.92,-1.09,-0.81,1.76,2.14
0.03,0.07,1.84,0.88,-1.2,-0.69,0.86,2.29
0.01,0.11,1.8,0.84,-1.35,-0.58,0.29,3.39
0.01,0.12,1.77,0.77,-1.55,-0.49,0.33,3.77
-0.01,0.09,1.75,0.72,-1.72,-0.46,-0.45,2.94
-0.02,0.06,1.76,0.65,-1.89,-0.42,-0.78,1.91
-0.05,0.02,1.79,0.59,-2.06,-0.38,-1.47,0.57
-0.06,-0.01,1.81,0.55,-2.19,-0.33,-1.87,-0.25
-0.06,-0.04,1.85,0.52,-2.3,-0.26,-1.87,-1.27
-0.06,-0.09,1.85,0.5,-2.39,-0.2,-1.89,-2.85
-0.07,-0.13,1.82,0.47,-2.46,-0.13,-2.08,-4.13
-0.06,-0.13,1.8,0.44,-2.49,-0.07,-1.96,-4.03
-0.06,-0.12,1.78,0.43,-2.52,-0.02,-1.8,-3.87
-0.05,-0.12,1.77,0.42,-2.55,0.01,-1.73,-4.01
-0.07,-0.13,1.77,0.41,-2.57,0.02,-2.15,-4.29
-0.06,-0.15,1.76,0.42,-2.61,0.05,-2.05,-4.84
-0.07,-0.16,1.71,0.41,-2.65,0.08,-2.25,-5.46
-0.08,-0.2,1.68,0.39,-2.7,0.07,-2.83,-6.87
-0.1,-0.24,1.65,0.35,-2.76,0.08,-3.38,-8.16
-0.12,-0.29,1.63,0.31,-2.79,0.08,-4.29,-10.02
-0.15,-0.34,1.6,0.25,-2.86,0.1,-5.23,-11.89
-0.17,-0.39,1.58,0.18,-2.92,0.13,-6.04,-13.92
-0.19,-0.44,1.57,0.1,-2.95,0.14,-6.49,-15.52
-0.2,-0.45,1.55,0.01,-2.94,0.18,-6.92,-16.18
-0.19,-0.47,1.57,-0.03,-2.98,0.23,-6.66,-16.56
-0.16,-0.46,1.56,-0.08,-2.98,0.26,-5.66,-16.24
-0.14,-0.45,1.52,-0.1,-2.98,0.3,-5.16,-16.33
-0.12,-0.42,1.5,-0.14,-2.93,0.31,-4.58,-15.78
-0.1,-0.39,1.48,-0.16,-2.91,0.32,-3.89,-14.91
-0.11,-0.36,1.47,-0.17,-2.9,0.3,-4.13,-13.89
-0.09,-0.33,1.48,-0.16,-2.91,0.28,-3.36,-12.47
-0.08,-0.29,1.49,-0.15,-2.87,0.25,-3.02,-11.19
-0.08,-0.28,1.5,-0.11,-2.94,0.21,-2.86,-10.67
-0.09,-0.28,1.52,-0.05,-2.99,0.15,-3.25,-10.59
-0.1,-0.29,1.51,0.01,-3.04,0.1,-3.78,-10.69
-0.12,-0.3,1.5,0.1,-3.08,0.03,-4.42,-11.41
-0.13,-0.32,1.49,0.2,-3.12,-0.02,-4.91,-12.05
-0.16,-0.35,1.47,0.3,-3.17,-0.08,-5.88,-13.26
-0.17,-0.39,1.44,0.4,-3.21,-0.15,-6.52,-15.02
-0.19,-0.44,1.38,0.52,-3.2,-0.21,-7.59,-17.67
-0.22,-0.51,1.32,0.61,-3.19,-0.26,-8.67,-20.86
-0.24,-0.56,1.26,0.7,-3.16,-0.29,-10.0,-23.62
-0.27,-0.63,1.2,0.8,-3.11,-0.31,-11.39,-27.04
-0.3,-0.69,1.13,0.87,-3.04,-0.33,-12.75,-30.49
-0.31,-0.75,1.07,0.93,-3.01,-0.32,-13.42,-34.15
-0.35,-0.8,1.01,0.99,-2.92,-0.3,-15.1,-36.79
-0.34,-0.84,0.97,1.04,-2.87,-0.26,-14.91,-39.25
-0.31,-0.86,0.91,1.08,-2.81,-0.22,-14.17,-41.72
-0.29,-0.85,0.83,1.12,-2.73,-0.16,-13.77,-43.93
-0.29,-0.82,0.78,1.15,-2.67,-0.11,-14.56,-44.69
-0.28,-0.78,0.71,1.19,-2.59,-0.07,-14.74,-45.96
-0.25,-0.74,0.68,1.23,-2.5,-0.06,-13.92,-45.48
-0.21,-0.72,0.6,1.25,-2.4,-0.04,-12.73,-48.45
-0.18,-0.66,0.52,1.28,-2.29,-0.03,-12.03,-50.47
-0.16,-0.6,0.43,1.28,-2.2,-0.04,-11.93,-52.75
-0.13,-0.54,0.36,1.24,-2.09,-0.06,-11.49,-54.84
-0.11,-0.5,0.29,1.18,-1.99,-0.08,-11.23,-57.76
-0.1,-0.45,0.23,1.12,-1.92,-0.1,-10.9,-60.54
-0.08,-0.42,0.19,1.04,-1.87,-0.13,-10.23,-63.93
-0.08,-0.39,0.16,0.92,-1.85,-0.16,-11.27,-65.27
-0.1,-0.39,0.14,0.81,-1.86,-0.17,-14.26,-65.37
-0.11,-0.4,0.16,0.7,-1.93,-0.15,-15.09,-63.95
-0.12,-0.39,0.15,0.61,-2.02,-0.11,-16.52,-63.62
-0.13,-0.38,0.16,0.51,-2.11,-0.07,-17.32,-61.48
-0.13,-0.34,0.17,0.45,-2.2,-0.0,-18.62,-57.93
-0.14,-0.3,0.18,0.39,-2.26,0.05,-21.16,-53.3
-0.13,-0.26,0.19,0.35,-2.28,0.08,-22.21,-47.99
-0.13,-0.2,0.2,0.33,-2.27,0.1,-23.52,-40.51
-0.12,-0.16,0.23,0.32,-2.22,0.11,-22.64,-32.76
-0.09,-0.13,0.26,0.33,-2.18,0.12,-18.29,-25.33
-0.09,-0.09,0.27,0.39,-2.08,0.09,-17.26,-17.41
-0.1,-0.06,0.27,0.45,-1.96,0.07,-19.07,-12.28
-0.09,-0.05,0.25,0.49,-1.8,0.03,-20.63,-9.86
-0.1,-0.03,0.22,0.55,-1.64,0.01,-23.17,-8.02
-0.11,-0.03,0.18,0.59,-1.51,-0.01,-30.74,-8.76
-0.12,-0.03,0.15,0.61,-1.35,-0.02,-37.97,-9.96
-0.13,-0.03,0.13,0.62,-1.2,-0.02,-42.93,-9.28
-0.13,-0.01,0.14,0.64,-1.04,-0.01,-42.7,-3.69
-0.13,0.0,0.12,0.68,-0.88,-0.0,-47.3,0.91
-0.13,0.03,0.1,0.7,-0.75,0.01,-51.41,10.85
-0.12,0.06,0.1,0.7,-0.6,0.01,-45.93,19.39
-0.13,0.08,0.09,0.69,-0.49,0.03,-46.76,26.2
-0.13,0.09,0.07,0.69,-0.43,0.04,-48.92,31.24
-0.15,0.1,0.07,0.66,-0.41,0.07,-50.02,32.94
-0.17,0.11,0.03,0.61,-0.41,0.11,-56.12,32.68
-0.18,0.13,0.02,0.52,-0.48,0.18,-54.71,34.53
-0.18,0.15,0.03,0.43,-0.54,0.25,-49.68,39.47
-0.16,0.2,0.03,0.33,-0.64,0.31,-38.35,50.69
-0.14,0.26,0.04,0.21,-0.73,0.33,-27.93,60.62
-0.12,0.32,0.08,0.09,-0.81,0.35,-20.41,64.91
-0.09,0.35,0.11,-0.04,-0.89,0.36,-13.46,68.62
-0.07,0.37,0.15,-0.14,-0.97,0.33,-9.74,66.47
-0.06,0.38,0.19,-0.26,-1.02,0.3,-8.05,62.02
-0.06,0.36,0.25,-0.39,-1.04,0.28,-8.04,55.13
-0.07,0.35,0.29,-0.46,-1.08,0.25,-8.82,49.7
-0.07,0.34,0.36,-0.55,-1.04,0.22,-7.77,42.65
-0.07,0.32,0.42,-0.59,-1.04,0.21,-7.07,36.68
-0.07,0.29,0.49,-0.63,-0.99,0.18,-6.96,30.13
-0.07,0.26,0.54,-0.63,-0.93,0.19,-7.08,24.97
-0.07,0.21,0.6,-0.65,-0.87,0.19,-6.56,19.43
-0.1,0.19,0.68,-0.61,-0.8,0.2,-7.74,15.54
-0.09,0.15,0.77,-0.56,-0.69,0.23,-6.82,11.13
-0.08,0.15,0.85,-0.48,-0.62,0.27,-5.37,9.78
-0.07,0.16,0.9,-0.35,-0.54,0.29,-4.28,9.89
-0.06,0.18,0.94,-0.24,-0.44,0.29,-3.33,10.98
-0.05,0.21,0.97,-0.1,-0.35,0.28,-2.76,12.48
-0.02,0.23,0.98,0.01,-0.25,0.25,-1.36,12.96
-0.01,0.24,0.97,0.14,-0.17,0.21,-0.64,14.1
-0.01,0.24,0.95,0.24,-0.13,0.18,-0.65,14.02
-0.01,0.23,0.92,0.31,-0.07,0.14,-0.88,13.81
-0.03,0.2,0.89,0.38,-0.05,0.13,-1.62,12.87
-0.03,0.19,0.86,0.43,-0.03,0.12,-2.2,12.36
-0.02,0.2,0.84,0.47,-0.02,0.12,-1.41,13.05
-0.02,0.2,0.84,0.47,0.04,0.11,-1.42,13.61
-0.01,0.2,0.83,0.5,0.07,0.11,-1.0,13.39
-0.03,0.17,0.83,0.52,0.09,0.12,-1.87,11.88
-0.04,0.16,0.84,0.53,0.09,0.14,-2.61,11.05
-0.04,0.17,0.85,0.55,0.13,0.15,-2.46,11.46
-0.02,0.19,0.86,0.56,0.13,0.18,-1.42,12.43
-0.01,0.21,0.86,0.6,0.13,0.17,-0.54,13.96
0.01,0.23,0.87,0.64,0.12,0.17,0.35,14.92
0.02,0.26,0.86,0.65,0.16,0.15,1.06,16.49
0.02,0.28,0.84,0.64,0.19,0.13,1.15,18.13
0.02,0.29,0.82,0.66,0.18,0.1,1.26,19.61
0.0,0.28,0.79,0.63,0.19,0.07,0.28,19.63
0.0,0.27,0.76,0.61,0.19,0.06,0.17,19.67
-0.0,0.26,0.73,0.57,0.18,0.03,-0.15,19.43
-0.0,0.24,0.71,0.49,0.17,0.02,-0.21,18.92
-0.01,0.21,0.71,0.4,0.14,0.02,-0.65,16.69
-0.02,0.19,0.73,0.31,0.12,0.02,-1.57,14.43
-0.02,0.16,0.76,0.23,0.11,0.01,-1.51,11.66
-0.01,0.14,0.81,0.17,0.08,0.03,-0.66,9.97
-0.01,0.13,0.85,0.14,0.1,0.02,-0.52,8.91
-0.0,0.14,0.88,0.11,0.12,-0.01,-0.15,9.23
-0.01,0.15,0.91,0.07,0.16,-0.03,-0.58,9.37
-0.01,0.14,0.92,0.06,0.19,-0.05,-0.46,8.46
-0.01,0.12,0.93,0.02,0.21,-0.07,-0.58,7.48
-0.01,0.12,0.92,-0.01,0.2,-0.08,-0.4,7.32
0.01,0.11,0.9,-0.06,0.2,-0.1,0.46,7.1
0.01,0.11,0.89,-0.12,0.16,-0.11,0.4,7.22
-0.01,0.11,0.88,-0.2,0.09,-0.11,-0.4,6.97
-0.01,0.09,0.88,-0.28,0.04,-0.12,-0.66,6.01
-0.01,0.08,0.91,-0.37,-0.04,-0.14,-0.94,4.82
-0.01,0.05,0.94,-0.46,-0.13,-0.12,-0.66,2.94
-0.02,0.04,0.95,-0.53,-0.22,-0.12,-1.0,2.28
-0.02,0.02,1.0,-0.57,-0.28,-0.12,-1.12,1.13
-0.03,0.01,1.04,-0.61,-0.33,-0.12,-1.48,0.37
-0.03,-0.02,1.09,-0.62,-0.34,-0.12,-1.43,-1.26
-0.03,-0.06,1.12,-0.59,-0.33,-0.12,-1.76,-2.9
-0.05,-0.09,1.16,-0.53,-0.32,-0.1,-2.25,-4.49
-0.07,-0.12,1.18,-0.46,-0.28,-0.09,-3.28,-5.87
-0.08,-0.14,1.19,-0.4,-0.21,-0.07,-3.62,-6.85
-0.09,-0.15,1.2,-0.3,-0.17,-0.04,-4.3,-7.28
-0.09,-0.16,1.19,-0.2,-0.12,0.01,-4.32,-7.81
-0.07,-0.15,1.19,-0.13,-0.06,0.03,-3.35,-7.23
-0.06,-0.13,1.18,-0.02,-0.04,0.07,-3.05,-6.05
-0.06,-0.1,1.17,0.08,0.03,0.06,-2.7,-4.93
-0.05,-0.07,1.13,0.16,0.07,0.07,-2.57,-3.38
-0.04,-0.04,1.07,0.22,0.11,0.06,-2.3,-2.14
-0.04,-0.02,1.03,0.23,0.16,0.05,-2.11,-1.39
-0.04,-0.02,0.98,0.26,0.17,0.05,-2.16,-1.19
-0.04,-0.01,0.95,0.25,0.15,0.05,-2.39,-0.54
-0.03,-0.01,0.92,0.23,0.14,0.04,-2.03,-0.56
-0.03,-0.0,0.89,0.19,0.13,0.05,-2.08,-0.13
-0.02,0.01,0.86,0.15,0.09,0.06,-1.44,0.48
-0.02,0.02,0.85,0.1,0.08,0.04,-1.62,1.24
-0.03,0.01,0.83,0.04,0.04,0.06,-2.17,0.95
-0.03,0.01,0.81,-0.04,0.04,0.07,-2.17,0.84
-0.03,0.02,0.81,-0.1,-0.01,0.1,-1.94,1.29
-0.03,0.03,0.82,-0.17,-0.03,0.11,-1.77,2.35
-0.02,0.05,0.86,-0.23,-0.04,0.11,-1.23,3.24
-0.01,0.07,0.88,-0.28,-0.03,0.09,-0.54,4.35
-0.0,0.06,0.91,-0.3,-0.03,0.09,-0.0,4.03
0.01,0.07,0.92,-0.32,-0.03,0.08,0.39,4.6
0.02,0.08,0.93,-0.35,-0.02,0.06,1.11,5.0
0.01,0.09,0.93,-0.36,0.01,0.04,0.87,5.72
0.02,0.09,0.93,-0.39,0.07,0.03,1.12,5.8
0.02,0.09,0.94,-0.36,0.1,0.01,0.96,5.43
0.01,0.08,0.95,-0.36,0.13,-0.01,0.49,4.94
0.01,0.07,0.94,-0.38,0.17,-0.02,0.55,4.14
0.01,0.07,0.94,-0.37,0.2,-0.02,0.69,4.11
0.01,0.08,0.94,-0.36,0.2,-0.02,0.57,4.71
0.01,0.08,0.95,-0.36,0.19,-0.01,0.61,4.56
0.0,0.08,0.96,-0.36,0.22,-0.02,0.07,4.63
-0.0,0.08,0.95,-0.35,0.21,-0.01,-0.18,4.63
-0.01,0.09,0.96,-0.33,0.21,-0.02,-0.62,5.29
-0.01,0.09,0.96,-0.3,0.21,-0.02,-0.49,5.2
-0.01,0.09,0.96,-0.26,0.24,-0.03,-0.31,5.13
-0.01,0.09,0.94,-0.25,0.27,-0.03,-0.67,5.55
-0.02,0.09,0.93,-0.21,0.28,-0.02,-1.1,5.31
-0.02,0.08,0.92,-0.18,0.3,-0.01,-1.48,5.21
-0.02,0.09,0.91,-0.16,0.36,-0.02,-1.48,5.74
-0.03,0.09,0.89,-0.15,0.4,-0.02,-2.0,5.57
-0.04,0.09,0.86,-0.12,0.43,-0.01,-2.48,5.97
-0.04,0.1,0.85,-0.13,0.45,-0.01,-2.47,7.05
-0.04,0.11,0.83,-0.13,0.47,-0.0,-2.77,7.75
-0.05,0.12,0.83,-0.13,0.49,0.0,-3.28,8.2
-0.05,0.13,0.82,-0.15,0.48,0.0,-3.09,8.62
-0.04,0.12,0.81,-0.18,0.46,0.02,-2.82,8.44
-0.05,0.11,0.79,-0.22,0.47,0.01,-3.38,7.64
-0.07,0.1,0.82,-0.26,0.45,0.02,-4.54,7.07
-0.08,0.09,0.85,-0.26,0.41,0.04,-5.49,5.7
-0.07,0.1,0.86,-0.28,0.38,0.06,-4.43,6.89
-0.07,0.09,0.9,-0.27,0.39,0.06,-4.13,5.79
-0.06,0.09,0.89,-0.29,0.42,0.07,-4.16,5.7
-0.07,0.09,0.91,-0.24,0.43,0.08,-4.36,5.76
-0.06,0.07,0.94,-0.23,0.46,0.06,-3.61,4.54
-0.05,0.09,0.95,-0.19,0.47,0.06,-2.92,5.12
-0.04,0.08,0.96,-0.14,0.51,0.04,-2.43,4.7
-0.03,0.07,0.95,-0.1,0.54,0.04,-1.98,4.32
-0.05,0.07,0.92,-0.03,0.59,0.03,-3.0,4.21
-0.04,0.06,0.87,0.01,0.63,0.03,-2.82,4.18
-0.05,0.05,0.83,0.04,0.69,0.02,-3.14,3.41
-0.05,0.06,0.81,0.02,0.73,0.03,-3.63,4.04
-0.06,0.05,0.79,0.04,0.77,0.03,-4.18,3.91
-0.07,0.04,0.77,0.01,0.79,0.04,-5.49,2.94
-0.08,0.04,0.76,0.0,0.79,0.04,-5.72,2.78
-0.07,0.05,0.73,-0.03,0.8,0.05,-5.18,3.95
-0.06,0.06,0.72,-0.07,0.8,0.06,-4.9,4.65
-0.09,0.05,0.77,-0.08,0.8,0.09,-6.61,3.97
-0.09,0.04,0.78,-0.09,0.82,0.1,-6.36,2.96
-0.08,0.04,0.79,-0.1,0.78,0.12,-5.45,2.68
-0.07,0.03,0.81,-0.12,0.78,0.13,-5.26,2.1
-0.07,0.02,0.83,-0.09,0.74,0.15,-5.13,1.1
-0.06,0.01,0.84,-0.09,0.74,0.17,-3.9,1.01
-0.04,0.03,0.84,-0.07,0.72,0.18,-2.41,1.71
-0.03,0.04,0.83,-0.05,0.72,0.19,-1.82,2.6
-0.02,0.05,0.83,-0.04,0.72,0.2,-1.63,3.35
-0.02,0.06,0.83,-0.04,0.75,0.18,-1.38,4.07
-0.01,0.06,0.83,-0.05,0.77,0.17,-0.95,4.19
-0.01,0.05,0.82,-0.03,0.78,0.16,-0.86,3.72
-0.01,0.04,0.81,-0.01,0.77,0.15,-0.88,2.91
-0.01,0.04,0.81,-0.02,0.79,0.14,-0.74,3.01
-0.01,0.03,0.8,-0.05,0.83,0.14,-0.75,2.41
-0.01,0.03,0.79,-0.04,0.83,0.14,-0.58,2.29
-0.01,0.03,0.79,-0.05,0.85,0.14,-0.58,2.16
-0.01,0.02,0.81,-0.05,0.84,0.15,-0.81,1.73
-0.01,0.03,0.82,-0.06,0.86,0.15,-0.52,1.98
-0.0,0.03,0.82,-0.06,0.87,0.15,-0.12,1.87
0.0,0.04,0.84,0.04,1.04,-0.0,0.3,2.4
0.01,0.04,0.84,0.0,0.88,0.14,0.6,2.66
0.01,0.04,0.83,-0.0,0.92,0.14,0.73,2.74
0.01,0.04,0.81,0.01,0.92,0.14,0.62,2.95
0.03,0.05,0.79,0.0,0.91,0.14,1.81,3.83
0.02,0.06,0.77,-0.02,0.94,0.11,1.81,4.57
0.02,0.07,0.75,-0.06,0.93,0.1,1.72,5.47
0.02,0.06,0.73,-0.11,0.91,0.09,1.3,4.97
0.02,0.05,0.73,-0.15,0.87,0.09,1.2,4.22
0.01,0.03,0.73,-0.2,0.81,0.1,0.69,2.62
0.0,0.01,0.75,-0.28,0.82,0.09,0.2,0.99
-0.0,0.0,0.79,-0.31,0.76,0.1,-0.32,0.09
-0.01,-0.02,0.83,-0.33,0.73,0.11,-0.91,-1.2
-0.02,-0.02,0.87,-0.33,0.69,0.12,-1.32,-1.61
-0.02,-0.02,0.91,-0.32,0.69,0.15,-1.09,-1.5
-0.01,-0.02,0.93,-0.28,0.67,0.17,-0.68,-1.1
0.0,0.0,0.96,-0.24,0.7,0.16,0.27,0.11
0.01,0.01,0.96,-0.2,0.72,0.17,0.35,0.35
0.0,0.01,0.95,-0.15,0.78,0.15,0.15,0.73
0.02,0.02,0.93,-0.12,0.83,0.13,1.33,1.13
0.03,0.02,0.9,-0.1,0.86,0.1,1.69,1.32
0.02,0.01,0.85,-0.11,0.89,0.07,1.63,0.73
0.01,-0.01,0.83,-0.15,0.93,0.04,0.4,-0.76
-0.01,-0.03,0.82,-0.21,0.94,0.03,-0.48,-2.0
-0.02,-0.07,0.83,-0.25,0.9,0.02,-1.07,-4.57
-0.03,-0.09,0.86,-0.32,0.86,0.03,-2.28,-6.23
-0.04,-0.12,0.91,-0.38,0.81,0.07,-2.4,-7.63
-0.03,-0.12,0.96,-0.41,0.75,0.09,-1.61,-7.05
-0.02,-0.09,1.01,-0.44,0.74,0.11,-1.33,-4.99
-0.02,-0.07,1.07,-0.41,0.72,0.11,-0.84,-3.66
-0.01,-0.04,1.09,-0.35,0.74,0.11,-0.35,-2.05
0.0,-0.02,1.1,-0.31,0.82,0.1,0.2,-0.86
0.0,0.0,1.1,-0.24,0.87,0.07,0.22,0.01
-0.01,0.0,1.11,-0.18,0.96,0.03,-0.32,0.14
-0.01,-0.01,1.11,-0.11,1.02,-0.0,-0.37,-0.27
-0.0,-0.01,1.09,-0.06,1.07,-0.02,-0.25,-0.48
-0.01,-0.02,1.06,-0.02,1.12,-0.04,-0.29,-1.31
-0.02,-0.03,1.02,0.02,1.11,-0.07,-1.02,-1.72
-0.04,-0.05,1.0,0.03,1.11,-0.07,-2.19,-2.99
-0.05,-0.08,0.98,0.01,1.11,-0.07,-2.73,-4.82
-0.05,-0.1,0.98,-0.02,1.07,-0.05,-3.0,-5.68
-0.04,-0.1,0.99,-0.05,1.02,-0.04,-2.09,-5.93
-0.03,-0.09,0.96,-0.08,0.96,-0.02,-1.51,-5.48
-0.02,-0.08,0.96,-0.14,0.93,-0.03,-1.22,-4.61
-0.04,-0.08,0.96,-0.2,0.89,-0.02,-2.1,-4.85
-0.03,-0.08,1.01,-0.25,0.86,-0.02,-1.53,-4.48
-0.01,-0.07,1.07,-0.25,0.8,-0.02,-0.41,-3.93
-0.01,-0.07,1.09,-0.25,0.79,-0.03,-0.74,-3.78
-0.02,-0.06,1.12,-0.24,0.78,-0.02,-1.01,-2.98
-0.03,-0.04,1.16,-0.19,0.8,-0.03,-1.26,-2.19
-0.03,-0.05,1.2,-0.13,0.83,-0.04,-1.53,-2.35
-0.03,-0.05,1.21,-0.05,0.87,-0.04,-1.56,-2.34
-0.03,-0.04,1.22,0.03,0.92,-0.03,-1.39,-1.99
-0.02,-0.02,1.24,0.15,0.96,-0.03,-0.95,-1.04
-0.01,0.01,1.21,0.25,1.0,-0.03,-0.6,0.27
-0.01,0.04,1.17,0.34,1.07,-0.05,-0.44,1.75
-0.01,0.06,1.14,0.4,1.13,-0.08,-0.67,2.8
-0.01,0.05,1.09,0.48,1.18,-0.11,-0.61,2.51
-0.01,0.02,1.02,0.52,1.21,-0.14,-0.55,1.22
-0.02,-0.0,0.96,0.49,1.22,-0.16,-1.0,-0.01
-0.03,-0.03,0.91,0.45,1.2,-0.15,-2.18,-1.65
-0.06,-0.05,0.88,0.4,1.14,-0.16,-3.72,-3.02
-0.07,-0.06,0.87,0.33,1.06,-0.14,-4.33,-4.01
-0.07,-0.07,0.89,0.25,0.99,-0.13,-4.57,-4.38
-0.07,-0.07,0.92,0.16,0.92,-0.11,-4.33,-4.47
-0.07,-0.06,0.94,0.07,0.75,0.01,-4.08,-3.38
-0.05,-0.05,0.98,0.1,0.77,-0.07,-3.2,-2.68
-0.04,-0.03,1.02,0.1,0.73,-0.07,-2.41,-1.74
-0.03,-0.02,1.03,0.12,0.68,-0.08,-1.61,-1.13
-0.02,-0.01,1.03,0.17,0.63,-0.08,-1.23,-0.73
-0.01,0.0,1.03,0.2,0.6,-0.09,-0.64,0.0
-0.01,-0.01,1.02,0.25,0.62,-0.12,-0.39,-0.45
0.01,-0.01,0.98,0.27,0.65,-0.13,0.36,-0.35
-0.01,-0.01,0.95,0.31,0.67,-0.15,-0.43,-0.68
-0.01,-0.03,0.91,0.32,0.68,-0.16,-0.72,-1.84
0.0,-0.03,0.87,0.31,0.72,-0.19,0.13,-1.85
-0.03,-0.06,0.85,0.3,0.75,-0.21,-1.74,-4.14
-0.05,-0.07,0.83,0.24,0.79,-0.2,-3.48,-5.08
-0.06,-0.07,0.82,0.2,0.8,-0.21,-4.26,-4.6
-0.07,-0.06,0.85,0.15,0.83,-0.21,-4.76,-3.71
-0.07,-0.06,0.87,0.1,0.85,-0.21,-4.29,-3.81
-0.06,-0.06,0.89,0.08,0.85,-0.2,-4.16,-3.97
-0.07,-0.05,0.92,0.07,0.84,-0.19,-4.23,-3.08
-0.06,-0.03,0.96,0.06,0.84,-0.18,-3.29,-1.93
-0.04,-0.01,1.0,0.06,0.88,-0.2,-2.48,-0.46
-0.03,0.01,1.0,0.11,0.88,-0.2,-1.63,0.55
-0.03,0.02,1.0,0.16,0.89,-0.23,-1.44,1.05
-0.03,0.03,0.98,0.2,0.92,-0.26,-1.49,1.61
-0.04,0.02,0.96,0.23,0.97,-0.3,-2.16,0.93
-0.05,-0.01,0.95,0.25,1.01,-0.31,-2.86,-0.5
-0.06,-0.03,0.96,0.28,1.01,-0.33,-3.39,-1.61
-0.07,-0.05,0.93,0.3,0.98,-0.33,-3.98,-3.28
-0.08,-0.07,0.91,0.3,1.0,-0.34,-4.76,-4.66
-0.09,-0.08,0.87,0.29,0.98,-0.34,-5.86,-5.51
-0.1,-0.09,0.85,0.26,1.04,-0.4,-6.97,-6.13
-0.12,-0.09,0.85,0.19,0.93,-0.32,-7.78,-6.04
-0.12,-0.09,0.86,0.16,0.93,-0.31,-7.83,-6.11
-0.1,-0.11,0.88,0.13,0.93,-0.31,-6.6,-7.17
-0.08,-0.12,0.86,0.08,0.88,-0.29,-5.57,-7.98
-0.07,-0.11,0.85,0.01,0.86,-0.29,-4.39,-7.27
-0.06,-0.1,0.85,-0.05,0.87,-0.3,-4.05,-6.86
-0.06,-0.1,0.85,-0.11,0.87,-0.31,-4.31,-6.83
-0.08,-0.11,0.88,-0.18,0.86,-0.32,-4.86,-7.08
-0.08,-0.13,0.92,-0.21,0.82,-0.3,-5.07,-7.92
-0.09,-0.15,0.96,-0.26,0.81,-0.28,-5.6,-8.64
-0.1,-0.15,0.98,-0.28,0.77,-0.25,-5.62,-8.49
-0.1,-0.12,1.0,-0.31,0.73,-0.22,-5.81,-7.01
-0.09,-0.09,1.03,-0.31,0.72,-0.18,-5.13,-5.21
-0.09,-0.07,1.06,-0.28,0.73,-0.17,-5.04,-3.64
-0.1,-0.05,1.1,-0.26,0.77,-0.17,-5.25,-2.35
-0.09,-0.03,1.13,-0.19,0.83,-0.16,-4.72,-1.36
-0.08,-0.0,1.16,-0.12,0.91,-0.17,-4.13,-0.18
-0.07,0.01,1.18,-0.03,1.0,-0.16,-3.36,0.63
-0.04,0.04,1.21,0.05,1.08,-0.18,-2.11,1.97
-0.01,0.1,1.25,0.19,1.13,-0.19,-0.26,4.38
0.02,0.12,1.25,0.34,1.17,-0.24,0.97,5.56
0.04,0.13,1.23,0.47,1.24,-0.28,1.85,5.82
0.04,0.09,1.18,0.61,1.31,-0.34,1.88,4.59
0.01,0.05,1.11,0.7,1.35,-0.37,0.57,2.34
-0.01,-0.02,1.05,0.76,1.38,-0.39,-0.62,-1.16
-0.03,-0.07,1.0,0.77,1.39,-0.38,-1.46,-4.06
-0.04,-0.1,0.95,0.74,1.41,-0.36,-2.37,-6.29
-0.05,-0.12,0.91,0.69,1.39,-0.33,-2.86,-7.26
-0.05,-0.1,0.84,0.63,1.36,-0.32,-3.05,-6.51
-0.07,-0.1,0.8,0.57,1.33,-0.31,-4.71,-7.38
-0.06,-0.11,0.77,0.48,1.31,-0.31,-4.72,-8.3
-0.06,-0.11,0.76,0.36,1.28,-0.31,-4.15,-8.37
-0.04,-0.13,0.76,0.23,1.27,-0.32,-3.27,-9.39
-0.04,-0.16,0.78,0.1,1.27,-0.33,-2.67,-11.4
-0.05,-0.15,0.8,-0.04,1.28,-0.31,-3.32,-10.94
-0.05,-0.14,0.83,-0.19,1.29,-0.29,-3.18,-9.54
-0.04,-0.12,0.89,-0.31,1.28,-0.28,-2.6,-7.65
-0.02,-0.11,0.98,-0.4,1.24,-0.26,-1.16,-6.18
-0.01,-0.07,1.08,-0.48,1.23,-0.22,-0.59,-3.59
0.02,-0.01,1.15,-0.49,1.2,-0.17,0.99,-0.52
0.04,0.07,1.23,-0.47,1.2,-0.14,1.97,3.1
0.07,0.15,1.29,-0.41,1.19,-0.11,3.24,6.71
0.11,0.24,1.33,-0.27,1.2,-0.1,4.7,10.23
0.14,0.32,1.34,-0.12,1.24,-0.12,5.68,13.27
0.17,0.39,1.33,0.06,1.26,-0.17,6.97,16.11
0.19,0.41,1.29,0.27,1.31,-0.25,7.97,17.59
0.19,0.4,1.23,0.46,1.36,-0.35,8.2,17.95
0.14,0.34,1.16,0.62,1.43,-0.45,6.63,16.31
0.09,0.27,1.08,0.74,1.47,-0.53,4.8,13.87
0.05,0.18,1.0,0.81,1.49,-0.61,2.95,9.99
-0.0,0.09,0.93,0.81,1.53,-0.69,-0.14,5.56
-0.04,0.01,0.88,0.79,1.51,-0.73,-2.81,0.57
-0.09,-0.07,0.84,0.72,1.5,-0.76,-6.17,-4.64
-0.11,-0.11,0.79,0.63,1.41,-0.77,-8.13,-8.0
-0.16,-0.2,0.77,0.51,1.36,-0.77,-11.65,-14.44
-0.21,-0.27,0.76,0.32,1.33,-0.75,-14.73,-18.98
-0.25,-0.36,0.74,0.13,1.22,-0.7,-17.08,-24.61
-0.28,-0.44,0.77,-0.12,1.11,-0.62,-17.66,-28.22
-0.31,-0.49,0.79,-0.4,0.99,-0.53,-18.42,-29.67
-0.33,-0.49,0.84,-0.72,0.86,-0.39,-18.59,-28.61
-0.28,-0.46,0.9,-0.99,0.72,-0.27,-15.39,-25.98
-0.2,-0.4,0.98,-1.25,0.6,-0.17,-10.75,-21.76
-0.14,-0.31,1.06,-1.44,0.43,-0.06,-7.13,-16.42
-0.09,-0.22,1.13,-1.59,0.35,0.01,-4.57,-10.86
-0.06,-0.13,1.2,-1.68,0.24,0.09,-2.65,-6.13
-0.03,-0.03,1.26,-1.71,0.15,0.13,-1.42,-1.5
0.01,0.07,1.3,-1.67,0.11,0.17,0.27,3.03
0.05,0.16,1.36,-1.6,0.14,0.17,1.89,6.85
0.08,0.25,1.39,-1.48,0.21,0.16,3.1,10.34
0.1,0.34,1.41,-1.31,0.29,0.13,3.78,13.62
0.09,0.41,1.43,-1.1,0.4,0.07,3.54,16.1
0.08,0.45,1.43,-0.88,0.53,0.0,2.99,17.57
0.06,0.46,1.41,-0.65,0.66,-0.07,2.3,18.24
0.04,0.45,1.38,-0.39,0.78,-0.14,1.77,18.19
0.03,0.42,1.35,-0.16,0.93,-0.24,1.19,17.36
0.0,0.37,1.31,0.06,1.06,-0.31,0.02,15.74
-0.02,0.3,1.26,0.24,1.16,-0.35,-1.09,13.32
-0.06,0.21,1.2,0.38,1.21,-0.39,-2.59,9.97
-0.08,0.13,1.15,0.48,1.26,-0.41,-3.74,6.25
-0.09,0.03,1.09,0.51,1.29,-0.43,-4.79,1.46
-0.11,-0.03,1.05,0.52,1.29,-0.43,-5.69,-1.66
-0.13,-0.12,1.02,0.48,1.25,-0.43,-7.15,-6.87
-0.17,-0.22,0.98,0.39,1.19,-0.41,-9.74,-12.67
-0.19,-0.29,0.96,0.27,1.12,-0.37,-10.66,-16.23
-0.22,-0.33,0.97,0.11,1.04,-0.33,-12.39,-18.33
-0.25,-0.36,0.97,-0.07,0.96,-0.24,-13.44,-19.91
-0.24,-0.36,1.0,-0.24,0.87,-0.18,-12.86,-19.24
-0.24,-0.32,1.04,-0.41,0.79,-0.1,-12.59,-16.88
-0.22,-0.28,1.08,-0.56,0.74,-0.02,-11.19,-14.13
-0.19,-0.21,1.11,-0.66,0.7,0.07,-9.8,-10.66
-0.18,-0.15,1.12,-0.72,0.66,0.13,-8.82,-7.31
-0.16,-0.09,1.13,-0.77,0.68,0.18,-8.06,-4.52
-0.14,-0.05,1.13,-0.8,0.71,0.22,-7.15,-2.33
-0.13,0.0,1.13,-0.81,0.72,0.26,-6.39,0.04
-0.11,0.05,1.13,-0.82,0.77,0.27,-5.31,2.38
-0.09,0.08,1.14,-0.79,0.8,0.27,-4.46,4.0
-0.07,0.12,1.15,-0.76,0.83,0.27,-3.32,5.92
-0.07,0.13,1.15,-0.73,0.83,0.29,-3.23,6.29
-0.07,0.13,1.16,-0.7,0.81,0.3,-3.57,6.24
-0.06,0.13,1.17,-0.67,0.79,0.32,-2.83,6.57
-0.05,0.15,1.15,-0.64,0.79,0.33,-2.61,7.19
-0.04,0.17,1.14,-0.61,0.78,0.34,-1.85,8.4
-0.03,0.2,1.11,-0.57,0.81,0.33,-1.41,10.03
-0.03,0.21,1.1,-0.52,0.83,0.31,-1.31,11.08
-0.03,0.21,1.08,-0.48,0.89,0.27,-1.63,11.15
-0.04,0.19,1.08,-0.45,0.93,0.26,-2.05,10.19
-0.04,0.17,1.07,-0.43,0.97,0.25,-2.07,9.12
-0.05,0.16,1.08,-0.44,1.01,0.25,-2.52,8.54
-0.04,0.17,1.09,-0.44,1.05,0.23,-2.14,9.01
-0.02,0.2,1.1,-0.43,1.07,0.25,-0.83,10.4
-0.0,0.25,1.11,-0.43,1.07,0.24,-0.23,12.71
0.02,0.3,1.14,-0.39,1.13,0.22,0.87,14.86
0.04,0.35,1.16,-0.32,1.18,0.19,2.13,16.84
0.06,0.38,1.18,-0.26,1.28,0.15,2.95,18.06
0.08,0.43,1.19,-0.15,1.38,0.12,3.75,19.73
0.09,0.48,1.22,-0.02,1.49,0.08,4.11,21.3
0.12,0.5,1.24,0.13,1.66,0.01,4.98,21.93
0.14,0.54,1.26,0.27,1.82,-0.03,5.85,22.94
0.17,0.53,1.28,0.45,1.95,-0.07,7.1,22.4
0.19,0.5,1.28,0.64,2.03,-0.09,7.95,20.93
0.2,0.44,1.26,0.78,2.11,-0.07,8.4,19.1
0.2,0.38,1.18,0.9,2.13,-0.07,9.32,17.65
0.22,0.31,1.09,0.96,2.16,-0.05,10.74,15.69
0.22,0.26,1.0,0.98,2.14,-0.06,11.98,13.98
0.22,0.19,0.93,0.95,2.12,-0.08,12.85,11.35
0.22,0.15,0.88,0.86,2.1,-0.11,14.07,9.46
0.22,0.1,0.86,0.78,2.02,-0.12,14.07,6.29
0.2,0.05,0.83,0.66,1.9,-0.13,13.59,3.4
0.2,0.03,0.82,0.52,1.74,-0.14,13.43,1.95
0.17,0.01,0.8,0.35,1.57,-0.15,11.89,0.47
0.14,0.01,0.79,0.19,1.38,-0.15,10.14,0.39
0.14,0.02,0.8,0.02,1.14,-0.15,9.94,1.09
0.15,0.03,0.81,-0.15,0.89,-0.17,10.34,2.25
0.15,0.06,0.84,-0.3,0.66,-0.18,10.02,4.24
0.15,0.09,0.89,-0.43,0.44,-0.18,9.63,5.79
0.14,0.12,0.94,-0.53,0.21,-0.18,8.3,7.38
0.13,0.15,0.98,-0.62,-0.02,-0.16,7.46,8.47
0.12,0.18,1.01,-0.7,-0.19,-0.15,6.67,9.73
0.11,0.21,1.05,-0.73,-0.35,-0.13,5.92,11.3
0.11,0.24,1.07,-0.73,-0.48,-0.12,5.63,12.79
0.1,0.27,1.1,-0.74,-0.53,-0.13,4.84,13.89
0.09,0.31,1.12,-0.7,-0.55,-0.14,4.5,15.58
0.08,0.33,1.14,-0.64,-0.55,-0.14,4.0,16.2
0.07,0.35,1.15,-0.54,-0.53,-0.17,3.37,17.06
0.06,0.36,1.17,-0.43,-0.53,-0.16,2.64,17.15
0.04,0.36,1.16,-0.33,-0.48,-0.19,1.65,17.34
0.03,0.37,1.15,-0.22,-0.45,-0.2,1.56,17.66
0.01,0.35,1.14,-0.11,-0.45,-0.22,0.58,17.15
-0.01,0.34,1.13,0.01,-0.4,-0.23,-0.52,16.57
-0.03,0.3,1.11,0.14,-0.33,-0.27,-1.3,15.17
-0.04,0.26,1.1,0.17,-0.42,-0.18,-2.19,13.32
-0.05,0.23,1.07,0.33,-0.3,-0.27,-2.78,12.07
-0.07,0.19,1.07,0.41,-0.27,-0.29,-3.66,10.14
-0.08,0.15,1.05,0.48,-0.25,-0.29,-4.42,7.97
-0.1,0.11,1.04,0.52,-0.24,-0.29,-5.33,5.86
-0.09,0.08,1.03,0.56,-0.24,-0.26,-5.18,4.48
-0.1,0.05,1.0,0.6,-0.25,-0.24,-5.56,3.13
-0.11,0.03,0.97,0.63,-0.23,-0.25,-6.25,1.9
-0.12,-0.02,0.96,0.66,-0.21,-0.24,-6.85,-1.03
-0.1,-0.02,0.97,0.69,-0.19,-0.28,-5.62,-1.36
-0.11,-0.05,0.93,0.65,-0.26,-0.19,-6.81,-2.89
-0.14,-0.08,0.92,0.64,-0.24,-0.18,-8.36,-4.79
-0.14,-0.09,0.9,0.61,-0.25,-0.16,-8.55,-5.84
-0.12,-0.12,0.89,0.58,-0.25,-0.14,-7.77,-7.48
-0.12,-0.14,0.88,0.54,-0.24,-0.13,-7.8,-8.74
-0.12,-0.14,0.87,0.48,-0.2,-0.12,-7.86,-9.26
-0.12,-0.15,0.86,0.43,-0.16,-0.11,-7.78,-9.52
-0.11,-0.15,0.85,0.39,-0.13,-0.09,-7.47,-10.02
-0.11,-0.15,0.85,0.34,-0.11,-0.07,-7.24,-10.05
-0.1,-0.15,0.85,0.28,-0.07,-0.07,-6.6,-9.67
-0.1,-0.13,0.86,0.25,-0.05,-0.05,-6.33,-8.38
-0.09,-0.11,0.86,0.22,-0.05,-0.05,-5.67,-7.33
-0.08,-0.1,0.87,0.2,-0.04,-0.04,-5.39,-6.29
-0.08,-0.09,0.87,0.18,-0.05,-0.02,-5.53,-5.59
-0.08,-0.08,0.87,0.15,-0.02,-0.02,-5.28,-5.13
-0.07,-0.08,0.87,0.13,-0.03,-0.0,-4.72,-4.93
-0.07,-0.08,0.88,0.13,-0.04,-0.01,-4.5,-4.98
-0.07,-0.08,0.88,0.13,-0.04,-0.01,-4.53,-5.05
-0.07,-0.08,0.89,0.1,-0.02,-0.01,-4.61,-5.15
-0.07,-0.09,0.88,0.07,-0.02,0.0,-4.47,-5.92
-0.06,-0.09,0.88,0.06,-0.01,0.01,-3.82,-5.73
-0.06,-0.1,0.88,0.02,-0.0,0.02,-3.91,-6.16
-0.06,-0.1,0.88,-0.01,-0.01,0.02,-4.03,-6.29
-0.06,-0.1,0.88,-0.04,-0.0,0.03,-3.88,-6.55
-0.05,-0.1,0.88,-0.08,0.0,-0.0,-3.37,-6.48
-0.05,-0.09,0.87,-0.13,-0.04,0.04,-3.54,-6.15
-0.04,-0.08,0.87,-0.16,-0.02,0.02,-2.87,-5.29
-0.04,-0.07,0.88,-0.21,-0.02,0.03,-2.73,-4.59
-0.04,-0.06,0.88,-0.24,-0.03,0.03,-2.65,-4.19
-0.03,-0.04,0.89,-0.25,-0.06,0.02,-1.82,-2.64
-0.02,-0.03,0.9,-0.27,-0.05,0.01,-1.49,-1.88
-0.03,-0.02,0.9,-0.29,-0.07,0.03,-1.78,-1.12
-0.02,0.01,0.92,-0.28,-0.07,0.01,-1.39,0.42
-0.02,0.01,0.94,-0.28,-0.11,0.01,-1.41,0.48
-0.01,0.01,0.95,-0.29,-0.11,0.01,-0.85,0.49
-0.03,0.02,0.96,-0.31,-0.1,0.01,-1.79,1.18
-0.03,0.04,0.98,-0.28,-0.13,0.03,-1.84,2.27
-0.01,0.05,0.98,-0.26,-0.14,0.04,-0.84,2.92
-0.01,0.06,0.99,-0.25,-0.13,0.03,-0.73,3.48
-0.02,0.06,0.98,-0.23,-0.11,0.03,-0.96,3.3
-0.02,0.06,0.98,-0.2,-0.09,0.01,-1.27,3.22
-0.03,0.06,0.99,-0.19,-0.07,0.02,-1.5,3.74
-0.02,0.06,1.0,-0.15,-0.06,0.03,-1.23,3.42
-0.01,0.06,0.98,-0.14,-0.02,0.02,-0.72,3.32
-0.02,0.05,0.97,-0.14,-0.01,0.02,-1.29,2.91
-0.03,0.05,0.97,-0.12,0.0,0.01,-1.88,2.8
-0.03,0.05,0.97,-0.11,0.01,-0.0,-1.96,2.92
-0.03,0.05,0.97,-0.11,0.04,-0.0,-1.72,2.66
-0.03,0.05,0.97,-0.1,0.03,0.0,-1.61,2.97
-0.04,0.07,0.98,-0.07,0.03,0.02,-2.41,3.79
-0.03,0.05,0.96,-0.12,-0.04,0.07,-2.01,2.94
-0.03,0.06,0.94,-0.08,-0.0,0.03,-1.7,3.43
-0.03,0.04,0.93,-0.09,0.02,0.02,-2.0,2.74
-0.05,0.04,0.94,-0.1,0.04,-0.01,-2.93,2.45
-0.04,0.04,0.94,-0.11,0.01,-0.01,-2.55,2.65
-0.04,0.04,0.95,-0.13,0.01,-0.01,-2.54,2.41
-0.04,0.05,0.97,-0.15,-0.02,-0.0,-2.29,2.96
-0.04,0.06,0.98,-0.15,-0.07,0.01,-2.11,3.23
-0.04,0.05,0.98,-0.16,-0.12,0.03,-2.32,3.02
-0.04,0.06,0.97,-0.17,-0.13,0.03,-2.38,3.29
-0.04,0.06,0.96,-0.17,-0.16,0.04,-2.15,3.71
-0.04,0.06,0.96,-0.2,-0.17,0.05,-2.31,3.78
-0.04,0.07,0.96,-0.19,-0.22,0.04,-2.37,4.18
-0.04,0.06,0.96,-0.2,-0.21,0.03,-2.52,3.86
-0.04,0.07,0.98,-0.21,-0.22,0.03,-2.51,3.82
-0.05,0.07,0.99,-0.22,-0.25,0.03,-2.69,3.84
-0.05,0.06,1.0,-0.24,-0.27,0.06,-2.67,3.64
-0.04,0.07,1.01,-0.26,-0.26,0.05,-2.48,4.1
-0.05,0.08,1.02,-0.28,-0.27,0.06,-2.73,4.55
-0.04,0.11,1.04,-0.29,-0.26,0.06,-2.3,5.98
-0.04,0.12,1.06,-0.27,-0.28,0.09,-2.1,6.57
-0.03,0.13,1.08,-0.27,-0.29,0.1,-1.44,6.94
-0.03,0.13,1.1,-0.3,-0.28,0.09,-1.56,6.46
-0.05,0.12,1.14,-0.31,-0.32,0.12,-2.34,5.99
-0.05,0.13,1.15,-0.33,-0.37,0.17,-2.66,6.28
-0.04,0.12,1.16,-0.37,-0.38,0.18,-2.2,6.11
-0.05,0.11,1.16,-0.45,-0.41,0.22,-2.36,5.38
-0.06,0.14,1.18,-0.51,-0.46,0.27,-2.72,6.62
-0.04,0.17,1.21,-0.57,-0.5,0.31,-1.73,7.82
0.0,0.2,1.22,-0.61,-0.54,0.35,0.2,9.15
0.02,0.24,1.21,-0.67,-0.56,0.38,1.02,11.3
0.04,0.27,1.22,-0.71,-0.59,0.4,1.6,12.63
0.04,0.3,1.23,-0.74,-0.6,0.42,1.95,13.55
0.05,0.31,1.24,-0.8,-0.62,0.43,2.3,14.09
0.07,0.35,1.27,-0.84,-0.63,0.43,2.94,15.44
0.09,0.38,1.29,-0.89,-0.66,0.44,3.94,16.35
0.11,0.42,1.32,-0.91,-0.69,0.44,4.36,17.65
0.11,0.49,1.37,-0.89,-0.7,0.44,4.43,19.5
0.12,0.52,1.4,-0.89,-0.69,0.46,4.54,20.52
0.15,0.56,1.43,-0.85,-0.74,0.47,5.48,21.16
0.17,0.61,1.45,-0.79,-0.77,0.47,6.25,22.7
0.2,0.67,1.46,-0.7,-0.8,0.46,7.19,24.34
0.21,0.69,1.44,-0.58,-0.8,0.42,7.55,25.19
0.21,0.71,1.44,-0.48,-0.8,0.39,7.61,25.94
0.23,0.72,1.43,-0.37,-0.8,0.33,8.16,26.36
0.25,0.71,1.43,-0.26,-0.79,0.26,8.75,26.05
0.26,0.72,1.44,-0.17,-0.76,0.19,9.14,26.05
0.27,0.7,1.45,-0.06,-0.75,0.13,9.58,25.32
0.29,0.67,1.45,0.07,-0.77,0.07,10.19,24.5
0.28,0.63,1.45,0.2,-0.81,0.0,10.03,23.04
0.27,0.58,1.44,0.29,-0.84,-0.05,10.0,21.49
0.26,0.52,1.42,0.38,-0.89,-0.09,9.79,19.8
0.26,0.46,1.4,0.44,-0.94,-0.14,9.91,17.82
0.24,0.39,1.36,0.47,-1.0,-0.19,9.71,15.92
0.23,0.33,1.32,0.47,-1.06,-0.25,9.43,14.0
0.21,0.27,1.3,0.45,-1.13,-0.3,8.94,11.71
0.19,0.19,1.29,0.43,-1.22,-0.35,8.3,8.45
0.17,0.11,1.3,0.36,-1.3,-0.38,7.49,4.77
0.15,0.05,1.34,0.26,-1.39,-0.41,6.22,2.33
0.12,0.02,1.39,0.16,-1.49,-0.38,4.8,0.94
0.1,-0.04,1.44,0.09,-1.6,-0.36,4.02,-1.41
0.09,-0.07,1.47,-0.03,-1.71,-0.31,3.52,-2.81
0.09,-0.07,1.5,-0.15,-1.79,-0.25,3.47,-2.71
0.08,-0.05,1.56,-0.25,-1.87,-0.2,2.77,-1.83
0.05,-0.02,1.62,-0.3,-1.96,-0.12,1.9,-0.61
0.06,0.03,1.68,-0.32,-2.04,-0.05,1.95,0.98
0.08,0.08,1.72,-0.31,-2.1,0.02,2.67,2.76
0.09,0.13,1.72,-0.28,-2.1,0.06,3.0,4.36
0.1,0.17,1.71,-0.22,-2.11,0.07,3.23,5.79
0.09,0.2,1.68,-0.16,-2.1,0.07,3.19,6.62
0.09,0.19,1.68,-0.12,-2.07,0.03,3.03,6.53
0.1,0.18,1.68,-0.06,-2.05,0.0,3.22,6.06
0.1,0.17,1.68,-0.02,-2.05,-0.04,3.38,5.72
0.09,0.14,1.68,0.03,-2.07,-0.07,3.13,4.84
0.09,0.1,1.67,0.06,-2.11,-0.09,3.18,3.52
0.09,0.06,1.65,0.06,-2.16,-0.11,3.02,2.03
0.08,0.02,1.63,0.06,-2.25,-0.13,2.66,0.85
0.08,-0.01,1.6,0.05,-2.34,-0.14,2.79,-0.4
0.07,-0.03,1.58,0.03,-2.41,-0.16,2.68,-1.1
0.06,-0.05,1.57,-0.0,-2.47,-0.2,2.19,-1.89
0.05,-0.07,1.57,-0.02,-2.54,-0.23,1.78,-2.5
0.03,-0.09,1.57,-0.01,-2.6,-0.26,1.0,-3.43
0.01,-0.13,1.59,-0.01,-2.67,-0.29,0.39,-4.66
-0.01,-0.18,1.59,-0.0,-2.71,-0.32,-0.5,-6.57
-0.05,-0.23,1.59,0.0,-2.77,-0.32,-1.67,-8.07
-0.08,-0.25,1.6,0.04,-2.84,-0.31,-2.66,-8.97
-0.1,-0.29,1.59,0.07,-2.89,-0.32,-3.37,-10.18
-0.1,-0.32,1.59,0.1,-2.9,-0.32,-3.49,-11.36
-0.11,-0.34,1.58,0.15,-2.92,-0.32,-4.04,-11.97
-0.14,-0.36,1.57,0.22,-2.92,-0.31,-4.92,-12.96
-0.14,-0.4,1.54,0.28,-2.92,-0.32,-4.93,-14.41
-0.15,-0.43,1.5,0.33,-2.89,-0.31,-5.65,-15.96
-0.17,-0.45,1.46,0.39,-2.87,-0.31,-6.25,-17.11
-0.19,-0.48,1.41,0.43,-2.84,-0.31,-7.22,-18.86
-0.2,-0.5,1.35,0.44,-2.82,-0.32,-7.78,-20.12
-0.21,-0.52,1.31,0.44,-2.77,-0.32,-8.4,-21.29
-0.22,-0.53,1.27,0.44,-2.73,-0.31,-9.14,-22.2
-0.23,-0.53,1.24,0.48,-2.7,-0.31,-9.74,-22.88
-0.24,-0.54,1.2,0.48,-2.69,-0.31,-10.29,-23.92
-0.25,-0.55,1.16,0.49,-2.63,-0.31,-11.05,-24.76
-0.26,-0.56,1.12,0.51,-2.6,-0.31,-11.72,-25.88
-0.27,-0.57,1.07,0.51,-2.55,-0.3,-12.37,-27.56
-0.27,-0.55,1.04,0.52,-2.5,-0.3,-13.05,-27.33
-0.26,-0.54,1.0,0.53,-2.44,-0.29,-13.15,-27.59
-0.26,-0.53,0.94,0.53,-2.36,-0.31,-13.44,-28.56
-0.25,-0.54,0.9,0.55,-2.32,-0.31,-13.55,-30.23
-0.27,-0.57,0.86,0.54,-2.29,-0.32,-14.67,-32.26
-0.29,-0.58,0.82,0.52,-2.29,-0.3,-16.02,-33.6
-0.3,-0.59,0.78,0.48,-2.31,-0.28,-17.09,-34.94
-0.31,-0.62,0.73,0.44,-2.32,-0.24,-17.83,-37.91
-0.31,-0.62,0.68,0.39,-2.34,-0.2,-18.55,-39.62
-0.32,-0.6,0.64,0.32,-2.38,-0.15,-19.94,-39.85
-0.32,-0.56,0.64,0.26,-2.36,-0.1,-20.9,-38.17
-0.32,-0.53,0.62,0.22,-2.38,-0.06,-21.58,-37.08
-0.3,-0.49,0.61,0.19,-2.35,-0.04,-21.23,-36.0
-0.3,-0.47,0.59,0.18,-2.33,-0.03,-21.81,-35.03
-0.29,-0.44,0.57,0.15,-2.28,-0.01,-22.3,-34.23
-0.29,-0.41,0.55,0.15,-2.24,0.0,-22.77,-33.47
-0.28,-0.39,0.54,0.14,-2.19,0.01,-23.14,-32.66
-0.28,-0.36,0.51,0.14,-2.11,0.02,-23.95,-31.57
-0.26,-0.33,0.51,0.14,-2.03,0.02,-23.28,-29.93
-0.25,-0.3,0.49,0.15,-1.96,0.02,-23.17,-28.68
-0.24,-0.26,0.47,0.16,-1.86,0.01,-24.15,-26.62
-0.23,-0.24,0.45,0.17,-1.79,-0.01,-24.53,-25.72
-0.22,-0.23,0.43,0.17,-1.71,-0.02,-24.57,-25.39
-0.2,-0.22,0.4,0.16,-1.64,-0.03,-24.05,-25.77
-0.2,-0.21,0.4,0.15,-1.6,-0.04,-23.53,-25.45
-0.2,-0.19,0.39,0.14,-1.55,-0.04,-24.4,-23.38
-0.19,-0.16,0.38,0.13,-1.49,-0.06,-24.48,-20.41
-0.17,-0.14,0.37,0.1,-1.44,-0.06,-23.38,-19.12
-0.16,-0.12,0.37,0.09,-1.41,-0.08,-22.65,-17.29
-0.15,-0.1,0.36,0.07,-1.37,-0.1,-22.14,-14.89
-0.15,-0.09,0.35,0.08,-1.33,-0.11,-22.19,-12.61
-0.15,-0.07,0.35,0.06,-1.27,-0.12,-22.61,-9.76
-0.15,-0.05,0.35,0.08,-1.23,-0.12,-22.7,-7.95
-0.15,-0.02,0.34,0.08,-1.17,-0.12,-24.14,-3.66
-0.17,-0.0,0.34,0.09,-1.1,-0.13,-26.68,-0.26
-0.17,0.01,0.33,0.09,-1.04,-0.13,-27.39,1.53
-0.17,0.02,0.33,0.13,-0.99,-0.11,-26.73,2.94
-0.16,0.02,0.33,0.17,-0.95,-0.11,-25.33,2.99
-0.15,0.02,0.31,0.19,-0.92,-0.09,-26.04,3.13
-0.15,0.02,0.3,0.2,-0.92,-0.06,-26.36,3.16
-0.17,0.01,0.28,0.21,-0.93,-0.03,-30.99,2.36
-0.18,0.0,0.28,0.2,-0.97,0.02,-33.23,0.01
-0.19,-0.0,0.28,0.18,-1.02,0.08,-34.33,-0.7
-0.19,-0.01,0.27,0.15,-1.09,0.16,-34.38,-1.99
-0.18,-0.0,0.28,0.13,-1.17,0.24,-33.03,-0.25
-0.19,0.02,0.31,0.13,-1.26,0.32,-31.95,2.75
-0.19,0.03,0.35,0.12,-1.32,0.41,-28.76,3.97
-0.19,0.01,0.4,0.14,-1.3,0.5,-25.7,1.68
-0.16,0.03,0.46,0.2,-1.31,0.59,-19.48,4.04
-0.14,0.05,0.51,0.27,-1.23,0.65,-15.52,5.59
-0.12,0.07,0.55,0.38,-1.16,0.71,-12.46,6.95
-0.09,0.09,0.58,0.5,-1.02,0.74,-8.54,8.88
-0.04,0.13,0.61,0.61,-0.86,0.77,-3.79,11.75
-0.0,0.16,0.61,0.75,-0.65,0.75,-0.42,14.32
0.02,0.18,0.6,0.87,-0.44,0.73,1.95,17.12
0.04,0.2,0.59,0.95,-0.2,0.68,3.81,18.8
0.06,0.23,0.55,1.04,-0.01,0.64,5.57,22.1
0.07,0.23,0.52,1.09,0.15,0.59,6.86,24.06
0.07,0.24,0.47,1.08,0.29,0.55,7.53,26.49
0.06,0.24,0.43,1.08,0.36,0.51,6.5,29.08
0.05,0.24,0.4,1.02,0.4,0.49,5.61,31.18
0.04,0.24,0.37,0.96,0.39,0.48,5.54,33.13
0.04,0.24,0.35,0.86,0.33,0.48,5.36,34.45
0.03,0.23,0.35,0.74,0.25,0.46,4.04,33.17
0.0,0.2,0.36,0.59,0.11,0.48,0.07,29.23
-0.04,0.16,0.39,0.47,-0.08,0.52,-5.6,22.35
-0.03,0.13,0.43,0.36,-0.24,0.56,-3.98,17.27
-0.02,0.12,0.48,0.24,-0.36,0.62,-1.99,13.7
0.01,0.15,0.55,0.14,-0.47,0.66,1.38,14.99
0.03,0.18,0.63,0.1,-0.56,0.67,2.66,16.05
0.03,0.19,0.71,0.08,-0.59,0.66,2.62,15.35
0.05,0.2,0.78,0.09,-0.55,0.63,3.3,14.26
0.05,0.2,0.82,0.12,-0.5,0.59,3.2,13.59
0.05,0.2,0.88,0.19,-0.4,0.56,3.47,12.58
0.06,0.2,0.92,0.28,-0.27,0.5,3.92,12.24
0.07,0.2,0.97,0.37,-0.14,0.45,4.05,11.77
0.06,0.19,0.97,0.47,-0.01,0.42,3.66,11.36
0.06,0.2,0.95,0.56,0.1,0.37,3.62,11.59
0.06,0.18,0.92,0.65,0.17,0.34,3.52,10.87
0.03,0.16,0.9,0.71,0.22,0.32,1.89,10.3
0.01,0.14,0.86,0.74,0.25,0.32,0.82,9.19
0.02,0.12,0.82,0.76,0.22,0.34,1.05,8.45
0.01,0.11,0.79,0.76,0.16,0.35,0.75,7.79
0.0,0.1,0.78,0.74,0.08,0.39,0.01,7.5
0.0,0.11,0.78,0.7,0.01,0.42,0.13,8.34
0.02,0.14,0.77,0.68,-0.06,0.46,1.14,10.31
0.04,0.17,0.78,0.67,-0.1,0.47,2.57,11.92
0.05,0.18,0.78,0.65,-0.1,0.45,3.2,13.07
0.06,0.22,0.79,0.62,-0.11,0.43,4.21,15.25
0.06,0.24,0.8,0.6,-0.08,0.39,4.42,16.52
0.07,0.25,0.82,0.59,-0.01,0.34,4.51,17.01
0.06,0.26,0.82,0.59,0.04,0.29,4.24,17.66
0.07,0.27,0.81,0.59,0.12,0.23,4.41,18.14
0.06,0.26,0.79,0.57,0.17,0.18,3.95,18.5
0.04,0.26,0.76,0.55,0.19,0.14,2.96,18.47
0.03,0.24,0.74,0.52,0.21,0.1,2.35,18.02
0.02,0.24,0.7,0.46,0.23,0.07,1.57,18.75
0.01,0.23,0.69,0.39,0.25,0.04,1.1,18.73
0.01,0.22,0.68,0.23,0.1,0.14,0.98,17.65
-0.01,0.2,0.66,0.2,0.21,-0.0,-0.66,16.85
-0.02,0.18,0.67,0.12,0.19,-0.03,-1.87,15.17
-0.04,0.16,0.68,0.03,0.15,-0.04,-2.91,13.03
-0.04,0.13,0.71,-0.08,0.11,-0.04,-2.95,10.59
-0.04,0.13,0.73,-0.15,0.06,-0.04,-3.19,10.09
-0.04,0.12,0.76,-0.21,0.04,-0.04,-2.68,9.23
-0.03,0.13,0.79,-0.28,0.03,-0.04,-1.84,9.2
-0.03,0.14,0.83,-0.33,0.02,-0.05,-2.14,9.71
-0.03,0.13,0.86,-0.36,0.02,-0.07,-2.1,8.24
-0.03,0.12,0.88,-0.39,0.05,-0.08,-1.75,7.45
-0.03,0.1,0.91,-0.39,0.08,-0.1,-1.7,6.0
-0.03,0.09,0.92,-0.41,0.12,-0.11,-1.65,5.27
-0.02,0.07,0.94,-0.42,0.15,-0.12,-1.52,4.39
-0.02,0.06,0.95,-0.42,0.2,-0.14,-1.49,3.41
-0.03,0.04,0.96,-0.42,0.24,-0.15,-1.62,2.44
-0.03,0.02,0.97,-0.4,0.24,-0.13,-1.79,0.96
-0.04,-0.0,0.96,-0.4,0.23,-0.13,-2.31,-0.14
-0.04,-0.02,0.98,-0.4,0.24,-0.13,-2.05,-0.97
-0.04,0.0,0.97,-0.41,0.27,-0.11,-2.46,0.12
-0.05,-0.01,0.99,-0.42,0.23,-0.1,-2.93,-0.46
-0.04,-0.01,1.0,-0.42,0.24,-0.1,-2.24,-0.65
-0.04,-0.02,1.03,-0.41,0.23,-0.08,-2.15,-1.1
-0.04,-0.02,1.05,-0.42,0.24,-0.07,-2.06,-1.0
-0.04,-0.02,1.05,-0.38,0.23,-0.05,-2.22,-1.03
-0.04,-0.02,1.07,-0.38,0.2,-0.05,-2.13,-1.04
-0.04,-0.03,1.08,-0.37,0.21,-0.05,-1.92,-1.42
-0.03,-0.03,1.1,-0.36,0.23,-0.04,-1.39,-1.36
-0.03,-0.02,1.11,-0.34,0.21,-0.03,-1.4,-0.97
-0.03,-0.02,1.12,-0.29,0.18,-0.03,-1.41,-1.17
-0.03,-0.03,1.12,-0.27,0.17,-0.02,-1.53,-1.38
-0.03,-0.03,1.13,-0.24,0.16,-0.01,-1.57,-1.5
-0.03,-0.03,1.14,-0.21,0.18,0.0,-1.54,-1.51
-0.02,-0.01,1.13,-0.15,0.18,0.01,-0.93,-0.35
-0.03,-0.03,1.15,-0.11,0.17,0.0,-1.48,-1.28
-0.02,-0.02,1.14,-0.06,0.21,0.01,-0.9,-1.19
-0.01,-0.03,1.13,-0.01,0.25,0.02,-0.34,-1.45
-0.01,-0.03,1.12,0.06,0.27,0.03,-0.72,-1.31
-0.01,-0.01,1.1,0.11,0.29,0.05,-0.67,-0.69
-0.01,0.0,1.09,0.12,0.35,0.05,-0.59,0.22
-0.01,0.02,1.06,0.14,0.36,0.06,-0.45,1.02
0.01,0.04,1.04,0.18,0.38,0.05,0.34,2.06
0.01,0.03,1.03,0.18,0.36,0.04,0.32,1.75
0.01,0.04,1.01,0.16,0.38,0.03,0.36,2.18
0.01,0.05,0.99,0.16,0.38,0.02,0.74,3.12
0.01,0.05,0.98,0.16,0.34,0.03,0.76,3.02
0.02,0.06,0.97,0.14,0.31,0.02,0.91,3.45
0.01,0.07,0.97,0.11,0.31,0.0,0.63,4.26
0.01,0.07,0.96,0.08,0.28,-0.01,0.51,4.39
0.01,0.07,0.96,0.06,0.25,-0.02,0.36,4.32
0.01,0.08,0.95,0.03,0.21,-0.03,0.76,4.72
-0.0,0.09,0.96,0.02,0.18,-0.03,-0.05,5.09
-0.01,0.08,0.94,-0.01,0.17,-0.05,-0.39,4.66
-0.0,0.07,0.94,-0.04,0.12,-0.05,-0.12,4.23
-0.01,0.07,0.93,-0.07,0.09,-0.06,-0.47,4.57
-0.01,0.06,0.93,-0.11,0.08,-0.07,-0.41,3.84
-0.0,0.06,0.93,-0.16,0.07,-0.09,-0.25,3.66
-0.02,0.05,0.94,-0.19,0.05,-0.1,-1.12,2.8
-0.02,0.03,0.96,-0.21,0.05,-0.11,-0.95,1.88
-0.02,0.02,0.98,-0.21,0.07,-0.11,-1.11,1.12
-0.02,0.01,0.99,-0.23,0.1,-0.12,-1.31,0.36
-0.02,-0.01,1.0,-0.24,0.13,-0.13,-1.32,-0.84
-0.02,-0.02,1.01,-0.24,0.15,-0.11,-1.05,-0.96
-0.03,-0.01,1.01,-0.23,0.18,-0.11,-1.62,-0.73
-0.03,-0.02,1.03,-0.23,0.21,-0.11,-1.84,-1.07
-0.03,-0.01,1.04,-0.2,0.23,-0.1,-1.72,-0.63
-0.03,-0.01,1.04,-0.19,0.24,-0.09,-1.83,-0.78
-0.02,-0.01,1.04,-0.17,0.24,-0.08,-1.16,-0.61
-0.02,-0.01,1.03,-0.16,0.25,-0.09,-1.35,-0.38
-0.03,0.0,1.03,-0.16,0.24,-0.08,-1.85,0.13
-0.03,0.01,1.03,-0.14,0.23,-0.07,-1.73,0.48
-0.04,0.01,1.02,-0.13,0.21,-0.08,-2.16,0.84
-0.04,0.02,1.04,-0.11,0.19,-0.08,-2.01,1.1
-0.03,0.02,1.04,-0.11,0.18,-0.07,-1.93,1.11
-0.04,0.01,1.03,-0.07,0.15,-0.08,-2.1,0.78
-0.04,0.01,1.02,-0.03,0.12,-0.07,-2.41,0.42
-0.05,0.01,1.01,-0.02,0.13,-0.07,-2.84,0.3
-0.05,0.0,1.01,0.01,0.12,-0.05,-2.66,0.12
-0.04,0.01,0.99,0.04,0.13,-0.05,-2.17,0.69
-0.04,0.02,0.97,0.08,0.12,-0.06,-2.14,1.1
-0.03,0.03,0.94,0.1,0.14,-0.05,-1.72,1.56
-0.02,0.03,0.9,0.12,0.18,-0.06,-1.55,1.6
-0.03,0.03,0.87,0.12,0.18,-0.06,-2.17,1.98
-0.04,0.04,0.85,0.1,0.19,-0.06,-2.46,2.58
-0.04,0.04,0.83,0.08,0.22,-0.07,-2.82,2.67
-0.03,0.03,0.83,0.06,0.23,-0.06,-2.37,2.3
-0.03,0.03,0.81,0.05,0.22,-0.06,-2.44,2.31
-0.03,0.04,0.8,0.03,0.21,-0.06,-2.23,2.78
-0.03,0.05,0.79,0.01,0.23,-0.06,-2.26,3.38
-0.02,0.05,0.81,-0.03,0.26,-0.06,-1.65,3.87
-0.03,0.05,0.81,-0.05,0.26,-0.06,-1.89,3.55
-0.03,0.05,0.81,-0.04,0.27,-0.07,-1.95,3.39
-0.03,0.04,0.82,-0.05,0.29,-0.06,-2.19,2.95
-0.03,0.04,0.81,-0.06,0.32,-0.06,-2.14,3.1
-0.04,0.04,0.83,-0.06,0.36,-0.07,-2.51,2.95
-0.03,0.04,0.84,-0.05,0.38,-0.07,-2.1,3.02
-0.03,0.04,0.84,-0.04,0.42,-0.07,-2.12,2.7
-0.03,0.03,0.84,-0.04,0.46,-0.07,-2.11,2.17
-0.03,0.03,0.84,-0.02,0.46,-0.06,-2.19,2.33
-0.04,0.04,0.83,-0.0,0.46,-0.05,-2.63,2.72
-0.04,0.04,0.84,-0.0,0.47,-0.06,-2.58,2.63
-0.04,0.05,0.85,0.02,0.48,-0.05,-2.52,3.06
-0.03,0.04,0.85,0.02,0.5,-0.05,-1.81,2.99
-0.02,0.07,0.83,0.05,0.49,-0.04,-1.59,4.8
-0.02,0.07,0.81,0.07,0.49,-0.04,-1.54,5.22
-0.03,0.07,0.82,0.06,0.52,-0.06,-1.81,4.9
-0.03,0.08,0.8,0.04,0.53,-0.06,-2.23,5.82
-0.02,0.09,0.8,0.06,0.53,-0.08,-1.17,6.54
-0.02,0.09,0.78,0.07,0.51,-0.09,-1.23,6.3
-0.01,0.09,0.76,0.05,0.54,-0.11,-1.03,7.02
-0.02,0.1,0.74,0.06,0.54,-0.13,-1.23,7.52
-0.03,0.09,0.74,0.03,0.56,-0.14,-2.61,7.19
-0.05,0.08,0.73,0.03,0.54,-0.15,-3.55,6.49
-0.03,0.07,0.72,0.01,0.55,-0.17,-2.35,5.23
-0.05,0.05,0.7,-0.02,0.53,-0.17,-3.87,4.47
-0.06,0.04,0.7,-0.06,0.53,-0.19,-4.53,3.59
-0.07,0.03,0.7,-0.07,0.47,-0.16,-5.36,2.28
-0.07,0.02,0.71,-0.09,0.48,-0.18,-5.49,1.67
-0.06,0.01,0.72,-0.13,0.49,-0.17,-4.51,0.9
-0.05,0.01,0.71,-0.14,0.48,-0.16,-4.36,0.57
-0.06,0.01,0.7,-0.17,0.52,-0.17,-5.15,0.56
-0.07,0.0,0.72,-0.19,0.53,-0.17,-5.53,0.11
-0.08,0.0,0.73,-0.22,0.57,-0.18,-5.95,0.03
-0.08,-0.01,0.76,-0.23,0.57,-0.17,-5.73,-0.43
-0.07,-0.01,0.78,-0.24,0.58,-0.17,-5.18,-0.5
-0.07,-0.01,0.79,-0.22,0.61,-0.16,-5.1,-1.02
-0.08,-0.02,0.8,-0.21,0.64,-0.16,-5.7,-1.13
-0.08,-0.02,0.81,-0.19,0.66,-0.15,-5.61,-1.08
-0.08,-0.01,0.83,-0.15,0.68,-0.15,-5.83,-0.86
-0.07,-0.02,0.84,-0.11,0.74,-0.15,-4.97,-1.47
-0.06,-0.03,0.82,-0.09,0.77,-0.14,-4.12,-2.24
-0.06,-0.04,0.79,-0.07,0.82,-0.15,-4.29,-2.73
-0.07,-0.03,0.78,-0.07,0.88,-0.16,-4.86,-2.29
-0.09,-0.03,0.78,-0.09,0.96,-0.15,-6.71,-2.24
-0.1,-0.04,0.79,-0.09,1.02,-0.16,-7.43,-2.76
-0.1,-0.05,0.81,-0.09,1.04,-0.15,-6.9,-3.24
-0.09,-0.07,0.8,-0.1,1.06,-0.14,-6.31,-4.95
-0.09,-0.08,0.79,-0.13,1.06,-0.13,-6.24,-5.67
-0.1,-0.08,0.79,-0.17,1.05,-0.11,-7.16,-5.58
-0.11,-0.07,0.82,-0.22,1.05,-0.1,-7.37,-4.64
-0.11,-0.06,0.87,-0.25,1.0,-0.08,-6.86,-3.86
-0.09,-0.04,0.93,-0.23,0.94,-0.06,-5.31,-2.66
-0.06,-0.03,0.96,-0.2,0.9,-0.05,-3.76,-1.6
-0.04,-0.0,0.97,-0.15,0.86,-0.05,-2.49,-0.04
-0.04,0.02,0.97,-0.09,0.85,-0.08,-2.23,0.99
-0.06,0.02,0.97,-0.03,0.88,-0.11,-3.57,1.08
-0.07,0.0,1.0,0.04,0.93,-0.15,-3.72,0.1
-0.06,-0.01,1.02,0.12,0.99,-0.15,-3.5,-0.72
-0.05,-0.03,1.02,0.24,1.06,-0.15,-2.73,-1.45
-0.05,-0.04,0.96,0.36,1.13,-0.15,-3.17,-2.42
-0.06,-0.04,0.88,0.42,1.21,-0.16,-3.84,-2.64
-0.08,-0.05,0.82,0.43,1.31,-0.18,-5.82,-3.74
-0.09,-0.06,0.82,0.44,1.38,-0.19,-5.9,-4.06
-0.08,-0.08,0.79,0.44,1.42,-0.18,-5.45,-5.84
-0.06,-0.1,0.73,0.4,1.5,-0.18,-4.67,-7.86
-0.06,-0.12,0.7,0.32,1.51,-0.17,-4.92,-9.72
-0.08,-0.13,0.67,0.22,1.49,-0.15,-6.95,-11.07
-0.09,-0.13,0.68,0.1,1.46,-0.14,-7.13,-10.71
-0.08,-0.11,0.72,-0.03,1.44,-0.14,-6.48,-8.39
-0.06,-0.08,0.78,-0.14,1.37,-0.13,-4.46,-6.13
-0.04,-0.04,0.85,-0.23,1.32,-0.14,-2.5,-2.98
-0.01,-0.02,0.9,-0.25,1.24,-0.14,-0.74,-1.08
-0.01,0.02,0.94,-0.24,1.18,-0.15,-0.46,1.26
-0.01,0.04,0.97,-0.23,1.16,-0.18,-0.88,2.08
-0.02,0.05,1.02,-0.17,1.14,-0.21,-0.86,2.83
-0.01,0.05,1.05,-0.09,1.11,-0.23,-0.49,2.55
-0.0,0.04,1.06,-0.0,1.12,-0.26,-0.06,1.99
-0.0,0.02,1.03,0.07,1.16,-0.28,-0.21,1.16
-0.02,0.0,1.0,0.15,1.19,-0.32,-1.35,0.11
-0.05,-0.03,0.96,0.2,1.21,-0.34,-3.2,-1.56
-0.07,-0.05,0.94,0.22,1.25,-0.36,-4.53,-2.92
-0.09,-0.08,0.93,0.23,1.28,-0.35,-5.36,-4.88
-0.08,-0.1,0.92,0.23,1.32,-0.35,-5.24,-6.29
-0.09,-0.11,0.91,0.23,1.32,-0.33,-5.77,-6.77
-0.09,-0.11,0.91,0.22,1.34,-0.33,-5.84,-6.85
-0.09,-0.11,0.91,0.2,1.36,-0.32,-5.59,-6.57
-0.08,-0.09,0.92,0.19,1.36,-0.32,-5.04,-5.85
-0.06,-0.08,0.95,0.2,1.35,-0.31,-3.74,-4.98
-0.04,-0.07,0.95,0.21,1.35,-0.31,-2.38,-4.38
-0.01,-0.06,0.95,0.24,1.35,-0.34,-0.8,-3.76
-0.01,-0.06,0.93,0.25,1.33,-0.35,-0.83,-3.93
-0.02,-0.07,0.9,0.25,1.35,-0.37,-1.25,-4.7
-0.03,-0.11,0.87,0.25,1.31,-0.39,-2.2,-6.88
-0.05,-0.13,0.85,0.19,1.33,-0.4,-3.07,-8.65
-0.06,-0.14,0.83,0.14,1.31,-0.4,-4.33,-9.52
-0.08,-0.15,0.84,0.08,1.26,-0.41,-5.34,-9.79
-0.1,-0.16,0.87,0.03,1.2,-0.37,-6.73,-10.1
-0.11,-0.14,0.91,-0.04,1.19,-0.37,-6.67,-8.69
-0.11,-0.1,0.95,-0.04,1.15,-0.34,-6.37,-6.18
-0.09,-0.07,0.96,-0.03,1.14,-0.33,-5.27,-4.13
-0.09,-0.03,0.98,-0.02,1.15,-0.33,-4.96,-1.98
-0.08,-0.02,0.98,0.01,1.16,-0.34,-4.63,-0.95
-0.06,-0.02,0.98,0.06,1.18,-0.37,-3.76,-1.24
-0.06,-0.05,0.95,0.09,1.2,-0.4,-3.46,-2.8
-0.06,-0.09,0.91,0.1,1.23,-0.41,-3.78,-5.69
-0.08,-0.13,0.87,0.06,1.27,-0.43,-5.24,-8.69
-0.1,-0.18,0.86,-0.0,1.27,-0.44,-6.76,-11.57
-0.1,-0.21,0.85,-0.1,1.24,-0.42,-6.81,-13.85
-0.12,-0.25,0.87,-0.19,1.18,-0.42,-7.34,-15.8
-0.15,-0.3,0.91,-0.32,1.13,-0.36,-8.94,-18.3
-0.15,-0.31,0.93,-0.41,1.05,-0.3,-8.62,-18.25
-0.14,-0.29,0.95,-0.5,0.96,-0.23,-7.84,-17.03
-0.13,-0.26,0.97,-0.6,0.91,-0.16,-7.17,-14.93
-0.12,-0.22,0.98,-0.69,0.9,-0.13,-6.81,-12.75
-0.12,-0.18,1.02,-0.79,0.9,-0.1,-6.4,-10.1
-0.1,-0.13,1.05,-0.83,0.91,-0.07,-5.57,-7.01
-0.07,-0.07,1.12,-0.86,0.93,-0.06,-3.66,-3.45
-0.08,-0.02,1.16,-0.88,0.96,-0.05,-3.97,-1.08
-0.08,0.03,1.23,-0.85,0.98,-0.03,-3.94,1.34
-0.06,0.08,1.26,-0.79,0.96,-0.01,-2.86,3.48
-0.02,0.14,1.31,-0.72,0.95,-0.01,-1.03,5.97
0.02,0.18,1.31,-0.6,0.9,-0.04,0.91,7.79
0.04,0.21,1.32,-0.47,0.91,-0.1,1.76,9.03
0.03,0.22,1.28,-0.34,0.91,-0.14,1.5,9.67
0.03,0.21,1.26,-0.21,0.93,-0.22,1.55,9.44
0.01,0.17,1.23,-0.08,0.95,-0.29,0.65,8.09
-0.01,0.1,1.2,0.01,0.99,-0.35,-0.31,4.96
-0.03,0.02,1.15,0.05,1.01,-0.38,-1.33,0.82
-0.07,-0.07,1.11,0.06,1.03,-0.41,-3.72,-3.68
-0.1,-0.13,1.08,0.03,1.04,-0.4,-5.43,-7.02
-0.12,-0.17,1.06,-0.03,1.04,-0.39,-6.17,-8.96
-0.13,-0.17,1.05,-0.1,1.01,-0.35,-6.76,-9.36
-0.14,-0.19,1.06,-0.17,1.01,-0.32,-7.5,-10.36
-0.17,-0.23,1.05,-0.26,0.99,-0.27,-8.87,-12.07
-0.17,-0.24,1.07,-0.36,0.99,-0.2,-8.85,-12.37
-0.17,-0.21,1.1,-0.47,0.96,-0.11,-8.43,-10.71
-0.12,-0.15,1.14,-0.56,0.94,-0.06,-6.19,-7.44
-0.09,-0.09,1.18,-0.61,0.94,-0.01,-4.37,-4.32
-0.07,-0.02,1.24,-0.66,0.93,0.03,-3.32,-1.04
-0.05,0.05,1.29,-0.65,0.92,0.08,-2.0,2.18
-0.01,0.12,1.32,-0.61,0.92,0.1,-0.31,5.36
0.02,0.19,1.34,-0.53,0.92,0.12,0.94,8.17
0.04,0.25,1.35,-0.42,0.9,0.12,1.51,10.4
0.04,0.3,1.36,-0.31,0.89,0.11,1.65,12.31
0.05,0.33,1.35,-0.18,0.89,0.09,2.1,13.7
0.06,0.36,1.33,-0.02,0.89,0.08,2.59,15.24
0.07,0.39,1.29,0.14,0.9,0.04,2.87,16.81
0.07,0.4,1.25,0.27,0.93,-0.01,3.08,17.82
0.06,0.38,1.18,0.42,0.92,-0.06,2.86,17.63
0.05,0.33,1.12,0.55,0.91,-0.13,2.61,16.28
0.05,0.28,1.07,0.61,0.93,-0.2,2.57,14.72
0.05,0.21,1.02,0.65,0.92,-0.27,2.87,11.43
0.04,0.11,0.96,0.65,0.93,-0.33,2.23,6.46
-0.0,-0.01,0.92,0.65,1.08,-0.53,-0.08,-0.61
-0.04,-0.1,0.9,0.45,0.91,-0.39,-2.77,-6.57
-0.07,-0.17,0.9,0.27,0.9,-0.38,-4.62,-10.39
-0.09,-0.19,0.95,0.11,0.84,-0.34,-5.13,-11.09
-0.09,-0.18,1.0,-0.04,0.75,-0.29,-4.93,-10.26
-0.08,-0.15,1.06,-0.17,0.69,-0.25,-4.43,-8.03
-0.07,-0.09,1.11,-0.28,0.62,-0.19,-3.6,-4.77
-0.06,-0.03,1.16,-0.32,0.58,-0.14,-2.76,-1.42
-0.04,0.04,1.21,-0.33,0.55,-0.09,-1.94,2.1
-0.01,0.11,1.26,-0.3,0.51,-0.06,-0.67,5.16
0.01,0.17,1.28,-0.25,0.52,-0.05,0.27,7.77
0.02,0.23,1.27,-0.15,0.55,-0.04,0.96,10.17
0.04,0.27,1.28,-0.03,0.59,-0.06,1.71,11.98
0.05,0.3,1.27,0.09,0.62,-0.1,2.23,13.1
0.08,0.3,1.25,0.21,0.67,-0.15,3.36,13.27
0.08,0.26,1.22,0.33,0.71,-0.2,3.59,12.17
0.06,0.2,1.16,0.43,0.74,-0.25,2.79,9.53
0.03,0.15,1.14,0.49,0.78,-0.3,1.69,7.52
0.01,0.07,1.08,0.52,0.8,-0.31,0.68,3.92
-0.01,0.01,1.06,0.51,0.84,-0.34,-0.54,0.8
-0.03,-0.03,1.04,0.51,0.83,-0.34,-1.58,-1.6
-0.04,-0.07,1.02,0.48,0.82,-0.35,-2.36,-3.84
-0.08,-0.13,1.0,0.41,0.84,-0.35,-4.32,-7.53
-0.12,-0.21,0.99,0.33,0.84,-0.32,-6.58,-11.92
-0.13,-0.27,0.98,0.21,0.83,-0.29,-7.5,-15.1
-0.16,-0.3,0.98,0.07,0.81,-0.21,-8.81,-16.63
-0.17,-0.33,0.99,-0.08,0.83,-0.16,-9.26,-18.4
-0.16,-0.36,1.03,-0.26,0.8,-0.08,-8.58,-18.87
-0.18,-0.35,1.02,-0.45,0.79,0.02,-9.57,-18.56
-0.19,-0.3,1.04,-0.64,0.78,0.12,-10.02,-15.71
-0.14,-0.21,1.08,-0.81,0.77,0.18,-7.33,-10.73
-0.09,-0.11,1.14,-0.95,0.74,0.24,-4.75,-5.32
-0.04,-0.01,1.2,-1.03,0.69,0.3,-2.1,-0.67
-0.02,0.07,1.25,-1.04,0.65,0.34,-0.71,3.07
-0.0,0.12,1.3,-1.03,0.65,0.37,-0.01,5.39
0.01,0.17,1.36,-0.98,0.65,0.4,0.28,7.04
0.0,0.19,1.42,-0.91,0.66,0.45,0.16,7.74
0.02,0.24,1.48,-0.81,0.74,0.5,0.78,9.34
0.03,0.3,1.51,-0.65,0.83,0.55,1.28,11.16
0.03,0.35,1.5,-0.48,0.95,0.59,1.27,12.96
0.03,0.39,1.45,-0.28,1.03,0.61,1.25,14.9
0.02,0.39,1.36,-0.09,1.12,0.61,0.96,16.08
0.01,0.39,1.26,0.05,1.2,0.57,0.25,17.11
-0.01,0.36,1.15,0.17,1.24,0.52,-0.58,17.1
-0.03,0.32,1.09,0.24,1.26,0.46,-1.34,16.21
-0.04,0.29,1.02,0.3,1.24,0.39,-2.28,15.66
-0.05,0.25,0.97,0.3,1.21,0.32,-3.01,14.27
-0.06,0.21,0.94,0.32,1.17,0.27,-3.71,12.62
-0.06,0.16,0.95,0.32,1.12,0.22,-3.85,9.69
-0.07,0.09,0.96,0.27,1.08,0.19,-4.39,5.44
-0.08,0.02,0.96,0.22,1.01,0.17,-4.6,0.97
-0.09,-0.05,0.97,0.11,0.96,0.18,-5.54,-3.22
-0.11,-0.09,0.97,-0.01,0.87,0.22,-6.57,-5.42
-0.12,-0.1,0.99,-0.13,0.78,0.26,-6.95,-5.46
-0.11,-0.07,1.0,-0.24,0.65,0.31,-6.35,-3.8
-0.09,-0.02,1.01,-0.36,0.56,0.35,-5.1,-1.09
-0.06,0.05,1.01,-0.44,0.46,0.39,-3.63,2.81
-0.04,0.12,1.01,-0.49,0.41,0.4,-2.49,6.91
-0.03,0.19,1.01,-0.47,0.34,0.4,-1.56,10.68
-0.02,0.25,1.01,-0.46,0.34,0.37,-1.07,13.71
-0.01,0.28,1.01,-0.41,0.32,0.34,-0.52,15.39
0.0,0.29,1.01,-0.35,0.33,0.32,0.12,16.14
0.01,0.3,1.03,-0.27,0.37,0.27,0.42,16.31
0.01,0.31,1.05,-0.2,0.46,0.23,0.59,16.61
0.01,0.3,1.07,-0.13,0.51,0.2,0.44,15.74
0.02,0.28,1.08,-0.03,0.58,0.16,0.92,14.69
0.03,0.26,1.1,0.05,0.61,0.15,1.59,13.04
0.04,0.24,1.11,0.12,0.67,0.14,1.85,11.93
0.05,0.21,1.12,0.21,0.75,0.13,2.66,10.71
0.07,0.17,1.12,0.27,0.79,0.14,3.31,8.81
0.07,0.14,1.1,0.32,0.8,0.15,3.65,7.04
0.08,0.12,1.07,0.34,0.83,0.16,4.21,6.17
0.08,0.08,1.02,0.35,0.83,0.17,4.74,4.66
0.1,0.05,0.96,0.35,0.81,0.17,5.66,3.16
0.1,0.05,0.92,0.33,0.8,0.17,6.27,2.88
0.1,0.04,0.9,0.3,0.81,0.15,6.57,2.27
0.1,0.01,0.88,0.24,0.8,0.13,6.62,0.57
0.11,0.0,0.86,0.17,0.78,0.12,7.47,0.04
0.11,-0.02,0.85,0.11,0.73,0.11,7.33,-1.05
0.1,-0.03,0.84,0.04,0.68,0.1,7.04,-2.34
0.1,-0.04,0.84,-0.05,0.65,0.1,6.89,-2.67
0.11,-0.05,0.86,-0.15,0.58,0.1,7.24,-3.37
0.09,-0.04,0.89,-0.24,0.5,0.11,5.92,-2.57
0.11,-0.04,0.91,-0.32,0.43,0.13,6.6,-2.38
0.1,-0.03,0.94,-0.41,0.41,0.17,6.2,-2.09
0.1,-0.0,0.96,-0.48,0.31,0.21,5.73,-0.16
0.11,0.03,0.96,-0.55,0.23,0.25,6.37,1.5
0.12,0.06,0.96,-0.6,0.17,0.28,7.2,3.69
0.12,0.11,0.95,-0.63,0.13,0.29,6.89,6.31
0.1,0.14,0.95,-0.67,0.09,0.29,6.02,8.49
0.1,0.19,0.95,-0.65,0.05,0.26,5.97,11.02
0.09,0.22,0.95,-0.63,0.01,0.25,5.53,12.91
0.1,0.25,0.96,-0.63,0.02,0.22,5.65,14.78
0.09,0.27,0.97,-0.59,-0.0,0.19,5.13,15.68
0.06,0.27,1.0,-0.52,-0.02,0.15,3.59,15.25
0.06,0.28,1.02,-0.47,-0.04,0.12,3.16,15.18
0.04,0.28,1.04,-0.41,-0.03,0.1,2.29,14.98
0.03,0.29,1.05,-0.32,-0.04,0.08,1.69,15.31
0.03,0.29,1.06,-0.26,-0.04,0.08,1.31,15.48
0.02,0.29,1.06,-0.15,-0.05,0.06,0.81,15.59
0.0,0.28,1.06,-0.08,-0.04,0.03,0.23,14.91
-0.02,0.26,1.05,0.02,-0.05,0.02,-0.85,13.78
-0.03,0.24,1.03,0.11,-0.06,0.01,-1.67,12.9
-0.04,0.2,1.02,0.18,-0.07,-0.02,-2.08,11.14
-0.05,0.15,1.0,0.24,-0.06,-0.04,-2.85,8.51
-0.06,0.11,1.0,0.29,-0.05,-0.06,-3.19,6.49
-0.07,0.07,0.99,0.33,-0.06,-0.08,-4.26,4.0
-0.08,0.03,1.0,0.34,-0.04,-0.08,-4.58,1.66
-0.09,-0.01,1.01,0.35,-0.03,-0.08,-4.84,-0.58
-0.1,-0.04,1.02,0.34,-0.01,-0.05,-5.4,-1.99
-0.09,-0.05,1.02,0.34,0.01,-0.03,-5.29,-3.06
-0.09,-0.07,1.02,0.34,0.03,-0.0,-5.16,-3.68
-0.1,-0.05,1.01,0.35,0.06,0.02,-5.44,-2.77
-0.1,-0.05,1.01,0.34,0.11,0.04,-5.41,-2.75
-0.09,-0.04,1.0,0.36,0.12,0.07,-5.17,-2.43
-0.08,-0.04,0.98,0.39,0.14,0.08,-4.84,-2.17
-0.08,-0.04,0.95,0.39,0.17,0.09,-4.83,-2.35
-0.08,-0.05,0.91,0.37,0.2,0.09,-5.03,-3.04
-0.09,-0.08,0.89,0.37,0.19,0.08,-5.71,-5.06
-0.1,-0.1,0.88,0.33,0.19,0.08,-6.32,-6.7
-0.1,-0.11,0.86,0.28,0.17,0.08,-6.79,-7.49
-0.09,-0.12,0.86,0.22,0.19,0.08,-5.93,-7.74
-0.09,-0.12,0.85,0.16,0.16,0.09,-5.8,-7.95
-0.09,-0.12,0.84,0.1,0.11,0.09,-5.98,-8.14
-0.09,-0.12,0.82,0.05,0.06,0.08,-6.02,-8.04
-0.08,-0.11,0.83,-0.02,0.04,0.08,-5.62,-7.23
-0.08,-0.09,0.85,-0.1,0.02,0.09,-5.14,-5.7
-0.06,-0.07,0.86,-0.15,-0.04,0.09,-4.33,-4.42
-0.06,-0.03,0.85,-0.19,-0.06,0.09,-4.27,-2.32
-0.04,0.0,0.85,-0.24,-0.06,0.09,-2.73,0.06
-0.04,0.03,0.86,-0.25,-0.07,0.1,-2.93,1.71
-0.03,0.06,0.85,-0.23,-0.07,0.07,-2.17,3.95
-0.03,0.07,0.86,-0.22,-0.06,0.05,-2.15,4.53
-0.03,0.07,0.85,-0.21,-0.05,0.02,-2.21,4.74
-0.03,0.07,0.86,-0.22,-0.04,0.0,-2.29,4.64
-0.03,0.06,0.89,-0.2,-0.03,-0.01,-2.18,3.68
-0.04,0.06,0.91,-0.17,-0.02,-0.01,-2.31,3.78
-0.03,0.05,0.92,-0.17,-0.01,-0.03,-2.1,3.25
-0.04,0.04,0.94,-0.15,-0.02,-0.02,-2.33,2.43
-0.04,0.04,0.95,-0.16,-0.0,-0.02,-2.27,2.35
-0.04,0.03,0.95,-0.12,0.0,-0.02,-2.41,1.86
-0.04,0.03,0.96,-0.12,0.02,-0.02,-2.57,2.07
-0.04,0.03,0.96,-0.13,0.03,-0.01,-2.64,1.77
-0.05,0.02,0.98,-0.1,0.02,0.01,-3.12,1.23
-0.05,0.02,0.98,-0.1,0.02,0.01,-2.81,1.33
-0.05,0.03,0.97,-0.09,0.05,0.01,-2.87,1.53
-0.05,0.03,0.97,-0.1,0.04,0.03,-2.8,1.96
-0.05,0.03,0.97,-0.08,0.05,0.02,-3.03,1.86
-0.05,0.04,0.97,-0.07,0.04,0.03,-2.72,2.28
-0.04,0.05,0.97,-0.05,0.03,0.03,-2.45,2.72
-0.04,0.05,0.97,-0.04,0.05,0.03,-2.45,2.68
-0.04,0.06,0.96,-0.02,0.05,0.04,-2.16,3.4
-0.04,0.06,0.95,-0.01,0.04,0.04,-2.19,3.3
-0.04,0.05,0.94,-0.0,0.04,0.02,-2.35,2.89
-0.04,0.04,0.93,0.01,0.04,0.01,-2.31,2.71
-0.04,0.03,0.93,-0.01,0.04,0.0,-2.68,2.03
-0.04,0.02,0.93,0.0,0.02,0.0,-2.37,1.5
-0.04,0.01,0.93,-0.0,0.01,-0.01,-2.4,0.68
-0.04,0.02,0.94,0.01,0.02,-0.02,-2.25,1.04
-0.04,0.0,0.93,-0.02,0.03,-0.01,-2.35,0.09
-0.03,0.01,0.93,-0.03,0.0,-0.01,-2.11,0.43
-0.03,0.01,0.93,-0.02,-0.01,-0.01,-2.1,0.71
-0.03,0.01,0.93,-0.04,-0.01,-0.02,-1.65,0.57
-0.03,0.0,0.94,-0.06,-0.02,-0.01,-1.94,0.2
-0.03,0.0,0.94,-0.06,-0.04,-0.01,-1.69,0.16
-0.02,0.01,0.94,-0.05,-0.06,0.01,-1.48,0.35
-0.02,0.01,0.95,-0.08,-0.04,0.0,-1.15,0.56
-0.01,0.03,0.96,-0.06,-0.04,0.01,-0.88,1.54
-0.01,0.04,0.97,-0.04,-0.02,0.02,-0.81,2.12
-0.01,0.06,0.96,-0.02,-0.03,0.03,-0.68,3.45
-0.01,0.06,0.95,0.0,-0.0,0.02,-0.71,3.4
-0.02,0.06,0.94,0.0,0.02,0.03,-1.01,3.82
-0.01,0.06,0.93,0.02,0.03,0.03,-0.58,3.44
-0.01,0.05,0.93,0.04,0.01,0.02,-0.71,2.81
-0.01,0.04,0.92,0.02,0.04,0.01,-0.57,2.48
-0.01,0.04,0.93,-0.01,0.03,0.0,-0.46,2.21
-0.0,0.04,0.93,-0.0,-0.01,0.0,-0.14,2.5
-0.01,0.04,0.93,-0.0,-0.02,0.0,-0.47,2.49
-0.0,0.05,0.94,-0.01,-0.07,0.01,-0.28,2.85
-0.01,0.05,0.96,-0.03,-0.08,-0.0,-0.41,2.8
-0.0,0.05,0.97,-0.04,-0.14,0.01,-0.04,3.19
0.0,0.07,0.99,-0.06,-0.17,0.02,0.21,3.94
0.01,0.08,1.0,-0.07,-0.17,0.01,0.46,4.84
0.01,0.09,1.03,-0.05,-0.24,0.03,0.66,4.97
0.0,0.08,1.06,-0.07,-0.32,0.03,0.19,4.36
0.02,0.07,1.07,-0.09,-0.43,0.1,0.85,3.66
0.02,0.07,1.07,-0.12,-0.51,0.13,1.11,3.77
0.03,0.09,1.05,-0.17,-0.62,0.17,1.87,4.83
0.05,0.11,1.02,-0.23,-0.67,0.19,2.76,6.08
0.07,0.13,1.0,-0.31,-0.72,0.19,3.84,7.47
0.08,0.12,1.01,-0.4,-0.81,0.18,4.34,6.57
0.07,0.11,1.08,-0.55,-0.91,0.18,3.59,5.59
0.07,0.11,1.15,-0.69,-1.08,0.24,3.5,5.5
0.11,0.15,1.21,-0.81,-1.24,0.32,5.2,7.17
0.16,0.25,1.23,-0.95,-1.41,0.41,7.25,11.17
0.2,0.35,1.27,-1.07,-1.52,0.46,8.61,15.07
0.24,0.47,1.34,-1.17,-1.6,0.54,9.39,18.98
0.3,0.65,1.38,-1.2,-1.64,0.57,11.25,24.78
0.38,0.83,1.38,-1.18,-1.61,0.57,13.26,30.05
0.43,1.0,1.41,-1.12,-1.52,0.52,13.9,34.14
0.5,1.16,1.46,-1.02,-1.47,0.43,15.01,37.04
0.5,1.23,1.49,-0.87,-1.44,0.3,14.42,38.09
0.48,1.24,1.49,-0.67,-1.4,0.18,13.84,38.39
0.47,1.25,1.47,-0.44,-1.37,0.05,13.8,38.92
0.48,1.25,1.47,-0.2,-1.39,-0.09,13.92,38.86
0.47,1.24,1.48,0.03,-1.43,-0.24,13.76,38.49
0.47,1.2,1.52,0.2,-1.5,-0.41,13.53,37.21
0.45,1.14,1.58,0.29,-1.58,-0.55,13.09,34.83
0.44,1.07,1.66,0.33,-1.67,-0.67,12.44,32.02
0.42,0.98,1.72,0.32,-1.76,-0.77,12.12,28.93
0.41,0.84,1.77,0.27,-1.88,-0.83,11.74,24.8
0.38,0.71,1.86,0.19,-2.0,-0.89,10.84,20.51
0.36,0.58,1.95,0.09,-2.13,-0.88,9.91,16.22
0.32,0.46,2.01,-0.02,-2.26,-0.85,8.87,12.66
0.29,0.37,2.07,-0.14,-2.39,-0.81,7.81,10.0
0.26,0.32,2.14,-0.27,-2.52,-0.76,6.74,8.44
0.23,0.28,2.2,-0.39,-2.63,-0.69,5.92,7.19
0.21,0.25,2.27,-0.45,-2.74,-0.63,5.25,6.16
0.19,0.22,2.31,-0.51,-2.81,-0.57,4.64,5.35
0.16,0.17,2.35,-0.57,-2.89,-0.52,3.86,4.24
0.11,0.12,2.37,-0.61,-3.01,-0.46,2.74,2.9
0.07,0.08,2.4,-0.64,-3.1,-0.39,1.61,1.85
0.04,0.06,2.41,-0.65,-3.14,-0.33,0.85,1.5
0.02,0.05,2.4,-0.64,-3.19,-0.29,0.39,1.19
-0.01,0.04,2.38,-0.61,-3.23,-0.27,-0.2,1.02
-0.03,0.03,2.37,-0.56,-3.3,-0.28,-0.65,0.62
-0.06,-0.03,2.38,-0.51,-3.38,-0.29,-1.43,-0.65
-0.1,-0.08,2.39,-0.45,-3.45,-0.31,-2.31,-1.89
-0.11,-0.13,2.4,-0.36,-3.52,-0.31,-2.71,-3.18
-0.12,-0.19,2.4,-0.24,-3.56,-0.34,-2.93,-4.52
-0.15,-0.24,2.41,-0.1,-3.6,-0.33,-3.44,-5.73
-0.17,-0.3,2.41,0.06,-3.57,-0.35,-3.96,-6.99
-0.18,-0.34,2.4,0.22,-3.55,-0.35,-4.25,-7.98
-0.18,-0.39,2.36,0.41,-3.52,-0.35,-4.43,-9.36
-0.21,-0.46,2.25,0.57,-3.49,-0.36,-5.17,-11.44
-0.23,-0.55,2.13,0.73,-3.41,-0.38,-5.92,-14.49
-0.25,-0.67,1.97,0.84,-3.34,-0.39,-6.78,-18.49
-0.28,-0.77,1.8,0.9,-3.31,-0.38,-8.04,-23.01
-0.29,-0.85,1.63,0.89,-3.28,-0.37,-8.91,-27.06
-0.32,-0.93,1.5,0.88,-3.28,-0.35,-10.42,-31.32
-0.33,-0.97,1.36,0.81,-3.29,-0.32,-11.18,-34.79
-0.34,-1.0,1.23,0.72,-3.32,-0.29,-12.01,-38.0
-0.36,-1.02,1.14,0.63,-3.36,-0.26,-13.2,-40.44
-0.37,-1.02,1.07,0.54,-3.4,-0.24,-14.12,-42.05
-0.37,-1.02,1.0,0.45,-3.44,-0.2,-14.6,-43.69
-0.37,-1.02,0.92,0.37,-3.48,-0.17,-15.21,-45.8
-0.38,-1.03,0.84,0.3,-3.53,-0.13,-16.07,-48.22
-0.41,-1.03,0.75,0.24,-3.53,-0.1,-17.63,-50.5
-0.43,-1.05,0.67,0.17,-3.56,-0.05,-19.09,-52.9
-0.45,-1.05,0.58,0.08,-3.6,-0.01,-20.52,-55.15
-0.46,-1.04,0.51,-0.0,-3.66,0.05,-21.6,-56.56
-0.47,-1.01,0.46,-0.06,-3.68,0.09,-22.97,-56.89
-0.48,-0.98,0.44,-0.14,-3.66,0.14,-24.02,-56.56
-0.49,-0.96,0.42,-0.2,-3.67,0.19,-25.25,-55.84
-0.49,-0.93,0.41,-0.21,-3.63,0.23,-25.59,-55.61
-0.48,-0.87,0.37,-0.22,-3.58,0.28,-26.76,-55.22
-0.45,-0.81,0.38,-0.23,-3.46,0.29,-26.82,-54.0
-0.43,-0.73,0.36,-0.22,-3.37,0.31,-27.76,-52.52
-0.41,-0.66,0.35,-0.19,-3.22,0.29,-28.6,-50.77
-0.39,-0.6,0.34,-0.15,-3.1,0.27,-29.45,-49.37
-0.38,-0.56,0.34,-0.11,-2.96,0.24,-30.11,-47.88
-0.37,-0.5,0.3,-0.04,-2.82,0.22,-32.2,-46.29
-0.36,-0.46,0.26,0.02,-2.68,0.19,-33.93,-46.33
-0.33,-0.43,0.21,0.09,-2.51,0.14,-34.92,-47.51
-0.32,-0.41,0.17,0.13,-2.32,0.1,-35.78,-48.75
-0.3,-0.38,0.09,0.16,-2.2,0.06,-37.84,-50.2
-0.29,-0.35,0.03,0.17,-2.05,0.03,-40.09,-49.66
-0.28,-0.31,-0.02,0.14,-1.94,0.01,-42.09,-47.77
-0.26,-0.27,-0.04,0.1,-1.76,-0.03,-44.18,-45.08
-0.24,-0.22,-0.05,0.08,-1.61,-0.06,-47.34,-41.51
-0.22,-0.18,-0.03,0.05,-1.48,-0.1,-50.45,-38.8
-0.22,-0.15,-0.02,0.02,-1.38,-0.13,-55.27,-34.22
-0.23,-0.16,-0.03,-0.01,-1.31,-0.17,-54.14,-35.28
-0.24,-0.2,-0.03,-0.07,-1.32,-0.15,-50.37,-39.21
-0.25,-0.22,-0.0,-0.12,-1.38,-0.09,-49.54,-40.45
-0.24,-0.19,0.02,-0.18,-1.46,-0.03,-52.22,-37.58
-0.2,-0.09,0.04,-0.22,-1.52,0.03,-64.39,-23.51
-0.19,-0.02,0.06,-0.26,-1.59,0.06,-70.74,-6.92
-0.18,0.01,0.08,-0.29,-1.68,0.08,-64.22,1.8
-0.17,0.04,0.09,-0.31,-1.73,0.09,-59.52,13.19
-0.16,0.06,0.12,-0.35,-1.78,0.09,-49.57,18.01
-0.14,0.08,0.14,-0.37,-1.78,0.11,-42.21,22.13
-0.13,0.12,0.16,-0.35,-1.77,0.12,-32.97,29.73
-0.11,0.14,0.17,-0.34,-1.76,0.11,-25.95,33.95
-0.09,0.15,0.17,-0.34,-1.71,0.09,-21.85,37.95
-0.09,0.15,0.18,-0.36,-1.64,0.08,-20.26,37.42
-0.08,0.16,0.18,-0.37,-1.57,0.08,-18.21,38.42
-0.07,0.17,0.21,-0.39,-1.52,0.06,-14.73,37.12
-0.07,0.19,0.26,-0.43,-1.45,0.06,-11.47,34.35
-0.06,0.2,0.33,-0.41,-1.37,0.03,-9.58,30.84
-0.05,0.21,0.39,-0.38,-1.29,0.02,-6.86,27.93
-0.05,0.21,0.44,-0.35,-1.2,-0.01,-5.58,25.44
-0.03,0.22,0.46,-0.29,-1.12,-0.03,-3.74,25.34
-0.04,0.22,0.49,-0.23,-1.01,-0.06,-4.0,24.47
-0.04,0.21,0.51,-0.18,-0.92,-0.09,-4.21,21.98
-0.07,0.15,0.52,-0.13,-0.88,-0.1,-7.42,15.85
-0.11,0.08,0.53,-0.07,-0.88,-0.08,-11.09,8.75
-0.12,0.04,0.55,-0.03,-0.88,-0.02,-12.29,3.68
-0.11,0.02,0.57,0.03,-0.92,0.06,-11.0,2.01
-0.1,0.04,0.61,0.08,-0.94,0.13,-9.18,3.42
-0.09,0.05,0.62,0.13,-0.99,0.19,-8.43,4.52
-0.09,0.07,0.65,0.16,-0.99,0.23,-7.84,6.42
-0.07,0.09,0.69,0.23,-1.0,0.27,-6.09,7.57
-0.06,0.12,0.72,0.29,-1.0,0.29,-4.92,9.59
-0.05,0.15,0.76,0.37,-0.98,0.3,-3.49,11.22
-0.03,0.18,0.78,0.45,-0.91,0.28,-2.3,12.62
-0.03,0.18,0.79,0.53,-0.82,0.25,-2.04,12.93
-0.02,0.18,0.78,0.62,-0.75,0.23,-1.69,12.72
-0.01,0.17,0.76,0.7,-0.62,0.2,-1.07,12.77
-0.01,0.16,0.76,0.78,-0.52,0.19,-0.43,11.8
-0.0,0.15,0.72,0.85,-0.38,0.18,-0.08,11.35
0.0,0.14,0.7,0.89,-0.26,0.19,0.32,10.96
0.02,0.13,0.7,0.94,-0.15,0.19,1.71,10.63
0.03,0.15,0.69,0.97,-0.02,0.19,2.42,12.51
0.04,0.18,0.67,0.98,0.14,0.19,3.03,15.14
0.04,0.19,0.65,0.98,0.22,0.19,3.61,16.29
0.04,0.21,0.63,0.95,0.28,0.18,3.74,18.12
0.04,0.21,0.62,0.91,0.33,0.18,3.6,18.85
0.03,0.22,0.61,0.85,0.35,0.18,2.38,19.62
0.02,0.22,0.63,0.76,0.34,0.2,2.11,19.13
0.02,0.22,0.65,0.7,0.27,0.21,1.89,18.96
0.02,0.22,0.66,0.63,0.19,0.24,1.54,18.46
0.02,0.24,0.68,0.53,0.11,0.24,1.48,19.13
0.02,0.26,0.69,0.45,-0.01,0.27,1.61,20.49
0.03,0.27,0.72,0.38,-0.1,0.27,2.31,20.53
0.05,0.28,0.75,0.31,-0.16,0.24,3.43,20.74
0.07,0.3,0.76,0.23,-0.2,0.21,4.86,21.4
0.08,0.29,0.78,0.18,-0.22,0.17,5.74,20.43
0.08,0.29,0.79,0.1,-0.23,0.12,5.52,19.79
0.07,0.26,0.8,0.03,-0.24,0.08,4.68,18.11
0.06,0.23,0.82,-0.03,-0.19,0.04,4.24,15.55
0.06,0.19,0.85,-0.07,-0.17,0.01,4.03,12.37
0.06,0.17,0.87,-0.11,-0.15,-0.01,4.11,10.69
0.06,0.14,0.9,-0.13,-0.12,-0.03,3.73,8.83
0.05,0.12,0.93,-0.15,-0.07,-0.06,3.11,7.44
0.04,0.11,0.95,-0.16,-0.02,-0.06,2.43,6.34
0.04,0.09,0.98,-0.14,0.01,-0.07,2.46,5.02
0.05,0.07,0.99,-0.14,0.06,-0.07,3.01,3.8
0.05,0.07,1.0,-0.16,0.06,-0.04,2.63,3.75
0.04,0.07,0.99,-0.11,0.12,-0.08,2.22,3.76
0.02,0.05,1.0,-0.1,0.13,-0.08,1.21,2.68
0.02,0.04,1.0,-0.1,0.12,-0.07,0.96,2.12
0.02,0.03,1.01,-0.1,0.1,-0.07,0.89,1.68
0.02,0.04,1.04,-0.09,0.06,-0.05,1.34,2.19
0.02,0.04,1.03,-0.08,0.02,-0.05,1.08,2.04
0.02,0.03,1.06,-0.06,-0.01,-0.04,1.02,1.74
0.02,0.03,1.07,-0.05,-0.01,-0.06,0.92,1.71
0.01,0.03,1.07,-0.02,-0.02,-0.04,0.47,1.67
0.01,0.02,1.08,0.02,-0.02,-0.06,0.46,1.23
0.01,0.02,1.09,0.07,-0.03,-0.06,0.42,1.27
0.01,0.02,1.07,0.11,-0.02,-0.06,0.55,0.88
0.01,0.01,1.05,0.13,0.02,-0.06,0.72,0.74
0.01,0.01,1.02,0.16,0.03,-0.06,0.56,0.8
0.02,0.03,0.98,0.17,0.05,-0.06,1.02,1.65
0.02,0.04,0.96,0.16,0.1,-0.07,0.98,2.33
0.02,0.03,0.96,0.15,0.11,-0.07,1.13,2.02
0.01,0.02,0.95,0.12,0.11,-0.06,0.51,1.46
0.01,0.02,0.96,0.09,0.07,-0.05,0.42,1.44
0.01,0.03,0.97,0.05,0.04,-0.03,0.35,1.82
0.0,0.04,1.0,0.04,0.02,-0.03,0.13,2.07
0.01,0.04,1.02,0.03,-0.01,-0.03,0.45,2.25
0.0,0.04,1.05,0.05,-0.03,-0.02,0.2,2.07
0.01,0.04,1.05,0.07,-0.02,-0.03,0.49,2.0
0.01,0.04,1.05,0.09,-0.0,-0.05,0.57,2.31
0.0,0.06,1.01,0.11,0.02,-0.05,0.16,3.29
-0.0,0.06,1.0,0.12,0.05,-0.08,-0.28,3.55
-0.01,0.05,0.97,0.14,0.06,-0.07,-0.84,3.25
-0.02,0.04,0.94,0.12,0.06,-0.07,-1.41,2.51
-0.04,0.03,0.93,0.11,0.06,-0.08,-2.35,1.77
-0.04,0.02,0.92,0.09,0.04,-0.06,-2.36,1.29
-0.05,0.02,0.91,0.07,0.02,-0.05,-2.92,1.03
-0.05,0.02,0.9,0.02,0.01,-0.04,-2.94,1.19
-0.04,0.03,0.9,-0.02,-0.0,-0.01,-2.72,1.71
-0.05,0.03,0.92,-0.05,-0.02,-0.0,-2.84,1.9
-0.04,0.04,0.92,-0.07,-0.03,-0.0,-2.68,2.47
-0.04,0.05,0.93,-0.1,-0.0,-0.0,-2.19,3.1
-0.03,0.05,0.93,-0.13,0.0,-0.01,-1.98,3.27
-0.04,0.04,0.93,-0.17,0.01,-0.02,-2.3,2.72
-0.04,0.03,0.93,-0.21,0.05,-0.03,-2.38,1.91
-0.04,0.02,0.93,-0.24,0.04,-0.02,-2.5,1.02
-0.04,0.01,0.94,-0.28,0.05,-0.02,-2.32,0.5
-0.04,0.01,0.94,-0.33,0.04,-0.01,-2.3,0.53
-0.03,0.01,0.95,-0.36,0.02,-0.0,-2.09,0.62
-0.04,0.01,0.98,-0.41,0.01,-0.01,-2.12,0.55
-0.04,0.0,1.01,-0.47,0.02,-0.01,-2.25,0.23
-0.04,-0.01,1.05,-0.48,0.02,-0.01,-2.11,-0.58
-0.04,-0.03,1.1,-0.46,-0.01,-0.01,-2.1,-1.54
-0.04,-0.04,1.11,-0.44,-0.01,-0.01,-2.24,-2.19
-0.05,-0.06,1.14,-0.4,-0.03,0.01,-2.6,-3.02
-0.04,-0.07,1.16,-0.37,-0.03,0.03,-2.01,-3.52
-0.04,-0.08,1.18,-0.29,-0.04,0.05,-1.86,-3.85
-0.04,-0.06,1.19,-0.22,-0.02,0.05,-2.09,-3.12
-0.02,-0.07,1.2,-0.15,0.01,0.05,-1.05,-3.13
-0.03,-0.05,1.18,-0.09,0.04,0.06,-1.36,-2.52
-0.02,-0.01,1.16,0.01,0.04,0.06,-0.9,-0.7
-0.01,0.01,1.12,0.08,0.07,0.06,-0.26,0.32
0.0,0.03,1.08,0.11,0.12,0.05,0.07,1.5
0.0,0.04,1.04,0.12,0.15,0.03,0.0,2.13
0.0,0.05,1.0,0.13,0.17,0.02,0.26,2.77
0.0,0.07,0.96,0.14,0.15,0.01,0.23,3.87
0.0,0.06,0.93,0.09,0.16,0.01,0.28,3.95
0.0,0.09,0.91,0.04,0.13,-0.0,0.28,5.61
0.0,0.09,0.91,0.01,0.07,-0.0,0.25,5.39
0.0,0.08,0.91,-0.04,0.03,-0.01,0.31,5.11
0.0,0.08,0.93,-0.09,0.02,-0.01,0.16,4.73
-0.0,0.07,0.96,-0.12,-0.02,-0.01,-0.07,3.91
-0.01,0.06,0.98,-0.14,-0.06,-0.01,-0.31,3.61
-0.01,0.05,1.0,-0.12,-0.07,-0.02,-0.52,2.96
-0.01,0.04,1.02,-0.1,-0.08,-0.01,-0.81,2.36
-0.02,0.03,1.03,-0.09,-0.07,-0.02,-1.0,1.82
-0.02,0.02,1.02,-0.05,-0.07,-0.01,-1.17,1.21
-0.02,0.02,1.01,-0.01,-0.06,-0.0,-1.42,1.42
-0.03,0.03,1.0,0.02,-0.03,-0.01,-1.77,1.74
-0.03,0.03,0.99,0.06,-0.02,0.0,-1.79,1.99
-0.03,0.04,0.98,0.09,0.01,0.0,-1.88,2.27
-0.03,0.04,0.97,0.13,0.03,-0.0,-1.82,2.55
-0.03,0.05,0.95,0.17,0.08,-0.0,-1.95,2.99
-0.03,0.05,0.92,0.18,0.12,-0.0,-1.88,3.23
-0.04,0.06,0.91,0.2,0.15,0.0,-2.22,3.55
-0.04,0.06,0.9,0.2,0.16,0.01,-2.5,3.68
-0.04,0.06,0.89,0.18,0.2,0.01,-2.74,3.92
-0.04,0.06,0.9,0.18,0.21,0.02,-2.79,3.97
-0.04,0.06,0.91,0.19,0.21,0.02,-2.66,4.09
-0.03,0.07,0.91,0.21,0.2,0.03,-2.01,4.43
-0.03,0.08,0.9,0.23,0.23,0.03,-1.71,5.21
-0.03,0.09,0.9,0.23,0.25,0.02,-1.6,5.71
-0.02,0.1,0.89,0.24,0.26,0.03,-1.27,6.43
-0.02,0.11,0.89,0.24,0.29,0.02,-1.33,6.85
-0.02,0.11,0.89,0.25,0.31,0.02,-1.05,6.96
-0.03,0.11,0.88,0.28,0.33,-0.01,-1.7,6.86
-0.02,0.1,0.88,0.29,0.33,0.0,-1.5,6.61
-0.03,0.11,0.85,0.33,0.33,-0.0,-1.9,7.09
-0.04,0.11,0.84,0.33,0.34,-0.0,-2.37,7.48
-0.03,0.11,0.82,0.32,0.36,0.0,-2.41,7.93
-0.04,0.11,0.81,0.32,0.35,0.01,-3.04,8.03
-0.05,0.12,0.8,0.33,0.37,0.0,-3.21,8.25
-0.04,0.11,0.8,0.34,0.39,0.0,-2.77,7.92
-0.04,0.12,0.78,0.33,0.4,0.02,-2.79,8.75
-0.04,0.13,0.76,0.32,0.41,0.01,-2.63,9.42
-0.04,0.13,0.75,0.31,0.44,0.0,-2.87,9.68
-0.04,0.13,0.74,0.28,0.47,0.01,-2.98,9.86
-0.04,0.12,0.74,0.24,0.52,-0.0,-2.78,9.25
-0.04,0.11,0.74,0.23,0.54,0.01,-2.74,8.47
-0.04,0.11,0.74,0.23,0.54,0.01,-3.1,8.38
-0.04,0.11,0.76,0.21,0.56,0.01,-2.79,8.03
-0.04,0.09,0.79,0.18,0.58,0.02,-3.14,6.74
-0.04,0.1,0.78,0.17,0.59,0.03,-2.58,7.48
-0.03,0.11,0.8,0.16,0.59,0.04,-2.15,8.16
-0.04,0.15,0.78,0.13,0.64,0.02,-2.77,11.25
-0.03,0.15,0.79,0.1,0.65,0.01,-2.08,10.54
-0.02,0.13,0.82,0.1,0.65,0.0,-1.71,9.27
-0.03,0.11,0.83,0.1,0.65,-0.01,-2.23,7.61
-0.04,0.11,0.85,0.11,0.64,-0.01,-2.46,7.45
-0.03,0.12,0.87,0.11,0.65,-0.02,-2.04,7.67
-0.04,0.11,0.87,0.1,0.66,-0.03,-2.72,7.42
-0.04,0.11,0.87,0.1,0.67,-0.05,-2.87,7.26
-0.05,0.09,0.89,0.11,0.66,-0.05,-2.89,6.0
-0.05,0.08,0.9,0.11,0.7,-0.07,-3.23,5.24
-0.05,0.07,0.89,0.14,0.7,-0.07,-3.49,4.78
-0.05,0.06,0.88,0.14,0.73,-0.07,-3.33,4.17
-0.05,0.06,0.88,0.14,0.73,-0.08,-3.51,3.78
-0.07,0.05,0.88,0.13,0.75,-0.08,-4.29,3.3
-0.07,0.05,0.88,0.11,0.78,-0.08,-4.6,3.03
-0.07,0.03,0.9,0.12,0.77,-0.08,-4.63,2.02
-0.07,0.01,0.91,0.13,0.75,-0.09,-4.63,0.78
-0.08,-0.0,0.92,0.12,0.75,-0.08,-4.9,-0.15
-0.09,-0.01,0.94,0.13,0.75,-0.06,-5.4,-0.76
-0.09,-0.02,0.95,0.16,0.75,-0.05,-5.31,-1.02
-0.08,-0.02,0.96,0.18,0.76,-0.05,-4.69,-1.42
-0.08,-0.02,0.97,0.22,0.77,-0.04,-4.72,-0.95
-0.08,-0.01,0.97,0.26,0.85,-0.04,-4.4,-0.57
-0.07,-0.0,0.96,0.31,0.89,-0.03,-4.33,-0.2
-0.06,-0.01,0.94,0.35,0.94,-0.03,-3.72,-0.51
-0.06,-0.01,0.91,0.37,0.97,-0.03,-4.05,-0.54
-0.06,-0.02,0.88,0.36,1.01,-0.03,-4.0,-1.0
-0.06,-0.01,0.86,0.33,1.03,-0.01,-4.25,-0.78
-0.06,0.0,0.86,0.32,1.0,0.0,-4.23,0.04
-0.06,0.01,0.85,0.29,1.0,0.01,-3.9,0.53
-0.04,0.02,0.85,0.25,0.96,0.02,-2.9,1.42
-0.03,0.04,0.84,0.2,0.95,0.03,-1.93,2.95
-0.02,0.06,0.84,0.19,0.91,0.02,-1.47,3.95
-0.02,0.06,0.84,0.14,0.89,-0.01,-1.29,4.22
-0.01,0.06,0.85,0.09,0.9,-0.01,-0.87,4.34
-0.01,0.06,0.86,0.05,0.89,-0.02,-0.48,4.09
-0.0,0.06,0.88,0.02,0.86,-0.03,-0.27,3.75
-0.01,0.06,0.89,0.0,0.85,-0.04,-0.39,3.74
-0.01,0.05,0.92,-0.03,0.85,-0.05,-0.87,3.13
-0.02,0.05,0.93,-0.05,0.82,-0.06,-1.03,3.15
-0.03,0.05,0.96,-0.06,0.82,-0.07,-1.52,2.9
-0.02,0.03,1.01,-0.04,0.81,-0.07,-1.35,1.88
-0.02,0.03,1.03,0.0,0.82,-0.09,-0.99,1.75
-0.01,0.04,1.04,0.06,0.84,-0.09,-0.48,1.98
-0.01,0.05,1.02,0.11,0.87,-0.1,-0.68,2.73
-0.01,0.04,1.0,0.16,0.89,-0.12,-0.78,2.42
-0.02,0.02,0.96,0.19,0.94,-0.14,-1.38,1.46
-0.03,0.01,0.93,0.21,0.97,-0.15,-2.14,0.69
-0.04,-0.01,0.89,0.18,0.98,-0.15,-2.65,-0.84
-0.04,-0.02,0.87,0.16,0.96,-0.15,-2.4,-1.2
-0.05,-0.02,0.85,0.14,0.96,-0.13,-3.36,-1.56
-0.05,-0.03,0.83,0.08,0.97,-0.15,-3.25,-2.25
-0.04,-0.03,0.8,0.01,0.95,-0.14,-2.69,-2.08
-0.04,-0.04,0.79,-0.06,0.93,-0.14,-3.1,-3.21
-0.05,-0.04,0.81,-0.16,0.93,-0.14,-3.45,-2.76
-0.04,-0.06,0.82,-0.24,0.9,-0.13,-2.91,-4.02
-0.03,-0.05,0.86,-0.35,0.87,-0.13,-2.32,-3.27
-0.03,-0.04,0.91,-0.39,0.82,-0.12,-1.62,-2.47
-0.02,-0.02,0.96,-0.44,0.77,-0.12,-1.49,-1.34
-0.02,-0.01,1.02,-0.48,0.75,-0.11,-0.96,-0.56
-0.01,-0.02,1.09,-0.45,0.72,-0.13,-0.73,-1.07
-0.02,-0.03,1.12,-0.41,0.71,-0.14,-0.9,-1.53
-0.02,-0.04,1.17,-0.35,0.72,-0.15,-0.94,-1.95
-0.02,-0.04,1.18,-0.26,0.74,-0.15,-1.16,-1.94
-0.03,-0.03,1.2,-0.17,0.78,-0.15,-1.46,-1.54
-0.03,-0.02,1.19,-0.05,0.81,-0.15,-1.41,-0.99
-0.03,-0.02,1.17,0.07,0.87,-0.16,-1.51,-1.15
-0.03,-0.02,1.13,0.14,0.96,-0.16,-1.42,-1.09
-0.04,-0.02,1.08,0.23,1.01,-0.16,-1.97,-1.04
-0.05,-0.02,1.02,0.27,1.05,-0.17,-2.78,-1.24
-0.06,-0.03,0.96,0.27,1.08,-0.16,-3.76,-1.79
-0.07,-0.04,0.91,0.25,1.09,-0.16,-4.11,-2.29
-0.07,-0.04,0.88,0.23,1.07,-0.15,-4.35,-2.61
-0.06,-0.04,0.84,0.18,1.09,-0.2,-4.08,-2.84
-0.06,-0.04,0.81,0.1,0.97,-0.13,-4.46,-3.02
-0.06,-0.05,0.82,0.01,0.97,-0.15,-4.44,-3.59
-0.07,-0.06,0.82,-0.06,0.92,-0.13,-4.79,-4.24
-0.06,-0.07,0.86,-0.13,0.87,-0.13,-4.28,-4.45
-0.05,-0.07,0.9,-0.18,0.82,-0.12,-3.14,-4.3
-0.05,-0.06,0.94,-0.23,0.81,-0.11,-2.77,-3.58
-0.04,-0.04,0.99,-0.24,0.79,-0.11,-2.29,-2.56
-0.04,-0.03,1.03,-0.23,0.79,-0.11,-2.17,-1.51
-0.03,-0.01,1.07,-0.19,0.79,-0.12,-1.45,-0.54
-0.02,0.01,1.09,-0.13,0.82,-0.14,-1.19,0.3
-0.02,0.01,1.09,-0.07,0.84,-0.16,-0.8,0.61
-0.03,0.0,1.07,-0.01,0.88,-0.18,-1.5,0.07
-0.03,0.0,1.04,0.07,0.92,-0.2,-1.64,0.15
-0.06,-0.02,1.01,0.1,0.97,-0.21,-3.45,-1.35
-0.07,-0.03,1.0,0.13,0.98,-0.21,-3.94,-1.51
-0.06,-0.03,1.0,0.2,0.98,-0.21,-3.61,-1.7
-0.07,-0.05,0.97,0.22,0.96,-0.2,-4.12,-2.93
-0.08,-0.07,0.93,0.24,0.95,-0.19,-4.61,-4.17
-0.09,-0.08,0.9,0.22,0.93,-0.17,-5.57,-5.06
-0.1,-0.09,0.89,0.21,0.9,-0.16,-6.09,-5.44
-0.09,-0.09,0.88,0.18,0.87,-0.14,-5.72,-5.64
-0.08,-0.1,0.88,0.14,0.86,-0.12,-4.89,-6.19
-0.07,-0.09,0.87,0.1,0.87,-0.11,-4.35,-6.07
-0.06,-0.08,0.86,0.08,0.87,-0.1,-3.9,-5.44
-0.05,-0.07,0.85,0.04,0.86,-0.1,-3.48,-4.57
-0.05,-0.06,0.87,-0.01,0.86,-0.11,-2.98,-4.19
-0.04,-0.05,0.88,-0.04,0.85,-0.09,-2.57,-3.53
-0.03,-0.05,0.89,-0.08,0.84,-0.1,-1.81,-3.07
-0.02,-0.04,0.89,-0.11,0.81,-0.1,-1.48,-2.35
-0.03,-0.04,0.88,-0.12,0.8,-0.1,-2.01,-2.43
-0.04,-0.03,0.9,-0.15,0.8,-0.11,-2.36,-2.11
-0.04,-0.04,0.91,-0.17,0.77,-0.11,-2.72,-2.45
-0.02,-0.03,0.93,-0.17,0.76,-0.11,-1.42,-2.12
-0.03,-0.04,0.94,-0.17,0.76,-0.11,-1.89,-2.22
-0.03,-0.02,0.95,-0.17,0.79,-0.12,-1.99,-1.49
-0.04,-0.01,0.97,-0.16,0.8,-0.1,-2.25,-0.74
-0.04,0.0,0.98,-0.13,0.86,-0.12,-2.41,0.25
-0.04,0.02,1.01,-0.1,0.89,-0.12,-2.1,1.28
-0.02,0.02,1.04,-0.04,0.96,-0.15,-1.12,1.02
-0.01,0.02,1.05,0.02,0.99,-0.14,-0.56,0.98
-0.0,0.02,1.05,0.1,1.03,-0.16,-0.26,1.14
-0.01,0.04,1.04,0.15,1.05,-0.18,-0.29,2.03
-0.0,0.04,1.03,0.21,1.08,-0.19,-0.18,2.13
-0.0,0.04,1.02,0.24,1.11,-0.21,-0.24,2.02
0.0,0.03,0.99,0.31,1.09,-0.22,0.18,1.5
-0.01,0.01,0.94,0.32,1.1,-0.23,-0.44,0.36
-0.02,-0.0,0.89,0.32,1.08,-0.24,-0.97,-0.05
-0.03,-0.01,0.87,0.3,1.09,-0.25,-1.83,-0.58
-0.03,-0.01,0.85,0.26,1.07,-0.26,-2.26,-0.99
-0.04,-0.03,0.84,0.23,1.03,-0.27,-3.06,-1.8
-0.05,-0.03,0.84,0.18,1.0,-0.29,-3.44,-1.96
-0.05,-0.04,0.85,0.12,0.96,-0.29,-3.23,-2.45
-0.06,-0.04,0.84,0.09,0.91,-0.3,-4.13,-2.58
-0.06,-0.03,0.86,0.06,0.85,-0.3,-4.13,-2.0
-0.07,-0.05,0.87,0.02,0.84,-0.32,-4.67,-3.41
-0.07,-0.07,0.89,-0.01,0.81,-0.34,-4.34,-4.43
-0.07,-0.09,0.88,-0.04,0.79,-0.33,-4.5,-5.92
-0.07,-0.11,0.88,-0.06,0.76,-0.32,-4.61,-6.79
-0.07,-0.12,0.88,-0.11,0.74,-0.32,-4.71,-7.59
-0.07,-0.12,0.89,-0.17,0.76,-0.31,-4.5,-7.45
-0.06,-0.12,0.9,-0.2,0.75,-0.3,-3.98,-7.43
-0.07,-0.12,0.91,-0.23,0.74,-0.3,-4.04,-7.22
-0.06,-0.12,0.93,-0.26,0.76,-0.3,-3.67,-7.13
-0.06,-0.12,0.94,-0.28,0.78,-0.29,-3.65,-7.27
-0.06,-0.12,0.96,-0.28,0.78,-0.28,-3.71,-6.99
-0.06,-0.1,0.97,-0.29,0.81,-0.26,-3.73,-6.02
-0.07,-0.1,0.99,-0.3,0.83,-0.25,-3.79,-5.84
-0.07,-0.11,0.99,-0.29,0.87,-0.24,-3.95,-6.25
-0.07,-0.1,1.0,-0.3,0.9,-0.22,-4.18,-5.63
-0.07,-0.09,1.01,-0.31,0.93,-0.2,-4.13,-5.17
-0.07,-0.08,1.03,-0.31,0.95,-0.19,-3.65,-4.37
-0.05,-0.06,1.05,-0.32,0.96,-0.18,-2.76,-3.3
-0.03,-0.04,1.06,-0.31,0.96,-0.16,-1.54,-2.27
-0.01,-0.03,1.06,-0.3,0.96,-0.16,-0.72,-1.42
-0.02,-0.01,1.07,-0.29,0.96,-0.16,-0.83,-0.48
-0.01,0.01,1.07,-0.26,0.96,-0.16,-0.41,0.73
0.01,0.03,1.08,-0.25,0.96,-0.2,0.38,1.71
0.01,0.04,1.09,-0.2,0.95,-0.21,0.51,2.21
0.0,0.03,1.07,-0.17,0.94,-0.24,0.15,1.49
-0.01,0.0,1.06,-0.15,0.95,-0.26,-0.62,0.21
-0.03,0.0,1.06,-0.14,0.97,-0.27,-1.36,0.03
-0.04,-0.01,1.07,-0.12,0.98,-0.27,-2.03,-0.52
-0.06,-0.04,1.07,-0.1,0.98,-0.27,-3.01,-2.13
-0.08,-0.08,1.09,-0.1,1.01,-0.26,-4.35,-4.19
-0.1,-0.1,1.1,-0.11,1.04,-0.22,-5.3,-5.2
-0.12,-0.12,1.11,-0.14,1.04,-0.18,-6.01,-6.19
-0.12,-0.08,1.12,-0.16,1.05,-0.13,-6.3,-4.3
-0.12,-0.06,1.14,-0.13,1.04,-0.09,-5.84,-2.81
-0.09,-0.01,1.15,-0.13,1.05,-0.06,-4.36,-0.58
-0.06,0.02,1.16,-0.1,1.05,-0.05,-3.19,0.76
-0.03,0.02,1.16,-0.04,1.02,-0.05,-1.45,1.14
-0.01,0.05,1.13,-0.01,1.04,-0.08,-0.73,2.73
-0.01,0.03,1.11,0.01,1.05,-0.11,-0.71,1.62
-0.02,-0.0,1.07,0.02,1.05,-0.14,-0.97,-0.04
-0.04,-0.03,1.04,0.02,1.04,-0.17,-1.97,-1.74
-0.05,-0.06,1.03,-0.01,1.04,-0.18,-2.93,-3.5
-0.07,-0.09,1.03,-0.04,1.01,-0.18,-3.64,-5.09
-0.08,-0.12,1.02,-0.09,0.98,-0.16,-4.29,-6.6
-0.09,-0.14,1.01,-0.15,0.94,-0.14,-4.9,-7.65
-0.09,-0.14,0.99,-0.2,0.92,-0.12,-4.95,-7.91
-0.1,-0.12,1.0,-0.28,0.92,-0.09,-5.75,-6.79
-0.1,-0.12,1.01,-0.34,0.91,-0.07,-5.71,-6.97
-0.1,-0.13,1.02,-0.36,1.07,-0.2,-5.44,-6.97
-0.1,-0.12,1.04,-0.49,0.91,-0.01,-5.44,-6.53
-0.09,-0.08,1.07,-0.54,0.95,0.02,-4.68,-4.16
-0.07,-0.02,1.11,-0.59,0.96,0.05,-3.46,-1.03
-0.04,0.06,1.16,-0.61,0.96,0.08,-2.13,2.73
-0.02,0.12,1.19,-0.57,0.91,0.08,-0.87,5.98
0.02,0.18,1.22,-0.54,0.89,0.07,0.75,8.49
0.05,0.23,1.25,-0.45,0.85,0.04,2.3,10.39
0.07,0.26,1.26,-0.34,0.81,-0.0,3.2,11.57
0.07,0.27,1.26,-0.22,0.8,-0.06,2.97,12.04
0.06,0.27,1.26,-0.1,0.82,-0.12,2.81,11.85
0.05,0.25,1.25,0.04,0.8,-0.16,2.39,11.15
0.03,0.21,1.23,0.17,0.78,-0.2,1.38,9.65
0.01,0.16,1.2,0.27,0.78,-0.24,0.54,7.75
-0.0,0.11,1.17,0.37,0.79,-0.28,-0.22,5.5
-0.02,0.05,1.12,0.42,0.82,-0.29,-0.84,2.63
-0.04,-0.02,1.06,0.45,0.84,-0.3,-2.18,-1.1
-0.07,-0.07,1.01,0.43,0.86,-0.29,-3.71,-4.18
-0.1,-0.13,0.98,0.37,0.92,-0.28,-5.59,-7.31
-0.12,-0.16,0.95,0.3,0.91,-0.25,-6.9,-9.79
-0.12,-0.19,0.95,0.18,0.92,-0.22,-7.36,-11.32
-0.13,-0.19,0.95,0.07,0.9,-0.18,-7.55,-11.01
-0.12,-0.15,0.98,-0.05,0.89,-0.13,-6.67,-8.45
-0.1,-0.1,1.0,-0.12,0.85,-0.09,-5.57,-5.71
-0.07,-0.05,1.04,-0.19,0.82,-0.06,-3.85,-2.61
-0.05,0.01,1.06,-0.2,0.77,-0.03,-2.87,0.49
-0.04,0.06,1.08,-0.21,0.76,-0.03,-1.89,3.36
-0.02,0.11,1.08,-0.19,0.73,-0.04,-1.23,5.56
-0.0,0.13,1.1,-0.15,0.71,-0.06,-0.06,6.71
-0.01,0.13,1.09,-0.1,0.69,-0.09,-0.33,6.95
-0.02,0.12,1.09,-0.07,0.7,-0.11,-1.11,6.28
-0.03,0.09,1.09,-0.04,0.73,-0.12,-1.78,4.93
-0.05,0.08,1.08,0.02,0.72,-0.13,-2.39,4.39
-0.05,0.08,1.07,0.04,0.75,-0.14,-2.63,4.1
-0.05,0.05,1.04,0.06,0.77,-0.14,-2.67,2.6
-0.06,0.03,1.02,0.06,0.79,-0.17,-3.28,1.57
-0.07,-0.0,1.0,0.04,0.82,-0.18,-4.16,-0.21
-0.08,-0.03,1.0,0.01,0.82,-0.17,-4.49,-1.63
-0.1,-0.07,0.99,-0.04,0.84,-0.16,-5.53,-4.05
-0.09,-0.1,0.99,-0.14,0.87,-0.15,-5.42,-5.54
-0.1,-0.12,0.99,-0.2,0.86,-0.1,-5.98,-6.68
-0.1,-0.13,1.0,-0.29,0.86,-0.06,-5.63,-7.33
-0.1,-0.12,1.02,-0.4,0.85,-0.02,-5.46,-6.61
-0.09,-0.1,1.05,-0.49,0.83,0.03,-4.87,-5.33
-0.06,-0.04,1.09,-0.56,0.79,0.09,-3.42,-1.96
-0.05,0.03,1.14,-0.62,0.71,0.14,-2.54,1.33
-0.02,0.09,1.18,-0.62,0.63,0.19,-0.97,4.28
0.0,0.16,1.19,-0.62,0.6,0.21,0.06,7.79
0.01,0.23,1.19,-0.58,0.54,0.25,0.7,10.91
0.02,0.3,1.18,-0.5,0.51,0.23,0.86,14.02
0.03,0.35,1.18,-0.4,0.49,0.2,1.57,16.68
0.05,0.39,1.18,-0.3,0.5,0.14,2.15,17.99
0.06,0.41,1.18,-0.17,0.53,0.08,2.97,19.02
0.06,0.4,1.16,-0.06,0.6,0.02,2.87,19.16
0.05,0.38,1.15,0.08,0.68,-0.07,2.49,18.12
0.03,0.34,1.13,0.22,0.76,-0.15,1.62,16.84
0.02,0.3,1.11,0.34,0.83,-0.21,0.92,15.1
0.01,0.27,1.1,0.46,0.91,-0.27,0.34,13.78
0.0,0.26,1.08,0.58,0.99,-0.34,0.14,13.29
-0.0,0.23,1.07,0.68,1.08,-0.39,-0.17,12.07
-0.01,0.2,1.04,0.77,1.15,-0.44,-0.29,10.89
-0.02,0.17,1.02,0.87,1.2,-0.47,-0.86,9.19
-0.02,0.12,1.0,0.96,1.27,-0.52,-0.95,6.58
-0.03,0.06,0.98,1.02,1.33,-0.56,-1.46,3.74
-0.02,0.02,0.96,1.06,1.33,-0.56,-1.42,1.33
-0.02,-0.05,0.95,1.07,1.34,-0.59,-1.42,-2.89
-0.05,-0.15,0.94,1.07,1.3,-0.6,-2.71,-9.08
-0.07,-0.25,0.91,0.99,1.3,-0.58,-4.21,-15.54
-0.12,-0.36,0.89,0.83,1.29,-0.53,-6.97,-21.55
-0.17,-0.45,0.88,0.64,1.21,-0.45,-9.59,-26.61
-0.2,-0.49,0.88,0.41,1.12,-0.35,-11.36,-28.74
-0.22,-0.5,0.88,0.14,1.01,-0.26,-12.14,-29.12
-0.21,-0.49,0.89,-0.13,0.88,-0.14,-11.42,-28.13
-0.2,-0.48,0.92,-0.38,0.73,-0.02,-10.7,-26.94
-0.17,-0.43,0.95,-0.6,0.62,0.09,-9.19,-24.26
-0.14,-0.38,0.96,-0.81,0.51,0.2,-7.72,-21.18
-0.11,-0.29,0.96,-0.99,0.45,0.29,-6.39,-16.96
-0.08,-0.21,0.98,-1.14,0.42,0.36,-4.57,-12.25
-0.06,-0.14,1.01,-1.27,0.4,0.41,-3.23,-7.89
-0.02,-0.08,1.06,-1.36,0.44,0.44,-1.24,-4.57
0.03,-0.03,1.12,-1.43,0.51,0.49,1.3,-1.56
0.08,0.03,1.18,-1.48,0.6,0.54,4.1,1.66
0.14,0.12,1.22,-1.45,0.79,0.48,6.49,5.77
0.17,0.17,1.24,-1.45,0.71,0.63,7.94,7.94
0.2,0.23,1.23,-1.42,0.76,0.66,9.18,10.59
0.22,0.28,1.22,-1.39,0.84,0.67,9.83,12.57
0.22,0.32,1.2,-1.35,0.91,0.66,9.94,14.66
0.23,0.39,1.2,-1.3,0.94,0.65,10.19,17.84
0.24,0.44,1.2,-1.26,0.99,0.62,10.63,19.67
0.24,0.49,1.18,-1.21,1.0,0.59,10.55,21.93
0.23,0.53,1.15,-1.14,0.96,0.55,10.32,24.39
0.23,0.57,1.16,-1.06,0.89,0.51,10.04,25.87
0.22,0.61,1.14,-0.98,0.83,0.44,9.5,27.64
0.22,0.63,1.13,-0.89,0.74,0.38,9.64,28.78
0.21,0.63,1.09,-0.78,0.63,0.3,9.6,29.67
0.2,0.64,1.05,-0.68,0.51,0.24,9.33,30.71
0.18,0.61,1.01,-0.57,0.44,0.15,8.87,30.82
0.17,0.57,0.98,-0.5,0.38,0.06,8.55,29.97
0.15,0.53,0.98,-0.4,0.29,-0.02,7.71,28.13
0.13,0.48,0.99,-0.33,0.23,-0.08,6.77,25.59
0.11,0.43,1.0,-0.26,0.21,-0.14,5.82,22.98
0.1,0.38,0.99,-0.21,0.18,-0.18,5.35,20.97
0.09,0.35,0.98,-0.13,0.22,-0.3,4.71,19.63
0.06,0.32,0.97,-0.11,0.11,-0.24,3.47,18.1
0.05,0.28,0.95,-0.04,0.11,-0.28,2.94,16.55
0.05,0.25,0.95,-0.02,0.09,-0.32,2.69,14.62
0.03,0.21,0.95,0.01,0.05,-0.35,2.03,12.7
0.02,0.18,0.96,0.03,-0.0,-0.36,1.35,10.59
0.01,0.14,0.96,0.04,-0.04,-0.39,0.52,8.37
-0.01,0.11,0.96,0.04,-0.08,-0.39,-0.46,6.64
-0.02,0.09,0.96,0.04,-0.14,-0.38,-0.96,5.06
-0.04,0.06,0.96,0.04,-0.2,-0.37,-2.19,3.4
-0.05,0.03,0.97,0.04,-0.26,-0.37,-3.06,2.04
-0.07,0.02,0.98,0.03,-0.34,-0.34,-3.9,1.02
-0.09,-0.01,0.99,0.03,-0.38,-0.33,-5.08,-0.3
-0.1,-0.01,1.01,0.01,-0.42,-0.29,-5.43,-0.47
-0.1,-0.0,1.03,0.02,-0.41,-0.26,-5.66,-0.14
-0.1,0.02,1.05,0.05,-0.37,-0.24,-5.51,1.32
-0.09,0.03,1.07,0.09,-0.32,-0.21,-5.02,1.63
-0.09,0.03,1.08,0.15,-0.24,-0.19,-4.98,1.64
-0.09,0.03,1.09,0.2,-0.15,-0.17,-4.61,1.64
-0.09,0.02,1.07,0.22,-0.05,-0.16,-5.05,1.24
-0.1,0.01,1.06,0.27,0.02,-0.13,-5.37,0.79
-0.1,0.01,1.04,0.29,0.07,-0.12,-5.6,0.68
-0.1,0.0,1.04,0.32,0.13,-0.09,-5.37,0.09
-0.1,-0.01,1.03,0.33,0.16,-0.09,-5.47,-0.55
-0.09,-0.02,1.01,0.32,0.17,-0.05,-5.28,-1.09
-0.09,-0.02,1.0,0.33,0.16,-0.02,-5.38,-0.98
-0.09,-0.02,0.99,0.33,0.16,0.0,-5.04,-0.99
-0.08,-0.02,0.98,0.32,0.14,0.01,-4.85,-1.12
-0.08,-0.02,0.97,0.31,0.1,0.05,-4.68,-1.1
-0.07,-0.02,0.95,0.29,0.08,0.07,-4.49,-1.36
-0.07,-0.03,0.92,0.28,0.03,0.09,-4.5,-1.57
-0.06,-0.03,0.9,0.26,0.0,0.1,-3.99,-2.03
-0.06,-0.03,0.88,0.22,0.01,0.1,-3.8,-1.96
-0.06,-0.03,0.86,0.19,-0.01,0.11,-3.86,-2.3
-0.05,-0.04,0.85,0.16,-0.03,0.11,-3.43,-2.77
-0.04,-0.04,0.84,0.11,-0.03,0.09,-3.03,-2.8
-0.05,-0.05,0.84,0.06,-0.04,0.09,-3.2,-3.43
-0.04,-0.06,0.83,0.04,-0.05,0.06,-2.99,-3.89
-0.05,-0.06,0.85,-0.0,-0.07,0.05,-3.16,-4.05
-0.03,-0.06,0.87,-0.05,-0.06,0.05,-2.25,-4.17
-0.03,-0.04,0.9,-0.11,-0.02,0.05,-1.86,-2.86
-0.04,-0.04,0.92,-0.12,-0.02,0.04,-2.64,-2.7
-0.04,-0.03,0.95,-0.13,-0.01,0.04,-2.29,-1.65
-0.04,-0.03,0.98,-0.13,-0.02,0.05,-2.44,-1.49
-0.03,-0.02,1.01,-0.13,-0.03,0.08,-1.93,-0.91
-0.03,0.01,1.02,-0.12,-0.04,0.1,-1.71,0.47
-0.02,0.03,0.99,-0.09,-0.06,0.12,-1.1,1.79
-0.02,0.05,0.99,-0.07,-0.04,0.12,-1.03,2.72
-0.02,0.06,0.98,-0.04,-0.02,0.12,-0.98,3.4
-0.01,0.06,0.97,-0.02,-0.03,0.12,-0.56,3.51
-0.02,0.05,0.97,0.01,-0.04,0.11,-1.04,2.73
-0.01,0.04,0.97,0.01,-0.05,0.11,-0.75,2.33
-0.01,0.03,0.96,0.03,-0.06,0.1,-0.7,2.01
-0.02,0.03,0.95,0.01,-0.05,0.09,-0.99,1.82
-0.01,0.03,0.95,0.01,-0.06,0.08,-0.71,1.9
-0.02,0.03,0.95,-0.0,-0.06,0.07,-1.05,2.1
-0.02,0.04,0.95,-0.01,-0.05,0.06,-1.43,2.23
-0.01,0.04,0.95,-0.01,-0.06,0.06,-0.85,2.52
-0.02,0.05,0.94,0.0,-0.06,0.05,-1.15,2.92
-0.03,0.05,0.93,-0.0,-0.06,0.03,-1.74,3.17
-0.03,0.05,0.93,-0.01,-0.04,0.01,-2.07,2.87
-0.04,0.05,0.94,-0.02,-0.04,0.0,-2.17,3.19
-0.04,0.04,0.94,-0.0,-0.04,0.0,-2.3,2.49
-0.04,0.04,0.95,-0.0,-0.05,0.01,-2.26,2.23
-0.04,0.03,0.96,-0.0,-0.03,-0.0,-2.64,1.59
-0.05,0.03,0.96,0.0,-0.04,0.01,-2.97,1.63
-0.05,0.03,0.96,-0.02,-0.05,0.02,-2.75,1.69
-0.04,0.03,0.96,-0.0,-0.08,0.04,-2.65,1.94
-0.05,0.03,0.96,0.02,-0.07,0.03,-2.99,1.71
-0.05,0.02,0.96,0.0,-0.08,0.05,-3.14,1.14
-0.05,0.03,0.96,0.01,-0.09,0.05,-2.82,1.88
-0.05,0.03,0.95,0.0,-0.08,0.05,-2.93,1.67
-0.05,0.03,0.95,0.01,-0.08,0.05,-3.11,1.88
-0.05,0.03,0.93,-0.0,-0.06,0.05,-3.2,1.78
-0.05,0.03,0.93,-0.01,-0.05,0.05,-3.31,1.75
-0.06,0.02,0.93,0.01,-0.07,0.05,-3.41,1.21
-0.06,0.01,0.92,0.0,-0.06,0.04,-3.57,0.59
-0.06,0.01,0.92,-0.03,-0.04,0.04,-3.82,0.36
-0.06,-0.0,0.92,-0.03,-0.05,0.04,-3.95,-0.26
-0.07,0.0,0.92,-0.03,-0.07,0.06,-4.21,0.15
-0.07,0.01,0.95,-0.03,-0.05,0.05,-4.06,0.82
-0.06,0.02,0.94,-0.04,-0.03,0.04,-3.63,1.5
-0.06,0.02,0.94,-0.02,-0.03,0.04,-3.88,1.33
-0.06,0.03,0.94,-0.01,-0.01,0.04,-3.55,1.72
-0.06,0.03,0.94,0.01,0.01,0.05,-3.5,1.96
-0.06,0.03,0.94,-0.0,0.05,0.04,-3.67,1.8
-0.05,0.03,0.93,-0.0,0.05,0.05,-3.26,2.01
-0.05,0.03,0.93,0.02,0.06,0.05,-3.28,1.6
-0.06,0.01,0.93,0.02,0.04,0.05,-3.42,0.86
-0.06,-0.01,0.92,0.01,0.04,0.05,-3.61,-0.31
-0.05,-0.01,0.9,-0.02,0.02,0.07,-3.25,-0.84
-0.05,-0.02,0.9,-0.03,-0.01,0.07,-3.37,-1.0
-0.05,-0.01,0.89,-0.05,-0.03,0.08,-3.18,-0.45
-0.04,0.0,0.9,-0.06,-0.05,0.09,-2.28,0.25
-0.04,0.01,0.9,-0.1,-0.07,0.1,-2.27,0.51
-0.03,0.01,0.88,-0.11,-0.1,0.1,-2.22,0.58
-0.03,0.03,0.89,-0.1,-0.11,0.09,-1.68,1.69
-0.03,0.04,0.9,-0.13,-0.09,0.09,-1.67,2.34
-0.02,0.06,0.91,-0.13,-0.08,0.08,-1.11,3.49
-0.01,0.08,0.92,-0.1,-0.06,0.06,-0.53,4.93
-0.0,0.1,0.93,-0.07,-0.03,0.05,-0.1,6.02
0.01,0.1,0.94,-0.13,-0.11,0.13,0.62,6.05
0.01,0.1,0.95,-0.03,0.02,0.03,0.56,6.28
0.01,0.08,0.93,-0.0,0.08,-0.01,0.41,4.65
0.01,0.07,0.94,0.02,0.07,-0.02,0.34,4.09
-0.0,0.06,0.93,0.0,0.09,-0.03,-0.15,3.69
-0.0,0.05,0.94,-0.01,0.07,-0.02,-0.01,3.18
0.01,0.05,0.94,0.0,0.04,-0.03,0.53,3.2
0.01,0.04,0.94,-0.0,-0.01,-0.02,0.6,2.25
0.01,0.03,0.94,-0.03,-0.04,-0.02,0.41,1.56
0.0,0.02,0.94,-0.09,-0.07,-0.01,0.11,1.05
-0.0,0.02,0.94,-0.12,-0.13,-0.0,-0.18,1.12
0.0,0.03,0.94,-0.18,-0.16,0.01,0.04,1.7
0.0,0.01,0.95,-0.22,-0.21,0.01,0.19,0.72
0.0,0.0,0.96,-0.3,-0.27,0.03,0.19,0.22
0.0,-0.02,0.98,-0.36,-0.34,0.04,0.11,-1.14
-0.0,-0.02,0.99,-0.47,-0.4,0.06,-0.03,-1.38
-0.0,-0.02,1.01,-0.58,-0.43,0.08,-0.13,-1.19
-0.01,-0.02,1.06,-0.7,-0.48,0.12,-0.56,-1.0
-0.0,0.01,1.11,-0.83,-0.53,0.16,-0.04,0.72
0.02,0.06,1.16,-0.93,-0.57,0.22,1.07,2.75
0.05,0.12,1.19,-1.04,-0.57,0.28,2.34,5.7
0.07,0.19,1.21,-1.11,-0.6,0.34,3.06,8.82
0.09,0.26,1.22,-1.2,-0.64,0.37,4.05,12.15
0.11,0.33,1.25,-1.27,-0.69,0.4,4.68,14.69
0.14,0.41,1.3,-1.34,-0.72,0.42,5.83,17.28
0.16,0.47,1.36,-1.41,-0.76,0.45,6.54,19.03
0.19,0.53,1.38,-1.45,-0.84,0.47,7.35,20.86
0.23,0.61,1.36,-1.48,-0.92,0.49,8.84,23.85
0.28,0.7,1.37,-1.54,-0.99,0.48,10.46,26.46
0.34,0.79,1.39,-1.58,-1.09,0.44,12.13,29.03
0.39,0.87,1.4,-1.59,-1.21,0.4,13.31,30.88
0.45,0.93,1.4,-1.59,-1.33,0.35,14.81,32.41
0.49,1.0,1.39,-1.58,-1.49,0.29,16.03,34.0
0.55,1.04,1.34,-1.6,-1.61,0.2,17.85,35.75
0.58,1.08,1.3,-1.62,-1.79,0.09,18.89,37.28
0.56,1.09,1.3,-1.63,-1.99,-0.04,18.1,37.67
0.55,1.11,1.39,-1.67,-2.15,-0.18,17.11,36.62
0.57,1.16,1.57,-1.68,-2.23,-0.32,16.26,34.63
0.57,1.08,1.65,-1.62,-2.26,-0.44,16.15,31.75
0.55,0.96,1.75,-1.45,-2.22,-0.54,15.35,27.72
0.52,0.88,1.83,-1.26,-2.13,-0.63,14.34,24.85
0.48,0.79,1.9,-1.06,-1.97,-0.69,13.08,21.99
0.46,0.73,1.94,-0.8,-1.81,-0.73,12.44,20.22
0.42,0.69,1.97,-0.56,-1.7,-0.79,11.35,18.98
0.39,0.67,1.99,-0.35,-1.66,-0.85,10.57,18.19
0.37,0.63,2.01,-0.22,-1.67,-0.93,9.85,17.24
0.34,0.58,2.04,-0.15,-1.77,-1.0,9.02,15.77
0.31,0.52,2.08,-0.11,-1.9,-1.06,8.24,13.91
0.28,0.44,2.13,-0.12,-2.06,-1.12,7.27,11.64
0.25,0.36,2.17,-0.15,-2.26,-1.17,6.43,9.48
0.2,0.3,2.21,-0.18,-2.48,-1.2,5.26,7.64
0.16,0.22,2.24,-0.22,-2.68,-1.23,4.05,5.72
0.11,0.15,2.27,-0.22,-2.89,-1.25,2.86,3.78
0.05,0.09,2.29,-0.17,-3.04,-1.27,1.35,2.21
-0.01,0.03,2.3,-0.09,-3.18,-1.29,-0.2,0.78
-0.07,-0.03,2.32,0.04,-3.29,-1.31,-1.69,-0.82
-0.11,-0.09,2.33,0.23,-3.34,-1.34,-2.74,-2.26
-0.16,-0.17,2.35,0.46,-3.36,-1.39,-3.89,-4.09
-0.2,-0.25,2.37,0.68,-3.34,-1.41,-4.84,-5.96
-0.25,-0.35,2.39,0.93,-3.34,-1.43,-5.84,-8.19
-0.29,-0.43,2.41,1.12,-3.31,-1.43,-6.83,-10.15
-0.33,-0.52,2.4,1.31,-3.26,-1.42,-7.54,-12.21
-0.35,-0.69,2.26,1.43,-3.21,-1.39,-8.36,-16.88
-0.38,-0.85,2.1,1.55,-3.19,-1.34,-9.4,-21.82
-0.41,-1.0,1.93,1.6,-3.16,-1.29,-10.64,-26.76
-0.44,-1.1,1.77,1.58,-3.17,-1.19,-11.99,-31.08
-0.46,-1.18,1.62,1.53,-3.19,-1.09,-12.88,-35.03
-0.48,-1.24,1.47,1.45,-3.25,-0.98,-14.11,-38.6
-0.51,-1.28,1.34,1.32,-3.29,-0.87,-15.26,-41.84
-0.51,-1.3,1.22,1.16,-3.31,-0.74,-16.03,-44.56
-0.5,-1.29,1.12,1.02,-3.36,-0.63,-16.39,-46.4
-0.49,-1.24,1.04,0.88,-3.37,-0.52,-16.72,-47.37
-0.46,-1.18,0.98,0.74,-3.41,-0.43,-16.8,-47.46
-0.45,-1.11,0.94,0.62,-3.43,-0.37,-17.27,-47.0
-0.44,-1.05,0.92,0.54,-3.43,-0.32,-17.61,-45.78
-0.43,-0.99,0.92,0.48,-3.44,-0.27,-17.81,-44.35
-0.42,-0.94,0.91,0.49,-3.43,-0.25,-17.62,-43.31
-0.39,-0.89,0.89,0.52,-3.39,-0.24,-17.05,-42.5
-0.37,-0.85,0.84,0.56,-3.33,-0.25,-17.32,-42.47
-0.37,-0.82,0.79,0.62,-3.26,-0.24,-18.13,-43.22
-0.37,-0.8,0.73,0.68,-3.19,-0.25,-18.92,-44.53
-0.38,-0.8,0.67,0.75,-3.08,-0.26,-19.99,-46.17
-0.38,-0.82,0.63,0.81,-2.97,-0.25,-20.33,-48.26
-0.38,-0.85,0.57,0.86,-2.88,-0.2,-20.27,-51.05
-0.38,-0.86,0.5,0.89,-2.81,-0.15,-20.88,-53.99
-0.39,-0.86,0.44,0.93,-2.76,-0.08,-22.08,-55.6
-0.38,-0.83,0.38,0.93,-2.7,-0.02,-22.89,-57.04
-0.37,-0.8,0.31,0.93,-2.65,0.06,-23.57,-58.53
-0.35,-0.75,0.26,0.93,-2.61,0.13,-23.95,-59.9
-0.32,-0.69,0.18,0.89,-2.56,0.18,-24.39,-61.89
-0.3,-0.65,0.12,0.85,-2.51,0.22,-24.47,-63.4
-0.27,-0.6,0.06,0.79,-2.42,0.25,-24.35,-65.02
-0.25,-0.54,0.04,0.72,-2.37,0.28,-24.24,-65.45
-0.23,-0.46,0.01,0.64,-2.31,0.29,-26.27,-63.68
-0.21,-0.39,0.0,0.56,-2.29,0.29,-27.61,-62.39
-0.18,-0.34,-0.02,0.48,-2.23,0.3,-27.17,-62.54
-0.14,-0.29,-0.04,0.39,-2.24,0.3,-25.58,-63.58
-0.11,-0.23,-0.06,0.31,-2.26,0.3,-25.04,-61.73
-0.1,-0.16,-0.05,0.22,-2.29,0.28,-31.89,-53.91
-0.09,-0.12,-0.05,0.12,-2.34,0.26,-35.52,-48.31
-0.06,-0.09,-0.02,0.04,-2.41,0.23,-34.97,-53.68
-0.06,-0.07,-0.01,-0.03,-2.44,0.2,-39.3,-50.33
-0.03,-0.04,0.02,-0.08,-2.48,0.17,-29.7,-52.69
-0.03,-0.04,0.02,-0.13,-2.47,0.13,-32.04,-49.95
-0.04,-0.03,0.03,-0.19,-2.47,0.11,-39.97,-31.44
-0.08,-0.04,0.05,-0.24,-2.49,0.09,-50.02,-23.23
-0.11,-0.07,0.07,-0.28,-2.49,0.08,-48.44,-27.94
-0.14,-0.08,0.09,-0.32,-2.48,0.11,-49.05,-25.9
-0.16,-0.11,0.13,-0.34,-2.51,0.15,-44.38,-27.35
-0.17,-0.11,0.16,-0.37,-2.55,0.22,-40.85,-24.68
-0.17,-0.07,0.21,-0.39,-2.55,0.28,-38.61,-14.01
-0.17,-0.01,0.27,-0.38,-2.51,0.33,-31.66,-1.31
-0.14,0.03,0.33,-0.35,-2.45,0.36,-23.27,5.01
-0.1,0.06,0.38,-0.31,-2.41,0.37,-15.1,8.38
-0.08,0.08,0.41,-0.26,-2.28,0.35,-11.3,10.49
-0.07,0.11,0.45,-0.23,-2.12,0.33,-8.36,14.06
-0.06,0.14,0.48,-0.17,-1.97,0.29,-6.55,16.64
-0.04,0.17,0.51,-0.11,-1.81,0.22,-3.89,18.11
-0.02,0.17,0.52,-0.05,-1.64,0.16,-1.91,17.89
-0.01,0.16,0.53,-0.02,-1.46,0.08,-1.15,16.89
-0.02,0.14,0.54,0.02,-1.35,0.04,-1.71,14.58
-0.03,0.12,0.54,0.05,-1.21,-0.02,-2.77,12.07
-0.03,0.1,0.54,0.06,-1.13,-0.04,-3.64,10.23
-0.06,0.08,0.55,0.06,-1.03,-0.07,-5.89,8.6
-0.08,0.08,0.55,0.09,-0.96,-0.07,-7.71,8.55
-0.09,0.08,0.57,0.12,-0.9,-0.06,-9.28,7.38
-0.1,0.06,0.6,0.16,-0.84,-0.04,-9.81,5.94
-0.12,0.04,0.61,0.19,-0.78,-0.02,-11.43,3.85
-0.15,0.01,0.63,0.25,-0.78,0.02,-13.39,0.68
-0.14,0.0,0.62,0.34,-0.71,-0.01,-12.87,0.34
-0.14,0.01,0.61,0.34,-0.82,0.15,-12.6,1.31
-0.13,0.06,0.61,0.35,-0.83,0.2,-11.62,5.57
-0.1,0.1,0.62,0.35,-0.83,0.23,-8.96,9.09
-0.07,0.14,0.64,0.37,-0.84,0.24,-6.47,12.4
-0.05,0.16,0.66,0.4,-0.83,0.24,-4.26,13.62
-0.04,0.19,0.67,0.4,-0.76,0.21,-2.97,15.6
-0.03,0.21,0.66,0.41,-0.71,0.2,-2.74,17.75
-0.04,0.23,0.66,0.43,-0.67,0.17,-2.86,19.54
-0.03,0.25,0.67,0.43,-0.64,0.14,-2.28,20.19
-0.02,0.27,0.67,0.41,-0.54,0.11,-1.73,22.15
-0.02,0.27,0.68,0.42,-0.5,0.1,-1.19,21.8
0.0,0.27,0.68,0.42,-0.44,0.06,0.3,21.82
0.02,0.27,0.67,0.4,-0.39,0.05,1.82,21.72
0.02,0.27,0.66,0.38,-0.33,0.02,1.95,22.46
0.03,0.28,0.66,0.35,-0.29,-0.01,2.06,22.98
0.03,0.27,0.66,0.33,-0.27,-0.02,2.25,22.55
0.02,0.27,0.65,0.32,-0.27,-0.04,1.93,22.68
0.02,0.25,0.64,0.26,-0.27,-0.05,1.64,21.48
0.01,0.23,0.64,0.22,-0.26,-0.03,0.94,20.12
0.01,0.23,0.65,0.17,-0.28,-0.02,0.91,19.32
0.01,0.24,0.67,0.12,-0.28,-0.01,0.59,19.71
-0.01,0.24,0.7,0.07,-0.29,0.01,-0.58,19.25
-0.01,0.22,0.7,0.02,-0.29,0.01,-0.65,17.69
-0.01,0.21,0.72,-0.03,-0.3,0.01,-0.48,15.95
-0.01,0.19,0.73,-0.04,-0.33,0.03,-0.67,14.79
-0.0,0.18,0.72,-0.07,-0.33,0.05,-0.19,14.36
0.01,0.2,0.74,-0.12,-0.34,0.06,0.49,15.1
0.0,0.22,0.77,-0.14,-0.37,0.07,0.02,15.66
-0.01,0.22,0.78,-0.18,-0.38,0.07,-0.67,15.41
-0.0,0.2,0.81,-0.2,-0.38,0.06,-0.27,13.81
-0.01,0.2,0.83,-0.23,-0.36,0.05,-0.41,13.41
-0.01,0.18,0.85,-0.25,-0.36,0.04,-0.69,12.27
-0.01,0.18,0.87,-0.26,-0.29,-0.02,-0.42,11.56
-0.01,0.16,0.88,-0.27,-0.32,0.02,-0.68,10.58
-0.02,0.16,0.92,-0.27,-0.27,0.0,-0.95,9.61
-0.01,0.14,0.95,-0.23,-0.28,-0.01,-0.72,8.6
-0.01,0.11,0.96,-0.19,-0.26,-0.04,-0.69,6.3
-0.01,0.09,0.95,-0.14,-0.25,-0.05,-0.89,5.12
-0.02,0.08,0.92,-0.11,-0.21,-0.05,-1.06,5.13
-0.02,0.08,0.91,-0.1,-0.16,-0.04,-1.17,5.07
-0.03,0.08,0.9,-0.07,-0.12,-0.04,-1.89,5.1
-0.03,0.07,0.9,-0.05,-0.09,-0.04,-1.86,4.53
-0.03,0.05,0.9,-0.02,-0.06,-0.03,-1.89,3.16
-0.02,0.05,0.88,-0.01,-0.03,-0.01,-1.29,3.28
-0.01,0.06,0.87,-0.01,-0.01,0.01,-0.52,3.83
-0.01,0.09,0.85,-0.02,0.02,0.01,-0.49,5.78
-0.01,0.1,0.86,-0.04,0.05,0.02,-0.46,6.34
-0.01,0.1,0.86,-0.09,0.07,0.03,-0.47,6.57
0.01,0.1,0.88,-0.12,0.04,0.03,0.35,6.46
0.01,0.09,0.89,-0.15,0.02,0.03,0.47,5.86
0.02,0.1,0.9,-0.18,0.01,0.03,1.01,6.36
0.02,0.11,0.94,-0.22,-0.02,0.02,1.19,6.45
0.01,0.09,0.97,-0.24,-0.0,-0.0,0.43,5.22
0.01,0.07,0.99,-0.22,-0.02,-0.02,0.75,3.83
0.01,0.05,1.0,-0.21,-0.02,-0.02,0.74,3.07
0.01,0.06,1.0,-0.21,-0.0,-0.03,0.4,3.26
0.0,0.06,1.01,-0.19,0.01,-0.03,0.03,3.56
-0.0,0.06,1.02,-0.15,0.02,-0.04,-0.28,3.63
-0.01,0.05,1.0,-0.13,0.04,-0.06,-0.32,3.04
-0.01,0.04,1.0,-0.13,0.09,-0.05,-0.68,2.23
-0.02,0.04,0.99,-0.11,0.1,-0.04,-1.21,2.14
-0.02,0.05,0.99,-0.09,0.1,-0.01,-1.28,2.86
-0.02,0.06,0.99,-0.07,0.08,0.0,-1.3,3.56
-0.01,0.07,0.99,-0.06,0.12,0.0,-0.57,4.12
-0.01,0.08,0.99,-0.06,0.11,0.01,-0.49,4.77
0.0,0.09,0.97,-0.08,0.1,0.01,0.15,5.52
0.0,0.09,0.98,-0.09,0.11,0.0,0.16,5.43
-0.01,0.1,0.97,-0.1,0.12,-0.0,-0.47,5.68
-0.01,0.09,0.97,-0.16,0.13,-0.01,-0.52,5.31
-0.0,0.08,0.98,-0.17,0.1,-0.01,-0.27,4.43
-0.02,0.07,0.99,-0.19,0.08,-0.01,-0.99,3.93
-0.02,0.06,1.01,-0.22,0.04,0.0,-1.42,3.24
-0.03,0.03,1.02,-0.24,0.02,0.01,-1.86,1.93
-0.04,0.02,1.03,-0.26,-0.01,0.0,-2.13,1.33
-0.04,0.02,1.03,-0.26,-0.07,0.02,-1.96,1.27
-0.02,0.01,1.03,-0.27,-0.08,0.01,-1.25,0.74
-0.03,0.0,1.05,-0.29,-0.08,0.03,-1.77,0.03
-0.05,-0.01,1.05,-0.29,-0.08,0.04,-2.58,-0.57
-0.05,-0.02,1.08,-0.28,-0.07,0.05,-2.9,-0.82
-0.04,-0.03,1.1,-0.27,-0.03,0.05,-2.27,-1.34
-0.06,-0.04,1.12,-0.23,-0.03,0.05,-2.82,-1.88
-0.06,-0.03,1.14,-0.2,-0.01,0.06,-3.07,-1.32
-0.06,-0.03,1.16,-0.15,-0.02,0.06,-2.96,-1.34
-0.05,-0.03,1.17,-0.09,0.03,0.05,-2.48,-1.58
-0.05,-0.03,1.17,-0.05,0.08,0.06,-2.26,-1.26
-0.05,-0.02,1.17,0.02,0.1,0.06,-2.36,-0.83
-0.05,-0.0,1.16,0.08,0.13,0.05,-2.26,-0.03
-0.04,-0.0,1.14,0.13,0.17,0.05,-1.98,-0.12
-0.04,0.02,1.11,0.15,0.19,0.04,-1.85,1.2
-0.04,0.04,1.1,0.16,0.19,0.05,-2.07,2.09
-0.03,0.06,1.08,0.15,0.16,0.05,-1.76,2.92
-0.02,0.05,1.08,0.14,0.16,0.03,-1.18,2.58
-0.02,0.05,1.06,0.12,0.15,0.01,-0.87,2.82
-0.02,0.05,1.06,0.12,0.1,0.02,-1.1,2.52
-0.03,0.05,1.06,0.1,0.05,0.01,-1.36,2.56
-0.02,0.03,1.06,0.08,0.03,-0.0,-1.2,1.5
-0.02,0.02,1.05,0.08,0.0,-0.01,-0.99,1.3
-0.02,0.01,1.05,0.07,-0.03,-0.0,-1.27,0.76
-0.03,0.01,1.05,0.07,-0.04,-0.0,-1.64,0.3
-0.03,-0.0,1.04,0.07,-0.05,-0.0,-1.88,-0.01
-0.04,-0.02,1.05,0.07,-0.06,0.0,-2.39,-0.83
-0.05,-0.02,1.05,0.07,-0.07,0.02,-2.88,-0.94
-0.07,-0.01,1.05,0.08,-0.04,0.02,-3.71,-0.74
-0.07,-0.02,1.06,0.11,-0.03,0.04,-3.73,-0.81
-0.06,-0.01,1.05,0.13,0.0,0.04,-3.25,-0.66
-0.06,-0.0,1.03,0.15,0.02,0.05,-3.07,-0.18
-0.05,0.01,1.02,0.18,0.04,0.05,-3.06,0.5
-0.05,0.02,1.01,0.19,0.06,0.07,-3.0,1.32
-0.05,0.04,0.99,0.17,0.1,0.07,-2.76,2.24
-0.04,0.05,0.97,0.17,0.11,0.07,-2.55,2.67
-0.04,0.05,0.97,0.15,0.1,0.08,-2.43,3.06
-0.03,0.05,0.96,0.14,0.12,0.08,-2.07,3.16
-0.03,0.05,0.96,0.12,0.12,0.07,-1.63,2.97
-0.02,0.05,0.94,0.09,0.12,0.08,-1.4,3.15
-0.01,0.06,0.92,0.06,0.08,0.1,-0.88,3.62
-0.02,0.06,0.92,0.01,0.04,0.11,-1.17,3.86
-0.02,0.05,0.93,-0.05,0.02,0.1,-1.37,3.21
-0.02,0.05,0.94,-0.1,-0.03,0.12,-1.43,3.11
-0.03,0.04,0.96,-0.12,-0.08,0.13,-1.6,2.19
-0.03,0.02,0.99,-0.14,-0.15,0.14,-1.94,1.44
-0.03,0.02,0.99,-0.17,-0.18,0.16,-1.98,1.0
-0.04,0.01,1.01,-0.18,-0.22,0.17,-2.18,0.47
-0.05,0.0,1.03,-0.18,-0.25,0.19,-2.53,0.01
-0.04,0.01,1.06,-0.17,-0.26,0.2,-2.4,0.29
-0.04,0.0,1.1,-0.15,-0.22,0.19,-1.95,0.04
-0.03,0.01,1.11,-0.11,-0.17,0.19,-1.76,0.68
-0.04,0.02,1.1,-0.06,-0.11,0.17,-1.89,1.11
-0.03,0.03,1.11,-0.0,-0.06,0.15,-1.79,1.41
-0.04,0.03,1.1,0.04,0.0,0.13,-2.32,1.75
-0.03,0.02,1.08,0.07,0.08,0.11,-1.62,1.3
-0.03,0.02,1.06,0.09,0.12,0.11,-1.74,0.93
-0.04,0.01,1.04,0.12,0.11,0.11,-2.35,0.65
-0.05,0.01,1.02,0.16,0.11,0.11,-2.56,0.72
-0.01,0.03,1.01,0.17,0.12,0.13,-0.82,1.57
-0.0,0.05,0.98,0.15,0.11,0.13,-0.26,2.8
0.0,0.07,0.99,0.15,0.08,0.12,0.11,4.09
-0.0,0.07,1.0,0.14,0.08,0.12,-0.18,4.18
-0.0,0.07,1.01,0.12,0.09,0.1,-0.27,3.75
-0.01,0.08,0.99,0.11,0.06,0.11,-0.47,4.43
-0.01,0.08,0.99,0.11,0.03,0.09,-0.65,4.6
-0.01,0.08,0.98,0.1,0.01,0.1,-0.55,4.5
-0.01,0.08,0.98,0.09,-0.02,0.1,-0.63,4.4
-0.01,0.08,0.99,0.07,0.0,0.09,-0.8,4.53
-0.02,0.07,0.99,0.09,-0.02,0.09,-1.44,4.19
-0.02,0.07,0.99,0.11,-0.03,0.09,-1.4,3.92
-0.02,0.07,0.98,0.12,-0.0,0.08,-1.29,4.05
-0.01,0.07,0.97,0.15,-0.0,0.08,-0.61,4.31
-0.01,0.09,0.94,0.16,0.02,0.08,-0.89,5.2
-0.01,0.09,0.93,0.16,0.01,0.08,-0.78,5.6
-0.01,0.09,0.92,0.17,0.05,0.07,-0.92,5.86
-0.02,0.1,0.91,0.16,0.07,0.08,-1.12,6.07
-0.01,0.09,0.9,0.17,0.08,0.07,-0.7,5.43
-0.01,0.1,0.89,0.17,0.06,0.09,-0.78,6.19
-0.02,0.1,0.88,0.16,0.09,0.07,-1.45,6.67
-0.03,0.11,0.87,0.15,0.11,0.06,-1.97,6.99
-0.04,0.1,0.87,0.12,0.12,0.07,-2.33,6.75
-0.04,0.1,0.88,0.14,0.12,0.07,-2.73,6.53
-0.05,0.09,0.89,0.15,0.14,0.07,-3.12,5.6
-0.05,0.08,0.89,0.17,0.17,0.07,-3.24,5.24
-0.05,0.08,0.88,0.2,0.17,0.09,-3.33,5.0
-0.05,0.07,0.87,0.21,0.19,0.08,-3.53,4.57
-0.05,0.07,0.86,0.22,0.22,0.09,-3.51,4.75
-0.05,0.09,0.85,0.25,0.24,0.09,-3.27,5.88
-0.04,0.1,0.85,0.27,0.27,0.1,-2.85,6.83
-0.04,0.11,0.84,0.28,0.28,0.11,-2.61,7.74
-0.04,0.12,0.83,0.3,0.31,0.1,-2.74,8.25
-0.03,0.13,0.81,0.29,0.35,0.08,-2.39,9.0
-0.03,0.14,0.79,0.28,0.37,0.1,-2.16,10.07
-0.04,0.14,0.79,0.29,0.38,0.09,-2.85,10.13
-0.02,0.14,0.78,0.28,0.4,0.08,-1.65,10.19
-0.02,0.13,0.79,0.26,0.41,0.08,-1.77,9.34
-0.02,0.13,0.79,0.25,0.42,0.07,-1.62,9.01
-0.02,0.12,0.79,0.24,0.43,0.07,-1.77,8.85
-0.02,0.15,0.78,0.24,0.44,0.06,-1.66,11.13
-0.03,0.16,0.77,0.19,0.47,0.06,-1.99,11.6
-0.03,0.13,0.8,0.21,0.46,0.06,-2.18,9.56
-0.03,0.12,0.81,0.22,0.47,0.05,-2.27,8.64
-0.03,0.13,0.82,0.24,0.49,0.05,-2.25,8.77
-0.04,0.14,0.8,0.25,0.54,0.03,-2.86,9.97
-0.05,0.14,0.81,0.26,0.6,0.02,-3.27,9.95
-0.05,0.14,0.81,0.31,0.63,0.02,-3.19,9.44
-0.04,0.12,0.8,0.33,0.69,-0.0,-3.16,8.81
-0.04,0.12,0.79,0.38,0.74,0.0,-2.51,8.47
-0.03,0.12,0.79,0.4,0.78,0.01,-2.47,8.56
-0.04,0.12,0.78,0.43,0.8,-0.01,-2.76,8.5
-0.03,0.12,0.77,0.48,0.85,-0.01,-2.53,8.73
-0.02,0.11,0.74,0.5,0.9,-0.02,-1.6,8.64
-0.01,0.11,0.74,0.51,0.94,-0.02,-0.79,8.77
-0.0,0.11,0.72,0.54,0.96,-0.02,-0.27,8.85
-0.01,0.11,0.71,0.56,0.96,-0.02,-0.93,8.95
-0.01,0.11,0.7,0.54,0.98,-0.03,-0.69,9.02
-0.01,0.11,0.7,0.57,0.96,-0.02,-0.71,8.56
-0.01,0.09,0.68,0.57,0.98,-0.03,-0.47,7.72
-0.01,0.09,0.65,0.56,0.96,-0.02,-0.44,7.95
-0.02,0.09,0.62,0.52,0.96,-0.01,-2.09,8.64
-0.03,0.09,0.61,0.46,0.94,0.03,-2.54,8.7
-0.03,0.11,0.6,0.41,0.9,0.07,-2.5,10.74
-0.01,0.14,0.62,0.34,0.86,0.1,-0.83,13.11
-0.01,0.17,0.65,0.29,0.85,0.1,-0.77,14.64
0.0,0.19,0.66,0.23,0.84,0.08,0.12,16.38
0.0,0.22,0.68,0.18,0.82,0.05,0.35,18.03
0.0,0.22,0.69,0.11,0.84,-0.0,0.13,17.84
-0.0,0.22,0.7,0.08,0.84,-0.05,-0.29,17.27
-0.0,0.19,0.7,0.01,0.89,-0.1,-0.3,15.15
-0.01,0.14,0.7,-0.02,0.9,-0.12,-0.77,11.06
-0.02,0.08,0.71,-0.06,0.9,-0.15,-1.36,6.67
-0.03,0.04,0.71,-0.1,0.92,-0.17,-2.69,3.44
-0.04,0.01,0.72,-0.15,0.94,-0.16,-3.2,1.04
-0.04,-0.01,0.75,-0.17,0.98,-0.16,-3.36,-0.87
-0.03,-0.03,0.78,-0.17,1.02,-0.17,-2.53,-2.03
-0.04,-0.04,0.8,-0.19,1.09,-0.16,-2.75,-2.8
-0.06,-0.06,0.83,-0.18,1.13,-0.17,-3.99,-3.82
-0.05,-0.08,0.85,-0.17,1.18,-0.16,-3.61,-5.27
-0.05,-0.1,0.88,-0.14,1.23,-0.15,-3.46,-6.46
-0.05,-0.09,0.9,-0.1,1.28,-0.14,-3.25,-5.83
-0.04,-0.06,0.9,-0.06,1.35,-0.13,-2.67,-4.11
-0.04,-0.04,0.9,-0.04,1.4,-0.13,-2.75,-2.74
-0.04,-0.03,0.89,-0.01,1.44,-0.16,-2.55,-1.95
-0.05,-0.03,0.88,-0.0,1.47,-0.16,-3.08,-1.95
-0.06,-0.04,0.89,-0.0,1.51,-0.18,-3.68,-2.7
-0.06,-0.06,0.88,0.01,1.49,-0.17,-4.07,-3.62
-0.07,-0.06,0.87,0.02,1.47,-0.17,-4.79,-3.74
-0.08,-0.05,0.87,0.01,1.44,-0.16,-5.22,-3.53
-0.09,-0.05,0.88,-0.0,1.43,-0.17,-5.51,-3.31
-0.08,-0.06,0.89,-0.02,1.41,-0.17,-5.23,-3.75
-0.08,-0.07,0.9,-0.01,1.38,-0.17,-4.78,-4.48
-0.08,-0.08,0.91,-0.01,1.38,-0.17,-4.91,-5.33
-0.08,-0.1,0.91,-0.01,1.4,-0.17,-4.84,-6.25
-0.07,-0.11,0.93,-0.01,1.39,-0.17,-4.58,-7.02
-0.08,-0.14,0.94,-0.01,1.37,-0.17,-5.07,-8.58
-0.07,-0.16,0.96,0.01,1.39,-0.17,-4.36,-9.22
-0.06,-0.16,0.96,0.03,1.41,-0.16,-3.75,-9.47
-0.06,-0.15,0.97,0.03,1.45,-0.15,-3.31,-8.78
-0.06,-0.15,0.99,0.08,1.46,-0.14,-3.3,-8.42
-0.06,-0.15,1.02,0.11,1.47,-0.14,-3.44,-8.38
-0.06,-0.15,1.04,0.17,1.48,-0.14,-3.13,-8.11
-0.05,-0.14,1.05,0.23,1.48,-0.14,-2.71,-7.35
-0.04,-0.11,1.04,0.3,1.49,-0.14,-2.16,-6.1
-0.04,-0.08,1.02,0.36,1.51,-0.16,-2.04,-4.69
-0.04,-0.09,0.98,0.42,1.56,-0.19,-2.27,-5.0
-0.04,-0.1,0.95,0.47,1.58,-0.2,-2.15,-5.92
-0.02,-0.12,0.92,0.48,1.62,-0.21,-1.48,-7.34
-0.01,-0.11,0.87,0.49,1.63,-0.2,-0.55,-7.19
-0.02,-0.12,0.84,0.46,1.66,-0.21,-1.27,-8.29
-0.04,-0.11,0.84,0.41,1.68,-0.2,-2.65,-7.5
-0.03,-0.1,0.86,0.36,1.67,-0.19,-2.23,-6.6
-0.02,-0.07,0.86,0.34,1.64,-0.19,-1.39,-4.98
-0.01,-0.04,0.86,0.32,1.62,-0.19,-0.95,-2.97
-0.01,-0.03,0.88,0.28,1.64,-0.21,-0.76,-1.99
-0.02,0.01,0.88,0.28,1.61,-0.22,-0.99,0.57
-0.0,0.01,0.93,0.28,1.6,-0.24,-0.2,0.56
-0.01,0.02,0.87,0.28,1.61,-0.28,-0.34,1.0
0.01,0.01,0.86,0.27,1.64,-0.33,0.43,0.92
0.0,-0.0,0.85,0.27,1.66,-0.36,0.22,-0.28
-0.02,-0.03,0.81,0.24,1.66,-0.38,-1.27,-2.22
-0.04,-0.07,0.77,0.17,1.66,-0.4,-2.77,-5.42
-0.04,-0.1,0.77,0.08,1.62,-0.4,-2.66,-7.72
-0.04,-0.11,0.77,-0.01,1.58,-0.38,-2.79,-8.06
-0.03,-0.12,0.77,-0.1,1.53,-0.37,-2.54,-8.67
-0.05,-0.12,0.77,-0.18,1.5,-0.37,-3.39,-8.73
-0.04,-0.12,0.79,-0.28,1.46,-0.35,-2.77,-8.85
-0.04,-0.13,0.82,-0.35,1.41,-0.36,-2.43,-8.7
-0.02,-0.13,0.85,-0.44,1.37,-0.35,-1.61,-8.7
-0.02,-0.12,0.87,-0.49,1.33,-0.35,-1.38,-7.75
-0.03,-0.1,0.91,-0.54,1.35,-0.37,-2.12,-6.14
-0.04,-0.09,0.96,-0.56,1.36,-0.38,-2.34,-5.12
-0.04,-0.09,1.02,-0.57,1.41,-0.41,-2.13,-4.77
-0.04,-0.09,1.06,-0.49,1.38,-0.4,-2.04,-4.83
-0.04,-0.1,1.06,-0.45,1.43,-0.42,-2.3,-5.45
-0.05,-0.1,1.06,-0.4,1.49,-0.43,-2.54,-5.65
-0.06,-0.12,1.04,-0.35,1.53,-0.43,-3.21,-6.37
-0.07,-0.14,1.02,-0.35,1.61,-0.44,-4.12,-7.63
-0.09,-0.16,1.01,-0.35,1.65,-0.45,-5.03,-9.11
-0.1,-0.18,1.01,-0.34,1.66,-0.42,-5.59,-10.0
-0.1,-0.19,1.0,-0.36,1.67,-0.41,-5.53,-10.72
-0.1,-0.2,0.99,-0.38,1.66,-0.39,-5.53,-11.31
-0.11,-0.2,0.97,-0.42,1.65,-0.36,-6.19,-11.82
-0.1,-0.21,0.97,-0.49,1.64,-0.33,-5.98,-11.98
-0.1,-0.21,0.98,-0.54,1.6,-0.3,-5.68,-11.76
-0.09,-0.2,1.01,-0.6,1.53,-0.28,-5.28,-10.92
-0.08,-0.19,1.03,-0.67,1.49,-0.25,-4.39,-10.2
-0.06,-0.18,1.04,-0.72,1.39,-0.23,-3.44,-9.69
-0.05,-0.17,1.05,-0.78,1.32,-0.21,-2.9,-9.37
-0.06,-0.15,1.07,-0.77,1.42,-0.34,-3.01,-7.96
-0.06,-0.13,1.09,-0.86,1.19,-0.17,-3.16,-6.91
-0.06,-0.1,1.13,-0.9,1.16,-0.15,-2.79,-5.27
-0.06,-0.07,1.17,-0.87,1.12,-0.14,-2.9,-3.44
-0.05,-0.04,1.2,-0.83,1.09,-0.14,-2.49,-1.76
-0.06,0.0,1.22,-0.76,1.12,-0.16,-2.66,0.07
-0.06,0.02,1.24,-0.7,1.17,-0.18,-2.64,1.02
-0.07,0.03,1.26,-0.6,1.22,-0.21,-3.34,1.14
-0.08,0.04,1.28,-0.48,1.29,-0.24,-3.37,1.91
-0.08,0.04,1.29,-0.36,1.36,-0.26,-3.52,1.92
-0.09,-0.0,1.27,-0.24,1.47,-0.28,-4.22,-0.08
-0.1,-0.03,1.23,-0.15,1.54,-0.28,-4.57,-1.51
-0.11,-0.07,1.2,-0.05,1.6,-0.28,-5.05,-3.16
-0.13,-0.1,1.14,-0.01,1.66,-0.27,-6.64,-4.8
-0.14,-0.11,1.1,0.0,1.71,-0.25,-7.14,-5.5
-0.13,-0.11,1.07,0.0,1.71,-0.22,-6.9,-5.8
-0.13,-0.11,1.05,-0.02,1.69,-0.18,-7.19,-6.13
-0.12,-0.1,1.04,-0.03,1.66,-0.15,-6.67,-5.7
-0.14,-0.09,1.02,-0.09,1.6,-0.11,-7.57,-4.79
-0.12,-0.08,0.99,-0.14,1.53,-0.09,-6.76,-4.45
-0.1,-0.07,0.97,-0.18,1.44,-0.07,-6.07,-3.99
-0.09,-0.06,0.95,-0.25,1.36,-0.08,-5.43,-3.5
-0.09,-0.06,0.95,-0.32,1.29,-0.09,-5.56,-3.52
-0.11,-0.06,0.95,-0.4,1.23,-0.1,-6.34,-3.54
-0.11,-0.07,0.97,-0.43,1.17,-0.1,-6.42,-4.25
-0.11,-0.06,0.99,-0.49,1.14,-0.09,-6.5,-3.71
-0.12,-0.05,1.01,-0.53,1.17,-0.1,-6.49,-3.08
-0.12,-0.04,1.03,-0.55,1.18,-0.1,-6.41,-2.49
-0.12,-0.05,1.04,-0.56,1.24,-0.12,-6.35,-2.58
-0.12,-0.06,1.06,-0.58,1.29,-0.12,-6.43,-3.18
-0.13,-0.08,1.06,-0.59,1.37,-0.12,-6.82,-4.14
-0.13,-0.08,1.06,-0.6,1.44,-0.1,-6.7,-4.41
-0.12,-0.08,1.07,-0.61,1.47,-0.09,-6.43,-4.09
-0.11,-0.06,1.09,-0.58,1.68,-0.21,-5.94,-3.36
-0.1,-0.06,1.11,-0.65,1.53,-0.07,-5.16,-3.32
-0.08,-0.07,1.13,-0.67,1.54,-0.04,-4.14,-3.54
-0.07,-0.06,1.14,-0.67,1.52,-0.03,-3.47,-2.84
-0.05,-0.03,1.17,-0.7,1.51,0.01,-2.41,-1.47
-0.02,0.0,1.22,-0.69,1.46,0.02,-1.13,0.18
0.0,0.05,1.23,-0.66,1.41,0.03,0.21,2.15
0.03,0.09,1.24,-0.61,1.38,0.03,1.2,4.32
0.03,0.13,1.23,-0.55,1.36,0.0,1.44,6.01
0.03,0.16,1.21,-0.49,1.4,-0.04,1.3,7.33
0.01,0.17,1.19,-0.43,1.43,-0.1,0.58,8.28
-0.01,0.17,1.19,-0.38,1.45,-0.15,-0.55,8.27
-0.03,0.15,1.19,-0.3,1.45,-0.2,-1.58,7.13
-0.06,0.13,1.21,-0.25,1.46,-0.24,-2.61,5.93
-0.09,0.09,1.21,-0.2,1.47,-0.24,-4.13,4.38
-0.1,0.08,1.2,-0.14,1.45,-0.24,-4.54,3.7
-0.1,0.07,1.19,-0.1,1.44,-0.24,-4.87,3.13
-0.11,0.03,1.16,-0.08,1.45,-0.24,-5.53,1.37
-0.12,-0.01,1.14,-0.07,1.44,-0.23,-5.83,-0.43
-0.11,-0.04,1.11,-0.08,1.42,-0.22,-5.85,-1.95
-0.1,-0.05,1.1,-0.1,1.38,-0.21,-5.39,-2.82
-0.1,-0.07,1.09,-0.13,1.35,-0.2,-5.25,-3.84
-0.11,-0.1,1.1,-0.18,1.33,-0.19,-5.53,-5.17
-0.09,-0.13,1.11,-0.22,1.28,-0.17,-4.78,-6.48
-0.09,-0.12,1.12,-0.28,1.28,-0.15,-4.78,-6.22
-0.08,-0.13,1.13,-0.34,1.24,-0.12,-4.22,-6.7
-0.08,-0.14,1.12,-0.39,1.18,-0.1,-4.03,-7.14
-0.08,-0.16,1.13,-0.44,1.15,-0.07,-3.82,-7.84
-0.08,-0.17,1.13,-0.5,1.12,-0.04,-3.93,-8.58
-0.08,-0.18,1.14,-0.56,1.09,0.0,-4.18,-8.88
-0.09,-0.18,1.16,-0.64,1.1,0.04,-4.46,-8.66
-0.1,-0.16,1.17,-0.71,1.08,0.1,-4.67,-7.54
-0.09,-0.14,1.18,-0.75,1.07,0.14,-4.14,-6.66
-0.1,-0.12,1.18,-0.79,1.04,0.19,-4.73,-5.9
-0.09,-0.09,1.21,-0.84,1.04,0.25,-4.2,-4.12
-0.09,-0.04,1.2,-0.84,1.03,0.29,-4.31,-2.03
-0.08,-0.0,1.22,-0.83,1.06,0.33,-3.53,-0.21
-0.06,0.01,1.21,-0.81,1.09,0.36,-3.04,0.52
-0.04,0.02,1.19,-0.81,1.14,0.37,-2.11,1.17
-0.03,0.03,1.18,-0.82,1.18,0.38,-1.25,1.3
-0.01,0.02,1.19,-0.8,1.2,0.4,-0.45,0.93
0.01,0.01,1.17,-0.81,1.18,0.4,0.38,0.73
0.02,-0.01,1.17,-0.85,1.15,0.41,1.1,-0.3
0.05,-0.03,1.18,-0.92,1.16,0.42,2.31,-1.3
0.05,-0.04,1.18,-0.99,1.12,0.46,2.64,-2.08
0.06,-0.03,1.18,-1.07,1.11,0.49,2.79,-1.46
0.06,-0.0,1.19,-1.16,1.04,0.53,2.67,-0.04
0.06,0.04,1.2,-1.24,1.0,0.57,2.97,1.8
0.06,0.1,1.22,-1.29,0.91,0.61,2.89,4.68
0.06,0.16,1.25,-1.32,0.83,0.65,2.78,7.16
0.06,0.22,1.25,-1.32,0.76,0.69,2.87,10.18
0.07,0.29,1.25,-1.32,0.74,0.72,2.93,13.15
0.07,0.36,1.24,-1.28,0.71,0.74,3.17,16.23
0.08,0.42,1.23,-1.19,0.69,0.73,3.51,18.65
0.09,0.44,1.21,-1.12,0.78,0.69,4.18,20.11
0.1,0.47,1.17,-1.03,0.88,0.66,4.56,21.57
0.11,0.48,1.16,-0.95,1.03,0.6,4.79,22.6
0.12,0.48,1.16,-0.86,1.17,0.54,5.5,22.43
0.15,0.45,1.19,-0.81,1.3,0.47,6.51,20.73
0.17,0.42,1.23,-0.76,1.45,0.43,7.51,18.89
0.2,0.4,1.3,-0.73,1.53,0.42,8.31,16.93
0.24,0.39,1.37,-0.7,1.6,0.45,9.39,15.85
0.28,0.41,1.41,-0.65,1.64,0.5,10.7,15.86
0.31,0.44,1.41,-0.6,1.67,0.56,12.02,16.91
0.35,0.47,1.37,-0.55,1.68,0.62,13.42,18.41
0.36,0.51,1.3,-0.53,1.71,0.64,14.44,20.67
0.35,0.58,1.23,-0.5,1.69,0.66,14.51,24.29
0.34,0.66,1.16,-0.5,1.66,0.62,14.12,28.61
0.31,0.73,1.1,-0.47,1.55,0.56,13.28,32.47
0.29,0.79,1.03,-0.41,1.36,0.48,12.75,36.19
0.27,0.83,0.98,-0.35,1.12,0.38,11.71,39.44
0.44,2.22,0.23,1.05,2.17,-0.82,11.14,77.36
-0.1,-0.45,1.25,0.77,0.74,-0.23,-4.43,-19.62
0.07,0.04,0.46,0.35,0.91,-0.27,8.73,4.68
0.16,0.25,0.85,0.1,0.46,-0.28,10.27,15.84
0.31,0.51,1.06,0.05,0.07,-0.31,14.65,24.63
0.32,0.58,1.05,0.18,-0.06,-0.33,15.01,28.09
0.27,0.45,1.0,0.31,-0.12,-0.33,13.72,23.39
0.2,0.24,0.81,0.3,-0.15,-0.38,13.22,16.11
0.15,0.1,0.69,0.16,-0.18,-0.45,12.44,7.76
0.13,0.07,0.73,-0.02,-0.27,-0.51,10.39,5.51
0.12,0.12,0.83,-0.15,-0.37,-0.53,8.21,8.36
0.12,0.21,0.94,-0.19,-0.45,-0.52,7.1,12.28
0.12,0.26,0.99,-0.18,-0.52,-0.52,6.55,14.72
0.09,0.27,0.97,-0.16,-0.62,-0.51,5.12,15.39
0.05,0.25,0.94,-0.14,-0.71,-0.51,2.66,14.68
0.0,0.24,0.92,-0.14,-0.75,-0.53,0.23,14.42
-0.03,0.27,0.95,-0.13,-0.77,-0.56,-1.93,15.97
-0.06,0.31,1.02,-0.08,-0.73,-0.59,-3.25,16.87
-0.09,0.33,1.1,0.01,-0.7,-0.62,-4.51,16.89
-0.12,0.35,1.17,0.15,-0.62,-0.65,-5.76,16.41
-0.15,0.35,1.21,0.32,-0.51,-0.67,-6.84,15.99
-0.18,0.3,1.23,0.48,-0.38,-0.68,-8.01,13.45
-0.21,0.27,1.24,0.67,-0.24,-0.68,-9.35,11.91
-0.22,0.24,1.26,0.82,-0.13,-0.68,-9.8,10.81
-0.25,0.19,1.29,0.97,-0.01,-0.66,-10.68,8.31
-0.25,0.14,1.27,1.1,0.07,-0.62,-11.2,6.05
-0.26,0.11,1.26,1.22,0.1,-0.57,-11.67,5.03
-0.25,0.07,1.21,1.34,0.12,-0.53,-11.61,3.08
-0.25,0.02,1.16,1.43,0.17,-0.49,-12.07,1.21
-0.24,-0.01,1.11,1.48,0.22,-0.45,-12.37,-0.65
-0.23,-0.05,1.07,1.51,0.25,-0.43,-12.0,-2.36
-0.22,-0.08,1.02,1.54,0.27,-0.39,-12.19,-4.43
-0.22,-0.11,0.99,1.54,0.29,-0.37,-12.36,-6.39
-0.2,-0.14,0.96,1.52,0.32,-0.35,-11.8,-8.25
-0.2,-0.16,0.93,1.5,0.33,-0.33,-12.18,-9.78
-0.19,-0.18,0.91,1.5,0.4,-0.34,-11.78,-10.98
-0.18,-0.2,0.89,1.4,0.35,-0.27,-11.11,-12.19
-0.16,-0.19,0.87,1.35,0.38,-0.25,-10.2,-12.38
-0.14,-0.18,0.85,1.29,0.37,-0.23,-9.33,-11.56
-0.13,-0.18,0.84,1.23,0.33,-0.22,-8.3,-12.04
-0.11,-0.18,0.81,1.17,0.32,-0.2,-7.88,-12.13
-0.12,-0.18,0.8,1.09,0.28,-0.2,-8.32,-12.6
-0.11,-0.19,0.79,1.01,0.23,-0.18,-7.58,-13.3
-0.1,-0.2,0.78,0.95,0.19,-0.18,-6.89,-14.18
-0.09,-0.19,0.78,0.85,0.15,-0.18,-6.17,-13.63
-0.08,-0.19,0.79,0.78,0.11,-0.18,-5.66,-13.29
-0.08,-0.2,0.81,0.69,0.1,-0.17,-5.75,-13.53
-0.08,-0.2,0.81,0.61,0.11,-0.16,-5.6,-13.78
-0.08,-0.19,0.83,0.53,0.1,-0.15,-5.12,-12.95
-0.08,-0.18,0.84,0.46,0.12,-0.14,-5.12,-12.23
-0.06,-0.16,0.88,0.39,0.12,-0.14,-3.71,-10.41
-0.05,-0.14,0.89,0.32,0.13,-0.11,-3.42,-9.1
-0.05,-0.13,0.91,0.29,0.15,-0.09,-3.2,-8.03
-0.04,-0.11,0.92,0.24,0.15,-0.06,-2.3,-6.73
-0.04,-0.09,0.93,0.19,0.16,-0.05,-2.2,-5.8
-0.02,-0.08,0.93,0.14,0.15,-0.02,-1.39,-4.62
-0.02,-0.06,0.92,0.1,0.12,0.0,-1.03,-3.66
-0.01,-0.05,0.91,0.08,0.11,0.01,-0.61,-2.94
-0.01,-0.03,0.9,0.02,0.09,0.01,-0.66,-1.88
-0.01,-0.03,0.91,-0.04,0.04,0.02,-0.54,-1.75
-0.01,-0.02,0.91,-0.07,-0.01,0.02,-0.56,-1.27
-0.01,-0.01,0.93,-0.11,-0.04,0.03,-0.4,-0.48
0.0,0.01,0.93,-0.15,-0.04,0.03,0.29,0.41
0.0,0.02,0.93,-0.19,-0.06,0.03,0.29,1.16
0.01,0.03,0.94,-0.21,-0.06,0.03,0.35,2.03
0.01,0.05,0.94,-0.21,-0.07,0.02,0.46,2.76
0.0,0.06,0.95,-0.23,-0.06,0.02,0.18,3.79
0.0,0.07,0.95,-0.26,-0.05,0.02,0.19,4.35
0.0,0.09,0.96,-0.25,-0.06,-0.0,0.22,5.23
0.0,0.1,0.97,-0.25,-0.08,0.0,0.23,5.97
0.0,0.11,0.97,-0.25,-0.08,-0.0,0.1,6.42
-0.0,0.12,0.97,-0.24,-0.11,-0.01,-0.24,6.99
-0.0,0.13,0.97,-0.22,-0.14,-0.01,-0.12,7.72
-0.01,0.13,0.98,-0.22,-0.17,-0.03,-0.46,7.47
-0.01,0.13,1.0,-0.2,-0.19,-0.02,-0.82,7.29
-0.02,0.13,1.0,-0.18,-0.19,-0.03,-1.03,7.59
-0.02,0.13,1.02,-0.15,-0.21,-0.03,-1.38,7.43
-0.02,0.14,1.02,-0.13,-0.22,-0.01,-1.0,7.79
-0.01,0.15,1.01,-0.09,-0.19,-0.02,-0.77,8.24
-0.01,0.16,1.01,-0.05,-0.17,-0.02,-0.83,9.17
-0.02,0.15,1.01,-0.0,-0.16,-0.04,-1.29,8.43
-0.02,0.14,1.01,0.03,-0.14,-0.05,-1.22,7.82
-0.02,0.13,1.0,0.07,-0.09,-0.05,-1.26,7.56
-0.03,0.13,1.0,0.12,-0.07,-0.05,-1.74,7.18
-0.03,0.14,0.99,0.15,-0.04,-0.06,-1.74,7.86
-0.02,0.12,0.97,0.2,-0.04,-0.05,-1.37,7.12
-0.02,0.12,0.96,0.21,-0.0,-0.07,-1.46,6.81
-0.03,0.1,0.95,0.24,0.01,-0.08,-1.55,6.11
-0.03,0.08,0.94,0.24,0.01,-0.09,-1.83,4.97
-0.03,0.06,0.93,0.26,-0.01,-0.1,-2.06,3.91
-0.04,0.04,0.93,0.25,-0.01,-0.1,-2.28,2.64
-0.04,0.04,0.94,0.24,-0.0,-0.1,-2.66,2.16
-0.04,0.03,0.95,0.24,-0.03,-0.1,-2.31,1.86
-0.04,0.02,0.95,0.24,-0.04,-0.1,-2.19,1.4
-0.03,0.03,0.95,0.22,-0.07,-0.08,-2.02,1.63
-0.03,0.02,0.95,0.21,-0.08,-0.08,-1.94,0.94
-0.04,0.02,0.95,0.18,-0.09,-0.07,-2.42,1.16
-0.04,0.03,0.97,0.17,-0.1,-0.05,-2.4,1.55
-0.04,0.03,0.98,0.16,-0.11,-0.05,-2.44,1.8
-0.05,0.04,0.99,0.15,-0.11,-0.04,-2.69,2.55
-0.04,0.06,1.0,0.14,-0.12,-0.02,-2.31,3.62
-0.04,0.08,1.01,0.15,-0.14,0.0,-2.39,4.63
-0.03,0.1,1.0,0.16,-0.14,0.01,-1.74,5.96
-0.03,0.13,1.01,0.17,-0.16,0.01,-1.45,7.28
-0.02,0.14,1.0,0.18,-0.14,0.01,-1.34,8.03
-0.02,0.16,1.0,0.2,-0.16,0.01,-1.27,8.93
-0.02,0.17,0.99,0.23,-0.16,-0.0,-0.93,9.57
-0.01,0.18,0.99,0.25,-0.14,-0.02,-0.72,10.26
-0.0,0.18,0.98,0.29,-0.16,-0.03,-0.17,10.46
-0.0,0.17,0.98,0.31,-0.15,-0.06,-0.0,9.97
-0.01,0.15,0.98,0.33,-0.17,-0.07,-0.36,8.84
-0.01,0.13,0.99,0.33,-0.17,-0.09,-0.6,7.21
-0.02,0.1,1.0,0.31,-0.18,-0.09,-1.15,5.44
-0.03,0.06,1.03,0.3,-0.2,-0.08,-1.55,3.45
-0.03,0.05,1.04,0.25,-0.26,-0.06,-1.82,2.69
-0.04,0.04,1.05,0.21,-0.29,-0.04,-2.09,2.24
-0.04,0.04,1.07,0.14,-0.33,-0.0,-2.14,1.88
-0.04,0.02,1.07,0.07,-0.4,0.04,-2.17,1.08
-0.05,0.01,1.08,-0.02,-0.47,0.08,-2.53,0.5
-0.05,0.03,1.1,-0.12,-0.54,0.13,-2.79,1.7
-0.05,0.08,1.11,-0.21,-0.61,0.17,-2.75,3.98
-0.04,0.15,1.14,-0.27,-0.69,0.21,-1.95,7.28
-0.02,0.23,1.19,-0.3,-0.76,0.24,-0.97,11.14
-0.0,0.3,1.21,-0.3,-0.75,0.24,-0.1,13.84
0.01,0.36,1.23,-0.25,-0.72,0.24,0.36,16.22
0.01,0.38,1.24,-0.19,-0.65,0.23,0.32,17.15
0.0,0.39,1.26,-0.13,-0.61,0.22,0.16,17.21
0.02,0.38,1.26,-0.09,-0.55,0.2,0.74,16.62
-0.0,0.34,1.26,-0.08,-0.51,0.2,-0.18,15.05
-0.02,0.28,1.25,-0.11,-0.5,0.22,-0.98,12.44
-0.03,0.24,1.26,-0.18,-0.49,0.25,-1.17,10.83
-0.0,0.2,1.27,-0.28,-0.54,0.27,-0.12,9.15
0.0,0.18,1.28,-0.42,-0.64,0.32,0.2,7.99
0.01,0.15,1.31,-0.55,-0.76,0.36,0.28,6.34
0.01,0.12,1.36,-0.74,-0.88,0.43,0.31,5.12
0.01,0.13,1.42,-0.9,-1.05,0.5,0.55,5.35
0.03,0.2,1.47,-1.09,-1.18,0.61,1.01,7.72
0.06,0.32,1.54,-1.19,-1.32,0.69,2.32,11.9
0.11,0.44,1.59,-1.24,-1.42,0.76,3.82,15.39
0.13,0.55,1.63,-1.25,-1.47,0.78,4.29,18.43
0.13,0.62,1.66,-1.21,-1.49,0.79,4.33,20.57
0.15,0.67,1.68,-1.17,-1.51,0.79,4.67,21.82
0.16,0.71,1.7,-1.07,-1.56,0.75,5.05,22.53
0.17,0.72,1.7,-1.01,-1.59,0.72,5.14,22.96
0.17,0.74,1.72,-0.95,-1.61,0.66,5.15,23.13
0.17,0.72,1.71,-0.87,-1.64,0.6,5.27,22.83
0.17,0.7,1.71,-0.82,-1.71,0.54,5.14,22.03
0.16,0.66,1.72,-0.77,-1.77,0.47,5.01,20.85
0.16,0.61,1.74,-0.76,-1.85,0.41,5.1,19.18
0.16,0.58,1.78,-0.75,-1.92,0.36,4.77,18.04
0.15,0.57,1.83,-0.72,-1.99,0.33,4.41,17.4
0.15,0.58,1.89,-0.68,-2.06,0.3,4.25,17.05
0.13,0.57,1.96,-0.59,-2.1,0.26,3.73,16.24
0.12,0.55,1.99,-0.53,-2.16,0.25,3.43,15.45
0.12,0.53,2.03,-0.45,-2.19,0.23,3.15,14.52
0.13,0.53,2.03,-0.34,-2.25,0.22,3.56,14.48
0.13,0.52,2.04,-0.25,-2.29,0.19,3.65,14.24
0.14,0.5,2.04,-0.15,-2.32,0.16,3.87,13.71
0.14,0.47,2.03,-0.03,-2.36,0.11,3.85,13.08
0.13,0.44,2.01,0.05,-2.39,0.06,3.67,12.25
0.13,0.39,1.98,0.13,-2.39,0.0,3.71,11.12
0.13,0.34,1.96,0.2,-2.44,-0.06,3.87,9.92
0.13,0.3,1.93,0.25,-2.48,-0.11,3.75,8.69
0.13,0.24,1.91,0.3,-2.54,-0.18,3.85,7.07
0.12,0.16,1.88,0.33,-2.61,-0.22,3.56,4.94
0.1,0.08,1.85,0.33,-2.69,-0.26,3.09,2.53
0.09,0.01,1.84,0.34,-2.81,-0.28,2.71,0.45
0.07,-0.03,1.82,0.35,-2.92,-0.31,2.33,-0.94
0.08,-0.08,1.81,0.35,-3.0,-0.34,2.56,-2.42
0.07,-0.12,1.79,0.36,-3.09,-0.37,2.15,-3.92
0.06,-0.16,1.76,0.39,-3.16,-0.39,1.93,-5.26
0.05,-0.21,1.74,0.42,-3.23,-0.42,1.56,-6.79
0.04,-0.26,1.71,0.46,-3.26,-0.44,1.19,-8.82
0.02,-0.32,1.66,0.5,-3.29,-0.46,0.81,-10.87
0.02,-0.38,1.63,0.52,-3.31,-0.48,0.52,-13.28
0.01,-0.45,1.58,0.56,-3.3,-0.49,0.18,-15.88
0.0,-0.5,1.51,0.57,-3.3,-0.5,0.07,-18.42
-0.01,-0.55,1.45,0.56,-3.27,-0.51,-0.25,-20.59
-0.02,-0.58,1.38,0.57,-3.23,-0.52,-0.79,-22.81
-0.04,-0.6,1.31,0.57,-3.19,-0.54,-1.69,-24.61
-0.06,-0.63,1.24,0.54,-3.14,-0.55,-2.54,-26.9
-0.08,-0.65,1.18,0.53,-3.08,-0.56,-3.59,-28.74
-0.1,-0.67,1.12,0.48,-3.03,-0.56,-4.33,-30.88
-0.11,-0.7,1.06,0.44,-2.99,-0.58,-5.14,-33.57
-0.13,-0.73,1.0,0.37,-2.96,-0.56,-5.98,-36.16
-0.13,-0.76,0.94,0.29,-2.96,-0.55,-6.16,-38.64
-0.15,-0.77,0.9,0.19,-2.98,-0.53,-7.01,-40.39
-0.16,-0.77,0.86,0.09,-3.01,-0.51,-7.89,-41.24
-0.18,-0.75,0.87,0.01,-3.05,-0.47,-8.88,-40.48
-0.2,-0.75,0.87,-0.06,-3.1,-0.44,-9.79,-40.18
-0.21,-0.75,0.88,-0.11,-3.16,-0.4,-10.36,-39.63
-0.22,-0.75,0.91,-0.13,-3.24,-0.34,-10.58,-38.75
-0.24,-0.73,0.92,-0.09,-3.28,-0.29,-11.71,-37.66
-0.25,-0.71,0.92,-0.05,-3.31,-0.24,-12.02,-36.79
-0.26,-0.67,0.92,0.0,-3.32,-0.22,-12.7,-35.24
-0.26,-0.65,0.91,0.08,-3.27,-0.19,-13.16,-34.45
-0.25,-0.62,0.9,0.2,-3.21,-0.18,-12.89,-33.8
-0.26,-0.62,0.86,0.31,-3.12,-0.2,-13.87,-34.38
-0.26,-0.62,0.84,0.44,-3.0,-0.2,-14.25,-35.21
-0.27,-0.61,0.77,0.58,-2.85,-0.21,-15.15,-36.84
-0.27,-0.62,0.72,0.69,-2.71,-0.21,-15.88,-39.15
-0.26,-0.62,0.66,0.8,-2.55,-0.21,-16.02,-41.36
-0.26,-0.61,0.59,0.91,-2.39,-0.2,-17.05,-43.26
-0.25,-0.59,0.53,1.0,-2.28,-0.19,-17.24,-45.35
-0.23,-0.56,0.47,1.06,-2.18,-0.18,-17.28,-46.92
-0.21,-0.53,0.38,1.14,-2.09,-0.17,-17.89,-50.28
-0.21,-0.49,0.3,1.16,-2.03,-0.16,-19.9,-52.93
-0.2,-0.45,0.2,1.19,-2.02,-0.16,-21.72,-58.11
-0.18,-0.4,0.1,1.16,-1.95,-0.13,-23.59,-62.67
-0.17,-0.35,0.01,1.13,-1.93,-0.14,-26.24,-63.68
-0.16,-0.32,-0.07,1.06,-1.93,-0.14,-26.03,-61.06
-0.15,-0.29,-0.16,0.98,-1.93,-0.14,-23.53,-53.27
-0.14,-0.26,-0.23,0.86,-1.9,-0.13,-22.5,-42.94
-0.14,-0.21,-0.27,0.73,-1.87,-0.13,-22.4,-34.7
-0.15,-0.18,-0.29,0.57,-1.82,-0.11,-23.59,-28.76
-0.14,-0.13,-0.29,0.43,-1.77,-0.11,-23.47,-22.06
-0.13,-0.09,-0.29,0.29,-1.74,-0.11,-22.73,-16.47
-0.12,-0.05,-0.26,0.16,-1.68,-0.11,-25.19,-9.2
-0.12,0.0,-0.22,0.03,-1.6,-0.12,-28.12,0.22
-0.11,0.04,-0.15,-0.08,-1.52,-0.13,-34.25,12.55
-0.1,0.08,-0.09,-0.15,-1.43,-0.17,-39.3,31.76
-0.1,0.11,-0.02,-0.2,-1.32,-0.23,-39.65,49.59
-0.1,0.11,0.03,-0.23,-1.16,-0.28,-41.36,46.98
-0.11,0.11,0.05,-0.26,-1.09,-0.31,-41.16,44.13
-0.14,0.09,0.06,-0.28,-1.01,-0.33,-51.68,29.91
-0.17,0.04,0.09,-0.32,-0.99,-0.32,-59.21,12.91
-0.19,-0.0,0.12,-0.36,-0.98,-0.28,-58.67,-0.27
-0.2,-0.03,0.15,-0.4,-1.03,-0.21,-52.99,-7.07
-0.2,-0.03,0.18,-0.41,-1.07,-0.12,-46.61,-7.47
-0.18,-0.02,0.22,-0.45,-1.11,-0.05,-39.4,-3.55
-0.18,-0.01,0.27,-0.48,-1.13,0.02,-33.35,-1.83
-0.15,0.01,0.33,-0.51,-1.14,0.08,-25.02,0.87
-0.14,0.04,0.38,-0.49,-1.1,0.12,-19.56,6.2
-0.12,0.07,0.44,-0.51,-1.07,0.17,-15.46,8.27
-0.1,0.09,0.48,-0.5,-1.02,0.18,-12.01,9.84
-0.1,0.11,0.56,-0.5,-0.96,0.19,-9.49,10.82
-0.08,0.13,0.64,-0.47,-0.92,0.17,-6.77,11.14
-0.07,0.14,0.68,-0.43,-0.88,0.16,-6.0,11.7
-0.05,0.15,0.72,-0.39,-0.81,0.13,-4.0,11.76
-0.05,0.15,0.74,-0.36,-0.74,0.1,-4.11,11.19
-0.05,0.14,0.76,-0.31,-0.71,0.09,-3.81,10.17
-0.06,0.11,0.8,-0.28,-0.68,0.08,-3.93,8.07
-0.06,0.1,0.85,-0.24,-0.63,0.05,-3.93,6.46
-0.06,0.07,0.88,-0.18,-0.64,0.04,-4.03,4.38
-0.08,0.03,0.91,-0.12,-0.67,0.05,-4.78,1.6
-0.09,0.02,0.93,-0.05,-0.72,0.08,-5.37,1.05
-0.09,0.0,0.97,0.03,-0.74,0.1,-5.48,0.06
-0.08,0.02,0.98,0.11,-0.74,0.13,-4.56,1.13
-0.08,0.05,1.0,0.19,-0.74,0.14,-4.33,2.76
-0.08,0.07,1.02,0.29,-0.73,0.15,-4.54,3.71
-0.07,0.08,1.03,0.39,-0.68,0.14,-4.12,4.31
-0.06,0.07,1.03,0.51,-0.65,0.12,-3.2,4.01
-0.06,0.07,1.01,0.61,-0.59,0.11,-3.16,4.05
-0.05,0.07,0.99,0.72,-0.55,0.1,-3.11,4.07
-0.06,0.07,0.95,0.8,-0.48,0.12,-3.68,4.21
-0.04,0.07,0.89,0.86,-0.39,0.12,-2.85,4.4
-0.03,0.09,0.85,0.91,-0.36,0.13,-2.13,5.97
-0.02,0.11,0.82,0.95,-0.32,0.15,-1.41,7.33
-0.02,0.11,0.81,0.96,-0.25,0.14,-1.3,7.57
0.0,0.13,0.79,0.94,-0.21,0.15,0.06,9.2
0.01,0.14,0.76,0.93,-0.18,0.15,0.94,10.79
0.01,0.16,0.74,0.92,-0.17,0.15,0.94,12.12
0.0,0.16,0.73,0.89,-0.15,0.14,0.23,12.67
-0.01,0.17,0.72,0.85,-0.18,0.15,-0.6,13.19
-0.0,0.18,0.72,0.81,-0.2,0.16,-0.24,13.82
-0.01,0.18,0.71,0.76,-0.21,0.15,-0.48,14.22
-0.0,0.19,0.71,0.71,-0.23,0.16,-0.05,14.59
-0.01,0.21,0.71,0.65,-0.24,0.16,-0.54,16.84
-0.01,0.23,0.7,0.61,-0.25,0.16,-0.8,18.17
-0.0,0.24,0.68,0.57,-0.25,0.14,-0.04,19.45
-0.0,0.27,0.65,0.48,-0.24,0.13,-0.41,22.36
-0.01,0.26,0.63,0.4,-0.2,0.1,-0.45,22.59
-0.01,0.25,0.62,0.32,-0.19,0.1,-0.54,21.95
-0.01,0.23,0.62,0.24,-0.18,0.08,-0.56,20.11
-0.0,0.22,0.62,0.16,-0.13,0.08,-0.06,19.28
-0.0,0.22,0.61,0.08,-0.1,0.08,-0.39,19.68
-0.0,0.22,0.61,-0.01,-0.09,0.08,-0.43,19.58
-0.01,0.21,0.62,-0.1,-0.08,0.09,-0.46,19.15
0.0,0.22,0.63,-0.21,-0.09,0.1,0.39,18.98
0.02,0.21,0.65,-0.33,-0.07,0.09,2.05,18.25
0.03,0.21,0.67,-0.43,-0.08,0.09,2.67,17.72
0.03,0.22,0.71,-0.52,-0.08,0.08,2.13,17.07
0.02,0.21,0.78,-0.6,-0.11,0.06,1.37,14.95
0.02,0.2,0.82,-0.67,-0.14,0.06,1.08,13.53
0.01,0.18,0.87,-0.71,-0.19,0.04,0.66,11.5
0.0,0.15,0.93,-0.74,-0.24,0.04,0.05,9.4
-0.0,0.14,0.97,-0.71,-0.3,0.05,-0.12,8.19
-0.01,0.12,0.99,-0.68,-0.33,0.03,-0.48,6.86
-0.01,0.11,1.0,-0.64,-0.35,0.03,-0.68,6.34
-0.01,0.1,1.02,-0.59,-0.36,0.02,-0.44,5.47
-0.02,0.1,1.01,-0.55,-0.37,0.01,-1.27,5.76
-0.03,0.07,1.02,-0.48,-0.33,-0.01,-1.9,4.07
-0.04,0.05,1.02,-0.4,-0.26,-0.01,-2.26,2.58
-0.04,0.03,1.01,-0.32,-0.23,-0.01,-2.09,1.56
-0.06,0.01,0.98,-0.24,-0.18,0.0,-3.28,0.7
-0.07,0.02,0.94,-0.17,-0.12,0.01,-4.02,1.1
-0.07,0.02,0.95,-0.13,-0.03,0.03,-4.27,0.92
-0.07,0.03,0.94,-0.07,0.03,0.06,-4.23,1.6
-0.06,0.03,0.93,0.01,0.08,0.07,-3.84,2.05
-0.05,0.04,0.93,0.08,0.13,0.09,-3.02,2.5
-0.03,0.06,0.89,0.11,0.22,0.1,-1.97,3.76
-0.02,0.08,0.87,0.13,0.26,0.11,-1.33,5.48
-0.0,0.12,0.85,0.15,0.31,0.1,-0.21,7.81
0.0,0.12,0.83,0.15,0.33,0.1,0.18,8.49
0.01,0.13,0.83,0.13,0.34,0.09,0.48,8.84
0.01,0.12,0.83,0.09,0.36,0.08,0.7,8.48
0.03,0.12,0.83,0.07,0.32,0.08,1.73,8.31
0.03,0.12,0.83,0.02,0.28,0.09,2.16,8.19
0.02,0.14,0.84,-0.02,0.28,0.08,1.17,9.18
0.01,0.13,0.87,-0.04,0.23,0.09,0.78,8.84
0.01,0.13,0.91,-0.06,0.2,0.08,0.4,8.07
0.01,0.12,0.94,-0.05,0.17,0.06,0.31,7.36
0.01,0.11,0.96,-0.01,0.18,0.04,0.38,6.28
0.01,0.08,0.96,0.01,0.19,0.05,0.35,4.97
0.0,0.08,0.94,0.04,0.21,0.03,0.14,4.77
0.0,0.08,0.91,0.08,0.23,0.05,0.25,4.73
-0.01,0.09,0.89,0.06,0.29,0.04,-0.65,5.56
-0.02,0.09,0.89,0.07,0.32,0.05,-1.28,5.56
-0.02,0.09,0.89,0.08,0.34,0.05,-1.57,6.04
-0.03,0.08,0.91,0.08,0.36,0.05,-1.84,5.29
-0.03,0.08,0.9,0.09,0.39,0.04,-1.73,4.95
-0.02,0.07,0.89,0.09,0.43,0.05,-1.34,4.72
-0.02,0.07,0.87,0.1,0.43,0.05,-1.29,4.86
-0.01,0.08,0.87,0.07,0.47,0.05,-0.94,5.37
-0.02,0.08,0.87,0.07,0.46,0.06,-1.13,5.33
-0.02,0.09,0.88,0.06,0.48,0.05,-1.08,6.16
-0.02,0.09,0.88,0.05,0.47,0.05,-1.06,6.0
-0.02,0.09,0.89,0.04,0.46,0.05,-1.03,5.85
-0.01,0.08,0.89,0.03,0.47,0.04,-0.56,5.18
0.0,0.07,0.88,0.0,0.49,0.05,0.05,4.88
0.0,0.08,0.87,-0.02,0.47,0.06,0.13,5.36
-0.0,0.09,0.88,-0.04,0.45,0.06,-0.27,5.6
-0.0,0.08,0.9,-0.06,0.45,0.05,-0.29,5.05
-0.0,0.08,0.92,-0.09,0.44,0.05,-0.26,5.05
-0.01,0.07,0.95,-0.07,0.43,0.04,-0.59,4.4
-0.02,0.07,0.96,-0.05,0.43,0.03,-1.13,4.18
-0.02,0.07,0.97,-0.03,0.44,0.03,-1.41,4.15
-0.03,0.07,0.98,0.03,0.45,0.03,-1.76,4.18
-0.03,0.06,0.98,0.09,0.46,0.02,-1.86,3.72
-0.03,0.07,0.95,0.16,0.49,0.01,-1.58,4.18
-0.02,0.07,0.91,0.2,0.52,-0.01,-1.39,4.41
-0.02,0.06,0.87,0.23,0.55,-0.02,-1.47,3.74
-0.02,0.05,0.82,0.23,0.59,-0.02,-1.63,3.76
-0.03,0.04,0.79,0.23,0.62,-0.02,-2.15,3.19
-0.03,0.05,0.76,0.18,0.66,0.0,-2.26,3.88
-0.04,0.05,0.76,0.15,0.67,0.0,-2.8,3.57
-0.05,0.05,0.77,0.12,0.67,0.02,-3.69,3.4
-0.05,0.05,0.76,0.07,0.69,0.02,-3.68,3.66
-0.05,0.06,0.77,0.05,0.67,0.03,-3.66,4.41
-0.05,0.07,0.77,-0.0,0.68,0.03,-3.87,5.16
-0.05,0.06,0.8,-0.03,0.67,0.03,-3.79,3.97
-0.05,0.05,0.83,-0.04,0.66,0.03,-3.51,3.59
-0.06,0.04,0.85,-0.02,0.65,0.03,-3.75,2.9
-0.06,0.03,0.88,-0.01,0.66,0.04,-3.8,1.99
-0.07,0.02,0.89,0.02,0.65,0.04,-4.54,1.22
-0.07,0.0,0.87,0.05,0.68,0.05,-4.39,0.01
-0.06,-0.0,0.86,0.09,0.68,0.06,-3.82,-0.29
-0.06,-0.0,0.84,0.13,0.72,0.06,-3.85,-0.07
-0.06,0.01,0.83,0.11,0.78,0.07,-4.3,0.79
-0.07,0.01,0.83,0.14,0.82,0.08,-4.79,0.87
-0.07,0.01,0.84,0.16,0.84,0.09,-4.5,0.97
-0.06,0.02,0.83,0.19,0.89,0.08,-3.99,1.45
-0.05,0.02,0.82,0.21,0.93,0.09,-3.55,1.37
-0.04,0.03,0.8,0.23,0.94,0.09,-2.82,2.05
-0.04,0.04,0.78,0.21,1.0,0.08,-2.84,3.05
-0.04,0.05,0.76,0.22,1.0,0.07,-3.08,3.58
-0.04,0.03,0.75,0.2,1.02,0.07,-2.71,2.67
-0.02,0.02,0.73,0.17,1.03,0.08,-1.93,1.96
-0.02,0.03,0.69,0.13,1.01,0.09,-1.69,2.43
-0.02,0.04,0.68,0.06,1.01,0.07,-1.92,3.33
-0.02,0.06,0.68,-0.03,1.02,0.08,-1.74,5.14
-0.02,0.07,0.71,-0.09,1.01,0.08,-1.79,5.72
-0.02,0.07,0.73,-0.14,0.97,0.07,-1.69,5.18
-0.03,0.05,0.78,-0.18,0.96,0.06,-2.26,3.78
-0.03,0.04,0.81,-0.2,0.94,0.06,-1.9,2.8
-0.03,0.05,0.85,-0.21,0.93,0.06,-1.83,3.09
-0.03,0.05,0.9,-0.19,0.88,0.05,-2.18,3.36
-0.03,0.05,0.94,-0.15,0.87,0.02,-2.06,3.16
-0.03,0.05,0.97,-0.09,0.86,-0.0,-1.54,3.02
-0.02,0.05,0.98,-0.02,0.86,-0.03,-1.05,3.05
-0.01,0.05,0.98,0.07,0.86,-0.06,-0.58,2.66
-0.02,0.04,0.96,0.14,0.87,-0.09,-1.41,2.46
-0.04,0.01,0.94,0.22,0.91,-0.13,-2.25,0.88
-0.04,-0.02,0.91,0.27,0.92,-0.15,-2.24,-1.27
-0.04,-0.05,0.84,0.32,0.94,-0.16,-2.7,-3.46
-0.05,-0.07,0.8,0.34,0.95,-0.14,-3.27,-5.1
-0.06,-0.08,0.76,0.33,1.01,-0.14,-4.16,-6.25
-0.06,-0.09,0.73,0.3,1.06,-0.11,-4.96,-7.25
-0.07,-0.1,0.72,0.28,1.08,-0.09,-5.49,-7.87
-0.07,-0.1,0.73,0.23,1.11,-0.05,-5.81,-7.5
-0.08,-0.09,0.75,0.18,1.17,-0.04,-6.21,-6.91
-0.09,-0.07,0.78,0.15,1.19,-0.02,-6.28,-5.09
-0.08,-0.05,0.84,0.16,1.19,-0.02,-5.75,-3.56
-0.07,-0.03,0.88,0.19,1.18,0.0,-4.41,-2.22
-0.04,-0.01,0.91,0.23,1.21,-0.01,-2.43,-0.79
-0.02,0.02,0.9,0.25,1.23,-0.04,-1.1,0.98
-0.02,0.03,0.87,0.3,1.24,-0.06,-1.26,2.07
-0.01,0.03,0.84,0.31,1.27,-0.11,-1.0,2.1
-0.02,0.01,0.82,0.31,1.32,-0.15,-1.06,0.8
-0.03,-0.01,0.78,0.28,1.33,-0.17,-2.01,-0.93
-0.04,-0.04,0.77,0.24,1.31,-0.18,-2.81,-2.63
-0.06,-0.04,0.76,0.19,1.27,-0.18,-4.32,-2.71
-0.06,-0.04,0.77,0.13,1.24,-0.18,-4.55,-2.7
-0.06,-0.03,0.8,0.09,1.18,-0.16,-4.64,-2.13
-0.07,-0.04,0.83,0.04,1.15,-0.16,-5.03,-2.4
-0.06,-0.04,0.86,0.02,1.12,-0.16,-4.18,-2.36
-0.06,-0.02,0.9,0.0,1.13,-0.17,-3.87,-1.31
-0.06,-0.02,0.95,0.02,1.11,-0.18,-3.57,-1.1
-0.04,-0.03,1.02,0.05,1.1,-0.19,-2.1,-1.89
-0.01,-0.02,1.04,0.14,1.1,-0.22,-0.38,-0.83
0.02,-0.02,1.01,0.21,1.14,-0.26,0.86,-1.02
-0.01,-0.05,0.95,0.24,1.24,-0.3,-0.67,-3.24
-0.02,-0.06,0.96,0.3,1.3,-0.33,-0.98,-3.72
-0.02,-0.08,0.96,0.34,1.38,-0.34,-1.32,-4.95
-0.04,-0.1,0.94,0.37,1.44,-0.35,-2.5,-6.11
-0.06,-0.13,0.93,0.38,1.49,-0.37,-3.41,-7.74
-0.07,-0.14,0.91,0.38,1.5,-0.34,-4.3,-8.93
-0.08,-0.17,0.88,0.36,1.51,-0.32,-5.34,-10.82
-0.09,-0.17,0.85,0.33,1.52,-0.3,-6.26,-11.57
-0.1,-0.17,0.83,0.25,1.54,-0.26,-6.65,-11.8
-0.1,-0.16,0.82,0.17,1.54,-0.24,-6.92,-10.91
-0.1,-0.16,0.82,0.11,1.51,-0.21,-6.53,-10.89
-0.09,-0.15,0.81,0.0,1.51,-0.2,-6.06,-10.46
-0.08,-0.14,0.81,-0.1,1.52,-0.19,-5.81,-9.67
-0.08,-0.13,0.84,-0.19,1.49,-0.17,-5.59,-8.73
-0.08,-0.11,0.88,-0.29,1.51,-0.18,-4.98,-7.38
-0.06,-0.1,0.93,-0.37,1.48,-0.16,-3.63,-6.26
-0.05,-0.09,0.98,-0.42,1.47,-0.18,-2.65,-5.08
-0.02,-0.07,1.03,-0.46,1.44,-0.17,-1.28,-3.71
-0.01,-0.04,1.08,-0.47,1.42,-0.19,-0.42,-2.16
0.01,-0.03,1.12,-0.46,1.39,-0.21,0.55,-1.35
0.0,-0.02,1.15,-0.44,1.4,-0.24,0.24,-0.86
-0.01,-0.01,1.2,-0.41,1.4,-0.25,-0.36,-0.62
-0.0,-0.01,1.23,-0.36,1.4,-0.26,-0.19,-0.53
-0.01,-0.01,1.25,-0.3,1.41,-0.26,-0.54,-0.48
-0.01,0.01,1.28,-0.22,1.43,-0.27,-0.53,0.3
-0.02,0.03,1.28,-0.14,1.45,-0.27,-0.84,1.15
-0.03,0.03,1.28,-0.06,1.47,-0.28,-1.2,1.25
-0.02,0.02,1.25,0.04,1.47,-0.3,-0.99,0.73
-0.03,-0.0,1.2,0.09,1.5,-0.3,-1.22,-0.0
-0.02,-0.01,1.17,0.1,1.55,-0.3,-1.17,-0.36
-0.02,-0.02,1.13,0.11,1.56,-0.3,-1.14,-0.93
-0.01,-0.03,1.1,0.09,1.53,-0.31,-0.71,-1.77
-0.02,-0.05,1.09,0.07,1.53,-0.31,-0.98,-2.69
-0.02,-0.08,1.07,0.02,1.5,-0.32,-0.9,-4.09
-0.03,-0.1,1.06,-0.07,1.47,-0.32,-1.43,-5.62
-0.03,-0.11,1.06,-0.14,1.42,-0.29,-1.64,-6.08
-0.04,-0.11,1.08,-0.23,1.39,-0.28,-2.2,-5.62
-0.04,-0.09,1.11,-0.3,1.35,-0.26,-2.06,-4.67
-0.03,-0.07,1.15,-0.37,1.31,-0.23,-1.42,-3.29
-0.04,-0.04,1.19,-0.37,1.24,-0.2,-1.87,-2.16
-0.03,-0.01,1.21,-0.37,1.21,-0.19,-1.62,-0.59
-0.03,0.05,1.25,-0.36,1.2,-0.17,-1.34,2.33
-0.02,0.1,1.27,-0.31,1.17,-0.18,-0.7,4.46
0.01,0.15,1.31,-0.22,1.15,-0.21,0.4,6.52
0.01,0.18,1.33,-0.12,1.15,-0.23,0.38,7.57
0.01,0.18,1.32,-0.01,1.17,-0.28,0.56,7.72
0.02,0.15,1.28,0.11,1.16,-0.31,0.72,6.79
0.0,0.11,1.22,0.21,1.16,-0.35,0.04,5.09
-0.01,0.07,1.17,0.28,1.16,-0.39,-0.52,3.34
-0.03,0.01,1.11,0.28,1.2,-0.41,-1.76,0.29
-0.05,-0.05,1.07,0.28,1.2,-0.42,-2.77,-2.73
-0.06,-0.09,1.03,0.25,1.17,-0.41,-3.15,-5.2
-0.06,-0.11,0.99,0.18,1.16,-0.39,-3.4,-6.57
-0.08,-0.17,0.96,0.1,1.15,-0.38,-4.63,-9.87
-0.1,-0.19,0.93,-0.02,1.14,-0.33,-6.18,-11.67
-0.11,-0.19,0.94,-0.13,1.11,-0.3,-6.31,-11.24
-0.11,-0.17,0.97,-0.24,1.08,-0.24,-6.38,-9.85
-0.1,-0.13,1.0,-0.33,1.09,-0.2,-5.57,-7.28
-0.09,-0.08,1.05,-0.41,1.1,-0.16,-4.75,-4.47
-0.07,-0.01,1.1,-0.43,1.07,-0.13,-3.59,-0.61
-0.03,0.06,1.16,-0.43,1.04,-0.12,-1.37,3.04
0.01,0.13,1.2,-0.37,1.03,-0.16,0.52,6.04
0.03,0.15,1.21,-0.31,1.04,-0.18,1.46,7.18
0.03,0.16,1.21,-0.22,1.06,-0.24,1.25,7.33
0.01,0.13,1.2,-0.11,1.06,-0.28,0.65,6.23
-0.01,0.1,1.19,-0.03,1.08,-0.32,-0.56,4.62
-0.03,0.05,1.17,0.03,1.1,-0.33,-1.42,2.45
-0.05,0.02,1.15,0.11,1.1,-0.32,-2.7,1.04
-0.06,0.02,1.12,0.16,1.1,-0.32,-3.25,1.12
-0.07,0.01,1.08,0.2,1.12,-0.32,-3.5,0.5
-0.07,-0.01,1.05,0.24,1.12,-0.33,-3.99,-0.47
-0.08,-0.03,1.0,0.27,1.11,-0.33,-4.67,-1.61
-0.09,-0.05,0.95,0.26,1.12,-0.34,-5.23,-2.9
-0.11,-0.11,0.92,0.24,1.14,-0.33,-7.04,-6.68
-0.12,-0.15,0.88,0.16,1.19,-0.31,-7.81,-9.58
-0.12,-0.19,0.86,0.08,1.2,-0.28,-7.87,-12.53
-0.11,-0.22,0.85,-0.03,1.17,-0.24,-7.42,-14.68
-0.11,-0.25,0.84,-0.18,1.15,-0.21,-7.44,-16.52
-0.11,-0.25,0.86,-0.33,1.11,-0.16,-7.15,-16.25
-0.09,-0.23,0.89,-0.5,1.05,-0.1,-5.68,-14.15
-0.05,-0.16,0.94,-0.6,0.98,-0.07,-2.92,-9.76
-0.01,-0.08,1.0,-0.68,0.9,-0.04,-0.52,-4.77
0.01,-0.01,1.06,-0.71,0.86,-0.03,0.45,-0.44
0.02,0.05,1.1,-0.7,0.82,-0.04,0.94,2.41
0.02,0.08,1.14,-0.66,0.81,-0.05,1.05,3.96
0.01,0.11,1.19,-0.59,0.81,-0.08,0.6,5.26
0.01,0.14,1.22,-0.49,0.83,-0.09,0.46,6.43
0.01,0.18,1.25,-0.36,0.88,-0.1,0.38,8.32
0.01,0.21,1.25,-0.2,0.92,-0.11,0.43,9.34
0.01,0.23,1.23,-0.01,0.97,-0.14,0.54,10.39
0.01,0.23,1.22,0.16,1.05,-0.19,0.41,10.91
0.02,0.22,1.18,0.33,1.09,-0.25,0.94,10.68
0.02,0.21,1.16,0.48,1.14,-0.31,1.1,10.18
0.02,0.17,1.12,0.64,1.2,-0.36,1.06,8.48
0.01,0.1,1.06,0.75,1.26,-0.42,0.72,5.18
-0.01,0.0,0.99,0.83,1.31,-0.45,-0.4,0.14
-0.03,-0.1,0.93,0.86,1.35,-0.47,-1.77,-5.92
-0.04,-0.17,0.87,0.83,1.36,-0.47,-2.37,-11.34
-0.05,-0.24,0.84,0.76,1.39,-0.47,-2.95,-15.63
-0.06,-0.3,0.85,0.67,1.35,-0.44,-3.96,-19.3
-0.1,-0.34,0.8,0.54,1.33,-0.41,-6.33,-22.88
-0.11,-0.36,0.79,0.39,1.25,-0.35,-7.54,-24.14
-0.12,-0.36,0.78,0.24,1.25,-0.31,-7.75,-24.55
-0.13,-0.36,0.79,0.07,1.2,-0.25,-8.47,-23.94
-0.13,-0.32,0.8,-0.08,1.15,-0.19,-8.27,-21.72
-0.13,-0.29,0.83,-0.2,1.11,-0.14,-8.46,-19.1
-0.1,-0.24,0.86,-0.31,1.09,-0.09,-6.65,-15.52
-0.08,-0.23,0.88,-0.43,1.07,-0.05,-5.05,-14.29
-0.06,-0.23,0.89,-0.55,1.04,-0.02,-3.58,-14.51
-0.06,-0.23,0.9,-0.66,1.0,0.01,-3.81,-14.19
-0.06,-0.2,0.93,-0.78,0.99,0.05,-3.6,-12.16
-0.05,-0.15,0.98,-0.93,0.98,0.09,-2.99,-8.74
-0.02,-0.07,1.03,-1.02,0.95,0.13,-1.37,-3.97
-0.0,0.02,1.09,-1.06,0.92,0.15,-0.13,1.26
0.03,0.12,1.14,-1.06,0.9,0.17,1.27,5.91
0.04,0.2,1.17,-1.03,0.91,0.18,1.83,9.59
0.05,0.29,1.19,-0.98,0.94,0.17,2.38,13.82
0.06,0.37,1.21,-0.87,0.96,0.15,2.68,17.02
0.07,0.45,1.22,-0.73,1.01,0.1,3.17,20.37
0.08,0.52,1.22,-0.58,1.08,0.04,3.4,23.12
0.08,0.56,1.21,-0.37,1.13,-0.02,3.53,24.63
0.07,0.56,1.2,-0.16,1.17,-0.1,3.0,24.79
0.06,0.54,1.18,0.01,1.22,-0.18,2.59,24.55
0.06,0.5,1.15,0.19,1.25,-0.26,2.8,23.28
0.07,0.43,1.12,0.32,1.29,-0.34,3.17,20.86
0.06,0.33,1.08,0.47,1.29,-0.43,3.01,17.23
0.03,0.22,1.04,0.53,1.31,-0.49,1.49,12.1
-0.02,0.1,1.0,0.54,1.35,-0.52,-0.9,5.83
-0.05,-0.0,0.97,0.51,1.35,-0.54,-2.81,-0.17
-0.07,-0.08,0.97,0.44,1.33,-0.53,-3.89,-4.93
-0.09,-0.16,0.97,0.34,1.29,-0.52,-5.35,-9.36
-0.11,-0.22,0.98,0.19,1.24,-0.48,-6.17,-12.81
-0.13,-0.25,0.98,0.02,1.16,-0.4,-7.11,-14.03
-0.15,-0.27,1.01,-0.14,1.09,-0.34,-8.13,-14.95
-0.16,-0.26,1.04,-0.33,1.02,-0.24,-8.28,-13.97
-0.14,-0.22,1.07,-0.5,0.99,-0.16,-7.16,-11.47
-0.11,-0.18,1.08,-0.67,0.95,-0.07,-5.75,-9.31
-0.09,-0.12,1.1,-0.8,0.9,0.02,-4.57,-6.34
-0.07,-0.05,1.09,-0.94,0.86,0.08,-3.62,-2.8
-0.05,0.02,1.09,-1.06,0.84,0.13,-2.84,1.08
-0.03,0.09,1.1,-1.16,0.79,0.16,-1.59,4.73
0.0,0.17,1.11,-1.21,0.72,0.18,0.18,8.54
0.03,0.23,1.15,-1.26,0.67,0.19,1.58,11.33
0.04,0.3,1.18,-1.28,0.62,0.19,1.91,14.04
0.05,0.34,1.2,-1.3,0.59,0.2,2.41,15.87
0.06,0.38,1.21,-1.27,0.55,0.19,2.74,17.46
0.07,0.42,1.22,-1.22,0.55,0.17,2.96,18.72
0.06,0.44,1.24,-1.17,0.59,0.15,2.75,19.55
0.06,0.47,1.26,-1.12,0.62,0.13,2.52,20.44
0.06,0.49,1.28,-1.04,0.64,0.11,2.33,20.77
0.06,0.5,1.31,-0.94,0.67,0.11,2.6,20.95
0.08,0.52,1.34,-0.82,0.74,0.09,3.36,21.05
0.09,0.51,1.34,-0.73,0.78,0.1,3.69,20.94
0.11,0.51,1.33,-0.57,0.79,0.09,4.26,20.86
0.12,0.48,1.3,-0.48,0.79,0.08,4.94,20.05
0.14,0.43,1.26,-0.41,0.8,0.06,5.84,18.63
0.14,0.39,1.25,-0.37,0.82,0.06,5.97,17.11
0.13,0.35,1.22,-0.34,0.78,0.05,5.92,15.72
0.14,0.3,1.21,-0.35,0.74,0.05,6.4,13.96
0.14,0.28,1.2,-0.36,0.69,0.04,6.34,13.12
0.14,0.27,1.19,-0.39,0.62,0.04,6.54,12.76
0.12,0.27,1.18,-0.43,0.52,0.07,5.82,12.95
0.11,0.29,1.18,-0.46,0.38,0.1,5.29,13.67
0.12,0.29,1.16,-0.49,0.26,0.11,5.59,13.81
0.11,0.32,1.14,-0.51,0.13,0.13,5.4,15.58
0.11,0.34,1.11,-0.5,-0.02,0.15,5.33,17.08
0.11,0.37,1.08,-0.51,-0.14,0.15,5.63,18.81
0.11,0.39,1.05,-0.48,-0.22,0.12,5.76,20.44
0.11,0.39,1.02,-0.46,-0.27,0.08,5.54,20.88
0.1,0.4,1.01,-0.41,-0.31,0.05,5.12,21.47
0.08,0.38,1.01,-0.36,-0.33,0.01,4.43,20.61
0.07,0.36,1.02,-0.31,-0.34,-0.03,3.86,19.33
0.06,0.33,1.03,-0.28,-0.34,-0.06,2.96,18.0
0.04,0.32,1.04,-0.23,-0.36,-0.07,2.01,17.04
0.03,0.31,1.05,-0.2,-0.37,-0.09,1.42,16.46
0.02,0.31,1.05,-0.14,-0.39,-0.1,0.96,16.12
0.02,0.31,1.06,-0.1,-0.42,-0.1,0.85,16.28
0.01,0.3,1.05,-0.06,-0.44,-0.11,0.66,15.96
-0.0,0.31,1.04,0.01,-0.46,-0.12,-0.04,16.37
-0.01,0.31,1.03,0.06,-0.48,-0.13,-0.73,16.68
-0.02,0.32,1.03,0.12,-0.47,-0.16,-1.23,17.28
-0.03,0.32,1.03,0.2,-0.46,-0.17,-1.53,17.2
-0.03,0.32,1.03,0.3,-0.44,-0.2,-1.56,17.42
-0.03,0.32,1.03,0.4,-0.39,-0.23,-1.73,17.44
-0.04,0.31,1.02,0.5,-0.35,-0.27,-2.29,16.82
-0.05,0.28,1.0,0.6,-0.29,-0.3,-2.67,15.52
-0.05,0.25,1.0,0.69,-0.25,-0.33,-2.96,13.8
-0.07,0.2,0.99,0.77,-0.22,-0.35,-3.7,11.49
-0.07,0.17,0.98,0.84,-0.16,-0.38,-4.06,9.57
-0.07,0.12,0.97,0.9,-0.13,-0.39,-4.38,6.93
-0.07,0.1,0.96,0.93,-0.11,-0.4,-4.32,5.96
-0.08,0.06,0.94,0.97,-0.1,-0.41,-4.63,3.44
-0.07,0.02,0.92,1.0,-0.08,-0.43,-4.51,1.48
-0.08,-0.01,0.9,1.01,-0.06,-0.43,-5.23,-0.86
-0.08,-0.05,0.89,1.0,-0.06,-0.42,-5.27,-3.25
-0.09,-0.07,0.89,0.99,-0.08,-0.44,-5.63,-4.77
-0.08,-0.1,0.87,0.98,-0.08,-0.44,-5.5,-6.29
-0.09,-0.12,0.88,0.97,-0.08,-0.44,-5.76,-7.95
-0.1,-0.17,0.88,0.93,-0.05,-0.44,-6.69,-10.66
-0.1,-0.19,0.87,0.88,-0.06,-0.42,-6.34,-12.21
-0.11,-0.21,0.85,0.84,-0.06,-0.39,-6.89,-13.84
-0.11,-0.22,0.86,0.77,-0.05,-0.37,-7.13,-14.24
-0.11,-0.24,0.87,0.73,-0.08,-0.36,-6.86,-15.07
-0.12,-0.26,0.86,0.66,-0.05,-0.32,-7.48,-16.59
-0.13,-0.28,0.86,0.6,-0.07,-0.28,-8.02,-18.01
-0.13,-0.3,0.85,0.51,-0.06,-0.24,-8.12,-19.01
-0.13,-0.31,0.85,0.41,-0.06,-0.19,-8.25,-19.58
-0.13,-0.31,0.85,0.32,-0.07,-0.16,-8.41,-20.04
-0.13,-0.31,0.86,0.23,-0.08,-0.11,-8.0,-19.56
-0.11,-0.28,0.87,0.14,-0.07,-0.06,-6.72,-17.78
-0.11,-0.25,0.88,0.04,-0.08,-0.01,-6.57,-15.56
-0.09,-0.22,0.89,-0.02,-0.1,0.03,-5.71,-13.92
-0.07,-0.18,0.9,-0.06,-0.1,0.06,-4.64,-11.23
-0.07,-0.15,0.89,-0.09,-0.09,0.08,-4.25,-9.64
-0.06,-0.12,0.88,-0.15,-0.06,0.09,-3.57,-7.74
-0.05,-0.09,0.88,-0.14,-0.06,0.1,-3.54,-5.99
-0.04,-0.07,0.91,-0.15,-0.06,0.1,-2.51,-4.23
-0.03,-0.05,0.91,-0.16,-0.01,0.09,-2.01,-3.04
-0.03,-0.03,0.92,-0.16,0.01,0.08,-2.07,-1.96
-0.03,-0.02,0.93,-0.14,0.06,0.05,-1.84,-1.5
-0.02,-0.02,0.94,-0.13,0.01,0.09,-1.37,-1.29
-0.02,-0.01,0.93,-0.1,0.05,0.09,-0.94,-0.82
-0.01,-0.01,0.91,-0.11,0.07,0.09,-0.88,-0.72
-0.01,-0.01,0.91,-0.09,0.07,0.08,-0.72,-0.77
-0.01,-0.01,0.9,-0.08,0.07,0.08,-0.91,-0.33
-0.01,-0.01,0.91,-0.09,0.1,0.07,-0.55,-0.89
-0.01,-0.02,0.91,-0.1,0.1,0.06,-0.37,-1.19
-0.0,-0.02,0.91,-0.1,0.1,0.06,-0.22,-1.2
-0.0,-0.02,0.92,-0.11,0.09,0.06,-0.19,-1.44
0.0,-0.02,0.93,-0.13,0.11,0.06,0.12,-0.96
0.0,-0.0,0.94,-0.13,0.11,0.06,0.08,-0.01
-0.0,0.0,0.94,-0.14,0.1,0.07,-0.08,0.14
0.0,0.02,0.95,-0.14,0.09,0.08,0.2,1.1
0.0,0.03,0.96,-0.13,0.1,0.09,0.29,1.73
0.01,0.04,0.95,-0.14,0.1,0.08,0.3,2.27
0.01,0.05,0.95,-0.14,0.1,0.09,0.45,3.0
0.01,0.06,0.94,-0.13,0.09,0.09,0.43,3.58
0.01,0.07,0.93,-0.13,0.1,0.09,0.71,4.58
0.01,0.09,0.93,-0.14,0.11,0.08,0.84,5.52
0.02,0.1,0.93,-0.13,0.1,0.08,0.93,5.91
0.01,0.1,0.94,-0.11,0.1,0.05,0.87,6.2
0.0,0.11,0.94,-0.1,0.09,0.05,0.27,6.71
-0.0,0.11,0.95,-0.14,0.11,0.04,-0.0,6.56
0.0,0.12,0.96,-0.11,0.09,0.04,0.23,6.97
-0.0,0.11,0.97,-0.11,0.07,0.04,-0.1,6.74
-0.0,0.13,0.98,-0.1,0.04,0.04,-0.18,7.84
-0.0,0.14,0.98,-0.11,0.04,0.04,-0.24,8.17
-0.0,0.15,0.99,-0.11,0.01,0.05,-0.08,8.68
-0.0,0.16,0.99,-0.1,-0.0,0.03,-0.27,9.32
-0.01,0.19,1.0,-0.08,-0.04,0.03,-0.32,10.56
-0.01,0.2,1.0,-0.08,-0.05,0.02,-0.47,11.22
-0.01,0.21,1.0,-0.08,-0.07,0.02,-0.42,11.82
-0.01,0.21,1.01,-0.05,-0.1,0.01,-0.53,11.76
-0.02,0.22,1.02,-0.02,-0.12,-0.01,-0.89,12.31
-0.02,0.22,1.03,0.0,-0.14,-0.01,-1.21,12.29
-0.03,0.23,1.04,0.03,-0.15,-0.01,-1.53,12.2
-0.02,0.24,1.06,0.06,-0.15,-0.04,-1.2,12.95
-0.03,0.23,1.06,0.1,-0.17,-0.04,-1.62,12.28
-0.03,0.22,1.07,0.13,-0.16,-0.05,-1.72,11.69
-0.05,0.2,1.06,0.15,-0.16,-0.04,-2.51,10.43
-0.05,0.16,1.07,0.17,-0.18,-0.03,-2.71,8.72
-0.06,0.13,1.07,0.16,-0.21,-0.02,-3.09,6.77
-0.06,0.11,1.07,0.13,-0.25,-0.01,-3.43,5.67
-0.07,0.09,1.08,0.09,-0.27,0.01,-3.61,4.92
-0.06,0.09,1.09,0.05,-0.31,0.04,-3.28,4.63
-0.06,0.1,1.09,0.03,-0.34,0.05,-3.15,5.36
-0.06,0.1,1.1,-0.01,-0.38,0.09,-3.31,5.22
-0.07,0.09,1.1,-0.06,-0.41,0.11,-3.5,4.55
-0.08,0.06,1.1,-0.11,-0.45,0.15,-3.94,3.37
-0.07,0.07,1.1,-0.16,-0.5,0.19,-3.82,3.48
-0.07,0.08,1.1,-0.23,-0.52,0.22,-3.78,3.92
-0.07,0.06,1.09,-0.32,-0.54,0.26,-3.58,3.29
-0.07,0.06,1.1,-0.41,-0.58,0.29,-3.56,3.36
-0.07,0.06,1.11,-0.54,-0.6,0.33,-3.82,2.86
-0.07,0.06,1.13,-0.64,-0.66,0.38,-3.78,2.9
-0.06,0.09,1.15,-0.77,-0.68,0.44,-2.88,4.28
-0.05,0.12,1.17,-0.88,-0.73,0.49,-2.5,5.63
-0.05,0.15,1.21,-0.99,-0.78,0.53,-2.14,6.99
-0.04,0.19,1.27,-1.09,-0.78,0.57,-1.65,8.29
-0.03,0.24,1.34,-1.18,-0.76,0.62,-1.33,10.21
0.01,0.33,1.41,-1.26,-0.73,0.68,0.35,13.23
0.05,0.41,1.47,-1.28,-0.72,0.72,1.81,15.74
0.08,0.51,1.51,-1.29,-0.68,0.75,3.03,18.76
0.1,0.6,1.56,-1.28,-0.73,0.78,3.45,21.07
0.12,0.65,1.58,-1.16,-0.68,0.75,3.87,22.36
0.12,0.66,1.6,-1.09,-0.68,0.73,3.96,22.42
0.12,0.64,1.62,-1.06,-0.68,0.71,4.02,21.62
0.12,0.6,1.64,-1.04,-0.68,0.7,4.03,20.01
0.12,0.58,1.64,-1.08,-0.69,0.7,4.05,19.54
0.13,0.54,1.66,-1.13,-0.77,0.71,4.36,18.06
0.16,0.52,1.67,-1.2,-0.84,0.72,5.19,17.35
0.17,0.55,1.64,-1.3,-0.93,0.7,5.65,18.35
0.16,0.54,1.66,-1.42,-1.12,0.68,5.36,18.11
0.14,0.52,1.7,-1.52,-1.33,0.66,4.44,17.04
0.13,0.52,1.78,-1.66,-1.6,0.67,3.88,16.29
0.12,0.57,1.87,-1.76,-1.85,0.69,3.58,16.97
0.13,0.68,1.99,-1.78,-2.08,0.71,3.42,18.95
0.13,0.73,2.03,-1.82,-2.38,0.74,3.4,19.65
0.12,0.73,2.02,-1.56,-2.37,0.69,3.28,19.92
0.11,0.73,2.0,-1.34,-2.37,0.6,2.87,20.13
0.09,0.72,2.0,-1.07,-2.35,0.51,2.44,19.76
0.08,0.69,2.02,-0.7,-2.27,0.4,2.02,18.84
0.06,0.64,2.05,-0.41,-2.19,0.31,1.49,17.47
0.04,0.59,2.08,-0.08,-2.1,0.21,1.01,15.93
0.02,0.53,2.12,0.2,-1.99,0.12,0.57,13.92
0.02,0.45,2.17,0.44,-1.94,0.06,0.57,11.85
0.03,0.38,2.21,0.61,-1.94,0.04,0.75,9.7
0.04,0.3,2.22,0.72,-1.96,0.02,1.06,7.67
0.04,0.15,2.14,0.77,-2.01,0.02,1.02,4.09
0.03,0.04,2.05,0.8,-2.1,0.02,0.85,1.03
0.02,-0.08,1.98,0.76,-2.21,0.03,0.56,-2.45
0.01,-0.2,1.91,0.71,-2.33,0.05,0.15,-6.02
-0.01,-0.27,1.87,0.65,-2.47,0.07,-0.34,-8.19
-0.03,-0.34,1.83,0.59,-2.6,0.09,-1.07,-10.55
-0.05,-0.39,1.78,0.53,-2.72,0.13,-1.41,-12.4
-0.05,-0.44,1.73,0.47,-2.85,0.14,-1.76,-14.23
-0.06,-0.48,1.68,0.39,-2.94,0.16,-2.08,-16.03
-0.09,-0.5,1.64,0.33,-3.05,0.17,-2.84,-16.88
-0.1,-0.5,1.6,0.31,-3.15,0.18,-3.28,-17.45
-0.11,-0.52,1.59,0.29,-3.17,0.17,-3.94,-18.12
-0.12,-0.54,1.57,0.3,-3.18,0.16,-4.12,-19.03
-0.14,-0.59,1.54,0.34,-3.19,0.15,-4.84,-20.99
-0.14,-0.63,1.51,0.38,-3.16,0.15,-4.8,-22.58
-0.14,-0.67,1.47,0.44,-3.1,0.15,-4.95,-24.23
-0.13,-0.72,1.39,0.52,-3.03,0.14,-4.82,-27.29
-0.15,-0.78,1.3,0.54,-2.95,0.16,-5.69,-30.81
-0.17,-0.8,1.2,0.58,-2.89,0.16,-6.53,-33.45
-0.17,-0.84,1.12,0.56,-2.86,0.18,-6.77,-36.52
-0.17,-0.87,1.04,0.52,-2.83,0.19,-6.96,-39.56
-0.17,-0.89,0.98,0.46,-2.86,0.24,-7.36,-41.79
-0.16,-0.9,0.91,0.4,-2.93,0.26,-6.93,-44.25
-0.14,-0.88,0.86,0.35,-2.98,0.29,-6.67,-45.41
-0.12,-0.85,0.78,0.28,-3.03,0.31,-6.13,-47.06
-0.13,-0.81,0.74,0.2,-3.09,0.34,-6.58,-47.25
-0.13,-0.77,0.68,0.12,-3.11,0.33,-7.15,-48.09
-0.13,-0.72,0.64,0.05,-3.13,0.33,-7.54,-47.81
-0.13,-0.69,0.61,-0.01,-3.11,0.29,-7.87,-47.74
-0.12,-0.67,0.6,-0.08,-3.1,0.25,-7.84,-47.47
-0.13,-0.68,0.61,-0.11,-3.1,0.22,-7.88,-47.64
-0.13,-0.68,0.62,-0.13,-3.08,0.21,-8.22,-47.3
-0.14,-0.68,0.62,-0.13,-3.03,0.2,-8.95,-46.53
-0.13,-0.66,0.61,-0.12,-2.97,0.21,-8.3,-46.61
-0.11,-0.65,0.58,-0.09,-2.93,0.22,-7.55,-47.69
-0.11,-0.64,0.53,-0.07,-2.84,0.21,-7.3,-49.42
-0.11,-0.59,0.5,-0.04,-2.77,0.21,-8.21,-48.88
-0.11,-0.55,0.48,-0.04,-2.68,0.22,-8.84,-47.72
-0.11,-0.49,0.47,-0.01,-2.59,0.21,-9.09,-45.51
-0.09,-0.45,0.47,0.06,-2.55,0.19,-8.07,-43.06
-0.08,-0.4,0.41,0.1,-2.44,0.16,-7.86,-43.68
-0.08,-0.36,0.36,0.11,-2.31,0.13,-9.03,-44.34
-0.07,-0.32,0.3,0.15,-2.22,0.11,-8.61,-46.12
-0.06,-0.3,0.25,0.14,-2.16,0.07,-8.22,-49.65
-0.05,-0.28,0.22,0.1,-2.09,0.03,-8.37,-51.14
-0.05,-0.25,0.19,0.1,-2.01,0.0,-9.13,-51.88
-0.04,-0.22,0.16,0.09,-1.89,-0.05,-9.08,-52.43
-0.04,-0.2,0.13,0.07,-1.78,-0.09,-9.99,-55.34
-0.05,-0.19,0.13,0.04,-1.66,-0.12,-11.33,-54.38
-0.06,-0.19,0.12,-0.01,-1.51,-0.15,-14.79,-53.46
-0.06,-0.17,0.15,-0.0,-1.37,-0.16,-14.26,-46.08
-0.04,-0.15,0.17,0.0,-1.24,-0.17,-10.26,-39.55
-0.03,-0.12,0.17,0.03,-1.09,-0.2,-6.85,-33.46
-0.0,-0.08,0.15,0.01,-0.93,-0.23,-0.13,-26.69
-0.0,-0.06,0.14,0.03,-0.84,-0.26,-0.81,-21.71
0.02,-0.03,0.12,-0.01,-0.73,-0.3,10.09,-12.37
0.03,0.0,0.1,-0.04,-0.66,-0.34,19.08,2.27
0.04,0.03,0.05,-0.13,-0.61,-0.39,34.51,29.72
0.05,0.06,0.02,-0.23,-0.65,-0.42,37.31,49.09
0.02,0.05,0.01,-0.36,-0.78,-0.45,17.74,71.35
-0.04,0.01,0.0,-0.51,-0.99,-0.43,-78.49,11.15
-0.07,-0.04,0.01,-0.69,-1.22,-0.37,-57.5,-31.17
-0.07,-0.04,0.06,-0.84,-1.49,-0.26,-46.42,-21.43
-0.07,0.02,0.15,-0.94,-1.75,-0.17,-24.83,8.47
-0.08,0.09,0.24,-1.01,-1.93,-0.12,-18.02,18.87
-0.07,0.12,0.34,-1.04,-2.06,-0.07,-11.42,18.99
-0.06,0.16,0.44,-1.01,-2.11,-0.05,-6.87,20.07
-0.04,0.21,0.53,-0.95,-2.09,-0.06,-4.38,21.66
-0.05,0.24,0.58,-0.84,-2.0,-0.1,-4.59,22.41
-0.07,0.25,0.62,-0.69,-1.81,-0.16,-5.74,21.86
-0.08,0.25,0.64,-0.57,-1.61,-0.21,-6.28,21.32
-0.08,0.23,0.65,-0.42,-1.44,-0.26,-6.84,19.05
-0.09,0.19,0.64,-0.25,-1.24,-0.3,-7.6,16.33
-0.11,0.16,0.64,-0.09,-1.04,-0.34,-9.66,13.53
-0.13,0.11,0.61,0.06,-0.9,-0.33,-11.61,10.0
-0.13,0.08,0.59,0.18,-0.74,-0.31,-12.38,7.34
-0.12,0.06,0.56,0.3,-0.6,-0.28,-11.72,6.2
-0.12,0.06,0.53,0.39,-0.46,-0.24,-12.47,6.8
-0.11,0.07,0.51,0.45,-0.31,-0.18,-11.58,7.34
-0.09,0.08,0.49,0.52,-0.19,-0.13,-10.13,9.22
-0.06,0.09,0.48,0.57,-0.07,-0.09,-7.5,10.67
-0.05,0.11,0.46,0.59,0.04,-0.06,-6.44,13.17
-0.07,0.11,0.45,0.58,0.08,-0.04,-8.06,14.14
-0.07,0.12,0.44,0.55,0.1,0.03,-8.28,15.23
-0.05,0.15,0.44,0.51,0.08,0.08,-5.84,18.62
-0.04,0.18,0.45,0.44,0.05,0.13,-4.83,21.89
-0.04,0.21,0.48,0.4,-0.0,0.17,-4.22,23.88
-0.04,0.25,0.5,0.34,-0.11,0.2,-4.01,26.36
-0.04,0.28,0.53,0.28,-0.22,0.22,-3.52,27.92
-0.03,0.3,0.55,0.21,-0.32,0.23,-2.64,28.48
-0.02,0.34,0.57,0.15,-0.42,0.23,-2.12,30.9
-0.02,0.37,0.61,0.09,-0.5,0.21,-1.83,31.16
-0.02,0.36,0.64,0.05,-0.55,0.2,-1.21,29.39
0.0,0.38,0.72,0.02,-0.61,0.15,0.08,27.86
0.01,0.37,0.77,-0.0,-0.65,0.11,0.59,25.53
0.01,0.33,0.8,0.01,-0.69,0.07,0.55,22.18
0.01,0.3,0.82,0.03,-0.69,0.03,0.42,20.14
-0.0,0.28,0.82,0.04,-0.7,0.0,-0.02,18.5
0.0,0.25,0.82,0.06,-0.67,-0.02,0.08,17.09
0.0,0.24,0.83,0.07,-0.64,-0.03,0.25,16.38
0.0,0.24,0.84,0.09,-0.59,-0.06,0.08,15.76
-0.01,0.23,0.85,0.11,-0.53,-0.07,-0.42,15.18
-0.01,0.21,0.85,0.12,-0.45,-0.1,-0.57,13.59
-0.02,0.19,0.86,0.13,-0.4,-0.09,-1.07,12.28
-0.03,0.16,0.88,0.19,-0.38,-0.09,-1.99,10.6
-0.04,0.16,0.88,0.21,-0.33,-0.08,-2.26,10.0
-0.03,0.15,0.9,0.25,-0.28,-0.08,-2.09,9.38
-0.04,0.14,0.9,0.27,-0.23,-0.08,-2.26,8.81
-0.04,0.14,0.9,0.31,-0.18,-0.06,-2.4,9.0
-0.04,0.14,0.89,0.36,-0.13,-0.07,-2.29,8.88
-0.04,0.14,0.86,0.37,-0.08,-0.08,-2.52,8.92
-0.04,0.13,0.85,0.37,-0.06,-0.07,-2.96,8.71
-0.04,0.12,0.85,0.36,-0.06,-0.07,-2.78,7.91
-0.04,0.1,0.83,0.35,-0.07,-0.07,-2.51,6.51
-0.04,0.1,0.84,0.32,-0.09,-0.05,-2.68,6.59
-0.04,0.09,0.83,0.29,-0.1,-0.04,-2.88,6.44
-0.03,0.09,0.84,0.26,-0.12,-0.02,-2.27,5.9
-0.02,0.09,0.84,0.21,-0.13,-0.03,-1.42,6.42
-0.02,0.08,0.86,0.18,-0.12,-0.03,-1.38,5.33
-0.03,0.09,0.86,0.12,-0.11,-0.04,-1.82,5.79
-0.01,0.09,0.88,0.06,-0.1,-0.04,-0.85,5.57
-0.02,0.09,0.91,0.01,-0.09,-0.05,-1.52,5.84
-0.02,0.07,0.94,-0.04,-0.08,-0.06,-1.29,4.46
-0.03,0.06,0.97,-0.06,-0.05,-0.06,-1.86,3.74
-0.04,0.05,0.99,-0.08,-0.06,-0.05,-2.37,2.86
-0.04,0.06,1.04,-0.09,-0.06,-0.05,-1.93,3.1
-0.04,0.05,1.06,-0.07,-0.09,-0.05,-2.06,2.73
-0.04,0.04,1.09,-0.05,-0.08,-0.07,-1.85,2.09
-0.03,0.05,1.08,-0.01,-0.11,-0.08,-1.62,2.45
-0.02,0.04,1.08,0.02,-0.1,-0.08,-1.11,2.0
-0.03,0.04,1.07,0.04,-0.07,-0.1,-1.53,2.2
-0.04,0.03,1.07,0.05,-0.03,-0.11,-2.19,1.71
-0.05,0.02,1.05,0.06,-0.03,-0.11,-2.67,0.97
-0.06,0.01,1.03,0.09,-0.04,-0.1,-3.2,0.37
-0.05,-0.0,1.02,0.09,-0.02,-0.1,-2.75,-0.09
-0.05,-0.0,1.0,0.1,-0.04,-0.08,-2.77,-0.24
-0.05,0.01,0.99,0.09,-0.03,-0.07,-2.82,0.36
-0.05,0.02,0.99,0.09,-0.03,-0.06,-2.63,1.0
-0.05,0.04,0.99,0.09,-0.01,-0.06,-2.7,2.29
-0.05,0.05,0.99,0.08,0.04,-0.08,-2.92,2.96
-0.05,0.05,0.98,0.07,0.06,-0.08,-2.83,3.12
-0.04,0.05,0.97,0.07,0.06,-0.08,-2.63,2.98
-0.04,0.05,0.96,0.06,0.05,-0.09,-2.5,3.28
-0.05,0.05,0.95,0.04,0.07,-0.11,-2.8,2.75
-0.05,0.03,0.94,0.02,0.04,-0.12,-3.06,2.08
-0.05,0.02,0.93,-0.03,0.02,-0.11,-3.01,1.36
-0.05,0.01,0.93,-0.03,-0.03,-0.08,-3.02,0.63
-0.05,0.0,0.94,-0.06,-0.04,-0.08,-3.19,0.22
-0.06,0.0,0.95,-0.09,-0.07,-0.07,-3.45,0.07
-0.06,0.01,0.95,-0.12,-0.11,-0.06,-3.77,0.74
-0.06,0.01,0.96,-0.13,-0.13,-0.05,-3.81,0.33
-0.06,0.0,0.98,-0.13,-0.12,-0.05,-3.55,0.14
-0.05,0.0,0.99,-0.13,-0.1,-0.04,-2.97,0.09
-0.06,-0.0,0.99,-0.1,-0.09,-0.04,-3.44,-0.22
-0.06,-0.01,1.0,-0.03,0.07,-0.18,-3.42,-0.73
-0.06,-0.02,0.99,-0.08,-0.05,-0.03,-3.69,-1.26
-0.06,-0.02,0.99,-0.08,-0.0,-0.01,-3.57,-1.24
-0.06,-0.03,0.98,-0.06,0.03,0.0,-3.53,-1.6
-0.05,-0.02,0.98,-0.07,0.05,0.02,-2.89,-1.25
-0.06,-0.02,0.97,-0.09,0.07,0.02,-3.38,-1.17
-0.06,-0.01,0.99,-0.09,0.08,0.05,-3.7,-0.38
-0.06,-0.0,1.02,-0.1,0.07,0.07,-3.31,-0.2
-0.05,0.01,1.03,-0.11,0.04,0.08,-2.69,0.8
-0.04,0.02,1.04,-0.1,0.04,0.07,-2.29,1.29
-0.04,0.04,1.05,-0.1,0.03,0.07,-2.02,1.97
-0.03,0.05,1.06,-0.12,0.04,0.07,-1.57,2.94
-0.02,0.07,1.08,-0.09,0.0,0.05,-1.17,3.52
-0.02,0.06,1.08,-0.07,-0.0,0.04,-1.31,3.35
-0.02,0.06,1.09,-0.05,0.01,0.03,-1.11,3.22
-0.02,0.06,1.08,-0.03,-0.0,0.03,-1.03,3.13
-0.02,0.05,1.07,-0.01,-0.01,0.01,-1.01,2.92
-0.01,0.05,1.05,0.02,-0.01,0.01,-0.6,2.56
-0.01,0.05,1.03,0.01,-0.01,-0.01,-0.74,2.65
-0.02,0.05,1.01,0.03,-0.03,-0.0,-0.97,2.69
-0.02,0.04,1.01,0.02,-0.02,0.01,-1.1,2.06
-0.02,0.04,1.01,0.02,-0.01,-0.0,-0.95,2.01
-0.03,0.04,1.01,0.04,-0.01,0.0,-1.88,2.38
-0.03,0.04,1.0,0.04,0.01,0.02,-1.9,2.56
-0.04,0.06,1.0,0.05,0.02,0.01,-2.15,3.4
-0.04,0.06,0.99,0.06,0.02,0.01,-2.12,3.62
-0.03,0.07,0.98,0.06,0.06,-0.0,-1.79,3.82
-0.04,0.07,0.95,0.06,0.07,-0.0,-2.21,4.27
-0.04,0.08,0.95,0.08,0.08,-0.01,-2.4,4.56
-0.03,0.08,0.95,0.06,0.08,-0.01,-1.88,4.61
-0.04,0.07,0.94,0.06,0.08,-0.01,-2.39,4.37
-0.04,0.07,0.93,0.06,0.09,-0.02,-2.58,4.24
-0.04,0.07,0.93,0.04,0.09,-0.02,-2.73,4.43
-0.04,0.08,0.91,0.04,0.07,-0.02,-2.2,4.8
-0.04,0.08,0.9,0.03,0.07,-0.02,-2.66,4.78
-0.04,0.08,0.9,0.01,0.08,-0.02,-2.74,5.04
-0.04,0.08,0.89,0.0,0.06,-0.01,-2.44,4.9
-0.04,0.08,0.9,0.01,0.05,-0.02,-2.41,4.92
-0.04,0.08,0.88,0.0,0.06,-0.03,-2.81,5.08
-0.05,0.08,0.87,-0.01,0.08,-0.03,-3.13,4.95
-0.05,0.08,0.86,-0.01,0.09,-0.03,-3.58,5.05
-0.06,0.07,0.85,-0.02,0.11,-0.03,-3.88,4.7
-0.06,0.07,0.85,-0.03,0.12,-0.02,-4.09,4.74
-0.07,0.07,0.86,-0.03,0.14,-0.01,-4.4,4.9
-0.07,0.08,0.85,-0.02,0.15,0.01,-4.69,5.16
-0.07,0.08,0.85,-0.02,0.15,0.02,-4.52,5.64
-0.07,0.09,0.85,-0.01,0.18,0.02,-4.57,5.92
-0.06,0.09,0.84,-0.01,0.21,0.03,-4.32,6.09
-0.06,0.1,0.83,0.0,0.21,0.04,-4.14,6.54
-0.05,0.1,0.83,0.01,0.22,0.04,-3.52,7.04
-0.05,0.11,0.82,0.01,0.23,0.04,-3.5,7.61
-0.05,0.12,0.83,0.0,0.25,0.04,-3.68,7.95
-0.05,0.11,0.83,-0.02,0.29,0.05,-3.11,7.86
-0.04,0.12,0.82,0.0,0.29,0.04,-2.68,8.06
-0.04,0.13,0.81,-0.0,0.3,0.03,-2.93,8.84
-0.05,0.13,0.8,-0.01,0.33,0.03,-3.41,8.89
-0.05,0.13,0.81,-0.04,0.37,0.03,-3.39,8.74
-0.06,0.12,0.82,0.01,0.51,-0.11,-3.91,8.57
-0.06,0.12,0.83,-0.04,0.37,0.03,-4.09,8.0
-0.07,0.1,0.84,-0.04,0.39,0.03,-4.98,6.52
-0.07,0.1,0.84,-0.03,0.37,0.05,-4.68,6.54
-0.07,0.09,0.85,-0.03,0.37,0.06,-4.62,6.03
-0.06,0.11,0.87,-0.0,0.36,0.07,-3.97,6.95
-0.07,0.1,0.87,0.01,0.38,0.07,-4.56,6.83
-0.06,0.1,0.9,0.04,0.4,0.08,-3.97,6.22
-0.06,0.12,0.84,0.08,0.42,0.08,-4.14,8.26
-0.06,0.13,0.81,0.07,0.45,0.07,-4.08,8.97
-0.05,0.11,0.83,0.08,0.49,0.05,-3.47,7.28
-0.05,0.1,0.84,0.08,0.52,0.06,-3.16,6.75
-0.05,0.1,0.83,0.1,0.54,0.06,-3.25,7.19
-0.05,0.1,0.81,0.08,0.57,0.05,-3.83,7.08
-0.05,0.09,0.8,0.1,0.6,0.05,-3.66,6.39
-0.05,0.08,0.8,0.08,0.65,0.05,-3.39,5.8
-0.04,0.08,0.81,0.09,0.66,0.05,-2.95,5.48
-0.04,0.08,0.79,0.08,0.67,0.06,-2.9,5.46
-0.03,0.07,0.81,0.06,0.72,0.05,-2.25,5.23
-0.03,0.08,0.83,0.04,0.74,0.05,-2.26,5.41
-0.03,0.09,0.82,0.04,0.75,0.05,-2.32,6.21
-0.04,0.09,0.84,0.04,0.77,0.04,-2.53,6.0
-0.04,0.08,0.84,0.05,0.79,0.04,-2.9,5.48
-0.05,0.08,0.85,0.04,0.79,0.05,-3.19,5.15
-0.05,0.06,0.86,0.05,0.79,0.05,-3.38,4.04
-0.05,0.07,0.87,0.04,0.78,0.07,-3.38,4.33
-0.06,0.07,0.87,0.04,0.78,0.07,-3.85,4.67
-0.06,0.08,0.88,0.04,0.78,0.07,-3.58,5.3
-0.05,0.09,0.9,0.0,0.76,0.09,-3.14,5.73
-0.05,0.09,0.9,0.05,0.75,0.06,-3.1,5.65
-0.05,0.09,0.9,0.07,0.77,0.05,-3.17,5.55
-0.05,0.09,0.9,0.04,0.79,0.03,-3.06,5.62
-0.05,0.09,0.89,0.07,0.78,0.03,-3.49,5.53
-0.06,0.08,0.89,0.07,0.77,0.01,-3.58,4.86
-0.06,0.06,0.89,0.06,0.8,0.01,-3.61,3.84
-0.06,0.05,0.9,0.07,0.81,-0.01,-3.61,2.91
-0.06,0.04,0.9,0.08,0.81,-0.01,-3.95,2.75
-0.06,0.04,0.89,0.09,0.82,-0.01,-3.98,2.62
-0.06,0.04,0.87,0.1,0.82,-0.02,-3.93,2.71
-0.06,0.04,0.85,0.07,0.87,-0.03,-3.83,2.56
-0.05,0.03,0.84,0.08,0.88,-0.02,-3.45,2.28
-0.06,0.03,0.82,0.06,0.9,-0.03,-4.0,1.89
-0.06,0.01,0.81,0.06,0.91,-0.04,-4.06,0.98
-0.06,0.01,0.81,0.03,0.92,-0.03,-4.06,0.4
-0.05,-0.0,0.8,-0.0,0.93,-0.03,-3.65,-0.32
-0.05,-0.01,0.8,-0.06,0.93,-0.03,-3.47,-0.82
-0.05,-0.01,0.79,-0.11,0.92,-0.02,-3.52,-0.71
-0.05,-0.01,0.81,-0.17,0.93,-0.01,-3.67,-0.85
-0.05,-0.01,0.84,-0.21,0.91,-0.0,-3.74,-0.64
-0.06,0.0,0.88,-0.23,0.88,0.02,-3.59,0.25
-0.05,0.02,0.9,-0.26,0.85,0.02,-2.98,1.39
-0.04,0.05,0.91,-0.27,0.85,0.0,-2.58,3.03
-0.04,0.06,0.93,-0.25,0.83,-0.0,-2.43,3.46
-0.04,0.05,0.94,-0.24,0.84,-0.02,-2.61,3.09
-0.05,0.04,0.94,-0.24,0.85,-0.03,-3.09,2.54
-0.05,0.03,0.95,-0.22,0.86,-0.05,-2.8,1.99
-0.04,0.02,0.93,-0.2,0.86,-0.05,-2.65,1.04
-0.05,0.01,0.94,-0.19,0.87,-0.05,-2.99,0.53
-0.05,-0.0,0.92,-0.19,0.87,-0.06,-3.07,-0.09
-0.05,-0.01,0.92,-0.2,0.89,-0.06,-3.37,-0.75
-0.06,-0.02,0.93,-0.22,0.92,-0.06,-3.61,-1.42
-0.05,-0.04,0.95,-0.22,0.93,-0.05,-3.27,-2.62
-0.06,-0.05,0.96,-0.21,0.92,-0.04,-3.81,-3.27
-0.06,-0.04,0.97,-0.22,0.93,-0.02,-3.62,-2.52
-0.05,-0.03,0.98,-0.2,0.92,-0.01,-2.65,-1.48
-0.04,-0.02,0.97,-0.2,0.94,-0.02,-2.1,-1.14
-0.04,-0.01,0.97,-0.19,0.93,-0.01,-2.59,-0.76
-0.04,-0.01,0.98,-0.18,0.95,-0.03,-2.38,-0.4
-0.05,0.0,0.97,-0.18,0.98,-0.04,-2.69,0.17
-0.04,0.0,0.98,-0.17,0.97,-0.04,-2.5,0.19
-0.05,-0.0,0.98,-0.15,0.96,-0.05,-2.91,-0.17
-0.05,-0.02,0.97,-0.15,0.96,-0.07,-3.18,-1.22
-0.06,-0.04,0.95,-0.15,0.93,-0.06,-3.61,-2.57
-0.06,-0.06,0.94,-0.17,0.9,-0.05,-3.7,-3.39
-0.07,-0.06,0.95,-0.18,0.86,-0.03,-4.06,-3.37
-0.07,-0.06,0.97,-0.16,0.81,-0.01,-4.21,-3.44
-0.06,-0.06,0.99,-0.17,0.81,-0.0,-3.57,-3.54
-0.05,-0.06,0.99,-0.14,0.79,0.01,-2.85,-3.49
-0.03,-0.05,0.98,-0.13,0.78,0.03,-1.82,-2.75
-0.04,-0.03,0.96,-0.13,0.8,0.01,-2.37,-1.96
-0.04,-0.02,0.96,-0.14,0.87,-0.0,-2.67,-1.0
-0.05,-0.01,0.97,-0.13,0.92,-0.02,-2.78,-0.83
-0.05,-0.02,0.98,-0.1,0.97,-0.03,-3.19,-0.89
-0.06,-0.02,0.98,-0.08,1.02,-0.05,-3.32,-1.44
-0.05,-0.04,0.97,-0.06,1.03,-0.03,-3.16,-2.4
-0.05,-0.05,0.93,-0.06,1.05,-0.02,-2.87,-3.05
-0.05,-0.05,0.91,-0.06,1.05,-0.01,-3.42,-3.22
-0.07,-0.05,0.9,-0.08,1.04,-0.0,-4.28,-3.03
-0.07,-0.04,0.91,-0.11,1.06,-0.01,-4.57,-2.76
-0.06,-0.04,0.91,-0.12,1.03,-0.0,-3.99,-2.44
-0.04,-0.05,0.92,-0.13,0.99,0.01,-2.64,-3.21
-0.02,-0.05,0.92,-0.15,0.92,0.03,-0.96,-3.0
-0.02,-0.04,0.9,-0.2,0.89,0.02,-0.99,-2.45
-0.02,-0.02,0.9,-0.25,0.87,0.01,-1.21,-1.49
-0.02,-0.0,0.93,-0.3,0.87,-0.01,-1.1,-0.1
-0.02,-0.01,0.97,-0.32,0.84,-0.02,-1.0,-0.31
-0.02,-0.01,1.01,-0.32,0.86,-0.04,-1.26,-0.7
-0.03,-0.02,1.05,-0.29,0.86,-0.03,-1.64,-1.3
-0.04,-0.02,1.06,-0.25,0.87,-0.03,-2.34,-1.33
-0.06,-0.02,1.08,-0.21,0.88,-0.03,-3.02,-0.9
-0.07,-0.01,1.09,-0.17,0.91,-0.03,-3.78,-0.65
-0.09,-0.01,1.11,-0.11,0.94,-0.02,-4.44,-0.49
-0.08,-0.01,1.12,-0.03,0.95,-0.01,-4.33,-0.41
-0.07,0.01,1.11,0.06,0.95,-0.0,-3.76,0.29
-0.06,0.01,1.09,0.13,0.99,0.01,-3.23,0.48
-0.06,0.0,1.05,0.18,1.05,-0.01,-3.3,0.17
-0.06,-0.02,1.0,0.22,1.06,-0.01,-3.4,-0.86
-0.05,-0.04,0.97,0.23,1.07,-0.02,-2.68,-2.32
-0.04,-0.07,0.95,0.22,1.05,-0.02,-2.5,-4.25
-0.02,-0.08,0.93,0.17,1.02,-0.02,-1.51,-5.11
-0.02,-0.08,0.92,0.12,0.97,-0.0,-1.42,-5.14
-0.03,-0.07,0.92,0.07,0.91,0.01,-1.68,-4.46
-0.04,-0.06,0.96,0.01,0.84,0.01,-2.19,-3.82
-0.04,-0.05,0.97,-0.03,0.77,0.02,-2.35,-2.81
-0.03,-0.03,1.0,-0.05,0.72,0.02,-1.93,-1.95
-0.02,-0.02,1.03,-0.03,0.65,0.02,-1.27,-0.87
-0.02,0.0,1.04,-0.0,0.61,0.01,-1.33,0.19
-0.03,0.02,1.06,0.03,0.61,-0.01,-1.88,1.06
-0.05,0.04,1.09,0.09,0.61,-0.02,-2.85,2.16
-0.06,0.04,1.1,0.18,0.63,-0.03,-3.04,2.08
-0.07,0.04,1.1,0.27,0.66,-0.04,-3.46,2.3
-0.06,0.04,1.1,0.37,0.73,-0.05,-3.39,2.24
-0.06,0.02,1.04,0.48,0.77,-0.06,-3.4,1.08
-0.05,0.0,0.98,0.54,0.82,-0.07,-2.95,0.07
-0.05,-0.02,0.94,0.59,0.87,-0.07,-3.18,-0.98
-0.07,-0.04,0.88,0.61,0.93,-0.08,-4.35,-2.78
-0.05,-0.07,0.85,0.59,0.97,-0.08,-3.61,-4.4
-0.05,-0.11,0.79,0.54,0.97,-0.06,-3.38,-7.87
-0.04,-0.16,0.75,0.46,0.94,-0.05,-2.76,-11.72
-0.02,-0.18,0.72,0.34,0.93,-0.03,-1.68,-14.0
-0.02,-0.18,0.69,0.19,0.89,-0.0,-1.74,-14.93
-0.03,-0.18,0.7,0.03,0.83,0.01,-2.44,-14.47
-0.03,-0.17,0.71,-0.14,0.76,0.03,-2.01,-13.22
-0.02,-0.14,0.76,-0.3,0.71,0.06,-1.79,-10.66
-0.01,-0.12,0.81,-0.43,0.64,0.06,-0.57,-8.19
-0.0,-0.08,0.87,-0.54,0.59,0.08,-0.19,-5.24
-0.0,-0.03,0.96,-0.61,0.53,0.09,-0.16,-1.98
-0.01,0.02,1.04,-0.65,0.52,0.06,-0.54,1.17
-0.02,0.08,1.12,-0.61,0.5,0.06,-1.08,3.99
-0.02,0.13,1.19,-0.54,0.49,0.03,-1.11,6.06
-0.03,0.16,1.26,-0.42,0.5,-0.01,-1.17,7.35
-0.04,0.18,1.29,-0.25,0.55,-0.04,-1.62,7.72
-0.05,0.18,1.3,-0.08,0.63,-0.08,-2.21,7.78
-0.06,0.18,1.29,0.11,0.71,-0.12,-2.6,7.88
-0.07,0.14,1.27,0.29,0.8,-0.16,-3.22,6.49
-0.07,0.09,1.22,0.45,0.87,-0.19,-3.27,4.35
-0.06,0.03,1.15,0.54,0.96,-0.2,-3.16,1.26
-0.06,-0.04,1.07,0.6,1.01,-0.2,-3.21,-2.12
-0.07,-0.09,1.02,0.62,1.04,-0.18,-3.66,-5.01
-0.07,-0.13,0.98,0.6,1.07,-0.15,-3.81,-7.27
-0.07,-0.14,0.95,0.54,1.08,-0.13,-4.08,-8.47
-0.06,-0.14,0.93,0.47,1.05,-0.09,-3.77,-8.69
-0.05,-0.14,0.92,0.39,1.0,-0.07,-3.28,-8.78
-0.04,-0.12,0.93,0.31,0.97,-0.05,-2.69,-7.36
-0.04,-0.08,0.95,0.23,0.93,-0.03,-2.17,-4.99
-0.02,-0.04,0.97,0.17,0.88,-0.04,-1.28,-2.15
-0.02,0.0,1.0,0.15,0.83,-0.06,-0.91,0.06
-0.01,0.02,1.01,0.15,0.78,-0.08,-0.53,1.16
-0.02,0.03,1.03,0.14,0.78,-0.11,-0.9,1.41
-0.03,0.02,1.04,0.15,0.76,-0.13,-1.59,1.15
-0.04,0.01,1.04,0.18,0.75,-0.15,-2.28,0.71
-0.05,-0.01,1.04,0.2,0.74,-0.16,-2.79,-0.53
-0.04,-0.04,1.03,0.19,0.78,-0.16,-2.5,-2.29
-0.06,-0.07,1.01,0.18,0.77,-0.14,-3.29,-3.99
-0.07,-0.08,1.0,0.14,0.8,-0.13,-3.89,-4.68
-0.07,-0.09,0.98,0.17,0.95,-0.24,-3.86,-5.06
-0.06,-0.11,0.95,0.04,0.8,-0.08,-3.82,-6.81
-0.06,-0.13,0.94,-0.08,0.79,-0.04,-3.8,-8.07
-0.06,-0.13,0.94,-0.19,0.77,-0.01,-3.7,-7.83
-0.06,-0.08,0.97,-0.31,0.73,0.02,-3.37,-4.54
-0.04,0.0,1.03,-0.4,0.67,0.04,-2.35,0.05
-0.01,0.11,1.1,-0.47,0.62,0.04,-0.42,5.67
0.01,0.17,1.14,-0.47,0.54,0.03,0.58,8.28
0.01,0.2,1.18,-0.43,0.49,-0.02,0.69,9.51
0.0,0.22,1.21,-0.39,0.45,-0.07,0.14,10.28
-0.0,0.23,1.23,-0.33,0.44,-0.11,-0.03,10.43
-0.0,0.21,1.25,-0.26,0.43,-0.14,-0.09,9.6
-0.02,0.19,1.27,-0.18,0.42,-0.16,-0.72,8.34
-0.02,0.15,1.26,-0.12,0.42,-0.17,-1.09,6.73
-0.04,0.14,1.25,-0.07,0.43,-0.17,-1.62,6.19
-0.05,0.12,1.24,-0.02,0.43,-0.17,-2.44,5.66
-0.06,0.13,1.23,0.03,0.45,-0.16,-2.85,6.07
-0.07,0.14,1.22,0.1,0.48,-0.16,-3.49,6.41
-0.08,0.15,1.19,0.13,0.53,-0.17,-3.8,7.08
-0.09,0.17,1.2,0.2,0.56,-0.17,-4.1,7.85
-0.1,0.17,1.18,0.28,0.61,-0.18,-4.73,8.37
-0.1,0.19,1.17,0.34,0.67,-0.2,-4.87,9.26
-0.1,0.19,1.16,0.43,0.74,-0.22,-4.7,9.29
-0.09,0.19,1.13,0.51,0.78,-0.23,-4.64,9.3
-0.09,0.17,1.12,0.59,0.82,-0.26,-4.47,8.55
-0.08,0.14,1.09,0.65,0.86,-0.28,-4.43,7.45
-0.09,0.1,1.07,0.72,0.86,-0.3,-4.63,5.12
-0.09,0.05,1.04,0.75,0.86,-0.31,-5.21,2.71
-0.1,0.0,1.02,0.76,0.83,-0.3,-5.45,0.24
-0.09,-0.05,0.97,0.75,0.8,-0.29,-5.1,-2.78
-0.08,-0.1,0.94,0.7,0.76,-0.28,-4.71,-6.28
-0.07,-0.15,0.9,0.62,0.7,-0.24,-4.41,-9.25
-0.08,-0.21,0.87,0.51,0.67,-0.22,-5.39,-13.23
-0.09,-0.23,0.83,0.38,0.64,-0.19,-6.17,-15.06
-0.1,-0.21,0.84,0.23,0.6,-0.16,-6.62,-14.31
-0.1,-0.21,0.85,0.07,0.56,-0.12,-6.3,-13.5
-0.1,-0.17,0.88,-0.06,0.52,-0.09,-6.48,-10.54
-0.1,-0.12,0.93,-0.16,0.49,-0.06,-5.99,-7.33
-0.1,-0.07,0.97,-0.25,0.5,-0.04,-5.86,-4.3
-0.1,-0.02,1.02,-0.27,0.48,-0.03,-5.38,-1.11
-0.09,0.04,1.08,-0.29,0.49,-0.04,-4.9,2.3
-0.09,0.09,1.13,-0.24,0.48,-0.04,-4.68,4.64
-0.08,0.13,1.18,-0.17,0.48,-0.05,-3.99,6.48
-0.08,0.15,1.2,-0.1,0.5,-0.06,-3.68,7.01
-0.08,0.16,1.21,0.02,0.51,-0.06,-3.61,7.72
-0.07,0.16,1.2,0.13,0.53,-0.07,-3.49,7.74
-0.08,0.16,1.17,0.23,0.59,-0.1,-4.07,7.88
-0.08,0.13,1.13,0.31,0.62,-0.11,-3.84,6.69
-0.09,0.1,1.11,0.39,0.64,-0.14,-4.38,4.94
-0.1,0.05,1.07,0.44,0.67,-0.14,-5.09,2.77
-0.1,0.01,1.04,0.47,0.68,-0.14,-5.57,0.66
-0.11,-0.01,1.01,0.47,0.7,-0.13,-6.25,-0.75
-0.11,-0.02,0.99,0.48,0.7,-0.13,-6.39,-0.89
-0.1,-0.04,0.97,0.46,0.72,-0.11,-5.98,-2.6
-0.1,-0.09,0.94,0.44,0.76,-0.11,-5.79,-5.31
-0.08,-0.12,0.91,0.37,0.77,-0.09,-5.28,-7.41
-0.1,-0.17,0.89,0.29,0.78,-0.06,-6.49,-10.71
-0.11,-0.17,0.87,0.2,0.77,-0.02,-6.83,-11.23
-0.1,-0.16,0.88,0.1,0.77,0.02,-6.15,-10.22
-0.07,-0.12,0.9,-0.0,0.73,0.05,-4.65,-7.38
-0.05,-0.08,0.93,-0.09,0.7,0.08,-2.85,-4.77
-0.04,-0.04,0.94,-0.14,0.65,0.1,-2.42,-2.56
-0.03,0.0,0.96,-0.17,0.65,0.09,-2.06,0.04
-0.03,0.06,0.99,-0.19,0.63,0.09,-1.95,3.3
-0.01,0.11,1.0,-0.2,0.62,0.07,-0.56,6.09
-0.01,0.12,1.02,-0.15,0.6,0.04,-0.51,6.94
-0.01,0.12,1.03,-0.1,0.6,0.01,-0.66,6.73
-0.02,0.11,1.03,-0.08,0.64,-0.02,-1.03,6.37
-0.03,0.1,1.04,-0.05,0.66,-0.04,-1.55,5.49
-0.05,0.1,1.03,-0.01,0.66,-0.06,-2.68,5.66
-0.06,0.1,1.04,0.05,0.65,-0.07,-3.04,5.31
-0.07,0.1,1.05,0.09,0.66,-0.1,-3.77,5.31
-0.07,0.07,1.06,0.13,0.67,-0.11,-4.05,3.74
-0.08,0.02,1.04,0.17,0.66,-0.1,-4.19,1.24
-0.08,-0.04,1.03,0.18,0.66,-0.08,-4.61,-2.29
-0.1,-0.09,1.0,0.13,0.69,-0.05,-5.53,-4.95
-0.1,-0.09,0.99,0.09,0.67,-0.01,-5.82,-5.31
-0.09,-0.08,0.98,0.03,0.64,0.03,-5.29,-4.62
-0.07,-0.06,1.01,-0.04,0.61,0.06,-4.1,-3.45
-0.05,-0.04,1.02,-0.08,0.58,0.07,-2.76,-2.5
-0.04,-0.04,1.04,-0.13,0.6,0.08,-2.17,-2.34
-0.04,-0.02,1.04,-0.17,0.59,0.1,-2.0,-1.17
-0.03,0.01,1.05,-0.2,0.56,0.13,-1.82,0.51
-0.04,0.05,1.06,-0.22,0.58,0.13,-1.96,2.77
-0.03,0.09,1.07,-0.21,0.56,0.12,-1.58,5.03
-0.03,0.13,1.09,-0.2,0.53,0.13,-1.59,6.71
-0.03,0.16,1.12,-0.17,0.51,0.12,-1.62,8.1
-0.04,0.19,1.13,-0.11,0.52,0.11,-1.99,9.45
-0.04,0.22,1.13,-0.05,0.51,0.1,-2.14,11.06
-0.04,0.24,1.11,0.03,0.52,0.09,-1.88,12.0
-0.04,0.25,1.1,0.11,0.51,0.09,-2.11,12.56
-0.05,0.23,1.08,0.19,0.53,0.04,-2.42,12.16
-0.05,0.22,1.07,0.25,0.55,0.01,-2.67,11.47
-0.06,0.18,1.05,0.31,0.54,-0.01,-3.01,9.59
-0.06,0.14,1.04,0.36,0.52,-0.03,-3.23,7.61
-0.06,0.09,1.03,0.38,0.51,-0.04,-3.05,4.91
-0.05,0.03,1.02,0.36,0.52,-0.04,-2.74,1.94
-0.05,-0.02,1.0,0.34,0.49,-0.02,-2.91,-1.19
-0.04,-0.08,0.99,0.26,0.51,-0.02,-2.37,-4.47
-0.04,-0.13,0.97,0.18,0.52,0.01,-2.08,-7.38
-0.04,-0.14,0.96,0.05,0.57,0.03,-2.16,-8.37
-0.05,-0.14,0.96,-0.07,0.59,0.07,-2.72,-8.42
-0.04,-0.14,0.99,-0.18,0.61,0.1,-2.11,-8.19
-0.03,-0.13,1.04,-0.3,0.64,0.15,-1.55,-7.21
-0.01,-0.11,1.11,-0.41,0.7,0.21,-0.39,-5.87
0.04,-0.06,1.16,-0.48,0.72,0.31,1.73,-3.05
0.08,0.02,1.21,-0.53,0.77,0.38,3.77,1.02
0.13,0.11,1.21,-0.53,0.83,0.44,6.19,5.09
0.15,0.16,1.18,-0.55,0.9,0.47,7.01,7.64
0.14,0.21,1.13,-0.55,0.98,0.48,7.03,10.36
0.14,0.25,1.1,-0.56,1.02,0.47,7.17,12.64
0.14,0.29,1.06,-0.59,1.05,0.45,7.41,15.01
0.14,0.32,1.05,-0.63,1.07,0.41,7.26,16.83
0.14,0.36,1.04,-0.63,1.03,0.37,7.07,18.82
0.12,0.39,1.04,-0.64,0.97,0.32,6.1,20.61
0.12,0.41,1.02,-0.66,0.88,0.26,6.11,21.89
0.11,0.43,1.02,-0.66,0.78,0.21,5.85,22.56
0.1,0.43,1.01,-0.61,0.64,0.16,5.16,23.04
0.09,0.43,1.0,-0.6,0.51,0.11,4.52,23.38
0.07,0.44,0.98,-0.55,0.37,0.05,3.93,23.8
0.08,0.4,0.98,-0.52,0.24,-0.01,4.13,22.25
0.07,0.35,0.98,-0.48,0.12,-0.06,4.0,19.3
0.06,0.28,0.98,-0.45,0.03,-0.11,3.1,15.92
0.05,0.21,1.0,-0.42,-0.06,-0.16,2.74,11.85
0.05,0.12,1.01,-0.43,-0.11,-0.17,2.59,6.97
0.04,0.04,1.01,-0.48,-0.16,-0.16,2.0,2.19
0.02,-0.03,1.01,-0.55,-0.21,-0.13,0.93,-1.48
0.0,-0.05,1.03,-0.63,-0.27,-0.08,0.12,-2.59
0.0,-0.03,1.05,-0.69,-0.29,-0.05,0.22,-1.69
0.01,0.01,1.05,-0.76,-0.33,-0.0,0.28,0.55
-0.0,0.05,1.07,-0.8,-0.37,0.04,-0.03,2.92
-0.01,0.1,1.09,-0.81,-0.42,0.07,-0.64,5.5
-0.02,0.15,1.08,-0.8,-0.45,0.1,-1.25,8.01
-0.03,0.21,1.08,-0.78,-0.47,0.11,-1.54,10.75
-0.04,0.26,1.07,-0.72,-0.49,0.12,-2.1,13.57
-0.04,0.3,1.07,-0.62,-0.5,0.11,-2.28,15.78
-0.05,0.34,1.08,-0.52,-0.47,0.07,-2.79,17.46
-0.06,0.35,1.07,-0.4,-0.43,0.03,-2.86,18.14
-0.06,0.35,1.08,-0.26,-0.4,-0.0,-3.19,18.02
-0.07,0.34,1.08,-0.13,-0.34,-0.05,-3.32,17.35
-0.07,0.32,1.08,0.02,-0.28,-0.1,-3.72,16.64
-0.08,0.3,1.08,0.16,-0.2,-0.14,-3.85,15.35
-0.07,0.27,1.08,0.31,-0.13,-0.17,-3.6,14.04
-0.06,0.23,1.06,0.44,-0.06,-0.19,-3.3,11.92
-0.05,0.18,1.04,0.55,0.03,-0.22,-2.94,9.87
-0.05,0.13,1.01,0.63,0.12,-0.24,-2.68,7.46
-0.05,0.08,0.99,0.71,0.18,-0.25,-2.92,4.59
-0.05,0.03,0.96,0.83,0.37,-0.4,-2.9,1.58
-0.04,-0.0,0.93,0.78,0.29,-0.26,-2.51,-0.15
-0.04,-0.04,0.9,0.8,0.32,-0.24,-2.38,-2.29
-0.03,-0.05,0.88,0.8,0.39,-0.24,-2.24,-3.53
-0.02,-0.06,0.87,0.77,0.4,-0.24,-1.62,-4.19
-0.02,-0.1,0.83,0.74,0.42,-0.23,-1.35,-6.85
-0.03,-0.12,0.81,0.7,0.43,-0.22,-2.43,-8.34
-0.03,-0.13,0.79,0.62,0.42,-0.21,-2.2,-9.21
-0.02,-0.15,0.8,0.55,0.39,-0.19,-1.57,-10.9
-0.03,-0.16,0.78,0.48,0.36,-0.17,-2.36,-11.69
-0.03,-0.17,0.78,0.37,0.33,-0.16,-2.07,-12.1
-0.04,-0.16,0.77,0.29,0.29,-0.14,-2.66,-11.55
-0.03,-0.16,0.77,0.19,0.23,-0.14,-2.43,-11.63
-0.04,-0.17,0.79,0.09,0.14,-0.12,-2.68,-12.16
-0.04,-0.19,0.81,-0.02,0.09,-0.11,-2.86,-12.96
-0.05,-0.17,0.83,-0.14,0.02,-0.07,-3.09,-11.61
-0.04,-0.15,0.86,-0.24,-0.05,-0.04,-2.94,-9.98
-0.05,-0.11,0.88,-0.31,-0.14,0.0,-2.95,-7.13
-0.04,-0.06,0.9,-0.36,-0.16,0.02,-2.48,-3.56
-0.03,-0.02,0.9,-0.41,-0.18,0.02,-1.96,-1.2
-0.04,0.02,0.92,-0.41,-0.2,0.03,-2.53,1.42
-0.04,0.04,0.94,-0.41,-0.21,0.03,-2.57,2.7
-0.05,0.08,0.96,-0.41,-0.2,0.0,-2.85,4.83
-0.04,0.09,1.01,-0.39,-0.17,-0.0,-2.54,5.23
-0.05,0.11,1.01,-0.35,-0.16,-0.01,-2.7,6.26
-0.04,0.13,1.03,-0.3,-0.14,-0.02,-2.03,7.4
-0.04,0.13,1.04,-0.24,-0.08,-0.05,-2.37,7.24
-0.04,0.13,1.04,-0.18,-0.04,-0.07,-2.23,6.95
-0.05,0.12,1.04,-0.12,-0.02,-0.08,-2.84,6.47
-0.05,0.09,1.06,-0.02,0.14,-0.24,-2.57,5.1
-0.05,0.07,1.06,-0.03,0.03,-0.1,-2.66,3.71
-0.05,0.04,1.04,-0.01,0.06,-0.1,-2.87,2.24
-0.06,0.03,1.04,0.01,0.08,-0.08,-3.27,1.43
-0.06,0.01,1.04,0.0,0.06,-0.06,-3.16,0.81
-0.06,0.01,1.05,-0.01,0.09,-0.04,-3.24,0.33
-0.06,0.02,1.04,-0.01,0.08,-0.02,-3.54,1.16
-0.06,0.05,1.05,-0.0,0.08,0.01,-3.23,2.82
-0.05,0.09,1.04,0.01,0.08,0.02,-2.76,5.13
-0.05,0.14,1.05,0.02,0.1,0.02,-2.69,7.45
-0.05,0.16,1.06,0.07,0.13,0.02,-2.42,8.55
-0.04,0.19,1.07,0.11,0.15,0.03,-2.18,10.09
-0.02,0.22,1.06,0.16,0.17,0.02,-1.25,11.74
-0.01,0.23,1.04,0.22,0.16,0.0,-0.35,12.56
0.01,0.25,1.0,0.25,0.17,-0.03,0.36,14.0
0.02,0.23,0.95,0.26,0.2,-0.06,1.1,13.51
0.01,0.2,0.91,0.25,0.2,-0.1,0.64,12.24
0.01,0.16,0.88,0.21,0.16,-0.12,0.47,10.34
-0.0,0.14,0.85,0.13,0.12,-0.13,-0.02,9.66
0.0,0.17,0.82,0.0,0.03,-0.14,0.06,11.82
0.01,0.23,0.8,-0.11,-0.05,-0.18,0.52,16.26
0.01,0.33,0.82,-0.21,-0.1,-0.25,0.33,22.09
0.01,0.45,0.9,-0.29,-0.11,-0.33,0.42,26.37
0.02,0.56,1.04,-0.31,-0.02,-0.41,0.89,28.41
0.03,0.64,1.24,-0.27,0.09,-0.48,1.43,27.19
0.05,0.65,1.45,-0.17,0.16,-0.52,1.96,24.17
0.05,0.62,1.6,-0.1,0.22,-0.5,1.5,21.19
0.02,0.6,1.69,-0.04,0.18,-0.39,0.77,19.44
0.02,0.6,1.71,0.03,0.05,-0.26,0.62,19.39
0.04,0.6,1.68,0.04,-0.15,-0.15,1.44,19.58
0.09,0.6,1.64,-0.01,-0.37,-0.06,2.82,20.16
0.11,0.64,1.6,-0.11,-0.61,0.01,3.79,21.59
0.13,0.67,1.57,-0.2,-0.85,0.04,4.21,23.03
0.12,0.72,1.57,-0.31,-1.05,0.06,4.04,24.56
0.13,0.77,1.59,-0.39,-1.26,0.05,4.12,25.76
0.13,0.84,1.66,-0.43,-1.45,0.04,3.97,26.65
0.14,0.92,1.74,-0.43,-1.6,0.01,4.0,27.72
0.14,0.96,1.8,-0.35,-1.72,-0.04,4.03,27.98
0.14,0.94,1.81,-0.23,-1.8,-0.1,3.88,27.39
0.12,0.92,1.83,-0.06,-1.82,-0.19,3.31,26.58
0.1,0.87,1.87,0.15,-1.79,-0.25,2.79,24.78
0.12,0.8,1.92,0.39,-1.79,-0.32,3.18,22.6
0.12,0.74,1.97,0.6,-1.73,-0.38,3.25,20.61
0.13,0.69,2.0,0.84,-1.66,-0.43,3.55,18.87
0.14,0.61,2.05,1.05,-1.57,-0.47,3.87,16.63
0.16,0.55,2.1,1.23,-1.52,-0.48,4.2,14.6
0.16,0.44,2.08,1.36,-1.47,-0.48,4.4,12.02
0.15,0.3,2.0,1.43,-1.43,-0.47,4.19,8.64
0.14,0.21,1.94,1.45,-1.44,-0.45,4.06,6.02
0.12,0.11,1.89,1.46,-1.49,-0.43,3.65,3.3
0.08,-0.01,1.89,1.42,-1.59,-0.42,2.53,-0.3
0.03,-0.14,1.9,1.33,-1.73,-0.35,1.02,-4.08
-0.01,-0.24,1.92,1.25,-1.95,-0.24,-0.22,-7.24
-0.03,-0.33,1.89,1.14,-2.17,-0.11,-0.84,-9.86
-0.05,-0.4,1.86,1.01,-2.41,0.02,-1.54,-12.01
-0.07,-0.43,1.82,0.87,-2.59,0.15,-2.01,-13.36
-0.09,-0.45,1.78,0.75,-2.78,0.27,-2.67,-14.02
-0.09,-0.45,1.74,0.61,-2.92,0.37,-2.87,-14.56
-0.1,-0.45,1.71,0.5,-3.01,0.43,-3.19,-14.86
-0.11,-0.45,1.71,0.38,-3.04,0.48,-3.47,-14.77
-0.11,-0.46,1.72,0.31,-3.06,0.53,-3.65,-14.84
-0.12,-0.48,1.72,0.26,-3.05,0.56,-3.87,-15.63
-0.13,-0.51,1.72,0.22,-3.04,0.62,-4.03,-16.55
-0.13,-0.52,1.71,0.2,-2.99,0.67,-4.12,-17.0
-0.12,-0.53,1.7,0.18,-2.92,0.71,-3.83,-17.18
-0.1,-0.53,1.66,0.2,-2.86,0.75,-3.44,-17.79
-0.1,-0.55,1.61,0.2,-2.8,0.79,-3.37,-18.95
-0.1,-0.56,1.56,0.18,-2.74,0.83,-3.31,-19.78
-0.08,-0.55,1.51,0.17,-2.69,0.86,-2.95,-20.19
-0.07,-0.55,1.44,0.17,-2.67,0.88,-2.76,-20.77
-0.07,-0.54,1.37,0.16,-2.66,0.91,-2.53,-21.53
-0.05,-0.54,1.3,0.12,-2.62,0.89,-2.16,-22.64
-0.05,-0.54,1.24,0.08,-2.63,0.89,-2.07,-23.57
-0.04,-0.53,1.18,0.03,-2.61,0.87,-1.95,-24.23
-0.04,-0.51,1.14,-0.04,-2.62,0.86,-1.9,-24.13
-0.04,-0.5,1.1,-0.09,-2.63,0.81,-1.88,-24.44
-0.05,-0.5,1.08,-0.13,-2.64,0.79,-2.2,-24.81
-0.05,-0.49,1.05,-0.17,-2.68,0.76,-2.35,-24.86
-0.05,-0.49,1.02,-0.2,-2.74,0.74,-2.69,-25.48
-0.05,-0.49,0.99,-0.25,-2.78,0.7,-2.74,-26.29
-0.07,-0.49,0.97,-0.28,-2.84,0.66,-3.51,-26.87
-0.07,-0.49,0.93,-0.31,-2.91,0.62,-3.94,-27.74
-0.07,-0.5,0.88,-0.34,-2.97,0.6,-4.15,-29.33
-0.07,-0.5,0.86,-0.39,-3.01,0.56,-4.17,-30.13
-0.08,-0.5,0.84,-0.45,-3.07,0.54,-4.66,-30.87
-0.09,-0.51,0.83,-0.47,-3.14,0.52,-5.33,-31.19
-0.08,-0.51,0.82,-0.49,-3.17,0.49,-5.0,-31.88
-0.09,-0.52,0.8,-0.53,-3.19,0.47,-5.19,-32.9
-0.1,-0.51,0.79,-0.55,-3.2,0.45,-6.21,-32.76
-0.12,-0.49,0.8,-0.56,-3.2,0.43,-7.03,-31.23
-0.12,-0.47,0.82,-0.55,-3.17,0.41,-7.11,-29.5
-0.11,-0.46,0.84,-0.51,-3.09,0.38,-6.72,-28.48
-0.11,-0.46,0.85,-0.47,-3.01,0.35,-6.71,-28.51
-0.12,-0.45,0.86,-0.4,-2.91,0.32,-7.05,-27.58
-0.12,-0.44,0.85,-0.32,-2.79,0.29,-7.16,-27.26
-0.14,-0.43,0.85,-0.22,-2.68,0.27,-8.11,-26.51
-0.14,-0.41,0.86,-0.12,-2.58,0.25,-8.32,-25.48
-0.15,-0.4,0.84,-0.0,-2.47,0.23,-9.01,-24.92
-0.15,-0.38,0.83,0.13,-2.37,0.21,-9.34,-24.08
-0.15,-0.36,0.8,0.27,-2.23,0.18,-9.8,-23.67
-0.17,-0.33,0.76,0.36,-2.08,0.15,-11.44,-23.16
-0.17,-0.32,0.71,0.51,-1.93,0.14,-12.73,-23.66
-0.16,-0.3,0.67,0.61,-1.79,0.11,-12.37,-23.92
-0.15,-0.31,0.59,0.69,-1.62,0.1,-12.84,-26.94
-0.13,-0.31,0.51,0.76,-1.51,0.08,-12.07,-30.76
-0.13,-0.29,0.43,0.78,-1.38,0.09,-14.05,-32.53
-0.14,-0.28,0.34,0.75,-1.3,0.09,-17.76,-37.45
-0.15,-0.29,0.3,0.7,-1.25,0.1,-19.84,-40.11
-0.15,-0.26,0.28,0.62,-1.2,0.12,-20.78,-39.44
-0.15,-0.22,0.28,0.53,-1.19,0.15,-22.82,-35.03
-0.16,-0.17,0.27,0.45,-1.2,0.15,-26.2,-29.12
-0.15,-0.14,0.3,0.37,-1.22,0.16,-25.25,-23.28
-0.15,-0.12,0.32,0.31,-1.24,0.16,-23.4,-18.33
-0.14,-0.08,0.36,0.27,-1.24,0.15,-20.46,-11.42
-0.12,-0.06,0.4,0.25,-1.22,0.13,-16.19,-7.72
-0.08,-0.05,0.42,0.28,-1.2,0.11,-10.94,-6.49
-0.06,-0.05,0.4,0.28,-1.14,0.06,-7.78,-6.99
-0.05,-0.05,0.38,0.27,-1.09,0.04,-7.73,-7.56
-0.07,-0.07,0.35,0.26,-1.06,0.01,-11.17,-10.81
-0.1,-0.07,0.34,0.23,-1.05,0.02,-15.25,-10.98
-0.1,-0.08,0.34,0.21,-1.04,0.02,-16.28,-12.55
-0.09,-0.08,0.36,0.16,-1.01,0.04,-14.2,-11.65
-0.08,-0.08,0.38,0.16,-1.01,0.05,-12.34,-11.95
-0.09,-0.08,0.4,0.15,-1.0,0.08,-12.75,-10.78
-0.1,-0.07,0.42,0.16,-1.02,0.11,-13.73,-8.78
-0.11,-0.04,0.44,0.16,-1.0,0.13,-13.48,-5.23
-0.11,-0.01,0.45,0.19,-0.99,0.16,-13.33,-0.77
-0.1,0.02,0.46,0.22,-0.98,0.18,-12.29,2.3
-0.1,0.04,0.45,0.26,-0.94,0.19,-12.45,5.47
-0.1,0.08,0.43,0.28,-0.88,0.19,-12.57,9.86
-0.09,0.11,0.42,0.27,-0.83,0.19,-11.23,14.55
-0.09,0.13,0.41,0.29,-0.8,0.19,-11.95,17.25
-0.08,0.15,0.42,0.28,-0.72,0.18,-10.62,19.37
-0.07,0.17,0.41,0.3,-0.67,0.17,-8.72,22.09
-0.07,0.19,0.39,0.28,-0.63,0.17,-8.6,25.58
-0.07,0.21,0.38,0.27,-0.61,0.15,-9.02,28.09
-0.08,0.21,0.37,0.23,-0.56,0.15,-10.88,29.1
-0.08,0.2,0.38,0.21,-0.48,0.13,-10.83,26.97
-0.08,0.2,0.4,0.19,-0.42,0.15,-9.62,25.8
-0.06,0.19,0.42,0.16,-0.36,0.15,-7.81,24.43
-0.06,0.19,0.43,0.14,-0.29,0.15,-6.77,23.49
-0.06,0.18,0.43,0.1,-0.2,0.15,-6.88,22.84
-0.07,0.16,0.44,0.08,-0.21,0.18,-8.63,19.93
-0.08,0.15,0.45,0.04,-0.22,0.21,-9.91,18.08
-0.09,0.14,0.46,-0.0,-0.26,0.27,-10.3,17.06
-0.07,0.16,0.48,-0.07,-0.28,0.3,-7.41,18.02
-0.06,0.17,0.52,-0.13,-0.34,0.33,-6.19,18.11
-0.05,0.18,0.56,-0.16,-0.41,0.35,-5.04,17.81
-0.05,0.19,0.6,-0.2,-0.47,0.38,-4.42,17.33
-0.03,0.2,0.64,-0.22,-0.5,0.38,-2.78,17.11
-0.02,0.21,0.69,-0.23,-0.52,0.39,-1.92,17.17
-0.03,0.23,0.74,-0.22,-0.57,0.39,-2.17,16.97
-0.04,0.23,0.77,-0.21,-0.59,0.39,-3.07,16.75
-0.04,0.24,0.83,-0.17,-0.59,0.37,-2.36,15.88
-0.03,0.25,0.9,-0.12,-0.55,0.33,-2.0,15.41
-0.02,0.23,0.93,-0.06,-0.52,0.29,-1.27,13.97
-0.01,0.23,0.96,0.06,-0.43,0.25,-0.58,13.24
-0.02,0.22,1.0,0.15,-0.33,0.2,-1.33,12.6
-0.03,0.2,1.0,0.28,-0.22,0.15,-1.79,11.36
-0.03,0.18,1.0,0.41,-0.14,0.11,-1.71,10.11
-0.03,0.14,0.96,0.51,-0.07,0.1,-1.95,8.38
-0.05,0.12,0.91,0.61,0.01,0.07,-3.31,7.36
-0.07,0.1,0.87,0.67,0.02,0.08,-4.22,6.62
-0.07,0.1,0.85,0.71,0.04,0.1,-4.74,6.63
-0.06,0.1,0.81,0.75,0.03,0.13,-4.45,7.01
-0.06,0.11,0.77,0.76,0.02,0.15,-4.25,8.4
-0.05,0.13,0.73,0.71,0.01,0.17,-4.17,10.27
-0.07,0.16,0.7,0.68,-0.08,0.19,-5.53,13.02
-0.06,0.19,0.66,0.6,-0.14,0.21,-4.95,15.64
-0.04,0.21,0.66,0.51,-0.2,0.21,-3.48,17.72
-0.03,0.23,0.67,0.4,-0.24,0.19,-2.29,19.08
-0.03,0.24,0.69,0.28,-0.31,0.19,-2.44,19.35
-0.04,0.23,0.72,0.18,-0.39,0.17,-2.87,17.84
-0.04,0.22,0.76,0.08,-0.42,0.12,-2.53,16.21
-0.04,0.19,0.82,0.01,-0.44,0.09,-2.52,13.02
-0.04,0.16,0.88,-0.03,-0.48,0.08,-2.71,10.24
-0.04,0.13,0.92,-0.05,-0.49,0.06,-2.67,8.21
-0.05,0.1,0.96,-0.02,-0.49,0.04,-2.96,5.95
-0.06,0.08,0.97,-0.0,-0.46,0.04,-3.4,4.53
-0.06,0.08,0.98,0.03,-0.44,0.05,-3.68,4.66
-0.07,0.08,0.99,0.09,-0.42,0.05,-4.13,4.69
-0.08,0.08,0.98,0.14,-0.37,0.05,-4.46,4.57
-0.08,0.08,0.97,0.15,-0.33,0.05,-4.61,4.48
-0.09,0.07,0.95,0.2,-0.3,0.06,-5.2,4.48
-0.09,0.09,0.93,0.22,-0.23,0.06,-5.27,5.29
-0.09,0.11,0.9,0.23,-0.2,0.06,-5.41,7.1
-0.09,0.14,0.86,0.22,-0.16,0.05,-5.64,9.0
-0.08,0.15,0.83,0.17,-0.12,0.04,-5.59,10.11
-0.08,0.15,0.8,0.11,-0.12,0.04,-5.27,10.41
-0.07,0.14,0.8,0.03,-0.13,0.03,-4.98,10.1
-0.06,0.14,0.8,-0.06,-0.12,0.01,-4.49,9.74
-0.06,0.13,0.83,-0.15,-0.15,0.01,-3.97,9.22
-0.06,0.12,0.87,-0.22,-0.2,-0.0,-3.71,8.05
-0.06,0.1,0.92,-0.29,-0.24,-0.02,-3.85,6.4
-0.06,0.07,0.96,-0.31,-0.28,-0.02,-3.85,4.33
-0.06,0.05,1.01,-0.33,-0.32,-0.02,-3.43,2.57
-0.06,0.03,1.07,-0.29,-0.37,-0.01,-3.21,1.35
-0.05,0.01,1.11,-0.22,-0.39,0.01,-2.54,0.51
-0.05,-0.01,1.13,-0.14,-0.38,-0.0,-2.33,-0.33
-0.03,-0.01,1.14,-0.03,-0.35,0.01,-1.75,-0.38
-0.04,-0.01,1.15,0.08,-0.28,0.01,-2.07,-0.31
-0.04,-0.01,1.11,0.2,-0.21,0.0,-2.33,-0.32
-0.06,-0.0,1.09,0.3,-0.11,0.01,-3.0,-0.1
-0.06,0.01,1.05,0.4,-0.03,0.01,-3.42,0.39
-0.07,0.02,1.0,0.46,0.05,0.02,-4.19,0.98
-0.07,0.04,0.94,0.52,0.11,0.04,-4.53,2.28
-0.09,0.06,0.89,0.53,0.17,0.04,-6.0,3.83
-0.1,0.09,0.84,0.51,0.19,0.05,-6.45,5.84
-0.09,0.12,0.81,0.48,0.2,0.07,-6.05,8.19
-0.09,0.15,0.78,0.42,0.18,0.07,-6.34,10.5
-0.07,0.15,0.77,0.35,0.15,0.06,-5.05,10.91
-0.08,0.16,0.77,0.24,0.14,0.05,-5.54,12.04
-0.08,0.16,0.78,0.16,0.09,0.04,-5.43,11.3
-0.07,0.15,0.8,0.09,0.03,0.03,-5.26,10.36
-0.07,0.13,0.84,0.02,-0.04,0.02,-4.48,8.99
-0.05,0.13,0.87,-0.06,-0.08,0.01,-3.53,8.44
-0.05,0.12,0.92,-0.1,-0.13,0.01,-3.0,7.19
-0.04,0.1,0.94,-0.11,-0.16,-0.01,-2.68,6.09
-0.05,0.08,0.95,-0.09,-0.2,-0.0,-2.93,4.96
-0.05,0.06,0.95,-0.1,-0.18,-0.01,-3.19,3.78
-0.06,0.06,0.97,-0.09,-0.17,-0.0,-3.73,3.6
-0.07,0.06,0.97,-0.06,-0.15,-0.0,-3.83,3.55
-0.06,0.07,0.97,-0.04,-0.11,0.0,-3.7,3.92
-0.07,0.06,0.95,-0.01,-0.09,-0.0,-4.31,3.86
-0.07,0.06,0.93,-0.01,-0.05,-0.0,-4.38,3.95
-0.08,0.07,0.92,0.02,-0.02,-0.01,-5.2,4.19
-0.09,0.06,0.91,0.02,0.0,0.0,-5.46,3.87
-0.09,0.06,0.9,0.01,0.06,0.01,-5.37,3.84
-0.08,0.06,0.88,-0.0,0.09,0.0,-5.1,3.91
-0.08,0.06,0.88,0.0,0.11,0.02,-5.0,4.0
-0.08,0.06,0.87,-0.02,0.12,0.02,-5.43,3.9
-0.07,0.06,0.87,-0.04,0.17,0.02,-4.56,3.88
-0.05,0.07,0.88,-0.05,0.2,0.03,-3.56,4.21
-0.05,0.07,0.89,-0.06,0.21,0.04,-3.0,4.72
-0.04,0.07,0.89,-0.08,0.22,0.04,-2.84,4.65
-0.05,0.07,0.91,-0.1,0.23,0.03,-2.98,4.63
-0.04,0.09,0.92,-0.12,0.22,0.04,-2.47,5.68
-0.04,0.1,0.93,-0.15,0.21,0.04,-2.17,6.31
-0.03,0.12,0.96,-0.16,0.18,0.03,-2.06,6.85
-0.03,0.11,0.98,-0.17,0.18,0.01,-2.0,6.48
-0.04,0.1,0.99,-0.19,0.21,-0.0,-2.22,6.01
-0.04,0.09,1.01,-0.15,0.19,-0.01,-2.32,5.06
-0.04,0.07,1.01,-0.14,0.19,-0.03,-2.29,3.69
-0.05,0.04,1.01,-0.12,0.2,-0.01,-2.76,2.27
-0.05,0.01,1.02,-0.1,0.2,-0.01,-2.88,0.76
-0.05,0.01,1.02,-0.07,0.2,0.0,-2.85,0.83
-0.05,0.01,1.02,-0.04,0.19,0.02,-2.83,0.78
-0.04,0.01,1.02,-0.02,0.21,0.02,-2.5,0.79
-0.04,0.02,1.02,0.0,0.24,0.02,-2.5,1.19
-0.04,0.02,1.01,0.02,0.26,0.02,-2.31,1.24
-0.04,0.03,1.0,0.03,0.29,0.02,-2.04,1.48
-0.04,0.03,1.0,0.05,0.31,0.01,-2.41,1.63
-0.04,0.03,0.99,0.04,0.33,0.01,-2.22,1.79
-0.04,0.04,0.98,0.03,0.34,0.01,-2.57,2.04
-0.04,0.04,0.99,0.04,0.33,0.02,-2.34,2.29
-0.04,0.05,0.98,0.04,0.33,0.02,-2.09,3.12
-0.03,0.07,0.99,0.04,0.35,0.02,-1.88,3.92
-0.04,0.08,0.98,0.04,0.35,0.02,-2.09,4.59
-0.04,0.09,0.98,0.02,0.34,0.0,-2.06,5.07
-0.04,0.09,0.98,0.04,0.32,-0.01,-2.03,5.47
-0.04,0.1,0.98,0.04,0.31,-0.02,-2.37,5.67
-0.03,0.1,0.97,0.02,0.29,-0.02,-1.64,5.75
-0.04,0.1,0.97,0.01,0.27,-0.03,-2.46,5.75
-0.04,0.09,0.97,0.02,0.25,-0.05,-2.57,5.35
-0.04,0.08,0.96,0.01,0.23,-0.06,-2.59,4.96
-0.05,0.08,0.95,0.01,0.21,-0.06,-2.7,5.05
-0.04,0.07,0.96,0.03,0.2,-0.06,-2.63,4.39
-0.05,0.07,0.96,0.05,0.17,-0.07,-2.98,4.21
-0.07,0.05,0.94,0.07,0.18,-0.06,-4.13,3.27
-0.07,0.04,0.94,0.08,0.19,-0.06,-4.42,2.66
-0.08,0.03,0.94,0.1,0.21,-0.05,-4.83,2.1
-0.08,0.03,0.93,0.15,0.23,-0.04,-4.79,1.8
-0.07,0.03,0.92,0.17,0.27,-0.03,-4.55,1.78
-0.08,0.03,0.92,0.22,0.32,-0.04,-4.66,1.97
-0.07,0.04,0.89,0.24,0.38,-0.04,-4.73,2.87
-0.08,0.05,0.87,0.27,0.41,-0.04,-5.23,3.09
-0.08,0.05,0.85,0.29,0.44,-0.03,-5.43,3.3
-0.08,0.05,0.82,0.27,0.49,-0.02,-5.71,3.33
-0.09,0.06,0.8,0.28,0.5,-0.01,-6.5,4.03
-0.09,0.07,0.77,0.29,0.5,-0.01,-6.85,4.85
-0.1,0.07,0.76,0.27,0.51,-0.0,-7.15,5.56
-0.11,0.09,0.75,0.24,0.53,0.0,-8.17,6.5
-0.12,0.08,0.74,0.2,0.53,0.01,-8.85,6.43
-0.12,0.07,0.74,0.16,0.52,0.01,-9.35,5.65
-0.14,0.07,0.73,0.13,0.47,0.04,-10.45,5.14
-0.15,0.06,0.74,0.09,0.45,0.07,-11.13,4.93
-0.15,0.07,0.74,0.05,0.4,0.1,-11.04,5.52
-0.14,0.08,0.75,0.05,0.34,0.12,-10.77,6.28
-0.14,0.1,0.75,0.04,0.32,0.12,-10.26,7.46
-0.12,0.12,0.75,-0.02,0.33,0.12,-8.78,9.0
-0.1,0.13,0.74,-0.02,0.32,0.11,-7.52,9.8
-0.09,0.14,0.72,-0.05,0.34,0.09,-7.31,10.86
-0.09,0.15,0.7,-0.08,0.36,0.08,-7.01,11.78
-0.08,0.14,0.69,-0.13,0.4,0.05,-6.33,11.54
-0.08,0.13,0.68,-0.2,0.46,0.02,-6.27,10.97
-0.08,0.12,0.68,-0.26,0.49,0.0,-6.31,9.68
-0.08,0.1,0.67,-0.32,0.52,-0.02,-7.02,8.05
-0.09,0.08,0.68,-0.39,0.55,-0.02,-7.27,6.49
-0.09,0.06,0.7,-0.45,0.56,-0.01,-7.22,5.1
-0.09,0.06,0.72,-0.5,0.55,-0.0,-7.25,4.46
-0.09,0.05,0.76,-0.54,0.54,0.01,-6.68,4.11
-0.07,0.04,0.8,-0.57,0.56,0.02,-5.0,2.86
-0.06,0.04,0.83,-0.59,0.53,0.02,-4.34,2.8
-0.04,0.05,0.85,-0.57,0.53,0.01,-2.95,3.48
-0.05,0.05,0.88,-0.56,0.51,0.02,-3.46,3.01
-0.05,0.03,0.89,-0.52,0.52,-0.0,-3.3,1.7
-0.05,0.05,0.89,-0.49,0.55,-0.01,-3.11,3.09
-0.08,0.08,0.81,-0.51,0.6,-0.03,-5.66,5.61
-0.08,0.06,0.83,-0.52,0.62,-0.05,-5.3,3.83
-0.06,0.01,0.89,-0.5,0.67,-0.08,-3.56,0.9
-0.05,-0.01,0.89,-0.47,0.71,-0.07,-2.92,-0.92
-0.05,-0.03,0.86,-0.42,0.75,-0.06,-3.24,-2.0
-0.08,-0.02,0.83,-0.41,0.8,-0.06,-5.26,-1.69
-0.09,-0.03,0.82,-0.43,0.84,-0.05,-6.28,-1.95
-0.1,-0.05,0.83,-0.46,0.88,-0.05,-6.54,-3.1
-0.08,-0.06,0.85,-0.45,0.9,-0.02,-5.3,-3.98
-0.06,-0.07,0.86,-0.46,0.91,-0.01,-4.09,-4.78
-0.05,-0.07,0.86,-0.46,0.92,0.0,-3.05,-4.93
-0.05,-0.06,0.86,-0.48,0.92,0.02,-3.13,-4.23
-0.05,-0.06,0.88,-0.48,0.91,0.02,-3.44,-3.57
-0.05,-0.06,0.92,-0.48,0.89,0.04,-2.89,-3.72
-0.03,-0.06,0.96,-0.46,0.89,0.03,-1.9,-3.49
-0.02,-0.05,0.98,-0.44,0.9,0.04,-1.44,-3.09
-0.02,-0.03,1.0,-0.4,0.88,0.05,-1.31,-1.82
-0.03,-0.01,1.01,-0.35,0.93,0.03,-1.52,-0.49
-0.03,-0.01,1.01,-0.29,0.95,0.02,-1.71,-0.44
-0.04,-0.01,1.03,-0.22,1.01,-0.0,-2.21,-0.54
-0.03,-0.01,1.03,-0.14,1.05,0.0,-1.77,-0.42
-0.03,0.0,1.01,-0.08,1.1,-0.01,-1.79,0.26
-0.03,0.01,0.99,-0.0,1.14,-0.01,-1.73,0.76
-0.04,0.01,0.96,0.05,1.18,-0.03,-2.26,0.64
-0.05,0.01,0.96,0.08,1.21,-0.04,-2.85,0.53
-0.05,0.0,0.94,0.1,1.21,-0.04,-2.83,0.29
-0.04,0.0,0.92,0.12,1.22,-0.05,-2.18,0.08
-0.03,-0.0,0.92,0.13,1.22,-0.06,-1.83,-0.19
-0.03,-0.01,0.9,0.11,1.22,-0.06,-1.95,-0.43
-0.03,-0.01,0.92,0.12,1.17,-0.06,-1.96,-0.83
-0.04,-0.01,0.93,0.13,1.14,-0.06,-2.29,-0.39
-0.04,0.01,0.95,0.15,1.14,-0.08,-2.13,0.35
-0.03,0.03,0.95,0.17,1.14,-0.08,-1.73,1.82
-0.04,0.04,0.94,0.21,1.15,-0.11,-2.14,2.24
-0.03,0.03,0.94,0.25,1.16,-0.14,-2.1,1.9
-0.04,0.03,0.93,0.28,1.19,-0.16,-2.35,1.57
-0.04,0.01,0.92,0.31,1.21,-0.18,-2.23,0.66
-0.04,0.0,0.89,0.33,1.22,-0.18,-2.32,0.11
-0.04,-0.01,0.85,0.34,1.2,-0.19,-2.99,-0.56
-0.05,-0.02,0.82,0.32,1.21,-0.21,-3.66,-1.11
-0.07,-0.03,0.82,0.29,1.19,-0.2,-5.09,-1.91
-0.07,-0.04,0.83,0.29,1.17,-0.21,-4.72,-2.81
-0.06,-0.04,0.85,0.29,1.12,-0.21,-3.94,-2.85
-0.04,-0.04,0.84,0.28,1.09,-0.21,-2.67,-2.68
-0.03,-0.04,0.82,0.27,1.08,-0.22,-1.97,-3.08
-0.03,-0.04,0.81,0.25,1.07,-0.24,-2.13,-2.99
-0.04,-0.06,0.8,0.22,1.07,-0.26,-2.84,-4.4
-0.04,-0.07,0.81,0.21,1.05,-0.28,-3.02,-5.02
-0.04,-0.08,0.83,0.2,1.05,-0.28,-2.9,-5.57
-0.03,-0.08,0.82,0.18,1.06,-0.28,-2.01,-5.65
-0.03,-0.08,0.82,0.17,1.07,-0.28,-2.43,-5.51
-0.06,-0.07,0.8,0.15,1.08,-0.28,-4.09,-5.11
-0.07,-0.06,0.8,0.12,1.12,-0.28,-4.73,-4.29
-0.07,-0.05,0.83,0.12,1.13,-0.28,-4.93,-3.27
-0.06,-0.04,0.87,0.12,1.15,-0.28,-3.75,-2.69
-0.05,-0.02,0.88,0.16,1.19,-0.31,-3.53,-1.62
-0.04,-0.02,0.89,0.2,1.2,-0.32,-2.84,-1.25
-0.04,-0.01,0.88,0.24,1.23,-0.35,-2.38,-0.75
-0.03,-0.01,0.85,0.28,1.25,-0.38,-2.3,-0.91
-0.02,-0.02,0.81,0.3,1.26,-0.4,-1.34,-1.74
-0.02,-0.07,0.76,0.27,1.31,-0.44,-1.75,-4.95
-0.01,-0.07,0.71,0.23,1.32,-0.47,-1.17,-5.83
-0.01,-0.11,0.72,0.16,1.32,-0.49,-1.06,-8.72
-0.02,-0.15,0.68,0.08,1.3,-0.51,-1.84,-12.18
-0.04,-0.18,0.67,-0.04,1.29,-0.5,-3.41,-14.78
-0.04,-0.2,0.68,-0.16,1.23,-0.47,-3.32,-16.38
-0.03,-0.2,0.71,-0.28,1.18,-0.46,-2.29,-15.9
-0.04,-0.19,0.75,-0.39,1.12,-0.42,-2.59,-13.9
-0.03,-0.15,0.82,-0.49,1.11,-0.41,-2.4,-10.31
-0.04,-0.12,0.9,-0.52,1.07,-0.39,-2.42,-7.86
-0.02,-0.09,0.99,-0.5,1.06,-0.38,-1.14,-5.17
-0.01,-0.06,1.03,-0.46,1.05,-0.39,-0.79,-3.33
-0.01,-0.03,1.07,-0.39,1.09,-0.41,-0.48,-1.86
-0.01,-0.02,1.09,-0.31,1.15,-0.43,-0.56,-1.12
-0.01,-0.01,1.11,-0.23,1.2,-0.47,-0.38,-0.66
-0.0,-0.01,1.11,-0.13,1.25,-0.51,-0.01,-0.75
0.0,-0.03,1.09,-0.03,1.3,-0.54,0.06,-1.47
0.01,-0.06,1.05,0.04,1.39,-0.58,0.29,-3.45
-0.0,-0.1,1.0,0.09,1.42,-0.61,-0.18,-5.88
-0.02,-0.15,0.95,0.15,1.61,-0.8,-0.94,-8.73
-0.03,-0.19,0.91,0.06,1.44,-0.62,-2.08,-11.67
-0.04,-0.21,0.91,0.01,1.43,-0.6,-2.5,-13.13
-0.05,-0.23,0.91,-0.05,1.4,-0.58,-2.85,-13.93
-0.04,-0.24,0.9,-0.1,1.37,-0.55,-2.72,-14.72
-0.04,-0.25,0.9,-0.19,1.34,-0.53,-2.61,-15.39
-0.05,-0.25,0.91,-0.31,1.3,-0.49,-2.85,-15.23
-0.05,-0.24,0.95,-0.37,1.26,-0.46,-2.65,-13.87
-0.04,-0.2,1.0,-0.44,1.2,-0.44,-1.97,-11.32
-0.01,-0.15,1.05,-0.48,1.16,-0.42,-0.69,-8.18
0.01,-0.1,1.1,-0.47,1.15,-0.42,0.44,-5.38
0.01,-0.08,1.13,-0.44,1.13,-0.42,0.64,-3.84
0.0,-0.06,1.15,-0.39,1.13,-0.44,0.1,-3.17
-0.01,-0.06,1.17,-0.32,1.15,-0.46,-0.3,-2.76
-0.01,-0.05,1.17,-0.25,1.17,-0.47,-0.68,-2.6
-0.01,-0.05,1.15,-0.18,1.2,-0.49,-0.47,-2.59
-0.02,-0.06,1.12,-0.13,1.22,-0.51,-1.12,-3.03
-0.04,-0.07,1.1,-0.09,1.24,-0.52,-1.97,-3.57
-0.05,-0.09,1.09,-0.05,1.28,-0.55,-2.83,-4.68
-0.06,-0.1,1.08,-0.01,1.29,-0.55,-3.17,-5.3
-0.06,-0.12,1.05,0.0,1.3,-0.55,-3.45,-6.56
-0.07,-0.16,1.02,-0.01,1.32,-0.56,-3.63,-8.77
-0.08,-0.2,0.98,-0.06,1.35,-0.55,-4.5,-11.29
-0.09,-0.23,0.95,-0.13,1.37,-0.53,-5.15,-13.56
-0.1,-0.26,0.95,-0.21,1.48,-0.56,-5.84,-15.03
-0.07,-0.25,0.99,-0.33,1.32,-0.45,-4.19,-14.0
-0.07,-0.23,1.03,-0.4,1.29,-0.42,-3.66,-12.51
-0.04,-0.2,1.07,-0.48,1.25,-0.39,-2.11,-10.6
-0.02,-0.16,1.1,-0.52,1.2,-0.35,-1.27,-8.48
-0.01,-0.12,1.12,-0.52,1.16,-0.34,-0.74,-6.13
-0.01,-0.08,1.15,-0.54,1.15,-0.34,-0.66,-4.12
-0.02,-0.04,1.17,-0.52,1.14,-0.34,-0.76,-1.85
-0.01,-0.01,1.21,-0.48,1.17,-0.4,-0.57,-0.35
-0.02,0.02,1.24,-0.41,1.07,-0.34,-1.07,0.75
-0.03,0.03,1.24,-0.33,1.09,-0.36,-1.42,1.51
-0.04,0.06,1.25,-0.24,1.09,-0.36,-2.05,2.59
-0.06,0.08,1.24,-0.14,1.12,-0.38,-2.56,3.53
-0.08,0.08,1.23,-0.03,1.16,-0.4,-3.69,3.56
-0.08,0.08,1.19,0.07,1.21,-0.42,-3.83,3.81
-0.08,0.08,1.17,0.14,1.29,-0.45,-3.81,3.7
-0.08,0.06,1.14,0.23,1.36,-0.48,-3.85,2.99
-0.09,0.04,1.12,0.33,1.42,-0.5,-4.82,2.22
-0.11,0.04,1.1,0.38,1.48,-0.55,-5.47,2.14
-0.09,0.01,1.09,0.42,1.53,-0.57,-4.75,0.54
-0.07,-0.02,1.08,0.46,1.54,-0.6,-3.7,-0.91
-0.05,-0.07,1.06,0.49,1.56,-0.62,-2.71,-3.76
-0.05,-0.13,1.05,0.47,1.59,-0.63,-2.8,-6.99
-0.06,-0.17,1.04,0.44,1.6,-0.62,-3.28,-9.25
-0.07,-0.2,1.05,0.39,1.6,-0.59,-3.64,-10.76
-0.07,-0.22,1.07,0.31,1.58,-0.56,-3.87,-11.4
-0.08,-0.22,1.08,0.24,1.55,-0.53,-3.95,-11.7
-0.07,-0.23,1.09,0.15,1.51,-0.47,-3.77,-11.8
-0.08,-0.2,1.1,0.07,1.45,-0.42,-4.23,-10.43
-0.09,-0.18,1.1,0.02,1.41,-0.39,-4.56,-9.01
-0.09,-0.15,1.11,-0.06,1.38,-0.34,-4.55,-7.49
-0.1,-0.11,1.11,-0.11,1.37,-0.3,-5.05,-5.83
-0.11,-0.09,1.13,-0.16,1.35,-0.27,-5.39,-4.37
-0.11,-0.03,1.16,-0.2,1.36,-0.24,-5.6,-1.52
-0.1,0.05,1.2,-0.2,1.36,-0.23,-4.81,2.25
-0.08,0.12,1.24,-0.19,1.39,-0.24,-3.53,5.65
-0.04,0.16,1.27,-0.13,1.4,-0.25,-1.87,7.4
-0.03,0.17,1.26,-0.09,1.4,-0.27,-1.15,7.72
-0.03,0.13,1.25,-0.05,1.42,-0.29,-1.48,6.04
-0.04,0.1,1.22,-0.06,1.46,-0.33,-2.06,4.82
-0.06,0.1,1.21,-0.09,1.46,-0.34,-2.9,4.87
-0.09,0.07,1.25,-0.11,1.43,-0.33,-4.02,3.34
-0.08,0.08,1.27,-0.15,1.38,-0.32,-3.8,3.4
-0.08,0.08,1.29,-0.16,1.3,-0.28,-3.69,3.59
-0.08,0.09,1.29,-0.18,1.24,-0.25,-3.63,4.11
-0.08,0.11,1.29,-0.16,1.26,-0.3,-3.72,5.05
-0.08,0.13,1.27,-0.16,1.09,-0.19,-3.69,6.01
-0.08,0.16,1.26,-0.13,1.08,-0.19,-3.7,7.08
-0.08,0.17,1.25,-0.12,1.06,-0.18,-3.81,7.61
-0.08,0.19,1.24,-0.05,1.06,-0.18,-3.76,8.57
-0.08,0.2,1.23,-0.01,1.08,-0.19,-3.56,9.04
-0.07,0.19,1.21,0.04,1.13,-0.2,-3.05,8.85
-0.05,0.13,1.2,0.08,1.15,-0.2,-2.54,6.1
-0.05,0.06,1.17,0.06,1.19,-0.2,-2.26,2.95
-0.06,-0.02,1.13,-0.01,1.2,-0.18,-2.94,-0.85
-0.07,-0.06,1.11,-0.12,1.21,-0.16,-3.58,-2.88
-0.08,-0.06,1.09,-0.26,1.17,-0.13,-4.15,-3.35
-0.08,-0.05,1.1,-0.39,1.07,-0.08,-3.91,-2.5
-0.06,-0.01,1.13,-0.51,0.95,-0.03,-3.28,-0.65
-0.05,0.04,1.14,-0.6,0.85,0.01,-2.49,2.07
-0.03,0.11,1.16,-0.68,0.75,0.06,-1.67,5.21
-0.03,0.17,1.18,-0.72,0.61,0.1,-1.35,8.31
-0.03,0.22,1.18,-0.72,0.51,0.1,-1.33,10.41
-0.02,0.28,1.2,-0.72,0.46,0.12,-1.0,13.15
-0.03,0.31,1.19,-0.69,0.42,0.11,-1.26,14.65
-0.03,0.33,1.17,-0.62,0.39,0.09,-1.39,15.63
-0.02,0.32,1.15,-0.55,0.38,0.06,-0.96,15.81
-0.03,0.31,1.14,-0.5,0.42,0.02,-1.27,15.23
-0.03,0.29,1.14,-0.45,0.49,-0.03,-1.29,14.4
-0.03,0.26,1.13,-0.41,0.54,-0.07,-1.4,12.92
-0.03,0.23,1.14,-0.37,0.6,-0.12,-1.24,11.28
-0.02,0.19,1.15,-0.35,0.69,-0.16,-1.0,9.29
-0.02,0.14,1.17,-0.35,0.76,-0.18,-1.2,6.57
-0.01,0.08,1.19,-0.35,0.81,-0.18,-0.7,3.61
-0.0,0.04,1.23,-0.38,0.89,-0.15,-0.07,1.81
0.03,0.04,1.28,-0.39,0.95,-0.1,1.34,1.68
0.07,0.05,1.3,-0.43,1.03,-0.04,2.9,2.19
0.09,0.07,1.29,-0.44,1.09,0.04,4.14,3.13
0.11,0.08,1.26,-0.44,1.13,0.09,4.77,3.83
0.12,0.1,1.2,-0.47,1.17,0.12,5.73,4.96
0.11,0.11,1.13,-0.54,1.22,0.14,5.67,5.38
0.1,0.12,1.09,-0.6,1.23,0.14,5.47,6.46
0.1,0.15,1.07,-0.69,1.22,0.14,5.2,8.04
0.09,0.19,1.06,-0.76,1.15,0.13,4.93,9.96
0.08,0.21,1.05,-0.84,1.04,0.13,4.51,11.37
0.08,0.24,1.06,-0.9,0.88,0.13,4.09,12.77
0.07,0.26,1.05,-0.96,0.71,0.12,3.91,13.7
0.07,0.29,1.04,-1.0,0.51,0.12,3.77,15.31
0.07,0.3,1.03,-1.02,0.31,0.12,3.59,16.12
0.06,0.3,1.0,-1.06,0.14,0.12,3.42,16.88
0.05,0.3,0.99,-1.06,-0.03,0.11,2.74,17.05
0.04,0.3,0.99,-1.07,-0.16,0.08,2.46,16.77
0.04,0.28,1.0,-1.07,-0.26,0.06,2.27,15.81
0.05,0.26,1.02,-1.05,-0.31,0.01,2.54,14.14
0.04,0.23,1.06,-1.07,-0.35,-0.02,2.17,12.46
0.02,0.23,1.1,-1.06,-0.37,-0.02,1.27,11.61
0.01,0.23,1.14,-1.03,-0.36,-0.03,0.52,11.42
-0.01,0.25,1.17,-1.01,-0.34,-0.02,-0.32,11.98
-0.03,0.27,1.19,-0.95,-0.34,-0.01,-1.32,12.77
-0.05,0.28,1.2,-0.87,-0.36,0.0,-2.29,13.15
-0.07,0.3,1.21,-0.79,-0.36,-0.01,-3.38,13.84
-0.09,0.3,1.21,-0.73,-0.37,0.0,-4.32,13.83
-0.11,0.3,1.22,-0.64,-0.37,0.01,-4.9,13.62
-0.13,0.29,1.23,-0.55,-0.37,0.02,-5.83,13.14
-0.15,0.29,1.24,-0.46,-0.39,0.05,-6.66,13.22
-0.15,0.31,1.24,-0.36,-0.36,0.07,-6.76,14.08
-0.16,0.33,1.24,-0.23,-0.36,0.1,-6.96,14.92
-0.16,0.35,1.22,-0.09,-0.33,0.11,-7.01,15.96
-0.15,0.37,1.2,0.06,-0.28,0.09,-6.65,16.96
-0.14,0.38,1.18,0.22,-0.2,0.08,-6.63,17.81
-0.13,0.37,1.16,0.35,-0.11,0.06,-6.18,17.77
-0.12,0.34,1.13,0.52,-0.03,0.04,-5.98,16.6
-0.12,0.31,1.11,0.66,0.06,0.03,-6.16,15.36
-0.11,0.27,1.08,0.79,0.14,0.01,-5.73,13.81
-0.1,0.23,1.05,0.9,0.22,0.0,-5.14,12.36
-0.08,0.2,1.02,0.99,0.29,-0.01,-4.32,10.87
-0.07,0.16,0.98,1.06,0.34,-0.03,-3.87,9.31
-0.05,0.12,0.94,1.09,0.41,-0.04,-3.14,7.1
-0.05,0.09,0.91,1.12,0.44,-0.06,-3.1,5.57
-0.04,0.05,0.88,1.13,0.45,-0.08,-2.54,3.06
-0.04,0.02,0.86,1.12,0.45,-0.08,-2.62,1.08
-0.03,-0.01,0.86,1.09,0.46,-0.09,-1.81,-0.87
-0.04,-0.03,0.86,1.05,0.43,-0.1,-2.55,-1.9
-0.02,-0.06,0.86,0.98,0.4,-0.09,-1.08,-4.19
-0.03,-0.09,0.84,0.93,0.36,-0.08,-2.23,-6.24
-0.03,-0.11,0.83,0.87,0.33,-0.06,-1.82,-7.68
-0.04,-0.12,0.81,0.78,0.3,-0.05,-2.51,-8.7
-0.02,-0.12,0.81,0.71,0.23,-0.03,-1.39,-8.51
-0.02,-0.13,0.8,0.62,0.18,-0.02,-1.73,-9.46
-0.02,-0.13,0.81,0.54,0.15,-0.03,-1.5,-9.27
-0.02,-0.14,0.82,0.45,0.09,-0.01,-1.14,-9.77
-0.02,-0.14,0.81,0.44,0.13,-0.1,-1.2,-9.87
-0.02,-0.15,0.82,0.3,-0.02,0.03,-1.4,-10.28
-0.02,-0.14,0.81,0.22,-0.07,0.04,-1.12,-10.12
-0.01,-0.15,0.81,0.16,-0.12,0.04,-0.75,-10.13
-0.01,-0.14,0.81,0.09,-0.18,0.06,-0.83,-9.67
-0.0,-0.13,0.82,0.01,-0.22,0.07,-0.34,-8.78
-0.01,-0.12,0.82,-0.05,-0.23,0.06,-0.43,-8.33
-0.01,-0.1,0.82,-0.1,-0.25,0.06,-0.83,-7.2
-0.01,-0.09,0.84,-0.15,-0.26,0.06,-0.6,-5.91
-0.01,-0.07,0.85,-0.17,-0.26,0.05,-0.68,-4.39
-0.01,-0.05,0.86,-0.18,-0.25,0.04,-0.85,-3.29
-0.01,-0.03,0.88,-0.18,-0.24,0.05,-0.5,-2.23
-0.0,-0.01,0.88,-0.19,-0.2,0.03,-0.27,-0.81
-0.01,-0.0,0.88,-0.17,-0.16,0.03,-0.71,-0.12
-0.01,0.01,0.89,-0.16,-0.11,-0.01,-0.46,0.78
-0.01,0.01,0.9,-0.16,-0.05,-0.02,-0.6,0.5
-0.01,0.0,0.91,-0.14,-0.01,-0.03,-0.54,0.07
-0.01,-0.01,0.92,-0.14,0.01,-0.04,-0.83,-0.44
-0.02,-0.01,0.94,-0.13,0.03,-0.05,-1.11,-0.64
-0.02,-0.01,0.96,-0.14,0.04,-0.04,-1.35,-0.35
-0.03,-0.0,0.98,-0.15,0.03,-0.02,-1.55,-0.2
-0.03,0.01,0.99,-0.16,-0.01,-0.0,-1.5,0.42
-0.03,0.02,0.99,-0.17,-0.01,0.02,-1.55,1.21
-0.02,0.05,1.0,-0.17,-0.03,0.03,-1.32,2.71
-0.02,0.08,1.01,-0.17,-0.04,0.05,-1.37,4.73
-0.02,0.12,1.02,-0.16,-0.05,0.06,-0.9,6.56
-0.0,0.14,1.02,-0.12,-0.06,0.07,-0.22,8.04
-0.01,0.16,1.04,-0.13,-0.05,0.06,-0.29,8.6
-0.01,0.16,1.06,-0.1,-0.07,0.07,-0.38,8.74
-0.0,0.18,1.08,-0.07,-0.06,0.06,-0.26,9.44
0.01,0.2,1.09,-0.06,-0.06,0.06,0.34,10.46
0.0,0.22,1.1,-0.07,-0.03,0.07,0.08,11.55
0.01,0.23,1.09,-0.05,-0.04,0.07,0.56,11.8
0.01,0.22,1.09,-0.06,-0.07,0.07,0.69,11.64
0.01,0.21,1.09,-0.09,-0.13,0.07,0.73,10.95
0.01,0.21,1.09,-0.15,-0.16,0.07,0.43,10.65
0.0,0.22,1.11,-0.23,-0.22,0.1,0.01,11.35
0.0,0.26,1.15,-0.27,-0.29,0.11,0.11,12.65
0.01,0.3,1.2,-0.3,-0.37,0.13,0.56,14.2
0.03,0.34,1.23,-0.33,-0.4,0.14,1.38,15.36
0.05,0.36,1.26,-0.37,-0.44,0.16,2.34,15.93
0.06,0.39,1.28,-0.41,-0.46,0.18,2.51,16.82
0.06,0.43,1.32,-0.45,-0.48,0.18,2.57,18.21
0.08,0.48,1.34,-0.49,-0.52,0.18,3.13,19.83
0.09,0.52,1.37,-0.52,-0.55,0.19,3.58,20.76
0.1,0.56,1.41,-0.5,-0.58,0.18,3.88,21.64
0.11,0.59,1.42,-0.51,-0.64,0.17,4.02,22.5
0.11,0.62,1.45,-0.5,-0.7,0.17,4.07,23.08
0.11,0.62,1.48,-0.49,-0.78,0.16,3.94,22.75
0.09,0.63,1.5,-0.45,-0.87,0.17,3.34,22.75
0.09,0.62,1.49,-0.42,-0.96,0.17,3.19,22.64
0.09,0.6,1.48,-0.41,-1.04,0.14,3.14,22.04
0.08,0.59,1.48,-0.42,-1.1,0.12,2.87,21.62
0.08,0.55,1.49,-0.47,-1.17,0.09,2.71,20.29
0.07,0.52,1.51,-0.5,-1.27,0.07,2.37,19.14
0.06,0.5,1.55,-0.55,-1.37,0.07,2.28,17.91
0.07,0.48,1.6,-0.62,-1.45,0.06,2.57,16.8
0.09,0.47,1.65,-0.69,-1.56,0.08,2.86,15.79
0.09,0.47,1.7,-0.72,-1.69,0.09,2.98,15.41
0.09,0.48,1.74,-0.76,-1.79,0.1,2.95,15.23
0.08,0.47,1.82,-0.79,-1.9,0.11,2.59,14.43
0.09,0.48,1.89,-0.8,-1.97,0.14,2.78,14.33
0.11,0.49,1.96,-0.8,-2.01,0.15,3.08,13.88
0.12,0.51,1.99,-0.75,-2.07,0.18,3.26,14.44
0.12,0.54,2.03,-0.68,-2.08,0.16,3.26,14.84
0.11,0.55,2.07,-0.59,-2.13,0.15,2.96,14.79
0.09,0.54,2.1,-0.48,-2.16,0.12,2.42,14.36
0.07,0.51,2.12,-0.38,-2.18,0.09,1.88,13.61
0.05,0.47,2.13,-0.26,-2.21,0.06,1.42,12.52
0.04,0.44,2.14,-0.14,-2.24,0.03,0.97,11.69
0.04,0.4,2.16,0.04,-2.32,0.01,0.98,10.52
0.04,0.37,2.17,0.18,-2.41,-0.01,1.03,9.61
0.03,0.33,2.18,0.35,-2.47,-0.04,0.8,8.71
0.02,0.3,2.19,0.5,-2.53,-0.07,0.57,7.84
0.02,0.23,2.17,0.63,-2.61,-0.1,0.53,6.1
0.02,0.13,2.14,0.75,-2.67,-0.13,0.61,3.47
0.04,0.02,2.09,0.83,-2.72,-0.14,0.97,0.48
0.04,-0.08,2.03,0.89,-2.76,-0.13,1.0,-2.14
0.04,-0.15,1.97,0.95,-2.83,-0.11,1.15,-4.38
0.04,-0.2,1.89,0.97,-2.88,-0.1,1.24,-6.17
0.04,-0.26,1.81,0.98,-2.89,-0.11,1.27,-8.23
0.03,-0.31,1.76,0.98,-2.93,-0.09,1.09,-10.05
0.04,-0.36,1.69,0.97,-2.95,-0.1,1.18,-12.0
0.03,-0.4,1.64,1.02,-2.91,-0.24,1.13,-13.68
0.03,-0.42,1.57,0.9,-3.0,-0.09,0.88,-15.0
0.01,-0.45,1.51,0.87,-3.02,-0.08,0.2,-16.61
0.0,-0.47,1.43,0.83,-3.06,-0.09,0.13,-18.06
0.01,-0.51,1.36,0.77,-3.06,-0.09,0.29,-20.75
-0.0,-0.57,1.3,0.69,-3.05,-0.12,-0.05,-23.57
-0.04,-0.6,1.29,0.6,-3.07,-0.11,-1.65,-25.13
-0.05,-0.63,1.27,0.54,-3.11,-0.08,-2.21,-26.42
-0.07,-0.65,1.26,0.47,-3.17,-0.05,-2.67,-27.51
-0.07,-0.66,1.25,0.42,-3.22,-0.02,-2.84,-27.78
-0.09,-0.66,1.24,0.38,-3.27,0.0,-3.57,-28.01
-0.11,-0.67,1.22,0.37,-3.33,0.05,-4.38,-28.69
-0.11,-0.68,1.2,0.37,-3.37,0.07,-4.57,-29.32
-0.11,-0.66,1.18,0.39,-3.4,0.09,-4.8,-29.19
-0.12,-0.64,1.15,0.4,-3.39,0.09,-5.21,-28.8
-0.13,-0.62,1.12,0.44,-3.36,0.1,-5.59,-28.65
-0.13,-0.62,1.09,0.49,-3.31,0.08,-5.74,-29.27
-0.14,-0.64,1.03,0.55,-3.22,0.06,-6.59,-31.52
-0.15,-0.67,0.98,0.58,-3.17,0.06,-7.09,-34.05
-0.17,-0.69,0.92,0.62,-3.08,0.06,-8.2,-36.32
-0.19,-0.7,0.86,0.63,-2.99,0.06,-9.54,-38.57
-0.19,-0.71,0.81,0.64,-2.91,0.06,-10.02,-40.35
-0.19,-0.71,0.75,0.62,-2.83,0.07,-10.3,-42.68
-0.2,-0.73,0.69,0.62,-2.78,0.09,-11.22,-45.78
-0.2,-0.72,0.63,0.58,-2.76,0.11,-11.94,-47.24
-0.2,-0.68,0.59,0.53,-2.74,0.13,-12.64,-47.57
-0.19,-0.65,0.54,0.46,-2.7,0.13,-12.8,-48.77
-0.2,-0.63,0.51,0.39,-2.67,0.15,-13.93,-49.01
-0.2,-0.59,0.46,0.32,-2.65,0.14,-14.8,-49.77
-0.19,-0.55,0.43,0.22,-2.59,0.13,-15.35,-49.48
-0.18,-0.52,0.42,0.13,-2.58,0.1,-15.09,-48.32
-0.17,-0.49,0.43,0.05,-2.53,0.08,-14.96,-46.43
-0.19,-0.47,0.45,-0.03,-2.51,0.07,-16.07,-43.77
-0.2,-0.45,0.47,-0.06,-2.5,0.06,-16.87,-41.55
-0.19,-0.44,0.47,-0.11,-2.45,0.05,-16.34,-40.9
-0.19,-0.42,0.48,-0.12,-2.41,0.05,-16.81,-39.55
-0.19,-0.4,0.48,-0.14,-2.37,0.05,-16.66,-37.9
-0.18,-0.38,0.47,-0.13,-2.32,0.05,-16.34,-36.79
-0.16,-0.37,0.47,-0.14,-2.26,0.06,-14.91,-36.81
-0.17,-0.38,0.48,-0.13,-2.24,0.06,-15.24,-37.06
-0.17,-0.39,0.49,-0.16,-2.23,0.08,-15.24,-36.98
-0.17,-0.37,0.5,-0.14,-2.25,0.13,-14.96,-35.49
-0.16,-0.33,0.51,-0.13,-2.24,0.15,-14.29,-31.94
-0.15,-0.28,0.52,-0.13,-2.22,0.17,-13.7,-27.65
-0.13,-0.25,0.52,-0.11,-2.22,0.17,-12.53,-24.95
-0.11,-0.22,0.51,-0.09,-2.22,0.15,-11.43,-22.89
-0.11,-0.19,0.49,-0.1,-2.19,0.14,-11.51,-20.86
-0.11,-0.16,0.51,-0.12,-2.14,0.13,-11.22,-17.18
-0.11,-0.13,0.53,-0.09,-2.11,0.1,-11.86,-13.43
-0.11,-0.12,0.56,-0.06,-2.05,0.07,-10.6,-11.92
-0.09,-0.11,0.57,-0.01,-2.02,0.04,-8.79,-11.05
-0.09,-0.11,0.58,0.04,-1.94,0.02,-8.63,-10.61
-0.1,-0.1,0.56,0.09,-1.87,0.0,-9.75,-10.32
-0.11,-0.1,0.56,0.17,-1.81,-0.01,-10.66,-9.81
-0.1,-0.09,0.56,0.26,-1.7,-0.04,-10.03,-8.82
-0.1,-0.1,0.56,0.35,-1.6,-0.05,-9.83,-9.72
-0.09,-0.06,0.52,0.46,-1.47,-0.05,-9.73,-6.16
-0.1,-0.03,0.5,0.55,-1.34,-0.08,-11.46,-3.74
-0.11,-0.03,0.47,0.64,-1.22,-0.09,-12.72,-3.91
-0.09,-0.02,0.45,0.71,-1.08,-0.1,-11.78,-2.65
-0.09,-0.01,0.4,0.78,-0.93,-0.11,-12.34,-1.09
-0.08,0.01,0.36,0.85,-0.81,-0.11,-13.22,0.78
-0.08,0.03,0.31,0.89,-0.68,-0.12,-13.64,5.21
-0.08,0.06,0.28,0.89,-0.56,-0.12,-15.43,11.54
-0.07,0.09,0.23,0.87,-0.47,-0.11,-15.79,20.56
-0.04,0.14,0.17,0.85,-0.43,-0.11,-10.53,37.97
-0.05,0.2,0.16,0.78,-0.41,-0.11,-12.4,49.97
-0.06,0.23,0.14,0.69,-0.42,-0.12,-12.24,56.69
-0.08,0.25,0.12,0.61,-0.47,-0.12,-15.48,60.44
-0.08,0.28,0.1,0.5,-0.53,-0.13,-15.77,64.4
-0.08,0.28,0.12,0.4,-0.63,-0.12,-13.93,63.52
-0.06,0.31,0.12,0.3,-0.69,-0.14,-11.05,66.78
-0.07,0.32,0.13,0.22,-0.74,-0.14,-11.33,64.89
-0.07,0.32,0.14,0.11,-0.79,-0.13,-11.74,63.61
-0.08,0.32,0.15,0.03,-0.82,-0.14,-13.25,61.47
-0.07,0.31,0.17,-0.07,-0.81,-0.13,-11.77,59.38
-0.07,0.3,0.18,-0.18,-0.78,-0.11,-10.93,58.2
-0.08,0.31,0.18,-0.27,-0.76,-0.09,-11.74,58.14
-0.08,0.33,0.22,-0.37,-0.72,-0.07,-11.43,54.77
-0.07,0.31,0.27,-0.46,-0.68,-0.06,-10.1,48.39
-0.09,0.29,0.3,-0.53,-0.66,-0.04,-12.02,42.75
-0.11,0.26,0.33,-0.62,-0.67,-0.01,-14.46,36.44
-0.11,0.21,0.38,-0.71,-0.72,0.05,-14.79,27.64
-0.11,0.18,0.43,-0.76,-0.78,0.13,-13.72,22.37
-0.12,0.17,0.5,-0.81,-0.86,0.2,-12.53,18.29
-0.11,0.18,0.57,-0.81,-0.95,0.28,-10.46,17.32
-0.08,0.2,0.65,-0.82,-1.0,0.32,-7.08,16.81
-0.07,0.22,0.72,-0.78,-0.98,0.32,-5.56,17.09
-0.06,0.25,0.79,-0.74,-0.94,0.33,-4.3,17.23
-0.05,0.26,0.85,-0.65,-0.89,0.3,-2.95,17.18
-0.04,0.28,0.9,-0.55,-0.78,0.25,-2.52,17.5
-0.03,0.29,0.94,-0.44,-0.65,0.19,-1.82,17.0
-0.03,0.29,0.96,-0.34,-0.49,0.11,-1.45,17.06
-0.03,0.28,0.96,-0.23,-0.36,0.04,-1.51,16.21
-0.03,0.25,0.94,-0.14,-0.23,-0.03,-2.0,14.99
-0.05,0.22,0.89,-0.04,-0.13,-0.08,-3.12,13.78
-0.05,0.19,0.86,0.01,-0.05,-0.11,-3.28,12.3
-0.06,0.15,0.84,0.04,0.02,-0.12,-3.91,10.29
-0.07,0.11,0.82,0.06,0.04,-0.11,-4.99,7.76
-0.09,0.07,0.8,0.08,0.03,-0.09,-6.07,5.27
-0.1,0.05,0.79,0.09,0.02,-0.05,-6.9,3.83
-0.09,0.05,0.8,0.07,-0.02,0.01,-6.65,3.29
-0.09,0.06,0.82,0.04,-0.09,0.07,-6.25,3.95
-0.1,0.07,0.84,0.06,-0.12,0.08,-6.46,4.77
-0.1,0.08,0.85,0.05,-0.13,0.09,-6.52,5.44
-0.08,0.11,0.87,0.05,-0.15,0.11,-5.46,6.96
-0.05,0.12,0.89,0.06,-0.17,0.11,-3.46,7.76
-0.03,0.14,0.88,0.06,-0.15,0.09,-1.64,9.02
-0.03,0.14,0.89,0.04,-0.13,0.07,-1.61,9.05
-0.03,0.16,0.88,0.02,-0.09,0.05,-1.67,10.24
-0.03,0.15,0.89,-0.02,-0.03,0.02,-1.72,9.82
-0.03,0.14,0.9,-0.05,0.01,-0.01,-2.02,8.6
-0.03,0.12,0.93,-0.08,0.06,-0.03,-1.68,7.4
-0.02,0.1,0.97,-0.11,0.12,-0.04,-0.92,5.93
-0.01,0.08,0.99,-0.11,0.13,-0.04,-0.68,4.41
-0.01,0.05,0.99,-0.11,0.12,-0.04,-0.81,2.98
-0.03,0.06,1.0,-0.12,0.11,-0.05,-1.53,3.19
-0.03,0.06,1.05,-0.14,0.1,-0.05,-1.84,3.47
-0.02,0.05,1.04,-0.13,0.07,-0.03,-1.37,2.68
-0.03,0.03,1.08,-0.12,0.04,-0.05,-1.61,1.71
-0.03,0.04,1.1,-0.1,-0.02,-0.04,-1.33,2.32
-0.04,0.04,1.12,-0.08,-0.05,-0.05,-1.96,2.22
-0.05,0.03,1.13,-0.03,-0.1,-0.05,-2.38,1.3
-0.04,0.04,1.13,0.01,-0.15,-0.05,-1.89,2.03
-0.04,0.03,1.12,0.05,-0.15,-0.06,-1.79,1.71
-0.04,0.03,1.09,0.07,-0.13,-0.08,-2.16,1.72
-0.05,0.04,1.06,0.1,-0.14,-0.08,-2.53,2.16
-0.05,0.04,1.04,0.12,-0.13,-0.09,-2.51,1.97
-0.05,0.02,1.01,0.11,-0.11,-0.09,-2.83,1.36
-0.06,0.02,1.01,0.11,-0.1,-0.08,-3.39,1.07
-0.06,0.01,1.0,0.1,-0.07,-0.08,-3.46,0.66
-0.07,-0.01,1.01,0.12,-0.06,-0.07,-4.21,-0.54
-0.08,-0.02,1.01,0.13,-0.05,-0.07,-4.41,-0.95
-0.08,-0.01,1.02,0.11,-0.01,-0.06,-4.41,-0.66
-0.07,-0.01,1.02,0.13,0.01,-0.04,-4.22,-0.5
-0.07,0.0,1.02,0.15,0.02,-0.04,-4.11,0.08
-0.06,0.01,1.0,0.17,0.04,-0.05,-3.45,0.32
-0.05,-0.0,0.99,0.16,0.1,-0.06,-2.89,-0.11
-0.06,-0.0,0.97,0.16,0.11,-0.05,-3.46,-0.04
-0.07,-0.01,0.96,0.14,0.14,-0.06,-3.97,-0.36
-0.07,0.0,0.96,0.13,0.13,-0.04,-4.13,0.02
-0.06,0.0,0.96,0.12,0.14,-0.04,-3.67,0.23
-0.05,0.01,0.96,0.09,0.14,-0.02,-3.08,0.74
-0.05,0.02,0.95,0.07,0.11,-0.0,-2.73,1.43
-0.04,0.04,0.96,0.03,0.1,0.01,-2.53,2.38
-0.04,0.05,0.97,-0.02,0.11,0.0,-2.4,3.18
-0.04,0.06,0.98,-0.06,0.1,0.0,-2.49,3.25
-0.04,0.06,1.0,-0.07,0.05,0.0,-2.25,3.52
-0.03,0.07,1.01,-0.09,0.02,0.0,-1.95,3.74
-0.05,0.05,1.03,-0.12,-0.01,-0.0,-2.91,2.97
-0.06,0.04,1.05,-0.13,-0.03,-0.01,-3.11,2.01
-0.06,0.01,1.07,-0.14,-0.07,-0.01,-3.18,0.63
-0.05,-0.0,1.08,-0.13,-0.1,0.0,-2.66,-0.0
-0.05,-0.01,1.1,-0.09,-0.09,-0.0,-2.63,-0.69
-0.04,-0.02,1.1,-0.07,-0.08,-0.01,-2.33,-0.84
-0.04,-0.02,1.08,-0.04,-0.06,-0.01,-2.15,-1.1
-0.04,-0.02,1.07,-0.0,-0.04,-0.02,-2.24,-1.15
-0.04,-0.02,1.05,0.01,-0.01,-0.02,-2.38,-1.24
-0.05,-0.03,1.04,0.02,0.01,-0.01,-2.72,-1.66
-0.05,-0.04,1.03,0.01,0.04,-0.02,-2.87,-2.13
-0.05,-0.04,1.03,0.01,0.05,0.01,-2.71,-2.41
-0.06,-0.04,1.03,0.01,0.06,0.01,-3.3,-2.28
-0.05,-0.03,1.04,0.02,0.07,0.02,-2.85,-1.85
-0.05,-0.02,1.04,0.04,0.06,0.03,-2.85,-1.12
-0.05,-0.01,1.04,0.05,0.06,0.04,-2.54,-0.32
-0.04,0.01,1.04,0.06,0.06,0.04,-1.96,0.45
-0.03,0.03,1.04,0.05,0.1,0.04,-1.7,1.87
-0.04,0.04,1.04,0.05,0.1,0.03,-2.1,2.37
-0.03,0.05,1.03,0.07,0.1,0.03,-1.67,2.64
-0.03,0.05,1.02,0.06,0.1,0.02,-1.61,2.87
-0.03,0.05,1.01,0.02,0.12,-0.01,-1.72,2.98
-0.03,0.05,1.01,0.02,0.1,0.0,-1.67,2.86
-0.03,0.05,0.99,0.0,0.08,-0.01,-1.66,2.7
-0.03,0.04,0.99,-0.0,0.04,0.01,-1.68,2.31
-0.04,0.03,0.99,-0.04,0.04,-0.0,-2.3,1.96
-0.04,0.03,1.0,-0.07,-0.0,0.02,-2.19,1.57
-0.05,0.02,1.01,-0.09,-0.04,0.02,-2.56,1.11
-0.05,0.02,1.04,-0.09,-0.09,0.03,-2.58,1.14
-0.04,0.03,1.06,-0.1,-0.09,0.02,-2.2,1.43
-0.05,0.01,1.08,-0.09,-0.1,0.02,-2.66,0.72
-0.05,-0.0,1.09,-0.06,-0.1,0.02,-2.49,-0.02
-0.04,-0.02,1.1,-0.03,-0.1,0.02,-2.3,-0.97
-0.04,-0.02,1.08,0.0,-0.06,0.01,-2.34,-1.21
-0.05,-0.02,1.07,0.04,-0.03,0.02,-2.84,-1.23
-0.06,-0.01,1.05,0.07,-0.01,0.01,-3.2,-0.48
-0.06,-0.0,1.03,0.1,-0.01,0.02,-3.14,-0.27
-0.06,0.0,1.0,0.1,0.01,0.02,-3.52,0.19
-0.06,0.01,0.98,0.09,0.05,0.02,-3.5,0.48
-0.06,0.01,0.96,0.08,0.05,0.02,-3.59,0.55
-0.05,0.02,0.94,0.05,0.05,0.03,-2.87,0.95
-0.05,0.03,0.92,0.04,0.04,0.03,-2.97,1.66
-0.04,0.04,0.92,-0.02,0.06,0.03,-2.64,2.28
-0.04,0.05,0.92,-0.06,0.05,0.03,-2.19,2.92
-0.03,0.05,0.93,-0.09,0.03,0.02,-1.91,3.12
-0.03,0.05,0.94,-0.13,0.02,0.02,-1.75,3.1
-0.03,0.04,0.96,-0.18,0.03,0.02,-1.85,2.51
-0.03,0.04,0.99,-0.18,-0.01,0.03,-1.93,2.26
-0.04,0.03,1.01,-0.18,-0.03,0.03,-2.44,1.86
-0.04,0.02,1.03,-0.19,-0.05,0.03,-2.48,1.02
-0.04,0.01,1.05,-0.15,-0.05,0.03,-2.39,0.55
-0.05,0.01,1.07,-0.13,-0.03,0.03,-2.5,0.48
-0.05,0.01,1.07,-0.12,-0.07,0.09,-2.56,0.36
-0.05,0.01,1.06,-0.05,-0.01,0.04,-2.84,0.68
-0.06,0.02,1.05,0.0,0.05,0.03,-3.09,0.88
-0.05,0.02,1.03,0.04,0.08,0.04,-2.85,1.01
-0.05,0.02,1.0,0.07,0.1,0.04,-2.94,1.1
-0.05,0.03,0.98,0.11,0.1,0.04,-2.93,1.46
-0.04,0.04,0.97,0.13,0.11,0.05,-2.5,2.41
-0.04,0.05,0.96,0.11,0.13,0.06,-2.64,3.24
-0.04,0.07,0.96,0.11,0.14,0.06,-2.46,4.09
-0.03,0.08,0.95,0.12,0.12,0.07,-1.62,4.72
-0.03,0.09,0.95,0.12,0.16,0.04,-2.03,5.29
-0.03,0.1,0.94,0.12,0.15,0.05,-1.79,5.83
-0.03,0.1,0.94,0.13,0.14,0.04,-1.87,6.19
-0.03,0.1,0.93,0.13,0.13,0.03,-1.59,6.33
-0.03,0.11,0.91,0.13,0.13,0.02,-1.89,7.17
-0.03,0.12,0.91,0.12,0.15,0.01,-1.96,7.53
-0.04,0.12,0.89,0.14,0.13,0.01,-2.34,8.0
-0.04,0.13,0.88,0.15,0.14,-0.01,-2.54,8.63
-0.04,0.13,0.87,0.15,0.13,-0.01,-2.54,8.68
-0.04,0.14,0.85,0.15,0.15,-0.03,-2.86,9.26
-0.04,0.15,0.83,0.15,0.17,-0.03,-2.97,9.94
-0.06,0.15,0.82,0.16,0.18,-0.04,-3.91,10.4
-0.06,0.16,0.8,0.17,0.19,-0.04,-3.97,11.0
-0.06,0.16,0.77,0.15,0.22,-0.04,-4.13,11.9
-0.06,0.18,0.74,0.13,0.22,-0.04,-4.58,13.63
-0.06,0.18,0.73,0.12,0.22,-0.03,-4.53,14.08
-0.08,0.18,0.72,0.09,0.24,-0.05,-6.31,13.82
-0.08,0.19,0.71,0.06,0.25,-0.05,-6.45,14.71
-0.09,0.17,0.73,0.03,0.24,-0.04,-6.76,12.76
-0.1,0.16,0.73,0.01,0.26,-0.03,-7.37,12.28
-0.08,0.15,0.73,0.04,0.29,-0.03,-6.16,11.69
-0.08,0.16,0.74,0.03,0.37,-0.03,-6.31,12.21
-0.08,0.17,0.75,0.05,0.41,-0.02,-6.17,12.73
-0.09,0.17,0.75,0.07,0.46,-0.03,-6.36,12.53
-0.09,0.16,0.75,0.11,0.52,-0.04,-6.32,11.88
-0.08,0.14,0.75,0.16,0.6,-0.06,-6.33,10.62
-0.09,0.12,0.75,0.18,0.68,-0.05,-6.9,9.2
-0.1,0.11,0.74,0.24,0.72,-0.04,-7.48,8.52
-0.11,0.11,0.72,0.26,0.82,-0.02,-8.29,8.34
-0.09,0.13,0.7,0.29,0.87,-0.01,-7.22,10.3
-0.09,0.15,0.67,0.31,0.91,0.0,-7.71,12.75
-0.09,0.17,0.65,0.33,0.95,0.0,-7.28,14.46
-0.08,0.18,0.64,0.32,0.97,0.0,-7.17,15.31
-0.08,0.18,0.62,0.3,1.01,-0.01,-6.66,15.7
-0.08,0.18,0.61,0.27,1.02,-0.0,-6.87,15.99
-0.07,0.18,0.59,0.24,1.0,-0.01,-6.59,16.79
-0.07,0.17,0.59,0.2,0.96,-0.01,-6.92,16.26
-0.07,0.17,0.59,0.16,0.95,-0.01,-6.81,16.11
-0.08,0.16,0.59,0.11,0.92,-0.02,-7.06,15.36
-0.08,0.15,0.59,0.06,0.9,-0.03,-7.77,14.17
-0.09,0.13,0.62,0.05,0.88,-0.03,-8.17,11.52
-0.09,0.11,0.63,0.03,0.89,-0.03,-8.19,9.8
-0.08,0.11,0.64,0.01,0.91,-0.02,-7.4,9.67
-0.08,0.1,0.65,0.01,0.94,-0.02,-6.47,8.77
-0.08,0.1,0.66,0.02,0.98,-0.02,-6.73,8.28
-0.08,0.08,0.66,0.0,1.04,-0.04,-6.69,6.8
-0.07,0.07,0.67,0.01,1.09,-0.03,-6.25,5.78
-0.07,0.05,0.68,-0.01,1.12,-0.03,-5.9,3.87
-0.07,0.04,0.69,-0.0,1.13,-0.03,-5.54,3.62
-0.08,0.03,0.69,-0.02,1.14,-0.03,-6.73,2.46
-0.07,0.02,0.74,-0.05,1.15,-0.01,-5.69,1.32
-0.08,0.06,0.7,-0.04,1.14,-0.01,-6.44,4.8
-0.08,0.04,0.71,-0.06,1.13,-0.02,-6.72,3.52
-0.06,0.01,0.77,-0.06,1.12,-0.02,-4.6,0.88
-0.05,-0.01,0.81,-0.03,1.12,-0.02,-3.38,-0.75
-0.05,-0.01,0.84,0.04,1.1,-0.02,-3.52,-0.81
-0.08,0.01,0.86,0.09,1.1,-0.03,-5.24,0.93
-0.08,0.01,0.86,0.14,1.15,-0.04,-5.43,0.79
-0.08,0.01,0.85,0.21,1.17,-0.07,-5.73,0.54
-0.08,-0.0,0.84,0.25,1.21,-0.08,-5.36,-0.34
-0.07,-0.01,0.82,0.3,1.24,-0.09,-4.66,-0.87
-0.07,-0.01,0.78,0.33,1.29,-0.1,-5.43,-0.85
-0.08,-0.01,0.74,0.33,1.35,-0.12,-6.07,-0.64
-0.08,-0.01,0.69,0.3,1.39,-0.14,-6.92,-0.97
-0.08,-0.02,0.66,0.26,1.42,-0.14,-7.3,-1.98
-0.09,-0.05,0.65,0.21,1.44,-0.16,-7.53,-4.46
-0.09,-0.08,0.65,0.13,1.46,-0.17,-7.99,-7.06
-0.1,-0.12,0.66,0.06,1.44,-0.16,-8.79,-10.16
-0.09,-0.15,0.7,-0.02,1.42,-0.14,-7.52,-12.14
-0.1,-0.16,0.74,-0.07,1.36,-0.11,-7.23,-12.03
-0.08,-0.16,0.79,-0.12,1.35,-0.09,-6.01,-11.26
-0.08,-0.15,0.85,-0.13,1.34,-0.06,-4.98,-9.86
-0.07,-0.15,0.89,-0.12,1.32,-0.05,-4.23,-9.45
-0.07,-0.14,0.93,-0.09,1.31,-0.03,-3.98,-8.54
-0.07,-0.14,0.95,-0.06,1.36,-0.02,-4.0,-8.44
-0.07,-0.12,0.97,0.01,1.37,-0.01,-3.91,-7.1
-0.06,-0.09,1.0,0.08,1.4,-0.02,-3.6,-5.32
-0.06,-0.08,0.99,0.13,1.45,-0.04,-3.34,-4.55
-0.05,-0.08,0.97,0.21,1.47,-0.06,-3.23,-4.51
-0.04,-0.09,0.94,0.25,1.53,-0.09,-2.72,-5.63
-0.06,-0.1,0.9,0.26,1.55,-0.1,-3.48,-6.61
-0.05,-0.12,0.89,0.25,1.56,-0.11,-3.44,-7.39
-0.05,-0.12,0.86,0.21,1.6,-0.12,-3.52,-8.21
-0.06,-0.12,0.86,0.16,1.57,-0.13,-3.73,-8.08
-0.05,-0.13,0.87,0.13,1.54,-0.14,-3.36,-8.65
-0.05,-0.15,0.88,0.08,1.51,-0.15,-3.0,-9.41
-0.04,-0.15,0.9,0.03,1.49,-0.16,-2.24,-9.28
-0.04,-0.14,0.92,-0.01,1.47,-0.15,-2.17,-8.91
-0.04,-0.14,0.96,-0.04,1.45,-0.17,-2.58,-8.44
-0.05,-0.14,0.99,-0.04,1.43,-0.17,-3.04,-7.84
-0.05,-0.14,1.02,-0.03,1.45,-0.18,-2.61,-7.74
-0.04,-0.13,1.02,-0.02,1.46,-0.19,-2.44,-7.37
-0.04,-0.12,1.03,0.01,1.46,-0.18,-2.24,-6.84
-0.05,-0.12,1.01,0.04,1.45,-0.2,-2.72,-6.57
-0.06,-0.12,1.01,0.06,1.47,-0.22,-3.14,-6.93
-0.07,-0.13,1.0,0.06,1.5,-0.23,-4.04,-7.65
-0.07,-0.15,1.0,0.09,1.49,-0.24,-4.08,-8.6
-0.06,-0.17,1.0,0.09,1.49,-0.23,-3.58,-9.63
-0.06,-0.18,0.99,0.09,1.5,-0.25,-3.41,-10.22
-0.06,-0.2,0.97,0.07,1.5,-0.25,-3.27,-11.65
-0.06,-0.21,0.97,0.03,1.51,-0.24,-3.42,-12.38
-0.06,-0.22,0.94,0.0,1.51,-0.24,-3.48,-13.32
-0.05,-0.23,0.93,-0.05,1.49,-0.22,-3.18,-14.05
-0.05,-0.24,0.93,-0.13,1.47,-0.2,-3.26,-14.63
-0.06,-0.26,0.97,-0.2,1.42,-0.17,-3.28,-14.77
-0.06,-0.22,0.97,-0.25,1.38,-0.15,-3.3,-12.57
-0.05,-0.2,0.97,-0.3,1.34,-0.13,-3.03,-11.65
-0.04,-0.18,1.02,-0.36,1.29,-0.13,-2.38,-9.99
-0.02,-0.14,1.06,-0.38,1.28,-0.12,-1.08,-7.56
-0.02,-0.13,1.09,-0.38,1.25,-0.13,-1.02,-6.83
-0.03,-0.12,1.1,-0.36,1.22,-0.13,-1.7,-6.03
-0.03,-0.1,1.12,-0.35,1.23,-0.13,-1.76,-5.12
-0.03,-0.08,1.16,-0.29,1.19,-0.13,-1.41,-3.87
-0.02,-0.06,1.18,-0.22,1.2,-0.15,-0.86,-2.93
-0.01,-0.05,1.17,-0.14,1.22,-0.17,-0.43,-2.51
-0.01,-0.05,1.15,-0.08,1.26,-0.21,-0.64,-2.57
-0.02,-0.07,1.12,-0.03,1.3,-0.23,-1.02,-3.49
-0.03,-0.09,1.1,-0.0,1.33,-0.25,-1.39,-4.45
-0.02,-0.12,1.07,0.01,1.35,-0.26,-1.02,-6.4
-0.02,-0.15,1.02,-0.01,1.37,-0.27,-1.07,-8.66
-0.03,-0.18,0.98,-0.04,1.37,-0.24,-1.51,-10.43
-0.04,-0.19,0.97,-0.11,1.37,-0.24,-2.24,-11.14
-0.05,-0.2,0.96,-0.18,1.36,-0.22,-2.67,-11.67
-0.03,-0.18,0.99,-0.25,1.34,-0.19,-1.64,-10.16
-0.03,-0.16,1.03,-0.33,1.31,-0.17,-1.43,-8.7
-0.01,-0.15,1.06,-0.38,1.26,-0.14,-0.33,-8.0
0.0,-0.11,1.08,-0.43,1.2,-0.12,0.2,-5.98
0.01,-0.09,1.11,-0.44,1.17,-0.12,0.38,-4.64
0.03,-0.07,1.16,-0.45,1.1,-0.12,1.47,-3.24
0.04,-0.03,1.21,-0.44,1.06,-0.12,1.69,-1.39
0.03,-0.01,1.23,-0.39,1.01,-0.12,1.28,-0.44
0.03,-0.0,1.25,-0.32,1.0,-0.13,1.28,-0.04
0.02,0.0,1.25,-0.27,1.0,-0.12,1.04,0.02
0.01,0.0,1.24,-0.19,0.99,-0.13,0.46,0.17
-0.01,0.01,1.23,-0.12,1.0,-0.13,-0.28,0.5
-0.01,0.03,1.22,-0.04,1.02,-0.14,-0.5,1.2
-0.02,0.05,1.2,0.02,1.04,-0.15,-0.81,2.38
-0.03,0.06,1.18,0.09,1.07,-0.19,-1.36,3.1
-0.04,0.07,1.15,0.15,1.13,-0.23,-1.78,3.34
-0.03,0.06,1.13,0.22,1.15,-0.27,-1.69,3.12
-0.03,0.04,1.1,0.25,1.21,-0.32,-1.82,2.28
-0.04,-0.03,1.07,0.28,1.23,-0.34,-2.36,-1.64
-0.04,-0.1,1.04,0.27,1.23,-0.37,-2.11,-5.55
-0.04,-0.16,1.01,0.22,1.22,-0.37,-2.22,-9.08
-0.04,-0.2,0.99,0.13,1.2,-0.35,-2.47,-11.48
-0.05,-0.22,0.99,0.03,1.16,-0.32,-2.77,-12.48
-0.05,-0.23,0.99,-0.06,1.11,-0.29,-2.6,-13.1
-0.04,-0.24,1.01,-0.18,1.07,-0.25,-2.26,-13.46
-0.04,-0.23,1.02,-0.28,1.02,-0.21,-1.97,-12.79
-0.03,-0.21,1.04,-0.37,0.98,-0.16,-1.47,-11.3
-0.03,-0.17,1.07,-0.46,0.93,-0.12,-1.32,-9.22
-0.03,-0.12,1.09,-0.51,0.88,-0.1,-1.4,-6.48
-0.02,-0.07,1.14,-0.54,0.84,-0.09,-1.04,-3.32
-0.03,-0.01,1.16,-0.54,0.81,-0.09,-1.24,-0.73
-0.03,0.03,1.19,-0.51,0.79,-0.09,-1.33,1.62
-0.04,0.07,1.21,-0.44,0.78,-0.11,-2.13,3.26
-0.06,0.08,1.23,-0.37,0.8,-0.14,-2.75,3.76
-0.06,0.07,1.25,-0.3,0.81,-0.16,-2.69,3.39
-0.06,0.06,1.27,-0.23,0.85,-0.17,-2.89,2.58
-0.07,0.03,1.26,-0.15,0.87,-0.16,-3.0,1.55
-0.07,0.01,1.24,-0.09,0.92,-0.16,-3.33,0.44
-0.07,-0.01,1.22,-0.07,0.95,-0.15,-3.42,-0.51
-0.07,-0.02,1.2,-0.07,0.94,-0.11,-3.57,-0.87
-0.07,-0.02,1.19,-0.03,0.94,-0.11,-3.25,-1.15
-0.06,-0.04,1.17,-0.05,0.98,-0.12,-2.87,-1.91
-0.04,-0.04,1.16,-0.06,0.95,-0.12,-2.2,-2.04
-0.05,-0.04,1.17,-0.08,0.94,-0.12,-2.4,-1.77
-0.05,-0.03,1.18,-0.1,0.93,-0.1,-2.39,-1.29
-0.04,-0.01,1.19,-0.09,0.9,-0.1,-2.02,-0.26
-0.03,0.01,1.2,-0.06,0.88,-0.11,-1.41,0.4
-0.03,0.03,1.21,-0.03,0.91,-0.16,-1.24,1.22
-0.03,0.04,1.22,0.01,0.83,-0.13,-1.42,2.11
-0.04,0.03,1.22,0.08,0.86,-0.16,-1.85,1.36
-0.04,0.01,1.22,0.14,0.89,-0.18,-1.72,0.59
-0.05,-0.0,1.23,0.22,0.9,-0.19,-2.53,-0.13
-0.05,-0.02,1.25,0.36,1.09,-0.35,-2.25,-1.11
-0.07,-0.09,1.24,0.35,0.97,-0.18,-3.32,-3.94
-0.08,-0.14,1.21,0.38,1.0,-0.13,-3.86,-6.49
-0.1,-0.17,1.16,0.41,1.0,-0.08,-4.78,-8.43
-0.11,-0.19,1.1,0.38,1.02,-0.04,-5.86,-9.77
-0.11,-0.22,1.05,0.33,1.05,-0.0,-6.02,-11.69
-0.11,-0.23,1.0,0.25,1.07,0.03,-6.4,-12.98
-0.12,-0.23,0.97,0.15,1.07,0.07,-6.59,-13.5
-0.12,-0.23,0.96,0.06,1.08,0.09,-6.91,-13.27
-0.1,-0.22,0.96,-0.06,1.07,0.13,-6.07,-12.76
-0.1,-0.2,0.96,-0.19,1.07,0.16,-5.88,-11.89
-0.08,-0.19,0.97,-0.27,1.0,0.2,-4.67,-10.81
-0.07,-0.16,0.99,-0.37,0.96,0.23,-4.02,-9.22
-0.06,-0.13,1.01,-0.44,0.91,0.26,-3.16,-7.27
-0.02,-0.07,1.02,-0.5,0.88,0.26,-1.2,-3.95
-0.0,-0.03,1.04,-0.55,0.86,0.26,-0.21,-1.79
0.0,0.01,1.05,-0.57,0.83,0.25,0.13,0.29
0.01,0.04,1.07,-0.58,0.84,0.22,0.37,2.37
0.02,0.05,1.07,-0.61,0.9,0.2,0.81,2.49
0.02,0.03,1.07,-0.61,0.93,0.17,0.98,1.57
0.01,0.01,1.08,-0.65,0.96,0.17,0.77,0.27
-0.0,-0.01,1.1,-0.7,0.97,0.16,-0.1,-0.35
-0.02,-0.0,1.11,-0.76,0.98,0.18,-0.79,-0.03
-0.02,0.03,1.13,-0.81,1.0,0.2,-0.81,1.6
-0.02,0.06,1.13,-0.85,0.99,0.23,-1.14,3.19
-0.02,0.1,1.12,-0.89,0.98,0.26,-0.84,5.0
-0.01,0.13,1.11,-0.93,1.0,0.26,-0.66,6.83
-0.01,0.17,1.11,-0.95,0.99,0.27,-0.73,8.72
-0.01,0.21,1.14,-0.95,0.97,0.26,-0.52,10.29
-0.0,0.25,1.16,-0.95,0.94,0.25,-0.23,12.05
0.01,0.27,1.18,-0.93,0.92,0.23,0.51,12.99
0.01,0.3,1.18,-0.88,0.92,0.22,0.66,14.44
0.02,0.32,1.17,-0.83,0.9,0.2,0.81,15.19
0.01,0.32,1.15,-0.8,0.9,0.17,0.63,15.38
0.01,0.3,1.15,-0.75,0.86,0.13,0.37,14.8
-0.0,0.29,1.15,-0.75,0.85,0.1,-0.17,13.96
-0.0,0.27,1.16,-0.7,0.82,0.07,-0.08,13.23
-0.0,0.26,1.17,-0.67,0.78,0.07,-0.04,12.56
-0.0,0.26,1.16,-0.62,0.77,0.07,-0.05,12.54
-0.0,0.26,1.17,-0.58,0.77,0.06,-0.1,12.42
-0.01,0.23,1.17,-0.53,0.74,0.07,-0.43,11.04
-0.01,0.21,1.17,-0.48,0.71,0.08,-0.62,9.99
-0.01,0.21,1.15,-0.46,0.73,0.08,-0.43,10.37
0.01,0.22,1.14,-0.41,0.74,0.08,0.45,10.83
0.03,0.22,1.11,-0.38,0.78,0.07,1.29,11.25
0.02,0.2,1.08,-0.35,0.81,0.04,1.05,10.43
0.01,0.16,1.08,-0.36,0.85,0.03,0.63,8.56
0.0,0.14,1.09,-0.38,0.9,0.02,0.04,7.44
0.0,0.16,1.13,-0.4,0.93,0.04,0.25,8.05
0.02,0.21,1.17,-0.4,0.93,0.06,1.2,10.01
0.02,0.25,1.19,-0.37,0.93,0.06,1.07,11.67
0.03,0.27,1.2,-0.35,0.9,0.07,1.27,12.68
0.02,0.28,1.19,-0.35,0.84,0.1,1.03,13.11
0.01,0.3,1.19,-0.34,0.79,0.1,0.65,13.97
0.02,0.3,1.15,-0.34,0.68,0.14,0.92,14.43
0.02,0.31,1.13,-0.36,0.61,0.13,0.8,15.49
0.02,0.31,1.12,-0.38,0.51,0.14,0.87,15.28
0.02,0.29,1.13,-0.42,0.43,0.14,0.77,14.6
0.01,0.31,1.14,-0.48,0.35,0.15,0.69,15.01
0.01,0.35,1.18,-0.54,0.32,0.15,0.63,16.51
0.03,0.41,1.21,-0.56,0.26,0.17,1.2,18.63
0.03,0.45,1.23,-0.53,0.2,0.17,1.44,20.25
0.04,0.49,1.24,-0.53,0.18,0.16,1.79,21.43
0.03,0.49,1.25,-0.5,0.13,0.15,1.35,21.54
0.03,0.53,1.25,-0.5,0.13,0.12,1.19,22.89
0.03,0.58,1.28,-0.45,0.12,0.11,1.09,24.36
0.03,0.64,1.32,-0.39,0.11,0.07,1.21,25.74
0.03,0.67,1.34,-0.3,0.12,0.03,1.25,26.52
0.04,0.68,1.35,-0.18,0.13,0.0,1.39,26.9
0.04,0.68,1.34,-0.06,0.1,-0.04,1.35,26.8
0.03,0.65,1.33,0.05,0.06,-0.08,1.12,26.05
0.03,0.61,1.32,0.14,0.04,-0.13,1.17,24.87
0.03,0.56,1.31,0.21,-0.03,-0.15,1.04,22.92
0.03,0.49,1.3,0.26,-0.09,-0.16,1.26,20.58
0.02,0.41,1.27,0.28,-0.17,-0.16,1.02,17.99
0.02,0.34,1.26,0.24,-0.24,-0.15,0.99,15.13
0.01,0.28,1.24,0.19,-0.33,-0.14,0.64,12.88
0.02,0.24,1.25,0.1,-0.44,-0.1,0.98,11.1
0.02,0.21,1.27,-0.01,-0.55,-0.05,0.89,9.63
0.02,0.22,1.3,-0.1,-0.64,-0.02,0.69,9.51
0.01,0.26,1.34,-0.18,-0.72,0.03,0.51,11.04
0.03,0.32,1.38,-0.22,-0.79,0.07,1.11,12.95
0.03,0.38,1.41,-0.24,-0.83,0.09,1.21,14.93
0.03,0.43,1.44,-0.22,-0.84,0.1,1.12,16.64
0.03,0.47,1.46,-0.19,-0.84,0.1,1.03,17.93
0.04,0.51,1.49,-0.13,-0.83,0.09,1.32,18.92
0.04,0.52,1.51,-0.06,-0.84,0.08,1.45,18.97
0.05,0.5,1.51,-0.02,-0.84,0.06,1.74,18.28
0.05,0.47,1.51,-0.0,-0.88,0.04,1.85,17.2
0.05,0.46,1.51,0.02,-0.91,0.03,1.69,16.77
0.06,0.46,1.52,0.04,-0.98,0.03,2.27,16.91
0.08,0.45,1.51,0.08,-1.0,0.01,3.01,16.46
0.1,0.42,1.51,0.07,-1.05,-0.01,3.51,15.46
0.11,0.37,1.53,0.07,-1.15,-0.02,4.08,13.43
0.12,0.32,1.55,0.03,-1.2,-0.03,4.24,11.52
0.12,0.28,1.56,-0.01,-1.26,-0.02,4.48,10.06
0.13,0.25,1.56,-0.05,-1.31,-0.01,4.6,9.01
0.13,0.22,1.56,-0.12,-1.37,0.01,4.74,7.98
0.13,0.15,1.56,-0.19,-1.43,0.04,4.86,5.52
0.12,0.1,1.57,-0.3,-1.52,0.08,4.27,3.72
0.12,0.07,1.58,-0.44,-1.61,0.13,4.27,2.59
0.11,0.08,1.6,-0.56,-1.74,0.21,4.0,2.87
0.11,0.12,1.61,-0.66,-1.86,0.26,3.97,4.13
0.12,0.16,1.63,-0.77,-1.97,0.31,4.28,5.63
0.12,0.19,1.64,-0.82,-2.05,0.32,4.18,6.58
0.12,0.21,1.65,-0.91,-2.09,0.34,4.19,7.26
0.1,0.27,1.7,-0.94,-2.14,0.32,3.45,9.15
0.12,0.32,1.74,-0.96,-2.19,0.29,3.81,10.29
0.11,0.33,1.78,-0.94,-2.16,0.22,3.64,10.58
0.09,0.32,1.84,-0.94,-2.13,0.17,2.78,9.72
0.09,0.32,1.89,-0.87,-2.11,0.11,2.6,9.45
0.07,0.31,1.96,-0.76,-2.09,0.04,1.94,9.0
0.05,0.28,2.03,-0.68,-2.1,0.0,1.26,7.82
0.03,0.24,2.1,-0.56,-2.15,-0.04,0.78,6.51
0.02,0.19,2.13,-0.43,-2.24,-0.05,0.6,5.19
0.02,0.16,2.14,-0.28,-2.35,-0.04,0.53,4.17
0.02,0.12,2.08,-0.15,-2.46,-0.06,0.53,3.4
0.01,0.07,1.99,-0.06,-2.56,-0.1,0.39,2.04
0.01,0.01,1.92,0.01,-2.65,-0.14,0.27,0.43
0.0,-0.04,1.86,0.1,-2.65,-0.34,0.1,-1.33
0.01,-0.09,1.82,0.06,-2.8,-0.25,0.18,-2.92
0.0,-0.15,1.79,0.04,-2.86,-0.3,0.03,-4.84
-0.01,-0.24,1.76,0.06,-2.93,-0.34,-0.4,-7.78
-0.02,-0.34,1.73,0.03,-2.98,-0.36,-0.71,-11.1
-0.04,-0.44,1.7,0.0,-3.04,-0.36,-1.32,-14.46
-0.05,-0.5,1.66,-0.06,-3.09,-0.35,-1.51,-16.89
-0.06,-0.53,1.63,-0.1,-3.12,-0.31,-2.02,-18.1
-0.07,-0.54,1.59,-0.13,-3.14,-0.3,-2.31,-18.82
-0.07,-0.54,1.54,-0.18,-3.15,-0.3,-2.56,-19.33
-0.08,-0.54,1.49,-0.2,-3.09,-0.31,-2.76,-20.05
-0.08,-0.54,1.44,-0.21,-3.03,-0.33,-3.04,-20.61
-0.08,-0.53,1.39,-0.21,-2.94,-0.36,-3.1,-20.75
-0.08,-0.53,1.35,-0.21,-2.84,-0.42,-3.2,-21.29
-0.1,-0.58,1.33,-0.2,-2.76,-0.47,-3.91,-23.66
-0.14,-0.69,1.35,-0.21,-2.76,-0.49,-5.25,-26.88
-0.17,-0.79,1.38,-0.19,-2.84,-0.42,-6.12,-29.64
-0.17,-0.82,1.39,-0.14,-2.95,-0.31,-5.86,-30.15
-0.16,-0.77,1.38,-0.08,-3.05,-0.23,-5.9,-29.1
-0.16,-0.7,1.33,0.01,-3.15,-0.16,-6.25,-27.55
-0.16,-0.62,1.27,0.11,-3.2,-0.14,-6.51,-25.7
-0.16,-0.55,1.23,0.22,-3.21,-0.16,-6.9,-24.06
-0.15,-0.52,1.18,0.36,-3.1,-0.22,-6.87,-23.57
-0.16,-0.52,1.15,0.51,-3.03,-0.26,-7.0,-23.95
-0.14,-0.56,1.08,0.66,-2.92,-0.33,-6.78,-26.91
-0.13,-0.6,0.98,0.8,-2.81,-0.36,-6.67,-31.37
-0.14,-0.66,0.87,0.88,-2.68,-0.39,-7.38,-36.66
-0.16,-0.67,0.76,0.96,-2.59,-0.38,-8.85,-40.81
-0.17,-0.65,0.69,1.03,-2.51,-0.37,-10.4,-42.57
-0.18,-0.65,0.59,1.07,-2.42,-0.39,-11.49,-46.17
-0.16,-0.63,0.5,1.08,-2.33,-0.39,-11.04,-50.38
-0.15,-0.6,0.42,1.08,-2.23,-0.39,-11.85,-53.39
-0.16,-0.58,0.35,1.07,-2.15,-0.4,-13.0,-56.95
-0.15,-0.58,0.3,1.08,-2.09,-0.39,-12.62,-60.19
-0.16,-0.56,0.26,1.06,-2.0,-0.36,-14.24,-61.91
-0.15,-0.54,0.21,1.05,-1.9,-0.34,-14.2,-64.6
-0.15,-0.5,0.18,1.04,-1.82,-0.32,-15.6,-65.0
-0.16,-0.46,0.15,1.02,-1.76,-0.3,-18.38,-64.69
-0.15,-0.42,0.14,1.03,-1.68,-0.28,-18.18,-64.68
-0.12,-0.39,0.09,1.02,-1.61,-0.26,-16.58,-69.3
-0.12,-0.35,0.04,1.0,-1.54,-0.24,-18.51,-70.5
-0.13,-0.31,0.0,0.98,-1.48,-0.21,-23.36,-66.63
-0.15,-0.26,-0.03,0.94,-1.4,-0.19,-30.43,-58.94
-0.17,-0.21,-0.05,0.9,-1.36,-0.15,-37.49,-50.23
-0.16,-0.15,-0.06,0.88,-1.31,-0.13,-43.25,-42.39
-0.16,-0.1,-0.08,0.83,-1.29,-0.1,-51.3,-28.26
-0.15,-0.04,-0.12,0.78,-1.27,-0.08,-48.84,-12.39
-0.15,0.03,-0.17,0.7,-1.24,-0.08,-41.21,6.51
-0.15,0.09,-0.21,0.61,-1.22,-0.07,-33.84,18.77
-0.15,0.14,-0.22,0.5,-1.2,-0.09,-29.62,27.54
-0.15,0.18,-0.21,0.37,-1.17,-0.13,-28.47,35.3
-0.13,0.2,-0.19,0.23,-1.14,-0.16,-25.17,40.89
-0.12,0.22,-0.16,0.1,-1.11,-0.19,-24.08,48.24
-0.12,0.23,-0.14,-0.03,-1.07,-0.23,-25.25,50.8
-0.13,0.23,-0.09,-0.14,-1.03,-0.27,-27.87,54.98
-0.12,0.21,-0.04,-0.23,-0.99,-0.3,-29.56,58.42
-0.11,0.17,0.01,-0.35,-0.95,-0.33,-33.32,56.41
-0.12,0.12,0.07,-0.42,-0.93,-0.34,-40.64,40.99
-0.14,0.08,0.12,-0.47,-0.94,-0.31,-45.41,21.91
-0.17,0.01,0.19,-0.49,-0.96,-0.25,-42.93,1.7
-0.2,-0.04,0.25,-0.51,-0.99,-0.16,-38.27,-7.12
-0.21,-0.07,0.29,-0.5,-1.02,-0.06,-34.52,-10.77
-0.2,-0.06,0.35,-0.45,-1.04,0.05,-29.96,-8.73
-0.21,-0.05,0.39,-0.44,-1.02,0.14,-27.59,-6.04
-0.19,-0.01,0.45,-0.37,-1.02,0.23,-22.66,-1.31
-0.17,0.03,0.51,-0.32,-0.94,0.28,-17.95,3.41
-0.15,0.08,0.56,-0.23,-0.87,0.3,-14.76,8.15
-0.13,0.13,0.61,-0.14,-0.76,0.29,-11.28,11.81
-0.11,0.16,0.64,-0.07,-0.64,0.28,-9.71,13.75
-0.1,0.17,0.66,0.02,-0.55,0.24,-8.78,14.62
-0.1,0.19,0.69,0.12,-0.44,0.21,-8.21,14.9
-0.09,0.19,0.72,0.21,-0.31,0.16,-7.1,14.35
-0.07,0.19,0.72,0.3,-0.18,0.12,-5.47,14.42
-0.06,0.18,0.71,0.39,-0.11,0.09,-4.66,14.11
-0.06,0.17,0.68,0.44,-0.0,0.03,-4.58,13.73
-0.06,0.15,0.65,0.49,0.05,0.02,-5.11,13.05
-0.06,0.14,0.64,0.48,0.11,0.03,-5.5,11.98
-0.07,0.12,0.63,0.51,0.12,0.05,-6.11,10.81
-0.06,0.12,0.63,0.52,0.09,0.08,-5.58,10.45
-0.07,0.11,0.66,0.52,0.06,0.11,-5.64,9.72
-0.07,0.12,0.67,0.51,0.04,0.14,-5.99,10.28
-0.07,0.14,0.69,0.52,-0.01,0.19,-5.36,11.66
-0.05,0.16,0.7,0.53,-0.07,0.22,-4.07,12.74
-0.05,0.18,0.73,0.53,-0.11,0.25,-3.79,13.54
-0.04,0.2,0.75,0.55,-0.16,0.25,-2.91,14.99
-0.03,0.22,0.78,0.54,-0.18,0.25,-1.81,15.9
0.01,0.23,0.8,0.55,-0.24,0.24,0.52,16.04
0.02,0.24,0.79,0.56,-0.25,0.2,1.67,17.15
0.03,0.25,0.78,0.55,-0.26,0.16,2.16,17.89
0.02,0.25,0.76,0.52,-0.27,0.12,1.76,18.49
0.02,0.23,0.77,0.5,-0.3,0.08,1.13,16.54
-0.0,0.21,0.77,0.47,-0.29,0.05,-0.09,15.14
-0.01,0.17,0.8,0.44,-0.25,0.01,-0.86,12.19
-0.03,0.15,0.81,0.45,-0.24,0.01,-1.74,10.78
-0.03,0.14,0.82,0.46,-0.21,-0.0,-2.33,9.59
-0.04,0.14,0.82,0.47,-0.19,-0.0,-2.82,9.5
-0.04,0.13,0.81,0.45,-0.12,-0.02,-2.51,9.42
-0.04,0.13,0.78,0.42,-0.06,-0.02,-2.8,9.7
-0.05,0.14,0.76,0.42,-0.02,-0.03,-3.38,10.56
-0.05,0.13,0.74,0.38,0.02,-0.03,-3.52,10.19
-0.05,0.14,0.72,0.3,0.07,-0.04,-3.91,11.26
-0.04,0.15,0.69,0.23,0.07,-0.06,-2.99,12.52
-0.04,0.17,0.69,0.12,0.06,-0.07,-3.4,13.57
-0.05,0.17,0.69,-0.02,0.06,-0.09,-4.38,14.07
-0.07,0.13,0.72,-0.13,0.02,-0.11,-5.66,10.24
-0.09,0.07,0.77,-0.25,-0.03,-0.1,-6.42,5.26
-0.1,0.02,0.81,-0.33,-0.11,-0.07,-6.85,1.59
-0.09,0.0,0.87,-0.38,-0.18,-0.02,-6.04,0.21
-0.08,0.0,0.95,-0.4,-0.22,0.02,-4.53,0.15
-0.07,0.01,1.0,-0.42,-0.26,0.04,-4.12,0.46
-0.07,0.03,1.04,-0.38,-0.27,0.06,-3.9,1.54
-0.05,0.04,1.07,-0.34,-0.23,0.05,-2.62,2.14
-0.03,0.05,1.09,-0.3,-0.12,0.03,-1.57,2.42
-0.02,0.05,1.1,-0.24,-0.06,0.01,-1.1,2.52
-0.03,0.04,1.08,-0.18,0.01,-0.03,-1.62,2.07
-0.05,0.02,1.08,-0.15,0.08,-0.05,-2.65,0.99
-0.06,-0.0,1.06,-0.12,0.15,-0.07,-3.03,-0.01
-0.05,-0.02,1.04,-0.12,0.2,-0.08,-2.9,-1.26
-0.06,-0.04,1.02,-0.1,0.2,-0.07,-3.14,-1.96
-0.06,-0.06,1.02,-0.12,0.18,-0.04,-3.48,-3.22
-0.06,-0.07,1.02,-0.11,0.14,-0.02,-3.48,-3.97
-0.05,-0.08,1.01,-0.15,0.11,0.02,-3.03,-4.25
-0.05,-0.07,1.02,-0.16,0.04,0.05,-2.68,-3.73
-0.04,-0.06,1.05,-0.18,-0.0,0.06,-1.92,-3.14
-0.03,-0.04,1.06,-0.2,-0.05,0.07,-1.64,-2.27
-0.03,-0.03,1.09,-0.19,-0.06,0.08,-1.79,-1.58
-0.03,-0.02,1.12,-0.18,-0.07,0.09,-1.73,-1.06
-0.02,-0.01,1.14,-0.14,-0.09,0.08,-0.99,-0.32
-0.02,0.0,1.14,-0.13,-0.09,0.07,-1.1,0.19
-0.03,0.01,1.14,-0.1,-0.06,0.05,-1.32,0.73
-0.03,0.01,1.15,-0.07,-0.05,0.05,-1.73,0.73
-0.04,0.01,1.14,-0.02,-0.04,0.04,-1.78,0.71
-0.04,0.0,1.14,0.03,-0.03,0.02,-1.88,0.01
-0.04,0.0,1.13,0.08,-0.01,0.03,-1.96,0.15
-0.04,-0.01,1.11,0.13,-0.0,0.04,-2.15,-0.26
-0.03,-0.01,1.08,0.17,0.02,0.04,-1.8,-0.42
-0.03,-0.0,1.04,0.19,0.03,0.04,-1.57,-0.19
-0.02,0.0,1.01,0.2,0.06,0.05,-1.32,0.1
-0.03,0.01,0.99,0.21,0.07,0.06,-1.57,0.83
-0.03,0.02,0.97,0.21,0.08,0.06,-1.72,1.27
-0.03,0.04,0.96,0.2,0.08,0.06,-1.61,2.4
-0.03,0.04,0.96,0.19,0.08,0.06,-1.66,2.48
-0.03,0.05,0.96,0.18,0.08,0.07,-1.78,2.77
-0.03,0.06,0.95,0.18,0.06,0.08,-1.72,3.49
-0.03,0.07,0.95,0.14,0.06,0.08,-2.07,4.04
-0.04,0.07,0.96,0.14,0.04,0.09,-2.57,4.36
-0.05,0.09,0.97,0.13,0.02,0.1,-2.87,5.31
-0.05,0.1,0.97,0.15,-0.01,0.1,-2.77,5.59
-0.04,0.1,0.98,0.17,-0.04,0.1,-2.27,6.01
-0.03,0.12,0.95,0.18,-0.05,0.08,-1.59,7.22
-0.03,0.12,0.94,0.18,-0.05,0.06,-2.11,7.54
-0.03,0.13,0.92,0.2,-0.06,0.06,-2.08,7.89
-0.04,0.13,0.89,0.2,-0.05,0.03,-2.62,8.16
-0.05,0.12,0.88,0.21,-0.02,0.0,-2.97,7.58
-0.05,0.1,0.86,0.2,0.0,-0.01,-3.05,6.64
-0.06,0.09,0.83,0.19,0.04,-0.02,-3.93,6.18
-0.06,0.09,0.79,0.16,0.07,-0.02,-4.65,6.31
-0.07,0.08,0.78,0.14,0.12,-0.02,-4.93,5.78
-0.07,0.07,0.77,0.1,0.16,-0.02,-5.42,5.22
-0.08,0.06,0.77,0.09,0.19,-0.01,-5.67,4.23
-0.08,0.04,0.76,0.05,0.19,0.0,-5.98,3.15
-0.08,0.03,0.76,0.0,0.2,0.01,-6.12,2.34
-0.08,0.03,0.77,-0.04,0.21,0.04,-5.76,1.92
-0.07,0.03,0.79,-0.1,0.21,0.06,-4.98,2.5
-0.07,0.04,0.82,-0.15,0.22,0.06,-4.91,2.62
-0.06,0.04,0.86,-0.17,0.2,0.07,-3.7,2.36
-0.06,0.03,0.88,-0.19,0.22,0.07,-3.58,1.92
-0.05,0.02,0.91,-0.21,0.2,0.08,-3.42,1.43
-0.06,0.01,0.94,-0.19,0.17,0.09,-3.39,0.83
-0.06,0.01,0.97,-0.18,0.17,0.09,-3.4,0.78
-0.05,0.02,0.99,-0.15,0.19,0.1,-2.84,1.09
-0.05,0.02,1.0,-0.12,0.2,0.1,-2.71,1.1
-0.04,0.02,1.01,-0.06,0.22,0.11,-2.46,1.26
-0.04,0.03,1.01,-0.04,0.27,0.1,-2.4,1.56
-0.04,0.03,1.0,0.02,0.34,0.07,-2.47,1.87
-0.05,0.04,0.99,0.03,0.35,0.12,-2.89,2.44
-0.05,0.05,0.97,0.08,0.38,0.11,-3.03,2.9
-0.05,0.05,0.95,0.12,0.41,0.09,-2.88,3.1
-0.05,0.05,0.93,0.13,0.44,0.09,-3.19,3.36
-0.06,0.05,0.91,0.12,0.45,0.09,-3.47,3.35
-0.05,0.05,0.9,0.13,0.45,0.09,-2.89,3.2
-0.05,0.05,0.88,0.12,0.43,0.09,-3.0,3.22
-0.03,0.05,0.88,0.09,0.45,0.09,-2.21,3.15
-0.03,0.06,0.86,0.07,0.44,0.08,-2.16,4.18
-0.03,0.06,0.87,0.02,0.45,0.09,-1.96,4.08
-0.03,0.06,0.86,0.02,0.44,0.09,-1.79,4.18
-0.03,0.07,0.86,-0.01,0.46,0.07,-1.9,4.58
-0.03,0.06,0.85,-0.03,0.5,0.06,-1.98,4.32
-0.04,0.06,0.86,-0.05,0.51,0.06,-2.52,3.98
-0.05,0.05,0.85,-0.07,0.54,0.05,-3.42,3.29
-0.06,0.02,0.88,-0.1,0.57,0.04,-3.84,1.54
-0.07,0.02,0.86,-0.13,0.58,0.06,-4.57,1.06
-0.06,-0.01,0.9,-0.13,0.57,0.08,-3.74,-0.44
-0.08,0.02,0.87,-0.15,0.56,0.1,-5.13,1.22
-0.08,0.02,0.89,-0.18,0.58,0.1,-4.9,0.98
-0.05,0.01,0.94,-0.16,0.59,0.11,-3.3,0.39
-0.04,0.02,0.97,-0.14,0.57,0.13,-2.17,1.0
-0.03,0.02,0.98,-0.11,0.56,0.13,-1.56,0.98
-0.03,0.02,0.98,-0.08,0.58,0.14,-1.97,1.17
-0.03,0.03,0.97,-0.08,0.59,0.12,-1.58,1.55
-0.03,0.03,0.97,-0.07,0.61,0.13,-1.58,1.79
-0.02,0.06,0.97,-0.06,0.61,0.13,-0.94,3.39
-0.02,0.06,0.97,-0.05,0.61,0.11,-1.35,3.57
-0.03,0.07,0.96,-0.07,0.64,0.09,-1.54,4.23
-0.02,0.07,0.96,-0.1,0.65,0.06,-1.05,4.24
-0.02,0.06,0.95,-0.09,0.63,0.05,-1.46,3.71
-0.02,0.05,0.96,-0.1,0.63,0.03,-1.28,3.02
-0.03,0.04,0.97,-0.1,0.63,0.02,-2.05,2.58
-0.03,0.03,0.97,-0.12,0.61,0.03,-1.8,1.86
-0.03,0.03,0.98,-0.12,0.58,0.02,-1.64,1.76
-0.03,0.03,0.98,-0.12,0.56,0.03,-1.87,1.72
-0.04,0.02,0.98,-0.14,0.56,0.01,-2.13,1.41
-0.04,0.01,0.98,-0.16,0.54,0.03,-2.2,0.84
-0.06,0.0,0.99,-0.16,0.51,0.03,-3.21,0.16
-0.05,0.0,1.01,-0.16,0.49,0.04,-2.85,0.01
-0.05,0.01,1.03,-0.18,0.47,0.03,-2.84,0.64
-0.04,0.02,1.04,-0.18,0.45,0.03,-2.32,1.12
-0.04,0.02,1.04,-0.15,0.43,0.03,-2.32,1.05
-0.04,0.01,1.04,-0.14,0.41,0.04,-2.42,0.5
-0.05,0.01,1.04,-0.11,0.44,0.02,-2.53,0.28
-0.05,-0.01,1.03,-0.13,0.46,0.02,-2.52,-0.32
-0.05,-0.01,1.04,-0.11,0.47,0.02,-2.83,-0.45
-0.05,-0.02,1.03,-0.09,0.47,0.01,-2.93,-1.18
-0.05,-0.03,1.03,-0.08,0.48,0.01,-2.58,-1.44
-0.04,-0.03,1.03,-0.06,0.51,0.01,-2.39,-1.66
-0.04,-0.03,1.02,-0.06,0.54,0.03,-2.34,-1.5
-0.04,-0.02,1.01,-0.04,0.54,0.04,-2.31,-1.35
-0.03,-0.03,1.01,-0.04,0.58,0.03,-1.94,-1.54
-0.03,-0.02,0.99,-0.04,0.58,0.04,-1.55,-1.24
-0.03,-0.02,1.0,-0.06,0.58,0.04,-1.73,-1.35
-0.03,-0.02,1.0,-0.0,0.71,-0.1,-1.77,-0.89
-0.03,-0.0,1.02,-0.07,0.56,0.05,-1.5,-0.0
-0.02,0.01,1.05,-0.09,0.57,0.06,-1.02,0.74
-0.02,0.03,1.05,-0.08,0.56,0.04,-0.91,1.42
-0.02,0.03,1.06,-0.09,0.54,0.04,-1.06,1.43
-0.03,0.03,1.06,-0.05,0.51,0.01,-1.53,1.41
-0.03,0.02,1.07,-0.05,0.51,0.0,-1.77,1.18
-0.04,0.01,1.07,-0.02,0.5,0.0,-2.01,0.67
-0.03,0.01,1.07,-0.0,0.47,0.01,-1.7,0.45
-0.03,0.0,1.05,0.02,0.45,0.01,-1.79,0.1
-0.04,0.0,1.04,0.04,0.47,0.0,-2.01,0.19
-0.04,-0.01,1.03,0.05,0.46,0.01,-2.31,-0.3
-0.04,-0.01,1.01,0.05,0.46,-0.0,-2.26,-0.51
-0.04,-0.01,1.0,0.05,0.44,0.01,-2.36,-0.45
-0.04,-0.01,0.99,0.04,0.44,0.02,-2.44,-0.62
-0.04,-0.01,0.98,0.02,0.47,0.01,-2.6,-0.6
-0.05,-0.01,0.97,0.01,0.45,0.02,-3.07,-0.55
-0.06,-0.01,0.96,-0.01,0.43,0.03,-3.33,-0.58
-0.05,-0.01,0.97,-0.04,0.44,0.01,-3.07,-0.81
-0.05,-0.01,0.97,-0.07,0.43,0.03,-2.7,-0.55
-0.04,-0.01,0.98,-0.07,0.42,0.02,-2.54,-0.5
-0.04,-0.01,0.98,-0.09,0.4,0.02,-2.44,-0.79
-0.05,-0.01,0.99,-0.08,0.41,0.02,-2.62,-0.59
-0.04,-0.01,1.0,-0.07,0.42,0.01,-2.5,-0.66
-0.04,-0.01,1.02,-0.07,0.45,0.01,-1.99,-0.82
-0.04,-0.02,1.0,-0.05,0.44,0.03,-2.11,-1.27
-0.04,-0.03,0.99,-0.04,0.46,0.01,-2.11,-1.51
-0.04,-0.03,1.0,-0.05,0.49,0.02,-2.17,-1.79
-0.05,-0.03,1.0,-0.04,0.48,0.04,-2.81,-1.63
-0.05,-0.02,1.0,-0.01,0.49,0.05,-2.75,-1.32
-0.04,-0.0,1.0,0.0,0.51,0.06,-2.44,-0.05
-0.05,0.01,1.0,0.01,0.55,0.06,-2.63,0.61
-0.05,0.02,0.99,0.05,0.55,0.06,-2.72,1.2
-0.05,0.03,0.98,0.06,0.57,0.05,-2.78,1.49
-0.04,0.02,0.96,0.07,0.6,0.03,-2.51,1.36
-0.05,0.02,0.94,0.05,0.62,0.03,-2.88,1.39
-0.05,0.01,0.93,0.04,0.61,0.03,-2.81,0.78
-0.04,0.01,0.92,0.02,0.6,0.03,-2.43,0.46
-0.04,0.01,0.91,-0.01,0.57,0.05,-2.38,0.57
-0.04,0.01,0.92,-0.07,0.59,0.04,-2.29,0.74
-0.04,0.01,0.93,-0.09,0.55,0.04,-2.18,0.89
-0.04,0.01,0.95,-0.12,0.52,0.03,-2.16,0.63
-0.03,0.02,0.97,-0.15,0.49,0.03,-1.86,1.45
-0.03,0.04,0.99,-0.18,0.49,0.03,-1.76,2.06
-0.03,0.04,1.01,-0.19,0.47,0.02,-1.88,2.15
-0.04,0.05,1.05,-0.17,0.45,0.01,-2.07,2.48
-0.04,0.03,1.07,-0.12,0.43,0.01,-2.05,1.78
-0.04,0.03,1.1,-0.1,0.46,-0.01,-1.99,1.78
-0.04,0.04,1.1,-0.04,0.46,-0.01,-1.9,2.22
-0.04,0.04,1.09,0.02,0.47,-0.02,-1.95,2.29
-0.04,0.04,1.07,0.1,0.48,-0.02,-2.32,2.32
-0.05,0.04,1.05,0.17,0.53,-0.04,-2.76,2.35
-0.05,0.03,1.01,0.22,0.57,-0.05,-2.63,1.93
-0.05,0.02,0.95,0.26,0.6,-0.06,-2.96,1.36
-0.05,-0.0,0.89,0.26,0.63,-0.06,-3.34,-0.06
-0.06,-0.02,0.83,0.23,0.65,-0.06,-4.0,-1.11
-0.06,-0.03,0.79,0.18,0.67,-0.05,-4.68,-2.31
-0.07,-0.04,0.78,0.09,0.67,-0.03,-5.07,-2.77
-0.07,-0.03,0.79,0.02,0.66,-0.02,-4.86,-1.99
-0.06,-0.02,0.81,-0.06,0.65,-0.02,-4.44,-1.6
-0.06,-0.02,0.84,-0.13,0.65,-0.0,-3.88,-1.09
-0.06,-0.0,0.87,-0.17,0.6,0.0,-3.62,-0.28
-0.05,0.01,0.93,-0.2,0.56,0.01,-3.2,0.79
-0.05,0.02,0.96,-0.21,0.56,-0.0,-2.77,1.25
-0.03,0.03,1.0,-0.2,0.54,-0.01,-1.94,1.65
-0.04,0.03,1.02,-0.17,0.55,-0.02,-1.99,1.89
-0.03,0.05,1.03,-0.06,0.72,-0.19,-1.76,2.53
-0.03,0.05,1.03,-0.07,0.58,-0.05,-1.9,2.59
-0.04,0.04,1.01,-0.02,0.62,-0.06,-2.22,2.07
-0.04,0.01,0.97,0.02,0.64,-0.06,-2.59,0.75
-0.05,0.0,0.94,0.04,0.65,-0.07,-2.75,0.07
-0.05,-0.01,0.92,0.06,0.68,-0.06,-2.88,-0.72
-0.04,-0.01,0.89,0.05,0.7,-0.06,-2.7,-0.84
-0.04,-0.0,0.88,0.02,0.71,-0.05,-2.85,-0.24
-0.04,-0.01,0.85,-0.0,0.7,-0.05,-2.44,-0.71
-0.03,0.0,0.84,-0.03,0.69,-0.05,-1.94,0.15
-0.03,0.0,0.84,-0.1,0.71,-0.06,-2.26,0.27
-0.03,0.01,0.85,-0.15,0.7,-0.05,-2.04,0.5
-0.02,0.02,0.87,-0.19,0.68,-0.06,-1.64,1.16
-0.02,0.02,0.91,-0.21,0.68,-0.07,-0.99,1.08
-0.01,0.02,0.93,-0.23,0.68,-0.08,-0.56,1.39
-0.01,0.03,0.97,-0.23,0.69,-0.08,-0.75,2.03
-0.01,0.04,0.99,-0.22,0.69,-0.09,-0.58,2.06
-0.01,0.04,1.02,-0.19,0.72,-0.1,-0.51,2.22
-0.01,0.05,1.05,-0.14,0.75,-0.1,-0.62,2.91
-0.01,0.06,1.07,-0.07,0.81,-0.09,-0.35,3.29
-0.01,0.08,1.08,-0.0,0.86,-0.1,-0.39,4.01
-0.02,0.09,1.07,0.09,0.89,-0.12,-0.81,5.03
-0.01,0.1,1.05,0.17,0.96,-0.14,-0.63,5.43
-0.02,0.1,1.0,0.22,1.0,-0.16,-0.95,5.59
-0.03,0.09,0.99,0.28,1.03,-0.17,-1.56,5.04
-0.03,0.08,0.95,0.32,1.04,-0.18,-1.81,4.74
-0.04,0.06,0.89,0.33,1.06,-0.21,-2.55,3.92
-0.03,0.05,0.88,0.32,1.04,-0.21,-1.69,3.47
-0.02,0.03,0.84,0.29,1.02,-0.23,-1.45,2.04
-0.03,-0.0,0.8,0.24,0.94,-0.24,-2.14,-0.02
-0.04,-0.02,0.77,0.15,0.89,-0.24,-2.9,-1.68
-0.04,-0.03,0.77,0.04,0.83,-0.23,-3.09,-2.42
-0.05,-0.03,0.78,-0.06,0.75,-0.22,-3.58,-2.54
-0.06,-0.03,0.81,-0.14,0.66,-0.21,-3.89,-2.27
-0.05,-0.03,0.86,-0.23,0.62,-0.23,-3.66,-1.77
-0.05,-0.02,0.92,-0.28,0.59,-0.22,-3.12,-1.05
-0.04,-0.01,0.97,-0.3,0.57,-0.23,-2.43,-0.34
-0.04,0.01,1.0,-0.29,0.58,-0.25,-2.38,0.45
-0.05,0.01,1.05,-0.27,0.58,-0.25,-2.56,0.77
-0.05,0.02,1.07,-0.24,0.61,-0.26,-2.54,0.85
-0.05,0.02,1.09,-0.16,0.62,-0.27,-2.55,0.91
-0.05,0.02,1.09,-0.09,0.64,-0.28,-2.74,1.08
-0.06,0.01,1.08,-0.01,0.68,-0.3,-3.17,0.31
-0.07,-0.01,1.07,0.03,0.72,-0.3,-3.95,-0.39
-0.07,-0.02,1.04,0.1,0.74,-0.29,-4.04,-1.36
-0.08,-0.05,1.02,0.14,0.76,-0.28,-4.23,-2.68
-0.08,-0.07,0.97,0.18,0.77,-0.27,-4.55,-4.17
-0.08,-0.1,0.94,0.17,0.78,-0.25,-5.0,-5.95
-0.08,-0.11,0.91,0.16,0.78,-0.24,-5.28,-6.81
-0.08,-0.11,0.89,0.11,0.77,-0.21,-5.36,-7.07
-0.08,-0.11,0.88,0.07,0.77,-0.2,-5.24,-7.32
-0.07,-0.12,0.88,0.01,0.76,-0.18,-4.74,-8.07
-0.07,-0.13,0.88,-0.05,0.74,-0.15,-4.51,-8.44
-0.07,-0.12,0.9,-0.1,0.73,-0.13,-4.34,-7.5
-0.06,-0.09,0.93,-0.13,0.71,-0.11,-3.9,-5.41
-0.06,-0.06,0.96,-0.16,0.72,-0.1,-3.32,-3.54
-0.05,-0.02,1.0,-0.14,0.7,-0.1,-3.15,-1.12
-0.04,-0.01,1.01,-0.13,0.71,-0.1,-2.45,-0.59
-0.04,0.0,1.02,-0.11,0.72,-0.11,-2.06,0.15
-0.04,0.01,1.01,-0.07,0.74,-0.13,-2.38,0.32
-0.04,0.01,1.01,-0.04,0.76,-0.13,-2.33,0.28
-0.04,-0.01,1.0,0.0,0.76,-0.15,-2.32,-0.38
-0.06,-0.02,1.0,0.03,0.77,-0.15,-3.3,-0.95
-0.05,-0.03,0.99,0.02,0.8,-0.17,-3.04,-1.7
-0.06,-0.06,0.95,0.04,0.78,-0.16,-3.4,-3.33
-0.06,-0.07,0.93,0.03,0.78,-0.16,-3.79,-4.15
-0.06,-0.09,0.92,0.01,0.77,-0.15,-3.67,-5.46
-0.06,-0.11,0.91,-0.03,0.75,-0.13,-3.58,-6.64
-0.05,-0.11,0.9,-0.1,0.77,-0.12,-3.14,-6.97
-0.05,-0.1,0.89,-0.14,0.75,-0.1,-2.93,-6.41
-0.04,-0.09,0.9,-0.22,0.72,-0.09,-2.4,-6.0
-0.03,-0.08,0.92,-0.28,0.71,-0.08,-1.6,-4.88
-0.01,-0.06,0.94,-0.34,0.68,-0.06,-0.9,-3.47
0.0,-0.04,0.95,-0.38,0.64,-0.07,0.21,-2.66
0.01,-0.02,0.98,-0.41,0.61,-0.08,0.8,-1.12
0.01,-0.0,0.99,-0.46,0.58,-0.09,0.52,-0.21
0.01,0.02,1.01,-0.49,0.57,-0.09,0.56,0.87
0.01,0.03,1.03,-0.51,0.55,-0.1,0.67,1.54
0.01,0.03,1.04,-0.53,0.53,-0.11,0.56,1.82
-0.0,0.03,1.08,-0.53,0.5,-0.11,-0.15,1.43
-0.01,0.05,1.13,-0.55,0.48,-0.1,-0.59,2.41
-0.02,0.06,1.18,-0.52,0.44,-0.1,-0.77,2.93
-0.01,0.08,1.22,-0.47,0.41,-0.1,-0.46,3.65
-0.01,0.09,1.24,-0.41,0.38,-0.09,-0.25,4.22
-0.01,0.11,1.24,-0.36,0.37,-0.08,-0.5,5.0
-0.02,0.12,1.24,-0.29,0.37,-0.09,-0.72,5.6
-0.03,0.13,1.24,-0.22,0.37,-0.11,-1.19,6.13
-0.03,0.13,1.25,-0.15,0.41,-0.14,-1.52,6.11
-0.04,0.13,1.25,-0.05,0.43,-0.14,-1.91,5.72
-0.04,0.12,1.25,0.03,0.47,-0.15,-1.98,5.29
-0.05,0.1,1.23,0.12,0.48,-0.15,-2.36,4.82
-0.06,0.1,1.2,0.21,0.5,-0.16,-2.72,4.6
-0.06,0.07,1.17,0.29,0.54,-0.16,-3.13,3.64
-0.06,0.07,1.14,0.37,0.55,-0.15,-3.2,3.59
-0.07,0.07,1.09,0.44,0.55,-0.16,-3.42,3.6
-0.06,0.05,1.02,0.48,0.58,-0.18,-3.45,2.82
-0.06,0.02,0.96,0.52,0.6,-0.19,-3.56,1.35
-0.07,-0.02,0.9,0.5,0.62,-0.19,-4.42,-1.32
-0.07,-0.06,0.84,0.46,0.63,-0.2,-4.61,-4.23
-0.07,-0.09,0.8,0.4,0.62,-0.21,-4.86,-6.68
-0.07,-0.12,0.77,0.3,0.61,-0.2,-5.2,-8.77
-0.07,-0.14,0.76,0.2,0.56,-0.18,-5.12,-10.5
-0.07,-0.16,0.75,0.08,0.52,-0.17,-5.08,-12.17
-0.08,-0.17,0.75,-0.03,0.48,-0.15,-5.68,-13.0
-0.07,-0.17,0.76,-0.17,0.46,-0.12,-5.4,-12.82
-0.07,-0.15,0.79,-0.27,0.41,-0.1,-5.16,-11.02
-0.07,-0.12,0.82,-0.36,0.37,-0.08,-4.57,-8.03
-0.07,-0.09,0.86,-0.42,0.36,-0.06,-4.62,-5.71
-0.07,-0.05,0.89,-0.49,0.37,-0.07,-4.26,-3.42
-0.06,-0.03,0.93,-0.5,0.35,-0.04,-3.66,-1.75
-0.06,-0.01,0.95,-0.5,0.35,-0.04,-3.53,-0.52
-0.07,-0.0,0.98,-0.48,0.36,-0.06,-3.97,-0.16
-0.07,0.02,1.01,-0.48,0.4,-0.06,-3.69,1.04
-0.06,0.04,1.04,-0.46,0.42,-0.06,-3.03,2.07
-0.05,0.05,1.06,-0.39,0.43,-0.06,-2.73,2.91
-0.05,0.06,1.08,-0.32,0.44,-0.06,-2.45,3.11
-0.04,0.06,1.08,-0.27,0.48,-0.08,-2.32,3.31
-0.05,0.05,1.07,-0.22,0.49,-0.08,-2.41,2.54
-0.05,0.05,1.06,-0.16,0.51,-0.1,-2.79,2.6
-0.05,0.03,1.04,-0.12,0.51,-0.1,-2.69,1.82
-0.05,0.02,1.04,-0.07,0.52,-0.11,-2.89,1.28
-0.05,0.0,1.02,-0.05,0.54,-0.1,-2.88,0.07
-0.05,-0.02,1.0,-0.02,0.51,-0.09,-2.9,-1.24
-0.05,-0.04,1.0,-0.03,0.5,-0.07,-2.92,-2.34
-0.05,-0.05,0.99,-0.03,0.51,-0.08,-3.13,-2.85
-0.06,-0.04,0.99,-0.04,0.5,-0.05,-3.46,-2.41
-0.06,-0.03,0.98,-0.06,0.49,-0.03,-3.66,-1.68
-0.06,-0.02,0.99,-0.07,0.5,-0.03,-3.21,-1.42
-0.04,-0.02,0.98,-0.08,0.5,-0.01,-2.61,-1.14
-0.04,-0.01,0.98,-0.1,0.54,-0.02,-2.37,-0.49
-0.04,-0.0,0.99,-0.13,0.54,-0.01,-2.45,-0.01
-0.05,0.02,1.0,-0.12,0.53,-0.01,-2.79,1.11
-0.05,0.04,1.01,-0.14,0.53,-0.01,-2.55,2.42
-0.04,0.07,1.03,-0.14,0.54,-0.02,-2.16,3.77
-0.04,0.09,1.06,-0.11,0.52,-0.03,-1.95,4.85
-0.04,0.09,1.07,-0.06,0.5,-0.04,-2.28,5.04
-0.05,0.11,1.08,-0.02,0.49,-0.05,-2.44,5.59
-0.05,0.11,1.08,0.03,0.49,-0.05,-2.58,5.98
-0.05,0.12,1.1,0.07,0.5,-0.07,-2.77,6.32
-0.05,0.12,1.11,0.15,0.48,-0.07,-2.57,6.31
-0.05,0.12,1.1,0.23,0.5,-0.08,-2.48,6.37
-0.05,0.12,1.09,0.28,0.52,-0.1,-2.38,6.26
-0.05,0.11,1.07,0.36,0.53,-0.11,-2.49,6.1
-0.05,0.1,1.05,0.44,0.54,-0.11,-2.94,5.16
-0.05,0.08,1.03,0.5,0.54,-0.12,-2.89,4.67
-0.05,0.07,1.01,0.55,0.57,-0.14,-2.89,4.22
-0.05,0.06,0.98,0.6,0.57,-0.14,-2.83,3.75
-0.04,0.04,0.95,0.65,0.59,-0.15,-2.51,2.44
-0.04,0.0,0.91,0.65,0.61,-0.16,-2.7,0.19
-0.06,-0.05,0.86,0.65,0.61,-0.18,-3.82,-3.0
-0.06,-0.08,0.83,0.59,0.61,-0.16,-4.02,-5.61
-0.06,-0.1,0.8,0.52,0.59,-0.15,-4.37,-7.4
-0.06,-0.12,0.8,0.44,0.56,-0.15,-4.53,-8.25
-0.07,-0.12,0.79,0.35,0.54,-0.14,-4.64,-8.52
-0.07,-0.1,0.81,0.26,0.49,-0.11,-4.67,-7.08
-0.06,-0.07,0.83,0.2,0.46,-0.12,-4.13,-5.15
-0.06,-0.06,0.86,0.14,0.47,-0.12,-4.18,-3.81
-0.05,-0.04,0.89,0.09,0.5,-0.11,-3.54,-2.73
-0.05,-0.01,0.94,0.08,0.5,-0.11,-3.32,-0.57
-0.04,0.03,0.98,0.08,0.54,-0.11,-2.52,1.63
-0.03,0.07,1.03,0.13,0.58,-0.12,-1.82,3.64
-0.02,0.1,1.05,0.19,0.66,-0.15,-1.11,5.53
-0.02,0.12,1.08,0.26,0.75,-0.18,-1.17,6.4
-0.03,0.13,1.09,0.36,0.82,-0.2,-1.36,6.86
-0.02,0.12,1.1,0.45,0.88,-0.22,-0.98,6.04
-0.02,0.1,1.09,0.54,0.94,-0.23,-1.19,5.12
-0.02,0.09,1.07,0.59,0.99,-0.23,-1.32,5.0
-0.03,0.09,1.04,0.67,0.99,-0.22,-1.38,4.67
-0.04,0.07,1.0,0.71,0.99,-0.23,-2.02,4.0
-0.04,0.06,0.98,0.73,0.97,-0.24,-2.18,3.31
-0.03,0.04,0.94,0.73,0.94,-0.25,-1.82,2.13
-0.03,0.0,0.91,0.72,0.89,-0.24,-1.63,0.21
-0.02,-0.03,0.86,0.7,0.83,-0.25,-1.63,-1.71
-0.02,-0.06,0.82,0.63,0.79,-0.25,-1.6,-4.46
-0.03,-0.09,0.8,0.52,0.78,-0.26,-2.01,-6.34
-0.03,-0.1,0.78,0.41,0.71,-0.25,-2.24,-6.9
-0.04,-0.1,0.79,0.3,0.65,-0.25,-2.56,-7.17
-0.03,-0.09,0.8,0.2,0.61,-0.27,-2.16,-6.75
-0.04,-0.09,0.83,0.1,0.57,-0.26,-2.52,-6.14
-0.04,-0.09,0.84,-0.0,0.54,-0.26,-2.95,-6.29
-0.05,-0.08,0.86,-0.08,0.51,-0.25,-3.5,-5.21
-0.05,-0.05,0.9,-0.16,0.47,-0.23,-3.2,-3.19
-0.05,-0.01,0.92,-0.2,0.46,-0.23,-2.87,-0.64
-0.04,0.03,0.96,-0.23,0.43,-0.23,-2.45,1.6
-0.05,0.05,0.99,-0.23,0.39,-0.22,-2.69,3.16
-0.05,0.08,1.03,-0.2,0.37,-0.22,-2.66,4.32
-0.04,0.1,1.06,-0.15,0.38,-0.22,-2.31,5.44
-0.03,0.12,1.06,-0.09,0.38,-0.22,-1.44,6.41
-0.03,0.13,1.05,-0.04,0.4,-0.24,-1.49,7.13
-0.03,0.14,1.06,0.02,0.42,-0.25,-1.65,7.42
-0.04,0.13,1.05,0.07,0.49,-0.29,-1.92,7.22
-0.04,0.11,1.04,0.12,0.52,-0.31,-2.28,6.29
-0.04,0.1,1.03,0.18,0.53,-0.33,-2.45,5.41
-0.05,0.07,1.02,0.23,0.54,-0.34,-2.62,3.82
-0.06,0.04,1.01,0.25,0.57,-0.36,-3.18,1.98
-0.06,0.01,0.99,0.25,0.59,-0.36,-3.36,0.35
-0.07,-0.02,0.97,0.27,0.69,-0.45,-3.89,-1.32
-0.07,-0.03,0.96,0.2,0.59,-0.33,-4.18,-1.88
-0.07,-0.05,0.95,0.17,0.59,-0.34,-4.19,-2.73
-0.07,-0.04,0.96,0.15,0.6,-0.34,-4.07,-2.25
-0.08,-0.06,0.97,0.12,0.59,-0.34,-4.49,-3.75
-0.07,-0.08,0.96,0.09,0.57,-0.32,-4.38,-4.48
-0.07,-0.08,0.97,0.03,0.56,-0.3,-4.39,-4.44
-0.08,-0.06,0.97,-0.01,0.55,-0.28,-4.56,-3.74
-0.07,-0.04,0.98,-0.03,0.52,-0.26,-3.79,-2.26
-0.07,-0.03,0.98,-0.06,0.49,-0.24,-3.83,-1.76
-0.06,-0.02,0.97,-0.07,0.51,-0.25,-3.78,-1.0
-0.07,-0.01,0.97,-0.08,0.51,-0.25,-3.86,-0.36
-0.07,-0.0,0.97,-0.09,0.53,-0.24,-3.9,-0.16
-0.07,0.0,0.98,-0.11,0.53,-0.26,-3.8,0.2
-0.06,0.01,0.98,-0.12,0.55,-0.25,-3.66,0.36
-0.07,-0.0,0.98,-0.16,0.58,-0.25,-3.83,-0.29
-0.06,-0.01,0.97,-0.16,0.6,-0.25,-3.62,-0.62
-0.06,-0.02,0.97,-0.18,0.61,-0.25,-3.66,-0.96
-0.06,-0.01,0.96,-0.21,0.63,-0.25,-3.64,-0.47
-0.07,-0.02,0.98,-0.25,0.65,-0.25,-4.03,-1.03
-0.06,-0.02,0.98,-0.29,0.65,-0.23,-3.74,-0.9
-0.06,-0.01,0.98,-0.32,0.64,-0.22,-3.33,-0.69
-0.05,0.01,0.98,-0.35,0.63,-0.2,-2.72,0.8
-0.05,0.03,1.01,-0.37,0.63,-0.19,-2.72,1.73
-0.05,0.04,1.0,-0.39,0.6,-0.17,-2.56,2.23
-0.04,0.05,1.01,-0.4,0.58,-0.17,-2.46,3.05
-0.04,0.06,1.03,-0.39,0.57,-0.16,-1.98,3.31
-0.03,0.08,1.03,-0.4,0.57,-0.16,-1.86,4.3
-0.02,0.09,1.04,-0.41,0.57,-0.15,-1.33,4.96
-0.03,0.11,1.06,-0.39,0.57,-0.15,-1.49,5.86
-0.02,0.11,1.09,-0.35,0.58,-0.15,-1.27,5.99
-0.02,0.13,1.11,-0.31,0.6,-0.13,-1.01,6.62
-0.02,0.13,1.12,-0.28,0.64,-0.15,-1.06,6.41
-0.03,0.14,1.12,-0.23,0.67,-0.14,-1.68,7.21
-0.03,0.14,1.11,-0.17,0.68,-0.13,-1.32,7.09
-0.02,0.13,1.07,-0.13,0.71,-0.14,-0.96,7.11
-0.02,0.15,1.04,-0.11,0.73,-0.14,-1.35,8.38
-0.05,0.12,1.04,-0.09,0.76,-0.17,-2.61,6.64
-0.05,0.11,1.03,-0.07,0.74,-0.18,-3.02,5.99
-0.05,0.1,1.02,-0.07,0.74,-0.18,-2.84,5.49
-0.05,0.09,1.03,-0.07,0.69,-0.18,-2.86,5.26
-0.05,0.09,1.04,-0.05,0.64,-0.18,-2.65,4.77
-0.05,0.08,1.03,-0.07,0.58,-0.18,-2.95,4.3
-0.06,0.06,1.03,-0.05,0.5,-0.18,-3.23,3.29
-0.06,0.04,1.01,-0.08,0.46,-0.16,-3.28,2.34
-0.06,0.04,1.0,-0.08,0.39,-0.14,-3.34,2.33
-0.06,0.03,0.98,-0.09,0.35,-0.14,-3.28,1.51
-0.05,0.03,0.96,-0.12,0.34,-0.15,-3.13,1.53
-0.06,-0.01,0.95,-0.16,0.32,-0.15,-3.88,-0.43
-0.07,-0.03,0.95,-0.2,0.3,-0.15,-4.05,-1.68
-0.07,-0.04,0.95,-0.23,0.25,-0.14,-3.92,-2.34
-0.07,-0.03,0.97,-0.28,0.21,-0.12,-4.17,-1.7
-0.07,-0.03,0.98,-0.31,0.18,-0.11,-4.06,-2.0
-0.07,-0.03,0.99,-0.34,0.16,-0.08,-4.05,-1.87
-0.07,-0.03,0.99,-0.37,0.14,-0.05,-3.91,-1.81
-0.06,-0.01,1.01,-0.38,0.15,-0.04,-3.52,-0.7
-0.07,-0.01,1.02,-0.4,0.16,-0.03,-3.72,-0.29
-0.06,0.02,1.03,-0.38,0.17,-0.0,-3.51,1.04
-0.06,0.03,1.03,-0.35,0.16,0.0,-3.41,1.87
-0.06,0.04,1.03,-0.33,0.18,0.01,-3.55,2.4
-0.06,0.04,1.03,-0.32,0.2,0.0,-3.52,2.35
-0.07,0.04,1.04,-0.29,0.19,0.01,-3.75,2.39
-0.06,0.04,1.04,-0.28,0.2,0.0,-3.48,2.15
-0.06,0.04,1.03,-0.22,0.19,-0.0,-3.38,2.15
-0.07,0.04,1.02,-0.22,0.21,-0.01,-3.68,2.01
-0.07,0.04,1.02,-0.2,0.24,-0.01,-3.99,2.01
-0.08,0.03,1.01,-0.17,0.25,-0.02,-4.25,1.67
-0.08,0.01,1.01,-0.15,0.27,-0.03,-4.41,0.69
-0.07,-0.01,1.01,-0.13,0.3,-0.04,-4.0,-0.49
-0.08,-0.02,1.0,-0.15,0.29,-0.03,-4.59,-1.05
-0.11,-0.06,1.0,-0.17,0.31,-0.03,-6.13,-3.36
-0.11,-0.06,1.0,-0.19,0.3,-0.01,-6.21,-3.68
-0.11,-0.06,1.01,-0.22,0.29,0.01,-5.97,-3.58
-0.09,-0.03,1.03,-0.26,0.29,0.03,-4.87,-1.76
-0.08,-0.01,1.04,-0.25,0.26,0.06,-4.4,-0.67
-0.08,-0.0,1.02,-0.24,0.24,0.07,-4.38,-0.05
-0.08,0.02,1.03,-0.23,0.24,0.07,-4.63,1.32
-0.08,0.04,1.01,-0.24,0.24,0.08,-4.66,2.2
-0.08,0.06,1.02,-0.26,0.25,0.06,-4.26,3.11
-0.08,0.08,1.02,-0.21,0.22,0.08,-4.48,4.2
-0.08,0.1,1.02,-0.16,0.25,0.06,-4.36,5.43
-0.06,0.1,1.03,-0.12,0.28,0.05,-3.42,5.28
-0.06,0.1,1.01,-0.09,0.31,0.03,-3.63,5.39
-0.07,0.09,1.01,-0.04,0.32,0.02,-4.12,4.9
-0.07,0.06,1.01,-0.01,0.37,-0.01,-3.83,3.66
-0.06,0.05,1.02,0.02,0.41,-0.02,-3.44,2.68
-0.05,0.03,1.01,0.07,0.45,-0.03,-3.1,1.91
-0.05,0.02,1.02,0.08,0.48,-0.04,-3.03,1.34
-0.04,0.01,1.02,0.09,0.5,-0.03,-2.31,0.3
-0.02,-0.01,1.01,0.1,0.54,-0.03,-1.35,-0.79
-0.03,-0.05,1.03,0.09,0.56,-0.0,-1.44,-2.91
-0.02,-0.07,1.02,0.08,0.58,0.02,-1.14,-3.82
-0.01,-0.08,1.0,0.04,0.61,0.04,-0.74,-4.7
-0.01,-0.08,0.99,-0.01,0.64,0.06,-0.55,-4.43
-0.0,-0.07,0.98,-0.06,0.65,0.09,-0.13,-4.3
0.0,-0.07,0.97,-0.09,0.63,0.11,0.22,-3.91
0.01,-0.06,0.98,-0.14,0.61,0.14,0.57,-3.25
0.02,-0.04,0.97,-0.19,0.62,0.16,1.15,-2.34
0.03,-0.01,0.97,-0.23,0.58,0.19,1.49,-0.79
0.04,0.01,0.96,-0.27,0.56,0.2,2.32,0.83
0.05,0.04,0.95,-0.31,0.54,0.2,2.73,2.45
0.04,0.07,0.94,-0.32,0.54,0.21,2.59,4.19
0.04,0.1,0.93,-0.35,0.53,0.22,2.58,5.9
0.04,0.12,0.92,-0.37,0.51,0.21,2.68,7.31
0.04,0.14,0.9,-0.36,0.48,0.21,2.68,8.95
0.05,0.16,0.9,-0.37,0.48,0.18,2.94,10.29
0.06,0.17,0.89,-0.39,0.47,0.15,3.58,10.94
0.07,0.18,0.9,-0.39,0.44,0.11,4.57,11.37
0.08,0.17,0.9,-0.38,0.41,0.06,5.08,10.92
0.08,0.17,0.91,-0.39,0.41,0.01,4.98,10.22
0.07,0.16,0.93,-0.43,0.41,-0.01,4.43,9.71
0.07,0.15,0.95,-0.43,0.39,-0.04,3.94,9.21
0.06,0.16,0.97,-0.44,0.39,-0.06,3.3,9.22
0.06,0.17,1.0,-0.43,0.36,-0.07,3.36,9.47
0.06,0.17,1.02,-0.43,0.33,-0.07,3.3,9.2
0.05,0.16,1.04,-0.43,0.3,-0.07,2.82,8.68
0.04,0.16,1.05,-0.44,0.23,-0.05,2.13,8.92
0.03,0.18,1.07,-0.44,0.18,-0.05,1.38,9.39
0.02,0.19,1.09,-0.46,0.12,-0.03,1.15,9.7
0.02,0.19,1.11,-0.47,0.02,0.0,1.08,9.7
0.02,0.22,1.11,-0.46,-0.06,0.03,1.12,11.08
0.02,0.24,1.12,-0.45,-0.1,0.03,1.09,11.91
0.01,0.28,1.13,-0.43,-0.15,0.04,0.72,13.75
0.01,0.33,1.14,-0.41,-0.16,0.03,0.6,15.91
0.03,0.37,1.16,-0.36,-0.19,0.01,1.25,17.6
0.04,0.39,1.19,-0.28,-0.2,-0.01,1.9,18.01
0.04,0.41,1.2,-0.2,-0.19,-0.02,1.79,18.77
0.03,0.43,1.2,-0.11,-0.19,-0.03,1.31,19.56
0.03,0.45,1.19,-0.02,-0.21,-0.04,1.38,20.65
0.04,0.47,1.19,0.1,-0.2,-0.08,1.86,21.63
0.05,0.46,1.19,0.19,-0.2,-0.12,2.11,21.27
0.06,0.47,1.19,0.31,-0.22,-0.15,2.52,21.42
0.06,0.44,1.18,0.41,-0.21,-0.19,2.6,20.4
0.06,0.41,1.17,0.51,-0.22,-0.21,2.97,19.34
0.08,0.37,1.16,0.58,-0.2,-0.24,3.72,17.43
0.08,0.32,1.16,0.64,-0.23,-0.25,4.03,15.55
0.09,0.28,1.15,0.67,-0.27,-0.27,4.2,13.63
0.09,0.25,1.15,0.68,-0.32,-0.29,4.25,12.1
0.08,0.23,1.13,0.65,-0.36,-0.29,4.07,11.42
0.08,0.22,1.13,0.64,-0.42,-0.31,4.17,11.16
0.08,0.22,1.14,0.61,-0.5,-0.31,3.93,11.03
0.07,0.22,1.14,0.59,-0.55,-0.32,3.61,10.79
0.06,0.21,1.17,0.56,-0.62,-0.32,2.74,10.19
0.05,0.21,1.19,0.53,-0.68,-0.32,2.38,10.01
0.03,0.23,1.21,0.52,-0.73,-0.32,1.41,10.55
0.02,0.24,1.24,0.52,-0.78,-0.32,0.95,10.88
0.02,0.23,1.27,0.51,-0.8,-0.32,1.06,10.21
0.01,0.19,1.3,0.49,-0.82,-0.3,0.62,8.24
-0.01,0.17,1.33,0.49,-0.84,-0.27,-0.29,7.37
-0.02,0.18,1.36,0.48,-0.84,-0.22,-0.92,7.49
-0.02,0.21,1.39,0.46,-0.79,-0.2,-0.66,8.63
-0.0,0.23,1.4,0.45,-0.76,-0.16,-0.18,9.23
0.01,0.22,1.42,0.44,-0.72,-0.13,0.3,8.91
0.0,0.21,1.42,0.41,-0.71,-0.09,0.07,8.47
0.0,0.2,1.42,0.37,-0.72,-0.04,0.05,8.17
-0.0,0.22,1.4,0.29,-0.75,0.01,-0.11,9.03
0.0,0.24,1.4,0.22,-0.8,0.05,0.09,9.61
0.01,0.24,1.41,0.13,-0.87,0.09,0.53,9.59
0.03,0.25,1.43,0.02,-0.94,0.12,1.07,9.74
0.03,0.27,1.45,-0.07,-1.05,0.17,1.31,10.59
0.04,0.31,1.47,-0.13,-1.19,0.21,1.68,11.95
0.06,0.35,1.47,-0.2,-1.32,0.25,2.18,13.41
0.07,0.38,1.47,-0.24,-1.47,0.26,2.46,14.46
0.08,0.4,1.48,-0.29,-1.59,0.27,2.96,15.09
0.09,0.41,1.49,-0.31,-1.7,0.26,3.18,15.5
0.09,0.43,1.51,-0.34,-1.81,0.26,3.21,15.99
0.09,0.46,1.53,-0.36,-1.86,0.23,3.17,16.73
0.1,0.49,1.56,-0.34,-1.93,0.21,3.36,17.36
0.1,0.5,1.59,-0.31,-2.01,0.18,3.45,17.47
0.1,0.51,1.62,-0.25,-2.06,0.14,3.33,17.49
0.1,0.51,1.68,-0.17,-2.11,0.1,3.26,16.92
0.11,0.51,1.69,-0.08,-2.17,0.08,3.54,16.6
0.1,0.49,1.7,0.03,-2.21,0.03,3.33,15.91
0.09,0.46,1.71,0.13,-2.24,0.0,3.07,15.2
0.1,0.43,1.71,0.24,-2.27,-0.05,3.1,14.22
0.09,0.39,1.72,0.32,-2.3,-0.11,3.06,12.78
0.09,0.34,1.71,0.44,-2.33,-0.14,2.83,11.21
0.07,0.27,1.7,0.53,-2.38,-0.19,2.49,9.04
0.05,0.19,1.69,0.59,-2.43,-0.22,1.77,6.5
0.03,0.1,1.66,0.63,-2.46,-0.23,0.98,3.45
0.01,0.01,1.63,0.67,-2.53,-0.23,0.28,0.33
-0.01,-0.05,1.59,0.66,-2.58,-0.24,-0.37,-1.9
-0.02,-0.11,1.57,0.63,-2.63,-0.23,-0.74,-3.84
-0.04,-0.15,1.56,0.61,-2.66,-0.23,-1.53,-5.36
-0.08,-0.19,1.54,0.58,-2.72,-0.22,-2.8,-7.08
-0.1,-0.24,1.53,0.55,-2.77,-0.22,-3.61,-8.83
-0.12,-0.27,1.51,0.5,-2.82,-0.19,-4.38,-10.24
-0.15,-0.3,1.48,0.46,-2.83,-0.18,-5.49,-11.52
-0.15,-0.34,1.46,0.41,-2.86,-0.16,-5.55,-13.04
-0.17,-0.37,1.45,0.36,-2.88,-0.15,-6.49,-14.07
-0.2,-0.42,1.47,0.32,-2.92,-0.12,-7.49,-15.69
-0.22,-0.47,1.47,0.26,-2.96,-0.09,-8.09,-17.45
-0.23,-0.5,1.48,0.22,-2.96,-0.03,-8.32,-18.49
-0.22,-0.52,1.5,0.19,-2.95,0.04,-7.83,-19.12
-0.21,-0.54,1.5,0.17,-2.96,0.12,-7.67,-19.66
-0.21,-0.54,1.48,0.14,-2.93,0.18,-7.57,-19.96
-0.2,-0.54,1.46,0.14,-2.94,0.26,-7.41,-20.28
-0.2,-0.52,1.43,0.14,-2.96,0.32,-7.4,-19.79
-0.17,-0.49,1.4,0.16,-2.96,0.38,-6.71,-19.36
-0.15,-0.46,1.36,0.16,-2.96,0.4,-5.99,-18.8
-0.14,-0.45,1.3,0.17,-2.91,0.43,-5.78,-18.88
-0.14,-0.42,1.25,0.19,-2.91,0.44,-5.94,-18.6
-0.13,-0.42,1.21,0.2,-2.84,0.41,-6.0,-18.94
-0.13,-0.42,1.16,0.18,-2.81,0.4,-5.96,-19.89
-0.13,-0.43,1.1,0.18,-2.76,0.4,-6.24,-21.06
-0.13,-0.44,1.05,0.14,-2.73,0.38,-6.66,-22.59
-0.13,-0.46,1.0,0.11,-2.72,0.37,-6.92,-24.74
-0.14,-0.47,0.95,0.05,-2.68,0.37,-7.69,-26.09
-0.14,-0.47,0.91,-0.04,-2.66,0.39,-7.88,-27.05
-0.14,-0.46,0.89,-0.1,-2.65,0.4,-7.99,-27.19
-0.14,-0.44,0.86,-0.16,-2.63,0.4,-8.01,-26.81
-0.13,-0.41,0.86,-0.23,-2.61,0.39,-7.74,-25.48
-0.12,-0.38,0.85,-0.27,-2.58,0.37,-7.28,-23.8
-0.11,-0.34,0.84,-0.31,-2.52,0.32,-7.18,-22.08
-0.11,-0.32,0.82,-0.33,-2.49,0.28,-7.12,-20.81
-0.1,-0.3,0.8,-0.33,-2.39,0.22,-6.75,-20.06
-0.1,-0.29,0.76,-0.37,-2.29,0.16,-6.76,-20.49
-0.09,-0.29,0.72,-0.38,-2.19,0.09,-6.76,-21.39
-0.1,-0.28,0.7,-0.4,-2.08,0.03,-7.39,-21.93
-0.11,-0.28,0.68,-0.43,-1.97,-0.05,-8.35,-22.39
-0.11,-0.32,0.68,-0.48,-1.85,-0.11,-8.4,-24.45
-0.14,-0.37,0.7,-0.49,-1.83,-0.13,-9.75,-27.25
-0.17,-0.46,0.74,-0.52,-1.83,-0.14,-11.13,-31.38
-0.21,-0.56,0.77,-0.52,-1.92,-0.07,-12.39,-34.82
-0.23,-0.62,0.79,-0.53,-2.01,0.06,-13.0,-36.8
-0.24,-0.61,0.81,-0.53,-2.16,0.21,-13.37,-35.73
-0.22,-0.54,0.81,-0.5,-2.29,0.35,-12.63,-32.86
-0.19,-0.44,0.82,-0.46,-2.35,0.43,-11.82,-27.72
-0.17,-0.34,0.81,-0.41,-2.34,0.46,-11.06,-22.33
-0.15,-0.25,0.81,-0.33,-2.29,0.46,-9.8,-17.08
-0.12,-0.18,0.82,-0.23,-2.23,0.42,-8.42,-12.58
-0.11,-0.16,0.82,-0.14,-2.13,0.36,-7.77,-10.91
-0.1,-0.14,0.82,-0.06,-2.0,0.29,-6.7,-9.34
-0.1,-0.13,0.81,0.05,-1.86,0.22,-6.7,-9.33
-0.09,-0.15,0.79,0.17,-1.76,0.15,-6.63,-10.86
-0.11,-0.18,0.75,0.25,-1.66,0.11,-7.8,-13.29
-0.1,-0.2,0.71,0.32,-1.56,0.07,-7.97,-15.71
-0.11,-0.21,0.7,0.38,-1.49,0.07,-8.34,-16.84
-0.1,-0.22,0.67,0.44,-1.46,0.06,-8.1,-17.58
-0.1,-0.21,0.65,0.51,-1.4,0.07,-7.97,-17.7
-0.08,-0.19,0.61,0.56,-1.31,0.07,-6.99,-16.87
-0.08,-0.17,0.57,0.59,-1.27,0.06,-7.58,-16.78
-0.07,-0.15,0.52,0.6,-1.21,0.06,-7.7,-15.56
-0.06,-0.13,0.5,0.6,-1.18,0.06,-6.17,-14.59
-0.05,-0.11,0.49,0.58,-1.1,0.05,-5.42,-12.48
-0.04,-0.08,0.47,0.56,-1.03,0.04,-4.39,-9.38
-0.03,-0.04,0.44,0.57,-0.99,0.02,-3.45,-5.14
-0.02,0.01,0.42,0.55,-0.93,-0.0,-2.61,1.35
-0.04,0.03,0.4,0.52,-0.83,-0.06,-5.18,4.67
-0.04,0.05,0.39,0.48,-0.75,-0.12,-5.19,6.65
-0.04,0.04,0.37,0.45,-0.67,-0.18,-5.73,5.38
-0.05,0.03,0.39,0.41,-0.59,-0.21,-6.78,3.63
-0.05,0.0,0.38,0.39,-0.54,-0.25,-6.86,0.23
-0.05,-0.0,0.35,0.37,-0.48,-0.27,-7.9,-0.53
-0.07,0.0,0.33,0.32,-0.45,-0.28,-11.25,0.33
-0.09,0.01,0.32,0.27,-0.43,-0.28,-15.55,0.9
-0.1,0.01,0.3,0.21,-0.38,-0.3,-18.63,1.55
-0.09,-0.01,0.3,0.14,-0.37,-0.31,-17.33,-1.86
-0.1,-0.02,0.28,0.06,-0.35,-0.31,-18.51,-3.05
-0.11,-0.02,0.29,-0.01,-0.38,-0.28,-21.12,-3.64
-0.13,-0.04,0.32,-0.08,-0.39,-0.26,-22.68,-6.36
-0.15,-0.06,0.32,-0.13,-0.44,-0.23,-24.61,-10.02
-0.16,-0.1,0.34,-0.17,-0.49,-0.17,-24.16,-14.57
-0.18,-0.14,0.37,-0.23,-0.53,-0.1,-24.24,-18.39
-0.19,-0.18,0.4,-0.27,-0.6,-0.01,-23.61,-21.53
-0.2,-0.19,0.43,-0.29,-0.66,0.09,-23.3,-21.68
-0.19,-0.18,0.46,-0.32,-0.73,0.21,-21.17,-19.65
-0.17,-0.14,0.5,-0.32,-0.78,0.31,-18.08,-14.74
-0.15,-0.1,0.55,-0.31,-0.82,0.38,-14.95,-9.88
-0.14,-0.06,0.59,-0.31,-0.81,0.44,-12.88,-5.84
-0.13,-0.03,0.61,-0.27,-0.82,0.49,-11.66,-2.95
-0.12,0.0,0.65,-0.24,-0.8,0.52,-10.26,0.33
-0.1,0.05,0.68,-0.21,-0.74,0.53,-8.69,4.1
-0.09,0.1,0.72,-0.15,-0.69,0.53,-6.95,7.5
-0.08,0.13,0.75,-0.08,-0.62,0.52,-5.81,10.08
-0.07,0.18,0.75,0.01,-0.54,0.5,-4.87,13.23
-0.05,0.22,0.77,0.09,-0.46,0.46,-3.59,15.85
-0.04,0.25,0.78,0.16,-0.36,0.41,-2.89,18.0
-0.03,0.28,0.76,0.22,-0.28,0.37,-2.26,20.0
-0.03,0.3,0.74,0.28,-0.21,0.31,-2.09,22.12
-0.02,0.3,0.71,0.33,-0.14,0.25,-1.41,22.72
-0.02,0.28,0.72,0.36,-0.08,0.21,-1.24,21.4
-0.01,0.28,0.72,0.39,-0.06,0.18,-0.74,21.26
-0.01,0.26,0.71,0.42,-0.02,0.15,-0.42,20.13
-0.02,0.23,0.7,0.44,-0.07,0.12,-1.82,18.34
-0.05,0.19,0.68,0.44,-0.11,0.12,-4.23,15.5
-0.07,0.15,0.68,0.42,-0.17,0.15,-5.96,12.58
-0.07,0.14,0.69,0.42,-0.25,0.19,-6.04,11.4
-0.07,0.14,0.72,0.42,-0.33,0.23,-5.07,11.05
-0.05,0.15,0.75,0.43,-0.37,0.24,-3.8,11.42
-0.04,0.17,0.76,0.43,-0.38,0.26,-3.11,12.85
-0.04,0.19,0.78,0.45,-0.39,0.24,-2.87,13.67
-0.04,0.2,0.79,0.46,-0.36,0.24,-2.58,14.55
-0.03,0.21,0.79,0.48,-0.34,0.21,-2.23,15.15
-0.02,0.23,0.78,0.47,-0.31,0.18,-1.48,16.6
-0.03,0.23,0.75,0.47,-0.29,0.14,-2.04,17.14
-0.03,0.2,0.74,0.45,-0.28,0.11,-2.35,14.78
-0.04,0.14,0.73,0.41,-0.26,0.09,-2.82,11.19
-0.04,0.11,0.74,0.35,-0.22,0.09,-3.02,8.4
-0.02,0.07,0.76,0.33,-0.2,0.1,-1.78,5.48
-0.02,0.07,0.77,0.31,-0.19,0.12,-1.13,5.26
-0.0,0.08,0.78,0.28,-0.14,0.12,-0.32,5.55
0.0,0.1,0.76,0.25,-0.13,0.13,0.15,7.21
-0.01,0.1,0.78,0.21,-0.09,0.12,-0.48,7.12
-0.01,0.08,0.8,0.16,-0.1,0.1,-0.63,5.82
-0.01,0.08,0.83,0.14,-0.1,0.12,-0.86,5.57
0.0,0.08,0.85,0.09,-0.07,0.11,0.07,5.56
0.01,0.07,0.88,0.08,-0.1,0.11,0.33,4.77
0.01,0.08,0.89,0.06,-0.12,0.1,0.57,5.39
0.01,0.09,0.9,0.05,-0.13,0.08,0.33,5.71
-0.0,0.08,0.91,0.02,-0.13,0.06,-0.06,5.13
-0.01,0.08,0.92,0.02,-0.15,0.07,-0.45,5.14
-0.01,0.07,0.92,0.0,-0.14,0.05,-0.44,4.56
-0.01,0.06,0.94,0.0,-0.16,0.06,-0.31,3.86
-0.02,0.05,0.94,-0.0,-0.16,0.05,-0.97,3.25
-0.02,0.05,0.95,-0.02,-0.17,0.05,-1.42,2.77
-0.03,0.04,0.96,-0.02,-0.2,0.07,-1.75,2.39
-0.03,0.03,0.98,0.01,-0.21,0.06,-1.54,1.79
-0.02,0.03,1.0,0.03,-0.18,0.06,-1.19,1.56
-0.01,0.03,1.01,0.06,-0.15,0.08,-0.69,1.5
-0.01,0.02,1.0,0.11,-0.12,0.08,-0.36,1.37
-0.0,0.03,0.99,0.14,-0.07,0.08,-0.26,1.67
-0.01,0.04,0.98,0.16,-0.04,0.08,-0.46,2.31
-0.02,0.04,0.97,0.15,0.02,0.07,-0.9,2.58
-0.02,0.05,0.97,0.17,0.03,0.06,-1.25,2.76
-0.02,0.04,0.98,0.19,0.03,0.06,-1.24,2.08
-0.03,0.02,0.97,0.2,0.05,0.06,-1.52,1.0
-0.04,-0.02,0.97,0.23,0.07,0.09,-2.45,-0.99
-0.05,-0.04,0.95,0.25,0.05,0.12,-2.75,-2.51
-0.05,-0.05,0.95,0.3,0.05,0.16,-3.12,-2.94
-0.07,-0.04,0.94,0.32,0.05,0.2,-4.03,-2.16
-0.07,-0.02,0.94,0.36,0.06,0.23,-4.53,-1.45
-0.07,0.01,0.93,0.38,0.08,0.26,-4.47,0.36
-0.06,0.02,0.94,0.43,0.09,0.27,-3.71,1.25
-0.05,0.06,0.93,0.47,0.1,0.27,-3.05,3.6
-0.04,0.1,0.92,0.5,0.14,0.25,-2.55,6.13
-0.04,0.13,0.89,0.54,0.17,0.23,-2.75,8.34
-0.04,0.15,0.86,0.56,0.2,0.18,-2.77,9.75
-0.04,0.15,0.85,0.55,0.24,0.15,-2.59,9.99
-0.03,0.16,0.81,0.54,0.27,0.11,-2.15,11.25
-0.03,0.15,0.77,0.51,0.28,0.08,-2.46,11.3
-0.03,0.15,0.75,0.48,0.29,0.07,-2.25,11.2
-0.03,0.15,0.72,0.44,0.28,0.06,-2.61,11.9
-0.03,0.16,0.7,0.39,0.29,0.04,-2.76,13.2
-0.03,0.17,0.68,0.31,0.27,0.04,-2.62,14.06
-0.04,0.17,0.67,0.24,0.26,0.02,-3.3,14.3
-0.04,0.17,0.67,0.16,0.23,0.0,-3.1,14.39
-0.03,0.17,0.68,0.07,0.23,-0.02,-2.82,13.71
-0.03,0.17,0.71,-0.03,0.2,-0.01,-2.46,13.48
-0.03,0.16,0.74,-0.09,0.16,-0.02,-2.06,12.35
-0.03,0.16,0.79,-0.13,0.12,-0.04,-1.89,11.48
-0.03,0.16,0.82,-0.18,0.1,-0.06,-1.97,10.96
-0.03,0.14,0.85,-0.2,0.05,-0.06,-1.68,9.02
-0.03,0.12,0.87,-0.21,0.05,-0.07,-2.21,8.04
-0.02,0.1,0.91,-0.19,0.05,-0.08,-1.3,6.52
-0.01,0.1,0.95,-0.17,0.1,-0.1,-0.55,6.27
-0.02,0.1,0.95,-0.12,0.14,-0.11,-1.02,6.26
-0.01,0.09,0.96,-0.07,0.2,-0.13,-0.74,5.62
-0.0,0.08,0.94,0.0,0.26,-0.15,-0.25,4.94
-0.02,0.06,0.92,0.03,0.35,-0.18,-0.96,4.03
-0.03,0.04,0.89,0.08,0.41,-0.18,-1.97,2.59
-0.03,0.03,0.87,0.11,0.45,-0.18,-2.3,1.65
-0.03,0.02,0.84,0.12,0.49,-0.16,-2.12,1.3
-0.03,0.02,0.83,0.12,0.5,-0.13,-2.36,1.57
-0.04,0.04,0.82,0.09,0.53,-0.12,-2.7,2.44
-0.04,0.05,0.83,0.07,0.52,-0.1,-2.48,3.35
-0.03,0.05,0.83,0.06,0.52,-0.09,-2.18,3.57
-0.02,0.06,0.83,0.04,0.53,-0.11,-1.62,3.99
-0.02,0.07,0.85,0.01,0.54,-0.11,-1.29,4.91
-0.02,0.08,0.86,0.0,0.54,-0.12,-1.06,5.57
-0.02,0.08,0.87,0.01,0.52,-0.13,-1.3,5.46
-0.01,0.08,0.87,-0.0,0.52,-0.14,-0.89,5.01
-0.03,0.06,0.88,-0.02,0.51,-0.16,-1.63,3.62
-0.03,0.05,0.88,-0.02,0.51,-0.16,-1.99,2.94
-0.03,0.03,0.9,-0.01,0.5,-0.16,-2.2,2.18
-0.03,0.03,0.92,-0.01,0.5,-0.16,-1.96,1.85
-0.04,0.03,0.93,0.01,0.52,-0.17,-2.64,1.72
-0.05,0.01,0.96,0.05,0.52,-0.16,-3.08,0.85
-0.05,0.01,0.97,0.15,0.68,-0.32,-2.82,0.51
-0.04,0.02,0.97,0.15,0.52,-0.14,-2.53,1.1
-0.04,0.03,0.96,0.19,0.57,-0.16,-2.1,2.08
-0.04,0.05,0.95,0.24,0.61,-0.17,-2.13,2.81
-0.04,0.06,0.92,0.28,0.67,-0.19,-2.31,3.7
-0.04,0.07,0.9,0.32,0.7,-0.22,-2.62,4.27
-0.04,0.07,0.88,0.33,0.79,-0.25,-2.76,4.28
-0.05,0.06,0.85,0.33,0.85,-0.26,-3.41,4.11
-0.05,0.04,0.83,0.32,0.89,-0.29,-3.74,2.92
-0.07,0.02,0.8,0.3,0.87,-0.27,-4.76,1.33
-0.08,-0.01,0.78,0.24,0.87,-0.27,-6.17,-0.62
-0.09,-0.02,0.76,0.18,0.81,-0.24,-6.56,-1.7
-0.08,-0.03,0.77,0.16,0.9,-0.35,-6.19,-2.0
-0.09,-0.02,0.78,0.04,0.68,-0.17,-6.25,-1.35
-0.08,-0.01,0.8,-0.03,0.62,-0.17,-5.94,-0.36
-0.07,0.01,0.84,-0.08,0.58,-0.16,-4.93,0.6
-0.06,0.03,0.86,-0.1,0.53,-0.16,-4.3,1.69
-0.04,0.04,0.87,-0.12,0.51,-0.16,-2.94,2.67
-0.04,0.05,0.87,-0.14,0.52,-0.19,-2.47,3.19
-0.04,0.05,0.86,-0.15,0.53,-0.21,-2.62,3.64
-0.05,0.05,0.86,-0.17,0.55,-0.23,-3.07,3.25
-0.05,0.03,0.88,-0.19,0.57,-0.26,-3.16,1.98
-0.05,0.0,0.88,-0.2,0.6,-0.28,-3.17,0.13
-0.05,-0.02,0.89,-0.21,0.61,-0.28,-3.13,-1.38
-0.06,-0.04,0.9,-0.21,0.63,-0.27,-3.93,-2.82
-0.07,-0.05,0.91,-0.21,0.67,-0.25,-4.45,-3.34
-0.07,-0.06,0.93,-0.22,0.71,-0.24,-4.08,-3.56
-0.06,-0.06,0.97,-0.2,0.75,-0.23,-3.64,-3.61
-0.06,-0.08,1.0,-0.17,0.76,-0.2,-3.5,-4.54
-0.06,-0.07,1.01,-0.11,0.76,-0.19,-3.5,-4.19
-0.06,-0.06,1.02,-0.06,0.77,-0.17,-3.46,-3.53
-0.05,-0.04,1.01,-0.03,0.8,-0.16,-2.84,-2.38
-0.05,-0.02,1.0,0.02,0.81,-0.15,-2.93,-0.97
-0.05,-0.0,1.0,0.05,0.84,-0.17,-2.65,-0.24
-0.05,-0.0,0.99,0.12,0.86,-0.17,-3.17,-0.08
-0.04,-0.0,0.94,0.14,0.91,-0.2,-2.49,-0.3
-0.03,-0.0,0.89,0.14,0.92,-0.2,-2.26,-0.24
-0.04,-0.0,0.83,0.12,0.92,-0.21,-3.05,-0.16
-0.07,-0.01,0.8,0.07,0.9,-0.21,-5.11,-0.95
-0.06,-0.01,0.79,-0.02,0.9,-0.21,-4.63,-0.61
-0.07,-0.01,0.79,-0.08,0.85,-0.21,-4.82,-0.42
-0.05,-0.01,0.79,-0.15,0.81,-0.21,-3.81,-0.39
-0.05,-0.01,0.8,-0.22,0.75,-0.23,-3.43,-0.9
-0.05,-0.03,0.8,-0.3,0.7,-0.23,-3.66,-1.85
-0.05,-0.04,0.81,-0.37,0.63,-0.22,-3.49,-2.64
-0.05,-0.05,0.84,-0.45,0.6,-0.22,-3.52,-3.67
-0.05,-0.07,0.88,-0.49,0.54,-0.21,-2.98,-4.8
-0.04,-0.09,0.93,-0.51,0.54,-0.19,-2.68,-5.52
-0.04,-0.09,0.98,-0.52,0.54,-0.17,-2.37,-5.02
-0.04,-0.08,1.03,-0.49,0.55,-0.16,-1.97,-4.23
-0.04,-0.06,1.08,-0.44,0.59,-0.17,-1.88,-3.35
-0.04,-0.05,1.12,-0.36,0.63,-0.17,-1.98,-2.36
-0.03,-0.03,1.14,-0.25,0.71,-0.17,-1.71,-1.49
-0.03,-0.01,1.16,-0.13,0.81,-0.19,-1.59,-0.61
-0.03,0.0,1.14,-0.02,0.92,-0.21,-1.7,0.08
-0.04,0.01,1.12,0.13,1.01,-0.25,-2.3,0.61
-0.06,0.01,1.07,0.23,1.09,-0.27,-3.3,0.52
-0.07,-0.01,1.04,0.33,1.16,-0.3,-3.64,-0.63
-0.07,-0.04,0.95,0.41,1.19,-0.32,-4.14,-2.13
-0.06,-0.07,0.87,0.43,1.21,-0.31,-4.11,-4.66
-0.08,-0.11,0.78,0.38,1.24,-0.3,-5.99,-7.75
-0.08,-0.11,0.73,0.29,1.23,-0.28,-6.17,-8.67
-0.07,-0.13,0.72,0.2,1.19,-0.26,-5.68,-10.43
-0.08,-0.14,0.69,0.07,1.15,-0.24,-6.44,-11.64
-0.08,-0.15,0.69,-0.08,1.08,-0.21,-6.36,-12.15
-0.07,-0.15,0.7,-0.24,1.01,-0.18,-5.77,-12.29
-0.07,-0.13,0.74,-0.39,0.92,-0.14,-5.22,-10.31
-0.05,-0.1,0.8,-0.52,0.86,-0.11,-3.64,-7.02
-0.04,-0.06,0.89,-0.63,0.82,-0.1,-2.32,-3.77
-0.02,-0.02,0.99,-0.65,0.75,-0.1,-1.16,-1.36
-0.01,0.01,1.09,-0.64,0.72,-0.11,-0.55,0.6
-0.0,0.04,1.16,-0.55,0.72,-0.13,-0.21,1.81
0.0,0.07,1.22,-0.42,0.75,-0.16,0.2,3.25
0.01,0.1,1.24,-0.27,0.81,-0.19,0.61,4.4
0.01,0.1,1.23,-0.08,0.91,-0.25,0.27,4.81
-0.0,0.1,1.2,0.1,1.0,-0.29,-0.12,4.77
-0.01,0.06,1.14,0.24,1.12,-0.34,-0.67,3.06
-0.03,0.01,1.06,0.35,1.19,-0.36,-1.69,0.5
-0.05,-0.04,0.97,0.42,1.22,-0.37,-3.17,-2.19
-0.08,-0.08,0.91,0.43,1.24,-0.37,-4.97,-5.15
-0.09,-0.12,0.86,0.41,1.23,-0.35,-5.64,-8.21
-0.09,-0.15,0.82,0.35,1.19,-0.31,-5.9,-9.94
-0.09,-0.15,0.82,0.29,1.12,-0.27,-6.39,-10.13
-0.08,-0.14,0.83,0.22,1.08,-0.23,-5.49,-9.3
-0.08,-0.12,0.85,0.15,1.0,-0.2,-5.14,-8.03
-0.06,-0.1,0.87,0.09,0.97,-0.19,-3.88,-6.26
-0.03,-0.04,0.92,0.07,0.92,-0.19,-1.86,-2.7
-0.02,-0.02,0.97,0.07,0.89,-0.2,-1.01,-1.31
0.0,0.01,1.0,0.1,0.89,-0.23,0.26,0.32
-0.0,0.02,0.99,0.15,0.91,-0.26,-0.17,1.24
-0.0,-0.01,0.96,0.2,0.91,-0.29,-0.03,-0.55
-0.0,-0.04,0.91,0.19,0.94,-0.33,-0.31,-2.29
-0.03,-0.06,0.89,0.17,1.01,-0.38,-1.78,-3.85
-0.05,-0.08,0.9,0.14,1.05,-0.4,-2.91,-4.9
-0.06,-0.09,0.91,0.1,1.07,-0.42,-3.5,-5.91
-0.06,-0.1,0.93,0.19,1.32,-0.63,-3.62,-6.17
-0.07,-0.11,0.96,0.06,1.1,-0.43,-3.87,-6.31
-0.07,-0.11,0.98,0.07,1.08,-0.4,-4.06,-6.24
-0.06,-0.1,0.99,0.07,1.05,-0.4,-3.59,-5.7
-0.06,-0.09,1.01,0.09,1.02,-0.38,-3.54,-5.29
-0.06,-0.09,1.01,0.09,1.05,-0.39,-3.31,-5.29
-0.06,-0.1,1.01,0.11,1.05,-0.38,-3.28,-5.41
-0.07,-0.09,1.0,0.14,1.14,-0.45,-3.8,-4.94
-0.07,-0.08,0.98,0.12,1.06,-0.36,-3.89,-4.7
-0.07,-0.08,0.97,0.13,1.09,-0.37,-4.35,-4.76
-0.08,-0.08,0.96,0.11,1.11,-0.38,-4.67,-5.06
-0.08,-0.09,0.96,0.09,1.12,-0.38,-4.96,-5.22
-0.09,-0.09,0.95,0.06,1.11,-0.38,-5.26,-5.21
-0.09,-0.09,0.96,0.03,1.12,-0.39,-5.44,-5.14
-0.09,-0.11,0.96,-0.01,1.12,-0.38,-5.39,-6.23
-0.09,-0.13,0.94,-0.06,1.12,-0.37,-5.54,-7.7
-0.1,-0.15,0.92,-0.11,1.09,-0.35,-6.19,-9.44
-0.11,-0.17,0.92,-0.21,1.07,-0.31,-6.67,-10.57
-0.11,-0.16,0.92,-0.28,1.02,-0.28,-6.54,-9.94
-0.09,-0.14,0.95,-0.38,0.99,-0.26,-5.39,-8.11
-0.08,-0.11,0.98,-0.45,0.94,-0.23,-4.42,-6.16
-0.06,-0.09,1.01,-0.48,0.91,-0.22,-3.57,-5.06
-0.06,-0.08,1.04,-0.51,0.89,-0.21,-3.12,-4.41
-0.05,-0.07,1.06,-0.54,0.87,-0.19,-2.96,-3.85
-0.04,-0.05,1.09,-0.54,0.85,-0.17,-2.17,-2.65
-0.03,-0.02,1.11,-0.54,0.85,-0.17,-1.42,-1.07
-0.01,0.0,1.12,-0.52,0.86,-0.18,-0.6,0.19
-0.01,0.04,1.13,-0.48,0.88,-0.19,-0.28,1.95
-0.01,0.05,1.13,-0.43,0.91,-0.22,-0.48,2.4
-0.01,0.04,1.13,-0.4,0.95,-0.25,-0.58,1.85
-0.03,0.02,1.13,-0.38,1.01,-0.28,-1.28,1.09
-0.04,0.0,1.14,-0.36,1.05,-0.28,-1.84,0.18
-0.04,0.0,1.15,-0.33,1.09,-0.29,-1.93,0.2
-0.05,0.01,1.17,-0.3,1.09,-0.28,-2.3,0.28
-0.05,0.0,1.19,-0.26,1.11,-0.28,-2.58,0.17
-0.06,-0.01,1.2,-0.25,1.11,-0.26,-2.73,-0.25
-0.05,-0.01,1.19,-0.21,1.11,-0.25,-2.28,-0.67
-0.05,-0.0,1.19,-0.18,1.1,-0.23,-2.31,-0.12
-0.05,0.01,1.18,-0.18,1.1,-0.22,-2.41,0.37
-0.05,0.03,1.17,-0.17,1.08,-0.2,-2.28,1.64
-0.03,0.05,1.17,-0.16,1.07,-0.2,-1.64,2.34
-0.03,0.05,1.15,-0.14,1.05,-0.2,-1.38,2.49
-0.03,0.04,1.14,-0.14,1.04,-0.22,-1.45,1.78
-0.03,0.02,1.11,-0.18,1.03,-0.22,-1.75,0.92
-0.05,0.01,1.11,-0.22,0.99,-0.21,-2.83,0.41
-0.04,0.01,1.11,-0.24,0.94,-0.19,-1.81,0.37
-0.04,0.02,1.12,-0.27,0.9,-0.18,-1.91,0.91
-0.04,0.04,1.13,-0.3,0.88,-0.17,-2.01,1.88
-0.04,0.06,1.14,-0.3,0.81,-0.16,-1.87,3.17
-0.04,0.09,1.15,-0.3,0.8,-0.16,-1.79,4.4
-0.04,0.12,1.16,-0.24,0.76,-0.17,-1.87,5.83
-0.04,0.14,1.16,-0.19,0.77,-0.19,-1.8,6.7
-0.03,0.13,1.16,-0.13,0.77,-0.2,-1.47,6.39
-0.03,0.13,1.15,0.01,0.96,-0.39,-1.51,6.63
-0.02,0.13,1.13,0.03,0.84,-0.26,-1.15,6.43
-0.03,0.1,1.13,0.06,0.92,-0.28,-1.35,5.11
-0.04,0.08,1.12,0.12,0.94,-0.3,-1.81,4.14
-0.04,0.06,1.11,0.17,0.96,-0.31,-2.01,3.15
-0.04,0.03,1.08,0.18,0.97,-0.33,-2.18,1.69
-0.04,0.0,1.05,0.18,0.98,-0.33,-2.33,0.23
-0.07,-0.02,1.03,0.16,0.98,-0.32,-3.67,-1.02
-0.06,-0.03,1.01,0.14,0.98,-0.32,-3.64,-1.48
-0.07,-0.03,1.0,0.12,0.95,-0.3,-3.81,-1.48
-0.07,-0.03,0.99,0.08,0.98,-0.3,-4.04,-1.66
-0.08,-0.03,0.99,0.03,0.97,-0.3,-4.43,-1.9
-0.09,-0.05,0.99,-0.01,0.94,-0.29,-5.19,-2.83
-0.1,-0.05,1.0,-0.05,0.91,-0.27,-5.57,-3.07
-0.1,-0.05,1.0,-0.11,0.9,-0.26,-5.54,-2.77
-0.09,-0.04,1.01,-0.14,0.86,-0.24,-4.96,-2.3
-0.09,-0.05,1.03,-0.16,0.82,-0.22,-4.78,-2.97
-0.08,-0.06,1.04,-0.2,0.77,-0.2,-4.57,-3.06
-0.08,-0.05,1.05,-0.26,0.79,-0.19,-4.41,-2.63
-0.07,-0.04,1.07,-0.28,0.77,-0.17,-4.01,-2.08
-0.07,-0.02,1.07,-0.3,0.76,-0.15,-3.87,-1.15
-0.07,-0.0,1.09,-0.31,0.76,-0.14,-3.61,-0.24
-0.06,0.01,1.1,-0.33,0.77,-0.13,-3.33,0.76
-0.07,0.03,1.12,-0.33,0.8,-0.11,-3.46,1.68
-0.07,0.05,1.13,-0.28,0.8,-0.11,-3.48,2.55
-0.06,0.06,1.14,-0.26,0.83,-0.1,-3.03,3.12
-0.05,0.07,1.14,-0.24,0.84,-0.09,-2.44,3.53
-0.06,0.07,1.13,-0.22,0.88,-0.09,-2.86,3.51
-0.05,0.09,1.13,-0.17,0.88,-0.08,-2.52,4.64
-0.05,0.1,1.13,-0.13,0.88,-0.08,-2.31,4.85
-0.05,0.1,1.12,-0.11,0.9,-0.07,-2.48,5.04
-0.04,0.1,1.1,-0.1,0.92,-0.06,-2.19,5.05
-0.04,0.1,1.08,-0.05,0.9,-0.06,-2.25,5.3
-0.04,0.11,1.06,-0.04,0.9,-0.07,-2.02,5.78
-0.05,0.11,1.04,-0.04,0.89,-0.09,-2.48,6.0
-0.03,0.1,1.04,-0.01,0.88,-0.1,-1.53,5.63
-0.02,0.08,1.02,-0.01,0.86,-0.12,-1.33,4.73
-0.02,0.07,1.01,-0.01,0.83,-0.14,-1.4,3.73
-0.04,0.04,1.01,-0.03,0.82,-0.15,-2.29,2.16
-0.05,0.02,1.01,-0.04,0.82,-0.16,-2.75,0.91
-0.05,0.0,1.01,-0.06,0.79,-0.15,-3.04,0.09
-0.05,-0.02,1.01,-0.09,0.76,-0.13,-2.89,-1.11
-0.05,-0.03,1.0,-0.13,0.76,-0.13,-3.05,-1.78
-0.07,-0.04,1.0,-0.17,0.76,-0.12,-4.13,-2.49
-0.08,-0.05,1.02,-0.21,0.75,-0.08,-4.65,-3.03
-0.08,-0.03,1.04,-0.25,0.72,-0.06,-4.26,-1.9
-0.07,-0.02,1.04,-0.28,0.72,-0.02,-3.89,-1.13
-0.06,0.02,1.04,-0.29,0.72,0.01,-3.28,1.07
-0.07,0.04,1.05,-0.31,0.71,0.03,-3.54,2.23
-0.05,0.07,1.05,-0.3,0.7,0.04,-2.75,3.96
-0.05,0.09,1.04,-0.3,0.71,0.04,-2.81,4.97
-0.04,0.09,1.04,-0.3,0.72,0.03,-2.37,5.06
-0.04,0.09,1.04,-0.31,0.73,0.03,-2.11,4.88
-0.03,0.08,1.05,-0.33,0.71,0.02,-1.41,4.42
-0.02,0.09,1.05,-0.33,0.69,0.02,-1.14,4.63
-0.01,0.1,1.06,-0.35,0.68,0.02,-0.79,5.1
-0.02,0.09,1.07,-0.35,0.67,0.0,-0.84,5.06
-0.02,0.11,1.09,-0.36,0.65,0.01,-0.88,5.8
-0.02,0.11,1.1,-0.37,0.62,0.01,-0.93,5.87
-0.02,0.13,1.13,-0.36,0.6,0.01,-0.8,6.81
-0.01,0.15,1.14,-0.35,0.59,0.03,-0.61,7.47
-0.01,0.16,1.13,-0.29,0.56,0.04,-0.53,7.99
-0.01,0.18,1.13,-0.25,0.54,0.03,-0.64,9.22
-0.02,0.18,1.12,-0.2,0.56,0.02,-0.83,9.28
-0.02,0.18,1.11,-0.15,0.57,0.01,-0.9,9.34
-0.02,0.17,1.1,-0.09,0.57,0.0,-1.0,8.79
-0.02,0.15,1.09,-0.04,0.58,-0.02,-1.04,7.97
-0.02,0.12,1.07,-0.01,0.57,-0.03,-1.0,6.52
-0.03,0.09,1.07,0.01,0.58,-0.03,-1.55,4.81
-0.03,0.06,1.05,0.03,0.57,-0.02,-1.9,3.0
-0.04,0.02,1.04,0.02,0.56,-0.01,-2.1,1.15
-0.04,-0.01,1.03,-0.01,0.57,-0.0,-2.26,-0.62
-0.04,-0.04,1.02,-0.07,0.57,0.02,-2.22,-2.06
-0.04,-0.04,1.01,-0.14,0.56,0.05,-2.24,-2.03
-0.04,-0.02,1.01,-0.12,0.75,-0.11,-2.19,-1.05
-0.04,0.0,1.01,-0.26,0.54,0.1,-2.08,0.06
-0.03,0.04,1.01,-0.32,0.5,0.13,-1.46,2.39
-0.01,0.1,1.02,-0.37,0.47,0.15,-0.65,5.41
-0.01,0.14,1.03,-0.38,0.43,0.16,-0.47,7.74
-0.0,0.18,1.03,-0.37,0.39,0.14,-0.17,9.84
-0.0,0.21,1.05,-0.35,0.37,0.13,-0.22,11.28
-0.0,0.23,1.05,-0.31,0.35,0.11,-0.04,12.53
0.0,0.25,1.05,-0.27,0.32,0.1,0.05,13.41
-0.0,0.27,1.06,-0.21,0.31,0.08,-0.09,14.28
-0.0,0.27,1.06,-0.16,0.34,0.04,-0.04,14.18
-0.01,0.25,1.06,-0.1,0.35,0.01,-0.38,13.21
-0.01,0.23,1.06,-0.05,0.37,-0.01,-0.5,11.98
-0.02,0.19,1.05,0.04,0.36,-0.04,-0.86,10.1
-0.03,0.15,1.04,0.08,0.38,-0.07,-1.37,8.46
-0.04,0.11,1.03,0.1,0.39,-0.08,-2.09,6.28
-0.05,0.09,1.02,0.11,0.4,-0.11,-2.95,4.76
-0.06,0.07,1.02,0.12,0.39,-0.1,-3.49,3.75
-0.07,0.05,1.01,0.11,0.42,-0.11,-4.02,2.84
-0.07,0.04,1.01,0.09,0.42,-0.11,-4.19,1.98
-0.09,0.02,1.02,0.08,0.42,-0.12,-4.89,0.98
-0.09,0.01,1.04,0.06,0.4,-0.09,-5.06,0.46
-0.1,0.0,1.05,0.04,0.42,-0.08,-5.23,0.26
-0.1,-0.01,1.09,-0.01,0.46,-0.06,-5.11,-0.33
-0.09,0.02,1.09,-0.03,0.42,-0.01,-4.66,0.83
-0.08,0.02,1.13,-0.05,0.37,0.03,-3.84,1.18
-0.07,0.03,1.14,-0.05,0.35,0.05,-3.34,1.34
-0.07,0.03,1.14,-0.09,0.33,0.09,-3.34,1.7
-0.06,0.04,1.14,-0.1,0.29,0.14,-3.24,2.04
-0.05,0.07,1.13,-0.1,0.25,0.17,-2.78,3.35
-0.04,0.09,1.11,-0.1,0.22,0.21,-2.25,4.55
-0.03,0.11,1.09,-0.12,0.22,0.23,-1.46,5.94
-0.01,0.13,1.08,-0.09,0.2,0.25,-0.68,7.14
-0.01,0.15,1.06,-0.08,0.22,0.24,-0.66,7.88
-0.0,0.16,1.04,-0.07,0.22,0.24,-0.03,8.87
0.01,0.16,1.01,-0.05,0.23,0.22,0.68,9.19
0.02,0.16,0.99,-0.05,0.25,0.21,0.93,9.07
0.02,0.15,0.97,-0.03,0.25,0.18,1.02,8.8
0.02,0.14,0.96,-0.03,0.25,0.17,1.29,8.47
0.03,0.14,0.95,-0.03,0.28,0.16,1.99,8.18
0.02,0.13,0.94,-0.04,0.27,0.15,1.43,7.88
0.03,0.12,0.95,-0.04,0.23,0.15,1.74,7.5
0.03,0.12,0.94,-0.06,0.23,0.13,1.86,7.04
0.04,0.11,0.95,-0.05,0.21,0.12,2.5,6.59
0.04,0.12,0.95,-0.05,0.18,0.11,2.21,7.05
0.04,0.12,0.94,-0.06,0.14,0.12,2.49,7.11
0.03,0.12,0.94,-0.05,0.1,0.12,2.1,7.02
0.03,0.12,0.93,-0.05,0.09,0.1,1.95,7.17
0.03,0.11,0.92,-0.04,0.06,0.1,1.79,6.93
0.02,0.1,0.9,-0.03,0.04,0.09,1.44,6.34
0.02,0.1,0.89,-0.02,0.01,0.07,0.97,6.21
0.01,0.08,0.87,-0.04,0.02,0.05,0.59,5.26
0.0,0.07,0.86,-0.05,-0.01,0.04,0.01,4.93
0.0,0.07,0.87,-0.05,-0.0,0.01,0.14,4.39
-0.0,0.05,0.87,-0.05,-0.02,0.01,-0.19,3.59
-0.0,0.04,0.86,-0.08,-0.0,-0.02,-0.06,2.62
-0.01,0.03,0.87,-0.1,-0.03,-0.02,-0.42,2.16
-0.01,0.02,0.87,-0.11,-0.04,-0.04,-0.89,1.37
-0.03,0.01,0.88,-0.12,-0.07,-0.05,-1.76,0.71
-0.03,0.0,0.89,-0.16,-0.07,-0.06,-1.71,0.15
-0.03,0.01,0.9,-0.2,-0.07,-0.05,-2.04,0.8
-0.04,0.02,0.91,-0.19,-0.08,-0.05,-2.23,1.24
-0.04,0.02,0.91,-0.2,-0.08,-0.05,-2.38,1.27
-0.04,0.03,0.91,-0.2,-0.1,-0.06,-2.53,1.9
-0.05,0.03,0.92,-0.21,-0.1,-0.06,-3.0,1.93
-0.05,0.03,0.93,-0.2,-0.1,-0.08,-3.23,2.09
-0.05,0.03,0.95,-0.19,-0.11,-0.07,-3.04,1.51
-0.05,0.03,0.96,-0.18,-0.1,-0.08,-2.96,1.87
-0.06,0.02,0.98,-0.16,-0.1,-0.06,-3.37,1.41
-0.06,0.03,0.99,-0.13,-0.09,-0.05,-3.41,1.71
-0.05,0.02,1.0,-0.1,-0.09,-0.04,-2.89,1.25
-0.06,0.03,1.01,-0.1,-0.05,-0.03,-3.48,1.58
-0.06,0.03,1.0,-0.07,-0.06,-0.02,-3.23,1.66
-0.06,0.04,1.01,-0.04,-0.03,-0.01,-3.33,2.01
-0.05,0.03,1.0,-0.0,-0.02,-0.0,-2.98,1.82
-0.05,0.04,0.99,0.01,-0.0,0.01,-3.01,2.32
-0.05,0.05,0.97,0.01,0.05,0.01,-3.03,2.82
-0.04,0.04,0.97,0.03,0.06,0.01,-2.18,2.51
-0.04,0.04,0.96,0.06,0.06,0.02,-2.13,2.53
-0.03,0.04,0.96,0.06,0.07,-0.01,-1.9,2.17
-0.05,0.03,0.96,0.06,0.09,-0.02,-2.77,1.73
-0.04,0.03,0.96,0.08,0.09,-0.02,-2.35,1.82
-0.03,0.02,0.95,0.09,0.1,-0.01,-1.99,1.29
-0.04,0.02,0.94,0.1,0.08,-0.01,-2.27,1.22
-0.03,0.01,0.95,0.07,0.1,-0.01,-1.58,0.43
-0.02,0.01,0.94,0.07,0.09,-0.01,-1.39,0.8
-0.03,0.01,0.95,0.08,0.09,-0.02,-1.55,0.58
-0.01,0.0,0.94,0.07,0.07,-0.02,-0.57,0.16
-0.02,-0.0,0.93,0.05,0.09,-0.02,-1.34,-0.01
-0.02,0.01,0.94,0.02,0.08,-0.02,-1.45,0.61
-0.02,0.01,0.94,0.02,0.06,-0.02,-1.28,0.32
-0.02,0.01,0.94,0.01,0.05,-0.02,-1.23,0.37
-0.03,0.0,0.95,0.0,0.02,-0.01,-1.62,0.3
-0.03,0.0,0.96,-0.03,0.03,0.0,-1.68,0.21
-0.03,0.01,0.96,-0.03,-0.01,0.01,-1.75,0.51
-0.03,0.02,0.96,-0.03,-0.04,0.01,-1.53,1.17
-0.03,0.03,0.94,-0.04,-0.03,0.01,-1.71,1.54
-0.02,0.03,0.94,-0.04,-0.03,0.01,-1.48,1.67
-0.03,0.03,0.94,-0.03,-0.04,0.0,-1.69,1.95
-0.03,0.03,0.94,-0.02,-0.05,0.0,-1.76,1.64
-0.03,0.02,0.94,-0.02,-0.03,-0.01,-1.61,1.4
-0.03,0.02,0.94,-0.03,-0.03,-0.01,-1.69,1.44
-0.03,0.02,0.94,-0.04,-0.02,-0.02,-2.03,1.45
-0.03,0.03,0.94,-0.04,-0.02,-0.02,-1.92,1.56
-0.04,0.02,0.94,-0.05,-0.0,-0.03,-2.24,1.43
-0.04,0.03,0.94,-0.05,0.02,-0.03,-2.56,1.64
-0.04,0.03,0.94,-0.06,0.0,-0.03,-2.66,1.81
-0.04,0.03,0.94,-0.05,-0.01,-0.03,-2.71,1.69
-0.05,0.03,0.94,-0.05,0.01,-0.04,-3.08,1.95
-0.05,0.03,0.95,-0.07,0.01,-0.05,-2.89,1.89
-0.05,0.03,0.94,-0.07,0.0,-0.04,-3.32,2.04
-0.05,0.04,0.95,-0.05,-0.02,-0.04,-3.16,2.25
-0.06,0.03,0.94,-0.06,-0.02,-0.05,-3.4,1.76
-0.06,0.03,0.94,-0.07,0.0,-0.05,-3.64,1.98
-0.07,0.03,0.96,-0.05,-0.03,-0.05,-3.97,1.96
-0.06,0.03,0.97,-0.05,-0.04,-0.04,-3.74,1.76
-0.06,0.03,0.97,-0.04,-0.03,-0.05,-3.76,1.8
-0.06,0.03,0.96,-0.03,-0.03,-0.04,-3.63,2.07
-0.06,0.03,0.96,-0.02,-0.03,-0.04,-3.8,2.02
-0.07,0.03,0.95,-0.02,-0.04,-0.04,-4.06,1.73
-0.07,0.03,0.96,-0.01,-0.03,-0.05,-4.15,1.58
-0.07,0.02,0.96,-0.01,-0.03,-0.04,-4.26,1.26
-0.07,0.03,0.97,-0.01,-0.01,-0.06,-4.09,1.64
-0.07,0.02,0.98,-0.01,-0.02,-0.04,-3.99,1.21
-0.07,0.01,0.97,-0.0,-0.01,-0.04,-4.22,0.76
-0.06,0.01,0.98,0.0,0.0,-0.03,-3.73,0.55
-0.07,0.01,0.97,0.02,0.01,-0.02,-3.87,0.58
-0.07,0.01,0.96,0.03,0.03,-0.02,-3.95,0.31
-0.06,0.01,0.95,0.03,0.02,-0.01,-3.85,0.62
-0.07,0.01,0.95,0.02,0.05,-0.02,-4.19,0.69
-0.06,0.0,0.94,0.02,0.04,-0.01,-3.57,0.29
-0.06,0.01,0.95,0.01,0.04,-0.01,-3.65,0.43
-0.06,0.01,0.94,0.01,0.04,-0.01,-3.76,0.73
-0.06,0.0,0.94,0.02,0.04,-0.02,-3.53,0.15
-0.06,0.0,0.94,-0.01,0.06,-0.01,-3.85,0.07
-0.06,-0.0,0.94,-0.0,0.04,-0.01,-3.62,-0.19
-0.06,-0.0,0.94,-0.01,0.02,-0.0,-3.36,-0.02
-0.06,0.0,0.95,-0.01,0.02,-0.0,-3.9,0.29
-0.06,-0.01,0.96,-0.02,0.01,0.01,-3.39,-0.41
-0.05,0.01,0.96,-0.05,-0.01,0.02,-3.18,0.55
-0.05,0.01,0.96,-0.03,-0.03,0.03,-2.95,0.63
-0.04,0.02,0.94,-0.03,-0.03,0.03,-2.66,1.16
-0.04,0.03,0.93,-0.04,-0.02,0.03,-2.75,1.54
-0.04,0.01,0.93,-0.05,-0.02,0.03,-2.73,0.91
-0.04,0.02,0.94,-0.04,-0.03,0.02,-2.71,1.38
-0.05,0.02,0.95,-0.04,-0.02,0.01,-2.81,1.13
-0.05,0.02,0.94,-0.06,-0.0,0.0,-2.77,1.03
-0.05,0.02,0.95,-0.05,-0.01,0.01,-2.78,0.92
-0.05,0.02,0.94,-0.04,-0.0,-0.0,-2.9,0.99
-0.05,0.02,0.95,-0.04,-0.01,0.01,-2.89,1.15
-0.05,0.02,0.94,-0.06,0.02,0.01,-2.8,1.2
-0.05,0.01,0.94,-0.07,0.03,0.0,-3.01,0.8
-0.05,0.02,0.94,-0.05,0.02,0.0,-2.78,1.28
-0.05,0.01,0.93,-0.04,0.01,-0.0,-2.86,0.89
-0.04,0.02,0.94,-0.04,0.04,-0.0,-2.64,1.21
-0.05,0.01,0.94,-0.06,0.03,0.0,-2.89,0.9
-0.04,0.02,0.95,-0.04,0.03,-0.0,-2.39,0.99
-0.04,0.02,0.96,-0.04,0.0,0.01,-2.32,0.95
-0.04,0.02,0.96,-0.07,0.02,0.0,-2.46,1.39
-0.04,0.02,0.95,-0.05,0.01,0.01,-2.6,1.22
-0.04,0.03,0.95,-0.05,0.0,0.01,-2.3,1.53
-0.04,0.03,0.94,-0.05,-0.0,0.0,-2.37,1.7
-0.05,0.02,0.94,-0.04,-0.02,0.02,-2.76,1.4
-0.05,0.03,0.94,-0.06,-0.0,-0.0,-2.76,1.57
-0.05,0.02,0.95,-0.04,-0.02,-0.0,-2.9,1.48
-0.04,0.03,0.95,-0.03,-0.02,0.0,-2.72,1.81
-0.04,0.02,0.95,-0.03,-0.01,-0.01,-2.7,1.28
-0.04,0.03,0.95,-0.02,-0.01,0.0,-2.57,1.53
-0.04,0.03,0.94,-0.03,-0.02,0.0,-2.59,1.54
-0.05,0.02,0.94,-0.02,-0.02,-0.01,-2.83,1.2
-0.05,0.02,0.94,-0.03,-0.01,-0.02,-2.98,1.27
-0.05,0.02,0.95,-0.03,0.0,-0.01,-2.77,1.28
-0.04,0.02,0.95,-0.03,0.01,-0.02,-2.43,1.37
-0.04,0.02,0.95,-0.02,-0.0,-0.01,-2.49,1.32
-0.05,0.03,0.95,-0.02,0.02,-0.02,-2.85,1.67
-0.04,0.02,0.95,-0.01,0.02,-0.02,-2.49,1.23
-0.05,0.02,0.95,-0.02,0.02,-0.03,-2.8,1.07
-0.05,0.02,0.95,-0.01,-0.0,-0.02,-3.07,1.08
-0.05,0.02,0.95,-0.01,-0.0,-0.03,-3.03,1.16
-0.05,0.01,0.96,-0.01,-0.0,-0.02,-2.94,0.76
-0.05,0.02,0.96,-0.01,-0.02,-0.01,-2.91,0.97
-0.06,0.01,0.96,0.0,-0.02,-0.01,-3.32,0.88
-0.05,0.02,0.96,0.01,-0.01,-0.02,-3.09,1.15
-0.05,0.01,0.95,-0.0,0.0,-0.01,-2.77,0.8
-0.05,0.01,0.94,-0.0,0.0,-0.01,-3.17,0.5
-0.05,0.01,0.95,0.01,0.0,-0.02,-3.22,0.81
-0.05,-0.01,0.94,0.0,0.01,-0.02,-3.06,-0.32
-0.05,0.02,0.94,-0.02,0.03,-0.02,-2.94,1.05
-0.05,0.0,0.94,-0.01,0.02,-0.01,-3.19,0.16
-0.05,0.01,0.93,-0.01,0.01,-0.01,-3.23,0.38
-0.05,0.0,0.94,-0.01,0.01,-0.02,-2.98,0.16
-0.05,0.01,0.93,-0.03,0.01,-0.02,-2.94,0.38
-0.05,0.0,0.94,-0.05,0.02,-0.02,-3.22,0.27
-0.05,0.01,0.95,-0.03,-0.0,-0.01,-3.09,0.53
-0.05,0.01,0.95,-0.02,-0.02,-0.01,-2.84,0.32
-0.05,0.01,0.95,-0.04,0.0,-0.01,-3.01,0.56
-0.05,0.01,0.96,-0.04,-0.02,0.01,-3.02,0.62
-0.05,0.01,0.95,-0.04,-0.01,0.02,-3.16,0.68
-0.05,0.01,0.95,-0.02,-0.02,0.01,-3.08,0.66
-0.05,0.01,0.95,-0.03,0.0,0.01,-3.13,0.68
-0.05,0.01,0.94,-0.03,-0.0,0.01,-3.26,0.75
-0.06,0.01,0.94,-0.02,-0.01,0.01,-3.66,0.75
-0.06,0.01,0.93,-0.06,-0.02,0.02,-3.42,0.66
-0.05,0.01,0.94,-0.05,0.0,0.01,-3.33,0.46
-0.05,0.01,0.94,-0.02,0.01,0.01,-3.31,0.32
-0.05,0.01,0.94,-0.04,0.02,0.01,-3.19,0.4
-0.05,0.01,0.94,-0.03,0.0,0.01,-3.23,0.37
-0.05,0.0,0.94,-0.05,0.01,-0.0,-3.07,0.25
-0.05,0.01,0.93,-0.05,0.01,0.0,-3.2,0.45
-0.05,0.0,0.94,-0.06,0.0,0.01,-3.07,0.2
-0.04,0.0,0.94,-0.06,-0.01,0.01,-2.57,0.23
-0.05,0.01,0.94,-0.09,0.01,-0.0,-2.84,0.48
-0.04,0.01,0.94,-0.07,-0.01,0.01,-2.66,0.87
-0.04,0.01,0.94,-0.09,0.0,0.01,-2.3,0.76
-0.04,0.02,0.94,-0.08,0.0,0.0,-2.47,1.25
-0.04,0.02,0.94,-0.09,0.02,-0.01,-2.61,1.21
-0.05,0.03,0.95,-0.1,0.03,0.0,-2.72,1.6
-0.05,0.02,0.95,-0.07,0.01,0.0,-2.81,1.37
-0.05,0.04,0.95,-0.07,-0.01,0.01,-2.9,2.11
-0.04,0.04,0.96,-0.06,0.0,-0.0,-2.48,2.16
-0.04,0.04,0.96,-0.06,0.0,0.01,-2.62,2.28
-0.04,0.04,0.95,-0.05,-0.01,0.02,-2.69,2.48
-0.04,0.04,0.95,-0.05,-0.0,0.01,-2.32,2.13
-0.04,0.03,0.94,-0.04,0.0,-0.01,-2.35,2.08
-0.04,0.04,0.95,-0.04,0.02,-0.01,-2.16,2.22
-0.04,0.03,0.93,-0.02,0.02,-0.01,-2.64,1.99
-0.04,0.02,0.93,-0.02,0.01,-0.02,-2.42,1.5
-0.04,0.02,0.94,-0.02,0.02,-0.02,-2.41,1.11
-0.04,0.02,0.94,-0.03,0.03,-0.04,-2.64,1.06
-0.04,0.01,0.93,-0.03,0.03,-0.03,-2.62,0.83
-0.04,0.02,0.95,-0.02,0.01,-0.04,-2.53,1.11
-0.04,0.01,0.94,-0.04,0.03,-0.03,-2.63,0.58
-0.04,0.01,0.94,-0.03,0.01,-0.04,-2.68,0.91
-0.05,0.01,0.94,-0.05,0.01,-0.03,-3.28,0.81
-0.05,0.01,0.95,-0.03,-0.0,-0.03,-3.03,0.36
-0.05,0.01,0.95,-0.04,-0.0,-0.03,-2.91,0.83
-0.05,0.01,0.94,-0.04,0.01,-0.03,-2.83,0.89
-0.05,0.02,0.95,-0.05,0.01,-0.02,-3.26,0.93
-0.04,0.02,0.95,-0.04,0.01,-0.03,-2.62,1.02
-0.05,0.02,0.94,-0.04,0.0,-0.02,-2.81,1.35
-0.05,0.01,0.94,-0.05,0.03,-0.03,-2.83,0.74
-0.04,0.02,0.95,-0.04,0.02,-0.02,-2.51,1.15
-0.05,0.01,0.96,-0.05,0.02,-0.03,-3.1,0.64
-0.04,0.01,0.95,-0.03,0.01,-0.03,-2.43,0.72
-0.04,0.01,0.96,-0.04,0.02,-0.04,-2.69,0.82
-0.04,0.01,0.96,-0.05,0.03,-0.03,-2.14,0.83
-0.04,0.01,0.96,-0.03,0.02,-0.03,-2.47,0.86
-0.04,0.01,0.96,-0.02,0.01,-0.03,-2.51,0.74
-0.05,0.01,0.96,-0.03,0.03,-0.03,-2.8,0.85
-0.05,0.01,0.96,-0.04,0.03,-0.03,-2.91,0.73
-0.05,0.01,0.95,-0.03,0.0,-0.02,-3.17,0.67
-0.05,0.02,0.96,-0.03,0.0,-0.02,-2.8,1.03
-0.05,0.01,0.95,-0.02,-0.0,-0.02,-3.0,0.61
-0.05,0.01,0.96,-0.04,0.01,-0.02,-3.07,0.62
-0.05,0.01,0.96,-0.03,-0.0,-0.01,-3.12,0.79
-0.05,0.02,0.96,-0.02,-0.01,-0.01,-2.96,1.15
-0.05,0.02,0.96,-0.02,0.01,-0.02,-3.01,1.19
-0.05,0.02,0.96,-0.02,0.01,-0.01,-2.93,1.43
-0.05,0.02,0.96,-0.04,-0.0,-0.0,-2.92,1.0
-0.05,0.01,0.96,-0.04,-0.01,-0.01,-2.79,0.5
-0.05,0.01,0.96,-0.06,0.0,-0.01,-3.04,0.43
-0.05,0.02,0.96,-0.08,-0.0,0.0,-2.86,1.25
-0.05,0.03,0.96,-0.09,-0.01,-0.01,-2.74,1.74
-0.04,0.04,0.97,-0.08,-0.04,0.01,-2.4,2.49
-0.04,0.05,0.97,-0.1,-0.04,-0.0,-2.49,3.13
-0.04,0.06,0.97,-0.1,-0.06,-0.0,-2.2,3.52
-0.04,0.07,0.98,-0.11,-0.08,0.0,-2.39,3.83
-0.04,0.07,0.99,-0.09,-0.1,0.0,-2.49,4.29
-0.04,0.09,1.0,-0.08,-0.1,-0.0,-2.27,5.24
-0.04,0.11,1.01,-0.07,-0.1,-0.0,-2.21,6.16
-0.04,0.11,1.02,-0.05,-0.11,-0.0,-2.08,6.34
-0.04,0.11,1.02,-0.04,-0.12,-0.01,-2.07,6.13
-0.04,0.1,1.02,-0.02,-0.11,-0.01,-2.34,5.82
-0.04,0.11,1.02,-0.0,-0.09,-0.0,-2.44,5.93
-0.05,0.11,1.02,0.01,-0.1,-0.01,-2.83,6.18
-0.05,0.11,1.02,0.02,-0.12,-0.01,-2.68,6.32
-0.04,0.1,1.02,0.02,-0.13,-0.02,-2.44,5.84
-0.05,0.1,1.02,-0.0,-0.15,-0.01,-2.66,5.38
-0.06,0.1,1.03,-0.0,-0.17,-0.0,-3.17,5.33
-0.06,0.11,1.03,-0.0,-0.18,0.01,-3.54,6.11
-0.06,0.13,1.04,-0.01,-0.19,0.01,-3.22,7.35
-0.06,0.14,1.05,0.01,-0.18,0.01,-3.06,7.86
-0.06,0.15,1.05,0.02,-0.17,0.0,-2.99,8.1
-0.06,0.16,1.05,0.03,-0.18,0.01,-3.25,8.38
-0.07,0.16,1.05,0.03,-0.17,0.01,-3.58,8.76
-0.07,0.17,1.06,0.03,-0.15,0.0,-3.83,9.09
-0.08,0.18,1.08,0.05,-0.15,0.0,-4.11,9.57
-0.07,0.17,1.07,0.08,-0.15,-0.0,-3.76,8.79
-0.06,0.16,1.08,0.08,-0.17,0.0,-3.3,8.59
-0.07,0.14,1.09,0.08,-0.17,0.01,-3.45,7.53
-0.07,0.12,1.08,0.06,-0.2,0.02,-3.59,6.28
-0.07,0.1,1.09,0.03,-0.25,0.04,-3.52,5.24
-0.07,0.08,1.1,-0.02,-0.28,0.06,-3.64,4.31
-0.08,0.1,1.11,-0.05,-0.34,0.09,-4.14,4.96
-0.07,0.11,1.14,-0.1,-0.38,0.13,-3.32,5.4
-0.07,0.12,1.15,-0.12,-0.43,0.16,-3.45,6.1
-0.07,0.14,1.17,-0.14,-0.47,0.19,-3.22,6.74
-0.08,0.16,1.19,-0.15,-0.49,0.22,-3.59,7.49
-0.08,0.17,1.22,-0.18,-0.47,0.25,-3.54,7.78
-0.06,0.18,1.24,-0.18,-0.47,0.28,-2.89,8.43
-0.06,0.2,1.27,-0.18,-0.46,0.32,-2.64,9.14
-0.06,0.22,1.28,-0.17,-0.42,0.34,-2.48,9.67
-0.06,0.24,1.29,-0.15,-0.39,0.37,-2.44,10.74
-0.05,0.26,1.29,-0.14,-0.38,0.39,-2.14,11.31
-0.05,0.27,1.28,-0.12,-0.39,0.41,-2.0,11.77
-0.05,0.28,1.27,-0.11,-0.41,0.44,-2.18,12.39
-0.04,0.29,1.26,-0.11,-0.42,0.46,-1.67,12.87
-0.04,0.29,1.25,-0.12,-0.48,0.47,-1.61,12.94
-0.03,0.29,1.25,-0.13,-0.56,0.49,-1.46,13.16
-0.03,0.3,1.27,-0.15,-0.62,0.48,-1.46,13.13
-0.02,0.31,1.28,-0.16,-0.68,0.5,-0.98,13.69
-0.01,0.33,1.29,-0.17,-0.75,0.51,-0.37,14.23
0.01,0.34,1.29,-0.18,-0.81,0.5,0.29,14.85
0.02,0.36,1.29,-0.16,-0.88,0.51,0.79,15.5
0.02,0.38,1.29,-0.18,-0.91,0.49,0.95,16.31
0.02,0.39,1.3,-0.18,-0.96,0.47,0.99,16.88
0.04,0.4,1.3,-0.15,-1.01,0.44,1.55,17.07
0.04,0.39,1.31,-0.13,-1.06,0.4,1.61,16.75
0.03,0.38,1.32,-0.13,-1.09,0.37,1.44,16.26
0.03,0.37,1.33,-0.13,-1.13,0.35,1.42,15.49
0.04,0.36,1.34,-0.11,-1.2,0.33,1.56,14.97
0.04,0.34,1.35,-0.1,-1.26,0.32,1.58,14.12
0.04,0.32,1.34,-0.1,-1.34,0.32,1.7,13.25
0.03,0.3,1.34,-0.11,-1.39,0.31,1.38,12.62
0.03,0.29,1.33,-0.1,-1.49,0.3,1.35,12.09
0.03,0.26,1.33,-0.12,-1.53,0.28,1.4,11.12
0.03,0.24,1.33,-0.14,-1.6,0.27,1.2,10.45
0.02,0.23,1.34,-0.17,-1.68,0.26,1.0,9.63
0.02,0.2,1.35,-0.17,-1.76,0.25,1.04,8.55
0.03,0.18,1.37,-0.2,-1.85,0.26,1.16,7.31
0.03,0.15,1.38,-0.21,-1.89,0.26,1.36,6.17
0.03,0.14,1.39,-0.23,-1.97,0.27,1.41,5.57
0.03,0.11,1.4,-0.25,-2.0,0.28,1.11,4.59
0.03,0.13,1.42,-0.26,-2.06,0.3,1.16,5.14
0.04,0.14,1.44,-0.25,-2.06,0.28,1.56,5.61
0.05,0.15,1.46,-0.24,-2.06,0.28,1.97,5.79
0.05,0.14,1.48,-0.18,-2.05,0.27,1.88,5.55
0.04,0.13,1.48,-0.13,-2.05,0.26,1.71,5.2
0.05,0.14,1.48,-0.1,-2.01,0.23,1.8,5.32
0.04,0.13,1.5,-0.05,-2.0,0.2,1.55,4.93
0.05,0.11,1.51,0.02,-2.02,0.18,1.74,4.08
0.03,0.08,1.5,0.05,-2.04,0.18,1.29,3.1
0.04,0.04,1.49,0.09,-2.12,0.18,1.51,1.61
0.03,0.02,1.48,0.13,-2.09,0.17,1.3,0.65
0.02,-0.01,1.44,0.19,-2.15,0.15,0.97,-0.22
0.02,-0.01,1.43,0.22,-2.2,0.16,0.86,-0.55
0.03,-0.03,1.4,0.25,-2.22,0.14,1.3,-1.27
0.03,-0.05,1.36,0.27,-2.26,0.13,1.08,-2.21
0.03,-0.07,1.36,0.29,-2.3,0.11,1.16,-3.0
0.02,-0.09,1.32,0.31,-2.3,0.08,0.98,-3.87
0.02,-0.12,1.3,0.33,-2.29,0.05,0.7,-5.46
0.01,-0.15,1.28,0.34,-2.3,0.04,0.62,-6.8
0.01,-0.19,1.26,0.36,-2.29,0.02,0.55,-8.56
0.0,-0.23,1.22,0.34,-2.29,0.01,0.03,-10.58
-0.01,-0.27,1.19,0.33,-2.26,-0.0,-0.45,-12.88
-0.01,-0.3,1.15,0.31,-2.25,-0.0,-0.53,-14.44
-0.02,-0.31,1.13,0.27,-2.25,0.01,-0.94,-15.4
-0.02,-0.32,1.1,0.24,-2.24,0.01,-1.23,-16.23
-0.04,-0.34,1.07,0.18,-2.23,0.01,-1.84,-17.46
-0.05,-0.35,1.06,0.13,-2.21,0.0,-2.45,-18.44
-0.06,-0.36,1.05,0.08,-2.22,0.02,-2.86,-18.66
-0.06,-0.36,1.05,0.02,-2.24,0.02,-3.22,-18.91
-0.06,-0.39,1.06,-0.02,-2.26,0.03,-3.15,-20.02
-0.07,-0.41,1.07,-0.06,-2.3,0.03,-3.6,-21.05
-0.09,-0.43,1.08,-0.09,-2.34,0.08,-4.36,-21.44
-0.08,-0.45,1.07,-0.1,-2.4,0.13,-4.18,-23.02
-0.09,-0.47,1.05,-0.1,-2.44,0.18,-4.57,-23.81
-0.09,-0.46,1.03,-0.16,-2.45,0.23,-4.75,-23.7
-0.11,-0.42,1.02,-0.17,-2.48,0.28,-5.52,-22.47
-0.1,-0.39,1.0,-0.18,-2.48,0.3,-5.44,-21.01
-0.1,-0.36,0.99,-0.2,-2.44,0.3,-5.21,-19.98
-0.09,-0.35,1.0,-0.21,-2.4,0.29,-5.04,-19.15
-0.1,-0.34,1.0,-0.23,-2.34,0.28,-5.26,-18.85
-0.09,-0.34,1.02,-0.2,-2.29,0.27,-4.89,-18.59
-0.09,-0.35,1.02,-0.19,-2.25,0.27,-4.97,-18.73
-0.1,-0.35,1.03,-0.19,-2.18,0.27,-5.06,-18.8
-0.1,-0.35,1.02,-0.16,-2.15,0.28,-5.26,-18.9
-0.1,-0.35,1.01,-0.14,-2.14,0.28,-5.47,-19.22
-0.1,-0.35,1.01,-0.12,-2.13,0.28,-5.38,-19.09
-0.1,-0.34,0.99,-0.12,-2.11,0.28,-5.17,-19.04
-0.1,-0.33,0.99,-0.12,-2.11,0.3,-5.34,-18.61
-0.1,-0.32,0.97,-0.09,-2.12,0.3,-5.35,-18.03
-0.09,-0.3,0.97,-0.09,-2.11,0.3,-5.14,-17.24
-0.08,-0.29,0.96,-0.08,-2.11,0.29,-4.63,-16.76
-0.08,-0.29,0.94,-0.06,-2.08,0.28,-4.51,-16.98
-0.08,-0.29,0.92,-0.04,-2.07,0.26,-4.82,-17.62
-0.09,-0.29,0.91,-0.02,-2.05,0.26,-5.38,-17.86
-0.09,-0.29,0.89,-0.03,-2.01,0.25,-5.33,-18.17
-0.09,-0.29,0.89,-0.02,-1.97,0.25,-5.33,-17.97
-0.08,-0.28,0.87,-0.02,-1.97,0.26,-5.3,-17.58
-0.09,-0.27,0.86,-0.01,-1.95,0.25,-5.45,-17.08
-0.08,-0.26,0.85,-0.01,-1.94,0.26,-5.42,-17.02
-0.08,-0.25,0.83,-0.01,-1.92,0.25,-5.55,-16.69
-0.08,-0.24,0.82,-0.02,-1.89,0.24,-5.56,-16.39
-0.09,-0.23,0.82,-0.0,-1.91,0.23,-5.84,-15.37
-0.09,-0.22,0.81,0.02,-1.89,0.22,-5.9,-15.35
-0.08,-0.23,0.81,0.02,-1.84,0.21,-5.62,-15.85
-0.07,-0.22,0.8,0.06,-1.82,0.22,-5.08,-15.01
-0.07,-0.19,0.8,0.08,-1.79,0.21,-4.74,-13.57
-0.07,-0.2,0.79,0.11,-1.74,0.18,-4.75,-14.35
-0.07,-0.2,0.78,0.14,-1.64,0.16,-5.03,-14.53
-0.07,-0.22,0.79,0.17,-1.61,0.17,-5.11,-15.26
-0.07,-0.21,0.79,0.21,-1.55,0.17,-4.73,-15.14
-0.07,-0.2,0.77,0.25,-1.52,0.2,-5.2,-14.71
-0.06,-0.17,0.77,0.29,-1.45,0.19,-4.62,-12.63
-0.07,-0.17,0.74,0.32,-1.44,0.2,-5.18,-12.71
-0.06,-0.15,0.72,0.37,-1.42,0.2,-4.95,-11.87
-0.07,-0.14,0.69,0.38,-1.41,0.2,-5.35,-11.1
-0.06,-0.13,0.66,0.37,-1.38,0.19,-5.23,-10.85
-0.06,-0.12,0.64,0.36,-1.36,0.2,-5.3,-10.46
-0.06,-0.11,0.6,0.35,-1.38,0.2,-6.04,-10.08
-0.06,-0.09,0.58,0.31,-1.35,0.19,-5.51,-8.87
-0.05,-0.08,0.55,0.26,-1.35,0.2,-5.27,-8.27
-0.04,-0.08,0.53,0.21,-1.34,0.19,-4.14,-8.43
-0.04,-0.08,0.52,0.15,-1.34,0.19,-4.81,-9.17
-0.07,-0.07,0.55,0.07,-1.38,0.2,-7.62,-7.54
-0.07,-0.06,0.58,0.03,-1.37,0.2,-6.66,-6.13
-0.06,-0.05,0.6,0.01,-1.38,0.22,-6.16,-4.98
-0.06,-0.04,0.63,-0.02,-1.39,0.23,-5.42,-3.17
-0.06,-0.03,0.64,-0.02,-1.41,0.23,-5.67,-2.43
-0.06,-0.01,0.65,-0.02,-1.37,0.22,-5.48,-1.3
-0.07,-0.01,0.64,-0.01,-1.36,0.21,-6.04,-1.11
-0.06,-0.0,0.63,-0.01,-1.32,0.21,-5.65,-0.01
-0.06,-0.0,0.64,-0.03,-1.32,0.21,-4.92,-0.04
-0.06,-0.01,0.64,-0.02,-1.27,0.19,-5.53,-1.08
-0.07,-0.01,0.66,-0.04,-1.23,0.2,-6.15,-1.0
-0.08,-0.01,0.68,-0.0,-1.21,0.21,-6.54,-0.77
-0.07,0.01,0.69,0.0,-1.19,0.22,-5.84,0.78
-0.07,0.03,0.7,0.01,-1.14,0.21,-5.62,2.2
-0.06,0.03,0.69,0.02,-1.1,0.2,-5.21,2.74
-0.07,0.04,0.67,0.04,-1.08,0.19,-5.64,3.61
-0.07,0.05,0.68,0.02,-1.05,0.2,-5.91,4.09
-0.08,0.06,0.68,0.02,-1.04,0.2,-6.33,4.88
-0.06,0.08,0.7,0.02,-1.01,0.19,-5.07,6.16
-0.06,0.09,0.71,0.03,-1.0,0.18,-4.48,6.96
-0.05,0.09,0.72,0.04,-0.99,0.16,-4.16,6.94
-0.05,0.09,0.73,0.05,-0.99,0.14,-4.0,6.94
-0.05,0.1,0.75,0.05,-0.96,0.12,-3.46,7.55
-0.04,0.11,0.76,0.07,-0.94,0.1,-3.23,8.28
-0.05,0.12,0.76,0.09,-0.93,0.08,-3.38,8.69
-0.04,0.1,0.77,0.13,-0.91,0.05,-3.19,7.69
-0.04,0.1,0.77,0.13,-0.88,0.03,-2.87,7.56
-0.04,0.1,0.75,0.16,-0.87,0.01,-3.27,7.62
-0.05,0.09,0.73,0.19,-0.82,0.01,-4.2,7.2
-0.06,0.09,0.73,0.2,-0.8,0.0,-4.93,6.82
-0.06,0.09,0.73,0.22,-0.76,-0.0,-4.92,7.31
-0.06,0.1,0.72,0.24,-0.72,0.0,-4.59,7.72
-0.06,0.1,0.71,0.26,-0.69,0.0,-4.91,8.34
-0.06,0.11,0.7,0.27,-0.64,-0.0,-4.82,8.58
-0.07,0.11,0.68,0.26,-0.58,-0.01,-5.44,8.98
-0.07,0.12,0.68,0.27,-0.56,-0.0,-5.94,9.62
-0.07,0.12,0.68,0.25,-0.53,-0.01,-5.69,9.79
-0.06,0.12,0.69,0.25,-0.5,-0.01,-4.8,9.81
-0.05,0.12,0.7,0.23,-0.46,-0.02,-4.08,9.95
-0.05,0.14,0.69,0.21,-0.43,-0.02,-4.17,11.26
-0.06,0.15,0.69,0.2,-0.39,-0.03,-5.0,11.87
-0.07,0.14,0.68,0.2,-0.38,-0.03,-6.11,11.58
-0.07,0.13,0.7,0.19,-0.33,-0.03,-5.44,10.58
-0.08,0.12,0.7,0.16,-0.31,-0.03,-6.16,9.46
-0.08,0.11,0.71,0.15,-0.3,-0.02,-6.16,8.45
-0.08,0.1,0.73,0.14,-0.32,-0.0,-5.9,7.7
-0.07,0.11,0.75,0.13,-0.3,0.02,-5.02,8.53
-0.07,0.13,0.77,0.13,-0.32,0.03,-5.08,9.34
-0.07,0.15,0.79,0.13,-0.3,0.03,-4.64,10.44
-0.06,0.16,0.79,0.15,-0.31,0.02,-4.51,11.11
-0.06,0.16,0.81,0.14,-0.29,0.01,-3.98,11.41
-0.07,0.17,0.82,0.12,-0.26,-0.0,-4.49,11.41
-0.05,0.18,0.85,0.15,-0.25,-0.02,-3.24,12.23
-0.06,0.18,0.87,0.17,-0.25,-0.05,-4.09,11.78
-0.07,0.18,0.86,0.19,-0.23,-0.08,-4.32,11.46
-0.07,0.16,0.86,0.22,-0.2,-0.1,-4.6,10.71
-0.07,0.15,0.84,0.23,-0.17,-0.12,-4.59,9.94
-0.07,0.14,0.81,0.25,-0.12,-0.13,-5.0,9.73
-0.07,0.11,0.81,0.26,-0.09,-0.14,-5.18,7.84
-0.08,0.11,0.8,0.25,-0.04,-0.14,-5.8,7.49
-0.08,0.1,0.78,0.24,-0.01,-0.12,-5.96,7.43
-0.07,0.1,0.77,0.3,0.14,-0.26,-5.45,7.26
-0.09,0.09,0.76,0.19,0.01,-0.09,-6.35,6.9
-0.09,0.09,0.77,0.14,0.04,-0.09,-6.64,6.94
-0.09,0.08,0.78,0.11,0.04,-0.06,-6.61,5.46
-0.08,0.07,0.8,0.08,0.02,-0.04,-5.94,5.18
-0.08,0.08,0.82,0.03,0.02,-0.02,-5.37,5.44
-0.08,0.08,0.85,-0.0,0.0,-0.01,-5.12,5.63
-0.08,0.08,0.88,-0.04,0.0,-0.01,-5.19,5.41
-0.08,0.08,0.9,-0.07,-0.02,-0.01,-4.96,4.87
-0.06,0.07,0.93,-0.07,-0.03,-0.0,-3.93,4.21
-0.06,0.06,0.96,-0.07,-0.02,-0.0,-3.42,3.83
-0.06,0.06,0.99,-0.07,-0.03,-0.0,-3.47,3.58
-0.06,0.07,1.0,-0.02,-0.04,-0.0,-3.39,4.18
-0.06,0.07,1.02,0.0,-0.03,-0.02,-3.22,3.66
-0.06,0.06,1.01,0.03,-0.01,-0.03,-3.12,3.49
-0.05,0.06,1.02,0.05,-0.0,-0.03,-2.79,3.25
-0.04,0.06,1.02,0.07,0.02,-0.05,-2.36,3.32
-0.05,0.07,1.01,0.11,0.03,-0.05,-2.72,3.87
-0.05,0.07,1.0,0.12,0.08,-0.07,-2.76,3.78
-0.05,0.06,0.98,0.13,0.11,-0.1,-2.84,3.28
-0.05,0.04,0.97,0.14,0.13,-0.1,-3.04,2.63
-0.05,0.04,0.95,0.14,0.14,-0.09,-3.29,2.31
-0.06,0.04,0.94,0.14,0.16,-0.09,-3.46,2.21
-0.06,0.04,0.93,0.11,0.17,-0.08,-3.96,2.17
-0.06,0.03,0.92,0.09,0.17,-0.07,-3.99,2.13
-0.07,0.03,0.91,0.05,0.17,-0.05,-4.47,2.16
-0.06,0.03,0.93,0.02,0.16,-0.05,-3.69,1.62
-0.07,0.04,0.95,-0.03,0.15,-0.04,-4.1,2.45
-0.06,0.04,0.98,-0.06,0.13,-0.03,-3.39,2.62
-0.06,0.03,1.0,-0.06,0.11,-0.02,-3.5,1.95
-0.06,0.04,1.03,-0.07,0.09,-0.03,-3.54,2.1
-0.06,0.03,1.02,-0.05,0.1,-0.04,-3.32,1.74
-0.05,0.02,1.03,-0.06,0.1,-0.04,-2.67,1.2
-0.05,0.02,1.01,-0.05,0.1,-0.04,-3.04,1.21
-0.05,0.01,1.02,-0.05,0.11,-0.05,-2.82,0.6
-0.05,0.01,1.01,-0.05,0.1,-0.06,-2.97,0.57
-0.04,0.01,1.0,-0.07,0.13,-0.06,-2.52,0.32
-0.05,0.0,1.0,-0.08,0.13,-0.05,-2.7,0.22
-0.05,-0.01,1.0,-0.08,0.12,-0.04,-2.77,-0.42
-0.05,-0.02,1.01,-0.13,0.14,-0.04,-3.06,-1.04
-0.05,-0.01,1.02,-0.12,0.14,-0.01,-2.99,-0.67
-0.05,-0.01,1.05,-0.11,0.14,-0.02,-2.61,-0.71
-0.05,-0.01,1.05,-0.1,0.14,-0.02,-2.62,-0.44
-0.05,-0.0,1.05,-0.1,0.15,-0.02,-2.69,-0.11
-0.05,0.01,1.05,-0.1,0.17,-0.02,-2.6,0.3
-0.05,0.01,1.05,-0.09,0.18,-0.02,-2.5,0.35
-0.05,0.01,1.05,-0.08,0.18,-0.02,-2.59,0.31
-0.05,0.0,1.04,-0.07,0.17,-0.03,-2.75,0.0
-0.05,-0.01,1.04,-0.07,0.15,-0.02,-2.65,-0.37
-0.05,-0.01,1.04,-0.07,0.14,-0.02,-2.69,-0.38
-0.05,0.01,1.05,-0.05,0.11,-0.02,-2.69,0.31
-0.05,0.02,1.04,-0.06,0.11,-0.02,-2.6,1.03
-0.05,0.03,1.04,-0.06,0.12,-0.02,-2.53,1.49
-0.05,0.03,1.02,-0.05,0.12,-0.02,-2.7,1.87
-0.05,0.04,1.01,-0.03,0.12,-0.03,-2.75,2.0
-0.06,0.04,0.99,-0.03,0.14,-0.04,-3.43,2.11
-0.06,0.03,0.98,-0.01,0.15,-0.05,-3.43,1.62
-0.06,0.03,0.96,-0.02,0.17,-0.05,-3.3,1.63
-0.06,0.03,0.94,-0.0,0.17,-0.05,-3.68,1.87
-0.06,0.04,0.91,-0.02,0.19,-0.05,-3.75,2.24
-0.06,0.04,0.89,-0.03,0.22,-0.05,-4.1,2.52
-0.07,0.04,0.89,-0.05,0.22,-0.04,-4.44,2.83
-0.07,0.05,0.88,-0.05,0.21,-0.03,-4.55,3.01
-0.07,0.05,0.87,-0.05,0.23,-0.05,-4.3,3.53
-0.06,0.05,0.84,-0.08,0.26,-0.05,-4.31,3.71
-0.06,0.06,0.83,-0.08,0.27,-0.05,-4.3,4.16
-0.06,0.07,0.83,-0.1,0.3,-0.05,-4.34,4.54
-0.07,0.06,0.81,-0.11,0.3,-0.05,-4.9,4.35
-0.07,0.06,0.8,-0.15,0.33,-0.04,-4.76,3.91
-0.07,0.05,0.79,-0.14,0.33,-0.03,-4.96,3.57
-0.07,0.04,0.79,-0.17,0.32,-0.03,-5.14,3.08
-0.07,0.05,0.8,-0.18,0.33,-0.02,-4.8,3.22
-0.07,0.05,0.81,-0.19,0.35,-0.02,-4.8,3.28
-0.06,0.05,0.82,-0.19,0.36,-0.01,-4.38,3.16
-0.06,0.04,0.8,-0.17,0.36,-0.01,-3.94,2.74
-0.05,0.04,0.8,-0.17,0.41,-0.02,-3.65,2.79
-0.05,0.04,0.79,-0.17,0.41,-0.01,-3.67,2.62
-0.06,0.04,0.8,-0.15,0.45,-0.02,-4.12,3.16
-0.05,0.03,0.78,-0.13,0.46,-0.03,-3.97,2.26
-0.05,0.04,0.78,-0.1,0.48,-0.03,-3.78,2.77
-0.05,0.03,0.75,-0.1,0.54,-0.03,-4.12,2.55
-0.04,0.05,0.73,-0.1,0.58,-0.03,-3.19,3.98
-0.06,0.05,0.71,-0.07,0.6,-0.03,-4.68,4.26
-0.06,0.06,0.7,-0.08,0.63,-0.03,-4.79,4.77
-0.06,0.05,0.69,-0.1,0.7,-0.04,-5.11,4.48
-0.06,0.06,0.7,-0.11,0.73,-0.04,-5.17,4.67
-0.06,0.05,0.7,-0.1,0.76,-0.03,-4.92,4.01
-0.07,0.05,0.67,-0.11,0.77,-0.03,-5.56,4.38
-0.07,0.05,0.68,-0.14,0.81,-0.03,-5.69,4.18
-0.07,0.04,0.68,-0.16,0.83,-0.02,-5.96,3.64
-0.07,0.04,0.69,-0.19,0.83,-0.01,-5.95,3.05
-0.07,0.04,0.7,-0.19,0.84,0.0,-5.57,3.05
-0.06,0.04,0.71,-0.18,0.88,0.0,-4.57,3.5
-0.05,0.05,0.72,-0.21,0.89,0.0,-4.08,4.1
-0.05,0.06,0.72,-0.2,0.88,0.0,-4.15,4.46
-0.06,0.06,0.72,-0.22,0.9,0.0,-4.36,4.56
-0.05,0.05,0.72,-0.22,0.9,-0.01,-4.1,4.34
-0.04,0.05,0.72,-0.24,0.93,-0.01,-3.02,3.88
-0.03,0.05,0.72,-0.25,0.94,-0.01,-2.64,3.69
-0.04,0.05,0.72,-0.25,0.95,-0.01,-2.91,3.55
-0.04,0.03,0.74,-0.27,0.98,-0.04,-3.21,2.36
-0.05,0.02,0.76,-0.28,1.02,-0.04,-3.57,1.18
-0.05,-0.01,0.77,-0.27,1.05,-0.04,-3.69,-0.4
-0.04,-0.02,0.78,-0.27,1.08,-0.04,-3.09,-1.51
-0.04,-0.01,0.78,-0.26,1.12,-0.03,-2.95,-1.04
-0.04,0.0,0.79,-0.28,1.15,-0.02,-3.2,0.21
-0.05,0.03,0.81,-0.3,1.17,-0.03,-3.55,1.89
-0.05,0.04,0.83,-0.31,1.18,-0.03,-3.23,2.76
-0.05,0.03,0.86,-0.32,1.19,-0.06,-3.04,2.18
-0.04,0.03,0.87,-0.31,1.18,-0.08,-2.61,2.28
-0.04,0.02,0.88,-0.31,1.17,-0.08,-2.84,1.44
-0.05,0.01,0.88,-0.3,1.14,-0.09,-3.04,0.82
-0.05,0.0,0.89,-0.27,1.12,-0.1,-2.96,0.3
-0.05,-0.01,0.9,-0.26,1.11,-0.09,-3.28,-0.39
-0.05,-0.02,0.9,-0.23,1.09,-0.1,-3.3,-1.07
-0.05,-0.02,0.9,-0.18,1.07,-0.11,-3.0,-1.09
-0.04,-0.02,0.88,-0.17,1.09,-0.11,-2.6,-0.98
-0.04,-0.01,0.86,-0.13,1.1,-0.13,-2.52,-0.39
-0.04,-0.01,0.83,-0.14,1.15,-0.14,-2.69,-0.35
-0.04,-0.02,0.81,-0.13,1.17,-0.16,-2.69,-1.34
-0.04,-0.02,0.8,-0.14,1.21,-0.17,-3.16,-1.65
-0.04,-0.03,0.8,-0.17,1.26,-0.19,-3.18,-2.36
-0.04,-0.05,0.79,-0.21,1.28,-0.18,-3.09,-3.54
-0.04,-0.06,0.79,-0.25,1.29,-0.18,-3.2,-4.53
-0.06,-0.07,0.81,-0.29,1.28,-0.18,-3.89,-5.14
-0.05,-0.07,0.83,-0.34,1.28,-0.16,-3.49,-4.56
-0.05,-0.06,0.87,-0.38,1.24,-0.16,-3.17,-4.02
-0.04,-0.06,0.91,-0.38,1.22,-0.15,-2.55,-3.65
-0.03,-0.05,0.94,-0.36,1.19,-0.16,-1.98,-3.05
-0.03,-0.04,0.98,-0.35,1.2,-0.18,-1.98,-2.5
-0.04,-0.04,1.02,-0.29,1.19,-0.19,-2.16,-2.08
-0.04,-0.03,1.02,-0.23,1.22,-0.21,-2.32,-1.94
-0.03,-0.05,0.99,-0.16,1.24,-0.22,-1.93,-2.99
-0.04,-0.06,0.95,-0.11,1.3,-0.24,-2.57,-3.85
-0.06,-0.09,0.89,-0.1,1.34,-0.24,-3.78,-5.56
-0.08,-0.1,0.85,-0.09,1.36,-0.23,-5.05,-6.52
-0.08,-0.12,0.83,-0.14,1.41,-0.21,-5.35,-8.49
-0.08,-0.14,0.82,-0.18,1.41,-0.19,-5.41,-9.39
-0.07,-0.15,0.82,-0.26,1.41,-0.16,-5.06,-10.07
-0.07,-0.13,0.81,-0.32,1.39,-0.12,-5.02,-8.93
-0.08,-0.1,0.83,-0.4,1.34,-0.1,-5.5,-6.69
-0.07,-0.07,0.88,-0.47,1.32,-0.09,-4.39,-4.5
-0.06,-0.07,0.96,-0.53,1.3,-0.1,-3.79,-4.31
-0.04,-0.03,1.01,-0.55,1.25,-0.1,-2.21,-1.67
-0.03,-0.02,1.02,-0.48,1.37,-0.26,-1.85,-1.13
-0.02,-0.03,1.07,-0.51,1.24,-0.17,-1.1,-1.34
-0.01,-0.02,1.13,-0.44,1.22,-0.2,-0.4,-0.96
-0.02,-0.03,1.13,-0.36,1.23,-0.23,-1.15,-1.75
-0.03,-0.05,1.11,-0.29,1.23,-0.25,-1.58,-2.48
-0.03,-0.06,1.09,-0.21,1.24,-0.26,-1.35,-3.2
-0.03,-0.08,1.03,-0.17,1.27,-0.27,-1.47,-4.2
-0.03,-0.09,0.95,-0.15,1.25,-0.26,-1.91,-5.67
-0.05,-0.12,0.88,-0.16,1.21,-0.26,-2.89,-7.43
-0.06,-0.13,0.81,-0.22,1.18,-0.24,-4.11,-9.16
-0.06,-0.15,0.75,-0.33,1.15,-0.22,-4.22,-11.37
-0.06,-0.17,0.73,-0.47,1.09,-0.19,-4.32,-13.27
-0.07,-0.19,0.75,-0.63,1.03,-0.15,-4.9,-13.84
-0.07,-0.18,0.81,-0.75,0.96,-0.11,-4.62,-12.13
-0.05,-0.15,0.91,-0.86,0.95,-0.09,-3.26,-9.57
-0.04,-0.12,1.0,-0.91,0.9,-0.07,-2.18,-6.79
-0.02,-0.08,1.08,-0.92,0.91,-0.06,-1.2,-3.97
-0.02,-0.04,1.16,-0.86,0.93,-0.08,-1.18,-1.8
-0.03,-0.01,1.22,-0.79,1.0,-0.12,-1.41,-0.53
-0.04,0.0,1.26,-0.66,1.06,-0.15,-1.84,0.07
-0.04,-0.0,1.29,-0.5,1.13,-0.18,-1.9,-0.0
-0.05,-0.01,1.29,-0.36,1.22,-0.22,-2.07,-0.35
-0.05,-0.01,1.26,-0.17,1.46,-0.4,-2.27,-0.49
-0.06,-0.03,1.23,-0.11,1.36,-0.27,-2.58,-1.19
-0.06,-0.04,1.19,0.0,1.4,-0.28,-2.98,-2.02
-0.07,-0.06,1.14,0.09,1.43,-0.29,-3.56,-2.86
-0.07,-0.07,1.1,0.16,1.46,-0.3,-3.7,-3.45
-0.07,-0.07,1.06,0.19,1.49,-0.3,-3.71,-3.94
-0.06,-0.08,1.01,0.21,1.48,-0.28,-3.57,-4.53
-0.07,-0.09,0.96,0.2,1.46,-0.28,-4.16,-5.09
-0.08,-0.09,0.92,0.17,1.47,-0.29,-4.68,-5.73
-0.09,-0.11,0.91,0.13,1.45,-0.28,-5.63,-6.66
-0.09,-0.11,0.91,0.09,1.4,-0.29,-5.46,-7.01
-0.07,-0.13,0.9,0.05,1.35,-0.27,-4.55,-7.9
-0.07,-0.14,0.89,-0.01,1.31,-0.26,-4.51,-9.03
-0.07,-0.15,0.9,-0.09,1.28,-0.24,-4.55,-9.43
-0.08,-0.16,0.9,-0.13,1.22,-0.21,-4.99,-9.71
-0.07,-0.15,0.92,-0.18,1.17,-0.2,-4.39,-9.55
-0.06,-0.14,0.92,-0.24,1.17,-0.19,-3.99,-8.82
-0.06,-0.13,0.93,-0.27,1.16,-0.18,-3.72,-8.05
-0.07,-0.12,0.93,-0.31,1.14,-0.17,-4.23,-7.43
-0.06,-0.12,0.96,-0.36,1.13,-0.16,-3.51,-7.05
-0.07,-0.14,0.98,-0.39,1.11,-0.15,-3.99,-7.88
-0.06,-0.16,0.99,-0.41,1.12,-0.13,-3.34,-8.96
-0.07,-0.15,0.99,-0.45,1.11,-0.11,-4.15,-8.48
-0.08,-0.14,1.0,-0.48,1.12,-0.08,-4.4,-7.93
-0.09,-0.11,1.04,-0.52,1.15,-0.07,-4.95,-5.94
-0.09,-0.08,1.07,-0.53,1.18,-0.06,-4.83,-4.34
-0.09,-0.06,1.1,-0.54,1.21,-0.05,-4.73,-3.13
-0.09,-0.03,1.14,-0.51,1.22,-0.05,-4.49,-1.68
-0.09,-0.0,1.17,-0.45,1.22,-0.05,-4.51,-0.22
-0.1,0.02,1.18,-0.4,1.27,-0.06,-4.79,1.11
-0.1,0.05,1.2,-0.33,1.28,-0.08,-4.71,2.31
-0.09,0.05,1.2,-0.24,1.28,-0.11,-4.11,2.59
-0.07,0.04,1.19,-0.17,1.29,-0.12,-3.57,1.7
-0.06,0.01,1.15,-0.13,1.31,-0.15,-3.09,0.37
-0.07,-0.02,1.12,-0.11,1.31,-0.15,-3.33,-0.82
-0.07,-0.03,1.1,-0.1,1.32,-0.15,-3.75,-1.32
-0.07,-0.04,1.09,-0.11,1.3,-0.16,-3.62,-2.06
-0.07,-0.05,1.09,-0.14,1.31,-0.17,-3.49,-2.76
-0.07,-0.08,1.08,-0.16,1.27,-0.15,-3.61,-4.41
-0.07,-0.11,1.07,-0.19,1.24,-0.14,-3.59,-5.66
-0.08,-0.11,1.06,-0.26,1.21,-0.11,-4.04,-5.69
-0.08,-0.1,1.06,-0.29,1.14,-0.08,-4.12,-5.26
-0.08,-0.07,1.07,-0.36,1.12,-0.04,-4.25,-3.53
-0.09,-0.03,1.09,-0.37,1.08,-0.03,-4.54,-1.75
-0.08,-0.01,1.11,-0.39,1.05,-0.02,-3.9,-0.52
-0.07,0.01,1.12,-0.4,1.05,-0.03,-3.77,0.26
-0.08,0.02,1.12,-0.41,1.04,-0.03,-4.09,0.89
-0.09,0.03,1.14,-0.39,1.02,-0.03,-4.31,1.44
-0.09,0.05,1.16,-0.35,1.0,-0.05,-4.3,2.61
-0.08,0.06,1.18,-0.34,1.01,-0.05,-4.06,2.87
-0.08,0.06,1.19,-0.28,1.0,-0.08,-3.9,2.99
-0.09,0.05,1.2,-0.23,1.01,-0.07,-4.23,2.38
-0.09,0.05,1.21,-0.17,1.02,-0.07,-4.36,2.22
-0.09,0.04,1.2,-0.12,1.06,-0.08,-4.42,1.97
-0.09,0.04,1.2,-0.08,1.11,-0.09,-4.13,1.95
-0.09,0.04,1.2,-0.02,1.14,-0.08,-4.12,1.83
-0.09,0.03,1.19,0.07,1.14,-0.08,-4.11,1.44
-0.09,0.02,1.17,0.11,1.16,-0.07,-4.53,1.19
-0.09,0.02,1.14,0.16,1.18,-0.07,-4.74,0.9
-0.09,0.03,1.12,0.2,1.17,-0.07,-4.79,1.4
-0.08,0.04,1.09,0.22,1.2,-0.08,-4.41,1.87
-0.07,0.02,1.07,0.27,1.18,-0.09,-3.7,1.16
-0.05,-0.01,1.04,0.26,1.21,-0.11,-2.6,-0.45
-0.04,-0.08,1.0,0.22,1.22,-0.11,-2.48,-4.45
-0.05,-0.14,0.98,0.16,1.2,-0.09,-2.88,-8.31
-0.06,-0.19,0.95,0.04,1.2,-0.05,-3.33,-11.3
-0.06,-0.19,0.95,-0.09,1.2,-0.02,-3.43,-11.41
-0.06,-0.18,0.97,-0.22,1.16,0.03,-3.29,-10.54
-0.05,-0.14,1.0,-0.33,1.11,0.08,-2.61,-7.86
-0.05,-0.1,1.04,-0.44,1.07,0.11,-2.54,-5.37
-0.05,-0.04,1.08,-0.49,1.0,0.15,-2.42,-2.27
-0.06,0.01,1.12,-0.56,0.99,0.16,-2.86,0.37
-0.06,0.07,1.16,-0.54,0.92,0.18,-3.08,3.47
-0.06,0.11,1.2,-0.54,0.88,0.2,-2.84,5.17
-0.06,0.17,1.25,-0.5,0.9,0.19,-2.51,7.72
-0.07,0.2,1.27,-0.43,0.89,0.19,-3.12,8.99
-0.05,0.23,1.27,-0.35,0.88,0.17,-2.41,10.21
-0.05,0.23,1.29,-0.24,0.88,0.15,-2.07,10.14
-0.04,0.24,1.28,-0.13,0.95,0.12,-1.8,10.39
-0.04,0.23,1.26,-0.05,1.0,0.11,-1.78,10.37
-0.04,0.22,1.24,0.02,1.04,0.08,-2.03,9.84
-0.05,0.2,1.21,0.1,1.05,0.07,-2.17,9.43
-0.04,0.15,1.18,0.14,1.1,0.05,-1.79,7.46
-0.03,0.11,1.16,0.15,1.11,0.04,-1.6,5.36
-0.04,0.06,1.11,0.14,1.08,0.05,-1.82,2.98
-0.03,0.03,1.09,0.11,1.05,0.06,-1.68,1.42
-0.04,0.01,1.07,0.05,1.03,0.08,-1.93,0.78
-0.04,0.02,1.07,-0.02,0.99,0.12,-1.93,1.24
-0.04,0.03,1.05,-0.08,0.92,0.14,-1.96,1.51
-0.02,0.04,1.05,-0.13,0.87,0.16,-1.3,2.13
-0.02,0.06,1.06,-0.23,0.84,0.19,-1.09,3.08
-0.02,0.08,1.06,-0.29,0.82,0.19,-1.17,4.5
-0.02,0.12,1.07,-0.32,0.78,0.2,-1.1,6.64
-0.02,0.18,1.1,-0.34,0.73,0.21,-0.88,9.04
-0.01,0.21,1.12,-0.34,0.69,0.19,-0.53,10.42
-0.0,0.23,1.14,-0.34,0.66,0.17,-0.09,11.26
-0.0,0.25,1.16,-0.3,0.62,0.17,-0.1,12.23
-0.01,0.26,1.18,-0.25,0.6,0.14,-0.57,12.65
-0.02,0.28,1.2,-0.18,0.61,0.11,-1.04,13.03
-0.01,0.3,1.21,-0.12,0.63,0.09,-0.62,13.89
-0.01,0.3,1.2,-0.01,0.65,0.05,-0.62,14.09
-0.02,0.29,1.19,0.09,0.69,0.02,-0.9,13.76
-0.03,0.26,1.15,0.18,0.72,-0.01,-1.5,12.75
-0.05,0.22,1.12,0.25,0.76,-0.04,-2.26,11.06
-0.05,0.16,1.1,0.3,0.77,-0.06,-2.6,8.39
-0.05,0.1,1.08,0.32,0.78,-0.06,-2.78,5.47
-0.05,0.05,1.06,0.31,0.79,-0.06,-2.82,2.75
-0.06,0.0,1.03,0.27,0.79,-0.04,-3.17,0.12
-0.05,-0.02,1.02,0.23,0.75,-0.01,-2.92,-1.12
-0.05,-0.03,0.99,0.16,0.7,0.02,-2.71,-1.72
-0.04,-0.04,0.97,0.05,0.65,0.05,-2.39,-2.17
-0.04,-0.06,0.96,-0.03,0.59,0.06,-2.47,-3.38
-0.05,-0.07,0.97,-0.16,0.54,0.1,-2.66,-4.15
-0.04,-0.04,0.99,-0.26,0.48,0.13,-2.38,-2.43
-0.03,0.01,1.02,-0.34,0.41,0.16,-1.79,0.32
-0.02,0.08,1.06,-0.4,0.37,0.18,-1.18,4.05
-0.02,0.13,1.1,-0.45,0.33,0.2,-0.9,6.98
-0.02,0.19,1.13,-0.43,0.28,0.21,-1.04,9.46
-0.03,0.24,1.15,-0.4,0.22,0.23,-1.38,11.77
-0.03,0.26,1.14,-0.37,0.24,0.21,-1.48,12.75
-0.03,0.3,1.15,-0.3,0.22,0.19,-1.6,14.45
-0.03,0.33,1.16,-0.25,0.24,0.16,-1.48,15.97
-0.03,0.35,1.17,-0.13,0.26,0.12,-1.27,16.39
-0.03,0.34,1.18,-0.04,0.31,0.08,-1.29,15.88
-0.03,0.31,1.17,0.05,0.37,0.06,-1.38,14.78
-0.03,0.27,1.15,0.13,0.41,0.05,-1.65,13.4
-0.03,0.22,1.12,0.19,0.42,0.03,-1.53,11.3
-0.03,0.2,1.1,0.23,0.45,0.0,-1.42,10.15
-0.04,0.16,1.08,0.25,0.45,0.0,-1.88,8.57
-0.03,0.14,1.06,0.26,0.43,0.01,-1.43,7.67
-0.02,0.12,1.03,0.23,0.42,0.0,-1.14,6.73
-0.03,0.11,1.03,0.24,0.38,0.01,-1.66,5.88
-0.02,0.1,1.0,0.21,0.38,0.0,-1.08,5.78
-0.02,0.1,1.0,0.22,0.35,0.0,-1.34,5.83
-0.02,0.1,1.0,0.22,0.33,0.01,-1.28,5.73
-0.02,0.1,1.01,0.19,0.32,-0.0,-1.18,5.48
-0.01,0.08,1.01,0.18,0.32,0.0,-0.59,4.75
0.0,0.08,1.0,0.16,0.31,0.01,0.16,4.37
0.0,0.06,1.0,0.21,0.44,-0.14,0.22,3.47
-0.0,0.05,0.98,0.11,0.28,0.03,-0.02,2.73
0.0,0.05,0.98,0.07,0.24,0.05,0.28,2.65
0.0,0.06,0.96,0.02,0.22,0.06,0.0,3.28
-0.0,0.06,0.95,-0.01,0.18,0.07,-0.03,3.39
0.0,0.07,0.97,-0.06,0.13,0.07,0.11,4.19
-0.0,0.1,0.97,-0.11,0.12,0.07,-0.18,5.76
0.0,0.11,0.97,-0.12,0.09,0.08,0.17,6.73
-0.0,0.13,0.98,-0.12,0.06,0.06,-0.06,7.6
-0.0,0.14,0.98,-0.1,0.05,0.06,-0.15,8.14
-0.01,0.16,0.99,-0.1,0.06,0.04,-0.66,8.96
-0.01,0.15,0.99,-0.08,0.06,0.02,-0.48,8.54
-0.01,0.15,1.0,-0.07,0.05,0.01,-0.76,8.7
-0.02,0.15,1.01,-0.03,0.02,0.0,-0.94,8.54
-0.02,0.15,1.0,0.01,0.05,-0.01,-0.92,8.3
-0.02,0.14,1.0,0.03,0.05,-0.02,-0.87,8.03
-0.02,0.13,0.99,0.07,0.04,-0.03,-1.35,7.56
-0.02,0.12,0.97,0.09,0.03,-0.04,-1.4,6.85
-0.02,0.1,0.97,0.09,0.06,-0.06,-1.31,5.98
-0.03,0.08,0.96,0.1,0.05,-0.08,-1.7,4.69
-0.03,0.07,0.96,0.1,0.05,-0.09,-1.54,4.27
-0.03,0.05,0.96,0.11,0.04,-0.08,-1.9,3.15
-0.03,0.05,0.95,0.11,0.04,-0.1,-1.87,2.78
-0.03,0.04,0.96,0.08,0.06,-0.11,-1.9,2.42
-0.04,0.03,0.95,0.08,0.04,-0.11,-2.17,2.0
-0.05,0.04,0.95,0.07,0.01,-0.1,-2.73,2.13
-0.04,0.04,0.95,0.06,0.03,-0.13,-2.72,2.22
-0.05,0.04,0.95,0.07,0.01,-0.13,-2.9,2.62
-0.06,0.03,0.95,0.08,0.01,-0.12,-3.39,1.56
-0.06,0.02,0.94,0.07,0.01,-0.13,-3.47,0.97
-0.06,0.02,0.95,0.08,0.02,-0.13,-3.33,1.39
-0.06,0.02,0.95,0.08,0.01,-0.13,-3.46,1.13
-0.06,0.01,0.96,0.08,0.01,-0.13,-3.53,0.83
-0.06,0.02,0.96,0.09,0.0,-0.12,-3.65,0.91
-0.06,0.01,0.96,0.1,0.01,-0.12,-3.66,0.5
-0.07,0.0,0.97,0.09,0.0,-0.11,-4.0,0.24
-0.07,0.01,0.96,0.11,-0.0,-0.1,-3.89,0.37
-0.07,0.0,0.96,0.11,-0.01,-0.09,-3.89,0.18
-0.07,-0.0,0.95,0.1,-0.0,-0.09,-4.01,-0.07
-0.07,-0.0,0.96,0.11,0.01,-0.09,-4.25,-0.02
-0.07,0.0,0.96,0.1,0.01,-0.08,-4.2,0.01
-0.07,-0.0,0.95,0.12,0.01,-0.06,-4.04,-0.09
-0.07,0.0,0.95,0.12,0.01,-0.06,-3.95,0.24
-0.06,0.0,0.95,0.12,0.03,-0.07,-3.79,0.11
-0.07,-0.0,0.93,0.13,0.04,-0.07,-4.44,-0.28
-0.07,-0.0,0.92,0.13,0.04,-0.06,-4.38,-0.04
-0.07,0.0,0.92,0.12,0.05,-0.06,-4.19,0.31
-0.06,0.01,0.92,0.12,0.07,-0.06,-3.83,0.4
-0.06,0.0,0.91,0.13,0.06,-0.06,-3.79,0.18
-0.06,-0.01,0.91,0.11,0.07,-0.08,-3.99,-0.31
-0.06,-0.01,0.91,0.11,0.07,-0.07,-4.09,-0.36
-0.06,-0.01,0.9,0.1,0.09,-0.08,-3.93,-0.8
-0.06,-0.0,0.91,0.11,0.07,-0.08,-4.04,-0.29
-0.06,-0.01,0.91,0.09,0.07,-0.07,-3.94,-0.93
-0.07,-0.02,0.91,0.07,0.06,-0.07,-4.16,-0.98
-0.07,-0.03,0.91,0.05,0.07,-0.07,-4.68,-1.72
-0.07,-0.03,0.92,0.06,0.05,-0.05,-4.64,-1.93
-0.08,-0.03,0.92,0.03,0.04,-0.03,-4.79,-2.15
-0.07,-0.03,0.93,0.03,0.02,-0.03,-4.54,-1.98
-0.07,-0.03,0.92,0.01,0.02,-0.01,-4.53,-2.15
-0.07,-0.03,0.92,-0.03,0.03,0.0,-4.65,-1.94
-0.08,-0.02,0.91,-0.03,-0.0,0.01,-4.71,-1.53
-0.07,-0.02,0.91,-0.07,0.02,0.01,-4.61,-1.16
-0.07,-0.01,0.91,-0.09,0.01,0.01,-4.25,-0.63
-0.06,-0.01,0.92,-0.12,0.02,0.02,-3.87,-0.53
-0.06,-0.02,0.93,-0.13,0.01,0.01,-3.52,-0.94
-0.05,-0.02,0.94,-0.15,-0.01,0.02,-3.26,-1.25
-0.05,-0.03,0.95,-0.16,-0.0,0.02,-3.11,-1.72
-0.05,-0.03,0.95,-0.22,0.0,0.03,-2.96,-1.59
-0.05,-0.01,0.96,-0.22,-0.03,0.06,-2.84,-0.75
-0.05,0.01,0.97,-0.24,-0.05,0.07,-2.75,0.72
-0.04,0.03,0.97,-0.26,-0.03,0.07,-2.62,1.87
-0.04,0.05,0.99,-0.25,-0.06,0.08,-2.39,3.16
-0.04,0.07,1.0,-0.25,-0.04,0.07,-2.27,4.2
-0.04,0.09,1.0,-0.23,-0.06,0.06,-2.25,5.06
-0.04,0.1,1.01,-0.2,-0.04,0.05,-2.5,5.44
-0.05,0.11,1.02,-0.17,-0.01,0.04,-2.52,5.94
-0.04,0.11,1.03,-0.14,-0.01,0.04,-2.38,5.96
-0.04,0.1,1.04,-0.04,0.14,-0.12,-2.09,5.53
-0.04,0.1,1.04,-0.07,-0.01,0.01,-2.15,5.5
-0.04,0.1,1.04,-0.05,0.02,0.0,-2.3,5.35
-0.04,0.08,1.03,-0.02,0.01,0.0,-2.31,4.67
-0.04,0.08,1.02,0.01,0.01,0.01,-2.31,4.33
-0.04,0.07,1.01,0.03,-0.01,0.0,-2.35,4.03
-0.04,0.06,1.01,0.05,0.01,0.0,-2.3,3.35
-0.04,0.06,1.01,0.05,0.0,0.0,-2.38,3.69
-0.04,0.05,1.0,0.07,-0.02,0.0,-2.15,3.05
-0.03,0.05,0.98,0.09,-0.03,-0.0,-1.69,2.79
-0.03,0.05,0.97,0.08,-0.02,-0.02,-2.01,2.96
-0.04,0.04,0.96,0.08,-0.02,-0.01,-2.41,2.19
-0.04,0.04,0.96,0.09,-0.03,-0.03,-2.52,2.39
-0.04,0.04,0.95,0.1,-0.03,-0.02,-2.4,2.16
-0.04,0.03,0.95,0.11,-0.03,-0.04,-2.42,1.9
-0.05,0.03,0.94,0.1,-0.03,-0.04,-2.86,1.62
-0.05,0.02,0.93,0.1,-0.03,-0.05,-2.81,1.36
-0.05,0.01,0.93,0.09,-0.04,-0.05,-2.78,0.67
-0.05,0.0,0.94,0.09,-0.02,-0.07,-3.02,0.07
-0.05,-0.01,0.94,0.09,-0.01,-0.07,-2.8,-0.31
-0.05,-0.01,0.93,0.08,-0.02,-0.07,-2.99,-0.84
-0.06,-0.02,0.93,0.09,-0.02,-0.07,-3.49,-1.0
-0.06,-0.02,0.93,0.08,-0.02,-0.08,-3.71,-1.36
-0.07,-0.03,0.94,0.06,-0.01,-0.08,-4.01,-1.58
-0.07,-0.04,0.94,0.05,-0.01,-0.07,-4.22,-2.24
-0.07,-0.04,0.95,0.05,-0.03,-0.06,-4.27,-2.21
-0.07,-0.04,0.96,0.04,-0.04,-0.05,-4.42,-2.47
-0.08,-0.04,0.96,0.02,-0.04,-0.04,-4.58,-2.64
-0.08,-0.04,0.97,0.03,-0.06,-0.02,-4.41,-2.3
-0.07,-0.03,0.98,0.04,-0.07,-0.01,-3.87,-1.77
-0.07,-0.02,0.99,0.04,-0.07,0.0,-3.92,-1.25
-0.07,-0.03,0.98,0.04,-0.06,0.01,-4.11,-1.47
-0.06,-0.01,0.98,0.04,-0.05,0.03,-3.6,-0.84
-0.06,-0.01,0.97,0.11,0.09,-0.11,-3.42,-0.53
-0.06,0.01,0.97,0.05,-0.01,0.03,-3.48,0.35
-0.05,0.01,0.96,0.06,0.01,0.04,-3.21,0.86
-0.05,0.02,0.96,0.08,0.02,0.04,-2.99,1.33
-0.05,0.02,0.95,0.09,0.03,0.02,-2.92,1.44
-0.05,0.03,0.94,0.11,0.03,0.01,-2.9,1.73
-0.05,0.03,0.94,0.11,0.06,0.0,-3.12,1.58
-0.05,0.02,0.93,0.12,0.07,-0.0,-2.89,1.21
-0.05,0.01,0.93,0.12,0.06,-0.0,-2.84,0.67
-0.05,0.0,0.93,0.12,0.05,-0.0,-3.06,0.26
-0.05,-0.01,0.92,0.12,0.05,-0.0,-2.96,-0.43
-0.05,-0.01,0.92,0.1,0.06,-0.01,-2.83,-0.83
-0.05,-0.02,0.92,0.06,0.05,-0.02,-2.89,-1.34
-0.05,-0.02,0.92,0.06,0.03,-0.0,-3.1,-1.53
-0.05,-0.03,0.92,0.05,0.04,-0.01,-2.97,-1.84
-0.05,-0.03,0.93,0.02,0.04,-0.0,-2.79,-2.01
-0.04,-0.03,0.93,0.02,0.03,0.01,-2.25,-1.92
-0.04,-0.03,0.93,0.01,0.01,0.02,-2.24,-2.11
-0.04,-0.02,0.93,-0.01,0.04,0.02,-2.62,-1.53
-0.04,-0.02,0.92,-0.03,0.03,0.02,-2.59,-1.07
-0.04,-0.01,0.93,-0.04,0.03,0.02,-2.23,-0.36
-0.04,0.01,0.92,-0.05,0.03,0.02,-2.37,0.34
-0.04,0.01,0.93,-0.04,0.03,0.01,-2.63,0.77
-0.04,0.01,0.93,-0.06,0.04,0.01,-2.56,0.87
-0.04,0.02,0.93,-0.06,0.03,0.01,-2.36,0.92
-0.03,0.01,0.93,-0.05,0.03,0.01,-2.12,0.75
-0.04,0.02,0.93,-0.06,0.05,0.0,-2.24,1.05
-0.04,0.02,0.93,-0.06,0.05,0.01,-2.76,0.94
-0.04,0.02,0.93,-0.07,0.05,0.01,-2.37,1.14
-0.04,0.02,0.92,-0.06,0.04,0.0,-2.64,1.48
-0.04,0.03,0.92,-0.05,0.05,-0.0,-2.47,1.88
-0.04,0.03,0.91,-0.06,0.04,-0.01,-2.42,1.88
-0.04,0.03,0.92,-0.07,0.05,-0.01,-2.7,1.73
-0.04,0.02,0.92,-0.07,0.03,-0.01,-2.52,1.36
-0.04,0.02,0.92,-0.07,0.04,-0.03,-2.58,1.52
-0.04,0.03,0.93,-0.08,0.05,-0.03,-2.39,1.64
-0.05,0.03,0.93,-0.07,0.04,-0.03,-2.78,1.84
-0.04,0.02,0.93,-0.06,0.02,-0.03,-2.73,1.16
-0.04,0.02,0.93,-0.07,0.02,-0.03,-2.63,1.52
-0.05,0.02,0.93,-0.08,0.05,-0.04,-3.04,1.03
-0.05,0.02,0.95,-0.06,0.03,-0.05,-2.85,1.3
-0.05,0.01,0.94,-0.07,0.05,-0.05,-2.93,0.85
-0.05,0.01,0.93,-0.07,0.04,-0.05,-3.08,0.6
-0.05,0.0,0.93,-0.09,0.06,-0.05,-3.16,0.12
-0.05,0.01,0.93,-0.09,0.07,-0.04,-3.16,0.74
-0.06,0.02,0.94,-0.09,0.06,-0.05,-3.83,0.97
-0.06,0.01,0.94,-0.1,0.06,-0.05,-3.36,0.52
-0.06,0.03,0.95,-0.11,0.07,-0.04,-3.59,1.55
-0.05,0.03,0.95,-0.11,0.06,-0.03,-3.26,1.83
-0.06,0.03,0.96,-0.1,0.04,-0.04,-3.67,1.94
-0.06,0.05,0.96,-0.12,0.05,-0.04,-3.81,2.77
-0.06,0.04,0.97,-0.11,0.03,-0.04,-3.53,2.14
-0.07,0.05,0.97,-0.1,0.03,-0.04,-4.0,2.8
-0.07,0.05,0.97,-0.1,0.01,-0.04,-3.85,2.76
-0.06,0.04,0.97,-0.09,0.0,-0.04,-3.43,2.32
-0.06,0.04,0.98,-0.08,0.02,-0.04,-3.76,2.32
-0.06,0.04,0.98,-0.08,0.01,-0.04,-3.75,2.28
-0.07,0.03,0.99,-0.07,0.0,-0.04,-3.96,2.02
-0.07,0.04,0.99,-0.06,-0.0,-0.05,-3.84,2.15
-0.07,0.04,0.99,-0.05,0.0,-0.05,-4.0,2.04
-0.07,0.04,0.99,-0.05,-0.01,-0.04,-4.18,2.19
-0.07,0.02,0.99,-0.06,-0.0,-0.04,-4.2,1.28
-0.08,0.02,1.0,-0.05,-0.02,-0.03,-4.36,0.96
-0.08,0.02,1.0,-0.07,-0.0,-0.03,-4.44,1.06
-0.08,0.02,1.0,-0.06,-0.01,-0.03,-4.36,1.0
-0.08,0.01,1.01,-0.06,-0.01,-0.01,-4.69,0.78
-0.08,0.02,1.01,-0.04,-0.02,-0.0,-4.56,1.24
-0.09,0.03,1.0,-0.05,-0.02,-0.0,-4.91,1.57
-0.08,0.03,1.01,-0.03,-0.02,0.0,-4.71,1.61
-0.08,0.03,1.0,-0.03,-0.03,0.01,-4.69,1.7
-0.08,0.03,1.0,-0.01,-0.03,0.02,-4.58,1.49
-0.07,0.02,0.99,-0.01,-0.05,0.02,-4.2,1.02
-0.07,0.02,0.98,-0.01,-0.02,0.02,-4.31,1.13
-0.07,0.01,0.99,-0.0,-0.01,0.03,-4.01,0.85
-0.07,0.02,0.99,-0.0,-0.03,0.04,-3.98,1.27
-0.07,0.01,0.98,0.0,-0.01,0.04,-4.0,0.78
-0.06,0.02,0.99,-0.0,0.01,0.05,-3.55,0.96
-0.06,0.03,0.98,-0.01,-0.01,0.06,-3.53,1.77
-0.06,0.04,0.99,0.0,-0.04,0.08,-3.49,2.54
-0.06,0.05,0.99,0.0,-0.03,0.06,-3.5,2.91
-0.06,0.07,1.0,0.02,-0.04,0.07,-3.22,3.76
-0.06,0.08,1.02,0.03,-0.01,0.06,-3.09,4.46
-0.05,0.09,1.02,0.06,-0.01,0.06,-2.83,4.91
-0.05,0.11,1.03,0.08,0.01,0.06,-2.83,6.05
-0.05,0.12,1.04,0.09,0.06,0.06,-2.59,6.83
-0.05,0.13,1.02,0.15,0.08,0.06,-2.54,7.37
-0.04,0.14,1.02,0.18,0.1,0.04,-2.49,8.05
-0.04,0.13,1.01,0.21,0.1,0.02,-2.29,7.38
-0.04,0.12,1.0,0.21,0.12,0.01,-2.21,6.73
-0.04,0.09,0.99,0.23,0.09,0.01,-2.45,5.36
-0.04,0.07,0.97,0.23,0.05,-0.0,-2.27,4.26
-0.04,0.06,0.96,0.23,-0.0,0.01,-2.19,3.5
-0.03,0.04,0.95,0.2,-0.03,0.0,-1.8,2.5
-0.03,0.03,0.93,0.19,-0.09,0.01,-1.94,1.84
-0.02,0.02,0.93,0.15,-0.13,0.01,-1.07,0.96
-0.04,0.01,0.93,0.13,-0.19,0.02,-2.32,0.5
-0.03,0.01,0.93,0.07,-0.22,0.01,-1.8,0.44
-0.03,0.02,0.93,0.05,-0.26,0.03,-2.09,1.25
-0.03,0.05,0.93,0.04,-0.29,0.03,-1.85,2.8
-0.03,0.05,0.94,0.04,-0.31,0.03,-2.12,3.1
-0.03,0.08,0.95,0.05,-0.31,0.02,-2.08,4.56
-0.04,0.07,0.95,0.06,-0.29,-0.01,-2.47,4.37
-0.05,0.06,0.95,0.07,-0.27,-0.03,-2.94,3.89
-0.05,0.06,0.95,0.11,-0.27,-0.04,-3.17,3.33
-0.06,0.05,0.96,0.13,-0.24,-0.06,-3.63,3.15
-0.06,0.04,0.97,0.14,-0.2,-0.07,-3.55,2.28
-0.06,0.02,0.97,0.18,-0.19,-0.07,-3.77,1.31
-0.07,0.0,0.96,0.19,-0.18,-0.06,-3.95,0.0
-0.07,-0.02,0.96,0.2,-0.14,-0.07,-4.36,-1.22
-0.07,-0.03,0.95,0.22,-0.14,-0.06,-4.45,-1.84
-0.07,-0.05,0.94,0.21,-0.12,-0.06,-4.35,-2.78
-0.07,-0.07,0.93,0.2,-0.11,-0.04,-4.02,-3.98
-0.06,-0.07,0.93,0.2,-0.12,-0.04,-3.74,-4.46
-0.06,-0.08,0.91,0.15,-0.1,-0.02,-4.02,-5.06
-0.07,-0.08,0.9,0.12,-0.11,0.01,-4.13,-4.93
-0.06,-0.06,0.9,0.1,-0.13,0.02,-4.01,-4.05
-0.06,-0.05,0.9,0.08,-0.13,0.02,-3.88,-3.24
-0.06,-0.03,0.9,0.04,-0.12,0.02,-3.83,-2.08
-0.06,-0.02,0.91,0.03,-0.14,0.02,-3.68,-1.13
-0.06,-0.01,0.92,0.03,-0.16,0.01,-3.43,-0.55
-0.06,0.0,0.93,0.03,-0.15,0.01,-3.42,0.09
-0.06,0.01,0.94,0.03,-0.13,0.01,-3.42,0.77
-0.06,0.02,0.94,0.03,-0.11,0.01,-3.43,1.28
-0.06,0.02,0.94,0.06,-0.11,0.01,-3.51,1.48
-0.06,0.02,0.95,0.08,-0.08,0.0,-3.36,1.41
-0.06,0.02,0.94,0.08,-0.06,-0.01,-3.62,1.23
-0.05,0.02,0.93,0.1,-0.05,-0.01,-3.26,1.06
-0.05,0.03,0.93,0.11,-0.05,-0.01,-3.34,1.56
-0.06,0.01,0.92,0.11,-0.04,-0.01,-3.55,0.88
-0.05,0.0,0.91,0.1,-0.03,-0.02,-3.25,0.26
-0.05,-0.01,0.9,0.11,-0.05,-0.03,-3.24,-0.4
-0.05,-0.02,0.9,0.08,-0.03,-0.05,-3.43,-1.26
-0.05,-0.02,0.9,0.08,-0.06,-0.04,-3.35,-1.42
-0.05,-0.03,0.91,0.05,-0.05,-0.04,-3.37,-1.7
-0.05,-0.03,0.92,0.04,-0.06,-0.03,-3.39,-1.97
-0.05,-0.04,0.94,0.03,-0.07,-0.03,-3.06,-2.59
-0.05,-0.04,0.96,-0.01,-0.09,-0.01,-3.1,-2.2
-0.05,-0.03,0.96,-0.04,-0.08,0.01,-3.22,-1.78
-0.05,-0.01,0.98,-0.05,-0.09,0.03,-2.96,-0.72
-0.06,-0.0,0.98,-0.03,-0.1,0.04,-3.35,-0.01
-0.05,0.01,0.98,-0.04,-0.09,0.05,-2.8,0.56
-0.05,0.03,0.99,-0.05,-0.09,0.06,-2.62,1.5
-0.05,0.04,1.0,-0.06,-0.08,0.06,-2.64,2.46
-0.04,0.07,1.01,-0.06,-0.09,0.07,-2.5,3.84
-0.04,0.09,1.02,-0.06,-0.1,0.07,-2.48,5.22
-0.04,0.11,1.02,-0.04,-0.09,0.06,-2.26,5.94
-0.04,0.1,1.04,-0.04,-0.11,0.06,-2.03,5.61
-0.03,0.1,1.05,-0.05,-0.14,0.05,-1.86,5.2
-0.04,0.09,1.07,-0.06,-0.18,0.06,-2.29,5.07
-0.05,0.1,1.1,-0.06,-0.21,0.07,-2.56,5.08
-0.04,0.09,1.12,-0.08,-0.26,0.1,-2.16,4.51
-0.04,0.09,1.15,-0.1,-0.27,0.1,-1.76,4.25
-0.03,0.09,1.15,-0.12,-0.3,0.15,-1.41,4.57
-0.03,0.1,1.17,-0.15,-0.3,0.17,-1.55,5.08
-0.03,0.13,1.18,-0.19,-0.29,0.2,-1.28,6.11
-0.03,0.14,1.2,-0.21,-0.29,0.22,-1.33,6.55
-0.02,0.15,1.23,-0.25,-0.31,0.24,-1.14,6.94
-0.02,0.17,1.27,-0.27,-0.31,0.28,-0.85,7.58
-0.01,0.2,1.31,-0.29,-0.3,0.3,-0.39,8.81
-0.0,0.24,1.34,-0.3,-0.31,0.34,-0.2,10.01
0.01,0.25,1.36,-0.28,-0.31,0.36,0.44,10.56
0.03,0.25,1.36,-0.28,-0.28,0.4,1.04,10.52
0.02,0.26,1.37,-0.29,-0.23,0.41,1.01,10.69
0.03,0.28,1.37,-0.3,-0.2,0.44,1.31,11.58
0.04,0.31,1.38,-0.3,-0.19,0.47,1.45,12.52
0.05,0.33,1.38,-0.3,-0.19,0.48,1.93,13.27
0.05,0.33,1.38,-0.31,-0.18,0.49,2.18,13.46
0.05,0.34,1.39,-0.33,-0.21,0.51,1.84,13.8
0.04,0.37,1.4,-0.33,-0.25,0.52,1.65,14.87
0.04,0.41,1.4,-0.32,-0.31,0.52,1.74,16.24
0.05,0.46,1.41,-0.32,-0.38,0.52,1.77,18.09
0.04,0.51,1.41,-0.31,-0.46,0.5,1.68,19.84
0.04,0.56,1.42,-0.27,-0.44,0.39,1.42,21.53
0.03,0.59,1.42,-0.24,-0.55,0.41,1.27,22.74
0.03,0.61,1.43,-0.17,-0.56,0.33,1.13,23.08
0.02,0.61,1.43,-0.12,-0.61,0.26,0.77,22.97
0.02,0.6,1.45,-0.05,-0.69,0.2,0.62,22.46
0.02,0.57,1.46,0.02,-0.77,0.13,0.74,21.17
0.02,0.51,1.47,0.06,-0.86,0.09,0.81,19.17
0.03,0.45,1.46,0.11,-0.97,0.07,1.12,17.07
0.04,0.39,1.44,0.13,-1.1,0.07,1.55,15.04
0.05,0.34,1.43,0.13,-1.19,0.06,1.84,13.34
0.05,0.3,1.43,0.12,-1.32,0.06,1.94,11.89
0.06,0.28,1.43,0.1,-1.44,0.08,2.31,10.91
0.07,0.26,1.42,0.08,-1.55,0.07,2.85,10.32
0.08,0.23,1.41,0.06,-1.66,0.08,3.01,9.21
0.08,0.21,1.4,0.04,-1.73,0.07,3.18,8.66
0.08,0.21,1.4,0.01,-1.77,0.06,3.41,8.4
0.07,0.2,1.4,-0.01,-1.85,0.06,3.01,8.1
0.07,0.21,1.41,-0.01,-1.91,0.05,2.88,8.24
0.07,0.18,1.41,-0.01,-1.96,0.03,2.99,7.34
0.07,0.17,1.42,-0.0,-2.02,0.01,2.62,6.72
0.05,0.15,1.42,-0.02,-2.06,-0.02,2.06,5.85
0.03,0.12,1.42,0.0,-2.14,-0.02,1.3,4.83
0.03,0.11,1.43,0.0,-2.2,-0.04,1.08,4.3
0.02,0.11,1.43,0.02,-2.24,-0.06,0.88,4.27
0.02,0.1,1.44,0.06,-2.28,-0.08,0.76,3.87
0.01,0.08,1.43,0.08,-2.32,-0.1,0.59,3.11
0.0,0.04,1.42,0.1,-2.33,-0.14,0.04,1.52
-0.01,-0.0,1.4,0.13,-2.34,-0.16,-0.58,-0.03
-0.03,-0.05,1.4,0.14,-2.38,-0.17,-1.29,-1.87
-0.03,-0.11,1.38,0.14,-2.4,-0.2,-1.28,-4.39
-0.04,-0.15,1.39,0.14,-2.43,-0.19,-1.74,-6.02
-0.05,-0.18,1.38,0.13,-2.43,-0.19,-2.16,-7.48
-0.06,-0.21,1.38,0.13,-2.47,-0.16,-2.54,-8.51
-0.07,-0.24,1.36,0.14,-2.52,-0.14,-2.96,-9.91
-0.07,-0.27,1.34,0.13,-2.53,-0.11,-2.82,-11.26
-0.07,-0.28,1.31,0.11,-2.53,-0.09,-3.18,-12.26
-0.07,-0.29,1.28,0.09,-2.54,-0.06,-3.22,-12.68
-0.08,-0.27,1.26,0.1,-2.54,-0.05,-3.45,-12.11
-0.08,-0.27,1.25,0.08,-2.54,-0.04,-3.62,-12.05
-0.08,-0.27,1.22,0.08,-2.54,-0.04,-3.5,-12.32
-0.08,-0.27,1.19,0.1,-2.5,-0.04,-3.55,-12.72
-0.08,-0.29,1.15,0.09,-2.48,-0.04,-4.07,-14.2
-0.08,-0.31,1.12,0.08,-2.44,-0.04,-4.13,-15.49
-0.09,-0.33,1.09,0.04,-2.39,-0.04,-4.27,-16.95
-0.09,-0.34,1.07,-0.0,-2.35,-0.02,-4.62,-17.79
-0.1,-0.34,1.04,-0.04,-2.33,-0.01,-5.31,-17.91
-0.12,-0.32,1.03,-0.09,-2.3,0.02,-6.18,-17.08
-0.12,-0.3,1.02,-0.15,-2.24,0.02,-6.63,-16.06
-0.13,-0.28,1.04,-0.17,-2.27,0.01,-6.91,-15.13
-0.14,-0.29,1.05,-0.19,-2.28,0.01,-7.34,-15.19
-0.15,-0.31,1.08,-0.2,-2.35,0.02,-7.45,-15.92
-0.15,-0.32,1.09,-0.21,-2.39,0.05,-7.57,-16.28
-0.16,-0.32,1.09,-0.21,-2.43,0.08,-7.8,-16.29
-0.14,-0.32,1.08,-0.18,-2.48,0.1,-7.33,-16.24
-0.15,-0.32,1.07,-0.17,-2.52,0.13,-7.71,-16.38
-0.15,-0.31,1.05,-0.17,-2.5,0.13,-7.73,-16.41
-0.15,-0.3,1.03,-0.15,-2.48,0.14,-7.81,-16.17
-0.14,-0.3,1.01,-0.15,-2.47,0.13,-7.79,-16.34
-0.14,-0.29,0.99,-0.15,-2.43,0.13,-7.98,-16.41
-0.15,-0.29,0.98,-0.13,-2.39,0.12,-8.32,-16.2
-0.15,-0.28,0.98,-0.14,-2.34,0.1,-8.59,-15.89
-0.15,-0.29,0.97,-0.13,-2.32,0.11,-8.49,-16.62
-0.13,-0.32,0.95,-0.11,-2.29,0.12,-7.55,-18.22
-0.13,-0.33,0.91,-0.1,-2.24,0.11,-7.58,-19.89
-0.14,-0.33,0.9,-0.12,-2.2,0.13,-8.27,-20.12
-0.13,-0.32,0.89,-0.13,-2.2,0.15,-8.11,-19.63
-0.13,-0.3,0.87,-0.13,-2.19,0.15,-7.93,-18.78
-0.12,-0.29,0.86,-0.11,-2.16,0.14,-7.51,-18.32
-0.12,-0.27,0.85,-0.13,-2.16,0.15,-7.62,-17.53
-0.12,-0.26,0.85,-0.13,-2.11,0.14,-7.6,-17.23
-0.11,-0.27,0.83,-0.12,-2.1,0.14,-7.15,-17.88
-0.11,-0.28,0.81,-0.11,-2.08,0.13,-7.3,-18.96
-0.11,-0.28,0.79,-0.12,-2.07,0.13,-7.7,-19.04
-0.12,-0.27,0.79,-0.14,-2.06,0.14,-7.84,-18.77
-0.11,-0.26,0.78,-0.15,-2.07,0.15,-7.72,-18.22
-0.11,-0.25,0.78,-0.16,-2.06,0.15,-7.37,-17.66
-0.1,-0.23,0.78,-0.18,-2.01,0.14,-7.24,-16.44
-0.1,-0.22,0.8,-0.17,-1.97,0.14,-6.65,-15.13
-0.09,-0.21,0.81,-0.13,-1.91,0.13,-6.23,-14.35
-0.08,-0.2,0.83,-0.11,-1.84,0.11,-5.67,-13.84
-0.07,-0.21,0.82,-0.07,-1.78,0.09,-4.87,-14.23
-0.07,-0.2,0.82,-0.05,-1.69,0.09,-4.66,-13.52
-0.08,-0.19,0.84,0.0,-1.61,0.08,-5.26,-12.37
-0.07,-0.18,0.86,0.08,-1.51,0.07,-4.79,-11.93
-0.05,-0.18,0.88,0.16,-1.38,0.04,-3.43,-11.66
-0.03,-0.19,0.88,0.25,-1.27,0.02,-1.66,-12.21
-0.04,-0.19,0.88,0.32,-1.15,-0.01,-2.49,-12.11
-0.05,-0.18,0.87,0.42,-1.07,-0.01,-3.32,-11.45
-0.05,-0.17,0.84,0.48,-1.0,-0.01,-3.17,-11.58
-0.04,-0.17,0.81,0.55,-0.97,-0.02,-2.68,-11.91
-0.04,-0.16,0.78,0.58,-0.94,-0.01,-3.2,-11.75
-0.06,-0.14,0.75,0.63,-0.94,0.0,-4.63,-10.78
-0.07,-0.12,0.74,0.65,-0.93,0.01,-5.23,-9.02
-0.07,-0.09,0.73,0.66,-0.94,0.02,-5.61,-6.9
-0.06,-0.06,0.71,0.69,-0.96,0.01,-4.59,-4.99
-0.05,-0.04,0.68,0.69,-1.0,-0.0,-4.58,-3.7
-0.06,-0.04,0.65,0.71,-1.01,-0.01,-5.43,-3.13
-0.06,-0.03,0.62,0.68,-1.02,-0.02,-5.65,-3.02
-0.06,-0.01,0.59,0.67,-1.05,-0.03,-5.36,-1.42
-0.05,-0.0,0.57,0.66,-1.04,-0.04,-4.96,-0.29
-0.04,0.01,0.53,0.61,-1.06,-0.05,-4.74,0.92
-0.04,0.01,0.5,0.56,-1.04,-0.06,-4.93,1.36
-0.05,0.02,0.47,0.49,-1.04,-0.07,-6.34,2.62
-0.06,0.02,0.46,0.42,-1.04,-0.07,-7.56,2.07
-0.06,0.02,0.45,0.35,-1.02,-0.07,-7.58,2.88
-0.06,0.03,0.45,0.25,-0.99,-0.07,-7.64,3.33
-0.06,0.03,0.46,0.18,-0.98,-0.06,-7.61,3.36
-0.07,0.03,0.49,0.12,-0.95,-0.05,-7.6,3.31
-0.06,0.04,0.52,0.06,-0.9,-0.06,-6.46,4.03
-0.05,0.04,0.55,0.03,-0.83,-0.05,-5.09,3.94
-0.05,0.03,0.56,0.0,-0.77,-0.06,-5.11,3.35
-0.07,0.02,0.57,-0.01,-0.74,-0.06,-6.8,1.72
-0.08,-0.01,0.59,-0.03,-0.74,-0.04,-7.79,-0.92
-0.1,-0.04,0.62,-0.05,-0.74,-0.01,-8.89,-3.29
-0.1,-0.05,0.64,-0.07,-0.78,0.05,-8.91,-4.15
-0.11,-0.03,0.68,-0.06,-0.83,0.1,-8.86,-2.84
-0.1,-0.01,0.71,-0.05,-0.86,0.12,-7.86,-0.66
-0.09,0.02,0.74,-0.03,-0.86,0.15,-7.3,1.33
-0.09,0.03,0.76,0.0,-0.86,0.16,-7.03,2.43
-0.08,0.07,0.79,0.05,-0.84,0.15,-5.68,5.38
-0.07,0.1,0.8,0.1,-0.82,0.14,-4.98,7.22
-0.07,0.12,0.8,0.13,-0.76,0.11,-5.2,8.36
-0.07,0.13,0.8,0.18,-0.72,0.07,-4.8,9.05
-0.07,0.14,0.79,0.22,-0.69,0.03,-4.78,9.87
-0.06,0.14,0.79,0.26,-0.67,-0.0,-4.63,10.06
-0.07,0.14,0.76,0.28,-0.63,-0.04,-5.18,10.13
-0.07,0.12,0.74,0.3,-0.61,-0.06,-5.42,9.41
-0.07,0.11,0.71,0.32,-0.61,-0.08,-5.39,8.71
-0.08,0.09,0.69,0.32,-0.61,-0.09,-6.13,7.56
-0.08,0.09,0.68,0.32,-0.58,-0.1,-6.83,7.07
-0.08,0.07,0.67,0.31,-0.56,-0.09,-7.14,6.32
-0.09,0.06,0.68,0.31,-0.54,-0.08,-7.49,5.34
-0.09,0.05,0.68,0.31,-0.52,-0.07,-7.57,4.03
-0.1,0.04,0.68,0.31,-0.47,-0.06,-8.25,3.05
-0.1,0.03,0.69,0.33,-0.43,-0.04,-7.83,2.35
-0.09,0.03,0.71,0.36,-0.4,-0.01,-7.44,2.36
-0.08,0.04,0.72,0.39,-0.36,0.02,-6.68,3.42
-0.08,0.07,0.73,0.41,-0.31,0.02,-6.08,5.25
-0.09,0.08,0.74,0.45,-0.3,0.04,-6.61,6.4
-0.09,0.11,0.75,0.47,-0.28,0.04,-6.46,7.97
-0.09,0.12,0.74,0.5,-0.27,0.05,-6.7,9.09
-0.07,0.14,0.73,0.51,-0.25,0.04,-5.32,10.61
-0.08,0.16,0.71,0.5,-0.21,0.03,-5.96,12.52
-0.09,0.16,0.69,0.5,-0.23,0.04,-6.99,12.71
-0.1,0.16,0.68,0.5,-0.22,0.02,-7.9,13.16
-0.09,0.15,0.66,0.48,-0.2,0.0,-7.31,12.97
-0.09,0.16,0.64,0.44,-0.18,-0.01,-8.09,14.1
-0.09,0.16,0.63,0.41,-0.16,0.0,-7.96,14.43
-0.1,0.16,0.61,0.35,-0.12,0.01,-8.86,14.76
-0.1,0.16,0.6,0.27,-0.11,0.01,-9.55,14.71
-0.1,0.15,0.6,0.2,-0.1,0.03,-9.39,13.9
-0.09,0.14,0.62,0.13,-0.11,0.04,-8.43,12.6
-0.08,0.14,0.64,0.04,-0.1,0.05,-7.08,12.63
-0.07,0.16,0.67,-0.02,-0.08,0.06,-6.1,13.08
-0.06,0.17,0.7,-0.1,-0.06,0.06,-4.9,13.35
-0.06,0.16,0.73,-0.18,-0.05,0.05,-4.35,12.66
-0.06,0.15,0.76,-0.26,-0.05,0.05,-4.71,11.12
-0.05,0.17,0.8,-0.3,-0.06,0.05,-3.62,11.82
-0.04,0.18,0.85,-0.34,-0.07,0.04,-2.88,11.71
-0.05,0.18,0.89,-0.38,-0.12,0.02,-2.95,11.35
-0.04,0.18,0.93,-0.4,-0.13,-0.0,-2.6,10.69
-0.04,0.18,0.96,-0.41,-0.17,-0.03,-2.35,10.35
-0.04,0.17,1.0,-0.41,-0.19,-0.04,-2.11,9.59
-0.03,0.17,1.04,-0.4,-0.21,-0.08,-1.78,9.35
-0.04,0.15,1.06,-0.38,-0.24,-0.1,-2.32,7.98
-0.04,0.13,1.08,-0.33,-0.26,-0.13,-2.28,7.03
-0.05,0.1,1.08,-0.28,-0.26,-0.16,-2.82,5.32
-0.06,0.06,1.07,-0.25,-0.26,-0.17,-3.17,2.97
-0.07,0.01,1.06,-0.18,-0.29,-0.16,-3.98,0.74
-0.07,-0.02,1.05,-0.14,-0.29,-0.13,-4.01,-0.82
-0.07,-0.01,1.04,-0.09,-0.29,-0.12,-4.03,-0.71
-0.07,-0.01,1.04,-0.07,-0.26,-0.1,-4.1,-0.51
-0.07,-0.01,1.03,-0.03,-0.24,-0.09,-3.99,-0.4
-0.07,-0.0,1.02,0.01,-0.22,-0.09,-3.78,-0.06
-0.06,-0.01,1.01,0.03,-0.17,-0.09,-3.54,-0.53
-0.06,-0.01,1.0,0.06,-0.14,-0.09,-3.43,-0.6
-0.06,-0.02,0.99,0.07,-0.1,-0.09,-3.52,-1.06
-0.05,-0.03,0.98,0.09,-0.08,-0.08,-3.07,-1.88
-0.05,-0.02,0.97,0.1,-0.05,-0.07,-2.73,-1.27
-0.04,-0.01,0.95,0.1,-0.03,-0.06,-2.62,-0.48
-0.04,0.01,0.94,0.1,0.01,-0.06,-2.57,0.74
-0.05,0.02,0.94,0.09,0.03,-0.07,-2.92,1.01
-0.05,0.02,0.94,0.1,0.06,-0.08,-2.87,1.27
-0.05,0.03,0.92,0.07,0.1,-0.08,-2.89,1.62
-0.05,0.03,0.9,0.08,0.1,-0.09,-2.88,2.19
-0.05,0.05,0.89,0.07,0.11,-0.09,-3.25,3.46
-0.05,0.06,0.87,0.07,0.11,-0.09,-3.4,3.97
-0.05,0.07,0.84,0.03,0.15,-0.11,-3.56,4.61
-0.05,0.08,0.83,-0.0,0.16,-0.11,-3.43,5.62
-0.06,0.08,0.81,-0.03,0.15,-0.11,-3.94,5.76
-0.05,0.08,0.8,-0.06,0.13,-0.11,-3.91,5.57
-0.06,0.08,0.8,-0.11,0.13,-0.11,-4.47,5.82
-0.06,0.07,0.81,-0.16,0.12,-0.1,-4.11,4.69
-0.06,0.07,0.82,-0.2,0.1,-0.09,-4.34,4.52
-0.06,0.07,0.8,-0.21,0.08,-0.07,-4.55,4.87
-0.06,0.07,0.81,-0.24,0.09,-0.06,-4.5,4.62
-0.06,0.04,0.81,-0.27,0.09,-0.05,-4.41,2.78
-0.06,0.06,0.78,-0.28,0.08,-0.04,-4.47,4.44
-0.05,0.05,0.81,-0.29,0.11,-0.03,-3.38,3.22
-0.06,0.07,0.77,-0.32,0.12,-0.02,-4.35,5.24
-0.05,0.07,0.78,-0.36,0.15,-0.01,-3.77,5.1
-0.04,0.06,0.82,-0.36,0.14,0.0,-2.87,4.1
-0.04,0.04,0.84,-0.36,0.15,0.01,-2.64,2.6
-0.03,0.04,0.87,-0.35,0.2,0.0,-2.18,2.52
-0.04,0.04,0.89,-0.29,0.23,0.01,-2.48,2.65
-0.04,0.03,0.91,-0.23,0.28,0.0,-2.52,2.01
-0.04,0.04,0.9,-0.17,0.32,0.01,-2.37,2.63
-0.03,0.05,0.9,-0.1,0.38,-0.01,-2.07,3.02
-0.04,0.05,0.89,-0.05,0.43,-0.02,-2.41,3.03
-0.04,0.05,0.88,0.01,0.46,-0.03,-2.63,3.48
-0.04,0.06,0.86,0.07,0.51,-0.02,-2.8,3.95
-0.04,0.06,0.83,0.11,0.56,-0.05,-2.64,4.37
-0.05,0.07,0.79,0.14,0.6,-0.05,-3.39,4.75
-0.06,0.07,0.76,0.17,0.62,-0.05,-4.34,5.27
-0.07,0.07,0.74,0.19,0.62,-0.05,-5.03,5.61
-0.06,0.07,0.72,0.19,0.65,-0.04,-4.64,5.36
-0.05,0.07,0.71,0.2,0.66,-0.03,-3.99,5.53
-0.05,0.07,0.68,0.2,0.67,-0.03,-4.19,5.76
-0.06,0.07,0.68,0.19,0.68,-0.02,-4.71,6.11
-0.05,0.07,0.67,0.16,0.69,-0.02,-4.27,6.17
-0.05,0.07,0.67,0.17,0.7,-0.04,-4.12,6.07
-0.05,0.07,0.67,0.14,0.72,-0.03,-3.97,5.91
-0.05,0.07,0.67,0.14,0.74,-0.04,-4.17,5.67
-0.04,0.07,0.66,0.15,0.74,-0.04,-3.78,5.86
-0.04,0.08,0.65,0.12,0.8,-0.04,-3.75,7.1
-0.04,0.08,0.62,0.1,0.82,-0.05,-3.99,7.37
-0.05,0.08,0.61,0.06,0.84,-0.05,-4.59,7.04
-0.05,0.05,0.6,0.04,0.87,-0.07,-5.02,5.16
-0.06,0.04,0.6,-0.02,0.9,-0.06,-5.56,3.53
-0.06,0.02,0.61,-0.04,0.92,-0.05,-5.48,2.17
-0.05,0.02,0.63,-0.09,0.95,-0.04,-4.5,1.6
-0.06,0.02,0.64,-0.12,0.98,-0.03,-4.93,1.36
-0.05,0.02,0.66,-0.14,1.01,-0.03,-4.35,1.41
-0.05,0.02,0.67,-0.17,1.03,-0.03,-4.23,1.43
-0.04,0.01,0.71,-0.19,1.05,-0.03,-3.56,0.78
-0.04,0.0,0.74,-0.18,1.07,-0.05,-3.09,0.13
-0.05,-0.0,0.76,-0.17,1.09,-0.05,-3.53,-0.18
-0.05,-0.02,0.79,-0.15,1.1,-0.05,-3.64,-1.58
-0.05,-0.03,0.79,-0.12,1.12,-0.06,-3.27,-2.41
-0.05,-0.04,0.8,-0.09,1.14,-0.05,-3.43,-2.72
-0.05,-0.03,0.8,-0.04,1.16,-0.05,-3.51,-2.29
-0.05,-0.01,0.78,-0.02,1.2,-0.05,-3.65,-0.79
-0.05,-0.0,0.75,-0.01,1.25,-0.06,-3.89,-0.34
-0.06,-0.0,0.73,0.0,1.28,-0.07,-4.71,-0.33
-0.07,-0.01,0.71,-0.02,1.33,-0.08,-5.38,-0.61
-0.07,-0.01,0.69,-0.07,1.39,-0.07,-5.45,-1.19
-0.06,-0.02,0.68,-0.11,1.39,-0.07,-5.44,-1.77
-0.07,-0.04,0.67,-0.16,1.37,-0.05,-5.63,-3.65
-0.07,-0.05,0.67,-0.24,1.38,-0.06,-5.73,-4.13
-0.07,-0.06,0.68,-0.29,1.33,-0.02,-6.03,-4.89
-0.06,-0.05,0.72,-0.38,1.32,-0.01,-5.02,-4.06
-0.06,-0.05,0.79,-0.41,1.29,-0.0,-4.26,-3.53
-0.04,-0.05,0.83,-0.44,1.26,-0.01,-2.92,-3.24
-0.03,-0.05,0.87,-0.45,1.27,-0.02,-2.09,-3.23
-0.03,-0.06,0.89,-0.45,1.26,-0.02,-1.72,-3.89
-0.03,-0.06,0.9,-0.45,1.25,-0.03,-1.69,-3.61
-0.04,-0.07,0.92,-0.44,1.26,-0.05,-2.31,-4.12
-0.03,-0.07,0.96,-0.44,1.3,-0.06,-1.88,-3.88
-0.04,-0.07,1.0,-0.4,1.33,-0.07,-2.26,-4.29
-0.04,-0.08,1.03,-0.33,1.37,-0.1,-2.28,-4.2
-0.06,-0.08,1.04,-0.27,1.39,-0.11,-3.04,-4.43
-0.05,-0.07,1.04,-0.2,1.45,-0.13,-2.96,-4.03
-0.06,-0.06,1.05,-0.12,1.47,-0.14,-3.35,-3.31
-0.06,-0.06,1.02,-0.02,1.5,-0.17,-3.54,-3.59
-0.06,-0.07,0.97,0.05,1.53,-0.21,-3.75,-4.39
-0.07,-0.1,0.91,0.07,1.59,-0.23,-4.34,-5.99
-0.07,-0.12,0.85,0.05,1.62,-0.23,-4.77,-8.26
-0.07,-0.15,0.78,0.01,1.62,-0.24,-5.13,-10.97
-0.07,-0.19,0.74,-0.07,1.62,-0.21,-5.6,-13.99
-0.08,-0.21,0.71,-0.2,1.59,-0.19,-5.77,-16.58
-0.07,-0.24,0.7,-0.36,1.57,-0.16,-5.63,-18.69
-0.07,-0.25,0.72,-0.51,1.5,-0.11,-5.31,-19.07
-0.07,-0.27,0.79,-0.63,1.41,-0.07,-4.78,-18.64
-0.07,-0.25,0.86,-0.76,1.35,-0.02,-4.24,-16.15
-0.06,-0.22,0.93,-0.85,1.28,0.02,-3.81,-13.35
-0.05,-0.19,1.05,-0.85,1.2,0.04,-2.9,-10.1
-0.04,-0.15,1.19,-0.79,1.14,0.06,-1.75,-7.11
-0.04,-0.12,1.27,-0.66,1.16,0.03,-1.74,-5.53
-0.05,-0.1,1.32,-0.51,1.17,0.01,-2.11,-4.13
-0.05,-0.06,1.33,-0.32,1.24,-0.02,-2.02,-2.66
-0.04,-0.02,1.32,-0.12,1.36,-0.07,-1.62,-1.0
-0.04,0.0,1.26,0.08,1.53,-0.14,-1.66,0.07
-0.05,-0.01,1.19,0.26,1.68,-0.21,-2.27,-0.26
-0.07,-0.05,1.1,0.4,1.78,-0.26,-3.44,-2.52
-0.07,-0.1,1.0,0.49,1.88,-0.29,-3.86,-5.47
-0.08,-0.15,0.9,0.51,1.96,-0.31,-4.75,-9.25
-0.09,-0.17,0.82,0.5,1.98,-0.3,-5.92,-11.58
-0.1,-0.19,0.76,0.48,2.11,-0.38,-7.04,-13.91
-0.1,-0.2,0.72,0.34,1.94,-0.24,-7.84,-15.32
-0.11,-0.23,0.69,0.23,1.86,-0.23,-8.62,-18.04
-0.1,-0.26,0.66,0.11,1.77,-0.2,-7.99,-21.18
-0.08,-0.28,0.63,-0.05,1.66,-0.14,-6.76,-23.94
-0.07,-0.29,0.63,-0.22,1.55,-0.09,-5.93,-24.75
-0.07,-0.28,0.67,-0.4,1.46,-0.05,-5.16,-22.82
-0.04,-0.26,0.73,-0.56,1.4,-0.02,-3.07,-19.75
-0.03,-0.23,0.8,-0.67,1.35,0.0,-2.11,-15.81
-0.01,-0.2,0.88,-0.73,1.32,0.0,-0.74,-12.67
0.0,-0.18,0.96,-0.75,1.31,0.01,0.02,-10.53
0.0,-0.15,1.01,-0.74,1.35,-0.01,0.05,-8.68
-0.0,-0.13,1.06,-0.68,1.37,-0.01,-0.18,-6.89
-0.01,-0.1,1.1,-0.61,1.43,-0.03,-0.52,-5.46
-0.02,-0.1,1.1,-0.53,1.5,-0.06,-0.95,-5.4
-0.02,-0.11,1.1,-0.45,1.58,-0.09,-0.99,-5.89
-0.03,-0.1,1.1,-0.4,1.64,-0.1,-1.44,-5.36
-0.03,-0.09,1.1,-0.33,1.66,-0.11,-1.81,-4.4
-0.03,-0.08,1.1,-0.24,1.69,-0.13,-1.69,-4.4
-0.04,-0.09,1.07,-0.19,1.73,-0.16,-1.91,-4.64
-0.04,-0.1,1.05,-0.14,1.73,-0.17,-2.24,-5.65
-0.04,-0.12,1.01,-0.1,1.71,-0.19,-2.15,-7.04
-0.04,-0.13,0.99,-0.11,1.72,-0.2,-2.21,-7.71
-0.04,-0.14,0.98,-0.11,1.69,-0.21,-2.53,-8.06
-0.05,-0.15,0.98,-0.13,1.67,-0.22,-2.66,-8.71
-0.06,-0.16,0.99,-0.13,1.63,-0.22,-3.41,-9.01
-0.06,-0.16,1.02,-0.14,1.58,-0.22,-3.16,-9.03
-0.06,-0.17,1.01,-0.15,1.57,-0.23,-3.61,-9.66
-0.06,-0.17,1.02,-0.16,1.54,-0.21,-3.5,-9.35
-0.07,-0.16,1.01,-0.18,1.53,-0.21,-3.75,-8.95
-0.07,-0.14,1.02,-0.17,1.51,-0.22,-4.1,-7.93
-0.07,-0.13,1.03,-0.17,1.53,-0.22,-4.08,-7.0
-0.07,-0.1,1.05,-0.15,1.54,-0.24,-3.79,-5.6
-0.06,-0.08,1.06,-0.11,1.55,-0.25,-3.31,-4.54
-0.05,-0.09,1.06,-0.06,1.56,-0.29,-2.91,-4.73
-0.05,-0.11,1.05,-0.02,1.6,-0.32,-2.87,-5.75
-0.05,-0.13,1.03,0.01,1.65,-0.35,-2.96,-7.05
-0.05,-0.14,1.02,0.02,1.67,-0.38,-2.96,-7.98
-0.05,-0.18,1.0,0.03,1.69,-0.41,-3.07,-10.05
-0.07,-0.24,1.0,-0.0,1.73,-0.41,-3.76,-13.35
-0.08,-0.28,1.01,-0.07,1.77,-0.4,-4.47,-15.55
-0.1,-0.32,1.0,-0.15,1.79,-0.35,-5.15,-17.48
-0.11,-0.35,1.0,-0.24,1.78,-0.29,-5.76,-19.11
-0.12,-0.37,1.01,-0.37,1.77,-0.21,-6.21,-20.04
-0.12,-0.33,1.03,-0.52,1.78,-0.13,-6.57,-17.96
-0.12,-0.27,1.05,-0.65,1.75,-0.05,-6.47,-14.5
-0.12,-0.18,1.1,-0.75,1.71,0.01,-5.93,-9.4
-0.11,-0.08,1.17,-0.82,1.63,0.05,-5.18,-3.89
-0.1,0.02,1.25,-0.88,1.57,0.07,-4.54,0.84
-0.1,0.09,1.3,-0.85,1.46,0.09,-4.27,3.81
-0.1,0.16,1.36,-0.79,1.38,0.08,-4.04,6.49
-0.09,0.22,1.41,-0.7,1.35,0.07,-3.81,8.94
-0.09,0.27,1.44,-0.6,1.33,0.03,-3.66,10.52
-0.09,0.32,1.47,-0.46,1.35,-0.01,-3.27,12.08
-0.09,0.34,1.47,-0.29,1.36,-0.07,-3.36,12.95
-0.09,0.34,1.47,-0.1,1.4,-0.13,-3.53,12.95
-0.1,0.33,1.45,0.06,1.49,-0.21,-3.68,12.67
-0.09,0.29,1.43,0.22,1.54,-0.26,-3.67,11.45
-0.09,0.23,1.4,0.38,1.58,-0.32,-3.57,9.25
-0.09,0.15,1.35,0.48,1.62,-0.36,-3.67,6.4
-0.09,0.05,1.28,0.53,1.69,-0.38,-3.98,2.38
-0.09,-0.0,1.24,0.57,1.71,-0.37,-4.28,-0.15
-0.1,-0.05,1.19,0.54,1.73,-0.36,-4.59,-2.4
-0.09,-0.11,1.15,0.47,1.73,-0.33,-4.68,-5.23
-0.11,-0.19,1.13,0.35,1.76,-0.28,-5.39,-9.55
-0.11,-0.22,1.13,0.2,1.73,-0.21,-5.58,-11.05
-0.12,-0.23,1.15,0.04,1.67,-0.12,-6.01,-11.22
-0.11,-0.19,1.16,-0.09,1.57,-0.01,-5.31,-9.21
-0.09,-0.11,1.2,-0.23,1.49,0.08,-4.52,-5.18
-0.07,-0.0,1.2,-0.36,1.42,0.14,-3.49,-0.15
-0.06,0.12,1.22,-0.39,1.3,0.18,-2.91,5.41
-0.05,0.19,1.24,-0.41,1.23,0.19,-2.45,8.86
-0.05,0.26,1.26,-0.39,1.17,0.17,-2.13,11.77
-0.03,0.32,1.3,-0.35,1.12,0.13,-1.26,13.58
-0.02,0.34,1.34,-0.27,1.08,0.1,-0.96,14.35
-0.02,0.35,1.37,-0.19,1.06,0.06,-1.0,14.57
-0.01,0.37,1.38,-0.07,1.04,0.04,-0.5,14.92
-0.0,0.36,1.35,0.01,1.07,0.01,-0.0,15.12
0.0,0.34,1.3,0.12,1.08,-0.03,0.17,14.88
-0.0,0.28,1.27,0.21,1.1,-0.09,-0.19,12.55
-0.0,0.21,1.24,0.24,1.15,-0.14,-0.17,9.84
-0.01,0.15,1.23,0.25,1.18,-0.15,-0.35,6.96
-0.0,0.11,1.22,0.24,1.2,-0.16,-0.06,5.02
0.0,0.07,1.22,0.19,1.23,-0.14,0.22,3.08
0.01,0.03,1.21,0.14,1.24,-0.11,0.32,1.49
0.02,-0.01,1.2,0.04,1.27,-0.07,0.83,-0.62
0.01,-0.05,1.19,-0.07,1.29,-0.02,0.71,-2.18
0.02,-0.05,1.19,-0.21,1.32,0.04,0.76,-2.32
0.02,-0.01,1.2,-0.35,1.34,0.1,0.93,-0.59
0.03,0.03,1.23,-0.5,1.35,0.17,1.49,1.27
0.06,0.06,1.28,-0.64,1.36,0.25,2.53,2.69
0.1,0.12,1.33,-0.75,1.39,0.34,4.39,5.17
0.15,0.19,1.4,-0.83,1.39,0.42,6.22,7.61
0.22,0.25,1.46,-0.9,1.39,0.51,8.38,9.66
0.27,0.33,1.49,-0.98,1.36,0.62,10.15,12.28
0.3,0.4,1.46,-1.04,1.3,0.71,11.02,14.95
0.27,0.48,1.41,-1.12,1.19,0.77,10.39,18.57
0.23,0.6,1.36,-1.21,1.03,0.8,8.84,23.64
0.19,0.73,1.31,-1.3,0.83,0.8,7.12,28.92
0.15,0.85,1.29,-1.32,0.55,0.75,5.64,33.06
0.13,0.95,1.3,-1.31,0.28,0.67,4.77,35.94
0.12,1.02,1.33,-1.3,0.08,0.57,4.21,37.21
0.11,1.06,1.38,-1.22,-0.15,0.49,3.74,37.61
0.11,1.09,1.41,-1.13,-0.31,0.4,3.45,37.61
0.11,1.09,1.42,-1.02,-0.46,0.31,3.48,37.41
0.11,1.1,1.43,-0.89,-0.52,0.22,3.45,37.47
0.1,1.08,1.43,-0.74,-0.54,0.12,3.28,37.08
0.08,1.04,1.43,-0.61,-0.51,0.03,2.62,35.94
0.08,1.01,1.44,-0.47,-0.53,-0.07,2.51,34.85
0.06,0.95,1.47,-0.35,-0.5,-0.14,1.94,32.72
0.04,0.89,1.49,-0.24,-0.49,-0.2,1.23,31.0
0.02,0.83,1.48,-0.15,-0.5,-0.23,0.56,29.28
0.02,0.78,1.49,-0.08,-0.53,-0.26,0.56,27.68
0.02,0.74,1.49,-0.01,-0.59,-0.27,0.65,26.5
0.02,0.71,1.5,0.04,-0.63,-0.28,0.68,25.4
0.02,0.69,1.49,0.09,-0.69,-0.28,0.58,24.74
0.01,0.66,1.49,0.14,-0.75,-0.3,0.25,23.81
-0.01,0.63,1.5,0.17,-0.82,-0.31,-0.27,22.7
-0.02,0.59,1.51,0.19,-0.89,-0.32,-0.59,21.48
-0.03,0.57,1.52,0.24,-0.97,-0.31,-0.97,20.57
-0.03,0.55,1.54,0.29,-1.04,-0.31,-0.97,19.65
-0.04,0.54,1.55,0.32,-1.1,-0.3,-1.37,19.24
-0.05,0.54,1.58,0.37,-1.15,-0.31,-1.62,18.75
-0.05,0.52,1.59,0.41,-1.21,-0.29,-1.78,18.03
-0.05,0.5,1.6,0.49,-1.27,-0.28,-1.57,17.48
-0.04,0.47,1.6,0.54,-1.31,-0.29,-1.49,16.25
-0.03,0.42,1.61,0.58,-1.33,-0.29,-1.05,14.59
-0.02,0.37,1.61,0.6,-1.36,-0.28,-0.66,12.74
-0.01,0.32,1.63,0.62,-1.4,-0.25,-0.27,11.25
0.01,0.3,1.63,0.62,-1.43,-0.21,0.4,10.46
0.01,0.27,1.61,0.62,-1.44,-0.18,0.39,9.6
0.02,0.25,1.58,0.63,-1.5,-0.15,0.85,9.01
0.04,0.24,1.56,0.62,-1.55,-0.14,1.39,8.87
0.03,0.23,1.53,0.61,-1.62,-0.13,1.12,8.48
0.02,0.21,1.51,0.57,-1.68,-0.13,0.84,7.82
0.02,0.19,1.52,0.54,-1.75,-0.13,0.68,7.28
0.02,0.17,1.52,0.53,-1.84,-0.14,0.86,6.21
0.02,0.16,1.53,0.5,-1.93,-0.14,0.71,5.79
0.02,0.13,1.54,0.49,-1.98,-0.14,0.83,4.8
0.02,0.11,1.53,0.5,-2.04,-0.13,0.72,4.25
0.02,0.07,1.53,0.5,-2.1,-0.11,0.59,2.69
0.01,0.06,1.54,0.49,-2.16,-0.11,0.54,2.17
0.01,0.05,1.53,0.5,-2.18,-0.11,0.54,1.85
0.02,0.04,1.51,0.5,-2.2,-0.1,0.67,1.33
0.01,0.03,1.49,0.52,-2.24,-0.1,0.55,1.07
0.01,0.01,1.47,0.53,-2.27,-0.1,0.49,0.33
0.02,-0.0,1.46,0.55,-2.28,-0.12,0.65,-0.05
0.02,-0.03,1.44,0.56,-2.3,-0.14,0.62,-1.15
0.02,-0.05,1.43,0.57,-2.33,-0.16,0.71,-1.88
0.01,-0.08,1.41,0.59,-2.37,-0.17,0.31,-3.12
-0.0,-0.1,1.39,0.59,-2.38,-0.2,-0.16,-4.14
-0.01,-0.13,1.36,0.6,-2.41,-0.21,-0.33,-5.62
-0.01,-0.18,1.34,0.59,-2.42,-0.23,-0.42,-7.83
-0.02,-0.23,1.31,0.58,-2.45,-0.23,-0.82,-10.04
-0.03,-0.28,1.27,0.53,-2.43,-0.24,-1.39,-12.43
-0.04,-0.31,1.26,0.5,-2.44,-0.23,-1.93,-13.85
-0.06,-0.34,1.23,0.43,-2.46,-0.21,-2.49,-15.48
-0.06,-0.37,1.21,0.38,-2.47,-0.21,-2.64,-16.75
-0.06,-0.37,1.2,0.34,-2.48,-0.21,-2.93,-17.04
-0.07,-0.38,1.19,0.27,-2.48,-0.2,-3.11,-17.49
-0.08,-0.41,1.18,0.21,-2.5,-0.21,-3.48,-19.14
-0.09,-0.44,1.18,0.14,-2.53,-0.19,-3.92,-20.4
-0.09,-0.47,1.18,0.09,-2.54,-0.17,-4.15,-21.78
-0.09,-0.5,1.17,0.04,-2.55,-0.16,-4.14,-23.09
-0.1,-0.54,1.18,-0.01,-2.59,-0.1,-4.54,-24.3
-0.13,-0.56,1.21,-0.06,-2.65,-0.05,-5.36,-24.54
-0.13,-0.57,1.22,-0.07,-2.68,0.02,-5.41,-24.88
-0.12,-0.55,1.2,-0.1,-2.7,0.1,-5.24,-24.51
-0.12,-0.52,1.17,-0.1,-2.74,0.16,-5.2,-23.83
-0.11,-0.5,1.14,-0.09,-2.75,0.2,-5.24,-23.39
-0.11,-0.46,1.1,-0.09,-2.74,0.22,-5.11,-22.79
-0.1,-0.43,1.07,-0.1,-2.7,0.23,-4.86,-21.74
-0.09,-0.42,1.04,-0.1,-2.67,0.22,-4.71,-21.86
-0.09,-0.42,0.99,-0.12,-2.62,0.21,-4.7,-22.66
-0.09,-0.43,0.95,-0.14,-2.58,0.21,-4.92,-24.31
-0.09,-0.46,0.9,-0.2,-2.5,0.21,-5.33,-26.98
-0.1,-0.48,0.88,-0.28,-2.47,0.24,-5.65,-28.21
-0.1,-0.48,0.87,-0.33,-2.46,0.26,-5.52,-28.91
-0.09,-0.48,0.86,-0.4,-2.45,0.3,-4.98,-29.11
-0.08,-0.46,0.83,-0.48,-2.42,0.33,-4.79,-28.92
-0.08,-0.44,0.82,-0.56,-2.4,0.37,-5.07,-27.9
-0.08,-0.41,0.81,-0.62,-2.4,0.39,-5.01,-26.97
-0.07,-0.4,0.79,-0.69,-2.35,0.41,-4.58,-26.47
-0.06,-0.39,0.79,-0.77,-2.3,0.42,-4.21,-26.05
-0.06,-0.37,0.81,-0.85,-2.25,0.43,-4.05,-24.4
-0.06,-0.33,0.83,-0.92,-2.21,0.43,-4.09,-21.95
-0.06,-0.3,0.86,-0.94,-2.19,0.43,-4.02,-19.27
-0.05,-0.26,0.91,-0.96,-2.13,0.41,-3.03,-16.19
-0.05,-0.25,0.92,-0.97,-2.1,0.4,-3.27,-15.16
-0.08,-0.24,0.96,-0.95,-2.11,0.38,-4.36,-14.01
-0.09,-0.23,1.0,-0.9,-2.12,0.36,-5.21,-12.71
-0.08,-0.2,1.03,-0.84,-2.12,0.35,-4.27,-11.01
-0.08,-0.17,1.05,-0.77,-2.12,0.33,-4.16,-9.19
-0.08,-0.14,1.05,-0.69,-2.1,0.28,-4.09,-7.6
-0.07,-0.12,1.04,-0.6,-2.1,0.22,-4.04,-6.66
-0.08,-0.11,1.05,-0.5,-2.06,0.15,-4.3,-6.2
-0.09,-0.08,1.06,-0.41,-2.01,0.08,-4.74,-4.56
-0.09,-0.07,1.04,-0.29,-1.99,0.01,-5.21,-4.01
-0.08,-0.09,1.0,-0.19,-1.98,-0.07,-4.7,-4.92
-0.09,-0.12,0.96,-0.09,-1.95,-0.16,-5.2,-6.93
-0.09,-0.14,0.92,-0.02,-1.92,-0.21,-5.67,-8.84
-0.1,-0.16,0.88,0.03,-1.92,-0.25,-6.12,-10.48
-0.09,-0.18,0.87,0.06,-1.9,-0.28,-6.08,-11.69
-0.09,-0.2,0.85,0.12,-1.91,-0.3,-6.02,-12.96
-0.09,-0.21,0.82,0.13,-1.91,-0.33,-5.97,-14.04
-0.09,-0.21,0.8,0.16,-1.93,-0.34,-6.36,-14.96
-0.1,-0.2,0.79,0.2,-1.93,-0.35,-6.95,-14.47
-0.1,-0.19,0.78,0.24,-1.91,-0.37,-7.18,-13.92
-0.1,-0.18,0.77,0.27,-1.85,-0.39,-7.18,-12.8
-0.1,-0.17,0.74,0.3,-1.79,-0.41,-7.31,-12.75
-0.1,-0.16,0.71,0.38,-1.71,-0.44,-7.46,-12.93
-0.1,-0.17,0.69,0.43,-1.62,-0.47,-7.96,-13.82
-0.09,-0.15,0.65,0.47,-1.53,-0.49,-7.57,-13.11
-0.09,-0.14,0.61,0.51,-1.4,-0.5,-7.92,-12.38
-0.08,-0.13,0.56,0.54,-1.3,-0.53,-8.16,-12.68
-0.07,-0.12,0.52,0.55,-1.19,-0.55,-7.89,-12.51
-0.07,-0.12,0.47,0.54,-1.08,-0.55,-8.64,-13.67
-0.08,-0.11,0.43,0.51,-0.98,-0.55,-9.92,-13.57
-0.08,-0.09,0.42,0.48,-0.89,-0.54,-11.15,-11.86
-0.09,-0.08,0.41,0.45,-0.83,-0.53,-11.81,-10.81
-0.1,-0.07,0.41,0.42,-0.74,-0.52,-12.9,-9.98
-0.08,-0.06,0.42,0.42,-0.7,-0.51,-10.15,-8.19
-0.06,-0.04,0.41,0.4,-0.65,-0.5,-8.05,-5.75
-0.08,-0.03,0.41,0.38,-0.65,-0.48,-11.05,-3.49
-0.1,-0.01,0.43,0.37,-0.6,-0.47,-13.02,-0.84
-0.1,0.01,0.44,0.4,-0.57,-0.45,-13.19,1.29
-0.1,0.01,0.44,0.43,-0.58,-0.43,-13.1,1.24
-0.11,0.01,0.44,0.44,-0.61,-0.4,-14.13,0.77
-0.11,-0.0,0.44,0.48,-0.64,-0.37,-14.65,-0.27
-0.12,-0.01,0.42,0.5,-0.7,-0.33,-15.49,-1.91
-0.13,-0.03,0.4,0.51,-0.81,-0.26,-18.46,-4.02
-0.15,-0.03,0.38,0.53,-0.93,-0.17,-21.88,-4.12
-0.16,-0.02,0.38,0.53,-1.03,-0.09,-23.15,-2.86
-0.16,0.02,0.38,0.54,-1.09,-0.02,-22.81,2.57
-0.15,0.06,0.39,0.55,-1.14,0.05,-20.81,8.55
-0.14,0.12,0.41,0.57,-1.16,0.09,-18.32,14.89
-0.13,0.16,0.43,0.59,-1.13,0.09,-16.19,19.91
-0.14,0.19,0.45,0.63,-1.09,0.09,-15.59,22.4
-0.13,0.2,0.45,0.69,-1.04,0.08,-15.05,23.61
-0.13,0.24,0.43,0.75,-0.93,0.07,-14.3,28.3
-0.12,0.28,0.42,0.79,-0.83,0.06,-13.63,32.57
-0.12,0.29,0.4,0.82,-0.73,0.04,-13.35,34.98
-0.11,0.31,0.38,0.84,-0.61,0.01,-12.34,37.93
-0.11,0.31,0.36,0.84,-0.49,-0.03,-12.59,39.93
-0.11,0.3,0.34,0.84,-0.38,-0.05,-13.07,40.23
-0.11,0.31,0.33,0.83,-0.26,-0.07,-13.59,41.65
-0.11,0.31,0.31,0.8,-0.18,-0.07,-13.66,43.4
-0.11,0.31,0.31,0.76,-0.12,-0.08,-13.96,43.69
-0.12,0.29,0.31,0.72,-0.08,-0.08,-15.55,40.8
-0.14,0.25,0.33,0.66,-0.04,-0.08,-18.16,35.52
-0.15,0.22,0.34,0.6,-0.05,-0.04,-20.76,30.58
-0.16,0.2,0.35,0.59,-0.07,0.01,-21.18,27.15
-0.13,0.2,0.39,0.54,-0.08,0.06,-16.64,26.19
-0.13,0.23,0.41,0.51,-0.1,0.09,-15.02,27.98
-0.12,0.25,0.44,0.48,-0.11,0.11,-13.61,28.73
-0.12,0.26,0.46,0.45,-0.1,0.13,-12.78,28.23
-0.11,0.27,0.49,0.43,-0.08,0.15,-11.05,28.58
-0.1,0.3,0.52,0.39,-0.04,0.12,-9.42,28.92
-0.1,0.29,0.55,0.36,-0.01,0.1,-8.87,27.94
-0.09,0.3,0.57,0.36,0.02,0.08,-8.29,27.75
-0.08,0.31,0.59,0.35,0.03,0.05,-7.25,27.6
-0.07,0.33,0.6,0.32,0.1,-0.0,-6.09,28.66
-0.07,0.33,0.62,0.32,0.15,-0.05,-5.35,28.04
-0.06,0.32,0.62,0.31,0.22,-0.1,-4.99,27.23
-0.07,0.3,0.61,0.29,0.26,-0.16,-6.14,26.22
-0.08,0.25,0.61,0.28,0.33,-0.21,-6.84,22.64
-0.08,0.22,0.6,0.26,0.4,-0.22,-7.37,20.17
-0.07,0.19,0.58,0.22,0.44,-0.24,-6.79,18.27
-0.09,0.15,0.55,0.19,0.45,-0.24,-8.7,14.7
-0.1,0.1,0.55,0.14,0.45,-0.22,-10.46,10.32
-0.11,0.06,0.56,0.07,0.47,-0.19,-11.34,6.43
-0.1,0.05,0.57,0.01,0.45,-0.15,-10.35,4.99
-0.09,0.05,0.59,-0.05,0.47,-0.11,-8.58,4.38
-0.08,0.05,0.62,-0.08,0.46,-0.08,-7.61,4.83
-0.08,0.05,0.66,-0.12,0.5,-0.06,-6.74,4.53
-0.08,0.05,0.7,-0.14,0.54,-0.05,-6.36,4.38
-0.07,0.05,0.73,-0.12,0.58,-0.05,-5.18,3.53
-0.06,0.04,0.75,-0.13,0.64,-0.05,-4.73,2.99
-0.06,0.03,0.77,-0.12,0.73,-0.05,-4.39,2.45
-0.06,0.03,0.79,-0.11,0.78,-0.05,-4.11,2.16
-0.05,0.03,0.8,-0.1,0.83,-0.05,-3.47,1.81
-0.05,0.02,0.8,-0.1,0.88,-0.05,-3.23,1.32
-0.05,0.01,0.8,-0.13,0.9,-0.04,-3.54,0.51
-0.05,-0.0,0.8,-0.13,0.89,-0.03,-3.6,-0.25
-0.05,-0.01,0.81,-0.14,0.87,-0.03,-3.68,-0.98
-0.05,-0.02,0.85,-0.14,0.82,-0.0,-3.48,-1.54
-0.04,-0.02,0.87,-0.15,0.8,0.01,-2.86,-1.48
-0.03,-0.02,0.9,-0.16,0.74,0.02,-1.77,-1.46
-0.01,-0.01,0.95,-0.13,0.7,0.02,-0.82,-0.32
-0.0,0.01,0.98,-0.1,0.67,0.02,-0.29,0.57
-0.01,0.03,1.01,-0.06,0.69,-0.02,-0.46,1.7
-0.0,0.03,1.02,-0.01,0.7,-0.03,-0.06,1.49
-0.0,0.03,1.04,0.1,0.72,-0.07,-0.09,1.44
-0.0,0.03,1.06,0.18,0.78,-0.09,-0.1,1.38
-0.0,0.02,1.05,0.26,0.87,-0.13,-0.09,1.25
-0.01,0.01,1.03,0.36,0.94,-0.17,-0.31,0.61
-0.01,0.0,0.99,0.45,1.0,-0.19,-0.43,0.19
-0.01,-0.01,0.95,0.5,1.06,-0.21,-0.72,-0.49
-0.02,-0.02,0.9,0.54,1.12,-0.22,-1.1,-1.3
-0.03,-0.03,0.85,0.55,1.16,-0.22,-1.92,-1.83
-0.03,-0.04,0.81,0.54,1.16,-0.2,-1.98,-2.55
-0.04,-0.04,0.78,0.54,1.16,-0.18,-3.16,-2.77
-0.02,-0.03,0.77,0.49,1.15,-0.17,-1.82,-2.24
-0.03,-0.03,0.76,0.42,1.15,-0.17,-2.16,-2.14
-0.03,-0.03,0.77,0.38,1.11,-0.15,-2.54,-2.56
-0.02,-0.03,0.79,0.41,1.25,-0.3,-1.61,-2.34
-0.02,-0.03,0.82,0.31,1.04,-0.14,-1.6,-1.9
-0.03,-0.0,0.85,0.28,1.04,-0.14,-1.71,-0.04
-0.02,-0.0,0.87,0.27,1.03,-0.16,-1.03,-0.23
-0.0,0.0,0.88,0.28,1.01,-0.17,-0.16,0.26
-0.01,-0.0,0.88,0.28,1.03,-0.2,-0.58,-0.02
-0.01,-0.01,0.85,0.28,1.04,-0.23,-0.74,-0.7
-0.01,-0.01,0.85,0.26,1.07,-0.24,-0.97,-0.83
-0.03,-0.03,0.84,0.23,1.1,-0.26,-1.84,-1.82
-0.04,-0.05,0.84,0.2,1.12,-0.26,-2.72,-3.16
-0.04,-0.07,0.86,0.15,1.15,-0.26,-2.48,-4.6
-0.03,-0.07,0.89,0.15,1.14,-0.25,-2.05,-4.75
-0.03,-0.08,0.9,0.14,1.14,-0.25,-1.94,-5.05
-0.04,-0.08,0.92,0.14,1.13,-0.24,-2.48,-4.92
-0.05,-0.07,0.92,0.14,1.14,-0.24,-3.03,-4.64
-0.04,-0.07,0.94,0.16,1.12,-0.22,-2.73,-4.14
-0.04,-0.05,0.94,0.2,1.1,-0.21,-2.73,-3.02
-0.04,-0.04,0.94,0.21,1.11,-0.22,-2.42,-2.25
-0.04,-0.04,0.92,0.24,1.11,-0.23,-2.62,-2.45
-0.04,-0.04,0.9,0.25,1.12,-0.24,-2.56,-2.34
-0.04,-0.05,0.87,0.24,1.12,-0.25,-2.8,-3.15
-0.05,-0.05,0.84,0.24,1.13,-0.27,-3.34,-3.3
-0.05,-0.06,0.83,0.18,1.15,-0.27,-3.45,-4.11
-0.05,-0.08,0.8,0.13,1.15,-0.28,-3.5,-5.4
-0.05,-0.1,0.79,0.09,1.13,-0.27,-3.43,-6.9
-0.06,-0.1,0.78,0.01,1.12,-0.26,-4.08,-7.32
-0.06,-0.11,0.78,-0.09,1.13,-0.25,-4.22,-7.9
-0.05,-0.11,0.8,-0.15,1.12,-0.23,-3.89,-8.14
-0.05,-0.12,0.82,-0.23,1.14,-0.24,-3.74,-8.25
-0.05,-0.14,0.87,-0.29,1.13,-0.22,-3.25,-8.99
-0.05,-0.14,0.91,-0.33,1.11,-0.21,-3.23,-8.51
-0.05,-0.13,0.97,-0.37,1.11,-0.17,-3.1,-7.86
-0.05,-0.11,1.03,-0.35,1.09,-0.15,-2.62,-6.31
-0.04,-0.09,1.07,-0.31,1.06,-0.13,-2.01,-5.05
-0.03,-0.08,1.09,-0.27,1.06,-0.15,-1.76,-4.09
-0.02,-0.05,1.1,-0.22,1.09,-0.15,-0.96,-2.46
-0.02,-0.03,1.1,-0.15,1.1,-0.16,-1.08,-1.68
-0.02,-0.02,1.08,-0.1,1.15,-0.2,-1.32,-1.2
-0.02,-0.04,1.07,-0.05,1.17,-0.23,-0.98,-2.22
-0.02,-0.06,1.05,-0.04,1.22,-0.25,-1.0,-3.13
-0.03,-0.06,0.99,-0.02,1.23,-0.26,-1.71,-3.41
-0.05,-0.09,0.95,-0.05,1.23,-0.27,-3.19,-5.23
-0.05,-0.09,0.97,-0.09,1.25,-0.27,-2.85,-5.24
-0.04,-0.09,1.0,-0.11,1.24,-0.27,-2.39,-5.15
-0.04,-0.09,1.02,-0.12,1.23,-0.25,-1.97,-5.21
-0.02,-0.09,1.03,-0.12,1.21,-0.27,-0.9,-5.13
-0.01,-0.09,1.03,-0.12,1.18,-0.25,-0.83,-5.2
-0.02,-0.08,1.02,-0.15,1.14,-0.24,-1.23,-4.73
-0.02,-0.07,1.02,-0.16,1.12,-0.22,-1.31,-4.03
-0.03,-0.06,1.04,-0.18,1.08,-0.23,-1.39,-3.29
-0.02,-0.05,1.06,-0.18,1.05,-0.24,-0.85,-2.58
-0.02,-0.05,1.06,-0.17,1.04,-0.25,-0.85,-2.58
-0.02,-0.06,1.05,-0.18,1.01,-0.24,-0.89,-3.05
-0.03,-0.05,1.06,-0.15,0.99,-0.26,-1.74,-2.87
-0.04,-0.04,1.07,-0.12,0.98,-0.26,-2.18,-2.24
-0.04,-0.04,1.09,-0.1,1.03,-0.27,-2.18,-1.99
-0.04,-0.04,1.11,-0.04,1.07,-0.28,-2.05,-2.01
-0.03,-0.05,1.09,0.0,1.13,-0.3,-1.74,-2.39
-0.03,-0.07,1.08,0.07,1.18,-0.31,-1.52,-3.45
-0.05,-0.07,1.05,0.1,1.26,-0.32,-2.82,-3.95
-0.08,-0.08,1.01,0.11,1.3,-0.31,-4.25,-4.73
-0.07,-0.08,1.0,0.12,1.32,-0.31,-3.95,-4.8
-0.06,-0.09,0.98,0.1,1.32,-0.29,-3.54,-5.21
-0.06,-0.08,0.96,0.09,1.35,-0.3,-3.8,-4.85
-0.06,-0.09,0.96,0.03,1.35,-0.29,-3.44,-5.43
-0.06,-0.1,0.96,0.03,1.45,-0.37,-3.76,-5.65
-0.06,-0.09,0.97,-0.04,1.26,-0.25,-3.61,-5.2
-0.06,-0.08,0.97,-0.06,1.22,-0.24,-3.54,-4.56
-0.05,-0.06,0.96,-0.11,1.17,-0.23,-2.72,-3.85
-0.04,-0.06,0.95,-0.17,1.16,-0.26,-2.29,-3.9
-0.05,-0.06,0.93,-0.22,1.05,-0.21,-2.86,-3.98
-0.05,-0.07,0.93,-0.27,1.03,-0.22,-2.96,-4.15
-0.04,-0.06,0.94,-0.32,1.0,-0.22,-2.46,-3.62
-0.04,-0.05,0.97,-0.4,0.98,-0.24,-2.13,-2.97
-0.04,-0.04,0.99,-0.41,0.91,-0.21,-2.28,-2.48
-0.05,-0.04,1.03,-0.4,0.91,-0.24,-2.82,-2.38
-0.05,-0.05,1.05,-0.4,0.93,-0.25,-2.81,-2.85
-0.05,-0.06,1.06,-0.38,0.96,-0.25,-2.66,-3.2
-0.05,-0.07,1.05,-0.38,0.99,-0.23,-2.91,-3.94
-0.07,-0.08,1.04,-0.38,1.04,-0.23,-3.65,-4.38
-0.07,-0.08,1.03,-0.39,1.09,-0.22,-3.96,-4.33
-0.07,-0.07,1.04,-0.39,1.12,-0.21,-3.58,-4.05
-0.06,-0.07,1.05,-0.38,1.15,-0.2,-3.1,-3.64
-0.05,-0.07,1.05,-0.41,1.2,-0.19,-2.63,-3.58
-0.05,-0.07,1.05,-0.42,1.22,-0.19,-2.44,-4.02
-0.05,-0.07,1.06,-0.43,1.23,-0.18,-2.64,-3.93
-0.05,-0.07,1.08,-0.46,1.23,-0.15,-2.86,-3.59
-0.05,-0.05,1.1,-0.46,1.2,-0.15,-2.59,-2.81
-0.04,-0.05,1.13,-0.44,1.17,-0.14,-2.23,-2.38
-0.04,-0.04,1.14,-0.44,1.13,-0.12,-1.88,-2.11
-0.03,-0.02,1.14,-0.43,1.1,-0.1,-1.53,-0.98
-0.03,0.01,1.13,-0.39,1.08,-0.09,-1.55,0.42
-0.03,0.05,1.13,-0.36,1.08,-0.1,-1.27,2.53
-0.02,0.08,1.13,-0.32,1.07,-0.12,-0.9,4.24
-0.02,0.1,1.15,-0.27,1.09,-0.17,-0.92,5.13
-0.02,0.11,1.15,-0.19,1.09,-0.22,-1.02,5.28
-0.03,0.1,1.14,-0.14,1.13,-0.25,-1.44,4.98
-0.03,0.07,1.12,-0.07,1.12,-0.29,-1.67,3.56
-0.04,0.03,1.09,-0.03,1.14,-0.31,-2.33,1.42
-0.06,-0.01,1.07,-0.0,1.13,-0.31,-3.44,-0.63
-0.08,-0.05,1.05,-0.01,1.14,-0.32,-4.1,-2.56
-0.09,-0.08,1.02,-0.03,1.15,-0.31,-4.81,-4.65
-0.09,-0.13,1.0,-0.08,1.14,-0.29,-4.98,-7.22
-0.09,-0.15,0.97,-0.15,1.11,-0.26,-5.38,-8.74
-0.1,-0.15,0.96,-0.25,1.12,-0.22,-5.94,-8.67
-0.11,-0.14,0.97,-0.33,1.11,-0.19,-6.36,-8.04
-0.1,-0.13,0.98,-0.43,1.1,-0.16,-5.95,-7.41
-0.09,-0.11,1.02,-0.5,1.06,-0.12,-5.01,-5.9
-0.08,-0.08,1.05,-0.53,1.0,-0.09,-4.23,-4.3
-0.07,-0.04,1.09,-0.56,0.97,-0.06,-3.5,-1.97
-0.06,0.0,1.11,-0.58,0.93,-0.04,-2.98,0.01
-0.06,0.04,1.16,-0.57,0.89,-0.05,-3.0,2.05
-0.05,0.09,1.19,-0.52,0.89,-0.05,-2.33,4.5
-0.03,0.12,1.24,-0.44,0.9,-0.06,-1.54,5.7
-0.03,0.15,1.27,-0.33,0.9,-0.09,-1.3,6.72
-0.02,0.16,1.27,-0.14,1.05,-0.24,-0.84,7.25
-0.02,0.14,1.24,-0.06,0.97,-0.15,-0.85,6.6
-0.04,0.12,1.21,0.03,1.02,-0.16,-1.97,5.82
-0.04,0.09,1.19,0.12,1.08,-0.19,-2.02,4.54
-0.05,0.07,1.16,0.21,1.1,-0.22,-2.7,3.5
-0.06,0.04,1.14,0.26,1.1,-0.22,-3.13,2.14
-0.07,0.01,1.11,0.29,1.13,-0.23,-3.75,0.62
-0.07,-0.0,1.09,0.31,1.11,-0.21,-3.93,-0.07
-0.08,-0.02,1.06,0.32,1.08,-0.2,-4.25,-1.17
-0.08,-0.03,1.03,0.32,1.05,-0.19,-4.28,-1.83
-0.07,-0.02,1.0,0.29,1.05,-0.19,-4.15,-0.95
-0.08,-0.03,0.99,0.29,1.02,-0.18,-4.42,-1.53
-0.09,-0.04,0.97,0.26,1.02,-0.2,-5.05,-2.56
-0.08,-0.06,0.97,0.23,1.02,-0.18,-4.92,-3.58
-0.08,-0.08,0.96,0.17,1.02,-0.18,-4.87,-4.54
-0.08,-0.08,0.97,0.11,1.0,-0.17,-4.87,-4.86
-0.08,-0.09,0.96,0.07,0.98,-0.16,-4.67,-5.15
-0.08,-0.1,0.97,0.02,0.96,-0.15,-4.87,-5.59
-0.08,-0.1,0.97,-0.03,0.96,-0.14,-4.94,-5.64
-0.09,-0.09,0.98,-0.08,0.96,-0.13,-4.98,-4.96
-0.09,-0.08,1.0,-0.12,0.94,-0.11,-4.9,-4.62
-0.1,-0.1,1.03,-0.16,0.94,-0.08,-5.44,-5.72
-0.1,-0.1,1.05,-0.21,0.94,-0.06,-5.52,-5.46
-0.1,-0.09,1.07,-0.23,0.93,-0.03,-5.26,-4.53
-0.09,-0.05,1.09,-0.27,0.93,0.02,-4.54,-2.84
-0.08,-0.02,1.1,-0.27,0.91,0.04,-4.13,-0.96
-0.07,0.01,1.1,-0.26,0.92,0.06,-3.82,0.72
-0.06,0.04,1.1,-0.25,0.96,0.06,-3.31,2.23
-0.07,0.06,1.1,-0.23,0.97,0.07,-3.41,2.9
-0.06,0.06,1.1,-0.19,1.0,0.05,-2.95,3.32
-0.05,0.07,1.1,-0.18,1.01,0.04,-2.59,3.48
-0.04,0.06,1.09,-0.16,1.02,0.03,-2.15,2.97
-0.04,0.03,1.08,-0.15,1.04,0.02,-1.88,1.8
-0.04,-0.0,1.07,-0.17,1.04,0.02,-2.33,-0.08
-0.05,-0.04,1.04,-0.2,1.02,0.02,-2.82,-2.19
-0.06,-0.06,1.04,-0.25,1.02,0.05,-3.1,-3.32
-0.06,-0.07,1.02,-0.29,0.98,0.08,-3.12,-3.86
-0.06,-0.06,1.01,-0.36,0.95,0.09,-3.22,-3.37
-0.06,-0.04,1.01,-0.4,0.94,0.07,-3.12,-2.07
-0.07,-0.02,1.03,-0.45,0.95,0.06,-4.01,-1.38
-0.07,-0.01,1.06,-0.48,0.97,0.04,-3.86,-0.28
-0.07,0.02,1.09,-0.48,0.97,0.03,-3.84,0.79
-0.08,0.04,1.11,-0.46,1.01,0.01,-4.11,2.31
-0.09,0.03,1.15,-0.47,1.06,-0.03,-4.26,1.44
-0.08,-0.02,1.2,-0.46,1.07,-0.02,-3.98,-1.09
-0.09,-0.07,1.23,-0.48,1.1,0.0,-3.97,-3.11
-0.09,-0.1,1.27,-0.49,1.11,0.06,-4.25,-4.28
-0.09,-0.12,1.29,-0.53,1.11,0.14,-4.06,-5.4
-0.08,-0.1,1.29,-0.57,1.11,0.25,-3.58,-4.59
-0.07,-0.07,1.3,-0.58,1.07,0.34,-3.27,-3.17
-0.05,-0.02,1.28,-0.59,1.04,0.42,-2.4,-0.73
-0.04,0.05,1.28,-0.6,1.04,0.5,-1.86,2.16
-0.03,0.12,1.25,-0.57,1.01,0.55,-1.19,5.43
-0.02,0.17,1.2,-0.55,1.03,0.56,-0.86,7.98
-0.02,0.22,1.16,-0.48,1.01,0.55,-0.88,10.63
-0.01,0.23,1.12,-0.45,1.06,0.52,-0.54,11.65
-0.01,0.24,1.08,-0.41,1.08,0.49,-0.59,12.5
-0.0,0.25,1.06,-0.37,1.1,0.45,-0.24,13.32
-0.01,0.25,1.04,-0.31,1.1,0.41,-0.44,13.41
-0.01,0.23,1.03,-0.29,1.14,0.35,-0.48,12.46
-0.01,0.2,1.01,-0.26,1.14,0.31,-0.64,11.26
0.0,0.18,1.01,-0.22,1.14,0.27,0.01,10.12
-0.0,0.14,0.98,-0.22,1.13,0.24,-0.1,8.31
-0.01,0.08,0.96,-0.23,1.1,0.22,-0.49,4.75
-0.01,0.03,0.95,-0.28,1.07,0.21,-0.66,1.66
-0.03,-0.02,0.96,-0.36,0.99,0.24,-1.52,-1.22
-0.02,-0.05,0.95,-0.43,0.9,0.28,-1.28,-2.98
-0.04,-0.07,0.97,-0.55,0.82,0.32,-2.26,-3.99
-0.04,-0.06,0.97,-0.68,0.71,0.39,-2.25,-3.72
-0.03,-0.02,0.99,-0.77,0.59,0.45,-1.74,-1.22
-0.02,0.04,0.99,-0.83,0.45,0.5,-1.2,2.52
-0.01,0.11,0.98,-0.89,0.38,0.53,-0.72,6.63
-0.01,0.19,0.99,-0.9,0.29,0.55,-0.44,10.73
-0.0,0.25,0.98,-0.9,0.24,0.56,-0.08,14.35
-0.0,0.3,0.97,-0.87,0.18,0.54,-0.08,17.3
-0.0,0.33,0.97,-0.83,0.16,0.48,-0.2,18.75
-0.02,0.34,0.98,-0.79,0.16,0.44,-0.95,19.11
-0.01,0.33,0.99,-0.73,0.15,0.39,-0.77,18.71
-0.02,0.33,1.01,-0.62,0.3,0.2,-1.32,18.1
-0.02,0.32,1.03,-0.6,0.18,0.31,-1.31,17.26
-0.03,0.31,1.04,-0.54,0.22,0.27,-1.71,16.48
-0.04,0.29,1.05,-0.48,0.24,0.23,-2.18,15.67
-0.04,0.26,1.05,-0.41,0.27,0.21,-2.17,13.89
-0.05,0.24,1.07,-0.35,0.28,0.2,-2.43,12.57
-0.04,0.23,1.08,-0.32,0.33,0.18,-2.05,11.83
-0.03,0.21,1.1,-0.26,0.36,0.19,-1.43,10.75
-0.01,0.2,1.1,-0.22,0.41,0.2,-0.29,10.39
0.01,0.19,1.08,-0.16,0.45,0.23,0.3,9.87
0.01,0.18,1.05,-0.16,0.52,0.21,0.76,9.53
0.02,0.16,1.01,-0.15,0.55,0.23,0.96,8.81
0.03,0.15,0.99,-0.15,0.55,0.22,1.47,8.46
0.04,0.14,0.97,-0.18,0.54,0.22,2.17,8.35
0.05,0.14,0.96,-0.22,0.54,0.21,2.93,8.32
0.06,0.15,0.96,-0.28,0.53,0.21,3.67,9.12
0.07,0.16,0.94,-0.3,0.47,0.2,4.15,9.78
0.07,0.16,0.93,-0.33,0.41,0.21,4.52,9.78
0.07,0.17,0.93,-0.39,0.37,0.18,4.39,10.32
0.07,0.18,0.94,-0.45,0.3,0.16,4.04,11.04
0.07,0.19,0.95,-0.46,0.21,0.16,3.89,11.37
0.07,0.2,0.97,-0.49,0.13,0.14,3.99,11.42
0.07,0.2,0.99,-0.52,0.07,0.13,3.94,11.28
0.06,0.2,0.99,-0.53,0.01,0.13,3.61,11.16
0.06,0.19,0.99,-0.56,-0.04,0.13,3.6,10.79
0.05,0.18,0.99,-0.55,-0.1,0.13,3.04,10.32
0.06,0.18,0.99,-0.56,-0.13,0.12,3.4,10.49
0.05,0.18,0.99,-0.58,-0.16,0.1,3.11,10.47
0.05,0.18,0.99,-0.58,-0.2,0.09,2.71,10.05
0.05,0.17,0.99,-0.59,-0.26,0.08,2.63,9.91
0.04,0.17,0.99,-0.61,-0.3,0.05,2.27,9.95
0.02,0.17,1.01,-0.6,-0.33,0.04,1.3,9.71
0.01,0.17,1.02,-0.59,-0.4,0.05,0.78,9.63
0.02,0.18,1.03,-0.56,-0.46,0.03,0.99,10.16
0.01,0.2,1.02,-0.53,-0.5,0.02,0.29,10.9
0.0,0.19,1.01,-0.51,-0.52,-0.01,0.01,10.92
-0.01,0.19,1.0,-0.46,-0.53,-0.03,-0.45,10.77
-0.02,0.19,1.01,-0.42,-0.53,-0.07,-1.21,10.57
-0.03,0.18,1.0,-0.37,-0.51,-0.09,-1.58,9.91
-0.03,0.16,1.01,-0.31,-0.45,-0.13,-1.5,9.06
-0.03,0.16,1.03,-0.25,-0.41,-0.15,-1.5,8.94
-0.03,0.16,1.02,-0.2,-0.37,-0.18,-1.75,8.91
-0.03,0.15,1.02,-0.12,-0.3,-0.22,-1.72,8.36
-0.04,0.15,1.0,-0.07,-0.26,-0.25,-2.15,8.33
-0.05,0.14,1.0,-0.01,-0.19,-0.28,-2.63,8.02
-0.05,0.12,1.0,0.05,-0.16,-0.3,-2.72,6.99
-0.05,0.12,1.01,0.1,-0.13,-0.32,-2.96,6.63
-0.06,0.11,1.0,0.17,-0.1,-0.34,-3.16,6.47
-0.06,0.08,1.01,0.21,-0.09,-0.35,-3.54,4.44
-0.06,0.05,1.0,0.26,-0.07,-0.36,-3.46,2.78
-0.06,0.03,0.99,0.28,-0.06,-0.36,-3.56,1.45
-0.06,0.02,1.0,0.3,-0.05,-0.36,-3.49,1.11
-0.07,0.0,1.02,0.33,-0.06,-0.33,-3.76,0.16
-0.07,-0.01,1.03,0.37,-0.06,-0.31,-3.61,-0.57
-0.07,-0.03,1.03,0.39,-0.06,-0.28,-3.71,-1.43
-0.06,-0.03,1.01,0.43,-0.06,-0.26,-3.63,-1.91
-0.06,-0.04,1.0,0.45,-0.04,-0.22,-3.43,-2.39
-0.06,-0.06,0.97,0.46,-0.03,-0.2,-3.38,-3.34
-0.06,-0.06,0.95,0.47,-0.02,-0.19,-3.54,-3.89
-0.06,-0.08,0.93,0.46,-0.0,-0.17,-3.52,-4.67
-0.05,-0.08,0.92,0.44,0.04,-0.16,-3.09,-5.07
-0.05,-0.1,0.9,0.4,0.05,-0.15,-3.22,-6.13
-0.05,-0.09,0.9,0.38,0.05,-0.15,-3.15,-5.98
-0.05,-0.09,0.89,0.35,0.06,-0.15,-3.03,-6.03
-0.05,-0.09,0.89,0.32,0.05,-0.14,-3.17,-5.76
-0.05,-0.11,0.9,0.27,0.07,-0.14,-3.08,-7.22
-0.05,-0.12,0.89,0.23,0.05,-0.12,-2.96,-7.61
-0.05,-0.11,0.9,0.17,0.03,-0.11,-3.0,-7.08
-0.05,-0.1,0.91,0.11,0.02,-0.09,-3.27,-6.29
-0.05,-0.09,0.92,0.06,-0.01,-0.08,-2.8,-5.29
-0.04,-0.09,0.93,0.05,-0.05,-0.07,-2.73,-5.35
-0.04,-0.08,0.96,0.03,-0.08,-0.04,-2.52,-4.74
-0.04,-0.07,0.95,-0.02,-0.1,-0.03,-2.55,-4.21
-0.04,-0.06,0.95,-0.03,-0.13,0.0,-2.57,-3.85
-0.04,-0.06,0.95,-0.05,-0.14,0.02,-2.56,-3.5
-0.04,-0.04,0.95,-0.06,-0.16,0.04,-2.13,-2.21
-0.04,-0.03,0.95,-0.08,-0.14,0.04,-2.14,-2.0
-0.03,-0.02,0.93,-0.08,-0.15,0.06,-2.03,-1.46
-0.04,-0.01,0.93,-0.1,-0.16,0.06,-2.29,-0.63
-0.04,-0.0,0.93,-0.11,-0.17,0.05,-2.19,-0.19
-0.04,-0.0,0.93,-0.14,-0.15,0.04,-2.26,-0.18
-0.03,-0.01,0.94,-0.15,-0.15,0.03,-2.06,-0.51
-0.04,-0.0,0.95,-0.15,-0.17,0.04,-2.11,-0.2
-0.03,0.0,0.96,-0.15,-0.17,0.04,-1.96,0.04
-0.03,0.01,0.97,-0.16,-0.19,0.04,-1.71,0.31
-0.03,0.01,0.98,-0.18,-0.18,0.06,-1.87,0.57
-0.04,0.02,0.98,-0.16,-0.19,0.07,-2.29,1.24
-0.04,0.02,0.99,-0.16,-0.21,0.08,-2.61,0.95
-0.04,0.04,0.98,-0.13,-0.2,0.08,-2.08,2.56
-0.03,0.05,0.98,-0.13,-0.19,0.08,-1.86,2.75
-0.04,0.05,0.96,-0.1,-0.19,0.09,-2.38,2.98
-0.04,0.05,0.95,-0.08,-0.18,0.08,-2.57,3.28
-0.04,0.05,0.95,-0.07,-0.14,0.06,-2.38,3.28
-0.05,0.05,0.93,-0.06,-0.1,0.06,-3.18,2.92
-0.05,0.05,0.93,-0.01,-0.07,0.03,-2.83,3.09
-0.05,0.05,0.92,-0.01,-0.06,0.02,-3.17,3.2
-0.05,0.04,0.92,0.0,-0.01,-0.01,-2.92,2.57
-0.05,0.04,0.92,0.01,0.04,-0.02,-3.31,2.4
-0.05,0.02,0.93,0.02,0.07,-0.02,-3.16,1.29
-0.06,0.01,0.92,0.04,0.08,-0.03,-3.55,0.91
-0.06,0.02,0.93,0.05,0.1,-0.03,-3.82,1.04
-0.06,0.0,0.92,0.04,0.11,-0.05,-3.94,0.22
-0.07,-0.0,0.93,0.03,0.11,-0.05,-4.28,-0.28
-0.08,-0.02,0.93,0.03,0.09,-0.04,-5.13,-1.12
-0.08,-0.01,0.94,0.01,0.09,-0.03,-4.91,-0.67
-0.08,-0.02,0.94,0.01,0.08,-0.02,-4.85,-1.07
-0.07,-0.02,0.93,0.0,0.05,0.01,-4.31,-1.39
-0.06,-0.02,0.93,-0.0,0.02,-0.0,-4.0,-1.06
-0.08,-0.02,0.91,-0.02,-0.01,0.01,-4.82,-1.3
-0.08,-0.02,0.91,-0.06,-0.01,-0.0,-4.75,-1.45
-0.08,-0.02,0.91,-0.09,-0.02,-0.0,-4.82,-1.52
-0.07,-0.03,0.91,-0.11,-0.06,0.0,-4.57,-1.87
-0.07,-0.03,0.92,-0.12,-0.08,0.01,-4.43,-1.66
-0.07,-0.03,0.92,-0.15,-0.09,0.0,-4.43,-1.94
-0.07,-0.03,0.94,-0.17,-0.13,0.02,-4.3,-1.61
-0.08,-0.03,0.93,-0.2,-0.14,0.01,-4.62,-2.09
-0.07,-0.03,0.94,-0.22,-0.16,0.02,-4.35,-1.72
-0.07,-0.02,0.94,-0.25,-0.14,0.01,-4.03,-1.42
-0.07,-0.01,0.96,-0.26,-0.15,0.02,-4.01,-0.82
-0.07,-0.01,0.96,-0.24,-0.16,0.03,-4.13,-0.74
-0.07,-0.01,0.95,-0.26,-0.15,0.04,-4.06,-0.77
-0.07,-0.01,0.96,-0.27,-0.11,0.03,-4.16,-0.67
-0.07,-0.0,0.96,-0.28,-0.11,0.03,-4.07,-0.19
-0.07,-0.0,0.97,-0.27,-0.09,0.04,-4.15,-0.09
-0.07,0.0,0.97,-0.28,-0.08,0.04,-4.01,0.15
-0.07,0.01,0.98,-0.26,-0.07,0.02,-3.86,0.5
-0.07,0.01,1.0,-0.27,-0.05,0.04,-4.12,0.53
-0.07,0.01,1.01,-0.25,-0.07,0.04,-4.12,0.42
-0.08,0.01,1.04,-0.23,-0.08,0.06,-4.24,0.73
-0.07,0.02,1.04,-0.23,-0.07,0.06,-4.01,1.16
-0.07,0.03,1.05,-0.19,-0.07,0.09,-3.67,1.78
-0.07,0.04,1.04,-0.18,-0.06,0.1,-3.78,2.28
-0.07,0.06,1.03,-0.12,-0.06,0.11,-3.64,3.26
-0.07,0.06,1.03,-0.11,-0.05,0.11,-3.63,3.31
-0.06,0.06,1.03,-0.09,-0.02,0.1,-3.42,3.42
-0.06,0.06,1.03,-0.05,0.01,0.11,-3.25,3.58
-0.05,0.07,1.02,0.08,0.23,-0.07,-2.72,3.83
-0.05,0.08,1.02,0.02,0.06,0.11,-2.54,4.55
-0.04,0.08,1.0,0.05,0.09,0.11,-2.12,4.78
-0.03,0.09,0.99,0.09,0.12,0.1,-1.79,5.42
-0.02,0.09,0.97,0.19,0.28,-0.06,-1.35,5.21
-0.02,0.08,0.94,0.15,0.16,0.05,-1.16,5.11
-0.02,0.09,0.94,0.14,0.21,0.03,-1.11,5.65
-0.01,0.08,0.92,0.15,0.22,0.01,-0.85,5.15
-0.01,0.07,0.91,0.15,0.22,-0.01,-0.74,4.62
-0.01,0.07,0.92,0.17,0.2,-0.05,-0.57,4.5
-0.02,0.05,0.91,0.16,0.2,-0.07,-1.0,3.13
-0.02,0.05,0.92,0.15,0.18,-0.08,-1.23,3.05
-0.02,0.04,0.92,0.14,0.15,-0.09,-1.34,2.22
-0.01,0.02,0.93,0.14,0.11,-0.09,-0.88,1.14
-0.03,0.02,0.95,0.11,0.12,-0.1,-1.79,1.12
-0.03,0.01,0.94,0.12,0.08,-0.09,-1.75,0.54
-0.03,0.01,0.96,0.11,0.05,-0.09,-1.54,0.31
-0.03,0.0,0.97,0.1,0.01,-0.08,-1.8,0.01
-0.03,-0.01,0.99,0.1,0.0,-0.07,-1.98,-0.68
-0.03,-0.0,0.99,0.1,-0.01,-0.05,-1.61,-0.1
-0.02,-0.0,0.99,0.16,0.12,-0.19,-1.31,-0.0
-0.02,0.01,0.98,0.1,-0.04,-0.02,-1.16,0.62
-0.03,0.01,0.96,0.1,-0.02,-0.03,-1.53,0.8
-0.03,0.02,0.95,0.09,-0.01,-0.02,-1.71,1.21
-0.03,0.02,0.95,0.11,-0.01,-0.03,-1.82,1.17
-0.03,0.03,0.94,0.11,-0.0,-0.04,-1.85,1.55
-0.04,0.02,0.95,0.09,0.02,-0.05,-2.15,1.47
-0.04,0.02,0.95,0.1,0.01,-0.05,-2.42,1.05
-0.04,0.01,0.95,0.1,0.01,-0.05,-2.58,0.85
-0.05,0.02,0.95,0.1,-0.01,-0.05,-2.75,0.93
-0.05,0.01,0.94,0.09,0.01,-0.05,-3.15,0.59
-0.06,0.01,0.93,0.1,0.0,-0.05,-3.5,0.63
-0.06,0.01,0.93,0.09,-0.02,-0.05,-3.52,0.78
-0.06,0.0,0.93,0.08,-0.04,-0.05,-3.49,0.11
-0.06,-0.0,0.93,0.07,-0.03,-0.05,-3.52,-0.09
-0.06,-0.0,0.93,0.04,-0.03,-0.05,-3.57,-0.07
-0.06,-0.01,0.93,0.08,0.04,-0.14,-3.88,-0.76
-0.06,-0.01,0.93,0.02,-0.06,-0.03,-3.62,-0.31
-0.06,-0.0,0.92,0.04,-0.06,-0.05,-3.54,-0.22
-0.06,-0.01,0.92,0.02,-0.05,-0.05,-3.88,-0.45
-0.06,-0.01,0.92,0.0,-0.06,-0.06,-3.92,-0.36
-0.07,-0.01,0.93,0.01,-0.06,-0.06,-4.34,-0.37
-0.07,0.0,0.94,0.01,-0.07,-0.05,-4.29,0.03
-0.07,-0.0,0.94,-0.02,-0.05,-0.06,-4.43,-0.13
-0.08,-0.0,0.94,-0.02,-0.06,-0.05,-5.15,-0.19
-0.08,-0.0,0.95,-0.01,-0.07,-0.04,-5.06,-0.16
-0.09,-0.01,0.95,0.0,-0.05,-0.05,-5.18,-0.45
-0.09,-0.0,0.96,-0.01,-0.05,-0.04,-5.15,-0.22
-0.09,0.0,0.96,-0.02,-0.04,-0.04,-5.12,0.14
-0.08,-0.01,0.96,-0.01,-0.05,-0.03,-4.56,-0.3
-0.07,-0.0,0.96,-0.01,-0.03,-0.03,-4.23,-0.13
-0.07,0.01,0.96,-0.01,-0.01,-0.03,-3.9,0.31
-0.06,-0.01,0.96,0.01,-0.02,-0.02,-3.66,-0.31
-0.06,-0.0,0.97,-0.0,-0.01,-0.02,-3.53,-0.01
-0.06,-0.0,0.97,-0.01,0.01,-0.02,-3.34,-0.29
-0.05,0.0,0.97,-0.0,0.0,-0.01,-2.81,0.12
-0.05,0.01,0.99,-0.01,-0.0,-0.0,-3.02,0.7
-0.05,0.01,0.98,0.0,-0.02,0.0,-2.74,0.63
-0.05,0.01,0.98,-0.0,-0.02,0.02,-2.7,0.81
-0.05,0.02,0.98,-0.01,-0.0,0.03,-2.65,1.1
-0.05,0.03,0.97,-0.0,-0.02,0.04,-2.67,1.55
-0.04,0.03,0.97,0.01,-0.03,0.04,-2.22,1.51
-0.04,0.04,0.96,0.0,-0.03,0.04,-2.57,2.2
-0.04,0.04,0.95,0.01,-0.02,0.03,-2.29,2.62
-0.04,0.05,0.94,0.0,-0.02,0.03,-2.16,2.83
-0.04,0.03,0.93,0.02,-0.02,0.02,-2.19,2.14
-0.03,0.05,0.92,0.03,-0.03,0.0,-2.06,3.04
-0.03,0.05,0.91,0.02,-0.02,-0.01,-1.88,2.88
-0.03,0.04,0.93,0.03,-0.02,-0.02,-1.91,2.6
-0.02,0.05,0.93,0.02,-0.02,-0.02,-1.31,2.97
-0.03,0.04,0.94,0.02,-0.04,-0.04,-2.09,2.4
-0.03,0.04,0.94,0.03,-0.04,-0.04,-1.71,2.54
-0.03,0.05,0.94,0.02,-0.04,-0.04,-1.8,2.74
-0.03,0.05,0.93,0.02,-0.06,-0.05,-1.56,3.08
-0.03,0.05,0.93,0.03,-0.08,-0.05,-1.76,3.3
-0.03,0.05,0.92,0.02,-0.06,-0.07,-1.74,3.18
-0.03,0.05,0.92,0.04,-0.07,-0.07,-1.91,2.83
-0.03,0.05,0.93,0.04,-0.07,-0.07,-2.04,2.8
-0.03,0.04,0.93,0.04,-0.07,-0.1,-1.85,2.64
-0.03,0.04,0.93,0.06,-0.08,-0.1,-1.89,2.33
-0.03,0.04,0.93,0.07,-0.07,-0.1,-1.85,2.3
-0.03,0.04,0.92,0.07,-0.06,-0.11,-1.84,2.25
-0.03,0.04,0.92,0.08,-0.06,-0.11,-2.01,2.19
-0.04,0.03,0.92,0.09,-0.04,-0.13,-2.25,1.9
-0.04,0.03,0.9,0.08,-0.01,-0.14,-2.34,2.01
-0.04,0.03,0.9,0.09,-0.01,-0.15,-2.34,1.73
-0.04,0.02,0.89,0.1,-0.01,-0.15,-2.43,1.53
-0.04,0.02,0.88,0.1,0.02,-0.15,-2.73,1.14
-0.05,0.02,0.89,0.09,0.02,-0.17,-3.05,1.35
-0.05,0.01,0.88,0.09,0.04,-0.18,-3.16,0.72
-0.05,0.0,0.87,0.09,0.03,-0.18,-3.41,0.11
-0.05,-0.01,0.87,0.09,0.04,-0.2,-3.16,-0.44
-0.06,-0.01,0.87,0.06,0.06,-0.21,-3.66,-0.82
-0.06,-0.02,0.87,0.05,0.05,-0.21,-3.83,-1.17
-0.07,-0.03,0.88,0.05,0.03,-0.21,-4.24,-2.0
-0.06,-0.03,0.89,0.04,0.03,-0.21,-4.19,-2.25
-0.06,-0.04,0.9,0.01,0.05,-0.21,-4.0,-2.27
-0.06,-0.04,0.91,-0.0,0.03,-0.21,-4.03,-2.42
-0.07,-0.04,0.91,-0.03,0.05,-0.19,-4.23,-2.51
-0.07,-0.05,0.9,-0.04,0.03,-0.18,-4.59,-2.98
-0.07,-0.04,0.91,-0.05,0.05,-0.18,-4.47,-2.44
-0.08,-0.04,0.92,-0.07,0.06,-0.18,-4.72,-2.21
-0.07,-0.03,0.93,-0.07,0.05,-0.18,-4.39,-2.05
-0.07,-0.03,0.94,-0.09,0.04,-0.17,-4.4,-1.76
-0.07,-0.03,0.94,-0.11,0.07,-0.16,-4.33,-1.64
-0.07,-0.02,0.94,-0.13,0.06,-0.15,-4.4,-1.19
-0.07,-0.02,0.94,-0.12,0.04,-0.15,-4.25,-1.24
-0.08,-0.02,0.95,-0.15,0.06,-0.15,-4.55,-1.34
-0.07,-0.02,0.95,-0.15,0.04,-0.14,-4.42,-1.41
-0.07,-0.02,0.97,-0.16,0.05,-0.13,-4.37,-1.41
-0.07,-0.02,0.97,-0.15,0.03,-0.13,-4.04,-1.17
-0.06,-0.02,0.97,-0.17,0.03,-0.11,-3.8,-0.9
-0.07,-0.01,0.97,-0.17,0.05,-0.11,-4.02,-0.73
-0.07,-0.01,0.96,-0.18,0.05,-0.09,-4.19,-0.51
-0.06,-0.01,0.95,-0.18,0.03,-0.08,-3.88,-0.32
-0.06,-0.0,0.94,-0.18,0.03,-0.09,-3.75,-0.08
-0.06,0.01,0.95,-0.2,0.05,-0.1,-3.61,0.74
-0.06,0.02,0.94,-0.21,0.05,-0.09,-3.8,0.97
-0.06,0.02,0.94,-0.22,0.05,-0.1,-3.62,0.97
-0.06,0.02,0.94,-0.21,0.03,-0.1,-3.61,1.01
-0.05,0.03,0.95,-0.22,0.04,-0.11,-3.07,1.6
-0.05,0.02,0.94,-0.22,0.03,-0.1,-2.97,1.27
-0.05,0.02,0.96,-0.22,0.02,-0.11,-2.85,1.44
-0.05,0.03,0.96,-0.22,-0.01,-0.1,-2.83,1.61
-0.04,0.04,0.97,-0.23,-0.0,-0.1,-2.45,2.17
-0.04,0.02,0.96,-0.23,-0.01,-0.1,-2.56,1.48
-0.04,0.03,0.97,-0.23,-0.04,-0.09,-2.22,1.73
-0.03,0.03,0.96,-0.23,-0.04,-0.08,-1.72,1.67
-0.02,0.04,0.96,-0.23,-0.05,-0.09,-0.96,2.22
-0.02,0.03,0.95,-0.24,-0.04,-0.1,-1.49,2.0
-0.02,0.04,0.96,-0.24,-0.05,-0.11,-0.97,2.45
-0.02,0.03,0.96,-0.23,-0.08,-0.11,-1.36,2.01
-0.02,0.03,0.97,-0.23,-0.07,-0.11,-1.2,1.85
-0.02,0.04,0.98,-0.22,-0.07,-0.11,-1.29,2.49
-0.02,0.04,0.97,-0.21,-0.08,-0.11,-1.1,2.24
-0.02,0.04,0.98,-0.21,-0.08,-0.11,-1.33,2.52
-0.02,0.04,0.97,-0.18,-0.07,-0.12,-1.42,2.34
-0.02,0.04,0.97,-0.18,-0.06,-0.13,-1.47,2.29
-0.02,0.04,0.98,-0.18,-0.06,-0.12,-1.41,2.41
