accelX,accelY,accelZ,gyroX,gyroY,gyroZ,pitch,roll
-0.03,-0.05,0.95,0.04,0.04,-0.01,-1.63,-3.02
-0.02,-0.05,0.95,0.02,0.04,0.0,-1.37,-2.97
-0.02,-0.06,0.95,0.02,0.05,0.02,-1.46,-3.43
-0.02,-0.06,0.95,-0.0,0.05,0.04,-1.32,-3.7
-0.03,-0.06,0.95,0.05,0.17,-0.09,-1.56,-3.8
-0.02,-0.06,0.95,-0.02,0.05,0.06,-1.38,-3.46
-0.03,-0.05,0.94,-0.06,0.06,0.08,-1.74,-2.97
-0.03,-0.04,0.93,-0.07,0.05,0.09,-1.81,-2.43
-0.03,-0.03,0.92,-0.05,0.02,0.1,-2.06,-1.87
-0.04,-0.02,0.91,-0.07,0.01,0.12,-2.4,-1.15
-0.04,-0.01,0.9,-0.09,0.01,0.11,-2.56,-0.68
-0.04,-0.0,0.9,-0.1,0.01,0.12,-2.49,-0.2
-0.05,0.0,0.9,-0.11,-0.0,0.1,-2.91,0.07
-0.05,-0.0,0.89,-0.11,-0.01,0.1,-2.94,-0.18
-0.04,-0.0,0.89,-0.14,0.0,0.09,-2.82,-0.11
-0.04,0.01,0.89,-0.14,-0.0,0.08,-2.84,0.36
-0.05,0.01,0.9,-0.13,-0.02,0.08,-2.96,0.53
-0.05,0.01,0.9,-0.14,-0.02,0.07,-3.13,0.4
-0.05,0.0,0.89,-0.14,0.0,0.07,-3.34,0.25
-0.05,0.0,0.9,-0.14,0.0,0.06,-3.28,0.23
-0.05,-0.0,0.89,-0.15,0.02,0.06,-3.33,-0.02
-0.05,-0.0,0.89,-0.14,0.0,0.05,-3.3,-0.26
-0.06,-0.01,0.9,-0.17,0.02,0.04,-3.53,-0.37
-0.06,-0.01,0.89,-0.15,0.02,0.04,-3.6,-0.59
-0.06,-0.01,0.9,-0.09,0.14,-0.1,-3.59,-0.84
-0.05,-0.02,0.9,-0.15,-0.0,0.04,-3.32,-0.99
-0.05,-0.02,0.9,-0.16,0.02,0.03,-3.3,-1.53
-0.05,-0.03,0.91,-0.16,0.01,0.03,-3.19,-1.79
-0.06,-0.04,0.92,-0.15,-0.0,0.03,-3.62,-2.7
-0.04,-0.05,0.92,-0.18,-0.01,0.03,-2.69,-3.15
-0.04,-0.06,0.93,-0.19,-0.01,0.03,-2.56,-3.66
-0.04,-0.06,0.94,-0.21,-0.0,0.05,-2.68,-3.45
-0.05,-0.05,0.95,-0.21,-0.03,0.07,-2.97,-3.16
-0.04,-0.04,0.96,-0.22,-0.03,0.08,-2.39,-2.54
-0.04,-0.04,0.96,-0.24,-0.01,0.09,-2.21,-2.38
-0.04,-0.02,0.96,-0.24,-0.01,0.1,-2.41,-1.5
-0.04,-0.03,0.95,-0.23,-0.03,0.11,-2.29,-1.57
-0.04,-0.01,0.95,-0.12,0.2,-0.15,-2.65,-0.74
-0.05,0.01,0.95,-0.22,-0.03,0.09,-2.75,0.33
-0.05,0.0,0.95,-0.24,-0.05,0.1,-2.98,0.11
-0.04,0.01,0.95,-0.23,-0.04,0.09,-2.57,0.42
-0.06,0.01,0.94,-0.24,-0.06,0.07,-3.61,0.35
-0.06,0.0,0.95,-0.25,-0.04,0.06,-3.36,0.03
-0.06,-0.02,0.95,-0.22,-0.06,0.05,-3.64,-0.97
-0.06,-0.03,0.96,-0.26,-0.1,0.07,-3.8,-1.72
-0.07,-0.04,0.98,-0.23,-0.08,0.06,-4.33,-2.37
-0.07,-0.04,0.99,-0.22,-0.07,0.06,-4.11,-2.31
-0.08,-0.04,1.0,-0.22,-0.06,0.08,-4.37,-2.39
-0.07,-0.04,1.01,-0.21,-0.07,0.1,-4.15,-2.07
-0.07,-0.03,1.01,-0.19,-0.06,0.11,-3.95,-1.69
-0.07,-0.02,1.01,-0.17,-0.05,0.13,-3.97,-1.09
-0.07,-0.0,1.0,-0.15,-0.0,0.14,-4.05,-0.17
-0.07,0.0,0.99,-0.13,0.01,0.14,-3.81,0.22
-0.07,0.01,0.98,-0.1,0.01,0.14,-3.87,0.34
-0.06,0.0,0.98,-0.09,0.02,0.14,-3.66,0.16
-0.06,0.0,0.98,-0.08,0.06,0.13,-3.5,0.09
-0.06,-0.01,0.98,-0.06,0.06,0.13,-3.23,-0.32
-0.06,-0.01,0.97,-0.05,0.06,0.12,-3.28,-0.49
-0.05,-0.01,0.97,-0.03,0.05,0.12,-3.09,-0.46
-0.05,-0.02,0.97,-0.05,0.07,0.12,-3.06,-1.0
-0.04,-0.02,0.98,-0.04,0.07,0.13,-2.62,-1.05
-0.04,-0.02,0.98,-0.03,0.07,0.13,-2.19,-1.43
-0.04,-0.03,0.98,-0.01,0.06,0.15,-2.23,-1.89
-0.05,-0.03,0.98,-0.02,0.08,0.16,-2.64,-1.97
-0.05,-0.03,0.97,-0.04,0.08,0.18,-2.66,-1.74
-0.04,-0.03,0.97,-0.0,0.12,0.14,-2.48,-1.59
-0.03,-0.02,0.96,-0.03,0.04,0.22,-1.88,-0.93
-0.02,-0.01,0.94,-0.04,0.06,0.22,-1.46,-0.43
-0.02,0.01,0.94,0.0,0.06,0.23,-1.06,0.31
-0.01,0.01,0.92,-0.02,0.06,0.24,-0.88,0.54
-0.01,0.01,0.89,-0.01,0.06,0.24,-0.36,0.84
-0.0,0.02,0.88,-0.02,0.06,0.23,-0.31,1.28
0.0,0.03,0.87,-0.05,0.07,0.22,0.02,1.7
0.0,0.03,0.87,-0.07,0.07,0.2,0.1,1.82
0.01,0.03,0.86,-0.07,0.04,0.19,0.38,1.69
0.01,0.03,0.86,-0.09,0.03,0.19,0.49,1.74
0.01,0.02,0.86,-0.12,0.01,0.17,0.47,1.37
0.01,0.02,0.86,-0.16,-0.03,0.18,0.54,1.02
0.01,0.01,0.86,-0.19,-0.08,0.17,0.43,0.49
0.0,0.0,0.88,-0.24,-0.11,0.17,0.11,0.29
0.0,0.0,0.9,-0.27,-0.17,0.19,0.14,0.31
0.0,-0.0,0.92,-0.3,-0.24,0.2,0.25,-0.05
-0.0,0.01,0.94,-0.32,-0.31,0.23,-0.22,0.48
-0.01,0.01,0.94,-0.32,-0.35,0.25,-0.83,0.9
-0.02,0.02,0.94,-0.35,-0.36,0.25,-1.02,1.02
-0.03,0.01,0.95,-0.38,-0.4,0.27,-1.68,0.39
-0.03,0.01,0.96,-0.36,-0.43,0.28,-1.79,0.65
-0.04,0.02,0.96,-0.37,-0.45,0.29,-2.29,1.35
-0.06,0.05,0.94,-0.37,-0.43,0.3,-3.45,2.97
-0.06,0.05,0.97,-0.37,-0.45,0.3,-3.68,3.03
-0.06,0.07,0.96,-0.37,-0.41,0.28,-3.32,4.05
-0.06,0.06,0.98,-0.35,-0.39,0.27,-3.38,3.74
-0.06,0.06,0.98,-0.33,-0.33,0.27,-3.68,3.62
-0.06,0.08,0.96,-0.31,-0.31,0.26,-3.75,4.93
-0.09,0.09,0.94,-0.22,-0.14,0.09,-5.42,5.36
-0.09,0.09,0.94,-0.23,-0.25,0.19,-5.5,5.22
-0.09,0.08,0.94,-0.22,-0.21,0.16,-5.23,4.79
-0.08,0.08,0.94,-0.19,-0.19,0.14,-5.1,4.62
-0.09,0.07,0.94,-0.18,-0.16,0.12,-5.23,4.38
-0.08,0.07,0.94,-0.16,-0.14,0.09,-4.67,4.03
-0.08,0.06,0.95,-0.15,-0.12,0.07,-4.71,3.66
-0.07,0.05,0.95,-0.13,-0.11,0.06,-4.06,3.27
-0.07,0.05,0.95,-0.14,-0.11,0.05,-4.49,2.78
-0.08,0.04,0.95,-0.08,0.03,-0.1,-4.71,2.53
-0.09,0.04,0.94,-0.14,-0.09,0.01,-5.22,2.36
-0.09,0.03,0.94,-0.14,-0.09,0.01,-5.59,2.07
-0.1,0.03,0.95,-0.12,-0.04,-0.08,-6.29,1.68
-0.11,0.03,0.97,-0.14,-0.11,-0.02,-6.44,1.62
-0.12,0.03,0.98,-0.13,-0.08,-0.05,-6.75,1.61
-0.12,0.03,1.0,-0.09,-0.07,-0.05,-7.01,1.58
-0.13,0.03,1.01,-0.06,-0.05,-0.06,-7.39,1.77
-0.13,0.03,1.01,0.04,0.1,-0.21,-7.34,1.87
-0.13,0.03,1.02,0.02,-0.01,-0.06,-7.24,1.76
-0.13,0.03,1.01,0.06,0.02,-0.05,-7.2,1.44
-0.12,0.02,0.99,0.12,0.03,-0.06,-6.97,1.4
-0.12,0.01,0.97,0.14,0.04,-0.07,-7.15,0.65
-0.11,-0.0,0.95,0.18,0.07,-0.08,-6.89,-0.12
-0.1,-0.01,0.93,0.18,0.08,-0.11,-6.38,-0.86
-0.1,-0.03,0.91,0.19,0.08,-0.12,-5.93,-2.11
-0.09,-0.05,0.91,0.17,0.08,-0.13,-5.35,-3.24
-0.08,-0.07,0.91,0.14,0.07,-0.14,-5.09,-4.51
-0.07,-0.09,0.91,0.12,0.08,-0.15,-4.59,-5.65
-0.08,-0.11,0.92,0.1,0.06,-0.15,-4.72,-6.51
-0.07,-0.12,0.94,0.07,0.03,-0.14,-4.23,-7.07
-0.07,-0.12,0.95,0.03,0.01,-0.12,-3.9,-7.34
-0.07,-0.13,0.96,-0.01,0.0,-0.1,-3.86,-7.56
-0.07,-0.13,0.97,-0.02,-0.02,-0.07,-3.94,-7.47
-0.07,-0.12,0.98,-0.04,-0.05,-0.04,-4.15,-6.79
-0.08,-0.12,0.97,-0.05,-0.08,-0.02,-4.78,-7.05
-0.12,-0.09,0.93,-0.06,-0.13,0.0,-7.07,-5.53
-0.14,-0.06,0.91,-0.06,-0.19,0.01,-8.49,-3.72
-0.13,-0.03,0.92,-0.07,-0.22,-0.02,-8.25,-1.95
-0.1,-0.02,0.95,-0.02,-0.24,-0.03,-6.14,-1.04
-0.07,-0.02,0.97,0.01,-0.2,-0.04,-4.06,-1.32
-0.04,-0.03,0.97,0.06,-0.16,-0.03,-2.17,-1.71
-0.01,-0.05,0.96,0.11,-0.11,-0.02,-0.7,-3.16
0.02,-0.08,0.93,0.14,-0.05,0.01,0.98,-4.81
0.04,-0.1,0.9,0.13,0.04,0.01,2.34,-6.28
0.05,-0.12,0.87,0.1,0.13,0.02,3.01,-7.76
0.04,-0.13,0.84,0.05,0.2,0.01,2.86,-8.62
0.03,-0.12,0.83,-0.01,0.27,0.01,2.3,-8.23
0.02,-0.11,0.84,-0.06,0.31,-0.02,1.05,-7.27
-0.0,-0.08,0.86,-0.14,0.36,-0.04,-0.23,-5.12
-0.0,-0.06,0.91,-0.19,0.35,-0.04,-0.23,-3.79
-0.02,-0.04,0.96,-0.21,0.33,-0.04,-1.21,-2.49
-0.02,-0.02,1.0,-0.25,0.29,-0.03,-1.31,-1.0
-0.03,-0.01,1.03,-0.26,0.24,-0.0,-1.55,-0.29
-0.03,0.01,1.04,-0.26,0.16,0.05,-1.71,0.38
-0.03,0.02,1.04,-0.2,0.2,-0.05,-1.8,0.84
-0.03,0.02,1.02,-0.26,-0.04,0.15,-1.97,1.4
-0.03,0.03,0.98,-0.28,-0.13,0.18,-1.94,1.73
-0.05,0.04,0.95,-0.3,-0.18,0.19,-2.93,2.37
-0.05,0.04,0.92,-0.3,-0.23,0.2,-3.3,2.67
-0.07,0.05,0.9,-0.33,-0.23,0.17,-4.7,2.97
-0.08,0.07,0.91,-0.37,-0.2,0.15,-4.86,4.25
-0.1,0.09,0.92,-0.38,-0.16,0.11,-5.99,5.61
-0.11,0.11,0.95,-0.37,-0.14,0.08,-6.35,6.27
-0.12,0.12,0.98,-0.35,-0.09,0.05,-6.77,7.09
-0.13,0.13,1.01,-0.31,-0.03,0.03,-7.17,7.41
-0.12,0.14,1.03,-0.31,-0.12,0.12,-6.68,7.53
-0.13,0.15,1.04,-0.22,-0.02,0.03,-6.91,8.15
-0.13,0.14,1.03,-0.13,-0.02,-0.0,-6.97,7.59
-0.12,0.14,1.02,-0.08,-0.02,-0.02,-6.6,7.71
-0.12,0.12,1.01,-0.05,-0.03,-0.02,-6.58,6.92
-0.11,0.11,0.99,0.0,-0.05,-0.05,-6.05,6.35
-0.1,0.1,0.97,0.01,-0.07,-0.06,-5.82,5.84
-0.09,0.08,0.96,0.03,-0.06,-0.09,-5.5,4.74
-0.1,0.07,0.97,0.03,-0.07,-0.1,-5.63,4.26
-0.09,0.06,0.97,0.05,-0.09,-0.11,-5.15,3.39
-0.08,0.04,0.97,0.06,-0.09,-0.11,-4.53,2.47
-0.07,0.04,0.98,0.07,-0.08,-0.12,-4.34,2.1
-0.07,0.03,0.98,0.08,-0.07,-0.13,-3.91,1.46
-0.06,0.02,0.98,0.06,-0.12,-0.09,-3.61,1.09
-0.06,0.01,0.98,0.09,-0.09,-0.1,-3.58,0.8
-0.06,0.01,0.97,0.13,-0.04,-0.11,-3.3,0.73
-0.05,0.01,0.96,0.12,-0.04,-0.11,-2.79,0.69
-0.04,0.0,0.96,0.15,-0.03,-0.11,-2.3,0.07
-0.04,0.0,0.95,0.16,-0.02,-0.12,-2.23,0.17
-0.03,0.0,0.94,0.15,-0.02,-0.13,-1.58,0.04
-0.03,-0.01,0.94,0.13,-0.0,-0.13,-1.67,-0.58
-0.02,-0.02,0.93,0.14,-0.01,-0.14,-1.15,-1.06
-0.02,-0.03,0.93,0.13,-0.01,-0.13,-0.99,-1.64
-0.02,-0.04,0.94,0.12,-0.02,-0.14,-0.97,-2.41
-0.01,-0.05,0.94,0.09,-0.03,-0.13,-0.68,-3.1
-0.01,-0.06,0.94,0.07,-0.04,-0.11,-0.68,-3.6
-0.01,-0.05,0.95,0.06,-0.05,-0.08,-0.68,-3.32
-0.01,-0.05,0.93,0.05,-0.06,-0.06,-0.84,-2.89
-0.02,-0.03,0.93,0.03,-0.04,-0.04,-1.26,-2.08
-0.02,-0.02,0.92,0.04,-0.05,-0.03,-1.49,-1.04
-0.03,-0.01,0.91,0.06,-0.04,-0.03,-1.59,-0.47
-0.03,0.0,0.9,0.06,-0.03,-0.04,-1.99,0.04
-0.02,0.0,0.88,0.06,-0.01,-0.04,-1.62,0.18
-0.02,0.0,0.87,0.07,0.0,-0.04,-1.38,0.31
-0.02,0.01,0.86,0.07,0.01,-0.05,-1.19,0.56
-0.02,0.01,0.85,0.07,0.01,-0.06,-1.28,0.57
-0.01,0.0,0.85,0.06,0.03,-0.09,-0.91,0.33
-0.01,0.0,0.84,0.06,0.04,-0.1,-0.6,0.11
-0.01,-0.0,0.84,0.04,0.04,-0.12,-0.67,-0.25
-0.01,-0.01,0.84,0.09,0.18,-0.29,-0.4,-0.92
-0.01,-0.02,0.85,-0.0,0.06,-0.15,-0.67,-1.46
-0.01,-0.03,0.86,-0.01,0.02,-0.16,-0.91,-2.06
-0.01,-0.04,0.87,-0.03,0.02,-0.16,-0.82,-2.52
-0.01,-0.04,0.88,-0.05,0.0,-0.17,-0.89,-2.66
-0.02,-0.06,0.89,-0.07,0.0,-0.17,-1.19,-3.66
-0.02,-0.06,0.91,-0.09,-0.01,-0.16,-1.51,-3.58
-0.03,-0.05,0.92,-0.12,-0.01,-0.16,-1.8,-3.33
-0.03,-0.06,0.93,-0.13,-0.04,-0.12,-1.89,-3.62
-0.04,-0.06,0.93,-0.12,-0.01,-0.12,-2.31,-3.44
-0.03,-0.05,0.94,-0.13,0.0,-0.11,-2.05,-2.91
-0.04,-0.04,0.94,-0.11,0.0,-0.11,-2.32,-2.6
-0.04,-0.04,0.94,-0.12,0.03,-0.09,-2.32,-2.47
-0.03,-0.04,0.94,-0.12,0.03,-0.1,-2.07,-2.41
-0.04,-0.03,0.95,-0.14,0.04,-0.08,-2.26,-1.99
-0.04,-0.03,0.95,-0.13,0.04,-0.09,-2.58,-1.69
-0.04,-0.02,0.94,-0.02,0.26,-0.32,-2.48,-1.51
-0.04,-0.02,0.94,-0.15,0.04,-0.08,-2.42,-1.46
-0.05,-0.03,0.94,-0.14,0.05,-0.08,-2.9,-1.53
-0.05,-0.02,0.95,-0.15,0.05,-0.09,-2.93,-1.44
-0.05,-0.02,0.95,-0.1,0.16,-0.22,-3.19,-1.21
-0.06,-0.03,0.95,-0.18,0.04,-0.1,-3.47,-1.51
-0.06,-0.02,0.96,-0.16,0.02,-0.09,-3.57,-1.34
-0.06,-0.02,0.96,-0.19,0.03,-0.09,-3.81,-1.11
-0.07,-0.02,0.97,-0.17,0.01,-0.1,-4.0,-1.26
-0.08,-0.02,0.99,-0.17,0.02,-0.09,-4.43,-0.93
-0.08,-0.02,0.99,-0.2,0.05,-0.09,-4.49,-1.23
-0.09,-0.02,1.01,-0.2,0.04,-0.07,-4.82,-1.05
-0.09,-0.02,1.02,-0.17,0.03,-0.07,-5.21,-0.89
-0.1,-0.02,1.02,-0.16,0.03,-0.06,-5.55,-0.9
-0.1,-0.0,1.04,-0.17,0.05,-0.04,-5.71,-0.24
-0.11,0.0,1.04,-0.15,0.06,-0.03,-6.23,0.11
-0.12,0.01,1.05,-0.14,0.05,-0.02,-6.26,0.41
-0.12,0.02,1.06,-0.11,0.04,-0.01,-6.71,0.99
-0.12,0.03,1.07,-0.1,0.08,0.01,-6.62,1.36
-0.13,0.03,1.08,-0.08,0.08,0.01,-6.87,1.8
-0.13,0.04,1.08,-0.05,0.08,0.01,-6.81,2.31
-0.13,0.06,1.09,-0.01,0.07,0.02,-6.75,2.87
-0.13,0.06,1.09,0.02,0.07,0.03,-6.94,3.16
-0.13,0.07,1.09,0.05,0.07,0.04,-7.04,3.54
-0.14,0.08,1.08,0.09,0.06,0.04,-7.19,3.99
-0.13,0.08,1.07,0.18,0.17,-0.08,-6.84,4.08
-0.13,0.09,1.05,0.13,0.06,0.03,-6.76,4.61
-0.13,0.08,1.04,0.15,0.04,0.05,-6.89,4.55
-0.13,0.09,1.02,0.2,0.04,0.04,-7.25,4.93
-0.12,0.08,1.01,0.23,0.03,0.02,-6.84,4.55
-0.11,0.07,0.99,0.23,0.06,-0.0,-6.41,4.13
-0.11,0.07,0.99,0.26,0.06,-0.0,-6.31,4.28
-0.1,0.07,0.97,0.28,0.04,-0.01,-6.01,3.89
-0.1,0.06,0.96,0.3,0.03,-0.02,-5.91,3.69
-0.09,0.05,0.96,0.31,0.03,-0.03,-5.25,2.92
-0.09,0.05,0.94,0.31,0.01,-0.03,-5.29,2.82
-0.08,0.04,0.92,0.3,-0.0,-0.05,-4.88,2.28
-0.07,0.04,0.91,0.31,-0.04,-0.05,-4.43,2.44
-0.07,0.03,0.9,0.32,-0.05,-0.06,-4.46,1.85
-0.06,0.03,0.88,0.29,-0.06,-0.07,-3.75,1.65
-0.06,0.01,0.89,0.3,-0.09,-0.07,-3.83,0.73
-0.05,0.0,0.87,0.3,-0.11,-0.08,-3.04,0.31
-0.04,-0.01,0.88,0.3,-0.11,-0.11,-2.44,-0.45
-0.02,-0.01,0.87,0.29,-0.12,-0.12,-1.54,-0.57
-0.02,-0.02,0.87,0.29,-0.05,-0.21,-1.33,-1.34
-0.02,-0.03,0.88,0.26,-0.14,-0.12,-1.29,-2.15
-0.01,-0.04,0.87,0.26,-0.12,-0.14,-0.81,-2.85
-0.01,-0.05,0.88,0.26,-0.11,-0.15,-0.38,-3.43
-0.0,-0.06,0.89,0.25,-0.11,-0.15,-0.06,-3.94
0.01,-0.07,0.9,0.24,-0.1,-0.15,0.35,-4.46
0.01,-0.08,0.9,0.22,-0.08,-0.16,0.43,-5.18
0.01,-0.09,0.91,0.19,-0.05,-0.14,0.84,-5.75
0.01,-0.09,0.92,0.2,-0.05,-0.13,0.65,-5.72
0.02,-0.09,0.92,0.13,-0.1,-0.06,1.05,-5.79
0.02,-0.09,0.92,0.15,-0.03,-0.1,1.19,-5.75
0.03,-0.1,0.92,0.14,-0.02,-0.1,1.56,-6.26
0.02,-0.09,0.92,0.12,-0.02,-0.08,1.52,-5.65
0.02,-0.1,0.92,0.1,-0.02,-0.07,1.47,-6.01
0.02,-0.09,0.92,0.09,-0.02,-0.06,1.37,-5.59
0.02,-0.08,0.92,0.06,-0.03,-0.04,1.5,-5.26
0.02,-0.07,0.91,0.03,-0.04,-0.03,1.37,-4.36
0.02,-0.06,0.91,0.03,-0.06,-0.02,1.09,-3.7
0.02,-0.05,0.9,0.01,-0.07,-0.01,1.09,-3.36
0.01,-0.04,0.89,-0.02,-0.06,-0.03,0.62,-2.49
0.01,-0.04,0.89,-0.05,-0.06,-0.02,0.54,-2.51
0.0,-0.03,0.89,-0.04,-0.08,-0.02,0.09,-1.78
0.0,-0.03,0.89,-0.07,-0.06,-0.04,0.08,-1.66
-0.01,-0.02,0.9,-0.08,-0.05,-0.04,-0.44,-1.39
-0.01,-0.01,0.91,-0.08,-0.04,-0.04,-0.72,-0.9
-0.01,-0.01,0.91,-0.08,-0.03,-0.04,-0.66,-0.61
-0.01,-0.01,0.91,-0.09,-0.03,-0.04,-0.92,-0.45
-0.02,0.0,0.91,-0.08,-0.02,-0.04,-1.45,0.17
-0.03,0.01,0.91,-0.08,-0.0,-0.05,-1.81,0.68
-0.03,0.01,0.91,-0.09,0.01,-0.05,-1.81,0.67
-0.03,0.02,0.9,-0.01,0.15,-0.22,-2.06,0.98
-0.03,0.01,0.9,-0.08,0.01,-0.07,-2.22,0.93
-0.03,0.01,0.89,-0.07,0.01,-0.07,-2.09,0.87
-0.04,0.01,0.89,-0.08,0.03,-0.07,-2.32,0.58
-0.04,0.01,0.89,-0.08,0.02,-0.08,-2.36,0.84
-0.04,0.02,0.89,-0.08,0.02,-0.09,-2.66,1.17
-0.04,0.02,0.89,-0.11,0.03,-0.1,-2.86,1.12
-0.05,0.02,0.89,-0.1,0.02,-0.1,-2.98,0.97
-0.05,0.01,0.89,-0.1,0.01,-0.12,-3.52,0.46
-0.06,0.0,0.89,-0.12,-0.01,-0.12,-3.78,0.29
-0.07,-0.0,0.89,-0.14,0.01,-0.13,-4.35,-0.12
-0.06,0.0,0.9,-0.13,-0.01,-0.13,-4.09,0.07
-0.06,-0.0,0.91,-0.14,-0.01,-0.14,-3.98,-0.2
-0.06,-0.01,0.91,-0.14,-0.04,-0.14,-3.77,-0.58
-0.06,-0.01,0.91,-0.15,-0.03,-0.15,-4.07,-0.93
-0.07,-0.02,0.91,-0.16,-0.03,-0.14,-4.13,-1.37
-0.06,-0.02,0.92,-0.17,0.0,-0.19,-4.03,-1.55
-0.07,-0.03,0.91,-0.2,-0.05,-0.13,-4.16,-1.79
-0.06,-0.03,0.93,-0.21,-0.03,-0.13,-3.82,-1.76
-0.07,-0.04,0.92,-0.22,-0.02,-0.13,-4.4,-2.18
-0.07,-0.05,0.93,-0.22,-0.03,-0.13,-4.17,-2.8
-0.07,-0.04,0.94,-0.22,-0.04,-0.12,-3.95,-2.16
-0.07,-0.04,0.94,-0.26,-0.04,-0.13,-4.54,-2.59
-0.08,-0.04,0.95,-0.26,-0.07,-0.09,-4.7,-2.32
-0.08,-0.05,0.95,-0.27,-0.09,-0.09,-4.82,-3.12
-0.09,-0.04,0.97,-0.27,-0.11,-0.08,-5.16,-2.21
-0.08,-0.04,0.97,-0.27,-0.1,-0.08,-4.8,-2.53
-0.09,-0.05,0.98,-0.29,-0.1,-0.07,-5.1,-2.95
-0.09,-0.05,0.98,-0.3,-0.14,-0.04,-5.04,-2.84
-0.08,-0.05,0.99,-0.27,-0.13,-0.05,-4.82,-2.95
-0.09,-0.04,0.99,-0.25,-0.1,-0.04,-5.03,-2.55
-0.08,-0.05,1.0,-0.24,-0.1,-0.03,-4.82,-2.97
-0.09,-0.05,1.0,-0.22,-0.08,-0.03,-4.85,-2.72
-0.08,-0.05,1.01,-0.21,-0.08,-0.01,-4.42,-2.94
-0.08,-0.04,1.02,-0.23,-0.05,-0.01,-4.68,-2.38
-0.08,-0.04,1.01,-0.22,-0.02,-0.0,-4.35,-2.53
-0.07,-0.04,1.01,-0.19,-0.02,0.0,-4.19,-2.52
-0.07,-0.05,1.01,-0.18,-0.01,0.01,-3.82,-2.54
-0.06,-0.04,1.02,-0.18,0.01,0.02,-3.59,-2.35
-0.06,-0.04,1.01,-0.16,0.02,0.03,-3.31,-2.15
-0.06,-0.03,1.01,-0.17,0.02,0.05,-3.13,-1.74
-0.07,-0.02,1.01,-0.18,0.02,0.06,-3.81,-1.06
-0.07,-0.01,1.0,-0.16,0.02,0.06,-3.89,-0.51
-0.07,0.0,1.01,-0.15,0.02,0.06,-3.81,0.23
-0.07,0.01,1.01,-0.15,0.02,0.07,-3.89,0.58
-0.07,0.02,1.01,-0.13,0.02,0.07,-3.82,1.12
-0.08,0.03,1.01,-0.12,0.0,0.09,-4.25,1.67
-0.07,0.03,1.01,-0.11,0.03,0.09,-4.11,1.92
-0.07,0.03,1.0,-0.08,0.03,0.1,-4.05,1.94
-0.07,0.04,1.0,-0.05,0.03,0.1,-3.98,2.47
-0.07,0.05,0.99,-0.02,0.03,0.11,-4.05,2.95
-0.06,0.06,0.97,-0.02,0.02,0.11,-3.81,3.43
-0.06,0.06,0.96,0.0,0.04,0.11,-3.73,3.4
-0.07,0.06,0.95,-0.01,0.06,0.08,-3.93,3.83
-0.07,0.06,0.94,0.01,0.04,0.11,-3.98,3.79
-0.06,0.06,0.92,0.04,0.06,0.07,-3.73,3.92
-0.06,0.06,0.91,0.06,0.07,0.06,-3.61,4.0
-0.06,0.06,0.91,0.07,0.06,0.04,-3.73,3.83
-0.05,0.06,0.9,0.06,0.05,0.03,-3.28,3.61
-0.06,0.05,0.91,0.08,0.05,0.01,-3.58,3.41
-0.04,0.04,0.9,0.06,0.06,-0.01,-2.78,2.57
-0.05,0.03,0.9,0.08,0.04,-0.01,-3.33,2.14
-0.05,0.03,0.91,0.08,0.04,-0.03,-3.13,1.65
-0.04,0.02,0.9,0.07,0.02,-0.03,-2.84,1.09
-0.05,0.01,0.9,0.07,0.02,-0.03,-3.0,0.55
-0.04,0.0,0.9,0.07,0.01,-0.03,-2.51,0.3
-0.04,-0.01,0.89,0.06,-0.0,-0.04,-2.44,-0.65
-0.04,-0.01,0.9,0.05,-0.01,-0.04,-2.48,-0.57
-0.03,-0.02,0.9,0.01,0.0,-0.04,-2.23,-1.13
-0.04,-0.02,0.89,0.0,-0.02,-0.05,-2.29,-1.58
-0.03,-0.04,0.9,-0.02,-0.04,-0.05,-1.65,-2.59
-0.03,-0.04,0.91,-0.04,-0.04,-0.06,-1.76,-2.7
-0.01,-0.04,0.93,-0.07,-0.07,-0.05,-0.61,-2.73
-0.01,-0.03,0.95,-0.11,-0.08,-0.05,-0.51,-1.99
-0.0,-0.04,0.99,-0.14,-0.12,-0.05,-0.1,-2.05
0.02,-0.04,1.03,-0.16,-0.18,-0.03,1.21,-2.23
0.05,-0.05,1.07,-0.22,-0.22,0.01,2.5,-2.69
0.06,-0.07,1.1,-0.26,-0.28,0.06,3.25,-3.53
0.05,-0.09,1.1,-0.26,-0.22,-0.03,2.49,-4.64
0.04,-0.11,1.1,-0.4,-0.42,0.18,1.88,-5.53
-0.01,-0.11,1.11,-0.53,-0.46,0.24,-0.31,-5.56
-0.05,-0.09,1.17,-0.64,-0.52,0.29,-2.64,-4.44
-0.1,-0.04,1.28,-0.76,-0.49,0.34,-4.36,-1.96
-0.13,0.03,1.39,-0.84,-0.46,0.38,-5.37,1.19
-0.17,0.11,1.51,-0.88,-0.39,0.45,-6.56,3.99
-0.2,0.18,1.61,-0.86,-0.38,0.53,-7.15,6.27
-0.23,0.24,1.65,-0.85,-0.4,0.62,-7.98,8.08
-0.25,0.27,1.65,-0.81,-0.38,0.7,-8.58,9.36
-0.27,0.36,1.6,-0.83,-0.48,0.77,-9.27,12.5
-0.29,0.42,1.54,-0.83,-0.57,0.83,-10.35,14.94
-0.32,0.46,1.48,-0.83,-0.68,0.86,-11.65,16.87
-0.33,0.48,1.42,-0.9,-0.79,0.85,-12.56,18.23
-0.35,0.5,1.42,-0.98,-0.91,0.81,-13.22,18.75
-0.35,0.51,1.43,-1.07,-0.99,0.76,-13.06,19.03
-0.36,0.54,1.48,-1.14,-1.09,0.74,-12.84,19.48
-0.36,0.57,1.55,-1.19,-1.03,0.56,-12.29,19.7
-0.36,0.56,1.66,-1.26,-1.13,0.65,-11.48,18.33
-0.36,0.58,1.78,-1.29,-1.11,0.65,-10.79,17.76
-0.36,0.63,1.87,-1.32,-1.09,0.66,-10.24,18.25
-0.38,0.65,1.98,-1.29,-1.04,0.65,-10.28,17.88
-0.39,0.64,2.04,-1.25,-0.99,0.65,-10.25,17.05
-0.37,0.61,2.07,-1.19,-0.99,0.67,-9.75,16.24
-0.37,0.58,2.09,-1.12,-1.0,0.69,-9.56,15.26
-0.36,0.56,2.1,-1.06,-1.04,0.71,-9.5,14.68
-0.36,0.55,2.1,-0.96,-1.11,0.76,-9.43,14.37
-0.35,0.54,2.11,-0.86,-1.17,0.8,-9.14,14.25
-0.33,0.55,2.11,-0.76,-1.27,0.83,-8.68,14.42
-0.32,0.55,2.11,-0.66,-1.36,0.86,-8.26,14.6
-0.31,0.56,2.1,-0.56,-1.42,0.86,-8.21,14.85
-0.32,0.56,2.09,-0.49,-1.46,0.84,-8.3,14.82
-0.32,0.54,2.09,-0.4,-1.5,0.81,-8.34,14.21
-0.31,0.5,2.11,-0.31,-1.58,0.78,-8.16,13.25
-0.31,0.46,2.12,-0.2,-1.68,0.76,-8.19,12.09
-0.31,0.44,2.12,-0.05,-1.8,0.74,-8.22,11.47
-0.31,0.44,2.11,0.15,-1.94,0.72,-8.32,11.65
-0.32,0.45,2.08,0.39,-2.08,0.66,-8.52,12.18
-0.33,0.46,2.06,0.63,-2.23,0.58,-8.99,12.52
-0.34,0.47,2.04,0.86,-2.34,0.46,-9.18,12.88
-0.34,0.47,2.02,1.06,-2.45,0.32,-9.44,12.95
-0.34,0.45,2.02,1.26,-2.55,0.16,-9.32,12.33
-0.26,0.35,1.93,1.42,-2.65,-0.01,-7.55,10.3
-0.19,0.28,1.9,1.54,-2.72,-0.17,-5.6,8.37
-0.08,0.17,1.85,1.63,-2.81,-0.32,-2.33,5.27
0.04,0.04,1.83,1.7,-2.9,-0.41,1.34,1.34
0.16,-0.08,1.79,1.76,-3.01,-0.48,5.26,-2.67
0.27,-0.2,1.75,1.77,-3.09,-0.5,8.79,-6.57
0.37,-0.32,1.71,1.78,-3.17,-0.47,12.01,-10.49
0.46,-0.42,1.65,1.77,-3.26,-0.42,14.99,-13.83
0.54,-0.53,1.57,1.74,-3.34,-0.35,18.03,-17.69
0.59,-0.59,1.49,1.69,-3.38,-0.27,20.19,-20.37
0.6,-0.64,1.39,1.62,-3.4,-0.18,21.57,-22.81
0.62,-0.66,1.29,1.54,-3.39,-0.11,23.21,-24.7
0.62,-0.69,1.21,1.44,-3.34,-0.03,23.94,-26.97
0.61,-0.7,1.11,1.34,-3.34,0.03,24.82,-28.87
0.6,-0.71,1.03,1.21,-3.3,0.08,25.7,-30.68
0.58,-0.71,0.96,1.07,-3.29,0.13,25.78,-32.36
0.55,-0.72,0.9,0.93,-3.31,0.16,25.35,-34.19
0.52,-0.68,0.87,0.79,-3.32,0.17,25.07,-34.08
0.49,-0.66,0.83,0.67,-3.3,0.19,24.73,-34.43
0.47,-0.65,0.81,0.57,-3.32,0.21,24.6,-34.92
0.45,-0.62,0.77,0.49,-3.34,0.21,24.63,-34.74
0.42,-0.58,0.73,0.42,-3.35,0.21,24.39,-34.73
0.38,-0.55,0.71,0.37,-3.34,0.2,22.89,-34.1
0.35,-0.52,0.68,0.33,-3.3,0.16,22.22,-34.19
0.32,-0.5,0.66,0.3,-3.28,0.12,21.38,-34.23
0.31,-0.48,0.62,0.3,-3.22,0.06,21.5,-34.73
0.3,-0.48,0.59,0.3,-3.16,0.0,21.7,-35.73
0.29,-0.47,0.55,0.29,-3.08,-0.04,22.01,-37.41
0.28,-0.47,0.5,0.28,-3.02,-0.08,22.33,-39.56
0.27,-0.48,0.45,0.27,-2.95,-0.11,22.29,-42.42
0.26,-0.48,0.42,0.24,-2.84,-0.15,22.12,-44.34
0.26,-0.48,0.37,0.23,-2.79,-0.17,23.05,-46.41
0.24,-0.46,0.34,0.19,-2.71,-0.2,22.81,-47.95
0.23,-0.45,0.33,0.18,-2.65,-0.22,22.18,-48.51
0.2,-0.45,0.3,0.15,-2.55,-0.24,20.23,-50.94
0.18,-0.44,0.29,0.15,-2.48,-0.26,19.01,-52.27
0.18,-0.44,0.29,0.14,-2.42,-0.26,18.31,-52.65
0.16,-0.44,0.3,0.15,-2.38,-0.26,17.01,-52.38
0.16,-0.46,0.3,0.15,-2.33,-0.25,15.94,-53.76
0.15,-0.47,0.3,0.17,-2.33,-0.21,15.49,-54.58
0.15,-0.48,0.3,0.2,-2.35,-0.15,15.31,-54.8
0.14,-0.47,0.29,0.22,-2.36,-0.09,14.47,-55.23
0.12,-0.44,0.27,0.26,-2.33,-0.03,13.22,-56.15
0.08,-0.41,0.27,0.3,-2.28,0.03,9.91,-55.26
0.05,-0.36,0.25,0.35,-2.24,0.06,5.87,-54.73
0.01,-0.33,0.25,0.39,-2.17,0.1,0.97,-52.47
-0.02,-0.29,0.24,0.43,-2.07,0.09,-2.35,-50.84
-0.03,-0.25,0.21,0.47,-1.96,0.1,-4.51,-49.89
-0.04,-0.23,0.19,0.55,-1.88,0.1,-7.46,-50.45
-0.05,-0.2,0.16,0.6,-1.79,0.1,-11.29,-50.37
-0.07,-0.17,0.12,0.63,-1.68,0.09,-18.15,-51.24
-0.07,-0.17,0.1,0.64,-1.61,0.1,-19.89,-53.87
-0.07,-0.19,0.08,0.66,-1.56,0.11,-19.04,-60.35
-0.07,-0.2,0.08,0.64,-1.49,0.13,-18.37,-62.18
-0.07,-0.21,0.06,0.62,-1.41,0.16,-18.44,-64.95
-0.08,-0.21,0.05,0.57,-1.34,0.21,-19.68,-66.12
-0.07,-0.21,0.06,0.54,-1.3,0.25,-18.31,-66.07
-0.07,-0.22,0.06,0.5,-1.29,0.31,-17.2,-67.11
-0.11,-0.21,0.07,0.45,-1.3,0.36,-26.02,-57.95
-0.14,-0.16,0.08,0.38,-1.3,0.4,-38.58,-44.45
-0.16,-0.11,0.08,0.31,-1.31,0.43,-48.9,-31.63
-0.18,-0.08,0.1,0.22,-1.29,0.44,-54.76,-19.96
-0.22,-0.01,0.14,0.15,-1.27,0.46,-58.0,-1.93
-0.27,0.04,0.19,0.11,-1.25,0.42,-54.14,6.55
-0.28,0.08,0.24,0.07,-1.23,0.39,-47.76,11.83
-0.27,0.1,0.28,0.07,-1.22,0.36,-42.17,15.09
-0.25,0.14,0.3,0.08,-1.2,0.33,-37.2,20.21
-0.26,0.17,0.31,0.09,-1.13,0.27,-36.05,22.48
-0.27,0.19,0.34,0.1,-1.08,0.24,-34.28,23.54
-0.26,0.18,0.35,0.11,-1.01,0.18,-33.77,22.54
-0.26,0.17,0.35,0.12,-0.95,0.15,-33.5,21.84
-0.25,0.17,0.34,0.12,-0.89,0.12,-33.51,22.22
-0.25,0.18,0.35,0.19,-0.71,-0.06,-32.54,22.12
-0.27,0.18,0.35,0.07,-0.81,0.09,-33.87,22.41
-0.27,0.2,0.35,0.06,-0.72,0.06,-33.9,24.49
-0.27,0.2,0.36,0.04,-0.64,0.02,-32.92,23.89
-0.25,0.2,0.36,-0.0,-0.59,0.01,-31.97,24.18
-0.25,0.19,0.37,-0.03,-0.54,-0.02,-30.71,23.62
-0.24,0.17,0.39,-0.06,-0.52,-0.02,-29.19,20.76
-0.23,0.15,0.42,-0.12,-0.5,-0.02,-27.02,17.25
-0.22,0.12,0.45,-0.16,-0.49,-0.01,-25.26,13.96
-0.21,0.11,0.49,-0.18,-0.5,0.01,-22.66,11.66
-0.2,0.12,0.53,-0.2,-0.47,0.04,-20.19,11.76
-0.19,0.13,0.56,-0.19,-0.48,0.05,-18.53,12.59
-0.18,0.14,0.6,-0.19,-0.44,0.07,-16.42,12.49
-0.18,0.12,0.63,-0.18,-0.45,0.08,-15.34,10.72
-0.18,0.11,0.65,-0.11,-0.35,-0.04,-14.97,9.57
-0.18,0.13,0.68,-0.15,-0.49,0.13,-14.81,10.48
-0.19,0.16,0.71,-0.16,-0.47,0.14,-14.56,12.19
-0.2,0.19,0.74,-0.12,-0.47,0.14,-14.62,13.89
-0.21,0.2,0.78,-0.08,-0.46,0.12,-14.58,14.18
-0.2,0.21,0.81,-0.04,-0.4,0.07,-13.68,14.23
-0.2,0.22,0.83,0.04,-0.36,0.04,-12.98,14.26
-0.2,0.23,0.84,0.1,-0.3,0.0,-12.75,15.05
-0.19,0.24,0.84,0.19,-0.24,-0.05,-12.51,15.41
-0.2,0.24,0.81,0.27,-0.18,-0.09,-13.08,15.99
-0.2,0.24,0.79,0.31,-0.08,-0.14,-13.75,16.31
-0.2,0.23,0.76,0.38,-0.02,-0.19,-14.29,16.14
-0.2,0.21,0.71,0.42,0.03,-0.21,-14.9,16.11
-0.19,0.2,0.67,0.43,0.08,-0.25,-15.46,15.68
-0.19,0.19,0.64,0.44,0.13,-0.26,-16.23,15.51
-0.2,0.18,0.61,0.43,0.16,-0.26,-17.06,15.76
-0.2,0.17,0.58,0.41,0.2,-0.27,-18.19,15.82
-0.21,0.18,0.56,0.39,0.21,-0.26,-19.71,16.39
-0.23,0.18,0.55,0.37,0.25,-0.28,-21.33,17.19
-0.24,0.19,0.55,0.33,0.28,-0.29,-22.2,17.49
-0.24,0.19,0.54,0.3,0.29,-0.29,-22.4,17.85
-0.23,0.19,0.53,0.34,0.45,-0.48,-22.44,17.83
-0.23,0.17,0.53,0.24,0.31,-0.33,-22.77,16.44
-0.23,0.15,0.53,0.19,0.34,-0.34,-22.88,14.55
-0.22,0.12,0.53,0.17,0.34,-0.34,-21.79,12.27
-0.2,0.1,0.54,0.12,0.35,-0.34,-20.24,9.98
-0.18,0.09,0.53,0.09,0.37,-0.32,-18.19,9.26
-0.17,0.08,0.52,0.05,0.38,-0.32,-17.75,8.8
-0.16,0.08,0.52,0.01,0.37,-0.3,-16.6,7.88
-0.16,0.07,0.52,-0.06,0.36,-0.28,-16.81,7.76
-0.16,0.06,0.53,-0.1,0.36,-0.28,-16.75,6.24
-0.15,0.06,0.54,-0.16,0.38,-0.28,-15.51,6.12
-0.13,0.05,0.56,-0.21,0.37,-0.27,-13.16,5.16
-0.14,0.05,0.57,-0.26,0.37,-0.27,-13.31,4.86
-0.12,0.02,0.62,-0.28,0.39,-0.27,-11.06,2.23
-0.13,0.02,0.6,-0.31,0.39,-0.26,-12.02,1.72
-0.13,0.03,0.59,-0.36,0.39,-0.27,-12.48,2.77
-0.12,-0.01,0.63,-0.4,0.42,-0.29,-10.96,-0.55
-0.09,-0.01,0.69,-0.39,0.43,-0.28,-7.29,-1.04
-0.07,-0.02,0.74,-0.38,0.5,-0.29,-5.12,-1.73
-0.05,-0.02,0.75,-0.33,0.54,-0.28,-3.66,-1.89
-0.05,-0.03,0.77,-0.3,0.59,-0.29,-3.58,-2.5
-0.06,-0.04,0.77,-0.23,0.61,-0.29,-4.8,-2.94
-0.07,-0.06,0.77,-0.17,0.69,-0.31,-4.81,-4.27
-0.06,-0.06,0.78,-0.12,0.78,-0.3,-4.3,-4.7
-0.04,-0.07,0.78,-0.05,0.84,-0.32,-2.99,-4.92
-0.03,-0.06,0.76,-0.01,0.93,-0.32,-2.48,-4.32
-0.03,-0.06,0.75,0.06,0.99,-0.32,-2.48,-4.48
-0.03,-0.07,0.75,0.1,1.05,-0.31,-2.22,-5.53
-0.03,-0.07,0.74,0.15,1.1,-0.31,-2.63,-5.79
-0.03,-0.06,0.72,0.19,1.13,-0.32,-1.99,-4.43
-0.02,-0.04,0.69,0.21,1.16,-0.32,-1.89,-3.33
-0.02,-0.04,0.67,0.22,1.17,-0.31,-1.8,-3.07
-0.04,-0.03,0.67,0.2,1.2,-0.33,-3.6,-2.43
-0.06,-0.02,0.67,0.21,1.14,-0.32,-5.4,-1.29
-0.08,-0.01,0.65,0.21,1.14,-0.33,-6.61,-0.78
-0.08,0.0,0.64,0.22,1.14,-0.35,-6.87,0.11
-0.07,0.01,0.61,0.2,1.14,-0.38,-6.85,0.62
-0.08,-0.0,0.61,0.19,1.13,-0.39,-7.49,-0.11
-0.08,-0.02,0.61,0.18,1.14,-0.41,-7.29,-1.75
-0.08,-0.02,0.6,0.15,1.16,-0.42,-7.23,-2.26
-0.07,-0.03,0.58,0.13,1.15,-0.43,-6.97,-2.6
-0.05,-0.04,0.58,0.12,1.14,-0.45,-5.34,-4.2
-0.03,-0.06,0.58,0.08,1.12,-0.46,-2.75,-5.73
-0.0,-0.06,0.58,0.03,1.14,-0.47,-0.34,-6.28
0.02,-0.07,0.57,0.05,1.31,-0.61,1.8,-7.43
0.03,-0.09,0.56,-0.07,1.14,-0.47,3.2,-9.41
0.03,-0.12,0.57,-0.14,1.13,-0.46,3.36,-11.93
0.04,-0.15,0.6,-0.2,1.16,-0.45,3.35,-13.93
0.05,-0.16,0.63,-0.25,1.16,-0.43,4.3,-13.84
0.06,-0.16,0.67,-0.29,1.18,-0.42,5.19,-13.14
0.08,-0.16,0.71,-0.31,1.21,-0.42,6.05,-12.83
0.08,-0.18,0.76,-0.31,1.27,-0.41,5.82,-13.52
0.08,-0.2,0.8,-0.27,1.31,-0.39,5.27,-14.24
0.08,-0.2,0.82,-0.22,1.36,-0.39,5.38,-13.63
0.09,-0.18,0.81,-0.19,1.43,-0.36,6.02,-12.41
0.1,-0.16,0.8,-0.18,1.48,-0.36,6.66,-11.57
0.09,-0.15,0.78,-0.2,1.52,-0.36,6.43,-10.55
0.08,-0.14,0.74,-0.2,1.56,-0.37,6.24,-10.33
0.07,-0.14,0.72,-0.25,1.57,-0.39,5.79,-11.01
0.08,-0.15,0.71,-0.3,1.6,-0.41,6.13,-12.1
0.07,-0.17,0.72,-0.39,1.61,-0.41,5.21,-13.06
0.08,-0.2,0.76,-0.45,1.58,-0.4,5.81,-15.09
0.06,-0.2,0.74,-0.51,1.56,-0.39,4.26,-15.47
0.07,-0.23,0.85,-0.59,1.55,-0.39,4.66,-15.28
0.09,-0.22,0.96,-0.57,1.49,-0.37,5.08,-12.81
0.09,-0.19,1.05,-0.48,1.47,-0.37,4.78,-10.33
0.09,-0.17,1.09,-0.37,1.5,-0.39,4.65,-8.62
0.09,-0.14,1.1,-0.26,1.58,-0.41,4.43,-7.19
0.08,-0.13,1.1,-0.12,1.68,-0.45,4.0,-6.5
0.08,-0.13,1.08,0.02,1.8,-0.51,4.15,-7.04
0.1,-0.16,1.02,0.14,1.94,-0.55,5.54,-9.08
0.14,-0.21,0.94,0.21,2.09,-0.6,8.16,-12.47
0.16,-0.27,0.85,0.22,2.21,-0.63,10.04,-17.49
0.19,-0.36,0.79,0.17,2.3,-0.62,12.03,-23.91
0.2,-0.41,0.74,0.08,2.32,-0.56,13.28,-28.04
0.2,-0.44,0.73,-0.04,2.31,-0.49,13.28,-29.98
0.21,-0.45,0.74,-0.21,2.3,-0.41,13.36,-30.46
0.21,-0.45,0.73,-0.38,2.19,-0.31,13.65,-30.68
0.21,-0.44,0.78,-0.59,2.13,-0.24,13.03,-28.36
0.2,-0.43,0.86,-0.76,2.02,-0.16,11.76,-26.12
0.2,-0.38,0.96,-0.9,1.9,-0.07,10.98,-21.32
0.17,-0.32,1.08,-1.0,1.77,0.0,8.66,-16.15
0.14,-0.23,1.19,-1.01,1.63,0.05,6.6,-10.83
0.12,-0.16,1.26,-0.99,1.55,0.08,5.59,-7.18
0.09,-0.1,1.31,-1.05,1.4,0.22,3.86,-4.52
0.04,-0.05,1.35,-0.88,1.46,0.1,1.67,-2.1
-0.02,0.02,1.38,-0.72,1.5,0.04,-0.68,0.96
-0.06,0.09,1.36,-0.57,1.54,-0.04,-2.48,3.65
-0.09,0.14,1.34,-0.42,1.62,-0.14,-3.88,6.03
-0.11,0.16,1.31,-0.25,1.7,-0.25,-4.61,6.97
-0.1,0.13,1.25,-0.09,1.76,-0.36,-4.35,6.04
-0.06,0.05,1.18,0.03,1.8,-0.46,-2.9,2.58
-0.02,-0.04,1.11,0.06,1.85,-0.54,-0.97,-2.07
0.03,-0.13,1.07,0.03,1.85,-0.56,1.56,-7.15
0.07,-0.19,1.06,-0.02,1.8,-0.56,3.67,-10.42
0.11,-0.23,1.05,-0.13,1.76,-0.54,5.78,-12.4
0.14,-0.25,1.06,-0.22,1.7,-0.49,7.48,-13.28
0.17,-0.29,1.08,-0.35,1.65,-0.43,8.84,-14.93
0.19,-0.31,1.1,-0.47,1.57,-0.34,9.57,-15.47
0.19,-0.31,1.14,-0.6,1.5,-0.25,9.12,-14.81
0.16,-0.25,1.21,-0.71,1.46,-0.16,7.55,-11.56
0.13,-0.17,1.28,-0.74,1.4,-0.09,5.64,-7.5
0.07,-0.07,1.33,-0.72,1.36,-0.06,3.1,-3.0
0.01,0.03,1.37,-0.66,1.33,-0.04,0.57,1.37
-0.03,0.1,1.38,-0.56,1.37,-0.07,-1.26,4.11
-0.06,0.13,1.38,-0.42,1.42,-0.13,-2.46,5.27
-0.08,0.15,1.38,-0.28,1.51,-0.18,-3.28,6.04
-0.08,0.13,1.36,-0.13,1.61,-0.25,-3.2,5.45
-0.06,0.09,1.32,-0.0,1.73,-0.31,-2.47,3.86
-0.03,0.03,1.28,0.1,1.82,-0.36,-1.36,1.28
-0.0,-0.04,1.24,0.12,1.89,-0.37,-0.05,-1.85
0.04,-0.11,1.18,0.12,1.92,-0.37,1.81,-5.38
0.07,-0.16,1.15,0.05,1.9,-0.32,3.29,-8.05
0.08,-0.21,1.13,-0.08,1.89,-0.26,3.97,-10.57
0.09,-0.21,1.12,-0.17,1.76,-0.19,4.42,-10.81
0.09,-0.21,1.12,-0.32,1.69,-0.12,4.46,-10.77
0.09,-0.2,1.15,-0.47,1.56,-0.02,4.62,-9.82
0.09,-0.18,1.18,-0.62,1.44,0.06,4.14,-8.83
0.07,-0.12,1.23,-0.75,1.31,0.15,3.24,-5.56
0.05,-0.02,1.27,-0.84,1.17,0.22,2.16,-1.12
0.01,0.08,1.3,-0.92,1.05,0.27,0.35,3.65
-0.03,0.16,1.33,-0.94,1.0,0.29,-1.31,7.05
-0.09,0.22,1.38,-0.96,0.95,0.28,-3.64,9.11
-0.12,0.26,1.44,-0.9,0.89,0.27,-4.67,10.41
-0.14,0.29,1.51,-0.84,0.85,0.25,-5.3,10.95
-0.17,0.3,1.58,-0.79,0.74,0.27,-6.13,10.64
-0.21,0.33,1.62,-0.62,0.67,0.27,-7.21,11.36
-0.23,0.36,1.59,-0.43,0.63,0.26,-8.13,12.57
-0.27,0.4,1.56,-0.24,0.61,0.25,-9.49,14.2
-0.28,0.43,1.49,-0.05,0.66,0.19,-10.25,15.95
-0.29,0.45,1.42,0.14,0.7,0.11,-10.98,17.39
-0.26,0.42,1.32,0.3,0.75,-0.0,-10.7,17.46
-0.21,0.35,1.24,0.43,0.81,-0.11,-9.3,15.73
-0.15,0.27,1.14,0.47,0.89,-0.22,-7.06,13.04
-0.07,0.15,1.07,0.46,0.95,-0.3,-3.62,8.05
-0.01,0.04,1.03,0.37,0.99,-0.36,-0.7,1.97
0.05,-0.06,1.02,0.21,1.0,-0.37,2.71,-3.61
0.09,-0.16,1.02,-0.0,1.0,-0.36,5.1,-8.77
0.12,-0.23,1.04,-0.26,0.95,-0.28,6.58,-12.56
0.12,-0.25,1.08,-0.51,0.87,-0.17,6.14,-12.94
0.09,-0.21,1.16,-0.78,0.75,-0.04,4.13,-10.23
0.02,-0.12,1.26,-1.0,0.63,0.09,0.87,-5.29
-0.06,0.03,1.35,-1.13,0.53,0.22,-2.36,1.19
-0.14,0.18,1.42,-1.18,0.44,0.32,-5.6,7.06
-0.22,0.31,1.45,-1.16,0.38,0.38,-8.54,11.91
-0.3,0.42,1.45,-1.05,0.34,0.4,-11.08,15.74
-0.34,0.5,1.42,-0.94,0.34,0.35,-12.76,18.82
-0.37,0.56,1.4,-0.82,0.36,0.27,-13.87,21.03
-0.38,0.58,1.38,-0.71,0.45,0.14,-14.33,22.2
-0.38,0.57,1.36,-0.61,0.55,0.04,-14.39,22.04
-0.36,0.53,1.36,-0.53,0.68,-0.07,-14.03,20.55
-0.31,0.44,1.37,-0.46,0.74,-0.14,-12.24,17.51
-0.28,0.37,1.4,-0.49,0.76,-0.18,-10.78,14.63
-0.24,0.32,1.45,-0.51,0.73,-0.18,-9.34,12.23
-0.23,0.3,1.49,-0.54,0.7,-0.14,-8.57,11.17
-0.22,0.3,1.53,-0.57,0.68,-0.08,-8.09,10.95
-0.22,0.31,1.59,-0.64,0.64,-0.0,-7.87,10.99
-0.25,0.33,1.65,-0.69,0.57,0.08,-8.39,11.25
-0.28,0.37,1.68,-0.75,0.52,0.17,-9.19,12.37
-0.32,0.45,1.71,-0.79,0.5,0.27,-10.22,14.53
-0.37,0.56,1.74,-0.82,0.47,0.33,-11.52,17.41
-0.42,0.65,1.76,-0.81,0.44,0.37,-12.62,19.66
-0.46,0.73,1.77,-0.82,0.4,0.41,-13.37,21.81
-0.48,0.79,1.77,-0.83,0.33,0.42,-13.87,23.2
-0.49,0.83,1.76,-0.86,0.22,0.44,-14.18,24.43
-0.5,0.86,1.73,-0.89,0.1,0.44,-14.5,25.43
-0.51,0.89,1.71,-0.9,-0.08,0.44,-14.76,26.44
-0.51,0.92,1.69,-0.89,-0.24,0.44,-14.71,27.44
-0.5,0.93,1.69,-0.85,-0.4,0.42,-14.6,27.83
-0.51,0.94,1.68,-0.8,-0.53,0.4,-14.89,28.14
-0.51,0.94,1.68,-0.73,-0.62,0.36,-14.81,28.18
-0.5,0.95,1.68,-0.64,-0.7,0.31,-14.43,28.49
-0.49,0.95,1.68,-0.52,-0.76,0.25,-14.12,28.49
-0.47,0.94,1.69,-0.37,-0.83,0.18,-13.68,28.12
-0.46,0.93,1.7,-0.23,-0.86,0.11,-13.38,27.77
-0.42,0.93,1.72,-0.08,-0.9,0.03,-12.26,27.63
-0.39,0.89,1.76,0.02,-0.92,-0.03,-11.24,26.18
-0.36,0.83,1.8,0.13,-0.93,-0.09,-10.14,24.36
-0.33,0.79,1.84,0.2,-0.95,-0.12,-9.52,22.9
-0.32,0.74,1.86,0.26,-0.94,-0.15,-9.09,21.48
-0.29,0.72,1.89,0.31,-0.99,-0.17,-8.02,20.52
-0.27,0.67,1.92,0.33,-1.06,-0.18,-7.5,19.09
-0.25,0.62,1.95,0.37,-1.11,-0.2,-7.02,17.53
-0.22,0.57,1.98,0.38,-1.15,-0.2,-6.18,15.9
-0.19,0.51,1.97,0.42,-1.22,-0.19,-5.32,14.44
-0.16,0.44,1.96,0.43,-1.27,-0.19,-4.5,12.72
-0.11,0.37,1.95,0.45,-1.33,-0.17,-3.04,10.69
-0.06,0.31,1.96,0.46,-1.37,-0.16,-1.87,8.85
-0.05,0.22,1.97,0.47,-1.44,-0.13,-1.39,6.43
-0.01,0.15,1.97,0.47,-1.55,-0.07,-0.28,4.26
0.02,0.09,1.95,0.48,-1.68,-0.0,0.47,2.51
0.04,0.04,1.92,0.49,-1.81,0.06,1.27,1.32
0.06,0.02,1.87,0.5,-1.96,0.12,1.84,0.74
0.06,-0.0,1.84,0.49,-2.12,0.16,1.86,-0.09
0.06,-0.02,1.79,0.48,-2.25,0.17,1.87,-0.67
0.06,-0.05,1.76,0.47,-2.38,0.18,1.96,-1.7
0.08,-0.08,1.72,0.46,-2.45,0.16,2.78,-2.78
0.1,-0.13,1.67,0.48,-2.52,0.14,3.48,-4.47
0.13,-0.18,1.65,0.55,-2.45,-0.03,4.56,-6.22
0.16,-0.22,1.64,0.47,-2.53,0.11,5.6,-7.74
0.2,-0.27,1.61,0.5,-2.52,0.11,6.95,-9.29
0.24,-0.32,1.55,0.52,-2.56,0.08,8.48,-11.56
0.26,-0.37,1.5,0.5,-2.49,0.13,9.55,-13.74
0.29,-0.42,1.45,0.45,-2.42,0.11,10.78,-15.73
0.3,-0.48,1.41,0.41,-2.39,0.12,11.45,-18.34
0.32,-0.54,1.39,0.36,-2.42,0.14,12.24,-20.62
0.33,-0.57,1.38,0.3,-2.49,0.19,12.55,-21.84
0.34,-0.58,1.37,0.24,-2.58,0.23,12.89,-22.34
0.35,-0.58,1.35,0.18,-2.64,0.29,13.33,-22.57
0.34,-0.58,1.34,0.14,-2.73,0.33,13.01,-22.85
0.32,-0.59,1.33,0.11,-2.93,0.37,12.52,-23.17
0.31,-0.58,1.34,0.11,-2.92,0.4,11.9,-23.07
0.29,-0.56,1.34,0.13,-2.97,0.41,11.23,-22.36
0.28,-0.53,1.32,0.19,-3.01,0.43,11.03,-21.62
0.27,-0.5,1.28,0.25,-3.01,0.41,11.02,-20.8
0.25,-0.47,1.23,0.32,-2.97,0.38,10.64,-20.57
0.25,-0.46,1.18,0.39,-2.91,0.32,10.97,-21.0
0.26,-0.47,1.12,0.45,-2.85,0.27,12.14,-22.2
0.28,-0.49,1.07,0.49,-2.79,0.22,13.33,-23.95
0.3,-0.5,1.01,0.52,-2.74,0.17,15.06,-25.42
0.32,-0.52,0.95,0.54,-2.67,0.13,16.7,-27.13
0.35,-0.52,0.88,0.55,-2.62,0.1,19.06,-28.94
0.38,-0.54,0.78,0.52,-2.57,0.08,21.68,-31.78
0.39,-0.56,0.66,0.46,-2.5,0.06,24.26,-36.12
0.38,-0.56,0.59,0.36,-2.45,0.05,25.03,-38.57
0.37,-0.56,0.5,0.25,-2.38,0.05,26.09,-41.95
0.37,-0.56,0.46,0.1,-2.32,0.03,26.87,-43.62
0.35,-0.55,0.4,-0.05,-2.28,0.03,27.31,-45.8
0.34,-0.55,0.38,-0.24,-2.24,0.03,26.77,-47.55
0.32,-0.55,0.36,-0.41,-2.23,0.06,25.99,-48.94
0.3,-0.54,0.35,-0.55,-2.28,0.1,24.56,-49.72
0.28,-0.52,0.39,-0.69,-2.35,0.13,23.39,-47.43
0.24,-0.48,0.42,-0.81,-2.41,0.16,20.73,-44.7
0.22,-0.41,0.46,-0.91,-2.46,0.19,19.4,-39.0
0.17,-0.36,0.47,-0.96,-2.55,0.2,15.77,-35.77
0.11,-0.31,0.49,-0.99,-2.55,0.18,10.46,-31.83
0.06,-0.26,0.53,-0.98,-2.54,0.15,5.34,-26.44
0.01,-0.23,0.56,-0.97,-2.47,0.1,1.29,-21.8
-0.01,-0.2,0.6,-0.89,-2.42,0.04,-1.05,-18.3
-0.02,-0.17,0.62,-0.79,-2.35,-0.04,-2.21,-15.81
-0.03,-0.18,0.62,-0.67,-2.23,-0.13,-2.54,-16.01
-0.03,-0.17,0.61,-0.53,-2.1,-0.2,-2.83,-15.85
-0.03,-0.18,0.59,-0.38,-1.99,-0.26,-2.85,-16.72
-0.03,-0.18,0.55,-0.21,-1.85,-0.32,-3.3,-18.22
-0.03,-0.17,0.5,-0.09,-1.71,-0.38,-3.22,-19.15
-0.02,-0.18,0.42,0.04,-1.57,-0.43,-2.88,-22.59
-0.03,-0.17,0.34,0.14,-1.39,-0.46,-4.9,-27.1
-0.03,-0.17,0.26,0.2,-1.27,-0.49,-6.04,-33.55
-0.04,-0.17,0.19,0.25,-1.11,-0.52,-9.88,-41.8
-0.04,-0.15,0.12,0.28,-0.95,-0.54,-12.81,-50.39
-0.05,-0.13,0.04,0.26,-0.84,-0.54,-19.56,-63.3
-0.07,-0.12,-0.02,0.23,-0.75,-0.54,-29.07,-59.36
-0.08,-0.1,-0.08,0.17,-0.7,-0.53,-33.3,-41.09
-0.1,-0.08,-0.14,0.06,-0.63,-0.53,-32.14,-24.96
-0.12,-0.06,-0.19,-0.03,-0.67,-0.49,-32.65,-14.27
-0.15,-0.04,-0.21,-0.18,-0.7,-0.47,-34.52,-8.06
-0.17,-0.02,-0.22,-0.31,-0.78,-0.43,-37.27,-4.77
-0.17,-0.02,-0.22,-0.46,-0.86,-0.4,-38.77,-4.69
-0.16,-0.05,-0.19,-0.59,-0.97,-0.33,-39.85,-10.97
-0.15,-0.08,-0.16,-0.68,-1.11,-0.25,-39.7,-20.62
-0.15,-0.11,-0.13,-0.75,-1.27,-0.13,-41.46,-27.68
-0.17,-0.1,-0.1,-0.82,-1.39,-0.01,-49.97,-28.17
-0.18,-0.08,-0.04,-0.86,-1.46,0.1,-63.85,-22.84
-0.22,-0.03,0.01,-0.86,-1.41,0.08,-82.44,-6.63
-0.26,0.06,0.08,-0.87,-1.42,0.26,-69.82,11.66
-0.3,0.15,0.13,-0.8,-1.32,0.26,-56.57,24.52
-0.35,0.22,0.17,-0.75,-1.17,0.21,-50.93,29.83
-0.39,0.28,0.19,-0.67,-1.04,0.13,-49.38,32.73
-0.41,0.31,0.18,-0.6,-0.91,0.05,-48.87,35.0
-0.4,0.31,0.16,-0.54,-0.77,-0.06,-49.26,35.61
-0.39,0.27,0.15,-0.51,-0.66,-0.13,-51.9,32.94
-0.36,0.22,0.14,-0.47,-0.58,-0.18,-54.03,29.77
-0.31,0.16,0.13,-0.45,-0.53,-0.2,-57.1,25.12
-0.28,0.06,0.12,-0.44,-0.51,-0.18,-63.46,10.86
-0.25,0.02,0.12,-0.52,-0.69,0.02,-64.26,3.93
-0.24,0.0,0.13,-0.43,-0.58,-0.01,-61.01,0.0
-0.23,0.02,0.17,-0.43,-0.57,0.06,-54.27,3.2
-0.24,0.03,0.21,-0.39,-0.53,0.11,-48.45,5.85
-0.26,0.06,0.27,-0.34,-0.45,0.15,-43.43,8.71
-0.27,0.09,0.33,-0.3,-0.36,0.17,-39.09,12.07
-0.29,0.12,0.38,-0.21,-0.25,0.17,-36.32,14.42
-0.32,0.17,0.43,-0.11,-0.12,0.15,-34.15,17.18
-0.34,0.21,0.46,-0.03,0.05,0.09,-33.84,20.11
-0.33,0.23,0.48,0.08,0.19,0.03,-31.92,21.1
-0.3,0.23,0.5,0.27,0.49,-0.21,-28.88,21.85
-0.29,0.21,0.46,0.24,0.37,-0.07,-29.78,21.15
-0.27,0.19,0.46,0.31,0.4,-0.11,-28.71,19.55
-0.26,0.17,0.44,0.36,0.4,-0.11,-28.52,19.0
-0.24,0.18,0.43,0.41,0.37,-0.1,-26.9,19.96
-0.23,0.18,0.41,0.43,0.33,-0.1,-26.79,20.84
-0.22,0.16,0.41,0.45,0.3,-0.1,-26.96,18.94
-0.2,0.14,0.39,0.47,0.24,-0.08,-25.1,17.35
-0.19,0.14,0.38,0.48,0.2,-0.06,-25.59,18.18
-0.19,0.16,0.37,0.48,0.15,-0.04,-24.84,21.35
-0.18,0.17,0.39,0.49,0.18,-0.04,-22.97,21.41
-0.19,0.17,0.38,0.5,0.2,-0.05,-24.88,22.13
-0.18,0.13,0.4,0.52,0.24,-0.07,-23.2,17.01
-0.15,0.09,0.36,0.53,0.27,-0.07,-22.17,12.79
-0.16,0.1,0.31,0.51,0.35,-0.07,-25.28,15.43
-0.13,0.06,0.33,0.48,0.41,-0.06,-22.0,10.19
-0.1,0.03,0.36,0.45,0.46,-0.06,-15.69,4.22
-0.08,0.01,0.41,0.46,0.48,-0.04,-10.81,1.55
-0.06,0.01,0.45,0.49,0.53,-0.02,-7.1,1.09
-0.05,0.02,0.47,0.49,0.6,-0.0,-6.1,2.3
-0.06,0.04,0.49,0.53,0.63,-0.0,-7.29,4.55
-0.07,0.05,0.51,0.54,0.71,-0.02,-7.78,6.03
-0.08,0.06,0.54,0.56,0.75,-0.04,-8.02,6.11
-0.08,0.08,0.55,0.58,0.83,-0.07,-8.03,8.41
-0.08,0.09,0.59,0.59,0.89,-0.12,-7.94,8.84
-0.08,0.09,0.62,0.62,0.95,-0.18,-7.53,8.63
-0.09,0.08,0.65,0.67,0.97,-0.21,-7.88,7.25
-0.09,0.09,0.67,0.69,1.03,-0.26,-7.34,7.26
-0.06,0.1,0.67,0.71,1.08,-0.31,-5.17,8.19
-0.05,0.08,0.66,0.75,1.13,-0.37,-3.89,6.99
-0.02,0.05,0.67,0.77,1.18,-0.42,-1.87,4.19
0.01,0.0,0.67,0.78,1.18,-0.44,0.57,0.08
0.05,-0.05,0.67,0.78,1.17,-0.45,3.88,-4.1
0.08,-0.07,0.65,0.78,1.14,-0.45,6.9,-6.42
0.1,-0.09,0.66,0.76,1.11,-0.41,8.58,-8.12
0.11,-0.1,0.67,0.72,1.11,-0.41,8.85,-8.74
0.11,-0.11,0.71,0.7,1.09,-0.38,9.14,-9.06
0.11,-0.11,0.76,0.71,1.06,-0.37,8.42,-8.29
0.12,-0.09,0.81,0.76,1.06,-0.38,8.1,-6.22
0.1,-0.05,0.86,0.83,1.1,-0.4,6.57,-3.58
0.08,-0.01,0.9,0.94,1.15,-0.42,4.79,-0.33
0.05,0.04,0.9,1.07,1.25,-0.5,3.32,2.4
0.05,0.05,0.84,1.2,1.36,-0.58,3.23,3.69
0.06,0.04,0.77,1.27,1.51,-0.68,4.51,3.0
0.08,0.01,0.67,1.31,1.62,-0.75,6.68,0.7
0.1,-0.04,0.6,1.28,1.7,-0.8,9.62,-3.37
0.12,-0.11,0.52,1.22,1.73,-0.82,12.89,-11.05
0.15,-0.17,0.5,1.1,1.72,-0.82,15.65,-17.73
0.16,-0.23,0.48,0.94,1.65,-0.77,17.12,-23.81
0.17,-0.29,0.51,0.77,1.51,-0.72,16.54,-28.38
0.17,-0.32,0.54,0.59,1.35,-0.65,15.34,-29.33
0.18,-0.32,0.61,0.44,1.15,-0.56,14.49,-26.63
0.17,-0.28,0.71,0.32,0.99,-0.51,12.5,-21.08
0.15,-0.21,0.85,0.28,0.83,-0.47,10.03,-13.85
0.13,-0.13,0.96,0.31,0.76,-0.5,7.74,-7.5
0.1,-0.02,1.04,0.42,0.77,-0.56,5.57,-1.35
0.1,-0.01,1.08,0.56,0.86,-0.65,5.52,-0.39
0.09,0.03,1.02,0.73,1.02,-0.76,4.94,1.56
0.12,-0.03,0.96,0.86,1.24,-0.89,7.01,-1.59
0.15,-0.09,0.96,0.98,1.42,-0.99,8.66,-5.14
0.17,-0.15,0.92,1.08,1.6,-1.05,10.23,-9.4
0.18,-0.21,0.84,1.15,1.76,-1.08,11.94,-13.44
0.19,-0.27,0.73,1.14,1.95,-1.07,13.76,-19.55
0.19,-0.37,0.64,1.06,2.06,-1.04,14.4,-29.4
0.2,-0.45,0.61,0.86,2.15,-0.99,14.5,-34.86
0.2,-0.48,0.66,0.65,2.09,-0.87,13.81,-34.7
0.21,-0.46,0.74,0.42,2.0,-0.78,13.31,-30.91
0.21,-0.4,0.84,0.25,1.84,-0.66,12.85,-24.65
0.2,-0.32,0.96,0.12,1.68,-0.6,10.91,-17.96
0.17,-0.23,1.06,0.04,1.53,-0.55,8.88,-11.85
0.14,-0.13,1.14,0.03,1.44,-0.54,7.16,-6.57
0.12,-0.06,1.19,0.06,1.39,-0.58,6.0,-3.01
0.1,-0.02,1.23,0.14,1.41,-0.65,4.83,-1.1
0.09,0.02,1.25,0.25,1.47,-0.72,4.12,0.76
0.09,0.03,1.23,0.39,1.58,-0.81,4.01,1.54
0.09,0.03,1.23,0.53,1.69,-0.92,4.43,1.51
0.1,0.02,1.2,0.67,1.81,-1.01,4.54,0.78
0.1,-0.03,1.17,0.77,1.93,-1.11,4.81,-1.44
0.11,-0.1,1.11,0.86,2.06,-1.17,5.54,-4.91
0.11,-0.17,1.05,0.9,2.11,-1.19,5.94,-9.39
0.13,-0.24,1.01,0.88,2.19,-1.21,6.96,-13.54
0.14,-0.31,0.99,0.82,2.17,-1.18,7.6,-17.08
0.16,-0.37,0.98,0.71,2.14,-1.14,8.44,-20.28
0.16,-0.4,1.0,0.59,2.06,-1.07,8.45,-21.76
0.16,-0.4,1.02,0.46,1.99,-0.98,8.38,-21.31
0.15,-0.36,1.03,0.33,1.93,-0.9,7.92,-19.13
0.13,-0.31,1.06,0.23,1.84,-0.83,6.98,-16.38
0.12,-0.25,1.08,0.16,1.76,-0.79,6.41,-13.13
0.1,-0.2,1.09,0.09,1.71,-0.79,5.36,-10.25
0.08,-0.16,1.1,0.04,1.72,-0.8,4.23,-8.32
0.07,-0.17,1.1,0.02,1.75,-0.81,3.45,-8.56
0.05,-0.15,1.12,0.01,1.8,-0.83,2.53,-7.73
0.04,-0.18,1.12,0.02,1.85,-0.87,1.88,-9.11
0.04,-0.23,1.12,-0.03,1.96,-0.91,1.81,-11.53
0.04,-0.3,1.1,-0.11,2.05,-0.92,2.04,-15.11
0.03,-0.4,1.09,-0.18,2.1,-0.9,1.68,-19.9
0.03,-0.48,1.1,-0.31,2.16,-0.84,1.47,-23.79
0.04,-0.55,1.1,-0.51,2.23,-0.73,1.63,-26.41
0.04,-0.57,1.1,-0.71,2.28,-0.6,1.62,-27.48
0.04,-0.56,1.09,-0.92,2.3,-0.45,1.8,-27.16
0.02,-0.5,1.11,-1.16,2.33,-0.31,1.09,-24.37
0.01,-0.4,1.15,-1.37,2.32,-0.2,0.54,-19.29
0.02,-0.26,1.23,-1.56,2.33,-0.13,0.71,-12.05
0.01,-0.12,1.33,-1.66,2.34,-0.08,0.34,-5.07
0.01,0.02,1.47,-1.68,2.39,-0.07,0.21,0.78
0.0,0.14,1.6,-1.64,2.45,-0.09,0.08,5.1
-0.01,0.26,1.71,-1.52,2.51,-0.1,-0.44,8.76
-0.03,0.35,1.8,-1.34,2.56,-0.13,-1.07,11.09
-0.07,0.43,1.87,-1.12,2.59,-0.17,-2.03,13.0
-0.1,0.5,1.87,-0.84,2.6,-0.23,-3.04,14.84
-0.14,0.54,1.8,-0.59,2.6,-0.28,-4.3,16.69
-0.17,0.53,1.67,-0.35,2.61,-0.36,-5.62,17.51
-0.19,0.46,1.51,-0.17,2.6,-0.44,-6.89,16.81
-0.2,0.37,1.36,-0.07,2.63,-0.56,-8.18,14.97
-0.19,0.25,1.27,-0.06,2.64,-0.66,-8.16,11.17
-0.18,0.15,1.22,-0.11,2.61,-0.74,-8.19,6.96
-0.14,0.04,1.21,-0.2,2.56,-0.77,-6.56,1.97
-0.1,-0.07,1.23,-0.36,2.53,-0.79,-4.62,-3.19
-0.05,-0.14,1.27,-0.54,2.44,-0.76,-2.43,-6.2
-0.02,-0.2,1.33,-0.75,2.32,-0.67,-1.04,-8.4
-0.01,-0.19,1.43,-0.97,2.19,-0.56,-0.59,-7.58
-0.03,-0.13,1.55,-1.16,1.98,-0.42,-0.98,-4.83
-0.04,-0.03,1.66,-1.31,1.8,-0.28,-1.52,-1.09
-0.06,0.09,1.74,-1.37,1.61,-0.12,-2.0,2.96
-0.09,0.21,1.81,-1.4,1.45,0.01,-2.95,6.46
-0.15,0.29,1.88,-1.37,1.29,0.12,-4.43,8.85
-0.2,0.37,1.89,-1.31,1.15,0.23,-6.07,10.98
-0.25,0.47,1.87,-1.2,1.02,0.33,-7.29,13.96
-0.28,0.57,1.79,-1.05,0.95,0.38,-8.48,17.4
-0.32,0.64,1.69,-0.88,0.96,0.36,-9.96,20.53
-0.34,0.67,1.58,-0.73,1.01,0.31,-11.34,22.6
-0.34,0.63,1.49,-0.63,1.09,0.23,-11.98,22.34
-0.3,0.53,1.42,-0.58,1.2,0.14,-11.18,20.25
-0.24,0.42,1.37,-0.61,1.23,0.1,-9.39,16.79
-0.2,0.32,1.36,-0.72,1.2,0.09,-7.95,13.23
-0.17,0.27,1.37,-0.91,1.11,0.15,-6.73,11.04
-0.15,0.24,1.39,-1.09,0.95,0.22,-6.05,9.68
-0.15,0.28,1.43,-1.28,0.74,0.34,-5.97,10.85
-0.17,0.35,1.48,-1.49,0.56,0.44,-6.29,13.25
-0.2,0.44,1.57,-1.63,0.29,0.55,-6.89,15.43
-0.24,0.54,1.67,-1.74,0.03,0.65,-7.74,17.63
-0.29,0.63,1.75,-1.78,-0.21,0.78,-8.78,19.58
-0.35,0.76,1.8,-1.78,-0.37,0.88,-10.28,22.38
-0.42,0.89,1.8,-1.73,-0.5,0.96,-11.69,25.78
-0.46,0.96,1.71,-1.58,-0.53,0.97,-13.15,28.52
-0.51,1.01,1.65,-1.4,-0.52,0.94,-14.68,30.39
-0.54,1.06,1.59,-1.17,-0.47,0.86,-15.88,32.1
-0.57,1.1,1.54,-0.93,-0.41,0.76,-16.74,33.68
-0.59,1.12,1.51,-0.65,-0.36,0.63,-17.37,34.71
-0.6,1.14,1.49,-0.37,-0.35,0.48,-17.64,35.36
-0.59,1.13,1.5,-0.16,-0.33,0.34,-17.41,35.15
-0.57,1.11,1.53,0.04,-0.36,0.2,-16.71,34.1
-0.53,1.07,1.58,0.2,-0.43,0.11,-15.58,32.76
-0.5,1.03,1.62,0.35,-0.55,0.04,-14.67,31.39
-0.46,1.0,1.66,0.47,-0.66,-0.04,-13.37,30.06
-0.42,0.96,1.7,0.52,-0.78,-0.08,-12.06,28.69
-0.36,0.85,1.68,0.53,-0.91,-0.09,-10.68,26.22
-0.31,0.77,1.69,0.51,-1.04,-0.09,-9.4,24.26
-0.27,0.71,1.7,0.48,-1.14,-0.07,-8.44,22.3
-0.24,0.65,1.72,0.44,-1.24,-0.04,-7.45,20.59
-0.23,0.64,1.75,0.41,-1.37,-0.02,-7.11,19.84
-0.21,0.61,1.76,0.38,-1.45,0.03,-6.47,18.94
-0.2,0.58,1.76,0.36,-1.57,0.05,-6.01,18.15
-0.19,0.55,1.78,0.33,-1.65,0.08,-5.84,17.08
-0.16,0.52,1.81,0.31,-1.75,0.1,-4.99,15.89
-0.16,0.49,1.83,0.31,-1.86,0.13,-4.91,14.89
-0.14,0.47,1.84,0.31,-1.93,0.15,-4.2,14.17
-0.13,0.45,1.87,0.32,-1.96,0.17,-3.82,13.52
-0.12,0.44,1.88,0.36,-2.03,0.2,-3.51,13.11
-0.1,0.41,1.9,0.43,-2.07,0.21,-2.81,12.23
-0.09,0.4,1.91,0.48,-2.1,0.21,-2.5,11.73
-0.08,0.37,1.91,0.53,-2.18,0.23,-2.29,11.08
-0.07,0.34,1.9,0.61,-2.12,0.22,-1.96,10.26
-0.04,0.31,1.87,0.73,-2.12,0.2,-1.14,9.29
-0.01,0.27,1.84,0.82,-2.12,0.19,-0.17,8.34
0.02,0.21,1.79,0.87,-2.07,0.15,0.75,6.79
0.04,0.16,1.75,0.92,-2.07,0.14,1.43,5.29
0.07,0.11,1.71,0.96,-2.07,0.11,2.39,3.72
0.1,0.04,1.67,0.97,-2.1,0.08,3.32,1.23
0.13,-0.02,1.63,0.96,-2.1,0.08,4.61,-0.78
0.16,-0.09,1.59,0.95,-2.16,0.1,5.8,-3.17
0.19,-0.16,1.54,0.92,-2.18,0.09,6.89,-5.77
0.21,-0.22,1.5,0.86,-2.2,0.12,7.97,-8.36
0.22,-0.28,1.45,0.78,-2.2,0.13,8.6,-10.95
0.24,-0.34,1.42,0.7,-2.24,0.16,9.29,-13.18
0.25,-0.38,1.37,0.62,-2.28,0.19,9.97,-15.31
0.27,-0.41,1.33,0.53,-2.3,0.22,10.88,-17.02
0.28,-0.46,1.29,0.41,-2.31,0.26,11.5,-19.24
0.29,-0.52,1.3,0.27,-2.33,0.3,11.77,-21.35
0.31,-0.58,1.35,0.17,-2.4,0.38,11.79,-22.59
0.32,-0.6,1.4,0.06,-2.47,0.47,11.92,-22.67
0.33,-0.58,1.42,0.01,-2.54,0.58,12.05,-21.85
0.31,-0.54,1.43,-0.01,-2.58,0.66,11.46,-20.38
0.29,-0.53,1.44,-0.03,-2.65,0.74,10.72,-19.63
0.27,-0.5,1.46,0.02,-2.7,0.8,9.81,-18.79
0.25,-0.46,1.45,0.05,-2.77,0.85,9.47,-17.29
0.25,-0.4,1.4,0.12,-2.72,0.87,9.71,-15.78
0.22,-0.36,1.36,0.18,-2.71,0.86,8.92,-14.83
0.2,-0.35,1.3,0.25,-2.66,0.82,8.48,-15.08
0.2,-0.36,1.23,0.3,-2.62,0.77,8.97,-16.25
0.23,-0.39,1.16,0.31,-2.57,0.74,10.7,-18.19
0.24,-0.42,1.09,0.3,-2.54,0.72,11.7,-20.71
0.24,-0.45,1.01,0.26,-2.52,0.7,12.48,-23.26
0.25,-0.48,0.94,0.18,-2.53,0.69,13.5,-26.53
0.26,-0.52,0.86,0.06,-2.51,0.7,14.44,-29.96
0.26,-0.53,0.8,-0.07,-2.52,0.72,15.15,-32.1
0.26,-0.53,0.76,-0.2,-2.53,0.73,15.78,-33.22
0.26,-0.51,0.73,-0.34,-2.52,0.74,16.11,-33.75
0.24,-0.48,0.69,-0.5,-2.47,0.74,16.14,-33.13
0.23,-0.44,0.64,-0.65,-2.39,0.73,16.45,-32.98
0.23,-0.4,0.64,-0.77,-2.31,0.68,16.75,-30.85
0.21,-0.37,0.63,-0.92,-2.18,0.63,16.01,-29.22
0.2,-0.34,0.65,-1.0,-2.1,0.56,15.45,-26.83
0.2,-0.34,0.67,-1.08,-2.01,0.5,15.03,-25.96
0.21,-0.35,0.72,-1.13,-1.97,0.45,14.31,-24.93
0.21,-0.37,0.76,-1.14,-1.96,0.41,14.18,-25.06
0.22,-0.41,0.82,-1.14,-1.99,0.4,13.62,-26.01
0.24,-0.48,0.89,-1.11,-2.06,0.41,13.05,-27.53
0.24,-0.53,0.96,-1.04,-2.22,0.49,12.23,-28.31
0.23,-0.51,0.99,-0.94,-2.38,0.59,11.51,-26.52
0.2,-0.44,0.98,-0.83,-2.46,0.65,10.6,-23.73
0.16,-0.36,0.95,-0.67,-2.51,0.69,8.69,-20.6
0.12,-0.3,0.93,-0.54,-2.47,0.68,7.28,-17.62
0.08,-0.24,0.88,-0.39,-2.4,0.63,5.27,-15.47
0.06,-0.22,0.84,-0.25,-2.26,0.56,3.87,-14.39
0.05,-0.21,0.83,-0.12,-2.09,0.47,3.41,-14.18
0.05,-0.21,0.81,0.04,-1.96,0.39,3.62,-14.16
0.07,-0.21,0.77,0.19,-1.83,0.31,5.28,-14.98
0.08,-0.21,0.71,0.35,-1.65,0.24,6.45,-16.39
0.11,-0.24,0.63,0.47,-1.49,0.18,8.91,-20.33
0.11,-0.26,0.53,0.57,-1.38,0.15,10.24,-25.6
0.1,-0.25,0.44,0.61,-1.24,0.11,10.62,-29.42
0.09,-0.26,0.38,0.66,-1.14,0.12,11.66,-33.47
0.09,-0.25,0.29,0.65,-1.02,0.1,12.47,-39.4
0.08,-0.24,0.22,0.63,-0.93,0.12,14.56,-44.69
0.08,-0.21,0.14,0.59,-0.83,0.12,18.37,-51.79
0.07,-0.19,0.05,0.52,-0.74,0.14,19.33,-65.73
0.05,-0.16,-0.02,0.38,-0.64,0.15,15.75,-73.19
0.01,-0.14,-0.06,0.19,-0.56,0.17,5.4,-66.53
-0.01,-0.11,-0.07,0.03,-0.52,0.18,-2.44,-55.33
-0.01,-0.09,-0.05,-0.16,-0.51,0.19,-4.06,-57.8
-0.01,-0.09,-0.02,-0.33,-0.57,0.21,-6.74,-74.25
-0.01,-0.1,0.03,-0.51,-0.67,0.25,-3.86,-73.35
-0.01,-0.1,0.1,-0.66,-0.84,0.31,-2.19,-45.26
-0.01,-0.08,0.16,-0.76,-1.03,0.38,-2.37,-27.41
-0.03,-0.04,0.23,-0.84,-1.2,0.43,-8.16,-11.02
-0.06,0.01,0.29,-0.89,-1.33,0.49,-10.7,1.51
-0.08,0.05,0.34,-0.88,-1.44,0.51,-12.94,8.57
-0.09,0.09,0.37,-0.86,-1.47,0.5,-13.04,13.39
-0.1,0.11,0.4,-0.81,-1.42,0.47,-13.76,15.44
-0.11,0.12,0.43,-0.75,-1.37,0.44,-14.02,14.99
-0.12,0.11,0.44,-0.67,-1.28,0.39,-15.16,13.69
-0.12,0.11,0.44,-0.59,-1.17,0.34,-15.53,13.14
-0.12,0.1,0.41,-0.51,-1.03,0.31,-15.81,12.88
-0.13,0.09,0.4,-0.45,-0.86,0.27,-17.24,11.87
-0.15,0.08,0.38,-0.38,-0.72,0.25,-20.63,10.8
-0.16,0.07,0.37,-0.32,-0.57,0.23,-23.81,10.16
-0.17,0.08,0.36,-0.28,-0.41,0.21,-25.45,11.61
-0.19,0.09,0.34,-0.27,-0.25,0.21,-27.91,13.16
-0.2,0.09,0.33,-0.25,-0.13,0.21,-30.4,12.34
-0.21,0.06,0.34,-0.23,-0.08,0.23,-31.37,7.9
-0.22,0.04,0.34,-0.23,-0.08,0.28,-32.59,5.12
-0.23,0.04,0.33,-0.23,-0.14,0.35,-33.93,6.12
-0.24,0.09,0.34,-0.26,-0.24,0.43,-34.1,11.75
-0.27,0.17,0.36,-0.28,-0.37,0.49,-34.25,20.72
-0.31,0.27,0.39,-0.3,-0.47,0.49,-33.26,28.46
-0.35,0.35,0.41,-0.33,-0.54,0.46,-32.74,33.07
-0.39,0.42,0.44,-0.35,-0.62,0.4,-32.46,35.38
-0.41,0.46,0.45,-0.34,-0.71,0.31,-32.35,37.03
-0.42,0.48,0.44,-0.37,-0.79,0.22,-33.03,38.17
-0.42,0.48,0.43,-0.4,-0.84,0.13,-33.37,38.65
-0.41,0.45,0.42,-0.41,-0.89,0.04,-33.73,37.73
-0.39,0.41,0.41,-0.49,-0.92,-0.03,-33.98,35.52
-0.36,0.35,0.43,-0.46,-0.9,-0.1,-32.74,32.29
-0.33,0.3,0.45,-0.5,-0.88,-0.15,-31.13,28.39
-0.28,0.25,0.46,-0.48,-0.85,-0.16,-28.43,24.51
-0.24,0.2,0.5,-0.45,-0.82,-0.16,-23.9,19.74
-0.21,0.15,0.51,-0.42,-0.8,-0.15,-21.63,15.56
-0.19,0.09,0.54,-0.39,-0.74,-0.14,-18.92,8.41
-0.16,0.06,0.57,-0.33,-0.65,-0.1,-15.9,6.22
-0.15,0.07,0.61,-0.24,-0.55,-0.06,-14.14,5.97
-0.16,0.06,0.63,-0.17,-0.4,-0.05,-14.43,5.38
-0.17,0.06,0.66,-0.07,-0.26,-0.04,-14.1,5.11
-0.16,0.05,0.68,0.01,-0.11,-0.03,-13.15,4.21
-0.16,0.04,0.69,0.12,-0.01,-0.01,-13.25,3.48
-0.16,0.05,0.69,0.21,0.07,0.02,-13.35,3.85
-0.17,0.08,0.68,0.29,0.15,0.03,-14.08,6.38
-0.18,0.11,0.68,0.33,0.23,0.04,-14.83,9.18
-0.2,0.14,0.68,0.39,0.27,0.03,-15.83,11.37
-0.21,0.16,0.68,0.44,0.31,0.02,-16.74,12.92
-0.21,0.17,0.67,0.47,0.37,0.0,-16.89,13.92
-0.21,0.19,0.66,0.51,0.38,-0.02,-16.93,15.01
-0.2,0.19,0.63,0.52,0.4,-0.03,-17.16,15.73
-0.2,0.19,0.6,0.52,0.39,-0.05,-17.83,16.6
-0.21,0.19,0.6,0.51,0.38,-0.06,-18.56,16.53
-0.21,0.18,0.59,0.48,0.41,-0.07,-18.91,15.76
-0.21,0.17,0.59,0.46,0.41,-0.08,-18.56,15.38
-0.19,0.18,0.57,0.44,0.41,-0.08,-17.75,16.98
-0.16,0.17,0.56,0.42,0.41,-0.08,-15.56,15.71
-0.18,0.19,0.5,0.33,0.45,-0.1,-18.98,19.32
-0.17,0.17,0.5,0.24,0.46,-0.11,-17.63,18.02
-0.15,0.15,0.52,0.17,0.46,-0.12,-15.95,15.53
-0.12,0.13,0.55,0.1,0.44,-0.12,-12.41,12.56
-0.11,0.1,0.59,0.04,0.45,-0.13,-10.02,9.69
-0.1,0.07,0.62,-0.01,0.46,-0.11,-9.48,6.75
-0.1,0.05,0.63,-0.04,0.45,-0.1,-9.31,4.48
-0.1,0.04,0.66,-0.05,0.45,-0.09,-9.02,3.43
-0.09,0.04,0.69,-0.07,0.49,-0.08,-7.74,2.98
-0.09,0.03,0.73,-0.08,0.51,-0.07,-6.88,2.48
-0.07,0.01,0.77,-0.06,0.54,-0.08,-5.31,1.11
-0.06,-0.01,0.8,-0.02,0.58,-0.07,-4.22,-0.85
-0.04,-0.04,0.84,0.03,0.61,-0.06,-3.0,-2.92
-0.04,-0.06,0.86,0.09,0.64,-0.04,-2.35,-4.09
-0.03,-0.07,0.87,0.17,0.66,-0.0,-2.24,-4.52
-0.04,-0.05,0.88,0.25,0.69,0.01,-2.28,-3.53
-0.04,-0.04,0.89,0.32,0.75,0.02,-2.7,-2.37
-0.04,-0.01,0.89,0.4,0.8,0.01,-2.77,-0.53
-0.05,0.01,0.87,0.46,0.85,-0.01,-2.98,0.67
-0.05,0.03,0.84,0.54,0.89,-0.03,-3.38,1.89
-0.04,0.03,0.8,0.57,0.93,-0.07,-2.88,2.12
-0.04,0.02,0.76,0.58,0.96,-0.09,-3.33,1.82
-0.04,0.02,0.73,0.57,0.97,-0.1,-3.13,1.72
-0.04,0.03,0.7,0.56,0.98,-0.13,-2.96,2.29
-0.03,0.05,0.66,0.52,0.99,-0.16,-2.64,4.1
-0.04,0.06,0.62,0.46,1.01,-0.18,-3.22,5.82
-0.04,0.07,0.6,0.38,1.0,-0.21,-3.57,6.35
-0.03,0.04,0.6,0.3,0.97,-0.24,-3.24,4.12
-0.03,0.02,0.6,0.22,0.96,-0.25,-2.95,2.28
-0.01,0.01,0.62,0.13,0.97,-0.26,-1.07,0.8
0.01,-0.01,0.65,0.04,0.95,-0.25,0.52,-1.24
0.01,-0.04,0.7,-0.02,0.95,-0.25,1.22,-3.25
0.03,-0.06,0.75,-0.06,0.95,-0.24,2.25,-4.42
0.03,-0.05,0.78,-0.08,0.96,-0.23,2.33,-4.0
0.05,-0.05,0.82,-0.11,1.0,-0.21,3.33,-3.33
0.05,-0.04,0.85,-0.13,1.02,-0.2,3.26,-2.44
0.05,-0.04,0.86,-0.13,1.03,-0.2,3.08,-2.57
0.06,-0.04,0.86,-0.12,1.09,-0.21,4.15,-2.79
0.06,-0.05,0.88,-0.12,1.12,-0.21,3.68,-3.0
0.05,-0.05,0.92,-0.12,1.16,-0.22,3.26,-3.18
0.04,-0.06,0.93,-0.08,1.15,-0.22,2.29,-3.59
0.04,-0.06,0.94,-0.06,1.16,-0.21,2.23,-3.36
0.04,-0.05,0.92,-0.05,1.17,-0.22,2.39,-3.19
0.04,-0.05,0.89,-0.07,1.16,-0.21,2.25,-3.14
0.02,-0.06,0.9,-0.09,1.15,-0.21,1.52,-4.01
0.01,-0.08,0.92,-0.1,1.15,-0.21,0.88,-5.13
0.03,-0.09,0.96,-0.1,1.15,-0.21,1.59,-5.44
0.03,-0.1,1.0,-0.09,1.14,-0.21,1.47,-5.63
0.03,-0.09,1.03,-0.06,1.11,-0.2,1.87,-5.23
0.04,-0.08,1.06,0.01,1.1,-0.2,1.91,-4.28
0.02,-0.04,1.08,0.07,1.12,-0.22,1.24,-2.03
0.03,0.0,1.06,0.14,1.15,-0.25,1.6,0.19
0.03,0.01,1.03,0.19,1.21,-0.3,1.89,0.73
0.03,-0.0,0.98,0.25,1.26,-0.36,1.95,-0.04
0.03,-0.03,0.94,0.25,1.34,-0.4,1.99,-1.78
0.06,-0.05,0.9,0.24,1.38,-0.43,3.52,-3.45
0.08,-0.1,0.87,0.21,1.41,-0.46,5.34,-6.68
0.09,-0.12,0.84,0.18,1.38,-0.44,5.77,-8.18
0.09,-0.16,0.79,0.1,1.4,-0.43,6.15,-11.11
0.1,-0.18,0.83,0.03,1.35,-0.39,6.36,-12.01
0.1,-0.17,0.89,-0.03,1.29,-0.37,6.04,-10.99
0.1,-0.18,0.93,-0.06,1.25,-0.34,5.77,-11.13
0.1,-0.18,0.95,-0.11,1.22,-0.29,5.77,-10.42
0.09,-0.15,0.98,-0.12,1.16,-0.26,5.01,-8.62
0.09,-0.11,1.0,-0.09,1.12,-0.25,4.89,-6.46
0.07,-0.1,1.02,-0.09,1.07,-0.24,4.04,-5.81
0.05,-0.11,1.03,-0.09,1.08,-0.26,2.65,-6.23
0.04,-0.11,1.04,-0.07,1.08,-0.25,2.01,-5.77
0.03,-0.1,1.07,-0.03,1.16,-0.3,1.7,-5.31
0.03,-0.08,1.09,0.05,1.14,-0.27,1.55,-4.28
0.02,-0.07,1.12,0.13,1.23,-0.31,1.14,-3.61
0.01,-0.06,1.14,0.23,1.31,-0.34,0.46,-3.06
-0.0,-0.05,1.14,0.35,1.4,-0.37,-0.05,-2.42
-0.0,-0.03,1.15,0.49,1.47,-0.4,-0.15,-1.74
0.0,-0.02,1.13,0.62,1.6,-0.46,0.07,-1.23
0.03,-0.03,1.07,0.75,1.68,-0.51,1.42,-1.78
0.05,-0.06,1.01,0.84,1.77,-0.55,2.93,-3.17
0.07,-0.08,0.95,0.9,1.81,-0.57,3.95,-4.89
0.07,-0.08,0.89,0.91,1.86,-0.6,4.47,-5.17
0.08,-0.06,0.83,0.91,1.9,-0.63,5.76,-4.35
0.1,-0.09,0.75,0.89,1.92,-0.66,7.7,-6.91
0.12,-0.13,0.7,0.82,1.94,-0.68,9.29,-10.5
0.13,-0.19,0.65,0.73,1.92,-0.7,11.18,-15.91
0.15,-0.25,0.63,0.58,1.89,-0.68,12.54,-21.4
0.16,-0.31,0.62,0.44,1.79,-0.63,13.24,-25.46
0.18,-0.34,0.63,0.29,1.67,-0.57,13.78,-27.65
0.17,-0.36,0.64,0.14,1.52,-0.48,13.27,-28.61
0.17,-0.37,0.65,-0.04,1.4,-0.39,12.67,-28.65
0.15,-0.37,0.66,-0.18,1.26,-0.29,11.46,-28.37
0.12,-0.33,0.68,-0.32,1.14,-0.21,9.22,-25.56
0.11,-0.29,0.69,-0.43,1.05,-0.14,8.43,-22.91
0.1,-0.25,0.71,-0.55,1.0,-0.09,7.67,-19.19
0.08,-0.2,0.74,-0.63,0.94,-0.06,6.27,-15.37
0.08,-0.15,0.76,-0.7,0.92,-0.05,5.95,-11.17
0.1,-0.13,0.77,-0.75,0.91,-0.07,7.23,-9.42
0.12,-0.12,0.77,-0.8,0.92,-0.09,8.61,-8.66
0.15,-0.15,0.79,-0.85,0.91,-0.1,10.53,-10.58
0.18,-0.18,0.8,-0.92,0.91,-0.11,11.99,-12.46
0.18,-0.21,0.83,-0.99,0.92,-0.1,11.89,-14.1
0.19,-0.23,0.86,-1.02,0.93,-0.1,12.17,-14.53
0.2,-0.24,0.9,-1.09,0.95,-0.07,11.82,-14.34
0.17,-0.24,0.97,-1.1,0.98,-0.04,9.91,-13.46
0.14,-0.2,1.05,-1.11,1.04,-0.02,7.3,-10.75
0.1,-0.13,1.13,-1.06,1.15,-0.02,5.0,-6.78
0.04,-0.08,1.21,-0.95,1.31,-0.03,1.8,-3.86
-0.0,-0.03,1.25,-0.8,1.5,-0.08,-0.09,-1.39
-0.05,-0.01,1.28,-0.61,1.71,-0.14,-2.29,-0.5
-0.07,0.01,1.31,-0.44,1.91,-0.2,-3.24,0.37
-0.09,0.04,1.33,-0.25,2.09,-0.26,-4.03,1.71
-0.1,0.07,1.34,-0.04,2.22,-0.33,-4.41,2.95
-0.08,0.08,1.3,0.16,2.32,-0.41,-3.68,3.53
-0.05,0.06,1.23,0.3,2.4,-0.49,-2.36,2.6
-0.01,0.01,1.15,0.38,2.42,-0.56,-0.61,0.39
0.03,-0.04,1.08,0.42,2.42,-0.62,1.37,-2.18
0.06,-0.1,1.01,0.42,2.38,-0.67,3.37,-5.75
0.1,-0.17,0.96,0.35,2.32,-0.69,5.99,-9.95
0.13,-0.25,0.94,0.23,2.26,-0.68,7.68,-14.7
0.15,-0.3,0.93,0.09,2.14,-0.64,8.92,-17.78
0.17,-0.33,0.94,-0.06,2.0,-0.6,9.64,-19.0
0.16,-0.34,0.95,-0.23,1.89,-0.56,9.07,-19.67
0.15,-0.34,0.98,-0.43,1.81,-0.5,8.15,-19.02
0.12,-0.32,1.02,-0.56,1.74,-0.46,6.56,-17.23
0.08,-0.28,1.08,-0.66,1.66,-0.39,4.21,-14.52
0.05,-0.24,1.13,-0.72,1.63,-0.34,2.31,-12.17
0.03,-0.21,1.18,-0.78,1.66,-0.3,1.46,-10.25
0.02,-0.18,1.23,-0.81,1.65,-0.25,1.08,-8.27
0.02,-0.15,1.28,-0.81,1.62,-0.22,0.85,-6.49
0.01,-0.12,1.32,-0.83,1.61,-0.18,0.42,-5.02
0.01,-0.11,1.35,-0.81,1.62,-0.15,0.6,-4.65
0.01,-0.1,1.39,-0.81,1.62,-0.1,0.33,-4.03
0.0,-0.07,1.41,-0.8,1.61,-0.05,0.04,-2.76
-0.02,-0.03,1.43,-0.79,1.61,-0.01,-0.75,-1.33
-0.03,0.01,1.43,-0.76,1.62,0.02,-1.25,0.39
-0.06,0.05,1.42,-0.7,1.65,0.04,-2.28,1.85
-0.08,0.08,1.41,-0.67,1.69,0.04,-3.25,3.21
-0.09,0.11,1.39,-0.62,1.72,0.03,-3.9,4.53
-0.11,0.12,1.38,-0.58,1.8,0.01,-4.47,5.08
-0.11,0.12,1.37,-0.54,1.86,-0.01,-4.48,5.1
-0.11,0.11,1.35,-0.47,1.9,-0.01,-4.77,4.82
-0.12,0.11,1.33,-0.45,1.96,0.0,-4.98,4.57
-0.1,0.11,1.29,-0.43,2.06,-0.0,-4.29,4.8
-0.07,0.1,1.27,-0.43,2.07,0.01,-3.32,4.62
-0.04,0.1,1.24,-0.48,2.1,0.01,-2.0,4.73
-0.02,0.1,1.22,-0.55,2.06,0.03,-0.9,4.48
-0.0,0.09,1.21,-0.63,2.04,0.04,-0.04,4.4
0.01,0.09,1.21,-0.73,2.01,0.07,0.4,4.33
-0.01,0.13,1.21,-0.82,1.97,0.1,-0.61,5.94
-0.07,0.19,1.25,-0.91,2.0,0.12,-3.18,8.8
-0.14,0.29,1.32,-0.95,2.07,0.11,-5.86,12.42
-0.21,0.39,1.39,-0.92,2.16,0.07,-8.14,15.44
-0.26,0.45,1.46,-0.84,2.25,0.05,-9.67,16.97
-0.3,0.49,1.52,-0.74,2.3,0.02,-10.63,17.47
-0.3,0.5,1.55,-0.62,2.37,-0.0,-10.36,17.67
-0.28,0.53,1.54,-0.48,2.43,-0.01,-9.79,18.66
-0.26,0.52,1.51,-0.38,2.46,-0.02,-9.23,18.66
-0.22,0.47,1.47,-0.33,2.48,-0.03,-8.13,17.48
-0.18,0.4,1.45,-0.35,2.43,-0.04,-6.86,15.24
-0.13,0.33,1.44,-0.45,2.34,-0.01,-4.88,12.86
-0.07,0.27,1.43,-0.62,2.2,0.05,-2.82,10.62
-0.03,0.24,1.45,-0.83,2.0,0.13,-1.34,9.47
-0.03,0.24,1.47,-1.12,1.75,0.24,-1.2,9.4
-0.05,0.27,1.52,-1.4,1.5,0.35,-1.94,10.22
-0.13,0.36,1.61,-1.69,1.2,0.49,-4.64,12.67
-0.25,0.55,1.67,-1.88,0.96,0.62,-8.04,17.93
-0.38,0.75,1.73,-1.99,0.74,0.71,-11.47,23.0
-0.53,0.91,1.78,-2.01,0.55,0.75,-14.71,26.18
-0.61,0.98,1.76,-1.95,0.41,0.78,-16.88,27.79
-0.66,1.0,1.7,-1.79,0.3,0.78,-18.49,28.61
-0.69,1.02,1.65,-1.56,0.22,0.75,-19.69,29.83
-0.73,1.06,1.59,-1.3,0.22,0.69,-20.82,31.14
-0.75,1.09,1.53,-0.96,0.23,0.61,-21.83,32.43
-0.77,1.1,1.5,-0.65,0.22,0.5,-22.35,33.16
-0.77,1.1,1.5,-0.37,0.24,0.38,-22.43,33.2
-0.76,1.1,1.52,-0.09,0.2,0.27,-22.07,32.88
-0.75,1.09,1.53,0.12,0.15,0.17,-21.68,32.54
-0.73,1.08,1.56,0.3,0.04,0.1,-21.13,32.12
-0.71,1.07,1.59,0.44,-0.09,0.03,-20.33,31.65
-0.69,1.05,1.62,0.55,-0.23,-0.05,-19.62,30.92
-0.66,1.04,1.65,0.63,-0.38,-0.09,-18.71,30.37
-0.6,0.98,1.65,0.67,-0.52,-0.13,-17.39,29.25
-0.56,0.94,1.66,0.71,-0.69,-0.15,-16.41,28.11
-0.51,0.9,1.68,0.74,-0.82,-0.16,-15.09,27.02
-0.48,0.85,1.7,0.76,-0.98,-0.18,-14.18,25.72
-0.45,0.83,1.72,0.78,-1.11,-0.17,-13.39,24.85
-0.43,0.79,1.74,0.82,-1.25,-0.15,-12.58,23.93
-0.41,0.76,1.74,0.83,-1.37,-0.16,-12.14,23.06
-0.37,0.72,1.72,0.83,-1.49,-0.14,-11.2,22.3
-0.35,0.7,1.71,0.85,-1.61,-0.14,-10.65,21.96
-0.32,0.67,1.71,0.85,-1.74,-0.15,-9.95,21.16
-0.3,0.64,1.69,0.84,-1.85,-0.17,-9.36,20.55
-0.26,0.61,1.7,0.82,-1.94,-0.19,-8.21,19.56
-0.23,0.56,1.69,0.83,-2.04,-0.21,-7.51,18.26
-0.2,0.51,1.7,0.81,-2.12,-0.23,-6.55,16.63
-0.17,0.45,1.69,0.79,-2.21,-0.24,-5.38,14.81
-0.13,0.4,1.69,0.78,-2.25,-0.25,-4.27,13.26
-0.09,0.35,1.68,0.75,-2.33,-0.26,-3.0,11.6
-0.06,0.29,1.68,0.71,-2.4,-0.26,-1.96,9.71
-0.03,0.24,1.68,0.68,-2.46,-0.25,-1.0,8.18
0.01,0.19,1.67,0.64,-2.47,-0.25,0.17,6.59
0.04,0.14,1.67,0.59,-2.52,-0.25,1.25,4.77
0.05,0.09,1.69,0.56,-2.54,-0.24,1.77,3.16
0.06,0.06,1.73,0.53,-2.56,-0.24,2.03,2.14
0.07,0.04,1.76,0.53,-2.57,-0.23,2.28,1.26
0.08,-0.02,1.79,0.53,-2.57,-0.21,2.44,-0.67
0.09,-0.07,1.83,0.57,-2.61,-0.17,2.91,-2.12
0.12,-0.13,1.83,0.59,-2.65,-0.11,3.84,-4.0
0.15,-0.17,1.82,0.63,-2.67,-0.05,4.82,-5.34
0.19,-0.21,1.78,0.65,-2.71,0.03,5.9,-6.71
0.2,-0.23,1.71,0.67,-2.74,0.1,6.72,-7.58
0.21,-0.23,1.64,0.68,-2.78,0.14,7.32,-8.0
0.23,-0.24,1.57,0.67,-2.79,0.17,8.23,-8.64
0.25,-0.27,1.48,0.64,-2.84,0.19,9.29,-10.12
0.26,-0.29,1.4,0.6,-2.86,0.19,10.34,-11.41
0.27,-0.29,1.34,0.52,-2.91,0.2,11.19,-12.01
0.28,-0.3,1.28,0.45,-2.97,0.18,11.84,-13.02
0.3,-0.34,1.21,0.36,-3.06,0.16,13.2,-15.47
0.32,-0.38,1.13,0.25,-3.16,0.16,14.84,-17.83
0.34,-0.43,1.06,0.19,-3.2,0.01,16.63,-20.99
0.36,-0.46,0.98,-0.04,-3.41,0.16,18.53,-23.95
0.38,-0.5,0.91,-0.24,-3.53,0.17,20.14,-26.92
0.38,-0.53,0.86,-0.46,-3.69,0.17,20.36,-29.4
0.37,-0.53,0.83,-0.66,-3.83,0.17,20.63,-30.39
0.36,-0.55,0.85,-0.86,-3.89,0.18,19.73,-31.03
0.33,-0.55,0.91,-1.04,-3.93,0.17,17.14,-29.87
0.29,-0.52,1.01,-1.17,-3.89,0.16,14.25,-26.59
0.27,-0.51,1.12,-1.2,-3.81,0.15,12.17,-23.74
0.25,-0.52,1.25,-1.18,-3.7,0.14,10.23,-22.26
0.21,-0.55,1.36,-1.1,-3.6,0.16,8.26,-21.67
0.19,-0.56,1.44,-0.96,-3.52,0.19,7.01,-21.06
0.18,-0.54,1.49,-0.77,-3.41,0.23,6.34,-19.75
0.16,-0.51,1.51,-0.56,-3.29,0.24,5.7,-18.51
0.13,-0.47,1.52,-0.33,-3.17,0.25,4.56,-17.06
0.11,-0.44,1.5,-0.08,-3.02,0.24,3.91,-16.32
0.11,-0.42,1.43,0.16,-2.86,0.2,4.13,-16.27
0.12,-0.42,1.35,0.39,-2.73,0.15,4.77,-17.16
0.14,-0.42,1.25,0.56,-2.6,0.09,6.15,-18.31
0.18,-0.43,1.14,0.68,-2.51,0.05,8.62,-20.53
0.22,-0.45,1.04,0.76,-2.43,0.01,11.08,-22.96
0.24,-0.47,0.95,0.8,-2.4,-0.01,12.94,-25.81
0.27,-0.48,0.86,0.8,-2.39,-0.01,15.06,-28.2
0.29,-0.5,0.78,0.75,-2.4,0.0,17.54,-31.13
0.31,-0.52,0.7,0.71,-2.44,0.03,19.67,-34.02
0.3,-0.51,0.64,0.59,-2.46,0.05,20.09,-36.06
0.29,-0.5,0.59,0.49,-2.5,0.08,20.79,-37.06
0.28,-0.47,0.56,0.36,-2.53,0.11,21.29,-36.83
0.26,-0.43,0.53,0.24,-2.56,0.1,20.79,-35.93
0.23,-0.39,0.52,0.15,-2.54,0.1,19.8,-34.81
0.22,-0.36,0.5,0.05,-2.49,0.08,19.39,-33.16
0.2,-0.33,0.5,-0.06,-2.39,0.05,18.77,-31.6
0.19,-0.31,0.49,-0.14,-2.29,0.01,18.17,-30.63
0.18,-0.3,0.48,-0.23,-2.2,-0.03,17.9,-30.29
0.18,-0.3,0.47,-0.32,-2.08,-0.07,17.94,-30.77
0.17,-0.31,0.47,-0.39,-1.99,-0.08,17.26,-31.66
0.17,-0.33,0.48,-0.47,-1.91,-0.09,16.05,-32.7
0.16,-0.36,0.5,-0.5,-1.81,-0.25,14.48,-34.69
0.15,-0.37,0.53,-0.61,-1.92,-0.05,13.01,-33.9
0.14,-0.37,0.56,-0.65,-1.95,-0.0,11.91,-32.32
0.12,-0.35,0.61,-0.67,-2.02,0.05,9.89,-29.23
0.1,-0.33,0.64,-0.69,-2.11,0.1,7.83,-26.86
0.06,-0.29,0.69,-0.67,-2.16,0.13,4.61,-22.92
0.03,-0.24,0.72,-0.61,-2.16,0.14,2.08,-18.48
0.0,-0.21,0.76,-0.55,-2.16,0.14,0.36,-15.41
-0.02,-0.15,0.78,-0.46,-2.09,0.1,-1.12,-11.21
-0.03,-0.14,0.79,-0.36,-2.03,0.06,-2.44,-10.36
-0.03,-0.14,0.78,-0.25,-1.9,-0.01,-2.47,-10.36
-0.02,-0.16,0.77,-0.14,-1.81,-0.05,-1.21,-11.48
-0.01,-0.15,0.72,-0.04,-1.73,-0.09,-1.05,-11.96
0.0,-0.16,0.67,0.05,-1.61,-0.12,0.34,-13.62
-0.01,-0.19,0.64,0.12,-1.51,-0.15,-0.98,-16.31
-0.03,-0.19,0.62,0.16,-1.44,-0.13,-2.53,-16.9
-0.01,-0.18,0.61,0.24,-1.38,-0.14,-1.0,-16.54
-0.0,-0.18,0.59,0.3,-1.35,-0.14,-0.21,-17.29
-0.01,-0.16,0.58,0.35,-1.3,-0.12,-0.59,-15.39
-0.01,-0.15,0.56,0.42,-1.24,-0.11,-1.07,-14.63
-0.03,-0.12,0.54,0.48,-1.19,-0.1,-2.95,-12.14
-0.04,-0.08,0.51,0.56,-1.14,-0.11,-4.47,-9.0
-0.04,-0.05,0.48,0.6,-1.06,-0.12,-4.55,-6.19
-0.04,-0.03,0.45,0.65,-0.98,-0.13,-5.64,-3.38
-0.06,-0.01,0.43,0.71,-0.91,-0.15,-7.83,-1.7
-0.07,0.01,0.39,0.75,-0.84,-0.15,-10.41,1.62
-0.09,0.04,0.35,0.78,-0.74,-0.17,-14.56,6.9
-0.11,0.07,0.29,0.78,-0.69,-0.18,-19.55,13.13
-0.12,0.1,0.22,0.78,-0.64,-0.18,-26.84,22.08
-0.14,0.14,0.16,0.8,-0.49,-0.34,-33.89,32.56
-0.16,0.16,0.11,0.63,-0.62,-0.19,-39.5,40.04
-0.18,0.18,0.06,0.53,-0.63,-0.19,-42.86,43.92
-0.2,0.2,0.03,0.41,-0.69,-0.17,-43.79,45.61
-0.21,0.22,0.01,0.29,-0.74,-0.17,-44.13,45.77
-0.23,0.23,-0.0,0.13,-0.78,-0.17,-44.37,45.63
-0.24,0.24,0.01,-0.02,-0.83,-0.17,-44.53,45.44
-0.25,0.25,0.02,-0.18,-0.87,-0.17,-44.88,44.95
-0.26,0.24,0.05,-0.3,-0.92,-0.17,-45.57,43.08
-0.25,0.23,0.09,-0.44,-0.97,-0.16,-45.37,40.81
-0.24,0.19,0.12,-0.55,-1.02,-0.14,-46.19,35.64
-0.23,0.16,0.16,-0.63,-1.1,-0.09,-45.06,29.63
-0.22,0.16,0.2,-0.7,-1.17,-0.03,-40.57,28.1
-0.22,0.18,0.27,-0.73,-1.19,0.01,-33.86,27.46
-0.22,0.2,0.32,-0.75,-1.17,0.03,-30.26,27.94
-0.22,0.2,0.37,-0.76,-1.15,0.05,-28.3,24.41
-0.22,0.17,0.42,-0.73,-1.12,0.07,-26.57,19.36
-0.21,0.13,0.47,-0.69,-1.09,0.1,-23.02,14.1
-0.2,0.11,0.51,-0.62,-1.03,0.14,-21.3,11.83
-0.2,0.11,0.56,-0.53,-0.95,0.18,-19.21,10.68
-0.2,0.12,0.61,-0.43,-0.82,0.21,-18.09,10.44
-0.21,0.13,0.66,-0.29,-0.67,0.21,-17.3,10.28
-0.22,0.15,0.69,-0.17,-0.51,0.21,-16.95,11.65
-0.23,0.18,0.71,-0.02,-0.32,0.19,-17.32,13.92
-0.24,0.22,0.71,0.11,-0.13,0.15,-17.8,16.34
-0.26,0.26,0.72,0.24,0.03,0.11,-18.6,18.85
-0.27,0.28,0.71,0.34,0.22,0.04,-19.76,20.03
-0.29,0.29,0.7,0.44,0.35,-0.02,-20.68,20.74
-0.27,0.27,0.67,0.5,0.44,-0.08,-20.87,20.24
-0.25,0.26,0.64,0.56,0.5,-0.12,-19.79,20.4
-0.23,0.22,0.59,0.6,0.48,-0.13,-19.77,19.38
-0.22,0.2,0.55,0.6,0.44,-0.13,-20.84,18.15
-0.22,0.15,0.55,0.59,0.34,-0.09,-21.38,14.53
-0.23,0.18,0.53,0.58,0.24,-0.06,-22.46,16.83
-0.22,0.19,0.56,0.56,0.19,-0.04,-20.26,17.03
-0.2,0.19,0.59,0.54,0.17,-0.04,-18.32,17.0
-0.19,0.2,0.61,0.55,0.16,-0.03,-16.63,16.96
-0.2,0.21,0.62,0.56,0.16,-0.04,-17.13,17.77
-0.21,0.22,0.62,0.58,0.21,-0.05,-17.43,18.94
-0.21,0.23,0.61,0.57,0.25,-0.09,-18.33,19.73
-0.22,0.24,0.59,0.56,0.32,-0.11,-18.71,20.75
-0.21,0.24,0.57,0.55,0.37,-0.14,-19.08,21.5
-0.21,0.24,0.56,0.51,0.44,-0.19,-18.73,21.97
-0.2,0.23,0.52,0.46,0.51,-0.23,-18.99,22.79
-0.18,0.22,0.51,0.41,0.55,-0.25,-18.43,21.93
-0.17,0.19,0.48,0.36,0.56,-0.27,-17.96,20.43
-0.16,0.15,0.46,0.26,0.54,-0.26,-18.21,17.2
-0.16,0.12,0.46,0.17,0.53,-0.25,-18.35,13.54
-0.15,0.1,0.47,0.09,0.47,-0.22,-17.82,11.09
-0.15,0.09,0.49,0.01,0.44,-0.18,-16.35,10.45
-0.14,0.09,0.52,-0.05,0.41,-0.17,-14.84,9.28
-0.14,0.09,0.56,-0.1,0.43,-0.16,-13.51,8.47
-0.14,0.09,0.59,-0.13,0.45,-0.14,-13.01,8.29
-0.14,0.08,0.62,-0.11,0.46,-0.15,-12.62,7.49
-0.13,0.08,0.64,-0.1,0.5,-0.15,-11.44,6.7
-0.12,0.07,0.65,-0.09,0.57,-0.16,-10.73,5.96
-0.12,0.06,0.66,-0.07,0.63,-0.17,-10.43,5.37
-0.12,0.06,0.65,-0.04,0.68,-0.19,-10.29,4.92
-0.12,0.05,0.65,-0.01,0.74,-0.19,-10.12,4.22
-0.1,0.05,0.63,0.02,0.79,-0.2,-9.02,4.6
-0.08,0.03,0.6,0.04,0.81,-0.21,-7.92,3.07
-0.08,0.01,0.57,0.01,0.77,-0.18,-7.62,1.41
-0.08,-0.01,0.55,0.03,0.73,-0.17,-8.05,-0.91
-0.08,-0.01,0.53,0.0,0.72,-0.17,-8.13,-1.38
-0.08,0.01,0.53,-0.01,0.69,-0.15,-8.51,0.99
-0.08,0.03,0.53,-0.0,0.69,-0.15,-8.44,3.62
-0.08,0.04,0.54,0.0,0.72,-0.17,-7.94,4.06
-0.06,0.04,0.53,0.0,0.75,-0.19,-6.84,4.29
-0.05,0.03,0.53,-0.01,0.78,-0.19,-5.52,3.48
-0.05,0.04,0.52,-0.01,0.83,-0.22,-5.09,4.16
-0.03,0.05,0.5,-0.03,0.91,-0.24,-2.97,5.81
-0.01,0.04,0.48,-0.05,0.97,-0.27,-1.25,5.18
0.02,0.02,0.45,-0.1,1.04,-0.3,2.4,2.17
0.03,-0.02,0.44,-0.18,1.07,-0.29,3.68,-2.8
0.04,-0.06,0.46,-0.24,1.08,-0.29,5.49,-7.26
0.05,-0.08,0.49,-0.31,1.06,-0.26,5.99,-9.25
0.04,-0.08,0.55,-0.38,1.08,-0.24,4.44,-8.28
0.03,-0.08,0.63,-0.38,1.04,-0.22,2.75,-7.67
0.0,-0.08,0.69,-0.35,1.02,-0.23,0.02,-6.72
-0.03,-0.08,0.76,-0.29,1.04,-0.23,-2.06,-5.8
-0.03,-0.06,0.78,-0.22,1.11,-0.26,-2.51,-4.34
-0.02,-0.05,0.76,-0.14,1.17,-0.28,-1.86,-3.76
-0.03,-0.07,0.74,-0.07,1.24,-0.31,-2.56,-5.24
-0.04,-0.09,0.72,-0.02,1.31,-0.35,-2.99,-7.48
-0.04,-0.11,0.7,0.01,1.4,-0.37,-3.06,-8.54
-0.02,-0.12,0.73,0.07,1.44,-0.38,-1.37,-9.51
0.01,-0.13,0.71,0.12,1.49,-0.41,1.18,-10.29
0.06,-0.14,0.67,0.16,1.55,-0.43,4.64,-11.95
0.09,-0.16,0.61,0.13,1.62,-0.45,7.74,-14.48
0.1,-0.2,0.57,0.09,1.64,-0.45,9.79,-18.62
0.1,-0.22,0.57,0.02,1.66,-0.44,9.01,-20.93
0.08,-0.25,0.6,-0.05,1.63,-0.42,7.31,-22.15
0.1,-0.24,0.6,-0.1,1.65,-0.41,8.84,-21.79
0.13,-0.24,0.62,-0.16,1.64,-0.39,11.45,-21.03
0.13,-0.26,0.63,-0.24,1.65,-0.37,11.2,-21.81
0.12,-0.28,0.67,-0.28,1.64,-0.36,9.71,-22.55
0.11,-0.3,0.7,-0.32,1.65,-0.35,8.28,-22.89
0.11,-0.31,0.76,-0.38,1.68,-0.33,7.58,-22.19
0.13,-0.32,0.8,-0.36,1.68,-0.32,8.29,-21.34
0.14,-0.32,0.83,-0.33,1.69,-0.3,9.16,-20.79
0.14,-0.33,0.85,-0.31,1.69,-0.27,8.69,-21.08
0.13,-0.32,0.88,-0.28,1.7,-0.24,7.85,-19.7
0.13,-0.3,0.9,-0.27,1.73,-0.23,8.12,-18.58
0.15,-0.3,0.86,-0.25,1.74,-0.21,9.16,-19.09
0.16,-0.34,0.88,-0.28,1.75,-0.18,9.71,-20.62
0.13,-0.34,0.85,-0.34,1.78,-0.16,8.18,-21.39
0.12,-0.33,0.94,-0.37,1.74,-0.13,6.93,-19.13
0.1,-0.27,1.08,-0.32,1.7,-0.12,4.93,-13.94
0.07,-0.21,1.18,-0.25,1.7,-0.15,3.4,-10.29
0.03,-0.16,1.22,-0.1,1.71,-0.18,1.57,-7.37
-0.01,-0.11,1.24,0.07,1.79,-0.26,-0.33,-4.9
-0.03,-0.07,1.23,0.27,1.89,-0.39,-1.52,-3.32
-0.02,-0.07,1.19,0.46,1.99,-0.49,-1.01,-3.26
0.02,-0.1,1.12,0.63,2.16,-0.61,0.81,-5.05
0.06,-0.16,1.02,0.77,2.29,-0.72,3.11,-8.89
0.11,-0.24,0.93,0.85,2.42,-0.77,6.44,-14.51
0.16,-0.33,0.83,0.87,2.53,-0.81,10.05,-21.3
0.19,-0.41,0.78,0.81,2.61,-0.8,11.91,-27.27
0.21,-0.49,0.74,0.72,2.61,-0.74,13.37,-32.57
0.25,-0.57,0.71,0.56,2.61,-0.67,15.54,-37.26
0.3,-0.63,0.67,0.36,2.52,-0.53,17.78,-40.55
0.31,-0.67,0.67,0.11,2.43,-0.39,18.06,-42.38
0.3,-0.69,0.69,-0.2,2.3,-0.21,17.28,-42.48
0.27,-0.63,0.77,-0.47,2.11,-0.03,15.28,-37.72
0.23,-0.52,0.9,-0.73,1.93,0.1,12.65,-29.09
0.17,-0.37,1.06,-0.9,1.76,0.19,8.84,-18.89
0.12,-0.21,1.19,-0.96,1.59,0.23,5.69,-9.81
0.05,-0.04,1.31,-0.91,1.47,0.2,2.34,-1.73
0.0,0.04,1.35,-0.81,1.46,0.14,0.18,1.86
-0.05,0.11,1.38,-0.66,1.47,0.04,-2.09,4.41
-0.08,0.12,1.41,-0.47,1.54,-0.12,-3.43,4.79
-0.09,0.1,1.41,-0.25,1.62,-0.26,-3.63,3.89
-0.05,0.04,1.38,-0.06,1.74,-0.39,-2.28,1.45
-0.01,-0.06,1.33,0.11,1.87,-0.5,-0.58,-2.42
0.02,-0.17,1.28,0.2,2.01,-0.56,1.07,-7.4
0.06,-0.27,1.24,0.28,2.12,-0.57,2.9,-12.35
0.13,-0.36,1.19,0.28,2.23,-0.56,6.01,-16.79
0.18,-0.44,1.16,0.23,2.34,-0.51,8.34,-20.67
0.23,-0.52,1.14,0.11,2.41,-0.41,10.22,-23.99
0.25,-0.56,1.13,-0.06,2.44,-0.29,11.35,-25.93
0.24,-0.55,1.14,-0.3,2.42,-0.14,10.95,-25.31
0.23,-0.48,1.21,-0.52,2.33,0.03,10.12,-21.14
0.2,-0.32,1.3,-0.73,2.18,0.16,8.49,-13.72
0.14,-0.14,1.39,-0.85,1.99,0.26,5.82,-5.74
0.09,0.02,1.44,-0.88,1.83,0.3,3.52,0.88
0.04,0.14,1.49,-0.87,1.68,0.28,1.44,5.46
-0.02,0.21,1.51,-0.8,1.6,0.25,-0.75,8.06
-0.07,0.27,1.52,-0.67,1.56,0.18,-2.59,10.13
-0.1,0.32,1.51,-0.53,1.57,0.1,-3.74,11.93
-0.11,0.33,1.49,-0.37,1.62,0.0,-4.14,12.31
-0.13,0.31,1.45,-0.21,1.7,-0.11,-4.83,11.96
-0.15,0.28,1.42,-0.06,1.81,-0.23,-5.84,10.98
-0.16,0.24,1.4,0.08,1.96,-0.34,-6.29,9.85
-0.14,0.21,1.37,0.22,2.14,-0.46,-5.83,8.52
-0.1,0.11,1.35,0.32,2.34,-0.57,-4.12,4.76
-0.03,-0.01,1.33,0.36,2.52,-0.61,-1.24,-0.24
0.04,-0.12,1.3,0.37,2.67,-0.61,1.77,-5.45
0.1,-0.22,1.29,0.29,2.75,-0.54,4.31,-9.64
0.14,-0.27,1.29,0.14,2.79,-0.45,5.87,-11.91
0.14,-0.26,1.31,-0.04,2.74,-0.32,6.17,-11.31
0.15,-0.21,1.34,-0.25,2.64,-0.19,6.22,-8.96
0.12,-0.12,1.37,-0.43,2.46,-0.07,4.99,-5.2
0.07,-0.01,1.41,-0.57,2.3,0.04,2.68,-0.45
-0.01,0.13,1.43,-0.69,2.2,0.12,-0.3,5.19
-0.09,0.28,1.45,-0.72,2.09,0.15,-3.31,11.0
-0.15,0.41,1.45,-0.71,2.01,0.13,-5.66,15.67
-0.22,0.5,1.44,-0.65,2.0,0.06,-8.3,18.99
-0.3,0.58,1.43,-0.56,2.04,-0.04,-10.95,21.76
-0.37,0.66,1.43,-0.42,2.12,-0.16,-13.02,24.18
-0.42,0.73,1.44,-0.25,2.25,-0.33,-14.69,25.96
-0.43,0.77,1.43,-0.04,2.36,-0.51,-14.95,27.35
-0.4,0.72,1.39,0.17,2.51,-0.71,-14.36,26.43
-0.32,0.58,1.36,0.32,2.6,-0.88,-12.32,22.49
-0.22,0.37,1.34,0.38,2.66,-0.99,-9.0,15.4
-0.11,0.18,1.33,0.33,2.68,-1.03,-4.88,7.54
-0.02,0.02,1.34,0.18,2.66,-0.99,-0.99,0.76
0.03,-0.11,1.38,-0.05,2.54,-0.9,1.4,-4.41
0.08,-0.22,1.44,-0.35,2.31,-0.75,3.16,-8.54
0.08,-0.26,1.52,-0.66,2.09,-0.57,2.83,-9.87
0.06,-0.26,1.62,-1.03,1.81,-0.33,2.15,-8.98
0.02,-0.19,1.73,-1.39,1.49,-0.06,0.61,-6.16
-0.06,-0.06,1.83,-1.69,1.15,0.23,-1.78,-1.9
-0.13,0.1,1.9,-1.91,0.81,0.54,-4.03,3.13
-0.22,0.27,1.94,-2.09,0.56,0.77,-6.46,8.0
-0.31,0.44,1.98,-2.2,0.3,1.0,-8.77,12.35
-0.4,0.61,2.01,-2.23,0.1,1.19,-10.87,16.71
-0.47,0.76,1.96,-2.19,-0.01,1.33,-12.65,20.62
-0.52,0.87,1.82,-2.06,-0.02,1.38,-14.58,24.58
-0.56,0.94,1.73,-1.9,-0.01,1.39,-16.01,27.2
-0.61,1.03,1.62,-1.63,0.04,1.33,-17.68,30.8
-0.65,1.1,1.53,-1.36,0.09,1.22,-18.96,33.49
-0.68,1.15,1.46,-1.08,0.16,1.06,-20.02,35.44
-0.69,1.18,1.43,-0.79,0.22,0.9,-20.47,36.65
-0.68,1.17,1.44,-0.49,0.19,0.73,-20.17,36.35
-0.67,1.16,1.46,-0.23,0.14,0.57,-19.71,36.02
-0.63,1.16,1.49,-0.0,0.08,0.42,-18.38,35.71
-0.61,1.13,1.53,0.16,-0.02,0.31,-17.9,34.37
-0.58,1.1,1.57,0.3,-0.1,0.14,-16.84,33.23
-0.56,1.07,1.61,0.36,-0.33,0.17,-16.04,32.1
-0.51,1.01,1.61,0.41,-0.45,0.1,-14.89,30.8
-0.47,0.97,1.62,0.44,-0.58,0.07,-14.09,29.79
-0.43,0.92,1.63,0.46,-0.73,0.05,-12.99,28.56
-0.4,0.88,1.65,0.47,-0.87,0.04,-12.02,27.28
-0.38,0.83,1.68,0.47,-1.01,0.04,-11.39,25.63
-0.35,0.78,1.71,0.47,-1.15,0.06,-10.46,24.19
-0.33,0.76,1.71,0.47,-1.3,0.1,-9.97,23.66
-0.33,0.77,1.71,0.48,-1.43,0.12,-9.9,23.9
-0.33,0.77,1.71,0.49,-1.56,0.13,-9.99,23.91
-0.33,0.78,1.72,0.52,-1.68,0.13,-10.01,24.02
-0.32,0.77,1.74,0.56,-1.78,0.11,-9.57,23.62
-0.31,0.76,1.76,0.61,-1.84,0.09,-9.11,23.22
-0.29,0.77,1.77,0.69,-1.9,0.05,-8.65,23.13
-0.27,0.75,1.78,0.76,-1.92,0.01,-8.03,22.65
-0.24,0.71,1.8,0.84,-1.97,-0.04,-6.91,21.32
-0.19,0.66,1.81,0.94,-2.0,-0.07,-5.56,19.91
-0.14,0.62,1.81,1.02,-2.03,-0.1,-4.27,18.78
-0.1,0.57,1.79,1.09,-2.0,-0.13,-3.15,17.6
-0.05,0.51,1.75,1.16,-2.0,-0.14,-1.49,16.29
-0.0,0.45,1.71,1.2,-2.01,-0.18,-0.09,14.63
0.03,0.39,1.68,1.24,-2.01,-0.19,1.12,13.0
0.06,0.32,1.66,1.24,-2.03,-0.21,2.14,11.02
0.1,0.25,1.63,1.22,-2.05,-0.22,3.55,8.84
0.12,0.19,1.61,1.22,-2.16,-0.24,4.32,6.67
0.15,0.13,1.58,1.17,-2.2,-0.21,5.54,4.61
0.18,0.07,1.56,1.12,-2.27,-0.22,6.6,2.45
0.2,0.01,1.54,1.07,-2.38,-0.2,7.36,0.55
0.22,-0.04,1.52,1.01,-2.48,-0.19,8.19,-1.65
0.24,-0.1,1.49,0.95,-2.57,-0.17,9.12,-3.62
0.26,-0.14,1.47,0.89,-2.65,-0.16,9.89,-5.47
0.29,-0.2,1.43,0.81,-2.7,-0.14,11.21,-7.88
0.31,-0.26,1.39,0.73,-2.75,-0.12,12.41,-10.49
0.32,-0.33,1.34,0.6,-2.81,-0.09,13.14,-13.35
0.33,-0.39,1.29,0.47,-2.85,-0.07,13.69,-16.21
0.32,-0.43,1.26,0.33,-2.88,-0.03,13.75,-18.19
0.32,-0.46,1.24,0.2,-2.91,0.0,13.59,-19.71
0.31,-0.46,1.27,0.07,-2.92,0.03,12.76,-19.55
0.29,-0.45,1.32,-0.02,-2.89,0.06,11.57,-18.56
0.26,-0.44,1.41,-0.09,-2.83,0.08,9.99,-17.19
0.24,-0.45,1.5,-0.08,-2.85,0.1,8.74,-16.4
0.21,-0.43,1.58,-0.02,-2.8,0.15,7.39,-15.23
0.19,-0.41,1.61,0.1,-2.8,0.2,6.6,-14.22
0.19,-0.38,1.6,0.23,-2.78,0.23,6.44,-13.24
0.19,-0.36,1.56,0.37,-2.77,0.24,6.94,-13.1
0.19,-0.37,1.49,0.5,-2.74,0.24,7.16,-13.74
0.18,-0.38,1.41,0.61,-2.67,0.21,7.23,-14.9
0.19,-0.39,1.33,0.67,-2.57,0.18,7.83,-16.34
0.2,-0.41,1.25,0.72,-2.54,0.16,8.57,-17.86
0.22,-0.42,1.19,0.76,-2.52,0.14,9.84,-19.08
0.23,-0.43,1.12,0.76,-2.62,0.16,10.8,-20.75
0.24,-0.46,1.07,0.75,-2.53,0.1,11.57,-22.87
0.25,-0.48,1.0,0.73,-2.56,0.08,12.79,-24.8
0.26,-0.51,0.93,0.7,-2.59,0.06,13.48,-28.0
0.26,-0.53,0.88,0.63,-2.61,0.07,14.19,-30.22
0.25,-0.54,0.84,0.54,-2.57,0.06,14.0,-31.83
0.24,-0.54,0.83,0.45,-2.54,0.05,13.84,-32.02
0.24,-0.54,0.81,0.4,-2.47,0.04,14.07,-32.54
0.23,-0.53,0.8,0.36,-2.35,0.01,13.81,-32.27
0.23,-0.51,0.77,0.31,-2.18,-0.02,14.22,-32.52
0.25,-0.52,0.73,0.28,-2.05,-0.04,15.28,-33.85
0.25,-0.58,0.69,0.22,-1.89,-0.07,15.73,-38.05
0.27,-0.65,0.68,0.13,-1.83,-0.06,15.76,-41.4
0.28,-0.73,0.71,0.02,-1.8,-0.03,15.17,-43.5
0.29,-0.8,0.76,-0.07,-1.86,0.07,14.68,-44.56
0.29,-0.84,0.81,-0.15,-1.99,0.22,14.15,-44.0
0.28,-0.83,0.85,-0.13,-2.12,0.26,13.22,-42.84
0.26,-0.79,0.86,-0.22,-2.36,0.56,12.77,-41.05
0.25,-0.72,0.87,-0.19,-2.51,0.72,12.31,-38.56
0.21,-0.63,0.86,-0.16,-2.63,0.83,10.98,-35.35
0.17,-0.54,0.86,-0.14,-2.69,0.91,9.68,-31.64
0.14,-0.44,0.84,-0.07,-2.66,0.93,8.22,-27.6
0.11,-0.37,0.82,-0.01,-2.58,0.9,7.23,-24.01
0.1,-0.31,0.81,0.07,-2.47,0.85,6.42,-20.81
0.09,-0.28,0.79,0.18,-2.32,0.77,6.23,-19.31
0.09,-0.27,0.75,0.23,-2.17,0.69,6.5,-19.64
0.09,-0.28,0.71,0.28,-2.02,0.63,6.69,-21.42
0.1,-0.3,0.67,0.33,-1.92,0.58,8.01,-23.97
0.1,-0.29,0.62,0.35,-1.83,0.54,8.42,-24.86
0.09,-0.29,0.59,0.34,-1.73,0.5,8.0,-25.88
0.09,-0.28,0.57,0.35,-1.67,0.49,8.01,-26.03
0.08,-0.28,0.56,0.35,-1.62,0.47,7.7,-26.14
0.08,-0.27,0.54,0.33,-1.57,0.46,7.2,-26.18
0.06,-0.26,0.55,0.32,-1.56,0.47,6.03,-25.18
0.04,-0.24,0.55,0.31,-1.49,0.46,3.43,-23.67
0.01,-0.21,0.57,0.34,-1.46,0.47,1.33,-19.97
-0.0,-0.17,0.6,0.39,-1.42,0.44,-0.03,-15.45
-0.01,-0.14,0.6,0.47,-1.38,0.42,-0.53,-12.7
-0.01,-0.11,0.58,0.53,-1.29,0.37,-1.24,-10.84
-0.02,-0.1,0.55,0.61,-1.19,0.34,-1.78,-9.98
-0.03,-0.1,0.52,0.67,-1.11,0.31,-2.72,-11.04
-0.01,-0.11,0.5,0.7,-0.96,0.26,-1.44,-12.76
0.01,-0.13,0.48,0.74,-0.85,0.23,0.76,-15.2
0.03,-0.17,0.47,0.77,-0.77,0.22,2.93,-19.63
0.02,-0.21,0.49,0.79,-0.72,0.23,2.34,-23.55
0.02,-0.24,0.48,0.82,-0.7,0.27,2.4,-26.44
0.02,-0.26,0.46,0.86,-0.69,0.33,1.85,-29.51
0.0,-0.26,0.44,0.87,-0.7,0.41,0.22,-30.32
-0.02,-0.22,0.43,0.9,-0.73,0.49,-2.13,-27.47
-0.03,-0.17,0.4,0.94,-0.72,0.56,-4.42,-23.05
-0.06,-0.12,0.38,0.94,-0.71,0.63,-8.48,-17.06
-0.09,-0.05,0.34,0.95,-0.68,0.67,-14.18,-8.58
-0.12,0.02,0.27,0.91,-0.63,0.68,-23.31,3.59
-0.15,0.08,0.21,0.83,-0.6,0.69,-34.38,16.73
-0.2,0.14,0.17,0.72,-0.57,0.67,-41.65,28.3
-0.24,0.2,0.16,0.58,-0.53,0.63,-43.08,34.96
-0.26,0.23,0.17,0.43,-0.56,0.6,-42.07,36.12
-0.26,0.26,0.18,0.29,-0.61,0.55,-39.83,38.49
-0.27,0.27,0.2,0.14,-0.65,0.49,-38.84,38.64
-0.26,0.27,0.25,-0.01,-0.71,0.43,-34.74,37.55
-0.25,0.26,0.31,-0.13,-0.79,0.39,-31.78,33.12
-0.24,0.25,0.35,-0.24,-0.83,0.35,-28.56,30.38
-0.2,0.25,0.4,-0.32,-0.89,0.32,-22.84,29.47
-0.18,0.23,0.44,-0.38,-0.91,0.27,-20.45,25.83
-0.16,0.22,0.47,-0.43,-0.95,0.26,-17.32,23.55
-0.15,0.19,0.52,-0.45,-0.98,0.25,-15.27,19.31
-0.15,0.19,0.56,-0.46,-1.01,0.24,-14.23,18.07
-0.15,0.18,0.57,-0.46,-1.03,0.24,-13.79,16.99
-0.15,0.19,0.6,-0.45,-1.04,0.24,-13.63,17.1
-0.17,0.19,0.63,-0.42,-1.04,0.24,-14.29,16.49
-0.18,0.21,0.66,-0.38,-1.0,0.21,-14.57,16.98
-0.18,0.22,0.67,-0.3,-0.96,0.2,-14.24,17.38
-0.18,0.22,0.68,-0.23,-0.89,0.16,-14.17,17.04
-0.18,0.22,0.68,-0.15,-0.82,0.12,-14.22,17.08
-0.18,0.22,0.67,-0.07,-0.72,0.1,-14.33,17.52
-0.18,0.22,0.65,0.02,-0.58,0.05,-14.99,17.62
-0.18,0.21,0.63,0.11,-0.45,0.02,-15.0,18.04
-0.18,0.21,0.58,0.19,-0.36,0.0,-16.22,18.84
-0.18,0.2,0.54,0.25,-0.26,-0.02,-17.13,19.07
-0.18,0.2,0.5,0.28,-0.13,-0.06,-18.8,20.26
-0.19,0.2,0.48,0.43,0.17,-0.31,-20.25,20.83
-0.2,0.2,0.47,0.31,0.01,-0.06,-21.07,21.65
-0.2,0.21,0.45,0.31,0.04,-0.06,-22.0,22.84
-0.21,0.21,0.43,0.28,0.08,-0.06,-23.3,23.77
-0.22,0.21,0.43,0.25,0.11,-0.06,-24.36,23.94
-0.22,0.2,0.43,0.24,0.08,-0.03,-25.06,22.71
-0.23,0.19,0.45,0.23,0.06,-0.02,-25.44,20.74
-0.24,0.19,0.48,0.22,0.05,-0.01,-24.76,19.33
-0.23,0.18,0.49,0.2,0.01,0.01,-23.71,18.55
-0.23,0.18,0.5,0.21,-0.04,0.04,-23.15,18.25
-0.23,0.2,0.53,0.25,-0.07,0.05,-22.47,19.01
-0.24,0.23,0.54,0.27,-0.06,0.06,-22.73,20.92
-0.25,0.24,0.54,0.31,-0.01,0.04,-22.74,22.47
-0.26,0.26,0.53,0.37,0.05,0.02,-23.78,23.55
-0.26,0.26,0.51,0.43,0.16,-0.03,-24.38,24.61
-0.26,0.27,0.48,0.45,0.22,-0.04,-25.08,26.13
-0.26,0.27,0.45,0.46,0.35,-0.09,-26.78,27.48
-0.27,0.26,0.41,0.45,0.43,-0.11,-29.06,27.49
-0.27,0.24,0.38,0.44,0.52,-0.15,-31.42,27.61
-0.26,0.23,0.35,0.4,0.56,-0.15,-32.01,27.48
-0.25,0.21,0.34,0.35,0.64,-0.17,-31.85,26.91
-0.24,0.2,0.33,0.28,0.65,-0.17,-32.55,25.66
-0.24,0.15,0.32,0.2,0.68,-0.17,-33.47,20.73
-0.23,0.13,0.35,0.14,0.68,-0.16,-31.12,17.0
-0.22,0.11,0.39,0.08,0.7,-0.14,-28.2,13.99
-0.2,0.11,0.42,0.02,0.72,-0.12,-24.77,13.4
-0.19,0.11,0.45,-0.01,0.71,-0.11,-21.93,12.81
-0.19,0.11,0.48,-0.04,0.71,-0.1,-20.67,12.18
-0.2,0.12,0.51,-0.06,0.72,-0.09,-20.96,12.61
-0.2,0.13,0.52,-0.1,0.74,-0.1,-20.51,12.67
-0.2,0.14,0.54,-0.12,0.76,-0.12,-19.47,13.42
-0.19,0.13,0.56,-0.14,0.79,-0.15,-18.16,12.42
-0.18,0.11,0.57,-0.16,0.77,-0.16,-17.31,10.32
-0.17,0.1,0.55,-0.2,0.76,-0.17,-17.01,9.39
-0.15,0.07,0.57,-0.22,0.72,-0.18,-14.64,6.59
-0.14,0.08,0.57,-0.24,0.67,-0.17,-13.99,8.07
-0.13,0.06,0.61,-0.26,0.67,-0.2,-12.05,5.77
-0.1,0.05,0.65,-0.31,0.69,-0.21,-8.56,4.15
-0.12,0.06,0.62,-0.3,0.72,-0.22,-11.09,5.14
-0.11,0.03,0.62,-0.32,0.76,-0.25,-9.82,2.29
-0.07,-0.01,0.66,-0.34,0.82,-0.26,-5.64,-1.21
-0.04,-0.05,0.7,-0.32,0.87,-0.26,-3.01,-4.02
-0.01,-0.07,0.75,-0.28,0.94,-0.24,-0.59,-5.29
0.0,-0.09,0.78,-0.23,1.0,-0.23,0.04,-6.38
-0.01,-0.09,0.81,-0.17,1.08,-0.21,-0.74,-6.11
-0.01,-0.07,0.83,-0.11,1.18,-0.21,-0.87,-5.13
-0.02,-0.06,0.85,-0.05,1.25,-0.2,-1.19,-4.2
-0.02,-0.04,0.85,0.1,1.47,-0.36,-1.1,-2.57
-0.02,-0.01,0.83,0.1,1.35,-0.23,-1.28,-0.62
-0.03,0.01,0.8,0.14,1.43,-0.27,-2.41,0.92
-0.05,0.02,0.76,0.17,1.44,-0.29,-3.66,1.18
-0.06,0.01,0.73,0.16,1.46,-0.32,-4.5,1.06
-0.05,-0.0,0.7,0.14,1.44,-0.35,-4.47,-0.07
-0.04,-0.03,0.69,0.11,1.41,-0.38,-3.31,-2.51
-0.03,-0.06,0.68,0.05,1.36,-0.38,-2.26,-5.31
-0.01,-0.1,0.68,0.02,1.27,-0.37,-0.5,-8.28
0.01,-0.11,0.66,-0.03,1.2,-0.35,0.7,-9.86
0.02,-0.12,0.66,-0.09,1.17,-0.34,1.69,-10.45
0.01,-0.13,0.68,-0.15,1.13,-0.33,1.23,-10.92
0.02,-0.13,0.7,-0.19,1.23,-0.42,1.62,-10.39
0.03,-0.13,0.71,-0.27,1.1,-0.3,2.13,-10.36
0.02,-0.12,0.72,-0.33,1.14,-0.32,1.49,-9.78
0.03,-0.14,0.75,-0.35,1.13,-0.3,2.13,-10.86
0.05,-0.17,0.79,-0.37,1.13,-0.3,3.21,-12.28
0.06,-0.22,0.84,-0.39,1.1,-0.27,4.13,-14.39
0.07,-0.24,0.9,-0.4,1.08,-0.23,4.47,-15.01
0.08,-0.23,0.94,-0.38,1.01,-0.18,4.45,-13.84
0.07,-0.2,0.98,-0.31,0.94,-0.13,3.98,-11.59
0.05,-0.19,1.02,-0.24,0.89,-0.11,2.93,-10.3
0.03,-0.17,1.08,-0.17,0.84,-0.09,1.8,-8.96
0.03,-0.13,1.09,-0.05,0.79,-0.07,1.4,-6.76
0.03,-0.1,1.09,0.09,0.76,-0.07,1.79,-5.26
0.03,-0.07,1.07,0.21,0.75,-0.09,1.49,-3.75
0.02,-0.05,1.02,0.34,0.73,-0.12,0.94,-2.95
0.01,-0.04,0.94,0.41,0.75,-0.17,0.82,-2.3
0.02,-0.05,0.83,0.47,0.74,-0.21,1.6,-3.31
0.04,-0.09,0.71,0.43,0.71,-0.25,3.18,-7.05
0.05,-0.15,0.61,0.33,0.67,-0.27,4.72,-13.52
0.07,-0.22,0.56,0.16,0.61,-0.26,7.01,-21.6
0.11,-0.34,0.57,-0.04,0.45,-0.2,9.33,-30.48
0.13,-0.4,0.62,-0.21,0.3,-0.13,10.33,-32.31
0.16,-0.42,0.71,-0.38,0.18,-0.01,10.98,-30.05
0.17,-0.36,0.81,-0.47,0.11,0.08,10.92,-23.64
0.15,-0.23,0.93,-0.48,0.11,0.16,8.81,-13.87
0.11,-0.16,1.04,-0.44,0.18,0.15,5.99,-8.61
0.06,-0.06,1.11,-0.34,0.31,0.11,2.94,-3.34
0.03,-0.0,1.05,-0.22,0.52,0.02,1.49,-0.27
0.06,-0.0,1.02,-0.12,0.76,-0.08,3.22,-0.03
0.07,-0.02,1.0,-0.03,0.98,-0.2,4.14,-1.2
0.09,-0.09,1.0,0.05,1.16,-0.29,5.06,-5.3
0.1,-0.15,0.97,0.09,1.31,-0.34,5.86,-8.56
0.13,-0.18,0.97,0.12,1.42,-0.37,7.22,-10.51
0.14,-0.19,0.98,0.13,1.5,-0.37,7.8,-11.11
0.14,-0.2,0.99,0.16,1.53,-0.38,7.88,-11.11
0.12,-0.2,0.98,0.18,1.57,-0.4,6.77,-11.42
0.11,-0.19,0.98,0.2,1.6,-0.4,6.06,-11.04
0.1,-0.18,0.96,0.23,1.61,-0.43,5.89,-10.3
0.1,-0.14,0.95,0.26,1.62,-0.46,5.67,-8.46
0.1,-0.14,0.92,0.27,1.67,-0.51,6.29,-8.58
0.11,-0.16,0.89,0.26,1.74,-0.54,6.96,-9.94
0.11,-0.18,0.87,0.25,1.75,-0.58,7.0,-11.46
0.12,-0.21,0.84,0.2,1.77,-0.62,7.72,-13.98
0.12,-0.26,0.8,0.12,1.8,-0.65,8.4,-17.66
0.14,-0.32,0.79,-0.0,1.82,-0.63,9.13,-22.0
0.15,-0.38,0.8,-0.14,1.78,-0.59,9.51,-24.79
0.16,-0.41,0.83,-0.28,1.71,-0.53,9.96,-25.79
0.16,-0.4,0.9,-0.4,1.63,-0.45,9.47,-23.83
0.16,-0.37,0.97,-0.52,1.59,-0.37,8.83,-20.46
0.14,-0.32,1.05,-0.57,1.49,-0.31,7.4,-17.03
0.12,-0.25,1.13,-0.57,1.41,-0.25,5.72,-12.49
0.09,-0.16,1.2,-0.55,1.41,-0.23,4.27,-7.49
0.06,-0.07,1.23,-0.44,1.43,-0.26,2.83,-3.19
0.04,-0.02,1.24,-0.34,1.53,-0.32,1.95,-1.11
0.03,-0.02,1.25,-0.21,1.64,-0.38,1.21,-0.88
0.03,-0.03,1.24,-0.09,1.75,-0.44,1.41,-1.23
0.03,-0.04,1.22,0.01,1.88,-0.5,1.63,-1.75
0.05,-0.04,1.18,0.09,1.99,-0.54,2.5,-1.79
0.06,-0.05,1.11,0.17,2.08,-0.59,2.89,-2.64
0.05,-0.06,1.02,0.19,2.16,-0.64,2.72,-3.65
0.03,-0.08,0.94,0.15,2.22,-0.68,2.01,-4.97
0.02,-0.09,0.89,0.1,2.23,-0.71,1.16,-5.93
0.04,-0.1,0.85,0.01,2.22,-0.76,2.33,-6.82
0.04,-0.1,0.83,-0.09,2.18,-0.79,2.77,-6.84
0.04,-0.09,0.84,-0.19,2.17,-0.83,2.84,-6.28
0.05,-0.08,0.85,-0.29,2.09,-0.87,3.11,-5.19
0.05,-0.06,0.84,-0.4,1.99,-0.9,3.68,-4.15
0.07,-0.06,0.82,-0.52,1.87,-0.95,4.92,-4.17
0.08,-0.08,0.8,-0.67,1.78,-0.99,6.01,-5.88
0.09,-0.13,0.82,-0.84,1.71,-1.02,6.51,-9.05
0.12,-0.21,0.88,-1.02,1.59,-1.02,7.61,-13.55
0.14,-0.26,0.96,-1.21,1.5,-0.98,8.11,-14.82
0.15,-0.28,1.07,-1.35,1.43,-0.91,7.74,-14.66
0.15,-0.27,1.19,-1.46,1.39,-0.82,6.81,-12.63
0.14,-0.24,1.32,-1.58,1.41,-0.76,5.93,-10.1
0.11,-0.19,1.43,-1.55,1.32,-0.61,4.53,-7.49
0.08,-0.15,1.51,-1.52,1.36,-0.53,3.02,-5.59
0.05,-0.11,1.56,-1.44,1.4,-0.45,1.74,-4.02
0.02,-0.07,1.56,-1.36,1.46,-0.38,0.69,-2.65
0.01,-0.06,1.55,-1.29,1.51,-0.31,0.52,-2.17
0.01,-0.08,1.52,-1.29,1.6,-0.27,0.54,-2.91
0.0,-0.07,1.53,-1.32,1.67,-0.21,0.16,-2.58
-0.02,-0.05,1.52,-1.34,1.71,-0.14,-0.63,-1.86
-0.04,-0.01,1.54,-1.37,1.73,-0.07,-1.48,-0.53
-0.08,0.04,1.56,-1.38,1.72,-0.0,-2.93,1.37
-0.11,0.1,1.58,-1.39,1.73,0.05,-3.96,3.66
-0.17,0.16,1.63,-1.37,1.68,0.1,-5.75,5.5
-0.21,0.23,1.66,-1.31,1.64,0.14,-7.02,7.98
-0.26,0.3,1.69,-1.21,1.59,0.16,-8.46,9.89
-0.29,0.37,1.72,-1.1,1.54,0.16,-9.24,12.02
-0.34,0.43,1.73,-0.94,1.5,0.16,-10.66,13.79
-0.37,0.51,1.74,-0.76,1.48,0.12,-11.58,15.89
-0.39,0.55,1.74,-0.52,1.47,0.06,-12.11,17.2
-0.38,0.59,1.7,-0.28,1.49,-0.03,-11.99,18.71
-0.35,0.56,1.62,-0.04,1.53,-0.14,-11.58,18.7
-0.3,0.47,1.53,0.14,1.66,-0.27,-10.67,16.76
-0.28,0.36,1.45,0.26,1.68,-0.34,-10.48,13.9
-0.23,0.27,1.38,0.37,1.79,-0.43,-9.35,11.08
-0.18,0.21,1.35,0.42,1.89,-0.48,-7.64,8.63
-0.14,0.15,1.31,0.47,2.03,-0.58,-6.04,6.54
-0.11,0.1,1.27,0.45,1.98,-0.54,-4.75,4.55
-0.08,0.05,1.23,0.46,2.01,-0.54,-3.77,2.31
-0.06,-0.01,1.21,0.42,2.01,-0.55,-2.95,-0.32
-0.04,-0.06,1.21,0.33,1.99,-0.52,-2.05,-2.97
-0.02,-0.11,1.23,0.25,1.9,-0.47,-1.02,-5.19
0.01,-0.16,1.26,0.12,1.81,-0.39,0.49,-7.27
0.05,-0.21,1.27,-0.05,1.67,-0.27,2.18,-9.53
0.07,-0.24,1.3,-0.25,1.49,-0.12,3.05,-10.33
0.07,-0.23,1.33,-0.46,1.27,0.04,2.76,-9.92
0.04,-0.19,1.37,-0.66,1.05,0.2,1.78,-7.76
0.01,-0.08,1.4,-0.88,0.83,0.38,0.31,-3.4
-0.03,0.04,1.42,-1.02,0.61,0.52,-1.32,1.51
-0.08,0.15,1.42,-1.14,0.42,0.63,-3.14,6.17
-0.12,0.26,1.42,-1.24,0.27,0.71,-4.79,10.23
-0.16,0.36,1.43,-1.28,0.19,0.76,-6.38,13.88
-0.22,0.46,1.44,-1.32,0.16,0.77,-8.22,17.44
-0.27,0.55,1.45,-1.26,0.32,0.62,-9.77,20.47
-0.3,0.62,1.46,-1.27,0.23,0.72,-10.78,22.53
-0.32,0.66,1.48,-1.24,0.32,0.69,-11.25,23.49
-0.34,0.67,1.5,-1.2,0.39,0.65,-11.58,23.47
-0.34,0.68,1.52,-1.17,0.43,0.63,-11.64,23.46
-0.35,0.69,1.52,-1.18,0.46,0.64,-11.73,23.88
-0.36,0.7,1.57,-1.2,0.43,0.64,-11.7,23.61
-0.36,0.71,1.61,-1.22,0.35,0.68,-11.67,23.27
-0.37,0.72,1.65,-1.26,0.23,0.72,-11.49,22.96
-0.38,0.75,1.69,-1.3,0.06,0.79,-11.59,23.39
-0.4,0.8,1.72,-1.36,-0.09,0.87,-11.92,24.3
-0.44,0.88,1.75,-1.38,-0.29,0.95,-12.73,26.13
-0.46,0.95,1.72,-1.36,-0.49,0.99,-13.23,28.08
-0.48,0.97,1.7,-1.34,-0.66,1.02,-13.75,28.76
-0.49,0.97,1.69,-1.32,-0.78,1.03,-14.0,28.99
-0.48,0.96,1.69,-1.28,-0.89,1.05,-13.93,28.66
-0.48,0.97,1.69,-1.2,-0.94,1.03,-13.8,28.85
-0.47,0.99,1.68,-1.09,-0.98,1.01,-13.64,29.49
-0.48,1.01,1.66,-0.95,-0.94,0.97,-13.77,30.36
-0.48,1.04,1.64,-0.83,-0.88,0.89,-13.78,31.35
-0.47,1.05,1.64,-0.66,-0.82,0.8,-13.66,31.51
-0.47,1.04,1.65,-0.54,-0.75,0.7,-13.56,31.26
-0.47,1.01,1.67,-0.41,-0.67,0.59,-13.49,30.26
-0.45,0.97,1.7,-0.29,-0.65,0.5,-12.94,28.72
-0.42,0.94,1.74,-0.14,-0.73,0.44,-12.06,27.68
-0.4,0.92,1.76,-0.01,-0.85,0.37,-11.44,27.05
-0.39,0.9,1.77,0.09,-1.01,0.32,-11.13,26.27
-0.39,0.9,1.77,0.22,-1.18,0.26,-11.01,26.46
-0.39,0.91,1.75,0.31,-1.36,0.19,-11.26,26.93
-0.4,0.92,1.74,0.47,-1.43,-0.06,-11.58,27.38
-0.4,0.9,1.75,0.5,-1.72,-0.05,-11.43,26.71
-0.37,0.87,1.78,0.56,-1.88,-0.18,-10.64,25.6
-0.33,0.82,1.82,0.64,-2.06,-0.31,-9.5,23.79
-0.29,0.74,1.83,0.73,-2.23,-0.43,-8.24,21.9
-0.23,0.65,1.81,0.8,-2.38,-0.54,-6.8,19.66
-0.17,0.55,1.8,0.84,-2.5,-0.63,-5.05,16.79
-0.12,0.45,1.8,0.89,-2.61,-0.72,-3.56,13.96
-0.05,0.33,1.79,0.92,-2.71,-0.79,-1.42,10.42
0.01,0.22,1.79,0.95,-2.77,-0.85,0.44,6.91
0.07,0.1,1.78,0.95,-2.82,-0.9,2.3,3.05
0.12,-0.0,1.76,0.96,-2.86,-0.92,3.89,-0.15
0.16,-0.09,1.74,0.96,-2.87,-0.94,5.38,-3.0
0.21,-0.18,1.7,0.96,-2.84,-0.93,6.94,-5.86
0.24,-0.26,1.66,0.96,-2.77,-0.93,8.16,-8.91
0.28,-0.33,1.62,0.94,-2.68,-0.93,9.5,-11.37
0.31,-0.4,1.55,0.94,-2.6,-0.92,10.8,-14.08
0.33,-0.45,1.49,0.92,-2.49,-0.91,11.94,-16.5
0.35,-0.52,1.46,0.87,-2.41,-0.9,12.79,-19.04
0.37,-0.62,1.46,0.8,-2.37,-0.87,13.13,-22.5
0.41,-0.73,1.47,0.72,-2.42,-0.8,13.86,-25.6
0.44,-0.82,1.49,0.66,-2.54,-0.67,14.36,-27.69
0.44,-0.85,1.48,0.6,-2.68,-0.52,14.48,-28.7
0.44,-0.85,1.44,0.53,-2.87,-0.36,14.81,-29.25
0.42,-0.85,1.4,0.48,-3.06,-0.23,14.52,-30.09
0.39,-0.84,1.38,0.43,-3.27,-0.1,13.65,-30.39
0.35,-0.77,1.37,0.4,-3.39,0.01,12.41,-28.72
0.32,-0.68,1.35,0.43,-3.45,0.06,11.86,-26.18
0.31,-0.62,1.31,0.48,-3.45,0.1,12.17,-24.6
0.31,-0.58,1.26,0.55,-3.41,0.08,12.42,-24.03
0.28,-0.57,1.19,0.62,-3.27,0.04,12.1,-24.73
0.28,-0.57,1.14,0.66,-3.11,0.01,12.25,-25.89
0.29,-0.59,1.09,0.73,-2.95,-0.03,13.06,-27.66
0.31,-0.61,1.04,0.78,-2.81,-0.05,14.46,-29.17
0.34,-0.64,0.99,0.81,-2.66,-0.05,15.95,-31.28
0.36,-0.66,0.92,0.83,-2.54,-0.03,17.36,-33.81
0.38,-0.68,0.86,0.83,-2.47,0.0,19.04,-35.75
0.38,-0.69,0.79,0.79,-2.4,0.06,19.73,-38.42
0.36,-0.69,0.73,0.75,-2.36,0.12,19.89,-40.27
0.35,-0.67,0.66,0.68,-2.3,0.17,20.41,-41.68
0.33,-0.64,0.62,0.59,-2.27,0.23,20.58,-42.38
0.32,-0.6,0.57,0.59,-2.13,0.12,21.15,-42.41
0.28,-0.54,0.54,0.43,-2.15,0.28,20.35,-41.87
0.25,-0.48,0.5,0.33,-2.02,0.27,19.68,-40.85
0.21,-0.42,0.46,0.25,-1.89,0.24,18.88,-39.55
0.19,-0.38,0.45,0.22,-1.63,0.06,17.58,-38.17
0.15,-0.36,0.47,0.07,-1.58,0.13,14.22,-36.11
0.15,-0.32,0.47,-0.0,-1.5,0.06,14.23,-33.27
0.16,-0.33,0.47,-0.05,-1.3,0.01,15.42,-33.13
0.17,-0.36,0.47,-0.09,-1.21,-0.03,15.52,-35.63
0.13,-0.39,0.48,-0.14,-1.17,-0.06,12.25,-37.96
0.13,-0.42,0.51,-0.21,-1.14,-0.05,10.87,-38.92
0.12,-0.42,0.52,-0.26,-1.17,-0.02,10.61,-38.37
0.12,-0.41,0.53,-0.29,-1.22,0.02,10.41,-36.77
0.11,-0.38,0.57,-0.33,-1.26,0.05,8.86,-33.66
0.08,-0.34,0.59,-0.34,-1.24,0.06,6.75,-29.63
0.08,-0.3,0.62,-0.33,-1.24,0.06,6.27,-25.34
0.06,-0.26,0.64,-0.31,-1.23,0.04,4.7,-22.27
0.03,-0.23,0.65,-0.27,-1.21,0.03,2.69,-19.16
0.03,-0.19,0.67,-0.24,-1.15,-0.03,2.64,-16.09
0.01,-0.15,0.67,-0.2,-1.09,-0.07,0.92,-12.55
0.0,-0.12,0.66,-0.11,-1.02,-0.14,0.29,-10.66
0.01,-0.11,0.63,-0.06,-0.95,-0.2,0.62,-9.9
0.01,-0.11,0.59,-0.0,-0.85,-0.28,0.58,-10.16
0.01,-0.12,0.56,0.0,-0.77,-0.33,1.51,-12.0
0.03,-0.12,0.53,0.0,-0.72,-0.39,2.76,-13.19
0.03,-0.14,0.51,0.01,-0.68,-0.42,3.12,-14.97
0.04,-0.15,0.49,-0.0,-0.65,-0.44,4.6,-16.73
0.05,-0.18,0.48,-0.04,-0.64,-0.46,5.24,-20.8
0.05,-0.21,0.48,-0.06,-0.65,-0.45,5.35,-24.09
0.06,-0.23,0.48,-0.1,-0.69,-0.42,5.9,-25.18
0.06,-0.24,0.48,-0.14,-0.72,-0.39,6.61,-26.66
0.06,-0.25,0.5,-0.17,-0.79,-0.35,6.11,-26.65
0.06,-0.32,0.51,-0.21,-0.93,-0.28,5.52,-32.26
0.05,-0.35,0.53,-0.24,-1.07,-0.15,4.73,-33.49
0.05,-0.33,0.54,-0.24,-1.19,-0.03,4.82,-31.4
0.04,-0.29,0.56,-0.26,-1.31,0.09,3.87,-27.14
0.02,-0.23,0.57,-0.25,-1.41,0.16,1.44,-22.04
-0.02,-0.17,0.58,-0.23,-1.47,0.22,-1.81,-16.68
-0.04,-0.11,0.58,-0.19,-1.47,0.26,-4.17,-10.64
-0.06,-0.05,0.57,-0.15,-1.42,0.27,-6.17,-4.83
-0.07,-0.0,0.56,-0.11,-1.36,0.27,-7.56,-0.31
-0.09,0.04,0.56,-0.09,-1.28,0.22,-8.67,3.81
-0.09,0.06,0.56,-0.04,-1.21,0.19,-9.33,5.92
-0.1,0.07,0.56,-0.03,-1.12,0.16,-9.76,7.28
-0.1,0.08,0.57,0.01,-1.05,0.13,-9.8,8.08
-0.1,0.09,0.56,0.05,-1.02,0.1,-10.33,8.5
-0.09,0.09,0.57,0.09,-0.99,0.08,-9.02,8.49
-0.09,0.09,0.57,0.14,-0.96,0.06,-8.98,8.83
-0.11,0.09,0.57,0.16,-0.94,0.05,-10.64,8.96
-0.12,0.1,0.58,0.22,-0.92,0.03,-11.86,9.49
-0.12,0.11,0.59,0.3,-0.89,0.02,-11.52,10.24
-0.11,0.11,0.58,0.39,-0.86,0.0,-10.29,10.59
-0.11,0.1,0.57,0.45,-0.84,-0.01,-10.97,9.69
-0.12,0.09,0.54,0.51,-0.82,0.01,-12.26,9.21
-0.12,0.09,0.52,0.57,-0.81,0.02,-13.14,9.58
-0.13,0.09,0.5,0.6,-0.8,0.04,-14.09,10.08
-0.14,0.1,0.47,0.63,-0.76,0.05,-15.93,11.38
-0.15,0.12,0.46,0.63,-0.73,0.08,-17.12,14.41
-0.17,0.14,0.47,0.66,-0.7,0.09,-18.95,15.46
-0.19,0.16,0.48,0.7,-0.65,0.09,-20.24,16.93
-0.2,0.17,0.49,0.73,-0.58,0.09,-21.2,17.81
-0.21,0.19,0.5,0.77,-0.53,0.1,-21.59,19.38
-0.22,0.21,0.5,0.82,-0.49,0.1,-22.5,21.07
-0.23,0.24,0.49,0.87,-0.42,0.07,-23.12,23.72
-0.24,0.25,0.47,0.88,-0.32,0.05,-24.55,25.34
-0.25,0.26,0.45,0.92,-0.27,0.03,-26.06,26.78
-0.25,0.27,0.43,0.93,-0.2,-0.01,-26.51,28.02
-0.24,0.28,0.4,0.93,-0.16,-0.02,-26.44,30.59
-0.23,0.27,0.37,0.9,-0.11,-0.06,-26.92,32.1
-0.24,0.26,0.34,0.86,-0.1,-0.07,-29.12,32.05
-0.24,0.24,0.34,0.82,-0.12,-0.07,-29.24,30.36
-0.23,0.23,0.31,0.77,-0.13,-0.07,-31.12,30.59
-0.23,0.23,0.3,0.71,-0.13,-0.08,-31.54,31.42
-0.23,0.23,0.29,0.63,-0.14,-0.07,-32.09,31.75
-0.24,0.23,0.29,0.54,-0.16,-0.06,-33.1,31.03
-0.24,0.22,0.3,0.47,-0.15,-0.06,-33.43,29.83
-0.25,0.21,0.3,0.38,-0.15,-0.05,-34.12,28.78
-0.26,0.21,0.31,0.3,-0.13,-0.04,-34.43,27.25
-0.26,0.2,0.34,0.24,-0.11,-0.04,-33.19,25.03
-0.25,0.2,0.36,0.18,-0.08,-0.04,-31.25,24.49
-0.25,0.19,0.39,0.12,-0.03,-0.05,-30.22,22.41
-0.25,0.19,0.42,0.09,0.01,-0.04,-28.47,21.85
-0.25,0.2,0.44,0.07,0.06,-0.05,-27.01,21.02
-0.25,0.2,0.47,0.05,0.11,-0.06,-26.1,20.31
-0.24,0.19,0.49,0.05,0.18,-0.08,-24.92,19.4
-0.23,0.19,0.49,0.04,0.23,-0.09,-24.24,19.0
-0.22,0.17,0.49,0.03,0.28,-0.12,-22.86,17.08
-0.21,0.14,0.5,0.04,0.34,-0.13,-22.06,14.3
-0.21,0.12,0.51,0.05,0.37,-0.12,-21.82,12.15
-0.2,0.11,0.52,0.05,0.42,-0.1,-20.78,11.14
-0.19,0.1,0.53,0.06,0.46,-0.1,-19.72,10.18
-0.2,0.11,0.52,0.07,0.48,-0.09,-20.77,10.66
-0.21,0.1,0.53,0.08,0.53,-0.09,-21.11,9.43
-0.2,0.08,0.53,0.06,0.57,-0.08,-20.43,7.89
-0.22,0.1,0.51,0.06,0.62,-0.09,-23.08,10.31
-0.2,0.09,0.51,0.05,0.67,-0.08,-21.47,9.2
-0.18,0.08,0.52,0.04,0.69,-0.08,-19.41,8.26
-0.17,0.07,0.51,0.01,0.72,-0.08,-17.99,7.59
-0.17,0.07,0.52,0.02,0.71,-0.05,-17.76,7.19
-0.17,0.08,0.53,-0.01,0.68,-0.04,-17.96,7.72
-0.17,0.08,0.54,-0.01,0.67,-0.05,-17.41,8.01
-0.17,0.1,0.55,-0.04,0.66,-0.05,-16.98,10.15
-0.16,0.13,0.55,-0.06,0.67,-0.06,-16.13,12.51
-0.16,0.13,0.55,-0.05,0.74,-0.13,-15.81,12.92
-0.17,0.12,0.55,-0.05,0.69,-0.11,-16.75,11.6
-0.16,0.1,0.55,-0.05,0.75,-0.14,-15.91,9.77
-0.15,0.08,0.56,-0.05,0.8,-0.15,-14.61,7.7
-0.13,0.06,0.56,-0.07,0.86,-0.17,-13.33,5.96
-0.12,0.04,0.58,-0.05,0.9,-0.18,-11.95,4.0
-0.12,0.02,0.59,-0.04,0.95,-0.2,-11.44,2.27
-0.11,0.01,0.6,-0.05,0.99,-0.19,-10.15,1.3
-0.09,0.0,0.6,-0.04,1.02,-0.2,-8.11,0.44
-0.07,-0.01,0.6,-0.05,1.02,-0.19,-7.01,-0.6
-0.07,-0.03,0.61,-0.06,1.04,-0.18,-7.0,-2.74
-0.07,-0.04,0.63,-0.07,1.03,-0.16,-6.29,-3.81
-0.07,-0.03,0.66,-0.05,1.02,-0.15,-6.41,-2.93
-0.08,-0.01,0.68,-0.03,1.02,-0.15,-6.95,-0.83
-0.08,0.02,0.7,-0.0,1.03,-0.15,-6.28,1.55
-0.1,0.04,0.69,0.01,1.08,-0.17,-8.45,3.26
-0.11,0.03,0.7,0.05,1.1,-0.2,-8.71,2.58
-0.11,0.03,0.72,0.12,1.12,-0.23,-8.53,2.34
-0.11,0.02,0.7,0.16,1.17,-0.28,-8.75,1.92
-0.09,0.02,0.69,0.22,1.2,-0.32,-7.55,1.56
-0.08,0.01,0.68,0.26,1.23,-0.36,-7.09,0.85
-0.09,-0.0,0.64,0.31,1.26,-0.4,-7.87,-0.11
-0.07,-0.01,0.58,0.32,1.3,-0.44,-6.66,-1.05
-0.05,-0.06,0.53,0.3,1.33,-0.48,-5.41,-6.37
-0.04,-0.09,0.46,0.22,1.35,-0.5,-4.64,-11.54
-0.01,-0.15,0.42,0.11,1.35,-0.52,-1.24,-19.03
0.02,-0.2,0.39,-0.04,1.33,-0.51,2.61,-27.32
0.05,-0.25,0.38,-0.2,1.3,-0.49,5.66,-32.44
0.07,-0.28,0.4,-0.39,1.24,-0.44,8.41,-34.3
0.08,-0.31,0.44,-0.56,1.16,-0.39,8.86,-34.31
0.1,-0.33,0.52,-0.72,1.07,-0.32,9.4,-32.05
0.11,-0.34,0.61,-0.86,1.02,-0.26,8.62,-28.82
0.12,-0.34,0.73,-0.93,0.97,-0.18,8.17,-24.63
0.11,-0.31,0.85,-0.97,0.95,-0.11,6.71,-19.88
0.1,-0.26,0.95,-0.9,0.95,-0.06,5.54,-15.32
0.07,-0.2,1.03,-0.83,1.05,-0.04,3.86,-11.22
0.05,-0.15,1.09,-0.67,1.16,-0.05,2.44,-7.79
0.02,-0.1,1.1,-0.5,1.31,-0.09,1.19,-5.44
0.01,-0.09,1.09,-0.33,1.45,-0.14,0.38,-4.72
0.01,-0.09,1.05,-0.19,1.62,-0.21,0.38,-4.9
0.0,-0.1,1.0,-0.1,1.75,-0.27,0.22,-5.89
0.01,-0.12,0.95,-0.02,1.85,-0.32,0.87,-7.49
0.03,-0.17,0.89,0.0,1.91,-0.37,2.22,-10.62
0.06,-0.22,0.85,-0.02,1.93,-0.38,3.66,-14.55
0.08,-0.27,0.82,-0.08,1.92,-0.37,5.41,-18.27
0.1,-0.3,0.82,-0.15,1.83,-0.34,6.71,-20.02
0.12,-0.31,0.85,-0.23,1.68,-0.3,7.76,-19.65
0.12,-0.28,0.84,-0.32,1.55,-0.26,7.77,-17.96
0.14,-0.25,0.88,-0.4,1.42,-0.23,8.82,-15.77
0.11,-0.24,0.81,-0.48,1.32,-0.2,7.31,-16.49
0.11,-0.25,0.86,-0.54,1.2,-0.2,6.9,-16.02
0.1,-0.23,0.96,-0.57,1.14,-0.19,6.04,-13.42
0.1,-0.22,1.05,-0.55,1.09,-0.17,5.59,-11.76
0.09,-0.2,1.09,-0.46,1.11,-0.17,4.7,-10.49
0.08,-0.18,1.13,-0.38,1.19,-0.18,3.93,-8.97
0.08,-0.16,1.15,-0.28,1.31,-0.21,3.94,-7.88
0.08,-0.16,1.15,-0.17,1.45,-0.24,3.98,-7.91
0.08,-0.17,1.13,-0.06,1.57,-0.26,3.98,-8.59
0.09,-0.19,1.08,-0.01,1.7,-0.28,4.84,-10.13
0.12,-0.23,1.02,-0.0,1.81,-0.29,6.57,-12.72
0.14,-0.27,0.98,-0.03,1.88,-0.29,8.11,-15.49
0.15,-0.32,0.95,-0.11,1.9,-0.26,8.76,-18.38
0.16,-0.32,0.95,-0.2,1.88,-0.22,9.17,-18.48
0.16,-0.32,0.98,-0.32,1.83,-0.17,8.84,-17.67
0.16,-0.3,1.01,-0.43,1.76,-0.14,8.51,-16.33
0.15,-0.27,1.05,-0.49,1.66,-0.08,7.82,-14.4
0.14,-0.23,1.1,-0.53,1.57,-0.05,6.95,-11.76
0.11,-0.19,1.13,-0.55,1.48,-0.03,5.32,-9.36
0.07,-0.14,1.17,-0.55,1.46,-0.03,3.6,-6.77
0.04,-0.06,1.22,-0.49,1.43,-0.04,1.79,-2.86
0.02,-0.02,1.24,-0.43,1.47,-0.1,1.09,-0.92
0.02,-0.02,1.23,-0.29,1.49,-0.17,0.78,-0.8
0.02,-0.03,1.21,-0.19,1.61,-0.22,1.02,-1.2
0.02,-0.06,1.2,-0.11,1.71,-0.3,0.84,-2.69
0.03,-0.09,1.18,-0.05,1.83,-0.36,1.62,-4.39
0.07,-0.16,1.13,-0.01,1.92,-0.39,3.42,-8.19
0.1,-0.25,1.1,-0.04,2.0,-0.4,5.08,-12.71
0.12,-0.32,1.08,-0.11,2.03,-0.36,6.16,-16.7
0.13,-0.37,1.09,-0.24,2.01,-0.31,6.48,-18.56
0.15,-0.38,1.12,-0.36,1.94,-0.24,7.16,-18.66
0.15,-0.37,1.14,-0.53,1.87,-0.15,7.19,-17.83
0.15,-0.34,1.17,-0.65,1.77,-0.05,7.09,-16.23
0.13,-0.29,1.22,-0.76,1.67,0.03,6.04,-13.1
0.1,-0.21,1.29,-0.87,1.58,0.1,4.35,-9.18
0.08,-0.12,1.36,-0.89,1.47,0.14,3.29,-5.12
0.05,-0.04,1.42,-0.89,1.43,0.17,2.21,-1.65
0.01,0.02,1.46,-0.83,1.38,0.17,0.43,0.76
-0.04,0.08,1.51,-0.73,1.36,0.16,-1.44,3.21
-0.08,0.15,1.53,-0.57,1.39,0.13,-2.86,5.57
-0.11,0.2,1.54,-0.41,1.48,0.06,-4.06,7.28
-0.13,0.23,1.52,-0.21,1.55,-0.01,-4.86,8.58
-0.14,0.23,1.49,0.01,1.66,-0.09,-5.33,8.68
-0.15,0.2,1.43,0.17,1.78,-0.19,-5.8,7.89
-0.12,0.15,1.35,0.32,1.88,-0.27,-5.19,6.15
-0.07,0.06,1.26,0.4,1.99,-0.34,-3.07,2.72
-0.0,-0.05,1.18,0.41,2.06,-0.38,-0.17,-2.3
0.04,-0.14,1.13,0.34,2.11,-0.39,2.11,-7.05
0.08,-0.22,1.11,0.22,2.12,-0.36,4.15,-11.02
0.11,-0.26,1.1,0.04,2.06,-0.3,5.68,-13.48
0.15,-0.29,1.1,-0.15,1.96,-0.23,7.33,-14.8
0.16,-0.3,1.13,-0.36,1.83,-0.13,8.04,-14.62
0.16,-0.28,1.16,-0.58,1.72,-0.03,7.6,-13.26
0.14,-0.23,1.21,-0.76,1.61,0.07,6.65,-10.81
0.11,-0.14,1.27,-0.91,1.51,0.15,4.8,-6.26
0.06,-0.03,1.35,-1.0,1.39,0.24,2.62,-1.1
0.01,0.08,1.43,-1.04,1.34,0.28,0.24,3.13
-0.05,0.17,1.49,-1.0,1.3,0.29,-2.1,6.56
-0.11,0.27,1.54,-0.91,1.29,0.31,-4.2,9.76
-0.18,0.36,1.57,-0.74,1.31,0.28,-6.34,12.81
-0.22,0.43,1.56,-0.58,1.39,0.22,-7.83,15.31
-0.26,0.48,1.54,-0.36,1.48,0.15,-9.19,17.1
-0.28,0.51,1.5,-0.1,1.58,0.04,-10.13,18.64
-0.28,0.52,1.47,0.13,1.7,-0.08,-10.1,19.08
-0.26,0.48,1.42,0.38,1.81,-0.2,-9.74,18.47
-0.21,0.41,1.34,0.57,1.95,-0.32,-8.69,16.98
-0.17,0.32,1.26,0.71,2.06,-0.41,-7.23,14.22
-0.11,0.21,1.19,0.8,2.13,-0.49,-5.41,10.07
-0.05,0.1,1.13,0.8,2.18,-0.53,-2.72,5.04
0.01,-0.01,1.11,0.71,2.18,-0.53,0.31,-0.58
0.05,-0.12,1.09,0.6,2.11,-0.49,2.73,-6.02
0.08,-0.17,1.09,0.43,2.01,-0.42,4.3,-8.9
0.09,-0.19,1.1,0.23,1.88,-0.33,4.54,-9.86
0.09,-0.2,1.13,0.02,1.72,-0.24,4.57,-10.27
0.08,-0.18,1.16,-0.17,1.54,-0.15,3.78,-8.89
0.08,-0.16,1.2,-0.38,1.38,-0.03,3.62,-7.37
0.05,-0.12,1.26,-0.55,1.2,0.08,2.19,-5.23
0.0,-0.03,1.33,-0.71,1.04,0.2,0.18,-1.21
-0.04,0.07,1.37,-0.82,0.85,0.31,-1.58,3.04
-0.07,0.17,1.4,-0.86,0.69,0.4,-3.03,6.73
-0.12,0.24,1.4,-0.89,0.59,0.45,-4.69,9.83
-0.16,0.32,1.39,-0.9,0.58,0.49,-6.33,12.95
-0.2,0.37,1.38,-0.86,0.57,0.5,-7.9,14.98
-0.25,0.43,1.38,-0.81,0.61,0.49,-9.66,17.2
-0.27,0.49,1.36,-0.75,0.66,0.45,-10.5,19.54
-0.29,0.53,1.33,-0.67,0.73,0.41,-11.38,21.19
-0.3,0.55,1.3,-0.58,0.8,0.36,-11.92,22.31
-0.29,0.53,1.28,-0.52,0.87,0.3,-11.68,22.16
-0.27,0.51,1.25,-0.46,0.92,0.22,-11.13,21.86
-0.24,0.47,1.24,-0.46,0.97,0.17,-10.35,20.47
-0.21,0.43,1.25,-0.5,0.97,0.16,-9.14,18.51
-0.19,0.39,1.28,-0.53,0.92,0.16,-8.0,17.02
-0.17,0.38,1.32,-0.6,0.82,0.17,-7.12,15.94
-0.17,0.39,1.36,-0.68,0.72,0.21,-6.8,15.96
-0.18,0.41,1.39,-0.75,0.57,0.29,-6.98,16.22
-0.19,0.43,1.41,-0.83,0.42,0.35,-7.27,17.03
-0.21,0.47,1.42,-0.9,0.24,0.4,-7.85,18.19
-0.23,0.51,1.43,-0.97,0.1,0.46,-8.66,19.51
-0.27,0.56,1.43,-1.04,0.01,0.5,-9.83,21.03
-0.31,0.62,1.46,-1.08,-0.09,0.55,-11.1,22.59
-0.34,0.7,1.48,-1.06,-0.21,0.57,-11.67,24.72
-0.37,0.76,1.48,-1.06,-0.26,0.55,-12.45,26.58
-0.41,0.82,1.49,-1.03,-0.31,0.53,-13.56,27.78
-0.45,0.86,1.49,-0.99,-0.34,0.51,-14.56,28.9
-0.47,0.9,1.51,-0.91,-0.36,0.46,-15.09,29.6
-0.51,0.92,1.54,-0.83,-0.38,0.42,-15.81,29.66
-0.54,0.97,1.57,-0.73,-0.38,0.36,-16.37,30.4
-0.56,1.01,1.58,-0.61,-0.38,0.3,-16.73,30.93
-0.57,1.02,1.61,-0.45,-0.41,0.24,-16.69,31.0
-0.59,1.02,1.63,-0.3,-0.43,0.14,-16.92,30.6
-0.58,1.01,1.64,-0.17,-0.47,0.09,-16.69,30.21
-0.56,0.99,1.65,-0.02,-0.55,0.03,-16.1,29.66
-0.53,0.98,1.65,0.14,-0.66,-0.04,-15.52,29.57
-0.51,0.96,1.64,0.26,-0.76,-0.1,-14.94,29.15
-0.46,0.92,1.62,0.36,-0.85,-0.16,-13.82,28.64
-0.41,0.87,1.62,0.44,-0.94,-0.22,-12.69,27.43
-0.38,0.82,1.62,0.49,-1.04,-0.27,-11.79,26.17
-0.36,0.77,1.62,0.54,-1.15,-0.32,-11.35,24.9
-0.33,0.71,1.64,0.59,-1.24,-0.36,-10.36,22.92
-0.28,0.66,1.66,0.59,-1.35,-0.38,-9.02,21.32
-0.25,0.6,1.67,0.67,-1.47,-0.46,-7.9,19.63
-0.23,0.55,1.68,0.62,-1.54,-0.39,-7.28,17.96
-0.2,0.49,1.69,0.65,-1.59,-0.41,-6.54,16.05
-0.19,0.45,1.7,0.65,-1.66,-0.41,-6.05,14.8
-0.16,0.41,1.71,0.66,-1.7,-0.41,-5.14,13.4
-0.15,0.38,1.72,0.67,-1.73,-0.4,-4.71,12.45
-0.13,0.36,1.72,0.68,-1.75,-0.39,-4.38,11.73
-0.12,0.33,1.7,0.7,-1.75,-0.39,-3.88,10.9
-0.09,0.29,1.69,0.73,-1.78,-0.4,-3.13,9.58
-0.06,0.23,1.69,0.75,-1.79,-0.41,-2.17,7.86
-0.04,0.19,1.68,0.74,-1.79,-0.42,-1.51,6.41
-0.0,0.14,1.67,0.75,-1.79,-0.4,-0.09,4.81
0.02,0.09,1.67,0.75,-1.83,-0.37,0.79,3.08
0.05,0.03,1.67,0.74,-1.87,-0.35,1.7,1.07
0.08,-0.03,1.67,0.72,-1.93,-0.32,2.61,-1.03
0.1,-0.07,1.68,0.7,-2.02,-0.25,3.3,-2.25
0.1,-0.1,1.69,0.68,-2.15,-0.17,3.39,-3.5
0.11,-0.12,1.68,0.66,-2.28,-0.1,3.79,-3.99
0.11,-0.11,1.64,0.65,-2.37,-0.03,3.94,-3.98
0.11,-0.1,1.61,0.63,-2.43,0.0,3.78,-3.64
0.09,-0.1,1.58,0.65,-2.47,0.03,3.18,-3.51
0.08,-0.1,1.54,0.66,-2.48,0.03,3.13,-3.57
0.1,-0.11,1.52,0.67,-2.47,0.01,3.93,-4.24
0.12,-0.14,1.5,0.66,-2.46,-0.0,4.45,-5.35
0.13,-0.18,1.49,0.69,-2.45,-0.01,4.83,-6.9
0.14,-0.2,1.48,0.68,-2.44,-0.0,5.51,-7.8
0.15,-0.24,1.45,0.69,-2.42,-0.0,5.98,-9.17
0.17,-0.25,1.42,0.7,-2.4,-0.01,6.64,-10.08
0.18,-0.28,1.39,0.69,-2.4,-0.0,7.32,-11.22
0.2,-0.31,1.35,0.68,-2.39,0.0,8.31,-12.66
0.22,-0.33,1.3,0.67,-2.38,0.0,9.21,-13.93
0.23,-0.35,1.24,0.61,-2.36,-0.0,10.01,-15.59
0.25,-0.38,1.22,0.57,-2.33,0.0,10.95,-17.01
0.26,-0.41,1.22,0.51,-2.36,-0.0,11.57,-18.16
0.26,-0.45,1.25,0.43,-2.38,0.02,11.11,-19.4
0.25,-0.48,1.28,0.39,-2.42,0.05,10.53,-20.08
0.27,-0.49,1.3,0.37,-2.46,0.11,10.95,-20.46
0.27,-0.5,1.31,0.37,-2.56,0.17,11.0,-20.45
0.27,-0.53,1.32,0.38,-2.66,0.24,10.57,-21.27
0.25,-0.52,1.33,0.39,-2.72,0.3,10.04,-21.18
0.25,-0.51,1.29,0.42,-2.78,0.37,10.23,-21.08
0.25,-0.49,1.24,0.44,-2.81,0.41,10.65,-21.01
0.24,-0.46,1.2,0.47,-2.81,0.43,10.48,-20.74
0.23,-0.44,1.17,0.49,-2.77,0.44,10.27,-20.42
0.23,-0.44,1.12,0.53,-2.74,0.43,10.68,-21.18
0.24,-0.46,1.07,0.54,-2.65,0.42,11.67,-22.71
0.25,-0.48,1.02,0.53,-2.59,0.42,12.51,-24.68
0.25,-0.5,0.99,0.5,-2.52,0.42,12.75,-26.2
0.25,-0.5,0.98,0.46,-2.48,0.44,12.65,-26.53
0.25,-0.51,0.97,0.45,-2.44,0.44,13.02,-26.89
0.25,-0.51,0.95,0.45,-2.4,0.45,13.12,-27.27
0.24,-0.5,0.95,0.44,-2.35,0.47,12.43,-26.91
0.22,-0.47,0.92,0.44,-2.26,0.48,11.87,-26.26
0.22,-0.46,0.9,0.45,-2.2,0.48,12.39,-26.37
0.22,-0.45,0.86,0.43,-2.1,0.47,12.6,-26.84
0.2,-0.44,0.83,0.44,-2.02,0.46,11.93,-27.13
0.19,-0.42,0.79,0.43,-1.91,0.45,12.06,-27.54
0.19,-0.41,0.73,0.41,-1.82,0.43,12.52,-28.4
0.18,-0.42,0.72,0.38,-1.78,0.43,12.34,-29.52
0.18,-0.44,0.71,0.34,-1.74,0.43,11.83,-30.93
0.17,-0.45,0.7,0.3,-1.73,0.44,11.52,-32.23
0.17,-0.44,0.69,0.27,-1.77,0.49,12.1,-31.71
0.17,-0.42,0.65,0.24,-1.8,0.51,12.13,-31.67
0.15,-0.39,0.62,0.2,-1.84,0.52,11.32,-31.81
0.13,-0.35,0.6,0.14,-1.85,0.52,10.72,-29.99
0.13,-0.34,0.57,0.07,-1.84,0.53,10.98,-30.3
0.12,-0.33,0.56,0.03,-1.83,0.52,10.24,-29.72
0.09,-0.31,0.57,-0.03,-1.81,0.52,8.03,-28.16
0.08,-0.27,0.59,-0.09,-1.73,0.49,7.27,-24.68
0.07,-0.25,0.61,-0.1,-1.67,0.48,6.43,-22.69
0.06,-0.24,0.65,-0.09,-1.62,0.45,4.75,-20.58
0.04,-0.21,0.67,-0.06,-1.57,0.43,3.41,-17.74
0.03,-0.19,0.67,-0.02,-1.48,0.38,2.54,-15.72
0.02,-0.17,0.66,0.03,-1.43,0.37,1.53,-14.32
0.01,-0.15,0.65,0.11,-1.36,0.31,0.47,-12.76
-0.01,-0.14,0.63,0.17,-1.29,0.27,-1.12,-12.14
-0.03,-0.13,0.62,0.21,-1.18,0.22,-3.0,-11.87
-0.03,-0.12,0.57,0.28,-1.08,0.17,-3.21,-11.58
-0.04,-0.11,0.52,0.32,-1.0,0.13,-3.91,-11.76
-0.03,-0.12,0.45,0.36,-0.91,0.08,-3.74,-15.08
-0.03,-0.13,0.4,0.33,-0.8,0.04,-4.24,-17.49
-0.03,-0.13,0.37,0.31,-0.7,0.01,-4.1,-19.9
-0.03,-0.15,0.33,0.28,-0.62,0.0,-4.58,-23.92
-0.02,-0.16,0.29,0.23,-0.54,-0.01,-2.89,-29.27
-0.01,-0.2,0.26,0.13,-0.52,-0.0,-1.61,-36.99
-0.0,-0.24,0.24,0.01,-0.54,0.03,-0.31,-44.93
0.0,-0.24,0.26,-0.12,-0.62,0.09,0.78,-43.16
0.02,-0.3,0.25,-0.27,-0.75,0.18,2.41,-49.32
0.02,-0.3,0.29,-0.41,-0.89,0.29,2.67,-45.58
0.02,-0.29,0.33,-0.52,-1.03,0.42,2.43,-41.32
0.01,-0.26,0.38,-0.61,-1.24,0.56,1.24,-34.9
-0.01,-0.21,0.43,-0.66,-1.39,0.66,-1.73,-25.82
-0.04,-0.14,0.48,-0.69,-1.51,0.75,-4.48,-16.06
-0.06,-0.05,0.52,-0.78,-1.71,0.94,-7.02,-5.8
-0.1,0.02,0.55,-0.7,-1.58,0.83,-9.86,2.03
-0.14,0.07,0.58,-0.65,-1.51,0.79,-13.09,7.12
-0.16,0.12,0.61,-0.61,-1.41,0.76,-14.78,10.89
-0.19,0.16,0.65,-0.54,-1.26,0.68,-16.06,13.49
-0.21,0.19,0.66,-0.45,-1.14,0.61,-16.71,15.31
-0.21,0.2,0.67,-0.37,-1.0,0.53,-16.76,15.62
-0.21,0.2,0.65,-0.31,-0.86,0.45,-16.98,16.0
-0.2,0.19,0.63,-0.26,-0.76,0.37,-17.0,15.6
-0.2,0.17,0.61,-0.23,-0.69,0.31,-17.73,15.24
-0.2,0.17,0.58,-0.19,-0.67,0.26,-17.97,15.2
-0.2,0.17,0.56,-0.22,-0.63,0.21,-18.48,15.98
-0.2,0.18,0.56,-0.2,-0.63,0.17,-18.83,16.62
-0.19,0.17,0.57,-0.21,-0.62,0.14,-17.8,15.8
-0.19,0.16,0.58,-0.2,-0.64,0.09,-17.51,14.5
-0.18,0.13,0.58,-0.2,-0.69,0.07,-16.48,12.37
-0.17,0.11,0.58,-0.21,-0.72,0.07,-16.33,9.89
-0.17,0.09,0.58,-0.2,-0.76,0.08,-16.01,8.11
-0.17,0.08,0.6,-0.2,-0.78,0.1,-15.66,7.49
-0.18,0.11,0.61,-0.17,-0.8,0.12,-15.99,9.89
-0.17,0.11,0.62,-0.17,-0.77,0.11,-15.1,10.13
-0.17,0.14,0.62,-0.14,-0.76,0.11,-15.08,12.03
-0.18,0.16,0.62,-0.13,-0.72,0.1,-15.72,13.62
-0.2,0.16,0.62,-0.11,-0.7,0.08,-17.14,13.94
-0.21,0.17,0.63,-0.11,-0.65,0.07,-18.22,14.38
-0.22,0.17,0.63,-0.09,-0.61,0.06,-18.73,13.92
-0.22,0.16,0.65,-0.06,-0.58,0.04,-18.13,13.41
-0.21,0.17,0.66,-0.03,-0.58,0.03,-17.5,13.72
-0.22,0.16,0.65,-0.02,-0.55,0.01,-18.16,13.29
-0.23,0.16,0.64,-0.0,-0.52,0.0,-18.81,13.5
-0.23,0.15,0.65,0.04,-0.52,0.0,-18.95,12.63
-0.22,0.14,0.65,0.07,-0.47,-0.02,-18.39,11.67
-0.21,0.14,0.66,0.11,-0.46,-0.02,-17.7,11.04
-0.19,0.14,0.62,0.14,-0.4,-0.03,-16.73,12.22
-0.19,0.13,0.6,0.16,-0.38,-0.02,-16.99,12.09
-0.19,0.13,0.58,0.17,-0.38,-0.02,-17.4,11.99
-0.2,0.13,0.58,0.17,-0.35,-0.02,-18.49,12.22
-0.19,0.13,0.59,0.16,-0.31,-0.01,-17.83,12.21
-0.18,0.14,0.6,0.18,-0.29,-0.01,-16.61,12.67
-0.19,0.14,0.59,0.22,-0.26,0.0,-17.06,12.86
-0.2,0.15,0.59,0.27,-0.2,-0.0,-17.93,13.9
-0.2,0.15,0.58,0.3,-0.14,-0.0,-18.72,14.13
-0.21,0.16,0.57,0.31,-0.05,0.01,-19.85,14.56
-0.22,0.16,0.57,0.36,0.03,0.0,-20.23,14.32
-0.22,0.16,0.56,0.41,0.1,0.01,-20.21,14.68
-0.21,0.16,0.55,0.43,0.2,0.02,-20.04,15.69
-0.21,0.18,0.53,0.47,0.27,0.02,-20.25,17.64
-0.21,0.2,0.49,0.52,0.32,0.03,-21.86,20.58
-0.23,0.22,0.47,0.52,0.38,0.03,-23.79,22.66
-0.23,0.22,0.44,0.53,0.44,0.02,-24.98,23.74
-0.24,0.22,0.41,0.51,0.45,0.02,-27.24,24.92
-0.24,0.21,0.39,0.48,0.46,0.02,-28.27,24.68
-0.24,0.21,0.38,0.44,0.45,0.02,-28.54,25.53
-0.24,0.22,0.38,0.39,0.45,0.02,-28.27,26.33
-0.24,0.23,0.39,0.35,0.48,0.02,-28.25,27.07
-0.24,0.25,0.4,0.31,0.48,0.02,-27.25,28.17
-0.25,0.25,0.39,0.28,0.48,0.0,-28.11,28.8
-0.25,0.25,0.39,0.26,0.52,-0.03,-28.53,28.66
-0.25,0.24,0.39,0.22,0.54,-0.07,-28.59,27.86
-0.24,0.23,0.38,0.18,0.59,-0.08,-28.19,27.23
-0.22,0.22,0.39,0.12,0.64,-0.11,-26.12,25.68
-0.2,0.19,0.4,0.11,0.66,-0.13,-24.17,22.68
-0.19,0.17,0.4,0.08,0.71,-0.15,-23.09,20.86
-0.17,0.15,0.41,0.05,0.73,-0.15,-21.8,18.2
-0.17,0.13,0.41,0.01,0.75,-0.15,-21.34,16.75
-0.16,0.12,0.42,-0.01,0.78,-0.16,-20.53,15.21
-0.15,0.11,0.44,-0.05,0.82,-0.17,-18.63,13.01
-0.14,0.09,0.44,-0.07,0.85,-0.19,-16.81,10.85
-0.13,0.06,0.44,-0.12,0.84,-0.17,-15.76,7.34
-0.12,0.03,0.46,-0.17,0.83,-0.17,-14.5,3.57
-0.12,0.02,0.47,-0.2,0.82,-0.15,-14.19,2.6
-0.09,-0.01,0.51,-0.24,0.78,-0.13,-9.86,-1.62
-0.12,-0.01,0.49,-0.28,0.77,-0.12,-14.3,-1.54
-0.11,-0.04,0.52,-0.33,0.74,-0.11,-12.32,-4.44
-0.08,-0.04,0.58,-0.33,0.73,-0.09,-8.14,-4.24
-0.07,-0.03,0.62,-0.34,0.74,-0.06,-6.1,-3.06
-0.07,-0.02,0.66,-0.29,0.77,-0.06,-5.77,-1.65
-0.07,-0.01,0.68,-0.24,0.78,-0.07,-6.14,-0.75
-0.09,-0.01,0.69,-0.22,0.85,-0.1,-7.61,-0.88
-0.1,-0.01,0.69,-0.2,0.91,-0.13,-7.93,-1.22
-0.09,-0.02,0.69,-0.18,0.97,-0.17,-7.32,-1.82
-0.05,-0.03,0.7,-0.14,1.02,-0.19,-4.43,-2.84
-0.04,-0.05,0.69,-0.13,1.06,-0.23,-3.47,-4.21
-0.02,-0.08,0.67,-0.14,1.09,-0.24,-1.47,-6.76
-0.02,-0.1,0.63,-0.15,1.11,-0.24,-1.77,-8.6
-0.01,-0.1,0.63,-0.18,1.12,-0.24,-0.48,-9.47
-0.0,-0.13,0.65,-0.23,1.16,-0.25,-0.43,-11.5
0.01,-0.15,0.64,-0.28,1.18,-0.23,0.46,-13.24
0.02,-0.15,0.67,-0.31,1.2,-0.22,1.56,-13.02
0.03,-0.16,0.67,-0.31,1.19,-0.19,2.71,-13.69
0.03,-0.17,0.67,-0.35,1.23,-0.17,2.46,-14.3
0.04,-0.19,0.7,-0.35,1.25,-0.15,2.99,-15.04
0.03,-0.21,0.76,-0.38,1.3,-0.12,2.05,-15.77
0.03,-0.23,0.8,-0.31,1.48,-0.23,2.2,-16.1
0.04,-0.21,0.85,-0.32,1.35,-0.05,2.75,-13.95
0.04,-0.18,0.87,-0.26,1.4,-0.03,2.67,-11.54
0.03,-0.15,0.88,-0.19,1.44,-0.02,1.74,-9.43
0.02,-0.13,0.88,-0.11,1.48,-0.03,1.51,-8.19
0.02,-0.11,0.88,-0.05,1.53,-0.05,1.39,-7.12
0.02,-0.09,0.87,0.02,1.61,-0.08,1.47,-6.16
0.02,-0.09,0.85,0.08,1.65,-0.12,1.57,-5.76
0.03,-0.08,0.81,0.1,1.7,-0.15,1.82,-5.4
0.02,-0.08,0.77,0.13,1.71,-0.17,1.62,-5.71
0.03,-0.08,0.73,0.12,1.73,-0.21,2.23,-6.33
0.04,-0.09,0.7,0.08,1.71,-0.24,2.85,-6.99
0.05,-0.1,0.67,0.03,1.69,-0.26,4.23,-8.74
0.06,-0.13,0.66,-0.03,1.64,-0.28,5.5,-11.18
0.08,-0.15,0.66,-0.12,1.64,-0.29,6.45,-13.04
0.09,-0.18,0.69,-0.2,1.61,-0.29,7.54,-14.31
0.11,-0.21,0.73,-0.26,1.58,-0.28,7.89,-16.02
0.12,-0.23,0.78,-0.31,1.58,-0.27,8.16,-16.12
0.12,-0.22,0.82,-0.36,1.57,-0.25,8.08,-14.8
0.12,-0.21,0.84,-0.34,1.58,-0.24,7.67,-13.54
0.11,-0.2,0.87,-0.31,1.61,-0.26,7.1,-12.62
0.11,-0.2,0.87,-0.29,1.67,-0.28,6.73,-12.57
0.12,-0.21,0.87,-0.29,1.77,-0.3,7.85,-13.46
0.15,-0.24,0.83,-0.29,1.81,-0.3,9.73,-16.1
0.17,-0.29,0.82,-0.34,1.84,-0.29,10.85,-19.05
0.17,-0.32,0.82,-0.4,1.83,-0.26,11.16,-20.86
0.19,-0.34,0.84,-0.46,1.82,-0.22,11.52,-21.56
0.18,-0.34,0.89,-0.52,1.78,-0.16,10.82,-20.81
0.17,-0.32,0.92,-0.55,1.73,-0.11,9.73,-19.02
0.17,-0.3,0.95,-0.56,1.66,-0.05,9.66,-17.07
0.16,-0.26,0.92,-0.58,1.64,-0.03,9.75,-15.79
0.16,-0.27,0.9,-0.65,1.63,-0.01,9.93,-16.59
0.14,-0.23,0.95,-0.72,1.6,0.01,8.21,-13.6
0.12,-0.19,1.03,-0.73,1.55,0.01,6.35,-10.36
0.09,-0.14,1.07,-0.74,1.52,0.01,4.53,-7.19
0.07,-0.1,1.09,-0.74,1.52,-0.01,3.85,-5.43
0.06,-0.1,1.11,-0.71,1.47,-0.05,2.83,-5.05
0.03,-0.1,1.13,-0.68,1.44,-0.07,1.73,-4.94
0.01,-0.09,1.16,-0.62,1.42,-0.11,0.49,-4.33
-0.01,-0.08,1.17,-0.55,1.44,-0.16,-0.32,-4.09
-0.02,-0.09,1.17,-0.47,1.48,-0.2,-0.8,-4.57
-0.03,-0.11,1.18,-0.37,1.49,-0.25,-1.35,-5.47
-0.04,-0.14,1.18,-0.27,1.56,-0.29,-1.73,-6.79
-0.01,-0.16,1.19,-0.18,1.64,-0.34,-0.67,-7.48
0.02,-0.16,1.2,-0.05,1.7,-0.37,0.79,-7.62
0.06,-0.2,1.19,0.06,1.79,-0.4,2.71,-9.62
0.08,-0.24,1.16,0.14,1.9,-0.43,3.89,-11.54
0.1,-0.29,1.13,0.19,2.01,-0.43,5.05,-14.61
0.13,-0.31,1.08,0.2,2.07,-0.42,6.6,-16.07
0.17,-0.37,1.04,0.17,2.15,-0.39,8.72,-19.45
0.2,-0.41,1.02,0.09,2.17,-0.34,10.16,-21.65
0.21,-0.43,1.02,-0.02,2.21,-0.27,10.8,-22.28
0.23,-0.44,1.02,-0.18,2.18,-0.18,11.51,-22.78
0.22,-0.44,1.03,-0.34,2.12,-0.08,11.18,-22.71
0.2,-0.41,1.08,-0.44,1.98,0.02,9.58,-20.46
0.15,-0.35,1.12,-0.58,1.9,0.09,7.47,-17.27
0.1,-0.26,1.19,-0.66,1.79,0.18,4.56,-12.22
0.03,-0.16,1.24,-0.68,1.67,0.22,1.47,-7.18
-0.03,-0.05,1.27,-0.67,1.6,0.23,-1.26,-2.4
-0.08,0.03,1.31,-0.59,1.55,0.21,-3.41,1.27
-0.13,0.09,1.34,-0.51,1.55,0.15,-5.37,4.0
-0.17,0.16,1.35,-0.32,1.57,0.06,-7.01,6.61
-0.17,0.18,1.35,-0.13,1.63,-0.07,-7.19,7.54
-0.16,0.15,1.32,0.06,1.74,-0.19,-6.8,6.49
-0.12,0.09,1.29,0.21,1.87,-0.3,-5.42,3.8
-0.08,0.01,1.26,0.34,1.98,-0.39,-3.42,0.51
-0.02,-0.06,1.22,0.42,2.04,-0.44,-1.07,-2.98
0.03,-0.13,1.18,0.47,2.12,-0.48,1.67,-6.33
0.1,-0.21,1.13,0.46,2.15,-0.47,4.85,-10.64
0.16,-0.29,1.07,0.38,2.18,-0.44,8.0,-15.07
0.2,-0.37,1.04,0.26,2.17,-0.38,10.43,-19.42
0.23,-0.42,1.03,0.09,2.14,-0.28,11.89,-21.84
0.25,-0.43,1.04,-0.12,2.12,-0.17,12.56,-21.98
0.24,-0.39,1.07,-0.32,2.03,-0.05,11.92,-19.76
0.21,-0.33,1.12,-0.52,1.94,0.07,9.98,-16.17
0.15,-0.23,1.19,-0.66,1.87,0.15,7.08,-10.85
0.08,-0.09,1.27,-0.77,1.81,0.24,3.56,-4.14
-0.0,0.04,1.34,-0.76,1.71,0.29,-0.18,1.92
-0.08,0.2,1.38,-0.71,1.65,0.27,-3.17,8.16
-0.13,0.31,1.4,-0.6,1.61,0.24,-5.31,12.49
-0.17,0.37,1.37,-0.46,1.68,0.14,-6.89,15.14
-0.21,0.38,1.34,-0.28,1.74,0.02,-8.62,15.43
-0.22,0.33,1.32,-0.14,1.83,-0.1,-9.12,13.95
-0.19,0.28,1.31,-0.03,1.91,-0.21,-8.11,11.99
-0.15,0.21,1.29,0.06,1.97,-0.29,-6.6,9.13
-0.12,0.15,1.28,0.11,1.98,-0.34,-5.16,6.46
-0.08,0.06,1.25,0.14,1.96,-0.37,-3.81,2.92
-0.07,0.03,1.25,0.12,1.95,-0.38,-3.16,1.26
-0.06,0.0,1.24,0.12,1.93,-0.37,-2.55,0.09
-0.05,-0.0,1.24,0.08,1.93,-0.38,-2.1,-0.08
-0.02,-0.01,1.23,0.04,1.94,-0.38,-1.01,-0.58
0.01,-0.04,1.24,-0.01,1.92,-0.36,0.34,-1.89
0.03,-0.07,1.27,-0.1,1.92,-0.33,1.52,-3.06
0.06,-0.08,1.3,-0.22,1.87,-0.26,2.6,-3.41
0.08,-0.06,1.33,-0.31,1.8,-0.18,3.33,-2.58
0.08,-0.03,1.36,-0.42,1.79,-0.11,3.3,-1.42
0.05,0.03,1.42,-0.52,1.79,-0.03,2.17,1.25
0.01,0.11,1.46,-0.62,1.8,0.05,0.21,4.45
-0.06,0.2,1.48,-0.66,1.78,0.12,-2.11,7.55
-0.13,0.29,1.5,-0.67,1.78,0.19,-4.77,11.04
-0.21,0.41,1.5,-0.63,1.81,0.21,-7.86,15.12
-0.31,0.55,1.48,-0.56,1.92,0.21,-11.18,19.89
-0.41,0.69,1.43,-0.43,2.05,0.16,-14.46,24.82
-0.5,0.81,1.39,-0.25,2.21,0.04,-17.19,28.86
-0.55,0.88,1.35,-0.06,2.39,-0.12,-18.87,31.14
-0.55,0.89,1.31,0.15,2.53,-0.29,-19.24,31.84
-0.52,0.86,1.3,0.38,2.58,-0.44,-18.5,31.56
-0.47,0.8,1.28,0.54,2.59,-0.57,-17.08,30.43
-0.38,0.72,1.27,0.66,2.55,-0.67,-14.72,28.43
-0.28,0.61,1.24,0.72,2.46,-0.74,-11.54,25.77
-0.19,0.5,1.22,0.71,2.31,-0.76,-8.43,22.2
-0.12,0.4,1.17,0.61,2.12,-0.77,-5.5,18.57
-0.05,0.27,1.17,0.44,1.87,-0.76,-2.25,12.75
0.01,0.19,1.19,0.21,1.62,-0.7,0.29,8.85
0.02,0.16,1.22,-0.07,1.34,-0.61,1.12,7.27
0.03,0.15,1.25,-0.36,1.02,-0.51,1.22,6.82
0.01,0.16,1.3,-0.65,0.7,-0.4,0.26,7.23
-0.03,0.2,1.36,-0.92,0.46,-0.32,-1.13,8.5
-0.09,0.28,1.43,-1.17,0.17,-0.22,-3.56,10.89
-0.16,0.38,1.51,-1.36,-0.05,-0.13,-5.93,13.88
-0.24,0.49,1.58,-1.49,-0.23,-0.04,-8.22,17.0
-0.31,0.57,1.65,-1.57,-0.36,0.01,-10.12,18.78
-0.41,0.65,1.76,-1.61,-0.47,0.09,-12.3,19.78
-0.5,0.72,1.82,-1.59,-0.55,0.16,-14.36,20.98
-0.58,0.83,1.92,-1.5,-0.63,0.23,-15.65,22.42
-0.62,0.88,1.92,-1.35,-0.66,0.29,-16.44,23.62
-0.65,0.9,1.86,-1.15,-0.67,0.32,-17.41,24.6
-0.68,0.92,1.81,-0.92,-0.72,0.33,-18.4,25.38
-0.69,0.94,1.76,-0.64,-0.71,0.29,-19.09,26.51
-0.71,0.95,1.74,-0.4,-0.73,0.23,-19.59,26.87
-0.71,0.96,1.72,-0.16,-0.71,0.17,-19.7,27.4
-0.7,0.97,1.71,0.08,-0.73,0.1,-19.66,27.6
-0.68,0.97,1.72,0.29,-0.75,0.01,-18.98,27.64
-0.65,0.96,1.75,0.47,-0.76,-0.08,-18.17,27.12
-0.61,0.91,1.77,0.64,-0.8,-0.14,-17.01,26.03
-0.54,0.83,1.75,0.74,-0.86,-0.17,-15.47,24.41
-0.47,0.76,1.73,0.84,-0.96,-0.2,-13.94,22.98
-0.4,0.69,1.7,0.89,-1.05,-0.22,-12.34,21.63
-0.35,0.63,1.68,0.91,-1.17,-0.23,-10.89,20.24
-0.3,0.58,1.67,0.91,-1.29,-0.23,-9.61,18.97
-0.25,0.53,1.66,0.91,-1.41,-0.22,-8.18,17.49
-0.21,0.46,1.65,0.89,-1.51,-0.22,-6.89,15.61
-0.17,0.43,1.64,0.85,-1.61,-0.21,-5.85,14.5
-0.16,0.4,1.64,0.82,-1.71,-0.2,-5.28,13.64
-0.12,0.36,1.63,0.81,-1.8,-0.21,-4.27,12.45
-0.1,0.32,1.63,0.78,-1.87,-0.2,-3.33,11.17
-0.06,0.26,1.64,0.75,-1.92,-0.19,-2.23,9.13
-0.05,0.24,1.64,0.71,-1.99,-0.19,-1.78,8.18
-0.02,0.19,1.63,0.67,-2.01,-0.17,-0.82,6.8
-0.0,0.15,1.64,0.64,-2.05,-0.16,-0.1,5.33
0.02,0.12,1.66,0.59,-2.08,-0.14,0.62,4.07
0.02,0.09,1.7,0.56,-2.12,-0.1,0.61,3.0
0.04,0.08,1.73,0.55,-2.18,-0.06,1.21,2.52
0.06,0.06,1.73,0.54,-2.24,-0.0,2.06,2.04
0.07,0.04,1.72,0.55,-2.27,0.03,2.47,1.2
0.07,0.03,1.71,0.55,-2.3,0.08,2.27,1.02
0.07,0.03,1.7,0.57,-2.33,0.11,2.38,0.96
0.08,0.02,1.67,0.59,-2.34,0.13,2.87,0.78
0.11,0.0,1.64,0.63,-2.34,0.15,3.74,0.11
0.12,-0.02,1.61,0.65,-2.33,0.15,4.13,-0.67
0.14,-0.04,1.58,0.66,-2.34,0.15,5.08,-1.56
0.18,-0.08,1.54,0.66,-2.35,0.16,6.55,-3.07
0.18,-0.11,1.5,0.65,-2.33,0.16,6.79,-4.17
0.19,-0.13,1.46,0.61,-2.33,0.15,7.39,-4.89
0.2,-0.13,1.42,0.58,-2.36,0.15,7.86,-5.24
0.21,-0.15,1.39,0.55,-2.39,0.14,8.46,-6.2
0.23,-0.18,1.35,0.51,-2.41,0.12,9.45,-7.47
0.25,-0.22,1.33,0.45,-2.47,0.12,10.39,-9.12
0.26,-0.25,1.31,0.4,-2.49,0.11,11.16,-10.72
0.28,-0.28,1.29,0.33,-2.54,0.12,11.81,-12.06
0.29,-0.31,1.26,0.28,-2.55,0.11,12.53,-13.61
0.3,-0.36,1.27,0.21,-2.59,0.11,12.71,-15.21
0.29,-0.39,1.32,0.13,-2.65,0.15,11.82,-16.28
0.28,-0.41,1.36,0.12,-2.72,0.14,10.99,-16.48
0.26,-0.39,1.39,0.1,-2.77,0.28,10.24,-15.65
0.26,-0.37,1.37,0.1,-2.81,0.33,10.4,-14.7
0.26,-0.36,1.33,0.15,-2.81,0.36,10.64,-14.87
0.24,-0.36,1.29,0.16,-2.81,0.37,10.05,-15.57
0.22,-0.35,1.27,0.19,-2.79,0.38,9.57,-15.38
0.22,-0.32,1.25,0.22,-2.75,0.35,9.83,-14.26
0.23,-0.31,1.21,0.25,-2.71,0.32,10.39,-14.3
0.23,-0.33,1.16,0.28,-2.67,0.28,10.9,-15.54
0.23,-0.34,1.13,0.32,-2.63,0.26,10.85,-16.26
0.22,-0.34,1.09,0.32,-2.58,0.22,11.02,-17.16
0.23,-0.35,1.05,0.34,-2.56,0.19,11.71,-17.93
0.24,-0.36,1.02,0.35,-2.55,0.15,12.3,-18.92
0.23,-0.37,0.99,0.39,-2.54,0.12,12.56,-20.07
0.22,-0.38,0.95,0.39,-2.55,0.1,12.28,-21.17
0.22,-0.39,0.93,0.41,-2.54,0.06,12.19,-22.39
0.22,-0.41,0.9,0.42,-2.48,0.03,12.48,-24.12
0.22,-0.44,0.87,0.45,-2.41,0.02,12.69,-25.95
0.24,-0.46,0.82,0.44,-2.3,-0.02,14.21,-28.09
0.26,-0.48,0.77,0.42,-2.17,-0.03,16.19,-30.49
0.28,-0.51,0.71,0.4,-2.06,-0.04,17.98,-33.52
0.29,-0.53,0.67,0.35,-1.96,-0.03,18.53,-36.17
0.27,-0.55,0.62,0.27,-1.86,-0.02,18.02,-38.8
0.27,-0.55,0.56,0.14,-1.77,-0.01,18.85,-41.26
0.26,-0.56,0.55,0.05,-1.76,-0.01,18.69,-42.53
0.26,-0.59,0.56,-0.09,-1.77,0.02,17.71,-43.67
0.27,-0.65,0.6,-0.22,-1.88,0.08,17.01,-44.59
0.27,-0.69,0.65,-0.35,-2.04,0.2,16.1,-44.6
0.28,-0.7,0.7,-0.44,-2.21,0.33,15.61,-42.91
0.25,-0.65,0.72,-0.52,-2.39,0.48,14.21,-40.22
0.21,-0.56,0.75,-0.56,-2.51,0.6,12.59,-35.97
0.16,-0.45,0.76,-0.59,-2.53,0.67,10.33,-30.34
0.12,-0.37,0.77,-0.59,-2.54,0.7,7.96,-25.63
0.07,-0.29,0.78,-0.56,-2.51,0.69,5.14,-20.34
0.04,-0.23,0.79,-0.55,-2.43,0.65,3.06,-16.14
0.01,-0.18,0.82,-0.48,-2.36,0.6,0.99,-12.65
0.0,-0.15,0.82,-0.44,-2.26,0.53,0.18,-10.17
-0.01,-0.13,0.84,-0.34,-2.18,0.45,-0.71,-8.97
-0.01,-0.13,0.84,-0.26,-2.12,0.38,-0.48,-9.04
-0.01,-0.15,0.82,-0.19,-2.03,0.3,-0.96,-10.11
-0.01,-0.15,0.8,-0.12,-2.0,0.24,-0.65,-10.89
-0.01,-0.17,0.8,-0.05,-1.98,0.2,-0.74,-11.7
0.01,-0.18,0.79,0.03,-1.94,0.14,0.71,-13.24
0.01,-0.19,0.79,0.08,-1.89,0.11,0.98,-13.94
0.02,-0.21,0.79,0.16,-1.88,0.09,1.23,-15.23
0.02,-0.21,0.77,0.23,-1.84,0.06,1.64,-15.53
0.02,-0.21,0.77,0.3,-1.8,0.05,1.29,-15.63
0.02,-0.23,0.75,0.38,-1.7,0.03,1.51,-16.86
0.02,-0.23,0.74,0.45,-1.67,0.03,1.71,-17.44
0.03,-0.22,0.71,0.54,-1.63,0.02,2.4,-17.45
0.03,-0.22,0.67,0.62,-1.57,0.02,2.7,-17.91
0.04,-0.22,0.62,0.66,-1.48,0.01,3.05,-19.25
0.02,-0.21,0.59,0.72,-1.41,0.02,2.08,-19.89
0.01,-0.2,0.56,0.78,-1.34,0.02,1.24,-20.14
0.0,-0.2,0.52,0.82,-1.26,0.04,0.36,-21.39
0.0,-0.2,0.49,0.85,-1.16,0.06,0.2,-21.63
0.0,-0.2,0.47,0.88,-1.07,0.07,0.38,-23.09
0.01,-0.18,0.44,0.92,-1.0,0.09,0.65,-22.5
0.0,-0.16,0.39,0.91,-0.94,0.15,0.46,-22.85
-0.0,-0.14,0.35,0.93,-0.85,0.18,-0.26,-21.9
-0.01,-0.12,0.31,0.91,-0.79,0.21,-1.33,-21.43
-0.02,-0.11,0.28,0.9,-0.77,0.25,-3.96,-22.14
-0.03,-0.11,0.25,0.84,-0.76,0.3,-7.18,-22.78
-0.05,-0.09,0.23,0.77,-0.73,0.34,-11.55,-21.92
-0.07,-0.07,0.21,0.69,-0.77,0.39,-17.9,-17.57
-0.09,-0.05,0.22,0.59,-0.79,0.43,-22.75,-11.68
-0.12,-0.01,0.22,0.51,-0.84,0.48,-28.71,-2.46
-0.14,0.04,0.22,0.41,-0.88,0.5,-32.23,7.93
-0.16,0.09,0.24,0.29,-0.91,0.52,-32.28,17.53
-0.19,0.13,0.25,0.2,-0.97,0.52,-34.04,21.47
-0.22,0.15,0.28,0.16,-0.92,0.37,-34.42,22.68
-0.24,0.17,0.31,-0.01,-1.09,0.48,-33.37,23.78
-0.25,0.2,0.34,-0.07,-1.17,0.46,-32.38,25.79
-0.27,0.22,0.38,-0.16,-1.22,0.44,-31.6,25.11
-0.28,0.22,0.42,-0.3,-1.4,0.54,-31.14,23.43
-0.28,0.23,0.47,-0.29,-1.26,0.39,-28.31,22.85
-0.28,0.25,0.53,-0.27,-1.2,0.34,-25.39,22.23
-0.28,0.27,0.58,-0.24,-1.15,0.3,-23.8,22.73
-0.29,0.29,0.61,-0.2,-1.08,0.23,-23.1,23.41
-0.3,0.32,0.64,-0.14,-1.0,0.16,-23.16,24.2
-0.31,0.34,0.64,-0.11,-0.9,0.07,-23.38,25.49
-0.32,0.35,0.63,-0.09,-0.81,-0.01,-23.87,26.56
-0.31,0.36,0.61,-0.05,-0.72,-0.12,-23.82,27.74
-0.31,0.35,0.59,-0.04,-0.65,-0.21,-24.44,27.97
-0.3,0.33,0.59,-0.03,-0.58,-0.3,-23.81,26.51
-0.29,0.29,0.58,-0.03,-0.55,-0.35,-23.99,24.22
-0.27,0.23,0.58,-0.04,-0.51,-0.4,-22.92,19.53
-0.23,0.19,0.59,-0.04,-0.5,-0.43,-20.61,16.66
-0.22,0.12,0.58,-0.03,-0.49,-0.43,-19.88,10.84
-0.2,0.08,0.57,0.01,-0.49,-0.38,-19.06,7.76
-0.19,0.04,0.59,0.06,-0.5,-0.33,-17.93,3.54
-0.2,0.03,0.6,0.11,-0.5,-0.27,-18.1,3.05
-0.2,0.01,0.61,0.18,-0.45,-0.21,-17.74,0.95
-0.2,0.03,0.62,0.25,-0.4,-0.14,-17.54,2.61
-0.2,0.05,0.63,0.35,-0.37,-0.1,-17.88,4.08
-0.21,0.09,0.63,0.43,-0.27,-0.09,-18.43,7.69
-0.24,0.13,0.59,0.52,-0.17,-0.07,-21.71,11.39
-0.25,0.15,0.55,0.58,-0.03,-0.08,-23.18,14.16
-0.26,0.16,0.51,0.62,0.08,-0.09,-25.99,15.61
-0.25,0.17,0.47,0.64,0.17,-0.1,-27.14,17.8
-0.26,0.17,0.42,0.65,0.28,-0.13,-29.24,19.11
-0.25,0.16,0.39,0.61,0.37,-0.15,-30.91,19.4
-0.25,0.16,0.34,0.57,0.42,-0.14,-33.68,20.46
-0.25,0.13,0.31,0.52,0.43,-0.13,-36.39,18.07
-0.24,0.1,0.3,0.45,0.45,-0.12,-37.99,14.91
-0.24,0.08,0.28,0.38,0.44,-0.08,-38.74,12.42
-0.21,0.06,0.28,0.29,0.42,-0.03,-36.19,10.2
-0.2,0.05,0.29,0.2,0.37,0.03,-34.13,8.74
-0.19,0.06,0.32,0.11,0.34,0.07,-30.81,8.96
-0.2,0.08,0.36,0.05,0.33,0.11,-27.92,10.9
-0.19,0.11,0.4,0.0,0.34,0.15,-24.4,14.52
-0.19,0.14,0.42,-0.01,0.35,0.15,-23.38,17.1
-0.2,0.16,0.43,-0.05,0.38,0.16,-23.04,19.13
-0.21,0.19,0.44,-0.09,0.47,0.13,-23.94,20.94
-0.22,0.2,0.45,-0.12,0.49,0.11,-23.96,21.88
-0.22,0.2,0.47,-0.17,0.55,0.07,-23.06,21.67
-0.21,0.2,0.49,-0.21,0.57,0.03,-21.53,20.88
-0.19,0.19,0.51,-0.24,0.62,-0.0,-19.63,18.7
-0.18,0.15,0.54,-0.26,0.63,-0.02,-17.51,14.55
-0.16,0.11,0.56,-0.28,0.61,-0.02,-15.67,11.04
-0.15,0.08,0.59,-0.3,0.59,-0.01,-13.82,7.47
-0.13,0.07,0.61,-0.31,0.6,-0.02,-12.1,6.61
-0.13,0.06,0.65,-0.3,0.61,0.01,-11.1,4.96
-0.12,0.05,0.71,-0.28,0.63,0.02,-9.79,3.75
-0.13,0.07,0.73,-0.23,0.68,0.02,-9.82,5.15
-0.12,0.08,0.77,-0.19,0.75,0.0,-8.47,6.12
-0.1,0.09,0.79,-0.07,0.79,0.0,-7.07,6.17
-0.14,0.12,0.74,-0.0,0.93,-0.07,-10.35,8.86
-0.13,0.1,0.71,0.04,0.95,-0.07,-10.67,8.14
-0.11,0.07,0.72,0.12,1.03,-0.11,-8.68,5.85
-0.08,0.05,0.72,0.16,1.07,-0.12,-6.33,3.82
-0.07,0.03,0.71,0.19,1.11,-0.13,-5.46,2.49
-0.07,0.01,0.7,0.25,1.07,-0.11,-5.65,1.19
-0.08,0.01,0.68,0.29,1.07,-0.11,-6.9,0.86
-0.09,0.02,0.68,0.31,1.07,-0.09,-7.78,1.49
-0.09,0.03,0.67,0.33,1.06,-0.11,-7.88,2.67
-0.1,0.06,0.66,0.36,1.08,-0.13,-8.27,4.99
-0.1,0.08,0.63,0.37,1.1,-0.16,-9.11,7.42
-0.11,0.1,0.6,0.34,1.14,-0.21,-10.21,9.3
-0.12,0.1,0.58,0.32,1.15,-0.25,-11.72,10.02
-0.12,0.09,0.55,0.29,1.16,-0.32,-11.73,9.21
-0.08,0.08,0.56,0.24,1.17,-0.36,-8.45,7.8
-0.07,0.06,0.54,0.19,1.19,-0.41,-7.13,6.05
-0.05,0.05,0.56,0.16,1.17,-0.43,-5.19,4.92
-0.04,0.05,0.57,0.12,1.19,-0.48,-3.98,5.47
-0.03,0.06,0.57,0.08,1.19,-0.51,-2.61,6.46
-0.02,0.04,0.56,0.07,1.2,-0.57,-2.03,4.54
-0.0,0.02,0.57,0.03,1.23,-0.6,-0.3,1.83
0.02,-0.02,0.6,0.01,1.22,-0.63,1.92,-1.93
0.03,-0.06,0.63,-0.0,1.23,-0.65,3.18,-5.02
0.06,-0.07,0.65,0.0,1.24,-0.66,5.24,-6.44
0.06,-0.09,0.66,-0.02,1.23,-0.65,5.0,-7.96
0.06,-0.1,0.68,-0.01,1.22,-0.65,5.34,-8.11
0.06,-0.11,0.7,0.0,1.19,-0.65,4.63,-8.66
0.04,-0.09,0.73,0.01,1.18,-0.64,2.81,-6.97
0.03,-0.06,0.73,0.05,1.17,-0.66,2.15,-5.04
0.03,-0.05,0.72,0.1,1.18,-0.69,2.07,-3.83
0.01,-0.06,0.69,0.13,1.2,-0.73,1.0,-4.64
-0.0,-0.08,0.67,0.15,1.25,-0.79,-0.3,-6.86
0.0,-0.11,0.62,0.15,1.3,-0.83,0.32,-10.09
0.03,-0.15,0.55,0.12,1.34,-0.86,3.39,-14.88
0.06,-0.19,0.47,0.07,1.33,-0.88,7.16,-22.04
0.08,-0.26,0.42,-0.08,1.31,-0.86,9.68,-31.28
0.1,-0.32,0.4,-0.26,1.26,-0.83,11.13,-37.86
0.13,-0.37,0.41,-0.44,1.13,-0.77,12.91,-40.78
0.16,-0.39,0.43,-0.67,0.98,-0.7,15.26,-40.48
0.19,-0.38,0.45,-0.86,0.8,-0.61,17.51,-38.47
0.21,-0.38,0.48,-1.05,0.66,-0.53,18.72,-36.21
0.21,-0.4,0.52,-1.26,0.53,-0.46,17.35,-35.65
0.21,-0.43,0.6,-1.41,0.4,-0.37,15.64,-33.74
0.21,-0.45,0.7,-1.53,0.3,-0.29,14.16,-31.34
0.21,-0.44,0.84,-1.6,0.28,-0.19,12.79,-26.87
0.2,-0.38,0.99,-1.57,0.3,-0.1,10.83,-20.74
0.18,-0.32,1.12,-1.42,0.42,-0.04,8.72,-15.64
0.13,-0.25,1.23,-1.25,0.62,-0.03,6.02,-11.41
0.09,-0.19,1.3,-0.99,0.85,-0.04,3.86,-8.43
0.07,-0.14,1.32,-0.7,1.15,-0.11,2.82,-6.02
0.06,-0.11,1.28,-0.42,1.47,-0.17,2.84,-5.02
0.06,-0.12,1.21,-0.14,1.78,-0.24,2.98,-5.49
0.06,-0.13,1.12,0.05,2.11,-0.34,3.03,-6.63
0.08,-0.14,1.02,0.18,2.36,-0.41,4.47,-8.02
0.1,-0.2,0.93,0.26,2.54,-0.47,6.18,-12.41
0.13,-0.23,0.91,0.31,2.63,-0.5,8.03,-14.16
0.15,-0.26,0.91,0.31,2.67,-0.52,8.93,-15.9
0.15,-0.28,0.89,0.32,2.64,-0.5,9.13,-17.5
0.15,-0.3,0.85,0.29,2.59,-0.48,9.28,-19.03
0.16,-0.3,0.85,0.26,2.49,-0.44,9.8,-19.3
0.15,-0.28,0.87,0.2,2.4,-0.42,9.04,-17.61
0.14,-0.25,0.9,0.19,2.28,-0.41,8.7,-15.3
0.13,-0.21,0.94,0.21,2.17,-0.42,7.65,-12.77
0.13,-0.16,0.97,0.27,2.06,-0.44,7.52,-9.52
0.13,-0.11,0.98,0.34,2.02,-0.49,7.64,-6.4
0.14,-0.07,0.96,0.45,2.02,-0.55,8.07,-3.88
0.12,-0.03,0.93,0.59,2.07,-0.66,7.65,-1.95
0.11,-0.03,0.9,0.73,2.14,-0.77,7.17,-1.9
0.12,-0.04,0.85,0.83,2.31,-0.88,8.17,-2.82
0.18,-0.11,0.76,0.93,2.51,-1.03,12.9,-8.0
0.21,-0.23,0.67,0.93,2.7,-1.14,16.74,-18.04
0.24,-0.36,0.63,0.89,2.86,-1.22,18.02,-28.13
0.24,-0.49,0.64,0.75,2.98,-1.26,16.63,-35.8
0.26,-0.63,0.65,0.57,3.05,-1.24,16.32,-42.12
0.29,-0.74,0.63,0.35,3.08,-1.17,16.62,-46.99
0.32,-0.84,0.65,0.06,3.05,-1.08,16.55,-49.49
0.33,-0.94,0.69,-0.3,2.92,-0.94,15.75,-51.03
0.33,-1.0,0.77,-0.68,2.77,-0.77,14.7,-49.92
0.34,-1.01,0.9,-1.06,2.53,-0.59,14.17,-46.2
0.33,-0.93,1.05,-1.41,2.24,-0.38,13.42,-40.09
0.32,-0.78,1.19,-1.68,1.97,-0.17,12.55,-32.19
0.27,-0.61,1.31,-1.88,1.77,0.0,10.68,-24.54
0.25,-0.46,1.41,-1.98,1.56,0.13,9.38,-17.92
0.21,-0.31,1.5,-2.01,1.43,0.22,7.66,-11.57
0.17,-0.17,1.57,-1.96,1.38,0.28,6.27,-6.19
0.12,-0.04,1.63,-1.86,1.42,0.3,4.06,-1.58
0.07,0.06,1.63,-1.68,1.53,0.28,2.39,2.0
0.04,0.1,1.6,-1.52,1.71,0.22,1.31,3.63
0.03,0.08,1.55,-1.4,1.93,0.15,0.93,2.98
0.02,0.03,1.52,-1.33,2.13,0.09,0.65,1.05
0.01,-0.02,1.51,-1.34,2.31,0.05,0.53,-0.81
0.0,-0.04,1.53,-1.36,2.43,0.04,0.11,-1.55
-0.02,-0.01,1.54,-1.38,2.49,0.06,-0.58,-0.38
-0.04,0.03,1.57,-1.41,2.55,0.07,-1.33,0.96
-0.05,0.06,1.61,-1.46,2.56,0.11,-1.92,2.14
-0.09,0.12,1.66,-1.48,2.51,0.15,-3.07,3.99
-0.12,0.21,1.73,-1.48,2.38,0.19,-4.1,7.0
-0.16,0.32,1.76,-1.45,2.29,0.21,-5.11,10.27
-0.2,0.43,1.77,-1.34,2.13,0.21,-6.22,13.61
-0.25,0.51,1.78,-1.2,2.02,0.18,-7.6,15.95
-0.29,0.55,1.77,-1.02,1.93,0.13,-8.96,17.04
-0.33,0.56,1.74,-0.84,1.91,0.06,-10.27,17.47
-0.34,0.57,1.7,-0.66,1.94,-0.02,-10.85,18.29
-0.34,0.56,1.66,-0.46,1.99,-0.12,-11.07,18.21
-0.31,0.51,1.61,-0.26,2.04,-0.23,-10.47,17.25
-0.28,0.43,1.57,-0.11,2.14,-0.33,-9.91,15.05
-0.25,0.34,1.55,0.0,2.25,-0.41,-8.99,12.24
-0.21,0.26,1.52,0.1,2.33,-0.47,-7.68,9.67
-0.17,0.18,1.5,0.15,2.39,-0.51,-6.34,6.68
-0.11,0.09,1.48,0.15,2.41,-0.51,-4.31,3.4
-0.05,-0.03,1.46,0.07,2.42,-0.48,-1.93,-1.07
0.0,-0.12,1.45,-0.1,2.37,-0.4,0.11,-4.94
0.01,-0.18,1.45,-0.25,2.47,-0.47,0.58,-7.05
0.03,-0.17,1.49,-0.56,2.1,-0.18,0.97,-6.66
0.01,-0.12,1.53,-0.79,1.9,-0.04,0.5,-4.41
-0.01,-0.02,1.55,-1.01,1.65,0.11,-0.47,-0.86
-0.1,0.11,1.56,-1.15,1.54,0.11,-3.51,4.0
-0.15,0.2,1.57,-1.32,1.18,0.34,-5.32,7.31
-0.22,0.3,1.58,-1.37,0.95,0.42,-7.76,10.79
-0.27,0.39,1.6,-1.41,0.77,0.48,-9.28,13.58
-0.33,0.49,1.62,-1.38,0.62,0.52,-11.1,16.6
-0.38,0.59,1.62,-1.33,0.51,0.55,-12.48,19.54
-0.41,0.66,1.59,-1.25,0.49,0.54,-13.31,21.9
-0.44,0.71,1.56,-1.13,0.49,0.52,-14.3,23.62
-0.44,0.73,1.51,-1.01,0.52,0.46,-14.75,24.79
-0.44,0.73,1.47,-0.93,0.56,0.41,-15.16,25.27
-0.44,0.71,1.45,-0.86,0.65,0.35,-15.08,25.04
-0.42,0.69,1.42,-0.79,0.67,0.3,-14.87,24.87
-0.4,0.67,1.42,-0.75,0.7,0.25,-14.48,24.47
-0.38,0.64,1.42,-0.75,0.66,0.22,-13.63,23.64
-0.37,0.62,1.45,-0.78,0.63,0.21,-13.06,22.64
-0.37,0.61,1.48,-0.82,0.54,0.23,-13.0,21.71
-0.39,0.63,1.49,-0.85,0.4,0.28,-13.6,22.35
-0.42,0.67,1.51,-0.89,0.26,0.33,-14.16,23.26
-0.43,0.7,1.51,-0.91,0.13,0.35,-14.53,23.9
-0.46,0.74,1.5,-0.94,-0.01,0.38,-15.41,25.24
-0.5,0.77,1.51,-0.96,-0.14,0.41,-16.41,25.86
-0.54,0.82,1.53,-0.97,-0.25,0.42,-17.32,26.65
-0.57,0.86,1.57,-0.98,-0.38,0.43,-17.78,27.37
-0.6,0.91,1.6,-0.93,-0.5,0.42,-17.92,28.17
-0.62,0.95,1.62,-0.87,-0.66,0.43,-18.34,28.69
-0.65,0.98,1.64,-0.78,-0.78,0.43,-18.79,29.01
-0.68,1.01,1.65,-0.67,-0.89,0.4,-19.29,29.43
-0.68,1.02,1.63,-0.56,-0.99,0.37,-19.43,29.93
-0.68,1.03,1.62,-0.43,-1.11,0.33,-19.52,30.48
-0.67,1.05,1.6,-0.24,-1.15,0.27,-19.18,31.18
-0.66,1.05,1.6,-0.03,-1.17,0.18,-19.04,31.25
-0.65,1.05,1.61,0.14,-1.2,0.1,-18.66,31.32
-0.63,1.04,1.62,0.34,-1.19,-0.0,-18.19,30.82
-0.61,1.02,1.65,0.51,-1.19,-0.09,-17.31,30.15
-0.57,0.98,1.68,0.67,-1.19,-0.18,-16.22,29.01
-0.51,0.92,1.69,0.81,-1.21,-0.25,-14.89,27.61
-0.44,0.85,1.69,0.91,-1.25,-0.31,-13.23,26.05
-0.38,0.79,1.68,1.01,-1.31,-0.35,-11.65,24.57
-0.33,0.73,1.67,1.08,-1.39,-0.38,-10.12,23.17
-0.27,0.67,1.66,1.13,-1.45,-0.41,-8.45,21.65
-0.21,0.61,1.65,1.15,-1.54,-0.42,-6.91,19.99
-0.17,0.55,1.65,1.14,-1.71,-0.39,-5.69,18.5
-0.13,0.5,1.64,1.14,-1.71,-0.42,-4.26,16.74
-0.09,0.45,1.64,1.15,-1.8,-0.44,-2.97,15.23
-0.05,0.4,1.62,1.13,-1.89,-0.43,-1.77,13.69
-0.02,0.35,1.63,1.08,-1.98,-0.43,-0.83,12.26
0.01,0.3,1.62,1.04,-2.09,-0.43,0.43,10.39
0.04,0.25,1.61,0.98,-2.19,-0.42,1.51,8.75
0.08,0.19,1.6,0.93,-2.32,-0.39,2.83,6.68
0.12,0.11,1.59,0.84,-2.47,-0.36,4.13,3.98
0.12,0.05,1.63,0.76,-2.62,-0.33,4.38,1.88
0.13,0.03,1.65,0.68,-2.75,-0.29,4.53,0.95
0.13,0.04,1.69,0.64,-2.87,-0.24,4.28,1.19
0.13,0.03,1.72,0.62,-2.94,-0.2,4.31,1.15
0.12,0.03,1.73,0.62,-2.97,-0.18,4.02,0.87
0.1,0.04,1.74,0.66,-2.92,-0.18,3.36,1.47
0.09,0.05,1.75,0.7,-2.85,-0.2,3.04,1.6
0.09,0.05,1.75,0.79,-2.77,-0.22,3.11,1.55
0.11,0.02,1.73,0.87,-2.67,-0.25,3.66,0.51
0.12,-0.02,1.71,0.95,-2.58,-0.28,4.13,-0.76
0.15,-0.07,1.68,1.0,-2.51,-0.3,5.16,-2.51
0.19,-0.11,1.66,1.05,-2.48,-0.32,6.45,-3.7
0.23,-0.17,1.59,1.07,-2.45,-0.32,8.22,-5.93
0.25,-0.22,1.53,1.07,-2.45,-0.32,9.19,-8.19
0.27,-0.26,1.48,1.04,-2.44,-0.32,10.26,-9.66
0.3,-0.3,1.43,1.01,-2.44,-0.32,11.49,-11.71
0.32,-0.34,1.39,0.95,-2.43,-0.32,12.51,-13.47
0.33,-0.39,1.33,0.88,-2.44,-0.31,13.51,-15.88
0.34,-0.42,1.27,0.8,-2.42,-0.31,14.28,-17.51
0.36,-0.44,1.24,0.72,-2.42,-0.29,15.4,-18.72
0.38,-0.47,1.2,0.63,-2.41,-0.27,16.18,-20.52
0.38,-0.5,1.16,0.54,-2.41,-0.25,16.51,-22.29
0.37,-0.54,1.13,0.43,-2.43,-0.22,16.54,-24.49
0.39,-0.59,1.11,0.32,-2.44,-0.19,17.14,-26.46
0.39,-0.62,1.11,0.19,-2.5,-0.14,17.12,-27.9
0.39,-0.67,1.13,0.08,-2.59,-0.08,16.57,-29.08
0.38,-0.7,1.19,-0.02,-2.69,-0.01,15.49,-29.18
0.37,-0.73,1.24,-0.11,-2.85,0.1,14.49,-29.41
0.36,-0.76,1.29,-0.16,-3.03,0.24,13.52,-29.66
0.34,-0.74,1.31,-0.19,-3.2,0.39,12.8,-28.74
0.3,-0.66,1.32,-0.18,-3.28,0.51,11.64,-26.09
0.27,-0.58,1.31,-0.13,-3.34,0.59,10.54,-23.52
0.24,-0.52,1.3,-0.06,-3.3,0.6,9.56,-21.49
0.21,-0.48,1.29,0.03,-3.23,0.61,8.65,-20.02
0.19,-0.44,1.29,0.12,-3.08,0.57,7.84,-18.65
0.17,-0.41,1.28,0.25,-2.93,0.52,7.07,-17.61
0.17,-0.4,1.27,0.37,-2.77,0.47,7.09,-17.16
0.19,-0.41,1.23,0.52,-2.62,0.4,8.15,-18.09
0.2,-0.44,1.2,0.61,-2.47,0.34,8.84,-19.97
0.21,-0.48,1.16,0.72,-2.35,0.31,9.54,-22.07
0.23,-0.5,1.11,0.8,-2.29,0.3,10.77,-23.86
0.26,-0.53,1.04,0.85,-2.24,0.3,12.6,-26.52
0.28,-0.56,0.96,0.87,-2.2,0.32,14.32,-29.2
0.28,-0.58,0.9,0.82,-2.18,0.33,14.76,-31.59
0.27,-0.57,0.85,0.8,-2.19,0.36,14.58,-32.36
0.26,-0.54,0.8,0.75,-2.22,0.38,14.87,-32.5
0.25,-0.52,0.74,0.7,-2.21,0.39,15.29,-33.36
0.23,-0.5,0.71,0.63,-2.2,0.4,14.64,-33.53
0.2,-0.47,0.68,0.57,-2.19,0.39,13.71,-33.35
0.18,-0.44,0.67,0.53,-2.17,0.38,12.83,-32.4
0.17,-0.41,0.64,0.47,-2.12,0.34,12.64,-32.02
0.18,-0.4,0.6,0.42,-2.06,0.31,13.77,-32.31
0.18,-0.4,0.57,0.37,-2.0,0.29,14.76,-33.68
0.18,-0.4,0.55,0.3,-1.95,0.27,15.12,-34.64
0.18,-0.39,0.53,0.24,-1.88,0.26,15.35,-34.51
0.18,-0.38,0.53,0.19,-1.78,0.23,15.49,-34.26
0.17,-0.37,0.52,0.14,-1.71,0.23,14.57,-34.39
0.15,-0.36,0.54,0.1,-1.65,0.21,12.72,-32.3
0.13,-0.33,0.56,0.08,-1.56,0.19,10.89,-29.54
0.11,-0.3,0.56,0.1,-1.46,0.17,9.75,-27.69
0.09,-0.29,0.55,0.12,-1.39,0.15,8.31,-27.33
0.08,-0.3,0.57,0.13,-1.36,0.14,7.09,-27.91
0.07,-0.33,0.57,0.17,-1.35,0.14,5.74,-29.91
0.07,-0.36,0.55,0.15,-1.37,0.18,6.27,-32.79
0.07,-0.37,0.54,0.18,-1.43,0.24,6.28,-33.76
0.06,-0.36,0.54,0.18,-1.51,0.29,5.62,-33.42
0.04,-0.33,0.55,0.19,-1.62,0.36,3.79,-31.05
0.03,-0.29,0.55,0.21,-1.69,0.42,3.02,-27.55
0.01,-0.24,0.55,0.22,-1.73,0.47,1.29,-23.71
-0.0,-0.18,0.55,0.26,-1.79,0.5,-0.31,-18.02
-0.04,-0.12,0.55,0.3,-1.81,0.5,-3.76,-12.69
-0.05,-0.07,0.54,0.32,-1.79,0.47,-5.47,-7.13
-0.07,-0.04,0.53,0.37,-1.76,0.44,-7.61,-4.01
-0.07,-0.0,0.5,0.39,-1.69,0.37,-7.91,-0.24
-0.08,0.02,0.48,0.42,-1.64,0.31,-9.54,1.78
-0.08,0.02,0.43,0.43,-1.56,0.25,-10.97,3.01
-0.09,0.02,0.4,0.41,-1.47,0.21,-12.94,3.36
-0.08,0.02,0.39,0.41,-1.41,0.16,-12.06,2.74
-0.09,0.01,0.36,0.39,-1.36,0.13,-13.41,1.11
-0.09,0.01,0.36,0.38,-1.29,0.1,-13.53,1.34
-0.09,0.01,0.35,0.34,-1.21,0.08,-14.13,1.78
-0.09,0.01,0.34,0.33,-1.19,0.07,-14.79,2.37
-0.09,0.01,0.33,0.31,-1.14,0.06,-15.29,1.62
-0.09,0.02,0.31,0.29,-1.13,0.08,-16.47,3.17
-0.11,0.02,0.28,0.23,-1.06,0.07,-20.6,4.27
-0.12,0.02,0.28,0.21,-1.05,0.09,-23.24,4.12
-0.16,0.03,0.28,0.15,-1.03,0.11,-28.66,5.52
-0.17,0.03,0.28,0.07,-1.03,0.13,-30.99,4.95
-0.18,0.02,0.28,-0.01,-1.06,0.15,-32.86,3.12
-0.19,0.03,0.28,-0.1,-1.15,0.2,-34.66,5.79
-0.2,0.07,0.29,-0.18,-1.24,0.23,-34.26,11.41
-0.21,0.11,0.33,-0.28,-1.31,0.27,-31.3,15.48
-0.23,0.15,0.36,-0.34,-1.37,0.27,-30.11,19.39
-0.24,0.18,0.39,-0.4,-1.4,0.26,-28.49,21.5
-0.24,0.21,0.42,-0.46,-1.42,0.23,-26.8,23.25
-0.24,0.22,0.46,-0.49,-1.4,0.19,-24.97,23.07
-0.23,0.23,0.48,-0.52,-1.35,0.15,-23.04,23.02
-0.22,0.23,0.5,-0.57,-1.3,0.11,-22.12,23.02
-0.21,0.22,0.52,-0.57,-1.25,0.07,-20.72,21.76
-0.21,0.21,0.55,-0.58,-1.19,0.05,-19.63,19.59
-0.2,0.19,0.57,-0.58,-1.07,-0.0,-18.07,17.25
-0.18,0.17,0.59,-0.54,-1.0,-0.01,-16.5,15.11
-0.16,0.14,0.61,-0.52,-0.89,-0.03,-14.66,12.69
-0.15,0.11,0.62,-0.49,-0.81,-0.04,-13.5,10.1
-0.14,0.09,0.64,-0.44,-0.71,-0.03,-11.87,7.45
-0.13,0.07,0.65,-0.39,-0.62,0.0,-10.94,5.72
-0.12,0.06,0.65,-0.33,-0.56,0.03,-10.12,5.43
-0.12,0.07,0.67,-0.25,-0.5,0.08,-10.48,6.23
-0.14,0.07,0.68,-0.2,-0.41,0.08,-11.67,5.94
-0.15,0.07,0.7,-0.12,-0.35,0.12,-12.17,5.7
-0.15,0.07,0.71,-0.05,-0.28,0.14,-11.95,5.77
-0.15,0.08,0.7,0.02,-0.25,0.18,-11.81,6.36
-0.15,0.09,0.7,0.06,-0.2,0.2,-11.67,7.37
-0.16,0.11,0.71,0.13,-0.21,0.22,-12.37,8.23
-0.17,0.12,0.7,0.17,-0.23,0.25,-13.54,9.42
-0.18,0.15,0.71,0.27,-0.12,0.13,-14.05,11.76
-0.19,0.19,0.72,0.24,-0.25,0.26,-14.42,14.19
-0.19,0.23,0.72,0.27,-0.24,0.24,-14.28,16.95
-0.2,0.26,0.72,0.29,-0.22,0.22,-14.37,19.12
-0.21,0.28,0.72,0.32,-0.19,0.17,-15.06,20.39
-0.22,0.29,0.73,0.33,-0.14,0.12,-15.73,20.8
-0.23,0.28,0.72,0.36,-0.13,0.09,-16.55,20.6
-0.22,0.27,0.72,0.37,-0.09,0.04,-15.74,19.83
-0.21,0.26,0.7,0.39,-0.04,-0.01,-15.99,19.55
-0.21,0.25,0.68,0.4,-0.01,-0.02,-15.86,19.52
-0.2,0.25,0.66,0.41,0.04,-0.05,-16.06,19.53
-0.21,0.23,0.64,0.41,0.07,-0.05,-17.3,18.93
-0.22,0.23,0.63,0.39,0.1,-0.05,-18.19,18.64
-0.21,0.22,0.65,0.38,0.11,-0.05,-17.38,18.1
-0.21,0.22,0.64,0.36,0.14,-0.06,-17.15,17.82
-0.21,0.21,0.65,0.35,0.14,-0.05,-17.26,17.29
-0.2,0.19,0.65,0.35,0.14,-0.06,-16.87,15.62
-0.21,0.19,0.65,0.32,0.14,-0.05,-17.58,15.45
-0.21,0.19,0.66,0.33,0.14,-0.05,-16.99,15.08
-0.21,0.18,0.67,0.34,0.16,-0.04,-16.81,14.32
-0.22,0.18,0.69,0.36,0.16,-0.04,-16.84,14.11
-0.22,0.18,0.69,0.4,0.17,-0.04,-16.96,13.93
-0.21,0.17,0.69,0.41,0.2,-0.06,-16.59,13.3
-0.21,0.16,0.67,0.42,0.21,-0.06,-16.59,12.91
-0.21,0.15,0.66,0.44,0.21,-0.07,-17.35,12.07
-0.21,0.15,0.64,0.45,0.21,-0.07,-18.03,12.22
-0.21,0.15,0.63,0.46,0.24,-0.07,-18.29,12.46
-0.21,0.15,0.61,0.46,0.25,-0.07,-18.62,13.02
-0.21,0.15,0.59,0.45,0.29,-0.08,-19.26,13.86
-0.21,0.16,0.56,0.43,0.33,-0.1,-20.05,14.74
-0.22,0.16,0.54,0.41,0.38,-0.11,-21.19,15.16
-0.21,0.14,0.54,0.38,0.42,-0.13,-21.05,13.5
-0.22,0.14,0.52,0.32,0.48,-0.13,-22.12,13.6
-0.2,0.13,0.51,0.31,0.51,-0.14,-21.39,13.11
-0.19,0.11,0.49,0.25,0.55,-0.15,-20.77,11.69
-0.18,0.08,0.49,0.19,0.6,-0.14,-19.97,8.87
-0.18,0.06,0.49,0.14,0.6,-0.13,-19.65,6.12
-0.16,0.03,0.52,0.07,0.63,-0.11,-17.67,3.24
-0.15,0.02,0.52,0.04,0.61,-0.09,-16.0,1.79
-0.13,0.0,0.54,-0.01,0.63,-0.06,-13.73,0.21
-0.12,-0.0,0.57,-0.04,0.62,-0.03,-11.98,-0.32
-0.11,-0.02,0.6,-0.03,0.62,-0.01,-10.18,-1.8
-0.11,-0.02,0.63,-0.04,0.62,0.01,-9.75,-1.85
-0.09,-0.01,0.65,-0.03,0.67,0.02,-8.17,-0.83
-0.09,0.0,0.67,0.02,0.69,0.03,-7.86,0.39
-0.09,0.01,0.69,0.06,0.74,0.02,-7.82,0.5
-0.09,0.01,0.7,0.1,0.82,0.01,-7.27,0.64
-0.08,0.01,0.7,0.13,0.88,-0.01,-6.89,0.7
-0.09,0.01,0.69,0.18,0.96,-0.01,-7.32,1.19
-0.09,0.03,0.66,0.22,1.02,-0.03,-8.19,2.24
-0.1,0.03,0.64,0.25,1.08,-0.04,-8.67,2.82
-0.1,0.02,0.64,0.26,1.16,-0.07,-8.74,1.62
-0.1,0.02,0.61,0.27,1.2,-0.08,-9.49,1.92
-0.1,0.02,0.59,0.25,1.24,-0.1,-9.57,1.84
-0.07,0.01,0.6,0.26,1.25,-0.1,-7.05,0.63
-0.13,0.02,0.5,0.2,1.3,-0.11,-14.63,1.79
-0.12,-0.0,0.49,0.14,1.29,-0.11,-13.16,-0.4
-0.07,-0.02,0.54,0.08,1.27,-0.12,-7.06,-1.94
-0.02,-0.02,0.57,0.04,1.22,-0.11,-2.26,-1.98
-0.01,-0.02,0.59,0.04,1.21,-0.1,-1.35,-1.66
-0.02,-0.02,0.59,0.01,1.2,-0.1,-1.68,-1.81
-0.03,-0.01,0.6,-0.03,1.21,-0.1,-2.71,-1.2
-0.02,-0.03,0.63,-0.07,1.23,-0.13,-1.67,-2.91
0.0,-0.04,0.67,-0.07,1.24,-0.13,0.23,-3.33
0.02,-0.03,0.72,-0.07,1.28,-0.14,1.2,-2.52
0.02,-0.01,0.72,-0.03,1.31,-0.14,1.98,-0.97
0.03,0.0,0.71,-0.01,1.37,-0.17,2.29,0.22
0.01,0.01,0.71,0.02,1.42,-0.19,1.13,1.17
0.0,-0.0,0.72,0.02,1.49,-0.24,0.09,-0.13
0.01,-0.0,0.72,0.06,1.53,-0.27,0.51,-0.27
0.01,-0.0,0.71,0.1,1.59,-0.3,0.48,-0.01
0.02,0.0,0.73,0.13,1.66,-0.35,1.52,0.07
0.01,-0.01,0.72,0.17,1.74,-0.4,0.83,-1.04
0.0,-0.02,0.74,0.22,1.8,-0.44,0.28,-1.26
-0.01,-0.03,0.71,0.26,1.88,-0.51,-0.48,-2.14
0.0,-0.03,0.69,0.31,1.94,-0.55,0.19,-2.77
0.02,-0.05,0.67,0.34,1.99,-0.57,1.48,-3.93
0.02,-0.07,0.64,0.35,2.03,-0.62,1.72,-6.3
0.02,-0.1,0.6,0.35,2.07,-0.64,2.25,-9.22
0.02,-0.13,0.57,0.32,2.09,-0.65,2.28,-12.73
0.04,-0.16,0.54,0.26,2.12,-0.66,4.06,-16.49
0.05,-0.19,0.53,0.2,2.09,-0.64,5.32,-19.77
0.06,-0.21,0.52,0.11,2.02,-0.61,6.46,-22.25
0.07,-0.24,0.51,0.02,1.94,-0.58,6.74,-24.68
0.06,-0.27,0.52,-0.1,1.88,-0.53,6.04,-27.21
0.07,-0.27,0.56,-0.2,1.78,-0.46,5.98,-25.63
0.07,-0.27,0.61,-0.26,1.67,-0.4,5.71,-23.52
0.07,-0.24,0.66,-0.35,1.57,-0.36,5.57,-20.17
0.07,-0.21,0.71,-0.4,1.47,-0.32,5.42,-16.23
0.07,-0.17,0.75,-0.43,1.38,-0.3,5.45,-12.3
0.08,-0.13,0.77,-0.44,1.3,-0.31,5.55,-9.69
0.08,-0.11,0.76,-0.44,1.25,-0.34,5.93,-7.93
0.08,-0.11,0.74,-0.48,1.25,-0.4,6.4,-8.58
0.08,-0.13,0.74,-0.55,1.28,-0.45,6.18,-10.03
0.09,-0.17,0.75,-0.6,1.27,-0.49,6.66,-12.85
0.12,-0.24,0.76,-0.66,1.29,-0.51,8.36,-17.28
0.15,-0.3,0.79,-0.75,1.32,-0.52,9.98,-20.76
0.17,-0.37,0.84,-0.83,1.33,-0.48,10.74,-23.15
0.18,-0.41,0.91,-0.9,1.35,-0.44,10.33,-23.92
0.19,-0.42,1.0,-0.94,1.38,-0.37,9.95,-22.24
0.21,-0.4,1.09,-0.92,1.42,-0.31,10.09,-19.6
0.22,-0.35,1.16,-0.91,1.48,-0.26,10.33,-16.49
0.22,-0.31,1.18,-0.85,1.52,-0.23,10.12,-14.4
0.21,-0.29,1.26,-0.77,1.56,-0.2,9.43,-12.9
0.18,-0.25,1.24,-0.69,1.67,-0.21,8.29,-11.43
0.18,-0.24,1.26,-0.6,1.77,-0.2,7.8,-10.81
0.16,-0.2,1.31,-0.49,1.85,-0.23,6.86,-8.42
0.14,-0.15,1.31,-0.36,1.94,-0.24,6.21,-6.59
0.12,-0.15,1.27,-0.25,2.01,-0.29,5.57,-6.53
0.11,-0.17,1.2,-0.17,2.11,-0.33,5.16,-7.93
0.11,-0.2,1.16,-0.14,2.14,-0.36,5.21,-9.65
0.11,-0.22,1.14,-0.11,2.15,-0.37,5.52,-10.85
0.12,-0.24,1.14,-0.08,2.12,-0.39,5.92,-11.78
0.13,-0.27,1.13,-0.08,2.08,-0.37,6.57,-13.22
0.15,-0.28,1.13,-0.11,2.02,-0.35,7.18,-13.76
0.17,-0.27,1.11,-0.11,1.9,-0.32,8.34,-13.6
0.18,-0.27,1.11,-0.15,1.83,-0.29,8.94,-13.32
0.17,-0.25,1.14,-0.19,1.71,-0.26,8.29,-12.26
0.15,-0.21,1.16,-0.23,1.64,-0.26,7.46,-9.97
0.14,-0.16,1.19,-0.2,1.57,-0.26,6.82,-7.41
0.13,-0.11,1.2,-0.18,1.56,-0.3,6.02,-5.06
0.11,-0.1,1.19,-0.13,1.61,-0.36,5.51,-4.74
0.1,-0.1,1.19,-0.09,1.67,-0.41,4.8,-4.92
0.09,-0.1,1.18,-0.03,1.75,-0.47,4.38,-4.93
0.1,-0.12,1.17,0.02,1.83,-0.51,4.68,-6.06
0.1,-0.15,1.17,0.08,1.96,-0.58,4.98,-7.12
0.1,-0.17,1.17,0.13,2.03,-0.61,4.75,-8.19
0.13,-0.2,1.15,0.16,2.1,-0.63,6.15,-10.0
0.16,-0.25,1.1,0.16,2.16,-0.63,8.02,-12.53
0.18,-0.31,1.07,0.1,2.2,-0.63,9.37,-15.78
0.2,-0.36,1.05,0.03,2.19,-0.59,10.08,-18.74
0.19,-0.41,1.04,-0.08,2.15,-0.53,9.88,-21.03
0.2,-0.41,1.03,-0.21,2.1,-0.47,10.13,-21.1
0.21,-0.42,1.05,-0.39,2.04,-0.4,10.35,-21.54
0.2,-0.42,1.07,-0.55,1.97,-0.33,10.0,-21.35
0.18,-0.4,1.11,-0.73,1.89,-0.25,8.81,-19.53
0.16,-0.35,1.16,-0.87,1.81,-0.16,7.51,-16.86
0.14,-0.29,1.21,-0.99,1.75,-0.1,6.38,-13.47
0.1,-0.23,1.27,-1.06,1.72,-0.05,4.51,-10.08
0.06,-0.15,1.34,-1.09,1.67,-0.0,2.48,-6.49
0.01,-0.07,1.42,-1.06,1.67,0.01,0.39,-2.91
-0.03,0.02,1.47,-0.96,1.66,0.01,-0.98,0.86
-0.07,0.1,1.49,-0.87,1.72,-0.02,-2.54,3.81
-0.1,0.17,1.49,-0.72,1.78,-0.06,-3.83,6.32
-0.13,0.2,1.47,-0.52,1.86,-0.15,-4.85,7.85
-0.11,0.2,1.44,-0.34,1.95,-0.26,-4.5,7.81
-0.06,0.12,1.38,-0.23,2.08,-0.34,-2.54,4.93
0.01,-0.01,1.32,-0.17,2.13,-0.39,0.54,-0.61
0.06,-0.14,1.29,-0.22,2.18,-0.4,2.58,-6.12
0.08,-0.21,1.29,-0.3,2.17,-0.38,3.4,-9.35
0.09,-0.25,1.29,-0.4,2.13,-0.32,4.13,-10.77
0.11,-0.26,1.31,-0.53,2.07,-0.23,4.72,-11.39
0.1,-0.25,1.32,-0.66,1.99,-0.13,4.29,-10.75
0.08,-0.21,1.34,-0.76,1.92,-0.04,3.35,-8.82
0.04,-0.15,1.36,-0.87,1.88,0.04,1.66,-6.19
-0.01,-0.08,1.38,-0.94,1.84,0.13,-0.41,-3.21
-0.06,0.01,1.39,-0.96,1.81,0.17,-2.53,0.58
-0.11,0.1,1.38,-0.96,1.81,0.2,-4.45,3.99
-0.14,0.15,1.36,-0.92,1.78,0.19,-5.7,6.46
-0.14,0.15,1.34,-0.92,1.79,0.18,-5.77,6.39
-0.13,0.12,1.32,-0.91,1.76,0.18,-5.76,5.32
-0.12,0.1,1.33,-0.92,1.69,0.19,-5.26,4.17
-0.1,0.09,1.33,-0.96,1.65,0.19,-4.36,3.8
-0.09,0.08,1.34,-1.03,1.59,0.22,-3.93,3.2
-0.09,0.05,1.37,-1.1,1.48,0.27,-3.86,2.1
-0.1,0.04,1.43,-1.14,1.29,0.35,-4.12,1.41
-0.11,0.04,1.47,-1.22,1.15,0.45,-4.42,1.74
-0.14,0.1,1.49,-1.27,0.98,0.54,-5.19,3.89
-0.16,0.18,1.49,-1.3,0.86,0.65,-6.21,7.02
-0.21,0.28,1.46,-1.32,0.73,0.71,-8.05,10.75
-0.26,0.38,1.4,-1.31,0.68,0.72,-10.3,14.88
-0.31,0.45,1.36,-1.3,0.7,0.7,-12.26,17.95
-0.35,0.51,1.33,-1.26,0.74,0.63,-13.89,20.2
-0.37,0.54,1.32,-1.19,0.79,0.55,-14.34,21.48
-0.37,0.56,1.33,-1.1,0.86,0.45,-14.59,22.1
-0.38,0.57,1.36,-1.01,0.94,0.35,-14.34,21.99
-0.37,0.56,1.38,-0.91,0.97,0.27,-13.91,21.39
-0.35,0.53,1.4,-0.84,1.04,0.19,-13.09,20.15
-0.32,0.5,1.41,-0.75,1.03,0.15,-12.11,18.85
-0.29,0.46,1.41,-0.73,1.07,0.11,-10.98,17.69
-0.27,0.41,1.4,-0.69,1.05,0.1,-10.35,16.08
-0.26,0.36,1.43,-0.69,0.99,0.1,-10.12,14.07
-0.28,0.35,1.47,-0.7,0.91,0.14,-10.37,13.3
-0.29,0.37,1.49,-0.74,0.84,0.17,-10.48,13.8
-0.31,0.4,1.5,-0.77,0.76,0.24,-11.36,14.62
-0.34,0.44,1.5,-0.76,0.65,0.29,-12.29,16.13
-0.38,0.49,1.48,-0.78,0.58,0.33,-13.61,17.73
-0.41,0.53,1.47,-0.77,0.51,0.34,-14.59,19.17
-0.42,0.56,1.47,-0.74,0.44,0.34,-15.14,20.18
-0.44,0.58,1.47,-0.73,0.38,0.34,-15.42,20.77
-0.45,0.6,1.49,-0.72,0.3,0.34,-15.53,21.07
-0.46,0.62,1.52,-0.7,0.24,0.34,-15.49,21.43
-0.48,0.65,1.56,-0.67,0.13,0.34,-15.95,21.69
-0.5,0.69,1.57,-0.62,0.03,0.37,-16.13,22.54
-0.51,0.72,1.58,-0.55,-0.06,0.39,-16.4,23.34
-0.52,0.75,1.59,-0.49,-0.15,0.39,-16.62,24.12
-0.53,0.77,1.59,-0.41,-0.25,0.39,-16.81,24.59
-0.55,0.79,1.6,-0.36,-0.34,0.38,-17.03,24.96
-0.55,0.81,1.59,-0.27,-0.45,0.39,-17.13,25.7
-0.56,0.84,1.58,-0.2,-0.54,0.36,-17.24,26.46
-0.57,0.87,1.58,-0.1,-0.6,0.33,-17.54,27.52
-0.58,0.89,1.55,0.0,-0.66,0.29,-17.83,28.36
-0.58,0.9,1.53,0.11,-0.7,0.22,-18.05,28.81
-0.57,0.91,1.51,0.22,-0.72,0.14,-17.82,29.41
-0.55,0.9,1.5,0.31,-0.71,0.06,-17.43,29.35
-0.53,0.88,1.5,0.41,-0.72,-0.03,-16.86,28.95
-0.5,0.86,1.51,0.53,-0.75,-0.11,-15.94,28.53
-0.46,0.83,1.49,0.62,-0.76,-0.19,-14.93,28.1
-0.41,0.8,1.48,0.7,-0.77,-0.26,-13.7,27.46
-0.37,0.76,1.48,0.75,-0.8,-0.33,-12.64,26.4
-0.33,0.71,1.49,0.8,-0.83,-0.39,-11.35,25.01
-0.3,0.67,1.51,0.86,-0.86,-0.45,-10.19,23.42
-0.26,0.61,1.55,0.91,-0.93,-0.48,-8.91,21.35
-0.23,0.56,1.56,0.97,-1.01,-0.47,-7.78,19.46
-0.19,0.51,1.56,1.0,-1.11,-0.48,-6.56,17.82
-0.16,0.46,1.57,1.05,-1.2,-0.47,-5.49,16.41
-0.14,0.43,1.56,1.17,-1.19,-0.6,-4.79,15.35
-0.11,0.4,1.53,1.11,-1.37,-0.44,-3.81,14.5
-0.08,0.37,1.5,1.15,-1.4,-0.44,-2.96,13.68
-0.06,0.33,1.47,1.17,-1.46,-0.44,-2.25,12.57
-0.02,0.28,1.43,1.17,-1.47,-0.46,-0.83,11.17
0.01,0.23,1.41,1.16,-1.5,-0.46,0.24,9.15
0.03,0.18,1.39,1.12,-1.54,-0.47,1.24,7.18
0.06,0.12,1.38,1.08,-1.58,-0.47,2.32,5.07
0.08,0.07,1.36,1.01,-1.62,-0.46,3.36,2.87
0.11,0.01,1.36,0.93,-1.66,-0.44,4.66,0.61
0.13,-0.03,1.35,0.84,-1.71,-0.42,5.7,-1.27
0.14,-0.08,1.34,0.73,-1.77,-0.39,6.11,-3.28
0.16,-0.09,1.31,0.62,-1.8,-0.36,6.8,-4.11
0.17,-0.12,1.3,0.51,-1.83,-0.34,7.34,-5.24
0.18,-0.16,1.32,0.38,-1.88,-0.32,7.78,-6.91
0.19,-0.21,1.4,0.26,-1.97,-0.28,7.75,-8.61
0.19,-0.27,1.5,0.14,-2.08,-0.22,7.06,-9.95
0.19,-0.3,1.59,0.05,-2.2,-0.12,6.58,-10.69
0.18,-0.28,1.66,-0.01,-2.31,0.01,6.01,-9.51
0.15,-0.22,1.67,-0.0,-2.41,0.13,4.92,-7.63
0.12,-0.18,1.66,0.03,-2.45,0.2,4.03,-6.16
0.09,-0.15,1.62,0.06,-2.46,0.25,3.02,-5.4
0.07,-0.14,1.61,0.1,-2.43,0.26,2.32,-4.82
0.07,-0.11,1.6,0.17,-2.39,0.26,2.4,-3.98
0.07,-0.11,1.57,0.25,-2.32,0.26,2.67,-3.97
0.09,-0.12,1.56,0.3,-2.22,0.24,3.24,-4.45
0.1,-0.13,1.53,0.38,-2.17,0.23,3.81,-4.92
0.12,-0.16,1.49,0.44,-2.13,0.22,4.48,-6.05
0.14,-0.19,1.45,0.46,-2.1,0.19,5.43,-7.29
0.15,-0.2,1.41,0.49,-2.05,0.18,6.17,-8.21
0.17,-0.22,1.37,0.51,-2.08,0.18,6.8,-9.14
0.17,-0.23,1.33,0.49,-2.04,0.15,7.38,-9.77
0.19,-0.26,1.28,0.48,-2.05,0.14,8.2,-11.25
0.2,-0.28,1.26,0.44,-2.04,0.13,8.86,-12.54
0.22,-0.32,1.27,0.42,-2.1,0.14,9.44,-13.82
0.23,-0.36,1.27,0.37,-2.17,0.15,9.73,-15.46
0.23,-0.38,1.28,0.33,-2.28,0.19,9.92,-16.28
0.23,-0.38,1.29,0.3,-2.37,0.23,9.83,-16.16
0.23,-0.38,1.27,0.28,-2.45,0.28,9.93,-16.29
0.23,-0.37,1.25,0.3,-2.54,0.3,10.05,-16.08
0.22,-0.37,1.23,0.27,-2.61,0.31,9.74,-16.42
0.22,-0.37,1.21,0.25,-2.63,0.31,10.07,-16.98
0.22,-0.37,1.19,0.24,-2.65,0.32,10.02,-16.99
0.22,-0.38,1.18,0.22,-2.71,0.29,10.04,-17.43
0.23,-0.38,1.17,0.22,-2.67,0.32,10.44,-17.88
0.24,-0.41,1.16,0.2,-2.63,0.31,10.99,-19.22
0.24,-0.43,1.14,0.21,-2.61,0.32,11.23,-20.0
0.25,-0.44,1.14,0.19,-2.6,0.33,11.43,-20.64
0.24,-0.43,1.13,0.2,-2.55,0.35,11.11,-20.4
0.23,-0.41,1.13,0.2,-2.45,0.33,10.6,-19.61
0.23,-0.42,1.12,0.21,-2.38,0.34,10.92,-20.31
0.26,-0.45,1.09,0.21,-2.33,0.34,12.24,-22.01
0.28,-0.49,1.07,0.18,-2.31,0.36,13.55,-23.84
0.3,-0.52,1.05,0.13,-2.31,0.4,14.25,-25.52
0.3,-0.53,1.02,0.04,-2.32,0.46,14.46,-26.59
0.31,-0.56,0.98,-0.03,-2.37,0.53,15.54,-28.38
0.31,-0.57,0.95,-0.08,-2.33,0.47,15.59,-29.65
0.3,-0.58,0.93,-0.26,-2.47,0.68,15.24,-30.51
0.27,-0.56,0.94,-0.38,-2.55,0.76,13.66,-29.83
0.23,-0.48,0.98,-0.49,-2.62,0.84,11.99,-25.62
0.19,-0.42,1.01,-0.54,-2.71,0.88,9.65,-22.43
0.15,-0.35,1.06,-0.55,-2.74,0.89,7.41,-17.93
0.1,-0.28,1.11,-0.52,-2.72,0.85,4.97,-13.89
0.06,-0.22,1.13,-0.44,-2.68,0.78,3.18,-10.81
0.04,-0.16,1.16,-0.33,-2.57,0.68,1.76,-8.06
0.02,-0.16,1.16,-0.21,-2.44,0.57,0.92,-7.74
0.03,-0.16,1.16,-0.08,-2.27,0.45,1.23,-8.06
0.04,-0.18,1.12,0.08,-2.13,0.35,2.11,-9.26
0.06,-0.22,1.08,0.22,-2.02,0.27,3.25,-11.6
0.08,-0.25,1.0,0.37,-1.91,0.2,4.5,-13.96
0.09,-0.28,0.94,0.46,-1.85,0.17,5.3,-16.24
0.1,-0.29,0.87,0.55,-1.79,0.15,6.42,-17.98
0.1,-0.28,0.79,0.62,-1.71,0.12,6.96,-19.57
0.1,-0.27,0.7,0.67,-1.67,0.11,7.68,-20.95
0.09,-0.27,0.61,0.69,-1.6,0.09,7.79,-23.31
0.1,-0.26,0.55,0.67,-1.53,0.08,9.16,-25.03
0.08,-0.25,0.49,0.65,-1.48,0.06,7.82,-26.41
0.06,-0.21,0.46,0.63,-1.43,0.05,7.04,-24.68
0.03,-0.19,0.43,0.61,-1.34,0.02,4.05,-23.33
0.02,-0.17,0.41,0.58,-1.26,-0.01,2.6,-23.03
0.01,-0.17,0.38,0.57,-1.2,-0.03,1.29,-24.31
0.02,-0.2,0.36,0.54,-1.16,-0.07,2.61,-28.55
0.02,-0.25,0.37,0.52,-1.17,-0.07,2.06,-34.32
0.02,-0.3,0.39,0.5,-1.23,-0.03,1.78,-38.12
0.04,-0.32,0.4,0.51,-1.33,0.05,4.03,-38.3
0.05,-0.31,0.38,0.52,-1.46,0.13,6.08,-39.09
0.05,-0.3,0.36,0.5,-1.57,0.21,6.09,-39.37
0.03,-0.27,0.33,0.5,-1.68,0.29,4.02,-39.41
-0.0,-0.23,0.3,0.48,-1.74,0.36,-0.64,-38.43
-0.03,-0.19,0.28,0.46,-1.78,0.41,-5.24,-33.46
-0.06,-0.13,0.27,0.45,-1.74,0.44,-11.58,-25.48
-0.08,-0.1,0.25,0.43,-1.69,0.46,-17.12,-20.09
-0.1,-0.07,0.21,0.38,-1.61,0.46,-24.57,-17.13
-0.12,-0.06,0.18,0.33,-1.57,0.47,-32.23,-14.8
-0.13,-0.04,0.18,0.27,-1.5,0.46,-33.56,-11.18
-0.14,-0.03,0.19,0.2,-1.45,0.47,-35.23,-8.22
-0.13,-0.01,0.21,0.12,-1.42,0.48,-32.86,-3.38
-0.13,0.01,0.22,0.06,-1.38,0.48,-29.47,1.13
-0.13,0.03,0.25,0.01,-1.33,0.49,-26.72,5.43
-0.13,0.04,0.26,-0.04,-1.24,0.47,-26.36,7.33
-0.14,0.06,0.29,-0.07,-1.19,0.47,-26.2,10.3
-0.15,0.07,0.3,-0.12,-1.09,0.46,-26.09,12.47
-0.16,0.08,0.32,-0.15,-1.01,0.44,-26.31,12.72
-0.18,0.09,0.34,-0.19,-0.9,0.43,-27.08,13.1
-0.19,0.11,0.37,-0.2,-0.8,0.41,-26.27,15.02
-0.2,0.12,0.4,-0.2,-0.72,0.38,-25.26,15.29
-0.2,0.13,0.42,-0.2,-0.65,0.36,-24.79,14.89
-0.21,0.13,0.45,-0.2,-0.55,0.32,-24.05,14.55
-0.21,0.14,0.45,-0.2,-0.48,0.32,-24.04,15.63
-0.22,0.17,0.44,-0.18,-0.41,0.28,-24.99,18.91
-0.23,0.19,0.44,-0.16,-0.33,0.25,-25.46,20.94
-0.24,0.2,0.42,-0.2,-0.25,0.21,-27.88,23.02
-0.26,0.21,0.41,-0.2,-0.17,0.17,-29.19,23.9
-0.27,0.23,0.39,-0.23,-0.12,0.13,-30.19,25.94
-0.27,0.23,0.39,-0.26,-0.12,0.11,-30.66,25.59
-0.26,0.21,0.39,-0.3,-0.1,0.07,-30.27,24.36
-0.25,0.19,0.39,-0.35,-0.13,0.06,-29.76,22.66
-0.24,0.18,0.4,-0.41,-0.17,0.04,-28.64,21.14
-0.23,0.17,0.42,-0.42,-0.26,0.07,-27.32,19.31
-0.22,0.17,0.44,-0.45,-0.32,0.07,-25.03,18.53
-0.21,0.15,0.47,-0.46,-0.42,0.09,-22.71,16.28
-0.2,0.12,0.49,-0.46,-0.51,0.11,-21.94,12.99
-0.19,0.12,0.52,-0.46,-0.59,0.15,-20.12,11.9
-0.19,0.12,0.55,-0.44,-0.62,0.16,-19.08,11.87
-0.21,0.14,0.59,-0.38,-0.62,0.17,-19.39,12.65
-0.21,0.16,0.61,-0.33,-0.58,0.16,-18.73,13.93
-0.21,0.17,0.65,-0.24,-0.51,0.14,-17.61,14.17
-0.22,0.17,0.63,-0.18,-0.41,0.11,-18.86,14.13
-0.21,0.15,0.62,-0.11,-0.28,0.08,-18.42,13.17
-0.21,0.14,0.61,-0.05,-0.18,0.06,-18.81,11.93
-0.21,0.13,0.61,0.01,-0.08,0.05,-18.85,11.24
-0.2,0.14,0.59,0.05,0.05,0.05,-18.5,12.66
-0.2,0.15,0.56,0.08,0.15,0.02,-19.14,14.63
-0.2,0.16,0.53,0.1,0.24,0.02,-20.1,15.41
-0.2,0.15,0.51,0.12,0.29,0.02,-20.47,15.83
-0.19,0.13,0.49,0.09,0.32,0.02,-20.92,14.37
-0.18,0.1,0.48,0.05,0.33,0.05,-20.03,11.46
-0.18,0.08,0.49,0.01,0.26,0.11,-19.8,8.9
-0.18,0.08,0.53,-0.01,0.21,0.14,-18.34,8.09
-0.18,0.09,0.58,-0.02,0.13,0.19,-17.35,8.74
-0.19,0.1,0.62,-0.02,0.11,0.22,-16.78,9.05
-0.19,0.12,0.67,0.0,0.07,0.24,-15.92,9.93
-0.2,0.14,0.7,0.07,0.09,0.24,-15.56,11.02
-0.2,0.17,0.72,0.14,0.13,0.23,-14.98,12.76
-0.19,0.19,0.72,0.21,0.23,0.19,-14.64,14.57
-0.2,0.22,0.71,0.27,0.34,0.17,-15.14,16.85
-0.21,0.24,0.7,0.35,0.45,0.11,-15.88,18.48
-0.22,0.25,0.66,0.42,0.55,0.06,-16.99,19.81
-0.22,0.26,0.62,0.45,0.66,-0.0,-18.25,21.49
-0.22,0.25,0.58,0.47,0.77,-0.04,-19.03,21.95
-0.22,0.24,0.53,0.47,0.84,-0.08,-20.35,23.0
-0.22,0.23,0.49,0.44,0.91,-0.12,-21.55,23.34
-0.21,0.22,0.47,0.42,0.93,-0.14,-22.06,23.15
-0.21,0.2,0.44,0.37,0.98,-0.16,-23.03,22.59
-0.2,0.19,0.43,0.33,0.99,-0.17,-23.31,21.64
-0.19,0.18,0.41,0.27,0.99,-0.17,-23.29,21.28
-0.17,0.16,0.41,0.2,0.99,-0.17,-21.62,19.23
-0.16,0.13,0.4,0.13,0.99,-0.17,-20.83,16.9
-0.14,0.11,0.41,0.05,0.97,-0.14,-18.91,13.76
-0.13,0.08,0.42,-0.01,0.92,-0.12,-17.26,10.81
-0.13,0.07,0.46,-0.08,0.88,-0.11,-15.44,8.03
-0.12,0.06,0.5,-0.1,0.83,-0.08,-13.6,6.83
-0.1,0.07,0.56,-0.13,0.82,-0.09,-9.71,6.73
-0.1,0.11,0.57,-0.12,0.83,-0.11,-10.04,10.38
-0.09,0.09,0.6,-0.12,0.85,-0.12,-8.14,8.12
-0.12,0.09,0.58,-0.12,0.92,-0.16,-11.47,8.8
-0.13,0.07,0.56,-0.11,0.95,-0.18,-13.0,6.8
-0.1,0.04,0.59,-0.08,0.96,-0.21,-9.27,3.8
-0.06,0.02,0.62,-0.04,0.98,-0.22,-5.84,1.51
-0.04,-0.01,0.66,0.02,1.01,-0.24,-3.83,-0.81
-0.04,-0.02,0.67,0.1,1.04,-0.24,-3.52,-1.46
-0.04,-0.03,0.67,0.15,1.09,-0.26,-3.59,-2.66
-0.04,-0.03,0.66,0.23,1.13,-0.27,-3.74,-2.84
-0.04,-0.05,0.62,0.28,1.22,-0.28,-3.51,-4.23
-0.04,-0.05,0.62,0.33,1.28,-0.3,-3.93,-4.7
-0.05,-0.04,0.6,0.39,1.33,-0.31,-4.76,-3.61
-0.05,-0.04,0.55,0.43,1.37,-0.33,-4.72,-3.96
-0.03,-0.05,0.5,0.42,1.42,-0.36,-3.7,-5.79
-0.03,-0.07,0.44,0.37,1.45,-0.36,-3.52,-9.31
-0.02,-0.1,0.4,0.31,1.44,-0.36,-2.91,-13.42
-0.01,-0.13,0.38,0.23,1.42,-0.34,-1.06,-18.28
0.01,-0.13,0.4,0.13,1.37,-0.33,1.65,-18.5
0.03,-0.13,0.43,0.02,1.36,-0.32,3.99,-16.71
0.05,-0.12,0.45,-0.05,1.32,-0.31,5.91,-15.42
0.07,-0.13,0.47,-0.12,1.29,-0.31,7.85,-15.59
0.08,-0.17,0.52,-0.21,1.31,-0.33,8.69,-17.62
0.1,-0.19,0.59,-0.28,1.32,-0.31,9.36,-17.43
0.11,-0.19,0.67,-0.27,1.31,-0.3,8.62,-15.63
0.12,-0.18,0.73,-0.26,1.37,-0.29,9.07,-13.61
0.13,-0.16,0.76,-0.22,1.45,-0.31,9.5,-11.58
0.12,-0.16,0.76,-0.18,1.55,-0.31,9.09,-11.65
0.11,-0.17,0.79,-0.12,1.64,-0.33,7.88,-12.29
0.1,-0.19,0.82,-0.07,1.77,-0.34,7.02,-12.84
0.1,-0.18,0.85,0.02,1.88,-0.36,6.52,-12.13
0.09,-0.18,0.86,0.09,2.01,-0.38,6.06,-11.47
0.09,-0.17,0.85,0.2,2.1,-0.39,5.99,-11.31
0.1,-0.19,0.79,0.24,2.2,-0.41,6.88,-13.4
0.1,-0.22,0.75,0.26,2.24,-0.42,7.06,-16.5
0.1,-0.24,0.72,0.23,2.27,-0.43,7.55,-18.47
0.12,-0.24,0.71,0.2,2.26,-0.42,9.25,-18.7
0.15,-0.24,0.69,0.16,2.22,-0.41,11.3,-18.48
0.16,-0.24,0.69,0.09,2.19,-0.41,12.64,-19.08
0.18,-0.25,0.69,0.0,2.15,-0.41,13.59,-19.17
0.19,-0.26,0.71,-0.07,2.09,-0.4,14.38,-19.29
0.21,-0.26,0.74,-0.16,2.03,-0.39,14.72,-18.29
0.2,-0.24,0.77,-0.21,1.96,-0.4,13.9,-16.93
0.23,-0.28,0.86,-0.26,1.91,-0.39,14.16,-17.76
0.24,-0.3,0.91,-0.29,1.88,-0.37,13.76,-17.57
0.23,-0.34,0.94,-0.3,1.95,-0.37,13.16,-19.34
0.23,-0.35,1.03,-0.27,1.84,-0.29,12.02,-18.16
0.22,-0.32,1.11,-0.22,1.87,-0.27,10.94,-15.92
0.19,-0.29,1.14,-0.12,1.88,-0.23,9.38,-14.2
0.15,-0.25,1.15,-0.03,1.98,-0.24,7.51,-12.17
0.13,-0.21,1.13,0.09,2.05,-0.26,6.43,-10.48
0.12,-0.19,1.11,0.17,2.17,-0.3,6.04,-9.59
0.12,-0.18,1.07,0.25,2.28,-0.35,6.4,-9.64
0.12,-0.2,1.03,0.31,2.38,-0.4,6.75,-11.13
0.13,-0.24,1.0,0.34,2.45,-0.45,7.26,-13.67
0.15,-0.28,0.96,0.33,2.53,-0.49,8.56,-16.17
0.2,-0.34,0.92,0.28,2.56,-0.51,11.73,-19.69
0.24,-0.38,0.91,0.22,2.53,-0.48,13.4,-22.0
0.25,-0.41,0.92,0.11,2.52,-0.46,14.03,-23.26
0.25,-0.42,0.95,-0.02,2.47,-0.41,13.74,-23.29
0.24,-0.4,0.99,-0.11,2.43,-0.35,12.63,-21.53
0.22,-0.36,1.03,-0.19,2.38,-0.31,11.27,-19.06
0.2,-0.33,1.07,-0.26,2.3,-0.27,10.31,-16.82
0.18,-0.3,1.12,-0.3,2.23,-0.25,9.07,-14.78
0.18,-0.27,1.14,-0.35,2.19,-0.24,8.56,-13.36
0.16,-0.24,1.16,-0.37,2.14,-0.23,7.63,-11.72
0.14,-0.21,1.19,-0.32,2.28,-0.38,6.41,-9.74
0.1,-0.18,1.19,-0.38,2.05,-0.23,4.83,-8.47
0.1,-0.17,1.19,-0.38,2.02,-0.26,4.99,-8.0
0.1,-0.17,1.19,-0.41,2.01,-0.27,4.67,-8.17
0.1,-0.2,1.18,-0.43,1.97,-0.29,4.58,-9.51
0.09,-0.21,1.19,-0.47,1.94,-0.31,4.2,-9.82
0.1,-0.21,1.2,-0.5,1.91,-0.32,4.59,-9.86
0.1,-0.19,1.23,-0.56,1.89,-0.32,4.57,-8.97
0.08,-0.18,1.25,-0.57,1.86,-0.34,3.79,-8.29
0.06,-0.17,1.28,-0.58,1.85,-0.34,2.71,-7.72
0.04,-0.16,1.32,-0.6,1.88,-0.36,1.74,-7.1
0.02,-0.14,1.37,-0.56,1.91,-0.38,0.89,-5.82
-0.0,-0.1,1.4,-0.5,1.95,-0.41,-0.07,-4.13
-0.02,-0.07,1.42,-0.31,2.28,-0.64,-0.69,-2.76
-0.03,-0.05,1.42,-0.29,2.12,-0.48,-1.18,-2.13
-0.05,-0.05,1.41,-0.16,2.2,-0.51,-1.88,-2.03
-0.03,-0.07,1.39,-0.02,2.27,-0.55,-1.31,-2.94
0.01,-0.12,1.35,0.07,2.33,-0.57,0.56,-4.93
0.07,-0.18,1.32,0.09,2.4,-0.59,3.09,-7.9
0.13,-0.25,1.27,0.08,2.42,-0.56,5.58,-11.07
0.16,-0.3,1.24,-0.01,2.41,-0.51,7.25,-13.45
0.19,-0.35,1.23,-0.14,2.4,-0.45,8.31,-15.6
0.2,-0.38,1.23,-0.3,2.3,-0.37,8.98,-16.77
0.21,-0.38,1.23,-0.5,2.18,-0.27,9.07,-16.93
0.2,-0.36,1.25,-0.7,2.06,-0.16,8.96,-15.92
0.18,-0.34,1.27,-0.86,2.1,-0.2,7.99,-14.81
0.15,-0.27,1.31,-1.12,1.81,0.06,6.22,-11.77
0.07,-0.17,1.37,-1.26,1.68,0.15,3.12,-7.21
-0.01,-0.05,1.42,-1.35,1.6,0.23,-0.25,-2.01
-0.1,0.07,1.48,-1.36,1.55,0.26,-3.87,2.71
-0.18,0.17,1.52,-1.33,1.58,0.25,-6.75,6.18
-0.26,0.26,1.57,-1.25,1.61,0.24,-9.23,9.13
-0.31,0.33,1.59,-1.07,1.63,0.19,-10.74,11.35
-0.34,0.37,1.6,-0.85,1.88,-0.02,-11.76,12.81
-0.34,0.39,1.59,-0.69,1.75,0.04,-11.89,13.43
-0.31,0.38,1.56,-0.51,1.84,-0.04,-10.98,13.32
-0.25,0.32,1.52,-0.33,1.9,-0.12,-9.25,11.92
-0.18,0.24,1.47,-0.2,1.97,-0.19,-7.09,9.1
-0.13,0.16,1.42,-0.15,2.03,-0.22,-5.16,6.21
-0.07,0.09,1.4,-0.15,2.09,-0.23,-3.06,3.54
-0.03,0.03,1.38,-0.17,2.1,-0.21,-1.2,1.39
0.01,0.01,1.37,-0.22,2.09,-0.2,0.52,0.5
0.06,-0.03,1.36,-0.31,2.05,-0.13,2.49,-1.42
0.09,-0.06,1.35,-0.43,1.99,-0.06,3.72,-2.63
0.1,-0.07,1.34,-0.59,1.91,0.04,4.36,-2.97
0.1,-0.06,1.34,-0.74,1.81,0.13,4.21,-2.44
0.08,-0.01,1.36,-0.9,1.7,0.22,3.36,-0.45
0.03,0.07,1.37,-1.06,1.61,0.29,1.41,3.11
-0.02,0.17,1.38,-1.19,1.49,0.36,-0.89,6.96
-0.08,0.26,1.39,-1.25,1.35,0.41,-3.23,10.48
-0.13,0.35,1.4,-1.27,1.2,0.42,-5.28,13.85
-0.16,0.4,1.39,-1.3,1.1,0.43,-6.5,15.87
-0.21,0.47,1.39,-1.26,1.14,0.27,-8.24,18.57
-0.25,0.52,1.36,-1.28,0.88,0.4,-9.61,20.76
-0.29,0.58,1.36,-1.25,0.82,0.36,-11.13,22.62
-0.35,0.68,1.35,-1.14,0.84,0.28,-13.07,25.97
-0.4,0.73,1.36,-1.02,0.89,0.18,-14.42,27.34
-0.4,0.75,1.36,-0.89,0.92,0.07,-14.43,27.87
-0.4,0.74,1.32,-0.73,0.94,-0.03,-14.84,28.26
-0.37,0.7,1.26,-0.62,0.96,-0.12,-14.45,28.23
-0.33,0.68,1.18,-0.56,0.95,-0.23,-13.82,29.01
-0.28,0.63,1.13,-0.53,0.91,-0.33,-12.17,28.45
-0.2,0.56,1.14,-0.57,0.85,-0.41,-9.14,25.94
-0.13,0.48,1.17,-0.68,0.73,-0.46,-5.95,21.91
-0.09,0.42,1.25,-0.85,0.63,-0.44,-3.96,18.54
-0.09,0.4,1.36,-1.04,0.52,-0.39,-3.5,16.19
-0.15,0.44,1.49,-1.21,0.4,-0.28,-5.52,16.42
-0.23,0.51,1.6,-1.34,0.26,-0.16,-7.71,17.63
-0.33,0.6,1.69,-1.44,0.15,-0.03,-10.46,19.13
-0.45,0.71,1.77,-1.46,0.01,0.1,-13.39,21.28
-0.57,0.82,1.8,-1.39,0.04,0.09,-16.04,23.32
-0.66,0.9,1.8,-1.33,-0.15,0.27,-18.1,25.11
-0.69,0.93,1.74,-1.16,-0.25,0.32,-19.13,26.52
-0.73,0.95,1.68,-0.97,-0.27,0.32,-20.69,27.41
-0.76,0.97,1.64,-0.7,-0.28,0.29,-21.73,28.36
-0.78,0.99,1.6,-0.43,-0.29,0.23,-22.38,29.08
-0.78,1.01,1.58,-0.15,-0.27,0.16,-22.66,29.8
-0.78,1.02,1.57,0.11,-0.27,0.08,-22.77,30.11
-0.78,1.02,1.57,0.36,-0.27,-0.03,-22.55,30.31
-0.77,1.03,1.56,0.58,-0.3,-0.12,-22.49,30.45
-0.75,1.02,1.58,0.8,-0.33,-0.23,-21.81,30.31
-0.73,1.01,1.61,0.97,-0.42,-0.3,-21.07,29.85
-0.7,0.99,1.66,1.11,-0.52,-0.38,-19.83,28.8
-0.64,0.95,1.68,1.22,-0.64,-0.44,-18.38,27.94
-0.56,0.89,1.67,1.29,-0.76,-0.48,-16.45,26.8
-0.49,0.81,1.65,1.34,-0.91,-0.52,-14.81,25.29
-0.41,0.74,1.64,1.36,-1.08,-0.54,-12.78,23.53
-0.34,0.67,1.63,1.34,-1.23,-0.54,-10.78,21.9
-0.29,0.61,1.62,1.31,-1.39,-0.55,-9.48,20.25
-0.25,0.56,1.63,1.25,-1.54,-0.55,-8.43,18.67
-0.22,0.51,1.64,1.19,-1.71,-0.54,-7.39,17.16
-0.2,0.47,1.65,1.15,-1.84,-0.54,-6.68,15.65
-0.18,0.42,1.68,1.1,-1.94,-0.53,-6.03,14.1
-0.18,0.4,1.71,1.06,-2.02,-0.53,-5.76,13.18
-0.18,0.38,1.74,1.06,-2.08,-0.52,-5.63,12.26
-0.14,0.36,1.75,1.09,-2.11,-0.53,-4.6,11.48
-0.12,0.31,1.78,1.11,-2.12,-0.53,-3.72,9.83
-0.1,0.26,1.82,1.12,-2.12,-0.53,-3.09,7.96
-0.08,0.2,1.87,1.17,-2.15,-0.51,-2.52,6.18
-0.05,0.16,1.89,1.23,-2.2,-0.47,-1.5,4.89
0.0,0.1,1.88,1.28,-2.23,-0.44,0.14,3.12
0.03,0.04,1.87,1.32,-2.27,-0.4,0.93,1.33
0.05,-0.01,1.84,1.35,-2.28,-0.34,1.45,-0.25
0.07,-0.05,1.81,1.38,-2.3,-0.31,2.31,-1.63
0.11,-0.09,1.76,1.39,-2.3,-0.28,3.66,-2.93
0.14,-0.14,1.71,1.38,-2.3,-0.25,4.78,-4.72
0.19,-0.2,1.66,1.36,-2.32,-0.21,6.3,-6.75
0.24,-0.27,1.6,1.31,-2.34,-0.16,8.4,-9.53
0.27,-0.33,1.54,1.23,-2.36,-0.12,9.71,-12.04
0.29,-0.39,1.51,1.13,-2.39,-0.07,10.48,-14.18
0.3,-0.41,1.45,1.01,-2.44,-0.01,11.29,-15.52
0.3,-0.42,1.41,0.9,-2.48,0.05,11.62,-16.37
0.3,-0.42,1.38,0.77,-2.52,0.09,11.69,-16.52
0.29,-0.42,1.34,0.68,-2.56,0.13,11.83,-17.15
0.3,-0.4,1.31,0.58,-2.6,0.16,12.45,-16.72
0.29,-0.4,1.26,0.49,-2.62,0.17,12.5,-17.17
0.28,-0.41,1.22,0.42,-2.62,0.16,12.12,-18.19
0.27,-0.41,1.21,0.34,-2.59,0.15,12.13,-18.32
0.27,-0.41,1.15,0.24,-2.58,0.14,12.28,-19.11
0.27,-0.41,1.13,0.17,-2.55,0.12,12.71,-19.18
0.27,-0.42,1.11,0.09,-2.56,0.1,12.85,-20.07
0.26,-0.42,1.11,0.03,-2.56,0.08,12.6,-20.22
0.26,-0.43,1.11,-0.04,-2.57,0.06,12.26,-20.58
0.25,-0.44,1.11,-0.09,-2.57,0.04,11.8,-21.12
0.24,-0.46,1.14,-0.14,-2.63,0.03,11.23,-21.68
0.24,-0.51,1.17,-0.19,-2.75,0.02,10.75,-23.05
0.24,-0.55,1.21,-0.23,-2.87,0.07,10.42,-23.99
0.23,-0.54,1.23,-0.24,-3.0,0.12,9.81,-23.39
0.22,-0.51,1.24,-0.22,-3.13,0.19,9.42,-22.1
0.21,-0.47,1.22,-0.17,-3.18,0.21,9.26,-21.01
0.21,-0.46,1.19,-0.16,-3.23,0.22,9.3,-21.05
0.21,-0.46,1.16,-0.11,-3.25,0.21,9.69,-21.42
0.22,-0.48,1.11,-0.08,-3.2,0.17,10.14,-22.82
0.22,-0.49,1.08,-0.05,-3.16,0.16,10.31,-23.83
0.2,-0.49,1.07,-0.05,-3.08,0.13,9.83,-24.1
0.19,-0.48,1.06,-0.01,-3.06,0.13,9.36,-24.1
0.2,-0.49,1.05,0.03,-3.05,0.12,9.85,-24.55
0.21,-0.51,1.02,0.07,-3.01,0.09,10.49,-25.97
0.21,-0.54,1.0,0.1,-2.96,0.09,10.31,-27.74
0.22,-0.54,0.99,0.12,-2.9,0.1,10.95,-28.05
0.24,-0.54,0.97,0.18,-2.79,0.09,12.17,-28.34
0.25,-0.54,0.96,0.2,-2.67,0.1,12.89,-28.45
0.26,-0.54,0.95,0.24,-2.57,0.1,13.43,-28.9
0.26,-0.54,0.93,0.26,-2.43,0.12,13.74,-29.31
0.28,-0.55,0.89,0.29,-2.36,0.14,14.73,-30.24
0.28,-0.55,0.87,0.32,-2.26,0.16,15.18,-30.96
0.26,-0.52,0.85,0.34,-2.16,0.2,14.67,-30.62
0.23,-0.5,0.82,0.36,-2.07,0.22,13.67,-30.27
0.22,-0.47,0.8,0.4,-2.03,0.25,13.42,-29.56
0.21,-0.45,0.74,0.41,-1.96,0.27,13.43,-30.18
0.18,-0.45,0.72,0.4,-1.89,0.3,11.92,-31.43
0.18,-0.45,0.71,0.42,-1.92,0.33,11.84,-31.69
0.17,-0.44,0.69,0.43,-1.95,0.38,11.71,-31.46
0.17,-0.39,0.69,0.44,-2.0,0.43,12.14,-28.73
0.17,-0.33,0.68,0.45,-2.0,0.46,12.45,-25.13
0.14,-0.27,0.67,0.47,-2.0,0.47,11.15,-21.57
0.12,-0.21,0.65,0.54,-2.01,0.44,9.55,-17.39
0.1,-0.17,0.64,0.59,-2.0,0.42,8.3,-14.99
0.08,-0.14,0.61,0.62,-1.93,0.36,7.37,-12.49
0.07,-0.11,0.59,0.66,-1.89,0.3,6.74,-10.54
0.08,-0.09,0.55,0.69,-1.85,0.23,8.51,-8.96
0.08,-0.09,0.51,0.71,-1.82,0.18,8.68,-9.82
0.07,-0.08,0.49,0.71,-1.8,0.13,8.46,-9.03
0.08,-0.08,0.45,0.7,-1.79,0.08,9.55,-9.93
0.07,-0.09,0.41,0.7,-1.78,0.04,9.63,-12.53
0.06,-0.09,0.38,0.65,-1.78,0.0,9.14,-13.5
0.05,-0.1,0.32,0.59,-1.76,-0.04,8.96,-17.22
0.04,-0.12,0.29,0.52,-1.75,-0.06,8.17,-22.19
0.04,-0.14,0.27,0.42,-1.77,-0.07,6.73,-26.57
0.02,-0.16,0.27,0.33,-1.8,-0.06,4.29,-30.9
0.02,-0.17,0.29,0.24,-1.76,-0.04,3.19,-31.36
0.02,-0.17,0.3,0.17,-1.74,-0.02,2.68,-29.75
0.02,-0.17,0.32,0.1,-1.71,0.0,3.17,-27.31
0.01,-0.17,0.36,0.04,-1.68,0.03,2.07,-24.64
0.01,-0.16,0.38,0.02,-1.63,0.06,0.89,-23.48
-0.0,-0.15,0.39,-0.03,-1.58,0.08,-0.34,-21.51
-0.02,-0.14,0.41,-0.06,-1.54,0.11,-2.03,-18.43
-0.03,-0.13,0.43,-0.06,-1.48,0.07,-4.27,-16.88
-0.04,-0.11,0.45,-0.09,-1.48,0.17,-5.4,-13.58
-0.05,-0.08,0.47,-0.1,-1.43,0.18,-5.72,-9.02
-0.07,-0.04,0.47,-0.1,-1.43,0.2,-7.87,-5.33
-0.09,-0.02,0.48,-0.11,-1.42,0.19,-10.5,-2.92
-0.12,-0.0,0.5,-0.13,-1.4,0.2,-14.04,-0.23
-0.14,0.02,0.51,-0.11,-1.38,0.18,-15.29,2.36
-0.15,0.04,0.52,-0.11,-1.35,0.17,-16.03,3.9
-0.15,0.04,0.53,-0.08,-1.34,0.15,-15.27,4.47
-0.16,0.05,0.54,-0.09,-1.33,0.13,-16.09,4.72
-0.17,0.04,0.54,-0.07,-1.26,0.12,-17.11,4.45
-0.19,0.04,0.56,-0.05,-1.22,0.11,-18.71,3.69
-0.19,0.04,0.57,-0.05,-1.16,0.1,-18.47,3.58
-0.19,0.04,0.58,0.01,-1.11,0.08,-17.67,4.02
-0.17,0.04,0.58,0.05,-1.07,0.09,-16.62,4.18
-0.17,0.05,0.57,0.1,-1.03,0.08,-16.49,5.01
-0.17,0.06,0.55,0.15,-0.95,0.08,-17.0,6.04
-0.17,0.07,0.53,0.17,-0.9,0.07,-17.46,7.51
-0.17,0.09,0.49,0.17,-0.82,0.06,-18.55,9.46
-0.18,0.11,0.47,0.17,-0.77,0.06,-20.67,11.97
-0.2,0.12,0.46,0.16,-0.71,0.05,-22.95,13.86
-0.22,0.14,0.46,0.14,-0.65,0.04,-24.97,15.02
-0.23,0.14,0.45,0.13,-0.59,0.02,-26.02,15.15
-0.23,0.13,0.45,0.07,-0.53,0.02,-26.59,14.81
-0.24,0.13,0.45,0.02,-0.53,0.03,-27.23,14.17
-0.24,0.13,0.46,-0.01,-0.52,0.03,-26.74,13.9
-0.24,0.12,0.47,-0.04,-0.55,0.04,-25.91,13.03
-0.23,0.1,0.49,-0.1,-0.58,0.06,-24.87,10.84
-0.23,0.09,0.52,-0.1,-0.63,0.09,-23.44,8.54
-0.22,0.07,0.55,-0.12,-0.66,0.11,-21.73,6.52
-0.2,0.07,0.59,-0.11,-0.66,0.15,-18.88,6.48
-0.2,0.09,0.65,-0.1,-0.62,0.17,-17.27,7.3
-0.21,0.11,0.68,-0.02,-0.59,0.18,-16.58,8.52
-0.22,0.13,0.71,0.05,-0.53,0.18,-16.86,9.69
-0.21,0.14,0.73,0.11,-0.44,0.15,-16.09,10.64
-0.22,0.16,0.73,0.19,-0.36,0.14,-16.74,11.81
-0.23,0.17,0.72,0.25,-0.24,0.11,-17.46,12.61
-0.24,0.17,0.71,0.34,-0.16,0.07,-18.07,13.13
-0.24,0.17,0.68,0.39,-0.08,0.04,-18.6,13.0
-0.23,0.15,0.64,0.42,0.04,0.02,-19.65,12.65
-0.23,0.15,0.6,0.47,0.1,0.02,-20.22,13.3
-0.24,0.14,0.59,0.5,0.16,0.02,-21.17,12.73
-0.24,0.16,0.56,0.51,0.2,0.03,-22.13,14.37
-0.24,0.17,0.53,0.49,0.27,0.03,-23.19,16.57
-0.25,0.19,0.51,0.47,0.27,0.04,-24.4,18.61
-0.25,0.2,0.5,0.43,0.3,0.03,-24.98,19.71
-0.25,0.2,0.5,0.39,0.29,0.04,-25.23,19.73
-0.25,0.21,0.5,0.31,0.32,0.04,-24.89,20.02
-0.25,0.21,0.51,0.26,0.29,0.04,-24.81,20.11
-0.26,0.2,0.53,0.22,0.26,0.03,-24.17,18.93
-0.25,0.2,0.55,0.18,0.24,0.02,-23.04,18.54
-0.24,0.19,0.58,0.14,0.24,0.01,-21.28,16.9
-0.24,0.18,0.6,0.12,0.24,0.0,-20.45,15.45
-0.23,0.17,0.62,0.13,0.23,-0.01,-19.6,14.32
-0.23,0.16,0.63,0.13,0.23,-0.01,-19.6,13.24
-0.22,0.15,0.65,0.18,0.24,-0.01,-18.67,12.69
-0.23,0.15,0.65,0.21,0.29,-0.04,-18.69,12.28
-0.22,0.15,0.64,0.24,0.34,-0.05,-18.89,12.47
-0.22,0.13,0.63,0.28,0.41,-0.07,-19.31,11.26
-0.22,0.13,0.61,0.32,0.49,-0.08,-19.9,11.22
-0.22,0.12,0.58,0.33,0.59,-0.09,-20.35,10.95
-0.22,0.12,0.56,0.36,0.64,-0.1,-21.25,11.16
-0.22,0.11,0.53,0.37,0.71,-0.1,-21.91,11.09
-0.21,0.1,0.51,0.36,0.78,-0.12,-22.11,10.11
-0.2,0.09,0.48,0.33,0.84,-0.12,-22.27,9.56
-0.19,0.08,0.47,0.32,0.88,-0.12,-21.32,8.49
-0.19,0.08,0.46,0.27,0.92,-0.12,-21.74,9.23
-0.17,0.06,0.46,0.22,0.96,-0.11,-20.42,6.85
-0.16,0.06,0.46,0.18,0.98,-0.1,-19.55,7.24
-0.18,0.07,0.44,0.12,0.99,-0.1,-22.16,8.19
-0.16,0.04,0.47,0.06,0.98,-0.1,-18.75,4.37
-0.14,0.02,0.51,0.04,0.97,-0.09,-15.27,1.75
-0.13,0.01,0.55,0.02,0.94,-0.08,-13.39,1.39
-0.14,0.02,0.57,0.03,0.93,-0.07,-13.31,2.16
-0.15,0.05,0.58,0.03,0.95,-0.07,-14.27,4.42
-0.16,0.04,0.59,0.04,1.0,-0.09,-15.48,4.04
-0.17,0.04,0.59,0.05,1.06,-0.13,-16.43,3.34
-0.16,0.03,0.58,0.08,1.12,-0.14,-15.49,2.63
-0.14,0.02,0.57,0.09,1.19,-0.16,-14.05,2.41
-0.13,0.01,0.56,0.11,1.23,-0.18,-13.44,1.12
-0.14,-0.0,0.53,0.11,1.28,-0.19,-14.4,-0.15
-0.13,-0.02,0.53,0.09,1.33,-0.19,-13.88,-2.08
-0.11,-0.03,0.53,0.08,1.35,-0.2,-12.29,-3.5
-0.09,-0.04,0.53,0.1,1.31,-0.2,-9.54,-4.31
-0.08,-0.05,0.53,0.08,1.32,-0.21,-8.09,-5.27
-0.07,-0.05,0.53,0.15,1.49,-0.35,-7.19,-5.06
-0.06,-0.05,0.52,0.06,1.34,-0.21,-6.95,-5.21
-0.07,-0.06,0.52,0.05,1.35,-0.22,-7.3,-6.67
-0.06,-0.08,0.54,0.01,1.37,-0.23,-6.33,-7.93
-0.05,-0.1,0.57,0.02,1.39,-0.23,-5.35,-9.56
-0.05,-0.1,0.59,0.06,1.4,-0.22,-4.45,-9.65
-0.04,-0.1,0.61,0.09,1.44,-0.23,-3.73,-9.23
-0.05,-0.11,0.63,0.15,1.5,-0.24,-4.35,-9.67
-0.05,-0.12,0.64,0.2,1.58,-0.25,-4.85,-10.31
-0.04,-0.11,0.64,0.26,1.65,-0.26,-3.63,-10.21
-0.02,-0.1,0.6,0.31,1.74,-0.29,-1.85,-9.42
-0.01,-0.1,0.53,0.36,1.81,-0.31,-1.26,-10.3
0.01,-0.1,0.48,0.34,1.91,-0.33,1.06,-12.29
0.02,-0.13,0.43,0.31,1.93,-0.35,2.54,-16.4
0.03,-0.14,0.4,0.3,2.15,-0.54,4.31,-19.04
0.05,-0.16,0.36,0.15,1.95,-0.39,6.79,-23.43
0.07,-0.19,0.36,0.01,1.94,-0.4,10.4,-27.16
0.09,-0.21,0.34,-0.13,1.9,-0.39,12.12,-31.79
0.1,-0.24,0.35,-0.26,1.82,-0.38,13.61,-32.72
0.12,-0.27,0.41,-0.41,1.77,-0.35,13.92,-32.14
0.14,-0.3,0.48,-0.55,1.7,-0.32,14.44,-30.94
0.17,-0.3,0.59,-0.63,1.65,-0.29,14.77,-25.79
0.18,-0.27,0.7,-0.66,1.63,-0.26,13.79,-20.46
0.18,-0.24,0.81,-0.61,1.66,-0.25,11.87,-16.42
0.14,-0.22,0.9,-0.54,1.75,-0.24,8.81,-13.35
0.11,-0.17,0.95,-0.41,1.87,-0.27,6.41,-10.0
0.08,-0.13,0.97,-0.24,2.02,-0.32,4.45,-7.65
0.07,-0.11,0.98,-0.06,2.21,-0.38,4.19,-6.26
0.07,-0.1,0.96,0.12,2.44,-0.47,4.39,-5.9
0.1,-0.14,0.91,0.26,2.57,-0.53,6.2,-8.65
0.13,-0.21,0.82,0.35,2.67,-0.57,8.67,-13.93
0.16,-0.27,0.75,0.36,2.69,-0.57,11.04,-19.79
0.17,-0.31,0.7,0.33,2.67,-0.56,12.8,-23.45
0.19,-0.35,0.65,0.26,2.6,-0.51,14.11,-27.41
0.2,-0.38,0.64,0.15,2.48,-0.47,15.45,-29.39
0.22,-0.42,0.63,-0.01,2.31,-0.41,16.13,-31.88
0.24,-0.46,0.67,-0.18,2.13,-0.33,16.37,-33.07
0.25,-0.5,0.76,-0.38,1.87,-0.23,15.66,-31.99
0.26,-0.47,0.85,-0.54,1.56,-0.11,14.88,-27.73
0.24,-0.35,0.92,-0.62,1.29,0.0,13.72,-20.12
0.18,-0.25,0.92,-0.69,1.17,0.02,10.58,-14.72
0.13,-0.15,1.01,-0.71,1.12,0.01,7.23,-8.63
0.06,-0.04,1.12,-0.63,1.22,-0.11,3.0,-2.29
0.02,0.03,1.17,-0.48,1.29,-0.18,0.99,1.51
-0.01,0.06,1.2,-0.27,1.52,-0.36,-0.53,2.66
-0.02,0.03,1.2,-0.09,1.79,-0.53,-0.92,1.57
0.0,-0.03,1.18,0.12,2.05,-0.69,0.12,-1.31
0.03,-0.11,1.15,0.3,2.29,-0.81,1.72,-5.31
0.09,-0.2,1.08,0.46,2.56,-0.92,4.7,-10.66
0.16,-0.33,0.98,0.5,2.8,-0.97,8.8,-18.53
0.22,-0.48,0.91,0.47,2.93,-0.96,12.2,-27.01
0.27,-0.61,0.87,0.32,3.02,-0.91,14.26,-33.82
0.31,-0.7,0.86,0.13,3.01,-0.82,15.73,-37.55
0.35,-0.73,0.86,-0.13,2.92,-0.69,17.4,-38.19
0.38,-0.74,0.88,-0.4,2.77,-0.53,18.24,-37.5
0.39,-0.73,0.91,-0.68,2.6,-0.39,18.3,-36.28
0.36,-0.67,0.98,-0.98,2.42,-0.25,16.91,-32.81
0.33,-0.58,1.06,-1.23,2.24,-0.12,15.1,-27.63
0.27,-0.43,1.19,-1.45,2.05,-0.01,12.0,-19.36
0.24,-0.35,1.29,-1.55,1.89,0.06,9.99,-14.87
0.18,-0.24,1.39,-1.61,1.75,0.12,7.46,-9.89
0.12,-0.13,1.48,-1.61,1.68,0.14,4.58,-5.09
0.05,-0.01,1.55,-1.53,1.65,0.14,1.89,-0.37
-0.02,0.1,1.62,-1.37,1.69,0.09,-0.86,3.67
-0.08,0.17,1.67,-1.14,1.77,0.02,-2.76,5.9
-0.11,0.23,1.7,-0.9,1.95,-0.08,-3.68,7.53
-0.12,0.23,1.7,-0.62,2.14,-0.18,-4.14,7.65
-0.09,0.2,1.64,-0.38,2.33,-0.3,-3.23,6.79
-0.03,0.1,1.56,-0.19,2.51,-0.39,-1.27,3.51
0.02,-0.01,1.49,-0.1,2.68,-0.44,0.67,-0.4
0.06,-0.07,1.43,-0.06,2.78,-0.47,2.39,-2.75
0.1,-0.11,1.41,-0.07,2.87,-0.47,3.96,-4.36
0.13,-0.15,1.37,-0.11,2.88,-0.45,5.52,-6.06
0.15,-0.16,1.34,-0.18,2.86,-0.43,6.42,-6.91
0.16,-0.17,1.33,-0.28,2.8,-0.38,6.71,-7.44
0.16,-0.17,1.34,-0.37,2.71,-0.33,6.69,-7.28
0.14,-0.13,1.35,-0.45,2.58,-0.26,5.84,-5.4
0.11,-0.07,1.36,-0.51,2.51,-0.21,4.47,-2.82
0.06,0.01,1.38,-0.53,2.46,-0.17,2.41,0.52
-0.01,0.11,1.42,-0.49,2.46,-0.15,-0.24,4.25
-0.05,0.21,1.43,-0.42,2.51,-0.16,-2.09,8.42
-0.08,0.29,1.42,-0.29,2.53,-0.22,-3.06,11.43
-0.08,0.32,1.38,-0.18,2.63,-0.31,-3.35,12.99
-0.07,0.29,1.34,-0.07,2.67,-0.41,-3.03,12.21
-0.03,0.23,1.3,0.01,2.7,-0.5,-1.14,10.01
0.03,0.14,1.26,0.01,2.72,-0.59,1.5,6.32
0.1,0.03,1.24,-0.04,2.72,-0.65,4.65,1.34
0.16,-0.09,1.24,-0.18,2.65,-0.68,7.33,-4.11
0.19,-0.17,1.27,-0.39,2.56,-0.68,8.68,-7.64
0.2,-0.23,1.33,-0.62,2.49,-0.65,8.28,-9.53
0.18,-0.23,1.39,-0.85,2.39,-0.59,7.25,-9.3
0.15,-0.2,1.49,-1.05,2.31,-0.52,5.66,-7.66
0.1,-0.15,1.6,-1.22,2.21,-0.43,3.62,-5.25
0.03,-0.07,1.72,-1.33,2.11,-0.31,0.89,-2.36
-0.07,0.03,1.81,-1.34,2.05,-0.18,-2.18,1.05
-0.16,0.16,1.84,-1.32,2.0,-0.04,-4.81,4.81
-0.23,0.25,1.82,-1.2,1.98,0.07,-7.28,7.76
-0.3,0.33,1.76,-1.06,2.0,0.13,-9.63,10.3
-0.35,0.39,1.69,-0.91,2.08,0.16,-11.35,12.9
-0.35,0.45,1.61,-0.78,2.13,0.15,-12.01,15.14
-0.32,0.43,1.52,-0.67,2.15,0.09,-11.37,15.58
-0.27,0.38,1.47,-0.54,2.36,-0.09,-9.96,14.33
-0.22,0.31,1.45,-0.6,2.17,0.01,-8.4,12.11
-0.19,0.26,1.44,-0.68,2.1,0.0,-7.23,10.34
-0.18,0.24,1.45,-0.78,2.03,0.01,-6.87,9.21
-0.19,0.25,1.47,-0.8,2.03,-0.09,-7.08,9.51
-0.21,0.27,1.49,-0.93,1.7,0.11,-7.72,10.27
-0.25,0.32,1.51,-0.98,1.53,0.17,-9.18,11.88
-0.32,0.4,1.52,-1.0,1.33,0.24,-11.67,14.53
-0.36,0.46,1.51,-1.0,1.21,0.29,-12.99,16.59
-0.42,0.55,1.5,-0.97,1.11,0.32,-14.88,19.33
-0.47,0.62,1.47,-0.89,1.04,0.32,-16.45,21.82
-0.48,0.64,1.43,-0.82,0.96,0.31,-17.01,23.06
-0.46,0.64,1.42,-0.74,0.9,0.28,-16.52,23.14
-0.43,0.6,1.41,-0.71,0.88,0.26,-15.57,22.36
-0.4,0.57,1.4,-0.73,0.88,0.25,-14.76,21.35
-0.39,0.56,1.41,-0.73,0.81,0.27,-14.51,20.78
-0.38,0.56,1.44,-0.76,0.74,0.29,-13.77,20.71
-0.37,0.58,1.48,-0.81,0.63,0.33,-13.13,20.83
-0.38,0.62,1.53,-0.87,0.51,0.4,-13.11,21.44
-0.39,0.68,1.56,-0.9,0.4,0.46,-12.87,22.82
-0.43,0.74,1.58,-0.91,0.3,0.56,-13.73,24.3
-0.45,0.82,1.56,-0.87,0.16,0.64,-14.42,26.85
-0.49,0.89,1.51,-0.82,0.04,0.7,-15.49,29.25
-0.51,0.93,1.45,-0.77,-0.1,0.73,-16.56,31.1
-0.54,0.96,1.38,-0.68,-0.24,0.73,-17.72,32.88
-0.54,0.99,1.31,-0.6,-0.36,0.69,-18.22,34.93
-0.56,1.01,1.27,-0.53,-0.45,0.63,-19.16,36.13
-0.57,1.03,1.23,-0.44,-0.55,0.55,-19.66,37.23
-0.56,1.02,1.2,-0.34,-0.68,0.46,-19.5,37.57
-0.53,1.0,1.19,-0.3,-0.78,0.35,-18.92,37.44
-0.52,0.97,1.2,-0.24,-0.91,0.25,-18.6,36.63
-0.51,0.94,1.21,-0.2,-1.04,0.15,-18.32,35.67
-0.51,0.93,1.25,-0.14,-1.15,0.07,-18.07,34.68
-0.5,0.93,1.29,-0.06,-1.24,-0.04,-17.53,33.84
-0.49,0.89,1.33,0.02,-1.31,-0.11,-16.98,32.28
-0.46,0.85,1.36,0.08,-1.35,-0.19,-16.09,30.61
-0.44,0.82,1.4,0.16,-1.39,-0.25,-15.27,29.09
-0.42,0.78,1.43,0.23,-1.42,-0.31,-14.55,27.62
-0.4,0.76,1.48,0.28,-1.43,-0.35,-13.6,26.22
-0.38,0.72,1.52,0.34,-1.45,-0.39,-12.73,24.56
-0.34,0.68,1.57,0.39,-1.48,-0.41,-11.35,22.96
-0.3,0.63,1.6,0.44,-1.54,-0.42,-9.81,21.29
-0.26,0.58,1.63,0.47,-1.6,-0.4,-8.5,19.33
-0.24,0.54,1.65,0.47,-1.66,-0.37,-7.83,17.87
-0.22,0.51,1.65,0.49,-1.75,-0.32,-7.14,17.04
-0.2,0.49,1.63,0.49,-1.86,-0.29,-6.76,16.44
-0.19,0.46,1.6,0.48,-1.98,-0.28,-6.61,16.01
-0.2,0.45,1.62,0.48,-2.1,-0.26,-6.88,15.31
-0.2,0.42,1.6,0.48,-2.22,-0.24,-6.76,14.74
-0.2,0.42,1.61,0.5,-2.31,-0.25,-7.01,14.52
-0.2,0.43,1.62,0.54,-2.38,-0.25,-6.91,14.8
-0.2,0.43,1.62,0.58,-2.39,-0.27,-6.84,14.63
-0.2,0.41,1.61,0.65,-2.38,-0.3,-6.76,14.02
-0.18,0.37,1.61,0.72,-2.38,-0.33,-6.33,12.88
-0.17,0.35,1.62,0.77,-2.37,-0.36,-5.77,12.22
-0.15,0.32,1.62,0.83,-2.36,-0.39,-5.01,11.12
-0.12,0.29,1.63,0.88,-2.39,-0.41,-4.17,10.15
-0.09,0.24,1.62,0.96,-2.45,-0.44,-3.2,8.54
-0.05,0.2,1.6,1.01,-2.48,-0.47,-1.88,7.18
-0.01,0.14,1.56,1.03,-2.55,-0.47,-0.3,5.2
0.03,0.08,1.54,1.04,-2.61,-0.49,1.14,3.04
0.06,0.02,1.51,1.02,-2.67,-0.51,2.44,0.62
0.09,-0.05,1.49,0.98,-2.73,-0.5,3.47,-1.86
0.12,-0.1,1.51,0.94,-2.77,-0.52,4.52,-3.83
0.14,-0.15,1.52,0.9,-2.82,-0.51,5.21,-5.55
0.15,-0.19,1.54,0.85,-2.86,-0.49,5.52,-6.95
0.16,-0.23,1.56,0.82,-2.92,-0.46,5.8,-8.5
0.16,-0.28,1.59,0.77,-2.92,-0.44,5.75,-9.9
0.17,-0.29,1.61,0.78,-2.96,-0.4,5.81,-10.24
0.16,-0.29,1.62,0.8,-2.92,-0.37,5.5,-10.25
0.17,-0.29,1.62,0.84,-2.9,-0.33,5.87,-10.25
0.19,-0.33,1.6,0.87,-2.82,-0.32,6.53,-11.49
0.2,-0.35,1.59,0.9,-2.75,-0.29,6.94,-12.19
0.22,-0.37,1.56,0.96,-2.78,-0.31,7.64,-13.29
0.23,-0.4,1.56,0.93,-2.67,-0.22,8.04,-14.2
0.26,-0.44,1.56,0.96,-2.64,-0.2,9.02,-15.5
0.26,-0.48,1.55,0.97,-2.7,-0.14,9.12,-17.01
0.27,-0.49,1.53,1.01,-2.78,-0.04,9.59,-17.59
0.29,-0.47,1.48,1.03,-2.87,0.03,10.61,-17.27
0.29,-0.46,1.39,1.03,-2.95,0.09,11.35,-17.85
0.29,-0.46,1.3,1.0,-3.0,0.12,11.66,-19.07
0.28,-0.47,1.23,0.96,-3.07,0.15,12.04,-20.53
0.28,-0.47,1.17,0.92,-3.09,0.17,12.59,-21.33
0.28,-0.46,1.14,0.86,-3.08,0.16,12.96,-21.41
0.28,-0.47,1.1,0.79,-3.06,0.16,13.18,-22.42
0.28,-0.46,1.08,0.75,-3.05,0.17,13.24,-22.58
0.28,-0.47,1.05,0.7,-3.04,0.17,13.72,-23.54
0.28,-0.48,1.01,0.62,-3.03,0.17,14.03,-24.71
0.28,-0.5,0.98,0.56,-3.03,0.18,14.47,-25.97
0.29,-0.51,0.95,0.5,-3.05,0.19,14.86,-27.03
0.28,-0.52,0.93,0.43,-3.05,0.21,14.96,-28.2
0.28,-0.53,0.92,0.36,-3.04,0.22,14.6,-28.69
0.26,-0.51,0.93,0.29,-3.04,0.23,13.92,-27.83
0.25,-0.48,0.93,0.27,-3.01,0.24,13.34,-26.63
0.24,-0.48,0.93,0.27,-2.94,0.24,13.09,-26.28
0.24,-0.48,0.94,0.27,-2.87,0.23,12.63,-26.4
0.23,-0.48,0.93,0.26,-2.74,0.22,12.22,-26.52
0.23,-0.48,0.92,0.27,-2.62,0.22,12.45,-26.85
0.24,-0.49,0.9,0.29,-2.55,0.22,13.04,-27.8
0.24,-0.51,0.88,0.28,-2.46,0.22,13.5,-29.36
0.23,-0.53,0.87,0.28,-2.38,0.23,12.74,-30.37
0.22,-0.52,0.85,0.28,-2.34,0.26,12.42,-30.77
0.22,-0.51,0.83,0.26,-2.37,0.3,12.81,-30.71
0.22,-0.51,0.79,0.27,-2.3,0.31,13.23,-31.7
0.21,-0.5,0.75,0.26,-2.26,0.32,13.04,-32.55
0.2,-0.49,0.72,0.23,-2.25,0.35,12.9,-33.27
0.19,-0.48,0.7,0.21,-2.25,0.36,12.45,-33.31
0.19,-0.47,0.68,0.17,-2.24,0.38,12.98,-33.61
0.19,-0.46,0.66,0.13,-2.24,0.39,13.28,-33.99
0.18,-0.45,0.65,0.07,-2.24,0.42,12.99,-33.71
0.17,-0.42,0.64,0.02,-2.24,0.45,12.41,-32.35
0.15,-0.39,0.63,-0.01,-2.24,0.45,11.61,-31.48
0.14,-0.37,0.62,-0.06,-2.21,0.44,10.65,-30.54
0.12,-0.36,0.63,-0.11,-2.17,0.44,9.52,-29.14
0.11,-0.34,0.65,-0.13,-2.14,0.43,8.5,-27.14
0.1,-0.31,0.68,-0.13,-2.1,0.41,7.97,-24.3
0.11,-0.3,0.7,-0.11,-2.03,0.4,8.12,-22.84
0.11,-0.29,0.72,-0.08,-1.94,0.38,7.89,-21.57
0.1,-0.28,0.72,-0.02,-1.88,0.36,7.65,-20.69
0.09,-0.27,0.73,0.03,-1.77,0.33,6.89,-20.24
0.09,-0.26,0.71,0.1,-1.68,0.32,6.76,-20.13
0.1,-0.26,0.69,0.14,-1.57,0.3,7.68,-20.21
0.1,-0.27,0.68,0.19,-1.52,0.29,8.17,-21.19
0.11,-0.3,0.67,0.22,-1.5,0.29,8.73,-24.03
0.1,-0.33,0.65,0.26,-1.51,0.34,7.79,-26.64
0.09,-0.32,0.66,0.28,-1.52,0.39,6.98,-25.95
0.08,-0.27,0.67,0.32,-1.56,0.45,6.02,-22.01
0.05,-0.22,0.68,0.38,-1.61,0.48,4.24,-17.79
0.03,-0.16,0.64,0.44,-1.6,0.5,2.94,-14.07
0.01,-0.12,0.6,0.5,-1.59,0.48,0.75,-11.36
-0.02,-0.08,0.56,0.5,-1.56,0.46,-1.78,-8.5
-0.04,-0.05,0.53,0.57,-1.57,0.42,-4.13,-4.89
-0.05,-0.02,0.51,0.53,-1.51,0.43,-6.17,-1.74
-0.06,0.01,0.48,0.55,-1.44,0.37,-7.38,1.5
-0.07,0.04,0.43,0.54,-1.41,0.32,-9.09,5.2
-0.07,0.05,0.38,0.54,-1.43,0.25,-10.89,7.28
-0.08,0.04,0.36,0.45,-1.41,0.24,-12.7,6.52
-0.09,0.04,0.33,0.36,-1.39,0.21,-14.78,7.34
-0.09,0.05,0.32,0.31,-1.44,0.2,-15.59,7.82
-0.09,0.06,0.3,0.21,-1.47,0.18,-15.9,10.02
-0.1,0.08,0.32,0.12,-1.53,0.17,-17.45,13.35
-0.13,0.11,0.36,0.02,-1.55,0.15,-19.79,15.56
-0.16,0.15,0.39,-0.05,-1.56,0.13,-20.42,19.45
-0.17,0.18,0.42,-0.09,-1.58,0.08,-20.24,21.31
-0.18,0.19,0.47,-0.12,-1.56,0.01,-19.22,21.0
-0.19,0.2,0.51,-0.13,-1.5,-0.06,-18.94,19.6
-0.19,0.17,0.55,-0.12,-1.42,-0.12,-17.83,16.59
-0.17,0.14,0.59,-0.08,-1.35,-0.21,-15.49,12.5
-0.14,0.08,0.62,-0.04,-1.29,-0.2,-12.55,7.52
-0.11,0.02,0.64,0.02,-1.23,-0.2,-9.32,1.32
-0.08,-0.06,0.65,0.11,-1.21,-0.18,-6.74,-5.06
-0.05,-0.1,0.67,0.19,-1.2,-0.11,-4.42,-8.48
-0.05,-0.11,0.68,0.31,-1.19,-0.04,-3.82,-9.42
-0.05,-0.08,0.7,0.43,-1.15,0.04,-4.18,-6.81
-0.06,-0.04,0.7,0.55,-1.07,0.1,-5.25,-3.44
-0.08,-0.0,0.69,0.68,-0.97,0.13,-6.99,-0.08
-0.11,0.05,0.66,0.8,-0.86,0.14,-9.17,4.37
-0.13,0.08,0.62,0.9,-0.71,0.13,-11.4,7.18
-0.13,0.1,0.6,0.97,-0.6,0.13,-12.17,9.42
-0.15,0.12,0.56,1.02,-0.45,0.1,-14.68,12.24
-0.16,0.14,0.52,1.06,-0.32,0.1,-16.95,14.43
-0.17,0.15,0.47,1.07,-0.19,0.08,-19.52,16.36
-0.18,0.14,0.43,1.05,-0.07,0.07,-21.23,16.67
-0.18,0.13,0.4,1.03,-0.02,0.09,-23.14,17.05
-0.19,0.14,0.37,0.98,0.02,0.12,-26.06,17.84
-0.21,0.14,0.37,0.91,0.04,0.14,-27.35,18.36
-0.22,0.15,0.37,0.85,0.06,0.16,-28.89,18.7
-0.23,0.16,0.36,0.77,0.05,0.19,-30.08,20.75
-0.24,0.17,0.37,0.68,0.05,0.21,-30.36,21.03
-0.24,0.15,0.38,0.59,0.02,0.23,-29.86,18.84
-0.23,0.11,0.41,0.52,-0.04,0.26,-28.47,13.79
-0.22,0.07,0.44,0.42,-0.13,0.31,-26.12,7.63
-0.19,0.02,0.49,0.37,-0.23,0.37,-21.32,1.71
-0.17,0.01,0.54,0.33,-0.33,0.42,-17.31,0.56
-0.16,0.02,0.61,0.3,-0.35,0.49,-14.21,1.76
-0.16,0.05,0.67,0.32,-0.33,0.52,-13.16,3.95
-0.17,0.1,0.72,0.35,-0.29,0.55,-13.33,7.6
-0.18,0.14,0.76,0.42,-0.24,0.54,-12.87,10.25
-0.2,0.17,0.8,0.45,-0.12,0.5,-13.51,11.62
-0.2,0.18,0.84,0.51,0.01,0.45,-13.37,12.0
-0.2,0.2,0.85,0.56,0.17,0.39,-12.92,12.78
-0.2,0.2,0.87,0.66,0.31,0.32,-12.61,12.69
-0.19,0.2,0.87,0.74,0.44,0.26,-12.27,12.64
-0.19,0.21,0.85,0.8,0.56,0.22,-12.39,13.39
-0.2,0.2,0.81,0.88,0.63,0.19,-13.33,13.38
-0.2,0.19,0.76,0.93,0.67,0.15,-14.13,13.91
-0.21,0.19,0.7,0.93,0.7,0.13,-16.36,14.57
-0.22,0.18,0.66,0.91,0.7,0.11,-17.95,14.79
-0.23,0.18,0.62,0.88,0.68,0.1,-19.81,15.29
-0.25,0.2,0.6,0.82,0.63,0.09,-21.22,17.21
-0.25,0.21,0.58,0.77,0.54,0.09,-22.38,18.47
-0.28,0.23,0.56,0.67,0.51,0.07,-24.49,20.52
-0.3,0.24,0.54,0.59,0.43,0.06,-26.43,20.81
-0.3,0.23,0.54,0.49,0.36,0.02,-27.2,20.61
-0.31,0.23,0.52,0.39,0.3,-0.02,-28.28,20.54
-0.3,0.2,0.54,0.28,0.27,-0.05,-27.54,17.94
-0.29,0.17,0.54,0.19,0.23,-0.07,-26.96,15.13
-0.26,0.14,0.57,0.18,0.33,-0.2,-24.04,12.43
-0.23,0.11,0.58,0.08,0.2,-0.07,-21.49,10.36
-0.22,0.1,0.6,0.04,0.22,-0.08,-19.53,9.18
-0.21,0.09,0.62,0.02,0.28,-0.08,-18.37,7.81
-0.21,0.08,0.64,0.01,0.33,-0.09,-18.05,6.82
-0.2,0.07,0.65,0.02,0.38,-0.08,-16.79,6.22
-0.2,0.08,0.66,0.04,0.47,-0.1,-16.49,6.67
-0.19,0.09,0.65,0.08,0.54,-0.11,-16.31,7.18
-0.2,0.09,0.63,0.09,0.61,-0.13,-17.03,7.44
-0.19,0.08,0.62,0.11,0.68,-0.14,-17.16,7.31
-0.19,0.08,0.59,0.12,0.78,-0.17,-17.59,7.38
-0.18,0.08,0.58,0.11,0.84,-0.18,-17.55,7.61
-0.19,0.08,0.56,0.12,0.88,-0.21,-18.2,8.05
-0.18,0.07,0.55,0.12,0.9,-0.22,-18.27,6.69
-0.18,0.05,0.54,0.11,0.92,-0.24,-18.34,5.22
-0.17,0.03,0.53,0.09,0.93,-0.24,-18.22,3.58
-0.16,0.02,0.52,0.08,0.89,-0.24,-16.94,2.38
-0.16,0.03,0.5,0.06,0.86,-0.24,-17.76,3.33
-0.16,0.03,0.49,0.03,0.86,-0.24,-18.13,3.87
-0.16,0.03,0.47,0.01,0.84,-0.25,-18.8,4.01
-0.16,0.04,0.46,-0.04,0.85,-0.26,-19.2,4.67
-0.17,0.04,0.45,-0.09,0.86,-0.26,-20.49,4.33
-0.16,0.02,0.44,-0.14,0.88,-0.28,-20.57,2.89
-0.15,0.0,0.45,-0.19,0.9,-0.29,-18.06,0.19
-0.14,-0.01,0.46,-0.23,0.93,-0.3,-16.86,-0.68
-0.13,-0.03,0.47,-0.24,0.97,-0.29,-15.95,-3.93
-0.08,-0.05,0.52,-0.27,1.02,-0.29,-8.85,-5.2
-0.13,-0.03,0.47,-0.29,1.07,-0.28,-14.94,-3.82
-0.12,-0.04,0.48,-0.31,1.12,-0.28,-13.58,-4.33
-0.09,-0.02,0.54,-0.31,1.16,-0.28,-9.11,-2.1
-0.06,-0.01,0.59,-0.25,1.22,-0.29,-5.3,-0.75
-0.05,0.01,0.61,-0.19,1.29,-0.29,-4.32,1.14
-0.06,0.01,0.62,-0.11,1.36,-0.3,-5.51,1.12
-0.09,0.01,0.59,-0.05,1.44,-0.33,-8.26,0.53
-0.09,0.0,0.56,-0.02,1.51,-0.36,-8.74,0.3
-0.09,-0.01,0.54,0.01,1.59,-0.39,-9.21,-1.42
-0.08,-0.02,0.52,-0.0,1.64,-0.39,-8.54,-2.02
-0.06,-0.03,0.51,0.01,1.69,-0.41,-7.06,-2.99
-0.05,-0.04,0.49,0.01,1.71,-0.42,-6.28,-4.53
-0.05,-0.05,0.45,-0.04,1.73,-0.44,-6.48,-5.74
-0.05,-0.06,0.42,-0.1,1.72,-0.43,-6.42,-8.52
-0.05,-0.07,0.41,-0.19,1.7,-0.44,-6.44,-10.22
-0.04,-0.07,0.42,-0.28,1.67,-0.45,-5.53,-9.59
-0.02,-0.07,0.43,-0.38,1.64,-0.46,-2.18,-9.75
0.0,-0.07,0.48,-0.47,1.64,-0.47,0.01,-7.98
0.01,-0.08,0.51,-0.53,1.64,-0.5,1.49,-8.48
0.03,-0.07,0.56,-0.55,1.63,-0.51,3.38,-7.57
0.05,-0.1,0.6,-0.58,1.65,-0.54,4.54,-9.65
0.06,-0.12,0.66,-0.58,1.67,-0.54,5.1,-9.95
0.07,-0.13,0.69,-0.56,1.7,-0.56,5.95,-10.2
0.08,-0.14,0.73,-0.51,1.72,-0.56,6.49,-10.87
0.09,-0.15,0.77,-0.41,1.96,-0.74,6.19,-10.9
0.08,-0.15,0.79,-0.39,1.81,-0.59,5.63,-11.0
0.08,-0.13,0.78,-0.3,1.89,-0.59,5.49,-9.8
0.07,-0.14,0.74,-0.25,1.96,-0.61,4.98,-10.41
0.06,-0.17,0.69,-0.23,2.06,-0.66,4.74,-13.52
0.06,-0.21,0.64,-0.26,2.14,-0.69,5.34,-18.13
0.09,-0.25,0.61,-0.32,2.19,-0.69,7.53,-22.22
0.11,-0.28,0.61,-0.38,2.18,-0.69,9.21,-24.71
0.14,-0.31,0.6,-0.48,2.18,-0.67,11.92,-26.25
0.17,-0.32,0.62,-0.59,2.16,-0.65,13.45,-26.75
0.18,-0.35,0.64,-0.7,2.11,-0.62,14.12,-27.34
0.21,-0.37,0.7,-0.82,2.06,-0.56,14.66,-27.01
0.23,-0.37,0.78,-0.91,1.99,-0.51,14.91,-24.45
0.24,-0.33,0.89,-0.96,1.95,-0.46,14.2,-19.85
0.24,-0.27,1.0,-0.96,1.93,-0.41,13.14,-14.98
0.23,-0.22,1.06,-0.9,1.92,-0.39,12.06,-11.3
0.21,-0.18,1.12,-0.81,1.96,-0.39,10.36,-9.02
0.17,-0.14,1.17,-0.7,2.07,-0.41,8.26,-6.71
0.14,-0.1,1.19,-0.54,2.16,-0.43,6.47,-4.76
0.12,-0.08,1.23,-0.35,2.29,-0.49,5.7,-3.59
0.1,-0.05,1.16,-0.18,2.43,-0.56,4.7,-2.58
0.1,-0.09,1.11,-0.05,2.56,-0.63,5.12,-4.46
0.11,-0.11,1.08,0.06,2.66,-0.71,5.55,-5.97
0.13,-0.18,1.03,0.15,2.72,-0.76,7.03,-9.69
0.15,-0.25,0.95,0.14,2.75,-0.78,8.82,-14.68
0.17,-0.33,0.89,0.08,2.8,-0.79,9.93,-19.74
0.18,-0.37,0.88,-0.01,2.77,-0.76,10.79,-22.47
0.2,-0.4,0.89,-0.11,2.8,-0.81,11.3,-23.57
0.21,-0.41,0.92,-0.25,2.54,-0.68,11.91,-23.63
0.23,-0.41,0.93,-0.39,2.43,-0.64,13.06,-23.33
0.25,-0.41,0.94,-0.53,2.31,-0.58,13.55,-22.9
0.26,-0.39,0.98,-0.66,2.16,-0.54,13.76,-21.23
0.25,-0.35,1.03,-0.78,2.01,-0.48,12.87,-18.24
0.23,-0.3,1.1,-0.86,1.92,-0.45,11.36,-14.85
0.21,-0.24,1.17,-0.9,1.84,-0.43,10.24,-11.47
0.19,-0.19,1.23,-0.9,1.8,-0.44,8.46,-8.72
0.15,-0.15,1.3,-0.79,2.0,-0.6,6.38,-6.43
0.11,-0.11,1.35,-0.72,1.88,-0.46,4.53,-4.45
0.08,-0.05,1.37,-0.56,2.03,-0.5,3.33,-2.16
0.06,-0.03,1.37,-0.37,2.17,-0.55,2.34,-1.45
0.05,-0.03,1.35,-0.21,2.32,-0.6,1.91,-1.39
0.03,-0.05,1.31,-0.05,2.48,-0.67,1.37,-2.37
0.04,-0.09,1.26,0.09,2.61,-0.72,1.91,-3.92
0.08,-0.14,1.19,0.15,2.71,-0.78,3.63,-6.62
0.1,-0.2,1.13,0.25,2.97,-0.97,5.07,-10.04
0.12,-0.25,1.1,0.14,2.79,-0.82,6.22,-12.81
0.14,-0.3,1.08,0.05,2.78,-0.82,7.02,-15.42
0.17,-0.34,1.07,-0.05,2.71,-0.8,8.52,-17.15
0.2,-0.37,1.06,-0.18,2.6,-0.75,10.11,-18.72
0.22,-0.37,1.07,-0.37,2.5,-0.7,10.98,-18.91
0.22,-0.37,1.07,-0.53,2.38,-0.64,11.15,-18.7
0.21,-0.34,1.09,-0.72,2.24,-0.58,10.52,-16.88
0.19,-0.29,1.13,-0.87,2.12,-0.52,9.31,-14.06
0.16,-0.2,1.19,-0.99,2.0,-0.49,7.49,-9.62
0.12,-0.1,1.26,-1.06,1.91,-0.46,5.2,-4.53
0.07,0.01,1.34,-1.07,1.84,-0.44,2.97,0.45
0.04,0.11,1.38,-0.98,1.83,-0.45,1.47,4.39
-0.0,0.16,1.4,-0.87,1.87,-0.48,-0.04,6.55
-0.03,0.19,1.37,-0.73,1.97,-0.52,-1.21,7.79
-0.05,0.19,1.34,-0.59,2.08,-0.58,-1.98,7.93
-0.03,0.16,1.3,-0.48,2.21,-0.64,-1.45,6.86
-0.0,0.11,1.25,-0.42,2.31,-0.68,-0.14,5.01
0.02,0.06,1.21,-0.38,2.4,-0.73,0.75,2.89
0.04,0.01,1.17,-0.37,2.44,-0.75,1.85,0.73
0.06,-0.01,1.15,-0.39,2.46,-0.77,2.88,-0.72
0.08,-0.04,1.14,-0.44,2.47,-0.77,4.1,-1.81
0.11,-0.07,1.13,-0.54,2.47,-0.77,5.76,-3.38
0.15,-0.09,1.16,-0.68,2.46,-0.74,7.49,-4.37
0.18,-0.09,1.2,-0.81,2.39,-0.71,8.53,-4.47
0.18,-0.07,1.26,-0.95,2.26,-0.65,7.94,-3.27
0.15,-0.03,1.32,-1.09,2.15,-0.62,6.62,-1.4
0.12,0.01,1.36,-1.21,1.99,-0.55,5.14,0.58
0.08,0.07,1.41,-1.33,1.84,-0.49,3.34,2.65
0.04,0.11,1.44,-1.39,1.66,-0.44,1.55,4.45
-0.01,0.15,1.46,-1.42,1.55,-0.4,-0.53,5.8
-0.06,0.18,1.48,-1.47,1.44,-0.37,-2.12,7.01
-0.1,0.21,1.47,-1.45,1.35,-0.35,-3.89,8.2
-0.15,0.24,1.48,-1.4,1.26,-0.34,-5.55,9.19
-0.17,0.25,1.48,-1.35,1.22,-0.37,-6.6,9.49
-0.2,0.25,1.46,-1.29,1.24,-0.4,-7.62,9.62
-0.23,0.26,1.46,-1.18,1.47,-0.59,-8.92,9.87
-0.25,0.25,1.45,-1.12,1.36,-0.47,-9.72,9.77
-0.27,0.25,1.45,-0.99,1.42,-0.52,-10.3,9.5
-0.27,0.22,1.45,-0.87,1.49,-0.57,-10.36,8.56
-0.24,0.18,1.45,-0.76,1.53,-0.59,-9.45,7.03
-0.21,0.14,1.46,-0.66,1.54,-0.6,-8.11,5.38
-0.17,0.09,1.46,-0.6,1.54,-0.61,-6.7,3.52
-0.12,0.04,1.43,-0.56,1.54,-0.59,-4.8,1.51
-0.09,0.0,1.43,-0.55,1.5,-0.56,-3.7,0.08
-0.05,-0.07,1.43,-0.59,1.42,-0.52,-1.82,-2.77
0.01,-0.13,1.44,-0.66,1.35,-0.46,0.24,-5.23
0.03,-0.18,1.48,-0.79,1.24,-0.37,1.19,-6.81
0.05,-0.22,1.5,-0.96,1.11,-0.27,1.74,-8.41
0.05,-0.21,1.52,-1.15,0.96,-0.14,1.74,-7.96
0.02,-0.18,1.55,-1.33,0.83,-0.01,0.9,-6.53
-0.01,-0.1,1.58,-1.51,0.74,0.12,-0.52,-3.65
-0.08,-0.0,1.62,-1.66,0.66,0.27,-2.69,-0.09
-0.15,0.1,1.65,-1.72,0.57,0.39,-5.28,3.56
-0.23,0.22,1.67,-1.74,0.5,0.52,-7.67,7.42
-0.29,0.32,1.68,-1.71,0.5,0.6,-9.66,10.69
-0.33,0.42,1.67,-1.65,0.5,0.69,-10.99,13.74
-0.37,0.51,1.66,-1.53,0.58,0.75,-12.12,16.67
-0.41,0.58,1.62,-1.38,0.66,0.8,-13.4,18.95
-0.43,0.62,1.57,-1.21,0.79,0.81,-14.43,20.69
-0.45,0.66,1.52,-1.05,0.92,0.83,-15.22,22.49
-0.48,0.68,1.44,-0.87,1.01,0.81,-16.65,24.16
-0.49,0.68,1.35,-0.7,1.09,0.77,-18.17,25.37
-0.51,0.67,1.26,-0.55,1.15,0.71,-19.64,26.36
-0.5,0.66,1.18,-0.44,1.15,0.63,-20.21,27.29
-0.49,0.65,1.13,-0.31,1.08,0.55,-20.46,28.01
-0.46,0.63,1.08,-0.21,1.0,0.45,-20.08,28.22
-0.41,0.59,1.04,-0.14,0.91,0.36,-19.07,27.58
-0.35,0.53,1.01,-0.07,0.79,0.28,-17.11,26.46
-0.29,0.48,1.0,-0.04,0.64,0.21,-14.4,24.98
-0.21,0.42,1.0,-0.02,0.5,0.14,-10.85,22.56
-0.14,0.36,1.01,-0.06,0.39,0.1,-7.31,19.73
-0.08,0.31,1.01,-0.12,0.29,0.06,-4.49,16.88
-0.05,0.26,1.01,-0.21,0.19,0.07,-2.74,14.42
-0.03,0.22,1.0,-0.29,0.09,0.06,-1.62,12.22
-0.02,0.19,0.99,-0.41,-0.04,0.07,-1.32,10.67
-0.04,0.18,0.98,-0.53,-0.14,0.08,-2.16,10.58
-0.06,0.2,0.97,-0.61,-0.28,0.08,-3.3,11.41
-0.09,0.2,0.95,-0.72,-0.42,0.09,-5.17,12.05
-0.12,0.22,0.95,-0.79,-0.56,0.09,-7.05,13.15
-0.13,0.23,0.94,-0.83,-0.69,0.09,-7.68,13.83
-0.15,0.24,0.94,-0.88,-0.81,0.08,-8.67,14.2
-0.15,0.25,0.94,-0.93,-0.94,0.07,-8.83,14.76
-0.16,0.25,0.96,-0.87,-1.0,0.05,-9.18,14.24
-0.17,0.24,0.97,-0.85,-1.02,0.02,-9.53,13.75
-0.18,0.24,0.98,-0.81,-1.05,0.01,-9.93,13.62
-0.19,0.25,0.99,-0.77,-1.04,-0.0,-10.33,14.22
-0.19,0.26,0.98,-0.68,-1.03,-0.01,-10.59,14.81
-0.2,0.27,0.97,-0.58,-0.99,-0.04,-11.05,15.16
-0.2,0.27,0.95,-0.49,-0.94,-0.07,-11.42,15.38
-0.2,0.26,0.94,-0.4,-0.87,-0.12,-11.75,15.31
-0.2,0.25,0.92,-0.31,-0.81,-0.17,-11.67,15.02
-0.18,0.23,0.89,-0.23,-0.72,-0.24,-11.34,14.1
-0.18,0.21,0.89,-0.13,-0.64,-0.3,-10.91,13.15
-0.17,0.2,0.9,-0.07,-0.58,-0.37,-10.67,12.16
-0.16,0.18,0.91,0.02,-0.53,-0.44,-9.77,10.99
-0.16,0.16,0.92,0.1,-0.48,-0.5,-9.42,9.43
-0.14,0.13,0.95,0.17,-0.43,-0.54,-8.27,7.54
-0.14,0.11,0.98,0.24,-0.38,-0.56,-7.79,6.58
-0.12,0.09,0.99,0.32,-0.36,-0.57,-7.02,4.91
-0.09,0.06,1.0,0.38,-0.32,-0.6,-5.29,3.52
-0.09,0.05,1.02,0.44,-0.29,-0.6,-5.01,2.86
-0.07,0.03,1.03,0.53,-0.26,-0.59,-3.83,1.64
-0.05,-0.0,1.03,0.59,-0.24,-0.58,-3.04,-0.23
-0.05,-0.01,1.04,0.65,-0.22,-0.55,-2.66,-0.66
-0.03,-0.03,1.03,0.7,-0.16,-0.53,-1.75,-1.54
-0.02,-0.03,1.02,0.74,-0.12,-0.51,-1.34,-1.8
-0.01,-0.04,1.0,0.78,-0.09,-0.51,-0.73,-2.33
0.0,-0.04,0.98,0.82,-0.06,-0.51,0.11,-2.57
0.01,-0.06,0.96,0.85,0.01,-0.52,0.75,-3.42
0.03,-0.08,0.96,0.85,0.06,-0.51,1.53,-4.6
0.05,-0.1,0.96,0.87,0.1,-0.51,2.72,-6.2
0.06,-0.12,0.96,0.87,0.14,-0.49,3.33,-6.9
0.08,-0.13,0.96,0.86,0.19,-0.48,4.53,-7.86
0.09,-0.15,0.95,0.83,0.21,-0.45,5.49,-8.75
0.1,-0.16,0.94,0.82,0.21,-0.42,5.99,-9.47
0.11,-0.16,0.94,0.78,0.24,-0.41,6.44,-9.82
0.11,-0.17,0.92,0.76,0.23,-0.37,6.57,-10.31
0.11,-0.17,0.92,0.69,0.26,-0.34,6.59,-10.61
0.11,-0.18,0.91,0.64,0.25,-0.32,6.92,-11.22
0.11,-0.18,0.91,0.59,0.22,-0.28,6.79,-11.29
0.11,-0.18,0.91,0.52,0.23,-0.27,6.54,-11.29
0.11,-0.17,0.9,0.46,0.2,-0.23,6.52,-10.78
0.1,-0.16,0.9,0.43,0.15,-0.21,6.14,-10.21
0.09,-0.16,0.9,0.36,0.12,-0.19,5.69,-10.12
0.08,-0.16,0.9,0.3,0.11,-0.17,5.2,-9.93
0.07,-0.14,0.92,0.25,0.06,-0.14,4.5,-8.96
0.07,-0.14,0.92,0.2,0.01,-0.12,4.06,-8.83
0.06,-0.13,0.93,0.15,-0.04,-0.09,3.67,-8.22
0.05,-0.12,0.92,0.1,-0.05,-0.08,3.19,-7.5
0.04,-0.11,0.91,0.07,-0.06,-0.06,2.5,-6.85
0.03,-0.09,0.91,0.05,-0.09,-0.05,1.68,-5.51
0.02,-0.07,0.91,0.04,-0.08,-0.05,1.14,-4.73
0.01,-0.07,0.91,0.0,-0.07,-0.05,0.69,-4.23
0.0,-0.06,0.91,-0.02,-0.04,-0.06,0.28,-3.61
-0.0,-0.05,0.91,-0.02,-0.03,-0.06,-0.23,-3.04
-0.01,-0.04,0.92,-0.02,-0.01,-0.06,-0.7,-2.6
-0.02,-0.04,0.93,-0.02,0.01,-0.07,-1.12,-2.55
-0.03,-0.04,0.93,-0.03,0.04,-0.09,-1.6,-2.73
-0.03,-0.04,0.94,-0.04,0.05,-0.08,-1.97,-2.45
-0.03,-0.03,0.94,-0.03,0.06,-0.09,-2.12,-2.12
-0.04,-0.04,0.95,-0.03,0.06,-0.08,-2.56,-2.28
-0.04,-0.03,0.94,-0.04,0.08,-0.08,-2.57,-2.1
-0.04,-0.04,0.94,-0.03,0.08,-0.08,-2.62,-2.3
-0.04,-0.03,0.94,-0.03,0.07,-0.08,-2.57,-1.92
-0.05,-0.03,0.93,-0.03,0.09,-0.09,-3.28,-1.83
-0.04,-0.03,0.94,-0.05,0.09,-0.07,-2.5,-1.85
-0.04,-0.03,0.93,-0.04,0.09,-0.08,-2.3,-1.75
-0.04,-0.03,0.93,-0.04,0.09,-0.07,-2.52,-1.89
-0.04,-0.03,0.93,-0.05,0.09,-0.07,-2.72,-1.71
-0.05,-0.02,0.93,-0.07,0.09,-0.07,-2.86,-1.48
-0.05,-0.03,0.94,-0.08,0.07,-0.06,-3.15,-1.54
-0.07,-0.01,0.96,-0.09,0.04,-0.05,-4.19,-0.79
-0.06,-0.01,0.96,-0.09,0.01,-0.04,-3.74,-0.8
-0.06,-0.0,0.95,-0.1,-0.01,-0.04,-3.9,-0.03
-0.07,0.0,0.94,-0.1,-0.03,-0.03,-4.44,0.11
-0.07,0.01,0.93,-0.11,-0.05,-0.03,-4.27,0.31
-0.07,0.01,0.93,-0.12,-0.06,-0.05,-4.37,0.91
-0.08,0.02,0.93,-0.12,-0.05,-0.07,-4.65,1.28
-0.07,0.01,0.93,-0.14,-0.04,-0.07,-4.36,0.9
-0.07,0.02,0.94,-0.12,-0.03,-0.08,-4.43,1.16
-0.07,0.01,0.95,-0.13,-0.02,-0.09,-4.45,0.67
-0.07,0.02,0.96,-0.13,0.0,-0.1,-4.28,1.32
-0.06,0.01,0.96,-0.13,0.02,-0.1,-3.76,0.58
-0.06,0.01,0.97,-0.16,0.04,-0.11,-3.63,0.42
-0.07,0.01,0.96,-0.14,0.02,-0.09,-3.96,0.42
-0.07,0.01,0.95,-0.14,0.02,-0.08,-3.98,0.33
-0.06,0.02,0.96,-0.15,0.02,-0.08,-3.84,1.02
-0.06,0.02,0.96,-0.15,0.02,-0.09,-3.79,1.25
-0.06,0.02,0.95,-0.15,0.01,-0.08,-3.46,1.05
-0.06,0.02,0.95,-0.16,-0.01,-0.08,-3.55,1.29
-0.05,0.01,0.96,-0.17,-0.01,-0.08,-3.14,0.81
-0.06,0.02,0.96,-0.19,-0.03,-0.08,-3.64,1.3
-0.06,0.03,0.97,-0.18,-0.07,-0.07,-3.69,1.64
-0.06,0.03,0.96,-0.19,-0.08,-0.08,-3.54,1.81
-0.07,0.04,0.97,-0.19,-0.09,-0.07,-4.09,2.4
-0.07,0.05,0.96,-0.18,-0.1,-0.08,-3.88,2.67
-0.07,0.05,0.96,-0.2,-0.11,-0.08,-4.12,3.02
