accelX,accelY,accelZ,gyroX,gyroY,gyroZ,pitch,roll
0.02,0.04,1.01,-0.03,0.01,0.0,1.16,2.02
0.02,0.04,1.0,-0.08,-0.06,0.07,0.87,2.05
0.02,0.04,1.0,-0.04,-0.01,0.02,1.05,2.21
0.01,0.04,1.0,-0.05,0.01,-0.0,0.86,2.17
0.02,0.03,0.99,-0.04,-0.0,0.01,1.13,1.72
0.02,0.03,1.0,-0.07,-0.04,0.04,0.94,1.91
0.02,0.03,1.0,-0.05,-0.01,0.01,1.22,1.94
0.01,0.03,0.99,-0.02,-0.0,-0.0,0.83,2.01
0.02,0.03,0.99,-0.04,0.01,-0.0,1.0,1.96
0.02,0.04,1.01,-0.03,0.0,0.01,0.9,2.42
0.02,0.04,0.99,-0.04,-0.01,0.01,1.11,2.04
0.02,0.04,1.0,-0.05,0.0,-0.0,1.16,2.26
0.01,0.03,1.01,-0.02,0.0,0.01,0.74,1.67
0.02,0.04,0.99,-0.03,0.01,-0.0,0.98,2.46
0.02,0.04,1.0,0.07,0.18,-0.18,1.03,2.07
0.02,0.04,1.0,-0.03,-0.01,-0.0,1.28,2.31
0.02,0.04,1.0,-0.02,0.0,0.0,1.0,2.18
0.02,0.04,1.0,-0.02,0.0,0.01,0.9,2.29
0.01,0.04,1.0,-0.02,-0.01,0.01,0.79,2.31
0.02,0.04,0.99,-0.05,0.0,-0.01,0.94,2.04
0.02,0.04,1.0,-0.03,0.01,0.0,1.01,2.06
0.02,0.04,1.0,-0.03,0.01,-0.0,0.9,2.24
0.02,0.04,1.0,-0.02,0.01,-0.01,1.06,2.08
0.02,0.04,1.0,-0.02,-0.01,0.0,0.97,2.12
0.02,0.04,1.0,-0.03,0.01,0.0,1.05,2.09
0.02,0.04,1.0,-0.04,0.02,0.0,1.11,2.18
0.01,0.04,1.01,-0.03,0.01,0.0,0.74,2.03
0.01,0.04,1.0,-0.03,-0.0,-0.0,0.76,2.1
0.02,0.04,1.0,-0.03,0.01,-0.0,0.86,2.08
0.01,0.04,1.0,-0.03,0.01,0.0,0.79,2.04
0.02,0.04,0.99,-0.03,0.0,-0.01,0.95,2.09
0.02,0.04,1.0,-0.02,-0.01,0.0,0.88,2.19
0.02,0.04,1.0,-0.03,0.01,0.0,1.01,2.24
0.01,0.04,1.0,-0.04,0.01,0.0,0.75,2.29
0.02,0.03,0.99,-0.02,-0.0,0.01,1.11,1.97
0.02,0.04,1.0,-0.03,-0.01,-0.0,0.96,2.12
0.02,0.04,1.0,-0.03,-0.01,0.01,0.87,2.01
0.02,0.04,1.0,-0.04,0.02,0.0,1.0,2.22
0.02,0.03,1.01,-0.02,0.0,-0.0,0.9,1.87
0.01,0.04,1.0,-0.03,-0.01,0.01,0.69,2.38
0.02,0.04,1.0,-0.05,0.02,-0.0,0.88,2.09
0.02,0.04,0.99,-0.04,0.01,0.0,0.92,2.03
0.01,0.04,1.0,-0.03,-0.0,0.0,0.83,2.24
0.02,0.04,1.0,-0.02,-0.01,-0.0,0.96,2.18
0.02,0.04,0.99,-0.04,0.01,-0.0,1.24,2.03
0.01,0.04,1.0,-0.02,0.01,-0.01,0.58,2.2
0.02,0.04,1.0,-0.03,0.01,0.0,1.09,2.33
0.02,0.04,0.99,-0.02,-0.01,0.01,1.11,2.07
0.01,0.04,1.0,-0.05,0.01,0.0,0.83,2.24
0.02,0.04,1.0,-0.04,0.01,0.0,0.94,2.12
0.01,0.04,1.0,-0.03,0.0,-0.0,0.82,2.3
0.02,0.04,1.0,-0.02,0.0,-0.0,1.01,2.15
0.02,0.04,1.0,-0.02,0.01,-0.0,1.04,2.25
0.01,0.04,1.0,-0.03,0.01,0.0,0.85,2.15
0.02,0.04,1.0,-0.02,0.01,-0.0,0.9,2.03
0.01,0.04,1.0,-0.03,0.01,-0.01,0.73,2.35
0.02,0.04,1.0,0.04,0.14,-0.14,0.9,2.19
0.02,0.03,1.0,-0.03,0.01,-0.01,1.02,1.99
0.02,0.04,1.0,-0.05,0.02,-0.03,1.15,2.49
0.02,0.03,1.0,0.02,0.13,-0.13,0.98,1.99
0.02,0.03,1.01,-0.06,0.01,0.0,0.97,1.96
0.02,0.04,1.01,-0.04,0.02,0.0,1.22,2.14
0.02,0.03,0.99,-0.03,0.0,0.01,0.96,1.98
0.02,0.04,1.0,-0.03,-0.0,0.01,0.96,2.29
0.02,0.04,1.0,-0.04,0.01,-0.0,0.91,2.37
0.02,0.04,1.0,-0.03,0.02,0.0,1.18,2.19
0.02,0.04,1.0,-0.04,0.02,-0.0,1.19,2.25
0.02,0.04,0.99,-0.03,-0.0,-0.0,0.98,2.17
0.02,0.04,1.0,-0.03,-0.0,-0.0,0.88,2.28
0.02,0.04,1.0,-0.03,0.02,0.0,0.91,2.53
0.02,0.03,1.0,-0.04,0.01,0.0,1.18,1.96
0.02,0.04,1.0,-0.04,-0.01,0.01,1.0,2.16
0.02,0.04,1.0,-0.03,0.0,-0.01,1.34,2.38
0.02,0.04,1.0,-0.02,0.0,-0.0,1.14,2.34
0.02,0.04,1.0,-0.03,0.0,0.0,1.12,2.35
0.02,0.04,1.0,-0.03,-0.0,-0.0,1.01,2.31
0.02,0.04,1.0,-0.03,-0.01,0.01,0.91,2.32
0.02,0.04,1.0,-0.05,0.02,-0.0,1.0,2.3
0.02,0.04,1.0,-0.02,-0.0,0.0,0.96,2.45
0.02,0.04,1.0,-0.02,-0.0,0.01,1.17,2.32
0.02,0.04,1.0,-0.03,-0.01,-0.0,1.04,2.26
0.02,0.04,1.0,-0.03,0.0,-0.0,1.07,2.41
0.02,0.04,0.99,-0.03,0.01,0.01,0.98,2.43
0.02,0.04,1.0,-0.04,-0.0,0.0,1.01,2.16
0.02,0.04,0.99,-0.02,-0.0,0.01,1.03,2.22
0.02,0.04,1.0,-0.03,-0.01,0.01,1.04,2.4
0.02,0.04,0.99,-0.04,0.01,-0.0,0.95,2.52
0.02,0.04,1.0,-0.03,0.01,-0.0,1.01,2.34
0.01,0.04,0.99,-0.02,-0.01,-0.0,0.86,2.24
0.02,0.04,1.0,-0.02,0.0,0.0,0.95,2.41
0.01,0.04,1.0,-0.03,0.01,0.0,0.84,2.27
0.02,0.04,1.0,-0.02,0.0,-0.0,1.04,2.17
0.02,0.04,1.0,-0.03,-0.01,0.01,1.0,2.47
0.02,0.04,1.0,-0.04,0.01,-0.01,0.89,2.42
0.02,0.05,1.0,-0.04,0.01,0.0,1.03,2.58
0.02,0.04,0.99,-0.02,0.0,0.0,0.88,2.48
0.02,0.04,0.99,-0.02,-0.0,0.01,0.96,2.32
0.01,0.04,0.97,-0.02,-0.0,0.0,0.68,2.28
0.02,0.05,1.01,-0.02,0.01,0.0,1.29,2.7
0.01,0.04,0.95,-0.02,0.01,0.0,0.88,2.53
0.01,0.04,0.98,-0.02,-0.01,0.01,0.53,2.34
0.0,0.04,1.0,-0.01,-0.01,0.0,0.03,2.54
0.02,0.04,0.99,-0.02,-0.0,0.0,1.13,2.21
0.01,0.04,1.0,-0.03,0.01,0.01,0.77,2.3
0.03,0.04,0.99,0.05,0.13,-0.15,1.57,2.54
0.02,0.04,1.01,-0.01,-0.0,-0.0,1.1,2.3
0.02,0.05,1.0,-0.02,-0.01,-0.0,1.07,2.83
0.02,0.05,1.0,-0.03,0.01,0.0,1.0,2.67
0.02,0.05,1.0,-0.03,0.01,-0.01,1.35,2.68
0.02,0.05,1.0,-0.03,0.0,-0.0,1.23,2.69
0.02,0.04,1.0,-0.04,0.01,-0.0,1.38,2.45
0.03,0.04,1.0,-0.03,0.01,-0.0,1.44,2.33
0.02,0.04,0.99,0.04,0.14,-0.15,1.3,2.56
0.01,0.04,0.99,-0.03,0.01,-0.01,0.79,2.43
0.02,0.04,1.0,-0.03,0.02,-0.0,1.02,2.32
0.02,0.04,1.0,-0.03,0.02,-0.0,1.06,2.24
0.02,0.04,1.0,-0.04,0.01,0.0,0.95,2.37
0.01,0.04,1.0,-0.02,-0.0,-0.0,0.73,2.39
0.01,0.05,1.0,-0.01,0.0,-0.01,0.79,2.65
0.02,0.05,1.0,-0.02,0.0,0.0,1.22,2.62
0.02,0.04,1.0,-0.01,0.06,-0.07,1.26,2.51
0.02,0.04,1.0,-0.03,-0.01,0.02,1.4,2.55
0.02,0.04,1.0,-0.06,0.02,-0.01,1.17,2.44
0.02,0.05,1.0,-0.03,0.0,0.0,1.22,2.68
0.02,0.05,1.0,0.0,0.09,-0.08,1.21,2.64
0.02,0.04,1.0,-0.05,-0.02,0.02,1.18,2.51
0.02,0.04,1.0,-0.03,-0.02,0.01,1.4,2.33
0.02,0.04,1.0,-0.04,0.01,0.0,0.99,2.36
0.02,0.04,0.99,-0.08,-0.05,0.05,0.95,2.46
0.02,0.04,1.0,-0.04,-0.02,0.02,0.9,2.29
0.02,0.05,1.0,-0.04,0.01,-0.01,1.25,2.71
0.02,0.05,1.0,-0.04,0.0,0.0,1.02,2.7
0.02,0.04,1.0,-0.03,0.0,-0.0,1.01,2.46
0.02,0.05,1.0,-0.02,-0.01,-0.0,1.09,2.58
0.02,0.04,1.0,-0.03,0.01,-0.0,0.98,2.48
0.02,0.04,0.99,-0.03,0.01,-0.01,1.16,2.52
0.02,0.04,1.0,-0.03,0.01,0.0,0.94,2.48
0.02,0.05,1.0,-0.03,-0.0,0.0,1.02,2.79
0.02,0.04,1.0,-0.03,0.01,-0.0,1.14,2.53
0.02,0.04,1.0,-0.03,0.02,-0.0,1.0,2.43
0.02,0.04,1.0,-0.06,0.0,-0.0,0.89,2.46
0.02,0.05,1.0,0.03,0.13,-0.14,1.08,2.64
0.02,0.04,1.0,-0.04,0.0,-0.0,1.15,2.34
0.02,0.04,0.99,-0.03,0.01,0.01,1.17,2.52
0.02,0.05,1.0,-0.03,0.0,0.01,1.17,2.66
0.02,0.04,1.0,-0.03,-0.0,0.01,1.13,2.46
0.02,0.05,1.0,0.03,0.15,-0.16,1.39,2.61
0.02,0.04,1.0,-0.04,0.01,-0.0,1.23,2.41
0.02,0.04,1.0,-0.03,0.01,0.0,1.06,2.57
0.02,0.05,1.0,-0.02,-0.0,0.0,1.24,2.6
0.02,0.04,0.99,-0.03,-0.0,0.0,0.98,2.49
0.02,0.04,1.0,-0.03,0.02,-0.0,0.93,2.37
0.02,0.05,1.0,-0.03,0.0,0.01,1.01,2.61
0.02,0.04,1.0,-0.03,0.0,-0.0,1.18,2.15
0.02,0.04,1.0,-0.03,0.01,-0.01,1.25,2.55
0.02,0.05,1.0,-0.04,0.02,0.01,0.98,2.74
0.02,0.04,1.0,-0.05,0.02,-0.0,1.18,2.48
0.02,0.05,1.0,-0.02,0.0,-0.0,1.22,2.59
0.02,0.04,1.0,-0.03,-0.0,0.0,0.93,2.55
0.02,0.05,1.0,-0.04,0.02,-0.0,1.28,2.64
0.02,0.05,1.0,-0.03,0.01,0.01,1.26,2.78
0.02,0.04,1.0,-0.03,0.01,-0.0,1.36,2.54
0.02,0.05,1.0,-0.02,0.0,0.0,1.09,2.66
0.02,0.05,0.99,-0.03,0.01,-0.0,1.23,2.69
0.03,0.05,1.0,-0.03,0.01,-0.0,1.57,2.82
0.02,0.05,1.0,-0.02,0.01,-0.0,0.96,2.7
0.02,0.05,1.0,-0.03,0.02,-0.03,1.25,2.7
0.02,0.05,1.0,-0.05,0.01,0.01,1.33,2.72
0.02,0.04,0.98,-0.04,0.01,0.01,1.23,2.44
0.02,0.04,1.0,-0.06,0.0,0.0,1.33,2.3
0.02,0.04,1.0,-0.05,-0.02,0.01,1.29,2.43
0.02,0.05,1.0,-0.06,0.02,-0.0,0.9,2.6
0.02,0.05,1.0,-0.03,0.01,0.01,0.87,2.84
0.03,0.04,0.99,-0.03,0.0,0.0,1.69,2.55
0.02,0.05,1.0,-0.02,-0.0,0.01,1.09,2.93
0.03,0.05,1.01,-0.03,-0.0,0.01,1.53,2.57
0.02,0.05,1.01,-0.03,0.01,-0.0,1.38,2.63
0.02,0.05,0.99,-0.06,-0.02,0.01,1.12,2.73
0.02,0.05,1.0,-0.05,-0.02,0.02,1.05,2.6
0.02,0.05,1.0,-0.05,0.02,0.0,1.35,3.14
0.03,0.05,1.0,-0.04,0.01,0.0,1.49,2.9
0.02,0.05,0.99,-0.02,-0.0,0.01,1.32,2.78
0.02,0.05,1.0,-0.03,-0.01,0.01,1.41,2.77
0.02,0.05,0.99,-0.04,0.01,-0.0,1.15,2.88
0.02,0.05,0.99,-0.03,0.01,-0.0,1.19,2.83
0.02,0.04,1.0,-0.02,0.0,-0.0,1.08,2.55
0.02,0.05,1.0,-0.02,-0.0,0.01,1.11,2.86
0.02,0.05,1.0,-0.03,-0.0,-0.0,0.98,2.65
0.02,0.05,1.0,-0.03,0.01,0.01,1.08,2.61
0.02,0.05,1.0,-0.03,0.01,0.0,1.05,2.57
0.02,0.05,1.0,-0.03,-0.01,0.01,1.04,2.59
0.02,0.05,1.0,-0.05,0.0,-0.0,1.13,2.71
0.02,0.05,1.0,-0.03,0.01,-0.0,1.02,2.85
0.02,0.05,0.99,-0.03,0.01,-0.01,1.24,2.73
0.02,0.05,1.0,0.07,0.19,-0.18,1.31,2.91
0.02,0.05,1.0,-0.03,-0.01,-0.0,1.16,2.73
0.02,0.05,1.0,-0.03,0.0,-0.01,1.16,2.6
0.02,0.05,1.0,-0.02,0.0,0.01,1.04,2.59
0.02,0.04,1.0,-0.03,-0.0,0.0,1.03,2.51
0.02,0.04,0.99,-0.03,-0.0,-0.0,0.98,2.52
0.02,0.05,1.01,-0.03,0.01,-0.0,1.02,2.58
0.02,0.05,1.0,-0.03,0.01,0.0,1.29,2.86
0.01,0.05,1.0,0.03,0.14,-0.14,0.79,2.6
0.02,0.05,1.01,-0.03,0.0,-0.01,0.98,2.73
0.02,0.05,1.0,-0.04,0.02,0.0,1.15,2.83
0.02,0.05,1.0,-0.03,0.02,0.0,1.24,2.72
0.02,0.05,1.0,-0.04,0.02,0.0,1.15,2.69
0.02,0.05,1.0,-0.02,-0.0,-0.0,1.27,2.89
0.02,0.05,1.0,-0.04,0.02,-0.01,1.05,2.6
0.03,0.05,1.0,-0.04,0.01,0.0,1.46,2.76
0.02,0.05,1.0,-0.02,-0.0,-0.0,1.02,2.99
0.02,0.05,1.0,-0.02,-0.01,0.01,1.42,2.79
0.03,0.05,1.0,-0.04,0.02,-0.0,1.45,2.84
0.02,0.05,0.99,-0.02,0.0,0.0,1.36,2.76
0.02,0.05,0.99,-0.02,0.01,-0.0,1.38,2.61
0.02,0.05,1.0,-0.02,-0.01,0.01,1.11,2.89
0.02,0.05,1.0,-0.03,-0.01,0.01,1.23,2.69
0.02,0.05,0.99,-0.05,0.02,0.01,1.29,2.89
0.02,0.05,1.0,-0.04,0.01,-0.02,1.18,2.89
0.02,0.05,1.0,-0.03,-0.01,0.01,1.23,2.81
0.02,0.05,0.99,-0.05,0.02,-0.0,1.05,2.93
0.02,0.05,1.0,-0.03,0.01,0.0,1.1,2.81
0.03,0.05,1.01,-0.03,-0.01,0.0,1.75,2.91
0.02,0.05,1.0,0.04,0.14,-0.15,1.11,2.68
0.02,0.05,1.0,-0.03,0.01,-0.01,1.21,2.82
0.02,0.05,1.0,-0.03,0.01,-0.0,1.09,2.7
0.02,0.05,0.99,-0.04,0.01,-0.0,1.35,2.74
0.03,0.05,1.0,-0.02,-0.01,0.0,1.52,3.04
0.02,0.05,1.0,-0.02,0.01,-0.0,1.01,3.01
0.02,0.05,1.0,-0.02,0.01,0.0,1.4,2.94
0.02,0.05,1.0,-0.04,0.0,-0.0,1.05,2.72
0.02,0.05,0.99,-0.02,-0.0,-0.01,1.38,2.78
0.02,0.05,1.0,-0.02,0.01,0.0,0.87,2.69
0.02,0.05,0.99,-0.03,0.02,0.01,1.18,3.03
0.03,0.05,1.0,-0.02,0.0,0.0,1.48,3.0
0.02,0.05,1.0,-0.02,0.0,0.01,1.39,2.6
0.03,0.05,1.0,0.03,0.13,-0.16,1.47,2.98
0.03,0.05,0.99,-0.04,0.01,-0.01,1.44,2.91
0.02,0.05,1.0,-0.03,0.0,0.0,1.33,2.61
0.02,0.05,0.99,-0.03,-0.01,-0.0,1.01,2.6
0.03,0.05,1.0,-0.02,0.0,0.01,1.45,2.92
0.02,0.05,1.0,-0.04,0.03,-0.0,1.05,2.69
0.02,0.05,0.99,-0.02,0.0,0.01,1.12,2.93
0.02,0.05,0.99,0.03,0.15,-0.15,1.17,2.77
0.02,0.05,1.0,-0.03,0.02,-0.01,1.22,3.12
0.02,0.05,1.0,-0.05,0.01,0.0,1.4,2.68
0.03,0.05,1.0,-0.03,0.02,-0.0,1.52,2.94
0.02,0.05,0.99,-0.03,0.0,-0.0,1.35,3.04
0.03,0.05,1.0,-0.02,-0.0,0.0,1.52,2.74
0.03,0.05,1.0,-0.03,0.02,0.0,1.45,2.66
0.02,0.05,1.0,-0.03,0.01,0.01,1.31,2.95
0.02,0.05,1.0,-0.03,0.01,-0.0,1.36,2.88
0.02,0.05,0.99,-0.03,0.0,-0.0,1.35,3.01
0.02,0.05,1.0,-0.02,0.01,-0.01,1.12,2.92
0.03,0.05,1.0,-0.03,0.01,0.0,1.44,2.91
0.02,0.05,1.0,-0.03,0.01,-0.0,1.17,2.73
0.02,0.05,1.0,-0.02,0.01,-0.0,1.41,2.84
0.02,0.05,0.99,-0.03,0.02,-0.0,1.35,2.93
0.02,0.05,0.99,-0.03,0.01,0.01,1.18,2.81
0.03,0.05,1.0,-0.03,0.01,0.0,1.55,2.98
0.02,0.05,1.0,-0.02,-0.0,-0.0,1.31,2.89
0.03,0.05,1.0,-0.02,0.0,-0.0,1.57,2.8
0.02,0.05,1.0,-0.02,0.0,-0.0,1.33,2.68
0.02,0.05,1.0,-0.03,0.02,-0.03,1.2,2.94
0.02,0.05,1.0,-0.02,-0.01,0.01,1.33,2.68
0.02,0.05,1.0,-0.05,-0.01,0.0,1.28,2.69
0.02,0.05,1.0,-0.05,0.01,-0.0,1.22,2.94
0.02,0.05,1.0,-0.04,0.0,0.0,1.28,2.95
0.02,0.05,1.0,-0.02,-0.0,0.0,1.38,2.94
0.02,0.05,1.0,-0.03,0.01,-0.0,1.24,2.85
0.02,0.05,1.0,-0.03,0.01,0.0,1.43,3.08
0.03,0.05,1.0,-0.04,0.0,0.0,1.46,2.91
0.02,0.05,1.0,-0.03,-0.01,0.0,1.32,3.03
0.02,0.05,1.0,-0.03,0.0,-0.0,1.14,3.01
0.02,0.05,1.0,-0.03,0.01,0.0,1.25,2.75
0.02,0.05,1.0,-0.08,-0.06,0.07,1.05,2.92
0.02,0.05,1.0,-0.04,-0.01,0.02,1.0,2.93
0.03,0.06,1.0,-0.03,-0.0,-0.01,1.84,3.25
0.02,0.06,1.0,-0.03,0.01,-0.0,1.32,3.52
0.03,0.04,0.99,-0.04,0.01,-0.0,1.58,2.58
0.02,0.05,1.0,-0.03,-0.01,0.01,1.3,3.11
0.02,0.05,1.0,-0.04,0.0,-0.0,1.37,2.87
0.02,0.05,1.01,-0.02,0.01,-0.0,1.22,2.98
0.03,0.05,1.0,-0.03,0.01,-0.0,1.45,3.01
0.02,0.06,1.0,0.04,0.13,-0.14,1.3,3.17
0.03,0.05,1.01,-0.02,-0.01,-0.0,1.45,2.81
0.03,0.05,1.0,-0.02,0.0,0.0,1.5,2.72
0.02,0.05,1.0,-0.02,0.0,0.0,1.22,2.6
0.03,0.05,1.0,-0.03,-0.0,0.0,1.46,2.97
0.02,0.05,1.0,-0.02,0.0,0.0,1.14,2.97
0.02,0.05,1.0,-0.03,0.01,-0.0,1.35,2.71
0.02,0.05,1.0,-0.04,0.01,0.01,1.29,2.98
0.02,0.05,1.0,-0.03,-0.01,0.0,1.25,2.94
0.03,0.05,1.01,-0.03,-0.0,-0.0,1.55,2.79
0.01,0.05,1.01,-0.02,0.02,-0.0,0.63,2.86
0.02,0.05,0.99,-0.03,0.03,0.0,1.2,3.13
0.03,0.05,1.0,-0.02,0.01,0.0,1.63,2.87
0.01,0.05,1.0,-0.03,-0.0,0.01,0.48,2.59
0.01,0.06,0.99,-0.05,0.01,-0.0,0.85,3.25
0.01,0.05,1.01,-0.05,-0.0,0.01,0.62,3.09
0.03,0.05,1.01,0.03,0.13,-0.15,1.61,2.94
0.03,0.06,1.0,-0.02,-0.0,-0.0,1.76,3.22
0.02,0.05,1.0,-0.02,0.01,-0.0,1.2,2.94
0.02,0.04,1.01,-0.02,0.03,0.0,1.37,2.55
0.1,0.04,1.01,-0.03,0.01,-0.05,5.48,2.32
0.12,0.01,1.01,-0.03,0.0,-0.2,6.56,0.35
0.12,0.03,0.99,-0.0,-0.03,-0.37,7.07,1.44
0.05,0.05,1.02,-0.02,-0.02,-0.49,3.03,2.67
-0.01,0.06,1.0,-0.01,-0.03,-0.47,-0.68,3.6
-0.05,0.07,0.99,-0.02,-0.02,-0.37,-2.83,4.24
-0.06,0.07,1.0,-0.0,0.0,-0.24,-3.32,4.11
-0.05,0.07,1.0,-0.03,0.01,-0.1,-2.83,4.2
-0.03,0.06,0.99,-0.06,-0.01,0.01,-1.81,3.73
0.03,0.05,0.98,0.08,0.21,-0.22,1.53,3.15
0.03,0.05,1.01,-0.05,0.03,-0.0,1.87,2.83
0.02,0.06,0.99,-0.02,0.0,0.0,1.03,3.31
0.03,0.05,1.01,-0.03,0.01,0.0,1.56,3.0
0.03,0.06,0.99,0.04,0.13,-0.14,1.59,3.25
0.03,0.05,1.0,-0.03,0.01,-0.01,1.93,3.04
0.03,0.05,1.0,-0.03,0.0,0.01,1.46,2.96
0.02,0.05,1.0,-0.08,-0.03,0.03,1.21,2.87
0.04,0.05,0.99,0.02,0.13,-0.12,2.09,2.89
0.02,0.05,0.99,-0.03,-0.0,0.0,0.94,3.08
0.03,0.05,0.99,-0.02,0.01,0.0,1.79,3.03
0.03,0.05,1.0,-0.01,-0.0,-0.0,1.74,2.73
0.05,0.05,1.0,-0.06,-0.06,0.04,2.74,2.94
0.06,0.04,1.0,-0.04,-0.02,-0.06,3.44,2.44
0.07,0.04,1.0,-0.05,0.0,-0.15,4.0,2.44
0.05,0.05,1.01,-0.04,-0.04,-0.21,2.93,2.61
0.08,0.01,1.02,-0.03,0.02,-0.27,4.52,0.79
-0.03,0.1,1.03,-0.03,0.08,-0.22,-1.65,5.45
0.01,0.05,1.02,-0.05,0.11,-0.06,0.82,2.96
0.19,-0.01,1.01,-0.04,0.14,-0.03,10.42,-0.4
0.17,-0.05,1.02,-0.02,0.06,-0.06,9.3,-2.95
0.11,-0.05,0.99,-0.04,0.02,-0.11,6.56,-2.75
0.04,-0.01,1.0,-0.05,0.05,-0.12,2.47,-0.84
0.05,0.01,0.97,-0.09,0.05,-0.15,3.1,0.3
0.07,0.02,0.95,-0.14,-0.0,-0.16,4.08,1.2
0.05,-0.0,0.93,-0.23,-0.02,-0.15,2.86,-0.2
0.01,-0.02,0.96,-0.31,0.01,-0.12,0.71,-1.38
-0.01,-0.06,1.04,-0.33,-0.01,-0.07,-0.74,-3.09
0.02,-0.06,1.02,-0.28,-0.06,-0.03,1.11,-3.56
0.06,-0.05,1.07,-0.23,-0.08,-0.02,3.21,-2.42
0.06,-0.07,0.99,-0.21,-0.09,-0.03,3.5,-3.85
0.09,-0.05,0.99,-0.21,-0.08,-0.05,5.12,-2.73
0.08,-0.02,0.98,-0.25,-0.12,-0.09,4.86,-1.35
0.01,-0.0,0.97,-0.29,-0.1,-0.1,0.31,-0.0
-0.04,0.03,1.03,-0.32,-0.15,-0.07,-2.46,1.85
-0.04,0.07,1.02,-0.3,-0.16,-0.04,-2.34,3.78
-0.06,0.05,1.0,-0.3,-0.19,-0.03,-3.17,3.04
-0.08,0.06,0.99,-0.29,-0.2,0.03,-4.78,3.2
-0.09,0.05,1.04,-0.29,-0.23,0.08,-4.69,2.88
-0.04,0.08,1.0,-0.28,-0.26,0.12,-2.22,4.41
-0.02,0.07,1.01,-0.28,-0.26,0.18,-1.08,4.25
0.0,0.05,0.99,-0.27,-0.29,0.27,0.17,3.1
0.03,0.04,1.03,-0.25,-0.28,0.33,1.54,2.25
0.07,-0.01,1.05,-0.23,-0.29,0.38,4.06,-0.32
0.15,-0.03,1.04,-0.22,-0.38,0.39,7.98,-1.85
0.2,-0.01,0.96,-0.22,-0.36,0.36,11.75,-0.49
0.24,0.02,1.02,-0.24,-0.36,0.31,13.44,1.26
0.27,-0.01,1.05,-0.25,-0.35,0.27,14.32,-0.76
0.27,-0.05,1.0,-0.22,-0.38,0.17,15.05,-2.48
0.25,-0.04,0.99,-0.23,-0.35,0.09,14.41,-2.48
0.17,0.01,1.11,-0.23,-0.39,0.04,8.66,0.69
0.14,0.03,1.09,-0.25,-0.53,0.0,7.42,1.76
0.11,0.05,1.03,-0.3,-0.7,0.01,5.96,3.01
0.08,0.07,1.07,-0.39,-0.78,0.05,4.11,3.94
0.04,0.08,1.12,-0.45,-0.95,0.1,2.22,3.96
0.02,0.06,1.15,-0.44,-1.01,0.16,1.15,3.13
-0.05,0.04,1.13,-0.41,-1.21,0.22,-2.43,1.85
-0.03,0.02,1.14,-0.38,-1.4,0.25,-1.56,0.77
-0.06,0.01,1.11,-0.38,-1.57,0.29,-3.04,0.65
-0.05,-0.02,1.1,-0.41,-1.78,0.35,-2.73,-0.79
-0.08,-0.03,1.07,-0.44,-1.89,0.45,-4.17,-1.6
-0.17,-0.01,1.06,-0.44,-2.08,0.57,-9.33,-0.28
-0.24,0.0,1.08,-0.42,-2.22,0.75,-12.59,0.24
-0.27,-0.02,1.12,-0.38,-2.38,0.97,-13.49,-0.83
-0.27,-0.01,1.13,-0.33,-2.63,1.22,-13.43,-0.48
-0.22,-0.0,1.14,-0.23,-2.88,1.43,-10.77,-0.18
-0.21,-0.02,1.1,-0.14,-3.08,1.6,-10.71,-1.1
-0.15,-0.02,1.06,-0.05,-3.24,1.74,-7.79,-1.33
0.02,0.03,1.03,0.02,-3.36,1.86,1.15,1.81
0.09,0.06,0.98,0.07,-3.39,1.96,5.33,3.3
0.09,0.04,0.93,0.09,-3.29,2.07,5.73,2.39
0.08,0.02,0.91,0.08,-3.13,2.2,5.05,1.37
0.23,-0.04,0.99,0.08,-2.92,2.26,12.91,-2.09
0.44,-0.05,1.02,0.13,-2.64,2.02,23.24,-2.85
0.52,0.01,1.09,0.18,-2.19,1.48,25.55,0.51
0.39,0.07,1.12,0.23,-1.56,1.14,19.17,3.35
0.4,0.06,1.19,0.26,-1.02,0.93,18.69,2.71
0.37,0.03,1.24,0.32,-0.63,0.62,16.51,1.43
0.27,0.02,1.26,0.33,-0.24,0.43,11.98,0.8
0.25,-0.01,1.31,0.41,0.3,0.24,10.68,-0.38
0.22,0.0,1.26,0.46,0.68,0.06,9.91,0.02
0.16,0.02,1.27,0.51,1.07,-0.11,7.2,1.07
0.17,0.04,1.23,0.55,1.52,-0.29,7.82,1.67
0.23,0.02,1.18,0.57,1.97,-0.5,10.81,1.11
0.24,0.0,1.09,0.59,2.54,-0.79,12.45,0.14
0.27,-0.04,0.97,0.57,3.24,-1.09,15.53,-2.36
0.28,-0.08,0.84,0.55,3.92,-1.33,18.39,-5.36
0.23,-0.11,0.76,0.44,4.24,-1.51,16.72,-8.17
0.26,-0.22,0.69,0.29,4.25,-1.67,19.41,-16.98
0.16,-0.24,0.67,0.11,4.01,-1.81,12.48,-19.3
0.11,-0.19,0.57,-0.07,3.75,-1.87,10.09,-18.27
-0.09,-0.11,0.63,-0.3,3.37,-1.81,-8.44,-10.16
-0.27,-0.02,0.57,-0.52,2.86,-1.6,-25.61,-1.4
-0.36,0.03,0.59,-0.78,2.39,-1.25,-31.04,2.76
-0.26,0.06,0.64,-1.02,1.87,-0.8,-21.88,5.11
-0.16,0.06,0.74,-1.24,1.46,-0.38,-12.06,4.29
-0.18,0.05,0.83,-1.39,0.94,-0.02,-12.5,3.23
-0.23,0.05,0.84,-1.51,0.36,0.31,-15.15,3.61
-0.22,0.04,0.84,-1.61,-0.2,0.63,-14.47,2.5
-0.21,0.0,0.85,-1.71,-0.73,0.91,-13.94,0.28
-0.11,-0.07,0.84,-1.84,-1.19,1.17,-7.1,-5.01
0.09,-0.1,0.97,-1.87,-1.32,1.25,5.26,-6.12
0.2,-0.08,1.06,-1.8,-1.24,1.28,10.47,-4.1
0.34,-0.08,1.28,-1.56,-0.85,1.12,14.89,-3.54
0.46,-0.01,1.43,-1.19,-0.51,0.77,17.87,-0.28
0.43,0.03,1.47,-0.79,-0.22,0.52,16.13,1.09
0.3,0.03,1.64,-0.35,0.13,0.32,10.46,0.98
0.29,-0.02,1.55,0.0,0.41,0.16,10.66,-0.68
0.26,0.03,1.44,0.35,0.64,-0.01,10.12,1.04
0.2,0.07,1.4,0.58,0.97,-0.14,7.93,2.74
0.08,0.01,1.23,0.69,1.24,-0.19,3.83,0.33
0.12,-0.04,1.2,0.66,1.51,-0.19,5.91,-1.71
0.1,-0.14,1.25,0.7,1.83,-0.16,4.47,-6.34
0.16,-0.2,1.24,0.7,2.08,-0.1,7.43,-9.29
0.37,-0.18,1.37,0.75,2.33,-0.09,15.06,-7.34
0.42,-0.14,1.44,0.86,2.43,-0.18,16.21,-5.36
0.43,-0.06,1.38,1.07,2.42,-0.28,17.22,-2.41
0.42,-0.01,1.28,1.2,2.2,-0.37,18.02,-0.41
0.29,-0.02,1.16,1.29,1.93,-0.4,14.09,-1.15
0.17,-0.05,1.06,1.32,1.64,-0.39,9.04,-2.49
0.06,-0.05,0.97,1.28,1.34,-0.33,3.57,-2.68
-0.07,-0.04,0.87,1.21,0.99,-0.2,-4.71,-2.71
-0.15,-0.04,0.8,1.1,0.72,-0.05,-10.58,-3.12
-0.22,-0.04,0.74,0.98,0.43,0.14,-16.42,-3.29
-0.29,-0.03,0.66,0.83,0.18,0.34,-23.31,-2.19
-0.25,-0.0,0.67,0.65,-0.01,0.54,-20.12,-0.04
-0.17,-0.12,0.65,0.45,-0.14,0.69,-14.71,-10.4
-0.09,-0.2,0.75,0.27,-0.22,0.84,-6.5,-14.84
-0.01,-0.17,0.87,0.14,-0.21,0.96,-0.65,-10.88
0.07,-0.16,0.96,0.09,-0.32,1.05,3.91,-9.63
0.16,-0.1,1.08,0.13,-0.42,1.07,8.58,-5.42
0.27,-0.07,1.14,0.25,-0.53,1.02,13.29,-3.53
0.39,-0.05,1.15,0.37,-0.53,0.93,18.78,-2.57
0.46,-0.05,1.16,0.49,-0.39,0.77,21.47,-2.33
0.48,-0.05,1.14,0.6,-0.12,0.58,22.75,-2.15
0.51,-0.05,1.1,0.72,0.11,0.37,24.72,-2.56
0.43,-0.05,1.13,0.79,0.4,0.17,21.03,-2.38
0.39,-0.03,1.08,0.88,0.69,0.01,20.01,-1.28
0.29,-0.02,1.08,0.96,0.98,-0.1,15.06,-0.97
0.19,-0.02,1.07,1.07,1.14,-0.2,9.97,-0.9
0.12,-0.04,1.03,1.17,1.24,-0.26,6.89,-2.02
0.03,-0.02,1.0,1.24,1.34,-0.27,1.63,-1.42
-0.13,-0.02,0.99,1.32,1.56,-0.25,-7.62,-1.33
-0.21,-0.12,1.0,1.36,1.85,-0.15,-11.83,-6.87
-0.2,-0.17,0.98,1.44,1.98,-0.0,-11.17,-9.51
-0.2,-0.13,0.96,1.55,1.77,0.15,-11.5,-7.65
-0.07,-0.09,0.81,1.61,1.47,0.27,-5.16,-6.28
0.05,-0.07,0.69,1.62,1.25,0.35,4.22,-5.8
0.13,-0.07,0.61,1.58,1.14,0.34,12.41,-6.53
0.24,-0.04,0.5,1.49,1.1,0.29,25.65,-4.49
0.27,0.02,0.45,1.4,1.04,0.18,31.08,1.92
0.3,0.07,0.37,1.25,1.02,0.03,38.24,8.49
0.32,0.1,0.31,1.1,1.07,-0.12,44.13,12.2
0.27,0.1,0.27,0.93,1.11,-0.29,43.46,15.06
0.23,0.1,0.24,0.76,1.11,-0.45,41.3,16.62
0.17,0.09,0.26,0.6,1.06,-0.58,32.71,15.52
0.11,0.07,0.31,0.46,0.96,-0.69,18.85,11.29
0.03,0.04,0.4,0.34,0.83,-0.75,4.03,6.25
-0.07,0.03,0.48,0.25,0.75,-0.75,-8.37,3.65
-0.18,0.03,0.56,0.19,0.69,-0.72,-18.08,2.87
-0.28,0.02,0.61,0.15,0.68,-0.64,-24.95,1.93
-0.35,0.02,0.67,0.11,0.73,-0.53,-27.21,1.55
-0.38,0.03,0.72,0.13,0.72,-0.4,-27.83,2.29
-0.42,0.04,0.74,0.15,0.79,-0.26,-29.69,2.92
-0.43,0.05,0.76,0.18,0.85,-0.11,-29.35,3.27
-0.42,0.05,0.76,0.21,0.92,0.04,-28.97,3.59
-0.37,0.04,0.74,0.21,1.0,0.16,-26.65,2.83
-0.28,0.02,0.69,0.23,1.06,0.27,-22.36,1.65
-0.16,0.01,0.63,0.22,1.07,0.32,-13.87,0.6
0.04,0.03,0.55,0.22,0.96,0.31,4.29,2.95
0.16,0.07,0.44,0.19,0.88,0.23,19.55,8.25
0.2,0.1,0.46,0.18,0.76,0.09,22.83,11.01
0.17,0.12,0.49,0.16,0.63,-0.06,18.9,12.95
0.16,0.14,0.52,0.15,0.54,-0.17,16.71,13.99
0.14,0.17,0.56,0.15,0.53,-0.29,13.61,16.23
0.09,0.14,0.63,0.15,0.55,-0.4,8.03,12.7
0.07,0.13,0.67,0.17,0.55,-0.47,5.66,10.85
0.06,0.12,0.68,0.18,0.63,-0.56,5.0,9.83
0.04,0.09,0.68,0.2,0.72,-0.64,3.74,7.45
0.01,0.09,0.65,0.23,0.73,-0.72,0.54,7.62
-0.05,0.1,0.64,0.25,0.65,-0.79,-4.11,8.7
-0.1,0.11,0.63,0.26,0.54,-0.86,-8.54,9.83
-0.15,0.14,0.65,0.24,0.45,-0.9,-12.91,11.68
-0.21,0.17,0.67,0.2,0.42,-0.93,-16.67,13.6
-0.29,0.17,0.66,0.18,0.45,-0.92,-22.89,13.58
-0.28,0.21,0.68,0.11,0.53,-0.9,-21.47,15.89
-0.25,0.2,0.67,0.06,0.58,-0.89,-19.47,15.84
-0.19,0.2,0.68,0.03,0.57,-0.9,-15.06,16.13
-0.14,0.18,0.69,-0.01,0.61,-0.94,-11.22,14.44
-0.11,0.18,0.73,-0.04,0.72,-1.01,-8.52,13.76
-0.1,0.19,0.77,-0.06,0.81,-1.09,-7.17,13.48
-0.06,0.21,0.79,-0.02,0.88,-1.18,-4.33,14.53
-0.06,0.2,0.81,-0.02,0.91,-1.29,-3.98,13.86
-0.06,0.19,0.82,0.02,0.99,-1.39,-4.22,12.92
-0.12,0.19,0.8,0.05,1.13,-1.5,-8.41,12.99
-0.2,0.19,0.82,0.08,1.37,-1.59,-13.6,12.4
-0.29,0.21,0.84,0.09,1.56,-1.62,-18.69,13.63
-0.32,0.24,0.85,0.11,1.7,-1.59,-19.98,14.91
-0.32,0.25,0.89,0.12,1.82,-1.55,-18.91,14.6
-0.28,0.22,0.91,0.17,1.79,-1.45,-16.89,13.04
-0.25,0.18,0.92,0.2,1.72,-1.46,-14.69,10.99
-0.26,0.19,0.95,0.25,1.71,-1.47,-14.89,10.65
-0.3,0.23,0.96,0.31,1.68,-1.45,-16.76,12.92
-0.35,0.26,0.96,0.33,1.67,-1.39,-19.45,14.12
-0.4,0.27,0.94,0.34,1.68,-1.33,-22.24,14.95
-0.42,0.26,0.9,0.34,1.63,-1.24,-24.3,14.96
-0.43,0.27,0.86,0.29,1.58,-1.13,-25.66,15.54
-0.44,0.27,0.8,0.24,1.52,-1.03,-27.31,16.34
-0.44,0.25,0.77,0.13,1.47,-0.96,-28.48,15.76
-0.41,0.23,0.72,-0.01,1.46,-0.91,-28.71,15.46
-0.4,0.22,0.7,-0.16,1.5,-0.86,-28.71,15.47
-0.37,0.19,0.7,-0.31,1.54,-0.79,-27.17,13.77
-0.32,0.16,0.68,-0.45,1.54,-0.75,-25.02,12.01
-0.27,0.13,0.68,-0.62,1.51,-0.73,-20.98,10.21
-0.23,0.12,0.71,-0.75,1.47,-0.72,-17.49,8.87
-0.19,0.1,0.75,-0.86,1.37,-0.7,-14.24,7.24
-0.17,0.1,0.81,-0.98,1.28,-0.71,-11.66,6.91
-0.17,0.1,0.84,-1.05,1.2,-0.69,-11.36,6.93
-0.18,0.11,0.88,-1.15,1.17,-0.7,-11.24,7.19
-0.19,0.13,0.94,-1.2,1.14,-0.68,-11.46,7.78
-0.2,0.15,1.01,-1.24,1.15,-0.67,-10.94,8.58
-0.19,0.17,1.09,-1.23,1.16,-0.63,-9.94,8.93
-0.18,0.19,1.13,-1.2,1.2,-0.6,-8.96,9.49
-0.2,0.22,1.2,-1.15,1.22,-0.56,-9.21,10.19
-0.23,0.26,1.25,-1.12,1.21,-0.5,-10.06,11.41
-0.26,0.28,1.3,-1.07,1.19,-0.41,-11.21,11.96
-0.26,0.29,1.29,-1.04,1.2,-0.28,-11.22,12.44
-0.24,0.28,1.29,-1.0,1.19,-0.15,-10.42,12.19
-0.21,0.27,1.3,-0.96,1.17,-0.04,-9.03,11.59
-0.19,0.26,1.3,-0.9,1.14,0.06,-8.05,11.11
-0.16,0.24,1.29,-0.86,1.15,0.14,-6.75,10.42
-0.08,0.18,1.24,-0.8,1.16,0.22,-3.63,8.29
0.02,0.14,1.16,-0.74,1.16,0.24,0.91,6.67
0.1,0.11,1.09,-0.71,1.19,0.2,5.12,5.67
0.13,0.12,1.06,-0.67,1.2,0.12,6.85,6.45
0.14,0.14,1.05,-0.66,1.19,0.03,7.53,7.27
0.11,0.13,1.06,-0.62,1.08,-0.05,6.06,6.78
0.11,0.14,1.09,-0.6,1.01,-0.12,5.52,7.16
0.08,0.14,1.11,-0.57,0.96,-0.19,4.25,7.3
0.06,0.17,1.15,-0.53,0.92,-0.23,2.82,8.4
-0.0,0.2,1.16,-0.48,0.84,-0.24,-0.2,9.67
-0.05,0.2,1.16,-0.42,0.74,-0.23,-2.43,9.87
-0.11,0.2,1.12,-0.41,0.66,-0.2,-5.61,9.98
-0.15,0.19,1.08,-0.45,0.6,-0.16,-7.6,9.92
-0.18,0.19,1.07,-0.48,0.63,-0.13,-9.29,9.7
-0.22,0.19,1.07,-0.5,0.6,-0.08,-11.6,10.13
-0.25,0.2,1.07,-0.57,0.66,-0.04,-13.15,10.49
-0.25,0.21,1.1,-0.65,0.74,0.03,-12.7,10.42
-0.25,0.2,1.12,-0.7,0.79,0.09,-12.23,10.09
-0.22,0.21,1.16,-0.72,0.81,0.15,-10.63,10.28
-0.19,0.21,1.15,-0.75,0.82,0.21,-9.34,10.25
-0.13,0.21,1.17,-0.75,0.95,0.28,-6.03,10.11
-0.08,0.19,1.19,-0.7,1.05,0.31,-3.61,9.23
-0.02,0.19,1.2,-0.64,1.17,0.33,-0.87,8.86
0.02,0.15,1.2,-0.57,1.28,0.33,0.93,7.34
0.09,0.14,1.18,-0.5,1.42,0.32,4.15,6.59
0.16,0.11,1.16,-0.42,1.48,0.3,8.01,5.57
0.24,0.12,1.13,-0.29,1.44,0.25,11.7,5.85
0.3,0.12,1.1,-0.18,1.46,0.18,14.94,6.05
0.32,0.12,1.07,-0.08,1.48,0.11,16.55,6.08
0.3,0.1,1.04,0.04,1.42,0.03,16.25,5.41
0.26,0.1,1.02,0.17,1.32,-0.07,14.21,5.2
0.2,0.09,0.99,0.23,1.25,-0.16,11.21,4.95
0.12,0.08,0.98,0.26,1.14,-0.21,7.06,4.7
0.03,0.07,0.97,0.26,1.05,-0.24,1.59,3.95
-0.09,0.07,0.92,0.21,1.02,-0.26,-5.57,4.35
-0.18,0.1,0.89,0.11,0.99,-0.24,-11.58,6.3
-0.22,0.13,0.89,-0.02,0.95,-0.23,-13.63,8.24
-0.23,0.15,0.93,-0.17,0.86,-0.19,-13.92,8.85
-0.25,0.16,0.99,-0.28,0.79,-0.14,-13.9,9.01
-0.24,0.17,1.05,-0.38,0.76,-0.06,-12.74,8.73
-0.2,0.17,1.1,-0.48,0.77,0.03,-10.38,8.48
-0.14,0.17,1.15,-0.51,0.77,0.13,-6.76,8.32
-0.07,0.17,1.17,-0.53,0.8,0.2,-3.34,8.42
-0.01,0.19,1.2,-0.5,0.8,0.26,-0.49,8.8
0.04,0.18,1.22,-0.46,0.85,0.3,2.04,8.6
0.1,0.17,1.23,-0.39,0.86,0.36,4.41,7.9
0.15,0.16,1.24,-0.31,0.88,0.38,6.84,7.36
0.19,0.16,1.24,-0.21,0.9,0.38,8.8,7.1
0.21,0.16,1.21,-0.11,0.96,0.38,9.59,7.21
0.21,0.15,1.18,-0.02,1.02,0.37,10.07,6.91
0.21,0.12,1.12,0.1,1.06,0.33,10.45,6.11
0.19,0.11,1.08,0.16,1.13,0.29,9.83,5.84
0.16,0.11,1.04,0.19,1.2,0.25,8.53,5.73
0.12,0.1,1.02,0.2,1.28,0.19,6.88,5.7
0.1,0.1,1.0,0.23,1.32,0.17,5.42,5.48
0.05,0.09,0.99,0.24,1.34,0.14,2.94,5.35
0.02,0.09,1.0,0.22,1.38,0.12,0.95,5.08
-0.03,0.09,1.01,0.17,1.39,0.12,-1.48,5.24
-0.05,0.1,1.03,0.14,1.36,0.15,-2.97,5.32
-0.08,0.1,1.06,0.07,1.3,0.2,-4.22,5.45
-0.07,0.09,1.09,0.02,1.24,0.24,-3.58,4.64
-0.06,0.07,1.1,-0.02,1.14,0.31,-3.31,3.65
-0.05,0.06,1.1,-0.1,1.08,0.38,-2.57,3.35
-0.04,0.07,1.1,-0.15,0.97,0.44,-1.85,3.52
-0.01,0.07,1.1,-0.2,0.91,0.5,-0.74,3.45
0.0,0.07,1.09,-0.29,0.86,0.56,0.23,3.55
0.04,0.08,1.08,-0.35,0.79,0.62,2.32,4.15
0.08,0.07,1.08,-0.38,0.73,0.66,4.43,3.87
0.11,0.08,1.07,-0.41,0.7,0.66,6.07,4.33
0.14,0.09,1.08,-0.46,0.68,0.67,7.6,4.58
0.18,0.09,1.09,-0.47,0.66,0.68,9.19,4.51
0.21,0.08,1.09,-0.47,0.66,0.68,11.02,4.36
0.25,0.08,1.09,-0.44,0.67,0.65,12.88,3.96
0.27,0.07,1.08,-0.4,0.69,0.63,13.82,3.48
0.28,0.07,1.08,-0.33,0.71,0.6,14.72,3.48
0.28,0.07,1.06,-0.28,0.74,0.56,14.98,3.67
0.28,0.08,1.05,-0.21,0.77,0.52,14.65,4.14
0.26,0.07,1.05,-0.17,0.8,0.47,13.97,3.82
0.24,0.06,1.04,-0.12,0.81,0.45,12.84,3.43
0.22,0.05,1.03,-0.07,0.81,0.41,11.99,2.96
0.18,0.06,1.02,-0.04,0.81,0.38,10.02,3.44
0.16,0.07,1.02,-0.02,0.8,0.35,8.82,3.79
0.13,0.08,1.02,-0.01,0.74,0.35,7.29,4.25
0.11,0.08,1.01,0.01,0.71,0.34,6.02,4.28
0.11,0.07,1.01,0.02,0.65,0.33,6.04,4.06
0.09,0.07,1.01,0.01,0.61,0.33,4.94,3.96
0.08,0.07,1.0,0.02,0.56,0.34,4.74,4.23
0.08,0.07,1.0,0.02,0.51,0.34,4.6,4.23
0.08,0.08,0.99,0.02,0.44,0.34,4.53,4.36
0.08,0.07,1.0,0.02,0.41,0.33,4.34,4.04
0.08,0.08,1.0,-0.0,0.37,0.33,4.51,4.47
0.1,0.07,0.99,0.02,0.36,0.3,5.65,3.89
0.11,0.07,0.99,0.03,0.37,0.3,6.32,4.11
0.11,0.08,0.98,0.05,0.38,0.28,6.39,4.4
0.12,0.08,0.99,0.07,0.39,0.26,6.73,4.62
0.13,0.08,1.0,0.11,0.41,0.25,7.17,4.46
0.13,0.07,1.0,0.15,0.43,0.23,7.42,4.13
0.13,0.08,1.0,0.2,0.51,0.2,7.34,4.48
0.13,0.09,1.01,0.24,0.59,0.18,7.23,4.81
0.12,0.09,1.02,0.27,0.67,0.16,6.48,4.91
0.09,0.09,1.05,0.32,0.72,0.16,4.92,4.93
0.08,0.08,1.04,0.34,0.78,0.16,4.37,4.63
0.08,0.08,1.03,0.37,0.85,0.16,4.51,4.16
0.06,0.08,1.01,0.38,0.88,0.18,3.64,4.55
0.06,0.08,1.01,0.37,0.89,0.19,3.27,4.75
0.05,0.08,1.0,0.36,0.89,0.19,2.77,4.73
0.06,0.08,0.99,0.34,0.88,0.2,3.54,4.33
0.07,0.07,0.97,0.32,0.84,0.21,3.88,3.86
0.07,0.05,0.95,0.3,0.78,0.22,4.14,3.06
0.05,0.06,0.94,0.27,0.74,0.22,2.85,3.95
0.06,0.06,0.92,0.21,0.72,0.2,3.49,3.94
0.05,0.06,0.91,0.19,0.67,0.2,3.14,3.6
0.05,0.06,0.9,0.13,0.62,0.2,3.25,3.89
0.05,0.06,0.9,0.1,0.58,0.18,3.34,3.68
0.06,0.07,0.91,0.04,0.56,0.17,3.72,4.56
0.06,0.05,0.92,-0.01,0.55,0.16,3.74,3.17
0.05,0.05,0.93,-0.04,0.53,0.14,3.18,3.31
0.05,0.06,0.96,-0.07,0.54,0.15,3.23,3.46
0.05,0.06,0.97,-0.12,0.59,0.15,2.92,3.75
0.04,0.07,0.98,-0.16,0.58,0.17,2.53,3.93
0.05,0.06,0.98,-0.16,0.56,0.18,2.86,3.55
0.05,0.06,0.98,-0.22,0.56,0.18,2.96,3.43
0.05,0.06,1.0,-0.26,0.54,0.19,2.94,3.4
0.07,0.05,1.03,-0.31,0.51,0.19,3.97,2.89
0.09,0.05,1.05,-0.32,0.45,0.22,4.87,2.66
0.1,0.05,1.07,-0.35,0.4,0.25,5.41,2.67
0.12,0.05,1.09,-0.37,0.35,0.27,6.07,2.78
0.11,0.06,1.09,-0.39,0.27,0.3,5.75,3.17
0.13,0.07,1.09,-0.4,0.18,0.34,6.58,3.38
0.13,0.07,1.08,-0.4,0.1,0.35,6.7,3.5
0.14,0.06,1.06,-0.39,0.05,0.36,7.55,3.35
0.15,0.05,1.05,-0.41,0.0,0.37,7.93,2.87
0.14,0.05,1.04,-0.39,-0.02,0.36,7.43,2.96
0.12,0.06,1.03,-0.38,-0.05,0.36,6.78,3.25
0.11,0.05,1.02,-0.39,-0.02,0.33,6.38,2.96
0.1,0.05,1.02,-0.38,-0.03,0.32,5.76,2.69
0.08,0.05,1.01,-0.36,-0.03,0.31,4.41,2.69
0.06,0.04,1.0,-0.36,-0.04,0.29,3.4,2.47
0.05,0.04,0.99,-0.37,-0.0,0.28,3.09,2.25
0.05,0.04,0.97,-0.39,0.01,0.28,2.81,2.25
0.04,0.03,0.96,-0.37,-0.01,0.26,2.43,1.51
0.03,0.01,0.96,-0.39,-0.01,0.26,1.53,0.88
0.01,0.01,0.96,-0.39,-0.04,0.22,0.84,0.47
0.0,0.0,0.96,-0.43,-0.04,0.22,0.07,0.0
-0.01,-0.01,0.97,-0.44,-0.07,0.21,-0.55,-0.49
-0.01,-0.0,1.0,-0.46,-0.1,0.2,-0.77,-0.16
-0.01,0.0,1.03,-0.48,-0.14,0.22,-0.63,0.16
-0.0,-0.0,1.06,-0.51,-0.18,0.25,-0.24,-0.17
-0.01,-0.01,1.07,-0.51,-0.24,0.3,-0.37,-0.27
0.01,-0.01,1.06,-0.49,-0.3,0.34,0.56,-0.66
0.01,-0.01,1.03,-0.51,-0.32,0.38,0.72,-0.66
0.01,-0.01,1.01,-0.51,-0.35,0.41,0.6,-0.42
0.02,-0.01,0.98,-0.5,-0.4,0.44,0.91,-0.57
0.02,-0.01,0.94,-0.51,-0.43,0.45,1.21,-0.85
0.04,-0.01,0.92,-0.51,-0.46,0.45,2.36,-0.84
0.05,-0.02,0.9,-0.53,-0.45,0.44,2.89,-1.32
0.05,-0.03,0.88,-0.51,-0.48,0.43,3.46,-1.78
0.06,-0.02,0.87,-0.5,-0.49,0.41,3.97,-1.35
0.07,-0.02,0.86,-0.49,-0.49,0.38,4.66,-1.65
0.08,-0.02,0.86,-0.48,-0.47,0.35,5.35,-1.48
0.1,-0.03,0.85,-0.45,-0.44,0.31,6.43,-1.74
0.1,-0.01,0.85,-0.4,-0.4,0.27,6.52,-0.83
0.12,-0.01,0.86,-0.37,-0.34,0.22,7.64,-0.55
0.11,-0.01,0.88,-0.31,-0.27,0.17,7.39,-0.37
0.13,0.01,0.88,-0.28,-0.21,0.13,8.07,0.34
0.13,0.01,0.91,-0.21,-0.13,0.07,8.27,0.38
0.12,0.01,0.93,-0.15,-0.05,0.02,7.15,0.41
0.13,0.01,0.96,-0.1,0.04,-0.01,7.7,0.83
0.13,0.02,0.99,-0.04,0.09,-0.04,7.41,1.08
0.11,0.01,1.02,0.03,0.11,-0.05,6.14,0.63
0.07,-0.0,1.03,0.07,0.11,-0.05,3.86,-0.2
0.03,-0.02,1.04,0.07,0.09,-0.04,1.4,-0.86
-0.03,-0.02,1.03,0.03,0.08,-0.03,-1.56,-1.11
-0.05,0.0,1.04,-0.04,0.03,-0.01,-3.03,0.15
-0.05,0.01,1.04,-0.1,-0.04,0.0,-2.82,0.74
-0.03,0.03,1.08,-0.2,-0.11,0.03,-1.7,1.35
-0.01,0.01,1.08,-0.3,-0.2,0.06,-0.34,0.35
0.02,0.01,1.08,-0.39,-0.3,0.08,1.28,0.27
0.06,0.01,1.09,-0.51,-0.37,0.1,3.37,0.67
0.12,0.03,1.13,-0.61,-0.42,0.09,5.84,1.36
0.18,0.04,1.18,-0.69,-0.46,0.11,8.59,1.89
0.25,0.05,1.23,-0.73,-0.49,0.1,11.61,2.17
0.33,0.05,1.27,-0.74,-0.47,0.11,14.45,2.37
0.39,0.06,1.31,-0.71,-0.46,0.12,16.41,2.55
0.43,0.07,1.34,-0.7,-0.42,0.14,17.79,2.66
0.46,0.06,1.36,-0.64,-0.43,0.15,18.7,2.33
0.48,0.05,1.37,-0.6,-0.44,0.16,19.37,2.02
0.48,0.05,1.39,-0.55,-0.45,0.16,19.19,1.98
0.48,0.05,1.42,-0.53,-0.48,0.18,18.78,1.86
0.5,0.04,1.45,-0.51,-0.54,0.21,18.96,1.62
0.52,0.05,1.48,-0.46,-0.62,0.25,19.26,1.73
0.54,0.05,1.5,-0.43,-0.71,0.3,19.72,1.87
0.55,0.06,1.5,-0.39,-0.82,0.34,20.19,2.16
0.56,0.05,1.48,-0.36,-0.91,0.39,20.75,1.85
0.57,0.04,1.44,-0.33,-0.98,0.41,21.58,1.57
0.58,0.03,1.38,-0.28,-1.01,0.4,22.81,1.33
0.6,0.04,1.33,-0.28,-1.01,0.37,24.11,1.7
0.61,0.05,1.29,-0.26,-1.01,0.32,25.5,1.97
0.62,0.06,1.26,-0.23,-1.01,0.24,26.14,2.42
0.62,0.06,1.26,-0.21,-1.0,0.16,26.05,2.61
0.6,0.06,1.28,-0.21,-0.99,0.09,25.06,2.61
0.57,0.06,1.32,-0.19,-1.01,0.02,23.42,2.39
0.54,0.05,1.36,-0.21,-0.99,-0.03,21.69,1.85
0.52,0.04,1.4,-0.19,-1.0,-0.07,20.44,1.47
0.51,0.03,1.43,-0.21,-1.0,-0.09,19.58,1.18
0.5,0.03,1.46,-0.22,-1.01,-0.09,18.79,0.98
0.48,0.02,1.48,-0.21,-1.06,-0.08,17.91,0.6
0.45,0.01,1.5,-0.2,-1.11,-0.08,16.83,0.48
0.44,0.02,1.52,-0.21,-1.17,-0.07,16.08,0.67
0.44,0.03,1.53,-0.19,-1.27,-0.05,15.99,0.97
0.42,0.03,1.53,-0.17,-1.38,-0.04,15.52,1.08
0.4,0.03,1.54,-0.16,-1.48,-0.06,14.64,1.14
0.38,0.05,1.55,-0.15,-1.6,-0.05,13.71,1.74
0.34,0.06,1.56,-0.13,-1.71,-0.05,12.38,2.06
0.31,0.06,1.57,-0.09,-1.83,-0.05,11.25,2.22
0.27,0.07,1.58,-0.06,-1.94,-0.05,9.8,2.6
0.23,0.07,1.58,-0.02,-1.99,-0.04,8.31,2.62
0.16,0.07,1.57,0.04,-2.07,-0.03,5.96,2.61
0.09,0.07,1.55,0.06,-2.13,-0.03,3.26,2.59
0.03,0.06,1.53,0.09,-2.15,-0.04,1.05,2.2
-0.03,0.06,1.52,0.09,-2.14,-0.04,-1.07,2.23
-0.07,0.06,1.51,0.11,-2.14,-0.04,-2.63,2.26
-0.12,0.06,1.49,0.12,-2.12,-0.04,-4.57,2.12
-0.16,0.05,1.46,0.13,-2.11,-0.02,-6.1,1.96
-0.21,0.05,1.44,0.11,-2.06,-0.03,-8.14,1.86
-0.24,0.03,1.42,0.09,-2.04,-0.03,-9.54,1.25
-0.27,0.04,1.4,0.09,-2.02,-0.02,-10.88,1.53
-0.29,0.05,1.4,0.06,-2.03,-0.0,-11.63,1.86
-0.3,0.06,1.43,0.04,-2.02,0.0,-11.83,2.16
-0.29,0.06,1.45,0.06,-2.01,0.03,-11.31,2.26
-0.27,0.06,1.48,0.11,-2.02,0.07,-10.25,2.16
-0.26,0.06,1.5,0.15,-2.03,0.1,-10.0,2.28
-0.27,0.07,1.48,0.23,-2.02,0.13,-10.13,2.81
-0.27,0.08,1.46,0.3,-2.03,0.15,-10.46,2.95
-0.28,0.08,1.41,0.37,-2.04,0.19,-11.42,3.08
-0.3,0.07,1.34,0.44,-2.05,0.19,-12.66,2.78
-0.31,0.05,1.29,0.47,-2.03,0.19,-13.67,2.27
-0.33,0.04,1.23,0.49,-2.02,0.18,-15.11,2.01
-0.36,0.03,1.17,0.49,-2.03,0.17,-16.99,1.54
-0.39,0.03,1.12,0.48,-2.06,0.16,-19.22,1.25
-0.42,0.02,1.08,0.43,-2.06,0.15,-21.33,0.99
-0.44,0.01,1.04,0.37,-2.1,0.15,-22.76,0.6
-0.45,0.01,1.03,0.33,-2.14,0.15,-23.65,0.74
-0.46,0.01,1.01,0.27,-2.17,0.15,-24.58,0.69
-0.47,0.0,0.99,0.22,-2.19,0.15,-25.26,0.11
-0.46,0.0,0.97,0.18,-2.17,0.16,-25.37,0.15
-0.45,0.01,0.95,0.14,-2.15,0.16,-25.21,0.35
-0.44,0.01,0.93,0.11,-2.09,0.16,-25.26,0.59
-0.45,0.01,0.92,0.07,-2.04,0.14,-25.91,0.41
-0.46,0.0,0.91,0.03,-1.99,0.14,-26.99,0.09
-0.49,0.0,0.92,-0.02,-2.0,0.16,-28.15,0.15
-0.52,-0.0,0.92,-0.07,-2.04,0.19,-29.37,-0.01
-0.54,-0.01,0.9,-0.12,-2.05,0.22,-30.94,-0.52
-0.55,-0.01,0.89,-0.22,-2.11,0.28,-31.67,-0.63
-0.53,-0.01,0.87,-0.31,-2.18,0.34,-31.55,-0.35
-0.49,0.0,0.87,-0.38,-2.24,0.38,-29.54,0.24
-0.44,0.02,0.88,-0.43,-2.29,0.4,-26.46,1.13
-0.4,0.03,0.9,-0.49,-2.34,0.41,-23.93,1.93
-0.36,0.04,0.92,-0.51,-2.38,0.43,-21.25,2.41
-0.3,0.05,0.96,-0.5,-2.38,0.43,-17.5,2.88
-0.23,0.06,0.98,-0.45,-2.34,0.41,-13.0,3.23
-0.19,0.06,1.0,-0.39,-2.23,0.38,-10.86,3.46
-0.16,0.07,1.01,-0.28,-2.08,0.32,-9.24,4.18
-0.16,0.08,1.0,-0.17,-1.9,0.25,-9.21,4.22
-0.19,0.07,0.99,-0.06,-1.75,0.19,-10.82,4.07
-0.22,0.06,0.97,0.04,-1.6,0.14,-12.86,3.33
-0.26,0.05,0.93,0.11,-1.48,0.11,-15.63,2.87
-0.3,0.03,0.9,0.17,-1.39,0.1,-18.37,1.64
-0.33,0.01,0.85,0.21,-1.32,0.11,-21.25,0.56
-0.37,-0.0,0.81,0.21,-1.26,0.11,-24.44,-0.23
-0.42,-0.02,0.78,0.18,-1.28,0.15,-28.3,-1.25
-0.45,-0.01,0.76,0.09,-1.35,0.18,-30.43,-0.39
-0.44,0.01,0.76,0.01,-1.48,0.24,-30.24,0.73
-0.37,0.04,0.76,-0.07,-1.63,0.31,-25.73,2.55
-0.28,0.06,0.78,-0.12,-1.76,0.35,-19.68,3.9
-0.16,0.07,0.78,-0.13,-1.88,0.36,-11.85,4.66
-0.04,0.07,0.76,-0.12,-1.94,0.3,-2.78,5.05
0.07,0.07,0.73,-0.09,-1.92,0.19,5.2,5.08
0.11,0.07,0.7,-0.07,-1.87,0.04,8.66,5.7
0.07,0.05,0.67,-0.07,-1.8,-0.13,5.73,4.01
-0.02,0.03,0.65,-0.06,-1.71,-0.27,-1.38,2.5
-0.13,0.0,0.64,-0.09,-1.64,-0.37,-11.55,0.21
-0.24,-0.02,0.63,-0.16,-1.6,-0.42,-20.87,-1.9
-0.34,-0.04,0.62,-0.25,-1.59,-0.42,-28.8,-3.26
-0.42,-0.04,0.61,-0.36,-1.64,-0.39,-34.56,-3.15
-0.47,-0.03,0.61,-0.46,-1.65,-0.32,-37.53,-1.89
-0.47,-0.02,0.63,-0.58,-1.69,-0.25,-36.98,-1.63
-0.47,-0.01,0.67,-0.66,-1.76,-0.16,-35.13,-0.73
-0.47,0.01,0.7,-0.74,-1.84,-0.06,-33.87,0.52
-0.45,0.01,0.75,-0.8,-1.91,0.02,-30.83,0.85
-0.39,0.02,0.8,-0.84,-1.94,0.11,-25.91,1.16
-0.31,0.03,0.84,-0.83,-1.98,0.16,-20.52,1.79
-0.26,0.04,0.88,-0.83,-1.96,0.18,-16.63,2.58
-0.23,0.05,0.93,-0.77,-1.94,0.19,-13.91,2.92
-0.2,0.05,0.96,-0.71,-1.88,0.18,-11.84,2.72
-0.18,0.04,0.98,-0.65,-1.83,0.16,-10.27,2.17
-0.14,0.04,0.99,-0.56,-1.78,0.13,-7.98,2.41
-0.12,0.04,0.99,-0.47,-1.72,0.09,-6.9,2.49
-0.12,0.05,0.99,-0.4,-1.62,0.04,-6.84,3.0
-0.13,0.04,0.96,-0.32,-1.56,0.0,-7.68,2.45
-0.13,0.04,0.92,-0.23,-1.48,-0.03,-8.26,2.36
-0.14,0.04,0.88,-0.18,-1.38,-0.06,-9.17,2.53
-0.15,0.04,0.82,-0.14,-1.28,-0.09,-10.22,2.51
-0.16,0.02,0.76,-0.12,-1.17,-0.11,-11.7,1.35
-0.17,-0.0,0.7,-0.11,-1.1,-0.13,-13.71,-0.19
-0.19,0.0,0.66,-0.15,-1.06,-0.13,-16.0,0.11
-0.21,0.01,0.63,-0.2,-1.03,-0.13,-18.6,0.7
-0.22,0.02,0.61,-0.27,-1.05,-0.09,-19.56,1.65
-0.2,0.03,0.63,-0.31,-1.09,-0.05,-17.51,2.91
-0.18,0.04,0.65,-0.35,-1.14,-0.02,-15.85,3.59
-0.19,0.06,0.66,-0.39,-1.19,0.01,-15.75,4.67
-0.19,0.08,0.68,-0.39,-1.31,0.09,-15.73,6.29
-0.16,0.08,0.7,-0.39,-1.36,0.14,-12.84,6.14
-0.09,0.09,0.71,-0.34,-1.42,0.2,-7.12,6.75
-0.02,0.1,0.73,-0.3,-1.41,0.2,-1.6,7.55
0.03,0.1,0.74,-0.24,-1.38,0.2,2.26,7.3
0.06,0.08,0.73,-0.16,-1.33,0.18,4.31,6.51
0.08,0.08,0.71,0.03,-1.07,-0.1,6.54,6.11
0.1,0.08,0.68,-0.04,-1.18,0.11,8.36,6.53
0.12,0.08,0.66,-0.01,-1.11,0.09,10.07,6.93
0.13,0.07,0.64,0.03,-1.07,0.07,11.4,6.15
0.13,0.07,0.61,0.07,-1.02,0.05,11.75,6.08
0.13,0.06,0.58,0.09,-0.99,0.05,12.83,5.79
0.15,0.07,0.54,0.11,-0.94,0.03,14.88,6.62
0.17,0.07,0.53,0.11,-0.87,-0.0,18.23,7.31
0.18,0.07,0.51,0.14,-0.81,-0.02,18.98,7.24
0.18,0.07,0.49,0.16,-0.7,-0.04,20.12,7.92
0.18,0.08,0.47,0.15,-0.61,-0.04,20.39,9.31
0.16,0.08,0.45,0.16,-0.54,-0.04,19.25,9.94
0.15,0.09,0.44,0.14,-0.49,-0.02,18.08,10.67
0.13,0.09,0.44,0.1,-0.46,-0.0,16.63,11.26
0.13,0.09,0.44,0.05,-0.5,0.04,15.64,11.52
0.13,0.11,0.46,0.01,-0.56,0.08,15.0,13.29
0.15,0.13,0.5,-0.04,-0.64,0.13,16.36,14.11
0.19,0.14,0.55,-0.07,-0.69,0.18,18.05,13.55
0.22,0.14,0.6,-0.09,-0.74,0.2,19.37,12.28
0.25,0.14,0.63,-0.06,-0.79,0.22,21.34,11.83
0.28,0.14,0.67,-0.06,-0.81,0.2,22.47,11.2
0.28,0.15,0.7,-0.04,-0.83,0.18,21.38,11.5
0.29,0.15,0.74,-0.01,-0.82,0.15,20.93,10.37
0.3,0.13,0.75,0.04,-0.82,0.12,21.22,9.43
0.3,0.12,0.76,0.08,-0.79,0.08,21.1,8.51
0.29,0.13,0.74,0.12,-0.74,0.05,21.11,9.14
0.26,0.12,0.72,0.15,-0.67,0.01,19.87,9.18
0.23,0.13,0.69,0.17,-0.63,-0.01,18.1,9.96
0.2,0.13,0.66,0.19,-0.58,-0.03,16.57,10.58
0.17,0.12,0.64,0.2,-0.5,-0.05,14.98,10.23
0.15,0.12,0.64,0.19,-0.42,-0.05,12.77,10.49
0.11,0.13,0.63,0.19,-0.34,-0.04,9.79,11.07
0.08,0.12,0.64,0.2,-0.25,-0.02,6.55,10.5
0.05,0.11,0.67,0.21,-0.17,0.01,4.01,9.7
0.02,0.11,0.69,0.21,-0.09,0.05,1.77,9.31
-0.0,0.13,0.73,0.23,-0.04,0.11,-0.18,9.76
-0.01,0.13,0.75,0.26,0.02,0.16,-0.79,9.75
0.0,0.13,0.77,0.3,0.05,0.21,0.22,9.31
0.04,0.13,0.78,0.32,0.08,0.26,3.22,9.35
0.11,0.13,0.8,0.34,0.09,0.3,7.8,9.39
0.16,0.14,0.82,0.37,0.07,0.32,10.89,9.43
0.19,0.14,0.84,0.4,0.05,0.31,12.79,9.1
0.21,0.14,0.85,0.4,0.05,0.28,13.76,8.89
0.22,0.13,0.85,0.39,0.02,0.26,14.42,8.14
0.24,0.11,0.85,0.38,-0.04,0.24,15.71,7.38
0.25,0.11,0.85,0.35,-0.08,0.2,16.37,7.22
0.26,0.11,0.86,0.32,-0.12,0.16,16.41,7.1
0.27,0.1,0.86,0.28,-0.14,0.11,17.3,6.52
0.29,0.09,0.87,0.25,-0.16,0.07,18.42,5.61
0.29,0.08,0.83,0.23,-0.18,0.01,19.32,4.87
0.29,0.07,0.8,0.18,-0.18,-0.06,19.66,4.42
0.28,0.07,0.78,0.08,-0.19,-0.12,19.39,4.48
0.26,0.06,0.78,0.0,-0.24,-0.17,18.37,4.23
0.19,0.06,0.79,-0.08,-0.3,-0.22,13.52,3.96
0.13,0.06,0.8,-0.17,-0.34,-0.23,9.23,4.02
0.06,0.06,0.83,-0.23,-0.38,-0.22,3.92,3.9
-0.01,0.06,0.87,-0.28,-0.38,-0.19,-0.55,4.22
-0.06,0.07,0.92,-0.29,-0.4,-0.14,-3.55,4.39
-0.09,0.08,0.97,-0.3,-0.38,-0.09,-5.32,4.79
-0.13,0.09,1.03,-0.28,-0.35,-0.03,-7.31,4.68
-0.15,0.08,1.08,-0.21,-0.3,0.03,-7.61,4.13
-0.12,0.08,1.14,-0.13,-0.23,0.07,-6.12,4.11
-0.11,0.08,1.19,-0.05,-0.11,0.11,-5.11,3.74
-0.09,0.08,1.2,0.08,0.02,0.12,-4.12,3.74
-0.07,0.07,1.2,0.18,0.13,0.12,-3.15,3.33
-0.05,0.07,1.18,0.29,0.25,0.13,-2.55,3.23
-0.05,0.06,1.16,0.41,0.35,0.13,-2.6,2.87
-0.05,0.05,1.11,0.48,0.45,0.13,-2.46,2.65
-0.02,0.05,1.05,0.55,0.5,0.14,-1.35,2.72
-0.02,0.04,0.98,0.58,0.53,0.14,-1.26,2.28
0.0,0.04,0.94,0.59,0.56,0.14,0.03,2.23
0.02,0.03,0.9,0.55,0.57,0.14,1.48,1.96
0.07,0.03,0.88,0.52,0.53,0.14,4.25,2.03
0.13,0.03,0.86,0.47,0.47,0.12,8.68,2.05
0.18,0.05,0.84,0.4,0.42,0.08,11.74,3.13
0.2,0.05,0.82,0.32,0.32,0.03,13.39,3.67
0.21,0.05,0.8,0.22,0.21,-0.02,14.36,3.73
0.21,0.06,0.78,0.12,0.08,-0.07,15.05,4.07
0.19,0.06,0.77,0.01,-0.06,-0.11,13.74,4.09
0.15,0.05,0.79,-0.11,-0.15,-0.15,10.81,3.82
0.12,0.05,0.81,-0.2,-0.25,-0.16,8.38,3.72
0.11,0.04,0.83,-0.29,-0.33,-0.18,7.19,2.58
0.08,0.03,0.85,-0.37,-0.4,-0.2,5.49,2.09
0.04,0.04,0.88,-0.44,-0.41,-0.21,2.44,2.64
-0.02,0.05,0.92,-0.47,-0.44,-0.2,-1.15,2.82
-0.08,0.04,0.97,-0.49,-0.44,-0.19,-4.52,2.56
-0.12,0.04,1.03,-0.47,-0.42,-0.15,-6.72,2.05
-0.16,0.05,1.09,-0.43,-0.34,-0.11,-8.17,2.41
-0.17,0.05,1.14,-0.35,-0.25,-0.06,-8.46,2.56
-0.17,0.07,1.18,-0.23,-0.15,-0.01,-8.3,3.16
-0.17,0.06,1.19,-0.12,-0.05,0.02,-7.92,2.82
-0.15,0.06,1.2,0.01,0.08,0.05,-6.93,2.87
-0.12,0.05,1.17,0.1,0.19,0.07,-5.62,2.66
-0.09,0.06,1.14,0.22,0.27,0.09,-4.37,3.22
-0.07,0.06,1.1,0.29,0.33,0.1,-3.39,3.32
-0.05,0.06,1.05,0.35,0.37,0.11,-2.62,3.48
-0.03,0.05,1.01,0.38,0.4,0.12,-1.81,3.02
-0.0,0.05,0.95,0.4,0.39,0.13,-0.29,2.97
0.02,0.05,0.89,0.38,0.34,0.13,1.37,3.02
0.04,0.05,0.85,0.33,0.3,0.13,2.96,3.2
0.06,0.05,0.82,0.24,0.23,0.13,3.87,3.69
0.06,0.06,0.81,0.16,0.13,0.14,4.17,4.03
0.07,0.05,0.8,0.06,0.06,0.12,4.97,3.68
0.06,0.05,0.82,-0.04,0.0,0.11,4.46,3.21
0.05,0.05,0.84,-0.13,-0.06,0.09,3.24,3.39
0.03,0.06,0.89,-0.21,-0.07,0.08,2.09,4.04
0.02,0.07,0.94,-0.26,-0.12,0.08,1.5,4.15
0.03,0.07,0.98,-0.3,-0.13,0.06,1.79,3.95
0.04,0.08,1.04,-0.33,-0.13,0.05,2.17,4.43
0.04,0.08,1.08,-0.33,-0.14,0.03,1.9,4.31
0.02,0.08,1.1,-0.32,-0.15,-0.0,1.29,4.23
-0.0,0.08,1.12,-0.3,-0.15,-0.02,-0.0,4.02
-0.02,0.07,1.13,-0.29,-0.14,-0.03,-1.02,3.5
-0.05,0.06,1.15,-0.25,-0.15,-0.02,-2.48,3.0
-0.07,0.05,1.16,-0.21,-0.14,-0.01,-3.37,2.63
-0.08,0.06,1.16,-0.16,-0.13,0.01,-4.09,3.11
-0.09,0.06,1.14,-0.12,-0.11,0.03,-4.54,2.91
-0.08,0.06,1.14,-0.07,-0.09,0.06,-3.82,2.87
-0.05,0.06,1.13,-0.02,-0.05,0.07,-2.44,3.07
-0.05,0.06,1.11,0.03,0.0,0.07,-2.48,2.91
-0.06,0.06,1.08,0.04,0.07,0.06,-2.99,3.3
-0.06,0.05,1.07,0.07,0.1,0.08,-3.43,2.71
-0.06,0.07,1.06,0.08,0.14,0.1,-3.48,3.53
-0.06,0.06,1.05,0.11,0.14,0.11,-3.06,3.04
-0.04,0.05,1.03,0.1,0.15,0.13,-2.3,3.02
-0.02,0.05,1.02,0.1,0.13,0.15,-1.38,2.81
-0.01,0.06,1.03,0.09,0.13,0.15,-0.72,3.28
0.0,0.06,1.03,0.1,0.1,0.16,0.2,3.17
0.02,0.06,1.03,0.08,0.1,0.15,0.92,3.15
0.04,0.06,1.02,0.06,0.08,0.15,2.21,3.36
0.05,0.06,1.0,0.05,0.04,0.15,2.73,3.26
0.04,0.06,1.0,0.05,0.0,0.13,2.4,3.18
0.03,0.06,1.0,0.0,-0.02,0.13,1.62,3.44
0.03,0.07,1.0,-0.02,-0.06,0.13,1.95,3.75
0.04,0.06,1.0,-0.03,-0.1,0.12,2.3,3.45
0.04,0.06,1.01,-0.06,-0.13,0.12,2.13,3.41
0.03,0.06,1.02,-0.06,-0.15,0.1,1.71,3.29
0.03,0.05,1.03,-0.06,-0.15,0.1,1.47,2.92
0.03,0.04,1.03,-0.05,-0.16,0.1,1.72,2.32
0.04,0.04,1.02,-0.05,-0.15,0.08,2.07,2.34
0.04,0.05,1.02,-0.06,-0.11,0.05,2.18,2.86
0.03,0.05,1.02,-0.04,-0.09,0.05,1.84,2.99
0.02,0.06,1.01,-0.03,-0.08,0.04,1.39,3.11
0.01,0.06,1.01,-0.01,-0.07,0.03,0.56,3.28
-0.01,0.06,1.0,-0.01,-0.05,0.04,-0.31,3.26
-0.01,0.05,0.99,0.0,-0.02,0.05,-0.67,3.11
-0.01,0.06,0.98,-0.01,-0.02,0.06,-0.59,3.34
-0.01,0.06,0.98,-0.0,-0.02,0.08,-0.31,3.54
-0.0,0.06,0.98,-0.0,-0.02,0.08,-0.29,3.33
0.01,0.05,0.99,-0.01,-0.02,0.1,0.75,3.13
0.03,0.05,0.99,-0.02,-0.02,0.09,1.56,2.66
0.03,0.05,0.98,-0.0,-0.03,0.09,1.96,2.93
0.04,0.05,0.99,-0.0,-0.01,0.08,2.6,3.02
0.04,0.06,0.98,-0.01,0.01,0.08,2.58,3.4
0.04,0.06,0.99,-0.01,0.02,0.08,2.24,3.57
0.03,0.06,0.99,-0.0,-0.0,0.09,1.75,3.54
0.03,0.05,0.98,0.01,-0.05,0.1,1.72,3.2
0.04,0.06,0.98,0.01,-0.06,0.11,2.39,3.28
0.06,0.05,0.98,0.02,-0.08,0.12,3.36,3.01
0.08,0.06,0.98,0.02,-0.09,0.11,4.58,3.34
0.08,0.06,0.97,0.02,-0.08,0.1,4.71,3.39
0.09,0.06,0.96,0.02,-0.05,0.08,5.19,3.85
0.08,0.06,0.95,0.03,-0.05,0.08,5.05,3.74
0.08,0.06,0.93,0.03,-0.06,0.07,4.73,3.77
0.1,0.06,0.92,0.04,-0.04,0.06,5.98,3.7
0.1,0.07,0.92,0.02,-0.03,0.04,6.34,4.04
0.11,0.06,0.91,-0.0,0.01,0.02,6.81,3.83
0.1,0.08,0.92,-0.0,-0.01,0.01,5.94,5.17
0.09,0.06,0.92,0.0,-0.02,0.0,5.52,3.84
0.08,0.07,0.91,0.0,0.0,-0.01,4.89,4.23
0.08,0.07,0.91,0.01,-0.02,0.01,4.83,4.3
0.08,0.07,0.91,0.03,-0.01,0.01,5.01,4.5
0.08,0.07,0.91,0.04,-0.01,0.01,4.73,4.41
0.07,0.07,0.91,0.05,0.02,0.01,4.58,4.46
0.06,0.07,0.9,0.07,0.03,0.01,3.91,4.37
0.07,0.06,0.89,0.12,0.04,0.02,4.36,4.04
0.07,0.08,0.87,0.15,0.06,0.03,4.83,4.93
0.08,0.08,0.86,0.15,0.12,0.03,5.07,5.18
0.08,0.08,0.84,0.18,0.15,0.04,5.23,5.55
0.07,0.09,0.83,0.21,0.2,0.04,5.05,5.97
0.08,0.09,0.82,0.24,0.21,0.05,5.43,6.13
0.07,0.08,0.8,0.25,0.25,0.06,4.97,6.04
0.07,0.08,0.78,0.24,0.29,0.07,5.45,5.57
0.07,0.08,0.76,0.3,0.29,0.1,4.94,5.92
0.06,0.08,0.75,0.29,0.3,0.11,4.38,6.37
0.05,0.09,0.75,0.3,0.28,0.13,4.15,6.54
0.07,0.09,0.74,0.31,0.29,0.15,5.41,6.91
0.08,0.09,0.74,0.32,0.29,0.18,6.06,7.07
0.09,0.09,0.75,0.35,0.28,0.18,6.4,6.78
0.11,0.08,0.74,0.37,0.31,0.19,8.36,5.98
0.14,0.07,0.71,0.38,0.34,0.19,10.96,5.24
0.16,0.07,0.7,0.39,0.35,0.18,12.56,5.98
0.16,0.07,0.68,0.36,0.37,0.16,13.34,5.83
0.15,0.08,0.67,0.36,0.41,0.13,12.63,6.49
0.14,0.07,0.67,0.33,0.41,0.12,11.86,5.86
0.13,0.07,0.65,0.31,0.39,0.11,11.26,6.12
0.12,0.07,0.66,0.26,0.37,0.1,9.93,6.42
0.1,0.08,0.65,0.24,0.35,0.09,8.5,7.05
0.09,0.08,0.66,0.19,0.34,0.1,7.69,7.11
0.09,0.08,0.68,0.21,0.29,0.13,7.38,6.72
0.1,0.08,0.69,0.2,0.28,0.12,8.11,6.77
0.11,0.08,0.7,0.2,0.29,0.12,8.52,6.49
0.12,0.08,0.7,0.19,0.33,0.1,9.85,6.4
0.13,0.09,0.7,0.21,0.37,0.09,10.52,7.58
0.13,0.11,0.67,0.2,0.43,0.06,11.21,9.1
0.13,0.11,0.68,0.18,0.48,0.04,10.63,9.21
0.13,0.12,0.63,0.17,0.54,0.01,11.59,10.88
0.09,0.11,0.64,0.13,0.56,-0.0,7.97,9.69
0.05,0.09,0.66,0.11,0.53,-0.01,4.5,7.88
0.02,0.09,0.67,0.09,0.51,0.0,1.86,7.54
0.01,0.1,0.67,0.07,0.5,0.01,1.22,8.34
0.01,0.1,0.69,0.04,0.5,0.04,0.99,8.55
0.02,0.1,0.71,0.04,0.5,0.04,1.41,8.02
0.03,0.09,0.74,0.06,0.55,0.04,2.47,6.6
0.05,0.08,0.75,0.08,0.62,0.03,4.11,6.18
0.08,0.08,0.76,0.11,0.7,0.01,5.81,5.76
0.07,0.08,0.76,0.14,0.81,-0.02,5.08,5.9
0.05,0.08,0.75,0.18,0.89,-0.05,3.59,5.9
0.03,0.06,0.74,0.2,0.97,-0.06,1.93,4.96
0.01,0.05,0.72,0.22,1.02,-0.04,0.66,4.13
0.01,0.04,0.69,0.23,1.04,-0.03,0.6,3.63
0.02,0.03,0.67,0.23,1.06,-0.03,2.06,2.86
0.06,0.03,0.66,0.19,1.1,-0.03,4.88,2.47
0.08,0.03,0.66,0.14,1.12,-0.03,6.58,2.76
0.11,0.03,0.67,0.11,1.13,-0.05,9.25,2.74
0.11,0.05,0.67,0.05,1.13,-0.08,9.22,4.08
0.12,0.05,0.7,-0.0,1.12,-0.12,9.82,3.96
0.11,0.06,0.74,-0.05,1.09,-0.13,8.76,4.27
0.09,0.07,0.79,-0.07,1.04,-0.15,6.37,4.74
0.07,0.06,0.82,-0.06,0.99,-0.16,5.0,4.39
0.07,0.04,0.85,-0.03,0.98,-0.18,4.86,3.0
0.08,0.03,0.85,-0.01,0.99,-0.19,5.16,2.3
0.07,0.04,0.85,0.03,1.04,-0.22,4.98,2.53
0.06,0.04,0.85,0.05,1.08,-0.24,3.96,2.46
0.04,0.03,0.82,0.07,1.16,-0.26,3.05,1.93
0.01,0.02,0.8,0.07,1.19,-0.29,1.01,1.36
-0.01,0.01,0.78,0.05,1.21,-0.29,-0.44,0.58
-0.01,0.01,0.78,0.02,1.19,-0.29,-0.66,0.53
-0.0,0.02,0.81,-0.03,1.19,-0.31,-0.3,1.51
-0.01,0.03,0.86,-0.06,1.15,-0.31,-0.57,2.28
-0.01,0.03,0.92,-0.06,1.09,-0.31,-0.46,2.06
0.02,0.01,0.96,-0.02,1.02,-0.32,1.0,0.72
0.06,0.01,0.98,0.02,0.98,-0.34,3.4,0.47
0.11,0.01,0.99,0.07,1.0,-0.38,6.36,0.55
0.16,0.01,0.96,0.13,1.02,-0.44,9.33,0.77
0.19,0.01,0.92,0.16,1.02,-0.52,11.56,0.56
0.19,-0.0,0.87,0.17,1.0,-0.63,12.47,-0.21
0.17,-0.01,0.86,0.14,0.96,-0.71,11.33,-0.68
0.13,-0.01,0.85,0.1,0.91,-0.78,8.67,-0.46
0.07,-0.0,0.84,0.07,0.83,-0.84,4.67,-0.17
0.0,-0.01,0.86,0.03,0.76,-0.86,0.21,-0.59
-0.06,-0.01,0.87,-0.03,0.74,-0.86,-3.68,-0.97
-0.11,-0.01,0.91,-0.06,0.7,-0.84,-7.1,-0.89
-0.16,-0.01,0.94,-0.07,0.67,-0.8,-9.41,-0.58
-0.18,-0.02,0.96,-0.09,0.69,-0.78,-10.39,-1.0
-0.18,-0.01,0.98,-0.09,0.71,-0.71,-10.41,-0.71
-0.19,0.01,0.99,-0.1,0.74,-0.68,-10.91,0.31
-0.2,0.01,1.03,-0.09,0.74,-0.64,-10.94,0.78
-0.19,0.02,1.07,-0.07,0.73,-0.6,-10.28,1.01
-0.17,0.01,1.13,-0.04,0.76,-0.57,-8.45,0.57
-0.12,0.04,1.12,0.01,0.77,-0.56,-6.24,1.8
-0.11,0.05,1.15,0.09,0.76,-0.56,-5.66,2.25
-0.11,0.07,1.1,0.15,0.81,-0.57,-5.94,3.72
-0.11,0.06,1.12,0.19,0.86,-0.58,-5.43,3.26
-0.12,0.07,1.14,0.26,0.88,-0.6,-5.94,3.29
-0.13,0.07,1.11,0.31,0.93,-0.6,-6.52,3.75
-0.14,0.08,1.07,0.37,0.93,-0.6,-7.64,4.07
-0.17,0.07,1.04,0.39,0.98,-0.61,-9.0,3.89
-0.19,0.06,1.01,0.4,1.0,-0.61,-10.66,3.3
-0.22,0.05,1.0,0.39,1.03,-0.6,-12.3,2.8
-0.25,0.04,0.98,0.38,1.08,-0.59,-14.39,2.43
-0.29,0.03,0.96,0.35,1.13,-0.57,-16.93,1.9
-0.34,0.04,0.94,0.29,1.17,-0.53,-19.73,2.35
-0.37,0.05,0.94,0.22,1.19,-0.48,-21.41,2.92
-0.36,0.06,0.96,0.17,1.19,-0.41,-20.22,3.37
-0.33,0.06,1.0,0.1,1.18,-0.37,-18.33,3.46
-0.3,0.07,1.03,0.06,1.18,-0.32,-15.94,3.52
-0.28,0.07,1.04,0.01,1.15,-0.26,-14.97,3.71
-0.26,0.07,1.05,0.02,1.1,-0.23,-13.74,3.71
-0.24,0.08,1.06,0.02,1.06,-0.21,-12.98,3.98
-0.21,0.09,1.07,0.01,1.02,-0.19,-11.28,4.5
-0.19,0.1,1.06,0.03,0.96,-0.16,-9.88,5.35
-0.16,0.09,1.03,0.02,0.92,-0.17,-8.9,4.8
-0.17,0.08,1.0,-0.01,0.88,-0.18,-9.44,4.8
-0.17,0.09,0.97,-0.05,0.84,-0.17,-10.07,5.12
-0.18,0.09,0.97,-0.11,0.79,-0.16,-10.45,5.49
-0.21,0.1,0.98,-0.17,0.72,-0.16,-11.82,5.59
-0.22,0.09,0.99,-0.22,0.68,-0.14,-12.44,5.13
-0.23,0.09,1.02,-0.29,0.69,-0.12,-12.7,4.81
-0.23,0.08,1.05,-0.34,0.68,-0.09,-12.41,4.43
-0.22,0.09,1.11,-0.36,0.7,-0.06,-11.37,4.48
-0.21,0.09,1.17,-0.33,0.73,-0.05,-9.99,4.13
-0.19,0.07,1.23,-0.32,0.77,-0.04,-8.64,3.34
-0.15,0.07,1.28,-0.23,0.8,-0.01,-6.81,2.97
-0.12,0.06,1.3,-0.13,0.84,-0.01,-5.1,2.77
-0.09,0.05,1.27,-0.0,0.9,-0.02,-3.83,2.39
-0.09,0.05,1.23,0.1,0.98,-0.03,-3.96,2.36
-0.11,0.06,1.18,0.19,1.03,-0.03,-5.1,2.8
-0.13,0.06,1.13,0.26,1.07,-0.04,-6.52,3.21
-0.16,0.07,1.07,0.28,1.07,-0.04,-8.56,3.59
-0.18,0.07,1.01,0.27,1.06,-0.02,-10.29,3.79
-0.2,0.07,0.96,0.25,1.01,0.01,-11.85,4.02
-0.21,0.07,0.93,0.19,0.96,0.03,-12.4,4.19
-0.2,0.07,0.91,0.15,0.88,0.08,-12.56,4.54
-0.19,0.07,0.9,0.09,0.83,0.09,-11.78,4.37
-0.18,0.05,0.89,0.02,0.79,0.12,-11.57,3.45
-0.17,0.05,0.88,-0.06,0.78,0.13,-11.06,3.22
-0.16,0.04,0.89,-0.13,0.76,0.13,-10.1,2.67
-0.15,0.04,0.91,-0.22,0.76,0.14,-9.43,2.41
-0.14,0.03,0.95,-0.28,0.74,0.15,-8.37,1.71
-0.11,0.02,1.0,-0.31,0.69,0.16,-6.31,1.17
-0.08,0.02,1.03,-0.32,0.66,0.16,-4.62,0.89
-0.06,0.01,1.06,-0.32,0.67,0.15,-3.36,0.74
-0.06,0.03,1.06,-0.3,0.67,0.16,-3.16,1.47
-0.07,0.04,1.08,-0.28,0.68,0.15,-3.5,2.27
-0.07,0.05,1.1,-0.24,0.66,0.17,-3.76,2.53
-0.08,0.06,1.09,-0.19,0.64,0.16,-3.98,3.13
-0.06,0.06,1.08,-0.16,0.65,0.19,-3.22,3.01
-0.04,0.05,1.04,-0.12,0.64,0.18,-2.24,2.98
-0.03,0.06,1.02,-0.09,0.63,0.18,-1.41,3.34
-0.04,0.06,0.98,-0.08,0.67,0.15,-2.07,3.56
-0.06,0.05,0.96,-0.1,0.7,0.14,-3.53,3.19
-0.08,0.04,0.93,-0.12,0.71,0.12,-4.65,2.59
-0.09,0.03,0.92,-0.15,0.7,0.1,-5.78,1.69
-0.11,0.02,0.91,-0.21,0.7,0.1,-6.62,1.51
-0.12,0.01,0.92,-0.27,0.71,0.09,-7.32,0.68
-0.13,0.01,0.93,-0.32,0.72,0.11,-8.21,0.37
-0.14,-0.0,0.94,-0.4,0.75,0.12,-8.26,-0.19
-0.11,0.02,0.95,-0.45,0.79,0.11,-6.65,0.93
-0.08,0.03,1.01,-0.49,0.86,0.12,-4.4,1.46
-0.03,0.03,1.05,-0.5,0.9,0.11,-1.71,1.7
0.03,0.04,1.08,-0.46,0.94,0.09,1.49,2.11
0.08,0.07,1.09,-0.41,1.01,0.05,4.12,3.47
0.11,0.08,1.12,-0.35,1.12,-0.01,5.62,4.25
0.12,0.1,1.16,-0.25,1.19,-0.06,5.67,4.71
0.12,0.1,1.18,-0.17,1.25,-0.1,5.96,4.72
0.14,0.08,1.2,-0.04,1.26,-0.14,6.44,4.0
0.15,0.08,1.19,0.08,1.3,-0.2,6.96,3.66
0.12,0.08,1.17,0.2,1.31,-0.24,5.92,3.97
0.09,0.06,1.13,0.28,1.31,-0.27,4.3,3.21
0.02,0.04,1.09,0.35,1.3,-0.29,1.13,1.91
-0.03,0.02,1.03,0.36,1.3,-0.3,-1.89,1.02
-0.07,0.02,0.98,0.32,1.27,-0.3,-3.98,1.27
-0.09,0.01,0.95,0.26,1.22,-0.29,-5.42,0.68
-0.11,0.01,0.93,0.22,1.19,-0.28,-6.62,0.66
-0.12,0.01,0.92,0.15,1.17,-0.28,-7.49,0.73
-0.13,0.01,0.93,0.07,1.15,-0.27,-8.05,0.85
-0.13,0.02,0.95,-0.01,1.11,-0.24,-8.05,1.39
-0.13,0.02,0.96,-0.05,1.07,-0.21,-7.62,1.03
-0.1,0.03,0.97,-0.1,1.05,-0.21,-5.82,1.93
-0.09,0.05,0.98,-0.14,1.05,-0.19,-5.02,2.86
-0.08,0.05,0.99,-0.16,1.06,-0.18,-4.37,3.04
-0.08,0.04,1.0,-0.17,1.06,-0.19,-4.53,2.18
-0.09,0.03,1.01,-0.21,1.09,-0.18,-5.09,1.49
-0.1,0.03,1.01,-0.25,1.11,-0.16,-5.52,1.42
-0.09,0.03,1.01,-0.29,1.11,-0.16,-5.33,1.57
-0.07,0.04,1.03,-0.33,1.09,-0.13,-4.04,2.09
-0.05,0.04,1.06,-0.37,1.06,-0.12,-2.97,2.06
-0.03,0.04,1.09,-0.39,1.02,-0.1,-1.41,2.32
0.0,0.05,1.13,-0.39,0.96,-0.08,0.04,2.68
0.04,0.07,1.15,-0.36,0.88,-0.06,1.85,3.26
0.09,0.08,1.16,-0.33,0.82,-0.05,4.35,3.79
0.14,0.08,1.16,-0.27,0.79,-0.05,6.85,3.9
0.18,0.09,1.16,-0.19,0.76,-0.06,8.66,4.36
0.17,0.1,1.16,-0.11,0.77,-0.09,8.56,4.7
0.15,0.08,1.14,-0.02,0.81,-0.1,7.67,4.05
0.15,0.06,1.13,0.06,0.86,-0.13,7.39,2.86
0.15,0.03,1.11,0.12,0.9,-0.15,7.72,1.33
0.16,0.01,1.09,0.17,0.91,-0.19,8.52,0.61
0.15,-0.02,1.06,0.22,0.93,-0.25,8.18,-0.84
0.1,-0.02,1.02,0.22,0.98,-0.3,5.7,-1.36
0.04,-0.02,0.99,0.2,0.99,-0.33,2.16,-1.37
-0.02,-0.02,0.97,0.16,0.97,-0.36,-1.12,-0.96
-0.08,-0.01,0.98,0.09,0.94,-0.39,-4.52,-0.81
-0.11,-0.01,0.98,0.02,0.92,-0.38,-6.48,-0.61
-0.13,-0.0,1.0,-0.05,0.86,-0.38,-7.55,-0.25
-0.16,0.0,1.02,-0.12,0.81,-0.35,-8.73,0.17
-0.18,0.01,1.03,-0.2,0.77,-0.32,-9.83,0.3
-0.18,0.01,1.05,-0.25,0.74,-0.28,-9.69,0.62
-0.17,0.02,1.06,-0.3,0.7,-0.23,-9.01,0.92
-0.15,0.03,1.07,-0.35,0.69,-0.2,-8.16,1.83
-0.1,0.05,1.09,-0.36,0.7,-0.17,-5.04,2.76
-0.04,0.07,1.1,-0.35,0.74,-0.15,-1.96,3.81
0.01,0.08,1.11,-0.33,0.79,-0.13,0.29,4.38
0.05,0.1,1.13,-0.28,0.83,-0.13,2.62,5.05
0.09,0.1,1.14,-0.2,0.87,-0.14,4.42,5.07
0.11,0.1,1.13,-0.12,0.92,-0.17,5.67,4.85
0.12,0.09,1.14,-0.02,0.93,-0.18,6.23,4.67
0.11,0.09,1.14,0.06,0.95,-0.22,5.7,4.32
0.09,0.08,1.12,0.14,0.94,-0.25,4.71,3.84
0.07,0.06,1.11,0.2,0.95,-0.27,3.8,3.19
0.05,0.05,1.11,0.23,0.89,-0.29,2.79,2.48
-0.0,0.03,1.1,0.26,0.85,-0.32,-0.16,1.44
-0.08,0.01,1.08,0.25,0.82,-0.32,-3.99,0.76
-0.14,0.02,1.05,0.19,0.81,-0.3,-7.31,0.97
-0.14,0.03,1.04,0.1,0.79,-0.28,-7.81,1.85
-0.12,0.04,1.03,0.01,0.79,-0.27,-6.93,2.26
-0.11,0.06,1.03,-0.08,0.76,-0.26,-6.16,3.05
-0.09,0.07,1.06,-0.16,0.74,-0.24,-4.99,3.93
-0.07,0.09,1.09,-0.21,0.72,-0.22,-3.7,4.86
-0.04,0.11,1.1,-0.25,0.7,-0.19,-1.94,5.46
0.0,0.12,1.13,-0.26,0.69,-0.16,0.22,6.08
0.03,0.14,1.15,-0.25,0.69,-0.15,1.57,6.83
0.06,0.17,1.19,-0.24,0.67,-0.11,2.62,8.01
0.1,0.19,1.23,-0.17,0.65,-0.08,4.51,8.82
0.17,0.2,1.24,-0.08,0.67,-0.06,7.82,8.98
0.24,0.19,1.22,0.05,0.67,-0.06,10.96,8.91
0.28,0.19,1.19,0.16,0.71,-0.08,12.87,8.94
0.28,0.17,1.16,0.28,0.71,-0.12,13.45,8.02
0.25,0.14,1.13,0.38,0.7,-0.18,12.24,6.99
0.21,0.13,1.1,0.46,0.7,-0.24,10.59,6.5
0.18,0.12,1.08,0.48,0.71,-0.29,9.43,6.27
0.14,0.1,1.07,0.52,0.7,-0.33,7.43,5.51
0.09,0.08,1.07,0.56,0.68,-0.36,4.85,4.51
0.04,0.07,1.08,0.56,0.73,-0.38,2.03,3.48
-0.02,0.07,1.07,0.63,0.91,-0.55,-1.1,3.69
-0.07,0.07,1.06,0.52,0.77,-0.36,-3.79,3.78
-0.1,0.07,1.06,0.49,0.78,-0.33,-5.57,3.76
-0.13,0.06,1.04,0.44,0.82,-0.3,-7.17,3.53
-0.14,0.06,1.03,0.37,0.84,-0.27,-7.68,3.52
-0.14,0.07,1.0,0.3,0.86,-0.23,-7.94,4.08
-0.13,0.07,0.98,0.24,0.84,-0.19,-7.48,4.23
-0.12,0.07,0.97,0.16,0.82,-0.16,-6.75,3.84
-0.1,0.05,0.95,0.04,0.81,-0.14,-6.23,3.06
-0.1,0.04,0.94,-0.03,0.77,-0.12,-5.76,2.41
-0.08,0.03,0.93,-0.14,0.74,-0.11,-4.88,1.81
-0.06,0.02,0.9,-0.25,0.69,-0.13,-3.49,1.42
-0.03,0.01,0.89,-0.37,0.65,-0.14,-1.72,0.7
-0.02,0.01,0.89,-0.49,0.6,-0.16,-1.02,0.88
-0.01,0.02,0.92,-0.6,0.56,-0.17,-0.8,1.19
0.0,0.02,0.97,-0.69,0.52,-0.18,0.17,1.09
0.02,0.02,1.02,-0.78,0.5,-0.15,1.32,0.97
0.05,0.02,1.05,-0.85,0.46,-0.13,2.74,0.92
0.1,0.02,1.08,-0.87,0.4,-0.09,5.05,0.88
0.14,0.03,1.06,-0.91,0.38,-0.08,7.61,1.63
0.18,0.03,1.04,-0.93,0.38,-0.07,9.89,1.42
0.2,0.03,1.02,-0.94,0.4,-0.09,11.33,1.45
0.23,0.03,1.01,-0.96,0.4,-0.11,12.76,1.89
0.23,0.04,1.02,-0.95,0.43,-0.12,12.48,2.35
0.22,0.04,1.06,-0.97,0.45,-0.16,11.91,2.23
0.2,0.05,1.13,-0.97,0.41,-0.14,10.07,2.66
0.22,0.04,1.18,-0.94,0.38,-0.11,10.47,1.92
0.21,0.04,1.21,-0.92,0.33,-0.07,9.92,2.06
0.22,0.05,1.21,-0.91,0.29,-0.02,10.35,2.55
0.24,0.07,1.21,-0.9,0.25,0.03,11.22,3.13
0.26,0.07,1.21,-0.86,0.2,0.08,12.14,3.34
0.31,0.07,1.19,-0.82,0.17,0.12,14.41,3.15
0.34,0.07,1.17,-0.79,0.2,0.13,16.36,3.34
0.38,0.07,1.16,-0.72,0.21,0.13,17.95,3.26
0.39,0.07,1.15,-0.64,0.23,0.13,18.61,3.35
0.4,0.08,1.15,-0.56,0.26,0.1,19.17,3.63
0.4,0.08,1.15,-0.49,0.29,0.1,19.25,3.66
0.4,0.08,1.15,-0.43,0.31,0.09,19.36,3.9
0.39,0.08,1.13,-0.32,0.32,0.08,18.82,3.9
0.38,0.08,1.1,-0.26,0.32,0.07,19.04,3.76
0.36,0.07,1.07,-0.19,0.31,0.07,18.36,3.55
0.33,0.06,1.05,-0.14,0.31,0.03,17.28,2.98
0.3,0.05,1.05,-0.11,0.3,0.01,15.77,2.5
0.27,0.05,1.03,-0.1,0.28,0.0,14.83,2.48
0.26,0.05,1.01,-0.09,0.25,-0.02,14.33,2.5
0.25,0.04,1.01,-0.08,0.2,-0.03,13.87,2.43
0.23,0.05,1.01,-0.06,0.14,-0.05,12.89,2.57
0.21,0.05,1.01,-0.06,0.09,-0.05,11.84,2.97
0.2,0.05,1.02,-0.07,0.04,-0.07,11.06,2.83
0.19,0.06,1.01,-0.06,-0.02,-0.07,10.59,3.23
0.18,0.06,1.0,-0.06,-0.04,-0.08,10.22,3.32
0.16,0.06,1.0,-0.03,-0.09,-0.09,8.81,3.36
0.12,0.06,0.99,-0.03,-0.11,-0.09,7.16,3.33
0.1,0.05,0.99,-0.02,-0.12,-0.1,5.6,3.13
0.08,0.06,0.98,-0.04,-0.15,-0.09,4.55,3.44
0.06,0.06,0.99,-0.05,-0.17,-0.09,3.34,3.35
0.05,0.06,0.99,-0.05,-0.16,-0.09,2.73,3.59
0.04,0.06,1.0,-0.06,-0.17,-0.09,2.11,3.43
0.02,0.06,1.02,-0.06,-0.19,-0.08,1.31,3.58
0.02,0.07,1.04,-0.06,-0.2,-0.06,1.37,3.86
0.02,0.07,1.04,-0.06,-0.21,-0.03,1.3,4.04
0.04,0.07,1.04,-0.03,-0.2,-0.03,1.97,3.99
0.04,0.08,1.03,-0.01,-0.2,-0.01,2.37,4.25
0.04,0.07,1.02,0.02,-0.19,-0.0,2.22,3.98
0.03,0.07,1.01,0.06,-0.16,-0.01,1.88,3.87
0.04,0.07,0.99,0.08,-0.11,-0.01,2.34,4.0
0.04,0.07,0.98,0.12,-0.08,-0.03,2.36,3.91
0.03,0.06,0.96,0.14,-0.05,-0.04,1.86,3.69
0.02,0.06,0.93,0.16,-0.03,-0.05,0.95,3.81
-0.0,0.06,0.93,0.17,-0.02,-0.06,-0.16,3.46
-0.01,0.05,0.91,0.15,-0.01,-0.08,-0.69,3.36
-0.03,0.05,0.91,0.14,-0.03,-0.08,-1.72,3.14
-0.04,0.05,0.91,0.13,-0.05,-0.09,-2.36,3.07
-0.04,0.05,0.91,0.09,-0.07,-0.09,-2.67,3.14
-0.05,0.06,0.91,0.06,-0.09,-0.08,-2.91,3.58
-0.05,0.05,0.92,0.05,-0.11,-0.07,-3.06,3.14
-0.04,0.05,0.93,0.04,-0.13,-0.06,-2.66,3.38
-0.04,0.06,0.94,0.05,-0.13,-0.06,-2.73,3.52
-0.05,0.06,0.95,0.03,-0.14,-0.04,-2.87,3.9
-0.04,0.07,0.97,0.05,-0.14,-0.03,-2.11,4.14
-0.03,0.06,0.97,0.03,-0.12,-0.01,-1.75,3.72
-0.03,0.06,0.97,0.07,-0.13,0.0,-1.47,3.64
-0.02,0.06,0.96,0.08,-0.1,0.02,-1.29,3.88
-0.03,0.06,0.94,0.09,-0.1,0.02,-1.77,3.83
-0.03,0.07,0.92,0.09,-0.1,0.02,-1.71,4.18
-0.03,0.07,0.91,0.1,-0.08,-0.0,-1.81,4.07
-0.02,0.07,0.91,0.08,-0.06,-0.0,-1.41,4.09
-0.03,0.06,0.92,0.09,-0.06,-0.01,-1.92,3.98
-0.03,0.06,0.92,0.08,-0.06,-0.02,-2.13,3.81
-0.02,0.06,0.93,0.08,-0.05,-0.03,-1.4,3.83
-0.02,0.06,0.92,0.08,-0.06,-0.02,-1.33,3.87
-0.02,0.06,0.93,0.08,-0.05,-0.02,-1.22,3.94
-0.03,0.06,0.93,0.09,-0.06,-0.03,-1.84,3.73
-0.04,0.06,0.92,0.1,-0.05,-0.04,-2.21,4.01
-0.04,0.06,0.92,0.09,-0.03,-0.04,-2.69,3.9
-0.05,0.06,0.93,0.1,-0.03,-0.04,-3.0,3.97
-0.06,0.06,0.93,0.12,-0.03,-0.04,-3.62,3.76
-0.07,0.06,0.94,0.1,-0.02,-0.04,-4.17,3.87
-0.07,0.07,0.96,0.09,0.02,-0.03,-4.42,4.12
-0.08,0.06,0.96,0.09,0.03,-0.02,-4.54,3.76
-0.07,0.07,0.95,0.1,0.03,-0.0,-4.34,3.91
-0.08,0.07,0.94,0.12,0.03,0.01,-4.97,4.04
-0.09,0.06,0.93,0.08,0.05,0.01,-5.34,3.85
-0.09,0.07,0.94,0.07,0.05,0.02,-5.45,3.96
-0.09,0.06,0.95,0.13,0.18,-0.13,-5.25,3.74
-0.09,0.06,0.94,0.07,0.04,0.03,-5.2,3.55
-0.08,0.05,0.95,0.04,0.05,0.05,-4.7,3.26
-0.08,0.05,0.96,0.02,0.04,0.06,-4.8,3.0
-0.08,0.05,0.95,0.03,0.02,0.07,-4.82,3.01
-0.07,0.05,0.96,0.01,0.03,0.08,-4.14,2.98
-0.06,0.04,0.96,-0.0,0.03,0.09,-3.8,2.67
-0.05,0.05,0.95,-0.0,0.04,0.1,-2.73,2.88
-0.04,0.04,0.94,0.02,0.04,0.09,-2.4,2.7
-0.03,0.04,0.93,0.01,0.04,0.1,-1.72,2.63
-0.03,0.04,0.92,-0.01,0.07,0.09,-2.1,2.22
-0.04,0.04,0.91,-0.01,0.07,0.09,-2.34,2.61
-0.04,0.04,0.92,-0.02,0.07,0.08,-2.4,2.6
-0.04,0.04,0.92,-0.03,0.05,0.07,-2.28,2.4
-0.04,0.04,0.93,-0.06,0.07,0.07,-2.7,2.55
-0.04,0.03,0.91,-0.06,0.06,0.07,-2.57,1.74
-0.05,0.03,0.9,-0.06,0.07,0.07,-3.12,1.6
-0.05,0.03,0.9,-0.09,0.06,0.09,-3.48,2.06
-0.06,0.03,0.9,-0.14,0.08,0.08,-3.7,2.01
-0.05,0.02,0.9,-0.17,0.06,0.08,-3.23,1.28
-0.04,0.02,0.9,-0.18,0.03,0.1,-2.75,1.47
-0.04,0.02,0.9,-0.19,-0.0,0.09,-2.72,1.58
-0.04,0.03,0.9,-0.23,-0.02,0.09,-2.26,2.08
-0.03,0.03,0.92,-0.27,-0.04,0.11,-1.88,2.08
-0.02,0.03,0.92,-0.27,-0.09,0.12,-1.15,1.74
-0.01,0.02,0.93,-0.3,-0.11,0.12,-0.58,1.34
0.01,0.03,0.94,-0.32,-0.14,0.12,0.6,1.85
0.01,0.03,0.95,-0.32,-0.15,0.14,0.59,2.07
0.02,0.04,0.97,-0.32,-0.17,0.15,1.33,2.42
0.04,0.04,0.99,-0.3,-0.19,0.16,2.21,2.3
0.06,0.04,0.98,-0.3,-0.17,0.17,3.46,2.36
0.07,0.04,0.97,-0.27,-0.15,0.16,4.14,2.41
0.09,0.04,0.95,-0.23,-0.13,0.16,5.64,2.43
0.11,0.05,0.94,-0.19,-0.1,0.15,6.67,2.96
0.12,0.06,0.92,-0.16,-0.05,0.11,7.38,3.72
0.14,0.06,0.92,-0.11,-0.02,0.07,8.55,3.71
0.15,0.06,0.92,-0.07,0.06,0.03,8.97,3.69
0.15,0.05,0.92,-0.02,0.09,-0.0,9.1,3.13
0.13,0.05,0.92,0.04,0.14,-0.04,8.07,3.26
0.1,0.05,0.9,0.06,0.18,-0.06,6.57,3.02
0.08,0.04,0.9,0.09,0.19,-0.08,5.14,2.8
0.06,0.04,0.9,0.11,0.19,-0.1,3.73,2.59
0.05,0.03,0.91,0.12,0.19,-0.12,2.95,2.14
0.03,0.03,0.9,0.11,0.19,-0.13,1.86,2.18
0.02,0.04,0.9,0.1,0.17,-0.13,1.26,2.29
0.01,0.04,0.9,0.1,0.15,-0.13,0.34,2.23
-0.01,0.04,0.91,0.09,0.13,-0.13,-0.45,2.24
-0.02,0.03,0.91,0.08,0.1,-0.13,-1.21,2.1
-0.03,0.04,0.92,0.06,0.07,-0.13,-1.77,2.47
-0.03,0.05,0.94,0.04,0.04,-0.12,-2.1,3.0
-0.04,0.05,0.96,0.03,0.01,-0.1,-2.49,2.99
-0.05,0.05,0.96,0.01,0.01,-0.09,-2.84,3.01
-0.04,0.05,0.95,0.01,0.0,-0.06,-2.62,2.86
-0.04,0.05,0.95,0.02,0.0,-0.05,-2.58,3.27
-0.04,0.05,0.95,0.01,0.01,-0.04,-2.61,3.22
-0.04,0.05,0.94,-0.0,0.04,-0.03,-2.28,3.1
-0.03,0.05,0.94,0.01,0.03,-0.03,-1.84,3.08
-0.03,0.05,0.94,-0.01,0.05,-0.03,-1.72,2.95
-0.02,0.05,0.94,-0.01,0.06,-0.04,-1.19,3.06
-0.01,0.06,0.94,-0.01,0.08,-0.05,-0.63,3.36
-0.0,0.06,0.94,-0.02,0.11,-0.04,-0.29,3.38
0.0,0.05,0.95,-0.02,0.11,-0.04,0.18,3.14
0.01,0.05,0.95,-0.01,0.13,-0.05,0.74,2.97
0.01,0.06,0.95,-0.03,0.15,-0.06,0.79,3.4
0.02,0.06,0.97,-0.03,0.14,-0.05,1.03,3.4
0.02,0.06,0.98,-0.06,0.15,-0.06,1.12,3.56
0.01,0.06,0.98,-0.06,0.12,-0.04,0.72,3.26
0.01,0.06,0.98,-0.09,0.11,-0.02,0.8,3.68
0.01,0.06,0.99,-0.12,0.06,0.0,0.6,3.44
0.01,0.06,0.99,-0.18,0.02,0.04,0.62,3.45
0.01,0.06,1.0,-0.25,-0.04,0.08,0.42,3.26
0.01,0.06,1.02,-0.33,-0.09,0.11,0.38,3.45
0.0,0.07,1.04,-0.44,-0.16,0.17,0.2,3.77
0.02,0.07,1.07,-0.53,-0.24,0.23,1.02,3.94
0.05,0.07,1.1,-0.63,-0.32,0.3,2.57,3.68
0.08,0.08,1.11,-0.74,-0.38,0.37,4.35,3.84
0.1,0.09,1.14,-0.83,-0.41,0.44,5.03,4.66
0.12,0.1,1.19,-0.95,-0.45,0.53,5.62,4.93
0.16,0.12,1.24,-1.05,-0.51,0.62,7.38,5.34
0.23,0.13,1.27,-1.15,-0.52,0.72,10.08,5.72
0.29,0.13,1.27,-1.22,-0.53,0.81,12.91,5.68
0.37,0.14,1.27,-1.27,-0.52,0.87,16.14,5.96
0.44,0.13,1.28,-1.3,-0.52,0.92,19.12,5.64
0.54,0.13,1.28,-1.34,-0.48,0.93,22.76,5.43
0.64,0.13,1.27,-1.37,-0.43,0.92,26.72,5.37
0.75,0.17,1.29,-1.38,-0.38,0.88,29.82,6.63
0.84,0.18,1.3,-1.34,-0.32,0.81,32.67,6.76
0.91,0.2,1.33,-1.29,-0.25,0.72,34.21,6.96
0.97,0.22,1.37,-1.22,-0.15,0.6,34.92,7.37
1.02,0.23,1.43,-1.12,-0.08,0.5,35.28,7.45
1.05,0.24,1.5,-0.99,-0.05,0.39,34.73,7.55
1.07,0.25,1.58,-0.85,-0.06,0.3,33.87,7.31
1.08,0.29,1.67,-0.68,-0.09,0.23,32.57,8.43
1.09,0.28,1.69,-0.48,-0.17,0.18,32.51,7.99
1.08,0.27,1.69,-0.27,-0.27,0.13,32.17,7.75
1.02,0.26,1.67,-0.1,-0.34,0.06,31.25,7.44
0.98,0.24,1.65,0.04,-0.42,-0.0,30.32,7.19
0.93,0.23,1.65,0.17,-0.5,-0.06,29.09,7.09
0.87,0.22,1.65,0.29,-0.6,-0.1,27.59,6.66
0.82,0.19,1.64,0.41,-0.69,-0.14,26.36,5.98
0.75,0.16,1.62,0.49,-0.76,-0.17,24.7,5.09
0.69,0.12,1.6,0.55,-0.84,-0.2,23.45,4.06
0.64,0.1,1.58,0.58,-0.91,-0.24,22.04,3.45
0.59,0.1,1.58,0.6,-0.98,-0.3,20.48,3.27
0.54,0.09,1.59,0.6,-1.07,-0.34,18.84,3.14
0.5,0.08,1.6,0.63,-1.19,-0.36,17.38,2.59
0.48,0.06,1.6,0.64,-1.28,-0.4,16.51,2.21
0.45,0.05,1.59,0.68,-1.38,-0.42,15.84,1.87
0.42,0.06,1.57,0.71,-1.43,-0.47,14.84,2.14
0.37,0.05,1.56,0.73,-1.49,-0.53,13.41,1.89
0.33,0.04,1.56,0.77,-1.54,-0.59,12.04,1.28
0.27,0.02,1.55,0.82,-1.56,-0.65,9.91,0.56
0.22,-0.01,1.55,0.85,-1.54,-0.71,8.06,-0.23
0.16,-0.02,1.55,0.88,-1.5,-0.75,5.86,-0.66
0.07,-0.02,1.57,0.92,-1.48,-0.78,2.54,-0.88
-0.06,-0.03,1.64,0.93,-1.47,-0.8,-1.97,-1.21
-0.19,-0.07,1.7,0.94,-1.52,-0.75,-6.26,-2.2
-0.29,-0.08,1.74,0.93,-1.58,-0.63,-9.44,-2.74
-0.34,-0.09,1.76,0.91,-1.69,-0.51,-10.94,-2.75
-0.36,-0.07,1.76,0.92,-1.8,-0.38,-11.55,-2.22
-0.35,-0.04,1.74,0.94,-1.92,-0.25,-11.49,-1.18
-0.35,-0.02,1.7,0.96,-2.03,-0.13,-11.57,-0.72
-0.31,-0.03,1.64,1.02,-2.12,-0.05,-10.87,-0.86
-0.28,-0.03,1.57,1.07,-2.18,0.01,-9.98,-0.95
-0.26,-0.02,1.48,1.15,-2.19,0.01,-10.03,-0.67
-0.27,-0.02,1.41,1.19,-2.18,-0.0,-10.72,-0.99
-0.29,-0.03,1.34,1.24,-2.15,-0.04,-12.27,-1.26
-0.33,-0.03,1.27,1.27,-2.1,-0.07,-14.78,-1.5
-0.39,-0.05,1.2,1.26,-2.05,-0.11,-17.79,-2.42
-0.46,-0.07,1.16,1.24,-2.02,-0.14,-21.47,-3.31
-0.54,-0.1,1.11,1.17,-2.04,-0.15,-25.82,-4.46
-0.61,-0.1,1.06,1.07,-2.07,-0.13,-29.98,-4.79
-0.64,-0.11,1.03,0.97,-2.11,-0.1,-31.93,-5.15
-0.67,-0.1,0.98,0.84,-2.17,-0.07,-34.06,-5.05
-0.67,-0.1,0.95,0.71,-2.24,-0.04,-35.27,-5.15
-0.67,-0.12,0.91,0.58,-2.29,-0.0,-36.31,-6.18
-0.66,-0.12,0.87,0.43,-2.34,0.02,-36.79,-6.11
-0.61,-0.11,0.86,0.3,-2.34,0.02,-35.31,-6.18
-0.56,-0.11,0.85,0.2,-2.33,0.03,-33.37,-5.98
-0.52,-0.1,0.86,0.11,-2.31,-0.01,-31.0,-5.48
-0.5,-0.08,0.89,0.06,-2.23,-0.05,-29.18,-4.47
-0.5,-0.06,0.93,0.01,-2.17,-0.08,-28.06,-3.52
-0.52,-0.05,0.95,-0.0,-2.13,-0.1,-28.85,-2.51
-0.56,-0.05,0.98,-0.01,-2.14,-0.09,-29.59,-2.75
-0.59,-0.04,1.0,-0.01,-2.17,-0.05,-30.42,-2.2
-0.6,-0.03,1.0,-0.0,-2.24,0.0,-30.69,-1.37
-0.56,-0.01,1.0,0.03,-2.31,0.07,-29.41,-0.61
-0.53,-0.0,0.97,0.05,-2.37,0.09,-28.37,-0.11
-0.48,0.01,0.95,0.09,-2.43,0.11,-26.96,0.5
-0.45,0.01,0.93,0.15,-2.44,0.11,-25.81,0.31
-0.42,0.01,0.9,0.23,-2.42,0.1,-24.92,0.4
-0.42,0.0,0.86,0.32,-2.39,0.07,-25.96,0.27
-0.44,-0.01,0.8,0.38,-2.31,0.03,-28.94,-0.72
-0.49,-0.02,0.75,0.41,-2.2,-0.0,-33.23,-1.02
-0.54,-0.01,0.71,0.42,-2.12,-0.0,-37.12,-0.87
-0.57,-0.02,0.69,0.41,-2.02,-0.0,-39.24,-1.4
-0.58,-0.05,0.69,0.39,-1.91,0.01,-39.85,-2.94
-0.59,-0.05,0.68,0.38,-1.8,0.03,-40.74,-3.24
-0.58,-0.05,0.68,0.33,-1.69,0.07,-40.69,-3.08
-0.59,-0.04,0.67,0.29,-1.64,0.12,-41.4,-2.43
-0.6,-0.04,0.67,0.25,-1.61,0.16,-41.42,-2.64
-0.62,-0.04,0.68,0.19,-1.6,0.23,-42.15,-2.42
-0.61,-0.04,0.69,0.12,-1.65,0.33,-41.75,-2.21
-0.59,-0.04,0.68,0.06,-1.69,0.42,-40.93,-2.33
-0.52,-0.04,0.66,-0.01,-1.73,0.51,-38.29,-2.71
-0.46,-0.04,0.66,-0.08,-1.75,0.57,-35.2,-2.85
-0.4,-0.04,0.66,-0.15,-1.77,0.61,-30.88,-2.6
-0.33,-0.02,0.68,-0.21,-1.74,0.63,-25.81,-1.4
-0.26,-0.01,0.71,-0.23,-1.72,0.63,-20.09,-0.4
-0.2,-0.0,0.75,-0.24,-1.66,0.6,-15.0,-0.27
-0.15,-0.01,0.76,-0.24,-1.58,0.57,-11.19,-0.45
-0.13,-0.0,0.78,-0.2,-1.51,0.53,-9.71,-0.26
-0.12,0.0,0.81,-0.17,-1.47,0.48,-8.2,0.01
-0.11,0.0,0.82,-0.12,-1.38,0.43,-7.58,0.31
-0.11,-0.0,0.82,-0.06,-1.3,0.39,-7.66,-0.2
-0.12,-0.01,0.82,-0.01,-1.26,0.35,-8.39,-0.47
-0.14,-0.02,0.79,0.03,-1.19,0.32,-10.24,-1.67
-0.17,-0.02,0.75,0.05,-1.16,0.3,-12.54,-1.65
-0.19,-0.02,0.73,0.04,-1.14,0.3,-14.49,-1.24
-0.2,-0.01,0.72,0.01,-1.14,0.3,-15.61,-0.57
-0.21,-0.0,0.74,0.01,-1.16,0.32,-16.18,-0.2
-0.22,0.0,0.75,0.01,-1.19,0.34,-16.41,0.15
-0.21,0.0,0.77,-0.01,-1.22,0.37,-15.41,0.21
-0.19,0.0,0.77,0.01,-1.28,0.39,-13.47,0.19
-0.15,0.0,0.78,0.04,-1.32,0.42,-11.05,0.34
-0.14,0.01,0.78,0.05,-1.32,0.4,-10.35,0.77
-0.13,0.0,0.77,0.04,-1.39,0.41,-9.64,0.05
-0.13,0.0,0.76,0.06,-1.32,0.4,-9.92,0.0
-0.12,-0.01,0.76,0.07,-1.3,0.38,-9.17,-1.08
-0.12,-0.01,0.75,0.08,-1.26,0.36,-8.77,-0.84
-0.11,-0.01,0.75,0.07,-1.2,0.35,-8.4,-0.72
-0.12,-0.01,0.75,0.08,-1.17,0.35,-8.9,-0.71
-0.1,0.0,0.74,0.09,-1.14,0.33,-7.98,0.2
-0.11,0.01,0.76,0.11,-1.11,0.33,-8.09,1.06
-0.08,0.02,0.75,0.12,-1.05,0.31,-5.87,1.83
-0.06,0.02,0.75,0.14,-1.03,0.31,-4.36,1.19
-0.04,0.03,0.72,0.17,-0.96,0.28,-3.34,2.34
-0.03,0.03,0.69,0.2,-0.91,0.27,-2.89,2.27
-0.04,0.02,0.65,0.19,-0.83,0.25,-3.13,2.16
-0.03,0.02,0.62,0.16,-0.79,0.24,-2.9,2.25
-0.03,0.03,0.58,0.14,-0.76,0.22,-2.86,2.72
-0.02,0.02,0.56,0.1,-0.73,0.21,-2.33,1.99
-0.01,0.02,0.54,0.03,-0.71,0.2,-1.28,2.23
-0.0,0.03,0.53,-0.03,-0.71,0.19,-0.53,2.98
-0.0,0.03,0.52,-0.1,-0.73,0.17,-0.47,3.3
-0.01,0.03,0.52,-0.19,-0.76,0.17,-1.21,3.78
-0.01,0.06,0.53,-0.28,-0.8,0.17,-1.43,6.16
0.0,0.08,0.57,-0.33,-0.85,0.18,0.14,8.35
0.02,0.1,0.61,-0.37,-0.89,0.19,1.99,9.55
0.05,0.12,0.65,-0.37,-0.93,0.2,4.53,10.08
0.07,0.12,0.67,-0.35,-0.9,0.18,5.8,9.85
0.08,0.13,0.69,-0.31,-0.86,0.18,6.76,10.31
0.09,0.14,0.7,-0.25,-0.82,0.16,7.4,11.11
0.09,0.14,0.71,-0.19,-0.76,0.15,6.97,10.86
0.08,0.14,0.72,-0.1,-0.67,0.12,5.98,10.69
0.06,0.12,0.71,-0.03,-0.62,0.12,4.7,9.96
0.05,0.12,0.68,0.05,-0.57,0.12,3.91,10.29
0.05,0.11,0.65,0.1,-0.54,0.14,4.35,9.81
0.06,0.12,0.62,0.14,-0.48,0.14,5.59,10.68
0.07,0.11,0.6,0.17,-0.41,0.15,6.83,10.26
0.08,0.1,0.56,0.19,-0.37,0.16,7.61,9.67
0.08,0.09,0.52,0.18,-0.33,0.16,8.58,10.01
0.08,0.1,0.5,0.13,-0.27,0.15,8.89,11.18
0.09,0.11,0.48,0.08,-0.24,0.15,10.77,12.81
0.09,0.11,0.48,-0.0,-0.22,0.15,10.19,13.1
0.09,0.12,0.47,-0.09,-0.21,0.15,10.55,13.77
0.09,0.13,0.48,-0.19,-0.21,0.15,10.48,15.1
0.09,0.14,0.51,-0.28,-0.2,0.15,9.65,15.39
0.08,0.16,0.56,-0.37,-0.23,0.17,7.63,16.04
0.08,0.16,0.63,-0.41,-0.27,0.18,6.66,14.49
0.09,0.17,0.67,-0.45,-0.3,0.19,7.11,13.84
0.09,0.16,0.72,-0.48,-0.34,0.18,7.31,12.73
0.11,0.17,0.75,-0.49,-0.37,0.2,8.37,12.83
0.13,0.19,0.8,-0.48,-0.4,0.19,8.96,13.08
0.16,0.2,0.85,-0.43,-0.41,0.18,10.13,12.84
0.16,0.2,0.88,-0.38,-0.41,0.17,10.35,12.48
0.17,0.19,0.88,-0.32,-0.41,0.14,10.7,11.92
0.15,0.19,0.89,-0.27,-0.41,0.12,9.27,11.67
0.13,0.18,0.88,-0.22,-0.4,0.1,8.23,11.32
0.11,0.18,0.87,-0.19,-0.39,0.09,7.36,11.44
0.1,0.17,0.84,-0.16,-0.4,0.1,6.38,11.03
0.08,0.16,0.83,-0.14,-0.41,0.1,5.45,10.95
0.07,0.15,0.83,-0.14,-0.41,0.11,4.47,9.93
0.07,0.14,0.84,-0.15,-0.39,0.12,4.47,9.39
0.07,0.14,0.84,-0.13,-0.37,0.13,4.65,9.67
0.08,0.16,0.86,-0.1,-0.35,0.13,5.44,10.28
0.09,0.16,0.87,-0.09,-0.32,0.14,6.08,10.32
0.1,0.15,0.87,-0.06,-0.29,0.13,6.62,9.86
0.11,0.15,0.88,-0.06,-0.25,0.13,7.11,9.79
0.13,0.15,0.88,-0.04,-0.2,0.12,8.07,9.65
0.13,0.16,0.9,-0.01,-0.19,0.11,8.37,9.79
0.14,0.16,0.94,0.01,-0.15,0.09,8.46,9.76
0.14,0.16,0.96,0.05,-0.15,0.09,8.25,9.06
0.14,0.13,0.98,0.09,-0.15,0.08,7.95,7.76
0.14,0.13,0.98,0.15,-0.18,0.07,7.94,7.4
0.13,0.13,0.99,0.2,-0.16,0.06,7.52,7.36
0.12,0.12,0.99,0.26,-0.18,0.05,6.75,6.89
0.1,0.12,0.99,0.32,-0.18,0.05,5.69,6.74
0.09,0.11,0.99,0.37,-0.22,0.06,5.25,6.24
0.09,0.11,0.99,0.43,-0.21,0.07,5.31,6.35
0.12,0.11,0.98,0.49,-0.21,0.08,6.65,6.51
0.13,0.11,0.97,0.54,-0.21,0.07,7.42,6.42
0.14,0.1,0.94,0.62,-0.2,0.06,8.46,6.09
0.14,0.1,0.89,0.66,-0.17,0.04,9.13,6.03
0.14,0.09,0.84,0.66,-0.13,0.04,9.39,5.78
0.13,0.07,0.78,0.67,-0.11,0.03,9.74,5.15
0.14,0.07,0.73,0.63,-0.07,0.02,10.51,5.29
0.14,0.07,0.68,0.57,-0.04,0.0,11.71,5.44
0.13,0.06,0.66,0.5,-0.01,-0.0,11.45,5.16
0.12,0.05,0.63,0.39,0.01,-0.01,11.13,4.81
0.11,0.05,0.61,0.28,-0.01,-0.01,9.84,4.68
0.1,0.06,0.6,0.14,-0.04,0.01,9.2,5.56
0.11,0.06,0.62,-0.01,-0.07,0.01,9.75,5.36
0.12,0.07,0.67,-0.13,-0.13,0.03,10.11,5.66
0.14,0.06,0.71,-0.26,-0.21,0.03,11.0,5.12
0.15,0.07,0.77,-0.36,-0.26,0.01,10.93,4.82
0.15,0.07,0.85,-0.44,-0.29,-0.01,9.84,4.4
0.14,0.07,0.92,-0.5,-0.3,-0.03,8.77,4.41
0.14,0.07,0.98,-0.49,-0.3,-0.06,7.86,4.01
0.11,0.06,1.04,-0.47,-0.29,-0.07,6.31,3.14
0.1,0.05,1.07,-0.44,-0.23,-0.08,5.14,2.84
0.08,0.05,1.09,-0.39,-0.19,-0.09,4.19,2.66
0.06,0.06,1.1,-0.33,-0.14,-0.1,3.36,3.01
0.05,0.06,1.12,-0.25,-0.07,-0.11,2.74,2.87
0.05,0.05,1.13,-0.19,0.01,-0.12,2.33,2.75
0.04,0.05,1.12,-0.12,0.07,-0.12,2.06,2.5
0.03,0.05,1.11,-0.06,0.13,-0.12,1.77,2.83
0.03,0.05,1.09,0.01,0.14,-0.12,1.44,2.66
0.03,0.05,1.07,0.03,0.19,-0.13,1.81,2.84
0.03,0.05,1.04,0.05,0.19,-0.14,1.62,2.84
0.03,0.04,1.04,0.07,0.18,-0.13,1.7,2.46
0.02,0.05,1.03,0.09,0.17,-0.15,1.25,2.71
0.01,0.06,1.03,0.09,0.16,-0.14,0.64,3.4
0.01,0.06,1.02,0.09,0.15,-0.13,0.73,3.38
0.01,0.06,1.04,0.1,0.11,-0.12,0.44,3.38
0.01,0.07,1.05,0.11,0.08,-0.12,0.8,3.62
0.03,0.07,1.03,0.12,0.06,-0.13,1.9,3.74
0.03,0.06,1.05,0.13,0.05,-0.13,1.84,3.1
0.03,0.06,1.04,0.16,0.03,-0.14,1.85,3.21
0.02,0.05,1.03,0.19,0.03,-0.16,1.28,2.89
0.02,0.05,1.02,0.2,0.05,-0.18,1.07,2.69
-0.0,0.04,1.01,0.2,0.08,-0.19,-0.24,2.04
-0.01,0.04,0.97,0.22,0.08,-0.19,-0.47,2.12
-0.02,0.02,0.93,0.21,0.11,-0.2,-1.4,1.39
-0.03,0.02,0.9,0.2,0.15,-0.21,-2.2,1.12
-0.06,0.02,0.89,0.16,0.17,-0.21,-3.6,1.11
-0.07,0.01,0.86,0.1,0.2,-0.2,-4.52,0.68
-0.07,0.01,0.84,0.05,0.19,-0.19,-4.49,0.67
-0.06,0.02,0.83,-0.03,0.2,-0.18,-4.31,1.13
-0.05,0.03,0.85,-0.12,0.21,-0.16,-3.52,1.69
-0.05,0.03,0.89,-0.19,0.18,-0.15,-3.41,2.16
-0.05,0.04,0.92,-0.23,0.15,-0.14,-3.04,2.44
-0.04,0.04,0.95,-0.29,0.12,-0.13,-2.32,2.46
-0.03,0.04,0.98,-0.32,0.09,-0.12,-1.53,2.55
-0.02,0.04,1.01,-0.34,0.05,-0.11,-1.08,2.53
-0.04,0.04,1.03,-0.37,0.03,-0.12,-2.06,2.02
-0.05,0.04,1.04,-0.4,-0.0,-0.12,-3.01,1.98
-0.07,0.04,1.08,-0.4,-0.04,-0.11,-3.71,2.1
-0.08,0.04,1.11,-0.38,-0.1,-0.09,-3.92,2.15
-0.08,0.04,1.14,-0.37,-0.15,-0.07,-3.88,1.85
-0.09,0.04,1.16,-0.33,-0.16,-0.07,-4.23,1.76
-0.09,0.03,1.17,-0.31,-0.15,-0.05,-4.63,1.69
-0.09,0.03,1.17,-0.26,-0.14,-0.04,-4.28,1.55
-0.09,0.04,1.17,-0.2,-0.12,-0.03,-4.24,1.92
-0.08,0.04,1.17,-0.13,-0.08,-0.02,-4.09,2.08
-0.08,0.04,1.15,-0.09,-0.04,-0.01,-4.21,2.03
-0.08,0.04,1.12,-0.05,-0.0,-0.01,-4.27,1.83
-0.08,0.04,1.11,-0.0,0.04,0.0,-4.3,1.99
-0.07,0.03,1.09,0.04,0.1,0.0,-3.5,1.76
-0.07,0.03,1.08,0.07,0.16,-0.0,-3.51,1.8
-0.06,0.03,1.06,0.09,0.2,0.02,-3.08,1.36
-0.05,0.02,1.02,0.1,0.23,0.02,-3.03,1.38
-0.05,0.02,0.99,0.08,0.25,0.03,-2.87,1.22
-0.04,0.02,0.97,0.05,0.26,0.05,-2.39,1.3
-0.03,0.01,0.96,0.01,0.23,0.06,-1.78,0.84
-0.01,0.02,0.95,-0.04,0.19,0.07,-0.77,0.94
0.01,0.02,0.96,-0.09,0.16,0.07,0.36,1.3
0.03,0.03,0.98,-0.13,0.12,0.06,1.46,1.8
0.03,0.04,1.0,-0.18,0.09,0.07,1.83,2.07
0.04,0.03,1.01,-0.18,0.05,0.07,2.23,1.69
0.04,0.03,1.01,-0.21,0.02,0.05,2.32,1.79
0.04,0.04,1.01,-0.25,0.01,0.04,2.19,2.03
0.05,0.04,1.02,-0.29,-0.02,0.03,2.87,1.96
0.05,0.04,1.03,-0.3,-0.05,0.02,2.94,2.35
0.06,0.04,1.05,-0.32,-0.1,-0.0,3.32,2.33
0.05,0.05,1.06,-0.34,-0.11,-0.03,2.64,2.91
0.03,0.04,1.07,-0.35,-0.12,-0.04,1.49,2.18
0.02,0.05,1.08,-0.34,-0.14,-0.04,1.1,2.6
-0.01,0.05,1.1,-0.34,-0.17,-0.05,-0.29,2.49
-0.02,0.04,1.12,-0.32,-0.15,-0.05,-1.22,2.27
-0.03,0.04,1.15,-0.3,-0.13,-0.04,-1.7,2.05
-0.04,0.04,1.15,-0.27,-0.11,-0.03,-1.96,1.85
-0.04,0.03,1.18,-0.2,-0.08,-0.02,-1.78,1.65
-0.02,0.04,1.18,-0.15,-0.03,-0.01,-1.02,1.77
-0.02,0.05,1.19,-0.08,0.03,-0.01,-0.96,2.61
-0.01,0.07,1.18,-0.01,0.06,-0.01,-0.71,3.27
-0.01,0.07,1.17,0.05,0.09,-0.01,-0.32,3.59
0.0,0.07,1.15,0.11,0.09,-0.0,0.14,3.5
0.02,0.07,1.12,0.14,0.09,-0.0,0.79,3.76
0.02,0.08,1.1,0.18,0.09,-0.01,1.24,4.0
0.03,0.09,1.08,0.22,0.07,-0.0,1.69,4.59
0.04,0.08,1.07,0.24,0.06,-0.01,2.05,4.48
0.04,0.08,1.05,0.25,0.06,-0.02,2.21,4.3
0.04,0.06,1.02,0.26,0.04,-0.01,2.03,3.62
0.04,0.07,0.99,0.29,0.02,-0.02,2.03,3.92
0.03,0.06,0.98,0.28,0.02,-0.03,1.65,3.78
0.02,0.06,0.96,0.3,0.01,-0.03,1.2,3.67
0.02,0.05,0.95,0.29,0.01,-0.04,1.0,3.22
0.01,0.04,0.93,0.3,0.0,-0.04,0.82,2.73
0.02,0.04,0.89,0.29,0.01,-0.03,1.3,2.58
0.02,0.04,0.88,0.26,0.04,-0.05,1.56,2.52
0.01,0.05,0.85,0.24,0.03,-0.04,0.89,3.05
0.01,0.05,0.83,0.2,0.03,-0.05,0.94,3.21
0.0,0.04,0.81,0.15,0.03,-0.05,0.04,2.7
-0.0,0.04,0.81,0.09,0.03,-0.05,-0.17,2.85
-0.0,0.04,0.81,0.03,0.02,-0.04,-0.14,3.09
0.0,0.05,0.83,-0.02,0.04,-0.04,0.27,3.41
0.01,0.06,0.86,-0.04,0.03,-0.03,0.75,3.94
0.02,0.07,0.88,-0.08,0.06,-0.04,1.49,4.44
0.02,0.07,0.91,-0.09,0.05,-0.03,1.23,4.7
0.02,0.08,0.93,-0.09,0.06,-0.04,1.04,4.81
0.01,0.08,0.93,-0.06,0.07,-0.05,0.73,4.76
0.01,0.07,0.94,-0.06,0.08,-0.04,0.55,4.51
0.01,0.08,0.94,-0.07,0.09,-0.03,0.52,4.59
0.01,0.07,0.92,-0.04,0.07,-0.03,0.39,4.38
0.01,0.07,0.92,-0.04,0.08,-0.02,0.76,4.53
0.03,0.07,0.92,-0.03,0.09,-0.03,1.68,4.63
0.03,0.08,0.91,-0.04,0.1,-0.02,1.83,4.86
0.02,0.08,0.91,-0.02,0.09,-0.03,1.54,4.86
0.03,0.08,0.9,-0.01,0.09,-0.03,1.61,4.83
0.02,0.07,0.88,-0.01,0.12,-0.03,1.31,4.79
0.02,0.07,0.88,0.01,0.12,-0.03,1.21,4.57
0.02,0.07,0.87,0.01,0.12,-0.02,1.28,4.64
0.02,0.07,0.88,0.03,0.11,-0.01,1.61,4.61
0.02,0.07,0.86,0.04,0.15,-0.02,1.42,4.83
0.03,0.07,0.85,0.04,0.16,-0.02,1.67,4.84
0.02,0.07,0.85,0.07,0.18,-0.01,1.52,4.66
0.02,0.06,0.84,0.08,0.19,-0.01,1.52,4.25
0.02,0.07,0.84,0.07,0.23,-0.01,1.53,4.9
0.04,0.08,0.82,0.09,0.26,0.0,2.44,5.38
0.02,0.08,0.82,0.11,0.27,0.0,1.47,5.79
0.03,0.06,0.8,0.13,0.29,0.01,2.11,4.4
0.02,0.06,0.8,0.12,0.32,0.01,1.75,4.6
0.03,0.06,0.78,0.11,0.33,0.02,2.34,4.55
0.03,0.06,0.78,0.12,0.32,0.03,2.28,4.53
0.04,0.08,0.79,0.12,0.34,0.03,2.93,5.69
0.05,0.07,0.78,0.12,0.34,0.05,3.73,5.28
0.04,0.08,0.79,0.13,0.35,0.05,3.15,5.91
0.04,0.08,0.79,0.15,0.34,0.05,3.0,5.78
0.05,0.07,0.81,0.16,0.34,0.06,3.39,5.1
0.06,0.07,0.8,0.21,0.36,0.05,4.09,5.28
0.06,0.08,0.8,0.22,0.39,0.05,4.35,5.77
0.06,0.08,0.8,0.24,0.42,0.05,4.15,5.99
0.07,0.08,0.78,0.28,0.44,0.05,4.73,5.9
0.07,0.09,0.77,0.31,0.47,0.05,5.52,6.34
0.09,0.08,0.75,0.26,0.41,0.14,6.48,6.12
0.09,0.08,0.72,0.32,0.52,0.05,7.41,6.55
0.1,0.08,0.69,0.34,0.57,0.02,8.18,6.67
0.1,0.09,0.66,0.31,0.6,-0.01,8.24,7.26
0.1,0.09,0.64,0.28,0.61,-0.03,8.82,7.82
0.1,0.09,0.62,0.21,0.61,-0.04,8.88,8.49
0.08,0.09,0.6,0.14,0.59,-0.05,7.74,8.49
0.06,0.08,0.61,0.07,0.57,-0.07,5.75,7.25
0.04,0.07,0.62,-0.01,0.55,-0.08,3.88,6.72
0.03,0.06,0.64,-0.1,0.51,-0.07,2.58,5.41
0.02,0.06,0.66,-0.15,0.47,-0.06,1.6,5.24
0.01,0.06,0.71,-0.23,0.47,-0.06,0.97,5.16
0.01,0.07,0.75,-0.27,0.47,-0.07,0.94,5.56
0.01,0.08,0.79,-0.3,0.48,-0.06,0.77,5.6
0.01,0.09,0.83,-0.3,0.5,-0.06,0.55,5.91
0.0,0.09,0.86,-0.29,0.5,-0.06,0.17,5.75
0.0,0.08,0.88,-0.26,0.55,-0.06,0.31,5.35
0.01,0.08,0.9,-0.23,0.6,-0.06,0.4,4.78
0.01,0.07,0.9,-0.21,0.65,-0.08,0.74,4.59
0.01,0.08,0.91,-0.17,0.68,-0.09,0.56,4.79
0.0,0.07,0.9,-0.16,0.74,-0.09,0.1,4.61
-0.01,0.07,0.9,-0.13,0.75,-0.09,-0.85,4.33
-0.03,0.07,0.92,-0.13,0.78,-0.11,-1.56,4.18
-0.03,0.06,0.92,-0.11,0.78,-0.1,-1.71,3.5
-0.02,0.06,0.92,-0.08,0.82,-0.1,-1.52,3.91
-0.02,0.07,0.93,-0.07,0.83,-0.09,-1.37,4.07
-0.03,0.07,0.94,-0.06,0.85,-0.1,-1.72,4.22
-0.03,0.08,0.94,-0.01,0.85,-0.1,-1.77,4.85
-0.04,0.08,0.94,-0.01,0.88,-0.1,-2.31,4.6
-0.04,0.08,0.94,0.01,0.88,-0.08,-2.37,4.99
-0.04,0.07,0.94,0.06,0.86,-0.09,-2.22,4.41
-0.04,0.07,0.93,0.08,0.88,-0.08,-2.39,4.14
-0.05,0.06,0.93,0.09,0.86,-0.08,-2.79,3.97
-0.06,0.07,0.93,0.08,0.86,-0.08,-3.74,4.04
-0.08,0.06,0.96,0.08,0.85,-0.07,-4.89,3.63
-0.1,0.06,0.99,0.11,0.81,-0.06,-5.98,3.72
-0.11,0.07,1.01,0.14,0.75,-0.02,-6.14,4.15
-0.1,0.09,1.01,0.14,0.71,0.01,-5.81,5.01
-0.07,0.08,1.07,0.17,0.63,0.05,-3.91,4.09
-0.06,0.08,1.1,0.25,0.54,0.07,-2.88,4.26
-0.04,0.09,1.1,0.32,0.52,0.07,-2.14,4.72
-0.03,0.1,1.11,0.4,0.48,0.07,-1.35,5.23
-0.01,0.1,1.11,0.47,0.49,0.06,-0.34,5.07
0.02,0.08,1.1,0.58,0.48,0.04,0.88,4.41
0.02,0.08,1.05,0.67,0.51,0.01,1.03,4.38
-0.0,0.07,1.01,0.73,0.58,-0.02,-0.05,3.82
-0.03,0.05,0.97,0.79,0.6,-0.04,-1.79,2.87
-0.08,0.03,0.92,0.82,0.58,-0.04,-4.97,2.12
-0.12,0.03,0.87,0.83,0.57,-0.02,-7.56,2.22
-0.14,0.04,0.82,0.77,0.53,0.01,-9.46,2.7
-0.15,0.04,0.79,0.74,0.44,0.05,-10.46,2.98
-0.15,0.06,0.78,0.67,0.33,0.1,-11.12,4.15
-0.15,0.07,0.77,0.62,0.21,0.16,-11.11,5.37
-0.14,0.09,0.79,0.56,0.14,0.19,-9.65,6.49
-0.1,0.1,0.82,0.53,0.03,0.24,-7.04,7.19
-0.07,0.09,0.84,0.51,-0.04,0.25,-4.93,6.27
-0.04,0.08,0.86,0.5,-0.08,0.24,-2.6,5.4
-0.02,0.07,0.86,0.51,-0.05,0.2,-1.2,4.44
-0.02,0.07,0.88,0.51,0.0,0.17,-1.36,4.75
-0.04,0.07,0.88,0.53,0.06,0.13,-2.83,4.79
-0.07,0.07,0.88,0.57,0.13,0.11,-4.73,4.37
-0.11,0.05,0.88,0.57,0.21,0.1,-6.84,3.46
-0.13,0.05,0.88,0.57,0.32,0.09,-8.13,3.51
-0.14,0.06,0.88,0.58,0.41,0.09,-9.09,3.93
-0.15,0.07,0.91,0.58,0.49,0.1,-9.26,4.1
-0.14,0.06,0.94,0.6,0.59,0.1,-8.53,3.45
-0.13,0.05,0.96,0.62,0.65,0.12,-7.51,2.96
-0.09,0.04,0.98,0.68,0.69,0.11,-5.05,2.42
-0.04,0.04,0.95,0.73,0.76,0.1,-2.42,2.41
-0.03,0.05,0.92,0.77,0.86,0.05,-1.55,2.87
-0.03,0.05,0.87,0.77,0.94,0.01,-2.23,3.35
-0.07,0.04,0.82,0.76,1.0,-0.03,-5.12,2.83
-0.13,0.04,0.77,0.71,1.02,-0.04,-9.74,2.67
-0.17,0.04,0.73,0.62,1.03,-0.04,-13.13,3.05
-0.19,0.05,0.72,0.48,1.02,-0.02,-14.81,4.14
-0.19,0.07,0.72,0.37,0.95,0.01,-14.92,5.28
-0.2,0.08,0.73,0.25,0.88,0.04,-14.91,5.75
-0.2,0.07,0.78,0.12,0.83,0.05,-14.47,5.18
-0.19,0.07,0.82,0.02,0.77,0.08,-13.17,4.77
-0.17,0.06,0.88,-0.07,0.7,0.12,-10.79,3.59
-0.13,0.05,0.92,-0.12,0.66,0.14,-8.05,3.19
-0.09,0.05,0.97,-0.16,0.63,0.15,-5.04,3.11
-0.04,0.05,1.03,-0.17,0.65,0.13,-2.19,2.84
0.0,0.05,1.07,-0.14,0.67,0.1,0.01,2.74
0.03,0.05,1.11,-0.06,0.73,0.05,1.52,2.59
0.05,0.04,1.15,0.02,0.82,0.01,2.71,2.16
0.05,0.03,1.14,0.11,0.91,-0.05,2.64,1.64
0.02,0.03,1.12,0.18,1.0,-0.1,1.23,1.69
-0.01,0.04,1.08,0.24,1.06,-0.13,-0.64,2.08
-0.05,0.03,1.05,0.27,1.13,-0.14,-2.69,1.46
-0.07,0.03,1.03,0.27,1.19,-0.15,-3.63,1.39
-0.08,0.04,1.01,0.26,1.22,-0.15,-4.36,2.36
-0.08,0.03,0.98,0.24,1.24,-0.14,-4.86,1.54
-0.08,0.03,1.0,0.21,1.25,-0.15,-4.66,1.71
-0.08,0.03,1.02,0.17,1.23,-0.14,-4.7,1.69
-0.06,0.01,1.04,0.14,1.2,-0.12,-3.53,0.78
-0.04,0.01,1.06,0.12,1.16,-0.12,-2.35,0.51
-0.02,0.01,1.06,0.13,1.13,-0.12,-1.26,0.58
0.0,0.01,1.08,0.12,1.12,-0.14,0.17,0.53
0.03,0.02,1.09,0.15,1.09,-0.15,1.43,0.86
0.03,0.01,1.09,0.19,1.08,-0.18,1.67,0.59
0.01,0.02,1.05,0.21,1.07,-0.2,0.3,1.08
-0.04,0.02,1.02,0.22,1.06,-0.22,-2.12,0.96
-0.08,0.02,0.98,0.19,1.05,-0.21,-4.88,1.38
-0.12,0.03,0.95,0.15,1.02,-0.19,-6.94,1.68
-0.12,0.04,0.93,0.1,0.99,-0.17,-7.43,2.16
-0.12,0.03,0.91,0.03,0.99,-0.16,-7.34,2.1
-0.12,0.03,0.89,-0.06,0.98,-0.13,-7.89,1.94
-0.12,0.03,0.9,-0.15,0.97,-0.11,-7.31,1.92
-0.1,0.03,0.91,-0.24,0.94,-0.1,-6.52,1.9
-0.08,0.04,0.93,-0.33,0.9,-0.09,-4.61,2.19
-0.04,0.03,0.98,-0.4,0.88,-0.08,-2.39,1.55
0.01,0.02,1.03,-0.44,0.85,-0.08,0.3,0.9
0.06,0.01,1.09,-0.46,0.8,-0.09,3.06,0.5
0.11,0.01,1.14,-0.44,0.83,-0.13,5.36,0.59
0.14,0.01,1.17,-0.41,0.87,-0.17,6.89,0.34
0.17,0.01,1.19,-0.33,0.9,-0.22,7.92,0.51
0.16,0.01,1.22,-0.23,0.95,-0.28,7.67,0.44
0.12,0.01,1.23,-0.13,1.02,-0.32,5.78,0.64
0.08,0.01,1.23,-0.06,1.07,-0.33,3.59,0.47
0.03,0.01,1.2,0.01,1.08,-0.33,1.53,0.52
0.01,0.01,1.16,0.05,1.09,-0.32,0.33,0.67
-0.0,0.03,1.11,0.07,1.08,-0.3,-0.17,1.44
0.0,0.04,1.08,0.04,1.09,-0.29,0.1,2.2
0.0,0.05,1.06,0.03,1.07,-0.29,0.25,2.67
0.0,0.05,1.04,0.01,1.04,-0.27,0.1,2.65
-0.02,0.04,1.03,-0.02,1.02,-0.26,-0.86,2.42
-0.01,0.04,1.01,-0.08,1.0,-0.25,-0.62,2.32
0.01,0.04,1.02,-0.13,0.93,-0.24,0.5,2.28
0.02,0.03,1.0,-0.17,0.86,-0.23,1.28,1.84
0.03,0.02,1.01,-0.22,0.82,-0.25,1.61,1.17
0.02,0.02,1.01,-0.27,0.77,-0.25,0.86,0.96
-0.0,0.01,1.01,-0.33,0.74,-0.26,-0.27,0.41
-0.02,0.02,1.02,-0.38,0.69,-0.26,-1.07,0.88
-0.02,0.02,1.04,-0.43,0.63,-0.24,-1.21,1.19
-0.02,0.02,1.07,-0.46,0.59,-0.22,-1.16,1.25
-0.03,0.03,1.11,-0.5,0.53,-0.2,-1.35,1.67
-0.01,0.04,1.15,-0.5,0.46,-0.17,-0.5,1.88
0.02,0.05,1.18,-0.47,0.42,-0.15,1.08,2.46
0.05,0.06,1.2,-0.45,0.42,-0.14,2.41,3.01
0.07,0.07,1.2,-0.4,0.43,-0.13,3.38,3.32
0.09,0.08,1.19,-0.35,0.46,-0.12,4.24,3.7
0.11,0.07,1.19,-0.29,0.48,-0.13,5.35,3.2
0.11,0.06,1.18,-0.25,0.52,-0.15,5.4,2.77
0.12,0.04,1.17,-0.21,0.53,-0.17,5.92,2.01
0.11,0.04,1.14,-0.17,0.54,-0.19,5.28,1.83
0.09,0.03,1.11,-0.15,0.55,-0.2,4.56,1.63
0.08,0.04,1.09,-0.16,0.56,-0.23,4.01,2.01
0.07,0.03,1.09,-0.18,0.54,-0.23,3.87,1.45
0.05,0.03,1.07,-0.21,0.5,-0.25,2.55,1.59
0.01,0.03,1.04,-0.25,0.47,-0.24,0.59,1.92
-0.02,0.03,1.03,-0.32,0.43,-0.22,-0.9,1.9
-0.03,0.04,1.01,-0.41,0.39,-0.2,-1.82,2.4
-0.03,0.05,1.02,-0.47,0.33,-0.18,-1.8,2.89
-0.02,0.06,1.02,-0.54,0.29,-0.15,-1.12,3.5
0.0,0.06,1.03,-0.59,0.29,-0.14,0.01,3.55
0.02,0.08,1.06,-0.63,0.27,-0.13,1.01,4.04
0.03,0.1,1.11,-0.64,0.23,-0.1,1.78,5.05
0.06,0.11,1.16,-0.63,0.21,-0.08,3.04,5.53
0.11,0.12,1.24,-0.57,0.23,-0.06,4.89,5.57
0.16,0.1,1.3,-0.46,0.2,-0.04,7.15,4.39
0.21,0.07,1.31,-0.32,0.21,-0.05,9.12,3.18
0.23,0.06,1.3,-0.18,0.22,-0.06,10.06,2.7
0.23,0.06,1.26,-0.04,0.29,-0.11,10.51,2.64
0.23,0.06,1.22,0.09,0.37,-0.14,10.68,2.61
0.22,0.05,1.19,0.19,0.43,-0.19,10.27,2.45
0.18,0.04,1.14,0.28,0.5,-0.24,9.05,1.95
0.14,0.04,1.09,0.35,0.59,-0.29,7.33,1.85
0.1,0.03,1.06,0.38,0.65,-0.33,5.49,1.88
0.06,0.03,1.01,0.41,0.67,-0.34,3.55,1.65
0.02,0.04,0.97,0.4,0.69,-0.36,1.01,2.19
-0.02,0.04,0.95,0.37,0.68,-0.36,-1.11,2.67
-0.04,0.05,0.93,0.32,0.66,-0.35,-2.53,3.28
-0.05,0.06,0.93,0.28,0.62,-0.34,-3.14,3.75
-0.06,0.07,0.92,0.23,0.6,-0.33,-3.51,4.31
-0.06,0.08,0.92,0.19,0.59,-0.31,-3.74,5.17
-0.06,0.08,0.93,0.14,0.56,-0.29,-3.63,4.68
-0.07,0.06,0.93,0.09,0.51,-0.26,-4.03,3.9
-0.07,0.05,0.92,0.03,0.46,-0.24,-4.46,3.33
-0.07,0.05,0.92,-0.04,0.43,-0.22,-4.1,2.88
-0.06,0.04,0.93,-0.12,0.39,-0.21,-3.37,2.72
-0.04,0.05,0.94,-0.19,0.33,-0.21,-2.68,2.75
-0.02,0.04,0.98,-0.25,0.25,-0.18,-1.24,2.55
-0.01,0.04,1.0,-0.3,0.2,-0.19,-0.51,2.5
0.02,0.05,1.02,-0.33,0.15,-0.18,0.88,2.77
0.03,0.05,1.05,-0.35,0.1,-0.17,1.38,2.84
0.02,0.06,1.07,-0.35,0.04,-0.16,1.29,3.47
0.04,0.07,1.09,-0.33,0.02,-0.15,2.24,3.67
0.06,0.08,1.11,-0.3,0.03,-0.15,3.33,4.0
0.09,0.09,1.13,-0.24,0.03,-0.15,4.57,4.48
0.09,0.09,1.13,-0.19,0.05,-0.17,4.6,4.78
0.09,0.1,1.15,-0.14,0.08,-0.19,4.31,5.15
0.08,0.1,1.16,-0.06,0.12,-0.21,3.83,4.75
0.06,0.08,1.16,-0.01,0.17,-0.21,2.83,4.02
0.02,0.07,1.15,0.04,0.21,-0.22,1.09,3.63
-0.0,0.07,1.13,0.08,0.27,-0.23,-0.2,3.61
-0.02,0.07,1.12,0.09,0.35,-0.22,-1.15,3.54
-0.02,0.07,1.11,0.09,0.4,-0.2,-1.17,3.53
-0.03,0.06,1.11,0.09,0.44,-0.19,-1.73,3.11
-0.04,0.06,1.1,0.1,0.48,-0.18,-1.95,3.23
-0.04,0.07,1.08,0.11,0.51,-0.15,-2.06,3.61
-0.04,0.07,1.07,0.11,0.52,-0.13,-2.0,3.71
-0.03,0.07,1.04,0.08,0.55,-0.1,-1.41,3.63
-0.02,0.07,1.03,0.08,0.52,-0.08,-0.91,3.8
-0.0,0.08,1.03,0.05,0.52,-0.08,-0.2,4.22
0.0,0.08,1.04,0.03,0.49,-0.05,0.14,4.27
0.02,0.08,1.04,0.03,0.45,-0.02,1.15,4.42
0.03,0.08,1.02,0.04,0.39,-0.01,1.68,4.41
0.05,0.07,1.0,0.02,0.35,-0.01,2.96,4.15
0.07,0.07,0.98,0.0,0.34,-0.01,3.81,4.31
0.07,0.08,0.97,0.0,0.31,-0.03,4.01,4.76
0.08,0.08,0.96,-0.0,0.28,-0.05,4.83,4.89
0.08,0.08,0.96,-0.01,0.26,-0.08,4.56,4.82
0.07,0.08,0.97,-0.02,0.26,-0.1,3.9,4.43
0.05,0.08,0.98,-0.02,0.25,-0.12,3.1,4.42
0.05,0.08,1.01,-0.01,0.22,-0.13,2.56,4.41
0.04,0.07,1.02,0.02,0.22,-0.14,2.0,3.92
0.03,0.07,1.02,0.02,0.24,-0.13,1.54,3.74
0.02,0.06,1.01,0.05,0.23,-0.13,1.13,3.54
0.01,0.08,1.0,0.13,0.38,-0.27,0.65,4.36
-0.0,0.07,0.99,0.07,0.27,-0.15,-0.23,4.2
-0.02,0.07,0.97,0.09,0.28,-0.16,-0.98,4.33
-0.03,0.07,0.97,0.06,0.32,-0.17,-2.04,4.22
-0.07,0.07,0.98,0.06,0.35,-0.18,-4.21,3.94
-0.12,0.06,0.98,0.01,0.36,-0.14,-7.01,3.56
-0.15,0.05,0.99,-0.05,0.38,-0.11,-8.37,3.14
-0.15,0.06,1.0,-0.13,0.34,-0.04,-8.34,3.51
-0.12,0.07,1.0,-0.19,0.3,0.01,-6.73,4.14
-0.08,0.07,1.01,-0.25,0.25,0.05,-4.63,4.1
-0.04,0.08,1.02,-0.31,0.22,0.08,-2.02,4.32
0.01,0.08,1.04,-0.36,0.2,0.11,0.64,4.35
0.06,0.09,1.05,-0.37,0.18,0.12,3.41,5.17
0.11,0.1,1.05,-0.35,0.15,0.14,5.68,5.34
0.14,0.1,1.06,-0.35,0.2,0.11,7.54,5.45
0.16,0.1,1.07,-0.34,0.22,0.09,8.49,5.24
0.18,0.09,1.09,-0.3,0.27,0.06,9.27,4.8
0.19,0.08,1.1,-0.27,0.31,0.04,9.92,4.14
0.2,0.07,1.11,-0.22,0.4,0.02,9.94,3.41
0.2,0.06,1.1,-0.17,0.46,0.0,10.06,2.85
0.17,0.05,1.08,-0.11,0.49,-0.01,9.15,2.39
0.16,0.04,1.07,-0.11,0.53,-0.02,8.26,2.15
0.14,0.04,1.06,-0.1,0.54,-0.02,7.43,2.12
0.12,0.03,1.06,-0.1,0.57,-0.04,6.59,1.84
0.12,0.03,1.06,-0.1,0.56,-0.04,6.52,1.45
0.12,0.02,1.08,-0.09,0.56,-0.05,6.32,1.03
0.12,0.02,1.07,-0.1,0.57,-0.04,6.13,0.82
0.1,0.02,1.08,-0.1,0.55,-0.04,5.36,1.19
0.1,0.02,1.07,-0.09,0.53,-0.03,5.44,0.97
0.1,0.02,1.06,-0.08,0.51,-0.02,5.45,0.96
0.09,0.02,1.05,-0.07,0.5,-0.03,4.9,0.86
0.09,0.02,1.04,-0.08,0.49,-0.01,4.74,1.0
0.08,0.02,1.03,-0.07,0.45,-0.01,4.46,0.84
0.07,0.02,1.02,-0.08,0.42,-0.0,3.78,1.27
0.05,0.01,1.0,-0.1,0.43,-0.0,2.85,0.85
0.04,0.02,0.99,-0.1,0.42,0.01,2.47,1.33
0.03,0.01,0.99,-0.13,0.38,0.03,1.75,0.71
0.0,0.0,0.98,-0.14,0.35,0.05,0.19,0.12
-0.02,-0.01,0.98,-0.21,0.35,0.07,-1.46,-0.42
-0.05,-0.01,0.97,-0.27,0.3,0.1,-2.88,-0.39
-0.05,-0.0,0.95,-0.36,0.24,0.15,-3.06,-0.11
-0.03,0.0,0.94,-0.46,0.16,0.19,-1.76,0.06
0.02,0.02,0.95,-0.55,0.11,0.21,1.39,1.23
0.08,0.04,0.97,-0.61,0.06,0.22,4.87,2.35
0.15,0.06,1.01,-0.64,-0.01,0.23,8.18,3.11
0.19,0.07,1.05,-0.63,-0.08,0.23,10.23,3.48
0.21,0.08,1.09,-0.58,-0.13,0.21,10.97,4.29
0.24,0.1,1.12,-0.55,-0.19,0.2,12.11,5.14
0.28,0.11,1.13,-0.47,-0.23,0.2,13.6,5.42
0.3,0.13,1.12,-0.36,-0.26,0.17,15.11,6.18
0.33,0.13,1.1,-0.23,-0.25,0.12,16.39,6.55
0.33,0.14,1.09,-0.12,-0.23,0.07,16.83,6.75
0.32,0.14,1.08,-0.01,-0.15,-0.02,16.29,7.09
0.28,0.14,1.07,0.1,-0.08,-0.08,14.72,7.01
0.24,0.13,1.06,0.2,-0.01,-0.15,12.58,6.9
0.2,0.12,1.07,0.29,0.07,-0.2,10.33,6.2
0.14,0.1,1.05,0.35,0.14,-0.23,7.47,5.47
0.09,0.1,1.03,0.42,0.19,-0.25,5.2,5.37
0.07,0.08,1.01,0.47,0.22,-0.26,4.0,4.62
0.04,0.08,0.99,0.49,0.29,-0.28,2.28,4.61
0.01,0.07,0.97,0.51,0.32,-0.28,0.67,4.27
-0.01,0.07,0.96,0.53,0.34,-0.28,-0.4,4.13
-0.03,0.06,0.95,0.54,0.36,-0.27,-1.52,3.79
-0.04,0.06,0.93,0.54,0.37,-0.27,-2.38,3.61
-0.06,0.06,0.91,0.51,0.37,-0.25,-3.57,3.68
-0.07,0.05,0.89,0.49,0.35,-0.23,-4.59,3.47
-0.08,0.05,0.88,0.46,0.32,-0.21,-4.94,3.56
-0.08,0.05,0.87,0.42,0.31,-0.21,-5.35,3.09
-0.08,0.04,0.85,0.37,0.28,-0.19,-5.38,2.91
-0.08,0.04,0.85,0.32,0.24,-0.17,-5.67,2.4
-0.09,0.04,0.85,0.28,0.2,-0.17,-5.96,3.0
-0.1,0.04,0.84,0.22,0.17,-0.16,-6.85,2.74
-0.1,0.04,0.87,0.17,0.12,-0.16,-6.74,2.3
-0.11,0.04,0.89,0.11,0.09,-0.13,-7.18,2.49
-0.11,0.04,0.91,0.07,0.04,-0.11,-7.1,2.39
-0.1,0.03,0.92,0.03,0.03,-0.08,-6.28,2.12
-0.1,0.04,0.92,0.0,-0.0,-0.05,-6.01,2.39
-0.09,0.04,0.91,-0.02,-0.01,-0.03,-5.77,2.43
-0.08,0.05,0.91,-0.05,-0.02,-0.02,-5.07,2.85
-0.08,0.05,0.91,-0.08,-0.01,-0.01,-4.99,3.15
-0.07,0.05,0.91,-0.1,0.0,-0.0,-4.13,3.01
-0.06,0.05,0.91,-0.11,-0.0,0.01,-3.74,3.08
-0.04,0.06,0.9,-0.15,0.03,0.01,-2.8,3.55
-0.04,0.06,0.9,-0.15,0.03,0.02,-2.79,3.52
-0.05,0.06,0.9,-0.17,0.05,0.0,-2.98,3.75
-0.04,0.05,0.92,-0.2,0.04,0.01,-2.71,3.36
-0.04,0.06,0.93,-0.21,0.02,0.01,-2.59,3.45
-0.03,0.05,0.95,-0.23,0.02,0.03,-1.9,2.99
-0.02,0.06,0.96,-0.25,0.03,0.03,-1.35,3.34
-0.01,0.06,0.97,-0.25,-0.0,0.05,-0.7,3.81
-0.01,0.06,0.99,-0.25,-0.04,0.06,-0.48,3.63
0.0,0.07,0.99,-0.24,-0.05,0.06,0.23,3.8
0.02,0.08,1.0,-0.25,-0.06,0.07,1.41,4.35
0.03,0.07,1.0,-0.24,-0.08,0.07,1.94,4.16
0.04,0.08,1.0,-0.21,-0.1,0.08,2.49,4.69
0.06,0.08,1.01,-0.19,-0.08,0.06,3.55,4.75
0.07,0.08,1.0,-0.17,-0.06,0.05,4.19,4.81
0.08,0.08,1.01,-0.14,-0.03,0.04,4.77,4.77
0.08,0.09,1.01,-0.09,-0.01,0.02,4.62,5.12
0.09,0.09,1.0,-0.06,0.03,0.0,4.86,5.1
0.09,0.09,1.01,-0.02,0.08,-0.03,5.31,5.06
0.09,0.09,1.0,0.03,0.12,-0.04,4.83,5.01
0.07,0.08,1.01,0.06,0.15,-0.06,4.05,4.73
0.05,0.08,1.0,0.1,0.16,-0.08,2.79,4.51
0.05,0.08,1.0,0.12,0.2,-0.09,2.57,4.57
0.03,0.08,1.0,0.14,0.2,-0.09,2.0,4.5
0.03,0.08,1.0,0.16,0.21,-0.09,1.55,4.35
0.02,0.08,1.0,0.18,0.22,-0.11,1.29,4.39
0.02,0.07,1.01,0.19,0.23,-0.12,1.05,3.98
0.0,0.07,1.01,0.2,0.23,-0.11,0.18,3.95
-0.01,0.07,1.0,0.21,0.21,-0.09,-0.73,3.73
-0.02,0.06,0.99,0.21,0.2,-0.08,-1.42,3.59
-0.04,0.06,0.98,0.21,0.18,-0.06,-2.07,3.5
-0.05,0.06,0.97,0.18,0.17,-0.04,-2.68,3.5
-0.05,0.06,0.95,0.17,0.14,-0.03,-2.99,3.51
-0.05,0.05,0.94,0.15,0.11,-0.01,-3.22,3.25
-0.06,0.05,0.92,0.12,0.09,0.0,-3.78,3.37
-0.06,0.05,0.92,0.08,0.07,0.02,-3.65,3.28
-0.07,0.05,0.91,0.04,0.02,0.03,-4.31,3.09
-0.07,0.05,0.9,0.0,-0.01,0.05,-4.24,3.41
-0.08,0.05,0.9,-0.04,-0.01,0.05,-4.82,3.28
-0.07,0.06,0.9,-0.08,-0.02,0.06,-4.6,3.55
-0.07,0.06,0.91,-0.13,-0.03,0.07,-4.58,3.54
-0.07,0.05,0.91,-0.15,-0.07,0.08,-4.37,3.33
-0.07,0.06,0.91,-0.17,-0.07,0.09,-4.1,3.68
-0.06,0.06,0.92,-0.21,-0.05,0.1,-3.51,3.9
-0.05,0.06,0.93,-0.2,-0.07,0.11,-2.83,3.76
-0.03,0.06,0.94,-0.21,-0.07,0.12,-2.03,3.9
-0.02,0.06,0.94,-0.21,-0.03,0.12,-1.46,3.82
-0.02,0.06,0.96,-0.22,-0.02,0.13,-1.17,3.72
-0.01,0.07,0.96,-0.2,-0.03,0.14,-0.88,4.2
-0.0,0.07,0.96,-0.18,-0.02,0.14,-0.12,4.05
0.03,0.07,0.96,-0.19,-0.01,0.14,1.56,4.09
0.02,0.06,0.95,-0.16,0.01,0.13,1.19,3.87
0.02,0.06,0.94,-0.16,0.01,0.12,1.09,3.47
0.01,0.06,0.93,-0.16,0.01,0.11,0.76,3.89
0.01,0.06,0.93,-0.15,0.04,0.09,0.63,3.82
0.01,0.06,0.94,-0.16,0.05,0.08,0.62,3.51
0.01,0.05,0.94,-0.17,0.05,0.08,0.56,3.21
0.02,0.05,0.95,-0.14,0.04,0.06,1.03,3.24
0.01,0.05,0.95,-0.12,0.04,0.06,0.6,3.26
0.01,0.06,0.96,-0.14,0.07,0.05,0.57,3.45
0.01,0.06,0.96,-0.12,0.07,0.04,0.69,3.47
0.01,0.06,0.96,-0.11,0.06,0.06,0.57,3.33
0.01,0.05,0.96,-0.08,0.08,0.05,0.71,3.06
0.01,0.05,0.96,-0.09,0.1,0.05,0.89,2.99
0.01,0.05,0.95,-0.1,0.1,0.05,0.33,2.82
0.0,0.04,0.95,-0.07,0.1,0.05,0.28,2.65
0.0,0.04,0.95,-0.07,0.09,0.05,0.05,2.61
0.0,0.04,0.94,-0.1,0.11,0.05,0.03,2.34
-0.01,0.04,0.93,-0.11,0.1,0.06,-0.39,2.38
-0.01,0.04,0.93,-0.11,0.08,0.06,-0.65,2.38
-0.01,0.03,0.93,-0.18,0.01,0.12,-0.78,2.12
-0.01,0.04,0.93,-0.16,0.06,0.07,-0.74,2.28
-0.01,0.04,0.94,-0.17,0.05,0.08,-0.39,2.14
-0.02,0.04,0.95,-0.2,0.02,0.09,-0.92,2.13
0.0,0.04,0.96,-0.21,-0.02,0.12,0.11,2.38
0.01,0.04,0.97,-0.25,-0.02,0.13,0.78,2.1
0.04,0.04,0.97,-0.26,-0.07,0.15,2.34,2.36
0.06,0.04,0.98,-0.26,-0.1,0.15,3.69,2.45
0.08,0.05,0.99,-0.26,-0.13,0.15,4.65,2.79
0.08,0.04,0.99,-0.27,-0.16,0.16,4.84,2.5
0.09,0.05,0.99,-0.29,-0.16,0.15,5.38,2.67
0.09,0.05,1.0,-0.29,-0.2,0.16,5.24,2.96
0.09,0.05,1.0,-0.3,-0.22,0.15,5.07,2.67
0.09,0.05,1.0,-0.32,-0.23,0.14,4.98,3.05
0.08,0.06,1.01,-0.34,-0.25,0.16,4.58,3.46
0.07,0.06,1.02,-0.37,-0.28,0.16,4.02,3.49
0.07,0.07,1.03,-0.38,-0.33,0.18,3.6,3.75
0.05,0.07,1.04,-0.42,-0.38,0.2,2.89,3.66
0.05,0.08,1.05,-0.47,-0.42,0.24,2.47,4.24
0.06,0.09,1.06,-0.51,-0.45,0.28,3.19,4.77
0.1,0.1,1.09,-0.55,-0.5,0.31,5.07,5.15
0.14,0.12,1.13,-0.56,-0.53,0.33,7.13,5.97
0.2,0.14,1.19,-0.57,-0.52,0.35,9.4,6.6
0.25,0.16,1.23,-0.53,-0.5,0.36,11.58,7.06
0.31,0.16,1.27,-0.45,-0.44,0.34,13.71,7.1
0.36,0.17,1.3,-0.37,-0.38,0.34,15.33,7.21
0.38,0.17,1.31,-0.31,-0.27,0.32,16.1,7.3
0.4,0.19,1.32,-0.21,-0.21,0.3,16.74,7.7
0.41,0.19,1.32,-0.11,-0.14,0.27,17.19,7.95
0.39,0.18,1.31,-0.05,-0.09,0.24,16.21,7.39
0.35,0.17,1.3,-0.01,-0.07,0.23,14.95,7.24
0.3,0.16,1.29,0.02,-0.07,0.22,13.08,7.01
0.26,0.16,1.27,-0.01,-0.12,0.23,11.36,6.9
0.22,0.14,1.27,-0.04,-0.19,0.26,9.7,6.0
0.2,0.14,1.27,-0.12,-0.26,0.29,8.94,6.31
0.19,0.12,1.26,-0.19,-0.37,0.34,8.31,5.56
0.19,0.13,1.26,-0.26,-0.5,0.38,8.5,5.79
0.22,0.13,1.27,-0.33,-0.62,0.4,9.93,5.9
0.26,0.15,1.29,-0.39,-0.71,0.42,11.23,6.33
0.3,0.16,1.33,-0.42,-0.8,0.44,12.7,6.58
0.35,0.17,1.35,-0.43,-0.86,0.43,14.24,7.05
0.4,0.18,1.4,-0.39,-0.91,0.43,15.75,6.89
0.43,0.18,1.42,-0.36,-0.9,0.4,16.57,7.0
0.44,0.18,1.44,-0.3,-0.9,0.38,16.78,6.84
0.44,0.18,1.45,-0.22,-0.9,0.33,16.64,6.84
0.42,0.17,1.45,-0.15,-0.91,0.3,16.15,6.44
0.39,0.16,1.45,-0.07,-0.89,0.25,15.1,6.13
0.36,0.14,1.44,-0.03,-0.9,0.23,14.05,5.56
0.31,0.14,1.42,0.03,-0.93,0.2,12.23,5.47
0.26,0.13,1.42,0.05,-0.97,0.19,10.39,5.16
0.21,0.12,1.43,0.06,-1.02,0.18,8.52,4.75
0.17,0.11,1.43,0.05,-1.1,0.2,6.71,4.35
0.14,0.1,1.43,0.03,-1.2,0.21,5.47,4.1
0.12,0.1,1.43,0.02,-1.3,0.22,4.82,4.03
0.12,0.1,1.44,0.02,-1.37,0.23,4.79,4.12
0.12,0.1,1.46,0.02,-1.45,0.25,4.64,3.97
0.11,0.09,1.47,0.07,-1.51,0.25,4.24,3.63
0.1,0.09,1.48,0.11,-1.55,0.26,4.02,3.5
0.09,0.09,1.48,0.14,-1.54,0.24,3.5,3.5
0.08,0.08,1.47,0.2,-1.55,0.26,3.08,2.93
0.06,0.07,1.46,0.26,-1.52,0.24,2.27,2.59
0.03,0.05,1.43,0.31,-1.5,0.24,1.12,1.88
-0.01,0.04,1.39,0.35,-1.44,0.23,-0.35,1.52
-0.04,0.02,1.34,0.37,-1.38,0.23,-1.91,0.98
-0.08,0.01,1.29,0.37,-1.35,0.24,-3.68,0.41
-0.11,0.0,1.26,0.35,-1.33,0.26,-4.8,0.12
-0.11,0.01,1.23,0.31,-1.28,0.26,-4.91,0.35
-0.11,0.01,1.21,0.29,-1.27,0.26,-5.01,0.32
-0.12,-0.0,1.21,0.27,-1.3,0.27,-5.55,-0.03
-0.13,0.0,1.19,0.23,-1.32,0.28,-6.32,0.03
-0.14,-0.01,1.19,0.21,-1.35,0.29,-6.76,-0.31
-0.16,-0.01,1.18,0.18,-1.39,0.31,-7.58,-0.58
-0.17,-0.02,1.18,0.17,-1.47,0.33,-8.31,-0.92
-0.21,-0.03,1.18,0.15,-1.54,0.37,-10.03,-1.55
-0.24,-0.05,1.19,0.11,-1.59,0.41,-11.56,-2.22
-0.27,-0.06,1.17,0.06,-1.66,0.47,-12.78,-2.73
-0.25,-0.06,1.14,0.02,-1.73,0.52,-12.55,-3.06
-0.23,-0.05,1.11,-0.01,-1.79,0.57,-11.51,-2.57
-0.18,-0.04,1.09,-0.07,-1.81,0.58,-9.37,-2.03
-0.15,-0.01,1.07,-0.1,-1.84,0.59,-7.96,-0.74
-0.12,-0.0,1.06,-0.12,-1.83,0.57,-6.32,-0.15
-0.11,-0.01,1.05,-0.13,-1.82,0.54,-5.87,-0.48
-0.11,0.0,1.07,-0.13,-1.78,0.49,-5.91,0.25
-0.12,0.01,1.08,-0.12,-1.74,0.46,-6.6,0.54
-0.12,0.02,1.09,-0.11,-1.68,0.44,-6.37,0.85
-0.11,-0.0,1.09,-0.07,-1.61,0.4,-5.81,-0.05
-0.1,0.0,1.09,-0.02,-1.5,0.35,-5.13,0.0
-0.11,0.0,1.06,0.01,-1.37,0.32,-5.95,0.18
-0.13,0.01,1.02,0.04,-1.26,0.26,-7.24,0.45
-0.17,-0.02,0.98,0.07,-1.18,0.21,-9.62,-1.14
-0.24,-0.04,0.97,0.05,-1.08,0.19,-13.9,-2.14
-0.32,-0.06,0.97,0.04,-1.03,0.2,-18.24,-3.57
-0.36,-0.08,0.97,-0.0,-1.01,0.25,-20.5,-4.66
-0.37,-0.09,0.94,-0.03,-1.04,0.32,-21.14,-4.91
-0.36,-0.09,0.92,-0.08,-1.08,0.39,-21.04,-4.98
-0.34,-0.08,0.88,-0.14,-1.11,0.44,-21.34,-5.07
-0.33,-0.08,0.87,-0.2,-1.16,0.5,-20.9,-5.13
-0.3,-0.07,0.86,-0.27,-1.19,0.53,-18.97,-4.65
-0.25,-0.07,0.88,-0.34,-1.17,0.55,-15.64,-4.07
-0.19,-0.04,0.91,-0.38,-1.14,0.55,-12.02,-2.74
-0.15,-0.02,0.95,-0.4,-1.07,0.53,-9.02,-1.39
-0.12,-0.01,1.0,-0.41,-0.95,0.5,-6.63,-0.56
-0.08,-0.0,1.05,-0.37,-0.84,0.45,-4.54,-0.02
-0.04,0.01,1.09,-0.33,-0.68,0.39,-2.33,0.29
-0.03,0.02,1.1,-0.26,-0.55,0.34,-1.35,0.98
-0.01,0.02,1.1,-0.19,-0.42,0.26,-0.65,1.15
-0.01,0.03,1.1,-0.11,-0.35,0.19,-0.3,1.41
-0.02,0.02,1.08,-0.06,-0.26,0.11,-1.27,0.92
-0.08,0.0,1.07,-0.01,-0.24,0.07,-4.23,0.09
-0.15,-0.01,1.08,0.03,-0.32,0.05,-7.93,-0.78
-0.22,-0.02,1.07,0.04,-0.41,0.08,-11.69,-0.79
-0.25,-0.03,1.05,0.05,-0.54,0.13,-13.17,-1.41
-0.27,-0.03,1.04,0.05,-0.71,0.2,-14.42,-1.57
-0.28,-0.01,1.03,0.03,-0.91,0.26,-15.28,-0.79
-0.27,-0.01,1.03,0.11,-0.92,0.14,-14.89,-0.48
-0.24,-0.0,1.04,0.01,-1.19,0.37,-13.0,-0.2
-0.19,0.0,1.06,-0.0,-1.27,0.41,-10.16,0.12
-0.14,0.01,1.07,0.03,-1.32,0.42,-7.22,0.78
-0.1,0.02,1.06,0.06,-1.35,0.39,-5.55,1.21
-0.09,0.04,1.06,0.11,-1.33,0.34,-4.89,2.31
-0.09,0.05,1.06,0.14,-1.29,0.3,-4.74,2.62
-0.09,0.05,1.06,0.19,-1.25,0.26,-4.81,2.9
-0.1,0.05,1.05,0.25,-1.22,0.2,-5.29,2.76
-0.1,0.04,1.03,0.31,-1.16,0.17,-5.77,2.31
-0.11,0.04,1.01,0.37,-1.1,0.12,-6.38,2.36
-0.13,0.03,0.96,0.41,-1.04,0.09,-7.59,2.02
-0.15,0.03,0.93,0.44,-1.0,0.07,-8.97,1.53
-0.16,0.02,0.87,0.47,-0.92,0.03,-10.72,0.99
-0.19,0.01,0.82,0.46,-0.86,0.01,-13.0,0.4
-0.21,0.0,0.78,0.44,-0.82,-0.01,-15.04,0.05
-0.25,-0.01,0.74,0.39,-0.81,-0.0,-18.61,-0.8
-0.3,-0.02,0.71,0.31,-0.84,0.02,-23.08,-1.24
-0.37,-0.02,0.69,0.2,-0.87,0.06,-27.97,-1.36
-0.42,-0.02,0.69,0.1,-0.99,0.15,-31.56,-1.49
-0.45,-0.03,0.7,-0.01,-1.12,0.27,-32.54,-1.78
-0.41,-0.02,0.72,-0.11,-1.23,0.37,-29.61,-1.26
-0.35,0.0,0.77,-0.19,-1.31,0.47,-24.47,0.15
-0.27,0.02,0.8,-0.25,-1.35,0.53,-18.92,1.36
-0.2,0.05,0.85,-0.26,-1.37,0.57,-13.36,3.0
-0.14,0.05,0.88,-0.22,-1.31,0.56,-8.91,3.08
-0.1,0.04,0.89,-0.2,-1.22,0.54,-6.13,2.29
-0.06,0.04,0.9,-0.14,-1.09,0.52,-4.1,2.32
-0.05,0.05,0.88,-0.1,-0.97,0.49,-3.47,3.24
-0.06,0.05,0.86,-0.02,-0.83,0.44,-3.77,3.13
-0.04,0.06,0.82,0.0,-0.68,0.4,-2.92,4.02
-0.05,0.05,0.77,0.04,-0.57,0.36,-3.67,3.94
-0.07,0.05,0.74,0.03,-0.49,0.33,-5.36,3.51
-0.09,0.05,0.7,0.0,-0.45,0.32,-7.13,3.98
-0.09,0.05,0.66,-0.06,-0.39,0.3,-7.75,4.3
-0.09,0.06,0.67,-0.11,-0.39,0.31,-7.31,5.49
-0.08,0.07,0.68,-0.16,-0.4,0.31,-6.73,5.6
-0.09,0.07,0.71,-0.2,-0.45,0.31,-7.23,5.6
-0.1,0.07,0.73,-0.26,-0.51,0.33,-8.03,5.51
-0.11,0.07,0.75,-0.29,-0.61,0.37,-8.21,5.1
-0.09,0.07,0.78,-0.33,-0.72,0.41,-6.59,4.93
-0.06,0.08,0.81,-0.32,-0.82,0.44,-3.86,5.61
-0.02,0.09,0.83,-0.33,-0.87,0.44,-1.12,6.17
0.02,0.09,0.84,-0.33,-0.92,0.43,1.07,6.27
0.04,0.1,0.85,-0.28,-0.95,0.41,2.65,6.46
0.05,0.1,0.85,-0.27,-0.96,0.38,3.32,6.93
0.05,0.1,0.85,-0.24,-0.97,0.35,3.53,6.46
0.05,0.09,0.83,-0.23,-0.97,0.31,3.45,6.45
0.04,0.08,0.81,-0.22,-0.99,0.28,2.62,5.81
0.02,0.08,0.8,-0.22,-1.0,0.26,1.7,5.92
0.02,0.08,0.8,-0.23,-0.98,0.23,1.2,5.55
-0.0,0.06,0.8,-0.22,-0.97,0.2,-0.0,4.52
-0.01,0.06,0.81,-0.22,-0.96,0.2,-0.56,4.32
-0.02,0.07,0.82,-0.22,-0.94,0.18,-1.54,4.56
-0.04,0.07,0.83,-0.21,-0.88,0.17,-2.43,4.47
-0.03,0.07,0.84,-0.19,-0.86,0.18,-1.99,4.54
-0.03,0.06,0.85,-0.17,-0.8,0.16,-1.96,4.25
-0.03,0.06,0.85,-0.15,-0.76,0.16,-1.73,4.2
-0.04,0.06,0.86,-0.12,-0.7,0.14,-2.71,3.85
-0.06,0.06,0.87,-0.12,-0.67,0.14,-3.9,4.07
-0.07,0.06,0.87,-0.1,-0.68,0.16,-4.43,4.2
-0.07,0.06,0.87,-0.06,-0.68,0.18,-4.31,4.08
-0.05,0.06,0.86,-0.03,-0.68,0.18,-3.38,3.65
-0.04,0.06,0.85,-0.02,-0.67,0.18,-2.66,3.98
-0.04,0.08,0.86,0.0,-0.67,0.2,-2.85,5.19
-0.05,0.07,0.85,0.04,-0.69,0.19,-3.1,4.98
-0.04,0.07,0.86,0.05,-0.69,0.21,-2.48,4.9
-0.02,0.07,0.85,0.07,-0.68,0.21,-1.3,4.79
-0.01,0.07,0.83,0.11,-0.68,0.21,-0.8,5.14
0.0,0.07,0.8,0.13,-0.67,0.2,0.05,5.03
0.01,0.07,0.78,0.13,-0.65,0.2,0.69,5.22
0.02,0.07,0.75,0.1,-0.6,0.19,1.56,5.21
0.03,0.08,0.73,0.08,-0.57,0.18,2.46,5.93
0.05,0.09,0.72,0.04,-0.55,0.17,3.85,6.77
0.06,0.1,0.7,0.01,-0.53,0.16,4.76,8.24
0.07,0.11,0.69,0.01,-0.4,0.01,5.84,9.12
0.07,0.12,0.68,-0.11,-0.52,0.13,5.95,9.87
0.06,0.11,0.69,-0.14,-0.52,0.12,5.23,9.12
0.06,0.12,0.72,-0.19,-0.54,0.11,4.5,9.34
0.07,0.13,0.75,-0.23,-0.53,0.1,5.11,9.49
0.07,0.14,0.79,-0.24,-0.53,0.1,4.77,9.65
0.08,0.13,0.81,-0.24,-0.52,0.08,5.63,9.35
0.08,0.14,0.84,-0.21,-0.51,0.06,5.56,9.31
0.08,0.13,0.85,-0.18,-0.47,0.03,5.13,8.77
0.07,0.13,0.84,-0.15,-0.43,0.03,4.58,9.03
0.06,0.13,0.84,-0.1,-0.41,0.02,3.88,8.81
0.05,0.12,0.84,-0.08,-0.4,0.03,3.3,8.05
0.04,0.12,0.83,-0.05,-0.4,0.03,2.42,8.27
0.03,0.11,0.82,-0.02,-0.39,0.04,2.18,7.93
0.04,0.11,0.8,-0.01,-0.39,0.05,3.04,7.46
0.05,0.11,0.79,0.02,-0.39,0.05,3.87,7.84
0.05,0.12,0.79,0.01,-0.38,0.05,3.78,8.31
0.04,0.11,0.79,0.0,-0.38,0.04,3.23,8.28
0.04,0.12,0.78,0.02,-0.41,0.05,2.57,8.63
0.03,0.12,0.78,0.01,-0.45,0.06,2.24,8.86
0.03,0.13,0.77,-0.0,-0.45,0.06,2.35,9.57
0.04,0.14,0.77,0.01,-0.46,0.08,2.99,10.39
0.05,0.14,0.77,-0.01,-0.42,0.07,4.03,10.12
0.06,0.13,0.77,-0.01,-0.4,0.06,4.46,9.91
0.05,0.13,0.75,-0.02,-0.36,0.05,3.96,9.89
0.04,0.13,0.74,-0.06,-0.31,0.05,2.87,9.84
0.03,0.12,0.74,-0.09,-0.29,0.06,2.65,9.6
0.03,0.12,0.75,-0.11,-0.3,0.08,1.94,8.94
0.01,0.11,0.76,-0.13,-0.27,0.07,0.88,7.98
0.0,0.09,0.77,-0.16,-0.25,0.09,0.2,6.85
-0.01,0.09,0.8,-0.2,-0.27,0.11,-0.66,6.09
-0.01,0.08,0.82,-0.22,-0.25,0.13,-0.56,5.87
0.01,0.08,0.86,-0.23,-0.25,0.14,0.34,5.02
0.02,0.08,0.89,-0.24,-0.2,0.15,1.47,4.9
0.03,0.08,0.91,-0.23,-0.17,0.16,1.73,5.21
0.03,0.08,0.94,-0.21,-0.16,0.16,1.66,4.78
0.03,0.08,0.96,-0.18,-0.13,0.16,2.02,4.9
0.04,0.09,0.98,-0.17,-0.11,0.16,2.25,5.44
0.05,0.1,1.01,-0.13,-0.08,0.16,2.64,5.5
0.04,0.1,1.02,-0.08,-0.09,0.15,2.31,5.72
0.05,0.09,1.04,-0.03,-0.08,0.16,2.7,5.19
0.05,0.11,1.04,0.04,-0.08,0.15,2.84,5.76
0.05,0.11,1.05,0.09,-0.07,0.15,2.82,5.93
0.06,0.11,1.03,0.16,-0.07,0.13,3.59,6.01
0.07,0.11,1.0,0.23,-0.08,0.12,4.22,6.1
0.08,0.11,0.97,0.26,-0.05,0.12,4.76,6.42
0.09,0.12,0.93,0.28,-0.03,0.11,5.3,7.06
0.09,0.11,0.9,0.31,-0.01,0.1,5.85,7.05
0.09,0.11,0.86,0.31,-0.03,0.1,6.12,7.02
0.09,0.1,0.82,0.28,0.0,0.08,6.16,6.68
0.08,0.1,0.81,0.26,0.01,0.07,5.57,6.93
0.07,0.1,0.8,0.23,0.02,0.07,5.0,7.12
0.07,0.1,0.81,0.21,0.01,0.08,4.83,6.81
0.08,0.1,0.79,0.17,0.05,0.06,5.53,7.0
0.08,0.09,0.78,0.13,0.06,0.06,5.59,6.85
0.09,0.1,0.79,0.1,0.07,0.05,6.1,7.48
0.08,0.1,0.79,0.04,0.08,0.04,6.05,6.88
0.08,0.09,0.8,-0.01,0.1,0.03,5.6,6.71
0.08,0.1,0.81,-0.05,0.09,0.02,5.48,6.79
0.06,0.09,0.84,-0.09,0.08,0.01,4.34,5.9
0.05,0.08,0.85,-0.14,0.06,0.01,3.42,5.32
0.05,0.07,0.88,-0.16,0.05,0.01,3.53,4.84
0.03,0.06,0.91,-0.2,0.03,0.0,2.01,4.04
0.03,0.06,0.92,-0.19,-0.02,0.01,1.78,3.82
0.02,0.06,0.95,-0.2,-0.07,0.03,1.25,3.9
0.01,0.06,0.97,-0.18,-0.09,0.02,0.87,3.28
0.01,0.05,1.0,-0.18,-0.11,0.02,0.84,2.66
0.01,0.05,1.01,-0.15,-0.14,0.02,0.39,2.55
0.0,0.03,1.04,-0.1,-0.15,0.02,0.23,1.9
0.0,0.02,1.03,-0.05,-0.13,0.01,0.07,1.35
0.0,0.02,1.03,-0.01,-0.12,-0.0,0.23,0.87
-0.0,0.01,1.01,0.05,-0.09,-0.0,-0.12,0.84
-0.02,0.03,0.98,0.06,-0.04,-0.01,-1.18,1.55
-0.03,0.03,0.95,0.1,-0.0,-0.02,-1.98,1.74
-0.04,0.03,0.94,0.09,0.03,-0.02,-2.67,2.0
-0.05,0.04,0.93,0.08,0.05,0.01,-3.02,2.39
-0.05,0.05,0.93,0.1,0.08,0.02,-2.83,3.12
-0.04,0.06,0.93,0.1,0.08,0.05,-2.56,3.38
-0.02,0.05,0.92,0.1,0.12,0.06,-1.54,3.4
-0.01,0.06,0.9,0.1,0.13,0.08,-0.4,3.97
0.01,0.06,0.9,0.08,0.14,0.09,0.89,4.07
0.03,0.08,0.89,0.04,0.13,0.08,2.19,4.86
0.04,0.08,0.89,-0.01,0.12,0.07,2.54,5.01
0.06,0.08,0.91,-0.07,0.09,0.07,3.62,5.11
0.06,0.08,0.93,-0.1,0.05,0.07,3.43,5.22
0.06,0.09,0.94,-0.14,-0.0,0.06,3.58,5.18
0.06,0.09,0.95,-0.19,-0.01,0.04,3.85,5.53
0.06,0.1,0.97,-0.23,-0.04,0.03,3.5,5.8
0.05,0.1,1.01,-0.25,-0.05,0.01,2.89,5.4
0.04,0.1,1.04,-0.24,-0.07,0.0,2.13,5.65
0.03,0.1,1.07,-0.23,-0.06,-0.01,1.8,5.36
0.02,0.1,1.08,-0.2,-0.04,-0.01,1.02,5.2
0.01,0.09,1.09,-0.16,-0.01,-0.02,0.32,4.56
-0.01,0.07,1.08,-0.13,0.02,-0.02,-0.5,3.95
-0.01,0.07,1.08,-0.12,0.08,-0.02,-0.72,3.89
-0.02,0.07,1.08,-0.07,0.12,0.0,-0.82,3.76
-0.01,0.07,1.07,-0.04,0.16,-0.01,-0.79,3.49
-0.01,0.06,1.06,-0.01,0.18,-0.0,-0.46,3.31
-0.02,0.07,1.06,0.01,0.21,-0.0,-0.83,3.53
-0.02,0.07,1.06,0.02,0.24,0.0,-0.99,3.88
-0.01,0.08,1.05,0.04,0.21,0.01,-0.76,4.35
0.0,0.09,1.04,0.03,0.23,-0.0,0.13,4.86
0.01,0.08,1.04,0.06,0.2,-0.0,0.28,4.69
-0.0,0.09,1.03,0.04,0.19,-0.0,-0.05,5.19
0.0,0.1,1.01,0.05,0.16,-0.0,0.1,5.55
0.0,0.09,1.01,0.05,0.14,-0.01,0.15,5.18
0.0,0.09,0.97,0.04,0.13,-0.01,0.24,5.17
0.01,0.09,0.95,-0.01,0.13,-0.0,0.37,5.09
0.01,0.08,0.95,-0.02,0.11,0.0,0.32,5.13
0.0,0.08,0.93,-0.05,0.08,0.0,0.11,4.83
0.01,0.06,0.94,-0.09,0.07,-0.0,0.61,3.55
0.01,0.07,0.93,-0.13,0.04,-0.01,0.6,4.2
0.01,0.06,0.95,-0.18,0.03,-0.01,0.45,3.67
0.01,0.06,0.96,-0.23,-0.02,-0.01,0.82,3.52
0.02,0.06,0.98,-0.27,-0.03,-0.03,0.98,3.57
0.02,0.07,1.01,-0.31,-0.02,-0.04,0.99,3.73
0.02,0.07,1.03,-0.32,-0.04,-0.05,1.12,3.65
0.01,0.06,1.05,-0.32,-0.06,-0.06,0.35,3.27
-0.0,0.06,1.07,-0.29,-0.06,-0.07,-0.14,3.13
-0.01,0.06,1.07,-0.27,-0.05,-0.08,-0.47,3.28
-0.02,0.06,1.07,-0.25,-0.04,-0.08,-0.95,2.99
-0.02,0.06,1.06,-0.22,-0.04,-0.07,-1.32,3.33
-0.03,0.06,1.05,-0.18,-0.04,-0.07,-1.75,3.25
-0.03,0.07,1.04,-0.16,-0.0,-0.06,-1.58,3.71
-0.03,0.07,1.03,-0.11,0.01,-0.04,-1.9,3.72
-0.02,0.07,1.02,-0.08,0.03,-0.04,-1.25,3.92
-0.01,0.07,1.0,-0.04,0.05,-0.04,-0.85,4.04
-0.01,0.08,0.99,-0.03,0.09,-0.04,-0.46,4.5
-0.01,0.08,0.97,-0.01,0.11,-0.04,-0.31,4.7
-0.0,0.08,0.95,0.01,0.11,-0.03,-0.04,4.87
0.01,0.08,0.94,0.03,0.14,-0.03,0.36,5.17
0.01,0.09,0.92,0.07,0.15,-0.04,0.89,5.34
0.02,0.09,0.9,0.07,0.18,-0.02,1.27,5.84
0.02,0.1,0.88,0.1,0.2,-0.03,1.49,6.15
0.03,0.1,0.86,0.11,0.21,-0.04,2.29,6.83
0.03,0.1,0.85,0.11,0.24,-0.04,2.11,6.93
0.04,0.1,0.83,0.1,0.26,-0.04,2.91,6.91
0.05,0.12,0.8,0.09,0.27,-0.04,3.78,8.59
0.06,0.12,0.8,0.1,0.27,-0.04,4.44,8.84
0.07,0.12,0.79,0.1,0.31,-0.05,5.02,8.75
0.07,0.12,0.77,0.1,0.32,-0.06,5.34,8.68
0.07,0.12,0.75,0.09,0.34,-0.07,5.61,9.07
0.07,0.13,0.72,0.08,0.34,-0.08,5.67,10.28
0.07,0.13,0.69,0.07,0.37,-0.09,5.95,10.51
0.07,0.12,0.67,0.02,0.38,-0.08,5.84,10.41
0.07,0.12,0.66,-0.02,0.37,-0.08,6.06,10.16
0.07,0.12,0.66,-0.05,0.36,-0.07,5.63,9.91
0.07,0.12,0.66,-0.1,0.37,-0.07,5.66,10.05
0.07,0.13,0.66,-0.14,0.36,-0.07,6.17,11.09
0.07,0.13,0.67,-0.18,0.35,-0.06,5.69,11.0
0.07,0.13,0.68,-0.21,0.37,-0.08,6.07,10.38
0.08,0.13,0.7,-0.24,0.39,-0.08,6.3,10.12
0.06,0.12,0.71,-0.25,0.44,-0.09,4.56,9.57
0.05,0.12,0.73,-0.25,0.46,-0.08,3.7,9.47
0.05,0.12,0.73,-0.24,0.47,-0.08,4.14,9.36
0.04,0.12,0.75,-0.23,0.51,-0.08,3.01,8.77
0.04,0.11,0.74,-0.23,0.54,-0.08,3.13,8.31
0.03,0.11,0.76,-0.23,0.58,-0.08,2.55,8.26
0.03,0.1,0.78,-0.2,0.6,-0.08,2.05,7.13
0.02,0.09,0.8,-0.19,0.65,-0.07,1.52,6.71
0.02,0.09,0.8,-0.16,0.68,-0.06,1.6,6.69
0.03,0.09,0.81,-0.13,0.72,-0.07,1.91,6.38
0.02,0.08,0.78,-0.11,0.74,-0.06,1.62,6.11
0.03,0.09,0.78,-0.09,0.77,-0.06,1.95,6.26
0.03,0.07,0.76,-0.09,0.8,-0.06,2.1,5.25
0.03,0.08,0.77,-0.09,0.82,-0.05,1.94,5.74
0.03,0.09,0.78,-0.07,0.82,-0.06,2.14,6.33
0.04,0.08,0.78,-0.09,0.82,-0.06,2.7,5.91
0.05,0.09,0.78,-0.09,0.83,-0.06,3.7,6.33
0.06,0.09,0.78,-0.1,0.82,-0.05,4.1,6.33
0.07,0.09,0.77,-0.09,0.81,-0.07,5.25,6.81
0.08,0.1,0.77,-0.11,0.83,-0.08,5.89,7.47
0.08,0.1,0.78,-0.12,0.83,-0.11,5.56,7.61
0.07,0.1,0.79,-0.14,0.85,-0.13,4.87,7.02
0.06,0.09,0.8,-0.13,0.84,-0.13,3.96,6.18
0.05,0.09,0.82,-0.13,0.85,-0.16,3.78,6.25
0.04,0.09,0.83,-0.12,0.88,-0.17,2.59,6.42
0.02,0.09,0.84,-0.1,0.88,-0.17,1.45,6.25
0.01,0.09,0.86,-0.07,0.88,-0.18,0.42,5.99
-0.01,0.08,0.85,-0.04,0.88,-0.18,-0.41,5.39
-0.01,0.08,0.84,-0.01,0.89,-0.17,-0.96,5.59
-0.02,0.09,0.85,0.02,0.89,-0.18,-1.54,5.84
-0.02,0.09,0.86,0.05,0.9,-0.16,-1.59,5.68
-0.03,0.08,0.85,0.09,0.92,-0.17,-1.85,5.63
-0.03,0.07,0.84,0.13,0.95,-0.16,-1.94,5.1
-0.03,0.07,0.81,0.15,0.97,-0.16,-2.21,4.94
-0.03,0.07,0.79,0.15,0.99,-0.17,-2.3,4.99
-0.04,0.07,0.79,0.16,1.03,-0.18,-2.75,5.19
-0.05,0.06,0.78,0.18,1.07,-0.18,-3.31,4.68
-0.04,0.06,0.76,0.15,1.1,-0.18,-3.01,4.37
-0.04,0.05,0.75,0.14,1.13,-0.19,-3.36,4.19
-0.06,0.05,0.73,0.1,1.15,-0.19,-5.04,4.15
-0.09,0.05,0.74,0.06,1.12,-0.18,-6.94,4.15
-0.12,0.05,0.76,0.02,1.09,-0.15,-8.74,4.05
-0.15,0.04,0.79,-0.01,1.02,-0.12,-10.42,2.8
-0.16,0.03,0.81,-0.03,0.91,-0.07,-10.93,2.16
-0.16,0.03,0.83,-0.05,0.81,-0.03,-11.01,2.04
-0.13,0.03,0.85,-0.09,0.74,0.02,-8.93,2.31
-0.1,0.03,0.86,-0.1,0.66,0.05,-6.89,2.25
-0.07,0.04,0.89,-0.09,0.6,0.06,-4.44,2.49
-0.04,0.04,0.9,-0.1,0.64,0.02,-2.61,2.71
-0.02,0.04,0.91,-0.07,0.64,0.0,-1.26,2.65
-0.02,0.04,0.93,-0.07,0.69,-0.04,-0.95,2.55
-0.03,0.05,0.94,-0.05,0.74,-0.08,-1.53,2.87
-0.05,0.04,0.98,0.0,0.8,-0.12,-2.69,2.49
-0.07,0.06,0.98,0.02,0.86,-0.14,-3.81,3.39
-0.1,0.03,1.02,0.08,0.88,-0.15,-5.37,1.73
-0.13,0.03,1.0,0.12,0.91,-0.16,-7.54,1.48
-0.12,0.04,1.0,0.16,0.95,-0.16,-6.62,2.29
-0.12,0.03,1.04,0.19,0.98,-0.17,-6.31,1.89
-0.11,0.04,1.04,0.25,1.01,-0.17,-5.83,2.24
-0.1,0.05,1.02,0.3,1.03,-0.18,-5.63,2.89
-0.09,0.04,1.01,0.36,1.04,-0.2,-5.35,2.32
-0.1,0.04,0.99,0.39,1.06,-0.2,-5.97,2.48
-0.12,0.04,0.96,0.43,1.06,-0.2,-7.35,2.32
-0.13,0.04,0.94,0.45,1.05,-0.2,-8.0,2.4
-0.14,0.04,0.91,0.45,1.04,-0.21,-8.87,2.28
-0.16,0.03,0.88,0.43,1.02,-0.21,-10.57,1.73
-0.19,0.01,0.87,0.4,1.0,-0.19,-12.28,0.56
-0.19,0.0,0.85,0.37,0.96,-0.18,-12.5,0.21
-0.19,-0.0,0.84,0.33,0.94,-0.16,-12.47,-0.29
-0.18,0.0,0.84,0.27,0.92,-0.15,-12.43,0.14
-0.19,-0.0,0.85,0.2,0.91,-0.13,-12.63,-0.05
-0.19,-0.0,0.88,0.15,0.88,-0.12,-12.11,-0.01
-0.17,-0.01,0.92,0.12,0.85,-0.1,-10.74,-0.71
-0.14,-0.01,0.96,0.08,0.84,-0.09,-8.49,-0.8
-0.11,-0.02,1.0,0.06,0.83,-0.09,-6.19,-0.88
-0.08,-0.01,1.01,0.08,0.79,-0.1,-4.53,-0.58
-0.05,0.0,1.02,0.08,0.77,-0.12,-2.65,0.25
-0.03,0.01,1.04,0.09,0.79,-0.17,-1.45,0.69
-0.01,0.02,1.03,0.11,0.8,-0.2,-0.35,0.95
-0.01,0.02,1.05,0.12,0.81,-0.25,-0.44,1.07
-0.02,0.03,1.04,0.15,0.83,-0.29,-0.83,1.44
-0.04,0.03,1.06,0.16,0.85,-0.33,-2.34,1.57
-0.07,0.04,1.06,0.19,0.85,-0.34,-3.53,1.9
-0.08,0.03,1.07,0.23,0.84,-0.34,-4.24,1.64
-0.09,0.03,1.07,0.26,0.84,-0.34,-4.63,1.61
-0.09,0.03,1.07,0.32,0.86,-0.34,-4.99,1.43
-0.09,0.01,1.07,0.37,0.85,-0.34,-4.91,0.78
-0.08,-0.0,1.05,0.4,0.86,-0.35,-4.5,-0.25
-0.08,-0.02,1.01,0.43,0.89,-0.37,-4.53,-0.97
-0.09,-0.02,0.97,0.43,0.92,-0.37,-5.44,-1.36
-0.12,-0.03,0.94,0.43,0.98,-0.39,-7.23,-1.56
-0.15,-0.03,0.94,0.4,0.99,-0.38,-9.36,-1.71
-0.17,-0.05,0.93,0.38,1.0,-0.38,-10.55,-2.72
-0.19,-0.06,0.92,0.33,0.99,-0.36,-11.7,-3.52
-0.2,-0.06,0.91,0.26,0.98,-0.34,-12.4,-3.63
-0.2,-0.05,0.9,0.2,0.95,-0.3,-12.3,-3.0
-0.19,-0.04,0.91,0.14,0.92,-0.27,-11.74,-2.28
-0.17,-0.02,0.92,0.08,0.91,-0.25,-10.67,-1.4
-0.16,-0.01,0.95,0.02,0.9,-0.22,-9.38,-0.63
-0.13,0.01,0.99,-0.02,0.88,-0.2,-7.44,0.36
-0.09,0.03,1.03,-0.06,0.84,-0.18,-5.12,1.42
-0.03,0.04,1.09,-0.05,0.78,-0.18,-1.55,2.23
0.05,0.06,1.16,-0.02,0.7,-0.2,2.31,2.96
0.13,0.06,1.2,0.06,0.62,-0.24,6.23,3.02
0.19,0.06,1.2,0.18,0.6,-0.33,8.97,2.62
0.19,0.05,1.17,0.3,0.58,-0.41,9.37,2.55
0.15,0.06,1.13,0.38,0.63,-0.5,7.44,2.78
0.07,0.04,1.08,0.45,0.66,-0.58,3.95,1.88
0.0,0.02,1.02,0.5,0.69,-0.63,0.24,1.12
-0.06,0.02,0.96,0.5,0.72,-0.67,-3.83,1.44
-0.11,0.01,0.94,0.5,0.75,-0.69,-6.76,0.53
-0.18,0.0,0.91,0.47,0.78,-0.68,-10.99,0.0
-0.23,-0.01,0.89,0.45,0.89,-0.73,-14.84,-0.9
-0.29,-0.02,0.84,0.34,0.83,-0.6,-19.0,-1.26
-0.34,-0.01,0.81,0.23,0.9,-0.55,-22.58,-0.53
-0.36,-0.0,0.8,0.08,0.96,-0.46,-24.14,-0.02
-0.35,0.02,0.82,-0.05,0.99,-0.38,-23.16,1.14
-0.29,0.04,0.87,-0.19,1.03,-0.29,-18.39,2.61
-0.19,0.06,0.94,-0.29,1.05,-0.22,-11.54,3.31
-0.09,0.04,1.01,-0.33,1.01,-0.18,-5.01,2.46
0.0,0.02,1.07,-0.34,0.97,-0.16,0.06,0.97
0.07,0.01,1.11,-0.31,0.93,-0.18,3.37,0.74
0.1,0.01,1.13,-0.26,0.93,-0.22,5.26,0.49
0.12,0.02,1.14,-0.18,0.92,-0.25,6.06,0.87
0.12,0.03,1.14,-0.12,0.92,-0.31,5.81,1.6
0.09,0.04,1.13,-0.05,0.91,-0.35,4.76,2.1
0.08,0.05,1.13,0.01,0.9,-0.39,4.06,2.77
0.06,0.06,1.13,0.05,0.92,-0.43,3.13,3.26
0.04,0.07,1.12,0.1,0.91,-0.47,1.82,3.52
0.01,0.07,1.12,0.13,0.92,-0.49,0.29,3.44
-0.03,0.07,1.1,0.19,0.93,-0.5,-1.43,3.64
-0.06,0.06,1.07,0.19,0.97,-0.5,-3.27,3.41
-0.08,0.07,1.04,0.2,1.02,-0.5,-4.51,3.77
-0.08,0.07,1.03,0.22,1.05,-0.5,-4.15,3.98
-0.09,0.06,1.01,0.21,1.11,-0.51,-5.05,3.55
-0.11,0.04,1.0,0.18,1.18,-0.51,-6.46,2.24
-0.13,0.0,1.0,0.14,1.18,-0.51,-7.52,0.0
-0.17,-0.03,1.02,0.07,1.11,-0.48,-9.3,-1.82
-0.2,-0.06,1.06,-0.01,1.06,-0.46,-10.53,-3.02
-0.22,-0.07,1.09,-0.11,0.97,-0.42,-11.56,-3.63
-0.22,-0.06,1.12,-0.21,0.9,-0.37,-10.97,-3.17
-0.18,-0.04,1.16,-0.26,0.81,-0.31,-8.59,-2.17
-0.11,-0.02,1.2,-0.29,0.75,-0.26,-5.08,-1.18
-0.03,0.01,1.21,-0.31,0.7,-0.24,-1.49,0.26
0.03,0.04,1.22,-0.28,0.64,-0.22,1.21,1.68
0.09,0.06,1.23,-0.26,0.62,-0.24,4.11,2.96
0.13,0.09,1.23,-0.19,0.62,-0.29,6.19,4.29
0.19,0.13,1.24,-0.12,0.65,-0.34,8.87,5.77
0.21,0.14,1.24,-0.01,0.68,-0.39,9.68,6.47
0.24,0.17,1.24,0.08,0.75,-0.46,10.72,7.57
0.25,0.18,1.22,0.22,0.79,-0.52,11.28,8.06
0.24,0.17,1.2,0.35,0.84,-0.6,11.28,8.03
0.21,0.14,1.19,0.46,0.83,-0.68,9.85,6.54
0.14,0.09,1.16,0.54,0.79,-0.76,6.93,4.6
0.05,0.06,1.12,0.6,0.79,-0.81,2.77,2.8
-0.05,0.03,1.08,0.61,0.8,-0.84,-2.44,1.76
-0.12,0.02,1.05,0.58,0.79,-0.85,-6.46,1.29
-0.21,0.01,1.03,0.54,0.77,-0.85,-11.51,0.8
-0.27,0.0,1.01,0.48,0.77,-0.82,-14.71,0.13
-0.37,-0.01,1.0,0.39,0.74,-0.78,-20.16,-0.69
-0.45,-0.04,0.99,0.24,0.75,-0.7,-24.44,-2.07
-0.53,-0.05,0.98,0.09,0.73,-0.58,-28.55,-2.35
-0.55,-0.06,0.96,-0.11,0.71,-0.44,-29.93,-2.97
-0.54,-0.03,0.97,-0.31,0.7,-0.31,-29.01,-1.34
-0.47,0.0,1.0,-0.53,0.69,-0.16,-25.38,0.09
-0.36,0.03,1.06,-0.7,0.69,-0.05,-18.72,1.43
-0.23,0.04,1.11,-0.81,0.66,0.06,-11.42,2.09
-0.09,0.06,1.17,-0.86,0.67,0.12,-4.32,2.75
0.03,0.05,1.21,-0.86,0.61,0.16,1.37,2.5
0.12,0.07,1.22,-0.85,0.6,0.16,5.67,3.11
0.2,0.08,1.22,-0.8,0.58,0.14,9.06,3.72
0.28,0.1,1.23,-0.75,0.61,0.08,12.76,4.51
0.35,0.12,1.25,-0.66,0.63,0.02,15.54,5.27
0.38,0.12,1.28,-0.53,0.63,-0.07,16.69,5.27
0.37,0.12,1.29,-0.39,0.62,-0.17,15.71,5.23
0.32,0.12,1.29,-0.25,0.65,-0.26,13.77,5.37
0.26,0.12,1.27,-0.14,0.69,-0.32,11.44,5.32
0.19,0.11,1.25,-0.04,0.71,-0.37,8.56,4.98
0.12,0.11,1.22,0.05,0.71,-0.39,5.8,5.12
0.07,0.1,1.19,0.09,0.74,-0.42,3.44,4.89
0.03,0.09,1.15,0.13,0.77,-0.43,1.48,4.61
-0.01,0.09,1.12,0.16,0.82,-0.46,-0.6,4.58
-0.06,0.08,1.08,0.15,0.79,-0.4,-3.33,4.4
-0.12,0.08,1.04,0.14,0.85,-0.4,-6.51,4.18
-0.17,0.06,1.01,0.09,0.88,-0.37,-9.85,3.64
-0.23,0.06,0.99,0.03,0.89,-0.32,-13.11,3.37
-0.29,0.03,0.98,-0.08,0.88,-0.25,-16.62,1.45
-0.35,-0.01,0.99,-0.24,0.87,-0.15,-19.57,-0.75
-0.39,-0.04,0.98,-0.42,0.81,-0.04,-21.77,-2.05
-0.38,-0.04,0.97,-0.63,0.75,0.09,-21.49,-2.1
-0.31,-0.03,0.96,-0.86,0.67,0.2,-17.88,-1.77
-0.17,-0.0,0.98,-1.05,0.59,0.29,-10.08,-0.16
-0.03,0.02,0.99,-1.21,0.51,0.33,-1.62,1.03
0.1,0.04,1.03,-1.31,0.41,0.35,5.77,2.41
0.22,0.07,1.05,-1.34,0.32,0.34,11.61,3.82
0.31,0.1,1.06,-1.35,0.26,0.31,16.37,5.17
0.43,0.13,1.06,-1.35,0.26,0.25,21.87,6.52
0.54,0.17,1.06,-1.28,0.23,0.16,26.74,7.95
0.62,0.19,1.06,-1.2,0.21,0.03,29.93,8.98
0.69,0.2,1.06,-1.1,0.21,-0.13,32.73,9.01
0.72,0.19,1.1,-0.96,0.16,-0.29,33.06,8.36
0.7,0.16,1.14,-0.82,0.17,-0.44,31.36,6.96
0.65,0.13,1.17,-0.68,0.2,-0.58,28.9,5.6
0.56,0.1,1.18,-0.55,0.27,-0.69,25.32,4.29
0.46,0.08,1.19,-0.46,0.37,-0.76,21.27,3.63
0.38,0.06,1.19,-0.4,0.45,-0.81,17.81,2.61
0.32,0.04,1.19,-0.36,0.54,-0.84,15.23,1.78
0.27,0.02,1.22,-0.31,0.62,-0.87,12.33,1.12
0.23,0.02,1.23,-0.3,0.69,-0.87,10.71,0.81
0.18,0.02,1.25,-0.27,0.74,-0.85,8.16,1.1
0.14,0.03,1.25,-0.27,0.75,-0.81,6.58,1.5
0.1,0.04,1.25,-0.26,0.71,-0.75,4.48,1.61
0.07,0.04,1.24,-0.27,0.65,-0.69,3.28,1.7
0.04,0.04,1.21,-0.28,0.54,-0.62,1.81,1.92
0.03,0.03,1.21,-0.3,0.42,-0.54,1.21,1.49
-0.01,0.04,1.19,-0.33,0.29,-0.46,-0.44,2.03
-0.02,0.04,1.16,-0.37,0.17,-0.38,-0.86,2.05
-0.04,0.05,1.12,-0.4,0.06,-0.3,-1.94,2.47
-0.03,0.05,1.08,-0.45,-0.02,-0.25,-1.73,2.86
-0.04,0.07,1.04,-0.49,-0.06,-0.19,-2.28,3.64
-0.05,0.08,1.02,-0.53,-0.11,-0.17,-2.88,4.39
-0.06,0.09,1.02,-0.58,-0.12,-0.12,-3.14,4.83
-0.07,0.09,1.04,-0.62,-0.12,-0.09,-3.63,5.08
-0.07,0.1,1.06,-0.64,-0.13,-0.05,-3.93,5.63
-0.07,0.11,1.09,-0.67,-0.12,0.0,-3.69,5.79
-0.04,0.13,1.12,-0.69,-0.12,0.07,-2.24,6.6
-0.01,0.14,1.12,-0.68,-0.13,0.12,-0.71,7.31
0.03,0.16,1.11,-0.63,-0.15,0.17,1.31,8.27
0.07,0.18,1.11,-0.6,-0.14,0.18,3.51,9.16
0.1,0.19,1.1,-0.52,-0.15,0.19,5.28,9.88
0.13,0.2,1.09,-0.47,-0.13,0.18,6.49,10.35
0.15,0.21,1.08,-0.38,-0.13,0.15,7.76,10.83
0.16,0.22,1.06,-0.3,-0.1,0.11,8.33,11.31
0.17,0.23,1.07,-0.24,-0.05,0.07,8.98,11.72
0.16,0.22,1.07,-0.13,-0.01,0.02,8.54,11.53
0.16,0.21,1.09,-0.03,0.01,-0.02,8.25,11.04
0.14,0.21,1.1,0.07,0.07,-0.07,6.98,10.7
0.1,0.2,1.1,0.18,0.14,-0.11,5.22,10.31
0.07,0.21,1.12,0.25,0.18,-0.14,3.33,10.41
0.05,0.2,1.13,0.34,0.27,-0.15,2.28,10.08
0.04,0.19,1.13,0.43,0.32,-0.14,1.81,9.31
0.04,0.17,1.13,0.51,0.42,-0.14,2.03,8.69
0.04,0.16,1.11,0.61,0.5,-0.14,2.09,8.02
0.04,0.14,1.1,0.7,0.58,-0.14,1.83,7.41
0.03,0.13,1.08,0.78,0.66,-0.15,1.43,6.66
0.03,0.11,1.06,0.85,0.74,-0.14,1.41,5.71
0.02,0.08,1.03,0.89,0.81,-0.12,0.98,4.46
0.01,0.06,1.0,0.94,0.85,-0.12,0.7,3.33
0.01,0.04,0.97,0.97,0.9,-0.11,0.87,2.52
0.01,0.02,0.93,0.97,0.92,-0.1,0.51,1.37
0.0,0.01,0.91,0.99,0.96,-0.11,0.15,0.41
-0.01,0.0,0.88,0.97,0.95,-0.1,-0.58,0.12
-0.02,-0.01,0.86,0.95,0.95,-0.1,-1.53,-0.54
-0.03,-0.02,0.84,0.92,0.94,-0.1,-2.02,-1.3
-0.04,-0.03,0.82,0.86,0.91,-0.09,-2.79,-1.94
-0.05,-0.03,0.81,0.81,0.85,-0.08,-3.74,-2.33
-0.06,-0.04,0.8,0.75,0.8,-0.07,-4.41,-3.1
-0.08,-0.05,0.79,0.67,0.76,-0.07,-5.45,-3.52
-0.07,-0.05,0.79,0.61,0.7,-0.05,-4.95,-3.91
-0.07,-0.05,0.78,0.54,0.63,-0.05,-5.17,-3.92
-0.08,-0.06,0.76,0.45,0.56,-0.04,-6.04,-4.59
-0.08,-0.06,0.76,0.36,0.53,-0.04,-6.02,-4.21
-0.09,-0.06,0.76,0.27,0.48,-0.03,-6.73,-4.43
-0.08,-0.05,0.77,0.18,0.42,-0.03,-6.05,-3.91
-0.07,-0.05,0.78,0.11,0.36,-0.03,-5.44,-3.54
-0.07,-0.05,0.79,0.02,0.32,-0.04,-5.23,-3.54
-0.07,-0.03,0.81,-0.06,0.27,-0.03,-4.7,-2.17
-0.06,-0.03,0.83,-0.12,0.19,-0.02,-4.32,-1.86
-0.06,-0.02,0.84,-0.2,0.15,-0.02,-3.99,-1.58
-0.04,-0.02,0.86,-0.26,0.09,-0.01,-2.81,-1.16
-0.03,-0.0,0.89,-0.32,0.04,-0.0,-2.19,-0.18
-0.03,0.0,0.9,-0.35,-0.02,0.01,-1.65,0.1
-0.01,0.01,0.92,-0.39,-0.09,0.03,-0.87,0.93
0.0,0.03,0.96,-0.42,-0.11,0.03,0.04,1.98
0.02,0.04,0.96,-0.45,-0.14,0.04,1.0,2.59
0.04,0.05,0.98,-0.43,-0.17,0.05,2.45,3.0
0.07,0.06,1.0,-0.41,-0.18,0.04,3.82,3.39
0.08,0.06,1.0,-0.39,-0.15,0.02,4.39,3.59
0.08,0.07,1.01,-0.36,-0.13,0.02,4.7,3.94
0.1,0.07,1.02,-0.31,-0.11,0.0,5.32,4.14
0.09,0.09,1.02,-0.26,-0.06,-0.01,4.89,4.94
0.09,0.09,1.03,-0.22,-0.02,-0.04,5.13,5.18
0.1,0.1,1.04,-0.18,0.02,-0.06,5.26,5.71
0.09,0.1,1.05,-0.13,0.04,-0.06,5.0,5.63
0.08,0.1,1.05,-0.08,0.06,-0.07,4.34,5.61
0.07,0.1,1.04,-0.02,0.08,-0.08,3.94,5.71
0.06,0.11,1.04,0.01,0.11,-0.08,3.47,5.9
0.05,0.1,1.04,0.05,0.1,-0.08,2.53,5.64
0.04,0.1,1.04,0.08,0.1,-0.08,1.94,5.55
0.03,0.11,1.04,0.11,0.1,-0.08,1.53,5.84
0.02,0.1,1.04,0.13,0.11,-0.08,1.33,5.48
0.02,0.09,1.03,0.15,0.1,-0.06,1.29,5.18
0.02,0.09,1.02,0.17,0.1,-0.05,1.2,5.26
0.02,0.1,1.01,0.19,0.09,-0.05,1.06,5.46
0.02,0.09,0.99,0.19,0.12,-0.06,0.99,5.41
0.01,0.09,0.99,0.18,0.12,-0.05,0.68,5.06
0.01,0.09,0.99,0.19,0.12,-0.05,0.69,5.39
0.01,0.09,0.99,0.22,0.13,-0.06,0.6,4.93
0.01,0.09,0.98,0.23,0.13,-0.05,0.81,4.98
0.02,0.08,0.98,0.22,0.15,-0.05,0.93,4.72
0.01,0.08,0.97,0.23,0.14,-0.04,0.76,4.89
0.01,0.08,0.96,0.24,0.14,-0.05,0.79,4.85
0.01,0.08,0.95,0.24,0.16,-0.06,0.52,4.55
-0.0,0.07,0.95,0.23,0.17,-0.05,-0.1,4.29
-0.0,0.07,0.95,0.23,0.15,-0.06,-0.13,4.35
-0.01,0.06,0.94,0.24,0.14,-0.06,-0.48,3.92
-0.0,0.06,0.94,0.24,0.14,-0.06,-0.17,3.76
-0.01,0.07,0.94,0.21,0.15,-0.06,-0.32,4.32
-0.01,0.06,0.93,0.21,0.15,-0.06,-0.74,3.6
-0.01,0.06,0.93,0.2,0.13,-0.05,-0.81,3.78
-0.02,0.06,0.93,0.21,0.12,-0.06,-1.08,3.7
-0.02,0.06,0.93,0.21,0.12,-0.05,-1.4,3.51
-0.02,0.05,0.92,0.21,0.11,-0.05,-1.39,3.41
-0.02,0.05,0.92,0.21,0.1,-0.05,-1.22,3.26
-0.02,0.06,0.91,0.2,0.11,-0.07,-1.5,3.72
-0.03,0.06,0.92,0.19,0.12,-0.06,-2.05,3.73
-0.03,0.05,0.92,0.19,0.12,-0.06,-2.06,3.39
-0.03,0.06,0.93,0.18,0.11,-0.06,-2.11,3.51
-0.05,0.05,0.93,0.18,0.13,-0.07,-3.02,3.14
-0.05,0.05,0.93,0.17,0.12,-0.06,-2.92,3.16
-0.05,0.05,0.93,0.15,0.13,-0.07,-3.31,3.19
-0.06,0.05,0.94,0.15,0.12,-0.06,-3.86,3.2
-0.07,0.04,0.94,0.11,0.11,-0.06,-4.28,2.56
-0.08,0.04,0.95,0.08,0.12,-0.05,-4.55,2.43
-0.07,0.05,0.95,0.07,0.11,-0.03,-4.25,2.79
-0.08,0.04,0.95,0.12,0.23,-0.16,-4.66,2.35
-0.06,0.04,0.96,0.05,0.08,-0.01,-3.86,2.47
-0.07,0.03,0.95,0.01,0.08,0.01,-4.07,2.1
-0.07,0.04,0.95,-0.0,0.05,0.02,-4.12,2.25
-0.07,0.03,0.95,-0.04,0.06,0.02,-4.01,1.99
-0.06,0.03,0.96,-0.02,0.03,0.04,-3.61,1.99
-0.05,0.03,0.96,-0.05,0.04,0.05,-2.95,1.67
-0.04,0.04,0.96,-0.06,0.02,0.07,-2.2,2.13
-0.03,0.03,0.94,-0.06,0.01,0.07,-1.72,1.93
-0.02,0.03,0.94,-0.06,-0.0,0.07,-1.36,2.08
-0.01,0.04,0.94,-0.08,0.01,0.07,-0.44,2.19
-0.0,0.03,0.93,-0.09,0.01,0.08,-0.07,2.12
0.01,0.03,0.93,-0.07,0.0,0.07,0.31,2.11
0.01,0.04,0.93,-0.07,-0.01,0.07,0.52,2.38
0.01,0.04,0.92,-0.07,-0.0,0.06,0.86,2.5
0.02,0.03,0.93,-0.08,0.02,0.06,0.97,2.06
0.02,0.04,0.92,-0.06,0.03,0.04,1.39,2.28
0.02,0.03,0.93,-0.06,0.02,0.03,1.15,2.11
0.02,0.04,0.93,-0.05,0.03,0.02,0.99,2.34
0.01,0.04,0.93,-0.07,0.04,0.02,0.9,2.38
0.02,0.03,0.94,-0.06,0.03,0.01,1.25,1.82
0.02,0.04,0.93,-0.04,0.02,0.02,1.02,2.22
0.02,0.03,0.92,-0.06,0.06,0.0,1.13,2.08
0.02,0.04,0.92,-0.05,0.03,0.0,1.1,2.25
0.01,0.04,0.93,-0.06,0.04,-0.01,0.68,2.75
0.01,0.05,0.94,-0.06,0.01,-0.01,0.38,2.84
0.0,0.05,0.95,-0.06,-0.0,-0.01,0.18,2.81
0.01,0.05,0.96,-0.07,-0.01,0.01,0.61,2.76
0.02,0.04,0.96,-0.05,-0.03,0.01,1.26,2.41
0.02,0.05,0.95,-0.06,-0.03,0.01,1.29,2.88
0.02,0.05,0.95,-0.04,-0.01,0.0,1.47,2.98
0.03,0.05,0.95,-0.04,-0.0,0.0,2.0,3.27
0.03,0.05,0.96,0.0,0.08,-0.11,1.65,3.03
0.03,0.05,0.95,-0.03,-0.01,-0.01,1.77,3.24
0.03,0.05,0.96,-0.01,0.01,-0.02,1.53,3.19
0.02,0.05,0.96,-0.01,0.03,-0.03,0.9,3.16
0.02,0.06,0.96,0.0,0.02,-0.03,1.0,3.37
0.01,0.05,0.95,0.02,0.02,-0.03,0.9,3.25
0.02,0.06,0.94,0.03,0.04,-0.04,0.99,3.42
0.01,0.05,0.94,0.02,0.04,-0.05,0.45,3.18
0.0,0.05,0.94,0.02,0.04,-0.06,0.17,3.21
-0.0,0.06,0.94,0.02,0.02,-0.05,-0.15,3.38
-0.01,0.04,0.94,0.01,0.04,-0.06,-0.88,2.55
-0.01,0.05,0.94,0.02,0.03,-0.06,-0.81,3.02
-0.02,0.06,0.94,0.02,0.04,-0.06,-0.97,3.42
-0.01,0.05,0.94,0.02,0.04,-0.05,-0.8,3.21
-0.03,0.05,0.95,0.01,0.05,-0.06,-1.58,3.24
-0.03,0.05,0.96,0.01,0.05,-0.05,-1.86,3.27
-0.03,0.05,0.96,-0.01,0.04,-0.04,-1.67,2.87
-0.03,0.04,0.95,-0.0,0.02,-0.02,-1.87,2.65
-0.03,0.05,0.95,-0.01,0.02,-0.02,-1.67,3.0
-0.02,0.05,0.94,-0.02,0.04,-0.02,-1.42,2.97
-0.02,0.05,0.94,-0.02,0.03,-0.02,-1.01,3.24
-0.01,0.05,0.93,-0.02,0.02,-0.02,-0.92,3.31
-0.03,0.05,0.94,-0.04,0.03,-0.02,-1.9,3.24
-0.03,0.05,0.95,-0.04,0.03,-0.03,-1.95,3.27
-0.03,0.05,0.95,-0.05,0.02,-0.01,-1.53,2.98
-0.02,0.05,0.95,-0.05,0.0,-0.01,-1.4,3.12
-0.03,0.05,0.95,-0.05,-0.01,0.01,-1.55,3.07
-0.02,0.05,0.95,-0.07,0.02,0.0,-1.18,3.06
-0.02,0.04,0.94,-0.07,0.01,0.0,-1.24,2.73
-0.02,0.05,0.95,-0.07,0.01,-0.0,-0.96,3.03
-0.02,0.05,0.96,-0.07,0.0,-0.0,-0.97,2.98
-0.01,0.05,0.96,-0.06,0.0,0.0,-0.67,2.78
0.0,0.04,0.96,-0.06,0.02,0.01,0.0,2.58
-0.0,0.05,0.96,-0.07,0.03,0.01,-0.15,2.81
-0.01,0.05,0.95,-0.04,0.02,0.02,-0.5,2.86
-0.0,0.05,0.94,-0.05,0.04,0.01,-0.26,2.8
0.0,0.04,0.94,-0.05,0.04,0.01,0.01,2.63
0.01,0.04,0.94,-0.06,0.03,0.01,0.35,2.56
-0.0,0.05,0.94,-0.05,0.01,0.02,-0.14,2.88
0.0,0.05,0.94,-0.05,0.01,0.01,0.21,2.79
0.0,0.05,0.93,-0.06,0.01,0.01,0.29,2.8
0.0,0.05,0.93,-0.06,-0.0,0.01,0.19,2.84
0.01,0.04,0.92,-0.06,-0.01,0.0,0.32,2.78
0.01,0.05,0.93,-0.04,-0.01,0.0,0.5,2.97
0.01,0.05,0.93,-0.05,0.0,-0.01,0.4,2.97
0.0,0.05,0.93,-0.05,0.01,-0.02,0.12,3.0
0.0,0.05,0.94,-0.05,0.01,-0.03,0.1,3.1
-0.0,0.05,0.94,-0.05,0.01,-0.03,-0.29,3.14
-0.0,0.05,0.95,-0.06,0.03,-0.03,-0.21,3.25
-0.01,0.06,0.96,-0.06,0.02,-0.02,-0.4,3.43
-0.01,0.05,0.97,-0.05,-0.0,-0.01,-0.39,3.02
-0.0,0.06,0.97,-0.05,-0.01,-0.01,-0.19,3.56
-0.01,0.05,0.97,-0.05,-0.01,0.0,-0.37,3.06
0.0,0.06,0.97,-0.05,-0.01,-0.0,0.02,3.53
-0.01,0.06,0.96,-0.03,-0.02,0.0,-0.41,3.44
-0.0,0.06,0.96,-0.03,-0.0,-0.0,-0.16,3.37
-0.0,0.06,0.96,-0.04,0.02,0.0,-0.08,3.47
-0.0,0.06,0.96,-0.03,0.02,0.01,-0.26,3.56
-0.01,0.06,0.96,-0.03,-0.0,0.0,-0.32,3.61
-0.0,0.06,0.96,-0.01,0.01,0.0,-0.02,3.57
-0.01,0.06,0.96,-0.03,0.02,0.0,-0.51,3.45
-0.0,0.05,0.95,-0.02,0.0,0.01,-0.16,3.3
-0.01,0.06,0.94,-0.03,0.01,0.01,-0.68,3.43
-0.01,0.06,0.94,-0.02,-0.01,0.02,-0.6,3.66
-0.0,0.06,0.95,-0.02,0.01,0.01,-0.13,3.76
-0.0,0.06,0.94,-0.03,0.0,0.02,-0.06,3.4
-0.0,0.05,0.94,-0.04,0.0,0.01,-0.14,3.26
0.01,0.06,0.95,-0.02,-0.0,0.0,0.41,3.74
0.01,0.06,0.94,-0.01,0.01,0.0,0.61,3.68
-0.0,0.06,0.95,-0.02,0.02,0.01,-0.01,3.8
0.0,0.06,0.96,-0.01,0.01,0.01,0.11,3.52
0.0,0.05,0.95,-0.01,0.01,0.01,0.26,3.15
0.0,0.06,0.95,-0.01,-0.0,0.01,0.19,3.57
0.01,0.06,0.94,-0.01,0.02,0.01,0.75,3.49
0.01,0.05,0.93,0.0,0.03,0.0,0.56,2.89
0.01,0.04,0.93,0.02,0.02,-0.01,0.35,2.69
0.01,0.05,0.93,0.0,0.04,-0.01,0.37,2.8
0.0,0.04,0.93,0.0,0.06,-0.01,0.17,2.75
0.0,0.04,0.94,-0.0,0.05,-0.01,0.1,2.54
-0.0,0.05,0.94,-0.01,0.03,-0.01,-0.21,2.91
0.0,0.04,0.95,-0.01,0.04,-0.03,0.08,2.2
-0.0,0.04,0.95,-0.02,0.05,-0.02,-0.24,2.33
0.0,0.04,0.96,-0.04,0.05,-0.02,0.25,2.65
0.02,0.05,0.98,-0.04,0.01,-0.02,0.89,2.77
0.03,0.05,1.0,-0.04,0.02,-0.02,1.89,2.62
0.06,0.05,1.01,-0.04,0.04,-0.02,3.47,2.75
0.09,0.05,1.03,-0.02,0.03,-0.0,4.76,2.85
0.1,0.07,1.02,-0.01,0.04,-0.01,5.46,3.69
0.12,0.09,1.01,-0.02,0.07,-0.03,6.52,5.25
0.16,0.12,1.02,0.0,0.11,-0.05,8.64,6.41
0.17,0.14,1.04,0.02,0.13,-0.07,9.15,7.59
0.17,0.15,1.08,0.05,0.14,-0.09,9.05,7.86
0.17,0.15,1.12,0.07,0.17,-0.11,8.33,7.72
0.13,0.15,1.15,0.08,0.18,-0.11,6.44,7.55
0.09,0.17,1.19,0.06,0.15,-0.07,4.4,7.97
0.05,0.17,1.21,0.03,0.09,-0.02,2.47,8.07
0.04,0.18,1.23,-0.02,0.03,0.05,1.88,8.35
0.08,0.19,1.25,-0.07,-0.03,0.12,3.82,8.44
0.14,0.2,1.27,-0.12,-0.07,0.19,6.29,8.87
0.21,0.22,1.29,-0.13,-0.11,0.23,8.92,9.34
0.25,0.23,1.31,-0.1,-0.13,0.26,10.75,9.79
0.31,0.25,1.33,-0.07,-0.12,0.29,12.82,10.39
0.36,0.28,1.34,-0.04,-0.11,0.3,14.79,11.43
0.4,0.29,1.36,0.04,-0.08,0.3,16.24,11.64
0.43,0.31,1.37,0.11,-0.04,0.28,17.17,12.07
0.47,0.31,1.38,0.16,-0.0,0.25,18.26,11.9
0.48,0.3,1.4,0.24,0.01,0.23,18.44,11.49
0.48,0.3,1.42,0.32,-0.01,0.22,18.26,11.27
0.47,0.29,1.43,0.39,-0.08,0.21,17.87,10.89
0.46,0.29,1.43,0.45,-0.14,0.2,17.47,10.82
0.44,0.28,1.43,0.49,-0.24,0.21,16.94,10.55
0.43,0.27,1.43,0.53,-0.37,0.2,16.53,10.2
0.42,0.25,1.42,0.56,-0.49,0.21,16.08,9.68
0.4,0.24,1.42,0.58,-0.6,0.2,15.6,9.33
0.38,0.21,1.41,0.59,-0.71,0.2,15.05,8.37
0.36,0.2,1.4,0.63,-0.85,0.2,14.32,7.82
0.33,0.18,1.41,0.64,-0.97,0.21,13.15,7.02
0.28,0.16,1.4,0.65,-1.04,0.21,11.34,6.48
0.24,0.14,1.39,0.62,-1.12,0.22,9.68,5.69
0.19,0.14,1.39,0.62,-1.21,0.23,7.79,5.79
0.15,0.13,1.39,0.59,-1.27,0.25,6.24,5.52
0.14,0.13,1.4,0.55,-1.31,0.28,5.83,5.13
0.14,0.12,1.42,0.52,-1.34,0.31,5.7,4.92
0.14,0.11,1.43,0.49,-1.34,0.34,5.67,4.27
0.15,0.09,1.43,0.47,-1.37,0.36,5.92,3.77
0.15,0.09,1.44,0.43,-1.36,0.39,5.73,3.56
0.16,0.08,1.45,0.42,-1.41,0.42,6.2,3.12
0.16,0.08,1.45,0.41,-1.46,0.44,6.34,2.96
0.16,0.06,1.45,0.43,-1.52,0.46,6.22,2.3
0.14,0.04,1.44,0.42,-1.59,0.48,5.74,1.76
0.12,0.03,1.42,0.42,-1.69,0.5,4.72,1.16
0.09,0.0,1.39,0.4,-1.77,0.52,3.61,0.12
0.06,-0.02,1.37,0.37,-1.86,0.53,2.53,-0.82
0.04,-0.03,1.34,0.34,-1.95,0.54,1.6,-1.38
0.03,-0.04,1.32,0.33,-2.02,0.57,1.26,-1.92
0.01,-0.06,1.29,0.29,-2.07,0.56,0.62,-2.5
0.0,-0.06,1.28,0.27,-2.09,0.56,0.14,-2.87
0.0,-0.06,1.28,0.22,-2.1,0.55,0.2,-2.84
0.02,-0.07,1.28,0.21,-2.04,0.53,0.92,-2.92
0.05,-0.06,1.3,0.23,-2.0,0.52,2.29,-2.85
0.06,-0.06,1.31,0.26,-1.94,0.49,2.59,-2.83
0.05,-0.07,1.32,0.3,-1.87,0.46,2.12,-3.1
0.02,-0.09,1.31,0.34,-1.82,0.43,1.03,-3.77
-0.0,-0.1,1.29,0.35,-1.75,0.41,-0.06,-4.33
-0.02,-0.1,1.26,0.38,-1.71,0.39,-1.01,-4.58
-0.04,-0.11,1.22,0.38,-1.66,0.38,-2.04,-5.03
-0.05,-0.11,1.19,0.36,-1.62,0.36,-2.47,-5.29
-0.07,-0.12,1.18,0.35,-1.62,0.34,-3.4,-5.75
-0.1,-0.11,1.17,0.34,-1.64,0.34,-5.02,-5.54
-0.14,-0.12,1.18,0.32,-1.67,0.33,-6.75,-5.75
-0.18,-0.13,1.18,0.25,-1.72,0.35,-8.55,-6.08
-0.21,-0.13,1.18,0.22,-1.81,0.37,-9.87,-6.38
-0.22,-0.13,1.17,0.19,-1.87,0.4,-10.71,-6.38
-0.24,-0.13,1.16,0.17,-1.95,0.46,-11.44,-6.4
-0.24,-0.13,1.14,0.1,-2.0,0.5,-12.02,-6.27
-0.23,-0.12,1.12,0.06,-2.06,0.54,-11.7,-5.93
-0.19,-0.1,1.11,0.05,-2.11,0.56,-9.65,-5.3
-0.15,-0.09,1.12,0.04,-2.11,0.55,-7.39,-4.68
-0.12,-0.09,1.13,0.04,-2.07,0.52,-6.04,-4.66
-0.11,-0.09,1.13,0.06,-2.02,0.48,-5.58,-4.54
-0.1,-0.08,1.13,0.1,-1.97,0.44,-5.09,-4.23
-0.1,-0.08,1.14,0.16,-1.9,0.41,-5.23,-3.97
-0.12,-0.08,1.14,0.21,-1.82,0.37,-5.75,-4.0
-0.13,-0.09,1.12,0.26,-1.74,0.34,-6.65,-4.69
-0.15,-0.09,1.09,0.31,-1.69,0.31,-7.88,-4.74
-0.17,-0.09,1.06,0.34,-1.64,0.28,-9.13,-4.88
-0.19,-0.08,1.02,0.36,-1.58,0.25,-10.58,-4.63
-0.22,-0.09,0.99,0.36,-1.56,0.23,-12.42,-4.92
-0.25,-0.09,0.97,0.36,-1.55,0.21,-14.41,-5.22
-0.27,-0.09,0.96,0.34,-1.55,0.23,-15.46,-5.43
-0.29,-0.09,0.93,0.3,-1.51,0.22,-17.37,-5.42
-0.31,-0.09,0.91,0.31,-1.54,0.23,-18.94,-5.15
-0.34,-0.09,0.9,0.28,-1.57,0.25,-20.58,-5.24
-0.35,-0.09,0.89,0.24,-1.61,0.28,-21.14,-5.53
-0.35,-0.08,0.87,0.19,-1.63,0.29,-21.99,-4.92
-0.35,-0.07,0.86,0.15,-1.65,0.32,-22.23,-4.26
-0.34,-0.07,0.83,0.13,-1.66,0.35,-22.27,-4.24
-0.34,-0.05,0.81,0.08,-1.67,0.36,-22.65,-3.29
-0.34,-0.04,0.8,0.02,-1.63,0.36,-23.02,-2.54
-0.34,-0.03,0.8,-0.02,-1.62,0.37,-22.94,-1.67
-0.33,-0.02,0.81,-0.08,-1.59,0.37,-22.2,-1.16
-0.32,0.0,0.83,-0.12,-1.54,0.36,-21.03,0.07
-0.31,0.01,0.84,-0.14,-1.47,0.35,-20.01,0.7
-0.29,0.01,0.87,-0.16,-1.37,0.32,-18.67,0.73
-0.29,0.01,0.91,-0.16,-1.28,0.3,-18.05,0.89
-0.32,0.01,0.93,-0.15,-1.2,0.29,-18.74,0.42
-0.36,-0.01,0.95,-0.12,-1.09,0.27,-20.54,-0.3
-0.39,-0.01,0.95,-0.1,-1.03,0.29,-22.41,-0.61
-0.42,-0.02,0.95,-0.09,-0.99,0.32,-23.87,-1.29
-0.45,-0.03,0.95,-0.06,-0.97,0.38,-25.21,-1.57
-0.46,-0.03,0.94,-0.07,-0.95,0.44,-26.36,-1.6
-0.47,-0.04,0.92,-0.08,-0.96,0.52,-26.97,-2.27
-0.47,-0.04,0.9,-0.11,-0.97,0.59,-27.66,-2.25
-0.44,-0.04,0.88,-0.14,-1.02,0.69,-26.61,-2.59
-0.39,-0.04,0.85,-0.17,-1.04,0.74,-24.34,-2.37
-0.33,-0.04,0.83,-0.23,-1.06,0.8,-21.84,-2.27
-0.29,-0.03,0.8,-0.29,-1.07,0.83,-19.88,-2.02
-0.26,-0.02,0.79,-0.33,-1.07,0.84,-18.03,-1.51
-0.22,-0.01,0.8,-0.39,-1.08,0.85,-15.21,-0.58
-0.18,-0.01,0.82,-0.45,-1.04,0.84,-12.08,-0.67
-0.14,-0.01,0.83,-0.45,-1.03,0.83,-9.41,-0.5
-0.11,-0.0,0.87,-0.47,-0.98,0.8,-7.0,-0.1
-0.08,0.01,0.89,-0.46,-0.9,0.77,-4.88,0.52
-0.05,0.01,0.91,-0.43,-0.81,0.72,-2.84,0.86
-0.02,0.02,0.92,-0.38,-0.73,0.67,-0.93,1.16
-0.01,0.02,0.93,-0.31,-0.65,0.58,-0.34,1.19
-0.02,0.02,0.93,-0.27,-0.59,0.53,-1.34,1.07
-0.05,0.02,0.94,-0.22,-0.53,0.48,-3.19,1.12
-0.09,0.01,0.95,-0.17,-0.52,0.46,-5.51,0.73
-0.13,0.01,0.95,-0.13,-0.55,0.47,-7.59,0.42
-0.15,0.01,0.95,-0.07,-0.61,0.48,-9.04,0.74
-0.16,0.01,0.95,-0.03,-0.69,0.51,-9.57,0.55
-0.16,0.0,0.92,0.0,-0.79,0.54,-9.53,0.25
-0.15,0.01,0.9,0.03,-0.87,0.57,-9.71,0.67
-0.13,0.02,0.88,0.05,-0.96,0.59,-8.28,1.32
-0.1,0.03,0.87,0.06,-1.01,0.6,-6.34,2.04
-0.06,0.03,0.87,0.07,-1.05,0.59,-4.17,2.03
-0.04,0.03,0.84,0.09,-1.08,0.57,-2.6,2.21
-0.03,0.03,0.82,0.13,-1.12,0.53,-1.9,1.82
-0.02,0.03,0.8,0.12,-1.12,0.5,-1.47,2.44
-0.02,0.04,0.79,0.12,-1.09,0.45,-1.24,2.59
-0.02,0.03,0.78,0.13,-1.07,0.42,-1.81,2.49
-0.02,0.03,0.78,0.11,-1.02,0.39,-1.7,2.29
-0.03,0.03,0.78,0.11,-0.96,0.35,-2.31,1.9
-0.04,0.01,0.78,0.11,-0.89,0.33,-2.63,0.96
-0.05,0.0,0.76,0.12,-0.8,0.29,-3.57,0.37
-0.04,-0.0,0.74,0.12,-0.73,0.27,-2.85,-0.3
-0.02,0.02,0.72,0.11,-0.62,0.23,-1.9,1.43
-0.02,0.03,0.71,0.08,-0.51,0.21,-1.21,2.67
0.0,0.05,0.71,0.07,-0.43,0.18,0.04,3.77
-0.0,0.05,0.71,0.06,-0.35,0.13,-0.01,3.71
-0.05,0.04,0.72,0.06,-0.3,0.1,-4.0,3.26
-0.13,0.05,0.72,0.03,-0.36,0.12,-10.16,3.68
-0.21,0.04,0.71,-0.01,-0.43,0.18,-16.41,3.14
-0.22,0.03,0.69,-0.05,-0.57,0.27,-17.29,2.71
-0.18,0.05,0.7,-0.08,-0.71,0.37,-14.11,3.7
-0.12,0.06,0.72,-0.13,-0.81,0.43,-9.13,4.55
-0.06,0.07,0.74,-0.17,-0.9,0.48,-4.41,5.69
-0.0,0.08,0.77,-0.19,-0.96,0.49,-0.33,5.73
0.04,0.09,0.79,-0.18,-0.96,0.46,2.96,6.17
0.07,0.09,0.81,-0.17,-0.92,0.43,4.67,6.59
0.09,0.09,0.81,-0.14,-0.92,0.39,6.32,6.63
0.1,0.1,0.81,-0.12,-0.89,0.34,6.92,7.23
0.11,0.1,0.81,-0.08,-0.86,0.29,7.75,7.15
0.11,0.1,0.79,-0.06,-0.78,0.23,7.55,6.96
0.1,0.09,0.76,-0.03,-0.73,0.19,7.2,6.72
0.09,0.08,0.73,-0.02,-0.69,0.14,6.74,6.48
0.06,0.08,0.7,-0.04,-0.63,0.11,5.08,6.34
0.04,0.08,0.68,-0.06,-0.54,0.08,3.2,6.8
0.03,0.08,0.68,-0.06,-0.46,0.06,2.57,6.81
0.03,0.07,0.69,-0.07,-0.38,0.04,2.5,5.56
0.02,0.05,0.69,-0.09,-0.3,0.03,1.99,4.41
-0.0,0.05,0.69,-0.11,-0.27,0.02,-0.28,4.36
-0.05,0.06,0.68,-0.15,-0.27,0.02,-4.37,4.96
-0.08,0.07,0.67,-0.19,-0.33,0.06,-7.13,5.89
-0.09,0.07,0.68,-0.25,-0.41,0.12,-7.41,5.86
-0.05,0.06,0.69,-0.31,-0.46,0.16,-4.49,5.31
-0.02,0.09,0.74,-0.37,-0.53,0.2,-1.42,6.64
0.02,0.1,0.77,-0.37,-0.59,0.22,1.18,7.47
0.04,0.11,0.81,-0.39,-0.63,0.22,3.15,8.11
0.06,0.12,0.82,-0.39,-0.62,0.19,4.14,8.06
0.07,0.12,0.83,-0.39,-0.62,0.18,4.46,8.03
0.08,0.12,0.86,-0.35,-0.6,0.16,4.99,7.74
0.09,0.12,0.86,-0.31,-0.59,0.13,5.87,7.87
0.08,0.13,0.86,-0.27,-0.56,0.09,5.37,8.58
0.06,0.12,0.85,-0.25,-0.51,0.06,4.3,8.06
0.04,0.11,0.81,-0.22,-0.46,0.04,2.75,7.61
0.03,0.11,0.78,-0.22,-0.42,0.03,1.99,7.85
0.0,0.11,0.76,-0.23,-0.34,0.02,0.13,8.21
-0.01,0.11,0.76,-0.26,-0.29,0.02,-1.11,8.51
-0.03,0.1,0.78,-0.27,-0.27,0.02,-2.48,7.41
-0.05,0.1,0.78,-0.29,-0.28,0.04,-3.6,7.14
-0.06,0.09,0.8,-0.3,-0.29,0.07,-4.54,6.54
-0.05,0.09,0.82,-0.29,-0.28,0.1,-3.32,6.42
-0.03,0.1,0.83,-0.29,-0.29,0.13,-2.08,6.63
-0.02,0.11,0.85,-0.29,-0.29,0.14,-1.22,7.58
-0.0,0.12,0.86,-0.29,-0.27,0.15,-0.14,7.84
0.02,0.12,0.86,-0.26,-0.24,0.15,1.03,7.72
0.02,0.13,0.88,-0.25,-0.22,0.16,0.99,8.13
0.03,0.13,0.89,-0.2,-0.21,0.16,1.97,8.31
0.05,0.13,0.89,-0.18,-0.19,0.16,3.08,8.31
0.06,0.14,0.9,-0.17,-0.19,0.17,3.74,8.78
0.06,0.13,0.89,-0.13,-0.19,0.15,3.79,8.42
0.07,0.14,0.89,-0.13,-0.18,0.15,4.71,8.82
0.08,0.13,0.88,-0.09,-0.17,0.14,5.12,8.5
0.09,0.14,0.88,-0.08,-0.17,0.12,5.62,8.8
0.1,0.13,0.86,-0.08,-0.17,0.12,6.42,8.58
0.1,0.13,0.84,-0.07,-0.19,0.1,6.86,8.7
0.1,0.13,0.83,-0.08,-0.19,0.08,6.45,9.02
0.09,0.13,0.83,-0.1,-0.18,0.06,6.13,9.15
0.08,0.13,0.83,-0.12,-0.21,0.06,5.29,9.18
0.07,0.14,0.84,-0.14,-0.22,0.05,4.48,9.2
0.06,0.13,0.84,-0.16,-0.21,0.05,3.75,8.98
0.05,0.13,0.87,-0.16,-0.22,0.05,3.22,8.64
0.04,0.13,0.89,-0.16,-0.22,0.06,2.73,8.31
0.05,0.12,0.9,-0.13,-0.22,0.07,3.18,7.63
0.05,0.11,0.9,-0.1,-0.21,0.07,3.46,7.14
0.07,0.11,0.9,-0.05,-0.16,0.06,4.18,7.24
0.07,0.12,0.88,-0.04,-0.13,0.06,4.33,7.69
0.06,0.12,0.88,-0.01,-0.08,0.05,3.79,7.91
0.06,0.12,0.87,0.02,-0.05,0.05,3.67,8.05
0.05,0.12,0.86,0.02,-0.01,0.05,3.26,8.02
0.05,0.12,0.84,0.03,0.01,0.05,3.68,8.16
0.07,0.11,0.82,0.03,0.08,0.05,4.52,7.43
0.07,0.12,0.81,0.03,0.09,0.06,4.67,8.1
0.06,0.12,0.8,0.0,0.13,0.06,4.18,8.81
0.06,0.13,0.8,-0.04,0.12,0.07,3.93,8.99
0.06,0.12,0.8,-0.07,0.1,0.08,4.48,8.45
0.06,0.12,0.82,-0.09,0.07,0.08,4.2,8.21
0.07,0.12,0.84,-0.14,0.07,0.08,4.64,8.01
0.08,0.13,0.86,-0.16,0.08,0.09,5.03,8.44
0.08,0.13,0.88,-0.16,0.08,0.08,4.88,8.55
0.07,0.13,0.9,-0.18,0.09,0.07,4.52,8.14
0.07,0.13,0.92,-0.15,0.06,0.05,4.08,8.0
0.06,0.12,0.92,-0.16,0.07,0.06,3.76,7.53
0.06,0.11,0.92,-0.15,0.05,0.05,3.87,6.95
0.06,0.11,0.92,-0.15,0.02,0.05,3.46,6.74
0.07,0.1,0.9,-0.15,0.03,0.04,4.16,6.6
0.06,0.1,0.9,-0.16,0.06,0.03,3.87,6.17
0.06,0.1,0.9,-0.16,0.04,0.03,3.68,6.31
0.06,0.09,0.9,-0.18,0.02,0.03,3.78,5.74
0.05,0.09,0.9,-0.19,0.03,0.01,2.95,5.76
0.04,0.08,0.91,-0.21,0.01,0.02,2.38,5.13
0.03,0.09,0.91,-0.24,0.01,0.02,1.8,5.32
0.02,0.08,0.93,-0.25,-0.02,0.03,1.42,5.17
0.02,0.08,0.97,-0.24,-0.03,0.04,0.94,5.01
0.01,0.08,0.98,-0.25,-0.01,0.04,0.84,4.68
0.01,0.07,1.01,-0.25,-0.02,0.05,0.4,3.95
0.02,0.07,1.02,-0.21,-0.02,0.05,0.89,4.0
0.02,0.08,1.05,-0.19,0.0,0.04,0.86,4.25
0.01,0.07,1.04,-0.16,0.04,0.03,0.46,3.85
0.01,0.06,1.03,-0.14,0.06,0.03,0.46,3.56
0.0,0.07,1.03,-0.11,0.08,0.03,0.11,3.99
-0.01,0.08,1.02,-0.07,0.07,0.03,-0.81,4.51
-0.02,0.07,1.02,-0.07,0.08,0.04,-1.27,3.65
-0.03,0.07,1.02,-0.07,0.06,0.05,-1.48,3.95
-0.02,0.07,1.0,-0.06,0.04,0.06,-1.04,4.12
-0.01,0.08,1.01,-0.03,0.01,0.06,-0.35,4.26
0.01,0.08,1.0,-0.04,0.02,0.06,0.64,4.69
0.02,0.08,0.99,-0.03,0.02,0.06,0.98,4.78
0.02,0.07,0.96,-0.03,-0.0,0.06,1.32,4.34
0.03,0.07,0.95,-0.03,0.0,0.05,1.71,4.34
0.03,0.08,0.94,-0.05,-0.0,0.04,2.05,4.88
0.04,0.07,0.94,-0.07,0.02,0.04,2.32,4.4
0.04,0.07,0.94,-0.1,0.01,0.02,2.51,4.16
0.04,0.07,0.94,-0.12,-0.01,0.01,2.67,4.14
0.04,0.07,0.93,-0.17,0.02,-0.01,2.34,4.16
0.03,0.07,0.94,-0.18,0.0,-0.02,1.94,4.44
0.02,0.07,0.96,-0.19,-0.03,-0.01,1.49,4.0
0.02,0.06,0.97,-0.2,-0.04,-0.01,0.97,3.59
0.01,0.06,0.99,-0.21,-0.02,-0.02,0.7,3.19
0.0,0.05,1.0,-0.22,-0.0,-0.02,0.24,3.13
0.0,0.05,1.02,-0.21,0.01,-0.02,0.12,2.89
-0.01,0.06,1.02,-0.19,0.01,-0.02,-0.42,3.29
-0.02,0.06,1.04,-0.18,0.04,-0.03,-1.12,3.22
-0.04,0.07,1.06,-0.17,0.06,-0.01,-1.96,3.58
-0.04,0.06,1.08,-0.13,0.05,0.01,-2.2,3.4
-0.04,0.07,1.08,-0.1,0.05,0.03,-2.33,3.62
-0.04,0.06,1.08,-0.06,0.07,0.04,-2.1,3.38
-0.03,0.07,1.07,-0.02,0.08,0.04,-1.78,3.62
-0.02,0.07,1.06,0.0,0.08,0.05,-1.24,3.79
-0.01,0.08,1.05,0.02,0.09,0.06,-0.68,4.12
-0.0,0.08,1.04,0.05,0.09,0.07,-0.05,4.13
0.01,0.07,1.02,0.06,0.1,0.05,0.45,3.96
0.02,0.07,1.0,0.06,0.07,0.06,0.86,4.23
0.02,0.08,0.98,0.05,0.05,0.05,1.11,4.4
0.02,0.07,0.96,0.04,0.05,0.04,1.15,4.24
0.03,0.06,0.94,0.02,0.04,0.03,1.52,3.78
0.02,0.06,0.93,-0.01,0.03,0.02,1.43,3.95
0.02,0.06,0.94,-0.04,0.01,0.01,1.18,3.89
0.01,0.07,0.96,-0.06,0.02,0.01,0.81,3.99
0.01,0.06,0.95,-0.08,0.01,0.0,0.67,3.69
0.0,0.06,0.95,-0.11,0.02,-0.01,0.21,3.86
-0.0,0.07,0.96,-0.13,0.02,0.0,-0.02,4.31
0.01,0.07,0.98,-0.14,0.02,-0.01,0.34,4.35
0.01,0.07,0.99,-0.16,0.03,-0.02,0.46,4.03
0.0,0.07,1.0,-0.16,0.03,-0.02,0.11,4.02
-0.01,0.07,1.01,-0.17,0.02,-0.02,-0.35,4.0
-0.02,0.06,1.01,-0.16,0.01,-0.02,-1.09,3.66
-0.01,0.06,1.03,-0.15,0.03,-0.02,-0.69,3.13
-0.02,0.06,1.04,-0.14,0.01,-0.01,-1.01,3.29
-0.02,0.06,1.04,-0.13,0.01,-0.0,-1.36,3.55
-0.02,0.06,1.05,-0.11,-0.01,0.0,-1.09,3.32
-0.03,0.07,1.05,-0.1,0.01,0.0,-1.46,3.72
-0.03,0.05,1.06,-0.09,0.02,0.01,-1.84,2.88
-0.03,0.06,1.06,-0.06,0.03,0.02,-1.68,3.13
-0.03,0.05,1.05,-0.02,0.04,0.02,-1.9,2.54
-0.03,0.05,1.04,-0.02,0.08,0.02,-1.92,2.86
-0.03,0.05,1.02,-0.0,0.1,0.03,-1.77,2.88
-0.03,0.05,1.02,0.01,0.11,0.02,-1.73,3.08
-0.02,0.05,1.0,0.0,0.12,0.03,-1.23,3.12
-0.02,0.05,0.99,0.0,0.11,0.03,-1.0,3.1
-0.01,0.05,0.99,0.0,0.12,0.03,-0.87,3.05
-0.01,0.06,0.99,-0.02,0.12,0.04,-0.37,3.52
-0.01,0.06,0.98,-0.02,0.11,0.03,-0.42,3.21
-0.0,0.06,0.99,-0.03,0.11,0.03,-0.11,3.45
0.0,0.06,0.99,-0.06,0.09,0.02,0.14,3.68
0.0,0.06,0.99,-0.08,0.07,0.03,0.27,3.67
0.01,0.07,1.0,-0.07,0.04,0.02,0.31,4.06
0.01,0.07,1.01,-0.09,0.02,0.02,0.78,3.79
0.02,0.07,1.01,-0.09,0.04,0.01,0.86,3.95
0.02,0.07,1.01,-0.11,0.03,0.01,0.86,4.07
0.01,0.07,1.01,-0.11,0.01,0.0,0.44,4.17
0.0,0.07,1.01,-0.11,-0.01,-0.0,0.21,3.91
-0.0,0.07,1.01,-0.11,-0.02,-0.01,-0.14,4.16
-0.01,0.07,1.01,-0.11,-0.03,-0.01,-0.72,3.8
-0.02,0.06,1.02,-0.11,-0.05,0.0,-1.29,3.49
-0.03,0.05,1.03,-0.1,-0.06,0.01,-1.6,3.04
-0.03,0.06,1.03,-0.1,-0.04,0.01,-1.74,3.09
-0.03,0.05,1.03,-0.08,-0.04,0.03,-1.52,2.63
-0.02,0.05,1.03,-0.05,-0.03,0.02,-1.16,2.75
-0.02,0.04,1.03,-0.04,-0.0,0.03,-1.09,2.36
-0.01,0.04,1.01,-0.03,0.03,0.03,-0.4,2.24
-0.01,0.05,1.02,-0.03,0.08,0.01,-0.38,2.57
-0.01,0.05,1.01,-0.03,0.1,0.02,-0.44,2.85
-0.0,0.05,1.0,-0.01,0.11,0.02,-0.27,2.88
0.0,0.05,1.0,-0.04,0.14,0.01,0.13,3.14
0.01,0.06,1.0,-0.05,0.14,0.02,0.38,3.15
0.01,0.06,0.99,-0.05,0.13,0.01,0.66,3.63
0.01,0.07,1.0,-0.08,0.1,0.01,0.7,3.96
0.01,0.07,1.02,-0.08,0.1,0.0,0.66,4.13
0.01,0.07,1.02,-0.07,0.08,-0.01,0.73,3.99
0.01,0.07,1.03,-0.08,0.06,-0.0,0.77,3.99
0.0,0.07,1.04,-0.07,0.03,0.0,0.07,3.87
0.0,0.06,1.05,-0.08,0.02,-0.01,0.22,3.51
-0.01,0.06,1.06,-0.08,-0.01,-0.0,-0.31,3.11
0.0,0.06,1.05,-0.07,-0.03,-0.02,0.09,3.06
0.0,0.06,1.05,-0.04,-0.04,-0.01,0.07,3.4
0.0,0.06,1.04,-0.03,-0.03,-0.02,0.27,3.53
0.0,0.07,1.02,-0.04,0.0,-0.03,0.25,3.71
-0.01,0.07,1.01,-0.02,-0.0,-0.03,-0.3,3.95
-0.02,0.06,0.98,-0.01,-0.0,-0.04,-1.02,3.59
-0.02,0.06,0.98,-0.02,-0.02,-0.03,-1.4,3.4
-0.02,0.05,0.97,-0.03,-0.0,-0.03,-1.33,3.13
-0.02,0.05,0.97,-0.05,0.0,-0.03,-1.03,3.06
-0.01,0.06,0.97,-0.05,-0.0,-0.02,-0.53,3.52
-0.02,0.06,0.98,-0.07,0.01,-0.02,-1.1,3.42
-0.01,0.07,0.98,-0.09,0.04,-0.02,-0.58,3.89
-0.0,0.05,0.99,-0.09,0.03,-0.02,-0.17,2.97
-0.01,0.07,0.99,-0.09,0.02,-0.02,-0.56,3.91
-0.01,0.07,1.0,-0.08,0.03,-0.02,-0.86,4.0
-0.02,0.07,1.01,-0.08,0.04,-0.02,-1.21,4.02
-0.02,0.07,1.01,-0.08,0.04,-0.01,-0.89,4.07
-0.02,0.08,1.03,-0.05,0.01,-0.01,-1.09,4.29
-0.01,0.07,1.02,-0.02,0.0,-0.0,-0.8,4.06
-0.0,0.08,1.02,-0.02,0.02,0.01,-0.27,4.32
0.0,0.08,1.0,0.0,0.01,0.02,0.1,4.66
0.01,0.08,0.99,0.02,0.01,0.01,0.47,4.8
0.01,0.08,0.98,0.05,0.01,0.01,0.72,4.84
0.02,0.08,0.95,0.06,0.03,0.01,1.07,4.72
0.02,0.08,0.95,0.07,0.05,0.01,1.25,4.99
0.03,0.09,0.93,0.09,0.06,0.01,1.79,5.6
0.04,0.09,0.92,0.1,0.07,0.01,2.31,5.86
0.03,0.1,0.91,0.11,0.09,0.0,2.01,6.35
0.04,0.1,0.89,0.1,0.09,0.01,2.37,6.47
0.04,0.1,0.87,0.11,0.09,0.02,2.57,6.5
0.05,0.11,0.86,0.11,0.09,0.01,3.08,7.29
0.05,0.11,0.85,0.1,0.12,0.0,3.26,7.48
0.05,0.12,0.84,0.1,0.13,0.01,3.34,8.39
0.05,0.13,0.83,0.11,0.12,0.02,3.17,9.09
0.05,0.14,0.82,0.1,0.12,0.03,3.34,9.63
0.06,0.14,0.81,0.1,0.15,0.04,4.11,9.9
0.06,0.16,0.81,0.13,0.16,0.04,3.99,10.82
0.07,0.15,0.82,0.12,0.18,0.04,4.49,10.58
0.06,0.16,0.8,0.15,0.19,0.04,4.24,11.3
0.07,0.16,0.78,0.15,0.23,0.04,5.35,11.16
0.08,0.16,0.76,0.16,0.27,0.05,6.01,11.81
0.09,0.16,0.74,0.15,0.3,0.05,6.6,12.23
0.1,0.17,0.72,0.15,0.31,0.05,7.9,12.84
0.11,0.15,0.69,0.13,0.35,0.03,8.63,11.81
0.11,0.12,0.66,0.07,0.38,0.0,9.15,10.35
0.1,0.12,0.65,0.02,0.38,-0.0,8.92,10.58
0.1,0.12,0.64,-0.06,0.38,-0.02,9.05,10.85
0.1,0.12,0.66,-0.13,0.36,-0.03,8.12,10.43
0.08,0.11,0.69,-0.22,0.36,-0.05,6.84,9.4
0.07,0.11,0.72,-0.28,0.34,-0.06,5.14,8.51
0.04,0.09,0.75,-0.31,0.3,-0.06,3.06,7.16
0.03,0.09,0.79,-0.34,0.3,-0.07,1.96,6.63
0.02,0.09,0.82,-0.34,0.28,-0.06,1.38,6.2
0.01,0.09,0.86,-0.36,0.27,-0.06,0.48,5.9
-0.0,0.08,0.91,-0.32,0.25,-0.05,-0.1,5.0
-0.01,0.08,0.93,-0.28,0.27,-0.05,-0.6,5.07
-0.01,0.07,0.97,-0.24,0.3,-0.05,-0.48,4.04
-0.02,0.08,0.97,-0.17,0.33,-0.03,-1.23,4.53
-0.03,0.07,0.99,-0.1,0.37,-0.03,-1.99,3.88
-0.04,0.08,0.96,-0.01,0.41,-0.02,-2.45,4.67
-0.05,0.11,0.9,0.05,0.5,-0.02,-2.95,6.89
-0.07,0.1,0.94,0.09,0.56,0.01,-4.04,5.89
-0.08,0.08,0.96,0.17,0.59,0.01,-4.52,4.47
-0.08,0.08,0.95,0.25,0.61,0.06,-4.6,4.55
-0.06,0.08,0.94,0.33,0.69,0.09,-3.51,4.83
-0.03,0.1,0.9,0.4,0.73,0.12,-1.74,6.44
-0.01,0.11,0.87,0.44,0.79,0.12,-0.9,7.3
-0.0,0.11,0.83,0.5,0.81,0.13,-0.18,7.7
0.0,0.1,0.81,0.51,0.85,0.12,0.05,7.1
0.01,0.09,0.78,0.51,0.9,0.13,0.78,6.76
0.02,0.09,0.76,0.53,0.93,0.13,1.24,6.78
0.03,0.08,0.72,0.52,0.94,0.16,1.98,6.27
0.03,0.08,0.7,0.5,0.98,0.14,2.44,6.72
0.03,0.08,0.7,0.47,0.97,0.15,2.37,6.69
0.02,0.05,0.69,0.47,1.0,0.09,1.77,4.45
0.0,0.05,0.68,0.42,0.91,0.16,0.37,4.51
-0.02,0.06,0.69,0.41,0.88,0.18,-1.28,5.1
-0.02,0.06,0.7,0.37,0.84,0.2,-1.78,4.79
-0.0,0.05,0.71,0.36,0.79,0.21,-0.36,4.35
0.03,0.06,0.73,0.33,0.77,0.22,2.22,4.63
0.04,0.06,0.75,0.32,0.8,0.19,3.35,4.67
0.06,0.08,0.77,0.35,0.81,0.19,4.63,5.56
0.05,0.07,0.76,0.38,0.84,0.16,4.07,5.48
0.07,0.07,0.75,0.41,0.9,0.13,4.99,5.17
0.07,0.07,0.73,0.42,0.98,0.1,5.7,5.5
0.07,0.08,0.69,0.42,1.04,0.07,5.5,6.35
0.05,0.08,0.65,0.4,1.12,0.04,4.75,6.9
0.04,0.08,0.62,0.36,1.16,0.03,3.77,7.34
0.03,0.09,0.59,0.28,1.21,-0.01,2.76,8.5
0.02,0.07,0.58,0.17,1.23,-0.04,1.68,7.29
0.01,0.07,0.58,0.08,1.2,-0.05,0.5,6.37
-0.01,0.07,0.61,-0.02,1.15,-0.07,-1.02,6.09
-0.02,0.05,0.64,-0.13,1.11,-0.08,-1.85,4.77
-0.01,0.04,0.69,-0.23,1.06,-0.08,-0.79,3.31
-0.01,0.05,0.75,-0.29,0.98,-0.1,-0.49,3.55
-0.01,0.05,0.79,-0.34,0.92,-0.11,-1.03,3.66
-0.01,0.05,0.85,-0.36,0.86,-0.12,-0.77,3.5
-0.02,0.06,0.89,-0.37,0.83,-0.14,-1.4,3.85
-0.03,0.06,0.91,-0.35,0.78,-0.14,-2.18,3.83
-0.06,0.06,0.93,-0.33,0.76,-0.16,-3.48,3.7
-0.08,0.06,0.95,-0.32,0.77,-0.17,-4.8,3.76
-0.1,0.07,0.95,-0.28,0.77,-0.16,-6.11,4.04
-0.11,0.06,0.95,-0.24,0.78,-0.17,-6.71,3.84
-0.12,0.06,0.94,-0.21,0.79,-0.16,-7.13,3.59
-0.15,0.05,0.92,-0.16,0.84,-0.17,-9.07,3.29
-0.15,0.04,0.92,-0.16,0.89,-0.16,-9.13,2.65
-0.16,0.02,0.9,-0.14,0.94,-0.17,-10.37,1.37
-0.19,0.0,0.88,-0.15,0.98,-0.15,-11.95,0.21
-0.21,-0.01,0.87,-0.18,1.03,-0.15,-13.44,-0.36
-0.22,-0.01,0.87,-0.2,1.08,-0.13,-14.08,-0.77
-0.21,-0.01,0.9,-0.25,1.11,-0.1,-13.15,-0.78
-0.2,-0.01,0.92,-0.26,1.12,-0.08,-12.31,-0.75
-0.18,-0.01,0.94,-0.29,1.15,-0.09,-10.61,-0.53
-0.17,-0.0,0.96,-0.31,1.16,-0.07,-9.82,-0.05
-0.15,0.01,0.97,-0.31,1.16,-0.07,-8.61,0.85
-0.13,0.03,0.99,-0.31,1.16,-0.06,-7.46,1.56
-0.12,0.03,1.02,-0.3,1.15,-0.07,-6.49,1.72
-0.1,0.02,1.02,-0.28,1.16,-0.07,-5.81,1.37
-0.1,0.03,1.03,-0.26,1.14,-0.07,-5.64,1.46
-0.1,0.04,1.03,-0.24,1.12,-0.06,-5.38,1.95
-0.1,0.03,1.04,-0.21,1.13,-0.07,-5.55,1.86
-0.08,0.05,1.04,-0.2,1.12,-0.08,-4.52,2.8
-0.09,0.06,1.05,-0.16,1.12,-0.07,-5.02,3.06
-0.08,0.07,1.07,-0.11,1.1,-0.08,-4.12,3.54
-0.08,0.06,1.05,-0.05,1.08,-0.08,-4.45,2.98
-0.1,0.05,1.03,-0.03,1.09,-0.07,-5.8,2.58
-0.11,0.05,1.01,0.01,1.05,-0.08,-5.96,2.85
-0.1,0.05,0.99,-0.0,1.04,-0.06,-5.85,3.11
-0.09,0.05,0.99,0.02,1.03,-0.07,-5.26,3.13
-0.08,0.04,0.97,0.03,1.02,-0.08,-4.71,2.24
-0.08,0.04,0.95,0.02,1.01,-0.08,-4.68,2.1
-0.07,0.04,0.93,0.02,1.0,-0.09,-4.38,2.45
-0.08,0.05,0.9,0.02,0.97,-0.1,-4.81,2.95
-0.08,0.05,0.89,-0.0,0.95,-0.12,-5.3,3.07
-0.09,0.04,0.88,-0.04,0.91,-0.13,-5.9,2.84
-0.09,0.04,0.88,-0.05,0.87,-0.14,-5.93,2.62
-0.1,0.04,0.87,-0.09,0.84,-0.17,-6.54,2.84
-0.11,0.04,0.87,-0.1,0.8,-0.18,-7.23,2.77
-0.12,0.03,0.87,-0.14,0.77,-0.18,-7.86,2.04
-0.13,0.02,0.87,-0.18,0.71,-0.18,-8.26,1.42
-0.14,0.01,0.88,-0.2,0.63,-0.19,-8.95,0.49
-0.15,-0.0,0.89,-0.25,0.56,-0.18,-9.55,-0.23
-0.14,-0.01,0.89,-0.28,0.49,-0.17,-9.22,-0.7
-0.14,-0.0,0.89,-0.31,0.43,-0.16,-8.72,-0.18
-0.13,0.01,0.89,-0.34,0.37,-0.15,-8.33,0.39
-0.13,0.01,0.9,-0.36,0.33,-0.14,-8.01,0.47
-0.12,0.01,0.91,-0.37,0.31,-0.15,-7.7,0.74
-0.12,0.02,0.93,-0.37,0.32,-0.14,-7.67,1.38
-0.14,0.02,0.94,-0.37,0.31,-0.14,-8.3,1.4
-0.15,0.02,0.95,-0.36,0.33,-0.14,-8.85,0.94
-0.15,0.01,0.95,-0.36,0.34,-0.12,-9.15,0.57
-0.16,0.0,0.95,-0.35,0.34,-0.09,-9.44,0.01
-0.16,-0.01,0.95,-0.32,0.34,-0.08,-9.68,-0.6
-0.16,-0.02,0.94,-0.33,0.37,-0.06,-9.92,-0.94
-0.16,-0.03,0.92,-0.34,0.42,-0.04,-10.13,-1.8
-0.16,-0.03,0.91,-0.35,0.42,-0.01,-9.82,-2.15
-0.15,-0.04,0.89,-0.39,0.5,-0.01,-9.54,-2.62
-0.15,-0.05,0.87,-0.41,0.53,-0.01,-9.62,-2.92
-0.15,-0.04,0.87,-0.46,0.58,-0.01,-9.57,-2.86
-0.15,-0.04,0.87,-0.52,0.61,-0.0,-9.64,-2.4
-0.13,-0.03,0.89,-0.56,0.62,0.0,-8.5,-1.81
-0.12,-0.02,0.92,-0.62,0.63,-0.0,-7.18,-1.01
-0.11,-0.01,0.96,-0.64,0.64,-0.01,-6.75,-0.56
-0.09,0.01,0.97,-0.66,0.62,0.0,-5.44,0.49
-0.07,0.03,1.01,-0.67,0.59,0.01,-3.78,1.58
-0.02,0.06,1.04,-0.68,0.6,-0.01,-1.16,3.39
0.01,0.07,1.09,-0.62,0.56,-0.02,0.52,3.82
0.04,0.09,1.11,-0.59,0.56,-0.06,1.88,4.38
0.05,0.08,1.13,-0.53,0.52,-0.09,2.4,3.9
0.03,0.06,1.12,-0.46,0.5,-0.13,1.78,3.21
0.02,0.06,1.12,-0.42,0.53,-0.16,1.25,3.29
0.01,0.06,1.1,-0.39,0.51,-0.18,0.59,3.0
-0.01,0.04,1.11,-0.33,0.5,-0.2,-0.56,1.91
-0.04,0.02,1.12,-0.29,0.49,-0.22,-1.96,1.06
-0.06,0.01,1.12,-0.25,0.5,-0.22,-3.31,0.71
-0.09,0.01,1.11,-0.22,0.5,-0.2,-4.79,0.43
-0.1,-0.01,1.09,-0.2,0.52,-0.2,-5.35,-0.49
-0.12,-0.02,1.07,-0.18,0.53,-0.17,-6.56,-1.04
-0.15,-0.03,1.06,-0.19,0.59,-0.16,-8.21,-1.71
-0.18,-0.04,1.05,-0.2,0.59,-0.12,-9.94,-2.34
-0.19,-0.06,1.05,-0.23,0.58,-0.06,-10.41,-3.1
-0.18,-0.07,1.03,-0.28,0.57,-0.01,-9.88,-3.73
-0.15,-0.07,1.03,-0.34,0.57,0.02,-8.16,-3.63
-0.09,-0.04,1.04,-0.43,0.56,0.05,-4.99,-2.43
-0.01,-0.0,1.08,-0.46,0.49,0.06,-0.56,-0.03
0.07,0.03,1.12,-0.46,0.46,0.05,3.41,1.72
0.11,0.06,1.15,-0.45,0.42,0.01,5.66,2.83
0.15,0.07,1.18,-0.4,0.39,-0.06,7.2,3.56
0.16,0.1,1.21,-0.34,0.39,-0.11,7.54,4.56
0.17,0.12,1.22,-0.25,0.38,-0.16,7.77,5.66
0.17,0.14,1.25,-0.15,0.4,-0.22,7.91,6.38
0.15,0.14,1.26,-0.04,0.42,-0.26,6.95,6.4
0.13,0.13,1.26,0.09,0.44,-0.3,5.85,5.73
0.09,0.09,1.25,0.22,0.46,-0.32,3.97,4.23
0.04,0.04,1.22,0.3,0.51,-0.33,1.98,1.97
0.01,-0.0,1.17,0.32,0.56,-0.33,0.26,-0.17
-0.03,-0.05,1.12,0.34,0.61,-0.33,-1.53,-2.48
-0.07,-0.09,1.07,0.31,0.69,-0.31,-3.74,-4.93
-0.09,-0.12,1.02,0.24,0.75,-0.27,-5.21,-6.77
-0.1,-0.12,1.0,0.14,0.8,-0.23,-5.51,-6.99
-0.09,-0.12,0.99,0.02,0.83,-0.19,-4.97,-6.63
-0.06,-0.1,1.0,-0.06,0.84,-0.16,-3.28,-5.7
-0.03,-0.09,1.03,-0.14,0.85,-0.15,-1.52,-4.75
0.0,-0.07,1.05,-0.2,0.84,-0.12,0.17,-3.89
0.04,-0.05,1.08,-0.25,0.85,-0.1,2.34,-2.52
0.09,-0.02,1.1,-0.27,0.85,-0.09,4.63,-0.82
0.14,0.02,1.13,-0.26,0.84,-0.11,7.24,1.03
0.17,0.05,1.15,-0.21,0.85,-0.14,8.49,2.38
0.17,0.04,1.15,-0.16,0.86,-0.16,8.28,2.07
0.15,0.04,1.13,-0.13,0.9,-0.2,7.54,1.86
0.12,0.03,1.11,-0.1,0.91,-0.23,6.01,1.78
0.08,0.03,1.08,-0.11,0.94,-0.24,4.03,1.65
0.04,0.03,1.07,-0.12,0.95,-0.25,2.27,1.85
0.01,0.04,1.07,-0.15,0.93,-0.26,0.8,1.97
0.01,0.06,1.07,-0.16,0.9,-0.25,0.37,3.05
0.01,0.06,1.08,-0.2,0.89,-0.25,0.54,3.2
0.01,0.08,1.09,-0.19,0.87,-0.27,0.58,4.39
0.0,0.1,1.09,-0.2,0.88,-0.29,0.21,5.11
-0.02,0.1,1.11,-0.19,0.88,-0.3,-0.9,5.19
-0.04,0.1,1.13,-0.19,0.9,-0.31,-1.78,4.98
-0.05,0.09,1.13,-0.2,0.93,-0.3,-2.69,4.64
-0.07,0.09,1.15,-0.18,0.94,-0.29,-3.57,4.38
-0.08,0.08,1.16,-0.18,0.96,-0.27,-3.86,3.87
-0.08,0.08,1.17,-0.18,1.0,-0.23,-3.81,4.12
-0.06,0.09,1.16,-0.19,1.01,-0.19,-2.9,4.47
-0.02,0.1,1.17,-0.19,0.96,-0.18,-1.04,4.72
-0.0,0.09,1.19,-0.17,0.93,-0.19,-0.14,4.54
0.02,0.1,1.2,-0.17,0.89,-0.19,0.95,4.75
0.05,0.12,1.2,-0.15,0.86,-0.19,2.32,5.46
0.08,0.13,1.2,-0.1,0.81,-0.19,3.95,6.15
0.11,0.13,1.18,-0.06,0.77,-0.22,5.17,6.47
0.1,0.13,1.17,-0.03,0.76,-0.27,4.62,6.09
0.07,0.12,1.16,-0.01,0.76,-0.31,3.46,5.88
0.04,0.13,1.14,0.02,0.76,-0.33,2.21,6.31
0.03,0.13,1.12,0.06,0.73,-0.35,1.52,6.55
0.02,0.13,1.11,0.05,0.73,-0.35,0.92,6.91
-0.0,0.14,1.11,0.07,0.69,-0.37,-0.11,7.04
-0.02,0.14,1.11,0.08,0.7,-0.38,-0.95,7.33
-0.03,0.15,1.11,0.11,0.68,-0.38,-1.76,7.51
-0.04,0.15,1.12,0.14,0.7,-0.39,-2.06,7.6
-0.05,0.15,1.13,0.17,0.73,-0.38,-2.53,7.71
-0.06,0.15,1.14,0.21,0.77,-0.36,-3.09,7.72
-0.07,0.14,1.13,0.28,0.79,-0.34,-3.76,7.29
-0.09,0.14,1.11,0.33,0.83,-0.3,-4.55,7.4
-0.09,0.14,1.09,0.37,0.89,-0.26,-4.66,7.53
-0.09,0.13,1.07,0.4,0.9,-0.24,-4.71,7.04
-0.1,0.09,1.04,0.41,0.93,-0.2,-5.38,5.03
-0.1,0.07,1.0,0.38,0.91,-0.17,-5.95,3.89
-0.1,0.06,0.96,0.33,0.92,-0.14,-5.79,3.6
-0.09,0.06,0.92,0.27,0.89,-0.12,-5.34,3.88
-0.05,0.07,0.9,0.21,0.85,-0.12,-3.41,4.36
-0.02,0.08,0.9,0.14,0.78,-0.12,-0.97,4.95
0.01,0.09,0.9,0.08,0.75,-0.15,0.94,5.45
0.05,0.1,0.91,0.04,0.69,-0.17,2.9,5.99
0.05,0.1,0.92,0.03,0.64,-0.21,3.03,6.2
0.06,0.12,0.94,0.0,0.62,-0.25,3.69,7.12
0.06,0.13,0.96,0.0,0.58,-0.28,3.43,7.82
0.05,0.13,0.98,0.0,0.58,-0.32,2.68,7.73
0.03,0.14,1.01,0.03,0.57,-0.34,1.85,8.06
0.02,0.15,1.03,0.05,0.56,-0.34,1.04,8.27
0.02,0.16,1.04,0.07,0.6,-0.35,0.83,8.6
0.01,0.16,1.06,0.1,0.59,-0.35,0.71,8.78
0.02,0.17,1.07,0.15,0.57,-0.36,0.84,8.8
0.01,0.16,1.08,0.2,0.55,-0.37,0.76,8.41
-0.01,0.15,1.07,0.24,0.58,-0.38,-0.27,7.73
-0.02,0.13,1.06,0.28,0.59,-0.39,-1.07,7.29
-0.03,0.13,1.03,0.29,0.62,-0.4,-1.9,7.26
-0.05,0.13,1.03,0.3,0.63,-0.4,-2.89,7.03
-0.09,0.12,1.03,0.3,0.66,-0.42,-4.89,6.53
-0.1,0.1,1.04,0.31,0.68,-0.41,-5.48,5.62
-0.11,0.1,1.03,0.31,0.68,-0.4,-6.19,5.49
-0.12,0.1,1.03,0.31,0.7,-0.39,-6.88,5.43
-0.14,0.08,1.02,0.31,0.74,-0.38,-7.57,4.62
-0.16,0.06,1.01,0.28,0.79,-0.37,-8.83,3.63
-0.17,0.03,1.01,0.24,0.84,-0.33,-9.72,1.84
-0.2,0.01,1.01,0.18,0.91,-0.31,-11.41,0.55
-0.24,-0.02,1.01,0.09,0.99,-0.28,-13.39,-0.88
-0.24,-0.04,1.04,-0.01,1.08,-0.23,-13.02,-2.32
-0.21,-0.05,1.1,-0.15,1.19,-0.16,-10.77,-2.73
-0.15,-0.07,1.16,-0.22,1.25,-0.08,-7.21,-3.18
-0.08,-0.07,1.23,-0.3,1.36,0.0,-3.54,-3.36
0.01,-0.08,1.28,-0.34,1.47,0.09,0.37,-3.45
0.11,-0.07,1.3,-0.35,1.57,0.17,4.93,-3.02
0.2,-0.04,1.3,-0.33,1.68,0.23,8.59,-1.79
0.28,-0.02,1.29,-0.31,1.81,0.25,12.43,-0.88
0.36,0.01,1.26,-0.32,1.94,0.24,15.83,0.57
0.42,0.05,1.22,-0.29,2.03,0.21,18.91,2.02
0.5,0.1,1.19,-0.29,2.09,0.16,22.62,4.3
0.55,0.15,1.16,-0.25,2.08,0.07,25.41,6.88
0.59,0.19,1.13,-0.22,2.02,-0.01,27.17,8.55
0.61,0.21,1.11,-0.16,1.86,-0.09,28.41,9.17
0.61,0.21,1.1,-0.1,1.67,-0.18,28.55,9.39
0.59,0.21,1.09,-0.03,1.45,-0.27,28.04,9.62
0.56,0.2,1.08,-0.0,1.24,-0.34,26.83,9.45
0.51,0.2,1.07,0.07,1.01,-0.4,25.04,9.44
0.46,0.17,1.05,0.09,0.83,-0.46,23.3,8.6
0.41,0.16,1.06,0.11,0.66,-0.5,20.7,8.18
0.35,0.14,1.06,0.14,0.54,-0.54,18.2,7.16
0.31,0.13,1.07,0.18,0.44,-0.56,15.87,6.58
0.27,0.12,1.06,0.2,0.38,-0.59,14.2,6.1
0.23,0.12,1.05,0.22,0.34,-0.63,12.37,6.64
0.21,0.13,1.05,0.25,0.32,-0.65,11.31,6.95
0.18,0.13,1.04,0.27,0.29,-0.67,9.94,7.22
0.14,0.14,1.04,0.29,0.25,-0.68,7.66,7.36
0.11,0.13,1.04,0.33,0.2,-0.69,6.07,7.27
0.08,0.13,1.03,0.33,0.17,-0.7,4.3,7.27
0.05,0.13,1.04,0.36,0.09,-0.7,2.66,7.08
0.0,0.12,1.02,0.35,0.02,-0.7,0.17,6.74
-0.04,0.12,1.02,0.36,-0.08,-0.68,-2.19,6.43
-0.09,0.12,1.02,0.34,-0.13,-0.66,-5.04,6.5
-0.12,0.12,1.03,0.32,-0.19,-0.62,-6.58,6.44
-0.14,0.11,1.04,0.31,-0.27,-0.57,-7.75,6.09
-0.16,0.11,1.06,0.3,-0.32,-0.53,-8.43,6.08
-0.18,0.11,1.06,0.28,-0.33,-0.48,-9.39,5.59
-0.2,0.11,1.07,0.26,-0.35,-0.42,-10.48,5.55
-0.22,0.1,1.08,0.26,-0.36,-0.35,-11.41,5.02
-0.24,0.08,1.07,0.23,-0.35,-0.28,-12.56,4.2
-0.24,0.07,1.07,0.21,-0.32,-0.22,-12.8,3.9
-0.24,0.08,1.07,0.16,-0.27,-0.15,-12.54,4.26
-0.21,0.09,1.07,0.15,-0.23,-0.07,-11.16,4.81
-0.17,0.1,1.07,0.14,-0.19,-0.01,-8.82,5.2
-0.1,0.11,1.07,0.16,-0.12,0.03,-5.26,5.94
-0.05,0.12,1.05,0.2,-0.05,0.08,-2.55,6.39
-0.01,0.12,1.04,0.25,0.03,0.1,-0.36,6.76
0.03,0.12,1.01,0.35,0.09,0.1,1.51,7.01
0.06,0.13,0.98,0.41,0.17,0.09,3.59,7.73
0.08,0.13,0.95,0.49,0.25,0.07,4.48,7.44
0.08,0.11,0.94,0.54,0.34,0.05,4.71,6.49
0.07,0.1,0.93,0.63,0.39,0.02,4.47,6.01
0.06,0.08,0.92,0.69,0.47,-0.01,3.9,5.17
0.04,0.06,0.91,0.74,0.53,-0.03,2.32,3.69
0.01,0.05,0.89,0.78,0.56,-0.05,0.5,2.91
-0.02,0.03,0.87,0.8,0.57,-0.06,-1.04,2.02
-0.04,0.02,0.85,0.8,0.6,-0.06,-2.54,1.12
-0.07,0.0,0.83,0.77,0.62,-0.07,-4.49,0.28
-0.09,-0.01,0.82,0.76,0.58,-0.07,-6.25,-0.58
-0.11,-0.02,0.81,0.7,0.56,-0.08,-7.37,-1.39
-0.13,-0.03,0.8,0.64,0.5,-0.08,-9.34,-2.07
-0.15,-0.04,0.8,0.55,0.46,-0.08,-10.82,-2.67
-0.17,-0.05,0.8,0.45,0.4,-0.07,-12.05,-3.34
-0.18,-0.05,0.8,0.36,0.32,-0.05,-12.79,-3.76
-0.19,-0.06,0.8,0.25,0.23,-0.03,-13.42,-4.37
-0.21,-0.07,0.81,0.14,0.17,-0.02,-14.26,-4.75
-0.2,-0.07,0.82,0.01,0.07,0.01,-14.02,-4.73
-0.2,-0.07,0.83,-0.1,-0.0,0.02,-13.44,-4.71
-0.19,-0.06,0.85,-0.22,-0.08,0.04,-12.7,-4.23
-0.17,-0.06,0.87,-0.31,-0.17,0.08,-11.37,-3.75
-0.15,-0.04,0.88,-0.4,-0.22,0.1,-9.64,-2.8
-0.11,-0.03,0.89,-0.47,-0.28,0.12,-7.2,-1.98
-0.07,-0.02,0.91,-0.53,-0.32,0.14,-4.67,-1.21
-0.04,-0.0,0.92,-0.56,-0.33,0.13,-2.48,-0.04
-0.02,0.01,0.94,-0.57,-0.35,0.14,-1.19,0.84
-0.0,0.02,0.95,-0.57,-0.36,0.15,-0.04,1.21
0.01,0.03,0.96,-0.57,-0.36,0.14,0.64,1.68
0.02,0.03,0.96,-0.55,-0.33,0.13,1.22,2.08
0.03,0.05,0.96,-0.52,-0.33,0.13,1.72,2.84
0.03,0.05,0.96,-0.5,-0.3,0.12,2.04,3.04
0.04,0.06,0.97,-0.47,-0.29,0.12,2.42,3.47
0.05,0.06,0.96,-0.43,-0.24,0.08,3.09,3.37
0.06,0.06,0.96,-0.41,-0.18,0.07,3.29,3.64
0.06,0.06,0.97,-0.35,-0.15,0.06,3.34,3.69
0.05,0.07,0.96,-0.31,-0.11,0.04,2.86,4.07
0.05,0.06,0.97,-0.27,-0.06,0.02,2.73,3.72
0.04,0.07,0.99,-0.24,-0.02,0.02,2.3,3.8
0.03,0.06,0.99,-0.2,-0.01,0.02,1.49,3.5
0.03,0.07,0.99,-0.17,-0.01,0.02,1.54,3.84
0.02,0.07,0.99,-0.14,0.01,0.01,1.43,3.89
0.01,0.06,0.98,-0.16,0.04,0.01,0.72,3.74
0.02,0.06,0.98,-0.14,0.03,0.02,1.2,3.49
0.02,0.06,0.97,-0.1,0.02,0.01,1.01,3.52
0.02,0.06,0.98,-0.09,0.02,0.01,1.26,3.37
0.02,0.06,0.97,-0.1,0.04,0.01,1.06,3.68
0.02,0.06,0.97,-0.07,0.03,0.02,1.19,3.75
0.02,0.06,0.98,-0.05,0.02,0.02,1.2,3.68
0.03,0.06,0.97,-0.04,0.04,0.01,1.69,3.6
0.02,0.05,0.96,-0.03,0.06,0.01,1.28,3.18
0.02,0.06,0.95,-0.04,0.07,0.01,1.27,3.45
0.02,0.06,0.96,-0.01,0.04,0.0,1.3,3.45
0.01,0.06,0.96,-0.0,0.03,0.0,0.75,3.31
-0.01,0.05,0.96,-0.0,0.03,0.01,-0.46,3.13
0.0,0.05,0.95,-0.02,0.02,0.02,0.19,2.92
-0.0,0.05,0.94,-0.02,0.01,0.01,-0.22,3.16
-0.01,0.04,0.94,-0.01,-0.0,0.01,-0.56,2.71
-0.01,0.05,0.93,-0.03,0.01,0.01,-0.75,2.81
-0.01,0.04,0.94,-0.04,0.01,0.02,-0.41,2.52
-0.01,0.04,0.94,-0.06,0.01,0.02,-0.9,2.53
-0.01,0.05,0.94,-0.05,0.0,0.02,-0.65,2.87
-0.02,0.04,0.94,-0.07,0.02,0.01,-0.98,2.69
-0.01,0.05,0.94,-0.08,0.0,0.03,-0.81,2.81
-0.02,0.05,0.94,-0.07,-0.01,0.02,-1.22,2.92
-0.02,0.05,0.93,-0.08,-0.01,0.02,-1.06,3.23
-0.01,0.05,0.94,-0.09,-0.02,0.01,-0.46,3.34
-0.0,0.06,0.93,-0.11,-0.02,0.03,-0.3,3.6
0.0,0.06,0.93,-0.1,-0.04,0.02,0.14,3.53
0.01,0.06,0.93,-0.09,-0.04,0.01,0.62,3.65
0.01,0.06,0.93,-0.1,-0.04,0.01,0.5,3.44
0.01,0.06,0.95,-0.09,-0.04,0.0,0.33,3.36
-0.01,0.06,0.95,-0.08,-0.03,0.0,-0.4,3.81
-0.01,0.07,0.97,-0.08,-0.04,0.01,-0.54,3.94
-0.01,0.05,0.96,-0.06,-0.04,0.01,-0.47,3.27
-0.0,0.06,0.95,-0.06,-0.03,0.03,-0.28,3.52
0.0,0.06,0.94,-0.05,-0.03,0.03,0.12,3.79
0.0,0.06,0.93,-0.04,-0.03,0.03,0.11,3.78
0.0,0.06,0.93,-0.05,0.0,0.01,0.16,3.64
-0.0,0.06,0.93,-0.04,0.02,-0.0,-0.2,3.46
-0.01,0.05,0.93,-0.02,0.02,-0.01,-0.46,3.37
-0.02,0.05,0.93,-0.03,0.03,-0.01,-1.03,2.95
-0.02,0.05,0.93,-0.02,0.03,-0.01,-1.19,3.12
-0.02,0.04,0.93,-0.03,0.05,-0.01,-1.44,2.71
-0.02,0.05,0.93,-0.05,0.04,-0.01,-1.41,3.02
-0.02,0.05,0.93,-0.04,0.03,0.0,-1.28,3.03
-0.02,0.04,0.93,-0.04,0.03,-0.01,-1.23,2.56
-0.02,0.04,0.93,-0.06,0.03,-0.01,-1.27,2.65
-0.02,0.04,0.92,-0.08,0.04,-0.02,-0.97,2.38
-0.01,0.04,0.92,-0.07,0.02,-0.01,-0.92,2.78
-0.02,0.04,0.93,-0.08,0.02,-0.02,-1.33,2.55
-0.02,0.04,0.94,-0.08,0.01,-0.02,-1.49,2.57
-0.02,0.05,0.95,-0.1,0.01,-0.01,-1.25,2.73
-0.02,0.05,0.95,-0.1,-0.02,0.0,-1.18,2.87
-0.01,0.05,0.95,-0.09,-0.02,-0.0,-0.9,2.84
-0.0,0.05,0.96,-0.1,-0.01,-0.0,-0.26,2.89
0.0,0.05,0.96,-0.1,-0.02,0.01,0.17,3.25
0.01,0.06,0.97,-0.09,-0.03,0.01,0.32,3.37
0.0,0.06,0.97,-0.07,-0.03,0.01,0.2,3.38
0.01,0.06,0.98,-0.06,-0.01,0.01,0.35,3.53
0.02,0.06,0.98,-0.06,-0.02,0.03,0.94,3.38
0.01,0.06,0.97,-0.04,-0.01,0.02,0.6,3.31
0.02,0.06,0.96,-0.02,-0.02,0.01,0.98,3.5
0.02,0.06,0.96,-0.02,0.0,0.0,1.0,3.58
0.01,0.06,0.95,0.0,0.01,0.01,0.77,3.57
0.01,0.04,0.95,0.0,0.02,-0.01,0.43,2.52
0.0,0.05,0.95,0.01,0.01,0.0,0.14,3.11
-0.02,0.06,0.95,-0.0,0.03,-0.01,-1.11,3.44
-0.01,0.05,0.95,-0.0,0.01,-0.01,-0.81,3.15
-0.02,0.05,0.96,0.01,0.0,-0.01,-1.09,3.04
-0.02,0.05,0.95,0.01,-0.02,0.01,-1.1,2.85
-0.02,0.05,0.96,-0.0,-0.03,0.02,-0.99,3.09
-0.01,0.05,0.96,0.0,-0.02,0.01,-0.72,3.0
-0.01,0.05,0.95,0.0,-0.03,0.0,-0.88,2.94
-0.0,0.04,0.95,0.01,-0.04,0.0,-0.23,2.47
-0.01,0.05,0.94,0.01,-0.02,0.0,-0.61,2.79
-0.02,0.04,0.94,0.0,-0.01,-0.0,-1.08,2.72
-0.02,0.04,0.94,-0.0,-0.02,-0.01,-1.26,2.61
-0.02,0.05,0.94,0.01,-0.02,-0.01,-1.33,2.79
-0.04,0.04,0.94,-0.0,-0.0,-0.02,-2.34,2.41
-0.05,0.03,0.94,-0.02,-0.01,-0.02,-3.01,2.09
-0.05,0.04,0.95,-0.03,-0.01,-0.02,-3.27,2.47
-0.06,0.04,0.95,-0.04,-0.03,-0.01,-3.87,2.69
-0.06,0.04,0.96,-0.07,-0.04,-0.01,-3.67,2.4
-0.06,0.04,0.96,-0.07,-0.04,-0.0,-3.54,2.5
-0.06,0.04,0.96,-0.08,-0.04,0.01,-3.29,2.46
-0.05,0.04,0.97,-0.09,-0.05,0.02,-2.82,2.41
-0.04,0.05,0.97,-0.09,-0.05,0.03,-2.47,2.73
-0.03,0.05,0.98,-0.1,-0.04,0.03,-1.92,3.06
-0.03,0.05,0.97,-0.09,-0.04,0.05,-1.76,3.02
-0.02,0.05,0.97,-0.08,-0.04,0.06,-1.01,3.04
-0.01,0.05,0.96,-0.07,-0.03,0.06,-0.56,2.89
-0.01,0.05,0.95,-0.08,-0.01,0.05,-0.65,3.16
-0.01,0.05,0.94,-0.07,-0.01,0.05,-0.6,2.78
-0.01,0.05,0.94,-0.06,-0.01,0.05,-0.45,3.05
-0.01,0.05,0.93,-0.06,-0.03,0.05,-0.73,2.97
-0.01,0.05,0.93,-0.07,-0.0,0.04,-0.33,2.95
-0.01,0.04,0.93,-0.06,-0.01,0.05,-0.61,2.7
-0.01,0.04,0.92,-0.05,-0.0,0.03,-0.35,2.53
-0.0,0.04,0.91,-0.04,0.0,0.03,-0.26,2.34
-0.01,0.04,0.91,-0.04,0.03,0.03,-0.56,2.46
-0.01,0.04,0.91,-0.05,0.03,0.02,-0.63,2.59
-0.01,0.04,0.91,-0.05,0.02,0.03,-0.81,2.37
-0.01,0.03,0.91,-0.05,0.01,0.03,-0.8,2.15
-0.0,0.04,0.91,-0.07,0.02,0.03,-0.2,2.21
-0.0,0.04,0.91,-0.06,0.01,0.03,-0.1,2.39
0.0,0.04,0.92,-0.07,-0.0,0.02,0.05,2.5
0.01,0.04,0.91,-0.07,-0.02,0.01,0.42,2.63
0.01,0.04,0.91,-0.08,-0.0,0.01,0.44,2.43
0.01,0.05,0.93,-0.08,0.01,0.0,0.7,3.2
0.01,0.04,0.92,-0.08,-0.01,-0.0,0.59,2.59
0.02,0.05,0.93,-0.06,-0.0,0.0,1.39,2.83
0.02,0.04,0.92,-0.05,-0.0,-0.01,1.13,2.63
0.02,0.05,0.92,-0.05,-0.0,-0.01,1.12,2.83
0.02,0.05,0.93,-0.05,-0.0,-0.02,0.98,2.82
0.02,0.05,0.94,-0.04,-0.01,-0.02,0.92,2.95
0.01,0.05,0.94,-0.04,0.01,-0.03,0.5,2.85
0.0,0.05,0.95,-0.03,0.02,-0.02,0.16,2.9
-0.0,0.05,0.94,-0.04,0.01,-0.02,-0.02,2.79
0.01,0.04,0.94,-0.02,0.0,-0.02,0.36,2.53
-0.01,0.04,0.94,-0.03,0.02,-0.03,-0.54,2.72
0.0,0.04,0.94,-0.03,0.01,-0.03,0.25,2.45
-0.01,0.04,0.94,-0.04,0.03,-0.03,-0.38,2.6
-0.01,0.04,0.93,-0.03,0.02,-0.03,-0.31,2.24
-0.01,0.05,0.93,-0.03,0.02,-0.04,-0.92,2.98
-0.01,0.05,0.93,-0.06,0.03,-0.04,-0.69,3.01
-0.02,0.05,0.93,-0.05,0.02,-0.04,-1.07,2.93
-0.02,0.04,0.94,-0.05,0.0,-0.04,-1.28,2.66
-0.03,0.05,0.94,-0.06,0.02,-0.05,-1.55,2.94
-0.02,0.04,0.94,-0.07,0.02,-0.04,-1.24,2.68
-0.03,0.05,0.94,-0.07,-0.01,-0.04,-1.65,2.82
-0.03,0.05,0.94,-0.07,0.0,-0.04,-1.52,3.2
-0.02,0.06,0.95,-0.07,-0.0,-0.04,-1.26,3.32
-0.02,0.05,0.96,-0.07,-0.0,-0.04,-1.32,3.01
-0.03,0.06,0.96,-0.07,-0.01,-0.03,-1.53,3.48
-0.02,0.05,0.96,-0.07,-0.02,-0.02,-1.35,3.13
-0.01,0.05,0.96,-0.06,-0.01,-0.03,-0.85,3.27
-0.01,0.06,0.96,-0.07,0.01,-0.02,-0.7,3.51
-0.01,0.06,0.96,-0.06,0.01,-0.02,-0.63,3.54
-0.0,0.06,0.96,-0.06,0.01,-0.02,-0.19,3.51
-0.0,0.07,0.96,-0.06,0.03,-0.02,-0.11,3.98
-0.0,0.06,0.97,-0.05,0.02,-0.02,-0.06,3.82
0.01,0.07,0.97,-0.05,0.02,-0.02,0.7,4.25
0.01,0.07,0.97,-0.04,0.01,-0.01,0.61,3.95
0.02,0.07,0.98,-0.02,0.02,-0.02,1.03,4.15
0.02,0.07,0.98,-0.02,0.03,-0.02,1.02,4.27
0.03,0.07,0.98,-0.01,0.02,-0.02,1.55,4.08
0.02,0.07,0.98,0.0,0.02,-0.02,1.21,4.04
0.02,0.07,0.98,0.02,0.03,-0.03,1.03,4.15
0.01,0.07,0.99,0.03,0.05,-0.03,0.85,3.95
0.02,0.07,0.99,0.04,0.06,-0.03,0.92,3.91
0.02,0.06,0.99,0.06,0.05,-0.02,1.02,3.72
0.02,0.06,1.0,0.09,0.03,-0.02,1.28,3.46
0.02,0.05,0.99,0.11,0.04,-0.02,1.03,3.01
0.01,0.05,0.98,0.12,0.03,-0.01,0.85,2.78
0.01,0.04,0.97,0.14,0.02,0.0,0.72,2.56
0.01,0.04,0.96,0.15,0.01,0.0,0.39,2.36
-0.0,0.03,0.95,0.15,0.02,-0.01,-0.26,1.76
-0.01,0.02,0.94,0.14,0.02,-0.0,-0.44,1.4
-0.02,0.01,0.94,0.13,0.01,0.0,-1.42,0.83
-0.02,0.01,0.94,0.12,-0.01,0.0,-1.49,0.66
-0.05,-0.0,0.94,0.1,-0.02,-0.0,-2.74,-0.04
-0.06,-0.0,0.96,0.06,-0.04,0.01,-3.32,-0.22
-0.06,-0.01,0.96,0.02,-0.1,0.03,-3.41,-0.69
-0.07,-0.01,0.96,-0.03,-0.16,0.05,-4.03,-0.59
-0.07,-0.0,0.96,-0.09,-0.21,0.07,-4.16,-0.26
-0.06,0.0,0.95,-0.18,-0.26,0.1,-3.47,0.16
-0.04,0.01,0.95,-0.26,-0.34,0.13,-2.18,0.5
-0.04,0.02,0.96,-0.32,-0.44,0.15,-2.13,1.37
0.01,0.05,0.99,-0.38,-0.52,0.19,0.38,2.98
0.06,0.07,1.01,-0.43,-0.58,0.2,3.42,3.81
0.12,0.1,1.04,-0.44,-0.62,0.21,6.81,5.23
0.17,0.13,1.07,-0.43,-0.65,0.22,8.69,6.87
0.21,0.15,1.11,-0.41,-0.65,0.2,10.83,7.53
0.26,0.17,1.14,-0.36,-0.6,0.19,12.69,8.31
0.3,0.2,1.17,-0.32,-0.52,0.17,14.16,9.3
0.32,0.21,1.19,-0.23,-0.47,0.15,14.85,9.92
0.33,0.22,1.2,-0.13,-0.39,0.11,15.09,10.16
0.32,0.24,1.21,-0.04,-0.32,0.09,14.51,10.71
0.3,0.22,1.2,0.05,-0.3,0.08,14.03,10.11
0.29,0.22,1.19,0.08,-0.31,0.07,13.41,10.09
0.24,0.21,1.17,0.12,-0.33,0.05,11.62,10.01
0.21,0.19,1.17,0.11,-0.38,0.03,10.09,9.15
0.16,0.17,1.18,0.11,-0.45,0.03,7.82,8.15
0.12,0.15,1.18,0.06,-0.53,0.06,5.53,7.01
0.09,0.13,1.19,-0.02,-0.6,0.09,4.16,6.39
0.07,0.14,1.2,-0.13,-0.69,0.13,3.39,6.49
0.06,0.13,1.2,-0.22,-0.82,0.19,2.89,6.2
0.08,0.14,1.22,-0.3,-0.95,0.25,3.84,6.68
0.12,0.16,1.25,-0.39,-1.05,0.28,5.28,7.13
0.17,0.17,1.28,-0.47,-1.13,0.32,7.47,7.51
0.22,0.19,1.31,-0.47,-1.18,0.34,9.5,8.28
0.26,0.21,1.33,-0.48,-1.21,0.35,11.06,8.92
0.32,0.23,1.38,-0.45,-1.2,0.34,13.04,9.08
0.35,0.24,1.41,-0.4,-1.16,0.34,13.85,9.39
0.37,0.25,1.44,-0.33,-1.13,0.34,14.03,9.64
0.37,0.26,1.44,-0.25,-1.11,0.32,14.06,9.85
0.36,0.26,1.46,-0.16,-1.06,0.3,13.51,9.71
0.35,0.25,1.47,-0.08,-1.03,0.26,13.18,9.57
0.34,0.26,1.48,-0.0,-1.0,0.25,12.7,9.53
0.33,0.25,1.48,0.05,-0.98,0.23,12.44,9.5
0.33,0.24,1.48,0.11,-0.96,0.22,12.28,9.06
0.31,0.24,1.49,0.19,-0.95,0.21,11.57,8.82
0.29,0.22,1.49,0.26,-0.95,0.21,11.03,8.15
0.27,0.2,1.49,0.28,-1.0,0.23,10.2,7.36
0.25,0.17,1.49,0.34,-0.99,0.22,9.58,6.51
0.23,0.15,1.48,0.4,-1.01,0.22,8.83,5.85
0.2,0.13,1.45,0.41,-1.08,0.25,7.77,4.91
0.17,0.1,1.42,0.43,-1.19,0.27,6.8,4.14
0.15,0.08,1.36,0.43,-1.33,0.29,6.39,3.22
0.14,0.06,1.33,0.41,-1.44,0.29,5.85,2.76
0.12,0.05,1.28,0.37,-1.58,0.31,5.3,2.04
0.1,0.03,1.24,0.33,-1.7,0.29,4.81,1.56
0.08,0.03,1.22,0.29,-1.83,0.27,3.73,1.28
0.06,0.02,1.2,0.26,-1.93,0.25,2.9,0.86
0.04,0.0,1.19,0.23,-2.01,0.23,1.81,0.18
0.01,-0.0,1.18,0.19,-2.09,0.21,0.58,-0.2
-0.03,-0.01,1.18,0.19,-2.14,0.19,-1.29,-0.39
-0.06,-0.01,1.19,0.18,-2.14,0.16,-2.87,-0.65
-0.11,-0.04,1.19,0.18,-2.14,0.16,-5.43,-1.76
-0.15,-0.06,1.19,0.18,-2.15,0.17,-7.35,-3.03
-0.2,-0.08,1.17,0.16,-2.1,0.18,-9.73,-3.69
-0.24,-0.08,1.15,0.13,-2.07,0.2,-11.65,-3.98
-0.26,-0.1,1.11,0.09,-1.98,0.24,-13.27,-5.24
-0.28,-0.11,1.08,0.03,-1.92,0.27,-14.22,-5.82
-0.28,-0.11,1.06,-0.04,-1.86,0.31,-14.6,-5.54
-0.25,-0.09,1.05,-0.11,-1.78,0.33,-13.28,-4.7
-0.22,-0.08,1.06,-0.19,-1.71,0.35,-11.48,-4.32
-0.19,-0.07,1.1,-0.23,-1.68,0.36,-9.61,-3.45
-0.18,-0.05,1.12,-0.25,-1.67,0.38,-8.93,-2.46
-0.17,-0.02,1.16,-0.27,-1.66,0.41,-8.24,-1.07
-0.14,-0.02,1.18,-0.27,-1.66,0.45,-6.89,-0.78
-0.11,-0.02,1.19,-0.26,-1.64,0.47,-5.35,-0.84
-0.08,0.0,1.18,-0.24,-1.66,0.5,-3.82,0.24
-0.05,0.02,1.21,-0.2,-1.64,0.5,-2.16,1.14
-0.02,0.03,1.22,-0.15,-1.62,0.5,-0.88,1.29
0.0,0.02,1.22,-0.08,-1.58,0.49,0.2,0.98
0.02,0.02,1.2,-0.0,-1.54,0.47,1.08,0.77
0.04,0.02,1.19,0.05,-1.5,0.45,2.03,0.91
0.06,0.03,1.17,0.11,-1.45,0.4,2.72,1.25
0.06,0.03,1.14,0.16,-1.42,0.35,2.82,1.63
0.06,0.03,1.13,0.2,-1.4,0.3,2.84,1.62
0.03,0.01,1.1,0.25,-1.4,0.25,1.51,0.72
0.01,-0.01,1.09,0.25,-1.39,0.21,0.44,-0.47
-0.03,-0.03,1.06,0.26,-1.41,0.18,-1.44,-1.55
-0.06,-0.05,1.05,0.26,-1.44,0.15,-3.35,-2.53
-0.09,-0.06,1.03,0.22,-1.46,0.14,-4.73,-3.19
-0.11,-0.06,1.02,0.19,-1.47,0.13,-5.98,-3.18
-0.12,-0.06,1.01,0.14,-1.5,0.12,-6.53,-3.19
-0.13,-0.06,1.01,0.1,-1.52,0.11,-7.13,-3.66
-0.13,-0.06,1.01,0.05,-1.53,0.1,-7.28,-3.57
-0.14,-0.06,1.02,0.04,-1.57,0.09,-8.05,-3.26
-0.16,-0.05,1.03,-0.01,-1.58,0.09,-8.94,-2.97
-0.16,-0.05,1.04,-0.02,-1.62,0.09,-8.93,-2.93
-0.16,-0.05,1.05,-0.03,-1.65,0.11,-8.76,-2.5
-0.16,-0.03,1.07,-0.03,-1.64,0.1,-8.78,-1.67
-0.16,-0.03,1.08,-0.02,-1.66,0.11,-8.53,-1.49
-0.15,-0.03,1.09,0.02,-1.65,0.12,-7.9,-1.53
-0.14,-0.02,1.09,0.05,-1.65,0.11,-7.33,-1.28
-0.14,-0.02,1.1,0.08,-1.59,0.08,-7.49,-1.26
-0.16,-0.03,1.08,0.1,-1.57,0.08,-8.17,-1.79
-0.18,-0.06,1.07,0.13,-1.54,0.08,-9.44,-2.94
-0.2,-0.07,1.04,0.16,-1.53,0.08,-10.88,-3.89
-0.2,-0.07,1.02,0.15,-1.48,0.08,-11.18,-3.6
-0.19,-0.05,1.01,0.15,-1.46,0.09,-10.67,-3.05
-0.17,-0.05,1.0,0.16,-1.46,0.08,-9.63,-3.05
-0.16,-0.06,0.98,0.17,-1.44,0.07,-9.5,-3.68
-0.16,-0.06,0.97,0.17,-1.4,0.04,-9.54,-3.73
-0.16,-0.06,0.96,0.17,-1.35,0.03,-9.22,-3.44
-0.15,-0.06,0.94,0.17,-1.33,0.02,-8.95,-3.65
-0.15,-0.07,0.93,0.17,-1.29,0.01,-9.34,-4.46
-0.16,-0.09,0.9,0.15,-1.26,-0.01,-10.22,-5.33
-0.17,-0.09,0.88,0.12,-1.22,-0.01,-10.59,-5.66
-0.17,-0.09,0.86,0.09,-1.19,-0.01,-11.41,-5.63
-0.17,-0.1,0.84,0.05,-1.17,-0.01,-11.37,-6.76
-0.18,-0.08,0.84,-0.0,-1.17,-0.01,-12.02,-5.53
-0.19,-0.1,0.83,-0.07,-1.19,-0.0,-12.92,-6.43
-0.2,-0.09,0.83,-0.12,-1.23,0.01,-13.62,-5.88
-0.2,-0.07,0.85,-0.18,-1.28,0.04,-13.16,-4.64
-0.18,-0.06,0.89,-0.23,-1.31,0.05,-11.42,-3.64
-0.17,-0.05,0.92,-0.25,-1.38,0.06,-10.37,-3.01
-0.15,-0.03,0.96,-0.24,-1.43,0.08,-9.11,-2.01
-0.13,-0.02,0.99,-0.23,-1.45,0.08,-7.39,-1.39
-0.1,-0.02,1.01,-0.2,-1.44,0.07,-5.9,-1.1
-0.09,-0.0,1.02,-0.15,-1.39,0.06,-5.0,-0.15
-0.07,0.0,1.03,-0.09,-1.38,0.04,-4.0,0.25
-0.07,0.0,1.02,-0.01,-1.32,0.0,-3.99,0.27
-0.08,0.0,1.01,0.06,-1.29,-0.03,-4.29,0.15
-0.08,0.0,0.99,0.11,-1.24,-0.06,-4.83,0.12
-0.1,-0.01,0.97,0.16,-1.21,-0.08,-5.84,-0.76
-0.11,-0.03,0.94,0.2,-1.2,-0.09,-6.71,-1.68
-0.11,-0.04,0.9,0.22,-1.17,-0.1,-7.25,-2.73
-0.12,-0.04,0.86,0.23,-1.15,-0.11,-7.63,-2.65
-0.12,-0.04,0.84,0.21,-1.14,-0.12,-7.85,-2.81
-0.13,-0.04,0.84,0.19,-1.15,-0.13,-9.1,-2.96
-0.16,-0.05,0.82,0.17,-1.21,-0.12,-10.81,-3.44
-0.18,-0.05,0.83,0.14,-1.26,-0.1,-11.94,-3.26
-0.17,-0.05,0.82,0.09,-1.32,-0.06,-11.96,-3.22
-0.16,-0.03,0.83,0.09,-1.39,-0.03,-10.58,-2.31
-0.14,-0.02,0.83,0.07,-1.46,0.0,-9.52,-1.69
-0.12,-0.02,0.84,0.05,-1.5,0.0,-8.36,-1.44
-0.11,-0.01,0.83,0.02,-1.53,0.02,-7.81,-0.82
-0.1,-0.01,0.84,-0.0,-1.54,0.03,-6.65,-0.95
-0.07,-0.01,0.84,0.0,-1.53,0.02,-4.65,-0.53
-0.06,-0.01,0.84,-0.01,-1.49,0.01,-4.07,-0.59
-0.04,0.0,0.83,-0.02,-1.47,-0.01,-3.04,0.28
-0.04,0.02,0.82,-0.04,-1.46,-0.03,-2.59,1.35
-0.03,0.03,0.83,-0.04,-1.43,-0.06,-2.31,1.94
-0.03,0.04,0.84,-0.06,-1.39,-0.1,-1.96,2.88
-0.03,0.05,0.86,-0.06,-1.34,-0.13,-2.06,3.24
-0.04,0.05,0.87,-0.05,-1.3,-0.16,-2.4,3.33
-0.05,0.04,0.89,-0.03,-1.26,-0.2,-3.36,2.89
-0.07,0.03,0.9,0.01,-1.24,-0.22,-4.65,2.06
-0.09,0.02,0.9,0.02,-1.17,-0.23,-5.4,1.47
-0.09,0.02,0.9,0.04,-1.14,-0.23,-5.89,1.01
-0.11,0.02,0.91,0.07,-1.1,-0.24,-6.82,0.96
-0.12,0.02,0.91,0.11,-1.03,-0.25,-7.44,1.42
-0.12,0.01,0.91,0.12,-0.97,-0.25,-7.79,0.9
-0.13,0.01,0.9,0.14,-0.93,-0.24,-8.07,0.47
-0.14,0.01,0.87,0.18,-0.9,-0.23,-8.95,0.78
-0.13,0.01,0.86,0.17,-0.86,-0.23,-8.79,0.53
-0.13,0.02,0.86,0.19,-0.84,-0.21,-8.89,1.24
-0.13,0.02,0.85,0.18,-0.81,-0.19,-8.84,1.39
-0.12,0.02,0.83,0.19,-0.8,-0.17,-7.92,1.22
-0.1,0.02,0.82,0.16,-0.77,-0.17,-7.03,1.33
-0.09,0.03,0.81,0.14,-0.75,-0.17,-6.01,1.93
-0.07,0.06,0.82,0.12,-0.74,-0.17,-4.54,3.88
-0.05,0.06,0.82,0.1,-0.74,-0.16,-3.67,4.07
-0.05,0.06,0.84,0.09,-0.73,-0.18,-3.35,3.93
-0.03,0.06,0.84,0.07,-0.68,-0.19,-1.97,4.16
-0.02,0.07,0.84,0.07,-0.66,-0.21,-1.64,4.41
-0.01,0.06,0.84,0.08,-0.62,-0.23,-0.99,4.29
-0.03,0.07,0.82,0.09,-0.62,-0.26,-2.0,4.59
-0.02,0.06,0.81,0.07,-0.57,-0.29,-1.11,4.06
-0.01,0.05,0.79,0.05,-0.52,-0.31,-0.59,3.36
0.0,0.04,0.77,0.05,-0.49,-0.34,0.06,2.93
0.01,0.04,0.74,0.03,-0.43,-0.36,0.64,2.9
0.01,0.04,0.72,-0.01,-0.34,-0.4,0.53,3.0
-0.02,0.03,0.68,-0.07,-0.32,-0.43,-1.92,2.67
-0.08,0.03,0.67,-0.16,-0.36,-0.42,-6.98,2.85
-0.14,0.04,0.67,-0.23,-0.43,-0.39,-11.41,3.2
-0.15,0.04,0.7,-0.31,-0.54,-0.32,-11.83,2.86
-0.13,0.03,0.71,-0.38,-0.66,-0.25,-10.68,2.37
-0.11,0.05,0.75,-0.46,-0.78,-0.19,-8.51,3.91
-0.09,0.08,0.83,-0.49,-0.87,-0.15,-6.33,5.63
-0.07,0.1,0.92,-0.49,-0.9,-0.14,-4.34,6.15
-0.06,0.09,0.96,-0.45,-0.91,-0.13,-3.56,5.52
-0.02,0.1,1.0,-0.39,-0.9,-0.14,-0.87,5.48
-0.01,0.1,1.02,-0.31,-0.85,-0.18,-0.52,5.44
-0.01,0.09,1.01,-0.23,-0.77,-0.22,-0.55,5.17
-0.02,0.1,0.99,-0.16,-0.7,-0.25,-1.35,5.53
-0.04,0.09,0.96,-0.08,-0.61,-0.27,-2.38,5.21
-0.05,0.08,0.92,-0.04,-0.53,-0.28,-3.26,5.22
-0.07,0.08,0.89,-0.0,-0.47,-0.3,-4.34,5.2
-0.07,0.07,0.86,0.01,-0.43,-0.29,-4.87,4.85
-0.08,0.07,0.83,0.02,-0.41,-0.27,-5.47,4.82
-0.07,0.07,0.82,0.01,-0.4,-0.25,-4.74,5.04
-0.05,0.08,0.81,0.01,-0.36,-0.25,-3.48,5.67
-0.03,0.09,0.81,0.01,-0.32,-0.24,-2.25,6.11
-0.01,0.08,0.8,-0.01,-0.29,-0.25,-0.66,5.78
-0.0,0.08,0.79,-0.0,-0.25,-0.25,-0.13,5.74
0.01,0.08,0.79,0.0,-0.21,-0.26,0.83,5.86
-0.0,0.09,0.78,-0.0,-0.17,-0.28,-0.36,6.24
-0.03,0.09,0.77,0.01,-0.17,-0.26,-2.22,6.78
-0.06,0.1,0.77,-0.01,-0.2,-0.24,-4.29,7.36
-0.07,0.11,0.77,-0.01,-0.24,-0.19,-5.22,7.9
-0.06,0.11,0.77,-0.03,-0.29,-0.16,-4.3,8.21
-0.03,0.12,0.79,-0.03,-0.35,-0.12,-2.31,8.38
-0.0,0.11,0.82,-0.02,-0.38,-0.09,-0.19,7.88
0.06,0.12,0.86,-0.01,-0.33,-0.11,3.85,7.69
0.08,0.12,0.89,0.06,-0.28,-0.12,4.95,7.57
0.1,0.12,0.92,0.12,-0.19,-0.16,6.41,7.16
0.12,0.11,0.91,0.18,-0.06,-0.19,7.25,6.85
0.13,0.1,0.9,0.25,0.06,-0.23,7.94,6.44
0.12,0.1,0.87,0.3,0.2,-0.26,7.67,6.44
0.1,0.1,0.85,0.32,0.29,-0.26,6.79,6.55
0.09,0.09,0.84,0.36,0.38,-0.29,6.07,6.32
0.07,0.09,0.84,0.41,0.44,-0.29,4.97,5.77
0.06,0.08,0.83,0.42,0.52,-0.29,4.1,5.65
0.03,0.08,0.84,0.45,0.57,-0.26,2.37,5.42
0.03,0.09,0.84,0.48,0.59,-0.24,1.79,6.33
0.01,0.08,0.83,0.51,0.57,-0.21,0.93,5.57
0.01,0.08,0.81,0.54,0.56,-0.16,1.02,5.54
0.03,0.07,0.8,0.53,0.54,-0.13,2.26,5.19
0.05,0.08,0.79,0.53,0.49,-0.1,3.43,5.56
0.06,0.09,0.79,0.51,0.44,-0.09,4.0,6.73
0.07,0.11,0.8,0.49,0.38,-0.08,4.82,7.81
0.07,0.1,0.8,0.46,0.31,-0.07,4.73,7.37
0.07,0.1,0.8,0.44,0.21,-0.06,4.94,6.97
0.08,0.1,0.79,0.41,0.13,-0.06,5.55,7.14
0.08,0.1,0.78,0.37,0.07,-0.07,5.64,7.6
0.06,0.12,0.77,0.33,0.03,-0.09,4.62,8.72
0.06,0.12,0.77,0.28,0.01,-0.11,4.34,9.07
0.05,0.12,0.78,0.24,-0.03,-0.12,3.94,8.6
0.04,0.11,0.77,0.21,-0.03,-0.13,2.97,8.02
0.02,0.1,0.75,0.17,-0.03,-0.14,1.69,7.64
0.0,0.1,0.74,0.11,-0.04,-0.14,0.1,7.7
-0.01,0.1,0.74,0.07,-0.06,-0.13,-1.04,7.92
-0.03,0.1,0.76,0.02,-0.07,-0.12,-2.43,7.49
-0.06,0.09,0.77,-0.03,-0.08,-0.1,-4.06,6.61
-0.07,0.08,0.8,-0.06,-0.09,-0.07,-4.67,5.84
-0.07,0.08,0.82,-0.1,-0.09,-0.05,-5.0,5.51
-0.06,0.07,0.84,-0.1,-0.09,-0.03,-4.32,5.11
-0.06,0.08,0.86,-0.13,-0.05,0.0,-4.15,5.02
-0.05,0.09,0.87,-0.12,-0.02,0.03,-3.37,5.64
-0.05,0.09,0.9,-0.11,-0.01,0.06,-2.91,5.88
-0.04,0.1,0.93,-0.1,0.04,0.07,-2.5,6.36
-0.04,0.1,0.94,-0.09,0.06,0.1,-2.32,5.97
-0.01,0.1,0.97,-0.07,0.06,0.12,-0.75,5.6
0.0,0.1,0.98,-0.03,0.05,0.12,0.11,5.9
0.01,0.11,0.99,-0.02,0.07,0.13,0.83,6.36
0.03,0.12,1.01,0.03,0.07,0.12,1.7,6.61
0.04,0.12,1.02,0.07,0.09,0.13,2.15,6.59
0.04,0.11,1.02,0.12,0.1,0.12,2.29,6.12
0.04,0.11,1.0,0.16,0.1,0.1,2.06,6.28
0.03,0.1,0.97,0.18,0.12,0.1,1.59,6.03
0.04,0.1,0.93,0.19,0.11,0.11,2.2,6.3
0.04,0.1,0.91,0.27,0.23,-0.02,2.57,6.33
0.05,0.1,0.87,0.19,0.07,0.13,3.23,6.44
0.06,0.09,0.84,0.15,0.07,0.12,4.31,6.38
0.07,0.09,0.82,0.11,0.02,0.12,4.96,6.08
0.07,0.08,0.81,0.04,-0.0,0.1,5.13,5.62
0.07,0.07,0.81,-0.01,-0.06,0.09,4.98,5.15
0.07,0.07,0.81,-0.09,-0.07,0.08,4.58,5.19
0.05,0.08,0.83,-0.15,-0.11,0.07,3.44,5.26
0.05,0.07,0.86,-0.19,-0.15,0.06,3.18,4.41
0.03,0.07,0.89,-0.24,-0.17,0.08,2.17,4.4
0.03,0.08,0.93,-0.28,-0.14,0.06,1.91,4.7
0.02,0.07,0.97,-0.28,-0.14,0.07,1.32,4.21
0.01,0.07,1.0,-0.25,-0.13,0.07,0.3,4.0
0.0,0.06,1.01,-0.24,-0.1,0.07,0.12,3.55
-0.0,0.05,1.03,-0.22,-0.03,0.04,-0.11,2.93
0.0,0.05,1.05,-0.2,-0.01,0.09,0.07,2.72
0.01,0.04,1.06,-0.15,0.02,0.09,0.59,2.11
0.01,0.03,1.06,-0.11,0.06,0.09,0.69,1.75
0.02,0.04,1.06,-0.09,0.11,0.07,1.18,2.12
0.02,0.03,1.07,-0.08,0.14,0.07,1.28,1.71
0.02,0.03,1.08,-0.04,0.13,0.07,0.89,1.69
0.03,0.04,1.08,-0.01,0.14,0.05,1.39,2.18
0.02,0.05,1.08,-0.0,0.15,0.05,1.24,2.68
0.02,0.06,1.09,0.01,0.14,0.05,0.8,3.15
0.02,0.05,1.08,0.03,0.12,0.05,0.99,2.82
0.03,0.05,1.07,0.16,0.29,-0.14,1.38,2.66
0.03,0.05,1.06,0.08,0.08,0.06,1.57,2.81
0.03,0.05,1.06,0.1,0.06,0.06,1.67,2.67
0.04,0.05,1.05,0.12,0.04,0.06,1.92,2.62
0.04,0.05,1.04,0.14,0.02,0.06,2.41,2.66
0.05,0.05,1.03,0.13,0.03,0.05,2.84,2.64
0.05,0.06,1.01,0.14,0.03,0.05,2.87,3.19
0.05,0.05,0.99,0.14,0.0,0.04,3.02,3.16
0.05,0.05,0.97,0.13,-0.02,0.04,2.7,3.22
0.04,0.06,0.96,0.12,-0.04,0.02,2.31,3.5
0.04,0.05,0.96,0.1,-0.03,0.02,2.41,3.08
0.05,0.05,0.96,0.09,-0.05,0.03,2.87,3.15
0.06,0.05,0.95,0.09,-0.06,0.02,3.48,2.98
0.05,0.05,0.95,0.06,-0.06,0.01,3.21,3.12
0.05,0.05,0.95,0.05,-0.04,0.0,3.25,3.07
0.04,0.05,0.96,0.06,-0.05,-0.01,2.63,2.88
0.04,0.05,0.96,0.06,-0.05,0.0,2.48,2.81
0.04,0.04,0.95,0.06,-0.04,-0.01,2.23,2.32
0.03,0.04,0.95,0.09,-0.03,0.0,1.85,2.31
0.03,0.04,0.95,0.08,-0.02,0.01,1.69,2.41
0.03,0.03,0.93,0.09,-0.02,0.01,1.84,2.05
0.03,0.03,0.93,0.1,-0.01,0.01,2.06,2.07
0.04,0.03,0.91,0.08,0.04,0.01,2.29,2.12
0.04,0.04,0.92,0.08,0.04,0.03,2.53,2.53
0.06,0.04,0.9,0.07,0.05,0.03,3.59,2.73
0.07,0.04,0.9,0.06,0.06,0.02,4.41,2.63
0.07,0.04,0.9,0.01,0.08,0.0,4.65,2.7
0.07,0.04,0.89,-0.01,0.06,0.0,4.84,2.71
0.09,0.05,0.89,-0.07,0.04,-0.01,5.51,3.38
0.1,0.06,0.91,-0.11,0.02,-0.02,6.36,3.68
0.1,0.06,0.92,-0.16,-0.01,-0.05,6.3,3.41
0.1,0.05,0.93,-0.21,-0.04,-0.07,5.87,2.92
0.08,0.04,0.95,-0.25,-0.06,-0.11,5.06,2.49
0.05,0.03,0.98,-0.28,-0.09,-0.13,2.75,1.99
0.02,0.03,1.0,-0.31,-0.1,-0.14,1.14,1.63
-0.0,0.03,1.04,-0.33,-0.1,-0.15,-0.09,1.4
-0.02,0.03,1.06,-0.33,-0.11,-0.15,-0.96,1.71
-0.05,0.03,1.07,-0.29,-0.12,-0.15,-2.5,1.37
-0.05,0.02,1.09,-0.29,-0.1,-0.16,-2.64,1.29
-0.07,0.03,1.11,-0.26,-0.08,-0.15,-3.79,1.5
-0.08,0.03,1.11,-0.22,-0.06,-0.12,-4.31,1.47
-0.1,0.03,1.11,-0.17,-0.04,-0.12,-4.96,1.63
-0.09,0.03,1.1,-0.14,-0.0,-0.1,-4.82,1.57
-0.09,0.03,1.09,-0.1,0.04,-0.09,-4.87,1.63
-0.1,0.04,1.08,-0.08,0.07,-0.06,-5.08,1.9
-0.09,0.04,1.08,-0.07,0.07,-0.04,-4.8,2.1
-0.08,0.04,1.07,-0.05,0.1,-0.04,-4.5,2.3
-0.08,0.05,1.09,-0.02,0.11,-0.03,-4.01,2.46
-0.06,0.05,1.09,-0.01,0.1,-0.02,-3.34,2.73
-0.06,0.05,1.1,0.02,0.12,-0.01,-3.07,2.6
-0.06,0.05,1.09,0.02,0.1,-0.01,-3.06,2.76
-0.06,0.06,1.1,0.04,0.09,0.0,-3.01,2.89
-0.07,0.06,1.09,0.07,0.06,0.01,-3.44,3.04
-0.05,0.06,1.08,0.06,0.04,0.03,-2.83,3.07
-0.05,0.05,1.07,0.09,0.04,0.01,-2.82,2.79
-0.04,0.06,1.05,0.08,0.05,0.02,-2.15,3.05
-0.04,0.05,1.03,0.08,0.04,0.02,-2.01,2.83
-0.03,0.05,1.01,0.1,0.03,0.02,-1.78,2.57
-0.02,0.05,1.0,0.09,0.04,0.03,-1.17,2.69
-0.02,0.04,0.98,0.08,0.03,0.02,-0.89,2.6
-0.01,0.04,0.96,0.04,0.05,0.03,-0.65,2.64
-0.0,0.05,0.96,0.02,0.03,0.02,-0.21,2.96
0.0,0.06,0.97,-0.03,0.03,0.01,0.27,3.72
0.01,0.06,0.98,-0.07,0.04,-0.0,0.33,3.65
0.01,0.06,1.0,-0.08,0.02,-0.01,0.46,3.53
0.01,0.06,1.01,-0.08,0.0,-0.02,0.36,3.19
0.0,0.05,1.02,-0.08,-0.01,-0.02,0.18,3.03
0.0,0.05,1.02,-0.12,0.02,-0.03,0.09,2.71
-0.01,0.05,1.02,-0.11,-0.0,-0.03,-0.33,2.82
-0.02,0.04,1.02,-0.12,0.0,-0.04,-0.98,2.21
-0.03,0.04,1.03,-0.11,-0.02,-0.04,-1.83,2.32
-0.03,0.04,1.04,-0.13,0.01,-0.04,-1.75,2.17
-0.04,0.04,1.06,-0.12,0.02,-0.03,-1.9,2.17
-0.04,0.04,1.07,-0.1,0.01,-0.03,-2.14,2.17
-0.05,0.05,1.07,-0.07,-0.0,-0.02,-2.48,2.43
-0.05,0.05,1.07,-0.05,0.02,-0.03,-2.86,2.54
-0.06,0.04,1.07,-0.04,0.01,-0.0,-3.43,2.11
-0.06,0.04,1.06,0.0,0.06,-0.08,-3.33,2.32
-0.06,0.05,1.06,-0.01,-0.04,0.04,-3.16,2.58
-0.05,0.06,1.07,0.01,-0.03,0.04,-2.69,3.21
-0.04,0.07,1.07,0.02,-0.01,0.03,-2.36,3.79
-0.04,0.07,1.06,0.05,-0.02,0.04,-1.93,3.72
-0.03,0.06,1.05,0.06,-0.03,0.06,-1.73,3.52
-0.03,0.06,1.03,0.08,-0.0,0.05,-1.58,3.4
-0.03,0.06,1.02,0.08,0.0,0.05,-1.49,3.29
-0.02,0.06,1.02,0.08,-0.01,0.06,-1.07,3.22
-0.01,0.05,1.0,0.08,-0.01,0.06,-0.62,2.85
-0.01,0.05,1.0,0.07,0.01,0.05,-0.58,3.06
-0.0,0.04,1.0,0.06,0.0,0.06,-0.02,2.58
0.01,0.04,1.0,0.06,0.01,0.06,0.47,2.24
0.02,0.04,0.99,0.03,0.01,0.06,0.87,2.4
0.03,0.05,1.0,0.02,-0.0,0.04,1.45,2.75
0.03,0.05,1.01,-0.0,0.0,0.04,1.76,3.11
0.03,0.06,1.01,-0.02,-0.01,0.04,1.88,3.34
0.03,0.05,1.02,-0.01,-0.05,0.03,1.62,2.98
0.03,0.05,1.01,-0.02,-0.08,0.03,1.95,2.82
0.04,0.05,1.02,-0.03,-0.07,0.02,2.04,3.06
0.03,0.06,1.04,-0.03,-0.1,0.01,1.5,3.06
0.04,0.05,1.04,-0.03,-0.11,0.01,1.92,2.66
0.02,0.04,1.02,-0.01,-0.11,-0.01,1.07,2.05
0.01,0.04,1.01,-0.01,-0.09,-0.02,0.58,2.41
0.0,0.04,1.0,0.02,-0.07,-0.02,0.29,2.24
-0.0,0.04,0.98,0.02,-0.05,-0.02,-0.05,2.44
0.0,0.03,0.97,0.04,-0.03,-0.01,0.22,1.84
0.01,0.03,0.97,0.05,0.03,-0.01,0.4,1.84
0.02,0.03,0.96,0.06,0.07,0.0,0.92,1.79
0.03,0.02,0.94,0.07,0.12,-0.0,1.55,1.41
0.03,0.02,0.94,0.07,0.16,0.01,1.86,1.43
0.04,0.02,0.94,0.06,0.22,0.01,2.67,1.43
0.06,0.02,0.93,0.06,0.22,0.02,3.93,1.01
0.08,0.02,0.93,0.04,0.22,0.02,5.05,1.3
0.1,0.04,0.92,0.02,0.2,0.02,5.88,2.5
0.11,0.04,0.94,0.01,0.19,0.01,6.72,2.51
0.12,0.05,0.95,-0.04,0.16,-0.01,7.41,3.03
0.14,0.05,0.97,-0.02,0.11,-0.02,7.94,2.99
0.14,0.06,0.97,-0.03,0.06,-0.03,8.36,3.34
0.15,0.06,0.96,-0.03,0.03,-0.06,8.87,3.56
0.15,0.06,0.96,-0.04,0.02,-0.09,9.06,3.66
0.15,0.06,0.96,-0.04,0.01,-0.11,8.67,3.64
0.13,0.07,0.94,-0.04,-0.01,-0.13,7.89,4.03
0.12,0.07,0.93,-0.03,-0.03,-0.15,7.06,4.2
0.11,0.07,0.92,-0.01,-0.04,-0.15,6.61,4.27
0.09,0.07,0.91,-0.01,-0.05,-0.16,5.58,4.51
0.09,0.07,0.9,0.02,-0.06,-0.15,5.61,4.58
0.07,0.08,0.89,0.03,-0.05,-0.16,4.79,4.8
0.07,0.08,0.88,0.05,-0.02,-0.16,4.73,5.38
0.07,0.08,0.87,0.07,-0.01,-0.15,4.68,5.45
0.06,0.09,0.85,0.11,-0.0,-0.15,4.31,6.08
0.06,0.09,0.84,0.16,0.02,-0.14,3.91,6.04
0.05,0.1,0.83,0.18,0.05,-0.14,3.7,6.77
0.05,0.11,0.8,0.22,0.09,-0.14,3.76,7.56
0.04,0.1,0.77,0.26,0.1,-0.13,3.03,7.39
0.04,0.1,0.74,0.28,0.13,-0.12,3.01,7.58
0.04,0.1,0.71,0.29,0.19,-0.11,2.93,8.1
0.03,0.11,0.7,0.3,0.22,-0.08,2.73,8.57
0.03,0.11,0.69,0.3,0.25,-0.07,2.52,9.4
0.03,0.12,0.68,0.32,0.27,-0.06,2.45,9.83
0.03,0.12,0.67,0.32,0.3,-0.04,2.14,9.96
0.02,0.12,0.66,0.32,0.32,-0.01,1.38,10.2
0.01,0.12,0.66,0.31,0.33,0.01,0.79,10.54
0.01,0.13,0.66,0.32,0.32,0.05,0.86,10.74
0.01,0.13,0.67,0.32,0.36,0.08,0.69,10.77
0.01,0.12,0.7,0.36,0.35,0.12,0.7,10.15
0.02,0.12,0.72,0.4,0.35,0.13,1.53,9.25
0.02,0.11,0.73,0.47,0.38,0.14,1.87,8.94
0.03,0.11,0.75,0.53,0.45,0.14,1.91,8.67
0.02,0.13,0.74,0.61,0.51,0.15,1.71,9.82
0.02,0.14,0.74,0.71,0.53,0.16,1.24,10.33
0.02,0.14,0.7,0.78,0.59,0.16,1.63,10.93
0.02,0.12,0.69,0.86,0.64,0.16,1.91,10.03
0.03,0.11,0.66,0.91,0.69,0.18,2.88,9.5
0.04,0.12,0.61,0.96,0.73,0.19,3.76,10.77
0.05,0.13,0.56,0.97,0.77,0.18,5.42,12.97
0.07,0.14,0.5,0.95,0.83,0.17,7.71,15.37
0.08,0.15,0.45,0.89,0.86,0.17,9.15,18.06
0.08,0.14,0.4,0.83,0.87,0.17,10.79,19.16
0.08,0.15,0.37,0.72,0.86,0.17,10.79,22.15
0.07,0.16,0.36,0.57,0.85,0.16,10.35,23.09
0.07,0.15,0.36,0.44,0.81,0.16,10.53,22.84
0.07,0.14,0.37,0.3,0.77,0.16,10.3,20.95
0.07,0.15,0.4,0.15,0.7,0.14,9.31,20.34
0.07,0.15,0.42,0.0,0.68,0.14,8.67,18.8
0.07,0.14,0.49,-0.14,0.66,0.12,7.76,16.11
0.08,0.14,0.56,-0.23,0.63,0.11,7.89,13.75
0.06,0.14,0.63,-0.3,0.63,0.08,5.27,12.01
0.04,0.12,0.71,-0.34,0.67,0.04,2.92,9.2
0.04,0.09,0.76,-0.35,0.7,0.01,2.69,6.97
0.01,0.09,0.79,-0.34,0.72,-0.0,0.86,6.29
-0.01,0.07,0.82,-0.3,0.75,-0.01,-1.04,5.2
-0.04,0.08,0.86,-0.26,0.82,-0.03,-2.41,5.23
-0.05,0.07,0.88,-0.23,0.9,-0.03,-3.27,4.48
-0.06,0.08,0.89,-0.18,0.96,-0.02,-3.6,4.83
-0.06,0.08,0.88,-0.11,1.02,-0.02,-3.92,5.08
-0.06,0.08,0.87,-0.07,1.12,-0.03,-4.19,5.06
-0.07,0.09,0.86,-0.05,1.19,-0.03,-4.37,5.77
-0.07,0.09,0.85,-0.03,1.24,-0.02,-4.74,6.07
-0.07,0.09,0.86,0.05,1.47,-0.19,-4.74,6.07
-0.06,0.08,0.87,0.01,1.33,-0.03,-4.02,5.53
-0.05,0.08,0.89,0.03,1.35,-0.03,-2.93,5.15
-0.04,0.08,0.88,0.05,1.36,-0.04,-2.58,5.12
-0.05,0.07,0.88,0.08,1.36,-0.05,-2.97,4.33
-0.07,0.07,0.87,0.07,1.36,-0.07,-4.43,4.3
-0.08,0.05,0.86,0.08,1.32,-0.07,-5.65,3.35
-0.1,0.04,0.86,0.07,1.28,-0.05,-6.38,2.67
-0.09,0.03,0.86,0.05,1.23,-0.05,-5.97,2.22
-0.08,0.03,0.85,0.01,1.22,-0.05,-5.49,2.1
-0.08,0.03,0.86,-0.04,1.21,-0.06,-5.55,2.25
-0.08,0.03,0.86,-0.05,1.17,-0.05,-5.17,1.98
-0.07,0.02,0.86,-0.09,1.18,-0.08,-4.43,1.45
-0.06,0.02,0.87,-0.15,1.17,-0.1,-3.83,1.44
-0.06,0.03,0.89,-0.18,1.18,-0.14,-3.59,1.65
-0.06,0.02,0.91,-0.21,1.2,-0.17,-3.94,1.43
-0.07,0.01,0.92,-0.23,1.19,-0.19,-4.61,0.85
-0.11,0.01,0.95,-0.24,1.2,-0.22,-6.33,0.53
-0.14,-0.0,0.95,-0.26,1.2,-0.21,-8.38,-0.06
-0.18,-0.01,0.95,-0.29,1.15,-0.18,-10.62,-0.3
-0.2,-0.01,0.94,-0.34,1.09,-0.15,-11.82,-0.59
-0.19,-0.01,0.94,-0.38,1.01,-0.11,-11.51,-0.83
-0.2,-0.01,0.95,-0.45,0.97,-0.09,-11.77,-0.57
-0.18,-0.01,0.98,-0.48,0.89,-0.06,-10.61,-0.8
-0.16,-0.01,1.03,-0.54,0.92,-0.08,-8.6,-0.71
-0.14,-0.01,1.08,-0.55,0.82,-0.02,-7.55,-0.36
-0.14,-0.0,1.13,-0.54,0.84,-0.03,-6.95,-0.08
-0.13,0.0,1.18,-0.51,0.83,-0.01,-6.34,0.19
-0.13,0.01,1.22,-0.46,0.81,-0.01,-6.06,0.26
-0.1,-0.0,1.26,-0.37,0.81,-0.01,-4.73,-0.17
-0.08,0.0,1.27,-0.29,0.83,-0.01,-3.79,0.16
-0.07,0.01,1.26,-0.18,0.86,-0.02,-3.11,0.47
-0.05,0.02,1.25,-0.12,0.93,-0.03,-2.25,0.82
-0.06,0.04,1.18,-0.03,0.96,-0.04,-3.09,1.98
-0.08,0.05,1.16,0.04,0.98,-0.06,-3.84,2.29
-0.07,0.03,1.17,0.09,1.0,-0.06,-3.51,1.41
-0.09,0.02,1.12,0.15,1.0,-0.06,-4.79,1.08
-0.13,0.01,1.08,0.19,0.99,-0.05,-6.93,0.63
-0.13,0.03,1.03,0.19,0.99,-0.05,-7.35,1.84
-0.14,0.03,1.01,0.15,0.99,-0.04,-8.08,1.84
-0.15,0.03,0.99,0.13,0.97,-0.03,-8.51,1.55
-0.15,0.01,1.0,0.08,0.95,-0.03,-8.48,0.74
-0.16,-0.0,0.99,0.03,0.94,-0.02,-9.12,-0.23
-0.16,-0.02,0.98,-0.02,0.92,-0.02,-9.42,-1.05
-0.17,-0.02,0.98,-0.07,0.9,-0.02,-9.83,-1.26
-0.18,-0.02,0.98,-0.12,0.87,-0.01,-10.14,-1.19
-0.16,-0.02,1.0,-0.19,0.87,0.0,-9.35,-1.33
-0.15,-0.01,1.02,-0.25,0.89,0.02,-8.37,-0.5
-0.13,-0.0,1.05,-0.28,0.88,0.04,-7.26,-0.14
-0.11,0.01,1.08,-0.29,0.86,0.04,-5.72,0.46
-0.08,0.03,1.12,-0.29,0.87,0.02,-4.35,1.51
-0.06,0.05,1.14,-0.26,0.88,0.02,-2.91,2.33
-0.04,0.06,1.18,-0.21,0.9,-0.0,-1.95,2.9
-0.04,0.06,1.2,-0.14,0.92,-0.01,-2.0,2.69
-0.05,0.05,1.2,-0.06,0.94,-0.03,-2.46,2.22
-0.06,0.05,1.2,0.01,0.99,-0.05,-3.01,2.18
-0.07,0.04,1.18,0.08,1.02,-0.05,-3.32,2.07
-0.07,0.03,1.18,0.17,1.03,-0.06,-3.64,1.58
-0.09,0.01,1.15,0.22,1.06,-0.08,-4.29,0.46
-0.11,-0.01,1.11,0.25,1.11,-0.09,-5.87,-0.46
-0.14,-0.02,1.07,0.25,1.15,-0.08,-7.69,-0.85
-0.15,-0.01,1.04,0.26,1.15,-0.06,-8.13,-0.68
-0.14,-0.01,1.02,0.24,1.17,-0.07,-7.82,-0.34
-0.14,-0.01,1.0,0.22,1.16,-0.06,-7.76,-0.55
-0.14,-0.02,0.99,0.19,1.16,-0.06,-8.01,-0.94
-0.15,-0.02,0.97,0.15,1.15,-0.06,-8.6,-1.12
-0.14,-0.01,0.97,0.09,1.14,-0.06,-8.4,-0.59
-0.13,0.0,0.98,0.03,1.14,-0.06,-7.83,0.26
-0.12,0.02,1.0,-0.01,1.1,-0.05,-6.92,0.97
-0.11,0.02,1.04,-0.03,1.04,-0.05,-6.16,0.93
-0.11,0.02,1.07,-0.03,0.97,-0.03,-5.76,0.81
-0.09,0.02,1.09,-0.02,0.93,-0.03,-4.6,1.18
-0.07,0.02,1.1,-0.02,0.86,-0.01,-3.51,0.95
-0.03,0.02,1.11,0.02,0.81,-0.03,-1.8,1.05
-0.02,0.02,1.11,0.06,0.76,-0.04,-1.17,0.95
-0.03,0.02,1.1,0.1,0.76,-0.06,-1.82,1.08
-0.05,0.01,1.07,0.12,0.76,-0.08,-2.77,0.72
-0.08,0.02,1.04,0.16,0.75,-0.08,-4.55,0.99
-0.11,0.03,1.03,0.17,0.74,-0.07,-6.11,1.49
-0.13,0.03,1.03,0.15,0.74,-0.07,-7.19,1.71
-0.16,0.03,1.04,0.15,0.7,-0.04,-8.75,1.74
-0.17,0.02,1.03,0.15,0.65,0.01,-9.35,1.34
-0.16,0.02,1.02,0.14,0.63,0.04,-9.18,1.04
-0.16,0.02,0.98,0.1,0.62,0.07,-9.26,1.01
-0.14,0.02,0.97,0.04,0.62,0.09,-8.38,0.97
-0.14,0.01,0.96,0.02,0.57,0.11,-8.24,0.52
-0.12,0.0,0.95,-0.04,0.55,0.12,-7.44,0.12
-0.1,-0.0,0.97,-0.1,0.54,0.12,-6.07,-0.2
-0.1,-0.0,0.97,-0.18,0.5,0.13,-5.59,-0.04
-0.08,0.0,1.0,-0.22,0.45,0.13,-4.49,0.01
-0.05,0.0,1.03,-0.25,0.38,0.13,-2.92,0.27
-0.04,0.02,1.05,-0.27,0.34,0.12,-1.96,0.99
-0.02,0.02,1.09,-0.29,0.31,0.12,-1.25,1.19
-0.03,0.04,1.13,-0.27,0.26,0.12,-1.28,1.77
-0.03,0.05,1.17,-0.24,0.21,0.15,-1.62,2.48
-0.03,0.05,1.19,-0.2,0.17,0.17,-1.39,2.48
-0.02,0.05,1.19,-0.16,0.15,0.2,-0.73,2.31
-0.0,0.06,1.17,-0.1,0.1,0.23,-0.17,3.05
0.02,0.08,1.15,-0.06,0.08,0.24,0.95,4.0
0.04,0.1,1.13,-0.01,0.1,0.24,2.05,4.88
0.06,0.09,1.1,0.0,0.18,0.23,3.05,4.89
0.08,0.1,1.09,0.03,0.23,0.2,4.11,5.13
0.09,0.1,1.08,0.06,0.28,0.15,4.84,5.21
0.11,0.09,1.08,0.07,0.36,0.1,5.73,4.79
0.12,0.08,1.09,0.1,0.43,0.03,6.11,4.17
0.12,0.08,1.1,0.12,0.46,-0.01,6.12,4.12
0.11,0.07,1.11,0.16,0.49,-0.07,5.56,3.78
0.07,0.06,1.1,0.2,0.5,-0.1,3.41,3.09
0.01,0.05,1.1,0.2,0.52,-0.13,0.49,2.36
-0.05,0.04,1.09,0.19,0.49,-0.12,-2.52,2.2
-0.08,0.04,1.08,0.17,0.45,-0.11,-4.35,1.98
-0.1,0.05,1.08,0.15,0.4,-0.08,-5.51,2.51
-0.09,0.05,1.08,0.12,0.38,-0.05,-4.62,2.79
-0.06,0.07,1.07,0.1,0.33,-0.03,-3.3,3.49
-0.05,0.08,1.06,0.08,0.34,-0.02,-2.48,4.04
-0.04,0.09,1.04,0.08,0.36,-0.02,-2.29,4.71
-0.03,0.09,1.04,0.04,0.4,-0.04,-1.83,5.12
-0.03,0.09,1.05,0.02,0.44,-0.05,-1.57,5.06
-0.03,0.09,1.06,0.02,0.48,-0.07,-1.65,4.68
-0.04,0.07,1.07,0.01,0.48,-0.08,-2.04,3.54
-0.04,0.05,1.09,-0.01,0.52,-0.08,-2.04,2.78
-0.04,0.05,1.1,-0.02,0.53,-0.06,-2.02,2.34
-0.02,0.05,1.12,-0.02,0.51,-0.07,-1.06,2.46
0.01,0.05,1.15,-0.02,0.52,-0.06,0.47,2.71
0.03,0.05,1.14,0.03,0.5,-0.08,1.53,2.36
0.03,0.05,1.14,0.06,0.51,-0.09,1.6,2.39
0.04,0.06,1.14,0.09,0.51,-0.1,2.12,3.1
0.04,0.06,1.11,0.16,0.52,-0.11,1.94,3.34
0.03,0.06,1.08,0.22,0.56,-0.14,1.54,3.37
0.02,0.08,1.06,0.24,0.59,-0.17,1.0,4.18
-0.01,0.08,1.04,0.27,0.61,-0.18,-0.31,4.57
-0.06,0.07,1.01,0.29,0.65,-0.19,-3.56,3.74
-0.1,0.04,0.98,0.26,0.7,-0.19,-5.91,2.17
-0.16,0.02,0.94,0.21,0.7,-0.15,-9.49,1.17
-0.18,0.02,0.91,0.11,0.73,-0.11,-11.31,0.97
-0.18,0.01,0.88,0.02,0.71,-0.07,-11.45,0.81
-0.14,0.01,0.86,-0.1,0.67,-0.02,-9.34,0.79
-0.09,0.02,0.87,-0.24,0.63,-0.0,-5.82,1.45
-0.01,0.03,0.87,-0.35,0.54,0.02,-0.58,2.25
0.12,0.05,0.89,-0.42,0.46,0.0,7.75,3.13
0.24,0.08,0.9,-0.47,0.39,-0.06,14.98,5.1
0.33,0.11,0.92,-0.5,0.3,-0.16,19.48,6.59
0.41,0.12,0.94,-0.49,0.17,-0.26,23.16,6.75
0.47,0.13,0.96,-0.46,0.03,-0.4,25.66,6.76
0.49,0.13,0.97,-0.42,-0.14,-0.54,26.68,6.65
0.48,0.13,0.99,-0.37,-0.3,-0.68,25.48,6.54
0.44,0.14,1.03,-0.33,-0.47,-0.81,23.08,6.88
0.38,0.13,1.06,-0.27,-0.66,-0.91,19.49,6.44
0.3,0.11,1.09,-0.23,-0.81,-0.98,15.3,5.49
0.21,0.08,1.11,-0.19,-0.93,-1.02,10.49,4.1
0.12,0.06,1.13,-0.15,-1.02,-1.03,6.18,2.98
0.04,0.04,1.13,-0.14,-1.05,-1.01,1.85,1.97
-0.03,0.03,1.13,-0.12,-1.0,-0.98,-1.72,1.29
-0.08,0.02,1.13,-0.09,-0.92,-0.93,-4.01,1.0
-0.09,0.02,1.14,-0.05,-0.79,-0.88,-4.65,0.86
-0.14,0.02,1.14,-0.0,-0.61,-0.83,-7.02,0.75
-0.15,0.0,1.14,0.02,-0.4,-0.79,-7.66,0.24
-0.16,-0.0,1.12,0.05,-0.2,-0.74,-8.27,-0.06
-0.16,-0.01,1.11,0.06,-0.01,-0.68,-8.0,-0.45
-0.14,-0.01,1.09,0.09,0.14,-0.65,-7.38,-0.69
-0.14,-0.01,1.07,0.1,0.26,-0.61,-7.36,-0.54
-0.15,-0.02,1.04,0.08,0.37,-0.58,-8.27,-0.88
-0.15,-0.03,1.01,0.04,0.4,-0.55,-8.56,-1.55
-0.15,-0.02,0.98,-0.02,0.44,-0.5,-8.47,-1.16
-0.13,-0.01,0.95,-0.11,0.39,-0.45,-7.65,-0.7
-0.12,0.0,0.94,-0.2,0.39,-0.42,-7.15,0.03
-0.11,0.01,0.93,-0.29,0.34,-0.38,-6.77,0.89
-0.1,0.03,0.96,-0.35,0.26,-0.34,-6.23,1.85
-0.1,0.04,0.99,-0.44,0.19,-0.31,-5.65,2.15
-0.07,0.04,1.02,-0.49,0.15,-0.28,-4.17,2.25
-0.05,0.05,1.06,-0.54,0.1,-0.24,-2.44,2.83
-0.01,0.06,1.1,-0.54,0.05,-0.2,-0.52,3.24
0.0,0.07,1.14,-0.53,0.07,-0.18,0.12,3.65
0.01,0.07,1.16,-0.49,0.09,-0.14,0.28,3.5
0.0,0.07,1.17,-0.47,0.18,-0.12,0.15,3.4
0.03,0.07,1.16,-0.43,0.22,-0.08,1.26,3.51
0.06,0.08,1.16,-0.4,0.28,-0.06,2.8,3.92
0.09,0.08,1.16,-0.35,0.36,-0.06,4.63,3.94
0.13,0.07,1.15,-0.31,0.42,-0.09,6.35,3.61
0.14,0.07,1.13,-0.28,0.47,-0.11,7.1,3.38
0.14,0.08,1.12,-0.25,0.52,-0.14,7.35,3.88
0.13,0.09,1.1,-0.23,0.57,-0.18,6.88,4.61
0.13,0.09,1.11,-0.21,0.59,-0.21,6.86,4.42
0.13,0.09,1.12,-0.18,0.59,-0.23,6.69,4.53
0.13,0.09,1.13,-0.15,0.59,-0.25,6.3,4.53
0.11,0.09,1.13,-0.12,0.59,-0.29,5.45,4.62
0.09,0.1,1.13,-0.1,0.59,-0.3,4.38,5.01
0.07,0.1,1.14,-0.06,0.57,-0.31,3.52,5.06
0.05,0.1,1.16,-0.02,0.55,-0.31,2.35,5.13
0.01,0.1,1.17,0.03,0.55,-0.3,0.34,4.98
-0.03,0.09,1.16,0.04,0.58,-0.27,-1.69,4.61
-0.06,0.09,1.14,0.05,0.59,-0.23,-3.02,4.46
-0.07,0.08,1.12,0.03,0.62,-0.18,-3.49,4.11
-0.05,0.08,1.11,0.02,0.63,-0.13,-2.48,3.99
-0.05,0.08,1.11,-0.02,0.66,-0.11,-2.46,4.13
-0.04,0.08,1.13,-0.06,0.68,-0.06,-2.15,4.15
-0.03,0.07,1.13,-0.08,0.69,-0.02,-1.56,3.69
-0.0,0.07,1.15,-0.1,0.69,0.03,-0.17,3.63
0.04,0.06,1.17,-0.13,0.73,0.07,1.79,2.82
0.08,0.05,1.17,-0.13,0.74,0.13,3.75,2.29
0.12,0.05,1.15,-0.11,0.76,0.15,5.73,2.28
0.14,0.05,1.13,-0.1,0.79,0.16,7.23,2.67
0.16,0.06,1.13,-0.09,0.84,0.16,8.03,3.07
0.17,0.06,1.12,-0.09,0.86,0.15,8.8,3.1
0.2,0.06,1.12,-0.08,0.9,0.16,10.28,3.02
0.23,0.06,1.09,-0.06,0.92,0.14,11.7,3.13
0.24,0.07,1.08,-0.04,0.97,0.12,12.71,3.63
0.25,0.07,1.06,-0.03,0.99,0.1,13.14,3.64
0.26,0.07,1.04,-0.02,1.01,0.05,13.73,3.58
0.25,0.07,1.03,-0.01,1.02,0.02,13.66,3.9
0.24,0.07,1.03,-0.02,1.05,-0.02,13.04,3.99
0.22,0.07,1.03,-0.02,1.04,-0.05,12.14,4.07
0.21,0.07,1.04,-0.0,1.04,-0.07,11.52,3.87
0.19,0.08,1.03,0.03,1.0,-0.09,10.19,4.1
0.18,0.08,1.03,0.05,0.95,-0.09,9.88,4.28
0.17,0.07,1.02,0.06,0.91,-0.09,9.59,4.11
0.17,0.07,1.01,0.09,0.83,-0.1,9.49,4.09
0.16,0.07,0.99,0.11,0.75,-0.12,9.13,4.22
0.14,0.07,0.96,0.12,0.68,-0.14,8.34,3.96
0.13,0.06,0.94,0.12,0.64,-0.17,7.68,3.91
0.11,0.06,0.92,0.11,0.59,-0.2,7.07,3.87
0.09,0.06,0.91,0.11,0.53,-0.23,5.43,3.98
0.06,0.06,0.9,0.09,0.53,-0.28,4.01,3.66
0.03,0.05,0.91,0.1,0.5,-0.3,1.64,3.09
0.01,0.05,0.92,0.09,0.49,-0.32,0.61,3.26
-0.04,0.05,0.94,0.07,0.47,-0.33,-2.34,3.05
-0.08,0.05,0.96,0.05,0.46,-0.31,-4.46,2.81
-0.1,0.05,0.99,0.03,0.47,-0.29,-5.46,2.76
-0.1,0.05,1.02,0.01,0.44,-0.24,-5.53,2.53
-0.11,0.04,1.04,0.01,0.41,-0.19,-5.96,2.19
-0.12,0.04,1.05,-0.01,0.38,-0.15,-6.73,2.29
-0.12,0.04,1.05,-0.04,0.35,-0.08,-6.76,2.34
-0.11,0.04,1.03,-0.07,0.29,-0.02,-6.37,2.4
-0.09,0.04,1.04,-0.11,0.23,0.03,-5.23,2.4
-0.07,0.05,1.02,-0.13,0.16,0.08,-4.07,2.58
-0.04,0.05,1.01,-0.19,0.14,0.11,-2.13,2.76
-0.01,0.05,1.0,-0.2,0.08,0.13,-0.75,3.12
0.02,0.06,1.01,-0.21,0.04,0.14,1.4,3.31
0.05,0.07,1.02,-0.21,0.01,0.13,2.95,3.76
0.08,0.07,1.02,-0.2,0.01,0.13,4.29,4.04
0.12,0.08,1.03,-0.17,0.01,0.13,6.61,4.12
0.16,0.09,1.03,-0.1,0.0,0.1,8.71,4.74
0.17,0.08,1.01,-0.05,0.02,0.08,9.4,4.72
0.18,0.08,1.01,0.0,0.06,0.04,10.07,4.61
0.17,0.08,1.0,0.07,0.12,-0.01,9.88,4.7
0.16,0.08,1.0,0.15,0.16,-0.05,9.31,4.34
0.14,0.07,1.0,0.2,0.18,-0.08,8.08,4.16
0.11,0.06,0.99,0.26,0.24,-0.11,6.42,3.6
0.1,0.05,0.98,0.31,0.27,-0.13,5.59,3.15
0.08,0.05,0.97,0.36,0.3,-0.15,4.58,2.7
0.06,0.04,0.97,0.39,0.31,-0.15,3.58,2.31
0.04,0.03,0.95,0.42,0.34,-0.16,2.64,2.09
0.02,0.02,0.93,0.44,0.34,-0.17,1.31,1.17
0.01,0.03,0.91,0.43,0.33,-0.16,0.37,1.58
-0.03,0.01,0.88,0.41,0.28,-0.16,-2.18,0.8
-0.06,0.01,0.88,0.35,0.28,-0.16,-3.87,0.6
-0.09,0.01,0.87,0.3,0.23,-0.14,-5.67,0.42
-0.11,0.0,0.86,0.24,0.14,-0.11,-7.3,0.11
-0.12,-0.0,0.86,0.16,0.07,-0.07,-7.92,-0.02
-0.14,0.0,0.86,0.08,0.0,-0.05,-9.29,0.18
-0.14,0.01,0.86,-0.02,-0.08,-0.01,-9.09,0.6
-0.13,0.01,0.86,-0.1,-0.17,0.03,-8.64,0.91
-0.11,0.01,0.87,-0.16,-0.24,0.06,-7.3,0.92
-0.09,0.02,0.89,-0.25,-0.28,0.06,-5.77,1.18
-0.06,0.03,0.91,-0.3,-0.32,0.08,-3.97,1.98
-0.04,0.04,0.93,-0.35,-0.36,0.1,-2.57,2.28
-0.02,0.04,0.95,-0.36,-0.4,0.12,-1.16,2.55
-0.01,0.05,0.96,-0.39,-0.38,0.11,-0.32,3.1
0.01,0.06,0.96,-0.38,-0.38,0.11,0.73,3.76
0.03,0.07,0.97,-0.38,-0.36,0.1,1.86,4.23
0.05,0.08,1.0,-0.37,-0.32,0.07,2.82,4.75
0.07,0.09,1.02,-0.33,-0.27,0.06,3.81,4.95
0.08,0.09,1.04,-0.29,-0.23,0.06,4.49,4.86
0.1,0.09,1.05,-0.24,-0.17,0.03,5.21,5.08
0.1,0.1,1.05,-0.18,-0.1,0.01,5.54,5.46
0.11,0.11,1.05,-0.11,-0.04,-0.02,6.07,5.7
0.12,0.11,1.05,-0.07,0.04,-0.06,6.33,5.96
0.11,0.1,1.06,0.01,0.08,-0.08,5.99,5.53
0.09,0.1,1.07,0.08,0.1,-0.11,4.66,5.45
0.05,0.1,1.07,0.12,0.09,-0.12,2.68,5.42
0.02,0.09,1.08,0.16,0.09,-0.12,0.8,5.03
-0.02,0.08,1.06,0.19,0.04,-0.09,-0.96,4.38
-0.04,0.07,1.03,0.2,0.0,-0.07,-2.16,4.11
-0.06,0.07,1.0,0.19,-0.02,-0.06,-3.31,4.2
-0.06,0.07,0.98,0.18,-0.02,-0.05,-3.69,3.9
-0.07,0.06,0.96,0.15,-0.03,-0.03,-4.12,3.82
-0.08,0.06,0.95,0.14,-0.04,-0.02,-4.88,3.64
-0.08,0.05,0.95,0.11,-0.04,-0.02,-4.94,3.07
-0.09,0.05,0.94,0.07,-0.02,-0.01,-5.19,3.28
-0.09,0.06,0.94,0.04,-0.02,0.02,-5.24,3.42
-0.08,0.05,0.93,0.01,-0.0,0.02,-4.85,3.16
-0.08,0.05,0.92,-0.01,-0.01,0.02,-4.84,2.92
-0.07,0.05,0.93,-0.04,0.0,0.02,-3.98,3.34
-0.06,0.06,0.94,-0.07,0.01,0.03,-3.92,3.36
-0.06,0.05,0.94,-0.08,0.0,0.05,-3.51,3.19
-0.05,0.06,0.95,-0.09,-0.01,0.06,-2.77,3.42
-0.05,0.06,0.97,-0.1,-0.02,0.06,-3.16,3.43
-0.04,0.06,0.99,-0.11,-0.04,0.08,-2.36,3.28
-0.01,0.05,1.0,-0.11,-0.07,0.09,-0.75,2.89
-0.0,0.06,0.99,-0.07,-0.09,0.11,-0.17,3.22
0.02,0.06,0.98,-0.06,-0.09,0.11,1.2,3.42
0.03,0.06,0.95,-0.05,-0.07,0.1,1.5,3.85
0.02,0.06,0.93,-0.04,-0.05,0.09,1.19,3.74
0.02,0.06,0.93,-0.04,-0.04,0.07,1.38,3.84
0.01,0.05,0.91,-0.02,-0.03,0.06,0.39,3.3
0.0,0.05,0.93,-0.02,0.0,0.04,0.22,3.16
-0.01,0.05,0.93,-0.03,0.02,0.04,-0.4,3.37
-0.0,0.04,0.92,-0.03,0.03,0.04,-0.0,2.57
-0.01,0.05,0.91,-0.02,0.03,0.04,-0.91,3.22
-0.01,0.04,0.92,-0.04,0.06,0.03,-0.82,2.4
-0.01,0.04,0.91,-0.05,0.06,0.03,-0.63,2.71
-0.02,0.04,0.93,-0.05,0.05,0.02,-0.94,2.59
-0.01,0.04,0.94,-0.08,0.05,0.02,-0.49,2.54
-0.02,0.04,0.96,-0.06,0.03,0.03,-0.92,2.62
-0.01,0.04,0.97,-0.06,0.02,0.03,-0.46,2.36
-0.01,0.04,0.98,-0.05,-0.01,0.05,-0.34,2.35
0.0,0.04,0.98,-0.02,-0.03,0.06,0.08,2.61
0.01,0.04,0.96,-0.02,-0.0,0.06,0.49,2.61
0.02,0.04,0.96,0.01,-0.01,0.07,1.02,2.32
0.02,0.05,0.95,0.02,0.0,0.06,1.39,2.9
0.01,0.04,0.95,0.02,0.01,0.04,0.81,2.68
0.0,0.04,0.95,0.04,0.05,0.03,0.16,2.64
-0.01,0.04,0.95,0.03,0.08,0.02,-0.61,2.39
-0.02,0.04,0.96,0.03,0.1,0.03,-0.9,2.3
-0.02,0.04,0.96,0.05,0.08,0.03,-1.16,2.3
-0.03,0.03,0.96,0.04,0.12,0.03,-2.07,1.92
-0.04,0.03,0.97,0.04,0.12,0.04,-2.12,2.01
-0.05,0.04,0.97,0.05,0.11,0.05,-2.77,2.16
-0.05,0.03,0.97,0.06,0.11,0.06,-2.88,1.96
-0.05,0.03,0.97,0.04,0.13,0.07,-2.8,1.87
-0.05,0.04,0.97,0.03,0.14,0.09,-2.89,2.07
-0.05,0.03,0.96,0.04,0.13,0.11,-2.73,1.72
-0.05,0.04,0.95,0.02,0.12,0.1,-2.83,2.13
-0.04,0.04,0.95,0.01,0.1,0.13,-2.35,2.36
-0.03,0.04,0.94,-0.01,0.11,0.13,-2.01,2.55
-0.02,0.04,0.92,-0.03,0.09,0.13,-1.5,2.48
-0.01,0.04,0.91,-0.05,0.06,0.11,-0.41,2.37
0.01,0.05,0.9,-0.07,0.06,0.1,0.5,3.15
0.02,0.05,0.89,-0.1,0.05,0.09,1.28,3.43
0.03,0.06,0.9,-0.11,0.02,0.07,2.13,3.62
0.03,0.06,0.9,-0.11,-0.0,0.05,2.11,4.12
0.03,0.06,0.92,-0.13,0.01,0.01,1.66,3.83
0.02,0.06,0.94,-0.15,0.01,-0.01,1.44,3.91
0.01,0.07,0.97,-0.12,0.0,-0.02,0.78,4.13
0.01,0.06,0.99,-0.11,-0.02,-0.01,0.78,3.65
0.01,0.06,1.01,-0.08,-0.01,-0.01,0.54,3.35
0.01,0.06,1.0,-0.06,0.01,0.0,0.7,3.42
0.02,0.06,1.0,-0.05,0.02,0.01,1.11,3.48
0.02,0.06,0.99,-0.04,0.02,0.02,1.22,3.45
0.02,0.06,0.97,-0.03,0.06,-0.0,0.91,3.7
0.0,0.06,0.97,-0.02,0.06,-0.0,0.26,3.82
0.01,0.07,0.97,-0.0,0.06,-0.0,0.64,3.91
0.0,0.06,0.95,-0.0,0.06,-0.0,0.06,3.66
0.0,0.07,0.95,-0.01,0.05,0.01,0.27,3.98
-0.0,0.05,0.94,-0.02,0.06,0.0,-0.25,3.29
-0.01,0.05,0.93,-0.03,0.04,0.01,-0.56,3.33
-0.01,0.07,0.95,-0.03,0.02,0.01,-0.75,4.0
-0.01,0.06,0.95,-0.05,0.02,0.0,-0.43,3.49
-0.0,0.06,0.96,-0.06,0.01,0.0,-0.12,3.76
-0.01,0.05,0.96,-0.06,-0.0,0.02,-0.41,3.17
-0.0,0.06,0.96,-0.07,-0.02,0.02,-0.03,3.76
0.0,0.06,0.96,-0.06,-0.03,0.02,0.15,3.86
0.01,0.06,0.96,-0.06,-0.04,0.02,0.52,3.84
0.02,0.07,0.96,-0.06,-0.03,0.01,1.0,3.96
0.01,0.06,0.96,-0.04,-0.03,0.02,0.83,3.7
0.01,0.07,0.97,-0.05,-0.05,0.01,0.86,4.0
0.02,0.06,0.98,-0.03,-0.04,0.01,1.03,3.73
0.01,0.07,0.98,-0.04,-0.03,0.01,0.74,3.85
0.02,0.06,0.97,-0.01,-0.04,0.0,1.07,3.59
0.02,0.06,0.97,-0.0,-0.04,0.01,1.05,3.75
0.02,0.06,0.97,0.0,-0.01,-0.0,1.04,3.61
0.02,0.06,0.97,0.01,-0.0,-0.0,1.35,3.79
0.02,0.06,0.97,0.02,0.0,-0.01,1.11,3.42
0.01,0.06,0.96,0.05,0.01,-0.01,0.48,3.59
0.0,0.05,0.96,0.04,0.02,-0.02,0.29,3.14
0.0,0.06,0.96,0.04,0.04,-0.03,0.1,3.45
-0.01,0.05,0.95,0.05,0.03,-0.02,-0.51,3.09
-0.01,0.05,0.94,0.06,0.02,-0.01,-0.87,3.0
-0.01,0.05,0.94,0.04,0.04,-0.04,-0.68,3.13
-0.02,0.05,0.93,0.02,0.04,-0.02,-1.19,3.14
-0.02,0.05,0.94,0.02,0.03,-0.04,-1.29,2.76
-0.02,0.04,0.94,0.03,0.01,-0.04,-1.46,2.64
-0.02,0.04,0.94,0.02,0.02,-0.02,-1.47,2.44
-0.03,0.04,0.94,0.01,0.0,-0.02,-1.58,2.68
-0.02,0.04,0.94,-0.0,0.0,-0.01,-1.51,2.4
-0.02,0.04,0.94,-0.01,-0.02,-0.01,-1.23,2.59
-0.02,0.05,0.94,-0.01,-0.02,-0.02,-1.41,3.02
-0.02,0.04,0.94,-0.03,-0.02,-0.01,-1.02,2.7
-0.02,0.04,0.95,-0.03,-0.02,-0.0,-1.07,2.51
-0.01,0.04,0.95,-0.02,-0.03,-0.0,-0.79,2.28
-0.01,0.04,0.94,-0.02,-0.03,0.0,-0.69,2.34
-0.01,0.04,0.93,-0.04,0.0,-0.01,-0.55,2.71
-0.01,0.05,0.93,-0.03,0.01,-0.02,-0.62,2.87
-0.02,0.04,0.94,-0.05,0.03,-0.03,-1.0,2.7
-0.02,0.04,0.94,-0.04,0.03,-0.03,-1.22,2.19
-0.01,0.04,0.95,-0.06,0.03,-0.04,-0.88,2.5
-0.0,0.04,0.95,-0.08,0.03,-0.03,-0.13,2.49
0.01,0.04,0.96,-0.08,0.03,-0.03,0.31,2.68
0.01,0.04,0.96,-0.09,0.01,-0.03,0.41,2.14
0.0,0.04,0.97,-0.09,-0.01,-0.03,0.17,2.38
-0.0,0.04,0.98,-0.11,-0.04,-0.02,-0.2,2.08
-0.01,0.05,0.99,-0.12,-0.07,-0.01,-0.5,2.71
-0.01,0.05,1.0,-0.12,-0.1,0.0,-0.39,3.08
0.01,0.05,1.01,-0.13,-0.13,0.02,0.59,2.84
0.02,0.06,1.01,-0.16,-0.15,0.03,0.92,3.13
0.01,0.07,1.01,-0.15,-0.18,0.04,0.62,3.77
0.01,0.08,1.02,-0.17,-0.21,0.05,0.74,4.71
0.03,0.09,1.03,-0.2,-0.21,0.06,1.63,5.11
0.04,0.09,1.04,-0.18,-0.24,0.07,2.15,4.83
0.06,0.11,1.06,-0.18,-0.23,0.08,3.49,5.87
0.1,0.11,1.07,-0.17,-0.23,0.08,5.31,5.69
0.11,0.12,1.08,-0.14,-0.18,0.07,5.8,6.44
0.13,0.13,1.08,-0.11,-0.14,0.07,6.67,6.77
0.14,0.14,1.09,-0.08,-0.11,0.06,7.29,7.28
0.15,0.14,1.1,-0.04,-0.09,0.05,7.95,7.29
0.16,0.14,1.11,-0.02,-0.04,0.02,8.19,7.31
0.15,0.15,1.12,0.0,-0.04,0.02,7.81,7.32
0.14,0.14,1.12,0.02,-0.05,0.01,7.23,7.25
0.14,0.14,1.13,0.04,-0.1,0.02,6.82,6.88
0.12,0.14,1.13,0.02,-0.13,0.02,6.09,6.89
0.1,0.14,1.14,0.01,-0.19,0.04,5.07,7.04
0.08,0.14,1.15,-0.02,-0.28,0.08,4.17,6.91
0.09,0.14,1.17,-0.04,-0.36,0.11,4.46,6.95
0.1,0.14,1.17,-0.07,-0.42,0.14,4.69,6.98
0.11,0.16,1.19,-0.08,-0.48,0.16,5.48,7.57
0.15,0.17,1.21,-0.1,-0.52,0.17,7.16,7.8
0.19,0.18,1.24,-0.08,-0.54,0.18,8.69,8.11
0.22,0.18,1.26,-0.05,-0.51,0.18,9.87,8.12
0.22,0.21,1.25,-0.01,-0.44,0.17,9.77,9.26
0.25,0.2,1.29,0.05,-0.43,0.17,11.05,8.83
0.28,0.18,1.32,0.1,-0.4,0.15,11.73,7.63
0.28,0.18,1.34,0.16,-0.33,0.12,11.64,7.58
0.27,0.18,1.36,0.22,-0.31,0.12,11.18,7.22
0.25,0.18,1.36,0.28,-0.29,0.12,10.26,7.4
0.23,0.17,1.36,0.38,-0.16,-0.02,9.52,6.99
0.2,0.15,1.36,0.35,-0.32,0.13,8.33,6.29
0.17,0.15,1.37,0.36,-0.33,0.16,7.01,6.09
0.13,0.15,1.37,0.38,-0.39,0.21,5.34,6.08
0.09,0.14,1.37,0.37,-0.44,0.26,3.83,5.91
0.06,0.14,1.36,0.35,-0.46,0.3,2.65,5.71
0.05,0.14,1.36,0.29,-0.47,0.34,1.98,5.7
0.05,0.15,1.38,0.25,-0.51,0.39,2.11,6.08
0.07,0.15,1.4,0.21,-0.55,0.44,2.87,6.05
0.11,0.16,1.42,0.18,-0.56,0.47,4.5,6.3
0.17,0.16,1.45,0.19,-0.57,0.5,6.68,6.36
0.22,0.17,1.48,0.24,-0.61,0.52,8.27,6.49
0.24,0.15,1.48,0.29,-0.62,0.53,9.13,5.83
0.27,0.16,1.48,0.37,-0.61,0.51,10.36,6.14
0.28,0.15,1.47,0.46,-0.6,0.48,10.69,5.62
0.25,0.14,1.45,0.53,-0.6,0.45,9.57,5.35
0.19,0.11,1.41,0.58,-0.6,0.43,7.73,4.58
0.13,0.09,1.37,0.6,-0.62,0.44,5.51,3.68
0.08,0.06,1.33,0.59,-0.65,0.46,3.45,2.65
0.06,0.05,1.3,0.57,-0.68,0.48,2.75,2.38
0.05,0.03,1.25,0.52,-0.71,0.5,2.21,1.27
0.05,0.02,1.21,0.46,-0.76,0.52,2.45,1.17
0.07,0.03,1.18,0.39,-0.79,0.51,3.22,1.5
0.07,0.02,1.16,0.32,-0.84,0.52,3.29,1.03
0.06,0.02,1.14,0.26,-0.88,0.5,3.22,0.91
0.06,-0.01,1.13,0.2,-0.92,0.5,2.86,-0.52
0.05,-0.01,1.13,0.13,-0.92,0.5,2.44,-0.5
0.06,-0.01,1.13,0.08,-0.97,0.5,3.16,-0.59
0.05,-0.02,1.16,0.03,-1.02,0.49,2.61,-0.85
0.04,-0.02,1.21,-0.0,-1.1,0.49,2.02,-1.0
0.03,-0.02,1.26,-0.02,-1.17,0.51,1.28,-1.04
0.01,-0.03,1.28,-0.02,-1.25,0.55,0.66,-1.4
0.01,-0.04,1.29,-0.0,-1.33,0.59,0.37,-1.96
0.02,-0.06,1.28,-0.01,-1.4,0.65,0.77,-2.53
0.04,-0.04,1.26,-0.02,-1.43,0.67,1.88,-1.78
0.07,-0.02,1.23,-0.01,-1.46,0.68,3.15,-0.72
0.1,-0.0,1.21,0.01,-1.47,0.65,4.68,-0.14
0.11,0.0,1.22,0.03,-1.45,0.61,5.31,0.14
0.1,-0.0,1.2,0.05,-1.43,0.58,4.93,-0.03
0.1,-0.0,1.21,0.08,-1.42,0.54,4.85,-0.0
0.1,0.0,1.21,0.09,-1.39,0.51,4.84,0.05
0.09,-0.01,1.19,0.13,-1.37,0.47,4.12,-0.25
0.05,-0.02,1.17,0.14,-1.34,0.42,2.48,-0.86
0.03,-0.02,1.15,0.16,-1.31,0.4,1.67,-1.22
0.02,-0.03,1.13,0.17,-1.28,0.37,0.81,-1.34
0.01,-0.02,1.1,0.17,-1.25,0.33,0.58,-1.23
0.0,-0.03,1.07,0.17,-1.21,0.29,0.1,-1.6
-0.01,-0.03,1.04,0.14,-1.15,0.26,-0.77,-1.77
-0.03,-0.04,1.01,0.12,-1.12,0.21,-1.45,-2.24
-0.04,-0.04,1.0,0.1,-1.07,0.16,-2.4,-2.55
-0.06,-0.05,0.99,0.08,-1.03,0.12,-3.27,-3.02
-0.08,-0.06,0.98,0.04,-0.99,0.09,-4.86,-3.76
-0.12,-0.08,0.99,0.02,-1.0,0.06,-7.16,-4.52
-0.18,-0.08,1.01,0.0,-1.04,0.07,-9.83,-4.37
-0.21,-0.08,1.04,-0.01,-1.09,0.1,-11.29,-4.45
-0.23,-0.08,1.06,-0.04,-1.15,0.14,-11.98,-4.27
-0.23,-0.09,1.06,-0.05,-1.23,0.2,-11.89,-4.68
-0.22,-0.09,1.06,-0.02,-1.32,0.25,-11.87,-4.68
-0.21,-0.07,1.07,-0.01,-1.37,0.28,-11.24,-3.82
-0.19,-0.06,1.05,0.02,-1.43,0.31,-10.23,-3.07
-0.16,-0.05,1.05,0.05,-1.45,0.33,-8.71,-2.48
-0.13,-0.03,1.03,0.09,-1.46,0.33,-7.03,-1.83
-0.1,-0.02,1.0,0.13,-1.45,0.31,-5.89,-1.1
-0.1,-0.01,0.98,0.16,-1.4,0.28,-5.65,-0.63
-0.1,-0.02,0.96,0.19,-1.36,0.24,-5.92,-1.15
-0.12,-0.02,0.93,0.22,-1.33,0.2,-7.49,-1.36
-0.14,-0.02,0.91,0.23,-1.27,0.16,-8.63,-1.33
-0.16,-0.02,0.9,0.2,-1.21,0.14,-9.81,-1.57
-0.17,-0.02,0.88,0.2,-1.17,0.12,-10.76,-1.37
-0.18,-0.02,0.88,0.19,-1.13,0.1,-11.73,-1.16
-0.19,-0.02,0.86,0.19,-1.1,0.07,-12.39,-1.03
-0.18,-0.01,0.86,0.17,-1.0,0.05,-11.92,-0.77
-0.18,-0.02,0.85,0.15,-0.93,0.03,-11.82,-1.11
-0.2,-0.03,0.83,0.16,-0.86,-0.0,-13.4,-1.86
-0.24,-0.03,0.84,0.12,-0.81,-0.02,-15.73,-1.86
-0.28,-0.03,0.82,0.09,-0.76,-0.01,-18.73,-1.73
-0.31,-0.03,0.83,0.05,-0.75,0.02,-20.77,-2.23
-0.33,-0.04,0.83,-0.0,-0.77,0.06,-21.85,-2.39
-0.36,-0.05,0.84,-0.06,-0.82,0.12,-22.99,-2.87
-0.39,-0.04,0.86,-0.13,-0.89,0.19,-24.28,-2.26
-0.39,-0.03,0.88,-0.19,-0.97,0.28,-23.8,-1.61
-0.34,-0.03,0.89,-0.21,-1.07,0.35,-21.07,-1.5
-0.29,-0.02,0.89,-0.25,-1.14,0.42,-17.81,-1.22
-0.24,-0.01,0.9,-0.29,-1.16,0.44,-14.94,-0.44
-0.2,0.0,0.91,-0.32,-1.16,0.46,-12.68,0.14
-0.17,0.01,0.94,-0.37,-1.22,0.51,-10.28,0.53
-0.14,0.01,0.96,-0.33,-1.11,0.46,-8.12,0.75
-0.12,0.0,0.98,-0.32,-1.01,0.41,-6.74,0.23
-0.11,0.0,1.0,-0.3,-0.96,0.39,-6.05,0.18
-0.1,0.01,1.02,-0.28,-0.87,0.36,-5.61,0.28
-0.09,-0.0,1.03,-0.26,-0.81,0.33,-5.2,-0.02
-0.09,-0.0,1.04,-0.21,-0.73,0.29,-4.83,-0.04
-0.08,-0.0,1.04,-0.18,-0.64,0.26,-4.51,-0.1
-0.07,0.01,1.02,-0.13,-0.58,0.22,-3.94,0.32
-0.06,0.01,1.01,-0.1,-0.51,0.18,-3.55,0.79
-0.05,0.03,0.99,-0.04,-0.41,0.13,-2.96,1.57
-0.05,0.03,0.99,-0.0,-0.34,0.07,-2.65,1.6
-0.06,0.03,0.97,0.05,-0.3,0.03,-3.83,1.52
-0.12,0.02,0.96,0.07,-0.3,-0.0,-7.32,0.9
-0.21,0.0,0.95,0.08,-0.38,0.01,-12.43,0.18
-0.29,-0.02,0.95,0.06,-0.47,0.06,-17.18,-0.96
-0.33,-0.02,0.93,0.04,-0.63,0.16,-19.29,-1.32
-0.3,-0.02,0.94,0.02,-0.79,0.27,-17.65,-1.11
-0.25,-0.0,0.94,-0.02,-0.91,0.33,-14.77,-0.02
-0.18,0.02,0.95,-0.02,-1.02,0.38,-10.97,0.98
-0.12,0.04,0.97,-0.03,-1.11,0.4,-7.19,2.31
-0.08,0.06,0.97,-0.01,-1.16,0.39,-4.5,3.42
-0.05,0.06,0.97,0.03,-1.17,0.35,-3.03,3.36
-0.01,0.06,0.96,0.07,-1.19,0.33,-0.87,3.4
0.0,0.06,0.95,0.1,-1.17,0.27,0.07,3.7
-0.01,0.06,0.93,0.13,-1.16,0.21,-0.74,3.58
-0.03,0.04,0.91,0.15,-1.13,0.15,-2.16,2.82
-0.06,0.03,0.89,0.15,-1.1,0.11,-4.17,2.14
-0.1,0.02,0.88,0.16,-1.07,0.09,-6.46,1.52
-0.11,0.01,0.86,0.17,-1.04,0.08,-7.55,0.41
-0.13,-0.01,0.85,0.17,-0.99,0.07,-8.78,-0.8
-0.14,-0.02,0.84,0.17,-0.91,0.06,-9.26,-1.3
-0.13,-0.0,0.81,0.16,-0.86,0.06,-9.32,-0.35
-0.13,-0.01,0.81,0.14,-0.81,0.05,-9.0,-0.74
-0.12,-0.02,0.81,0.13,-0.72,0.03,-8.24,-1.37
-0.13,-0.01,0.8,0.13,-0.64,0.0,-9.03,-0.48
-0.14,0.0,0.79,0.13,-0.58,0.0,-10.31,0.16
-0.17,-0.01,0.77,0.14,-0.53,0.01,-12.36,-0.49
-0.2,-0.02,0.75,0.11,-0.52,0.03,-15.32,-1.2
-0.24,-0.01,0.74,0.08,-0.49,0.07,-18.09,-0.96
-0.25,-0.02,0.75,0.03,-0.54,0.14,-18.13,-1.29
-0.21,0.0,0.74,-0.01,-0.61,0.19,-15.52,0.05
-0.18,0.02,0.73,-0.06,-0.68,0.25,-13.44,1.8
-0.14,0.03,0.72,-0.09,-0.71,0.28,-10.73,2.25
-0.11,0.04,0.73,-0.15,-0.77,0.29,-8.33,3.44
-0.08,0.06,0.74,-0.2,-0.8,0.31,-5.92,4.46
-0.04,0.06,0.74,-0.25,-0.84,0.32,-3.29,4.59
-0.01,0.06,0.77,-0.28,-0.85,0.29,-0.88,4.65
0.01,0.07,0.78,-0.33,-0.86,0.27,0.75,5.07
0.03,0.07,0.79,-0.34,-0.86,0.23,2.17,5.1
0.03,0.08,0.79,-0.34,-0.87,0.19,2.32,5.68
0.03,0.07,0.8,-0.36,-0.86,0.16,2.34,5.19
0.03,0.06,0.82,-0.36,-0.82,0.11,2.41,4.52
0.03,0.05,0.83,-0.36,-0.79,0.08,2.23,3.66
0.03,0.05,0.83,-0.36,-0.74,0.05,2.04,3.1
0.02,0.05,0.83,-0.34,-0.72,0.02,1.46,3.19
0.02,0.03,0.82,-0.34,-0.65,-0.0,1.53,2.34
0.01,0.03,0.81,-0.34,-0.62,-0.02,0.67,2.03
-0.01,0.03,0.8,-0.34,-0.59,-0.04,-0.56,2.14
-0.01,0.03,0.79,-0.36,-0.56,-0.05,-0.48,2.32
-0.01,0.03,0.79,-0.38,-0.53,-0.05,-0.79,2.52
-0.03,0.04,0.8,-0.41,-0.56,-0.04,-1.9,2.62
-0.04,0.04,0.8,-0.44,-0.6,-0.03,-2.8,2.55
-0.04,0.04,0.82,-0.47,-0.65,-0.02,-3.0,3.14
-0.04,0.05,0.84,-0.49,-0.72,0.01,-2.38,3.12
-0.02,0.05,0.86,-0.5,-0.77,0.01,-1.2,3.35
-0.0,0.06,0.88,-0.51,-0.83,0.03,-0.29,3.57
0.01,0.06,0.91,-0.49,-0.85,0.02,0.73,4.02
0.03,0.07,0.91,-0.49,-0.85,0.01,2.04,4.49
0.04,0.07,0.92,-0.45,-0.85,-0.0,2.48,4.22
0.05,0.07,0.92,-0.41,-0.86,-0.02,2.82,4.28
0.05,0.08,0.93,-0.38,-0.83,-0.04,3.12,4.84
0.05,0.08,0.92,-0.35,-0.78,-0.08,2.92,5.01
0.04,0.07,0.92,-0.33,-0.77,-0.1,2.52,4.55
0.02,0.07,0.91,-0.3,-0.73,-0.13,1.42,4.62
0.02,0.07,0.9,-0.27,-0.7,-0.13,1.09,4.57
0.0,0.09,0.9,-0.25,-0.63,-0.16,0.32,5.48
-0.01,0.1,0.9,-0.22,-0.59,-0.16,-0.34,6.12
-0.03,0.09,0.9,-0.18,-0.56,-0.17,-1.6,5.74
-0.05,0.09,0.87,-0.14,-0.53,-0.17,-3.19,5.62
-0.07,0.08,0.86,-0.12,-0.5,-0.17,-4.92,5.36
-0.09,0.08,0.85,-0.1,-0.47,-0.13,-6.21,5.12
-0.1,0.09,0.83,-0.08,-0.45,-0.11,-6.8,5.8
-0.09,0.09,0.83,-0.07,-0.44,-0.08,-6.45,5.95
-0.08,0.09,0.82,-0.06,-0.43,-0.05,-5.73,6.34
-0.07,0.09,0.81,-0.07,-0.41,-0.03,-4.78,6.25
-0.06,0.09,0.8,-0.07,-0.41,0.0,-4.15,6.55
-0.03,0.1,0.79,-0.06,-0.41,-0.0,-2.46,7.11
-0.01,0.1,0.78,-0.09,-0.39,0.01,-0.8,7.55
0.0,0.11,0.78,-0.14,-0.38,0.01,0.14,7.92
0.01,0.11,0.79,-0.16,-0.41,0.01,0.93,8.06
0.02,0.11,0.81,-0.19,-0.42,0.01,1.52,7.84
0.02,0.11,0.81,-0.21,-0.41,-0.01,1.66,7.98
0.02,0.12,0.82,-0.23,-0.44,-0.02,1.46,8.11
0.03,0.11,0.82,-0.26,-0.45,-0.03,2.0,7.55
0.03,0.11,0.83,-0.28,-0.46,-0.04,2.34,7.86
0.04,0.1,0.85,-0.28,-0.45,-0.05,2.4,7.0
0.03,0.11,0.86,-0.3,-0.43,-0.05,2.19,7.38
0.04,0.12,0.86,-0.29,-0.41,-0.07,2.5,7.58
0.03,0.11,0.86,-0.27,-0.39,-0.07,2.04,7.21
0.01,0.1,0.84,-0.26,-0.34,-0.1,1.0,7.11
0.01,0.1,0.84,-0.29,-0.3,-0.11,0.62,6.9
-0.0,0.11,0.84,-0.28,-0.27,-0.11,-0.15,7.48
-0.01,0.11,0.85,-0.27,-0.26,-0.1,-0.38,7.47
-0.01,0.11,0.87,-0.27,-0.23,-0.09,-0.93,7.34
-0.03,0.12,0.87,-0.27,-0.22,-0.08,-1.87,7.92
-0.03,0.13,0.88,-0.24,-0.25,-0.05,-1.84,8.22
-0.02,0.13,0.88,-0.23,-0.28,-0.03,-1.44,8.36
-0.02,0.13,0.9,-0.2,-0.29,-0.01,-1.01,8.54
-0.01,0.14,0.91,-0.19,-0.29,0.0,-0.65,8.89
-0.0,0.15,0.91,-0.15,-0.31,0.01,-0.04,9.32
0.01,0.15,0.92,-0.1,-0.32,0.03,0.5,9.5
0.02,0.16,0.92,-0.04,-0.3,0.02,1.06,10.12
0.03,0.16,0.9,-0.01,-0.29,0.03,1.73,10.09
0.03,0.15,0.88,0.02,-0.28,0.03,2.01,9.84
0.04,0.15,0.85,0.06,-0.24,0.02,2.34,10.17
0.04,0.15,0.83,0.09,-0.22,0.01,2.58,10.05
0.03,0.14,0.81,0.07,-0.18,0.0,2.39,9.82
0.02,0.13,0.78,0.06,-0.17,0.02,1.34,9.76
0.01,0.14,0.77,0.04,-0.15,0.02,0.43,10.09
-0.0,0.13,0.77,0.04,-0.15,0.04,-0.33,9.4
-0.01,0.12,0.78,0.01,-0.1,0.05,-0.78,8.82
-0.02,0.11,0.8,-0.01,-0.09,0.08,-1.24,8.17
-0.02,0.12,0.82,-0.01,-0.07,0.1,-1.45,8.06
-0.02,0.11,0.84,-0.0,-0.06,0.13,-1.31,7.33
-0.01,0.11,0.87,0.01,-0.05,0.14,-0.78,7.49
0.0,0.12,0.9,0.01,-0.04,0.16,0.05,7.59
0.01,0.13,0.93,0.04,-0.06,0.18,0.49,8.25
0.02,0.14,0.95,0.07,-0.1,0.2,0.9,8.2
0.03,0.14,0.97,0.12,-0.08,0.2,1.65,8.12
0.04,0.14,0.97,0.17,-0.09,0.21,2.12,8.21
0.05,0.15,0.96,0.23,-0.1,0.21,2.98,9.1
0.07,0.16,0.94,0.29,-0.1,0.19,4.28,9.75
0.08,0.16,0.91,0.33,-0.07,0.16,4.77,9.65
0.08,0.16,0.85,0.34,-0.05,0.14,4.98,10.53
0.07,0.16,0.81,0.32,0.01,0.14,4.88,11.16
0.06,0.15,0.77,0.3,0.03,0.13,4.46,10.97
0.06,0.14,0.73,0.26,0.08,0.12,4.4,11.01
0.06,0.13,0.72,0.16,0.11,0.12,4.62,10.37
0.05,0.12,0.71,0.1,0.11,0.12,4.16,9.65
0.05,0.12,0.7,0.02,0.09,0.12,4.11,9.35
0.06,0.12,0.72,-0.06,0.08,0.13,4.48,9.19
0.06,0.12,0.75,-0.15,0.09,0.12,4.53,8.99
0.06,0.11,0.79,-0.22,0.08,0.1,4.4,7.66
0.06,0.1,0.82,-0.29,0.08,0.1,3.96,7.26
0.06,0.08,0.86,-0.32,0.07,0.1,3.71,5.58
0.04,0.09,0.89,-0.36,0.07,0.09,2.61,5.71
0.04,0.08,0.93,-0.39,0.09,0.08,2.19,5.05
0.03,0.08,0.96,-0.39,0.08,0.08,1.88,4.78
0.0,0.07,0.98,-0.37,0.1,0.08,0.23,3.96
0.01,0.06,1.01,-0.37,0.15,0.07,0.64,3.38
-0.0,0.06,1.02,-0.34,0.17,0.09,-0.16,3.52
-0.01,0.07,1.03,-0.31,0.17,0.1,-0.61,3.95
-0.01,0.07,1.05,-0.3,0.2,0.09,-0.49,3.81
-0.02,0.06,1.07,-0.27,0.18,0.11,-0.86,3.32
-0.02,0.07,1.09,-0.25,0.19,0.11,-1.1,3.56
-0.02,0.07,1.1,-0.19,0.17,0.11,-0.87,3.42
-0.01,0.07,1.1,-0.14,0.16,0.12,-0.33,3.62
-0.01,0.06,1.1,-0.12,0.19,0.11,-0.64,3.28
-0.0,0.06,1.09,-0.07,0.18,0.12,-0.25,3.27
-0.01,0.05,1.08,-0.01,0.17,0.1,-0.32,2.49
-0.01,0.04,1.07,0.01,0.16,0.1,-0.74,2.26
-0.02,0.04,1.05,0.02,0.19,0.1,-1.08,2.15
-0.01,0.03,1.03,0.05,0.18,0.11,-0.73,1.66
-0.01,0.03,1.02,0.05,0.19,0.1,-0.47,1.57
-0.01,0.03,1.01,0.06,0.18,0.1,-0.32,1.47
-0.0,0.03,1.0,0.05,0.21,0.1,-0.11,1.44
0.0,0.03,0.99,0.04,0.2,0.09,0.11,1.89
0.01,0.04,0.99,0.03,0.2,0.09,0.32,2.37
0.01,0.05,0.99,0.01,0.2,0.09,0.29,2.91
0.0,0.05,0.99,-0.01,0.22,0.08,0.14,3.12
0.0,0.05,0.99,-0.05,0.22,0.1,0.11,2.86
0.01,0.04,0.99,-0.04,0.19,0.1,0.58,2.6
0.01,0.05,1.0,-0.07,0.18,0.11,0.84,2.69
0.02,0.05,1.02,-0.09,0.16,0.09,1.05,3.04
0.02,0.05,1.03,-0.11,0.15,0.09,1.36,2.86
0.02,0.05,1.04,-0.11,0.11,0.09,1.11,2.87
0.02,0.06,1.05,-0.12,0.07,0.08,0.84,3.02
0.01,0.06,1.08,-0.13,0.06,0.07,0.53,3.26
0.01,0.06,1.09,-0.12,0.03,0.07,0.48,3.05
0.0,0.05,1.08,-0.09,-0.02,0.07,0.16,2.88
-0.01,0.05,1.08,-0.08,-0.04,0.07,-0.42,2.71
-0.01,0.05,1.07,-0.06,-0.03,0.05,-0.72,2.5
-0.02,0.04,1.07,-0.04,-0.02,0.05,-1.16,2.11
-0.03,0.04,1.05,-0.04,0.01,0.05,-1.41,1.95
-0.03,0.03,1.04,-0.02,0.01,0.05,-1.49,1.8
-0.03,0.03,1.03,-0.03,0.04,0.06,-1.6,1.55
-0.03,0.03,1.01,-0.03,0.09,0.05,-1.63,1.94
-0.02,0.05,1.01,-0.05,0.11,0.06,-1.34,2.6
-0.02,0.04,1.02,-0.06,0.12,0.06,-0.92,2.51
-0.01,0.04,1.04,-0.05,0.14,0.05,-0.82,1.99
-0.01,0.05,1.04,-0.06,0.15,0.05,-0.52,2.54
-0.01,0.05,1.05,-0.08,0.15,0.05,-0.75,2.72
-0.01,0.05,1.05,-0.08,0.12,0.06,-0.6,2.73
-0.02,0.05,1.05,-0.08,0.12,0.06,-1.11,2.52
-0.03,0.04,1.06,-0.08,0.11,0.05,-1.38,2.24
-0.02,0.05,1.06,-0.09,0.08,0.05,-1.27,2.68
-0.02,0.05,1.07,-0.08,0.06,0.06,-1.25,2.8
-0.01,0.05,1.08,-0.05,0.04,0.06,-0.78,2.86
-0.02,0.06,1.09,-0.05,0.04,0.05,-0.79,3.05
-0.0,0.06,1.07,-0.05,0.02,0.05,-0.16,3.18
-0.0,0.06,1.07,-0.03,0.0,0.05,-0.16,2.99
-0.01,0.05,1.05,-0.02,-0.01,0.04,-0.74,2.94
-0.01,0.05,1.05,-0.03,-0.0,0.04,-0.57,2.7
-0.01,0.06,1.04,-0.02,-0.0,0.04,-0.67,3.07
-0.01,0.07,1.04,-0.02,0.03,0.01,-0.72,3.58
-0.01,0.05,1.04,-0.01,0.01,0.01,-0.72,2.69
-0.03,0.04,1.04,-0.01,0.03,0.0,-1.48,2.25
-0.03,0.05,1.02,-0.0,0.03,0.01,-1.59,2.58
-0.03,0.05,1.02,0.01,0.02,0.02,-1.95,3.03
-0.03,0.06,1.03,0.0,0.0,0.03,-1.68,3.31
-0.04,0.06,1.02,0.01,0.01,0.02,-1.97,3.23
-0.04,0.06,1.01,0.0,0.02,0.02,-2.39,3.45
-0.05,0.06,1.02,0.01,0.0,0.03,-2.8,3.18
-0.05,0.06,1.02,0.03,0.02,0.04,-2.76,3.39
-0.05,0.05,1.01,0.05,0.03,0.04,-2.71,2.94
-0.05,0.06,1.0,0.07,0.06,0.06,-2.57,3.14
-0.05,0.05,0.98,0.08,0.06,0.07,-2.63,3.02
-0.03,0.06,0.96,0.09,0.06,0.08,-2.06,3.32
-0.02,0.05,0.95,0.08,0.09,0.07,-1.04,3.28
-0.02,0.06,0.95,0.07,0.11,0.08,-0.93,3.44
-0.0,0.07,0.94,0.04,0.12,0.08,-0.06,3.96
0.0,0.07,0.95,0.02,0.12,0.07,0.17,4.37
0.01,0.08,0.95,0.01,0.12,0.08,0.84,4.72
0.02,0.08,0.96,-0.03,0.11,0.08,0.98,4.96
0.02,0.09,0.96,-0.05,0.1,0.08,1.13,5.1
0.03,0.1,0.97,-0.05,0.07,0.09,1.67,5.63
0.03,0.1,0.97,-0.06,0.06,0.07,2.05,5.62
0.04,0.1,0.97,-0.08,0.05,0.06,2.56,5.61
0.04,0.09,0.98,-0.1,0.02,0.05,2.41,5.28
0.04,0.08,0.98,-0.11,-0.02,0.04,2.33,4.57
0.04,0.08,0.98,-0.11,-0.03,0.03,2.37,4.91
0.03,0.08,0.98,-0.11,-0.02,0.02,2.02,4.63
0.02,0.08,0.99,-0.11,-0.03,0.01,1.43,4.8
0.02,0.08,0.98,-0.12,-0.03,0.01,0.92,4.86
0.0,0.08,0.97,-0.1,-0.04,0.0,0.13,4.75
-0.0,0.08,0.96,-0.1,-0.01,0.0,-0.1,4.75
-0.01,0.07,0.96,-0.12,-0.01,-0.0,-0.56,4.38
-0.02,0.07,0.96,-0.1,-0.01,-0.0,-1.05,4.13
-0.02,0.07,0.95,-0.11,0.01,0.0,-1.13,4.1
-0.02,0.07,0.94,-0.12,0.06,-0.0,-1.28,4.09
-0.03,0.07,0.93,-0.13,0.07,0.0,-1.77,4.0
-0.03,0.07,0.93,-0.16,0.08,0.01,-1.75,4.0
-0.04,0.05,0.93,-0.19,0.12,0.0,-2.34,3.25
-0.04,0.05,0.93,-0.2,0.13,0.02,-2.27,3.24
-0.04,0.05,0.95,-0.23,0.16,0.02,-2.65,3.28
-0.04,0.05,0.97,-0.25,0.15,0.03,-2.45,3.07
-0.04,0.05,0.99,-0.24,0.13,0.04,-2.11,3.04
-0.04,0.05,1.01,-0.26,0.13,0.04,-2.1,2.75
-0.04,0.06,1.03,-0.26,0.11,0.04,-2.12,3.21
-0.04,0.06,1.05,-0.25,0.09,0.05,-1.97,3.12
-0.03,0.06,1.07,-0.24,0.06,0.05,-1.5,3.17
-0.04,0.06,1.09,-0.21,0.05,0.05,-1.85,3.07
-0.03,0.05,1.08,-0.2,0.05,0.05,-1.7,2.58
-0.02,0.05,1.08,-0.16,0.04,0.05,-1.31,2.54
-0.01,0.05,1.09,-0.14,0.02,0.06,-0.73,2.42
-0.01,0.05,1.07,-0.1,0.03,0.05,-0.63,2.5
-0.01,0.05,1.07,-0.09,0.05,0.04,-0.47,2.48
-0.02,0.05,1.05,-0.08,0.06,0.04,-0.98,2.74
-0.02,0.05,1.05,-0.05,0.05,0.04,-1.03,2.7
-0.03,0.05,1.04,-0.04,0.05,0.04,-1.48,2.52
-0.02,0.05,1.03,-0.04,0.07,0.05,-1.28,2.83
-0.02,0.05,1.03,-0.04,0.05,0.06,-1.37,2.62
-0.02,0.05,1.03,-0.04,0.04,0.06,-1.19,2.71
-0.01,0.06,1.04,-0.04,0.04,0.07,-0.75,3.44
-0.01,0.07,1.05,-0.01,0.03,0.06,-0.37,3.57
-0.01,0.07,1.06,0.01,0.03,0.06,-0.42,3.6
-0.01,0.06,1.05,0.04,0.03,0.06,-0.8,3.25
-0.02,0.05,1.04,0.08,0.05,0.06,-0.86,3.0
-0.02,0.05,1.03,0.07,0.09,0.06,-0.97,2.66
-0.02,0.05,1.0,0.1,0.09,0.07,-1.14,2.99
-0.01,0.06,0.98,0.11,0.1,0.07,-0.86,3.49
-0.02,0.06,0.97,0.11,0.11,0.06,-0.94,3.69
-0.02,0.06,0.97,0.09,0.13,0.07,-1.05,3.42
-0.01,0.05,0.97,0.1,0.14,0.07,-0.64,3.19
-0.01,0.06,0.95,0.1,0.12,0.07,-0.31,3.57
0.01,0.06,0.96,0.08,0.11,0.08,0.33,3.69
0.01,0.07,0.95,0.07,0.15,0.07,0.75,4.22
0.02,0.08,0.96,0.05,0.14,0.08,0.97,4.47
0.02,0.08,0.96,0.05,0.13,0.07,1.42,4.93
0.03,0.09,0.97,0.05,0.11,0.06,1.61,5.15
0.03,0.09,0.97,0.04,0.11,0.05,1.5,5.33
0.02,0.09,0.97,0.01,0.09,0.05,1.44,5.34
0.03,0.09,0.97,0.02,0.06,0.05,1.48,5.06
0.03,0.09,0.97,0.01,0.05,0.04,1.6,5.5
0.03,0.09,0.96,0.01,0.06,0.04,1.73,5.55
0.03,0.1,0.95,0.02,0.07,0.04,1.6,5.82
0.02,0.1,0.95,0.02,0.08,0.02,1.41,5.98
0.02,0.1,0.94,0.03,0.09,0.02,1.1,5.98
0.02,0.1,0.92,0.02,0.12,0.01,1.02,5.98
0.01,0.1,0.9,-0.01,0.15,0.01,0.37,6.29
0.01,0.09,0.9,-0.01,0.14,0.02,0.58,5.62
0.01,0.1,0.89,-0.02,0.15,0.02,0.79,6.17
0.02,0.1,0.89,-0.04,0.16,0.02,1.41,6.53
0.02,0.11,0.9,-0.06,0.17,0.0,1.42,6.75
0.02,0.1,0.9,-0.07,0.18,0.0,1.13,6.56
0.02,0.1,0.91,-0.08,0.18,0.0,1.03,6.12
0.01,0.1,0.9,-0.1,0.18,-0.0,0.6,6.24
0.01,0.1,0.9,-0.11,0.19,-0.01,0.48,6.53
0.0,0.11,0.91,-0.12,0.16,0.0,0.08,6.66
-0.0,0.1,0.91,-0.13,0.15,0.0,-0.09,6.22
-0.01,0.1,0.92,-0.13,0.15,-0.01,-0.43,6.36
-0.01,0.1,0.91,-0.14,0.15,0.0,-0.85,6.3
-0.03,0.1,0.93,-0.13,0.14,0.01,-1.67,6.2
-0.02,0.11,0.93,-0.13,0.14,0.01,-1.44,6.77
-0.03,0.1,0.93,-0.1,0.11,0.02,-1.91,6.04
-0.03,0.09,0.93,-0.1,0.14,0.03,-1.81,5.68
-0.04,0.08,0.91,-0.08,0.14,0.04,-2.24,5.2
-0.04,0.09,0.91,-0.06,0.16,0.04,-2.22,5.61
-0.04,0.09,0.91,-0.05,0.19,0.04,-2.76,5.4
-0.05,0.08,0.9,-0.04,0.24,0.04,-3.33,5.23
-0.05,0.08,0.89,-0.02,0.26,0.06,-3.49,4.83
-0.05,0.08,0.89,0.02,0.28,0.07,-3.5,5.09
-0.05,0.08,0.87,0.02,0.31,0.08,-3.22,5.13
-0.04,0.08,0.87,0.03,0.34,0.1,-2.69,5.19
-0.03,0.08,0.86,0.03,0.37,0.11,-2.16,5.27
-0.03,0.09,0.85,0.03,0.38,0.12,-1.94,6.28
-0.01,0.09,0.85,0.04,0.4,0.13,-0.84,6.08
-0.0,0.09,0.84,0.04,0.43,0.13,-0.24,6.32
0.0,0.09,0.85,0.03,0.44,0.14,0.13,6.31
0.01,0.1,0.84,0.04,0.44,0.14,0.84,6.67
0.03,0.1,0.84,0.04,0.43,0.15,1.72,6.92
0.03,0.1,0.84,0.03,0.44,0.14,1.92,7.12
0.03,0.1,0.84,0.03,0.43,0.14,2.06,6.86
0.03,0.1,0.83,0.02,0.43,0.14,2.25,7.13
0.03,0.1,0.83,0.04,0.4,0.13,1.98,7.11
0.04,0.1,0.82,0.01,0.41,0.12,2.78,7.16
0.04,0.1,0.81,0.01,0.41,0.12,2.9,6.93
0.04,0.11,0.8,0.01,0.4,0.11,2.49,7.44
0.03,0.11,0.81,0.0,0.4,0.12,2.05,7.44
0.02,0.1,0.81,-0.01,0.44,0.1,1.58,7.3
0.02,0.1,0.81,-0.0,0.44,0.11,1.11,6.88
0.01,0.09,0.8,0.01,0.44,0.11,0.85,6.61
0.01,0.09,0.8,-0.02,0.48,0.11,0.62,6.53
0.01,0.1,0.8,-0.0,0.48,0.11,0.44,6.87
0.01,0.1,0.8,-0.0,0.5,0.12,0.42,6.78
0.0,0.09,0.8,0.01,0.51,0.12,0.25,6.11
0.01,0.08,0.79,0.02,0.53,0.13,0.93,5.84
0.01,0.08,0.78,0.02,0.58,0.11,1.0,5.66
0.01,0.08,0.78,0.01,0.6,0.11,0.9,6.08
0.01,0.08,0.77,0.01,0.62,0.12,0.65,5.93
0.01,0.08,0.77,0.01,0.63,0.11,0.83,5.75
0.01,0.06,0.75,-0.02,0.67,0.1,0.49,4.93
0.01,0.07,0.75,-0.04,0.66,0.11,1.04,5.57
0.02,0.08,0.76,-0.07,0.68,0.11,1.73,6.08
0.02,0.09,0.77,-0.09,0.67,0.12,1.51,6.63
0.02,0.09,0.78,-0.11,0.69,0.11,1.58,6.26
0.03,0.08,0.79,-0.13,0.69,0.1,1.83,5.8
0.03,0.08,0.8,-0.13,0.68,0.1,2.4,5.57
0.04,0.08,0.8,-0.14,0.68,0.09,3.04,5.6
0.04,0.09,0.81,-0.15,0.7,0.06,3.07,6.13
0.04,0.08,0.82,-0.17,0.73,0.05,2.61,5.33
0.02,0.07,0.82,-0.16,0.72,0.03,1.56,4.77
0.01,0.06,0.83,-0.18,0.73,0.03,0.94,3.92
-0.01,0.06,0.85,-0.18,0.72,0.03,-0.48,3.76
-0.01,0.06,0.87,-0.17,0.72,0.02,-0.98,3.81
-0.02,0.06,0.88,-0.16,0.71,0.02,-1.02,3.79
-0.01,0.07,0.89,-0.13,0.7,0.01,-0.4,4.46
-0.0,0.07,0.89,-0.1,0.72,0.01,-0.17,4.77
-0.01,0.07,0.89,-0.08,0.77,-0.0,-0.71,4.51
-0.01,0.08,0.88,-0.04,0.78,-0.0,-0.68,5.2
0.0,0.07,0.87,-0.0,0.8,-0.01,0.03,4.63
-0.0,0.07,0.86,0.03,0.85,-0.04,-0.32,4.33
-0.01,0.06,0.84,0.05,0.86,-0.05,-0.64,3.99
-0.03,0.07,0.83,0.05,0.87,-0.06,-1.93,4.52
-0.04,0.06,0.81,0.04,0.87,-0.06,-2.54,4.29
-0.06,0.05,0.81,0.02,0.85,-0.05,-4.48,3.75
-0.07,0.05,0.81,-0.02,0.83,-0.03,-5.1,3.62
-0.08,0.05,0.8,-0.06,0.75,0.01,-5.8,3.39
-0.07,0.04,0.8,-0.08,0.68,0.02,-5.35,3.02
-0.07,0.02,0.8,-0.13,0.61,0.03,-5.0,1.74
-0.07,0.04,0.81,-0.19,0.57,0.04,-4.62,2.54
-0.06,0.04,0.81,-0.26,0.49,0.07,-4.48,3.05
-0.06,0.03,0.82,-0.3,0.46,0.07,-3.87,2.26
-0.04,0.02,0.83,-0.38,0.48,0.06,-2.98,1.38
-0.05,0.01,0.86,-0.42,0.48,0.06,-3.01,0.58
-0.05,0.01,0.9,-0.46,0.48,0.06,-3.18,0.61
-0.05,0.01,0.94,-0.49,0.49,0.05,-3.27,0.56
-0.05,0.0,0.96,-0.49,0.51,0.04,-3.08,0.18
-0.05,0.0,0.98,-0.49,0.55,0.04,-2.72,0.01
-0.04,0.0,1.01,-0.49,0.59,0.03,-2.36,0.13
-0.05,0.01,1.05,-0.46,0.61,0.03,-2.63,0.52
-0.06,0.02,1.08,-0.43,0.63,0.03,-3.31,0.93
-0.06,0.02,1.09,-0.39,0.67,0.03,-3.36,1.0
-0.07,0.02,1.12,-0.33,0.68,0.05,-3.35,1.19
-0.07,0.02,1.11,-0.27,0.74,0.04,-3.78,1.07
-0.05,0.04,1.1,-0.21,0.75,0.05,-2.72,2.04
-0.06,0.04,1.13,-0.14,0.78,0.04,-2.81,2.28
-0.05,0.05,1.12,-0.07,0.82,0.04,-2.72,2.8
-0.05,0.05,1.1,0.01,0.83,0.04,-2.78,2.43
-0.06,0.03,1.05,0.06,0.84,0.05,-3.01,1.8
-0.05,0.02,1.01,0.09,0.88,0.02,-2.89,1.34
-0.06,0.02,0.98,0.08,0.9,0.02,-3.51,0.96
-0.06,0.02,0.95,0.06,0.91,0.01,-3.9,1.17
-0.08,0.02,0.94,0.03,0.91,0.01,-4.65,1.11
-0.08,0.01,0.94,0.01,0.87,0.01,-5.01,0.52
-0.08,0.01,0.93,-0.02,0.85,0.01,-4.88,0.38
-0.07,0.01,0.95,-0.06,0.8,0.01,-4.16,0.69
-0.06,0.02,0.97,-0.06,0.75,0.02,-3.74,1.19
-0.06,0.02,0.98,-0.07,0.73,-0.01,-3.27,1.4
-0.06,0.02,0.99,-0.06,0.72,-0.02,-3.32,1.16
-0.06,0.02,1.0,-0.05,0.72,-0.03,-3.2,1.4
-0.07,0.03,1.02,0.0,0.72,-0.05,-4.05,1.66
-0.07,0.04,1.03,0.02,0.75,-0.05,-4.01,1.98
-0.09,0.03,1.03,0.07,0.77,-0.06,-4.74,1.87
-0.09,0.03,1.02,0.09,0.81,-0.05,-4.93,1.5
-0.11,0.03,0.99,0.15,0.82,-0.05,-6.56,1.52
-0.12,0.02,0.98,0.18,0.84,-0.04,-7.14,1.3
-0.13,0.03,0.97,0.2,0.88,-0.03,-7.46,1.6
-0.13,0.01,0.95,0.21,0.91,-0.01,-7.62,0.82
-0.14,0.01,0.92,0.22,0.93,0.01,-8.47,0.78
-0.13,0.02,0.9,0.2,0.95,0.04,-8.31,1.11
-0.12,0.02,0.88,0.16,0.99,0.04,-7.65,1.62
-0.1,0.03,0.88,0.11,1.0,0.05,-6.42,2.04
-0.08,0.03,0.89,0.07,0.98,0.06,-5.0,2.14
-0.06,0.04,0.91,0.05,0.94,0.06,-3.61,2.69
-0.03,0.04,0.93,0.03,0.94,0.04,-2.14,2.72
-0.01,0.05,0.94,0.0,0.92,0.03,-0.6,2.84
0.01,0.05,0.96,0.03,0.89,-0.0,0.55,2.98
0.02,0.05,0.97,0.05,0.89,-0.03,1.37,2.89
0.02,0.05,0.96,0.05,0.91,-0.07,1.3,2.71
0.01,0.04,0.97,0.07,0.9,-0.1,0.4,2.62
-0.01,0.04,0.97,0.09,0.88,-0.12,-0.58,2.43
-0.04,0.04,0.97,0.11,0.89,-0.14,-2.15,2.52
-0.05,0.05,0.97,0.14,0.88,-0.14,-3.05,2.96
-0.06,0.06,0.98,0.17,0.89,-0.14,-3.24,3.44
-0.05,0.07,0.96,0.2,0.88,-0.14,-3.23,3.85
-0.05,0.08,0.95,0.24,0.89,-0.14,-3.22,4.72
-0.06,0.08,0.94,0.26,0.92,-0.16,-3.54,4.63
-0.06,0.08,0.92,0.28,0.94,-0.17,-3.64,4.73
-0.07,0.07,0.9,0.31,0.93,-0.17,-4.53,4.24
-0.08,0.05,0.87,0.32,0.92,-0.19,-4.95,3.43
-0.08,0.04,0.84,0.3,0.94,-0.19,-5.42,2.86
-0.08,0.04,0.82,0.3,0.91,-0.2,-5.87,2.45
-0.09,0.03,0.81,0.26,0.93,-0.22,-6.46,2.09
-0.11,0.02,0.79,0.23,0.9,-0.22,-7.77,1.16
-0.12,0.0,0.79,0.18,0.87,-0.23,-8.29,0.14
-0.11,0.0,0.79,0.11,0.82,-0.22,-7.64,0.15
-0.13,-0.0,0.8,0.05,0.78,-0.23,-9.02,-0.29
-0.12,-0.0,0.79,-0.01,0.73,-0.22,-8.64,-0.08
-0.11,-0.0,0.8,-0.08,0.7,-0.22,-7.74,-0.09
-0.12,0.01,0.82,-0.17,0.69,-0.21,-8.0,0.54
-0.11,0.01,0.85,-0.23,0.61,-0.19,-7.53,0.83
-0.1,0.01,0.87,-0.31,0.57,-0.19,-6.72,0.92
-0.08,0.02,0.91,-0.37,0.52,-0.18,-5.22,1.22
-0.05,0.02,0.96,-0.42,0.47,-0.18,-3.16,1.17
-0.02,0.02,1.01,-0.44,0.43,-0.2,-0.95,1.01
0.01,0.02,1.04,-0.44,0.41,-0.22,0.76,1.11
0.02,0.03,1.07,-0.42,0.4,-0.26,1.19,1.5
0.01,0.03,1.08,-0.4,0.44,-0.29,0.74,1.57
-0.01,0.03,1.11,-0.37,0.46,-0.31,-0.53,1.7
-0.02,0.03,1.13,-0.32,0.48,-0.33,-1.24,1.58
-0.03,0.03,1.14,-0.26,0.53,-0.35,-1.34,1.5
-0.04,0.03,1.14,-0.22,0.57,-0.37,-1.93,1.75
-0.05,0.04,1.14,-0.17,0.62,-0.37,-2.69,2.07
-0.08,0.05,1.12,-0.12,0.65,-0.37,-4.07,2.5
-0.08,0.05,1.12,-0.05,0.7,-0.37,-4.28,2.76
-0.09,0.05,1.12,-0.03,0.76,-0.36,-4.78,2.67
-0.1,0.06,1.11,0.01,0.81,-0.35,-5.24,2.86
-0.11,0.06,1.1,0.06,0.84,-0.33,-5.88,2.86
-0.12,0.05,1.08,0.11,0.87,-0.32,-6.24,2.6
-0.12,0.04,1.09,0.12,0.88,-0.31,-6.4,1.88
-0.12,0.02,1.08,0.15,0.87,-0.3,-6.42,1.27
-0.12,0.01,1.05,0.17,0.85,-0.28,-6.64,0.38
-0.13,-0.01,1.03,0.15,0.85,-0.28,-7.01,-0.3
-0.15,-0.02,1.0,0.14,0.82,-0.27,-8.43,-0.85
-0.17,-0.01,0.99,0.11,0.8,-0.24,-9.92,-0.83
-0.18,-0.02,0.97,0.07,0.76,-0.22,-10.71,-1.18
-0.2,-0.02,0.96,0.03,0.71,-0.19,-11.56,-1.01
-0.2,-0.01,0.94,-0.04,0.69,-0.16,-11.74,-0.63
-0.19,-0.0,0.94,-0.12,0.67,-0.12,-11.17,-0.14
-0.17,0.02,0.92,-0.19,0.64,-0.09,-10.66,1.15
-0.15,0.04,0.92,-0.24,0.61,-0.07,-9.09,2.39
-0.12,0.07,0.93,-0.29,0.62,-0.06,-7.3,4.12
-0.09,0.09,0.95,-0.33,0.6,-0.07,-5.55,5.29
-0.06,0.1,0.99,-0.35,0.6,-0.08,-3.29,5.66
-0.04,0.08,1.02,-0.36,0.55,-0.1,-2.09,4.51
-0.02,0.06,1.05,-0.32,0.53,-0.12,-1.21,3.3
-0.02,0.06,1.06,-0.33,0.53,-0.13,-0.96,3.01
-0.0,0.06,1.06,-0.3,0.49,-0.15,-0.21,3.31
0.01,0.07,1.05,-0.26,0.47,-0.18,0.29,3.74
0.01,0.06,1.04,-0.22,0.49,-0.22,0.53,3.48
0.0,0.05,1.02,-0.19,0.51,-0.26,0.16,2.91
-0.02,0.05,0.99,-0.17,0.53,-0.31,-0.9,2.66
-0.04,0.04,0.98,-0.18,0.53,-0.32,-2.59,2.18
-0.08,0.03,0.96,-0.18,0.53,-0.34,-4.59,1.88
-0.1,0.02,0.95,-0.22,0.53,-0.36,-6.17,1.17
-0.13,0.01,0.93,-0.26,0.5,-0.34,-8.05,0.78
-0.17,0.02,0.93,-0.3,0.48,-0.33,-10.59,1.01
-0.19,0.02,0.93,-0.36,0.47,-0.31,-11.75,1.12
-0.22,0.01,0.95,-0.44,0.47,-0.28,-12.83,0.69
-0.22,0.0,0.98,-0.51,0.46,-0.23,-12.77,0.03
-0.21,-0.01,1.02,-0.55,0.46,-0.2,-11.72,-0.73
-0.19,-0.01,1.06,-0.6,0.47,-0.14,-10.35,-0.7
-0.17,-0.01,1.09,-0.63,0.51,-0.1,-8.66,-0.37
-0.13,0.02,1.13,-0.65,0.55,-0.06,-6.45,0.84
-0.08,0.04,1.16,-0.64,0.56,-0.03,-4.16,1.88
-0.04,0.05,1.2,-0.62,0.57,-0.02,-2.11,2.49
-0.02,0.07,1.23,-0.57,0.61,-0.03,-0.73,3.06
0.01,0.08,1.24,-0.52,0.65,-0.01,0.52,3.8
0.04,0.1,1.25,-0.43,0.69,-0.02,1.91,4.66
0.07,0.12,1.25,-0.35,0.73,-0.03,3.16,5.45
0.1,0.14,1.24,-0.26,0.78,-0.07,4.63,6.51
0.11,0.15,1.22,-0.18,0.81,-0.1,5.12,6.82
0.08,0.14,1.2,-0.11,0.85,-0.13,3.96,6.76
0.04,0.11,1.17,-0.05,0.87,-0.15,2.08,5.57
0.0,0.09,1.15,-0.05,0.91,-0.15,0.03,4.64
-0.03,0.07,1.12,-0.07,0.92,-0.14,-1.46,3.66
-0.02,0.07,1.11,-0.09,0.9,-0.12,-1.06,3.79
-0.01,0.08,1.11,-0.13,0.89,-0.1,-0.26,4.03
0.01,0.08,1.13,-0.14,0.9,-0.1,0.7,3.85
0.03,0.08,1.14,-0.17,0.89,-0.09,1.65,3.79
0.04,0.07,1.14,-0.18,0.88,-0.08,1.84,3.36
0.05,0.07,1.14,-0.19,0.89,-0.09,2.39,3.64
0.07,0.09,1.16,-0.2,0.89,-0.08,3.21,4.43
0.09,0.11,1.18,-0.19,0.89,-0.08,4.11,5.28
0.1,0.12,1.21,-0.15,0.85,-0.08,4.65,5.46
0.09,0.11,1.2,-0.11,0.83,-0.08,4.33,5.43
0.09,0.1,1.2,-0.07,0.83,-0.09,4.07,4.52
0.06,0.09,1.18,-0.07,0.83,-0.08,3.14,4.52
0.05,0.11,1.15,-0.09,0.81,-0.06,2.49,5.29
0.05,0.11,1.14,-0.06,0.8,-0.06,2.36,5.65
0.05,0.12,1.13,-0.05,0.82,-0.07,2.34,6.0
0.05,0.12,1.13,-0.05,0.82,-0.06,2.39,5.82
0.04,0.11,1.12,-0.06,0.81,-0.08,2.28,5.54
0.03,0.1,1.12,-0.06,0.8,-0.07,1.58,5.33
0.02,0.1,1.11,-0.08,0.8,-0.08,1.24,5.16
0.01,0.09,1.1,-0.11,0.8,-0.08,0.68,4.43
-0.0,0.07,1.12,-0.15,0.78,-0.07,-0.19,3.42
-0.03,0.04,1.12,-0.19,0.77,-0.05,-1.52,2.26
-0.04,0.04,1.12,-0.23,0.76,-0.02,-2.21,1.95
-0.03,0.05,1.14,-0.3,0.77,0.02,-1.61,2.48
0.0,0.06,1.15,-0.35,0.74,0.06,0.02,2.82
0.04,0.08,1.16,-0.37,0.73,0.08,1.73,3.89
0.07,0.09,1.17,-0.39,0.7,0.1,3.21,4.63
0.09,0.11,1.18,-0.37,0.67,0.1,4.36,5.39
0.11,0.13,1.2,-0.36,0.63,0.12,5.21,6.1
0.13,0.14,1.21,-0.34,0.6,0.12,6.22,6.69
0.15,0.14,1.2,-0.31,0.56,0.12,6.96,6.82
0.16,0.15,1.19,-0.28,0.57,0.12,7.66,7.07
0.15,0.15,1.18,-0.22,0.55,0.11,7.25,7.03
0.13,0.13,1.17,-0.18,0.55,0.1,6.41,6.31
0.11,0.11,1.15,-0.15,0.55,0.09,5.21,5.46
0.09,0.1,1.14,-0.16,0.55,0.09,4.63,4.99
0.09,0.1,1.12,-0.16,0.54,0.1,4.75,4.88
0.09,0.09,1.12,-0.18,0.53,0.1,4.79,4.52
0.1,0.09,1.11,-0.19,0.53,0.1,5.05,4.79
0.11,0.1,1.11,-0.2,0.54,0.09,5.65,4.99
0.11,0.1,1.11,-0.19,0.52,0.11,5.52,5.25
0.1,0.1,1.1,-0.19,0.51,0.1,5.42,5.07
0.12,0.11,1.11,-0.19,0.49,0.1,5.93,5.67
0.12,0.11,1.1,-0.16,0.48,0.09,6.0,5.71
0.11,0.1,1.1,-0.16,0.46,0.08,5.72,5.25
0.1,0.11,1.08,-0.17,0.43,0.09,5.05,5.57
0.08,0.11,1.08,-0.17,0.44,0.08,4.33,5.62
0.07,0.1,1.08,-0.15,0.4,0.09,3.76,5.12
0.07,0.1,1.09,-0.16,0.38,0.11,3.45,5.09
0.07,0.1,1.09,-0.17,0.36,0.11,3.75,5.02
0.08,0.09,1.08,-0.16,0.32,0.12,4.0,4.96
0.08,0.1,1.08,-0.16,0.31,0.11,4.31,5.22
0.09,0.09,1.08,-0.17,0.3,0.12,4.49,4.98
0.1,0.09,1.09,-0.17,0.28,0.13,5.01,4.68
0.1,0.1,1.09,-0.16,0.26,0.14,5.43,5.0
0.11,0.11,1.09,-0.17,0.27,0.14,5.91,5.62
0.13,0.12,1.09,-0.16,0.26,0.15,6.76,6.3
0.15,0.13,1.09,-0.16,0.28,0.13,7.59,6.87
0.17,0.14,1.1,-0.11,0.26,0.12,8.53,7.31
0.17,0.15,1.1,-0.09,0.28,0.11,8.9,7.57
0.18,0.15,1.09,-0.06,0.3,0.09,9.26,7.84
0.18,0.15,1.07,0.0,0.31,0.08,9.3,7.81
0.17,0.16,1.05,0.04,0.29,0.07,9.12,8.38
0.17,0.16,1.03,0.08,0.32,0.02,9.22,8.49
0.16,0.16,1.02,0.11,0.33,0.0,9.03,8.73
0.14,0.15,1.02,0.14,0.34,-0.03,7.95,8.37
0.14,0.15,1.02,0.17,0.35,-0.06,7.56,8.06
0.11,0.13,1.01,0.23,0.34,-0.06,6.26,7.4
0.09,0.12,1.0,0.25,0.36,-0.07,5.33,6.8
0.08,0.1,0.99,0.26,0.36,-0.07,4.58,5.79
0.05,0.09,0.97,0.27,0.35,-0.08,3.01,5.43
0.03,0.07,0.96,0.27,0.34,-0.08,1.59,4.23
0.0,0.06,0.96,0.24,0.34,-0.09,0.08,3.52
-0.03,0.04,0.96,0.2,0.31,-0.07,-1.49,2.55
-0.04,0.03,0.95,0.17,0.25,-0.05,-2.65,1.93
-0.05,0.03,0.94,0.11,0.22,-0.02,-3.0,1.8
-0.05,0.03,0.93,0.06,0.16,-0.0,-3.06,1.57
-0.04,0.03,0.93,0.0,0.13,0.02,-2.56,1.88
-0.04,0.02,0.93,-0.06,0.08,0.03,-2.51,1.39
-0.04,0.03,0.93,-0.1,0.04,0.04,-2.2,1.82
-0.03,0.04,0.94,-0.16,0.01,0.04,-1.66,2.15
-0.01,0.04,0.94,-0.22,-0.02,0.07,-0.54,2.6
0.01,0.06,0.95,-0.23,-0.06,0.07,0.64,3.64
0.04,0.08,0.97,-0.24,-0.1,0.08,2.1,4.78
0.05,0.09,0.98,-0.24,-0.09,0.07,3.11,5.39
0.07,0.09,1.0,-0.22,-0.11,0.05,3.93,5.4
0.08,0.1,1.01,-0.2,-0.1,0.05,4.47,5.86
0.08,0.12,1.02,-0.17,-0.11,0.05,4.62,6.47
0.08,0.11,1.02,-0.15,-0.08,0.03,4.49,6.31
0.08,0.12,1.02,-0.1,-0.07,0.02,4.38,6.61
0.08,0.12,1.02,-0.06,-0.07,0.01,4.38,6.67
0.08,0.12,1.01,-0.01,-0.06,0.01,4.34,6.59
0.06,0.11,1.01,0.01,-0.0,-0.02,3.35,6.25
0.05,0.1,1.0,0.07,0.0,-0.03,2.69,5.83
0.03,0.09,0.99,0.08,0.0,-0.03,1.44,5.22
0.01,0.09,0.97,0.11,0.03,-0.04,0.74,5.08
-0.0,0.07,0.96,0.12,0.02,-0.02,-0.29,4.22
-0.01,0.06,0.96,0.09,0.05,-0.04,-0.68,3.58
-0.02,0.05,0.95,0.09,0.03,-0.03,-1.27,2.9
-0.03,0.04,0.94,0.06,0.01,-0.02,-1.67,2.39
-0.03,0.03,0.94,0.04,0.02,-0.02,-1.7,1.99
-0.02,0.04,0.95,-0.0,0.01,-0.02,-0.93,2.54
-0.0,0.05,0.95,-0.02,-0.03,-0.0,-0.29,2.88
0.01,0.06,0.95,-0.03,-0.06,-0.01,0.8,3.51
0.03,0.07,0.97,-0.04,-0.07,-0.02,1.48,4.06
0.03,0.08,0.99,-0.05,-0.09,-0.02,1.78,4.77
0.04,0.1,1.01,-0.02,-0.12,-0.02,2.14,5.56
0.05,0.1,1.03,0.01,-0.16,-0.0,2.7,5.66
0.05,0.11,1.03,0.04,-0.16,-0.01,2.8,5.92
0.07,0.12,1.03,0.08,-0.15,-0.02,3.94,6.43
0.05,0.11,1.01,0.12,-0.14,-0.03,3.08,6.25
0.06,0.1,1.0,0.18,-0.12,-0.04,3.44,5.94
0.04,0.1,1.0,0.21,-0.07,-0.06,2.25,6.02
0.02,0.1,1.0,0.24,-0.03,-0.07,1.06,5.44
-0.0,0.08,0.98,0.27,-0.01,-0.08,-0.22,4.51
-0.03,0.07,0.98,0.29,0.01,-0.08,-1.51,3.82
-0.03,0.05,0.96,0.31,0.02,-0.09,-2.03,3.2
-0.05,0.04,0.95,0.29,0.04,-0.09,-2.98,2.13
-0.05,0.03,0.94,0.29,0.04,-0.09,-3.11,1.72
-0.06,0.02,0.92,0.27,0.03,-0.08,-3.73,0.97
-0.07,0.01,0.92,0.25,0.03,-0.09,-4.63,0.57
-0.08,0.01,0.91,0.23,0.04,-0.08,-4.96,0.69
-0.08,0.01,0.91,0.2,0.03,-0.07,-5.2,0.78
-0.08,0.01,0.9,0.17,0.02,-0.07,-4.99,0.91
-0.08,0.01,0.91,0.16,0.0,-0.07,-4.98,0.76
-0.08,0.02,0.92,0.14,-0.01,-0.07,-5.09,1.24
-0.09,0.02,0.92,0.11,-0.02,-0.05,-5.41,1.03
-0.09,0.02,0.92,0.09,-0.03,-0.03,-5.81,1.22
-0.11,0.01,0.92,0.08,-0.05,-0.01,-6.52,0.7
-0.1,0.02,0.93,0.03,-0.06,0.01,-6.3,1.02
-0.09,0.03,0.92,0.01,-0.08,0.03,-5.9,1.68
-0.07,0.03,0.9,-0.01,-0.09,0.05,-4.71,2.03
-0.05,0.04,0.91,-0.03,-0.1,0.05,-3.1,2.57
-0.03,0.05,0.92,-0.06,-0.09,0.04,-2.16,3.38
-0.02,0.06,0.92,-0.06,-0.09,0.04,-1.45,3.86
-0.01,0.07,0.93,-0.06,-0.11,0.03,-0.69,4.26
-0.0,0.07,0.94,-0.06,-0.09,0.01,-0.22,4.06
-0.01,0.07,0.95,-0.04,-0.1,0.01,-0.68,4.2
-0.01,0.07,0.96,-0.04,-0.09,0.01,-0.62,4.44
-0.01,0.07,0.97,-0.02,-0.09,0.0,-0.87,4.34
-0.01,0.07,0.97,-0.0,-0.1,0.01,-0.73,4.41
-0.01,0.07,0.96,0.01,-0.08,-0.0,-0.6,4.35
-0.01,0.07,0.96,0.03,-0.05,-0.01,-0.67,4.39
-0.01,0.07,0.95,0.06,-0.04,-0.01,-0.72,4.34
-0.02,0.07,0.96,0.07,-0.03,-0.02,-1.38,4.46
-0.03,0.07,0.96,0.08,-0.01,-0.02,-2.01,4.2
-0.04,0.07,0.97,0.09,-0.01,-0.02,-2.21,4.27
-0.04,0.07,0.96,0.09,0.0,-0.01,-2.18,3.88
-0.04,0.06,0.95,0.13,-0.0,-0.01,-2.65,3.51
-0.04,0.05,0.94,0.13,0.0,-0.01,-2.67,3.3
-0.05,0.05,0.92,0.13,0.03,-0.01,-3.14,3.07
-0.05,0.04,0.91,0.11,0.03,-0.0,-3.3,2.62
-0.07,0.03,0.89,0.11,0.03,-0.0,-4.17,2.04
-0.07,0.03,0.9,0.09,0.04,-0.01,-4.69,1.63
-0.09,0.02,0.89,0.06,0.05,-0.01,-5.48,1.21
-0.09,0.02,0.9,0.03,0.04,0.0,-5.85,1.2
-0.08,0.02,0.91,0.0,0.03,0.01,-5.28,1.17
-0.08,0.02,0.9,-0.01,0.0,0.03,-5.18,1.07
-0.06,0.03,0.9,-0.05,0.01,0.03,-3.88,1.73
-0.05,0.04,0.9,-0.06,0.01,0.04,-3.25,2.25
-0.04,0.04,0.9,-0.06,-0.0,0.03,-2.64,2.6
-0.05,0.03,0.91,-0.09,-0.0,0.02,-3.18,2.03
-0.05,0.03,0.93,-0.1,0.01,0.02,-3.14,1.6
-0.05,0.03,0.94,-0.13,0.01,0.03,-2.8,2.1
-0.04,0.04,0.95,-0.1,-0.01,0.04,-2.12,2.5
-0.03,0.05,0.96,-0.11,0.0,0.05,-1.58,3.03
-0.01,0.04,0.96,-0.09,-0.0,0.05,-0.47,2.68
0.01,0.07,0.95,-0.11,0.0,0.06,0.51,3.98
0.01,0.07,0.95,-0.06,-0.0,0.05,0.68,4.09
0.01,0.07,0.95,-0.06,0.0,0.03,0.55,3.96
0.0,0.07,0.95,-0.04,0.02,0.02,0.09,4.05
0.0,0.06,0.95,-0.04,0.04,0.02,0.22,3.56
-0.0,0.06,0.94,-0.0,0.03,0.01,-0.29,3.68
-0.01,0.06,0.94,-0.01,0.04,0.01,-0.46,3.55
-0.01,0.05,0.92,-0.01,0.08,-0.0,-0.88,3.23
-0.03,0.05,0.92,-0.01,0.07,0.0,-1.62,3.01
-0.03,0.05,0.91,-0.02,0.07,-0.01,-1.65,2.9
-0.03,0.04,0.92,-0.03,0.05,-0.01,-1.57,2.25
-0.03,0.03,0.92,-0.05,0.06,-0.01,-1.84,1.95
-0.04,0.03,0.92,-0.08,0.06,-0.0,-2.36,1.91
-0.04,0.03,0.92,-0.09,0.04,0.0,-2.41,2.01
-0.03,0.04,0.92,-0.11,0.02,0.02,-2.06,2.2
-0.02,0.04,0.92,-0.14,0.04,0.0,-1.48,2.78
-0.02,0.05,0.92,-0.15,0.02,0.0,-1.14,2.89
-0.01,0.05,0.94,-0.14,0.08,-0.1,-0.76,3.15
-0.01,0.06,0.95,-0.18,-0.01,0.01,-0.63,3.73
-0.0,0.06,0.96,-0.17,-0.01,0.0,-0.27,3.83
0.0,0.07,0.96,-0.15,-0.0,-0.0,0.21,4.1
0.01,0.08,0.97,-0.14,-0.02,0.0,0.3,4.66
0.01,0.09,0.97,-0.12,-0.01,0.01,0.44,5.16
0.01,0.09,0.97,-0.12,0.02,-0.0,0.37,5.11
0.0,0.09,0.96,-0.09,0.02,-0.01,0.19,5.2
0.01,0.09,0.96,-0.06,0.04,-0.01,0.51,5.43
-0.0,0.08,0.95,-0.04,0.05,-0.03,-0.18,4.89
-0.01,0.07,0.95,-0.04,0.06,-0.04,-0.78,4.44
-0.02,0.07,0.94,-0.02,0.07,-0.04,-1.47,4.2
-0.04,0.06,0.94,-0.04,0.09,-0.04,-2.61,3.48
-0.05,0.06,0.93,-0.05,0.08,-0.03,-3.01,3.42
-0.06,0.05,0.92,-0.06,0.1,-0.04,-3.72,3.24
-0.07,0.05,0.93,-0.07,0.1,-0.04,-4.05,3.17
-0.06,0.06,0.93,-0.08,0.1,-0.03,-3.9,3.45
-0.07,0.05,0.93,-0.09,0.09,-0.03,-3.98,3.22
-0.06,0.05,0.93,-0.1,0.1,-0.03,-3.96,3.13
-0.06,0.05,0.93,-0.11,0.12,-0.02,-3.86,3.28
-0.07,0.06,0.93,-0.11,0.12,-0.02,-4.57,3.59
-0.07,0.06,0.93,-0.14,0.14,-0.02,-4.23,3.51
-0.07,0.06,0.95,-0.14,0.14,-0.02,-3.92,3.67
-0.06,0.06,0.96,-0.13,0.15,-0.02,-3.69,3.8
-0.06,0.07,0.97,-0.14,0.15,-0.0,-3.62,3.96
-0.05,0.07,0.99,-0.12,0.17,-0.02,-3.03,4.03
-0.05,0.08,0.98,-0.1,0.13,0.02,-2.81,4.6
-0.04,0.08,0.99,-0.08,0.17,0.01,-2.28,4.55
-0.04,0.08,0.99,-0.04,0.18,0.02,-2.48,4.56
-0.04,0.08,0.98,-0.02,0.2,0.01,-2.22,4.87
-0.03,0.08,0.98,0.01,0.24,-0.0,-1.82,4.85
-0.04,0.08,0.98,0.04,0.28,-0.01,-2.05,4.8
-0.04,0.08,0.99,0.06,0.31,-0.01,-2.26,4.33
-0.04,0.08,0.98,0.08,0.35,0.0,-2.59,4.5
-0.05,0.07,0.97,0.09,0.36,0.0,-2.92,4.21
-0.06,0.06,0.97,0.09,0.39,0.0,-3.29,3.71
-0.07,0.06,0.95,0.09,0.39,0.02,-4.01,3.52
-0.06,0.06,0.96,0.07,0.4,0.02,-3.41,3.3
-0.08,0.04,0.94,0.06,0.36,0.04,-4.57,2.28
-0.07,0.04,0.94,0.04,0.36,0.04,-4.21,2.22
-0.07,0.02,0.93,-0.02,0.34,0.07,-4.12,1.54
-0.07,0.02,0.92,-0.06,0.29,0.09,-4.53,1.26
-0.07,0.02,0.91,-0.14,0.24,0.11,-4.63,1.02
-0.06,0.01,0.92,-0.18,0.17,0.13,-3.47,0.68
-0.04,0.02,0.91,-0.25,0.11,0.14,-2.68,1.33
-0.02,0.03,0.92,-0.3,0.04,0.15,-1.37,1.62
-0.01,0.04,0.92,-0.35,-0.04,0.17,-0.55,2.19
0.01,0.04,0.94,-0.38,-0.08,0.16,0.9,2.74
0.04,0.06,0.96,-0.44,-0.11,0.17,2.42,3.43
0.07,0.07,0.98,-0.44,-0.14,0.17,3.84,4.21
0.09,0.09,1.01,-0.45,-0.16,0.16,4.9,4.85
0.11,0.09,1.04,-0.42,-0.16,0.15,5.84,5.19
0.11,0.1,1.07,-0.41,-0.16,0.14,5.62,5.39
0.11,0.1,1.1,-0.39,-0.12,0.13,5.59,5.38
0.12,0.12,1.12,-0.37,-0.12,0.13,6.22,5.85
0.14,0.13,1.15,-0.33,-0.07,0.13,6.9,6.38
0.16,0.14,1.17,-0.3,-0.02,0.13,7.71,6.73
0.16,0.13,1.17,-0.24,0.01,0.13,7.86,6.39
0.15,0.12,1.17,-0.19,0.04,0.12,7.48,5.87
0.13,0.12,1.16,-0.17,0.05,0.12,6.51,5.65
0.12,0.12,1.17,-0.18,0.06,0.13,5.9,5.58
0.14,0.11,1.17,-0.18,0.06,0.13,6.74,5.53
0.17,0.11,1.18,-0.19,0.08,0.13,8.05,5.3
0.19,0.11,1.18,-0.17,0.08,0.15,8.85,5.37
0.19,0.11,1.17,-0.19,0.11,0.14,9.0,5.39
0.18,0.11,1.16,-0.2,0.08,0.15,8.95,5.5
0.2,0.11,1.16,-0.24,0.06,0.15,9.55,5.49
0.2,0.12,1.15,-0.26,0.04,0.14,9.77,5.66
0.21,0.11,1.17,-0.31,0.03,0.12,9.96,5.3
0.22,0.12,1.17,-0.35,-0.01,0.13,10.38,5.6
0.22,0.11,1.18,-0.39,-0.09,0.13,10.48,5.42
0.22,0.13,1.19,-0.42,-0.13,0.13,10.41,5.98
0.24,0.13,1.2,-0.46,-0.2,0.14,11.02,6.18
0.25,0.13,1.22,-0.51,-0.25,0.14,11.7,6.07
0.27,0.14,1.24,-0.53,-0.3,0.13,12.4,6.37
0.29,0.16,1.26,-0.53,-0.31,0.12,13.02,6.98
0.31,0.17,1.3,-0.52,-0.29,0.11,13.47,7.27
0.33,0.17,1.33,-0.5,-0.26,0.09,13.83,7.21
0.34,0.17,1.36,-0.47,-0.23,0.08,13.79,7.03
0.34,0.17,1.36,-0.44,-0.22,0.08,14.02,6.74
0.36,0.18,1.35,-0.4,-0.18,0.07,14.82,7.27
0.37,0.19,1.33,-0.37,-0.19,0.05,15.46,7.99
0.38,0.22,1.33,-0.35,-0.25,0.03,15.71,8.97
0.38,0.21,1.31,-0.32,-0.29,0.0,15.83,8.83
0.41,0.23,1.32,-0.29,-0.34,-0.04,16.85,9.33
0.42,0.24,1.33,-0.25,-0.4,-0.07,17.05,9.76
0.42,0.26,1.34,-0.19,-0.48,-0.11,16.95,10.59
0.39,0.25,1.32,-0.12,-0.54,-0.15,16.23,10.22
0.37,0.23,1.32,-0.07,-0.57,-0.21,15.28,9.65
0.33,0.22,1.3,-0.02,-0.58,-0.26,13.9,9.51
0.3,0.21,1.3,0.04,-0.58,-0.3,12.67,8.91
0.25,0.18,1.3,0.07,-0.58,-0.33,10.8,7.66
0.2,0.16,1.29,0.11,-0.57,-0.36,8.81,7.1
0.15,0.14,1.27,0.12,-0.55,-0.38,6.85,6.09
0.1,0.11,1.24,0.13,-0.57,-0.39,4.7,4.98
0.06,0.09,1.23,0.13,-0.56,-0.39,2.75,4.06
0.01,0.06,1.2,0.08,-0.56,-0.39,0.39,2.7
-0.02,0.03,1.19,0.03,-0.57,-0.39,-1.05,1.62
-0.06,0.02,1.19,-0.03,-0.64,-0.36,-3.03,1.16
-0.1,0.02,1.22,-0.09,-0.72,-0.34,-4.87,0.76
-0.15,0.01,1.26,-0.17,-0.82,-0.27,-6.7,0.62
-0.17,0.01,1.29,-0.23,-0.97,-0.19,-7.57,0.31
-0.16,0.01,1.29,-0.29,-1.12,-0.09,-7.17,0.44
-0.13,0.03,1.29,-0.34,-1.25,-0.01,-5.87,1.25
-0.08,0.06,1.29,-0.36,-1.34,0.04,-3.73,2.6
-0.04,0.09,1.28,-0.39,-1.38,0.06,-1.95,3.86
-0.01,0.1,1.27,-0.39,-1.42,0.08,-0.4,4.53
0.01,0.11,1.26,-0.35,-1.42,0.07,0.63,5.02
0.03,0.12,1.26,-0.31,-1.41,0.05,1.21,5.27
0.02,0.12,1.27,-0.29,-1.38,0.02,0.88,5.51
-0.0,0.11,1.27,-0.24,-1.37,0.0,-0.08,5.0
-0.01,0.11,1.28,-0.2,-1.36,-0.03,-0.43,4.76
-0.02,0.1,1.28,-0.15,-1.33,-0.04,-1.09,4.47
-0.03,0.1,1.27,-0.1,-1.32,-0.06,-1.36,4.29
-0.03,0.09,1.26,-0.04,-1.31,-0.06,-1.46,4.06
-0.04,0.08,1.24,0.02,-1.3,-0.08,-1.94,3.68
-0.06,0.07,1.22,0.05,-1.29,-0.09,-2.89,3.13
-0.07,0.06,1.2,0.09,-1.24,-0.11,-3.14,2.79
-0.08,0.05,1.19,0.14,-1.22,-0.12,-4.08,2.49
-0.09,0.04,1.16,0.19,-1.19,-0.14,-4.26,1.91
-0.11,0.02,1.13,0.22,-1.13,-0.17,-5.8,0.78
-0.12,0.0,1.1,0.24,-1.1,-0.18,-6.19,0.02
-0.14,-0.02,1.07,0.26,-1.05,-0.2,-7.69,-0.9
-0.15,-0.02,1.05,0.25,-1.01,-0.22,-8.34,-1.11
-0.17,-0.03,1.02,0.25,-0.99,-0.24,-9.32,-1.8
-0.2,-0.05,1.0,0.24,-0.96,-0.26,-11.38,-2.62
-0.23,-0.06,1.0,0.21,-0.97,-0.24,-12.84,-3.27
-0.25,-0.07,0.99,0.19,-0.99,-0.23,-14.33,-3.89
-0.28,-0.07,0.98,0.15,-1.05,-0.21,-15.86,-4.11
-0.29,-0.09,0.96,0.1,-1.11,-0.17,-16.96,-4.95
-0.3,-0.09,0.95,0.03,-1.18,-0.13,-17.26,-4.87
-0.29,-0.08,0.94,-0.02,-1.23,-0.1,-16.82,-4.88
-0.27,-0.08,0.93,-0.07,-1.32,-0.07,-16.29,-4.54
-0.25,-0.07,0.92,-0.12,-1.38,-0.04,-15.18,-4.1
-0.23,-0.07,0.94,-0.16,-1.41,-0.03,-13.6,-4.05
-0.2,-0.05,0.93,-0.2,-1.43,-0.03,-11.87,-2.94
-0.18,-0.03,0.94,-0.21,-1.44,-0.02,-11.01,-2.01
-0.16,-0.02,0.93,-0.22,-1.42,-0.04,-9.96,-1.21
-0.14,-0.0,0.94,-0.23,-1.37,-0.07,-8.72,-0.24
-0.14,0.01,0.95,-0.2,-1.34,-0.09,-8.6,0.35
-0.14,0.0,0.96,-0.17,-1.3,-0.13,-8.34,0.19
-0.15,0.01,0.98,-0.16,-1.26,-0.15,-8.77,0.36
-0.17,-0.01,0.98,-0.13,-1.22,-0.15,-9.83,-0.76
-0.2,-0.03,0.99,-0.11,-1.17,-0.17,-11.36,-1.6
-0.23,-0.04,1.01,-0.09,-1.18,-0.15,-12.97,-2.01
-0.27,-0.04,1.03,-0.07,-1.21,-0.11,-14.87,-1.93
-0.3,-0.03,1.05,-0.06,-1.24,-0.05,-15.8,-1.32
-0.29,-0.02,1.06,-0.03,-1.28,0.03,-15.15,-1.24
-0.25,-0.02,1.06,-0.0,-1.34,0.11,-13.25,-0.81
-0.2,0.01,1.03,0.04,-1.36,0.14,-10.89,0.44
-0.16,0.04,1.01,0.08,-1.36,0.16,-8.77,2.04
-0.12,0.07,1.0,0.15,-1.37,0.18,-6.93,3.69
-0.09,0.07,0.99,0.19,-1.35,0.16,-5.32,4.07
-0.08,0.07,0.99,0.27,-1.32,0.13,-4.48,4.31
-0.07,0.06,0.97,0.34,-1.26,0.1,-3.93,3.61
-0.07,0.05,0.96,0.4,-1.22,0.08,-4.26,3.19
-0.09,0.04,0.93,0.45,-1.2,0.06,-5.44,2.36
-0.11,0.02,0.89,0.49,-1.16,0.03,-6.72,1.32
-0.13,-0.01,0.86,0.48,-1.13,0.02,-8.23,-0.44
-0.15,-0.03,0.84,0.47,-1.12,0.02,-10.11,-2.06
-0.16,-0.04,0.81,0.44,-1.11,0.0,-10.85,-3.03
-0.15,-0.05,0.8,0.41,-1.12,0.01,-10.84,-3.2
-0.15,-0.04,0.79,0.36,-1.1,0.0,-10.48,-3.17
-0.15,-0.04,0.79,0.32,-1.1,0.0,-10.87,-2.94
-0.18,-0.04,0.8,0.28,-1.12,-0.0,-12.37,-2.87
-0.2,-0.03,0.83,0.22,-1.16,-0.0,-13.74,-2.05
-0.22,-0.02,0.86,0.19,-1.2,0.02,-14.64,-1.53
-0.23,-0.02,0.89,0.16,-1.23,0.07,-14.47,-1.35
-0.21,-0.0,0.91,0.18,-1.27,0.12,-13.11,-0.06
-0.19,0.02,0.93,0.2,-1.27,0.15,-11.29,0.98
-0.16,0.04,0.95,0.23,-1.23,0.15,-9.61,2.38
-0.14,0.06,0.93,0.3,-1.22,0.15,-8.37,3.34
-0.12,0.06,0.93,0.35,-1.16,0.14,-7.42,3.73
-0.11,0.06,0.91,0.41,-1.12,0.13,-7.07,3.98
-0.11,0.06,0.9,0.46,-1.06,0.09,-7.1,3.98
-0.12,0.05,0.88,0.5,-1.0,0.07,-7.44,3.36
-0.14,0.04,0.86,0.54,-0.97,0.05,-8.95,2.96
-0.15,0.03,0.83,0.56,-0.96,0.05,-10.55,2.23
-0.17,0.01,0.81,0.58,-0.91,0.04,-11.83,0.62
-0.18,-0.01,0.78,0.56,-0.88,0.05,-13.32,-0.45
-0.2,-0.02,0.75,0.55,-0.88,0.08,-14.98,-1.22
-0.21,-0.03,0.73,0.52,-0.87,0.11,-16.27,-2.52
-0.22,-0.03,0.72,0.48,-0.87,0.15,-16.72,-2.67
-0.21,-0.03,0.69,0.41,-0.89,0.19,-16.95,-2.24
-0.19,-0.02,0.7,0.36,-0.94,0.24,-15.16,-1.23
-0.16,0.01,0.69,0.29,-0.97,0.26,-13.32,0.71
-0.13,0.03,0.71,0.25,-0.97,0.27,-10.14,2.59
-0.09,0.04,0.73,0.19,-0.98,0.26,-7.1,3.28
-0.07,0.06,0.73,0.17,-0.99,0.25,-5.73,4.99
-0.06,0.06,0.73,0.15,-0.97,0.23,-4.6,4.7
-0.07,0.04,0.73,0.13,-0.94,0.2,-5.22,3.26
-0.08,0.02,0.73,0.09,-0.93,0.19,-6.59,1.47
-0.09,0.01,0.72,0.05,-0.9,0.19,-7.23,0.47
-0.09,-0.0,0.72,-0.01,-0.85,0.18,-7.51,-0.02
-0.1,0.01,0.72,-0.06,-0.82,0.18,-7.88,0.63
-0.09,0.01,0.74,-0.13,-0.79,0.18,-6.68,0.65
-0.08,0.01,0.76,-0.19,-0.78,0.18,-5.96,0.93
-0.09,0.02,0.79,-0.23,-0.79,0.19,-6.62,1.23
-0.1,0.03,0.81,-0.27,-0.79,0.2,-7.0,1.9
-0.08,0.04,0.85,-0.32,-0.78,0.22,-5.66,2.48
-0.06,0.05,0.88,-0.33,-0.8,0.23,-3.73,3.56
-0.04,0.08,0.91,-0.32,-0.8,0.22,-2.21,4.8
-0.02,0.1,0.93,-0.31,-0.81,0.22,-1.46,5.86
-0.01,0.09,0.94,-0.27,-0.81,0.19,-0.45,5.78
0.01,0.1,0.94,-0.24,-0.81,0.17,0.43,5.85
0.0,0.09,0.93,-0.21,-0.81,0.14,0.1,5.79
-0.01,0.09,0.92,-0.19,-0.8,0.11,-0.63,5.58
-0.02,0.08,0.9,-0.19,-0.78,0.08,-1.55,5.24
-0.04,0.07,0.88,-0.18,-0.81,0.07,-2.27,4.28
-0.05,0.05,0.86,-0.19,-0.84,0.06,-3.58,3.59
-0.07,0.04,0.85,-0.2,-0.87,0.06,-4.97,2.89
-0.09,0.03,0.84,-0.25,-0.91,0.07,-5.8,2.31
-0.1,0.02,0.85,-0.27,-0.94,0.08,-7.02,1.41
-0.1,0.02,0.87,-0.33,-0.94,0.1,-6.76,1.25
-0.09,0.02,0.88,-0.35,-0.96,0.13,-6.07,1.38
-0.07,0.03,0.9,-0.36,-0.93,0.14,-4.53,1.75
-0.05,0.04,0.92,-0.37,-0.91,0.14,-3.37,2.27
-0.06,0.05,0.94,-0.37,-0.88,0.14,-3.48,2.93
-0.06,0.06,0.95,-0.34,-0.86,0.13,-3.63,3.52
-0.07,0.06,0.97,-0.33,-0.81,0.13,-4.32,3.76
-0.06,0.07,0.99,-0.3,-0.77,0.15,-3.46,4.21
-0.05,0.08,1.01,-0.25,-0.78,0.16,-2.93,4.43
-0.05,0.08,1.0,-0.2,-0.75,0.15,-2.71,4.72
-0.05,0.08,1.0,-0.17,-0.74,0.15,-2.58,4.76
-0.04,0.08,1.0,-0.14,-0.73,0.16,-2.12,4.83
-0.04,0.08,0.99,-0.09,-0.72,0.17,-2.07,4.58
-0.03,0.08,0.99,-0.06,-0.71,0.16,-1.45,4.83
-0.01,0.09,0.99,-0.03,-0.7,0.16,-0.82,5.28
-0.02,0.1,0.99,-0.0,-0.68,0.15,-0.87,5.56
-0.02,0.09,0.99,0.04,-0.69,0.16,-1.01,5.28
-0.02,0.09,0.99,0.07,-0.71,0.16,-1.3,5.1
-0.03,0.09,0.98,0.12,-0.7,0.16,-1.65,5.0
-0.02,0.09,0.98,0.16,-0.71,0.17,-0.91,5.37
-0.01,0.09,0.97,0.19,-0.7,0.16,-0.59,5.11
-0.0,0.09,0.97,0.22,-0.72,0.16,-0.25,5.19
0.0,0.08,0.94,0.26,-0.71,0.15,0.17,5.12
0.01,0.09,0.92,0.27,-0.7,0.14,0.59,5.51
0.01,0.08,0.89,0.29,-0.71,0.13,0.4,5.13
0.03,0.07,0.87,0.31,-0.71,0.13,1.74,4.85
0.02,0.06,0.85,0.3,-0.7,0.11,1.1,4.06
0.01,0.06,0.84,0.27,-0.67,0.1,1.0,4.07
0.02,0.06,0.82,0.25,-0.67,0.08,1.53,3.99
0.02,0.06,0.81,0.22,-0.67,0.06,1.37,4.27
0.01,0.06,0.79,0.21,-0.68,0.07,0.95,4.21
0.01,0.05,0.79,0.16,-0.67,0.05,0.83,3.49
0.0,0.05,0.8,0.11,-0.67,0.05,0.24,3.4
0.01,0.05,0.8,0.07,-0.69,0.05,0.83,3.22
-0.01,0.05,0.82,0.05,-0.68,0.03,-0.59,3.55
-0.01,0.06,0.83,0.01,-0.66,0.03,-0.85,4.24
-0.02,0.06,0.85,-0.02,-0.64,0.03,-1.63,4.09
-0.04,0.06,0.87,-0.02,-0.66,0.04,-2.48,3.95
-0.05,0.06,0.89,-0.02,-0.65,0.03,-3.23,3.85
-0.07,0.06,0.91,-0.01,-0.66,0.06,-4.21,3.7
-0.07,0.06,0.93,-0.01,-0.64,0.09,-4.45,3.39
-0.07,0.05,0.95,0.02,-0.62,0.1,-4.1,3.25
-0.07,0.05,0.96,0.03,-0.61,0.1,-4.13,2.95
-0.08,0.04,0.97,0.05,-0.59,0.12,-4.58,2.43
-0.08,0.04,0.97,0.03,-0.57,0.13,-4.52,2.12
-0.08,0.04,0.98,0.05,-0.58,0.15,-4.9,2.09
-0.08,0.03,0.98,0.05,-0.57,0.17,-4.75,1.64
-0.07,0.03,0.99,0.03,-0.55,0.17,-3.94,2.0
-0.06,0.06,1.0,0.04,-0.57,0.18,-3.34,3.15
-0.05,0.07,1.01,0.03,-0.56,0.17,-2.83,3.79
-0.04,0.08,1.03,0.07,-0.57,0.17,-2.48,4.31
-0.05,0.08,1.04,0.09,-0.54,0.16,-2.91,4.55
-0.04,0.09,1.06,0.1,-0.52,0.16,-2.12,4.88
-0.04,0.09,1.07,0.16,-0.51,0.16,-2.22,4.9
-0.04,0.09,1.07,0.22,-0.48,0.17,-1.99,4.79
-0.03,0.08,1.05,0.26,-0.42,0.16,-1.66,4.47
-0.01,0.09,1.03,0.3,-0.38,0.16,-0.78,4.9
-0.01,0.09,1.0,0.36,-0.36,0.16,-0.35,5.23
-0.0,0.08,0.99,0.38,-0.32,0.16,-0.03,4.73
0.01,0.08,0.97,0.41,-0.33,0.18,0.31,4.69
0.01,0.08,0.96,0.41,-0.3,0.18,0.67,4.59
0.03,0.07,0.93,0.44,-0.32,0.19,1.98,4.35
0.04,0.06,0.92,0.44,-0.33,0.19,2.53,3.77
0.06,0.06,0.9,0.44,-0.31,0.17,3.66,3.98
0.06,0.08,0.9,0.44,-0.32,0.16,3.84,5.31
0.07,0.1,0.89,0.42,-0.32,0.15,4.23,6.21
0.07,0.1,0.88,0.44,-0.32,0.13,4.6,6.24
0.07,0.12,0.87,0.45,-0.31,0.11,4.5,7.58
0.06,0.12,0.87,0.45,-0.3,0.11,4.06,8.05
0.06,0.12,0.85,0.48,-0.29,0.1,3.95,8.33
0.06,0.12,0.83,0.48,-0.25,0.09,4.37,8.48
0.07,0.13,0.81,0.5,-0.21,0.08,4.9,9.02
0.07,0.13,0.77,0.49,-0.16,0.06,5.11,9.24
0.07,0.12,0.72,0.5,-0.13,0.06,5.68,9.36
0.08,0.11,0.7,0.48,-0.08,0.04,6.29,9.03
0.07,0.09,0.63,0.43,-0.06,0.04,6.24,8.11
0.06,0.1,0.61,0.36,-0.04,0.04,5.81,9.08
0.06,0.1,0.58,0.27,-0.05,0.05,6.22,9.47
0.07,0.09,0.57,0.17,-0.09,0.05,6.96,9.12
0.08,0.1,0.58,0.04,-0.14,0.05,7.48,9.58
0.08,0.11,0.59,-0.06,-0.2,0.04,7.64,9.97
0.09,0.11,0.61,-0.16,-0.24,0.04,7.93,9.79
0.08,0.11,0.64,-0.27,-0.3,0.03,6.96,9.59
0.07,0.11,0.68,-0.34,-0.34,0.02,5.41,9.03
0.05,0.09,0.73,-0.41,-0.35,0.02,4.05,7.22
0.05,0.07,0.76,-0.46,-0.37,0.01,3.77,5.49
0.05,0.06,0.77,-0.49,-0.37,0.01,3.59,4.6
0.04,0.06,0.78,-0.52,-0.36,-0.01,2.73,4.19
0.03,0.06,0.79,-0.57,-0.37,-0.0,1.81,4.21
0.0,0.06,0.82,-0.6,-0.35,-0.01,0.21,4.0
0.0,0.05,0.85,-0.64,-0.34,0.0,0.11,3.37
-0.01,0.04,0.9,-0.65,-0.33,0.0,-0.75,2.78
-0.03,0.05,0.94,-0.65,-0.3,0.0,-1.69,3.02
-0.05,0.06,0.98,-0.64,-0.29,0.02,-2.69,3.29
-0.07,0.05,1.03,-0.62,-0.27,0.03,-3.79,2.98
-0.08,0.05,1.06,-0.55,-0.25,0.05,-4.27,2.48
-0.08,0.04,1.09,-0.48,-0.23,0.07,-4.44,2.35
-0.09,0.05,1.11,-0.41,-0.19,0.09,-4.83,2.62
-0.08,0.05,1.13,-0.33,-0.18,0.12,-4.27,2.78
-0.08,0.06,1.15,-0.22,-0.13,0.12,-4.08,2.9
-0.08,0.05,1.14,-0.12,-0.1,0.13,-3.83,2.45
-0.06,0.05,1.13,-0.04,-0.08,0.15,-3.24,2.64
-0.06,0.04,1.11,0.05,-0.04,0.15,-2.96,2.32
-0.05,0.04,1.08,0.13,-0.02,0.15,-2.47,1.9
-0.04,0.04,1.04,0.18,-0.0,0.16,-2.47,2.1
-0.04,0.04,1.01,0.22,0.04,0.16,-2.09,2.26
-0.02,0.04,0.99,0.26,0.03,0.18,-1.16,2.37
-0.01,0.04,0.96,0.27,0.02,0.19,-0.31,2.66
0.01,0.05,0.93,0.25,0.04,0.2,0.32,2.86
0.01,0.05,0.92,0.27,0.04,0.2,0.77,3.25
0.02,0.05,0.91,0.25,0.04,0.19,1.2,3.13
0.03,0.05,0.91,0.23,0.03,0.19,2.1,3.16
0.05,0.05,0.9,0.22,0.04,0.18,3.07,3.25
0.06,0.05,0.91,0.18,0.08,0.17,3.75,3.29
0.06,0.06,0.92,0.16,0.07,0.17,3.74,3.71
0.06,0.06,0.92,0.17,0.05,0.17,3.88,3.58
0.06,0.06,0.93,0.15,0.04,0.15,3.44,3.76
0.07,0.07,0.93,0.13,0.04,0.14,4.27,4.15
0.06,0.07,0.94,0.13,0.02,0.15,3.92,4.18
0.07,0.07,0.95,0.09,0.03,0.12,4.02,4.48
0.06,0.07,0.95,0.1,-0.01,0.12,3.8,4.12
0.07,0.07,0.95,0.08,-0.0,0.12,3.95,4.29
0.07,0.07,0.95,0.08,-0.01,0.12,4.12,4.14
0.07,0.08,0.96,0.06,-0.03,0.11,3.99,4.52
0.08,0.08,0.96,0.08,-0.03,0.09,4.62,4.95
0.06,0.08,0.97,0.08,-0.03,0.07,3.74,4.58
0.06,0.07,0.96,0.07,-0.04,0.07,3.61,4.33
0.06,0.07,0.96,0.09,-0.05,0.05,3.74,4.13
0.06,0.07,0.94,0.08,-0.04,0.04,3.6,4.49
0.05,0.07,0.93,0.08,-0.05,0.03,3.23,4.58
0.03,0.07,0.92,0.05,-0.02,0.02,2.11,4.46
0.04,0.07,0.92,0.05,-0.02,0.01,2.48,4.4
0.02,0.06,0.92,0.03,-0.01,0.01,0.95,3.82
0.02,0.06,0.91,0.01,0.02,0.01,1.34,3.66
0.03,0.05,0.9,-0.01,0.04,0.01,1.8,3.35
0.03,0.06,0.9,-0.01,0.03,0.0,2.08,4.08
0.03,0.06,0.9,-0.04,0.05,0.01,1.78,4.02
0.03,0.06,0.92,-0.07,0.08,-0.01,1.65,3.83
0.02,0.06,0.93,-0.08,0.07,-0.01,1.14,3.79
0.02,0.05,0.94,-0.08,0.09,-0.02,1.32,3.34
0.02,0.05,0.95,-0.09,0.07,-0.02,1.21,2.99
0.02,0.05,0.95,-0.1,0.09,-0.04,0.95,3.26
0.01,0.06,0.97,-0.12,0.1,-0.03,0.32,3.48
0.0,0.06,0.98,-0.11,0.08,-0.03,0.22,3.31
0.0,0.06,0.99,-0.12,0.07,-0.03,0.23,3.53
-0.01,0.06,1.0,-0.11,0.09,-0.03,-0.41,3.2
-0.02,0.06,1.01,-0.09,0.07,-0.04,-0.9,3.17
-0.02,0.07,1.03,-0.07,0.07,-0.03,-0.94,3.7
-0.01,0.09,1.03,-0.04,0.03,-0.03,-0.4,4.8
-0.0,0.08,1.04,-0.02,0.04,-0.03,-0.16,4.35
0.0,0.07,1.03,0.0,0.07,-0.05,0.13,4.07
-0.01,0.07,1.0,0.03,0.04,-0.06,-0.59,3.77
-0.02,0.06,0.98,0.05,0.04,-0.06,-1.17,3.32
-0.02,0.05,0.95,0.06,0.06,-0.07,-1.46,2.79
-0.03,0.04,0.93,0.02,0.06,-0.08,-1.63,2.34
-0.04,0.03,0.92,0.0,0.05,-0.07,-2.21,1.96
-0.04,0.03,0.9,-0.03,0.04,-0.07,-2.78,1.63
-0.06,0.02,0.9,-0.07,0.03,-0.06,-3.62,1.48
-0.06,0.03,0.9,-0.12,0.05,-0.05,-3.92,1.71
-0.08,0.03,0.93,-0.17,0.07,-0.03,-4.65,1.8
-0.08,0.04,0.96,-0.19,0.06,-0.01,-4.75,2.26
-0.08,0.04,0.98,-0.18,0.09,0.0,-4.59,2.07
-0.08,0.03,0.99,-0.19,0.11,0.02,-4.37,1.94
-0.07,0.03,1.01,-0.19,0.12,0.04,-4.18,1.63
-0.06,0.03,1.01,-0.18,0.12,0.06,-3.61,1.68
-0.06,0.04,1.01,-0.16,0.14,0.08,-3.43,2.23
-0.05,0.04,1.02,-0.18,0.18,0.09,-2.69,2.12
-0.05,0.04,1.04,-0.16,0.17,0.1,-2.51,1.92
-0.03,0.05,1.04,-0.16,0.18,0.11,-1.51,2.5
-0.02,0.06,1.05,-0.15,0.19,0.1,-1.19,3.1
-0.01,0.07,1.06,-0.16,0.2,0.09,-0.66,3.51
-0.01,0.08,1.09,-0.16,0.2,0.09,-0.51,4.12
-0.01,0.09,1.1,-0.12,0.18,0.08,-0.34,4.43
-0.02,0.09,1.12,-0.11,0.17,0.08,-0.97,4.47
-0.0,0.08,1.11,-0.09,0.17,0.07,-0.09,4.06
-0.0,0.08,1.13,-0.06,0.14,0.08,-0.24,4.2
0.0,0.08,1.14,-0.03,0.14,0.07,0.01,4.07
0.01,0.09,1.12,0.03,0.13,0.06,0.35,4.73
0.02,0.1,1.09,0.04,0.13,0.04,1.24,5.19
0.02,0.08,1.09,0.05,0.14,0.02,1.26,4.27
0.01,0.08,1.08,0.07,0.15,0.01,0.79,4.1
0.01,0.08,1.07,0.08,0.13,0.0,0.48,4.22
0.01,0.08,1.04,0.08,0.14,-0.0,0.41,4.55
0.0,0.08,1.03,0.09,0.13,-0.01,0.2,4.29
0.0,0.07,1.01,0.06,0.11,-0.03,0.18,4.02
0.0,0.07,1.0,0.05,0.1,-0.03,0.17,3.79
-0.01,0.06,1.0,0.02,0.09,-0.04,-0.46,3.54
-0.01,0.07,0.99,-0.02,0.09,-0.04,-0.76,3.9
-0.02,0.07,0.99,-0.05,0.08,-0.04,-1.05,4.1
-0.02,0.07,0.99,-0.06,0.04,-0.04,-1.2,3.78
-0.02,0.06,1.0,-0.09,0.03,-0.04,-1.18,3.74
-0.02,0.06,1.0,-0.1,0.01,-0.04,-1.1,3.59
-0.02,0.07,1.0,-0.16,-0.02,-0.04,-1.23,3.8
-0.03,0.07,1.01,-0.15,-0.04,-0.04,-1.6,3.71
-0.03,0.07,1.01,-0.14,-0.04,-0.06,-1.73,3.69
-0.04,0.07,1.02,-0.14,-0.03,-0.06,-2.0,3.83
-0.04,0.06,1.02,-0.16,-0.04,-0.06,-2.25,3.62
-0.05,0.05,1.04,-0.16,-0.05,-0.06,-2.64,3.02
-0.06,0.05,1.04,-0.15,-0.05,-0.04,-3.23,2.65
-0.07,0.05,1.05,-0.13,-0.05,-0.05,-3.59,2.6
-0.07,0.05,1.06,-0.13,-0.03,-0.04,-3.78,2.51
-0.08,0.05,1.07,-0.1,-0.03,-0.03,-4.03,2.63
-0.08,0.05,1.08,-0.09,-0.01,-0.03,-4.12,2.66
-0.07,0.05,1.08,-0.07,0.03,-0.02,-3.95,2.45
-0.07,0.05,1.08,-0.03,0.04,-0.0,-3.79,2.47
-0.07,0.06,1.07,0.01,0.05,0.01,-3.58,3.18
-0.06,0.06,1.07,0.05,0.07,0.01,-3.36,3.46
-0.06,0.06,1.06,0.07,0.09,0.02,-3.05,3.43
-0.05,0.06,1.05,0.08,0.09,0.01,-2.94,3.52
-0.05,0.06,1.03,0.1,0.1,0.02,-2.65,3.13
-0.04,0.06,1.01,0.14,0.08,0.04,-2.23,3.47
-0.03,0.06,0.99,0.13,0.1,0.04,-1.77,3.28
-0.02,0.07,0.98,0.12,0.09,0.05,-1.38,3.8
-0.02,0.07,0.96,0.12,0.08,0.05,-1.02,4.15
-0.01,0.07,0.96,0.11,0.07,0.04,-0.31,4.07
0.0,0.07,0.95,0.08,0.09,0.03,0.13,4.43
0.01,0.07,0.94,0.08,0.09,0.03,0.48,4.33
0.01,0.08,0.94,0.06,0.07,0.01,0.83,4.76
0.02,0.08,0.93,0.03,0.05,0.02,1.01,4.72
0.02,0.07,0.92,0.02,0.03,0.01,1.32,4.38
0.02,0.07,0.93,-0.01,0.05,-0.0,1.34,4.2
0.02,0.06,0.94,-0.03,0.02,-0.01,1.48,3.84
0.01,0.06,0.94,-0.04,0.01,-0.02,0.86,3.69
0.03,0.07,0.95,-0.07,0.03,-0.03,1.52,4.31
0.03,0.08,0.96,-0.07,0.03,-0.03,1.6,4.57
0.03,0.08,0.96,-0.06,0.02,-0.04,1.75,4.51
0.01,0.07,0.97,-0.05,0.01,-0.04,0.82,4.13
0.02,0.07,0.97,-0.02,0.04,-0.05,0.97,4.23
0.01,0.06,0.96,-0.01,0.05,-0.06,0.74,3.34
0.01,0.05,0.95,0.01,0.07,-0.06,0.59,3.19
0.0,0.05,0.94,0.04,0.06,-0.05,0.28,3.14
0.0,0.05,0.93,0.05,0.09,-0.06,0.23,3.2
-0.0,0.03,0.91,0.08,0.13,-0.04,-0.24,2.04
-0.01,0.02,0.89,0.11,0.15,-0.03,-0.5,1.19
-0.01,0.01,0.86,0.13,0.16,-0.02,-0.88,0.46
-0.01,0.0,0.84,0.12,0.21,-0.03,-0.66,0.06
-0.01,0.01,0.81,0.11,0.24,-0.01,-0.52,0.72
-0.0,0.01,0.79,0.1,0.25,-0.0,-0.34,0.68
0.0,0.02,0.79,0.05,0.27,0.01,0.01,1.48
0.0,0.04,0.78,0.02,0.26,0.01,0.36,2.73
-0.0,0.05,0.79,-0.04,0.25,0.02,-0.17,3.85
0.01,0.06,0.8,-0.08,0.21,0.03,0.54,4.44
0.01,0.07,0.81,-0.11,0.16,0.03,0.86,5.02
0.02,0.08,0.83,-0.15,0.13,0.01,1.12,5.37
0.02,0.08,0.86,-0.18,0.12,0.0,1.26,5.48
0.02,0.08,0.89,-0.2,0.1,-0.0,1.41,5.41
0.03,0.08,0.9,-0.17,0.09,-0.01,1.67,5.14
0.03,0.08,0.9,-0.17,0.1,-0.03,1.73,4.86
0.02,0.07,0.9,-0.15,0.13,-0.05,1.2,4.46
0.01,0.06,0.91,-0.15,0.15,-0.05,0.72,4.06
0.01,0.06,0.91,-0.13,0.2,-0.05,0.51,3.86
-0.0,0.06,0.93,-0.11,0.23,-0.06,-0.18,3.58
-0.0,0.06,0.92,-0.07,0.26,-0.05,-0.1,3.47
0.0,0.05,0.93,-0.06,0.29,-0.04,0.19,2.94
0.01,0.06,0.92,-0.03,0.3,-0.03,0.55,3.88
0.01,0.07,0.92,-0.01,0.33,-0.03,0.8,4.54
0.02,0.08,0.93,0.01,0.37,-0.03,1.41,4.76
0.03,0.08,0.94,0.04,0.38,-0.02,1.62,4.91
0.04,0.08,0.94,0.09,0.39,-0.03,2.5,5.14
0.05,0.09,0.93,0.1,0.42,-0.03,3.07,5.48
0.06,0.09,0.91,0.13,0.44,-0.05,3.44,5.86
0.06,0.1,0.9,0.15,0.45,-0.06,3.91,6.16
0.06,0.1,0.89,0.17,0.46,-0.07,3.95,6.49
0.06,0.1,0.87,0.2,0.46,-0.08,3.62,6.47
0.05,0.09,0.84,0.2,0.48,-0.09,3.5,6.44
0.05,0.09,0.82,0.2,0.49,-0.09,3.15,6.39
0.05,0.1,0.79,0.18,0.49,-0.09,3.54,7.04
0.05,0.1,0.77,0.17,0.49,-0.11,3.56,7.57
0.04,0.11,0.76,0.14,0.5,-0.11,2.66,8.21
0.03,0.1,0.74,0.12,0.49,-0.12,2.06,7.78
0.03,0.1,0.74,0.08,0.49,-0.12,2.36,7.46
0.04,0.09,0.72,0.05,0.47,-0.12,2.8,7.03
0.03,0.09,0.71,-0.0,0.49,-0.13,2.67,7.41
0.05,0.09,0.72,-0.05,0.51,-0.14,3.55,7.27
0.04,0.08,0.72,-0.07,0.53,-0.17,3.15,6.73
0.03,0.06,0.7,-0.12,0.53,-0.18,2.74,5.26
0.03,0.05,0.71,-0.17,0.55,-0.19,2.25,4.15
0.0,0.06,0.72,-0.24,0.59,-0.19,0.28,4.5
-0.0,0.06,0.74,-0.26,0.58,-0.19,-0.15,4.49
-0.0,0.05,0.76,-0.3,0.6,-0.19,-0.35,4.13
-0.0,0.06,0.78,-0.34,0.6,-0.19,-0.24,4.06
-0.01,0.06,0.81,-0.36,0.61,-0.18,-0.66,4.2
-0.0,0.07,0.82,-0.37,0.61,-0.18,-0.14,4.74
-0.0,0.07,0.85,-0.36,0.61,-0.18,-0.0,4.46
0.0,0.07,0.86,-0.36,0.62,-0.19,0.12,4.7
0.0,0.06,0.87,-0.35,0.65,-0.19,0.17,4.22
0.0,0.06,0.87,-0.34,0.65,-0.18,0.2,4.05
0.0,0.07,0.87,-0.33,0.64,-0.19,0.16,4.34
0.0,0.06,0.87,-0.33,0.65,-0.19,0.14,4.11
0.0,0.07,0.87,-0.33,0.65,-0.2,0.13,4.34
0.01,0.07,0.87,-0.32,0.65,-0.21,0.61,4.49
0.01,0.07,0.87,-0.33,0.63,-0.22,0.67,4.54
0.01,0.07,0.86,-0.33,0.62,-0.22,0.71,4.76
0.01,0.07,0.84,-0.36,0.63,-0.24,0.47,4.96
0.0,0.08,0.83,-0.39,0.59,-0.24,0.17,5.73
-0.0,0.09,0.82,-0.41,0.55,-0.25,-0.14,5.93
-0.01,0.08,0.82,-0.45,0.51,-0.27,-0.8,5.69
-0.01,0.07,0.82,-0.5,0.47,-0.27,-1.04,5.09
-0.03,0.07,0.83,-0.51,0.41,-0.28,-1.94,4.8
-0.04,0.07,0.84,-0.55,0.38,-0.28,-2.65,4.96
-0.06,0.07,0.86,-0.59,0.34,-0.27,-3.64,4.58
-0.07,0.06,0.89,-0.6,0.35,-0.27,-4.2,3.86
-0.08,0.05,0.91,-0.59,0.34,-0.26,-5.17,3.42
-0.1,0.05,0.93,-0.55,0.36,-0.24,-6.05,2.96
-0.11,0.05,0.96,-0.51,0.4,-0.24,-6.74,3.08
-0.12,0.06,0.98,-0.48,0.48,-0.22,-7.27,3.35
-0.14,0.06,1.01,-0.41,0.57,-0.19,-7.72,3.45
-0.15,0.06,1.03,-0.32,0.64,-0.16,-8.09,3.17
-0.15,0.07,1.04,-0.23,0.73,-0.13,-8.05,3.61
-0.14,0.07,1.03,-0.15,0.82,-0.09,-7.76,3.72
-0.12,0.07,1.04,-0.06,0.91,-0.06,-6.79,3.77
-0.11,0.07,1.02,0.03,0.97,-0.04,-6.02,3.95
-0.08,0.06,1.0,0.11,1.03,-0.02,-4.75,3.5
-0.06,0.06,0.96,0.14,1.11,-0.03,-3.73,3.56
-0.04,0.07,0.93,0.17,1.16,-0.02,-2.62,4.01
-0.03,0.07,0.91,0.19,1.17,-0.02,-1.8,4.34
-0.02,0.07,0.88,0.17,1.18,-0.03,-1.32,4.76
-0.02,0.07,0.87,0.17,1.19,-0.05,-1.05,4.65
-0.03,0.08,0.87,0.13,1.17,-0.05,-1.83,4.97
-0.03,0.07,0.87,0.11,1.13,-0.06,-1.78,4.28
-0.03,0.08,0.86,0.1,1.06,-0.07,-2.0,5.54
-0.04,0.07,0.87,0.07,1.04,-0.09,-2.74,4.85
-0.04,0.06,0.87,0.06,1.01,-0.09,-2.9,4.19
-0.04,0.06,0.87,0.03,0.97,-0.09,-2.32,3.81
-0.04,0.05,0.87,0.01,0.92,-0.08,-2.47,3.12
-0.02,0.06,0.87,-0.0,0.92,-0.1,-1.44,4.2
-0.03,0.06,0.87,-0.02,0.92,-0.12,-2.02,3.95
-0.04,0.06,0.88,-0.03,0.98,-0.21,-2.91,4.04
-0.05,0.06,0.9,-0.07,0.88,-0.14,-3.2,3.82
-0.07,0.05,0.91,-0.06,0.89,-0.15,-4.61,3.34
-0.09,0.05,0.93,-0.06,0.9,-0.15,-5.58,3.3
-0.09,0.06,0.94,-0.04,0.88,-0.14,-5.67,3.54
-0.1,0.06,0.95,-0.02,0.88,-0.14,-5.81,3.46
-0.1,0.05,0.95,0.0,0.9,-0.14,-6.03,3.14
-0.11,0.04,0.94,-0.0,0.9,-0.13,-6.88,2.23
-0.12,0.04,0.94,0.02,0.9,-0.12,-7.13,2.34
-0.11,0.05,0.94,0.03,0.9,-0.12,-6.61,2.83
-0.1,0.06,0.95,0.03,0.93,-0.11,-6.07,3.31
-0.1,0.06,0.95,0.03,0.95,-0.11,-5.74,3.83
-0.09,0.06,0.95,0.06,0.95,-0.09,-5.55,3.46
-0.1,0.06,0.95,0.06,0.95,-0.09,-6.12,3.33
-0.09,0.05,0.95,0.06,0.95,-0.1,-5.49,2.85
-0.09,0.05,0.94,0.06,0.95,-0.1,-5.23,3.16
-0.08,0.06,0.94,0.06,0.93,-0.1,-5.16,3.58
-0.09,0.07,0.95,0.07,0.93,-0.1,-5.62,4.13
-0.1,0.06,0.96,0.09,0.89,-0.09,-5.84,3.68
-0.1,0.06,0.96,0.09,0.87,-0.09,-5.85,3.48
-0.1,0.06,0.95,0.1,0.83,-0.07,-5.76,3.54
-0.1,0.05,0.94,0.1,0.8,-0.06,-5.84,3.21
-0.1,0.06,0.93,0.09,0.78,-0.06,-5.91,3.69
-0.09,0.07,0.93,0.11,0.78,-0.08,-5.55,4.13
-0.09,0.06,0.93,0.11,0.78,-0.08,-5.44,3.97
-0.08,0.05,0.94,0.13,0.77,-0.08,-5.08,3.32
-0.08,0.05,0.94,0.13,0.78,-0.09,-4.91,3.04
-0.08,0.06,0.94,0.14,0.8,-0.1,-4.65,3.34
-0.08,0.06,0.94,0.15,0.82,-0.11,-5.1,3.47
-0.08,0.06,0.95,0.17,0.82,-0.13,-5.04,3.58
-0.09,0.05,0.95,0.21,0.82,-0.14,-5.6,2.91
-0.09,0.04,0.96,0.21,0.82,-0.14,-5.63,2.15
-0.11,0.01,0.92,0.21,0.83,-0.14,-6.92,0.53
-0.12,0.0,0.91,0.2,0.84,-0.14,-7.44,0.26
-0.14,0.0,0.9,0.17,0.83,-0.13,-8.67,0.1
-0.14,-0.0,0.89,0.13,0.85,-0.14,-8.99,-0.06
-0.14,-0.01,0.89,0.09,0.84,-0.11,-8.91,-0.42
-0.13,-0.01,0.91,0.05,0.82,-0.1,-8.42,-0.58
-0.13,0.0,0.92,0.02,0.8,-0.1,-7.78,0.18
-0.12,0.02,0.93,-0.01,0.8,-0.1,-7.32,1.14
-0.1,0.04,0.96,-0.04,0.79,-0.1,-5.69,2.52
-0.08,0.06,0.98,-0.05,0.79,-0.11,-4.51,3.41
-0.05,0.07,1.02,-0.03,0.78,-0.12,-2.94,3.91
-0.05,0.06,1.04,0.0,0.76,-0.15,-2.69,3.46
-0.05,0.07,1.06,0.04,0.76,-0.17,-2.45,3.8
-0.04,0.07,1.05,0.08,0.77,-0.19,-2.34,3.88
-0.06,0.07,1.05,0.12,0.75,-0.21,-3.15,3.69
-0.06,0.07,1.07,0.18,0.77,-0.24,-3.19,3.83
-0.08,0.05,1.05,0.22,0.79,-0.24,-4.24,2.55
-0.09,0.03,1.04,0.26,0.78,-0.24,-5.02,1.43
-0.12,0.02,1.02,0.28,0.78,-0.24,-6.65,0.96
-0.14,0.01,1.0,0.29,0.8,-0.24,-8.17,0.47
-0.16,-0.01,0.99,0.29,0.78,-0.23,-9.13,-0.5
-0.16,-0.01,0.98,0.27,0.78,-0.21,-9.11,-0.69
-0.16,-0.02,0.98,0.25,0.77,-0.2,-9.42,-1.04
-0.17,-0.03,0.99,0.23,0.76,-0.18,-9.74,-1.76
-0.15,-0.02,0.99,0.2,0.79,-0.16,-8.76,-1.29
-0.13,-0.02,1.02,0.18,0.79,-0.14,-7.28,-1.22
-0.11,-0.0,1.03,0.17,0.81,-0.14,-6.29,-0.22
-0.1,0.01,1.04,0.18,0.84,-0.15,-5.27,0.72
-0.07,0.04,1.05,0.19,0.89,-0.16,-3.87,2.32
-0.05,0.05,1.06,0.2,0.93,-0.18,-2.87,2.96
-0.04,0.05,1.06,0.24,0.96,-0.2,-2.19,2.96
-0.05,0.05,1.05,0.29,0.97,-0.22,-2.67,2.58
-0.07,0.04,1.03,0.31,1.01,-0.24,-3.7,2.49
-0.09,0.05,1.02,0.3,1.01,-0.24,-4.8,2.54
-0.1,0.04,1.01,0.32,0.98,-0.24,-5.42,2.38
-0.11,0.03,0.99,0.32,0.94,-0.23,-6.21,1.85
-0.12,0.03,0.97,0.29,0.94,-0.23,-6.76,1.61
-0.12,0.01,0.94,0.25,0.91,-0.22,-7.14,0.83
-0.12,0.01,0.92,0.21,0.88,-0.23,-7.44,0.68
-0.12,0.01,0.92,0.15,0.84,-0.22,-7.68,0.46
-0.13,-0.01,0.91,0.09,0.81,-0.23,-7.88,-0.85
-0.14,-0.03,0.91,0.02,0.8,-0.22,-8.65,-2.08
-0.16,-0.05,0.91,-0.08,0.77,-0.2,-9.7,-2.98
-0.16,-0.05,0.91,-0.14,0.73,-0.19,-10.03,-3.09
-0.16,-0.04,0.94,-0.26,0.71,-0.17,-9.79,-2.3
-0.13,-0.02,0.97,-0.33,0.69,-0.14,-7.72,-1.12
-0.09,-0.0,1.01,-0.37,0.65,-0.13,-5.33,-0.04
-0.06,0.02,1.06,-0.39,0.63,-0.12,-3.05,1.21
-0.03,0.04,1.1,-0.37,0.66,-0.15,-1.4,2.17
-0.0,0.05,1.12,-0.34,0.68,-0.17,-0.17,2.55
0.01,0.07,1.14,-0.29,0.72,-0.18,0.66,3.56
0.02,0.09,1.16,-0.22,0.73,-0.2,0.96,4.29
0.01,0.09,1.16,-0.16,0.78,-0.24,0.34,4.59
-0.01,0.09,1.15,-0.11,0.82,-0.25,-0.59,4.23
-0.04,0.07,1.14,-0.07,0.82,-0.25,-2.15,3.61
-0.06,0.06,1.13,-0.03,0.8,-0.24,-3.17,3.24
-0.08,0.06,1.12,-0.04,0.8,-0.24,-4.26,3.0
-0.1,0.05,1.11,-0.04,0.78,-0.21,-4.94,2.62
-0.1,0.05,1.09,-0.05,0.75,-0.2,-5.15,2.62
-0.09,0.06,1.09,-0.06,0.72,-0.17,-4.72,3.31
-0.08,0.07,1.1,-0.07,0.69,-0.16,-4.06,3.41
-0.07,0.07,1.1,-0.08,0.68,-0.15,-3.39,3.87
-0.03,0.08,1.1,-0.07,0.65,-0.13,-1.41,3.9
-0.03,0.07,1.11,-0.06,0.65,-0.13,-1.44,3.74
-0.02,0.08,1.12,-0.04,0.65,-0.13,-1.08,3.91
-0.01,0.09,1.14,-0.02,0.66,-0.14,-0.36,4.41
-0.01,0.08,1.14,-0.01,0.66,-0.15,-0.27,3.9
0.0,0.08,1.15,0.04,0.65,-0.16,0.25,3.97
0.01,0.07,1.17,0.08,0.66,-0.17,0.62,3.65
0.01,0.08,1.18,0.11,0.66,-0.18,0.69,3.91
0.02,0.07,1.18,0.18,0.64,-0.18,1.08,3.24
0.01,0.08,1.18,0.24,0.64,-0.18,0.58,4.04
-0.0,0.08,1.17,0.3,0.64,-0.19,-0.03,3.9
-0.01,0.07,1.16,0.35,0.63,-0.19,-0.38,3.61
-0.02,0.07,1.13,0.38,0.64,-0.18,-0.96,3.65
-0.02,0.07,1.11,0.43,0.63,-0.18,-1.18,3.78
-0.04,0.08,1.09,0.46,0.66,-0.18,-2.31,4.19
-0.04,0.09,1.08,0.46,0.69,-0.18,-1.97,4.69
-0.04,0.1,1.07,0.48,0.69,-0.16,-2.14,5.41
-0.05,0.09,1.05,0.5,0.7,-0.17,-2.65,4.94
-0.06,0.08,1.04,0.51,0.7,-0.16,-3.28,4.37
-0.07,0.07,1.02,0.5,0.7,-0.17,-3.96,3.97
-0.08,0.07,1.01,0.49,0.68,-0.15,-4.55,3.73
-0.09,0.06,1.01,0.48,0.67,-0.14,-5.31,3.59
-0.1,0.05,1.0,0.45,0.64,-0.13,-5.45,3.03
-0.09,0.03,0.99,0.43,0.64,-0.12,-5.37,1.98
-0.1,0.02,0.96,0.38,0.62,-0.11,-6.0,1.03
-0.11,0.01,0.96,0.34,0.6,-0.1,-6.33,0.72
-0.12,0.01,0.95,0.28,0.59,-0.11,-7.17,0.32
-0.13,-0.01,0.93,0.2,0.59,-0.1,-8.16,-0.56
-0.14,-0.03,0.93,0.12,0.58,-0.09,-8.54,-1.76
-0.16,-0.04,0.93,0.01,0.56,-0.06,-9.93,-2.65
-0.17,-0.04,0.95,-0.09,0.54,-0.03,-10.04,-2.2
-0.15,-0.03,0.97,-0.18,0.54,-0.01,-8.92,-1.56
-0.12,-0.01,1.0,-0.25,0.52,0.03,-6.87,-0.78
-0.09,-0.0,1.04,-0.33,0.51,0.05,-4.79,-0.24
-0.07,-0.0,1.06,-0.38,0.5,0.07,-3.65,-0.0
-0.04,0.02,1.08,-0.41,0.51,0.08,-1.97,1.24
-0.01,0.04,1.11,-0.44,0.54,0.11,-0.28,2.25
0.03,0.06,1.11,-0.44,0.55,0.12,1.43,3.02
0.06,0.07,1.12,-0.47,0.58,0.11,3.16,3.78
0.08,0.09,1.14,-0.41,0.58,0.1,4.11,4.35
0.1,0.1,1.14,-0.39,0.63,0.08,4.83,4.98
0.1,0.12,1.15,-0.35,0.66,0.06,4.97,5.77
0.11,0.12,1.15,-0.3,0.68,0.04,5.49,6.02
0.11,0.13,1.15,-0.27,0.72,0.03,5.52,6.31
0.1,0.13,1.15,-0.23,0.74,0.01,5.0,6.24
0.08,0.12,1.14,-0.21,0.73,0.02,4.06,6.09
0.07,0.11,1.13,-0.17,0.7,0.01,3.58,5.59
0.06,0.11,1.14,-0.15,0.68,0.01,3.07,5.32
0.06,0.1,1.12,-0.13,0.63,0.02,3.07,5.0
0.05,0.08,1.11,-0.14,0.63,0.0,2.73,4.19
0.05,0.07,1.09,-0.11,0.6,-0.01,2.46,3.57
0.02,0.06,1.07,-0.09,0.6,-0.01,0.91,3.03
-0.03,0.04,1.05,-0.14,0.63,-0.02,-1.52,2.21
-0.07,-0.0,1.03,-0.2,0.62,-0.0,-3.84,-0.11
-0.12,-0.03,1.03,-0.24,0.62,0.02,-6.65,-1.66
-0.15,-0.03,1.02,-0.34,0.62,0.06,-8.21,-1.82
-0.15,-0.03,1.03,-0.45,0.63,0.11,-8.06,-1.78
-0.12,-0.01,1.04,-0.55,0.6,0.17,-6.55,-0.79
-0.08,-0.0,1.05,-0.64,0.59,0.19,-4.28,-0.2
-0.05,0.02,1.07,-0.69,0.56,0.23,-2.44,1.08
-0.0,0.06,1.09,-0.75,0.57,0.26,-0.11,3.24
0.04,0.09,1.13,-0.78,0.53,0.28,1.8,4.44
0.07,0.1,1.15,-0.79,0.48,0.31,3.36,4.94
0.11,0.13,1.19,-0.74,0.46,0.33,5.29,6.13
0.14,0.14,1.2,-0.72,0.46,0.34,6.72,6.52
0.16,0.13,1.19,-0.68,0.45,0.34,7.59,6.22
0.17,0.15,1.18,-0.62,0.45,0.34,8.37,6.96
0.2,0.16,1.17,-0.58,0.47,0.33,9.61,7.61
0.23,0.18,1.16,-0.54,0.48,0.33,11.07,8.89
0.25,0.2,1.15,-0.51,0.5,0.29,11.94,9.46
0.27,0.21,1.14,-0.44,0.49,0.26,13.28,10.13
0.28,0.22,1.13,-0.37,0.49,0.22,13.95,10.73
0.28,0.23,1.12,-0.31,0.52,0.16,13.88,11.05
0.28,0.23,1.12,-0.22,0.52,0.12,13.61,11.25
0.26,0.23,1.12,-0.14,0.49,0.08,12.89,11.39
0.24,0.21,1.11,-0.04,0.48,0.05,11.96,10.71
0.21,0.2,1.1,0.02,0.5,0.0,10.47,10.31
0.18,0.19,1.09,0.11,0.48,-0.03,9.12,9.58
0.14,0.17,1.09,0.17,0.5,-0.06,7.46,8.58
0.12,0.14,1.07,0.21,0.5,-0.08,6.16,7.49
0.09,0.11,1.07,0.24,0.54,-0.1,4.7,5.83
0.05,0.08,1.06,0.26,0.57,-0.11,2.55,4.11
0.0,0.05,1.06,0.26,0.59,-0.11,0.04,2.74
-0.03,0.04,1.05,0.27,0.62,-0.09,-1.78,1.97
-0.04,0.02,1.06,0.24,0.66,-0.07,-2.31,1.23
-0.05,0.01,1.06,0.21,0.67,-0.04,-2.48,0.46
-0.04,0.01,1.06,0.2,0.67,0.0,-1.92,0.28
-0.02,0.01,1.04,0.18,0.68,0.02,-1.15,0.31
-0.02,0.0,1.02,0.16,0.69,0.05,-1.25,0.13
-0.01,0.0,0.99,0.12,0.7,0.07,-0.83,0.04
0.01,-0.0,0.97,0.09,0.68,0.09,0.4,-0.04
0.01,0.0,0.97,0.06,0.67,0.09,0.65,0.07
0.0,0.0,0.97,0.03,0.64,0.09,0.25,0.16
-0.0,-0.0,0.97,-0.01,0.61,0.11,-0.0,-0.09
0.0,-0.0,0.98,-0.06,0.58,0.14,0.25,-0.27
0.01,0.0,0.97,-0.07,0.54,0.16,0.88,0.07
0.04,0.01,0.94,-0.11,0.51,0.17,2.58,0.45
0.04,0.02,0.93,-0.13,0.47,0.19,2.52,0.98
0.05,0.03,0.92,-0.18,0.46,0.16,2.82,1.84
0.05,0.03,0.91,-0.18,0.43,0.17,3.2,1.89
0.06,0.04,0.9,-0.2,0.4,0.16,3.72,2.42
0.07,0.04,0.89,-0.24,0.4,0.14,4.29,2.77
0.06,0.04,0.9,-0.26,0.37,0.13,4.11,2.31
0.06,0.03,0.89,-0.27,0.34,0.11,3.59,1.9
0.03,0.01,0.9,-0.33,0.32,0.1,2.21,0.53
0.03,-0.01,0.9,-0.39,0.32,0.09,1.73,-0.45
0.01,0.0,0.91,-0.45,0.27,0.1,0.81,0.24
0.02,0.01,0.93,-0.51,0.24,0.1,1.09,0.51
0.05,0.02,0.96,-0.57,0.2,0.11,2.81,1.26
0.06,0.04,0.98,-0.61,0.16,0.1,3.7,2.13
0.08,0.05,1.0,-0.65,0.12,0.12,4.77,2.85
0.11,0.09,1.03,-0.67,0.14,0.05,6.3,5.08
0.14,0.12,1.06,-0.67,0.02,0.13,7.49,6.2
0.17,0.14,1.08,-0.64,0.0,0.12,8.64,7.43
0.19,0.17,1.11,-0.59,-0.04,0.12,9.69,8.82
0.21,0.2,1.13,-0.52,-0.07,0.11,10.36,9.74
0.23,0.22,1.14,-0.44,-0.11,0.11,10.99,10.54
0.24,0.23,1.14,-0.34,-0.11,0.08,11.78,11.16
0.25,0.24,1.14,-0.25,-0.11,0.06,12.18,11.51
0.24,0.24,1.13,-0.14,-0.1,0.02,11.9,11.72
0.23,0.24,1.12,-0.03,-0.08,-0.01,11.36,12.1
0.22,0.23,1.12,0.08,-0.02,-0.05,11.03,11.47
0.21,0.21,1.11,0.18,0.03,-0.08,10.27,10.73
0.17,0.2,1.1,0.27,0.08,-0.12,8.65,10.06
0.13,0.17,1.08,0.36,0.11,-0.14,6.61,8.93
0.09,0.14,1.06,0.41,0.16,-0.16,4.6,7.76
0.06,0.13,1.04,0.46,0.2,-0.16,3.29,6.99
0.05,0.11,1.01,0.5,0.21,-0.16,2.54,6.12
0.04,0.1,1.0,0.52,0.26,-0.18,2.07,5.58
0.02,0.08,0.99,0.56,0.26,-0.17,1.29,4.68
-0.0,0.07,0.97,0.56,0.28,-0.17,-0.17,3.84
-0.03,0.04,0.95,0.56,0.28,-0.17,-1.76,2.49
-0.04,0.04,0.94,0.55,0.27,-0.16,-2.45,2.15
-0.06,0.02,0.92,0.53,0.26,-0.15,-3.64,1.43
-0.07,0.01,0.91,0.48,0.25,-0.14,-4.1,0.77
-0.07,0.0,0.9,0.45,0.21,-0.12,-4.47,0.24
-0.08,-0.0,0.9,0.41,0.14,-0.09,-5.15,-0.14
-0.08,0.0,0.88,0.35,0.09,-0.1,-4.99,0.08
-0.09,-0.01,0.89,0.3,0.03,-0.08,-6.05,-0.45
-0.1,-0.02,0.87,0.23,-0.01,-0.06,-6.34,-1.17
-0.09,-0.01,0.87,0.17,-0.07,-0.05,-5.98,-0.57
-0.08,-0.0,0.89,0.13,-0.12,-0.04,-5.26,-0.18
-0.07,0.01,0.88,0.09,-0.15,-0.03,-4.37,0.59
-0.07,0.02,0.88,0.05,-0.18,-0.02,-4.47,1.17
-0.07,0.03,0.88,0.02,-0.2,-0.02,-4.23,1.77
-0.06,0.04,0.9,0.0,-0.2,-0.04,-3.68,2.27
-0.04,0.04,0.91,-0.01,-0.18,-0.04,-2.34,2.81
-0.03,0.05,0.92,-0.0,-0.17,-0.04,-2.14,3.19
-0.03,0.06,0.92,0.0,-0.14,-0.06,-2.09,3.61
-0.05,0.05,0.92,0.02,-0.12,-0.06,-2.93,3.07
-0.05,0.05,0.92,0.03,-0.07,-0.07,-3.13,2.87
-0.06,0.04,0.92,0.04,-0.05,-0.06,-3.82,2.59
-0.06,0.04,0.93,0.03,-0.04,-0.06,-3.93,2.39
-0.08,0.04,0.93,0.03,-0.03,-0.07,-4.72,2.35
-0.08,0.03,0.94,0.02,-0.01,-0.06,-4.84,2.07
-0.09,0.04,0.96,0.01,-0.01,-0.06,-5.22,2.53
-0.1,0.03,0.95,0.01,-0.03,-0.04,-5.74,1.52
-0.08,0.03,0.96,0.02,-0.04,-0.03,-4.77,1.85
-0.09,0.04,0.96,-0.0,-0.03,-0.01,-5.1,2.29
-0.08,0.04,0.96,-0.02,-0.03,0.0,-4.53,2.44
-0.07,0.04,0.95,-0.01,-0.04,0.01,-4.13,2.67
-0.06,0.05,0.95,0.0,-0.03,0.01,-3.58,2.87
-0.06,0.05,0.95,-0.01,-0.01,0.0,-3.33,3.08
-0.05,0.05,0.93,-0.0,0.01,0.0,-3.31,2.78
-0.06,0.03,0.93,-0.01,0.02,0.0,-3.68,2.13
-0.06,0.04,0.94,-0.01,0.03,0.02,-3.51,2.22
-0.06,0.03,0.94,-0.04,0.06,0.01,-3.5,2.03
-0.05,0.04,0.95,-0.05,0.05,0.03,-2.8,2.38
-0.04,0.04,0.94,-0.06,0.06,0.03,-2.34,2.54
-0.03,0.05,0.94,-0.0,0.17,-0.11,-1.84,2.84
-0.02,0.05,0.94,-0.07,0.03,0.02,-1.4,3.03
-0.02,0.04,0.95,-0.09,0.03,0.02,-1.16,2.69
-0.01,0.05,0.95,-0.09,-0.01,0.03,-0.82,2.78
-0.02,0.04,0.96,-0.09,-0.03,0.04,-1.2,2.64
-0.01,0.05,0.97,-0.1,-0.05,0.05,-0.66,2.92
-0.0,0.06,0.96,-0.12,-0.06,0.06,-0.07,3.34
0.01,0.05,0.95,-0.11,-0.09,0.06,0.35,3.3
0.01,0.06,0.95,-0.13,-0.11,0.07,0.82,3.43
0.01,0.06,0.95,-0.12,-0.12,0.06,0.78,3.84
0.03,0.07,0.95,-0.13,-0.11,0.06,1.63,4.26
0.04,0.08,0.95,-0.12,-0.13,0.06,2.12,4.54
0.04,0.08,0.95,-0.13,-0.14,0.05,2.63,4.78
0.05,0.08,0.95,-0.1,-0.13,0.03,2.94,4.93
0.05,0.09,0.96,-0.09,-0.11,0.01,2.87,5.2
0.05,0.09,0.96,-0.07,-0.11,0.0,2.86,5.38
0.05,0.09,0.96,-0.03,-0.1,-0.01,2.75,5.19
0.05,0.09,0.96,-0.0,-0.09,-0.03,2.72,5.34
0.04,0.09,0.97,0.01,-0.06,-0.05,2.15,5.33
0.03,0.09,0.97,0.03,-0.03,-0.06,1.91,5.1
0.02,0.08,0.98,0.06,-0.04,-0.05,1.01,4.87
0.0,0.08,0.99,0.09,-0.02,-0.07,0.19,4.53
-0.02,0.06,1.0,0.1,-0.02,-0.07,-1.24,3.66
-0.03,0.05,0.99,0.12,-0.01,-0.05,-1.61,3.17
-0.04,0.06,0.98,0.12,-0.01,-0.04,-2.05,3.34
-0.04,0.05,0.97,0.14,-0.02,-0.03,-2.19,3.09
-0.05,0.04,0.95,0.12,0.0,-0.03,-3.1,2.5
-0.06,0.04,0.94,0.11,-0.01,-0.02,-3.61,2.62
-0.06,0.03,0.93,0.1,0.0,-0.02,-3.86,2.09
-0.07,0.03,0.93,0.09,-0.01,-0.01,-4.05,1.94
-0.07,0.03,0.92,0.07,0.0,-0.02,-4.37,1.96
-0.06,0.03,0.91,0.06,-0.01,-0.0,-3.86,1.93
-0.07,0.03,0.9,0.04,-0.01,0.0,-4.47,1.92
-0.07,0.03,0.9,0.04,-0.03,0.01,-4.27,2.09
-0.06,0.04,0.89,0.01,-0.0,0.01,-3.69,2.5
-0.05,0.04,0.9,-0.01,-0.0,0.02,-3.4,2.29
-0.05,0.02,0.89,-0.02,-0.01,0.0,-2.97,1.57
-0.05,0.03,0.89,-0.03,-0.02,-0.0,-3.29,2.16
-0.05,0.04,0.89,-0.04,-0.01,-0.0,-3.47,2.58
-0.05,0.04,0.89,-0.04,-0.02,-0.01,-3.34,2.65
-0.06,0.04,0.9,-0.07,-0.02,-0.01,-3.75,2.5
-0.06,0.05,0.92,-0.06,-0.03,-0.01,-3.94,2.88
-0.06,0.04,0.94,-0.08,-0.03,-0.01,-3.45,2.53
-0.06,0.04,0.94,-0.07,-0.04,0.0,-3.87,2.49
-0.06,0.04,0.95,-0.08,-0.04,-0.0,-3.4,2.3
-0.07,0.04,0.95,-0.07,-0.03,-0.0,-3.95,2.61
-0.06,0.04,0.96,-0.06,-0.01,0.02,-3.68,2.35
-0.06,0.04,0.95,-0.09,0.02,0.03,-3.32,2.44
-0.05,0.04,0.95,-0.07,0.03,0.02,-2.84,2.67
-0.05,0.04,0.95,-0.08,0.07,0.02,-2.78,2.6
-0.05,0.04,0.95,-0.07,0.07,0.02,-2.77,2.56
-0.05,0.04,0.94,-0.07,0.08,0.03,-2.93,2.45
-0.04,0.04,0.94,-0.07,0.07,0.03,-2.69,2.65
-0.05,0.04,0.95,-0.08,0.05,0.03,-2.83,2.26
-0.05,0.04,0.95,-0.1,0.06,0.04,-2.72,2.12
-0.04,0.03,0.95,-0.11,0.07,0.04,-2.33,1.94
-0.03,0.03,0.95,-0.11,0.05,0.06,-1.62,2.07
-0.03,0.04,0.95,-0.1,0.03,0.06,-1.62,2.2
-0.01,0.04,0.95,-0.12,0.05,0.06,-0.52,2.49
-0.0,0.05,0.96,-0.12,0.03,0.05,-0.15,2.79
0.01,0.05,0.96,-0.13,0.03,0.05,0.44,3.09
0.01,0.05,0.97,-0.12,0.0,0.06,0.72,3.23
0.02,0.06,0.98,-0.11,0.0,0.06,0.97,3.45
0.02,0.06,0.98,-0.11,0.02,0.05,1.27,3.5
0.03,0.06,0.97,-0.08,0.0,0.06,1.84,3.79
0.04,0.06,0.95,-0.05,-0.0,0.05,2.16,3.47
0.03,0.06,0.94,-0.03,0.01,0.04,1.92,3.55
0.03,0.06,0.94,-0.03,0.04,0.02,1.81,3.76
0.02,0.05,0.93,-0.04,0.05,0.0,1.43,3.02
0.02,0.05,0.94,-0.02,0.05,0.0,1.03,3.07
0.0,0.05,0.93,-0.01,0.04,-0.01,0.25,3.01
-0.0,0.04,0.93,-0.02,0.07,-0.02,-0.24,2.66
-0.01,0.04,0.93,-0.03,0.06,-0.01,-0.69,2.23
-0.01,0.04,0.93,-0.03,0.03,-0.01,-0.89,2.52
-0.02,0.04,0.93,-0.04,0.02,-0.02,-1.02,2.29
-0.01,0.04,0.93,-0.07,0.03,-0.02,-0.71,2.59
-0.01,0.05,0.94,-0.06,0.01,-0.02,-0.38,2.89
-0.0,0.06,0.94,-0.06,-0.01,-0.03,-0.13,3.44
-0.0,0.05,0.94,-0.06,-0.02,-0.02,-0.22,3.21
0.0,0.06,0.96,-0.06,-0.03,-0.02,0.06,3.6
-0.01,0.06,0.97,-0.06,-0.02,-0.02,-0.57,3.4
-0.01,0.06,0.98,-0.03,-0.03,-0.02,-0.49,3.57
-0.01,0.06,0.98,-0.01,-0.03,-0.01,-0.64,3.64
-0.01,0.06,0.98,-0.0,-0.03,-0.01,-0.33,3.74
-0.01,0.07,0.98,0.02,-0.02,-0.0,-0.76,3.83
-0.01,0.07,0.98,0.04,-0.02,0.0,-0.57,3.94
-0.01,0.07,0.96,0.05,-0.02,0.0,-0.75,3.87
-0.01,0.05,0.94,0.07,0.02,-0.01,-0.78,2.98
-0.02,0.05,0.93,0.07,0.03,-0.01,-1.48,3.07
-0.02,0.05,0.92,0.08,0.06,-0.02,-1.26,2.86
-0.04,0.04,0.92,0.09,0.06,-0.03,-2.35,2.27
-0.04,0.04,0.91,0.08,0.07,-0.03,-2.27,2.46
-0.05,0.03,0.91,0.07,0.09,-0.04,-3.22,2.18
-0.05,0.03,0.91,0.06,0.09,-0.04,-3.41,1.58
-0.05,0.03,0.91,0.05,0.07,-0.04,-3.01,1.79
-0.05,0.04,0.92,0.03,0.08,-0.04,-3.27,2.21
-0.06,0.03,0.92,0.01,0.08,-0.04,-3.71,1.81
-0.06,0.02,0.92,-0.0,0.08,-0.03,-3.8,1.53
-0.05,0.03,0.93,-0.0,0.07,-0.03,-3.23,1.8
-0.06,0.04,0.93,-0.01,0.06,-0.02,-3.45,2.17
-0.05,0.03,0.94,-0.03,0.06,-0.01,-3.34,1.98
-0.05,0.04,0.94,-0.04,0.05,0.0,-2.77,2.18
-0.04,0.04,0.94,-0.03,0.04,0.02,-2.7,2.61
-0.03,0.05,0.94,-0.03,0.04,0.02,-1.56,2.94
-0.02,0.06,0.94,-0.07,0.05,0.0,-0.96,3.55
-0.01,0.06,0.95,-0.06,0.04,0.01,-0.69,3.45
-0.01,0.06,0.95,-0.05,0.03,0.01,-0.47,3.54
0.01,0.06,0.95,-0.05,0.03,-0.0,0.5,3.49
0.01,0.06,0.95,-0.03,0.03,0.0,0.42,3.6
0.0,0.06,0.96,-0.03,0.03,-0.01,0.28,3.41
0.01,0.06,0.96,-0.04,0.04,-0.01,0.36,3.73
-0.0,0.05,0.96,-0.04,0.05,-0.02,-0.16,3.26
-0.01,0.06,0.98,-0.06,0.04,-0.02,-0.42,3.22
-0.01,0.05,0.99,-0.06,0.03,-0.01,-0.5,3.13
-0.01,0.05,1.0,-0.06,-0.0,-0.0,-0.5,2.75
-0.0,0.05,1.01,-0.06,-0.02,0.01,-0.12,2.87
0.0,0.06,1.0,-0.1,-0.0,0.02,0.12,3.39
0.01,0.07,1.01,-0.08,-0.02,0.03,0.68,3.93
0.03,0.08,1.03,-0.08,-0.03,0.04,1.58,4.7
0.05,0.1,1.06,-0.07,-0.02,0.04,2.46,5.46
0.07,0.11,1.07,-0.06,0.01,0.04,3.5,5.82
0.08,0.12,1.08,-0.04,0.03,0.04,4.15,6.07
0.09,0.12,1.08,0.01,0.04,0.05,4.82,6.34
0.1,0.13,1.08,0.02,0.06,0.04,5.38,6.73
0.11,0.13,1.08,0.04,0.11,0.04,5.89,6.74
0.14,0.14,1.1,0.05,0.12,0.04,7.02,7.29
0.16,0.15,1.1,0.09,0.12,0.03,8.19,7.52
0.17,0.15,1.12,0.11,0.12,0.03,8.47,7.36
0.16,0.14,1.12,0.13,0.08,0.03,7.93,7.28
0.16,0.15,1.13,0.14,0.03,0.04,7.94,7.3
0.17,0.15,1.13,0.13,-0.0,0.06,8.32,7.44
0.2,0.17,1.16,0.15,-0.04,0.07,9.93,8.34
0.26,0.2,1.19,0.17,-0.01,0.06,12.25,9.24
0.3,0.2,1.21,0.23,0.01,0.06,13.72,9.07
0.33,0.21,1.22,0.32,0.04,0.04,14.74,9.26
0.34,0.21,1.22,0.4,0.11,0.02,15.2,9.27
0.35,0.21,1.22,0.47,0.18,0.0,15.65,9.22
0.33,0.18,1.18,0.53,0.23,-0.01,15.6,8.51
0.32,0.17,1.16,0.59,0.23,-0.02,15.38,7.84
0.3,0.14,1.14,0.59,0.25,-0.04,14.7,6.87
0.28,0.11,1.1,0.59,0.23,-0.05,13.93,5.68
0.24,0.09,1.08,0.55,0.19,-0.06,12.49,4.44
0.22,0.08,1.06,0.49,0.12,-0.05,11.49,4.02
0.18,0.06,1.02,0.42,0.02,-0.07,9.94,3.18
0.15,0.04,1.04,0.33,-0.08,-0.07,8.33,2.39
0.14,0.05,1.06,0.2,-0.18,-0.06,7.58,2.51
0.13,0.06,1.08,0.08,-0.32,-0.04,6.63,2.99
0.12,0.06,1.12,-0.03,-0.47,-0.03,6.27,3.26
0.12,0.06,1.14,-0.14,-0.59,-0.0,6.05,3.22
0.13,0.09,1.19,-0.23,-0.71,0.02,6.44,4.4
0.16,0.11,1.24,-0.33,-0.77,0.04,7.23,4.92
0.19,0.13,1.29,-0.38,-0.85,0.05,8.21,5.84
0.22,0.16,1.35,-0.38,-0.88,0.07,9.31,6.64
0.26,0.17,1.4,-0.38,-0.87,0.1,10.36,6.93
0.29,0.19,1.44,-0.34,-0.89,0.12,11.09,7.43
0.3,0.22,1.46,-0.29,-0.92,0.13,11.46,8.35
0.33,0.24,1.48,-0.22,-0.89,0.13,12.23,8.88
0.36,0.26,1.52,-0.14,-0.87,0.13,13.04,9.57
0.38,0.27,1.55,-0.03,-0.88,0.14,13.64,9.62
0.38,0.26,1.56,0.08,-0.86,0.12,13.59,9.33
0.37,0.26,1.55,0.21,-0.86,0.11,13.22,9.28
0.35,0.24,1.53,0.29,-0.83,0.1,12.71,8.66
0.32,0.22,1.51,0.38,-0.86,0.09,11.98,8.23
0.29,0.2,1.49,0.44,-0.9,0.09,11.0,7.45
0.26,0.16,1.47,0.48,-0.93,0.07,10.01,6.25
0.23,0.14,1.45,0.49,-0.98,0.07,9.15,5.61
0.22,0.13,1.43,0.5,-1.05,0.06,8.72,5.17
0.2,0.11,1.42,0.51,-1.14,0.06,8.14,4.48
0.19,0.1,1.41,0.48,-1.23,0.06,7.76,4.03
0.18,0.09,1.39,0.47,-1.3,0.05,7.31,3.54
0.17,0.08,1.37,0.45,-1.38,0.05,7.19,3.47
0.16,0.08,1.38,0.45,-1.46,0.02,6.8,3.2
0.16,0.07,1.37,0.45,-1.54,0.0,6.43,2.98
0.14,0.07,1.38,0.44,-1.59,-0.03,5.86,2.91
0.13,0.07,1.38,0.45,-1.62,-0.04,5.42,2.72
0.11,0.06,1.37,0.47,-1.66,-0.07,4.43,2.49
0.07,0.04,1.36,0.47,-1.7,-0.08,3.12,1.83
0.03,0.02,1.34,0.47,-1.68,-0.12,1.18,0.93
0.0,0.01,1.34,0.46,-1.7,-0.13,0.04,0.53
-0.04,-0.01,1.33,0.45,-1.69,-0.14,-1.89,-0.37
-0.08,-0.02,1.32,0.44,-1.7,-0.14,-3.56,-0.92
-0.1,-0.03,1.31,0.4,-1.7,-0.13,-4.45,-1.27
-0.12,-0.03,1.31,0.37,-1.7,-0.12,-5.31,-1.46
-0.14,-0.03,1.3,0.34,-1.72,-0.12,-6.18,-1.4
-0.15,-0.03,1.3,0.33,-1.74,-0.1,-6.66,-1.23
-0.16,-0.03,1.31,0.31,-1.72,-0.1,-6.9,-1.5
-0.18,-0.04,1.31,0.3,-1.73,-0.09,-7.64,-1.65
-0.19,-0.04,1.3,0.31,-1.74,-0.07,-8.24,-1.93
-0.2,-0.05,1.3,0.31,-1.75,-0.07,-8.66,-2.13
-0.22,-0.06,1.29,0.32,-1.76,-0.05,-9.75,-2.53
-0.25,-0.06,1.27,0.29,-1.76,-0.02,-11.15,-2.85
-0.26,-0.07,1.25,0.3,-1.79,-0.0,-11.74,-3.17
-0.26,-0.06,1.21,0.29,-1.81,0.03,-12.26,-2.99
-0.26,-0.07,1.19,0.29,-1.8,0.04,-12.49,-3.27
-0.28,-0.08,1.17,0.28,-1.8,0.04,-13.25,-4.05
-0.29,-0.09,1.15,0.26,-1.81,0.07,-13.92,-4.54
-0.3,-0.1,1.11,0.25,-1.83,0.08,-14.95,-5.07
-0.29,-0.09,1.08,0.23,-1.83,0.08,-15.17,-4.75
-0.3,-0.09,1.06,0.21,-1.83,0.1,-15.56,-4.71
-0.31,-0.09,1.05,0.19,-1.83,0.1,-16.49,-4.61
-0.31,-0.1,1.02,0.17,-1.81,0.11,-16.67,-5.32
-0.31,-0.08,1.01,0.15,-1.78,0.11,-17.1,-4.49
-0.31,-0.09,0.99,0.14,-1.75,0.1,-17.52,-4.87
-0.31,-0.09,0.98,0.14,-1.71,0.11,-17.61,-4.93
-0.3,-0.07,0.97,0.14,-1.68,0.12,-17.28,-4.13
-0.29,-0.06,0.96,0.16,-1.61,0.11,-16.56,-3.39
-0.27,-0.05,0.95,0.19,-1.54,0.1,-15.83,-3.11
-0.27,-0.06,0.93,0.22,-1.49,0.08,-16.32,-3.26
-0.28,-0.06,0.9,0.25,-1.44,0.06,-17.07,-3.89
-0.28,-0.05,0.86,0.28,-1.38,0.04,-18.06,-3.38
-0.3,-0.05,0.83,0.28,-1.31,0.01,-19.77,-3.33
-0.32,-0.07,0.79,0.28,-1.28,0.01,-21.68,-4.71
-0.35,-0.09,0.75,0.27,-1.25,-0.01,-24.82,-6.26
-0.38,-0.1,0.7,0.23,-1.22,-0.0,-27.88,-7.44
-0.4,-0.11,0.68,0.14,-1.18,0.01,-30.38,-7.74
-0.42,-0.12,0.66,0.04,-1.17,0.04,-32.01,-8.39
-0.44,-0.11,0.65,-0.04,-1.18,0.07,-33.51,-8.25
-0.45,-0.1,0.63,-0.16,-1.22,0.1,-35.28,-7.64
-0.44,-0.1,0.64,-0.28,-1.25,0.15,-34.34,-7.52
-0.43,-0.1,0.66,-0.39,-1.27,0.19,-32.71,-6.96
-0.4,-0.09,0.68,-0.5,-1.28,0.22,-30.29,-6.49
-0.37,-0.08,0.7,-0.57,-1.29,0.26,-27.35,-5.9
-0.35,-0.07,0.73,-0.66,-1.27,0.27,-25.47,-5.25
-0.32,-0.07,0.75,-0.73,-1.27,0.29,-23.05,-4.75
-0.3,-0.06,0.78,-0.75,-1.25,0.31,-20.97,-3.89
-0.28,-0.05,0.79,-0.79,-1.23,0.31,-19.25,-3.71
-0.27,-0.04,0.81,-0.83,-1.21,0.32,-18.69,-2.91
-0.26,-0.04,0.84,-0.85,-1.18,0.32,-17.32,-2.35
-0.25,-0.03,0.88,-0.85,-1.14,0.33,-15.57,-1.69
-0.23,-0.02,0.93,-0.84,-1.11,0.34,-14.05,-1.42
-0.24,-0.01,0.96,-0.8,-1.13,0.35,-14.22,-0.77
-0.25,-0.0,0.99,-0.76,-1.16,0.39,-14.3,-0.13
-0.24,0.01,1.02,-0.71,-1.19,0.42,-13.11,0.37
-0.21,0.02,1.04,-0.65,-1.21,0.44,-11.16,0.88
-0.17,0.03,1.06,-0.56,-1.2,0.46,-9.19,1.67
-0.15,0.05,1.07,-0.48,-1.17,0.46,-7.75,2.54
-0.11,0.05,1.07,-0.39,-1.15,0.46,-5.91,2.56
-0.08,0.06,1.05,-0.27,-1.11,0.43,-4.55,3.21
-0.07,0.05,1.04,-0.21,-1.05,0.39,-3.98,2.85
-0.06,0.04,1.02,-0.11,-1.02,0.34,-3.58,2.43
-0.06,0.04,1.0,-0.04,-0.96,0.31,-3.52,2.06
-0.06,0.02,0.97,0.01,-0.94,0.27,-3.46,1.38
-0.06,0.02,0.96,0.06,-0.89,0.23,-3.73,0.92
-0.07,0.01,0.94,0.09,-0.85,0.2,-4.36,0.49
-0.08,0.01,0.92,0.12,-0.85,0.17,-5.02,0.89
-0.08,0.01,0.92,0.15,-0.83,0.14,-5.15,0.45
-0.08,-0.01,0.89,0.17,-0.8,0.1,-4.9,-0.68
-0.09,-0.01,0.87,0.18,-0.77,0.09,-5.97,-0.97
-0.1,-0.02,0.85,0.17,-0.73,0.06,-6.48,-1.67
-0.13,-0.03,0.83,0.17,-0.73,0.06,-8.74,-2.02
-0.14,-0.03,0.8,0.17,-0.74,0.06,-9.72,-2.16
-0.15,-0.04,0.79,0.13,-0.73,0.08,-10.81,-2.66
-0.15,-0.04,0.79,0.09,-0.76,0.1,-10.85,-2.81
-0.15,-0.04,0.78,0.12,-0.69,-0.03,-10.63,-3.19
-0.15,-0.02,0.78,0.03,-0.85,0.13,-10.95,-1.67
-0.15,-0.0,0.8,-0.01,-0.89,0.15,-10.56,-0.35
-0.13,0.01,0.82,-0.04,-0.94,0.18,-9.09,0.55
-0.11,0.01,0.83,-0.03,-0.98,0.19,-7.77,0.45
-0.11,0.0,0.84,-0.03,-1.03,0.21,-7.55,0.09
-0.08,0.02,0.84,-0.03,-1.05,0.22,-5.39,1.04
-0.06,0.02,0.85,-0.03,-1.06,0.22,-3.88,1.63
-0.03,0.04,0.86,-0.01,-1.06,0.21,-2.21,2.93
-0.02,0.05,0.85,0.02,-1.04,0.18,-1.52,3.07
-0.01,0.05,0.85,0.04,-1.0,0.15,-0.99,3.07
-0.01,0.04,0.84,0.06,-0.95,0.13,-0.82,2.6
-0.02,0.03,0.82,0.09,-0.93,0.1,-1.48,2.42
-0.03,0.04,0.8,0.11,-0.9,0.09,-2.4,3.01
-0.05,0.05,0.79,0.11,-0.81,0.06,-3.29,3.7
-0.05,0.05,0.79,0.14,-0.78,0.05,-3.69,3.4
-0.08,0.03,0.77,0.16,-0.71,0.04,-5.64,2.33
-0.09,0.02,0.76,0.16,-0.67,0.06,-6.74,1.61
-0.1,0.02,0.74,0.17,-0.6,0.07,-7.71,1.88
-0.1,0.04,0.73,0.16,-0.56,0.1,-7.81,3.09
-0.09,0.04,0.73,0.18,-0.53,0.11,-6.77,3.31
-0.07,0.04,0.75,0.17,-0.49,0.15,-5.56,2.9
-0.06,0.05,0.76,0.19,-0.42,0.16,-4.65,4.07
-0.06,0.08,0.73,0.21,-0.45,0.18,-4.35,6.56
-0.04,0.11,0.71,0.23,-0.5,0.2,-2.81,8.5
-0.02,0.1,0.7,0.22,-0.52,0.19,-1.58,8.44
-0.01,0.1,0.7,0.21,-0.58,0.19,-1.11,8.16
-0.0,0.1,0.7,0.18,-0.64,0.19,-0.21,8.37
-0.01,0.09,0.69,0.16,-0.72,0.19,-0.49,7.77
0.0,0.09,0.68,0.15,-0.79,0.19,0.31,7.43
0.0,0.09,0.69,0.11,-0.83,0.17,0.23,7.21
0.01,0.09,0.68,0.09,-0.86,0.16,0.51,7.28
0.01,0.08,0.69,0.06,-0.89,0.15,0.43,6.68
0.01,0.07,0.7,0.06,-0.91,0.14,1.05,5.95
0.01,0.06,0.7,0.04,-0.88,0.12,0.51,4.73
0.01,0.06,0.71,0.02,-0.86,0.11,0.76,5.01
0.01,0.06,0.7,0.01,-0.82,0.1,0.8,4.9
0.0,0.06,0.71,0.01,-0.76,0.1,0.01,4.88
-0.01,0.06,0.72,0.01,-0.69,0.1,-0.66,4.76
-0.02,0.06,0.73,0.01,-0.62,0.1,-1.57,4.88
-0.03,0.06,0.74,0.01,-0.56,0.12,-2.26,4.61
-0.03,0.07,0.74,0.02,-0.51,0.12,-2.33,5.15
-0.02,0.08,0.76,0.02,-0.47,0.14,-1.81,6.25
-0.01,0.09,0.76,0.02,-0.41,0.16,-0.81,7.04
-0.0,0.11,0.77,0.04,-0.38,0.18,-0.25,8.05
0.0,0.13,0.78,0.06,-0.37,0.18,0.31,9.08
0.01,0.14,0.78,0.08,-0.37,0.2,0.98,9.83
0.03,0.14,0.77,0.1,-0.37,0.2,1.99,10.21
0.05,0.15,0.76,0.12,-0.39,0.2,3.38,10.99
0.06,0.15,0.76,0.15,-0.4,0.2,4.08,11.43
0.06,0.17,0.74,0.15,-0.41,0.2,4.74,12.64
0.08,0.16,0.71,0.14,-0.39,0.17,6.45,12.8
0.09,0.16,0.71,0.14,-0.36,0.16,7.18,12.54
0.09,0.15,0.69,0.14,-0.34,0.14,7.05,12.38
0.08,0.14,0.65,0.13,-0.33,0.12,7.04,11.74
0.09,0.12,0.62,0.09,-0.31,0.11,7.66,11.2
0.08,0.13,0.59,0.04,-0.29,0.08,7.44,11.9
0.08,0.12,0.59,-0.04,-0.25,0.07,7.21,11.59
0.07,0.11,0.6,-0.1,-0.25,0.06,6.97,10.74
0.07,0.11,0.61,-0.17,-0.22,0.05,6.55,9.85
0.07,0.1,0.63,-0.27,-0.21,0.04,6.01,8.77
0.05,0.09,0.65,-0.34,-0.25,0.05,4.3,7.93
0.02,0.1,0.68,-0.42,-0.31,0.05,1.86,8.19
0.0,0.1,0.72,-0.5,-0.36,0.07,0.36,7.67
0.02,0.1,0.79,-0.55,-0.4,0.09,1.25,6.99
0.04,0.1,0.85,-0.56,-0.44,0.12,2.48,6.57
0.05,0.11,0.91,-0.57,-0.43,0.12,3.19,6.94
0.06,0.13,0.97,-0.54,-0.46,0.12,3.39,7.47
0.07,0.13,1.01,-0.52,-0.44,0.11,3.84,7.41
0.07,0.13,1.04,-0.42,-0.42,0.09,4.0,7.31
0.07,0.14,1.07,-0.32,-0.4,0.08,3.49,7.32
0.06,0.13,1.08,-0.24,-0.34,0.06,3.29,7.05
0.05,0.13,1.06,-0.18,-0.28,0.05,2.84,7.07
0.03,0.13,1.05,-0.1,-0.26,0.03,1.87,7.24
0.03,0.13,1.02,-0.04,-0.24,0.03,1.6,7.29
0.01,0.12,1.01,0.02,-0.19,0.01,0.72,6.89
-0.01,0.11,1.0,0.07,-0.19,0.02,-0.67,6.26
-0.03,0.1,0.98,0.1,-0.16,0.02,-1.62,5.99
-0.04,0.1,0.94,0.16,-0.17,0.04,-2.42,6.03
-0.06,0.1,0.92,0.21,-0.16,0.06,-3.43,6.09
-0.05,0.1,0.89,0.21,-0.12,0.08,-2.96,6.28
-0.03,0.1,0.87,0.22,-0.11,0.11,-2.24,6.35
-0.03,0.1,0.85,0.24,-0.12,0.13,-1.71,6.49
-0.02,0.09,0.85,0.24,-0.1,0.12,-1.3,6.25
-0.01,0.09,0.82,0.23,-0.08,0.13,-1.05,6.31
-0.01,0.09,0.81,0.2,-0.07,0.15,-0.74,6.2
0.0,0.09,0.8,0.18,-0.06,0.15,0.15,6.24
0.02,0.08,0.79,0.15,-0.05,0.16,1.21,5.65
0.03,0.07,0.79,0.1,-0.02,0.14,2.04,4.93
0.03,0.08,0.8,0.04,-0.04,0.15,2.27,5.48
0.02,0.08,0.8,0.0,-0.04,0.14,1.78,5.43
0.03,0.07,0.82,-0.05,-0.05,0.14,1.95,4.64
0.03,0.07,0.83,-0.09,-0.05,0.12,2.07,4.73
0.02,0.07,0.86,-0.13,-0.05,0.12,1.59,4.66
0.02,0.07,0.88,-0.16,-0.07,0.12,1.48,4.86
0.03,0.08,0.89,-0.18,-0.07,0.11,2.03,4.83
0.02,0.08,0.91,-0.21,-0.05,0.11,1.16,5.23
0.01,0.09,0.93,-0.22,-0.05,0.1,0.41,5.59
0.01,0.09,0.94,-0.23,-0.04,0.1,0.41,5.25
0.0,0.09,0.96,-0.23,-0.06,0.11,0.19,5.44
-0.0,0.08,0.96,-0.23,-0.05,0.11,-0.24,4.9
0.01,0.08,0.99,-0.24,-0.04,0.13,0.29,4.44
0.02,0.08,1.0,-0.21,-0.06,0.13,0.89,4.78
0.03,0.08,1.0,-0.2,-0.05,0.13,1.59,4.4
0.03,0.07,1.01,-0.2,-0.01,0.11,1.8,4.22
0.04,0.07,1.01,-0.19,0.02,0.11,2.26,4.16
0.04,0.07,1.0,-0.17,0.06,0.09,2.2,3.95
0.04,0.07,1.01,-0.17,0.06,0.08,2.26,3.68
0.04,0.06,1.0,-0.17,0.09,0.06,2.04,3.23
0.04,0.05,1.0,-0.17,0.12,0.05,2.11,2.94
0.04,0.05,0.99,-0.18,0.12,0.05,2.07,3.17
0.03,0.06,0.99,-0.18,0.11,0.05,1.75,3.3
0.01,0.06,0.99,-0.2,0.12,0.02,0.81,3.68
0.01,0.07,1.0,-0.22,0.11,0.02,0.3,3.85
-0.01,0.07,1.01,-0.22,0.09,0.03,-0.34,3.92
-0.01,0.06,1.02,-0.25,0.06,0.04,-0.55,3.5
-0.0,0.06,1.03,-0.24,0.01,0.05,-0.05,3.26
0.0,0.06,1.04,-0.26,0.02,0.04,0.24,3.51
0.0,0.07,1.05,-0.26,-0.01,0.04,0.23,3.57
-0.01,0.06,1.07,-0.23,-0.05,0.04,-0.32,3.4
-0.01,0.06,1.07,-0.2,-0.06,0.02,-0.57,3.21
-0.01,0.05,1.07,-0.2,-0.07,0.01,-0.78,2.71
-0.02,0.05,1.06,-0.18,-0.09,0.02,-1.3,2.49
-0.03,0.05,1.07,-0.16,-0.11,0.01,-1.77,2.81
-0.04,0.05,1.05,-0.13,-0.13,0.01,-2.42,2.77
-0.06,0.05,1.06,-0.12,-0.12,0.02,-2.99,2.46
-0.06,0.04,1.05,-0.1,-0.11,0.03,-3.1,1.91
-0.06,0.03,1.04,-0.07,-0.12,0.05,-3.27,1.78
-0.05,0.03,1.03,-0.04,-0.09,0.06,-2.87,1.89
-0.04,0.04,1.01,-0.02,-0.05,0.05,-2.3,2.13
-0.03,0.04,1.01,-0.02,-0.01,0.06,-1.9,2.46
-0.02,0.05,1.0,0.0,0.02,0.07,-1.38,2.85
-0.03,0.04,0.98,-0.01,0.05,0.05,-1.49,2.38
-0.03,0.04,0.97,-0.01,0.09,0.05,-1.87,2.6
-0.04,0.05,0.98,-0.03,0.08,0.07,-2.19,2.79
-0.04,0.06,0.98,-0.05,0.1,0.07,-2.16,3.3
-0.04,0.05,0.99,-0.03,0.07,0.08,-2.15,3.1
-0.03,0.05,1.0,-0.03,0.06,0.07,-1.68,3.01
-0.03,0.05,1.0,-0.05,0.05,0.07,-1.51,2.93
-0.03,0.05,1.01,-0.05,0.04,0.08,-1.72,2.71
-0.02,0.04,1.01,-0.04,0.02,0.09,-1.3,2.43
-0.02,0.03,1.02,-0.04,0.04,0.07,-1.31,1.93
-0.02,0.04,1.02,-0.03,0.03,0.09,-0.9,2.16
-0.01,0.05,1.02,-0.03,0.04,0.09,-0.64,2.74
-0.01,0.05,1.02,-0.0,0.02,0.08,-0.49,2.93
0.0,0.07,1.01,-0.0,0.02,0.09,0.28,3.88
0.01,0.08,1.0,0.01,0.04,0.07,0.33,4.38
0.01,0.07,0.99,0.02,0.04,0.08,0.53,4.19
0.01,0.06,0.98,0.02,0.03,0.08,0.68,3.48
0.01,0.07,0.98,0.01,0.04,0.07,0.8,4.08
0.01,0.07,0.97,0.01,0.03,0.07,0.3,4.12
0.01,0.05,0.96,-0.0,0.01,0.07,0.48,3.0
0.02,0.06,0.97,-0.01,-0.02,0.07,0.96,3.69
0.0,0.05,0.99,-0.02,-0.01,0.07,0.26,3.03
0.01,0.06,0.99,-0.03,0.01,0.06,0.63,3.48
0.01,0.06,0.99,-0.04,0.0,0.06,0.74,3.73
-0.0,0.06,1.0,-0.03,0.0,0.05,-0.06,3.62
-0.01,0.06,1.01,-0.01,-0.02,0.04,-0.64,3.18
-0.02,0.06,1.0,-0.02,0.01,0.05,-1.27,3.18
-0.04,0.05,1.01,-0.01,0.0,0.07,-1.98,2.81
-0.03,0.05,1.02,0.03,-0.02,0.07,-1.68,2.88
-0.02,0.05,1.01,0.05,-0.03,0.09,-1.28,2.78
-0.01,0.05,1.0,0.07,0.0,0.09,-0.49,2.97
0.01,0.05,0.98,0.09,0.02,0.09,0.53,3.06
0.01,0.06,0.95,0.11,0.05,0.07,0.38,3.42
0.01,0.05,0.93,0.1,0.07,0.06,0.56,3.17
0.01,0.05,0.91,0.09,0.1,0.06,0.76,3.23
0.01,0.05,0.89,0.07,0.13,0.04,0.6,3.32
0.0,0.05,0.9,0.02,0.13,0.05,0.11,3.49
0.0,0.06,0.9,-0.01,0.11,0.06,0.07,3.62
0.01,0.06,0.91,-0.04,0.13,0.05,0.63,3.58
0.02,0.06,0.92,-0.08,0.1,0.06,1.23,3.51
0.02,0.07,0.93,-0.1,0.09,0.04,1.42,4.16
0.03,0.07,0.97,-0.13,0.07,0.04,1.56,3.92
0.03,0.07,0.99,-0.14,0.08,0.02,1.85,3.91
0.03,0.07,1.02,-0.15,0.05,0.02,1.92,3.86
0.03,0.07,1.03,-0.14,0.04,0.01,1.51,3.99
0.03,0.07,1.04,-0.11,0.0,0.02,1.6,4.09
0.03,0.07,1.04,-0.09,0.01,0.01,1.83,4.09
0.04,0.09,1.03,-0.1,0.01,-0.01,2.2,4.8
0.04,0.09,1.02,-0.05,-0.01,-0.01,2.31,5.02
0.03,0.08,1.0,-0.03,-0.01,-0.03,1.74,4.72
0.02,0.08,0.98,-0.02,0.01,-0.05,0.88,4.67
0.01,0.08,0.96,-0.03,0.03,-0.04,0.36,4.77
-0.0,0.08,0.94,-0.02,0.03,-0.05,-0.2,5.1
-0.01,0.09,0.91,-0.01,0.04,-0.04,-0.69,5.69
-0.02,0.1,0.9,-0.0,0.06,-0.04,-0.95,6.07
-0.02,0.09,0.89,-0.03,0.08,-0.04,-1.19,6.0
-0.02,0.1,0.88,-0.03,0.08,-0.03,-1.36,6.33
-0.02,0.1,0.87,-0.04,0.08,-0.02,-1.54,6.51
-0.02,0.09,0.87,-0.04,0.09,-0.0,-1.06,5.98
0.0,0.07,0.85,-0.06,0.11,-0.01,0.05,4.96
0.01,0.07,0.83,-0.08,0.12,-0.0,0.97,4.69
0.02,0.07,0.81,-0.1,0.12,-0.01,1.7,4.92
0.02,0.06,0.81,-0.16,0.15,-0.03,1.68,4.02
0.02,0.05,0.79,-0.22,0.16,-0.03,1.53,3.48
0.01,0.04,0.8,-0.28,0.14,-0.04,0.7,2.85
-0.0,0.04,0.82,-0.35,0.12,-0.03,-0.05,3.02
-0.01,0.04,0.85,-0.4,0.11,-0.04,-0.61,2.79
-0.0,0.05,0.92,-0.46,0.11,-0.04,-0.25,3.11
-0.01,0.05,0.96,-0.49,0.07,-0.03,-0.61,2.88
-0.02,0.05,0.98,-0.5,0.03,-0.03,-1.0,2.97
-0.02,0.05,1.02,-0.49,0.02,-0.04,-1.3,2.86
-0.02,0.07,1.06,-0.49,0.02,-0.04,-1.04,3.8
-0.02,0.07,1.09,-0.47,0.03,-0.05,-1.28,3.73
-0.04,0.07,1.12,-0.43,0.05,-0.05,-1.81,3.61
-0.05,0.07,1.13,-0.38,0.05,-0.06,-2.38,3.53
-0.04,0.07,1.13,-0.34,0.07,-0.06,-2.26,3.53
-0.06,0.07,1.13,-0.27,0.07,-0.05,-3.02,3.35
-0.07,0.07,1.15,-0.22,0.08,-0.03,-3.51,3.43
-0.09,0.07,1.14,-0.15,0.09,-0.02,-4.29,3.55
-0.11,0.07,1.14,-0.09,0.12,-0.0,-5.33,3.3
-0.1,0.05,1.13,-0.02,0.14,0.03,-5.23,2.43
-0.09,0.05,1.11,0.07,0.16,0.06,-4.54,2.54
-0.06,0.05,1.08,0.14,0.18,0.08,-3.39,2.48
-0.05,0.06,1.07,0.18,0.23,0.09,-2.72,3.3
-0.03,0.07,1.04,0.23,0.24,0.09,-1.77,3.63
-0.03,0.07,1.01,0.27,0.29,0.09,-1.69,4.15
-0.03,0.07,1.0,0.31,0.31,0.09,-1.54,4.16
-0.02,0.07,0.98,0.33,0.34,0.09,-1.37,3.81
-0.02,0.06,0.94,0.34,0.35,0.11,-1.04,3.92
-0.0,0.07,0.91,0.34,0.34,0.11,-0.17,4.42
0.0,0.08,0.9,0.33,0.33,0.12,0.14,5.06
0.01,0.09,0.88,0.32,0.34,0.12,0.78,5.53
0.01,0.09,0.87,0.3,0.31,0.13,0.95,5.91
0.03,0.09,0.86,0.3,0.29,0.14,1.77,6.0
0.04,0.09,0.87,0.28,0.26,0.13,2.77,6.13
0.05,0.1,0.86,0.25,0.25,0.11,3.38,6.61
0.05,0.1,0.85,0.22,0.23,0.11,3.32,6.56
0.05,0.1,0.84,0.2,0.22,0.1,3.31,6.51
0.04,0.09,0.83,0.18,0.18,0.1,3.06,6.28
0.04,0.09,0.84,0.14,0.19,0.07,2.54,6.35
0.03,0.09,0.84,0.11,0.18,0.08,2.14,6.15
0.02,0.09,0.85,0.1,0.17,0.07,1.29,5.95
0.01,0.09,0.87,0.1,0.16,0.06,0.41,5.99
0.0,0.09,0.87,0.08,0.19,0.07,0.05,5.66
-0.0,0.09,0.89,0.1,0.21,0.06,-0.31,5.48
0.0,0.09,0.9,0.11,0.24,0.08,0.02,5.55
0.0,0.09,0.91,0.12,0.28,0.08,0.21,5.95
-0.0,0.1,0.91,0.12,0.34,0.06,-0.25,6.36
-0.01,0.1,0.91,0.15,0.37,0.07,-0.57,6.34
-0.01,0.1,0.91,0.16,0.41,0.06,-0.34,6.52
0.0,0.1,0.89,0.19,0.42,0.06,0.09,6.6
0.01,0.11,0.89,0.21,0.45,0.06,0.64,6.72
-0.0,0.1,0.86,0.2,0.48,0.06,-0.05,6.79
-0.01,0.1,0.85,0.21,0.47,0.07,-0.44,6.67
-0.01,0.1,0.83,0.18,0.49,0.06,-0.6,6.89
-0.01,0.09,0.82,0.16,0.45,0.07,-0.52,6.5
-0.0,0.09,0.82,0.11,0.45,0.07,-0.23,6.48
-0.01,0.09,0.81,0.06,0.43,0.07,-0.35,6.46
-0.01,0.09,0.82,0.03,0.39,0.07,-0.45,6.42
0.01,0.1,0.84,-0.0,0.37,0.07,0.39,6.92
0.01,0.1,0.85,-0.06,0.38,0.07,0.45,6.67
0.01,0.1,0.88,-0.07,0.36,0.07,0.6,6.69
0.01,0.1,0.88,-0.08,0.32,0.06,0.52,6.22
0.01,0.1,0.9,-0.1,0.33,0.04,0.51,6.25
0.0,0.09,0.9,-0.11,0.31,0.03,0.26,5.54
-0.01,0.08,0.9,-0.13,0.32,0.02,-0.42,4.93
-0.01,0.07,0.9,-0.14,0.32,0.01,-0.72,4.5
-0.02,0.07,0.91,-0.14,0.32,0.01,-1.01,4.46
-0.03,0.08,0.92,-0.17,0.38,-0.01,-1.69,4.74
-0.03,0.07,0.93,-0.14,0.38,-0.01,-1.81,4.44
-0.05,0.07,0.94,-0.13,0.4,0.0,-2.85,4.05
-0.06,0.06,0.95,-0.11,0.42,0.0,-3.44,3.46
-0.07,0.06,0.95,-0.11,0.44,0.01,-4.09,3.66
-0.07,0.06,0.97,-0.11,0.45,0.04,-4.41,3.57
-0.08,0.07,0.98,-0.08,0.46,0.04,-4.38,3.87
-0.08,0.07,1.01,-0.04,0.46,0.07,-4.31,4.09
-0.07,0.08,1.01,-0.03,0.49,0.08,-4.1,4.43
-0.06,0.08,1.01,0.02,0.49,0.1,-3.19,4.4
-0.05,0.08,1.02,0.07,0.48,0.1,-2.62,4.61
-0.03,0.08,1.0,0.12,0.48,0.1,-1.87,4.65
-0.03,0.08,0.99,0.15,0.51,0.09,-1.84,4.7
-0.03,0.07,0.97,0.17,0.52,0.1,-1.79,4.09
-0.02,0.06,0.95,0.21,0.52,0.08,-1.45,3.86
-0.03,0.06,0.93,0.19,0.54,0.09,-1.89,3.7
-0.03,0.07,0.92,0.23,0.52,0.09,-2.17,4.23
-0.04,0.06,0.91,0.23,0.54,0.08,-2.48,4.06
-0.04,0.06,0.89,0.23,0.54,0.09,-2.67,3.97
-0.04,0.05,0.88,0.23,0.51,0.09,-2.69,3.56
-0.04,0.06,0.86,0.23,0.51,0.09,-2.83,3.68
-0.04,0.06,0.85,0.2,0.51,0.11,-2.58,4.18
-0.03,0.07,0.85,0.18,0.49,0.12,-2.16,4.71
-0.04,0.07,0.84,0.17,0.45,0.12,-2.4,4.63
-0.03,0.06,0.84,0.15,0.46,0.11,-1.72,4.3
-0.02,0.06,0.83,0.12,0.43,0.11,-1.41,4.21
-0.03,0.06,0.82,0.1,0.43,0.1,-1.78,4.5
-0.02,0.06,0.82,0.09,0.41,0.1,-1.61,4.52
-0.02,0.06,0.83,0.07,0.42,0.08,-1.33,4.03
-0.02,0.05,0.82,0.04,0.42,0.08,-1.62,3.54
-0.03,0.04,0.82,0.02,0.38,0.08,-2.3,3.1
-0.04,0.04,0.82,0.01,0.35,0.08,-2.89,3.03
-0.06,0.04,0.83,-0.01,0.33,0.08,-4.41,3.06
-0.08,0.04,0.85,-0.03,0.27,0.1,-5.39,2.72
-0.1,0.05,0.88,-0.02,0.2,0.12,-6.28,3.29
-0.1,0.05,0.89,-0.01,0.15,0.14,-6.17,3.34
-0.1,0.06,0.92,-0.0,0.1,0.18,-6.04,3.82
-0.09,0.07,0.96,0.03,0.09,0.2,-5.33,4.07
-0.08,0.07,0.98,0.1,0.06,0.24,-4.87,4.08
-0.06,0.07,0.97,0.17,0.06,0.26,-3.45,4.33
-0.03,0.09,0.95,0.23,0.08,0.25,-1.84,5.13
-0.01,0.09,0.92,0.27,0.13,0.24,-0.71,5.54
-0.01,0.09,0.92,0.31,0.17,0.22,-0.53,5.34
0.01,0.06,0.89,0.34,0.23,0.19,0.43,3.87
0.0,0.06,0.86,0.36,0.29,0.16,0.15,3.96
0.01,0.06,0.84,0.36,0.36,0.14,0.44,4.25
-0.01,0.04,0.82,0.37,0.4,0.11,-0.61,2.71
-0.03,0.04,0.79,0.35,0.46,0.07,-2.13,2.86
-0.04,0.02,0.78,0.3,0.51,0.05,-3.23,1.38
-0.06,0.01,0.79,0.26,0.57,0.04,-4.01,0.98
-0.06,0.01,0.79,0.21,0.58,0.04,-4.66,0.74
-0.07,0.0,0.8,0.19,0.57,0.05,-4.77,0.18
-0.06,0.01,0.82,0.16,0.57,0.04,-4.22,0.39
-0.06,0.02,0.85,0.14,0.56,0.04,-3.95,1.39
-0.06,0.02,0.87,0.13,0.54,0.06,-4.11,1.46
-0.05,0.04,0.87,0.15,0.52,0.05,-3.12,2.31
-0.03,0.04,0.87,0.16,0.53,0.04,-2.07,2.42
-0.02,0.04,0.86,0.18,0.53,0.03,-1.47,2.76
-0.02,0.05,0.84,0.18,0.55,0.01,-1.44,3.34
-0.03,0.06,0.82,0.2,0.56,-0.0,-1.91,4.03
-0.03,0.05,0.8,0.21,0.57,-0.02,-2.2,3.81
-0.04,0.04,0.78,0.2,0.6,-0.06,-2.92,2.87
-0.06,0.04,0.75,0.17,0.6,-0.06,-4.8,2.75
-0.08,0.02,0.72,0.14,0.59,-0.07,-6.68,1.92
-0.1,0.0,0.7,0.1,0.56,-0.08,-8.15,0.32
-0.13,-0.02,0.68,0.02,0.58,-0.08,-10.53,-1.76
-0.14,-0.03,0.69,-0.04,0.56,-0.08,-11.55,-2.48
-0.15,-0.03,0.71,-0.14,0.57,-0.07,-11.64,-2.65
-0.14,-0.03,0.74,-0.21,0.54,-0.05,-10.59,-2.38
-0.12,-0.04,0.76,-0.29,0.56,-0.06,-9.26,-3.09
-0.11,-0.04,0.79,-0.35,0.54,-0.05,-7.86,-2.71
-0.1,-0.02,0.82,-0.38,0.52,-0.05,-6.96,-1.58
-0.08,-0.01,0.85,-0.42,0.52,-0.06,-5.52,-1.0
-0.06,0.0,0.9,-0.43,0.54,-0.08,-3.88,0.02
-0.05,0.01,0.93,-0.42,0.58,-0.11,-3.18,0.85
-0.05,0.03,0.96,-0.39,0.59,-0.13,-3.13,1.72
-0.06,0.03,0.97,-0.34,0.65,-0.15,-3.6,1.71
-0.07,0.02,0.97,-0.27,0.67,-0.16,-4.14,1.48
-0.08,0.03,0.96,-0.23,0.72,-0.18,-4.99,1.56
-0.1,0.03,0.96,-0.17,0.75,-0.18,-5.82,1.98
-0.11,0.02,0.96,-0.12,0.79,-0.19,-6.27,1.47
-0.12,0.01,0.93,-0.07,0.83,-0.18,-7.57,0.38
-0.14,-0.01,0.9,-0.06,0.89,-0.17,-8.88,-0.58
-0.16,-0.02,0.86,-0.07,0.91,-0.15,-10.23,-1.22
-0.16,-0.03,0.84,-0.09,0.93,-0.15,-10.91,-1.7
-0.18,-0.03,0.83,-0.13,0.95,-0.15,-12.05,-1.99
-0.17,-0.03,0.84,-0.17,0.94,-0.12,-11.53,-1.95
-0.17,-0.03,0.88,-0.23,0.97,-0.11,-10.8,-2.08
-0.15,-0.03,0.92,-0.23,0.97,-0.09,-9.09,-1.66
-0.12,-0.02,0.95,-0.23,0.97,-0.08,-7.38,-1.25
-0.1,-0.0,0.96,-0.23,1.01,-0.1,-5.84,-0.28
-0.08,0.01,0.98,-0.2,1.01,-0.1,-4.7,0.4
-0.08,0.0,0.99,-0.15,1.02,-0.12,-4.39,0.28
-0.09,-0.0,0.98,-0.13,1.03,-0.13,-5.11,-0.15
-0.1,-0.02,0.95,-0.11,1.06,-0.14,-6.15,-1.24
-0.11,-0.01,0.94,-0.08,1.05,-0.15,-6.43,-0.75
-0.1,-0.02,0.94,-0.09,1.07,-0.15,-6.21,-0.95
-0.11,-0.02,0.92,-0.08,1.06,-0.14,-7.06,-0.94
-0.11,-0.02,0.9,-0.1,1.09,-0.16,-6.74,-0.96
-0.12,-0.01,0.86,-0.14,1.08,-0.16,-8.15,-0.91
-0.14,-0.01,0.85,-0.16,1.07,-0.16,-9.37,-0.57
-0.13,-0.01,0.86,-0.21,1.08,-0.17,-8.42,-0.5
-0.15,-0.01,0.87,-0.24,1.07,-0.19,-9.94,-0.61
-0.15,-0.03,0.88,-0.29,1.07,-0.19,-9.87,-1.88
-0.16,-0.05,0.89,-0.32,1.04,-0.18,-10.3,-3.23
-0.17,-0.06,0.9,-0.35,1.06,-0.17,-10.68,-3.6
-0.16,-0.05,0.9,-0.4,1.07,-0.14,-10.34,-3.14
-0.15,-0.04,0.92,-0.45,1.08,-0.14,-9.31,-2.36
-0.13,-0.04,0.94,-0.47,1.08,-0.13,-8.05,-2.2
-0.11,-0.05,0.96,-0.49,1.07,-0.12,-6.55,-2.86
-0.11,-0.04,0.97,-0.52,1.1,-0.12,-6.41,-2.62
-0.1,-0.04,0.98,-0.55,1.1,-0.11,-6.09,-2.51
-0.09,-0.02,1.0,-0.55,1.09,-0.11,-5.35,-1.28
-0.08,0.01,1.02,-0.55,1.09,-0.09,-4.53,0.59
-0.06,0.04,1.06,-0.53,1.1,-0.09,-3.35,2.08
-0.05,0.05,1.07,-0.5,1.09,-0.09,-2.92,2.49
-0.06,0.06,1.08,-0.46,1.11,-0.09,-3.09,3.36
-0.05,0.08,1.09,-0.41,1.11,-0.08,-2.56,4.27
-0.04,0.09,1.1,-0.37,1.13,-0.09,-2.2,4.5
-0.02,0.09,1.1,-0.31,1.15,-0.09,-1.02,4.59
-0.01,0.07,1.08,-0.25,1.16,-0.1,-0.48,3.94
-0.03,0.04,1.04,-0.22,1.15,-0.12,-1.6,2.39
-0.07,0.01,1.0,-0.21,1.17,-0.14,-3.83,0.69
-0.1,-0.03,0.97,-0.25,1.18,-0.14,-6.12,-1.82
-0.13,-0.07,0.95,-0.32,1.16,-0.12,-7.73,-3.93
-0.15,-0.1,0.93,-0.43,1.13,-0.1,-9.36,-5.73
-0.17,-0.12,0.94,-0.54,1.08,-0.07,-10.52,-6.96
-0.18,-0.11,0.95,-0.67,1.02,-0.02,-10.87,-6.78
-0.17,-0.09,0.99,-0.8,0.94,0.04,-9.54,-5.18
-0.12,-0.06,1.05,-0.89,0.88,0.08,-6.73,-2.99
-0.07,-0.01,1.11,-0.97,0.83,0.11,-3.56,-0.38
-0.01,0.05,1.19,-1.0,0.82,0.13,-0.43,2.5
0.04,0.11,1.26,-0.97,0.78,0.14,2.02,4.83
0.09,0.15,1.32,-0.88,0.76,0.13,3.72,6.5
0.13,0.18,1.36,-0.77,0.75,0.12,5.49,7.66
0.16,0.21,1.38,-0.65,0.76,0.11,6.62,8.78
0.19,0.24,1.39,-0.51,0.79,0.08,7.52,9.67
0.2,0.25,1.4,-0.37,0.84,0.02,8.07,10.18
0.2,0.26,1.39,-0.21,0.88,-0.04,8.07,10.28
0.18,0.23,1.37,-0.07,0.92,-0.1,7.49,9.52
0.14,0.2,1.33,0.06,0.95,-0.13,6.06,8.71
0.11,0.19,1.28,0.17,0.96,-0.16,4.91,8.25
0.09,0.17,1.25,0.25,0.97,-0.19,4.31,7.67
0.07,0.15,1.21,0.31,0.99,-0.23,3.21,6.95
0.04,0.13,1.16,0.36,0.98,-0.23,2.05,6.24
0.02,0.11,1.14,0.4,0.96,-0.25,0.97,5.45
-0.0,0.09,1.1,0.42,0.95,-0.27,-0.22,4.56
-0.02,0.07,1.07,0.45,0.92,-0.29,-0.99,3.85
-0.04,0.05,1.04,0.44,0.91,-0.29,-2.37,2.54
-0.07,0.02,1.01,0.44,0.89,-0.28,-3.79,1.21
-0.1,0.0,0.99,0.41,0.86,-0.27,-5.64,0.12
-0.12,-0.02,0.96,0.36,0.85,-0.27,-7.28,-0.95
-0.14,-0.04,0.93,0.28,0.82,-0.25,-8.6,-2.47
-0.15,-0.05,0.93,0.2,0.8,-0.23,-8.97,-2.96
-0.15,-0.05,0.94,0.11,0.74,-0.2,-9.26,-3.08
-0.14,-0.05,0.95,0.02,0.71,-0.18,-8.47,-3.1
-0.13,-0.05,0.98,-0.08,0.66,-0.16,-7.33,-3.12
-0.12,-0.05,0.98,-0.16,0.61,-0.13,-6.85,-2.65
-0.1,-0.02,1.01,-0.23,0.54,-0.1,-5.55,-1.01
-0.08,0.01,1.03,-0.31,0.52,-0.1,-4.31,0.47
-0.05,0.04,1.06,-0.36,0.51,-0.09,-2.76,2.33
-0.01,0.09,1.11,-0.37,0.48,-0.08,-0.69,4.43
0.01,0.12,1.16,-0.34,0.46,-0.09,0.71,5.98
0.04,0.16,1.21,-0.3,0.46,-0.1,1.73,7.47
0.07,0.2,1.25,-0.22,0.5,-0.11,3.18,9.08
0.11,0.24,1.29,-0.09,0.5,-0.13,4.61,10.38
0.13,0.25,1.3,0.03,0.51,-0.16,5.81,10.85
0.15,0.25,1.28,0.2,0.54,-0.21,6.72,10.91
0.15,0.24,1.26,0.35,0.61,-0.26,6.48,10.67
0.12,0.22,1.23,0.49,0.68,-0.3,5.44,10.12
0.09,0.2,1.19,0.62,0.72,-0.36,4.17,9.53
0.04,0.15,1.13,0.73,0.75,-0.38,1.83,7.8
-0.02,0.1,1.08,0.77,0.82,-0.41,-0.94,5.23
-0.07,0.05,1.02,0.8,0.86,-0.43,-3.69,2.86
-0.11,0.01,0.98,0.77,0.88,-0.43,-6.67,0.52
-0.15,-0.02,0.95,0.73,0.9,-0.43,-9.2,-1.38
-0.19,-0.06,0.94,0.65,0.9,-0.4,-11.5,-3.71
-0.25,-0.11,0.9,0.54,0.91,-0.37,-15.12,-6.54
-0.31,-0.14,0.89,0.41,0.86,-0.32,-18.78,-8.4
-0.34,-0.16,0.89,0.26,0.8,-0.24,-20.79,-9.41
-0.36,-0.15,0.88,0.07,0.78,-0.15,-22.07,-9.22
-0.35,-0.15,0.88,-0.11,0.71,-0.06,-21.23,-8.77
-0.31,-0.12,0.9,-0.29,0.65,0.02,-19.09,-7.48
-0.25,-0.09,0.93,-0.44,0.6,0.08,-15.23,-5.6
-0.19,-0.05,0.97,-0.57,0.61,0.14,-10.81,-3.13
-0.11,-0.01,1.01,-0.63,0.6,0.18,-6.48,-0.47
-0.05,0.04,1.03,-0.68,0.64,0.19,-3.03,2.05
0.01,0.08,1.05,-0.68,0.67,0.2,0.49,4.17
0.06,0.11,1.06,-0.69,0.75,0.17,2.98,5.85
0.09,0.14,1.07,-0.66,0.8,0.14,4.69,7.36
0.11,0.15,1.09,-0.63,0.86,0.08,5.6,7.59
0.13,0.16,1.1,-0.58,0.9,0.04,6.65,7.97
0.13,0.15,1.11,-0.55,0.99,-0.02,6.81,7.81
0.12,0.15,1.11,-0.51,1.05,-0.07,6.38,7.69
0.11,0.16,1.08,-0.46,1.06,-0.11,5.54,8.39
0.1,0.16,1.07,-0.44,1.08,-0.17,5.22,8.69
0.11,0.18,1.06,-0.44,1.13,-0.22,5.88,9.35
0.11,0.18,1.07,-0.42,1.18,-0.3,5.62,9.79
0.07,0.19,1.1,-0.39,1.22,-0.36,3.76,9.53
0.04,0.16,1.13,-0.37,1.27,-0.4,2.03,8.3
0.01,0.13,1.16,-0.36,1.33,-0.43,0.25,6.36
-0.08,0.08,1.21,-0.39,1.35,-0.44,-3.83,3.89
-0.17,0.05,1.27,-0.45,1.33,-0.37,-7.81,2.09
-0.2,0.04,1.38,-0.52,1.29,-0.25,-8.36,1.79
-0.19,0.04,1.48,-0.58,1.25,-0.09,-7.27,1.67
-0.13,0.04,1.55,-0.63,1.18,0.08,-4.8,1.6
-0.05,0.05,1.61,-0.61,1.14,0.26,-1.73,1.92
0.04,0.07,1.62,-0.56,1.31,0.29,1.55,2.43
0.15,0.09,1.59,-0.57,1.17,0.58,5.33,3.38
0.24,0.12,1.53,-0.53,1.22,0.7,8.95,4.42
0.33,0.15,1.45,-0.49,1.28,0.77,12.63,5.67
0.42,0.19,1.38,-0.45,1.35,0.8,16.59,7.53
0.48,0.23,1.32,-0.42,1.44,0.76,19.86,9.41
0.53,0.27,1.27,-0.39,1.49,0.71,22.02,11.19
0.59,0.34,1.22,-0.33,1.47,0.65,25.07,13.97
0.61,0.4,1.18,-0.28,1.43,0.56,26.18,16.71
0.63,0.43,1.16,-0.21,1.3,0.46,26.97,18.12
0.64,0.46,1.16,-0.13,1.14,0.34,27.22,19.09
0.63,0.46,1.13,-0.04,0.94,0.25,27.39,19.71
0.62,0.46,1.1,0.08,0.77,0.14,27.45,20.03
0.58,0.43,1.08,0.18,0.61,0.04,26.7,19.5
0.53,0.39,1.06,0.27,0.49,-0.08,24.9,17.99
0.46,0.33,1.06,0.34,0.41,-0.16,22.7,15.82
0.41,0.27,1.05,0.41,0.38,-0.23,20.62,13.62
0.36,0.22,1.05,0.48,0.37,-0.3,18.43,11.43
0.3,0.18,1.06,0.5,0.41,-0.35,15.38,9.15
0.24,0.15,1.05,0.55,0.41,-0.37,12.76,8.01
0.21,0.14,1.04,0.56,0.43,-0.38,11.07,7.37
0.18,0.13,1.03,0.6,0.43,-0.4,10.0,7.14
0.16,0.13,1.0,0.6,0.4,-0.41,8.85,7.51
0.13,0.13,0.98,0.61,0.34,-0.42,7.68,7.35
0.1,0.13,0.95,0.61,0.26,-0.43,6.03,7.62
0.07,0.12,0.93,0.62,0.15,-0.44,4.48,7.37
0.06,0.13,0.93,0.61,0.06,-0.46,3.7,8.03
0.03,0.12,0.92,0.61,-0.05,-0.46,1.57,7.34
0.0,0.1,0.9,0.63,-0.14,-0.46,0.13,6.28
-0.01,0.09,0.89,0.61,-0.23,-0.48,-0.73,5.63
-0.05,0.07,0.88,0.61,-0.28,-0.5,-3.13,4.28
-0.08,0.05,0.87,0.58,-0.31,-0.5,-5.5,3.16
-0.11,0.03,0.88,0.57,-0.33,-0.51,-7.01,1.77
-0.14,0.01,0.88,0.55,-0.35,-0.5,-8.73,0.51
-0.16,-0.0,0.9,0.53,-0.33,-0.49,-9.82,-0.24
-0.16,-0.01,0.92,0.51,-0.34,-0.47,-9.72,-0.61
-0.21,-0.02,0.91,0.49,-0.27,-0.45,-13.08,-1.43
-0.22,-0.04,0.92,0.48,-0.26,-0.4,-13.73,-2.13
-0.23,-0.05,0.91,0.44,-0.2,-0.36,-14.15,-2.77
-0.24,-0.06,0.92,0.41,-0.18,-0.31,-14.42,-3.48
-0.24,-0.06,0.92,0.38,-0.13,-0.27,-14.71,-3.83
-0.25,-0.06,0.92,0.35,-0.1,-0.21,-15.01,-3.89
-0.24,-0.06,0.92,0.31,-0.05,-0.16,-14.81,-3.69
-0.22,-0.06,0.9,0.27,-0.02,-0.1,-13.96,-3.91
-0.23,-0.06,0.9,0.25,0.02,-0.05,-14.15,-3.83
-0.22,-0.06,0.87,0.22,0.04,-0.01,-13.85,-3.99
-0.2,-0.06,0.86,0.19,0.08,0.02,-13.04,-4.0
-0.17,-0.06,0.86,0.13,0.14,0.05,-11.39,-3.84
-0.17,-0.06,0.84,0.12,0.14,0.08,-11.2,-4.02
-0.14,-0.05,0.84,0.07,0.19,0.09,-9.6,-3.67
-0.12,-0.05,0.84,0.05,0.18,0.1,-7.89,-3.37
-0.1,-0.05,0.82,0.02,0.21,0.12,-7.12,-3.24
-0.09,-0.04,0.82,-0.02,0.2,0.13,-6.4,-3.03
-0.08,-0.05,0.82,-0.05,0.18,0.13,-5.74,-3.33
-0.08,-0.05,0.83,-0.09,0.16,0.13,-5.66,-3.28
-0.06,-0.04,0.83,-0.13,0.16,0.14,-4.39,-2.78
-0.05,-0.03,0.83,-0.17,0.13,0.15,-3.22,-2.28
-0.03,-0.04,0.83,-0.19,0.08,0.14,-2.39,-2.64
-0.01,-0.03,0.84,-0.24,0.08,0.13,-0.78,-1.95
-0.01,-0.02,0.83,-0.26,0.06,0.12,-0.45,-1.66
0.0,-0.01,0.84,-0.28,0.05,0.11,0.15,-0.88
0.01,-0.0,0.85,-0.3,0.03,0.09,0.69,-0.09
0.02,0.0,0.86,-0.3,0.02,0.07,1.56,0.3
0.03,0.01,0.88,-0.33,0.04,0.05,2.12,0.62
0.04,0.01,0.89,-0.34,0.03,0.04,2.46,0.93
0.03,0.02,0.91,-0.33,0.02,0.03,2.07,1.3
0.04,0.03,0.93,-0.33,0.02,0.01,2.38,1.88
0.05,0.04,0.94,-0.34,0.04,-0.0,2.78,2.19
0.04,0.05,0.95,-0.33,0.02,-0.01,2.42,2.77
0.05,0.05,0.96,-0.3,0.02,-0.01,2.94,2.95
0.04,0.06,0.97,-0.31,0.0,-0.02,2.61,3.54
0.05,0.07,0.99,-0.3,0.01,-0.03,2.68,4.05
0.05,0.07,1.01,-0.27,-0.01,-0.02,2.72,4.25
0.05,0.08,1.01,-0.25,-0.03,-0.02,2.94,4.31
0.06,0.08,1.0,-0.23,-0.04,-0.02,3.26,4.64
0.06,0.09,0.99,-0.21,-0.03,-0.03,3.48,5.09
0.05,0.09,0.99,-0.19,-0.03,-0.04,3.01,5.45
0.05,0.1,0.98,-0.17,-0.03,-0.05,2.67,5.55
0.05,0.1,1.0,-0.15,-0.02,-0.06,2.84,5.74
0.04,0.1,1.0,-0.14,-0.03,-0.07,2.37,5.62
0.03,0.11,1.01,-0.13,-0.01,-0.09,1.67,6.0
0.02,0.11,1.01,-0.11,-0.02,-0.09,1.27,6.27
0.02,0.11,1.02,-0.09,-0.04,-0.09,1.04,6.17
0.02,0.11,1.02,-0.09,-0.03,-0.09,0.87,5.98
0.01,0.11,1.02,-0.07,-0.02,-0.09,0.43,6.13
-0.0,0.11,1.03,-0.05,-0.03,-0.08,-0.14,5.84
-0.0,0.11,1.03,-0.04,-0.05,-0.07,-0.07,6.19
-0.01,0.11,1.02,-0.01,-0.02,-0.07,-0.47,6.19
-0.01,0.11,1.02,0.0,-0.02,-0.07,-0.54,6.38
-0.01,0.12,1.03,0.01,-0.0,-0.06,-0.6,6.63
-0.01,0.12,1.03,0.03,-0.03,-0.05,-0.59,6.65
-0.01,0.12,1.03,0.04,-0.02,-0.06,-0.68,6.65
-0.02,0.12,1.03,0.04,-0.0,-0.04,-1.08,6.6
-0.03,0.12,1.03,0.07,-0.02,-0.03,-1.69,6.4
-0.03,0.12,1.03,0.09,-0.03,-0.01,-1.8,6.73
-0.03,0.12,1.02,0.1,-0.01,-0.01,-1.46,6.61
-0.02,0.11,1.01,0.11,-0.01,0.0,-1.4,6.07
-0.02,0.11,1.0,0.13,-0.0,0.01,-1.18,6.55
-0.02,0.12,0.99,0.13,0.0,0.02,-1.03,6.73
-0.02,0.11,0.98,0.15,0.01,0.02,-1.41,6.36
-0.02,0.11,0.97,0.13,0.03,0.02,-1.18,6.69
-0.02,0.11,0.97,0.16,0.0,0.03,-1.17,6.43
-0.01,0.1,0.95,0.17,-0.0,0.02,-0.63,6.09
-0.01,0.1,0.94,0.17,-0.0,0.02,-0.77,6.22
-0.02,0.09,0.94,0.15,0.02,0.01,-1.31,5.7
-0.03,0.08,0.94,0.14,0.01,0.02,-1.65,4.86
-0.04,0.07,0.94,0.15,-0.0,0.01,-2.17,4.54
-0.03,0.07,0.94,0.15,-0.01,0.01,-1.98,4.26
-0.04,0.07,0.94,0.13,0.0,0.01,-2.16,4.22
-0.04,0.07,0.94,0.14,-0.01,0.01,-2.28,4.21
-0.04,0.06,0.94,0.12,-0.01,0.03,-2.53,3.81
-0.03,0.06,0.94,0.12,-0.02,0.02,-1.84,3.66
-0.04,0.06,0.94,0.11,-0.01,0.03,-2.21,3.61
-0.04,0.06,0.93,0.11,-0.01,0.04,-2.37,3.41
-0.03,0.05,0.93,0.12,-0.01,0.03,-1.87,3.25
-0.03,0.05,0.93,0.13,-0.02,0.04,-2.04,3.05
-0.03,0.04,0.92,0.12,0.01,0.03,-2.01,2.73
-0.03,0.04,0.92,0.1,0.03,0.03,-2.04,2.74
-0.04,0.04,0.91,0.11,0.04,0.03,-2.21,2.64
-0.03,0.04,0.91,0.12,0.06,0.03,-2.08,2.34
-0.04,0.03,0.9,0.11,0.06,0.01,-2.56,1.94
-0.03,0.04,0.89,0.09,0.07,0.02,-2.16,2.25
-0.04,0.03,0.89,0.09,0.06,0.01,-2.5,1.63
-0.04,0.02,0.88,0.09,0.04,0.01,-2.63,1.25
-0.05,0.01,0.88,0.07,0.05,-0.0,-3.05,0.86
-0.05,0.0,0.88,0.05,0.06,-0.0,-3.45,0.26
-0.06,-0.0,0.88,0.02,0.04,-0.01,-3.59,-0.07
-0.06,-0.0,0.89,0.0,0.02,-0.02,-3.67,-0.09
-0.07,0.0,0.9,-0.04,0.01,-0.02,-4.22,0.24
-0.08,-0.0,0.92,-0.05,-0.03,-0.0,-5.02,-0.08
-0.08,-0.0,0.94,-0.08,-0.06,0.02,-4.88,-0.01
-0.07,0.01,0.94,-0.09,-0.09,0.03,-4.1,0.31
-0.04,0.01,0.95,-0.1,-0.1,0.04,-2.63,0.53
-0.04,0.02,0.94,-0.12,-0.09,0.06,-2.63,1.21
-0.03,0.03,0.93,-0.11,-0.08,0.05,-1.7,1.75
-0.02,0.04,0.93,-0.11,-0.07,0.05,-0.96,2.28
-0.01,0.04,0.93,-0.1,-0.04,0.04,-0.38,2.45
-0.0,0.04,0.94,-0.09,-0.01,0.03,-0.14,2.65
-0.01,0.04,0.94,-0.09,0.0,0.01,-0.35,2.55
-0.0,0.04,0.94,-0.07,0.03,0.01,-0.29,2.61
-0.01,0.04,0.94,-0.05,0.03,0.0,-0.44,2.38
-0.01,0.03,0.94,-0.05,0.04,0.0,-0.83,2.07
-0.01,0.04,0.94,-0.05,0.06,-0.01,-0.87,2.18
-0.01,0.04,0.94,-0.04,0.05,-0.01,-0.82,2.45
-0.02,0.04,0.93,-0.04,0.05,-0.01,-1.05,2.38
-0.03,0.04,0.92,-0.06,0.07,-0.02,-1.66,2.22
-0.02,0.03,0.93,-0.06,0.05,-0.01,-1.35,2.01
-0.03,0.03,0.94,-0.05,0.03,0.0,-1.68,2.09
-0.02,0.04,0.94,-0.06,0.03,-0.01,-1.22,2.18
-0.02,0.05,0.95,-0.07,0.01,0.01,-1.24,2.78
-0.02,0.04,0.95,-0.09,0.02,0.01,-1.1,2.36
0.0,0.05,0.94,-0.08,-0.0,0.01,0.0,3.09
-0.0,0.05,0.93,-0.06,-0.01,0.01,-0.09,3.3
0.0,0.05,0.93,-0.09,0.01,-0.0,0.25,3.1
0.01,0.06,0.94,-0.08,-0.0,-0.0,0.77,3.62
0.0,0.05,0.96,-0.06,-0.02,-0.01,0.01,3.29
-0.0,0.06,0.97,-0.07,-0.03,-0.0,-0.22,3.28
-0.0,0.06,0.97,-0.06,-0.02,-0.01,-0.17,3.38
0.01,0.07,0.97,-0.08,-0.03,0.0,0.42,3.86
0.01,0.07,0.97,-0.06,-0.02,0.01,0.39,4.05
0.01,0.08,0.96,-0.06,-0.05,0.01,0.51,4.5
0.01,0.07,0.96,-0.07,-0.03,-0.01,0.67,4.12
0.02,0.06,0.97,-0.05,-0.03,-0.01,1.12,3.73
0.01,0.07,0.97,-0.02,-0.04,-0.02,0.63,4.01
0.0,0.07,0.97,-0.02,-0.05,-0.02,0.17,3.91
-0.0,0.07,0.97,-0.03,-0.02,-0.02,-0.1,3.82
-0.0,0.07,0.97,-0.03,-0.01,-0.01,-0.26,4.03
-0.01,0.07,0.96,0.01,-0.03,-0.02,-0.87,3.97
-0.02,0.07,0.95,0.0,-0.04,-0.01,-1.04,4.33
-0.01,0.08,0.96,0.02,-0.03,-0.01,-0.85,4.79
-0.02,0.08,0.96,0.03,-0.02,-0.01,-1.15,4.67
-0.01,0.08,0.95,0.03,-0.03,-0.01,-0.87,4.77
-0.02,0.08,0.95,0.04,-0.04,-0.01,-1.02,4.56
-0.02,0.08,0.95,0.05,-0.03,-0.02,-1.24,4.69
-0.02,0.08,0.94,0.06,-0.02,-0.01,-1.47,4.79
-0.02,0.08,0.94,0.07,0.02,-0.05,-1.41,4.6
-0.03,0.07,0.93,0.06,-0.03,0.01,-1.59,4.18
-0.03,0.07,0.91,0.07,0.01,-0.02,-1.78,4.25
-0.04,0.06,0.91,0.07,0.01,-0.03,-2.68,3.59
-0.05,0.05,0.91,0.05,0.03,-0.03,-3.03,3.17
-0.05,0.05,0.91,0.05,0.01,-0.05,-3.07,2.89
-0.06,0.03,0.92,0.01,0.03,-0.05,-3.46,2.04
-0.07,0.03,0.93,-0.0,0.03,-0.05,-4.23,1.82
-0.07,0.03,0.94,-0.02,0.02,-0.04,-4.11,1.84
-0.07,0.03,0.95,-0.04,0.0,-0.02,-4.15,2.02
-0.06,0.03,0.95,-0.06,0.01,-0.03,-3.73,1.84
-0.05,0.04,0.96,-0.07,0.01,-0.02,-3.04,2.58
-0.05,0.05,0.96,-0.08,-0.01,-0.02,-2.91,2.79
-0.05,0.06,0.97,-0.1,-0.03,-0.01,-3.17,3.34
-0.05,0.06,0.99,-0.09,-0.04,0.01,-3.07,3.48
-0.05,0.06,1.01,-0.09,-0.04,0.03,-2.6,3.41
-0.03,0.07,1.02,-0.06,-0.06,0.05,-1.67,3.99
-0.02,0.07,1.0,-0.04,-0.08,0.08,-1.22,3.99
-0.01,0.08,0.99,-0.02,-0.05,0.08,-0.38,4.72
-0.0,0.08,0.96,0.0,-0.02,0.07,-0.03,4.62
0.0,0.07,0.95,-0.0,0.01,0.05,0.28,4.42
0.0,0.07,0.94,0.02,0.02,0.04,0.18,4.3
0.0,0.06,0.94,0.04,0.04,0.03,0.03,3.56
-0.01,0.05,0.93,0.05,0.04,0.03,-0.54,2.78
-0.02,0.04,0.92,0.06,0.06,0.02,-1.18,2.5
-0.03,0.04,0.93,0.04,0.06,0.01,-1.57,2.57
-0.03,0.04,0.92,0.03,0.05,0.01,-1.81,2.45
-0.03,0.04,0.92,-0.0,0.06,0.0,-1.57,2.2
-0.04,0.03,0.93,-0.01,0.04,0.0,-2.23,1.68
-0.03,0.03,0.93,0.0,0.02,0.02,-1.88,1.8
-0.03,0.02,0.93,-0.02,0.0,0.02,-2.08,1.4
-0.03,0.04,0.95,-0.03,0.02,0.02,-1.6,2.17
-0.02,0.04,0.95,-0.05,0.01,0.03,-1.14,2.18
-0.02,0.04,0.95,-0.02,-0.0,0.03,-1.2,2.26
-0.01,0.05,0.94,-0.03,0.0,0.04,-0.45,2.91
-0.0,0.04,0.93,-0.03,-0.0,0.02,-0.03,2.56
0.0,0.04,0.93,-0.02,0.01,0.03,0.19,2.62
0.0,0.05,0.93,-0.02,0.01,0.02,0.1,2.91
-0.0,0.04,0.94,-0.0,0.0,0.02,-0.12,2.66
0.0,0.04,0.94,-0.0,0.02,0.01,0.01,2.46
0.0,0.04,0.94,-0.01,0.02,0.02,0.22,2.75
0.01,0.04,0.93,0.0,0.01,0.02,0.36,2.74
0.0,0.04,0.92,0.0,-0.01,0.0,0.1,2.56
0.0,0.04,0.93,-0.01,0.0,-0.01,0.16,2.5
0.0,0.04,0.93,-0.02,-0.01,-0.01,0.23,2.28
0.0,0.03,0.93,-0.03,0.0,-0.02,0.15,2.02
0.0,0.04,0.93,-0.03,-0.01,-0.02,0.3,2.57
0.0,0.04,0.93,-0.04,0.01,-0.03,0.24,2.49
0.01,0.04,0.93,-0.04,0.01,-0.04,0.41,2.65
0.0,0.05,0.93,-0.05,-0.02,-0.05,0.17,2.89
-0.0,0.05,0.94,-0.05,-0.03,-0.05,-0.2,3.24
-0.0,0.05,0.95,-0.07,-0.03,-0.05,-0.23,3.18
-0.01,0.05,0.96,-0.08,-0.04,-0.05,-0.66,3.1
-0.01,0.06,0.97,-0.08,-0.07,-0.04,-0.78,3.26
-0.02,0.06,0.97,-0.08,-0.06,-0.04,-0.9,3.67
-0.02,0.07,0.98,-0.07,-0.09,-0.04,-1.33,3.84
-0.03,0.07,0.99,-0.09,-0.09,-0.03,-1.69,3.8
-0.03,0.07,1.0,-0.1,-0.11,-0.02,-1.7,4.01
-0.03,0.07,1.01,-0.1,-0.14,-0.01,-1.77,4.19
-0.02,0.08,1.02,-0.09,-0.14,0.01,-1.04,4.68
-0.02,0.09,1.01,-0.1,-0.12,0.01,-0.98,5.13
-0.01,0.1,1.01,-0.09,-0.13,0.03,-0.31,5.56
0.0,0.11,1.01,-0.06,-0.14,0.03,0.21,6.18
-0.0,0.1,1.01,-0.04,-0.13,0.03,-0.23,5.55
-0.01,0.09,1.01,-0.05,-0.14,0.04,-0.51,5.16
-0.01,0.09,1.01,-0.07,-0.15,0.04,-0.34,4.9
-0.02,0.08,1.0,-0.08,-0.17,0.06,-0.87,4.78
-0.01,0.09,0.99,-0.08,-0.18,0.06,-0.48,4.89
-0.0,0.08,1.0,-0.1,-0.19,0.07,-0.16,4.81
-0.0,0.07,0.99,-0.14,-0.24,0.1,-0.19,4.24
-0.02,0.06,0.98,-0.18,-0.32,0.11,-1.0,3.58
-0.05,0.04,0.97,-0.24,-0.39,0.13,-2.96,2.34
-0.05,0.03,0.96,-0.32,-0.44,0.14,-2.71,2.07
-0.05,0.04,0.97,-0.4,-0.52,0.16,-2.82,2.21
-0.02,0.05,0.99,-0.46,-0.58,0.2,-1.06,3.01
0.01,0.07,1.02,-0.49,-0.63,0.22,0.62,3.76
0.03,0.08,1.04,-0.54,-0.62,0.23,1.86,4.29
0.04,0.08,1.08,-0.55,-0.63,0.25,2.24,4.43
0.07,0.11,1.09,-0.56,-0.63,0.28,3.85,5.67
0.09,0.11,1.1,-0.56,-0.63,0.28,4.66,5.7
0.11,0.13,1.13,-0.57,-0.59,0.3,5.63,6.45
0.15,0.15,1.11,-0.55,-0.55,0.31,7.61,7.66
0.16,0.18,1.12,-0.53,-0.54,0.31,8.1,9.01
0.2,0.19,1.14,-0.51,-0.5,0.3,9.74,9.5
0.23,0.22,1.15,-0.46,-0.43,0.29,11.17,10.52
0.25,0.22,1.15,-0.43,-0.39,0.27,11.78,10.65
0.26,0.23,1.16,-0.38,-0.38,0.26,12.54,10.98
0.26,0.24,1.16,-0.34,-0.39,0.24,12.53,11.39
0.27,0.24,1.17,-0.31,-0.38,0.21,12.84,11.35
0.28,0.23,1.17,-0.3,-0.41,0.2,13.24,10.86
0.3,0.23,1.17,-0.27,-0.46,0.18,13.92,10.72
0.3,0.22,1.17,-0.26,-0.52,0.17,14.28,10.51
0.31,0.22,1.17,-0.26,-0.58,0.14,14.4,10.21
0.31,0.21,1.16,-0.26,-0.66,0.12,14.82,9.82
0.34,0.2,1.16,-0.27,-0.74,0.1,16.01,9.45
0.35,0.2,1.17,-0.28,-0.83,0.07,16.3,9.25
0.36,0.2,1.16,-0.29,-0.88,0.04,16.77,9.3
0.36,0.2,1.16,-0.31,-0.95,0.01,17.14,9.31
0.37,0.2,1.16,-0.3,-1.04,-0.03,17.27,9.29
0.37,0.2,1.18,-0.3,-1.11,-0.08,17.33,9.01
0.36,0.2,1.22,-0.31,-1.15,-0.14,16.3,9.09
0.36,0.22,1.26,-0.29,-1.19,-0.17,15.62,9.68
0.35,0.23,1.31,-0.26,-1.21,-0.22,14.86,9.68
0.36,0.24,1.37,-0.21,-1.17,-0.26,14.57,9.65
0.37,0.25,1.41,-0.14,-1.14,-0.28,14.31,9.77
0.36,0.26,1.45,-0.05,-1.09,-0.32,13.87,9.95
0.35,0.27,1.48,0.06,-1.06,-0.33,12.95,10.06
0.33,0.25,1.5,0.16,-1.02,-0.36,12.27,9.23
0.31,0.23,1.52,0.25,-0.99,-0.39,11.29,8.3
0.28,0.2,1.51,0.34,-1.0,-0.38,10.3,7.41
0.26,0.18,1.5,0.39,-1.01,-0.37,9.6,6.71
0.23,0.16,1.49,0.44,-1.03,-0.36,8.65,5.93
0.2,0.12,1.49,0.47,-1.07,-0.35,7.65,4.59
0.19,0.11,1.48,0.49,-1.12,-0.33,7.18,4.16
0.17,0.09,1.46,0.49,-1.18,-0.31,6.63,3.69
0.18,0.1,1.45,0.49,-1.25,-0.29,7.1,3.8
0.2,0.1,1.44,0.48,-1.3,-0.3,7.7,4.06
0.21,0.12,1.44,0.5,-1.34,-0.31,8.13,4.76
0.21,0.13,1.46,0.51,-1.38,-0.32,8.28,4.86
0.2,0.11,1.46,0.53,-1.41,-0.34,7.64,4.38
0.17,0.1,1.47,0.56,-1.45,-0.35,6.66,3.8
0.14,0.09,1.48,0.58,-1.49,-0.35,5.5,3.61
0.13,0.08,1.48,0.6,-1.54,-0.35,4.98,3.21
0.12,0.07,1.49,0.62,-1.59,-0.34,4.59,2.56
0.1,0.06,1.5,0.64,-1.63,-0.34,3.67,2.11
0.08,0.04,1.49,0.67,-1.68,-0.34,3.03,1.49
0.06,0.0,1.47,0.7,-1.7,-0.33,2.31,0.17
0.05,-0.02,1.46,0.71,-1.74,-0.32,1.82,-0.72
0.02,-0.03,1.44,0.71,-1.76,-0.31,0.85,-1.09
-0.0,-0.04,1.42,0.71,-1.78,-0.31,-0.09,-1.43
-0.03,-0.05,1.41,0.69,-1.81,-0.3,-1.09,-1.92
-0.05,-0.08,1.41,0.68,-1.84,-0.27,-1.9,-3.05
-0.06,-0.09,1.4,0.65,-1.89,-0.26,-2.64,-3.62
-0.08,-0.08,1.39,0.63,-1.91,-0.23,-3.45,-3.28
-0.09,-0.08,1.38,0.61,-1.98,-0.22,-3.69,-3.3
-0.09,-0.08,1.38,0.58,-2.05,-0.2,-3.91,-3.35
-0.1,-0.08,1.39,0.56,-2.11,-0.19,-4.13,-3.31
-0.12,-0.08,1.38,0.54,-2.14,-0.19,-4.8,-3.47
-0.12,-0.09,1.38,0.54,-2.16,-0.17,-4.74,-3.77
-0.13,-0.1,1.39,0.53,-2.19,-0.16,-5.22,-4.04
-0.13,-0.1,1.39,0.55,-2.2,-0.15,-5.5,-4.23
-0.15,-0.11,1.39,0.56,-2.19,-0.15,-6.02,-4.59
-0.17,-0.12,1.38,0.56,-2.19,-0.14,-6.9,-4.86
-0.18,-0.13,1.37,0.6,-2.2,-0.13,-7.53,-5.2
-0.19,-0.13,1.36,0.6,-2.18,-0.11,-7.99,-5.23
-0.2,-0.14,1.35,0.62,-2.19,-0.11,-8.31,-5.69
-0.2,-0.14,1.33,0.62,-2.19,-0.09,-8.72,-5.8
-0.22,-0.15,1.31,0.64,-2.18,-0.08,-9.3,-6.27
-0.23,-0.14,1.28,0.66,-2.2,-0.07,-9.96,-6.36
-0.23,-0.15,1.25,0.65,-2.2,-0.06,-10.17,-6.84
-0.23,-0.15,1.23,0.63,-2.2,-0.07,-10.66,-7.05
-0.25,-0.17,1.2,0.63,-2.22,-0.06,-11.61,-7.77
-0.27,-0.17,1.17,0.6,-2.25,-0.06,-12.79,-8.04
-0.28,-0.17,1.14,0.58,-2.25,-0.05,-13.68,-8.14
-0.29,-0.16,1.14,0.55,-2.26,-0.04,-14.24,-7.85
-0.3,-0.16,1.11,0.53,-2.24,-0.04,-14.84,-7.83
-0.3,-0.16,1.1,0.5,-2.27,-0.04,-15.29,-8.16
-0.33,-0.17,1.08,0.45,-2.26,-0.03,-16.65,-8.65
-0.34,-0.17,1.07,0.41,-2.26,-0.02,-17.27,-8.83
-0.34,-0.17,1.06,0.38,-2.26,-0.01,-17.48,-8.48
-0.33,-0.16,1.06,0.35,-2.27,0.0,-17.18,-8.26
-0.33,-0.17,1.07,0.34,-2.26,0.0,-17.21,-8.52
-0.33,-0.16,1.08,0.33,-2.25,0.01,-17.09,-8.17
-0.33,-0.15,1.07,0.33,-2.25,0.01,-17.02,-7.66
-0.31,-0.14,1.09,0.34,-2.23,0.01,-15.79,-6.81
-0.31,-0.14,1.09,0.38,-2.23,0.01,-15.63,-7.09
-0.32,-0.15,1.07,0.39,-2.2,0.0,-16.55,-7.77
-0.34,-0.15,1.05,0.42,-2.21,0.01,-17.86,-7.9
-0.35,-0.13,1.02,0.44,-2.22,0.02,-18.7,-7.04
-0.35,-0.12,1.01,0.48,-2.2,0.01,-18.74,-6.34
-0.35,-0.13,0.99,0.48,-2.17,0.02,-19.24,-6.84
-0.36,-0.12,0.97,0.5,-2.16,0.03,-20.03,-6.52
-0.35,-0.11,0.95,0.53,-2.16,0.03,-19.99,-6.4
-0.35,-0.1,0.94,0.55,-2.13,0.02,-20.26,-5.83
-0.35,-0.12,0.92,0.58,-2.12,0.0,-20.42,-6.79
-0.36,-0.13,0.91,0.59,-2.09,-0.01,-21.2,-7.29
-0.37,-0.13,0.87,0.61,-2.05,-0.02,-22.67,-7.68
-0.39,-0.12,0.86,0.62,-2.03,-0.02,-24.2,-7.41
-0.39,-0.13,0.83,0.61,-1.96,-0.02,-24.65,-8.09
-0.4,-0.14,0.8,0.61,-1.91,-0.0,-26.02,-8.63
-0.39,-0.13,0.78,0.62,-1.89,0.02,-26.55,-8.74
-0.39,-0.12,0.76,0.62,-1.87,0.04,-26.79,-7.72
-0.37,-0.1,0.75,0.61,-1.79,0.03,-26.36,-6.87
-0.36,-0.1,0.73,0.63,-1.76,0.05,-25.83,-6.98
-0.34,-0.09,0.7,0.63,-1.7,0.05,-26.1,-6.95
-0.33,-0.09,0.66,0.62,-1.67,0.06,-26.32,-7.04
-0.31,-0.08,0.62,0.6,-1.59,0.06,-26.48,-6.34
-0.29,-0.05,0.59,0.57,-1.51,0.06,-26.1,-4.56
-0.27,-0.04,0.58,0.55,-1.47,0.05,-24.81,-3.26
-0.25,-0.03,0.56,0.52,-1.4,0.05,-23.68,-2.34
-0.24,-0.02,0.54,0.48,-1.33,0.02,-23.55,-1.74
-0.22,-0.02,0.52,0.45,-1.27,0.01,-23.1,-1.62
-0.21,-0.01,0.49,0.4,-1.2,-0.01,-23.28,-1.42
-0.21,-0.01,0.45,0.35,-1.15,-0.03,-24.32,-0.96
-0.2,-0.02,0.43,0.28,-1.09,-0.03,-25.23,-2.18
-0.22,-0.02,0.41,0.21,-1.06,-0.03,-28.89,-2.79
-0.27,-0.02,0.4,0.11,-1.09,-0.0,-33.66,-2.32
-0.3,-0.02,0.41,0.02,-1.14,0.06,-36.64,-2.23
-0.32,-0.02,0.42,-0.08,-1.21,0.14,-37.42,-2.02
-0.3,-0.01,0.45,-0.16,-1.29,0.22,-34.24,-1.57
-0.26,0.0,0.48,-0.23,-1.39,0.31,-28.63,0.16
-0.22,0.02,0.51,-0.28,-1.48,0.37,-23.37,1.84
-0.18,0.05,0.57,-0.31,-1.53,0.42,-17.67,4.78
-0.13,0.07,0.61,-0.32,-1.54,0.45,-12.21,5.95
-0.09,0.07,0.65,-0.29,-1.53,0.46,-7.63,5.87
-0.04,0.08,0.68,-0.24,-1.5,0.46,-3.18,6.49
-0.0,0.1,0.69,-0.2,-1.44,0.43,-0.13,8.0
0.03,0.11,0.69,-0.15,-1.35,0.38,2.25,9.05
0.04,0.12,0.7,-0.1,-1.26,0.32,3.6,9.5
0.05,0.12,0.7,-0.04,-1.18,0.28,4.27,9.6
0.06,0.12,0.69,0.0,-1.1,0.23,4.57,9.68
0.05,0.11,0.67,0.04,-1.01,0.19,3.84,9.45
0.04,0.1,0.64,0.08,-0.94,0.16,3.41,9.19
0.03,0.1,0.64,0.1,-0.89,0.14,2.68,9.12
0.03,0.11,0.61,0.11,-0.85,0.14,2.71,9.89
0.03,0.11,0.6,0.11,-0.81,0.13,2.6,10.52
0.04,0.1,0.59,0.1,-0.76,0.14,3.42,9.43
0.02,0.1,0.58,0.09,-0.76,0.13,2.37,9.78
0.02,0.12,0.6,0.08,-0.76,0.14,1.73,11.0
0.02,0.12,0.6,0.06,-0.75,0.15,1.49,11.25
0.02,0.12,0.61,0.04,-0.77,0.17,2.23,10.81
0.04,0.12,0.64,0.04,-0.77,0.18,3.36,10.87
0.06,0.13,0.64,0.03,-0.78,0.18,5.18,11.37
0.06,0.14,0.66,0.03,-0.77,0.18,5.3,11.98
0.07,0.15,0.68,0.03,-0.75,0.17,5.53,12.25
0.06,0.14,0.69,0.04,-0.72,0.16,5.25,11.77
0.07,0.15,0.7,0.05,-0.68,0.15,5.63,11.62
0.07,0.14,0.71,0.06,-0.62,0.14,5.61,11.33
0.07,0.15,0.71,0.07,-0.59,0.13,5.51,12.03
0.09,0.15,0.72,0.07,-0.55,0.12,6.64,11.82
0.08,0.15,0.71,0.07,-0.53,0.11,6.61,11.44
0.09,0.15,0.72,0.06,-0.5,0.08,6.73,11.68
0.08,0.15,0.73,0.06,-0.46,0.07,6.49,11.25
0.08,0.15,0.74,0.08,-0.46,0.06,6.05,11.15
0.07,0.14,0.76,0.09,-0.42,0.04,5.45,10.1
0.07,0.13,0.76,0.11,-0.42,0.03,4.8,9.94
0.05,0.13,0.77,0.11,-0.4,0.02,3.81,9.56
0.05,0.13,0.78,0.13,-0.39,0.02,3.53,9.82
0.04,0.13,0.79,0.15,-0.38,0.01,3.04,9.11
0.04,0.12,0.79,0.18,-0.35,0.01,3.01,8.61
0.04,0.11,0.77,0.19,-0.31,0.0,2.89,8.08
0.04,0.11,0.77,0.21,-0.3,0.0,2.83,8.37
0.05,0.12,0.76,0.22,-0.27,0.01,3.54,9.06
0.06,0.13,0.75,0.21,-0.22,0.0,4.19,9.45
0.05,0.13,0.75,0.22,-0.18,-0.01,3.81,9.67
0.04,0.12,0.73,0.19,-0.13,-0.01,2.82,9.65
0.01,0.12,0.72,0.16,-0.13,-0.02,1.02,9.47
0.0,0.12,0.72,0.14,-0.12,-0.01,0.13,9.2
-0.01,0.1,0.72,0.08,-0.11,0.01,-0.89,8.13
-0.02,0.1,0.74,0.05,-0.13,0.03,-1.3,7.81
-0.01,0.1,0.78,0.01,-0.16,0.06,-0.37,7.25
0.0,0.1,0.81,0.0,-0.17,0.06,0.3,7.38
0.02,0.1,0.85,-0.0,-0.17,0.06,1.45,6.77
0.02,0.1,0.88,0.01,-0.2,0.07,1.48,6.26
0.02,0.11,0.88,0.03,-0.2,0.04,1.4,6.97
0.02,0.11,0.88,0.03,-0.24,0.04,1.59,7.29
0.02,0.12,0.87,0.03,-0.25,0.03,1.56,7.93
0.01,0.13,0.86,0.02,-0.28,0.03,0.67,8.67
-0.01,0.13,0.86,0.03,-0.29,0.02,-0.79,8.35
-0.03,0.11,0.87,0.04,-0.31,0.04,-1.85,7.35
-0.03,0.1,0.87,0.04,-0.31,0.04,-2.23,6.74
-0.04,0.09,0.88,0.04,-0.29,0.07,-2.8,5.9
-0.03,0.08,0.87,0.08,-0.28,0.09,-2.21,5.25
-0.03,0.09,0.86,0.09,-0.23,0.11,-2.19,5.91
-0.02,0.09,0.87,0.09,-0.17,0.13,-1.23,6.14
-0.0,0.1,0.88,0.1,-0.1,0.14,-0.28,6.18
0.01,0.1,0.87,0.11,-0.06,0.14,0.82,6.6
0.03,0.1,0.88,0.11,-0.03,0.15,2.15,6.77
0.04,0.11,0.88,0.09,0.02,0.14,2.46,6.81
0.05,0.11,0.88,0.07,0.03,0.14,3.07,7.13
0.06,0.11,0.88,0.06,0.02,0.15,3.79,6.79
0.07,0.1,0.89,0.04,0.0,0.15,4.47,6.69
0.09,0.1,0.91,0.03,0.01,0.14,5.42,6.3
0.09,0.11,0.92,0.02,-0.05,0.13,5.81,6.88
0.09,0.11,0.94,0.0,-0.06,0.12,5.68,6.49
0.09,0.11,0.94,-0.01,-0.1,0.1,5.41,6.48
0.08,0.1,0.97,-0.01,-0.11,0.08,4.44,6.09
0.06,0.1,0.97,-0.02,-0.11,0.07,3.66,5.93
0.05,0.1,0.99,-0.0,-0.12,0.05,2.75,5.63
0.02,0.08,0.99,0.01,-0.14,0.05,1.18,4.52
0.0,0.07,0.98,0.04,-0.11,0.03,0.01,4.03
-0.0,0.06,0.99,0.06,-0.1,0.03,-0.15,3.47
0.0,0.07,0.98,0.1,-0.08,0.03,0.12,4.03
-0.0,0.07,0.96,0.14,-0.06,0.03,-0.29,4.05
-0.02,0.06,0.95,0.15,-0.02,0.04,-0.97,3.85
-0.02,0.06,0.92,0.16,0.04,0.04,-1.2,3.71
-0.01,0.06,0.9,0.17,0.06,0.05,-0.82,3.59
-0.0,0.07,0.87,0.15,0.09,0.06,-0.15,4.54
0.0,0.08,0.86,0.12,0.12,0.06,0.02,5.09
-0.0,0.07,0.86,0.07,0.14,0.07,-0.01,4.7
0.0,0.07,0.87,0.03,0.13,0.08,0.08,4.41
0.01,0.07,0.89,-0.02,0.11,0.1,0.57,4.67
0.01,0.08,0.92,-0.05,0.1,0.11,0.7,4.84
0.02,0.07,0.94,-0.07,0.08,0.12,1.33,4.51
0.03,0.07,0.98,-0.1,0.05,0.11,1.85,4.2
0.04,0.06,1.01,-0.12,0.05,0.1,2.14,3.52
0.04,0.06,1.02,-0.12,0.04,0.09,2.08,3.48
0.03,0.05,1.04,-0.12,0.04,0.07,1.84,2.94
0.03,0.05,1.04,-0.11,0.03,0.06,1.9,2.5
0.03,0.04,1.04,-0.11,0.01,0.06,1.65,2.17
0.03,0.05,1.04,-0.11,0.01,0.04,1.57,2.71
0.01,0.05,1.05,-0.12,0.02,0.03,0.7,2.56
0.01,0.05,1.07,-0.1,-0.01,0.03,0.46,2.49
0.01,0.04,1.08,-0.08,-0.05,0.04,0.37,1.98
-0.0,0.04,1.08,-0.05,-0.06,0.02,-0.07,1.95
-0.0,0.04,1.07,-0.03,-0.04,0.01,-0.17,2.36
-0.0,0.05,1.06,-0.01,-0.03,0.01,-0.02,2.58
-0.01,0.04,1.05,0.03,-0.01,0.0,-0.62,2.44
-0.01,0.04,1.04,0.06,0.01,0.01,-0.56,1.96
-0.02,0.03,1.03,0.05,0.07,0.0,-0.86,1.86
-0.02,0.03,1.02,0.08,0.08,0.01,-0.86,1.8
-0.01,0.02,1.02,0.09,0.1,0.03,-0.65,1.16
-0.0,0.02,1.01,0.09,0.11,0.02,-0.02,1.36
0.01,0.04,1.0,0.08,0.11,0.02,0.31,2.14
-0.0,0.05,1.0,0.07,0.11,0.02,-0.04,2.84
-0.01,0.05,1.0,0.05,0.09,0.03,-0.55,2.93
-0.01,0.05,1.01,0.05,0.06,0.03,-0.44,2.71
-0.01,0.05,1.02,0.04,0.04,0.03,-0.34,2.63
-0.02,0.05,1.02,0.04,0.0,0.04,-1.13,2.6
-0.02,0.04,1.02,0.01,-0.04,0.03,-1.12,2.45
-0.02,0.04,1.01,0.04,-0.06,0.05,-1.28,2.01
-0.02,0.04,0.99,0.03,-0.05,0.04,-1.21,2.09
-0.01,0.04,1.0,-0.0,-0.03,0.05,-0.7,2.22
0.0,0.04,1.0,0.01,-0.02,0.04,0.17,2.34
0.01,0.04,1.0,-0.01,0.0,0.04,0.55,2.07
0.0,0.04,1.0,-0.02,0.04,0.03,0.27,2.44
-0.01,0.03,1.02,-0.02,0.06,0.03,-0.55,1.87
-0.0,0.04,1.02,-0.04,0.1,0.02,-0.14,2.41
-0.0,0.05,1.03,-0.03,0.1,0.02,-0.06,2.52
-0.0,0.04,1.04,-0.03,0.11,0.02,-0.13,2.05
0.01,0.04,1.06,-0.05,0.12,0.02,0.3,2.05
0.01,0.05,1.06,-0.02,0.09,0.03,0.7,2.44
0.01,0.05,1.06,-0.02,0.06,0.02,0.8,2.52
0.02,0.05,1.06,-0.02,0.04,0.02,0.91,2.48
0.01,0.05,1.04,-0.01,0.03,-0.0,0.64,2.73
-0.0,0.05,1.03,-0.02,0.01,-0.0,-0.06,2.56
-0.01,0.05,1.02,-0.02,-0.02,-0.0,-0.49,3.01
-0.02,0.04,1.02,-0.01,-0.03,0.0,-1.18,2.18
-0.02,0.05,1.01,-0.02,-0.05,0.01,-1.39,2.89
-0.03,0.05,1.01,-0.04,-0.05,0.02,-1.56,2.8
-0.02,0.05,1.01,-0.03,-0.04,0.02,-1.02,2.74
-0.01,0.06,1.02,-0.03,-0.03,0.01,-0.49,3.17
-0.0,0.06,1.01,-0.04,0.0,0.01,-0.26,3.47
-0.01,0.06,1.01,-0.04,0.02,0.0,-0.53,3.5
-0.02,0.06,1.01,-0.02,0.02,-0.0,-0.91,3.56
-0.02,0.05,1.0,-0.01,0.03,-0.0,-1.08,3.06
-0.02,0.05,1.0,-0.03,0.05,0.0,-0.88,2.8
-0.01,0.05,0.99,-0.02,0.04,0.0,-0.63,2.88
-0.0,0.05,0.98,-0.04,0.04,-0.0,-0.25,2.9
-0.01,0.05,0.98,-0.05,0.03,-0.01,-0.31,3.17
-0.01,0.04,0.99,-0.08,0.04,-0.02,-0.45,2.41
-0.01,0.04,0.99,-0.08,0.02,-0.01,-0.7,2.27
-0.0,0.04,0.98,-0.09,-0.01,0.0,-0.28,2.24
-0.01,0.04,0.99,-0.11,-0.04,0.0,-0.53,2.48
-0.0,0.05,0.99,-0.13,-0.06,0.01,-0.15,2.92
0.0,0.05,1.0,-0.15,-0.07,0.01,0.2,2.67
0.01,0.05,1.01,-0.14,-0.09,0.02,0.5,2.62
0.0,0.05,1.02,-0.15,-0.11,0.01,0.18,3.0
-0.0,0.06,1.03,-0.15,-0.09,-0.0,-0.08,3.07
-0.01,0.05,1.04,-0.13,-0.08,-0.0,-0.57,2.75
-0.02,0.05,1.04,-0.09,-0.07,0.0,-1.01,2.88
-0.03,0.04,1.04,-0.07,-0.06,0.0,-1.49,2.48
-0.03,0.04,1.03,-0.04,-0.02,-0.0,-1.61,2.29
-0.03,0.05,1.02,-0.01,0.01,0.0,-1.9,2.51
-0.04,0.04,1.03,0.01,0.05,0.01,-2.06,2.07
-0.03,0.04,1.01,0.04,0.07,0.0,-1.87,2.4
-0.03,0.04,1.0,0.06,0.1,0.01,-1.61,2.45
-0.02,0.05,0.99,0.06,0.15,0.01,-1.32,2.77
-0.02,0.06,0.98,0.06,0.15,0.02,-0.91,3.29
-0.01,0.06,0.97,0.09,0.14,0.03,-0.63,3.47
-0.0,0.06,0.96,0.09,0.13,0.03,-0.3,3.6
0.0,0.07,0.95,0.07,0.13,0.03,0.02,4.15
0.01,0.07,0.96,0.06,0.13,0.04,0.5,4.27
0.02,0.07,0.96,0.07,0.12,0.03,0.91,4.4
0.02,0.07,0.96,0.07,0.11,0.02,1.45,4.48
0.02,0.08,0.93,0.05,0.13,0.02,1.38,4.87
0.03,0.08,0.93,0.03,0.12,0.01,1.65,4.75
0.02,0.07,0.93,0.01,0.12,0.01,1.54,4.15
0.02,0.07,0.91,-0.01,0.11,0.01,1.37,4.22
0.03,0.08,0.93,-0.02,0.12,0.02,1.57,5.08
0.03,0.07,0.94,-0.06,0.11,0.01,1.86,4.48
0.03,0.08,0.94,-0.08,0.1,0.0,1.71,5.09
0.03,0.08,0.96,-0.08,0.09,-0.01,1.66,4.51
0.01,0.07,0.97,-0.1,0.09,-0.01,0.74,4.28
0.01,0.08,0.98,-0.09,0.07,-0.01,0.36,4.68
-0.01,0.08,0.98,-0.1,0.08,-0.02,-0.43,4.39
-0.02,0.07,0.98,-0.1,0.07,-0.01,-1.19,4.23
-0.03,0.07,1.0,-0.06,0.09,-0.02,-1.61,3.99
-0.02,0.07,1.01,-0.06,0.12,-0.0,-1.33,3.81
-0.03,0.07,1.0,-0.01,0.14,0.0,-1.49,4.09
-0.03,0.07,0.99,0.02,0.15,0.01,-1.84,4.16
-0.02,0.07,0.98,0.03,0.19,-0.01,-1.25,3.86
-0.02,0.06,0.96,0.06,0.22,0.0,-1.2,3.73
-0.01,0.07,0.95,0.08,0.22,0.01,-0.62,4.14
-0.01,0.08,0.9,0.08,0.25,0.02,-0.49,5.18
0.0,0.09,0.88,0.06,0.27,-0.01,0.3,5.87
-0.0,0.08,0.9,0.04,0.28,0.0,-0.2,5.19
0.0,0.07,0.9,0.03,0.28,0.01,0.09,4.52
0.01,0.08,0.89,0.03,0.26,0.02,0.66,4.9
0.02,0.08,0.88,0.0,0.29,0.01,1.03,5.16
0.02,0.09,0.87,-0.04,0.31,0.01,1.25,5.71
0.03,0.09,0.88,-0.07,0.31,0.01,1.83,5.65
0.02,0.09,0.89,-0.08,0.29,0.0,1.35,5.44
0.01,0.08,0.91,-0.09,0.3,0.0,0.55,4.93
0.01,0.08,0.92,-0.11,0.28,-0.0,0.44,5.03
0.0,0.08,0.95,-0.11,0.27,0.01,0.22,4.89
0.0,0.08,0.96,-0.11,0.25,0.01,0.11,4.67
0.0,0.08,0.97,-0.1,0.26,0.0,0.17,4.65
0.0,0.08,0.97,-0.08,0.27,0.0,0.19,4.76
-0.01,0.08,0.97,-0.04,0.28,-0.0,-0.33,4.84
-0.01,0.08,0.95,0.0,0.29,-0.01,-0.67,4.71
-0.01,0.08,0.94,0.03,0.31,-0.01,-0.83,4.74
-0.02,0.07,0.92,0.05,0.35,-0.01,-1.17,4.52
-0.02,0.07,0.9,0.07,0.38,-0.0,-1.37,4.56
-0.03,0.07,0.9,0.07,0.4,0.01,-1.73,4.31
-0.03,0.08,0.89,0.11,0.42,0.01,-1.97,4.84
-0.02,0.08,0.88,0.11,0.47,0.02,-1.6,5.0
-0.01,0.09,0.86,0.14,0.49,0.02,-0.81,5.82
-0.01,0.1,0.85,0.16,0.51,0.02,-0.59,6.42
-0.01,0.1,0.83,0.16,0.54,0.03,-0.4,7.19
-0.01,0.11,0.81,0.14,0.59,0.03,-0.48,7.45
-0.01,0.1,0.8,0.14,0.61,0.05,-0.78,7.46
0.0,0.1,0.78,0.12,0.62,0.06,0.19,7.63
0.01,0.11,0.77,0.09,0.63,0.06,0.67,7.83
0.01,0.11,0.76,0.05,0.67,0.06,1.04,8.05
0.01,0.1,0.76,-0.01,0.68,0.07,0.56,7.83
0.03,0.1,0.76,-0.04,0.67,0.08,1.96,7.28
0.05,0.1,0.75,-0.1,0.66,0.09,3.56,7.88
0.07,0.12,0.78,-0.17,0.69,0.06,5.27,8.97
0.1,0.12,0.79,-0.23,0.68,0.05,7.03,8.71
0.08,0.11,0.83,-0.29,0.68,0.02,5.6,7.8
0.08,0.11,0.86,-0.32,0.65,-0.01,4.96,7.56
0.07,0.09,0.87,-0.35,0.64,-0.03,4.69,5.64
0.04,0.08,0.89,-0.37,0.59,-0.03,2.8,4.84
0.04,0.07,0.89,-0.39,0.58,-0.04,2.25,4.76
0.02,0.07,0.9,-0.41,0.55,-0.05,1.46,4.43
0.02,0.07,0.93,-0.42,0.56,-0.06,1.13,4.32
0.0,0.07,0.95,-0.41,0.54,-0.06,0.03,4.02
-0.01,0.07,0.97,-0.38,0.53,-0.05,-0.69,4.34
-0.02,0.07,0.97,-0.33,0.54,-0.05,-1.12,4.16
-0.03,0.07,0.98,-0.29,0.57,-0.06,-1.65,4.28
-0.03,0.08,0.97,-0.25,0.6,-0.05,-1.95,4.5
-0.04,0.07,0.95,-0.19,0.64,-0.06,-2.42,4.51
-0.04,0.08,0.92,-0.18,0.69,-0.05,-2.58,4.73
-0.05,0.08,0.9,-0.13,0.71,-0.04,-2.88,5.13
-0.04,0.08,0.89,-0.1,0.75,-0.04,-2.74,5.13
-0.05,0.07,0.88,-0.08,0.76,-0.04,-3.1,4.55
-0.05,0.06,0.85,-0.08,0.77,-0.04,-3.3,3.83
-0.05,0.06,0.83,-0.1,0.81,-0.04,-3.49,3.87
-0.05,0.06,0.83,-0.1,0.82,-0.03,-3.42,4.15
-0.05,0.06,0.83,-0.1,0.81,-0.03,-3.42,4.06
-0.05,0.06,0.84,-0.11,0.81,-0.02,-3.22,3.94
-0.06,0.06,0.86,-0.1,0.83,-0.03,-3.71,3.75
-0.06,0.05,0.87,-0.07,0.81,-0.02,-4.16,3.49
-0.07,0.05,0.89,-0.05,0.82,-0.02,-4.77,3.46
-0.08,0.06,0.91,0.02,0.82,-0.01,-4.98,3.54
-0.1,0.06,0.92,0.08,0.85,-0.01,-5.99,3.62
-0.11,0.06,0.93,0.15,0.88,0.01,-6.8,3.95
-0.11,0.07,0.94,0.25,0.92,0.03,-6.72,4.27
-0.11,0.08,0.95,0.38,0.97,0.04,-6.4,4.59
-0.1,0.09,0.95,0.5,1.06,0.04,-6.11,5.66
-0.1,0.09,0.94,0.61,1.14,0.04,-5.87,5.48
-0.08,0.09,0.92,0.77,1.21,0.04,-4.75,5.3
-0.06,0.08,0.89,0.9,1.3,0.03,-3.69,5.17
-0.05,0.08,0.85,1.02,1.37,0.02,-3.25,5.65
-0.03,0.07,0.77,1.11,1.47,-0.0,-2.13,4.83
-0.02,0.05,0.67,1.18,1.52,-0.01,-1.33,4.03
-0.02,0.05,0.57,1.18,1.56,-0.04,-1.6,4.56
-0.01,0.06,0.5,1.13,1.64,-0.06,-1.7,6.3
-0.04,0.05,0.45,1.04,1.64,-0.08,-4.59,6.68
-0.04,0.05,0.39,0.89,1.62,-0.09,-5.75,7.74
-0.07,0.06,0.37,0.74,1.58,-0.11,-9.84,8.25
-0.1,0.06,0.35,0.56,1.51,-0.1,-15.39,9.59
-0.11,0.06,0.36,0.39,1.44,-0.07,-16.74,8.38
-0.14,0.06,0.4,0.21,1.33,-0.05,-18.7,7.89
-0.14,0.06,0.49,0.07,1.23,-0.02,-16.11,7.16
-0.11,0.05,0.57,-0.05,1.16,0.0,-11.3,5.16
-0.07,0.05,0.65,-0.09,1.11,0.01,-6.51,4.4
-0.04,0.06,0.72,-0.12,1.1,0.0,-3.06,4.69
-0.02,0.08,0.77,-0.08,1.11,-0.04,-1.68,6.08
-0.01,0.09,0.79,-0.04,1.17,-0.08,-0.87,6.75
-0.04,0.07,0.79,0.02,1.23,-0.12,-2.68,5.05
-0.05,0.06,0.78,0.1,1.29,-0.14,-3.4,4.62
-0.06,0.04,0.77,0.15,1.33,-0.18,-4.23,2.9
-0.09,0.04,0.75,0.19,1.37,-0.18,-6.66,3.1
-0.13,0.03,0.72,0.21,1.42,-0.2,-10.12,2.34
-0.16,0.0,0.68,0.22,1.44,-0.17,-12.95,0.16
-0.16,-0.04,0.63,0.21,1.43,-0.16,-13.87,-3.45
-0.15,-0.04,0.58,0.16,1.4,-0.14,-14.32,-3.76
-0.15,-0.04,0.57,0.04,1.42,-0.13,-14.74,-3.91
-0.13,-0.05,0.56,-0.07,1.4,-0.12,-13.2,-4.65
-0.12,-0.04,0.57,-0.18,1.35,-0.12,-12.05,-3.86
-0.09,-0.05,0.61,-0.31,1.3,-0.13,-8.53,-4.58
-0.06,-0.05,0.63,-0.41,1.27,-0.14,-5.63,-4.08
-0.04,-0.04,0.69,-0.52,1.23,-0.17,-2.95,-3.17
-0.02,-0.03,0.73,-0.58,1.21,-0.2,-1.62,-2.66
-0.02,-0.04,0.78,-0.62,1.18,-0.23,-1.5,-2.61
-0.02,-0.03,0.82,-0.65,1.18,-0.27,-1.13,-2.19
-0.03,-0.03,0.87,-0.66,1.16,-0.29,-1.76,-2.05
-0.04,-0.02,0.92,-0.63,1.14,-0.33,-2.22,-1.13
-0.04,-0.02,0.96,-0.57,1.14,-0.34,-2.46,-1.04
-0.06,-0.01,1.0,-0.5,1.17,-0.36,-3.17,-0.6
-0.06,-0.02,1.04,-0.4,1.23,-0.38,-3.5,-0.94
-0.08,-0.02,1.05,-0.28,1.27,-0.38,-4.24,-1.14
-0.09,-0.04,1.03,-0.19,1.37,-0.41,-4.94,-2.11
-0.12,-0.05,0.99,-0.1,1.44,-0.42,-6.64,-3.03
-0.14,-0.07,0.93,-0.06,1.51,-0.42,-8.76,-4.28
-0.15,-0.08,0.9,-0.06,1.57,-0.41,-9.7,-4.85
-0.16,-0.09,0.88,-0.07,1.6,-0.42,-10.41,-5.8
-0.15,-0.11,0.87,-0.11,1.63,-0.42,-9.67,-6.9
-0.15,-0.12,0.85,-0.16,1.65,-0.42,-9.71,-7.86
-0.16,-0.14,0.83,-0.25,1.64,-0.41,-10.63,-9.05
-0.17,-0.14,0.82,-0.35,1.6,-0.38,-11.47,-9.33
-0.17,-0.13,0.84,-0.46,1.6,-0.39,-11.17,-9.0
-0.15,-0.12,0.87,-0.56,1.53,-0.37,-9.44,-7.99
-0.11,-0.1,0.92,-0.65,1.5,-0.37,-6.56,-6.17
-0.07,-0.08,0.99,-0.69,1.46,-0.39,-3.81,-4.58
-0.04,-0.06,1.03,-0.72,1.44,-0.4,-2.31,-3.41
-0.02,-0.05,1.08,-0.71,1.43,-0.43,-1.13,-2.69
-0.02,-0.04,1.12,-0.68,1.44,-0.46,-1.15,-2.1
-0.03,-0.04,1.14,-0.64,1.43,-0.49,-1.48,-2.01
-0.03,-0.05,1.15,-0.61,1.46,-0.52,-1.63,-2.56
-0.05,-0.04,1.16,-0.58,1.5,-0.55,-2.53,-2.18
-0.07,-0.05,1.16,-0.54,1.52,-0.57,-3.6,-2.28
-0.09,-0.05,1.17,-0.52,1.55,-0.57,-4.23,-2.4
-0.11,-0.05,1.17,-0.48,1.55,-0.58,-5.24,-2.55
-0.12,-0.06,1.17,-0.47,1.58,-0.59,-6.08,-2.9
-0.16,-0.07,1.16,-0.46,1.57,-0.58,-7.83,-3.17
-0.18,-0.07,1.15,-0.46,1.55,-0.56,-8.81,-3.31
-0.19,-0.06,1.16,-0.46,1.54,-0.54,-9.05,-2.94
-0.18,-0.04,1.18,-0.46,1.55,-0.52,-8.51,-1.9
-0.17,-0.03,1.22,-0.45,1.54,-0.5,-7.83,-1.35
-0.15,-0.04,1.23,-0.42,1.52,-0.48,-7.16,-1.87
-0.13,-0.05,1.23,-0.42,1.54,-0.46,-6.23,-2.54
-0.13,-0.05,1.23,-0.41,1.55,-0.45,-5.89,-2.39
-0.13,-0.05,1.22,-0.41,1.56,-0.44,-5.9,-2.5
-0.11,-0.05,1.21,-0.42,1.57,-0.44,-5.14,-2.39
-0.11,-0.05,1.23,-0.41,1.56,-0.44,-5.16,-2.26
-0.11,-0.05,1.24,-0.43,1.58,-0.44,-5.06,-2.08
-0.1,-0.02,1.27,-0.43,1.59,-0.43,-4.29,-0.88
-0.09,-0.0,1.29,-0.4,1.61,-0.42,-4.07,-0.02
-0.09,0.02,1.33,-0.38,1.63,-0.41,-4.07,0.78
-0.09,0.04,1.38,-0.33,1.68,-0.4,-3.6,1.77
-0.06,0.08,1.4,-0.26,1.72,-0.4,-2.65,3.17
-0.03,0.11,1.44,-0.16,1.8,-0.39,-1.01,4.19
-0.01,0.12,1.46,-0.05,1.88,-0.39,-0.33,4.85
-0.01,0.12,1.48,0.09,1.98,-0.39,-0.4,4.83
-0.03,0.11,1.46,0.2,2.07,-0.37,-1.23,4.28
-0.05,0.1,1.43,0.3,2.1,-0.34,-1.94,4.03
-0.05,0.1,1.4,0.36,2.12,-0.3,-2.07,4.01
-0.04,0.11,1.38,0.41,2.13,-0.27,-1.45,4.71
0.01,0.12,1.34,0.44,2.1,-0.24,0.43,5.21
0.05,0.13,1.31,0.49,2.04,-0.23,2.13,5.64
0.09,0.13,1.28,0.54,2.0,-0.24,3.81,5.7
0.1,0.12,1.25,0.59,1.94,-0.26,4.42,5.52
0.09,0.11,1.2,0.63,1.9,-0.31,4.35,5.13
0.07,0.1,1.17,0.68,1.84,-0.34,3.46,4.72
0.04,0.08,1.14,0.68,1.79,-0.38,2.22,3.92
-0.0,0.06,1.09,0.69,1.76,-0.42,-0.18,3.02
-0.06,0.04,1.06,0.66,1.72,-0.45,-3.15,1.91
-0.13,-0.0,1.02,0.6,1.68,-0.46,-7.28,-0.07
-0.22,-0.04,1.0,0.51,1.65,-0.46,-12.24,-1.98
-0.28,-0.05,0.99,0.34,1.59,-0.42,-15.92,-2.95
-0.32,-0.06,0.97,0.18,1.51,-0.36,-18.48,-3.34
-0.35,-0.06,0.96,-0.02,1.39,-0.31,-20.06,-3.12
-0.35,-0.04,0.99,-0.22,1.28,-0.24,-19.7,-2.19
-0.32,-0.03,1.03,-0.4,1.19,-0.17,-17.21,-1.41
-0.27,-0.0,1.07,-0.55,1.1,-0.1,-14.21,-0.18
-0.2,0.03,1.1,-0.66,1.02,-0.03,-10.36,1.61
-0.13,0.07,1.13,-0.74,0.95,0.03,-6.42,3.43
-0.04,0.1,1.17,-0.78,0.91,0.05,-1.95,4.73
0.05,0.13,1.22,-0.78,0.87,0.05,2.19,5.86
0.12,0.14,1.25,-0.72,0.85,0.05,5.3,6.22
0.14,0.15,1.26,-0.67,0.87,0.02,6.36,6.68
0.15,0.16,1.26,-0.59,0.89,-0.0,6.76,7.24
0.13,0.16,1.25,-0.49,0.93,-0.04,6.04,7.37
0.11,0.16,1.25,-0.4,0.97,-0.06,5.07,7.32
0.09,0.16,1.24,-0.33,0.99,-0.08,4.17,7.24
0.07,0.15,1.24,-0.25,1.02,-0.09,3.24,6.89
0.04,0.14,1.22,-0.17,1.06,-0.1,1.99,6.67
0.01,0.13,1.21,-0.11,1.07,-0.1,0.31,6.21
-0.02,0.12,1.2,-0.08,1.09,-0.1,-0.75,5.83
-0.05,0.1,1.17,-0.03,1.1,-0.09,-2.33,5.03
-0.08,0.08,1.14,-0.02,1.12,-0.06,-3.95,4.11
-0.11,0.06,1.11,-0.02,1.13,-0.05,-5.71,3.13
-0.16,0.04,1.07,-0.06,1.16,-0.02,-8.33,1.85
-0.19,0.01,1.06,-0.12,1.16,0.01,-10.09,0.49
-0.21,-0.03,1.03,-0.23,1.19,0.04,-11.57,-1.42
-0.21,-0.05,1.0,-0.34,1.17,0.09,-11.83,-2.58
-0.22,-0.07,0.99,-0.49,1.11,0.14,-12.26,-3.71
-0.22,-0.07,1.0,-0.65,1.03,0.19,-12.63,-3.64
-0.18,-0.05,1.02,-0.83,0.95,0.24,-10.08,-3.04
-0.09,-0.03,1.03,-0.99,0.83,0.29,-5.07,-1.44
-0.03,0.01,1.06,-1.12,0.73,0.31,-1.87,0.53
0.04,0.05,1.1,-1.19,0.61,0.34,2.19,2.35
0.11,0.09,1.13,-1.22,0.53,0.34,5.3,4.7
0.17,0.14,1.17,-1.23,0.48,0.36,8.25,6.86
0.23,0.2,1.18,-1.18,0.44,0.34,11.06,9.41
0.28,0.24,1.21,-1.11,0.4,0.33,12.76,11.03
0.32,0.28,1.23,-0.99,0.41,0.29,14.05,12.59
0.34,0.32,1.24,-0.86,0.46,0.26,14.94,13.77
0.34,0.33,1.25,-0.68,0.5,0.22,14.89,14.49
0.33,0.33,1.24,-0.49,0.56,0.18,14.45,14.42
0.3,0.32,1.22,-0.33,0.62,0.14,13.41,14.36
0.25,0.3,1.2,-0.17,0.69,0.09,11.42,13.79
0.19,0.27,1.18,-0.05,0.76,0.06,9.18,12.71
0.13,0.21,1.16,0.08,0.8,0.02,6.52,10.26
0.06,0.14,1.14,0.16,0.84,0.01,2.77,6.98
-0.02,0.06,1.12,0.15,0.88,0.02,-1.26,3.23
-0.1,-0.0,1.1,0.1,0.89,0.05,-5.24,-0.1
-0.14,-0.05,1.07,0.02,0.89,0.1,-7.58,-2.56
-0.17,-0.07,1.05,-0.09,0.89,0.12,-9.15,-3.78
-0.18,-0.09,1.05,-0.25,0.89,0.17,-9.77,-4.66
-0.16,-0.09,1.05,-0.39,0.85,0.23,-8.61,-4.81
-0.13,-0.09,1.1,-0.55,0.85,0.27,-6.59,-4.76
-0.07,-0.08,1.16,-0.66,0.84,0.34,-3.52,-3.93
0.01,-0.07,1.2,-0.78,0.87,0.41,0.31,-3.21
0.1,-0.04,1.23,-0.83,0.87,0.49,4.44,-2.06
0.17,-0.01,1.21,-0.85,0.87,0.55,8.1,-0.48
0.23,0.02,1.19,-0.85,0.88,0.58,11.1,1.16
0.28,0.06,1.18,-0.86,0.91,0.6,13.18,2.66
0.32,0.09,1.17,-0.87,0.93,0.6,15.24,4.12
0.37,0.12,1.15,-0.82,0.92,0.6,17.48,5.53
0.41,0.15,1.14,-0.8,0.93,0.58,19.69,7.2
0.44,0.2,1.12,-0.74,0.9,0.55,21.2,9.38
0.46,0.24,1.1,-0.69,0.86,0.51,22.36,11.32
0.48,0.27,1.09,-0.61,0.8,0.45,23.3,12.78
0.49,0.29,1.07,-0.52,0.72,0.39,24.03,13.61
0.5,0.3,1.05,-0.43,0.65,0.33,24.58,14.61
0.49,0.31,1.02,-0.34,0.57,0.27,24.61,15.33
0.48,0.31,0.99,-0.24,0.46,0.19,24.83,15.71
0.45,0.29,0.96,-0.15,0.36,0.13,24.28,15.21
0.4,0.25,0.94,-0.08,0.31,0.03,22.47,13.6
0.36,0.21,0.95,-0.0,0.23,-0.04,20.36,11.87
0.31,0.17,0.95,0.03,0.2,-0.11,17.67,9.45
0.25,0.13,0.94,0.07,0.14,-0.15,14.44,7.55
0.2,0.09,0.97,0.07,0.12,-0.19,11.67,5.03
0.16,0.07,0.97,0.06,0.11,-0.22,9.34,4.1
0.13,0.06,0.97,0.06,0.07,-0.24,7.54,3.59
0.11,0.05,0.99,0.06,0.05,-0.24,6.28,3.02
0.09,0.05,0.99,0.05,0.05,-0.27,5.16,2.89
0.08,0.06,0.99,0.01,0.03,-0.26,4.4,3.34
0.06,0.07,1.0,0.0,-0.0,-0.26,3.47,4.08
0.06,0.07,1.0,0.01,-0.05,-0.25,3.21,4.17
0.04,0.09,0.99,0.02,-0.09,-0.22,2.23,5.08
0.04,0.1,0.98,0.02,-0.12,-0.22,2.43,5.74
0.04,0.11,0.97,0.04,-0.18,-0.2,2.31,6.42
0.04,0.12,0.98,0.06,-0.23,-0.2,2.1,6.99
0.01,0.12,0.96,0.09,-0.22,-0.21,0.5,7.3
-0.01,0.12,0.96,0.11,-0.22,-0.2,-0.34,6.88
-0.03,0.11,0.95,0.13,-0.23,-0.19,-1.5,6.3
-0.04,0.09,0.96,0.15,-0.23,-0.19,-2.19,5.4
-0.04,0.08,0.96,0.15,-0.22,-0.18,-2.44,4.86
-0.04,0.08,0.96,0.15,-0.2,-0.18,-2.55,4.68
-0.05,0.06,0.97,0.16,-0.19,-0.16,-3.0,3.77
-0.06,0.05,0.99,0.17,-0.21,-0.14,-3.51,3.12
-0.07,0.05,0.97,0.18,-0.15,-0.13,-4.07,2.67
-0.09,0.04,0.96,0.15,-0.13,-0.12,-5.2,2.46
-0.1,0.04,0.96,0.14,-0.1,-0.1,-5.7,2.27
-0.09,0.04,0.97,0.13,-0.1,-0.08,-5.35,2.44
-0.08,0.04,1.0,0.12,-0.07,-0.06,-4.55,2.5
-0.06,0.05,1.01,0.12,-0.06,-0.03,-3.54,2.92
-0.06,0.06,1.01,0.12,-0.07,0.01,-3.14,3.65
-0.05,0.07,1.0,0.13,-0.06,0.04,-2.75,3.95
-0.04,0.08,0.99,0.15,-0.04,0.04,-2.19,4.48
-0.01,0.08,0.98,0.17,-0.0,0.05,-0.85,4.85
-0.01,0.09,0.97,0.2,0.03,0.05,-0.38,4.99
0.0,0.08,0.97,0.23,0.06,0.06,0.05,4.98
0.02,0.09,0.95,0.26,0.1,0.05,0.92,5.36
0.02,0.08,0.95,0.29,0.16,0.04,1.01,4.99
0.01,0.07,0.95,0.32,0.17,0.04,0.78,4.32
-0.0,0.06,0.94,0.34,0.18,0.03,-0.14,3.35
-0.02,0.04,0.93,0.35,0.19,0.02,-0.95,2.45
-0.02,0.03,0.92,0.34,0.18,0.02,-1.54,1.64
-0.03,0.01,0.91,0.33,0.19,0.03,-1.97,0.93
-0.04,0.01,0.91,0.31,0.17,0.02,-2.25,0.58
-0.04,-0.0,0.89,0.28,0.15,0.03,-2.41,-0.15
-0.04,-0.01,0.89,0.24,0.14,0.01,-2.33,-0.58
-0.04,-0.02,0.88,0.2,0.1,0.02,-2.37,-1.06
-0.05,-0.02,0.88,0.17,0.06,0.01,-3.05,-1.1
-0.05,-0.02,0.88,0.12,0.01,0.02,-3.3,-1.24
-0.05,-0.02,0.87,0.07,-0.02,0.02,-3.24,-1.46
-0.05,-0.02,0.87,0.01,-0.07,0.02,-3.02,-1.33
-0.03,-0.01,0.87,-0.01,-0.11,0.02,-2.25,-0.46
-0.02,0.01,0.88,-0.05,-0.12,0.01,-1.39,0.48
-0.02,0.01,0.88,-0.06,-0.14,-0.0,-1.02,0.71
-0.01,0.02,0.89,-0.06,-0.15,-0.01,-0.4,1.37
-0.01,0.03,0.89,-0.06,-0.15,-0.02,-0.47,1.62
-0.0,0.03,0.88,-0.07,-0.16,-0.03,-0.18,2.15
-0.01,0.05,0.91,-0.07,-0.15,-0.06,-0.51,2.9
-0.02,0.05,0.93,-0.08,-0.13,-0.06,-1.24,2.76
-0.01,0.05,0.96,-0.04,-0.14,-0.06,-0.7,2.7
-0.02,0.05,0.97,-0.04,-0.14,-0.06,-1.14,2.94
-0.02,0.05,0.96,-0.03,-0.12,-0.07,-1.12,3.21
-0.03,0.04,0.95,-0.02,-0.12,-0.07,-1.81,2.21
-0.04,0.04,0.96,0.01,-0.09,-0.08,-2.39,2.43
-0.05,0.04,0.97,0.01,-0.09,-0.08,-3.04,2.13
-0.06,0.03,0.99,0.01,-0.09,-0.08,-3.3,1.94
-0.07,0.02,0.99,0.0,-0.08,-0.06,-3.77,1.31
-0.07,0.03,1.0,0.0,-0.1,-0.03,-4.07,1.49
-0.07,0.02,0.98,-0.01,-0.12,-0.0,-4.23,1.43
-0.07,0.03,0.97,-0.03,-0.12,0.0,-4.19,1.8
-0.07,0.03,0.95,-0.04,-0.11,0.02,-4.09,2.06
-0.06,0.04,0.95,-0.06,-0.11,0.02,-3.75,2.6
-0.06,0.04,0.94,-0.07,-0.1,0.03,-3.47,2.3
-0.05,0.04,0.94,-0.07,-0.11,0.03,-3.16,2.6
-0.05,0.05,0.95,-0.09,-0.09,0.03,-2.96,3.07
-0.05,0.05,0.94,-0.08,-0.09,0.04,-3.11,3.09
-0.04,0.05,0.95,-0.1,-0.1,0.05,-2.61,3.02
-0.04,0.06,0.94,-0.09,-0.08,0.05,-2.19,3.48
-0.03,0.07,0.94,-0.1,-0.06,0.04,-1.98,3.95
-0.03,0.07,0.95,-0.1,-0.06,0.05,-1.52,4.0
-0.02,0.07,0.95,-0.08,-0.06,0.04,-1.16,4.32
-0.01,0.06,0.94,-0.08,-0.06,0.05,-0.84,3.66
-0.02,0.06,0.94,-0.08,-0.06,0.05,-0.97,3.52
-0.02,0.06,0.94,-0.08,-0.05,0.05,-1.01,3.52
-0.01,0.06,0.94,-0.07,-0.06,0.04,-0.63,3.47
-0.01,0.06,0.94,-0.08,-0.06,0.05,-0.36,3.61
-0.01,0.06,0.94,-0.07,-0.04,0.04,-0.38,3.36
-0.0,0.06,0.95,-0.07,-0.04,0.04,-0.15,3.56
0.0,0.06,0.96,-0.07,-0.06,0.04,0.24,3.6
0.0,0.07,0.97,-0.05,-0.06,0.04,0.18,4.02
0.02,0.08,0.97,-0.05,-0.04,0.04,0.95,4.43
0.03,0.08,0.97,-0.04,-0.04,0.05,1.66,4.55
0.03,0.08,0.97,-0.0,-0.04,0.04,1.87,4.92
0.03,0.09,0.97,0.02,-0.05,0.03,1.9,5.11
0.03,0.08,0.97,0.04,-0.04,0.03,1.66,4.88
0.02,0.07,0.97,0.05,-0.01,0.02,1.45,4.41
0.02,0.08,0.95,0.09,-0.01,0.03,1.05,4.55
0.02,0.07,0.95,0.09,-0.02,0.02,1.13,4.21
0.01,0.07,0.94,0.1,0.0,0.01,0.47,4.21
-0.0,0.06,0.93,0.08,0.01,0.0,-0.06,3.68
-0.02,0.05,0.93,0.08,0.0,0.01,-1.03,2.95
-0.01,0.05,0.93,0.08,-0.0,0.01,-0.71,2.85
-0.02,0.05,0.92,0.08,-0.02,0.01,-0.93,2.89
-0.02,0.05,0.92,0.04,-0.01,0.0,-1.06,2.85
-0.03,0.04,0.91,0.04,-0.04,0.0,-1.71,2.73
-0.03,0.03,0.9,0.03,-0.07,0.01,-1.6,2.13
-0.03,0.04,0.91,0.02,-0.08,-0.01,-2.11,2.56
-0.03,0.04,0.91,0.0,-0.07,-0.02,-2.1,2.24
-0.04,0.05,0.92,0.01,-0.08,-0.01,-2.69,3.16
-0.04,0.04,0.92,-0.01,-0.1,-0.01,-2.73,2.56
-0.04,0.03,0.93,0.0,-0.1,-0.01,-2.69,2.11
-0.05,0.04,0.94,-0.01,-0.1,-0.01,-2.75,2.24
-0.04,0.04,0.94,0.0,-0.1,0.0,-2.73,2.36
-0.04,0.04,0.94,0.0,-0.08,0.0,-2.44,2.71
-0.05,0.04,0.93,0.0,-0.08,-0.0,-3.31,2.34
-0.05,0.03,0.94,-0.01,-0.06,-0.0,-3.16,2.04
-0.05,0.03,0.95,-0.02,-0.04,-0.0,-3.23,1.76
-0.06,0.03,0.94,-0.01,-0.03,0.0,-3.42,2.02
-0.05,0.04,0.95,-0.0,-0.04,0.02,-2.97,2.28
-0.05,0.03,0.95,-0.01,-0.02,0.01,-3.06,1.78
-0.05,0.03,0.96,-0.02,-0.02,0.03,-2.95,1.95
-0.05,0.03,0.95,-0.01,-0.04,0.05,-2.94,1.58
-0.04,0.03,0.94,-0.02,-0.02,0.04,-2.71,1.75
-0.04,0.04,0.94,-0.02,-0.01,0.03,-2.37,2.33
-0.03,0.04,0.94,-0.03,-0.0,0.04,-1.58,2.36
-0.02,0.04,0.94,-0.01,-0.01,0.05,-1.2,2.54
-0.01,0.04,0.95,-0.0,-0.01,0.05,-0.89,2.45
-0.01,0.04,0.95,-0.0,0.04,0.04,-0.66,2.42
-0.02,0.06,0.93,0.0,0.05,0.04,-0.99,3.42
-0.04,0.05,0.92,0.01,0.02,0.04,-2.23,3.15
-0.03,0.05,0.92,0.02,0.03,0.03,-1.82,2.92
-0.02,0.04,0.91,0.01,0.04,0.03,-1.51,2.26
-0.02,0.04,0.91,0.01,0.05,0.02,-1.22,2.31
-0.02,0.04,0.91,0.0,0.07,0.02,-1.03,2.71
-0.03,0.04,0.91,0.01,0.07,0.01,-1.79,2.4
-0.03,0.03,0.91,-0.03,0.09,-0.01,-1.69,2.18
-0.03,0.03,0.91,-0.03,0.08,-0.0,-2.17,1.72
-0.03,0.03,0.91,-0.03,0.07,-0.01,-2.1,1.64
-0.03,0.02,0.91,-0.04,0.05,-0.01,-2.11,1.55
-0.03,0.03,0.92,-0.05,0.04,-0.01,-1.94,1.77
-0.03,0.03,0.92,-0.08,0.03,-0.01,-1.74,1.85
-0.03,0.03,0.92,-0.09,0.01,-0.01,-1.7,1.72
-0.02,0.04,0.94,-0.11,0.0,-0.0,-1.52,2.26
-0.02,0.03,0.94,-0.1,-0.02,-0.0,-1.39,1.91
-0.02,0.04,0.95,-0.11,-0.04,0.0,-1.1,2.14
-0.01,0.04,0.95,-0.11,-0.06,-0.0,-0.69,2.58
-0.01,0.04,0.96,-0.1,-0.09,0.01,-0.73,2.63
-0.01,0.05,0.97,-0.1,-0.11,0.02,-0.58,2.96
-0.0,0.05,0.96,-0.11,-0.1,0.04,-0.11,3.1
0.0,0.06,0.95,-0.08,-0.12,0.04,0.17,3.55
-0.0,0.06,0.94,-0.07,-0.12,0.04,-0.23,3.64
-0.0,0.05,0.94,-0.08,-0.08,0.01,-0.06,3.32
-0.0,0.06,0.94,-0.05,-0.07,0.01,-0.03,3.39
0.0,0.06,0.94,-0.04,-0.02,-0.0,0.22,3.59
-0.0,0.06,0.94,-0.03,-0.0,-0.02,-0.12,3.41
-0.01,0.05,0.94,-0.01,0.03,-0.02,-0.77,3.32
-0.02,0.06,0.94,-0.0,0.08,-0.03,-1.04,3.34
-0.03,0.05,0.94,-0.01,0.08,-0.02,-1.74,2.89
-0.03,0.05,0.94,0.01,0.07,-0.03,-1.87,3.02
-0.02,0.04,0.94,0.01,0.06,-0.03,-1.4,2.48
-0.04,0.04,0.94,0.01,0.06,-0.03,-2.43,2.27
-0.05,0.03,0.93,-0.03,0.05,-0.02,-2.93,2.05
-0.05,0.03,0.93,-0.05,0.03,-0.01,-2.95,1.57
-0.05,0.03,0.94,-0.04,-0.01,0.01,-2.77,2.08
-0.04,0.03,0.93,-0.07,0.0,-0.0,-2.72,2.01
-0.05,0.03,0.93,-0.07,-0.02,0.01,-2.78,2.0
-0.03,0.04,0.93,-0.07,-0.03,0.01,-2.13,2.56
-0.03,0.05,0.93,-0.07,-0.05,0.01,-1.85,3.01
-0.03,0.06,0.95,-0.09,-0.03,-0.0,-1.65,3.4
-0.04,0.05,0.94,-0.07,-0.04,0.01,-2.22,3.24
-0.02,0.05,0.95,-0.06,-0.04,0.01,-1.27,3.25
-0.02,0.05,0.95,-0.05,-0.03,0.01,-1.26,3.3
-0.02,0.06,0.95,-0.04,-0.0,0.01,-0.93,3.64
-0.01,0.06,0.95,-0.04,0.03,0.01,-0.73,3.52
-0.01,0.06,0.94,-0.04,0.03,0.01,-0.78,3.53
-0.01,0.05,0.94,-0.02,0.04,-0.0,-0.73,3.33
-0.01,0.06,0.94,-0.02,0.06,-0.01,-0.9,3.39
-0.02,0.05,0.95,-0.03,0.07,-0.01,-1.04,3.2
-0.02,0.05,0.95,-0.01,0.05,-0.01,-1.19,2.85
-0.02,0.05,0.95,-0.02,0.03,-0.0,-1.07,2.9
-0.02,0.04,0.95,-0.02,0.06,-0.0,-1.13,2.41
-0.01,0.05,0.95,-0.01,0.05,0.01,-0.74,2.77
-0.02,0.04,0.94,-0.03,0.06,-0.0,-1.23,2.59
-0.02,0.04,0.94,-0.02,0.03,-0.0,-0.97,2.6
-0.02,0.05,0.94,-0.03,0.03,-0.01,-1.05,2.98
-0.03,0.04,0.95,-0.05,0.03,0.0,-1.61,2.67
-0.02,0.04,0.96,-0.04,-0.0,0.0,-1.24,2.61
-0.02,0.04,0.96,-0.04,-0.02,0.03,-1.05,2.44
-0.02,0.04,0.95,-0.04,-0.01,0.02,-0.91,2.55
-0.01,0.04,0.95,-0.03,-0.01,0.02,-0.42,2.62
-0.0,0.05,0.94,-0.03,-0.01,0.02,-0.13,3.16
-0.0,0.05,0.93,-0.03,0.01,0.02,-0.07,3.32
0.01,0.06,0.92,-0.02,0.0,0.02,0.45,3.47
0.01,0.06,0.93,-0.04,0.03,-0.01,0.65,3.59
0.01,0.06,0.93,-0.02,0.02,-0.01,0.56,3.52
0.01,0.05,0.93,-0.02,0.02,-0.01,0.32,3.31
0.0,0.05,0.95,-0.03,0.01,-0.03,0.21,2.99
-0.01,0.05,0.96,-0.03,0.0,-0.03,-0.47,3.12
-0.0,0.04,0.97,-0.04,-0.02,-0.01,-0.19,2.64
-0.0,0.04,0.98,-0.04,-0.05,-0.01,-0.11,2.3
0.0,0.05,0.99,-0.07,-0.05,-0.01,0.12,2.73
0.01,0.05,0.99,-0.07,-0.07,0.01,0.46,2.89
0.01,0.05,1.0,-0.08,-0.08,0.02,0.74,3.0
0.02,0.05,1.0,-0.08,-0.11,0.03,1.26,3.1
0.02,0.06,1.0,-0.1,-0.11,0.02,1.3,3.19
0.02,0.06,1.01,-0.12,-0.13,0.03,1.15,3.4
0.02,0.06,1.0,-0.14,-0.17,0.03,1.13,3.36
0.01,0.06,1.01,-0.18,-0.23,0.04,0.57,3.3
0.01,0.06,1.04,-0.22,-0.26,0.05,0.75,3.41
0.02,0.07,1.06,-0.27,-0.29,0.07,1.21,3.73
0.04,0.08,1.07,-0.32,-0.34,0.1,2.31,4.3
0.06,0.1,1.1,-0.36,-0.38,0.13,3.22,5.1
0.09,0.12,1.11,-0.4,-0.4,0.15,4.59,5.98
0.11,0.12,1.12,-0.43,-0.42,0.15,5.46,6.1
0.13,0.15,1.13,-0.49,-0.42,0.16,6.7,7.42
0.17,0.17,1.14,-0.49,-0.44,0.18,8.2,8.49
0.2,0.18,1.15,-0.51,-0.47,0.2,9.83,8.91
0.25,0.21,1.16,-0.53,-0.43,0.2,11.86,10.07
0.27,0.23,1.15,-0.55,-0.43,0.2,13.11,11.03
0.29,0.25,1.16,-0.54,-0.45,0.19,13.93,11.79
0.33,0.28,1.18,-0.52,-0.47,0.17,15.17,12.93
0.35,0.3,1.2,-0.51,-0.45,0.15,15.81,13.44
0.39,0.32,1.23,-0.46,-0.48,0.13,17.16,14.16
0.42,0.35,1.26,-0.42,-0.51,0.11,17.98,14.61
0.43,0.37,1.26,-0.33,-0.56,0.09,18.27,15.57
0.43,0.36,1.26,-0.26,-0.6,0.05,18.35,15.17
0.43,0.35,1.24,-0.2,-0.67,0.02,18.38,14.84
0.43,0.33,1.23,-0.15,-0.75,-0.02,18.51,14.33
0.4,0.3,1.21,-0.1,-0.81,-0.08,17.81,13.25
0.35,0.26,1.2,-0.09,-0.85,-0.13,15.85,11.69
0.3,0.22,1.21,-0.12,-0.89,-0.16,13.56,10.18
0.24,0.2,1.24,-0.14,-0.95,-0.18,10.68,8.89
0.18,0.18,1.26,-0.21,-0.99,-0.18,8.15,7.92
0.16,0.17,1.3,-0.27,-1.06,-0.19,7.08,7.51
0.16,0.17,1.35,-0.31,-1.12,-0.15,6.7,7.31
0.17,0.19,1.4,-0.34,-1.18,-0.13,6.76,7.5
0.16,0.2,1.44,-0.33,-1.24,-0.08,6.27,7.67
0.17,0.23,1.48,-0.31,-1.28,-0.05,6.46,8.74
0.2,0.24,1.5,-0.28,-1.31,0.0,7.36,9.1
0.23,0.25,1.52,-0.2,-1.33,0.03,8.5,9.32
0.25,0.26,1.51,-0.09,-1.32,0.05,9.22,9.62
0.26,0.27,1.49,-0.0,-1.31,0.05,9.83,10.12
0.27,0.27,1.46,0.09,-1.31,0.05,10.26,10.14
0.27,0.25,1.43,0.18,-1.28,0.01,10.46,9.77
0.26,0.22,1.41,0.27,-1.27,-0.02,10.37,8.85
0.23,0.2,1.38,0.35,-1.27,-0.05,9.48,8.01
0.19,0.16,1.37,0.39,-1.28,-0.08,8.04,6.7
0.16,0.12,1.34,0.44,-1.32,-0.08,6.73,5.16
0.12,0.09,1.32,0.46,-1.39,-0.08,5.1,3.83
0.08,0.06,1.29,0.46,-1.45,-0.09,3.51,2.48
0.05,0.03,1.26,0.43,-1.52,-0.09,2.11,1.51
0.02,0.01,1.25,0.42,-1.62,-0.07,1.12,0.48
0.01,-0.0,1.24,0.39,-1.68,-0.07,0.54,-0.13
-0.01,-0.01,1.21,0.36,-1.77,-0.06,-0.34,-0.32
-0.03,-0.02,1.21,0.31,-1.83,-0.07,-1.49,-1.08
-0.06,-0.04,1.19,0.28,-1.9,-0.06,-2.69,-2.12
-0.08,-0.06,1.19,0.25,-1.95,-0.05,-3.84,-3.04
-0.1,-0.06,1.19,0.21,-1.99,-0.05,-4.79,-2.82
-0.13,-0.07,1.16,0.16,-2.01,-0.03,-6.17,-3.2
-0.15,-0.08,1.14,0.13,-2.05,-0.03,-7.27,-4.19
-0.18,-0.1,1.12,0.07,-2.1,-0.02,-9.14,-5.28
-0.21,-0.13,1.11,0.0,-2.12,-0.0,-10.73,-6.42
-0.24,-0.13,1.1,-0.08,-2.18,0.02,-12.29,-6.82
-0.26,-0.13,1.12,-0.16,-2.2,0.05,-12.97,-6.55
-0.27,-0.12,1.14,-0.24,-2.24,0.09,-13.1,-5.74
-0.25,-0.11,1.17,-0.28,-2.26,0.11,-11.9,-5.21
-0.23,-0.09,1.21,-0.32,-2.25,0.12,-10.59,-3.97
-0.22,-0.07,1.25,-0.34,-2.23,0.16,-9.75,-2.93
-0.2,-0.05,1.29,-0.28,-2.16,0.1,-8.68,-2.13
-0.19,-0.04,1.32,-0.25,-2.12,0.2,-8.02,-1.52
-0.18,-0.02,1.36,-0.18,-2.01,0.2,-7.42,-0.72
-0.17,-0.01,1.38,-0.07,-1.96,0.21,-7.18,-0.29
-0.17,-0.02,1.38,0.01,-1.86,0.21,-7.03,-0.67
-0.18,-0.02,1.37,0.13,-1.81,0.24,-7.46,-0.81
-0.19,-0.03,1.33,0.22,-1.75,0.25,-8.33,-1.43
-0.21,-0.06,1.29,0.28,-1.69,0.26,-9.23,-2.76
-0.23,-0.08,1.25,0.33,-1.66,0.3,-10.52,-3.83
-0.25,-0.1,1.21,0.36,-1.64,0.34,-11.49,-4.76
-0.25,-0.12,1.16,0.35,-1.62,0.35,-12.2,-5.52
-0.25,-0.12,1.14,0.32,-1.63,0.39,-12.15,-5.85
-0.25,-0.13,1.11,0.32,-1.66,0.4,-12.56,-6.47
-0.24,-0.13,1.09,0.29,-1.69,0.43,-12.47,-6.74
-0.24,-0.12,1.06,0.26,-1.72,0.45,-12.45,-6.31
-0.21,-0.12,1.06,0.23,-1.73,0.45,-11.35,-6.11
-0.2,-0.12,1.04,0.22,-1.77,0.46,-10.76,-6.27
-0.19,-0.11,1.03,0.21,-1.8,0.46,-10.28,-5.9
-0.18,-0.1,1.02,0.19,-1.78,0.44,-9.86,-5.52
-0.17,-0.1,1.01,0.18,-1.77,0.43,-9.38,-5.7
-0.17,-0.1,0.99,0.17,-1.75,0.41,-9.95,-5.67
-0.18,-0.1,0.99,0.17,-1.74,0.4,-10.08,-5.81
-0.18,-0.1,0.99,0.15,-1.71,0.37,-10.39,-5.82
-0.19,-0.11,0.98,0.16,-1.69,0.39,-10.69,-6.03
-0.18,-0.12,0.98,0.13,-1.65,0.37,-10.49,-6.69
-0.19,-0.13,0.97,0.13,-1.66,0.38,-10.94,-7.21
-0.2,-0.13,0.95,0.11,-1.63,0.38,-11.6,-7.58
-0.2,-0.12,0.95,0.08,-1.62,0.37,-11.69,-7.17
-0.19,-0.11,0.96,0.06,-1.63,0.38,-11.12,-6.45
-0.19,-0.1,0.98,0.06,-1.66,0.38,-10.72,-5.86
-0.18,-0.1,0.99,0.07,-1.66,0.39,-10.05,-5.7
-0.17,-0.1,1.0,0.07,-1.65,0.39,-9.56,-5.46
-0.16,-0.1,1.0,0.09,-1.67,0.41,-9.25,-5.66
-0.17,-0.09,0.98,0.12,-1.68,0.42,-9.55,-5.1
-0.16,-0.08,0.98,0.14,-1.67,0.41,-9.21,-4.61
-0.15,-0.08,0.96,0.15,-1.65,0.4,-8.6,-4.6
-0.15,-0.09,0.95,0.18,-1.64,0.42,-9.1,-5.06
-0.13,-0.08,0.92,0.2,-1.63,0.42,-7.9,-4.76
-0.11,-0.06,0.92,0.21,-1.63,0.4,-6.71,-3.64
-0.1,-0.04,0.91,0.21,-1.6,0.39,-5.98,-2.55
-0.1,-0.05,0.87,0.22,-1.59,0.38,-6.45,-3.04
-0.1,-0.07,0.86,0.24,-1.56,0.35,-6.66,-4.6
-0.11,-0.08,0.82,0.22,-1.56,0.33,-7.26,-5.19
-0.11,-0.08,0.79,0.19,-1.56,0.32,-7.73,-5.38
-0.09,-0.05,0.79,0.15,-1.55,0.31,-6.72,-3.83
-0.1,-0.05,0.79,0.09,-1.54,0.29,-6.93,-3.95
-0.09,-0.04,0.78,0.06,-1.56,0.27,-6.52,-2.75
-0.08,-0.03,0.78,0.03,-1.52,0.24,-6.0,-2.13
-0.07,-0.03,0.8,0.01,-1.51,0.22,-4.95,-1.79
-0.07,-0.02,0.81,0.0,-1.5,0.19,-4.76,-1.25
-0.08,-0.01,0.82,-0.0,-1.49,0.16,-5.63,-0.68
-0.1,-0.02,0.83,-0.02,-1.48,0.14,-6.6,-1.14
-0.12,-0.03,0.84,-0.0,-1.48,0.14,-7.87,-2.01
-0.12,-0.04,0.84,0.0,-1.5,0.16,-8.41,-2.62
-0.13,-0.03,0.84,-0.01,-1.47,0.15,-8.55,-1.85
-0.12,-0.02,0.85,0.0,-1.47,0.16,-8.15,-1.17
-0.12,-0.01,0.87,0.02,-1.46,0.17,-7.55,-0.61
-0.1,0.0,0.87,0.05,-1.44,0.16,-6.84,0.08
-0.11,-0.01,0.88,0.08,-1.43,0.15,-7.37,-0.37
-0.1,0.0,0.88,0.11,-1.42,0.15,-6.33,0.01
-0.09,0.01,0.87,0.13,-1.38,0.15,-5.92,0.67
-0.08,0.02,0.86,0.18,-1.36,0.14,-5.33,1.26
-0.07,0.02,0.85,0.22,-1.33,0.12,-4.87,1.65
-0.07,0.02,0.83,0.24,-1.26,0.09,-5.06,1.41
-0.09,-0.0,0.8,0.27,-1.22,0.08,-6.15,-0.03
-0.09,-0.02,0.77,0.25,-1.17,0.06,-7.04,-1.41
-0.11,-0.02,0.75,0.24,-1.14,0.07,-8.06,-1.25
-0.11,-0.02,0.74,0.21,-1.11,0.08,-8.05,-1.19
-0.09,-0.01,0.74,0.16,-1.07,0.09,-7.0,-1.08
-0.07,-0.01,0.73,0.14,-1.08,0.1,-5.87,-0.65
-0.07,0.0,0.71,0.11,-1.08,0.1,-5.29,0.18
-0.05,0.01,0.71,0.07,-1.06,0.09,-4.42,0.84
-0.04,0.02,0.71,0.02,-1.04,0.09,-3.56,1.28
-0.05,0.02,0.71,-0.03,-1.07,0.08,-4.18,1.75
-0.05,0.02,0.72,-0.07,-1.06,0.06,-4.22,1.93
-0.05,0.02,0.73,-0.1,-1.1,0.08,-3.68,1.75
-0.03,0.04,0.74,-0.15,-1.1,0.06,-2.16,2.83
-0.02,0.04,0.74,-0.17,-1.13,0.06,-1.44,3.26
-0.02,0.05,0.75,-0.21,-1.15,0.04,-1.42,3.44
-0.01,0.06,0.75,-0.22,-1.14,0.01,-0.81,4.4
-0.01,0.07,0.78,-0.26,-1.11,-0.01,-0.55,5.08
-0.01,0.07,0.81,-0.26,-1.09,-0.04,-0.54,4.73
-0.02,0.06,0.83,-0.22,-1.07,-0.06,-1.08,4.37
-0.02,0.05,0.83,-0.21,-1.04,-0.08,-1.27,3.55
-0.04,0.04,0.83,-0.19,-0.99,-0.1,-2.52,3.06
-0.04,0.03,0.82,-0.16,-0.93,-0.11,-2.75,2.29
-0.04,0.01,0.81,-0.16,-0.88,-0.11,-2.89,1.02
-0.05,0.01,0.78,-0.16,-0.83,-0.13,-3.55,1.09
-0.05,0.02,0.78,-0.17,-0.77,-0.13,-3.63,1.34
-0.07,0.01,0.77,-0.19,-0.74,-0.12,-5.06,0.71
-0.08,0.02,0.79,-0.21,-0.73,-0.11,-5.8,1.25
-0.1,0.03,0.8,-0.22,-0.75,-0.09,-7.05,2.24
-0.1,0.03,0.83,-0.24,-0.74,-0.06,-7.02,1.8
-0.09,0.03,0.85,-0.23,-0.78,-0.03,-6.36,1.89
-0.08,0.03,0.87,-0.23,-0.79,-0.01,-5.52,2.07
-0.08,0.05,0.88,-0.22,-0.81,0.01,-5.18,3.22
-0.05,0.06,0.9,-0.22,-0.78,0.0,-3.02,3.55
-0.04,0.06,0.91,-0.19,-0.79,0.01,-2.78,3.73
-0.03,0.07,0.92,-0.16,-0.76,0.0,-1.67,4.23
-0.03,0.08,0.92,-0.12,-0.71,-0.02,-1.67,4.85
-0.02,0.07,0.91,-0.1,-0.66,-0.04,-1.15,4.25
-0.01,0.07,0.88,-0.09,-0.64,-0.06,-0.91,4.26
-0.02,0.06,0.86,-0.08,-0.6,-0.08,-1.39,4.22
-0.03,0.06,0.84,-0.1,-0.57,-0.09,-2.23,3.76
-0.04,0.06,0.83,-0.12,-0.55,-0.1,-2.58,4.21
-0.03,0.08,0.83,-0.15,-0.53,-0.1,-2.06,5.51
-0.02,0.09,0.84,-0.18,-0.52,-0.12,-1.56,6.06
-0.02,0.09,0.84,-0.19,-0.53,-0.13,-1.61,5.87
-0.02,0.08,0.84,-0.21,-0.48,-0.15,-1.69,5.3
-0.02,0.08,0.84,-0.22,-0.45,-0.16,-1.57,5.25
-0.01,0.06,0.83,-0.25,-0.39,-0.19,-0.6,4.39
-0.02,0.07,0.84,-0.27,-0.34,-0.21,-1.6,4.75
-0.04,0.07,0.86,-0.28,-0.27,-0.24,-2.65,4.83
-0.07,0.05,0.85,-0.3,-0.25,-0.23,-4.81,3.69
-0.09,0.04,0.84,-0.31,-0.24,-0.23,-6.08,2.83
-0.1,0.04,0.84,-0.32,-0.24,-0.2,-6.89,3.0
-0.12,0.05,0.86,-0.34,-0.25,-0.17,-7.78,3.63
-0.12,0.06,0.88,-0.36,-0.27,-0.14,-7.7,3.82
-0.1,0.08,0.9,-0.35,-0.3,-0.11,-6.3,4.76
-0.07,0.09,0.94,-0.33,-0.33,-0.09,-4.5,5.65
-0.06,0.1,0.95,-0.29,-0.33,-0.09,-3.85,6.2
-0.05,0.11,0.95,-0.25,-0.32,-0.09,-2.91,6.57
-0.04,0.12,0.95,-0.22,-0.3,-0.1,-2.22,7.34
-0.03,0.13,0.94,-0.18,-0.28,-0.11,-1.7,7.84
-0.01,0.13,0.92,-0.14,-0.26,-0.12,-0.78,7.88
-0.01,0.12,0.89,-0.13,-0.22,-0.15,-0.61,7.71
-0.01,0.11,0.86,-0.12,-0.19,-0.16,-0.41,7.41
0.0,0.11,0.83,-0.13,-0.17,-0.18,0.11,7.35
0.01,0.12,0.81,-0.15,-0.13,-0.19,0.55,8.2
0.01,0.13,0.79,-0.18,-0.09,-0.21,0.72,9.01
0.02,0.12,0.78,-0.2,-0.07,-0.21,1.42,8.93
0.02,0.12,0.78,-0.25,-0.05,-0.23,1.65,8.48
0.02,0.11,0.78,-0.26,-0.02,-0.25,1.54,8.26
0.02,0.11,0.78,-0.29,0.0,-0.26,1.66,8.26
0.02,0.11,0.78,-0.31,0.03,-0.27,1.39,7.91
0.01,0.11,0.79,-0.34,0.07,-0.27,0.8,7.78
-0.01,0.11,0.81,-0.33,0.07,-0.26,-0.4,7.65
-0.04,0.11,0.83,-0.36,0.08,-0.26,-2.94,7.48
-0.07,0.09,0.83,-0.37,0.05,-0.23,-4.8,6.47
-0.1,0.1,0.85,-0.38,-0.04,-0.17,-6.92,6.33
-0.1,0.1,0.88,-0.36,-0.14,-0.1,-6.65,6.44
-0.08,0.12,0.93,-0.33,-0.24,-0.04,-5.0,7.13
-0.04,0.13,0.96,-0.31,-0.3,0.01,-2.57,7.67
-0.02,0.14,0.99,-0.26,-0.37,0.04,-1.0,8.09
0.01,0.16,1.0,-0.2,-0.39,0.03,0.56,8.97
0.02,0.15,1.01,-0.14,-0.37,0.02,1.03,8.69
0.03,0.16,1.01,-0.07,-0.36,0.02,1.48,8.96
0.02,0.16,1.01,-0.01,-0.36,-0.0,1.15,9.0
-0.01,0.14,0.99,0.07,-0.34,-0.02,-0.29,8.03
-0.02,0.12,0.97,0.13,-0.31,-0.03,-1.44,7.11
-0.04,0.1,0.95,0.18,-0.28,-0.01,-2.67,5.98
-0.06,0.09,0.92,0.22,-0.26,0.0,-3.43,5.84
-0.06,0.09,0.9,0.27,-0.24,0.03,-3.94,5.75
-0.06,0.1,0.89,0.3,-0.18,0.05,-3.74,6.26
-0.04,0.09,0.88,0.33,-0.16,0.07,-2.76,5.72
-0.03,0.08,0.87,0.36,-0.11,0.08,-2.22,5.39
-0.01,0.08,0.85,0.38,-0.06,0.09,-0.74,5.37
-0.0,0.08,0.82,0.37,0.0,0.09,-0.19,5.53
0.01,0.08,0.8,0.36,0.05,0.08,0.49,5.67
0.01,0.08,0.78,0.34,0.06,0.09,0.8,5.81
0.01,0.07,0.78,0.31,0.05,0.1,0.76,5.37
0.02,0.07,0.77,0.27,0.05,0.09,1.53,5.14
0.03,0.07,0.79,0.22,0.02,0.11,1.97,5.31
0.04,0.08,0.79,0.17,-0.02,0.11,2.53,5.94
0.05,0.09,0.82,0.11,-0.04,0.11,3.25,6.12
0.05,0.1,0.85,0.08,-0.11,0.11,3.63,6.53
0.05,0.1,0.88,0.04,-0.11,0.1,3.21,6.32
0.05,0.1,0.9,0.03,-0.14,0.09,2.88,6.49
0.04,0.1,0.93,0.03,-0.16,0.09,2.55,6.39
0.03,0.1,0.95,0.04,-0.15,0.06,2.04,6.09
0.02,0.1,0.96,0.06,-0.13,0.05,1.28,5.85
0.01,0.09,0.95,0.08,-0.12,0.05,0.85,5.45
-0.0,0.09,0.95,0.12,-0.12,0.04,-0.2,5.45
-0.02,0.1,0.95,0.14,-0.11,0.04,-1.01,6.11
-0.02,0.1,0.95,0.16,-0.1,0.06,-1.4,5.9
-0.03,0.09,0.93,0.18,-0.07,0.07,-1.62,5.74
-0.03,0.08,0.92,0.21,-0.07,0.09,-2.04,5.14
-0.04,0.07,0.9,0.23,-0.05,0.1,-2.61,4.63
-0.04,0.08,0.88,0.22,-0.03,0.12,-2.5,5.3
-0.03,0.07,0.89,0.22,-0.02,0.14,-1.72,4.72
-0.02,0.07,0.88,0.22,-0.01,0.15,-1.28,4.8
0.0,0.08,0.88,0.23,-0.01,0.16,0.11,5.14
0.02,0.08,0.88,0.22,0.05,0.16,1.26,5.48
0.03,0.08,0.86,0.22,0.06,0.16,2.0,5.39
0.03,0.08,0.86,0.2,0.11,0.14,2.22,5.22
0.02,0.08,0.86,0.19,0.11,0.13,1.61,5.24
0.02,0.07,0.85,0.15,0.14,0.12,1.19,4.98
0.02,0.07,0.87,0.11,0.14,0.13,1.13,4.56
0.02,0.07,0.87,0.1,0.1,0.14,1.23,4.47
0.03,0.08,0.89,0.07,0.07,0.14,1.98,4.82
0.03,0.07,0.91,0.04,0.07,0.12,1.74,4.15
0.02,0.07,0.91,0.03,0.04,0.12,1.38,4.57
0.02,0.07,0.94,0.01,0.02,0.11,1.42,4.05
0.03,0.06,0.93,-0.01,0.02,0.11,1.75,3.57
0.02,0.06,0.93,-0.0,0.0,0.09,1.28,3.79
0.01,0.05,0.93,-0.01,0.02,0.07,0.55,3.26
0.01,0.05,0.93,0.01,0.01,0.07,0.58,3.23
-0.0,0.05,0.92,0.01,0.02,0.07,-0.21,2.84
-0.02,0.04,0.91,0.0,0.05,0.06,-1.26,2.59
-0.03,0.03,0.91,-0.0,0.07,0.06,-2.1,1.87
-0.04,0.02,0.9,-0.01,0.09,0.08,-2.45,1.37
-0.04,0.02,0.91,-0.02,0.09,0.09,-2.27,1.05
-0.03,0.03,0.91,-0.02,0.12,0.1,-1.69,1.61
-0.01,0.03,0.92,-0.06,0.16,0.11,-0.91,1.83
-0.01,0.04,0.93,-0.06,0.17,0.11,-0.53,2.62
-0.01,0.04,0.94,-0.08,0.21,0.12,-0.37,2.67
-0.0,0.05,0.97,-0.08,0.23,0.11,-0.08,3.04
0.0,0.06,0.98,-0.11,0.26,0.11,0.19,3.51
0.01,0.06,1.0,-0.12,0.26,0.12,0.6,3.18
0.02,0.06,1.0,-0.12,0.25,0.11,0.89,3.5
0.02,0.06,1.02,-0.11,0.25,0.11,0.96,3.54
0.03,0.06,1.02,-0.13,0.25,0.11,1.7,3.35
0.04,0.06,1.03,-0.14,0.22,0.11,2.21,3.52
0.05,0.06,1.03,-0.15,0.18,0.1,2.73,3.15
0.06,0.06,1.03,-0.16,0.18,0.08,3.59,3.35
0.06,0.06,1.04,-0.19,0.17,0.06,3.56,3.42
0.06,0.06,1.05,-0.21,0.15,0.05,3.11,3.03
0.06,0.06,1.07,-0.21,0.12,0.02,3.07,3.23
0.04,0.06,1.09,-0.22,0.1,-0.0,2.32,3.17
0.03,0.06,1.11,-0.2,0.1,-0.02,1.53,3.1
0.01,0.05,1.12,-0.19,0.09,-0.03,0.48,2.4
-0.01,0.04,1.13,-0.15,0.09,-0.05,-0.26,1.88
-0.02,0.03,1.14,-0.12,0.09,-0.05,-1.19,1.67
-0.04,0.02,1.14,-0.09,0.08,-0.04,-2.1,1.0
-0.04,0.03,1.12,-0.05,0.08,-0.03,-1.99,1.6
-0.04,0.04,1.1,-0.04,0.1,-0.03,-2.2,1.89
-0.05,0.03,1.1,-0.01,0.09,-0.02,-2.72,1.42
-0.05,0.04,1.06,-0.02,0.11,-0.02,-2.77,2.01
-0.05,0.03,1.08,0.0,0.09,-0.01,-2.54,1.71
-0.04,0.04,1.08,0.01,0.08,-0.0,-1.99,2.04
-0.05,0.04,1.07,0.02,0.07,-0.01,-2.42,2.08
-0.05,0.04,1.06,0.02,0.07,-0.0,-2.51,2.33
-0.04,0.04,1.07,0.01,0.07,0.01,-2.3,2.28
-0.06,0.04,1.07,-0.0,0.05,0.0,-3.04,2.28
-0.06,0.04,1.06,-0.0,0.05,0.02,-3.0,2.08
-0.06,0.03,1.07,0.01,0.04,0.02,-3.16,1.6
-0.05,0.04,1.06,0.0,0.04,0.03,-2.71,1.98
-0.03,0.04,1.05,0.01,0.04,0.02,-1.8,2.03
-0.04,0.02,1.04,0.02,0.02,0.03,-1.94,1.1
-0.03,0.02,1.04,0.03,0.03,0.02,-1.79,1.24
-0.04,0.02,1.03,0.01,0.05,0.02,-2.27,1.39
-0.03,0.01,1.03,0.0,0.05,0.04,-1.74,0.79
-0.04,0.02,1.03,-0.0,0.03,0.04,-2.17,1.36
-0.04,0.03,1.04,-0.03,0.06,0.03,-2.21,1.75
-0.03,0.03,1.03,-0.02,0.04,0.03,-1.88,1.56
-0.02,0.03,1.04,-0.04,0.05,0.03,-1.3,1.81
-0.04,0.04,1.05,-0.04,0.04,0.03,-1.99,2.41
-0.03,0.06,1.06,-0.04,0.04,0.03,-1.76,3.32
-0.03,0.06,1.08,-0.03,0.05,0.03,-1.5,3.11
-0.02,0.06,1.08,-0.02,0.04,0.04,-1.11,3.31
-0.03,0.07,1.08,0.02,0.02,0.04,-1.46,3.53
-0.03,0.07,1.07,0.03,0.02,0.02,-1.67,3.56
-0.04,0.07,1.05,0.04,0.02,0.04,-2.09,3.57
-0.03,0.06,1.03,0.05,0.01,0.03,-1.72,3.22
-0.03,0.06,1.02,0.06,-0.0,0.04,-1.74,3.22
-0.02,0.06,1.0,0.06,-0.03,0.04,-1.36,3.51
-0.02,0.05,0.99,0.05,-0.01,0.04,-0.95,3.11
-0.01,0.05,0.98,0.04,-0.01,0.04,-0.63,3.03
0.0,0.05,0.97,0.02,-0.03,0.04,0.24,2.9
0.0,0.05,0.96,-0.0,-0.01,0.02,0.15,3.15
0.0,0.06,0.95,-0.04,0.01,0.01,0.07,3.43
-0.0,0.05,0.94,-0.07,-0.0,0.01,-0.09,3.2
-0.01,0.05,0.95,-0.08,-0.02,0.0,-0.32,3.27
-0.01,0.05,0.96,-0.11,-0.04,0.01,-0.49,3.28
-0.0,0.06,0.98,-0.13,-0.05,0.0,-0.18,3.54
-0.01,0.06,1.0,-0.15,-0.04,0.01,-0.48,3.61
-0.0,0.06,1.01,-0.15,-0.05,0.01,-0.12,3.37
0.0,0.06,1.02,-0.16,-0.05,-0.01,0.13,3.51
-0.0,0.07,1.02,-0.15,-0.03,-0.02,-0.04,3.93
-0.01,0.07,1.03,-0.14,-0.03,-0.03,-0.41,3.91
-0.01,0.07,1.03,-0.13,-0.05,-0.04,-0.62,3.62
-0.02,0.06,1.03,-0.12,-0.06,-0.03,-1.02,3.24
-0.03,0.06,1.03,-0.1,-0.05,-0.03,-1.64,3.14
-0.03,0.05,1.04,-0.08,-0.05,-0.03,-1.81,2.89
-0.04,0.05,1.04,-0.06,-0.05,-0.02,-2.03,2.91
-0.04,0.05,1.03,-0.03,-0.06,-0.01,-1.97,2.92
-0.03,0.06,1.02,0.0,-0.03,-0.01,-1.67,3.31
-0.03,0.06,1.01,0.03,-0.01,-0.0,-1.6,3.39
-0.02,0.07,1.0,0.06,-0.0,0.01,-1.23,3.77
-0.01,0.07,0.98,0.08,0.0,0.02,-0.7,4.27
-0.0,0.07,0.96,0.09,0.04,0.01,-0.24,4.41
0.0,0.08,0.95,0.1,0.05,0.01,0.17,4.7
0.01,0.08,0.93,0.12,0.05,0.02,0.32,4.87
0.02,0.08,0.91,0.12,0.06,0.01,1.25,4.97
0.02,0.08,0.9,0.11,0.04,0.02,1.54,5.14
0.03,0.09,0.89,0.1,0.06,0.0,1.88,5.62
0.03,0.11,0.89,0.1,0.05,-0.0,1.65,6.82
0.04,0.09,0.89,0.09,0.03,0.0,2.42,5.98
0.03,0.09,0.9,0.08,0.05,-0.01,1.71,5.69
0.03,0.1,0.89,0.08,0.06,-0.02,1.98,6.41
0.02,0.1,0.88,0.09,0.06,-0.02,1.12,6.66
0.02,0.1,0.88,0.11,0.06,-0.02,1.45,6.53
0.02,0.1,0.87,0.12,0.08,-0.02,1.05,6.89
0.02,0.1,0.86,0.14,0.09,-0.02,1.08,6.59
0.02,0.1,0.85,0.15,0.09,-0.03,1.35,6.92
0.02,0.1,0.83,0.16,0.09,-0.0,1.37,6.99
0.01,0.11,0.82,0.17,0.12,-0.01,1.02,7.42
0.02,0.1,0.82,0.19,0.13,-0.01,1.46,7.15
0.02,0.11,0.82,0.19,0.14,-0.01,1.42,7.76
0.02,0.1,0.81,0.2,0.15,-0.01,1.56,7.22
0.02,0.1,0.79,0.2,0.18,-0.01,1.4,7.29
0.01,0.1,0.78,0.18,0.22,-0.01,0.71,7.5
-0.0,0.1,0.78,0.2,0.23,0.0,-0.35,7.29
-0.01,0.1,0.78,0.19,0.25,0.0,-0.49,7.11
-0.01,0.1,0.78,0.18,0.26,0.02,-0.75,7.53
-0.0,0.11,0.79,0.19,0.3,0.01,-0.33,7.61
-0.01,0.1,0.78,0.2,0.31,0.03,-0.63,7.5
-0.01,0.1,0.77,0.2,0.31,0.04,-0.45,7.46
-0.0,0.11,0.76,0.21,0.33,0.04,-0.07,7.93
0.0,0.11,0.76,0.19,0.38,0.04,0.27,8.06
0.01,0.11,0.77,0.19,0.4,0.05,0.84,7.87
0.02,0.1,0.76,0.18,0.43,0.04,1.58,7.69
0.02,0.1,0.75,0.17,0.46,0.04,1.66,7.86
0.03,0.1,0.74,0.15,0.49,0.04,2.0,7.73
0.03,0.11,0.73,0.13,0.51,0.02,1.96,8.35
0.02,0.11,0.74,0.1,0.53,0.02,1.65,8.77
0.01,0.11,0.75,0.07,0.55,0.02,0.97,8.32
0.01,0.1,0.75,0.04,0.57,0.02,0.47,7.89
0.01,0.1,0.76,0.02,0.56,0.03,0.72,7.72
0.01,0.11,0.77,0.01,0.57,0.02,0.85,7.86
-0.0,0.11,0.79,-0.0,0.58,0.02,-0.04,7.66
-0.01,0.1,0.81,-0.01,0.6,0.01,-0.63,7.26
-0.01,0.09,0.82,-0.02,0.62,0.02,-0.54,6.31
-0.0,0.09,0.83,-0.01,0.62,0.02,-0.33,6.15
-0.01,0.09,0.83,-0.01,0.66,0.01,-0.46,6.39
-0.01,0.09,0.85,-0.01,0.69,0.01,-0.9,6.18
-0.02,0.09,0.86,-0.01,0.71,0.01,-1.23,5.82
-0.02,0.08,0.87,0.01,0.72,0.01,-1.27,5.38
-0.03,0.07,0.88,0.04,0.74,0.0,-1.81,4.65
-0.04,0.07,0.86,0.03,0.77,0.0,-2.42,4.44
-0.05,0.07,0.86,0.03,0.8,0.01,-3.18,4.66
-0.05,0.07,0.87,0.05,0.81,0.02,-3.49,4.45
-0.06,0.06,0.88,0.05,0.82,0.02,-3.57,3.9
-0.06,0.06,0.89,0.07,0.87,0.02,-3.76,3.95
-0.06,0.06,0.88,0.08,0.89,0.03,-3.71,3.87
-0.06,0.05,0.89,0.1,0.96,0.02,-3.69,3.2
-0.07,0.04,0.88,0.11,0.99,0.02,-4.34,2.77
-0.05,0.04,0.86,0.12,1.03,0.03,-3.55,2.8
-0.06,0.05,0.87,0.09,1.06,0.04,-3.97,3.16
-0.05,0.06,0.87,0.09,1.07,0.06,-3.19,3.69
-0.04,0.06,0.89,0.09,1.06,0.06,-2.88,3.59
-0.06,0.07,0.91,0.07,1.08,0.05,-3.49,4.09
-0.04,0.07,0.92,0.05,1.07,0.05,-2.72,4.46
-0.04,0.07,0.93,0.06,1.07,0.04,-2.17,4.5
-0.03,0.09,0.93,0.06,1.08,0.03,-1.97,5.48
-0.03,0.09,0.95,0.11,1.05,0.03,-1.88,5.58
-0.04,0.09,0.94,0.12,1.08,0.01,-2.55,5.16
-0.04,0.07,0.92,0.12,1.07,0.02,-2.67,4.21
-0.05,0.05,0.89,0.14,1.05,0.01,-3.03,3.45
-0.05,0.05,0.85,0.12,1.06,-0.0,-3.28,3.37
-0.06,0.04,0.83,0.1,1.06,-0.01,-3.87,2.68
-0.07,0.04,0.82,0.04,1.05,-0.0,-4.82,2.51
-0.07,0.03,0.84,-0.01,1.01,-0.01,-4.9,1.96
-0.07,0.03,0.84,-0.05,1.01,0.01,-4.96,2.06
-0.07,0.03,0.86,-0.1,0.96,0.0,-4.9,1.88
-0.07,0.03,0.89,-0.15,0.94,0.02,-4.62,2.2
-0.07,0.04,0.92,-0.17,0.9,0.01,-4.21,2.61
-0.06,0.03,0.95,-0.19,0.9,0.0,-3.75,1.98
-0.07,0.04,0.98,-0.17,0.91,-0.0,-3.84,2.18
-0.06,0.04,1.0,-0.16,0.91,-0.01,-3.67,2.31
-0.06,0.04,1.01,-0.11,0.92,-0.01,-3.18,2.21
-0.06,0.04,1.01,-0.08,0.94,-0.01,-3.36,2.47
-0.06,0.04,1.01,-0.05,0.99,-0.03,-3.62,2.34
-0.07,0.05,0.97,-0.01,1.01,-0.03,-3.93,2.97
-0.08,0.04,0.97,0.01,1.03,-0.04,-4.69,2.45
-0.1,0.03,0.95,0.03,1.03,-0.03,-6.22,1.82
-0.11,0.03,0.92,0.01,1.05,-0.03,-7.01,1.58
-0.11,0.01,0.91,0.0,1.03,-0.01,-7.07,0.74
-0.11,0.01,0.9,-0.01,1.0,0.0,-7.1,0.72
-0.11,0.01,0.89,-0.04,0.98,0.03,-6.77,0.7
-0.1,-0.0,0.89,-0.07,0.99,0.02,-6.24,-0.07
-0.09,-0.0,0.9,-0.13,0.98,0.02,-5.81,-0.22
-0.09,0.01,0.93,-0.15,0.96,0.03,-5.6,0.5
-0.07,0.01,0.95,-0.16,0.97,0.03,-4.13,0.31
-0.05,0.0,0.97,-0.17,0.95,0.02,-3.02,0.25
-0.04,0.02,0.97,-0.16,0.95,0.02,-2.4,1.31
-0.04,0.03,0.97,-0.15,0.94,0.0,-2.13,1.66
-0.04,0.03,0.97,-0.15,0.95,-0.01,-2.26,1.52
-0.04,0.03,0.96,-0.14,0.98,-0.03,-2.16,1.76
-0.05,0.02,0.96,-0.14,1.0,-0.04,-2.94,1.36
-0.06,0.02,0.97,-0.13,0.99,-0.05,-3.64,1.31
-0.08,0.02,0.97,-0.11,0.98,-0.04,-4.91,1.15
-0.11,0.01,0.96,-0.12,0.98,-0.03,-6.29,0.7
-0.1,0.01,0.96,-0.1,0.96,-0.01,-6.2,0.82
-0.1,0.0,0.96,-0.11,0.96,-0.01,-5.65,0.11
-0.1,0.01,0.96,-0.11,0.95,0.02,-5.89,0.44
-0.09,0.0,0.96,-0.14,0.96,0.01,-5.56,0.13
-0.1,-0.01,0.97,-0.16,0.95,0.02,-5.62,-0.46
-0.08,-0.0,0.98,-0.18,0.93,0.03,-4.91,-0.02
-0.06,-0.0,1.01,-0.18,0.89,0.03,-3.17,-0.18
-0.04,-0.0,1.0,-0.19,0.9,0.02,-2.21,-0.26
-0.03,0.01,1.01,-0.22,0.92,0.01,-1.83,0.31
-0.04,0.01,1.03,-0.21,0.9,-0.01,-2.1,0.79
-0.05,0.01,1.05,-0.19,0.92,-0.01,-2.76,0.56
-0.05,0.02,1.08,-0.15,0.92,-0.02,-2.83,0.97
-0.06,0.02,1.1,-0.11,0.94,-0.02,-2.91,1.27
-0.06,0.03,1.11,-0.06,0.95,-0.02,-2.9,1.4
-0.05,0.04,1.11,0.01,0.95,-0.01,-2.82,2.22
-0.06,0.05,1.1,0.09,0.97,0.0,-3.1,2.8
-0.05,0.07,1.1,0.16,1.0,0.01,-2.47,3.39
-0.04,0.07,1.08,0.23,1.02,0.02,-1.92,3.88
-0.04,0.07,1.05,0.3,1.02,0.0,-1.98,3.64
-0.03,0.05,1.0,0.37,1.04,-0.01,-1.87,3.06
-0.03,0.05,0.95,0.4,1.05,-0.03,-1.82,3.09
-0.03,0.05,0.91,0.42,1.06,-0.04,-1.93,3.05
-0.04,0.04,0.87,0.41,1.08,-0.05,-2.39,2.59
-0.02,0.03,0.85,0.38,1.1,-0.08,-1.64,2.14
-0.05,0.01,0.82,0.35,1.13,-0.11,-3.19,0.53
-0.07,-0.01,0.78,0.31,1.07,-0.11,-4.96,-0.76
-0.08,-0.02,0.76,0.25,1.03,-0.12,-6.13,-1.56
-0.11,-0.04,0.76,0.16,0.99,-0.12,-7.9,-2.76
-0.11,-0.04,0.78,0.08,0.95,-0.12,-8.19,-2.96
-0.1,-0.03,0.81,-0.01,0.89,-0.1,-7.33,-2.28
-0.09,-0.03,0.83,-0.05,0.85,-0.09,-6.09,-1.86
-0.07,-0.02,0.85,-0.11,0.84,-0.09,-4.45,-1.32
-0.05,-0.01,0.86,-0.12,0.81,-0.11,-3.22,-0.4
-0.04,0.01,0.88,-0.13,0.79,-0.11,-2.92,0.48
-0.04,0.01,0.89,-0.14,0.78,-0.13,-2.48,0.67
-0.04,0.0,0.9,-0.15,0.79,-0.16,-2.56,0.23
-0.06,0.0,0.9,-0.15,0.79,-0.18,-3.53,0.06
-0.06,-0.0,0.91,-0.17,0.79,-0.18,-4.0,-0.13
-0.07,-0.0,0.92,-0.19,0.84,-0.23,-4.33,-0.11
-0.09,-0.01,0.93,-0.17,0.76,-0.18,-5.26,-0.6
-0.08,-0.0,0.94,-0.17,0.77,-0.19,-4.94,-0.2
-0.09,-0.01,0.94,-0.18,0.76,-0.18,-5.54,-0.38
-0.09,-0.01,0.95,-0.19,0.76,-0.17,-5.24,-0.45
-0.08,0.0,0.96,-0.17,0.75,-0.17,-5.03,0.08
-0.08,0.01,0.97,-0.17,0.76,-0.17,-4.58,0.82
-0.07,0.02,0.99,-0.15,0.78,-0.17,-4.27,1.17
-0.06,0.02,1.01,-0.14,0.77,-0.16,-3.56,1.2
-0.05,0.02,1.02,-0.11,0.76,-0.17,-2.78,0.9
-0.04,0.01,1.01,-0.08,0.78,-0.18,-2.39,0.71
-0.05,0.01,1.0,-0.07,0.79,-0.2,-2.68,0.47
-0.03,0.02,1.0,-0.06,0.81,-0.21,-1.91,0.9
-0.02,0.02,1.0,-0.03,0.82,-0.22,-1.38,1.14
-0.03,0.01,0.99,0.0,0.81,-0.24,-1.91,0.57
-0.04,0.0,0.98,0.01,0.82,-0.26,-2.14,0.25
-0.05,-0.01,0.95,0.01,0.8,-0.26,-3.11,-0.79
-0.07,-0.02,0.94,-0.0,0.77,-0.26,-4.34,-0.98
-0.08,-0.02,0.92,-0.03,0.75,-0.27,-4.64,-1.52
-0.07,-0.01,0.92,-0.05,0.76,-0.29,-4.43,-0.36
-0.09,-0.0,0.93,-0.08,0.74,-0.28,-5.54,-0.24
-0.11,-0.02,0.92,-0.08,0.73,-0.28,-6.55,-1.39
-0.11,-0.04,0.93,-0.1,0.73,-0.27,-7.04,-2.16
-0.13,-0.04,0.93,-0.13,0.74,-0.26,-8.05,-2.2
-0.14,-0.03,0.94,-0.18,0.78,-0.23,-8.34,-1.88
-0.13,-0.02,0.95,-0.19,0.77,-0.21,-7.92,-1.18
-0.12,-0.03,0.96,-0.22,0.77,-0.21,-7.02,-1.78
-0.11,-0.03,0.97,-0.27,0.78,-0.2,-6.51,-1.88
-0.1,-0.04,0.95,-0.29,0.76,-0.18,-5.87,-2.58
-0.08,-0.04,0.95,-0.32,0.75,-0.18,-5.08,-2.29
-0.08,-0.04,0.95,-0.36,0.74,-0.17,-4.83,-2.29
-0.08,-0.03,0.96,-0.41,0.77,-0.18,-4.84,-1.7
-0.07,-0.02,0.98,-0.46,0.76,-0.19,-3.96,-1.25
-0.05,-0.01,0.99,-0.49,0.74,-0.19,-3.03,-0.55
-0.05,0.01,1.02,-0.48,0.72,-0.19,-2.54,0.61
-0.04,0.03,1.03,-0.48,0.72,-0.21,-2.05,1.63
-0.02,0.05,1.06,-0.46,0.73,-0.21,-1.06,2.63
-0.02,0.05,1.08,-0.42,0.72,-0.23,-1.13,2.66
-0.02,0.05,1.09,-0.39,0.72,-0.22,-1.19,2.56
-0.03,0.05,1.1,-0.36,0.76,-0.24,-1.34,2.8
-0.02,0.06,1.11,-0.3,0.76,-0.24,-0.91,2.9
-0.02,0.05,1.11,-0.23,0.78,-0.25,-1.02,2.7
-0.02,0.03,1.1,-0.2,0.8,-0.26,-1.13,1.42
-0.03,0.01,1.08,-0.17,0.8,-0.26,-1.66,0.4
-0.06,-0.02,1.05,-0.17,0.83,-0.27,-3.0,-0.85
-0.07,-0.05,1.03,-0.18,0.82,-0.27,-4.0,-2.54
-0.08,-0.07,1.01,-0.2,0.79,-0.26,-4.42,-3.92
-0.1,-0.09,0.99,-0.28,0.81,-0.26,-5.65,-4.9
-0.12,-0.1,0.97,-0.35,0.79,-0.24,-6.94,-5.57
-0.12,-0.1,0.97,-0.44,0.78,-0.21,-7.09,-5.74
-0.1,-0.08,0.99,-0.52,0.74,-0.2,-6.03,-4.76
-0.08,-0.06,1.01,-0.58,0.73,-0.17,-4.56,-3.32
-0.05,-0.02,1.04,-0.63,0.72,-0.17,-2.78,-1.24
-0.03,0.02,1.09,-0.65,0.71,-0.17,-1.38,1.17
0.01,0.06,1.14,-0.63,0.71,-0.16,0.28,3.13
0.04,0.1,1.19,-0.57,0.73,-0.17,1.85,5.03
0.06,0.14,1.22,-0.48,0.76,-0.18,2.93,6.39
0.09,0.17,1.24,-0.35,0.77,-0.19,4.02,7.65
0.12,0.19,1.24,-0.2,0.81,-0.22,5.25,8.73
0.12,0.2,1.22,-0.06,0.84,-0.26,5.31,9.24
0.1,0.17,1.19,0.07,0.92,-0.31,4.76,8.16
0.05,0.12,1.14,0.19,0.95,-0.33,2.69,6.25
0.01,0.08,1.09,0.28,0.98,-0.35,0.56,4.22
-0.04,0.03,1.06,0.3,1.0,-0.38,-2.05,1.42
-0.08,-0.04,1.01,0.31,0.99,-0.38,-4.45,-2.16
-0.12,-0.08,0.97,0.27,0.97,-0.36,-6.83,-4.69
-0.15,-0.1,0.93,0.19,0.94,-0.34,-8.85,-5.98
-0.18,-0.12,0.93,0.09,0.91,-0.31,-11.01,-7.15
-0.18,-0.13,0.93,-0.01,0.89,-0.26,-11.14,-7.58
-0.18,-0.11,0.93,-0.13,0.84,-0.22,-10.68,-6.93
-0.15,-0.1,0.94,-0.22,0.77,-0.17,-9.19,-6.04
-0.13,-0.07,0.96,-0.31,0.76,-0.15,-7.76,-4.21
-0.1,-0.03,0.98,-0.37,0.74,-0.12,-5.59,-1.85
-0.07,0.01,1.0,-0.42,0.75,-0.11,-3.91,0.34
-0.03,0.04,1.03,-0.41,0.74,-0.09,-1.91,2.09
-0.01,0.06,1.06,-0.41,0.76,-0.09,-0.64,3.39
-0.01,0.07,1.07,-0.4,0.8,-0.09,-0.4,3.71
0.0,0.09,1.08,-0.39,0.82,-0.06,0.23,4.87
0.0,0.11,1.08,-0.36,0.84,-0.06,0.24,5.72
0.01,0.12,1.08,-0.33,0.86,-0.07,0.7,6.18
0.02,0.11,1.08,-0.31,0.86,-0.06,0.93,5.88
0.02,0.1,1.06,-0.33,0.87,-0.06,1.11,5.63
0.02,0.11,1.05,-0.33,0.86,-0.06,1.09,5.96
0.02,0.13,1.05,-0.36,0.87,-0.06,1.27,6.96
0.03,0.14,1.06,-0.36,0.85,-0.07,1.81,7.55
0.05,0.17,1.07,-0.37,0.83,-0.08,2.63,8.78
0.06,0.18,1.1,-0.35,0.79,-0.08,3.08,9.44
0.07,0.21,1.12,-0.32,0.76,-0.08,3.43,10.64
0.08,0.23,1.13,-0.27,0.76,-0.08,4.11,11.67
0.09,0.26,1.14,-0.21,0.76,-0.09,4.5,12.68
0.11,0.27,1.15,-0.12,0.76,-0.1,5.39,13.08
0.11,0.27,1.16,0.03,0.9,-0.25,5.47,13.04
0.12,0.26,1.16,0.03,0.77,-0.16,5.87,12.38
0.11,0.25,1.16,0.12,0.8,-0.2,5.4,11.98
0.09,0.23,1.15,0.19,0.82,-0.23,4.56,11.06
0.06,0.19,1.14,0.27,0.82,-0.25,2.96,9.5
0.02,0.15,1.13,0.3,0.84,-0.26,1.23,7.58
-0.01,0.13,1.1,0.29,0.86,-0.27,-0.57,6.57
-0.04,0.12,1.09,0.27,0.86,-0.27,-1.93,6.2
-0.06,0.11,1.08,0.27,0.85,-0.27,-3.13,5.87
-0.06,0.11,1.08,0.23,0.83,-0.27,-3.24,5.99
-0.07,0.12,1.07,0.21,0.82,-0.27,-3.46,6.21
-0.09,0.11,1.08,0.19,0.81,-0.27,-4.88,5.75
-0.09,0.11,1.08,0.16,0.81,-0.26,-4.92,5.64
-0.09,0.11,1.09,0.15,0.79,-0.24,-4.82,5.82
-0.08,0.12,1.09,0.14,0.82,-0.23,-3.93,6.52
-0.07,0.14,1.08,0.13,0.82,-0.21,-3.42,7.21
-0.06,0.13,1.08,0.15,0.82,-0.22,-2.97,6.92
-0.07,0.13,1.09,0.14,0.83,-0.24,-3.4,6.83
-0.09,0.13,1.11,0.15,0.84,-0.23,-4.69,6.44
-0.11,0.11,1.13,0.14,0.83,-0.2,-5.65,5.45
-0.12,0.08,1.14,0.15,0.78,-0.17,-5.77,3.83
-0.12,0.06,1.15,0.15,0.74,-0.13,-5.74,3.1
-0.13,0.04,1.12,0.11,0.7,-0.09,-6.46,1.96
-0.15,0.03,1.1,0.06,0.68,-0.05,-7.56,1.55
-0.14,0.01,1.09,0.01,0.63,-0.01,-7.41,0.77
-0.14,0.01,1.09,-0.04,0.61,0.02,-7.17,0.78
-0.12,0.03,1.08,-0.11,0.6,0.05,-6.32,1.58
-0.11,0.04,1.09,-0.17,0.57,0.08,-5.66,2.21
-0.1,0.04,1.09,-0.19,0.54,0.1,-5.14,1.85
-0.08,0.05,1.09,-0.24,0.51,0.15,-4.18,2.78
-0.06,0.06,1.11,-0.29,0.52,0.15,-3.16,3.09
-0.04,0.07,1.11,-0.3,0.49,0.18,-2.22,3.59
-0.02,0.07,1.1,-0.33,0.51,0.19,-0.93,3.82
-0.0,0.08,1.11,-0.33,0.5,0.21,-0.1,4.24
0.01,0.08,1.11,-0.36,0.53,0.2,0.66,4.33
0.01,0.08,1.12,-0.38,0.56,0.22,0.31,4.3
0.02,0.09,1.15,-0.39,0.58,0.23,1.08,4.31
0.05,0.08,1.19,-0.37,0.61,0.27,2.42,3.87
0.09,0.08,1.22,-0.37,0.66,0.28,4.23,3.68
0.13,0.07,1.25,-0.37,0.69,0.32,6.02,3.36
0.15,0.06,1.25,-0.32,0.69,0.34,6.86,2.92
0.16,0.06,1.23,-0.32,0.73,0.38,7.4,2.63
0.18,0.05,1.21,-0.3,0.74,0.4,8.37,2.44
0.19,0.05,1.19,-0.33,0.77,0.42,9.09,2.41
0.21,0.06,1.17,-0.33,0.76,0.42,10.28,3.01
0.23,0.08,1.16,-0.35,0.75,0.43,11.26,3.74
0.25,0.09,1.15,-0.36,0.75,0.42,12.2,4.32
0.27,0.11,1.14,-0.35,0.72,0.42,13.41,5.43
0.29,0.13,1.13,-0.36,0.68,0.4,14.45,6.33
0.31,0.16,1.1,-0.34,0.61,0.38,15.74,7.93
0.33,0.18,1.08,-0.33,0.54,0.35,16.77,9.19
0.34,0.21,1.06,-0.32,0.46,0.31,17.45,10.52
0.36,0.22,1.03,-0.31,0.36,0.26,18.65,11.55
0.36,0.23,1.02,-0.26,0.25,0.23,18.96,12.24
0.35,0.25,0.99,-0.24,0.16,0.15,19.06,13.25
0.35,0.26,0.97,-0.2,0.06,0.1,19.11,13.93
0.33,0.25,0.96,-0.14,-0.04,0.04,18.34,13.88
0.3,0.24,0.96,-0.09,-0.13,-0.02,17.01,13.18
0.26,0.22,0.96,-0.04,-0.18,-0.07,15.09,12.22
0.23,0.19,0.95,0.0,-0.22,-0.11,13.38,11.14
0.19,0.18,0.95,0.05,-0.25,-0.14,10.96,10.61
0.16,0.16,0.93,0.09,-0.26,-0.17,9.83,9.8
0.15,0.15,0.92,0.11,-0.26,-0.2,9.0,9.34
0.11,0.14,0.89,0.14,-0.22,-0.23,7.04,8.96
0.09,0.13,0.88,0.16,-0.21,-0.25,5.58,8.46
0.05,0.11,0.86,0.19,-0.19,-0.29,3.46,7.52
0.03,0.1,0.85,0.2,-0.17,-0.31,1.7,6.72
-0.01,0.09,0.84,0.21,-0.16,-0.33,-0.55,6.07
-0.03,0.07,0.83,0.2,-0.16,-0.33,-2.35,5.14
-0.06,0.07,0.82,0.21,-0.16,-0.34,-3.89,4.84
-0.08,0.06,0.82,0.19,-0.14,-0.36,-5.26,3.87
-0.1,0.05,0.82,0.19,-0.14,-0.37,-6.82,3.32
-0.13,0.04,0.83,0.17,-0.17,-0.39,-8.79,2.54
-0.13,0.03,0.86,0.16,-0.2,-0.37,-8.84,1.91
-0.12,0.03,0.85,0.15,-0.22,-0.37,-7.85,2.05
-0.14,0.03,0.86,0.13,-0.22,-0.36,-9.14,2.29
-0.18,0.02,0.88,0.12,-0.22,-0.35,-11.28,1.29
-0.17,0.01,0.89,0.09,-0.24,-0.34,-10.63,0.75
-0.19,-0.0,0.88,0.09,-0.18,-0.33,-12.23,-0.08
-0.21,0.01,0.91,0.08,-0.15,-0.3,-12.68,0.48
-0.2,-0.01,0.91,0.06,-0.11,-0.28,-12.52,-0.77
-0.2,-0.02,0.93,0.04,-0.08,-0.26,-12.1,-1.01
-0.2,-0.02,0.96,0.03,-0.02,-0.22,-11.97,-1.29
-0.2,-0.02,0.98,0.01,0.02,-0.18,-11.77,-1.03
-0.19,-0.02,0.99,0.01,0.06,-0.13,-10.9,-1.35
-0.17,-0.02,1.0,0.0,0.1,-0.09,-9.73,-1.06
-0.17,-0.02,1.01,0.01,0.15,-0.06,-9.56,-1.27
-0.15,-0.02,1.0,-0.02,0.22,-0.02,-8.41,-1.16
-0.13,-0.01,1.0,-0.02,0.27,0.02,-7.22,-0.67
-0.1,-0.0,1.0,-0.02,0.31,0.05,-5.78,-0.12
-0.08,-0.0,0.99,-0.01,0.34,0.07,-4.77,-0.19
-0.07,0.0,0.98,-0.0,0.38,0.08,-3.82,0.2
-0.05,0.01,0.97,-0.02,0.39,0.08,-3.0,0.31
-0.04,0.01,0.98,-0.02,0.38,0.11,-2.39,0.55
-0.02,0.01,0.98,-0.02,0.37,0.12,-1.45,0.66
-0.01,0.01,0.98,-0.02,0.36,0.12,-0.7,0.47
0.0,0.01,0.99,-0.03,0.34,0.13,0.18,0.63
0.02,0.01,0.98,-0.02,0.32,0.15,0.88,0.48
0.03,0.01,0.98,-0.02,0.29,0.16,1.58,0.53
0.04,0.01,0.97,-0.03,0.3,0.15,2.51,0.31
0.05,0.0,0.97,-0.04,0.3,0.14,3.22,0.28
0.06,-0.0,0.97,-0.05,0.3,0.14,3.27,-0.14
0.06,-0.01,0.97,-0.05,0.31,0.15,3.55,-0.73
0.07,-0.01,0.97,-0.07,0.32,0.13,4.11,-0.8
0.07,-0.0,0.97,-0.09,0.35,0.13,4.39,-0.16
0.09,0.01,0.95,-0.1,0.34,0.13,5.32,0.3
0.1,0.03,0.95,-0.12,0.3,0.14,5.9,1.95
0.12,0.05,0.94,-0.14,0.26,0.11,7.12,3.28
0.12,0.07,0.92,-0.17,0.2,0.1,7.7,4.57
0.13,0.1,0.9,-0.17,0.1,0.06,8.45,6.21
0.13,0.12,0.88,-0.17,-0.02,0.03,8.48,7.38
0.14,0.13,0.89,-0.17,-0.1,-0.02,8.81,8.26
0.13,0.12,0.89,-0.16,-0.18,-0.05,7.9,7.61
0.11,0.11,0.9,-0.16,-0.24,-0.09,6.91,7.06
0.08,0.1,0.91,-0.14,-0.3,-0.12,5.31,6.36
0.06,0.1,0.93,-0.15,-0.33,-0.16,3.4,5.9
0.03,0.08,0.95,-0.15,-0.35,-0.17,1.75,5.04
0.02,0.08,0.98,-0.14,-0.38,-0.18,0.99,4.46
0.0,0.08,0.98,-0.12,-0.4,-0.17,0.28,4.62
-0.0,0.08,0.98,-0.11,-0.42,-0.16,-0.12,4.62
-0.01,0.08,0.98,-0.1,-0.4,-0.16,-0.82,4.81
-0.02,0.09,0.97,-0.09,-0.4,-0.16,-1.36,5.1
-0.02,0.09,0.96,-0.08,-0.37,-0.17,-1.0,5.38
-0.03,0.08,0.96,-0.05,-0.35,-0.18,-1.66,4.91
-0.03,0.08,0.96,-0.04,-0.31,-0.18,-2.06,4.95
-0.04,0.08,0.96,-0.04,-0.26,-0.18,-2.3,4.5
-0.05,0.08,0.96,-0.0,-0.22,-0.19,-2.8,4.56
-0.05,0.08,0.96,-0.0,-0.17,-0.18,-2.82,4.48
-0.06,0.08,0.97,0.01,-0.11,-0.19,-3.49,4.43
-0.08,0.06,0.97,0.01,-0.08,-0.18,-4.63,3.81
-0.09,0.06,0.98,0.04,-0.06,-0.16,-5.19,3.69
-0.1,0.06,0.99,0.05,-0.04,-0.15,-6.01,3.34
-0.11,0.06,0.99,0.04,-0.04,-0.13,-6.15,3.3
-0.11,0.06,1.0,0.04,-0.02,-0.11,-6.06,3.3
-0.11,0.05,0.99,0.04,-0.03,-0.08,-6.27,2.85
-0.11,0.05,0.99,0.04,-0.02,-0.06,-6.09,2.98
-0.1,0.05,0.99,0.03,0.0,-0.04,-5.95,2.98
-0.1,0.05,0.98,0.04,-0.01,-0.02,-5.65,2.87
-0.09,0.05,0.99,0.03,-0.01,-0.01,-5.15,3.15
-0.08,0.06,0.98,0.02,-0.01,-0.0,-4.87,3.47
-0.08,0.06,0.98,0.01,0.02,0.0,-4.52,3.39
-0.07,0.06,0.98,0.01,0.02,0.01,-4.15,3.56
-0.07,0.06,0.99,-0.01,0.03,0.02,-4.14,3.4
-0.06,0.06,0.99,0.01,-0.0,0.04,-3.74,3.39
-0.06,0.06,0.99,0.01,0.02,0.04,-3.47,3.38
-0.06,0.05,0.99,0.0,0.01,0.04,-3.35,3.12
-0.05,0.06,0.99,0.01,0.01,0.05,-2.77,3.37
-0.05,0.05,0.98,0.01,-0.0,0.06,-3.08,2.94
-0.04,0.06,0.98,0.03,0.0,0.06,-2.58,3.29
-0.03,0.05,0.98,0.01,0.03,0.07,-1.99,2.98
-0.03,0.05,0.97,0.03,0.01,0.08,-1.6,3.19
-0.02,0.05,0.95,0.02,0.02,0.09,-1.43,3.27
-0.02,0.05,0.94,0.01,0.03,0.07,-1.19,3.02
-0.02,0.05,0.94,0.04,0.03,0.06,-1.2,2.85
-0.01,0.05,0.94,0.03,0.03,0.07,-0.9,2.87
-0.01,0.05,0.94,0.03,0.01,0.07,-0.77,2.81
-0.01,0.05,0.93,0.03,-0.01,0.08,-0.84,2.87
-0.01,0.04,0.93,0.03,0.0,0.06,-0.4,2.7
-0.01,0.05,0.92,0.03,-0.02,0.07,-0.48,2.81
-0.01,0.04,0.92,0.02,-0.02,0.06,-0.79,2.35
-0.01,0.04,0.92,0.03,-0.04,0.04,-0.84,2.19
-0.02,0.03,0.92,0.03,-0.04,0.04,-1.15,2.09
-0.02,0.03,0.92,0.02,-0.04,0.03,-1.24,1.87
-0.03,0.03,0.93,0.01,-0.05,0.04,-1.77,1.75
-0.02,0.03,0.93,0.01,-0.05,0.04,-1.44,1.93
-0.02,0.03,0.92,0.0,-0.03,0.03,-1.37,1.74
-0.02,0.02,0.92,-0.0,-0.03,0.03,-1.39,1.55
-0.02,0.03,0.91,0.01,-0.02,0.03,-1.5,1.66
-0.02,0.02,0.92,0.0,-0.01,0.02,-1.28,1.49
-0.03,0.02,0.91,-0.01,0.01,0.01,-1.81,1.48
-0.03,0.02,0.92,-0.02,0.02,0.01,-2.17,1.48
-0.04,0.03,0.92,-0.02,0.01,0.01,-2.25,1.64
-0.04,0.03,0.92,-0.03,0.02,0.01,-2.45,1.57
-0.04,0.02,0.94,-0.03,0.02,0.0,-2.58,1.19
-0.04,0.02,0.93,-0.03,0.0,0.02,-2.24,1.36
-0.04,0.02,0.93,-0.04,-0.01,0.02,-2.48,1.53
-0.03,0.03,0.93,-0.03,-0.01,0.02,-1.65,1.85
-0.02,0.03,0.92,-0.04,0.01,0.01,-1.43,1.71
-0.02,0.04,0.93,-0.07,0.02,0.01,-1.12,2.22
-0.02,0.03,0.92,-0.06,0.02,0.01,-1.47,1.6
-0.02,0.03,0.93,-0.05,0.02,0.02,-1.23,2.1
-0.02,0.03,0.92,-0.06,0.03,0.01,-1.15,2.16
-0.01,0.03,0.92,-0.04,0.02,0.01,-0.78,2.11
-0.02,0.03,0.92,-0.05,0.04,0.01,-1.39,2.08
-0.02,0.04,0.93,-0.04,0.03,-0.0,-1.0,2.26
-0.01,0.04,0.93,-0.06,0.05,-0.0,-0.84,2.56
-0.02,0.04,0.92,-0.06,0.05,-0.01,-1.04,2.49
-0.01,0.04,0.93,-0.05,0.03,-0.0,-0.86,2.68
-0.02,0.04,0.93,-0.05,0.02,-0.01,-1.21,2.59
-0.02,0.04,0.94,-0.06,0.02,-0.02,-1.37,2.61
-0.02,0.05,0.95,-0.06,0.0,-0.01,-1.15,2.85
-0.02,0.05,0.95,-0.06,-0.02,0.01,-1.0,2.76
-0.01,0.05,0.94,-0.07,-0.01,-0.0,-0.5,3.02
-0.0,0.05,0.94,-0.05,-0.02,-0.01,-0.28,3.17
-0.01,0.05,0.94,-0.06,-0.0,-0.02,-0.7,3.29
-0.02,0.05,0.95,-0.06,0.01,-0.02,-0.97,3.26
-0.02,0.05,0.95,-0.06,-0.01,-0.02,-1.36,3.12
-0.03,0.05,0.97,-0.06,-0.0,-0.02,-1.89,2.95
-0.03,0.05,0.98,-0.06,0.01,-0.01,-1.62,2.93
-0.03,0.06,0.97,-0.05,-0.0,0.0,-1.66,3.34
-0.03,0.05,0.97,-0.03,-0.01,0.01,-1.64,3.25
-0.02,0.06,0.97,-0.02,0.0,0.0,-1.02,3.64
-0.01,0.06,0.96,-0.01,0.01,0.01,-0.51,3.85
-0.0,0.06,0.94,-0.02,0.03,0.0,-0.14,3.74
-0.0,0.06,0.93,0.0,0.04,-0.01,-0.18,3.54
-0.01,0.06,0.93,0.02,0.06,-0.02,-0.68,3.54
-0.02,0.05,0.93,-0.0,0.08,-0.04,-1.36,3.11
-0.04,0.04,0.93,-0.02,0.07,-0.04,-2.16,2.75
-0.04,0.04,0.94,0.0,0.04,-0.04,-2.47,2.53
-0.04,0.04,0.95,-0.01,0.02,-0.03,-2.58,2.59
-0.04,0.04,0.95,-0.04,0.03,-0.02,-2.58,2.51
-0.04,0.04,0.95,-0.03,0.02,-0.02,-2.27,2.5
-0.03,0.04,0.94,-0.05,0.01,-0.01,-1.71,2.72
-0.03,0.05,0.94,-0.04,0.01,-0.02,-1.53,2.77
-0.02,0.05,0.94,-0.04,0.02,-0.02,-1.18,2.87
-0.02,0.05,0.94,-0.03,0.03,-0.02,-1.21,3.11
-0.02,0.05,0.94,-0.03,0.03,-0.03,-1.23,2.88
-0.03,0.05,0.95,-0.01,0.02,-0.02,-1.57,2.97
-0.03,0.05,0.96,-0.03,0.04,-0.03,-1.79,3.01
-0.03,0.05,0.97,-0.04,0.03,-0.02,-1.95,2.95
-0.03,0.05,0.97,-0.03,0.01,-0.01,-1.92,2.91
-0.04,0.04,0.97,-0.03,0.01,-0.01,-2.29,2.63
-0.03,0.04,0.96,-0.02,-0.01,0.0,-1.83,2.45
-0.04,0.05,0.97,-0.02,0.01,0.0,-2.1,2.7
-0.03,0.04,0.97,-0.01,0.0,0.01,-2.02,2.51
-0.03,0.04,0.97,-0.01,-0.0,0.03,-1.55,2.62
-0.02,0.05,0.97,0.01,0.02,0.02,-1.25,2.8
-0.02,0.05,0.95,0.0,0.02,0.03,-1.07,3.2
-0.02,0.05,0.94,0.0,0.02,-0.0,-1.12,2.85
-0.01,0.05,0.93,0.02,-0.01,0.02,-0.58,2.85
-0.01,0.05,0.93,0.03,0.02,-0.0,-0.59,2.83
-0.01,0.04,0.92,0.03,0.03,-0.01,-0.89,2.49
-0.01,0.04,0.92,0.03,0.04,-0.01,-0.88,2.26
-0.02,0.03,0.92,0.03,0.04,-0.01,-1.27,2.02
-0.03,0.03,0.92,0.02,0.06,-0.03,-2.12,1.75
-0.03,0.03,0.92,0.0,0.06,-0.03,-2.05,1.75
-0.03,0.03,0.92,0.0,0.04,-0.02,-2.17,1.84
-0.04,0.03,0.94,-0.01,0.02,-0.03,-2.22,1.63
-0.04,0.03,0.93,-0.02,0.02,-0.03,-2.46,1.69
-0.04,0.03,0.93,-0.04,0.0,-0.02,-2.62,1.56
-0.03,0.03,0.94,-0.04,-0.03,-0.01,-2.05,1.9
-0.03,0.04,0.95,-0.03,-0.02,-0.01,-2.03,2.13
-0.04,0.04,0.95,-0.05,-0.02,-0.01,-2.3,2.13
-0.03,0.04,0.96,-0.06,-0.01,-0.01,-2.06,2.42
-0.04,0.04,0.97,-0.06,-0.02,0.0,-2.12,2.53
-0.03,0.05,0.97,-0.04,-0.01,-0.0,-1.85,3.07
-0.03,0.05,0.97,-0.03,-0.01,0.01,-1.69,3.12
-0.03,0.05,0.96,-0.03,0.01,0.01,-1.72,3.04
-0.02,0.06,0.95,-0.03,-0.01,0.02,-1.5,3.62
-0.03,0.05,0.95,-0.01,-0.02,0.02,-1.75,2.83
-0.03,0.05,0.95,-0.01,0.0,0.01,-1.61,2.96
-0.03,0.04,0.94,-0.01,0.0,0.01,-1.59,2.67
-0.03,0.05,0.94,-0.02,0.03,0.0,-1.68,2.84
-0.03,0.04,0.94,-0.0,0.01,-0.0,-1.87,2.54
-0.04,0.04,0.95,-0.02,0.02,-0.0,-2.39,2.69
-0.03,0.04,0.95,-0.01,0.02,0.0,-1.98,2.55
-0.03,0.05,0.95,-0.02,0.0,0.02,-1.96,2.89
-0.03,0.04,0.95,-0.01,-0.0,0.01,-1.93,2.58
-0.02,0.05,0.95,-0.03,-0.01,0.0,-1.44,3.16
-0.02,0.05,0.94,-0.02,-0.01,0.01,-1.2,3.13
-0.01,0.05,0.94,-0.02,0.0,0.0,-0.89,3.2
-0.02,0.04,0.94,-0.02,0.0,0.0,-1.3,2.68
-0.02,0.05,0.94,-0.01,-0.01,0.01,-1.41,2.76
-0.03,0.05,0.95,-0.02,0.02,-0.01,-1.61,2.83
-0.03,0.05,0.95,-0.03,0.01,0.0,-1.59,3.31
-0.03,0.05,0.95,-0.01,-0.0,0.01,-1.63,2.99
-0.03,0.05,0.95,-0.01,0.01,0.0,-1.58,2.8
-0.03,0.05,0.95,-0.01,0.02,-0.0,-1.56,2.89
-0.03,0.05,0.95,-0.02,0.01,0.01,-1.53,2.92
-0.02,0.05,0.94,-0.01,0.01,0.0,-1.32,3.08
-0.02,0.05,0.95,0.01,0.01,0.0,-1.16,2.84
-0.02,0.05,0.95,0.01,0.0,0.01,-1.41,2.82
-0.02,0.04,0.95,-0.0,0.01,-0.0,-1.35,2.6
-0.02,0.04,0.95,0.0,0.01,0.0,-1.33,2.61
-0.02,0.04,0.95,0.01,0.0,-0.01,-1.5,2.69
-0.03,0.04,0.96,-0.0,0.01,0.01,-1.63,2.52
-0.04,0.04,0.96,-0.03,0.02,0.0,-2.32,2.36
-0.02,0.04,0.96,-0.01,0.0,0.01,-1.41,2.21
-0.02,0.04,0.96,0.02,-0.01,0.02,-1.24,2.21
-0.02,0.04,0.95,0.02,-0.0,0.02,-1.37,2.56
-0.02,0.04,0.94,0.01,0.01,0.02,-1.05,2.24
-0.02,0.03,0.94,-0.0,0.02,0.02,-1.31,2.11
-0.01,0.04,0.93,0.01,0.02,0.02,-0.9,2.22
-0.02,0.03,0.93,0.01,0.02,0.02,-1.07,2.09
-0.02,0.03,0.92,-0.0,0.04,-0.0,-1.51,1.98
-0.01,0.04,0.93,0.01,0.01,0.0,-0.87,2.2
-0.02,0.04,0.92,0.01,0.01,0.0,-1.24,2.26
-0.02,0.04,0.91,0.02,0.0,-0.0,-1.05,2.26
-0.01,0.04,0.91,0.01,0.01,-0.01,-0.73,2.23
-0.02,0.04,0.91,-0.02,0.01,-0.02,-1.06,2.22
-0.02,0.04,0.91,-0.01,0.0,-0.03,-1.14,2.21
-0.02,0.04,0.92,-0.02,0.0,-0.04,-1.3,2.29
-0.03,0.04,0.92,-0.03,0.01,-0.03,-1.83,2.39
-0.03,0.04,0.93,-0.05,0.02,-0.03,-1.68,2.54
-0.03,0.04,0.95,-0.04,0.01,-0.04,-1.81,2.28
-0.03,0.04,0.96,-0.04,0.01,-0.04,-2.05,2.54
-0.03,0.04,0.97,-0.06,0.02,-0.04,-1.47,2.6
-0.02,0.05,0.99,-0.06,0.02,-0.02,-1.36,3.15
-0.02,0.05,1.0,-0.06,-0.0,-0.01,-0.99,3.14
-0.01,0.06,1.02,-0.05,-0.03,0.01,-0.58,3.59
0.01,0.07,1.02,-0.05,-0.03,0.01,0.31,3.87
0.01,0.07,1.02,-0.04,-0.06,0.03,0.36,4.12
0.02,0.08,1.01,-0.04,-0.08,0.03,0.97,4.33
0.02,0.08,1.01,-0.02,-0.1,0.03,1.22,4.79
0.03,0.09,1.01,-0.04,-0.12,0.02,1.55,5.05
0.03,0.1,1.02,-0.04,-0.13,0.03,1.85,5.63
0.04,0.11,1.03,-0.02,-0.16,0.03,2.42,6.01
0.05,0.12,1.05,-0.0,-0.19,0.04,2.73,6.7
0.06,0.14,1.07,0.03,-0.19,0.03,3.1,7.49
0.07,0.15,1.1,0.06,-0.18,0.03,3.76,7.93
0.09,0.18,1.13,0.11,-0.15,0.02,4.43,8.89
0.1,0.19,1.14,0.19,-0.13,0.03,5.01,9.22
0.11,0.18,1.13,0.25,-0.11,0.04,5.52,8.84
0.1,0.16,1.12,0.27,-0.06,0.02,5.12,8.28
0.08,0.15,1.11,0.31,-0.06,0.04,4.21,7.74
0.07,0.13,1.09,0.32,-0.06,0.04,3.42,6.94
0.06,0.13,1.07,0.3,-0.07,0.05,3.17,6.7
0.06,0.13,1.06,0.26,-0.11,0.07,3.09,6.74
0.06,0.13,1.06,0.23,-0.18,0.07,2.96,6.88
0.07,0.14,1.08,0.19,-0.25,0.1,3.43,7.08
0.1,0.15,1.12,0.16,-0.28,0.11,4.87,7.66
0.12,0.17,1.12,0.13,-0.32,0.13,5.9,8.4
0.13,0.18,1.14,0.12,-0.35,0.14,6.61,8.87
0.16,0.2,1.15,0.12,-0.38,0.17,7.7,9.76
0.18,0.21,1.16,0.11,-0.39,0.16,8.62,10.08
0.2,0.22,1.17,0.08,-0.41,0.16,9.48,10.71
0.22,0.24,1.2,0.11,-0.42,0.15,10.16,11.07
0.25,0.26,1.22,0.13,-0.44,0.15,11.26,11.98
0.26,0.25,1.21,0.14,-0.45,0.13,11.88,11.45
0.26,0.26,1.21,0.15,-0.46,0.12,12.08,11.91
0.28,0.26,1.21,0.18,-0.5,0.1,12.66,11.72
0.28,0.26,1.21,0.19,-0.54,0.08,12.65,11.59
0.28,0.25,1.23,0.22,-0.58,0.05,12.38,11.22
0.26,0.24,1.24,0.23,-0.62,0.03,11.75,10.77
0.25,0.23,1.25,0.25,-0.67,0.02,11.27,10.38
0.26,0.24,1.27,0.26,-0.74,0.01,11.42,10.41
0.25,0.23,1.27,0.26,-0.78,-0.0,11.1,9.94
0.24,0.21,1.27,0.31,-0.84,-0.01,10.41,9.45
0.22,0.19,1.26,0.31,-0.91,-0.02,9.77,8.29
0.19,0.17,1.25,0.31,-0.96,-0.02,8.68,7.83
0.17,0.17,1.24,0.32,-0.99,-0.03,7.64,7.69
0.15,0.16,1.24,0.31,-1.03,-0.03,6.73,7.11
0.14,0.15,1.25,0.29,-1.05,-0.04,6.18,6.61
0.14,0.15,1.27,0.27,-1.08,-0.03,6.17,6.64
0.14,0.16,1.3,0.25,-1.08,-0.03,6.09,6.8
0.14,0.14,1.31,0.26,-1.08,-0.02,5.88,6.27
0.13,0.13,1.33,0.27,-1.09,0.01,5.67,5.69
0.12,0.14,1.32,0.35,-1.0,-0.11,5.28,6.07
0.1,0.14,1.29,0.29,-1.18,0.04,4.53,5.98
0.09,0.13,1.28,0.26,-1.23,0.06,4.1,5.64
0.09,0.11,1.25,0.24,-1.3,0.04,3.95,5.05
0.09,0.11,1.26,0.22,-1.37,0.06,4.02,4.89
0.07,0.1,1.28,0.19,-1.4,0.05,3.34,4.29
0.07,0.09,1.31,0.17,-1.44,0.06,3.07,4.1
0.07,0.08,1.32,0.18,-1.49,0.08,3.18,3.66
0.08,0.09,1.33,0.18,-1.5,0.07,3.51,3.96
0.09,0.1,1.36,0.2,-1.52,0.08,3.8,4.17
0.1,0.1,1.37,0.24,-1.5,0.07,4.09,4.16
0.1,0.1,1.37,0.28,-1.52,0.07,4.2,4.19
0.09,0.1,1.38,0.34,-1.51,0.06,3.85,4.17
0.08,0.09,1.38,0.41,-1.52,0.06,3.44,3.91
0.07,0.07,1.36,0.45,-1.52,0.07,2.73,3.11
0.04,0.05,1.35,0.51,-1.53,0.06,1.83,1.97
0.01,0.03,1.33,0.53,-1.54,0.07,0.65,1.28
0.0,0.01,1.31,0.57,-1.55,0.07,0.02,0.58
-0.01,0.0,1.28,0.57,-1.56,0.07,-0.5,0.11
-0.02,-0.01,1.25,0.59,-1.58,0.08,-0.95,-0.53
-0.04,-0.03,1.23,0.59,-1.6,0.08,-1.96,-1.2
-0.06,-0.04,1.21,0.59,-1.63,0.09,-2.92,-1.81
-0.09,-0.05,1.19,0.56,-1.63,0.08,-4.24,-2.36
-0.12,-0.07,1.18,0.53,-1.66,0.1,-5.91,-3.4
-0.14,-0.09,1.16,0.5,-1.7,0.11,-6.97,-4.43
-0.16,-0.1,1.16,0.45,-1.72,0.12,-7.9,-4.88
-0.17,-0.1,1.15,0.41,-1.75,0.14,-8.52,-4.92
-0.18,-0.1,1.14,0.35,-1.79,0.17,-8.67,-4.75
-0.17,-0.09,1.13,0.32,-1.83,0.2,-8.56,-4.55
-0.17,-0.09,1.12,0.29,-1.87,0.21,-8.5,-4.7
-0.16,-0.09,1.12,0.25,-1.87,0.22,-8.06,-4.35
-0.16,-0.08,1.11,0.22,-1.88,0.24,-8.41,-3.98
-0.18,-0.09,1.09,0.21,-1.89,0.24,-9.09,-4.49
-0.17,-0.08,1.1,0.19,-1.89,0.25,-8.74,-4.34
-0.17,-0.09,1.1,0.17,-1.88,0.26,-8.72,-4.7
-0.18,-0.09,1.08,0.16,-1.89,0.26,-9.21,-4.9
-0.18,-0.09,1.08,0.15,-1.87,0.27,-9.36,-4.55
-0.19,-0.1,1.06,0.16,-1.86,0.28,-10.31,-5.11
-0.2,-0.11,1.06,0.14,-1.83,0.28,-10.71,-5.73
-0.21,-0.13,1.02,0.1,-1.81,0.3,-11.76,-6.88
-0.22,-0.14,1.0,0.06,-1.81,0.31,-12.11,-7.81
-0.22,-0.13,0.99,0.02,-1.82,0.34,-12.22,-7.06
-0.21,-0.13,0.97,-0.05,-1.81,0.35,-12.2,-7.4
-0.21,-0.12,0.96,-0.11,-1.81,0.36,-11.93,-7.0
-0.2,-0.11,0.95,-0.17,-1.84,0.38,-11.85,-6.65
-0.19,-0.09,0.96,-0.24,-1.84,0.38,-11.22,-5.37
-0.18,-0.08,0.99,-0.29,-1.86,0.37,-10.1,-4.67
-0.16,-0.08,1.02,-0.33,-1.85,0.37,-9.04,-4.29
-0.16,-0.07,1.05,-0.32,-1.87,0.37,-8.7,-3.6
-0.16,-0.06,1.07,-0.32,-1.91,0.37,-8.49,-3.09
-0.16,-0.06,1.09,-0.3,-1.91,0.37,-8.55,-2.85
-0.16,-0.05,1.1,-0.28,-1.89,0.36,-8.05,-2.49
-0.17,-0.06,1.11,-0.25,-1.89,0.37,-8.9,-3.18
-0.19,-0.08,1.1,-0.23,-1.89,0.38,-10.06,-4.36
-0.21,-0.09,1.09,-0.22,-1.86,0.39,-10.82,-4.71
-0.21,-0.08,1.09,-0.21,-1.85,0.39,-11.0,-4.0
-0.2,-0.07,1.1,-0.21,-1.81,0.4,-10.46,-3.72
-0.2,-0.08,1.11,-0.18,-1.81,0.41,-10.34,-4.05
-0.2,-0.07,1.12,-0.14,-1.76,0.41,-9.89,-3.72
-0.19,-0.06,1.12,-0.12,-1.7,0.4,-9.5,-3.07
-0.18,-0.05,1.12,-0.09,-1.69,0.41,-9.07,-2.73
-0.17,-0.05,1.12,-0.05,-1.65,0.4,-8.75,-2.53
-0.17,-0.05,1.11,-0.0,-1.64,0.38,-8.91,-2.37
-0.18,-0.04,1.1,0.03,-1.59,0.36,-9.07,-2.22
-0.18,-0.06,1.1,0.07,-1.57,0.35,-9.27,-2.86
-0.18,-0.08,1.09,0.11,-1.54,0.33,-9.51,-4.09
-0.19,-0.09,1.07,0.15,-1.53,0.35,-10.27,-4.75
-0.2,-0.1,1.04,0.15,-1.48,0.33,-11.1,-5.24
-0.2,-0.1,1.02,0.16,-1.46,0.34,-11.19,-5.4
-0.2,-0.11,1.0,0.18,-1.45,0.34,-11.39,-6.05
-0.2,-0.1,0.98,0.18,-1.44,0.35,-11.25,-5.86
-0.19,-0.1,0.97,0.16,-1.41,0.34,-11.12,-6.01
-0.19,-0.1,0.96,0.16,-1.41,0.34,-11.05,-5.93
-0.19,-0.09,0.94,0.16,-1.4,0.35,-11.46,-5.54
-0.19,-0.09,0.95,0.15,-1.39,0.34,-11.03,-5.25
-0.18,-0.09,0.94,0.14,-1.36,0.32,-10.73,-5.49
-0.18,-0.09,0.94,0.14,-1.3,0.32,-10.63,-5.54
-0.18,-0.1,0.94,0.14,-1.26,0.31,-10.58,-5.85
-0.18,-0.09,0.93,0.14,-1.23,0.32,-11.02,-5.14
-0.18,-0.08,0.93,0.13,-1.18,0.3,-11.04,-5.1
-0.2,-0.09,0.91,0.13,-1.13,0.31,-12.55,-5.75
-0.2,-0.09,0.91,0.13,-1.13,0.32,-12.13,-5.5
-0.2,-0.1,0.9,0.1,-1.11,0.34,-12.36,-6.28
-0.19,-0.1,0.88,0.1,-1.07,0.34,-11.98,-6.62
-0.18,-0.09,0.88,0.09,-1.08,0.35,-11.38,-5.97
-0.17,-0.08,0.85,0.05,-1.08,0.37,-11.52,-5.1
-0.15,-0.06,0.85,0.04,-1.08,0.37,-9.83,-4.17
-0.14,-0.06,0.84,0.01,-1.07,0.36,-9.12,-4.0
-0.12,-0.07,0.82,-0.02,-1.06,0.35,-8.47,-4.52
-0.11,-0.07,0.8,-0.04,-1.07,0.35,-7.88,-4.93
-0.1,-0.07,0.78,-0.08,-1.07,0.34,-7.33,-5.17
-0.09,-0.06,0.76,-0.13,-1.05,0.33,-6.88,-4.31
-0.08,-0.05,0.75,-0.19,-1.04,0.31,-5.9,-3.68
-0.06,-0.04,0.75,-0.25,-1.01,0.3,-4.65,-3.04
-0.04,-0.03,0.75,-0.29,-1.01,0.28,-3.07,-2.27
-0.02,-0.02,0.77,-0.33,-0.96,0.25,-1.53,-1.13
-0.0,0.01,0.79,-0.35,-0.92,0.21,-0.19,0.69
0.01,0.02,0.81,-0.35,-0.9,0.18,0.79,1.67
0.02,0.04,0.81,-0.33,-0.84,0.12,1.63,3.13
0.03,0.05,0.81,-0.3,-0.78,0.05,2.39,3.33
0.05,0.05,0.81,-0.3,-0.7,-0.01,3.38,3.45
0.04,0.05,0.78,-0.26,-0.66,-0.07,2.58,3.34
0.03,0.04,0.76,-0.24,-0.6,-0.13,1.92,3.34
-0.01,0.03,0.74,-0.23,-0.57,-0.18,-0.86,2.35
-0.05,0.01,0.71,-0.25,-0.57,-0.2,-4.13,0.53
-0.07,-0.02,0.67,-0.28,-0.61,-0.21,-6.01,-1.51
-0.11,-0.04,0.66,-0.33,-0.67,-0.19,-9.49,-3.68
-0.17,-0.05,0.66,-0.38,-0.78,-0.15,-14.14,-4.61
-0.2,-0.05,0.67,-0.44,-0.92,-0.08,-16.42,-4.38
-0.2,-0.04,0.69,-0.5,-1.07,0.02,-15.84,-3.11
-0.15,-0.0,0.73,-0.54,-1.23,0.09,-11.37,-0.23
-0.1,0.04,0.78,-0.54,-1.36,0.13,-6.97,3.15
-0.04,0.08,0.82,-0.52,-1.43,0.14,-3.09,5.34
-0.01,0.1,0.85,-0.46,-1.47,0.14,-0.57,6.65
0.0,0.11,0.87,-0.4,-1.46,0.1,0.13,7.21
0.04,0.12,0.87,-0.34,-1.42,0.06,2.89,7.78
0.05,0.13,0.89,-0.25,-1.38,0.0,2.98,8.17
0.04,0.12,0.88,-0.18,-1.31,-0.04,2.41,7.71
0.02,0.1,0.86,-0.07,-1.24,-0.09,1.13,6.81
0.0,0.09,0.84,0.01,-1.21,-0.11,0.22,6.23
-0.01,0.07,0.8,0.09,-1.13,-0.13,-0.7,4.68
-0.02,0.05,0.76,0.16,-1.08,-0.13,-1.69,3.86
-0.02,0.05,0.72,0.19,-1.03,-0.13,-1.58,3.86
-0.02,0.07,0.69,0.24,-1.0,-0.12,-1.39,5.96
-0.01,0.08,0.67,0.27,-0.93,-0.12,-1.22,6.7
-0.01,0.09,0.65,0.29,-0.88,-0.12,-0.95,7.44
-0.01,0.09,0.64,0.3,-0.8,-0.12,-0.96,7.65
-0.02,0.09,0.63,0.32,-0.75,-0.12,-1.53,7.88
-0.02,0.1,0.61,0.33,-0.67,-0.12,-1.59,8.95
-0.02,0.11,0.58,0.33,-0.63,-0.11,-2.16,10.78
-0.04,0.11,0.57,0.31,-0.6,-0.11,-4.05,10.73
-0.03,0.1,0.55,0.3,-0.6,-0.08,-3.45,10.56
-0.04,0.12,0.54,0.27,-0.59,-0.06,-3.79,12.52
-0.05,0.12,0.54,0.22,-0.58,-0.03,-4.81,12.33
-0.04,0.12,0.55,0.21,-0.6,-0.01,-4.34,12.23
-0.04,0.12,0.57,0.17,-0.62,0.02,-4.16,12.09
-0.04,0.14,0.59,0.14,-0.64,0.05,-3.36,13.62
-0.01,0.15,0.6,0.11,-0.63,0.06,-1.27,13.67
-0.0,0.15,0.61,0.11,-0.62,0.07,-0.04,13.77
0.01,0.14,0.63,0.11,-0.62,0.07,0.46,12.62
0.0,0.14,0.64,0.1,-0.59,0.07,0.15,12.36
0.0,0.13,0.66,0.09,-0.52,0.06,0.04,11.09
-0.0,0.13,0.67,0.12,-0.47,0.08,-0.15,11.3
0.0,0.11,0.67,0.13,-0.42,0.07,0.12,9.33
0.01,0.11,0.67,0.13,-0.38,0.08,1.11,9.65
0.0,0.12,0.67,0.13,-0.34,0.08,0.35,10.31
-0.0,0.12,0.68,0.11,-0.29,0.07,-0.27,9.99
-0.0,0.12,0.69,0.11,-0.27,0.09,-0.24,9.54
0.01,0.12,0.69,0.1,-0.25,0.1,0.76,9.94
0.01,0.13,0.71,0.07,-0.19,0.09,0.97,10.08
0.0,0.13,0.72,0.06,-0.17,0.09,0.13,9.95
-0.02,0.12,0.73,0.04,-0.16,0.09,-1.37,9.27
-0.01,0.12,0.76,0.03,-0.17,0.1,-0.73,9.08
-0.01,0.12,0.79,0.01,-0.15,0.1,-0.5,8.77
-0.0,0.13,0.81,0.01,-0.19,0.11,-0.32,9.11
0.0,0.14,0.83,-0.01,-0.18,0.1,0.28,9.35
0.02,0.14,0.87,0.01,-0.21,0.1,1.44,9.23
0.03,0.15,0.89,0.02,-0.19,0.08,2.03,9.28
0.06,0.15,0.91,0.04,-0.21,0.05,3.78,9.57
0.07,0.15,0.93,0.08,-0.23,0.03,4.17,9.21
0.06,0.14,0.91,0.12,-0.24,-0.01,3.85,8.71
0.05,0.13,0.89,0.13,-0.23,-0.05,3.37,8.25
0.05,0.12,0.87,0.13,-0.22,-0.07,3.49,7.83
0.05,0.11,0.85,0.13,-0.24,-0.08,3.47,7.37
0.07,0.13,0.85,0.12,-0.27,-0.09,4.73,8.41
0.12,0.16,0.87,0.1,-0.29,-0.13,7.6,10.43
0.15,0.18,0.91,0.09,-0.3,-0.19,9.02,10.93
0.15,0.17,0.93,0.1,-0.35,-0.25,9.0,10.29
0.13,0.16,0.92,0.11,-0.4,-0.31,8.22,9.99
0.12,0.15,0.89,0.11,-0.43,-0.36,7.68,9.64
0.09,0.12,0.87,0.1,-0.44,-0.38,5.69,7.58
0.08,0.1,0.85,0.09,-0.5,-0.39,5.04,6.45
0.06,0.1,0.84,0.07,-0.54,-0.38,4.22,6.52
0.04,0.09,0.81,0.03,-0.53,-0.39,2.87,6.3
0.03,0.08,0.81,0.01,-0.55,-0.38,2.17,5.83
0.01,0.07,0.81,-0.03,-0.54,-0.37,0.93,4.89
-0.0,0.07,0.81,-0.05,-0.52,-0.34,-0.27,5.1
-0.02,0.08,0.81,-0.08,-0.51,-0.33,-1.09,5.75
-0.04,0.07,0.82,-0.12,-0.46,-0.3,-2.74,5.12
-0.06,0.06,0.85,-0.12,-0.42,-0.26,-4.27,3.73
-0.07,0.06,0.89,-0.1,-0.36,-0.22,-4.3,3.9
-0.06,0.06,0.88,-0.09,-0.28,-0.2,-3.91,3.7
-0.06,0.07,0.87,-0.09,-0.18,-0.18,-3.67,4.48
-0.06,0.07,0.89,-0.09,-0.08,-0.16,-3.77,4.22
-0.05,0.07,0.9,-0.08,-0.01,-0.13,-3.47,4.51
-0.04,0.07,0.91,-0.08,0.09,-0.12,-2.79,4.1
-0.04,0.07,0.92,-0.09,0.18,-0.1,-2.4,4.08
-0.03,0.07,0.92,-0.08,0.21,-0.08,-2.08,4.09
-0.03,0.08,0.92,-0.09,0.23,-0.07,-1.87,4.69
-0.01,0.07,0.93,-0.12,0.24,-0.06,-0.82,4.46
-0.01,0.07,0.95,-0.15,0.23,-0.05,-0.47,4.35
0.01,0.08,0.97,-0.19,0.19,-0.03,0.69,4.52
0.01,0.09,0.98,-0.2,0.15,-0.03,0.58,5.03
0.01,0.09,1.01,-0.21,0.1,-0.04,0.32,4.84
0.01,0.09,1.02,-0.23,0.07,-0.03,0.62,4.88
0.01,0.09,1.03,-0.23,0.03,-0.03,0.7,4.9
0.01,0.09,1.03,-0.26,0.02,-0.06,0.47,4.93
0.02,0.08,1.02,-0.26,-0.0,-0.08,0.9,4.52
0.01,0.08,1.02,-0.29,0.0,-0.1,0.28,4.25
-0.0,0.07,1.01,-0.31,0.0,-0.11,-0.16,3.95
-0.03,0.06,1.0,-0.33,-0.03,-0.11,-1.48,3.41
-0.04,0.06,1.0,-0.35,-0.06,-0.11,-2.27,3.16
-0.05,0.05,1.01,-0.39,-0.06,-0.12,-2.85,3.06
-0.06,0.05,1.03,-0.44,-0.07,-0.11,-3.34,2.81
-0.06,0.05,1.05,-0.44,-0.1,-0.1,-3.32,2.8
-0.07,0.04,1.07,-0.44,-0.12,-0.09,-3.62,2.27
-0.07,0.03,1.09,-0.44,-0.12,-0.1,-3.8,1.72
-0.08,0.03,1.09,-0.43,-0.13,-0.09,-4.31,1.66
-0.09,0.03,1.1,-0.43,-0.14,-0.08,-4.43,1.34
-0.1,0.03,1.11,-0.4,-0.14,-0.07,-5.04,1.29
-0.11,0.02,1.12,-0.38,-0.11,-0.08,-5.74,0.93
-0.12,0.01,1.14,-0.36,-0.08,-0.06,-6.21,0.3
-0.13,0.0,1.14,-0.32,-0.05,-0.04,-6.64,0.06
-0.14,-0.0,1.17,-0.25,-0.04,-0.03,-6.89,-0.02
-0.14,0.0,1.16,-0.21,0.0,-0.01,-6.74,0.1
-0.13,0.0,1.16,-0.16,0.02,0.0,-6.46,0.17
-0.13,0.01,1.15,-0.12,0.07,0.02,-6.2,0.37
-0.12,0.01,1.14,-0.06,0.09,0.03,-6.24,0.29
-0.12,0.01,1.12,-0.03,0.12,0.03,-6.09,0.62
-0.11,0.02,1.1,-0.01,0.15,0.05,-5.48,1.17
-0.09,0.02,1.09,-0.0,0.16,0.06,-4.81,1.21
-0.08,0.03,1.07,0.01,0.14,0.06,-4.37,1.51
-0.07,0.04,1.05,0.01,0.13,0.07,-3.7,1.94
-0.06,0.03,1.05,-0.01,0.12,0.07,-3.06,1.87
-0.05,0.04,1.04,-0.02,0.08,0.07,-2.5,2.13
-0.04,0.04,1.04,-0.05,0.07,0.07,-2.27,2.11
-0.04,0.03,1.04,-0.05,0.02,0.07,-2.46,1.86
-0.05,0.03,1.04,-0.08,0.01,0.07,-2.55,1.78
-0.05,0.03,1.04,-0.09,-0.02,0.07,-2.75,1.38
-0.05,0.02,1.04,-0.08,-0.05,0.08,-2.9,1.1
-0.05,0.02,1.06,-0.1,-0.06,0.08,-2.84,1.25
-0.06,0.03,1.04,-0.11,-0.05,0.07,-3.06,1.45
-0.05,0.03,1.04,-0.1,-0.08,0.09,-2.71,1.45
-0.05,0.02,1.03,-0.11,-0.09,0.09,-2.88,1.01
-0.06,0.03,1.04,-0.1,-0.1,0.08,-3.42,1.87
-0.07,0.03,1.06,-0.09,-0.09,0.09,-3.67,1.69
-0.07,0.02,1.06,-0.09,-0.06,0.09,-3.55,1.23
-0.07,0.03,1.07,-0.06,-0.07,0.1,-3.92,1.82
-0.07,0.03,1.05,-0.02,-0.06,0.12,-3.81,1.84
-0.06,0.03,1.05,-0.01,-0.01,0.11,-3.43,1.65
-0.05,0.03,1.05,0.02,0.01,0.13,-2.86,1.59
-0.04,0.03,1.04,0.04,0.01,0.13,-2.45,1.72
-0.03,0.03,1.03,0.06,0.03,0.13,-1.95,1.76
-0.03,0.03,1.0,0.09,0.07,0.12,-1.87,1.96
-0.04,0.04,0.99,0.08,0.09,0.13,-2.16,2.11
-0.03,0.05,0.98,0.07,0.11,0.14,-1.82,2.97
-0.02,0.06,0.97,0.1,0.08,0.16,-1.39,3.57
-0.01,0.06,0.98,0.08,0.11,0.14,-0.76,3.42
-0.01,0.06,0.98,0.07,0.1,0.15,-0.4,3.55
0.0,0.06,0.97,0.07,0.08,0.14,0.02,3.72
0.01,0.06,0.97,0.07,0.06,0.14,0.64,3.55
0.02,0.06,0.96,0.08,0.07,0.12,1.27,3.68
0.02,0.06,0.96,0.05,0.08,0.12,1.2,3.53
0.03,0.06,0.95,0.05,0.07,0.12,1.54,3.44
0.02,0.05,0.95,0.05,0.06,0.12,1.44,3.26
0.02,0.05,0.95,0.04,0.05,0.1,1.38,3.3
0.03,0.06,0.94,0.03,0.07,0.09,1.81,3.44
0.03,0.05,0.92,0.01,0.07,0.08,1.6,3.26
0.02,0.05,0.93,0.0,0.07,0.07,1.26,2.92
0.02,0.05,0.93,-0.01,0.08,0.07,1.17,3.26
0.01,0.06,0.93,-0.02,0.12,0.07,0.8,3.54
0.01,0.06,0.94,-0.03,0.11,0.07,0.8,3.55
0.01,0.06,0.94,-0.03,0.1,0.07,0.69,3.5
0.02,0.06,0.95,-0.01,0.13,0.06,0.92,3.46
0.02,0.06,0.95,0.0,0.12,0.07,1.33,3.74
0.03,0.06,0.95,-0.0,0.13,0.06,1.6,3.9
0.02,0.07,0.95,0.01,0.14,0.05,1.45,4.21
0.03,0.07,0.94,0.01,0.15,0.04,1.63,3.97
0.02,0.07,0.94,-0.01,0.18,0.03,0.97,4.01
0.0,0.06,0.94,0.01,0.17,0.04,0.3,3.84
-0.01,0.05,0.93,0.02,0.16,0.04,-0.44,3.32
-0.01,0.05,0.94,0.03,0.16,0.03,-0.46,3.15
-0.01,0.05,0.94,0.03,0.16,0.03,-0.72,3.19
-0.0,0.05,0.94,0.03,0.17,0.03,-0.08,3.22
-0.02,0.05,0.95,0.02,0.18,0.03,-0.92,3.08
-0.02,0.06,0.95,0.05,0.2,0.04,-1.1,3.56
-0.02,0.06,0.95,0.07,0.22,0.03,-1.17,3.71
-0.03,0.06,0.94,0.08,0.22,0.04,-1.61,3.68
-0.03,0.06,0.94,0.11,0.24,0.04,-1.75,3.35
-0.03,0.05,0.93,0.14,0.25,0.03,-1.56,3.06
-0.02,0.05,0.92,0.15,0.27,0.03,-1.33,2.9
-0.01,0.05,0.91,0.15,0.29,0.05,-0.91,3.46
0.0,0.06,0.9,0.17,0.29,0.04,0.2,3.82
0.0,0.06,0.9,0.2,0.3,0.04,0.1,4.07
-0.0,0.07,0.9,0.2,0.33,0.03,-0.11,4.2
0.0,0.07,0.88,0.2,0.34,0.02,0.24,4.37
-0.0,0.07,0.86,0.2,0.37,0.01,-0.02,4.39
-0.01,0.07,0.85,0.21,0.37,0.01,-0.86,4.38
-0.01,0.06,0.85,0.22,0.39,0.0,-0.99,4.04
-0.02,0.07,0.86,0.2,0.41,0.02,-1.55,4.35
-0.03,0.07,0.87,0.21,0.41,0.02,-2.2,4.45
-0.03,0.07,0.86,0.23,0.42,0.03,-1.74,4.4
-0.03,0.06,0.85,0.23,0.46,0.03,-1.91,4.27
-0.02,0.07,0.85,0.24,0.47,0.04,-1.42,4.45
-0.01,0.07,0.85,0.25,0.47,0.05,-0.9,4.93
-0.01,0.08,0.85,0.25,0.51,0.04,-0.66,5.44
-0.01,0.08,0.84,0.25,0.52,0.04,-0.56,5.64
-0.01,0.08,0.84,0.26,0.55,0.05,-0.46,5.61
-0.0,0.08,0.83,0.28,0.55,0.04,-0.07,5.61
0.01,0.09,0.82,0.28,0.55,0.05,0.49,6.17
0.01,0.1,0.81,0.28,0.57,0.04,0.61,7.11
0.01,0.1,0.81,0.27,0.59,0.03,0.91,7.23
0.01,0.1,0.81,0.28,0.59,0.03,0.82,6.98
0.02,0.1,0.8,0.29,0.58,0.02,1.22,7.3
0.04,0.1,0.77,0.28,0.61,0.01,2.58,7.66
0.05,0.11,0.76,0.27,0.6,-0.01,4.0,8.49
0.07,0.12,0.73,0.22,0.62,-0.03,5.21,9.34
0.08,0.12,0.71,0.2,0.62,-0.05,6.02,9.51
0.09,0.11,0.68,0.13,0.64,-0.09,7.47,9.21
0.09,0.11,0.66,0.04,0.65,-0.11,7.7,9.0
0.08,0.09,0.65,-0.06,0.66,-0.14,7.22,8.04
0.05,0.08,0.64,-0.17,0.61,-0.15,4.73,7.09
0.04,0.07,0.66,-0.29,0.55,-0.15,3.05,5.85
0.03,0.06,0.71,-0.41,0.54,-0.15,2.2,4.53
0.02,0.05,0.76,-0.48,0.5,-0.14,1.65,4.15
0.02,0.06,0.81,-0.57,0.46,-0.13,1.23,4.39
0.01,0.06,0.86,-0.61,0.41,-0.13,0.88,3.92
0.01,0.07,0.91,-0.65,0.39,-0.13,0.54,4.38
0.01,0.07,0.95,-0.68,0.38,-0.13,0.32,4.41
-0.0,0.07,0.98,-0.65,0.36,-0.14,-0.11,4.26
-0.01,0.07,1.02,-0.63,0.36,-0.15,-0.75,4.09
-0.03,0.07,1.03,-0.6,0.4,-0.15,-1.49,3.98
-0.05,0.07,1.05,-0.56,0.42,-0.15,-2.57,3.55
-0.06,0.06,1.06,-0.5,0.43,-0.15,-3.38,3.34
-0.08,0.06,1.07,-0.45,0.47,-0.14,-4.05,3.12
-0.09,0.05,1.06,-0.37,0.48,-0.13,-4.8,2.62
-0.09,0.03,1.05,-0.31,0.52,-0.12,-4.7,1.82
-0.1,0.03,1.03,-0.25,0.54,-0.11,-5.27,1.81
-0.09,0.04,1.01,-0.2,0.56,-0.08,-5.15,2.39
-0.08,0.05,1.0,-0.18,0.62,-0.08,-4.77,2.64
-0.08,0.04,1.0,-0.14,0.65,-0.08,-4.52,2.4
-0.07,0.04,0.99,-0.13,0.69,-0.08,-4.06,2.26
-0.08,0.05,0.98,-0.09,0.68,-0.07,-4.41,2.65
-0.08,0.03,0.96,-0.04,0.75,-0.08,-4.54,2.07
-0.07,0.04,0.96,-0.0,0.77,-0.08,-4.4,2.24
-0.07,0.03,0.93,0.0,0.8,-0.07,-4.36,2.03
-0.08,0.03,0.93,0.02,0.81,-0.07,-4.75,1.93
-0.08,0.04,0.91,0.03,0.87,-0.08,-4.89,2.33
-0.08,0.03,0.88,0.04,0.89,-0.08,-4.94,1.98
-0.09,0.02,0.85,0.04,0.89,-0.07,-6.04,1.18
-0.09,0.03,0.84,0.03,0.9,-0.07,-6.0,1.78
-0.08,0.04,0.82,0.0,0.93,-0.07,-5.78,2.75
-0.09,0.03,0.82,-0.02,0.91,-0.07,-6.27,2.29
-0.1,0.03,0.82,-0.04,0.89,-0.05,-7.13,1.89
-0.09,0.02,0.81,-0.08,0.88,-0.04,-6.49,1.67
-0.09,0.03,0.82,-0.11,0.86,-0.03,-6.41,2.14
-0.08,0.04,0.82,-0.15,0.84,-0.02,-5.55,2.47
-0.08,0.03,0.82,-0.17,0.82,-0.02,-5.5,2.25
-0.08,0.03,0.84,-0.2,0.8,-0.03,-5.33,2.23
-0.09,0.02,0.84,-0.23,0.79,-0.02,-5.97,1.54
-0.09,0.01,0.85,-0.26,0.8,-0.02,-5.87,0.9
-0.09,0.01,0.85,-0.28,0.78,-0.01,-5.95,0.58
-0.08,0.01,0.86,-0.29,0.78,-0.01,-5.63,0.42
-0.09,0.0,0.88,-0.31,0.8,-0.01,-5.96,0.3
-0.09,0.01,0.91,-0.33,0.79,0.01,-5.77,0.38
-0.09,0.01,0.95,-0.33,0.79,0.01,-5.64,0.62
-0.09,0.02,0.97,-0.31,0.82,0.02,-5.22,1.01
-0.08,0.03,0.99,-0.28,0.84,0.02,-4.72,1.58
-0.08,0.04,1.0,-0.24,0.89,0.02,-4.31,2.27
-0.07,0.05,1.01,-0.2,0.91,0.03,-3.97,2.87
-0.08,0.05,1.01,-0.11,0.95,0.01,-4.31,3.08
-0.07,0.05,1.0,-0.05,0.99,-0.0,-4.16,2.78
-0.07,0.04,0.97,0.01,1.04,-0.02,-4.16,2.26
-0.07,0.03,0.92,0.02,1.09,-0.01,-4.6,1.68
-0.08,0.02,0.89,0.02,1.12,-0.0,-5.35,1.2
-0.09,0.01,0.86,0.01,1.11,0.01,-5.84,0.48
-0.09,-0.0,0.85,-0.03,1.11,0.01,-5.99,-0.29
-0.08,-0.02,0.83,-0.09,1.08,0.04,-5.63,-1.44
-0.07,-0.02,0.83,-0.13,1.05,0.03,-4.99,-1.26
-0.07,-0.01,0.83,-0.2,1.0,0.05,-4.96,-0.66
-0.06,-0.0,0.86,-0.27,0.97,0.05,-3.72,-0.01
-0.05,0.01,0.9,-0.33,0.92,0.05,-2.93,0.92
-0.03,0.03,0.96,-0.34,0.87,0.05,-1.62,1.55
-0.01,0.03,1.0,-0.31,0.82,0.04,-0.42,1.91
-0.01,0.04,1.04,-0.29,0.82,0.02,-0.46,1.94
-0.01,0.03,1.05,-0.24,0.82,0.01,-0.7,1.79
-0.03,0.03,1.04,-0.2,0.84,-0.02,-1.46,1.55
-0.05,0.03,1.04,-0.13,0.87,-0.03,-2.5,1.39
-0.06,0.03,1.05,-0.08,0.92,-0.05,-3.01,1.6
-0.06,0.03,1.05,-0.01,0.96,-0.05,-3.19,1.53
-0.07,0.01,1.04,0.06,1.0,-0.05,-3.85,0.61
-0.09,0.0,1.01,0.13,1.04,-0.05,-4.99,0.07
-0.1,-0.02,0.96,0.16,1.1,-0.05,-5.89,-1.1
-0.1,-0.04,0.91,0.16,1.14,-0.03,-6.46,-2.51
-0.1,-0.05,0.87,0.15,1.15,-0.01,-6.52,-3.06
-0.1,-0.05,0.85,0.09,1.17,0.0,-6.47,-3.16
-0.07,-0.04,0.85,0.01,1.16,0.01,-4.84,-2.96
-0.04,-0.03,0.87,-0.06,1.13,0.03,-2.76,-1.73
-0.02,-0.01,0.88,-0.12,1.08,0.04,-1.03,-0.7
0.02,0.02,0.92,-0.15,1.02,0.02,1.16,1.04
0.04,0.03,0.94,-0.19,0.99,-0.01,2.56,1.93
0.05,0.05,0.96,-0.21,0.94,-0.03,2.79,2.79
0.05,0.05,0.98,-0.22,0.91,-0.06,2.64,2.78
0.03,0.04,0.98,-0.2,0.85,-0.09,1.62,2.39
0.02,0.04,0.98,-0.21,0.84,-0.1,1.04,2.1
-0.0,0.03,0.98,-0.2,0.79,-0.11,-0.1,1.95
-0.01,0.03,0.98,-0.19,0.76,-0.12,-0.55,1.99
-0.02,0.02,0.98,-0.19,0.72,-0.12,-1.41,1.39
-0.03,0.02,0.98,-0.19,0.7,-0.13,-1.93,1.1
-0.05,0.01,0.98,-0.21,0.71,-0.14,-2.71,0.81
-0.05,0.01,0.99,-0.21,0.72,-0.13,-2.76,0.74
-0.05,0.02,1.0,-0.19,0.73,-0.14,-2.92,1.35
-0.06,0.03,1.02,-0.17,0.76,-0.12,-3.17,1.7
-0.06,0.04,1.02,-0.16,0.82,-0.13,-3.27,2.17
-0.06,0.03,1.03,-0.13,0.83,-0.12,-3.56,1.9
-0.06,0.03,1.03,-0.12,0.86,-0.13,-3.45,1.56
-0.06,0.02,1.02,-0.08,0.87,-0.13,-3.08,0.85
-0.05,0.01,1.01,-0.1,0.91,-0.13,-2.59,0.46
-0.04,0.0,0.99,-0.1,0.93,-0.13,-2.32,0.13
-0.04,-0.01,0.98,-0.11,0.92,-0.13,-2.41,-0.43
-0.05,-0.02,0.96,-0.14,0.91,-0.12,-2.78,-1.35
-0.04,-0.03,0.96,-0.19,0.92,-0.12,-2.55,-1.88
-0.04,-0.03,0.96,-0.25,0.88,-0.11,-2.46,-1.87
-0.05,-0.02,0.95,-0.3,0.84,-0.11,-2.78,-1.11
-0.03,-0.01,0.95,-0.34,0.81,-0.11,-2.07,-0.42
-0.03,0.01,0.96,-0.38,0.76,-0.11,-1.71,0.49
-0.03,0.02,0.99,-0.44,0.75,-0.12,-1.53,1.1
-0.03,0.02,1.0,-0.44,0.71,-0.13,-1.61,1.0
-0.04,0.02,1.02,-0.47,0.67,-0.13,-2.27,1.17
-0.05,0.02,1.04,-0.49,0.67,-0.14,-2.95,1.12
-0.05,0.03,1.05,-0.5,0.63,-0.14,-2.92,1.62
-0.06,0.03,1.08,-0.48,0.61,-0.13,-2.93,1.38
-0.06,0.03,1.1,-0.47,0.59,-0.13,-2.89,1.3
-0.06,0.03,1.13,-0.47,0.59,-0.13,-3.1,1.72
-0.06,0.05,1.14,-0.43,0.59,-0.13,-2.82,2.37
-0.05,0.05,1.15,-0.4,0.6,-0.12,-2.61,2.56
-0.05,0.04,1.16,-0.35,0.58,-0.11,-2.45,2.19
-0.04,0.04,1.16,-0.31,0.62,-0.13,-2.05,2.09
-0.05,0.05,1.15,-0.26,0.63,-0.13,-2.66,2.55
-0.06,0.04,1.13,-0.22,0.65,-0.13,-3.24,1.89
-0.06,0.03,1.13,-0.19,0.66,-0.13,-3.04,1.66
-0.08,0.02,1.11,-0.17,0.69,-0.12,-4.04,1.07
-0.07,0.02,1.11,-0.15,0.71,-0.11,-3.71,0.96
-0.08,0.02,1.09,-0.15,0.72,-0.1,-4.29,1.16
-0.08,0.03,1.09,-0.14,0.72,-0.08,-4.02,1.32
-0.07,0.04,1.1,-0.13,0.73,-0.08,-3.57,2.27
-0.07,0.06,1.09,-0.13,0.75,-0.08,-3.52,2.97
-0.05,0.06,1.1,-0.11,0.75,-0.08,-2.78,3.27
-0.05,0.06,1.1,-0.08,0.75,-0.08,-2.78,3.21
-0.05,0.05,1.1,-0.07,0.77,-0.08,-2.51,2.76
-0.04,0.06,1.1,-0.05,0.77,-0.08,-2.12,3.01
-0.04,0.06,1.11,-0.04,0.75,-0.08,-2.1,3.08
-0.04,0.06,1.12,-0.01,0.71,-0.08,-2.14,3.19
-0.04,0.05,1.11,0.01,0.7,-0.09,-2.29,2.37
-0.05,0.04,1.09,0.01,0.68,-0.08,-2.53,2.19
-0.04,0.05,1.08,0.03,0.64,-0.08,-2.31,2.68
-0.04,0.06,1.07,0.03,0.62,-0.08,-2.29,3.33
-0.04,0.07,1.06,0.04,0.6,-0.08,-2.21,3.78
-0.05,0.08,1.06,0.04,0.59,-0.09,-2.51,4.33
-0.05,0.09,1.06,0.05,0.57,-0.09,-2.64,4.58
-0.04,0.09,1.06,0.08,0.57,-0.1,-2.41,5.1
-0.05,0.1,1.05,0.12,0.56,-0.11,-2.66,5.24
-0.07,0.09,1.04,0.12,0.59,-0.13,-3.67,4.98
-0.08,0.08,1.03,0.15,0.6,-0.13,-4.42,4.23
-0.09,0.06,1.02,0.17,0.6,-0.12,-5.05,3.24
-0.09,0.05,1.01,0.15,0.63,-0.11,-4.82,2.84
-0.11,0.03,1.01,0.16,0.66,-0.1,-6.16,1.77
-0.11,0.03,0.99,0.13,0.66,-0.08,-6.33,1.75
-0.11,0.03,1.0,0.11,0.66,-0.07,-6.03,1.57
-0.1,0.02,1.0,0.09,0.66,-0.07,-5.66,1.32
-0.09,0.02,1.0,0.08,0.64,-0.06,-5.38,1.06
-0.09,0.01,1.0,0.05,0.64,-0.04,-5.16,0.48
-0.08,0.02,1.0,0.03,0.62,-0.03,-4.76,1.15
-0.08,0.03,1.0,0.01,0.61,-0.02,-4.48,1.52
-0.08,0.04,1.0,-0.01,0.62,-0.02,-4.46,2.11
-0.07,0.04,1.01,-0.01,0.58,-0.03,-4.22,2.19
-0.07,0.04,1.02,-0.0,0.58,-0.02,-3.82,2.32
-0.07,0.04,1.02,-0.0,0.58,-0.02,-3.83,2.07
-0.07,0.04,1.03,0.0,0.6,-0.01,-3.77,2.21
-0.07,0.05,1.02,-0.01,0.62,-0.01,-3.64,2.93
-0.06,0.06,1.02,0.0,0.62,-0.0,-3.46,3.25
-0.06,0.06,1.03,0.02,0.61,0.0,-3.44,3.18
-0.06,0.06,1.03,0.03,0.64,-0.01,-3.31,3.27
-0.05,0.06,1.02,0.04,0.64,0.0,-2.73,3.38
-0.06,0.05,1.03,0.04,0.64,-0.0,-3.09,2.85
-0.06,0.05,1.03,0.05,0.64,-0.0,-3.1,2.9
-0.05,0.05,1.03,0.04,0.64,-0.0,-2.93,2.98
-0.05,0.06,1.04,0.04,0.65,-0.01,-2.89,3.02
-0.05,0.06,1.04,0.07,0.63,0.0,-2.96,3.12
-0.04,0.06,1.05,0.08,0.63,-0.01,-2.34,3.17
-0.04,0.07,1.04,0.09,0.65,-0.01,-2.1,3.84
-0.03,0.08,1.05,0.1,0.67,-0.02,-1.88,4.22
-0.03,0.07,1.03,0.12,0.67,-0.02,-1.94,4.11
-0.05,0.07,1.02,0.16,0.67,-0.04,-2.6,3.82
-0.05,0.07,1.01,0.18,0.69,-0.04,-2.89,3.8
-0.06,0.06,1.01,0.2,0.69,-0.05,-3.26,3.29
-0.09,0.04,1.01,0.19,0.73,-0.05,-5.3,2.13
-0.1,0.01,1.0,0.19,0.73,-0.04,-5.91,0.81
-0.12,0.0,1.0,0.18,0.75,-0.03,-6.62,0.05
-0.11,0.01,0.99,0.15,0.77,-0.01,-6.18,0.47
-0.1,0.02,0.99,0.13,0.77,0.01,-5.59,1.23
-0.09,0.02,0.99,0.11,0.76,0.02,-5.01,1.35
-0.08,0.02,1.0,0.09,0.76,0.03,-4.56,1.36
-0.07,0.03,1.01,0.07,0.79,0.03,-3.71,1.92
-0.06,0.04,1.01,0.06,0.79,0.03,-3.67,2.36
-0.06,0.05,1.01,0.05,0.78,0.04,-3.13,3.04
-0.06,0.05,1.01,0.09,0.76,0.02,-3.14,3.1
-0.05,0.05,1.02,0.09,0.76,0.01,-3.02,3.0
-0.06,0.05,1.01,0.08,0.78,0.02,-3.56,2.91
-0.07,0.04,1.01,0.1,0.77,0.02,-3.93,2.14
-0.07,0.03,1.01,0.09,0.77,0.03,-4.07,1.52
-0.11,0.0,1.01,0.06,0.81,0.03,-5.96,0.17
-0.11,-0.0,1.0,0.03,0.8,0.07,-6.26,-0.27
-0.1,-0.01,0.99,-0.01,0.79,0.09,-5.84,-0.44
-0.09,-0.0,1.0,-0.03,0.78,0.12,-5.34,-0.19
-0.08,0.0,1.0,-0.07,0.76,0.14,-4.81,0.16
-0.07,0.0,0.99,-0.13,0.77,0.15,-4.09,0.24
-0.05,0.01,0.99,-0.18,0.75,0.17,-2.98,0.75
-0.04,0.03,0.99,-0.22,0.73,0.18,-2.26,1.53
-0.03,0.04,0.99,-0.25,0.73,0.18,-1.64,2.48
-0.01,0.06,1.01,-0.3,0.74,0.18,-0.53,3.58
0.01,0.07,1.02,-0.3,0.72,0.16,0.4,4.1
0.02,0.1,1.03,-0.31,0.69,0.16,1.38,5.46
0.04,0.12,1.05,-0.3,0.68,0.15,1.94,6.55
0.04,0.13,1.06,-0.29,0.67,0.14,2.2,7.06
0.03,0.14,1.07,-0.25,0.64,0.12,1.84,7.6
0.03,0.14,1.09,-0.24,0.61,0.13,1.71,7.39
0.04,0.14,1.11,-0.2,0.59,0.11,1.99,7.39
0.04,0.13,1.11,-0.18,0.56,0.11,2.01,6.67
0.04,0.13,1.1,-0.14,0.53,0.11,2.05,6.83
0.04,0.12,1.09,-0.06,0.67,-0.05,2.02,6.5
0.03,0.12,1.09,-0.1,0.48,0.08,1.54,6.46
0.02,0.11,1.09,-0.09,0.48,0.07,1.18,5.95
0.02,0.1,1.08,-0.08,0.45,0.07,1.06,5.32
0.03,0.11,1.07,-0.07,0.41,0.06,1.55,5.62
0.03,0.11,1.06,-0.08,0.38,0.06,1.86,6.08
0.03,0.12,1.06,-0.09,0.35,0.03,1.61,6.48
0.03,0.13,1.07,-0.09,0.3,0.03,1.77,6.69
0.03,0.13,1.08,-0.07,0.22,0.02,1.79,6.99
0.05,0.14,1.09,-0.06,0.16,0.01,2.5,7.57
0.06,0.16,1.09,-0.07,0.1,0.01,2.87,8.22
0.07,0.18,1.08,-0.04,0.01,0.01,3.41,9.3
0.08,0.18,1.08,-0.0,-0.05,-0.01,4.36,9.52
0.09,0.18,1.08,0.02,-0.12,-0.03,4.43,9.42
0.08,0.17,1.09,0.05,-0.18,-0.05,3.92,8.9
0.06,0.15,1.08,0.08,-0.21,-0.06,3.15,8.06
0.06,0.14,1.07,0.1,-0.24,-0.06,3.36,7.37
0.05,0.13,1.05,0.1,-0.23,-0.07,2.82,7.06
0.06,0.12,1.06,0.09,-0.2,-0.09,3.06,6.62
0.06,0.12,1.07,0.09,-0.18,-0.1,3.09,6.25
0.05,0.12,1.09,0.09,-0.14,-0.1,2.62,6.03
0.04,0.09,1.11,0.08,-0.07,-0.1,2.16,4.53
0.04,0.07,1.15,0.08,0.03,-0.08,1.83,3.49
0.05,0.06,1.18,0.1,0.13,-0.05,2.64,2.84
0.08,0.04,1.21,0.15,0.24,-0.0,3.76,2.1
0.1,0.04,1.22,0.18,0.38,0.03,4.8,1.73
0.13,0.03,1.19,0.21,0.5,0.08,6.25,1.51
0.15,0.02,1.15,0.22,0.6,0.11,7.3,1.06
0.16,0.02,1.1,0.22,0.68,0.13,8.32,1.08
0.17,0.03,1.07,0.22,0.73,0.13,9.29,1.8
0.2,0.05,1.06,0.19,0.8,0.12,10.72,2.45
0.22,0.06,1.05,0.14,0.85,0.12,11.62,3.39
0.23,0.08,1.05,0.13,0.85,0.1,12.56,4.14
0.24,0.1,1.05,0.12,0.84,0.08,12.67,5.24
0.23,0.11,1.04,0.09,0.8,0.06,12.27,5.81
0.23,0.12,1.05,0.09,0.72,0.04,12.37,6.33
0.22,0.12,1.07,0.07,0.62,0.02,11.35,6.53
0.19,0.12,1.05,0.06,0.49,0.01,10.44,6.15
0.18,0.11,1.04,0.04,0.38,0.0,9.8,6.02
0.17,0.11,1.02,0.04,0.26,0.0,9.16,5.93
0.15,0.1,1.0,0.04,0.15,0.0,8.53,5.56
0.12,0.08,0.98,0.04,0.07,-0.01,6.9,4.62
0.09,0.06,0.97,0.02,0.03,-0.02,5.43,3.73
0.08,0.07,0.96,0.0,0.02,-0.04,4.59,3.88
0.06,0.06,0.96,0.01,0.03,-0.04,3.79,3.33
0.05,0.06,0.96,0.0,0.05,-0.05,3.17,3.47
0.04,0.06,0.96,-0.01,0.07,-0.06,2.4,3.3
0.02,0.06,0.95,-0.01,0.1,-0.07,1.2,3.4
0.01,0.07,0.95,-0.02,0.1,-0.07,0.32,4.21
-0.01,0.07,0.94,-0.01,0.08,-0.06,-0.6,3.98
-0.01,0.07,0.93,-0.03,0.07,-0.08,-0.87,4.32
-0.03,0.08,0.92,-0.07,0.05,-0.08,-1.83,4.96
-0.04,0.08,0.91,-0.08,0.0,-0.09,-2.52,5.0
-0.06,0.08,0.9,-0.09,-0.07,-0.1,-3.52,5.04
-0.07,0.07,0.9,-0.12,-0.11,-0.12,-4.47,4.63
-0.09,0.07,0.91,-0.16,-0.15,-0.13,-5.64,4.3
-0.1,0.06,0.92,-0.2,-0.17,-0.13,-6.01,3.7
-0.12,0.04,0.95,-0.22,-0.21,-0.12,-7.45,2.2
-0.16,0.01,0.97,-0.26,-0.19,-0.11,-9.34,0.5
-0.16,0.0,0.99,-0.3,-0.18,-0.08,-9.2,0.11
-0.16,0.01,1.01,-0.34,-0.16,-0.05,-9.11,0.57
-0.15,0.02,1.04,-0.37,-0.14,-0.01,-7.98,1.35
-0.12,0.06,1.06,-0.36,-0.11,0.01,-6.6,3.06
-0.1,0.08,1.07,-0.38,-0.07,0.04,-5.35,4.07
-0.1,0.09,1.08,-0.36,-0.05,0.07,-5.02,4.89
-0.06,0.12,1.08,-0.33,-0.04,0.09,-3.36,6.05
-0.04,0.14,1.09,-0.27,-0.02,0.1,-2.24,7.12
-0.02,0.14,1.1,-0.23,0.02,0.11,-0.96,7.46
-0.0,0.17,1.1,-0.19,0.06,0.12,-0.19,8.91
0.01,0.17,1.09,-0.1,0.07,0.11,0.55,9.04
0.03,0.17,1.09,-0.02,0.11,0.11,1.65,8.83
0.04,0.17,1.07,0.05,0.18,0.09,2.26,9.16
0.04,0.16,1.06,0.13,0.22,0.09,2.28,8.46
0.04,0.15,1.04,0.21,0.25,0.06,2.2,8.07
0.03,0.13,1.02,0.25,0.29,0.06,1.75,7.31
0.03,0.11,0.99,0.29,0.3,0.06,1.76,6.52
0.03,0.1,0.98,0.33,0.33,0.05,1.91,5.81
0.03,0.08,0.95,0.36,0.33,0.04,1.96,5.05
0.03,0.07,0.93,0.38,0.32,0.02,2.0,4.47
0.03,0.06,0.92,0.37,0.35,0.01,1.87,3.57
0.02,0.04,0.92,0.37,0.35,-0.02,1.54,2.5
0.01,0.02,0.91,0.36,0.33,-0.01,0.82,1.53
0.01,0.02,0.91,0.34,0.31,-0.03,0.47,1.03
0.0,0.0,0.9,0.31,0.32,-0.04,0.27,0.19
-0.01,-0.0,0.9,0.3,0.29,-0.03,-0.45,-0.07
-0.02,-0.01,0.89,0.28,0.27,-0.03,-1.16,-0.79
-0.03,-0.02,0.88,0.25,0.24,-0.02,-1.74,-1.6
-0.02,-0.02,0.88,0.21,0.23,-0.02,-1.22,-1.22
-0.02,-0.02,0.87,0.16,0.22,-0.02,-1.16,-1.27
-0.03,-0.02,0.88,0.13,0.17,-0.0,-2.1,-1.21
-0.03,-0.02,0.88,0.09,0.11,0.0,-2.27,-1.52
-0.04,-0.02,0.88,0.05,0.08,0.01,-2.35,-1.55
-0.03,-0.02,0.87,-0.01,0.07,0.02,-1.82,-1.21
-0.02,-0.01,0.88,-0.04,0.02,0.02,-1.21,-0.51
-0.01,-0.0,0.87,-0.07,-0.02,0.03,-0.88,-0.03
-0.01,0.01,0.88,-0.1,-0.03,0.02,-0.83,0.57
-0.01,0.01,0.89,-0.12,-0.05,0.0,-0.95,0.91
-0.01,0.02,0.91,-0.16,-0.1,0.01,-0.56,1.34
0.0,0.03,0.92,-0.15,-0.11,-0.0,0.07,2.13
0.01,0.05,0.94,-0.15,-0.1,-0.02,0.45,3.2
0.0,0.05,0.95,-0.14,-0.09,-0.03,0.27,3.07
-0.0,0.06,0.97,-0.13,-0.09,-0.04,-0.03,3.31
-0.01,0.05,0.97,-0.11,-0.09,-0.05,-0.31,3.01
-0.01,0.05,0.98,-0.09,-0.04,-0.06,-0.76,3.05
-0.02,0.05,0.99,-0.06,-0.04,-0.06,-1.16,3.07
-0.02,0.06,1.0,-0.05,-0.02,-0.07,-1.31,3.15
-0.03,0.06,1.01,-0.02,0.0,-0.06,-1.59,3.43
-0.03,0.06,1.01,0.01,0.01,-0.06,-1.62,3.47
-0.04,0.06,1.0,0.01,0.05,-0.06,-2.0,3.28
-0.04,0.05,1.0,0.02,0.05,-0.04,-2.52,3.11
-0.05,0.05,0.99,0.05,0.06,-0.05,-3.04,2.87
-0.05,0.05,0.99,0.05,0.06,-0.04,-3.06,2.84
-0.06,0.05,0.99,0.04,0.06,-0.03,-3.37,2.9
-0.04,0.06,0.99,0.03,0.06,-0.01,-2.38,3.4
-0.04,0.07,0.98,0.04,0.06,-0.0,-2.16,3.97
-0.02,0.07,0.99,0.04,0.05,0.0,-1.3,3.97
-0.03,0.07,0.97,0.05,0.05,-0.0,-1.6,4.39
-0.02,0.08,0.97,0.04,0.04,0.01,-1.37,4.62
-0.01,0.08,0.97,0.04,0.04,-0.0,-0.84,4.86
-0.03,0.09,0.97,0.06,0.03,-0.01,-1.51,5.17
-0.02,0.08,0.96,0.05,0.05,-0.02,-0.99,5.06
-0.03,0.07,0.96,0.04,0.05,-0.02,-1.87,4.34
-0.03,0.07,0.97,0.05,0.04,-0.01,-1.6,4.29
-0.03,0.08,0.97,0.06,0.03,-0.01,-1.76,4.56
-0.03,0.07,0.95,0.07,0.03,-0.0,-1.82,4.31
-0.04,0.07,0.96,0.07,0.02,-0.01,-2.18,4.36
-0.03,0.07,0.96,0.05,0.03,-0.01,-2.05,4.36
-0.04,0.07,0.95,0.07,0.01,-0.01,-2.35,4.14
-0.04,0.06,0.95,0.06,0.01,-0.01,-2.35,3.9
-0.05,0.06,0.95,0.04,0.02,-0.01,-2.86,3.34
-0.05,0.06,0.95,0.05,0.01,0.0,-3.06,3.73
-0.05,0.06,0.96,0.04,-0.0,0.01,-3.04,3.59
-0.05,0.05,0.96,0.04,0.01,0.02,-2.88,3.04
-0.05,0.06,0.95,0.01,0.02,0.02,-2.84,3.39
-0.04,0.06,0.96,0.02,0.01,0.03,-2.44,3.83
-0.04,0.06,0.96,0.03,-0.0,0.03,-2.34,3.6
-0.03,0.06,0.95,0.05,-0.02,0.04,-1.97,3.7
-0.03,0.06,0.95,0.03,0.0,0.04,-1.73,3.78
-0.02,0.07,0.95,0.04,-0.01,0.04,-1.47,4.1
-0.03,0.06,0.94,0.04,-0.01,0.03,-1.84,3.86
-0.02,0.06,0.94,0.06,-0.01,0.02,-1.37,3.89
-0.03,0.06,0.93,0.04,0.02,0.01,-1.99,3.57
-0.03,0.06,0.94,0.04,0.03,0.02,-1.86,3.4
-0.03,0.04,0.93,0.06,0.04,0.01,-2.09,2.65
-0.04,0.04,0.93,0.06,0.04,0.01,-2.76,2.38
-0.04,0.04,0.92,0.04,0.04,0.01,-2.64,2.58
-0.04,0.04,0.93,0.0,0.06,0.02,-2.59,2.42
-0.03,0.04,0.93,0.02,0.03,0.02,-1.94,2.59
-0.03,0.05,0.93,0.02,0.01,0.02,-1.61,2.82
-0.02,0.04,0.94,0.01,0.03,0.02,-1.51,2.53
-0.02,0.05,0.94,-0.0,0.01,0.02,-1.17,2.96
-0.02,0.05,0.94,0.01,-0.02,0.03,-1.07,3.2
-0.01,0.05,0.95,0.01,-0.04,0.04,-0.69,3.32
-0.01,0.05,0.95,0.01,-0.01,0.02,-0.42,3.31
-0.01,0.06,0.96,0.0,-0.02,0.01,-0.48,3.68
-0.0,0.06,0.96,0.02,-0.01,0.01,-0.07,3.63
0.0,0.06,0.96,0.04,-0.02,-0.0,0.04,3.53
-0.01,0.06,0.96,0.04,0.02,-0.01,-0.41,3.39
-0.01,0.06,0.96,0.06,0.03,-0.01,-0.36,3.28
-0.01,0.05,0.95,0.07,0.03,-0.01,-0.57,2.81
-0.01,0.05,0.95,0.08,0.04,-0.03,-0.64,2.75
-0.02,0.05,0.94,0.07,0.06,-0.04,-1.33,2.76
-0.03,0.03,0.94,0.08,0.06,-0.04,-1.75,1.96
-0.04,0.03,0.95,0.07,0.06,-0.03,-2.42,1.91
-0.03,0.02,0.95,0.07,0.06,-0.04,-2.07,1.33
-0.04,0.02,0.94,0.05,0.04,-0.03,-2.49,0.97
-0.04,0.03,0.93,0.02,0.05,-0.02,-2.15,1.66
-0.04,0.02,0.94,0.01,0.02,-0.02,-2.43,1.0
-0.05,0.02,0.95,-0.02,-0.01,-0.01,-2.75,1.26
-0.03,0.02,0.96,-0.05,-0.02,-0.0,-1.62,1.27
-0.02,0.04,0.97,-0.07,-0.06,0.01,-1.35,2.29
-0.01,0.04,0.99,-0.1,-0.1,0.02,-0.73,2.55
-0.01,0.05,0.99,-0.11,-0.14,0.03,-0.3,2.83
0.01,0.06,0.99,-0.14,-0.16,0.03,0.41,3.33
0.02,0.07,1.0,-0.14,-0.2,0.05,1.22,4.12
0.05,0.09,0.99,-0.15,-0.21,0.03,2.95,4.92
0.05,0.09,1.0,-0.16,-0.24,0.04,2.78,5.16
0.04,0.09,1.01,-0.19,-0.25,0.02,2.52,5.12
0.04,0.08,1.03,-0.22,-0.25,0.01,2.13,4.64
0.04,0.09,1.04,-0.26,-0.26,0.02,2.28,4.89
0.06,0.1,1.06,-0.29,-0.27,0.03,3.13,5.12
0.08,0.11,1.08,-0.33,-0.28,0.04,4.18,5.57
0.07,0.1,1.1,-0.4,-0.27,0.04,3.79,5.21
0.07,0.1,1.12,-0.47,-0.28,0.07,3.77,4.9
0.09,0.11,1.16,-0.54,-0.3,0.11,4.3,5.23
0.12,0.13,1.2,-0.63,-0.33,0.15,5.54,6.13
0.16,0.17,1.23,-0.7,-0.37,0.19,7.35,7.66
0.21,0.21,1.27,-0.75,-0.41,0.23,9.34,9.12
0.26,0.24,1.31,-0.76,-0.45,0.26,10.91,10.14
0.29,0.27,1.36,-0.78,-0.51,0.28,11.65,10.95
0.34,0.3,1.41,-0.79,-0.48,0.3,13.46,11.89
0.4,0.34,1.46,-0.75,-0.49,0.31,14.81,12.65
0.44,0.37,1.47,-0.72,-0.48,0.32,16.13,13.45
0.47,0.42,1.49,-0.66,-0.5,0.29,16.98,14.84
0.51,0.44,1.53,-0.65,-0.52,0.26,17.88,15.21
0.54,0.45,1.55,-0.59,-0.58,0.21,18.31,15.25
0.56,0.48,1.58,-0.54,-0.61,0.17,18.77,15.89
0.56,0.51,1.57,-0.47,-0.64,0.11,18.85,16.88
0.56,0.49,1.63,-0.42,-0.69,0.03,18.11,15.95
0.56,0.48,1.67,-0.35,-0.78,-0.03,18.0,15.35
0.52,0.46,1.71,-0.27,-0.84,-0.08,16.23,14.6
0.47,0.44,1.76,-0.21,-0.92,-0.11,14.45,13.5
0.44,0.42,1.8,-0.15,-1.02,-0.13,13.41,12.7
0.42,0.4,1.85,-0.09,-1.1,-0.13,12.57,12.0
0.41,0.39,1.88,-0.0,-1.19,-0.13,12.13,11.57
0.39,0.37,1.88,0.05,-1.24,-0.14,11.62,10.83
0.38,0.34,1.9,0.14,-1.29,-0.13,11.16,10.04
0.39,0.32,1.92,0.2,-1.35,-0.13,11.22,9.32
0.37,0.29,1.91,0.28,-1.41,-0.13,10.98,8.43
0.36,0.26,1.88,0.35,-1.48,-0.13,10.61,7.78
0.33,0.22,1.84,0.41,-1.53,-0.14,9.99,6.75
0.31,0.19,1.81,0.41,-1.58,-0.16,9.7,6.06
0.29,0.16,1.77,0.45,-1.63,-0.19,9.42,5.17
0.26,0.13,1.75,0.46,-1.7,-0.22,8.28,4.18
0.21,0.09,1.77,0.47,-1.76,-0.25,6.88,2.76
0.15,0.04,1.79,0.48,-1.84,-0.26,4.88,1.25
0.1,-0.01,1.78,0.47,-1.92,-0.27,3.17,-0.37
0.03,-0.07,1.77,0.47,-2.01,-0.25,1.13,-2.32
-0.03,-0.13,1.72,0.45,-2.06,-0.23,-1.08,-4.38
-0.11,-0.17,1.67,0.4,-2.09,-0.21,-3.62,-5.65
-0.2,-0.21,1.67,0.36,-2.11,-0.18,-6.79,-6.99
-0.27,-0.23,1.65,0.32,-2.09,-0.13,-9.3,-7.79
-0.31,-0.23,1.65,0.27,-2.01,-0.08,-10.57,-7.68
-0.37,-0.27,1.66,0.23,-1.93,-0.0,-12.4,-9.08
-0.4,-0.3,1.65,0.21,-1.89,0.07,-13.55,-10.14
-0.44,-0.33,1.62,0.19,-1.8,0.15,-14.84,-11.05
-0.44,-0.32,1.56,0.14,-1.78,0.23,-15.46,-11.01
-0.45,-0.28,1.51,0.09,-1.77,0.31,-16.43,-10.17
-0.43,-0.25,1.49,0.08,-1.83,0.39,-15.87,-9.01
-0.38,-0.2,1.46,0.06,-1.9,0.45,-14.44,-7.74
-0.32,-0.19,1.45,0.05,-2.02,0.47,-12.41,-7.14
-0.27,-0.17,1.41,0.04,-2.16,0.47,-10.61,-6.7
-0.22,-0.14,1.35,0.03,-2.3,0.47,-9.39,-5.92
-0.19,-0.12,1.29,0.05,-2.43,0.43,-8.55,-5.12
-0.16,-0.1,1.24,0.02,-2.53,0.38,-7.3,-4.48
-0.15,-0.1,1.2,0.03,-2.61,0.31,-7.26,-4.84
-0.16,-0.13,1.19,0.01,-2.67,0.25,-7.49,-6.01
-0.19,-0.16,1.17,-0.02,-2.76,0.19,-9.24,-7.6
-0.23,-0.18,1.16,-0.05,-2.81,0.13,-11.15,-8.54
-0.27,-0.19,1.15,-0.08,-2.87,0.1,-12.89,-9.31
-0.29,-0.22,1.16,-0.11,-2.92,0.07,-13.61,-10.23
-0.31,-0.21,1.18,-0.12,-2.97,0.05,-14.6,-9.93
-0.34,-0.21,1.19,-0.13,-3.01,0.03,-15.69,-9.71
-0.36,-0.2,1.21,-0.11,-2.98,0.01,-16.12,-9.11
-0.37,-0.19,1.24,-0.07,-3.0,-0.02,-16.42,-8.57
-0.38,-0.19,1.25,-0.01,-2.97,-0.05,-16.66,-8.44
-0.4,-0.2,1.25,0.07,-2.96,-0.08,-17.64,-8.77
-0.43,-0.21,1.24,0.15,-2.91,-0.11,-18.85,-9.32
-0.46,-0.24,1.22,0.21,-2.88,-0.12,-20.38,-10.55
-0.5,-0.27,1.21,0.3,-2.85,-0.13,-21.84,-11.61
-0.51,-0.29,1.19,0.37,-2.85,-0.1,-22.76,-12.42
-0.52,-0.28,1.16,0.42,-2.84,-0.07,-23.61,-12.54
-0.52,-0.28,1.13,0.48,-2.85,-0.04,-23.96,-12.73
-0.51,-0.26,1.1,0.56,-2.86,-0.01,-24.07,-12.11
-0.5,-0.26,1.09,0.6,-2.84,-0.01,-24.22,-12.07
-0.49,-0.24,1.06,0.67,-2.81,0.01,-24.29,-11.71
-0.47,-0.25,1.02,0.75,-2.74,0.0,-24.17,-12.6
-0.46,-0.27,0.97,0.84,-2.69,-0.0,-24.9,-13.97
-0.46,-0.28,0.9,0.9,-2.62,0.01,-26.08,-15.32
-0.46,-0.27,0.84,0.93,-2.51,-0.01,-27.54,-16.04
-0.46,-0.28,0.76,0.96,-2.42,-0.0,-29.57,-17.45
-0.45,-0.28,0.71,0.97,-2.35,0.01,-30.74,-18.68
-0.45,-0.28,0.66,0.98,-2.29,0.02,-31.98,-19.44
-0.43,-0.27,0.6,0.97,-2.19,0.03,-33.58,-20.08
-0.42,-0.26,0.55,0.95,-2.13,0.06,-34.55,-20.55
-0.41,-0.22,0.49,0.92,-2.07,0.08,-37.15,-19.47
-0.37,-0.2,0.44,0.88,-2.05,0.11,-37.51,-19.44
-0.35,-0.18,0.41,0.84,-1.99,0.11,-37.69,-18.48
-0.32,-0.15,0.4,0.77,-1.95,0.12,-36.57,-15.84
-0.27,-0.12,0.39,0.74,-1.91,0.12,-33.54,-13.77
-0.24,-0.09,0.39,0.71,-1.85,0.1,-31.45,-10.57
-0.21,-0.07,0.37,0.7,-1.74,0.07,-29.7,-9.41
-0.19,-0.06,0.33,0.68,-1.66,0.06,-29.9,-8.87
-0.17,-0.04,0.32,0.67,-1.58,0.04,-27.75,-6.5
-0.17,-0.03,0.31,0.66,-1.51,0.01,-28.09,-4.44
-0.18,-0.02,0.3,0.62,-1.43,0.0,-30.6,-3.32
-0.21,-0.01,0.3,0.61,-1.41,0.0,-34.61,-2.07
-0.23,-0.03,0.3,0.59,-1.45,0.03,-37.75,-4.3
-0.23,-0.02,0.3,0.58,-1.5,0.08,-37.67,-3.69
-0.2,0.0,0.28,0.57,-1.54,0.14,-35.78,0.45
-0.17,0.04,0.29,0.54,-1.59,0.19,-30.23,6.95
-0.14,0.07,0.28,0.52,-1.65,0.23,-26.02,12.34
-0.09,0.11,0.29,0.51,-1.69,0.25,-15.89,20.47
-0.05,0.13,0.29,0.51,-1.66,0.24,-9.1,23.89
0.0,0.16,0.28,0.51,-1.64,0.23,0.07,28.67
0.03,0.17,0.27,0.5,-1.61,0.2,4.79,32.18
0.04,0.18,0.27,0.47,-1.59,0.18,6.73,34.18
0.06,0.2,0.26,0.44,-1.51,0.15,9.99,36.73
0.06,0.21,0.25,0.42,-1.44,0.11,9.88,39.14
0.05,0.2,0.25,0.4,-1.4,0.11,8.39,38.01
0.04,0.19,0.24,0.37,-1.36,0.09,8.28,37.56
0.04,0.19,0.25,0.33,-1.29,0.08,6.37,36.15
0.03,0.19,0.28,0.31,-1.22,0.07,5.08,33.92
0.04,0.19,0.31,0.28,-1.13,0.08,5.82,31.24
0.05,0.19,0.34,0.27,-1.07,0.09,7.3,28.52
0.06,0.19,0.37,0.25,-0.95,0.08,8.78,27.19
0.07,0.2,0.39,0.26,-0.85,0.06,8.59,26.68
0.08,0.21,0.42,0.28,-0.77,0.06,9.84,25.9
0.08,0.21,0.45,0.28,-0.67,0.03,8.84,24.36
0.06,0.2,0.49,0.32,-0.58,0.01,6.96,22.3
0.04,0.19,0.51,0.34,-0.5,0.0,4.67,20.26
0.03,0.17,0.51,0.35,-0.44,0.02,2.94,19.0
0.03,0.18,0.5,0.36,-0.43,0.04,2.71,19.63
0.03,0.19,0.52,0.38,-0.43,0.06,3.27,19.73
0.04,0.18,0.53,0.37,-0.41,0.07,4.16,19.05
0.05,0.18,0.56,0.39,-0.42,0.09,4.77,18.24
0.07,0.2,0.56,0.39,-0.4,0.09,6.51,19.19
0.08,0.21,0.56,0.39,-0.4,0.08,7.92,19.77
0.09,0.2,0.57,0.37,-0.37,0.06,8.15,19.49
0.1,0.21,0.57,0.36,-0.33,0.05,8.97,19.66
0.09,0.2,0.58,0.33,-0.29,0.04,8.71,18.44
0.08,0.19,0.58,0.32,-0.28,0.04,7.03,18.33
0.07,0.18,0.6,0.3,-0.23,0.03,6.22,16.72
0.08,0.18,0.61,0.29,-0.2,0.03,6.89,16.13
0.07,0.18,0.61,0.26,-0.18,0.03,6.65,16.35
0.08,0.18,0.61,0.23,-0.13,0.01,7.02,15.89
0.06,0.17,0.62,0.18,-0.1,-0.0,5.3,15.25
0.03,0.15,0.65,0.13,-0.07,0.01,2.45,12.6
0.02,0.13,0.68,0.09,-0.07,0.03,1.67,10.84
0.02,0.12,0.71,0.08,-0.09,0.05,1.4,9.65
0.01,0.12,0.74,0.05,-0.09,0.07,0.68,9.25
0.01,0.1,0.77,0.04,-0.1,0.07,0.48,7.71
-0.0,0.09,0.78,0.03,-0.13,0.09,-0.04,6.41
0.0,0.09,0.82,0.04,-0.17,0.11,0.17,6.36
0.02,0.09,0.84,0.03,-0.16,0.13,1.15,6.31
0.03,0.1,0.86,0.06,-0.18,0.13,1.92,6.7
0.04,0.1,0.86,0.05,-0.18,0.13,2.43,6.85
0.04,0.1,0.87,0.07,-0.18,0.14,2.6,6.8
0.06,0.11,0.87,0.07,-0.18,0.12,3.92,7.02
0.07,0.1,0.88,0.05,-0.16,0.11,4.25,6.45
0.06,0.1,0.89,0.06,-0.15,0.09,3.62,6.17
0.04,0.09,0.89,0.07,-0.15,0.08,2.64,5.9
0.02,0.08,0.89,0.07,-0.14,0.07,1.59,5.12
0.01,0.07,0.89,0.06,-0.11,0.07,0.39,4.74
-0.01,0.07,0.91,0.08,-0.11,0.08,-0.46,4.12
-0.01,0.06,0.92,0.09,-0.09,0.08,-0.72,3.72
-0.01,0.06,0.93,0.11,-0.07,0.08,-0.64,3.67
-0.01,0.06,0.94,0.14,-0.02,0.07,-0.75,3.74
-0.01,0.07,0.92,0.15,0.02,0.08,-0.56,4.45
0.01,0.09,0.91,0.16,0.04,0.08,0.43,5.42
0.01,0.1,0.9,0.15,0.05,0.09,0.71,6.24
0.02,0.11,0.87,0.13,0.1,0.08,1.54,7.23
0.03,0.12,0.88,0.1,0.12,0.07,2.14,7.77
0.03,0.12,0.88,0.08,0.1,0.06,2.25,7.43
0.03,0.11,0.89,0.04,0.1,0.06,2.17,7.16
0.04,0.11,0.9,0.0,0.08,0.05,2.61,6.78
0.03,0.1,0.91,-0.05,0.05,0.07,1.89,6.03
0.04,0.09,0.94,-0.04,0.0,0.06,2.18,5.46
0.04,0.08,0.97,-0.04,-0.02,0.07,2.65,4.75
0.05,0.07,0.98,-0.07,0.02,0.05,3.21,4.24
0.06,0.07,0.97,-0.08,0.02,0.04,3.29,3.97
0.05,0.07,0.96,-0.07,0.02,0.02,2.79,3.95
0.04,0.06,0.96,-0.07,0.03,0.01,2.36,3.54
0.04,0.05,0.95,-0.08,0.05,-0.01,2.28,3.03
0.02,0.06,0.94,-0.09,0.04,0.0,1.3,3.58
0.0,0.04,0.94,-0.11,0.01,0.01,0.27,2.56
0.0,0.05,0.96,-0.15,-0.01,0.02,0.01,3.04
-0.0,0.05,0.98,-0.16,-0.0,0.01,-0.05,3.13
0.01,0.05,0.99,-0.18,0.02,0.01,0.57,2.93
0.01,0.04,0.99,-0.19,0.02,0.0,0.41,2.59
0.0,0.05,0.99,-0.18,0.01,0.01,0.05,2.82
-0.01,0.05,1.0,-0.19,0.04,0.0,-0.4,2.9
-0.01,0.04,1.02,-0.19,0.07,-0.01,-0.39,2.32
-0.0,0.04,1.03,-0.18,0.07,-0.0,-0.09,1.98
-0.01,0.03,1.03,-0.19,0.06,0.0,-0.82,1.8
-0.03,0.02,1.04,-0.18,0.07,-0.02,-1.61,1.13
-0.02,0.01,1.04,-0.18,0.06,-0.02,-1.24,0.53
-0.03,0.0,1.04,-0.18,0.04,-0.01,-1.71,0.21
-0.05,0.0,1.04,-0.17,0.01,-0.0,-2.5,0.04
-0.04,0.01,1.05,-0.16,-0.01,0.01,-2.09,0.47
-0.03,0.01,1.04,-0.17,-0.01,0.0,-1.75,0.42
-0.04,0.01,1.05,-0.15,-0.04,0.01,-2.33,0.74
-0.04,0.01,1.06,-0.14,-0.06,0.01,-2.34,0.59
-0.05,0.02,1.06,-0.11,-0.03,-0.0,-2.46,0.91
-0.05,0.01,1.06,-0.09,-0.01,0.0,-2.53,0.59
-0.03,0.01,1.06,-0.07,0.03,-0.0,-1.85,0.69
-0.02,0.02,1.03,-0.04,0.04,-0.01,-1.25,0.98
-0.02,0.02,1.03,-0.02,0.06,-0.01,-1.25,1.19
-0.02,0.03,1.03,-0.03,0.11,-0.02,-1.09,1.46
-0.02,0.03,1.03,-0.03,0.13,-0.02,-0.98,1.39
-0.01,0.02,1.03,-0.01,0.13,-0.03,-0.68,1.27
-0.02,0.03,1.01,0.01,0.14,-0.04,-0.85,1.81
-0.01,0.03,1.01,-0.01,0.14,-0.03,-0.84,1.91
-0.01,0.04,1.01,-0.01,0.14,-0.02,-0.73,2.25
-0.01,0.05,1.01,-0.01,0.12,-0.02,-0.41,2.73
-0.01,0.04,1.02,-0.01,0.1,-0.02,-0.43,2.44
-0.0,0.04,1.02,-0.01,0.08,-0.02,-0.2,1.97
0.01,0.04,1.02,-0.02,0.05,-0.01,0.44,2.25
0.02,0.04,1.01,-0.02,0.02,-0.01,0.9,2.39
0.02,0.05,1.01,-0.02,-0.03,-0.02,1.13,3.1
0.01,0.05,1.01,-0.03,-0.05,-0.03,0.75,2.88
0.01,0.05,1.02,-0.04,-0.08,-0.03,0.61,2.88
0.01,0.05,1.03,-0.01,-0.11,-0.03,0.42,2.51
0.0,0.04,1.02,0.01,-0.12,-0.03,0.08,2.2
-0.0,0.05,1.02,0.02,-0.13,-0.04,-0.05,2.56
-0.0,0.05,1.02,0.04,-0.1,-0.06,-0.24,2.76
-0.01,0.04,1.01,0.08,-0.08,-0.06,-0.67,2.54
-0.01,0.05,1.0,0.12,-0.06,-0.07,-0.35,2.85
-0.01,0.05,0.98,0.16,-0.02,-0.08,-0.41,2.97
0.0,0.06,0.96,0.17,0.03,-0.08,0.24,3.37
0.01,0.07,0.93,0.2,0.08,-0.09,0.41,4.0
0.0,0.07,0.91,0.22,0.11,-0.1,0.2,4.55
0.01,0.08,0.89,0.23,0.17,-0.11,0.46,4.88
0.01,0.08,0.86,0.23,0.21,-0.1,0.41,5.49
-0.0,0.08,0.83,0.23,0.24,-0.1,-0.08,5.79
0.0,0.09,0.82,0.2,0.25,-0.1,0.02,6.11
-0.0,0.09,0.8,0.17,0.26,-0.09,-0.05,6.77
0.0,0.1,0.8,0.13,0.29,-0.09,0.29,7.35
0.0,0.1,0.8,0.12,0.28,-0.08,0.25,7.35
0.0,0.1,0.79,0.09,0.28,-0.07,0.01,7.29
0.0,0.1,0.78,0.06,0.29,-0.08,0.04,7.13
0.0,0.1,0.79,0.04,0.29,-0.07,0.14,7.59
0.0,0.11,0.79,-0.01,0.3,-0.06,0.33,7.95
-0.0,0.11,0.8,-0.04,0.3,-0.06,-0.13,7.77
-0.01,0.1,0.81,-0.05,0.31,-0.07,-0.64,7.15
-0.01,0.1,0.81,-0.07,0.31,-0.06,-0.8,6.82
-0.01,0.1,0.82,-0.09,0.33,-0.05,-0.48,6.72
0.01,0.11,0.81,-0.11,0.32,-0.05,0.59,7.57
0.01,0.1,0.84,-0.11,0.34,-0.06,0.54,6.74
0.01,0.1,0.85,-0.13,0.36,-0.07,0.57,7.03
0.0,0.1,0.85,-0.13,0.38,-0.07,0.26,6.78
-0.02,0.09,0.86,-0.12,0.38,-0.07,-1.11,5.69
-0.03,0.07,0.87,-0.1,0.39,-0.06,-2.17,4.77
-0.03,0.07,0.88,-0.1,0.43,-0.06,-1.86,4.51
-0.03,0.06,0.89,-0.07,0.45,-0.06,-1.98,3.91
-0.03,0.06,0.91,-0.02,0.49,-0.06,-1.97,4.04
-0.04,0.06,0.9,0.02,0.5,-0.05,-2.4,3.84
-0.04,0.07,0.9,0.06,0.56,-0.06,-2.28,4.46
-0.02,0.08,0.87,0.09,0.6,-0.05,-1.48,5.46
-0.02,0.08,0.86,0.12,0.62,-0.06,-1.05,5.5
-0.02,0.1,0.85,0.16,0.64,-0.05,-1.5,6.58
-0.03,0.1,0.83,0.16,0.69,-0.06,-2.0,6.88
-0.03,0.09,0.81,0.17,0.7,-0.06,-1.84,6.48
-0.02,0.08,0.81,0.19,0.71,-0.05,-1.6,6.01
-0.02,0.08,0.79,0.19,0.72,-0.05,-1.53,6.0
-0.03,0.1,0.79,0.19,0.74,-0.05,-2.01,7.22
-0.03,0.09,0.8,0.18,0.76,-0.05,-2.21,6.65
-0.03,0.09,0.81,0.2,0.75,-0.05,-2.14,6.07
-0.02,0.12,0.77,0.2,0.77,-0.04,-1.74,8.66
-0.01,0.11,0.79,0.2,0.79,-0.05,-0.39,8.13
0.01,0.11,0.8,0.21,0.8,-0.06,0.5,7.64
0.02,0.11,0.79,0.22,0.82,-0.07,1.36,8.15
0.02,0.12,0.78,0.24,0.84,-0.08,1.13,8.81
0.01,0.12,0.77,0.25,0.88,-0.11,1.0,9.12
0.01,0.12,0.75,0.25,0.89,-0.11,0.88,9.28
0.01,0.12,0.73,0.24,0.91,-0.13,0.41,9.17
0.0,0.12,0.72,0.22,0.91,-0.12,0.0,9.15
-0.01,0.11,0.7,0.2,0.95,-0.13,-0.7,9.16
-0.01,0.11,0.68,0.16,0.96,-0.14,-1.09,9.05
-0.01,0.11,0.67,0.09,0.97,-0.14,-1.04,9.52
-0.02,0.11,0.67,0.05,0.96,-0.13,-2.05,9.45
-0.03,0.11,0.68,0.0,0.98,-0.14,-2.32,8.8
-0.04,0.09,0.7,-0.06,1.0,-0.13,-3.35,7.49
-0.04,0.07,0.73,-0.09,0.97,-0.11,-3.46,5.77
-0.03,0.07,0.74,-0.12,0.97,-0.11,-2.31,5.13
-0.01,0.07,0.76,-0.16,0.99,-0.11,-0.65,5.16
-0.01,0.07,0.79,-0.17,1.01,-0.13,-0.7,5.14
-0.02,0.06,0.82,-0.18,1.01,-0.14,-1.64,4.03
-0.04,0.04,0.85,-0.18,1.01,-0.14,-2.53,2.79
-0.03,0.03,0.86,-0.16,1.03,-0.15,-2.16,1.92
-0.03,0.02,0.88,-0.15,1.04,-0.15,-1.91,1.44
-0.02,0.03,0.87,-0.13,1.04,-0.16,-1.64,2.25
-0.04,0.03,0.88,-0.12,1.04,-0.17,-2.49,2.24
-0.05,0.03,0.87,-0.09,1.04,-0.18,-3.21,1.79
-0.05,0.04,0.87,-0.09,1.03,-0.18,-3.13,2.31
-0.04,0.01,0.86,-0.09,1.05,-0.2,-2.8,0.87
-0.05,0.01,0.86,-0.09,1.07,-0.2,-3.4,0.86
-0.05,0.02,0.85,-0.1,1.07,-0.2,-3.68,1.22
-0.06,0.02,0.84,-0.11,1.1,-0.22,-4.08,1.44
-0.06,0.02,0.85,-0.13,1.11,-0.21,-3.8,1.49
-0.06,0.01,0.83,-0.16,1.14,-0.23,-4.48,0.78
-0.07,0.01,0.85,-0.17,1.15,-0.24,-4.57,0.58
-0.07,0.01,0.84,-0.22,1.18,-0.25,-5.03,0.97
-0.08,0.01,0.86,-0.24,1.17,-0.24,-5.39,0.52
-0.08,-0.01,0.87,-0.26,1.16,-0.25,-5.06,-0.51
-0.09,-0.03,0.88,-0.31,1.15,-0.24,-5.54,-1.81
-0.09,-0.04,0.91,-0.32,1.12,-0.23,-5.39,-2.44
-0.08,-0.04,0.94,-0.34,1.09,-0.21,-5.06,-2.21
-0.07,-0.02,0.97,-0.34,1.06,-0.21,-4.04,-1.4
-0.05,-0.02,1.0,-0.3,1.05,-0.22,-2.95,-0.93
-0.03,-0.02,1.02,-0.28,1.07,-0.25,-1.47,-1.12
-0.03,-0.01,1.0,-0.24,1.09,-0.27,-1.96,-0.56
-0.05,-0.0,0.99,-0.21,1.12,-0.28,-2.75,-0.19
-0.06,-0.02,0.97,-0.17,1.13,-0.29,-3.43,-0.95
-0.08,-0.02,0.95,-0.19,1.17,-0.3,-4.81,-1.49
-0.09,-0.04,0.92,-0.18,1.14,-0.3,-5.3,-2.27
-0.11,-0.04,0.94,-0.19,1.11,-0.28,-6.54,-2.55
-0.11,-0.04,0.94,-0.19,1.07,-0.26,-6.53,-2.4
-0.1,-0.04,0.95,-0.22,1.04,-0.25,-5.8,-2.48
-0.08,-0.03,0.97,-0.24,1.02,-0.24,-4.56,-1.91
-0.07,-0.03,1.0,-0.23,1.01,-0.24,-4.17,-1.48
-0.06,-0.03,1.03,-0.21,1.0,-0.24,-3.51,-1.53
-0.05,-0.02,1.05,-0.2,1.02,-0.26,-2.85,-0.84
-0.04,-0.02,1.05,-0.16,1.04,-0.27,-2.24,-0.83
-0.03,-0.02,1.05,-0.14,1.08,-0.29,-1.69,-1.24
-0.05,-0.03,1.05,-0.1,1.12,-0.31,-2.49,-1.72
-0.06,-0.03,1.05,-0.03,1.13,-0.32,-3.13,-1.86
-0.07,-0.04,1.03,-0.01,1.16,-0.33,-3.71,-2.26
-0.07,-0.04,1.01,0.02,1.17,-0.33,-4.18,-2.54
-0.1,-0.04,0.98,0.03,1.15,-0.35,-5.55,-2.49
-0.11,-0.05,0.98,0.04,1.18,-0.35,-6.68,-3.02
-0.13,-0.06,0.97,0.04,1.19,-0.34,-7.65,-3.33
-0.12,-0.06,0.94,0.04,1.16,-0.32,-7.44,-3.68
-0.12,-0.05,0.91,0.01,1.13,-0.32,-7.68,-3.08
-0.12,-0.04,0.92,-0.01,1.12,-0.31,-7.57,-2.75
-0.13,-0.05,0.93,-0.04,1.12,-0.3,-7.71,-2.96
-0.12,-0.05,0.95,-0.06,1.1,-0.28,-7.06,-3.14
-0.11,-0.05,0.95,-0.07,1.08,-0.28,-6.55,-2.88
-0.1,-0.05,0.95,-0.08,1.08,-0.28,-6.04,-3.12
-0.1,-0.05,0.94,-0.11,1.08,-0.28,-6.24,-3.12
-0.11,-0.05,0.93,-0.15,1.06,-0.27,-6.54,-3.26
-0.12,-0.06,0.93,-0.18,1.04,-0.26,-7.12,-3.41
-0.12,-0.06,0.95,-0.22,1.02,-0.24,-7.02,-3.38
-0.11,-0.05,0.96,-0.25,1.01,-0.24,-6.34,-2.94
-0.09,-0.04,0.99,-0.25,0.96,-0.23,-5.34,-2.19
-0.09,-0.04,1.0,-0.27,0.95,-0.23,-5.14,-2.0
-0.08,-0.04,1.02,-0.25,0.93,-0.23,-4.7,-2.1
-0.08,-0.03,1.04,-0.23,0.95,-0.24,-4.36,-1.91
-0.06,-0.03,1.05,-0.2,0.98,-0.25,-3.25,-1.68
-0.05,-0.02,1.04,-0.16,1.03,-0.27,-2.79,-1.37
-0.05,-0.03,1.03,-0.1,1.07,-0.28,-2.97,-1.51
-0.07,-0.02,1.02,-0.08,1.16,-0.32,-3.94,-1.37
-0.09,-0.05,1.01,-0.06,1.2,-0.32,-5.07,-2.62
-0.11,-0.05,0.99,-0.03,1.23,-0.32,-6.58,-2.78
-0.13,-0.06,0.98,-0.03,1.23,-0.33,-7.63,-3.69
-0.14,-0.07,0.98,-0.06,1.23,-0.29,-8.3,-4.0
-0.15,-0.07,0.96,-0.08,1.23,-0.28,-8.85,-4.04
-0.15,-0.08,0.95,-0.11,1.19,-0.24,-8.93,-4.88
-0.15,-0.07,0.96,-0.14,1.14,-0.2,-8.96,-4.39
-0.14,-0.06,0.95,-0.2,1.1,-0.19,-8.11,-3.39
-0.15,-0.06,0.94,-0.25,1.03,-0.17,-8.84,-3.34
-0.14,-0.06,0.95,-0.33,0.97,-0.14,-8.39,-3.57
-0.14,-0.06,0.98,-0.34,0.9,-0.12,-7.92,-3.28
-0.13,-0.05,1.0,-0.38,0.87,-0.1,-7.33,-2.86
-0.11,-0.04,1.02,-0.39,0.83,-0.09,-6.4,-2.49
-0.1,-0.04,1.02,-0.41,0.79,-0.07,-5.86,-2.17
-0.1,-0.03,1.03,-0.41,0.76,-0.05,-5.34,-1.81
-0.09,-0.03,1.04,-0.43,0.76,-0.07,-4.82,-1.49
-0.09,-0.02,1.04,-0.44,0.77,-0.07,-4.71,-1.05
-0.09,-0.02,1.05,-0.45,0.77,-0.07,-4.72,-1.02
-0.08,-0.02,1.06,-0.46,0.77,-0.08,-4.56,-0.87
-0.09,-0.01,1.07,-0.45,0.78,-0.09,-4.77,-0.42
-0.08,-0.0,1.08,-0.47,0.81,-0.08,-4.4,-0.07
-0.07,0.01,1.1,-0.47,0.81,-0.08,-3.43,0.41
-0.06,0.01,1.11,-0.47,0.85,-0.1,-3.05,0.31
-0.07,0.01,1.12,-0.44,0.88,-0.11,-3.44,0.71
-0.06,0.01,1.14,-0.42,0.93,-0.13,-3.16,0.55
-0.07,0.02,1.16,-0.38,0.97,-0.14,-3.23,0.88
-0.06,0.02,1.17,-0.32,1.0,-0.15,-2.69,0.78
-0.06,0.01,1.18,-0.27,1.06,-0.15,-2.76,0.51
-0.06,0.0,1.17,-0.23,1.13,-0.17,-2.98,0.06
-0.08,-0.01,1.15,-0.19,1.14,-0.16,-3.81,-0.5
-0.09,-0.01,1.14,-0.19,1.14,-0.16,-4.43,-0.49
-0.09,-0.01,1.13,-0.16,1.13,-0.15,-4.76,-0.61
-0.09,-0.01,1.11,-0.17,1.11,-0.14,-4.75,-0.63
-0.09,-0.01,1.08,-0.19,1.08,-0.13,-4.95,-0.75
-0.1,-0.01,1.06,-0.22,1.04,-0.12,-5.51,-0.4
-0.11,-0.01,1.06,-0.26,0.99,-0.11,-5.84,-0.36
-0.11,-0.01,1.06,-0.3,0.96,-0.1,-6.17,-0.34
-0.12,0.01,1.08,-0.33,0.9,-0.07,-6.07,0.7
-0.1,0.03,1.1,-0.34,0.84,-0.05,-5.12,1.53
-0.08,0.03,1.12,-0.33,0.81,-0.04,-4.3,1.77
-0.08,0.05,1.14,-0.32,0.79,-0.03,-3.83,2.41
-0.05,0.05,1.15,-0.31,0.79,-0.02,-2.29,2.29
-0.04,0.06,1.14,-0.27,0.79,-0.02,-2.14,2.83
-0.04,0.06,1.14,-0.26,0.84,-0.03,-2.09,2.99
-0.04,0.06,1.14,-0.22,0.86,-0.05,-1.92,3.0
-0.04,0.06,1.13,-0.19,0.89,-0.06,-1.86,2.87
-0.03,0.04,1.13,-0.16,0.93,-0.07,-1.51,2.18
-0.04,0.03,1.1,-0.12,0.97,-0.09,-2.32,1.42
-0.05,0.02,1.08,-0.13,1.03,-0.1,-2.75,1.04
-0.07,0.02,1.07,-0.14,1.08,-0.1,-3.52,1.02
-0.08,0.0,1.05,-0.15,1.1,-0.1,-4.19,0.07
-0.09,0.0,1.06,-0.16,1.1,-0.08,-4.69,0.14
-0.1,0.0,1.06,-0.2,1.11,-0.07,-5.24,0.06
-0.1,0.01,1.07,-0.22,1.08,-0.05,-5.24,0.6
-0.09,0.01,1.06,-0.25,1.06,-0.03,-4.81,0.59
-0.07,0.02,1.05,-0.27,1.02,-0.02,-4.03,1.32
-0.05,0.05,1.06,-0.31,1.01,-0.01,-2.92,2.8
-0.05,0.06,1.1,-0.31,0.98,0.0,-2.37,3.33
-0.03,0.07,1.12,-0.3,0.96,0.01,-1.31,3.64
-0.02,0.08,1.12,-0.28,0.94,0.01,-0.84,3.99
-0.0,0.09,1.13,-0.26,0.96,-0.02,-0.06,4.62
0.0,0.09,1.12,-0.2,0.96,-0.03,0.01,4.43
0.01,0.09,1.12,-0.17,0.97,-0.04,0.39,4.51
0.01,0.08,1.11,-0.14,1.01,-0.06,0.64,4.07
-0.01,0.06,1.08,-0.11,1.01,-0.08,-0.75,3.23
-0.03,0.04,1.06,-0.12,1.05,-0.09,-1.59,2.28
-0.05,0.02,1.04,-0.13,1.05,-0.09,-2.8,1.1
-0.07,0.0,1.01,-0.16,1.05,-0.08,-3.81,0.26
-0.08,-0.0,1.01,-0.2,1.06,-0.09,-4.32,-0.22
-0.08,-0.01,0.99,-0.24,1.07,-0.09,-4.54,-0.67
-0.09,-0.01,0.99,-0.3,1.08,-0.08,-4.93,-0.39
-0.09,-0.01,0.99,-0.34,1.07,-0.07,-5.25,-0.37
-0.09,-0.0,1.01,-0.38,1.08,-0.06,-5.22,-0.07
-0.08,0.0,1.03,-0.44,1.08,-0.05,-4.68,0.1
-0.07,0.02,1.05,-0.48,1.11,-0.02,-3.71,1.28
-0.04,0.04,1.09,-0.48,1.08,-0.0,-2.08,2.21
0.0,0.05,1.12,-0.48,1.06,0.0,0.02,2.77
0.02,0.07,1.13,-0.46,1.04,0.0,0.93,3.35
0.02,0.07,1.12,-0.46,1.01,0.01,0.84,3.51
0.02,0.07,1.11,-0.45,0.97,0.01,0.84,3.42
0.01,0.07,1.1,-0.45,0.94,0.02,0.65,3.58
0.02,0.07,1.11,-0.47,0.94,0.0,1.15,3.68
0.01,0.07,1.11,-0.47,0.91,0.0,0.73,3.63
0.01,0.07,1.12,-0.47,0.88,-0.01,0.66,3.66
-0.0,0.08,1.11,-0.45,0.86,-0.0,-0.1,4.2
-0.0,0.09,1.12,-0.46,0.86,-0.01,-0.16,4.51
0.01,0.1,1.14,-0.46,0.9,-0.0,0.3,4.79
0.02,0.1,1.16,-0.41,0.93,-0.02,0.91,4.74
0.02,0.1,1.17,-0.4,0.98,-0.02,0.95,4.71
0.02,0.11,1.18,-0.39,1.05,-0.02,1.01,5.11
0.02,0.12,1.19,-0.36,1.07,-0.01,0.91,5.6
0.02,0.13,1.2,-0.33,1.07,0.0,0.77,6.21
0.03,0.13,1.21,-0.31,1.09,0.01,1.49,6.1
0.04,0.13,1.2,-0.3,1.07,0.03,1.87,6.25
0.05,0.14,1.19,-0.29,1.05,0.05,2.39,6.47
0.05,0.14,1.17,-0.28,0.99,0.07,2.5,6.88
0.06,0.15,1.17,-0.27,0.88,0.1,2.97,7.38
0.07,0.15,1.15,-0.27,0.81,0.1,3.22,7.53
0.08,0.15,1.14,-0.28,0.72,0.11,3.9,7.67
0.08,0.17,1.13,-0.28,0.63,0.12,3.79,8.4
0.08,0.18,1.13,-0.26,0.53,0.11,3.83,8.91
0.09,0.17,1.13,-0.25,0.48,0.09,4.37,8.67
0.09,0.17,1.14,-0.22,0.45,0.1,4.43,8.61
0.1,0.17,1.13,-0.18,0.43,0.07,4.77,8.55
0.08,0.15,1.13,-0.13,0.43,0.07,3.83,7.68
0.05,0.15,1.12,-0.1,0.47,0.04,2.6,7.61
0.04,0.14,1.11,-0.05,0.5,0.03,2.02,7.14
0.02,0.13,1.1,-0.01,0.54,0.02,1.08,6.8
-0.02,0.1,1.08,0.05,0.57,0.01,-1.0,5.54
-0.04,0.08,1.07,0.05,0.61,0.0,-2.11,4.34
-0.07,0.06,1.05,0.06,0.65,0.02,-3.73,3.02
-0.1,0.03,1.03,0.04,0.66,0.05,-5.28,1.68
-0.11,0.03,1.02,-0.0,0.68,0.07,-6.28,1.54
-0.11,0.02,1.03,-0.03,0.66,0.1,-6.38,1.38
-0.11,0.02,1.03,-0.08,0.64,0.12,-6.2,1.16
-0.1,0.01,1.02,-0.11,0.57,0.17,-5.48,0.3
-0.1,-0.01,1.0,-0.16,0.52,0.19,-5.74,-0.38
-0.09,-0.0,1.0,-0.22,0.49,0.21,-5.32,-0.2
-0.07,0.01,0.99,-0.28,0.5,0.24,-3.94,0.64
-0.04,0.02,1.01,-0.34,0.47,0.26,-2.18,1.29
-0.0,0.03,1.02,-0.38,0.49,0.26,-0.07,1.61
0.03,0.04,1.06,-0.41,0.52,0.25,1.54,1.9
0.05,0.04,1.09,-0.45,0.57,0.27,2.78,2.0
0.08,0.04,1.11,-0.43,0.61,0.28,4.22,2.08
0.11,0.04,1.12,-0.42,0.63,0.31,5.62,1.9
0.14,0.06,1.09,-0.41,0.67,0.31,7.4,2.88
0.17,0.07,1.08,-0.4,0.73,0.31,9.14,3.61
0.19,0.08,1.06,-0.4,0.76,0.3,10.13,4.39
0.2,0.09,1.05,-0.4,0.78,0.28,10.91,4.82
0.22,0.1,1.05,-0.39,0.78,0.26,11.79,5.29
0.23,0.11,1.05,-0.37,0.79,0.23,12.17,5.94
0.23,0.12,1.06,-0.35,0.78,0.21,12.28,6.16
0.24,0.13,1.07,-0.33,0.76,0.19,12.46,6.76
0.24,0.14,1.07,-0.32,0.74,0.17,12.36,7.08
0.23,0.15,1.08,-0.27,0.71,0.15,12.17,7.57
0.22,0.15,1.08,-0.25,0.67,0.14,11.58,7.78
0.22,0.16,1.09,-0.22,0.62,0.13,11.17,8.22
0.2,0.16,1.09,-0.16,0.57,0.11,10.57,8.48
0.2,0.17,1.08,-0.13,0.52,0.09,10.6,8.97
0.19,0.17,1.05,-0.08,0.46,0.09,9.96,8.83
0.17,0.16,1.04,-0.05,0.39,0.08,9.42,8.87
0.15,0.15,1.02,-0.0,0.32,0.06,8.41,8.26
0.14,0.13,0.99,0.01,0.28,0.04,8.2,7.59
0.12,0.11,0.97,0.02,0.24,0.02,7.0,6.26
0.1,0.09,0.97,0.02,0.25,-0.03,5.81,5.29
0.06,0.06,0.97,0.01,0.2,-0.05,3.56,3.29
0.03,0.02,0.97,-0.01,0.2,-0.06,1.61,1.44
-0.01,-0.0,0.98,-0.04,0.2,-0.06,-0.63,-0.07
-0.03,-0.03,0.98,-0.08,0.18,-0.04,-1.99,-1.6
-0.05,-0.04,0.98,-0.12,0.15,-0.02,-2.66,-2.41
-0.06,-0.04,0.98,-0.18,0.12,-0.01,-3.34,-2.37
-0.06,-0.04,0.98,-0.25,0.09,0.02,-3.79,-2.33
-0.06,-0.03,0.99,-0.31,0.05,0.05,-3.31,-1.58
-0.05,0.0,1.0,-0.36,0.0,0.08,-2.95,0.11
-0.03,0.04,1.0,-0.37,-0.05,0.1,-1.64,2.25
-0.0,0.06,1.0,-0.4,-0.07,0.12,-0.28,3.52
0.01,0.09,1.0,-0.41,-0.12,0.13,0.46,5.05
0.02,0.11,1.0,-0.38,-0.16,0.14,1.03,6.07
0.02,0.12,1.01,-0.38,-0.17,0.12,1.0,6.85
0.02,0.14,1.01,-0.36,-0.17,0.12,1.05,7.64
0.02,0.14,1.02,-0.35,-0.16,0.12,1.22,7.89
0.04,0.16,1.03,-0.31,-0.16,0.12,2.14,8.59
0.04,0.16,1.03,-0.26,-0.15,0.1,2.27,9.07
0.05,0.16,1.05,-0.22,-0.13,0.09,2.84,8.68
0.06,0.16,1.05,-0.16,-0.1,0.1,3.21,8.54
0.05,0.16,1.06,-0.12,-0.1,0.1,2.86,8.4
0.05,0.15,1.05,-0.06,-0.06,0.08,2.54,8.4
0.05,0.16,1.03,-0.02,-0.03,0.08,2.82,8.88
0.05,0.16,1.02,0.04,-0.01,0.08,2.9,8.64
0.05,0.15,1.0,0.1,0.01,0.06,2.64,8.63
0.05,0.15,1.0,0.15,0.01,0.06,2.69,8.53
0.04,0.14,0.98,0.17,0.05,0.03,2.5,8.04
0.04,0.13,0.96,0.2,0.06,0.02,2.15,7.48
0.02,0.11,0.94,0.23,0.07,0.01,0.92,6.39
0.0,0.09,0.93,0.26,0.05,-0.0,0.29,5.67
-0.01,0.07,0.92,0.25,0.08,-0.01,-0.83,4.49
-0.02,0.05,0.92,0.26,0.07,-0.01,-1.55,3.4
-0.04,0.03,0.91,0.26,0.05,-0.01,-2.44,2.19
-0.04,0.03,0.91,0.24,0.05,0.0,-2.34,2.06
-0.04,0.02,0.9,0.23,0.06,0.0,-2.67,1.1
-0.04,0.01,0.9,0.23,0.05,0.01,-2.79,0.74
-0.05,0.01,0.89,0.19,0.04,0.01,-3.22,0.43
-0.05,0.01,0.89,0.17,0.03,0.01,-3.17,0.54
-0.05,0.0,0.89,0.14,0.01,-0.01,-3.27,0.17
-0.05,-0.0,0.88,0.11,0.01,-0.01,-3.34,-0.06
-0.05,-0.0,0.89,0.1,-0.0,-0.0,-3.31,-0.05
-0.05,0.0,0.9,0.09,-0.01,0.0,-3.0,0.11
-0.04,0.01,0.91,0.06,0.0,-0.01,-2.67,0.58
-0.04,0.01,0.91,0.06,0.0,-0.01,-2.8,0.73
-0.05,0.01,0.92,0.05,-0.01,-0.02,-3.19,0.92
-0.05,0.02,0.94,0.05,-0.01,-0.02,-3.23,1.05
-0.06,0.01,0.95,0.05,0.01,-0.02,-3.76,0.52
-0.06,0.01,0.95,0.05,-0.0,0.01,-3.71,0.5
-0.06,0.01,0.96,0.05,-0.01,0.01,-3.84,0.3
-0.06,0.0,0.95,0.05,-0.01,0.03,-3.5,0.23
-0.06,0.0,0.93,0.04,0.01,0.03,-3.74,0.2
-0.06,0.0,0.92,0.03,0.02,0.03,-3.63,0.16
-0.05,0.0,0.91,0.01,0.01,0.02,-3.37,0.21
-0.06,0.01,0.91,-0.02,0.0,0.02,-3.63,0.4
-0.06,0.01,0.92,-0.02,-0.0,0.02,-3.87,0.37
-0.07,0.0,0.93,-0.04,0.01,0.03,-4.05,0.06
-0.06,0.01,0.93,-0.05,-0.01,0.03,-3.62,0.47
-0.06,0.02,0.94,-0.06,-0.02,0.03,-3.4,1.12
-0.06,0.03,0.94,-0.08,-0.01,0.02,-3.37,1.54
-0.04,0.04,0.94,-0.09,-0.02,0.02,-2.31,2.18
-0.05,0.03,0.95,-0.14,-0.04,0.02,-3.01,1.6
-0.05,0.03,0.96,-0.12,-0.04,0.03,-2.82,2.07
-0.05,0.04,0.98,-0.1,-0.03,0.02,-3.1,2.55
-0.06,0.04,0.98,-0.1,-0.0,0.03,-3.21,2.6
-0.05,0.04,0.98,-0.09,-0.01,0.04,-2.95,2.61
-0.05,0.05,0.97,-0.09,-0.01,0.04,-2.85,2.73
-0.04,0.06,0.97,-0.08,0.01,0.04,-2.28,3.29
-0.03,0.06,0.96,-0.08,0.01,0.05,-1.66,3.47
-0.03,0.06,0.95,-0.07,0.03,0.04,-1.64,3.88
-0.03,0.06,0.96,-0.05,0.02,0.04,-1.79,3.76
-0.03,0.06,0.95,-0.05,0.02,0.04,-1.9,3.48
-0.03,0.06,0.94,-0.05,0.05,0.04,-1.69,3.45
-0.03,0.05,0.93,-0.05,0.04,0.04,-1.78,3.22
-0.03,0.05,0.93,-0.03,0.03,0.04,-1.82,3.23
-0.04,0.04,0.92,-0.04,0.03,0.03,-2.32,2.64
-0.03,0.04,0.92,-0.06,0.03,0.02,-2.04,2.56
-0.04,0.03,0.92,-0.07,0.03,0.02,-2.66,2.15
-0.04,0.04,0.93,-0.08,0.02,0.03,-2.49,2.36
-0.04,0.03,0.93,-0.1,0.01,0.04,-2.25,2.11
-0.03,0.05,0.94,-0.09,0.02,0.03,-2.01,2.94
-0.03,0.05,0.94,-0.11,0.0,0.04,-1.52,3.07
-0.02,0.06,0.94,-0.11,-0.01,0.04,-1.4,3.45
-0.02,0.06,0.94,-0.1,-0.02,0.04,-1.04,3.53
-0.02,0.06,0.95,-0.09,-0.01,0.03,-1.03,3.73
-0.01,0.06,0.96,-0.1,-0.0,0.03,-0.66,3.7
-0.0,0.07,0.96,-0.07,-0.0,0.04,-0.11,4.17
0.0,0.07,0.96,-0.05,-0.0,0.03,0.03,4.16
-0.0,0.06,0.95,-0.04,-0.0,0.04,-0.09,3.9
-0.01,0.06,0.94,-0.03,0.02,0.01,-0.72,3.82
-0.0,0.06,0.95,-0.04,0.03,0.01,-0.26,3.89
-0.01,0.06,0.95,-0.02,0.01,0.0,-0.6,3.62
-0.01,0.06,0.94,-0.02,0.02,-0.0,-0.89,3.52
-0.02,0.06,0.95,-0.02,0.02,-0.01,-0.95,3.39
-0.01,0.05,0.94,-0.01,0.01,-0.0,-0.59,3.25
-0.01,0.05,0.94,0.0,-0.01,0.0,-0.82,2.93
-0.03,0.04,0.94,-0.0,-0.0,-0.01,-1.78,2.41
-0.03,0.04,0.95,-0.01,-0.0,-0.01,-1.68,2.33
-0.03,0.04,0.95,-0.01,-0.01,-0.01,-1.69,2.46
-0.03,0.03,0.95,-0.01,-0.01,-0.01,-1.68,1.86
-0.03,0.04,0.95,-0.02,-0.01,-0.01,-1.81,2.12
-0.03,0.04,0.94,-0.01,0.01,-0.01,-1.57,2.31
-0.03,0.04,0.94,-0.01,0.0,-0.01,-1.81,2.36
-0.03,0.04,0.93,-0.01,0.0,-0.0,-1.95,2.38
-0.04,0.04,0.93,-0.01,0.01,-0.02,-2.23,2.35
-0.03,0.04,0.93,-0.03,0.03,-0.03,-1.83,2.33
-0.03,0.04,0.93,-0.03,0.03,-0.03,-2.09,2.22
-0.03,0.03,0.93,-0.01,0.01,-0.03,-1.92,1.98
-0.04,0.03,0.94,-0.01,0.01,-0.03,-2.62,1.9
-0.05,0.03,0.94,-0.02,0.01,-0.03,-2.81,1.77
-0.05,0.03,0.95,-0.04,0.01,-0.02,-3.15,1.65
-0.05,0.03,0.95,-0.03,0.01,-0.03,-2.83,1.94
-0.05,0.04,0.95,-0.03,-0.0,-0.02,-2.73,2.34
-0.05,0.04,0.94,-0.04,0.01,-0.02,-2.84,2.17
-0.04,0.04,0.95,-0.05,0.02,-0.02,-2.37,2.19
-0.05,0.03,0.95,-0.04,0.01,-0.02,-2.71,1.81
-0.05,0.03,0.97,-0.04,-0.0,-0.01,-2.77,2.04
-0.05,0.04,0.98,-0.05,0.03,-0.03,-2.66,2.14
-0.04,0.04,0.97,-0.04,0.01,-0.0,-2.3,2.16
-0.04,0.03,0.97,-0.04,0.02,-0.01,-2.56,1.71
-0.05,0.04,0.97,-0.02,0.01,-0.0,-2.93,2.25
-0.05,0.04,0.96,-0.02,0.01,-0.01,-2.72,2.21
-0.04,0.04,0.96,-0.03,0.03,0.01,-2.36,2.48
-0.03,0.04,0.95,-0.03,0.02,0.01,-1.93,2.4
-0.03,0.04,0.95,-0.02,0.02,0.02,-2.03,2.4
-0.04,0.04,0.94,-0.03,0.05,0.0,-2.17,2.55
-0.03,0.04,0.94,-0.03,0.04,0.0,-1.66,2.66
-0.03,0.04,0.93,-0.03,0.03,0.01,-1.64,2.49
-0.03,0.04,0.93,-0.04,0.04,-0.0,-1.89,2.52
-0.04,0.04,0.93,-0.04,0.02,0.0,-2.21,2.63
-0.04,0.04,0.93,-0.06,0.03,-0.01,-2.37,2.47
-0.04,0.04,0.94,-0.05,0.03,-0.01,-2.14,2.58
-0.04,0.04,0.94,-0.06,0.0,-0.01,-2.33,2.52
-0.03,0.05,0.94,-0.07,0.02,-0.01,-2.0,3.02
-0.04,0.04,0.95,-0.08,0.01,-0.01,-2.51,2.47
-0.04,0.05,0.95,-0.08,-0.0,-0.02,-2.37,2.73
-0.04,0.05,0.95,-0.07,-0.02,-0.01,-2.45,2.98
-0.04,0.05,0.96,-0.06,-0.02,-0.01,-2.16,2.68
-0.03,0.05,0.96,-0.07,-0.01,0.0,-1.81,2.74
-0.03,0.05,0.96,-0.05,-0.02,0.0,-1.52,3.15
-0.02,0.05,0.95,-0.04,-0.01,0.02,-1.13,2.9
-0.02,0.05,0.95,-0.03,0.01,-0.01,-1.21,3.25
-0.02,0.05,0.94,-0.03,0.02,-0.02,-1.14,3.08
-0.03,0.05,0.95,-0.03,0.03,-0.03,-1.52,2.94
-0.03,0.05,0.95,-0.03,0.03,-0.05,-1.92,3.12
-0.03,0.04,0.96,-0.03,0.04,-0.05,-1.66,2.58
-0.03,0.04,0.97,-0.02,0.05,-0.04,-1.68,2.12
-0.03,0.04,0.97,-0.02,0.05,-0.04,-1.68,2.06
-0.03,0.04,0.98,-0.0,0.04,-0.04,-1.48,2.21
-0.02,0.04,0.97,-0.01,0.05,-0.04,-1.36,2.57
-0.03,0.04,0.97,0.01,0.06,-0.05,-1.67,2.15
-0.02,0.04,0.97,-0.0,0.07,-0.03,-1.47,2.38
-0.03,0.04,0.97,0.02,0.05,-0.03,-1.51,2.42
-0.02,0.04,0.97,0.03,0.05,-0.03,-1.14,2.39
-0.02,0.04,0.96,0.03,0.06,-0.02,-0.92,2.56
-0.01,0.05,0.96,0.04,0.06,-0.02,-0.37,3.01
-0.01,0.05,0.95,0.04,0.05,-0.03,-0.39,2.84
-0.0,0.04,0.94,0.05,0.05,-0.04,-0.21,2.32
-0.01,0.05,0.94,0.04,0.04,-0.05,-0.63,3.01
-0.02,0.05,0.94,0.03,0.04,-0.05,-0.99,3.03
-0.01,0.05,0.94,0.02,0.03,-0.05,-0.87,2.8
-0.01,0.06,0.95,0.02,0.0,-0.05,-0.64,3.38
-0.02,0.06,0.94,0.02,0.01,-0.05,-1.06,3.56
-0.01,0.07,0.94,0.01,0.0,-0.05,-0.84,4.42
-0.02,0.07,0.95,0.01,-0.01,-0.06,-0.92,4.07
-0.02,0.07,0.96,0.0,-0.02,-0.06,-0.92,4.36
-0.02,0.08,0.96,0.01,-0.01,-0.08,-1.12,4.84
-0.02,0.08,0.97,0.01,-0.0,-0.07,-1.19,4.7
-0.02,0.08,0.98,0.02,-0.01,-0.08,-1.19,4.64
-0.03,0.07,0.99,0.03,-0.01,-0.06,-1.71,4.13
-0.03,0.07,0.99,0.03,-0.02,-0.07,-1.63,4.3
-0.03,0.07,0.99,0.03,-0.02,-0.06,-1.7,4.27
-0.02,0.08,1.0,0.03,-0.03,-0.06,-1.08,4.48
-0.02,0.09,1.01,0.05,-0.06,-0.06,-1.37,4.94
-0.03,0.08,1.01,0.05,-0.06,-0.05,-1.63,4.51
-0.03,0.09,1.02,0.08,-0.07,-0.04,-1.92,4.96
-0.03,0.09,1.03,0.08,-0.08,-0.03,-1.6,4.85
-0.03,0.09,1.03,0.11,-0.09,-0.02,-1.53,4.81
-0.02,0.09,1.02,0.14,-0.09,-0.02,-1.04,4.93
-0.02,0.09,1.02,0.15,-0.07,-0.03,-1.04,5.21
-0.02,0.09,1.0,0.18,-0.05,-0.03,-1.17,4.95
-0.02,0.08,0.99,0.21,-0.04,-0.03,-1.32,4.41
-0.03,0.07,0.99,0.23,-0.01,-0.04,-1.79,4.25
-0.03,0.07,0.98,0.25,0.01,-0.04,-2.01,3.85
-0.04,0.06,0.97,0.26,0.02,-0.03,-2.52,3.27
-0.05,0.04,0.95,0.27,0.01,-0.03,-2.83,2.43
-0.05,0.03,0.94,0.27,0.03,-0.04,-3.04,1.71
-0.04,0.03,0.93,0.26,0.05,-0.04,-2.62,1.74
-0.05,0.03,0.92,0.27,0.06,-0.03,-2.95,1.68
-0.04,0.02,0.91,0.25,0.06,-0.04,-2.6,1.5
-0.04,0.01,0.89,0.27,0.06,-0.04,-2.72,0.93
-0.04,0.01,0.88,0.24,0.08,-0.06,-2.54,0.46
-0.04,0.0,0.89,0.21,0.08,-0.05,-2.68,0.2
-0.06,-0.01,0.89,0.21,0.06,-0.05,-3.75,-0.43
-0.06,-0.01,0.89,0.2,0.06,-0.05,-3.89,-0.56
-0.06,-0.01,0.88,0.17,0.05,-0.05,-4.07,-0.9
-0.07,-0.01,0.87,0.15,0.04,-0.04,-4.48,-0.72
-0.07,-0.01,0.87,0.13,0.01,-0.02,-4.35,-0.56
-0.07,-0.01,0.86,0.1,0.02,-0.03,-4.5,-0.44
-0.07,-0.0,0.86,0.07,0.0,-0.03,-4.44,-0.04
-0.07,-0.0,0.87,0.04,0.01,-0.03,-4.35,-0.08
-0.06,0.01,0.88,0.03,0.01,-0.04,-4.17,0.36
-0.06,0.01,0.89,0.01,-0.0,-0.04,-3.92,0.55
-0.06,0.01,0.9,0.0,0.01,-0.03,-3.82,0.45
-0.06,0.01,0.89,-0.02,0.03,-0.03,-3.98,0.71
-0.06,0.02,0.9,-0.03,0.01,-0.02,-3.53,0.98
-0.05,0.02,0.89,-0.04,0.0,-0.02,-3.19,1.1
-0.05,0.01,0.89,-0.04,0.02,-0.02,-3.19,0.81
-0.05,0.02,0.9,-0.06,0.01,-0.02,-3.49,1.02
-0.04,0.01,0.91,-0.07,0.03,-0.03,-2.84,0.88
-0.04,0.01,0.91,-0.08,0.02,-0.03,-2.44,0.9
-0.03,0.02,0.91,-0.09,0.04,-0.03,-2.12,1.17
-0.03,0.02,0.91,-0.1,0.05,-0.02,-1.98,1.46
-0.03,0.03,0.92,-0.1,0.05,-0.02,-1.57,1.88
-0.01,0.03,0.92,-0.11,0.02,-0.02,-0.72,1.71
-0.01,0.03,0.91,-0.12,0.03,-0.04,-0.55,1.82
0.0,0.04,0.94,-0.13,0.04,-0.04,0.13,2.35
0.01,0.05,0.95,-0.12,0.03,-0.05,0.43,2.85
0.02,0.05,0.96,-0.13,0.03,-0.05,1.03,3.02
0.01,0.05,0.97,-0.12,0.02,-0.04,0.86,3.21
0.03,0.05,0.99,-0.1,0.01,-0.05,1.8,3.11
0.03,0.07,0.99,-0.08,-0.0,-0.05,1.69,4.28
0.04,0.08,0.99,-0.06,-0.03,-0.05,2.53,4.48
0.06,0.07,1.0,-0.03,0.0,-0.07,3.19,4.12
0.07,0.08,1.01,-0.01,0.02,-0.07,4.19,4.29
0.07,0.08,1.0,0.03,0.02,-0.09,3.94,4.8
0.07,0.08,1.0,0.06,0.01,-0.1,3.77,4.36
0.05,0.07,1.0,0.08,0.05,-0.13,3.04,4.0
0.05,0.07,1.0,0.1,0.04,-0.13,2.77,4.14
0.04,0.07,1.01,0.1,0.05,-0.14,2.52,3.84
0.04,0.07,1.02,0.13,0.02,-0.13,2.44,3.94
0.04,0.08,1.02,0.15,0.03,-0.15,2.17,4.22
0.04,0.07,1.02,0.17,0.01,-0.15,2.43,4.14
0.04,0.07,1.01,0.19,-0.0,-0.14,2.02,4.11
0.04,0.08,1.01,0.21,-0.03,-0.15,2.14,4.29
0.04,0.08,1.01,0.24,-0.02,-0.16,2.04,4.34
0.04,0.08,1.0,0.25,-0.01,-0.17,2.33,4.36
0.04,0.07,0.99,0.29,-0.03,-0.18,2.37,4.26
0.04,0.08,0.97,0.3,-0.03,-0.19,2.33,4.82
0.04,0.07,0.97,0.32,-0.02,-0.21,2.32,4.09
0.04,0.07,0.97,0.34,0.02,-0.24,2.11,4.01
0.03,0.08,0.96,0.36,0.04,-0.25,1.62,4.6
0.03,0.09,0.96,0.4,0.02,-0.27,1.91,5.13
0.03,0.07,0.95,0.41,0.02,-0.28,1.56,4.0
0.01,0.04,0.94,0.43,0.06,-0.31,0.75,2.34
-0.01,0.02,0.93,0.44,0.07,-0.31,-0.53,0.95
-0.03,0.0,0.92,0.41,0.1,-0.33,-2.03,0.15
-0.04,-0.0,0.91,0.39,0.1,-0.33,-2.53,-0.11
-0.05,-0.01,0.92,0.36,0.11,-0.34,-2.91,-0.91
-0.05,-0.02,0.95,0.33,0.1,-0.32,-3.0,-1.19
-0.06,-0.02,0.98,0.29,0.05,-0.28,-3.55,-1.04
-0.05,0.0,0.99,0.26,-0.04,-0.23,-3.02,0.08
-0.04,0.01,1.0,0.24,-0.09,-0.2,-2.09,0.42
-0.01,0.01,0.99,0.2,-0.14,-0.16,-0.75,0.77
0.0,0.04,0.97,0.19,-0.17,-0.15,0.19,2.32
0.03,0.07,0.96,0.16,-0.2,-0.15,1.72,4.32
0.05,0.1,0.96,0.17,-0.2,-0.16,2.86,5.89
0.07,0.12,0.99,0.17,-0.2,-0.18,4.15,7.06
0.1,0.13,1.0,0.2,-0.21,-0.19,5.42,7.57
0.09,0.13,1.01,0.24,-0.2,-0.22,5.27,7.52
0.09,0.13,1.02,0.27,-0.2,-0.24,5.13,7.45
0.09,0.13,1.01,0.31,-0.19,-0.26,4.92,7.23
0.07,0.12,1.02,0.32,-0.18,-0.27,4.14,6.71
0.06,0.1,1.02,0.36,-0.19,-0.28,3.38,5.54
0.05,0.09,1.03,0.36,-0.18,-0.29,2.84,4.96
0.05,0.09,1.04,0.36,-0.19,-0.28,2.47,4.74
0.06,0.09,1.03,0.36,-0.22,-0.26,3.2,4.79
0.07,0.1,1.03,0.37,-0.27,-0.26,3.65,5.47
0.1,0.11,1.04,0.37,-0.29,-0.26,5.25,5.83
0.11,0.12,1.04,0.39,-0.32,-0.28,5.85,6.62
0.1,0.13,1.04,0.4,-0.33,-0.29,5.58,7.36
0.11,0.14,1.04,0.43,-0.36,-0.31,6.04,7.65
0.12,0.14,1.05,0.47,-0.36,-0.33,6.39,7.76
0.12,0.15,1.07,0.5,-0.37,-0.35,6.4,7.77
0.12,0.15,1.08,0.56,-0.4,-0.36,6.07,7.77
0.12,0.15,1.09,0.62,-0.41,-0.38,6.12,7.81
0.11,0.14,1.08,0.68,-0.41,-0.4,5.87,7.51
0.11,0.13,1.08,0.74,-0.4,-0.42,5.54,6.92
0.09,0.11,1.06,0.8,-0.41,-0.44,4.61,5.8
0.07,0.09,1.06,0.86,-0.4,-0.45,3.89,4.86
0.05,0.06,1.04,0.9,-0.4,-0.46,2.53,3.57
0.02,0.05,1.03,0.89,-0.36,-0.48,1.03,2.71
-0.01,0.02,1.02,0.91,-0.36,-0.47,-0.29,1.14
-0.03,0.01,1.01,0.92,-0.36,-0.46,-1.46,0.48
-0.04,-0.0,1.01,0.9,-0.35,-0.46,-2.32,-0.05
-0.05,-0.01,1.0,0.9,-0.32,-0.46,-3.01,-0.32
-0.06,-0.0,1.0,0.89,-0.32,-0.43,-3.22,-0.26
-0.06,-0.01,1.0,0.89,-0.32,-0.41,-3.4,-0.55
-0.06,-0.01,0.99,0.89,-0.33,-0.4,-3.49,-0.45
-0.06,-0.01,0.98,0.89,-0.33,-0.38,-3.63,-0.58
-0.07,-0.01,0.96,0.88,-0.32,-0.37,-4.1,-0.33
-0.08,-0.0,0.95,0.88,-0.33,-0.35,-4.57,-0.26
-0.08,-0.01,0.93,0.89,-0.34,-0.35,-4.81,-0.52
-0.08,-0.0,0.91,0.88,-0.33,-0.34,-4.95,-0.19
-0.09,-0.01,0.89,0.87,-0.31,-0.34,-5.74,-0.92
-0.09,-0.01,0.87,0.86,-0.31,-0.34,-6.02,-0.87
-0.11,-0.02,0.85,0.85,-0.3,-0.34,-7.44,-1.16
-0.13,-0.03,0.83,0.82,-0.27,-0.35,-8.97,-1.84
-0.14,-0.04,0.83,0.82,-0.27,-0.36,-9.86,-2.49
-0.17,-0.04,0.82,0.78,-0.26,-0.36,-11.5,-2.73
-0.19,-0.05,0.81,0.75,-0.26,-0.34,-12.92,-3.54
-0.2,-0.06,0.8,0.7,-0.24,-0.34,-14.25,-4.02
-0.22,-0.06,0.79,0.66,-0.24,-0.33,-15.52,-4.33
-0.24,-0.07,0.78,0.62,-0.24,-0.31,-17.07,-4.64
-0.26,-0.07,0.77,0.58,-0.25,-0.29,-18.58,-5.26
-0.28,-0.08,0.76,0.51,-0.25,-0.28,-19.84,-5.56
-0.29,-0.08,0.77,0.46,-0.26,-0.26,-20.48,-5.6
-0.3,-0.09,0.78,0.39,-0.25,-0.24,-21.11,-6.33
-0.32,-0.09,0.77,0.34,-0.26,-0.22,-22.13,-6.33
-0.32,-0.1,0.77,0.28,-0.26,-0.18,-22.65,-6.74
-0.33,-0.1,0.75,0.22,-0.24,-0.16,-23.76,-6.9
-0.33,-0.11,0.75,0.16,-0.24,-0.13,-23.77,-7.33
-0.34,-0.1,0.75,0.09,-0.24,-0.1,-24.09,-6.94
-0.34,-0.1,0.75,0.03,-0.22,-0.09,-24.32,-6.7
-0.34,-0.1,0.74,-0.05,-0.2,-0.07,-24.64,-7.09
-0.35,-0.1,0.74,-0.09,-0.19,-0.05,-24.82,-7.21
-0.35,-0.1,0.74,-0.15,-0.19,-0.03,-25.36,-7.02
-0.35,-0.1,0.74,-0.23,-0.18,0.0,-25.24,-6.96
-0.35,-0.1,0.74,-0.31,-0.17,0.04,-24.99,-7.14
-0.34,-0.09,0.75,-0.36,-0.17,0.06,-23.92,-6.28
-0.33,-0.09,0.76,-0.43,-0.17,0.09,-23.55,-6.46
-0.33,-0.09,0.76,-0.5,-0.15,0.11,-23.04,-6.25
-0.32,-0.08,0.78,-0.56,-0.15,0.14,-22.15,-5.7
-0.31,-0.09,0.78,-0.62,-0.16,0.19,-21.63,-6.17
-0.28,-0.08,0.79,-0.67,-0.16,0.21,-19.55,-5.52
-0.27,-0.07,0.79,-0.74,-0.17,0.23,-18.9,-4.7
-0.27,-0.06,0.82,-0.78,-0.15,0.26,-18.06,-3.91
-0.25,-0.04,0.85,-0.83,-0.15,0.3,-16.17,-2.77
-0.22,-0.04,0.87,-0.86,-0.14,0.32,-14.25,-2.27
-0.18,-0.02,0.88,-0.87,-0.12,0.36,-11.85,-1.2
-0.17,-0.0,0.89,-0.88,-0.08,0.36,-10.59,-0.25
-0.14,0.01,0.9,-0.86,-0.04,0.38,-9.15,0.54
-0.13,0.01,0.9,-0.86,0.0,0.38,-8.39,0.63
-0.12,0.02,0.92,-0.85,0.06,0.37,-7.54,0.96
-0.12,0.01,0.93,-0.87,0.14,0.37,-7.06,0.87
-0.11,0.02,0.94,-0.84,0.17,0.39,-6.51,1.0
-0.1,0.02,0.95,-0.82,0.21,0.4,-5.85,1.46
-0.09,0.03,0.95,-0.82,0.25,0.4,-5.42,1.74
-0.07,0.04,0.95,-0.82,0.28,0.41,-4.31,2.56
-0.06,0.05,0.95,-0.81,0.3,0.41,-3.58,2.75
-0.05,0.06,0.95,-0.8,0.32,0.41,-2.88,3.56
-0.03,0.06,0.95,-0.79,0.33,0.42,-1.78,3.81
-0.0,0.08,0.95,-0.81,0.36,0.42,-0.18,4.82
0.01,0.09,0.95,-0.8,0.35,0.42,0.87,5.55
0.03,0.11,0.95,-0.78,0.34,0.4,2.07,6.42
0.05,0.12,0.95,-0.74,0.33,0.38,3.23,7.11
0.06,0.13,0.95,-0.72,0.34,0.36,3.64,7.8
0.08,0.14,0.95,-0.71,0.34,0.34,4.55,8.16
0.08,0.14,0.96,-0.68,0.35,0.31,4.99,8.36
0.09,0.14,0.97,-0.66,0.34,0.3,5.4,8.43
0.1,0.14,0.98,-0.63,0.36,0.27,5.77,8.09
0.1,0.14,0.98,-0.58,0.37,0.26,5.8,8.05
0.1,0.13,0.98,-0.54,0.39,0.23,5.8,7.39
0.1,0.12,0.99,-0.52,0.4,0.21,5.46,6.84
0.09,0.11,0.99,-0.49,0.43,0.19,5.04,6.27
0.09,0.1,1.0,-0.49,0.46,0.2,4.95,5.63
0.09,0.09,1.01,-0.45,0.46,0.19,4.88,5.27
0.1,0.09,1.03,-0.44,0.47,0.2,5.32,4.82
0.09,0.08,1.01,-0.42,0.47,0.2,5.21,4.53
0.1,0.08,1.01,-0.42,0.5,0.19,5.64,4.54
0.1,0.08,1.0,-0.39,0.49,0.2,5.66,4.37
0.1,0.07,0.98,-0.37,0.48,0.18,5.84,4.15
0.11,0.07,0.97,-0.38,0.48,0.17,6.36,4.25
0.11,0.07,0.97,-0.39,0.48,0.16,6.26,4.37
0.1,0.07,0.96,-0.39,0.46,0.15,6.13,4.25
0.1,0.06,0.96,-0.39,0.42,0.14,6.09,3.41
0.09,0.06,0.95,-0.39,0.42,0.11,5.17,3.68
0.09,0.05,0.95,-0.41,0.39,0.1,5.33,2.78
0.09,0.05,0.96,-0.42,0.38,0.09,5.19,2.83
0.08,0.05,0.95,-0.42,0.34,0.09,5.07,2.97
0.09,0.05,0.95,-0.43,0.32,0.07,5.3,2.83
0.07,0.04,0.93,-0.46,0.3,0.05,4.52,2.62
0.08,0.05,0.92,-0.48,0.26,0.04,4.88,2.91
0.07,0.05,0.92,-0.49,0.21,0.03,4.08,2.9
0.07,0.05,0.93,-0.52,0.18,0.0,4.4,3.05
0.06,0.05,0.93,-0.54,0.14,-0.02,3.81,3.23
0.06,0.05,0.93,-0.55,0.1,-0.03,3.8,3.31
0.06,0.06,0.94,-0.54,0.05,-0.05,3.63,3.61
0.06,0.07,0.94,-0.56,0.03,-0.07,3.73,4.04
0.05,0.06,0.95,-0.56,0.02,-0.09,3.1,3.7
0.05,0.06,0.95,-0.56,0.01,-0.1,2.93,3.64
0.03,0.05,0.96,-0.56,-0.02,-0.12,1.91,3.12
0.02,0.05,0.98,-0.56,-0.03,-0.14,1.19,2.75
0.0,0.04,0.99,-0.57,-0.03,-0.15,0.28,2.26
-0.01,0.04,1.0,-0.58,-0.05,-0.15,-0.35,2.28
-0.01,0.04,1.01,-0.58,-0.07,-0.14,-0.73,2.43
-0.01,0.05,1.02,-0.57,-0.08,-0.13,-0.71,3.07
-0.02,0.06,1.03,-0.56,-0.08,-0.13,-1.27,3.07
-0.03,0.05,1.05,-0.54,-0.11,-0.11,-1.58,2.78
-0.03,0.06,1.07,-0.55,-0.11,-0.11,-1.74,3.07
-0.03,0.06,1.08,-0.5,-0.13,-0.1,-1.85,3.08
-0.03,0.07,1.08,-0.49,-0.12,-0.08,-1.84,3.8
-0.03,0.07,1.08,-0.47,-0.11,-0.06,-1.44,3.88
-0.03,0.08,1.07,-0.4,-0.11,-0.06,-1.47,4.04
-0.02,0.08,1.07,-0.36,-0.09,-0.04,-1.22,4.4
-0.02,0.09,1.06,-0.31,-0.03,-0.05,-1.15,4.62
-0.02,0.09,1.06,-0.28,0.01,-0.06,-1.22,4.75
-0.02,0.08,1.05,-0.21,0.06,-0.06,-1.05,4.26
-0.03,0.07,1.04,-0.17,0.1,-0.06,-1.65,3.8
-0.03,0.07,1.04,-0.15,0.15,-0.07,-1.9,3.64
-0.04,0.06,1.03,-0.12,0.19,-0.06,-2.23,3.33
-0.05,0.05,1.02,-0.08,0.19,-0.05,-2.54,2.68
-0.06,0.04,1.0,-0.05,0.21,-0.04,-3.21,2.13
-0.07,0.02,0.99,-0.03,0.24,-0.04,-3.79,1.27
-0.07,0.01,0.98,-0.02,0.24,-0.03,-3.91,0.58
-0.06,0.0,0.97,-0.03,0.23,-0.01,-3.79,0.27
-0.07,-0.01,0.96,-0.01,0.22,-0.01,-4.03,-0.41
-0.06,-0.01,0.94,-0.03,0.22,-0.0,-3.94,-0.52
-0.06,-0.02,0.93,-0.03,0.2,0.01,-3.95,-0.98
-0.06,-0.02,0.93,-0.06,0.21,0.01,-3.84,-1.36
-0.06,-0.03,0.92,-0.08,0.18,0.02,-3.9,-1.6
-0.06,-0.02,0.91,-0.1,0.19,0.02,-4.03,-1.56
-0.06,-0.02,0.91,-0.12,0.2,0.02,-3.71,-1.4
-0.05,-0.02,0.91,-0.14,0.17,0.03,-3.4,-1.3
-0.05,-0.02,0.92,-0.15,0.16,0.03,-3.25,-1.31
-0.05,-0.01,0.91,-0.16,0.16,0.02,-3.26,-0.85
-0.05,-0.01,0.91,-0.19,0.16,0.03,-2.9,-0.91
-0.05,-0.02,0.91,-0.2,0.13,0.03,-3.06,-1.01
-0.05,-0.01,0.92,-0.22,0.14,0.03,-2.9,-0.68
-0.04,-0.01,0.92,-0.24,0.14,0.03,-2.63,-0.6
-0.03,-0.01,0.93,-0.25,0.14,0.02,-2.13,-0.71
-0.03,-0.01,0.93,-0.27,0.15,0.02,-2.05,-0.56
-0.02,-0.01,0.95,-0.26,0.14,0.03,-1.43,-0.52
-0.02,-0.01,0.94,-0.25,0.15,0.03,-1.12,-0.59
-0.02,-0.01,0.95,-0.28,0.17,0.03,-1.08,-0.3
-0.02,0.0,0.96,-0.28,0.16,0.04,-0.92,0.04
-0.01,0.0,0.97,-0.27,0.16,0.03,-0.69,0.2
-0.01,0.01,0.98,-0.28,0.14,0.03,-0.88,0.37
-0.0,0.01,0.99,-0.29,0.13,0.05,-0.16,0.85
0.0,0.02,1.0,-0.28,0.11,0.05,0.18,1.24
0.01,0.03,1.0,-0.27,0.1,0.06,0.74,1.58
0.02,0.04,1.0,-0.27,0.1,0.07,0.95,2.06
0.03,0.05,1.0,-0.25,0.12,0.07,1.68,2.77
0.04,0.05,1.0,-0.24,0.12,0.08,2.19,2.9
0.05,0.06,1.0,-0.22,0.13,0.08,2.71,3.21
0.05,0.07,1.0,-0.19,0.14,0.06,3.01,3.73
0.07,0.07,1.0,-0.16,0.18,0.06,3.7,3.99
0.08,0.08,0.98,-0.13,0.19,0.05,4.62,4.79
0.08,0.08,0.96,-0.12,0.22,0.03,4.55,4.79
0.07,0.08,0.96,-0.09,0.21,0.01,4.17,4.93
0.06,0.08,0.97,-0.08,0.23,-0.01,3.71,4.92
0.06,0.08,0.97,-0.05,0.22,-0.02,3.6,4.65
0.06,0.08,0.97,-0.04,0.2,-0.02,3.42,4.66
0.05,0.08,0.98,-0.01,0.18,-0.03,3.09,4.94
0.06,0.1,0.99,0.01,0.17,-0.02,3.32,5.67
0.05,0.07,0.97,0.01,0.15,-0.04,2.73,4.21
0.04,0.07,0.95,0.02,0.12,-0.04,2.49,4.42
0.04,0.08,0.95,0.02,0.1,-0.05,2.31,5.0
0.03,0.08,0.97,0.01,0.08,-0.05,2.02,4.62
0.04,0.08,0.98,0.01,0.06,-0.07,2.34,4.63
0.04,0.08,0.98,0.02,0.06,-0.08,2.34,4.67
0.05,0.09,0.98,0.04,0.02,-0.07,2.97,5.11
0.05,0.09,0.96,0.05,0.03,-0.08,2.96,5.38
0.05,0.09,0.95,0.05,0.04,-0.1,2.87,5.65
0.04,0.09,0.94,0.05,0.04,-0.11,2.58,5.56
0.05,0.09,0.95,0.07,0.04,-0.13,2.76,5.53
0.04,0.09,0.95,0.08,0.05,-0.16,2.52,5.29
0.03,0.09,0.95,0.07,0.05,-0.16,2.05,5.16
0.03,0.08,0.96,0.07,0.05,-0.19,1.61,4.69
0.01,0.08,0.96,0.08,0.03,-0.19,0.71,4.63
0.01,0.08,0.97,0.09,0.01,-0.19,0.59,4.74
0.0,0.08,0.97,0.08,0.01,-0.19,0.12,4.51
-0.0,0.07,0.98,0.08,-0.01,-0.19,-0.0,4.16
-0.0,0.07,0.98,0.1,-0.03,-0.18,-0.14,4.21
-0.01,0.08,0.98,0.11,-0.04,-0.19,-0.43,4.41
-0.01,0.07,0.98,0.11,-0.03,-0.18,-0.51,4.23
-0.01,0.07,0.98,0.13,-0.04,-0.18,-0.29,4.17
-0.0,0.08,0.97,0.16,-0.04,-0.18,-0.19,4.6
-0.01,0.07,0.98,0.18,-0.03,-0.18,-0.42,4.22
-0.01,0.06,0.97,0.2,-0.01,-0.18,-0.44,3.74
-0.0,0.06,0.96,0.21,0.01,-0.18,-0.28,3.51
-0.01,0.06,0.95,0.23,0.02,-0.19,-0.43,3.8
-0.0,0.05,0.94,0.24,0.04,-0.2,-0.14,2.98
-0.01,0.04,0.92,0.25,0.07,-0.21,-0.33,2.78
-0.01,0.04,0.92,0.26,0.08,-0.21,-0.69,2.64
-0.03,0.04,0.91,0.26,0.08,-0.22,-1.82,2.43
-0.02,0.03,0.91,0.27,0.09,-0.22,-1.54,2.08
-0.04,0.03,0.91,0.25,0.13,-0.23,-2.52,1.89
-0.05,0.03,0.91,0.24,0.13,-0.24,-3.35,1.62
-0.05,0.03,0.92,0.25,0.14,-0.23,-3.36,1.97
-0.04,0.03,0.93,0.25,0.13,-0.22,-2.47,1.92
-0.04,0.03,0.92,0.26,0.14,-0.22,-2.75,1.87
-0.05,0.03,0.91,0.27,0.15,-0.21,-3.15,1.79
-0.05,0.03,0.91,0.26,0.14,-0.2,-3.34,1.83
-0.06,0.03,0.9,0.26,0.13,-0.18,-3.64,1.63
-0.06,0.02,0.9,0.26,0.15,-0.19,-3.52,1.58
-0.06,0.03,0.9,0.24,0.16,-0.19,-3.53,1.73
-0.05,0.03,0.89,0.24,0.17,-0.19,-3.45,1.63
-0.05,0.03,0.88,0.24,0.17,-0.19,-3.42,1.7
-0.06,0.03,0.87,0.23,0.18,-0.19,-3.64,1.71
-0.06,0.03,0.86,0.21,0.21,-0.2,-3.99,2.17
-0.07,0.03,0.87,0.2,0.2,-0.21,-4.49,1.83
-0.07,0.02,0.87,0.19,0.19,-0.2,-4.85,1.47
-0.09,0.02,0.88,0.16,0.21,-0.21,-5.55,1.15
-0.09,0.02,0.89,0.12,0.21,-0.21,-5.92,1.14
-0.09,0.02,0.9,0.11,0.2,-0.2,-5.67,1.24
-0.1,0.02,0.9,0.07,0.16,-0.18,-6.34,1.02
-0.11,0.01,0.91,0.03,0.15,-0.18,-6.72,0.79
-0.11,0.01,0.92,-0.0,0.11,-0.16,-7.13,0.69
-0.12,0.01,0.92,-0.03,0.07,-0.14,-7.24,0.9
-0.11,0.02,0.93,-0.06,0.03,-0.12,-7.03,0.95
-0.11,0.01,0.94,-0.11,0.0,-0.11,-6.5,0.86
-0.1,0.02,0.95,-0.14,-0.02,-0.09,-6.04,1.35
-0.09,0.02,0.96,-0.17,-0.05,-0.08,-5.65,1.41
-0.08,0.04,0.96,-0.18,-0.07,-0.06,-4.75,2.22
-0.07,0.04,0.97,-0.19,-0.07,-0.06,-4.26,2.64
-0.06,0.05,0.98,-0.19,-0.06,-0.06,-3.7,3.03
-0.05,0.06,0.99,-0.2,-0.05,-0.05,-2.97,3.45
-0.04,0.06,1.0,-0.19,-0.07,-0.04,-2.54,3.67
-0.03,0.07,1.01,-0.17,-0.05,-0.04,-1.81,3.82
-0.03,0.07,1.01,-0.15,-0.01,-0.03,-1.81,4.21
-0.03,0.07,1.0,-0.13,0.0,-0.04,-1.53,4.15
-0.03,0.07,1.0,-0.11,0.01,-0.04,-1.47,4.05
-0.02,0.07,1.0,-0.1,0.04,-0.04,-1.12,4.0
-0.02,0.07,0.99,-0.08,0.08,-0.05,-1.4,3.79
-0.02,0.06,0.99,-0.06,0.07,-0.04,-1.37,3.52
-0.02,0.06,0.98,-0.05,0.07,-0.04,-1.34,3.3
-0.02,0.05,0.97,-0.05,0.08,-0.05,-1.33,3.13
-0.03,0.04,0.98,-0.05,0.06,-0.05,-1.98,2.32
-0.03,0.04,0.99,-0.06,0.06,-0.05,-1.72,2.6
-0.03,0.04,0.99,-0.08,0.04,-0.04,-1.64,2.56
-0.02,0.04,0.99,-0.06,0.01,-0.02,-1.4,2.42
-0.03,0.05,1.0,-0.05,0.02,-0.02,-1.46,2.96
-0.02,0.05,1.0,-0.07,0.01,-0.01,-1.2,2.88
-0.03,0.04,0.99,-0.04,0.0,-0.0,-1.46,2.39
-0.01,0.05,0.99,-0.03,-0.02,-0.0,-0.82,2.65
-0.01,0.05,0.99,-0.03,-0.01,0.01,-0.65,3.15
-0.01,0.05,0.98,-0.04,0.0,0.01,-0.51,2.97
-0.01,0.05,0.97,-0.02,-0.02,0.02,-0.48,2.78
-0.01,0.05,0.96,-0.02,-0.0,0.01,-0.84,2.98
-0.02,0.04,0.95,-0.01,0.0,0.0,-1.14,2.41
-0.01,0.04,0.95,-0.01,-0.01,-0.01,-0.73,2.27
-0.03,0.03,0.95,-0.02,-0.0,-0.01,-1.58,1.76
-0.03,0.02,0.96,-0.02,-0.02,-0.0,-1.88,1.36
-0.04,0.01,0.96,-0.03,-0.01,0.01,-2.66,0.8
-0.03,0.02,0.97,-0.06,-0.0,0.02,-1.86,1.28
-0.03,0.02,0.96,-0.05,-0.02,0.03,-1.7,1.11
-0.02,0.02,0.95,-0.04,-0.04,0.04,-1.39,1.3
-0.02,0.03,0.95,-0.05,-0.05,0.04,-1.29,1.72
-0.02,0.03,0.95,-0.06,-0.06,0.04,-0.95,1.58
-0.01,0.03,0.95,-0.08,-0.05,0.04,-0.77,1.59
-0.01,0.03,0.95,-0.07,-0.06,0.03,-0.33,1.86
-0.01,0.03,0.95,-0.07,-0.08,0.04,-0.34,1.89
-0.01,0.03,0.95,-0.06,-0.07,0.03,-0.33,2.02
-0.01,0.03,0.95,-0.06,-0.08,0.05,-0.38,2.11
0.0,0.03,0.95,-0.05,-0.09,0.04,0.05,2.02
0.0,0.04,0.95,-0.05,-0.09,0.04,0.17,2.18
0.01,0.04,0.94,-0.04,-0.07,0.03,0.35,2.13
0.01,0.04,0.93,-0.02,-0.07,0.03,0.32,2.23
0.01,0.04,0.93,-0.02,-0.07,0.03,0.57,2.21
0.01,0.03,0.93,0.0,-0.07,0.02,0.61,2.02
0.0,0.03,0.93,-0.0,-0.05,0.02,0.28,1.74
-0.0,0.03,0.93,0.01,-0.05,0.01,-0.02,1.89
0.0,0.03,0.92,0.02,-0.04,0.01,0.03,1.66
-0.01,0.03,0.92,0.03,-0.05,0.0,-0.41,1.81
-0.01,0.02,0.91,0.04,-0.03,-0.01,-0.75,1.06
-0.01,0.02,0.91,0.03,-0.02,-0.01,-0.62,1.04
-0.02,0.0,0.91,0.03,-0.02,-0.02,-1.3,0.02
-0.02,0.0,0.91,0.04,-0.01,-0.02,-1.37,0.18
-0.02,-0.0,0.91,0.03,-0.0,-0.02,-1.53,-0.15
-0.03,-0.01,0.92,0.02,-0.0,-0.02,-2.13,-0.57
-0.04,-0.01,0.92,0.02,-0.01,-0.02,-2.44,-0.74
-0.04,-0.01,0.91,0.01,-0.02,-0.0,-2.35,-0.49
-0.04,-0.0,0.92,-0.0,-0.02,-0.01,-2.29,-0.13
-0.03,-0.0,0.92,-0.02,-0.01,0.0,-1.69,-0.04
-0.02,0.0,0.92,-0.0,-0.03,0.01,-1.45,0.16
-0.02,0.0,0.92,-0.0,-0.03,0.01,-1.2,0.27
-0.02,0.0,0.91,-0.0,-0.02,-0.0,-1.09,0.15
-0.02,0.01,0.91,0.0,-0.02,-0.01,-1.16,0.37
-0.02,0.0,0.91,0.01,-0.02,-0.01,-1.17,0.01
-0.02,0.01,0.92,0.0,-0.02,-0.01,-1.14,0.34
-0.01,-0.0,0.92,0.0,-0.0,-0.03,-0.91,-0.28
-0.02,0.0,0.92,-0.01,0.01,-0.02,-1.28,0.03
-0.03,0.0,0.91,0.0,0.01,-0.03,-1.74,0.19
-0.04,-0.0,0.91,-0.01,-0.0,-0.02,-2.66,-0.18
-0.03,-0.01,0.9,-0.01,0.02,-0.04,-1.79,-0.45
-0.04,-0.0,0.91,-0.02,0.02,-0.03,-2.49,-0.15
-0.04,-0.01,0.9,-0.03,0.02,-0.03,-2.43,-0.44
-0.04,0.0,0.91,-0.05,0.04,-0.05,-2.38,0.01
-0.04,-0.0,0.91,-0.07,0.04,-0.04,-2.46,-0.05
-0.04,0.01,0.92,-0.06,0.05,-0.05,-2.41,0.46
-0.03,0.01,0.92,-0.08,0.04,-0.04,-2.17,0.47
-0.04,0.01,0.92,-0.08,0.03,-0.04,-2.32,0.87
-0.04,0.02,0.94,-0.08,0.03,-0.04,-2.39,1.01
-0.03,0.03,0.94,-0.11,0.03,-0.05,-2.05,1.62
-0.03,0.03,0.95,-0.12,0.03,-0.04,-1.94,1.96
-0.03,0.04,0.95,-0.11,0.01,-0.04,-1.75,2.17
-0.03,0.04,0.96,-0.11,0.01,-0.04,-1.75,2.54
-0.03,0.05,0.96,-0.12,0.01,-0.04,-1.62,2.81
-0.02,0.05,0.98,-0.1,0.0,-0.03,-1.39,2.87
-0.03,0.06,0.99,-0.11,-0.01,-0.03,-1.64,3.2
-0.02,0.05,0.99,-0.12,0.0,-0.03,-1.38,3.11
-0.02,0.06,1.0,-0.11,0.01,-0.02,-1.42,3.7
-0.02,0.07,1.0,-0.1,0.0,-0.02,-1.31,3.73
-0.02,0.07,1.0,-0.08,0.01,-0.02,-0.98,4.17
-0.01,0.08,1.0,-0.06,0.01,-0.02,-0.75,4.32
-0.01,0.08,1.0,-0.07,0.04,-0.01,-0.6,4.32
-0.01,0.07,1.0,-0.05,0.03,-0.01,-0.65,4.24
-0.01,0.08,1.0,-0.04,0.03,0.0,-0.46,4.67
