accelX,accelY,accelZ,gyroX,gyroY,gyroZ,pitch,roll
0.2,0.05,1.07,-0.09,0.09,-0.01,10.52,2.48
0.2,0.05,1.06,-0.05,0.07,-0.02,10.61,2.58
0.19,0.06,1.06,-0.02,0.05,-0.02,10.05,3.17
0.18,0.06,1.06,-0.01,0.07,-0.03,9.61,3.44
0.18,0.07,1.06,0.01,0.05,-0.03,9.57,3.54
0.17,0.07,1.06,0.01,0.05,-0.03,9.02,3.98
0.16,0.08,1.05,0.03,0.03,-0.03,8.63,4.41
0.15,0.09,1.06,0.04,0.04,-0.02,8.19,4.58
0.14,0.09,1.07,0.04,0.05,-0.01,7.46,4.7
0.13,0.09,1.07,0.06,0.05,0.0,7.04,4.64
0.12,0.08,1.06,0.08,0.02,0.03,6.6,4.45
0.12,0.08,1.06,0.09,0.05,0.04,6.41,4.36
0.11,0.08,1.04,0.09,0.05,0.05,6.24,4.52
0.11,0.08,1.04,0.1,0.05,0.05,6.11,4.41
0.11,0.08,1.03,0.07,0.04,0.07,6.24,4.49
0.1,0.08,1.02,0.09,0.01,0.09,5.79,4.26
0.1,0.07,1.02,0.09,0.04,0.08,5.51,3.91
0.09,0.07,1.02,0.09,0.01,0.09,5.11,4.11
0.09,0.08,1.02,0.08,-0.01,0.1,5.05,4.32
0.08,0.08,1.02,0.08,0.01,0.11,4.74,4.24
0.09,0.07,1.01,0.07,0.01,0.1,4.85,3.97
0.09,0.06,1.01,0.07,-0.01,0.1,5.03,3.63
0.09,0.06,1.01,0.08,0.08,0.02,4.86,3.27
0.08,0.06,1.0,0.05,-0.0,0.1,4.62,3.24
0.08,0.06,1.0,0.05,0.0,0.09,4.62,3.62
0.08,0.07,1.01,0.03,0.01,0.08,4.76,3.71
0.08,0.07,1.01,0.03,0.0,0.09,4.67,4.12
0.09,0.07,1.01,0.03,0.01,0.08,4.98,3.84
0.09,0.08,1.01,0.01,0.03,0.07,4.87,4.38
0.09,0.08,1.01,0.01,0.03,0.08,5.05,4.52
0.09,0.09,1.02,-0.01,0.04,0.07,5.31,4.77
0.09,0.08,1.03,-0.01,0.02,0.1,5.19,4.62
0.09,0.09,1.04,-0.01,0.05,0.08,4.86,4.96
0.1,0.09,1.06,-0.01,0.03,0.09,5.27,4.97
0.09,0.1,1.07,-0.01,0.01,0.09,4.67,5.34
0.09,0.11,1.09,-0.06,-0.06,0.17,4.55,5.61
0.08,0.11,1.1,-0.02,-0.03,0.13,4.36,5.53
0.08,0.11,1.11,-0.0,-0.03,0.15,4.3,5.62
0.08,0.11,1.12,0.0,-0.05,0.17,4.22,5.53
0.08,0.12,1.12,0.04,-0.08,0.2,4.11,5.89
0.08,0.12,1.12,0.04,-0.06,0.22,4.1,5.93
0.08,0.12,1.1,0.04,-0.06,0.25,4.2,6.25
0.08,0.12,1.09,0.06,-0.06,0.28,4.23,6.19
0.07,0.11,1.07,0.1,-0.07,0.3,3.98,6.05
0.08,0.1,1.06,0.11,-0.06,0.34,4.05,5.37
0.07,0.08,1.04,0.11,-0.05,0.36,3.79,4.63
0.06,0.07,1.03,0.12,-0.04,0.38,3.48,4.14
0.05,0.07,1.0,0.13,-0.07,0.42,3.0,3.89
0.03,0.07,0.98,0.12,-0.08,0.42,1.64,4.25
0.0,0.07,0.96,0.11,-0.11,0.45,0.11,3.96
-0.02,0.07,0.93,0.08,-0.15,0.48,-1.25,4.14
-0.03,0.07,0.9,-0.01,-0.26,0.59,-2.0,4.62
-0.05,0.08,0.88,-0.04,-0.22,0.55,-3.01,5.29
-0.06,0.09,0.86,-0.1,-0.22,0.58,-3.82,5.83
-0.06,0.09,0.86,-0.17,-0.26,0.62,-3.97,5.91
-0.06,0.09,0.85,-0.24,-0.28,0.65,-4.04,5.83
-0.05,0.08,0.87,-0.3,-0.32,0.7,-2.99,5.35
-0.02,0.06,0.87,-0.37,-0.33,0.73,-1.24,4.08
0.0,0.04,0.89,-0.41,-0.34,0.77,0.03,2.41
0.03,0.02,0.9,-0.43,-0.36,0.8,2.14,1.14
0.05,0.0,0.91,-0.44,-0.36,0.81,3.13,0.11
0.07,-0.02,0.9,-0.46,-0.32,0.8,4.57,-1.2
0.09,-0.03,0.9,-0.45,-0.33,0.81,6.0,-1.84
0.1,-0.04,0.89,-0.42,-0.32,0.78,6.49,-2.47
0.12,-0.04,0.89,-0.41,-0.28,0.76,7.8,-2.5
0.13,-0.05,0.9,-0.4,-0.27,0.73,8.45,-2.94
0.14,-0.05,0.9,-0.4,-0.23,0.69,8.71,-2.84
0.14,-0.04,0.91,-0.37,-0.21,0.66,9.05,-2.31
0.15,-0.04,0.93,-0.35,-0.2,0.63,9.42,-2.52
0.16,-0.04,0.94,-0.34,-0.16,0.6,9.8,-2.44
0.16,-0.03,0.96,-0.32,-0.15,0.58,9.63,-2.05
0.16,-0.03,0.96,-0.26,-0.14,0.56,9.4,-1.77
0.16,-0.03,0.97,-0.24,-0.14,0.54,9.42,-1.91
0.15,-0.03,0.97,-0.21,-0.13,0.51,9.05,-1.8
0.15,-0.02,0.96,-0.2,-0.12,0.49,8.81,-1.36
0.15,-0.02,0.96,-0.16,-0.13,0.47,9.05,-1.0
0.15,-0.02,0.96,-0.15,-0.14,0.46,8.72,-0.97
0.14,-0.01,0.96,-0.14,-0.12,0.44,8.4,-0.63
0.14,-0.0,0.97,-0.13,-0.11,0.42,8.41,-0.24
0.14,-0.0,0.97,-0.11,-0.12,0.39,8.05,-0.06
0.14,0.01,0.98,-0.09,-0.12,0.37,8.16,0.36
0.13,0.01,0.98,-0.1,-0.09,0.35,7.58,0.79
0.13,0.02,0.99,-0.09,-0.07,0.33,7.36,1.3
0.13,0.02,0.98,-0.07,-0.08,0.32,7.56,1.19
0.13,0.02,1.0,-0.06,-0.06,0.31,7.27,0.9
0.13,0.02,1.01,-0.04,-0.06,0.28,7.36,1.07
0.14,0.02,1.02,-0.01,-0.04,0.25,7.62,1.03
0.13,0.02,1.04,0.01,-0.04,0.24,6.97,1.29
0.12,0.03,1.04,0.04,-0.05,0.23,6.48,1.73
0.11,0.04,1.05,0.07,-0.07,0.22,6.21,2.12
0.12,0.04,1.06,0.09,-0.04,0.2,6.23,2.19
0.12,0.04,1.07,0.1,-0.02,0.2,6.37,2.07
0.12,0.04,1.08,0.11,-0.04,0.2,6.33,2.26
0.12,0.03,1.09,0.2,0.01,0.17,6.36,1.78
0.11,0.04,1.09,0.23,0.04,0.15,5.9,2.28
0.11,0.05,1.09,0.25,0.07,0.14,5.59,2.37
0.09,0.05,1.07,0.3,0.06,0.15,4.7,2.63
0.08,0.05,1.06,0.31,0.06,0.15,4.49,2.88
0.08,0.06,1.04,0.34,0.09,0.14,4.12,3.13
0.06,0.06,1.02,0.37,0.12,0.12,3.59,3.17
0.06,0.05,1.01,0.37,0.15,0.09,3.24,2.97
0.05,0.05,0.98,0.36,0.12,0.12,2.65,3.07
0.03,0.04,0.96,0.38,0.15,0.1,2.03,2.58
0.01,0.05,0.95,0.35,0.16,0.1,0.86,3.2
0.0,0.06,0.93,0.34,0.16,0.1,0.22,3.5
-0.0,0.07,0.93,0.31,0.15,0.09,-0.27,4.28
-0.02,0.06,0.92,0.26,0.16,0.09,-1.12,3.89
-0.05,0.07,0.91,0.22,0.14,0.09,-2.87,4.47
-0.06,0.07,0.92,0.17,0.12,0.1,-3.66,4.2
-0.08,0.09,0.91,0.11,0.06,0.12,-5.08,5.9
-0.13,0.11,0.91,0.03,-0.01,0.16,-8.25,6.6
-0.18,0.14,0.9,-0.07,-0.08,0.21,-11.12,8.52
-0.22,0.16,0.89,-0.16,-0.22,0.3,-13.63,9.92
-0.24,0.18,0.88,-0.31,-0.35,0.39,-14.71,11.38
-0.26,0.19,0.89,-0.45,-0.44,0.48,-15.76,11.86
-0.24,0.2,0.91,-0.57,-0.54,0.59,-14.52,11.77
-0.2,0.19,0.92,-0.72,-0.58,0.67,-11.9,11.17
-0.14,0.17,0.94,-0.83,-0.63,0.74,-8.54,9.94
-0.08,0.14,0.98,-0.92,-0.62,0.79,-4.76,7.9
-0.02,0.11,1.02,-0.98,-0.6,0.81,-1.03,6.03
0.03,0.09,1.05,-0.98,-0.57,0.84,1.8,4.77
0.08,0.07,1.09,-0.97,-0.53,0.84,4.3,3.69
0.13,0.05,1.13,-0.92,-0.45,0.82,6.58,2.56
0.17,0.04,1.14,-0.87,-0.36,0.81,8.49,1.81
0.19,0.03,1.15,-0.79,-0.3,0.78,9.59,1.46
0.22,0.03,1.16,-0.7,-0.23,0.76,10.98,1.49
0.24,0.03,1.16,-0.61,-0.16,0.72,11.91,1.37
0.26,0.03,1.15,-0.53,-0.07,0.67,12.56,1.37
0.26,0.02,1.15,-0.47,-0.02,0.64,12.97,0.99
0.28,0.02,1.14,-0.39,0.02,0.59,13.71,0.82
0.28,0.01,1.14,-0.31,0.06,0.54,13.87,0.68
0.29,0.0,1.14,-0.26,0.1,0.5,14.16,0.12
0.29,0.0,1.13,-0.19,0.12,0.46,14.19,0.11
0.27,-0.0,1.13,-0.11,0.12,0.42,13.5,-0.16
0.25,-0.01,1.12,-0.06,0.12,0.38,12.37,-0.31
0.21,-0.0,1.1,0.05,0.23,0.23,10.93,-0.22
0.18,-0.0,1.09,0.0,0.06,0.37,9.42,-0.01
0.14,-0.0,1.06,0.05,-0.01,0.37,7.48,-0.0
0.1,-0.0,1.03,0.04,-0.05,0.37,5.79,-0.17
0.06,0.0,1.0,0.02,-0.08,0.39,3.45,0.25
0.02,0.01,0.97,-0.04,-0.14,0.43,1.11,0.74
-0.01,0.02,0.95,-0.1,-0.21,0.45,-0.66,1.07
-0.04,0.02,0.93,-0.16,-0.3,0.5,-2.19,1.37
-0.04,0.03,0.92,-0.27,-0.33,0.53,-2.5,1.79
-0.02,0.02,0.92,-0.36,-0.38,0.57,-1.52,1.46
0.01,0.01,0.92,-0.44,-0.39,0.59,0.49,0.86
0.04,0.0,0.93,-0.5,-0.42,0.6,2.61,0.03
0.08,-0.02,0.94,-0.53,-0.4,0.58,5.01,-1.26
0.11,-0.02,0.96,-0.57,-0.39,0.57,6.76,-1.48
0.14,-0.03,0.97,-0.56,-0.39,0.54,8.48,-1.84
0.16,-0.04,0.99,-0.53,-0.39,0.52,9.39,-2.31
0.18,-0.05,1.01,-0.51,-0.34,0.46,10.07,-2.87
0.19,-0.04,1.03,-0.46,-0.33,0.42,10.45,-2.38
0.2,-0.04,1.06,-0.42,-0.31,0.38,10.73,-2.37
0.2,-0.03,1.08,-0.35,-0.3,0.33,10.26,-1.68
0.18,-0.02,1.1,-0.28,-0.29,0.32,9.53,-1.09
0.17,-0.01,1.11,-0.23,-0.25,0.29,8.67,-0.76
0.15,-0.02,1.11,-0.16,-0.26,0.28,7.43,-0.79
0.14,-0.02,1.11,-0.07,-0.25,0.26,7.07,-1.2
0.12,-0.03,1.08,-0.02,-0.22,0.24,6.54,-1.63
0.12,-0.03,1.07,0.03,-0.2,0.22,6.33,-1.35
0.11,-0.02,1.04,0.06,-0.17,0.21,6.08,-1.34
0.11,-0.02,1.03,0.09,-0.15,0.18,6.19,-0.9
0.11,-0.01,1.02,0.11,-0.11,0.15,6.39,-0.72
0.12,-0.02,1.01,0.11,-0.08,0.13,6.85,-1.08
0.13,-0.02,1.01,0.13,-0.03,0.09,7.55,-1.07
0.14,-0.03,1.02,0.15,0.01,0.08,8.03,-1.48
0.16,-0.03,1.02,0.19,0.07,0.03,8.88,-1.92
0.17,-0.04,1.03,0.22,0.13,-0.01,9.14,-2.04
0.17,-0.04,1.03,0.26,0.16,-0.03,9.45,-2.16
0.17,-0.04,1.02,0.31,0.17,-0.06,9.44,-2.3
0.16,-0.04,1.01,0.34,0.18,-0.09,9.0,-2.02
0.15,-0.03,0.99,0.35,0.22,-0.12,8.72,-1.86
0.14,-0.02,0.98,0.37,0.21,-0.13,8.05,-1.27
0.13,-0.01,0.97,0.38,0.19,-0.15,7.53,-0.75
0.12,-0.0,0.96,0.38,0.17,-0.16,7.05,-0.14
0.12,0.0,0.95,0.37,0.14,-0.18,6.88,0.22
0.11,0.01,0.95,0.36,0.13,-0.18,6.66,0.46
0.11,0.01,0.95,0.36,0.1,-0.18,6.38,0.83
0.1,0.02,0.95,0.35,0.08,-0.18,6.3,0.98
0.1,0.02,0.95,0.32,0.1,-0.2,6.03,1.17
0.1,0.02,0.94,0.33,0.1,-0.21,5.83,0.96
0.09,0.02,0.94,0.33,0.11,-0.21,5.67,1.21
0.09,0.02,0.93,0.34,0.12,-0.21,5.68,1.15
0.09,0.02,0.91,0.33,0.15,-0.22,5.6,1.3
0.08,0.02,0.9,0.31,0.19,-0.24,5.1,1.27
0.08,0.03,0.89,0.3,0.21,-0.25,5.04,1.85
0.06,0.04,0.88,0.29,0.21,-0.27,4.19,2.3
0.06,0.04,0.87,0.27,0.23,-0.29,3.81,2.85
0.05,0.05,0.87,0.2,0.26,-0.32,3.18,3.34
0.04,0.07,0.87,0.17,0.24,-0.32,2.56,4.39
0.03,0.08,0.88,0.21,0.38,-0.5,2.17,5.03
0.03,0.1,0.9,0.09,0.22,-0.34,1.87,6.13
0.03,0.11,0.91,0.05,0.22,-0.34,1.68,6.83
0.03,0.12,0.93,0.02,0.19,-0.33,1.72,7.41
0.03,0.13,0.96,-0.03,0.19,-0.31,1.9,7.77
0.03,0.13,0.98,-0.03,0.14,-0.3,2.0,7.75
0.04,0.14,1.0,-0.06,0.15,-0.29,2.29,7.7
0.04,0.14,1.02,-0.08,0.13,-0.25,2.31,7.81
0.05,0.15,1.04,-0.04,0.1,-0.23,2.63,8.04
0.05,0.14,1.04,-0.05,0.1,-0.21,2.73,7.91
0.05,0.15,1.05,-0.05,0.12,-0.19,2.59,8.13
0.06,0.15,1.05,-0.04,0.12,-0.17,3.01,8.09
0.06,0.15,1.07,-0.02,0.17,-0.21,3.27,8.03
0.06,0.15,1.06,-0.02,0.12,-0.12,3.13,8.01
0.07,0.15,1.07,0.01,0.14,-0.12,3.55,7.81
0.08,0.14,1.06,0.02,0.18,-0.11,4.06,7.4
0.08,0.13,1.06,0.04,0.19,-0.09,4.29,6.82
0.09,0.12,1.06,0.08,0.2,-0.09,4.68,6.6
0.09,0.11,1.05,0.08,0.26,-0.1,4.79,5.91
0.09,0.11,1.05,0.09,0.25,-0.1,4.65,5.9
0.08,0.1,1.05,0.19,0.42,-0.27,4.17,5.44
0.07,0.1,1.05,0.12,0.25,-0.1,3.85,5.25
0.06,0.09,1.04,0.13,0.26,-0.1,3.51,4.75
0.05,0.09,1.04,0.13,0.26,-0.09,2.73,4.84
0.04,0.08,1.03,0.14,0.25,-0.07,2.37,4.39
0.03,0.07,1.02,0.13,0.23,-0.06,1.73,4.05
0.04,0.06,1.02,0.14,0.21,-0.05,1.99,3.36
0.03,0.06,1.02,0.1,0.23,-0.04,1.67,3.13
0.03,0.04,1.0,0.11,0.2,-0.01,1.88,2.45
0.04,0.03,1.0,0.11,0.2,-0.0,2.2,1.74
0.04,0.03,0.99,0.1,0.19,0.01,2.36,1.62
0.04,0.03,0.98,0.07,0.21,-0.0,2.19,1.76
0.05,0.02,0.98,0.05,0.19,0.01,2.64,0.93
0.05,0.01,0.98,0.03,0.19,0.0,3.21,0.3
0.06,-0.01,0.98,0.02,0.2,-0.0,3.42,-0.45
0.06,-0.01,0.97,0.02,0.2,-0.01,3.52,-0.4
0.07,-0.02,0.98,-0.0,0.21,-0.01,4.02,-1.22
0.08,-0.02,0.98,0.08,0.36,-0.17,4.44,-1.19
0.08,-0.02,0.99,0.01,0.2,-0.03,4.6,-1.15
0.09,-0.03,0.99,0.0,0.2,-0.04,4.97,-1.76
0.09,-0.03,0.99,-0.01,0.19,-0.04,5.39,-1.92
0.09,-0.03,0.99,-0.01,0.17,-0.05,4.96,-1.91
0.08,-0.03,0.99,-0.01,0.15,-0.05,4.76,-1.83
0.07,-0.02,0.99,-0.03,0.12,-0.06,3.86,-1.38
0.05,-0.03,0.98,-0.05,0.09,-0.05,2.86,-1.55
0.04,-0.03,0.98,-0.1,0.02,-0.02,2.19,-1.51
0.03,-0.03,0.97,-0.09,-0.02,-0.0,1.95,-1.53
0.03,-0.02,0.97,-0.13,-0.02,-0.0,1.77,-1.14
0.02,-0.02,0.96,-0.15,-0.06,0.0,1.36,-1.09
0.02,-0.02,0.96,-0.19,-0.09,0.02,1.39,-1.14
0.03,-0.02,0.96,-0.23,-0.12,0.03,1.92,-1.35
0.04,-0.02,0.97,-0.27,-0.11,0.03,2.53,-1.08
0.05,-0.02,0.98,-0.28,-0.13,0.03,3.17,-1.17
0.07,-0.03,0.99,-0.29,-0.14,0.03,3.74,-1.56
0.08,-0.03,1.0,-0.29,-0.12,0.02,4.62,-1.61
0.1,-0.04,1.02,-0.3,-0.11,0.01,5.36,-1.97
0.11,-0.04,1.02,-0.27,-0.11,0.01,6.09,-1.98
0.12,-0.04,1.02,-0.25,-0.1,-0.01,6.75,-1.96
0.13,-0.04,1.02,-0.22,-0.1,-0.02,7.07,-2.2
0.12,-0.03,1.01,-0.2,-0.08,-0.04,7.03,-1.76
0.13,-0.03,1.01,-0.18,-0.06,-0.06,7.43,-1.82
0.13,-0.02,1.01,-0.15,-0.07,-0.08,7.45,-1.08
0.13,-0.02,1.0,-0.14,-0.08,-0.09,7.15,-1.16
0.12,-0.01,1.0,-0.13,-0.07,-0.12,6.76,-0.72
0.12,-0.01,1.0,-0.11,-0.07,-0.14,6.79,-0.56
0.11,-0.01,1.0,-0.1,-0.06,-0.15,6.22,-0.38
0.11,-0.01,1.01,-0.07,-0.07,-0.17,6.39,-0.37
0.1,0.0,1.01,-0.05,-0.07,-0.18,5.77,0.26
0.1,0.01,1.01,-0.03,-0.05,-0.19,5.91,0.77
0.09,0.02,1.01,-0.02,-0.06,-0.19,5.02,1.12
0.08,0.03,1.0,0.0,-0.06,-0.21,4.71,1.7
0.08,0.03,1.0,0.02,-0.05,-0.22,4.5,1.97
0.08,0.04,1.0,0.01,-0.03,-0.23,4.66,2.52
0.08,0.04,1.0,0.02,-0.02,-0.23,4.35,2.07
0.06,0.03,0.99,0.02,0.0,-0.23,3.69,1.68
0.07,0.04,0.99,0.05,0.0,-0.24,4.17,2.29
0.07,0.05,0.99,0.06,0.05,-0.25,3.88,2.71
0.05,0.05,0.99,0.07,0.05,-0.25,3.11,3.17
0.05,0.06,0.99,0.09,0.05,-0.25,2.73,3.32
0.05,0.06,0.99,0.1,0.05,-0.25,2.74,3.46
0.03,0.07,0.98,0.08,0.06,-0.24,1.76,3.9
0.02,0.07,0.98,0.07,0.05,-0.22,0.98,3.85
0.01,0.08,0.97,0.07,0.04,-0.22,0.79,4.54
0.01,0.08,0.97,0.04,0.02,-0.2,0.51,4.57
0.01,0.08,0.97,0.02,-0.01,-0.18,0.88,4.74
0.01,0.08,0.98,-0.0,-0.01,-0.17,0.82,4.72
0.03,0.08,0.97,-0.01,-0.01,-0.16,1.57,4.42
0.03,0.08,0.97,-0.03,-0.03,-0.14,1.98,4.49
0.04,0.08,0.98,-0.05,-0.01,-0.14,2.11,4.65
0.05,0.08,0.98,-0.04,-0.01,-0.13,3.13,4.5
0.05,0.07,0.98,-0.05,-0.01,-0.11,3.0,4.03
0.06,0.07,0.98,-0.05,-0.02,-0.11,3.28,4.24
0.07,0.07,0.98,-0.04,0.01,-0.12,3.79,4.26
0.06,0.07,0.98,-0.07,0.0,-0.11,3.6,3.96
0.06,0.08,0.98,-0.07,0.03,-0.12,3.61,4.55
0.06,0.08,0.98,0.07,0.27,-0.39,3.37,4.54
0.06,0.08,0.98,-0.07,0.03,-0.13,3.55,4.81
0.06,0.08,0.98,-0.08,0.04,-0.13,3.33,4.9
0.05,0.09,0.98,-0.08,0.03,-0.11,2.97,5.19
0.05,0.09,1.0,-0.09,0.0,-0.1,3.13,5.27
0.05,0.09,1.0,-0.08,0.02,-0.11,2.68,5.28
0.05,0.1,1.01,-0.12,0.03,-0.1,3.1,5.83
0.06,0.1,1.01,-0.13,0.02,-0.07,3.56,5.37
0.08,0.09,1.02,-0.12,0.02,-0.07,4.22,5.2
0.08,0.09,1.03,-0.1,0.02,-0.05,4.62,5.03
0.1,0.08,1.02,-0.12,0.04,-0.05,5.28,4.7
0.11,0.08,1.03,-0.11,0.03,-0.04,5.99,4.25
0.12,0.07,1.03,-0.08,0.03,-0.05,6.66,4.0
0.13,0.07,1.03,-0.09,0.03,-0.06,7.03,4.0
0.13,0.07,1.03,-0.09,0.05,-0.06,7.41,3.9
0.13,0.07,1.03,-0.07,0.05,-0.07,7.4,4.04
0.13,0.08,1.04,0.0,0.2,-0.23,7.33,4.15
0.13,0.08,1.04,-0.05,0.04,-0.08,7.03,4.2
0.12,0.07,1.05,-0.05,0.06,-0.09,6.75,3.97
0.12,0.08,1.05,-0.04,0.06,-0.09,6.53,4.12
0.11,0.08,1.06,-0.02,0.05,-0.09,6.17,4.41
0.1,0.08,1.06,-0.01,0.04,-0.08,5.5,4.36
0.09,0.08,1.06,0.01,0.05,-0.07,5.08,4.29
0.1,0.08,1.07,-0.01,0.05,-0.05,5.08,4.38
0.09,0.08,1.07,0.01,0.02,-0.04,4.82,4.3
0.09,0.08,1.06,0.02,0.01,-0.01,4.96,4.3
0.09,0.08,1.06,0.01,0.02,-0.02,4.78,4.16
0.09,0.08,1.05,0.02,0.02,-0.0,4.8,4.17
0.09,0.07,1.05,0.03,0.0,0.01,5.09,3.69
0.1,0.07,1.04,0.04,0.01,0.02,5.31,3.57
0.1,0.06,1.03,0.04,0.01,0.01,5.42,3.2
0.09,0.05,1.03,0.03,0.02,0.02,5.22,2.67
0.1,0.04,1.02,0.04,0.01,0.03,5.37,2.48
0.09,0.04,1.01,0.05,-0.02,0.03,4.91,2.11
0.09,0.04,1.02,0.05,0.0,0.01,4.96,2.24
0.09,0.04,1.0,0.03,0.0,0.01,5.01,2.03
0.08,0.03,1.0,0.04,-0.02,0.01,4.68,1.73
0.08,0.03,1.0,0.04,-0.04,0.01,4.73,1.87
0.07,0.03,0.99,0.03,-0.03,0.0,4.25,1.83
0.07,0.03,1.0,0.04,-0.04,-0.01,3.75,1.9
0.07,0.04,0.99,0.04,-0.04,-0.0,3.86,2.28
0.06,0.04,1.01,0.04,-0.05,-0.01,3.54,2.26
0.06,0.05,1.0,0.05,-0.05,-0.02,3.61,2.73
0.06,0.04,0.99,0.01,-0.02,-0.03,3.33,2.4
0.05,0.05,0.99,0.02,-0.02,-0.02,3.1,2.72
0.05,0.05,0.99,0.03,-0.02,-0.03,2.82,2.79
0.05,0.04,0.98,0.04,-0.02,-0.02,3.05,2.56
0.05,0.05,0.98,0.02,0.02,-0.02,2.83,2.91
0.04,0.05,0.98,0.03,-0.0,-0.02,2.51,2.67
0.04,0.05,0.97,0.03,0.02,-0.02,2.27,3.04
0.04,0.05,0.98,0.03,0.0,-0.02,2.24,2.87
0.04,0.05,0.97,0.01,0.02,-0.03,2.52,2.99
0.04,0.04,0.97,-0.01,0.03,-0.01,2.23,2.51
0.04,0.05,0.97,-0.0,0.02,-0.01,2.18,2.78
0.04,0.05,0.97,0.0,0.0,-0.0,2.44,2.98
0.04,0.04,0.96,-0.02,0.02,-0.01,2.67,2.54
0.05,0.05,0.97,-0.02,0.01,-0.01,2.81,2.73
0.05,0.04,0.97,-0.03,0.01,-0.02,3.08,2.53
0.05,0.05,0.97,-0.04,0.01,-0.01,3.11,2.9
0.05,0.04,0.97,-0.04,-0.02,-0.01,3.17,2.6
0.05,0.05,0.97,-0.06,0.01,-0.02,3.15,2.75
0.05,0.05,0.98,-0.06,0.01,-0.02,3.11,2.73
0.05,0.05,0.98,-0.06,-0.01,-0.01,3.0,2.74
0.05,0.04,0.98,-0.07,0.01,-0.02,2.92,2.6
0.05,0.05,0.99,-0.08,0.02,-0.02,2.74,2.71
0.05,0.04,1.0,-0.07,0.02,-0.02,2.98,2.33
0.06,0.04,1.0,-0.07,0.0,-0.02,3.18,2.14
0.07,0.03,1.01,-0.09,0.03,-0.02,3.89,1.82
0.08,0.02,1.01,-0.09,0.03,-0.03,4.36,1.39
0.09,0.02,1.02,-0.07,0.03,-0.03,4.86,0.88
0.09,0.01,1.03,-0.07,0.01,-0.02,5.22,0.61
0.1,0.01,1.03,-0.06,0.02,-0.06,5.55,0.45
0.1,0.0,1.04,-0.04,0.03,-0.07,5.25,0.25
0.1,0.01,1.04,-0.03,0.03,-0.08,5.48,0.4
0.1,0.01,1.05,-0.02,0.04,-0.09,5.3,0.49
0.09,0.01,1.06,0.0,0.05,-0.11,4.92,0.72
0.09,0.02,1.06,0.01,0.07,-0.12,4.88,0.91
0.07,0.02,1.06,-0.0,0.07,-0.11,4.0,1.14
0.07,0.03,1.07,0.04,0.06,-0.12,3.87,1.48
0.06,0.03,1.07,0.04,0.07,-0.12,3.31,1.55
0.05,0.03,1.07,0.03,0.08,-0.11,2.86,1.54
0.05,0.03,1.07,0.02,0.07,-0.09,2.72,1.61
0.05,0.03,1.07,0.02,0.05,-0.07,2.69,1.85
0.05,0.04,1.06,0.01,0.02,-0.04,2.81,1.97
0.07,0.04,1.06,-0.01,0.02,-0.03,3.83,2.03
0.09,0.03,1.06,-0.03,-0.01,0.0,4.86,1.87
0.11,0.03,1.06,-0.04,-0.05,0.01,5.68,1.42
0.13,0.02,1.05,-0.03,-0.08,0.02,6.96,0.88
0.14,0.01,1.05,-0.03,-0.1,0.03,7.72,0.4
0.15,-0.01,1.06,-0.02,-0.11,0.02,8.05,-0.46
0.15,-0.02,1.05,-0.05,-0.14,0.03,8.28,-0.99
0.15,-0.03,1.06,-0.03,-0.14,0.03,7.82,-1.44
0.14,-0.02,1.04,-0.03,-0.12,0.01,7.6,-1.25
0.14,-0.04,1.04,-0.05,-0.14,0.0,7.64,-1.95
0.15,-0.04,1.02,-0.06,-0.17,-0.0,8.31,-2.35
0.17,-0.05,1.0,-0.07,-0.22,-0.0,9.67,-2.88
0.19,-0.06,0.98,-0.11,-0.25,-0.02,10.71,-3.36
0.22,-0.05,0.98,-0.13,-0.3,-0.03,12.51,-3.12
0.24,-0.06,0.99,-0.16,-0.36,-0.05,13.53,-3.17
0.26,-0.05,0.99,-0.16,-0.4,-0.08,14.45,-2.61
0.27,-0.05,1.01,-0.14,-0.42,-0.12,15.17,-2.56
0.28,-0.04,1.02,-0.13,-0.44,-0.16,15.51,-2.13
0.29,-0.03,1.03,-0.1,-0.45,-0.2,15.59,-1.75
0.29,-0.03,1.05,-0.04,-0.46,-0.25,15.21,-1.44
0.29,-0.02,1.07,0.01,-0.42,-0.3,15.16,-1.02
0.27,-0.01,1.07,0.07,-0.37,-0.34,14.31,-0.52
0.25,0.0,1.08,0.16,-0.34,-0.39,13.25,0.01
0.22,0.01,1.08,0.23,-0.31,-0.43,11.33,0.69
0.19,0.03,1.07,0.28,-0.24,-0.47,9.88,1.56
0.15,0.05,1.07,0.33,-0.21,-0.49,7.91,2.68
0.12,0.07,1.04,0.36,-0.17,-0.5,6.32,3.95
0.08,0.09,1.04,0.38,-0.14,-0.51,4.57,4.97
0.05,0.11,1.02,0.39,-0.13,-0.49,2.98,6.33
0.03,0.12,1.01,0.35,-0.11,-0.48,1.91,6.95
0.01,0.13,1.02,0.33,-0.13,-0.45,0.49,7.34
0.0,0.14,1.02,0.34,-0.16,-0.42,0.03,7.94
-0.01,0.15,1.02,0.31,-0.18,-0.39,-0.67,8.29
-0.01,0.15,1.02,0.28,-0.18,-0.35,-0.66,8.35
-0.01,0.15,1.03,0.26,-0.23,-0.3,-0.79,8.5
-0.01,0.16,1.04,0.26,-0.24,-0.26,-0.62,8.79
-0.01,0.15,1.04,0.26,-0.28,-0.22,-0.49,8.22
-0.0,0.15,1.04,0.24,-0.27,-0.19,-0.09,8.03
0.01,0.13,1.02,0.22,-0.28,-0.16,0.62,7.43
0.02,0.12,1.01,0.24,-0.3,-0.15,1.29,6.91
0.03,0.11,1.0,0.24,-0.31,-0.15,1.87,6.46
0.03,0.11,0.98,0.24,-0.29,-0.15,1.99,6.44
0.04,0.1,0.97,0.23,-0.28,-0.16,2.52,6.14
0.04,0.11,0.96,0.24,-0.29,-0.18,2.08,6.4
0.04,0.11,0.96,0.22,-0.27,-0.2,2.46,6.49
0.03,0.11,0.97,0.22,-0.27,-0.22,1.85,6.72
0.02,0.11,0.98,0.21,-0.25,-0.23,1.06,6.64
0.01,0.12,0.99,0.22,-0.23,-0.24,0.6,6.77
-0.01,0.13,1.0,0.23,-0.23,-0.24,-0.64,7.14
-0.03,0.14,1.01,0.22,-0.18,-0.24,-1.4,7.66
-0.05,0.14,1.02,0.21,-0.15,-0.21,-2.65,7.81
-0.07,0.15,1.03,0.23,-0.15,-0.17,-3.73,8.08
-0.08,0.14,1.04,0.22,-0.13,-0.13,-4.23,7.82
-0.08,0.14,1.06,0.2,-0.1,-0.09,-4.1,7.37
-0.07,0.13,1.06,0.19,-0.11,-0.04,-3.61,6.81
-0.06,0.12,1.05,0.17,-0.11,0.01,-3.25,6.25
-0.04,0.09,1.05,0.15,-0.14,0.06,-2.31,5.03
-0.01,0.07,1.04,0.15,-0.16,0.09,-0.77,4.06
0.02,0.05,1.02,0.12,-0.16,0.11,0.93,3.02
0.04,0.04,1.0,0.13,-0.19,0.14,2.23,2.43
0.05,0.03,0.97,0.13,-0.21,0.14,2.84,1.56
0.07,0.01,0.98,0.13,-0.21,0.12,4.04,0.75
0.08,-0.01,0.97,0.11,-0.21,0.09,4.84,-0.54
0.09,-0.01,0.95,0.09,-0.22,0.07,5.37,-0.44
0.09,-0.0,0.95,0.09,-0.22,0.04,5.65,-0.13
0.09,-0.0,0.95,0.09,-0.22,0.02,5.37,-0.05
0.09,-0.0,0.95,0.08,-0.18,-0.01,5.17,-0.05
0.09,-0.0,0.94,0.08,-0.19,-0.02,5.17,-0.16
0.07,0.0,0.95,0.07,-0.22,-0.03,4.17,0.21
0.06,0.01,0.94,0.07,-0.19,-0.04,3.51,0.38
0.05,0.01,0.94,0.04,-0.16,-0.06,2.77,0.68
0.04,0.02,0.95,0.04,-0.16,-0.05,2.23,0.99
0.02,0.02,0.94,0.03,-0.14,-0.08,1.22,1.06
0.02,0.03,0.95,0.01,-0.2,-0.02,1.16,1.91
0.01,0.03,0.94,-0.03,-0.2,-0.01,0.31,1.92
0.0,0.04,0.94,-0.06,-0.22,-0.0,0.23,2.44
0.01,0.04,0.95,-0.09,-0.25,0.02,0.56,2.37
0.02,0.04,0.96,-0.13,-0.27,0.04,1.06,2.26
0.02,0.03,0.97,-0.15,-0.27,0.04,1.45,2.0
0.03,0.03,0.97,-0.18,-0.28,0.06,1.99,2.05
0.04,0.04,0.99,-0.17,-0.31,0.07,2.11,2.07
0.04,0.03,0.99,-0.17,-0.33,0.09,2.55,2.01
0.05,0.03,0.99,-0.19,-0.29,0.07,2.87,1.69
0.05,0.04,0.99,-0.19,-0.29,0.09,2.98,2.09
0.05,0.04,0.99,-0.24,-0.38,0.15,2.86,2.19
0.05,0.04,0.99,-0.21,-0.3,0.09,3.1,2.41
0.06,0.04,0.99,-0.19,-0.28,0.08,3.39,2.37
0.05,0.04,0.99,-0.2,-0.25,0.08,3.14,2.46
0.06,0.04,0.99,-0.19,-0.25,0.09,3.48,2.44
0.07,0.04,1.0,-0.2,-0.25,0.08,3.86,2.37
0.07,0.04,1.0,-0.2,-0.24,0.07,3.96,2.32
0.06,0.05,1.0,-0.21,-0.25,0.06,3.72,2.73
0.08,0.05,1.0,-0.23,-0.27,0.06,4.34,2.67
0.08,0.05,1.0,-0.21,-0.29,0.05,4.59,2.93
0.09,0.06,1.01,-0.22,-0.29,0.04,4.86,3.16
0.08,0.06,1.01,-0.2,-0.31,0.05,4.68,3.5
0.08,0.07,1.02,-0.21,-0.31,0.05,4.43,3.65
0.08,0.07,1.02,-0.19,-0.32,0.04,4.61,3.81
0.08,0.07,1.03,-0.17,-0.29,0.02,4.33,4.0
0.08,0.07,1.03,-0.17,-0.24,0.0,4.36,4.02
0.08,0.08,1.04,-0.13,-0.23,-0.0,4.58,4.31
0.08,0.08,1.04,-0.09,-0.19,-0.02,4.47,4.36
0.07,0.08,1.04,-0.06,-0.16,-0.03,4.0,4.29
0.07,0.08,1.04,-0.05,-0.1,-0.06,3.91,4.42
0.06,0.09,1.04,-0.01,-0.1,-0.05,3.51,4.86
0.05,0.09,1.04,0.01,-0.08,-0.05,2.77,5.13
0.03,0.1,1.03,0.04,-0.08,-0.06,1.82,5.35
0.01,0.09,1.03,0.02,-0.06,-0.05,0.82,5.26
0.0,0.1,1.02,0.04,-0.08,-0.02,0.2,5.65
0.0,0.1,1.01,0.04,-0.09,-0.03,0.12,5.71
0.0,0.11,1.0,0.03,-0.11,0.01,0.07,6.2
-0.01,0.11,1.0,0.01,-0.07,0.01,-0.28,6.17
-0.01,0.11,1.0,0.01,-0.07,0.03,-0.29,6.09
-0.01,0.1,1.0,-0.03,-0.04,-0.01,-0.45,5.67
0.01,0.1,1.01,-0.07,-0.08,0.06,0.32,5.71
0.01,0.08,1.01,-0.08,-0.09,0.07,0.43,4.68
0.02,0.07,1.04,-0.12,-0.07,0.07,0.84,3.93
0.02,0.07,1.06,-0.13,-0.07,0.07,1.28,3.69
0.04,0.05,1.09,-0.15,-0.06,0.09,2.05,2.41
0.07,0.03,1.13,-0.16,-0.0,0.07,3.32,1.6
0.1,-0.0,1.15,-0.17,0.04,0.05,4.74,-0.23
0.11,-0.0,1.16,-0.17,0.08,0.03,5.41,-0.23
0.12,0.01,1.2,-0.14,0.09,0.02,5.7,0.33
0.12,0.03,1.22,-0.14,0.13,0.01,5.62,1.24
0.12,0.04,1.24,-0.21,0.03,0.15,5.37,1.73
0.12,0.03,1.26,-0.17,0.11,0.1,5.4,1.59
0.12,0.03,1.26,-0.16,0.1,0.14,5.25,1.5
0.12,0.02,1.26,-0.16,0.07,0.18,5.48,1.0
0.12,0.01,1.26,-0.19,0.03,0.23,5.57,0.47
0.12,-0.01,1.25,-0.21,-0.03,0.3,5.44,-0.64
0.12,-0.04,1.24,-0.25,-0.09,0.36,5.42,-1.74
0.13,-0.06,1.23,-0.3,-0.17,0.44,5.79,-2.94
0.13,-0.08,1.22,-0.36,-0.16,0.48,6.01,-3.71
0.14,-0.1,1.23,-0.44,-0.21,0.54,6.54,-4.75
0.18,-0.13,1.24,-0.54,-0.21,0.57,8.39,-6.08
0.25,-0.18,1.27,-0.65,-0.14,0.58,10.98,-7.77
0.33,-0.21,1.32,-0.74,-0.07,0.56,13.8,-8.75
0.43,-0.23,1.38,-0.82,0.0,0.52,16.94,-9.21
0.53,-0.26,1.46,-0.85,0.18,0.33,19.61,-9.52
0.62,-0.28,1.53,-0.91,0.02,0.41,21.88,-9.6
0.72,-0.3,1.61,-0.86,0.03,0.36,23.65,-9.7
0.78,-0.32,1.67,-0.78,-0.02,0.32,24.55,-9.99
0.82,-0.35,1.72,-0.71,-0.09,0.25,25.11,-10.37
0.83,-0.36,1.75,-0.55,-0.18,0.2,24.79,-10.65
0.81,-0.35,1.76,-0.41,-0.25,0.15,24.24,-10.22
0.76,-0.34,1.78,-0.29,-0.36,0.11,22.85,-9.86
0.7,-0.32,1.78,-0.22,-0.44,0.1,21.24,-9.35
0.65,-0.28,1.79,-0.2,-0.56,0.09,19.91,-8.35
0.6,-0.25,1.8,-0.19,-0.62,0.08,18.41,-7.38
0.55,-0.22,1.82,-0.22,-0.71,0.09,16.62,-6.47
0.49,-0.17,1.86,-0.28,-0.76,0.08,14.78,-5.11
0.45,-0.12,1.92,-0.33,-0.83,0.1,13.16,-3.35
0.4,-0.06,1.98,-0.38,-0.87,0.14,11.44,-1.73
0.34,-0.02,2.01,-0.42,-0.92,0.18,9.56,-0.65
0.28,0.0,2.04,-0.43,-0.95,0.24,7.89,0.02
0.24,0.04,2.06,-0.41,-1.0,0.28,6.54,1.1
0.19,0.09,2.08,-0.38,-1.09,0.34,5.18,2.5
0.16,0.12,2.09,-0.31,-1.23,0.45,4.38,3.26
0.15,0.11,2.09,-0.21,-1.35,0.54,4.0,2.88
0.16,0.06,2.08,-0.11,-1.47,0.62,4.43,1.63
0.19,0.01,2.06,0.02,-1.57,0.67,5.2,0.41
0.22,-0.03,2.03,0.13,-1.66,0.69,6.26,-0.72
0.26,-0.07,2.01,0.25,-1.75,0.68,7.28,-1.95
0.29,-0.1,1.99,0.36,-1.83,0.62,8.3,-2.76
0.28,-0.1,1.99,0.44,-1.87,0.54,8.14,-2.92
0.27,-0.1,1.99,0.53,-1.92,0.46,7.6,-2.89
0.23,-0.1,2.0,0.58,-1.93,0.35,6.59,-2.78
0.15,-0.08,1.96,0.62,-1.97,0.27,4.49,-2.33
0.09,-0.08,1.9,0.64,-2.0,0.2,2.73,-2.27
0.01,-0.04,1.84,0.65,-2.01,0.13,0.19,-1.24
-0.08,0.0,1.8,0.65,-2.05,0.1,-2.63,0.07
-0.18,0.05,1.7,0.63,-2.11,0.07,-5.98,1.65
-0.26,0.09,1.67,0.58,-2.19,0.06,-8.94,2.89
-0.34,0.11,1.61,0.5,-2.25,0.09,-11.99,3.77
-0.4,0.14,1.57,0.43,-2.34,0.15,-14.28,4.96
-0.43,0.16,1.53,0.36,-2.41,0.2,-15.68,5.82
-0.45,0.18,1.51,0.3,-2.5,0.26,-16.54,6.35
-0.46,0.16,1.47,0.23,-2.56,0.3,-17.3,6.12
-0.47,0.17,1.43,0.17,-2.64,0.34,-18.1,6.39
-0.46,0.17,1.39,0.13,-2.69,0.36,-18.24,6.59
-0.46,0.18,1.37,0.07,-2.73,0.36,-18.51,6.94
-0.46,0.18,1.32,0.02,-2.76,0.36,-18.88,7.44
-0.44,0.19,1.28,-0.05,-2.79,0.34,-18.77,7.92
-0.43,0.2,1.23,-0.05,-2.8,0.31,-19.09,8.61
-0.42,0.2,1.21,-0.13,-2.91,0.31,-18.97,9.07
-0.42,0.22,1.18,-0.14,-2.8,0.24,-19.11,10.12
-0.42,0.23,1.16,-0.15,-2.76,0.16,-19.35,10.8
-0.42,0.24,1.13,-0.17,-2.76,0.1,-20.14,11.47
-0.44,0.27,1.12,-0.16,-2.76,0.05,-21.07,12.76
-0.47,0.28,1.1,-0.17,-2.74,-0.0,-22.25,13.28
-0.49,0.29,1.08,-0.16,-2.74,-0.03,-23.89,13.68
-0.51,0.3,1.06,-0.13,-2.77,-0.06,-24.94,14.37
-0.52,0.31,1.02,-0.13,-2.82,-0.08,-26.02,15.28
-0.52,0.33,1.0,-0.1,-2.79,-0.13,-26.22,16.48
-0.5,0.34,0.98,-0.08,-2.82,-0.16,-25.78,17.33
-0.48,0.36,0.95,-0.03,-2.82,-0.19,-25.47,18.45
-0.48,0.37,0.92,-0.01,-3.0,-0.18,-25.86,19.47
-0.49,0.39,0.89,0.07,-2.79,-0.26,-26.86,20.72
-0.51,0.4,0.85,0.2,-2.71,-0.3,-28.33,21.92
-0.54,0.42,0.81,0.32,-2.69,-0.43,-30.35,23.29
-0.55,0.43,0.77,0.37,-2.73,-0.4,-32.0,24.58
-0.56,0.43,0.73,0.43,-2.57,-0.35,-33.52,24.9
-0.56,0.42,0.68,0.52,-2.5,-0.38,-35.04,25.35
-0.56,0.42,0.63,0.65,-2.41,-0.39,-36.41,26.26
-0.55,0.41,0.58,0.75,-2.32,-0.42,-37.72,27.03
-0.54,0.41,0.51,0.84,-2.15,-0.43,-39.27,28.67
-0.52,0.4,0.45,0.92,-2.01,-0.44,-41.12,30.14
-0.52,0.4,0.38,0.97,-1.88,-0.44,-43.18,31.72
-0.52,0.39,0.32,1.03,-1.77,-0.44,-45.46,32.81
-0.5,0.39,0.28,1.07,-1.67,-0.41,-46.45,34.02
-0.48,0.37,0.23,1.11,-1.6,-0.37,-47.22,35.12
-0.44,0.36,0.21,1.13,-1.53,-0.32,-46.3,36.9
-0.4,0.36,0.18,1.18,-1.51,-0.29,-44.92,39.09
-0.34,0.33,0.15,1.2,-1.42,-0.23,-42.94,42.05
-0.29,0.3,0.13,1.25,-1.35,-0.2,-41.0,44.16
-0.23,0.26,0.09,1.29,-1.25,-0.19,-39.76,46.63
-0.16,0.21,0.04,1.32,-1.14,-0.21,-36.11,52.62
-0.1,0.18,0.0,1.33,-1.03,-0.21,-29.42,60.58
-0.03,0.14,-0.06,1.33,-0.92,-0.25,-11.88,64.5
0.04,0.09,-0.13,1.33,-0.81,-0.28,12.82,33.94
0.08,0.07,-0.2,1.28,-0.74,-0.32,21.56,18.85
0.13,0.04,-0.26,1.21,-0.72,-0.36,25.46,7.79
0.14,0.0,-0.3,1.09,-0.71,-0.4,24.92,0.24
0.16,-0.01,-0.37,0.92,-0.75,-0.43,23.88,-1.84
0.18,-0.03,-0.41,0.76,-0.83,-0.44,23.53,-3.37
0.19,-0.02,-0.42,0.55,-0.93,-0.44,23.73,-2.07
0.2,-0.01,-0.44,0.34,-1.05,-0.43,24.43,-1.02
0.2,0.02,-0.43,0.09,-1.19,-0.38,24.83,2.16
0.19,0.06,-0.39,-0.12,-1.38,-0.33,24.95,7.92
0.18,0.1,-0.36,-0.33,-1.57,-0.25,25.37,14.3
0.16,0.14,-0.27,-0.51,-1.73,-0.16,27.47,24.2
0.14,0.15,-0.17,-0.66,-1.84,-0.03,31.96,34.02
0.12,0.15,-0.07,-0.74,-1.9,0.09,34.89,48.72
0.11,0.14,0.05,-0.77,-1.89,0.21,36.48,49.59
0.11,0.12,0.18,-0.75,-1.83,0.3,26.23,29.44
0.13,0.1,0.3,-0.66,-1.71,0.37,22.61,16.47
0.16,0.05,0.41,-0.54,-1.55,0.41,21.26,6.29
0.19,0.0,0.49,-0.36,-1.36,0.41,21.14,0.09
0.22,-0.04,0.54,-0.19,-1.15,0.35,22.29,-3.88
0.25,-0.08,0.56,-0.07,-0.95,0.29,23.87,-7.22
0.26,-0.1,0.57,0.06,-0.78,0.22,24.29,-8.74
0.28,-0.1,0.57,0.17,-0.65,0.12,25.51,-9.06
0.28,-0.09,0.55,0.21,-0.52,0.08,26.24,-7.91
0.27,-0.07,0.56,0.24,-0.37,-0.01,25.58,-6.01
0.26,-0.04,0.57,0.26,-0.31,-0.05,24.27,-3.5
0.23,-0.0,0.59,0.25,-0.28,-0.07,20.88,-0.15
0.19,0.03,0.61,0.25,-0.3,-0.07,17.27,2.45
0.15,0.05,0.65,0.24,-0.32,-0.05,12.71,4.43
0.11,0.06,0.7,0.22,-0.34,0.01,9.08,4.89
0.09,0.05,0.75,0.28,-0.36,0.05,7.03,3.6
0.09,0.03,0.8,0.31,-0.39,0.11,6.37,2.28
0.1,0.02,0.85,0.38,-0.36,0.12,6.53,1.19
0.11,-0.01,0.87,0.46,-0.36,0.12,6.9,-0.5
0.12,-0.03,0.88,0.55,-0.36,0.1,7.73,-1.66
0.14,-0.03,0.86,0.62,-0.35,0.09,9.32,-1.92
0.17,-0.02,0.85,0.67,-0.31,0.06,11.13,-1.54
0.18,-0.01,0.82,0.7,-0.25,0.03,12.53,-0.88
0.19,-0.01,0.79,0.73,-0.2,0.0,13.75,-0.89
0.19,-0.02,0.76,0.74,-0.14,-0.01,14.15,-1.57
0.2,-0.03,0.73,0.72,-0.06,-0.04,15.22,-2.27
0.21,-0.04,0.7,0.69,-0.02,-0.05,16.5,-2.76
0.22,-0.05,0.69,0.66,0.0,-0.06,17.31,-3.76
0.21,-0.05,0.67,0.62,-0.01,-0.06,17.64,-3.82
0.21,-0.03,0.66,0.56,-0.03,-0.06,17.35,-2.91
0.21,-0.02,0.65,0.51,-0.08,-0.05,17.85,-1.62
0.21,-0.01,0.66,0.44,-0.13,-0.02,17.51,-0.65
0.22,-0.01,0.69,0.39,-0.2,-0.0,18.01,-0.96
0.23,-0.02,0.71,0.35,-0.21,-0.0,17.57,-1.29
0.23,-0.03,0.73,0.31,-0.23,-0.0,17.63,-2.26
0.24,-0.03,0.73,0.28,-0.26,-0.0,18.26,-2.59
0.25,-0.04,0.74,0.26,-0.28,-0.02,18.77,-2.71
0.27,-0.03,0.74,0.22,-0.29,-0.04,19.93,-1.9
0.26,-0.05,0.73,0.16,-0.27,-0.06,19.59,-3.42
0.26,-0.05,0.71,0.11,-0.28,-0.08,19.93,-3.84
0.24,-0.05,0.68,0.04,-0.3,-0.1,19.25,-3.9
0.25,-0.04,0.67,-0.06,-0.33,-0.11,20.08,-3.45
0.23,-0.02,0.67,-0.16,-0.38,-0.12,19.02,-1.59
0.2,0.01,0.68,-0.27,-0.45,-0.11,16.42,0.75
0.16,0.05,0.69,-0.37,-0.53,-0.08,13.32,4.21
0.12,0.08,0.74,-0.48,-0.61,-0.04,8.94,5.92
0.08,0.1,0.8,-0.56,-0.62,0.0,5.79,6.82
0.05,0.09,0.85,-0.58,-0.64,0.05,3.44,6.16
0.03,0.09,0.93,-0.58,-0.63,0.08,1.67,5.75
0.01,0.09,0.98,-0.54,-0.61,0.09,0.68,5.07
0.01,0.08,1.01,-0.52,-0.56,0.09,0.71,4.5
0.02,0.06,1.05,-0.44,-0.51,0.09,1.0,3.22
0.03,0.06,1.05,-0.37,-0.44,0.05,1.86,3.11
0.04,0.05,1.05,-0.31,-0.39,0.03,2.03,2.76
0.05,0.05,1.02,-0.24,-0.29,-0.01,2.87,2.9
0.05,0.05,1.0,-0.19,-0.23,-0.04,3.13,3.02
0.07,0.06,0.97,-0.15,-0.18,-0.07,3.9,3.38
0.07,0.06,0.92,-0.13,-0.15,-0.09,4.2,3.8
0.07,0.07,0.88,-0.12,-0.11,-0.09,4.54,4.31
0.08,0.06,0.85,-0.13,-0.09,-0.09,5.51,4.28
0.09,0.06,0.82,-0.15,-0.09,-0.09,6.03,4.29
0.1,0.06,0.78,-0.15,-0.1,-0.07,7.02,4.02
0.11,0.05,0.75,-0.18,-0.12,-0.05,8.07,3.88
0.12,0.05,0.73,-0.23,-0.15,-0.03,9.23,3.67
0.14,0.04,0.71,-0.26,-0.19,-0.0,10.96,3.31
0.14,0.05,0.7,-0.29,-0.24,0.01,11.26,3.71
0.14,0.05,0.71,-0.33,-0.27,0.02,11.1,4.3
0.13,0.06,0.72,-0.37,-0.27,0.03,10.58,4.88
0.13,0.07,0.73,-0.38,-0.27,0.04,9.77,5.77
0.12,0.08,0.75,-0.34,-0.25,0.05,8.98,6.13
0.11,0.09,0.77,-0.33,-0.18,0.04,8.41,6.36
0.11,0.09,0.79,-0.28,-0.13,0.04,8.16,6.32
0.1,0.08,0.79,-0.2,-0.02,0.02,7.33,6.01
0.1,0.07,0.79,-0.1,0.07,-0.0,7.01,5.18
0.1,0.06,0.78,0.01,0.18,-0.02,7.16,4.65
0.1,0.06,0.75,0.08,0.33,-0.05,7.6,4.16
0.12,0.04,0.71,0.18,0.44,-0.07,9.25,3.52
0.13,0.04,0.66,0.33,0.7,-0.24,10.76,3.27
0.14,0.03,0.61,0.32,0.65,-0.12,12.72,2.58
0.15,0.03,0.57,0.35,0.76,-0.13,14.47,2.44
0.16,0.02,0.52,0.43,1.01,-0.27,16.66,2.45
0.15,0.02,0.48,0.34,0.9,-0.13,17.83,1.98
0.16,0.02,0.44,0.32,0.93,-0.1,19.81,1.9
0.15,0.02,0.43,0.26,0.98,-0.09,19.84,2.28
0.16,0.03,0.42,0.22,0.99,-0.06,20.82,3.78
0.15,0.04,0.41,0.17,0.97,-0.04,19.57,4.8
0.13,0.04,0.42,0.12,0.91,0.0,17.63,5.49
0.13,0.05,0.45,0.08,0.89,0.03,15.64,6.07
0.12,0.04,0.48,0.06,0.86,0.06,14.46,4.93
0.11,0.02,0.51,0.08,0.85,0.08,12.72,2.18
0.13,-0.01,0.52,0.11,0.83,0.09,14.19,-0.62
0.13,0.01,0.54,0.14,0.86,0.06,13.99,0.67
0.14,-0.0,0.54,0.17,0.9,0.04,14.84,-0.02
0.15,-0.0,0.52,0.24,0.95,0.01,15.98,-0.44
0.14,0.0,0.49,0.27,1.01,-0.02,16.06,0.53
0.14,-0.0,0.46,0.28,1.09,-0.05,16.77,-0.12
0.13,0.02,0.43,0.27,1.16,-0.08,17.2,2.14
0.13,0.02,0.42,0.27,1.2,-0.08,17.4,3.09
0.12,0.03,0.4,0.24,1.23,-0.1,16.29,4.17
0.09,0.05,0.4,0.22,1.27,-0.11,13.01,6.42
0.07,0.05,0.4,0.19,1.29,-0.11,9.36,7.56
0.02,0.07,0.42,0.17,1.27,-0.11,3.19,9.89
0.03,0.06,0.42,0.15,1.23,-0.09,4.22,8.11
0.03,0.04,0.41,0.15,1.23,-0.08,3.81,6.21
-0.01,0.02,0.44,0.15,1.22,-0.07,-1.3,2.91
0.05,0.0,0.38,0.16,1.2,-0.07,8.13,0.72
0.09,0.02,0.33,0.11,1.23,-0.1,15.22,2.8
0.09,0.03,0.34,0.05,1.24,-0.13,14.2,5.55
0.07,0.03,0.34,-0.01,1.27,-0.16,10.85,5.42
0.03,0.03,0.34,-0.07,1.25,-0.17,4.56,5.07
-0.01,0.03,0.33,-0.1,1.18,-0.2,-1.86,4.69
-0.06,0.05,0.34,-0.17,1.12,-0.2,-9.38,7.98
-0.09,0.06,0.33,-0.21,1.07,-0.18,-15.31,10.71
-0.12,0.07,0.35,-0.29,1.04,-0.14,-18.87,11.47
-0.13,0.08,0.35,-0.35,1.03,-0.11,-20.35,11.54
-0.14,0.07,0.38,-0.44,1.05,-0.09,-19.87,9.93
-0.14,0.06,0.43,-0.48,1.13,-0.08,-18.06,8.09
-0.14,0.06,0.45,-0.53,1.19,-0.08,-17.24,7.71
-0.14,0.07,0.48,-0.58,1.25,-0.08,-16.31,7.54
-0.13,0.07,0.55,-0.61,1.32,-0.09,-13.41,6.6
-0.14,0.07,0.61,-0.62,1.4,-0.13,-12.52,6.55
-0.14,0.06,0.65,-0.59,1.46,-0.15,-11.98,5.56
-0.14,0.07,0.69,-0.56,1.56,-0.19,-11.66,6.0
-0.15,0.1,0.74,-0.51,1.61,-0.23,-11.74,7.3
-0.17,0.12,0.75,-0.46,1.69,-0.25,-12.27,8.57
-0.19,0.12,0.77,-0.41,1.76,-0.26,-13.72,8.85
-0.21,0.12,0.77,-0.32,1.8,-0.27,-15.21,8.3
-0.23,0.11,0.77,-0.25,1.85,-0.27,-16.06,8.04
-0.22,0.12,0.78,-0.21,1.96,-0.29,-15.9,8.59
-0.21,0.15,0.78,-0.16,2.05,-0.31,-14.68,10.59
-0.21,0.15,0.79,-0.13,2.15,-0.32,-14.9,10.55
-0.23,0.15,0.78,-0.12,2.23,-0.33,-15.95,10.27
-0.25,0.14,0.76,-0.12,2.28,-0.34,-17.9,9.79
-0.26,0.14,0.77,-0.15,2.3,-0.34,-18.76,9.66
-0.26,0.15,0.78,-0.2,2.27,-0.34,-18.16,10.38
-0.23,0.14,0.81,-0.24,2.23,-0.34,-15.7,9.56
-0.22,0.13,0.82,-0.27,2.23,-0.38,-14.46,8.44
-0.19,0.09,0.81,-0.33,2.23,-0.41,-13.24,6.31
-0.22,0.12,0.83,-0.39,2.16,-0.44,-14.45,7.84
-0.24,0.16,0.84,-0.42,2.06,-0.46,-15.44,10.63
-0.27,0.21,0.81,-0.52,2.03,-0.46,-17.72,13.79
-0.29,0.22,0.84,-0.61,1.93,-0.44,-18.38,13.76
-0.32,0.22,0.9,-0.68,1.83,-0.41,-18.73,12.85
-0.35,0.24,0.92,-0.73,1.73,-0.37,-20.26,13.59
-0.37,0.27,0.95,-0.8,1.64,-0.32,-20.31,15.01
-0.35,0.29,1.0,-0.88,1.58,-0.27,-18.43,15.49
-0.33,0.29,1.06,-0.9,1.52,-0.19,-16.77,14.66
-0.33,0.27,1.1,-0.92,1.51,-0.13,-16.39,13.07
-0.32,0.25,1.14,-0.92,1.48,-0.08,-15.48,12.12
-0.3,0.23,1.18,-0.93,1.47,-0.05,-14.14,10.82
-0.27,0.22,1.22,-0.91,1.44,-0.02,-12.43,10.07
-0.24,0.19,1.24,-0.87,1.45,-0.01,-10.76,8.7
-0.22,0.18,1.26,-0.8,1.48,-0.04,-9.67,8.04
-0.17,0.18,1.28,-0.73,1.57,-0.08,-7.6,7.78
-0.14,0.17,1.28,-0.63,1.68,-0.12,-6.3,7.67
-0.13,0.17,1.28,-0.49,1.96,-0.34,-5.64,7.69
-0.14,0.18,1.27,-0.43,1.83,-0.23,-6.08,7.89
-0.16,0.17,1.25,-0.34,1.9,-0.31,-7.13,7.79
-0.2,0.17,1.21,-0.25,1.94,-0.36,-9.2,7.96
-0.25,0.18,1.18,-0.21,1.98,-0.39,-11.79,8.33
-0.29,0.2,1.16,-0.19,2.01,-0.4,-14.0,9.7
-0.34,0.24,1.13,-0.22,2.05,-0.4,-16.48,11.46
-0.39,0.27,1.12,-0.29,2.08,-0.37,-18.98,12.85
-0.45,0.29,1.1,-0.4,2.05,-0.3,-21.4,13.89
-0.47,0.31,1.11,-0.53,2.0,-0.2,-22.2,14.18
-0.47,0.3,1.14,-0.68,1.94,-0.11,-21.66,13.56
-0.44,0.28,1.18,-0.86,1.88,0.0,-20.14,12.56
-0.41,0.24,1.22,-0.98,1.78,0.12,-18.31,10.74
-0.37,0.19,1.25,-1.11,1.67,0.22,-16.47,8.39
-0.33,0.15,1.29,-1.2,1.58,0.31,-14.42,6.6
-0.26,0.13,1.34,-1.31,1.52,0.39,-10.97,5.41
-0.18,0.11,1.39,-1.38,1.48,0.44,-7.3,4.35
-0.07,0.08,1.45,-1.43,1.47,0.47,-2.95,3.32
0.03,0.06,1.53,-1.42,1.48,0.44,1.2,2.28
0.16,0.04,1.62,-1.41,1.53,0.4,5.53,1.56
0.3,0.02,1.73,-1.28,1.57,0.32,9.79,0.6
0.43,-0.02,1.83,-1.07,1.63,0.2,13.19,-0.6
0.52,-0.06,1.9,-0.8,1.73,0.05,15.42,-1.76
0.56,-0.1,1.89,-0.47,1.86,-0.14,16.61,-2.99
0.53,-0.15,1.89,-0.07,1.94,-0.34,15.75,-4.23
0.48,-0.17,1.88,0.27,2.02,-0.51,14.27,-4.93
0.34,-0.14,1.76,0.54,2.11,-0.66,10.79,-4.38
0.2,-0.09,1.62,0.73,2.2,-0.79,7.17,-3.12
0.1,-0.02,1.5,0.82,2.27,-0.83,3.75,-0.77
0.0,0.03,1.41,0.84,2.33,-0.85,0.02,1.36
-0.07,0.06,1.34,0.8,2.31,-0.81,-3.07,2.67
-0.14,0.09,1.3,0.71,2.26,-0.76,-5.97,4.03
-0.17,0.12,1.27,0.59,2.12,-0.68,-7.63,5.33
-0.19,0.15,1.25,0.44,1.99,-0.59,-8.5,6.67
-0.18,0.16,1.26,0.3,1.8,-0.47,-7.92,7.18
-0.15,0.16,1.27,0.18,1.67,-0.37,-6.78,7.21
-0.1,0.16,1.3,0.08,1.54,-0.26,-4.45,7.0
-0.03,0.12,1.35,-0.02,1.45,-0.17,-1.14,5.22
0.05,0.09,1.39,-0.05,1.35,-0.1,2.03,3.62
0.12,0.03,1.43,-0.05,1.28,-0.08,4.73,1.08
0.13,-0.03,1.45,-0.03,1.22,-0.08,5.31,-1.0
0.15,-0.06,1.43,0.03,1.18,-0.11,5.97,-2.22
0.14,-0.06,1.41,0.07,1.2,-0.15,5.54,-2.41
0.11,-0.02,1.38,0.1,1.14,-0.19,4.7,-0.83
0.09,0.01,1.36,0.12,1.19,-0.22,3.7,0.32
0.04,0.03,1.34,0.12,1.21,-0.25,1.92,1.1
0.0,0.05,1.3,0.07,1.26,-0.25,0.18,1.99
-0.03,0.06,1.28,0.05,1.28,-0.25,-1.44,2.53
-0.05,0.08,1.27,-0.05,1.34,-0.24,-2.09,3.53
-0.05,0.1,1.25,-0.11,1.37,-0.19,-2.34,4.43
-0.04,0.12,1.26,-0.18,1.41,-0.16,-1.95,5.31
-0.02,0.13,1.28,-0.25,1.47,-0.12,-0.92,5.77
0.03,0.12,1.3,-0.32,1.57,-0.08,1.4,5.33
0.07,0.11,1.35,-0.34,1.64,-0.03,3.0,4.63
0.1,0.1,1.39,-0.34,1.85,-0.07,4.05,3.97
0.15,0.07,1.43,-0.37,1.76,0.1,5.92,2.95
0.23,0.04,1.46,-0.32,1.81,0.17,8.88,1.38
0.32,-0.04,1.49,-0.26,1.89,0.22,12.18,-1.49
0.39,-0.11,1.5,-0.16,1.88,0.25,14.36,-3.88
0.45,-0.18,1.5,-0.08,1.88,0.25,16.52,-6.68
0.5,-0.25,1.48,0.01,1.89,0.18,18.34,-9.15
0.53,-0.28,1.46,0.11,1.87,0.13,19.57,-10.15
0.56,-0.29,1.43,0.33,2.14,-0.17,20.97,-10.52
0.57,-0.29,1.39,0.33,1.83,-0.07,21.89,-10.82
0.57,-0.28,1.35,0.4,1.8,-0.18,22.28,-10.8
0.54,-0.25,1.32,0.49,1.73,-0.27,21.93,-9.97
0.5,-0.22,1.27,0.53,1.65,-0.36,21.14,-9.17
0.46,-0.18,1.23,0.55,1.54,-0.44,20.1,-7.71
0.41,-0.13,1.21,0.57,1.47,-0.51,18.46,-5.72
0.36,-0.09,1.18,0.55,1.41,-0.55,17.08,-4.1
0.31,-0.05,1.16,0.54,1.33,-0.6,15.11,-2.42
0.27,-0.01,1.16,0.49,1.26,-0.62,13.08,-0.7
0.23,0.02,1.17,0.46,1.21,-0.63,11.07,0.9
0.19,0.06,1.18,0.39,1.2,-0.61,9.11,2.64
0.14,0.1,1.2,0.32,1.17,-0.56,6.58,4.92
0.09,0.14,1.22,0.23,1.14,-0.5,4.29,6.48
0.07,0.16,1.25,0.12,1.09,-0.41,3.07,7.3
0.04,0.17,1.29,0.01,1.03,-0.29,1.96,7.3
0.05,0.13,1.3,-0.11,0.95,-0.15,2.24,5.84
0.06,0.1,1.32,-0.19,0.85,-0.01,2.46,4.2
0.08,0.06,1.31,-0.28,0.76,0.11,3.63,2.61
0.13,0.03,1.29,-0.39,0.7,0.21,5.95,1.12
0.18,-0.0,1.27,-0.44,0.59,0.31,8.22,-0.01
0.23,-0.03,1.25,-0.51,0.5,0.39,10.49,-1.23
0.29,-0.06,1.22,-0.55,0.43,0.42,13.16,-2.78
0.32,-0.08,1.22,-0.57,0.39,0.44,14.73,-3.58
0.36,-0.1,1.21,-0.57,0.33,0.45,16.48,-4.62
0.39,-0.12,1.19,-0.54,0.26,0.45,17.81,-5.27
0.41,-0.12,1.18,-0.5,0.23,0.43,19.12,-5.56
0.44,-0.13,1.17,-0.5,0.23,0.4,20.39,-5.75
0.45,-0.13,1.16,-0.43,0.2,0.37,21.05,-6.03
0.45,-0.13,1.14,-0.27,0.4,0.13,21.45,-6.13
0.43,-0.13,1.15,-0.29,0.21,0.26,20.2,-6.2
0.39,-0.13,1.14,-0.26,0.25,0.2,18.95,-6.35
0.36,-0.12,1.13,-0.2,0.29,0.14,17.42,-5.97
0.32,-0.11,1.12,-0.16,0.33,0.1,15.89,-5.34
0.29,-0.09,1.13,-0.14,0.4,0.05,14.45,-4.23
0.26,-0.08,1.12,-0.13,0.46,0.02,12.86,-3.86
0.23,-0.07,1.12,-0.13,0.48,0.01,11.55,-3.33
0.2,-0.07,1.12,-0.05,0.66,-0.16,10.21,-3.3
0.18,-0.06,1.11,-0.12,0.49,0.0,9.37,-2.92
0.16,-0.05,1.11,-0.12,0.5,0.02,8.09,-2.69
0.16,-0.06,1.1,-0.16,0.48,0.05,8.28,-2.82
0.16,-0.05,1.1,-0.17,0.43,0.09,8.1,-2.8
0.16,-0.06,1.08,-0.19,0.37,0.13,8.22,-3.37
0.16,-0.06,1.08,-0.23,0.34,0.16,8.47,-3.34
0.16,-0.07,1.06,-0.25,0.26,0.19,8.49,-3.97
0.17,-0.07,1.05,-0.27,0.21,0.21,9.12,-4.02
0.17,-0.07,1.03,-0.29,0.11,0.24,9.49,-3.89
0.19,-0.08,1.02,-0.3,0.08,0.25,10.31,-4.54
0.2,-0.09,1.01,-0.34,0.04,0.26,11.15,-5.23
0.21,-0.09,0.99,-0.33,-0.02,0.27,12.1,-5.24
0.22,-0.1,0.98,-0.34,-0.07,0.26,12.44,-5.94
0.22,-0.11,0.98,-0.33,-0.09,0.22,12.79,-5.99
0.22,-0.09,0.97,-0.36,-0.1,0.19,12.64,-5.37
0.21,-0.09,0.98,-0.36,-0.13,0.17,12.2,-4.86
0.21,-0.08,0.99,-0.34,-0.14,0.15,11.71,-4.31
0.21,-0.07,1.0,-0.32,-0.15,0.12,11.9,-4.18
0.2,-0.07,1.01,-0.34,-0.11,0.09,11.25,-3.66
0.21,-0.07,1.02,-0.31,-0.11,0.09,11.54,-3.64
0.21,-0.06,1.01,-0.27,-0.06,0.01,11.54,-3.25
0.19,-0.05,1.01,-0.23,-0.09,0.02,10.76,-2.51
0.19,-0.03,1.02,-0.21,-0.05,-0.02,10.58,-1.83
0.18,-0.02,1.02,-0.18,-0.05,-0.04,10.23,-1.15
0.17,-0.02,1.02,-0.14,-0.04,-0.07,9.47,-0.92
0.17,-0.01,1.03,-0.11,-0.03,-0.08,9.35,-0.81
0.16,-0.01,1.03,-0.08,-0.01,-0.1,9.05,-0.61
0.15,-0.0,1.04,-0.05,0.02,-0.12,8.43,-0.01
0.15,-0.0,1.04,-0.03,0.02,-0.13,7.98,-0.2
0.14,0.01,1.04,0.01,0.01,-0.15,7.39,0.68
0.12,0.02,1.04,0.04,0.03,-0.17,6.78,1.36
0.11,0.03,1.03,0.07,0.03,-0.16,6.14,1.59
0.1,0.04,1.02,0.12,0.01,-0.17,5.7,2.15
0.09,0.04,1.01,0.15,-0.01,-0.17,4.95,2.11
0.07,0.05,0.99,0.17,0.02,-0.19,4.33,2.69
0.06,0.05,0.98,0.19,-0.0,-0.19,3.5,2.72
0.03,0.05,0.97,0.19,0.02,-0.23,1.77,2.94
0.0,0.06,0.97,0.2,-0.01,-0.24,0.04,3.39
-0.04,0.07,0.97,0.19,0.01,-0.25,-2.06,3.91
-0.07,0.08,0.98,0.15,0.02,-0.24,-4.1,4.83
-0.1,0.1,0.98,0.11,0.01,-0.21,-5.89,5.75
-0.11,0.11,1.0,0.05,-0.02,-0.18,-5.96,6.11
-0.11,0.13,1.03,-0.01,-0.03,-0.15,-6.22,7.04
-0.1,0.12,1.03,-0.08,-0.04,-0.1,-5.71,6.8
-0.09,0.13,1.05,-0.12,-0.08,-0.04,-5.09,6.8
-0.07,0.11,1.07,-0.16,-0.11,0.02,-3.53,5.67
-0.05,0.1,1.08,-0.19,-0.15,0.08,-2.49,5.08
-0.01,0.09,1.09,-0.23,-0.15,0.13,-0.3,4.93
0.04,0.07,1.07,-0.22,-0.18,0.17,1.94,3.54
0.08,0.05,1.07,-0.19,-0.2,0.2,4.01,2.43
0.12,0.02,1.07,-0.16,-0.2,0.19,6.21,1.25
0.13,0.02,1.06,-0.13,-0.19,0.17,7.24,1.33
0.15,0.02,1.05,-0.08,-0.18,0.16,8.28,1.12
0.16,0.0,1.04,-0.01,-0.16,0.13,8.77,0.15
0.15,0.0,1.02,0.05,-0.11,0.1,8.51,0.1
0.15,-0.01,1.0,0.09,-0.07,0.06,8.28,-0.56
0.13,0.0,0.99,0.14,-0.02,0.02,7.71,0.0
0.11,0.01,0.98,0.15,0.02,-0.03,6.64,0.68
0.09,0.02,0.97,0.17,0.05,-0.07,5.43,1.0
0.06,0.03,0.96,0.17,0.1,-0.11,3.82,1.49
0.04,0.04,0.97,0.15,0.12,-0.12,2.51,2.29
0.02,0.04,0.98,0.14,0.11,-0.13,1.39,2.5
0.01,0.05,0.97,0.12,0.1,-0.12,0.51,3.15
0.0,0.06,0.97,0.08,0.12,-0.12,0.28,3.25
0.01,0.06,0.98,0.05,0.12,-0.11,0.29,3.41
-0.0,0.06,0.98,0.04,0.11,-0.1,-0.02,3.66
-0.01,0.06,0.98,0.01,0.08,-0.08,-0.39,3.77
-0.01,0.07,0.99,-0.02,0.07,-0.07,-0.31,3.87
-0.0,0.06,1.0,-0.05,0.05,-0.03,-0.28,3.64
-0.0,0.06,1.0,-0.07,0.02,-0.01,-0.18,3.66
0.0,0.07,1.0,-0.1,-0.03,0.02,0.03,3.88
0.01,0.06,1.01,-0.13,-0.02,0.04,0.76,3.15
0.02,0.04,1.01,-0.14,-0.03,0.07,1.15,2.41
0.03,0.03,1.0,-0.13,-0.03,0.08,1.86,1.87
0.05,0.02,1.0,-0.12,-0.06,0.1,3.04,1.4
0.07,0.01,0.99,-0.12,-0.05,0.1,4.1,0.76
0.09,0.0,0.97,-0.11,-0.03,0.1,5.16,0.25
0.1,-0.01,0.96,-0.11,-0.02,0.09,5.92,-0.32
0.11,-0.01,0.96,-0.1,-0.03,0.07,6.4,-0.78
0.1,-0.01,0.95,-0.1,-0.01,0.04,6.18,-0.89
0.11,-0.01,0.95,-0.12,-0.0,0.01,6.76,-0.78
0.11,-0.02,0.96,-0.09,-0.02,-0.0,6.81,-1.02
0.11,-0.02,0.97,-0.07,-0.03,-0.02,6.56,-1.11
0.11,-0.03,0.98,-0.07,-0.02,-0.05,6.67,-1.47
0.12,-0.03,0.99,-0.07,-0.0,-0.06,6.98,-1.74
0.11,-0.04,0.99,-0.04,-0.02,-0.09,6.55,-2.02
0.1,-0.03,1.0,-0.04,-0.0,-0.09,5.88,-1.69
0.09,-0.02,1.01,-0.01,-0.02,-0.12,5.28,-1.27
0.09,-0.02,1.02,-0.01,0.0,-0.13,4.79,-1.17
0.08,-0.01,1.04,-0.01,0.02,-0.13,4.66,-0.71
0.09,-0.02,1.06,-0.05,-0.05,-0.06,4.74,-0.85
0.08,-0.02,1.06,-0.01,0.0,-0.09,4.22,-0.85
0.06,-0.01,1.06,-0.02,0.01,-0.08,3.49,-0.73
0.06,-0.01,1.07,-0.05,-0.02,-0.06,3.31,-0.28
0.07,-0.0,1.07,-0.1,-0.05,-0.02,3.64,-0.15
0.09,-0.02,1.08,-0.14,-0.09,0.01,4.73,-1.04
0.09,-0.01,1.09,-0.18,-0.15,0.05,4.65,-0.77
0.1,-0.03,1.11,-0.24,-0.19,0.09,5.11,-1.29
0.11,-0.03,1.11,-0.31,-0.26,0.13,5.88,-1.42
0.14,-0.06,1.11,-0.4,-0.36,0.18,7.12,-2.86
0.16,-0.07,1.11,-0.5,-0.43,0.21,8.24,-3.36
0.21,-0.08,1.13,-0.61,-0.5,0.24,10.32,-4.08
0.27,-0.11,1.16,-0.68,-0.59,0.27,13.19,-5.06
0.34,-0.14,1.18,-0.73,-0.68,0.29,16.14,-6.45
0.42,-0.19,1.2,-0.79,-0.69,0.29,19.09,-8.6
0.48,-0.23,1.24,-0.79,-0.71,0.27,20.77,-9.98
0.52,-0.24,1.3,-0.82,-0.71,0.22,21.66,-9.56
0.56,-0.23,1.37,-0.83,-0.72,0.19,21.96,-8.9
0.6,-0.23,1.45,-0.84,-0.68,0.17,22.43,-8.48
0.66,-0.25,1.52,-0.82,-0.64,0.17,23.11,-8.69
0.7,-0.28,1.58,-0.77,-0.6,0.18,23.49,-9.3
0.71,-0.31,1.63,-0.73,-0.58,0.19,23.02,-9.85
0.7,-0.31,1.68,-0.71,-0.61,0.22,22.46,-9.66
0.72,-0.3,1.71,-0.76,-0.67,0.27,22.44,-9.22
0.75,-0.3,1.75,-0.78,-0.8,0.35,23.04,-9.05
0.8,-0.34,1.77,-0.79,-0.82,0.29,24.0,-9.96
0.85,-0.39,1.78,-0.87,-1.07,0.5,25.04,-11.13
0.88,-0.42,1.75,-0.86,-1.25,0.55,26.12,-11.97
0.91,-0.44,1.72,-0.87,-1.46,0.58,27.16,-12.79
0.94,-0.46,1.69,-0.84,-1.64,0.58,28.3,-13.37
0.97,-0.47,1.66,-0.8,-1.79,0.56,29.29,-13.87
0.98,-0.49,1.64,-0.74,-1.88,0.5,29.8,-14.4
0.98,-0.51,1.64,-0.64,-1.98,0.42,29.66,-14.95
0.96,-0.5,1.66,-0.49,-2.06,0.31,28.89,-14.78
0.9,-0.49,1.7,-0.33,-2.14,0.19,27.02,-14.16
0.84,-0.48,1.74,-0.21,-2.22,0.11,25.11,-13.91
0.78,-0.46,1.78,-0.03,-2.29,0.03,22.82,-13.25
0.7,-0.42,1.84,0.12,-2.38,-0.03,20.3,-12.16
0.62,-0.4,1.88,0.26,-2.48,-0.06,17.91,-11.37
0.55,-0.36,1.93,0.38,-2.56,-0.1,15.7,-10.27
0.48,-0.33,1.97,0.5,-2.66,-0.12,13.57,-9.27
0.4,-0.29,2.01,0.58,-2.75,-0.15,11.26,-7.96
0.32,-0.24,2.05,0.66,-2.82,-0.19,8.94,-6.73
0.25,-0.2,2.09,0.74,-2.88,-0.22,6.77,-5.36
0.17,-0.11,2.13,0.84,-2.98,-0.25,4.43,-3.03
0.1,-0.06,2.15,0.93,-3.08,-0.28,2.69,-1.49
0.03,0.01,2.18,1.03,-3.11,-0.3,0.77,0.29
-0.05,0.07,2.21,1.13,-3.13,-0.3,-1.34,1.73
-0.13,0.12,2.24,1.23,-3.12,-0.29,-3.36,3.05
-0.22,0.17,2.26,1.3,-3.11,-0.29,-5.48,4.33
-0.3,0.23,2.28,1.36,-3.1,-0.27,-7.47,5.7
-0.38,0.3,2.3,1.42,-3.06,-0.25,-9.25,7.31
-0.49,0.37,2.25,1.42,-3.06,-0.21,-12.24,9.2
-0.62,0.43,2.17,1.44,-3.06,-0.16,-15.58,10.75
-0.74,0.5,2.06,1.4,-3.07,-0.08,-19.16,12.89
-0.83,0.55,1.97,1.38,-3.09,0.01,-22.14,14.55
-0.91,0.6,1.87,1.31,-3.1,0.11,-24.91,16.11
-0.98,0.63,1.77,1.22,-3.11,0.22,-27.56,17.44
-1.02,0.65,1.68,1.11,-3.15,0.33,-29.42,18.35
-1.01,0.64,1.59,1.0,-3.15,0.45,-30.63,18.65
-0.98,0.62,1.53,0.89,-3.12,0.54,-30.86,18.78
-0.94,0.59,1.47,0.78,-3.1,0.6,-30.74,18.59
-0.9,0.58,1.42,0.72,-3.07,0.62,-30.43,18.98
-0.87,0.56,1.39,0.66,-3.02,0.62,-30.28,18.86
-0.86,0.54,1.33,0.64,-2.96,0.6,-30.82,18.96
-0.86,0.53,1.28,0.62,-2.94,0.6,-31.92,18.85
-0.86,0.51,1.21,0.6,-2.87,0.58,-33.06,19.11
-0.84,0.51,1.13,0.6,-2.83,0.56,-33.94,19.87
-0.83,0.5,1.05,0.56,-2.72,0.52,-35.42,20.63
-0.84,0.51,0.96,0.54,-2.66,0.51,-37.48,21.73
-0.85,0.51,0.88,0.5,-2.62,0.47,-40.07,22.48
-0.87,0.5,0.82,0.46,-2.57,0.45,-42.02,22.77
-0.87,0.51,0.76,0.41,-2.52,0.44,-43.57,23.68
-0.87,0.52,0.71,0.35,-2.54,0.47,-44.55,25.09
-0.87,0.54,0.67,0.32,-2.61,0.5,-45.36,25.95
-0.87,0.54,0.64,0.27,-2.7,0.55,-46.41,26.42
-0.85,0.52,0.61,0.25,-2.81,0.62,-46.79,26.43
-0.8,0.5,0.59,0.22,-2.89,0.68,-46.07,26.68
-0.72,0.47,0.57,0.2,-2.96,0.72,-44.08,27.19
-0.63,0.43,0.56,0.22,-2.99,0.71,-41.91,27.11
-0.56,0.4,0.55,0.22,-2.94,0.67,-39.58,26.74
-0.51,0.37,0.53,0.27,-2.86,0.6,-38.12,26.73
-0.48,0.36,0.5,0.33,-2.76,0.51,-37.83,27.2
-0.47,0.35,0.47,0.39,-2.67,0.43,-38.59,28.1
-0.48,0.35,0.43,0.44,-2.5,0.33,-40.41,28.93
-0.49,0.36,0.39,0.5,-2.39,0.27,-42.4,29.64
-0.49,0.36,0.36,0.58,-2.29,0.22,-44.24,30.7
-0.49,0.37,0.29,0.63,-2.22,0.18,-46.11,32.87
-0.49,0.38,0.24,0.67,-2.14,0.15,-47.4,35.01
-0.48,0.38,0.18,0.68,-2.05,0.13,-48.6,36.84
-0.47,0.37,0.13,0.72,-1.97,0.12,-50.44,37.06
-0.46,0.36,0.07,0.74,-1.89,0.12,-51.01,38.14
-0.43,0.36,0.01,0.71,-1.8,0.12,-49.99,39.99
-0.41,0.36,-0.05,0.66,-1.7,0.13,-48.8,40.71
-0.38,0.35,-0.1,0.61,-1.63,0.16,-46.51,41.29
-0.35,0.34,-0.13,0.52,-1.55,0.19,-44.4,41.78
-0.31,0.32,-0.14,0.4,-1.43,0.21,-41.87,42.67
-0.27,0.31,-0.13,0.29,-1.3,0.22,-38.54,46.22
-0.23,0.3,-0.09,0.18,-1.2,0.23,-36.12,50.43
-0.2,0.28,-0.05,0.11,-1.09,0.22,-35.03,53.72
-0.18,0.27,-0.0,0.03,-0.96,0.21,-33.32,56.67
-0.17,0.26,0.06,-0.02,-0.84,0.19,-32.85,55.24
-0.19,0.26,0.1,-0.05,-0.76,0.19,-34.63,49.71
-0.21,0.26,0.16,-0.04,-0.72,0.21,-34.61,44.87
-0.23,0.27,0.19,-0.04,-0.71,0.28,-34.94,42.37
-0.24,0.24,0.19,-0.03,-0.7,0.37,-38.14,38.5
-0.21,0.21,0.2,-0.01,-0.75,0.48,-36.49,35.23
-0.19,0.19,0.19,-0.03,-0.85,0.62,-34.53,34.79
-0.12,0.16,0.21,-0.02,-0.91,0.71,-24.52,33.37
-0.05,0.11,0.23,-0.02,-0.97,0.8,-10.98,24.99
0.05,0.05,0.26,0.01,-1.02,0.87,10.66,10.11
0.12,-0.01,0.29,0.03,-1.06,0.91,22.83,-2.27
0.18,-0.06,0.3,0.06,-1.09,0.91,30.67,-9.12
0.23,-0.1,0.32,0.07,-1.06,0.87,34.84,-13.72
0.29,-0.12,0.33,0.1,-1.03,0.81,39.53,-15.11
0.33,-0.15,0.34,0.13,-1.0,0.75,42.24,-17.06
0.37,-0.16,0.33,0.13,-0.92,0.65,45.45,-18.2
0.38,-0.17,0.33,0.11,-0.86,0.54,46.0,-18.68
0.39,-0.16,0.35,0.1,-0.78,0.44,45.09,-17.01
0.37,-0.15,0.37,0.1,-0.7,0.34,43.23,-15.79
0.34,-0.13,0.4,0.1,-0.66,0.26,39.45,-14.1
0.3,-0.12,0.4,0.1,-0.58,0.18,36.0,-13.84
0.27,-0.11,0.39,0.11,-0.52,0.14,33.81,-12.95
0.23,-0.08,0.37,0.1,-0.48,0.11,31.39,-10.96
0.2,-0.05,0.37,0.07,-0.49,0.12,28.61,-7.28
0.18,-0.02,0.38,0.03,-0.52,0.14,25.3,-2.7
0.16,-0.01,0.37,0.01,-0.64,0.18,23.2,-1.42
0.16,-0.02,0.39,-0.02,-0.72,0.26,21.59,-3.29
0.17,-0.04,0.4,-0.06,-0.82,0.33,22.38,-5.62
0.19,-0.05,0.44,-0.1,-0.87,0.37,23.2,-5.83
0.21,-0.05,0.48,-0.17,-0.89,0.41,23.61,-5.26
0.24,-0.06,0.54,-0.2,-0.91,0.42,23.76,-5.9
0.26,-0.08,0.59,-0.21,-0.89,0.41,23.1,-7.34
0.27,-0.11,0.64,-0.22,-0.83,0.37,22.71,-8.66
0.29,-0.12,0.68,-0.23,-0.72,0.31,22.63,-8.99
0.29,-0.11,0.71,-0.21,-0.65,0.26,22.11,-8.15
0.3,-0.1,0.73,-0.21,-0.54,0.18,22.06,-7.07
0.3,-0.09,0.75,-0.18,-0.49,0.11,21.42,-6.25
0.28,-0.09,0.75,-0.19,-0.39,0.04,20.27,-6.09
0.26,-0.08,0.75,-0.15,-0.32,-0.01,18.92,-5.79
0.23,-0.07,0.74,-0.13,-0.27,-0.05,17.13,-5.48
0.2,-0.06,0.73,-0.12,-0.23,-0.07,15.23,-4.46
0.16,-0.03,0.72,-0.13,-0.21,-0.08,12.8,-2.63
0.13,-0.01,0.71,-0.14,-0.23,-0.07,10.38,-0.47
0.1,0.01,0.71,-0.13,-0.26,-0.04,7.98,0.68
0.1,0.02,0.73,-0.13,-0.32,0.02,7.54,1.79
0.09,0.03,0.75,-0.1,-0.23,-0.08,7.17,1.98
0.09,0.04,0.79,-0.15,-0.4,0.11,6.7,2.7
0.09,0.03,0.84,-0.12,-0.46,0.16,5.99,1.93
0.1,0.02,0.88,-0.08,-0.49,0.19,6.53,1.03
0.11,0.0,0.92,-0.05,-0.47,0.19,6.88,0.01
0.13,-0.01,0.96,0.04,-0.47,0.19,7.66,-0.74
0.16,-0.03,0.97,0.16,-0.32,0.04,9.15,-1.83
0.17,-0.04,0.97,0.18,-0.44,0.14,10.14,-2.27
0.2,-0.05,0.95,0.25,-0.4,0.09,12.06,-2.95
0.22,-0.05,0.94,0.27,-0.34,0.05,13.06,-2.96
0.22,-0.04,0.9,0.29,-0.29,-0.0,13.89,-2.79
0.2,-0.03,0.86,0.3,-0.28,-0.02,13.09,-2.19
0.18,-0.03,0.85,0.32,-0.25,-0.06,11.97,-1.88
0.15,-0.03,0.81,0.32,-0.23,-0.07,10.28,-2.13
0.13,-0.04,0.78,0.31,-0.22,-0.07,9.8,-2.78
0.12,-0.04,0.75,0.3,-0.21,-0.06,8.75,-2.91
0.12,-0.02,0.73,0.27,-0.18,-0.05,9.21,-1.82
0.12,-0.02,0.71,0.23,-0.16,-0.03,9.43,-1.9
0.13,-0.02,0.69,0.16,-0.17,-0.02,10.8,-1.88
0.12,-0.0,0.69,0.1,-0.2,0.0,9.91,-0.25
0.12,0.02,0.71,0.01,-0.22,0.03,9.44,1.33
0.1,0.04,0.75,-0.07,-0.24,0.04,7.78,3.06
0.1,0.04,0.8,-0.14,-0.27,0.07,7.29,3.07
0.09,0.03,0.86,-0.14,-0.29,0.09,6.22,2.07
0.1,0.02,0.9,-0.15,-0.28,0.1,6.38,1.21
0.12,0.01,0.93,-0.15,-0.24,0.09,7.17,0.69
0.12,0.01,0.95,-0.13,-0.23,0.08,7.19,0.79
0.12,0.01,0.94,-0.12,-0.2,0.04,7.49,0.66
0.12,0.01,0.94,-0.11,-0.17,0.03,7.4,0.77
0.12,0.02,0.94,-0.11,-0.18,0.01,7.44,1.11
0.12,0.02,0.93,-0.12,-0.16,-0.0,7.07,0.98
0.11,0.02,0.93,-0.14,-0.14,-0.02,6.9,1.24
0.1,0.02,0.93,-0.16,-0.17,-0.01,5.84,1.45
0.09,0.04,0.94,-0.17,-0.15,-0.02,5.55,2.21
0.09,0.05,0.96,-0.18,-0.16,-0.03,5.26,3.19
0.08,0.05,0.97,-0.18,-0.15,-0.04,5.0,3.16
0.08,0.05,0.97,-0.17,-0.15,-0.05,4.5,2.93
0.07,0.05,0.97,-0.16,-0.12,-0.06,3.92,2.9
0.06,0.06,0.97,-0.18,-0.08,-0.06,3.23,3.67
0.05,0.08,0.97,-0.17,-0.08,-0.07,3.19,4.62
0.05,0.09,0.99,-0.14,-0.05,-0.07,2.81,5.12
0.05,0.09,0.98,-0.13,-0.02,-0.06,3.0,5.07
0.04,0.08,0.98,-0.13,0.0,-0.05,2.59,4.81
0.04,0.08,0.98,-0.09,0.0,-0.06,2.4,4.88
0.04,0.08,0.96,-0.08,-0.01,-0.05,2.28,4.85
0.03,0.09,0.96,-0.07,-0.02,-0.01,1.82,5.33
0.04,0.08,0.95,-0.04,0.01,-0.01,2.13,4.98
0.04,0.07,0.94,-0.01,0.02,0.01,2.3,4.32
0.04,0.05,0.93,0.03,0.08,-0.05,2.53,3.29
0.06,0.04,0.91,-0.0,0.03,0.03,3.48,2.59
0.06,0.04,0.89,0.01,0.02,0.02,4.14,2.63
0.07,0.04,0.88,-0.04,0.0,0.03,4.58,2.73
0.07,0.05,0.87,-0.05,0.0,-0.0,4.8,3.39
0.08,0.04,0.87,-0.06,-0.04,0.06,4.96,2.91
0.08,0.03,0.88,-0.13,-0.01,0.06,5.01,2.21
0.09,0.03,0.89,-0.16,-0.03,0.08,5.53,1.88
0.09,0.02,0.91,-0.17,-0.04,0.06,5.5,1.36
0.09,0.02,0.92,-0.21,-0.05,0.04,5.51,1.19
0.09,0.02,0.94,-0.23,-0.03,0.02,5.27,1.35
0.08,0.03,0.95,-0.24,-0.05,0.02,4.9,1.53
0.07,0.03,0.96,-0.28,-0.04,-0.0,4.06,1.76
0.05,0.04,0.96,-0.26,-0.07,0.01,3.25,2.11
0.04,0.06,0.99,-0.27,-0.03,0.0,2.18,3.26
0.02,0.05,1.0,-0.28,-0.03,-0.0,0.97,2.63
0.02,0.05,1.0,-0.27,-0.01,-0.01,1.16,2.62
-0.01,0.06,1.03,-0.25,-0.01,-0.01,-0.31,3.26
-0.01,0.06,1.02,-0.24,0.01,-0.01,-0.53,3.4
-0.01,0.06,1.03,-0.23,0.02,0.01,-0.52,3.3
-0.02,0.07,1.02,-0.19,-0.0,0.02,-0.98,3.65
-0.01,0.07,1.02,-0.18,0.0,0.03,-0.69,3.93
-0.01,0.07,1.03,-0.17,-0.03,0.04,-0.51,3.78
0.0,0.06,1.04,-0.17,-0.0,0.05,0.12,3.53
0.01,0.06,1.03,-0.13,-0.01,0.05,0.59,3.19
0.02,0.06,1.03,-0.1,-0.0,0.04,1.11,3.08
0.02,0.04,1.02,-0.07,0.03,0.03,1.11,2.28
0.02,0.04,1.01,-0.07,0.07,0.02,1.06,2.25
0.03,0.05,0.99,-0.05,0.08,0.02,1.75,2.68
0.03,0.05,0.98,-0.03,0.07,0.03,1.7,3.07
0.03,0.05,0.96,-0.04,0.11,0.01,1.8,2.86
0.02,0.05,0.95,-0.05,0.13,0.01,1.47,2.77
0.02,0.05,0.95,-0.03,0.11,0.02,1.06,2.98
0.01,0.05,0.94,-0.04,0.06,0.04,0.73,3.07
0.02,0.05,0.93,-0.03,0.03,0.06,1.14,3.18
0.02,0.05,0.93,-0.05,0.0,0.08,1.17,2.92
0.02,0.04,0.92,-0.06,-0.04,0.11,1.49,2.31
0.03,0.03,0.91,-0.08,-0.08,0.12,1.94,1.98
0.05,0.03,0.91,-0.11,-0.1,0.13,2.89,1.61
0.06,0.02,0.91,-0.15,-0.11,0.12,3.47,1.37
0.06,0.03,0.91,-0.17,-0.13,0.13,4.09,1.68
0.07,0.03,0.9,-0.23,-0.12,0.12,4.52,1.85
0.07,0.03,0.89,-0.29,-0.13,0.14,4.46,1.95
0.06,0.04,0.89,-0.33,-0.13,0.13,3.71,2.41
0.04,0.04,0.9,-0.37,-0.15,0.15,2.44,2.71
0.03,0.05,0.92,-0.43,-0.17,0.15,1.95,3.12
0.02,0.06,0.95,-0.45,-0.18,0.18,0.98,3.78
0.01,0.06,0.98,-0.48,-0.16,0.18,0.67,3.64
0.01,0.06,1.01,-0.48,-0.14,0.18,0.34,3.43
-0.0,0.05,1.04,-0.48,-0.11,0.17,-0.01,2.83
-0.01,0.05,1.08,-0.44,-0.09,0.16,-0.58,2.54
-0.01,0.05,1.1,-0.42,-0.04,0.16,-0.77,2.38
-0.02,0.05,1.12,-0.37,0.03,0.13,-1.19,2.81
-0.02,0.05,1.13,-0.32,0.1,0.1,-1.24,2.74
-0.02,0.06,1.14,-0.25,0.14,0.11,-1.0,2.84
-0.02,0.05,1.13,-0.21,0.19,0.09,-0.96,2.62
-0.01,0.05,1.13,-0.15,0.24,0.1,-0.38,2.5
0.0,0.04,1.11,-0.07,0.24,0.1,0.2,2.22
0.01,0.04,1.1,-0.02,0.23,0.1,0.77,1.86
0.03,0.02,1.08,0.03,0.24,0.09,1.76,1.26
0.06,0.02,1.06,0.06,0.24,0.08,3.17,0.85
0.08,0.0,1.03,0.11,0.2,0.09,4.2,0.15
0.11,-0.01,1.01,0.12,0.2,0.07,5.99,-0.36
0.12,-0.01,0.98,0.16,0.17,0.05,7.14,-0.83
0.14,-0.03,0.96,0.14,0.17,0.04,8.57,-1.68
0.16,-0.03,0.92,0.16,0.13,0.03,9.56,-2.02
0.16,-0.05,0.91,0.16,0.09,0.0,10.18,-3.08
0.17,-0.05,0.86,0.15,0.07,-0.02,10.97,-3.39
0.17,-0.06,0.84,0.11,0.05,-0.05,11.34,-3.86
0.18,-0.05,0.83,0.08,0.02,-0.06,12.05,-3.43
0.19,-0.05,0.81,0.08,-0.01,-0.09,13.05,-3.16
0.18,-0.04,0.78,0.04,-0.02,-0.1,12.69,-2.85
0.17,-0.03,0.76,0.03,-0.04,-0.11,12.48,-2.45
0.15,-0.03,0.74,0.01,-0.04,-0.1,11.14,-2.21
0.14,-0.03,0.72,-0.0,-0.05,-0.11,11.19,-2.05
0.13,-0.02,0.7,-0.0,-0.03,-0.11,10.13,-1.53
0.11,-0.01,0.7,-0.01,0.01,-0.1,8.99,-0.92
0.11,-0.0,0.69,0.0,0.02,-0.08,8.97,-0.14
0.1,0.0,0.7,0.04,0.02,-0.07,8.08,0.35
0.11,0.01,0.7,0.08,0.07,-0.06,8.78,0.72
0.12,0.01,0.69,0.13,0.14,-0.06,9.59,0.55
0.13,-0.0,0.67,0.19,0.19,-0.06,10.84,-0.01
0.13,-0.0,0.64,0.22,0.29,-0.07,11.64,-0.09
0.13,-0.0,0.61,0.26,0.35,-0.07,12.43,-0.17
0.14,0.01,0.58,0.28,0.43,-0.08,13.83,0.99
0.14,0.03,0.56,0.28,0.49,-0.06,14.1,2.66
0.15,0.03,0.54,0.29,0.53,-0.05,15.68,2.66
0.16,0.02,0.51,0.29,0.54,-0.01,17.38,2.52
0.17,0.03,0.51,0.28,0.6,-0.0,18.89,2.79
0.19,0.03,0.49,0.26,0.61,0.02,21.0,2.89
0.2,0.02,0.49,0.25,0.61,0.02,21.72,2.67
0.21,0.02,0.48,0.22,0.6,0.04,23.47,1.76
0.22,0.01,0.49,0.22,0.63,0.03,24.73,0.82
0.23,0.0,0.48,0.18,0.66,0.02,25.12,0.4
0.22,0.02,0.48,0.18,0.68,-0.0,24.51,1.85
0.21,0.02,0.48,0.13,0.69,0.01,23.59,2.71
0.19,0.03,0.48,0.11,0.73,-0.02,21.66,3.42
0.18,0.04,0.49,0.07,0.76,-0.03,19.98,4.12
0.15,0.04,0.51,0.08,0.78,-0.04,16.66,4.54
0.14,0.04,0.52,0.16,1.07,-0.25,15.02,4.01
0.12,0.03,0.52,0.07,0.87,-0.06,13.01,3.31
0.1,0.03,0.52,0.09,0.89,-0.06,11.24,2.99
0.09,0.02,0.53,0.11,0.92,-0.07,9.88,2.43
0.09,0.02,0.52,0.1,0.98,-0.07,9.5,2.14
0.09,0.02,0.5,0.09,0.96,-0.06,9.73,2.1
0.09,0.02,0.49,0.07,1.0,-0.07,10.33,1.87
0.09,0.01,0.48,0.06,1.01,-0.06,10.48,1.5
0.1,0.01,0.46,0.05,1.01,-0.05,12.75,1.26
0.1,0.02,0.47,0.01,1.03,-0.05,12.59,2.02
0.12,0.02,0.46,-0.06,1.08,-0.05,13.9,2.72
0.13,0.04,0.49,-0.09,1.09,-0.05,14.71,4.19
0.12,0.03,0.5,-0.11,1.12,-0.06,13.54,2.95
0.12,0.02,0.52,-0.14,1.16,-0.06,13.07,2.35
0.11,0.01,0.52,-0.19,1.21,-0.08,12.21,1.39
0.1,0.01,0.54,-0.21,1.24,-0.09,10.69,0.89
0.09,0.01,0.56,-0.23,1.26,-0.11,9.09,0.89
0.09,-0.02,0.58,-0.25,1.27,-0.12,8.49,-1.49
0.07,-0.01,0.62,-0.27,1.31,-0.14,6.36,-0.83
0.04,-0.0,0.63,-0.27,1.31,-0.14,3.4,-0.11
0.04,0.0,0.67,-0.26,1.29,-0.17,3.12,0.22
0.07,0.03,0.62,-0.27,1.27,-0.19,6.49,2.4
0.07,0.05,0.63,-0.34,1.28,-0.21,6.78,4.9
0.05,0.04,0.68,-0.34,1.23,-0.22,4.08,3.67
0.02,0.03,0.75,-0.32,1.23,-0.22,1.83,2.15
0.01,0.02,0.8,-0.25,1.2,-0.23,0.5,1.79
0.01,0.03,0.84,-0.16,1.2,-0.26,0.47,1.98
0.02,0.04,0.83,-0.08,1.21,-0.27,1.42,3.11
0.02,0.06,0.79,-0.0,1.23,-0.3,1.4,4.52
0.01,0.06,0.76,0.05,1.25,-0.33,0.57,4.7
-0.01,0.07,0.72,0.04,1.31,-0.37,-0.7,5.58
-0.04,0.08,0.72,0.04,1.35,-0.4,-3.41,6.21
-0.08,0.07,0.72,0.02,1.38,-0.42,-5.93,5.27
-0.11,0.05,0.74,0.01,1.42,-0.44,-8.24,4.1
-0.13,0.05,0.75,0.03,1.43,-0.46,-10.23,3.85
-0.15,0.06,0.75,-0.0,1.46,-0.46,-11.64,4.28
-0.17,0.08,0.75,-0.04,1.47,-0.47,-12.7,5.96
-0.18,0.11,0.77,-0.07,1.53,-0.5,-12.8,7.99
-0.17,0.13,0.81,-0.1,1.44,-0.41,-11.77,9.17
-0.15,0.14,0.84,-0.13,1.47,-0.4,-10.34,9.25
-0.13,0.13,0.88,-0.14,1.45,-0.38,-8.43,8.59
-0.1,0.12,0.92,-0.09,1.42,-0.37,-6.24,7.6
-0.07,0.1,0.94,-0.06,1.43,-0.38,-4.5,6.08
-0.06,0.07,0.94,-0.01,1.41,-0.39,-3.56,4.44
-0.05,0.05,0.9,0.01,1.4,-0.42,-3.2,2.96
-0.06,0.03,0.86,-0.02,1.33,-0.42,-3.75,2.31
-0.06,0.04,0.8,-0.0,1.32,-0.47,-4.62,2.99
-0.08,0.05,0.75,-0.06,1.31,-0.53,-5.71,3.71
-0.1,0.08,0.73,-0.14,1.25,-0.54,-8.01,6.15
-0.14,0.11,0.71,-0.16,1.34,-0.72,-11.12,8.53
-0.18,0.12,0.7,-0.32,1.02,-0.54,-13.9,9.75
-0.22,0.15,0.73,-0.44,0.87,-0.52,-16.15,11.19
-0.23,0.15,0.73,-0.56,0.71,-0.46,-16.99,11.48
-0.25,0.18,0.72,-0.65,0.54,-0.4,-18.79,13.44
-0.24,0.19,0.73,-0.77,0.35,-0.29,-17.84,14.09
-0.21,0.15,0.76,-0.91,0.25,-0.22,-15.14,10.95
-0.2,0.14,0.76,-0.98,0.1,-0.16,-14.75,9.79
-0.21,0.12,0.78,-1.04,-0.03,-0.1,-14.6,8.49
-0.2,0.1,0.82,-1.12,-0.07,-0.07,-13.91,6.69
-0.2,0.1,0.86,-1.19,-0.01,-0.06,-12.74,6.16
-0.2,0.11,0.92,-1.22,0.11,-0.07,-11.98,6.72
-0.2,0.12,0.99,-1.24,0.42,-0.24,-11.3,6.7
-0.2,0.13,1.05,-1.27,0.44,-0.09,-10.7,7.18
-0.2,0.15,1.13,-1.2,0.66,-0.13,-10.12,7.54
-0.2,0.18,1.21,-1.13,0.87,-0.18,-9.29,8.46
-0.2,0.21,1.28,-1.03,1.07,-0.2,-8.7,9.26
-0.19,0.22,1.34,-0.9,1.24,-0.23,-7.81,9.35
-0.19,0.22,1.39,-0.75,1.4,-0.25,-7.56,9.03
-0.18,0.22,1.41,-0.6,1.53,-0.27,-7.09,8.77
-0.16,0.23,1.42,-0.43,1.59,-0.27,-6.55,9.2
-0.14,0.22,1.41,-0.26,1.64,-0.29,-5.79,8.7
-0.13,0.22,1.4,-0.11,1.67,-0.31,-5.27,8.82
-0.11,0.21,1.37,0.02,1.68,-0.32,-4.59,8.79
-0.09,0.2,1.33,0.12,1.64,-0.33,-3.86,8.45
-0.08,0.18,1.27,0.23,1.57,-0.33,-3.5,7.94
-0.09,0.15,1.2,0.33,1.51,-0.36,-4.25,7.07
-0.12,0.15,1.13,0.34,1.47,-0.39,-5.87,7.65
-0.14,0.15,1.08,0.35,1.37,-0.42,-7.52,7.96
-0.18,0.16,1.03,0.31,1.29,-0.43,-9.54,8.54
-0.21,0.15,1.0,0.3,1.18,-0.41,-11.63,8.48
-0.23,0.16,0.98,0.25,1.14,-0.43,-13.28,9.3
-0.25,0.19,0.96,0.15,1.11,-0.41,-14.41,10.73
-0.27,0.2,0.97,0.05,1.09,-0.42,-15.24,11.03
-0.29,0.24,0.99,-0.09,1.1,-0.41,-16.2,12.99
-0.31,0.27,1.05,-0.18,1.12,-0.38,-16.11,13.83
-0.3,0.28,1.14,-0.27,1.17,-0.34,-14.47,13.25
-0.28,0.26,1.23,-0.31,1.24,-0.32,-12.46,11.69
-0.24,0.23,1.32,-0.3,1.29,-0.29,-10.19,9.82
-0.2,0.22,1.38,-0.24,1.36,-0.28,-8.2,8.82
-0.14,0.2,1.42,-0.16,1.42,-0.27,-5.72,8.09
-0.09,0.18,1.41,-0.04,1.48,-0.28,-3.69,7.37
-0.05,0.16,1.39,0.06,1.54,-0.32,-2.19,6.7
-0.03,0.16,1.36,0.15,1.63,-0.38,-1.28,6.51
-0.04,0.16,1.32,0.27,1.66,-0.41,-1.51,6.84
-0.05,0.16,1.26,0.34,1.72,-0.45,-2.44,7.07
-0.1,0.17,1.21,0.38,1.71,-0.48,-4.54,7.8
-0.15,0.2,1.19,0.38,1.67,-0.48,-6.96,9.4
-0.19,0.22,1.16,0.36,1.59,-0.44,-9.11,10.86
-0.23,0.23,1.13,0.3,1.57,-0.39,-11.44,11.46
-0.26,0.23,1.1,0.21,1.39,-0.27,-13.09,11.5
-0.25,0.22,1.08,0.13,1.31,-0.2,-13.04,11.33
-0.23,0.21,1.08,0.01,1.22,-0.12,-11.62,11.01
-0.18,0.19,1.09,-0.09,1.11,-0.05,-9.15,10.0
-0.13,0.15,1.13,-0.21,1.06,-0.03,-6.61,7.62
-0.09,0.11,1.17,-0.28,0.99,-0.01,-4.46,5.6
-0.06,0.1,1.22,-0.35,0.99,-0.03,-2.82,4.71
-0.02,0.1,1.29,-0.38,1.0,-0.05,-0.82,4.59
0.03,0.1,1.35,-0.37,1.04,-0.08,1.15,4.16
0.07,0.09,1.41,-0.33,1.11,-0.13,2.91,3.48
0.12,0.08,1.46,-0.27,1.23,-0.19,4.61,2.97
0.17,0.08,1.5,-0.17,1.31,-0.25,6.43,3.1
0.2,0.09,1.54,-0.01,1.39,-0.32,7.47,3.3
0.23,0.08,1.54,0.12,1.52,-0.39,8.34,2.89
0.24,0.07,1.52,0.35,1.81,-0.63,8.85,2.74
0.22,0.08,1.48,0.44,1.71,-0.55,8.59,3.09
0.19,0.1,1.43,0.57,1.78,-0.64,7.41,3.82
0.12,0.1,1.37,0.67,1.8,-0.68,5.1,4.31
0.06,0.1,1.32,0.72,1.83,-0.72,2.48,4.45
-0.02,0.13,1.25,0.72,1.84,-0.73,-0.85,5.73
-0.1,0.16,1.19,0.69,1.81,-0.72,-4.84,7.56
-0.18,0.18,1.14,0.59,1.77,-0.67,-8.84,9.04
-0.27,0.23,1.08,0.43,1.75,-0.59,-13.72,11.66
-0.31,0.27,1.08,0.24,1.72,-0.49,-15.36,13.3
-0.35,0.28,1.09,0.03,1.66,-0.34,-17.09,13.5
-0.35,0.27,1.12,-0.17,1.55,-0.17,-16.89,12.91
-0.29,0.23,1.16,-0.39,1.47,-0.0,-13.85,10.9
-0.21,0.18,1.22,-0.57,1.39,0.16,-9.47,8.47
-0.07,0.11,1.27,-0.63,1.6,0.07,-3.13,4.89
0.05,0.06,1.32,-0.79,1.23,0.39,2.07,2.73
0.18,0.02,1.38,-0.83,1.22,0.42,7.54,0.73
0.32,-0.03,1.45,-0.81,1.17,0.43,12.39,-1.11
0.44,-0.07,1.5,-0.72,1.16,0.39,16.3,-2.69
0.55,-0.13,1.54,-0.59,1.2,0.32,19.77,-4.37
0.64,-0.17,1.57,-0.43,1.25,0.24,22.02,-5.74
0.68,-0.21,1.57,-0.19,1.3,0.09,23.13,-7.12
0.69,-0.23,1.55,0.08,1.32,-0.08,23.78,-7.78
0.64,-0.21,1.48,0.28,1.42,-0.27,23.07,-7.51
0.53,-0.17,1.41,0.43,1.43,-0.4,20.62,-6.42
0.42,-0.11,1.34,0.54,1.52,-0.55,17.2,-4.5
0.3,-0.05,1.28,0.59,1.56,-0.61,13.12,-2.31
0.19,-0.01,1.25,0.66,1.79,-0.83,8.61,-0.61
0.09,0.02,1.21,0.52,1.63,-0.67,4.13,0.98
0.0,0.06,1.18,0.44,1.63,-0.64,0.08,2.97
-0.09,0.1,1.15,0.33,1.59,-0.56,-4.54,4.99
-0.17,0.15,1.15,0.22,1.74,-0.6,-8.19,7.17
-0.22,0.19,1.15,-0.06,1.48,-0.3,-10.87,9.18
-0.25,0.21,1.17,-0.31,1.41,-0.12,-11.99,9.98
-0.22,0.2,1.2,-0.57,1.3,0.11,-10.42,9.14
-0.14,0.16,1.25,-0.79,1.22,0.28,-6.44,7.01
-0.03,0.09,1.31,-0.96,0.98,0.53,-1.33,3.92
0.1,0.02,1.35,-1.07,0.86,0.69,4.44,0.67
0.23,-0.05,1.38,-1.13,0.72,0.85,9.42,-2.2
0.35,-0.12,1.39,-1.14,0.6,0.95,14.01,-4.72
0.47,-0.2,1.38,-1.13,0.51,1.01,18.83,-7.64
0.58,-0.27,1.35,-1.05,0.41,1.0,22.76,-10.54
0.66,-0.33,1.32,-0.97,0.36,0.96,26.12,-12.5
0.72,-0.35,1.27,-0.84,0.31,0.85,28.73,-13.52
0.76,-0.36,1.23,-0.74,0.29,0.74,30.77,-13.83
0.77,-0.35,1.2,-0.66,0.35,0.57,31.78,-13.76
0.75,-0.33,1.16,-0.55,0.39,0.41,31.85,-13.29
0.7,-0.3,1.15,-0.47,0.44,0.23,30.65,-12.52
0.64,-0.27,1.13,-0.39,0.48,0.07,28.77,-11.58
0.57,-0.23,1.12,-0.37,0.52,-0.06,26.59,-10.39
0.51,-0.2,1.12,-0.31,0.54,-0.17,23.92,-9.2
0.45,-0.18,1.14,-0.28,0.58,-0.25,21.23,-8.35
0.4,-0.14,1.16,-0.25,0.59,-0.32,18.74,-6.7
0.34,-0.11,1.2,-0.23,0.6,-0.37,15.63,-5.05
0.28,-0.08,1.22,-0.22,0.59,-0.38,12.84,-3.67
0.23,-0.06,1.24,-0.19,0.53,-0.34,10.66,-2.94
0.19,-0.06,1.24,-0.16,0.47,-0.3,8.6,-2.62
0.14,-0.03,1.22,-0.15,0.4,-0.24,6.75,-1.37
0.09,-0.0,1.2,-0.17,0.35,-0.17,4.32,-0.22
0.05,0.02,1.16,-0.26,0.15,-0.0,2.24,0.9
0.0,0.04,1.13,-0.26,0.13,0.02,0.09,2.09
-0.02,0.06,1.12,-0.33,0.01,0.11,-1.28,2.89
-0.02,0.06,1.09,-0.45,-0.08,0.23,-1.04,3.4
-0.01,0.06,1.09,-0.54,-0.19,0.33,-0.35,3.31
0.04,0.05,1.09,-0.63,-0.28,0.41,1.96,2.76
0.1,0.03,1.12,-0.71,-0.32,0.49,5.26,1.77
0.18,0.0,1.15,-0.75,-0.33,0.53,8.99,0.05
0.26,-0.05,1.19,-0.75,-0.34,0.55,12.4,-2.27
0.32,-0.07,1.22,-0.67,-0.34,0.55,14.71,-2.99
0.37,-0.09,1.23,-0.59,-0.29,0.53,16.78,-3.89
0.42,-0.1,1.22,-0.49,-0.25,0.48,18.74,-4.45
0.45,-0.11,1.21,-0.39,-0.17,0.42,20.27,-4.82
0.46,-0.1,1.19,-0.26,-0.12,0.33,20.92,-4.46
0.45,-0.1,1.17,-0.16,-0.07,0.26,21.11,-4.69
0.44,-0.09,1.15,-0.06,0.03,0.14,20.82,-4.13
0.4,-0.09,1.14,0.04,0.07,0.06,19.3,-4.28
0.36,-0.08,1.12,0.13,0.11,-0.03,17.64,-3.76
0.32,-0.06,1.11,0.19,0.11,-0.08,16.02,-3.03
0.28,-0.05,1.1,0.23,0.14,-0.13,14.44,-2.66
0.24,-0.05,1.09,0.29,0.13,-0.16,12.41,-2.63
0.19,-0.04,1.07,0.32,0.12,-0.19,10.24,-2.28
0.15,-0.03,1.05,0.36,0.06,-0.19,7.94,-1.49
0.1,-0.02,1.02,0.36,0.03,-0.2,5.52,-1.17
0.07,-0.01,1.0,0.35,-0.02,-0.19,4.01,-0.55
0.04,-0.0,0.99,0.34,-0.08,-0.18,2.4,-0.07
0.01,0.0,0.98,0.31,-0.14,-0.15,0.52,0.16
-0.02,0.01,0.96,0.28,-0.16,-0.14,-0.91,0.68
-0.03,0.01,0.95,0.22,-0.17,-0.1,-2.09,0.69
-0.04,0.02,0.94,0.15,-0.21,-0.08,-2.7,0.94
-0.04,0.02,0.93,0.09,-0.22,-0.05,-2.74,1.15
-0.04,0.01,0.92,0.05,-0.26,-0.02,-2.28,0.91
-0.03,0.01,0.92,-0.01,-0.25,-0.01,-2.02,0.4
-0.03,-0.0,0.92,-0.05,-0.29,0.02,-1.66,-0.06
-0.01,-0.01,0.93,-0.08,-0.31,0.03,-0.86,-0.33
-0.01,-0.01,0.94,-0.12,-0.33,0.04,-0.41,-0.51
-0.0,-0.01,0.94,-0.14,-0.33,0.05,-0.01,-0.57
0.0,-0.01,0.93,-0.16,-0.35,0.06,0.25,-0.81
0.01,-0.01,0.93,-0.17,-0.36,0.06,0.34,-0.92
0.0,-0.01,0.92,-0.19,-0.37,0.04,0.0,-0.49
-0.01,-0.01,0.92,-0.22,-0.38,0.05,-0.71,-0.32
-0.03,0.01,0.92,-0.24,-0.42,0.05,-1.96,0.33
-0.04,0.01,0.92,-0.27,-0.47,0.07,-2.36,0.83
-0.05,0.02,0.93,-0.32,-0.51,0.09,-2.8,1.18
-0.04,0.02,0.93,-0.36,-0.52,0.11,-2.73,1.4
-0.03,0.02,0.94,-0.39,-0.57,0.14,-1.69,1.13
-0.02,0.02,0.95,-0.36,-0.47,0.0,-0.94,1.0
0.01,0.02,0.96,-0.42,-0.62,0.15,0.3,1.18
0.03,0.02,0.98,-0.44,-0.6,0.14,1.81,1.39
0.08,0.01,1.01,-0.42,-0.55,0.14,4.66,0.84
0.11,-0.0,1.03,-0.38,-0.49,0.11,6.21,-0.04
0.14,-0.0,1.05,-0.33,-0.4,0.06,7.43,-0.17
0.15,-0.01,1.07,-0.27,-0.29,0.0,8.08,-0.35
0.15,0.01,1.07,-0.2,-0.22,-0.03,7.81,0.29
0.14,0.02,1.08,-0.16,-0.13,-0.08,7.35,1.13
0.13,0.03,1.08,-0.08,-0.06,-0.12,7.09,1.52
0.13,0.03,1.08,-0.04,0.02,-0.14,6.95,1.59
0.13,0.03,1.09,0.01,0.08,-0.17,6.83,1.63
0.12,0.03,1.06,0.06,0.11,-0.19,6.36,1.73
0.1,0.04,1.05,0.1,0.11,-0.21,5.5,2.26
0.09,0.05,1.02,0.13,0.11,-0.22,4.95,2.99
0.07,0.05,1.03,0.12,0.08,-0.22,4.08,2.93
0.05,0.06,1.04,0.12,0.09,-0.23,2.99,3.55
0.04,0.06,1.03,0.13,0.06,-0.23,2.38,3.41
0.04,0.07,1.03,0.12,0.04,-0.21,1.97,4.0
0.03,0.08,1.02,0.12,0.03,-0.21,1.51,4.34
0.03,0.09,1.02,0.11,-0.01,-0.19,1.93,4.74
0.04,0.07,1.03,0.12,-0.03,-0.18,2.05,4.16
0.02,0.09,1.03,0.12,-0.04,-0.17,1.37,5.04
0.02,0.08,1.02,0.12,-0.05,-0.16,0.91,4.77
0.01,0.09,1.0,0.1,-0.06,-0.14,0.63,5.4
0.0,0.1,1.0,0.11,-0.06,-0.12,0.18,5.64
-0.01,0.1,1.0,0.1,-0.06,-0.11,-0.65,5.99
-0.01,0.11,1.0,0.09,-0.04,-0.09,-0.84,6.02
-0.02,0.1,1.0,0.07,-0.05,-0.07,-1.23,5.77
-0.03,0.1,0.99,0.03,-0.07,-0.03,-1.53,5.93
-0.03,0.1,0.99,0.04,-0.05,-0.03,-1.82,5.87
-0.03,0.09,0.98,0.01,-0.02,-0.02,-1.88,5.49
-0.03,0.09,0.97,-0.01,-0.01,0.01,-1.73,5.42
-0.02,0.08,0.97,-0.02,-0.03,0.02,-1.09,4.87
-0.02,0.08,0.97,-0.05,-0.02,0.03,-1.14,4.91
-0.02,0.08,0.97,-0.05,-0.04,0.04,-1.23,4.88
-0.01,0.07,0.97,-0.08,-0.03,0.06,-0.45,4.32
-0.0,0.07,0.98,-0.1,-0.04,0.07,-0.03,4.22
0.01,0.07,0.98,-0.11,-0.06,0.09,0.8,3.94
0.04,0.06,0.99,-0.14,-0.04,0.09,2.08,3.53
0.05,0.06,1.0,-0.14,-0.05,0.11,2.97,3.41
0.07,0.05,1.01,-0.06,0.07,-0.05,3.74,3.09
0.08,0.05,1.01,-0.11,-0.09,0.1,4.45,2.65
0.09,0.04,1.03,-0.08,-0.05,0.08,5.25,2.15
0.1,0.04,1.02,-0.05,-0.03,0.07,5.7,2.02
0.11,0.03,1.03,-0.03,-0.01,0.05,6.05,1.71
0.1,0.03,1.02,-0.0,-0.0,0.03,5.77,1.65
0.09,0.03,1.01,0.02,0.04,0.02,5.2,1.88
0.09,0.03,1.0,0.01,0.08,0.0,4.94,1.45
0.08,0.03,1.0,0.04,0.07,-0.0,4.6,1.57
0.08,0.03,0.99,0.03,0.06,-0.0,4.6,1.78
0.08,0.03,0.99,0.03,0.07,-0.01,4.6,1.48
0.08,0.02,0.99,0.02,0.07,-0.02,4.79,1.25
0.1,0.02,1.0,0.02,0.05,-0.02,5.59,1.12
0.11,0.01,1.0,0.01,0.04,-0.01,6.19,0.6
0.12,0.0,1.0,0.08,0.17,-0.16,6.92,0.05
0.13,-0.0,1.0,0.04,0.05,-0.04,7.14,-0.1
0.12,-0.01,1.0,0.03,0.04,-0.05,7.02,-0.33
0.12,-0.01,1.0,0.03,0.03,-0.06,6.79,-0.39
0.11,-0.0,1.0,0.04,0.03,-0.09,6.01,-0.08
0.1,0.0,1.01,0.01,0.06,-0.09,5.8,0.08
0.09,0.0,1.02,0.01,0.05,-0.08,5.25,0.22
0.08,-0.0,1.02,0.01,0.04,-0.08,4.59,-0.21
0.08,-0.0,1.03,-0.02,0.03,-0.07,4.22,-0.23
0.06,0.01,1.05,-0.05,0.03,-0.06,3.43,0.34
0.07,-0.0,1.05,-0.13,0.04,-0.04,3.84,-0.0
0.09,-0.0,1.09,-0.15,0.03,-0.01,4.69,-0.18
0.11,-0.01,1.13,-0.2,0.03,0.03,5.78,-0.52
0.15,-0.0,1.17,-0.27,0.06,0.06,7.36,-0.06
0.2,-0.01,1.22,-0.29,0.1,0.1,9.31,-0.37
0.26,-0.02,1.28,-0.29,0.17,0.13,11.43,-0.87
0.31,-0.06,1.33,-0.28,0.26,0.14,13.04,-2.36
0.35,-0.08,1.38,-0.27,0.37,0.14,14.25,-3.33
0.35,-0.09,1.44,-0.26,0.41,0.17,13.6,-3.36
0.34,-0.08,1.5,-0.26,0.42,0.21,12.77,-3.15
0.36,-0.08,1.54,-0.28,0.42,0.3,13.08,-2.94
0.41,-0.11,1.58,-0.31,0.45,0.38,14.4,-3.89
0.47,-0.16,1.61,-0.31,0.46,0.48,16.19,-5.38
0.52,-0.2,1.62,-0.33,0.48,0.56,17.76,-6.75
0.58,-0.26,1.61,-0.35,0.44,0.62,19.5,-8.57
0.64,-0.3,1.61,-0.4,0.41,0.66,21.41,-9.72
0.7,-0.34,1.6,-0.46,0.36,0.71,23.31,-11.17
0.78,-0.39,1.59,-0.51,0.31,0.71,25.4,-12.38
0.85,-0.42,1.58,-0.58,0.23,0.69,27.39,-13.27
0.93,-0.45,1.59,-0.64,0.15,0.66,29.55,-13.69
1.03,-0.49,1.61,-0.59,0.32,0.37,31.61,-14.25
1.08,-0.49,1.58,-0.69,0.01,0.49,33.06,-14.5
1.09,-0.49,1.57,-0.67,-0.1,0.37,33.59,-14.49
1.08,-0.48,1.58,-0.62,-0.24,0.24,33.24,-14.13
1.06,-0.47,1.6,-0.55,-0.41,0.12,32.42,-13.66
1.03,-0.45,1.62,-0.44,-0.59,0.02,31.31,-13.32
0.99,-0.45,1.65,-0.32,-0.81,-0.08,29.99,-13.14
0.94,-0.43,1.68,-0.18,-1.02,-0.17,28.42,-12.66
0.9,-0.41,1.71,-0.06,-1.21,-0.27,26.95,-11.93
0.84,-0.37,1.75,0.06,-1.42,-0.36,25.09,-10.88
0.76,-0.35,1.8,0.16,-1.59,-0.43,22.61,-10.1
0.69,-0.31,1.85,0.26,-1.79,-0.51,20.15,-9.05
0.61,-0.29,1.9,0.34,-1.94,-0.55,17.58,-8.18
0.53,-0.26,1.94,0.43,-2.07,-0.6,15.13,-7.41
0.45,-0.23,1.98,0.5,-2.18,-0.63,12.61,-6.44
0.36,-0.19,2.03,0.6,-2.28,-0.65,9.92,-5.22
0.28,-0.15,2.06,0.7,-2.32,-0.68,7.7,-4.09
0.2,-0.09,2.1,0.83,-2.34,-0.7,5.42,-2.34
0.11,-0.02,2.14,0.95,-2.31,-0.69,2.96,-0.43
0.01,0.05,2.19,1.04,-2.29,-0.69,0.29,1.27
-0.07,0.1,2.22,1.15,-2.27,-0.64,-1.9,2.65
-0.15,0.15,2.25,1.23,-2.25,-0.58,-3.87,3.84
-0.22,0.2,2.27,1.31,-2.28,-0.52,-5.44,4.99
-0.3,0.25,2.24,1.37,-2.32,-0.43,-7.49,6.29
-0.39,0.29,2.17,1.39,-2.33,-0.36,-10.23,7.58
-0.49,0.34,2.08,1.38,-2.37,-0.26,-13.11,9.05
-0.58,0.39,1.98,1.35,-2.46,-0.15,-15.89,10.81
-0.65,0.44,1.89,1.27,-2.58,-0.04,-18.56,12.36
-0.72,0.47,1.8,1.15,-2.68,0.08,-20.98,13.7
-0.75,0.49,1.77,1.03,-2.79,0.2,-22.09,14.3
-0.77,0.51,1.72,0.91,-2.93,0.34,-23.15,15.08
-0.78,0.51,1.68,0.8,-3.07,0.47,-23.86,15.49
-0.77,0.51,1.64,0.71,-3.11,0.56,-24.2,15.58
-0.76,0.48,1.59,0.64,-3.1,0.63,-24.65,15.28
-0.77,0.48,1.51,0.58,-3.08,0.68,-25.79,15.75
-0.78,0.47,1.46,0.52,-3.02,0.71,-26.84,15.97
-0.8,0.48,1.39,0.45,-2.92,0.73,-28.51,16.81
-0.8,0.47,1.33,0.37,-2.82,0.74,-29.33,16.88
-0.81,0.47,1.27,0.31,-2.72,0.76,-30.87,17.24
-0.81,0.46,1.21,0.26,-2.66,0.79,-32.04,17.42
-0.79,0.44,1.15,0.21,-2.61,0.83,-32.53,17.52
-0.76,0.41,1.12,0.12,-2.58,0.85,-32.53,16.8
-0.69,0.37,1.1,0.09,-2.59,0.87,-30.9,15.95
-0.63,0.34,1.09,0.05,-2.62,0.88,-28.84,15.32
-0.57,0.32,1.08,0.03,-2.69,0.86,-26.87,14.94
-0.53,0.32,1.07,0.02,-2.78,0.83,-25.37,14.86
-0.51,0.31,1.06,0.04,-2.95,0.82,-24.95,14.6
-0.51,0.29,1.04,0.05,-3.18,0.81,-25.24,13.89
-0.5,0.26,1.02,0.13,-3.21,0.77,-25.42,12.85
-0.49,0.23,0.97,0.18,-3.3,0.75,-26.42,12.01
-0.49,0.22,0.89,0.23,-3.35,0.7,-28.04,11.99
-0.49,0.22,0.82,0.27,-3.38,0.64,-29.84,12.93
-0.48,0.24,0.74,0.27,-3.4,0.6,-32.06,14.92
-0.49,0.25,0.67,0.24,-3.35,0.54,-34.11,16.97
-0.5,0.27,0.63,0.22,-3.31,0.49,-36.24,18.69
-0.51,0.29,0.6,0.22,-3.23,0.44,-37.79,20.37
-0.54,0.31,0.55,0.21,-3.15,0.39,-40.32,22.05
-0.55,0.33,0.51,0.19,-3.04,0.36,-42.12,23.77
-0.57,0.34,0.47,0.2,-2.92,0.34,-44.36,24.87
-0.57,0.34,0.43,0.21,-2.83,0.33,-46.31,25.59
-0.56,0.33,0.38,0.22,-2.69,0.32,-48.0,25.87
-0.53,0.31,0.33,0.23,-2.58,0.32,-49.5,26.4
-0.5,0.29,0.28,0.21,-2.44,0.32,-50.57,27.22
-0.46,0.27,0.24,0.2,-2.32,0.31,-51.41,27.68
-0.41,0.24,0.19,0.14,-2.21,0.31,-53.44,27.63
-0.36,0.21,0.16,0.08,-2.09,0.3,-54.12,27.64
-0.3,0.18,0.16,-0.02,-2.0,0.29,-50.55,28.13
-0.24,0.16,0.17,-0.08,-1.95,0.27,-45.65,28.64
-0.2,0.15,0.2,-0.16,-1.95,0.23,-39.24,27.25
-0.17,0.14,0.23,-0.22,-1.97,0.18,-31.96,26.89
-0.16,0.15,0.26,-0.27,-2.06,0.15,-27.28,26.84
-0.16,0.17,0.31,-0.32,-2.12,0.12,-23.96,26.45
-0.15,0.18,0.34,-0.3,-2.2,0.1,-21.84,25.08
-0.15,0.17,0.39,-0.28,-2.24,0.09,-19.54,21.72
-0.13,0.15,0.41,-0.25,-2.23,0.07,-16.95,19.54
-0.11,0.15,0.42,-0.19,-2.23,0.04,-14.31,19.44
-0.11,0.17,0.44,-0.11,-2.17,-0.0,-12.96,20.58
-0.11,0.18,0.43,-0.04,-2.09,-0.06,-13.04,21.81
-0.1,0.18,0.38,0.02,-1.97,-0.12,-13.76,24.68
-0.1,0.19,0.36,0.06,-1.88,-0.13,-14.28,27.2
-0.12,0.18,0.31,0.12,-1.75,-0.16,-17.72,28.82
-0.12,0.18,0.28,0.14,-1.63,-0.16,-19.21,29.71
-0.11,0.16,0.26,0.16,-1.43,-0.17,-20.66,29.43
-0.1,0.15,0.24,0.19,-1.29,-0.16,-19.18,29.91
-0.07,0.13,0.23,0.18,-1.15,-0.16,-15.48,28.62
-0.04,0.11,0.23,0.17,-1.03,-0.14,-8.76,24.86
0.01,0.07,0.23,0.16,-0.9,-0.15,1.47,16.02
0.06,0.03,0.22,0.14,-0.79,-0.14,15.6,7.21
0.09,-0.02,0.21,0.11,-0.71,-0.16,24.71,-4.76
0.13,-0.04,0.2,0.07,-0.65,-0.18,32.7,-8.9
0.16,-0.04,0.2,-0.03,-0.68,-0.13,38.01,-8.08
0.2,-0.03,0.21,-0.07,-0.56,-0.21,42.66,-6.67
0.21,-0.03,0.2,-0.15,-0.58,-0.23,45.94,-6.21
0.21,-0.02,0.22,-0.22,-0.61,-0.24,43.08,-3.37
0.18,0.02,0.25,-0.31,-0.66,-0.24,35.09,3.16
0.13,0.07,0.33,-0.39,-0.73,-0.19,21.59,10.49
0.09,0.1,0.39,-0.42,-0.83,-0.13,12.62,13.98
0.05,0.13,0.47,-0.42,-0.91,-0.04,6.22,15.55
0.03,0.14,0.55,-0.38,-0.92,0.02,3.52,14.66
0.04,0.14,0.61,-0.34,-0.91,0.08,3.87,13.07
0.06,0.15,0.64,-0.24,-0.85,0.1,5.16,13.27
0.08,0.14,0.65,-0.13,-0.81,0.12,7.23,12.01
0.12,0.13,0.66,-0.05,-0.7,0.11,10.41,10.75
0.14,0.12,0.65,0.03,-0.58,0.08,12.28,9.81
0.17,0.11,0.65,0.1,-0.47,0.05,14.44,9.16
0.18,0.08,0.63,0.18,-0.33,-0.05,15.48,6.8
0.18,0.05,0.61,0.2,-0.31,-0.03,16.63,4.36
0.19,0.03,0.58,0.23,-0.24,-0.07,18.05,2.85
0.19,0.01,0.56,0.22,-0.19,-0.09,18.71,1.41
0.19,0.0,0.54,0.23,-0.17,-0.1,19.28,0.09
0.2,-0.02,0.52,0.22,-0.14,-0.11,20.62,-2.52
0.21,-0.05,0.51,0.2,-0.12,-0.11,22.31,-5.09
0.23,-0.07,0.49,0.17,-0.12,-0.11,24.57,-7.62
0.26,-0.09,0.47,0.11,-0.12,-0.12,28.57,-9.66
0.29,-0.1,0.46,0.06,-0.09,-0.14,31.32,-10.27
0.31,-0.1,0.46,-0.0,-0.03,-0.18,33.6,-10.26
0.32,-0.09,0.46,-0.07,-0.02,-0.2,34.14,-9.04
0.31,-0.07,0.47,-0.14,-0.05,-0.22,33.45,-6.66
0.3,-0.04,0.47,-0.22,-0.11,-0.23,32.65,-4.43
0.28,-0.02,0.51,-0.29,-0.16,-0.22,28.9,-1.61
0.25,0.01,0.55,-0.35,-0.24,-0.2,24.46,0.65
0.23,0.04,0.6,-0.39,-0.32,-0.16,21.08,3.27
0.22,0.05,0.64,-0.4,-0.45,-0.12,18.93,4.53
0.21,0.05,0.68,-0.41,-0.56,-0.08,16.96,3.81
0.2,0.05,0.71,-0.43,-0.68,-0.04,15.84,4.13
0.2,0.06,0.75,-0.39,-0.8,-0.01,14.65,4.41
0.18,0.05,0.79,-0.37,-0.87,0.01,13.09,3.53
0.17,0.04,0.81,-0.34,-0.87,-0.0,11.49,2.69
0.14,0.02,0.83,-0.28,-0.87,-0.01,9.38,1.41
0.12,0.03,0.84,-0.23,-0.84,-0.02,8.06,1.81
0.1,0.04,0.84,-0.2,-0.75,-0.04,6.72,2.84
0.08,0.06,0.84,-0.12,-0.64,-0.06,5.38,4.25
0.04,0.08,0.84,-0.08,-0.51,-0.07,3.04,5.1
0.01,0.08,0.83,0.0,-0.41,-0.05,0.75,5.41
-0.01,0.08,0.83,0.06,-0.3,-0.04,-0.78,5.23
-0.02,0.07,0.82,0.12,-0.19,-0.03,-1.06,4.79
-0.01,0.05,0.82,0.17,-0.09,0.0,-0.93,3.81
0.01,0.04,0.81,0.22,-0.02,0.04,1.0,2.85
0.05,0.02,0.81,0.28,0.13,-0.05,3.36,1.44
0.09,-0.0,0.82,0.22,0.03,0.08,6.09,-0.1
0.13,-0.01,0.81,0.21,0.02,0.07,9.02,-0.46
0.14,-0.01,0.81,0.16,0.01,0.08,10.13,-0.48
0.16,-0.01,0.82,0.14,-0.03,0.07,10.85,-0.68
0.16,-0.02,0.82,0.08,-0.09,0.06,10.74,-1.19
0.15,-0.01,0.85,0.01,-0.15,0.06,10.31,-0.97
0.14,0.0,0.87,-0.03,-0.23,0.07,9.14,0.2
0.12,0.02,0.91,-0.07,-0.29,0.07,7.65,1.1
0.11,0.03,0.95,-0.1,-0.33,0.09,6.46,2.0
0.1,0.04,0.98,-0.11,-0.3,0.08,5.72,2.38
0.08,0.05,1.01,-0.1,-0.3,0.07,4.54,2.94
0.07,0.05,1.03,-0.05,-0.26,0.05,3.66,2.94
0.04,0.04,1.04,0.0,-0.24,0.03,2.33,2.05
0.04,0.05,1.04,0.06,-0.17,0.01,2.05,2.75
0.03,0.05,1.02,0.12,-0.11,0.0,1.91,2.9
0.03,0.05,1.0,0.18,-0.08,-0.0,1.77,3.11
0.03,0.05,0.96,0.22,-0.05,0.01,1.83,2.77
0.03,0.05,0.93,0.24,-0.0,-0.01,1.57,3.13
0.03,0.06,0.92,0.26,0.01,-0.0,1.61,3.56
0.03,0.06,0.92,0.27,0.03,0.02,1.99,3.82
0.04,0.05,0.91,0.28,0.04,0.04,2.66,3.21
0.05,0.03,0.91,0.29,0.02,0.06,3.23,1.88
0.06,0.02,0.9,0.27,0.05,0.06,3.9,0.96
0.08,-0.0,0.88,0.29,0.03,0.06,5.13,-0.13
0.09,-0.01,0.86,0.26,0.03,0.06,6.22,-0.57
0.11,-0.02,0.86,0.23,0.04,0.05,7.15,-1.47
0.11,-0.02,0.87,0.18,0.05,0.04,7.48,-1.63
0.12,-0.03,0.87,0.14,0.06,0.02,7.82,-2.23
0.12,-0.04,0.88,0.13,0.05,0.02,7.81,-2.39
0.12,-0.04,0.88,0.08,0.06,0.01,7.76,-2.68
0.13,-0.04,0.89,0.05,0.07,0.01,8.33,-2.8
0.13,-0.04,0.89,0.03,0.07,-0.01,8.58,-2.54
0.14,-0.04,0.89,-0.01,0.04,-0.01,8.85,-2.28
0.14,-0.03,0.9,-0.04,0.02,-0.03,8.82,-2.04
0.13,-0.03,0.91,-0.09,0.02,-0.05,8.34,-1.65
0.13,-0.02,0.91,-0.12,-0.0,-0.04,7.83,-1.05
0.12,-0.0,0.93,-0.15,-0.03,-0.06,7.27,-0.24
0.11,0.01,0.93,-0.17,-0.06,-0.05,6.96,0.67
0.1,0.03,0.94,-0.23,-0.06,-0.07,6.35,1.65
0.09,0.05,0.95,-0.24,-0.12,-0.06,5.56,2.86
0.08,0.07,0.96,-0.24,-0.15,-0.06,4.56,4.15
0.07,0.08,0.98,-0.24,-0.18,-0.04,3.86,4.63
0.06,0.08,1.0,-0.23,-0.2,-0.04,3.18,4.75
0.04,0.08,1.0,-0.21,-0.2,-0.02,2.49,4.39
0.03,0.07,1.01,-0.17,-0.2,-0.02,1.78,4.03
0.03,0.08,1.01,-0.15,-0.18,-0.02,1.8,4.26
0.03,0.08,1.02,-0.15,-0.12,-0.04,1.58,4.69
0.03,0.09,1.02,-0.1,-0.07,-0.03,1.51,5.07
0.02,0.08,1.01,-0.06,-0.02,-0.04,0.85,4.71
0.0,0.08,0.99,-0.05,0.0,-0.06,0.23,4.83
0.01,0.09,0.98,-0.03,0.04,-0.05,0.29,4.97
0.0,0.1,0.97,-0.03,0.08,-0.05,0.21,5.61
0.0,0.1,0.96,-0.02,0.08,-0.02,0.14,6.01
0.0,0.1,0.97,0.0,0.06,0.01,0.28,5.72
0.01,0.09,0.96,-0.0,0.07,0.02,0.54,5.47
0.01,0.08,0.98,-0.01,0.08,0.04,0.84,4.89
0.03,0.07,0.98,0.01,0.07,0.06,1.71,4.25
0.04,0.05,1.01,0.05,0.07,0.07,2.1,2.98
0.05,0.05,1.01,0.06,0.08,0.06,2.81,2.96
0.08,0.04,1.02,0.05,0.1,0.06,4.22,2.27
0.08,0.03,1.01,0.09,0.09,0.05,4.78,1.56
0.09,0.02,1.01,0.1,0.1,0.03,5.33,1.38
0.1,0.01,1.0,0.12,0.09,0.01,5.59,0.54
0.11,0.0,0.98,0.11,0.1,-0.0,6.3,0.02
0.11,-0.0,0.97,0.09,0.1,-0.01,6.44,-0.08
0.11,-0.01,0.94,0.1,0.08,-0.03,6.86,-0.32
0.12,-0.01,0.92,0.08,0.07,-0.04,7.12,-0.47
0.12,-0.0,0.9,0.05,0.08,-0.05,7.5,-0.21
0.11,-0.01,0.88,-0.0,0.07,-0.05,7.31,-0.85
0.12,-0.01,0.86,-0.03,0.04,-0.05,7.63,-0.81
0.12,-0.0,0.85,-0.08,0.04,-0.07,7.83,-0.24
0.11,0.01,0.85,-0.11,0.02,-0.05,7.1,0.5
0.1,0.02,0.84,-0.17,0.02,-0.06,6.86,1.25
0.09,0.02,0.85,-0.09,0.25,-0.32,5.95,1.49
0.08,0.02,0.85,-0.24,-0.01,-0.04,5.36,1.12
0.07,0.02,0.85,-0.29,0.01,-0.04,4.7,1.04
0.06,0.03,0.86,-0.32,0.01,-0.03,4.1,2.05
0.06,0.04,0.87,-0.33,0.01,-0.01,3.7,2.69
0.04,0.06,0.89,-0.33,0.01,-0.01,2.73,3.56
0.04,0.07,0.91,-0.35,0.04,0.01,2.51,4.14
0.04,0.07,0.93,-0.34,0.04,0.03,2.65,4.23
0.04,0.07,0.95,-0.34,0.08,0.03,2.66,4.26
0.05,0.08,0.96,-0.29,0.07,0.05,3.14,4.6
0.06,0.08,0.97,-0.27,0.12,0.03,3.49,4.51
0.07,0.07,0.96,-0.24,0.13,0.04,3.89,4.28
0.07,0.07,0.96,-0.19,0.14,0.04,4.11,4.09
0.08,0.07,0.95,-0.14,0.14,0.03,4.61,4.16
0.08,0.06,0.94,-0.12,0.16,0.03,5.15,3.91
0.08,0.05,0.92,-0.1,0.19,0.03,5.07,3.19
0.09,0.03,0.9,-0.08,0.19,0.03,5.47,2.16
0.08,0.03,0.88,-0.08,0.21,0.02,5.41,1.89
0.09,0.03,0.87,-0.05,0.2,0.01,6.26,1.81
0.1,0.03,0.86,-0.04,0.22,-0.0,6.46,2.04
0.1,0.03,0.85,-0.05,0.22,-0.0,6.93,2.19
0.12,0.04,0.85,-0.06,0.22,-0.01,7.82,2.54
0.12,0.03,0.85,-0.06,0.24,-0.01,7.82,2.31
0.11,0.04,0.83,-0.07,0.27,-0.02,7.79,2.58
0.11,0.04,0.84,-0.08,0.27,-0.01,7.41,2.4
0.11,0.04,0.83,-0.07,0.27,-0.02,7.17,2.49
0.1,0.03,0.83,-0.06,0.28,-0.02,6.84,2.34
0.09,0.04,0.83,-0.05,0.28,-0.01,6.22,2.76
0.09,0.05,0.83,-0.04,0.29,0.0,5.94,3.31
0.09,0.06,0.83,0.04,0.46,-0.14,5.96,3.78
0.09,0.06,0.84,-0.01,0.3,0.04,6.17,3.82
0.09,0.05,0.84,0.01,0.34,0.05,6.23,3.5
0.11,0.06,0.85,0.02,0.34,0.06,7.6,3.74
0.12,0.06,0.86,0.09,0.35,0.05,8.18,3.88
0.13,0.06,0.85,0.1,0.35,0.04,8.57,3.69
0.12,0.05,0.85,0.13,0.39,0.03,8.12,3.66
0.12,0.05,0.83,0.17,0.39,0.03,8.25,3.41
0.11,0.05,0.83,0.23,0.39,0.03,7.8,3.66
0.13,0.05,0.81,0.26,0.43,0.03,8.84,3.63
0.12,0.05,0.79,0.28,0.45,0.03,8.36,3.68
0.11,0.05,0.76,0.34,0.44,0.03,8.01,3.72
0.09,0.04,0.75,0.36,0.45,0.02,6.75,3.23
0.09,0.03,0.71,0.37,0.44,0.04,7.07,2.77
0.08,0.02,0.7,0.36,0.47,0.05,6.85,2.02
0.07,0.02,0.67,0.35,0.5,0.07,6.0,1.82
0.07,0.03,0.65,0.33,0.48,0.08,6.45,2.34
0.06,0.03,0.64,0.29,0.46,0.1,5.78,2.85
0.06,0.05,0.64,0.25,0.48,0.11,5.62,4.32
0.05,0.05,0.67,0.21,0.45,0.14,4.26,4.31
0.04,0.05,0.68,0.17,0.48,0.15,3.77,4.09
0.02,0.04,0.71,0.19,0.54,0.1,1.98,3.48
0.02,0.03,0.73,0.17,0.45,0.17,1.32,2.37
0.01,0.02,0.74,0.16,0.48,0.18,0.79,1.76
0.0,0.03,0.75,0.2,0.48,0.2,0.03,1.98
0.01,0.02,0.76,0.23,0.49,0.2,0.47,1.67
0.02,0.01,0.76,0.24,0.54,0.19,1.61,1.07
0.04,0.01,0.77,0.25,0.6,0.19,2.72,0.47
0.06,0.01,0.77,0.27,0.63,0.19,4.45,0.42
0.08,0.01,0.76,0.27,0.68,0.17,6.34,0.75
0.11,0.01,0.76,0.32,0.69,0.16,7.97,0.94
0.13,0.01,0.77,0.3,0.76,0.13,9.45,0.83
0.15,0.01,0.76,0.34,0.76,0.12,10.87,0.76
0.15,0.01,0.75,0.36,0.77,0.08,11.55,0.98
0.16,0.01,0.74,0.38,0.79,0.03,12.27,0.97
0.16,0.02,0.72,0.38,0.83,-0.01,12.3,1.17
0.14,0.02,0.7,0.39,0.84,-0.03,11.16,1.28
0.13,0.02,0.67,0.41,0.85,-0.07,10.8,1.64
0.11,0.03,0.64,0.41,0.85,-0.08,10.08,2.65
0.1,0.04,0.61,0.38,0.88,-0.08,9.22,3.73
0.09,0.05,0.58,0.34,0.93,-0.08,8.33,5.17
0.07,0.05,0.57,0.32,0.96,-0.07,7.19,4.53
0.06,0.04,0.54,0.26,0.99,-0.05,6.15,4.32
0.05,0.03,0.53,0.17,1.04,-0.03,5.0,3.61
0.04,0.05,0.56,0.11,1.05,-0.0,4.55,4.98
0.04,0.07,0.57,0.05,1.04,0.03,4.19,6.84
0.04,0.06,0.64,-0.0,1.01,0.06,3.18,5.15
0.1,0.05,0.59,-0.07,1.05,0.06,9.95,4.53
0.1,0.03,0.6,-0.13,1.06,0.06,9.8,3.23
0.1,0.03,0.66,-0.2,1.08,0.03,8.42,2.22
0.08,0.02,0.71,-0.21,1.06,0.01,6.43,1.8
0.05,0.03,0.75,-0.2,1.08,-0.02,3.51,2.48
0.02,0.03,0.77,-0.21,1.08,-0.03,1.71,2.55
0.01,0.05,0.78,-0.19,1.04,-0.03,0.48,3.72
-0.01,0.07,0.76,-0.19,1.02,-0.03,-0.54,5.22
-0.02,0.07,0.75,-0.2,1.04,-0.03,-1.47,5.6
-0.01,0.06,0.76,-0.26,1.06,-0.03,-1.01,4.63
-0.0,0.07,0.77,-0.3,1.07,-0.04,-0.34,5.12
0.0,0.08,0.79,-0.34,1.1,-0.04,0.14,5.58
0.0,0.09,0.83,-0.36,1.13,-0.06,0.12,6.43
0.0,0.1,0.86,-0.38,1.17,-0.07,0.08,6.58
-0.02,0.1,0.89,-0.34,1.17,-0.09,-1.0,6.59
-0.01,0.1,0.91,-0.31,1.2,-0.12,-0.91,6.06
-0.03,0.11,0.92,-0.28,1.22,-0.16,-1.67,6.76
-0.05,0.11,0.92,-0.24,1.25,-0.19,-3.15,6.91
-0.08,0.12,0.91,-0.22,1.28,-0.19,-4.7,7.2
-0.09,0.13,0.9,-0.17,1.27,-0.21,-5.72,8.26
-0.11,0.14,0.89,-0.15,1.28,-0.21,-6.8,8.62
-0.11,0.15,0.88,-0.13,1.33,-0.22,-7.3,9.73
-0.12,0.17,0.87,-0.1,1.33,-0.21,-7.58,10.69
-0.14,0.18,0.87,-0.1,1.33,-0.22,-8.73,11.32
-0.16,0.17,0.85,-0.1,1.31,-0.2,-10.23,11.22
-0.19,0.17,0.83,-0.12,1.3,-0.17,-12.73,11.58
-0.21,0.17,0.8,-0.15,1.28,-0.12,-14.53,11.63
-0.22,0.18,0.8,-0.2,1.28,-0.06,-14.95,12.3
-0.21,0.18,0.82,-0.24,1.25,-0.0,-13.81,12.36
-0.19,0.18,0.85,-0.3,1.26,0.04,-12.02,11.73
-0.17,0.17,0.91,-0.34,1.23,0.09,-10.55,10.37
-0.15,0.16,0.97,-0.36,1.21,0.12,-8.4,9.21
-0.11,0.15,1.06,-0.34,1.21,0.14,-5.64,8.21
-0.07,0.13,1.11,-0.26,1.23,0.11,-3.59,6.73
-0.05,0.1,1.14,-0.19,1.28,0.1,-2.3,5.0
-0.03,0.08,1.14,-0.07,1.31,0.05,-1.4,3.81
-0.01,0.07,1.14,0.01,1.33,0.01,-0.53,3.68
0.0,0.08,1.14,0.09,1.38,-0.07,0.08,4.22
0.02,0.1,1.14,0.18,1.42,-0.11,0.76,4.88
0.02,0.09,1.13,0.29,1.45,-0.17,0.85,4.72
0.0,0.08,1.1,0.4,1.46,-0.24,0.05,4.19
-0.02,0.07,1.07,0.48,1.5,-0.29,-0.95,3.98
-0.04,0.07,1.03,0.54,1.5,-0.32,-2.33,4.13
-0.07,0.08,0.99,0.59,1.53,-0.35,-3.97,4.74
-0.09,0.11,0.95,0.61,1.52,-0.38,-5.13,6.37
-0.11,0.1,0.91,0.61,1.53,-0.4,-6.53,6.28
-0.14,0.12,0.85,0.56,1.54,-0.4,-9.07,7.93
-0.16,0.12,0.83,0.5,1.51,-0.37,-11.01,8.39
-0.17,0.12,0.85,0.46,1.53,-0.4,-11.04,7.78
-0.17,0.13,0.87,0.4,1.4,-0.3,-10.78,8.15
-0.15,0.13,0.86,0.34,1.4,-0.28,-10.11,8.51
-0.13,0.12,0.87,0.29,1.38,-0.26,-8.61,7.96
-0.11,0.12,0.89,0.26,1.35,-0.25,-7.24,7.66
-0.09,0.12,0.91,0.24,1.34,-0.25,-5.49,7.26
-0.07,0.11,0.93,0.23,1.36,-0.26,-4.33,6.68
-0.06,0.1,0.93,0.23,1.37,-0.27,-3.61,5.93
-0.05,0.08,0.94,0.27,1.36,-0.3,-3.22,5.02
-0.05,0.09,0.96,0.28,1.38,-0.32,-2.74,5.21
-0.05,0.09,0.96,0.3,1.41,-0.36,-3.03,5.15
-0.07,0.07,0.96,0.33,1.41,-0.38,-4.13,4.39
-0.1,0.06,0.94,0.36,1.4,-0.41,-6.1,3.37
-0.12,0.06,0.93,0.36,1.42,-0.42,-7.23,3.54
-0.13,0.06,0.92,0.33,1.41,-0.43,-8.0,3.73
-0.13,0.06,0.89,0.3,1.43,-0.45,-8.57,4.06
-0.15,0.07,0.89,0.26,1.4,-0.44,-9.62,4.61
-0.16,0.07,0.89,0.2,1.37,-0.42,-9.87,4.67
-0.14,0.07,0.89,0.14,1.36,-0.43,-8.92,4.67
-0.12,0.07,0.92,0.08,1.34,-0.42,-7.12,4.52
-0.09,0.09,0.96,0.05,1.3,-0.43,-5.11,5.11
-0.06,0.08,0.97,0.04,1.26,-0.44,-3.47,4.89
-0.04,0.08,1.0,0.05,1.23,-0.46,-2.4,4.79
-0.03,0.08,1.02,0.07,1.2,-0.49,-1.93,4.32
-0.03,0.08,1.03,0.11,1.17,-0.52,-1.82,4.62
-0.01,0.09,1.03,0.14,1.14,-0.54,-0.59,5.02
-0.0,0.1,1.04,0.17,1.18,-0.6,-0.24,5.3
-0.0,0.09,1.04,0.21,1.2,-0.64,-0.21,5.22
-0.03,0.09,1.03,0.27,1.21,-0.7,-1.57,4.79
-0.08,0.09,1.0,0.3,1.2,-0.73,-4.41,4.95
-0.16,0.1,0.95,0.3,1.2,-0.76,-9.18,5.88
-0.22,0.12,0.91,0.23,1.22,-0.76,-13.52,7.44
-0.28,0.14,0.88,0.16,1.19,-0.72,-17.11,8.72
-0.32,0.16,0.86,0.06,1.19,-0.68,-20.24,10.19
-0.37,0.17,0.83,-0.07,1.13,-0.61,-23.23,10.62
-0.4,0.18,0.81,-0.23,1.09,-0.54,-25.74,11.25
-0.43,0.18,0.8,-0.41,1.0,-0.44,-27.38,11.27
-0.44,0.19,0.82,-0.55,1.1,-0.48,-27.85,11.74
-0.42,0.2,0.86,-0.8,0.85,-0.21,-25.49,11.71
-0.36,0.19,0.94,-0.96,0.82,-0.1,-20.54,10.63
-0.26,0.16,1.04,-1.09,0.8,-0.01,-13.91,8.55
-0.14,0.13,1.16,-1.14,0.81,0.03,-6.77,6.31
-0.01,0.08,1.27,-1.09,0.85,0.03,-0.35,3.69
0.11,0.04,1.35,-1.02,0.97,0.0,4.51,1.49
0.21,-0.02,1.42,-0.86,1.07,-0.1,8.43,-0.83
0.3,-0.06,1.45,-0.66,1.17,-0.23,11.52,-2.46
0.35,-0.09,1.48,-0.43,1.26,-0.4,13.23,-3.37
0.36,-0.11,1.47,-0.18,1.39,-0.6,13.55,-3.96
0.32,-0.11,1.43,0.08,1.5,-0.78,12.5,-4.17
0.25,-0.08,1.36,0.32,1.61,-0.96,10.32,-3.36
0.14,-0.04,1.28,0.5,1.7,-1.08,6.41,-1.91
0.02,0.0,1.18,0.61,1.8,-1.18,1.04,0.16
-0.1,0.06,1.07,0.63,1.87,-1.21,-5.48,3.27
-0.18,0.11,1.02,0.61,1.89,-1.21,-10.14,6.07
-0.26,0.15,0.95,0.52,1.89,-1.18,-14.88,8.45
-0.31,0.17,0.9,0.41,1.86,-1.11,-18.97,10.09
-0.37,0.2,0.86,0.25,1.82,-1.02,-22.8,11.92
-0.4,0.23,0.83,0.05,1.77,-0.9,-24.88,14.02
-0.41,0.26,0.83,-0.16,1.7,-0.77,-25.07,15.75
-0.39,0.26,0.85,-0.38,1.6,-0.63,-23.6,15.56
-0.33,0.22,0.9,-0.61,1.47,-0.5,-19.5,12.87
-0.26,0.15,0.97,-0.79,1.26,-0.38,-14.97,8.72
-0.16,0.08,1.06,-0.89,1.07,-0.31,-8.86,4.34
-0.07,0.04,1.13,-0.97,0.96,-0.27,-3.57,2.1
0.02,0.01,1.21,-0.98,0.88,-0.26,1.03,0.41
0.11,-0.02,1.27,-0.96,0.86,-0.29,4.89,-0.87
0.17,-0.03,1.3,-0.89,0.82,-0.35,7.31,-1.46
0.21,-0.05,1.33,-0.79,0.81,-0.43,9.01,-2.15
0.23,-0.05,1.36,-0.67,0.85,-0.53,9.67,-1.91
0.23,-0.02,1.37,-0.55,0.88,-0.63,9.5,-0.64
0.22,0.02,1.37,-0.41,0.94,-0.73,9.27,1.0
0.2,0.07,1.34,-0.29,1.01,-0.83,8.53,3.06
0.15,0.11,1.32,-0.2,1.12,-0.92,6.45,4.54
0.11,0.13,1.32,-0.13,1.23,-0.98,4.66,5.76
0.05,0.18,1.32,-0.06,1.35,-1.05,2.07,7.56
-0.02,0.21,1.32,-0.04,1.46,-1.05,-0.99,9.05
-0.08,0.25,1.34,-0.03,1.57,-1.03,-3.56,10.48
-0.13,0.28,1.35,-0.05,1.62,-0.98,-5.46,11.54
-0.19,0.29,1.35,-0.09,1.62,-0.91,-7.89,11.89
-0.25,0.3,1.35,-0.17,1.59,-0.8,-10.39,12.18
-0.3,0.3,1.35,-0.28,1.56,-0.67,-12.17,12.4
-0.32,0.33,1.36,-0.41,1.48,-0.51,-12.9,13.2
-0.31,0.33,1.36,-0.53,1.37,-0.33,-12.68,13.25
-0.29,0.32,1.37,-0.68,1.26,-0.17,-11.58,12.72
-0.25,0.3,1.4,-0.82,1.13,0.0,-9.89,11.78
-0.17,0.26,1.43,-0.95,1.03,0.15,-6.71,10.39
-0.07,0.22,1.45,-1.02,0.91,0.29,-2.9,8.45
0.02,0.16,1.46,-1.06,0.82,0.4,0.83,6.23
0.09,0.12,1.46,-1.09,0.79,0.48,3.62,4.55
0.16,0.09,1.46,-1.06,0.77,0.52,6.26,3.44
0.22,0.06,1.47,-1.0,0.76,0.55,8.62,2.48
0.27,0.04,1.46,-0.95,0.82,0.56,10.61,1.67
0.32,0.02,1.47,-0.89,0.94,0.52,12.34,0.68
0.35,-0.0,1.47,-0.79,1.23,0.37,13.44,-0.04
0.39,-0.03,1.48,-0.75,1.21,0.47,14.93,-1.03
0.43,-0.07,1.48,-0.66,1.3,0.43,15.96,-2.55
0.44,-0.12,1.47,-0.55,1.38,0.38,16.51,-4.36
0.44,-0.14,1.45,-0.49,1.45,0.34,16.83,-5.37
0.45,-0.15,1.42,-0.39,1.44,0.3,17.51,-5.81
0.45,-0.14,1.39,-0.3,1.42,0.27,18.05,-5.59
0.46,-0.15,1.36,-0.24,1.38,0.21,18.73,-5.81
0.48,-0.16,1.35,-0.19,1.34,0.16,19.38,-6.37
0.49,-0.18,1.33,-0.11,1.24,0.13,20.03,-7.28
0.51,-0.19,1.31,-0.05,1.16,0.08,20.85,-7.77
0.52,-0.19,1.3,0.02,1.06,0.02,21.47,-7.93
0.52,-0.2,1.27,0.12,0.95,-0.03,22.17,-8.29
0.51,-0.2,1.24,0.22,0.82,-0.08,22.14,-8.37
0.51,-0.19,1.23,0.31,0.71,-0.16,22.38,-8.17
0.51,-0.18,1.22,0.37,0.6,-0.22,22.58,-7.63
0.51,-0.17,1.22,0.44,0.54,-0.29,22.32,-7.51
0.49,-0.18,1.23,0.49,0.46,-0.34,21.49,-7.59
0.46,-0.18,1.25,0.58,0.36,-0.38,20.17,-7.56
0.42,-0.15,1.3,0.64,0.22,-0.42,17.83,-6.42
0.37,-0.15,1.33,0.67,0.12,-0.43,15.46,-6.07
0.29,-0.14,1.36,0.69,-0.01,-0.39,11.98,-5.85
0.21,-0.11,1.37,0.68,-0.08,-0.32,8.48,-4.66
0.18,-0.11,1.37,0.63,-0.14,-0.21,7.32,-4.44
0.16,-0.12,1.35,0.57,-0.14,-0.09,6.88,-5.08
0.19,-0.15,1.33,0.5,-0.11,0.02,8.06,-6.22
0.24,-0.19,1.31,0.42,-0.1,0.13,10.12,-8.12
0.28,-0.23,1.3,0.35,-0.09,0.22,11.83,-9.97
0.31,-0.26,1.28,0.27,-0.06,0.27,13.29,-11.05
0.36,-0.3,1.25,0.24,-0.06,0.32,15.46,-13.0
0.39,-0.34,1.17,0.2,-0.05,0.34,17.89,-15.44
0.45,-0.34,1.15,0.16,-0.0,0.36,20.42,-15.35
0.48,-0.33,1.15,0.13,0.07,0.36,21.99,-14.71
0.51,-0.33,1.08,0.09,0.05,0.33,24.43,-15.32
0.55,-0.33,1.1,0.04,-0.0,0.27,25.42,-15.03
0.55,-0.3,0.93,0.0,-0.11,0.21,29.24,-15.54
0.56,-0.27,1.01,-0.03,-0.15,0.14,28.18,-13.39
0.54,-0.25,0.95,-0.1,-0.22,0.06,28.88,-12.88
0.52,-0.23,0.95,-0.15,-0.32,-0.0,27.76,-11.78
0.49,-0.2,0.96,-0.15,-0.43,-0.07,26.59,-10.7
0.45,-0.17,0.95,-0.17,-0.51,-0.12,24.81,-9.07
0.4,-0.13,0.96,-0.17,-0.59,-0.15,22.26,-7.27
0.34,-0.1,0.97,-0.19,-0.62,-0.17,19.49,-5.45
0.29,-0.07,0.96,-0.22,-0.67,-0.19,16.95,-3.82
0.25,-0.05,0.95,-0.26,-0.72,-0.21,14.6,-2.67
0.21,-0.02,0.95,-0.31,-0.72,-0.22,12.49,-1.15
0.17,0.01,0.92,-0.37,-0.72,-0.21,10.49,0.44
0.15,0.02,0.93,-0.42,-0.72,-0.21,9.27,1.4
0.14,0.04,0.9,-0.49,-0.7,-0.21,8.93,2.45
0.14,0.06,0.88,-0.54,-0.64,-0.23,9.28,3.61
0.16,0.06,0.89,-0.6,-0.6,-0.26,10.06,3.78
0.18,0.07,0.92,-0.66,-0.58,-0.31,11.07,4.23
0.2,0.09,1.01,-0.7,-0.58,-0.35,11.37,4.94
0.24,0.09,1.1,-0.7,-0.56,-0.4,12.43,4.46
0.29,0.07,1.2,-0.67,-0.51,-0.42,13.52,3.08
0.32,0.05,1.29,-0.55,-0.47,-0.46,13.76,1.95
0.34,0.03,1.35,-0.38,-0.43,-0.47,14.09,1.34
0.35,0.03,1.38,-0.21,-0.33,-0.52,14.3,1.14
0.34,0.04,1.37,0.0,-0.26,-0.54,14.06,1.52
0.32,0.05,1.34,0.2,-0.18,-0.58,13.5,2.22
0.29,0.07,1.29,0.35,-0.1,-0.62,12.66,2.94
0.24,0.08,1.23,0.5,-0.04,-0.68,11.02,3.58
0.19,0.09,1.17,0.57,0.07,-0.7,9.33,4.35
0.15,0.1,1.12,0.69,0.17,-0.75,7.59,5.14
0.11,0.11,1.08,0.73,0.24,-0.79,5.61,5.63
0.05,0.11,1.05,0.78,0.35,-0.82,2.89,6.21
0.02,0.12,1.03,0.8,0.42,-0.85,1.35,6.49
-0.0,0.12,1.01,0.83,0.49,-0.86,-0.2,6.54
-0.05,0.12,0.99,0.83,0.53,-0.85,-2.69,7.02
-0.07,0.13,0.97,0.83,0.58,-0.84,-4.36,7.38
-0.1,0.13,0.96,0.8,0.62,-0.81,-5.96,7.84
-0.12,0.14,0.95,0.78,0.6,-0.77,-6.94,8.35
-0.13,0.14,0.93,0.73,0.57,-0.71,-7.97,8.51
-0.15,0.15,0.93,0.69,0.54,-0.67,-8.81,9.1
-0.16,0.15,0.93,0.63,0.47,-0.6,-9.89,9.21
-0.17,0.17,0.94,0.56,0.38,-0.51,-10.2,10.21
-0.19,0.17,0.94,0.5,0.26,-0.43,-11.18,10.36
-0.18,0.17,0.94,0.43,0.14,-0.34,-10.89,10.32
-0.19,0.18,0.96,0.34,0.04,-0.24,-11.02,10.52
-0.19,0.18,0.95,0.26,-0.06,-0.13,-11.29,10.52
-0.19,0.17,0.95,0.2,-0.14,-0.04,-11.44,9.87
-0.17,0.15,0.94,0.13,-0.18,0.03,-9.95,9.12
-0.14,0.12,0.93,0.07,-0.21,0.1,-8.44,7.37
-0.11,0.1,0.93,0.0,-0.2,0.15,-6.67,6.03
-0.07,0.07,0.92,-0.03,-0.2,0.17,-4.41,4.5
-0.03,0.05,0.93,-0.06,-0.17,0.17,-1.91,3.23
-0.01,0.03,0.95,-0.08,-0.12,0.16,-0.58,1.76
0.01,0.01,0.95,-0.11,-0.09,0.15,0.6,0.81
0.03,0.01,0.96,-0.1,-0.06,0.11,1.58,0.3
0.03,0.0,0.96,-0.08,-0.06,0.09,1.56,0.18
0.04,0.01,0.96,-0.09,-0.04,0.07,2.12,0.63
0.04,0.02,0.98,-0.09,-0.01,0.04,2.14,1.4
0.04,0.03,1.0,-0.08,-0.02,0.03,2.45,1.81
0.04,0.04,1.01,-0.08,-0.03,0.01,2.49,2.08
0.05,0.04,1.04,-0.09,-0.01,-0.01,2.81,2.2
0.06,0.04,1.05,-0.05,-0.03,0.0,3.08,2.31
0.05,0.05,1.07,-0.03,-0.04,0.0,2.68,2.65
0.05,0.05,1.07,0.0,-0.06,0.02,2.41,2.54
0.04,0.05,1.05,0.02,-0.03,0.02,1.94,2.84
0.03,0.05,1.03,0.04,-0.01,0.03,1.58,2.85
0.02,0.06,1.02,0.05,-0.02,0.04,1.04,3.45
0.01,0.07,1.0,0.03,-0.01,0.03,0.51,3.73
0.01,0.07,1.0,0.02,-0.02,0.05,0.36,4.16
-0.01,0.08,0.99,-0.04,-0.01,0.06,-0.32,4.59
0.0,0.08,1.0,-0.05,-0.04,0.08,0.13,4.46
0.02,0.07,1.0,-0.08,-0.08,0.11,1.16,3.85
0.04,0.06,1.0,-0.11,-0.11,0.11,2.35,3.51
0.07,0.04,1.02,-0.12,-0.12,0.13,4.06,2.44
0.1,0.03,1.03,-0.11,-0.16,0.14,5.3,1.74
0.12,0.02,1.03,-0.09,-0.17,0.12,6.53,0.98
0.14,0.0,1.02,-0.07,-0.15,0.08,7.65,0.21
0.15,-0.01,1.01,-0.01,-0.11,0.05,8.59,-0.54
0.17,-0.01,1.0,0.01,-0.05,-0.0,9.45,-0.69
0.17,-0.01,0.99,0.07,0.0,-0.06,9.6,-0.81
0.16,-0.01,0.97,0.1,0.08,-0.14,9.09,-0.52
0.14,0.0,0.97,0.13,0.17,-0.2,7.98,0.16
0.11,0.03,0.97,0.15,0.22,-0.25,6.36,1.77
0.08,0.05,0.97,0.15,0.26,-0.3,4.74,3.16
0.06,0.07,0.98,0.14,0.27,-0.32,3.39,4.14
0.03,0.08,1.0,0.11,0.3,-0.32,1.82,4.61
0.02,0.1,1.02,0.11,0.27,-0.31,1.09,5.42
0.01,0.12,1.03,0.07,0.24,-0.27,0.41,6.65
0.0,0.13,1.06,0.04,0.19,-0.23,0.06,7.12
-0.0,0.15,1.08,0.01,0.17,-0.18,-0.2,7.84
-0.0,0.14,1.1,-0.0,0.11,-0.1,-0.06,7.4
0.0,0.14,1.1,-0.02,0.06,-0.03,0.14,7.01
0.02,0.12,1.11,-0.03,0.01,0.04,0.99,6.31
0.05,0.12,1.1,-0.05,-0.02,0.09,2.4,6.02
0.07,0.1,1.09,-0.08,-0.02,0.14,3.49,5.25
0.09,0.09,1.06,-0.06,-0.04,0.18,4.87,4.81
0.12,0.06,1.06,-0.06,-0.05,0.21,6.52,3.31
0.13,0.03,1.04,-0.05,-0.03,0.21,7.03,1.83
0.13,0.03,1.03,-0.08,-0.01,0.19,7.16,1.89
0.13,0.04,1.03,-0.07,0.0,0.19,7.3,2.03
0.13,0.03,1.03,-0.09,-0.01,0.19,7.29,1.48
0.14,0.03,1.02,-0.09,0.02,0.17,7.67,1.4
0.15,0.01,1.02,-0.1,0.03,0.17,8.13,0.6
0.15,-0.0,1.03,-0.1,0.02,0.17,8.51,-0.06
0.15,-0.01,1.03,-0.11,0.0,0.16,8.15,-0.42
0.15,-0.0,1.04,-0.11,0.02,0.13,8.24,-0.22
0.15,0.0,1.04,-0.11,0.01,0.13,7.96,0.17
0.14,0.0,1.06,-0.14,0.03,0.12,7.69,0.12
0.14,0.0,1.07,-0.12,0.01,0.13,7.21,0.02
0.13,0.01,1.07,-0.13,-0.01,0.15,6.91,0.53
0.13,0.02,1.09,-0.18,0.0,0.17,6.67,0.82
0.13,0.02,1.1,-0.21,-0.03,0.22,6.9,1.17
0.14,0.02,1.12,-0.21,-0.05,0.25,7.14,1.22
0.15,0.03,1.14,-0.22,-0.08,0.29,7.61,1.32
0.15,0.02,1.14,-0.28,-0.08,0.33,7.65,0.79
0.16,0.01,1.16,-0.3,-0.11,0.4,7.78,0.67
0.17,0.02,1.18,-0.33,-0.15,0.45,8.16,0.85
0.17,0.02,1.19,-0.39,-0.18,0.53,8.28,1.14
0.2,0.01,1.2,-0.44,-0.19,0.59,9.24,0.62
0.22,0.0,1.21,-0.52,-0.23,0.65,10.23,0.23
0.25,-0.01,1.24,-0.59,-0.27,0.71,11.22,-0.26
0.27,-0.01,1.3,-0.65,-0.33,0.76,11.89,-0.42
0.32,-0.02,1.36,-0.72,-0.39,0.85,13.05,-0.95
0.36,-0.06,1.42,-0.74,-0.48,0.94,14.25,-2.19
0.4,-0.09,1.47,-0.71,-0.59,1.05,15.34,-3.32
0.44,-0.13,1.51,-0.66,-0.71,1.14,16.02,-4.66
0.48,-0.17,1.54,-0.6,-0.8,1.23,17.1,-5.92
0.52,-0.19,1.53,-0.51,-0.92,1.32,18.62,-6.71
0.56,-0.22,1.51,-0.42,-0.98,1.37,20.13,-7.71
0.6,-0.25,1.47,-0.32,-1.05,1.42,22.11,-9.1
0.66,-0.28,1.41,-0.25,-1.04,1.41,24.81,-10.31
0.71,-0.31,1.35,-0.2,-1.03,1.38,27.31,-11.5
0.74,-0.32,1.3,-0.15,-1.01,1.31,29.02,-12.02
0.78,-0.33,1.27,-0.11,-0.97,1.2,30.73,-12.61
0.8,-0.34,1.25,-0.13,-0.92,1.08,31.63,-13.01
0.79,-0.35,1.26,-0.16,-0.84,0.95,31.27,-13.29
0.79,-0.36,1.27,-0.18,-0.81,0.85,30.87,-13.41
0.77,-0.36,1.29,-0.2,-0.8,0.75,29.85,-13.42
0.76,-0.35,1.33,-0.22,-0.85,0.66,28.88,-12.93
0.73,-0.34,1.38,-0.28,-0.92,0.58,27.35,-12.38
0.7,-0.33,1.44,-0.33,-1.08,0.55,25.4,-11.56
0.66,-0.31,1.5,-0.36,-1.28,0.52,23.4,-10.65
0.63,-0.31,1.56,-0.38,-1.49,0.51,21.62,-10.4
0.61,-0.34,1.63,-0.4,-1.71,0.52,20.21,-10.95
0.6,-0.33,1.66,-0.38,-1.91,0.55,19.56,-10.59
0.58,-0.34,1.69,-0.38,-2.1,0.55,18.71,-10.79
0.58,-0.33,1.7,-0.38,-2.23,0.55,18.37,-10.37
0.58,-0.32,1.72,-0.34,-2.26,0.41,18.26,-9.96
0.59,-0.32,1.75,-0.36,-2.37,0.51,18.37,-9.95
0.58,-0.32,1.77,-0.34,-2.4,0.46,17.95,-9.89
0.58,-0.32,1.79,-0.32,-2.4,0.39,17.63,-9.74
0.55,-0.31,1.81,-0.29,-2.4,0.32,16.77,-9.21
0.52,-0.29,1.83,-0.25,-2.42,0.24,15.69,-8.76
0.49,-0.27,1.86,-0.19,-2.43,0.16,14.69,-8.1
0.47,-0.26,1.89,-0.12,-2.42,0.09,13.91,-7.6
0.44,-0.24,1.9,-0.07,-2.38,-0.01,12.93,-7.12
0.42,-0.22,1.91,-0.0,-2.37,-0.09,12.19,-6.55
0.38,-0.2,1.93,0.09,-2.32,-0.19,11.17,-5.76
0.34,-0.17,1.95,0.18,-2.3,-0.28,9.73,-4.93
0.28,-0.14,1.96,0.26,-2.25,-0.38,8.2,-4.02
0.22,-0.1,1.97,0.35,-2.23,-0.45,6.38,-2.89
0.14,-0.06,1.98,0.42,-2.23,-0.51,3.94,-1.72
0.05,-0.0,1.99,0.49,-2.3,-0.55,1.48,-0.08
-0.03,0.05,2.01,0.55,-2.36,-0.56,-0.85,1.48
-0.12,0.09,1.99,0.61,-2.46,-0.53,-3.35,2.5
-0.19,0.1,1.97,0.68,-2.59,-0.46,-5.42,2.85
-0.24,0.11,1.92,0.75,-2.7,-0.42,-7.0,3.33
-0.26,0.14,1.86,0.78,-2.82,-0.37,-7.99,4.28
-0.28,0.15,1.8,0.8,-2.9,-0.33,-8.82,4.82
-0.3,0.16,1.75,0.81,-3.02,-0.31,-9.75,5.21
-0.33,0.18,1.69,0.8,-3.09,-0.29,-11.15,6.06
-0.36,0.2,1.64,0.78,-3.12,-0.3,-12.39,6.88
-0.38,0.22,1.6,0.75,-3.14,-0.3,-13.17,7.56
-0.4,0.23,1.57,0.75,-3.14,-0.3,-14.05,8.1
-0.42,0.25,1.55,0.81,-3.0,-0.47,-15.15,8.77
-0.45,0.27,1.54,0.74,-2.95,-0.35,-16.2,9.54
-0.47,0.28,1.51,0.77,-2.81,-0.36,-17.03,9.88
-0.5,0.29,1.46,0.82,-2.63,-0.41,-18.4,10.6
-0.53,0.29,1.42,0.87,-2.41,-0.44,-20.05,10.98
-0.56,0.31,1.34,0.93,-2.16,-0.48,-22.21,11.91
-0.6,0.32,1.24,0.95,-1.91,-0.53,-24.94,13.07
-0.64,0.35,1.15,0.95,-1.67,-0.55,-28.03,14.81
-0.7,0.39,1.08,0.92,-1.52,-0.56,-31.57,17.08
-0.78,0.48,1.02,0.82,-1.48,-0.54,-34.63,20.43
-0.86,0.57,0.99,0.68,-1.52,-0.47,-36.82,23.62
-0.97,0.67,1.0,0.54,-1.68,-0.29,-38.73,25.66
-1.01,0.69,1.02,0.45,-1.92,-0.09,-39.52,25.73
-1.02,0.68,1.05,0.38,-2.2,0.19,-39.33,24.85
-0.97,0.62,1.08,0.37,-2.46,0.43,-38.04,22.99
-0.91,0.54,1.06,0.41,-2.71,0.65,-37.34,21.22
-0.81,0.48,1.02,0.43,-2.94,0.81,-35.68,20.36
-0.68,0.43,0.96,0.46,-3.07,0.9,-32.9,20.03
-0.56,0.37,0.92,0.45,-3.07,0.91,-29.35,19.14
-0.46,0.33,0.88,0.43,-3.04,0.88,-26.09,18.23
-0.39,0.3,0.86,0.41,-2.95,0.78,-23.16,17.64
-0.35,0.3,0.84,0.39,-2.85,0.68,-21.43,18.04
-0.34,0.3,0.85,0.35,-2.76,0.57,-20.61,17.95
-0.37,0.31,0.85,0.32,-2.63,0.47,-22.34,18.67
-0.42,0.32,0.84,0.3,-2.53,0.4,-25.25,19.08
-0.48,0.33,0.82,0.29,-2.43,0.35,-28.28,19.24
-0.52,0.36,0.81,0.29,-2.33,0.33,-30.45,20.56
-0.54,0.37,0.81,0.27,-2.25,0.34,-31.34,20.92
-0.53,0.37,0.81,0.29,-2.16,0.35,-30.99,20.83
-0.49,0.34,0.78,0.33,-2.07,0.36,-29.88,20.13
-0.46,0.3,0.75,0.35,-1.97,0.35,-29.77,18.65
-0.43,0.27,0.71,0.37,-1.84,0.32,-29.41,18.02
-0.39,0.24,0.66,0.38,-1.76,0.27,-28.9,17.26
-0.36,0.23,0.62,0.36,-1.63,0.22,-28.48,17.95
-0.33,0.22,0.57,0.36,-1.52,0.17,-28.68,18.23
-0.3,0.2,0.52,0.32,-1.38,0.12,-28.27,18.49
-0.28,0.2,0.48,0.26,-1.26,0.09,-28.18,20.03
-0.28,0.19,0.44,0.19,-1.16,0.02,-30.36,20.5
-0.29,0.2,0.41,0.08,-1.11,0.03,-32.26,21.57
-0.29,0.23,0.41,-0.04,-1.09,0.01,-32.28,24.33
-0.29,0.27,0.43,-0.13,-1.17,0.02,-29.54,27.43
-0.28,0.3,0.49,-0.2,-1.26,0.04,-26.39,27.97
-0.27,0.31,0.56,-0.2,-1.33,0.08,-22.65,26.11
-0.25,0.28,0.62,-0.16,-1.4,0.13,-20.44,22.62
-0.24,0.25,0.66,-0.08,-1.42,0.12,-18.84,19.81
-0.22,0.25,0.67,0.04,-1.46,0.1,-17.35,19.38
-0.2,0.26,0.65,0.16,-1.51,0.09,-15.94,20.69
-0.18,0.27,0.61,0.26,-1.49,0.05,-15.39,23.11
-0.18,0.28,0.57,0.36,-1.48,0.04,-16.17,25.22
-0.19,0.27,0.54,0.47,-1.43,0.05,-17.85,24.96
-0.19,0.24,0.49,0.58,-1.36,0.05,-18.95,24.58
-0.17,0.22,0.44,0.64,-1.26,0.06,-19.57,24.79
-0.15,0.2,0.39,0.69,-1.21,0.07,-19.08,26.29
-0.13,0.19,0.34,0.71,-1.17,0.09,-18.13,27.96
-0.1,0.17,0.28,0.72,-1.14,0.12,-17.33,29.71
-0.08,0.16,0.24,0.66,-1.1,0.12,-16.65,32.06
-0.06,0.14,0.19,0.61,-1.09,0.16,-14.93,34.83
-0.04,0.13,0.18,0.52,-1.08,0.2,-10.6,36.2
-0.02,0.12,0.18,0.44,-1.08,0.24,-4.46,32.71
0.01,0.1,0.18,0.36,-1.05,0.27,2.77,27.47
0.04,0.08,0.21,0.28,-1.02,0.28,9.74,21.37
0.07,0.07,0.24,0.22,-1.01,0.31,16.34,15.02
0.11,0.05,0.27,0.19,-0.99,0.3,21.8,10.14
0.14,0.03,0.29,0.17,-0.94,0.27,24.87,5.98
0.15,0.01,0.3,0.15,-0.87,0.23,25.59,2.11
0.15,-0.01,0.29,0.15,-0.8,0.19,26.86,-1.24
0.15,-0.02,0.29,0.17,-0.72,0.15,27.79,-2.73
0.17,-0.01,0.29,0.16,-0.59,0.1,30.11,-1.72
0.18,-0.01,0.26,0.14,-0.42,0.06,34.14,-2.07
0.18,-0.01,0.24,0.11,-0.32,0.03,36.4,-1.98
0.18,-0.01,0.2,0.08,-0.25,0.0,40.66,-1.35
0.15,0.04,0.16,-0.01,-0.27,0.0,42.01,11.1
0.13,0.08,0.13,-0.12,-0.32,0.04,40.57,21.81
0.1,0.1,0.12,-0.24,-0.36,0.12,33.33,31.65
0.09,0.1,0.14,-0.36,-0.41,0.23,27.21,31.39
0.09,0.11,0.19,-0.48,-0.49,0.35,23.19,27.05
0.09,0.11,0.27,-0.59,-0.55,0.45,18.21,20.49
0.11,0.09,0.33,-0.66,-0.65,0.55,18.31,14.59
0.13,0.07,0.41,-0.72,-0.72,0.63,16.94,9.52
0.14,0.06,0.5,-0.75,-0.8,0.68,15.9,6.76
0.17,0.04,0.58,-0.78,-0.81,0.73,16.5,3.72
0.19,0.01,0.66,-0.76,-0.79,0.73,15.92,0.96
0.21,-0.01,0.71,-0.72,-0.75,0.71,16.03,-0.48
0.22,-0.01,0.78,-0.68,-0.69,0.65,15.78,-0.96
0.22,-0.02,0.83,-0.63,-0.61,0.58,14.78,-1.12
0.22,-0.01,0.87,-0.58,-0.49,0.5,14.13,-0.58
0.2,-0.01,0.9,-0.53,-0.37,0.42,12.85,-0.63
0.18,-0.01,0.9,-0.45,-0.26,0.33,11.51,-0.77
0.16,-0.0,0.9,-0.39,-0.15,0.26,10.12,-0.24
0.13,0.02,0.91,-0.33,-0.06,0.21,8.22,1.44
0.11,0.05,0.91,-0.27,-0.01,0.18,6.74,3.42
0.08,0.08,0.92,-0.18,0.01,0.17,5.11,4.76
0.05,0.08,0.92,-0.13,0.03,0.17,3.14,5.23
0.04,0.08,0.92,-0.04,-0.01,0.21,2.6,5.09
0.05,0.07,0.93,0.03,-0.04,0.23,3.07,4.39
0.07,0.06,0.93,0.11,-0.11,0.26,4.03,3.77
0.09,0.04,0.94,0.17,-0.18,0.28,5.69,2.45
0.12,0.02,0.94,0.22,-0.22,0.27,6.98,1.32
0.14,-0.01,0.96,0.26,-0.26,0.28,8.49,-0.41
0.17,-0.03,0.96,0.33,-0.25,0.21,10.1,-1.58
0.19,-0.05,0.96,0.35,-0.3,0.2,11.42,-2.74
0.21,-0.07,0.95,0.38,-0.28,0.14,12.65,-3.84
0.22,-0.07,0.95,0.43,-0.3,0.08,13.01,-4.08
0.22,-0.07,0.92,0.44,-0.29,0.03,13.63,-4.09
0.22,-0.05,0.89,0.48,-0.33,-0.02,13.79,-3.19
0.21,-0.04,0.87,0.49,-0.32,-0.06,13.76,-2.26
0.2,-0.02,0.84,0.51,-0.32,-0.1,13.72,-1.53
0.19,-0.02,0.79,0.54,-0.32,-0.12,13.72,-1.14
0.18,-0.01,0.76,0.54,-0.33,-0.14,13.41,-0.58
0.17,-0.01,0.72,0.54,-0.29,-0.16,13.07,-0.66
0.15,-0.01,0.7,0.51,-0.25,-0.14,12.01,-0.69
0.14,-0.01,0.67,0.51,-0.22,-0.14,11.49,-0.94
0.13,-0.01,0.64,0.48,-0.21,-0.13,11.43,-0.66
0.11,0.01,0.63,0.43,-0.22,-0.11,10.35,0.52
0.11,0.03,0.61,0.35,-0.22,-0.07,10.15,2.51
0.11,0.04,0.6,0.28,-0.24,-0.01,9.99,3.5
0.11,0.04,0.61,0.21,-0.26,0.05,10.2,3.84
0.12,0.02,0.63,0.12,-0.24,0.09,10.52,2.15
0.13,0.0,0.66,0.04,-0.24,0.14,10.7,0.31
0.14,-0.02,0.7,-0.02,-0.26,0.18,11.37,-1.38
0.14,-0.02,0.74,-0.09,-0.27,0.19,11.02,-1.74
0.15,-0.03,0.79,-0.15,-0.25,0.18,10.51,-1.95
0.14,-0.03,0.82,-0.2,-0.23,0.19,9.76,-1.78
0.14,-0.02,0.86,-0.25,-0.19,0.18,9.4,-1.09
0.15,-0.01,0.9,-0.26,-0.16,0.18,9.12,-0.94
0.15,-0.01,0.94,-0.28,-0.1,0.15,8.77,-0.42
0.14,0.0,0.99,-0.29,-0.04,0.13,8.06,0.07
0.13,0.01,1.03,-0.26,-0.01,0.1,7.2,0.58
0.12,0.01,1.04,-0.12,0.23,-0.13,6.7,0.48
0.11,0.01,1.05,-0.15,0.04,0.01,5.81,0.73
0.08,0.0,1.03,-0.12,0.06,-0.01,4.61,0.0
0.07,0.02,1.0,-0.06,0.04,-0.03,4.1,1.17
0.06,0.03,0.94,0.0,0.03,-0.03,3.81,1.84
0.06,0.04,0.91,0.03,0.01,-0.02,3.65,2.24
0.05,0.04,0.86,0.02,0.01,-0.01,3.51,2.54
0.06,0.04,0.85,-0.01,-0.02,0.01,3.91,2.88
0.07,0.04,0.82,-0.05,-0.04,0.03,4.53,3.06
0.07,0.04,0.81,-0.06,-0.07,0.05,4.9,2.49
0.06,0.04,0.84,-0.13,-0.07,0.07,3.86,3.06
0.05,0.04,0.83,-0.16,-0.09,0.09,3.72,2.91
0.05,0.04,0.87,-0.19,-0.1,0.1,3.05,2.82
0.05,0.05,0.9,-0.21,-0.12,0.12,2.85,3.02
0.04,0.05,0.95,-0.22,-0.1,0.13,2.69,3.28
0.04,0.06,0.97,-0.22,-0.09,0.13,2.28,3.36
0.04,0.05,0.98,-0.21,-0.06,0.11,2.1,3.0
0.03,0.05,1.0,-0.19,-0.07,0.1,1.45,2.71
0.03,0.05,1.0,-0.17,-0.05,0.09,1.49,2.83
0.02,0.05,1.01,-0.16,-0.01,0.09,1.18,2.91
0.03,0.05,1.02,-0.14,0.0,0.08,1.41,2.79
0.01,0.05,1.02,-0.11,0.01,0.06,0.83,2.91
0.0,0.06,1.01,-0.1,0.04,0.06,0.24,3.17
-0.01,0.07,1.01,-0.12,0.03,0.06,-0.44,4.17
-0.02,0.09,1.01,-0.1,0.01,0.07,-1.15,4.93
-0.03,0.08,1.03,-0.08,0.0,0.09,-1.45,4.65
-0.02,0.08,1.04,-0.06,-0.01,0.1,-1.3,4.34
-0.02,0.08,1.05,-0.05,-0.01,0.1,-1.31,4.17
-0.01,0.07,1.05,-0.0,-0.04,0.12,-0.58,3.96
-0.01,0.07,1.06,0.02,-0.05,0.1,-0.44,3.84
-0.0,0.07,1.05,0.05,-0.04,0.1,-0.04,3.87
0.01,0.06,1.05,0.05,-0.02,0.1,0.34,3.41
0.01,0.05,1.05,0.06,0.0,0.1,0.47,2.85
0.01,0.05,1.05,0.09,0.01,0.09,0.39,2.95
-0.0,0.06,1.04,0.08,0.02,0.09,-0.15,3.47
-0.01,0.07,1.05,0.11,0.02,0.08,-0.49,3.67
-0.01,0.07,1.07,0.12,0.05,0.11,-0.53,3.59
-0.0,0.07,1.08,0.18,0.06,0.1,-0.22,3.6
0.0,0.05,1.08,0.22,0.06,0.1,0.15,2.76
0.02,0.04,1.07,0.27,0.09,0.09,1.11,2.02
0.03,0.03,1.07,0.3,0.1,0.08,1.55,1.63
0.05,0.02,1.04,0.42,0.25,-0.07,2.47,0.99
0.06,0.02,1.02,0.35,0.13,0.05,3.59,0.86
0.08,0.01,0.99,0.36,0.17,0.03,4.82,0.41
0.1,0.0,0.98,0.36,0.16,0.03,5.59,0.02
0.11,0.0,0.95,0.34,0.17,0.01,6.46,0.3
0.11,0.01,0.93,0.32,0.13,0.01,6.44,0.32
0.1,0.01,0.91,0.29,0.11,-0.0,6.19,0.63
0.1,0.01,0.9,0.23,0.1,0.01,6.39,0.63
0.1,0.02,0.9,0.2,0.06,0.02,6.32,1.57
0.11,0.03,0.91,0.16,0.02,0.05,6.67,1.99
0.12,0.02,0.91,0.12,0.03,0.04,7.2,1.16
0.12,0.01,0.92,0.1,0.01,0.05,7.34,0.73
0.13,0.0,0.93,0.08,0.01,0.03,8.02,0.05
0.14,0.0,0.92,0.07,0.01,0.02,8.6,0.24
0.13,0.0,0.92,0.03,0.02,0.0,8.0,0.03
0.12,-0.01,0.91,0.01,0.05,-0.01,7.45,-0.42
0.11,0.01,0.89,-0.0,0.05,-0.02,7.28,0.33
0.11,0.01,0.87,-0.02,0.04,-0.02,7.12,0.69
0.1,0.02,0.87,-0.06,0.08,-0.03,6.42,1.2
0.1,0.03,0.87,-0.07,0.08,-0.03,6.32,2.07
0.09,0.03,0.86,-0.1,0.07,-0.01,5.66,1.93
0.08,0.02,0.86,-0.1,0.05,-0.0,5.47,1.65
0.08,0.02,0.85,-0.12,0.05,0.01,5.52,1.14
0.08,0.01,0.86,-0.14,0.05,0.02,5.5,0.67
0.09,0.02,0.84,-0.14,0.03,0.02,6.37,1.28
0.1,0.03,0.85,-0.17,0.02,0.02,6.71,1.69
0.1,0.03,0.85,-0.17,0.02,0.02,6.58,2.02
0.1,0.04,0.85,-0.19,0.02,0.02,6.53,2.4
0.1,0.03,0.85,-0.19,0.01,0.03,6.44,1.89
0.1,0.02,0.85,-0.17,0.01,0.04,6.58,1.6
0.11,0.02,0.84,-0.16,0.03,0.03,7.4,1.5
0.11,0.02,0.85,-0.15,0.07,0.01,7.64,1.25
0.12,0.02,0.83,-0.13,0.08,0.01,8.33,1.31
0.13,0.02,0.82,-0.1,0.1,-0.01,8.68,1.36
0.11,0.02,0.81,-0.08,0.14,-0.02,8.02,1.68
0.11,0.02,0.79,-0.06,0.19,-0.05,7.79,1.67
0.1,0.03,0.77,-0.04,0.22,-0.05,7.58,2.12
0.1,0.03,0.75,0.0,0.25,-0.06,7.79,2.63
0.1,0.04,0.73,0.03,0.26,-0.05,8.13,3.22
0.11,0.04,0.72,0.05,0.31,-0.05,8.64,3.4
0.11,0.04,0.7,0.05,0.33,-0.04,8.98,2.83
0.12,0.03,0.69,0.05,0.36,-0.04,9.85,2.33
0.13,0.03,0.68,0.07,0.36,-0.05,10.72,2.39
0.14,0.03,0.68,0.06,0.4,-0.05,11.38,2.63
0.14,0.03,0.68,0.07,0.4,-0.05,11.38,2.46
0.14,0.02,0.67,0.07,0.45,-0.05,11.44,1.96
0.13,0.02,0.67,0.07,0.45,-0.06,10.74,1.58
0.13,0.01,0.66,0.07,0.5,-0.08,11.44,1.12
0.13,0.01,0.65,0.07,0.55,-0.09,11.56,0.93
0.13,0.0,0.64,0.09,0.57,-0.09,11.21,0.39
0.13,0.01,0.63,0.09,0.61,-0.11,11.68,0.81
0.12,0.01,0.63,0.11,0.65,-0.12,10.99,1.28
0.12,0.02,0.62,0.11,0.71,-0.12,11.31,1.66
0.13,0.02,0.61,0.11,0.74,-0.11,11.69,1.92
0.13,0.02,0.61,0.11,0.79,-0.13,11.73,2.18
0.13,0.02,0.6,0.13,0.81,-0.13,11.96,2.16
0.13,0.02,0.58,0.14,0.85,-0.13,12.27,1.69
0.12,0.02,0.56,0.12,0.88,-0.11,12.3,2.34
0.13,0.03,0.56,0.13,0.89,-0.1,12.73,3.26
0.13,0.04,0.56,0.12,0.93,-0.08,13.34,3.51
0.14,0.03,0.58,0.08,0.99,-0.07,13.07,2.74
0.14,0.02,0.6,0.09,1.0,-0.07,13.14,1.56
0.14,0.0,0.62,0.08,1.02,-0.07,12.67,0.05
0.14,-0.01,0.61,0.09,1.05,-0.09,13.33,-0.64
0.14,-0.01,0.61,0.07,1.08,-0.1,13.21,-1.14
0.14,-0.01,0.6,0.05,1.09,-0.12,13.41,-0.72
0.14,0.0,0.6,0.05,1.08,-0.13,13.06,0.41
0.1,0.02,0.62,0.03,1.09,-0.13,8.99,2.17
0.12,-0.01,0.62,0.01,1.12,-0.16,10.5,-0.56
0.11,0.01,0.63,0.0,1.15,-0.17,9.74,1.14
0.08,-0.0,0.69,0.02,1.16,-0.19,6.43,-0.09
0.13,0.0,0.61,0.01,1.16,-0.21,11.56,0.06
0.13,0.02,0.59,-0.02,1.2,-0.24,12.5,1.52
0.12,-0.0,0.61,-0.06,1.23,-0.25,10.68,-0.01
0.08,-0.01,0.65,-0.07,1.26,-0.29,6.89,-0.48
0.05,0.0,0.66,-0.04,1.25,-0.3,4.01,0.1
0.03,0.02,0.67,-0.04,1.3,-0.33,2.83,1.93
0.03,0.04,0.66,-0.03,1.31,-0.34,2.19,3.87
0.03,0.06,0.64,-0.01,1.31,-0.34,2.55,5.65
0.02,0.07,0.63,-0.03,1.31,-0.34,2.16,6.46
0.01,0.08,0.64,-0.04,1.34,-0.35,0.82,6.78
-0.0,0.08,0.64,-0.09,1.37,-0.35,-0.16,7.08
-0.02,0.09,0.66,-0.08,1.33,-0.33,-1.74,7.55
-0.03,0.09,0.69,-0.08,1.32,-0.32,-2.73,7.37
-0.03,0.08,0.71,-0.08,1.31,-0.33,-2.74,6.65
-0.04,0.07,0.72,-0.08,1.32,-0.34,-3.09,5.88
-0.04,0.08,0.73,-0.08,1.32,-0.34,-3.28,5.95
-0.05,0.08,0.74,-0.06,1.34,-0.36,-3.7,6.09
-0.05,0.09,0.75,-0.05,1.38,-0.38,-3.73,6.45
-0.05,0.09,0.77,-0.04,1.48,-0.41,-3.8,6.47
-0.06,0.1,0.79,-0.0,1.55,-0.42,-4.43,7.23
-0.07,0.11,0.79,0.03,1.62,-0.46,-4.85,7.55
-0.08,0.11,0.79,0.09,1.69,-0.48,-5.48,8.16
-0.09,0.13,0.78,0.12,1.77,-0.5,-6.3,9.07
-0.09,0.14,0.77,0.14,1.84,-0.49,-6.7,9.96
-0.08,0.14,0.77,0.16,1.89,-0.49,-6.08,9.99
-0.09,0.12,0.76,0.15,1.89,-0.46,-6.52,9.16
-0.1,0.11,0.75,0.14,1.93,-0.48,-7.43,8.23
-0.11,0.1,0.74,0.12,1.94,-0.47,-8.6,7.47
-0.13,0.11,0.75,0.09,1.97,-0.47,-9.91,8.14
-0.15,0.12,0.76,0.05,1.97,-0.46,-11.1,8.46
-0.17,0.13,0.78,-0.01,1.98,-0.44,-12.23,9.31
-0.19,0.13,0.81,-0.08,1.97,-0.41,-12.89,9.04
-0.19,0.13,0.87,-0.13,1.94,-0.38,-12.25,8.08
-0.18,0.12,0.93,-0.19,1.9,-0.36,-11.08,6.96
-0.16,0.11,1.0,-0.18,1.85,-0.34,-8.82,6.3
-0.13,0.09,1.05,-0.18,1.79,-0.35,-7.04,4.86
-0.11,0.06,1.07,-0.16,1.75,-0.38,-5.76,3.26
-0.08,0.05,1.07,-0.12,1.71,-0.42,-4.34,2.67
-0.07,0.05,1.06,-0.1,1.72,-0.49,-3.71,2.95
-0.07,0.08,1.05,-0.08,1.73,-0.53,-3.8,4.55
-0.09,0.11,1.03,-0.05,1.71,-0.58,-4.74,6.19
-0.12,0.15,1.03,-0.01,1.68,-0.6,-6.72,8.31
-0.13,0.17,1.01,-0.01,1.67,-0.63,-7.45,9.61
-0.18,0.21,1.0,-0.01,1.65,-0.62,-10.24,11.48
-0.19,0.22,0.95,-0.02,1.61,-0.6,-11.26,13.05
-0.24,0.25,0.96,-0.06,1.56,-0.54,-13.54,14.26
-0.25,0.23,1.02,-0.08,1.53,-0.52,-13.54,12.56
-0.27,0.21,1.05,-0.09,1.52,-0.47,-14.16,10.99
-0.27,0.21,1.04,-0.09,1.47,-0.43,-14.48,10.91
-0.27,0.19,1.06,-0.11,1.44,-0.4,-14.17,10.06
-0.27,0.19,1.07,-0.12,1.44,-0.4,-13.91,9.63
-0.26,0.18,1.06,-0.15,1.45,-0.39,-13.61,9.55
-0.27,0.18,1.06,-0.18,1.46,-0.36,-14.03,9.43
-0.26,0.18,1.06,-0.22,1.48,-0.34,-13.59,9.33
-0.26,0.19,1.08,-0.24,1.48,-0.33,-13.25,9.67
-0.25,0.2,1.1,-0.28,1.52,-0.31,-12.65,9.94
-0.22,0.19,1.13,-0.26,1.53,-0.28,-11.11,9.23
-0.2,0.18,1.14,-0.24,1.54,-0.27,-9.84,8.69
-0.19,0.16,1.16,-0.21,1.53,-0.27,-9.08,7.54
-0.17,0.15,1.16,-0.17,1.55,-0.27,-8.43,7.08
-0.17,0.14,1.15,-0.15,1.57,-0.27,-8.17,6.94
-0.16,0.13,1.13,-0.11,1.56,-0.27,-8.2,6.75
-0.17,0.14,1.11,-0.1,1.57,-0.26,-8.4,6.92
-0.16,0.13,1.09,-0.1,1.58,-0.25,-8.48,6.67
-0.15,0.12,1.09,-0.12,1.59,-0.25,-7.85,6.24
-0.14,0.11,1.08,-0.07,1.75,-0.39,-7.3,5.91
-0.12,0.11,1.1,-0.15,1.53,-0.26,-6.42,5.67
-0.1,0.1,1.11,-0.16,1.51,-0.26,-5.26,5.22
-0.08,0.08,1.12,-0.17,1.47,-0.27,-4.13,4.04
-0.06,0.06,1.13,-0.12,1.44,-0.29,-3.11,3.27
-0.06,0.06,1.12,-0.09,1.41,-0.3,-2.87,3.0
-0.06,0.06,1.1,-0.08,1.41,-0.35,-3.33,3.34
-0.08,0.08,1.08,-0.07,1.4,-0.36,-4.23,4.14
-0.11,0.09,1.05,-0.07,1.4,-0.39,-5.74,5.11
-0.13,0.1,1.02,-0.07,1.38,-0.4,-7.46,5.7
-0.15,0.11,1.0,-0.11,1.38,-0.39,-8.79,6.13
-0.18,0.12,0.97,-0.17,1.39,-0.38,-10.52,7.08
-0.2,0.14,0.95,-0.2,1.37,-0.36,-12.0,8.06
-0.22,0.15,0.93,-0.29,1.34,-0.32,-13.33,8.87
-0.24,0.16,0.92,-0.38,1.34,-0.3,-14.31,9.83
-0.24,0.18,0.92,-0.51,1.33,-0.25,-14.66,10.64
-0.23,0.18,0.93,-0.6,1.27,-0.2,-13.49,10.9
-0.21,0.17,0.97,-0.67,1.21,-0.13,-12.05,9.86
-0.19,0.15,1.01,-0.76,1.12,-0.08,-10.47,8.38
-0.16,0.12,1.05,-0.82,1.09,-0.05,-8.5,6.45
-0.1,0.09,1.11,-0.83,1.04,-0.03,-5.37,4.37
-0.05,0.06,1.16,-0.81,1.04,-0.05,-2.38,2.85
0.01,0.04,1.21,-0.77,1.06,-0.09,0.48,1.82
0.05,0.02,1.24,-0.7,1.13,-0.16,2.31,0.85
0.07,-0.01,1.25,-0.6,1.17,-0.22,3.02,-0.45
0.06,-0.02,1.25,-0.44,1.42,-0.46,2.71,-0.7
0.03,0.02,1.23,-0.37,1.29,-0.38,1.24,0.72
0.01,0.04,1.21,-0.31,1.36,-0.43,0.46,1.83
-0.03,0.08,1.18,-0.26,1.42,-0.49,-1.24,3.82
-0.07,0.11,1.14,-0.24,1.49,-0.52,-3.42,5.57
-0.13,0.14,1.1,-0.25,1.51,-0.51,-6.6,7.22
-0.19,0.17,1.07,-0.3,1.51,-0.49,-9.83,8.89
-0.23,0.2,1.03,-0.4,1.5,-0.42,-12.43,10.68
-0.26,0.22,1.02,-0.49,1.45,-0.34,-13.91,11.85
-0.28,0.24,1.02,-0.62,1.37,-0.23,-14.94,12.55
-0.28,0.23,1.04,-0.77,1.31,-0.12,-14.71,12.24
-0.25,0.22,1.07,-0.94,1.22,-0.01,-13.1,11.39
-0.2,0.18,1.13,-1.04,1.13,0.09,-9.79,8.78
-0.09,0.12,1.2,-1.16,1.07,0.17,-4.35,5.65
0.01,0.06,1.27,-1.17,0.99,0.2,0.55,2.59
0.1,0.0,1.34,-1.15,0.95,0.21,4.15,0.07
0.17,-0.04,1.4,-1.08,0.93,0.19,6.88,-1.52
0.23,-0.06,1.45,-0.98,0.92,0.15,8.86,-2.28
0.27,-0.07,1.49,-0.86,0.95,0.07,10.28,-2.55
0.31,-0.08,1.53,-0.72,0.99,0.01,11.56,-2.89
0.36,-0.09,1.54,-0.55,1.02,-0.06,13.17,-3.26
0.38,-0.09,1.53,-0.34,1.05,-0.14,13.9,-3.23
0.38,-0.08,1.49,-0.18,1.08,-0.22,14.29,-3.05
0.36,-0.06,1.45,-0.04,1.1,-0.3,13.79,-2.39
0.32,-0.03,1.4,0.09,1.11,-0.37,12.97,-1.32
0.28,0.0,1.36,0.17,1.11,-0.45,11.71,0.18
0.23,0.04,1.35,0.26,1.03,-0.46,9.46,1.87
0.17,0.07,1.35,0.28,0.99,-0.47,7.12,2.85
0.12,0.08,1.36,0.29,0.88,-0.41,5.2,3.44
0.09,0.09,1.36,0.3,0.7,-0.34,3.81,3.62
0.09,0.09,1.37,0.28,0.5,-0.23,3.81,3.61
0.12,0.06,1.37,0.25,0.3,-0.13,4.82,2.54
0.17,0.01,1.38,0.26,0.09,-0.05,7.04,0.58
0.25,-0.03,1.38,0.24,-0.05,-0.0,10.19,-1.25
0.32,-0.08,1.37,0.28,-0.2,0.01,13.11,-3.3
0.38,-0.13,1.36,0.32,-0.26,-0.01,15.48,-5.12
0.41,-0.17,1.34,0.38,-0.27,-0.08,16.98,-6.91
0.44,-0.2,1.31,0.45,-0.23,-0.18,18.54,-8.11
0.47,-0.21,1.29,0.53,-0.14,-0.31,19.69,-8.77
0.48,-0.22,1.28,0.61,0.06,-0.48,20.49,-9.13
0.47,-0.22,1.25,0.69,0.25,-0.65,20.22,-9.52
0.44,-0.21,1.24,0.78,0.46,-0.85,19.19,-9.19
0.39,-0.19,1.23,0.87,0.62,-1.01,17.43,-8.27
0.32,-0.15,1.23,0.94,0.78,-1.16,14.6,-6.9
0.22,-0.1,1.22,0.98,0.92,-1.25,10.35,-4.7
0.12,-0.04,1.21,1.01,1.01,-1.3,5.44,-1.7
0.03,0.03,1.2,0.99,1.05,-1.27,1.26,1.42
-0.05,0.09,1.2,0.95,1.09,-1.22,-2.2,4.49
-0.08,0.14,1.21,0.86,1.08,-1.13,-3.99,6.46
-0.11,0.17,1.21,0.79,1.04,-0.99,-5.17,8.02
-0.13,0.19,1.21,0.69,0.96,-0.83,-5.88,8.8
-0.12,0.2,1.21,0.57,0.89,-0.66,-5.8,9.2
-0.1,0.18,1.2,0.47,0.8,-0.51,-4.68,8.65
-0.05,0.15,1.19,0.38,0.7,-0.36,-2.36,7.38
0.03,0.11,1.19,0.28,0.62,-0.22,1.43,5.49
0.12,0.06,1.19,0.22,0.59,-0.16,5.55,3.07
0.2,0.01,1.19,0.17,0.58,-0.11,9.42,0.69
0.27,-0.03,1.2,0.19,0.55,-0.09,12.58,-1.62
0.31,-0.08,1.19,0.21,0.53,-0.11,14.67,-3.79
0.35,-0.12,1.18,0.24,0.54,-0.17,16.4,-5.43
0.37,-0.15,1.17,0.26,0.58,-0.24,17.33,-6.91
0.36,-0.16,1.16,0.32,0.6,-0.33,17.29,-7.59
0.35,-0.16,1.15,0.37,0.63,-0.42,16.9,-7.52
0.32,-0.14,1.12,0.39,0.7,-0.54,15.83,-6.95
0.29,-0.09,1.11,0.43,0.74,-0.63,14.46,-4.7
0.25,-0.06,1.1,0.43,0.78,-0.69,12.84,-3.13
0.21,-0.04,1.1,0.44,0.81,-0.75,10.55,-1.92
0.18,-0.03,1.11,0.46,0.83,-0.79,9.45,-1.56
0.14,-0.01,1.11,0.46,0.87,-0.83,7.35,-0.32
0.11,0.03,1.11,0.47,0.86,-0.83,5.7,1.57
0.05,0.08,1.11,0.46,0.86,-0.83,2.76,4.14
-0.0,0.12,1.12,0.42,0.84,-0.78,-0.09,6.24
-0.06,0.18,1.13,0.35,0.84,-0.71,-3.18,8.96
-0.1,0.22,1.16,0.28,0.82,-0.59,-5.09,10.94
-0.12,0.26,1.18,0.15,0.85,-0.45,-5.52,12.33
-0.14,0.27,1.22,0.01,0.83,-0.27,-6.51,12.53
-0.12,0.25,1.24,-0.13,0.85,-0.08,-5.5,11.41
-0.1,0.19,1.28,-0.27,0.81,0.12,-4.26,8.57
-0.05,0.12,1.3,-0.38,0.76,0.31,-2.25,5.17
0.01,0.04,1.31,-0.46,0.69,0.48,0.58,1.65
0.08,-0.04,1.31,-0.53,0.66,0.63,3.57,-1.61
0.14,-0.1,1.3,-0.58,0.63,0.77,6.18,-4.45
0.21,-0.16,1.28,-0.59,0.59,0.86,9.05,-6.93
0.26,-0.2,1.24,-0.59,0.55,0.93,11.71,-9.13
0.33,-0.25,1.19,-0.58,0.52,0.96,14.95,-11.24
0.4,-0.29,1.15,-0.6,0.5,0.95,18.7,-13.49
0.46,-0.33,1.1,-0.57,0.46,0.89,21.81,-15.41
0.52,-0.36,1.06,-0.53,0.41,0.81,25.04,-16.76
0.57,-0.37,1.03,-0.51,0.38,0.69,27.46,-17.37
0.59,-0.37,1.0,-0.49,0.36,0.54,29.09,-17.77
0.59,-0.36,0.96,-0.43,0.29,0.38,29.77,-17.73
0.56,-0.33,0.94,-0.38,0.23,0.19,29.3,-16.74
0.52,-0.29,0.95,-0.36,0.2,0.03,27.45,-14.89
0.46,-0.24,0.97,-0.33,0.16,-0.09,24.93,-12.68
0.4,-0.2,0.98,-0.32,0.15,-0.22,21.61,-10.87
0.33,-0.17,1.0,-0.27,0.11,-0.31,18.23,-9.4
0.28,-0.15,1.01,-0.26,0.08,-0.39,15.4,-7.88
0.23,-0.11,1.04,-0.26,0.06,-0.44,12.4,-5.7
0.17,-0.06,1.05,-0.22,-0.02,-0.46,9.04,-3.39
0.12,-0.02,1.07,-0.22,-0.08,-0.47,6.34,-1.06
0.07,0.01,1.08,-0.2,-0.17,-0.46,3.67,0.5
0.03,0.03,1.09,-0.22,-0.23,-0.42,1.69,1.8
-0.0,0.06,1.1,-0.22,-0.31,-0.38,-0.13,3.19
-0.03,0.08,1.09,-0.21,-0.36,-0.32,-1.35,3.93
-0.06,0.09,1.09,-0.23,-0.41,-0.25,-2.97,4.68
-0.07,0.1,1.07,-0.26,-0.43,-0.21,-3.66,5.58
-0.08,0.12,1.06,-0.3,-0.44,-0.16,-4.16,6.56
-0.08,0.13,1.05,-0.33,-0.46,-0.11,-4.24,7.3
-0.09,0.14,1.04,-0.36,-0.47,-0.06,-4.7,7.84
-0.08,0.15,1.05,-0.42,-0.45,0.0,-4.54,8.03
-0.08,0.15,1.05,-0.46,-0.45,0.06,-4.33,8.3
-0.06,0.14,1.07,-0.5,-0.45,0.14,-2.99,7.42
-0.05,0.13,1.08,-0.52,-0.46,0.2,-2.43,7.08
-0.01,0.1,1.08,-0.51,-0.47,0.24,-0.55,5.4
0.03,0.07,1.09,-0.51,-0.45,0.29,1.61,3.85
0.07,0.04,1.08,-0.46,-0.45,0.31,3.66,2.36
0.11,0.02,1.07,-0.42,-0.46,0.31,5.66,0.94
0.13,0.01,1.07,-0.36,-0.42,0.3,7.21,0.29
0.16,-0.01,1.05,-0.3,-0.35,0.27,8.55,-0.81
0.18,-0.03,1.04,-0.23,-0.3,0.24,9.96,-1.53
0.2,-0.04,1.02,-0.15,-0.24,0.17,10.93,-2.46
0.2,-0.06,1.02,-0.07,-0.14,0.09,11.25,-3.45
0.2,-0.06,1.01,-0.0,-0.07,0.03,11.2,-3.35
0.19,-0.05,0.99,0.08,0.01,-0.04,10.62,-2.85
0.16,-0.05,0.98,0.15,0.05,-0.1,9.24,-2.66
0.14,-0.05,0.96,0.21,0.13,-0.16,8.44,-2.84
0.12,-0.03,0.93,0.24,0.21,-0.21,7.27,-2.04
0.09,-0.01,0.92,0.26,0.23,-0.25,5.82,-0.83
0.06,-0.0,0.91,0.29,0.26,-0.3,3.52,-0.07
0.04,0.02,0.9,0.29,0.27,-0.33,2.24,1.55
0.0,0.04,0.9,0.26,0.28,-0.35,0.17,2.77
-0.03,0.06,0.9,0.22,0.25,-0.34,-1.68,4.07
-0.06,0.07,0.91,0.18,0.24,-0.33,-3.63,4.47
-0.08,0.09,0.91,0.14,0.19,-0.3,-4.93,5.72
-0.09,0.1,0.91,0.08,0.18,-0.28,-5.3,6.17
-0.09,0.1,0.92,0.04,0.13,-0.23,-5.86,6.0
-0.1,0.1,0.92,-0.04,0.09,-0.2,-5.89,6.3
-0.11,0.11,0.92,-0.1,0.04,-0.16,-6.71,6.57
-0.1,0.11,0.93,-0.16,0.03,-0.13,-6.09,6.83
-0.09,0.12,0.96,-0.22,-0.02,-0.09,-5.45,7.07
-0.08,0.11,0.98,-0.26,-0.04,-0.05,-4.46,6.48
-0.07,0.1,1.01,-0.3,-0.11,0.01,-3.85,5.74
-0.06,0.09,1.02,-0.33,-0.13,0.03,-3.07,5.05
-0.04,0.08,1.04,-0.35,-0.16,0.07,-2.2,4.56
-0.03,0.08,1.04,-0.38,-0.16,0.09,-1.53,4.37
-0.01,0.08,1.04,-0.38,-0.19,0.11,-0.66,4.44
-0.0,0.07,1.04,-0.42,-0.18,0.14,-0.01,4.11
0.0,0.08,1.05,-0.44,-0.18,0.15,0.27,4.19
0.01,0.08,1.06,-0.44,-0.22,0.17,0.71,4.1
0.02,0.07,1.07,-0.42,-0.26,0.19,1.07,3.96
0.04,0.07,1.09,-0.43,-0.25,0.2,1.85,3.82
0.04,0.06,1.1,-0.44,-0.25,0.21,2.05,3.27
0.05,0.06,1.1,-0.4,-0.26,0.22,2.44,3.18
0.06,0.06,1.11,-0.39,-0.25,0.23,3.06,3.0
0.06,0.05,1.11,-0.39,-0.25,0.23,3.26,2.79
0.08,0.06,1.11,-0.36,-0.22,0.24,3.88,2.88
0.09,0.05,1.11,-0.33,-0.22,0.24,4.67,2.42
0.1,0.04,1.1,-0.33,-0.23,0.26,5.38,2.2
0.11,0.03,1.09,-0.28,-0.19,0.24,5.85,1.75
0.11,0.03,1.07,-0.23,-0.13,0.21,6.08,1.56
0.12,0.03,1.06,-0.21,-0.11,0.2,6.41,1.54
0.13,0.02,1.04,-0.16,-0.09,0.17,7.06,1.22
0.12,0.03,1.03,-0.13,-0.06,0.16,6.81,1.61
0.12,0.02,1.02,-0.1,-0.03,0.13,6.78,1.29
0.11,0.03,1.01,-0.12,0.01,0.11,6.43,1.58
0.11,0.04,1.01,-0.09,0.01,0.08,6.02,2.1
0.11,0.04,1.01,-0.07,0.0,0.06,6.04,2.4
0.1,0.04,1.02,-0.08,0.03,0.05,5.53,2.4
0.09,0.04,1.01,-0.07,0.03,0.05,5.06,2.4
0.09,0.04,1.01,-0.04,0.02,0.05,4.88,2.2
0.08,0.04,0.99,-0.03,0.0,0.05,4.83,2.48
0.07,0.05,0.98,-0.03,0.04,0.04,4.13,3.08
0.07,0.06,0.98,-0.04,0.02,0.05,4.26,3.46
0.08,0.06,0.98,-0.06,0.04,0.04,4.46,3.53
0.07,0.06,0.97,-0.05,0.02,0.04,4.13,3.38
0.06,0.05,0.97,-0.06,0.04,0.03,3.78,3.23
0.07,0.05,0.97,-0.08,0.06,0.03,3.87,3.18
0.07,0.05,0.98,-0.06,0.04,0.04,3.8,2.93
0.06,0.05,0.97,-0.06,0.02,0.04,3.54,2.91
0.06,0.06,0.96,-0.08,0.05,0.03,3.82,3.33
0.05,0.05,0.99,-0.09,0.05,0.04,3.11,2.7
0.05,0.05,0.97,-0.09,0.04,0.04,2.98,2.86
0.04,0.05,0.98,-0.08,0.04,0.03,2.51,2.95
0.05,0.05,0.98,-0.1,0.01,0.05,3.19,2.93
0.05,0.05,1.0,-0.12,0.04,0.04,3.03,2.99
0.06,0.05,1.01,-0.1,0.01,0.04,3.42,2.93
0.07,0.05,1.02,-0.09,-0.01,0.06,3.69,2.56
0.07,0.04,1.02,-0.08,-0.0,0.04,3.83,2.15
0.08,0.03,1.02,-0.07,0.0,0.04,4.39,1.63
0.09,0.03,1.02,-0.04,-0.0,0.04,4.81,1.6
0.09,0.02,1.0,0.05,0.14,-0.11,5.23,1.39
0.09,0.03,1.0,0.0,0.02,0.0,5.15,1.61
0.09,0.03,1.0,-0.0,0.04,-0.01,5.11,1.63
0.08,0.03,1.0,0.01,0.06,-0.03,4.55,1.8
0.07,0.04,0.99,0.09,0.21,-0.18,3.85,2.14
0.06,0.05,1.0,0.04,0.06,-0.06,3.39,2.67
0.05,0.04,1.01,0.02,0.09,-0.06,3.06,2.46
0.05,0.05,1.01,0.03,0.08,-0.06,2.8,2.7
0.04,0.05,1.01,0.1,0.23,-0.2,2.47,2.74
0.04,0.05,1.02,0.05,0.07,-0.04,2.42,2.73
0.04,0.04,1.01,0.05,0.1,-0.05,2.14,2.32
0.04,0.05,1.0,0.04,0.1,-0.04,2.14,2.59
0.04,0.05,1.0,0.03,0.1,-0.04,2.3,2.61
0.05,0.04,1.01,0.01,0.13,-0.07,2.64,2.15
0.06,0.03,1.02,-0.02,0.1,-0.04,3.12,1.66
0.07,0.02,1.04,-0.03,0.13,-0.04,3.6,0.9
0.09,-0.0,1.07,0.01,0.13,-0.05,4.6,-0.16
0.1,-0.01,1.08,0.02,0.14,-0.05,5.03,-0.7
0.1,-0.01,1.1,-0.0,0.17,-0.07,5.13,-0.47
0.1,0.0,1.11,0.01,0.16,-0.06,5.09,0.03
0.09,0.01,1.12,0.02,0.13,-0.06,4.76,0.62
0.09,0.03,1.13,0.01,0.07,-0.02,4.48,1.33
0.1,0.03,1.15,-0.01,0.01,0.01,4.82,1.59
0.12,0.03,1.18,-0.04,-0.04,0.05,5.97,1.39
0.15,0.01,1.2,-0.04,-0.03,0.09,7.26,0.36
0.17,-0.01,1.21,-0.04,-0.04,0.11,8.08,-0.45
0.18,-0.01,1.22,-0.04,-0.05,0.14,8.22,-0.48
0.18,-0.0,1.23,-0.05,-0.06,0.17,8.35,-0.04
0.18,0.01,1.24,-0.09,-0.04,0.22,8.38,0.53
0.2,0.01,1.25,-0.1,-0.06,0.28,9.03,0.37
0.23,-0.0,1.26,-0.14,-0.06,0.34,10.17,-0.12
0.28,-0.03,1.27,-0.2,-0.05,0.38,12.44,-1.5
0.3,-0.06,1.28,-0.24,-0.07,0.42,13.34,-2.64
0.33,-0.07,1.3,-0.24,-0.12,0.46,14.33,-3.09
0.34,-0.09,1.32,-0.27,-0.21,0.49,14.54,-3.78
0.34,-0.11,1.35,-0.32,-0.27,0.55,14.3,-4.33
0.35,-0.11,1.38,-0.35,-0.4,0.62,14.08,-4.4
0.34,-0.13,1.41,-0.39,-0.54,0.7,13.32,-4.97
0.32,-0.13,1.45,-0.43,-0.71,0.82,12.43,-5.14
0.29,-0.14,1.46,-0.5,-0.88,0.95,11.3,-5.27
0.29,-0.16,1.47,-0.56,-1.06,1.1,11.2,-6.05
0.32,-0.19,1.47,-0.64,-1.19,1.19,12.15,-7.21
0.37,-0.22,1.48,-0.73,-1.39,1.37,14.01,-8.24
0.46,-0.28,1.51,-0.79,-1.49,1.46,16.86,-9.9
0.58,-0.34,1.55,-0.8,-1.51,1.5,20.2,-11.53
0.68,-0.4,1.59,-0.75,-1.51,1.51,22.57,-12.9
0.8,-0.45,1.62,-0.68,-1.48,1.49,25.3,-14.01
0.9,-0.5,1.66,-0.58,-1.4,1.39,27.45,-14.83
0.96,-0.54,1.64,-0.42,-1.34,1.26,29.18,-15.96
1.02,-0.56,1.61,-0.23,-1.28,1.1,30.88,-16.39
1.04,-0.56,1.6,-0.08,-1.23,0.89,31.43,-16.42
1.04,-0.56,1.6,0.06,-1.17,0.67,31.5,-16.42
1.0,-0.55,1.62,0.15,-1.16,0.47,30.45,-16.05
0.94,-0.52,1.63,0.2,-1.18,0.28,28.79,-15.47
0.85,-0.48,1.65,0.23,-1.28,0.12,26.37,-14.39
0.77,-0.44,1.71,0.24,-1.37,-0.01,23.49,-13.14
0.65,-0.39,1.74,0.26,-1.51,-0.09,20.02,-11.96
0.53,-0.36,1.77,0.29,-1.69,-0.12,16.34,-11.0
0.42,-0.32,1.78,0.29,-1.88,-0.12,13.12,-9.83
0.34,-0.29,1.8,0.26,-2.03,-0.11,10.6,-8.9
0.29,-0.25,1.8,0.23,-2.15,-0.08,9.0,-7.9
0.26,-0.22,1.82,0.19,-2.28,-0.04,7.92,-6.81
0.22,-0.2,1.83,0.17,-2.4,-0.02,6.77,-6.16
0.18,-0.17,1.83,0.14,-2.47,0.0,5.57,-5.37
0.13,-0.14,1.85,0.1,-2.52,0.0,4.0,-4.33
0.07,-0.11,1.85,0.09,-2.56,0.03,2.17,-3.28
0.02,-0.07,1.86,0.08,-2.58,0.05,0.69,-2.21
-0.03,-0.04,1.86,0.08,-2.58,0.08,-0.81,-1.31
-0.09,-0.01,1.84,0.03,-2.55,0.13,-2.69,-0.17
-0.12,0.02,1.84,0.03,-2.55,0.17,-3.87,0.71
-0.14,0.05,1.84,0.01,-2.54,0.21,-4.5,1.69
-0.15,0.07,1.83,0.02,-2.49,0.24,-4.58,2.3
-0.14,0.08,1.82,0.03,-2.45,0.27,-4.52,2.37
-0.14,0.07,1.8,0.05,-2.38,0.29,-4.36,2.08
-0.14,0.06,1.76,0.07,-2.34,0.28,-4.59,2.04
-0.15,0.07,1.74,0.08,-2.3,0.27,-5.0,2.38
-0.17,0.09,1.73,0.06,-2.28,0.26,-5.56,3.11
-0.17,0.13,1.74,0.05,-2.31,0.25,-5.59,4.16
-0.17,0.13,1.73,0.07,-2.35,0.25,-5.5,4.33
-0.17,0.12,1.74,0.09,-2.42,0.24,-5.5,3.93
-0.16,0.1,1.72,0.14,-2.48,0.21,-5.28,3.48
-0.14,0.11,1.68,0.17,-2.56,0.19,-4.63,3.6
-0.13,0.1,1.65,0.24,-2.67,0.14,-4.49,3.61
-0.14,0.12,1.61,0.28,-2.71,0.08,-4.92,4.15
-0.16,0.14,1.55,0.31,-2.73,-0.0,-6.03,5.26
-0.22,0.17,1.49,0.33,-2.74,-0.07,-8.32,6.58
-0.3,0.22,1.42,0.34,-2.71,-0.14,-11.74,8.48
-0.38,0.26,1.37,0.32,-2.69,-0.16,-15.1,10.25
-0.43,0.29,1.33,0.3,-2.62,-0.19,-17.39,11.75
-0.47,0.32,1.29,0.28,-2.53,-0.19,-19.71,13.05
-0.53,0.35,1.23,0.25,-2.49,-0.19,-22.64,14.45
-0.58,0.37,1.16,0.22,-2.43,-0.16,-25.25,16.07
-0.6,0.38,1.1,0.18,-2.37,-0.15,-27.16,16.69
-0.6,0.39,1.06,0.13,-2.27,-0.13,-27.91,17.61
-0.58,0.39,1.02,0.06,-2.16,-0.13,-28.03,18.21
-0.58,0.4,0.98,0.03,-2.08,-0.13,-28.74,19.15
-0.59,0.42,0.98,-0.03,-2.06,-0.13,-28.95,20.22
-0.59,0.45,0.96,-0.11,-2.05,-0.12,-29.29,21.63
-0.63,0.48,0.97,-0.15,-2.12,-0.09,-30.09,22.44
-0.66,0.51,0.98,-0.18,-2.26,-0.05,-30.9,23.37
-0.69,0.54,1.03,-0.19,-2.42,0.04,-30.97,23.45
-0.69,0.53,1.04,-0.16,-2.57,0.15,-30.64,22.94
-0.67,0.49,1.06,-0.12,-2.72,0.26,-29.81,21.51
-0.61,0.44,1.04,-0.06,-2.83,0.34,-28.37,20.15
-0.54,0.4,1.01,0.04,-2.9,0.36,-26.56,19.23
-0.47,0.37,0.98,0.08,-2.88,0.34,-24.22,18.54
-0.4,0.34,0.98,0.12,-2.86,0.29,-21.09,17.93
-0.35,0.32,0.96,0.18,-2.79,0.2,-19.1,17.3
-0.33,0.32,0.94,0.24,-2.69,0.09,-18.37,17.57
-0.34,0.31,0.9,0.27,-2.57,-0.0,-19.57,17.88
-0.36,0.32,0.87,0.34,-2.49,-0.09,-21.01,18.79
-0.38,0.34,0.84,0.4,-2.39,-0.17,-22.85,20.0
-0.4,0.34,0.8,0.44,-2.35,-0.21,-24.82,20.84
-0.43,0.34,0.75,0.49,-2.26,-0.24,-27.31,21.22
-0.42,0.33,0.71,0.55,-2.17,-0.27,-28.39,21.55
-0.42,0.31,0.67,0.58,-2.08,-0.29,-29.53,21.5
-0.4,0.29,0.62,0.62,-1.98,-0.33,-29.91,21.4
-0.37,0.27,0.58,0.64,-1.83,-0.37,-30.17,21.48
-0.34,0.25,0.52,0.63,-1.66,-0.4,-30.42,22.11
-0.32,0.24,0.46,0.64,-1.54,-0.44,-31.98,22.59
-0.31,0.22,0.43,0.6,-1.42,-0.46,-33.0,22.9
-0.3,0.2,0.4,0.55,-1.28,-0.49,-33.96,22.14
-0.27,0.19,0.36,0.5,-1.19,-0.5,-33.73,22.72
-0.26,0.18,0.36,0.44,-1.09,-0.53,-32.64,22.38
-0.23,0.17,0.35,0.38,-1.03,-0.53,-30.56,22.28
-0.21,0.17,0.34,0.34,-0.95,-0.56,-29.57,22.39
-0.19,0.17,0.35,0.26,-0.92,-0.57,-26.74,22.91
-0.19,0.18,0.36,0.21,-0.93,-0.59,-24.99,23.77
-0.18,0.2,0.38,0.16,-0.95,-0.59,-22.94,25.12
-0.17,0.2,0.4,0.14,-0.93,-0.6,-21.55,24.65
-0.18,0.2,0.42,0.14,-0.93,-0.59,-21.37,23.52
-0.19,0.2,0.43,0.14,-0.95,-0.57,-21.91,22.73
-0.19,0.2,0.44,0.18,-0.98,-0.54,-21.68,22.84
-0.18,0.2,0.43,0.23,-0.98,-0.51,-21.18,23.46
-0.16,0.21,0.41,0.27,-0.96,-0.49,-19.45,25.23
-0.14,0.2,0.39,0.29,-0.95,-0.46,-18.18,26.06
-0.13,0.2,0.37,0.33,-0.93,-0.43,-17.42,26.67
-0.12,0.19,0.34,0.33,-0.92,-0.4,-16.89,27.93
-0.11,0.19,0.32,0.34,-0.88,-0.37,-16.53,28.85
-0.09,0.19,0.3,0.33,-0.87,-0.32,-14.68,30.57
-0.07,0.18,0.28,0.32,-0.85,-0.28,-12.14,31.42
-0.07,0.18,0.28,0.3,-0.86,-0.23,-11.14,31.24
-0.04,0.17,0.28,0.29,-0.82,-0.19,-6.9,31.2
-0.03,0.17,0.28,0.26,-0.82,-0.15,-4.96,30.34
-0.01,0.16,0.29,0.24,-0.76,-0.12,-1.71,28.65
0.0,0.15,0.28,0.22,-0.72,-0.08,0.64,27.35
0.02,0.14,0.28,0.19,-0.66,-0.06,4.13,26.7
0.04,0.12,0.29,0.16,-0.59,-0.03,6.9,22.5
0.06,0.12,0.3,0.15,-0.51,-0.0,9.76,20.51
0.07,0.11,0.31,0.13,-0.43,0.03,11.38,19.17
0.07,0.11,0.34,0.08,-0.34,0.03,10.49,17.13
0.07,0.11,0.35,0.04,-0.31,0.05,11.14,17.71
0.08,0.13,0.38,0.01,-0.36,0.07,11.07,18.4
0.06,0.18,0.41,-0.05,-0.43,0.11,7.54,22.84
0.03,0.22,0.44,-0.08,-0.57,0.17,3.44,26.72
0.01,0.22,0.47,-0.11,-0.69,0.28,0.72,25.53
-0.0,0.2,0.49,-0.08,-0.82,0.41,-0.27,22.1
0.0,0.15,0.54,-0.08,-0.94,0.52,0.39,15.67
0.03,0.11,0.58,-0.08,-1.01,0.59,2.57,10.47
0.08,0.07,0.64,-0.06,-1.07,0.63,6.72,6.19
0.13,0.03,0.68,-0.03,-1.08,0.65,10.55,2.7
0.17,0.0,0.7,0.05,-0.98,0.52,14.03,0.15
0.21,-0.01,0.73,0.04,-0.98,0.57,15.89,-1.11
0.23,-0.02,0.74,0.09,-0.86,0.48,17.41,-1.64
0.24,-0.03,0.76,0.12,-0.73,0.41,17.24,-1.93
0.24,-0.02,0.78,0.16,-0.58,0.31,16.79,-1.69
0.22,-0.03,0.79,0.2,-0.44,0.23,15.45,-1.78
0.19,-0.02,0.8,0.23,-0.29,0.14,13.32,-1.64
0.16,-0.01,0.78,0.28,-0.18,0.08,11.56,-0.69
0.14,0.0,0.77,0.33,-0.09,0.04,10.37,0.36
0.12,0.01,0.75,0.38,-0.0,0.02,9.1,0.97
0.11,0.02,0.73,0.42,0.13,-0.0,8.74,1.22
0.11,0.01,0.71,0.47,0.18,-0.01,8.7,1.09
0.11,0.02,0.68,0.48,0.23,-0.02,8.76,1.89
0.11,0.04,0.66,0.49,0.21,0.0,9.18,3.75
0.11,0.07,0.65,0.48,0.22,0.03,9.13,5.78
0.1,0.07,0.65,0.43,0.2,0.09,8.94,5.92
0.1,0.07,0.65,0.43,0.13,0.15,8.81,6.36
0.12,0.07,0.68,0.4,0.06,0.23,9.93,5.61
0.14,0.05,0.71,0.38,0.04,0.27,10.89,4.19
0.16,0.03,0.74,0.38,-0.02,0.33,12.11,2.6
0.18,0.02,0.77,0.39,-0.08,0.34,12.95,1.29
0.21,0.01,0.79,0.35,-0.23,0.44,14.7,0.61
0.22,-0.0,0.8,0.39,-0.17,0.37,15.64,-0.15
0.25,-0.02,0.81,0.41,-0.16,0.34,16.83,-1.44
0.26,-0.03,0.81,0.41,-0.15,0.32,17.89,-2.04
0.27,-0.04,0.82,0.4,-0.13,0.29,18.2,-2.62
0.26,-0.05,0.82,0.38,-0.08,0.23,17.8,-3.47
0.26,-0.07,0.8,0.37,-0.04,0.19,17.65,-4.63
0.25,-0.07,0.79,0.34,-0.01,0.15,17.58,-4.5
0.24,-0.05,0.78,0.31,0.0,0.12,17.32,-3.8
0.24,-0.05,0.78,0.27,0.04,0.07,16.96,-3.27
0.23,-0.03,0.76,0.24,0.07,0.06,17.02,-2.08
0.21,-0.02,0.75,0.18,0.1,0.04,15.63,-1.45
0.2,-0.02,0.74,0.14,0.09,0.04,14.76,-1.39
0.17,-0.0,0.73,0.08,0.08,0.02,13.21,-0.2
0.16,0.02,0.73,0.01,0.04,0.03,11.98,1.77
0.12,0.04,0.74,-0.05,-0.04,0.06,9.27,3.39
0.1,0.06,0.76,-0.1,-0.12,0.1,7.32,4.57
0.08,0.07,0.78,-0.14,-0.19,0.16,6.19,4.93
0.08,0.06,0.83,-0.21,-0.23,0.2,5.63,4.07
0.09,0.07,0.87,-0.23,-0.32,0.25,5.92,4.43
0.1,0.05,0.91,-0.23,-0.38,0.27,6.14,3.23
0.1,0.06,0.95,-0.23,-0.39,0.28,6.01,3.51
0.1,0.04,0.97,-0.2,-0.38,0.25,5.76,2.48
0.08,0.05,1.0,-0.21,-0.36,0.26,4.32,2.63
0.09,0.04,1.02,-0.15,-0.33,0.22,4.9,2.1
0.08,0.05,1.02,-0.1,-0.3,0.22,4.5,2.82
0.07,0.06,1.03,-0.07,-0.21,0.19,4.05,3.16
0.06,0.05,1.03,-0.03,-0.17,0.18,3.51,2.74
0.06,0.05,1.01,0.03,-0.12,0.16,3.36,2.77
0.05,0.05,1.0,0.08,-0.07,0.14,2.79,2.98
0.05,0.05,0.98,0.12,-0.02,0.13,2.99,2.88
0.06,0.04,0.97,0.12,0.05,0.11,3.79,2.57
0.07,0.05,0.94,0.15,0.07,0.1,4.12,3.09
0.07,0.06,0.92,0.15,0.08,0.11,4.63,3.5
0.08,0.06,0.91,0.17,0.12,0.1,4.95,3.75
0.09,0.07,0.89,0.15,0.13,0.11,5.63,4.19
0.09,0.06,0.88,0.15,0.12,0.11,5.52,3.7
0.08,0.05,0.86,0.13,0.08,0.13,5.46,3.28
0.09,0.05,0.86,0.1,0.04,0.14,5.77,3.35
0.09,0.06,0.85,0.06,-0.02,0.17,5.88,3.98
0.09,0.06,0.86,0.01,-0.1,0.21,6.17,4.11
0.1,0.05,0.86,-0.02,-0.14,0.23,6.84,3.47
0.11,0.04,0.88,-0.06,-0.22,0.25,7.19,2.54
0.12,0.03,0.9,-0.11,-0.25,0.26,7.67,1.92
0.13,0.03,0.92,-0.14,-0.28,0.26,7.96,1.55
0.12,0.02,0.95,-0.14,-0.3,0.26,7.33,1.41
0.12,0.02,0.96,-0.15,-0.3,0.23,7.15,1.22
0.12,0.02,0.97,-0.17,-0.26,0.21,6.8,0.98
0.1,0.02,0.97,-0.15,-0.23,0.2,5.88,1.12
0.08,0.02,0.96,-0.12,-0.14,0.09,4.9,1.33
0.07,0.02,0.96,-0.15,-0.15,0.16,4.36,1.33
0.06,0.03,0.95,-0.12,-0.1,0.15,3.75,1.58
0.06,0.04,0.95,-0.13,-0.03,0.14,3.83,2.14
0.06,0.05,0.95,-0.1,-0.0,0.13,3.71,2.81
0.07,0.05,0.95,-0.08,0.02,0.14,4.19,2.92
0.07,0.05,0.96,-0.08,0.07,0.14,4.0,3.1
0.07,0.05,0.95,-0.07,0.07,0.15,3.98,2.77
0.07,0.05,0.95,-0.05,0.05,0.15,4.26,2.83
0.08,0.05,0.96,-0.02,0.03,0.16,4.49,3.09
0.08,0.04,0.95,-0.02,0.06,0.16,5.04,2.37
0.09,0.02,0.94,-0.01,0.03,0.16,5.34,1.28
0.1,0.01,0.93,-0.02,0.05,0.17,6.11,0.6
0.11,-0.0,0.91,-0.01,0.04,0.16,6.91,-0.11
0.11,-0.01,0.91,-0.02,0.08,0.14,7.08,-0.57
0.13,-0.01,0.89,-0.03,0.09,0.13,8.02,-0.44
0.13,-0.0,0.89,-0.07,0.09,0.12,7.99,-0.31
0.12,-0.0,0.89,-0.08,0.08,0.11,7.54,-0.2
0.11,-0.01,0.88,-0.12,0.09,0.11,6.86,-0.34
0.09,0.0,0.89,-0.16,0.09,0.11,5.88,0.06
0.08,0.01,0.9,-0.18,0.05,0.13,5.38,0.89
0.08,0.02,0.92,-0.21,0.03,0.13,4.79,1.09
0.06,0.01,0.94,-0.21,0.03,0.13,3.75,0.89
0.06,0.01,0.97,-0.21,0.03,0.14,3.35,0.72
0.05,0.01,1.0,-0.21,0.01,0.14,2.92,0.55
0.05,0.02,1.02,-0.18,0.01,0.15,2.87,1.21
0.06,0.01,1.04,-0.15,0.02,0.15,3.53,0.74
0.07,0.01,1.04,-0.12,0.03,0.16,3.66,0.75
0.07,0.02,1.05,-0.08,0.02,0.15,3.91,0.94
0.09,0.0,1.03,-0.06,0.04,0.12,5.06,0.14
0.1,-0.01,1.03,-0.02,0.01,0.12,5.76,-0.49
0.1,-0.01,1.0,0.01,0.02,0.09,5.92,-0.85
0.1,-0.02,0.99,0.03,0.05,0.06,5.77,-1.2
0.1,-0.01,0.96,0.05,0.05,0.04,5.86,-0.84
0.09,-0.01,0.94,0.05,0.06,0.02,5.7,-0.76
0.09,0.01,0.9,0.04,0.1,0.01,5.97,0.41
0.08,0.01,0.89,0.03,0.09,0.02,5.31,0.69
0.08,0.02,0.89,0.01,0.09,0.02,5.32,1.46
0.07,0.02,0.88,0.0,0.08,0.02,4.75,1.49
0.07,0.02,0.88,-0.03,0.12,0.03,4.6,1.3
0.07,0.03,0.89,-0.05,0.12,0.04,4.25,1.63
0.07,0.02,0.88,-0.04,0.1,0.04,4.75,1.54
0.08,0.03,0.89,-0.06,0.12,0.05,4.84,1.71
0.08,0.03,0.91,-0.07,0.13,0.06,5.02,1.83
0.09,0.03,0.91,-0.08,0.13,0.07,5.65,1.99
0.09,0.02,0.92,-0.05,0.13,0.06,5.87,1.55
0.09,0.02,0.92,-0.04,0.12,0.05,5.67,1.19
0.1,0.01,0.92,-0.05,0.14,0.04,5.92,0.71
0.1,0.02,0.91,-0.03,0.16,0.04,6.05,1.05
0.1,0.02,0.91,-0.01,0.17,0.03,6.59,1.38
0.11,0.02,0.89,0.01,0.18,0.03,7.08,1.34
0.11,0.02,0.88,0.0,0.22,0.02,6.96,1.4
0.11,0.02,0.86,0.02,0.23,0.02,7.36,1.15
0.11,0.02,0.85,0.01,0.28,0.01,7.02,1.32
0.11,0.03,0.84,0.03,0.28,0.02,7.47,2.03
0.12,0.03,0.82,0.01,0.32,0.03,8.56,2.26
0.12,0.03,0.82,0.0,0.38,0.05,8.22,1.9
0.12,0.02,0.82,-0.01,0.45,0.07,8.03,1.65
0.11,0.03,0.82,0.01,0.54,0.08,7.83,1.8
0.14,0.03,0.83,0.03,0.6,0.08,9.32,2.19
0.15,0.03,0.82,0.03,0.66,0.07,10.71,2.37
0.16,0.04,0.82,0.04,0.72,0.06,11.18,2.67
0.16,0.04,0.81,0.05,0.79,0.05,11.13,2.51
0.16,0.04,0.8,0.1,0.83,0.04,11.12,2.68
0.14,0.05,0.79,0.09,0.93,0.03,10.02,3.59
0.15,0.06,0.78,0.13,0.93,0.04,10.68,4.6
0.15,0.09,0.78,0.17,0.92,0.03,10.91,6.18
0.14,0.09,0.77,0.19,0.94,0.04,10.26,6.89
0.13,0.08,0.76,0.2,0.99,0.05,9.64,5.55
0.13,0.06,0.75,0.23,0.98,0.07,9.78,4.43
0.12,0.05,0.74,0.29,0.95,0.09,9.42,3.53
0.13,0.02,0.72,0.31,0.94,0.1,10.13,1.88
0.13,0.02,0.69,0.32,0.93,0.1,10.47,1.37
0.13,0.01,0.66,0.32,0.93,0.1,11.04,0.93
0.12,0.0,0.63,0.3,0.92,0.1,10.92,0.19
0.11,0.0,0.61,0.27,0.95,0.11,10.59,0.12
0.11,0.03,0.58,0.24,0.99,0.13,10.95,2.7
0.1,0.04,0.56,0.17,1.07,0.14,10.42,4.08
0.08,0.06,0.52,0.19,1.28,0.04,8.21,6.53
0.08,0.05,0.52,0.05,1.17,0.27,8.51,5.85
0.08,0.05,0.56,-0.01,1.26,0.31,8.33,5.12
0.09,0.07,0.59,-0.06,1.33,0.36,8.65,6.66
0.11,0.08,0.6,-0.11,1.41,0.38,9.93,7.05
0.09,0.08,0.61,-0.13,1.48,0.41,8.25,7.27
0.11,0.07,0.63,-0.17,1.59,0.41,9.76,6.06
0.14,0.08,0.65,-0.17,1.66,0.41,11.69,6.55
0.13,0.08,0.7,-0.16,1.69,0.39,10.59,6.13
0.14,0.07,0.68,-0.13,1.7,0.37,11.54,5.58
0.15,0.06,0.7,-0.12,1.74,0.35,11.85,4.65
0.16,0.04,0.69,-0.13,1.78,0.31,12.9,3.02
0.15,0.03,0.69,-0.12,1.81,0.26,12.27,2.4
0.13,0.03,0.69,-0.12,1.87,0.23,10.96,2.56
0.13,0.03,0.67,-0.17,1.99,0.22,10.67,2.75
0.14,0.04,0.68,-0.18,2.01,0.19,11.76,3.44
0.13,0.05,0.69,-0.13,2.02,0.14,10.86,4.14
0.11,0.07,0.67,-0.03,2.43,-0.1,9.21,6.03
0.09,0.08,0.65,-0.11,2.04,0.08,7.65,6.57
0.06,0.08,0.63,-0.09,2.12,0.05,5.75,7.21
0.06,0.08,0.61,-0.13,2.12,0.05,5.78,7.41
0.05,0.08,0.57,-0.12,2.09,0.01,4.83,7.79
0.04,0.07,0.53,-0.09,1.98,0.01,4.2,7.41
0.03,0.07,0.5,-0.14,2.01,-0.01,3.2,8.07
0.01,0.07,0.49,-0.15,1.96,-0.02,1.69,8.22
-0.0,0.08,0.48,-0.21,1.96,-0.04,-0.26,9.6
-0.04,0.08,0.49,-0.29,1.92,-0.02,-5.18,9.03
-0.02,0.06,0.45,-0.41,1.97,-0.01,-2.39,8.24
0.0,0.09,0.39,-0.54,2.01,-0.01,0.15,12.53
-0.0,0.1,0.42,-0.67,2.07,-0.04,-0.35,13.25
-0.01,0.09,0.49,-0.78,2.11,-0.05,-0.58,10.78
-0.01,0.09,0.57,-0.88,2.15,-0.09,-1.43,8.53
-0.03,0.07,0.66,-0.9,2.12,-0.1,-2.64,5.91
-0.04,0.05,0.74,-0.9,2.11,-0.12,-2.98,4.06
-0.06,0.05,0.81,-0.84,2.05,-0.14,-4.43,3.62
-0.08,0.08,0.84,-0.79,1.97,-0.16,-5.26,5.39
-0.08,0.11,0.84,-0.73,1.89,-0.16,-5.12,7.39
-0.07,0.13,0.84,-0.67,1.82,-0.16,-4.83,8.72
-0.07,0.14,0.85,-0.62,1.76,-0.15,-4.64,9.16
-0.07,0.14,0.85,-0.59,1.75,-0.16,-4.87,9.29
-0.08,0.14,0.86,-0.56,1.74,-0.14,-5.21,9.07
-0.1,0.13,0.83,-0.52,1.73,-0.13,-6.59,8.82
-0.1,0.11,0.84,-0.48,1.72,-0.11,-6.78,7.1
-0.11,0.08,0.83,-0.47,1.75,-0.1,-7.51,5.64
-0.11,0.06,0.8,-0.47,1.7,-0.1,-8.05,3.98
-0.11,0.06,0.8,-0.48,1.71,-0.1,-8.01,4.32
-0.11,0.08,0.8,-0.47,1.72,-0.11,-7.71,5.55
-0.12,0.08,0.8,-0.5,1.74,-0.12,-8.6,5.38
-0.14,0.07,0.83,-0.5,1.78,-0.12,-9.74,4.46
-0.17,0.06,0.84,-0.48,1.75,-0.11,-11.64,4.03
-0.2,0.06,0.85,-0.45,1.72,-0.1,-13.25,3.8
-0.18,0.09,0.85,-0.44,1.7,-0.08,-11.98,6.17
-0.18,0.12,0.88,-0.46,1.75,-0.08,-11.17,7.5
-0.21,0.1,0.86,-0.44,1.71,-0.06,-13.7,6.71
-0.22,0.1,0.87,-0.45,1.65,-0.03,-14.4,6.47
-0.2,0.11,0.86,-0.45,1.52,-0.01,-13.21,6.94
-0.2,0.14,0.86,-0.48,1.44,0.01,-12.65,8.77
-0.22,0.13,0.89,-0.49,1.4,0.04,-13.83,8.08
-0.26,0.13,0.91,-0.5,1.38,0.08,-15.59,7.96
-0.28,0.13,0.94,-0.52,1.39,0.14,-16.66,7.64
-0.32,0.12,0.96,-0.53,1.41,0.19,-18.03,6.76
-0.31,0.11,0.97,-0.55,1.41,0.28,-17.81,6.2
-0.28,0.1,0.98,-0.55,1.39,0.32,-15.89,5.85
-0.26,0.12,0.98,-0.56,1.38,0.38,-14.53,6.47
-0.21,0.12,1.0,-0.54,1.33,0.42,-11.56,6.6
-0.18,0.11,1.04,-0.55,1.3,0.45,-9.57,5.98
-0.13,0.1,1.03,-0.49,1.24,0.45,-6.99,5.67
-0.12,0.06,1.03,-0.46,1.19,0.45,-6.75,3.39
-0.12,0.02,1.01,-0.42,1.19,0.4,-6.99,1.34
-0.11,0.01,1.0,-0.4,1.19,0.37,-6.22,0.48
-0.11,0.0,1.04,-0.37,1.27,0.3,-6.03,0.2
-0.07,0.03,1.02,-0.34,1.35,0.27,-3.96,1.42
-0.08,0.03,1.03,-0.31,1.47,0.23,-4.57,1.59
-0.09,0.05,1.0,-0.28,1.52,0.21,-5.42,2.7
-0.08,0.03,1.0,-0.25,1.54,0.18,-4.5,1.69
-0.07,0.02,1.01,-0.2,1.52,0.15,-4.08,1.11
-0.06,0.02,1.0,-0.18,1.55,0.12,-3.62,1.38
-0.05,0.05,0.98,-0.18,1.58,0.07,-3.03,2.69
-0.02,0.07,0.94,-0.13,1.56,0.04,-0.93,4.45
-0.03,0.07,0.89,-0.1,1.62,-0.09,-1.96,4.78
-0.05,0.07,0.89,-0.15,1.53,-0.05,-3.36,4.78
-0.07,0.09,0.88,-0.19,1.58,-0.08,-4.68,5.86
-0.13,0.09,0.87,-0.23,1.54,-0.1,-8.29,5.98
-0.15,0.11,0.87,-0.24,1.44,-0.12,-9.66,6.9
-0.17,0.12,0.86,-0.24,1.47,-0.28,-11.25,7.69
-0.21,0.11,0.91,-0.36,1.34,-0.13,-12.84,7.01
-0.24,0.1,0.95,-0.38,1.36,-0.12,-14.12,6.04
-0.27,0.1,0.99,-0.35,1.57,-0.28,-15.37,5.66
-0.29,0.1,1.0,-0.4,1.42,-0.1,-16.42,5.64
-0.28,0.11,1.01,-0.41,1.52,-0.09,-15.14,5.96
-0.25,0.11,1.06,-0.41,1.63,-0.09,-13.4,5.97
-0.24,0.1,1.08,-0.35,1.75,-0.12,-12.25,5.4
-0.22,0.08,1.12,-0.28,1.91,-0.12,-11.17,4.04
-0.2,0.07,1.11,-0.22,2.07,-0.13,-10.17,3.69
-0.19,0.07,1.08,-0.15,2.18,-0.14,-10.1,3.45
-0.18,0.08,1.01,-0.12,2.21,-0.16,-10.12,4.37
-0.17,0.07,0.94,-0.15,2.23,-0.18,-10.23,4.05
-0.16,0.05,0.92,-0.22,2.28,-0.22,-9.74,3.35
-0.14,0.06,0.92,-0.28,2.23,-0.24,-8.51,3.45
-0.11,0.06,0.91,-0.35,2.13,-0.29,-7.02,4.06
-0.09,0.07,0.93,-0.41,2.02,-0.31,-5.73,4.26
-0.07,0.06,0.95,-0.47,1.95,-0.35,-4.48,3.33
-0.07,0.06,0.95,-0.54,1.82,-0.39,-4.11,3.79
-0.06,0.08,0.97,-0.58,1.67,-0.42,-3.44,4.51
-0.05,0.09,1.0,-0.61,1.59,-0.45,-2.62,4.97
-0.08,0.1,1.04,-0.63,1.48,-0.49,-4.25,5.47
-0.13,0.1,1.08,-0.65,1.41,-0.52,-6.68,5.16
-0.18,0.11,1.14,-0.66,1.36,-0.5,-8.8,5.21
-0.19,0.1,1.15,-0.65,1.33,-0.49,-9.38,5.04
-0.2,0.09,1.15,-0.65,1.31,-0.48,-9.89,4.23
-0.22,0.09,1.14,-0.69,1.31,-0.47,-10.94,4.29
-0.24,0.08,1.12,-0.7,1.28,-0.45,-12.09,4.0
-0.27,0.1,1.13,-0.75,1.26,-0.44,-13.19,5.15
-0.29,0.12,1.15,-0.8,1.28,-0.43,-14.32,5.69
-0.31,0.11,1.17,-0.85,1.27,-0.39,-14.73,5.29
-0.31,0.12,1.21,-0.94,1.29,-0.35,-14.14,5.65
-0.27,0.12,1.25,-0.98,1.29,-0.31,-12.23,5.13
-0.2,0.1,1.29,-1.03,1.33,-0.27,-8.65,4.32
-0.12,0.08,1.34,-1.05,1.42,-0.25,-5.26,3.37
-0.03,0.08,1.39,-1.04,1.51,-0.23,-1.26,3.23
0.04,0.08,1.45,-0.95,1.61,-0.23,1.54,3.09
0.12,0.07,1.5,-0.87,1.73,-0.24,4.47,2.51
0.19,0.07,1.54,-0.73,1.87,-0.24,6.95,2.64
0.26,0.06,1.56,-0.58,1.98,-0.25,9.41,2.07
0.3,0.04,1.54,-0.41,2.06,-0.27,10.97,1.33
0.31,-0.0,1.5,-0.22,2.08,-0.29,11.82,-0.06
0.31,-0.02,1.45,-0.1,2.15,-0.35,12.02,-0.89
0.3,-0.04,1.38,0.02,2.15,-0.41,12.11,-1.42
0.28,-0.04,1.33,0.11,2.15,-0.48,11.79,-1.87
0.23,-0.04,1.28,0.16,2.1,-0.54,10.34,-1.73
0.2,-0.04,1.26,0.18,2.05,-0.6,8.9,-1.93
0.14,-0.03,1.25,0.15,2.0,-0.65,6.58,-1.58
0.1,-0.02,1.26,0.13,1.92,-0.7,4.55,-0.87
0.07,0.01,1.3,0.08,1.84,-0.7,2.9,0.46
0.04,0.06,1.37,0.05,1.77,-0.7,1.49,2.37
0.04,0.08,1.46,0.01,1.75,-0.67,1.49,3.14
0.05,0.09,1.54,0.01,1.76,-0.6,2.03,3.34
0.08,0.09,1.61,0.04,1.8,-0.52,2.72,3.03
0.11,0.08,1.64,0.11,1.9,-0.44,3.7,2.65
0.14,0.08,1.63,0.17,1.99,-0.35,4.74,2.8
0.17,0.09,1.59,0.23,2.05,-0.28,6.02,3.04
0.21,0.07,1.54,0.28,2.09,-0.21,7.74,2.46
0.27,0.04,1.49,0.32,2.12,-0.19,10.12,1.54
0.32,0.0,1.45,0.37,2.1,-0.16,12.63,0.09
0.37,-0.02,1.4,0.43,2.05,-0.19,14.73,-0.94
0.38,-0.04,1.37,0.49,1.98,-0.21,15.66,-1.45
0.4,-0.05,1.34,0.55,1.91,-0.25,16.5,-1.86
0.4,-0.05,1.31,0.61,1.86,-0.28,16.88,-1.94
0.4,-0.05,1.28,0.65,1.77,-0.31,17.2,-1.95
0.38,-0.06,1.24,0.78,1.87,-0.52,17.08,-2.55
0.34,-0.06,1.21,0.75,1.59,-0.43,15.74,-2.85
0.27,-0.05,1.18,0.74,1.52,-0.49,12.95,-2.24
0.17,-0.02,1.17,0.7,1.41,-0.52,8.48,-0.79
0.11,0.01,1.15,0.65,1.31,-0.55,5.71,0.62
0.04,0.04,1.13,0.54,1.21,-0.56,1.99,2.14
-0.02,0.06,1.13,0.39,1.14,-0.56,-0.97,3.09
-0.08,0.09,1.16,0.21,1.05,-0.54,-3.73,4.63
-0.11,0.12,1.2,0.02,0.97,-0.5,-5.32,5.89
-0.12,0.15,1.27,-0.18,0.87,-0.44,-5.21,6.9
-0.09,0.17,1.34,-0.37,0.79,-0.34,-3.98,7.41
-0.04,0.18,1.41,-0.51,0.71,-0.21,-1.77,7.11
0.06,0.14,1.47,-0.61,0.64,-0.09,2.3,5.53
0.17,0.1,1.49,-0.66,0.59,0.03,6.58,3.68
0.27,0.06,1.48,-0.67,0.61,0.11,10.29,2.22
0.35,0.04,1.45,-0.63,0.6,0.18,13.74,1.35
0.41,0.02,1.4,-0.57,0.66,0.19,16.42,0.6
0.45,-0.02,1.37,-0.48,0.69,0.2,18.37,-0.75
0.49,-0.04,1.32,-0.4,0.76,0.18,20.51,-1.68
0.51,-0.06,1.29,-0.34,0.83,0.14,21.67,-2.56
0.52,-0.06,1.25,-0.22,0.84,0.1,22.58,-2.71
0.51,-0.07,1.23,-0.13,0.85,0.04,22.45,-3.12
0.48,-0.08,1.22,-0.05,0.89,-0.03,21.39,-3.6
0.41,-0.06,1.21,0.02,0.89,-0.1,18.85,-2.56
0.35,-0.03,1.22,0.06,0.85,-0.13,15.93,-1.54
0.27,-0.01,1.22,0.05,0.82,-0.13,12.45,-0.65
0.21,-0.0,1.23,0.04,0.77,-0.13,9.66,-0.22
0.16,-0.01,1.23,-0.03,0.77,-0.11,7.51,-0.32
0.14,0.0,1.23,-0.1,0.73,-0.07,6.28,0.11
0.13,0.01,1.24,-0.17,0.72,-0.04,5.94,0.31
0.14,0.01,1.25,-0.27,0.72,-0.01,6.25,0.61
0.15,0.02,1.27,-0.38,0.73,0.03,6.61,0.8
0.18,0.0,1.31,-0.47,0.69,0.1,7.68,0.04
0.23,-0.04,1.34,-0.52,0.66,0.17,9.86,-1.49
0.31,-0.08,1.36,-0.56,0.64,0.23,12.71,-3.34
0.38,-0.12,1.37,-0.58,0.68,0.22,15.48,-4.77
0.45,-0.15,1.36,-0.58,0.59,0.34,18.0,-5.86
0.5,-0.18,1.33,-0.56,0.54,0.41,20.43,-7.31
0.53,-0.22,1.28,-0.44,0.56,0.39,22.26,-8.99
0.56,-0.24,1.24,-0.4,0.6,0.36,23.69,-9.82
0.58,-0.25,1.2,-0.34,0.61,0.34,25.17,-10.6
0.58,-0.26,1.17,-0.27,0.6,0.3,25.93,-11.18
0.59,-0.26,1.15,-0.23,0.58,0.25,26.49,-11.52
0.57,-0.26,1.13,-0.18,0.59,0.18,26.15,-11.85
0.55,-0.26,1.11,-0.15,0.56,0.15,25.82,-11.63
0.52,-0.24,1.1,-0.12,0.55,0.09,24.95,-11.32
0.5,-0.23,1.09,-0.08,0.48,0.05,23.97,-10.74
0.46,-0.21,1.09,-0.06,0.46,0.01,22.7,-9.99
0.44,-0.2,1.09,-0.05,0.43,-0.01,21.76,-9.45
0.41,-0.19,1.08,-0.01,0.39,-0.03,20.31,-9.13
0.38,-0.17,1.08,0.0,0.34,-0.04,19.39,-8.63
0.35,-0.15,1.05,0.02,0.32,-0.07,18.02,-7.88
0.32,-0.14,1.04,0.03,0.28,-0.08,16.87,-7.41
0.29,-0.14,1.01,0.03,0.22,-0.1,15.94,-7.73
0.27,-0.12,1.0,0.02,0.16,-0.12,14.85,-6.66
0.24,-0.11,0.98,0.02,0.07,-0.14,13.76,-6.14
0.22,-0.09,0.98,0.01,-0.0,-0.17,12.53,-5.3
0.2,-0.07,0.97,-0.02,-0.09,-0.18,11.36,-4.2
0.17,-0.05,0.97,-0.02,-0.17,-0.2,9.9,-3.08
0.15,-0.03,0.98,-0.04,-0.23,-0.24,8.87,-1.98
0.14,-0.02,1.01,-0.06,-0.29,-0.25,8.13,-1.26
0.12,-0.01,1.04,-0.09,-0.36,-0.25,6.66,-0.5
0.11,0.01,1.08,-0.08,-0.44,-0.24,5.82,0.49
0.09,0.04,1.1,-0.08,-0.49,-0.23,4.88,1.85
0.09,0.05,1.11,-0.07,-0.52,-0.2,4.8,2.64
0.09,0.06,1.11,-0.05,-0.53,-0.17,4.45,3.25
0.09,0.07,1.13,-0.02,-0.55,-0.14,4.42,3.47
0.07,0.08,1.12,0.0,-0.53,-0.13,3.82,4.04
0.07,0.09,1.09,0.01,-0.49,-0.11,3.6,4.52
0.07,0.1,1.1,0.05,-0.47,-0.09,3.75,5.02
0.06,0.09,1.1,0.07,-0.43,-0.09,3.04,4.85
0.05,0.1,1.08,0.12,-0.4,-0.05,2.61,5.04
0.03,0.09,1.06,0.16,-0.34,-0.04,1.75,4.88
0.02,0.09,1.04,0.19,-0.3,-0.04,1.27,5.02
0.01,0.09,1.03,0.21,-0.27,-0.05,0.52,4.72
-0.01,0.1,1.0,0.22,-0.24,-0.04,-0.71,5.73
-0.04,0.1,0.98,0.23,-0.21,-0.05,-2.12,5.63
-0.05,0.1,0.97,0.23,-0.19,-0.05,-3.18,6.14
-0.07,0.12,0.95,0.22,-0.18,-0.05,-4.4,7.02
-0.09,0.11,0.94,0.2,-0.19,-0.05,-5.31,6.73
-0.11,0.11,0.92,0.18,-0.17,-0.06,-6.52,6.59
-0.12,0.11,0.92,0.14,-0.17,-0.05,-7.29,6.71
-0.13,0.12,0.91,0.12,-0.18,-0.05,-8.03,7.13
-0.13,0.12,0.91,0.08,-0.2,-0.04,-8.21,7.64
-0.14,0.12,0.91,0.05,-0.2,-0.04,-8.94,7.28
-0.15,0.12,0.91,0.03,-0.22,-0.03,-9.12,7.16
-0.15,0.13,0.92,-0.03,-0.25,-0.01,-9.31,7.7
-0.16,0.13,0.92,-0.09,-0.29,0.0,-9.56,7.91
-0.16,0.13,0.93,-0.12,-0.29,0.01,-9.5,7.79
-0.15,0.13,0.93,-0.17,-0.32,0.05,-9.21,7.66
-0.14,0.12,0.95,-0.21,-0.34,0.07,-8.26,7.27
-0.14,0.12,0.97,-0.23,-0.39,0.09,-7.9,7.21
-0.13,0.12,0.98,-0.27,-0.42,0.13,-7.37,7.21
-0.11,0.12,0.99,-0.31,-0.44,0.17,-6.57,7.12
-0.09,0.11,1.0,-0.33,-0.49,0.21,-5.29,6.41
-0.08,0.11,1.0,-0.36,-0.51,0.26,-4.52,6.14
-0.06,0.1,0.99,-0.35,-0.54,0.29,-3.39,5.57
-0.03,0.08,0.97,-0.36,-0.54,0.3,-1.65,4.78
-0.01,0.06,0.95,-0.37,-0.54,0.32,-0.59,3.91
-0.0,0.05,0.93,-0.37,-0.54,0.3,-0.21,3.4
-0.0,0.05,0.92,-0.36,-0.53,0.3,-0.18,3.24
0.0,0.04,0.93,-0.39,-0.5,0.3,0.03,2.67
-0.0,0.04,0.93,-0.42,-0.5,0.29,-0.22,2.3
-0.0,0.04,0.92,-0.43,-0.44,0.2,-0.24,2.22
-0.0,0.04,0.92,-0.47,-0.49,0.26,-0.12,2.28
-0.01,0.04,0.92,-0.49,-0.48,0.24,-0.35,2.24
0.01,0.03,0.93,-0.53,-0.44,0.22,0.6,1.97
0.01,0.03,0.96,-0.55,-0.43,0.22,0.79,2.05
0.03,0.04,0.99,-0.57,-0.42,0.21,1.89,2.07
0.04,0.03,1.01,-0.59,-0.38,0.21,2.46,1.98
0.05,0.04,1.03,-0.6,-0.37,0.21,2.74,2.03
0.07,0.03,1.04,-0.6,-0.37,0.22,3.85,1.89
0.08,0.04,1.05,-0.6,-0.36,0.22,4.49,2.15
0.12,0.04,1.06,-0.58,-0.33,0.23,6.55,2.42
0.14,0.03,1.06,-0.55,-0.32,0.24,7.3,1.75
0.15,0.03,1.07,-0.53,-0.31,0.24,8.15,1.35
0.17,0.02,1.07,-0.47,-0.31,0.24,9.19,1.16
0.19,0.02,1.07,-0.43,-0.26,0.22,10.2,0.91
0.2,0.01,1.05,-0.39,-0.2,0.19,10.58,0.73
0.2,0.01,1.05,-0.33,-0.17,0.17,10.6,0.35
0.19,0.0,1.05,-0.29,-0.14,0.15,10.36,0.02
0.18,0.0,1.06,-0.26,-0.1,0.12,9.4,0.25
0.14,0.01,1.07,-0.25,-0.08,0.11,7.65,0.52
0.11,0.02,1.09,-0.25,-0.08,0.12,5.67,0.81
0.1,0.02,1.1,-0.27,-0.11,0.14,5.13,0.88
0.1,0.02,1.12,-0.29,-0.14,0.16,5.21,0.96
0.12,0.02,1.12,-0.31,-0.15,0.18,5.88,0.89
0.15,-0.0,1.14,-0.34,-0.19,0.22,7.46,-0.08
0.18,-0.0,1.14,-0.34,-0.22,0.24,9.13,-0.06
0.22,-0.01,1.17,-0.33,-0.24,0.26,10.49,-0.51
0.24,-0.01,1.2,-0.34,-0.25,0.26,11.22,-0.62
0.26,-0.02,1.23,-0.33,-0.27,0.3,11.76,-0.8
0.29,-0.03,1.24,-0.3,-0.26,0.33,13.09,-1.33
0.3,-0.05,1.25,-0.28,-0.21,0.34,13.58,-2.2
0.3,-0.06,1.25,-0.26,-0.17,0.36,13.62,-2.58
0.29,-0.06,1.25,-0.27,-0.17,0.37,13.01,-2.59
0.28,-0.06,1.26,-0.31,-0.19,0.41,12.68,-2.47
0.27,-0.06,1.27,-0.38,-0.27,0.45,12.1,-2.45
0.28,-0.06,1.3,-0.46,-0.36,0.49,12.11,-2.71
0.28,-0.07,1.35,-0.59,-0.52,0.55,11.77,-2.98
0.29,-0.09,1.42,-0.69,-0.73,0.62,11.44,-3.44
0.29,-0.1,1.49,-0.8,-0.96,0.71,11.12,-3.78
0.32,-0.15,1.54,-0.92,-1.17,0.83,11.68,-5.3
0.36,-0.18,1.54,-1.04,-1.34,0.96,13.23,-6.49
0.46,-0.23,1.51,-1.13,-1.46,1.06,16.58,-8.32
0.56,-0.28,1.46,-1.22,-1.5,1.09,20.58,-9.99
0.67,-0.31,1.43,-1.28,-1.51,1.08,24.78,-11.25
0.78,-0.34,1.42,-1.35,-1.5,1.03,28.06,-12.01
0.88,-0.36,1.44,-1.36,-1.46,0.93,30.76,-12.1
0.97,-0.36,1.49,-1.35,-1.41,0.84,32.38,-11.56
1.06,-0.38,1.58,-1.32,-1.32,0.73,33.3,-11.29
1.12,-0.39,1.67,-1.24,-1.24,0.63,33.12,-11.07
1.12,-0.4,1.68,-1.11,-1.16,0.53,32.97,-11.32
1.11,-0.41,1.69,-0.94,-1.09,0.41,32.49,-11.47
1.1,-0.41,1.7,-0.78,-1.05,0.3,32.08,-11.48
1.08,-0.41,1.72,-0.6,-1.07,0.2,31.3,-11.45
1.04,-0.4,1.75,-0.46,-1.11,0.08,30.16,-11.01
1.01,-0.38,1.79,-0.3,-1.21,0.0,28.9,-10.41
0.98,-0.35,1.82,-0.15,-1.36,-0.07,27.8,-9.69
0.95,-0.34,1.85,-0.0,-1.51,-0.13,26.81,-9.36
0.92,-0.34,1.87,0.17,-1.7,-0.18,25.84,-9.22
0.88,-0.33,1.89,0.33,-1.85,-0.26,24.71,-8.89
0.85,-0.31,1.92,0.48,-1.96,-0.34,23.56,-8.51
0.8,-0.29,1.96,0.61,-2.01,-0.42,21.85,-7.69
0.75,-0.26,1.98,0.7,-2.03,-0.48,20.57,-7.11
0.66,-0.24,1.99,0.81,-2.05,-0.55,18.24,-6.44
0.56,-0.21,2.01,0.9,-2.07,-0.6,15.57,-5.75
0.46,-0.18,2.01,0.97,-2.06,-0.64,12.74,-4.97
0.35,-0.14,2.03,1.06,-2.08,-0.65,9.71,-4.0
0.25,-0.12,2.02,1.12,-2.07,-0.65,7.12,-3.3
0.17,-0.09,2.01,1.17,-2.05,-0.64,4.87,-2.68
0.09,-0.08,1.98,1.21,-2.04,-0.62,2.63,-2.33
0.02,-0.06,1.94,1.24,-2.04,-0.61,0.6,-1.67
-0.08,-0.01,1.88,1.24,-2.06,-0.58,-2.36,-0.43
-0.13,0.02,1.86,1.24,-2.11,-0.56,-3.95,0.58
-0.19,0.05,1.84,1.2,-2.18,-0.53,-5.8,1.41
-0.22,0.08,1.81,1.15,-2.28,-0.49,-6.95,2.46
-0.24,0.1,1.81,1.15,-2.4,-0.45,-7.46,3.22
-0.26,0.13,1.82,1.15,-2.52,-0.42,-8.09,3.96
-0.3,0.15,1.82,1.16,-2.59,-0.38,-9.37,4.79
-0.33,0.18,1.8,1.19,-2.68,-0.33,-10.18,5.58
-0.35,0.18,1.78,1.23,-2.74,-0.3,-11.12,5.61
-0.38,0.18,1.75,1.27,-2.77,-0.27,-12.32,5.88
-0.41,0.18,1.68,1.29,-2.76,-0.26,-13.5,6.09
-0.43,0.18,1.63,1.3,-2.78,-0.25,-14.81,6.18
-0.48,0.2,1.6,1.29,-2.77,-0.25,-16.52,6.73
-0.52,0.21,1.56,1.28,-2.79,-0.23,-18.24,7.39
-0.54,0.22,1.53,1.29,-2.76,-0.22,-19.2,7.87
-0.57,0.24,1.48,1.27,-2.74,-0.21,-20.93,8.46
-0.6,0.24,1.43,1.27,-2.73,-0.2,-22.65,8.63
-0.63,0.25,1.37,1.26,-2.71,-0.19,-24.25,9.48
-0.64,0.27,1.3,1.24,-2.66,-0.18,-25.85,10.52
-0.67,0.27,1.23,1.21,-2.6,-0.17,-27.9,11.0
-0.69,0.27,1.17,1.16,-2.54,-0.17,-29.82,11.46
-0.7,0.27,1.12,1.13,-2.47,-0.17,-31.27,11.72
-0.7,0.27,1.08,1.09,-2.36,-0.16,-32.24,11.99
-0.71,0.28,1.03,1.04,-2.25,-0.16,-33.64,12.73
-0.73,0.28,0.97,1.0,-2.2,-0.15,-35.74,13.17
-0.75,0.29,0.92,0.94,-2.17,-0.15,-37.85,13.83
-0.76,0.32,0.88,0.86,-2.15,-0.13,-39.2,15.23
-0.75,0.33,0.87,0.78,-2.15,-0.11,-38.98,16.06
-0.74,0.33,0.86,0.71,-2.16,-0.06,-38.91,16.26
-0.75,0.34,0.86,0.66,-2.23,-0.01,-39.03,16.75
-0.74,0.37,0.88,0.6,-2.33,0.06,-37.94,17.66
-0.73,0.38,0.89,0.57,-2.46,0.14,-36.92,18.27
-0.69,0.37,0.89,0.55,-2.57,0.22,-35.59,17.94
-0.63,0.33,0.87,0.56,-2.67,0.3,-34.16,17.25
-0.56,0.31,0.83,0.6,-2.73,0.34,-32.19,16.93
-0.5,0.29,0.8,0.63,-2.75,0.34,-30.24,16.83
-0.44,0.27,0.78,0.64,-2.72,0.32,-28.29,16.94
-0.42,0.26,0.75,0.71,-2.67,0.27,-27.77,16.65
-0.42,0.26,0.72,0.73,-2.63,0.24,-28.76,17.18
-0.44,0.26,0.69,0.77,-2.55,0.18,-30.8,17.46
-0.48,0.27,0.65,0.77,-2.47,0.15,-34.51,18.45
-0.53,0.28,0.6,0.78,-2.44,0.15,-38.32,19.48
-0.55,0.3,0.57,0.76,-2.36,0.16,-40.4,20.97
-0.55,0.32,0.56,0.76,-2.32,0.18,-40.72,21.81
-0.54,0.32,0.56,0.75,-2.26,0.22,-39.81,22.13
-0.51,0.32,0.57,0.78,-2.2,0.25,-37.97,22.78
-0.48,0.32,0.57,0.8,-2.12,0.28,-36.21,23.24
-0.44,0.32,0.56,0.85,-2.0,0.28,-34.24,24.26
-0.42,0.32,0.56,0.89,-1.85,0.27,-32.51,24.88
-0.38,0.31,0.53,0.95,-1.67,0.25,-31.83,25.02
-0.35,0.3,0.52,1.01,-1.49,0.22,-30.66,25.27
-0.35,0.3,0.51,1.06,-1.3,0.2,-30.64,25.92
-0.35,0.3,0.47,1.12,-1.13,0.19,-32.0,26.99
-0.35,0.3,0.44,1.14,-0.98,0.2,-33.42,28.39
-0.35,0.3,0.4,1.14,-0.89,0.23,-35.37,29.47
-0.35,0.3,0.35,1.12,-0.82,0.24,-37.68,31.0
-0.34,0.29,0.29,1.05,-0.79,0.28,-39.93,32.96
-0.33,0.28,0.23,0.95,-0.82,0.33,-42.07,34.49
-0.3,0.25,0.2,0.83,-0.89,0.37,-43.35,34.99
-0.27,0.25,0.15,0.67,-0.96,0.42,-42.97,38.51
-0.23,0.23,0.15,0.47,-1.05,0.44,-39.74,39.87
-0.21,0.21,0.16,0.31,-1.19,0.48,-38.1,38.56
-0.18,0.21,0.19,0.1,-1.32,0.48,-33.14,38.88
-0.16,0.2,0.24,-0.05,-1.5,0.52,-27.84,33.83
-0.14,0.17,0.32,-0.21,-1.6,0.55,-20.78,26.6
-0.11,0.14,0.42,-0.3,-1.69,0.58,-14.47,18.16
-0.08,0.11,0.53,-0.31,-1.73,0.6,-8.54,11.26
-0.07,0.09,0.62,-0.28,-1.74,0.61,-6.55,8.38
-0.06,0.09,0.7,-0.21,-1.66,0.6,-4.5,7.04
-0.05,0.07,0.76,-0.06,-1.55,0.6,-3.65,5.18
-0.02,0.04,0.79,0.11,-1.38,0.59,-1.44,3.05
0.01,0.03,0.79,0.29,-1.25,0.57,0.72,2.3
0.03,0.02,0.76,0.47,-1.08,0.53,2.24,1.86
0.06,0.02,0.69,0.62,-0.9,0.5,4.62,1.56
0.07,0.01,0.62,0.76,-0.77,0.46,6.25,1.27
0.09,0.01,0.54,0.85,-0.66,0.44,9.29,1.53
0.11,0.01,0.47,0.91,-0.54,0.39,12.95,1.66
0.13,-0.0,0.4,0.91,-0.45,0.36,17.63,-0.02
0.14,-0.01,0.31,0.9,-0.41,0.35,24.97,-1.51
0.16,-0.02,0.25,0.86,-0.41,0.33,32.73,-3.98
0.2,-0.03,0.2,0.76,-0.42,0.31,44.32,-5.39
0.23,-0.04,0.16,0.64,-0.45,0.29,54.38,-8.15
0.25,-0.04,0.12,0.5,-0.51,0.26,63.09,-8.73
0.26,-0.02,0.1,0.32,-0.63,0.24,67.68,-5.01
0.25,-0.01,0.11,0.12,-0.75,0.21,65.6,-1.75
0.23,-0.0,0.13,-0.1,-0.89,0.21,60.44,-0.57
0.23,-0.01,0.19,-0.29,-1.04,0.22,50.04,-1.21
0.22,-0.02,0.26,-0.44,-1.17,0.22,40.86,-3.98
0.22,-0.04,0.34,-0.58,-1.27,0.22,32.47,-6.0
0.2,-0.04,0.41,-0.68,-1.34,0.22,26.67,-5.34
0.19,-0.04,0.47,-0.76,-1.39,0.22,21.99,-4.08
0.18,-0.03,0.55,-0.79,-1.39,0.21,18.19,-2.83
0.17,-0.03,0.62,-0.81,-1.33,0.22,15.2,-2.68
0.17,-0.04,0.69,-0.77,-1.22,0.2,13.93,-3.54
0.18,-0.06,0.75,-0.71,-1.11,0.18,13.23,-4.45
0.19,-0.07,0.78,-0.61,-0.98,0.16,13.96,-5.13
0.21,-0.08,0.78,-0.52,-0.84,0.12,15.03,-5.45
0.23,-0.09,0.78,-0.46,-0.69,0.07,16.58,-6.02
0.26,-0.09,0.77,-0.4,-0.59,0.03,18.17,-6.45
0.26,-0.09,0.76,-0.35,-0.51,-0.04,18.48,-6.74
0.24,-0.08,0.74,-0.3,-0.47,-0.09,18.1,-6.2
0.22,-0.07,0.73,-0.29,-0.46,-0.14,16.99,-5.39
0.18,-0.04,0.73,-0.27,-0.49,-0.15,14.16,-2.73
0.14,-0.01,0.75,-0.27,-0.53,-0.13,10.51,-0.63
0.1,0.0,0.77,-0.25,-0.59,-0.09,7.49,0.02
0.08,-0.01,0.79,-0.23,-0.62,-0.06,5.82,-0.41
0.09,-0.01,0.81,-0.21,-0.64,-0.02,6.07,-0.51
0.09,-0.0,0.84,-0.15,-0.65,0.01,6.15,-0.09
0.1,0.0,0.85,-0.07,-0.63,0.03,6.88,0.05
0.12,-0.01,0.84,-0.02,-0.57,0.04,7.77,-0.49
0.14,-0.02,0.84,0.03,-0.49,0.04,9.25,-1.09
0.16,-0.02,0.81,0.07,-0.45,0.03,11.13,-1.32
0.18,-0.02,0.78,0.09,-0.37,-0.0,12.75,-1.72
0.19,-0.02,0.74,0.09,-0.34,-0.04,14.35,-1.58
0.18,-0.03,0.73,0.07,-0.3,-0.06,13.96,-2.27
0.17,-0.03,0.72,0.04,-0.27,-0.09,13.46,-2.39
0.15,-0.0,0.7,0.01,-0.27,-0.11,12.18,-0.3
0.13,0.0,0.72,-0.02,-0.25,-0.11,10.12,0.33
0.1,0.01,0.73,-0.06,-0.22,-0.11,7.44,0.51
0.09,0.03,0.77,-0.08,-0.23,-0.08,6.44,1.92
0.06,0.03,0.78,-0.09,-0.25,-0.07,4.07,2.37
0.05,0.04,0.79,-0.1,-0.25,-0.04,3.55,2.7
0.05,0.02,0.83,-0.13,-0.25,-0.01,3.69,1.7
0.07,0.01,0.85,-0.13,-0.21,-0.0,5.05,0.89
0.1,0.0,0.88,-0.11,-0.2,0.0,6.42,0.27
0.11,0.01,0.89,-0.1,-0.17,-0.01,7.19,0.8
0.12,0.01,0.91,-0.1,-0.12,-0.02,7.33,0.74
0.12,0.01,0.91,-0.11,-0.11,-0.04,7.38,0.49
0.12,0.01,0.91,-0.1,-0.12,-0.05,7.54,0.58
0.11,0.01,0.91,-0.11,-0.14,-0.08,6.81,0.65
0.1,0.01,0.91,-0.13,-0.15,-0.09,6.39,0.52
0.1,0.01,0.91,-0.15,-0.18,-0.09,6.1,0.31
0.09,0.01,0.92,-0.15,-0.19,-0.11,5.59,0.65
0.08,0.02,0.92,-0.16,-0.21,-0.11,4.65,1.31
0.05,0.03,0.93,-0.16,-0.19,-0.12,2.99,1.64
0.02,0.04,0.94,-0.17,-0.17,-0.11,1.31,2.24
0.0,0.05,0.96,-0.14,-0.16,-0.09,0.01,2.72
-0.01,0.05,0.96,-0.13,-0.14,-0.07,-0.63,2.71
-0.01,0.05,0.97,-0.1,-0.1,-0.07,-0.42,3.23
-0.0,0.05,0.98,-0.06,-0.05,-0.04,-0.15,3.18
0.02,0.06,1.0,-0.03,-0.01,-0.03,1.04,3.35
0.04,0.05,0.99,0.01,0.02,-0.03,2.04,3.06
0.05,0.05,0.98,0.05,0.03,-0.02,2.92,2.81
0.07,0.05,0.97,0.07,0.06,-0.04,3.91,2.89
0.08,0.04,0.96,0.1,0.06,-0.03,4.79,2.36
0.09,0.04,0.94,0.12,0.05,-0.05,5.37,2.52
0.1,0.04,0.91,0.12,0.06,-0.05,5.98,2.52
0.09,0.03,0.88,0.1,0.06,-0.06,6.01,2.16
0.09,0.05,0.85,0.08,0.03,-0.06,6.23,3.01
0.09,0.05,0.84,0.06,-0.02,-0.06,6.11,3.39
0.09,0.05,0.83,0.02,-0.04,-0.07,5.85,3.42
0.08,0.04,0.83,-0.03,-0.08,-0.05,5.64,2.81
0.08,0.04,0.83,-0.08,-0.12,-0.06,5.21,2.78
0.07,0.04,0.83,-0.13,-0.15,-0.05,4.92,2.8
0.06,0.05,0.84,-0.17,-0.18,-0.04,4.35,3.09
0.05,0.05,0.85,-0.24,-0.18,-0.04,3.31,3.39
0.04,0.06,0.88,-0.28,-0.19,-0.02,2.83,3.61
0.04,0.05,0.9,-0.29,-0.19,-0.03,2.29,3.29
0.02,0.05,0.95,-0.28,-0.17,-0.02,1.32,3.19
0.01,0.07,0.99,-0.28,-0.16,-0.02,0.75,3.89
-0.0,0.08,1.01,-0.28,-0.12,0.01,-0.09,4.36
-0.01,0.08,1.03,-0.24,-0.1,0.02,-0.65,4.37
-0.01,0.07,1.05,-0.19,-0.04,0.04,-0.71,3.89
-0.01,0.06,1.07,-0.12,0.03,0.05,-0.66,3.18
0.01,0.05,1.08,-0.06,0.07,0.07,0.37,2.77
0.03,0.04,1.09,0.0,0.12,0.06,1.77,2.33
0.05,0.03,1.06,0.05,0.13,0.05,2.77,1.84
0.07,0.03,1.04,0.1,0.17,0.04,3.73,1.73
0.08,0.03,1.01,0.12,0.19,0.03,4.31,1.57
0.08,0.02,0.98,0.14,0.18,0.02,4.83,1.09
0.09,0.02,0.95,0.14,0.16,0.01,5.31,1.37
0.09,0.02,0.92,0.12,0.16,-0.01,5.69,0.94
0.09,0.02,0.91,0.1,0.12,-0.01,5.48,1.26
0.09,0.02,0.9,0.06,0.09,-0.0,5.72,1.43
0.08,0.02,0.89,0.03,0.05,-0.01,5.38,1.51
0.08,0.03,0.89,-0.02,0.03,-0.0,4.87,1.98
0.07,0.03,0.89,-0.07,0.01,-0.01,4.41,1.77
0.06,0.03,0.9,-0.11,-0.03,0.01,3.64,2.06
0.05,0.03,0.92,-0.14,-0.07,0.02,2.86,1.73
0.05,0.03,0.95,-0.16,-0.08,0.01,2.87,1.81
0.06,0.03,0.97,-0.19,-0.09,0.02,3.28,2.05
0.05,0.04,0.99,-0.2,-0.11,0.02,2.8,2.25
0.04,0.04,1.01,-0.2,-0.08,0.01,2.48,2.16
0.03,0.04,1.03,-0.19,-0.11,-0.0,1.77,2.41
0.02,0.05,1.05,-0.16,-0.09,0.0,0.85,2.72
0.0,0.04,1.05,-0.14,-0.09,0.0,0.1,2.42
-0.0,0.05,1.05,-0.11,-0.07,-0.0,-0.08,2.58
0.0,0.05,1.03,-0.07,-0.05,-0.01,0.11,2.51
0.0,0.05,1.02,-0.07,0.0,-0.02,0.18,2.74
0.0,0.05,0.99,-0.05,0.02,-0.02,0.23,3.0
0.0,0.06,0.95,-0.04,0.04,-0.02,0.15,3.62
-0.01,0.07,0.95,-0.07,0.06,-0.01,-0.3,4.22
-0.01,0.08,0.94,-0.08,0.05,-0.0,-0.82,4.95
-0.02,0.08,0.95,-0.11,0.06,0.03,-1.27,4.9
-0.01,0.07,0.95,-0.14,0.05,0.04,-0.78,4.27
0.01,0.06,0.98,-0.15,0.03,0.07,0.53,3.67
0.03,0.05,1.0,-0.17,0.04,0.07,1.69,2.59
0.04,0.04,1.02,-0.2,0.05,0.07,2.34,1.96
0.05,0.02,1.04,-0.2,0.03,0.07,2.91,1.33
0.07,0.02,1.07,-0.2,0.02,0.06,3.51,1.15
0.07,0.03,1.09,-0.2,0.03,0.04,3.67,1.39
0.07,0.02,1.11,-0.17,-0.01,0.04,3.35,1.19
0.06,0.02,1.13,-0.16,-0.02,0.02,2.83,1.06
0.05,0.01,1.13,-0.1,-0.06,0.02,2.33,0.72
0.05,0.01,1.12,-0.06,-0.05,0.0,2.35,0.57
0.05,0.01,1.1,-0.02,-0.04,-0.0,2.51,0.34
0.05,0.0,1.05,0.02,-0.05,-0.01,2.98,0.1
0.06,0.02,1.02,0.02,-0.04,-0.03,3.49,0.91
0.06,0.02,0.99,0.03,-0.02,-0.04,3.48,1.27
0.05,0.03,0.98,0.01,0.0,-0.06,2.84,1.88
0.03,0.04,0.96,0.01,-0.0,-0.05,1.99,2.47
0.04,0.05,0.96,0.01,0.01,-0.05,2.15,2.72
0.04,0.05,0.95,-0.0,-0.0,-0.03,2.47,3.11
0.05,0.06,0.95,-0.01,0.01,-0.03,3.03,3.64
0.06,0.06,0.95,-0.02,0.0,-0.02,3.34,3.59
0.06,0.05,0.95,-0.02,-0.0,-0.02,3.44,3.01
0.07,0.05,0.94,-0.02,0.0,-0.03,4.32,2.75
0.07,0.04,0.94,-0.03,0.03,-0.03,4.09,2.48
0.06,0.04,0.94,-0.03,0.04,-0.03,3.67,2.73
0.06,0.04,0.94,-0.03,0.04,-0.03,3.44,2.65
0.06,0.04,0.93,-0.03,0.04,-0.02,3.46,2.68
0.06,0.05,0.93,-0.06,0.05,-0.03,3.7,3.01
0.06,0.05,0.93,-0.05,0.06,-0.04,3.6,3.18
0.05,0.05,0.93,-0.04,0.06,-0.03,2.99,2.79
0.06,0.05,0.92,-0.04,0.06,-0.02,3.57,2.92
0.05,0.05,0.92,-0.04,0.07,-0.03,3.28,2.9
0.06,0.04,0.92,-0.03,0.07,-0.03,3.86,2.69
0.08,0.04,0.93,-0.01,0.06,-0.01,4.89,2.43
0.07,0.05,0.92,0.01,0.05,0.0,4.54,3.18
0.08,0.04,0.91,0.01,0.07,-0.01,4.83,2.34
0.09,0.04,0.9,0.03,0.08,-0.01,5.76,2.29
0.1,0.04,0.89,0.06,0.09,-0.01,6.17,2.25
0.09,0.04,0.88,0.08,0.13,-0.02,5.9,2.7
0.09,0.06,0.87,0.12,0.15,-0.02,5.88,3.66
0.09,0.05,0.85,0.13,0.17,-0.01,6.03,3.66
0.09,0.06,0.83,0.17,0.18,0.01,6.35,3.83
0.11,0.05,0.81,0.19,0.17,0.02,7.68,3.28
0.13,0.03,0.79,0.22,0.21,0.01,9.15,2.18
0.14,0.03,0.78,0.21,0.24,0.01,10.06,2.14
0.15,0.02,0.75,0.23,0.24,0.01,11.6,1.77
0.17,0.02,0.73,0.27,0.24,-0.01,12.68,1.56
0.17,0.0,0.71,0.27,0.26,-0.02,13.69,0.38
0.19,0.0,0.69,0.27,0.26,-0.03,15.31,0.35
0.18,0.0,0.66,0.27,0.27,-0.04,15.46,0.24
0.19,0.01,0.65,0.27,0.25,-0.07,16.02,0.67
0.18,0.01,0.63,0.27,0.26,-0.1,15.8,1.01
0.17,0.01,0.62,0.24,0.27,-0.11,15.23,1.24
0.16,0.02,0.62,0.24,0.25,-0.11,14.55,1.43
0.15,0.02,0.61,0.28,0.27,-0.16,14.14,1.71
0.15,0.02,0.6,0.28,0.24,-0.12,14.36,1.55
0.16,0.02,0.58,0.3,0.3,-0.14,15.55,1.48
0.16,0.02,0.57,0.34,0.31,-0.16,16.01,1.59
0.17,0.02,0.56,0.35,0.37,-0.16,16.97,2.37
0.17,0.02,0.53,0.39,0.39,-0.17,17.46,2.37
0.16,0.02,0.47,0.39,0.45,-0.17,18.96,2.11
0.16,0.02,0.43,0.35,0.5,-0.17,20.29,2.87
0.16,0.02,0.4,0.33,0.51,-0.15,21.88,3.18
0.16,0.02,0.38,0.27,0.54,-0.13,22.85,3.1
0.15,0.01,0.37,0.2,0.59,-0.13,22.42,1.43
0.15,0.0,0.38,0.09,0.62,-0.12,22.29,0.36
0.16,-0.01,0.39,0.08,0.78,-0.25,21.92,-1.26
0.16,-0.01,0.41,-0.07,0.67,-0.13,20.95,-1.15
0.15,-0.01,0.45,-0.15,0.68,-0.13,18.36,-1.48
0.13,-0.0,0.5,-0.23,0.69,-0.14,14.72,-0.37
0.11,0.01,0.56,-0.19,0.82,-0.29,10.94,0.57
0.09,-0.0,0.62,-0.27,0.63,-0.12,7.97,-0.13
0.08,0.0,0.67,-0.27,0.64,-0.13,6.68,0.24
0.08,0.0,0.72,-0.23,0.67,-0.14,6.27,0.33
0.08,0.01,0.77,-0.13,0.7,-0.14,6.16,0.56
0.1,0.01,0.79,-0.04,0.74,-0.16,6.97,0.41
0.1,-0.0,0.81,0.08,0.83,-0.2,7.23,-0.07
0.12,0.0,0.8,0.19,0.92,-0.21,8.23,0.14
0.11,0.0,0.76,0.3,1.02,-0.25,8.55,0.33
0.1,-0.0,0.69,0.39,1.09,-0.27,8.53,-0.18
0.13,-0.01,0.6,0.45,1.19,-0.32,12.13,-0.83
0.09,0.01,0.56,0.45,1.26,-0.36,8.65,0.79
0.06,0.04,0.5,0.43,1.31,-0.38,6.89,4.96
0.04,0.03,0.52,0.4,1.31,-0.4,4.3,3.71
0.04,0.04,0.46,0.35,1.31,-0.42,5.42,4.56
0.04,0.07,0.38,0.23,1.31,-0.44,6.23,9.8
0.02,0.07,0.42,0.13,1.21,-0.44,2.77,10.1
-0.02,0.08,0.48,0.06,1.12,-0.45,-2.66,9.61
-0.05,0.09,0.52,0.01,1.01,-0.43,-5.55,9.49
-0.05,0.08,0.57,-0.02,0.94,-0.43,-4.57,7.68
-0.04,0.08,0.61,-0.0,0.87,-0.42,-3.25,7.36
-0.01,0.07,0.65,0.04,0.84,-0.44,-0.62,6.34
0.01,0.06,0.7,0.11,0.82,-0.47,1.0,5.08
0.03,0.04,0.71,0.22,0.87,-0.53,2.7,3.39
0.02,0.03,0.7,0.32,0.92,-0.59,1.23,2.76
-0.01,0.04,0.68,0.45,1.01,-0.67,-1.02,3.01
-0.04,0.05,0.6,0.58,1.12,-0.72,-3.58,4.51
-0.08,0.07,0.5,0.64,1.26,-0.76,-8.98,7.45
-0.14,0.09,0.4,0.63,1.38,-0.8,-18.45,12.6
-0.18,0.13,0.3,0.55,1.51,-0.79,-29.09,21.06
-0.24,0.17,0.22,0.42,1.61,-0.77,-39.75,28.26
-0.29,0.22,0.18,0.23,1.68,-0.74,-46.01,32.61
-0.33,0.27,0.17,0.0,1.68,-0.65,-46.24,35.98
-0.37,0.3,0.22,-0.22,1.63,-0.56,-45.01,34.55
-0.39,0.29,0.31,-0.43,1.52,-0.45,-42.33,30.37
-0.36,0.24,0.42,-0.63,1.43,-0.34,-36.13,23.46
-0.31,0.18,0.55,-0.75,1.36,-0.26,-28.08,16.12
-0.26,0.14,0.69,-0.79,1.3,-0.21,-20.16,10.97
-0.19,0.12,0.8,-0.79,1.29,-0.19,-13.27,7.94
-0.12,0.08,0.88,-0.7,1.31,-0.2,-7.86,5.34
-0.06,0.05,0.92,-0.59,1.4,-0.25,-3.87,3.36
-0.03,0.04,0.93,-0.46,1.51,-0.32,-1.69,2.44
-0.02,0.04,0.92,-0.32,1.61,-0.41,-1.31,2.5
-0.04,0.07,0.88,-0.2,1.73,-0.5,-2.32,4.74
-0.08,0.11,0.83,-0.13,1.85,-0.56,-5.16,7.31
-0.13,0.13,0.76,-0.09,1.9,-0.6,-9.45,9.87
-0.19,0.16,0.69,-0.06,2.1,-0.76,-15.34,12.41
-0.25,0.18,0.62,-0.17,1.9,-0.62,-21.2,14.73
-0.31,0.2,0.58,-0.29,1.86,-0.61,-26.72,16.98
-0.36,0.24,0.56,-0.47,1.81,-0.6,-30.21,20.2
-0.38,0.27,0.61,-0.65,1.72,-0.55,-29.91,20.31
-0.4,0.26,0.7,-0.82,1.63,-0.47,-28.14,18.15
-0.37,0.21,0.77,-0.97,1.57,-0.43,-24.84,13.99
-0.35,0.2,0.84,-1.1,1.53,-0.37,-22.19,12.26
-0.31,0.15,0.97,-1.12,1.45,-0.35,-17.46,8.65
-0.27,0.14,1.12,-1.1,1.39,-0.34,-13.42,6.71
-0.22,0.11,1.23,-1.02,1.4,-0.32,-10.28,5.22
-0.18,0.09,1.28,-0.91,1.4,-0.33,-8.1,4.05
-0.13,0.05,1.34,-0.76,1.46,-0.36,-5.71,2.05
-0.09,0.02,1.36,-0.55,1.53,-0.4,-3.88,0.96
-0.06,0.03,1.35,-0.36,1.67,-0.47,-2.4,1.1
-0.05,0.04,1.3,-0.17,1.82,-0.55,-2.18,1.97
-0.08,0.07,1.23,-0.03,1.95,-0.63,-3.49,3.3
-0.13,0.11,1.15,0.07,2.06,-0.7,-6.44,5.41
-0.2,0.15,1.09,0.11,2.17,-0.75,-10.07,7.93
-0.28,0.21,1.04,0.1,2.24,-0.75,-14.71,10.98
-0.32,0.24,1.0,0.06,2.26,-0.73,-17.25,12.98
-0.36,0.26,0.98,-0.02,2.25,-0.7,-19.46,14.25
-0.39,0.27,0.99,-0.13,2.19,-0.64,-20.61,14.32
-0.43,0.28,1.01,-0.28,2.09,-0.58,-22.11,14.09
-0.45,0.26,1.03,-0.41,1.95,-0.5,-22.84,13.29
-0.45,0.24,1.03,-0.56,1.79,-0.42,-23.06,11.99
-0.43,0.23,1.08,-0.7,1.67,-0.35,-21.11,11.12
-0.35,0.19,1.16,-0.85,1.6,-0.28,-16.7,8.86
-0.27,0.13,1.26,-0.92,1.52,-0.24,-12.28,5.84
-0.18,0.09,1.33,-0.92,1.48,-0.23,-7.55,3.63
-0.09,0.04,1.4,-0.84,1.52,-0.26,-3.59,1.81
-0.0,0.02,1.45,-0.76,1.59,-0.3,-0.18,0.73
0.08,0.01,1.49,-0.59,1.67,-0.38,2.99,0.58
0.15,0.0,1.52,-0.42,1.77,-0.49,5.48,0.05
0.17,-0.01,1.54,-0.2,1.88,-0.6,6.5,-0.22
0.17,-0.01,1.53,-0.0,2.0,-0.72,6.4,-0.2
0.1,0.01,1.49,0.22,2.08,-0.81,3.73,0.36
-0.02,0.07,1.41,0.38,2.25,-0.95,-0.95,2.7
-0.14,0.13,1.33,0.43,2.17,-0.91,-6.14,5.73
-0.24,0.21,1.25,0.4,2.24,-0.92,-10.7,9.26
-0.31,0.26,1.22,0.31,2.24,-0.87,-14.02,11.72
-0.35,0.28,1.21,0.21,2.18,-0.8,-15.83,12.53
-0.37,0.28,1.2,0.05,2.08,-0.71,-16.77,12.5
-0.38,0.28,1.21,-0.09,1.96,-0.63,-16.88,12.48
-0.36,0.26,1.22,-0.27,1.84,-0.53,-16.19,11.69
-0.32,0.24,1.26,-0.4,1.74,-0.46,-14.18,10.49
-0.26,0.19,1.3,-0.53,1.64,-0.37,-11.2,8.12
-0.16,0.12,1.35,-0.59,1.56,-0.33,-6.91,4.96
-0.09,0.05,1.38,-0.63,1.49,-0.31,-3.59,1.95
-0.05,0.0,1.4,-0.61,1.43,-0.31,-1.89,0.14
-0.04,-0.0,1.41,-0.6,1.4,-0.33,-1.46,-0.18
-0.03,-0.0,1.44,-0.59,1.43,-0.34,-1.3,-0.09
-0.03,0.01,1.44,-0.57,1.43,-0.33,-1.22,0.44
-0.0,0.01,1.45,-0.58,1.47,-0.34,-0.19,0.22
0.03,0.0,1.46,-0.56,1.48,-0.33,1.28,0.14
0.06,-0.0,1.45,-0.55,1.53,-0.34,2.24,-0.08
0.08,0.0,1.45,-0.52,1.55,-0.34,3.32,0.19
0.12,0.01,1.45,-0.48,1.57,-0.34,4.86,0.32
0.16,0.0,1.44,-0.43,1.57,-0.35,6.36,0.08
0.2,-0.02,1.44,-0.37,1.61,-0.4,7.8,-0.8
0.22,-0.03,1.44,-0.31,1.63,-0.44,8.69,-1.37
0.22,-0.04,1.43,-0.24,1.64,-0.49,8.83,-1.5
0.2,-0.03,1.43,-0.19,1.63,-0.53,8.1,-1.18
0.16,-0.01,1.43,-0.13,1.58,-0.58,6.54,-0.58
0.11,0.01,1.44,-0.11,1.56,-0.6,4.55,0.27
0.06,0.02,1.43,-0.1,1.51,-0.58,2.29,0.99
0.0,0.05,1.42,-0.11,1.45,-0.57,0.2,1.88
-0.04,0.08,1.41,-0.15,1.41,-0.54,-1.53,3.11
-0.07,0.1,1.4,-0.24,1.37,-0.5,-2.99,4.28
-0.1,0.13,1.4,-0.34,1.3,-0.43,-4.24,5.42
-0.14,0.15,1.4,-0.44,1.2,-0.35,-5.48,6.12
-0.14,0.16,1.4,-0.57,1.16,-0.27,-5.67,6.49
-0.13,0.16,1.41,-0.67,1.1,-0.17,-5.24,6.63
-0.09,0.15,1.42,-0.79,1.09,-0.06,-3.45,6.07
-0.07,0.13,1.42,-0.93,1.08,0.03,-2.63,5.32
-0.02,0.11,1.44,-0.99,1.05,0.13,-0.65,4.36
0.05,0.09,1.45,-1.05,1.09,0.19,1.92,3.52
0.12,0.06,1.47,-1.11,1.09,0.28,4.5,2.3
0.19,0.03,1.48,-1.1,1.08,0.35,7.21,1.14
0.24,-0.02,1.48,-1.1,1.09,0.41,9.31,-0.65
0.29,-0.05,1.46,-1.08,1.11,0.44,11.08,-1.85
0.32,-0.07,1.44,-1.07,1.11,0.47,12.67,-2.9
0.36,-0.1,1.39,-1.07,1.15,0.47,14.33,-3.88
0.4,-0.11,1.37,-1.04,1.15,0.45,16.1,-4.53
0.44,-0.14,1.37,-1.03,1.16,0.41,17.85,-5.44
0.48,-0.15,1.38,-1.01,1.14,0.38,19.18,-6.0
0.52,-0.17,1.39,-0.95,1.1,0.34,20.39,-6.36
0.54,-0.17,1.4,-0.88,1.05,0.33,20.88,-6.55
0.56,-0.17,1.4,-0.81,1.02,0.27,21.72,-6.41
0.57,-0.17,1.39,-0.71,0.95,0.25,22.3,-6.28
0.58,-0.15,1.38,-0.62,0.87,0.22,22.77,-5.86
0.58,-0.15,1.37,-0.61,0.72,0.28,22.93,-5.81
0.57,-0.15,1.35,-0.44,0.76,0.17,22.95,-5.68
0.57,-0.14,1.33,-0.33,0.75,0.11,22.96,-5.47
0.54,-0.14,1.3,-0.23,0.73,0.07,22.34,-5.67
0.52,-0.14,1.29,-0.14,0.72,0.02,21.86,-5.6
0.48,-0.11,1.27,-0.09,0.75,-0.05,20.44,-4.8
0.42,-0.1,1.26,-0.03,0.77,-0.08,18.43,-4.29
0.38,-0.08,1.27,0.03,0.77,-0.1,16.54,-3.38
0.33,-0.07,1.25,0.07,0.76,-0.12,14.55,-3.04
0.28,-0.06,1.24,0.09,0.74,-0.1,12.74,-2.5
0.24,-0.04,1.22,0.07,0.74,-0.1,11.11,-1.97
0.21,-0.03,1.2,0.06,0.69,-0.08,9.77,-1.51
0.19,-0.02,1.19,0.02,0.65,-0.06,9.03,-0.9
0.17,-0.01,1.17,-0.02,0.6,-0.05,8.36,-0.56
0.16,-0.01,1.17,-0.09,0.58,-0.02,7.63,-0.56
0.15,-0.01,1.17,-0.12,0.52,0.02,7.17,-0.58
0.14,-0.02,1.16,-0.16,0.48,0.06,7.05,-1.09
0.14,-0.03,1.17,-0.22,0.46,0.09,6.75,-1.28
0.14,-0.04,1.17,-0.29,0.47,0.12,7.04,-1.94
0.15,-0.05,1.17,-0.35,0.46,0.16,7.47,-2.38
0.18,-0.07,1.18,-0.38,0.44,0.2,8.62,-3.24
0.2,-0.1,1.18,-0.43,0.46,0.23,9.36,-4.57
0.21,-0.12,1.17,-0.45,0.47,0.23,9.9,-5.75
0.23,-0.15,1.16,-0.47,0.48,0.27,11.13,-7.11
0.25,-0.17,1.14,-0.48,0.48,0.27,12.23,-8.03
0.26,-0.17,1.13,-0.5,0.45,0.29,12.87,-8.22
0.27,-0.17,1.12,-0.53,0.47,0.28,13.18,-8.2
0.27,-0.18,1.11,-0.54,0.44,0.28,13.69,-8.68
0.29,-0.18,1.12,-0.53,0.42,0.28,14.55,-8.66
0.32,-0.18,1.11,-0.53,0.39,0.27,15.93,-8.86
0.33,-0.18,1.1,-0.53,0.38,0.25,16.57,-8.86
0.34,-0.18,1.1,-0.53,0.36,0.24,17.26,-8.76
0.36,-0.17,1.08,-0.52,0.34,0.22,18.17,-8.49
0.37,-0.16,1.07,-0.52,0.29,0.2,18.74,-7.85
0.38,-0.15,1.05,-0.5,0.27,0.16,19.69,-7.61
0.39,-0.14,1.03,-0.5,0.23,0.11,20.29,-7.38
0.4,-0.13,1.04,-0.48,0.17,0.07,20.92,-6.88
0.4,-0.12,1.04,-0.45,0.11,0.02,20.94,-6.25
0.38,-0.1,1.05,-0.42,0.07,-0.02,19.93,-5.03
0.38,-0.09,1.07,-0.39,0.03,-0.06,19.47,-4.65
0.35,-0.07,1.09,-0.35,-0.05,-0.08,17.84,-3.44
0.33,-0.06,1.12,-0.33,-0.11,-0.09,16.45,-2.89
0.31,-0.05,1.14,-0.3,-0.2,-0.09,15.37,-2.19
0.3,-0.03,1.17,-0.28,-0.25,-0.07,14.43,-1.51
0.3,-0.03,1.16,-0.22,-0.33,-0.03,14.4,-1.57
0.3,-0.04,1.16,-0.16,-0.39,-0.01,14.75,-2.03
0.31,-0.05,1.14,-0.09,-0.42,0.01,15.19,-2.42
0.3,-0.04,1.1,-0.03,-0.43,0.01,15.27,-2.26
0.3,-0.04,1.06,0.03,-0.42,-0.0,15.64,-2.07
0.29,-0.04,1.03,0.09,-0.4,-0.03,15.7,-2.23
0.28,-0.05,1.0,0.15,-0.36,-0.08,15.65,-2.64
0.26,-0.04,0.99,0.19,-0.33,-0.12,14.73,-2.19
0.24,-0.03,0.98,0.23,-0.27,-0.17,14.0,-1.82
0.22,-0.02,0.97,0.29,-0.24,-0.22,12.89,-1.31
0.21,-0.02,0.98,0.34,-0.2,-0.27,12.16,-1.33
0.2,-0.02,0.99,0.38,-0.13,-0.32,11.57,-1.05
0.18,-0.02,0.98,0.42,-0.1,-0.36,10.5,-1.03
0.16,-0.01,0.98,0.47,-0.08,-0.39,9.27,-0.6
0.13,-0.0,0.99,0.53,-0.05,-0.43,7.78,-0.29
0.11,0.0,1.0,0.57,-0.02,-0.45,6.28,0.13
0.08,0.02,1.0,0.6,-0.0,-0.47,4.42,0.9
0.05,0.03,1.0,0.63,0.01,-0.47,2.7,1.67
0.01,0.05,1.0,0.63,0.01,-0.48,0.82,2.72
-0.02,0.06,1.02,0.64,0.03,-0.48,-0.89,3.39
-0.04,0.07,1.03,0.64,0.01,-0.47,-2.15,4.14
-0.06,0.08,1.04,0.63,-0.01,-0.44,-3.5,4.43
-0.09,0.1,1.04,0.64,-0.04,-0.4,-4.9,5.41
-0.1,0.11,1.03,0.62,-0.05,-0.36,-5.66,5.84
-0.12,0.12,1.04,0.58,-0.05,-0.3,-6.6,6.33
-0.14,0.12,1.03,0.56,-0.08,-0.26,-7.66,6.39
-0.14,0.12,1.03,0.54,-0.08,-0.21,-7.91,6.78
-0.15,0.12,1.01,0.52,-0.09,-0.17,-8.49,6.45
-0.16,0.11,0.98,0.48,-0.07,-0.14,-9.04,6.5
-0.16,0.11,0.95,0.45,-0.07,-0.11,-9.52,6.62
-0.17,0.11,0.93,0.4,-0.07,-0.09,-10.22,6.92
-0.18,0.12,0.91,0.34,-0.07,-0.08,-11.16,7.08
-0.19,0.12,0.9,0.26,-0.05,-0.07,-11.65,7.36
-0.2,0.12,0.9,0.19,-0.07,-0.06,-12.23,7.43
-0.2,0.12,0.9,0.1,-0.08,-0.05,-12.3,7.2
-0.19,0.12,0.91,0.03,-0.09,-0.04,-11.58,7.06
-0.17,0.12,0.93,-0.04,-0.1,-0.04,-10.46,6.95
-0.16,0.11,0.94,-0.09,-0.1,-0.02,-9.58,6.6
-0.15,0.11,0.96,-0.15,-0.12,-0.01,-8.76,6.43
-0.13,0.1,0.98,-0.19,-0.14,0.02,-7.29,5.88
-0.11,0.1,1.0,-0.24,-0.13,0.03,-6.04,5.85
-0.08,0.09,1.01,-0.25,-0.13,0.05,-4.21,5.28
-0.05,0.08,1.03,-0.25,-0.12,0.06,-2.6,4.58
-0.03,0.08,1.03,-0.24,-0.11,0.07,-1.58,4.27
-0.01,0.07,1.04,-0.22,-0.07,0.07,-0.77,4.1
0.01,0.07,1.05,-0.2,-0.03,0.08,0.48,3.92
0.01,0.07,1.06,-0.19,0.02,0.09,0.62,3.83
0.02,0.06,1.05,-0.15,0.07,0.09,1.25,3.37
0.02,0.07,1.05,-0.13,0.12,0.1,1.25,3.76
0.03,0.04,1.03,-0.1,0.16,0.11,1.44,2.46
0.03,0.05,1.02,-0.05,0.2,0.1,1.7,2.91
0.03,0.05,1.0,-0.03,0.24,0.1,1.44,2.8
0.02,0.06,1.0,-0.02,0.27,0.09,0.92,3.36
0.01,0.05,0.98,-0.03,0.31,0.09,0.78,2.92
0.03,0.05,0.99,-0.0,0.3,0.09,1.53,2.97
-0.0,0.04,0.98,-0.0,0.29,0.1,-0.09,2.6
-0.01,0.04,0.98,-0.02,0.31,0.1,-0.57,2.51
-0.02,0.05,0.95,-0.02,0.29,0.09,-1.04,2.76
-0.01,0.04,0.95,-0.08,0.29,0.08,-0.88,2.44
-0.01,0.05,0.95,-0.11,0.26,0.07,-0.75,2.76
-0.0,0.04,0.96,-0.14,0.24,0.06,-0.29,2.66
0.01,0.03,0.98,-0.19,0.24,0.06,0.31,1.8
0.03,0.03,1.01,-0.21,0.19,0.08,1.69,1.59
0.04,0.02,1.04,-0.23,0.15,0.09,1.99,1.36
0.06,0.02,1.06,-0.24,0.12,0.09,3.38,0.88
0.08,0.01,1.06,-0.25,0.1,0.11,4.27,0.39
0.09,-0.0,1.07,-0.23,0.08,0.13,4.76,-0.16
0.1,-0.01,1.07,-0.24,0.08,0.15,5.51,-0.44
0.1,-0.02,1.08,-0.24,0.07,0.15,5.39,-0.8
0.12,-0.02,1.08,-0.28,0.09,0.14,6.22,-0.85
0.13,-0.01,1.09,-0.3,0.08,0.15,6.96,-0.76
0.15,-0.01,1.1,-0.32,0.06,0.15,7.62,-0.73
0.18,-0.02,1.12,-0.34,0.07,0.15,9.26,-0.86
0.22,-0.02,1.15,-0.39,0.1,0.16,11.03,-0.95
0.28,-0.04,1.17,-0.38,0.12,0.17,13.37,-2.09
0.33,-0.08,1.19,-0.34,0.15,0.17,15.53,-3.56
0.39,-0.1,1.2,-0.3,0.22,0.16,18.06,-4.76
0.43,-0.13,1.2,-0.24,0.27,0.13,19.44,-5.64
0.44,-0.14,1.2,-0.2,0.3,0.11,20.09,-6.11
0.42,-0.14,1.19,-0.14,0.28,0.09,19.5,-6.25
0.39,-0.13,1.19,-0.12,0.25,0.07,18.22,-5.79
0.37,-0.12,1.18,-0.13,0.21,0.06,17.22,-5.5
0.34,-0.11,1.17,-0.18,0.12,0.07,16.27,-5.11
0.32,-0.1,1.17,-0.23,0.01,0.08,15.39,-4.87
0.31,-0.11,1.17,-0.3,-0.13,0.12,14.86,-4.99
0.3,-0.13,1.16,-0.38,-0.27,0.12,14.48,-6.0
0.32,-0.14,1.15,-0.48,-0.4,0.15,15.36,-6.59
0.35,-0.15,1.14,-0.57,-0.53,0.15,16.79,-7.13
0.38,-0.16,1.14,-0.67,-0.67,0.14,18.24,-7.41
0.42,-0.18,1.14,-0.75,-0.73,0.11,19.88,-8.27
0.46,-0.2,1.16,-0.84,-0.77,0.08,21.36,-9.2
0.5,-0.23,1.18,-0.89,-0.81,0.04,22.55,-10.24
0.53,-0.24,1.18,-0.93,-0.86,-0.01,23.78,-10.56
0.55,-0.26,1.18,-0.96,-0.86,-0.08,24.46,-11.17
0.55,-0.27,1.18,-1.02,-0.85,-0.16,24.36,-11.71
0.52,-0.29,1.17,-1.04,-0.85,-0.23,23.47,-12.65
0.53,-0.3,1.16,-1.08,-0.84,-0.3,23.68,-13.23
0.52,-0.31,1.17,-1.15,-0.83,-0.38,23.28,-13.41
0.51,-0.29,1.2,-1.24,-0.89,-0.47,22.67,-12.77
0.53,-0.28,1.29,-1.35,-1.03,-0.52,22.0,-11.46
0.54,-0.27,1.38,-1.41,-1.2,-0.53,20.96,-10.45
0.55,-0.27,1.47,-1.46,-1.41,-0.51,20.1,-9.9
0.58,-0.28,1.55,-1.5,-1.66,-0.48,20.37,-9.57
0.63,-0.28,1.61,-1.5,-1.93,-0.43,21.13,-9.08
0.66,-0.27,1.65,-1.5,-2.23,-0.43,21.56,-8.72
0.69,-0.29,1.66,-1.39,-2.45,-0.34,22.25,-9.07
0.72,-0.29,1.67,-1.32,-2.64,-0.32,23.12,-9.15
0.76,-0.29,1.68,-1.23,-2.77,-0.34,24.13,-8.99
0.81,-0.3,1.7,-1.1,-2.79,-0.38,25.15,-9.19
0.83,-0.32,1.73,-0.95,-2.76,-0.45,25.17,-9.36
0.83,-0.33,1.75,-0.77,-2.64,-0.55,25.02,-9.51
0.82,-0.31,1.79,-0.59,-2.5,-0.67,24.16,-9.02
0.79,-0.28,1.83,-0.4,-2.35,-0.78,23.22,-8.07
0.74,-0.26,1.87,-0.21,-2.21,-0.89,21.54,-7.4
0.68,-0.23,1.89,-0.04,-2.05,-0.99,19.56,-6.67
0.61,-0.21,1.91,0.13,-1.91,-1.05,17.62,-5.95
0.55,-0.19,1.92,0.3,-1.8,-1.1,16.01,-5.46
0.49,-0.18,1.91,0.43,-1.68,-1.16,14.23,-5.25
0.41,-0.16,1.9,0.55,-1.61,-1.21,12.23,-4.61
0.33,-0.14,1.89,0.63,-1.56,-1.24,9.99,-4.07
0.25,-0.1,1.89,0.71,-1.55,-1.26,7.58,-3.13
0.17,-0.07,1.91,0.77,-1.57,-1.25,4.95,-1.96
0.08,-0.03,1.94,0.79,-1.64,-1.24,2.38,-0.79
0.01,0.04,1.99,0.78,-1.77,-1.17,0.33,1.14
-0.04,0.1,2.02,0.8,-1.94,-1.05,-1.11,2.87
-0.05,0.12,2.05,0.84,-2.14,-0.92,-1.39,3.35
-0.05,0.12,2.05,0.89,-2.33,-0.79,-1.49,3.25
-0.03,0.12,2.04,0.96,-2.52,-0.69,-0.75,3.31
-0.01,0.12,2.01,1.02,-2.65,-0.61,-0.14,3.33
-0.0,0.11,1.97,1.13,-2.74,-0.58,-0.08,3.1
-0.01,0.09,1.94,1.23,-2.77,-0.58,-0.17,2.69
-0.01,0.09,1.9,1.32,-2.77,-0.61,-0.16,2.65
-0.01,0.09,1.86,1.43,-2.72,-0.64,-0.41,2.87
-0.04,0.1,1.84,1.55,-2.68,-0.7,-1.19,3.22
-0.11,0.12,1.81,1.66,-2.62,-0.76,-3.57,3.75
-0.2,0.14,1.78,1.76,-2.55,-0.81,-6.46,4.54
-0.29,0.16,1.74,1.84,-2.5,-0.82,-9.31,5.28
-0.38,0.19,1.68,1.91,-2.45,-0.82,-12.59,6.18
-0.47,0.2,1.61,1.95,-2.42,-0.8,-16.28,6.83
-0.55,0.23,1.55,1.94,-2.39,-0.76,-19.52,7.9
-0.61,0.25,1.47,1.92,-2.39,-0.7,-22.39,9.07
-0.66,0.27,1.4,1.87,-2.39,-0.63,-24.71,9.85
-0.69,0.28,1.35,1.81,-2.41,-0.56,-26.45,10.51
-0.71,0.29,1.31,1.72,-2.4,-0.5,-27.96,10.92
-0.71,0.3,1.27,1.65,-2.43,-0.42,-28.58,11.45
-0.7,0.3,1.22,1.59,-2.45,-0.35,-29.03,11.9
-0.71,0.3,1.19,1.52,-2.47,-0.3,-30.11,12.36
-0.7,0.31,1.15,1.44,-2.51,-0.25,-30.5,12.86
-0.69,0.31,1.11,1.35,-2.52,-0.19,-31.1,13.44
-0.7,0.31,1.07,1.28,-2.55,-0.15,-32.08,13.5
-0.7,0.3,1.03,1.18,-2.59,-0.1,-33.05,13.53
-0.7,0.31,1.0,1.08,-2.61,-0.07,-33.6,14.24
-0.68,0.31,0.99,0.97,-2.65,-0.03,-33.14,14.55
-0.65,0.31,0.98,0.88,-2.69,0.01,-32.16,14.91
-0.62,0.31,0.99,0.8,-2.73,0.04,-30.82,14.67
-0.59,0.32,1.01,0.72,-2.77,0.05,-29.17,15.1
-0.57,0.33,1.03,0.67,-2.8,0.08,-27.81,15.52
-0.55,0.33,1.05,0.66,-2.84,0.09,-26.61,15.58
-0.55,0.31,1.05,0.65,-2.87,0.12,-26.68,14.66
-0.55,0.31,1.05,0.66,-2.86,0.12,-26.8,14.72
-0.54,0.3,1.06,0.67,-2.84,0.12,-26.24,14.1
-0.52,0.29,1.05,0.71,-2.81,0.13,-25.62,13.75
-0.5,0.29,1.04,0.76,-2.76,0.12,-25.08,13.96
-0.49,0.29,1.05,0.81,-2.67,0.11,-24.33,14.07
-0.49,0.29,1.03,0.87,-2.59,0.09,-24.56,14.27
-0.49,0.29,1.02,0.94,-2.5,0.08,-24.64,14.5
-0.5,0.29,0.98,1.01,-2.46,0.06,-25.73,14.92
-0.51,0.29,0.95,1.07,-2.39,0.05,-27.02,15.31
-0.52,0.29,0.9,1.1,-2.32,0.05,-28.89,15.42
-0.51,0.29,0.85,1.13,-2.28,0.08,-29.75,16.36
-0.49,0.29,0.82,1.16,-2.24,0.1,-29.51,16.62
-0.47,0.28,0.8,1.18,-2.21,0.11,-29.14,16.54
-0.44,0.26,0.77,1.19,-2.15,0.12,-28.7,16.6
-0.42,0.25,0.76,1.21,-2.13,0.12,-27.66,16.29
-0.39,0.24,0.74,1.25,-2.11,0.1,-26.5,15.82
-0.36,0.22,0.72,1.3,-2.09,0.08,-25.43,15.59
-0.33,0.21,0.7,1.34,-2.05,0.05,-24.01,15.17
-0.3,0.21,0.69,1.4,-2.01,0.01,-22.97,15.43
-0.3,0.19,0.66,1.47,-1.92,-0.03,-23.44,14.7
-0.29,0.18,0.63,1.53,-1.86,-0.06,-23.85,14.74
-0.28,0.16,0.6,1.59,-1.75,-0.12,-24.43,13.23
-0.25,0.12,0.57,1.62,-1.66,-0.18,-23.5,11.29
-0.21,0.08,0.53,1.66,-1.54,-0.24,-21.26,7.59
-0.15,0.02,0.5,1.69,-1.41,-0.33,-16.87,2.08
-0.11,-0.02,0.46,1.7,-1.24,-0.44,-13.06,-2.64
-0.07,-0.04,0.42,1.69,-1.02,-0.54,-9.82,-4.92
-0.06,-0.04,0.36,1.61,-1.0,-0.51,-8.84,-6.11
-0.07,-0.02,0.31,1.61,-0.7,-0.68,-11.78,-4.12
-0.09,0.0,0.28,1.56,-0.56,-0.75,-17.46,0.48
-0.1,0.03,0.25,1.46,-0.46,-0.77,-21.56,6.81
-0.11,0.06,0.22,1.35,-0.43,-0.76,-25.3,14.11
-0.13,0.1,0.22,1.23,-0.44,-0.73,-28.83,21.24
-0.17,0.14,0.23,1.11,-0.49,-0.68,-31.72,26.49
-0.21,0.18,0.24,0.96,-0.57,-0.6,-35.21,29.33
-0.25,0.22,0.25,0.83,-0.73,-0.47,-36.97,32.14
-0.27,0.26,0.27,0.71,-0.92,-0.33,-36.11,34.18
-0.27,0.28,0.3,0.6,-1.1,-0.19,-33.09,34.94
-0.26,0.27,0.35,0.48,-1.29,-0.04,-30.47,32.23
-0.24,0.27,0.39,0.4,-1.43,0.1,-26.62,30.25
-0.19,0.26,0.45,0.37,-1.58,0.21,-19.88,28.11
-0.13,0.23,0.51,0.34,-1.64,0.32,-12.77,23.5
-0.09,0.2,0.56,0.33,-1.62,0.37,-8.57,19.28
-0.04,0.16,0.59,0.36,-1.59,0.4,-3.66,15.14
-0.01,0.12,0.61,0.42,-1.54,0.38,-1.01,11.36
0.0,0.1,0.6,0.47,-1.45,0.35,0.24,9.58
0.0,0.1,0.57,0.47,-1.32,0.31,0.05,9.73
0.01,0.11,0.54,0.46,-1.21,0.27,0.85,11.38
0.0,0.14,0.54,0.45,-1.09,0.24,0.06,14.23
0.0,0.16,0.52,0.43,-1.01,0.23,0.4,16.67
-0.0,0.17,0.52,0.42,-0.89,0.23,-0.51,17.74
-0.01,0.19,0.5,0.39,-0.82,0.24,-0.72,20.17
-0.0,0.18,0.5,0.36,-0.77,0.26,-0.3,19.59
-0.0,0.17,0.48,0.31,-0.73,0.28,-0.13,19.87
0.03,0.17,0.46,0.25,-0.68,0.3,3.53,20.52
0.05,0.17,0.46,0.16,-0.66,0.33,5.49,20.39
0.06,0.15,0.45,0.09,-0.69,0.37,6.72,18.92
0.08,0.14,0.45,0.0,-0.71,0.38,9.14,16.55
0.08,0.11,0.45,-0.09,-0.73,0.4,9.93,13.77
0.1,0.08,0.48,-0.2,-0.75,0.41,11.2,9.26
0.11,0.06,0.49,-0.27,-0.8,0.41,12.86,6.56
0.12,0.05,0.5,-0.35,-0.84,0.39,13.11,5.98
0.12,0.05,0.53,-0.44,-0.87,0.39,12.73,5.72
0.11,0.06,0.55,-0.5,-0.9,0.37,11.64,5.64
0.1,0.06,0.59,-0.55,-0.95,0.38,9.3,6.1
0.09,0.08,0.63,-0.57,-0.99,0.39,8.45,7.06
0.09,0.08,0.66,-0.59,-0.98,0.39,7.84,6.58
0.1,0.07,0.69,-0.6,-0.96,0.41,8.09,5.97
0.11,0.06,0.72,-0.55,-0.93,0.42,8.71,4.88
0.12,0.06,0.76,-0.51,-0.9,0.4,9.07,4.13
0.12,0.05,0.79,-0.47,-0.84,0.4,9.0,3.59
0.12,0.05,0.81,-0.41,-0.75,0.39,8.67,3.27
0.12,0.05,0.83,-0.32,-0.69,0.38,8.2,3.2
0.11,0.04,0.85,-0.23,-0.66,0.38,7.6,2.51
0.12,0.03,0.86,-0.09,-0.53,0.33,7.67,2.14
0.13,0.03,0.85,0.03,-0.41,0.29,8.85,1.76
0.15,0.02,0.84,0.15,-0.31,0.28,10.07,1.64
0.16,0.02,0.82,0.28,-0.24,0.26,11.26,1.63
0.18,0.02,0.8,0.37,-0.13,0.23,12.51,1.17
0.2,0.01,0.77,0.47,-0.03,0.2,14.89,0.84
0.22,0.01,0.74,0.56,0.05,0.18,16.91,0.51
0.25,-0.02,0.71,0.62,0.15,0.15,19.4,-1.28
0.28,-0.05,0.66,0.68,0.23,0.1,22.73,-4.05
0.31,-0.07,0.63,0.7,0.32,0.05,26.21,-5.48
0.33,-0.08,0.59,0.69,0.38,0.01,28.92,-6.73
0.35,-0.08,0.55,0.69,0.41,-0.06,31.96,-7.08
0.35,-0.07,0.52,0.64,0.41,-0.1,33.7,-6.09
0.35,-0.04,0.49,0.56,0.41,-0.15,35.15,-4.18
0.35,-0.03,0.46,0.47,0.35,-0.16,37.37,-2.59
0.34,-0.0,0.44,0.36,0.33,-0.18,37.26,-0.35
0.3,0.01,0.45,0.24,0.27,-0.17,33.88,1.48
0.28,0.02,0.46,0.13,0.23,-0.14,30.85,2.13
0.25,0.02,0.5,0.03,0.19,-0.1,26.24,1.56
0.22,0.01,0.53,-0.02,0.12,-0.06,22.72,0.9
0.22,0.0,0.55,-0.09,0.04,-0.02,21.43,0.38
0.21,0.01,0.57,-0.15,-0.01,-0.01,20.5,1.1
0.21,0.01,0.59,-0.22,-0.06,0.03,19.93,0.95
0.2,0.01,0.61,-0.28,-0.11,0.06,18.39,0.52
0.19,0.02,0.64,-0.32,-0.15,0.07,16.58,2.05
0.17,0.03,0.68,-0.35,-0.2,0.09,13.81,2.56
0.14,0.04,0.71,-0.4,-0.22,0.11,11.25,3.21
0.12,0.05,0.74,-0.43,-0.25,0.15,9.35,3.54
0.11,0.05,0.77,-0.43,-0.28,0.18,8.29,3.34
0.1,0.04,0.79,-0.43,-0.26,0.19,7.22,3.03
0.1,0.03,0.83,-0.43,-0.24,0.2,6.81,2.38
0.09,0.03,0.85,-0.43,-0.22,0.21,6.34,1.91
0.1,0.02,0.87,-0.39,-0.19,0.21,6.42,1.61
0.1,0.02,0.9,-0.37,-0.13,0.21,6.47,1.51
0.1,0.02,0.9,-0.36,-0.09,0.19,6.28,1.11
0.09,0.02,0.91,-0.35,-0.03,0.19,5.43,1.25
0.08,0.03,0.93,-0.31,0.0,0.18,5.01,1.77
0.07,0.04,0.93,-0.28,0.03,0.16,4.43,2.45
0.05,0.05,0.93,-0.27,0.06,0.16,2.98,3.05
0.04,0.06,0.95,-0.26,0.06,0.18,2.18,3.72
0.02,0.08,0.96,-0.22,0.03,0.2,1.4,4.83
0.01,0.09,0.97,-0.2,-0.01,0.24,0.69,5.03
0.01,0.09,0.99,-0.19,-0.01,0.25,0.52,5.05
0.01,0.09,1.02,-0.16,-0.06,0.28,0.69,4.83
0.02,0.08,1.03,-0.11,-0.08,0.3,1.26,4.4
0.03,0.07,1.05,-0.06,-0.12,0.31,1.52,3.88
0.02,0.06,1.07,-0.02,-0.11,0.31,1.21,3.38
0.03,0.06,1.07,0.04,-0.1,0.3,1.63,3.0
0.03,0.05,1.08,0.11,-0.08,0.29,1.55,2.47
0.03,0.04,1.07,0.18,-0.05,0.27,1.61,2.03
0.03,0.04,1.04,0.24,0.03,0.23,1.55,2.26
0.04,0.04,1.0,0.28,0.1,0.22,2.09,2.05
0.03,0.04,0.97,0.31,0.17,0.2,2.04,2.43
0.03,0.04,0.93,0.32,0.21,0.2,1.92,2.64
0.04,0.04,0.92,0.31,0.23,0.22,2.44,2.74
0.04,0.03,0.9,0.28,0.29,0.21,2.49,1.66
0.05,0.01,0.89,0.26,0.27,0.23,3.22,0.96
0.07,0.01,0.88,0.23,0.25,0.24,4.36,0.42
0.09,0.0,0.88,0.18,0.26,0.23,5.84,0.25
0.1,-0.0,0.9,0.13,0.27,0.22,6.51,-0.21
0.11,-0.0,0.91,0.07,0.25,0.22,6.86,-0.27
0.1,0.0,0.92,0.03,0.21,0.2,6.39,0.02
0.09,0.0,0.95,0.0,0.18,0.2,5.43,0.26
0.08,0.02,0.98,-0.05,0.14,0.2,4.74,0.96
0.07,0.01,0.98,-0.07,0.11,0.18,4.3,0.69
0.08,0.01,1.0,-0.09,0.09,0.18,4.48,0.47
0.08,0.01,1.0,-0.1,0.07,0.17,4.45,0.58
0.08,0.01,1.0,-0.11,0.07,0.16,4.29,0.76
0.06,0.02,1.01,-0.14,0.06,0.15,3.47,0.95
0.05,0.02,1.01,-0.13,0.06,0.14,2.76,0.97
0.04,0.03,1.01,-0.15,0.02,0.15,2.1,1.65
0.02,0.03,1.01,-0.17,0.04,0.14,1.35,1.87
0.02,0.03,1.01,-0.18,0.02,0.15,1.08,1.51
0.01,0.03,1.0,-0.2,0.03,0.15,0.75,1.67
0.02,0.03,1.01,-0.19,0.0,0.16,1.04,1.98
0.02,0.04,1.02,-0.21,0.01,0.15,1.09,2.12
0.02,0.03,1.04,-0.24,0.02,0.15,1.11,1.83
0.03,0.03,1.04,-0.22,0.01,0.15,1.37,1.49
0.02,0.03,1.06,-0.22,-0.0,0.16,1.06,1.54
0.02,0.03,1.08,-0.22,0.04,0.13,1.25,1.5
0.02,0.03,1.1,-0.19,0.06,0.12,1.24,1.59
0.01,0.03,1.1,-0.17,0.08,0.1,0.38,1.55
0.01,0.03,1.1,-0.14,0.09,0.08,0.54,1.52
0.01,0.03,1.1,-0.12,0.13,0.07,0.53,1.66
0.01,0.03,1.1,-0.08,0.15,0.06,0.46,1.63
-0.0,0.04,1.09,-0.07,0.16,0.05,-0.2,2.25
-0.0,0.04,1.07,-0.06,0.13,0.06,-0.02,2.07
-0.02,0.04,1.06,-0.06,0.14,0.04,-0.82,2.03
-0.02,0.04,1.05,-0.07,0.12,0.04,-1.23,2.38
-0.03,0.04,1.05,-0.07,0.08,0.05,-1.66,2.3
-0.03,0.05,1.04,-0.06,0.02,0.06,-1.86,3.02
-0.03,0.06,1.04,-0.06,-0.01,0.06,-1.54,3.2
-0.03,0.05,1.04,-0.07,-0.01,0.08,-1.45,2.77
-0.01,0.05,1.04,-0.05,-0.05,0.08,-0.51,2.67
-0.01,0.04,1.05,-0.05,-0.04,0.09,-0.66,2.31
-0.0,0.05,1.04,-0.02,-0.05,0.07,-0.12,2.71
-0.01,0.04,1.03,-0.02,-0.03,0.07,-0.45,2.16
-0.01,0.04,1.02,-0.02,-0.03,0.08,-0.38,2.03
-0.01,0.03,1.0,-0.08,-0.1,0.14,-0.31,1.92
-0.01,0.03,0.99,-0.05,-0.03,0.09,-0.33,1.92
-0.01,0.03,0.98,-0.06,0.01,0.07,-0.57,1.57
-0.02,0.03,0.97,-0.07,-0.01,0.09,-1.11,1.84
-0.03,0.04,0.97,-0.09,-0.02,0.09,-1.7,2.32
-0.03,0.04,0.99,-0.1,-0.02,0.1,-1.88,2.4
-0.03,0.04,0.99,-0.09,-0.02,0.12,-1.96,2.42
-0.03,0.03,1.01,-0.12,0.01,0.14,-1.9,1.96
-0.03,0.04,1.02,-0.09,-0.01,0.14,-1.77,2.18
-0.03,0.03,1.03,-0.08,-0.0,0.16,-1.45,1.73
-0.02,0.03,1.03,-0.07,0.04,0.15,-1.0,1.44
-0.02,0.03,1.04,-0.05,0.05,0.17,-0.9,1.63
-0.01,0.03,1.04,-0.01,0.05,0.18,-0.71,1.49
-0.0,0.02,1.03,0.01,0.06,0.18,-0.02,1.31
0.01,0.02,1.03,0.02,0.09,0.17,0.5,1.29
0.03,0.03,1.04,0.04,0.09,0.19,1.5,1.49
0.04,0.02,1.04,0.04,0.11,0.18,1.96,1.21
0.04,0.02,1.05,0.07,0.08,0.19,2.25,1.15
0.05,0.02,1.04,0.08,0.1,0.17,2.88,0.89
0.05,0.01,1.03,0.09,0.08,0.16,3.04,0.38
0.06,0.01,1.02,0.1,0.09,0.14,3.19,0.45
0.06,0.0,1.0,0.1,0.05,0.15,3.22,0.04
0.06,0.0,0.99,0.09,0.07,0.14,3.66,0.16
0.08,-0.0,0.98,0.1,0.07,0.12,4.5,-0.06
0.08,0.0,0.97,0.09,0.06,0.12,4.65,0.16
0.08,0.01,0.97,0.06,0.03,0.11,4.48,0.45
0.06,0.01,0.96,0.06,0.01,0.09,3.78,0.81
0.06,0.02,0.96,0.02,0.01,0.08,3.47,1.16
0.05,0.03,0.97,0.0,-0.02,0.09,2.97,1.47
0.04,0.03,0.99,-0.01,-0.04,0.09,2.15,1.67
0.04,0.03,1.0,0.01,-0.04,0.09,2.42,1.99
0.04,0.04,1.0,0.02,-0.01,0.08,2.49,2.14
0.04,0.04,1.0,0.02,0.01,0.09,2.49,2.15
0.05,0.04,1.0,0.05,0.03,0.07,2.72,2.34
0.05,0.05,0.99,0.08,0.07,0.06,3.0,2.87
0.05,0.05,0.97,0.07,0.11,0.06,2.98,2.85
0.05,0.05,0.96,0.08,0.15,0.06,2.86,2.95
0.04,0.05,0.94,0.08,0.17,0.05,2.52,3.12
0.04,0.06,0.92,0.07,0.17,0.06,2.5,3.66
0.04,0.06,0.91,0.04,0.21,0.06,2.52,3.75
0.04,0.06,0.9,0.03,0.2,0.08,2.52,3.52
0.05,0.06,0.89,-0.01,0.2,0.07,3.46,3.9
0.05,0.07,0.9,-0.03,0.16,0.09,3.45,4.6
0.07,0.07,0.92,-0.08,0.17,0.08,4.06,4.51
0.04,0.07,0.93,-0.11,0.16,0.1,2.7,4.4
0.04,0.06,0.94,-0.12,0.14,0.1,2.3,3.92
0.03,0.07,0.94,-0.15,0.14,0.1,1.94,4.04
0.01,0.07,0.96,-0.13,0.12,0.11,0.88,4.04
0.01,0.07,0.96,-0.15,0.14,0.11,0.85,4.23
0.02,0.07,0.97,-0.13,0.14,0.12,1.02,4.23
0.02,0.07,0.98,-0.14,0.15,0.12,1.36,4.16
0.03,0.07,0.99,-0.12,0.16,0.14,1.55,4.0
0.03,0.07,1.01,-0.11,0.19,0.13,1.97,3.91
0.04,0.06,1.01,-0.09,0.21,0.13,2.04,3.51
0.04,0.07,1.01,-0.06,0.21,0.14,2.0,3.79
0.04,0.07,1.01,-0.03,0.23,0.13,2.26,3.8
0.04,0.07,1.01,-0.01,0.23,0.14,2.41,4.02
0.04,0.06,1.01,0.0,0.26,0.13,2.25,3.59
0.05,0.07,1.0,0.02,0.25,0.13,2.83,3.73
0.06,0.05,1.01,0.06,0.25,0.14,3.13,3.08
0.06,0.05,1.0,0.06,0.28,0.13,3.31,2.8
0.07,0.05,0.99,0.08,0.28,0.12,4.26,2.65
0.07,0.04,0.98,0.11,0.28,0.12,4.32,2.14
0.08,0.04,0.97,0.13,0.28,0.11,4.66,2.38
0.08,0.04,0.96,0.16,0.31,0.09,4.71,2.09
0.09,0.03,0.95,0.16,0.31,0.1,5.2,2.07
0.09,0.03,0.95,0.17,0.33,0.09,5.61,2.04
0.1,0.03,0.93,0.2,0.31,0.1,5.98,1.86
0.11,0.03,0.92,0.21,0.33,0.08,6.82,1.96
0.12,0.03,0.91,0.23,0.33,0.09,7.33,1.85
0.13,0.03,0.91,0.24,0.33,0.07,8.09,1.6
0.14,0.02,0.89,0.26,0.31,0.06,8.81,0.96
0.14,0.02,0.87,0.26,0.33,0.06,9.31,1.14
0.16,0.02,0.86,0.27,0.35,0.04,10.38,1.3
0.17,0.02,0.85,0.3,0.36,0.03,11.45,1.18
0.18,0.02,0.83,0.31,0.37,0.02,12.17,1.15
0.18,0.03,0.81,0.33,0.39,0.01,12.79,1.93
0.2,0.03,0.79,0.34,0.42,-0.01,14.14,2.13
0.2,0.03,0.77,0.37,0.44,-0.02,14.76,2.12
0.2,0.03,0.75,0.39,0.44,-0.04,14.98,2.22
0.21,0.03,0.71,0.4,0.47,-0.06,16.49,2.17
0.21,0.03,0.68,0.4,0.5,-0.07,16.99,2.54
0.21,0.04,0.65,0.39,0.49,-0.07,18.26,3.37
0.2,0.04,0.62,0.37,0.48,-0.08,18.23,3.65
0.19,0.03,0.58,0.36,0.49,-0.1,18.5,2.75
0.19,0.03,0.56,0.32,0.49,-0.09,18.41,3.19
0.18,0.04,0.54,0.28,0.49,-0.09,18.66,4.26
0.17,0.05,0.54,0.25,0.45,-0.07,17.82,4.86
0.16,0.04,0.54,0.22,0.45,-0.07,16.68,4.39
0.14,0.05,0.56,0.19,0.45,-0.05,13.94,5.0
0.13,0.06,0.55,0.18,0.44,-0.03,13.43,5.74
0.13,0.04,0.55,0.19,0.42,-0.01,13.1,4.32
0.14,0.04,0.57,0.2,0.44,-0.01,13.47,4.01
0.13,0.03,0.57,0.22,0.47,-0.0,12.43,3.14
0.13,0.02,0.58,0.25,0.5,0.01,12.44,2.03
0.14,0.03,0.57,0.28,0.54,0.02,13.89,2.56
0.15,0.02,0.57,0.31,0.6,0.01,14.49,2.0
0.17,0.02,0.57,0.32,0.67,0.0,16.33,2.37
0.18,0.02,0.57,0.38,0.7,0.01,17.22,2.21
0.19,0.03,0.56,0.42,0.76,-0.01,18.68,2.83
0.21,0.04,0.54,0.47,0.82,-0.03,20.9,4.05
0.23,0.04,0.53,0.48,0.89,-0.04,23.54,4.27
0.25,0.04,0.5,0.49,0.96,-0.05,26.55,3.99
0.27,0.04,0.47,0.5,1.02,-0.08,30.05,3.99
0.28,0.05,0.44,0.5,1.05,-0.1,32.59,5.42
0.29,0.05,0.43,0.5,1.09,-0.15,33.6,5.78
0.28,0.05,0.39,0.46,1.09,-0.18,35.64,6.2
0.27,0.06,0.36,0.4,1.12,-0.24,36.91,7.4
0.26,0.07,0.34,0.34,1.06,-0.25,36.26,9.89
0.23,0.1,0.32,0.27,1.05,-0.3,34.71,13.49
0.21,0.12,0.32,0.2,0.99,-0.31,31.41,17.65
0.18,0.13,0.32,0.14,0.93,-0.33,28.19,19.89
0.15,0.13,0.33,0.08,0.85,-0.32,23.52,19.19
0.13,0.12,0.32,0.05,0.85,-0.34,20.86,19.81
0.11,0.12,0.32,-0.0,0.84,-0.36,17.54,19.63
0.09,0.13,0.31,-0.05,0.86,-0.37,14.23,22.26
0.05,0.14,0.3,-0.09,0.91,-0.36,8.3,24.71
0.02,0.13,0.29,-0.13,0.98,-0.36,3.38,24.22
0.01,0.13,0.28,-0.2,1.07,-0.34,1.42,25.14
-0.04,0.15,0.27,-0.25,1.13,-0.31,-6.76,29.56
-0.06,0.14,0.29,-0.3,1.2,-0.29,-10.67,25.49
-0.04,0.14,0.25,-0.39,1.32,-0.29,-8.71,29.5
-0.07,0.17,0.2,-0.53,1.44,-0.26,-15.25,38.47
-0.11,0.18,0.24,-0.64,1.5,-0.22,-21.16,33.71
-0.16,0.18,0.3,-0.75,1.54,-0.18,-24.84,27.34
-0.19,0.17,0.39,-0.81,1.56,-0.1,-23.74,21.23
-0.19,0.15,0.49,-0.83,1.57,-0.05,-20.33,15.94
-0.18,0.11,0.55,-0.85,1.59,0.02,-17.66,10.34
-0.16,0.07,0.6,-0.85,1.6,0.02,-14.52,6.88
-0.14,0.06,0.65,-0.82,1.61,0.02,-12.0,4.98
-0.12,0.04,0.7,-0.81,1.67,0.0,-9.47,3.42
-0.1,0.03,0.76,-0.77,1.72,-0.03,-7.68,2.57
-0.09,0.02,0.81,-0.68,1.76,-0.07,-6.66,1.57
-0.1,0.02,0.83,-0.6,1.81,-0.11,-6.82,1.42
-0.11,0.02,0.84,-0.53,1.9,-0.18,-7.75,1.23
-0.12,0.04,0.83,-0.44,1.92,-0.22,-7.95,2.41
-0.13,0.05,0.84,-0.38,1.99,-0.27,-8.58,3.36
-0.15,0.06,0.82,-0.29,2.0,-0.31,-9.96,4.42
-0.16,0.08,0.83,-0.24,2.05,-0.35,-11.11,5.34
-0.18,0.11,0.82,-0.2,2.07,-0.37,-12.56,7.29
-0.2,0.12,0.83,-0.08,2.27,-0.55,-13.19,7.96
-0.21,0.13,0.84,-0.09,2.07,-0.4,-14.02,8.25
-0.22,0.12,0.84,-0.06,2.12,-0.43,-14.68,7.64
-0.25,0.08,0.81,-0.04,2.11,-0.45,-17.24,5.62
-0.29,0.08,0.74,-0.02,2.09,-0.49,-21.22,5.63
-0.32,0.1,0.73,-0.09,2.07,-0.5,-23.16,7.17
-0.32,0.13,0.73,-0.13,2.04,-0.5,-22.95,9.26
-0.29,0.12,0.75,-0.2,2.05,-0.51,-21.24,8.41
-0.29,0.12,0.77,-0.25,2.06,-0.54,-20.33,8.02
-0.31,0.12,0.79,-0.33,2.03,-0.55,-21.19,7.9
-0.34,0.14,0.81,-0.39,2.01,-0.58,-22.44,8.77
-0.36,0.15,0.85,-0.45,1.94,-0.56,-22.47,9.56
-0.34,0.15,0.88,-0.52,1.86,-0.54,-20.64,9.3
-0.28,0.12,0.92,-0.56,1.78,-0.51,-16.99,6.87
-0.23,0.09,0.96,-0.57,1.73,-0.52,-13.16,5.15
-0.19,0.07,0.99,-0.59,1.71,-0.55,-10.62,4.1
-0.17,0.06,1.04,-0.57,1.67,-0.59,-9.05,3.39
-0.15,0.06,1.08,-0.52,1.64,-0.61,-7.97,2.98
-0.17,0.06,1.16,-0.47,1.66,-0.67,-8.17,3.0
-0.18,0.05,1.13,-0.42,1.68,-0.7,-8.99,2.59
-0.24,0.07,1.16,-0.37,1.67,-0.71,-11.86,3.17
-0.26,0.06,1.19,-0.32,1.72,-0.76,-12.39,2.88
-0.29,0.08,1.21,-0.26,1.61,-0.67,-13.31,3.81
-0.28,0.09,1.21,-0.21,1.64,-0.66,-12.9,4.21
-0.27,0.08,1.18,-0.18,1.63,-0.63,-13.02,3.84
-0.28,0.07,1.16,-0.21,1.62,-0.62,-13.46,3.25
-0.28,0.05,1.16,-0.23,1.6,-0.6,-13.46,2.55
-0.24,0.05,1.15,-0.28,1.58,-0.61,-11.98,2.32
-0.18,0.03,1.13,-0.32,1.55,-0.61,-8.9,1.68
-0.08,-0.0,1.14,-0.36,1.52,-0.65,-4.17,-0.03
0.01,-0.06,1.16,-0.36,1.44,-0.71,0.42,-2.91
0.08,-0.11,1.18,-0.36,1.42,-0.83,4.01,-5.13
0.12,-0.14,1.18,-0.31,1.36,-0.97,5.57,-6.6
0.12,-0.14,1.18,-0.23,1.31,-1.12,5.76,-6.53
0.09,-0.12,1.19,-0.13,1.24,-1.26,4.24,-5.77
0.03,-0.08,1.19,-0.07,1.21,-1.39,1.47,-4.05
-0.07,-0.04,1.19,-0.02,1.15,-1.48,-3.16,-1.97
-0.18,0.01,1.18,-0.01,1.12,-1.54,-8.83,0.44
-0.27,0.06,1.19,-0.03,1.06,-1.56,-12.86,3.01
-0.35,0.14,1.22,-0.06,1.04,-1.56,-15.71,6.23
-0.4,0.19,1.25,-0.12,1.0,-1.51,-17.71,8.06
-0.46,0.22,1.27,-0.19,0.98,-1.44,-19.77,9.06
-0.51,0.24,1.27,-0.27,0.96,-1.34,-21.52,10.02
-0.55,0.27,1.28,-0.39,0.95,-1.22,-22.78,11.1
-0.55,0.28,1.29,-0.57,0.93,-1.08,-22.56,11.25
-0.52,0.27,1.33,-0.7,0.87,-0.95,-20.91,10.57
-0.44,0.21,1.37,-0.84,0.85,-0.83,-17.58,8.11
-0.34,0.16,1.44,-0.91,0.79,-0.74,-13.36,6.09
-0.24,0.11,1.5,-0.96,0.77,-0.67,-8.95,4.29
-0.15,0.08,1.56,-0.91,0.73,-0.61,-5.44,2.83
-0.06,0.04,1.61,-0.82,0.7,-0.59,-2.27,1.31
0.02,-0.01,1.62,-0.69,0.7,-0.59,0.85,-0.26
0.11,-0.06,1.63,-0.55,0.74,-0.62,4.04,-2.16
0.21,-0.12,1.61,-0.34,0.76,-0.69,7.47,-4.38
0.26,-0.16,1.56,-0.08,0.83,-0.82,9.53,-5.81
0.27,-0.14,1.5,0.12,0.95,-0.97,10.29,-5.3
0.22,-0.09,1.42,0.31,1.07,-1.1,8.94,-3.65
0.11,-0.01,1.32,0.43,1.24,-1.22,4.96,-0.48
-0.01,0.07,1.26,0.51,1.36,-1.3,-0.52,3.37
-0.12,0.16,1.21,0.47,1.47,-1.33,-5.64,7.27
-0.22,0.25,1.2,0.38,1.55,-1.31,-10.36,11.46
-0.31,0.31,1.2,0.25,1.55,-1.22,-14.08,14.26
-0.38,0.37,1.2,0.02,1.55,-1.12,-16.95,16.54
-0.41,0.41,1.22,-0.18,1.44,-0.93,-17.88,17.59
-0.41,0.41,1.24,-0.44,1.34,-0.75,-17.6,17.66
-0.38,0.38,1.28,-0.66,1.18,-0.56,-15.94,15.95
-0.29,0.3,1.34,-0.86,1.0,-0.38,-11.99,12.35
-0.17,0.19,1.4,-1.0,0.82,-0.22,-6.69,7.57
-0.03,0.08,1.44,-1.08,0.72,-0.14,-1.34,3.21
0.09,0.01,1.47,-1.1,0.63,-0.1,3.31,0.2
0.19,-0.03,1.52,-1.04,0.58,-0.1,7.04,-1.23
0.27,-0.06,1.53,-0.95,0.56,-0.12,9.84,-2.3
0.33,-0.09,1.54,-0.83,0.62,-0.17,11.98,-3.35
0.38,-0.1,1.54,-0.67,0.69,-0.23,13.75,-3.67
0.4,-0.1,1.52,-0.48,0.79,-0.31,14.63,-3.75
0.39,-0.08,1.47,-0.32,0.88,-0.39,14.86,-2.97
0.34,-0.04,1.4,-0.19,1.01,-0.47,13.61,-1.45
0.25,0.03,1.34,-0.11,1.15,-0.56,10.69,1.23
0.16,0.1,1.28,-0.07,1.25,-0.6,7.14,4.22
0.08,0.14,1.25,-0.09,1.3,-0.6,3.72,6.46
0.02,0.17,1.23,-0.16,1.36,-0.6,0.72,7.93
-0.06,0.2,1.24,-0.27,1.36,-0.56,-2.92,9.18
-0.14,0.25,1.26,-0.4,1.29,-0.49,-6.28,10.93
-0.22,0.29,1.29,-0.58,1.2,-0.37,-9.27,12.62
-0.25,0.32,1.32,-0.79,1.12,-0.22,-10.48,13.59
-0.23,0.32,1.35,-1.0,1.05,-0.04,-9.57,13.01
-0.18,0.26,1.39,-1.16,0.94,0.14,-7.32,10.69
-0.08,0.17,1.41,-1.3,0.85,0.3,-3.36,7.06
0.04,0.07,1.4,-1.39,0.79,0.41,1.48,2.82
0.17,-0.02,1.38,-1.45,0.75,0.48,6.97,-0.9
0.28,-0.09,1.37,-1.45,0.7,0.5,11.73,-3.51
0.38,-0.13,1.36,-1.42,0.68,0.47,15.66,-5.38
0.47,-0.18,1.36,-1.32,0.68,0.42,18.8,-7.21
0.54,-0.22,1.37,-1.22,0.72,0.34,21.15,-8.55
0.6,-0.25,1.37,-1.08,0.74,0.25,23.33,-9.67
0.64,-0.27,1.36,-0.89,0.76,0.14,24.68,-10.19
0.63,-0.27,1.34,-0.71,0.81,0.01,24.81,-10.47
0.59,-0.26,1.32,-0.52,0.88,-0.14,23.81,-10.26
0.52,-0.22,1.28,-0.35,0.94,-0.26,21.91,-9.2
0.44,-0.18,1.27,-0.22,1.02,-0.39,19.1,-7.53
0.35,-0.12,1.27,-0.11,1.03,-0.47,15.5,-5.33
0.27,-0.09,1.26,-0.06,1.07,-0.52,11.96,-3.8
0.2,-0.04,1.28,-0.0,1.04,-0.55,8.84,-1.72
0.14,0.0,1.31,0.03,0.98,-0.54,6.16,0.08
0.07,0.07,1.28,0.05,1.01,-0.5,3.1,3.09
0.03,0.12,1.26,0.01,1.03,-0.44,1.25,5.3
-0.01,0.15,1.23,-0.04,1.02,-0.36,-0.45,7.01
-0.04,0.2,1.16,-0.13,1.05,-0.3,-1.86,9.74
-0.06,0.22,1.13,-0.23,1.04,-0.22,-3.03,11.18
-0.09,0.24,1.1,-0.35,1.06,-0.14,-4.49,12.13
-0.07,0.24,1.09,-0.48,1.05,-0.05,-3.45,12.29
-0.05,0.23,1.1,-0.62,1.01,0.04,-2.39,11.64
-0.04,0.22,1.11,-0.74,0.94,0.11,-2.08,11.01
-0.02,0.19,1.13,-0.88,0.91,0.18,-0.81,9.76
-0.0,0.17,1.14,-0.99,0.84,0.26,-0.1,8.39
0.03,0.11,1.16,-1.12,0.75,0.33,1.34,5.63
0.08,0.06,1.16,-1.18,0.63,0.4,3.85,2.74
0.14,-0.02,1.16,-1.25,0.5,0.45,6.66,-0.77
0.19,-0.05,1.15,-1.31,0.38,0.45,9.58,-2.46
0.25,-0.08,1.17,-1.33,0.26,0.46,12.04,-3.77
0.29,-0.09,1.19,-1.33,0.15,0.45,13.62,-4.33
0.32,-0.1,1.21,-1.3,0.08,0.43,14.71,-4.78
0.35,-0.12,1.24,-1.28,0.04,0.41,15.73,-5.21
0.37,-0.12,1.27,-1.21,-0.0,0.4,16.17,-5.28
0.38,-0.12,1.28,-1.11,-0.01,0.37,16.37,-5.26
0.38,-0.12,1.29,-1.04,0.04,0.36,16.49,-4.96
0.38,-0.12,1.29,-0.94,0.09,0.34,16.38,-4.94
0.36,-0.11,1.28,-0.87,0.18,0.33,15.86,-4.92
0.35,-0.11,1.28,-0.78,0.27,0.31,15.2,-4.77
0.34,-0.11,1.29,-0.69,0.36,0.29,14.63,-4.87
0.34,-0.11,1.31,-0.63,0.47,0.3,14.35,-4.82
0.33,-0.12,1.32,-0.56,0.55,0.31,14.03,-4.89
0.31,-0.13,1.32,-0.46,0.59,0.34,13.29,-5.31
0.29,-0.13,1.3,-0.39,0.62,0.38,12.43,-5.68
0.26,-0.14,1.27,-0.34,0.67,0.41,11.65,-6.2
0.25,-0.15,1.24,-0.3,0.67,0.46,11.24,-6.63
0.24,-0.15,1.21,-0.29,0.69,0.47,11.04,-6.93
0.24,-0.16,1.19,-0.27,0.66,0.5,11.13,-7.48
0.25,-0.17,1.19,-0.28,0.66,0.53,11.64,-7.87
0.24,-0.18,1.18,-0.27,0.64,0.56,11.62,-8.45
0.25,-0.19,1.17,-0.24,0.59,0.59,12.05,-9.04
0.27,-0.21,1.15,-0.22,0.54,0.62,12.8,-9.98
0.29,-0.23,1.11,-0.21,0.51,0.61,14.48,-11.27
0.32,-0.25,1.05,-0.2,0.45,0.6,16.52,-12.92
0.34,-0.27,0.99,-0.19,0.39,0.55,18.55,-14.39
0.37,-0.29,0.94,-0.19,0.31,0.49,20.67,-15.77
0.38,-0.29,0.9,-0.18,0.24,0.41,21.93,-16.7
0.4,-0.3,0.88,-0.17,0.17,0.31,23.28,-17.3
0.4,-0.29,0.87,-0.15,0.09,0.2,23.45,-16.98
0.39,-0.29,0.87,-0.13,0.02,0.1,23.03,-16.72
0.38,-0.27,0.89,-0.12,-0.03,-0.03,22.2,-15.86
0.37,-0.25,0.91,-0.1,-0.09,-0.13,21.15,-14.5
0.35,-0.23,0.95,-0.06,-0.14,-0.21,19.98,-12.78
0.33,-0.21,0.99,-0.01,-0.17,-0.28,17.85,-11.08
0.3,-0.18,1.04,0.04,-0.19,-0.33,15.74,-9.59
0.28,-0.16,1.06,0.08,-0.2,-0.37,14.53,-8.3
0.25,-0.13,1.07,0.13,-0.21,-0.4,12.99,-6.88
0.23,-0.11,1.09,0.18,-0.22,-0.41,11.98,-5.8
0.22,-0.09,1.1,0.25,-0.21,-0.43,11.06,-4.81
0.19,-0.07,1.1,0.29,-0.18,-0.44,9.84,-3.66
0.17,-0.04,1.08,0.35,-0.17,-0.44,8.77,-2.23
0.15,-0.04,1.07,0.4,-0.15,-0.45,8.2,-1.92
0.13,-0.02,1.06,0.44,-0.13,-0.45,6.78,-1.01
0.11,0.01,1.04,0.47,-0.1,-0.46,5.99,0.34
0.09,0.0,1.02,0.49,-0.09,-0.46,4.85,0.25
0.07,0.01,1.0,0.5,-0.1,-0.46,4.0,0.7
0.04,0.04,0.98,0.49,-0.08,-0.47,2.6,2.37
0.03,0.04,0.98,0.5,-0.08,-0.48,1.93,2.28
0.0,0.05,0.98,0.49,-0.09,-0.49,0.2,2.89
-0.01,0.07,0.98,0.47,-0.11,-0.49,-0.64,3.82
-0.03,0.09,0.99,0.45,-0.14,-0.48,-1.69,5.28
-0.04,0.09,0.99,0.43,-0.13,-0.47,-2.54,5.46
-0.06,0.11,1.0,0.41,-0.15,-0.46,-3.45,6.49
-0.07,0.13,1.0,0.37,-0.17,-0.44,-3.74,7.23
-0.06,0.13,1.01,0.35,-0.19,-0.43,-3.61,7.58
-0.06,0.14,1.01,0.32,-0.19,-0.4,-3.54,7.92
-0.07,0.15,1.01,0.3,-0.18,-0.39,-3.7,8.42
-0.06,0.16,1.03,0.29,-0.19,-0.36,-3.38,8.95
-0.06,0.17,1.05,0.27,-0.2,-0.33,-3.24,8.96
-0.06,0.17,1.05,0.27,-0.19,-0.31,-3.35,9.28
-0.06,0.17,1.05,0.28,-0.18,-0.27,-3.48,9.28
-0.06,0.17,1.03,0.27,-0.17,-0.22,-3.31,9.24
-0.07,0.16,1.02,0.28,-0.16,-0.19,-3.74,9.04
-0.06,0.16,1.01,0.27,-0.13,-0.18,-3.65,9.07
-0.07,0.16,1.0,0.26,-0.09,-0.16,-4.07,9.14
-0.08,0.16,0.98,0.25,-0.07,-0.14,-4.41,9.45
-0.08,0.17,0.96,0.22,-0.05,-0.13,-4.9,9.7
-0.09,0.17,0.96,0.2,-0.03,-0.13,-5.23,9.91
-0.09,0.16,0.95,0.15,0.01,-0.11,-5.06,9.55
-0.08,0.16,0.95,0.12,0.01,-0.08,-4.94,9.3
-0.08,0.15,0.95,0.11,0.01,-0.07,-4.87,9.02
-0.08,0.15,0.94,0.08,0.03,-0.06,-4.72,8.9
-0.07,0.14,0.94,0.04,0.07,-0.05,-4.43,8.62
-0.07,0.15,0.94,0.02,0.07,-0.03,-4.11,8.84
-0.07,0.15,0.93,-0.02,0.11,-0.07,-4.44,9.2
-0.07,0.14,0.94,-0.05,0.08,-0.01,-3.96,8.65
-0.06,0.14,0.94,-0.06,0.08,-0.01,-3.42,8.39
-0.06,0.14,0.94,-0.12,0.09,0.0,-3.5,8.7
-0.05,0.14,0.96,-0.13,0.07,0.02,-3.17,8.27
-0.05,0.14,0.98,-0.15,0.04,0.04,-2.71,7.99
-0.04,0.13,0.99,-0.18,0.04,0.05,-2.24,7.71
-0.03,0.13,1.0,-0.2,0.0,0.09,-1.63,7.52
-0.02,0.12,1.01,-0.22,-0.02,0.1,-1.3,6.54
-0.02,0.11,1.01,-0.22,-0.03,0.12,-0.89,6.03
0.01,0.1,1.01,-0.22,-0.01,0.12,0.42,5.56
0.01,0.09,1.01,-0.23,-0.01,0.13,0.67,5.33
0.02,0.09,1.01,-0.22,0.01,0.14,1.24,5.15
0.03,0.09,1.01,-0.22,0.01,0.15,1.42,4.84
0.04,0.08,1.02,-0.21,0.06,0.13,2.23,4.3
0.05,0.07,1.03,-0.2,0.09,0.13,2.71,3.99
0.05,0.07,1.03,-0.18,0.11,0.13,2.79,3.86
0.06,0.06,1.04,-0.16,0.12,0.13,3.18,3.39
0.06,0.05,1.04,-0.13,0.15,0.12,3.55,2.96
0.07,0.05,1.06,-0.14,0.2,0.13,3.67,2.96
0.06,0.05,1.06,-0.09,0.21,0.13,3.23,2.78
0.06,0.05,1.04,-0.08,0.23,0.13,3.39,2.52
0.07,0.05,1.06,-0.07,0.22,0.13,3.58,2.78
0.05,0.05,1.05,-0.09,0.24,0.14,2.57,2.89
0.03,0.04,1.04,-0.1,0.22,0.15,1.87,2.35
0.02,0.05,1.03,-0.12,0.19,0.16,1.08,3.05
0.01,0.06,1.02,-0.16,0.17,0.17,0.44,3.1
-0.01,0.07,1.02,-0.21,0.16,0.2,-0.47,3.93
-0.01,0.06,1.03,-0.28,0.12,0.22,-0.59,3.46
-0.03,0.06,1.02,-0.37,0.08,0.24,-1.78,3.24
-0.02,0.05,1.03,-0.44,0.05,0.26,-0.9,3.0
-0.01,0.04,1.03,-0.56,0.01,0.29,-0.44,2.27
-0.0,0.03,1.04,-0.66,-0.03,0.33,-0.13,1.57
0.02,0.03,1.06,-0.78,-0.1,0.37,1.11,1.47
0.06,0.02,1.09,-0.88,-0.16,0.4,3.24,1.24
0.12,0.01,1.13,-1.01,-0.16,0.44,6.0,0.5
0.18,-0.02,1.19,-1.06,-0.16,0.48,8.83,-0.73
0.23,-0.05,1.22,-1.12,-0.14,0.52,10.84,-2.34
0.3,-0.09,1.24,-1.17,-0.12,0.55,13.67,-4.26
0.36,-0.13,1.25,-1.19,-0.11,0.56,16.08,-5.51
0.4,-0.15,1.26,-1.23,-0.14,0.58,17.6,-6.31
0.44,-0.14,1.29,-1.26,-0.21,0.59,18.57,-6.05
0.47,-0.14,1.33,-1.32,-0.32,0.62,19.33,-5.69
0.51,-0.15,1.37,-1.35,-0.46,0.65,20.2,-5.69
0.56,-0.18,1.41,-1.37,-0.61,0.7,21.39,-6.61
0.62,-0.21,1.43,-1.39,-0.76,0.73,23.24,-7.6
0.69,-0.25,1.44,-1.36,-0.9,0.76,25.16,-8.81
0.76,-0.29,1.43,-1.34,-1.01,0.74,27.38,-10.02
0.83,-0.32,1.42,-1.31,-1.09,0.71,29.53,-11.03
0.89,-0.36,1.41,-1.23,-1.14,0.64,31.58,-12.12
0.96,-0.39,1.41,-1.14,-1.16,0.54,33.2,-13.01
1.01,-0.42,1.41,-1.05,-1.14,0.41,34.41,-13.73
1.05,-0.43,1.45,-0.93,-1.13,0.27,34.64,-13.54
1.09,-0.44,1.5,-0.79,-1.07,0.1,35.0,-13.37
1.1,-0.44,1.53,-0.62,-1.02,-0.05,34.64,-13.16
1.09,-0.44,1.58,-0.42,-0.97,-0.19,33.69,-12.95
1.07,-0.44,1.61,-0.24,-0.89,-0.33,32.64,-12.84
1.01,-0.43,1.63,-0.01,-0.84,-0.46,31.01,-12.63
0.93,-0.4,1.66,0.16,-0.83,-0.57,28.59,-11.82
0.83,-0.35,1.72,0.3,-0.86,-0.65,25.3,-10.48
0.75,-0.32,1.81,0.43,-0.92,-0.67,22.13,-9.3
0.69,-0.29,1.85,0.56,-1.03,-0.65,20.1,-8.37
0.63,-0.29,1.86,0.7,-1.15,-0.58,18.36,-8.32
0.58,-0.29,1.83,0.8,-1.29,-0.52,17.41,-8.69
0.55,-0.32,1.75,0.88,-1.39,-0.48,17.25,-9.81
0.55,-0.35,1.66,0.94,-1.49,-0.48,17.89,-11.22
0.54,-0.38,1.58,0.98,-1.57,-0.52,18.36,-13.0
0.53,-0.41,1.52,1.01,-1.63,-0.62,18.61,-14.38
0.5,-0.41,1.49,1.02,-1.66,-0.73,17.87,-14.66
0.44,-0.4,1.48,1.01,-1.7,-0.82,16.08,-14.45
0.37,-0.35,1.49,1.02,-1.74,-0.92,13.49,-13.03
0.31,-0.32,1.5,1.01,-1.78,-1.0,11.57,-11.61
0.25,-0.28,1.52,1.01,-1.8,-1.04,9.28,-10.23
0.16,-0.24,1.54,0.98,-1.83,-1.07,6.03,-8.72
0.1,-0.21,1.55,0.95,-1.89,-1.1,3.56,-7.85
0.04,-0.16,1.57,0.91,-1.93,-1.11,1.53,-5.99
-0.01,-0.14,1.57,0.85,-1.94,-1.11,-0.28,-5.11
-0.04,-0.11,1.58,0.8,-1.94,-1.11,-1.43,-4.03
-0.08,-0.06,1.62,0.76,-1.98,-1.09,-2.7,-2.24
-0.12,-0.0,1.7,0.73,-2.04,-1.07,-3.89,-0.09
-0.14,0.08,1.81,0.72,-2.15,-1.01,-4.34,2.52
-0.17,0.16,1.9,0.72,-2.29,-0.92,-5.23,4.76
-0.2,0.22,1.99,0.77,-2.44,-0.77,-5.77,6.23
-0.22,0.24,2.03,0.86,-2.61,-0.6,-6.09,6.66
-0.19,0.24,2.04,0.97,-2.71,-0.46,-5.34,6.63
-0.17,0.23,2.02,1.09,-2.77,-0.35,-4.86,6.4
-0.15,0.23,1.99,1.21,-2.78,-0.29,-4.19,6.45
-0.13,0.22,1.96,1.36,-2.71,-0.26,-3.83,6.5
-0.12,0.22,1.94,1.5,-2.59,-0.29,-3.65,6.49
-0.13,0.22,1.94,1.65,-2.44,-0.32,-3.91,6.54
-0.17,0.22,1.93,1.83,-2.27,-0.36,-5.01,6.61
-0.23,0.23,1.9,1.99,-2.11,-0.39,-7.0,6.97
-0.31,0.26,1.86,2.1,-1.97,-0.42,-9.53,7.91
-0.4,0.3,1.8,2.21,-1.85,-0.43,-12.41,9.16
-0.5,0.34,1.72,2.27,-1.79,-0.4,-15.8,10.7
-0.6,0.38,1.63,2.3,-1.76,-0.35,-19.63,12.29
-0.68,0.41,1.53,2.29,-1.77,-0.27,-23.12,13.69
-0.75,0.43,1.42,2.21,-1.81,-0.17,-26.68,14.87
-0.78,0.43,1.31,2.09,-1.89,-0.05,-29.57,15.73
-0.79,0.43,1.21,2.07,-1.88,-0.07,-31.43,16.56
-0.77,0.42,1.11,1.79,-2.09,0.18,-32.93,17.08
-0.76,0.39,1.03,1.63,-2.2,0.27,-34.73,17.13
-0.75,0.38,0.96,1.44,-2.31,0.35,-36.15,17.27
-0.73,0.34,0.88,1.24,-2.4,0.41,-37.68,16.63
-0.71,0.31,0.83,1.04,-2.49,0.47,-38.74,15.92
-0.68,0.28,0.75,0.82,-2.49,0.5,-40.14,15.54
-0.63,0.26,0.7,0.6,-2.51,0.53,-40.1,15.44
-0.59,0.25,0.66,0.41,-2.48,0.53,-39.64,15.51
-0.55,0.22,0.65,0.2,-2.44,0.53,-38.83,14.7
-0.54,0.19,0.66,0.01,-2.32,0.51,-38.13,12.83
-0.53,0.15,0.68,-0.17,-2.21,0.5,-37.14,9.9
-0.51,0.13,0.68,-0.33,-2.12,0.47,-36.3,8.72
-0.49,0.11,0.69,-0.47,-1.97,0.42,-34.89,7.64
-0.47,0.12,0.71,-0.61,-1.83,0.35,-32.81,7.98
-0.48,0.15,0.79,-0.74,-1.75,0.31,-30.97,9.05
-0.5,0.2,0.89,-0.81,-1.78,0.28,-28.75,10.92
-0.52,0.26,1.0,-0.87,-1.86,0.32,-26.75,12.76
-0.52,0.27,1.09,-0.85,-1.93,0.39,-24.76,12.79
-0.49,0.24,1.12,-0.8,-2.03,0.48,-23.31,11.3
-0.43,0.19,1.11,-0.73,-2.14,0.55,-20.9,9.14
-0.31,0.12,1.08,-0.66,-2.22,0.57,-15.97,6.17
-0.25,0.08,1.04,-0.6,-2.27,0.54,-13.34,4.26
-0.18,0.03,1.01,-0.54,-2.27,0.47,-9.88,1.77
-0.11,-0.01,0.99,-0.5,-2.23,0.37,-6.62,-0.4
-0.08,-0.03,0.98,-0.41,-2.18,0.24,-4.39,-1.81
-0.07,-0.04,0.96,-0.33,-2.13,0.1,-4.19,-2.43
-0.08,-0.04,0.95,-0.27,-2.07,-0.04,-4.82,-2.56
-0.09,-0.03,0.94,-0.2,-2.03,-0.17,-5.61,-2.08
-0.11,-0.03,0.91,-0.14,-1.99,-0.3,-7.18,-1.58
-0.14,-0.02,0.87,-0.09,-1.93,-0.41,-8.9,-1.05
-0.16,0.0,0.84,-0.04,-1.84,-0.52,-11.02,0.13
-0.17,0.01,0.79,-0.01,-1.78,-0.63,-12.24,0.9
-0.2,0.02,0.78,0.02,-1.66,-0.73,-14.12,1.45
-0.22,0.04,0.77,0.07,-1.53,-0.84,-16.12,2.66
-0.25,0.05,0.74,0.09,-1.33,-0.93,-18.88,3.66
-0.26,0.04,0.71,0.12,-1.13,-1.0,-20.02,3.21
-0.23,0.05,0.69,0.17,-0.92,-1.08,-18.4,3.61
-0.19,0.04,0.66,0.22,-0.7,-1.15,-15.63,3.43
-0.18,0.04,0.64,0.26,-0.46,-1.25,-15.43,3.88
-0.17,0.04,0.61,0.29,-0.27,-1.34,-15.45,3.66
-0.16,0.02,0.57,0.31,-0.11,-1.42,-16.06,2.07
-0.14,-0.0,0.54,0.32,0.02,-1.52,-14.08,-0.13
-0.12,-0.02,0.54,0.33,0.13,-1.61,-12.07,-2.31
-0.11,-0.03,0.53,0.33,0.24,-1.73,-12.2,-2.96
-0.11,-0.02,0.53,0.4,0.43,-2.03,-12.01,-2.22
-0.11,-0.01,0.51,0.34,0.29,-1.9,-11.88,-0.8
-0.09,-0.0,0.5,0.34,0.31,-2.0,-10.54,-0.54
-0.1,-0.01,0.49,0.32,0.33,-2.08,-11.68,-0.77
-0.12,-0.0,0.47,0.33,0.29,-2.15,-14.05,-0.38
-0.12,0.01,0.45,0.31,0.2,-2.22,-15.52,1.16
-0.12,0.05,0.43,0.26,0.08,-2.28,-15.55,6.38
-0.13,0.11,0.42,0.2,-0.04,-2.3,-16.52,13.64
-0.17,0.18,0.44,0.15,-0.18,-2.31,-19.36,20.88
-0.23,0.29,0.47,0.11,-0.44,-2.27,-22.53,28.98
-0.29,0.42,0.49,0.04,-0.76,-2.19,-23.91,36.48
-0.34,0.54,0.52,-0.01,-1.09,-2.0,-24.09,40.96
-0.39,0.61,0.57,-0.06,-1.44,-1.77,-25.14,41.34
-0.42,0.65,0.63,-0.09,-1.79,-1.53,-24.85,40.83
-0.42,0.66,0.67,-0.05,-1.96,-1.24,-23.76,39.95
-0.38,0.64,0.7,0.01,-2.06,-1.01,-21.79,38.46
-0.32,0.58,0.73,0.07,-2.1,-0.81,-19.05,36.11
-0.25,0.52,0.74,0.16,-2.05,-0.69,-15.33,33.51
-0.17,0.46,0.77,0.27,-1.94,-0.56,-10.91,30.29
-0.13,0.4,0.79,0.37,-1.74,-0.53,-8.19,26.52
-0.11,0.34,0.81,0.5,-1.52,-0.48,-7.05,22.71
-0.1,0.31,0.8,0.64,-1.28,-0.47,-6.62,21.2
-0.1,0.31,0.79,0.77,-1.03,-0.43,-6.78,21.09
-0.1,0.28,0.77,0.89,-0.76,-0.4,-7.29,19.88
-0.09,0.25,0.72,1.01,-0.53,-0.35,-6.52,18.85
-0.07,0.23,0.67,1.11,-0.33,-0.31,-5.56,19.01
-0.06,0.2,0.6,1.17,-0.15,-0.25,-5.15,18.49
-0.05,0.16,0.57,1.17,-0.01,-0.19,-4.82,16.04
-0.03,0.12,0.53,1.2,0.07,-0.14,-2.97,13.25
-0.0,0.09,0.5,1.19,0.14,-0.09,-0.1,10.68
0.04,0.07,0.47,1.16,0.18,-0.04,4.4,8.53
0.06,0.04,0.44,1.12,0.22,-0.01,8.33,4.65
0.09,0.01,0.41,1.06,0.22,0.02,12.7,1.34
0.13,-0.02,0.37,0.97,0.21,0.02,18.87,-2.51
0.17,-0.03,0.34,0.89,0.18,0.04,25.99,-3.92
0.19,-0.04,0.34,0.79,0.16,0.03,29.13,-5.17
0.2,0.01,0.33,0.65,0.11,0.05,31.34,0.83
0.2,0.03,0.33,0.55,0.0,0.07,31.44,3.75
0.2,0.03,0.36,0.43,-0.1,0.1,29.05,3.53
0.18,0.01,0.41,0.36,-0.22,0.14,24.07,1.8
0.19,-0.01,0.44,0.28,-0.33,0.16,23.2,-1.32
0.21,-0.02,0.46,0.23,-0.43,0.18,24.36,-2.38
0.21,-0.02,0.48,0.18,-0.52,0.18,23.41,-1.8
0.2,-0.02,0.49,0.13,-0.55,0.18,22.51,-1.69
0.19,-0.01,0.5,0.06,-0.54,0.19,20.8,-1.59
0.19,0.0,0.51,0.02,-0.56,0.19,20.42,0.28
0.18,0.03,0.52,-0.04,-0.56,0.18,19.49,2.7
0.18,0.03,0.54,-0.09,-0.55,0.18,18.2,2.62
0.18,0.01,0.57,-0.13,-0.55,0.19,17.17,1.24
0.18,-0.0,0.6,-0.17,-0.51,0.18,16.5,-0.21
0.19,0.01,0.62,-0.21,-0.49,0.16,17.05,0.77
0.19,0.02,0.65,-0.23,-0.49,0.18,16.25,1.53
0.19,0.03,0.66,-0.23,-0.44,0.16,15.92,2.41
0.19,0.05,0.68,-0.24,-0.46,0.19,15.11,3.72
0.19,0.05,0.71,-0.23,-0.46,0.19,14.7,4.05
0.19,0.06,0.73,-0.23,-0.46,0.19,14.45,4.41
0.18,0.06,0.74,-0.22,-0.45,0.2,13.9,4.19
0.19,0.07,0.77,-0.2,-0.45,0.22,13.67,5.26
0.2,0.09,0.81,-0.17,-0.44,0.22,13.87,5.93
0.2,0.08,0.85,-0.13,-0.47,0.25,13.39,5.49
0.2,0.07,0.88,-0.09,-0.44,0.24,12.6,4.44
0.19,0.03,0.9,0.0,-0.44,0.25,12.2,1.89
0.2,0.0,0.91,0.07,-0.42,0.23,12.47,0.22
0.21,-0.0,0.91,0.13,-0.41,0.19,13.04,-0.3
0.21,0.0,0.89,0.18,-0.36,0.16,13.0,0.11
0.2,0.02,0.89,0.2,-0.33,0.13,12.65,1.04
0.18,0.03,0.87,0.26,-0.32,0.11,12.02,2.05
0.17,0.05,0.87,0.29,-0.32,0.1,11.41,3.32
0.16,0.06,0.86,0.33,-0.33,0.09,10.5,4.01
0.15,0.07,0.85,0.35,-0.33,0.1,9.89,4.3
0.15,0.06,0.84,0.4,-0.33,0.11,9.83,3.84
0.14,0.05,0.8,0.43,-0.34,0.11,9.78,3.58
0.15,0.06,0.77,0.42,-0.3,0.12,10.81,4.41
0.14,0.07,0.74,0.4,-0.23,0.13,10.82,5.23
0.14,0.07,0.73,0.38,-0.21,0.15,11.1,5.1
0.15,0.05,0.71,0.36,-0.18,0.16,11.52,4.22
0.15,0.04,0.72,0.32,-0.14,0.16,11.51,3.27
0.16,0.03,0.72,0.28,-0.12,0.17,12.19,2.69
0.15,0.02,0.72,0.25,-0.11,0.17,12.05,1.69
0.16,0.02,0.72,0.22,-0.12,0.18,12.33,1.24
0.17,0.01,0.73,0.17,-0.12,0.19,12.83,0.41
0.17,-0.01,0.75,0.11,-0.12,0.2,12.98,-0.64
0.17,-0.02,0.75,0.06,-0.14,0.19,12.97,-1.7
0.17,-0.03,0.75,0.05,-0.13,0.15,12.5,-2.18
0.17,-0.04,0.75,-0.02,-0.18,0.19,12.52,-2.82
0.16,-0.04,0.77,-0.06,-0.18,0.16,12.01,-2.57
0.17,-0.04,0.79,-0.1,-0.2,0.17,11.87,-2.86
0.16,-0.03,0.8,-0.13,-0.23,0.16,11.25,-2.38
0.17,-0.02,0.82,-0.19,-0.24,0.15,11.42,-1.17
0.16,-0.0,0.84,-0.21,-0.26,0.14,10.72,-0.19
0.15,0.03,0.85,-0.21,-0.29,0.16,9.95,1.87
0.14,0.04,0.86,-0.23,-0.3,0.15,8.91,2.67
0.11,0.06,0.89,-0.24,-0.3,0.17,7.04,3.59
0.11,0.08,0.9,-0.23,-0.28,0.18,7.04,4.82
0.11,0.08,0.93,-0.23,-0.25,0.2,6.42,4.79
0.1,0.07,0.96,-0.21,-0.21,0.21,6.19,4.07
0.11,0.06,0.98,-0.17,-0.16,0.22,6.13,3.55
0.1,0.04,0.99,-0.14,-0.08,0.2,5.59,2.57
0.1,0.03,1.0,-0.09,-0.04,0.2,5.85,1.73
0.09,0.01,1.0,-0.05,0.05,0.16,5.33,0.57
0.1,-0.0,1.0,-0.02,0.08,0.14,6.0,-0.1
0.11,-0.01,1.0,0.01,0.14,0.11,6.31,-0.64
0.11,-0.02,0.98,0.02,0.18,0.08,6.31,-1.11
0.1,-0.02,0.96,0.04,0.19,0.06,5.81,-1.36
0.09,-0.02,0.94,0.03,0.17,0.04,5.26,-1.04
0.08,-0.01,0.93,0.03,0.17,0.03,4.76,-0.58
0.07,-0.0,0.92,0.01,0.15,0.02,4.54,-0.13
0.07,-0.0,0.91,-0.02,0.09,0.03,4.44,-0.08
0.07,-0.0,0.91,-0.03,0.05,0.05,4.26,-0.09
0.07,-0.0,0.9,-0.07,0.0,0.03,4.5,-0.13
0.07,0.01,0.91,-0.1,-0.01,0.04,4.46,0.67
0.07,0.02,0.91,-0.14,-0.06,0.05,4.28,1.42
0.06,0.04,0.92,-0.15,-0.09,0.05,3.42,2.29
0.04,0.06,0.92,-0.17,-0.11,0.05,2.56,3.73
0.02,0.09,0.94,-0.21,-0.12,0.07,1.49,5.46
0.02,0.11,0.95,-0.21,-0.14,0.11,0.98,6.63
-0.0,0.13,0.97,-0.2,-0.15,0.14,-0.14,7.45
-0.01,0.14,1.0,-0.2,-0.15,0.18,-0.65,7.69
-0.02,0.14,1.02,-0.17,-0.17,0.22,-1.25,7.54
-0.02,0.12,1.02,-0.17,-0.14,0.27,-1.13,6.66
-0.01,0.09,1.03,-0.12,-0.11,0.28,-0.45,5.03
0.01,0.07,1.03,-0.1,-0.06,0.28,0.43,3.64
0.03,0.05,1.03,-0.1,0.02,0.29,1.79,2.71
0.05,0.03,1.03,-0.08,0.09,0.27,2.67,1.73
0.06,0.01,1.02,-0.05,0.13,0.26,3.14,0.8
0.07,0.0,1.02,-0.03,0.15,0.25,3.97,0.04
0.07,-0.0,1.01,-0.04,0.2,0.21,4.12,-0.26
0.08,-0.02,1.0,-0.05,0.17,0.19,4.59,-1.12
0.08,-0.02,1.0,-0.08,0.17,0.17,4.38,-1.42
0.08,-0.02,0.99,-0.06,0.11,0.13,4.35,-1.18
0.07,-0.01,0.97,-0.11,0.09,0.11,4.37,-0.61
0.07,0.0,0.97,-0.15,0.04,0.11,4.31,0.21
0.07,0.0,0.98,-0.17,-0.02,0.09,3.84,0.24
0.06,0.0,0.99,-0.2,-0.09,0.09,3.34,0.21
0.05,0.01,0.99,-0.22,-0.12,0.06,2.97,0.34
0.06,0.01,1.01,-0.24,-0.18,0.06,3.16,0.69
0.05,0.03,1.02,-0.24,-0.23,0.04,3.07,1.44
0.04,0.03,1.03,-0.25,-0.27,0.03,2.46,1.78
0.04,0.04,1.04,-0.23,-0.3,0.03,2.01,2.0
0.02,0.04,1.06,-0.24,-0.26,0.01,0.97,2.39
0.02,0.06,1.07,-0.18,-0.24,0.01,1.17,3.09
0.02,0.08,1.07,-0.14,-0.21,0.01,0.99,4.18
0.01,0.09,1.05,-0.09,-0.15,0.0,0.62,4.69
0.0,0.11,1.05,-0.06,-0.08,0.0,0.2,6.11
-0.01,0.13,1.04,-0.02,-0.04,0.03,-0.67,7.01
-0.02,0.13,1.02,0.05,-0.0,0.05,-1.11,7.06
-0.02,0.12,1.02,0.09,0.07,0.07,-1.24,6.98
-0.0,0.1,0.99,0.13,0.13,0.11,-0.09,5.94
0.02,0.09,0.98,0.16,0.18,0.12,0.98,5.06
0.03,0.07,0.96,0.19,0.21,0.15,1.53,4.28
0.04,0.07,0.94,0.21,0.23,0.15,2.55,4.09
0.05,0.06,0.93,0.21,0.27,0.16,2.98,3.42
0.06,0.04,0.92,0.21,0.28,0.18,4.02,2.55
0.07,0.02,0.9,0.29,0.44,0.03,4.53,1.16
0.09,0.0,0.89,0.21,0.27,0.18,5.7,0.09
0.11,-0.0,0.88,0.21,0.3,0.17,7.31,-0.21
0.12,-0.01,0.87,0.21,0.28,0.17,8.08,-0.34
0.13,-0.01,0.86,0.19,0.26,0.15,8.89,-0.68
0.14,-0.01,0.83,0.19,0.25,0.13,9.59,-0.88
0.15,-0.02,0.81,0.17,0.23,0.12,10.61,-1.14
0.16,-0.02,0.81,0.14,0.22,0.13,11.23,-1.55
0.17,-0.03,0.79,0.13,0.2,0.1,12.1,-2.02
0.18,-0.03,0.79,0.12,0.17,0.11,12.88,-2.23
0.19,-0.03,0.77,0.11,0.18,0.08,14.01,-2.0
0.19,-0.02,0.77,0.08,0.17,0.07,14.09,-1.44
0.19,-0.0,0.75,0.08,0.16,0.04,14.2,-0.15
0.19,0.02,0.74,0.08,0.13,0.03,14.58,1.29
0.18,0.04,0.73,0.09,0.13,0.02,14.11,3.21
0.17,0.07,0.73,0.1,0.1,0.02,13.34,4.99
0.16,0.09,0.73,0.11,0.11,0.05,12.09,6.56
0.14,0.11,0.73,0.13,0.08,0.07,10.45,8.37
0.13,0.12,0.72,0.17,0.1,0.09,10.04,9.5
0.12,0.13,0.72,0.2,0.13,0.12,9.29,9.87
0.12,0.13,0.72,0.26,0.15,0.16,9.3,9.93
0.12,0.13,0.72,0.34,0.18,0.19,9.57,9.72
0.13,0.12,0.71,0.4,0.25,0.21,10.17,9.57
0.13,0.11,0.7,0.48,0.34,0.24,10.81,8.74
0.14,0.1,0.67,0.56,0.41,0.26,11.79,8.16
0.15,0.09,0.65,0.59,0.52,0.28,13.09,7.57
0.16,0.08,0.61,0.66,0.59,0.29,14.27,7.02
0.15,0.08,0.58,0.69,0.71,0.29,13.96,7.5
0.14,0.08,0.56,0.71,0.78,0.31,13.97,8.29
0.13,0.08,0.54,0.75,0.84,0.32,13.28,7.9
0.11,0.07,0.52,0.75,0.91,0.34,12.27,7.64
0.09,0.08,0.5,0.74,1.01,0.36,10.23,8.59
0.07,0.08,0.49,0.73,1.07,0.38,8.0,9.46
0.05,0.08,0.49,0.73,1.13,0.41,5.88,9.25
0.04,0.07,0.49,0.71,1.19,0.44,4.56,8.12
0.04,0.06,0.51,0.71,1.23,0.47,4.09,6.46
0.04,0.04,0.52,0.68,1.3,0.49,4.45,3.87
0.06,0.03,0.54,0.69,1.34,0.51,6.35,3.03
0.07,0.0,0.55,0.69,1.4,0.54,7.17,0.29
0.1,0.0,0.55,0.68,1.49,0.53,9.98,0.24
0.11,-0.0,0.55,0.66,1.53,0.53,11.12,-0.23
0.13,-0.0,0.55,0.68,1.56,0.53,13.34,-0.47
0.14,0.0,0.55,0.67,1.59,0.52,14.41,0.29
0.15,0.01,0.53,0.65,1.63,0.5,15.37,1.36
0.15,0.03,0.51,0.64,1.64,0.49,16.49,2.76
0.15,0.03,0.49,0.62,1.64,0.46,17.05,3.28
0.16,0.02,0.47,0.59,1.61,0.47,18.84,2.43
0.17,-0.02,0.43,0.51,1.61,0.42,21.48,-1.95
0.21,-0.05,0.42,0.43,1.59,0.36,26.27,-5.91
0.23,-0.06,0.41,0.36,1.56,0.29,29.38,-7.75
0.21,-0.05,0.41,0.26,1.5,0.21,27.01,-6.3
0.19,-0.05,0.39,0.16,1.45,0.12,25.78,-6.06
0.14,-0.01,0.4,0.02,1.4,0.06,19.28,-1.17
0.11,0.02,0.42,-0.11,1.27,0.03,14.32,2.6
0.11,0.03,0.42,-0.23,1.15,-0.01,15.28,3.55
0.08,0.05,0.4,-0.38,1.04,-0.05,11.4,7.18
0.04,0.06,0.47,-0.52,0.92,-0.07,4.59,7.06
-0.01,0.07,0.55,-0.59,0.77,-0.06,-0.67,6.79
-0.03,0.08,0.61,-0.62,0.65,-0.06,-2.88,7.05
-0.03,0.08,0.65,-0.62,0.56,-0.04,-2.65,7.03
-0.02,0.1,0.67,-0.63,0.54,-0.03,-1.72,8.18
-0.02,0.11,0.67,-0.62,0.5,-0.02,-1.38,9.47
-0.01,0.12,0.68,-0.6,0.52,-0.04,-1.09,10.06
-0.03,0.12,0.69,-0.57,0.6,-0.06,-2.54,10.14
-0.05,0.12,0.69,-0.56,0.7,-0.06,-3.79,9.54
-0.07,0.11,0.69,-0.54,0.81,-0.09,-5.74,8.73
-0.09,0.09,0.68,-0.55,0.94,-0.11,-7.35,7.52
-0.11,0.09,0.66,-0.56,1.03,-0.12,-9.19,7.44
-0.12,0.09,0.65,-0.62,1.15,-0.15,-10.7,7.86
-0.15,0.11,0.66,-0.68,1.2,-0.15,-12.65,9.12
-0.18,0.13,0.7,-0.73,1.22,-0.14,-13.89,10.45
-0.19,0.14,0.76,-0.77,1.23,-0.12,-13.92,10.53
-0.19,0.15,0.81,-0.8,1.24,-0.1,-13.22,9.99
-0.19,0.14,0.88,-0.79,1.24,-0.06,-11.96,9.1
-0.16,0.14,0.95,-0.75,1.23,-0.03,-9.69,8.06
-0.14,0.12,0.99,-0.66,1.26,-0.0,-8.1,7.15
-0.12,0.09,1.0,-0.54,1.29,0.0,-6.91,5.03
-0.1,0.06,0.99,-0.44,1.34,-0.02,-5.81,3.37
-0.08,0.05,0.97,-0.34,1.4,-0.06,-4.85,2.79
-0.08,0.05,0.95,-0.23,1.47,-0.1,-4.97,3.26
-0.1,0.06,0.91,-0.15,1.56,-0.14,-6.15,4.07
-0.13,0.09,0.87,-0.12,1.63,-0.17,-8.26,5.85
-0.16,0.13,0.83,-0.09,1.63,-0.18,-10.62,9.01
-0.19,0.17,0.78,-0.09,1.6,-0.18,-13.18,11.88
-0.21,0.19,0.78,-0.12,1.57,-0.17,-14.63,13.32
-0.25,0.2,0.77,-0.16,1.48,-0.13,-17.24,13.89
-0.29,0.2,0.76,-0.24,1.38,-0.08,-20.23,13.9
-0.32,0.2,0.75,-0.31,1.23,-0.03,-22.41,13.76
-0.33,0.19,0.73,-0.41,1.09,0.02,-23.66,13.4
-0.33,0.18,0.73,-0.55,0.99,0.06,-23.6,12.8
-0.32,0.18,0.76,-0.65,0.86,0.12,-22.38,12.46
-0.31,0.16,0.8,-0.74,0.76,0.15,-20.66,10.8
-0.29,0.12,0.85,-0.79,0.69,0.16,-18.94,7.73
-0.29,0.1,0.88,-0.83,0.69,0.15,-17.89,6.44
-0.27,0.11,0.92,-0.87,0.69,0.14,-16.49,6.74
-0.26,0.14,0.99,-0.84,0.73,0.11,-14.83,7.78
-0.27,0.17,1.01,-0.82,0.79,0.1,-14.52,9.24
-0.23,0.15,0.98,-0.79,0.92,0.08,-13.06,8.67
-0.28,0.18,1.04,-0.76,1.03,0.08,-14.97,9.27
-0.28,0.16,1.1,-0.7,1.12,0.07,-14.41,8.0
-0.3,0.15,1.13,-0.62,1.2,0.08,-14.55,7.17
-0.29,0.16,1.12,-0.56,1.29,0.07,-14.53,7.7
-0.28,0.18,1.1,-0.55,1.36,0.08,-14.16,9.26
-0.28,0.2,1.08,-0.5,1.37,0.1,-14.2,10.16
-0.29,0.19,1.08,-0.5,1.43,0.11,-14.61,9.91
-0.3,0.18,1.07,-0.48,1.44,0.13,-15.34,9.32
-0.31,0.17,1.07,-0.5,1.44,0.15,-16.14,8.82
-0.3,0.17,1.06,-0.48,1.62,0.02,-15.82,8.9
-0.29,0.17,1.04,-0.58,1.37,0.18,-15.58,8.69
-0.27,0.14,1.04,-0.62,1.36,0.2,-14.57,7.69
-0.26,0.12,1.03,-0.68,1.33,0.2,-13.84,6.61
-0.24,0.1,1.05,-0.72,1.26,0.19,-12.83,5.17
-0.23,0.08,1.07,-0.76,1.21,0.18,-12.11,4.33
-0.22,0.08,1.09,-0.8,1.21,0.14,-11.61,4.16
-0.22,0.08,1.11,-0.85,1.2,0.13,-11.03,4.23
-0.21,0.08,1.14,-0.9,1.21,0.11,-10.41,3.8
-0.21,0.07,1.17,-0.93,1.2,0.09,-9.97,3.31
-0.2,0.06,1.2,-0.95,1.23,0.06,-9.54,2.92
-0.19,0.05,1.25,-0.97,1.27,0.05,-8.68,2.14
-0.18,0.05,1.28,-0.94,1.28,0.02,-7.95,2.16
-0.16,0.06,1.31,-0.92,1.3,0.02,-6.85,2.54
-0.14,0.07,1.31,-0.89,1.36,-0.0,-6.18,2.93
-0.14,0.07,1.32,-0.85,1.41,-0.01,-6.19,3.08
-0.14,0.08,1.3,-0.79,1.43,-0.01,-6.12,3.47
-0.14,0.09,1.29,-0.77,1.45,-0.01,-6.15,3.95
-0.12,0.1,1.27,-0.76,1.47,-0.0,-5.58,4.42
-0.12,0.11,1.26,-0.74,1.51,0.0,-5.22,4.78
-0.1,0.11,1.24,-0.72,1.52,0.01,-4.7,5.09
-0.1,0.11,1.21,-0.73,1.57,-0.01,-4.95,5.07
-0.12,0.11,1.18,-0.73,1.57,0.01,-5.69,5.33
-0.14,0.11,1.17,-0.8,1.61,0.01,-6.59,5.33
-0.13,0.09,1.19,-0.87,1.6,0.03,-6.24,4.16
-0.12,0.05,1.21,-0.89,1.57,0.02,-5.8,2.31
-0.11,0.01,1.26,-0.94,1.56,0.0,-5.01,0.36
-0.1,-0.02,1.29,-0.96,1.57,-0.02,-4.39,-1.0
-0.09,-0.04,1.32,-0.98,1.56,-0.02,-3.88,-1.75
-0.06,-0.06,1.36,-1.04,1.61,-0.06,-2.47,-2.41
-0.03,-0.07,1.39,-0.96,1.59,-0.07,-1.28,-2.89
0.03,-0.08,1.43,-0.92,1.62,-0.1,1.04,-3.14
0.08,-0.09,1.46,-0.85,1.65,-0.13,3.28,-3.45
0.15,-0.09,1.48,-0.75,1.68,-0.18,5.61,-3.63
0.21,-0.09,1.5,-0.62,1.7,-0.23,7.83,-3.53
0.24,-0.09,1.5,-0.49,1.78,-0.3,9.2,-3.3
0.27,-0.07,1.48,-0.31,1.82,-0.37,10.5,-2.53
0.27,-0.04,1.45,-0.18,1.86,-0.43,10.44,-1.49
0.24,-0.03,1.43,-0.05,1.9,-0.5,9.74,-1.34
0.16,-0.02,1.37,0.04,1.93,-0.55,6.6,-0.89
0.09,0.01,1.32,0.09,1.94,-0.58,3.7,0.31
0.02,0.04,1.28,0.1,1.93,-0.6,1.02,1.78
-0.03,0.07,1.25,0.03,1.88,-0.59,-1.58,3.19
-0.07,0.09,1.25,-0.06,1.83,-0.59,-3.06,4.34
-0.11,0.12,1.25,-0.16,1.74,-0.56,-5.04,5.5
-0.14,0.14,1.26,-0.28,1.61,-0.5,-6.31,6.15
-0.16,0.14,1.28,-0.41,1.45,-0.43,-7.22,6.41
-0.16,0.15,1.3,-0.57,1.34,-0.35,-7.02,6.52
-0.15,0.15,1.32,-0.68,1.18,-0.25,-6.43,6.64
-0.12,0.14,1.34,-0.78,1.06,-0.15,-4.89,5.92
-0.06,0.13,1.37,-0.84,0.92,-0.06,-2.57,5.6
0.0,0.11,1.38,-0.89,0.81,0.0,0.19,4.56
0.07,0.09,1.4,-0.91,0.75,0.07,3.05,3.72
0.13,0.08,1.39,-0.9,0.7,0.12,5.22,3.08
0.17,0.06,1.39,-0.84,0.66,0.15,7.09,2.39
0.22,0.03,1.38,-0.77,0.66,0.16,9.09,1.31
0.25,-0.01,1.38,-0.69,0.72,0.15,10.38,-0.24
0.25,-0.03,1.36,-0.6,0.74,0.12,10.5,-1.26
0.23,-0.04,1.33,-0.53,0.79,0.08,9.8,-1.61
0.19,-0.03,1.31,-0.47,0.8,0.03,8.46,-1.32
0.17,-0.02,1.3,-0.44,0.84,-0.0,7.5,-0.72
0.14,0.0,1.29,-0.42,0.85,-0.03,6.22,0.08
0.1,0.03,1.3,-0.42,0.84,-0.04,4.2,1.18
0.06,0.06,1.33,-0.43,0.79,-0.0,2.43,2.53
0.02,0.08,1.34,-0.47,0.75,0.04,1.01,3.24
-0.02,0.11,1.34,-0.51,0.65,0.12,-0.66,4.79
-0.04,0.14,1.33,-0.57,0.53,0.21,-1.73,5.8
-0.06,0.15,1.31,-0.66,0.41,0.32,-2.48,6.65
-0.07,0.16,1.3,-0.76,0.27,0.44,-3.18,6.96
-0.07,0.16,1.28,-0.87,0.15,0.54,-3.11,6.94
-0.06,0.15,1.28,-1.0,0.01,0.67,-2.52,6.73
-0.03,0.13,1.3,-1.13,-0.13,0.78,-1.29,5.76
0.01,0.12,1.32,-1.25,-0.24,0.86,0.37,5.03
0.07,0.09,1.37,-1.33,-0.34,0.95,2.79,3.92
0.13,0.07,1.41,-1.38,-0.41,1.04,5.07,2.67
0.19,0.03,1.46,-1.39,-0.44,1.11,7.61,1.3
0.29,-0.01,1.49,-1.35,-0.37,1.16,11.01,-0.41
0.35,-0.06,1.48,-1.29,-0.26,1.19,13.24,-2.14
0.44,-0.11,1.45,-1.18,-0.11,1.17,16.64,-4.23
0.52,-0.15,1.41,-1.04,0.05,1.12,19.98,-5.77
0.58,-0.17,1.37,-0.9,0.26,1.01,22.92,-6.57
0.63,-0.19,1.32,-0.76,0.45,0.88,25.19,-7.47
0.65,-0.2,1.28,-0.61,0.61,0.74,26.62,-7.97
0.63,-0.19,1.24,-0.46,0.72,0.58,26.45,-7.77
0.58,-0.17,1.21,-0.34,0.81,0.44,25.47,-7.23
0.51,-0.14,1.18,-0.26,0.87,0.32,23.36,-6.28
0.42,-0.12,1.17,-0.21,0.88,0.22,19.48,-5.31
0.35,-0.1,1.17,-0.18,0.85,0.15,16.72,-4.63
0.29,-0.08,1.17,-0.18,0.82,0.11,13.8,-3.67
0.23,-0.05,1.18,-0.21,0.8,0.07,10.84,-2.36
0.16,-0.03,1.19,-0.24,0.76,0.07,7.84,-1.46
0.12,-0.03,1.2,-0.27,0.73,0.09,5.54,-1.6
0.09,-0.02,1.23,-0.33,0.66,0.12,4.1,-1.09
0.06,0.0,1.24,-0.41,0.62,0.17,2.8,0.23
0.05,0.01,1.27,-0.47,0.56,0.24,2.28,0.28
0.06,0.0,1.28,-0.52,0.51,0.33,2.51,0.1
0.06,-0.02,1.29,-0.57,0.48,0.43,2.76,-0.8
0.09,-0.06,1.28,-0.63,0.49,0.5,4.09,-2.56
0.12,-0.09,1.27,-0.66,0.48,0.57,5.62,-3.97
0.18,-0.12,1.27,-0.68,0.49,0.64,8.13,-5.27
0.21,-0.15,1.26,-0.69,0.5,0.69,9.51,-6.49
0.24,-0.17,1.23,-0.68,0.54,0.72,11.03,-7.67
0.28,-0.2,1.2,-0.66,0.55,0.75,12.84,-9.04
0.3,-0.22,1.16,-0.66,0.57,0.76,14.39,-10.24
0.33,-0.23,1.13,-0.66,0.59,0.75,15.91,-10.94
0.36,-0.23,1.1,-0.66,0.63,0.72,17.7,-11.46
0.37,-0.24,1.09,-0.65,0.67,0.69,18.43,-11.95
0.4,-0.25,1.08,-0.63,0.66,0.65,19.65,-12.37
0.41,-0.25,1.08,-0.62,0.68,0.6,20.35,-12.31
0.42,-0.25,1.07,-0.59,0.68,0.56,20.7,-12.38
0.42,-0.25,1.06,-0.57,0.68,0.51,20.91,-12.26
0.42,-0.23,1.04,-0.54,0.66,0.47,21.29,-11.49
0.41,-0.22,1.03,-0.51,0.63,0.43,21.18,-11.06
0.41,-0.21,1.02,-0.5,0.59,0.39,21.6,-11.02
0.41,-0.21,1.01,-0.49,0.56,0.33,21.76,-11.04
0.4,-0.21,1.0,-0.45,0.48,0.29,21.35,-11.13
0.39,-0.2,0.99,-0.43,0.4,0.24,20.95,-10.62
0.38,-0.19,0.99,-0.42,0.35,0.18,20.42,-10.29
0.36,-0.18,0.99,-0.4,0.27,0.14,19.92,-9.75
0.35,-0.17,0.99,-0.39,0.2,0.08,19.48,-9.14
0.35,-0.16,0.99,-0.38,0.12,0.02,19.25,-8.5
0.34,-0.13,0.99,-0.37,0.03,-0.03,18.82,-7.36
0.32,-0.11,1.0,-0.37,-0.02,-0.09,17.74,-6.04
0.32,-0.09,1.02,-0.37,-0.1,-0.12,17.47,-4.91
0.31,-0.06,1.05,-0.33,-0.2,-0.15,16.26,-3.32
0.31,-0.04,1.09,-0.29,-0.29,-0.18,15.74,-1.78
0.29,-0.02,1.11,-0.23,-0.36,-0.19,14.62,-0.78
0.28,-0.01,1.13,-0.17,-0.42,-0.19,14.11,-0.4
0.27,0.01,1.12,-0.12,-0.44,-0.18,13.34,0.29
0.24,0.01,1.11,-0.03,-0.47,-0.19,12.31,0.59
0.22,0.02,1.1,0.03,-0.43,-0.22,11.32,0.99
0.2,0.04,1.09,0.08,-0.41,-0.24,10.4,1.89
0.18,0.04,1.08,0.15,-0.36,-0.26,9.41,2.26
0.17,0.05,1.09,0.21,-0.31,-0.29,8.73,2.45
0.15,0.05,1.09,0.26,-0.23,-0.31,7.85,2.71
0.14,0.06,1.09,0.32,-0.15,-0.34,7.1,2.92
0.12,0.07,1.08,0.39,-0.09,-0.35,6.12,3.79
0.1,0.07,1.08,0.44,-0.02,-0.38,5.23,3.72
0.09,0.07,1.07,0.49,0.04,-0.38,4.6,3.99
0.07,0.09,1.05,0.53,0.1,-0.41,3.66,4.64
0.04,0.1,1.04,0.57,0.15,-0.41,2.27,5.38
0.02,0.1,1.02,0.6,0.17,-0.42,1.24,5.55
-0.0,0.1,1.01,0.62,0.21,-0.43,-0.26,5.67
-0.02,0.1,1.01,0.62,0.25,-0.42,-1.34,5.89
-0.05,0.12,1.0,0.64,0.23,-0.42,-2.65,6.56
-0.08,0.13,1.02,0.62,0.19,-0.41,-4.45,7.46
-0.11,0.16,1.04,0.61,0.16,-0.38,-5.84,8.53
-0.12,0.18,1.05,0.58,0.13,-0.33,-6.49,9.48
-0.14,0.16,1.06,0.56,0.1,-0.27,-7.47,8.56
-0.15,0.16,1.04,0.55,0.05,-0.22,-8.09,8.59
-0.15,0.15,1.03,0.52,0.01,-0.16,-7.93,8.4
-0.15,0.15,1.01,0.49,0.01,-0.11,-8.6,8.17
-0.15,0.13,0.98,0.45,-0.01,-0.05,-8.87,7.73
-0.16,0.13,0.97,0.48,0.13,-0.16,-9.27,7.44
-0.16,0.13,0.94,0.37,0.01,0.0,-9.39,7.62
-0.16,0.13,0.92,0.3,0.03,0.03,-9.96,7.84
-0.15,0.12,0.9,0.23,0.05,0.06,-9.63,7.42
-0.15,0.11,0.88,0.19,0.05,0.08,-9.72,6.99
-0.15,0.11,0.88,0.12,0.06,0.09,-9.72,6.95
-0.16,0.1,0.89,0.04,0.07,0.11,-10.02,6.17
-0.15,0.1,0.9,-0.05,0.05,0.14,-9.18,6.22
-0.13,0.1,0.92,-0.11,0.02,0.16,-8.15,5.93
-0.13,0.09,0.92,-0.16,-0.03,0.17,-7.92,5.59
-0.11,0.08,0.94,-0.25,-0.05,0.2,-6.65,4.96
-0.09,0.07,0.94,-0.31,-0.09,0.24,-5.53,4.28
-0.06,0.07,0.96,-0.36,-0.14,0.26,-3.87,3.92
-0.04,0.06,0.98,-0.4,-0.18,0.28,-2.32,3.29
-0.02,0.05,0.99,-0.44,-0.2,0.29,-1.21,2.99
0.0,0.04,1.0,-0.46,-0.23,0.3,0.28,2.27
0.03,0.04,1.02,-0.47,-0.24,0.31,1.68,2.35
0.06,0.04,1.05,-0.48,-0.28,0.33,3.04,2.27
0.08,0.03,1.07,-0.48,-0.3,0.33,4.13,1.86
0.1,0.03,1.08,-0.46,-0.31,0.34,5.33,1.62
0.12,0.02,1.08,-0.43,-0.34,0.35,6.25,1.14
0.13,0.03,1.1,-0.39,-0.36,0.36,6.71,1.39
0.14,0.02,1.09,-0.36,-0.35,0.35,7.45,1.23
0.15,0.02,1.1,-0.32,-0.34,0.35,7.58,0.97
0.15,0.02,1.1,-0.28,-0.36,0.36,7.94,0.79
0.16,0.01,1.1,-0.25,-0.35,0.34,8.15,0.65
0.16,0.02,1.1,-0.2,-0.35,0.34,8.26,1.03
0.16,0.02,1.11,-0.17,-0.34,0.34,8.37,0.9
0.17,0.01,1.11,-0.13,-0.34,0.35,8.6,0.46
0.18,-0.0,1.09,-0.07,-0.33,0.33,9.17,-0.23
0.18,-0.01,1.08,-0.04,-0.3,0.31,9.29,-0.62
0.18,-0.01,1.06,-0.01,-0.25,0.28,9.54,-0.68
0.18,-0.02,1.05,0.01,-0.2,0.25,9.62,-1.03
0.18,-0.01,1.05,0.04,-0.14,0.19,9.79,-0.76
0.17,-0.03,1.05,0.05,-0.11,0.19,9.42,-1.41
0.16,-0.03,1.05,0.09,-0.08,0.15,8.78,-1.66
0.15,-0.03,1.06,0.08,-0.05,0.13,8.13,-1.79
0.13,-0.02,1.06,0.08,-0.06,0.12,6.99,-1.02
0.12,-0.01,1.07,0.05,-0.07,0.11,6.27,-0.78
0.11,-0.0,1.09,0.01,-0.09,0.11,5.79,-0.06
0.12,-0.0,1.12,-0.02,-0.13,0.14,6.28,-0.16
0.15,-0.0,1.14,-0.03,-0.19,0.16,7.37,-0.25
0.18,-0.02,1.16,-0.04,-0.24,0.19,8.92,-1.03
0.22,-0.04,1.17,-0.06,-0.25,0.2,10.9,-2.0
0.26,-0.06,1.16,-0.07,-0.29,0.21,12.84,-2.96
0.28,-0.08,1.17,-0.07,-0.32,0.2,13.29,-3.99
0.29,-0.08,1.17,-0.08,-0.37,0.19,13.99,-3.87
0.31,-0.08,1.16,-0.12,-0.39,0.19,14.91,-3.97
0.32,-0.09,1.18,-0.16,-0.44,0.2,15.31,-4.09
0.32,-0.1,1.19,-0.18,-0.5,0.2,14.79,-4.42
0.32,-0.1,1.21,-0.21,-0.6,0.23,14.63,-4.72
0.32,-0.12,1.2,-0.27,-0.67,0.25,14.7,-5.61
0.32,-0.12,1.21,-0.33,-0.77,0.27,14.89,-5.61
0.35,-0.13,1.21,-0.4,-0.85,0.29,15.84,-5.79
0.38,-0.14,1.23,-0.48,-0.91,0.32,17.24,-6.0
0.45,-0.16,1.26,-0.55,-0.92,0.32,19.47,-6.59
0.5,-0.17,1.29,-0.59,-0.9,0.32,21.08,-6.97
0.56,-0.18,1.34,-0.6,-0.89,0.31,22.6,-7.24
0.61,-0.19,1.4,-0.59,-0.88,0.3,23.47,-7.03
0.65,-0.19,1.46,-0.56,-0.87,0.27,23.95,-6.71
0.7,-0.19,1.52,-0.53,-0.88,0.27,24.5,-6.43
0.74,-0.2,1.57,-0.46,-0.91,0.27,24.91,-6.66
0.77,-0.22,1.61,-0.35,-0.94,0.26,25.45,-7.04
0.8,-0.23,1.62,-0.24,-0.97,0.24,26.2,-7.37
0.83,-0.24,1.61,-0.16,-1.01,0.23,27.03,-7.66
0.85,-0.26,1.59,-0.06,-1.07,0.19,27.87,-8.09
0.86,-0.27,1.57,0.04,-1.12,0.13,28.37,-8.7
0.87,-0.28,1.57,0.11,-1.15,0.06,28.64,-8.97
0.87,-0.29,1.56,0.17,-1.17,-0.04,28.61,-9.3
0.85,-0.3,1.58,0.24,-1.22,-0.12,27.94,-9.51
0.82,-0.3,1.6,0.29,-1.28,-0.21,26.84,-9.44
0.79,-0.3,1.64,0.35,-1.36,-0.28,25.51,-9.23
0.75,-0.28,1.66,0.4,-1.43,-0.36,23.95,-8.83
0.69,-0.27,1.69,0.45,-1.54,-0.42,21.95,-8.48
0.62,-0.26,1.7,0.48,-1.68,-0.46,19.9,-8.17
0.56,-0.24,1.72,0.5,-1.8,-0.5,17.94,-7.57
0.5,-0.21,1.75,0.5,-1.94,-0.54,15.97,-6.7
0.45,-0.19,1.78,0.52,-2.09,-0.55,14.05,-5.82
0.39,-0.16,1.81,0.52,-2.24,-0.55,12.08,-5.08
0.34,-0.14,1.84,0.53,-2.39,-0.53,10.46,-4.14
0.3,-0.11,1.86,0.56,-2.51,-0.53,9.18,-3.39
0.26,-0.1,1.87,0.57,-2.63,-0.51,8.0,-2.97
0.22,-0.08,1.86,0.61,-2.71,-0.49,6.7,-2.31
0.19,-0.06,1.85,0.65,-2.78,-0.49,5.84,-1.91
0.17,-0.05,1.85,0.69,-2.81,-0.5,5.28,-1.5
0.15,-0.04,1.85,0.74,-2.82,-0.52,4.56,-1.34
0.12,-0.03,1.85,0.78,-2.78,-0.55,3.59,-0.9
0.07,-0.01,1.86,0.84,-2.75,-0.57,2.23,-0.32
0.03,0.01,1.86,0.9,-2.68,-0.6,0.85,0.44
-0.01,0.03,1.87,0.97,-2.61,-0.62,-0.44,1.07
-0.05,0.04,1.87,1.05,-2.56,-0.62,-1.49,1.24
-0.09,0.05,1.85,1.11,-2.51,-0.62,-2.86,1.7
-0.13,0.06,1.82,1.19,-2.47,-0.61,-3.95,1.96
-0.18,0.07,1.77,1.24,-2.43,-0.6,-5.71,2.35
-0.23,0.08,1.74,1.28,-2.45,-0.58,-7.43,2.72
-0.29,0.09,1.68,1.28,-2.44,-0.56,-9.73,3.1
-0.34,0.11,1.64,1.3,-2.45,-0.54,-11.6,3.83
-0.37,0.13,1.59,1.29,-2.46,-0.49,-13.04,4.41
-0.4,0.12,1.53,1.25,-2.48,-0.45,-14.65,4.27
-0.43,0.12,1.49,1.23,-2.51,-0.41,-15.99,4.46
-0.45,0.13,1.43,1.19,-2.54,-0.37,-17.51,4.89
-0.48,0.13,1.4,1.12,-2.55,-0.34,-19.03,5.14
-0.5,0.15,1.34,1.04,-2.58,-0.28,-20.44,6.14
-0.51,0.17,1.32,0.97,-2.61,-0.25,-21.2,6.68
-0.52,0.17,1.29,0.91,-2.64,-0.21,-22.0,6.83
-0.52,0.17,1.26,0.85,-2.68,-0.18,-22.18,7.28
-0.51,0.17,1.24,0.79,-2.69,-0.15,-22.04,7.36
-0.52,0.18,1.21,0.75,-2.71,-0.14,-22.84,7.71
-0.51,0.19,1.2,0.69,-2.71,-0.13,-22.89,8.35
-0.5,0.2,1.19,0.64,-2.65,-0.13,-22.59,8.93
-0.5,0.2,1.19,0.62,-2.6,-0.14,-22.31,8.96
-0.51,0.2,1.18,0.63,-2.53,-0.16,-23.01,9.05
-0.53,0.22,1.17,0.62,-2.49,-0.17,-24.07,9.76
-0.56,0.25,1.16,0.63,-2.42,-0.17,-25.27,10.99
-0.58,0.28,1.15,0.64,-2.39,-0.15,-26.09,12.11
-0.6,0.29,1.12,0.64,-2.37,-0.11,-27.45,12.96
-0.61,0.29,1.09,0.64,-2.37,-0.06,-28.47,13.05
-0.62,0.29,1.05,0.64,-2.36,-0.03,-29.58,13.34
-0.61,0.29,1.03,0.62,-2.37,0.0,-29.61,13.59
-0.6,0.28,0.99,0.6,-2.37,0.04,-30.33,13.53
-0.6,0.27,0.95,0.58,-2.38,0.06,-31.23,13.69
-0.6,0.27,0.94,0.54,-2.39,0.09,-31.54,13.56
-0.58,0.27,0.93,0.51,-2.4,0.11,-31.15,13.78
-0.57,0.27,0.92,0.49,-2.42,0.14,-30.82,14.0
-0.57,0.26,0.9,0.48,-2.43,0.15,-31.23,13.83
-0.55,0.26,0.88,0.48,-2.44,0.17,-30.83,14.23
-0.54,0.26,0.88,0.47,-2.39,0.17,-30.56,14.02
-0.52,0.24,0.87,0.48,-2.35,0.18,-29.94,13.61
-0.51,0.24,0.85,0.5,-2.29,0.17,-30.03,13.43
-0.5,0.23,0.82,0.52,-2.23,0.17,-30.61,13.3
-0.51,0.22,0.79,0.5,-2.14,0.16,-31.75,13.16
-0.51,0.21,0.75,0.51,-2.06,0.16,-33.07,13.22
-0.49,0.22,0.73,0.49,-1.98,0.16,-32.94,13.8
-0.46,0.21,0.71,0.48,-1.87,0.15,-31.93,13.59
-0.44,0.19,0.7,0.47,-1.77,0.14,-31.54,12.8
-0.42,0.17,0.68,0.47,-1.65,0.12,-30.55,11.97
-0.39,0.15,0.67,0.47,-1.53,0.09,-29.56,10.63
-0.37,0.14,0.65,0.46,-1.44,0.06,-29.26,10.89
-0.37,0.15,0.64,0.43,-1.36,0.02,-29.0,11.64
-0.37,0.17,0.64,0.38,-1.34,0.01,-29.55,12.89
-0.39,0.17,0.64,0.36,-1.39,0.02,-30.01,13.0
-0.4,0.18,0.66,0.35,-1.38,0.01,-30.15,12.84
-0.4,0.19,0.69,0.38,-1.41,0.01,-29.46,13.44
-0.39,0.21,0.71,0.42,-1.49,0.05,-27.88,14.23
-0.39,0.22,0.72,0.45,-1.56,0.09,-27.61,14.76
-0.38,0.2,0.71,0.51,-1.62,0.13,-27.35,14.08
-0.37,0.18,0.69,0.57,-1.66,0.15,-27.62,13.19
-0.35,0.16,0.67,0.61,-1.7,0.19,-27.29,12.24
-0.33,0.15,0.65,0.66,-1.69,0.2,-25.99,11.54
-0.3,0.13,0.64,0.7,-1.68,0.22,-24.61,10.32
-0.26,0.12,0.63,0.74,-1.6,0.21,-22.28,9.96
-0.21,0.09,0.63,0.78,-1.53,0.21,-17.92,7.61
-0.17,0.07,0.6,0.84,-1.45,0.2,-15.91,6.43
-0.15,0.06,0.56,0.88,-1.38,0.17,-14.46,5.54
-0.11,0.05,0.53,0.89,-1.31,0.13,-11.86,4.88
-0.1,0.04,0.48,0.9,-1.26,0.11,-12.24,4.35
-0.09,0.03,0.44,0.89,-1.19,0.08,-11.78,3.72
-0.08,0.02,0.38,0.86,-1.16,0.06,-11.99,2.73
-0.05,0.03,0.32,0.8,-1.13,0.05,-9.58,4.95
-0.03,0.02,0.27,0.69,-1.13,0.04,-7.49,3.85
-0.03,0.04,0.23,0.57,-1.18,0.05,-6.34,9.52
-0.01,0.05,0.2,0.43,-1.26,0.06,-2.63,14.96
-0.0,0.07,0.18,0.26,-1.36,0.07,-0.41,21.95
0.01,0.08,0.18,0.1,-1.47,0.11,3.93,24.3
0.02,0.09,0.19,-0.06,-1.59,0.15,5.63,25.44
0.02,0.08,0.22,-0.23,-1.7,0.18,5.97,19.9
0.03,0.08,0.25,-0.36,-1.82,0.21,5.93,17.62
0.03,0.09,0.32,-0.48,-1.88,0.23,4.92,15.39
0.03,0.09,0.39,-0.57,-1.93,0.25,3.63,12.54
0.01,0.07,0.44,-0.6,-1.92,0.26,1.39,8.95
0.0,0.07,0.49,-0.62,-1.89,0.26,0.53,8.21
-0.0,0.06,0.53,-0.63,-1.79,0.26,-0.23,6.9
0.01,0.06,0.56,-0.62,-1.69,0.26,0.9,6.28
0.01,0.08,0.62,-0.58,-1.57,0.25,0.71,7.59
0.01,0.09,0.65,-0.52,-1.46,0.23,1.07,7.83
0.01,0.1,0.69,-0.46,-1.32,0.19,0.59,7.97
0.0,0.09,0.72,-0.38,-1.2,0.19,0.33,7.49
0.01,0.09,0.74,-0.29,-1.09,0.16,0.91,6.56
0.03,0.08,0.75,-0.19,-0.99,0.14,2.4,6.26
0.04,0.08,0.77,-0.07,-0.85,0.1,3.01,6.02
0.04,0.08,0.77,0.02,-0.73,0.07,3.07,6.08
0.05,0.09,0.76,0.13,-0.65,0.04,3.48,6.43
0.04,0.09,0.76,0.24,-0.58,0.02,3.34,6.98
0.04,0.1,0.75,0.35,-0.48,-0.01,3.24,7.22
0.04,0.09,0.75,0.45,-0.42,-0.03,3.17,7.02
0.04,0.09,0.74,0.55,-0.37,-0.04,3.29,6.97
0.05,0.09,0.73,0.65,-0.35,-0.04,3.58,7.33
0.05,0.09,0.73,0.75,-0.32,-0.06,4.08,7.38
0.06,0.1,0.7,0.83,-0.29,-0.05,4.74,7.74
0.07,0.09,0.69,0.94,-0.28,-0.04,5.75,7.17
0.08,0.07,0.69,1.03,-0.26,-0.03,7.01,6.02
0.12,0.05,0.67,1.11,-0.22,-0.04,9.78,4.04
0.14,0.04,0.64,1.19,-0.19,-0.05,12.16,3.37
0.17,0.05,0.62,1.26,-0.16,-0.06,15.01,4.14
0.19,0.03,0.59,1.31,-0.14,-0.08,17.37,3.12
0.19,0.03,0.55,1.33,-0.11,-0.07,19.33,2.62
0.21,0.01,0.5,1.33,-0.08,-0.07,22.29,1.38
0.22,0.01,0.46,1.3,-0.09,-0.04,25.91,0.87
0.25,-0.01,0.41,1.25,-0.12,-0.03,30.97,-0.84
0.27,-0.01,0.39,1.15,-0.16,-0.01,35.11,-1.15
0.3,-0.01,0.36,1.0,-0.2,0.02,39.58,-1.57
0.32,-0.01,0.35,0.85,-0.27,0.05,42.5,-1.49
0.35,-0.02,0.36,0.71,-0.35,0.07,44.11,-2.01
0.38,-0.03,0.38,0.52,-0.42,0.1,44.94,-3.36
0.38,-0.03,0.42,0.36,-0.46,0.11,42.05,-2.91
0.38,-0.05,0.48,0.21,-0.52,0.1,38.67,-4.27
0.39,-0.06,0.53,0.07,-0.55,0.09,36.07,-5.27
0.37,-0.06,0.57,-0.06,-0.61,0.07,32.9,-4.9
0.36,-0.06,0.63,-0.16,-0.65,0.04,29.5,-4.53
0.33,-0.06,0.68,-0.27,-0.68,0.02,25.58,-4.2
0.3,-0.06,0.72,-0.33,-0.71,-0.01,22.35,-4.36
0.26,-0.05,0.74,-0.38,-0.73,-0.02,19.39,-3.48
0.23,-0.03,0.79,-0.41,-0.69,-0.05,16.43,-2.28
0.21,-0.02,0.81,-0.44,-0.65,-0.06,14.36,-1.65
0.19,-0.02,0.84,-0.43,-0.62,-0.07,12.63,-1.05
0.17,-0.0,0.87,-0.43,-0.54,-0.1,11.01,-0.28
0.14,0.02,0.88,-0.42,-0.46,-0.12,9.2,1.03
0.12,0.03,0.9,-0.4,-0.37,-0.13,7.89,1.89
0.09,0.05,0.91,-0.35,-0.31,-0.14,5.84,2.92
0.07,0.07,0.93,-0.31,-0.25,-0.12,4.49,4.17
0.05,0.1,0.93,-0.27,-0.19,-0.13,2.97,6.03
0.02,0.12,0.94,-0.22,-0.14,-0.11,1.42,7.01
0.0,0.13,0.95,-0.17,-0.12,-0.07,0.0,7.9
-0.03,0.14,0.97,-0.1,-0.12,-0.04,-1.7,8.2
-0.03,0.15,0.99,-0.05,-0.12,0.01,-1.54,8.34
-0.02,0.12,1.01,0.01,-0.12,0.05,-1.31,7.01
-0.01,0.11,1.02,0.07,-0.08,0.08,-0.71,6.16
0.0,0.1,1.03,0.15,-0.06,0.09,0.21,5.54
0.03,0.08,1.03,0.21,-0.01,0.07,1.47,4.41
0.04,0.06,1.02,0.26,0.06,0.06,2.47,3.29
0.06,0.05,1.01,0.29,0.11,0.05,3.34,2.65
0.07,0.03,0.99,0.33,0.15,0.04,4.0,1.96
0.08,0.03,0.98,0.35,0.19,0.01,4.54,1.78
0.09,0.02,0.97,0.34,0.25,0.0,5.17,1.39
0.08,0.03,0.96,0.33,0.26,0.0,4.84,1.66
0.08,0.03,0.95,0.32,0.25,-0.01,4.97,1.94
0.08,0.04,0.96,0.32,0.22,-0.01,4.88,2.63
0.08,0.04,0.97,0.3,0.2,-0.01,4.93,2.61
0.09,0.04,0.98,0.3,0.18,-0.01,5.43,2.39
0.09,0.03,0.98,0.31,0.13,-0.01,5.16,1.64
0.09,0.02,0.98,0.3,0.09,-0.02,5.17,1.42
0.1,0.01,0.97,0.28,0.09,-0.05,5.67,0.72
0.09,0.02,0.96,0.29,0.05,-0.06,5.46,0.93
0.1,0.02,0.94,0.28,0.02,-0.08,5.8,1.05
0.1,0.01,0.93,0.23,-0.01,-0.1,6.05,0.83
0.1,0.01,0.9,0.19,-0.06,-0.09,6.05,0.81
0.09,0.02,0.9,0.14,-0.06,-0.1,5.78,1.43
0.08,0.03,0.89,0.11,-0.1,-0.1,5.1,1.67
0.07,0.03,0.88,0.05,-0.13,-0.09,4.67,2.12
0.07,0.04,0.88,-0.0,-0.13,-0.1,4.71,2.65
0.08,0.05,0.89,-0.07,-0.13,-0.09,4.95,3.22
0.09,0.05,0.89,-0.11,-0.14,-0.08,5.49,3.16
0.08,0.05,0.9,-0.15,-0.14,-0.07,4.95,2.97
0.07,0.04,0.92,-0.18,-0.13,-0.07,4.21,2.58
0.07,0.03,0.93,-0.2,-0.14,-0.06,4.29,2.08
0.08,0.04,0.94,-0.21,-0.14,-0.06,5.03,2.18
0.08,0.04,0.94,-0.22,-0.16,-0.05,4.58,2.12
0.08,0.03,0.95,-0.25,-0.17,-0.07,4.59,1.77
0.08,0.02,0.94,-0.28,-0.18,-0.08,5.08,1.35
0.08,0.02,0.94,-0.3,-0.21,-0.08,4.78,1.25
0.09,0.01,0.94,-0.32,-0.24,-0.08,5.25,0.88
0.09,0.01,0.94,-0.35,-0.27,-0.08,5.47,0.6
0.08,0.0,0.94,-0.4,-0.28,-0.09,5.18,0.1
0.09,0.02,0.93,-0.43,-0.33,-0.1,5.57,1.1
0.08,0.02,0.94,-0.45,-0.36,-0.1,4.82,1.48
0.07,0.03,0.94,-0.47,-0.39,-0.11,4.38,1.7
0.06,0.02,0.94,-0.48,-0.4,-0.13,3.48,1.48
0.05,0.03,0.95,-0.5,-0.41,-0.12,3.02,1.83
0.03,0.03,0.96,-0.52,-0.41,-0.12,1.79,1.8
0.02,0.04,0.97,-0.51,-0.41,-0.11,1.08,2.25
0.01,0.05,0.99,-0.53,-0.37,-0.11,0.57,2.67
0.01,0.05,1.01,-0.51,-0.35,-0.09,0.44,2.92
0.0,0.05,1.03,-0.49,-0.32,-0.1,0.27,2.93
-0.01,0.06,1.04,-0.45,-0.29,-0.11,-0.39,3.44
-0.01,0.06,1.05,-0.42,-0.26,-0.1,-0.77,3.41
-0.01,0.07,1.05,-0.38,-0.21,-0.12,-0.79,3.83
-0.03,0.08,1.05,-0.33,-0.2,-0.1,-1.82,4.16
-0.04,0.08,1.05,-0.29,-0.18,-0.09,-2.38,4.61
-0.05,0.08,1.04,-0.24,-0.14,-0.09,-2.83,4.27
-0.05,0.08,1.03,-0.19,-0.11,-0.08,-2.91,4.18
-0.05,0.07,1.02,-0.15,-0.09,-0.07,-2.74,4.19
-0.04,0.08,1.01,-0.11,-0.07,-0.06,-2.07,4.25
-0.03,0.08,1.0,-0.09,-0.04,-0.06,-1.97,4.41
-0.02,0.07,0.99,-0.09,-0.01,-0.04,-1.37,4.06
-0.01,0.07,1.0,-0.05,-0.02,-0.03,-0.74,4.06
-0.01,0.08,1.0,-0.05,0.0,-0.03,-0.51,4.46
-0.01,0.07,1.0,-0.02,0.01,-0.03,-0.3,4.24
-0.01,0.07,1.0,-0.01,0.02,-0.03,-0.38,4.01
0.0,0.07,0.98,-0.0,0.01,-0.02,0.07,4.02
0.01,0.06,0.98,0.02,0.0,-0.03,0.56,3.67
0.03,0.06,0.98,0.03,0.01,-0.02,1.46,3.71
0.03,0.07,0.97,0.04,0.03,-0.02,1.86,3.89
0.04,0.06,0.96,0.06,0.02,-0.02,2.55,3.61
0.04,0.06,0.94,0.08,0.01,-0.03,2.68,3.52
0.05,0.05,0.94,0.07,0.04,-0.05,2.98,3.33
0.05,0.05,0.92,0.08,0.03,-0.04,3.27,3.03
0.05,0.05,0.9,0.07,0.05,-0.04,3.43,3.41
0.06,0.05,0.89,0.13,0.2,-0.19,4.01,3.42
0.06,0.06,0.88,0.06,0.06,-0.03,3.63,3.56
0.06,0.06,0.89,0.05,0.09,-0.03,3.79,3.92
0.06,0.06,0.87,0.07,0.1,-0.02,3.93,3.75
0.05,0.06,0.87,0.08,0.11,-0.01,3.55,3.94
0.05,0.06,0.86,0.09,0.1,0.0,3.49,3.69
0.06,0.05,0.85,0.09,0.13,0.01,3.74,3.3
0.06,0.05,0.86,0.12,0.12,0.03,4.15,3.16
0.08,0.05,0.86,0.13,0.14,0.02,5.03,3.27
0.08,0.05,0.87,0.14,0.14,0.05,5.36,3.12
0.09,0.05,0.87,0.17,0.18,0.03,5.86,2.98
0.1,0.04,0.87,0.22,0.2,0.03,6.49,2.39
0.11,0.03,0.85,0.26,0.23,0.02,7.41,1.98
0.12,0.02,0.85,0.32,0.24,-0.0,7.94,1.39
0.16,-0.02,0.81,0.37,0.27,-0.01,11.2,-1.13
0.23,-0.06,0.73,0.38,0.27,-0.02,17.23,-4.42
0.32,-0.07,0.64,0.35,0.18,-0.05,26.25,-5.94
0.39,-0.07,0.56,0.28,0.04,-0.07,34.71,-5.8
0.42,-0.06,0.5,0.17,-0.11,-0.11,40.07,-5.35
0.46,-0.07,0.46,0.03,-0.26,-0.14,44.19,-6.0
0.46,-0.06,0.43,-0.12,-0.43,-0.15,47.03,-5.64
0.45,-0.04,0.42,-0.28,-0.59,-0.17,47.32,-4.02
0.43,-0.02,0.41,-0.4,-0.71,-0.2,46.24,-2.37
0.39,0.01,0.42,-0.53,-0.8,-0.21,42.66,0.65
0.35,0.05,0.41,-0.6,-0.87,-0.2,39.89,5.01
0.29,0.07,0.43,-0.66,-0.9,-0.19,34.22,7.84
0.24,0.1,0.44,-0.69,-0.84,-0.17,28.15,10.78
0.2,0.11,0.47,-0.69,-0.77,-0.16,22.75,11.98
0.17,0.12,0.51,-0.66,-0.66,-0.13,18.37,12.77
0.15,0.13,0.56,-0.6,-0.55,-0.11,14.52,12.35
0.12,0.13,0.59,-0.51,-0.41,-0.11,11.5,12.09
0.1,0.11,0.61,-0.38,-0.22,-0.13,9.5,10.24
0.11,0.09,0.62,-0.24,-0.04,-0.14,9.86,8.5
0.14,0.08,0.59,-0.09,0.15,-0.18,13.11,7.23
0.16,0.07,0.54,0.03,0.33,-0.22,16.29,7.23
0.18,0.07,0.48,0.11,0.54,-0.25,20.5,7.24
0.2,0.06,0.41,0.17,0.71,-0.27,26.27,7.02
0.22,0.05,0.34,0.2,0.85,-0.29,32.72,7.16
0.24,0.06,0.29,0.18,0.96,-0.3,38.93,8.53
0.25,0.06,0.24,0.14,1.06,-0.3,44.64,10.09
0.24,0.07,0.2,0.07,1.1,-0.3,48.39,12.17
0.23,0.08,0.17,-0.0,1.14,-0.29,49.9,15.31
0.2,0.09,0.15,-0.1,1.12,-0.28,49.11,20.32
0.16,0.11,0.13,-0.21,1.13,-0.24,41.5,29.01
0.12,0.13,0.13,-0.32,1.12,-0.19,32.59,36.5
0.09,0.14,0.16,-0.39,1.06,-0.13,22.1,38.3
0.06,0.15,0.2,-0.46,1.0,-0.06,12.79,34.73
0.03,0.13,0.26,-0.51,1.01,-0.03,5.21,26.74
0.01,0.1,0.3,-0.51,0.97,0.01,1.16,18.65
-0.01,0.11,0.35,-0.51,1.01,0.02,-1.7,16.91
-0.02,0.11,0.36,-0.49,1.04,0.05,-2.63,17.53
0.02,0.1,0.37,-0.48,1.14,0.05,3.7,14.56
0.04,0.08,0.33,-0.51,1.26,0.04,7.4,12.81
0.03,0.07,0.31,-0.52,1.37,0.03,5.42,12.4
0.01,0.07,0.34,-0.54,1.47,0.01,0.95,10.8
-0.02,0.08,0.36,-0.54,1.59,-0.01,-3.32,11.93
-0.04,0.1,0.38,-0.56,1.7,-0.03,-6.07,14.37
-0.07,0.11,0.37,-0.56,1.79,-0.04,-9.63,16.46
-0.1,0.13,0.37,-0.58,1.86,-0.04,-13.87,18.52
-0.14,0.15,0.36,-0.62,1.89,-0.03,-19.23,21.67
-0.17,0.18,0.38,-0.67,1.93,-0.0,-22.71,23.05
-0.21,0.18,0.42,-0.71,1.93,0.04,-25.02,20.73
-0.25,0.18,0.5,-0.71,1.88,0.06,-25.21,17.84
-0.27,0.16,0.56,-0.68,1.86,0.07,-24.94,14.48
-0.29,0.14,0.61,-0.65,1.88,0.08,-25.06,11.66
-0.3,0.12,0.64,-0.61,1.91,0.09,-25.01,9.54
-0.31,0.11,0.65,-0.52,1.96,0.08,-24.84,8.99
-0.28,0.11,0.66,-0.5,2.08,0.07,-22.59,8.49
-0.27,0.09,0.66,-0.44,2.18,0.04,-22.15,7.29
-0.25,0.1,0.68,-0.42,2.31,0.01,-20.28,7.53
-0.25,0.09,0.68,-0.37,2.41,-0.03,-19.97,7.2
-0.26,0.08,0.67,-0.33,2.52,-0.08,-21.29,6.59
-0.27,0.08,0.66,-0.33,2.64,-0.12,-22.17,6.28
-0.28,0.09,0.66,-0.33,2.72,-0.15,-22.86,7.55
-0.28,0.11,0.65,-0.32,2.77,-0.18,-23.04,9.02
-0.32,0.13,0.67,-0.33,2.82,-0.2,-25.03,10.11
-0.35,0.16,0.67,-0.36,2.89,-0.21,-26.77,11.76
-0.39,0.18,0.69,-0.39,2.91,-0.2,-28.82,12.69
-0.42,0.18,0.72,-0.42,2.93,-0.17,-29.16,12.5
-0.43,0.18,0.75,-0.42,2.93,-0.15,-28.96,11.92
-0.44,0.17,0.77,-0.47,2.96,-0.13,-29.2,10.91
-0.46,0.17,0.77,-0.52,2.99,-0.09,-30.11,10.51
-0.47,0.17,0.78,-0.58,2.97,-0.05,-30.59,10.36
-0.47,0.16,0.8,-0.65,2.93,-0.0,-29.91,9.73
-0.46,0.15,0.86,-0.74,2.92,0.02,-27.53,8.55
-0.43,0.13,0.93,-0.81,2.84,0.04,-24.9,7.3
-0.38,0.09,0.95,-0.84,2.73,0.05,-21.47,5.29
-0.38,0.1,1.0,-0.86,2.87,-0.11,-20.52,5.15
-0.38,0.07,1.12,-0.89,2.55,0.02,-18.52,3.58
-0.36,0.06,1.22,-0.84,2.49,-0.02,-16.56,2.57
-0.33,0.06,1.27,-0.73,2.44,-0.06,-14.55,2.44
-0.29,0.08,1.29,-0.63,2.44,-0.13,-12.63,3.3
-0.27,0.09,1.3,-0.54,2.51,-0.22,-11.8,3.98
-0.28,0.1,1.3,-0.44,2.6,-0.3,-11.94,4.39
-0.3,0.11,1.31,-0.35,2.71,-0.38,-12.91,4.84
-0.33,0.14,1.29,-0.24,2.81,-0.44,-14.48,5.92
-0.38,0.17,1.25,-0.15,2.93,-0.47,-16.89,7.29
-0.43,0.19,1.21,-0.13,3.03,-0.49,-19.23,8.43
-0.48,0.21,1.18,-0.13,3.1,-0.48,-21.7,9.51
-0.51,0.23,1.14,-0.17,3.15,-0.43,-23.78,10.54
-0.53,0.25,1.12,-0.23,3.14,-0.38,-24.9,11.32
-0.54,0.26,1.13,-0.33,3.13,-0.3,-25.02,11.53
-0.53,0.24,1.14,-0.43,3.06,-0.21,-24.52,10.68
-0.49,0.21,1.18,-0.51,2.96,-0.13,-22.33,9.45
-0.44,0.17,1.23,-0.57,2.85,-0.08,-19.54,7.54
-0.37,0.14,1.3,-0.62,2.77,-0.07,-15.92,5.76
-0.3,0.09,1.36,-0.61,2.67,-0.07,-12.33,3.7
-0.25,0.07,1.37,-0.57,2.61,-0.12,-10.47,2.69
-0.21,0.04,1.39,-0.52,2.59,-0.16,-8.8,1.66
-0.21,0.02,1.37,-0.44,2.59,-0.24,-8.91,0.92
-0.25,0.03,1.33,-0.4,2.62,-0.3,-10.72,1.37
-0.29,0.07,1.28,-0.37,2.63,-0.34,-12.68,2.87
-0.33,0.12,1.23,-0.39,2.66,-0.36,-15.02,5.34
-0.38,0.16,1.19,-0.46,2.71,-0.37,-17.71,7.24
-0.45,0.2,1.17,-0.57,2.71,-0.33,-20.78,9.13
-0.5,0.23,1.17,-0.71,2.69,-0.26,-22.86,10.34
-0.53,0.24,1.18,-0.89,2.63,-0.15,-23.93,10.5
-0.53,0.24,1.2,-1.08,2.58,-0.05,-23.48,10.43
-0.49,0.22,1.24,-1.28,2.51,0.07,-21.28,9.48
-0.42,0.19,1.34,-1.46,2.44,0.18,-17.19,7.49
-0.31,0.14,1.44,-1.59,2.36,0.28,-12.15,5.38
-0.19,0.08,1.54,-1.66,2.31,0.35,-6.99,2.89
-0.06,-0.0,1.65,-1.69,2.23,0.38,-2.25,-0.01
0.05,-0.07,1.73,-1.61,2.16,0.37,1.76,-2.26
0.19,-0.13,1.79,-1.49,2.11,0.33,5.95,-4.02
0.28,-0.15,1.86,-1.3,2.1,0.25,8.65,-4.56
0.37,-0.15,1.88,-1.06,2.15,0.15,11.05,-4.46
0.42,-0.13,1.89,-0.79,2.24,0.05,12.42,-3.98
0.42,-0.13,1.86,-0.52,2.38,-0.06,12.77,-3.8
0.37,-0.11,1.81,-0.27,2.52,-0.16,11.47,-3.35
0.3,-0.07,1.74,-0.08,2.65,-0.23,9.74,-2.36
0.24,-0.05,1.66,0.05,2.75,-0.27,8.38,-1.64
0.2,-0.03,1.61,0.14,2.82,-0.3,7.14,-0.99
0.14,0.0,1.55,0.19,2.85,-0.31,5.08,0.11
0.07,0.01,1.5,0.17,2.84,-0.3,2.62,0.28
-0.02,0.04,1.46,0.07,2.75,-0.27,-0.81,1.39
-0.07,0.07,1.44,-0.05,2.63,-0.21,-2.81,2.59
-0.11,0.09,1.44,-0.24,2.52,-0.14,-4.16,3.51
-0.1,0.09,1.46,-0.43,2.36,-0.02,-3.93,3.36
-0.05,0.07,1.49,-0.62,2.21,0.07,-2.06,2.58
0.02,0.04,1.52,-0.76,2.01,0.17,0.67,1.52
0.12,0.01,1.55,-0.87,1.83,0.25,4.33,0.36
0.22,-0.03,1.59,-0.95,1.7,0.3,7.97,-1.11
0.3,-0.05,1.6,-0.98,1.57,0.33,10.59,-1.8
0.34,-0.07,1.6,-0.96,1.45,0.34,11.91,-2.51
0.36,-0.08,1.58,-0.95,1.37,0.36,12.76,-2.97
0.38,-0.09,1.57,-0.94,1.33,0.35,13.5,-3.1
0.4,-0.09,1.57,-0.91,1.29,0.34,14.17,-3.15
0.41,-0.1,1.57,-0.87,1.24,0.32,14.45,-3.53
0.39,-0.1,1.58,-0.84,1.17,0.34,13.96,-3.67
0.35,-0.1,1.58,-0.81,1.16,0.33,12.46,-3.35
0.31,-0.09,1.58,-0.8,1.12,0.35,11.24,-3.07
0.29,-0.07,1.56,-0.81,1.07,0.39,10.47,-2.52
0.28,-0.06,1.55,-0.83,1.0,0.44,10.18,-2.22
0.29,-0.06,1.54,-0.84,0.95,0.48,10.64,-2.32
0.32,-0.07,1.52,-0.85,0.9,0.53,11.7,-2.74
0.36,-0.1,1.51,-0.84,0.84,0.57,13.27,-3.7
0.38,-0.1,1.47,-0.84,0.79,0.61,14.58,-3.87
0.42,-0.11,1.44,-0.81,0.76,0.61,16.33,-4.06
0.45,-0.12,1.4,-0.78,0.75,0.6,17.77,-4.63
0.47,-0.13,1.38,-0.71,0.73,0.57,18.82,-5.09
0.48,-0.14,1.36,-0.64,0.73,0.53,19.45,-5.56
0.48,-0.15,1.35,-0.59,0.77,0.49,19.52,-6.1
0.47,-0.14,1.34,-0.53,0.82,0.45,19.15,-5.69
0.44,-0.13,1.33,-0.45,0.85,0.43,18.24,-5.39
0.43,-0.13,1.35,-0.42,0.89,0.4,17.43,-5.36
0.39,-0.15,1.38,-0.35,0.93,0.38,15.54,-5.88
0.37,-0.16,1.41,-0.33,0.98,0.38,14.63,-6.46
0.35,-0.19,1.44,-0.26,1.01,0.39,13.35,-7.36
0.34,-0.22,1.45,-0.23,1.08,0.43,12.89,-8.57
0.31,-0.24,1.44,-0.18,1.14,0.45,12.15,-9.35
0.29,-0.25,1.41,-0.16,1.22,0.49,11.6,-9.89
0.29,-0.26,1.35,-0.15,1.28,0.53,11.8,-10.69
0.3,-0.26,1.29,-0.14,1.32,0.54,12.99,-11.18
0.32,-0.25,1.22,-0.16,1.32,0.55,14.41,-11.09
0.32,-0.25,1.16,-0.2,1.31,0.52,15.13,-11.58
0.34,-0.24,1.1,-0.28,1.24,0.49,16.76,-11.69
0.36,-0.23,1.06,-0.35,1.15,0.45,18.42,-11.78
0.38,-0.22,1.04,-0.42,1.02,0.4,19.5,-11.47
0.39,-0.22,1.04,-0.46,0.85,0.36,20.37,-11.29
0.4,-0.22,1.03,-0.51,0.69,0.32,20.61,-11.06
0.4,-0.21,1.02,-0.52,0.52,0.28,20.95,-10.7
0.4,-0.2,1.01,-0.54,0.33,0.26,21.11,-10.49
0.37,-0.19,0.98,-0.56,0.2,0.22,20.34,-9.99
0.36,-0.17,0.97,-0.58,0.09,0.17,19.78,-9.46
0.34,-0.16,0.97,-0.57,-0.01,0.14,19.13,-8.79
0.31,-0.15,0.98,-0.6,-0.09,0.09,17.63,-8.37
0.3,-0.14,0.98,-0.61,-0.13,0.05,16.91,-7.65
0.29,-0.12,0.99,-0.62,-0.16,-0.0,16.28,-6.45
0.29,-0.1,1.01,-0.63,-0.19,-0.03,15.94,-5.62
0.28,-0.09,1.03,-0.61,-0.23,-0.06,15.07,-4.95
0.28,-0.08,1.05,-0.6,-0.26,-0.08,14.71,-4.35
0.28,-0.07,1.06,-0.6,-0.26,-0.1,14.7,-3.59
0.28,-0.06,1.07,-0.55,-0.28,-0.11,14.5,-3.04
0.27,-0.05,1.07,-0.53,-0.3,-0.13,14.32,-2.6
0.28,-0.03,1.07,-0.49,-0.31,-0.15,14.41,-1.39
0.27,-0.02,1.08,-0.46,-0.32,-0.18,14.03,-0.85
0.28,-0.01,1.08,-0.42,-0.34,-0.18,14.38,-0.31
0.28,0.01,1.11,-0.37,-0.37,-0.19,14.07,0.47
0.27,0.02,1.13,-0.32,-0.4,-0.2,13.31,1.17
0.27,0.04,1.15,-0.25,-0.42,-0.21,13.12,1.97
0.27,0.05,1.16,-0.2,-0.45,-0.2,12.93,2.53
0.27,0.06,1.18,-0.11,-0.47,-0.19,12.72,2.72
0.27,0.06,1.18,-0.02,-0.46,-0.19,12.67,3.01
0.26,0.07,1.17,0.07,-0.42,-0.2,12.39,3.15
0.25,0.05,1.17,0.16,-0.37,-0.2,12.03,2.6
0.24,0.04,1.17,0.28,-0.31,-0.21,11.46,2.1
0.22,0.04,1.16,0.37,-0.25,-0.24,10.84,1.83
0.2,0.04,1.16,0.46,-0.16,-0.25,10.01,2.09
0.18,0.05,1.15,0.53,-0.06,-0.26,9.06,2.32
0.16,0.04,1.13,0.61,0.02,-0.26,7.9,2.13
0.13,0.04,1.11,0.69,0.08,-0.28,6.84,2.03
0.11,0.04,1.08,0.74,0.16,-0.28,5.8,2.05
0.1,0.04,1.07,0.79,0.2,-0.29,5.11,1.91
0.06,0.03,1.05,0.83,0.23,-0.29,3.53,1.8
0.05,0.04,1.03,0.85,0.23,-0.28,2.67,2.06
0.03,0.03,1.01,0.87,0.26,-0.3,1.87,1.72
0.01,0.03,0.99,0.88,0.25,-0.29,0.42,1.69
-0.01,0.03,0.98,0.87,0.26,-0.31,-0.74,1.8
-0.03,0.03,0.97,0.87,0.24,-0.31,-1.67,2.02
-0.05,0.04,0.97,0.85,0.23,-0.3,-3.07,2.35
-0.06,0.04,1.0,0.82,0.23,-0.29,-3.49,2.46
-0.08,0.04,0.99,0.8,0.2,-0.26,-4.6,2.34
-0.09,0.04,0.98,0.78,0.17,-0.24,-5.37,2.54
-0.1,0.05,0.96,0.74,0.15,-0.22,-5.65,2.74
-0.11,0.04,0.96,0.69,0.14,-0.21,-6.5,2.3
-0.12,0.04,0.94,0.65,0.11,-0.18,-7.25,2.63
-0.13,0.04,0.93,0.59,0.09,-0.16,-8.07,2.51
-0.12,0.04,0.94,0.56,0.05,-0.14,-7.52,2.58
-0.13,0.04,0.93,0.49,0.04,-0.14,-7.82,2.56
-0.14,0.04,0.93,0.44,0.01,-0.13,-8.69,2.41
-0.14,0.06,0.93,0.45,0.11,-0.26,-8.56,3.44
-0.14,0.05,0.92,0.32,-0.05,-0.12,-8.86,2.99
-0.15,0.06,0.91,0.25,-0.06,-0.11,-9.52,3.59
-0.15,0.06,0.92,0.2,-0.08,-0.09,-9.13,3.47
-0.14,0.06,0.92,0.15,-0.09,-0.08,-8.59,3.37
-0.14,0.06,0.93,0.1,-0.12,-0.06,-8.77,3.77
-0.14,0.06,0.95,0.05,-0.12,-0.05,-8.37,3.88
-0.13,0.07,0.96,-0.0,-0.14,-0.03,-7.87,4.4
-0.12,0.07,0.97,-0.06,-0.14,-0.01,-7.04,3.93
-0.11,0.07,0.98,-0.08,-0.16,0.02,-6.22,4.07
-0.09,0.07,0.98,-0.12,-0.16,0.04,-5.49,3.9
-0.08,0.07,0.98,-0.15,-0.15,0.07,-4.55,3.81
-0.07,0.06,0.98,-0.15,-0.16,0.09,-3.92,3.69
-0.05,0.06,0.99,-0.17,-0.17,0.11,-2.67,3.28
-0.04,0.06,0.99,-0.19,-0.15,0.11,-2.37,3.35
-0.03,0.06,0.99,-0.21,-0.16,0.12,-1.55,3.37
-0.02,0.05,0.99,-0.23,-0.14,0.12,-1.19,3.17
-0.01,0.05,0.98,-0.23,-0.14,0.13,-0.39,3.12
0.01,0.05,0.98,-0.23,-0.13,0.12,0.56,2.84
0.02,0.04,0.98,-0.26,-0.1,0.12,0.99,2.22
0.03,0.04,0.99,-0.25,-0.1,0.11,1.54,2.27
0.03,0.04,0.99,-0.24,-0.1,0.11,1.7,2.21
0.03,0.05,1.0,-0.24,-0.07,0.09,1.53,2.82
0.04,0.05,1.02,-0.25,-0.06,0.1,2.18,2.92
0.05,0.05,1.03,-0.23,-0.06,0.11,2.66,2.72
0.06,0.05,1.04,-0.22,-0.05,0.11,3.07,2.58
0.08,0.04,1.04,-0.21,-0.04,0.12,4.12,2.35
0.09,0.03,1.04,-0.19,-0.02,0.11,4.7,1.89
0.08,0.04,1.05,-0.18,-0.01,0.12,4.32,1.99
0.08,0.03,1.06,-0.16,-0.02,0.12,4.51,1.74
0.07,0.03,1.07,-0.16,-0.01,0.12,3.66,1.65
0.06,0.04,1.07,-0.18,0.0,0.12,3.05,1.91
0.06,0.03,1.06,-0.19,-0.01,0.15,3.03,1.4
0.06,0.02,1.06,-0.2,-0.04,0.16,3.25,1.25
0.07,0.02,1.06,-0.23,-0.08,0.18,3.86,1.0
0.09,0.0,1.08,-0.27,-0.1,0.19,4.69,0.04
0.1,-0.01,1.08,-0.3,-0.17,0.21,5.45,-0.33
0.13,-0.03,1.08,-0.35,-0.21,0.23,6.8,-1.33
0.16,-0.04,1.08,-0.37,-0.27,0.23,8.35,-1.93
0.19,-0.04,1.08,-0.42,-0.33,0.24,10.09,-2.08
0.24,-0.06,1.1,-0.47,-0.37,0.24,12.49,-2.89
0.28,-0.06,1.1,-0.48,-0.41,0.22,14.28,-2.97
0.32,-0.07,1.13,-0.51,-0.44,0.22,15.92,-3.38
0.36,-0.09,1.16,-0.54,-0.41,0.2,17.22,-4.18
0.41,-0.1,1.2,-0.56,-0.37,0.18,18.55,-4.7
0.45,-0.11,1.24,-0.55,-0.34,0.15,19.79,-4.95
0.49,-0.11,1.3,-0.56,-0.29,0.13,20.61,-4.59
0.53,-0.11,1.38,-0.56,-0.28,0.12,20.99,-4.32
0.57,-0.12,1.43,-0.54,-0.28,0.13,21.64,-4.4
0.62,-0.14,1.49,-0.5,-0.32,0.15,22.33,-4.81
0.63,-0.15,1.53,-0.45,-0.38,0.19,22.25,-5.34
0.64,-0.18,1.55,-0.42,-0.44,0.22,22.19,-6.08
0.65,-0.19,1.55,-0.41,-0.53,0.26,22.48,-6.5
0.66,-0.21,1.55,-0.4,-0.63,0.29,22.8,-7.21
0.7,-0.23,1.53,-0.41,-0.76,0.33,24.24,-7.9
0.74,-0.26,1.52,-0.42,-0.86,0.33,25.7,-8.87
0.78,-0.29,1.51,-0.43,-0.96,0.33,26.96,-9.77
0.83,-0.32,1.53,-0.42,-1.09,0.28,28.05,-10.29
0.85,-0.33,1.55,-0.43,-1.21,0.25,28.17,-10.47
0.87,-0.34,1.58,-0.43,-1.3,0.19,28.3,-10.72
0.89,-0.35,1.61,-0.41,-1.4,0.13,28.38,-10.71
0.89,-0.35,1.66,-0.37,-1.5,0.07,27.8,-10.65
0.9,-0.34,1.7,-0.31,-1.59,0.02,27.43,-10.07
0.9,-0.33,1.76,-0.27,-1.64,-0.06,26.77,-9.41
0.89,-0.31,1.81,-0.21,-1.7,-0.11,25.8,-8.81
0.85,-0.3,1.84,-0.12,-1.76,-0.16,24.6,-8.56
0.82,-0.3,1.86,-0.02,-1.81,-0.2,23.52,-8.34
0.78,-0.3,1.88,0.1,-1.83,-0.25,22.35,-8.35
0.75,-0.3,1.9,0.22,-1.84,-0.31,21.41,-8.43
0.72,-0.3,1.92,0.37,-1.85,-0.36,20.44,-8.34
0.68,-0.31,1.94,0.53,-1.84,-0.42,19.22,-8.62
0.64,-0.32,1.96,0.69,-1.86,-0.45,17.93,-8.8
0.59,-0.32,1.99,0.83,-1.87,-0.5,16.4,-8.79
0.53,-0.32,2.02,0.95,-1.93,-0.54,14.64,-8.62
0.49,-0.31,2.04,1.06,-1.99,-0.56,13.34,-8.46
0.39,-0.3,2.0,1.13,-2.06,-0.59,10.99,-8.42
0.28,-0.29,1.96,1.14,-2.14,-0.61,8.18,-8.26
0.19,-0.26,1.92,1.15,-2.25,-0.62,5.54,-7.7
0.12,-0.22,1.9,1.11,-2.35,-0.61,3.57,-6.74
0.06,-0.19,1.88,1.08,-2.46,-0.61,1.75,-5.85
0.0,-0.16,1.88,1.04,-2.56,-0.61,0.01,-4.99
-0.05,-0.14,1.87,1.01,-2.68,-0.59,-1.58,-4.27
-0.09,-0.1,1.86,0.97,-2.8,-0.59,-2.85,-3.19
-0.13,-0.08,1.84,0.94,-2.9,-0.58,-4.11,-2.41
-0.17,-0.05,1.83,0.91,-2.98,-0.58,-5.44,-1.58
-0.22,-0.02,1.82,0.88,-3.03,-0.57,-6.89,-0.57
-0.27,-0.0,1.79,0.87,-3.07,-0.57,-8.56,-0.04
-0.33,0.02,1.78,0.84,-3.1,-0.55,-10.45,0.69
-0.39,0.06,1.77,0.84,-3.11,-0.53,-12.55,1.78
-0.45,0.08,1.75,0.79,-3.12,-0.5,-14.54,2.63
-0.5,0.12,1.72,0.76,-3.13,-0.45,-16.03,3.79
-0.51,0.15,1.7,0.74,-3.14,-0.41,-16.77,4.8
-0.53,0.16,1.69,0.71,-3.16,-0.37,-17.45,5.08
-0.54,0.18,1.66,0.69,-3.14,-0.33,-17.81,5.76
-0.56,0.19,1.65,0.68,-3.17,-0.3,-18.55,6.19
-0.59,0.2,1.62,0.67,-3.18,-0.28,-19.93,6.57
-0.63,0.22,1.58,0.66,-3.2,-0.26,-21.53,7.21
-0.66,0.23,1.54,0.64,-3.22,-0.21,-22.87,7.84
-0.68,0.24,1.5,0.59,-3.24,-0.18,-24.25,8.32
-0.69,0.24,1.43,0.56,-3.3,-0.16,-25.38,8.73
-0.69,0.25,1.38,0.52,-3.35,-0.14,-26.11,9.38
-0.69,0.27,1.32,0.46,-3.41,-0.12,-27.19,10.2
-0.7,0.28,1.27,0.42,-3.48,-0.1,-28.21,11.1
-0.7,0.29,1.22,0.35,-3.64,-0.09,-29.31,11.66
-0.72,0.3,1.15,0.29,-3.63,-0.07,-31.29,12.46
-0.72,0.31,1.09,0.25,-3.66,-0.06,-32.56,13.29
-0.73,0.32,1.03,0.18,-3.71,-0.04,-34.26,14.12
-0.73,0.33,0.98,0.12,-3.7,-0.03,-35.33,15.18
-0.74,0.33,0.92,0.05,-3.71,0.01,-37.31,15.66
-0.76,0.34,0.86,-0.04,-3.67,0.03,-39.32,16.25
-0.75,0.35,0.83,-0.13,-3.66,0.06,-39.74,17.25
-0.73,0.35,0.82,-0.21,-3.65,0.09,-39.51,17.66
-0.72,0.34,0.79,-0.28,-3.62,0.11,-40.08,17.54
-0.72,0.33,0.79,-0.34,-3.58,0.13,-40.06,17.19
-0.69,0.34,0.79,-0.41,-3.52,0.15,-38.83,17.9
-0.65,0.33,0.8,-0.43,-3.45,0.16,-36.96,18.0
-0.61,0.33,0.8,-0.44,-3.39,0.16,-35.24,17.98
-0.59,0.31,0.81,-0.44,-3.26,0.14,-34.14,17.45
-0.58,0.31,0.81,-0.43,-3.13,0.12,-33.69,17.29
-0.57,0.32,0.83,-0.39,-3.02,0.1,-32.88,17.49
-0.57,0.32,0.82,-0.36,-2.96,0.07,-32.74,17.95
-0.57,0.33,0.8,-0.32,-2.86,0.05,-33.29,18.66
-0.58,0.33,0.78,-0.3,-2.77,0.05,-34.12,18.86
-0.57,0.33,0.78,-0.26,-2.73,0.06,-34.06,19.01
-0.54,0.33,0.78,-0.2,-2.69,0.07,-32.53,19.13
-0.51,0.32,0.78,-0.15,-2.61,0.05,-31.06,18.91
-0.49,0.3,0.78,-0.1,-2.56,0.03,-30.34,18.39
-0.47,0.29,0.77,-0.03,-2.5,0.01,-29.81,18.0
-0.45,0.29,0.76,0.04,-2.46,-0.01,-28.82,18.24
-0.43,0.28,0.75,0.11,-2.4,-0.03,-28.03,17.79
-0.4,0.26,0.75,0.18,-2.32,-0.06,-26.66,17.29
-0.37,0.25,0.75,0.26,-2.28,-0.09,-24.74,16.9
-0.34,0.25,0.76,0.38,-2.22,-0.14,-23.08,16.5
-0.33,0.24,0.74,0.49,-2.16,-0.2,-22.71,16.31
-0.32,0.23,0.73,0.6,-2.08,-0.26,-22.62,16.13
-0.32,0.23,0.71,0.7,-2.0,-0.31,-23.43,16.26
-0.31,0.22,0.69,0.82,-1.92,-0.35,-23.46,16.49
-0.3,0.22,0.67,0.91,-1.81,-0.4,-23.42,16.65
-0.31,0.22,0.65,1.03,-1.68,-0.43,-24.27,16.84
-0.31,0.2,0.63,1.15,-1.53,-0.45,-25.35,16.3
-0.32,0.19,0.6,1.29,-1.38,-0.47,-26.95,15.58
-0.31,0.15,0.55,1.41,-1.22,-0.49,-28.48,13.62
-0.3,0.14,0.51,1.5,-1.03,-0.5,-29.68,12.9
-0.28,0.12,0.45,1.6,-0.87,-0.49,-30.45,12.37
-0.25,0.1,0.41,1.67,-0.72,-0.48,-30.49,11.4
-0.22,0.09,0.36,1.72,-0.58,-0.47,-30.77,11.83
-0.2,0.06,0.31,1.76,-0.45,-0.46,-32.01,8.81
-0.16,0.03,0.27,1.77,-0.36,-0.44,-31.15,5.8
-0.14,0.03,0.22,1.75,-0.3,-0.41,-33.32,6.33
-0.11,0.0,0.16,1.73,-0.28,-0.38,-33.37,0.99
-0.08,0.0,0.13,1.66,-0.26,-0.36,-31.27,0.14
-0.05,-0.0,0.1,1.58,-0.28,-0.32,-27.36,-0.83
-0.01,0.0,0.07,1.5,-0.31,-0.28,-9.94,0.01
0.02,-0.0,0.05,1.38,-0.37,-0.22,23.14,-1.2
0.04,0.02,0.02,1.26,-0.43,-0.19,55.91,24.57
0.07,0.03,0.02,1.11,-0.5,-0.14,61.76,23.72
0.08,0.05,0.02,1.0,-0.61,-0.07,58.48,29.88
0.09,0.06,0.02,0.86,-0.72,-0.02,54.92,33.05
0.11,0.06,0.03,0.72,-0.84,0.05,56.95,28.46
0.12,0.06,0.06,0.58,-0.91,0.12,56.51,21.81
0.14,0.04,0.1,0.47,-1.0,0.19,51.67,12.4
0.16,0.02,0.15,0.39,-1.09,0.21,47.05,4.75
0.17,0.01,0.19,0.28,-1.08,0.26,42.11,1.31
0.18,-0.0,0.23,0.19,-1.06,0.26,38.69,-0.2
0.18,-0.0,0.28,0.15,-1.07,0.28,33.68,-0.76
0.19,0.0,0.3,0.12,-1.08,0.28,32.07,0.69
0.2,0.01,0.33,0.06,-1.06,0.31,30.57,1.42
0.2,0.0,0.35,0.02,-1.03,0.31,30.06,0.17
0.2,-0.01,0.39,-0.04,-0.97,0.33,27.64,-1.12
0.21,-0.02,0.42,-0.07,-0.93,0.32,26.25,-2.05
0.2,-0.02,0.45,-0.1,-0.9,0.3,24.34,-2.15
0.19,-0.01,0.49,-0.13,-0.86,0.3,21.64,-0.74
0.18,-0.0,0.52,-0.16,-0.84,0.3,19.16,-0.26
0.17,-0.0,0.56,-0.15,-0.85,0.31,16.62,-0.08
0.16,-0.01,0.59,-0.15,-0.84,0.31,14.96,-1.09
0.15,-0.01,0.62,-0.13,-0.79,0.3,14.04,-1.04
0.16,-0.01,0.65,-0.11,-0.77,0.29,13.63,-0.78
0.16,-0.01,0.68,-0.09,-0.7,0.27,13.67,-1.05
0.17,-0.01,0.7,-0.04,-0.67,0.25,13.71,-0.96
0.18,-0.01,0.72,-0.02,-0.56,0.22,13.89,-0.77
0.17,-0.0,0.71,0.02,-0.49,0.19,13.57,-0.37
0.17,0.0,0.71,0.15,-0.3,0.02,13.37,0.21
0.17,0.01,0.71,0.11,-0.38,0.15,13.02,0.46
0.16,0.02,0.72,0.13,-0.31,0.12,12.75,1.26
0.16,0.02,0.71,0.15,-0.26,0.11,12.82,1.72
0.16,0.03,0.71,0.19,-0.22,0.11,12.92,2.22
0.18,0.03,0.73,0.22,-0.16,0.1,13.67,2.3
0.18,0.03,0.75,0.25,-0.1,0.09,13.22,2.47
0.17,0.04,0.74,0.25,-0.05,0.08,13.03,2.66
0.16,0.03,0.75,0.29,-0.03,0.08,12.28,2.56
0.15,0.03,0.74,0.32,-0.05,0.1,11.71,2.51
0.15,0.03,0.74,0.34,-0.05,0.1,11.6,2.62
0.16,0.03,0.74,0.33,-0.06,0.11,11.92,2.42
0.16,0.02,0.75,0.33,-0.1,0.12,12.0,1.75
0.17,0.02,0.78,0.34,-0.14,0.12,12.1,1.45
0.18,0.0,0.78,0.35,-0.14,0.11,12.99,0.16
0.18,0.0,0.8,0.35,-0.15,0.1,12.68,0.22
0.19,-0.01,0.8,0.36,-0.17,0.07,13.18,-1.02
0.19,-0.0,0.8,0.35,-0.21,0.07,13.29,-0.06
0.19,0.0,0.79,0.33,-0.25,0.03,13.75,0.01
0.16,0.02,0.79,0.31,-0.28,0.01,11.62,1.09
0.15,0.02,0.77,0.27,-0.32,0.01,11.11,1.63
0.15,0.02,0.78,0.26,-0.36,0.01,10.52,1.56
0.13,0.02,0.79,0.24,-0.38,0.0,9.03,1.21
0.12,0.03,0.78,0.22,-0.36,-0.01,8.78,2.24
0.12,0.04,0.79,0.2,-0.36,-0.01,8.41,2.77
0.1,0.05,0.79,0.19,-0.37,-0.01,7.35,3.77
0.09,0.06,0.81,0.18,-0.34,-0.01,6.45,3.87
0.08,0.06,0.82,0.17,-0.29,-0.01,5.89,4.1
0.07,0.05,0.82,0.18,-0.25,0.01,5.05,3.17
0.06,0.03,0.82,0.18,-0.21,0.02,4.53,2.39
0.08,0.02,0.81,0.17,-0.16,0.02,5.59,1.7
0.08,0.02,0.81,0.13,-0.07,0.01,6.01,1.63
0.09,0.03,0.82,0.11,-0.03,0.01,6.01,2.01
0.07,0.04,0.83,0.06,0.02,-0.0,5.05,2.63
0.06,0.04,0.85,0.04,0.01,0.01,3.74,3.02
0.04,0.05,0.86,-0.0,0.0,0.03,2.59,3.32
0.03,0.06,0.89,-0.02,-0.01,0.04,1.85,3.84
0.02,0.06,0.92,-0.03,-0.02,0.07,1.36,3.82
0.01,0.07,0.95,-0.02,-0.07,0.09,0.89,3.94
0.02,0.06,0.98,-0.03,-0.07,0.09,1.06,3.72
0.02,0.06,1.0,-0.02,-0.08,0.11,1.15,3.22
0.04,0.05,1.0,0.02,-0.1,0.11,2.43,2.63
0.06,0.04,1.03,0.05,-0.11,0.12,3.39,2.46
0.08,0.03,1.03,0.08,-0.09,0.1,4.22,1.54
0.1,0.02,1.03,0.09,-0.06,0.08,5.61,1.14
0.11,0.01,1.02,0.1,-0.06,0.05,6.4,0.53
0.12,0.0,1.0,0.12,-0.05,0.02,6.74,0.26
0.12,0.01,0.99,0.12,-0.03,-0.02,6.94,0.52
0.12,0.0,0.96,0.1,-0.01,-0.05,7.04,0.28
0.12,0.01,0.94,0.09,-0.01,-0.06,7.07,0.36
0.11,0.01,0.9,0.08,-0.01,-0.08,6.66,0.62
0.09,0.01,0.89,0.04,-0.02,-0.08,5.86,0.92
0.07,0.03,0.88,-0.03,-0.01,-0.08,4.34,1.9
0.05,0.04,0.89,-0.05,-0.05,-0.06,3.16,2.55
0.04,0.04,0.9,-0.07,-0.08,-0.06,2.67,2.58
0.03,0.05,0.92,-0.1,-0.1,-0.04,1.93,2.81
0.02,0.05,0.95,-0.1,-0.12,-0.03,1.29,2.72
0.02,0.05,0.97,-0.13,-0.13,-0.02,1.07,2.97
0.02,0.05,0.99,-0.11,-0.15,-0.01,0.95,2.68
0.02,0.06,1.01,-0.09,-0.17,-0.02,0.86,3.15
0.01,0.06,1.02,-0.07,-0.14,-0.03,0.33,3.17
0.01,0.06,1.02,-0.04,-0.14,-0.03,0.62,3.2
0.0,0.07,1.01,0.01,-0.13,-0.03,0.25,3.82
0.01,0.06,1.0,0.07,-0.11,-0.05,0.52,3.67
0.02,0.07,0.98,0.11,-0.06,-0.05,1.07,4.06
0.02,0.06,0.97,0.15,-0.04,-0.05,1.38,3.62
0.03,0.06,0.93,0.17,0.01,-0.05,1.95,3.48
0.03,0.06,0.91,0.18,0.02,-0.04,2.07,3.66
0.04,0.06,0.89,0.2,0.07,-0.05,2.65,4.06
0.05,0.06,0.88,0.19,0.09,-0.05,3.37,4.17
0.05,0.07,0.86,0.21,0.1,-0.04,3.62,4.33
0.06,0.06,0.84,0.21,0.09,-0.04,4.29,3.97
0.06,0.05,0.82,0.19,0.11,-0.03,4.35,3.79
0.07,0.05,0.81,0.17,0.14,-0.01,4.7,3.67
0.08,0.05,0.81,0.16,0.13,0.01,5.41,3.69
0.08,0.04,0.81,0.16,0.14,0.01,5.91,2.76
0.09,0.03,0.8,0.15,0.13,0.02,6.62,1.94
0.12,0.01,0.8,0.14,0.13,0.01,8.41,0.87
0.14,0.0,0.78,0.14,0.12,0.01,10.51,0.22
0.16,0.0,0.76,0.14,0.1,-0.0,11.99,0.08
0.19,-0.0,0.74,0.12,0.1,-0.02,14.13,-0.2
0.2,0.0,0.73,0.09,0.12,-0.04,15.16,0.24
0.2,0.01,0.71,0.09,0.09,-0.05,15.6,0.55
0.21,0.02,0.71,0.07,0.07,-0.07,16.45,1.3
0.21,0.01,0.7,0.09,0.06,-0.08,16.92,0.89
0.22,0.01,0.67,0.09,0.08,-0.09,18.25,0.61
0.25,0.0,0.64,0.1,0.07,-0.11,21.12,0.2
0.27,0.01,0.61,0.08,0.05,-0.11,23.79,0.71
0.28,0.01,0.59,0.1,0.04,-0.13,25.52,1.13
0.28,0.02,0.56,0.1,0.08,-0.16,27.01,2.04
0.29,0.02,0.53,0.07,0.07,-0.15,28.24,1.67
0.28,0.03,0.52,0.09,0.09,-0.17,28.56,2.6
0.27,0.03,0.5,0.11,0.13,-0.18,27.88,3.18
0.26,0.03,0.49,0.11,0.2,-0.19,28.22,3.18
0.25,0.04,0.48,0.11,0.27,-0.19,27.41,4.48
0.24,0.04,0.48,0.14,0.34,-0.2,26.87,4.13
0.22,0.05,0.47,0.18,0.4,-0.21,24.99,5.73
0.2,0.06,0.47,0.24,0.49,-0.21,22.94,6.32
0.18,0.06,0.47,0.29,0.56,-0.2,21.12,6.56
0.16,0.07,0.47,0.38,0.63,-0.2,18.87,7.93
0.15,0.07,0.46,0.48,0.71,-0.19,18.25,8.35
0.14,0.07,0.45,0.56,0.81,-0.18,17.21,8.71
0.13,0.07,0.44,0.68,0.91,-0.16,16.24,8.36
0.14,0.06,0.43,0.81,0.99,-0.12,17.74,7.37
0.16,0.04,0.4,0.93,1.08,-0.1,21.4,4.66
0.19,0.03,0.36,1.02,1.2,-0.08,28.02,3.74
0.23,0.0,0.3,1.11,1.27,-0.06,37.11,0.31
0.28,-0.01,0.26,1.15,1.38,-0.06,46.66,-1.4
0.32,-0.01,0.22,1.18,1.46,-0.08,55.23,-2.02
0.36,-0.02,0.18,1.17,1.56,-0.1,63.09,-3.44
0.38,-0.03,0.14,1.16,1.63,-0.13,69.27,-3.63
0.38,-0.02,0.11,1.12,1.66,-0.15,73.06,-3.5
0.39,-0.02,0.08,1.08,1.68,-0.21,77.8,-3.55
0.38,-0.01,0.06,1.03,1.68,-0.25,81.43,-2.09
0.36,0.0,0.04,0.95,1.67,-0.29,84.02,0.77
0.33,0.02,0.04,0.89,1.63,-0.31,82.66,3.97
0.28,0.04,0.03,0.83,1.59,-0.35,79.51,8.95
0.25,0.03,0.03,0.8,1.52,-0.37,80.85,7.11
0.22,0.03,0.02,0.75,1.52,-0.4,80.39,8.53
0.19,0.02,0.0,0.72,1.52,-0.43,83.19,6.75
0.17,0.04,-0.02,0.68,1.54,-0.48,76.64,11.82
0.13,0.04,-0.06,0.66,1.55,-0.52,60.77,16.95
0.08,0.06,-0.1,0.59,1.6,-0.56,34.68,25.43
0.05,0.1,-0.15,0.51,1.61,-0.58,14.91,30.53
0.0,0.12,-0.2,0.42,1.64,-0.61,0.17,30.2
-0.07,0.13,-0.21,0.32,1.69,-0.63,-14.74,30.97
-0.08,0.17,-0.25,0.14,1.76,-0.62,-15.17,32.48
-0.14,0.21,-0.26,0.0,1.8,-0.62,-22.82,36.18
-0.19,0.23,-0.21,-0.15,1.85,-0.62,-31.8,39.27
-0.2,0.24,-0.18,-0.29,1.9,-0.64,-33.76,41.85
-0.25,0.27,-0.18,-0.46,1.97,-0.64,-36.91,42.15
-0.31,0.29,-0.12,-0.61,2.04,-0.63,-45.24,40.49
-0.38,0.29,-0.05,-0.69,2.27,-0.77,-51.9,37.56
-0.41,0.29,0.03,-0.81,2.09,-0.55,-55.12,34.59
-0.42,0.25,0.11,-0.86,2.17,-0.54,-56.19,30.54
-0.41,0.24,0.16,-0.86,2.25,-0.54,-55.2,28.35
-0.42,0.24,0.2,-0.89,2.34,-0.58,-53.11,27.9
-0.44,0.28,0.23,-0.91,2.41,-0.62,-51.05,29.16
-0.5,0.3,0.25,-0.97,2.51,-0.66,-51.78,28.47
-0.58,0.32,0.27,-1.03,2.6,-0.68,-53.97,26.42
-0.64,0.33,0.32,-1.07,2.65,-0.68,-54.31,24.75
-0.69,0.34,0.36,-1.13,2.71,-0.67,-54.44,23.5
-0.73,0.34,0.41,-1.18,2.82,-0.68,-53.79,22.17
-0.77,0.35,0.44,-1.24,2.94,-0.68,-53.77,21.76
-0.81,0.37,0.46,-1.32,3.06,-0.65,-54.06,21.61
-0.85,0.4,0.5,-1.43,3.15,-0.62,-53.13,22.08
-0.89,0.42,0.56,-1.54,3.23,-0.56,-51.77,21.55
-0.9,0.4,0.64,-1.65,3.29,-0.51,-50.02,19.8
-0.93,0.38,0.73,-1.72,3.3,-0.43,-48.48,17.84
-0.99,0.34,0.84,-1.8,3.3,-0.37,-47.45,14.83
-0.97,0.35,0.85,-1.87,3.29,-0.32,-46.56,15.01
-0.98,0.37,0.92,-1.99,3.27,-0.26,-44.56,15.28
-0.99,0.35,1.1,-2.06,3.22,-0.16,-40.49,13.42
-0.97,0.32,1.23,-2.03,3.15,-0.07,-37.15,11.56
-0.92,0.27,1.36,-2.01,3.12,0.02,-33.5,9.27
-0.85,0.24,1.42,-1.98,3.12,0.07,-30.7,8.26
-0.79,0.21,1.49,-1.93,3.16,0.08,-27.67,6.96
-0.73,0.17,1.55,-1.87,3.23,0.08,-24.99,5.61
-0.67,0.14,1.59,-1.81,3.3,0.06,-22.64,4.71
-0.62,0.13,1.62,-1.72,3.41,0.02,-20.82,4.32
-0.58,0.13,1.64,-1.68,3.51,-0.01,-19.57,4.11
-0.58,0.11,1.63,-1.62,3.59,-0.06,-19.61,3.72
-0.62,0.09,1.63,-1.6,3.59,-0.07,-20.72,3.07
-0.64,0.08,1.64,-1.62,3.6,-0.1,-21.23,2.54
-0.64,0.07,1.68,-1.66,3.55,-0.08,-20.69,2.32
-0.6,0.07,1.77,-1.68,3.48,-0.06,-18.83,2.14
-0.57,0.08,1.85,-1.71,3.39,-0.03,-17.25,2.28
-0.52,0.08,1.9,-1.69,3.25,0.01,-15.38,2.31
-0.45,0.06,1.95,-1.67,3.14,0.07,-12.91,1.84
-0.34,0.04,1.99,-1.58,3.0,0.11,-9.83,1.16
-0.24,0.0,2.01,-1.46,2.91,0.12,-6.68,0.08
-0.13,-0.02,2.02,-1.34,2.89,0.07,-3.79,-0.45
-0.04,-0.03,2.03,-1.18,2.89,0.0,-1.01,-0.91
0.02,-0.04,2.02,-0.98,2.94,-0.1,0.65,-1.06
0.04,-0.04,1.99,-0.78,3.02,-0.23,1.03,-1.03
0.01,-0.02,1.97,-0.6,3.11,-0.33,0.33,-0.59
-0.06,0.02,1.92,-0.45,3.18,-0.42,-1.69,0.56
-0.12,0.04,1.9,-0.35,3.27,-0.47,-3.76,1.16
-0.2,0.06,1.86,-0.26,3.3,-0.49,-6.12,1.72
-0.29,0.06,1.83,-0.24,3.31,-0.49,-9.09,1.95
-0.38,0.07,1.8,-0.29,3.28,-0.44,-12.0,2.16
-0.44,0.07,1.77,-0.4,3.23,-0.36,-13.97,2.04
-0.47,0.06,1.75,-0.55,3.12,-0.25,-15.08,1.95
-0.5,0.06,1.76,-0.76,3.01,-0.13,-15.79,1.93
-0.45,0.06,1.8,-1.0,2.87,0.03,-14.13,1.91
-0.37,0.04,1.86,-1.18,2.7,0.19,-11.19,1.2
-0.23,-0.0,1.94,-1.34,2.51,0.35,-6.84,-0.11
-0.05,-0.07,1.99,-1.4,2.31,0.5,-1.35,-2.07
0.15,-0.13,2.01,-1.41,2.18,0.6,4.17,-3.78
0.33,-0.19,2.01,-1.36,2.09,0.66,9.16,-5.2
0.47,-0.22,1.98,-1.26,2.0,0.65,13.36,-6.06
0.58,-0.24,1.93,-1.12,1.99,0.6,16.53,-6.66
0.63,-0.25,1.89,-1.01,2.04,0.51,18.41,-7.16
0.66,-0.25,1.84,-0.87,2.09,0.42,19.57,-7.16
0.66,-0.25,1.8,-0.72,2.12,0.3,20.06,-7.32
0.64,-0.25,1.77,-0.6,2.14,0.19,19.67,-7.45
0.58,-0.23,1.72,-0.46,2.36,-0.05,18.6,-7.33
0.51,-0.21,1.68,-0.45,2.16,0.03,16.83,-6.86
0.45,-0.19,1.65,-0.38,2.1,-0.03,15.11,-6.41
0.38,-0.18,1.61,-0.36,2.07,-0.05,13.26,-6.14
0.32,-0.17,1.58,-0.35,2.04,-0.07,11.43,-5.85
0.22,-0.15,1.55,-0.4,1.99,-0.06,8.17,-5.53
0.13,-0.15,1.53,-0.49,1.9,-0.02,4.68,-5.42
0.06,-0.13,1.54,-0.64,1.78,0.06,2.11,-4.73
0.03,-0.11,1.56,-0.82,1.68,0.18,1.01,-3.91
0.07,-0.11,1.57,-0.98,1.56,0.31,2.7,-4.03
0.19,-0.15,1.58,-1.09,1.42,0.44,6.86,-5.31
0.34,-0.19,1.57,-1.14,1.26,0.57,11.98,-6.63
0.49,-0.22,1.55,-1.15,1.16,0.62,17.28,-7.8
0.6,-0.25,1.52,-1.1,1.07,0.66,21.34,-8.63
0.71,-0.27,1.47,-1.0,1.02,0.65,25.25,-9.39
0.8,-0.3,1.41,-0.88,0.97,0.62,28.95,-10.41
0.87,-0.32,1.35,-0.73,0.97,0.53,32.08,-11.2
0.9,-0.33,1.28,-0.58,1.01,0.41,34.14,-11.85
0.91,-0.33,1.22,-0.39,1.02,0.27,35.63,-12.39
0.87,-0.34,1.19,-0.22,1.04,0.11,34.9,-12.85
0.76,-0.33,1.17,-0.1,1.07,-0.05,32.01,-13.21
0.65,-0.32,1.16,-0.01,1.12,-0.21,28.57,-13.45
0.56,-0.28,1.16,0.06,1.11,-0.33,25.15,-12.04
0.47,-0.24,1.19,0.09,1.12,-0.43,20.99,-10.84
0.4,-0.22,1.25,0.1,1.09,-0.49,17.55,-9.4
0.32,-0.2,1.33,0.08,1.08,-0.54,13.4,-8.39
0.25,-0.2,1.42,0.07,1.04,-0.52,9.89,-7.85
0.2,-0.19,1.5,0.06,1.0,-0.48,7.61,-7.07
0.16,-0.2,1.56,0.06,0.98,-0.39,5.93,-7.27
0.14,-0.21,1.58,0.05,0.99,-0.29,4.9,-7.64
0.12,-0.23,1.57,0.03,1.01,-0.19,4.19,-8.21
0.13,-0.24,1.53,-0.0,1.06,-0.07,4.71,-9.03
0.15,-0.24,1.45,-0.06,1.09,0.02,5.77,-9.2
0.18,-0.21,1.37,-0.13,1.14,0.08,7.43,-8.47
0.23,-0.19,1.3,-0.22,1.12,0.13,9.85,-8.4
0.28,-0.18,1.25,-0.29,1.05,0.14,12.63,-7.86
0.33,-0.17,1.21,-0.36,0.92,0.16,15.22,-7.92
0.4,-0.18,1.2,-0.42,0.78,0.15,18.15,-7.96
0.44,-0.17,1.17,-0.47,0.61,0.14,20.34,-7.8
0.48,-0.17,1.15,-0.47,0.41,0.14,22.44,-7.66
0.49,-0.16,1.11,-0.49,0.23,0.12,23.77,-7.52
0.5,-0.15,1.07,-0.47,0.05,0.08,25.1,-7.12
0.5,-0.13,1.04,-0.48,-0.12,0.04,25.57,-6.63
0.49,-0.13,1.02,-0.45,-0.27,-0.01,25.39,-6.53
0.47,-0.12,1.02,-0.43,-0.4,-0.08,24.78,-5.96
0.45,-0.11,1.03,-0.43,-0.46,-0.14,23.31,-5.35
0.43,-0.09,1.06,-0.42,-0.51,-0.2,21.89,-4.36
0.4,-0.07,1.07,-0.39,-0.54,-0.24,20.54,-3.59
0.38,-0.06,1.1,-0.37,-0.56,-0.27,18.77,-2.92
0.35,-0.04,1.12,-0.33,-0.57,-0.3,17.45,-1.94
0.33,-0.02,1.13,-0.29,-0.56,-0.3,16.47,-1.19
0.31,-0.0,1.13,-0.27,-0.53,-0.33,15.58,-0.11
0.3,0.01,1.13,-0.23,-0.51,-0.34,15.09,0.54
0.29,0.03,1.12,-0.2,-0.47,-0.36,14.49,1.65
0.28,0.05,1.12,-0.17,-0.42,-0.39,13.99,2.7
0.27,0.07,1.12,-0.14,-0.39,-0.39,13.75,3.59
0.26,0.09,1.13,-0.1,-0.36,-0.43,13.1,4.61
0.26,0.11,1.17,-0.05,-0.35,-0.44,12.42,5.48
0.25,0.14,1.22,-0.02,-0.34,-0.43,11.44,6.42
0.25,0.16,1.27,0.05,-0.36,-0.4,11.18,7.16
0.26,0.17,1.33,0.13,-0.37,-0.36,11.14,7.14
0.28,0.17,1.36,0.25,-0.41,-0.3,11.44,7.15
0.28,0.17,1.36,0.39,-0.4,-0.24,11.64,6.83
0.28,0.16,1.32,0.51,-0.39,-0.19,11.97,6.55
0.27,0.14,1.26,0.65,-0.39,-0.17,11.77,6.25
0.24,0.13,1.21,0.78,-0.33,-0.18,11.31,6.1
0.22,0.11,1.17,0.88,-0.26,-0.18,10.87,5.45
0.19,0.1,1.13,0.97,-0.2,-0.2,9.51,4.97
0.15,0.09,1.08,1.08,-0.13,-0.23,7.95,4.66
0.11,0.08,1.04,1.15,-0.07,-0.24,5.8,4.44
0.05,0.07,1.0,1.19,0.01,-0.27,2.93,4.09
-0.0,0.07,0.97,1.21,0.07,-0.29,-0.24,3.9
-0.04,0.07,0.95,1.21,0.11,-0.31,-2.58,4.02
-0.09,0.07,0.93,1.2,0.14,-0.33,-5.28,4.02
-0.12,0.07,0.91,1.15,0.2,-0.33,-7.33,4.45
-0.14,0.07,0.9,1.11,0.2,-0.32,-8.87,4.65
-0.17,0.08,0.89,1.15,0.35,-0.46,-10.99,4.98
-0.19,0.08,0.87,0.98,0.18,-0.28,-12.47,5.34
-0.21,0.08,0.85,0.9,0.17,-0.28,-13.65,5.21
-0.22,0.09,0.84,0.81,0.14,-0.26,-14.81,5.61
-0.24,0.08,0.84,0.69,0.12,-0.25,-15.58,5.45
-0.24,0.1,0.84,0.6,0.06,-0.23,-15.89,6.27
-0.24,0.09,0.85,0.49,0.04,-0.23,-15.69,5.64
-0.24,0.09,0.87,0.39,0.02,-0.2,-15.09,5.81
-0.23,0.09,0.88,0.3,-0.03,-0.17,-14.74,5.34
-0.23,0.08,0.91,0.23,-0.07,-0.15,-14.04,4.91
-0.23,0.08,0.93,0.15,-0.11,-0.12,-13.95,4.99
-0.23,0.09,0.97,0.07,-0.17,-0.08,-13.05,5.1
-0.22,0.09,1.03,0.01,-0.23,-0.02,-12.1,4.98
-0.2,0.09,1.06,-0.05,-0.25,0.05,-10.89,4.58
-0.19,0.07,1.07,-0.08,-0.3,0.13,-9.87,3.63
-0.17,0.05,1.05,-0.1,-0.29,0.19,-9.13,2.87
-0.14,0.04,1.01,-0.09,-0.3,0.23,-8.07,2.24
-0.12,0.03,0.98,-0.11,-0.28,0.25,-7.29,1.75
-0.11,0.03,0.95,-0.14,-0.22,0.24,-6.88,2.0
-0.09,0.02,0.93,-0.17,-0.17,0.22,-5.69,1.42
-0.08,0.01,0.92,-0.19,-0.12,0.21,-5.08,0.74
-0.07,0.01,0.93,-0.19,-0.08,0.19,-4.55,0.54
-0.07,0.01,0.94,-0.2,-0.03,0.17,-4.16,0.51
-0.06,0.01,0.95,-0.2,-0.02,0.17,-3.56,0.82
-0.06,0.02,0.96,-0.21,0.01,0.16,-3.65,0.99
-0.06,0.02,0.97,-0.17,0.16,0.02,-3.79,1.05
-0.07,0.02,0.97,-0.25,-0.01,0.17,-3.87,1.07
-0.06,0.02,0.97,-0.28,-0.02,0.19,-3.76,1.1
-0.06,0.01,0.97,-0.32,-0.04,0.2,-3.32,0.58
-0.04,0.01,0.97,-0.33,-0.07,0.22,-2.59,0.42
-0.03,0.0,0.98,-0.36,-0.13,0.24,-1.5,0.02
-0.0,-0.01,0.98,-0.39,-0.14,0.24,-0.06,-0.7
0.02,-0.02,0.97,-0.41,-0.18,0.24,1.45,-1.33
0.05,-0.03,0.98,-0.42,-0.21,0.24,3.05,-1.96
0.08,-0.05,0.98,-0.41,-0.24,0.23,4.86,-2.78
0.1,-0.05,0.98,-0.39,-0.25,0.2,5.97,-3.08
0.12,-0.06,0.99,-0.38,-0.24,0.17,7.16,-3.42
0.15,-0.07,0.99,-0.33,-0.23,0.14,8.32,-3.92
0.15,-0.07,1.0,-0.27,-0.21,0.09,8.44,-3.83
0.16,-0.07,1.0,-0.22,-0.16,0.04,8.93,-3.97
0.14,-0.06,1.0,-0.19,-0.11,-0.02,8.08,-3.23
0.12,-0.05,1.01,-0.13,-0.07,-0.05,6.9,-2.78
0.1,-0.03,1.02,-0.08,-0.02,-0.1,5.69,-1.86
0.08,-0.02,1.04,-0.07,0.02,-0.12,4.46,-0.89
0.07,0.01,1.07,-0.05,0.06,-0.13,3.61,0.35
0.06,0.01,1.08,-0.02,0.08,-0.12,3.01,0.38
0.06,0.02,1.08,0.0,0.08,-0.11,2.98,0.82
0.05,0.01,1.1,0.03,0.08,-0.12,2.73,0.55
0.05,0.02,1.09,0.03,0.09,-0.1,2.45,0.84
0.03,0.03,1.08,0.05,0.06,-0.09,1.37,1.34
0.02,0.03,1.09,0.06,0.02,-0.06,1.01,1.8
0.02,0.03,1.09,0.06,-0.01,-0.04,0.84,1.84
0.03,0.04,1.08,0.05,-0.02,-0.01,1.48,1.97
0.04,0.03,1.06,0.05,-0.06,0.02,2.14,1.85
0.04,0.02,1.05,0.04,-0.05,0.02,2.04,1.3
0.03,0.02,1.04,0.03,-0.09,0.03,1.5,1.21
0.03,0.02,1.04,0.01,-0.07,0.03,1.46,1.31
0.02,0.03,1.03,-0.01,-0.08,0.04,0.93,1.43
0.02,0.03,1.03,-0.03,-0.1,0.05,0.98,1.44
0.03,0.03,1.02,-0.06,-0.12,0.06,1.77,1.61
0.04,0.02,1.02,-0.1,-0.12,0.06,2.24,0.9
0.05,0.02,1.02,-0.14,-0.14,0.06,2.97,1.01
0.06,0.02,1.03,-0.14,-0.19,0.06,3.19,1.2
0.07,0.02,1.03,-0.16,-0.21,0.06,3.94,1.06
0.08,0.02,1.04,-0.17,-0.25,0.07,4.15,1.03
0.09,0.02,1.05,-0.2,-0.24,0.06,5.0,1.01
0.1,0.02,1.05,-0.18,-0.26,0.07,5.65,1.0
0.11,0.02,1.06,-0.17,-0.27,0.06,5.97,1.07
0.12,0.02,1.09,-0.17,-0.25,0.05,6.36,1.27
0.12,0.03,1.11,-0.17,-0.25,0.06,6.1,1.34
0.12,0.02,1.12,-0.08,-0.12,-0.08,5.92,1.2
0.11,0.02,1.13,-0.12,-0.26,0.08,5.67,0.96
0.1,0.02,1.13,-0.12,-0.24,0.09,5.18,1.03
0.12,0.03,1.13,-0.11,-0.24,0.12,5.82,1.31
0.12,0.03,1.13,-0.13,-0.22,0.13,6.06,1.52
0.13,0.02,1.13,-0.12,-0.22,0.15,6.58,1.08
0.13,0.01,1.13,-0.15,-0.19,0.15,6.73,0.58
0.13,0.0,1.12,-0.17,-0.2,0.17,6.82,0.02
0.15,-0.01,1.12,-0.2,-0.2,0.19,7.7,-0.63
0.17,-0.02,1.1,-0.16,-0.06,0.04,8.64,-1.12
0.17,-0.03,1.09,-0.26,-0.22,0.19,9.11,-1.7
0.18,-0.04,1.06,-0.32,-0.26,0.2,9.65,-2.39
0.17,-0.06,1.04,-0.38,-0.32,0.21,9.26,-3.29
0.17,-0.07,1.03,-0.45,-0.41,0.2,9.31,-3.7
0.17,-0.07,1.04,-0.55,-0.47,0.2,9.21,-3.99
0.2,-0.08,1.04,-0.67,-0.51,0.19,10.65,-4.48
0.24,-0.1,1.05,-0.78,-0.56,0.2,12.78,-5.38
0.28,-0.12,1.06,-0.87,-0.59,0.17,14.54,-6.5
0.32,-0.13,1.09,-0.96,-0.63,0.14,16.38,-6.59
0.37,-0.15,1.13,-1.06,-0.62,0.09,18.03,-7.04
0.42,-0.15,1.18,-1.14,-0.62,0.05,19.46,-6.85
0.46,-0.15,1.25,-1.2,-0.6,0.01,19.9,-6.36
0.47,-0.17,1.34,-1.23,-0.57,-0.02,19.33,-6.69
0.49,-0.17,1.42,-1.28,-0.55,-0.02,18.87,-6.58
0.51,-0.16,1.49,-1.29,-0.54,-0.01,18.89,-5.82
0.54,-0.18,1.56,-1.31,-0.55,0.01,19.13,-6.33
0.57,-0.2,1.62,-1.33,-0.6,0.05,19.34,-6.68
0.62,-0.19,1.68,-1.31,-0.68,0.08,20.24,-6.17
0.67,-0.2,1.74,-1.28,-0.8,0.13,20.76,-6.19
0.72,-0.21,1.79,-1.23,-0.92,0.17,21.72,-6.3
0.77,-0.23,1.82,-1.14,-1.04,0.2,22.8,-6.61
0.82,-0.23,1.84,-1.06,-1.16,0.22,23.83,-6.57
0.89,-0.23,1.86,-0.97,-1.29,0.22,25.26,-6.27
0.91,-0.23,1.84,-0.82,-1.42,0.19,26.14,-6.36
0.93,-0.24,1.82,-0.67,-1.51,0.15,26.88,-6.68
0.92,-0.24,1.82,-0.47,-1.61,0.07,26.67,-6.79
0.91,-0.25,1.83,-0.28,-1.7,-0.01,26.26,-7.06
0.89,-0.26,1.84,-0.1,-1.77,-0.1,25.47,-7.18
0.86,-0.25,1.86,0.12,-1.83,-0.18,24.57,-6.99
0.82,-0.25,1.89,0.32,-1.88,-0.28,23.18,-7.05
0.77,-0.27,1.92,0.53,-1.9,-0.37,21.7,-7.54
0.72,-0.28,1.95,0.74,-1.94,-0.44,20.12,-7.58
0.68,-0.28,1.97,0.94,-1.97,-0.52,18.81,-7.55
0.64,-0.28,2.0,1.1,-1.99,-0.61,17.49,-7.51
0.55,-0.27,1.99,1.23,-2.0,-0.66,15.36,-7.48
0.45,-0.27,1.97,1.35,-2.02,-0.73,12.69,-7.7
0.34,-0.26,1.95,1.44,-2.08,-0.78,9.87,-7.53
0.25,-0.24,1.92,1.51,-2.12,-0.82,7.31,-7.21
0.17,-0.22,1.89,1.55,-2.16,-0.85,4.99,-6.72
0.08,-0.2,1.86,1.59,-2.23,-0.87,2.45,-6.23
0.0,-0.18,1.82,1.59,-2.32,-0.89,0.02,-5.65
-0.08,-0.15,1.8,1.58,-2.4,-0.89,-2.47,-4.62
-0.16,-0.12,1.77,1.56,-2.45,-0.89,-5.01,-3.73
-0.23,-0.09,1.76,1.53,-2.53,-0.88,-7.32,-3.0
-0.29,-0.06,1.73,1.47,-2.55,-0.84,-9.48,-1.92
-0.33,-0.03,1.7,1.42,-2.6,-0.8,-11.07,-1.04
-0.34,-0.01,1.68,1.36,-2.62,-0.78,-11.53,-0.4
-0.36,-0.0,1.66,1.33,-2.64,-0.75,-12.14,-0.16
-0.4,0.01,1.65,1.3,-2.66,-0.74,-13.44,0.26
-0.43,0.03,1.65,1.27,-2.69,-0.71,-14.76,0.95
-0.47,0.05,1.63,1.22,-2.74,-0.69,-16.03,1.84
-0.48,0.09,1.62,1.19,-2.77,-0.66,-16.53,2.99
-0.48,0.1,1.62,1.26,-2.73,-0.78,-16.47,3.38
-0.49,0.1,1.61,1.18,-2.88,-0.58,-16.88,3.35
-0.51,0.1,1.58,1.18,-2.93,-0.55,-17.76,3.51
-0.52,0.12,1.55,1.17,-2.98,-0.53,-18.4,4.17
-0.53,0.14,1.52,1.18,-3.03,-0.5,-19.01,4.88
-0.55,0.14,1.49,1.2,-3.05,-0.48,-20.1,4.94
-0.57,0.13,1.46,1.21,-3.06,-0.46,-21.13,4.7
-0.58,0.13,1.43,1.2,-3.08,-0.45,-22.13,4.92
-0.59,0.13,1.4,1.23,-3.11,-0.43,-22.88,5.06
-0.6,0.13,1.35,1.24,-3.11,-0.43,-23.77,4.99
-0.62,0.12,1.29,1.24,-3.07,-0.43,-25.49,4.84
-0.64,0.14,1.25,1.24,-3.07,-0.44,-26.75,5.66
-0.66,0.15,1.21,1.23,-3.04,-0.43,-28.47,6.3
-0.69,0.17,1.15,1.2,-3.01,-0.42,-30.6,7.3
-0.7,0.18,1.12,1.19,-2.99,-0.4,-31.63,7.71
-0.7,0.2,1.06,1.14,-2.95,-0.38,-33.18,8.87
-0.7,0.21,1.03,1.11,-2.94,-0.35,-33.5,9.79
-0.7,0.21,0.98,1.09,-2.93,-0.34,-35.03,9.86
-0.71,0.22,0.94,1.05,-2.91,-0.33,-36.25,10.35
-0.71,0.21,0.91,1.0,-2.88,-0.31,-37.41,10.52
-0.71,0.22,0.87,0.95,-2.86,-0.29,-38.37,10.93
-0.7,0.21,0.83,0.9,-2.84,-0.27,-39.08,11.11
-0.7,0.22,0.8,0.85,-2.82,-0.25,-40.19,11.79
-0.69,0.22,0.75,0.79,-2.75,-0.24,-41.51,12.23
-0.69,0.22,0.7,0.7,-2.7,-0.21,-43.17,12.5
-0.68,0.22,0.67,0.64,-2.63,-0.19,-44.21,13.25
-0.68,0.24,0.64,0.56,-2.56,-0.17,-44.91,14.19
-0.7,0.25,0.62,0.47,-2.48,-0.14,-46.16,15.2
-0.71,0.29,0.64,0.38,-2.44,-0.08,-45.39,17.05
-0.72,0.31,0.65,0.3,-2.43,-0.03,-45.07,17.95
-0.74,0.32,0.68,0.24,-2.43,0.07,-44.52,17.78
-0.74,0.3,0.7,0.19,-2.42,0.15,-44.13,16.5
-0.7,0.28,0.71,0.16,-2.41,0.25,-42.74,15.57
-0.64,0.26,0.71,0.14,-2.4,0.32,-40.27,15.26
-0.58,0.24,0.71,0.11,-2.39,0.38,-37.53,14.72
-0.54,0.21,0.7,0.07,-2.38,0.4,-36.52,13.59
-0.51,0.19,0.71,0.05,-2.34,0.43,-34.37,12.54
-0.46,0.18,0.71,0.05,-2.34,0.43,-32.3,11.76
-0.41,0.17,0.74,0.04,-2.32,0.42,-28.58,11.19
-0.37,0.16,0.77,0.05,-2.26,0.4,-25.63,10.58
-0.34,0.15,0.79,0.06,-2.2,0.36,-22.73,9.77
-0.31,0.13,0.81,0.08,-2.16,0.33,-20.53,8.55
-0.3,0.12,0.8,0.14,-2.09,0.28,-19.98,7.66
-0.29,0.11,0.8,0.18,-2.04,0.23,-20.0,7.23
-0.29,0.11,0.8,0.19,-1.98,0.19,-19.91,7.63
-0.28,0.12,0.79,0.25,-1.95,0.15,-19.46,7.88
-0.27,0.12,0.8,0.28,-1.97,0.1,-18.21,8.18
-0.25,0.11,0.8,0.32,-1.91,0.06,-17.48,7.7
-0.24,0.12,0.79,0.36,-1.88,0.03,-16.56,7.93
-0.23,0.12,0.79,0.4,-1.87,-0.03,-15.95,8.05
-0.22,0.12,0.76,0.46,-1.86,-0.08,-15.97,8.26
-0.23,0.12,0.75,0.48,-1.91,-0.1,-16.9,8.68
-0.23,0.12,0.72,0.52,-1.82,-0.16,-17.48,9.24
-0.23,0.13,0.7,0.57,-1.75,-0.2,-17.77,9.87
-0.23,0.13,0.67,0.63,-1.71,-0.23,-18.87,10.12
-0.23,0.13,0.63,0.65,-1.67,-0.27,-19.97,11.22
-0.24,0.14,0.58,0.65,-1.59,-0.29,-21.83,12.22
-0.25,0.14,0.55,0.65,-1.54,-0.29,-23.38,12.65
-0.24,0.14,0.51,0.67,-1.51,-0.31,-24.63,14.21
-0.23,0.16,0.5,0.66,-1.5,-0.29,-23.46,16.61
-0.21,0.17,0.49,0.65,-1.41,-0.29,-21.53,17.91
-0.19,0.17,0.49,0.66,-1.39,-0.28,-20.33,17.61
-0.16,0.17,0.46,0.68,-1.34,-0.28,-18.49,19.4
-0.14,0.17,0.44,0.7,-1.32,-0.27,-16.03,20.63
-0.12,0.16,0.41,0.69,-1.24,-0.27,-15.04,20.87
-0.11,0.17,0.38,0.69,-1.17,-0.27,-14.4,23.1
-0.1,0.16,0.34,0.67,-1.11,-0.24,-14.45,24.1
-0.09,0.16,0.32,0.64,-1.05,-0.23,-14.64,25.88
-0.08,0.16,0.29,0.6,-0.96,-0.23,-13.65,27.61
-0.06,0.15,0.26,0.54,-0.87,-0.21,-11.41,30.34
-0.04,0.15,0.24,0.5,-0.8,-0.16,-8.21,32.2
-0.02,0.16,0.23,0.46,-0.75,-0.13,-4.47,34.36
0.0,0.17,0.24,0.39,-0.68,-0.1,0.49,35.43
0.02,0.16,0.27,0.35,-0.63,-0.06,2.8,31.36
0.04,0.16,0.29,0.3,-0.59,-0.01,6.22,28.75
0.05,0.15,0.3,0.29,-0.56,0.03,7.9,25.91
0.05,0.13,0.31,0.27,-0.53,0.06,8.63,23.26
0.07,0.13,0.31,0.21,-0.52,0.09,11.3,21.89
0.09,0.13,0.31,0.18,-0.55,0.14,14.58,21.87
0.1,0.12,0.31,0.15,-0.59,0.18,17.08,19.91
0.12,0.13,0.32,0.1,-0.66,0.24,20.15,20.27
0.14,0.13,0.33,0.04,-0.75,0.29,20.96,19.48
0.16,0.14,0.35,-0.01,-0.84,0.33,22.28,19.4
0.16,0.14,0.38,-0.05,-0.94,0.39,21.87,18.44
0.18,0.12,0.41,-0.08,-1.03,0.43,22.43,15.2
0.19,0.1,0.44,-0.11,-1.11,0.47,23.32,12.09
0.21,0.08,0.47,-0.14,-1.16,0.51,23.65,9.21
0.23,0.06,0.49,-0.13,-1.17,0.52,24.98,5.99
0.26,0.04,0.52,-0.12,-1.14,0.52,26.75,4.05
0.28,0.02,0.54,-0.11,-1.06,0.5,27.79,1.74
0.3,0.01,0.55,-0.1,-0.96,0.48,28.06,0.98
0.3,0.0,0.58,-0.05,-0.87,0.45,27.75,0.12
0.3,-0.01,0.59,-0.04,-0.74,0.41,27.22,-1.18
0.31,-0.02,0.6,-0.0,-0.63,0.35,27.48,-1.78
0.31,-0.02,0.62,0.01,-0.51,0.31,26.47,-1.56
0.29,-0.01,0.62,0.05,-0.42,0.27,25.08,-1.25
0.28,-0.02,0.61,0.07,-0.35,0.23,24.17,-1.37
0.25,-0.01,0.61,0.09,-0.26,0.19,22.32,-1.22
0.24,-0.01,0.61,0.08,-0.22,0.18,21.72,-0.55
0.22,-0.0,0.59,0.11,-0.2,0.17,20.62,-0.25
0.21,-0.01,0.59,0.12,-0.22,0.18,19.87,-0.63
0.21,-0.01,0.59,0.09,-0.21,0.18,20.1,-0.52
0.21,0.0,0.59,0.08,-0.27,0.21,19.33,0.33
0.2,0.02,0.6,0.04,-0.31,0.23,18.56,1.77
0.2,0.02,0.63,0.02,-0.39,0.26,17.56,1.55
0.2,0.01,0.66,-0.01,-0.44,0.28,16.91,0.95
0.21,-0.01,0.7,-0.04,-0.49,0.3,16.96,-0.49
0.23,-0.02,0.74,-0.03,-0.52,0.31,17.05,-1.71
0.25,-0.03,0.77,-0.03,-0.54,0.3,17.76,-2.27
0.26,-0.04,0.81,-0.01,-0.5,0.28,17.8,-2.66
0.28,-0.05,0.82,-0.0,-0.43,0.23,18.74,-3.29
0.29,-0.05,0.83,-0.0,-0.37,0.17,18.99,-3.35
0.26,-0.05,0.85,0.02,-0.28,0.12,16.69,-3.16
0.22,-0.04,0.86,0.06,-0.24,0.08,14.64,-2.8
0.2,-0.03,0.86,0.08,-0.18,0.04,13.12,-1.83
0.17,0.0,0.86,0.08,-0.15,0.03,11.2,0.15
0.15,0.02,0.87,0.12,-0.14,0.01,9.62,1.06
0.13,0.04,0.88,0.16,-0.13,0.01,8.33,2.4
0.11,0.05,0.88,0.18,-0.11,0.01,7.32,3.46
0.09,0.06,0.89,0.22,-0.12,0.01,6.02,3.86
0.07,0.07,0.89,0.29,-0.12,0.01,4.74,4.59
0.05,0.07,0.88,0.32,-0.13,0.03,3.3,4.71
0.04,0.07,0.86,0.36,-0.12,0.05,2.69,4.64
0.05,0.06,0.84,0.4,-0.09,0.08,3.36,4.23
0.06,0.06,0.83,0.44,-0.09,0.1,4.41,4.2
0.09,0.06,0.81,0.46,-0.07,0.12,6.32,4.21
0.1,0.05,0.81,0.45,0.02,0.12,6.89,3.62
0.12,0.04,0.8,0.46,0.08,0.12,8.35,2.55
0.12,0.02,0.79,0.45,0.11,0.14,8.61,1.78
0.13,0.01,0.76,0.42,0.14,0.13,9.63,0.59
0.14,-0.0,0.74,0.36,0.17,0.13,10.9,-0.19
0.16,-0.02,0.72,0.26,0.17,0.14,12.43,-1.2
0.17,-0.02,0.74,0.19,0.14,0.14,12.86,-1.26
0.17,-0.03,0.75,0.09,0.09,0.16,12.81,-1.94
0.18,-0.04,0.78,0.0,0.06,0.14,12.59,-2.52
0.17,-0.04,0.83,-0.09,0.01,0.13,11.42,-2.65
0.15,-0.04,0.87,-0.17,-0.07,0.12,10.07,-2.49
0.14,-0.03,0.91,-0.21,-0.15,0.11,8.5,-2.18
0.13,-0.03,0.94,-0.24,-0.2,0.09,7.81,-1.52
0.11,-0.01,0.97,-0.29,-0.22,0.06,6.32,-0.83
0.08,-0.01,0.99,-0.27,-0.26,0.04,4.82,-0.3
0.05,0.01,1.01,-0.28,-0.29,0.03,2.91,0.44
0.02,0.02,1.02,-0.26,-0.27,0.01,1.31,1.04
-0.01,0.02,1.03,-0.25,-0.24,-0.0,-0.35,1.27
-0.01,0.02,1.04,-0.19,-0.22,-0.01,-0.74,1.25
-0.03,0.04,1.05,-0.13,-0.17,-0.01,-1.6,2.14
-0.04,0.05,1.04,-0.09,-0.13,0.0,-2.29,2.74
-0.04,0.05,1.04,-0.05,-0.06,0.0,-1.93,2.83
-0.04,0.06,1.04,-0.0,-0.01,0.02,-2.04,3.36
-0.03,0.06,1.03,0.05,0.03,0.01,-1.46,3.52
-0.02,0.06,1.02,0.1,0.06,0.02,-1.3,3.47
-0.01,0.05,1.0,0.11,0.08,0.03,-0.43,3.14
-0.0,0.06,0.99,0.11,0.12,0.03,-0.01,3.28
0.01,0.05,0.97,0.15,0.11,0.04,0.62,3.23
0.02,0.05,0.96,0.14,0.11,0.03,1.04,3.11
0.02,0.04,0.93,0.13,0.13,0.04,1.47,2.19
0.03,0.02,0.92,0.11,0.11,0.05,1.72,1.44
0.05,0.02,0.9,0.08,0.11,0.02,2.89,1.56
0.05,0.03,0.89,0.02,0.07,0.03,3.22,1.86
0.05,0.03,0.89,-0.03,0.04,0.03,3.36,1.95
0.04,0.03,0.88,-0.09,0.01,0.04,2.8,1.81
0.04,0.03,0.89,-0.13,-0.06,0.04,2.51,1.67
0.04,0.03,0.88,-0.18,-0.09,0.04,2.34,1.64
0.04,0.03,0.9,-0.23,-0.12,0.05,2.32,1.92
0.02,0.02,0.91,-0.29,-0.14,0.05,1.49,1.18
0.0,0.02,0.92,-0.32,-0.15,0.05,0.06,1.35
-0.02,0.04,0.94,-0.35,-0.15,0.06,-1.46,2.36
-0.03,0.03,0.95,-0.37,-0.11,0.08,-1.91,2.05
-0.04,0.04,0.99,-0.38,-0.06,0.1,-2.26,2.23
-0.05,0.05,1.02,-0.36,-0.02,0.12,-2.6,2.86
-0.05,0.05,1.06,-0.34,0.02,0.13,-2.62,2.67
-0.05,0.06,1.09,-0.33,0.1,0.13,-2.82,2.96
-0.04,0.05,1.11,-0.26,0.13,0.14,-2.16,2.69
-0.05,0.05,1.14,-0.21,0.19,0.14,-2.31,2.69
-0.04,0.06,1.14,-0.14,0.21,0.13,-1.81,2.94
-0.03,0.05,1.14,-0.08,0.25,0.13,-1.33,2.58
-0.02,0.05,1.13,-0.03,0.3,0.12,-0.83,2.39
-0.0,0.04,1.11,0.04,0.31,0.13,-0.1,2.28
0.02,0.04,1.09,0.06,0.3,0.12,1.15,2.11
0.04,0.04,1.08,0.12,0.29,0.1,2.24,2.08
0.05,0.03,1.05,0.15,0.31,0.07,2.94,1.79
0.06,0.03,1.03,0.18,0.27,0.08,3.35,1.55
0.07,0.02,0.99,0.18,0.27,0.04,3.92,1.09
0.08,0.02,0.96,0.17,0.22,0.05,4.64,0.97
0.09,0.02,0.93,0.13,0.23,0.03,5.27,1.01
0.08,0.01,0.92,0.12,0.19,0.04,5.21,0.5
0.09,0.01,0.9,0.08,0.16,0.02,5.83,0.35
0.1,-0.0,0.9,0.04,0.12,0.01,6.11,-0.02
0.1,-0.01,0.89,0.01,0.12,0.0,6.3,-0.33
0.1,-0.01,0.88,-0.04,0.1,0.01,6.5,-0.62
0.1,-0.01,0.87,-0.07,0.09,-0.01,6.26,-0.97
0.09,-0.0,0.88,-0.11,0.07,-0.01,6.0,-0.21
0.09,0.01,0.88,-0.14,0.05,-0.02,6.14,0.33
0.08,0.01,0.9,-0.18,0.07,-0.02,5.28,0.63
0.08,0.02,0.91,-0.18,0.06,-0.02,4.88,1.16
0.08,0.02,0.93,-0.18,0.03,-0.02,4.77,1.31
0.07,0.03,0.94,-0.16,0.05,-0.03,4.5,1.6
0.07,0.03,0.93,-0.13,0.08,-0.02,4.47,1.95
0.07,0.03,0.92,-0.11,0.1,-0.03,4.5,1.97
0.07,0.03,0.92,-0.08,0.11,-0.01,4.36,1.89
0.08,0.04,0.91,-0.04,0.18,-0.04,4.88,2.33
0.08,0.04,0.89,0.0,0.2,-0.04,5.43,2.58
0.09,0.04,0.87,0.04,0.24,-0.05,5.87,2.3
0.09,0.03,0.85,0.07,0.25,-0.04,6.35,2.24
0.11,0.03,0.82,0.11,0.3,-0.05,7.3,2.03
0.12,0.04,0.8,0.12,0.36,-0.05,8.51,2.78
0.13,0.04,0.79,0.14,0.37,-0.05,9.22,2.61
0.14,0.04,0.78,0.16,0.38,-0.06,10.18,2.88
0.14,0.04,0.76,0.19,0.4,-0.07,10.76,3.03
0.15,0.04,0.74,0.21,0.42,-0.08,11.7,3.0
0.16,0.04,0.71,0.22,0.41,-0.07,12.54,3.39
0.17,0.05,0.69,0.25,0.4,-0.09,14.17,3.89
0.19,0.05,0.67,0.27,0.41,-0.09,15.47,3.89
0.19,0.05,0.65,0.29,0.41,-0.1,15.92,4.23
0.18,0.07,0.64,0.33,0.39,-0.1,15.51,5.78
0.18,0.07,0.63,0.38,0.38,-0.12,15.72,5.84
0.18,0.07,0.61,0.41,0.39,-0.13,16.1,6.09
0.17,0.1,0.58,0.45,0.43,-0.13,15.99,8.96
0.16,0.09,0.58,0.52,0.44,-0.13,15.78,8.82
0.16,0.1,0.56,0.59,0.48,-0.14,15.81,9.59
0.15,0.09,0.53,0.69,0.52,-0.11,15.33,9.21
0.14,0.07,0.49,0.75,0.61,-0.11,16.2,8.19
0.17,0.06,0.44,0.83,0.66,-0.1,21.18,7.49
0.22,0.05,0.4,0.87,0.76,-0.11,28.21,6.75
0.25,0.05,0.34,0.9,0.84,-0.11,36.5,6.6
0.28,0.05,0.3,0.89,0.97,-0.11,42.59,7.31
0.3,0.06,0.25,0.85,1.08,-0.11,49.86,8.46
0.32,0.05,0.21,0.81,1.17,-0.12,55.31,7.65
0.33,0.05,0.17,0.74,1.23,-0.12,61.06,8.27
0.32,0.05,0.13,0.64,1.31,-0.16,66.16,8.76
0.32,0.06,0.1,0.51,1.35,-0.17,69.35,10.42
0.3,0.08,0.07,0.39,1.36,-0.18,70.04,14.48
0.27,0.1,0.05,0.23,1.36,-0.17,67.78,19.7
0.25,0.12,0.04,0.07,1.33,-0.16,63.37,25.26
0.2,0.14,0.05,-0.11,1.3,-0.12,53.64,33.8
0.16,0.15,0.07,-0.27,1.22,-0.08,44.19,40.64
0.11,0.16,0.1,-0.41,1.15,-0.03,30.45,46.07
0.08,0.14,0.13,-0.54,1.09,0.02,23.25,42.77
0.05,0.11,0.15,-0.67,1.07,0.08,14.65,34.55
0.04,0.1,0.19,-0.77,1.06,0.11,11.29,27.28
0.04,0.1,0.23,-0.85,1.2,0.04,8.39,24.43
0.02,0.11,0.28,-0.95,1.12,0.17,4.58,20.98
0.01,0.09,0.32,-0.97,1.18,0.18,1.13,15.02
-0.01,0.07,0.36,-1.03,1.26,0.2,-1.47,10.57
-0.01,0.07,0.41,-1.05,1.32,0.2,-1.66,9.9
-0.03,0.08,0.46,-1.06,1.4,0.2,-3.35,9.21
-0.04,0.08,0.52,-1.05,1.5,0.19,-4.48,8.87
-0.03,0.06,0.56,-1.02,1.59,0.19,-3.07,5.8
-0.07,0.05,0.59,-0.97,1.67,0.16,-6.35,4.65
-0.08,0.03,0.63,-0.92,1.74,0.16,-7.69,3.06
-0.03,0.04,0.61,-0.87,1.85,0.11,-3.25,3.94
-0.03,0.07,0.58,-0.87,1.93,0.08,-2.97,6.63
-0.07,0.07,0.62,-0.85,2.0,0.04,-6.57,6.83
-0.15,0.08,0.69,-0.8,1.99,0.02,-11.89,6.07
-0.2,0.07,0.75,-0.72,2.03,0.02,-14.74,5.35
-0.22,0.07,0.8,-0.62,2.06,0.02,-15.11,4.86
-0.2,0.08,0.84,-0.44,2.26,-0.14,-13.4,5.09
-0.17,0.09,0.85,-0.37,2.09,-0.0,-11.56,6.18
-0.15,0.09,0.83,-0.26,2.19,-0.04,-10.36,5.87
-0.15,0.07,0.8,-0.19,2.28,-0.08,-10.53,5.16
-0.16,0.07,0.76,-0.1,2.35,-0.13,-12.07,5.41
-0.17,0.07,0.75,-0.06,2.41,-0.17,-12.89,5.27
-0.19,0.09,0.74,-0.03,2.46,-0.2,-14.52,6.92
-0.2,0.11,0.73,-0.02,2.48,-0.21,-14.84,8.47
-0.2,0.11,0.71,0.02,2.48,-0.22,-15.73,8.16
-0.23,0.1,0.68,0.02,2.46,-0.24,-18.28,7.75
-0.24,0.1,0.67,0.01,2.45,-0.27,-19.82,8.16
-0.25,0.14,0.68,-0.01,2.4,-0.29,-20.22,10.59
-0.28,0.14,0.7,-0.04,2.35,-0.3,-21.15,10.26
-0.33,0.13,0.71,-0.07,2.29,-0.31,-24.86,9.24
-0.36,0.1,0.71,-0.08,2.24,-0.33,-26.68,7.46
-0.38,0.09,0.72,-0.13,2.24,-0.34,-27.9,6.3
-0.4,0.12,0.71,-0.17,2.22,-0.36,-28.9,8.31
-0.4,0.14,0.74,-0.22,2.2,-0.36,-28.21,9.32
-0.41,0.15,0.76,-0.26,2.2,-0.38,-27.97,10.13
-0.44,0.16,0.79,-0.3,2.22,-0.38,-28.69,9.81
-0.46,0.16,0.82,-0.34,2.21,-0.38,-29.04,9.5
-0.49,0.18,0.85,-0.35,2.2,-0.37,-29.68,10.36
-0.51,0.2,0.88,-0.38,2.21,-0.34,-29.35,11.14
-0.52,0.22,0.95,-0.41,2.23,-0.3,-28.0,11.6
-0.49,0.22,0.97,-0.4,2.22,-0.26,-26.22,11.33
-0.46,0.19,0.98,-0.38,2.19,-0.23,-24.75,10.21
-0.45,0.19,0.99,-0.39,2.19,-0.2,-23.89,10.06
-0.42,0.16,1.05,-0.34,2.17,-0.22,-21.54,7.92
-0.41,0.14,1.08,-0.27,2.16,-0.21,-20.68,6.72
-0.4,0.12,1.04,-0.21,2.19,-0.23,-21.13,6.21
-0.42,0.12,0.99,-0.19,2.19,-0.22,-22.73,6.26
-0.44,0.12,0.93,-0.24,2.24,-0.27,-25.11,6.86
-0.46,0.14,0.92,-0.3,2.25,-0.28,-26.22,7.59
-0.48,0.15,0.92,-0.37,2.26,-0.3,-27.17,7.92
-0.5,0.15,0.93,-0.45,2.26,-0.31,-27.99,7.88
-0.52,0.15,0.97,-0.54,2.29,-0.3,-27.65,7.65
-0.52,0.15,1.02,-0.62,2.3,-0.3,-26.83,7.37
-0.51,0.15,1.08,-0.67,2.3,-0.29,-25.23,6.91
-0.49,0.13,1.15,-0.67,2.25,-0.26,-22.93,5.86
-0.46,0.11,1.21,-0.67,2.25,-0.27,-20.89,4.71
-0.43,0.08,1.25,-0.64,2.23,-0.27,-19.11,3.35
-0.41,0.06,1.27,-0.58,2.2,-0.29,-17.72,2.74
-0.4,0.05,1.27,-0.53,2.33,-0.39,-17.36,2.11
-0.42,0.04,1.25,-0.49,2.23,-0.33,-18.81,1.89
-0.47,0.06,1.22,-0.48,2.29,-0.34,-20.89,2.45
-0.5,0.09,1.21,-0.48,2.29,-0.34,-22.48,3.76
-0.53,0.12,1.2,-0.54,2.34,-0.31,-23.62,5.07
-0.57,0.14,1.2,-0.62,2.31,-0.26,-25.16,5.89
-0.59,0.15,1.21,-0.72,2.3,-0.19,-25.81,6.21
-0.57,0.15,1.24,-0.82,2.26,-0.11,-24.43,6.12
-0.51,0.13,1.29,-0.9,2.22,-0.04,-21.36,5.39
-0.41,0.09,1.34,-0.95,2.19,0.02,-17.08,3.86
-0.31,0.06,1.4,-0.98,2.2,0.03,-12.69,2.48
-0.23,0.03,1.44,-0.95,2.2,0.03,-9.08,1.29
-0.18,0.0,1.48,-0.89,2.22,-0.01,-7.07,0.05
-0.17,-0.02,1.49,-0.84,2.28,-0.06,-6.56,-0.8
-0.16,-0.05,1.5,-0.78,2.32,-0.1,-6.11,-1.74
-0.16,-0.06,1.5,-0.73,2.36,-0.16,-6.1,-2.09
-0.16,-0.04,1.5,-0.72,2.38,-0.19,-6.01,-1.71
-0.16,-0.04,1.5,-0.69,2.4,-0.21,-6.23,-1.44
-0.19,-0.03,1.5,-0.71,2.43,-0.24,-7.19,-0.96
-0.22,-0.02,1.49,-0.77,2.42,-0.23,-8.54,-0.71
-0.24,0.0,1.5,-0.76,2.56,-0.35,-9.29,0.16
-0.23,0.02,1.54,-0.89,2.29,-0.17,-8.43,0.6
-0.19,0.03,1.57,-0.97,2.21,-0.1,-7.03,1.22
-0.14,0.03,1.61,-1.01,2.12,-0.03,-4.86,0.98
-0.09,0.02,1.66,-1.06,2.05,0.04,-2.99,0.59
-0.01,0.0,1.68,-1.05,1.95,0.12,-0.28,0.05
0.06,-0.03,1.7,-1.07,1.93,0.15,1.92,-0.95
0.13,-0.04,1.73,-1.06,1.9,0.18,4.16,-1.44
0.18,-0.07,1.75,-0.96,2.08,0.05,5.94,-2.42
0.25,-0.09,1.74,-0.95,1.87,0.22,8.03,-2.87
0.31,-0.1,1.73,-0.89,1.93,0.2,10.2,-3.33
0.37,-0.12,1.73,-0.79,1.96,0.17,12.16,-3.84
0.41,-0.12,1.71,-0.69,1.94,0.13,13.36,-4.01
0.41,-0.13,1.69,-0.6,1.93,0.07,13.49,-4.23
0.37,-0.12,1.65,-0.53,1.93,0.02,12.67,-4.1
0.32,-0.1,1.62,-0.48,1.93,-0.04,11.32,-3.3
0.3,-0.07,1.61,-0.42,1.9,-0.06,10.44,-2.4
0.27,-0.06,1.59,-0.4,1.86,-0.07,9.71,-2.25
0.25,-0.06,1.58,-0.36,1.81,-0.08,8.82,-2.2
0.22,-0.06,1.57,-0.37,1.78,-0.08,7.86,-2.0
0.18,-0.04,1.55,-0.33,1.69,-0.06,6.69,-1.48
0.16,-0.03,1.54,-0.33,1.61,-0.04,5.94,-0.96
0.12,-0.02,1.51,-0.33,1.52,-0.02,4.63,-0.82
0.09,-0.03,1.49,-0.35,1.45,0.03,3.43,-0.98
0.05,-0.04,1.47,-0.4,1.4,0.05,1.9,-1.62
-0.01,-0.04,1.44,-0.47,1.33,0.09,-0.31,-1.69
-0.06,-0.03,1.42,-0.61,1.33,0.13,-2.38,-1.12
-0.09,-0.01,1.42,-0.75,1.33,0.2,-3.83,-0.23
-0.11,0.0,1.41,-0.89,1.29,0.3,-4.27,0.03
-0.08,-0.01,1.43,-1.04,1.26,0.39,-3.19,-0.33
-0.01,-0.04,1.45,-1.18,1.23,0.49,-0.36,-1.47
0.09,-0.07,1.46,-1.27,1.19,0.57,3.48,-2.72
0.2,-0.1,1.46,-1.35,1.15,0.64,7.88,-3.77
0.32,-0.12,1.45,-1.34,1.1,0.68,12.41,-4.46
0.41,-0.12,1.44,-1.32,1.06,0.7,15.84,-4.72
0.5,-0.13,1.44,-1.28,1.01,0.69,18.96,-4.86
0.58,-0.13,1.45,-1.19,0.94,0.69,21.52,-4.84
0.64,-0.15,1.45,-1.02,1.07,0.51,23.75,-5.28
0.69,-0.15,1.44,-0.92,0.86,0.61,25.42,-5.52
0.72,-0.16,1.39,-0.77,0.86,0.55,27.05,-5.84
0.73,-0.17,1.36,-0.61,0.84,0.46,27.98,-6.13
0.7,-0.17,1.32,-0.46,0.83,0.37,27.96,-6.35
0.63,-0.14,1.29,-0.32,0.83,0.26,25.81,-5.7
0.56,-0.12,1.28,-0.25,0.89,0.16,23.36,-5.0
0.47,-0.09,1.29,-0.16,0.88,0.11,20.01,-3.94
0.39,-0.08,1.31,-0.13,0.91,0.07,16.49,-3.2
0.32,-0.07,1.32,-0.1,0.92,0.08,13.66,-2.77
0.28,-0.06,1.33,-0.09,0.93,0.09,11.76,-2.74
0.24,-0.05,1.33,-0.13,0.95,0.13,10.19,-2.19
0.22,-0.05,1.33,-0.15,0.96,0.18,9.33,-2.12
0.2,-0.05,1.33,-0.17,0.96,0.23,8.7,-2.27
0.24,-0.07,1.36,-0.21,0.99,0.27,9.91,-2.85
0.27,-0.09,1.37,-0.21,1.02,0.34,11.0,-3.81
0.32,-0.13,1.41,-0.21,1.05,0.41,12.71,-5.25
0.36,-0.18,1.43,-0.18,1.08,0.48,14.09,-6.9
0.41,-0.22,1.43,-0.11,1.1,0.57,15.85,-8.36
0.42,-0.26,1.39,-0.08,1.17,0.63,16.62,-10.18
0.44,-0.28,1.33,-0.01,1.2,0.69,17.87,-11.32
0.45,-0.29,1.26,0.03,1.23,0.7,19.38,-12.17
0.48,-0.3,1.18,0.06,1.25,0.7,21.46,-13.2
0.49,-0.3,1.1,0.04,1.24,0.67,23.2,-13.99
0.49,-0.29,1.02,0.01,1.19,0.62,24.87,-14.27
2.44,-1.54,-0.48,1.23,2.69,-0.54,56.52,-31.8
-0.87,0.58,1.21,1.19,1.14,-0.32,-32.87,21.36
0.35,-0.19,0.84,0.66,1.26,-0.23,22.03,-11.94
-0.33,0.14,0.93,0.51,1.14,-0.3,-19.2,8.17
0.41,-0.28,1.01,0.22,0.84,-0.18,21.19,-14.41
0.21,-0.16,1.1,0.07,0.44,-0.16,10.55,-8.04
0.23,-0.16,1.08,-0.02,0.08,-0.1,11.79,-8.07
0.3,-0.17,1.1,-0.02,-0.19,-0.09,14.91,-8.42
0.21,-0.14,1.05,-0.03,-0.38,-0.06,11.43,-7.43
0.15,-0.1,0.99,-0.08,-0.48,-0.05,8.42,-5.83
0.13,-0.08,0.96,-0.16,-0.54,-0.07,7.53,-4.65
0.16,-0.07,0.96,-0.24,-0.58,-0.09,9.56,-4.04
0.21,-0.06,0.99,-0.29,-0.54,-0.14,11.8,-3.22
0.24,-0.06,1.02,-0.31,-0.52,-0.16,13.27,-3.23
0.28,-0.06,1.07,-0.3,-0.49,-0.19,14.84,-2.86
0.29,-0.04,1.11,-0.26,-0.49,-0.2,14.75,-1.89
0.3,-0.01,1.15,-0.2,-0.53,-0.21,14.62,-0.45
0.29,0.02,1.17,-0.15,-0.58,-0.21,13.98,0.83
0.29,0.03,1.18,-0.07,-0.6,-0.2,14.01,1.63
0.3,0.04,1.17,0.01,-0.6,-0.19,14.36,1.88
0.29,0.04,1.17,0.09,-0.6,-0.19,14.01,1.93
0.29,0.04,1.15,0.2,-0.57,-0.2,14.33,2.02
0.29,0.04,1.14,0.29,-0.52,-0.22,14.42,1.79
0.29,0.03,1.11,0.39,-0.41,-0.24,14.8,1.71
0.27,0.02,1.09,0.53,-0.33,-0.28,13.89,1.11
0.26,0.03,1.1,0.64,-0.25,-0.32,13.07,1.51
0.19,0.04,1.06,0.75,-0.17,-0.38,10.41,2.04
0.14,0.05,1.04,0.8,-0.06,-0.41,7.84,2.77
0.09,0.05,1.04,0.87,-0.01,-0.42,5.14,3.0
0.04,0.06,1.01,0.91,0.03,-0.44,2.13,3.26
0.0,0.07,1.01,0.92,0.06,-0.46,0.21,3.97
-0.02,0.07,1.0,0.93,0.05,-0.46,-0.91,4.14
-0.05,0.08,1.0,0.92,0.05,-0.46,-3.12,4.36
-0.08,0.08,1.0,1.0,0.16,-0.58,-4.62,4.81
-0.11,0.09,0.99,0.91,-0.01,-0.42,-6.31,5.09
-0.14,0.09,0.98,0.87,-0.05,-0.39,-8.06,5.46
-0.16,0.1,0.97,0.83,-0.09,-0.36,-9.45,5.71
-0.18,0.11,0.96,0.79,-0.12,-0.35,-10.81,6.31
-0.2,0.11,0.95,0.73,-0.17,-0.3,-12.05,6.68
-0.21,0.11,0.94,0.68,-0.16,-0.28,-12.62,6.74
-0.22,0.12,0.92,0.6,-0.14,-0.25,-13.38,6.99
-0.22,0.11,0.92,0.56,-0.13,-0.23,-13.33,6.82
-0.22,0.11,0.94,0.51,-0.09,-0.24,-13.09,6.51
-0.21,0.1,0.94,0.44,-0.1,-0.17,-12.5,5.71
-0.21,0.09,0.96,0.39,-0.08,-0.14,-12.28,5.17
-0.21,0.09,0.96,0.36,-0.08,-0.11,-12.35,5.05
-0.21,0.08,0.98,0.31,-0.08,-0.06,-12.27,4.31
-0.21,0.08,0.98,0.27,-0.08,-0.04,-12.06,4.34
-0.21,0.06,0.97,0.22,-0.09,0.0,-12.08,3.6
-0.2,0.06,0.96,0.18,-0.09,0.03,-11.88,3.6
-0.19,0.05,0.96,0.12,-0.1,0.07,-11.34,3.17
-0.17,0.05,0.96,0.06,-0.08,0.09,-10.18,2.88
-0.15,0.04,0.94,0.01,-0.06,0.1,-9.2,2.35
-0.13,0.03,0.94,-0.04,-0.05,0.13,-7.66,1.71
-0.09,0.02,0.94,-0.07,-0.06,0.14,-5.62,1.11
-0.08,0.01,0.94,-0.09,-0.04,0.13,-4.57,0.58
-0.05,-0.0,0.93,-0.11,-0.05,0.14,-2.94,-0.05
-0.04,-0.01,0.92,-0.13,-0.06,0.14,-2.48,-0.4
-0.02,-0.01,0.92,-0.14,-0.09,0.14,-1.2,-0.62
-0.02,-0.02,0.91,-0.14,-0.1,0.13,-1.01,-0.96
-0.01,-0.02,0.9,-0.18,-0.07,0.1,-0.48,-0.99
-0.0,-0.01,0.9,-0.18,-0.1,0.08,-0.16,-0.62
0.01,-0.01,0.91,-0.2,-0.08,0.06,0.41,-0.54
0.0,-0.01,0.93,-0.2,-0.09,0.04,0.27,-0.36
0.01,-0.0,0.95,-0.22,-0.06,0.01,0.41,-0.22
0.01,-0.0,0.98,-0.23,-0.05,0.02,0.72,-0.14
0.02,0.0,1.01,-0.22,-0.08,0.01,1.07,0.23
0.01,0.0,1.03,-0.21,-0.08,0.02,0.6,0.12
0.02,0.0,1.05,-0.23,-0.07,0.03,1.0,0.0
0.03,-0.0,1.06,-0.22,-0.1,0.05,1.38,-0.01
0.03,0.01,1.05,-0.2,-0.11,0.06,1.8,0.55
0.05,0.01,1.04,-0.19,-0.13,0.07,2.6,0.48
0.05,0.01,1.03,-0.18,-0.14,0.08,2.91,0.41
0.07,0.01,1.03,-0.19,-0.12,0.08,3.89,0.41
0.08,0.01,1.03,-0.16,-0.12,0.07,4.6,0.33
0.09,0.01,1.04,-0.14,-0.1,0.06,4.88,0.42
0.11,0.01,1.05,-0.13,-0.05,0.04,5.87,0.46
0.11,0.01,1.05,-0.09,-0.02,0.03,6.23,0.31
0.13,0.0,1.06,-0.06,0.03,0.0,6.77,0.08
0.13,-0.0,1.07,-0.02,0.03,0.01,6.91,-0.09
0.13,-0.0,1.06,0.01,0.09,0.0,7.21,-0.04
0.12,0.01,1.04,0.04,0.1,-0.0,6.66,0.46
0.12,0.0,1.03,0.08,0.11,-0.02,6.54,0.14
0.11,0.0,1.03,0.09,0.1,-0.02,5.95,0.24
0.09,0.0,1.02,0.1,0.13,-0.04,4.86,0.13
0.06,0.01,1.02,0.08,0.12,-0.05,3.54,0.38
0.04,0.01,1.02,0.06,0.1,-0.05,2.52,0.73
0.03,0.02,1.01,0.04,0.07,-0.03,1.73,1.22
0.03,0.02,1.01,0.0,0.04,-0.02,1.89,1.13
0.04,0.02,1.03,-0.06,0.01,-0.01,2.24,1.3
0.07,0.03,1.05,-0.11,-0.05,0.01,3.57,1.39
0.08,0.03,1.08,-0.13,-0.11,0.02,4.17,1.64
0.12,0.03,1.11,-0.15,-0.16,0.04,5.92,1.31
0.15,0.02,1.13,-0.18,-0.18,0.06,7.35,0.79
0.19,-0.01,1.15,-0.15,-0.21,0.08,9.4,-0.4
0.21,-0.02,1.15,-0.1,-0.24,0.08,10.15,-0.79
0.22,-0.02,1.14,-0.07,-0.24,0.08,10.73,-1.02
0.19,-0.02,1.13,-0.06,-0.21,0.06,9.55,-0.89
0.16,-0.02,1.11,-0.07,-0.19,0.06,8.18,-0.85
0.13,-0.0,1.09,-0.08,-0.18,0.05,6.68,-0.15
0.08,0.0,1.1,-0.13,-0.19,0.04,4.15,0.25
0.03,0.02,1.14,-0.23,-0.24,0.08,1.62,0.96
0.03,0.03,1.15,-0.34,-0.31,0.12,1.39,1.36
0.04,0.0,1.17,-0.47,-0.38,0.18,2.02,0.05
0.06,-0.01,1.18,-0.62,-0.46,0.25,2.78,-0.66
0.07,-0.03,1.2,-0.81,-0.51,0.3,3.47,-1.61
0.11,-0.06,1.22,-0.99,-0.6,0.38,4.99,-2.81
0.14,-0.09,1.25,-1.17,-0.7,0.44,6.23,-4.0
0.21,-0.13,1.27,-1.36,-0.85,0.52,9.58,-5.57
0.31,-0.15,1.31,-1.55,-0.96,0.58,13.38,-6.31
0.44,-0.18,1.35,-1.71,-1.08,0.64,17.73,-7.41
0.54,-0.22,1.39,-1.81,-1.17,0.68,21.1,-8.5
0.67,-0.26,1.45,-1.9,-1.24,0.7,24.55,-9.3
0.77,-0.29,1.52,-1.94,-1.31,0.68,26.44,-9.53
0.87,-0.3,1.61,-1.94,-1.34,0.68,27.98,-9.37
0.97,-0.33,1.68,-1.89,-1.35,0.67,29.5,-9.72
1.04,-0.36,1.74,-1.81,-1.37,0.65,30.17,-9.97
1.04,-0.37,1.75,-1.72,-1.36,0.62,30.15,-10.4
1.03,-0.37,1.75,-1.61,-1.34,0.58,29.95,-10.34
1.03,-0.37,1.76,-1.49,-1.34,0.55,29.73,-10.22
1.03,-0.36,1.76,-1.33,-1.36,0.5,29.74,-10.07
1.03,-0.38,1.75,-1.19,-1.37,0.44,29.79,-10.63
1.03,-0.41,1.74,-0.96,-1.42,0.39,29.93,-11.33
1.04,-0.43,1.73,-0.76,-1.46,0.31,30.26,-12.05
1.04,-0.44,1.72,-0.54,-1.54,0.22,30.4,-12.28
1.04,-0.45,1.71,-0.34,-1.59,0.12,30.49,-12.56
1.04,-0.45,1.72,-0.18,-1.64,0.01,30.25,-12.67
1.02,-0.46,1.73,-0.02,-1.73,-0.09,29.54,-12.9
0.98,-0.47,1.76,0.09,-1.85,-0.21,28.36,-13.11
0.94,-0.46,1.79,0.18,-1.98,-0.33,27.12,-12.96
0.89,-0.46,1.83,0.24,-2.14,-0.44,25.31,-12.81
0.84,-0.46,1.86,0.27,-2.3,-0.53,23.77,-12.57
0.79,-0.44,1.9,0.32,-2.48,-0.62,22.06,-12.03
0.74,-0.42,1.93,0.37,-2.69,-0.69,20.53,-11.5
0.66,-0.4,1.96,0.4,-2.86,-0.78,18.39,-10.89
0.58,-0.36,1.99,0.45,-3.05,-0.86,16.05,-9.93
0.48,-0.32,2.02,0.48,-3.23,-0.93,13.24,-8.72
0.38,-0.27,2.08,0.52,-3.38,-0.99,10.41,-7.19
0.28,-0.21,2.14,0.57,-3.47,-1.03,7.36,-5.58
0.2,-0.16,2.23,0.64,-3.52,-1.04,5.11,-4.12
0.11,-0.12,2.27,0.77,-3.52,-1.05,2.75,-2.94
0.05,-0.09,2.29,0.92,-3.48,-1.07,1.35,-2.26
-0.02,-0.06,2.31,1.09,-3.39,-1.09,-0.45,-1.55
-0.09,-0.03,2.32,1.27,-3.32,-1.11,-2.18,-0.73
-0.17,-0.0,2.34,1.45,-3.26,-1.12,-4.1,-0.12
-0.26,0.03,2.32,1.59,-3.19,-1.13,-6.44,0.67
-0.37,0.06,2.28,1.71,-3.12,-1.13,-9.12,1.46
-0.48,0.09,2.22,1.79,-3.06,-1.1,-12.23,2.32
-0.59,0.12,2.16,1.85,-3.04,-1.07,-15.3,3.04
-0.7,0.15,2.1,1.88,-3.07,-1.02,-18.28,3.96
-0.8,0.2,2.02,1.88,-3.08,-0.96,-21.62,5.15
-0.89,0.22,1.94,1.85,-3.13,-0.88,-24.59,5.74
-0.97,0.25,1.88,1.79,-3.2,-0.78,-27.23,6.79
-1.0,0.27,1.79,1.71,-3.3,-0.68,-28.99,7.52
-1.04,0.27,1.73,1.6,-3.36,-0.59,-30.79,7.64
-1.05,0.29,1.67,1.49,-3.45,-0.49,-31.91,8.49
-1.07,0.29,1.62,1.4,-3.56,-0.41,-32.93,8.57
-1.04,0.29,1.57,1.32,-3.66,-0.33,-33.07,8.89
-1.02,0.28,1.51,1.23,-3.73,-0.28,-33.49,8.71
-1.02,0.28,1.47,1.14,-3.79,-0.25,-34.3,8.94
-1.04,0.3,1.45,1.09,-3.87,-0.22,-35.11,9.67
-1.05,0.34,1.43,1.03,-3.91,-0.18,-35.63,10.7
-1.06,0.34,1.45,1.01,-3.9,-0.15,-35.41,10.73
-1.04,0.34,1.44,1.02,-3.88,-0.11,-34.99,10.96
-1.04,0.36,1.41,1.07,-3.84,-0.08,-35.41,11.5
-1.03,0.36,1.39,1.12,-3.88,-0.07,-35.64,11.71
-1.02,0.36,1.36,1.19,-3.7,-0.04,-36.1,11.98
-1.01,0.36,1.3,1.27,-3.6,-0.05,-36.87,12.29
-1.01,0.36,1.24,1.33,-3.55,-0.04,-38.28,12.54
-1.01,0.36,1.16,1.41,-3.55,-0.02,-39.86,13.22
-1.02,0.36,1.09,1.47,-3.4,-0.04,-41.76,13.67
-1.03,0.37,1.01,1.51,-3.32,-0.04,-43.6,14.45
-1.02,0.38,0.93,1.55,-3.26,-0.04,-45.49,15.21
-1.0,0.39,0.86,1.58,-3.18,-0.02,-46.74,16.38
-0.97,0.38,0.77,1.58,-3.13,-0.01,-48.36,17.0
-0.96,0.37,0.7,1.57,-3.09,-0.0,-50.68,17.4
-0.96,0.37,0.62,1.54,-3.05,0.02,-53.15,17.88
-0.94,0.36,0.54,1.51,-3.02,0.03,-55.34,18.21
-0.91,0.35,0.47,1.47,-3.01,0.07,-57.07,18.75
-0.86,0.32,0.41,1.43,-2.93,0.08,-58.9,18.74
-0.82,0.32,0.31,1.39,-2.86,0.1,-61.42,20.17
-0.78,0.33,0.21,1.32,-2.82,0.1,-63.5,22.11
-0.74,0.33,0.13,1.23,-2.76,0.12,-64.6,23.64
-0.69,0.34,0.06,1.11,-2.71,0.13,-63.53,26.04
-0.63,0.33,0.01,0.99,-2.66,0.16,-62.16,27.83
-0.56,0.33,-0.03,0.91,-2.64,0.18,-59.5,30.36
-0.49,0.32,-0.06,0.81,-2.64,0.19,-56.93,32.5
-0.44,0.31,-0.08,0.71,-2.61,0.17,-54.13,34.44
-0.38,0.29,-0.11,0.63,-2.59,0.15,-50.98,36.18
-0.35,0.28,-0.12,0.56,-2.59,0.14,-48.81,37.33
-0.32,0.27,-0.12,0.56,-2.52,-0.0,-46.44,39.08
-0.28,0.26,-0.11,0.44,-2.56,0.13,-44.71,40.65
-0.24,0.24,-0.11,0.42,-2.49,0.09,-42.29,42.51
-0.2,0.22,-0.1,0.41,-2.39,0.08,-40.31,44.4
-0.17,0.21,-0.1,0.43,-2.31,0.05,-35.58,47.27
-0.13,0.21,-0.1,0.44,-2.18,0.02,-29.65,51.68
-0.09,0.2,-0.11,0.44,-2.02,-0.01,-21.41,54.3
-0.04,0.18,-0.13,0.46,-1.89,-0.02,-9.53,52.36
-0.0,0.18,-0.15,0.47,-1.76,-0.04,-0.97,51.66
0.03,0.18,-0.16,0.46,-1.63,-0.03,6.71,48.1
0.06,0.17,-0.17,0.42,-1.47,-0.03,13.18,44.06
0.09,0.16,-0.19,0.41,-1.38,-0.03,19.4,37.22
0.13,0.15,-0.2,0.36,-1.28,-0.02,26.75,32.59
0.17,0.12,-0.2,0.3,-1.21,-0.01,36.21,25.16
0.23,0.11,-0.2,0.21,-1.12,-0.02,45.39,19.16
0.27,0.1,-0.21,0.14,-1.06,-0.01,49.2,16.64
0.27,0.1,-0.19,0.05,-1.04,-0.0,51.91,16.48
0.28,0.1,-0.19,-0.07,-1.07,0.02,52.16,16.6
0.28,0.1,-0.17,-0.19,-1.08,0.04,54.96,16.69
0.29,0.1,-0.15,-0.32,-1.16,0.09,58.98,16.45
0.28,0.1,-0.1,-0.45,-1.28,0.15,63.24,18.5
0.27,0.09,-0.04,-0.53,-1.27,0.06,70.1,18.37
0.28,0.07,0.01,-0.67,-1.43,0.24,74.85,14.85
0.3,0.04,0.11,-0.74,-1.45,0.29,69.15,6.55
0.31,0.03,0.18,-0.75,-1.36,0.17,59.3,4.1
0.3,0.02,0.26,-0.81,-1.44,0.31,48.84,2.52
0.26,0.02,0.31,-0.82,-1.38,0.29,40.26,2.29
0.23,0.02,0.37,-0.85,-1.32,0.29,32.03,2.95
0.2,0.02,0.43,-0.82,-1.28,0.3,24.48,2.51
0.17,0.02,0.51,-0.79,-1.23,0.31,18.78,2.41
0.15,0.01,0.58,-0.74,-1.13,0.3,14.53,0.81
0.13,-0.0,0.63,-0.67,-1.05,0.31,12.03,-0.28
0.14,-0.02,0.69,-0.59,-0.94,0.28,11.24,-1.53
0.11,-0.02,0.74,-0.5,-0.85,0.26,8.72,-1.35
0.1,-0.01,0.78,-0.39,-0.73,0.22,7.21,-0.79
0.09,-0.02,0.8,-0.29,-0.61,0.19,6.13,-1.18
0.09,-0.03,0.84,-0.18,-0.49,0.17,5.81,-2.21
0.08,-0.04,0.85,-0.07,-0.41,0.14,5.37,-2.47
0.07,-0.03,0.86,0.02,-0.33,0.11,4.36,-1.98
0.06,-0.02,0.85,0.08,-0.26,0.09,4.17,-1.28
0.07,-0.02,0.85,0.17,-0.24,0.1,4.45,-1.01
0.07,-0.01,0.84,0.23,-0.24,0.09,4.65,-0.54
0.07,-0.01,0.85,0.28,-0.21,0.09,4.94,-0.52
0.08,-0.0,0.85,0.33,-0.19,0.09,5.72,-0.31
0.09,-0.01,0.87,0.39,-0.18,0.11,5.88,-0.83
0.09,-0.03,0.87,0.45,-0.19,0.11,6.06,-1.7
0.11,-0.03,0.86,0.5,-0.22,0.11,7.53,-2.16
0.12,-0.04,0.86,0.55,-0.23,0.11,8.18,-2.59
0.15,-0.06,0.84,0.56,-0.24,0.1,10.11,-3.71
0.17,-0.07,0.83,0.6,-0.27,0.08,11.58,-4.47
0.19,-0.07,0.83,0.61,-0.29,0.06,12.61,-4.51
0.19,-0.07,0.82,0.59,-0.3,0.03,12.67,-4.91
0.19,-0.08,0.82,0.6,-0.29,-0.01,12.79,-5.31
0.17,-0.08,0.81,0.6,-0.27,-0.03,11.96,-5.3
0.17,-0.07,0.8,0.57,-0.28,-0.04,12.11,-4.68
0.17,-0.06,0.8,0.58,-0.25,-0.07,11.85,-4.3
0.16,-0.05,0.79,0.55,-0.25,-0.09,11.46,-3.61
0.15,-0.04,0.79,0.53,-0.25,-0.09,11.07,-2.68
0.15,-0.02,0.8,0.52,-0.26,-0.09,10.93,-1.57
0.16,-0.02,0.8,0.5,-0.23,-0.09,11.15,-1.36
0.13,-0.01,0.82,0.48,-0.19,-0.1,9.13,-0.73
0.12,-0.01,0.82,0.48,-0.18,-0.08,8.41,-0.55
0.13,-0.02,0.82,0.48,-0.14,-0.07,8.71,-1.18
0.13,-0.02,0.83,0.49,-0.12,-0.07,9.11,-1.27
0.16,-0.01,0.83,0.48,-0.09,-0.07,10.9,-0.99
0.16,-0.02,0.83,0.48,-0.07,-0.08,11.21,-1.54
0.17,-0.03,0.82,0.48,-0.05,-0.09,11.67,-2.2
0.17,-0.04,0.79,0.44,-0.05,-0.1,12.34,-2.59
0.17,-0.03,0.78,0.39,-0.03,-0.11,12.38,-2.18
0.17,-0.02,0.76,0.32,-0.05,-0.1,12.35,-1.79
0.17,-0.02,0.76,0.28,-0.08,-0.11,12.55,-1.36
0.15,-0.01,0.78,0.21,-0.09,-0.1,11.16,-0.45
0.13,-0.0,0.8,0.16,-0.13,-0.08,9.52,-0.15
0.12,0.0,0.81,0.11,-0.13,-0.08,8.1,0.25
0.11,0.0,0.84,0.09,-0.15,-0.07,7.17,0.04
0.1,-0.01,0.86,0.06,-0.16,-0.05,6.66,-0.51
0.1,0.0,0.89,0.04,-0.13,-0.05,6.31,0.11
0.1,0.0,0.9,0.01,-0.13,-0.05,6.04,0.1
0.11,-0.0,0.91,0.0,-0.12,-0.07,6.86,-0.14
0.11,0.01,0.93,0.0,-0.12,-0.07,6.92,0.43
0.11,0.0,0.94,-0.02,-0.08,-0.09,6.73,0.24
0.1,0.01,0.96,-0.02,-0.09,-0.09,5.75,0.8
0.09,0.02,0.94,-0.02,-0.09,-0.11,5.16,0.99
0.06,0.02,0.93,-0.02,-0.11,-0.11,3.96,1.4
0.06,0.03,0.92,-0.04,-0.11,-0.12,3.84,2.15
0.06,0.04,0.92,-0.04,-0.11,-0.11,3.72,2.71
0.05,0.06,0.92,-0.04,-0.12,-0.11,2.96,3.44
0.03,0.06,0.91,-0.04,-0.13,-0.11,2.16,3.85
0.01,0.08,0.91,-0.05,-0.12,-0.1,0.67,4.93
-0.01,0.1,0.9,-0.06,-0.11,-0.07,-0.82,6.03
-0.03,0.1,0.92,-0.06,-0.12,-0.03,-1.89,6.11
-0.04,0.09,0.93,-0.05,-0.11,-0.01,-2.41,5.54
-0.03,0.08,0.94,-0.07,-0.12,0.04,-1.97,4.99
-0.02,0.06,0.96,-0.04,-0.06,0.04,-1.45,3.79
-0.01,0.05,0.97,-0.03,-0.03,0.04,-0.55,3.03
0.01,0.03,0.98,0.01,-0.01,0.03,0.52,1.88
0.03,0.02,0.98,0.02,0.04,0.02,1.76,1.05
0.05,0.02,0.98,0.01,0.1,0.01,2.9,1.01
0.05,0.02,0.98,0.03,0.11,-0.01,2.94,1.26
0.04,0.03,0.96,0.04,0.13,-0.02,2.62,1.83
0.03,0.04,0.95,0.03,0.13,-0.05,1.71,2.52
0.02,0.06,0.95,0.04,0.1,-0.01,0.98,3.35
0.0,0.06,0.95,0.03,0.1,-0.01,0.21,3.56
0.01,0.06,0.96,0.1,0.22,-0.14,0.49,3.44
0.02,0.05,0.97,0.04,0.05,0.03,1.13,2.94
0.03,0.05,0.97,0.06,0.06,0.03,1.91,3.08
0.04,0.05,0.99,0.06,0.05,0.05,2.25,2.65
0.05,0.04,0.98,0.09,0.05,0.04,2.64,2.48
0.05,0.03,0.98,0.11,0.06,0.03,2.86,1.76
0.05,0.02,0.97,0.13,0.09,0.02,2.99,1.43
0.07,0.02,0.96,0.15,0.11,0.02,4.04,1.38
0.07,0.02,0.94,0.16,0.13,0.01,4.3,1.27
0.07,0.03,0.92,0.19,0.13,0.0,4.66,1.73
0.08,0.03,0.9,0.2,0.15,-0.01,5.08,1.65
0.08,0.02,0.87,0.19,0.15,-0.01,5.31,1.56
0.08,0.02,0.86,0.19,0.16,-0.01,5.38,1.53
0.09,0.02,0.83,0.19,0.14,-0.01,6.05,1.71
0.09,0.02,0.81,0.15,0.16,-0.01,6.43,1.37
0.1,0.02,0.8,0.12,0.16,-0.01,7.05,1.25
0.1,0.02,0.79,0.11,0.16,-0.01,7.26,1.33
0.1,0.02,0.78,0.08,0.14,0.0,7.34,1.34
0.09,0.02,0.78,0.04,0.16,-0.0,6.67,1.18
0.1,0.03,0.74,0.03,0.14,0.01,7.92,2.31
0.09,0.03,0.74,-0.02,0.15,0.02,6.98,2.25
0.08,0.05,0.75,-0.04,0.13,0.04,6.08,3.9
0.08,0.04,0.77,-0.05,0.14,0.05,5.65,3.04
0.07,0.03,0.8,-0.09,0.16,0.07,5.13,2.29
0.07,0.03,0.82,-0.06,0.16,0.09,5.0,1.87
0.08,0.03,0.83,-0.04,0.18,0.09,5.4,1.95
0.08,0.02,0.85,-0.04,0.23,0.08,5.25,1.39
0.09,0.02,0.85,-0.0,0.29,0.07,6.13,1.23
0.09,0.01,0.85,0.04,0.3,0.07,5.99,0.39
0.09,0.0,0.84,0.06,0.35,0.06,5.94,0.29
0.09,0.01,0.83,0.1,0.36,0.06,6.53,0.66
0.1,-0.0,0.81,0.1,0.43,0.05,7.3,-0.08
0.12,-0.01,0.8,0.11,0.45,0.05,8.48,-0.37
0.12,0.0,0.78,0.15,0.48,0.03,8.7,0.03
0.12,0.01,0.76,0.15,0.49,0.02,9.02,0.61
0.11,0.02,0.75,0.11,0.52,0.02,8.54,1.73
0.1,0.03,0.75,0.08,0.53,0.04,7.78,2.29
0.1,0.04,0.74,0.1,0.52,0.05,7.56,2.79
0.1,0.03,0.75,0.07,0.51,0.08,7.57,2.57
0.1,0.03,0.76,0.06,0.52,0.09,7.69,2.08
0.12,0.03,0.78,0.03,0.53,0.1,8.66,2.05
0.13,0.02,0.78,0.09,0.7,-0.07,9.32,1.58
0.13,0.01,0.79,0.02,0.53,0.08,9.32,0.87
0.13,0.0,0.8,-0.01,0.56,0.06,9.46,0.15
0.13,0.0,0.8,-0.04,0.57,0.06,9.53,0.11
0.14,0.0,0.8,-0.05,0.57,0.03,9.67,0.16
0.12,0.01,0.79,-0.09,0.55,0.03,8.85,0.74
0.09,0.02,0.8,-0.12,0.58,0.0,6.78,1.22
0.07,0.03,0.82,-0.13,0.58,0.01,5.1,2.0
0.05,0.03,0.83,-0.14,0.61,0.0,3.33,2.13
0.03,0.03,0.84,-0.15,0.61,0.01,1.93,1.94
0.02,0.03,0.86,-0.16,0.65,0.01,1.63,2.14
0.02,0.03,0.87,-0.16,0.69,0.02,1.38,2.25
0.02,0.03,0.89,-0.15,0.72,0.02,1.02,2.05
0.03,0.03,0.89,-0.15,0.74,0.03,1.73,2.04
0.02,0.03,0.9,-0.16,0.78,0.02,1.53,1.91
0.03,0.03,0.91,-0.17,0.82,0.02,1.67,2.05
0.02,0.03,0.92,-0.14,0.82,0.02,1.46,1.92
0.02,0.03,0.93,-0.14,0.82,0.02,1.21,1.99
0.02,0.02,0.93,-0.16,0.84,0.02,1.35,1.45
0.02,0.02,0.94,-0.16,0.83,0.03,0.99,1.29
0.01,0.02,0.95,-0.12,0.8,0.03,0.88,1.43
0.02,0.02,0.96,-0.11,0.78,0.03,0.94,1.01
0.02,0.02,0.97,-0.11,0.77,0.01,1.24,0.97
0.03,0.01,0.98,-0.13,0.77,0.0,1.81,0.88
0.03,0.01,0.98,-0.1,0.75,-0.01,2.02,0.55
0.04,0.01,0.98,-0.08,0.76,-0.04,2.26,0.56
0.04,0.0,0.97,-0.07,0.77,-0.05,2.07,0.14
0.03,0.02,0.96,-0.09,0.8,-0.06,1.96,1.12
0.02,0.03,0.94,-0.09,0.82,-0.08,1.38,1.78
0.01,0.03,0.93,-0.03,0.96,-0.23,0.61,2.13
-0.0,0.04,0.92,-0.08,0.79,-0.09,-0.09,2.62
-0.01,0.04,0.92,-0.12,0.81,-0.08,-0.48,2.73
-0.02,0.04,0.94,-0.13,0.81,-0.06,-1.26,2.67
-0.02,0.05,0.96,-0.12,0.83,-0.06,-1.31,2.99
-0.03,0.04,0.99,-0.1,0.83,-0.05,-2.03,2.14
-0.04,0.03,1.0,-0.11,0.89,-0.06,-2.41,1.74
-0.05,0.04,1.0,-0.07,0.9,-0.05,-2.71,2.23
-0.04,0.02,1.02,-0.06,0.9,-0.04,-1.97,1.33
0.02,0.05,0.93,-0.07,0.93,-0.05,0.95,3.18
0.01,0.04,0.93,-0.13,0.95,-0.06,0.48,2.3
-0.01,0.02,0.96,-0.16,0.93,-0.06,-0.85,1.24
-0.02,0.02,1.0,-0.16,0.88,-0.04,-1.4,0.9
-0.02,0.02,1.03,-0.16,0.83,-0.03,-1.12,1.13
-0.0,0.03,1.03,-0.16,0.81,-0.04,-0.24,1.64
0.0,0.04,1.04,-0.17,0.78,-0.04,0.23,2.21
-0.01,0.04,1.04,-0.17,0.77,-0.06,-0.3,2.02
-0.02,0.04,1.05,-0.17,0.73,-0.06,-1.1,1.96
-0.03,0.03,1.06,-0.16,0.74,-0.07,-1.72,1.77
-0.04,0.02,1.06,-0.13,0.73,-0.08,-1.91,1.15
-0.02,0.02,1.05,-0.12,0.74,-0.08,-1.29,1.32
-0.02,0.04,1.04,-0.1,0.75,-0.1,-1.11,2.01
-0.02,0.04,1.03,-0.07,0.79,-0.13,-1.14,2.22
-0.03,0.04,1.01,-0.07,0.84,-0.14,-1.92,2.43
-0.05,0.05,0.98,-0.08,0.86,-0.14,-2.73,3.0
-0.06,0.06,0.96,-0.06,0.86,-0.14,-3.37,3.61
-0.07,0.08,0.95,-0.08,0.86,-0.12,-4.28,4.56
-0.07,0.08,0.93,-0.11,0.88,-0.1,-4.54,4.62
-0.08,0.07,0.93,-0.12,0.85,-0.08,-4.69,4.53
-0.08,0.07,0.94,-0.16,0.83,-0.05,-4.59,4.04
-0.08,0.06,0.95,-0.17,0.8,-0.04,-4.77,3.71
-0.07,0.06,0.96,-0.21,0.8,-0.01,-4.19,3.52
-0.07,0.05,0.99,-0.23,0.77,0.01,-3.82,2.81
-0.06,0.04,1.01,-0.22,0.76,0.0,-3.22,2.19
-0.05,0.03,1.05,-0.21,0.74,0.02,-2.69,1.67
-0.05,0.03,1.08,-0.21,0.77,-0.01,-2.42,1.61
-0.05,0.03,1.11,-0.15,0.77,0.0,-2.39,1.5
-0.04,0.03,1.12,-0.1,0.79,-0.03,-1.94,1.46
-0.04,0.03,1.13,-0.04,0.8,-0.03,-2.03,1.28
-0.04,0.03,1.11,0.03,0.81,-0.04,-2.04,1.29
-0.04,0.03,1.08,0.06,0.87,-0.06,-1.89,1.53
-0.03,0.03,1.06,0.13,0.86,-0.08,-1.53,1.85
-0.03,0.03,1.02,0.15,0.88,-0.07,-1.71,1.63
-0.02,0.03,0.98,0.16,0.92,-0.09,-1.37,1.95
-0.02,0.04,0.94,0.14,0.93,-0.09,-1.32,2.15
-0.03,0.04,0.91,0.14,0.92,-0.09,-1.74,2.76
-0.03,0.05,0.89,0.09,0.9,-0.08,-1.9,2.94
-0.04,0.05,0.87,0.04,0.9,-0.07,-2.78,3.22
-0.04,0.05,0.88,-0.02,0.88,-0.05,-2.52,3.3
-0.03,0.05,0.89,-0.07,0.85,-0.03,-1.9,3.46
-0.03,0.05,0.92,-0.12,0.8,-0.01,-1.7,2.82
-0.02,0.04,0.95,-0.17,0.78,-0.0,-0.98,2.64
0.0,0.03,0.98,-0.19,0.75,-0.0,0.03,1.55
0.01,0.02,1.01,-0.19,0.72,-0.01,0.36,1.25
0.01,0.02,1.03,-0.17,0.69,-0.02,0.48,0.94
0.01,0.02,1.04,-0.15,0.71,-0.04,0.43,1.24
0.01,0.02,1.05,-0.11,0.74,-0.06,0.37,1.27
-0.0,0.03,1.06,-0.06,0.75,-0.07,-0.22,1.73
-0.01,0.03,1.05,-0.03,0.78,-0.09,-0.71,1.47
-0.03,0.04,1.03,0.03,0.79,-0.11,-1.41,2.45
-0.03,0.05,0.99,0.04,0.83,-0.12,-1.7,2.8
-0.04,0.06,0.95,0.05,0.84,-0.11,-2.66,3.59
-0.05,0.07,0.93,0.07,0.84,-0.1,-2.86,4.13
-0.05,0.06,0.9,0.06,0.85,-0.09,-3.19,3.64
-0.06,0.06,0.88,0.02,0.87,-0.08,-3.84,4.23
-0.05,0.06,0.85,-0.03,0.88,-0.06,-3.36,3.88
-0.04,0.06,0.85,-0.08,0.88,-0.05,-2.83,4.31
-0.03,0.06,0.84,-0.15,0.85,-0.03,-2.31,3.99
-0.03,0.05,0.87,-0.22,0.85,-0.02,-1.99,3.19
-0.03,0.05,0.89,-0.27,0.81,-0.02,-1.74,3.48
-0.02,0.04,0.92,-0.32,0.77,-0.01,-1.41,2.76
-0.03,0.04,0.95,-0.33,0.71,0.01,-1.9,2.18
-0.03,0.03,0.97,-0.37,0.7,-0.0,-1.64,1.95
-0.02,0.03,1.0,-0.35,0.65,0.01,-1.4,1.77
-0.01,0.03,1.01,-0.34,0.63,-0.01,-0.51,1.97
-0.01,0.03,1.03,-0.32,0.62,-0.01,-0.6,1.87
-0.02,0.04,1.05,-0.27,0.64,-0.01,-0.94,1.97
-0.02,0.04,1.06,-0.22,0.68,-0.02,-1.22,1.99
-0.02,0.03,1.06,-0.17,0.7,-0.04,-1.19,1.64
-0.02,0.03,1.04,-0.13,0.74,-0.05,-1.34,1.58
-0.03,0.03,1.01,-0.08,0.77,-0.07,-1.43,1.94
-0.03,0.04,0.99,-0.07,0.82,-0.08,-1.88,2.49
-0.04,0.06,0.99,-0.05,0.84,-0.07,-2.09,3.25
-0.05,0.06,0.98,-0.02,0.86,-0.07,-2.79,3.49
-0.05,0.05,0.98,-0.01,0.9,-0.07,-2.8,3.19
-0.05,0.06,0.98,0.01,0.95,-0.06,-2.93,3.4
-0.05,0.06,0.97,0.04,0.95,-0.05,-2.78,3.41
-0.05,0.07,0.95,0.12,1.11,-0.17,-2.72,3.99
-0.04,0.06,0.96,0.04,0.98,-0.04,-2.65,3.82
-0.04,0.05,0.95,0.07,0.95,-0.03,-2.52,3.26
-0.04,0.04,0.96,0.08,0.95,-0.03,-2.17,2.59
-0.03,0.03,0.95,0.11,1.04,-0.08,-1.55,1.94
-0.01,0.03,0.93,0.09,0.93,-0.03,-0.56,1.79
0.0,0.03,0.91,0.1,0.98,-0.05,0.19,1.65
0.02,0.03,0.9,0.09,1.0,-0.06,0.99,2.18
0.01,0.03,0.89,0.09,1.0,-0.09,0.55,2.21
-0.0,0.04,0.88,0.11,1.0,-0.11,-0.2,2.5
-0.02,0.04,0.86,0.09,1.01,-0.11,-1.05,2.99
-0.02,0.05,0.85,0.06,1.0,-0.11,-1.37,3.11
-0.02,0.05,0.86,0.04,0.98,-0.12,-1.54,3.56
-0.02,0.06,0.84,0.02,0.96,-0.11,-1.04,4.15
-0.02,0.08,0.82,0.0,0.96,-0.12,-1.21,5.28
-0.02,0.07,0.85,-0.03,0.95,-0.11,-1.36,4.99
-0.03,0.06,0.88,-0.03,0.94,-0.13,-1.9,3.96
-0.04,0.07,0.88,-0.05,0.9,-0.09,-2.73,4.44
-0.04,0.06,0.88,-0.02,0.92,-0.1,-2.6,3.61
-0.04,0.05,0.88,-0.01,0.97,-0.11,-2.32,3.36
-0.03,0.04,0.88,0.01,0.98,-0.12,-1.7,2.85
-0.02,0.05,0.88,0.02,1.01,-0.13,-1.37,3.04
-0.03,0.05,0.88,0.03,1.04,-0.15,-1.68,2.93
-0.02,0.05,0.88,0.05,1.07,-0.16,-1.3,3.06
-0.03,0.06,0.86,0.07,1.09,-0.18,-1.74,3.72
-0.04,0.06,0.84,0.08,1.08,-0.19,-2.62,4.4
-0.04,0.07,0.83,0.07,1.11,-0.2,-2.85,4.88
-0.05,0.09,0.81,0.06,1.14,-0.21,-3.81,6.1
-0.07,0.09,0.8,0.06,1.14,-0.21,-4.66,6.52
-0.08,0.09,0.77,0.04,1.13,-0.2,-6.2,6.54
-0.11,0.09,0.76,0.01,1.14,-0.21,-8.1,6.34
-0.12,0.09,0.75,-0.06,1.15,-0.19,-8.84,6.45
-0.12,0.09,0.75,-0.11,1.14,-0.18,-8.83,6.74
-0.12,0.09,0.77,-0.18,1.14,-0.17,-9.01,6.62
-0.13,0.08,0.77,-0.23,1.1,-0.14,-9.21,6.0
-0.12,0.08,0.78,-0.3,1.1,-0.13,-9.01,6.13
-0.13,0.07,0.8,-0.36,1.08,-0.11,-9.5,5.17
-0.13,0.07,0.81,-0.41,1.06,-0.11,-9.11,4.97
-0.11,0.07,0.84,-0.45,1.02,-0.09,-7.49,4.7
-0.1,0.06,0.88,-0.51,1.01,-0.08,-6.31,3.99
-0.08,0.06,0.92,-0.53,0.98,-0.07,-5.19,3.9
-0.07,0.05,0.96,-0.52,0.96,-0.07,-3.97,2.9
-0.05,0.04,0.98,-0.5,0.96,-0.06,-3.18,2.41
-0.04,0.03,1.01,-0.48,0.98,-0.07,-2.49,1.94
-0.03,0.03,1.02,-0.43,0.99,-0.06,-1.69,1.94
-0.01,0.04,1.04,-0.35,1.03,-0.09,-0.61,2.13
0.01,0.04,1.05,-0.27,1.07,-0.12,0.29,2.09
0.02,0.03,1.07,-0.2,1.16,-0.15,0.9,1.83
0.01,0.03,1.06,-0.1,1.21,-0.17,0.61,1.88
0.01,0.03,1.05,0.01,1.29,-0.21,0.45,1.54
0.0,0.03,1.03,0.11,1.33,-0.23,0.14,1.83
-0.01,0.04,1.0,0.18,1.39,-0.28,-0.72,2.19
-0.05,0.04,0.96,0.21,1.44,-0.32,-2.94,2.37
-0.08,0.04,0.92,0.25,1.45,-0.35,-5.21,2.53
-0.13,0.06,0.88,0.26,1.44,-0.36,-8.42,3.65
-0.18,0.06,0.87,0.25,1.44,-0.34,-11.53,4.12
-0.2,0.07,0.85,0.2,1.41,-0.33,-13.13,4.39
-0.22,0.08,0.84,0.14,1.35,-0.32,-14.47,5.22
-0.23,0.09,0.86,0.08,1.28,-0.27,-14.68,5.91
-0.22,0.08,0.86,0.02,1.23,-0.25,-14.45,4.95
-0.21,0.08,0.89,-0.05,1.17,-0.21,-13.46,4.85
-0.19,0.08,0.91,-0.1,1.14,-0.18,-11.75,4.94
-0.16,0.08,0.94,-0.15,1.13,-0.16,-9.36,4.75
-0.12,0.05,0.98,-0.15,1.13,-0.14,-7.07,3.12
-0.08,0.02,1.01,-0.15,1.13,-0.16,-4.25,1.36
-0.03,-0.0,1.02,-0.11,1.12,-0.17,-1.65,-0.02
-0.01,-0.01,1.02,-0.05,1.15,-0.2,-0.29,-0.32
-0.0,-0.0,1.01,-0.02,1.21,-0.26,-0.01,-0.22
0.0,0.01,1.0,0.0,1.27,-0.32,0.21,0.68
-0.01,0.02,0.98,0.03,1.3,-0.36,-0.72,1.33
-0.04,0.04,0.98,0.08,1.29,-0.41,-2.55,2.29
-0.07,0.05,0.98,0.1,1.3,-0.43,-4.13,2.83
-0.11,0.06,0.98,0.11,1.28,-0.46,-6.12,3.53
-0.13,0.08,0.97,0.11,1.26,-0.44,-7.43,4.62
-0.13,0.08,0.97,0.11,1.23,-0.45,-7.78,4.87
-0.14,0.08,0.95,0.12,1.22,-0.46,-8.47,4.96
-0.15,0.08,0.92,0.09,1.24,-0.47,-9.16,4.86
-0.18,0.08,0.88,0.04,1.25,-0.48,-11.39,5.32
-0.23,0.1,0.86,-0.04,1.28,-0.48,-14.97,6.44
-0.27,0.12,0.85,-0.15,1.28,-0.46,-17.38,7.48
-0.31,0.15,0.86,-0.32,1.31,-0.44,-19.38,9.09
-0.33,0.15,0.9,-0.46,1.29,-0.4,-20.02,9.11
-0.35,0.12,0.92,-0.62,1.28,-0.36,-20.48,7.06
-0.35,0.12,0.97,-0.79,1.21,-0.3,-19.49,6.52
-0.32,0.11,1.03,-0.95,1.18,-0.23,-16.95,5.63
-0.26,0.09,1.1,-1.09,1.14,-0.16,-13.28,4.36
-0.2,0.06,1.18,-1.18,1.05,-0.11,-9.54,3.11
-0.12,0.03,1.26,-1.22,0.98,-0.03,-5.49,1.57
-0.03,0.01,1.32,-1.22,0.96,-0.0,-1.44,0.38
0.06,-0.02,1.38,-1.17,0.94,0.02,2.45,-0.84
0.16,-0.05,1.43,-1.06,0.93,0.04,6.17,-2.06
0.25,-0.08,1.48,-0.92,0.97,0.01,9.48,-2.92
0.33,-0.1,1.5,-0.72,1.03,-0.05,12.29,-3.64
0.37,-0.11,1.5,-0.5,1.12,-0.1,13.94,-4.18
0.4,-0.12,1.47,-0.26,1.2,-0.19,15.26,-4.57
0.37,-0.13,1.42,-0.03,1.28,-0.27,14.66,-5.06
0.33,-0.11,1.36,0.16,1.4,-0.38,13.76,-4.62
0.26,-0.1,1.29,0.29,1.51,-0.48,11.43,-4.18
0.19,-0.06,1.23,0.4,1.58,-0.53,8.59,-2.93
0.13,-0.04,1.17,0.45,1.62,-0.58,6.08,-1.97
0.06,-0.02,1.13,0.48,1.65,-0.62,3.28,-1.25
0.02,-0.01,1.09,0.45,1.68,-0.64,0.93,-0.31
-0.04,0.01,1.06,0.41,1.63,-0.64,-2.02,0.61
-0.09,0.04,1.04,0.35,1.58,-0.62,-4.83,1.96
-0.13,0.05,1.04,0.26,1.55,-0.59,-7.02,2.89
-0.14,0.06,1.02,0.16,1.47,-0.55,-7.6,3.47
-0.15,0.07,1.01,0.05,1.39,-0.51,-8.3,4.2
-0.15,0.09,1.02,-0.08,1.31,-0.47,-8.36,4.94
-0.16,0.1,1.06,-0.22,1.23,-0.41,-8.53,5.13
-0.15,0.1,1.1,-0.37,1.19,-0.34,-7.68,4.91
-0.12,0.07,1.15,-0.47,1.11,-0.26,-5.79,3.49
-0.05,0.03,1.2,-0.56,1.07,-0.2,-2.55,1.39
0.02,-0.0,1.24,-0.59,1.0,-0.16,1.05,-0.01
0.1,-0.02,1.27,-0.61,0.96,-0.14,4.39,-1.08
0.16,-0.04,1.29,-0.59,0.93,-0.11,6.9,-1.98
0.21,-0.06,1.3,-0.5,1.08,-0.26,9.15,-2.64
0.26,-0.07,1.3,-0.48,0.91,-0.11,11.25,-3.11
0.3,-0.08,1.31,-0.42,0.97,-0.15,12.95,-3.61
0.33,-0.09,1.31,-0.33,0.99,-0.18,14.04,-3.94
0.34,-0.1,1.31,-0.21,1.03,-0.24,14.71,-4.05
0.35,-0.1,1.3,-0.1,1.05,-0.29,14.84,-4.31
0.34,-0.08,1.3,0.01,1.1,-0.34,14.7,-3.61
0.32,-0.07,1.28,0.1,1.12,-0.38,13.91,-3.18
0.3,-0.05,1.27,0.19,1.15,-0.42,13.19,-2.36
0.26,-0.05,1.25,0.29,1.16,-0.45,11.59,-2.23
0.21,-0.04,1.22,0.35,1.19,-0.49,9.99,-1.93
0.18,-0.03,1.19,0.36,1.18,-0.51,8.52,-1.47
0.13,-0.02,1.16,0.39,1.18,-0.54,6.39,-0.84
0.07,0.0,1.14,0.39,1.14,-0.55,3.5,0.05
0.01,0.02,1.14,0.33,1.14,-0.55,0.62,0.97
-0.04,0.03,1.13,0.28,1.1,-0.51,-2.07,1.47
-0.07,0.06,1.11,0.19,1.03,-0.47,-3.42,2.96
-0.1,0.08,1.11,0.07,1.0,-0.42,-5.07,3.96
-0.11,0.09,1.1,-0.04,0.92,-0.38,-5.86,4.53
-0.11,0.08,1.1,-0.17,0.85,-0.32,-5.51,4.32
-0.08,0.09,1.12,-0.29,0.78,-0.27,-4.31,4.67
-0.05,0.08,1.14,-0.39,0.71,-0.22,-2.6,3.77
0.0,0.06,1.15,-0.47,0.68,-0.17,0.02,2.91
0.05,0.04,1.18,-0.52,0.66,-0.13,2.61,1.71
0.12,0.01,1.18,-0.54,0.65,-0.1,5.58,0.52
0.15,-0.0,1.19,-0.5,0.64,-0.1,7.36,-0.2
0.19,-0.02,1.21,-0.48,0.69,-0.1,8.81,-1.07
0.22,-0.04,1.21,-0.42,0.69,-0.11,10.3,-1.95
0.23,-0.05,1.21,-0.37,0.71,-0.13,10.63,-2.14
0.22,-0.05,1.21,-0.3,0.72,-0.17,10.38,-2.47
0.19,-0.04,1.19,-0.22,0.71,-0.18,9.19,-1.97
0.16,-0.02,1.19,-0.19,0.75,-0.2,7.85,-1.1
0.16,-0.03,1.17,-0.14,0.73,-0.2,7.81,-1.24
0.14,-0.02,1.16,-0.13,0.74,-0.23,6.96,-0.94
0.12,-0.01,1.15,-0.09,0.73,-0.23,6.1,-0.5
0.1,-0.01,1.13,-0.07,0.76,-0.25,5.01,-0.42
0.09,-0.01,1.13,-0.07,0.76,-0.24,4.53,-0.38
0.08,0.0,1.11,-0.04,0.76,-0.26,4.11,0.11
0.07,0.01,1.1,-0.04,0.73,-0.26,3.58,0.61
0.06,0.02,1.11,-0.06,0.76,-0.28,3.24,0.93
0.07,0.03,1.12,-0.08,0.75,-0.29,3.62,1.38
0.08,0.03,1.13,-0.06,0.73,-0.29,3.92,1.27
0.09,0.02,1.15,-0.05,0.71,-0.29,4.45,0.8
0.11,0.01,1.16,-0.02,0.71,-0.31,5.34,0.32
0.12,-0.0,1.18,0.01,0.71,-0.31,5.8,-0.05
0.12,-0.01,1.19,0.05,0.69,-0.31,5.97,-0.33
0.12,-0.01,1.18,0.11,0.69,-0.31,5.64,-0.49
0.1,-0.0,1.17,0.15,0.7,-0.32,4.98,-0.07
0.09,0.01,1.18,0.17,0.73,-0.34,4.17,0.52
0.08,0.02,1.17,0.2,0.75,-0.33,3.77,0.96
0.07,0.02,1.16,0.22,0.77,-0.34,3.56,1.15
0.07,0.03,1.17,0.24,0.82,-0.34,3.65,1.22
0.08,0.02,1.18,0.24,0.9,-0.34,4.11,0.99
0.09,0.02,1.19,0.28,0.95,-0.34,4.32,0.87
0.09,0.01,1.19,0.3,1.0,-0.33,4.43,0.51
0.1,0.01,1.2,0.32,1.09,-0.34,4.63,0.45
0.09,0.01,1.21,0.33,1.14,-0.31,4.31,0.6
0.08,0.03,1.21,0.33,1.18,-0.29,3.56,1.5
0.07,0.04,1.21,0.31,1.18,-0.26,3.1,1.86
0.06,0.05,1.21,0.27,1.18,-0.2,3.07,2.32
0.06,0.06,1.19,0.2,1.19,-0.15,2.83,2.66
0.07,0.06,1.16,0.15,1.14,-0.08,3.47,2.96
0.09,0.05,1.14,0.07,1.1,-0.03,4.59,2.51
0.11,0.03,1.11,-0.0,1.03,0.01,5.67,1.62
0.12,0.0,1.1,-0.11,0.96,0.04,6.38,0.15
0.15,-0.02,1.11,-0.21,0.84,0.09,7.59,-1.03
0.16,-0.03,1.09,-0.28,0.75,0.12,8.4,-1.6
0.18,-0.03,1.08,-0.36,0.64,0.15,9.38,-1.78
0.21,-0.04,1.08,-0.43,0.56,0.15,11.07,-2.21
0.24,-0.06,1.08,-0.51,0.49,0.17,12.65,-3.12
0.28,-0.08,1.09,-0.53,0.42,0.17,14.39,-4.11
0.3,-0.1,1.08,-0.53,0.35,0.17,15.39,-4.91
0.31,-0.11,1.08,-0.55,0.32,0.17,16.15,-5.57
0.32,-0.11,1.06,-0.55,0.27,0.18,16.78,-5.49
0.33,-0.11,1.06,-0.54,0.24,0.17,17.03,-5.76
0.32,-0.1,1.04,-0.54,0.19,0.16,17.24,-5.33
0.32,-0.1,1.03,-0.53,0.2,0.13,17.4,-5.44
0.32,-0.11,1.02,-0.52,0.18,0.12,17.65,-5.66
0.33,-0.11,1.0,-0.51,0.19,0.09,18.06,-5.77
0.32,-0.1,0.99,-0.47,0.17,0.06,17.75,-5.68
0.31,-0.11,0.98,-0.45,0.19,0.02,17.37,-5.93
0.3,-0.09,0.96,-0.45,0.2,-0.0,17.18,-5.34
0.28,-0.09,0.94,-0.42,0.19,-0.03,16.3,-5.05
0.25,-0.08,0.94,-0.41,0.18,-0.07,14.82,-4.51
0.22,-0.07,0.93,-0.38,0.19,-0.12,13.2,-3.92
0.2,-0.06,0.94,-0.38,0.19,-0.16,12.09,-3.7
0.18,-0.04,0.96,-0.41,0.16,-0.18,10.46,-2.48
0.15,-0.03,0.99,-0.42,0.11,-0.2,8.78,-1.91
0.12,-0.02,1.01,-0.44,0.04,-0.21,7.02,-1.18
0.11,-0.01,1.04,-0.48,-0.01,-0.2,6.06,-0.43
0.11,0.0,1.09,-0.5,-0.12,-0.17,6.0,0.06
0.11,0.01,1.13,-0.51,-0.22,-0.17,5.67,0.48
0.12,0.02,1.16,-0.49,-0.34,-0.09,5.83,0.75
0.12,0.01,1.17,-0.49,-0.4,-0.04,5.88,0.43
0.13,0.01,1.15,-0.44,-0.5,0.02,6.27,0.4
0.13,0.01,1.12,-0.4,-0.55,0.05,6.42,0.6
0.12,0.02,1.08,-0.37,-0.59,0.07,6.08,0.85
0.11,0.02,1.05,-0.36,-0.57,0.07,6.02,1.05
0.11,0.02,1.01,-0.35,-0.52,0.07,6.19,1.38
0.1,0.03,0.99,-0.33,-0.48,0.03,5.99,1.55
0.11,0.03,0.98,-0.29,-0.4,-0.0,6.2,1.61
0.1,0.03,0.98,-0.26,-0.29,-0.06,5.88,1.95
0.09,0.04,0.99,-0.21,-0.2,-0.1,5.32,2.14
0.09,0.03,1.0,-0.18,-0.12,-0.14,4.94,1.94
0.07,0.04,1.02,-0.15,-0.07,-0.16,3.81,2.47
0.05,0.05,1.04,-0.13,0.01,-0.19,3.0,2.51
0.04,0.05,1.05,-0.08,0.04,-0.19,2.16,2.97
0.02,0.06,1.06,-0.07,0.08,-0.19,1.22,3.41
0.01,0.07,1.07,-0.04,0.07,-0.18,0.32,3.74
-0.0,0.08,1.08,-0.04,0.09,-0.18,-0.09,4.34
-0.02,0.09,1.1,-0.05,0.08,-0.14,-0.98,4.77
-0.03,0.1,1.1,-0.03,0.04,-0.1,-1.52,5.2
-0.04,0.11,1.11,-0.03,-0.02,-0.05,-1.95,5.42
-0.04,0.1,1.1,-0.05,-0.02,-0.02,-2.24,5.37
-0.05,0.1,1.09,-0.05,-0.06,0.03,-2.75,5.2
-0.06,0.09,1.06,-0.04,-0.08,0.08,-3.15,5.03
-0.05,0.09,1.04,-0.07,-0.09,0.11,-2.72,4.75
-0.05,0.08,1.01,-0.08,-0.1,0.13,-2.88,4.78
-0.04,0.08,0.98,-0.12,-0.07,0.13,-2.54,4.38
-0.04,0.07,0.97,-0.13,-0.07,0.14,-2.21,4.01
-0.03,0.05,0.97,-0.16,-0.06,0.13,-1.76,3.07
-0.03,0.04,0.97,-0.17,-0.03,0.12,-1.51,2.58
-0.02,0.03,0.98,-0.23,0.0,0.1,-1.07,1.97
-0.01,0.03,1.0,-0.23,-0.02,0.1,-0.56,1.52
-0.0,0.03,1.02,-0.23,-0.03,0.11,-0.27,1.47
0.01,0.03,1.04,-0.24,-0.05,0.11,0.47,1.47
0.02,0.02,1.05,-0.27,-0.05,0.13,1.21,1.23
0.02,0.02,1.05,-0.27,-0.07,0.14,1.08,0.94
0.04,0.01,1.06,-0.24,-0.11,0.17,2.31,0.64
0.06,0.0,1.06,-0.26,-0.13,0.17,3.4,0.12
0.07,0.0,1.05,-0.26,-0.11,0.18,3.74,0.13
0.09,-0.02,1.04,-0.23,-0.11,0.18,5.13,-0.86
0.1,-0.02,1.02,-0.2,-0.09,0.17,5.61,-0.94
0.12,-0.03,1.01,-0.16,-0.08,0.15,6.53,-1.94
0.12,-0.03,1.0,-0.16,-0.03,0.12,6.62,-1.65
0.12,-0.03,0.99,-0.14,-0.01,0.1,6.64,-1.65
0.1,-0.03,0.99,-0.12,0.02,0.06,5.95,-1.53
0.09,-0.02,0.99,-0.11,0.04,0.04,5.23,-1.25
0.09,-0.02,0.99,-0.11,0.07,0.02,4.9,-1.03
0.07,-0.01,0.99,-0.11,0.06,0.01,4.27,-0.83
0.07,-0.01,1.0,-0.1,0.05,-0.01,3.91,-0.41
0.06,-0.0,1.01,-0.11,0.01,-0.0,3.66,-0.15
0.05,0.01,1.01,-0.12,-0.01,-0.01,2.93,0.63
0.04,0.01,1.01,-0.15,-0.03,-0.0,2.49,0.63
0.04,0.01,1.01,-0.15,-0.07,0.01,2.15,0.44
0.04,0.0,1.01,-0.15,-0.11,0.01,2.11,0.18
0.04,0.01,1.02,-0.18,-0.13,0.03,2.22,0.5
0.04,0.01,1.0,-0.2,-0.15,0.04,2.05,0.46
0.03,0.01,1.0,-0.2,-0.19,0.05,1.57,0.66
0.03,0.01,0.99,-0.22,-0.23,0.07,1.56,0.6
0.03,0.02,0.98,-0.24,-0.23,0.05,1.59,0.95
0.04,0.02,0.98,-0.28,-0.24,0.06,2.19,1.11
0.04,0.01,0.97,-0.29,-0.26,0.06,2.37,0.82
0.05,0.01,0.96,-0.3,-0.27,0.04,3.08,0.41
0.06,0.01,0.97,-0.3,-0.27,0.02,3.67,0.44
0.07,0.01,0.98,-0.34,-0.24,0.01,3.97,0.87
0.07,0.02,0.99,-0.3,-0.25,-0.01,3.93,1.0
0.06,0.02,1.0,-0.3,-0.24,-0.01,3.72,1.3
0.06,0.03,1.0,-0.28,-0.24,-0.04,3.44,1.63
0.06,0.03,1.0,-0.27,-0.23,-0.03,3.49,1.69
0.06,0.03,0.99,-0.27,-0.22,-0.04,3.18,1.91
0.05,0.04,0.99,-0.24,-0.22,-0.05,2.95,2.11
0.05,0.04,0.98,-0.24,-0.21,-0.06,2.66,2.6
0.03,0.05,0.98,-0.24,-0.18,-0.07,1.99,2.7
0.02,0.05,0.98,-0.23,-0.18,-0.08,1.28,2.83
0.01,0.05,0.99,-0.21,-0.19,-0.08,0.66,3.03
0.01,0.06,1.0,-0.22,-0.18,-0.08,0.34,3.41
0.0,0.07,1.01,-0.23,-0.21,-0.07,0.16,3.71
-0.01,0.07,1.01,-0.23,-0.2,-0.05,-0.52,4.02
-0.02,0.07,1.01,-0.23,-0.22,-0.04,-1.09,4.21
-0.03,0.07,1.0,-0.22,-0.24,-0.01,-1.68,4.15
-0.03,0.07,0.99,-0.24,-0.23,-0.01,-1.5,4.18
-0.04,0.08,0.97,-0.27,-0.23,0.01,-2.22,4.56
-0.04,0.08,0.98,-0.29,-0.25,0.01,-2.17,4.57
-0.03,0.08,0.98,-0.3,-0.26,0.03,-2.02,4.77
-0.02,0.08,0.98,-0.33,-0.23,0.03,-1.44,4.95
-0.02,0.08,0.98,-0.33,-0.24,0.05,-1.18,4.51
-0.01,0.07,0.98,-0.35,-0.23,0.06,-0.41,4.03
-0.01,0.07,0.97,-0.34,-0.24,0.07,-0.37,3.94
0.01,0.06,0.96,-0.34,-0.21,0.07,0.71,3.78
0.02,0.07,0.97,-0.34,-0.2,0.06,0.92,4.19
0.02,0.07,0.96,-0.35,-0.18,0.06,1.43,4.08
0.04,0.05,0.97,-0.34,-0.19,0.05,2.32,3.08
0.03,0.06,0.97,-0.32,-0.16,0.04,1.95,3.63
0.02,0.05,0.97,-0.33,-0.13,0.04,1.45,3.22
0.03,0.06,0.97,-0.31,-0.14,0.05,1.63,3.53
0.04,0.05,0.98,-0.32,-0.13,0.05,2.3,3.04
0.03,0.05,0.98,-0.3,-0.12,0.04,1.66,3.08
0.03,0.04,0.97,-0.3,-0.09,0.04,1.75,2.49
0.04,0.04,0.98,-0.28,-0.08,0.04,2.13,2.42
0.03,0.04,0.98,-0.28,-0.08,0.05,1.59,2.23
0.03,0.03,0.98,-0.28,-0.07,0.05,1.53,1.68
0.02,0.03,0.98,-0.29,-0.04,0.05,1.22,1.92
0.02,0.02,0.98,-0.28,-0.05,0.06,1.44,1.32
0.03,0.01,0.98,-0.29,-0.05,0.06,1.7,0.87
0.04,0.01,0.97,-0.28,-0.04,0.05,2.17,0.87
0.05,0.01,0.97,-0.28,-0.02,0.04,2.87,0.43
0.06,0.0,0.98,-0.29,-0.0,0.04,3.57,0.05
0.07,-0.0,1.0,-0.28,-0.01,0.03,4.06,-0.12
0.08,-0.0,1.01,-0.26,0.0,0.03,4.69,-0.17
0.09,-0.01,1.03,-0.24,0.05,0.01,4.91,-0.56
0.1,-0.02,1.03,-0.23,0.08,0.01,5.67,-1.15
0.11,-0.02,1.03,-0.16,0.1,-0.01,6.12,-1.18
0.11,-0.02,1.02,-0.13,0.11,-0.02,6.39,-1.25
0.11,-0.02,1.03,-0.1,0.14,-0.04,5.98,-0.94
0.11,-0.02,1.04,-0.07,0.16,-0.05,6.24,-0.98
0.1,-0.02,1.04,-0.04,0.15,-0.05,5.66,-1.16
0.09,-0.03,1.03,-0.06,0.14,-0.05,4.96,-1.44
0.09,-0.03,1.03,-0.0,0.14,-0.06,4.88,-1.8
0.08,-0.04,1.01,0.02,0.15,-0.08,4.35,-2.22
0.06,-0.04,1.0,0.01,0.13,-0.1,3.6,-2.47
0.05,-0.04,0.99,0.01,0.12,-0.12,2.74,-2.29
0.04,-0.03,0.98,-0.02,0.12,-0.14,2.32,-1.76
0.03,-0.03,0.99,-0.04,0.11,-0.15,1.74,-1.45
0.03,-0.02,1.0,-0.07,0.09,-0.16,1.89,-1.23
0.03,-0.02,1.02,-0.08,0.06,-0.16,1.77,-1.37
0.03,-0.02,1.04,-0.04,0.21,-0.31,1.89,-1.27
0.03,-0.02,1.06,-0.11,0.03,-0.16,1.87,-0.99
0.03,-0.02,1.07,-0.14,0.0,-0.15,1.41,-0.81
0.04,-0.01,1.1,-0.16,-0.04,-0.12,2.01,-0.66
0.05,-0.01,1.13,-0.19,-0.08,-0.11,2.63,-0.52
0.07,-0.01,1.16,-0.22,-0.1,-0.07,3.28,-0.25
0.08,-0.01,1.18,-0.22,-0.13,-0.03,4.06,-0.65
0.1,-0.02,1.2,-0.23,-0.14,0.0,4.78,-0.81
0.11,-0.02,1.22,-0.25,-0.16,0.04,5.36,-0.89
0.11,-0.02,1.24,-0.3,-0.17,0.08,5.09,-0.88
0.12,-0.0,1.25,-0.33,-0.22,0.12,5.6,-0.14
0.14,-0.01,1.27,-0.39,-0.23,0.16,6.39,-0.41
0.15,-0.02,1.29,-0.45,-0.26,0.21,6.62,-0.77
0.16,-0.02,1.33,-0.55,-0.28,0.25,6.76,-1.04
0.16,-0.04,1.36,-0.66,-0.34,0.31,6.87,-1.69
0.17,-0.07,1.39,-0.8,-0.41,0.37,6.91,-3.01
0.19,-0.08,1.44,-0.94,-0.52,0.43,7.63,-3.03
0.24,-0.07,1.48,-1.12,-0.61,0.51,9.26,-2.59
0.3,-0.08,1.55,-1.3,-0.72,0.61,11.09,-3.07
0.39,-0.11,1.6,-1.44,-0.81,0.72,13.75,-3.8
0.49,-0.15,1.64,-1.57,-0.88,0.78,16.45,-5.0
0.58,-0.18,1.68,-1.68,-0.95,0.86,18.9,-5.8
0.68,-0.22,1.73,-1.76,-1.02,0.92,21.28,-6.68
0.76,-0.25,1.76,-1.82,-1.09,0.96,23.11,-7.54
0.78,-0.31,1.82,-1.88,-1.16,0.97,22.89,-8.79
0.79,-0.34,1.89,-1.98,-1.2,0.99,22.31,-9.48
0.82,-0.35,1.97,-2.09,-1.23,1.02,22.33,-9.32
0.84,-0.34,2.01,-2.15,-1.23,1.05,22.29,-8.98
0.84,-0.35,2.0,-2.2,-1.21,1.11,22.45,-9.14
0.86,-0.35,1.98,-2.26,-1.18,1.13,23.08,-9.21
0.86,-0.36,1.98,-2.26,-1.21,1.15,23.22,-9.36
0.87,-0.37,1.96,-2.22,-1.3,1.15,23.67,-9.68
0.88,-0.38,1.95,-2.11,-1.46,1.15,23.89,-10.04
0.9,-0.4,1.93,-1.96,-1.61,1.14,24.52,-10.65
0.92,-0.43,1.9,-1.76,-1.76,1.1,25.2,-11.56
0.95,-0.47,1.87,-1.53,-1.93,1.04,26.36,-12.68
1.01,-0.51,1.81,-1.29,-2.1,0.92,28.22,-13.88
1.09,-0.56,1.72,-1.05,-2.25,0.75,31.08,-15.27
1.17,-0.59,1.65,-0.81,-2.41,0.5,33.68,-16.34
1.21,-0.6,1.61,-0.55,-2.6,0.17,35.2,-16.56
1.21,-0.59,1.61,-0.29,-2.82,-0.15,35.12,-16.48
1.15,-0.59,1.66,-0.06,-3.12,-0.47,33.11,-16.31
1.05,-0.58,1.74,0.24,-3.27,-0.81,29.83,-15.96
0.92,-0.56,1.84,0.48,-3.53,-1.12,25.7,-15.34
0.75,-0.54,1.96,0.71,-3.76,-1.37,20.34,-14.54
0.56,-0.52,2.09,0.89,-4.01,-1.59,14.59,-13.62
0.38,-0.49,2.2,1.03,-4.22,-1.75,9.58,-12.28
0.21,-0.45,2.29,1.18,-4.4,-1.88,5.22,-11.11
0.07,-0.4,2.35,1.32,-4.4,-1.98,1.65,-9.76
-0.07,-0.35,2.4,1.48,-4.4,-2.08,-1.72,-8.29
-0.21,-0.29,2.44,1.61,-4.4,-2.18,-4.8,-6.85
-0.37,-0.25,2.49,1.76,-4.4,-2.26,-8.41,-5.57
-0.53,-0.19,2.54,1.89,-4.4,-2.33,-11.78,-4.15
-0.7,-0.12,2.58,2.04,-4.4,-2.38,-15.16,-2.68
-0.88,-0.05,2.61,2.16,-4.4,-2.4,-18.53,-1.02
-1.06,0.04,2.64,2.29,-4.4,-2.37,-21.87,0.85
-1.16,0.1,2.63,2.45,-4.4,-2.32,-23.7,1.92
-1.21,0.14,2.6,2.59,-4.4,-2.21,-24.92,2.76
-1.28,0.18,2.5,2.71,-4.32,-2.08,-27.08,3.76
-1.38,0.23,2.31,2.8,-4.2,-1.92,-30.73,4.8
-1.46,0.26,2.15,2.88,-4.1,-1.76,-33.96,5.72
-1.54,0.29,1.98,2.93,-3.99,-1.6,-37.46,6.68
-1.6,0.33,1.81,2.98,-3.9,-1.45,-41.01,7.86
-1.67,0.35,1.64,3.01,-3.83,-1.32,-44.95,8.6
-1.73,0.38,1.45,3.01,-3.82,-1.2,-49.12,9.5
-1.79,0.4,1.26,2.98,-3.85,-1.09,-53.49,10.48
-1.83,0.43,1.06,2.94,-3.83,-1.01,-57.99,11.62
-1.87,0.48,0.86,2.85,-3.85,-0.92,-62.3,13.08
-1.86,0.51,0.65,2.75,-3.89,-0.83,-66.08,14.58
-1.84,0.56,0.41,2.59,-3.98,-0.73,-69.35,16.52
-1.8,0.61,0.28,2.43,-4.08,-0.64,-69.59,18.54
-1.76,0.62,0.15,2.26,-4.11,-0.54,-70.15,19.3
-1.66,0.63,0.02,2.06,-4.14,-0.45,-69.29,20.7
-1.56,0.64,-0.07,1.88,-4.18,-0.38,-67.48,22.37
-1.48,0.66,-0.15,1.7,-4.17,-0.32,-65.51,23.86
-1.41,0.65,-0.18,1.51,-4.16,-0.27,-64.22,24.78
-1.32,0.65,-0.22,1.36,-4.13,-0.22,-62.73,25.73
-1.24,0.64,-0.25,1.24,-4.08,-0.17,-61.16,26.67
-1.18,0.61,-0.27,1.12,-4.0,-0.13,-60.41,26.79
-1.1,0.6,-0.27,1.02,-3.89,-0.11,-59.24,27.76
-1.02,0.57,-0.26,0.97,-3.79,-0.08,-58.33,28.51
-0.96,0.55,-0.27,0.92,-3.63,-0.05,-57.48,28.75
-0.87,0.52,-0.29,0.9,-3.45,-0.05,-55.57,29.59
-0.79,0.49,-0.32,0.91,-3.21,-0.04,-53.42,29.87
-0.7,0.47,-0.33,0.91,-2.98,-0.04,-50.82,31.08
-0.62,0.44,-0.34,0.9,-2.76,-0.05,-48.28,31.73
-0.55,0.41,-0.37,0.91,-2.53,-0.06,-45.11,31.75
-0.48,0.38,-0.39,0.89,-2.29,-0.08,-41.4,31.5
-0.41,0.36,-0.41,0.88,-2.08,-0.09,-37.08,31.63
-0.34,0.34,-0.45,0.86,-1.87,-0.11,-31.27,30.79
-0.28,0.34,-0.47,0.83,-1.75,-0.1,-25.35,31.6
-0.22,0.32,-0.48,0.77,-1.66,-0.1,-20.78,31.36
-0.14,0.3,-0.49,0.7,-1.6,-0.08,-14.02,30.45
-0.08,0.28,-0.48,0.64,-1.59,-0.06,-7.72,30.2
-0.01,0.26,-0.47,0.56,-1.62,-0.05,-0.63,29.09
0.06,0.24,-0.46,0.48,-1.64,-0.05,6.61,27.26
0.11,0.23,-0.45,0.39,-1.7,-0.04,12.51,26.45
0.16,0.22,-0.42,0.3,-1.76,-0.04,18.22,25.9
0.19,0.2,-0.39,0.21,-1.8,-0.05,23.38,24.73
0.22,0.18,-0.37,0.12,-1.79,-0.07,28.53,22.56
0.25,0.17,-0.34,0.05,-1.78,-0.08,33.54,21.52
0.27,0.16,-0.32,-0.03,-1.75,-0.12,36.99,21.1
0.27,0.16,-0.3,-0.1,-1.71,-0.13,39.01,21.21
0.26,0.15,-0.28,-0.16,-1.63,-0.16,39.97,21.94
0.24,0.15,-0.25,-0.22,-1.55,-0.16,39.06,23.97
0.22,0.16,-0.21,-0.24,-1.47,-0.15,39.75,27.52
0.2,0.16,-0.18,-0.27,-1.39,-0.11,39.79,31.27
0.19,0.18,-0.15,-0.31,-1.3,-0.07,39.12,36.48
0.17,0.2,-0.1,-0.33,-1.23,-0.02,36.8,45.0
0.16,0.21,-0.06,-0.35,-1.17,0.06,35.44,51.46
0.16,0.21,-0.01,-0.37,-1.12,0.13,36.87,53.03
0.16,0.19,0.05,-0.38,-1.04,0.21,39.05,49.03
0.17,0.17,0.12,-0.37,-0.97,0.26,40.05,39.2
0.19,0.14,0.18,-0.36,-0.9,0.32,40.17,27.64
0.21,0.11,0.25,-0.31,-0.83,0.35,37.86,18.09
0.24,0.08,0.3,-0.28,-0.75,0.36,37.2,11.68
0.26,0.05,0.34,-0.24,-0.66,0.36,37.34,6.42
0.3,0.02,0.38,-0.2,-0.62,0.35,37.99,2.46
0.34,-0.01,0.4,-0.14,-0.59,0.32,40.13,-1.56
0.38,-0.04,0.42,-0.1,-0.56,0.27,42.54,-3.97
0.41,-0.05,0.43,-0.1,-0.53,0.23,43.34,-4.39
0.43,-0.06,0.43,-0.07,-0.53,0.17,45.05,-5.84
0.44,-0.07,0.43,-0.07,-0.53,0.13,45.08,-6.27
0.45,-0.08,0.44,-0.07,-0.54,0.08,44.97,-7.21
0.44,-0.09,0.44,-0.07,-0.51,0.02,44.53,-7.87
0.45,-0.09,0.43,-0.09,-0.53,-0.01,45.76,-7.81
0.45,-0.08,0.43,-0.09,-0.55,-0.06,45.81,-7.1
0.44,-0.07,0.41,-0.09,-0.56,-0.1,46.73,-6.24
0.42,-0.05,0.4,-0.09,-0.53,-0.12,45.62,-5.29
0.4,-0.04,0.39,-0.11,-0.49,-0.13,45.02,-3.95
0.37,-0.03,0.38,-0.11,-0.49,-0.13,44.6,-2.99
0.34,-0.02,0.37,-0.12,-0.43,-0.13,42.66,-2.19
0.32,-0.01,0.38,-0.11,-0.38,-0.13,40.23,-1.03
0.31,-0.0,0.37,-0.11,-0.3,-0.1,40.16,-0.04
0.3,0.01,0.37,-0.11,-0.23,-0.08,39.35,1.48
0.3,0.03,0.39,-0.08,-0.15,-0.06,37.93,3.14
0.3,0.03,0.39,-0.06,-0.04,-0.04,37.27,3.7
0.3,0.03,0.4,-0.04,0.08,-0.01,36.29,2.98
0.31,0.01,0.41,-0.01,0.16,0.02,36.79,1.63
0.31,0.01,0.41,0.01,0.21,0.04,37.16,1.61
0.32,0.03,0.43,0.03,0.26,0.05,36.88,3.32
0.34,0.05,0.44,0.06,0.25,0.09,37.23,5.31
0.35,0.05,0.44,0.06,0.26,0.09,38.0,4.7
0.34,0.05,0.46,0.1,0.26,0.11,36.32,5.09
0.32,0.04,0.47,0.13,0.27,0.13,34.57,4.1
0.33,0.04,0.48,0.15,0.3,0.14,34.18,3.69
0.33,0.03,0.49,0.19,0.31,0.16,33.52,2.5
0.32,0.02,0.5,0.24,0.35,0.15,33.06,2.36
0.33,0.02,0.5,0.28,0.41,0.14,33.25,1.51
0.33,0.01,0.5,0.31,0.5,0.11,33.98,0.76
0.34,0.0,0.49,0.35,0.57,0.07,34.76,0.24
0.34,-0.02,0.48,0.35,0.65,0.03,35.62,-1.89
0.34,-0.02,0.45,0.37,0.7,-0.01,37.11,-2.36
0.35,-0.03,0.42,0.36,0.78,-0.06,39.17,-3.04
0.34,-0.02,0.39,0.33,0.81,-0.09,40.74,-2.22
0.32,-0.01,0.36,0.32,0.81,-0.14,41.41,-0.99
0.31,0.01,0.34,0.28,0.79,-0.17,42.14,1.01
0.28,0.02,0.33,0.24,0.78,-0.2,40.38,2.77
0.25,0.04,0.31,0.19,0.75,-0.21,38.51,5.07
0.22,0.06,0.3,0.16,0.71,-0.23,36.26,8.6
0.19,0.08,0.3,0.14,0.67,-0.24,30.87,12.69
0.16,0.11,0.3,0.12,0.63,-0.24,26.09,18.63
0.12,0.13,0.29,0.09,0.6,-0.23,21.0,22.71
0.09,0.15,0.29,0.12,0.56,-0.22,15.79,26.45
0.06,0.16,0.3,0.13,0.54,-0.21,10.52,27.62
0.04,0.17,0.31,0.16,0.55,-0.21,6.82,29.28
0.02,0.18,0.32,0.2,0.59,-0.19,3.77,29.92
0.02,0.18,0.31,0.27,0.61,-0.19,2.87,30.25
0.01,0.19,0.32,0.35,0.64,-0.17,1.24,30.65
0.01,0.18,0.3,0.45,0.71,-0.18,1.04,31.4
0.01,0.17,0.28,0.53,0.77,-0.19,2.06,30.6
0.01,0.16,0.26,0.62,0.83,-0.2,1.71,31.78
0.0,0.16,0.24,0.73,0.87,-0.21,0.36,33.46
-0.02,0.15,0.19,0.81,0.97,-0.22,-3.87,37.09
-0.04,0.14,0.15,0.89,1.07,-0.24,-9.59,42.44
-0.05,0.13,0.12,0.97,1.14,-0.25,-15.08,45.99
-0.04,0.1,0.09,1.06,1.22,-0.29,-15.79,46.52
-0.03,0.08,0.07,1.13,1.34,-0.34,-16.14,46.02
-0.01,0.07,0.03,1.19,1.5,-0.41,-8.22,61.9
0.01,0.05,0.0,1.25,1.65,-0.47,10.86,78.8
0.01,0.04,-0.01,1.33,1.8,-0.56,11.27,71.49
-0.0,0.06,-0.04,1.39,1.95,-0.64,-1.0,56.26
-0.01,0.08,-0.11,1.44,2.12,-0.72,-4.94,36.01
-0.01,0.08,-0.15,1.48,2.24,-0.79,-4.89,26.06
0.03,0.1,-0.28,1.49,2.39,-0.86,5.29,18.65
-0.01,0.14,-0.36,1.42,2.5,-0.94,-1.76,21.03
-0.07,0.2,-0.4,1.31,2.55,-0.99,-8.59,26.37
-0.14,0.26,-0.41,1.18,2.56,-1.01,-15.62,31.09
-0.23,0.28,-0.45,1.04,2.56,-1.0,-23.35,29.21
-0.29,0.29,-0.48,0.86,2.55,-0.95,-27.68,27.31
-0.34,0.29,-0.51,0.66,2.58,-0.93,-30.3,25.24
-0.39,0.32,-0.48,0.45,2.55,-0.89,-33.84,27.1
-0.42,0.35,-0.48,0.2,2.51,-0.87,-35.3,28.62
-0.44,0.36,-0.47,-0.08,2.44,-0.86,-37.09,29.17
-0.49,0.35,-0.43,-0.39,2.42,-0.86,-41.16,28.58
-0.55,0.35,-0.39,-0.69,2.39,-0.85,-46.25,27.16
-0.6,0.35,-0.33,-1.0,2.36,-0.83,-51.1,27.13
-0.66,0.37,-0.23,-1.28,2.3,-0.81,-56.55,28.05
-0.73,0.39,-0.11,-1.56,2.28,-0.77,-61.09,27.71
-0.8,0.38,0.01,-1.83,2.24,-0.71,-64.67,25.33
-0.85,0.36,0.15,-2.01,2.19,-0.64,-65.5,22.47
-0.86,0.32,0.32,-2.2,2.19,-0.59,-62.43,18.94
-0.87,0.28,0.49,-2.33,2.22,-0.55,-57.03,15.52
-0.91,0.27,0.67,-2.44,2.3,-0.53,-51.55,13.58
-0.96,0.26,0.86,-2.51,2.39,-0.5,-46.82,11.56
-1.0,0.24,1.05,-2.52,2.54,-0.47,-42.98,9.47
-1.01,0.21,1.23,-2.47,2.72,-0.44,-39.03,7.56
-0.99,0.17,1.41,-2.4,2.95,-0.41,-34.93,5.74
-0.97,0.15,1.57,-2.28,3.17,-0.4,-31.71,4.73
-0.96,0.13,1.71,-2.12,3.37,-0.41,-29.31,3.8
-0.94,0.11,1.81,-1.97,3.54,-0.38,-27.38,3.06
-0.87,0.08,1.87,-1.85,3.72,-0.39,-24.94,2.12
-0.85,0.08,1.94,-1.72,3.89,-0.4,-23.53,2.09
-0.83,0.07,2.06,-1.55,3.98,-0.4,-21.89,1.93
-0.81,0.08,2.14,-1.42,4.01,-0.38,-20.71,1.96
-0.76,0.07,2.16,-1.31,4.03,-0.33,-19.36,1.73
-0.7,0.04,2.16,-1.2,4.03,-0.28,-18.01,0.9
-0.62,-0.01,2.1,-1.12,4.04,-0.24,-16.51,-0.21
-0.55,-0.03,1.99,-1.09,4.05,-0.23,-15.57,-0.75
-0.52,-0.02,1.9,-1.14,4.04,-0.24,-15.47,-0.66
-0.5,-0.01,1.82,-1.25,4.0,-0.23,-15.43,-0.28
-0.52,0.01,1.8,-1.43,3.91,-0.21,-15.98,0.15
-0.49,-0.03,1.93,-1.58,3.71,-0.16,-14.28,-0.8
-0.41,-0.09,2.11,-1.66,3.47,-0.1,-11.04,-2.45
-0.3,-0.14,2.17,-1.66,3.2,-0.01,-7.9,-3.64
-0.15,-0.1,2.19,-1.63,3.02,0.08,-4.01,-2.69
-0.1,-0.16,2.16,-1.66,2.84,0.09,-2.73,-4.31
-0.02,-0.22,2.13,-1.67,2.76,0.06,-0.52,-5.9
0.04,-0.26,2.1,-1.63,2.65,0.0,1.12,-7.08
0.1,-0.27,2.09,-1.53,2.57,-0.07,2.83,-7.26
0.15,-0.26,2.08,-1.43,2.55,-0.14,3.99,-6.98
0.16,-0.24,2.09,-1.3,2.54,-0.23,4.33,-6.63
0.19,-0.2,2.1,-1.18,2.56,-0.28,5.12,-5.49
0.21,-0.19,2.11,-1.0,2.57,-0.34,5.72,-5.07
0.2,-0.17,2.13,-0.82,2.58,-0.38,5.22,-4.59
0.17,-0.19,2.15,-0.66,2.63,-0.43,4.56,-5.02
0.16,-0.18,2.18,-0.52,2.67,-0.44,4.16,-4.69
0.18,-0.2,2.18,-0.41,2.71,-0.43,4.63,-5.1
0.14,-0.15,2.16,-0.35,2.71,-0.41,3.61,-3.91
0.07,-0.09,2.1,-0.35,2.71,-0.36,1.86,-2.45
-0.01,-0.01,2.07,-0.43,2.7,-0.26,-0.22,-0.3
-0.08,0.03,2.05,-0.57,2.59,-0.12,-2.1,0.89
-0.09,0.04,2.05,-0.77,2.42,0.1,-2.51,0.99
-0.06,0.01,2.04,-0.97,2.21,0.31,-1.56,0.37
0.05,-0.04,2.05,-1.19,1.97,0.55,1.42,-1.13
0.19,-0.12,2.04,-1.35,1.71,0.76,5.34,-3.31
0.35,-0.19,2.03,-1.42,1.43,0.92,9.69,-5.32
0.5,-0.25,1.99,-1.46,1.21,1.03,13.91,-7.0
0.61,-0.31,1.95,-1.46,1.06,1.09,17.18,-8.64
0.68,-0.34,1.89,-1.37,0.91,1.1,19.36,-9.56
0.75,-0.36,1.85,-1.29,0.82,1.08,21.69,-10.26
0.78,-0.37,1.78,-1.2,0.81,1.02,23.32,-10.71
0.82,-0.37,1.74,-1.07,0.84,0.91,24.76,-10.79
0.81,-0.35,1.69,-0.94,0.88,0.81,25.27,-10.68
0.77,-0.34,1.64,-0.78,0.95,0.68,24.79,-10.72
0.71,-0.31,1.6,-0.65,1.05,0.56,23.71,-10.16
0.63,-0.27,1.56,-0.55,1.19,0.45,21.68,-9.28
0.54,-0.23,1.51,-0.47,1.32,0.36,19.62,-8.2
0.46,-0.2,1.49,-0.41,1.44,0.28,16.93,-7.38
0.36,-0.18,1.5,-0.37,1.54,0.25,13.29,-6.49
0.26,-0.18,1.54,-0.4,1.69,0.27,9.61,-6.41
0.18,-0.19,1.6,-0.36,1.76,0.33,6.55,-6.58
0.12,-0.21,1.63,-0.38,1.86,0.44,4.3,-7.36
0.08,-0.23,1.64,-0.4,1.93,0.57,2.76,-8.03
0.06,-0.25,1.6,-0.46,2.03,0.7,2.14,-8.84
0.08,-0.25,1.55,-0.53,2.04,0.86,2.75,-9.07
0.12,-0.22,1.46,-0.61,2.0,0.98,4.83,-8.57
0.2,-0.2,1.36,-0.7,1.88,1.09,8.11,-8.14
0.27,-0.18,1.28,-0.81,1.71,1.14,11.62,-8.02
0.34,-0.18,1.21,-0.94,1.47,1.17,15.34,-8.08
0.39,-0.19,1.18,-1.02,1.22,1.18,18.06,-8.59
0.44,-0.21,1.16,-1.09,0.98,1.16,20.33,-9.4
0.46,-0.22,1.14,-1.11,0.73,1.12,21.69,-10.07
0.48,-0.23,1.1,-1.15,0.57,1.08,23.22,-10.71
0.5,-0.22,1.07,-1.15,0.45,1.02,24.36,-10.58
0.51,-0.21,1.05,-1.16,0.37,0.96,25.31,-10.27
0.52,-0.2,1.04,-1.15,0.31,0.87,26.32,-9.68
0.55,-0.19,1.04,-1.18,0.3,0.79,27.38,-9.02
0.56,-0.18,1.04,-1.13,0.23,0.71,28.19,-8.49
0.58,-0.17,1.04,-1.08,0.15,0.61,28.72,-8.03
0.58,-0.15,1.05,-1.04,0.09,0.51,28.84,-7.19
0.57,-0.13,1.04,-0.98,-0.03,0.45,28.45,-6.04
0.56,-0.1,1.03,-0.91,-0.1,0.36,28.21,-4.97
0.53,-0.08,1.04,-0.82,-0.17,0.26,27.04,-3.91
0.52,-0.06,1.06,-0.74,-0.22,0.19,26.06,-2.82
0.49,-0.05,1.08,-0.66,-0.21,0.1,24.34,-2.2
0.46,-0.03,1.11,-0.56,-0.21,0.03,22.66,-1.32
0.42,-0.02,1.15,-0.45,-0.19,-0.02,20.19,-1.05
0.39,0.0,1.18,-0.36,-0.15,-0.06,18.38,0.12
0.37,0.01,1.21,-0.26,-0.05,-0.08,16.86,0.24
0.36,0.01,1.22,-0.15,0.01,-0.09,16.37,0.53
0.32,0.02,1.23,-0.05,0.09,-0.09,14.48,1.07
0.31,0.03,1.23,0.07,0.14,-0.07,14.08,1.56
0.29,0.04,1.21,0.16,0.24,-0.07,13.24,1.72
0.28,0.03,1.19,0.24,0.28,-0.05,13.25,1.39
0.26,0.03,1.16,0.32,0.32,-0.03,12.78,1.56
0.25,0.02,1.12,0.39,0.32,-0.02,12.62,1.24
0.23,0.02,1.09,0.46,0.34,-0.04,12.13,0.96
0.21,0.01,1.06,0.51,0.35,-0.04,11.42,0.43
0.18,0.0,1.05,0.55,0.33,-0.05,9.99,0.02
0.15,-0.01,1.03,0.57,0.3,-0.05,8.52,-0.46
0.13,-0.02,1.01,0.59,0.28,-0.05,7.1,-0.86
0.09,-0.01,1.01,0.59,0.26,-0.05,5.0,-0.84
0.07,-0.02,1.0,0.58,0.22,-0.04,3.87,-1.02
0.04,-0.03,0.99,0.57,0.16,-0.02,2.06,-1.7
0.01,-0.03,0.97,0.56,0.13,-0.01,0.67,-1.63
-0.01,-0.04,0.95,0.51,0.12,-0.0,-0.57,-2.23
-0.02,-0.04,0.94,0.49,0.07,0.02,-1.51,-2.28
-0.03,-0.04,0.93,0.45,0.03,0.03,-1.76,-2.75
-0.04,-0.04,0.93,0.41,0.01,0.02,-2.56,-2.64
-0.04,-0.05,0.93,0.35,-0.02,0.04,-2.41,-3.17
-0.04,-0.05,0.92,0.3,-0.01,0.03,-2.65,-3.32
-0.05,-0.06,0.92,0.28,-0.05,0.03,-2.79,-3.59
-0.05,-0.05,0.92,0.23,-0.07,0.02,-3.25,-3.26
-0.07,-0.05,0.92,0.18,-0.08,0.02,-4.06,-3.04
-0.07,-0.05,0.92,0.15,-0.11,0.03,-4.16,-3.17
-0.07,-0.05,0.92,0.12,-0.14,0.04,-4.38,-3.18
-0.07,-0.05,0.92,0.09,-0.16,0.03,-4.14,-3.25
-0.07,-0.05,0.92,0.04,-0.16,0.03,-4.12,-3.08
-0.06,-0.05,0.94,0.0,-0.19,0.03,-3.76,-2.95
-0.07,-0.05,0.94,-0.02,-0.21,0.03,-3.95,-3.09
-0.06,-0.04,0.96,-0.04,-0.24,0.03,-3.51,-2.47
-0.06,-0.04,0.96,-0.05,-0.26,0.02,-3.72,-2.08
-0.07,-0.03,0.98,-0.07,-0.3,0.04,-3.82,-1.91
-0.07,-0.02,0.99,-0.06,-0.33,0.05,-4.08,-1.08
-0.07,-0.02,0.99,-0.07,-0.36,0.06,-3.96,-1.32
-0.07,-0.02,0.99,-0.07,-0.35,0.07,-3.91,-1.12
-0.07,-0.01,0.99,-0.07,-0.34,0.07,-3.85,-0.85
-0.05,-0.02,0.99,-0.05,-0.33,0.06,-3.11,-0.95
-0.05,-0.02,0.98,-0.04,-0.32,0.06,-2.87,-1.06
-0.04,-0.02,0.97,-0.02,-0.26,0.04,-2.5,-1.18
-0.04,-0.02,0.97,-0.01,-0.2,0.03,-2.07,-1.35
-0.04,-0.01,0.97,0.02,-0.15,0.01,-2.34,-0.81
-0.04,-0.01,0.97,0.04,-0.1,-0.02,-2.19,-0.69
-0.03,-0.01,0.97,0.06,-0.02,-0.04,-1.69,-0.63
-0.04,-0.01,0.97,0.06,0.06,-0.06,-2.22,-0.75
-0.05,-0.0,0.96,0.1,0.1,-0.08,-2.93,-0.12
-0.07,-0.0,0.96,0.1,0.15,-0.09,-3.9,-0.15
-0.08,0.01,0.96,0.1,0.19,-0.11,-5.01,0.41
-0.1,0.01,0.96,0.07,0.22,-0.11,-5.96,0.42
-0.12,0.02,0.96,0.05,0.2,-0.09,-7.12,0.91
-0.12,0.02,0.96,0.01,0.2,-0.06,-7.3,1.33
-0.13,0.02,0.97,0.01,0.17,-0.05,-7.38,1.37
-0.13,0.02,0.97,-0.06,0.17,-0.03,-7.43,1.46
-0.12,0.03,1.0,-0.09,0.12,0.0,-6.9,1.52
-0.11,0.02,0.99,-0.13,0.08,0.03,-6.5,1.26
-0.11,0.03,1.0,-0.16,0.03,0.05,-6.06,1.66
-0.1,0.03,1.0,-0.23,0.03,0.08,-5.64,1.48
-0.08,0.01,1.0,-0.26,-0.01,0.11,-4.59,0.59
-0.05,0.0,1.0,-0.27,-0.04,0.13,-3.09,0.25
-0.04,0.0,1.0,-0.3,-0.04,0.15,-2.4,0.05
-0.01,0.0,1.01,-0.31,-0.04,0.16,-0.51,0.02
0.02,-0.01,1.01,-0.32,-0.02,0.17,1.21,-0.3
0.03,-0.01,1.0,-0.32,-0.01,0.17,1.73,-0.38
0.06,-0.01,1.0,-0.31,-0.01,0.15,3.18,-0.74
0.07,-0.01,1.01,-0.32,0.02,0.15,4.22,-0.36
0.08,-0.01,1.03,-0.31,0.03,0.13,4.7,-0.72
0.1,-0.01,1.03,-0.29,0.04,0.11,5.7,-0.77
0.11,-0.02,1.04,-0.26,0.03,0.11,5.95,-0.9
0.12,-0.02,1.05,-0.25,0.07,0.09,6.8,-1.11
0.13,-0.03,1.05,-0.26,0.04,0.1,6.8,-1.54
0.12,-0.02,1.05,-0.22,0.05,0.08,6.25,-1.35
0.11,-0.02,1.06,-0.19,0.04,0.06,5.87,-1.3
0.11,-0.03,1.07,-0.2,0.05,0.06,5.72,-1.4
0.13,-0.04,1.09,-0.2,0.07,0.06,6.59,-1.98
0.14,-0.05,1.11,-0.19,0.04,0.06,7.07,-2.48
0.17,-0.06,1.15,-0.16,0.01,0.06,8.26,-2.84
0.19,-0.07,1.17,-0.14,0.01,0.05,9.26,-3.26
0.22,-0.08,1.16,-0.13,0.01,0.05,10.85,-3.75
0.25,-0.09,1.15,-0.07,0.01,0.04,12.06,-4.15
0.28,-0.08,1.14,-0.03,-0.0,0.02,13.76,-4.07
0.31,-0.07,1.12,0.0,-0.02,-0.0,15.36,-3.45
0.32,-0.07,1.12,0.05,-0.01,-0.05,16.05,-3.38
0.31,-0.08,1.11,0.09,-0.05,-0.09,15.51,-3.81
0.29,-0.09,1.11,0.09,-0.11,-0.12,14.62,-4.35
0.26,-0.08,1.09,0.08,-0.16,-0.16,13.37,-4.28
0.24,-0.07,1.08,0.03,-0.22,-0.19,12.68,-3.52
0.25,-0.06,1.07,-0.01,-0.31,-0.19,13.36,-2.97
0.26,-0.05,1.06,-0.06,-0.4,-0.2,13.85,-2.68
0.27,-0.04,1.08,-0.14,-0.49,-0.21,14.27,-1.94
0.3,-0.02,1.12,-0.19,-0.56,-0.21,15.21,-0.99
0.35,-0.02,1.17,-0.21,-0.63,-0.21,16.41,-0.85
0.39,-0.03,1.22,-0.21,-0.65,-0.19,17.62,-1.27
0.41,-0.04,1.26,-0.19,-0.66,-0.2,17.95,-1.67
0.42,-0.04,1.3,-0.15,-0.64,-0.2,18.01,-1.69
0.41,-0.04,1.33,-0.14,-0.61,-0.19,17.15,-1.58
0.38,-0.04,1.35,-0.13,-0.59,-0.17,15.73,-1.76
0.36,-0.04,1.38,-0.14,-0.61,-0.12,14.46,-1.64
0.35,-0.05,1.41,-0.17,-0.62,-0.09,13.81,-2.05
0.36,-0.05,1.44,-0.2,-0.67,-0.01,14.21,-1.94
0.39,-0.06,1.46,-0.22,-0.73,0.03,14.91,-2.29
0.42,-0.06,1.46,-0.23,-0.82,0.09,16.04,-2.36
0.46,-0.07,1.47,-0.22,-0.92,0.12,17.43,-2.53
0.51,-0.08,1.48,-0.18,-1.02,0.16,19.08,-2.81
0.57,-0.1,1.49,-0.13,-1.13,0.16,20.89,-3.76
0.62,-0.12,1.49,-0.04,-1.22,0.15,22.53,-4.15
0.66,-0.13,1.48,0.06,-1.25,0.09,23.8,-4.55
0.66,-0.14,1.48,0.19,-1.28,0.04,24.11,-4.9
0.65,-0.14,1.46,0.31,-1.29,-0.04,23.72,-4.87
0.58,-0.12,1.45,0.45,-1.28,-0.13,21.85,-4.38
0.52,-0.12,1.45,0.54,-1.24,-0.2,19.82,-4.41
0.46,-0.1,1.46,0.6,-1.2,-0.27,17.36,-3.7
0.39,-0.1,1.47,0.64,-1.15,-0.3,14.91,-3.78
0.33,-0.09,1.49,0.68,-1.12,-0.32,12.54,-3.5
0.27,-0.09,1.5,0.69,-1.1,-0.32,10.36,-3.22
0.23,-0.09,1.49,0.69,-1.1,-0.29,8.87,-3.49
0.2,-0.09,1.48,0.67,-1.15,-0.25,7.78,-3.37
0.18,-0.1,1.49,0.67,-1.23,-0.21,6.78,-3.68
0.14,-0.09,1.49,0.65,-1.35,-0.16,5.4,-3.56
0.13,-0.09,1.49,0.63,-1.47,-0.09,4.81,-3.51
0.13,-0.1,1.48,0.61,-1.61,-0.02,4.92,-3.81
0.14,-0.11,1.45,0.6,-1.71,0.02,5.42,-4.33
0.16,-0.11,1.43,0.62,-1.82,0.04,6.37,-4.55
0.2,-0.13,1.41,0.6,-1.85,0.05,7.88,-5.11
0.22,-0.14,1.39,0.65,-1.87,0.02,9.08,-5.6
0.23,-0.15,1.38,0.7,-1.87,-0.02,9.49,-5.97
0.21,-0.14,1.36,0.75,-1.83,-0.07,8.65,-5.99
0.18,-0.14,1.36,0.79,-1.77,-0.14,7.4,-5.65
0.14,-0.12,1.37,0.83,-1.74,-0.18,5.62,-5.05
0.1,-0.11,1.38,0.88,-1.7,-0.22,4.09,-4.56
0.05,-0.11,1.39,0.92,-1.68,-0.24,1.96,-4.37
0.01,-0.1,1.38,0.94,-1.66,-0.25,0.55,-3.98
-0.02,-0.09,1.36,0.96,-1.64,-0.26,-0.85,-3.68
-0.05,-0.07,1.34,0.99,-1.64,-0.25,-2.33,-3.17
-0.09,-0.06,1.32,1.0,-1.65,-0.24,-3.74,-2.74
-0.11,-0.07,1.3,1.0,-1.64,-0.25,-4.72,-2.89
-0.12,-0.06,1.27,1.02,-1.64,-0.23,-5.2,-2.81
-0.14,-0.05,1.24,1.01,-1.66,-0.23,-6.34,-2.46
-0.15,-0.05,1.23,1.01,-1.67,-0.23,-6.8,-2.32
-0.17,-0.04,1.2,0.99,-1.66,-0.23,-8.19,-1.96
-0.18,-0.04,1.17,0.97,-1.67,-0.22,-8.74,-1.83
-0.21,-0.03,1.14,0.94,-1.68,-0.23,-10.55,-1.54
-0.24,-0.02,1.12,0.92,-1.7,-0.21,-12.37,-1.06
-0.28,-0.0,1.1,0.85,-1.69,-0.2,-14.33,-0.24
-0.3,0.02,1.08,0.75,-1.73,-0.17,-15.64,0.86
-0.31,0.03,1.07,0.69,-1.77,-0.11,-16.36,1.7
-0.3,0.03,1.06,0.62,-1.81,-0.06,-15.96,1.79
-0.3,0.04,1.05,0.54,-1.85,-0.03,-16.2,1.86
-0.29,0.04,1.05,0.46,-1.86,0.02,-15.44,1.96
-0.26,0.03,1.05,0.4,-1.88,0.06,-13.63,1.74
-0.22,0.03,1.07,0.36,-1.91,0.08,-11.39,1.4
-0.17,0.0,1.08,0.34,-1.9,0.1,-8.91,0.23
-0.15,-0.01,1.08,0.32,-1.86,0.06,-7.79,-0.53
-0.14,-0.02,1.08,0.33,-1.84,0.05,-7.52,-1.21
-0.15,-0.02,1.07,0.34,-1.83,0.03,-8.13,-1.07
-0.16,-0.0,1.06,0.33,-1.8,0.01,-8.6,-0.19
-0.16,0.01,1.06,0.31,-1.75,0.0,-8.62,0.41
-0.16,0.01,1.06,0.32,-1.74,-0.01,-8.77,0.6
-0.18,0.02,1.06,0.32,-1.74,-0.02,-9.58,1.0
-0.21,0.03,1.04,0.31,-1.72,-0.04,-11.31,1.54
-0.22,0.05,1.04,0.26,-1.74,-0.03,-11.8,2.7
-0.24,0.06,1.02,0.23,-1.73,-0.03,-13.03,3.01
-0.24,0.06,1.03,0.19,-1.73,-0.03,-13.13,3.25
-0.24,0.06,1.01,0.16,-1.74,-0.02,-13.55,3.42
-0.27,0.07,1.02,0.12,-1.73,-0.02,-14.61,3.98
-0.27,0.08,1.03,0.09,-1.74,-0.02,-14.77,4.35
-0.28,0.09,1.05,0.06,-1.74,-0.01,-15.08,4.61
-0.28,0.09,1.07,0.05,-1.74,-0.01,-14.44,4.58
-0.29,0.11,1.08,0.05,-1.71,-0.02,-15.05,5.41
-0.32,0.12,1.12,0.05,-1.71,-0.01,-15.67,5.75
-0.33,0.12,1.14,0.06,-1.73,0.02,-16.21,5.95
-0.34,0.12,1.15,0.08,-1.72,0.05,-16.36,5.78
-0.33,0.12,1.14,0.11,-1.73,0.09,-16.21,5.59
-0.32,0.11,1.13,0.13,-1.73,0.12,-15.59,5.44
-0.3,0.11,1.11,0.15,-1.75,0.13,-15.04,5.35
-0.28,0.11,1.09,0.18,-1.76,0.13,-14.17,5.48
-0.26,0.11,1.09,0.2,-1.73,0.12,-13.52,5.52
-0.26,0.1,1.08,0.21,-1.69,0.12,-13.7,5.09
-0.28,0.1,1.08,0.22,-1.68,0.11,-14.29,5.34
-0.28,0.11,1.07,0.24,-1.68,0.11,-14.54,5.61
-0.29,0.11,1.06,0.26,-1.64,0.1,-15.19,5.75
-0.3,0.12,1.07,0.27,-1.62,0.12,-15.81,5.98
-0.31,0.11,1.06,0.28,-1.57,0.13,-16.49,5.76
-0.31,0.1,1.04,0.29,-1.55,0.14,-16.63,5.44
-0.3,0.1,1.03,0.3,-1.51,0.15,-16.34,5.13
-0.3,0.09,1.01,0.3,-1.45,0.16,-16.52,4.87
-0.29,0.08,0.99,0.3,-1.43,0.18,-16.47,4.57
-0.29,0.08,0.97,0.29,-1.47,0.19,-16.69,4.5
-0.29,0.08,0.95,0.28,-1.39,0.18,-16.88,4.75
-0.3,0.09,0.94,0.26,-1.35,0.19,-17.52,5.4
-0.31,0.1,0.95,0.25,-1.39,0.22,-18.19,5.5
-0.31,0.1,0.95,0.22,-1.41,0.25,-18.05,5.61
-0.3,0.09,0.95,0.25,-1.45,0.29,-17.18,5.21
-0.28,0.07,0.94,0.22,-1.45,0.32,-16.46,4.28
-0.26,0.06,0.92,0.23,-1.48,0.34,-15.7,3.37
-0.24,0.05,0.92,0.24,-1.49,0.34,-14.48,2.95
-0.21,0.05,0.91,0.24,-1.47,0.34,-13.11,2.76
-0.19,0.04,0.93,0.23,-1.42,0.32,-11.2,2.41
-0.18,0.03,0.94,0.23,-1.38,0.31,-10.51,1.78
-0.18,0.02,0.95,0.27,-1.36,0.29,-10.63,1.13
-0.18,0.02,0.95,0.28,-1.34,0.26,-10.51,1.23
-0.16,0.02,0.95,0.3,-1.32,0.24,-9.8,1.28
-0.17,0.02,0.95,0.33,-1.28,0.22,-10.19,1.26
-0.18,0.02,0.94,0.35,-1.28,0.21,-11.1,0.99
-0.2,0.0,0.92,0.37,-1.27,0.2,-12.1,0.27
-0.2,0.01,0.9,0.37,-1.26,0.19,-12.8,0.39
-0.19,0.02,0.88,0.38,-1.24,0.19,-11.97,0.98
-0.17,0.02,0.88,0.39,-1.23,0.18,-11.26,1.1
-0.17,0.02,0.87,0.39,-1.24,0.18,-11.17,1.33
-0.18,0.03,0.86,0.38,-1.23,0.16,-12.08,1.95
-0.19,0.04,0.87,0.38,-1.25,0.16,-12.31,2.54
-0.19,0.05,0.88,0.37,-1.25,0.16,-12.1,3.1
-0.18,0.04,0.88,0.39,-1.29,0.18,-11.71,2.69
-0.16,0.03,0.89,0.42,-1.29,0.17,-10.45,1.99
-0.16,0.04,0.87,0.43,-1.27,0.16,-10.16,2.4
-0.15,0.03,0.87,0.46,-1.27,0.16,-9.98,2.18
-0.16,0.02,0.84,0.47,-1.26,0.14,-10.95,1.53
-0.17,0.02,0.84,0.47,-1.22,0.12,-11.45,1.61
-0.16,0.03,0.84,0.45,-1.16,0.1,-10.68,1.93
-0.16,0.03,0.82,0.48,-1.13,0.09,-10.81,2.29
-0.15,0.04,0.81,0.47,-1.08,0.08,-10.76,2.63
-0.16,0.03,0.78,0.46,-1.05,0.06,-11.62,2.48
-0.16,0.04,0.77,0.47,-1.0,0.05,-11.72,2.73
-0.15,0.04,0.76,0.43,-0.98,0.05,-11.51,2.76
-0.15,0.04,0.74,0.43,-0.96,0.03,-11.63,3.41
-0.15,0.05,0.72,0.41,-0.94,0.03,-12.06,3.81
-0.16,0.06,0.71,0.37,-0.92,0.02,-12.98,4.96
-0.18,0.07,0.71,0.32,-0.94,0.04,-14.14,5.74
-0.21,0.08,0.7,0.31,-0.96,0.06,-16.42,6.11
-0.23,0.08,0.69,0.27,-1.02,0.11,-18.49,5.92
-0.25,0.08,0.69,0.21,-1.06,0.15,-19.54,6.25
-0.25,0.09,0.7,0.16,-1.13,0.2,-19.39,6.57
-0.24,0.07,0.71,0.1,-1.19,0.26,-18.71,5.51
-0.22,0.05,0.72,0.04,-1.2,0.31,-16.89,4.19
-0.19,0.04,0.73,0.01,-1.21,0.33,-14.88,2.92
-0.16,0.04,0.73,-0.03,-1.23,0.37,-12.51,3.04
-0.14,0.03,0.76,-0.04,-1.24,0.38,-10.17,2.5
-0.11,0.03,0.78,-0.08,-1.24,0.39,-8.09,1.92
-0.09,0.02,0.81,-0.09,-1.18,0.37,-6.17,1.44
-0.06,0.02,0.83,-0.08,-1.13,0.35,-4.32,1.22
-0.06,0.02,0.86,-0.05,-1.08,0.33,-3.82,1.2
-0.06,0.01,0.85,-0.02,-1.0,0.3,-4.04,0.57
-0.06,0.01,0.83,0.02,-0.9,0.26,-4.08,0.5
-0.06,0.02,0.81,0.03,-0.79,0.25,-4.28,1.74
-0.08,0.04,0.77,0.02,-0.71,0.25,-5.7,2.91
-0.1,0.06,0.74,-0.0,-0.65,0.26,-7.33,4.48
-0.11,0.08,0.73,-0.05,-0.6,0.28,-8.84,6.03
-0.13,0.07,0.73,-0.1,-0.58,0.33,-9.86,5.27
-0.12,0.07,0.74,-0.15,-0.59,0.39,-9.47,5.39
-0.1,0.08,0.8,-0.21,-0.64,0.44,-6.73,5.8
-0.08,0.07,0.84,-0.24,-0.68,0.48,-5.4,4.93
-0.06,0.07,0.88,-0.25,-0.77,0.51,-4.0,4.28
-0.04,0.04,0.91,-0.26,-0.84,0.55,-2.72,2.53
-0.01,0.03,0.95,-0.25,-0.92,0.56,-0.32,1.67
0.03,0.01,0.96,-0.23,-0.96,0.54,1.61,0.47
0.05,-0.01,0.98,-0.24,-0.98,0.52,2.89,-0.62
0.06,-0.01,0.99,-0.22,-0.99,0.49,3.65,-0.63
0.06,-0.01,1.01,-0.18,-1.01,0.44,3.63,-0.83
0.06,-0.02,1.03,-0.15,-1.01,0.41,3.52,-0.92
0.07,-0.02,1.06,-0.1,-0.98,0.36,3.76,-1.1
0.07,-0.02,1.06,-0.01,-0.88,0.18,3.76,-0.89
0.07,-0.01,1.06,-0.02,-0.99,0.26,3.61,-0.53
0.06,-0.0,1.06,0.04,-1.02,0.21,3.43,-0.03
0.06,0.0,1.05,0.1,-1.0,0.17,3.12,0.12
0.05,0.01,1.03,0.17,-0.99,0.12,2.98,0.52
0.05,0.02,1.0,0.23,-0.99,0.09,2.93,0.93
0.04,0.03,0.97,0.28,-0.98,0.07,2.37,1.82
0.03,0.04,0.93,0.3,-0.94,0.03,2.0,2.18
0.02,0.06,0.89,0.33,-0.93,0.01,1.53,3.58
0.03,0.07,0.87,0.36,-0.9,-0.0,1.88,4.78
0.01,0.09,0.86,0.4,-0.87,-0.0,0.63,5.68
0.02,0.09,0.85,0.43,-0.85,-0.0,1.47,6.25
0.02,0.09,0.86,0.47,-0.79,-0.01,1.59,6.26
0.03,0.09,0.83,0.54,-0.75,-0.01,1.73,6.48
0.03,0.08,0.82,0.6,-0.71,-0.01,2.07,5.52
0.06,0.08,0.78,0.64,-0.61,-0.03,4.11,6.16
0.07,0.08,0.75,0.69,-0.53,-0.04,5.59,5.85
0.08,0.08,0.72,0.73,-0.44,-0.04,6.09,6.38
0.1,0.08,0.7,0.74,-0.35,-0.05,7.94,6.24
0.11,0.08,0.66,0.74,-0.22,-0.06,9.38,6.44
0.14,0.08,0.64,0.79,-0.14,-0.05,11.81,7.22
0.15,0.08,0.61,0.78,-0.04,-0.06,13.39,7.24
0.18,0.08,0.57,0.77,0.05,-0.05,16.93,7.87
0.2,0.08,0.55,0.74,0.14,-0.06,19.39,8.02
0.22,0.08,0.53,0.7,0.21,-0.06,22.05,8.26
0.23,0.09,0.51,0.65,0.22,-0.05,23.79,9.58
0.23,0.11,0.49,0.6,0.2,-0.02,24.62,11.03
0.23,0.11,0.48,0.53,0.14,0.01,24.87,12.03
0.23,0.13,0.47,0.45,0.05,0.05,25.04,13.72
0.22,0.14,0.46,0.35,-0.11,0.12,24.54,15.13
0.22,0.15,0.45,0.25,-0.27,0.18,25.23,17.0
0.23,0.14,0.48,0.17,-0.44,0.26,25.19,14.81
0.26,0.12,0.51,0.08,-0.57,0.3,26.42,11.49
0.3,0.09,0.55,-0.01,-0.67,0.35,28.16,8.02
0.33,0.06,0.59,-0.07,-0.75,0.33,29.1,5.22
0.35,0.05,0.63,-0.1,-0.77,0.3,29.25,4.08
0.36,0.04,0.65,-0.14,-0.74,0.26,28.71,3.25
0.35,0.04,0.66,-0.17,-0.69,0.22,27.98,3.33
0.32,0.05,0.66,-0.18,-0.61,0.16,25.93,3.6
0.3,0.05,0.67,-0.18,-0.5,0.1,23.66,3.79
0.26,0.06,0.68,-0.2,-0.4,0.06,20.83,4.55
0.22,0.07,0.68,-0.21,-0.3,0.03,17.82,5.97
0.18,0.08,0.68,-0.24,-0.19,0.02,15.05,6.32
0.15,0.09,0.69,-0.25,-0.14,0.03,12.3,7.32
0.12,0.11,0.69,-0.27,-0.07,0.04,9.69,8.97
0.09,0.13,0.71,-0.27,-0.04,0.07,6.95,10.2
0.06,0.14,0.74,-0.26,-0.04,0.11,4.85,10.34
0.05,0.13,0.77,-0.25,-0.05,0.15,3.52,9.56
0.05,0.12,0.8,-0.22,-0.01,0.18,3.55,8.3
0.08,0.1,0.82,-0.21,0.03,0.21,5.69,7.08
0.1,0.09,0.82,-0.18,0.06,0.22,6.71,6.22
0.12,0.09,0.81,-0.17,0.12,0.23,8.17,6.01
0.14,0.06,0.8,-0.14,0.18,0.23,10.14,4.35
0.17,0.05,0.78,-0.16,0.24,0.21,12.14,3.59
0.18,0.05,0.75,-0.19,0.29,0.18,13.78,3.62
0.17,0.06,0.72,-0.25,0.31,0.15,13.41,4.56
0.15,0.08,0.69,-0.33,0.32,0.15,12.55,6.05
0.12,0.09,0.69,-0.45,0.32,0.15,10.15,7.02
0.08,0.1,0.71,-0.54,0.25,0.18,6.48,7.75
0.04,0.1,0.74,-0.62,0.18,0.2,2.78,7.91
0.03,0.09,0.77,-0.68,0.13,0.23,1.85,6.73
0.01,0.08,0.82,-0.74,0.08,0.28,0.69,5.77
0.01,0.06,0.88,-0.76,0.08,0.29,0.44,3.89
-0.02,0.05,0.92,-0.74,0.06,0.3,-1.52,3.21
-0.05,0.03,0.96,-0.71,0.07,0.31,-2.92,2.03
-0.06,0.03,1.0,-0.68,0.12,0.32,-3.44,1.85
-0.07,0.02,1.03,-0.61,0.13,0.34,-3.69,1.33
-0.08,0.03,1.08,-0.52,0.16,0.32,-4.19,1.48
-0.08,0.02,1.1,-0.4,0.18,0.33,-4.23,1.23
-0.09,0.01,1.11,-0.3,0.26,0.32,-4.56,0.74
-0.09,0.01,1.13,-0.18,0.3,0.33,-4.29,0.49
-0.06,0.0,1.14,-0.03,0.36,0.32,-3.1,0.21
-0.03,-0.01,1.14,0.12,0.4,0.33,-1.27,-0.37
0.01,-0.0,1.11,0.26,0.48,0.3,0.45,-0.25
0.04,-0.02,1.09,0.41,0.52,0.28,2.01,-0.83
0.08,-0.02,1.05,0.59,0.75,0.1,4.2,-0.9
0.1,-0.02,1.02,0.64,0.63,0.22,5.76,-0.96
0.14,-0.02,0.98,0.7,0.71,0.19,8.38,-1.15
0.17,-0.02,0.94,0.8,0.76,0.16,10.37,-1.3
0.2,-0.02,0.88,0.88,0.79,0.14,12.9,-1.28
0.24,-0.04,0.83,0.92,0.82,0.12,16.18,-2.37
0.29,-0.04,0.75,0.94,0.81,0.09,20.75,-2.62
0.33,-0.04,0.67,0.92,0.77,0.06,26.59,-2.87
0.38,-0.03,0.6,0.87,0.7,0.03,32.34,-2.09
0.41,-0.01,0.55,0.8,0.59,-0.01,36.84,-1.12
0.43,-0.01,0.51,0.71,0.52,-0.04,40.38,-0.65
0.45,0.0,0.47,0.61,0.44,-0.07,43.96,0.42
0.46,0.0,0.43,0.51,0.34,-0.11,46.39,0.25
0.45,0.01,0.4,0.41,0.25,-0.15,48.59,0.49
0.45,0.02,0.37,0.29,0.18,-0.2,50.04,1.62
0.43,0.04,0.35,0.18,0.13,-0.23,50.48,3.94
0.41,0.04,0.35,0.08,0.08,-0.26,49.3,4.2
0.38,0.05,0.34,-0.03,0.05,-0.28,47.5,5.8
0.35,0.05,0.34,-0.11,0.02,-0.3,45.89,5.97
0.33,0.06,0.34,-0.18,0.03,-0.31,43.34,7.22
0.29,0.06,0.35,-0.22,0.03,-0.32,39.28,7.85
0.27,0.07,0.36,-0.22,0.05,-0.34,36.35,8.23
0.24,0.07,0.37,-0.22,0.1,-0.35,32.19,8.82
0.21,0.06,0.39,-0.2,0.17,-0.37,28.05,7.92
0.19,0.05,0.39,-0.15,0.25,-0.38,26.2,6.6
0.18,0.04,0.38,-0.07,0.34,-0.39,25.88,5.92
0.18,0.03,0.36,-0.0,0.45,-0.41,26.05,4.86
0.18,0.03,0.32,0.09,0.57,-0.43,28.87,5.0
0.18,0.03,0.28,0.16,0.65,-0.45,32.66,5.02
0.19,0.03,0.25,0.23,0.75,-0.49,37.37,6.36
0.2,0.04,0.21,0.27,0.81,-0.51,42.27,8.05
0.2,0.04,0.19,0.31,0.9,-0.54,46.35,9.18
0.2,0.04,0.16,0.35,0.98,-0.56,50.18,9.26
0.19,0.04,0.14,0.4,1.03,-0.59,52.38,10.17
0.19,0.05,0.13,0.45,1.09,-0.62,54.33,11.83
0.18,0.04,0.1,0.49,1.18,-0.66,59.14,9.85
0.18,0.03,0.09,0.55,1.24,-0.7,61.38,9.18
0.17,0.03,0.1,0.6,1.35,-0.76,58.1,8.07
0.18,0.03,0.07,0.68,1.45,-0.82,66.81,8.55
0.17,0.04,0.06,0.74,1.56,-0.88,66.57,12.16
0.16,0.02,0.06,0.82,1.67,-0.96,68.94,4.99
0.19,0.04,-0.02,0.87,1.79,-1.04,76.7,11.55
0.17,0.03,-0.04,0.91,1.89,-1.15,72.34,10.41
0.15,0.01,-0.06,0.96,2.01,-1.25,68.95,3.79
0.12,0.0,-0.11,1.01,2.14,-1.35,49.16,0.34
0.09,0.01,-0.15,1.06,2.24,-1.45,30.56,3.61
0.06,0.03,-0.22,1.06,2.35,-1.53,14.37,7.62
0.05,0.05,-0.27,1.05,2.45,-1.61,9.28,10.49
0.02,0.07,-0.33,0.99,2.58,-1.7,3.8,12.17
-0.01,0.1,-0.39,0.89,2.68,-1.78,-1.09,14.68
-0.06,0.14,-0.44,0.78,2.76,-1.86,-6.76,17.5
-0.13,0.18,-0.47,0.63,2.81,-1.93,-14.6,20.63
-0.21,0.24,-0.48,0.43,2.84,-1.99,-21.66,24.18
-0.31,0.26,-0.48,0.25,2.81,-2.01,-29.61,24.38
-0.41,0.29,-0.45,0.05,2.76,-2.03,-37.95,25.14
-0.51,0.31,-0.38,-0.13,2.65,-2.02,-46.32,25.58
-0.58,0.3,-0.29,-0.29,2.53,-2.0,-54.16,24.92
-0.64,0.26,-0.23,-0.43,2.45,-1.97,-61.61,21.1
-0.68,0.22,-0.19,-0.52,2.39,-1.98,-66.68,17.63
-0.69,0.23,-0.17,-0.59,2.38,-2.03,-67.88,17.49
-0.74,0.26,-0.16,-0.72,2.47,-2.07,-67.66,18.91
-0.81,0.31,-0.18,-0.86,2.58,-2.1,-66.43,20.26
-0.89,0.36,-0.18,-1.01,2.95,-2.34,-65.82,21.61
-0.99,0.41,-0.14,-1.3,2.89,-2.15,-66.63,22.11
-1.11,0.46,-0.05,-1.58,3.05,-2.16,-67.57,22.28
-1.23,0.49,0.08,-1.86,3.15,-2.1,-67.94,21.8
-1.33,0.52,0.23,-2.14,3.2,-2.02,-66.86,21.06
-1.4,0.5,0.4,-2.34,3.21,-1.89,-65.14,19.14
-1.47,0.48,0.63,-2.55,3.24,-1.76,-61.6,16.89
-1.49,0.46,0.87,-2.68,3.23,-1.6,-56.73,14.77
-1.47,0.46,1.05,-2.75,3.21,-1.44,-52.2,14.27
-1.45,0.38,1.3,-2.78,3.21,-1.29,-46.84,11.06
-1.38,0.26,1.56,-2.69,3.29,-1.17,-41.05,7.25
-1.26,0.17,1.76,-2.5,3.38,-1.07,-35.49,4.56
-1.13,0.12,1.87,-2.27,3.55,-1.02,-30.99,3.24
-1.02,0.12,1.9,-2.04,3.74,-1.0,-28.19,3.25
-0.98,0.15,1.85,-1.86,3.92,-0.98,-27.85,4.14
-1.01,0.18,1.74,-1.77,4.13,-0.98,-29.91,5.05
-1.07,0.24,1.59,-1.8,4.23,-0.93,-33.79,7.1
-1.12,0.27,1.5,-1.95,4.28,-0.86,-36.23,8.34
-1.14,0.31,1.46,-2.21,4.28,-0.78,-37.37,9.43
-1.13,0.27,1.53,-2.5,4.21,-0.66,-35.96,8.19
-1.07,0.2,1.71,-2.74,4.01,-0.52,-31.99,5.79
-0.94,0.1,1.98,-2.89,3.73,-0.39,-25.36,2.63
-0.71,-0.02,2.25,-2.93,3.43,-0.25,-17.59,-0.53
-0.54,-0.07,2.35,-2.9,3.24,-0.16,-13.06,-1.75
-0.33,-0.13,2.37,-2.77,3.08,-0.11,-7.96,-3.04
-0.16,-0.16,2.3,-2.59,3.03,-0.12,-3.9,-3.84
0.0,-0.2,2.23,-2.35,3.0,-0.19,0.07,-5.1
0.11,-0.23,2.18,-2.1,3.02,-0.3,2.9,-5.94
0.17,-0.23,2.17,-1.85,3.03,-0.45,4.54,-6.12
0.19,-0.21,2.18,-1.63,3.06,-0.61,4.99,-5.44
0.17,-0.15,2.23,-1.48,3.07,-0.72,4.34,-3.72
0.18,-0.13,2.24,-1.41,3.11,-0.81,4.62,-3.34
0.03,-0.04,2.28,-1.4,3.04,-0.85,0.68,-1.08
-0.05,0.0,2.34,-1.43,2.97,-0.84,-1.13,0.02
-0.09,0.01,2.41,-1.5,2.9,-0.76,-2.06,0.24
-0.09,0.03,2.47,-1.55,2.79,-0.63,-2.01,0.61
-0.02,0.04,2.57,-1.63,2.69,-0.47,-0.45,0.96
0.03,0.07,2.57,-1.63,2.52,-0.28,0.65,1.66
0.08,0.07,2.55,-1.62,2.35,-0.08,1.89,1.52
0.16,0.05,2.51,-1.54,2.22,0.1,3.74,1.17
0.26,0.01,2.44,-1.4,2.11,0.27,6.05,0.13
0.38,-0.03,2.34,-1.19,2.03,0.38,9.23,-0.7
0.51,-0.08,2.22,-0.93,1.99,0.46,13.02,-1.89
0.62,-0.14,2.12,-0.74,2.02,0.47,16.4,-3.5
0.73,-0.2,2.01,-0.49,2.0,0.4,19.81,-5.39
0.8,-0.24,1.95,-0.28,2.05,0.3,22.19,-6.62
0.84,-0.27,1.91,-0.11,2.08,0.17,23.58,-7.35
0.83,-0.27,1.86,0.01,2.11,0.03,23.91,-7.56
0.74,-0.24,1.78,0.1,2.09,-0.07,22.49,-7.23
0.65,-0.22,1.72,0.15,2.05,-0.15,20.53,-6.94
0.55,-0.2,1.68,0.17,1.94,-0.21,17.96,-6.49
0.45,-0.17,1.65,0.15,1.82,-0.23,15.18,-5.65
0.36,-0.15,1.65,0.07,1.72,-0.23,12.21,-4.96
0.3,-0.13,1.64,-0.01,1.62,-0.19,10.21,-4.43
0.26,-0.12,1.62,-0.1,1.54,-0.12,9.03,-4.25
0.23,-0.11,1.61,-0.19,1.44,-0.04,8.26,-3.91
0.22,-0.11,1.62,-0.31,1.39,0.04,7.65,-3.85
0.21,-0.13,1.64,-0.43,1.35,0.14,7.27,-4.35
0.22,-0.16,1.68,-0.51,1.29,0.25,7.5,-5.52
0.23,-0.22,1.71,-0.58,1.28,0.36,7.58,-7.42
0.22,-0.28,1.72,-0.66,1.34,0.48,7.31,-9.25
0.21,-0.31,1.69,-0.74,1.38,0.62,7.0,-10.14
0.23,-0.3,1.63,-0.83,1.43,0.77,7.86,-10.34
0.28,-0.31,1.53,-0.93,1.45,0.89,10.2,-11.46
0.38,-0.32,1.38,-1.03,1.4,0.96,15.09,-12.73
0.49,-0.33,1.24,-1.17,1.27,0.97,20.85,-13.81
0.57,-0.32,1.16,-1.25,1.09,0.91,25.54,-14.05
0.62,-0.32,1.14,-1.3,0.87,0.86,27.65,-14.05
0.64,-0.32,1.14,-1.34,0.69,0.77,28.13,-13.74
0.63,-0.31,1.17,-1.34,0.5,0.71,27.31,-13.07
0.61,-0.29,1.2,-1.32,0.35,0.66,26.22,-12.33
0.59,-0.28,1.21,-1.31,0.22,0.64,25.33,-11.62
0.56,-0.27,1.2,-1.29,0.15,0.61,24.51,-11.36
0.55,-0.26,1.16,-1.28,0.08,0.6,24.84,-11.27
0.55,-0.24,1.13,-1.25,-0.01,0.57,25.44,-10.71
0.56,-0.22,1.1,-1.22,-0.14,0.54,26.42,-10.03
0.55,-0.21,1.05,-1.17,-0.26,0.49,27.03,-9.93
0.53,-0.19,1.0,-1.16,-0.39,0.42,27.35,-9.47
0.51,-0.17,0.96,-1.12,-0.51,0.35,27.45,-8.87
0.48,-0.14,0.94,-1.09,-0.63,0.27,26.5,-7.7
0.45,-0.13,0.94,-1.07,-0.7,0.19,25.41,-7.07
0.42,-0.11,0.93,-1.05,-0.76,0.12,23.96,-6.1
0.39,-0.1,0.95,-1.0,-0.83,0.05,22.01,-5.47
0.36,-0.07,0.97,-0.97,-0.86,-0.01,20.12,-3.81
0.35,-0.04,1.0,-0.91,-0.87,-0.06,19.17,-2.24
0.34,-0.02,1.04,-0.84,-0.82,-0.12,18.12,-1.2
0.35,-0.01,1.06,-0.76,-0.78,-0.14,18.22,-0.71
0.35,0.01,1.1,-0.64,-0.71,-0.18,17.82,0.42
0.36,0.01,1.12,-0.5,-0.62,-0.21,17.8,0.38
0.36,0.01,1.13,-0.37,-0.51,-0.24,17.47,0.65
0.35,0.03,1.14,-0.23,-0.39,-0.27,17.09,1.56
0.33,0.04,1.13,-0.1,-0.26,-0.32,16.4,2.06
0.33,0.04,1.13,0.08,-0.11,-0.34,16.36,2.13
0.33,0.05,1.12,0.21,0.04,-0.39,16.24,2.28
0.31,0.06,1.12,0.34,0.17,-0.43,15.32,2.85
0.29,0.06,1.11,0.53,0.44,-0.64,14.61,3.14
0.27,0.07,1.12,0.57,0.36,-0.5,13.47,3.36
0.24,0.07,1.14,0.68,0.43,-0.52,11.77,3.68
0.2,0.09,1.16,0.77,0.43,-0.52,9.9,4.28
0.16,0.08,1.17,0.88,0.41,-0.52,7.82,4.11
0.13,0.08,1.17,0.98,0.36,-0.48,6.23,3.96
0.09,0.07,1.16,1.06,0.33,-0.45,4.23,3.66
0.05,0.06,1.11,1.13,0.28,-0.4,2.66,3.15
0.03,0.06,1.08,1.17,0.22,-0.38,1.34,3.02
-0.02,0.04,1.05,1.2,0.21,-0.37,-0.83,2.26
-0.05,0.04,1.01,1.22,0.22,-0.37,-2.9,2.14
-0.09,0.04,0.98,1.21,0.23,-0.37,-5.32,2.26
-0.12,0.04,0.96,1.2,0.25,-0.37,-6.91,2.42
-0.14,0.04,0.95,1.17,0.28,-0.37,-8.47,2.37
-0.16,0.03,0.95,1.14,0.33,-0.36,-9.78,2.07
-0.19,0.03,0.95,1.09,0.37,-0.35,-11.57,1.74
-0.21,0.02,0.94,1.03,0.37,-0.32,-12.75,1.14
-0.23,0.02,0.94,0.99,0.37,-0.32,-13.62,1.11
-0.23,0.02,0.95,0.93,0.37,-0.29,-13.59,0.97
-0.24,0.02,0.93,0.88,0.36,-0.27,-14.64,1.24
-0.26,0.03,0.92,0.79,0.34,-0.25,-15.65,1.68
-0.27,0.03,0.91,0.71,0.3,-0.23,-16.66,2.04
-0.27,0.04,0.92,0.63,0.27,-0.21,-16.09,2.14
-0.26,0.04,0.94,0.53,0.27,-0.2,-15.54,2.23
-0.25,0.03,0.95,0.45,0.24,-0.17,-14.67,1.7
-0.25,0.03,0.97,0.36,0.2,-0.14,-14.33,1.47
-0.24,0.03,1.01,0.31,0.18,-0.12,-13.3,1.6
-0.22,0.03,1.03,0.22,0.15,-0.08,-11.86,1.43
-0.21,0.02,1.05,0.18,0.1,-0.02,-11.12,1.05
-0.19,0.01,1.05,0.14,0.06,0.03,-10.36,0.65
-0.17,0.01,1.04,0.1,0.01,0.07,-9.5,0.32
-0.16,-0.0,1.02,0.04,-0.01,0.09,-8.67,-0.23
-0.15,-0.0,0.99,-0.01,-0.05,0.12,-8.34,-0.26
-0.12,-0.01,0.97,-0.03,-0.08,0.13,-7.19,-0.48
-0.11,-0.01,0.95,-0.07,-0.1,0.11,-6.43,-0.49
-0.09,-0.02,0.95,-0.12,-0.1,0.1,-5.66,-1.02
-0.08,-0.02,0.95,-0.15,-0.12,0.08,-4.87,-1.04
-0.07,-0.0,0.96,-0.18,-0.14,0.05,-4.38,-0.15
-0.08,-0.0,0.97,-0.21,-0.15,0.04,-4.56,-0.09
-0.07,0.0,0.99,-0.23,-0.16,0.02,-4.04,0.03
-0.08,0.02,1.02,-0.26,-0.16,0.01,-4.27,0.87
-0.07,0.02,1.03,-0.27,-0.19,0.03,-3.7,1.01
-0.07,0.02,1.05,-0.3,-0.22,0.04,-3.57,1.34
-0.05,0.03,1.06,-0.29,-0.22,0.03,-2.55,1.4
-0.05,0.02,1.06,-0.3,-0.22,0.05,-2.46,1.17
-0.04,0.02,1.07,-0.31,-0.23,0.05,-2.17,0.95
-0.02,0.02,1.07,-0.31,-0.25,0.07,-1.21,1.12
-0.01,0.02,1.08,-0.3,-0.21,0.06,-0.68,1.04
-0.01,0.02,1.06,-0.3,-0.21,0.07,-0.39,0.88
-0.0,0.03,1.05,-0.31,-0.2,0.05,-0.13,1.38
0.01,0.03,1.08,-0.3,-0.23,0.05,0.67,1.5
0.02,0.03,1.09,-0.3,-0.21,0.05,1.28,1.71
0.03,0.03,1.13,-0.3,-0.2,0.05,1.52,1.72
0.04,0.04,1.14,-0.26,-0.23,0.07,1.83,2.21
0.05,0.04,1.15,-0.22,-0.26,0.1,2.45,1.88
0.06,0.03,1.15,-0.19,-0.25,0.11,2.88,1.7
0.07,0.03,1.14,-0.16,-0.25,0.12,3.48,1.49
0.07,0.02,1.13,-0.12,-0.25,0.13,3.46,1.25
0.07,0.02,1.12,-0.09,-0.25,0.14,3.55,1.22
0.07,0.02,1.12,-0.06,-0.21,0.13,3.52,1.19
0.08,0.02,1.11,-0.03,-0.18,0.12,4.04,0.9
0.08,0.01,1.11,-0.01,-0.16,0.12,3.96,0.73
0.08,0.01,1.11,0.02,-0.14,0.11,4.01,0.3
0.08,0.0,1.11,0.06,-0.1,0.1,4.03,0.21
0.08,-0.01,1.11,0.1,-0.08,0.09,4.07,-0.34
0.07,-0.01,1.11,0.11,-0.06,0.09,3.81,-0.42
0.07,-0.01,1.09,0.14,-0.05,0.08,3.65,-0.56
0.06,-0.02,1.09,0.18,-0.04,0.09,3.37,-0.91
0.06,-0.02,1.08,0.19,-0.02,0.09,3.43,-1.16
0.06,-0.02,1.07,0.21,-0.03,0.09,3.12,-1.21
0.06,-0.02,1.06,0.3,0.14,-0.07,3.04,-1.34
0.05,-0.03,1.05,0.24,-0.03,0.08,2.84,-1.47
0.05,-0.03,1.04,0.24,-0.03,0.07,2.83,-1.84
0.06,-0.04,1.03,0.25,-0.04,0.08,3.16,-2.01
0.05,-0.03,1.03,0.28,-0.06,0.07,2.85,-1.82
0.05,-0.04,1.02,0.29,-0.08,0.08,2.65,-2.25
0.04,-0.04,1.03,0.29,-0.09,0.06,1.96,-2.22
0.03,-0.04,1.02,0.3,-0.13,0.07,1.67,-2.3
0.03,-0.04,1.02,0.29,-0.15,0.08,1.45,-2.48
0.02,-0.04,1.01,0.29,-0.17,0.08,1.39,-2.5
0.02,-0.05,1.0,0.28,-0.21,0.08,1.11,-2.6
0.03,-0.05,1.0,0.26,-0.21,0.09,1.53,-2.84
0.04,-0.05,1.0,0.25,-0.23,0.09,2.06,-2.93
0.05,-0.06,1.0,0.27,-0.22,0.07,2.68,-3.43
0.05,-0.06,0.99,0.27,-0.2,0.06,2.84,-3.31
0.07,-0.06,0.99,0.26,-0.16,0.04,3.75,-3.33
0.08,-0.06,1.0,0.28,-0.15,0.03,4.56,-3.37
0.09,-0.06,0.99,0.32,-0.12,0.01,5.25,-3.63
0.11,-0.07,0.99,0.34,-0.07,-0.01,6.21,-3.83
0.12,-0.07,0.99,0.38,-0.04,-0.03,6.86,-4.07
0.13,-0.07,0.98,0.41,-0.0,-0.05,7.64,-3.96
0.13,-0.07,0.98,0.44,0.02,-0.08,7.53,-3.9
0.12,-0.07,0.97,0.49,0.05,-0.11,7.17,-3.86
0.11,-0.07,0.97,0.49,0.09,-0.14,6.64,-3.81
0.1,-0.06,0.97,0.52,0.08,-0.15,5.76,-3.57
0.09,-0.05,0.97,0.53,0.06,-0.15,5.42,-3.12
0.08,-0.05,0.96,0.55,0.04,-0.16,4.9,-3.06
0.08,-0.05,0.94,0.54,0.03,-0.17,4.58,-3.24
0.08,-0.05,0.92,0.54,-0.0,-0.18,4.88,-3.19
0.07,-0.04,0.92,0.52,-0.02,-0.21,4.43,-2.68
0.08,-0.04,0.91,0.52,-0.06,-0.23,5.01,-2.35
0.08,-0.04,0.89,0.5,-0.06,-0.26,5.07,-2.67
0.07,-0.04,0.88,0.5,-0.07,-0.28,4.77,-2.51
0.07,-0.03,0.89,0.5,-0.08,-0.32,4.46,-2.24
0.05,-0.02,0.9,0.5,-0.08,-0.35,3.33,-1.55
0.04,-0.01,0.92,0.49,-0.07,-0.38,2.76,-0.39
0.04,-0.0,0.93,0.49,-0.07,-0.39,2.77,-0.3
0.03,0.01,0.95,0.47,-0.07,-0.41,1.87,0.6
0.03,0.01,0.96,0.47,-0.06,-0.41,1.64,0.66
0.03,0.03,0.97,0.45,-0.07,-0.41,1.71,1.66
0.04,0.03,0.99,0.46,-0.06,-0.42,2.32,1.92
0.03,0.04,1.01,0.44,-0.08,-0.41,1.94,2.2
0.04,0.05,1.02,0.45,-0.11,-0.41,2.34,2.65
0.04,0.05,1.03,0.47,-0.12,-0.41,2.32,3.02
0.04,0.05,1.03,0.47,-0.12,-0.41,2.14,2.9
0.03,0.06,1.04,0.47,-0.13,-0.41,1.81,3.18
0.04,0.06,1.05,0.62,0.05,-0.62,2.2,3.19
0.03,0.06,1.06,0.51,-0.14,-0.4,1.56,3.3
0.02,0.06,1.06,0.53,-0.12,-0.4,1.01,3.48
0.01,0.06,1.06,0.55,-0.11,-0.41,0.77,3.46
0.0,0.07,1.05,0.58,-0.1,-0.4,0.03,3.92
-0.02,0.08,1.05,0.59,-0.1,-0.4,-1.1,4.1
-0.03,0.08,1.05,0.6,-0.07,-0.39,-1.48,4.33
-0.05,0.09,1.06,0.6,-0.05,-0.38,-2.45,4.71
-0.06,0.09,1.06,0.6,-0.04,-0.36,-3.22,4.78
-0.07,0.09,1.06,0.59,-0.02,-0.35,-4.0,5.12
-0.07,0.1,1.05,0.58,0.02,-0.33,-3.7,5.18
-0.08,0.09,1.05,0.57,0.04,-0.31,-4.17,4.88
-0.08,0.09,1.04,0.58,0.05,-0.28,-4.18,4.92
-0.07,0.08,1.03,0.56,0.08,-0.26,-3.73,4.53
-0.08,0.08,1.01,0.54,0.1,-0.26,-4.32,4.76
-0.07,0.08,1.0,0.52,0.12,-0.24,-4.23,4.52
-0.07,0.08,0.99,0.53,0.11,-0.22,-4.02,4.4
-0.07,0.08,0.98,0.52,0.1,-0.23,-3.97,4.58
-0.06,0.07,0.97,0.49,0.11,-0.24,-3.49,4.11
-0.06,0.07,0.96,0.48,0.11,-0.23,-3.4,3.95
-0.06,0.06,0.96,0.47,0.1,-0.23,-3.37,3.72
-0.07,0.06,0.96,0.45,0.09,-0.23,-3.88,3.69
-0.07,0.06,0.95,0.44,0.09,-0.24,-4.08,3.53
-0.07,0.06,0.95,0.42,0.07,-0.24,-4.37,3.86
-0.09,0.06,0.95,0.39,0.06,-0.23,-5.09,3.87
-0.1,0.07,0.96,0.35,0.05,-0.25,-5.67,4.24
-0.1,0.08,0.97,0.32,0.02,-0.22,-5.75,4.76
-0.1,0.08,0.98,0.3,0.01,-0.22,-5.8,4.8
-0.1,0.08,1.0,0.27,-0.0,-0.19,-5.71,4.62
-0.09,0.08,1.01,0.25,-0.02,-0.17,-5.3,4.42
-0.09,0.08,1.0,0.23,-0.05,-0.14,-5.36,4.56
-0.1,0.07,1.01,0.22,-0.04,-0.13,-5.37,3.67
-0.08,0.07,1.0,0.2,-0.05,-0.11,-4.71,3.85
-0.07,0.06,1.01,0.17,-0.03,-0.1,-4.23,3.31
-0.06,0.06,1.01,0.17,-0.02,-0.1,-3.43,3.41
-0.05,0.06,1.01,0.14,0.02,-0.1,-2.97,3.21
-0.04,0.05,1.02,0.14,0.03,-0.09,-2.41,2.84
-0.03,0.03,1.02,0.15,0.05,-0.08,-1.56,1.9
-0.02,0.03,1.0,0.15,0.05,-0.06,-1.15,1.87
-0.02,0.03,1.01,0.15,0.08,-0.08,-1.2,1.6
-0.03,0.03,1.0,0.12,0.08,-0.08,-1.63,1.69
-0.03,0.03,1.0,0.13,0.06,-0.08,-1.75,1.86
-0.02,0.02,1.0,0.11,0.06,-0.08,-1.4,0.9
-0.03,0.02,1.01,0.09,0.04,-0.07,-1.45,1.3
-0.01,0.01,1.01,0.08,0.05,-0.07,-0.73,0.61
-0.0,0.01,1.02,0.06,0.03,-0.06,-0.28,0.5
0.0,0.0,1.03,0.06,0.01,-0.06,0.27,0.25
0.01,-0.0,1.05,0.07,0.02,-0.07,0.53,-0.1
0.02,-0.01,1.07,0.04,0.01,-0.07,0.91,-0.47
0.02,-0.01,1.09,0.06,0.0,-0.07,1.31,-0.57
